id,route_id,source,carrier,flight_number,flight_date,booking_window,base_fare,taxes,total_fare,scraped_at,is_outlier,outlier_reason,departure_time,is_nonstop
fare_BOM-DEL_IX_2026-09-17_T+15_1788317218629_7zmu,BOM-DEL,EaseMyTrip,IX,IX-1787,2026-09-17,T+15,5595,1228,6823,2026-09-02T02:25:40.854Z,FALSE,"",13:10,FALSE
fare_BOM-DEL_SG_2026-09-17_T+15_1788317218629_godf,BOM-DEL,EaseMyTrip,SG,SG-346,2026-09-17,T+15,5042,1107,6149,2026-09-02T02:25:40.854Z,FALSE,"",01:50,TRUE
fare_BOM-DEL_SG_2026-09-17_T+15_1788317218629_6jog,BOM-DEL,EaseMyTrip,SG,SG-641,2026-09-17,T+15,5042,1107,6149,2026-09-02T02:25:40.854Z,FALSE,"",01:50,TRUE
fare_BOM-DEL_SG_2026-09-17_T+15_1788317218629_jgvs,BOM-DEL,EaseMyTrip,SG,SG-9401,2026-09-17,T+15,5042,1107,6149,2026-09-02T02:25:40.854Z,FALSE,"",09:50,TRUE
fare_BOM-DEL_IX_2026-09-17_T+15_1788317218629_xhgv,BOM-DEL,EaseMyTrip,IX,IX-1050,2026-09-17,T+15,5380,1181,6561,2026-09-02T02:25:40.854Z,FALSE,"",08:55,TRUE
fare_BOM-DEL_IX_2026-09-17_T+15_1788317218629_h189,BOM-DEL,EaseMyTrip,IX,IX-2153,2026-09-17,T+15,5380,1181,6561,2026-09-02T02:25:40.854Z,FALSE,"",20:25,TRUE
fare_BOM-DEL_IX_2026-09-17_T+15_1788317218629_hy04,BOM-DEL,EaseMyTrip,IX,IX-1364,2026-09-17,T+15,5380,1181,6561,2026-09-02T02:25:40.854Z,FALSE,"",21:55,TRUE
fare_BOM-DEL_IX_2026-09-17_T+15_1788317218629_rfec,BOM-DEL,EaseMyTrip,IX,IX-1163,2026-09-17,T+15,5930,1302,7232,2026-09-02T02:25:40.854Z,FALSE,"",20:45,FALSE
fare_BOM-DEL_IX_2026-09-17_T+15_1788317218629_kapf,BOM-DEL,EaseMyTrip,IX,IX-1026,2026-09-17,T+15,5930,1302,7232,2026-09-02T02:25:40.854Z,FALSE,"",05:45,FALSE
fare_BOM-DEL_SG_2026-09-17_T+15_1788317218629_wtgo,BOM-DEL,EaseMyTrip,SG,SG-818,2026-09-17,T+15,5383,1182,6565,2026-09-02T02:25:40.854Z,FALSE,"",23:25,TRUE
fare_BOM-DEL_SG_2026-09-17_T+15_1788317218629_46d7,BOM-DEL,EaseMyTrip,SG,SG-297,2026-09-17,T+15,5383,1182,6565,2026-09-02T02:25:40.854Z,FALSE,"",23:25,TRUE
fare_BOM-DEL_IX_2026-09-17_T+15_1788317218629_rjgd,BOM-DEL,EaseMyTrip,IX,IX-1671,2026-09-17,T+15,5626,1235,6861,2026-09-02T02:25:40.854Z,FALSE,"",16:45,TRUE
fare_BOM-DEL_6E_2026-09-17_T+15_1788317218629_wr2c,BOM-DEL,EaseMyTrip,6E,6E-834,2026-09-17,T+15,5380,1181,6561,2026-09-02T02:25:40.854Z,FALSE,"",17:20,TRUE
fare_BOM-DEL_6E_2026-09-17_T+15_1788317218629_wjvr,BOM-DEL,EaseMyTrip,6E,6E-526,2026-09-17,T+15,5380,1181,6561,2026-09-02T02:25:40.854Z,FALSE,"",17:20,TRUE
fare_BOM-DEL_6E_2026-09-17_T+15_1788317218629_naur,BOM-DEL,EaseMyTrip,6E,6E-2090,2026-09-17,T+15,5380,1181,6561,2026-09-02T02:25:40.854Z,FALSE,"",06:25,TRUE
fare_BOM-DEL_QP_2026-09-17_T+15_1788317218629_ltne,BOM-DEL,EaseMyTrip,QP,QP-1111,2026-09-17,T+15,5381,1181,6562,2026-09-02T02:25:40.854Z,FALSE,"",05:25,TRUE
fare_BOM-DEL_QP_2026-09-17_T+15_1788317218629_d7g9,BOM-DEL,EaseMyTrip,QP,QP-1109,2026-09-17,T+15,5381,1181,6562,2026-09-02T02:25:40.854Z,FALSE,"",07:00,TRUE
fare_BOM-DEL_QP_2026-09-17_T+15_1788317218629_wd6p,BOM-DEL,EaseMyTrip,QP,QP-1127,2026-09-17,T+15,5381,1181,6562,2026-09-02T02:25:40.854Z,FALSE,"",13:00,TRUE
fare_BOM-DEL_QP_2026-09-17_T+15_1788317218629_7vv1,BOM-DEL,EaseMyTrip,QP,QP-1819,2026-09-17,T+15,5381,1181,6562,2026-09-02T02:25:40.854Z,FALSE,"",14:30,TRUE
fare_BOM-DEL_QP_2026-09-17_T+15_1788317218629_wjr4,BOM-DEL,EaseMyTrip,QP,QP-1834,2026-09-17,T+15,5381,1181,6562,2026-09-02T02:25:40.854Z,FALSE,"",10:20,TRUE
fare_BOM-DEL_QP_2026-09-17_T+15_1788317218629_ckzr,BOM-DEL,EaseMyTrip,QP,QP-1825,2026-09-17,T+15,5381,1181,6562,2026-09-02T02:25:40.854Z,FALSE,"",16:50,TRUE
fare_BOM-DEL_QP_2026-09-17_T+15_1788317218629_x341,BOM-DEL,EaseMyTrip,QP,QP-1835,2026-09-17,T+15,5381,1181,6562,2026-09-02T02:25:40.854Z,FALSE,"",11:50,TRUE
fare_BOM-DEL_QP_2026-09-17_T+15_1788317218629_2dok,BOM-DEL,EaseMyTrip,QP,QP-1120,2026-09-17,T+15,5381,1181,6562,2026-09-02T02:25:40.854Z,FALSE,"",18:45,TRUE
fare_BOM-DEL_6E_2026-09-17_T+15_1788317218629_emr4,BOM-DEL,EaseMyTrip,6E,6E-109,2026-09-17,T+15,5381,1181,6562,2026-09-02T02:25:40.854Z,FALSE,"",05:00,TRUE
fare_BOM-DEL_6E_2026-09-17_T+15_1788317218629_0by2,BOM-DEL,EaseMyTrip,6E,6E-416,2026-09-17,T+15,5381,1181,6562,2026-09-02T02:25:40.854Z,FALSE,"",05:00,TRUE
fare_BOM-DEL_6E_2026-09-17_T+15_1788317218629_6km4,BOM-DEL,EaseMyTrip,6E,6E-362,2026-09-17,T+15,5381,1181,6562,2026-09-02T02:25:40.854Z,FALSE,"",17:20,TRUE
fare_BOM-DEL_6E_2026-09-17_T+15_1788317218629_9jv2,BOM-DEL,EaseMyTrip,6E,6E-903,2026-09-17,T+15,5381,1181,6562,2026-09-02T02:25:40.854Z,FALSE,"",17:20,TRUE
fare_BOM-DEL_6E_2026-09-17_T+15_1788317218629_700j,BOM-DEL,EaseMyTrip,6E,6E-6082,2026-09-17,T+15,5381,1181,6562,2026-09-02T02:25:40.854Z,FALSE,"",16:45,TRUE
fare_BOM-DEL_6E_2026-09-17_T+15_1788317218629_f71e,BOM-DEL,EaseMyTrip,6E,6E-870,2026-09-17,T+15,5381,1181,6562,2026-09-02T02:25:40.854Z,FALSE,"",16:00,TRUE
fare_BOM-DEL_6E_2026-09-17_T+15_1788317218629_mpp0,BOM-DEL,EaseMyTrip,6E,6E-290,2026-09-17,T+15,5381,1181,6562,2026-09-02T02:25:40.854Z,FALSE,"",16:00,TRUE
fare_BOM-DEL_6E_2026-09-17_T+15_1788317218629_cbyk,BOM-DEL,EaseMyTrip,6E,6E-663,2026-09-17,T+15,5381,1181,6562,2026-09-02T02:25:40.854Z,FALSE,"",15:00,TRUE
fare_BOM-DEL_6E_2026-09-17_T+15_1788317218629_vj6l,BOM-DEL,EaseMyTrip,6E,6E-455,2026-09-17,T+15,5381,1181,6562,2026-09-02T02:25:40.854Z,FALSE,"",15:00,TRUE
fare_BOM-DEL_6E_2026-09-17_T+15_1788317218629_mwc4,BOM-DEL,EaseMyTrip,6E,6E-790,2026-09-17,T+15,5381,1181,6562,2026-09-02T02:25:40.854Z,FALSE,"",13:00,TRUE
fare_BOM-DEL_6E_2026-09-17_T+15_1788317218629_gp1l,BOM-DEL,EaseMyTrip,6E,6E-839,2026-09-17,T+15,5381,1181,6562,2026-09-02T02:25:40.854Z,FALSE,"",13:00,TRUE
fare_BOM-DEL_6E_2026-09-17_T+15_1788317218629_vepq,BOM-DEL,EaseMyTrip,6E,6E-6704,2026-09-17,T+15,5381,1181,6562,2026-09-02T02:25:40.854Z,FALSE,"",14:00,TRUE
fare_BOM-DEL_6E_2026-09-17_T+15_1788317218629_njg2,BOM-DEL,EaseMyTrip,6E,6E-6052,2026-09-17,T+15,5381,1181,6562,2026-09-02T02:25:40.854Z,FALSE,"",10:00,TRUE
fare_BOM-DEL_6E_2026-09-17_T+15_1788317218629_16dq,BOM-DEL,EaseMyTrip,6E,6E-817,2026-09-17,T+15,5381,1181,6562,2026-09-02T02:25:40.854Z,FALSE,"",10:35,TRUE
fare_BOM-DEL_6E_2026-09-17_T+15_1788317218629_lnkd,BOM-DEL,EaseMyTrip,6E,6E-259,2026-09-17,T+15,5381,1181,6562,2026-09-02T02:25:40.854Z,FALSE,"",10:35,TRUE
fare_BOM-DEL_6E_2026-09-17_T+15_1788317218629_z5w1,BOM-DEL,EaseMyTrip,6E,6E-6827,2026-09-17,T+15,5381,1181,6562,2026-09-02T02:25:40.854Z,FALSE,"",11:30,TRUE
fare_BOM-DEL_6E_2026-09-17_T+15_1788317218629_mw14,BOM-DEL,EaseMyTrip,6E,6E-6028,2026-09-17,T+15,5381,1181,6562,2026-09-02T02:25:40.854Z,FALSE,"",12:15,TRUE
fare_BOM-DEL_6E_2026-09-17_T+15_1788317218629_43qa,BOM-DEL,EaseMyTrip,6E,6E-700,2026-09-17,T+15,5381,1181,6562,2026-09-02T02:25:40.854Z,FALSE,"",09:00,TRUE
fare_BOM-DEL_QP_2026-09-17_T+15_1788317218629_bn46,BOM-DEL,EaseMyTrip,QP,QP-1939,2026-09-17,T+15,5423,1191,6614,2026-09-02T02:25:40.854Z,FALSE,"",10:10,TRUE
fare_BOM-DEL_6E_2026-09-17_T+15_1788317218629_vze0,BOM-DEL,EaseMyTrip,6E,6E-2237,2026-09-17,T+15,5457,1198,6655,2026-09-02T02:25:40.854Z,FALSE,"",18:40,FALSE
fare_BOM-DEL_6E_2026-09-17_T+15_1788317218629_ax1s,BOM-DEL,EaseMyTrip,6E,6E-5059,2026-09-17,T+15,5457,1198,6655,2026-09-02T02:25:40.854Z,FALSE,"",05:45,FALSE
fare_BOM-DEL_6E_2026-09-17_T+15_1788317218629_1x7m,BOM-DEL,EaseMyTrip,6E,6E-358,2026-09-17,T+15,5457,1198,6655,2026-09-02T02:25:40.854Z,FALSE,"",14:40,FALSE
fare_BOM-DEL_6E_2026-09-17_T+15_1788317218629_1doi,BOM-DEL,EaseMyTrip,6E,6E-351,2026-09-17,T+15,5457,1198,6655,2026-09-02T02:25:40.854Z,FALSE,"",14:40,FALSE
fare_BOM-DEL_6E_2026-09-17_T+15_1788317218629_fk6m,BOM-DEL,EaseMyTrip,6E,6E-859,2026-09-17,T+15,5457,1198,6655,2026-09-02T02:25:40.854Z,FALSE,"",01:30,FALSE
fare_BOM-DEL_6E_2026-09-17_T+15_1788317218629_tbnj,BOM-DEL,EaseMyTrip,6E,6E-649,2026-09-17,T+15,5457,1198,6655,2026-09-02T02:25:40.854Z,FALSE,"",01:30,FALSE
fare_BOM-DEL_6E_2026-09-17_T+15_1788317218629_sdxj,BOM-DEL,EaseMyTrip,6E,6E-5144,2026-09-17,T+15,5457,1198,6655,2026-09-02T02:25:40.854Z,FALSE,"",06:10,FALSE
fare_BOM-DEL_6E_2026-09-17_T+15_1788317218629_05wx,BOM-DEL,EaseMyTrip,6E,6E-2347,2026-09-17,T+15,5457,1198,6655,2026-09-02T02:25:40.854Z,FALSE,"",08:50,FALSE
fare_BOM-DEL_6E_2026-09-17_T+15_1788317218629_tjtg,BOM-DEL,EaseMyTrip,6E,6E-5107,2026-09-17,T+15,5457,1198,6655,2026-09-02T02:25:40.854Z,FALSE,"",20:00,FALSE
fare_BOM-DEL_6E_2026-09-17_T+15_1788317218629_wk1h,BOM-DEL,EaseMyTrip,6E,6E-134,2026-09-17,T+15,5510,1210,6720,2026-09-02T02:25:40.854Z,FALSE,"",23:45,TRUE
fare_BOM-DEL_6E_2026-09-17_T+15_1788317218629_1ugf,BOM-DEL,EaseMyTrip,6E,6E-999,2026-09-17,T+15,5510,1210,6720,2026-09-02T02:25:40.854Z,FALSE,"",23:45,TRUE
fare_BOM-DEL_6E_2026-09-17_T+15_1788317218629_qiro,BOM-DEL,EaseMyTrip,6E,6E-666,2026-09-17,T+15,5510,1210,6720,2026-09-02T02:25:40.854Z,FALSE,"",22:15,TRUE
fare_BOM-DEL_6E_2026-09-17_T+15_1788317218629_f5di,BOM-DEL,EaseMyTrip,6E,6E-589,2026-09-17,T+15,5510,1210,6720,2026-09-02T02:25:40.854Z,FALSE,"",22:15,TRUE
fare_BOM-DEL_6E_2026-09-17_T+15_1788317218629_28sm,BOM-DEL,EaseMyTrip,6E,6E-484,2026-09-17,T+15,5510,1210,6720,2026-09-02T02:25:40.854Z,FALSE,"",21:15,TRUE
fare_BOM-DEL_6E_2026-09-17_T+15_1788317218629_pxf3,BOM-DEL,EaseMyTrip,6E,6E-904,2026-09-17,T+15,5510,1210,6720,2026-09-02T02:25:40.854Z,FALSE,"",21:15,TRUE
fare_BOM-DEL_6E_2026-09-17_T+15_1788317218629_kw9m,BOM-DEL,EaseMyTrip,6E,6E-278,2026-09-17,T+15,5510,1210,6720,2026-09-02T02:25:40.854Z,FALSE,"",06:00,TRUE
fare_BOM-DEL_6E_2026-09-17_T+15_1788317218629_lcip,BOM-DEL,EaseMyTrip,6E,6E-460,2026-09-17,T+15,5510,1210,6720,2026-09-02T02:25:40.854Z,FALSE,"",06:00,TRUE
fare_BOM-DEL_6E_2026-09-17_T+15_1788317218629_jds4,BOM-DEL,EaseMyTrip,6E,6E-5197,2026-09-17,T+15,5553,1219,6772,2026-09-02T02:25:40.854Z,FALSE,"",06:40,TRUE
fare_BOM-DEL_6E_2026-09-17_T+15_1788317218629_opft,BOM-DEL,EaseMyTrip,6E,6E-6027,2026-09-17,T+15,5565,1221,6786,2026-09-02T02:25:40.854Z,FALSE,"",17:35,FALSE
fare_BOM-DEL_6E_2026-09-17_T+15_1788317218629_93m5,BOM-DEL,EaseMyTrip,6E,6E-6599,2026-09-17,T+15,5565,1221,6786,2026-09-02T02:25:40.854Z,FALSE,"",16:50,FALSE
fare_BOM-DEL_6E_2026-09-17_T+15_1788317218629_jpt0,BOM-DEL,EaseMyTrip,6E,6E-5164,2026-09-17,T+15,5565,1221,6786,2026-09-02T02:25:40.854Z,FALSE,"",20:35,FALSE
fare_BOM-DEL_6E_2026-09-17_T+15_1788317218629_bj09,BOM-DEL,EaseMyTrip,6E,6E-5147,2026-09-17,T+15,5565,1221,6786,2026-09-02T02:25:40.854Z,FALSE,"",18:35,FALSE
fare_BOM-DEL_6E_2026-09-17_T+15_1788317218629_t9q0,BOM-DEL,EaseMyTrip,6E,6E-6058,2026-09-17,T+15,5565,1221,6786,2026-09-02T02:25:40.854Z,FALSE,"",08:05,FALSE
fare_BOM-DEL_6E_2026-09-17_T+15_1788317218629_84en,BOM-DEL,EaseMyTrip,6E,6E-5181,2026-09-17,T+15,5565,1221,6786,2026-09-02T02:25:40.854Z,FALSE,"",10:25,FALSE
fare_BOM-DEL_6E_2026-09-17_T+15_1788317218629_rv0h,BOM-DEL,EaseMyTrip,6E,6E-5154,2026-09-17,T+15,5565,1221,6786,2026-09-02T02:25:40.854Z,FALSE,"",15:45,FALSE
fare_BOM-DEL_6E_2026-09-17_T+15_1788317218629_uzps,BOM-DEL,EaseMyTrip,6E,6E-5131,2026-09-17,T+15,5565,1221,6786,2026-09-02T02:25:40.854Z,FALSE,"",15:50,FALSE
fare_BOM-DEL_6E_2026-09-17_T+15_1788317218629_1i87,BOM-DEL,EaseMyTrip,6E,6E-6802,2026-09-17,T+15,5565,1221,6786,2026-09-02T02:25:40.854Z,FALSE,"",16:55,FALSE
fare_BOM-DEL_6E_2026-09-17_T+15_1788317218629_l2s5,BOM-DEL,EaseMyTrip,6E,6E-5273,2026-09-17,T+15,5565,1221,6786,2026-09-02T02:25:40.854Z,FALSE,"",18:35,FALSE
fare_BOM-DEL_6E_2026-09-17_T+15_1788317218629_tm1s,BOM-DEL,EaseMyTrip,6E,6E-6122,2026-09-17,T+15,5565,1221,6786,2026-09-02T02:25:40.854Z,FALSE,"",12:25,FALSE
fare_BOM-DEL_6E_2026-09-17_T+15_1788317218629_i7dr,BOM-DEL,EaseMyTrip,6E,6E-5345,2026-09-17,T+15,5565,1221,6786,2026-09-02T02:25:40.854Z,FALSE,"",14:25,FALSE
fare_BOM-DEL_AI_2026-09-17_T+15_1788317218629_4iun,BOM-DEL,EaseMyTrip,AI,AI-2677,2026-09-17,T+15,5766,1266,7032,2026-09-02T02:25:40.854Z,FALSE,"",13:00,TRUE
fare_BOM-DEL_AI_2026-09-17_T+15_1788317218629_rupx,BOM-DEL,EaseMyTrip,AI,AI-2422,2026-09-17,T+15,5766,1266,7032,2026-09-02T02:25:40.854Z,FALSE,"",01:00,TRUE
fare_BOM-DEL_AI_2026-09-17_T+15_1788317218629_1loy,BOM-DEL,EaseMyTrip,AI,AI-2432,2026-09-17,T+15,5766,1266,7032,2026-09-02T02:25:40.854Z,FALSE,"",09:30,TRUE
fare_BOM-DEL_AI_2026-09-17_T+15_1788317218629_u4f2,BOM-DEL,EaseMyTrip,AI,AI-2952,2026-09-17,T+15,5766,1266,7032,2026-09-02T02:25:40.854Z,FALSE,"",11:25,TRUE
fare_BOM-DEL_AI_2026-09-17_T+15_1788317218629_pery,BOM-DEL,EaseMyTrip,AI,AI-2419,2026-09-17,T+15,5766,1266,7032,2026-09-02T02:25:40.854Z,FALSE,"",12:00,TRUE
fare_BOM-DEL_AI_2026-09-17_T+15_1788317218629_i51k,BOM-DEL,EaseMyTrip,AI,AI-2960,2026-09-17,T+15,5766,1266,7032,2026-09-02T02:25:40.854Z,FALSE,"",14:05,TRUE
fare_BOM-DEL_AI_2026-09-17_T+15_1788317218629_uf51,BOM-DEL,EaseMyTrip,AI,AI-2944,2026-09-17,T+15,5766,1266,7032,2026-09-02T02:25:40.854Z,FALSE,"",14:35,TRUE
fare_BOM-DEL_AI_2026-09-17_T+15_1788317218629_1qv7,BOM-DEL,EaseMyTrip,AI,AI-1851,2026-09-17,T+15,5766,1266,7032,2026-09-02T02:25:40.854Z,FALSE,"",15:30,TRUE
fare_BOM-DEL_AI_2026-09-17_T+15_1788317218629_xi9f,BOM-DEL,EaseMyTrip,AI,AI-2687,2026-09-17,T+15,5766,1266,7032,2026-09-02T02:25:40.854Z,FALSE,"",16:35,TRUE
fare_BOM-DEL_6E_2026-09-17_T+15_1788317218629_crvp,BOM-DEL,EaseMyTrip,6E,6E-5028,2026-09-17,T+15,5629,1236,6865,2026-09-02T02:25:40.854Z,FALSE,"",19:35,FALSE
fare_BOM-DEL_6E_2026-09-17_T+15_1788317218629_0r9e,BOM-DEL,EaseMyTrip,6E,6E-554,2026-09-17,T+15,5629,1236,6865,2026-09-02T02:25:40.854Z,FALSE,"",04:30,FALSE
fare_BOM-DEL_6E_2026-09-17_T+15_1788317218629_j2v8,BOM-DEL,EaseMyTrip,6E,6E-468,2026-09-17,T+15,5629,1236,6865,2026-09-02T02:25:40.854Z,FALSE,"",04:30,FALSE
fare_BOM-DEL_6E_2026-09-17_T+15_1788317218629_gph7,BOM-DEL,EaseMyTrip,6E,6E-6049,2026-09-17,T+15,5683,1247,6930,2026-09-02T02:25:40.854Z,FALSE,"",19:45,TRUE
fare_BOM-DEL_6E_2026-09-17_T+15_1788317218629_oymo,BOM-DEL,EaseMyTrip,6E,6E-587,2026-09-17,T+15,5683,1247,6930,2026-09-02T02:25:40.854Z,FALSE,"",19:00,TRUE
fare_BOM-DEL_6E_2026-09-17_T+15_1788317218629_j811,BOM-DEL,EaseMyTrip,6E,6E-421,2026-09-17,T+15,5683,1247,6930,2026-09-02T02:25:40.854Z,FALSE,"",19:00,TRUE
fare_BOM-DEL_6E_2026-09-17_T+15_1788317218629_3693,BOM-DEL,EaseMyTrip,6E,6E-6613,2026-09-17,T+15,5683,1247,6930,2026-09-02T02:25:40.854Z,FALSE,"",18:15,TRUE
fare_BOM-DEL_6E_2026-09-17_T+15_1788317218629_d8ix,BOM-DEL,EaseMyTrip,6E,6E-702,2026-09-17,T+15,5683,1247,6930,2026-09-02T02:25:40.854Z,FALSE,"",20:20,TRUE
fare_BOM-DEL_6E_2026-09-17_T+15_1788317218629_6wyk,BOM-DEL,EaseMyTrip,6E,6E-482,2026-09-17,T+15,5683,1247,6930,2026-09-02T02:25:40.854Z,FALSE,"",20:20,TRUE
fare_BOM-DEL_6E_2026-09-17_T+15_1788317218629_2lxb,BOM-DEL,EaseMyTrip,6E,6E-382,2026-09-17,T+15,5683,1247,6930,2026-09-02T02:25:40.854Z,FALSE,"",07:00,TRUE
fare_BOM-DEL_6E_2026-09-17_T+15_1788317218629_ancz,BOM-DEL,EaseMyTrip,6E,6E-591,2026-09-17,T+15,5683,1247,6930,2026-09-02T02:25:40.854Z,FALSE,"",07:00,TRUE
fare_BOM-DEL_6E_2026-09-17_T+15_1788317218629_lowa,BOM-DEL,EaseMyTrip,6E,6E-965,2026-09-17,T+15,5683,1247,6930,2026-09-02T02:25:40.854Z,FALSE,"",08:00,TRUE
fare_BOM-DEL_6E_2026-09-17_T+15_1788317218629_pbch,BOM-DEL,EaseMyTrip,6E,6E-511,2026-09-17,T+15,5683,1247,6930,2026-09-02T02:25:40.854Z,FALSE,"",08:00,TRUE
fare_BOM-DEL_AI_2026-09-17_T+15_1788317218629_3r86,BOM-DEL,EaseMyTrip,AI,AI-2928,2026-09-17,T+15,5897,1294,7191,2026-09-02T02:25:40.854Z,FALSE,"",06:30,TRUE
fare_BOM-DEL_AI_2026-09-17_T+15_1788317218629_keyt,BOM-DEL,EaseMyTrip,AI,AI-816,2026-09-17,T+15,5897,1294,7191,2026-09-02T02:25:40.854Z,FALSE,"",21:00,TRUE
fare_BOM-DEL_AI_2026-09-17_T+15_1788317218629_g8cz,BOM-DEL,EaseMyTrip,AI,AI-1895,2026-09-17,T+15,5897,1294,7191,2026-09-02T02:25:40.854Z,FALSE,"",21:30,TRUE
fare_BOM-DEL_AI_2026-09-17_T+15_1788317218629_8fm3,BOM-DEL,EaseMyTrip,AI,AI-1882,2026-09-17,T+15,5897,1294,7191,2026-09-02T02:25:40.854Z,FALSE,"",23:55,TRUE
fare_BOM-DEL_6E_2026-09-17_T+15_1788317218629_uxjs,BOM-DEL,EaseMyTrip,6E,6E-159,2026-09-17,T+15,5737,1259,6996,2026-09-02T02:25:40.854Z,FALSE,"",17:45,FALSE
fare_BOM-DEL_6E_2026-09-17_T+15_1788317218629_kksu,BOM-DEL,EaseMyTrip,6E,6E-876,2026-09-17,T+15,5737,1259,6996,2026-09-02T02:25:40.854Z,FALSE,"",17:45,FALSE
fare_BOM-DEL_6E_2026-09-17_T+15_1788317218629_9181,BOM-DEL,EaseMyTrip,6E,6E-5056,2026-09-17,T+15,5737,1259,6996,2026-09-02T02:25:40.854Z,FALSE,"",21:10,FALSE
fare_BOM-DEL_6E_2026-09-17_T+15_1788317218629_865i,BOM-DEL,EaseMyTrip,6E,6E-6543,2026-09-17,T+15,5737,1259,6996,2026-09-02T02:25:40.854Z,FALSE,"",07:50,FALSE
fare_BOM-DEL_6E_2026-09-17_T+15_1788317218629_srqq,BOM-DEL,EaseMyTrip,6E,6E-5318,2026-09-17,T+15,5737,1259,6996,2026-09-02T02:25:40.854Z,FALSE,"",10:15,FALSE
fare_BOM-DEL_6E_2026-09-17_T+15_1788317218629_gpyl,BOM-DEL,EaseMyTrip,6E,6E-5178,2026-09-17,T+15,5737,1259,6996,2026-09-02T02:25:40.854Z,FALSE,"",11:45,FALSE
fare_BOM-DEL_6E_2026-09-17_T+15_1788317218629_9pbr,BOM-DEL,EaseMyTrip,6E,6E-6195,2026-09-17,T+15,5737,1259,6996,2026-09-02T02:25:40.854Z,FALSE,"",23:00,FALSE
fare_BOM-DEL_6E_2026-09-17_T+15_1788317218629_ka0k,BOM-DEL,EaseMyTrip,6E,6E-5228,2026-09-17,T+15,5737,1259,6996,2026-09-02T02:25:40.854Z,FALSE,"",16:45,FALSE
fare_BOM-DEL_6E_2026-09-17_T+15_1788317218629_fmjp,BOM-DEL,EaseMyTrip,6E,6E-5326,2026-09-17,T+15,5737,1259,6996,2026-09-02T02:25:40.854Z,FALSE,"",19:40,FALSE
fare_BOM-DEL_6E_2026-09-17_T+15_1788317218629_v8lb,BOM-DEL,EaseMyTrip,6E,6E-6361,2026-09-17,T+15,5802,1273,7075,2026-09-02T02:25:40.854Z,FALSE,"",05:00,FALSE
fare_BOM-DEL_AI_2026-09-17_T+15_1788317218629_1xqj,BOM-DEL,EaseMyTrip,AI,AI-2930,2026-09-17,T+15,6069,1332,7401,2026-09-02T02:25:40.854Z,FALSE,"",07:30,TRUE
fare_BOM-DEL_AI_2026-09-17_T+15_1788317218629_iqff,BOM-DEL,EaseMyTrip,AI,AI-2988,2026-09-17,T+15,6069,1332,7401,2026-09-02T02:25:40.854Z,FALSE,"",20:30,TRUE
fare_BOM-DEL_AI_2026-09-17_T+15_1788317218629_2t5h,BOM-DEL,EaseMyTrip,AI,AI-2986,2026-09-17,T+15,6069,1332,7401,2026-09-02T02:25:40.854Z,FALSE,"",22:35,TRUE
fare_BOM-DEL_6E_2026-09-17_T+15_1788317218629_6xbh,BOM-DEL,EaseMyTrip,6E,6E-7017,2026-09-17,T+15,6048,1327,7375,2026-09-02T02:25:40.854Z,FALSE,"",21:30,FALSE
fare_BOM-DEL_IX_2026-09-17_T+15_1788317218629_svir,BOM-DEL,EaseMyTrip,IX,IX-1237,2026-09-17,T+15,6857,1505,8362,2026-09-02T02:25:40.854Z,FALSE,"",05:55,FALSE
fare_BOM-DEL_AI_2026-09-17_T+15_1788317218629_0s8h,BOM-DEL,EaseMyTrip,AI,AI-2940,2026-09-17,T+15,6220,1365,7585,2026-09-02T02:25:40.854Z,FALSE,"",20:00,TRUE
fare_BOM-DEL_AI_2026-09-17_T+15_1788317218629_pppy,BOM-DEL,EaseMyTrip,AI,AI-2970,2026-09-17,T+15,6220,1365,7585,2026-09-02T02:25:40.854Z,FALSE,"",08:30,TRUE
fare_BOM-DEL_6E_2026-09-17_T+15_1788317218629_df8u,BOM-DEL,EaseMyTrip,6E,6E-5101,2026-09-17,T+15,6075,1334,7409,2026-09-02T02:25:40.854Z,FALSE,"",10:20,FALSE
fare_BOM-DEL_6E_2026-09-17_T+15_1788317218629_jh28,BOM-DEL,EaseMyTrip,6E,6E-5281,2026-09-17,T+15,6075,1334,7409,2026-09-02T02:25:40.854Z,FALSE,"",08:40,FALSE
fare_BOM-DEL_6E_2026-09-17_T+15_1788317218629_3y78,BOM-DEL,EaseMyTrip,6E,6E-5135,2026-09-17,T+15,6075,1334,7409,2026-09-02T02:25:40.854Z,FALSE,"",23:20,FALSE
fare_BOM-DEL_AI_2026-09-17_T+15_1788317218629_fkcj,BOM-DEL,EaseMyTrip,AI,AI-2440,2026-09-17,T+15,6270,1376,7646,2026-09-02T02:25:40.854Z,FALSE,"",18:00,TRUE
fare_BOM-DEL_AI_2026-09-17_T+15_1788317218629_5hgv,BOM-DEL,EaseMyTrip,AI,AI-2424,2026-09-17,T+15,6270,1376,7646,2026-09-02T02:25:40.854Z,FALSE,"",07:00,TRUE
fare_BOM-DEL_AI_2026-09-17_T+15_1788317218629_rm7l,BOM-DEL,EaseMyTrip,AI,AI-2428,2026-09-17,T+15,6270,1376,7646,2026-09-02T02:25:40.854Z,FALSE,"",08:00,TRUE
fare_BOM-DEL_AI_2026-09-17_T+15_1788317218629_ehod,BOM-DEL,EaseMyTrip,AI,AI-2430,2026-09-17,T+15,6283,1379,7662,2026-09-02T02:25:40.854Z,FALSE,"",10:00,TRUE
fare_BOM-DEL_6E_2026-09-17_T+15_1788317218629_t0tc,BOM-DEL,EaseMyTrip,6E,6E-740,2026-09-17,T+15,6232,1368,7600,2026-09-02T02:25:40.854Z,FALSE,"",11:20,FALSE
fare_BOM-DEL_6E_2026-09-17_T+15_1788317218629_zv78,BOM-DEL,EaseMyTrip,6E,6E-379,2026-09-17,T+15,6232,1368,7600,2026-09-02T02:25:40.854Z,FALSE,"",11:20,FALSE
fare_BOM-DEL_IX_2026-09-17_T+15_1788317218629_0okk,BOM-DEL,EaseMyTrip,IX,IX-1809,2026-09-17,T+15,7155,1571,8726,2026-09-02T02:25:40.854Z,FALSE,"",07:30,FALSE
fare_BOM-DEL_IX_2026-09-17_T+15_1788317218629_dk4m,BOM-DEL,EaseMyTrip,IX,IX-1023,2026-09-17,T+15,7318,1606,8924,2026-09-02T02:25:40.854Z,FALSE,"",11:25,FALSE
fare_BOM-DEL_6E_2026-09-17_T+15_1788317218629_s5zh,BOM-DEL,EaseMyTrip,6E,6E-239,2026-09-17,T+15,7051,1548,8599,2026-09-02T02:25:40.854Z,FALSE,"",19:20,FALSE
fare_BOM-DEL_6E_2026-09-17_T+15_1788317218629_q2mg,BOM-DEL,EaseMyTrip,6E,6E-517,2026-09-17,T+15,7051,1548,8599,2026-09-02T02:25:40.854Z,FALSE,"",19:20,FALSE
fare_BOM-DEL_6E_2026-09-17_T+15_1788317218629_ehwf,BOM-DEL,EaseMyTrip,6E,6E-2024,2026-09-17,T+15,7159,1572,8731,2026-09-02T02:25:40.854Z,FALSE,"",09:15,FALSE
fare_BOM-DEL_AI_2026-09-17_T+15_1788317218629_63be,BOM-DEL,EaseMyTrip,AI,AI-1891,2026-09-17,T+15,7648,1679,9327,2026-09-02T02:25:40.854Z,FALSE,"",08:10,TRUE
fare_BOM-DEL_AI_2026-09-17_T+15_1788317218629_ks26,BOM-DEL,EaseMyTrip,AI,AI-9716,2026-09-17,T+15,8007,1758,9765,2026-09-02T02:25:40.854Z,FALSE,"",06:05,FALSE
fare_BOM-DEL_AI_2026-09-17_T+15_1788317218629_b2ss,BOM-DEL,EaseMyTrip,AI,AI-9718,2026-09-17,T+15,8007,1758,9765,2026-09-02T02:25:40.854Z,FALSE,"",20:05,FALSE
fare_BOM-DEL_6E_2026-09-17_T+15_1788317218629_rnb1,BOM-DEL,EaseMyTrip,6E,6E-309,2026-09-17,T+15,7903,1735,9638,2026-09-02T02:25:40.854Z,FALSE,"",04:00,FALSE
fare_BOM-DEL_6E_2026-09-17_T+15_1788317218629_eh5d,BOM-DEL,EaseMyTrip,6E,6E-944,2026-09-17,T+15,7903,1735,9638,2026-09-02T02:25:40.854Z,FALSE,"",04:00,FALSE
fare_BOM-DEL_AI_2026-09-17_T+15_1788317218629_sl1p,BOM-DEL,EaseMyTrip,AI,AI-2408,2026-09-17,T+15,8544,1876,10420,2026-09-02T02:25:40.854Z,FALSE,"",19:30,TRUE
fare_BOM-DEL_AI_2026-09-17_T+15_1788317218629_z89j,BOM-DEL,EaseMyTrip,AI,AI-9891,2026-09-17,T+15,9009,1977,10986,2026-09-02T02:25:40.854Z,FALSE,"",13:10,FALSE
fare_BOM-DEL_AI_2026-09-17_T+15_1788317218629_64oj,BOM-DEL,EaseMyTrip,AI,AI-2491,2026-09-17,T+15,9304,2042,11346,2026-09-02T02:25:40.854Z,FALSE,"",11:15,FALSE
fare_BOM-DEL_AI_2026-09-17_T+15_1788317218629_5jxg,BOM-DEL,EaseMyTrip,AI,AI-9753,2026-09-17,T+15,9534,2093,11627,2026-09-02T02:25:40.854Z,TRUE,"High outlier: ₹11627 > upper fence ₹11368 (Q3: ₹8540, IQR: ₹1885)",05:45,FALSE
fare_BOM-DEL_IX_2026-09-17_T+15_1788317218629_okh9,BOM-DEL,EaseMyTrip,IX,IX-1347,2026-09-17,T+15,10139,2226,12365,2026-09-02T02:25:40.854Z,TRUE,"High outlier: ₹12365 > upper fence ₹11368 (Q3: ₹8540, IQR: ₹1885)",06:00,FALSE
fare_BOM-DEL_6E_2026-09-17_T+15_1788317218629_8wem,BOM-DEL,EaseMyTrip,6E,6E-5246,2026-09-17,T+15,9806,2153,11959,2026-09-02T02:25:40.854Z,TRUE,"High outlier: ₹11959 > upper fence ₹11368 (Q3: ₹8540, IQR: ₹1885)",07:15,FALSE
fare_BOM-DEL_6E_2026-09-17_T+15_1788317218629_ba7f,BOM-DEL,EaseMyTrip,6E,6E-5386,2026-09-17,T+15,9806,2153,11959,2026-09-02T02:25:40.854Z,TRUE,"High outlier: ₹11959 > upper fence ₹11368 (Q3: ₹8540, IQR: ₹1885)",15:10,FALSE
fare_BOM-DEL_QP_2026-09-17_T+15_1788317218629_zfv2,BOM-DEL,EaseMyTrip,QP,QP-1516,2026-09-17,T+15,10445,2293,12738,2026-09-02T02:25:40.854Z,TRUE,"High outlier: ₹12738 > upper fence ₹11368 (Q3: ₹8540, IQR: ₹1885)",00:40,FALSE
fare_BOM-DEL_AI_2026-09-17_T+15_1788317218629_0kcb,BOM-DEL,EaseMyTrip,AI,AI-9558,2026-09-17,T+15,10943,2402,13345,2026-09-02T02:25:40.854Z,TRUE,"High outlier: ₹13345 > upper fence ₹11368 (Q3: ₹8540, IQR: ₹1885)",07:30,FALSE
fare_BOM-DEL_AI_2026-09-17_T+15_1788317218629_1wxe,BOM-DEL,EaseMyTrip,AI,AI-2493,2026-09-17,T+15,11126,2442,13568,2026-09-02T02:25:40.854Z,TRUE,"High outlier: ₹13568 > upper fence ₹11368 (Q3: ₹8540, IQR: ₹1885)",18:25,FALSE
fare_BOM-DEL_AI_2026-09-17_T+15_1788317218629_azar,BOM-DEL,EaseMyTrip,AI,AI-493,2026-09-17,T+15,11214,2461,13675,2026-09-02T02:25:40.854Z,TRUE,"High outlier: ₹13675 > upper fence ₹11368 (Q3: ₹8540, IQR: ₹1885)",06:40,FALSE
fare_BOM-DEL_AI_2026-09-17_T+15_1788317218629_zkzu,BOM-DEL,EaseMyTrip,AI,AI-2915,2026-09-17,T+15,11236,2466,13702,2026-09-02T02:25:40.854Z,TRUE,"High outlier: ₹13702 > upper fence ₹11368 (Q3: ₹8540, IQR: ₹1885)",15:30,FALSE
fare_BOM-DEL_AI_2026-09-17_T+15_1788317218629_4tnc,BOM-DEL,EaseMyTrip,AI,AI-2503,2026-09-17,T+15,11399,2502,13901,2026-09-02T02:25:40.854Z,TRUE,"High outlier: ₹13901 > upper fence ₹11368 (Q3: ₹8540, IQR: ₹1885)",12:55,FALSE
fare_BOM-DEL_AI_2026-09-17_T+15_1788317218629_3klw,BOM-DEL,EaseMyTrip,AI,AI-2785,2026-09-17,T+15,12656,2778,15434,2026-09-02T02:25:40.854Z,TRUE,"High outlier: ₹15434 > upper fence ₹11368 (Q3: ₹8540, IQR: ₹1885)",06:40,FALSE
fare_BOM-DEL_IX_2026-09-17_T+15_1788317218629_952i,BOM-DEL,EaseMyTrip,IX,IX-5985,2026-09-17,T+15,13200,2897,16097,2026-09-02T02:25:40.854Z,TRUE,"High outlier: ₹16097 > upper fence ₹11368 (Q3: ₹8540, IQR: ₹1885)",15:35,FALSE
fare_BOM-DEL_IX_2026-09-17_T+15_1788317218629_46tf,BOM-DEL,EaseMyTrip,IX,IX-1164,2026-09-17,T+15,13323,2924,16247,2026-09-02T02:25:40.854Z,TRUE,"High outlier: ₹16247 > upper fence ₹11368 (Q3: ₹8540, IQR: ₹1885)",17:35,FALSE
fare_BOM-DEL_AI_2026-09-17_T+15_1788317218629_gu5z,BOM-DEL,EaseMyTrip,AI,AI-2659,2026-09-17,T+15,13311,2922,16233,2026-09-02T02:25:40.854Z,TRUE,"High outlier: ₹16233 > upper fence ₹11368 (Q3: ₹8540, IQR: ₹1885)",14:35,FALSE
fare_BOM-DEL_AI_2026-09-17_T+15_1788317218629_44mf,BOM-DEL,EaseMyTrip,AI,AI-2753,2026-09-17,T+15,13595,2984,16579,2026-09-02T02:25:40.854Z,TRUE,"High outlier: ₹16579 > upper fence ₹11368 (Q3: ₹8540, IQR: ₹1885)",13:50,FALSE
fare_BOM-DEL_AI_2026-09-17_T+15_1788317218629_jn1d,BOM-DEL,EaseMyTrip,AI,AI-2741,2026-09-17,T+15,13953,3063,17016,2026-09-02T02:25:40.854Z,TRUE,"High outlier: ₹17016 > upper fence ₹11368 (Q3: ₹8540, IQR: ₹1885)",07:40,FALSE
fare_BOM-DEL_AI_2026-09-17_T+15_1788317218629_64wn,BOM-DEL,EaseMyTrip,AI,AI-2749,2026-09-17,T+15,14173,3111,17284,2026-09-02T02:25:40.854Z,TRUE,"High outlier: ₹17284 > upper fence ₹11368 (Q3: ₹8540, IQR: ₹1885)",17:35,FALSE
fare_BOM-DEL_AI_2026-09-17_T+15_1788317218629_xo8i,BOM-DEL,EaseMyTrip,AI,AI-2728,2026-09-17,T+15,14523,3188,17711,2026-09-02T02:25:40.854Z,TRUE,"High outlier: ₹17711 > upper fence ₹11368 (Q3: ₹8540, IQR: ₹1885)",05:20,FALSE
fare_BOM-DEL_AI_2026-09-17_T+15_1788317218629_8cdo,BOM-DEL,EaseMyTrip,AI,AI-2444,2026-09-17,T+15,14603,3206,17809,2026-09-02T02:25:40.854Z,TRUE,"High outlier: ₹17809 > upper fence ₹11368 (Q3: ₹8540, IQR: ₹1885)",10:50,FALSE
fare_BOM-DEL_IX_2026-09-17_T+15_1788317218629_zm8m,BOM-DEL,EaseMyTrip,IX,IX-1283,2026-09-17,T+15,15045,3302,18347,2026-09-02T02:25:40.854Z,TRUE,"High outlier: ₹18347 > upper fence ₹11368 (Q3: ₹8540, IQR: ₹1885)",09:05,FALSE
fare_BOM-DEL_AI_2026-09-17_T+15_1788317218629_rv0g,BOM-DEL,EaseMyTrip,AI,AI-2531,2026-09-17,T+15,14755,3239,17994,2026-09-02T02:25:40.854Z,TRUE,"High outlier: ₹17994 > upper fence ₹11368 (Q3: ₹8540, IQR: ₹1885)",15:05,FALSE
fare_BOM-DEL_AI_2026-09-17_T+15_1788317218629_bqim,BOM-DEL,EaseMyTrip,AI,AI-2625,2026-09-17,T+15,14755,3239,17994,2026-09-02T02:25:40.854Z,TRUE,"High outlier: ₹17994 > upper fence ₹11368 (Q3: ₹8540, IQR: ₹1885)",06:00,FALSE
fare_BOM-DEL_AI_2026-09-17_T+15_1788317218629_3wgs,BOM-DEL,EaseMyTrip,AI,AI-2997,2026-09-17,T+15,14958,3283,18241,2026-09-02T02:25:40.854Z,TRUE,"High outlier: ₹18241 > upper fence ₹11368 (Q3: ₹8540, IQR: ₹1885)",10:10,FALSE
fare_BOM-DEL_IX_2026-09-17_T+15_1788317218629_vak0,BOM-DEL,EaseMyTrip,IX,IX-1238,2026-09-17,T+15,15486,3399,18885,2026-09-02T02:25:40.854Z,TRUE,"High outlier: ₹18885 > upper fence ₹11368 (Q3: ₹8540, IQR: ₹1885)",12:25,FALSE
fare_BOM-DEL_AI_2026-09-17_T+15_1788317218629_yolu,BOM-DEL,EaseMyTrip,AI,AI-9533,2026-09-17,T+15,17111,3756,20867,2026-09-02T02:25:40.854Z,TRUE,"High outlier: ₹20867 > upper fence ₹11368 (Q3: ₹8540, IQR: ₹1885)",16:30,FALSE
fare_BOM-DEL_6E_2026-09-17_T+15_1788317218629_0i24,BOM-DEL,EaseMyTrip,6E,6E-879,2026-09-17,T+15,17960,3943,21903,2026-09-02T02:25:40.854Z,TRUE,"High outlier: ₹21903 > upper fence ₹11368 (Q3: ₹8540, IQR: ₹1885)",12:40,FALSE
fare_BOM-DEL_6E_2026-09-17_T+15_1788317218629_1o3t,BOM-DEL,EaseMyTrip,6E,6E-297,2026-09-17,T+15,17960,3943,21903,2026-09-02T02:25:40.854Z,TRUE,"High outlier: ₹21903 > upper fence ₹11368 (Q3: ₹8540, IQR: ₹1885)",12:40,FALSE
fare_BOM-DEL_AI_2026-09-17_T+15_1788317218629_pdnf,BOM-DEL,EaseMyTrip,AI,AI-2781,2026-09-17,T+15,20541,4509,25050,2026-09-02T02:25:40.854Z,TRUE,"High outlier: ₹25050 > upper fence ₹11368 (Q3: ₹8540, IQR: ₹1885)",10:45,FALSE
fare_BOM-DEL_AI_2026-09-17_T+15_1788317218629_pzdu,BOM-DEL,EaseMyTrip,AI,AI-2579,2026-09-17,T+15,27191,5969,33160,2026-09-02T02:25:40.854Z,TRUE,"High outlier: ₹33160 > upper fence ₹11368 (Q3: ₹8540, IQR: ₹1885)",10:35,FALSE
fare_BOM-DEL_SG_2026-09-03_T+1_1788317218630_tmga,BOM-DEL,EaseMyTrip,SG,SG-9401,2026-09-03,T+1,5042,1107,6149,2026-09-02T02:25:28.988Z,FALSE,"",09:50,TRUE
fare_BOM-DEL_6E_2026-09-03_T+1_1788317218630_p0zs,BOM-DEL,EaseMyTrip,6E,6E-402,2026-09-03,T+1,5076,1114,6190,2026-09-02T02:25:28.988Z,FALSE,"",17:45,FALSE
fare_BOM-DEL_6E_2026-09-03_T+1_1788317218630_juvz,BOM-DEL,EaseMyTrip,6E,6E-905,2026-09-03,T+1,5076,1114,6190,2026-09-02T02:25:28.988Z,FALSE,"",17:45,FALSE
fare_BOM-DEL_6E_2026-09-03_T+1_1788317218630_zjpq,BOM-DEL,EaseMyTrip,6E,6E-5178,2026-09-03,T+1,5076,1114,6190,2026-09-02T02:25:28.988Z,FALSE,"",11:45,FALSE
fare_BOM-DEL_6E_2026-09-03_T+1_1788317218630_wqwl,BOM-DEL,EaseMyTrip,6E,6E-6195,2026-09-03,T+1,5076,1114,6190,2026-09-02T02:25:28.988Z,FALSE,"",23:00,FALSE
fare_BOM-DEL_6E_2026-09-03_T+1_1788317218630_q73d,BOM-DEL,EaseMyTrip,6E,6E-6362,2026-09-03,T+1,5076,1114,6190,2026-09-02T02:25:28.988Z,FALSE,"",05:45,FALSE
fare_BOM-DEL_IX_2026-09-03_T+1_1788317218630_2x40,BOM-DEL,EaseMyTrip,IX,IX-1050,2026-09-03,T+1,5380,1181,6561,2026-09-02T02:25:28.988Z,FALSE,"",08:55,TRUE
fare_BOM-DEL_IX_2026-09-03_T+1_1788317218630_k709,BOM-DEL,EaseMyTrip,IX,IX-1671,2026-09-03,T+1,5380,1181,6561,2026-09-02T02:25:28.988Z,FALSE,"",16:45,TRUE
fare_BOM-DEL_IX_2026-09-03_T+1_1788317218630_wxd7,BOM-DEL,EaseMyTrip,IX,IX-2153,2026-09-03,T+1,5380,1181,6561,2026-09-02T02:25:28.988Z,FALSE,"",20:25,TRUE
fare_BOM-DEL_IX_2026-09-03_T+1_1788317218630_sz42,BOM-DEL,EaseMyTrip,IX,IX-1364,2026-09-03,T+1,5380,1181,6561,2026-09-02T02:25:28.988Z,FALSE,"",21:55,TRUE
fare_BOM-DEL_6E_2026-09-03_T+1_1788317218630_vzxg,BOM-DEL,EaseMyTrip,6E,6E-5059,2026-09-03,T+1,5160,1133,6293,2026-09-02T02:25:28.988Z,FALSE,"",05:45,FALSE
fare_BOM-DEL_6E_2026-09-03_T+1_1788317218630_ytn8,BOM-DEL,EaseMyTrip,6E,6E-705,2026-09-03,T+1,5160,1133,6293,2026-09-02T02:25:28.988Z,FALSE,"",14:40,FALSE
fare_BOM-DEL_6E_2026-09-03_T+1_1788317218630_atiz,BOM-DEL,EaseMyTrip,6E,6E-819,2026-09-03,T+1,5160,1133,6293,2026-09-02T02:25:28.988Z,FALSE,"",14:40,FALSE
fare_BOM-DEL_6E_2026-09-03_T+1_1788317218630_5w5z,BOM-DEL,EaseMyTrip,6E,6E-5147,2026-09-03,T+1,5269,1156,6425,2026-09-02T02:25:28.988Z,FALSE,"",18:35,FALSE
fare_BOM-DEL_6E_2026-09-03_T+1_1788317218630_6g9w,BOM-DEL,EaseMyTrip,6E,6E-5154,2026-09-03,T+1,5269,1156,6425,2026-09-02T02:25:28.988Z,FALSE,"",15:45,FALSE
fare_BOM-DEL_6E_2026-09-03_T+1_1788317218630_e0cr,BOM-DEL,EaseMyTrip,6E,6E-5131,2026-09-03,T+1,5269,1156,6425,2026-09-02T02:25:28.988Z,FALSE,"",15:50,FALSE
fare_BOM-DEL_6E_2026-09-03_T+1_1788317218630_1o77,BOM-DEL,EaseMyTrip,6E,6E-6802,2026-09-03,T+1,5269,1156,6425,2026-09-02T02:25:28.988Z,FALSE,"",16:55,FALSE
fare_BOM-DEL_6E_2026-09-03_T+1_1788317218630_6lzb,BOM-DEL,EaseMyTrip,6E,6E-5345,2026-09-03,T+1,5269,1156,6425,2026-09-02T02:25:28.988Z,FALSE,"",14:25,FALSE
fare_BOM-DEL_6E_2026-09-03_T+1_1788317218630_eahv,BOM-DEL,EaseMyTrip,6E,6E-6122,2026-09-03,T+1,5269,1156,6425,2026-09-02T02:25:28.988Z,FALSE,"",12:25,FALSE
fare_BOM-DEL_6E_2026-09-03_T+1_1788317218630_nj43,BOM-DEL,EaseMyTrip,6E,6E-5028,2026-09-03,T+1,5332,1171,6503,2026-09-02T02:25:28.988Z,FALSE,"",19:35,FALSE
fare_BOM-DEL_6E_2026-09-03_T+1_1788317218630_9qmz,BOM-DEL,EaseMyTrip,6E,6E-603,2026-09-03,T+1,5332,1171,6503,2026-09-02T02:25:28.988Z,FALSE,"",04:45,FALSE
fare_BOM-DEL_6E_2026-09-03_T+1_1788317218630_xfwn,BOM-DEL,EaseMyTrip,6E,6E-634,2026-09-03,T+1,5332,1171,6503,2026-09-02T02:25:28.988Z,FALSE,"",04:45,FALSE
fare_BOM-DEL_6E_2026-09-03_T+1_1788317218630_d5ci,BOM-DEL,EaseMyTrip,6E,6E-182,2026-09-03,T+1,5334,1171,6505,2026-09-02T02:25:28.988Z,FALSE,"",12:40,FALSE
fare_BOM-DEL_6E_2026-09-03_T+1_1788317218630_wfgo,BOM-DEL,EaseMyTrip,6E,6E-871,2026-09-03,T+1,5334,1171,6505,2026-09-02T02:25:28.988Z,FALSE,"",12:40,FALSE
fare_BOM-DEL_6E_2026-09-03_T+1_1788317218630_95gp,BOM-DEL,EaseMyTrip,6E,6E-784,2026-09-03,T+1,5380,1181,6561,2026-09-02T02:25:28.988Z,FALSE,"",17:20,TRUE
fare_BOM-DEL_6E_2026-09-03_T+1_1788317218630_fgxp,BOM-DEL,EaseMyTrip,6E,6E-795,2026-09-03,T+1,5380,1181,6561,2026-09-02T02:25:28.988Z,FALSE,"",17:20,TRUE
fare_BOM-DEL_QP_2026-09-03_T+1_1788317218630_nbgb,BOM-DEL,EaseMyTrip,QP,QP-1111,2026-09-03,T+1,5381,1181,6562,2026-09-02T02:25:28.988Z,FALSE,"",05:25,TRUE
fare_BOM-DEL_QP_2026-09-03_T+1_1788317218630_a2jo,BOM-DEL,EaseMyTrip,QP,QP-1109,2026-09-03,T+1,5381,1181,6562,2026-09-02T02:25:28.988Z,FALSE,"",07:00,TRUE
fare_BOM-DEL_QP_2026-09-03_T+1_1788317218630_ehsv,BOM-DEL,EaseMyTrip,QP,QP-1127,2026-09-03,T+1,5381,1181,6562,2026-09-02T02:25:28.988Z,FALSE,"",13:00,TRUE
fare_BOM-DEL_QP_2026-09-03_T+1_1788317218630_l6nj,BOM-DEL,EaseMyTrip,QP,QP-1819,2026-09-03,T+1,5381,1181,6562,2026-09-02T02:25:28.988Z,FALSE,"",14:30,TRUE
fare_BOM-DEL_QP_2026-09-03_T+1_1788317218630_ussu,BOM-DEL,EaseMyTrip,QP,QP-1834,2026-09-03,T+1,5381,1181,6562,2026-09-02T02:25:28.988Z,FALSE,"",10:20,TRUE
fare_BOM-DEL_QP_2026-09-03_T+1_1788317218630_iwls,BOM-DEL,EaseMyTrip,QP,QP-1825,2026-09-03,T+1,5381,1181,6562,2026-09-02T02:25:28.988Z,FALSE,"",16:50,TRUE
fare_BOM-DEL_QP_2026-09-03_T+1_1788317218630_vahr,BOM-DEL,EaseMyTrip,QP,QP-1835,2026-09-03,T+1,5381,1181,6562,2026-09-02T02:25:28.988Z,FALSE,"",11:50,TRUE
fare_BOM-DEL_6E_2026-09-03_T+1_1788317218630_0o22,BOM-DEL,EaseMyTrip,6E,6E-673,2026-09-03,T+1,5381,1181,6562,2026-09-02T02:25:28.988Z,FALSE,"",05:00,TRUE
fare_BOM-DEL_6E_2026-09-03_T+1_1788317218630_isnq,BOM-DEL,EaseMyTrip,6E,6E-430,2026-09-03,T+1,5381,1181,6562,2026-09-02T02:25:28.988Z,FALSE,"",05:00,TRUE
fare_BOM-DEL_6E_2026-09-03_T+1_1788317218630_u21q,BOM-DEL,EaseMyTrip,6E,6E-502,2026-09-03,T+1,5381,1181,6562,2026-09-02T02:25:28.988Z,FALSE,"",23:45,TRUE
fare_BOM-DEL_6E_2026-09-03_T+1_1788317218630_khk9,BOM-DEL,EaseMyTrip,6E,6E-6082,2026-09-03,T+1,5381,1181,6562,2026-09-02T02:25:28.988Z,FALSE,"",16:45,TRUE
fare_BOM-DEL_6E_2026-09-03_T+1_1788317218630_dg5r,BOM-DEL,EaseMyTrip,6E,6E-873,2026-09-03,T+1,5381,1181,6562,2026-09-02T02:25:28.988Z,FALSE,"",16:00,TRUE
fare_BOM-DEL_6E_2026-09-03_T+1_1788317218630_s982,BOM-DEL,EaseMyTrip,6E,6E-666,2026-09-03,T+1,5381,1181,6562,2026-09-02T02:25:28.988Z,FALSE,"",16:00,TRUE
fare_BOM-DEL_6E_2026-09-03_T+1_1788317218630_2zem,BOM-DEL,EaseMyTrip,6E,6E-720,2026-09-03,T+1,5381,1181,6562,2026-09-02T02:25:28.988Z,FALSE,"",15:00,TRUE
fare_BOM-DEL_6E_2026-09-03_T+1_1788317218630_lv5y,BOM-DEL,EaseMyTrip,6E,6E-893,2026-09-03,T+1,5381,1181,6562,2026-09-02T02:25:28.988Z,FALSE,"",15:00,TRUE
fare_BOM-DEL_6E_2026-09-03_T+1_1788317218630_80pz,BOM-DEL,EaseMyTrip,6E,6E-459,2026-09-03,T+1,5381,1181,6562,2026-09-02T02:25:28.988Z,FALSE,"",13:00,TRUE
fare_BOM-DEL_6E_2026-09-03_T+1_1788317218630_k8yh,BOM-DEL,EaseMyTrip,6E,6E-727,2026-09-03,T+1,5381,1181,6562,2026-09-02T02:25:28.988Z,FALSE,"",13:00,TRUE
fare_BOM-DEL_6E_2026-09-03_T+1_1788317218630_ixat,BOM-DEL,EaseMyTrip,6E,6E-6704,2026-09-03,T+1,5381,1181,6562,2026-09-02T02:25:28.988Z,FALSE,"",14:00,TRUE
fare_BOM-DEL_6E_2026-09-03_T+1_1788317218630_7njo,BOM-DEL,EaseMyTrip,6E,6E-621,2026-09-03,T+1,5381,1181,6562,2026-09-02T02:25:28.988Z,FALSE,"",06:00,TRUE
fare_BOM-DEL_6E_2026-09-03_T+1_1788317218630_zc4r,BOM-DEL,EaseMyTrip,6E,6E-594,2026-09-03,T+1,5381,1181,6562,2026-09-02T02:25:28.988Z,FALSE,"",06:00,TRUE
fare_BOM-DEL_6E_2026-09-03_T+1_1788317218630_f63a,BOM-DEL,EaseMyTrip,6E,6E-6052,2026-09-03,T+1,5381,1181,6562,2026-09-02T02:25:28.988Z,FALSE,"",10:00,TRUE
fare_BOM-DEL_6E_2026-09-03_T+1_1788317218630_uaw9,BOM-DEL,EaseMyTrip,6E,6E-440,2026-09-03,T+1,5381,1181,6562,2026-09-02T02:25:28.988Z,FALSE,"",10:35,TRUE
fare_BOM-DEL_6E_2026-09-03_T+1_1788317218630_0d7x,BOM-DEL,EaseMyTrip,6E,6E-758,2026-09-03,T+1,5381,1181,6562,2026-09-02T02:25:28.988Z,FALSE,"",10:35,TRUE
fare_BOM-DEL_6E_2026-09-03_T+1_1788317218630_ikz0,BOM-DEL,EaseMyTrip,6E,6E-6827,2026-09-03,T+1,5381,1181,6562,2026-09-02T02:25:28.988Z,FALSE,"",11:30,TRUE
fare_BOM-DEL_6E_2026-09-03_T+1_1788317218630_s0eb,BOM-DEL,EaseMyTrip,6E,6E-6028,2026-09-03,T+1,5381,1181,6562,2026-09-02T02:25:28.988Z,FALSE,"",12:15,TRUE
fare_BOM-DEL_QP_2026-09-03_T+1_1788317218630_ixis,BOM-DEL,EaseMyTrip,QP,QP-1939,2026-09-03,T+1,5423,1191,6614,2026-09-02T02:25:28.988Z,FALSE,"",10:10,TRUE
fare_BOM-DEL_6E_2026-09-03_T+1_1788317218630_qz2t,BOM-DEL,EaseMyTrip,6E,6E-5197,2026-09-03,T+1,5423,1191,6614,2026-09-02T02:25:28.988Z,FALSE,"",06:40,TRUE
fare_BOM-DEL_QP_2026-09-03_T+1_1788317218630_qoog,BOM-DEL,EaseMyTrip,QP,QP-1120,2026-09-03,T+1,5478,1203,6681,2026-09-02T02:25:28.988Z,FALSE,"",18:45,TRUE
fare_BOM-DEL_6E_2026-09-03_T+1_1788317218630_d1co,BOM-DEL,EaseMyTrip,6E,6E-737,2026-09-03,T+1,5510,1210,6720,2026-09-02T02:25:28.988Z,FALSE,"",17:20,TRUE
fare_BOM-DEL_6E_2026-09-03_T+1_1788317218630_zafg,BOM-DEL,EaseMyTrip,6E,6E-823,2026-09-03,T+1,5510,1210,6720,2026-09-02T02:25:28.988Z,FALSE,"",17:20,TRUE
fare_BOM-DEL_6E_2026-09-03_T+1_1788317218630_zx60,BOM-DEL,EaseMyTrip,6E,6E-240,2026-09-03,T+1,5510,1210,6720,2026-09-02T02:25:28.988Z,FALSE,"",07:00,TRUE
fare_BOM-DEL_6E_2026-09-03_T+1_1788317218630_zi75,BOM-DEL,EaseMyTrip,6E,6E-532,2026-09-03,T+1,5510,1210,6720,2026-09-02T02:25:28.988Z,FALSE,"",07:00,TRUE
fare_BOM-DEL_6E_2026-09-03_T+1_1788317218630_7lf3,BOM-DEL,EaseMyTrip,6E,6E-504,2026-09-03,T+1,5510,1210,6720,2026-09-02T02:25:28.988Z,FALSE,"",09:00,TRUE
fare_BOM-DEL_6E_2026-09-03_T+1_1788317218630_dx4j,BOM-DEL,EaseMyTrip,6E,6E-662,2026-09-03,T+1,5510,1210,6720,2026-09-02T02:25:28.988Z,FALSE,"",09:00,TRUE
fare_BOM-DEL_6E_2026-09-03_T+1_1788317218630_nmf5,BOM-DEL,EaseMyTrip,6E,6E-2090,2026-09-03,T+1,5552,1219,6771,2026-09-02T02:25:28.988Z,FALSE,"",06:25,TRUE
fare_BOM-DEL_6E_2026-09-03_T+1_1788317218630_oray,BOM-DEL,EaseMyTrip,6E,6E-5144,2026-09-03,T+1,5561,1221,6782,2026-09-02T02:25:28.988Z,FALSE,"",06:10,FALSE
fare_BOM-DEL_AI_2026-09-03_T+1_1788317218630_vjzm,BOM-DEL,EaseMyTrip,AI,AI-2928,2026-09-03,T+1,5766,1266,7032,2026-09-02T02:25:28.988Z,FALSE,"",06:30,TRUE
fare_BOM-DEL_AI_2026-09-03_T+1_1788317218630_b7ve,BOM-DEL,EaseMyTrip,AI,AI-2677,2026-09-03,T+1,5766,1266,7032,2026-09-02T02:25:28.988Z,FALSE,"",13:00,TRUE
fare_BOM-DEL_AI_2026-09-03_T+1_1788317218630_6oru,BOM-DEL,EaseMyTrip,AI,AI-2422,2026-09-03,T+1,5766,1266,7032,2026-09-02T02:25:28.988Z,FALSE,"",01:00,TRUE
fare_BOM-DEL_AI_2026-09-03_T+1_1788317218630_hs8g,BOM-DEL,EaseMyTrip,AI,AI-2952,2026-09-03,T+1,5766,1266,7032,2026-09-02T02:25:28.988Z,FALSE,"",11:25,TRUE
fare_BOM-DEL_AI_2026-09-03_T+1_1788317218630_atz8,BOM-DEL,EaseMyTrip,AI,AI-2419,2026-09-03,T+1,5766,1266,7032,2026-09-02T02:25:28.988Z,FALSE,"",12:00,TRUE
fare_BOM-DEL_AI_2026-09-03_T+1_1788317218630_vebo,BOM-DEL,EaseMyTrip,AI,AI-2960,2026-09-03,T+1,5766,1266,7032,2026-09-02T02:25:28.988Z,FALSE,"",14:05,TRUE
fare_BOM-DEL_AI_2026-09-03_T+1_1788317218630_uotk,BOM-DEL,EaseMyTrip,AI,AI-2944,2026-09-03,T+1,5766,1266,7032,2026-09-02T02:25:28.988Z,FALSE,"",14:35,TRUE
fare_BOM-DEL_AI_2026-09-03_T+1_1788317218630_xpsm,BOM-DEL,EaseMyTrip,AI,AI-1851,2026-09-03,T+1,5766,1266,7032,2026-09-02T02:25:28.988Z,FALSE,"",15:30,TRUE
fare_BOM-DEL_AI_2026-09-03_T+1_1788317218630_4ch5,BOM-DEL,EaseMyTrip,AI,AI-1882,2026-09-03,T+1,5766,1266,7032,2026-09-02T02:25:28.988Z,FALSE,"",23:55,TRUE
fare_BOM-DEL_6E_2026-09-03_T+1_1788317218630_pvkz,BOM-DEL,EaseMyTrip,6E,6E-6027,2026-09-03,T+1,5669,1244,6913,2026-09-02T02:25:28.988Z,FALSE,"",17:35,FALSE
fare_BOM-DEL_6E_2026-09-03_T+1_1788317218630_4gvg,BOM-DEL,EaseMyTrip,6E,6E-565,2026-09-03,T+1,5683,1247,6930,2026-09-02T02:25:28.988Z,FALSE,"",22:15,TRUE
fare_BOM-DEL_6E_2026-09-03_T+1_1788317218630_cb9r,BOM-DEL,EaseMyTrip,6E,6E-268,2026-09-03,T+1,5683,1247,6930,2026-09-02T02:25:28.988Z,FALSE,"",22:15,TRUE
fare_BOM-DEL_6E_2026-09-03_T+1_1788317218630_ag4h,BOM-DEL,EaseMyTrip,6E,6E-510,2026-09-03,T+1,5683,1247,6930,2026-09-02T02:25:28.988Z,FALSE,"",21:15,TRUE
fare_BOM-DEL_6E_2026-09-03_T+1_1788317218630_ezar,BOM-DEL,EaseMyTrip,6E,6E-522,2026-09-03,T+1,5683,1247,6930,2026-09-02T02:25:28.988Z,FALSE,"",21:15,TRUE
fare_BOM-DEL_6E_2026-09-03_T+1_1788317218630_ltqs,BOM-DEL,EaseMyTrip,6E,6E-446,2026-09-03,T+1,5683,1247,6930,2026-09-02T02:25:28.988Z,FALSE,"",20:20,TRUE
fare_BOM-DEL_6E_2026-09-03_T+1_1788317218630_6vw5,BOM-DEL,EaseMyTrip,6E,6E-588,2026-09-03,T+1,5683,1247,6930,2026-09-02T02:25:28.988Z,FALSE,"",20:20,TRUE
fare_BOM-DEL_6E_2026-09-03_T+1_1788317218630_2cbi,BOM-DEL,EaseMyTrip,6E,6E-157,2026-09-03,T+1,5683,1247,6930,2026-09-02T02:25:28.988Z,FALSE,"",08:00,TRUE
fare_BOM-DEL_6E_2026-09-03_T+1_1788317218630_3rfu,BOM-DEL,EaseMyTrip,6E,6E-249,2026-09-03,T+1,5683,1247,6930,2026-09-02T02:25:28.988Z,FALSE,"",08:00,TRUE
fare_BOM-DEL_AI_2026-09-03_T+1_1788317218630_67ze,BOM-DEL,EaseMyTrip,AI,AI-2428,2026-09-03,T+1,5897,1294,7191,2026-09-02T02:25:28.988Z,FALSE,"",08:00,TRUE
fare_BOM-DEL_6E_2026-09-03_T+1_1788317218630_2rh0,BOM-DEL,EaseMyTrip,6E,6E-7017,2026-09-03,T+1,5737,1259,6996,2026-09-02T02:25:28.988Z,FALSE,"",21:30,FALSE
fare_BOM-DEL_6E_2026-09-03_T+1_1788317218630_5g95,BOM-DEL,EaseMyTrip,6E,6E-5318,2026-09-03,T+1,5841,1282,7123,2026-09-02T02:25:28.988Z,FALSE,"",10:15,FALSE
fare_BOM-DEL_6E_2026-09-03_T+1_1788317218630_o8nz,BOM-DEL,EaseMyTrip,6E,6E-225,2026-09-03,T+1,5897,1295,7192,2026-09-02T02:25:28.988Z,FALSE,"",19:00,TRUE
fare_BOM-DEL_6E_2026-09-03_T+1_1788317218630_91bj,BOM-DEL,EaseMyTrip,6E,6E-137,2026-09-03,T+1,5897,1295,7192,2026-09-02T02:25:28.988Z,FALSE,"",19:00,TRUE
fare_BOM-DEL_6E_2026-09-03_T+1_1788317218630_gype,BOM-DEL,EaseMyTrip,6E,6E-6613,2026-09-03,T+1,5897,1295,7192,2026-09-02T02:25:28.988Z,FALSE,"",18:15,TRUE
fare_BOM-DEL_AI_2026-09-03_T+1_1788317218630_14sn,BOM-DEL,EaseMyTrip,AI,AI-2930,2026-09-03,T+1,6069,1332,7401,2026-09-02T02:25:28.988Z,FALSE,"",07:30,TRUE
fare_BOM-DEL_AI_2026-09-03_T+1_1788317218630_i146,BOM-DEL,EaseMyTrip,AI,AI-816,2026-09-03,T+1,6069,1332,7401,2026-09-02T02:25:28.988Z,FALSE,"",21:00,TRUE
fare_BOM-DEL_AI_2026-09-03_T+1_1788317218630_42by,BOM-DEL,EaseMyTrip,AI,AI-1895,2026-09-03,T+1,6069,1332,7401,2026-09-02T02:25:28.988Z,FALSE,"",21:30,TRUE
fare_BOM-DEL_AI_2026-09-03_T+1_1788317218630_bun4,BOM-DEL,EaseMyTrip,AI,AI-2986,2026-09-03,T+1,6069,1332,7401,2026-09-02T02:25:28.988Z,FALSE,"",22:35,TRUE
fare_BOM-DEL_6E_2026-09-03_T+1_1788317218630_o68k,BOM-DEL,EaseMyTrip,6E,6E-922,2026-09-03,T+1,6001,1317,7318,2026-09-02T02:25:28.988Z,FALSE,"",01:30,FALSE
fare_BOM-DEL_6E_2026-09-03_T+1_1788317218630_0r45,BOM-DEL,EaseMyTrip,6E,6E-195,2026-09-03,T+1,6001,1317,7318,2026-09-02T02:25:28.988Z,FALSE,"",01:30,FALSE
fare_BOM-DEL_IX_2026-09-03_T+1_1788317218630_qh61,BOM-DEL,EaseMyTrip,IX,IX-1237,2026-09-03,T+1,6857,1505,8362,2026-09-02T02:25:28.988Z,FALSE,"",05:55,FALSE
fare_BOM-DEL_AI_2026-09-03_T+1_1788317218630_d4r0,BOM-DEL,EaseMyTrip,AI,AI-2432,2026-09-03,T+1,6220,1365,7585,2026-09-02T02:25:28.988Z,FALSE,"",09:30,TRUE
fare_BOM-DEL_AI_2026-09-03_T+1_1788317218630_mb3x,BOM-DEL,EaseMyTrip,AI,AI-2424,2026-09-03,T+1,6270,1376,7646,2026-09-02T02:25:28.988Z,FALSE,"",07:00,TRUE
fare_BOM-DEL_AI_2026-09-03_T+1_1788317218630_pmfe,BOM-DEL,EaseMyTrip,AI,AI-2430,2026-09-03,T+1,6283,1379,7662,2026-09-02T02:25:28.988Z,FALSE,"",10:00,TRUE
fare_BOM-DEL_AI_2026-09-03_T+1_1788317218630_h2o6,BOM-DEL,EaseMyTrip,AI,AI-2687,2026-09-03,T+1,6283,1379,7662,2026-09-02T02:25:28.988Z,FALSE,"",16:35,TRUE
fare_BOM-DEL_6E_2026-09-03_T+1_1788317218630_qn3s,BOM-DEL,EaseMyTrip,6E,6E-6049,2026-09-03,T+1,6156,1351,7507,2026-09-02T02:25:28.988Z,FALSE,"",19:45,TRUE
fare_BOM-DEL_6E_2026-09-03_T+1_1788317218630_mn5w,BOM-DEL,EaseMyTrip,6E,6E-6361,2026-09-03,T+1,6345,1393,7738,2026-09-02T02:25:28.988Z,FALSE,"",05:00,FALSE
fare_BOM-DEL_AI_2026-09-03_T+1_1788317218630_jfpc,BOM-DEL,EaseMyTrip,AI,AI-2988,2026-09-03,T+1,6541,1436,7977,2026-09-02T02:25:28.988Z,FALSE,"",20:30,TRUE
fare_BOM-DEL_AI_2026-09-03_T+1_1788317218630_71xv,BOM-DEL,EaseMyTrip,AI,AI-2940,2026-09-03,T+1,6707,1472,8179,2026-09-02T02:25:28.988Z,FALSE,"",20:00,TRUE
fare_BOM-DEL_AI_2026-09-03_T+1_1788317218630_kvm7,BOM-DEL,EaseMyTrip,AI,AI-2970,2026-09-03,T+1,6707,1472,8179,2026-09-02T02:25:28.988Z,FALSE,"",08:30,TRUE
fare_BOM-DEL_SG_2026-09-03_T+1_1788317218630_ol41,BOM-DEL,EaseMyTrip,SG,SG-965,2026-09-03,T+1,6866,1507,8373,2026-09-02T02:25:28.988Z,FALSE,"",01:50,TRUE
fare_BOM-DEL_SG_2026-09-03_T+1_1788317218630_d34p,BOM-DEL,EaseMyTrip,SG,SG-880,2026-09-03,T+1,6866,1507,8373,2026-09-02T02:25:28.988Z,FALSE,"",01:50,TRUE
fare_BOM-DEL_6E_2026-09-03_T+1_1788317218630_vetr,BOM-DEL,EaseMyTrip,6E,6E-6599,2026-09-03,T+1,7125,1564,8689,2026-09-02T02:25:28.988Z,FALSE,"",16:50,FALSE
fare_BOM-DEL_AI_2026-09-03_T+1_1788317218630_o646,BOM-DEL,EaseMyTrip,AI,AI-1891,2026-09-03,T+1,7439,1633,9072,2026-09-02T02:25:28.988Z,FALSE,"",08:10,TRUE
fare_BOM-DEL_6E_2026-09-03_T+1_1788317218630_gdq9,BOM-DEL,EaseMyTrip,6E,6E-2024,2026-09-03,T+1,7297,1602,8899,2026-09-02T02:25:28.988Z,FALSE,"",09:15,FALSE
fare_BOM-DEL_6E_2026-09-03_T+1_1788317218630_rn16,BOM-DEL,EaseMyTrip,6E,6E-734,2026-09-03,T+1,7361,1616,8977,2026-09-02T02:25:28.988Z,FALSE,"",11:20,FALSE
fare_BOM-DEL_6E_2026-09-03_T+1_1788317218630_v0e5,BOM-DEL,EaseMyTrip,6E,6E-882,2026-09-03,T+1,7361,1616,8977,2026-09-02T02:25:28.988Z,FALSE,"",11:20,FALSE
fare_BOM-DEL_6E_2026-09-03_T+1_1788317218630_68du,BOM-DEL,EaseMyTrip,6E,6E-431,2026-09-03,T+1,7601,1669,9270,2026-09-02T02:25:28.988Z,FALSE,"",04:00,FALSE
fare_BOM-DEL_6E_2026-09-03_T+1_1788317218630_6itx,BOM-DEL,EaseMyTrip,6E,6E-313,2026-09-03,T+1,7601,1669,9270,2026-09-02T02:25:28.988Z,FALSE,"",04:00,FALSE
fare_BOM-DEL_IX_2026-09-03_T+1_1788317218630_ci9y,BOM-DEL,EaseMyTrip,IX,IX-1787,2026-09-03,T+1,8195,1799,9994,2026-09-02T02:25:28.988Z,FALSE,"",13:10,FALSE
fare_BOM-DEL_6E_2026-09-03_T+1_1788317218630_k94h,BOM-DEL,EaseMyTrip,6E,6E-904,2026-09-03,T+1,8157,1790,9947,2026-09-02T02:25:28.988Z,FALSE,"",19:20,FALSE
fare_BOM-DEL_6E_2026-09-03_T+1_1788317218630_kyd4,BOM-DEL,EaseMyTrip,6E,6E-960,2026-09-03,T+1,8157,1790,9947,2026-09-02T02:25:28.988Z,FALSE,"",19:20,FALSE
fare_BOM-DEL_IX_2026-09-03_T+1_1788317218630_cro2,BOM-DEL,EaseMyTrip,IX,IX-1809,2026-09-03,T+1,8590,1885,10475,2026-09-02T02:25:28.988Z,FALSE,"",07:30,FALSE
fare_BOM-DEL_IX_2026-09-03_T+1_1788317218630_axr4,BOM-DEL,EaseMyTrip,IX,IX-1026,2026-09-03,T+1,8599,1888,10487,2026-09-02T02:25:28.988Z,FALSE,"",05:45,FALSE
fare_BOM-DEL_AI_2026-09-03_T+1_1788317218630_ukdq,BOM-DEL,EaseMyTrip,AI,AI-2408,2026-09-03,T+1,8544,1876,10420,2026-09-02T02:25:28.988Z,FALSE,"",19:30,TRUE
fare_BOM-DEL_AI_2026-09-03_T+1_1788317218630_rrt3,BOM-DEL,EaseMyTrip,AI,AI-2440,2026-09-03,T+1,8845,1942,10787,2026-09-02T02:25:28.988Z,FALSE,"",18:00,TRUE
fare_BOM-DEL_6E_2026-09-03_T+1_1788317218630_wgvb,BOM-DEL,EaseMyTrip,6E,6E-6543,2026-09-03,T+1,8920,1958,10878,2026-09-02T02:25:28.988Z,FALSE,"",07:50,FALSE
fare_BOM-DEL_6E_2026-09-03_T+1_1788317218630_igkx,BOM-DEL,EaseMyTrip,6E,6E-5135,2026-09-03,T+1,9035,1983,11018,2026-09-02T02:25:28.988Z,FALSE,"",23:20,FALSE
fare_BOM-DEL_AI_2026-09-03_T+1_1788317218630_mrhc,BOM-DEL,EaseMyTrip,AI,AI-2728,2026-09-03,T+1,9379,2059,11438,2026-09-02T02:25:28.988Z,FALSE,"",05:20,FALSE
fare_BOM-DEL_6E_2026-09-03_T+1_1788317218630_uhvj,BOM-DEL,EaseMyTrip,6E,6E-5246,2026-09-03,T+1,9231,2026,11257,2026-09-02T02:25:28.988Z,FALSE,"",07:15,FALSE
fare_BOM-DEL_AI_2026-09-03_T+1_1788317218630_mc4a,BOM-DEL,EaseMyTrip,AI,AI-9753,2026-09-03,T+1,9534,2093,11627,2026-09-02T02:25:28.988Z,FALSE,"",05:45,FALSE
fare_BOM-DEL_AI_2026-09-03_T+1_1788317218630_sev8,BOM-DEL,EaseMyTrip,AI,AI-9558,2026-09-03,T+1,9660,2120,11780,2026-09-02T02:25:28.988Z,FALSE,"",07:30,FALSE
fare_BOM-DEL_IX_2026-09-03_T+1_1788317218630_xemx,BOM-DEL,EaseMyTrip,IX,IX-1347,2026-09-03,T+1,9975,2190,12165,2026-09-02T02:25:28.988Z,FALSE,"",06:00,FALSE
fare_BOM-DEL_6E_2026-09-03_T+1_1788317218630_t8q6,BOM-DEL,EaseMyTrip,6E,6E-5181,2026-09-03,T+1,9836,2159,11995,2026-09-02T02:25:28.988Z,FALSE,"",10:25,FALSE
fare_BOM-DEL_6E_2026-09-03_T+1_1788317218630_bil1,BOM-DEL,EaseMyTrip,6E,6E-5273,2026-09-03,T+1,9836,2159,11995,2026-09-02T02:25:28.988Z,FALSE,"",18:35,FALSE
fare_BOM-DEL_6E_2026-09-03_T+1_1788317218630_u0m1,BOM-DEL,EaseMyTrip,6E,6E-6058,2026-09-03,T+1,10356,2273,12629,2026-09-02T02:25:28.988Z,FALSE,"",08:05,FALSE
fare_BOM-DEL_6E_2026-09-03_T+1_1788317218630_eesx,BOM-DEL,EaseMyTrip,6E,6E-5281,2026-09-03,T+1,10731,2355,13086,2026-09-02T02:25:28.988Z,FALSE,"",08:40,FALSE
fare_BOM-DEL_IX_2026-09-03_T+1_1788317218630_lvrz,BOM-DEL,EaseMyTrip,IX,IX-1163,2026-09-03,T+1,11347,2491,13838,2026-09-02T02:25:28.988Z,FALSE,"",20:45,FALSE
fare_BOM-DEL_AI_2026-09-03_T+1_1788317218630_gd6c,BOM-DEL,EaseMyTrip,AI,AI-2493,2026-09-03,T+1,11126,2442,13568,2026-09-02T02:25:28.988Z,FALSE,"",18:25,FALSE
fare_BOM-DEL_QP_2026-09-03_T+1_1788317218630_32wo,BOM-DEL,EaseMyTrip,QP,QP-1516,2026-09-03,T+1,11221,2463,13684,2026-09-02T02:25:28.988Z,FALSE,"",00:40,FALSE
fare_BOM-DEL_6E_2026-09-03_T+1_1788317218630_7z5o,BOM-DEL,EaseMyTrip,6E,6E-5164,2026-09-03,T+1,11318,2484,13802,2026-09-02T02:25:28.988Z,FALSE,"",20:35,FALSE
fare_BOM-DEL_6E_2026-09-03_T+1_1788317218630_eoht,BOM-DEL,EaseMyTrip,6E,6E-5107,2026-09-03,T+1,11521,2529,14050,2026-09-02T02:25:28.988Z,FALSE,"",20:00,FALSE
fare_BOM-DEL_6E_2026-09-03_T+1_1788317218630_uk6k,BOM-DEL,EaseMyTrip,6E,6E-5056,2026-09-03,T+1,11801,2590,14391,2026-09-02T02:25:28.988Z,FALSE,"",21:10,FALSE
fare_BOM-DEL_6E_2026-09-03_T+1_1788317218630_faw9,BOM-DEL,EaseMyTrip,6E,6E-5326,2026-09-03,T+1,11801,2590,14391,2026-09-02T02:25:28.988Z,FALSE,"",19:40,FALSE
fare_BOM-DEL_IX_2026-09-03_T+1_1788317218630_z220,BOM-DEL,EaseMyTrip,IX,IX-1283,2026-09-03,T+1,12891,2830,15721,2026-09-02T02:25:28.988Z,FALSE,"",09:05,FALSE
fare_BOM-DEL_AI_2026-09-03_T+1_1788317218630_e9dd,BOM-DEL,EaseMyTrip,AI,AI-9891,2026-09-03,T+1,12759,2801,15560,2026-09-02T02:25:28.988Z,FALSE,"",13:10,FALSE
fare_BOM-DEL_AI_2026-09-03_T+1_1788317218630_v8wz,BOM-DEL,EaseMyTrip,AI,AI-2491,2026-09-03,T+1,12856,2822,15678,2026-09-02T02:25:28.988Z,FALSE,"",11:15,FALSE
fare_BOM-DEL_IX_2026-09-03_T+1_1788317218630_hawm,BOM-DEL,EaseMyTrip,IX,IX-5985,2026-09-03,T+1,14180,3113,17293,2026-09-02T02:25:28.988Z,FALSE,"",15:35,FALSE
fare_BOM-DEL_6E_2026-09-03_T+1_1788317218630_uzsb,BOM-DEL,EaseMyTrip,6E,6E-5228,2026-09-03,T+1,13967,3066,17033,2026-09-02T02:25:28.988Z,FALSE,"",16:45,FALSE
fare_BOM-DEL_AI_2026-09-03_T+1_1788317218630_oy67,BOM-DEL,EaseMyTrip,AI,AI-2749,2026-09-03,T+1,14173,3111,17284,2026-09-02T02:25:28.988Z,FALSE,"",17:35,FALSE
fare_BOM-DEL_IX_2026-09-03_T+1_1788317218630_gsab,BOM-DEL,EaseMyTrip,IX,IX-1238,2026-09-03,T+1,14882,3267,18149,2026-09-02T02:25:28.988Z,TRUE,"High outlier: ₹18149 > upper fence ₹17295 (Q3: ₹10855, IQR: ₹4293)",12:25,FALSE
fare_BOM-DEL_AI_2026-09-03_T+1_1788317218630_j454,BOM-DEL,EaseMyTrip,AI,AI-2444,2026-09-03,T+1,14603,3206,17809,2026-09-02T02:25:28.988Z,TRUE,"High outlier: ₹17809 > upper fence ₹17295 (Q3: ₹10855, IQR: ₹4293)",10:50,FALSE
fare_BOM-DEL_AI_2026-09-03_T+1_1788317218630_pjze,BOM-DEL,EaseMyTrip,AI,AI-2531,2026-09-03,T+1,14755,3239,17994,2026-09-02T02:25:28.988Z,TRUE,"High outlier: ₹17994 > upper fence ₹17295 (Q3: ₹10855, IQR: ₹4293)",15:05,FALSE
fare_BOM-DEL_AI_2026-09-03_T+1_1788317218630_0a7u,BOM-DEL,EaseMyTrip,AI,AI-2625,2026-09-03,T+1,14755,3239,17994,2026-09-02T02:25:28.988Z,TRUE,"High outlier: ₹17994 > upper fence ₹17295 (Q3: ₹10855, IQR: ₹4293)",06:00,FALSE
fare_BOM-DEL_SG_2026-09-03_T+1_1788317218630_is6r,BOM-DEL,EaseMyTrip,SG,SG-481,2026-09-03,T+1,14818,3253,18071,2026-09-02T02:25:28.988Z,TRUE,"High outlier: ₹18071 > upper fence ₹17295 (Q3: ₹10855, IQR: ₹4293)",17:55,TRUE
fare_BOM-DEL_SG_2026-09-03_T+1_1788317218630_gxd4,BOM-DEL,EaseMyTrip,SG,SG-832,2026-09-03,T+1,14818,3253,18071,2026-09-02T02:25:28.988Z,TRUE,"High outlier: ₹18071 > upper fence ₹17295 (Q3: ₹10855, IQR: ₹4293)",17:55,TRUE
fare_BOM-DEL_AI_2026-09-03_T+1_1788317218630_9wto,BOM-DEL,EaseMyTrip,AI,AI-2997,2026-09-03,T+1,14958,3283,18241,2026-09-02T02:25:28.988Z,TRUE,"High outlier: ₹18241 > upper fence ₹17295 (Q3: ₹10855, IQR: ₹4293)",10:10,FALSE
fare_BOM-DEL_6E_2026-09-03_T+1_1788317218630_o802,BOM-DEL,EaseMyTrip,6E,6E-2347,2026-09-03,T+1,14934,3278,18212,2026-09-02T02:25:28.988Z,TRUE,"High outlier: ₹18212 > upper fence ₹17295 (Q3: ₹10855, IQR: ₹4293)",08:50,FALSE
fare_BOM-DEL_AI_2026-09-03_T+1_1788317218630_vnj5,BOM-DEL,EaseMyTrip,AI,AI-2503,2026-09-03,T+1,17064,3746,20810,2026-09-02T02:25:28.988Z,TRUE,"High outlier: ₹20810 > upper fence ₹17295 (Q3: ₹10855, IQR: ₹4293)",12:55,FALSE
fare_BOM-DEL_AI_2026-09-03_T+1_1788317218630_fuin,BOM-DEL,EaseMyTrip,AI,AI-2785,2026-09-03,T+1,17445,3829,21274,2026-09-02T02:25:28.988Z,TRUE,"High outlier: ₹21274 > upper fence ₹17295 (Q3: ₹10855, IQR: ₹4293)",06:40,FALSE
fare_BOM-DEL_AI_2026-09-03_T+1_1788317218630_ad6e,BOM-DEL,EaseMyTrip,AI,AI-2741,2026-09-03,T+1,18931,4156,23087,2026-09-02T02:25:28.988Z,TRUE,"High outlier: ₹23087 > upper fence ₹17295 (Q3: ₹10855, IQR: ₹4293)",07:40,FALSE
fare_BOM-DEL_AI_2026-09-03_T+1_1788317218630_tv0i,BOM-DEL,EaseMyTrip,AI,AI-2915,2026-09-03,T+1,20414,4481,24895,2026-09-02T02:25:28.988Z,TRUE,"High outlier: ₹24895 > upper fence ₹17295 (Q3: ₹10855, IQR: ₹4293)",15:30,FALSE
fare_BOM-DEL_AI_2026-09-03_T+1_1788317218630_7796,BOM-DEL,EaseMyTrip,AI,AI-9533,2026-09-03,T+1,23144,5080,28224,2026-09-02T02:25:28.988Z,TRUE,"High outlier: ₹28224 > upper fence ₹17295 (Q3: ₹10855, IQR: ₹4293)",16:30,FALSE
fare_BOM-DEL_AI_2026-09-03_T+1_1788317218630_76gd,BOM-DEL,EaseMyTrip,AI,AI-2781,2026-09-03,T+1,24433,5363,29796,2026-09-02T02:25:28.988Z,TRUE,"High outlier: ₹29796 > upper fence ₹17295 (Q3: ₹10855, IQR: ₹4293)",10:45,FALSE
fare_BOM-DEL_AI_2026-09-03_T+1_1788317218630_qln9,BOM-DEL,EaseMyTrip,AI,AI-2659,2026-09-03,T+1,31147,6837,37984,2026-09-02T02:25:28.988Z,TRUE,"High outlier: ₹37984 > upper fence ₹17295 (Q3: ₹10855, IQR: ₹4293)",14:35,FALSE
fare_BOM-DEL_AI_2026-09-03_T+1_1788317218630_d3rx,BOM-DEL,EaseMyTrip,AI,AI-2753,2026-09-03,T+1,31241,6858,38099,2026-09-02T02:25:28.988Z,TRUE,"High outlier: ₹38099 > upper fence ₹17295 (Q3: ₹10855, IQR: ₹4293)",13:50,FALSE
fare_BOM-DEL_6E_2026-09-09_T+7_1788317218631_fmfv,BOM-DEL,EaseMyTrip,6E,6E-2237,2026-09-09,T+7,4795,1053,5848,2026-09-02T02:25:34.796Z,FALSE,"",18:40,FALSE
fare_BOM-DEL_6E_2026-09-09_T+7_1788317218631_36cx,BOM-DEL,EaseMyTrip,6E,6E-5059,2026-09-09,T+7,4795,1053,5848,2026-09-02T02:25:34.796Z,FALSE,"",05:45,FALSE
fare_BOM-DEL_6E_2026-09-09_T+7_1788317218631_ztxa,BOM-DEL,EaseMyTrip,6E,6E-137,2026-09-09,T+7,4795,1053,5848,2026-09-02T02:25:34.796Z,FALSE,"",04:00,FALSE
fare_BOM-DEL_6E_2026-09-09_T+7_1788317218631_4ux4,BOM-DEL,EaseMyTrip,6E,6E-800,2026-09-09,T+7,4795,1053,5848,2026-09-02T02:25:34.796Z,FALSE,"",04:00,FALSE
fare_BOM-DEL_6E_2026-09-09_T+7_1788317218631_goac,BOM-DEL,EaseMyTrip,6E,6E-5107,2026-09-09,T+7,4795,1053,5848,2026-09-02T02:25:34.796Z,FALSE,"",20:00,FALSE
fare_BOM-DEL_IX_2026-09-09_T+7_1788317218631_91o0,BOM-DEL,EaseMyTrip,IX,IX-1787,2026-09-09,T+7,5595,1228,6823,2026-09-02T02:25:34.796Z,FALSE,"",13:10,FALSE
fare_BOM-DEL_6E_2026-09-09_T+7_1788317218631_10fe,BOM-DEL,EaseMyTrip,6E,6E-6027,2026-09-09,T+7,4904,1076,5980,2026-09-02T02:25:34.796Z,FALSE,"",17:35,FALSE
fare_BOM-DEL_6E_2026-09-09_T+7_1788317218631_m5uz,BOM-DEL,EaseMyTrip,6E,6E-6599,2026-09-09,T+7,4904,1076,5980,2026-09-02T02:25:34.796Z,FALSE,"",16:50,FALSE
fare_BOM-DEL_6E_2026-09-09_T+7_1788317218631_6d1a,BOM-DEL,EaseMyTrip,6E,6E-5147,2026-09-09,T+7,4904,1076,5980,2026-09-02T02:25:34.796Z,FALSE,"",18:35,FALSE
fare_BOM-DEL_6E_2026-09-09_T+7_1788317218631_708c,BOM-DEL,EaseMyTrip,6E,6E-5164,2026-09-09,T+7,4904,1076,5980,2026-09-02T02:25:34.796Z,FALSE,"",20:20,FALSE
fare_BOM-DEL_6E_2026-09-09_T+7_1788317218631_wx3r,BOM-DEL,EaseMyTrip,6E,6E-6058,2026-09-09,T+7,4904,1076,5980,2026-09-02T02:25:34.796Z,FALSE,"",08:05,FALSE
fare_BOM-DEL_6E_2026-09-09_T+7_1788317218631_r4e6,BOM-DEL,EaseMyTrip,6E,6E-5181,2026-09-09,T+7,4904,1076,5980,2026-09-02T02:25:34.796Z,FALSE,"",10:25,FALSE
fare_BOM-DEL_6E_2026-09-09_T+7_1788317218631_kds3,BOM-DEL,EaseMyTrip,6E,6E-5154,2026-09-09,T+7,4904,1076,5980,2026-09-02T02:25:34.796Z,FALSE,"",15:45,FALSE
fare_BOM-DEL_6E_2026-09-09_T+7_1788317218631_iebu,BOM-DEL,EaseMyTrip,6E,6E-5131,2026-09-09,T+7,4904,1076,5980,2026-09-02T02:25:34.796Z,FALSE,"",15:50,FALSE
fare_BOM-DEL_6E_2026-09-09_T+7_1788317218631_u1om,BOM-DEL,EaseMyTrip,6E,6E-6802,2026-09-09,T+7,4904,1076,5980,2026-09-02T02:25:34.796Z,FALSE,"",16:55,FALSE
fare_BOM-DEL_6E_2026-09-09_T+7_1788317218631_hz0w,BOM-DEL,EaseMyTrip,6E,6E-5273,2026-09-09,T+7,4904,1076,5980,2026-09-02T02:25:34.796Z,FALSE,"",18:35,FALSE
fare_BOM-DEL_6E_2026-09-09_T+7_1788317218631_gna0,BOM-DEL,EaseMyTrip,6E,6E-6122,2026-09-09,T+7,4904,1076,5980,2026-09-02T02:25:34.796Z,FALSE,"",12:25,FALSE
fare_BOM-DEL_6E_2026-09-09_T+7_1788317218631_ugup,BOM-DEL,EaseMyTrip,6E,6E-5345,2026-09-09,T+7,4904,1076,5980,2026-09-02T02:25:34.796Z,FALSE,"",14:25,FALSE
fare_BOM-DEL_IX_2026-09-09_T+7_1788317218631_22lx,BOM-DEL,EaseMyTrip,IX,IX-1809,2026-09-09,T+7,5380,1181,6561,2026-09-02T02:25:34.796Z,FALSE,"",07:30,FALSE
fare_BOM-DEL_6E_2026-09-09_T+7_1788317218631_lk0j,BOM-DEL,EaseMyTrip,6E,6E-5028,2026-09-09,T+7,4968,1090,6058,2026-09-02T02:25:34.796Z,FALSE,"",19:35,FALSE
fare_BOM-DEL_6E_2026-09-09_T+7_1788317218631_cccl,BOM-DEL,EaseMyTrip,6E,6E-633,2026-09-09,T+7,4968,1090,6058,2026-09-02T02:25:34.796Z,FALSE,"",19:20,FALSE
fare_BOM-DEL_6E_2026-09-09_T+7_1788317218631_kart,BOM-DEL,EaseMyTrip,6E,6E-749,2026-09-09,T+7,4968,1090,6058,2026-09-02T02:25:34.796Z,FALSE,"",19:20,FALSE
fare_BOM-DEL_6E_2026-09-09_T+7_1788317218631_7wok,BOM-DEL,EaseMyTrip,6E,6E-693,2026-09-09,T+7,4968,1090,6058,2026-09-02T02:25:34.796Z,FALSE,"",04:30,FALSE
fare_BOM-DEL_6E_2026-09-09_T+7_1788317218631_ijh1,BOM-DEL,EaseMyTrip,6E,6E-643,2026-09-09,T+7,4968,1090,6058,2026-09-02T02:25:34.796Z,FALSE,"",04:30,FALSE
fare_BOM-DEL_6E_2026-09-09_T+7_1788317218631_cwd1,BOM-DEL,EaseMyTrip,6E,6E-2138,2026-09-09,T+7,5009,1100,6109,2026-09-02T02:25:34.796Z,FALSE,"",16:20,FALSE
fare_BOM-DEL_6E_2026-09-09_T+7_1788317218631_oil0,BOM-DEL,EaseMyTrip,6E,6E-5238,2026-09-09,T+7,5009,1100,6109,2026-09-02T02:25:34.796Z,FALSE,"",18:25,FALSE
fare_BOM-DEL_6E_2026-09-09_T+7_1788317218631_w8mr,BOM-DEL,EaseMyTrip,6E,6E-5095,2026-09-09,T+7,5014,1101,6115,2026-09-02T02:25:34.796Z,FALSE,"",09:20,TRUE
fare_BOM-DEL_6E_2026-09-09_T+7_1788317218631_girx,BOM-DEL,EaseMyTrip,6E,6E-6543,2026-09-09,T+7,5022,1102,6124,2026-09-02T02:25:34.796Z,FALSE,"",07:50,FALSE
fare_BOM-DEL_6E_2026-09-09_T+7_1788317218631_jvdu,BOM-DEL,EaseMyTrip,6E,6E-115,2026-09-09,T+7,5076,1114,6190,2026-09-02T02:25:34.796Z,FALSE,"",17:45,FALSE
fare_BOM-DEL_6E_2026-09-09_T+7_1788317218631_0mcn,BOM-DEL,EaseMyTrip,6E,6E-704,2026-09-09,T+7,5076,1114,6190,2026-09-02T02:25:34.796Z,FALSE,"",17:45,FALSE
fare_BOM-DEL_6E_2026-09-09_T+7_1788317218631_knxs,BOM-DEL,EaseMyTrip,6E,6E-5056,2026-09-09,T+7,5076,1114,6190,2026-09-02T02:25:34.796Z,FALSE,"",21:10,FALSE
fare_BOM-DEL_6E_2026-09-09_T+7_1788317218631_lf6o,BOM-DEL,EaseMyTrip,6E,6E-5386,2026-09-09,T+7,5076,1114,6190,2026-09-02T02:25:34.796Z,FALSE,"",15:10,FALSE
fare_BOM-DEL_6E_2026-09-09_T+7_1788317218631_yh0r,BOM-DEL,EaseMyTrip,6E,6E-5318,2026-09-09,T+7,5076,1114,6190,2026-09-02T02:25:34.796Z,FALSE,"",10:15,FALSE
fare_BOM-DEL_6E_2026-09-09_T+7_1788317218631_ww6b,BOM-DEL,EaseMyTrip,6E,6E-6195,2026-09-09,T+7,5076,1114,6190,2026-09-02T02:25:34.796Z,FALSE,"",23:00,FALSE
fare_BOM-DEL_6E_2026-09-09_T+7_1788317218631_2222,BOM-DEL,EaseMyTrip,6E,6E-5326,2026-09-09,T+7,5076,1114,6190,2026-09-02T02:25:34.796Z,FALSE,"",19:40,FALSE
fare_BOM-DEL_IX_2026-09-09_T+7_1788317218631_656s,BOM-DEL,EaseMyTrip,IX,IX-1050,2026-09-09,T+7,5380,1181,6561,2026-09-02T02:25:34.796Z,FALSE,"",08:55,TRUE
fare_BOM-DEL_IX_2026-09-09_T+7_1788317218631_rawu,BOM-DEL,EaseMyTrip,IX,IX-1671,2026-09-09,T+7,5380,1181,6561,2026-09-02T02:25:34.796Z,FALSE,"",16:45,TRUE
fare_BOM-DEL_6E_2026-09-09_T+7_1788317218631_nw8n,BOM-DEL,EaseMyTrip,6E,6E-514,2026-09-09,T+7,5160,1133,6293,2026-09-02T02:25:34.796Z,FALSE,"",01:30,FALSE
fare_BOM-DEL_6E_2026-09-09_T+7_1788317218631_0hue,BOM-DEL,EaseMyTrip,6E,6E-226,2026-09-09,T+7,5160,1133,6293,2026-09-02T02:25:34.796Z,FALSE,"",01:30,FALSE
fare_BOM-DEL_IX_2026-09-09_T+7_1788317218631_qc2a,BOM-DEL,EaseMyTrip,IX,IX-1026,2026-09-09,T+7,5930,1302,7232,2026-09-02T02:25:34.796Z,FALSE,"",05:45,FALSE
fare_BOM-DEL_IX_2026-09-09_T+7_1788317218631_ufxq,BOM-DEL,EaseMyTrip,IX,IX-2153,2026-09-09,T+7,5552,1219,6771,2026-09-02T02:25:34.796Z,FALSE,"",20:25,TRUE
fare_BOM-DEL_QP_2026-09-09_T+7_1788317218631_5z94,BOM-DEL,EaseMyTrip,QP,QP-2071,2026-09-09,T+7,5330,1170,6500,2026-09-02T02:25:34.796Z,FALSE,"",05:45,TRUE
fare_BOM-DEL_6E_2026-09-09_T+7_1788317218631_qgtn,BOM-DEL,EaseMyTrip,6E,6E-476,2026-09-09,T+7,5380,1181,6561,2026-09-02T02:25:34.796Z,FALSE,"",17:20,TRUE
fare_BOM-DEL_6E_2026-09-09_T+7_1788317218631_zmej,BOM-DEL,EaseMyTrip,6E,6E-556,2026-09-09,T+7,5380,1181,6561,2026-09-02T02:25:34.796Z,FALSE,"",17:20,TRUE
fare_BOM-DEL_6E_2026-09-09_T+7_1788317218631_0bhg,BOM-DEL,EaseMyTrip,6E,6E-2090,2026-09-09,T+7,5380,1181,6561,2026-09-02T02:25:34.796Z,FALSE,"",06:25,TRUE
fare_BOM-DEL_QP_2026-09-09_T+7_1788317218631_3z8f,BOM-DEL,EaseMyTrip,QP,QP-1111,2026-09-09,T+7,5381,1181,6562,2026-09-02T02:25:34.796Z,FALSE,"",05:25,TRUE
fare_BOM-DEL_QP_2026-09-09_T+7_1788317218631_ecli,BOM-DEL,EaseMyTrip,QP,QP-1109,2026-09-09,T+7,5381,1181,6562,2026-09-02T02:25:34.796Z,FALSE,"",07:00,TRUE
fare_BOM-DEL_QP_2026-09-09_T+7_1788317218631_ir13,BOM-DEL,EaseMyTrip,QP,QP-1127,2026-09-09,T+7,5381,1181,6562,2026-09-02T02:25:34.796Z,FALSE,"",13:00,TRUE
fare_BOM-DEL_QP_2026-09-09_T+7_1788317218631_iajy,BOM-DEL,EaseMyTrip,QP,QP-1819,2026-09-09,T+7,5381,1181,6562,2026-09-02T02:25:34.796Z,FALSE,"",14:30,TRUE
fare_BOM-DEL_QP_2026-09-09_T+7_1788317218631_c9dx,BOM-DEL,EaseMyTrip,QP,QP-1834,2026-09-09,T+7,5381,1181,6562,2026-09-02T02:25:34.796Z,FALSE,"",10:20,TRUE
fare_BOM-DEL_QP_2026-09-09_T+7_1788317218631_7rdg,BOM-DEL,EaseMyTrip,QP,QP-1825,2026-09-09,T+7,5381,1181,6562,2026-09-02T02:25:34.796Z,FALSE,"",16:50,TRUE
fare_BOM-DEL_QP_2026-09-09_T+7_1788317218631_nogw,BOM-DEL,EaseMyTrip,QP,QP-1835,2026-09-09,T+7,5381,1181,6562,2026-09-02T02:25:34.796Z,FALSE,"",11:50,TRUE
fare_BOM-DEL_QP_2026-09-09_T+7_1788317218631_g0xz,BOM-DEL,EaseMyTrip,QP,QP-1120,2026-09-09,T+7,5381,1181,6562,2026-09-02T02:25:34.796Z,FALSE,"",18:45,TRUE
fare_BOM-DEL_6E_2026-09-09_T+7_1788317218631_uvt4,BOM-DEL,EaseMyTrip,6E,6E-960,2026-09-09,T+7,5381,1181,6562,2026-09-02T02:25:34.796Z,FALSE,"",05:00,TRUE
fare_BOM-DEL_6E_2026-09-09_T+7_1788317218631_ip8b,BOM-DEL,EaseMyTrip,6E,6E-849,2026-09-09,T+7,5381,1181,6562,2026-09-02T02:25:34.796Z,FALSE,"",05:00,TRUE
fare_BOM-DEL_6E_2026-09-09_T+7_1788317218631_bomb,BOM-DEL,EaseMyTrip,6E,6E-812,2026-09-09,T+7,5381,1181,6562,2026-09-02T02:25:34.796Z,FALSE,"",23:45,TRUE
fare_BOM-DEL_6E_2026-09-09_T+7_1788317218631_t2cj,BOM-DEL,EaseMyTrip,6E,6E-547,2026-09-09,T+7,5381,1181,6562,2026-09-02T02:25:34.796Z,FALSE,"",23:45,TRUE
fare_BOM-DEL_6E_2026-09-09_T+7_1788317218631_qto7,BOM-DEL,EaseMyTrip,6E,6E-519,2026-09-09,T+7,5381,1181,6562,2026-09-02T02:25:34.796Z,FALSE,"",17:20,TRUE
fare_BOM-DEL_6E_2026-09-09_T+7_1788317218631_wyjd,BOM-DEL,EaseMyTrip,6E,6E-662,2026-09-09,T+7,5381,1181,6562,2026-09-02T02:25:34.796Z,FALSE,"",17:20,TRUE
fare_BOM-DEL_6E_2026-09-09_T+7_1788317218631_i5j1,BOM-DEL,EaseMyTrip,6E,6E-6082,2026-09-09,T+7,5381,1181,6562,2026-09-02T02:25:34.796Z,FALSE,"",16:45,TRUE
fare_BOM-DEL_6E_2026-09-09_T+7_1788317218631_v1dk,BOM-DEL,EaseMyTrip,6E,6E-525,2026-09-09,T+7,5381,1181,6562,2026-09-02T02:25:34.796Z,FALSE,"",16:00,TRUE
fare_BOM-DEL_6E_2026-09-09_T+7_1788317218631_yu3j,BOM-DEL,EaseMyTrip,6E,6E-895,2026-09-09,T+7,5381,1181,6562,2026-09-02T02:25:34.796Z,FALSE,"",16:00,TRUE
fare_BOM-DEL_6E_2026-09-09_T+7_1788317218631_r8k8,BOM-DEL,EaseMyTrip,6E,6E-474,2026-09-09,T+7,5381,1181,6562,2026-09-02T02:25:34.796Z,FALSE,"",15:00,TRUE
fare_BOM-DEL_6E_2026-09-09_T+7_1788317218631_q1mr,BOM-DEL,EaseMyTrip,6E,6E-891,2026-09-09,T+7,5381,1181,6562,2026-09-02T02:25:34.796Z,FALSE,"",15:00,TRUE
fare_BOM-DEL_6E_2026-09-09_T+7_1788317218631_pi91,BOM-DEL,EaseMyTrip,6E,6E-642,2026-09-09,T+7,5381,1181,6562,2026-09-02T02:25:34.796Z,FALSE,"",13:00,TRUE
fare_BOM-DEL_6E_2026-09-09_T+7_1788317218631_099u,BOM-DEL,EaseMyTrip,6E,6E-229,2026-09-09,T+7,5381,1181,6562,2026-09-02T02:25:34.796Z,FALSE,"",13:00,TRUE
fare_BOM-DEL_6E_2026-09-09_T+7_1788317218631_ublz,BOM-DEL,EaseMyTrip,6E,6E-6704,2026-09-09,T+7,5381,1181,6562,2026-09-02T02:25:34.796Z,FALSE,"",14:00,TRUE
fare_BOM-DEL_6E_2026-09-09_T+7_1788317218631_8s0r,BOM-DEL,EaseMyTrip,6E,6E-6052,2026-09-09,T+7,5381,1181,6562,2026-09-02T02:25:34.796Z,FALSE,"",10:00,TRUE
fare_BOM-DEL_6E_2026-09-09_T+7_1788317218631_cdpv,BOM-DEL,EaseMyTrip,6E,6E-416,2026-09-09,T+7,5381,1181,6562,2026-09-02T02:25:34.796Z,FALSE,"",10:35,TRUE
fare_BOM-DEL_6E_2026-09-09_T+7_1788317218631_18r4,BOM-DEL,EaseMyTrip,6E,6E-452,2026-09-09,T+7,5381,1181,6562,2026-09-02T02:25:34.796Z,FALSE,"",10:35,TRUE
fare_BOM-DEL_6E_2026-09-09_T+7_1788317218631_v06k,BOM-DEL,EaseMyTrip,6E,6E-6827,2026-09-09,T+7,5381,1181,6562,2026-09-02T02:25:34.796Z,FALSE,"",11:30,TRUE
fare_BOM-DEL_QP_2026-09-09_T+7_1788317218631_xos2,BOM-DEL,EaseMyTrip,QP,QP-1939,2026-09-09,T+7,5423,1191,6614,2026-09-02T02:25:34.796Z,FALSE,"",10:10,TRUE
fare_BOM-DEL_6E_2026-09-09_T+7_1788317218631_vg6u,BOM-DEL,EaseMyTrip,6E,6E-5197,2026-09-09,T+7,5423,1191,6614,2026-09-02T02:25:34.796Z,FALSE,"",06:40,TRUE
fare_BOM-DEL_SG_2026-09-09_T+7_1788317218631_e5ao,BOM-DEL,EaseMyTrip,SG,SG-859,2026-09-09,T+7,5659,1242,6901,2026-09-02T02:25:34.796Z,FALSE,"",01:50,TRUE
fare_BOM-DEL_SG_2026-09-09_T+7_1788317218631_i9sz,BOM-DEL,EaseMyTrip,SG,SG-346,2026-09-09,T+7,5659,1242,6901,2026-09-02T02:25:34.796Z,FALSE,"",01:50,TRUE
fare_BOM-DEL_6E_2026-09-09_T+7_1788317218631_9eo7,BOM-DEL,EaseMyTrip,6E,6E-101,2026-09-09,T+7,5510,1210,6720,2026-09-02T02:25:34.796Z,FALSE,"",22:15,TRUE
fare_BOM-DEL_6E_2026-09-09_T+7_1788317218631_w3uu,BOM-DEL,EaseMyTrip,6E,6E-936,2026-09-09,T+7,5510,1210,6720,2026-09-02T02:25:34.796Z,FALSE,"",22:15,TRUE
fare_BOM-DEL_6E_2026-09-09_T+7_1788317218631_whsz,BOM-DEL,EaseMyTrip,6E,6E-502,2026-09-09,T+7,5510,1210,6720,2026-09-02T02:25:34.796Z,FALSE,"",06:00,TRUE
fare_BOM-DEL_6E_2026-09-09_T+7_1788317218631_u1gv,BOM-DEL,EaseMyTrip,6E,6E-775,2026-09-09,T+7,5510,1210,6720,2026-09-02T02:25:34.796Z,FALSE,"",06:00,TRUE
fare_BOM-DEL_6E_2026-09-09_T+7_1788317218631_1ct0,BOM-DEL,EaseMyTrip,6E,6E-6028,2026-09-09,T+7,5510,1210,6720,2026-09-02T02:25:34.796Z,FALSE,"",12:15,TRUE
fare_BOM-DEL_6E_2026-09-09_T+7_1788317218631_mvg2,BOM-DEL,EaseMyTrip,6E,6E-512,2026-09-09,T+7,5510,1210,6720,2026-09-02T02:25:34.796Z,FALSE,"",09:00,TRUE
fare_BOM-DEL_6E_2026-09-09_T+7_1788317218631_37jg,BOM-DEL,EaseMyTrip,6E,6E-375,2026-09-09,T+7,5510,1210,6720,2026-09-02T02:25:34.796Z,FALSE,"",09:00,TRUE
fare_BOM-DEL_6E_2026-09-09_T+7_1788317218631_d5ho,BOM-DEL,EaseMyTrip,6E,6E-890,2026-09-09,T+7,5561,1221,6782,2026-09-02T02:25:34.796Z,FALSE,"",14:40,FALSE
fare_BOM-DEL_6E_2026-09-09_T+7_1788317218631_g0mj,BOM-DEL,EaseMyTrip,6E,6E-387,2026-09-09,T+7,5561,1221,6782,2026-09-02T02:25:34.796Z,FALSE,"",14:40,FALSE
fare_BOM-DEL_AI_2026-09-09_T+7_1788317218631_eah6,BOM-DEL,EaseMyTrip,AI,AI-2422,2026-09-09,T+7,5766,1266,7032,2026-09-02T02:25:34.796Z,FALSE,"",01:00,TRUE
fare_BOM-DEL_AI_2026-09-09_T+7_1788317218631_s6ke,BOM-DEL,EaseMyTrip,AI,AI-2952,2026-09-09,T+7,5766,1266,7032,2026-09-02T02:25:34.796Z,FALSE,"",11:25,TRUE
fare_BOM-DEL_AI_2026-09-09_T+7_1788317218631_zpn5,BOM-DEL,EaseMyTrip,AI,AI-2419,2026-09-09,T+7,5766,1266,7032,2026-09-02T02:25:34.796Z,FALSE,"",12:00,TRUE
fare_BOM-DEL_AI_2026-09-09_T+7_1788317218631_tpm1,BOM-DEL,EaseMyTrip,AI,AI-2944,2026-09-09,T+7,5766,1266,7032,2026-09-02T02:25:34.796Z,FALSE,"",14:35,TRUE
fare_BOM-DEL_AI_2026-09-09_T+7_1788317218631_3peq,BOM-DEL,EaseMyTrip,AI,AI-2442,2026-09-09,T+7,5766,1266,7032,2026-09-02T02:25:34.796Z,FALSE,"",15:00,TRUE
fare_BOM-DEL_AI_2026-09-09_T+7_1788317218631_rp19,BOM-DEL,EaseMyTrip,AI,AI-1851,2026-09-09,T+7,5766,1266,7032,2026-09-02T02:25:34.796Z,FALSE,"",15:30,TRUE
fare_BOM-DEL_AI_2026-09-09_T+7_1788317218631_uguc,BOM-DEL,EaseMyTrip,AI,AI-1882,2026-09-09,T+7,5766,1266,7032,2026-09-02T02:25:34.796Z,FALSE,"",23:55,TRUE
fare_BOM-DEL_AI_2026-09-09_T+7_1788317218631_5qpv,BOM-DEL,EaseMyTrip,AI,AI-2687,2026-09-09,T+7,5766,1266,7032,2026-09-02T02:25:34.796Z,FALSE,"",16:35,TRUE
fare_BOM-DEL_6E_2026-09-09_T+7_1788317218631_7mtn,BOM-DEL,EaseMyTrip,6E,6E-278,2026-09-09,T+7,5683,1247,6930,2026-09-02T02:25:34.796Z,FALSE,"",21:15,TRUE
fare_BOM-DEL_6E_2026-09-09_T+7_1788317218631_1bu4,BOM-DEL,EaseMyTrip,6E,6E-690,2026-09-09,T+7,5683,1247,6930,2026-09-02T02:25:34.796Z,FALSE,"",21:15,TRUE
fare_BOM-DEL_6E_2026-09-09_T+7_1788317218631_nhez,BOM-DEL,EaseMyTrip,6E,6E-762,2026-09-09,T+7,5683,1247,6930,2026-09-02T02:25:34.796Z,FALSE,"",20:20,TRUE
fare_BOM-DEL_6E_2026-09-09_T+7_1788317218631_cfmm,BOM-DEL,EaseMyTrip,6E,6E-641,2026-09-09,T+7,5683,1247,6930,2026-09-02T02:25:34.796Z,FALSE,"",20:20,TRUE
fare_BOM-DEL_6E_2026-09-09_T+7_1788317218631_gynp,BOM-DEL,EaseMyTrip,6E,6E-618,2026-09-09,T+7,5683,1247,6930,2026-09-02T02:25:34.796Z,FALSE,"",19:00,TRUE
fare_BOM-DEL_6E_2026-09-09_T+7_1788317218631_hob7,BOM-DEL,EaseMyTrip,6E,6E-587,2026-09-09,T+7,5683,1247,6930,2026-09-02T02:25:34.796Z,FALSE,"",19:00,TRUE
fare_BOM-DEL_6E_2026-09-09_T+7_1788317218631_0g94,BOM-DEL,EaseMyTrip,6E,6E-583,2026-09-09,T+7,5683,1247,6930,2026-09-02T02:25:34.796Z,FALSE,"",07:00,TRUE
fare_BOM-DEL_6E_2026-09-09_T+7_1788317218631_ve1s,BOM-DEL,EaseMyTrip,6E,6E-414,2026-09-09,T+7,5683,1247,6930,2026-09-02T02:25:34.796Z,FALSE,"",07:00,TRUE
fare_BOM-DEL_6E_2026-09-09_T+7_1788317218631_ck7r,BOM-DEL,EaseMyTrip,6E,6E-961,2026-09-09,T+7,5683,1247,6930,2026-09-02T02:25:34.796Z,FALSE,"",08:00,TRUE
fare_BOM-DEL_6E_2026-09-09_T+7_1788317218631_etmu,BOM-DEL,EaseMyTrip,6E,6E-129,2026-09-09,T+7,5683,1247,6930,2026-09-02T02:25:34.796Z,FALSE,"",08:00,TRUE
fare_BOM-DEL_6E_2026-09-09_T+7_1788317218631_sqe1,BOM-DEL,EaseMyTrip,6E,6E-5135,2026-09-09,T+7,5710,1254,6964,2026-09-02T02:25:34.796Z,FALSE,"",23:20,FALSE
fare_BOM-DEL_6E_2026-09-09_T+7_1788317218631_bvhv,BOM-DEL,EaseMyTrip,6E,6E-2243,2026-09-09,T+7,5724,1257,6981,2026-09-02T02:25:34.796Z,FALSE,"",14:15,TRUE
fare_BOM-DEL_AI_2026-09-09_T+7_1788317218631_lzfw,BOM-DEL,EaseMyTrip,AI,AI-2986,2026-09-09,T+7,5897,1294,7191,2026-09-02T02:25:34.796Z,FALSE,"",22:35,TRUE
fare_BOM-DEL_6E_2026-09-09_T+7_1788317218631_ih4i,BOM-DEL,EaseMyTrip,6E,6E-7017,2026-09-09,T+7,5737,1259,6996,2026-09-02T02:25:34.796Z,FALSE,"",21:30,FALSE
fare_BOM-DEL_6E_2026-09-09_T+7_1788317218631_pm6d,BOM-DEL,EaseMyTrip,6E,6E-6613,2026-09-09,T+7,5897,1295,7192,2026-09-02T02:25:34.796Z,FALSE,"",18:15,TRUE
fare_BOM-DEL_6E_2026-09-09_T+7_1788317218631_175w,BOM-DEL,EaseMyTrip,6E,6E-6049,2026-09-09,T+7,5897,1295,7192,2026-09-02T02:25:34.796Z,FALSE,"",19:45,TRUE
fare_BOM-DEL_AI_2026-09-09_T+7_1788317218631_foao,BOM-DEL,EaseMyTrip,AI,AI-2677,2026-09-09,T+7,6069,1332,7401,2026-09-02T02:25:34.796Z,FALSE,"",13:00,TRUE
fare_BOM-DEL_AI_2026-09-09_T+7_1788317218631_lge0,BOM-DEL,EaseMyTrip,AI,AI-816,2026-09-09,T+7,6069,1332,7401,2026-09-02T02:25:34.796Z,FALSE,"",21:00,TRUE
fare_BOM-DEL_AI_2026-09-09_T+7_1788317218631_dxk7,BOM-DEL,EaseMyTrip,AI,AI-1895,2026-09-09,T+7,6069,1332,7401,2026-09-02T02:25:34.796Z,FALSE,"",21:30,TRUE
fare_BOM-DEL_AI_2026-09-09_T+7_1788317218631_eg79,BOM-DEL,EaseMyTrip,AI,AI-2430,2026-09-09,T+7,6069,1332,7401,2026-09-02T02:25:34.796Z,FALSE,"",10:00,TRUE
fare_BOM-DEL_IX_2026-09-09_T+7_1788317218631_q0rx,BOM-DEL,EaseMyTrip,IX,IX-1237,2026-09-09,T+7,6857,1505,8362,2026-09-02T02:25:34.796Z,FALSE,"",05:55,FALSE
fare_BOM-DEL_AI_2026-09-09_T+7_1788317218631_xucd,BOM-DEL,EaseMyTrip,AI,AI-2928,2026-09-09,T+7,6220,1365,7585,2026-09-02T02:25:34.796Z,FALSE,"",06:30,TRUE
fare_BOM-DEL_6E_2026-09-09_T+7_1788317218631_gav7,BOM-DEL,EaseMyTrip,6E,6E-400,2026-09-09,T+7,6099,1339,7438,2026-09-02T02:25:34.796Z,FALSE,"",12:40,FALSE
fare_BOM-DEL_6E_2026-09-09_T+7_1788317218631_mljr,BOM-DEL,EaseMyTrip,6E,6E-631,2026-09-09,T+7,6099,1339,7438,2026-09-02T02:25:34.796Z,FALSE,"",12:40,FALSE
fare_BOM-DEL_AI_2026-09-09_T+7_1788317218631_op1u,BOM-DEL,EaseMyTrip,AI,AI-2428,2026-09-09,T+7,6270,1376,7646,2026-09-02T02:25:34.796Z,FALSE,"",08:00,TRUE
fare_BOM-DEL_AI_2026-09-09_T+7_1788317218631_8f7g,BOM-DEL,EaseMyTrip,AI,AI-2424,2026-09-09,T+7,6270,1376,7646,2026-09-02T02:25:34.796Z,FALSE,"",07:00,TRUE
fare_BOM-DEL_AI_2026-09-09_T+7_1788317218631_mj19,BOM-DEL,EaseMyTrip,AI,AI-2930,2026-09-09,T+7,6283,1379,7662,2026-09-02T02:25:34.796Z,FALSE,"",07:30,TRUE
fare_BOM-DEL_AI_2026-09-09_T+7_1788317218631_rimd,BOM-DEL,EaseMyTrip,AI,AI-2988,2026-09-09,T+7,6283,1379,7662,2026-09-02T02:25:34.796Z,FALSE,"",20:30,TRUE
fare_BOM-DEL_AI_2026-09-09_T+7_1788317218631_w9t0,BOM-DEL,EaseMyTrip,AI,AI-2432,2026-09-09,T+7,6440,1414,7854,2026-09-02T02:25:34.796Z,FALSE,"",09:30,TRUE
fare_BOM-DEL_AI_2026-09-09_T+7_1788317218631_o1zn,BOM-DEL,EaseMyTrip,AI,AI-2970,2026-09-09,T+7,6440,1414,7854,2026-09-02T02:25:34.796Z,FALSE,"",08:30,TRUE
fare_BOM-DEL_6E_2026-09-09_T+7_1788317218631_1qei,BOM-DEL,EaseMyTrip,6E,6E-6361,2026-09-09,T+7,6345,1393,7738,2026-09-02T02:25:34.796Z,FALSE,"",05:00,FALSE
fare_BOM-DEL_AI_2026-09-09_T+7_1788317218631_ufrz,BOM-DEL,EaseMyTrip,AI,AI-2940,2026-09-09,T+7,6707,1472,8179,2026-09-02T02:25:34.796Z,FALSE,"",20:00,TRUE
fare_BOM-DEL_AI_2026-09-09_T+7_1788317218631_x8el,BOM-DEL,EaseMyTrip,AI,AI-2440,2026-09-09,T+7,6762,1484,8246,2026-09-02T02:25:34.796Z,FALSE,"",18:00,TRUE
fare_BOM-DEL_6E_2026-09-09_T+7_1788317218631_h1mw,BOM-DEL,EaseMyTrip,6E,6E-2024,2026-09-09,T+7,6765,1485,8250,2026-09-02T02:25:34.796Z,FALSE,"",09:15,FALSE
fare_BOM-DEL_IX_2026-09-09_T+7_1788317218631_k74m,BOM-DEL,EaseMyTrip,IX,IX-1283,2026-09-09,T+7,8168,1793,9961,2026-09-02T02:25:34.796Z,FALSE,"",09:05,FALSE
fare_BOM-DEL_6E_2026-09-09_T+7_1788317218631_0bm0,BOM-DEL,EaseMyTrip,6E,6E-5144,2026-09-09,T+7,7601,1669,9270,2026-09-02T02:25:34.796Z,FALSE,"",06:10,FALSE
fare_BOM-DEL_6E_2026-09-09_T+7_1788317218631_9cfh,BOM-DEL,EaseMyTrip,6E,6E-5201,2026-09-09,T+7,7601,1669,9270,2026-09-02T02:25:34.796Z,FALSE,"",14:55,FALSE
fare_BOM-DEL_AI_2026-09-09_T+7_1788317218631_s826,BOM-DEL,EaseMyTrip,AI,AI-1891,2026-09-09,T+7,7830,1719,9549,2026-09-02T02:25:34.796Z,FALSE,"",08:10,TRUE
fare_BOM-DEL_AI_2026-09-09_T+7_1788317218631_1szd,BOM-DEL,EaseMyTrip,AI,AI-9558,2026-09-09,T+7,8225,1805,10030,2026-09-02T02:25:34.796Z,FALSE,"",07:30,FALSE
fare_BOM-DEL_IX_2026-09-09_T+7_1788317218631_5i10,BOM-DEL,EaseMyTrip,IX,IX-1163,2026-09-09,T+7,8936,1962,10898,2026-09-02T02:25:34.796Z,FALSE,"",20:45,FALSE
fare_BOM-DEL_6E_2026-09-09_T+7_1788317218631_x5bk,BOM-DEL,EaseMyTrip,6E,6E-5281,2026-09-09,T+7,8951,1965,10916,2026-09-02T02:25:34.796Z,FALSE,"",08:40,FALSE
fare_BOM-DEL_6E_2026-09-09_T+7_1788317218631_e64m,BOM-DEL,EaseMyTrip,6E,6E-5178,2026-09-09,T+7,9231,2026,11257,2026-09-02T02:25:34.796Z,TRUE,"High outlier: ₹11257 > upper fence ₹10922 (Q3: ₹8306, IQR: ₹1744)",11:45,FALSE
fare_BOM-DEL_AI_2026-09-09_T+7_1788317218631_3zyy,BOM-DEL,EaseMyTrip,AI,AI-9753,2026-09-09,T+7,9534,2093,11627,2026-09-02T02:25:34.796Z,TRUE,"High outlier: ₹11627 > upper fence ₹10922 (Q3: ₹8306, IQR: ₹1744)",05:45,FALSE
fare_BOM-DEL_IX_2026-09-09_T+7_1788317218631_tyxs,BOM-DEL,EaseMyTrip,IX,IX-1626,2026-09-09,T+7,9975,2190,12165,2026-09-02T02:25:34.796Z,TRUE,"High outlier: ₹12165 > upper fence ₹10922 (Q3: ₹8306, IQR: ₹1744)",12:00,FALSE
fare_BOM-DEL_IX_2026-09-09_T+7_1788317218631_mauu,BOM-DEL,EaseMyTrip,IX,IX-1347,2026-09-09,T+7,9975,2190,12165,2026-09-02T02:25:34.796Z,TRUE,"High outlier: ₹12165 > upper fence ₹10922 (Q3: ₹8306, IQR: ₹1744)",06:00,FALSE
fare_BOM-DEL_IX_2026-09-09_T+7_1788317218631_m7xb,BOM-DEL,EaseMyTrip,IX,IX-1238,2026-09-09,T+7,11038,2423,13461,2026-09-02T02:25:34.796Z,TRUE,"High outlier: ₹13461 > upper fence ₹10922 (Q3: ₹8306, IQR: ₹1744)",12:25,FALSE
fare_BOM-DEL_AI_2026-09-09_T+7_1788317218631_1n1i,BOM-DEL,EaseMyTrip,AI,AI-2491,2026-09-09,T+7,10466,2298,12764,2026-09-02T02:25:34.796Z,TRUE,"High outlier: ₹12764 > upper fence ₹10922 (Q3: ₹8306, IQR: ₹1744)",11:15,FALSE
fare_BOM-DEL_QP_2026-09-09_T+7_1788317218631_in8k,BOM-DEL,EaseMyTrip,QP,QP-1516,2026-09-09,T+7,10330,2267,12597,2026-09-02T02:25:34.796Z,TRUE,"High outlier: ₹12597 > upper fence ₹10922 (Q3: ₹8306, IQR: ₹1744)",00:40,FALSE
fare_BOM-DEL_IX_2026-09-09_T+7_1788317218631_louw,BOM-DEL,EaseMyTrip,IX,IX-1640,2026-09-09,T+7,10837,2379,13216,2026-09-02T02:25:34.796Z,TRUE,"High outlier: ₹13216 > upper fence ₹10922 (Q3: ₹8306, IQR: ₹1744)",21:10,FALSE
fare_BOM-DEL_AI_2026-09-09_T+7_1788317218631_ztf7,BOM-DEL,EaseMyTrip,AI,AI-2408,2026-09-09,T+7,10938,2401,13339,2026-09-02T02:25:34.796Z,TRUE,"High outlier: ₹13339 > upper fence ₹10922 (Q3: ₹8306, IQR: ₹1744)",19:30,TRUE
fare_BOM-DEL_6E_2026-09-09_T+7_1788317218631_w09z,BOM-DEL,EaseMyTrip,6E,6E-5246,2026-09-09,T+7,10862,2384,13246,2026-09-02T02:25:34.796Z,TRUE,"High outlier: ₹13246 > upper fence ₹10922 (Q3: ₹8306, IQR: ₹1744)",07:15,FALSE
fare_BOM-DEL_AI_2026-09-09_T+7_1788317218631_7992,BOM-DEL,EaseMyTrip,AI,AI-2493,2026-09-09,T+7,11126,2442,13568,2026-09-02T02:25:34.796Z,TRUE,"High outlier: ₹13568 > upper fence ₹10922 (Q3: ₹8306, IQR: ₹1744)",18:25,FALSE
fare_BOM-DEL_AI_2026-09-09_T+7_1788317218631_sbyz,BOM-DEL,EaseMyTrip,AI,AI-2919,2026-09-09,T+7,11126,2442,13568,2026-09-02T02:25:34.796Z,TRUE,"High outlier: ₹13568 > upper fence ₹10922 (Q3: ₹8306, IQR: ₹1744)",21:35,FALSE
fare_BOM-DEL_AI_2026-09-09_T+7_1788317218631_cbyd,BOM-DEL,EaseMyTrip,AI,AI-2663,2026-09-09,T+7,11217,2462,13679,2026-09-02T02:25:34.796Z,TRUE,"High outlier: ₹13679 > upper fence ₹10922 (Q3: ₹8306, IQR: ₹1744)",10:25,FALSE
fare_BOM-DEL_AI_2026-09-09_T+7_1788317218631_eyv2,BOM-DEL,EaseMyTrip,AI,AI-2915,2026-09-09,T+7,11236,2466,13702,2026-09-02T02:25:34.796Z,TRUE,"High outlier: ₹13702 > upper fence ₹10922 (Q3: ₹8306, IQR: ₹1744)",15:30,FALSE
fare_BOM-DEL_AI_2026-09-09_T+7_1788317218631_ugap,BOM-DEL,EaseMyTrip,AI,AI-2847,2026-09-09,T+7,11399,2502,13901,2026-09-02T02:25:34.796Z,TRUE,"High outlier: ₹13901 > upper fence ₹10922 (Q3: ₹8306, IQR: ₹1744)",09:25,FALSE
fare_BOM-DEL_AI_2026-09-09_T+7_1788317218631_px6s,BOM-DEL,EaseMyTrip,AI,AI-493,2026-09-09,T+7,11399,2502,13901,2026-09-02T02:25:34.796Z,TRUE,"High outlier: ₹13901 > upper fence ₹10922 (Q3: ₹8306, IQR: ₹1744)",06:40,FALSE
fare_BOM-DEL_QP_2026-09-09_T+7_1788317218631_3oef,BOM-DEL,EaseMyTrip,QP,QP-1129,2026-09-09,T+7,11773,2584,14357,2026-09-02T02:25:34.796Z,TRUE,"High outlier: ₹14357 > upper fence ₹10922 (Q3: ₹8306, IQR: ₹1744)",08:45,FALSE
fare_BOM-DEL_AI_2026-09-09_T+7_1788317218631_j4de,BOM-DEL,EaseMyTrip,AI,AI-2785,2026-09-09,T+7,12656,2778,15434,2026-09-02T02:25:34.796Z,TRUE,"High outlier: ₹15434 > upper fence ₹10922 (Q3: ₹8306, IQR: ₹1744)",06:40,FALSE
fare_BOM-DEL_AI_2026-09-09_T+7_1788317218631_07zn,BOM-DEL,EaseMyTrip,AI,AI-9891,2026-09-09,T+7,12759,2801,15560,2026-09-02T02:25:34.796Z,TRUE,"High outlier: ₹15560 > upper fence ₹10922 (Q3: ₹8306, IQR: ₹1744)",13:10,FALSE
fare_BOM-DEL_AI_2026-09-09_T+7_1788317218631_aiy6,BOM-DEL,EaseMyTrip,AI,AI-2659,2026-09-09,T+7,13091,2874,15965,2026-09-02T02:25:34.796Z,TRUE,"High outlier: ₹15965 > upper fence ₹10922 (Q3: ₹8306, IQR: ₹1744)",14:35,FALSE
fare_BOM-DEL_AI_2026-09-09_T+7_1788317218631_klha,BOM-DEL,EaseMyTrip,AI,AI-2505,2026-09-09,T+7,13425,2947,16372,2026-09-02T02:25:34.796Z,TRUE,"High outlier: ₹16372 > upper fence ₹10922 (Q3: ₹8306, IQR: ₹1744)",19:20,FALSE
fare_BOM-DEL_AI_2026-09-09_T+7_1788317218631_zvqo,BOM-DEL,EaseMyTrip,AI,AI-2745,2026-09-09,T+7,13425,2947,16372,2026-09-02T02:25:34.796Z,TRUE,"High outlier: ₹16372 > upper fence ₹10922 (Q3: ₹8306, IQR: ₹1744)",15:30,FALSE
fare_BOM-DEL_AI_2026-09-09_T+7_1788317218631_j3y5,BOM-DEL,EaseMyTrip,AI,AI-2753,2026-09-09,T+7,13595,2984,16579,2026-09-02T02:25:34.796Z,TRUE,"High outlier: ₹16579 > upper fence ₹10922 (Q3: ₹8306, IQR: ₹1744)",13:50,FALSE
fare_BOM-DEL_AI_2026-09-09_T+7_1788317218631_f7lu,BOM-DEL,EaseMyTrip,AI,AI-2741,2026-09-09,T+7,13953,3063,17016,2026-09-02T02:25:34.796Z,TRUE,"High outlier: ₹17016 > upper fence ₹10922 (Q3: ₹8306, IQR: ₹1744)",07:40,FALSE
fare_BOM-DEL_AI_2026-09-09_T+7_1788317218631_uazs,BOM-DEL,EaseMyTrip,AI,AI-2749,2026-09-09,T+7,14173,3111,17284,2026-09-02T02:25:34.796Z,TRUE,"High outlier: ₹17284 > upper fence ₹10922 (Q3: ₹8306, IQR: ₹1744)",17:35,FALSE
fare_BOM-DEL_AI_2026-09-09_T+7_1788317218631_3cbm,BOM-DEL,EaseMyTrip,AI,AI-2444,2026-09-09,T+7,14603,3206,17809,2026-09-02T02:25:34.796Z,TRUE,"High outlier: ₹17809 > upper fence ₹10922 (Q3: ₹8306, IQR: ₹1744)",10:50,FALSE
fare_BOM-DEL_AI_2026-09-09_T+7_1788317218631_tvog,BOM-DEL,EaseMyTrip,AI,AI-2531,2026-09-09,T+7,14715,3230,17945,2026-09-02T02:25:34.796Z,TRUE,"High outlier: ₹17945 > upper fence ₹10922 (Q3: ₹8306, IQR: ₹1744)",15:05,FALSE
fare_BOM-DEL_AI_2026-09-09_T+7_1788317218631_omm3,BOM-DEL,EaseMyTrip,AI,AI-2625,2026-09-09,T+7,14755,3239,17994,2026-09-02T02:25:34.796Z,TRUE,"High outlier: ₹17994 > upper fence ₹10922 (Q3: ₹8306, IQR: ₹1744)",06:00,FALSE
fare_BOM-DEL_AI_2026-09-09_T+7_1788317218631_2mv6,BOM-DEL,EaseMyTrip,AI,AI-9533,2026-09-09,T+7,15471,3396,18867,2026-09-02T02:25:34.796Z,TRUE,"High outlier: ₹18867 > upper fence ₹10922 (Q3: ₹8306, IQR: ₹1744)",16:30,FALSE
fare_BOM-DEL_AI_2026-09-09_T+7_1788317218631_lju0,BOM-DEL,EaseMyTrip,AI,AI-2781,2026-09-09,T+7,15493,3401,18894,2026-09-02T02:25:34.796Z,TRUE,"High outlier: ₹18894 > upper fence ₹10922 (Q3: ₹8306, IQR: ₹1744)",10:45,FALSE
fare_BOM-DEL_AI_2026-09-09_T+7_1788317218631_5873,BOM-DEL,EaseMyTrip,AI,AI-2853,2026-09-09,T+7,16243,3565,19808,2026-09-02T02:25:34.796Z,TRUE,"High outlier: ₹19808 > upper fence ₹10922 (Q3: ₹8306, IQR: ₹1744)",15:25,FALSE
fare_BOM-DEL_SG_2026-09-09_T+7_1788317218631_ehvo,BOM-DEL,EaseMyTrip,SG,SG-749,2026-09-09,T+7,16585,3640,20225,2026-09-02T02:25:34.796Z,TRUE,"High outlier: ₹20225 > upper fence ₹10922 (Q3: ₹8306, IQR: ₹1744)",23:25,TRUE
fare_BOM-DEL_SG_2026-09-09_T+7_1788317218631_w513,BOM-DEL,EaseMyTrip,SG,SG-487,2026-09-09,T+7,16585,3640,20225,2026-09-02T02:25:34.796Z,TRUE,"High outlier: ₹20225 > upper fence ₹10922 (Q3: ₹8306, IQR: ₹1744)",23:25,TRUE
fare_BOM-DEL_AI_2026-09-09_T+7_1788317218631_zcy8,BOM-DEL,EaseMyTrip,AI,AI-603,2026-09-09,T+7,19030,4177,23207,2026-09-02T02:25:34.796Z,TRUE,"High outlier: ₹23207 > upper fence ₹10922 (Q3: ₹8306, IQR: ₹1744)",05:10,FALSE
fare_DEL-BOM_IX_2026-09-17_T+15_1788317218632_11mc,DEL-BOM,EaseMyTrip,IX,IX-1165,2026-09-17,T+15,5354,1175,6529,2026-09-02T02:25:08.999Z,FALSE,"",05:45,FALSE
fare_DEL-BOM_IX_2026-09-17_T+15_1788317218632_00f9,DEL-BOM,EaseMyTrip,IX,IX-1235,2026-09-17,T+15,5354,1175,6529,2026-09-02T02:25:08.999Z,FALSE,"",23:25,TRUE
fare_DEL-BOM_IX_2026-09-17_T+15_1788317218632_7nyd,DEL-BOM,EaseMyTrip,IX,IX-1056,2026-09-17,T+15,5354,1175,6529,2026-09-02T02:25:08.999Z,FALSE,"",05:35,TRUE
fare_DEL-BOM_IX_2026-09-17_T+15_1788317218632_243u,DEL-BOM,EaseMyTrip,IX,IX-1038,2026-09-17,T+15,5354,1175,6529,2026-09-02T02:25:08.999Z,FALSE,"",17:35,TRUE
fare_DEL-BOM_IX_2026-09-17_T+15_1788317218632_mcmk,DEL-BOM,EaseMyTrip,IX,IX-1080,2026-09-17,T+15,5354,1175,6529,2026-09-02T02:25:08.999Z,FALSE,"",18:40,TRUE
fare_DEL-BOM_6E_2026-09-17_T+15_1788317218632_gx3k,DEL-BOM,EaseMyTrip,6E,6E-6470,2026-09-17,T+15,5354,1175,6529,2026-09-02T02:25:08.999Z,FALSE,"",06:55,TRUE
fare_DEL-BOM_QP_2026-09-17_T+15_1788317218632_7hzi,DEL-BOM,EaseMyTrip,QP,QP-1119,2026-09-17,T+15,5355,1175,6530,2026-09-02T02:25:08.999Z,FALSE,"",08:40,TRUE
fare_DEL-BOM_QP_2026-09-17_T+15_1788317218632_8t53,DEL-BOM,EaseMyTrip,QP,QP-1110,2026-09-17,T+15,5355,1175,6530,2026-09-02T02:25:08.999Z,FALSE,"",10:30,TRUE
fare_DEL-BOM_QP_2026-09-17_T+15_1788317218632_j1bb,DEL-BOM,EaseMyTrip,QP,QP-1820,2026-09-17,T+15,5355,1175,6530,2026-09-02T02:25:08.999Z,FALSE,"",17:30,TRUE
fare_DEL-BOM_QP_2026-09-17_T+15_1788317218632_2rmf,DEL-BOM,EaseMyTrip,QP,QP-1833,2026-09-17,T+15,5355,1175,6530,2026-09-02T02:25:08.999Z,FALSE,"",06:50,TRUE
fare_DEL-BOM_QP_2026-09-17_T+15_1788317218632_4ohl,DEL-BOM,EaseMyTrip,QP,QP-1112,2026-09-17,T+15,5355,1175,6530,2026-09-02T02:25:08.999Z,FALSE,"",09:20,TRUE
fare_DEL-BOM_QP_2026-09-17_T+15_1788317218632_exjk,DEL-BOM,EaseMyTrip,QP,QP-1128,2026-09-17,T+15,5355,1175,6530,2026-09-02T02:25:08.999Z,FALSE,"",16:00,TRUE
fare_DEL-BOM_QP_2026-09-17_T+15_1788317218632_ono4,DEL-BOM,EaseMyTrip,QP,QP-1836,2026-09-17,T+15,5355,1175,6530,2026-09-02T02:25:08.999Z,FALSE,"",12:30,TRUE
fare_DEL-BOM_QP_2026-09-17_T+15_1788317218632_dcnl,DEL-BOM,EaseMyTrip,QP,QP-1826,2026-09-17,T+15,5355,1175,6530,2026-09-02T02:25:08.999Z,FALSE,"",19:55,TRUE
fare_DEL-BOM_6E_2026-09-17_T+15_1788317218632_61mp,DEL-BOM,EaseMyTrip,6E,6E-717,2026-09-17,T+15,5355,1175,6530,2026-09-02T02:25:08.999Z,FALSE,"",23:30,TRUE
fare_DEL-BOM_6E_2026-09-17_T+15_1788317218632_wh7b,DEL-BOM,EaseMyTrip,6E,6E-428,2026-09-17,T+15,5355,1175,6530,2026-09-02T02:25:08.999Z,FALSE,"",23:30,TRUE
fare_DEL-BOM_6E_2026-09-17_T+15_1788317218632_5o7n,DEL-BOM,EaseMyTrip,6E,6E-6114,2026-09-17,T+15,5355,1175,6530,2026-09-02T02:25:08.999Z,FALSE,"",22:45,TRUE
fare_DEL-BOM_6E_2026-09-17_T+15_1788317218632_q4c2,DEL-BOM,EaseMyTrip,6E,6E-6706,2026-09-17,T+15,5355,1175,6530,2026-09-02T02:25:08.999Z,FALSE,"",17:00,TRUE
fare_DEL-BOM_6E_2026-09-17_T+15_1788317218632_0mj3,DEL-BOM,EaseMyTrip,6E,6E-396,2026-09-17,T+15,5355,1175,6530,2026-09-02T02:25:08.999Z,FALSE,"",16:15,TRUE
fare_DEL-BOM_6E_2026-09-17_T+15_1788317218632_mbd7,DEL-BOM,EaseMyTrip,6E,6E-152,2026-09-17,T+15,5355,1175,6530,2026-09-02T02:25:08.999Z,FALSE,"",16:15,TRUE
fare_DEL-BOM_6E_2026-09-17_T+15_1788317218632_p2ll,DEL-BOM,EaseMyTrip,6E,6E-156,2026-09-17,T+15,5355,1175,6530,2026-09-02T02:25:08.999Z,FALSE,"",15:30,TRUE
fare_DEL-BOM_6E_2026-09-17_T+15_1788317218632_qy6n,DEL-BOM,EaseMyTrip,6E,6E-885,2026-09-17,T+15,5355,1175,6530,2026-09-02T02:25:08.999Z,FALSE,"",15:30,TRUE
fare_DEL-BOM_6E_2026-09-17_T+15_1788317218632_0q8v,DEL-BOM,EaseMyTrip,6E,6E-6022,2026-09-17,T+15,5355,1175,6530,2026-09-02T02:25:08.999Z,FALSE,"",14:00,TRUE
fare_DEL-BOM_6E_2026-09-17_T+15_1788317218632_thop,DEL-BOM,EaseMyTrip,6E,6E-833,2026-09-17,T+15,5355,1175,6530,2026-09-02T02:25:08.999Z,FALSE,"",08:45,TRUE
fare_DEL-BOM_6E_2026-09-17_T+15_1788317218632_nw6c,DEL-BOM,EaseMyTrip,6E,6E-348,2026-09-17,T+15,5355,1175,6530,2026-09-02T02:25:08.999Z,FALSE,"",08:45,TRUE
fare_DEL-BOM_6E_2026-09-17_T+15_1788317218632_1les,DEL-BOM,EaseMyTrip,6E,6E-6328,2026-09-17,T+15,5355,1175,6530,2026-09-02T02:25:08.999Z,FALSE,"",10:15,TRUE
fare_DEL-BOM_6E_2026-09-17_T+15_1788317218632_e492,DEL-BOM,EaseMyTrip,6E,6E-6676,2026-09-17,T+15,5355,1175,6530,2026-09-02T02:25:08.999Z,FALSE,"",12:00,TRUE
fare_DEL-BOM_6E_2026-09-17_T+15_1788317218632_7t9a,DEL-BOM,EaseMyTrip,6E,6E-357,2026-09-17,T+15,5355,1175,6530,2026-09-02T02:25:08.999Z,FALSE,"",13:00,TRUE
fare_DEL-BOM_6E_2026-09-17_T+15_1788317218632_r9bf,DEL-BOM,EaseMyTrip,6E,6E-899,2026-09-17,T+15,5355,1175,6530,2026-09-02T02:25:08.999Z,FALSE,"",13:00,TRUE
fare_DEL-BOM_6E_2026-09-17_T+15_1788317218632_eode,DEL-BOM,EaseMyTrip,6E,6E-6107,2026-09-17,T+15,5355,1175,6530,2026-09-02T02:25:08.999Z,FALSE,"",09:30,TRUE
fare_DEL-BOM_6E_2026-09-17_T+15_1788317218632_dh48,DEL-BOM,EaseMyTrip,6E,6E-6190,2026-09-17,T+15,5410,1188,6598,2026-09-02T02:25:08.999Z,FALSE,"",07:40,FALSE
fare_DEL-BOM_QP_2026-09-17_T+15_1788317218632_cdn2,DEL-BOM,EaseMyTrip,QP,QP-1940,2026-09-17,T+15,5427,1191,6618,2026-09-02T02:25:08.999Z,FALSE,"",14:05,TRUE
fare_DEL-BOM_6E_2026-09-17_T+15_1788317218632_zo3a,DEL-BOM,EaseMyTrip,6E,6E-5073,2026-09-17,T+15,5427,1191,6618,2026-09-02T02:25:08.999Z,FALSE,"",17:05,FALSE
fare_DEL-BOM_6E_2026-09-17_T+15_1788317218632_88o4,DEL-BOM,EaseMyTrip,6E,6E-2076,2026-09-17,T+15,5427,1191,6618,2026-09-02T02:25:08.999Z,FALSE,"",07:30,FALSE
fare_DEL-BOM_6E_2026-09-17_T+15_1788317218632_ev7s,DEL-BOM,EaseMyTrip,6E,6E-5119,2026-09-17,T+15,5427,1191,6618,2026-09-02T02:25:08.999Z,FALSE,"",05:10,FALSE
fare_DEL-BOM_6E_2026-09-17_T+15_1788317218632_cazq,DEL-BOM,EaseMyTrip,6E,6E-6983,2026-09-17,T+15,5427,1191,6618,2026-09-02T02:25:08.999Z,FALSE,"",15:35,FALSE
fare_DEL-BOM_6E_2026-09-17_T+15_1788317218632_eqv4,DEL-BOM,EaseMyTrip,6E,6E-6261,2026-09-17,T+15,5427,1191,6618,2026-09-02T02:25:08.999Z,FALSE,"",00:15,FALSE
fare_DEL-BOM_6E_2026-09-17_T+15_1788317218632_wbcg,DEL-BOM,EaseMyTrip,6E,6E-2013,2026-09-17,T+15,5427,1191,6618,2026-09-02T02:25:08.999Z,FALSE,"",21:50,FALSE
fare_DEL-BOM_6E_2026-09-17_T+15_1788317218632_m9vl,DEL-BOM,EaseMyTrip,6E,6E-2331,2026-09-17,T+15,5427,1191,6618,2026-09-02T02:25:08.999Z,FALSE,"",12:20,FALSE
fare_DEL-BOM_6E_2026-09-17_T+15_1788317218632_br31,DEL-BOM,EaseMyTrip,6E,6E-983,2026-09-17,T+15,5484,1204,6688,2026-09-02T02:25:08.999Z,FALSE,"",05:00,TRUE
fare_DEL-BOM_6E_2026-09-17_T+15_1788317218632_ov4h,DEL-BOM,EaseMyTrip,6E,6E-552,2026-09-17,T+15,5484,1204,6688,2026-09-02T02:25:08.999Z,FALSE,"",05:00,TRUE
fare_DEL-BOM_6E_2026-09-17_T+15_1788317218632_lp1s,DEL-BOM,EaseMyTrip,6E,6E-6318,2026-09-17,T+15,5484,1204,6688,2026-09-02T02:25:08.999Z,FALSE,"",14:45,TRUE
fare_DEL-BOM_6E_2026-09-17_T+15_1788317218632_fszk,DEL-BOM,EaseMyTrip,6E,6E-6218,2026-09-17,T+15,5484,1204,6688,2026-09-02T02:25:08.999Z,FALSE,"",06:05,TRUE
fare_DEL-BOM_6E_2026-09-17_T+15_1788317218632_8hk1,DEL-BOM,EaseMyTrip,6E,6E-6047,2026-09-17,T+15,5484,1204,6688,2026-09-02T02:25:08.999Z,FALSE,"",11:00,TRUE
fare_DEL-BOM_6E_2026-09-17_T+15_1788317218632_3k3t,DEL-BOM,EaseMyTrip,6E,6E-6490,2026-09-17,T+15,5518,1211,6729,2026-09-02T02:25:08.999Z,FALSE,"",04:55,FALSE
fare_DEL-BOM_6E_2026-09-17_T+15_1788317218632_9mku,DEL-BOM,EaseMyTrip,6E,6E-517,2026-09-17,T+15,5526,1213,6739,2026-09-02T02:25:08.999Z,FALSE,"",20:20,TRUE
fare_DEL-BOM_6E_2026-09-17_T+15_1788317218632_adlo,DEL-BOM,EaseMyTrip,6E,6E-438,2026-09-17,T+15,5526,1213,6739,2026-09-02T02:25:08.999Z,FALSE,"",20:20,TRUE
fare_DEL-BOM_6E_2026-09-17_T+15_1788317218632_nvl4,DEL-BOM,EaseMyTrip,6E,6E-2249,2026-09-17,T+15,5535,1215,6750,2026-09-02T02:25:08.999Z,FALSE,"",15:00,FALSE
fare_DEL-BOM_6E_2026-09-17_T+15_1788317218632_uyc2,DEL-BOM,EaseMyTrip,6E,6E-2169,2026-09-17,T+15,5535,1215,6750,2026-09-02T02:25:08.999Z,FALSE,"",19:40,FALSE
fare_DEL-BOM_6E_2026-09-17_T+15_1788317218632_ctty,DEL-BOM,EaseMyTrip,6E,6E-6829,2026-09-17,T+15,5535,1215,6750,2026-09-02T02:25:08.999Z,FALSE,"",17:20,FALSE
fare_DEL-BOM_6E_2026-09-17_T+15_1788317218632_8fip,DEL-BOM,EaseMyTrip,6E,6E-6443,2026-09-17,T+15,5535,1215,6750,2026-09-02T02:25:08.999Z,FALSE,"",09:00,FALSE
fare_DEL-BOM_6E_2026-09-17_T+15_1788317218632_f5n5,DEL-BOM,EaseMyTrip,6E,6E-6433,2026-09-17,T+15,5535,1215,6750,2026-09-02T02:25:08.999Z,FALSE,"",16:30,FALSE
fare_DEL-BOM_6E_2026-09-17_T+15_1788317218632_3sii,DEL-BOM,EaseMyTrip,6E,6E-5138,2026-09-17,T+15,5535,1215,6750,2026-09-02T02:25:08.999Z,FALSE,"",19:10,FALSE
fare_DEL-BOM_6E_2026-09-17_T+15_1788317218632_qwk7,DEL-BOM,EaseMyTrip,6E,6E-6459,2026-09-17,T+15,5535,1215,6750,2026-09-02T02:25:08.999Z,FALSE,"",05:55,FALSE
fare_DEL-BOM_AI_2026-09-17_T+15_1788317218632_7t7q,DEL-BOM,EaseMyTrip,AI,AI-2963,2026-09-17,T+15,5740,1260,7000,2026-09-02T02:25:08.999Z,FALSE,"",09:00,TRUE
fare_DEL-BOM_AI_2026-09-17_T+15_1788317218632_75gz,DEL-BOM,EaseMyTrip,AI,AI-1745,2026-09-17,T+15,5740,1260,7000,2026-09-02T02:25:08.999Z,FALSE,"",05:00,TRUE
fare_DEL-BOM_AI_2026-09-17_T+15_1788317218632_62uw,DEL-BOM,EaseMyTrip,AI,AI-2941,2026-09-17,T+15,5740,1260,7000,2026-09-02T02:25:08.999Z,FALSE,"",16:30,TRUE
fare_DEL-BOM_AI_2026-09-17_T+15_1788317218632_bf76,DEL-BOM,EaseMyTrip,AI,AI-2995,2026-09-17,T+15,5740,1260,7000,2026-09-02T02:25:08.999Z,FALSE,"",10:00,TRUE
fare_DEL-BOM_AI_2026-09-17_T+15_1788317218632_ytxk,DEL-BOM,EaseMyTrip,AI,AI-1785,2026-09-17,T+15,5740,1260,7000,2026-09-02T02:25:08.999Z,FALSE,"",12:00,TRUE
fare_DEL-BOM_AI_2026-09-17_T+15_1788317218632_98td,DEL-BOM,EaseMyTrip,AI,AI-2933,2026-09-17,T+15,5740,1260,7000,2026-09-02T02:25:08.999Z,FALSE,"",15:30,TRUE
fare_DEL-BOM_AI_2026-09-17_T+15_1788317218632_wa0s,DEL-BOM,EaseMyTrip,AI,AI-1777,2026-09-17,T+15,5740,1260,7000,2026-09-02T02:25:08.999Z,FALSE,"",16:00,TRUE
fare_DEL-BOM_AI_2026-09-17_T+15_1788317218632_slep,DEL-BOM,EaseMyTrip,AI,AI-2439,2026-09-17,T+15,5740,1260,7000,2026-09-02T02:25:08.999Z,FALSE,"",23:00,TRUE
fare_DEL-BOM_AI_2026-09-17_T+15_1788317218632_rpjh,DEL-BOM,EaseMyTrip,AI,AI-2927,2026-09-17,T+15,5740,1260,7000,2026-09-02T02:25:08.999Z,FALSE,"",09:30,TRUE
fare_DEL-BOM_6E_2026-09-17_T+15_1788317218632_57f2,DEL-BOM,EaseMyTrip,6E,6E-759,2026-09-17,T+15,5599,1229,6828,2026-09-02T02:25:08.999Z,FALSE,"",16:30,FALSE
fare_DEL-BOM_6E_2026-09-17_T+15_1788317218632_znp7,DEL-BOM,EaseMyTrip,6E,6E-121,2026-09-17,T+15,5599,1229,6828,2026-09-02T02:25:08.999Z,FALSE,"",16:30,FALSE
fare_DEL-BOM_6E_2026-09-17_T+15_1788317218632_sob7,DEL-BOM,EaseMyTrip,6E,6E-6479,2026-09-17,T+15,5599,1229,6828,2026-09-02T02:25:08.999Z,FALSE,"",21:25,FALSE
fare_DEL-BOM_6E_2026-09-17_T+15_1788317218632_kw4x,DEL-BOM,EaseMyTrip,6E,6E-5298,2026-09-17,T+15,5599,1229,6828,2026-09-02T02:25:08.999Z,FALSE,"",09:00,FALSE
fare_DEL-BOM_6E_2026-09-17_T+15_1788317218632_br3b,DEL-BOM,EaseMyTrip,6E,6E-5038,2026-09-17,T+15,5599,1229,6828,2026-09-02T02:25:08.999Z,FALSE,"",14:00,FALSE
fare_DEL-BOM_6E_2026-09-17_T+15_1788317218632_hf4o,DEL-BOM,EaseMyTrip,6E,6E-6050,2026-09-17,T+15,5599,1229,6828,2026-09-02T02:25:08.999Z,FALSE,"",08:15,FALSE
fare_DEL-BOM_6E_2026-09-17_T+15_1788317218632_gd37,DEL-BOM,EaseMyTrip,6E,6E-5206,2026-09-17,T+15,5599,1229,6828,2026-09-02T02:25:08.999Z,FALSE,"",13:20,FALSE
fare_DEL-BOM_6E_2026-09-17_T+15_1788317218632_abjj,DEL-BOM,EaseMyTrip,6E,6E-276,2026-09-17,T+15,5656,1242,6898,2026-09-02T02:25:08.999Z,FALSE,"",21:45,TRUE
fare_DEL-BOM_6E_2026-09-17_T+15_1788317218632_8lyn,DEL-BOM,EaseMyTrip,6E,6E-405,2026-09-17,T+15,5656,1242,6898,2026-09-02T02:25:08.999Z,FALSE,"",19:00,TRUE
fare_DEL-BOM_6E_2026-09-17_T+15_1788317218632_a3a6,DEL-BOM,EaseMyTrip,6E,6E-491,2026-09-17,T+15,5656,1242,6898,2026-09-02T02:25:08.999Z,FALSE,"",19:00,TRUE
fare_DEL-BOM_6E_2026-09-17_T+15_1788317218632_m9z8,DEL-BOM,EaseMyTrip,6E,6E-700,2026-09-17,T+15,5656,1242,6898,2026-09-02T02:25:08.999Z,FALSE,"",18:00,TRUE
fare_DEL-BOM_6E_2026-09-17_T+15_1788317218632_ltm8,DEL-BOM,EaseMyTrip,6E,6E-709,2026-09-17,T+15,5656,1242,6898,2026-09-02T02:25:08.999Z,FALSE,"",18:00,TRUE
fare_DEL-BOM_6E_2026-09-17_T+15_1788317218632_nzb4,DEL-BOM,EaseMyTrip,6E,6E-863,2026-09-17,T+15,5656,1242,6898,2026-09-02T02:25:08.999Z,FALSE,"",08:00,TRUE
fare_DEL-BOM_6E_2026-09-17_T+15_1788317218632_e5to,DEL-BOM,EaseMyTrip,6E,6E-523,2026-09-17,T+15,5656,1242,6898,2026-09-02T02:25:08.999Z,FALSE,"",08:00,TRUE
fare_DEL-BOM_6E_2026-09-17_T+15_1788317218632_c3pl,DEL-BOM,EaseMyTrip,6E,6E-6814,2026-09-17,T+15,5656,1242,6898,2026-09-02T02:25:08.999Z,FALSE,"",07:15,TRUE
fare_DEL-BOM_SG_2026-09-17_T+15_1788317218632_o1hq,DEL-BOM,EaseMyTrip,SG,SG-124,2026-09-17,T+15,5829,1280,7109,2026-09-02T02:25:08.999Z,FALSE,"",22:30,TRUE
fare_DEL-BOM_SG_2026-09-17_T+15_1788317218632_jkbl,DEL-BOM,EaseMyTrip,SG,SG-765,2026-09-17,T+15,5829,1280,7109,2026-09-02T02:25:08.999Z,FALSE,"",22:30,TRUE
fare_DEL-BOM_AI_2026-09-17_T+15_1788317218632_xlp5,DEL-BOM,EaseMyTrip,AI,AI-2678,2026-09-17,T+15,5870,1289,7159,2026-09-02T02:25:08.999Z,FALSE,"",08:30,TRUE
fare_DEL-BOM_AI_2026-09-17_T+15_1788317218632_jldd,DEL-BOM,EaseMyTrip,AI,AI-2975,2026-09-17,T+15,5870,1289,7159,2026-09-02T02:25:08.999Z,FALSE,"",06:30,TRUE
fare_DEL-BOM_AI_2026-09-17_T+15_1788317218632_ylpb,DEL-BOM,EaseMyTrip,AI,AI-2951,2026-09-17,T+15,5870,1289,7159,2026-09-02T02:25:08.999Z,FALSE,"",13:30,TRUE
fare_DEL-BOM_AI_2026-09-17_T+15_1788317218632_5ish,DEL-BOM,EaseMyTrip,AI,AI-2945,2026-09-17,T+15,5870,1289,7159,2026-09-02T02:25:08.999Z,FALSE,"",11:00,TRUE
fare_DEL-BOM_AI_2026-09-17_T+15_1788317218632_31a9,DEL-BOM,EaseMyTrip,AI,AI-441,2026-09-17,T+15,5870,1289,7159,2026-09-02T02:25:08.999Z,FALSE,"",17:00,TRUE
fare_DEL-BOM_6E_2026-09-17_T+15_1788317218632_kjas,DEL-BOM,EaseMyTrip,6E,6E-6601,2026-09-17,T+15,5707,1253,6960,2026-09-02T02:25:08.999Z,FALSE,"",19:45,FALSE
fare_DEL-BOM_6E_2026-09-17_T+15_1788317218632_6wxc,DEL-BOM,EaseMyTrip,6E,6E-2381,2026-09-17,T+15,5707,1253,6960,2026-09-02T02:25:08.999Z,FALSE,"",13:45,FALSE
fare_DEL-BOM_6E_2026-09-17_T+15_1788317218632_fkxc,DEL-BOM,EaseMyTrip,6E,6E-6282,2026-09-17,T+15,5707,1253,6960,2026-09-02T02:25:08.999Z,FALSE,"",13:30,FALSE
fare_DEL-BOM_6E_2026-09-17_T+15_1788317218632_dzvj,DEL-BOM,EaseMyTrip,6E,6E-472,2026-09-17,T+15,5707,1253,6960,2026-09-02T02:25:08.999Z,FALSE,"",02:25,FALSE
fare_DEL-BOM_6E_2026-09-17_T+15_1788317218632_uwhn,DEL-BOM,EaseMyTrip,6E,6E-127,2026-09-17,T+15,5707,1253,6960,2026-09-02T02:25:08.999Z,FALSE,"",02:25,FALSE
fare_DEL-BOM_6E_2026-09-17_T+15_1788317218632_hbyk,DEL-BOM,EaseMyTrip,6E,6E-533,2026-09-17,T+15,5707,1253,6960,2026-09-02T02:25:08.999Z,FALSE,"",23:15,FALSE
fare_DEL-BOM_6E_2026-09-17_T+15_1788317218632_hkpe,DEL-BOM,EaseMyTrip,6E,6E-864,2026-09-17,T+15,5707,1253,6960,2026-09-02T02:25:08.999Z,FALSE,"",23:15,FALSE
fare_DEL-BOM_6E_2026-09-17_T+15_1788317218632_5lwb,DEL-BOM,EaseMyTrip,6E,6E-6497,2026-09-17,T+15,5707,1253,6960,2026-09-02T02:25:08.999Z,FALSE,"",18:40,FALSE
fare_DEL-BOM_6E_2026-09-17_T+15_1788317218632_tmqk,DEL-BOM,EaseMyTrip,6E,6E-6293,2026-09-17,T+15,5707,1253,6960,2026-09-02T02:25:08.999Z,FALSE,"",09:55,FALSE
fare_DEL-BOM_6E_2026-09-17_T+15_1788317218632_lq43,DEL-BOM,EaseMyTrip,6E,6E-582,2026-09-17,T+15,5771,1267,7038,2026-09-02T02:25:08.999Z,FALSE,"",19:30,FALSE
fare_DEL-BOM_6E_2026-09-17_T+15_1788317218632_295d,DEL-BOM,EaseMyTrip,6E,6E-484,2026-09-17,T+15,5771,1267,7038,2026-09-02T02:25:08.999Z,FALSE,"",19:30,FALSE
fare_DEL-BOM_6E_2026-09-17_T+15_1788317218632_nb5z,DEL-BOM,EaseMyTrip,6E,6E-522,2026-09-17,T+15,5771,1267,7038,2026-09-02T02:25:08.999Z,FALSE,"",12:15,FALSE
fare_DEL-BOM_6E_2026-09-17_T+15_1788317218632_wbnu,DEL-BOM,EaseMyTrip,6E,6E-929,2026-09-17,T+15,5771,1267,7038,2026-09-02T02:25:08.999Z,FALSE,"",12:15,FALSE
fare_DEL-BOM_6E_2026-09-17_T+15_1788317218632_hhu2,DEL-BOM,EaseMyTrip,6E,6E-2341,2026-09-17,T+15,5819,1277,7096,2026-09-02T02:25:08.999Z,FALSE,"",14:50,FALSE
fare_DEL-BOM_6E_2026-09-17_T+15_1788317218632_67ra,DEL-BOM,EaseMyTrip,6E,6E-822,2026-09-17,T+15,5819,1277,7096,2026-09-02T02:25:08.999Z,FALSE,"",10:00,FALSE
fare_DEL-BOM_6E_2026-09-17_T+15_1788317218632_6ocw,DEL-BOM,EaseMyTrip,6E,6E-571,2026-09-17,T+15,5819,1277,7096,2026-09-02T02:25:08.999Z,FALSE,"",10:00,FALSE
fare_DEL-BOM_6E_2026-09-17_T+15_1788317218632_hyvp,DEL-BOM,EaseMyTrip,6E,6E-581,2026-09-17,T+15,5871,1289,7160,2026-09-02T02:25:08.999Z,FALSE,"",20:45,TRUE
fare_DEL-BOM_6E_2026-09-17_T+15_1788317218632_ow7w,DEL-BOM,EaseMyTrip,6E,6E-827,2026-09-17,T+15,5871,1289,7160,2026-09-02T02:25:08.999Z,FALSE,"",20:45,TRUE
fare_DEL-BOM_AI_2026-09-17_T+15_1788317218632_q92z,DEL-BOM,EaseMyTrip,AI,AI-2981,2026-09-17,T+15,6043,1326,7369,2026-09-02T02:25:08.999Z,FALSE,"",21:00,TRUE
fare_DEL-BOM_AI_2026-09-17_T+15_1788317218632_j67r,DEL-BOM,EaseMyTrip,AI,AI-2429,2026-09-17,T+15,6043,1326,7369,2026-09-02T02:25:08.999Z,FALSE,"",07:00,TRUE
fare_DEL-BOM_AI_2026-09-17_T+15_1788317218632_4jix,DEL-BOM,EaseMyTrip,AI,AI-2943,2026-09-17,T+15,6043,1326,7369,2026-09-02T02:25:08.999Z,FALSE,"",07:30,TRUE
fare_DEL-BOM_AI_2026-09-17_T+15_1788317218632_3sgt,DEL-BOM,EaseMyTrip,AI,AI-2985,2026-09-17,T+15,6043,1326,7369,2026-09-02T02:25:08.999Z,FALSE,"",19:30,TRUE
fare_DEL-BOM_AI_2026-09-17_T+15_1788317218632_36sf,DEL-BOM,EaseMyTrip,AI,AI-887,2026-09-17,T+15,6043,1326,7369,2026-09-02T02:25:08.999Z,FALSE,"",21:00,TRUE
fare_DEL-BOM_AI_2026-09-17_T+15_1788317218632_l4tb,DEL-BOM,EaseMyTrip,AI,AI-2957,2026-09-17,T+15,6043,1326,7369,2026-09-02T02:25:08.999Z,FALSE,"",20:30,TRUE
fare_DEL-BOM_6E_2026-09-17_T+15_1788317218632_uvsp,DEL-BOM,EaseMyTrip,6E,6E-5198,2026-09-17,T+15,5943,1305,7248,2026-09-02T02:25:08.999Z,FALSE,"",15:00,TRUE
fare_DEL-BOM_AI_2026-09-17_T+15_1788317218632_ng8s,DEL-BOM,EaseMyTrip,AI,AI-2433,2026-09-17,T+15,6193,1360,7553,2026-09-02T02:25:08.999Z,FALSE,"",21:30,TRUE
fare_DEL-BOM_AI_2026-09-17_T+15_1788317218632_tmeb,DEL-BOM,EaseMyTrip,AI,AI-2805,2026-09-17,T+15,6243,1371,7614,2026-09-02T02:25:08.999Z,FALSE,"",20:00,TRUE
fare_DEL-BOM_6E_2026-09-17_T+15_1788317218632_g47o,DEL-BOM,EaseMyTrip,6E,6E-762,2026-09-17,T+15,6130,1345,7475,2026-09-02T02:25:08.999Z,FALSE,"",20:00,TRUE
fare_DEL-BOM_6E_2026-09-17_T+15_1788317218632_n7e8,DEL-BOM,EaseMyTrip,6E,6E-505,2026-09-17,T+15,6130,1345,7475,2026-09-02T02:25:08.999Z,FALSE,"",20:00,TRUE
fare_DEL-BOM_AI_2026-09-17_T+15_1788317218632_l44b,DEL-BOM,EaseMyTrip,AI,AI-2977,2026-09-17,T+15,6294,1382,7676,2026-09-02T02:25:08.999Z,FALSE,"",19:00,TRUE
fare_DEL-BOM_6E_2026-09-17_T+15_1788317218632_wcy5,DEL-BOM,EaseMyTrip,6E,6E-7646,2026-09-17,T+15,6168,1354,7522,2026-09-02T02:25:08.999Z,FALSE,"",06:15,FALSE
fare_DEL-BOM_AI_2026-09-17_T+15_1788317218632_jb7u,DEL-BOM,EaseMyTrip,AI,AI-2955,2026-09-17,T+15,6395,1404,7799,2026-09-02T02:25:08.999Z,FALSE,"",18:00,TRUE
fare_DEL-BOM_6E_2026-09-17_T+15_1788317218632_85ow,DEL-BOM,EaseMyTrip,6E,6E-7642,2026-09-17,T+15,6245,1371,7616,2026-09-02T02:25:08.999Z,FALSE,"",15:45,FALSE
fare_DEL-BOM_6E_2026-09-17_T+15_1788317218632_isfv,DEL-BOM,EaseMyTrip,6E,6E-2496,2026-09-17,T+15,6395,1404,7799,2026-09-02T02:25:08.999Z,FALSE,"",12:40,FALSE
fare_DEL-BOM_6E_2026-09-17_T+15_1788317218632_699v,DEL-BOM,EaseMyTrip,6E,6E-377,2026-09-17,T+15,6848,1503,8351,2026-09-02T02:25:08.999Z,FALSE,"",19:35,FALSE
fare_DEL-BOM_6E_2026-09-17_T+15_1788317218632_7f9z,DEL-BOM,EaseMyTrip,6E,6E-204,2026-09-17,T+15,6848,1503,8351,2026-09-02T02:25:08.999Z,FALSE,"",19:35,FALSE
fare_DEL-BOM_6E_2026-09-17_T+15_1788317218632_libu,DEL-BOM,EaseMyTrip,6E,6E-6171,2026-09-17,T+15,6848,1503,8351,2026-09-02T02:25:08.999Z,FALSE,"",05:40,FALSE
fare_DEL-BOM_IX_2026-09-17_T+15_1788317218632_mjh8,DEL-BOM,EaseMyTrip,IX,IX-1059,2026-09-17,T+15,8142,1787,9929,2026-09-02T02:25:08.999Z,FALSE,"",12:15,FALSE
fare_DEL-BOM_IX_2026-09-17_T+15_1788317218632_a757,DEL-BOM,EaseMyTrip,IX,IX-1783,2026-09-17,T+15,8142,1787,9929,2026-09-02T02:25:08.999Z,FALSE,"",07:20,FALSE
fare_DEL-BOM_AI_2026-09-17_T+15_1788317218632_byf0,DEL-BOM,EaseMyTrip,AI,AI-2499,2026-09-17,T+15,8086,1775,9861,2026-09-02T02:25:08.999Z,FALSE,"",05:55,FALSE
fare_DEL-BOM_6E_2026-09-17_T+15_1788317218632_kzar,DEL-BOM,EaseMyTrip,6E,6E-2349,2026-09-17,T+15,7965,1748,9713,2026-09-02T02:25:08.999Z,FALSE,"",10:55,FALSE
fare_DEL-BOM_AI_2026-09-17_T+15_1788317218632_s5zb,DEL-BOM,EaseMyTrip,AI,AI-2761,2026-09-17,T+15,8260,1813,10073,2026-09-02T02:25:08.999Z,FALSE,"",16:25,FALSE
fare_DEL-BOM_IX_2026-09-17_T+15_1788317218632_ff6o,DEL-BOM,EaseMyTrip,IX,IX-1049,2026-09-17,T+15,8571,1882,10453,2026-09-02T02:25:08.999Z,FALSE,"",18:40,FALSE
fare_DEL-BOM_AI_2026-09-17_T+15_1788317218632_1dyz,DEL-BOM,EaseMyTrip,AI,AI-2569,2026-09-17,T+15,8430,1851,10281,2026-09-02T02:25:08.999Z,FALSE,"",20:25,FALSE
fare_DEL-BOM_AI_2026-09-17_T+15_1788317218632_nntq,DEL-BOM,EaseMyTrip,AI,AI-1710,2026-09-17,T+15,8430,1851,10281,2026-09-02T02:25:08.999Z,FALSE,"",18:35,FALSE
fare_DEL-BOM_AI_2026-09-17_T+15_1788317218632_46ii,DEL-BOM,EaseMyTrip,AI,AI-1717,2026-09-17,T+15,8430,1851,10281,2026-09-02T02:25:08.999Z,FALSE,"",14:20,FALSE
fare_DEL-BOM_IX_2026-09-17_T+15_1788317218632_szfz,DEL-BOM,EaseMyTrip,IX,IX-1003,2026-09-17,T+15,8963,1967,10930,2026-09-02T02:25:08.999Z,FALSE,"",19:10,FALSE
fare_DEL-BOM_AI_2026-09-17_T+15_1788317218632_byar,DEL-BOM,EaseMyTrip,AI,AI-1780,2026-09-17,T+15,8518,1870,10388,2026-09-02T02:25:08.999Z,FALSE,"",16:10,TRUE
fare_DEL-BOM_AI_2026-09-17_T+15_1788317218632_2sm4,DEL-BOM,EaseMyTrip,AI,AI-9920,2026-09-17,T+15,8675,1904,10579,2026-09-02T02:25:08.999Z,FALSE,"",10:50,FALSE
fare_DEL-BOM_AI_2026-09-17_T+15_1788317218632_avju,DEL-BOM,EaseMyTrip,AI,AI-1719,2026-09-17,T+15,9000,1975,10975,2026-09-02T02:25:08.999Z,FALSE,"",11:55,FALSE
fare_DEL-BOM_AI_2026-09-17_T+15_1788317218632_jqh2,DEL-BOM,EaseMyTrip,AI,AI-9757,2026-09-17,T+15,9509,2087,11596,2026-09-02T02:25:08.999Z,FALSE,"",11:50,FALSE
fare_DEL-BOM_AI_2026-09-17_T+15_1788317218632_w45h,DEL-BOM,EaseMyTrip,AI,AI-1705,2026-09-17,T+15,9656,2119,11775,2026-09-02T02:25:08.999Z,FALSE,"",06:30,FALSE
fare_DEL-BOM_IX_2026-09-17_T+15_1788317218632_5lnh,DEL-BOM,EaseMyTrip,IX,IX-1082,2026-09-17,T+15,10157,2229,12386,2026-09-02T02:25:08.999Z,FALSE,"",21:25,FALSE
fare_DEL-BOM_IX_2026-09-17_T+15_1788317218632_enxk,DEL-BOM,EaseMyTrip,IX,IX-5975,2026-09-17,T+15,10214,2242,12456,2026-09-02T02:25:08.999Z,FALSE,"",21:00,FALSE
fare_DEL-BOM_IX_2026-09-17_T+15_1788317218632_94am,DEL-BOM,EaseMyTrip,IX,IX-1817,2026-09-17,T+15,10329,2267,12596,2026-09-02T02:25:08.999Z,FALSE,"",19:30,FALSE
fare_DEL-BOM_IX_2026-09-17_T+15_1788317218632_1cee,DEL-BOM,EaseMyTrip,IX,IX-1070,2026-09-17,T+15,10378,2278,12656,2026-09-02T02:25:08.999Z,FALSE,"",18:20,FALSE
fare_DEL-BOM_6E_2026-09-17_T+15_1788317218632_7xje,DEL-BOM,EaseMyTrip,6E,6E-530,2026-09-17,T+15,10606,2328,12934,2026-09-02T02:25:08.999Z,FALSE,"",08:30,FALSE
fare_DEL-BOM_6E_2026-09-17_T+15_1788317218632_hvf1,DEL-BOM,EaseMyTrip,6E,6E-144,2026-09-17,T+15,10606,2328,12934,2026-09-02T02:25:08.999Z,FALSE,"",08:30,FALSE
fare_DEL-BOM_IX_2026-09-17_T+15_1788317218632_ry35,DEL-BOM,EaseMyTrip,IX,IX-1108,2026-09-17,T+15,11305,2482,13787,2026-09-02T02:25:08.999Z,FALSE,"",05:00,FALSE
fare_DEL-BOM_AI_2026-09-17_T+15_1788317218632_ogs9,DEL-BOM,EaseMyTrip,AI,AI-2715,2026-09-17,T+15,11186,2455,13641,2026-09-02T02:25:08.999Z,FALSE,"",11:40,FALSE
fare_DEL-BOM_QP_2026-09-17_T+15_1788317218632_0whe,DEL-BOM,EaseMyTrip,QP,QP-1815,2026-09-17,T+15,11049,2425,13474,2026-09-02T02:25:08.999Z,FALSE,"",14:55,FALSE
fare_DEL-BOM_AI_2026-09-17_T+15_1788317218632_swcm,DEL-BOM,EaseMyTrip,AI,AI-809,2026-09-17,T+15,11273,2475,13748,2026-09-02T02:25:08.999Z,FALSE,"",17:40,FALSE
fare_DEL-BOM_AI_2026-09-17_T+15_1788317218632_m4yc,DEL-BOM,EaseMyTrip,AI,AI-2939,2026-09-17,T+15,11273,2475,13748,2026-09-02T02:25:08.999Z,FALSE,"",16:40,FALSE
fare_DEL-BOM_AI_2026-09-17_T+15_1788317218632_s0wt,DEL-BOM,EaseMyTrip,AI,AI-881,2026-09-17,T+15,11273,2475,13748,2026-09-02T02:25:08.999Z,FALSE,"",13:35,FALSE
fare_DEL-BOM_QP_2026-09-17_T+15_1788317218632_gsfw,DEL-BOM,EaseMyTrip,QP,QP-1812,2026-09-17,T+15,11294,2479,13773,2026-09-02T02:25:08.999Z,FALSE,"",22:55,FALSE
fare_DEL-BOM_6E_2026-09-17_T+15_1788317218633_ih84,DEL-BOM,EaseMyTrip,6E,6E-5014,2026-09-17,T+15,12250,2689,14939,2026-09-02T02:25:08.999Z,TRUE,"High outlier: ₹14939 > upper fence ₹14881 (Q3: ₹9965, IQR: ₹3277)",18:30,FALSE
fare_DEL-BOM_AI_2026-09-17_T+15_1788317218633_nu5z,DEL-BOM,EaseMyTrip,AI,AI-2509,2026-09-17,T+15,12685,2784,15469,2026-09-02T02:25:08.999Z,TRUE,"High outlier: ₹15469 > upper fence ₹14881 (Q3: ₹9965, IQR: ₹3277)",06:55,FALSE
fare_DEL-BOM_AI_2026-09-17_T+15_1788317218633_2bix,DEL-BOM,EaseMyTrip,AI,AI-885,2026-09-17,T+15,12761,2801,15562,2026-09-02T02:25:08.999Z,TRUE,"High outlier: ₹15562 > upper fence ₹14881 (Q3: ₹9965, IQR: ₹3277)",07:25,FALSE
fare_DEL-BOM_AI_2026-09-17_T+15_1788317218633_uq7v,DEL-BOM,EaseMyTrip,AI,AI-1743,2026-09-17,T+15,13065,2868,15933,2026-09-02T02:25:08.999Z,TRUE,"High outlier: ₹15933 > upper fence ₹14881 (Q3: ₹9965, IQR: ₹3277)",06:20,FALSE
fare_DEL-BOM_AI_2026-09-17_T+15_1788317218633_wrt1,DEL-BOM,EaseMyTrip,AI,AI-9584,2026-09-17,T+15,13338,2928,16266,2026-09-02T02:25:08.999Z,TRUE,"High outlier: ₹16266 > upper fence ₹14881 (Q3: ₹9965, IQR: ₹3277)",11:15,FALSE
fare_DEL-BOM_IX_2026-09-17_T+15_1788317218633_zfg5,DEL-BOM,EaseMyTrip,IX,IX-1068,2026-09-17,T+15,13888,3048,16936,2026-09-02T02:25:08.999Z,TRUE,"High outlier: ₹16936 > upper fence ₹14881 (Q3: ₹9965, IQR: ₹3277)",11:55,FALSE
fare_DEL-BOM_AI_2026-09-17_T+15_1788317218633_gthb,DEL-BOM,EaseMyTrip,AI,AI-2907,2026-09-17,T+15,13927,3057,16984,2026-09-02T02:25:08.999Z,TRUE,"High outlier: ₹16984 > upper fence ₹14881 (Q3: ₹9965, IQR: ₹3277)",11:55,FALSE
fare_DEL-BOM_AI_2026-09-17_T+15_1788317218633_bfow,DEL-BOM,EaseMyTrip,AI,AI-1773,2026-09-17,T+15,14497,3182,17679,2026-09-02T02:25:08.999Z,TRUE,"High outlier: ₹17679 > upper fence ₹14881 (Q3: ₹9965, IQR: ₹3277)",10:30,FALSE
fare_DEL-BOM_AI_2026-09-17_T+15_1788317218633_hqml,DEL-BOM,EaseMyTrip,AI,AI-2577,2026-09-17,T+15,14577,3200,17777,2026-09-02T02:25:08.999Z,TRUE,"High outlier: ₹17777 > upper fence ₹14881 (Q3: ₹9965, IQR: ₹3277)",02:00,FALSE
fare_DEL-BOM_AI_2026-09-17_T+15_1788317218633_ytk1,DEL-BOM,EaseMyTrip,AI,AI-2859,2026-09-17,T+15,14577,3200,17777,2026-09-02T02:25:08.999Z,TRUE,"High outlier: ₹17777 > upper fence ₹14881 (Q3: ₹9965, IQR: ₹3277)",10:30,FALSE
fare_DEL-BOM_QP_2026-09-17_T+15_1788317218633_lzoe,DEL-BOM,EaseMyTrip,QP,QP-1817,2026-09-17,T+15,14498,3182,17680,2026-09-02T02:25:08.999Z,TRUE,"High outlier: ₹17680 > upper fence ₹14881 (Q3: ₹9965, IQR: ₹3277)",10:30,FALSE
fare_DEL-BOM_AI_2026-09-17_T+15_1788317218633_6nxk,DEL-BOM,EaseMyTrip,AI,AI-2465,2026-09-17,T+15,14880,3266,18146,2026-09-02T02:25:08.999Z,TRUE,"High outlier: ₹18146 > upper fence ₹14881 (Q3: ₹9965, IQR: ₹3277)",14:30,FALSE
fare_DEL-BOM_AI_2026-09-17_T+15_1788317218633_9en6,DEL-BOM,EaseMyTrip,AI,AI-2803,2026-09-17,T+15,16370,3593,19963,2026-09-02T02:25:08.999Z,TRUE,"High outlier: ₹19963 > upper fence ₹14881 (Q3: ₹9965, IQR: ₹3277)",06:30,FALSE
fare_DEL-BOM_AI_2026-09-17_T+15_1788317218633_oh23,DEL-BOM,EaseMyTrip,AI,AI-427,2026-09-17,T+15,16494,3621,20115,2026-09-02T02:25:08.999Z,TRUE,"High outlier: ₹20115 > upper fence ₹14881 (Q3: ₹9965, IQR: ₹3277)",08:30,FALSE
fare_DEL-BOM_AI_2026-09-17_T+15_1788317218633_wr6v,DEL-BOM,EaseMyTrip,AI,AI-1739,2026-09-17,T+15,17263,3790,21053,2026-09-02T02:25:08.999Z,TRUE,"High outlier: ₹21053 > upper fence ₹14881 (Q3: ₹9965, IQR: ₹3277)",11:30,FALSE
fare_DEL-BOM_SG_2026-09-17_T+15_1788317218633_wmwf,DEL-BOM,EaseMyTrip,SG,SG-365,2026-09-17,T+15,18286,4014,22300,2026-09-02T02:25:08.999Z,TRUE,"High outlier: ₹22300 > upper fence ₹14881 (Q3: ₹9965, IQR: ₹3277)",20:10,TRUE
fare_DEL-BOM_SG_2026-09-17_T+15_1788317218633_mbmt,DEL-BOM,EaseMyTrip,SG,SG-772,2026-09-17,T+15,18286,4014,22300,2026-09-02T02:25:08.999Z,TRUE,"High outlier: ₹22300 > upper fence ₹14881 (Q3: ₹9965, IQR: ₹3277)",20:10,TRUE
fare_DEL-BOM_AI_2026-09-17_T+15_1788317218633_vqpj,DEL-BOM,EaseMyTrip,AI,AI-2627,2026-09-17,T+15,23105,5072,28177,2026-09-02T02:25:08.999Z,TRUE,"High outlier: ₹28177 > upper fence ₹14881 (Q3: ₹9965, IQR: ₹3277)",10:45,FALSE
fare_DEL-BOM_SG_2026-09-03_T+1_1788317218634_b29s,DEL-BOM,EaseMyTrip,SG,SG-902,2026-09-03,T+1,5064,1112,6176,2026-09-02T02:24:55.245Z,FALSE,"",22:30,TRUE
fare_DEL-BOM_SG_2026-09-03_T+1_1788317218634_cpal,DEL-BOM,EaseMyTrip,SG,SG-406,2026-09-03,T+1,5064,1112,6176,2026-09-02T02:24:55.245Z,FALSE,"",22:30,TRUE
fare_DEL-BOM_6E_2026-09-03_T+1_1788317218634_i8rv,DEL-BOM,EaseMyTrip,6E,6E-6983,2026-09-03,T+1,4994,1096,6090,2026-09-02T02:24:55.245Z,FALSE,"",15:35,FALSE
fare_DEL-BOM_6E_2026-09-03_T+1_1788317218634_isoy,DEL-BOM,EaseMyTrip,6E,6E-6190,2026-09-03,T+1,4998,1097,6095,2026-09-02T02:24:55.245Z,FALSE,"",07:40,FALSE
fare_DEL-BOM_IX_2026-09-03_T+1_1788317218634_k82s,DEL-BOM,EaseMyTrip,IX,IX-1235,2026-09-03,T+1,5354,1175,6529,2026-09-02T02:24:55.245Z,FALSE,"",23:25,TRUE
fare_DEL-BOM_IX_2026-09-03_T+1_1788317218634_2jmr,DEL-BOM,EaseMyTrip,IX,IX-1056,2026-09-03,T+1,5354,1175,6529,2026-09-02T02:24:55.245Z,FALSE,"",05:35,TRUE
fare_DEL-BOM_IX_2026-09-03_T+1_1788317218634_bquo,DEL-BOM,EaseMyTrip,IX,IX-1038,2026-09-03,T+1,5354,1175,6529,2026-09-02T02:24:55.245Z,FALSE,"",17:35,TRUE
fare_DEL-BOM_6E_2026-09-03_T+1_1788317218634_r33e,DEL-BOM,EaseMyTrip,6E,6E-6459,2026-09-03,T+1,5102,1120,6222,2026-09-02T02:24:55.245Z,FALSE,"",05:55,FALSE
fare_DEL-BOM_6E_2026-09-03_T+1_1788317218634_ws68,DEL-BOM,EaseMyTrip,6E,6E-6829,2026-09-03,T+1,5102,1120,6222,2026-09-02T02:24:55.245Z,FALSE,"",17:20,FALSE
fare_DEL-BOM_6E_2026-09-03_T+1_1788317218634_2cnr,DEL-BOM,EaseMyTrip,6E,6E-6490,2026-09-03,T+1,5105,1121,6226,2026-09-02T02:24:55.245Z,FALSE,"",04:55,FALSE
fare_DEL-BOM_6E_2026-09-03_T+1_1788317218634_wu2l,DEL-BOM,EaseMyTrip,6E,6E-5038,2026-09-03,T+1,5166,1134,6300,2026-09-02T02:24:55.245Z,FALSE,"",14:00,FALSE
fare_DEL-BOM_6E_2026-09-03_T+1_1788317218634_6vbs,DEL-BOM,EaseMyTrip,6E,6E-5206,2026-09-03,T+1,5166,1134,6300,2026-09-02T02:24:55.245Z,FALSE,"",13:20,FALSE
fare_DEL-BOM_6E_2026-09-03_T+1_1788317218634_m9im,DEL-BOM,EaseMyTrip,6E,6E-6050,2026-09-03,T+1,5166,1134,6300,2026-09-02T02:24:55.245Z,FALSE,"",08:15,FALSE
fare_DEL-BOM_SG_2026-09-03_T+1_1788317218634_hor5,DEL-BOM,EaseMyTrip,SG,SG-640,2026-09-03,T+1,5406,1187,6593,2026-09-02T02:24:55.245Z,FALSE,"",14:30,TRUE
fare_DEL-BOM_SG_2026-09-03_T+1_1788317218634_t6pj,DEL-BOM,EaseMyTrip,SG,SG-668,2026-09-03,T+1,5406,1187,6593,2026-09-02T02:24:55.245Z,FALSE,"",14:30,TRUE
fare_DEL-BOM_6E_2026-09-03_T+1_1788317218634_tb18,DEL-BOM,EaseMyTrip,6E,6E-856,2026-09-03,T+1,5274,1158,6432,2026-09-02T02:24:55.245Z,FALSE,"",02:25,FALSE
fare_DEL-BOM_6E_2026-09-03_T+1_1788317218634_tmi0,DEL-BOM,EaseMyTrip,6E,6E-257,2026-09-03,T+1,5274,1158,6432,2026-09-02T02:24:55.245Z,FALSE,"",02:25,FALSE
fare_DEL-BOM_6E_2026-09-03_T+1_1788317218634_zi07,DEL-BOM,EaseMyTrip,6E,6E-6497,2026-09-03,T+1,5274,1158,6432,2026-09-02T02:24:55.245Z,FALSE,"",18:40,FALSE
fare_DEL-BOM_6E_2026-09-03_T+1_1788317218634_x5gz,DEL-BOM,EaseMyTrip,6E,6E-989,2026-09-03,T+1,5338,1172,6510,2026-09-02T02:24:55.245Z,FALSE,"",12:15,FALSE
fare_DEL-BOM_6E_2026-09-03_T+1_1788317218634_vaeq,DEL-BOM,EaseMyTrip,6E,6E-405,2026-09-03,T+1,5338,1172,6510,2026-09-02T02:24:55.245Z,FALSE,"",12:15,FALSE
fare_DEL-BOM_QP_2026-09-03_T+1_1788317218634_evew,DEL-BOM,EaseMyTrip,QP,QP-1119,2026-09-03,T+1,5355,1175,6530,2026-09-02T02:24:55.245Z,FALSE,"",08:40,TRUE
fare_DEL-BOM_QP_2026-09-03_T+1_1788317218634_9l0z,DEL-BOM,EaseMyTrip,QP,QP-1110,2026-09-03,T+1,5355,1175,6530,2026-09-02T02:24:55.245Z,FALSE,"",10:30,TRUE
fare_DEL-BOM_QP_2026-09-03_T+1_1788317218634_7vgz,DEL-BOM,EaseMyTrip,QP,QP-1833,2026-09-03,T+1,5355,1175,6530,2026-09-02T02:24:55.245Z,FALSE,"",06:50,TRUE
fare_DEL-BOM_QP_2026-09-03_T+1_1788317218634_zdrg,DEL-BOM,EaseMyTrip,QP,QP-1112,2026-09-03,T+1,5355,1175,6530,2026-09-02T02:24:55.245Z,FALSE,"",09:20,TRUE
fare_DEL-BOM_QP_2026-09-03_T+1_1788317218634_tjog,DEL-BOM,EaseMyTrip,QP,QP-1128,2026-09-03,T+1,5355,1175,6530,2026-09-02T02:24:55.245Z,FALSE,"",16:00,TRUE
fare_DEL-BOM_QP_2026-09-03_T+1_1788317218634_owl4,DEL-BOM,EaseMyTrip,QP,QP-1836,2026-09-03,T+1,5355,1175,6530,2026-09-02T02:24:55.245Z,FALSE,"",12:30,TRUE
fare_DEL-BOM_6E_2026-09-03_T+1_1788317218634_oyq0,DEL-BOM,EaseMyTrip,6E,6E-919,2026-09-03,T+1,5355,1175,6530,2026-09-02T02:24:55.245Z,FALSE,"",05:00,TRUE
fare_DEL-BOM_6E_2026-09-03_T+1_1788317218634_42en,DEL-BOM,EaseMyTrip,6E,6E-116,2026-09-03,T+1,5355,1175,6530,2026-09-02T02:24:55.245Z,FALSE,"",05:00,TRUE
fare_DEL-BOM_6E_2026-09-03_T+1_1788317218634_df45,DEL-BOM,EaseMyTrip,6E,6E-317,2026-09-03,T+1,5355,1175,6530,2026-09-02T02:24:55.245Z,FALSE,"",16:15,TRUE
fare_DEL-BOM_6E_2026-09-03_T+1_1788317218634_wc1s,DEL-BOM,EaseMyTrip,6E,6E-391,2026-09-03,T+1,5355,1175,6530,2026-09-02T02:24:55.245Z,FALSE,"",16:15,TRUE
fare_DEL-BOM_6E_2026-09-03_T+1_1788317218634_mvtf,DEL-BOM,EaseMyTrip,6E,6E-343,2026-09-03,T+1,5355,1175,6530,2026-09-02T02:24:55.245Z,FALSE,"",15:30,TRUE
fare_DEL-BOM_6E_2026-09-03_T+1_1788317218634_6x2d,DEL-BOM,EaseMyTrip,6E,6E-149,2026-09-03,T+1,5355,1175,6530,2026-09-02T02:24:55.245Z,FALSE,"",15:30,TRUE
fare_DEL-BOM_6E_2026-09-03_T+1_1788317218634_pc0f,DEL-BOM,EaseMyTrip,6E,6E-6022,2026-09-03,T+1,5355,1175,6530,2026-09-02T02:24:55.245Z,FALSE,"",14:00,TRUE
fare_DEL-BOM_6E_2026-09-03_T+1_1788317218634_87hw,DEL-BOM,EaseMyTrip,6E,6E-6318,2026-09-03,T+1,5355,1175,6530,2026-09-02T02:24:55.245Z,FALSE,"",14:45,TRUE
fare_DEL-BOM_6E_2026-09-03_T+1_1788317218634_coio,DEL-BOM,EaseMyTrip,6E,6E-6218,2026-09-03,T+1,5355,1175,6530,2026-09-02T02:24:55.245Z,FALSE,"",06:05,TRUE
fare_DEL-BOM_6E_2026-09-03_T+1_1788317218634_mioh,DEL-BOM,EaseMyTrip,6E,6E-273,2026-09-03,T+1,5355,1175,6530,2026-09-02T02:24:55.245Z,FALSE,"",08:45,TRUE
fare_DEL-BOM_6E_2026-09-03_T+1_1788317218634_vm83,DEL-BOM,EaseMyTrip,6E,6E-826,2026-09-03,T+1,5355,1175,6530,2026-09-02T02:24:55.245Z,FALSE,"",08:45,TRUE
fare_DEL-BOM_6E_2026-09-03_T+1_1788317218634_37na,DEL-BOM,EaseMyTrip,6E,6E-6047,2026-09-03,T+1,5355,1175,6530,2026-09-02T02:24:55.245Z,FALSE,"",11:00,TRUE
fare_DEL-BOM_6E_2026-09-03_T+1_1788317218634_nw0b,DEL-BOM,EaseMyTrip,6E,6E-6676,2026-09-03,T+1,5355,1175,6530,2026-09-02T02:24:55.245Z,FALSE,"",12:00,TRUE
fare_DEL-BOM_6E_2026-09-03_T+1_1788317218634_v1qb,DEL-BOM,EaseMyTrip,6E,6E-328,2026-09-03,T+1,5355,1175,6530,2026-09-02T02:24:55.245Z,FALSE,"",13:00,TRUE
fare_DEL-BOM_6E_2026-09-03_T+1_1788317218634_qzxv,DEL-BOM,EaseMyTrip,6E,6E-159,2026-09-03,T+1,5355,1175,6530,2026-09-02T02:24:55.245Z,FALSE,"",13:00,TRUE
fare_DEL-BOM_6E_2026-09-03_T+1_1788317218634_m06m,DEL-BOM,EaseMyTrip,6E,6E-6107,2026-09-03,T+1,5355,1175,6530,2026-09-02T02:24:55.245Z,FALSE,"",09:30,TRUE
fare_DEL-BOM_QP_2026-09-03_T+1_1788317218634_116j,DEL-BOM,EaseMyTrip,QP,QP-1940,2026-09-03,T+1,5427,1191,6618,2026-09-02T02:24:55.245Z,FALSE,"",14:05,TRUE
fare_DEL-BOM_6E_2026-09-03_T+1_1788317218634_rlad,DEL-BOM,EaseMyTrip,6E,6E-5198,2026-09-03,T+1,5427,1191,6618,2026-09-02T02:24:55.245Z,FALSE,"",15:00,TRUE
fare_DEL-BOM_6E_2026-09-03_T+1_1788317218634_ihv1,DEL-BOM,EaseMyTrip,6E,6E-384,2026-09-03,T+1,5484,1204,6688,2026-09-02T02:24:55.245Z,FALSE,"",23:30,TRUE
fare_DEL-BOM_6E_2026-09-03_T+1_1788317218634_hwdu,DEL-BOM,EaseMyTrip,6E,6E-907,2026-09-03,T+1,5484,1204,6688,2026-09-02T02:24:55.245Z,FALSE,"",23:30,TRUE
fare_DEL-BOM_6E_2026-09-03_T+1_1788317218634_3gb3,DEL-BOM,EaseMyTrip,6E,6E-731,2026-09-03,T+1,5484,1204,6688,2026-09-02T02:24:55.245Z,FALSE,"",08:00,TRUE
fare_DEL-BOM_6E_2026-09-03_T+1_1788317218634_13hw,DEL-BOM,EaseMyTrip,6E,6E-746,2026-09-03,T+1,5484,1204,6688,2026-09-02T02:24:55.245Z,FALSE,"",08:00,TRUE
fare_DEL-BOM_6E_2026-09-03_T+1_1788317218634_04gq,DEL-BOM,EaseMyTrip,6E,6E-6328,2026-09-03,T+1,5484,1204,6688,2026-09-02T02:24:55.245Z,FALSE,"",10:15,TRUE
fare_DEL-BOM_6E_2026-09-03_T+1_1788317218634_kimk,DEL-BOM,EaseMyTrip,6E,6E-6470,2026-09-03,T+1,5526,1213,6739,2026-09-02T02:24:55.245Z,FALSE,"",06:55,TRUE
fare_DEL-BOM_6E_2026-09-03_T+1_1788317218634_1gbz,DEL-BOM,EaseMyTrip,6E,6E-5298,2026-09-03,T+1,5553,1219,6772,2026-09-02T02:24:55.245Z,FALSE,"",09:00,FALSE
fare_DEL-BOM_AI_2026-09-03_T+1_1788317218634_b2ao,DEL-BOM,EaseMyTrip,AI,AI-2963,2026-09-03,T+1,5740,1260,7000,2026-09-02T02:24:55.245Z,FALSE,"",09:00,TRUE
fare_DEL-BOM_AI_2026-09-03_T+1_1788317218634_bz3z,DEL-BOM,EaseMyTrip,AI,AI-1745,2026-09-03,T+1,5740,1260,7000,2026-09-02T02:24:55.245Z,FALSE,"",05:00,TRUE
fare_DEL-BOM_AI_2026-09-03_T+1_1788317218634_d40q,DEL-BOM,EaseMyTrip,AI,AI-2975,2026-09-03,T+1,5740,1260,7000,2026-09-02T02:24:55.245Z,FALSE,"",06:30,TRUE
fare_DEL-BOM_AI_2026-09-03_T+1_1788317218634_8qwo,DEL-BOM,EaseMyTrip,AI,AI-2425,2026-09-03,T+1,5740,1260,7000,2026-09-02T02:24:55.245Z,FALSE,"",10:30,TRUE
fare_DEL-BOM_AI_2026-09-03_T+1_1788317218634_8991,DEL-BOM,EaseMyTrip,AI,AI-2951,2026-09-03,T+1,5740,1260,7000,2026-09-02T02:24:55.245Z,FALSE,"",13:30,TRUE
fare_DEL-BOM_AI_2026-09-03_T+1_1788317218634_tks6,DEL-BOM,EaseMyTrip,AI,AI-2941,2026-09-03,T+1,5740,1260,7000,2026-09-02T02:24:55.245Z,FALSE,"",16:30,TRUE
fare_DEL-BOM_AI_2026-09-03_T+1_1788317218634_rj2h,DEL-BOM,EaseMyTrip,AI,AI-2943,2026-09-03,T+1,5740,1260,7000,2026-09-02T02:24:55.245Z,FALSE,"",07:30,TRUE
fare_DEL-BOM_AI_2026-09-03_T+1_1788317218634_doua,DEL-BOM,EaseMyTrip,AI,AI-2995,2026-09-03,T+1,5740,1260,7000,2026-09-02T02:24:55.245Z,FALSE,"",10:00,TRUE
fare_DEL-BOM_AI_2026-09-03_T+1_1788317218634_w4t7,DEL-BOM,EaseMyTrip,AI,AI-2945,2026-09-03,T+1,5740,1260,7000,2026-09-02T02:24:55.245Z,FALSE,"",11:00,TRUE
fare_DEL-BOM_AI_2026-09-03_T+1_1788317218634_ul3m,DEL-BOM,EaseMyTrip,AI,AI-1785,2026-09-03,T+1,5740,1260,7000,2026-09-02T02:24:55.245Z,FALSE,"",12:00,TRUE
fare_DEL-BOM_AI_2026-09-03_T+1_1788317218634_jks0,DEL-BOM,EaseMyTrip,AI,AI-2933,2026-09-03,T+1,5740,1260,7000,2026-09-02T02:24:55.245Z,FALSE,"",15:30,TRUE
fare_DEL-BOM_AI_2026-09-03_T+1_1788317218634_8u4x,DEL-BOM,EaseMyTrip,AI,AI-1777,2026-09-03,T+1,5740,1260,7000,2026-09-02T02:24:55.245Z,FALSE,"",16:00,TRUE
fare_DEL-BOM_AI_2026-09-03_T+1_1788317218634_fg0w,DEL-BOM,EaseMyTrip,AI,AI-2439,2026-09-03,T+1,5740,1260,7000,2026-09-02T02:24:55.245Z,FALSE,"",23:00,TRUE
fare_DEL-BOM_AI_2026-09-03_T+1_1788317218634_iidw,DEL-BOM,EaseMyTrip,AI,AI-2927,2026-09-03,T+1,5740,1260,7000,2026-09-02T02:24:55.245Z,FALSE,"",09:30,TRUE
fare_DEL-BOM_AI_2026-09-03_T+1_1788317218634_3n07,DEL-BOM,EaseMyTrip,AI,AI-1780,2026-09-03,T+1,5740,1260,7000,2026-09-02T02:24:55.245Z,FALSE,"",16:10,TRUE
fare_DEL-BOM_6E_2026-09-03_T+1_1788317218634_jg6s,DEL-BOM,EaseMyTrip,6E,6E-6814,2026-09-03,T+1,5656,1242,6898,2026-09-02T02:24:55.245Z,FALSE,"",07:15,TRUE
fare_DEL-BOM_6E_2026-09-03_T+1_1788317218634_sxox,DEL-BOM,EaseMyTrip,6E,6E-437,2026-09-03,T+1,5660,1243,6903,2026-09-02T02:24:55.245Z,FALSE,"",23:15,FALSE
fare_DEL-BOM_AI_2026-09-03_T+1_1788317218634_s7t1,DEL-BOM,EaseMyTrip,AI,AI-2678,2026-09-03,T+1,5870,1289,7159,2026-09-02T02:24:55.245Z,FALSE,"",08:30,TRUE
fare_DEL-BOM_AI_2026-09-03_T+1_1788317218634_3zei,DEL-BOM,EaseMyTrip,AI,AI-2429,2026-09-03,T+1,5870,1289,7159,2026-09-02T02:24:55.245Z,FALSE,"",07:00,TRUE
fare_DEL-BOM_AI_2026-09-03_T+1_1788317218634_ardj,DEL-BOM,EaseMyTrip,AI,AI-441,2026-09-03,T+1,5870,1289,7159,2026-09-02T02:24:55.245Z,FALSE,"",17:00,TRUE
fare_DEL-BOM_6E_2026-09-03_T+1_1788317218634_5wm2,DEL-BOM,EaseMyTrip,6E,6E-6171,2026-09-03,T+1,5806,1274,7080,2026-09-02T02:24:55.245Z,FALSE,"",05:40,FALSE
fare_DEL-BOM_6E_2026-09-03_T+1_1788317218634_bqij,DEL-BOM,EaseMyTrip,6E,6E-6706,2026-09-03,T+1,5871,1289,7160,2026-09-02T02:24:55.245Z,FALSE,"",17:00,TRUE
fare_DEL-BOM_6E_2026-09-03_T+1_1788317218634_2jiu,DEL-BOM,EaseMyTrip,6E,6E-2169,2026-09-03,T+1,5914,1298,7212,2026-09-02T02:24:55.245Z,FALSE,"",19:40,FALSE
fare_DEL-BOM_6E_2026-09-03_T+1_1788317218634_oflw,DEL-BOM,EaseMyTrip,6E,6E-7646,2026-09-03,T+1,6120,1343,7463,2026-09-02T02:24:55.245Z,FALSE,"",06:15,FALSE
fare_DEL-BOM_6E_2026-09-03_T+1_1788317218634_fh09,DEL-BOM,EaseMyTrip,6E,6E-6114,2026-09-03,T+1,6130,1345,7475,2026-09-02T02:24:55.245Z,FALSE,"",22:45,TRUE
fare_DEL-BOM_6E_2026-09-03_T+1_1788317218634_xzpc,DEL-BOM,EaseMyTrip,6E,6E-5119,2026-09-03,T+1,6273,1377,7650,2026-09-02T02:24:55.245Z,FALSE,"",05:10,FALSE
fare_DEL-BOM_6E_2026-09-03_T+1_1788317218634_sm3g,DEL-BOM,EaseMyTrip,6E,6E-6443,2026-09-03,T+1,6380,1401,7781,2026-09-02T02:24:55.245Z,FALSE,"",09:00,FALSE
fare_DEL-BOM_6E_2026-09-03_T+1_1788317218634_ak9t,DEL-BOM,EaseMyTrip,6E,6E-6479,2026-09-03,T+1,6445,1415,7860,2026-09-02T02:24:55.245Z,FALSE,"",21:25,FALSE
fare_DEL-BOM_QP_2026-09-03_T+1_1788317218634_q8k7,DEL-BOM,EaseMyTrip,QP,QP-1820,2026-09-03,T+1,6536,1435,7971,2026-09-02T02:24:55.245Z,FALSE,"",17:30,TRUE
fare_DEL-BOM_IX_2026-09-03_T+1_1788317218634_h75u,DEL-BOM,EaseMyTrip,IX,IX-1080,2026-09-03,T+1,7033,1544,8577,2026-09-02T02:24:55.245Z,FALSE,"",18:40,TRUE
fare_DEL-BOM_6E_2026-09-03_T+1_1788317218634_5zir,DEL-BOM,EaseMyTrip,6E,6E-5138,2026-09-03,T+1,6895,1513,8408,2026-09-02T02:24:55.245Z,FALSE,"",19:10,FALSE
fare_DEL-BOM_6E_2026-09-03_T+1_1788317218634_wtet,DEL-BOM,EaseMyTrip,6E,6E-2496,2026-09-03,T+1,7325,1608,8933,2026-09-02T02:24:55.245Z,FALSE,"",12:40,FALSE
fare_DEL-BOM_AI_2026-09-03_T+1_1788317218634_v0c2,DEL-BOM,EaseMyTrip,AI,AI-1717,2026-09-03,T+1,8086,1775,9861,2026-09-02T02:24:55.245Z,FALSE,"",14:20,FALSE
fare_DEL-BOM_IX_2026-09-03_T+1_1788317218634_sh8k,DEL-BOM,EaseMyTrip,IX,IX-1165,2026-09-03,T+1,8243,1809,10052,2026-09-02T02:24:55.245Z,FALSE,"",05:45,FALSE
fare_DEL-BOM_6E_2026-09-03_T+1_1788317218634_ehk9,DEL-BOM,EaseMyTrip,6E,6E-730,2026-09-03,T+1,7981,1752,9733,2026-09-02T02:24:55.245Z,FALSE,"",21:45,TRUE
fare_DEL-BOM_6E_2026-09-03_T+1_1788317218634_2ain,DEL-BOM,EaseMyTrip,6E,6E-261,2026-09-03,T+1,7981,1752,9733,2026-09-02T02:24:55.245Z,FALSE,"",21:45,TRUE
fare_DEL-BOM_6E_2026-09-03_T+1_1788317218634_it6z,DEL-BOM,EaseMyTrip,6E,6E-2381,2026-09-03,T+1,8251,1811,10062,2026-09-02T02:24:55.245Z,FALSE,"",13:45,FALSE
fare_DEL-BOM_AI_2026-09-03_T+1_1788317218634_7b3b,DEL-BOM,EaseMyTrip,AI,AI-2499,2026-09-03,T+1,8430,1851,10281,2026-09-02T02:24:55.245Z,FALSE,"",05:55,FALSE
fare_DEL-BOM_6E_2026-09-03_T+1_1788317218634_4x60,DEL-BOM,EaseMyTrip,6E,6E-7642,2026-09-03,T+1,8321,1826,10147,2026-09-02T02:24:55.245Z,FALSE,"",15:45,FALSE
fare_DEL-BOM_AI_2026-09-03_T+1_1788317218634_y0o0,DEL-BOM,EaseMyTrip,AI,AI-9920,2026-09-03,T+1,8675,1904,10579,2026-09-02T02:24:55.245Z,FALSE,"",10:50,FALSE
fare_DEL-BOM_AI_2026-09-03_T+1_1788317218634_4ug1,DEL-BOM,EaseMyTrip,AI,AI-2433,2026-09-03,T+1,8744,1919,10663,2026-09-02T02:24:55.245Z,FALSE,"",21:30,TRUE
fare_DEL-BOM_6E_2026-09-03_T+1_1788317218634_pmbv,DEL-BOM,EaseMyTrip,6E,6E-2349,2026-09-03,T+1,8603,1889,10492,2026-09-02T02:24:55.245Z,FALSE,"",10:55,FALSE
fare_DEL-BOM_AI_2026-09-03_T+1_1788317218634_6u8w,DEL-BOM,EaseMyTrip,AI,AI-9757,2026-09-03,T+1,9509,2087,11596,2026-09-02T02:24:55.245Z,FALSE,"",11:50,FALSE
fare_DEL-BOM_AI_2026-09-03_T+1_1788317218634_jata,DEL-BOM,EaseMyTrip,AI,AI-9759,2026-09-03,T+1,9509,2087,11596,2026-09-02T02:24:55.245Z,FALSE,"",05:45,FALSE
fare_DEL-BOM_6E_2026-09-03_T+1_1788317218634_eal6,DEL-BOM,EaseMyTrip,6E,6E-5073,2026-09-03,T+1,9404,2064,11468,2026-09-02T02:24:55.245Z,FALSE,"",17:05,FALSE
fare_DEL-BOM_6E_2026-09-03_T+1_1788317218634_974h,DEL-BOM,EaseMyTrip,6E,6E-2331,2026-09-03,T+1,9404,2064,11468,2026-09-02T02:24:55.245Z,FALSE,"",12:20,FALSE
fare_DEL-BOM_6E_2026-09-03_T+1_1788317218634_ns2b,DEL-BOM,EaseMyTrip,6E,6E-6433,2026-09-03,T+1,9512,2088,11600,2026-09-02T02:24:55.245Z,FALSE,"",16:30,FALSE
fare_DEL-BOM_6E_2026-09-03_T+1_1788317218634_9b6d,DEL-BOM,EaseMyTrip,6E,6E-6488,2026-09-03,T+1,10336,2269,12605,2026-09-02T02:24:55.245Z,FALSE,"",11:20,FALSE
fare_DEL-BOM_6E_2026-09-03_T+1_1788317218634_o4id,DEL-BOM,EaseMyTrip,6E,6E-795,2026-09-03,T+1,10400,2283,12683,2026-09-02T02:24:55.245Z,FALSE,"",16:30,FALSE
fare_DEL-BOM_6E_2026-09-03_T+1_1788317218634_czxh,DEL-BOM,EaseMyTrip,6E,6E-344,2026-09-03,T+1,10400,2283,12683,2026-09-02T02:24:55.245Z,FALSE,"",16:30,FALSE
fare_DEL-BOM_AI_2026-09-03_T+1_1788317218634_wx9y,DEL-BOM,EaseMyTrip,AI,AI-1705,2026-09-03,T+1,10695,2348,13043,2026-09-02T02:24:55.245Z,FALSE,"",06:30,FALSE
fare_DEL-BOM_AI_2026-09-03_T+1_1788317218634_fmt4,DEL-BOM,EaseMyTrip,AI,AI-887,2026-09-03,T+1,10912,2395,13307,2026-09-02T02:24:55.245Z,FALSE,"",21:00,TRUE
fare_DEL-BOM_AI_2026-09-03_T+1_1788317218634_q9m5,DEL-BOM,EaseMyTrip,AI,AI-2981,2026-09-03,T+1,10912,2395,13307,2026-09-02T02:24:55.245Z,FALSE,"",21:00,TRUE
fare_DEL-BOM_AI_2026-09-03_T+1_1788317218634_0j1x,DEL-BOM,EaseMyTrip,AI,AI-2957,2026-09-03,T+1,10912,2395,13307,2026-09-02T02:24:55.245Z,FALSE,"",20:30,TRUE
fare_DEL-BOM_IX_2026-09-03_T+1_1788317218634_1z3x,DEL-BOM,EaseMyTrip,IX,IX-1051,2026-09-03,T+1,11184,2455,13639,2026-09-02T02:24:55.245Z,FALSE,"",19:05,FALSE
fare_DEL-BOM_6E_2026-09-03_T+1_1788317218634_gj8r,DEL-BOM,EaseMyTrip,6E,6E-2341,2026-09-03,T+1,10845,2381,13226,2026-09-02T02:24:55.245Z,FALSE,"",14:50,FALSE
fare_DEL-BOM_AI_2026-09-03_T+1_1788317218634_pxu5,DEL-BOM,EaseMyTrip,AI,AI-531,2026-09-03,T+1,11186,2455,13641,2026-09-02T02:24:55.245Z,FALSE,"",19:20,FALSE
fare_DEL-BOM_6E_2026-09-03_T+1_1788317218634_x185,DEL-BOM,EaseMyTrip,6E,6E-966,2026-09-03,T+1,11167,2451,13618,2026-09-02T02:24:55.245Z,FALSE,"",20:00,TRUE
fare_DEL-BOM_6E_2026-09-03_T+1_1788317218634_v4mc,DEL-BOM,EaseMyTrip,6E,6E-538,2026-09-03,T+1,11167,2451,13618,2026-09-02T02:24:55.245Z,FALSE,"",20:00,TRUE
fare_DEL-BOM_6E_2026-09-03_T+1_1788317218634_qcpf,DEL-BOM,EaseMyTrip,6E,6E-883,2026-09-03,T+1,11167,2451,13618,2026-09-02T02:24:55.245Z,FALSE,"",19:00,TRUE
fare_DEL-BOM_6E_2026-09-03_T+1_1788317218634_7bj2,DEL-BOM,EaseMyTrip,6E,6E-628,2026-09-03,T+1,11167,2451,13618,2026-09-02T02:24:55.245Z,FALSE,"",19:00,TRUE
fare_DEL-BOM_6E_2026-09-03_T+1_1788317218634_jrvi,DEL-BOM,EaseMyTrip,6E,6E-403,2026-09-03,T+1,11167,2451,13618,2026-09-02T02:24:55.245Z,FALSE,"",18:00,TRUE
fare_DEL-BOM_6E_2026-09-03_T+1_1788317218634_oojr,DEL-BOM,EaseMyTrip,6E,6E-346,2026-09-03,T+1,11167,2451,13618,2026-09-02T02:24:55.245Z,FALSE,"",18:00,TRUE
fare_DEL-BOM_6E_2026-09-03_T+1_1788317218634_ke64,DEL-BOM,EaseMyTrip,6E,6E-880,2026-09-03,T+1,11167,2451,13618,2026-09-02T02:24:55.245Z,FALSE,"",20:45,TRUE
fare_DEL-BOM_6E_2026-09-03_T+1_1788317218634_wa0o,DEL-BOM,EaseMyTrip,6E,6E-421,2026-09-03,T+1,11167,2451,13618,2026-09-02T02:24:55.245Z,FALSE,"",20:45,TRUE
fare_DEL-BOM_AI_2026-09-03_T+1_1788317218634_xsdz,DEL-BOM,EaseMyTrip,AI,AI-2509,2026-09-03,T+1,11353,2492,13845,2026-09-02T02:24:55.245Z,FALSE,"",06:55,FALSE
fare_DEL-BOM_AI_2026-09-03_T+1_1788317218634_cyfu,DEL-BOM,EaseMyTrip,AI,AI-2977,2026-09-03,T+1,11407,2504,13911,2026-09-02T02:24:55.245Z,FALSE,"",19:00,TRUE
fare_DEL-BOM_6E_2026-09-03_T+1_1788317218634_i7gz,DEL-BOM,EaseMyTrip,6E,6E-6282,2026-09-03,T+1,11414,2506,13920,2026-09-02T02:24:55.245Z,FALSE,"",13:30,FALSE
fare_DEL-BOM_AI_2026-09-03_T+1_1788317218634_hl1p,DEL-BOM,EaseMyTrip,AI,AI-2955,2026-09-03,T+1,11605,2548,14153,2026-09-02T02:24:55.245Z,FALSE,"",18:00,TRUE
fare_DEL-BOM_AI_2026-09-03_T+1_1788317218634_x4bh,DEL-BOM,EaseMyTrip,AI,AI-2569,2026-09-03,T+1,11616,2550,14166,2026-09-02T02:24:55.245Z,FALSE,"",20:25,FALSE
fare_DEL-BOM_AI_2026-09-03_T+1_1788317218634_99xl,DEL-BOM,EaseMyTrip,AI,AI-1710,2026-09-03,T+1,11616,2550,14166,2026-09-02T02:24:55.245Z,FALSE,"",18:35,FALSE
fare_DEL-BOM_IX_2026-09-03_T+1_1788317218634_i8g9,DEL-BOM,EaseMyTrip,IX,IX-1049,2026-09-03,T+1,12242,2687,14929,2026-09-02T02:24:55.245Z,FALSE,"",18:40,FALSE
fare_DEL-BOM_6E_2026-09-03_T+1_1788317218634_c1z0,DEL-BOM,EaseMyTrip,6E,6E-413,2026-09-03,T+1,11725,2574,14299,2026-09-02T02:24:55.245Z,FALSE,"",20:20,TRUE
fare_DEL-BOM_6E_2026-09-03_T+1_1788317218634_sdwn,DEL-BOM,EaseMyTrip,6E,6E-809,2026-09-03,T+1,11725,2574,14299,2026-09-02T02:24:55.245Z,FALSE,"",20:20,TRUE
fare_DEL-BOM_QP_2026-09-03_T+1_1788317218634_nw5l,DEL-BOM,EaseMyTrip,QP,QP-1826,2026-09-03,T+1,11797,2590,14387,2026-09-02T02:24:55.245Z,FALSE,"",19:55,TRUE
fare_DEL-BOM_IX_2026-09-03_T+1_1788317218634_mmrb,DEL-BOM,EaseMyTrip,IX,IX-5975,2026-09-03,T+1,12339,2709,15048,2026-09-02T02:24:55.245Z,FALSE,"",21:00,FALSE
fare_DEL-BOM_6E_2026-09-03_T+1_1788317218634_9yl3,DEL-BOM,EaseMyTrip,6E,6E-6293,2026-09-03,T+1,11879,2607,14486,2026-09-02T02:24:55.245Z,FALSE,"",09:55,FALSE
fare_DEL-BOM_IX_2026-09-03_T+1_1788317218634_lqvl,DEL-BOM,EaseMyTrip,IX,IX-1108,2026-09-03,T+1,12423,2727,15150,2026-09-02T02:24:55.245Z,FALSE,"",05:00,FALSE
fare_DEL-BOM_AI_2026-09-03_T+1_1788317218634_imir,DEL-BOM,EaseMyTrip,AI,AI-2715,2026-09-03,T+1,12336,2708,15044,2026-09-02T02:24:55.245Z,FALSE,"",11:40,FALSE
fare_DEL-BOM_IX_2026-09-03_T+1_1788317218634_x61k,DEL-BOM,EaseMyTrip,IX,IX-1003,2026-09-03,T+1,12671,2782,15453,2026-09-02T02:24:55.245Z,FALSE,"",19:10,FALSE
fare_DEL-BOM_IX_2026-09-03_T+1_1788317218634_ojmb,DEL-BOM,EaseMyTrip,IX,IX-1070,2026-09-03,T+1,12678,2783,15461,2026-09-02T02:24:55.245Z,FALSE,"",18:20,FALSE
fare_DEL-BOM_QP_2026-09-03_T+1_1788317218634_n2gr,DEL-BOM,EaseMyTrip,QP,QP-1812,2026-09-03,T+1,12872,2826,15698,2026-09-02T02:24:55.245Z,FALSE,"",22:55,FALSE
fare_DEL-BOM_AI_2026-09-03_T+1_1788317218634_bxn8,DEL-BOM,EaseMyTrip,AI,AI-1743,2026-09-03,T+1,13065,2868,15933,2026-09-02T02:24:55.245Z,FALSE,"",06:20,FALSE
fare_DEL-BOM_AI_2026-09-03_T+1_1788317218634_x2wg,DEL-BOM,EaseMyTrip,AI,AI-1742,2026-09-03,T+1,13065,2868,15933,2026-09-02T02:24:55.245Z,FALSE,"",20:00,FALSE
fare_DEL-BOM_AI_2026-09-03_T+1_1788317218634_5fxq,DEL-BOM,EaseMyTrip,AI,AI-2601,2026-09-03,T+1,13065,2868,15933,2026-09-02T02:24:55.245Z,FALSE,"",17:00,FALSE
fare_DEL-BOM_AI_2026-09-03_T+1_1788317218634_zc9a,DEL-BOM,EaseMyTrip,AI,AI-2537,2026-09-03,T+1,13350,2931,16281,2026-09-02T02:24:55.245Z,FALSE,"",17:30,FALSE
fare_DEL-BOM_QP_2026-09-03_T+1_1788317218634_fwmc,DEL-BOM,EaseMyTrip,QP,QP-1817,2026-09-03,T+1,13420,2946,16366,2026-09-02T02:24:55.245Z,FALSE,"",10:30,FALSE
fare_DEL-BOM_AI_2026-09-03_T+1_1788317218634_i7ok,DEL-BOM,EaseMyTrip,AI,AI-9584,2026-09-03,T+1,13855,3041,16896,2026-09-02T02:24:55.245Z,FALSE,"",11:15,FALSE
fare_DEL-BOM_AI_2026-09-03_T+1_1788317218634_wcun,DEL-BOM,EaseMyTrip,AI,AI-2907,2026-09-03,T+1,13927,3057,16984,2026-09-02T02:24:55.245Z,FALSE,"",12:00,FALSE
fare_DEL-BOM_AI_2026-09-03_T+1_1788317218634_ptz4,DEL-BOM,EaseMyTrip,AI,AI-2985,2026-09-03,T+1,13940,3060,17000,2026-09-02T02:24:55.245Z,FALSE,"",19:30,TRUE
fare_DEL-BOM_6E_2026-09-03_T+1_1788317218634_obm4,DEL-BOM,EaseMyTrip,6E,6E-6261,2026-09-03,T+1,13914,3054,16968,2026-09-02T02:24:55.245Z,FALSE,"",00:15,FALSE
fare_DEL-BOM_AI_2026-09-03_T+1_1788317218634_3cnz,DEL-BOM,EaseMyTrip,AI,AI-2805,2026-09-03,T+1,14457,3174,17631,2026-09-02T02:24:55.245Z,FALSE,"",20:00,TRUE
fare_DEL-BOM_AI_2026-09-03_T+1_1788317218634_fctb,DEL-BOM,EaseMyTrip,AI,AI-491,2026-09-03,T+1,14497,3182,17679,2026-09-02T02:24:55.245Z,FALSE,"",11:15,FALSE
fare_DEL-BOM_AI_2026-09-03_T+1_1788317218634_j9nx,DEL-BOM,EaseMyTrip,AI,AI-1773,2026-09-03,T+1,14497,3182,17679,2026-09-02T02:24:55.245Z,FALSE,"",10:30,FALSE
fare_DEL-BOM_AI_2026-09-03_T+1_1788317218635_czmq,DEL-BOM,EaseMyTrip,AI,AI-2577,2026-09-03,T+1,14577,3200,17777,2026-09-02T02:24:55.245Z,FALSE,"",02:00,FALSE
fare_DEL-BOM_AI_2026-09-03_T+1_1788317218635_4833,DEL-BOM,EaseMyTrip,AI,AI-2859,2026-09-03,T+1,14577,3200,17777,2026-09-02T02:24:55.245Z,FALSE,"",10:30,FALSE
fare_DEL-BOM_AI_2026-09-03_T+1_1788317218635_dcme,DEL-BOM,EaseMyTrip,AI,AI-2465,2026-09-03,T+1,14880,3266,18146,2026-09-02T02:24:55.245Z,FALSE,"",14:30,FALSE
fare_DEL-BOM_QP_2026-09-03_T+1_1788317218635_9faq,DEL-BOM,EaseMyTrip,QP,QP-1815,2026-09-03,T+1,14955,3283,18238,2026-09-02T02:24:55.245Z,FALSE,"",14:55,FALSE
fare_DEL-BOM_6E_2026-09-03_T+1_1788317218635_me7u,DEL-BOM,EaseMyTrip,6E,6E-2249,2026-09-03,T+1,15655,3436,19091,2026-09-02T02:24:55.245Z,FALSE,"",15:00,FALSE
fare_DEL-BOM_6E_2026-09-03_T+1_1788317218635_gegt,DEL-BOM,EaseMyTrip,6E,6E-6601,2026-09-03,T+1,16159,3547,19706,2026-09-02T02:24:55.245Z,FALSE,"",19:45,FALSE
fare_DEL-BOM_AI_2026-09-03_T+1_1788317218635_c3hk,DEL-BOM,EaseMyTrip,AI,AI-427,2026-09-03,T+1,16494,3621,20115,2026-09-02T02:24:55.245Z,FALSE,"",08:30,FALSE
fare_DEL-BOM_6E_2026-09-03_T+1_1788317218635_smh8,DEL-BOM,EaseMyTrip,6E,6E-849,2026-09-03,T+1,16911,3712,20623,2026-09-02T02:24:55.245Z,FALSE,"",10:00,FALSE
fare_DEL-BOM_6E_2026-09-03_T+1_1788317218635_yxps,DEL-BOM,EaseMyTrip,6E,6E-521,2026-09-03,T+1,16911,3712,20623,2026-09-02T02:24:55.245Z,FALSE,"",10:00,FALSE
fare_DEL-BOM_AI_2026-09-03_T+1_1788317218635_602g,DEL-BOM,EaseMyTrip,AI,AI-1739,2026-09-03,T+1,17263,3790,21053,2026-09-02T02:24:55.245Z,FALSE,"",11:30,FALSE
fare_DEL-BOM_6E_2026-09-03_T+1_1788317218635_zixh,DEL-BOM,EaseMyTrip,6E,6E-223,2026-09-03,T+1,17553,3853,21406,2026-09-02T02:24:55.245Z,FALSE,"",19:30,FALSE
fare_DEL-BOM_6E_2026-09-03_T+1_1788317218635_rt50,DEL-BOM,EaseMyTrip,6E,6E-442,2026-09-03,T+1,17553,3853,21406,2026-09-02T02:24:55.245Z,FALSE,"",19:30,FALSE
fare_DEL-BOM_6E_2026-09-03_T+1_1788317218635_npva,DEL-BOM,EaseMyTrip,6E,6E-687,2026-09-03,T+1,17892,3928,21820,2026-09-02T02:24:55.245Z,FALSE,"",08:30,FALSE
fare_DEL-BOM_6E_2026-09-03_T+1_1788317218635_dcwn,DEL-BOM,EaseMyTrip,6E,6E-271,2026-09-03,T+1,17892,3928,21820,2026-09-02T02:24:55.245Z,FALSE,"",08:30,FALSE
fare_DEL-BOM_6E_2026-09-03_T+1_1788317218635_0p2b,DEL-BOM,EaseMyTrip,6E,6E-2076,2026-09-03,T+1,17938,3937,21875,2026-09-02T02:24:55.245Z,FALSE,"",07:30,FALSE
fare_DEL-BOM_AI_2026-09-03_T+1_1788317218635_o0go,DEL-BOM,EaseMyTrip,AI,AI-2483,2026-09-03,T+1,18475,4056,22531,2026-09-02T02:24:55.245Z,FALSE,"",12:20,FALSE
fare_DEL-BOM_6E_2026-09-03_T+1_1788317218635_nutw,DEL-BOM,EaseMyTrip,6E,6E-2013,2026-09-03,T+1,18807,4128,22935,2026-09-02T02:24:55.245Z,FALSE,"",21:50,FALSE
fare_DEL-BOM_AI_2026-09-03_T+1_1788317218635_7tv6,DEL-BOM,EaseMyTrip,AI,AI-2627,2026-09-03,T+1,19944,4378,24322,2026-09-02T02:24:55.245Z,FALSE,"",10:45,FALSE
fare_DEL-BOM_IX_2026-09-03_T+1_1788317218635_04ur,DEL-BOM,EaseMyTrip,IX,IX-1068,2026-09-03,T+1,21251,4665,25916,2026-09-02T02:24:55.245Z,FALSE,"",11:55,FALSE
fare_DEL-BOM_6E_2026-09-03_T+1_1788317218635_tmax,DEL-BOM,EaseMyTrip,6E,6E-861,2026-09-03,T+1,21254,4666,25920,2026-09-02T02:24:55.245Z,FALSE,"",19:35,FALSE
fare_DEL-BOM_AI_2026-09-03_T+1_1788317218635_vsn0,DEL-BOM,EaseMyTrip,AI,AI-2525,2026-09-03,T+1,25677,5636,31313,2026-09-02T02:24:55.245Z,TRUE,"High outlier: ₹31313 > upper fence ₹26184 (Q3: ₹14437, IQR: ₹7831)",06:00,FALSE
fare_DEL-BOM_AI_2026-09-03_T+1_1788317218635_ifao,DEL-BOM,EaseMyTrip,AI,AI-2761,2026-09-03,T+1,28331,6219,34550,2026-09-02T02:24:55.245Z,TRUE,"High outlier: ₹34550 > upper fence ₹26184 (Q3: ₹14437, IQR: ₹7831)",16:25,FALSE
fare_DEL-BOM_SG_2026-10-02_T+30_1788317218635_r65a,DEL-BOM,EaseMyTrip,SG,SG-361,2026-10-02,T+30,5064,1112,6176,2026-09-02T02:25:16.164Z,FALSE,"",20:10,TRUE
fare_DEL-BOM_SG_2026-10-02_T+30_1788317218635_i0xl,DEL-BOM,EaseMyTrip,SG,SG-438,2026-10-02,T+30,5064,1112,6176,2026-09-02T02:25:16.164Z,FALSE,"",20:10,TRUE
fare_DEL-BOM_SG_2026-10-02_T+30_1788317218635_abon,DEL-BOM,EaseMyTrip,SG,SG-800,2026-10-02,T+30,5064,1112,6176,2026-09-02T02:25:16.164Z,FALSE,"",22:30,TRUE
fare_DEL-BOM_SG_2026-10-02_T+30_1788317218635_c14g,DEL-BOM,EaseMyTrip,SG,SG-811,2026-10-02,T+30,5064,1112,6176,2026-09-02T02:25:16.164Z,FALSE,"",22:30,TRUE
fare_DEL-BOM_IX_2026-10-02_T+30_1788317218635_jyie,DEL-BOM,EaseMyTrip,IX,IX-1165,2026-10-02,T+30,5354,1175,6529,2026-09-02T02:25:16.164Z,FALSE,"",06:00,FALSE
fare_DEL-BOM_IX_2026-10-02_T+30_1788317218635_003t,DEL-BOM,EaseMyTrip,IX,IX-1392,2026-10-02,T+30,5354,1175,6529,2026-09-02T02:25:16.164Z,FALSE,"",23:25,FALSE
fare_DEL-BOM_IX_2026-10-02_T+30_1788317218635_a86c,DEL-BOM,EaseMyTrip,IX,IX-1056,2026-10-02,T+30,5354,1175,6529,2026-09-02T02:25:16.164Z,FALSE,"",17:50,TRUE
fare_DEL-BOM_IX_2026-10-02_T+30_1788317218635_o18l,DEL-BOM,EaseMyTrip,IX,IX-1235,2026-10-02,T+30,5354,1175,6529,2026-09-02T02:25:16.164Z,FALSE,"",23:25,TRUE
fare_DEL-BOM_IX_2026-10-02_T+30_1788317218635_mqjb,DEL-BOM,EaseMyTrip,IX,IX-1463,2026-10-02,T+30,5354,1175,6529,2026-09-02T02:25:16.164Z,FALSE,"",11:15,TRUE
fare_DEL-BOM_IX_2026-10-02_T+30_1788317218635_dagj,DEL-BOM,EaseMyTrip,IX,IX-1038,2026-10-02,T+30,5354,1175,6529,2026-09-02T02:25:16.164Z,FALSE,"",17:35,TRUE
fare_DEL-BOM_IX_2026-10-02_T+30_1788317218635_ioar,DEL-BOM,EaseMyTrip,IX,IX-1024,2026-10-02,T+30,5354,1175,6529,2026-09-02T02:25:16.164Z,FALSE,"",18:40,TRUE
fare_DEL-BOM_6E_2026-10-02_T+30_1788317218635_ivwk,DEL-BOM,EaseMyTrip,6E,6E-5096,2026-10-02,T+30,5282,1160,6442,2026-09-02T02:25:16.164Z,FALSE,"",17:00,TRUE
fare_DEL-BOM_QP_2026-10-02_T+30_1788317218635_1csl,DEL-BOM,EaseMyTrip,QP,QP-2018,2026-10-02,T+30,5295,1162,6457,2026-09-02T02:25:16.164Z,FALSE,"",11:00,TRUE
fare_DEL-BOM_QP_2026-10-02_T+30_1788317218635_gfx1,DEL-BOM,EaseMyTrip,QP,QP-2012,2026-10-02,T+30,5330,1170,6500,2026-09-02T02:25:16.164Z,FALSE,"",08:55,TRUE
fare_DEL-BOM_QP_2026-10-02_T+30_1788317218635_pzgw,DEL-BOM,EaseMyTrip,QP,QP-1833,2026-10-02,T+30,5355,1175,6530,2026-09-02T02:25:16.164Z,FALSE,"",06:50,TRUE
fare_DEL-BOM_QP_2026-10-02_T+30_1788317218635_yb34,DEL-BOM,EaseMyTrip,QP,QP-1128,2026-10-02,T+30,5355,1175,6530,2026-09-02T02:25:16.164Z,FALSE,"",16:00,TRUE
fare_DEL-BOM_QP_2026-10-02_T+30_1788317218635_w3c4,DEL-BOM,EaseMyTrip,QP,QP-1820,2026-10-02,T+30,5355,1175,6530,2026-09-02T02:25:16.164Z,FALSE,"",17:30,TRUE
fare_DEL-BOM_QP_2026-10-02_T+30_1788317218635_mlgm,DEL-BOM,EaseMyTrip,QP,QP-1119,2026-10-02,T+30,5355,1175,6530,2026-09-02T02:25:16.164Z,FALSE,"",08:40,TRUE
fare_DEL-BOM_QP_2026-10-02_T+30_1788317218635_e4da,DEL-BOM,EaseMyTrip,QP,QP-1826,2026-10-02,T+30,5355,1175,6530,2026-09-02T02:25:16.164Z,FALSE,"",19:55,TRUE
fare_DEL-BOM_6E_2026-10-02_T+30_1788317218635_fs3t,DEL-BOM,EaseMyTrip,6E,6E-499,2026-10-02,T+30,5355,1175,6530,2026-09-02T02:25:16.164Z,FALSE,"",03:00,TRUE
fare_DEL-BOM_6E_2026-10-02_T+30_1788317218635_qkez,DEL-BOM,EaseMyTrip,6E,6E-792,2026-10-02,T+30,5355,1175,6530,2026-09-02T02:25:16.164Z,FALSE,"",03:00,TRUE
fare_DEL-BOM_6E_2026-10-02_T+30_1788317218635_e9ax,DEL-BOM,EaseMyTrip,6E,6E-292,2026-10-02,T+30,5355,1175,6530,2026-09-02T02:25:16.164Z,FALSE,"",23:30,TRUE
fare_DEL-BOM_6E_2026-10-02_T+30_1788317218635_u38r,DEL-BOM,EaseMyTrip,6E,6E-862,2026-10-02,T+30,5355,1175,6530,2026-09-02T02:25:16.164Z,FALSE,"",23:30,TRUE
fare_DEL-BOM_6E_2026-10-02_T+30_1788317218635_hnxp,DEL-BOM,EaseMyTrip,6E,6E-764,2026-10-02,T+30,5355,1175,6530,2026-09-02T02:25:16.164Z,FALSE,"",15:30,TRUE
fare_DEL-BOM_6E_2026-10-02_T+30_1788317218635_t0vh,DEL-BOM,EaseMyTrip,6E,6E-702,2026-10-02,T+30,5355,1175,6530,2026-09-02T02:25:16.164Z,FALSE,"",15:30,TRUE
fare_DEL-BOM_6E_2026-10-02_T+30_1788317218635_k50x,DEL-BOM,EaseMyTrip,6E,6E-6022,2026-10-02,T+30,5355,1175,6530,2026-09-02T02:25:16.164Z,FALSE,"",14:00,TRUE
fare_DEL-BOM_6E_2026-10-02_T+30_1788317218635_tgep,DEL-BOM,EaseMyTrip,6E,6E-6318,2026-10-02,T+30,5355,1175,6530,2026-09-02T02:25:16.164Z,FALSE,"",14:45,TRUE
fare_DEL-BOM_6E_2026-10-02_T+30_1788317218635_zivx,DEL-BOM,EaseMyTrip,6E,6E-756,2026-10-02,T+30,5355,1175,6530,2026-09-02T02:25:16.164Z,FALSE,"",05:00,TRUE
fare_DEL-BOM_6E_2026-10-02_T+30_1788317218635_zab7,DEL-BOM,EaseMyTrip,6E,6E-865,2026-10-02,T+30,5355,1175,6530,2026-09-02T02:25:16.164Z,FALSE,"",05:00,TRUE
fare_DEL-BOM_6E_2026-10-02_T+30_1788317218635_0dg7,DEL-BOM,EaseMyTrip,6E,6E-6107,2026-10-02,T+30,5355,1175,6530,2026-09-02T02:25:16.164Z,FALSE,"",09:30,TRUE
fare_DEL-BOM_6E_2026-10-02_T+30_1788317218635_3jy5,DEL-BOM,EaseMyTrip,6E,6E-6047,2026-10-02,T+30,5355,1175,6530,2026-09-02T02:25:16.164Z,FALSE,"",11:00,TRUE
fare_DEL-BOM_6E_2026-10-02_T+30_1788317218635_zi6j,DEL-BOM,EaseMyTrip,6E,6E-6676,2026-10-02,T+30,5355,1175,6530,2026-09-02T02:25:16.164Z,FALSE,"",12:00,TRUE
fare_DEL-BOM_6E_2026-10-02_T+30_1788317218635_q79a,DEL-BOM,EaseMyTrip,6E,6E-787,2026-10-02,T+30,5355,1175,6530,2026-09-02T02:25:16.164Z,FALSE,"",13:00,TRUE
fare_DEL-BOM_6E_2026-10-02_T+30_1788317218635_3h85,DEL-BOM,EaseMyTrip,6E,6E-493,2026-10-02,T+30,5355,1175,6530,2026-09-02T02:25:16.164Z,FALSE,"",13:00,TRUE
fare_DEL-BOM_6E_2026-10-02_T+30_1788317218635_gv86,DEL-BOM,EaseMyTrip,6E,6E-686,2026-10-02,T+30,5410,1188,6598,2026-09-02T02:25:16.164Z,FALSE,"",14:50,FALSE
fare_DEL-BOM_6E_2026-10-02_T+30_1788317218635_dgbl,DEL-BOM,EaseMyTrip,6E,6E-242,2026-10-02,T+30,5410,1188,6598,2026-09-02T02:25:16.164Z,FALSE,"",14:50,FALSE
fare_DEL-BOM_6E_2026-10-02_T+30_1788317218635_yvsp,DEL-BOM,EaseMyTrip,6E,6E-5119,2026-10-02,T+30,5410,1188,6598,2026-09-02T02:25:16.164Z,FALSE,"",05:10,FALSE
fare_DEL-BOM_6E_2026-10-02_T+30_1788317218635_6rfg,DEL-BOM,EaseMyTrip,6E,6E-6190,2026-10-02,T+30,5410,1188,6598,2026-09-02T02:25:16.164Z,FALSE,"",07:40,FALSE
fare_DEL-BOM_6E_2026-10-02_T+30_1788317218635_2rcy,DEL-BOM,EaseMyTrip,6E,6E-2341,2026-10-02,T+30,5410,1188,6598,2026-09-02T02:25:16.164Z,FALSE,"",14:50,FALSE
fare_DEL-BOM_6E_2026-10-02_T+30_1788317218635_r8ps,DEL-BOM,EaseMyTrip,6E,6E-2331,2026-10-02,T+30,5410,1188,6598,2026-09-02T02:25:16.164Z,FALSE,"",12:20,FALSE
fare_DEL-BOM_6E_2026-10-02_T+30_1788317218635_pq55,DEL-BOM,EaseMyTrip,6E,6E-6261,2026-10-02,T+30,5410,1188,6598,2026-09-02T02:25:16.164Z,FALSE,"",00:15,FALSE
fare_DEL-BOM_6E_2026-10-02_T+30_1788317218635_6e3u,DEL-BOM,EaseMyTrip,6E,6E-514,2026-10-02,T+30,5410,1188,6598,2026-09-02T02:25:16.164Z,FALSE,"",10:00,FALSE
fare_DEL-BOM_6E_2026-10-02_T+30_1788317218635_4g7t,DEL-BOM,EaseMyTrip,6E,6E-791,2026-10-02,T+30,5410,1188,6598,2026-09-02T02:25:16.164Z,FALSE,"",10:00,FALSE
fare_DEL-BOM_6E_2026-10-02_T+30_1788317218635_i9mt,DEL-BOM,EaseMyTrip,6E,6E-5198,2026-10-02,T+30,5427,1191,6618,2026-09-02T02:25:16.164Z,FALSE,"",15:00,TRUE
fare_DEL-BOM_6E_2026-10-02_T+30_1788317218635_wset,DEL-BOM,EaseMyTrip,6E,6E-5014,2026-10-02,T+30,5427,1191,6618,2026-09-02T02:25:16.164Z,FALSE,"",18:30,FALSE
fare_DEL-BOM_6E_2026-10-02_T+30_1788317218635_mgn4,DEL-BOM,EaseMyTrip,6E,6E-5073,2026-10-02,T+30,5427,1191,6618,2026-09-02T02:25:16.164Z,FALSE,"",17:05,FALSE
fare_DEL-BOM_6E_2026-10-02_T+30_1788317218635_q4o5,DEL-BOM,EaseMyTrip,6E,6E-6171,2026-10-02,T+30,5427,1191,6618,2026-09-02T02:25:16.164Z,FALSE,"",05:40,FALSE
fare_DEL-BOM_6E_2026-10-02_T+30_1788317218635_0m9d,DEL-BOM,EaseMyTrip,6E,6E-2076,2026-10-02,T+30,5427,1191,6618,2026-09-02T02:25:16.164Z,FALSE,"",07:30,FALSE
fare_DEL-BOM_6E_2026-10-02_T+30_1788317218636_9t90,DEL-BOM,EaseMyTrip,6E,6E-6983,2026-10-02,T+30,5427,1191,6618,2026-09-02T02:25:16.164Z,FALSE,"",15:35,FALSE
fare_DEL-BOM_6E_2026-10-02_T+30_1788317218636_8kzv,DEL-BOM,EaseMyTrip,6E,6E-599,2026-10-02,T+30,5427,1191,6618,2026-09-02T02:25:16.164Z,FALSE,"",19:30,FALSE
fare_DEL-BOM_6E_2026-10-02_T+30_1788317218636_g632,DEL-BOM,EaseMyTrip,6E,6E-606,2026-10-02,T+30,5427,1191,6618,2026-09-02T02:25:16.164Z,FALSE,"",19:30,FALSE
fare_DEL-BOM_6E_2026-10-02_T+30_1788317218636_dgbb,DEL-BOM,EaseMyTrip,6E,6E-2013,2026-10-02,T+30,5427,1191,6618,2026-09-02T02:25:16.164Z,FALSE,"",21:50,FALSE
fare_DEL-BOM_QP_2026-10-02_T+30_1788317218636_eee9,DEL-BOM,EaseMyTrip,QP,QP-1110,2026-10-02,T+30,5452,1197,6649,2026-09-02T02:25:16.164Z,FALSE,"",10:00,TRUE
fare_DEL-BOM_6E_2026-10-02_T+30_1788317218636_j5ec,DEL-BOM,EaseMyTrip,6E,6E-715,2026-10-02,T+30,5484,1204,6688,2026-09-02T02:25:16.164Z,FALSE,"",16:15,TRUE
fare_DEL-BOM_6E_2026-10-02_T+30_1788317218636_c8gr,DEL-BOM,EaseMyTrip,6E,6E-916,2026-10-02,T+30,5484,1204,6688,2026-09-02T02:25:16.164Z,FALSE,"",16:15,TRUE
fare_DEL-BOM_6E_2026-10-02_T+30_1788317218636_6w19,DEL-BOM,EaseMyTrip,6E,6E-6218,2026-10-02,T+30,5484,1204,6688,2026-09-02T02:25:16.164Z,FALSE,"",06:05,TRUE
fare_DEL-BOM_6E_2026-10-02_T+30_1788317218636_dgig,DEL-BOM,EaseMyTrip,6E,6E-6328,2026-10-02,T+30,5484,1204,6688,2026-09-02T02:25:16.164Z,FALSE,"",10:15,TRUE
fare_DEL-BOM_6E_2026-10-02_T+30_1788317218636_cwv6,DEL-BOM,EaseMyTrip,6E,6E-836,2026-10-02,T+30,5484,1204,6688,2026-09-02T02:25:16.164Z,FALSE,"",08:45,TRUE
fare_DEL-BOM_6E_2026-10-02_T+30_1788317218636_07lf,DEL-BOM,EaseMyTrip,6E,6E-931,2026-10-02,T+30,5484,1204,6688,2026-09-02T02:25:16.164Z,FALSE,"",08:45,TRUE
fare_DEL-BOM_6E_2026-10-02_T+30_1788317218636_kx7l,DEL-BOM,EaseMyTrip,6E,6E-6490,2026-10-02,T+30,5518,1211,6729,2026-09-02T02:25:16.164Z,FALSE,"",04:55,FALSE
fare_DEL-BOM_6E_2026-10-02_T+30_1788317218636_0855,DEL-BOM,EaseMyTrip,6E,6E-2249,2026-10-02,T+30,5518,1211,6729,2026-09-02T02:25:16.164Z,FALSE,"",15:00,FALSE
fare_DEL-BOM_6E_2026-10-02_T+30_1788317218636_6rni,DEL-BOM,EaseMyTrip,6E,6E-790,2026-10-02,T+30,5526,1213,6739,2026-09-02T02:25:16.164Z,FALSE,"",20:20,TRUE
fare_DEL-BOM_6E_2026-10-02_T+30_1788317218636_v54x,DEL-BOM,EaseMyTrip,6E,6E-625,2026-10-02,T+30,5526,1213,6739,2026-09-02T02:25:16.164Z,FALSE,"",20:20,TRUE
fare_DEL-BOM_6E_2026-10-02_T+30_1788317218636_n9dw,DEL-BOM,EaseMyTrip,6E,6E-2169,2026-10-02,T+30,5535,1215,6750,2026-09-02T02:25:16.164Z,FALSE,"",19:40,FALSE
fare_DEL-BOM_6E_2026-10-02_T+30_1788317218636_6cr0,DEL-BOM,EaseMyTrip,6E,6E-6829,2026-10-02,T+30,5535,1215,6750,2026-09-02T02:25:16.164Z,FALSE,"",17:20,FALSE
fare_DEL-BOM_6E_2026-10-02_T+30_1788317218636_9xvp,DEL-BOM,EaseMyTrip,6E,6E-6443,2026-10-02,T+30,5535,1215,6750,2026-09-02T02:25:16.164Z,FALSE,"",09:00,FALSE
fare_DEL-BOM_6E_2026-10-02_T+30_1788317218636_ahhx,DEL-BOM,EaseMyTrip,6E,6E-5138,2026-10-02,T+30,5535,1215,6750,2026-09-02T02:25:16.164Z,FALSE,"",19:10,FALSE
fare_DEL-BOM_6E_2026-10-02_T+30_1788317218636_gy28,DEL-BOM,EaseMyTrip,6E,6E-6459,2026-10-02,T+30,5535,1215,6750,2026-09-02T02:25:16.164Z,FALSE,"",05:55,FALSE
fare_DEL-BOM_6E_2026-10-02_T+30_1788317218636_oh4c,DEL-BOM,EaseMyTrip,6E,6E-926,2026-10-02,T+30,5599,1229,6828,2026-09-02T02:25:16.164Z,FALSE,"",16:30,FALSE
fare_DEL-BOM_6E_2026-10-02_T+30_1788317218636_ahfa,DEL-BOM,EaseMyTrip,6E,6E-704,2026-10-02,T+30,5599,1229,6828,2026-09-02T02:25:16.164Z,FALSE,"",16:30,FALSE
fare_DEL-BOM_6E_2026-10-02_T+30_1788317218636_7ae8,DEL-BOM,EaseMyTrip,6E,6E-6479,2026-10-02,T+30,5599,1229,6828,2026-09-02T02:25:16.164Z,FALSE,"",21:25,FALSE
fare_DEL-BOM_6E_2026-10-02_T+30_1788317218636_ycw2,DEL-BOM,EaseMyTrip,6E,6E-5038,2026-10-02,T+30,5599,1229,6828,2026-09-02T02:25:16.164Z,FALSE,"",14:00,FALSE
fare_DEL-BOM_6E_2026-10-02_T+30_1788317218636_uztz,DEL-BOM,EaseMyTrip,6E,6E-6050,2026-10-02,T+30,5599,1229,6828,2026-09-02T02:25:16.164Z,FALSE,"",08:15,FALSE
fare_DEL-BOM_6E_2026-10-02_T+30_1788317218636_yicd,DEL-BOM,EaseMyTrip,6E,6E-2113,2026-10-02,T+30,5599,1229,6828,2026-09-02T02:25:16.164Z,FALSE,"",13:20,FALSE
fare_DEL-BOM_6E_2026-10-02_T+30_1788317218636_tcz8,DEL-BOM,EaseMyTrip,6E,6E-6114,2026-10-02,T+30,5656,1242,6898,2026-09-02T02:25:16.164Z,FALSE,"",22:45,TRUE
fare_DEL-BOM_6E_2026-10-02_T+30_1788317218636_ez7a,DEL-BOM,EaseMyTrip,6E,6E-349,2026-10-02,T+30,5656,1242,6898,2026-09-02T02:25:16.164Z,FALSE,"",21:45,TRUE
fare_DEL-BOM_6E_2026-10-02_T+30_1788317218636_00f9,DEL-BOM,EaseMyTrip,6E,6E-495,2026-10-02,T+30,5656,1242,6898,2026-09-02T02:25:16.164Z,FALSE,"",21:45,TRUE
fare_DEL-BOM_6E_2026-10-02_T+30_1788317218636_vpvx,DEL-BOM,EaseMyTrip,6E,6E-6706,2026-10-02,T+30,5656,1242,6898,2026-09-02T02:25:16.164Z,FALSE,"",17:00,TRUE
fare_DEL-BOM_AI_2026-10-02_T+30_1788317218636_ncc1,DEL-BOM,EaseMyTrip,AI,AI-2678,2026-10-02,T+30,5870,1289,7159,2026-09-02T02:25:16.164Z,FALSE,"",08:30,TRUE
fare_DEL-BOM_AI_2026-10-02_T+30_1788317218636_inmb,DEL-BOM,EaseMyTrip,AI,AI-2963,2026-10-02,T+30,5870,1289,7159,2026-09-02T02:25:16.164Z,FALSE,"",09:00,TRUE
fare_DEL-BOM_AI_2026-10-02_T+30_1788317218636_bkxk,DEL-BOM,EaseMyTrip,AI,AI-2975,2026-10-02,T+30,5870,1289,7159,2026-09-02T02:25:16.164Z,FALSE,"",06:30,TRUE
fare_DEL-BOM_AI_2026-10-02_T+30_1788317218636_ey53,DEL-BOM,EaseMyTrip,AI,AI-2425,2026-10-02,T+30,5870,1289,7159,2026-09-02T02:25:16.164Z,FALSE,"",10:30,TRUE
fare_DEL-BOM_AI_2026-10-02_T+30_1788317218636_o63x,DEL-BOM,EaseMyTrip,AI,AI-2951,2026-10-02,T+30,5870,1289,7159,2026-09-02T02:25:16.164Z,FALSE,"",13:30,TRUE
fare_DEL-BOM_AI_2026-10-02_T+30_1788317218636_afz0,DEL-BOM,EaseMyTrip,AI,AI-1745,2026-10-02,T+30,5870,1289,7159,2026-09-02T02:25:16.164Z,FALSE,"",05:00,TRUE
fare_DEL-BOM_AI_2026-10-02_T+30_1788317218636_pjpy,DEL-BOM,EaseMyTrip,AI,AI-2995,2026-10-02,T+30,5870,1289,7159,2026-09-02T02:25:16.164Z,FALSE,"",10:00,TRUE
fare_DEL-BOM_AI_2026-10-02_T+30_1788317218636_vydh,DEL-BOM,EaseMyTrip,AI,AI-2945,2026-10-02,T+30,5870,1289,7159,2026-09-02T02:25:16.164Z,FALSE,"",11:00,TRUE
fare_DEL-BOM_AI_2026-10-02_T+30_1788317218636_czl7,DEL-BOM,EaseMyTrip,AI,AI-2441,2026-10-02,T+30,5870,1289,7159,2026-09-02T02:25:16.164Z,FALSE,"",14:10,TRUE
fare_DEL-BOM_AI_2026-10-02_T+30_1788317218636_mk61,DEL-BOM,EaseMyTrip,AI,AI-2927,2026-10-02,T+30,5870,1289,7159,2026-09-02T02:25:16.164Z,FALSE,"",09:30,TRUE
fare_DEL-BOM_AI_2026-10-02_T+30_1788317218636_b764,DEL-BOM,EaseMyTrip,AI,AI-1780,2026-10-02,T+30,5870,1289,7159,2026-09-02T02:25:16.164Z,FALSE,"",14:30,TRUE
fare_DEL-BOM_6E_2026-10-02_T+30_1788317218636_5bg9,DEL-BOM,EaseMyTrip,6E,6E-184,2026-10-02,T+30,5707,1253,6960,2026-09-02T02:25:16.164Z,FALSE,"",17:55,FALSE
fare_DEL-BOM_6E_2026-10-02_T+30_1788317218636_dq4e,DEL-BOM,EaseMyTrip,6E,6E-355,2026-10-02,T+30,5707,1253,6960,2026-09-02T02:25:16.164Z,FALSE,"",17:55,FALSE
fare_DEL-BOM_6E_2026-10-02_T+30_1788317218636_qm7q,DEL-BOM,EaseMyTrip,6E,6E-6601,2026-10-02,T+30,5707,1253,6960,2026-09-02T02:25:16.164Z,FALSE,"",19:45,FALSE
fare_DEL-BOM_6E_2026-10-02_T+30_1788317218636_3mwi,DEL-BOM,EaseMyTrip,6E,6E-6026,2026-10-02,T+30,5707,1253,6960,2026-09-02T02:25:16.164Z,FALSE,"",05:30,FALSE
fare_DEL-BOM_6E_2026-10-02_T+30_1788317218636_g8uc,DEL-BOM,EaseMyTrip,6E,6E-6282,2026-10-02,T+30,5707,1253,6960,2026-09-02T02:25:16.164Z,FALSE,"",13:30,FALSE
fare_DEL-BOM_6E_2026-10-02_T+30_1788317218636_g3q4,DEL-BOM,EaseMyTrip,6E,6E-894,2026-10-02,T+30,5707,1253,6960,2026-09-02T02:25:16.164Z,FALSE,"",02:25,FALSE
fare_DEL-BOM_6E_2026-10-02_T+30_1788317218636_wb7l,DEL-BOM,EaseMyTrip,6E,6E-502,2026-10-02,T+30,5707,1253,6960,2026-09-02T02:25:16.164Z,FALSE,"",23:15,FALSE
fare_DEL-BOM_6E_2026-10-02_T+30_1788317218636_kgpv,DEL-BOM,EaseMyTrip,6E,6E-377,2026-10-02,T+30,5707,1253,6960,2026-09-02T02:25:16.164Z,FALSE,"",23:15,FALSE
fare_DEL-BOM_6E_2026-10-02_T+30_1788317218636_nil3,DEL-BOM,EaseMyTrip,6E,6E-7646,2026-10-02,T+30,5760,1264,7024,2026-09-02T02:25:16.164Z,FALSE,"",06:15,FALSE
fare_DEL-BOM_6E_2026-10-02_T+30_1788317218636_o8ut,DEL-BOM,EaseMyTrip,6E,6E-7642,2026-10-02,T+30,5812,1276,7088,2026-09-02T02:25:16.164Z,FALSE,"",15:45,FALSE
fare_DEL-BOM_AI_2026-10-02_T+30_1788317218636_2yh1,DEL-BOM,EaseMyTrip,AI,AI-1785,2026-10-02,T+30,6016,1321,7337,2026-09-02T02:25:16.164Z,FALSE,"",12:00,TRUE
fare_DEL-BOM_AI_2026-10-02_T+30_1788317218636_t7uz,DEL-BOM,EaseMyTrip,AI,AI-1777,2026-10-02,T+30,6016,1321,7337,2026-09-02T02:25:16.164Z,FALSE,"",16:00,TRUE
fare_DEL-BOM_6E_2026-10-02_T+30_1788317218636_swxd,DEL-BOM,EaseMyTrip,6E,6E-7653,2026-10-02,T+30,5867,1288,7155,2026-09-02T02:25:16.164Z,FALSE,"",17:20,FALSE
fare_DEL-BOM_6E_2026-10-02_T+30_1788317218636_949h,DEL-BOM,EaseMyTrip,6E,6E-301,2026-10-02,T+30,5871,1289,7160,2026-09-02T02:25:16.164Z,FALSE,"",20:45,TRUE
fare_DEL-BOM_6E_2026-10-02_T+30_1788317218636_rkh9,DEL-BOM,EaseMyTrip,6E,6E-863,2026-10-02,T+30,5871,1289,7160,2026-09-02T02:25:16.164Z,FALSE,"",20:45,TRUE
fare_DEL-BOM_6E_2026-10-02_T+30_1788317218636_lu4c,DEL-BOM,EaseMyTrip,6E,6E-966,2026-10-02,T+30,5871,1289,7160,2026-09-02T02:25:16.164Z,FALSE,"",20:00,TRUE
fare_DEL-BOM_6E_2026-10-02_T+30_1788317218636_2csu,DEL-BOM,EaseMyTrip,6E,6E-818,2026-10-02,T+30,5871,1289,7160,2026-09-02T02:25:16.164Z,FALSE,"",20:00,TRUE
fare_DEL-BOM_6E_2026-10-02_T+30_1788317218636_1nrn,DEL-BOM,EaseMyTrip,6E,6E-420,2026-10-02,T+30,5871,1289,7160,2026-09-02T02:25:16.164Z,FALSE,"",19:00,TRUE
fare_DEL-BOM_6E_2026-10-02_T+30_1788317218636_m0we,DEL-BOM,EaseMyTrip,6E,6E-648,2026-10-02,T+30,5871,1289,7160,2026-09-02T02:25:16.164Z,FALSE,"",19:00,TRUE
fare_DEL-BOM_6E_2026-10-02_T+30_1788317218636_3k7s,DEL-BOM,EaseMyTrip,6E,6E-542,2026-10-02,T+30,5871,1289,7160,2026-09-02T02:25:16.164Z,FALSE,"",18:00,TRUE
fare_DEL-BOM_6E_2026-10-02_T+30_1788317218636_awx0,DEL-BOM,EaseMyTrip,6E,6E-350,2026-10-02,T+30,5871,1289,7160,2026-09-02T02:25:16.164Z,FALSE,"",18:00,TRUE
fare_DEL-BOM_AI_2026-10-02_T+30_1788317218636_dp55,DEL-BOM,EaseMyTrip,AI,AI-2943,2026-10-02,T+30,6043,1326,7369,2026-09-02T02:25:16.164Z,FALSE,"",07:30,TRUE
fare_DEL-BOM_AI_2026-10-02_T+30_1788317218636_4zdc,DEL-BOM,EaseMyTrip,AI,AI-441,2026-10-02,T+30,6043,1326,7369,2026-09-02T02:25:16.164Z,FALSE,"",17:00,TRUE
fare_DEL-BOM_AI_2026-10-02_T+30_1788317218636_ufme,DEL-BOM,EaseMyTrip,AI,AI-2957,2026-10-02,T+30,6043,1326,7369,2026-09-02T02:25:16.164Z,FALSE,"",20:30,TRUE
fare_DEL-BOM_6E_2026-10-02_T+30_1788317218636_yqlf,DEL-BOM,EaseMyTrip,6E,6E-6433,2026-10-02,T+30,5965,1309,7274,2026-09-02T02:25:16.164Z,FALSE,"",16:30,FALSE
fare_DEL-BOM_AI_2026-10-02_T+30_1788317218636_l2ut,DEL-BOM,EaseMyTrip,AI,AI-2805,2026-10-02,T+30,6243,1371,7614,2026-09-02T02:25:16.164Z,FALSE,"",20:00,TRUE
fare_DEL-BOM_AI_2026-10-02_T+30_1788317218636_arvs,DEL-BOM,EaseMyTrip,AI,AI-2985,2026-10-02,T+30,6243,1371,7614,2026-09-02T02:25:16.164Z,FALSE,"",19:30,TRUE
fare_DEL-BOM_6E_2026-10-02_T+30_1788317218636_d4zj,DEL-BOM,EaseMyTrip,6E,6E-6212,2026-10-02,T+30,6137,1347,7484,2026-09-02T02:25:16.164Z,FALSE,"",14:45,FALSE
fare_DEL-BOM_6E_2026-10-02_T+30_1788317218636_tm5k,DEL-BOM,EaseMyTrip,6E,6E-2571,2026-10-02,T+30,6331,1390,7721,2026-09-02T02:25:16.164Z,FALSE,"",12:30,FALSE
fare_DEL-BOM_AI_2026-10-02_T+30_1788317218636_lmmo,DEL-BOM,EaseMyTrip,AI,AI-2933,2026-10-02,T+30,6515,1430,7945,2026-09-02T02:25:16.164Z,FALSE,"",15:30,TRUE
fare_DEL-BOM_6E_2026-10-02_T+30_1788317218636_bf8j,DEL-BOM,EaseMyTrip,6E,6E-321,2026-10-02,T+30,6388,1402,7790,2026-09-02T02:25:16.164Z,FALSE,"",08:00,TRUE
fare_DEL-BOM_6E_2026-10-02_T+30_1788317218636_tcfm,DEL-BOM,EaseMyTrip,6E,6E-998,2026-10-02,T+30,6388,1402,7790,2026-09-02T02:25:16.164Z,FALSE,"",08:00,TRUE
fare_DEL-BOM_AI_2026-10-02_T+30_1788317218636_hnz8,DEL-BOM,EaseMyTrip,AI,AI-2977,2026-10-02,T+30,6699,1470,8169,2026-09-02T02:25:16.164Z,FALSE,"",19:00,TRUE
fare_DEL-BOM_AI_2026-10-02_T+30_1788317218636_le7g,DEL-BOM,EaseMyTrip,AI,AI-2955,2026-10-02,T+30,6699,1470,8169,2026-09-02T02:25:16.164Z,FALSE,"",18:00,TRUE
fare_DEL-BOM_AI_2026-10-02_T+30_1788317218636_dn82,DEL-BOM,EaseMyTrip,AI,AI-2433,2026-10-02,T+30,7076,1553,8629,2026-09-02T02:25:16.164Z,FALSE,"",21:30,TRUE
fare_DEL-BOM_IX_2026-10-02_T+30_1788317218636_7p1e,DEL-BOM,EaseMyTrip,IX,IX-1817,2026-10-02,T+30,7486,1643,9129,2026-09-02T02:25:16.164Z,FALSE,"",19:30,FALSE
fare_DEL-BOM_6E_2026-10-02_T+30_1788317218636_78b9,DEL-BOM,EaseMyTrip,6E,6E-6814,2026-10-02,T+30,7034,1544,8578,2026-09-02T02:25:16.164Z,FALSE,"",07:15,TRUE
fare_DEL-BOM_6E_2026-10-02_T+30_1788317218636_9d9s,DEL-BOM,EaseMyTrip,6E,6E-2381,2026-10-02,T+30,7127,1565,8692,2026-09-02T02:25:16.164Z,FALSE,"",13:45,FALSE
fare_DEL-BOM_6E_2026-10-02_T+30_1788317218636_0p0h,DEL-BOM,EaseMyTrip,6E,6E-2349,2026-10-02,T+30,7687,1687,9374,2026-09-02T02:25:16.164Z,FALSE,"",10:55,FALSE
fare_DEL-BOM_AI_2026-10-02_T+30_1788317218636_ri6a,DEL-BOM,EaseMyTrip,AI,AI-2981,2026-10-02,T+30,8190,1798,9988,2026-09-02T02:25:16.164Z,FALSE,"",21:00,TRUE
fare_DEL-BOM_AI_2026-10-02_T+30_1788317218636_sa32,DEL-BOM,EaseMyTrip,AI,AI-2429,2026-10-02,T+30,8190,1798,9988,2026-09-02T02:25:16.164Z,FALSE,"",07:00,TRUE
fare_DEL-BOM_AI_2026-10-02_T+30_1788317218636_hk0f,DEL-BOM,EaseMyTrip,AI,AI-2439,2026-10-02,T+30,8190,1798,9988,2026-09-02T02:25:16.164Z,FALSE,"",23:00,TRUE
fare_DEL-BOM_IX_2026-10-02_T+30_1788317218636_a7d8,DEL-BOM,EaseMyTrip,IX,IX-1064,2026-10-02,T+30,8963,1967,10930,2026-09-02T02:25:16.164Z,FALSE,"",19:10,FALSE
fare_DEL-BOM_6E_2026-10-02_T+30_1788317218636_zlks,DEL-BOM,EaseMyTrip,6E,6E-6470,2026-10-02,T+30,8367,1837,10204,2026-09-02T02:25:16.164Z,FALSE,"",06:55,TRUE
fare_DEL-BOM_AI_2026-10-02_T+30_1788317218636_ite6,DEL-BOM,EaseMyTrip,AI,AI-2499,2026-10-02,T+30,8603,1888,10491,2026-09-02T02:25:16.164Z,FALSE,"",06:00,FALSE
fare_DEL-BOM_AI_2026-10-02_T+30_1788317218636_i2zt,DEL-BOM,EaseMyTrip,AI,AI-2569,2026-10-02,T+30,8603,1888,10491,2026-09-02T02:25:16.164Z,FALSE,"",20:30,FALSE
fare_DEL-BOM_AI_2026-10-02_T+30_1788317218636_jh7k,DEL-BOM,EaseMyTrip,AI,AI-1710,2026-10-02,T+30,8603,1888,10491,2026-09-02T02:25:16.164Z,FALSE,"",18:35,FALSE
fare_DEL-BOM_AI_2026-10-02_T+30_1788317218636_d77h,DEL-BOM,EaseMyTrip,AI,AI-1717,2026-10-02,T+30,8907,1955,10862,2026-09-02T02:25:16.164Z,FALSE,"",14:20,FALSE
fare_DEL-BOM_6E_2026-10-02_T+30_1788317218636_a8pm,DEL-BOM,EaseMyTrip,6E,6E-5298,2026-10-02,T+30,8908,1955,10863,2026-09-02T02:25:16.164Z,FALSE,"",09:00,FALSE
fare_DEL-BOM_AI_2026-10-02_T+30_1788317218636_apli,DEL-BOM,EaseMyTrip,AI,AI-9447,2026-10-02,T+30,10239,2248,12487,2026-09-02T02:25:16.164Z,FALSE,"",23:25,FALSE
fare_DEL-BOM_QP_2026-10-02_T+30_1788317218636_hixq,DEL-BOM,EaseMyTrip,QP,QP-1822,2026-10-02,T+30,10691,2347,13038,2026-09-02T02:25:16.164Z,FALSE,"",16:40,FALSE
fare_DEL-BOM_AI_2026-10-02_T+30_1788317218636_8otz,DEL-BOM,EaseMyTrip,AI,AI-2509,2026-10-02,T+30,11027,2420,13447,2026-09-02T02:25:16.164Z,FALSE,"",07:00,FALSE
fare_DEL-BOM_6E_2026-10-02_T+30_1788317218636_tlhn,DEL-BOM,EaseMyTrip,6E,6E-973,2026-10-02,T+30,10977,2410,13387,2026-09-02T02:25:16.164Z,FALSE,"",19:30,FALSE
fare_DEL-BOM_6E_2026-10-02_T+30_1788317218636_7u5q,DEL-BOM,EaseMyTrip,6E,6E-202,2026-10-02,T+30,10977,2410,13387,2026-09-02T02:25:16.164Z,FALSE,"",19:30,FALSE
fare_DEL-BOM_AI_2026-10-02_T+30_1788317218636_wj28,DEL-BOM,EaseMyTrip,AI,AI-2715,2026-10-02,T+30,11186,2455,13641,2026-09-02T02:25:16.164Z,FALSE,"",11:40,FALSE
fare_DEL-BOM_AI_2026-10-02_T+30_1788317218636_5x31,DEL-BOM,EaseMyTrip,AI,AI-2959,2026-10-02,T+30,11186,2455,13641,2026-09-02T02:25:16.164Z,FALSE,"",07:10,FALSE
fare_DEL-BOM_AI_2026-10-02_T+30_1788317218636_zerk,DEL-BOM,EaseMyTrip,AI,AI-2909,2026-10-02,T+30,11186,2455,13641,2026-09-02T02:25:16.164Z,FALSE,"",22:30,FALSE
fare_DEL-BOM_AI_2026-10-02_T+30_1788317218636_09ny,DEL-BOM,EaseMyTrip,AI,AI-2939,2026-10-02,T+30,11273,2475,13748,2026-09-02T02:25:16.164Z,FALSE,"",16:40,FALSE
fare_DEL-BOM_AI_2026-10-02_T+30_1788317218636_huia,DEL-BOM,EaseMyTrip,AI,AI-881,2026-10-02,T+30,11273,2475,13748,2026-09-02T02:25:16.164Z,FALSE,"",13:35,FALSE
fare_DEL-BOM_IX_2026-10-02_T+30_1788317218636_480x,DEL-BOM,EaseMyTrip,IX,IX-1070,2026-10-02,T+30,11596,2546,14142,2026-09-02T02:25:16.164Z,FALSE,"",21:15,FALSE
fare_DEL-BOM_AI_2026-10-02_T+30_1788317218636_9eyg,DEL-BOM,EaseMyTrip,AI,AI-9674,2026-10-02,T+30,11461,2516,13977,2026-09-02T02:25:16.164Z,FALSE,"",16:40,FALSE
fare_DEL-BOM_AI_2026-10-02_T+30_1788317218637_8ce5,DEL-BOM,EaseMyTrip,AI,AI-809,2026-10-02,T+30,11463,2516,13979,2026-09-02T02:25:16.164Z,FALSE,"",17:40,FALSE
fare_DEL-BOM_AI_2026-10-02_T+30_1788317218637_vls2,DEL-BOM,EaseMyTrip,AI,AI-817,2026-10-02,T+30,11463,2516,13979,2026-09-02T02:25:16.164Z,FALSE,"",05:55,FALSE
fare_DEL-BOM_IX_2026-10-02_T+30_1788317218637_drok,DEL-BOM,EaseMyTrip,IX,IX-2749,2026-10-02,T+30,11807,2592,14399,2026-09-02T02:25:16.164Z,FALSE,"",10:25,FALSE
fare_DEL-BOM_AI_2026-10-02_T+30_1788317218637_mhpr,DEL-BOM,EaseMyTrip,AI,AI-9418,2026-10-02,T+30,12423,2727,15150,2026-09-02T02:25:16.164Z,FALSE,"",13:10,FALSE
fare_DEL-BOM_AI_2026-10-02_T+30_1788317218637_5uio,DEL-BOM,EaseMyTrip,AI,AI-9584,2026-10-02,T+30,12563,2758,15321,2026-09-02T02:25:16.164Z,FALSE,"",11:15,FALSE
fare_DEL-BOM_IX_2026-10-02_T+30_1788317218637_xk8z,DEL-BOM,EaseMyTrip,IX,IX-1049,2026-10-02,T+30,13356,2932,16288,2026-09-02T02:25:16.164Z,FALSE,"",18:40,FALSE
fare_DEL-BOM_IX_2026-10-02_T+30_1788317218637_3afv,DEL-BOM,EaseMyTrip,IX,IX-1082,2026-10-02,T+30,13356,2932,16288,2026-09-02T02:25:16.164Z,FALSE,"",21:25,FALSE
fare_DEL-BOM_AI_2026-10-02_T+30_1788317218637_izu7,DEL-BOM,EaseMyTrip,AI,AI-1743,2026-10-02,T+30,13065,2868,15933,2026-09-02T02:25:16.164Z,FALSE,"",06:15,FALSE
fare_DEL-BOM_AI_2026-10-02_T+30_1788317218637_qaie,DEL-BOM,EaseMyTrip,AI,AI-2601,2026-10-02,T+30,13065,2868,15933,2026-09-02T02:25:16.164Z,FALSE,"",17:00,FALSE
fare_DEL-BOM_AI_2026-10-02_T+30_1788317218637_z9vy,DEL-BOM,EaseMyTrip,AI,AI-1705,2026-10-02,T+30,13410,2944,16354,2026-09-02T02:25:16.164Z,FALSE,"",06:30,FALSE
fare_DEL-BOM_QP_2026-10-02_T+30_1788317218637_6zrx,DEL-BOM,EaseMyTrip,QP,QP-1803,2026-10-02,T+30,13478,2959,16437,2026-09-02T02:25:16.164Z,FALSE,"",17:00,FALSE
fare_DEL-BOM_AI_2026-10-02_T+30_1788317218637_1j1k,DEL-BOM,EaseMyTrip,AI,AI-9757,2026-10-02,T+30,13899,3051,16950,2026-09-02T02:25:16.164Z,FALSE,"",11:50,FALSE
fare_DEL-BOM_AI_2026-10-02_T+30_1788317218637_7lpr,DEL-BOM,EaseMyTrip,AI,AI-2907,2026-10-02,T+30,14034,3081,17115,2026-09-02T02:25:16.164Z,FALSE,"",12:00,FALSE
fare_DEL-BOM_AI_2026-10-02_T+30_1788317218637_39r6,DEL-BOM,EaseMyTrip,AI,AI-1773,2026-10-02,T+30,14497,3182,17679,2026-09-02T02:25:16.164Z,TRUE,"High outlier: ₹17679 > upper fence ₹17316 (Q3: ₹10897, IQR: ₹4279)",10:30,FALSE
fare_DEL-BOM_AI_2026-10-02_T+30_1788317218637_a0fm,DEL-BOM,EaseMyTrip,AI,AI-479,2026-10-02,T+30,14497,3182,17679,2026-09-02T02:25:16.164Z,TRUE,"High outlier: ₹17679 > upper fence ₹17316 (Q3: ₹10897, IQR: ₹4279)",21:25,FALSE
fare_DEL-BOM_AI_2026-10-02_T+30_1788317218637_dlq9,DEL-BOM,EaseMyTrip,AI,AI-2577,2026-10-02,T+30,14577,3200,17777,2026-09-02T02:25:16.164Z,TRUE,"High outlier: ₹17777 > upper fence ₹17316 (Q3: ₹10897, IQR: ₹4279)",02:00,FALSE
fare_DEL-BOM_AI_2026-10-02_T+30_1788317218637_dacu,DEL-BOM,EaseMyTrip,AI,AI-2859,2026-10-02,T+30,14854,3261,18115,2026-09-02T02:25:16.164Z,TRUE,"High outlier: ₹18115 > upper fence ₹17316 (Q3: ₹10897, IQR: ₹4279)",10:30,FALSE
fare_DEL-BOM_AI_2026-10-02_T+30_1788317218637_zbm9,DEL-BOM,EaseMyTrip,AI,AI-2465,2026-10-02,T+30,14880,3266,18146,2026-09-02T02:25:16.164Z,TRUE,"High outlier: ₹18146 > upper fence ₹17316 (Q3: ₹10897, IQR: ₹4279)",14:30,FALSE
fare_DEL-BOM_IX_2026-10-02_T+30_1788317218637_uo3g,DEL-BOM,EaseMyTrip,IX,IX-1057,2026-10-02,T+30,15283,3355,18638,2026-09-02T02:25:16.164Z,TRUE,"High outlier: ₹18638 > upper fence ₹17316 (Q3: ₹10897, IQR: ₹4279)",06:20,FALSE
fare_DEL-BOM_AI_2026-10-02_T+30_1788317218637_mngm,DEL-BOM,EaseMyTrip,AI,AI-2761,2026-10-02,T+30,15193,3335,18528,2026-09-02T02:25:16.164Z,TRUE,"High outlier: ₹18528 > upper fence ₹17316 (Q3: ₹10897, IQR: ₹4279)",16:25,FALSE
fare_DEL-BOM_IX_2026-10-02_T+30_1788317218637_34or,DEL-BOM,EaseMyTrip,IX,IX-1059,2026-10-02,T+30,15972,3506,19478,2026-09-02T02:25:16.164Z,TRUE,"High outlier: ₹19478 > upper fence ₹17316 (Q3: ₹10897, IQR: ₹4279)",12:15,FALSE
fare_DEL-BOM_IX_2026-10-02_T+30_1788317218637_05de,DEL-BOM,EaseMyTrip,IX,IX-1783,2026-10-02,T+30,15972,3506,19478,2026-09-02T02:25:16.164Z,TRUE,"High outlier: ₹19478 > upper fence ₹17316 (Q3: ₹10897, IQR: ₹4279)",07:20,FALSE
fare_DEL-BOM_AI_2026-10-02_T+30_1788317218637_m36l,DEL-BOM,EaseMyTrip,AI,AI-427,2026-10-02,T+30,16609,3646,20255,2026-09-02T02:25:16.164Z,TRUE,"High outlier: ₹20255 > upper fence ₹17316 (Q3: ₹10897, IQR: ₹4279)",08:30,FALSE
fare_DEL-BOM_6E_2026-10-02_T+30_1788317218637_8u7u,DEL-BOM,EaseMyTrip,6E,6E-339,2026-10-02,T+30,16767,3681,20448,2026-09-02T02:25:16.164Z,TRUE,"High outlier: ₹20448 > upper fence ₹17316 (Q3: ₹10897, IQR: ₹4279)",12:10,FALSE
fare_DEL-BOM_6E_2026-10-02_T+30_1788317218637_zlet,DEL-BOM,EaseMyTrip,6E,6E-137,2026-10-02,T+30,16767,3681,20448,2026-09-02T02:25:16.164Z,TRUE,"High outlier: ₹20448 > upper fence ₹17316 (Q3: ₹10897, IQR: ₹4279)",12:10,FALSE
fare_DEL-BOM_AI_2026-10-02_T+30_1788317218637_xuaz,DEL-BOM,EaseMyTrip,AI,AI-1739,2026-10-02,T+30,17263,3790,21053,2026-09-02T02:25:16.164Z,TRUE,"High outlier: ₹21053 > upper fence ₹17316 (Q3: ₹10897, IQR: ₹4279)",11:30,FALSE
fare_DEL-BOM_AI_2026-10-02_T+30_1788317218637_u66l,DEL-BOM,EaseMyTrip,AI,AI-2513,2026-10-02,T+30,17451,3831,21282,2026-09-02T02:25:16.164Z,TRUE,"High outlier: ₹21282 > upper fence ₹17316 (Q3: ₹10897, IQR: ₹4279)",12:10,FALSE
fare_DEL-BOM_AI_2026-10-02_T+30_1788317218637_padw,DEL-BOM,EaseMyTrip,AI,AI-1779,2026-10-02,T+30,18032,3958,21990,2026-09-02T02:25:16.164Z,TRUE,"High outlier: ₹21990 > upper fence ₹17316 (Q3: ₹10897, IQR: ₹4279)",13:45,FALSE
fare_DEL-BOM_IX_2026-10-02_T+30_1788317218637_47bh,DEL-BOM,EaseMyTrip,IX,IX-1068,2026-10-02,T+30,18842,4136,22978,2026-09-02T02:25:16.164Z,TRUE,"High outlier: ₹22978 > upper fence ₹17316 (Q3: ₹10897, IQR: ₹4279)",11:55,FALSE
fare_DEL-BOM_QP_2026-10-02_T+30_1788317218637_e0f3,DEL-BOM,EaseMyTrip,QP,QP-1817,2026-10-02,T+30,18768,4120,22888,2026-09-02T02:25:16.164Z,TRUE,"High outlier: ₹22888 > upper fence ₹17316 (Q3: ₹10897, IQR: ₹4279)",10:30,FALSE
fare_DEL-BOM_IX_2026-10-02_T+30_1788317218637_2q1a,DEL-BOM,EaseMyTrip,IX,IX-1108,2026-10-02,T+30,23762,5216,28978,2026-09-02T02:25:16.164Z,TRUE,"High outlier: ₹28978 > upper fence ₹17316 (Q3: ₹10897, IQR: ₹4279)",05:00,FALSE
fare_DEL-BOM_AI_2026-10-02_T+30_1788317218637_i1uj,DEL-BOM,EaseMyTrip,AI,AI-2627,2026-10-02,T+30,24059,5281,29340,2026-09-02T02:25:16.164Z,TRUE,"High outlier: ₹29340 > upper fence ₹17316 (Q3: ₹10897, IQR: ₹4279)",10:45,FALSE
fare_DEL-BOM_AI_2026-10-02_T+30_1788317218637_zqpq,DEL-BOM,EaseMyTrip,AI,AI-2525,2026-10-02,T+30,25677,5636,31313,2026-09-02T02:25:16.164Z,TRUE,"High outlier: ₹31313 > upper fence ₹17316 (Q3: ₹10897, IQR: ₹4279)",06:00,FALSE
fare_DEL-BOM_IX_2026-10-17_T+45_1788317218637_ocli,DEL-BOM,EaseMyTrip,IX,IX-1165,2026-10-17,T+45,5568,1222,6790,2026-09-02T02:25:23.040Z,FALSE,"",06:00,FALSE
fare_DEL-BOM_IX_2026-10-17_T+45_1788317218637_mm4q,DEL-BOM,EaseMyTrip,IX,IX-1038,2026-10-17,T+45,5354,1175,6529,2026-09-02T02:25:23.040Z,FALSE,"",17:35,TRUE
fare_DEL-BOM_IX_2026-10-17_T+45_1788317218637_twdl,DEL-BOM,EaseMyTrip,IX,IX-1024,2026-10-17,T+45,5354,1175,6529,2026-09-02T02:25:23.040Z,FALSE,"",18:40,TRUE
fare_DEL-BOM_SG_2026-10-17_T+45_1788317218637_um54,DEL-BOM,EaseMyTrip,SG,SG-989,2026-10-17,T+45,5310,1166,6476,2026-09-02T02:25:23.040Z,FALSE,"",09:15,TRUE
fare_DEL-BOM_SG_2026-10-17_T+45_1788317218637_dy08,DEL-BOM,EaseMyTrip,SG,SG-550,2026-10-17,T+45,5310,1166,6476,2026-09-02T02:25:23.040Z,FALSE,"",09:15,TRUE
fare_DEL-BOM_SG_2026-10-17_T+45_1788317218637_d73t,DEL-BOM,EaseMyTrip,SG,SG-271,2026-10-17,T+45,5310,1166,6476,2026-09-02T02:25:23.040Z,FALSE,"",22:30,TRUE
fare_DEL-BOM_SG_2026-10-17_T+45_1788317218637_2ae0,DEL-BOM,EaseMyTrip,SG,SG-960,2026-10-17,T+45,5310,1166,6476,2026-09-02T02:25:23.040Z,FALSE,"",22:30,TRUE
fare_DEL-BOM_IX_2026-10-17_T+45_1788317218637_q5e8,DEL-BOM,EaseMyTrip,IX,IX-1235,2026-10-17,T+45,5519,1211,6730,2026-09-02T02:25:23.040Z,FALSE,"",23:25,TRUE
fare_DEL-BOM_QP_2026-10-17_T+45_1788317218637_60x0,DEL-BOM,EaseMyTrip,QP,QP-2012,2026-10-17,T+45,5330,1170,6500,2026-09-02T02:25:23.040Z,FALSE,"",08:55,TRUE
fare_DEL-BOM_IX_2026-10-17_T+45_1788317218637_u701,DEL-BOM,EaseMyTrip,IX,IX-1056,2026-10-17,T+45,5658,1242,6900,2026-09-02T02:25:23.040Z,FALSE,"",17:50,TRUE
fare_DEL-BOM_QP_2026-10-17_T+45_1788317218637_0lwv,DEL-BOM,EaseMyTrip,QP,QP-1833,2026-10-17,T+45,5452,1197,6649,2026-09-02T02:25:23.040Z,FALSE,"",06:50,TRUE
fare_DEL-BOM_IX_2026-10-17_T+45_1788317218637_v2r1,DEL-BOM,EaseMyTrip,IX,IX-1463,2026-10-17,T+45,5755,1263,7018,2026-09-02T02:25:23.040Z,FALSE,"",11:15,TRUE
fare_DEL-BOM_QP_2026-10-17_T+45_1788317218637_drbc,DEL-BOM,EaseMyTrip,QP,QP-1128,2026-10-17,T+45,5652,1241,6893,2026-09-02T02:25:23.040Z,FALSE,"",16:00,TRUE
fare_DEL-BOM_6E_2026-10-17_T+45_1788317218637_a0mc,DEL-BOM,EaseMyTrip,6E,6E-5198,2026-10-17,T+45,5674,1246,6920,2026-09-02T02:25:23.040Z,FALSE,"",15:00,TRUE
fare_DEL-BOM_QP_2026-10-17_T+45_1788317218637_jed6,DEL-BOM,EaseMyTrip,QP,QP-1820,2026-10-17,T+45,5756,1263,7019,2026-09-02T02:25:23.040Z,FALSE,"",17:30,TRUE
fare_DEL-BOM_6E_2026-10-17_T+45_1788317218637_4ap8,DEL-BOM,EaseMyTrip,6E,6E-941,2026-10-17,T+45,5756,1263,7019,2026-09-02T02:25:23.040Z,FALSE,"",03:00,TRUE
fare_DEL-BOM_6E_2026-10-17_T+45_1788317218637_7yp3,DEL-BOM,EaseMyTrip,6E,6E-924,2026-10-17,T+45,5756,1263,7019,2026-09-02T02:25:23.040Z,FALSE,"",03:00,TRUE
fare_DEL-BOM_6E_2026-10-17_T+45_1788317218637_644g,DEL-BOM,EaseMyTrip,6E,6E-757,2026-10-17,T+45,5756,1263,7019,2026-09-02T02:25:23.040Z,FALSE,"",23:30,TRUE
fare_DEL-BOM_6E_2026-10-17_T+45_1788317218637_gmq8,DEL-BOM,EaseMyTrip,6E,6E-549,2026-10-17,T+45,5756,1263,7019,2026-09-02T02:25:23.040Z,FALSE,"",23:30,TRUE
fare_DEL-BOM_6E_2026-10-17_T+45_1788317218637_8z00,DEL-BOM,EaseMyTrip,6E,6E-6114,2026-10-17,T+45,5756,1263,7019,2026-09-02T02:25:23.040Z,FALSE,"",22:45,TRUE
fare_DEL-BOM_6E_2026-10-17_T+45_1788317218637_m4yw,DEL-BOM,EaseMyTrip,6E,6E-899,2026-10-17,T+45,5756,1263,7019,2026-09-02T02:25:23.040Z,FALSE,"",21:45,TRUE
fare_DEL-BOM_6E_2026-10-17_T+45_1788317218637_qgvk,DEL-BOM,EaseMyTrip,6E,6E-547,2026-10-17,T+45,5756,1263,7019,2026-09-02T02:25:23.040Z,FALSE,"",21:45,TRUE
fare_DEL-BOM_6E_2026-10-17_T+45_1788317218637_0pw5,DEL-BOM,EaseMyTrip,6E,6E-648,2026-10-17,T+45,5756,1263,7019,2026-09-02T02:25:23.040Z,FALSE,"",20:45,TRUE
fare_DEL-BOM_6E_2026-10-17_T+45_1788317218637_5h5x,DEL-BOM,EaseMyTrip,6E,6E-875,2026-10-17,T+45,5756,1263,7019,2026-09-02T02:25:23.040Z,FALSE,"",20:45,TRUE
fare_DEL-BOM_6E_2026-10-17_T+45_1788317218637_zw4f,DEL-BOM,EaseMyTrip,6E,6E-540,2026-10-17,T+45,5756,1263,7019,2026-09-02T02:25:23.040Z,FALSE,"",20:00,TRUE
fare_DEL-BOM_6E_2026-10-17_T+45_1788317218637_v9d9,DEL-BOM,EaseMyTrip,6E,6E-529,2026-10-17,T+45,5756,1263,7019,2026-09-02T02:25:23.040Z,FALSE,"",20:00,TRUE
fare_DEL-BOM_6E_2026-10-17_T+45_1788317218637_ffrm,DEL-BOM,EaseMyTrip,6E,6E-584,2026-10-17,T+45,5756,1263,7019,2026-09-02T02:25:23.040Z,FALSE,"",19:00,TRUE
fare_DEL-BOM_6E_2026-10-17_T+45_1788317218637_12p7,DEL-BOM,EaseMyTrip,6E,6E-280,2026-10-17,T+45,5756,1263,7019,2026-09-02T02:25:23.040Z,FALSE,"",19:00,TRUE
fare_DEL-BOM_6E_2026-10-17_T+45_1788317218637_bun9,DEL-BOM,EaseMyTrip,6E,6E-483,2026-10-17,T+45,5756,1263,7019,2026-09-02T02:25:23.040Z,FALSE,"",18:00,TRUE
fare_DEL-BOM_6E_2026-10-17_T+45_1788317218637_wgo1,DEL-BOM,EaseMyTrip,6E,6E-111,2026-10-17,T+45,5756,1263,7019,2026-09-02T02:25:23.040Z,FALSE,"",18:00,TRUE
fare_DEL-BOM_6E_2026-10-17_T+45_1788317218637_ammw,DEL-BOM,EaseMyTrip,6E,6E-854,2026-10-17,T+45,5756,1263,7019,2026-09-02T02:25:23.040Z,FALSE,"",16:15,TRUE
fare_DEL-BOM_6E_2026-10-17_T+45_1788317218637_tyya,DEL-BOM,EaseMyTrip,6E,6E-747,2026-10-17,T+45,5756,1263,7019,2026-09-02T02:25:23.040Z,FALSE,"",16:15,TRUE
fare_DEL-BOM_6E_2026-10-17_T+45_1788317218637_mzyn,DEL-BOM,EaseMyTrip,6E,6E-352,2026-10-17,T+45,5756,1263,7019,2026-09-02T02:25:23.040Z,FALSE,"",15:30,TRUE
fare_DEL-BOM_6E_2026-10-17_T+45_1788317218637_ei8h,DEL-BOM,EaseMyTrip,6E,6E-827,2026-10-17,T+45,5756,1263,7019,2026-09-02T02:25:23.040Z,FALSE,"",15:30,TRUE
fare_DEL-BOM_6E_2026-10-17_T+45_1788317218637_hkfy,DEL-BOM,EaseMyTrip,6E,6E-106,2026-10-17,T+45,5756,1263,7019,2026-09-02T02:25:23.040Z,FALSE,"",20:20,TRUE
fare_DEL-BOM_6E_2026-10-17_T+45_1788317218637_rx6t,DEL-BOM,EaseMyTrip,6E,6E-939,2026-10-17,T+45,5756,1263,7019,2026-09-02T02:25:23.040Z,FALSE,"",20:20,TRUE
fare_DEL-BOM_6E_2026-10-17_T+45_1788317218637_qqd1,DEL-BOM,EaseMyTrip,6E,6E-6022,2026-10-17,T+45,5756,1263,7019,2026-09-02T02:25:23.040Z,FALSE,"",14:00,TRUE
fare_DEL-BOM_6E_2026-10-17_T+45_1788317218637_1i27,DEL-BOM,EaseMyTrip,6E,6E-6318,2026-10-17,T+45,5756,1263,7019,2026-09-02T02:25:23.040Z,FALSE,"",14:45,TRUE
fare_DEL-BOM_6E_2026-10-17_T+45_1788317218637_sx57,DEL-BOM,EaseMyTrip,6E,6E-350,2026-10-17,T+45,5756,1263,7019,2026-09-02T02:25:23.040Z,FALSE,"",05:00,TRUE
fare_DEL-BOM_6E_2026-10-17_T+45_1788317218637_2f1f,DEL-BOM,EaseMyTrip,6E,6E-278,2026-10-17,T+45,5756,1263,7019,2026-09-02T02:25:23.040Z,FALSE,"",05:00,TRUE
fare_DEL-BOM_6E_2026-10-17_T+45_1788317218637_6ils,DEL-BOM,EaseMyTrip,6E,6E-6218,2026-10-17,T+45,5756,1263,7019,2026-09-02T02:25:23.040Z,FALSE,"",06:05,TRUE
fare_DEL-BOM_6E_2026-10-17_T+45_1788317218637_qbzs,DEL-BOM,EaseMyTrip,6E,6E-6814,2026-10-17,T+45,5756,1263,7019,2026-09-02T02:25:23.040Z,FALSE,"",07:15,TRUE
fare_DEL-BOM_6E_2026-10-17_T+45_1788317218637_i8kn,DEL-BOM,EaseMyTrip,6E,6E-973,2026-10-17,T+45,5756,1263,7019,2026-09-02T02:25:23.040Z,FALSE,"",08:00,TRUE
fare_DEL-BOM_6E_2026-10-17_T+45_1788317218637_zx4g,DEL-BOM,EaseMyTrip,6E,6E-600,2026-10-17,T+45,5756,1263,7019,2026-09-02T02:25:23.040Z,FALSE,"",08:00,TRUE
fare_DEL-BOM_6E_2026-10-17_T+45_1788317218637_syt2,DEL-BOM,EaseMyTrip,6E,6E-6470,2026-10-17,T+45,5756,1263,7019,2026-09-02T02:25:23.040Z,FALSE,"",06:55,TRUE
fare_DEL-BOM_6E_2026-10-17_T+45_1788317218637_xjdh,DEL-BOM,EaseMyTrip,6E,6E-6107,2026-10-17,T+45,5756,1263,7019,2026-09-02T02:25:23.040Z,FALSE,"",09:30,TRUE
fare_DEL-BOM_6E_2026-10-17_T+45_1788317218637_0gw6,DEL-BOM,EaseMyTrip,6E,6E-6328,2026-10-17,T+45,5756,1263,7019,2026-09-02T02:25:23.040Z,FALSE,"",10:15,TRUE
fare_DEL-BOM_6E_2026-10-17_T+45_1788317218637_428f,DEL-BOM,EaseMyTrip,6E,6E-6047,2026-10-17,T+45,5756,1263,7019,2026-09-02T02:25:23.040Z,FALSE,"",11:00,TRUE
fare_DEL-BOM_6E_2026-10-17_T+45_1788317218637_dpyl,DEL-BOM,EaseMyTrip,6E,6E-551,2026-10-17,T+45,5756,1263,7019,2026-09-02T02:25:23.040Z,FALSE,"",13:00,TRUE
fare_DEL-BOM_6E_2026-10-17_T+45_1788317218637_vmq2,DEL-BOM,EaseMyTrip,6E,6E-997,2026-10-17,T+45,5756,1263,7019,2026-09-02T02:25:23.040Z,FALSE,"",13:00,TRUE
fare_DEL-BOM_6E_2026-10-17_T+45_1788317218637_r7me,DEL-BOM,EaseMyTrip,6E,6E-329,2026-10-17,T+45,5756,1263,7019,2026-09-02T02:25:23.040Z,FALSE,"",08:45,TRUE
fare_DEL-BOM_6E_2026-10-17_T+45_1788317218637_wr4u,DEL-BOM,EaseMyTrip,6E,6E-739,2026-10-17,T+45,5756,1263,7019,2026-09-02T02:25:23.040Z,FALSE,"",08:45,TRUE
fare_DEL-BOM_6E_2026-10-17_T+45_1788317218637_a25c,DEL-BOM,EaseMyTrip,6E,6E-892,2026-10-17,T+45,5802,1273,7075,2026-09-02T02:25:23.040Z,FALSE,"",14:50,FALSE
fare_DEL-BOM_6E_2026-10-17_T+45_1788317218637_xf4z,DEL-BOM,EaseMyTrip,6E,6E-929,2026-10-17,T+45,5802,1273,7075,2026-09-02T02:25:23.040Z,FALSE,"",14:50,FALSE
fare_DEL-BOM_6E_2026-10-17_T+45_1788317218637_qqgs,DEL-BOM,EaseMyTrip,6E,6E-5119,2026-10-17,T+45,5802,1273,7075,2026-09-02T02:25:23.040Z,FALSE,"",05:10,FALSE
fare_DEL-BOM_6E_2026-10-17_T+45_1788317218637_b6il,DEL-BOM,EaseMyTrip,6E,6E-225,2026-10-17,T+45,5802,1273,7075,2026-09-02T02:25:23.040Z,FALSE,"",10:00,FALSE
fare_DEL-BOM_6E_2026-10-17_T+45_1788317218637_3nwu,DEL-BOM,EaseMyTrip,6E,6E-426,2026-10-17,T+45,5802,1273,7075,2026-09-02T02:25:23.040Z,FALSE,"",10:00,FALSE
fare_DEL-BOM_6E_2026-10-17_T+45_1788317218637_zdw6,DEL-BOM,EaseMyTrip,6E,6E-2341,2026-10-17,T+45,5802,1273,7075,2026-09-02T02:25:23.040Z,FALSE,"",14:50,FALSE
fare_DEL-BOM_6E_2026-10-17_T+45_1788317218637_s1hc,DEL-BOM,EaseMyTrip,6E,6E-2037,2026-10-17,T+45,5802,1273,7075,2026-09-02T02:25:23.040Z,FALSE,"",10:55,FALSE
fare_DEL-BOM_6E_2026-10-17_T+45_1788317218637_na91,DEL-BOM,EaseMyTrip,6E,6E-2076,2026-10-17,T+45,5802,1273,7075,2026-09-02T02:25:23.040Z,FALSE,"",07:30,FALSE
fare_DEL-BOM_6E_2026-10-17_T+45_1788317218637_oeec,DEL-BOM,EaseMyTrip,6E,6E-2331,2026-10-17,T+45,5802,1273,7075,2026-09-02T02:25:23.040Z,FALSE,"",12:20,FALSE
fare_DEL-BOM_6E_2026-10-17_T+45_1788317218637_1mz1,DEL-BOM,EaseMyTrip,6E,6E-6261,2026-10-17,T+45,5802,1273,7075,2026-09-02T02:25:23.040Z,FALSE,"",00:15,FALSE
fare_DEL-BOM_6E_2026-10-17_T+45_1788317218637_afbq,DEL-BOM,EaseMyTrip,6E,6E-871,2026-10-17,T+45,5802,1273,7075,2026-09-02T02:25:23.040Z,FALSE,"",10:00,FALSE
fare_DEL-BOM_6E_2026-10-17_T+45_1788317218637_p5a0,DEL-BOM,EaseMyTrip,6E,6E-6190,2026-10-17,T+45,5802,1273,7075,2026-09-02T02:25:23.040Z,FALSE,"",07:40,FALSE
fare_DEL-BOM_6E_2026-10-17_T+45_1788317218637_rr29,DEL-BOM,EaseMyTrip,6E,6E-5014,2026-10-17,T+45,5838,1282,7120,2026-09-02T02:25:23.040Z,FALSE,"",18:30,FALSE
fare_DEL-BOM_6E_2026-10-17_T+45_1788317218637_ydfx,DEL-BOM,EaseMyTrip,6E,6E-5073,2026-10-17,T+45,5838,1282,7120,2026-09-02T02:25:23.040Z,FALSE,"",17:05,FALSE
fare_DEL-BOM_6E_2026-10-17_T+45_1788317218637_mgw0,DEL-BOM,EaseMyTrip,6E,6E-6454,2026-10-17,T+45,5838,1282,7120,2026-09-02T02:25:23.040Z,FALSE,"",13:50,FALSE
fare_DEL-BOM_6E_2026-10-17_T+45_1788317218637_nlgz,DEL-BOM,EaseMyTrip,6E,6E-6171,2026-10-17,T+45,5838,1282,7120,2026-09-02T02:25:23.040Z,FALSE,"",05:40,FALSE
fare_DEL-BOM_6E_2026-10-17_T+45_1788317218637_hd7d,DEL-BOM,EaseMyTrip,6E,6E-6983,2026-10-17,T+45,5838,1282,7120,2026-09-02T02:25:23.040Z,FALSE,"",15:35,FALSE
fare_DEL-BOM_6E_2026-10-17_T+45_1788317218637_okj7,DEL-BOM,EaseMyTrip,6E,6E-966,2026-10-17,T+45,5838,1282,7120,2026-09-02T02:25:23.040Z,FALSE,"",19:30,FALSE
fare_DEL-BOM_6E_2026-10-17_T+45_1788317218637_r4hq,DEL-BOM,EaseMyTrip,6E,6E-310,2026-10-17,T+45,5838,1282,7120,2026-09-02T02:25:23.040Z,FALSE,"",19:30,FALSE
fare_DEL-BOM_6E_2026-10-17_T+45_1788317218637_lsus,DEL-BOM,EaseMyTrip,6E,6E-2013,2026-10-17,T+45,5838,1282,7120,2026-09-02T02:25:23.040Z,FALSE,"",21:50,FALSE
fare_DEL-BOM_QP_2026-10-17_T+45_1788317218637_bllx,DEL-BOM,EaseMyTrip,QP,QP-1110,2026-10-17,T+45,5861,1286,7147,2026-09-02T02:25:23.040Z,FALSE,"",10:00,TRUE
fare_DEL-BOM_QP_2026-10-17_T+45_1788317218637_rl9c,DEL-BOM,EaseMyTrip,QP,QP-1119,2026-10-17,T+45,5861,1286,7147,2026-09-02T02:25:23.040Z,FALSE,"",08:40,TRUE
fare_DEL-BOM_QP_2026-10-17_T+45_1788317218637_4g84,DEL-BOM,EaseMyTrip,QP,QP-1826,2026-10-17,T+45,5861,1286,7147,2026-09-02T02:25:23.040Z,FALSE,"",19:55,TRUE
fare_DEL-BOM_6E_2026-10-17_T+45_1788317218637_ub1u,DEL-BOM,EaseMyTrip,6E,6E-6706,2026-10-17,T+45,5879,1290,7169,2026-09-02T02:25:23.040Z,FALSE,"",17:00,TRUE
fare_DEL-BOM_6E_2026-10-17_T+45_1788317218637_vq9p,DEL-BOM,EaseMyTrip,6E,6E-6676,2026-10-17,T+45,5879,1290,7169,2026-09-02T02:25:23.040Z,FALSE,"",12:00,TRUE
fare_DEL-BOM_6E_2026-10-17_T+45_1788317218637_57lt,DEL-BOM,EaseMyTrip,6E,6E-6490,2026-10-17,T+45,5910,1297,7207,2026-09-02T02:25:23.040Z,FALSE,"",04:55,FALSE
fare_DEL-BOM_6E_2026-10-17_T+45_1788317218637_opsa,DEL-BOM,EaseMyTrip,6E,6E-2249,2026-10-17,T+45,5910,1297,7207,2026-09-02T02:25:23.040Z,FALSE,"",15:00,FALSE
fare_DEL-BOM_6E_2026-10-17_T+45_1788317218637_hq8t,DEL-BOM,EaseMyTrip,6E,6E-2169,2026-10-17,T+45,5947,1305,7252,2026-09-02T02:25:23.040Z,FALSE,"",19:40,FALSE
fare_DEL-BOM_6E_2026-10-17_T+45_1788317218637_7md9,DEL-BOM,EaseMyTrip,6E,6E-6829,2026-10-17,T+45,5947,1305,7252,2026-09-02T02:25:23.040Z,FALSE,"",17:20,FALSE
fare_DEL-BOM_6E_2026-10-17_T+45_1788317218637_jkx3,DEL-BOM,EaseMyTrip,6E,6E-6443,2026-10-17,T+45,5947,1305,7252,2026-09-02T02:25:23.040Z,FALSE,"",09:00,FALSE
fare_DEL-BOM_6E_2026-10-17_T+45_1788317218637_uq99,DEL-BOM,EaseMyTrip,6E,6E-6433,2026-10-17,T+45,5947,1305,7252,2026-09-02T02:25:23.040Z,FALSE,"",16:30,FALSE
fare_DEL-BOM_6E_2026-10-17_T+45_1788317218637_xck1,DEL-BOM,EaseMyTrip,6E,6E-6459,2026-10-17,T+45,5947,1305,7252,2026-09-02T02:25:23.040Z,FALSE,"",05:55,FALSE
fare_DEL-BOM_AI_2026-10-17_T+45_1788317218637_k2dm,DEL-BOM,EaseMyTrip,AI,AI-2678,2026-10-17,T+45,6141,1348,7489,2026-09-02T02:25:23.040Z,FALSE,"",08:30,TRUE
fare_DEL-BOM_AI_2026-10-17_T+45_1788317218637_sxhf,DEL-BOM,EaseMyTrip,AI,AI-2963,2026-10-17,T+45,6141,1348,7489,2026-09-02T02:25:23.040Z,FALSE,"",09:00,TRUE
fare_DEL-BOM_AI_2026-10-17_T+45_1788317218637_md63,DEL-BOM,EaseMyTrip,AI,AI-2975,2026-10-17,T+45,6141,1348,7489,2026-09-02T02:25:23.040Z,FALSE,"",06:30,TRUE
fare_DEL-BOM_AI_2026-10-17_T+45_1788317218637_59io,DEL-BOM,EaseMyTrip,AI,AI-2425,2026-10-17,T+45,6141,1348,7489,2026-09-02T02:25:23.040Z,FALSE,"",10:30,TRUE
fare_DEL-BOM_AI_2026-10-17_T+45_1788317218637_skut,DEL-BOM,EaseMyTrip,AI,AI-2951,2026-10-17,T+45,6141,1348,7489,2026-09-02T02:25:23.040Z,FALSE,"",13:30,TRUE
fare_DEL-BOM_AI_2026-10-17_T+45_1788317218637_qn36,DEL-BOM,EaseMyTrip,AI,AI-2981,2026-10-17,T+45,6141,1348,7489,2026-09-02T02:25:23.040Z,FALSE,"",21:00,TRUE
fare_DEL-BOM_AI_2026-10-17_T+45_1788317218637_g876,DEL-BOM,EaseMyTrip,AI,AI-1745,2026-10-17,T+45,6141,1348,7489,2026-09-02T02:25:23.040Z,FALSE,"",05:00,TRUE
fare_DEL-BOM_AI_2026-10-17_T+45_1788317218637_zewl,DEL-BOM,EaseMyTrip,AI,AI-2429,2026-10-17,T+45,6141,1348,7489,2026-09-02T02:25:23.040Z,FALSE,"",07:00,TRUE
fare_DEL-BOM_AI_2026-10-17_T+45_1788317218637_hs2v,DEL-BOM,EaseMyTrip,AI,AI-2995,2026-10-17,T+45,6141,1348,7489,2026-09-02T02:25:23.040Z,FALSE,"",10:00,TRUE
fare_DEL-BOM_AI_2026-10-17_T+45_1788317218637_oq3t,DEL-BOM,EaseMyTrip,AI,AI-2945,2026-10-17,T+45,6141,1348,7489,2026-09-02T02:25:23.040Z,FALSE,"",11:00,TRUE
fare_DEL-BOM_AI_2026-10-17_T+45_1788317218637_q44r,DEL-BOM,EaseMyTrip,AI,AI-2441,2026-10-17,T+45,6141,1348,7489,2026-09-02T02:25:23.040Z,FALSE,"",14:10,TRUE
fare_DEL-BOM_AI_2026-10-17_T+45_1788317218637_6rya,DEL-BOM,EaseMyTrip,AI,AI-2927,2026-10-17,T+45,6141,1348,7489,2026-09-02T02:25:23.040Z,FALSE,"",09:30,TRUE
fare_DEL-BOM_AI_2026-10-17_T+45_1788317218637_te6t,DEL-BOM,EaseMyTrip,AI,AI-2957,2026-10-17,T+45,6141,1348,7489,2026-09-02T02:25:23.040Z,FALSE,"",20:30,TRUE
fare_DEL-BOM_AI_2026-10-17_T+45_1788317218637_ioy2,DEL-BOM,EaseMyTrip,AI,AI-1780,2026-10-17,T+45,6141,1348,7489,2026-09-02T02:25:23.040Z,FALSE,"",14:30,TRUE
fare_DEL-BOM_6E_2026-10-17_T+45_1788317218637_lxgh,DEL-BOM,EaseMyTrip,6E,6E-790,2026-10-17,T+45,6011,1319,7330,2026-09-02T02:25:23.040Z,FALSE,"",16:30,FALSE
fare_DEL-BOM_6E_2026-10-17_T+45_1788317218637_5xkx,DEL-BOM,EaseMyTrip,6E,6E-560,2026-10-17,T+45,6011,1319,7330,2026-09-02T02:25:23.040Z,FALSE,"",16:30,FALSE
fare_DEL-BOM_6E_2026-10-17_T+45_1788317218637_y8ni,DEL-BOM,EaseMyTrip,6E,6E-6479,2026-10-17,T+45,6011,1319,7330,2026-09-02T02:25:23.040Z,FALSE,"",21:25,FALSE
fare_DEL-BOM_6E_2026-10-17_T+45_1788317218637_lkf3,DEL-BOM,EaseMyTrip,6E,6E-2113,2026-10-17,T+45,6011,1319,7330,2026-09-02T02:25:23.040Z,FALSE,"",13:20,FALSE
fare_DEL-BOM_6E_2026-10-17_T+45_1788317218637_vmgx,DEL-BOM,EaseMyTrip,6E,6E-2147,2026-10-17,T+45,6011,1319,7330,2026-09-02T02:25:23.040Z,FALSE,"",11:10,FALSE
fare_DEL-BOM_6E_2026-10-17_T+45_1788317218637_kz3o,DEL-BOM,EaseMyTrip,6E,6E-6026,2026-10-17,T+45,6119,1343,7462,2026-09-02T02:25:23.040Z,FALSE,"",05:30,FALSE
fare_DEL-BOM_AI_2026-10-17_T+45_1788317218637_a94k,DEL-BOM,EaseMyTrip,AI,AI-2985,2026-10-17,T+45,6295,1382,7677,2026-09-02T02:25:23.040Z,FALSE,"",19:30,TRUE
fare_DEL-BOM_AI_2026-10-17_T+45_1788317218637_5ef7,DEL-BOM,EaseMyTrip,AI,AI-1777,2026-10-17,T+45,6295,1382,7677,2026-09-02T02:25:23.040Z,FALSE,"",16:00,TRUE
fare_DEL-BOM_AI_2026-10-17_T+45_1788317218637_3yp0,DEL-BOM,EaseMyTrip,AI,AI-2943,2026-10-17,T+45,6295,1382,7677,2026-09-02T02:25:23.040Z,FALSE,"",07:30,TRUE
fare_DEL-BOM_AI_2026-10-17_T+45_1788317218637_vb86,DEL-BOM,EaseMyTrip,AI,AI-2433,2026-10-17,T+45,6295,1382,7677,2026-09-02T02:25:23.040Z,FALSE,"",21:30,TRUE
fare_DEL-BOM_6E_2026-10-17_T+45_1788317218637_9o8g,DEL-BOM,EaseMyTrip,6E,6E-7646,2026-10-17,T+45,6151,1350,7501,2026-09-02T02:25:23.040Z,FALSE,"",06:15,FALSE
fare_DEL-BOM_6E_2026-10-17_T+45_1788317218637_fw90,DEL-BOM,EaseMyTrip,6E,6E-5096,2026-10-17,T+45,6152,1350,7502,2026-09-02T02:25:23.040Z,FALSE,"",17:00,TRUE
fare_DEL-BOM_6E_2026-10-17_T+45_1788317218637_zyjn,DEL-BOM,EaseMyTrip,6E,6E-7642,2026-10-17,T+45,6227,1367,7594,2026-09-02T02:25:23.040Z,FALSE,"",15:45,FALSE
fare_DEL-BOM_AI_2026-10-17_T+45_1788317218637_6aff,DEL-BOM,EaseMyTrip,AI,AI-2439,2026-10-17,T+45,6398,1404,7802,2026-09-02T02:25:23.040Z,FALSE,"",23:00,TRUE
fare_DEL-BOM_6E_2026-10-17_T+45_1788317218637_8ko7,DEL-BOM,EaseMyTrip,6E,6E-7653,2026-10-17,T+45,6259,1374,7633,2026-09-02T02:25:23.040Z,FALSE,"",17:20,FALSE
fare_DEL-BOM_AI_2026-10-17_T+45_1788317218637_jea7,DEL-BOM,EaseMyTrip,AI,AI-2977,2026-10-17,T+45,6449,1416,7865,2026-09-02T02:25:23.040Z,FALSE,"",19:00,TRUE
fare_DEL-BOM_AI_2026-10-17_T+45_1788317218637_xy20,DEL-BOM,EaseMyTrip,AI,AI-2955,2026-10-17,T+45,6449,1416,7865,2026-09-02T02:25:23.040Z,FALSE,"",18:00,TRUE
fare_DEL-BOM_AI_2026-10-17_T+45_1788317218637_7yc7,DEL-BOM,EaseMyTrip,AI,AI-2933,2026-10-17,T+45,6511,1429,7940,2026-09-02T02:25:23.040Z,FALSE,"",15:30,TRUE
fare_DEL-BOM_AI_2026-10-17_T+45_1788317218637_u3t8,DEL-BOM,EaseMyTrip,AI,AI-441,2026-10-17,T+45,6511,1429,7940,2026-09-02T02:25:23.040Z,FALSE,"",17:00,TRUE
fare_DEL-BOM_6E_2026-10-17_T+45_1788317218637_aszt,DEL-BOM,EaseMyTrip,6E,6E-6050,2026-10-17,T+45,6482,1423,7905,2026-09-02T02:25:23.040Z,FALSE,"",08:15,FALSE
fare_DEL-BOM_AI_2026-10-17_T+45_1788317218637_147j,DEL-BOM,EaseMyTrip,AI,AI-1785,2026-10-17,T+45,6676,1465,8141,2026-09-02T02:25:23.040Z,FALSE,"",12:00,TRUE
fare_DEL-BOM_6E_2026-10-17_T+45_1788317218637_uaww,DEL-BOM,EaseMyTrip,6E,6E-6282,2026-10-17,T+45,6590,1446,8036,2026-09-02T02:25:23.040Z,FALSE,"",13:30,FALSE
fare_DEL-BOM_6E_2026-10-17_T+45_1788317218637_ym47,DEL-BOM,EaseMyTrip,6E,6E-2571,2026-10-17,T+45,6746,1481,8227,2026-09-02T02:25:23.040Z,FALSE,"",12:30,FALSE
fare_DEL-BOM_6E_2026-10-17_T+45_1788317218637_mcap,DEL-BOM,EaseMyTrip,6E,6E-5138,2026-10-17,T+45,6934,1522,8456,2026-09-02T02:25:23.040Z,FALSE,"",19:10,FALSE
fare_DEL-BOM_6E_2026-10-17_T+45_1788317218637_3bux,DEL-BOM,EaseMyTrip,6E,6E-5038,2026-10-17,T+45,6999,1536,8535,2026-09-02T02:25:23.040Z,FALSE,"",14:00,FALSE
fare_DEL-BOM_6E_2026-10-17_T+45_1788317218637_vv4v,DEL-BOM,EaseMyTrip,6E,6E-6212,2026-10-17,T+45,7106,1560,8666,2026-09-02T02:25:23.040Z,FALSE,"",14:45,FALSE
fare_DEL-BOM_6E_2026-10-17_T+45_1788317218637_fsah,DEL-BOM,EaseMyTrip,6E,6E-707,2026-10-17,T+45,7106,1560,8666,2026-09-02T02:25:23.040Z,FALSE,"",02:25,FALSE
fare_DEL-BOM_6E_2026-10-17_T+45_1788317218637_byzt,DEL-BOM,EaseMyTrip,6E,6E-246,2026-10-17,T+45,7106,1560,8666,2026-09-02T02:25:23.040Z,FALSE,"",02:25,FALSE
fare_DEL-BOM_IX_2026-10-17_T+45_1788317218637_mmtl,DEL-BOM,EaseMyTrip,IX,IX-1049,2026-10-17,T+45,8142,1787,9929,2026-09-02T02:25:23.040Z,FALSE,"",18:40,FALSE
fare_DEL-BOM_IX_2026-10-17_T+45_1788317218637_2bim,DEL-BOM,EaseMyTrip,IX,IX-1817,2026-10-17,T+45,8142,1787,9929,2026-09-02T02:25:23.040Z,FALSE,"",19:30,FALSE
fare_DEL-BOM_6E_2026-10-17_T+45_1788317218637_al3x,DEL-BOM,EaseMyTrip,6E,6E-6601,2026-10-17,T+45,7675,1685,9360,2026-09-02T02:25:23.040Z,FALSE,"",19:45,FALSE
fare_DEL-BOM_6E_2026-10-17_T+45_1788317218637_anm9,DEL-BOM,EaseMyTrip,6E,6E-5298,2026-10-17,T+45,8192,1798,9990,2026-09-02T02:25:23.040Z,FALSE,"",09:00,FALSE
fare_DEL-BOM_AI_2026-10-17_T+45_1788317218637_y351,DEL-BOM,EaseMyTrip,AI,AI-2499,2026-10-17,T+45,8603,1888,10491,2026-09-02T02:25:23.040Z,FALSE,"",06:00,FALSE
fare_DEL-BOM_AI_2026-10-17_T+45_1788317218637_zky0,DEL-BOM,EaseMyTrip,AI,AI-2569,2026-10-17,T+45,8603,1888,10491,2026-09-02T02:25:23.040Z,FALSE,"",20:30,FALSE
fare_DEL-BOM_AI_2026-10-17_T+45_1788317218637_7wlz,DEL-BOM,EaseMyTrip,AI,AI-1710,2026-10-17,T+45,8603,1888,10491,2026-09-02T02:25:23.040Z,FALSE,"",18:35,FALSE
fare_DEL-BOM_AI_2026-10-17_T+45_1788317218637_qknj,DEL-BOM,EaseMyTrip,AI,AI-1717,2026-10-17,T+45,8603,1888,10491,2026-09-02T02:25:23.040Z,FALSE,"",14:20,FALSE
fare_DEL-BOM_6E_2026-10-17_T+45_1788317218637_tef0,DEL-BOM,EaseMyTrip,6E,6E-641,2026-10-17,T+45,8986,1973,10959,2026-09-02T02:25:23.040Z,FALSE,"",17:55,FALSE
fare_DEL-BOM_6E_2026-10-17_T+45_1788317218637_z1a0,DEL-BOM,EaseMyTrip,6E,6E-755,2026-10-17,T+45,8986,1973,10959,2026-09-02T02:25:23.040Z,FALSE,"",17:55,FALSE
fare_DEL-BOM_IX_2026-10-17_T+45_1788317218637_dpij,DEL-BOM,EaseMyTrip,IX,IX-2749,2026-10-17,T+45,10977,2409,13386,2026-09-02T02:25:23.040Z,FALSE,"",10:25,FALSE
fare_DEL-BOM_6E_2026-10-17_T+45_1788317218637_mr19,DEL-BOM,EaseMyTrip,6E,6E-2381,2026-10-17,T+45,10689,2346,13035,2026-09-02T02:25:23.040Z,FALSE,"",13:45,FALSE
fare_DEL-BOM_AI_2026-10-17_T+45_1788317218637_klkx,DEL-BOM,EaseMyTrip,AI,AI-1705,2026-10-17,T+45,11054,2427,13481,2026-09-02T02:25:23.040Z,FALSE,"",06:30,FALSE
fare_DEL-BOM_QP_2026-10-17_T+45_1788317218637_dimh,DEL-BOM,EaseMyTrip,QP,QP-1817,2026-10-17,T+45,10917,2397,13314,2026-09-02T02:25:23.040Z,FALSE,"",10:30,FALSE
fare_DEL-BOM_AI_2026-10-17_T+45_1788317218637_4wzy,DEL-BOM,EaseMyTrip,AI,AI-2715,2026-10-17,T+45,11186,2455,13641,2026-09-02T02:25:23.040Z,FALSE,"",11:40,FALSE
fare_DEL-BOM_AI_2026-10-17_T+45_1788317218637_shdf,DEL-BOM,EaseMyTrip,AI,AI-2959,2026-10-17,T+45,11186,2455,13641,2026-09-02T02:25:23.040Z,FALSE,"",07:10,FALSE
fare_DEL-BOM_AI_2026-10-17_T+45_1788317218637_oani,DEL-BOM,EaseMyTrip,AI,AI-423,2026-10-17,T+45,11186,2455,13641,2026-09-02T02:25:23.040Z,FALSE,"",09:50,FALSE
fare_DEL-BOM_AI_2026-10-17_T+45_1788317218637_d8f0,DEL-BOM,EaseMyTrip,AI,AI-2909,2026-10-17,T+45,11186,2455,13641,2026-09-02T02:25:23.040Z,FALSE,"",22:30,FALSE
fare_DEL-BOM_AI_2026-10-17_T+45_1788317218637_z89f,DEL-BOM,EaseMyTrip,AI,AI-809,2026-10-17,T+45,11273,2475,13748,2026-09-02T02:25:23.040Z,FALSE,"",17:40,FALSE
fare_DEL-BOM_AI_2026-10-17_T+45_1788317218637_v871,DEL-BOM,EaseMyTrip,AI,AI-2939,2026-10-17,T+45,11273,2475,13748,2026-09-02T02:25:23.040Z,FALSE,"",16:40,FALSE
fare_DEL-BOM_AI_2026-10-17_T+45_1788317218637_56dc,DEL-BOM,EaseMyTrip,AI,AI-881,2026-10-17,T+45,11273,2475,13748,2026-09-02T02:25:23.040Z,FALSE,"",13:35,FALSE
fare_DEL-BOM_AI_2026-10-17_T+45_1788317218637_7w4e,DEL-BOM,EaseMyTrip,AI,AI-9418,2026-10-17,T+45,11461,2516,13977,2026-09-02T02:25:23.040Z,FALSE,"",13:10,FALSE
fare_DEL-BOM_AI_2026-10-17_T+45_1788317218637_e2u7,DEL-BOM,EaseMyTrip,AI,AI-817,2026-10-17,T+45,11463,2516,13979,2026-09-02T02:25:23.040Z,FALSE,"",05:55,FALSE
fare_DEL-BOM_AI_2026-10-17_T+45_1788317218637_onbt,DEL-BOM,EaseMyTrip,AI,AI-9757,2026-10-17,T+45,11531,2531,14062,2026-09-02T02:25:23.040Z,FALSE,"",11:50,FALSE
fare_DEL-BOM_AI_2026-10-17_T+45_1788317218637_forb,DEL-BOM,EaseMyTrip,AI,AI-9759,2026-10-17,T+45,11531,2531,14062,2026-09-02T02:25:23.040Z,FALSE,"",06:00,FALSE
fare_DEL-BOM_6E_2026-10-17_T+45_1788317218637_qjtg,DEL-BOM,EaseMyTrip,6E,6E-835,2026-10-17,T+45,11485,2521,14006,2026-09-02T02:25:23.040Z,FALSE,"",23:15,FALSE
fare_DEL-BOM_IX_2026-10-17_T+45_1788317218637_eu0h,DEL-BOM,EaseMyTrip,IX,IX-1082,2026-10-17,T+45,12292,2698,14990,2026-09-02T02:25:23.040Z,FALSE,"",21:25,FALSE
fare_DEL-BOM_AI_2026-10-17_T+45_1788317218637_fgou,DEL-BOM,EaseMyTrip,AI,AI-2761,2026-10-17,T+45,12103,2657,14760,2026-09-02T02:25:23.040Z,FALSE,"",16:25,FALSE
fare_DEL-BOM_AI_2026-10-17_T+45_1788317218637_q98g,DEL-BOM,EaseMyTrip,AI,AI-2509,2026-10-17,T+45,12785,2807,15592,2026-09-02T02:25:23.040Z,FALSE,"",07:00,FALSE
fare_DEL-BOM_IX_2026-10-17_T+45_1788317218637_2azi,DEL-BOM,EaseMyTrip,IX,IX-1070,2026-10-17,T+45,13298,2919,16217,2026-09-02T02:25:23.040Z,FALSE,"",21:15,FALSE
fare_DEL-BOM_6E_2026-10-17_T+45_1788317218637_f7cm,DEL-BOM,EaseMyTrip,6E,6E-134,2026-10-17,T+45,12893,2830,15723,2026-09-02T02:25:23.040Z,FALSE,"",12:10,FALSE
fare_DEL-BOM_6E_2026-10-17_T+45_1788317218637_yptz,DEL-BOM,EaseMyTrip,6E,6E-387,2026-10-17,T+45,12893,2830,15723,2026-09-02T02:25:23.040Z,FALSE,"",12:10,FALSE
fare_DEL-BOM_AI_2026-10-17_T+45_1788317218637_7aiy,DEL-BOM,EaseMyTrip,AI,AI-1743,2026-10-17,T+45,13065,2868,15933,2026-09-02T02:25:23.040Z,FALSE,"",06:15,FALSE
fare_DEL-BOM_QP_2026-10-17_T+45_1788317218637_duzu,DEL-BOM,EaseMyTrip,QP,QP-1822,2026-10-17,T+45,13953,3063,17016,2026-09-02T02:25:23.040Z,TRUE,"High outlier: ₹17016 > upper fence ₹16869 (Q3: ₹10959, IQR: ₹3940)",16:40,FALSE
fare_DEL-BOM_AI_2026-10-17_T+45_1788317218637_7zzs,DEL-BOM,EaseMyTrip,AI,AI-9920,2026-10-17,T+45,14357,3152,17509,2026-09-02T02:25:23.040Z,TRUE,"High outlier: ₹17509 > upper fence ₹16869 (Q3: ₹10959, IQR: ₹3940)",10:50,FALSE
fare_DEL-BOM_AI_2026-10-17_T+45_1788317218637_yqor,DEL-BOM,EaseMyTrip,AI,AI-9584,2026-10-17,T+45,14458,3174,17632,2026-09-02T02:25:23.040Z,TRUE,"High outlier: ₹17632 > upper fence ₹16869 (Q3: ₹10959, IQR: ₹3940)",11:15,FALSE
fare_DEL-BOM_AI_2026-10-17_T+45_1788317218637_hggk,DEL-BOM,EaseMyTrip,AI,AI-1773,2026-10-17,T+45,14497,3182,17679,2026-09-02T02:25:23.040Z,TRUE,"High outlier: ₹17679 > upper fence ₹16869 (Q3: ₹10959, IQR: ₹3940)",10:30,FALSE
fare_DEL-BOM_AI_2026-10-17_T+45_1788317218637_5pwg,DEL-BOM,EaseMyTrip,AI,AI-1703,2026-10-17,T+45,14497,3182,17679,2026-09-02T02:25:23.040Z,TRUE,"High outlier: ₹17679 > upper fence ₹16869 (Q3: ₹10959, IQR: ₹3940)",05:10,FALSE
fare_DEL-BOM_AI_2026-10-17_T+45_1788317218637_nq6d,DEL-BOM,EaseMyTrip,AI,AI-2577,2026-10-17,T+45,14577,3200,17777,2026-09-02T02:25:23.040Z,TRUE,"High outlier: ₹17777 > upper fence ₹16869 (Q3: ₹10959, IQR: ₹3940)",02:00,FALSE
fare_DEL-BOM_AI_2026-10-17_T+45_1788317218637_i96p,DEL-BOM,EaseMyTrip,AI,AI-2859,2026-10-17,T+45,14577,3200,17777,2026-09-02T02:25:23.040Z,TRUE,"High outlier: ₹17777 > upper fence ₹16869 (Q3: ₹10959, IQR: ₹3940)",10:30,FALSE
fare_DEL-BOM_IX_2026-10-17_T+45_1788317218637_9ve5,DEL-BOM,EaseMyTrip,IX,IX-1068,2026-10-17,T+45,15115,3318,18433,2026-09-02T02:25:23.040Z,TRUE,"High outlier: ₹18433 > upper fence ₹16869 (Q3: ₹10959, IQR: ₹3940)",11:55,FALSE
fare_DEL-BOM_IX_2026-10-17_T+45_1788317218637_cjpc,DEL-BOM,EaseMyTrip,IX,IX-1057,2026-10-17,T+45,15254,3349,18603,2026-09-02T02:25:23.040Z,TRUE,"High outlier: ₹18603 > upper fence ₹16869 (Q3: ₹10959, IQR: ₹3940)",06:20,FALSE
fare_DEL-BOM_AI_2026-10-17_T+45_1788317218637_8lnv,DEL-BOM,EaseMyTrip,AI,AI-2465,2026-10-17,T+45,14880,3266,18146,2026-09-02T02:25:23.040Z,TRUE,"High outlier: ₹18146 > upper fence ₹16869 (Q3: ₹10959, IQR: ₹3940)",14:30,FALSE
fare_DEL-BOM_IX_2026-10-17_T+45_1788317218637_z3jz,DEL-BOM,EaseMyTrip,IX,IX-1064,2026-10-17,T+45,15943,3500,19443,2026-09-02T02:25:23.040Z,TRUE,"High outlier: ₹19443 > upper fence ₹16869 (Q3: ₹10959, IQR: ₹3940)",19:10,FALSE
fare_DEL-BOM_IX_2026-10-17_T+45_1788317218637_h0vh,DEL-BOM,EaseMyTrip,IX,IX-1059,2026-10-17,T+45,16201,3556,19757,2026-09-02T02:25:23.040Z,TRUE,"High outlier: ₹19757 > upper fence ₹16869 (Q3: ₹10959, IQR: ₹3940)",12:15,FALSE
fare_DEL-BOM_IX_2026-10-17_T+45_1788317218637_vpq4,DEL-BOM,EaseMyTrip,IX,IX-1783,2026-10-17,T+45,16201,3556,19757,2026-09-02T02:25:23.040Z,TRUE,"High outlier: ₹19757 > upper fence ₹16869 (Q3: ₹10959, IQR: ₹3940)",07:20,FALSE
fare_DEL-BOM_AI_2026-10-17_T+45_1788317218637_2sfh,DEL-BOM,EaseMyTrip,AI,AI-2803,2026-10-17,T+45,17035,3739,20774,2026-09-02T02:25:23.040Z,TRUE,"High outlier: ₹20774 > upper fence ₹16869 (Q3: ₹10959, IQR: ₹3940)",06:30,FALSE
fare_DEL-BOM_AI_2026-10-17_T+45_1788317218637_iq5u,DEL-BOM,EaseMyTrip,AI,AI-2819,2026-10-17,T+45,17098,3753,20851,2026-09-02T02:25:23.040Z,TRUE,"High outlier: ₹20851 > upper fence ₹16869 (Q3: ₹10959, IQR: ₹3940)",15:00,FALSE
fare_DEL-BOM_AI_2026-10-17_T+45_1788317218637_qo50,DEL-BOM,EaseMyTrip,AI,AI-1779,2026-10-17,T+45,17245,3786,21031,2026-09-02T02:25:23.040Z,TRUE,"High outlier: ₹21031 > upper fence ₹16869 (Q3: ₹10959, IQR: ₹3940)",13:45,FALSE
fare_DEL-BOM_AI_2026-10-17_T+45_1788317218637_1mr7,DEL-BOM,EaseMyTrip,AI,AI-2483,2026-10-17,T+45,18662,4097,22759,2026-09-02T02:25:23.040Z,TRUE,"High outlier: ₹22759 > upper fence ₹16869 (Q3: ₹10959, IQR: ₹3940)",12:20,FALSE
fare_DEL-BOM_AI_2026-10-17_T+45_1788317218637_zwkh,DEL-BOM,EaseMyTrip,AI,AI-2907,2026-10-17,T+45,19068,4186,23254,2026-09-02T02:25:23.040Z,TRUE,"High outlier: ₹23254 > upper fence ₹16869 (Q3: ₹10959, IQR: ₹3940)",12:00,FALSE
fare_DEL-BOM_AI_2026-10-17_T+45_1788317218637_m940,DEL-BOM,EaseMyTrip,AI,AI-427,2026-10-17,T+45,19810,4348,24158,2026-09-02T02:25:23.040Z,TRUE,"High outlier: ₹24158 > upper fence ₹16869 (Q3: ₹10959, IQR: ₹3940)",08:30,FALSE
fare_DEL-BOM_QP_2026-10-17_T+45_1788317218637_5zdu,DEL-BOM,EaseMyTrip,QP,QP-1803,2026-10-17,T+45,21397,4697,26094,2026-09-02T02:25:23.040Z,TRUE,"High outlier: ₹26094 > upper fence ₹16869 (Q3: ₹10959, IQR: ₹3940)",17:00,FALSE
fare_DEL-BOM_AI_2026-10-17_T+45_1788317218637_vaib,DEL-BOM,EaseMyTrip,AI,AI-2627,2026-10-17,T+45,23105,5072,28177,2026-09-02T02:25:23.040Z,TRUE,"High outlier: ₹28177 > upper fence ₹16869 (Q3: ₹10959, IQR: ₹3940)",10:45,FALSE
fare_DEL-BOM_AI_2026-10-17_T+45_1788317218637_7h5v,DEL-BOM,EaseMyTrip,AI,AI-1739,2026-10-17,T+45,25397,5575,30972,2026-09-02T02:25:23.040Z,TRUE,"High outlier: ₹30972 > upper fence ₹16869 (Q3: ₹10959, IQR: ₹3940)",11:30,FALSE
fare_DEL-BOM_SG_2026-09-09_T+7_1788317218638_5fhq,DEL-BOM,EaseMyTrip,SG,SG-9091,2026-09-09,T+7,5064,1112,6176,2026-09-02T02:25:01.969Z,FALSE,"",05:30,TRUE
fare_DEL-BOM_6E_2026-09-09_T+7_1788317218638_dpyl,DEL-BOM,EaseMyTrip,6E,6E-5119,2026-09-09,T+7,4994,1096,6090,2026-09-02T02:25:01.969Z,FALSE,"",05:10,FALSE
fare_DEL-BOM_6E_2026-09-09_T+7_1788317218638_oox8,DEL-BOM,EaseMyTrip,6E,6E-6171,2026-09-09,T+7,4994,1096,6090,2026-09-02T02:25:01.969Z,FALSE,"",05:40,FALSE
fare_DEL-BOM_6E_2026-09-09_T+7_1788317218638_ehh1,DEL-BOM,EaseMyTrip,6E,6E-6261,2026-09-09,T+7,4994,1096,6090,2026-09-02T02:25:01.969Z,FALSE,"",00:15,FALSE
fare_DEL-BOM_6E_2026-09-09_T+7_1788317218638_ydmh,DEL-BOM,EaseMyTrip,6E,6E-6190,2026-09-09,T+7,4998,1097,6095,2026-09-02T02:25:01.969Z,FALSE,"",07:40,FALSE
fare_DEL-BOM_IX_2026-09-09_T+7_1788317218638_qb4r,DEL-BOM,EaseMyTrip,IX,IX-1235,2026-09-09,T+7,5354,1175,6529,2026-09-02T02:25:01.969Z,FALSE,"",23:25,TRUE
fare_DEL-BOM_IX_2026-09-09_T+7_1788317218638_w9qw,DEL-BOM,EaseMyTrip,IX,IX-1056,2026-09-09,T+7,5354,1175,6529,2026-09-02T02:25:01.969Z,FALSE,"",05:35,TRUE
fare_DEL-BOM_6E_2026-09-09_T+7_1788317218638_vxea,DEL-BOM,EaseMyTrip,6E,6E-2249,2026-09-09,T+7,5102,1120,6222,2026-09-02T02:25:01.969Z,FALSE,"",15:00,FALSE
fare_DEL-BOM_6E_2026-09-09_T+7_1788317218638_51l3,DEL-BOM,EaseMyTrip,6E,6E-2169,2026-09-09,T+7,5102,1120,6222,2026-09-02T02:25:01.969Z,FALSE,"",19:40,FALSE
fare_DEL-BOM_6E_2026-09-09_T+7_1788317218638_jtny,DEL-BOM,EaseMyTrip,6E,6E-6829,2026-09-09,T+7,5102,1120,6222,2026-09-02T02:25:01.969Z,FALSE,"",17:20,FALSE
fare_DEL-BOM_6E_2026-09-09_T+7_1788317218638_7kzy,DEL-BOM,EaseMyTrip,6E,6E-6443,2026-09-09,T+7,5102,1120,6222,2026-09-02T02:25:01.969Z,FALSE,"",09:00,FALSE
fare_DEL-BOM_6E_2026-09-09_T+7_1788317218638_r5jg,DEL-BOM,EaseMyTrip,6E,6E-6433,2026-09-09,T+7,5102,1120,6222,2026-09-02T02:25:01.969Z,FALSE,"",16:30,FALSE
fare_DEL-BOM_6E_2026-09-09_T+7_1788317218638_5uek,DEL-BOM,EaseMyTrip,6E,6E-5138,2026-09-09,T+7,5102,1120,6222,2026-09-02T02:25:01.969Z,FALSE,"",19:10,FALSE
fare_DEL-BOM_6E_2026-09-09_T+7_1788317218638_rdpq,DEL-BOM,EaseMyTrip,6E,6E-2345,2026-09-09,T+7,5102,1120,6222,2026-09-02T02:25:01.969Z,FALSE,"",05:55,FALSE
fare_DEL-BOM_6E_2026-09-09_T+7_1788317218638_apaf,DEL-BOM,EaseMyTrip,6E,6E-6488,2026-09-09,T+7,5102,1120,6222,2026-09-02T02:25:01.969Z,FALSE,"",11:20,FALSE
fare_DEL-BOM_6E_2026-09-09_T+7_1788317218638_h2ap,DEL-BOM,EaseMyTrip,6E,6E-6490,2026-09-09,T+7,5105,1121,6226,2026-09-02T02:25:01.969Z,FALSE,"",04:55,FALSE
fare_DEL-BOM_6E_2026-09-09_T+7_1788317218638_m5or,DEL-BOM,EaseMyTrip,6E,6E-5298,2026-09-09,T+7,5166,1134,6300,2026-09-02T02:25:01.969Z,FALSE,"",09:00,FALSE
fare_DEL-BOM_6E_2026-09-09_T+7_1788317218638_3tm6,DEL-BOM,EaseMyTrip,6E,6E-6050,2026-09-09,T+7,5166,1134,6300,2026-09-02T02:25:01.969Z,FALSE,"",08:15,FALSE
fare_DEL-BOM_6E_2026-09-09_T+7_1788317218638_3sc9,DEL-BOM,EaseMyTrip,6E,6E-5206,2026-09-09,T+7,5166,1134,6300,2026-09-02T02:25:01.969Z,FALSE,"",13:20,FALSE
fare_DEL-BOM_6E_2026-09-09_T+7_1788317218638_wzth,DEL-BOM,EaseMyTrip,6E,6E-6601,2026-09-09,T+7,5274,1158,6432,2026-09-02T02:25:01.969Z,FALSE,"",19:45,FALSE
fare_DEL-BOM_6E_2026-09-09_T+7_1788317218638_1pgp,DEL-BOM,EaseMyTrip,6E,6E-6212,2026-09-09,T+7,5274,1158,6432,2026-09-02T02:25:01.969Z,FALSE,"",14:45,FALSE
fare_DEL-BOM_6E_2026-09-09_T+7_1788317218638_92gl,DEL-BOM,EaseMyTrip,6E,6E-6282,2026-09-09,T+7,5274,1158,6432,2026-09-02T02:25:01.969Z,FALSE,"",13:30,FALSE
fare_DEL-BOM_6E_2026-09-09_T+7_1788317218638_uc7d,DEL-BOM,EaseMyTrip,6E,6E-574,2026-09-09,T+7,5274,1158,6432,2026-09-02T02:25:01.969Z,FALSE,"",23:15,FALSE
fare_DEL-BOM_6E_2026-09-09_T+7_1788317218638_q1ug,DEL-BOM,EaseMyTrip,6E,6E-170,2026-09-09,T+7,5274,1158,6432,2026-09-02T02:25:01.969Z,FALSE,"",23:15,FALSE
fare_DEL-BOM_6E_2026-09-09_T+7_1788317218638_gj01,DEL-BOM,EaseMyTrip,6E,6E-6293,2026-09-09,T+7,5274,1158,6432,2026-09-02T02:25:01.969Z,FALSE,"",09:55,FALSE
fare_DEL-BOM_6E_2026-09-09_T+7_1788317218638_e4o3,DEL-BOM,EaseMyTrip,6E,6E-5096,2026-09-09,T+7,5282,1160,6442,2026-09-02T02:25:01.969Z,FALSE,"",17:00,TRUE
fare_DEL-BOM_QP_2026-09-09_T+7_1788317218638_s7x6,DEL-BOM,EaseMyTrip,QP,QP-2074,2026-09-09,T+7,5330,1170,6500,2026-09-02T02:25:01.969Z,FALSE,"",09:20,TRUE
fare_DEL-BOM_6E_2026-09-09_T+7_1788317218638_7vss,DEL-BOM,EaseMyTrip,6E,6E-6470,2026-09-09,T+7,5354,1175,6529,2026-09-02T02:25:01.969Z,FALSE,"",06:55,TRUE
fare_DEL-BOM_6E_2026-09-09_T+7_1788317218638_5pwi,DEL-BOM,EaseMyTrip,6E,6E-2721,2026-09-09,T+7,5354,1175,6529,2026-09-02T02:25:01.969Z,FALSE,"",09:55,TRUE
fare_DEL-BOM_QP_2026-09-09_T+7_1788317218638_t7kn,DEL-BOM,EaseMyTrip,QP,QP-1119,2026-09-09,T+7,5355,1175,6530,2026-09-02T02:25:01.969Z,FALSE,"",08:40,TRUE
fare_DEL-BOM_QP_2026-09-09_T+7_1788317218638_mz6g,DEL-BOM,EaseMyTrip,QP,QP-1110,2026-09-09,T+7,5355,1175,6530,2026-09-02T02:25:01.969Z,FALSE,"",10:30,TRUE
fare_DEL-BOM_QP_2026-09-09_T+7_1788317218638_agnk,DEL-BOM,EaseMyTrip,QP,QP-1820,2026-09-09,T+7,5355,1175,6530,2026-09-02T02:25:01.969Z,FALSE,"",17:30,TRUE
fare_DEL-BOM_QP_2026-09-09_T+7_1788317218638_t041,DEL-BOM,EaseMyTrip,QP,QP-1833,2026-09-09,T+7,5355,1175,6530,2026-09-02T02:25:01.969Z,FALSE,"",06:50,TRUE
fare_DEL-BOM_QP_2026-09-09_T+7_1788317218638_14z2,DEL-BOM,EaseMyTrip,QP,QP-1112,2026-09-09,T+7,5355,1175,6530,2026-09-02T02:25:01.969Z,FALSE,"",09:20,TRUE
fare_DEL-BOM_QP_2026-09-09_T+7_1788317218638_pk0y,DEL-BOM,EaseMyTrip,QP,QP-1128,2026-09-09,T+7,5355,1175,6530,2026-09-02T02:25:01.969Z,FALSE,"",16:00,TRUE
fare_DEL-BOM_QP_2026-09-09_T+7_1788317218638_diys,DEL-BOM,EaseMyTrip,QP,QP-1836,2026-09-09,T+7,5355,1175,6530,2026-09-02T02:25:01.969Z,FALSE,"",12:30,TRUE
fare_DEL-BOM_6E_2026-09-09_T+7_1788317218638_2fbj,DEL-BOM,EaseMyTrip,6E,6E-322,2026-09-09,T+7,5355,1175,6530,2026-09-02T02:25:01.969Z,FALSE,"",05:00,TRUE
fare_DEL-BOM_6E_2026-09-09_T+7_1788317218638_0u6p,DEL-BOM,EaseMyTrip,6E,6E-381,2026-09-09,T+7,5355,1175,6530,2026-09-02T02:25:01.969Z,FALSE,"",05:00,TRUE
fare_DEL-BOM_6E_2026-09-09_T+7_1788317218638_4z99,DEL-BOM,EaseMyTrip,6E,6E-451,2026-09-09,T+7,5355,1175,6530,2026-09-02T02:25:01.969Z,FALSE,"",23:30,TRUE
fare_DEL-BOM_6E_2026-09-09_T+7_1788317218638_gwnq,DEL-BOM,EaseMyTrip,6E,6E-449,2026-09-09,T+7,5355,1175,6530,2026-09-02T02:25:01.969Z,FALSE,"",23:30,TRUE
fare_DEL-BOM_6E_2026-09-09_T+7_1788317218638_4wii,DEL-BOM,EaseMyTrip,6E,6E-6114,2026-09-09,T+7,5355,1175,6530,2026-09-02T02:25:01.969Z,FALSE,"",22:45,TRUE
fare_DEL-BOM_6E_2026-09-09_T+7_1788317218638_pynp,DEL-BOM,EaseMyTrip,6E,6E-818,2026-09-09,T+7,5355,1175,6530,2026-09-02T02:25:01.969Z,FALSE,"",16:15,TRUE
fare_DEL-BOM_6E_2026-09-09_T+7_1788317218638_eq2d,DEL-BOM,EaseMyTrip,6E,6E-453,2026-09-09,T+7,5355,1175,6530,2026-09-02T02:25:01.969Z,FALSE,"",16:15,TRUE
fare_DEL-BOM_6E_2026-09-09_T+7_1788317218638_dyiz,DEL-BOM,EaseMyTrip,6E,6E-405,2026-09-09,T+7,5355,1175,6530,2026-09-02T02:25:01.969Z,FALSE,"",15:30,TRUE
fare_DEL-BOM_6E_2026-09-09_T+7_1788317218638_rbgo,DEL-BOM,EaseMyTrip,6E,6E-427,2026-09-09,T+7,5355,1175,6530,2026-09-02T02:25:01.969Z,FALSE,"",15:30,TRUE
fare_DEL-BOM_6E_2026-09-09_T+7_1788317218638_pet2,DEL-BOM,EaseMyTrip,6E,6E-6022,2026-09-09,T+7,5355,1175,6530,2026-09-02T02:25:01.969Z,FALSE,"",14:00,TRUE
fare_DEL-BOM_6E_2026-09-09_T+7_1788317218638_1p69,DEL-BOM,EaseMyTrip,6E,6E-6318,2026-09-09,T+7,5355,1175,6530,2026-09-02T02:25:01.969Z,FALSE,"",14:45,TRUE
fare_DEL-BOM_6E_2026-09-09_T+7_1788317218638_kn5z,DEL-BOM,EaseMyTrip,6E,6E-112,2026-09-09,T+7,5355,1175,6530,2026-09-02T02:25:01.969Z,FALSE,"",08:45,TRUE
fare_DEL-BOM_6E_2026-09-09_T+7_1788317218638_a091,DEL-BOM,EaseMyTrip,6E,6E-592,2026-09-09,T+7,5355,1175,6530,2026-09-02T02:25:01.969Z,FALSE,"",08:45,TRUE
fare_DEL-BOM_6E_2026-09-09_T+7_1788317218638_z8eh,DEL-BOM,EaseMyTrip,6E,6E-6328,2026-09-09,T+7,5355,1175,6530,2026-09-02T02:25:01.969Z,FALSE,"",10:15,TRUE
fare_DEL-BOM_6E_2026-09-09_T+7_1788317218638_najb,DEL-BOM,EaseMyTrip,6E,6E-6047,2026-09-09,T+7,5355,1175,6530,2026-09-02T02:25:01.969Z,FALSE,"",11:00,TRUE
fare_DEL-BOM_6E_2026-09-09_T+7_1788317218638_nimz,DEL-BOM,EaseMyTrip,6E,6E-6676,2026-09-09,T+7,5355,1175,6530,2026-09-02T02:25:01.969Z,FALSE,"",12:00,TRUE
fare_DEL-BOM_6E_2026-09-09_T+7_1788317218638_d90h,DEL-BOM,EaseMyTrip,6E,6E-675,2026-09-09,T+7,5355,1175,6530,2026-09-02T02:25:01.969Z,FALSE,"",13:00,TRUE
fare_DEL-BOM_6E_2026-09-09_T+7_1788317218638_zn0u,DEL-BOM,EaseMyTrip,6E,6E-834,2026-09-09,T+7,5355,1175,6530,2026-09-02T02:25:01.969Z,FALSE,"",13:00,TRUE
fare_DEL-BOM_6E_2026-09-09_T+7_1788317218638_hmra,DEL-BOM,EaseMyTrip,6E,6E-6107,2026-09-09,T+7,5355,1175,6530,2026-09-02T02:25:01.969Z,FALSE,"",09:30,TRUE
fare_DEL-BOM_6E_2026-09-09_T+7_1788317218638_ssiv,DEL-BOM,EaseMyTrip,6E,6E-2076,2026-09-09,T+7,5381,1181,6562,2026-09-02T02:25:01.969Z,FALSE,"",07:30,FALSE
fare_DEL-BOM_QP_2026-09-09_T+7_1788317218638_mt8r,DEL-BOM,EaseMyTrip,QP,QP-1940,2026-09-09,T+7,5427,1191,6618,2026-09-02T02:25:01.969Z,FALSE,"",14:05,TRUE
fare_DEL-BOM_6E_2026-09-09_T+7_1788317218638_aktf,DEL-BOM,EaseMyTrip,6E,6E-5198,2026-09-09,T+7,5427,1191,6618,2026-09-02T02:25:01.969Z,FALSE,"",15:00,TRUE
fare_DEL-BOM_6E_2026-09-09_T+7_1788317218638_nb76,DEL-BOM,EaseMyTrip,6E,6E-5038,2026-09-09,T+7,5553,1219,6772,2026-09-02T02:25:01.969Z,FALSE,"",14:00,FALSE
fare_DEL-BOM_AI_2026-09-09_T+7_1788317218638_4jib,DEL-BOM,EaseMyTrip,AI,AI-2425,2026-09-09,T+7,5740,1260,7000,2026-09-02T02:25:01.969Z,FALSE,"",10:30,TRUE
fare_DEL-BOM_AI_2026-09-09_T+7_1788317218638_4xfp,DEL-BOM,EaseMyTrip,AI,AI-2951,2026-09-09,T+7,5740,1260,7000,2026-09-02T02:25:01.969Z,FALSE,"",13:30,TRUE
fare_DEL-BOM_AI_2026-09-09_T+7_1788317218638_tmdv,DEL-BOM,EaseMyTrip,AI,AI-2995,2026-09-09,T+7,5740,1260,7000,2026-09-02T02:25:01.969Z,FALSE,"",10:00,TRUE
fare_DEL-BOM_AI_2026-09-09_T+7_1788317218638_l4tk,DEL-BOM,EaseMyTrip,AI,AI-2933,2026-09-09,T+7,5740,1260,7000,2026-09-02T02:25:01.969Z,FALSE,"",15:30,TRUE
fare_DEL-BOM_AI_2026-09-09_T+7_1788317218638_w9xg,DEL-BOM,EaseMyTrip,AI,AI-1777,2026-09-09,T+7,5740,1260,7000,2026-09-02T02:25:01.969Z,FALSE,"",16:00,TRUE
fare_DEL-BOM_AI_2026-09-09_T+7_1788317218638_svd9,DEL-BOM,EaseMyTrip,AI,AI-2927,2026-09-09,T+7,5740,1260,7000,2026-09-02T02:25:01.969Z,FALSE,"",09:30,TRUE
fare_DEL-BOM_6E_2026-09-09_T+7_1788317218638_j5wk,DEL-BOM,EaseMyTrip,6E,6E-286,2026-09-09,T+7,5656,1242,6898,2026-09-02T02:25:01.969Z,FALSE,"",21:45,TRUE
fare_DEL-BOM_6E_2026-09-09_T+7_1788317218638_6bo6,DEL-BOM,EaseMyTrip,6E,6E-206,2026-09-09,T+7,5656,1242,6898,2026-09-02T02:25:01.969Z,FALSE,"",21:45,TRUE
fare_DEL-BOM_6E_2026-09-09_T+7_1788317218638_k3pb,DEL-BOM,EaseMyTrip,6E,6E-6218,2026-09-09,T+7,5656,1242,6898,2026-09-02T02:25:01.969Z,FALSE,"",06:05,TRUE
fare_DEL-BOM_6E_2026-09-09_T+7_1788317218638_r15k,DEL-BOM,EaseMyTrip,6E,6E-902,2026-09-09,T+7,5656,1242,6898,2026-09-02T02:25:01.969Z,FALSE,"",08:00,TRUE
fare_DEL-BOM_6E_2026-09-09_T+7_1788317218638_iyx0,DEL-BOM,EaseMyTrip,6E,6E-401,2026-09-09,T+7,5656,1242,6898,2026-09-02T02:25:01.969Z,FALSE,"",08:00,TRUE
fare_DEL-BOM_SG_2026-09-09_T+7_1788317218638_ohwt,DEL-BOM,EaseMyTrip,SG,SG-250,2026-09-09,T+7,5829,1280,7109,2026-09-02T02:25:01.969Z,FALSE,"",20:10,TRUE
fare_DEL-BOM_SG_2026-09-09_T+7_1788317218638_06x4,DEL-BOM,EaseMyTrip,SG,SG-649,2026-09-09,T+7,5829,1280,7109,2026-09-02T02:25:01.969Z,FALSE,"",20:10,TRUE
fare_DEL-BOM_SG_2026-09-09_T+7_1788317218638_utjy,DEL-BOM,EaseMyTrip,SG,SG-111,2026-09-09,T+7,5829,1280,7109,2026-09-02T02:25:01.969Z,FALSE,"",22:30,TRUE
fare_DEL-BOM_SG_2026-09-09_T+7_1788317218638_x84m,DEL-BOM,EaseMyTrip,SG,SG-944,2026-09-09,T+7,5829,1280,7109,2026-09-02T02:25:01.969Z,FALSE,"",22:30,TRUE
fare_DEL-BOM_AI_2026-09-09_T+7_1788317218638_ojc2,DEL-BOM,EaseMyTrip,AI,AI-865,2026-09-09,T+7,5870,1289,7159,2026-09-02T02:25:01.969Z,FALSE,"",08:55,TRUE
fare_DEL-BOM_AI_2026-09-09_T+7_1788317218638_s42h,DEL-BOM,EaseMyTrip,AI,AI-2963,2026-09-09,T+7,5870,1289,7159,2026-09-02T02:25:01.969Z,FALSE,"",09:00,TRUE
fare_DEL-BOM_AI_2026-09-09_T+7_1788317218638_bng3,DEL-BOM,EaseMyTrip,AI,AI-1745,2026-09-09,T+7,5870,1289,7159,2026-09-02T02:25:01.969Z,FALSE,"",05:00,TRUE
fare_DEL-BOM_AI_2026-09-09_T+7_1788317218638_1w7r,DEL-BOM,EaseMyTrip,AI,AI-2941,2026-09-09,T+7,5870,1289,7159,2026-09-02T02:25:01.969Z,FALSE,"",16:30,TRUE
fare_DEL-BOM_AI_2026-09-09_T+7_1788317218638_e3df,DEL-BOM,EaseMyTrip,AI,AI-1785,2026-09-09,T+7,5870,1289,7159,2026-09-02T02:25:01.969Z,FALSE,"",12:00,TRUE
fare_DEL-BOM_AI_2026-09-09_T+7_1788317218638_hpe6,DEL-BOM,EaseMyTrip,AI,AI-2439,2026-09-09,T+7,5870,1289,7159,2026-09-02T02:25:01.969Z,FALSE,"",23:00,TRUE
fare_DEL-BOM_6E_2026-09-09_T+7_1788317218638_dx2v,DEL-BOM,EaseMyTrip,6E,6E-2571,2026-09-09,T+7,5863,1287,7150,2026-09-02T02:25:01.969Z,FALSE,"",12:30,FALSE
fare_DEL-BOM_6E_2026-09-09_T+7_1788317218638_9vrr,DEL-BOM,EaseMyTrip,6E,6E-394,2026-09-09,T+7,5871,1289,7160,2026-09-02T02:25:01.969Z,FALSE,"",20:45,TRUE
fare_DEL-BOM_6E_2026-09-09_T+7_1788317218638_x643,DEL-BOM,EaseMyTrip,6E,6E-380,2026-09-09,T+7,5871,1289,7160,2026-09-02T02:25:01.969Z,FALSE,"",20:45,TRUE
fare_DEL-BOM_AI_2026-09-09_T+7_1788317218638_ijus,DEL-BOM,EaseMyTrip,AI,AI-441,2026-09-09,T+7,6043,1326,7369,2026-09-02T02:25:01.969Z,FALSE,"",17:00,TRUE
fare_DEL-BOM_IX_2026-09-09_T+7_1788317218638_bb5q,DEL-BOM,EaseMyTrip,IX,IX-1038,2026-09-09,T+7,6315,1386,7701,2026-09-02T02:25:01.969Z,FALSE,"",17:35,TRUE
fare_DEL-BOM_AI_2026-09-09_T+7_1788317218638_ceen,DEL-BOM,EaseMyTrip,AI,AI-2943,2026-09-09,T+7,6257,1373,7630,2026-09-02T02:25:01.969Z,FALSE,"",07:30,TRUE
fare_DEL-BOM_AI_2026-09-09_T+7_1788317218638_f0dq,DEL-BOM,EaseMyTrip,AI,AI-2433,2026-09-09,T+7,6257,1373,7630,2026-09-02T02:25:01.969Z,FALSE,"",21:30,TRUE
fare_DEL-BOM_6E_2026-09-09_T+7_1788317218638_zqj5,DEL-BOM,EaseMyTrip,6E,6E-7646,2026-09-09,T+7,6120,1343,7463,2026-09-02T02:25:01.969Z,FALSE,"",06:15,FALSE
fare_DEL-BOM_6E_2026-09-09_T+7_1788317218638_l8el,DEL-BOM,EaseMyTrip,6E,6E-484,2026-09-09,T+7,6130,1345,7475,2026-09-02T02:25:01.969Z,FALSE,"",20:00,TRUE
fare_DEL-BOM_6E_2026-09-09_T+7_1788317218638_u0v3,DEL-BOM,EaseMyTrip,6E,6E-291,2026-09-09,T+7,6130,1345,7475,2026-09-02T02:25:01.969Z,FALSE,"",20:00,TRUE
fare_DEL-BOM_6E_2026-09-09_T+7_1788317218638_81d5,DEL-BOM,EaseMyTrip,6E,6E-325,2026-09-09,T+7,6130,1345,7475,2026-09-02T02:25:01.969Z,FALSE,"",18:00,TRUE
fare_DEL-BOM_6E_2026-09-09_T+7_1788317218638_o5v9,DEL-BOM,EaseMyTrip,6E,6E-406,2026-09-09,T+7,6130,1345,7475,2026-09-02T02:25:01.969Z,FALSE,"",18:00,TRUE
fare_DEL-BOM_6E_2026-09-09_T+7_1788317218638_63sf,DEL-BOM,EaseMyTrip,6E,6E-6706,2026-09-09,T+7,6130,1345,7475,2026-09-02T02:25:01.969Z,FALSE,"",17:00,TRUE
fare_DEL-BOM_6E_2026-09-09_T+7_1788317218638_8wso,DEL-BOM,EaseMyTrip,6E,6E-6814,2026-09-09,T+7,6130,1345,7475,2026-09-02T02:25:01.969Z,FALSE,"",07:15,TRUE
fare_DEL-BOM_6E_2026-09-09_T+7_1788317218638_znub,DEL-BOM,EaseMyTrip,6E,6E-969,2026-09-09,T+7,6150,1350,7500,2026-09-02T02:25:01.969Z,FALSE,"",12:15,FALSE
fare_DEL-BOM_6E_2026-09-09_T+7_1788317218638_uw46,DEL-BOM,EaseMyTrip,6E,6E-345,2026-09-09,T+7,6150,1350,7500,2026-09-02T02:25:01.969Z,FALSE,"",12:15,FALSE
fare_DEL-BOM_6E_2026-09-09_T+7_1788317218638_mui5,DEL-BOM,EaseMyTrip,6E,6E-7642,2026-09-09,T+7,6155,1351,7506,2026-09-02T02:25:01.969Z,FALSE,"",15:45,FALSE
fare_DEL-BOM_6E_2026-09-09_T+7_1788317218638_7bcx,DEL-BOM,EaseMyTrip,6E,6E-659,2026-09-09,T+7,6172,1355,7527,2026-09-02T02:25:01.969Z,FALSE,"",20:20,TRUE
fare_DEL-BOM_6E_2026-09-09_T+7_1788317218638_ihx6,DEL-BOM,EaseMyTrip,6E,6E-609,2026-09-09,T+7,6172,1355,7527,2026-09-02T02:25:01.969Z,FALSE,"",20:20,TRUE
fare_DEL-BOM_QP_2026-09-09_T+7_1788317218638_e5zu,DEL-BOM,EaseMyTrip,QP,QP-1826,2026-09-09,T+7,6188,1358,7546,2026-09-02T02:25:01.969Z,FALSE,"",19:55,TRUE
fare_DEL-BOM_AI_2026-09-09_T+7_1788317218638_9i6l,DEL-BOM,EaseMyTrip,AI,AI-2975,2026-09-09,T+7,6515,1430,7945,2026-09-02T02:25:01.969Z,FALSE,"",06:30,TRUE
fare_DEL-BOM_AI_2026-09-09_T+7_1788317218638_g064,DEL-BOM,EaseMyTrip,AI,AI-2981,2026-09-09,T+7,6515,1430,7945,2026-09-02T02:25:01.969Z,FALSE,"",21:00,TRUE
fare_DEL-BOM_AI_2026-09-09_T+7_1788317218638_s1g3,DEL-BOM,EaseMyTrip,AI,AI-2429,2026-09-09,T+7,6515,1430,7945,2026-09-02T02:25:01.969Z,FALSE,"",07:00,TRUE
fare_DEL-BOM_AI_2026-09-09_T+7_1788317218638_tvws,DEL-BOM,EaseMyTrip,AI,AI-2957,2026-09-09,T+7,6515,1430,7945,2026-09-02T02:25:01.969Z,FALSE,"",20:30,TRUE
fare_DEL-BOM_6E_2026-09-09_T+7_1788317218638_rz19,DEL-BOM,EaseMyTrip,6E,6E-483,2026-09-09,T+7,6388,1402,7790,2026-09-02T02:25:01.969Z,FALSE,"",19:00,TRUE
fare_DEL-BOM_6E_2026-09-09_T+7_1788317218638_5t6k,DEL-BOM,EaseMyTrip,6E,6E-471,2026-09-09,T+7,6388,1402,7790,2026-09-02T02:25:01.969Z,FALSE,"",19:00,TRUE
fare_DEL-BOM_AI_2026-09-09_T+7_1788317218638_91fx,DEL-BOM,EaseMyTrip,AI,AI-2678,2026-09-09,T+7,6681,1466,8147,2026-09-02T02:25:01.969Z,FALSE,"",08:30,TRUE
fare_DEL-BOM_AI_2026-09-09_T+7_1788317218638_u2m1,DEL-BOM,EaseMyTrip,AI,AI-2985,2026-09-09,T+7,6773,1487,8260,2026-09-02T02:25:01.969Z,FALSE,"",19:30,TRUE
fare_DEL-BOM_AI_2026-09-09_T+7_1788317218638_sd6r,DEL-BOM,EaseMyTrip,AI,AI-1780,2026-09-09,T+7,6773,1487,8260,2026-09-02T02:25:01.969Z,FALSE,"",16:10,TRUE
fare_DEL-BOM_6E_2026-09-09_T+7_1788317218638_it8i,DEL-BOM,EaseMyTrip,6E,6E-555,2026-09-09,T+7,6617,1453,8070,2026-09-02T02:25:01.969Z,FALSE,"",19:30,FALSE
fare_DEL-BOM_6E_2026-09-09_T+7_1788317218638_en4i,DEL-BOM,EaseMyTrip,6E,6E-914,2026-09-09,T+7,6617,1453,8070,2026-09-02T02:25:01.969Z,FALSE,"",19:30,FALSE
fare_DEL-BOM_AI_2026-09-09_T+7_1788317218638_go4q,DEL-BOM,EaseMyTrip,AI,AI-2955,2026-09-09,T+7,6900,1515,8415,2026-09-02T02:25:01.969Z,FALSE,"",18:00,TRUE
fare_DEL-BOM_6E_2026-09-09_T+7_1788317218638_y1ga,DEL-BOM,EaseMyTrip,6E,6E-230,2026-09-09,T+7,6786,1490,8276,2026-09-02T02:25:01.969Z,FALSE,"",19:35,FALSE
fare_DEL-BOM_6E_2026-09-09_T+7_1788317218638_9tjp,DEL-BOM,EaseMyTrip,6E,6E-680,2026-09-09,T+7,6786,1490,8276,2026-09-02T02:25:01.969Z,FALSE,"",19:35,FALSE
fare_DEL-BOM_6E_2026-09-09_T+7_1788317218638_q17e,DEL-BOM,EaseMyTrip,6E,6E-6983,2026-09-09,T+7,6786,1490,8276,2026-09-02T02:25:01.969Z,FALSE,"",15:35,FALSE
fare_DEL-BOM_AI_2026-09-09_T+7_1788317218638_4tjv,DEL-BOM,EaseMyTrip,AI,AI-2805,2026-09-09,T+7,7004,1537,8541,2026-09-02T02:25:01.969Z,FALSE,"",20:00,TRUE
fare_DEL-BOM_6E_2026-09-09_T+7_1788317218638_ncwx,DEL-BOM,EaseMyTrip,6E,6E-6497,2026-09-09,T+7,7067,1551,8618,2026-09-02T02:25:01.969Z,FALSE,"",18:40,FALSE
fare_DEL-BOM_AI_2026-09-09_T+7_1788317218638_0mt7,DEL-BOM,EaseMyTrip,AI,AI-2977,2026-09-09,T+7,7501,1646,9147,2026-09-02T02:25:01.969Z,FALSE,"",19:00,TRUE
fare_DEL-BOM_6E_2026-09-09_T+7_1788317218638_5gn4,DEL-BOM,EaseMyTrip,6E,6E-6479,2026-09-09,T+7,7523,1651,9174,2026-09-02T02:25:01.969Z,FALSE,"",21:25,FALSE
fare_DEL-BOM_IX_2026-09-09_T+7_1788317218638_exem,DEL-BOM,EaseMyTrip,IX,IX-1003,2026-09-09,T+7,8142,1787,9929,2026-09-02T02:25:01.969Z,FALSE,"",19:10,FALSE
fare_DEL-BOM_AI_2026-09-09_T+7_1788317218638_f5aj,DEL-BOM,EaseMyTrip,AI,AI-2509,2026-09-09,T+7,7847,1722,9569,2026-09-02T02:25:01.969Z,FALSE,"",06:55,FALSE
fare_DEL-BOM_IX_2026-09-09_T+7_1788317218638_dei3,DEL-BOM,EaseMyTrip,IX,IX-1392,2026-09-09,T+7,8243,1809,10052,2026-09-02T02:25:01.969Z,FALSE,"",23:25,FALSE
fare_DEL-BOM_6E_2026-09-09_T+7_1788317218638_b39e,DEL-BOM,EaseMyTrip,6E,6E-5014,2026-09-09,T+7,7971,1750,9721,2026-09-02T02:25:01.969Z,FALSE,"",18:30,FALSE
fare_DEL-BOM_AI_2026-09-09_T+7_1788317218638_d849,DEL-BOM,EaseMyTrip,AI,AI-2569,2026-09-09,T+7,8430,1851,10281,2026-09-02T02:25:01.969Z,FALSE,"",20:25,FALSE
fare_DEL-BOM_AI_2026-09-09_T+7_1788317218638_14yx,DEL-BOM,EaseMyTrip,AI,AI-1710,2026-09-09,T+7,8430,1851,10281,2026-09-02T02:25:01.969Z,FALSE,"",18:35,FALSE
fare_DEL-BOM_IX_2026-09-09_T+7_1788317218638_48ze,DEL-BOM,EaseMyTrip,IX,IX-1165,2026-09-09,T+7,8587,1885,10472,2026-09-02T02:25:01.969Z,FALSE,"",05:45,FALSE
fare_DEL-BOM_AI_2026-09-09_T+7_1788317218638_tl5w,DEL-BOM,EaseMyTrip,AI,AI-1705,2026-09-09,T+7,8852,1943,10795,2026-09-02T02:25:01.969Z,FALSE,"",06:30,FALSE
fare_DEL-BOM_AI_2026-09-09_T+7_1788317218638_ws7m,DEL-BOM,EaseMyTrip,AI,AI-1719,2026-09-09,T+7,9000,1975,10975,2026-09-02T02:25:01.969Z,FALSE,"",11:55,FALSE
fare_DEL-BOM_AI_2026-09-09_T+7_1788317218638_2eqo,DEL-BOM,EaseMyTrip,AI,AI-2499,2026-09-09,T+7,9291,2040,11331,2026-09-02T02:25:01.969Z,FALSE,"",05:55,FALSE
fare_DEL-BOM_IX_2026-09-09_T+7_1788317218638_icrd,DEL-BOM,EaseMyTrip,IX,IX-1049,2026-09-09,T+7,9783,2147,11930,2026-09-02T02:25:01.969Z,FALSE,"",18:40,FALSE
fare_DEL-BOM_6E_2026-09-09_T+7_1788317218638_w4kk,DEL-BOM,EaseMyTrip,6E,6E-5073,2026-09-09,T+7,9404,2064,11468,2026-09-02T02:25:01.969Z,FALSE,"",17:05,FALSE
fare_DEL-BOM_AI_2026-09-09_T+7_1788317218638_vydd,DEL-BOM,EaseMyTrip,AI,AI-2761,2026-09-09,T+7,9587,2105,11692,2026-09-02T02:25:01.969Z,FALSE,"",16:25,FALSE
fare_DEL-BOM_AI_2026-09-09_T+7_1788317218638_pxro,DEL-BOM,EaseMyTrip,AI,AI-9757,2026-09-09,T+7,9814,2154,11968,2026-09-02T02:25:01.969Z,FALSE,"",11:50,FALSE
fare_DEL-BOM_6E_2026-09-09_T+7_1788317218638_wkyi,DEL-BOM,EaseMyTrip,6E,6E-2381,2026-09-09,T+7,9684,2126,11810,2026-09-02T02:25:01.969Z,FALSE,"",13:45,FALSE
fare_DEL-BOM_6E_2026-09-09_T+7_1788317218638_kvnk,DEL-BOM,EaseMyTrip,6E,6E-886,2026-09-09,T+7,10508,2307,12815,2026-09-02T02:25:01.969Z,FALSE,"",08:30,FALSE
fare_DEL-BOM_6E_2026-09-09_T+7_1788317218638_hsg1,DEL-BOM,EaseMyTrip,6E,6E-205,2026-09-09,T+7,10508,2307,12815,2026-09-02T02:25:01.969Z,FALSE,"",08:30,FALSE
fare_DEL-BOM_AI_2026-09-09_T+7_1788317218638_e7lm,DEL-BOM,EaseMyTrip,AI,AI-9674,2026-09-09,T+7,10727,2355,13082,2026-09-02T02:25:01.969Z,FALSE,"",16:40,FALSE
fare_DEL-BOM_AI_2026-09-09_T+7_1788317218638_1d50,DEL-BOM,EaseMyTrip,AI,AI-2909,2026-09-09,T+7,11186,2455,13641,2026-09-02T02:25:01.969Z,FALSE,"",22:30,FALSE
fare_DEL-BOM_AI_2026-09-09_T+7_1788317218638_fzqr,DEL-BOM,EaseMyTrip,AI,AI-2545,2026-09-09,T+7,11186,2455,13641,2026-09-02T02:25:01.969Z,FALSE,"",20:30,FALSE
fare_DEL-BOM_AI_2026-09-09_T+7_1788317218638_wj1f,DEL-BOM,EaseMyTrip,AI,AI-881,2026-09-09,T+7,11273,2475,13748,2026-09-02T02:25:01.969Z,FALSE,"",13:35,FALSE
fare_DEL-BOM_IX_2026-09-09_T+7_1788317218638_ryo3,DEL-BOM,EaseMyTrip,IX,IX-1108,2026-09-09,T+7,12667,2781,15448,2026-09-02T02:25:01.969Z,FALSE,"",05:00,FALSE
fare_DEL-BOM_AI_2026-09-09_T+7_1788317218638_to8s,DEL-BOM,EaseMyTrip,AI,AI-809,2026-09-09,T+7,12436,2730,15166,2026-09-02T02:25:01.969Z,FALSE,"",17:40,FALSE
fare_DEL-BOM_QP_2026-09-09_T+7_1788317218638_3cyq,DEL-BOM,EaseMyTrip,QP,QP-1822,2026-09-09,T+7,12583,2762,15345,2026-09-02T02:25:01.969Z,FALSE,"",16:40,FALSE
fare_DEL-BOM_6E_2026-09-09_T+7_1788317218638_k51d,DEL-BOM,EaseMyTrip,6E,6E-2341,2026-09-09,T+7,12673,2782,15455,2026-09-02T02:25:01.969Z,FALSE,"",14:50,FALSE
fare_DEL-BOM_QP_2026-09-09_T+7_1788317218638_rjxt,DEL-BOM,EaseMyTrip,QP,QP-1817,2026-09-09,T+7,12677,2783,15460,2026-09-02T02:25:01.969Z,FALSE,"",10:30,FALSE
fare_DEL-BOM_AI_2026-09-09_T+7_1788317218638_mpc0,DEL-BOM,EaseMyTrip,AI,AI-1743,2026-09-09,T+7,13065,2868,15933,2026-09-02T02:25:01.969Z,TRUE,"High outlier: ₹15933 > upper fence ₹15908 (Q3: ₹10281, IQR: ₹3751)",06:20,FALSE
fare_DEL-BOM_AI_2026-09-09_T+7_1788317218638_d63p,DEL-BOM,EaseMyTrip,AI,AI-2601,2026-09-09,T+7,13065,2868,15933,2026-09-02T02:25:01.969Z,TRUE,"High outlier: ₹15933 > upper fence ₹15908 (Q3: ₹10281, IQR: ₹3751)",17:00,FALSE
fare_DEL-BOM_AI_2026-09-09_T+7_1788317218638_4anj,DEL-BOM,EaseMyTrip,AI,AI-2706,2026-09-09,T+7,13065,2868,15933,2026-09-02T02:25:01.969Z,TRUE,"High outlier: ₹15933 > upper fence ₹15908 (Q3: ₹10281, IQR: ₹3751)",14:10,FALSE
fare_DEL-BOM_AI_2026-09-09_T+7_1788317218638_l15k,DEL-BOM,EaseMyTrip,AI,AI-2532,2026-09-09,T+7,13065,2868,15933,2026-09-02T02:25:01.969Z,TRUE,"High outlier: ₹15933 > upper fence ₹15908 (Q3: ₹10281, IQR: ₹3751)",11:20,FALSE
fare_DEL-BOM_QP_2026-09-09_T+7_1788317218638_fqth,DEL-BOM,EaseMyTrip,QP,QP-1813,2026-09-09,T+7,12996,2853,15849,2026-09-02T02:25:01.969Z,FALSE,"",08:20,FALSE
fare_DEL-BOM_AI_2026-09-09_T+7_1788317218638_1omp,DEL-BOM,EaseMyTrip,AI,AI-2907,2026-09-09,T+7,13927,3057,16984,2026-09-02T02:25:01.969Z,TRUE,"High outlier: ₹16984 > upper fence ₹15908 (Q3: ₹10281, IQR: ₹3751)",11:55,FALSE
fare_DEL-BOM_AI_2026-09-09_T+7_1788317218638_ua6g,DEL-BOM,EaseMyTrip,AI,AI-1757,2026-09-09,T+7,13927,3057,16984,2026-09-02T02:25:01.969Z,TRUE,"High outlier: ₹16984 > upper fence ₹15908 (Q3: ₹10281, IQR: ₹3751)",15:40,FALSE
fare_DEL-BOM_IX_2026-09-09_T+7_1788317218638_ftuo,DEL-BOM,EaseMyTrip,IX,IX-1068,2026-09-09,T+7,14342,3148,17490,2026-09-02T02:25:01.969Z,TRUE,"High outlier: ₹17490 > upper fence ₹15908 (Q3: ₹10281, IQR: ₹3751)",11:55,FALSE
fare_DEL-BOM_6E_2026-09-09_T+7_1788317218638_gijr,DEL-BOM,EaseMyTrip,6E,6E-2496,2026-09-09,T+7,14154,3107,17261,2026-09-02T02:25:01.969Z,TRUE,"High outlier: ₹17261 > upper fence ₹15908 (Q3: ₹10281, IQR: ₹3751)",12:40,FALSE
fare_DEL-BOM_AI_2026-09-09_T+7_1788317218638_8crm,DEL-BOM,EaseMyTrip,AI,AI-491,2026-09-09,T+7,14497,3182,17679,2026-09-02T02:25:01.969Z,TRUE,"High outlier: ₹17679 > upper fence ₹15908 (Q3: ₹10281, IQR: ₹3751)",11:15,FALSE
fare_DEL-BOM_AI_2026-09-09_T+7_1788317218638_0apy,DEL-BOM,EaseMyTrip,AI,AI-1773,2026-09-09,T+7,14497,3182,17679,2026-09-02T02:25:01.969Z,TRUE,"High outlier: ₹17679 > upper fence ₹15908 (Q3: ₹10281, IQR: ₹3751)",10:30,FALSE
fare_DEL-BOM_AI_2026-09-09_T+7_1788317218638_3wnd,DEL-BOM,EaseMyTrip,AI,AI-2577,2026-09-09,T+7,14577,3200,17777,2026-09-02T02:25:01.969Z,TRUE,"High outlier: ₹17777 > upper fence ₹15908 (Q3: ₹10281, IQR: ₹3751)",02:00,FALSE
fare_DEL-BOM_AI_2026-09-09_T+7_1788317218638_weuv,DEL-BOM,EaseMyTrip,AI,AI-2465,2026-09-09,T+7,14880,3266,18146,2026-09-02T02:25:01.969Z,TRUE,"High outlier: ₹18146 > upper fence ₹15908 (Q3: ₹10281, IQR: ₹3751)",14:30,FALSE
fare_DEL-BOM_AI_2026-09-09_T+7_1788317218638_qkwc,DEL-BOM,EaseMyTrip,AI,AI-427,2026-09-09,T+7,16494,3621,20115,2026-09-02T02:25:01.969Z,TRUE,"High outlier: ₹20115 > upper fence ₹15908 (Q3: ₹10281, IQR: ₹3751)",08:30,FALSE
fare_DEL-BOM_AI_2026-09-09_T+7_1788317218638_is1o,DEL-BOM,EaseMyTrip,AI,AI-1779,2026-09-09,T+7,16661,3657,20318,2026-09-02T02:25:01.969Z,TRUE,"High outlier: ₹20318 > upper fence ₹15908 (Q3: ₹10281, IQR: ₹3751)",13:50,FALSE
fare_DEL-BOM_AI_2026-09-09_T+7_1788317218638_mdut,DEL-BOM,EaseMyTrip,AI,AI-1739,2026-09-09,T+7,17263,3790,21053,2026-09-02T02:25:01.969Z,TRUE,"High outlier: ₹21053 > upper fence ₹15908 (Q3: ₹10281, IQR: ₹3751)",11:30,FALSE
fare_DEL-BOM_6E_2026-09-09_T+7_1788317218638_hggc,DEL-BOM,EaseMyTrip,6E,6E-2013,2026-09-09,T+7,17209,3777,20986,2026-09-02T02:25:01.969Z,TRUE,"High outlier: ₹20986 > upper fence ₹15908 (Q3: ₹10281, IQR: ₹3751)",21:50,FALSE
fare_DEL-BOM_AI_2026-09-09_T+7_1788317218638_yz60,DEL-BOM,EaseMyTrip,AI,AI-9584,2026-09-09,T+7,18376,4034,22410,2026-09-02T02:25:01.969Z,TRUE,"High outlier: ₹22410 > upper fence ₹15908 (Q3: ₹10281, IQR: ₹3751)",11:15,FALSE
fare_DEL-BOM_AI_2026-09-09_T+7_1788317218638_qvzm,DEL-BOM,EaseMyTrip,AI,AI-2627,2026-09-09,T+7,34897,7660,42557,2026-09-02T02:25:01.969Z,TRUE,"High outlier: ₹42557 > upper fence ₹15908 (Q3: ₹10281, IQR: ₹3751)",10:45,FALSE
fare_DEL-BOM_AI_2026-09-09_T+7_1788317218638_id2o,DEL-BOM,EaseMyTrip,AI,AI-2525,2026-09-09,T+7,37009,8124,45133,2026-09-02T02:25:01.969Z,TRUE,"High outlier: ₹45133 > upper fence ₹15908 (Q3: ₹10281, IQR: ₹3751)",06:00,FALSE