id,route_id,source,carrier,flight_number,flight_date,booking_window,base_fare,taxes,total_fare,scraped_at,is_outlier,outlier_reason,departure_time,is_nonstop
fare_BLR-BOM_6E_2026-08-23_T+1_1787410677117_qnyd,BLR-BOM,EaseMyTrip,6E,6E-6269,2026-08-23,T+1,6398,1404,7802,2026-08-22T09:04:59.594Z,FALSE,"",07:15,FALSE
fare_BLR-BOM_6E_2026-08-23_T+1_1787410677117_4kxb,BLR-BOM,EaseMyTrip,6E,6E-902,2026-08-23,T+1,6866,1507,8373,2026-08-22T09:04:59.594Z,FALSE,"",10:50,FALSE
fare_BLR-BOM_6E_2026-08-23_T+1_1787410677117_xnfn,BLR-BOM,EaseMyTrip,6E,6E-100,2026-08-23,T+1,6866,1507,8373,2026-08-22T09:04:59.594Z,FALSE,"",10:50,FALSE
fare_BLR-BOM_6E_2026-08-23_T+1_1787410677117_81k9,BLR-BOM,EaseMyTrip,6E,6E-6653,2026-08-23,T+1,7031,1543,8574,2026-08-22T09:04:59.594Z,FALSE,"",12:35,FALSE
fare_BLR-BOM_IX_2026-08-23_T+1_1787410677117_xioi,BLR-BOM,EaseMyTrip,IX,IX-2931,2026-08-23,T+1,7779,1708,9487,2026-08-22T09:04:59.594Z,FALSE,"",10:45,FALSE
fare_BLR-BOM_IX_2026-08-23_T+1_1787410677117_nlp4,BLR-BOM,EaseMyTrip,IX,IX-2881,2026-08-23,T+1,7779,1708,9487,2026-08-22T09:04:59.594Z,FALSE,"",05:50,FALSE
fare_BLR-BOM_6E_2026-08-23_T+1_1787410677117_thug,BLR-BOM,EaseMyTrip,6E,6E-803,2026-08-23,T+1,7947,1744,9691,2026-08-22T09:04:59.594Z,FALSE,"",07:05,FALSE
fare_BLR-BOM_6E_2026-08-23_T+1_1787410677117_udk1,BLR-BOM,EaseMyTrip,6E,6E-396,2026-08-23,T+1,7947,1744,9691,2026-08-22T09:04:59.594Z,FALSE,"",07:05,FALSE
fare_BLR-BOM_6E_2026-08-23_T+1_1787410677117_bhc2,BLR-BOM,EaseMyTrip,6E,6E-6208,2026-08-23,T+1,7947,1744,9691,2026-08-22T09:04:59.594Z,FALSE,"",12:45,FALSE
fare_BLR-BOM_6E_2026-08-23_T+1_1787410677117_kah3,BLR-BOM,EaseMyTrip,6E,6E-7005,2026-08-23,T+1,8569,1881,10450,2026-08-22T09:04:59.594Z,FALSE,"",08:05,FALSE
fare_BLR-BOM_6E_2026-08-23_T+1_1787410677117_jjdn,BLR-BOM,EaseMyTrip,6E,6E-6423,2026-08-23,T+1,8569,1881,10450,2026-08-22T09:04:59.594Z,FALSE,"",20:00,FALSE
fare_BLR-BOM_QP_2026-08-23_T+1_1787410677117_popy,BLR-BOM,EaseMyTrip,QP,QP-1381,2026-08-23,T+1,9218,2023,11241,2026-08-22T09:04:59.594Z,FALSE,"",04:50,TRUE
fare_BLR-BOM_6E_2026-08-23_T+1_1787410677117_kcgq,BLR-BOM,EaseMyTrip,6E,6E-6554,2026-08-23,T+1,9640,2116,11756,2026-08-22T09:04:59.594Z,FALSE,"",19:15,FALSE
fare_BLR-BOM_QP_2026-08-23_T+1_1787410677117_xzm0,BLR-BOM,EaseMyTrip,QP,QP-1134,2026-08-23,T+1,9997,2195,12192,2026-08-22T09:04:59.594Z,FALSE,"",22:55,TRUE
fare_BLR-BOM_6E_2026-08-23_T+1_1787410677117_ej0f,BLR-BOM,EaseMyTrip,6E,6E-6017,2026-08-23,T+1,10005,2196,12201,2026-08-22T09:04:59.594Z,FALSE,"",18:15,FALSE
fare_BLR-BOM_6E_2026-08-23_T+1_1787410677117_d6rb,BLR-BOM,EaseMyTrip,6E,6E-962,2026-08-23,T+1,10112,2220,12332,2026-08-22T09:04:59.594Z,FALSE,"",17:55,FALSE
fare_BLR-BOM_6E_2026-08-23_T+1_1787410677117_t7tf,BLR-BOM,EaseMyTrip,6E,6E-308,2026-08-23,T+1,10112,2220,12332,2026-08-22T09:04:59.594Z,FALSE,"",17:55,FALSE
fare_BLR-BOM_6E_2026-08-23_T+1_1787410677117_8s50,BLR-BOM,EaseMyTrip,6E,6E-2086,2026-08-23,T+1,10175,2234,12409,2026-08-22T09:04:59.594Z,FALSE,"",09:20,TRUE
fare_BLR-BOM_6E_2026-08-23_T+1_1787410677117_l8i4,BLR-BOM,EaseMyTrip,6E,6E-6168,2026-08-23,T+1,10617,2330,12947,2026-08-22T09:04:59.594Z,FALSE,"",17:40,FALSE
fare_BLR-BOM_6E_2026-08-23_T+1_1787410677117_zj8e,BLR-BOM,EaseMyTrip,6E,6E-6507,2026-08-23,T+1,10831,2378,13209,2026-08-22T09:04:59.594Z,FALSE,"",13:15,FALSE
fare_BLR-BOM_6E_2026-08-23_T+1_1787410677117_ukbv,BLR-BOM,EaseMyTrip,6E,6E-603,2026-08-23,T+1,10831,2378,13209,2026-08-22T09:04:59.594Z,FALSE,"",18:00,FALSE
fare_BLR-BOM_6E_2026-08-23_T+1_1787410677117_fqqh,BLR-BOM,EaseMyTrip,6E,6E-576,2026-08-23,T+1,10831,2378,13209,2026-08-22T09:04:59.594Z,FALSE,"",18:00,FALSE
fare_BLR-BOM_6E_2026-08-23_T+1_1787410677117_ieun,BLR-BOM,EaseMyTrip,6E,6E-593,2026-08-23,T+1,10831,2378,13209,2026-08-22T09:04:59.594Z,FALSE,"",18:00,FALSE
fare_BLR-BOM_6E_2026-08-23_T+1_1787410677117_vzoz,BLR-BOM,EaseMyTrip,6E,6E-674,2026-08-23,T+1,10831,2378,13209,2026-08-22T09:04:59.594Z,FALSE,"",18:00,FALSE
fare_BLR-BOM_6E_2026-08-23_T+1_1787410677117_efxt,BLR-BOM,EaseMyTrip,6E,6E-771,2026-08-23,T+1,10831,2378,13209,2026-08-22T09:04:59.594Z,FALSE,"",11:55,FALSE
fare_BLR-BOM_6E_2026-08-23_T+1_1787410677117_l6mh,BLR-BOM,EaseMyTrip,6E,6E-683,2026-08-23,T+1,10831,2378,13209,2026-08-22T09:04:59.594Z,FALSE,"",11:55,FALSE
fare_BLR-BOM_QP_2026-08-23_T+1_1787410677117_fv2b,BLR-BOM,EaseMyTrip,QP,QP-1528,2026-08-23,T+1,10849,2382,13231,2026-08-22T09:04:59.594Z,FALSE,"",10:20,TRUE
fare_BLR-BOM_6E_2026-08-23_T+1_1787410677117_gtjv,BLR-BOM,EaseMyTrip,6E,6E-6753,2026-08-23,T+1,11020,2419,13439,2026-08-22T09:04:59.594Z,FALSE,"",15:15,FALSE
fare_BLR-BOM_6E_2026-08-23_T+1_1787410677117_bw2u,BLR-BOM,EaseMyTrip,6E,6E-875,2026-08-23,T+1,11739,2577,14316,2026-08-22T09:04:59.594Z,FALSE,"",17:15,FALSE
fare_BLR-BOM_6E_2026-08-23_T+1_1787410677117_n8bh,BLR-BOM,EaseMyTrip,6E,6E-757,2026-08-23,T+1,11739,2577,14316,2026-08-22T09:04:59.594Z,FALSE,"",17:15,FALSE
fare_BLR-BOM_AI_2026-08-23_T+1_1787410677117_oi9d,BLR-BOM,EaseMyTrip,AI,AI-2642,2026-08-23,T+1,12224,2683,14907,2026-08-22T09:04:59.594Z,FALSE,"",21:30,TRUE
fare_BLR-BOM_6E_2026-08-23_T+1_1787410677117_cggg,BLR-BOM,EaseMyTrip,6E,6E-5069,2026-08-23,T+1,12080,2652,14732,2026-08-22T09:04:59.594Z,FALSE,"",11:30,TRUE
fare_BLR-BOM_6E_2026-08-23_T+1_1787410677117_s0g5,BLR-BOM,EaseMyTrip,6E,6E-5237,2026-08-23,T+1,12080,2652,14732,2026-08-22T09:04:59.594Z,FALSE,"",10:15,TRUE
fare_BLR-BOM_AI_2026-08-23_T+1_1787410677117_7ddq,BLR-BOM,EaseMyTrip,AI,AI-2850,2026-08-23,T+1,12661,2779,15440,2026-08-22T09:04:59.594Z,FALSE,"",20:30,TRUE
fare_BLR-BOM_IX_2026-08-23_T+1_1787410677117_0tlk,BLR-BOM,EaseMyTrip,IX,IX-1581,2026-08-23,T+1,12940,2841,15781,2026-08-22T09:04:59.594Z,FALSE,"",18:25,TRUE
fare_BLR-BOM_6E_2026-08-23_T+1_1787410677117_ny6q,BLR-BOM,EaseMyTrip,6E,6E-7445,2026-08-23,T+1,12755,2800,15555,2026-08-22T09:04:59.594Z,FALSE,"",15:20,FALSE
fare_BLR-BOM_AI_2026-08-23_T+1_1787410677117_20t3,BLR-BOM,EaseMyTrip,AI,AI-9762,2026-08-23,T+1,13095,2874,15969,2026-08-22T09:04:59.594Z,FALSE,"",07:05,FALSE
fare_BLR-BOM_6E_2026-08-23_T+1_1787410677117_jd3c,BLR-BOM,EaseMyTrip,6E,6E-5094,2026-08-23,T+1,12941,2841,15782,2026-08-22T09:04:59.594Z,FALSE,"",22:20,TRUE
fare_BLR-BOM_AI_2026-08-23_T+1_1787410677117_yzzo,BLR-BOM,EaseMyTrip,AI,AI-9840,2026-08-23,T+1,13253,2909,16162,2026-08-22T09:04:59.594Z,FALSE,"",07:10,FALSE
fare_BLR-BOM_QP_2026-08-23_T+1_1787410677117_ghnc,BLR-BOM,EaseMyTrip,QP,QP-1517,2026-08-23,T+1,13344,2929,16273,2026-08-22T09:04:59.594Z,FALSE,"",07:40,TRUE
fare_BLR-BOM_AI_2026-08-23_T+1_1787410677117_erob,BLR-BOM,EaseMyTrip,AI,AI-9478,2026-08-23,T+1,13615,2989,16604,2026-08-22T09:04:59.594Z,FALSE,"",22:10,FALSE
fare_BLR-BOM_IX_2026-08-23_T+1_1787410677117_uptw,BLR-BOM,EaseMyTrip,IX,IX-2116,2026-08-23,T+1,13700,3007,16707,2026-08-22T09:04:59.594Z,FALSE,"",21:00,FALSE
fare_BLR-BOM_AI_2026-08-23_T+1_1787410677117_dyzq,BLR-BOM,EaseMyTrip,AI,AI-9566,2026-08-23,T+1,14067,3088,17155,2026-08-22T09:04:59.594Z,FALSE,"",19:15,FALSE
fare_BLR-BOM_QP_2026-08-23_T+1_1787410677117_gyte,BLR-BOM,EaseMyTrip,QP,QP-1515,2026-08-23,T+1,13915,3054,16969,2026-08-22T09:04:59.594Z,FALSE,"",06:20,TRUE
fare_BLR-BOM_6E_2026-08-23_T+1_1787410677117_xu9a,BLR-BOM,EaseMyTrip,6E,6E-5351,2026-08-23,T+1,13974,3068,17042,2026-08-22T09:04:59.594Z,FALSE,"",14:20,TRUE
fare_BLR-BOM_6E_2026-08-23_T+1_1787410677117_7iv0,BLR-BOM,EaseMyTrip,6E,6E-5218,2026-08-23,T+1,13974,3068,17042,2026-08-22T09:04:59.594Z,FALSE,"",13:00,TRUE
fare_BLR-BOM_AI_2026-08-23_T+1_1787410677117_mfwk,BLR-BOM,EaseMyTrip,AI,AI-2402,2026-08-23,T+1,14243,3126,17369,2026-08-22T09:04:59.594Z,FALSE,"",06:35,TRUE
fare_BLR-BOM_6E_2026-08-23_T+1_1787410677117_57ld,BLR-BOM,EaseMyTrip,6E,6E-6863,2026-08-23,T+1,14128,3101,17229,2026-08-22T09:04:59.594Z,FALSE,"",08:20,FALSE
fare_BLR-BOM_AI_2026-08-23_T+1_1787410677117_qv3w,BLR-BOM,EaseMyTrip,AI,AI-2501,2026-08-23,T+1,14667,3220,17887,2026-08-22T09:04:59.594Z,FALSE,"",23:30,FALSE
fare_BLR-BOM_AI_2026-08-23_T+1_1787410677117_g2ar,BLR-BOM,EaseMyTrip,AI,AI-2488,2026-08-23,T+1,14667,3220,17887,2026-08-22T09:04:59.594Z,FALSE,"",22:30,FALSE
fare_BLR-BOM_AI_2026-08-23_T+1_1787410677117_3mfs,BLR-BOM,EaseMyTrip,AI,AI-2421,2026-08-23,T+1,14667,3220,17887,2026-08-22T09:04:59.594Z,FALSE,"",21:40,FALSE
fare_BLR-BOM_AI_2026-08-23_T+1_1787410677117_idix,BLR-BOM,EaseMyTrip,AI,AI-2846,2026-08-23,T+1,14761,3240,18001,2026-08-22T09:04:59.594Z,FALSE,"",08:05,TRUE
fare_BLR-BOM_AI_2026-08-23_T+1_1787410677117_g9we,BLR-BOM,EaseMyTrip,AI,AI-2854,2026-08-23,T+1,15020,3297,18317,2026-08-22T09:04:59.594Z,FALSE,"",16:40,TRUE
fare_BLR-BOM_6E_2026-08-23_T+1_1787410677117_bxau,BLR-BOM,EaseMyTrip,6E,6E-282,2026-08-23,T+1,15052,3304,18356,2026-08-22T09:04:59.594Z,FALSE,"",10:50,FALSE
fare_BLR-BOM_6E_2026-08-23_T+1_1787410677117_ns0h,BLR-BOM,EaseMyTrip,6E,6E-541,2026-08-23,T+1,15052,3304,18356,2026-08-22T09:04:59.594Z,FALSE,"",10:50,FALSE
fare_BLR-BOM_6E_2026-08-23_T+1_1787410677117_j32f,BLR-BOM,EaseMyTrip,6E,6E-5255,2026-08-23,T+1,15180,3332,18512,2026-08-22T09:04:59.594Z,FALSE,"",17:25,TRUE
fare_BLR-BOM_6E_2026-08-23_T+1_1787410677117_vr3n,BLR-BOM,EaseMyTrip,6E,6E-5376,2026-08-23,T+1,15180,3332,18512,2026-08-22T09:04:59.594Z,FALSE,"",20:15,TRUE
fare_BLR-BOM_AI_2026-08-23_T+1_1787410677117_9k1x,BLR-BOM,EaseMyTrip,AI,AI-9426,2026-08-23,T+1,15760,3459,19219,2026-08-22T09:04:59.594Z,FALSE,"",12:30,FALSE
fare_BLR-BOM_6E_2026-08-23_T+1_1787410677117_m53z,BLR-BOM,EaseMyTrip,6E,6E-6030,2026-08-23,T+1,15702,3447,19149,2026-08-22T09:04:59.594Z,FALSE,"",15:00,TRUE
fare_BLR-BOM_IX_2026-08-23_T+1_1787410677117_crk4,BLR-BOM,EaseMyTrip,IX,IX-2678,2026-08-23,T+1,16080,3530,19610,2026-08-22T09:04:59.594Z,FALSE,"",05:30,FALSE
fare_BLR-BOM_6E_2026-08-23_T+1_1787410677117_tmde,BLR-BOM,EaseMyTrip,6E,6E-6891,2026-08-23,T+1,15936,3498,19434,2026-08-22T09:04:59.594Z,FALSE,"",17:15,FALSE
fare_BLR-BOM_AI_2026-08-23_T+1_1787410677117_2tyn,BLR-BOM,EaseMyTrip,AI,AI-2604,2026-08-23,T+1,16211,3558,19769,2026-08-22T09:04:59.594Z,FALSE,"",09:15,TRUE
fare_BLR-BOM_AI_2026-08-23_T+1_1787410677117_n4f0,BLR-BOM,EaseMyTrip,AI,AI-2498,2026-08-23,T+1,16211,3558,19769,2026-08-22T09:04:59.594Z,FALSE,"",00:45,TRUE
fare_BLR-BOM_AI_2026-08-23_T+1_1787410677117_umqq,BLR-BOM,EaseMyTrip,AI,AI-2852,2026-08-23,T+1,16211,3558,19769,2026-08-22T09:04:59.594Z,FALSE,"",10:30,TRUE
fare_BLR-BOM_AI_2026-08-23_T+1_1787410677117_2vjk,BLR-BOM,EaseMyTrip,AI,AI-2610,2026-08-23,T+1,16211,3558,19769,2026-08-22T09:04:59.594Z,FALSE,"",19:00,TRUE
fare_BLR-BOM_AI_2026-08-23_T+1_1787410677117_4kde,BLR-BOM,EaseMyTrip,AI,AI-2811,2026-08-23,T+1,16211,3558,19769,2026-08-22T09:04:59.594Z,FALSE,"",23:40,TRUE
fare_BLR-BOM_6E_2026-08-23_T+1_1787410677117_4864,BLR-BOM,EaseMyTrip,6E,6E-6178,2026-08-23,T+1,16198,3556,19754,2026-08-22T09:04:59.594Z,FALSE,"",06:25,FALSE
fare_BLR-BOM_6E_2026-08-23_T+1_1787410677117_a5lx,BLR-BOM,EaseMyTrip,6E,6E-6702,2026-08-23,T+1,16370,3593,19963,2026-08-22T09:04:59.594Z,FALSE,"",05:20,FALSE
fare_BLR-BOM_6E_2026-08-23_T+1_1787410677117_z1tf,BLR-BOM,EaseMyTrip,6E,6E-6077,2026-08-23,T+1,16370,3594,19964,2026-08-22T09:04:59.594Z,FALSE,"",20:20,FALSE
fare_BLR-BOM_6E_2026-08-23_T+1_1787410677117_obmn,BLR-BOM,EaseMyTrip,6E,6E-549,2026-08-23,T+1,16370,3594,19964,2026-08-22T09:04:59.594Z,FALSE,"",05:10,FALSE
fare_BLR-BOM_6E_2026-08-23_T+1_1787410677117_lfog,BLR-BOM,EaseMyTrip,6E,6E-209,2026-08-23,T+1,16370,3594,19964,2026-08-22T09:04:59.594Z,FALSE,"",05:10,FALSE
fare_BLR-BOM_AI_2026-08-23_T+1_1787410677117_d52c,BLR-BOM,EaseMyTrip,AI,AI-9574,2026-08-23,T+1,16696,3665,20361,2026-08-22T09:04:59.594Z,FALSE,"",08:55,FALSE
fare_BLR-BOM_6E_2026-08-23_T+1_1787410677117_e7hy,BLR-BOM,EaseMyTrip,6E,6E-6283,2026-08-23,T+1,16727,3672,20399,2026-08-22T09:04:59.594Z,FALSE,"",19:05,TRUE
fare_BLR-BOM_6E_2026-08-23_T+1_1787410677117_476l,BLR-BOM,EaseMyTrip,6E,6E-5031,2026-08-23,T+1,16727,3672,20399,2026-08-22T09:04:59.594Z,FALSE,"",16:00,TRUE
fare_BLR-BOM_6E_2026-08-23_T+1_1787410677117_g74y,BLR-BOM,EaseMyTrip,6E,6E-6162,2026-08-23,T+1,17283,3794,21077,2026-08-22T09:04:59.594Z,FALSE,"",18:50,FALSE
fare_BLR-BOM_AI_2026-08-23_T+1_1787410677117_zdd4,BLR-BOM,EaseMyTrip,AI,AI-2756,2026-08-23,T+1,17544,3851,21395,2026-08-22T09:04:59.594Z,FALSE,"",02:15,FALSE
fare_BLR-BOM_AI_2026-08-23_T+1_1787410677117_xp7o,BLR-BOM,EaseMyTrip,AI,AI-9455,2026-08-23,T+1,17650,3874,21524,2026-08-22T09:04:59.594Z,FALSE,"",08:40,FALSE
fare_BLR-BOM_6E_2026-08-23_T+1_1787410677117_5m4c,BLR-BOM,EaseMyTrip,6E,6E-727,2026-08-23,T+1,17657,3876,21533,2026-08-22T09:04:59.594Z,FALSE,"",17:00,FALSE
fare_BLR-BOM_6E_2026-08-23_T+1_1787410677117_19a7,BLR-BOM,EaseMyTrip,6E,6E-554,2026-08-23,T+1,17657,3876,21533,2026-08-22T09:04:59.594Z,FALSE,"",17:00,FALSE
fare_BLR-BOM_IX_2026-08-23_T+1_1787410677117_9sw3,BLR-BOM,EaseMyTrip,IX,IX-1893,2026-08-23,T+1,18943,4158,23101,2026-08-22T09:04:59.594Z,FALSE,"",08:40,FALSE
fare_BLR-BOM_AI_2026-08-23_T+1_1787410677117_t08w,BLR-BOM,EaseMyTrip,AI,AI-9457,2026-08-23,T+1,19123,4198,23321,2026-08-22T09:04:59.594Z,FALSE,"",16:45,FALSE
fare_BLR-BOM_AI_2026-08-23_T+1_1787410677117_sfg0,BLR-BOM,EaseMyTrip,AI,AI-2810,2026-08-23,T+1,19142,4202,23344,2026-08-22T09:04:59.594Z,FALSE,"",06:00,FALSE
fare_BLR-BOM_AI_2026-08-23_T+1_1787410677117_htej,BLR-BOM,EaseMyTrip,AI,AI-2654,2026-08-23,T+1,19142,4202,23344,2026-08-22T09:04:59.594Z,FALSE,"",07:00,FALSE
fare_BLR-BOM_AI_2026-08-23_T+1_1787410677117_dyp9,BLR-BOM,EaseMyTrip,AI,AI-2414,2026-08-23,T+1,19142,4202,23344,2026-08-22T09:04:59.594Z,FALSE,"",05:30,FALSE
fare_BLR-BOM_IX_2026-08-23_T+1_1787410677117_4joq,BLR-BOM,EaseMyTrip,IX,IX-2608,2026-08-23,T+1,19240,4223,23463,2026-08-22T09:04:59.594Z,FALSE,"",16:45,FALSE
fare_BLR-BOM_6E_2026-08-23_T+1_1787410677117_8vrb,BLR-BOM,EaseMyTrip,6E,6E-191,2026-08-23,T+1,19260,4228,23488,2026-08-22T09:04:59.594Z,FALSE,"",10:15,FALSE
fare_BLR-BOM_6E_2026-08-23_T+1_1787410677117_25jw,BLR-BOM,EaseMyTrip,6E,6E-371,2026-08-23,T+1,19260,4228,23488,2026-08-22T09:04:59.594Z,FALSE,"",09:15,FALSE
fare_BLR-BOM_6E_2026-08-23_T+1_1787410677117_jd4d,BLR-BOM,EaseMyTrip,6E,6E-764,2026-08-23,T+1,19260,4228,23488,2026-08-22T09:04:59.594Z,FALSE,"",09:15,FALSE
fare_BLR-BOM_6E_2026-08-23_T+1_1787410677117_qnso,BLR-BOM,EaseMyTrip,6E,6E-505,2026-08-23,T+1,19260,4228,23488,2026-08-22T09:04:59.594Z,FALSE,"",10:15,FALSE
fare_BLR-BOM_6E_2026-08-23_T+1_1787410677117_xz8z,BLR-BOM,EaseMyTrip,6E,6E-871,2026-08-23,T+1,19260,4228,23488,2026-08-22T09:04:59.594Z,FALSE,"",10:15,FALSE
fare_BLR-BOM_6E_2026-08-23_T+1_1787410677117_gxr9,BLR-BOM,EaseMyTrip,6E,6E-134,2026-08-23,T+1,19260,4228,23488,2026-08-22T09:04:59.594Z,FALSE,"",09:15,FALSE
fare_BLR-BOM_6E_2026-08-23_T+1_1787410677117_muak,BLR-BOM,EaseMyTrip,6E,6E-346,2026-08-23,T+1,19260,4228,23488,2026-08-22T09:04:59.594Z,FALSE,"",09:15,FALSE
fare_BLR-BOM_IX_2026-08-23_T+1_1787410677117_cey5,BLR-BOM,EaseMyTrip,IX,IX-1386,2026-08-23,T+1,19677,4319,23996,2026-08-22T09:04:59.594Z,FALSE,"",13:05,FALSE
fare_BLR-BOM_AI_2026-08-23_T+1_1787410677117_q7i1,BLR-BOM,EaseMyTrip,AI,AI-9564,2026-08-23,T+1,20078,4407,24485,2026-08-22T09:04:59.594Z,FALSE,"",14:55,FALSE
fare_BLR-BOM_AI_2026-08-23_T+1_1787410677117_27nl,BLR-BOM,EaseMyTrip,AI,AI-9437,2026-08-23,T+1,20233,4441,24674,2026-08-22T09:04:59.594Z,FALSE,"",07:05,FALSE
fare_BLR-BOM_6E_2026-08-23_T+1_1787410677117_ysuq,BLR-BOM,EaseMyTrip,6E,6E-879,2026-08-23,T+1,20814,4569,25383,2026-08-22T09:04:59.594Z,FALSE,"",08:15,FALSE
fare_BLR-BOM_6E_2026-08-23_T+1_1787410677117_dh4s,BLR-BOM,EaseMyTrip,6E,6E-331,2026-08-23,T+1,20814,4569,25383,2026-08-22T09:04:59.594Z,FALSE,"",08:15,FALSE
fare_BLR-BOM_6E_2026-08-23_T+1_1787410677117_i8y5,BLR-BOM,EaseMyTrip,6E,6E-6067,2026-08-23,T+1,21502,4720,26222,2026-08-22T09:04:59.594Z,FALSE,"",16:30,FALSE
fare_BLR-BOM_6E_2026-08-23_T+1_1787410677117_vebu,BLR-BOM,EaseMyTrip,6E,6E-439,2026-08-23,T+1,21874,4801,26675,2026-08-22T09:04:59.594Z,FALSE,"",19:45,FALSE
fare_BLR-BOM_6E_2026-08-23_T+1_1787410677117_d5l6,BLR-BOM,EaseMyTrip,6E,6E-321,2026-08-23,T+1,21874,4801,26675,2026-08-22T09:04:59.594Z,FALSE,"",19:45,FALSE
fare_BLR-BOM_6E_2026-08-23_T+1_1787410677117_arax,BLR-BOM,EaseMyTrip,6E,6E-196,2026-08-23,T+1,21874,4801,26675,2026-08-22T09:04:59.594Z,FALSE,"",18:35,FALSE
fare_BLR-BOM_AI_2026-08-23_T+1_1787410677117_jx5h,BLR-BOM,EaseMyTrip,AI,AI-2486,2026-08-23,T+1,22411,4919,27330,2026-08-22T09:04:59.594Z,FALSE,"",14:00,FALSE
fare_BLR-BOM_6E_2026-08-23_T+1_1787410677117_5v0v,BLR-BOM,EaseMyTrip,6E,6E-581,2026-08-23,T+1,23223,5098,28321,2026-08-22T09:04:59.594Z,FALSE,"",16:50,FALSE
fare_BLR-BOM_6E_2026-08-23_T+1_1787410677117_66a5,BLR-BOM,EaseMyTrip,6E,6E-180,2026-08-23,T+1,23223,5098,28321,2026-08-22T09:04:59.594Z,FALSE,"",16:50,FALSE
fare_BLR-BOM_AI_2026-08-23_T+1_1787410677117_0xzu,BLR-BOM,EaseMyTrip,AI,AI-9605,2026-08-23,T+1,23486,5156,28642,2026-08-22T09:04:59.594Z,FALSE,"",14:25,FALSE
fare_BLR-BOM_AI_2026-08-23_T+1_1787410677117_b9ux,BLR-BOM,EaseMyTrip,AI,AI-9898,2026-08-23,T+1,23640,5189,28829,2026-08-22T09:04:59.594Z,FALSE,"",09:50,FALSE
fare_BLR-BOM_AI_2026-08-23_T+1_1787410677117_lga0,BLR-BOM,EaseMyTrip,AI,AI-2418,2026-08-23,T+1,23951,5257,29208,2026-08-22T09:04:59.594Z,FALSE,"",16:30,FALSE
fare_BLR-BOM_AI_2026-08-23_T+1_1787410677117_1raz,BLR-BOM,EaseMyTrip,AI,AI-428,2026-08-23,T+1,24337,5342,29679,2026-08-22T09:04:59.594Z,FALSE,"",14:55,FALSE
fare_BLR-BOM_AI_2026-08-23_T+1_1787410677117_gdoh,BLR-BOM,EaseMyTrip,AI,AI-2511,2026-08-23,T+1,24916,5469,30385,2026-08-22T09:04:59.594Z,FALSE,"",15:45,FALSE
fare_BLR-BOM_6E_2026-08-23_T+1_1787410677117_20kj,BLR-BOM,EaseMyTrip,6E,6E-6404,2026-08-23,T+1,25577,5615,31192,2026-08-22T09:04:59.594Z,FALSE,"",11:35,FALSE
fare_BLR-BOM_AI_2026-08-23_T+1_1787410677117_qfyw,BLR-BOM,EaseMyTrip,AI,AI-9970,2026-08-23,T+1,26447,5805,32252,2026-08-22T09:04:59.594Z,FALSE,"",14:45,FALSE
fare_BLR-BOM_AI_2026-08-29_T+7_1787410677118_mivc,BLR-BOM,EaseMyTrip,AI,AI-2498,2026-08-29,T+7,4043,887,4930,2026-08-22T09:05:05.407Z,FALSE,"",00:45,TRUE
fare_BLR-BOM_6E_2026-08-29_T+7_1787410677118_4pr8,BLR-BOM,EaseMyTrip,6E,6E-5293,2026-08-29,T+7,4087,897,4984,2026-08-22T09:05:05.407Z,FALSE,"",01:00,TRUE
fare_BLR-BOM_QP_2026-08-29_T+7_1787410677118_uhuq,BLR-BOM,EaseMyTrip,QP,QP-1381,2026-08-29,T+7,4151,911,5062,2026-08-22T09:05:05.407Z,FALSE,"",04:50,TRUE
fare_BLR-BOM_6E_2026-08-29_T+7_1787410677118_gxny,BLR-BOM,EaseMyTrip,6E,6E-5205,2026-08-29,T+7,4431,973,5404,2026-08-22T09:05:05.407Z,FALSE,"",03:45,TRUE
fare_BLR-BOM_SG_2026-08-29_T+7_1787410677118_1w5q,BLR-BOM,EaseMyTrip,SG,SG-623,2026-08-29,T+7,4683,1028,5711,2026-08-22T09:05:05.407Z,FALSE,"",00:45,TRUE
fare_BLR-BOM_SG_2026-08-29_T+7_1787410677118_e1ch,BLR-BOM,EaseMyTrip,SG,SG-249,2026-08-29,T+7,4683,1028,5711,2026-08-22T09:05:05.407Z,FALSE,"",00:45,TRUE
fare_BLR-BOM_QP_2026-08-29_T+7_1787410677118_0uvz,BLR-BOM,EaseMyTrip,QP,QP-1383,2026-08-29,T+7,4618,1014,5632,2026-08-22T09:05:05.407Z,FALSE,"",05:25,TRUE
fare_BLR-BOM_IX_2026-08-29_T+7_1787410677118_0x0h,BLR-BOM,EaseMyTrip,IX,IX-2987,2026-08-29,T+7,4863,1067,5930,2026-08-22T09:05:05.407Z,FALSE,"",06:10,TRUE
fare_BLR-BOM_IX_2026-08-29_T+7_1787410677118_iu9b,BLR-BOM,EaseMyTrip,IX,IX-2881,2026-08-29,T+7,4991,1096,6087,2026-08-22T09:05:05.407Z,FALSE,"",05:50,FALSE
fare_BLR-BOM_6E_2026-08-29_T+7_1787410677118_jp3s,BLR-BOM,EaseMyTrip,6E,6E-2086,2026-08-29,T+7,5002,1098,6100,2026-08-22T09:05:05.407Z,FALSE,"",09:20,TRUE
fare_BLR-BOM_IX_2026-08-29_T+7_1787410677118_pp5x,BLR-BOM,EaseMyTrip,IX,IX-1803,2026-08-29,T+7,5292,1162,6454,2026-08-22T09:05:05.407Z,FALSE,"",21:05,TRUE
fare_BLR-BOM_IX_2026-08-29_T+7_1787410677118_i18l,BLR-BOM,EaseMyTrip,IX,IX-1581,2026-08-29,T+7,5292,1162,6454,2026-08-22T09:05:05.407Z,FALSE,"",18:25,TRUE
fare_BLR-BOM_IX_2026-08-29_T+7_1787410677118_uowh,BLR-BOM,EaseMyTrip,IX,IX-2931,2026-08-29,T+7,5521,1212,6733,2026-08-22T09:05:05.407Z,FALSE,"",10:45,FALSE
fare_BLR-BOM_6E_2026-08-29_T+7_1787410677118_5be7,BLR-BOM,EaseMyTrip,6E,6E-6030,2026-08-29,T+7,5292,1162,6454,2026-08-22T09:05:05.407Z,FALSE,"",15:00,TRUE
fare_BLR-BOM_QP_2026-08-29_T+7_1787410677118_n7bc,BLR-BOM,EaseMyTrip,QP,QP-1515,2026-08-29,T+7,5346,1174,6520,2026-08-22T09:05:05.407Z,FALSE,"",06:20,TRUE
fare_BLR-BOM_AI_2026-08-29_T+7_1787410677118_z47y,BLR-BOM,EaseMyTrip,AI,AI-2811,2026-08-29,T+7,5654,1241,6895,2026-08-22T09:05:05.407Z,FALSE,"",23:40,TRUE
fare_BLR-BOM_QP_2026-08-29_T+7_1787410677118_u5h2,BLR-BOM,EaseMyTrip,QP,QP-1528,2026-08-29,T+7,5550,1218,6768,2026-08-22T09:05:05.407Z,FALSE,"",10:20,TRUE
fare_BLR-BOM_6E_2026-08-29_T+7_1787410677118_h744,BLR-BOM,EaseMyTrip,6E,6E-6554,2026-08-29,T+7,5610,1231,6841,2026-08-22T09:05:05.407Z,FALSE,"",19:15,FALSE
fare_BLR-BOM_6E_2026-08-29_T+7_1787410677118_xkg4,BLR-BOM,EaseMyTrip,6E,6E-6168,2026-08-29,T+7,5685,1248,6933,2026-08-22T09:05:05.407Z,FALSE,"",17:40,FALSE
fare_BLR-BOM_6E_2026-08-29_T+7_1787410677118_br05,BLR-BOM,EaseMyTrip,6E,6E-6753,2026-08-29,T+7,5685,1248,6933,2026-08-22T09:05:05.407Z,FALSE,"",15:15,FALSE
fare_BLR-BOM_6E_2026-08-29_T+7_1787410677118_evh7,BLR-BOM,EaseMyTrip,6E,6E-6653,2026-08-29,T+7,5685,1248,6933,2026-08-22T09:05:05.407Z,FALSE,"",12:35,FALSE
fare_BLR-BOM_6E_2026-08-29_T+7_1787410677118_2vlg,BLR-BOM,EaseMyTrip,6E,6E-6891,2026-08-29,T+7,5907,1297,7204,2026-08-22T09:05:05.407Z,FALSE,"",17:15,FALSE
fare_BLR-BOM_6E_2026-08-29_T+7_1787410677118_kkfi,BLR-BOM,EaseMyTrip,6E,6E-6863,2026-08-29,T+7,5907,1297,7204,2026-08-22T09:05:05.407Z,FALSE,"",08:20,FALSE
fare_BLR-BOM_6E_2026-08-29_T+7_1787410677118_te47,BLR-BOM,EaseMyTrip,6E,6E-5376,2026-08-29,T+7,5967,1310,7277,2026-08-22T09:05:05.407Z,FALSE,"",20:15,TRUE
fare_BLR-BOM_6E_2026-08-29_T+7_1787410677118_nu3n,BLR-BOM,EaseMyTrip,6E,6E-6283,2026-08-29,T+7,5967,1310,7277,2026-08-22T09:05:05.407Z,FALSE,"",19:05,TRUE
fare_BLR-BOM_6E_2026-08-29_T+7_1787410677118_40i7,BLR-BOM,EaseMyTrip,6E,6E-5237,2026-08-29,T+7,5967,1310,7277,2026-08-22T09:05:05.407Z,FALSE,"",10:15,TRUE
fare_BLR-BOM_6E_2026-08-29_T+7_1787410677118_ldfw,BLR-BOM,EaseMyTrip,6E,6E-5051,2026-08-29,T+7,5967,1310,7277,2026-08-22T09:05:05.407Z,FALSE,"",08:30,TRUE
fare_BLR-BOM_6E_2026-08-29_T+7_1787410677118_ic2e,BLR-BOM,EaseMyTrip,6E,6E-5216,2026-08-29,T+7,5967,1310,7277,2026-08-22T09:05:05.407Z,FALSE,"",07:25,TRUE
fare_BLR-BOM_6E_2026-08-29_T+7_1787410677118_7tkq,BLR-BOM,EaseMyTrip,6E,6E-781,2026-08-29,T+7,5971,1311,7282,2026-08-22T09:05:05.407Z,FALSE,"",10:50,FALSE
fare_BLR-BOM_6E_2026-08-29_T+7_1787410677118_cdz8,BLR-BOM,EaseMyTrip,6E,6E-566,2026-08-29,T+7,5971,1311,7282,2026-08-22T09:05:05.407Z,FALSE,"",10:50,FALSE
fare_BLR-BOM_6E_2026-08-29_T+7_1787410677118_8tuw,BLR-BOM,EaseMyTrip,6E,6E-6595,2026-08-29,T+7,5971,1311,7282,2026-08-22T09:05:05.407Z,FALSE,"",13:55,FALSE
fare_BLR-BOM_6E_2026-08-29_T+7_1787410677118_h65s,BLR-BOM,EaseMyTrip,6E,6E-6507,2026-08-29,T+7,5971,1311,7282,2026-08-22T09:05:05.407Z,FALSE,"",13:15,FALSE
fare_BLR-BOM_6E_2026-08-29_T+7_1787410677118_8wig,BLR-BOM,EaseMyTrip,6E,6E-6077,2026-08-29,T+7,5971,1311,7282,2026-08-22T09:05:05.407Z,FALSE,"",20:20,FALSE
fare_BLR-BOM_6E_2026-08-29_T+7_1787410677118_79c9,BLR-BOM,EaseMyTrip,6E,6E-6012,2026-08-29,T+7,5971,1311,7282,2026-08-22T09:05:05.407Z,FALSE,"",19:30,FALSE
fare_BLR-BOM_6E_2026-08-29_T+7_1787410677118_v43h,BLR-BOM,EaseMyTrip,6E,6E-156,2026-08-29,T+7,5971,1311,7282,2026-08-22T09:05:05.407Z,FALSE,"",10:50,FALSE
fare_BLR-BOM_6E_2026-08-29_T+7_1787410677118_w20t,BLR-BOM,EaseMyTrip,6E,6E-456,2026-08-29,T+7,5971,1311,7282,2026-08-22T09:05:05.407Z,FALSE,"",10:50,FALSE
fare_BLR-BOM_6E_2026-08-29_T+7_1787410677118_ihnl,BLR-BOM,EaseMyTrip,6E,6E-831,2026-08-29,T+7,5971,1311,7282,2026-08-22T09:05:05.407Z,FALSE,"",05:10,FALSE
fare_BLR-BOM_6E_2026-08-29_T+7_1787410677118_0bze,BLR-BOM,EaseMyTrip,6E,6E-563,2026-08-29,T+7,5971,1311,7282,2026-08-22T09:05:05.407Z,FALSE,"",05:10,FALSE
fare_BLR-BOM_6E_2026-08-29_T+7_1787410677118_9hmn,BLR-BOM,EaseMyTrip,6E,6E-6269,2026-08-29,T+7,5971,1311,7282,2026-08-22T09:05:05.407Z,FALSE,"",07:15,FALSE
fare_BLR-BOM_6E_2026-08-29_T+7_1787410677118_89j4,BLR-BOM,EaseMyTrip,6E,6E-6208,2026-08-29,T+7,5971,1311,7282,2026-08-22T09:05:05.407Z,FALSE,"",12:50,FALSE
fare_BLR-BOM_6E_2026-08-29_T+7_1787410677118_1qer,BLR-BOM,EaseMyTrip,6E,6E-312,2026-08-29,T+7,5971,1311,7282,2026-08-22T09:05:05.407Z,FALSE,"",16:50,FALSE
fare_BLR-BOM_6E_2026-08-29_T+7_1787410677118_sjc1,BLR-BOM,EaseMyTrip,6E,6E-162,2026-08-29,T+7,5971,1311,7282,2026-08-22T09:05:05.407Z,FALSE,"",16:50,FALSE
fare_BLR-BOM_6E_2026-08-29_T+7_1787410677118_msdj,BLR-BOM,EaseMyTrip,6E,6E-6017,2026-08-29,T+7,5971,1311,7282,2026-08-22T09:05:05.407Z,FALSE,"",18:15,FALSE
fare_BLR-BOM_6E_2026-08-29_T+7_1787410677118_279k,BLR-BOM,EaseMyTrip,6E,6E-318,2026-08-29,T+7,6079,1335,7414,2026-08-22T09:05:05.407Z,FALSE,"",17:55,FALSE
fare_BLR-BOM_6E_2026-08-29_T+7_1787410677118_ai64,BLR-BOM,EaseMyTrip,6E,6E-116,2026-08-29,T+7,6079,1335,7414,2026-08-22T09:05:05.407Z,FALSE,"",17:55,FALSE
fare_BLR-BOM_AI_2026-08-29_T+7_1787410677118_3z98,BLR-BOM,EaseMyTrip,AI,AI-2402,2026-08-29,T+7,6266,1376,7642,2026-08-22T09:05:05.407Z,FALSE,"",06:35,TRUE
fare_BLR-BOM_AI_2026-08-29_T+7_1787410677118_5kz4,BLR-BOM,EaseMyTrip,AI,AI-2642,2026-08-29,T+7,6266,1376,7642,2026-08-22T09:05:05.407Z,FALSE,"",21:30,TRUE
fare_BLR-BOM_AI_2026-08-29_T+7_1787410677118_dr2v,BLR-BOM,EaseMyTrip,AI,AI-2604,2026-08-29,T+7,6366,1398,7764,2026-08-22T09:05:05.407Z,FALSE,"",09:15,TRUE
fare_BLR-BOM_QP_2026-08-29_T+7_1787410677118_b03y,BLR-BOM,EaseMyTrip,QP,QP-1134,2026-08-29,T+7,6217,1365,7582,2026-08-22T09:05:05.407Z,FALSE,"",22:55,TRUE
fare_BLR-BOM_6E_2026-08-29_T+7_1787410677118_2fuv,BLR-BOM,EaseMyTrip,6E,6E-5351,2026-08-29,T+7,6225,1367,7592,2026-08-22T09:05:05.407Z,FALSE,"",14:20,TRUE
fare_BLR-BOM_6E_2026-08-29_T+7_1787410677118_b2lo,BLR-BOM,EaseMyTrip,6E,6E-5069,2026-08-29,T+7,6225,1367,7592,2026-08-22T09:05:05.407Z,FALSE,"",11:30,TRUE
fare_BLR-BOM_AI_2026-08-29_T+7_1787410677118_tyea,BLR-BOM,EaseMyTrip,AI,AI-2846,2026-08-29,T+7,6467,1419,7886,2026-08-22T09:05:05.407Z,FALSE,"",08:05,TRUE
fare_BLR-BOM_6E_2026-08-29_T+7_1787410677118_71x5,BLR-BOM,EaseMyTrip,6E,6E-5089,2026-08-29,T+7,6325,1389,7714,2026-08-22T09:05:05.407Z,FALSE,"",05:30,TRUE
fare_BLR-BOM_IX_2026-08-29_T+7_1787410677118_yhaq,BLR-BOM,EaseMyTrip,IX,IX-1386,2026-08-29,T+7,6612,1452,8064,2026-08-22T09:05:05.407Z,FALSE,"",13:05,FALSE
fare_BLR-BOM_QP_2026-08-29_T+7_1787410677118_qdrd,BLR-BOM,EaseMyTrip,QP,QP-1517,2026-08-29,T+7,6460,1418,7878,2026-08-22T09:05:05.407Z,FALSE,"",07:40,TRUE
fare_BLR-BOM_AI_2026-08-29_T+7_1787410677118_5g96,BLR-BOM,EaseMyTrip,AI,AI-2850,2026-08-29,T+7,6630,1455,8085,2026-08-22T09:05:05.407Z,FALSE,"",20:30,TRUE
fare_BLR-BOM_AI_2026-08-29_T+7_1787410677118_08y7,BLR-BOM,EaseMyTrip,AI,AI-2852,2026-08-29,T+7,6682,1467,8149,2026-08-22T09:05:05.407Z,FALSE,"",10:30,TRUE
fare_BLR-BOM_6E_2026-08-29_T+7_1787410677118_04dw,BLR-BOM,EaseMyTrip,6E,6E-7445,2026-08-29,T+7,6647,1459,8106,2026-08-22T09:05:05.407Z,FALSE,"",15:20,FALSE
fare_BLR-BOM_6E_2026-08-29_T+7_1787410677118_t8bg,BLR-BOM,EaseMyTrip,6E,6E-5218,2026-08-29,T+7,7173,1574,8747,2026-08-22T09:05:05.407Z,FALSE,"",13:00,TRUE
fare_BLR-BOM_6E_2026-08-29_T+7_1787410677118_kimn,BLR-BOM,EaseMyTrip,6E,6E-5255,2026-08-29,T+7,7603,1669,9272,2026-08-22T09:05:05.407Z,FALSE,"",17:25,TRUE
fare_BLR-BOM_6E_2026-08-29_T+7_1787410677118_tqlr,BLR-BOM,EaseMyTrip,6E,6E-5031,2026-08-29,T+7,7603,1669,9272,2026-08-22T09:05:05.407Z,FALSE,"",16:00,TRUE
fare_BLR-BOM_6E_2026-08-29_T+7_1787410677118_iw4g,BLR-BOM,EaseMyTrip,6E,6E-496,2026-08-29,T+7,7774,1707,9481,2026-08-22T09:05:05.407Z,FALSE,"",17:00,FALSE
fare_BLR-BOM_6E_2026-08-29_T+7_1787410677118_d10w,BLR-BOM,EaseMyTrip,6E,6E-727,2026-08-29,T+7,7774,1707,9481,2026-08-22T09:05:05.407Z,FALSE,"",17:00,FALSE
fare_BLR-BOM_AI_2026-08-29_T+7_1787410677118_6zxx,BLR-BOM,EaseMyTrip,AI,AI-9574,2026-08-29,T+7,8513,1869,10382,2026-08-22T09:05:05.407Z,FALSE,"",08:55,FALSE
fare_BLR-BOM_6E_2026-08-29_T+7_1787410677118_b5hh,BLR-BOM,EaseMyTrip,6E,6E-6404,2026-08-29,T+7,8397,1843,10240,2026-08-22T09:05:05.407Z,FALSE,"",11:35,FALSE
fare_BLR-BOM_6E_2026-08-29_T+7_1787410677118_cs1w,BLR-BOM,EaseMyTrip,6E,6E-860,2026-08-29,T+7,8569,1881,10450,2026-08-22T09:05:05.407Z,FALSE,"",07:05,FALSE
fare_BLR-BOM_6E_2026-08-29_T+7_1787410677118_1pdv,BLR-BOM,EaseMyTrip,6E,6E-439,2026-08-29,T+7,8569,1881,10450,2026-08-22T09:05:05.407Z,FALSE,"",07:05,FALSE
fare_BLR-BOM_6E_2026-08-29_T+7_1787410677118_cmwh,BLR-BOM,EaseMyTrip,6E,6E-6104,2026-08-29,T+7,8569,1881,10450,2026-08-22T09:05:05.407Z,FALSE,"",11:40,FALSE
fare_BLR-BOM_6E_2026-08-29_T+7_1787410677118_cvzw,BLR-BOM,EaseMyTrip,6E,6E-592,2026-08-29,T+7,8569,1881,10450,2026-08-22T09:05:05.407Z,FALSE,"",11:00,FALSE
fare_BLR-BOM_6E_2026-08-29_T+7_1787410677118_uq1j,BLR-BOM,EaseMyTrip,6E,6E-516,2026-08-29,T+7,8569,1881,10450,2026-08-22T09:05:05.407Z,FALSE,"",11:00,FALSE
fare_BLR-BOM_IX_2026-08-29_T+7_1787410677118_3eij,BLR-BOM,EaseMyTrip,IX,IX-2678,2026-08-29,T+7,9102,1998,11100,2026-08-22T09:05:05.407Z,FALSE,"",05:30,FALSE
fare_BLR-BOM_6E_2026-08-29_T+7_1787410677118_b6av,BLR-BOM,EaseMyTrip,6E,6E-524,2026-08-29,T+7,8875,1948,10823,2026-08-22T09:05:05.407Z,FALSE,"",14:50,FALSE
fare_BLR-BOM_6E_2026-08-29_T+7_1787410677118_bkt0,BLR-BOM,EaseMyTrip,6E,6E-313,2026-08-29,T+7,8875,1948,10823,2026-08-22T09:05:05.407Z,FALSE,"",14:50,FALSE
fare_BLR-BOM_6E_2026-08-29_T+7_1787410677118_ae2m,BLR-BOM,EaseMyTrip,6E,6E-6067,2026-08-29,T+7,8875,1948,10823,2026-08-22T09:05:05.407Z,FALSE,"",16:30,FALSE
fare_BLR-BOM_6E_2026-08-29_T+7_1787410677118_1am2,BLR-BOM,EaseMyTrip,6E,6E-700,2026-08-29,T+7,8875,1948,10823,2026-08-22T09:05:05.407Z,FALSE,"",14:50,FALSE
fare_BLR-BOM_6E_2026-08-29_T+7_1787410677118_qbvw,BLR-BOM,EaseMyTrip,6E,6E-990,2026-08-29,T+7,8875,1948,10823,2026-08-22T09:05:05.407Z,FALSE,"",14:50,FALSE
fare_BLR-BOM_AI_2026-08-29_T+7_1787410677118_yzh7,BLR-BOM,EaseMyTrip,AI,AI-9566,2026-08-29,T+7,9164,2011,11175,2026-08-22T09:05:05.407Z,FALSE,"",19:15,FALSE
fare_BLR-BOM_AI_2026-08-29_T+7_1787410677118_8hfr,BLR-BOM,EaseMyTrip,AI,AI-9564,2026-08-29,T+7,9164,2011,11175,2026-08-22T09:05:05.407Z,FALSE,"",10:55,FALSE
fare_BLR-BOM_6E_2026-08-29_T+7_1787410677118_vw0u,BLR-BOM,EaseMyTrip,6E,6E-6178,2026-08-29,T+7,9081,1993,11074,2026-08-22T09:05:05.407Z,FALSE,"",06:25,FALSE
fare_BLR-BOM_6E_2026-08-29_T+7_1787410677118_nw26,BLR-BOM,EaseMyTrip,6E,6E-951,2026-08-29,T+7,9081,1993,11074,2026-08-22T09:05:05.407Z,FALSE,"",10:15,FALSE
fare_BLR-BOM_6E_2026-08-29_T+7_1787410677118_44ni,BLR-BOM,EaseMyTrip,6E,6E-285,2026-08-29,T+7,9081,1993,11074,2026-08-22T09:05:05.407Z,FALSE,"",10:15,FALSE
fare_BLR-BOM_AI_2026-08-29_T+7_1787410677118_b84l,BLR-BOM,EaseMyTrip,AI,AI-9852,2026-08-29,T+7,9318,2046,11364,2026-08-22T09:05:05.407Z,FALSE,"",18:40,FALSE
fare_BLR-BOM_AI_2026-08-29_T+7_1787410677118_dt9b,BLR-BOM,EaseMyTrip,AI,AI-9762,2026-08-29,T+7,9495,2084,11579,2026-08-22T09:05:05.407Z,FALSE,"",07:05,FALSE
fare_BLR-BOM_AI_2026-08-29_T+7_1787410677118_uv9m,BLR-BOM,EaseMyTrip,AI,AI-9482,2026-08-29,T+7,9495,2084,11579,2026-08-22T09:05:05.407Z,FALSE,"",19:40,FALSE
fare_BLR-BOM_AI_2026-08-29_T+7_1787410677118_c704,BLR-BOM,EaseMyTrip,AI,AI-9970,2026-08-29,T+7,9495,2084,11579,2026-08-22T09:05:05.407Z,FALSE,"",14:45,FALSE
fare_BLR-BOM_AI_2026-08-29_T+7_1787410677118_p9o5,BLR-BOM,EaseMyTrip,AI,AI-9426,2026-08-29,T+7,9495,2084,11579,2026-08-22T09:05:05.407Z,FALSE,"",12:30,FALSE
fare_BLR-BOM_IX_2026-08-29_T+7_1787410677118_x9vf,BLR-BOM,EaseMyTrip,IX,IX-2924,2026-08-29,T+7,9713,2132,11845,2026-08-22T09:05:05.407Z,FALSE,"",09:55,FALSE
fare_BLR-BOM_6E_2026-08-29_T+7_1787410677118_zurg,BLR-BOM,EaseMyTrip,6E,6E-275,2026-08-29,T+7,9956,2185,12141,2026-08-22T09:05:05.407Z,FALSE,"",19:45,FALSE
fare_BLR-BOM_6E_2026-08-29_T+7_1787410677118_6mpg,BLR-BOM,EaseMyTrip,6E,6E-762,2026-08-29,T+7,9956,2185,12141,2026-08-22T09:05:05.407Z,FALSE,"",19:45,FALSE
fare_BLR-BOM_6E_2026-08-29_T+7_1787410677118_r4ba,BLR-BOM,EaseMyTrip,6E,6E-225,2026-08-29,T+7,10080,2213,12293,2026-08-22T09:05:05.407Z,FALSE,"",10:15,FALSE
fare_BLR-BOM_6E_2026-08-29_T+7_1787410677118_tzch,BLR-BOM,EaseMyTrip,6E,6E-773,2026-08-29,T+7,10080,2213,12293,2026-08-22T09:05:05.407Z,FALSE,"",10:15,FALSE
fare_BLR-BOM_AI_2026-08-29_T+7_1787410677118_7uex,BLR-BOM,EaseMyTrip,AI,AI-9572,2026-08-29,T+7,10430,2290,12720,2026-08-22T09:05:05.407Z,FALSE,"",12:30,FALSE
fare_BLR-BOM_6E_2026-08-29_T+7_1787410677118_77s9,BLR-BOM,EaseMyTrip,6E,6E-277,2026-08-29,T+7,10439,2292,12731,2026-08-22T09:05:05.407Z,FALSE,"",09:15,FALSE
fare_BLR-BOM_6E_2026-08-29_T+7_1787410677118_ktpl,BLR-BOM,EaseMyTrip,6E,6E-220,2026-08-29,T+7,10439,2292,12731,2026-08-22T09:05:05.407Z,FALSE,"",09:15,FALSE
fare_BLR-BOM_6E_2026-08-29_T+7_1787410677118_gw8p,BLR-BOM,EaseMyTrip,6E,6E-6423,2026-08-29,T+7,10831,2378,13209,2026-08-22T09:05:05.407Z,FALSE,"",20:00,FALSE
fare_BLR-BOM_6E_2026-08-29_T+7_1787410677118_gexq,BLR-BOM,EaseMyTrip,6E,6E-230,2026-08-29,T+7,11273,2474,13747,2026-08-22T09:05:05.407Z,FALSE,"",08:15,FALSE
fare_BLR-BOM_6E_2026-08-29_T+7_1787410677118_cxqu,BLR-BOM,EaseMyTrip,6E,6E-158,2026-08-29,T+7,11273,2474,13747,2026-08-22T09:05:05.407Z,FALSE,"",08:15,FALSE
fare_BLR-BOM_AI_2026-08-29_T+7_1787410677118_gh0s,BLR-BOM,EaseMyTrip,AI,AI-9520,2026-08-29,T+7,12147,2666,14813,2026-08-22T09:05:05.407Z,FALSE,"",13:05,FALSE
fare_BLR-BOM_IX_2026-08-29_T+7_1787410677118_uidz,BLR-BOM,EaseMyTrip,IX,IX-1893,2026-08-29,T+7,12349,2711,15060,2026-08-22T09:05:05.407Z,FALSE,"",08:40,FALSE
fare_BLR-BOM_AI_2026-08-29_T+7_1787410677118_tqr0,BLR-BOM,EaseMyTrip,AI,AI-9451,2026-08-29,T+7,12483,2740,15223,2026-08-22T09:05:05.407Z,FALSE,"",05:30,FALSE
fare_BLR-BOM_6E_2026-08-29_T+7_1787410677118_kwy8,BLR-BOM,EaseMyTrip,6E,6E-6162,2026-08-29,T+7,12567,2758,15325,2026-08-22T09:05:05.407Z,FALSE,"",18:50,FALSE
fare_BLR-BOM_IX_2026-08-29_T+7_1787410677118_fhsg,BLR-BOM,EaseMyTrip,IX,IX-2608,2026-08-29,T+7,13006,2855,15861,2026-08-22T09:05:05.407Z,FALSE,"",16:45,FALSE
fare_BLR-BOM_AI_2026-08-29_T+7_1787410677118_uqfk,BLR-BOM,EaseMyTrip,AI,AI-2810,2026-08-29,T+7,13227,2904,16131,2026-08-22T09:05:05.407Z,FALSE,"",06:00,FALSE
fare_BLR-BOM_AI_2026-08-29_T+7_1787410677118_l0in,BLR-BOM,EaseMyTrip,AI,AI-2414,2026-08-29,T+7,13227,2904,16131,2026-08-22T09:05:05.407Z,FALSE,"",05:30,FALSE
fare_BLR-BOM_AI_2026-08-29_T+7_1787410677118_el73,BLR-BOM,EaseMyTrip,AI,AI-2756,2026-08-29,T+7,13358,2932,16290,2026-08-22T09:05:05.407Z,FALSE,"",02:15,FALSE
fare_BLR-BOM_AI_2026-08-29_T+7_1787410677118_og4c,BLR-BOM,EaseMyTrip,AI,AI-2486,2026-08-29,T+7,13827,3035,16862,2026-08-22T09:05:05.407Z,FALSE,"",14:00,FALSE
fare_BLR-BOM_AI_2026-08-29_T+7_1787410677118_rzzr,BLR-BOM,EaseMyTrip,AI,AI-2418,2026-08-29,T+7,13827,3035,16862,2026-08-22T09:05:05.407Z,FALSE,"",16:30,FALSE
fare_BLR-BOM_AI_2026-08-29_T+7_1787410677118_h5tn,BLR-BOM,EaseMyTrip,AI,AI-9605,2026-08-29,T+7,13844,3039,16883,2026-08-22T09:05:05.407Z,FALSE,"",14:25,FALSE
fare_BLR-BOM_AI_2026-08-29_T+7_1787410677118_6arj,BLR-BOM,EaseMyTrip,AI,AI-9437,2026-08-29,T+7,13926,3057,16983,2026-08-22T09:05:05.407Z,FALSE,"",07:05,FALSE
fare_BLR-BOM_AI_2026-08-29_T+7_1787410677118_rwty,BLR-BOM,EaseMyTrip,AI,AI-428,2026-08-29,T+7,13957,3064,17021,2026-08-22T09:05:05.407Z,FALSE,"",14:55,FALSE
fare_BLR-BOM_AI_2026-08-29_T+7_1787410677118_ougy,BLR-BOM,EaseMyTrip,AI,AI-2511,2026-08-29,T+7,14091,3093,17184,2026-08-22T09:05:05.407Z,FALSE,"",15:45,FALSE
fare_BLR-BOM_IX_2026-08-29_T+7_1787410677118_v3l3,BLR-BOM,EaseMyTrip,IX,IX-2116,2026-08-29,T+7,14306,3140,17446,2026-08-22T09:05:05.407Z,FALSE,"",21:00,FALSE
fare_BLR-BOM_AI_2026-08-29_T+7_1787410677118_2hpj,BLR-BOM,EaseMyTrip,AI,AI-9602,2026-08-29,T+7,14260,3130,17390,2026-08-22T09:05:05.407Z,FALSE,"",11:00,FALSE
fare_BLR-BOM_AI_2026-08-29_T+7_1787410677118_3o64,BLR-BOM,EaseMyTrip,AI,AI-9455,2026-08-29,T+7,15476,3397,18873,2026-08-22T09:05:05.407Z,FALSE,"",08:40,FALSE
fare_BLR-BOM_AI_2026-08-29_T+7_1787410677118_jwkz,BLR-BOM,EaseMyTrip,AI,AI-2854,2026-08-29,T+7,16211,3558,19769,2026-08-22T09:05:05.407Z,FALSE,"",16:40,TRUE
fare_BLR-BOM_AI_2026-08-29_T+7_1787410677118_tqis,BLR-BOM,EaseMyTrip,AI,AI-2610,2026-08-29,T+7,16211,3558,19769,2026-08-22T09:05:05.407Z,FALSE,"",19:00,TRUE
fare_BLR-BOM_6E_2026-08-29_T+7_1787410677118_80pb,BLR-BOM,EaseMyTrip,6E,6E-7005,2026-08-29,T+7,16370,3594,19964,2026-08-22T09:05:05.407Z,FALSE,"",08:05,FALSE
fare_BLR-BOM_AI_2026-08-29_T+7_1787410677118_rqus,BLR-BOM,EaseMyTrip,AI,AI-9708,2026-08-29,T+7,18043,3961,22004,2026-08-22T09:05:05.407Z,TRUE,"High outlier: ₹22004 > upper fence ₹20905 (Q3: ₹12731, IQR: ₹5449)",10:05,FALSE
fare_BLR-BOM_AI_2026-08-29_T+7_1787410677118_q7zn,BLR-BOM,EaseMyTrip,AI,AI-9898,2026-08-29,T+7,18560,4074,22634,2026-08-22T09:05:05.407Z,TRUE,"High outlier: ₹22634 > upper fence ₹20905 (Q3: ₹12731, IQR: ₹5449)",09:50,FALSE
fare_BLR-BOM_6E_2026-08-29_T+7_1787410677118_0glh,BLR-BOM,EaseMyTrip,6E,6E-539,2026-08-29,T+7,20998,4609,25607,2026-08-22T09:05:05.407Z,TRUE,"High outlier: ₹25607 > upper fence ₹20905 (Q3: ₹12731, IQR: ₹5449)",18:00,FALSE
fare_BLR-BOM_6E_2026-08-29_T+7_1787410677118_0jy2,BLR-BOM,EaseMyTrip,6E,6E-287,2026-08-29,T+7,20998,4609,25607,2026-08-22T09:05:05.407Z,TRUE,"High outlier: ₹25607 > upper fence ₹20905 (Q3: ₹12731, IQR: ₹5449)",18:00,FALSE
fare_BLR-BOM_AI_2026-08-29_T+7_1787410677118_458v,BLR-BOM,EaseMyTrip,AI,AI-9457,2026-08-29,T+7,21290,4673,25963,2026-08-22T09:05:05.407Z,TRUE,"High outlier: ₹25963 > upper fence ₹20905 (Q3: ₹12731, IQR: ₹5449)",16:45,FALSE
fare_BLR-BOM_6E_2026-08-29_T+7_1787410677118_vkxa,BLR-BOM,EaseMyTrip,6E,6E-832,2026-08-29,T+7,21739,4772,26511,2026-08-22T09:05:05.407Z,TRUE,"High outlier: ₹26511 > upper fence ₹20905 (Q3: ₹12731, IQR: ₹5449)",18:00,FALSE
fare_BLR-BOM_6E_2026-08-29_T+7_1787410677118_4y26,BLR-BOM,EaseMyTrip,6E,6E-929,2026-08-29,T+7,21739,4772,26511,2026-08-22T09:05:05.407Z,TRUE,"High outlier: ₹26511 > upper fence ₹20905 (Q3: ₹12731, IQR: ₹5449)",18:00,FALSE
fare_BLR-BOM_6E_2026-08-29_T+7_1787410677118_y8k1,BLR-BOM,EaseMyTrip,6E,6E-6702,2026-08-29,T+7,23430,5143,28573,2026-08-22T09:05:05.407Z,TRUE,"High outlier: ₹28573 > upper fence ₹20905 (Q3: ₹12731, IQR: ₹5449)",05:20,FALSE
fare_BLR-DEL_6E_2026-08-23_T+1_1787410677119_echb,BLR-DEL,EaseMyTrip,6E,6E-501,2026-08-23,T+1,3390,744,4134,2026-08-22T05:06:35.386Z,TRUE,"Low outlier: ₹4134 < lower fence ₹5649 (Q1: ₹15732, IQR: ₹6722)",07:00,TRUE
fare_BLR-DEL_IX_2026-08-23_T+1_1787410677119_b52d,BLR-DEL,EaseMyTrip,IX,IX-1971,2026-08-23,T+1,9662,2121,11783,2026-08-22T09:04:35.693Z,FALSE,"",12:45,FALSE
fare_BLR-DEL_AI_2026-08-23_T+1_1787410677119_eflo,BLR-DEL,EaseMyTrip,AI,AI-9808,2026-08-23,T+1,10189,2236,12425,2026-08-22T09:04:35.693Z,FALSE,"",04:00,FALSE
fare_BLR-DEL_IX_2026-08-23_T+1_1787410677119_x9d4,BLR-DEL,EaseMyTrip,IX,IX-2816,2026-08-23,T+1,10318,2265,12583,2026-08-22T09:04:35.693Z,FALSE,"",09:50,FALSE
fare_BLR-DEL_6E_2026-08-23_T+1_1787410677119_exq3,BLR-DEL,EaseMyTrip,6E,6E-6876,2026-08-23,T+1,10202,2239,12441,2026-08-22T09:04:35.693Z,FALSE,"",02:40,FALSE
fare_BLR-DEL_6E_2026-08-23_T+1_1787410677119_e72g,BLR-DEL,EaseMyTrip,6E,6E-980,2026-08-23,T+1,10474,2299,12773,2026-08-22T09:04:35.693Z,FALSE,"",04:30,FALSE
fare_BLR-DEL_6E_2026-08-23_T+1_1787410677119_q7id,BLR-DEL,EaseMyTrip,6E,6E-747,2026-08-23,T+1,10474,2299,12773,2026-08-22T09:04:35.693Z,FALSE,"",04:30,FALSE
fare_BLR-DEL_6E_2026-08-23_T+1_1787410677119_2zvp,BLR-DEL,EaseMyTrip,6E,6E-6563,2026-08-23,T+1,10474,2299,12773,2026-08-22T09:04:35.693Z,FALSE,"",01:05,FALSE
fare_BLR-DEL_IX_2026-08-23_T+1_1787410677119_lpqe,BLR-DEL,EaseMyTrip,IX,IX-1502,2026-08-23,T+1,11138,2445,13583,2026-08-22T09:04:35.693Z,FALSE,"",10:35,FALSE
fare_BLR-DEL_6E_2026-08-23_T+1_1787410677119_ub5g,BLR-DEL,EaseMyTrip,6E,6E-716,2026-08-23,T+1,11159,2449,13608,2026-08-22T09:04:35.693Z,FALSE,"",21:40,FALSE
fare_BLR-DEL_6E_2026-08-23_T+1_1787410677119_p0q0,BLR-DEL,EaseMyTrip,6E,6E-773,2026-08-23,T+1,11159,2449,13608,2026-08-22T09:04:35.693Z,FALSE,"",21:40,FALSE
fare_BLR-DEL_6E_2026-08-23_T+1_1787410677119_ah5d,BLR-DEL,EaseMyTrip,6E,6E-725,2026-08-23,T+1,11159,2449,13608,2026-08-22T09:04:35.693Z,FALSE,"",23:05,FALSE
fare_BLR-DEL_6E_2026-08-23_T+1_1787410677119_wxjk,BLR-DEL,EaseMyTrip,6E,6E-834,2026-08-23,T+1,11159,2449,13608,2026-08-22T09:04:35.693Z,FALSE,"",23:05,FALSE
fare_BLR-DEL_6E_2026-08-23_T+1_1787410677119_d8td,BLR-DEL,EaseMyTrip,6E,6E-528,2026-08-23,T+1,11159,2449,13608,2026-08-22T09:04:35.693Z,FALSE,"",19:00,FALSE
fare_BLR-DEL_6E_2026-08-23_T+1_1787410677119_bloi,BLR-DEL,EaseMyTrip,6E,6E-231,2026-08-23,T+1,11159,2449,13608,2026-08-22T09:04:35.693Z,FALSE,"",19:00,FALSE
fare_BLR-DEL_6E_2026-08-23_T+1_1787410677119_1tll,BLR-DEL,EaseMyTrip,6E,6E-6269,2026-08-23,T+1,11223,2463,13686,2026-08-22T09:04:35.693Z,FALSE,"",07:15,FALSE
fare_BLR-DEL_6E_2026-08-23_T+1_1787410677119_nt16,BLR-DEL,EaseMyTrip,6E,6E-6554,2026-08-23,T+1,11223,2463,13686,2026-08-22T09:04:35.693Z,FALSE,"",19:15,FALSE
fare_BLR-DEL_6E_2026-08-23_T+1_1787410677119_vplh,BLR-DEL,EaseMyTrip,6E,6E-6875,2026-08-23,T+1,11223,2463,13686,2026-08-22T09:04:35.693Z,FALSE,"",19:55,FALSE
fare_BLR-DEL_6E_2026-08-23_T+1_1787410677119_v2hr,BLR-DEL,EaseMyTrip,6E,6E-6451,2026-08-23,T+1,11331,2487,13818,2026-08-22T09:04:35.693Z,FALSE,"",16:45,FALSE
fare_BLR-DEL_6E_2026-08-23_T+1_1787410677119_pr64,BLR-DEL,EaseMyTrip,6E,6E-6277,2026-08-23,T+1,11331,2487,13818,2026-08-22T09:04:35.693Z,FALSE,"",14:45,FALSE
fare_BLR-DEL_6E_2026-08-23_T+1_1787410677119_ecyc,BLR-DEL,EaseMyTrip,6E,6E-6445,2026-08-23,T+1,11352,2492,13844,2026-08-22T09:04:35.693Z,FALSE,"",10:25,FALSE
fare_BLR-DEL_6E_2026-08-23_T+1_1787410677119_dsqw,BLR-DEL,EaseMyTrip,6E,6E-631,2026-08-23,T+1,11449,2513,13962,2026-08-22T09:04:35.693Z,FALSE,"",08:10,FALSE
fare_BLR-DEL_6E_2026-08-23_T+1_1787410677119_rnrj,BLR-DEL,EaseMyTrip,6E,6E-232,2026-08-23,T+1,11449,2513,13962,2026-08-22T09:04:35.693Z,FALSE,"",08:10,FALSE
fare_BLR-DEL_6E_2026-08-23_T+1_1787410677119_7tcu,BLR-DEL,EaseMyTrip,6E,6E-6439,2026-08-23,T+1,11449,2513,13962,2026-08-22T09:04:35.693Z,FALSE,"",06:30,FALSE
fare_BLR-DEL_AI_2026-08-23_T+1_1787410677119_7lk9,BLR-DEL,EaseMyTrip,AI,AI-2610,2026-08-23,T+1,11878,2607,14485,2026-08-22T09:04:35.693Z,FALSE,"",19:00,FALSE
fare_BLR-DEL_IX_2026-08-23_T+1_1787410677119_lwrs,BLR-DEL,EaseMyTrip,IX,IX-2145,2026-08-23,T+1,11958,2625,14583,2026-08-22T09:04:35.693Z,FALSE,"",04:00,FALSE
fare_BLR-DEL_AI_2026-08-23_T+1_1787410677119_efjn,BLR-DEL,EaseMyTrip,AI,AI-9478,2026-08-23,T+1,12138,2665,14803,2026-08-22T09:04:35.693Z,FALSE,"",22:10,FALSE
fare_BLR-DEL_6E_2026-08-23_T+1_1787410677119_ztdj,BLR-DEL,EaseMyTrip,6E,6E-6423,2026-08-23,T+1,11993,2632,14625,2026-08-22T09:04:35.693Z,FALSE,"",20:00,FALSE
fare_BLR-DEL_AI_2026-08-23_T+1_1787410677119_n49h,BLR-DEL,EaseMyTrip,AI,AI-2758,2026-08-23,T+1,12176,2673,14849,2026-08-22T09:04:35.693Z,FALSE,"",00:15,TRUE
fare_BLR-DEL_AI_2026-08-23_T+1_1787410677119_lp4m,BLR-DEL,EaseMyTrip,AI,AI-2756,2026-08-23,T+1,12176,2673,14849,2026-08-22T09:04:35.693Z,FALSE,"",02:15,TRUE
fare_BLR-DEL_6E_2026-08-23_T+1_1787410677119_msyh,BLR-DEL,EaseMyTrip,6E,6E-6406,2026-08-23,T+1,12195,2677,14872,2026-08-22T09:04:35.693Z,FALSE,"",22:00,TRUE
fare_BLR-DEL_6E_2026-08-23_T+1_1787410677119_lqlf,BLR-DEL,EaseMyTrip,6E,6E-330,2026-08-23,T+1,12541,2753,15294,2026-08-22T09:04:35.693Z,FALSE,"",09:35,FALSE
fare_BLR-DEL_6E_2026-08-23_T+1_1787410677119_efsv,BLR-DEL,EaseMyTrip,6E,6E-311,2026-08-23,T+1,12541,2753,15294,2026-08-22T09:04:35.693Z,FALSE,"",09:35,FALSE
fare_BLR-DEL_6E_2026-08-23_T+1_1787410677119_n3rh,BLR-DEL,EaseMyTrip,6E,6E-6465,2026-08-23,T+1,12900,2832,15732,2026-08-22T09:04:35.693Z,FALSE,"",17:15,FALSE
fare_BLR-DEL_6E_2026-08-23_T+1_1787410677119_0673,BLR-DEL,EaseMyTrip,6E,6E-535,2026-08-23,T+1,12900,2832,15732,2026-08-22T09:04:35.693Z,FALSE,"",20:40,FALSE
fare_BLR-DEL_6E_2026-08-23_T+1_1787410677119_v0zb,BLR-DEL,EaseMyTrip,6E,6E-963,2026-08-23,T+1,12900,2832,15732,2026-08-22T09:04:35.693Z,FALSE,"",20:40,FALSE
fare_BLR-DEL_6E_2026-08-23_T+1_1787410677119_o87d,BLR-DEL,EaseMyTrip,6E,6E-2313,2026-08-23,T+1,12912,2834,15746,2026-08-22T09:04:35.693Z,FALSE,"",23:30,TRUE
fare_BLR-DEL_6E_2026-08-23_T+1_1787410677119_ac61,BLR-DEL,EaseMyTrip,6E,6E-6653,2026-08-23,T+1,12965,2846,15811,2026-08-22T09:04:35.693Z,FALSE,"",12:35,FALSE
fare_BLR-DEL_QP_2026-08-23_T+1_1787410677119_7c07,BLR-DEL,EaseMyTrip,QP,QP-1811,2026-08-23,T+1,13011,2856,15867,2026-08-22T09:04:35.693Z,FALSE,"",04:15,TRUE
fare_BLR-DEL_QP_2026-08-23_T+1_1787410677119_fwa1,BLR-DEL,EaseMyTrip,QP,QP-1823,2026-08-23,T+1,13011,2856,15867,2026-08-22T09:04:35.693Z,FALSE,"",06:05,TRUE
fare_BLR-DEL_6E_2026-08-23_T+1_1787410677119_5n4c,BLR-DEL,EaseMyTrip,6E,6E-679,2026-08-23,T+1,13359,2933,16292,2026-08-22T09:04:35.693Z,FALSE,"",16:20,FALSE
fare_BLR-DEL_6E_2026-08-23_T+1_1787410677119_rweg,BLR-DEL,EaseMyTrip,6E,6E-484,2026-08-23,T+1,13359,2933,16292,2026-08-22T09:04:35.693Z,FALSE,"",16:20,FALSE
fare_BLR-DEL_AI_2026-08-23_T+1_1787410677119_9a9o,BLR-DEL,EaseMyTrip,AI,AI-2811,2026-08-23,T+1,13594,2984,16578,2026-08-22T09:04:35.693Z,FALSE,"",23:40,FALSE
fare_BLR-DEL_AI_2026-08-23_T+1_1787410677119_uky9,BLR-DEL,EaseMyTrip,AI,AI-2810,2026-08-23,T+1,13644,2995,16639,2026-08-22T09:04:35.693Z,FALSE,"",06:00,TRUE
fare_BLR-DEL_AI_2026-08-23_T+1_1787410677119_jgen,BLR-DEL,EaseMyTrip,AI,AI-2414,2026-08-23,T+1,13644,2995,16639,2026-08-22T09:04:35.693Z,FALSE,"",05:30,TRUE
fare_BLR-DEL_AI_2026-08-23_T+1_1787410677119_t0ro,BLR-DEL,EaseMyTrip,AI,AI-2654,2026-08-23,T+1,13644,2995,16639,2026-08-22T09:04:35.693Z,FALSE,"",07:00,TRUE
fare_BLR-DEL_AI_2026-08-23_T+1_1787410677119_hn64,BLR-DEL,EaseMyTrip,AI,AI-2501,2026-08-23,T+1,13644,2995,16639,2026-08-22T09:04:35.693Z,FALSE,"",23:30,TRUE
fare_BLR-DEL_QP_2026-08-23_T+1_1787410677119_oulh,BLR-DEL,EaseMyTrip,QP,QP-1359,2026-08-23,T+1,13500,2964,16464,2026-08-22T09:04:35.693Z,FALSE,"",05:00,TRUE
fare_BLR-DEL_6E_2026-08-23_T+1_1787410677119_m1rk,BLR-DEL,EaseMyTrip,6E,6E-6863,2026-08-23,T+1,13603,2986,16589,2026-08-22T09:04:35.693Z,FALSE,"",08:20,FALSE
fare_BLR-DEL_AI_2026-08-23_T+1_1787410677119_6kj7,BLR-DEL,EaseMyTrip,AI,AI-2818,2026-08-23,T+1,13874,3046,16920,2026-08-22T09:04:35.693Z,FALSE,"",20:00,TRUE
fare_BLR-DEL_QP_2026-08-23_T+1_1787410677119_jics,BLR-DEL,EaseMyTrip,QP,QP-1381,2026-08-23,T+1,14140,3104,17244,2026-08-22T09:04:35.693Z,FALSE,"",04:50,FALSE
fare_BLR-DEL_6E_2026-08-23_T+1_1787410677119_608s,BLR-DEL,EaseMyTrip,6E,6E-472,2026-08-23,T+1,14492,3181,17673,2026-08-22T09:04:35.693Z,FALSE,"",19:30,TRUE
fare_BLR-DEL_6E_2026-08-23_T+1_1787410677119_rnsx,BLR-DEL,EaseMyTrip,6E,6E-892,2026-08-23,T+1,14492,3181,17673,2026-08-22T09:04:35.693Z,FALSE,"",19:30,TRUE
fare_BLR-DEL_6E_2026-08-23_T+1_1787410677119_a080,BLR-DEL,EaseMyTrip,6E,6E-530,2026-08-23,T+1,14492,3181,17673,2026-08-22T09:04:35.693Z,FALSE,"",20:40,TRUE
fare_BLR-DEL_6E_2026-08-23_T+1_1787410677119_o9ou,BLR-DEL,EaseMyTrip,6E,6E-250,2026-08-23,T+1,14492,3181,17673,2026-08-22T09:04:35.693Z,FALSE,"",20:40,TRUE
fare_BLR-DEL_QP_2026-08-23_T+1_1787410677119_nijv,BLR-DEL,EaseMyTrip,QP,QP-1307,2026-08-23,T+1,14540,3192,17732,2026-08-22T09:04:35.693Z,FALSE,"",17:20,TRUE
fare_BLR-DEL_AI_2026-08-23_T+1_1787410677119_0o9a,BLR-DEL,EaseMyTrip,AI,AI-2850,2026-08-23,T+1,14809,3251,18060,2026-08-22T09:04:35.693Z,FALSE,"",20:30,FALSE
fare_BLR-DEL_AI_2026-08-23_T+1_1787410677119_5ubv,BLR-DEL,EaseMyTrip,AI,AI-9806,2026-08-23,T+1,14939,3279,18218,2026-08-22T09:04:35.693Z,FALSE,"",17:35,FALSE
fare_BLR-DEL_AI_2026-08-23_T+1_1787410677119_ijif,BLR-DEL,EaseMyTrip,AI,AI-9762,2026-08-23,T+1,15129,3321,18450,2026-08-22T09:04:35.693Z,FALSE,"",07:05,FALSE
fare_BLR-DEL_6E_2026-08-23_T+1_1787410677119_blj7,BLR-DEL,EaseMyTrip,6E,6E-6283,2026-08-23,T+1,14966,3285,18251,2026-08-22T09:04:35.693Z,FALSE,"",19:05,FALSE
fare_BLR-DEL_6E_2026-08-23_T+1_1787410677119_l58u,BLR-DEL,EaseMyTrip,6E,6E-344,2026-08-23,T+1,15031,3299,18330,2026-08-22T09:04:35.693Z,FALSE,"",15:10,FALSE
fare_BLR-DEL_6E_2026-08-23_T+1_1787410677119_llt6,BLR-DEL,EaseMyTrip,6E,6E-751,2026-08-23,T+1,15031,3299,18330,2026-08-22T09:04:35.693Z,FALSE,"",15:10,FALSE
fare_BLR-DEL_6E_2026-08-23_T+1_1787410677119_q83l,BLR-DEL,EaseMyTrip,6E,6E-278,2026-08-23,T+1,15301,3359,18660,2026-08-22T09:04:35.693Z,FALSE,"",10:50,FALSE
fare_BLR-DEL_6E_2026-08-23_T+1_1787410677119_p5rv,BLR-DEL,EaseMyTrip,6E,6E-955,2026-08-23,T+1,15301,3359,18660,2026-08-22T09:04:35.693Z,FALSE,"",10:50,FALSE
fare_BLR-DEL_6E_2026-08-23_T+1_1787410677119_w8o1,BLR-DEL,EaseMyTrip,6E,6E-6162,2026-08-23,T+1,15335,3366,18701,2026-08-22T09:04:35.693Z,FALSE,"",18:50,FALSE
fare_BLR-DEL_6E_2026-08-23_T+1_1787410677119_cjd0,BLR-DEL,EaseMyTrip,6E,6E-6034,2026-08-23,T+1,15364,3372,18736,2026-08-22T09:04:35.693Z,FALSE,"",18:15,TRUE
fare_BLR-DEL_6E_2026-08-23_T+1_1787410677119_u3v3,BLR-DEL,EaseMyTrip,6E,6E-861,2026-08-23,T+1,15364,3372,18736,2026-08-22T09:04:35.693Z,FALSE,"",12:00,TRUE
fare_BLR-DEL_6E_2026-08-23_T+1_1787410677119_kyfm,BLR-DEL,EaseMyTrip,6E,6E-303,2026-08-23,T+1,15364,3372,18736,2026-08-22T09:04:35.693Z,FALSE,"",12:00,TRUE
fare_BLR-DEL_6E_2026-08-23_T+1_1787410677119_swqy,BLR-DEL,EaseMyTrip,6E,6E-178,2026-08-23,T+1,15364,3372,18736,2026-08-22T09:04:35.693Z,FALSE,"",09:30,TRUE
fare_BLR-DEL_6E_2026-08-23_T+1_1787410677119_cmk3,BLR-DEL,EaseMyTrip,6E,6E-626,2026-08-23,T+1,15364,3372,18736,2026-08-22T09:04:35.693Z,FALSE,"",09:30,TRUE
fare_BLR-DEL_6E_2026-08-23_T+1_1787410677119_yrvx,BLR-DEL,EaseMyTrip,6E,6E-6891,2026-08-23,T+1,15377,3376,18753,2026-08-22T09:04:35.693Z,FALSE,"",17:15,FALSE
fare_BLR-DEL_AI_2026-08-23_T+1_1787410677119_sojl,BLR-DEL,EaseMyTrip,AI,AI-2854,2026-08-23,T+1,15722,3451,19173,2026-08-22T09:04:35.693Z,FALSE,"",16:40,FALSE
fare_BLR-DEL_AI_2026-08-23_T+1_1787410677119_vm5k,BLR-DEL,EaseMyTrip,AI,AI-2486,2026-08-23,T+1,15948,3501,19449,2026-08-22T09:04:35.693Z,FALSE,"",14:00,TRUE
fare_BLR-DEL_AI_2026-08-23_T+1_1787410677119_u7fi,BLR-DEL,EaseMyTrip,AI,AI-2488,2026-08-23,T+1,15948,3501,19449,2026-08-22T09:04:35.693Z,FALSE,"",22:30,TRUE
fare_BLR-DEL_AI_2026-08-23_T+1_1787410677119_bqu8,BLR-DEL,EaseMyTrip,AI,AI-2868,2026-08-23,T+1,15948,3501,19449,2026-08-22T09:04:35.693Z,FALSE,"",09:00,TRUE
fare_BLR-DEL_AI_2026-08-23_T+1_1787410677119_1h9k,BLR-DEL,EaseMyTrip,AI,AI-2421,2026-08-23,T+1,15948,3501,19449,2026-08-22T09:04:35.693Z,FALSE,"",21:40,TRUE
fare_BLR-DEL_6E_2026-08-23_T+1_1787410677119_m6u9,BLR-DEL,EaseMyTrip,6E,6E-5255,2026-08-23,T+1,16138,3543,19681,2026-08-22T09:04:35.693Z,FALSE,"",17:25,FALSE
fare_BLR-DEL_AI_2026-08-23_T+1_1787410677119_m736,BLR-DEL,EaseMyTrip,AI,AI-9566,2026-08-23,T+1,16323,3583,19906,2026-08-22T09:04:35.693Z,FALSE,"",19:15,FALSE
fare_BLR-DEL_QP_2026-08-23_T+1_1787410677119_xfmk,BLR-DEL,EaseMyTrip,QP,QP-1821,2026-08-23,T+1,16173,3550,19723,2026-08-22T09:04:35.693Z,FALSE,"",13:10,TRUE
fare_BLR-DEL_6E_2026-08-23_T+1_1787410677119_jzic,BLR-DEL,EaseMyTrip,6E,6E-455,2026-08-23,T+1,16203,3557,19760,2026-08-22T09:04:35.693Z,FALSE,"",19:10,FALSE
fare_BLR-DEL_6E_2026-08-23_T+1_1787410677119_44kj,BLR-DEL,EaseMyTrip,6E,6E-267,2026-08-23,T+1,16203,3557,19760,2026-08-22T09:04:35.693Z,FALSE,"",19:10,FALSE
fare_BLR-DEL_6E_2026-08-23_T+1_1787410677119_m60b,BLR-DEL,EaseMyTrip,6E,6E-317,2026-08-23,T+1,16293,3576,19869,2026-08-22T09:04:35.693Z,FALSE,"",08:15,TRUE
fare_BLR-DEL_6E_2026-08-23_T+1_1787410677119_2qpe,BLR-DEL,EaseMyTrip,6E,6E-6039,2026-08-23,T+1,16293,3576,19869,2026-08-22T09:04:35.693Z,FALSE,"",17:00,TRUE
fare_BLR-DEL_6E_2026-08-23_T+1_1787410677119_7d8f,BLR-DEL,EaseMyTrip,6E,6E-720,2026-08-23,T+1,16293,3576,19869,2026-08-22T09:04:35.693Z,FALSE,"",13:55,TRUE
fare_BLR-DEL_6E_2026-08-23_T+1_1787410677119_v4lq,BLR-DEL,EaseMyTrip,6E,6E-370,2026-08-23,T+1,16293,3576,19869,2026-08-22T09:04:35.693Z,FALSE,"",13:55,TRUE
fare_BLR-DEL_6E_2026-08-23_T+1_1787410677119_zinm,BLR-DEL,EaseMyTrip,6E,6E-887,2026-08-23,T+1,16293,3576,19869,2026-08-22T09:04:35.693Z,FALSE,"",13:10,TRUE
fare_BLR-DEL_6E_2026-08-23_T+1_1787410677119_irfs,BLR-DEL,EaseMyTrip,6E,6E-324,2026-08-23,T+1,16293,3576,19869,2026-08-22T09:04:35.693Z,FALSE,"",13:10,TRUE
fare_BLR-DEL_6E_2026-08-23_T+1_1787410677119_runk,BLR-DEL,EaseMyTrip,6E,6E-448,2026-08-23,T+1,16293,3576,19869,2026-08-22T09:04:35.693Z,FALSE,"",10:45,TRUE
fare_BLR-DEL_6E_2026-08-23_T+1_1787410677119_ydia,BLR-DEL,EaseMyTrip,6E,6E-829,2026-08-23,T+1,16293,3576,19869,2026-08-22T09:04:35.693Z,FALSE,"",10:45,TRUE
fare_BLR-DEL_6E_2026-08-23_T+1_1787410677119_zdvy,BLR-DEL,EaseMyTrip,6E,6E-602,2026-08-23,T+1,16293,3576,19869,2026-08-22T09:04:35.693Z,FALSE,"",15:45,TRUE
fare_BLR-DEL_6E_2026-08-23_T+1_1787410677119_qwq6,BLR-DEL,EaseMyTrip,6E,6E-594,2026-08-23,T+1,16293,3576,19869,2026-08-22T09:04:35.693Z,FALSE,"",15:45,TRUE
fare_BLR-DEL_IX_2026-08-23_T+1_1787410677119_tn1j,BLR-DEL,EaseMyTrip,IX,IX-2410,2026-08-23,T+1,17003,3732,20735,2026-08-22T09:04:35.693Z,FALSE,"",22:15,TRUE
fare_BLR-DEL_IX_2026-08-23_T+1_1787410677119_2l7c,BLR-DEL,EaseMyTrip,IX,IX-1581,2026-08-23,T+1,17029,3738,20767,2026-08-22T09:04:35.693Z,FALSE,"",18:25,FALSE
fare_BLR-DEL_6E_2026-08-23_T+1_1787410677119_q2c5,BLR-DEL,EaseMyTrip,6E,6E-6178,2026-08-23,T+1,16806,3689,20495,2026-08-22T09:04:35.693Z,FALSE,"",06:25,FALSE
fare_BLR-DEL_6E_2026-08-23_T+1_1787410677119_7p7y,BLR-DEL,EaseMyTrip,6E,6E-677,2026-08-23,T+1,16811,3690,20501,2026-08-22T09:04:35.693Z,FALSE,"",15:30,FALSE
fare_BLR-DEL_6E_2026-08-23_T+1_1787410677119_06g0,BLR-DEL,EaseMyTrip,6E,6E-877,2026-08-23,T+1,16811,3690,20501,2026-08-22T09:04:35.693Z,FALSE,"",15:30,FALSE
fare_BLR-DEL_IX_2026-08-23_T+1_1787410677119_geuy,BLR-DEL,EaseMyTrip,IX,IX-2608,2026-08-23,T+1,17747,3896,21643,2026-08-22T09:04:35.693Z,FALSE,"",16:45,FALSE
fare_BLR-DEL_6E_2026-08-23_T+1_1787410677119_arx9,BLR-DEL,EaseMyTrip,6E,6E-851,2026-08-23,T+1,17636,3871,21507,2026-08-22T09:04:35.693Z,FALSE,"",09:15,FALSE
fare_BLR-DEL_6E_2026-08-23_T+1_1787410677119_temo,BLR-DEL,EaseMyTrip,6E,6E-477,2026-08-23,T+1,17636,3871,21507,2026-08-22T09:04:35.693Z,FALSE,"",09:15,FALSE
fare_BLR-DEL_6E_2026-08-23_T+1_1787410677119_o6ox,BLR-DEL,EaseMyTrip,6E,6E-968,2026-08-23,T+1,17636,3871,21507,2026-08-22T09:04:35.693Z,FALSE,"",08:15,FALSE
fare_BLR-DEL_6E_2026-08-23_T+1_1787410677119_btfe,BLR-DEL,EaseMyTrip,6E,6E-757,2026-08-23,T+1,17636,3871,21507,2026-08-22T09:04:35.693Z,FALSE,"",08:15,FALSE
fare_BLR-DEL_6E_2026-08-23_T+1_1787410677119_ru0b,BLR-DEL,EaseMyTrip,6E,6E-772,2026-08-23,T+1,17636,3871,21507,2026-08-22T09:04:35.693Z,FALSE,"",09:15,FALSE
fare_BLR-DEL_6E_2026-08-23_T+1_1787410677119_bp11,BLR-DEL,EaseMyTrip,6E,6E-426,2026-08-23,T+1,17636,3871,21507,2026-08-22T09:04:35.693Z,FALSE,"",09:15,FALSE
fare_BLR-DEL_AI_2026-08-23_T+1_1787410677119_ptx3,BLR-DEL,EaseMyTrip,AI,AI-428,2026-08-23,T+1,18453,4051,22504,2026-08-22T09:04:35.693Z,FALSE,"",14:55,TRUE
fare_BLR-DEL_AI_2026-08-23_T+1_1787410677119_6263,BLR-DEL,EaseMyTrip,AI,AI-2511,2026-08-23,T+1,18453,4051,22504,2026-08-22T09:04:35.693Z,FALSE,"",15:45,TRUE
fare_BLR-DEL_AI_2026-08-23_T+1_1787410677119_c1kx,BLR-DEL,EaseMyTrip,AI,AI-2418,2026-08-23,T+1,18453,4051,22504,2026-08-22T09:04:35.693Z,FALSE,"",16:30,TRUE
fare_BLR-DEL_AI_2026-08-23_T+1_1787410677119_ghjc,BLR-DEL,EaseMyTrip,AI,AI-2406,2026-08-23,T+1,18453,4051,22504,2026-08-22T09:04:35.693Z,FALSE,"",11:00,TRUE
fare_BLR-DEL_AI_2026-08-23_T+1_1787410677119_i2jw,BLR-DEL,EaseMyTrip,AI,AI-2802,2026-08-23,T+1,18453,4051,22504,2026-08-22T09:04:35.693Z,FALSE,"",18:20,TRUE
fare_BLR-DEL_AI_2026-08-23_T+1_1787410677119_kpc7,BLR-DEL,EaseMyTrip,AI,AI-2798,2026-08-23,T+1,18453,4051,22504,2026-08-22T09:04:35.693Z,FALSE,"",20:25,TRUE
fare_BLR-DEL_IX_2026-08-23_T+1_1787410677119_7vs0,BLR-DEL,EaseMyTrip,IX,IX-1239,2026-08-23,T+1,18611,4085,22696,2026-08-22T09:04:35.693Z,FALSE,"",06:35,FALSE
fare_BLR-DEL_6E_2026-08-23_T+1_1787410677119_9p29,BLR-DEL,EaseMyTrip,6E,6E-6595,2026-08-23,T+1,18398,4039,22437,2026-08-22T09:04:35.693Z,FALSE,"",13:55,FALSE
fare_BLR-DEL_6E_2026-08-23_T+1_1787410677119_1msq,BLR-DEL,EaseMyTrip,6E,6E-172,2026-08-23,T+1,18484,4057,22541,2026-08-22T09:04:35.693Z,FALSE,"",10:15,FALSE
fare_BLR-DEL_6E_2026-08-23_T+1_1787410677119_oej4,BLR-DEL,EaseMyTrip,6E,6E-357,2026-08-23,T+1,18484,4057,22541,2026-08-22T09:04:35.693Z,FALSE,"",10:15,FALSE
fare_BLR-DEL_AI_2026-08-23_T+1_1787410677119_ff0m,BLR-DEL,EaseMyTrip,AI,AI-9898,2026-08-23,T+1,18648,4093,22741,2026-08-22T09:04:35.693Z,FALSE,"",09:50,FALSE
fare_BLR-DEL_AI_2026-08-23_T+1_1787410677119_2e2n,BLR-DEL,EaseMyTrip,AI,AI-9437,2026-08-23,T+1,18713,4108,22821,2026-08-22T09:04:35.693Z,FALSE,"",07:05,FALSE
fare_BLR-DEL_IX_2026-08-23_T+1_1787410677119_44dv,BLR-DEL,EaseMyTrip,IX,IX-1480,2026-08-23,T+1,18787,4124,22911,2026-08-22T09:04:35.693Z,FALSE,"",11:50,FALSE
fare_BLR-DEL_AI_2026-08-23_T+1_1787410677119_6mf7,BLR-DEL,EaseMyTrip,AI,AI-9564,2026-08-23,T+1,18907,4150,23057,2026-08-22T09:04:35.693Z,FALSE,"",14:55,FALSE
fare_BLR-DEL_QP_2026-08-23_T+1_1787410677119_ipno,BLR-DEL,EaseMyTrip,QP,QP-1515,2026-08-23,T+1,18837,4135,22972,2026-08-22T09:04:35.693Z,FALSE,"",06:20,FALSE
fare_BLR-DEL_6E_2026-08-23_T+1_1787410677119_f3yu,BLR-DEL,EaseMyTrip,6E,6E-6784,2026-08-23,T+1,19272,4231,23503,2026-08-22T09:04:35.693Z,FALSE,"",21:30,FALSE
fare_BLR-DEL_IX_2026-08-23_T+1_1787410677119_867o,BLR-DEL,EaseMyTrip,IX,IX-1893,2026-08-23,T+1,19584,4299,23883,2026-08-22T09:04:35.693Z,FALSE,"",08:40,FALSE
fare_BLR-DEL_AI_2026-08-23_T+1_1787410677119_diqw,BLR-DEL,EaseMyTrip,AI,AI-9520,2026-08-23,T+1,19961,4382,24343,2026-08-22T09:04:35.693Z,FALSE,"",13:05,FALSE
fare_BLR-DEL_IX_2026-08-23_T+1_1787410677119_pyli,BLR-DEL,EaseMyTrip,IX,IX-2680,2026-08-23,T+1,20459,4491,24950,2026-08-22T09:04:35.693Z,FALSE,"",21:50,FALSE
fare_BLR-DEL_AI_2026-08-23_T+1_1787410677119_3z18,BLR-DEL,EaseMyTrip,AI,AI-9572,2026-08-23,T+1,20679,4539,25218,2026-08-22T09:04:35.693Z,FALSE,"",12:30,FALSE
fare_BLR-DEL_QP_2026-08-23_T+1_1787410677119_5r6h,BLR-DEL,EaseMyTrip,QP,QP-1313,2026-08-23,T+1,20537,4508,25045,2026-08-22T09:04:35.693Z,FALSE,"",10:10,FALSE
fare_BLR-DEL_IX_2026-08-23_T+1_1787410677119_2t35,BLR-DEL,EaseMyTrip,IX,IX-1481,2026-08-23,T+1,21051,4621,25672,2026-08-22T09:04:35.693Z,FALSE,"",05:00,TRUE
fare_BLR-DEL_6E_2026-08-23_T+1_1787410677119_vdjy,BLR-DEL,EaseMyTrip,6E,6E-6404,2026-08-23,T+1,20908,4590,25498,2026-08-22T09:04:35.693Z,FALSE,"",11:35,FALSE
fare_BLR-DEL_IX_2026-08-23_T+1_1787410677119_b68g,BLR-DEL,EaseMyTrip,IX,IX-2678,2026-08-23,T+1,21384,4694,26078,2026-08-22T09:04:35.693Z,FALSE,"",05:30,FALSE
fare_BLR-DEL_AI_2026-08-23_T+1_1787410677119_fu57,BLR-DEL,EaseMyTrip,AI,AI-9570,2026-08-23,T+1,21605,4743,26348,2026-08-22T09:04:35.693Z,FALSE,"",06:00,FALSE
fare_BLR-DEL_AI_2026-08-23_T+1_1787410677119_4bw7,BLR-DEL,EaseMyTrip,AI,AI-9568,2026-08-23,T+1,21605,4743,26348,2026-08-22T09:04:35.693Z,FALSE,"",17:20,FALSE
fare_BLR-DEL_6E_2026-08-23_T+1_1787410677119_cxka,BLR-DEL,EaseMyTrip,6E,6E-490,2026-08-23,T+1,21537,4728,26265,2026-08-22T09:04:35.693Z,FALSE,"",18:35,FALSE
fare_BLR-DEL_6E_2026-08-23_T+1_1787410677119_3b6g,BLR-DEL,EaseMyTrip,6E,6E-510,2026-08-23,T+1,21537,4728,26265,2026-08-22T09:04:35.693Z,FALSE,"",18:35,FALSE
fare_BLR-DEL_6E_2026-08-23_T+1_1787410677119_z5lt,BLR-DEL,EaseMyTrip,6E,6E-6067,2026-08-23,T+1,21682,4760,26442,2026-08-22T09:04:35.693Z,FALSE,"",16:30,FALSE
fare_BLR-DEL_IX_2026-08-23_T+1_1787410677119_8cvy,BLR-DEL,EaseMyTrip,IX,IX-1536,2026-08-23,T+1,22123,4856,26979,2026-08-22T09:04:35.693Z,FALSE,"",15:00,FALSE
fare_BLR-DEL_6E_2026-08-23_T+1_1787410677119_fh73,BLR-DEL,EaseMyTrip,6E,6E-5031,2026-08-23,T+1,21930,4814,26744,2026-08-22T09:04:35.693Z,FALSE,"",16:00,FALSE
fare_BLR-DEL_AI_2026-08-23_T+1_1787410677119_tc3o,BLR-DEL,EaseMyTrip,AI,AI-9455,2026-08-23,T+1,22360,4908,27268,2026-08-22T09:04:35.693Z,FALSE,"",08:40,FALSE
fare_BLR-DEL_IX_2026-08-23_T+1_1787410677119_krsz,BLR-DEL,EaseMyTrip,IX,IX-1385,2026-08-23,T+1,22550,4950,27500,2026-08-22T09:04:35.693Z,FALSE,"",10:55,FALSE
fare_BLR-DEL_AI_2026-08-23_T+1_1787410677119_08km,BLR-DEL,EaseMyTrip,AI,AI-9602,2026-08-23,T+1,27078,5944,33022,2026-08-22T09:04:35.693Z,TRUE,"High outlier: ₹33022 > upper fence ₹32537 (Q3: ₹22454, IQR: ₹6722)",07:15,FALSE
fare_BLR-DEL_6E_2026-08-23_T+1_1787410677119_n72l,BLR-DEL,EaseMyTrip,6E,6E-6104,2026-08-23,T+1,27687,6078,33765,2026-08-22T09:04:35.693Z,TRUE,"High outlier: ₹33765 > upper fence ₹32537 (Q3: ₹22454, IQR: ₹6722)",11:40,FALSE
fare_BLR-DEL_AI_2026-08-23_T+1_1787410677119_7ayd,BLR-DEL,EaseMyTrip,AI,AI-9605,2026-08-23,T+1,33912,7444,41356,2026-08-22T09:04:35.693Z,TRUE,"High outlier: ₹41356 > upper fence ₹32537 (Q3: ₹22454, IQR: ₹6722)",14:25,FALSE
fare_BLR-DEL_6E_2026-08-23_T+1_1787410677132_bt47,BLR-DEL,IndiGo,6E,6E-501,2026-08-23,T+1,5333,1171,6504,2026-08-22T05:06:34.652Z,FALSE,"",07:00,TRUE
fare_BLR-DEL_6E_2026-08-29_T+7_1787410677120_o6b6,BLR-DEL,EaseMyTrip,6E,6E-501,2026-08-29,T+7,6041,1326,7367,2026-08-22T05:06:35.387Z,FALSE,"",07:00,TRUE
fare_BLR-DEL_IX_2026-08-29_T+7_1787410677120_88o8,BLR-DEL,EaseMyTrip,IX,IX-1581,2026-08-29,T+7,7186,1577,8763,2026-08-22T09:04:41.501Z,FALSE,"",18:25,FALSE
fare_BLR-DEL_6E_2026-08-29_T+7_1787410677120_o51g,BLR-DEL,EaseMyTrip,6E,6E-2313,2026-08-29,T+7,7100,1559,8659,2026-08-22T09:04:41.501Z,FALSE,"",23:30,TRUE
fare_BLR-DEL_6E_2026-08-29_T+7_1787410677120_33f7,BLR-DEL,EaseMyTrip,6E,6E-2518,2026-08-29,T+7,7100,1559,8659,2026-08-22T09:04:41.501Z,FALSE,"",09:20,TRUE
fare_BLR-DEL_QP_2026-08-29_T+7_1787410677120_9z8q,BLR-DEL,EaseMyTrip,QP,QP-1811,2026-08-29,T+7,7216,1584,8800,2026-08-22T09:04:41.501Z,FALSE,"",04:15,TRUE
fare_BLR-DEL_IX_2026-08-29_T+7_1787410677120_uzp7,BLR-DEL,EaseMyTrip,IX,IX-2873,2026-08-29,T+7,7530,1653,9183,2026-08-22T09:04:41.501Z,FALSE,"",04:00,FALSE
fare_BLR-DEL_IX_2026-08-29_T+7_1787410677120_6j6m,BLR-DEL,EaseMyTrip,IX,IX-1239,2026-08-29,T+7,7530,1653,9183,2026-08-22T09:04:41.501Z,FALSE,"",06:35,FALSE
fare_BLR-DEL_IX_2026-08-29_T+7_1787410677120_yueo,BLR-DEL,EaseMyTrip,IX,IX-2680,2026-08-29,T+7,7530,1653,9183,2026-08-22T09:04:41.501Z,FALSE,"",21:50,FALSE
fare_BLR-DEL_AI_2026-08-29_T+7_1787410677120_oj3r,BLR-DEL,EaseMyTrip,AI,AI-2488,2026-08-29,T+7,7487,1643,9130,2026-08-22T09:04:41.501Z,FALSE,"",22:30,TRUE
fare_BLR-DEL_AI_2026-08-29_T+7_1787410677120_s2dp,BLR-DEL,EaseMyTrip,AI,AI-2501,2026-08-29,T+7,7487,1643,9130,2026-08-22T09:04:41.501Z,FALSE,"",23:30,TRUE
fare_BLR-DEL_AI_2026-08-29_T+7_1787410677120_2emn,BLR-DEL,EaseMyTrip,AI,AI-2421,2026-08-29,T+7,7487,1643,9130,2026-08-22T09:04:41.501Z,FALSE,"",21:40,TRUE
fare_BLR-DEL_IX_2026-08-29_T+7_1787410677120_1ulg,BLR-DEL,EaseMyTrip,IX,IX-2410,2026-08-29,T+7,7678,1686,9364,2026-08-22T09:04:41.501Z,FALSE,"",22:15,TRUE
fare_BLR-DEL_QP_2026-08-29_T+7_1787410677120_jlo2,BLR-DEL,EaseMyTrip,QP,QP-1823,2026-08-29,T+7,7451,1635,9086,2026-08-22T09:04:41.501Z,FALSE,"",06:05,TRUE
fare_BLR-DEL_QP_2026-08-29_T+7_1787410677120_n4w8,BLR-DEL,EaseMyTrip,QP,QP-1359,2026-08-29,T+7,7451,1635,9086,2026-08-22T09:04:41.501Z,FALSE,"",05:00,TRUE
fare_BLR-DEL_6E_2026-08-29_T+7_1787410677120_k897,BLR-DEL,EaseMyTrip,6E,6E-2455,2026-08-29,T+7,7473,1641,9114,2026-08-22T09:04:41.501Z,FALSE,"",06:25,TRUE
fare_BLR-DEL_6E_2026-08-29_T+7_1787410677120_6xqk,BLR-DEL,EaseMyTrip,6E,6E-273,2026-08-29,T+7,7474,1641,9115,2026-08-22T09:04:41.501Z,FALSE,"",03:00,TRUE
fare_BLR-DEL_6E_2026-08-29_T+7_1787410677120_ok0i,BLR-DEL,EaseMyTrip,6E,6E-833,2026-08-29,T+7,7474,1641,9115,2026-08-22T09:04:41.501Z,FALSE,"",03:00,TRUE
fare_BLR-DEL_6E_2026-08-29_T+7_1787410677120_gafz,BLR-DEL,EaseMyTrip,6E,6E-738,2026-08-29,T+7,7474,1641,9115,2026-08-22T09:04:41.501Z,FALSE,"",20:40,TRUE
fare_BLR-DEL_6E_2026-08-29_T+7_1787410677120_0ivd,BLR-DEL,EaseMyTrip,6E,6E-466,2026-08-29,T+7,7474,1641,9115,2026-08-22T09:04:41.501Z,FALSE,"",20:40,TRUE
fare_BLR-DEL_6E_2026-08-29_T+7_1787410677120_f984,BLR-DEL,EaseMyTrip,6E,6E-786,2026-08-29,T+7,7474,1641,9115,2026-08-22T09:04:41.501Z,FALSE,"",05:05,TRUE
fare_BLR-DEL_6E_2026-08-29_T+7_1787410677120_clvk,BLR-DEL,EaseMyTrip,6E,6E-482,2026-08-29,T+7,7474,1641,9115,2026-08-22T09:04:41.501Z,FALSE,"",05:05,TRUE
fare_BLR-DEL_IX_2026-08-29_T+7_1787410677120_rfyo,BLR-DEL,EaseMyTrip,IX,IX-1481,2026-08-29,T+7,7720,1695,9415,2026-08-22T09:04:41.501Z,FALSE,"",05:00,TRUE
fare_BLR-DEL_AI_2026-08-29_T+7_1787410677120_zqnz,BLR-DEL,EaseMyTrip,AI,AI-2810,2026-08-29,T+7,7861,1725,9586,2026-08-22T09:04:41.501Z,FALSE,"",06:00,TRUE
fare_BLR-DEL_AI_2026-08-29_T+7_1787410677120_r9yv,BLR-DEL,EaseMyTrip,AI,AI-2758,2026-08-29,T+7,7861,1725,9586,2026-08-22T09:04:41.501Z,FALSE,"",00:15,TRUE
fare_BLR-DEL_AI_2026-08-29_T+7_1787410677120_vdh0,BLR-DEL,EaseMyTrip,AI,AI-2756,2026-08-29,T+7,7861,1725,9586,2026-08-22T09:04:41.501Z,FALSE,"",02:15,TRUE
fare_BLR-DEL_AI_2026-08-29_T+7_1787410677120_nh2b,BLR-DEL,EaseMyTrip,AI,AI-2414,2026-08-29,T+7,7861,1725,9586,2026-08-22T09:04:41.501Z,FALSE,"",05:30,TRUE
fare_BLR-DEL_AI_2026-08-29_T+7_1787410677120_3tce,BLR-DEL,EaseMyTrip,AI,AI-1869,2026-08-29,T+7,7861,1725,9586,2026-08-22T09:04:41.501Z,FALSE,"",20:25,TRUE
fare_BLR-DEL_6E_2026-08-29_T+7_1787410677120_z7vs,BLR-DEL,EaseMyTrip,6E,6E-6554,2026-08-29,T+7,7836,1720,9556,2026-08-22T09:04:41.501Z,FALSE,"",19:15,FALSE
fare_BLR-DEL_6E_2026-08-29_T+7_1787410677120_fsng,BLR-DEL,EaseMyTrip,6E,6E-402,2026-08-29,T+7,7873,1728,9601,2026-08-22T09:04:41.501Z,FALSE,"",19:30,TRUE
fare_BLR-DEL_6E_2026-08-29_T+7_1787410677120_l16z,BLR-DEL,EaseMyTrip,6E,6E-559,2026-08-29,T+7,7873,1728,9601,2026-08-22T09:04:41.501Z,FALSE,"",19:30,TRUE
fare_BLR-DEL_6E_2026-08-29_T+7_1787410677120_gmw9,BLR-DEL,EaseMyTrip,6E,6E-6034,2026-08-29,T+7,7873,1728,9601,2026-08-22T09:04:41.501Z,FALSE,"",18:15,TRUE
fare_BLR-DEL_6E_2026-08-29_T+7_1787410677120_37m7,BLR-DEL,EaseMyTrip,6E,6E-171,2026-08-29,T+7,7873,1728,9601,2026-08-22T09:04:41.501Z,FALSE,"",15:45,TRUE
fare_BLR-DEL_6E_2026-08-29_T+7_1787410677120_xdqx,BLR-DEL,EaseMyTrip,6E,6E-186,2026-08-29,T+7,7873,1728,9601,2026-08-22T09:04:41.501Z,FALSE,"",15:45,TRUE
fare_BLR-DEL_6E_2026-08-29_T+7_1787410677120_zmc0,BLR-DEL,EaseMyTrip,6E,6E-579,2026-08-29,T+7,7873,1728,9601,2026-08-22T09:04:41.501Z,FALSE,"",13:55,TRUE
fare_BLR-DEL_6E_2026-08-29_T+7_1787410677120_tkfu,BLR-DEL,EaseMyTrip,6E,6E-122,2026-08-29,T+7,7873,1728,9601,2026-08-22T09:04:41.501Z,FALSE,"",13:55,TRUE
fare_BLR-DEL_6E_2026-08-29_T+7_1787410677120_krnq,BLR-DEL,EaseMyTrip,6E,6E-6039,2026-08-29,T+7,7873,1728,9601,2026-08-22T09:04:41.501Z,FALSE,"",17:00,TRUE
fare_BLR-DEL_6E_2026-08-29_T+7_1787410677120_z0xa,BLR-DEL,EaseMyTrip,6E,6E-704,2026-08-29,T+7,7873,1728,9601,2026-08-22T09:04:41.501Z,FALSE,"",08:15,TRUE
fare_BLR-DEL_6E_2026-08-29_T+7_1787410677120_jpee,BLR-DEL,EaseMyTrip,6E,6E-612,2026-08-29,T+7,7873,1728,9601,2026-08-22T09:04:41.501Z,FALSE,"",08:15,TRUE
fare_BLR-DEL_6E_2026-08-29_T+7_1787410677120_y7gm,BLR-DEL,EaseMyTrip,6E,6E-488,2026-08-29,T+7,7873,1728,9601,2026-08-22T09:04:41.501Z,FALSE,"",07:00,TRUE
fare_BLR-DEL_IX_2026-08-29_T+7_1787410677120_wmrj,BLR-DEL,EaseMyTrip,IX,IX-1217,2026-08-29,T+7,8104,1779,9883,2026-08-22T09:04:41.501Z,FALSE,"",06:15,FALSE
fare_BLR-DEL_QP_2026-08-29_T+7_1787410677120_69ea,BLR-DEL,EaseMyTrip,QP,QP-1307,2026-08-29,T+7,7989,1754,9743,2026-08-22T09:04:41.501Z,FALSE,"",17:20,TRUE
fare_BLR-DEL_AI_2026-08-29_T+7_1787410677120_gaxo,BLR-DEL,EaseMyTrip,AI,AI-2654,2026-08-29,T+7,8259,1813,10072,2026-08-22T09:04:41.501Z,FALSE,"",07:00,TRUE
fare_BLR-DEL_AI_2026-08-29_T+7_1787410677120_35b7,BLR-DEL,EaseMyTrip,AI,AI-2818,2026-08-29,T+7,8394,1842,10236,2026-08-22T09:04:41.501Z,FALSE,"",20:00,TRUE
fare_BLR-DEL_IX_2026-08-29_T+7_1787410677120_oket,BLR-DEL,EaseMyTrip,IX,IX-2786,2026-08-29,T+7,8514,1869,10383,2026-08-22T09:04:41.501Z,FALSE,"",09:20,FALSE
fare_BLR-DEL_AI_2026-08-29_T+7_1787410677120_ji4r,BLR-DEL,EaseMyTrip,AI,AI-2486,2026-08-29,T+7,8459,1857,10316,2026-08-22T09:04:41.501Z,FALSE,"",14:00,TRUE
fare_BLR-DEL_AI_2026-08-29_T+7_1787410677120_z6ok,BLR-DEL,EaseMyTrip,AI,AI-2418,2026-08-29,T+7,8459,1857,10316,2026-08-22T09:04:41.501Z,FALSE,"",16:30,TRUE
fare_BLR-DEL_AI_2026-08-29_T+7_1787410677120_zf77,BLR-DEL,EaseMyTrip,AI,AI-428,2026-08-29,T+7,8459,1857,10316,2026-08-22T09:04:41.501Z,FALSE,"",14:55,TRUE
fare_BLR-DEL_AI_2026-08-29_T+7_1787410677120_epsi,BLR-DEL,EaseMyTrip,AI,AI-2802,2026-08-29,T+7,8459,1857,10316,2026-08-22T09:04:41.501Z,FALSE,"",18:20,TRUE
fare_BLR-DEL_6E_2026-08-29_T+7_1787410677120_ndsc,BLR-DEL,EaseMyTrip,6E,6E-439,2026-08-29,T+7,8298,1822,10120,2026-08-22T09:04:41.501Z,FALSE,"",13:10,TRUE
fare_BLR-DEL_6E_2026-08-29_T+7_1787410677120_vtt5,BLR-DEL,EaseMyTrip,6E,6E-710,2026-08-29,T+7,8298,1822,10120,2026-08-22T09:04:41.501Z,FALSE,"",13:10,TRUE
fare_BLR-DEL_6E_2026-08-29_T+7_1787410677120_4i9f,BLR-DEL,EaseMyTrip,6E,6E-946,2026-08-29,T+7,8298,1822,10120,2026-08-22T09:04:41.501Z,FALSE,"",10:45,TRUE
fare_BLR-DEL_6E_2026-08-29_T+7_1787410677120_d1sq,BLR-DEL,EaseMyTrip,6E,6E-405,2026-08-29,T+7,8298,1822,10120,2026-08-22T09:04:41.501Z,FALSE,"",10:45,TRUE
fare_BLR-DEL_6E_2026-08-29_T+7_1787410677120_y829,BLR-DEL,EaseMyTrip,6E,6E-353,2026-08-29,T+7,8298,1822,10120,2026-08-22T09:04:41.501Z,FALSE,"",12:00,TRUE
fare_BLR-DEL_6E_2026-08-29_T+7_1787410677120_kv0t,BLR-DEL,EaseMyTrip,6E,6E-288,2026-08-29,T+7,8298,1822,10120,2026-08-22T09:04:41.501Z,FALSE,"",12:00,TRUE
fare_BLR-DEL_6E_2026-08-29_T+7_1787410677120_h9mn,BLR-DEL,EaseMyTrip,6E,6E-692,2026-08-29,T+7,8298,1822,10120,2026-08-22T09:04:41.501Z,FALSE,"",09:30,TRUE
fare_BLR-DEL_6E_2026-08-29_T+7_1787410677120_a0g9,BLR-DEL,EaseMyTrip,6E,6E-843,2026-08-29,T+7,8298,1822,10120,2026-08-22T09:04:41.501Z,FALSE,"",09:30,TRUE
fare_BLR-DEL_AI_2026-08-29_T+7_1787410677120_inpk,BLR-DEL,EaseMyTrip,AI,AI-2511,2026-08-29,T+7,8594,1886,10480,2026-08-22T09:04:41.501Z,FALSE,"",15:45,TRUE
fare_BLR-DEL_6E_2026-08-29_T+7_1787410677120_ub9e,BLR-DEL,EaseMyTrip,6E,6E-146,2026-08-29,T+7,8481,1862,10343,2026-08-22T09:04:41.501Z,FALSE,"",15:10,FALSE
fare_BLR-DEL_AI_2026-08-29_T+7_1787410677120_d7du,BLR-DEL,EaseMyTrip,AI,AI-1868,2026-08-29,T+7,8684,1906,10590,2026-08-22T09:04:41.501Z,FALSE,"",12:25,TRUE
fare_BLR-DEL_AI_2026-08-29_T+7_1787410677120_zt2g,BLR-DEL,EaseMyTrip,AI,AI-2868,2026-08-29,T+7,8728,1916,10644,2026-08-22T09:04:41.501Z,FALSE,"",09:00,TRUE
fare_BLR-DEL_6E_2026-08-29_T+7_1787410677120_l5fd,BLR-DEL,EaseMyTrip,6E,6E-6784,2026-08-29,T+7,8568,1881,10449,2026-08-22T09:04:41.501Z,FALSE,"",21:30,FALSE
fare_BLR-DEL_6E_2026-08-29_T+7_1787410677120_ns6p,BLR-DEL,EaseMyTrip,6E,6E-6162,2026-08-29,T+7,8684,1906,10590,2026-08-22T09:04:41.501Z,FALSE,"",18:50,FALSE
fare_BLR-DEL_IX_2026-08-29_T+7_1787410677120_phja,BLR-DEL,EaseMyTrip,IX,IX-1480,2026-08-29,T+7,9006,1977,10983,2026-08-22T09:04:41.501Z,FALSE,"",11:50,FALSE
fare_BLR-DEL_IX_2026-08-29_T+7_1787410677120_nqi5,BLR-DEL,EaseMyTrip,IX,IX-1576,2026-08-29,T+7,9006,1977,10983,2026-08-22T09:04:41.501Z,FALSE,"",18:55,FALSE
fare_BLR-DEL_6E_2026-08-29_T+7_1787410677120_umsx,BLR-DEL,EaseMyTrip,6E,6E-179,2026-08-29,T+7,8821,1936,10757,2026-08-22T09:04:41.501Z,FALSE,"",09:35,FALSE
fare_BLR-DEL_6E_2026-08-29_T+7_1787410677120_4w80,BLR-DEL,EaseMyTrip,6E,6E-774,2026-08-29,T+7,8821,1936,10757,2026-08-22T09:04:41.501Z,FALSE,"",09:35,FALSE
fare_BLR-DEL_AI_2026-08-29_T+7_1787410677120_r1j0,BLR-DEL,EaseMyTrip,AI,AI-2406,2026-08-29,T+7,9040,1984,11024,2026-08-22T09:04:41.501Z,FALSE,"",11:00,TRUE
fare_BLR-DEL_AI_2026-08-29_T+7_1787410677120_qyp4,BLR-DEL,EaseMyTrip,AI,AI-9602,2026-08-29,T+7,9053,1987,11040,2026-08-22T09:04:41.501Z,FALSE,"",11:00,FALSE
fare_BLR-DEL_QP_2026-08-29_T+7_1787410677120_5z1r,BLR-DEL,EaseMyTrip,QP,QP-1381,2026-08-29,T+7,9073,1992,11065,2026-08-22T09:04:41.501Z,FALSE,"",04:50,FALSE
fare_BLR-DEL_SG_2026-08-29_T+7_1787410677120_b3xq,BLR-DEL,EaseMyTrip,SG,SG-528,2026-08-29,T+7,9277,2037,11314,2026-08-22T09:04:41.501Z,FALSE,"",00:45,FALSE
fare_BLR-DEL_SG_2026-08-29_T+7_1787410677120_j7tn,BLR-DEL,EaseMyTrip,SG,SG-995,2026-08-29,T+7,9277,2037,11314,2026-08-22T09:04:41.501Z,FALSE,"",00:45,FALSE
fare_BLR-DEL_SG_2026-08-29_T+7_1787410677120_ztv2,BLR-DEL,EaseMyTrip,SG,SG-447,2026-08-29,T+7,9277,2037,11314,2026-08-22T09:04:41.501Z,FALSE,"",00:45,FALSE
fare_BLR-DEL_SG_2026-08-29_T+7_1787410677120_06dv,BLR-DEL,EaseMyTrip,SG,SG-806,2026-08-29,T+7,9277,2037,11314,2026-08-22T09:04:41.501Z,FALSE,"",00:45,FALSE
fare_BLR-DEL_SG_2026-08-29_T+7_1787410677120_3uil,BLR-DEL,EaseMyTrip,SG,SG-333,2026-08-29,T+7,9277,2037,11314,2026-08-22T09:04:41.501Z,FALSE,"",00:45,FALSE
fare_BLR-DEL_SG_2026-08-29_T+7_1787410677120_ukbw,BLR-DEL,EaseMyTrip,SG,SG-820,2026-08-29,T+7,9277,2037,11314,2026-08-22T09:04:41.501Z,FALSE,"",00:45,FALSE
fare_BLR-DEL_6E_2026-08-29_T+7_1787410677120_51se,BLR-DEL,EaseMyTrip,6E,6E-5293,2026-08-29,T+7,9118,2001,11119,2026-08-22T09:04:41.501Z,FALSE,"",01:00,FALSE
fare_BLR-DEL_6E_2026-08-29_T+7_1787410677120_g4a4,BLR-DEL,EaseMyTrip,6E,6E-561,2026-08-29,T+7,9160,2011,11171,2026-08-22T09:04:41.501Z,FALSE,"",21:40,FALSE
fare_BLR-DEL_6E_2026-08-29_T+7_1787410677120_6k7l,BLR-DEL,EaseMyTrip,6E,6E-160,2026-08-29,T+7,9160,2011,11171,2026-08-22T09:04:41.501Z,FALSE,"",21:40,FALSE
fare_BLR-DEL_6E_2026-08-29_T+7_1787410677120_vtzf,BLR-DEL,EaseMyTrip,6E,6E-156,2026-08-29,T+7,9160,2011,11171,2026-08-22T09:04:41.501Z,FALSE,"",23:05,FALSE
fare_BLR-DEL_6E_2026-08-29_T+7_1787410677120_sguu,BLR-DEL,EaseMyTrip,6E,6E-458,2026-08-29,T+7,9160,2011,11171,2026-08-22T09:04:41.501Z,FALSE,"",23:05,FALSE
fare_BLR-DEL_QP_2026-08-29_T+7_1787410677120_o8ib,BLR-DEL,EaseMyTrip,QP,QP-1821,2026-08-29,T+7,9209,2022,11231,2026-08-22T09:04:41.501Z,FALSE,"",13:10,TRUE
fare_BLR-DEL_AI_2026-08-29_T+7_1787410677120_tx8s,BLR-DEL,EaseMyTrip,AI,AI-9706,2026-08-29,T+7,9432,2070,11502,2026-08-22T09:04:41.501Z,FALSE,"",16:55,FALSE
fare_BLR-DEL_6E_2026-08-29_T+7_1787410677120_6pkq,BLR-DEL,EaseMyTrip,6E,6E-887,2026-08-29,T+7,9293,2040,11333,2026-08-22T09:04:41.501Z,FALSE,"",20:40,FALSE
fare_BLR-DEL_6E_2026-08-29_T+7_1787410677120_nlii,BLR-DEL,EaseMyTrip,6E,6E-556,2026-08-29,T+7,9293,2040,11333,2026-08-22T09:04:41.501Z,FALSE,"",20:40,FALSE
fare_BLR-DEL_6E_2026-08-29_T+7_1787410677120_7t03,BLR-DEL,EaseMyTrip,6E,6E-6876,2026-08-29,T+7,9332,2049,11381,2026-08-22T09:04:41.501Z,FALSE,"",02:40,FALSE
fare_BLR-DEL_6E_2026-08-29_T+7_1787410677120_0oul,BLR-DEL,EaseMyTrip,6E,6E-6563,2026-08-29,T+7,9332,2049,11381,2026-08-22T09:04:41.501Z,FALSE,"",01:05,FALSE
fare_BLR-DEL_6E_2026-08-29_T+7_1787410677120_1ckz,BLR-DEL,EaseMyTrip,6E,6E-6269,2026-08-29,T+7,9506,2087,11593,2026-08-22T09:04:41.501Z,FALSE,"",07:15,FALSE
fare_BLR-DEL_6E_2026-08-29_T+7_1787410677120_6ovm,BLR-DEL,EaseMyTrip,6E,6E-751,2026-08-29,T+7,9513,2088,11601,2026-08-22T09:04:41.501Z,FALSE,"",04:30,FALSE
fare_BLR-DEL_6E_2026-08-29_T+7_1787410677120_imhz,BLR-DEL,EaseMyTrip,6E,6E-359,2026-08-29,T+7,9513,2088,11601,2026-08-22T09:04:41.501Z,FALSE,"",04:30,FALSE
fare_BLR-DEL_QP_2026-08-29_T+7_1787410677120_n8hg,BLR-DEL,EaseMyTrip,QP,QP-1383,2026-08-29,T+7,9541,2094,11635,2026-08-22T09:04:41.501Z,FALSE,"",05:25,FALSE
fare_BLR-DEL_6E_2026-08-29_T+7_1787410677120_9g3g,BLR-DEL,EaseMyTrip,6E,6E-123,2026-08-29,T+7,9804,2152,11956,2026-08-22T09:04:41.501Z,FALSE,"",18:35,FALSE
fare_BLR-DEL_6E_2026-08-29_T+7_1787410677120_x5xw,BLR-DEL,EaseMyTrip,6E,6E-699,2026-08-29,T+7,9804,2152,11956,2026-08-22T09:04:41.501Z,FALSE,"",18:35,FALSE
fare_BLR-DEL_6E_2026-08-29_T+7_1787410677120_0lbn,BLR-DEL,EaseMyTrip,6E,6E-6067,2026-08-29,T+7,9804,2152,11956,2026-08-22T09:04:41.501Z,FALSE,"",16:30,FALSE
fare_BLR-DEL_6E_2026-08-29_T+7_1787410677120_2rz1,BLR-DEL,EaseMyTrip,6E,6E-6404,2026-08-29,T+7,9804,2152,11956,2026-08-22T09:04:41.501Z,FALSE,"",11:35,FALSE
fare_BLR-DEL_6E_2026-08-29_T+7_1787410677120_o97b,BLR-DEL,EaseMyTrip,6E,6E-304,2026-08-29,T+7,9927,2179,12106,2026-08-22T09:04:41.501Z,FALSE,"",16:20,FALSE
fare_BLR-DEL_6E_2026-08-29_T+7_1787410677120_hhr2,BLR-DEL,EaseMyTrip,6E,6E-810,2026-08-29,T+7,9927,2179,12106,2026-08-22T09:04:41.501Z,FALSE,"",16:20,FALSE
fare_BLR-DEL_6E_2026-08-29_T+7_1787410677120_59a3,BLR-DEL,EaseMyTrip,6E,6E-6863,2026-08-29,T+7,9972,2189,12161,2026-08-22T09:04:41.501Z,FALSE,"",08:20,FALSE
fare_BLR-DEL_6E_2026-08-29_T+7_1787410677120_gwtm,BLR-DEL,EaseMyTrip,6E,6E-265,2026-08-29,T+7,9993,2194,12187,2026-08-22T09:04:41.501Z,FALSE,"",19:10,FALSE
fare_BLR-DEL_6E_2026-08-29_T+7_1787410677120_3b06,BLR-DEL,EaseMyTrip,6E,6E-637,2026-08-29,T+7,9993,2194,12187,2026-08-22T09:04:41.501Z,FALSE,"",19:10,FALSE
fare_BLR-DEL_AI_2026-08-29_T+7_1787410677120_9xy3,BLR-DEL,EaseMyTrip,AI,AI-9810,2026-08-29,T+7,10189,2236,12425,2026-08-22T09:04:41.501Z,FALSE,"",21:50,FALSE
fare_BLR-DEL_AI_2026-08-29_T+7_1787410677120_fqz8,BLR-DEL,EaseMyTrip,AI,AI-9806,2026-08-29,T+7,10189,2236,12425,2026-08-22T09:04:41.501Z,FALSE,"",17:35,FALSE
fare_BLR-DEL_AI_2026-08-29_T+7_1787410677120_vzq9,BLR-DEL,EaseMyTrip,AI,AI-9808,2026-08-29,T+7,10189,2236,12425,2026-08-22T09:04:41.501Z,FALSE,"",04:00,FALSE
fare_BLR-DEL_6E_2026-08-29_T+7_1787410677120_uf71,BLR-DEL,EaseMyTrip,6E,6E-6891,2026-08-29,T+7,10125,2223,12348,2026-08-22T09:04:41.501Z,FALSE,"",17:15,FALSE
fare_BLR-DEL_6E_2026-08-29_T+7_1787410677120_q4uz,BLR-DEL,EaseMyTrip,6E,6E-688,2026-08-29,T+7,10129,2224,12353,2026-08-22T09:04:41.501Z,FALSE,"",10:15,FALSE
fare_BLR-DEL_6E_2026-08-29_T+7_1787410677120_aipl,BLR-DEL,EaseMyTrip,6E,6E-373,2026-08-29,T+7,10129,2224,12353,2026-08-22T09:04:41.501Z,FALSE,"",10:15,FALSE
fare_BLR-DEL_QP_2026-08-29_T+7_1787410677120_4dtu,BLR-DEL,EaseMyTrip,QP,QP-1515,2026-08-29,T+7,10269,2254,12523,2026-08-22T09:04:41.501Z,FALSE,"",06:20,FALSE
fare_BLR-DEL_6E_2026-08-29_T+7_1787410677120_5p67,BLR-DEL,EaseMyTrip,6E,6E-5051,2026-08-29,T+7,10421,2288,12709,2026-08-22T09:04:41.501Z,FALSE,"",08:30,FALSE
fare_BLR-DEL_6E_2026-08-29_T+7_1787410677120_whhw,BLR-DEL,EaseMyTrip,6E,6E-6423,2026-08-29,T+7,10457,2296,12753,2026-08-22T09:04:41.501Z,FALSE,"",20:00,FALSE
fare_BLR-DEL_6E_2026-08-29_T+7_1787410677120_k4c1,BLR-DEL,EaseMyTrip,6E,6E-161,2026-08-29,T+7,10489,2302,12791,2026-08-22T09:04:41.501Z,FALSE,"",09:15,FALSE
fare_BLR-DEL_6E_2026-08-29_T+7_1787410677120_ya7c,BLR-DEL,EaseMyTrip,6E,6E-382,2026-08-29,T+7,10489,2302,12791,2026-08-22T09:04:41.501Z,FALSE,"",09:15,FALSE
fare_BLR-DEL_6E_2026-08-29_T+7_1787410677120_h387,BLR-DEL,EaseMyTrip,6E,6E-6283,2026-08-29,T+7,10550,2316,12866,2026-08-22T09:04:41.501Z,FALSE,"",19:05,FALSE
fare_BLR-DEL_AI_2026-08-29_T+7_1787410677120_y2dh,BLR-DEL,EaseMyTrip,AI,AI-2604,2026-08-29,T+7,10717,2352,13069,2026-08-22T09:04:41.501Z,FALSE,"",09:15,FALSE
fare_BLR-DEL_AI_2026-08-29_T+7_1787410677120_xb5l,BLR-DEL,EaseMyTrip,AI,AI-2846,2026-08-29,T+7,10717,2352,13069,2026-08-22T09:04:41.501Z,FALSE,"",08:05,FALSE
fare_BLR-DEL_AI_2026-08-29_T+7_1787410677120_70zh,BLR-DEL,EaseMyTrip,AI,AI-2402,2026-08-29,T+7,10717,2352,13069,2026-08-22T09:04:41.501Z,FALSE,"",06:35,FALSE
fare_BLR-DEL_6E_2026-08-29_T+7_1787410677120_0tnr,BLR-DEL,EaseMyTrip,6E,6E-700,2026-08-29,T+7,10617,2331,12948,2026-08-22T09:04:41.501Z,FALSE,"",16:25,FALSE
fare_BLR-DEL_6E_2026-08-29_T+7_1787410677120_vgz2,BLR-DEL,EaseMyTrip,6E,6E-868,2026-08-29,T+7,10617,2331,12948,2026-08-22T09:04:41.501Z,FALSE,"",16:25,FALSE
fare_BLR-DEL_AI_2026-08-29_T+7_1787410677120_j884,BLR-DEL,EaseMyTrip,AI,AI-9574,2026-08-29,T+7,11004,2415,13419,2026-08-22T09:04:41.501Z,FALSE,"",08:55,FALSE
fare_BLR-DEL_6E_2026-08-29_T+7_1787410677120_s40d,BLR-DEL,EaseMyTrip,6E,6E-6451,2026-08-29,T+7,10930,2399,13329,2026-08-22T09:04:41.501Z,FALSE,"",16:45,FALSE
fare_BLR-DEL_6E_2026-08-29_T+7_1787410677120_o70w,BLR-DEL,EaseMyTrip,6E,6E-5351,2026-08-29,T+7,10977,2409,13386,2026-08-22T09:04:41.501Z,FALSE,"",14:20,FALSE
fare_BLR-DEL_6E_2026-08-29_T+7_1787410677120_hq9c,BLR-DEL,EaseMyTrip,6E,6E-473,2026-08-29,T+7,10985,2411,13396,2026-08-22T09:04:41.501Z,FALSE,"",09:15,FALSE
fare_BLR-DEL_6E_2026-08-29_T+7_1787410677120_swmj,BLR-DEL,EaseMyTrip,6E,6E-254,2026-08-29,T+7,10985,2411,13396,2026-08-22T09:04:41.501Z,FALSE,"",09:15,FALSE
fare_BLR-DEL_6E_2026-08-29_T+7_1787410677120_y6dz,BLR-DEL,EaseMyTrip,6E,6E-6178,2026-08-29,T+7,11050,2426,13476,2026-08-22T09:04:41.501Z,FALSE,"",06:25,FALSE
fare_BLR-DEL_6E_2026-08-29_T+7_1787410677120_2q6l,BLR-DEL,EaseMyTrip,6E,6E-6558,2026-08-29,T+7,11104,2438,13542,2026-08-22T09:04:41.501Z,FALSE,"",09:05,FALSE
fare_BLR-DEL_6E_2026-08-29_T+7_1787410677120_132h,BLR-DEL,EaseMyTrip,6E,6E-6595,2026-08-29,T+7,11159,2449,13608,2026-08-22T09:04:41.501Z,FALSE,"",13:55,FALSE
fare_BLR-DEL_6E_2026-08-29_T+7_1787410677120_cnm6,BLR-DEL,EaseMyTrip,6E,6E-616,2026-08-29,T+7,11159,2449,13608,2026-08-22T09:04:41.501Z,FALSE,"",17:30,FALSE
fare_BLR-DEL_6E_2026-08-29_T+7_1787410677120_1iq0,BLR-DEL,EaseMyTrip,6E,6E-499,2026-08-29,T+7,11159,2449,13608,2026-08-22T09:04:41.501Z,FALSE,"",17:30,FALSE
fare_BLR-DEL_6E_2026-08-29_T+7_1787410677120_i4mc,BLR-DEL,EaseMyTrip,6E,6E-5255,2026-08-29,T+7,11159,2449,13608,2026-08-22T09:04:41.501Z,FALSE,"",17:25,FALSE
fare_BLR-DEL_6E_2026-08-29_T+7_1787410677120_2bd6,BLR-DEL,EaseMyTrip,6E,6E-7204,2026-08-29,T+7,11159,2449,13608,2026-08-22T09:04:41.501Z,FALSE,"",06:50,FALSE
fare_BLR-DEL_IX_2026-08-29_T+7_1787410677120_llvk,BLR-DEL,EaseMyTrip,IX,IX-2816,2026-08-29,T+7,11436,2510,13946,2026-08-22T09:04:41.501Z,FALSE,"",09:50,FALSE
fare_BLR-DEL_6E_2026-08-29_T+7_1787410677120_mnsf,BLR-DEL,EaseMyTrip,6E,6E-6875,2026-08-29,T+7,11223,2463,13686,2026-08-22T09:04:41.501Z,FALSE,"",19:55,FALSE
fare_BLR-DEL_6E_2026-08-29_T+7_1787410677120_v124,BLR-DEL,EaseMyTrip,6E,6E-989,2026-08-29,T+7,11223,2463,13686,2026-08-22T09:04:41.501Z,FALSE,"",10:50,FALSE
fare_BLR-DEL_6E_2026-08-29_T+7_1787410677120_sszz,BLR-DEL,EaseMyTrip,6E,6E-765,2026-08-29,T+7,11223,2463,13686,2026-08-22T09:04:41.501Z,FALSE,"",10:50,FALSE
fare_BLR-DEL_6E_2026-08-29_T+7_1787410677120_7xus,BLR-DEL,EaseMyTrip,6E,6E-6277,2026-08-29,T+7,11331,2487,13818,2026-08-22T09:04:41.501Z,FALSE,"",14:45,FALSE
fare_BLR-DEL_AI_2026-08-29_T+7_1787410677120_bwc3,BLR-DEL,EaseMyTrip,AI,AI-9566,2026-08-29,T+7,11654,2558,14212,2026-08-22T09:04:41.501Z,FALSE,"",19:15,FALSE
fare_BLR-DEL_6E_2026-08-29_T+7_1787410677120_fgxr,BLR-DEL,EaseMyTrip,6E,6E-6439,2026-08-29,T+7,11503,2525,14028,2026-08-22T09:04:41.501Z,FALSE,"",06:30,FALSE
fare_BLR-DEL_AI_2026-08-29_T+7_1787410677120_ha84,BLR-DEL,EaseMyTrip,AI,AI-9568,2026-08-29,T+7,11882,2608,14490,2026-08-22T09:04:41.501Z,FALSE,"",17:20,FALSE
fare_BLR-DEL_IX_2026-08-29_T+7_1787410677120_z1g6,BLR-DEL,EaseMyTrip,IX,IX-1502,2026-08-29,T+7,11997,2634,14631,2026-08-22T09:04:41.501Z,FALSE,"",10:35,FALSE
fare_BLR-DEL_6E_2026-08-29_T+7_1787410677120_mp7h,BLR-DEL,EaseMyTrip,6E,6E-381,2026-08-29,T+7,11818,2594,14412,2026-08-22T09:04:41.501Z,FALSE,"",08:15,FALSE
fare_BLR-DEL_6E_2026-08-29_T+7_1787410677120_tuuj,BLR-DEL,EaseMyTrip,6E,6E-274,2026-08-29,T+7,11818,2594,14412,2026-08-22T09:04:41.501Z,FALSE,"",08:15,FALSE
fare_BLR-DEL_AI_2026-08-29_T+7_1787410677120_h5y9,BLR-DEL,EaseMyTrip,AI,AI-9426,2026-08-29,T+7,12201,2678,14879,2026-08-22T09:04:41.501Z,FALSE,"",12:30,FALSE
fare_BLR-DEL_6E_2026-08-29_T+7_1787410677120_zl9l,BLR-DEL,EaseMyTrip,6E,6E-6653,2026-08-29,T+7,12116,2659,14775,2026-08-22T09:04:41.501Z,FALSE,"",12:35,FALSE
fare_BLR-DEL_AI_2026-08-29_T+7_1787410677120_0f85,BLR-DEL,EaseMyTrip,AI,AI-9570,2026-08-29,T+7,12809,2812,15621,2026-08-22T09:04:41.501Z,FALSE,"",06:00,FALSE
fare_BLR-DEL_AI_2026-08-29_T+7_1787410677120_afhi,BLR-DEL,EaseMyTrip,AI,AI-9434,2026-08-29,T+7,12881,2828,15709,2026-08-22T09:04:41.501Z,FALSE,"",11:00,FALSE
fare_BLR-DEL_AI_2026-08-29_T+7_1787410677120_eecr,BLR-DEL,EaseMyTrip,AI,AI-9572,2026-08-29,T+7,12920,2836,15756,2026-08-22T09:04:41.501Z,FALSE,"",12:30,FALSE
fare_BLR-DEL_AI_2026-08-29_T+7_1787410677120_g7ri,BLR-DEL,EaseMyTrip,AI,AI-9437,2026-08-29,T+7,13221,2902,16123,2026-08-22T09:04:41.501Z,FALSE,"",07:05,FALSE
fare_BLR-DEL_AI_2026-08-29_T+7_1787410677120_6qn3,BLR-DEL,EaseMyTrip,AI,AI-9520,2026-08-29,T+7,13232,2905,16137,2026-08-22T09:04:41.501Z,FALSE,"",13:05,FALSE
fare_BLR-DEL_IX_2026-08-29_T+7_1787410677120_q85v,BLR-DEL,EaseMyTrip,IX,IX-1536,2026-08-29,T+7,13942,3061,17003,2026-08-22T09:04:41.501Z,FALSE,"",15:00,FALSE
fare_BLR-DEL_AI_2026-08-29_T+7_1787410677120_zuj5,BLR-DEL,EaseMyTrip,AI,AI-9898,2026-08-29,T+7,14024,3079,17103,2026-08-22T09:04:41.501Z,FALSE,"",09:50,FALSE
fare_BLR-DEL_IX_2026-08-29_T+7_1787410677120_rg64,BLR-DEL,EaseMyTrip,IX,IX-1385,2026-08-29,T+7,14863,3263,18126,2026-08-22T09:04:41.501Z,FALSE,"",10:55,FALSE
fare_BLR-DEL_IX_2026-08-29_T+7_1787410677120_6x2x,BLR-DEL,EaseMyTrip,IX,IX-2608,2026-08-29,T+7,16926,3715,20641,2026-08-22T09:04:41.501Z,TRUE,"High outlier: ₹20641 > upper fence ₹18921 (Q3: ₹13329, IQR: ₹3728)",16:45,FALSE
fare_BLR-DEL_AI_2026-08-29_T+7_1787410677120_xppw,BLR-DEL,EaseMyTrip,AI,AI-9475,2026-08-29,T+7,17391,3818,21209,2026-08-22T09:04:41.501Z,TRUE,"High outlier: ₹21209 > upper fence ₹18921 (Q3: ₹13329, IQR: ₹3728)",11:50,FALSE
fare_BLR-DEL_IX_2026-08-29_T+7_1787410677120_0rd5,BLR-DEL,EaseMyTrip,IX,IX-1893,2026-08-29,T+7,17533,3849,21382,2026-08-22T09:04:41.501Z,TRUE,"High outlier: ₹21382 > upper fence ₹18921 (Q3: ₹13329, IQR: ₹3728)",08:40,FALSE
fare_BLR-DEL_IX_2026-08-29_T+7_1787410677120_npw5,BLR-DEL,EaseMyTrip,IX,IX-2678,2026-08-29,T+7,17533,3849,21382,2026-08-22T09:04:41.501Z,TRUE,"High outlier: ₹21382 > upper fence ₹18921 (Q3: ₹13329, IQR: ₹3728)",05:30,FALSE
fare_BLR-DEL_6E_2026-08-29_T+7_1787410677120_wqe4,BLR-DEL,EaseMyTrip,6E,6E-6465,2026-08-29,T+7,18218,3999,22217,2026-08-22T09:04:41.501Z,TRUE,"High outlier: ₹22217 > upper fence ₹18921 (Q3: ₹13329, IQR: ₹3728)",17:15,FALSE
fare_BLR-DEL_AI_2026-08-29_T+7_1787410677120_nsv5,BLR-DEL,EaseMyTrip,AI,AI-9455,2026-08-29,T+7,24478,5373,29851,2026-08-22T09:04:41.501Z,TRUE,"High outlier: ₹29851 > upper fence ₹18921 (Q3: ₹13329, IQR: ₹3728)",08:40,FALSE
fare_BLR-DEL_AI_2026-08-29_T+7_1787410677120_c68r,BLR-DEL,EaseMyTrip,AI,AI-2854,2026-08-29,T+7,35694,7835,43529,2026-08-22T09:04:41.501Z,TRUE,"High outlier: ₹43529 > upper fence ₹18921 (Q3: ₹13329, IQR: ₹3728)",16:40,FALSE
fare_BLR-DEL_6E_2026-08-29_T+7_1787410677132_dryj,BLR-DEL,IndiGo,6E,6E-501,2026-08-29,T+7,6085,1336,7421,2026-08-22T05:06:34.652Z,FALSE,"",07:00,TRUE
fare_BLR-HYD_IX_2026-08-23_T+1_1787410677121_njbb,BLR-HYD,EaseMyTrip,IX,IX-2506,2026-08-23,T+1,7314,1605,8919,2026-08-22T09:05:34.401Z,FALSE,"",17:20,TRUE
fare_BLR-HYD_IX_2026-08-23_T+1_1787410677121_grit,BLR-HYD,EaseMyTrip,IX,IX-1250,2026-08-23,T+1,7314,1605,8919,2026-08-22T09:05:34.401Z,FALSE,"",19:15,TRUE
fare_BLR-HYD_IX_2026-08-23_T+1_1787410677121_sqe4,BLR-HYD,EaseMyTrip,IX,IX-2935,2026-08-23,T+1,7314,1605,8919,2026-08-22T09:05:34.401Z,FALSE,"",08:55,TRUE
fare_BLR-HYD_6E_2026-08-23_T+1_1787410677121_a9kc,BLR-HYD,EaseMyTrip,6E,6E-6168,2026-08-23,T+1,7185,1577,8762,2026-08-22T09:05:34.401Z,FALSE,"",17:40,FALSE
fare_BLR-HYD_6E_2026-08-23_T+1_1787410677121_5lfb,BLR-HYD,EaseMyTrip,6E,6E-6554,2026-08-23,T+1,7185,1577,8762,2026-08-22T09:05:34.401Z,FALSE,"",19:15,FALSE
fare_BLR-HYD_6E_2026-08-23_T+1_1787410677121_sb5k,BLR-HYD,EaseMyTrip,6E,6E-185,2026-08-23,T+1,7185,1577,8762,2026-08-22T09:05:34.401Z,FALSE,"",23:05,FALSE
fare_BLR-HYD_6E_2026-08-23_T+1_1787410677121_k08r,BLR-HYD,EaseMyTrip,6E,6E-445,2026-08-23,T+1,7185,1577,8762,2026-08-22T09:05:34.401Z,FALSE,"",23:05,FALSE
fare_BLR-HYD_6E_2026-08-23_T+1_1787410677121_sowt,BLR-HYD,EaseMyTrip,6E,6E-6876,2026-08-23,T+1,7185,1577,8762,2026-08-22T09:05:34.401Z,FALSE,"",02:40,FALSE
fare_BLR-HYD_6E_2026-08-23_T+1_1787410677121_3r7a,BLR-HYD,EaseMyTrip,6E,6E-6445,2026-08-23,T+1,7185,1577,8762,2026-08-22T09:05:34.401Z,FALSE,"",10:25,FALSE
fare_BLR-HYD_6E_2026-08-23_T+1_1787410677121_kcgl,BLR-HYD,EaseMyTrip,6E,6E-6753,2026-08-23,T+1,7185,1577,8762,2026-08-22T09:05:34.401Z,FALSE,"",15:15,FALSE
fare_BLR-HYD_6E_2026-08-23_T+1_1787410677121_j4jy,BLR-HYD,EaseMyTrip,6E,6E-6563,2026-08-23,T+1,7185,1577,8762,2026-08-22T09:05:34.401Z,FALSE,"",01:05,FALSE
fare_BLR-HYD_6E_2026-08-23_T+1_1787410677121_39ze,BLR-HYD,EaseMyTrip,6E,6E-113,2026-08-23,T+1,7726,1696,9422,2026-08-22T09:05:34.401Z,FALSE,"",07:05,FALSE
fare_BLR-HYD_6E_2026-08-23_T+1_1787410677121_bpyb,BLR-HYD,EaseMyTrip,6E,6E-328,2026-08-23,T+1,7726,1696,9422,2026-08-22T09:05:34.401Z,FALSE,"",07:05,FALSE
fare_BLR-HYD_IX_2026-08-23_T+1_1787410677121_9ye1,BLR-HYD,EaseMyTrip,IX,IX-2051,2026-08-23,T+1,7961,1748,9709,2026-08-22T09:05:34.401Z,FALSE,"",14:55,TRUE
fare_BLR-HYD_IX_2026-08-23_T+1_1787410677121_vgqx,BLR-HYD,EaseMyTrip,IX,IX-2018,2026-08-23,T+1,7961,1748,9709,2026-08-22T09:05:34.401Z,FALSE,"",06:00,TRUE
fare_BLR-HYD_6E_2026-08-23_T+1_1787410677121_ldzw,BLR-HYD,EaseMyTrip,6E,6E-7227,2026-08-23,T+1,8210,1802,10012,2026-08-22T09:05:34.401Z,FALSE,"",06:25,FALSE
fare_BLR-HYD_6E_2026-08-23_T+1_1787410677121_1rgr,BLR-HYD,EaseMyTrip,6E,6E-7737,2026-08-23,T+1,8210,1802,10012,2026-08-22T09:05:34.401Z,FALSE,"",15:15,FALSE
fare_BLR-HYD_6E_2026-08-23_T+1_1787410677121_b5sq,BLR-HYD,EaseMyTrip,6E,6E-7204,2026-08-23,T+1,8212,1803,10015,2026-08-22T09:05:34.401Z,FALSE,"",06:50,FALSE
fare_BLR-HYD_6E_2026-08-23_T+1_1787410677121_79v3,BLR-HYD,EaseMyTrip,6E,6E-730,2026-08-23,T+1,8317,1826,10143,2026-08-22T09:05:34.401Z,FALSE,"",21:40,FALSE
fare_BLR-HYD_6E_2026-08-23_T+1_1787410677121_dugj,BLR-HYD,EaseMyTrip,6E,6E-601,2026-08-23,T+1,8317,1826,10143,2026-08-22T09:05:34.401Z,FALSE,"",21:40,FALSE
fare_BLR-HYD_6E_2026-08-23_T+1_1787410677121_d77v,BLR-HYD,EaseMyTrip,6E,6E-680,2026-08-23,T+1,8317,1826,10143,2026-08-22T09:05:34.401Z,FALSE,"",07:05,FALSE
fare_BLR-HYD_6E_2026-08-23_T+1_1787410677121_g55j,BLR-HYD,EaseMyTrip,6E,6E-608,2026-08-23,T+1,8317,1826,10143,2026-08-22T09:05:34.401Z,FALSE,"",07:05,FALSE
fare_BLR-HYD_6E_2026-08-23_T+1_1787410677121_tq1t,BLR-HYD,EaseMyTrip,6E,6E-449,2026-08-23,T+1,8774,1926,10700,2026-08-22T09:05:34.401Z,FALSE,"",19:15,TRUE
fare_BLR-HYD_6E_2026-08-23_T+1_1787410677121_ppiv,BLR-HYD,EaseMyTrip,6E,6E-664,2026-08-23,T+1,8774,1926,10700,2026-08-22T09:05:34.401Z,FALSE,"",19:15,TRUE
fare_BLR-HYD_6E_2026-08-23_T+1_1787410677121_8yts,BLR-HYD,EaseMyTrip,6E,6E-6178,2026-08-23,T+1,8678,1905,10583,2026-08-22T09:05:34.401Z,FALSE,"",06:25,TRUE
fare_BLR-HYD_IX_2026-08-23_T+1_1787410677121_t44d,BLR-HYD,EaseMyTrip,IX,IX-2819,2026-08-23,T+1,8918,1957,10875,2026-08-22T09:05:34.401Z,FALSE,"",12:30,TRUE
fare_BLR-HYD_6E_2026-08-23_T+1_1787410677121_150p,BLR-HYD,EaseMyTrip,6E,6E-590,2026-08-23,T+1,8966,1968,10934,2026-08-22T09:05:34.401Z,FALSE,"",12:55,FALSE
fare_BLR-HYD_6E_2026-08-23_T+1_1787410677121_ea9r,BLR-HYD,EaseMyTrip,6E,6E-597,2026-08-23,T+1,8966,1968,10934,2026-08-22T09:05:34.401Z,FALSE,"",12:55,FALSE
fare_BLR-HYD_6E_2026-08-23_T+1_1787410677121_hr1r,BLR-HYD,EaseMyTrip,6E,6E-212,2026-08-23,T+1,8966,1968,10934,2026-08-22T09:05:34.401Z,FALSE,"",14:25,FALSE
fare_BLR-HYD_6E_2026-08-23_T+1_1787410677121_lo3y,BLR-HYD,EaseMyTrip,6E,6E-481,2026-08-23,T+1,8966,1968,10934,2026-08-22T09:05:34.401Z,FALSE,"",14:25,FALSE
fare_BLR-HYD_6E_2026-08-23_T+1_1787410677121_p61z,BLR-HYD,EaseMyTrip,6E,6E-724,2026-08-23,T+1,8966,1968,10934,2026-08-22T09:05:34.401Z,FALSE,"",11:55,FALSE
fare_BLR-HYD_6E_2026-08-23_T+1_1787410677121_0xh7,BLR-HYD,EaseMyTrip,6E,6E-964,2026-08-23,T+1,8966,1968,10934,2026-08-22T09:05:34.401Z,FALSE,"",11:55,FALSE
fare_BLR-HYD_6E_2026-08-23_T+1_1787410677121_87bx,BLR-HYD,EaseMyTrip,6E,6E-6653,2026-08-23,T+1,8966,1968,10934,2026-08-22T09:05:34.401Z,FALSE,"",12:35,FALSE
fare_BLR-HYD_6E_2026-08-23_T+1_1787410677121_2o2h,BLR-HYD,EaseMyTrip,6E,6E-108,2026-08-23,T+1,8966,1968,10934,2026-08-22T09:05:34.401Z,FALSE,"",12:55,FALSE
fare_BLR-HYD_6E_2026-08-23_T+1_1787410677121_430y,BLR-HYD,EaseMyTrip,6E,6E-232,2026-08-23,T+1,8966,1968,10934,2026-08-22T09:05:34.401Z,FALSE,"",12:55,FALSE
fare_BLR-HYD_6E_2026-08-23_T+1_1787410677121_wfnl,BLR-HYD,EaseMyTrip,6E,6E-6583,2026-08-23,T+1,9073,1992,11065,2026-08-22T09:05:34.401Z,FALSE,"",10:40,FALSE
fare_BLR-HYD_6E_2026-08-23_T+1_1787410677121_k9h5,BLR-HYD,EaseMyTrip,6E,6E-429,2026-08-23,T+1,10339,2269,12608,2026-08-22T09:05:34.401Z,FALSE,"",09:15,TRUE
fare_BLR-HYD_6E_2026-08-23_T+1_1787410677121_b4kl,BLR-HYD,EaseMyTrip,6E,6E-914,2026-08-23,T+1,10339,2269,12608,2026-08-22T09:05:34.401Z,FALSE,"",09:15,TRUE
fare_BLR-HYD_6E_2026-08-23_T+1_1787410677121_gmes,BLR-HYD,EaseMyTrip,6E,6E-160,2026-08-23,T+1,10339,2269,12608,2026-08-22T09:05:34.401Z,FALSE,"",08:15,TRUE
fare_BLR-HYD_6E_2026-08-23_T+1_1787410677121_1c94,BLR-HYD,EaseMyTrip,6E,6E-202,2026-08-23,T+1,10339,2269,12608,2026-08-22T09:05:34.401Z,FALSE,"",08:15,TRUE
fare_BLR-HYD_6E_2026-08-23_T+1_1787410677121_dumc,BLR-HYD,EaseMyTrip,6E,6E-6208,2026-08-23,T+1,10449,2294,12743,2026-08-22T09:05:34.401Z,FALSE,"",12:45,FALSE
fare_BLR-HYD_6E_2026-08-23_T+1_1787410677121_dqx7,BLR-HYD,EaseMyTrip,6E,6E-778,2026-08-23,T+1,10449,2294,12743,2026-08-22T09:05:34.401Z,FALSE,"",07:05,FALSE
fare_BLR-HYD_6E_2026-08-23_T+1_1787410677121_73hr,BLR-HYD,EaseMyTrip,6E,6E-928,2026-08-23,T+1,10449,2294,12743,2026-08-22T09:05:34.401Z,FALSE,"",07:05,FALSE
fare_BLR-HYD_6E_2026-08-23_T+1_1787410677121_ap28,BLR-HYD,EaseMyTrip,6E,6E-7005,2026-08-23,T+1,10449,2294,12743,2026-08-22T09:05:34.401Z,FALSE,"",08:05,FALSE
fare_BLR-HYD_6E_2026-08-23_T+1_1787410677121_a183,BLR-HYD,EaseMyTrip,6E,6E-6269,2026-08-23,T+1,10449,2294,12743,2026-08-22T09:05:34.401Z,FALSE,"",07:15,FALSE
fare_BLR-HYD_6E_2026-08-23_T+1_1787410677121_wp1k,BLR-HYD,EaseMyTrip,6E,6E-582,2026-08-23,T+1,11297,2480,13777,2026-08-22T09:05:34.401Z,FALSE,"",18:50,FALSE
fare_BLR-HYD_6E_2026-08-23_T+1_1787410677121_ng0q,BLR-HYD,EaseMyTrip,6E,6E-898,2026-08-23,T+1,11297,2480,13777,2026-08-22T09:05:34.401Z,FALSE,"",18:50,FALSE
fare_BLR-HYD_6E_2026-08-23_T+1_1787410677121_w9bi,BLR-HYD,EaseMyTrip,6E,6E-388,2026-08-23,T+1,11297,2480,13777,2026-08-22T09:05:34.401Z,FALSE,"",20:40,FALSE
fare_BLR-HYD_6E_2026-08-23_T+1_1787410677121_qbs5,BLR-HYD,EaseMyTrip,6E,6E-953,2026-08-23,T+1,11297,2480,13777,2026-08-22T09:05:34.401Z,FALSE,"",20:40,FALSE
fare_BLR-HYD_6E_2026-08-23_T+1_1787410677121_s7ia,BLR-HYD,EaseMyTrip,6E,6E-825,2026-08-23,T+1,11297,2480,13777,2026-08-22T09:05:34.401Z,FALSE,"",07:05,FALSE
fare_BLR-HYD_6E_2026-08-23_T+1_1787410677121_wih1,BLR-HYD,EaseMyTrip,6E,6E-989,2026-08-23,T+1,11297,2480,13777,2026-08-22T09:05:34.401Z,FALSE,"",07:05,FALSE
fare_BLR-HYD_6E_2026-08-23_T+1_1787410677121_hzb0,BLR-HYD,EaseMyTrip,6E,6E-917,2026-08-23,T+1,11300,2481,13781,2026-08-22T09:05:34.401Z,FALSE,"",10:15,TRUE
fare_BLR-HYD_6E_2026-08-23_T+1_1787410677121_r1b5,BLR-HYD,EaseMyTrip,6E,6E-303,2026-08-23,T+1,11300,2481,13781,2026-08-22T09:05:34.401Z,FALSE,"",10:15,TRUE
fare_BLR-HYD_6E_2026-08-23_T+1_1787410677121_shec,BLR-HYD,EaseMyTrip,6E,6E-7285,2026-08-23,T+1,12858,2823,15681,2026-08-22T09:05:34.401Z,FALSE,"",06:50,FALSE
fare_BLR-HYD_6E_2026-08-23_T+1_1787410677121_0air,BLR-HYD,EaseMyTrip,6E,6E-6067,2026-08-23,T+1,13532,2971,16503,2026-08-22T09:05:34.401Z,FALSE,"",16:30,TRUE
fare_BLR-HYD_6E_2026-08-23_T+1_1787410677121_f3m1,BLR-HYD,EaseMyTrip,6E,6E-7071,2026-08-23,T+1,13661,2999,16660,2026-08-22T09:05:34.401Z,FALSE,"",10:55,FALSE
fare_BLR-HYD_6E_2026-08-23_T+1_1787410677121_p1u6,BLR-HYD,EaseMyTrip,6E,6E-382,2026-08-23,T+1,14825,3254,18079,2026-08-22T09:05:34.401Z,FALSE,"",18:35,TRUE
fare_BLR-HYD_6E_2026-08-23_T+1_1787410677121_l04a,BLR-HYD,EaseMyTrip,6E,6E-450,2026-08-23,T+1,14825,3254,18079,2026-08-22T09:05:34.401Z,FALSE,"",18:35,TRUE
fare_BLR-HYD_6E_2026-08-23_T+1_1787410677121_brbk,BLR-HYD,EaseMyTrip,6E,6E-6784,2026-08-23,T+1,14825,3254,18079,2026-08-22T09:05:34.401Z,FALSE,"",21:30,TRUE
fare_BLR-HYD_6E_2026-08-23_T+1_1787410677121_v2i6,BLR-HYD,EaseMyTrip,6E,6E-6404,2026-08-23,T+1,14825,3254,18079,2026-08-22T09:05:34.401Z,FALSE,"",11:35,TRUE
fare_BLR-HYD_6E_2026-08-23_T+1_1787410677121_vypa,BLR-HYD,EaseMyTrip,6E,6E-6017,2026-08-23,T+1,16399,3600,19999,2026-08-22T09:05:34.401Z,FALSE,"",18:15,FALSE
fare_BLR-HYD_6E_2026-08-23_T+1_1787410677121_5twe,BLR-HYD,EaseMyTrip,6E,6E-541,2026-08-23,T+1,16425,3606,20031,2026-08-22T09:05:34.401Z,FALSE,"",15:30,FALSE
fare_BLR-HYD_6E_2026-08-23_T+1_1787410677121_isi0,BLR-HYD,EaseMyTrip,6E,6E-951,2026-08-23,T+1,16425,3606,20031,2026-08-22T09:05:34.401Z,FALSE,"",15:30,FALSE
fare_BLR-HYD_AI_2026-08-23_T+1_1787410677121_p0td,BLR-HYD,EaseMyTrip,AI,AI-2642,2026-08-23,T+1,16801,3688,20489,2026-08-22T09:05:34.401Z,FALSE,"",21:30,FALSE
fare_BLR-HYD_6E_2026-08-23_T+1_1787410677121_lwa7,BLR-HYD,EaseMyTrip,6E,6E-548,2026-08-23,T+1,17414,3823,21237,2026-08-22T09:05:34.401Z,FALSE,"",17:15,FALSE
fare_BLR-HYD_6E_2026-08-23_T+1_1787410677121_qz3m,BLR-HYD,EaseMyTrip,6E,6E-307,2026-08-23,T+1,17414,3823,21237,2026-08-22T09:05:34.401Z,FALSE,"",17:15,FALSE
fare_BLR-HYD_6E_2026-08-23_T+1_1787410677121_gf9z,BLR-HYD,EaseMyTrip,6E,6E-415,2026-08-23,T+1,17414,3823,21237,2026-08-22T09:05:34.401Z,FALSE,"",17:15,FALSE
fare_BLR-HYD_6E_2026-08-23_T+1_1787410677121_a9wd,BLR-HYD,EaseMyTrip,6E,6E-134,2026-08-23,T+1,17414,3823,21237,2026-08-22T09:05:34.401Z,FALSE,"",17:15,FALSE
fare_BLR-HYD_6E_2026-08-23_T+1_1787410677121_t9le,BLR-HYD,EaseMyTrip,6E,6E-840,2026-08-23,T+1,17876,3924,21800,2026-08-22T09:05:34.401Z,FALSE,"",10:50,FALSE
fare_BLR-HYD_6E_2026-08-23_T+1_1787410677121_bwlq,BLR-HYD,EaseMyTrip,6E,6E-978,2026-08-23,T+1,17876,3924,21800,2026-08-22T09:05:34.401Z,FALSE,"",10:50,FALSE
fare_BLR-HYD_6E_2026-08-23_T+1_1787410677121_oyy9,BLR-HYD,EaseMyTrip,6E,6E-6162,2026-08-23,T+1,18530,4068,22598,2026-08-22T09:05:34.401Z,FALSE,"",18:50,FALSE
fare_BLR-HYD_6E_2026-08-23_T+1_1787410677121_6pi2,BLR-HYD,EaseMyTrip,6E,6E-801,2026-08-23,T+1,18530,4068,22598,2026-08-22T09:05:34.401Z,FALSE,"",17:00,FALSE
fare_BLR-HYD_6E_2026-08-23_T+1_1787410677121_9nsp,BLR-HYD,EaseMyTrip,6E,6E-828,2026-08-23,T+1,18530,4068,22598,2026-08-22T09:05:34.401Z,FALSE,"",17:00,FALSE
fare_BLR-HYD_AI_2026-08-23_T+1_1787410677121_9v1r,BLR-HYD,EaseMyTrip,AI,AI-2756,2026-08-23,T+1,19077,4188,23265,2026-08-22T09:05:34.401Z,FALSE,"",02:15,FALSE
fare_BLR-HYD_AI_2026-08-23_T+1_1787410677121_hjbi,BLR-HYD,EaseMyTrip,AI,AI-2758,2026-08-23,T+1,19077,4188,23265,2026-08-22T09:05:34.401Z,FALSE,"",00:15,FALSE
fare_BLR-HYD_6E_2026-08-23_T+1_1787410677121_mq08,BLR-HYD,EaseMyTrip,6E,6E-6542,2026-08-23,T+1,19431,4265,23696,2026-08-22T09:05:34.401Z,FALSE,"",13:10,FALSE
fare_BLR-HYD_AI_2026-08-23_T+1_1787410677121_jktv,BLR-HYD,EaseMyTrip,AI,AI-2854,2026-08-23,T+1,19597,4302,23899,2026-08-22T09:05:34.401Z,FALSE,"",16:40,FALSE
fare_BLR-HYD_AI_2026-08-23_T+1_1787410677121_yo83,BLR-HYD,EaseMyTrip,AI,AI-2654,2026-08-23,T+1,20545,4510,25055,2026-08-22T09:05:34.401Z,FALSE,"",07:00,FALSE
fare_BLR-HYD_AI_2026-08-23_T+1_1787410677121_1d2o,BLR-HYD,EaseMyTrip,AI,AI-2810,2026-08-23,T+1,20545,4510,25055,2026-08-22T09:05:34.401Z,FALSE,"",06:00,FALSE
fare_BLR-HYD_AI_2026-08-23_T+1_1787410677121_ajuc,BLR-HYD,EaseMyTrip,AI,AI-2414,2026-08-23,T+1,20545,4510,25055,2026-08-22T09:05:34.401Z,FALSE,"",05:30,FALSE
fare_BLR-HYD_6E_2026-08-23_T+1_1787410677121_135j,BLR-HYD,EaseMyTrip,6E,6E-6702,2026-08-23,T+1,20416,4481,24897,2026-08-22T09:05:34.401Z,FALSE,"",05:20,FALSE
fare_BLR-HYD_AI_2026-08-23_T+1_1787410677121_wpym,BLR-HYD,EaseMyTrip,AI,AI-2818,2026-08-23,T+1,20980,4605,25585,2026-08-22T09:05:34.401Z,FALSE,"",20:00,FALSE
fare_BLR-HYD_AI_2026-08-23_T+1_1787410677121_p8uv,BLR-HYD,EaseMyTrip,AI,AI-2498,2026-08-23,T+1,21042,4619,25661,2026-08-22T09:05:34.401Z,FALSE,"",00:45,FALSE
fare_BLR-HYD_AI_2026-08-23_T+1_1787410677121_8sz3,BLR-HYD,EaseMyTrip,AI,AI-2852,2026-08-23,T+1,22554,4951,27505,2026-08-22T09:05:34.401Z,FALSE,"",10:30,FALSE
fare_BLR-HYD_AI_2026-08-23_T+1_1787410677121_oial,BLR-HYD,EaseMyTrip,AI,AI-2604,2026-08-23,T+1,22554,4951,27505,2026-08-22T09:05:34.401Z,FALSE,"",09:15,FALSE
fare_BLR-HYD_6E_2026-08-23_T+1_1787410677121_0l7y,BLR-HYD,EaseMyTrip,6E,6E-6104,2026-08-23,T+1,22727,4989,27716,2026-08-22T09:05:34.401Z,FALSE,"",11:40,FALSE
fare_BLR-HYD_AI_2026-08-23_T+1_1787410677121_vz9h,BLR-HYD,EaseMyTrip,AI,AI-2868,2026-08-23,T+1,24052,5280,29332,2026-08-22T09:05:34.401Z,FALSE,"",09:00,FALSE
fare_BLR-HYD_AI_2026-08-23_T+1_1787410677121_lbpf,BLR-HYD,EaseMyTrip,AI,AI-2418,2026-08-23,T+1,25354,5566,30920,2026-08-22T09:05:34.401Z,FALSE,"",16:30,FALSE
fare_BLR-HYD_AI_2026-08-23_T+1_1787410677121_8pj9,BLR-HYD,EaseMyTrip,AI,AI-2511,2026-08-23,T+1,25354,5566,30920,2026-08-22T09:05:34.401Z,FALSE,"",15:45,FALSE
fare_BLR-HYD_AI_2026-08-23_T+1_1787410677121_zog5,BLR-HYD,EaseMyTrip,AI,AI-428,2026-08-23,T+1,25354,5566,30920,2026-08-22T09:05:34.401Z,FALSE,"",14:55,FALSE
fare_BLR-HYD_AI_2026-08-23_T+1_1787410677121_rvjt,BLR-HYD,EaseMyTrip,AI,AI-2798,2026-08-23,T+1,25558,5610,31168,2026-08-22T09:05:34.401Z,FALSE,"",20:25,FALSE
fare_BLR-HYD_AI_2026-08-23_T+1_1787410677121_tqvi,BLR-HYD,EaseMyTrip,AI,AI-9441,2026-08-23,T+1,25687,5639,31326,2026-08-22T09:05:34.401Z,FALSE,"",19:10,FALSE
fare_BLR-HYD_AI_2026-08-23_T+1_1787410677121_wngv,BLR-HYD,EaseMyTrip,AI,AI-2406,2026-08-23,T+1,25868,5678,31546,2026-08-22T09:05:34.401Z,FALSE,"",11:00,FALSE
fare_BLR-HYD_6E_2026-08-29_T+7_1787410677121_htnh,BLR-HYD,EaseMyTrip,6E,6E-624,2026-08-29,T+7,3369,740,4109,2026-08-22T09:05:39.989Z,FALSE,"",20:50,TRUE
fare_BLR-HYD_6E_2026-08-29_T+7_1787410677121_yka1,BLR-HYD,EaseMyTrip,6E,6E-137,2026-08-29,T+7,3369,740,4109,2026-08-22T09:05:39.989Z,FALSE,"",20:50,TRUE
fare_BLR-HYD_IX_2026-08-29_T+7_1787410677121_4zd0,BLR-HYD,EaseMyTrip,IX,IX-2935,2026-08-29,T+7,3794,833,4627,2026-08-22T09:05:39.989Z,FALSE,"",08:55,TRUE
fare_BLR-HYD_6E_2026-08-29_T+7_1787410677121_pqy9,BLR-HYD,EaseMyTrip,6E,6E-6784,2026-08-29,T+7,4193,920,5113,2026-08-22T09:05:39.989Z,FALSE,"",21:30,TRUE
fare_BLR-HYD_6E_2026-08-29_T+7_1787410677121_yp4e,BLR-HYD,EaseMyTrip,6E,6E-606,2026-08-29,T+7,4193,920,5113,2026-08-22T09:05:39.989Z,FALSE,"",18:35,TRUE
fare_BLR-HYD_6E_2026-08-29_T+7_1787410677121_bike,BLR-HYD,EaseMyTrip,6E,6E-857,2026-08-29,T+7,4193,920,5113,2026-08-22T09:05:39.989Z,FALSE,"",18:35,TRUE
fare_BLR-HYD_6E_2026-08-29_T+7_1787410677121_yeg0,BLR-HYD,EaseMyTrip,6E,6E-6067,2026-08-29,T+7,4193,920,5113,2026-08-22T09:05:39.989Z,FALSE,"",16:30,TRUE
fare_BLR-HYD_6E_2026-08-29_T+7_1787410677121_n51u,BLR-HYD,EaseMyTrip,6E,6E-108,2026-08-29,T+7,4193,920,5113,2026-08-22T09:05:39.989Z,FALSE,"",14:50,TRUE
fare_BLR-HYD_6E_2026-08-29_T+7_1787410677121_bi2m,BLR-HYD,EaseMyTrip,6E,6E-632,2026-08-29,T+7,4193,920,5113,2026-08-22T09:05:39.989Z,FALSE,"",14:50,TRUE
fare_BLR-HYD_6E_2026-08-29_T+7_1787410677121_nfb2,BLR-HYD,EaseMyTrip,6E,6E-6404,2026-08-29,T+7,4193,920,5113,2026-08-22T09:05:39.989Z,FALSE,"",11:35,TRUE
fare_BLR-HYD_IX_2026-08-29_T+7_1787410677121_xye2,BLR-HYD,EaseMyTrip,IX,IX-2051,2026-08-29,T+7,4444,976,5420,2026-08-22T09:05:39.989Z,FALSE,"",10:55,TRUE
fare_BLR-HYD_IX_2026-08-29_T+7_1787410677121_ehyi,BLR-HYD,EaseMyTrip,IX,IX-1250,2026-08-29,T+7,4444,976,5420,2026-08-22T09:05:39.989Z,FALSE,"",19:15,TRUE
fare_BLR-HYD_6E_2026-08-29_T+7_1787410677121_lxlj,BLR-HYD,EaseMyTrip,6E,6E-235,2026-08-29,T+7,4518,992,5510,2026-08-22T09:05:39.989Z,FALSE,"",10:15,TRUE
fare_BLR-HYD_6E_2026-08-29_T+7_1787410677121_gnps,BLR-HYD,EaseMyTrip,6E,6E-249,2026-08-29,T+7,4518,992,5510,2026-08-22T09:05:39.989Z,FALSE,"",10:15,TRUE
fare_BLR-HYD_IX_2026-08-29_T+7_1787410677121_yoti,BLR-HYD,EaseMyTrip,IX,IX-2506,2026-08-29,T+7,4877,1071,5948,2026-08-22T09:05:39.989Z,FALSE,"",17:20,TRUE
fare_BLR-HYD_6E_2026-08-29_T+7_1787410677121_tfq4,BLR-HYD,EaseMyTrip,6E,6E-612,2026-08-29,T+7,4877,1071,5948,2026-08-22T09:05:39.989Z,FALSE,"",09:15,TRUE
fare_BLR-HYD_6E_2026-08-29_T+7_1787410677121_vhbh,BLR-HYD,EaseMyTrip,6E,6E-176,2026-08-29,T+7,4877,1071,5948,2026-08-22T09:05:39.989Z,FALSE,"",09:15,TRUE
fare_BLR-HYD_6E_2026-08-29_T+7_1787410677121_wgng,BLR-HYD,EaseMyTrip,6E,6E-7227,2026-08-29,T+7,4995,1097,6092,2026-08-22T09:05:39.989Z,FALSE,"",06:25,FALSE
fare_BLR-HYD_IX_2026-08-29_T+7_1787410677121_ejty,BLR-HYD,EaseMyTrip,IX,IX-2018,2026-08-29,T+7,5273,1157,6430,2026-08-22T09:05:39.989Z,FALSE,"",06:00,TRUE
fare_BLR-HYD_6E_2026-08-29_T+7_1787410677121_x1te,BLR-HYD,EaseMyTrip,6E,6E-6168,2026-08-29,T+7,5103,1120,6223,2026-08-22T09:05:39.989Z,FALSE,"",17:40,FALSE
fare_BLR-HYD_6E_2026-08-29_T+7_1787410677121_zx2m,BLR-HYD,EaseMyTrip,6E,6E-6554,2026-08-29,T+7,5103,1120,6223,2026-08-22T09:05:39.989Z,FALSE,"",19:15,FALSE
fare_BLR-HYD_6E_2026-08-29_T+7_1787410677121_jyfe,BLR-HYD,EaseMyTrip,6E,6E-797,2026-08-29,T+7,5103,1120,6223,2026-08-22T09:05:39.989Z,FALSE,"",07:05,FALSE
fare_BLR-HYD_6E_2026-08-29_T+7_1787410677121_ird5,BLR-HYD,EaseMyTrip,6E,6E-470,2026-08-29,T+7,5103,1120,6223,2026-08-22T09:05:39.989Z,FALSE,"",07:05,FALSE
fare_BLR-HYD_6E_2026-08-29_T+7_1787410677121_7ed4,BLR-HYD,EaseMyTrip,6E,6E-216,2026-08-29,T+7,5103,1120,6223,2026-08-22T09:05:39.989Z,FALSE,"",14:45,FALSE
fare_BLR-HYD_6E_2026-08-29_T+7_1787410677121_az9d,BLR-HYD,EaseMyTrip,6E,6E-532,2026-08-29,T+7,5103,1120,6223,2026-08-22T09:05:39.989Z,FALSE,"",14:45,FALSE
fare_BLR-HYD_6E_2026-08-29_T+7_1787410677121_oz1e,BLR-HYD,EaseMyTrip,6E,6E-6542,2026-08-29,T+7,5103,1120,6223,2026-08-22T09:05:39.989Z,FALSE,"",13:10,FALSE
fare_BLR-HYD_6E_2026-08-29_T+7_1787410677121_kv6d,BLR-HYD,EaseMyTrip,6E,6E-6017,2026-08-29,T+7,5103,1120,6223,2026-08-22T09:05:39.989Z,FALSE,"",18:15,FALSE
fare_BLR-HYD_6E_2026-08-29_T+7_1787410677121_occy,BLR-HYD,EaseMyTrip,6E,6E-827,2026-08-29,T+7,5103,1120,6223,2026-08-22T09:05:39.989Z,FALSE,"",18:45,FALSE
fare_BLR-HYD_6E_2026-08-29_T+7_1787410677121_p3ur,BLR-HYD,EaseMyTrip,6E,6E-395,2026-08-29,T+7,5103,1120,6223,2026-08-22T09:05:39.989Z,FALSE,"",18:45,FALSE
fare_BLR-HYD_6E_2026-08-29_T+7_1787410677121_ht3g,BLR-HYD,EaseMyTrip,6E,6E-333,2026-08-29,T+7,5103,1120,6223,2026-08-22T09:05:39.989Z,FALSE,"",17:15,FALSE
fare_BLR-HYD_6E_2026-08-29_T+7_1787410677121_zypb,BLR-HYD,EaseMyTrip,6E,6E-782,2026-08-29,T+7,5103,1120,6223,2026-08-22T09:05:39.989Z,FALSE,"",17:15,FALSE
fare_BLR-HYD_6E_2026-08-29_T+7_1787410677121_vevg,BLR-HYD,EaseMyTrip,6E,6E-7071,2026-08-29,T+7,5103,1120,6223,2026-08-22T09:05:39.989Z,FALSE,"",10:55,FALSE
fare_BLR-HYD_6E_2026-08-29_T+7_1787410677121_lciv,BLR-HYD,EaseMyTrip,6E,6E-371,2026-08-29,T+7,5103,1120,6223,2026-08-22T09:05:39.989Z,FALSE,"",23:05,FALSE
fare_BLR-HYD_6E_2026-08-29_T+7_1787410677121_sx8k,BLR-HYD,EaseMyTrip,6E,6E-719,2026-08-29,T+7,5103,1120,6223,2026-08-22T09:05:39.989Z,FALSE,"",23:05,FALSE
fare_BLR-HYD_6E_2026-08-29_T+7_1787410677121_s6lt,BLR-HYD,EaseMyTrip,6E,6E-318,2026-08-29,T+7,5103,1120,6223,2026-08-22T09:05:39.989Z,FALSE,"",17:15,FALSE
fare_BLR-HYD_6E_2026-08-29_T+7_1787410677121_6t6e,BLR-HYD,EaseMyTrip,6E,6E-569,2026-08-29,T+7,5103,1120,6223,2026-08-22T09:05:39.989Z,FALSE,"",17:15,FALSE
fare_BLR-HYD_6E_2026-08-29_T+7_1787410677121_mhla,BLR-HYD,EaseMyTrip,6E,6E-783,2026-08-29,T+7,5103,1120,6223,2026-08-22T09:05:39.989Z,FALSE,"",21:40,FALSE
fare_BLR-HYD_6E_2026-08-29_T+7_1787410677121_smtk,BLR-HYD,EaseMyTrip,6E,6E-392,2026-08-29,T+7,5103,1120,6223,2026-08-22T09:05:39.989Z,FALSE,"",21:40,FALSE
fare_BLR-HYD_6E_2026-08-29_T+7_1787410677121_irt3,BLR-HYD,EaseMyTrip,6E,6E-6653,2026-08-29,T+7,5103,1120,6223,2026-08-22T09:05:39.989Z,FALSE,"",12:35,FALSE
fare_BLR-HYD_6E_2026-08-29_T+7_1787410677121_n3ps,BLR-HYD,EaseMyTrip,6E,6E-175,2026-08-29,T+7,5103,1120,6223,2026-08-22T09:05:39.989Z,FALSE,"",20:40,FALSE
fare_BLR-HYD_6E_2026-08-29_T+7_1787410677121_46kz,BLR-HYD,EaseMyTrip,6E,6E-596,2026-08-29,T+7,5103,1120,6223,2026-08-22T09:05:39.989Z,FALSE,"",07:05,FALSE
fare_BLR-HYD_6E_2026-08-29_T+7_1787410677121_y2to,BLR-HYD,EaseMyTrip,6E,6E-125,2026-08-29,T+7,5103,1120,6223,2026-08-22T09:05:39.989Z,FALSE,"",07:05,FALSE
fare_BLR-HYD_6E_2026-08-29_T+7_1787410677121_39nw,BLR-HYD,EaseMyTrip,6E,6E-6583,2026-08-29,T+7,5210,1144,6354,2026-08-22T09:05:39.989Z,FALSE,"",10:40,FALSE
fare_BLR-HYD_6E_2026-08-29_T+7_1787410677121_piaz,BLR-HYD,EaseMyTrip,6E,6E-664,2026-08-29,T+7,5273,1158,6431,2026-08-22T09:05:39.989Z,FALSE,"",19:45,TRUE
fare_BLR-HYD_6E_2026-08-29_T+7_1787410677121_6127,BLR-HYD,EaseMyTrip,6E,6E-6876,2026-08-29,T+7,5447,1196,6643,2026-08-22T09:05:39.989Z,FALSE,"",02:40,FALSE
fare_BLR-HYD_6E_2026-08-29_T+7_1787410677121_6b5l,BLR-HYD,EaseMyTrip,6E,6E-6563,2026-08-29,T+7,5447,1196,6643,2026-08-22T09:05:39.989Z,FALSE,"",01:05,FALSE
fare_BLR-HYD_IX_2026-08-29_T+7_1787410677121_vn1h,BLR-HYD,EaseMyTrip,IX,IX-2819,2026-08-29,T+7,5711,1254,6965,2026-08-22T09:05:39.989Z,FALSE,"",12:30,TRUE
fare_BLR-HYD_6E_2026-08-29_T+7_1787410677121_ob1h,BLR-HYD,EaseMyTrip,6E,6E-6178,2026-08-29,T+7,5711,1254,6965,2026-08-22T09:05:39.989Z,FALSE,"",06:25,TRUE
fare_BLR-HYD_6E_2026-08-29_T+7_1787410677121_rkpe,BLR-HYD,EaseMyTrip,6E,6E-688,2026-08-29,T+7,5711,1254,6965,2026-08-22T09:05:39.989Z,FALSE,"",08:15,TRUE
fare_BLR-HYD_6E_2026-08-29_T+7_1787410677121_pqru,BLR-HYD,EaseMyTrip,6E,6E-717,2026-08-29,T+7,5711,1254,6965,2026-08-22T09:05:39.989Z,FALSE,"",08:15,TRUE
fare_BLR-HYD_6E_2026-08-29_T+7_1787410677121_jrj0,BLR-HYD,EaseMyTrip,6E,6E-7204,2026-08-29,T+7,5825,1279,7104,2026-08-22T09:05:39.989Z,FALSE,"",06:50,FALSE
fare_BLR-HYD_6E_2026-08-29_T+7_1787410677121_yjyu,BLR-HYD,EaseMyTrip,6E,6E-156,2026-08-29,T+7,6690,1468,8158,2026-08-22T09:05:39.989Z,FALSE,"",17:00,FALSE
fare_BLR-HYD_6E_2026-08-29_T+7_1787410677121_te4j,BLR-HYD,EaseMyTrip,6E,6E-370,2026-08-29,T+7,6690,1468,8158,2026-08-22T09:05:39.989Z,FALSE,"",17:00,FALSE
fare_BLR-HYD_6E_2026-08-29_T+7_1787410677121_rfk6,BLR-HYD,EaseMyTrip,6E,6E-6104,2026-08-29,T+7,7185,1577,8762,2026-08-22T09:05:39.989Z,FALSE,"",11:40,FALSE
fare_BLR-HYD_6E_2026-08-29_T+7_1787410677121_3lad,BLR-HYD,EaseMyTrip,6E,6E-6445,2026-08-29,T+7,7185,1577,8762,2026-08-22T09:05:39.989Z,FALSE,"",10:25,FALSE
fare_BLR-HYD_6E_2026-08-29_T+7_1787410677121_plpy,BLR-HYD,EaseMyTrip,6E,6E-353,2026-08-29,T+7,7185,1577,8762,2026-08-22T09:05:39.989Z,FALSE,"",11:00,FALSE
fare_BLR-HYD_6E_2026-08-29_T+7_1787410677121_92rt,BLR-HYD,EaseMyTrip,6E,6E-267,2026-08-29,T+7,7185,1577,8762,2026-08-22T09:05:39.989Z,FALSE,"",11:00,FALSE
fare_BLR-HYD_6E_2026-08-29_T+7_1787410677121_ng33,BLR-HYD,EaseMyTrip,6E,6E-219,2026-08-29,T+7,7185,1577,8762,2026-08-22T09:05:39.989Z,FALSE,"",07:05,FALSE
fare_BLR-HYD_6E_2026-08-29_T+7_1787410677121_7npe,BLR-HYD,EaseMyTrip,6E,6E-903,2026-08-29,T+7,7185,1577,8762,2026-08-22T09:05:39.989Z,FALSE,"",07:05,FALSE
fare_BLR-HYD_6E_2026-08-29_T+7_1787410677121_zh4b,BLR-HYD,EaseMyTrip,6E,6E-6269,2026-08-29,T+7,7185,1577,8762,2026-08-22T09:05:39.989Z,FALSE,"",07:15,FALSE
fare_BLR-HYD_6E_2026-08-29_T+7_1787410677121_1r7r,BLR-HYD,EaseMyTrip,6E,6E-631,2026-08-29,T+7,7726,1696,9422,2026-08-22T09:05:39.989Z,FALSE,"",12:55,FALSE
fare_BLR-HYD_6E_2026-08-29_T+7_1787410677121_6535,BLR-HYD,EaseMyTrip,6E,6E-990,2026-08-29,T+7,7726,1696,9422,2026-08-22T09:05:39.989Z,FALSE,"",13:15,FALSE
fare_BLR-HYD_6E_2026-08-29_T+7_1787410677121_on6a,BLR-HYD,EaseMyTrip,6E,6E-610,2026-08-29,T+7,7726,1696,9422,2026-08-22T09:05:39.989Z,FALSE,"",13:15,FALSE
fare_BLR-HYD_6E_2026-08-29_T+7_1787410677121_xszw,BLR-HYD,EaseMyTrip,6E,6E-451,2026-08-29,T+7,7726,1696,9422,2026-08-22T09:05:39.989Z,FALSE,"",07:05,FALSE
fare_BLR-HYD_6E_2026-08-29_T+7_1787410677121_r4yu,BLR-HYD,EaseMyTrip,6E,6E-807,2026-08-29,T+7,7726,1696,9422,2026-08-22T09:05:39.989Z,FALSE,"",07:05,FALSE
fare_BLR-HYD_6E_2026-08-29_T+7_1787410677121_30an,BLR-HYD,EaseMyTrip,6E,6E-237,2026-08-29,T+7,7726,1696,9422,2026-08-22T09:05:39.989Z,FALSE,"",11:00,FALSE
fare_BLR-HYD_6E_2026-08-29_T+7_1787410677121_47gc,BLR-HYD,EaseMyTrip,6E,6E-690,2026-08-29,T+7,7726,1696,9422,2026-08-22T09:05:39.989Z,FALSE,"",11:00,FALSE
fare_BLR-HYD_AI_2026-08-29_T+7_1787410677121_peht,BLR-HYD,EaseMyTrip,AI,AI-2498,2026-08-29,T+7,8620,1892,10512,2026-08-22T09:05:39.989Z,FALSE,"",00:45,FALSE
fare_BLR-HYD_6E_2026-08-29_T+7_1787410677121_e916,BLR-HYD,EaseMyTrip,6E,6E-6208,2026-08-29,T+7,10006,2196,12202,2026-08-22T09:05:39.989Z,FALSE,"",12:50,FALSE
fare_BLR-HYD_AI_2026-08-29_T+7_1787410677121_pkdp,BLR-HYD,EaseMyTrip,AI,AI-2811,2026-08-29,T+7,10485,2302,12787,2026-08-22T09:05:39.989Z,FALSE,"",23:40,FALSE
fare_BLR-HYD_AI_2026-08-29_T+7_1787410677121_w109,BLR-HYD,EaseMyTrip,AI,AI-2402,2026-08-29,T+7,10844,2380,13224,2026-08-22T09:05:39.989Z,FALSE,"",06:35,FALSE
fare_BLR-HYD_AI_2026-08-29_T+7_1787410677121_kflx,BLR-HYD,EaseMyTrip,AI,AI-2604,2026-08-29,T+7,10944,2402,13346,2026-08-22T09:05:39.989Z,FALSE,"",09:15,FALSE
fare_BLR-HYD_AI_2026-08-29_T+7_1787410677121_j9xd,BLR-HYD,EaseMyTrip,AI,AI-2846,2026-08-29,T+7,11044,2424,13468,2026-08-22T09:05:39.989Z,FALSE,"",08:05,FALSE
fare_BLR-HYD_6E_2026-08-29_T+7_1787410677121_nztw,BLR-HYD,EaseMyTrip,6E,6E-6162,2026-08-29,T+7,10908,2394,13302,2026-08-22T09:05:39.989Z,FALSE,"",18:50,FALSE
fare_BLR-HYD_AI_2026-08-29_T+7_1787410677121_nnzi,BLR-HYD,EaseMyTrip,AI,AI-2642,2026-08-29,T+7,11098,2436,13534,2026-08-22T09:05:39.989Z,FALSE,"",21:30,FALSE
fare_BLR-HYD_AI_2026-08-29_T+7_1787410677121_4k0s,BLR-HYD,EaseMyTrip,AI,AI-2852,2026-08-29,T+7,11259,2472,13731,2026-08-22T09:05:39.989Z,FALSE,"",10:30,FALSE
fare_BLR-HYD_6E_2026-08-29_T+7_1787410677121_o3x2,BLR-HYD,EaseMyTrip,6E,6E-754,2026-08-29,T+7,12594,2764,15358,2026-08-22T09:05:39.989Z,FALSE,"",10:50,FALSE
fare_BLR-HYD_6E_2026-08-29_T+7_1787410677121_tk3k,BLR-HYD,EaseMyTrip,6E,6E-461,2026-08-29,T+7,12594,2764,15358,2026-08-22T09:05:39.989Z,FALSE,"",10:50,FALSE
fare_BLR-HYD_AI_2026-08-29_T+7_1787410677121_40bf,BLR-HYD,EaseMyTrip,AI,AI-9772,2026-08-29,T+7,14660,3218,17878,2026-08-22T09:05:39.989Z,FALSE,"",05:00,FALSE
fare_BLR-HYD_AI_2026-08-29_T+7_1787410677121_bne3,BLR-HYD,EaseMyTrip,AI,AI-2810,2026-08-29,T+7,14761,3240,18001,2026-08-22T09:05:39.989Z,FALSE,"",06:00,FALSE
fare_BLR-HYD_AI_2026-08-29_T+7_1787410677121_re8u,BLR-HYD,EaseMyTrip,AI,AI-2414,2026-08-29,T+7,14761,3240,18001,2026-08-22T09:05:39.989Z,FALSE,"",05:30,FALSE
fare_BLR-HYD_AI_2026-08-29_T+7_1787410677121_6sbj,BLR-HYD,EaseMyTrip,AI,AI-2756,2026-08-29,T+7,14761,3240,18001,2026-08-22T09:05:39.989Z,FALSE,"",02:15,FALSE
fare_BLR-HYD_AI_2026-08-29_T+7_1787410677121_jcxl,BLR-HYD,EaseMyTrip,AI,AI-1869,2026-08-29,T+7,14761,3240,18001,2026-08-22T09:05:39.989Z,FALSE,"",20:25,FALSE
fare_BLR-HYD_AI_2026-08-29_T+7_1787410677121_ztqd,BLR-HYD,EaseMyTrip,AI,AI-2758,2026-08-29,T+7,15205,3338,18543,2026-08-22T09:05:39.989Z,FALSE,"",00:15,FALSE
fare_BLR-HYD_AI_2026-08-29_T+7_1787410677121_kqmk,BLR-HYD,EaseMyTrip,AI,AI-2818,2026-08-29,T+7,15294,3357,18651,2026-08-22T09:05:39.989Z,FALSE,"",20:00,FALSE
fare_BLR-HYD_AI_2026-08-29_T+7_1787410677121_ah9b,BLR-HYD,EaseMyTrip,AI,AI-2486,2026-08-29,T+7,15360,3372,18732,2026-08-22T09:05:39.989Z,FALSE,"",14:00,FALSE
fare_BLR-HYD_AI_2026-08-29_T+7_1787410677121_g73u,BLR-HYD,EaseMyTrip,AI,AI-428,2026-08-29,T+7,15360,3372,18732,2026-08-22T09:05:39.989Z,FALSE,"",14:55,FALSE
fare_BLR-HYD_AI_2026-08-29_T+7_1787410677121_s7zm,BLR-HYD,EaseMyTrip,AI,AI-2418,2026-08-29,T+7,15360,3372,18732,2026-08-22T09:05:39.989Z,FALSE,"",16:30,FALSE
fare_BLR-HYD_6E_2026-08-29_T+7_1787410677121_cy9s,BLR-HYD,EaseMyTrip,6E,6E-6702,2026-08-29,T+7,15263,3351,18614,2026-08-22T09:05:39.989Z,FALSE,"",05:20,FALSE
fare_BLR-HYD_AI_2026-08-29_T+7_1787410677121_vwfy,BLR-HYD,EaseMyTrip,AI,AI-2511,2026-08-29,T+7,15495,3401,18896,2026-08-22T09:05:39.989Z,FALSE,"",15:45,FALSE
fare_BLR-HYD_AI_2026-08-29_T+7_1787410677121_et0o,BLR-HYD,EaseMyTrip,AI,AI-1868,2026-08-29,T+7,15585,3421,19006,2026-08-22T09:05:39.989Z,FALSE,"",12:25,FALSE
fare_BLR-HYD_AI_2026-08-29_T+7_1787410677121_buy0,BLR-HYD,EaseMyTrip,AI,AI-2868,2026-08-29,T+7,15629,3431,19060,2026-08-22T09:05:39.989Z,FALSE,"",09:00,FALSE
fare_BLR-HYD_AI_2026-08-29_T+7_1787410677121_gi42,BLR-HYD,EaseMyTrip,AI,AI-2654,2026-08-29,T+7,15673,3441,19114,2026-08-22T09:05:39.989Z,FALSE,"",07:00,FALSE
fare_BLR-HYD_6E_2026-08-29_T+7_1787410677121_riml,BLR-HYD,EaseMyTrip,6E,6E-7005,2026-08-29,T+7,15585,3421,19006,2026-08-22T09:05:39.989Z,FALSE,"",08:05,FALSE
fare_BLR-HYD_AI_2026-08-29_T+7_1787410677121_eqgf,BLR-HYD,EaseMyTrip,AI,AI-2406,2026-08-29,T+7,16145,3544,19689,2026-08-22T09:05:39.989Z,FALSE,"",11:00,FALSE
fare_BLR-HYD_AI_2026-08-29_T+7_1787410677121_mrku,BLR-HYD,EaseMyTrip,AI,AI-9520,2026-08-29,T+7,16724,3671,20395,2026-08-22T09:05:39.989Z,FALSE,"",13:05,FALSE
fare_BLR-HYD_AI_2026-08-29_T+7_1787410677121_zypn,BLR-HYD,EaseMyTrip,AI,AI-2854,2026-08-29,T+7,20788,4563,25351,2026-08-22T09:05:39.989Z,TRUE,"High outlier: ₹25351 > upper fence ₹24031 (Q3: ₹13346, IQR: ₹7123)",16:40,FALSE
fare_BOM-BLR_IX_2026-08-29_T+7_1787410677122_r1xm,BOM-BLR,EaseMyTrip,IX,IX-2915,2026-08-29,T+7,4345,954,5299,2026-08-22T09:04:53.897Z,FALSE,"",08:25,TRUE
fare_BOM-BLR_6E_2026-08-29_T+7_1787410677122_nah1,BOM-BLR,EaseMyTrip,6E,6E-2085,2026-08-29,T+7,4182,918,5100,2026-08-22T09:04:53.897Z,FALSE,"",07:05,TRUE
fare_BOM-BLR_QP_2026-08-29_T+7_1787410677122_ymib,BOM-BLR,EaseMyTrip,QP,QP-1516,2026-08-29,T+7,4183,918,5101,2026-08-22T09:04:53.897Z,FALSE,"",00:40,TRUE
fare_BOM-BLR_6E_2026-08-29_T+7_1787410677122_9b1i,BOM-BLR,EaseMyTrip,6E,6E-5323,2026-08-29,T+7,4183,918,5101,2026-08-22T09:04:53.897Z,FALSE,"",01:10,TRUE
fare_BOM-BLR_6E_2026-08-29_T+7_1787410677122_3rf1,BOM-BLR,EaseMyTrip,6E,6E-5294,2026-08-29,T+7,4183,918,5101,2026-08-22T09:04:53.897Z,FALSE,"",04:30,TRUE
fare_BOM-BLR_AI_2026-08-29_T+7_1787410677122_mykj,BOM-BLR,EaseMyTrip,AI,AI-2812,2026-08-29,T+7,4483,984,5467,2026-08-22T09:04:53.897Z,FALSE,"",02:05,TRUE
fare_BOM-BLR_AI_2026-08-29_T+7_1787410677122_a3rg,BOM-BLR,EaseMyTrip,AI,AI-2845,2026-08-29,T+7,4483,984,5467,2026-08-22T09:04:53.897Z,FALSE,"",05:30,TRUE
fare_BOM-BLR_SG_2026-08-29_T+7_1787410677122_nkwc,BOM-BLR,EaseMyTrip,SG,SG-663,2026-08-29,T+7,4739,1040,5779,2026-08-22T09:04:53.897Z,FALSE,"",21:40,TRUE
fare_BOM-BLR_SG_2026-08-29_T+7_1787410677122_ed1l,BOM-BLR,EaseMyTrip,SG,SG-357,2026-08-29,T+7,4739,1040,5779,2026-08-22T09:04:53.897Z,FALSE,"",21:40,TRUE
fare_BOM-BLR_SG_2026-08-29_T+7_1787410677122_6kj5,BOM-BLR,EaseMyTrip,SG,SG-792,2026-08-29,T+7,5000,1098,6098,2026-08-22T09:04:53.897Z,FALSE,"",21:30,TRUE
fare_BOM-BLR_SG_2026-08-29_T+7_1787410677122_hzob,BOM-BLR,EaseMyTrip,SG,SG-657,2026-08-29,T+7,5000,1098,6098,2026-08-22T09:04:53.897Z,FALSE,"",21:30,TRUE
fare_BOM-BLR_6E_2026-08-29_T+7_1787410677122_ftmm,BOM-BLR,EaseMyTrip,6E,6E-6361,2026-08-29,T+7,5040,1106,6146,2026-08-22T09:04:53.897Z,FALSE,"",05:00,FALSE
fare_BOM-BLR_6E_2026-08-29_T+7_1787410677122_2kus,BOM-BLR,EaseMyTrip,6E,6E-5241,2026-08-29,T+7,5040,1106,6146,2026-08-22T09:04:53.897Z,FALSE,"",16:40,FALSE
fare_BOM-BLR_6E_2026-08-29_T+7_1787410677122_7mte,BOM-BLR,EaseMyTrip,6E,6E-5228,2026-08-29,T+7,5147,1130,6277,2026-08-22T09:04:53.897Z,FALSE,"",16:45,FALSE
fare_BOM-BLR_6E_2026-08-29_T+7_1787410677122_65su,BOM-BLR,EaseMyTrip,6E,6E-5386,2026-08-29,T+7,5147,1130,6277,2026-08-22T09:04:53.897Z,FALSE,"",15:10,FALSE
fare_BOM-BLR_IX_2026-08-29_T+7_1787410677122_1foh,BOM-BLR,EaseMyTrip,IX,IX-1640,2026-08-29,T+7,5387,1183,6570,2026-08-22T09:04:53.897Z,FALSE,"",20:55,TRUE
fare_BOM-BLR_6E_2026-08-29_T+7_1787410677122_cwed,BOM-BLR,EaseMyTrip,6E,6E-6802,2026-08-29,T+7,5255,1153,6408,2026-08-22T09:04:53.897Z,FALSE,"",16:55,FALSE
fare_BOM-BLR_6E_2026-08-29_T+7_1787410677122_qqmg,BOM-BLR,EaseMyTrip,6E,6E-866,2026-08-29,T+7,5319,1168,6487,2026-08-22T09:04:53.897Z,FALSE,"",12:30,FALSE
fare_BOM-BLR_6E_2026-08-29_T+7_1787410677122_eaky,BOM-BLR,EaseMyTrip,6E,6E-733,2026-08-29,T+7,5319,1168,6487,2026-08-22T09:04:53.897Z,FALSE,"",12:30,FALSE
fare_BOM-BLR_6E_2026-08-29_T+7_1787410677122_6sr9,BOM-BLR,EaseMyTrip,6E,6E-339,2026-08-29,T+7,5319,1168,6487,2026-08-22T09:04:53.897Z,FALSE,"",04:05,FALSE
fare_BOM-BLR_6E_2026-08-29_T+7_1787410677122_g6au,BOM-BLR,EaseMyTrip,6E,6E-781,2026-08-29,T+7,5319,1168,6487,2026-08-22T09:04:53.897Z,FALSE,"",04:05,FALSE
fare_BOM-BLR_6E_2026-08-29_T+7_1787410677122_d5qu,BOM-BLR,EaseMyTrip,6E,6E-5337,2026-08-29,T+7,5319,1168,6487,2026-08-22T09:04:53.897Z,FALSE,"",13:45,FALSE
fare_BOM-BLR_6E_2026-08-29_T+7_1787410677122_bttq,BOM-BLR,EaseMyTrip,6E,6E-5048,2026-08-29,T+7,5319,1168,6487,2026-08-22T09:04:53.897Z,FALSE,"",17:25,FALSE
fare_BOM-BLR_6E_2026-08-29_T+7_1787410677122_esa7,BOM-BLR,EaseMyTrip,6E,6E-6349,2026-08-29,T+7,5319,1168,6487,2026-08-22T09:04:53.897Z,FALSE,"",11:40,FALSE
fare_BOM-BLR_6E_2026-08-29_T+7_1787410677122_yl6r,BOM-BLR,EaseMyTrip,6E,6E-6701,2026-08-29,T+7,5319,1168,6487,2026-08-22T09:04:53.897Z,FALSE,"",05:35,FALSE
fare_BOM-BLR_6E_2026-08-29_T+7_1787410677122_z5ee,BOM-BLR,EaseMyTrip,6E,6E-5188,2026-08-29,T+7,5319,1168,6487,2026-08-22T09:04:53.897Z,FALSE,"",06:15,FALSE
fare_BOM-BLR_6E_2026-08-29_T+7_1787410677122_k82l,BOM-BLR,EaseMyTrip,6E,6E-574,2026-08-29,T+7,5319,1168,6487,2026-08-22T09:04:53.897Z,FALSE,"",12:30,FALSE
fare_BOM-BLR_6E_2026-08-29_T+7_1787410677122_vj5r,BOM-BLR,EaseMyTrip,6E,6E-742,2026-08-29,T+7,5319,1168,6487,2026-08-22T09:04:53.897Z,FALSE,"",12:30,FALSE
fare_BOM-BLR_6E_2026-08-29_T+7_1787410677122_xijy,BOM-BLR,EaseMyTrip,6E,6E-274,2026-08-29,T+7,5319,1168,6487,2026-08-22T09:04:53.897Z,FALSE,"",04:05,FALSE
fare_BOM-BLR_6E_2026-08-29_T+7_1787410677122_e3mp,BOM-BLR,EaseMyTrip,6E,6E-319,2026-08-29,T+7,5319,1168,6487,2026-08-22T09:04:53.897Z,FALSE,"",04:05,FALSE
fare_BOM-BLR_QP_2026-08-29_T+7_1787410677122_92ep,BOM-BLR,EaseMyTrip,QP,QP-1518,2026-08-29,T+7,5327,1169,6496,2026-08-22T09:04:53.897Z,FALSE,"",21:45,TRUE
fare_BOM-BLR_6E_2026-08-29_T+7_1787410677122_75yt,BOM-BLR,EaseMyTrip,6E,6E-5284,2026-08-29,T+7,5350,1174,6524,2026-08-22T09:04:53.897Z,FALSE,"",07:30,FALSE
fare_BOM-BLR_6E_2026-08-29_T+7_1787410677122_15pi,BOM-BLR,EaseMyTrip,6E,6E-370,2026-08-29,T+7,5350,1174,6524,2026-08-22T09:04:53.897Z,FALSE,"",10:40,FALSE
fare_BOM-BLR_6E_2026-08-29_T+7_1787410677122_ercu,BOM-BLR,EaseMyTrip,6E,6E-142,2026-08-29,T+7,5350,1174,6524,2026-08-22T09:04:53.897Z,FALSE,"",10:40,FALSE
fare_BOM-BLR_6E_2026-08-29_T+7_1787410677122_u8e1,BOM-BLR,EaseMyTrip,6E,6E-6029,2026-08-29,T+7,5387,1183,6570,2026-08-22T09:04:53.897Z,FALSE,"",11:25,TRUE
fare_BOM-BLR_QP_2026-08-29_T+7_1787410677122_fldl,BOM-BLR,EaseMyTrip,QP,QP-1133,2026-08-29,T+7,5548,1218,6766,2026-08-22T09:04:53.897Z,FALSE,"",19:50,TRUE
fare_BOM-BLR_6E_2026-08-29_T+7_1787410677122_lqo6,BOM-BLR,EaseMyTrip,6E,6E-5318,2026-08-29,T+7,5551,1218,6769,2026-08-22T09:04:53.897Z,FALSE,"",10:15,FALSE
fare_BOM-BLR_AI_2026-08-29_T+7_1787410677122_2nqr,BOM-BLR,EaseMyTrip,AI,AI-2497,2026-08-29,T+7,5831,1280,7111,2026-08-22T09:04:53.897Z,FALSE,"",22:10,TRUE
fare_BOM-BLR_6E_2026-08-29_T+7_1787410677122_jugf,BOM-BLR,EaseMyTrip,6E,6E-6188,2026-08-29,T+7,5669,1245,6914,2026-08-22T09:04:53.897Z,FALSE,"",21:30,TRUE
fare_BOM-BLR_6E_2026-08-29_T+7_1787410677122_j06c,BOM-BLR,EaseMyTrip,6E,6E-5193,2026-08-29,T+7,5669,1245,6914,2026-08-22T09:04:53.897Z,FALSE,"",08:05,TRUE
fare_BOM-BLR_6E_2026-08-29_T+7_1787410677122_upo3,BOM-BLR,EaseMyTrip,6E,6E-5296,2026-08-29,T+7,5669,1245,6914,2026-08-22T09:04:53.897Z,FALSE,"",06:30,TRUE
fare_BOM-BLR_6E_2026-08-29_T+7_1787410677122_8yiq,BOM-BLR,EaseMyTrip,6E,6E-5388,2026-08-29,T+7,5669,1245,6914,2026-08-22T09:04:53.897Z,FALSE,"",22:20,TRUE
fare_BOM-BLR_6E_2026-08-29_T+7_1787410677122_3dpo,BOM-BLR,EaseMyTrip,6E,6E-5126,2026-08-29,T+7,5723,1256,6979,2026-08-22T09:04:53.897Z,FALSE,"",18:15,FALSE
fare_BOM-BLR_6E_2026-08-29_T+7_1787410677122_spts,BOM-BLR,EaseMyTrip,6E,6E-5109,2026-08-29,T+7,5723,1256,6979,2026-08-22T09:04:53.897Z,FALSE,"",09:35,FALSE
fare_BOM-BLR_AI_2026-08-29_T+7_1787410677122_4yff,BOM-BLR,EaseMyTrip,AI,AI-2603,2026-08-29,T+7,5969,1310,7279,2026-08-22T09:04:53.897Z,FALSE,"",06:35,TRUE
fare_BOM-BLR_6E_2026-08-29_T+7_1787410677122_5b0f,BOM-BLR,EaseMyTrip,6E,6E-5047,2026-08-29,T+7,5928,1301,7229,2026-08-22T09:04:53.897Z,FALSE,"",18:30,TRUE
fare_BOM-BLR_6E_2026-08-29_T+7_1787410677122_25fn,BOM-BLR,EaseMyTrip,6E,6E-5382,2026-08-29,T+7,5928,1301,7229,2026-08-22T09:04:53.897Z,FALSE,"",14:30,TRUE
fare_BOM-BLR_6E_2026-08-29_T+7_1787410677122_xgg4,BOM-BLR,EaseMyTrip,6E,6E-5184,2026-08-29,T+7,5928,1301,7229,2026-08-22T09:04:53.897Z,FALSE,"",12:30,TRUE
fare_BOM-BLR_6E_2026-08-29_T+7_1787410677122_cmio,BOM-BLR,EaseMyTrip,6E,6E-5221,2026-08-29,T+7,5928,1301,7229,2026-08-22T09:04:53.897Z,FALSE,"",17:00,TRUE
fare_BOM-BLR_6E_2026-08-29_T+7_1787410677122_qine,BOM-BLR,EaseMyTrip,6E,6E-5092,2026-08-29,T+7,5928,1301,7229,2026-08-22T09:04:53.897Z,FALSE,"",10:00,TRUE
fare_BOM-BLR_6E_2026-08-29_T+7_1787410677122_chym,BOM-BLR,EaseMyTrip,6E,6E-6057,2026-08-29,T+7,5996,1316,7312,2026-08-22T09:04:53.897Z,FALSE,"",09:15,FALSE
fare_BOM-BLR_QP_2026-08-29_T+7_1787410677122_xjrk,BOM-BLR,EaseMyTrip,QP,QP-1527,2026-08-29,T+7,6025,1322,7347,2026-08-22T09:04:53.897Z,FALSE,"",07:35,TRUE
fare_BOM-BLR_6E_2026-08-29_T+7_1787410677122_3svq,BOM-BLR,EaseMyTrip,6E,6E-7037,2026-08-29,T+7,6052,1328,7380,2026-08-22T09:04:53.897Z,FALSE,"",11:05,FALSE
fare_BOM-BLR_6E_2026-08-29_T+7_1787410677122_u30a,BOM-BLR,EaseMyTrip,6E,6E-234,2026-08-29,T+7,6052,1328,7380,2026-08-22T09:04:53.897Z,FALSE,"",17:15,FALSE
fare_BOM-BLR_6E_2026-08-29_T+7_1787410677122_gyld,BOM-BLR,EaseMyTrip,6E,6E-807,2026-08-29,T+7,6052,1328,7380,2026-08-22T09:04:53.897Z,FALSE,"",17:15,FALSE
fare_BOM-BLR_AI_2026-08-29_T+7_1787410677122_845g,BOM-BLR,EaseMyTrip,AI,AI-2401,2026-08-29,T+7,6227,1367,7594,2026-08-22T09:04:53.897Z,FALSE,"",20:45,TRUE
fare_BOM-BLR_AI_2026-08-29_T+7_1787410677122_bszv,BOM-BLR,EaseMyTrip,AI,AI-2632,2026-08-29,T+7,6227,1367,7594,2026-08-22T09:04:53.897Z,FALSE,"",12:00,TRUE
fare_BOM-BLR_6E_2026-08-29_T+7_1787410677122_nwcy,BOM-BLR,EaseMyTrip,6E,6E-5107,2026-08-29,T+7,6168,1354,7522,2026-08-22T09:04:53.897Z,FALSE,"",20:00,FALSE
fare_BOM-BLR_6E_2026-08-29_T+7_1787410677122_zgmh,BOM-BLR,EaseMyTrip,6E,6E-2284,2026-08-29,T+7,6168,1354,7522,2026-08-22T09:04:53.897Z,FALSE,"",12:05,FALSE
fare_BOM-BLR_6E_2026-08-29_T+7_1787410677122_ufk4,BOM-BLR,EaseMyTrip,6E,6E-2237,2026-08-29,T+7,6168,1354,7522,2026-08-22T09:04:53.897Z,FALSE,"",18:40,FALSE
fare_BOM-BLR_AI_2026-08-29_T+7_1787410677122_mgch,BOM-BLR,EaseMyTrip,AI,AI-2853,2026-08-29,T+7,6335,1390,7725,2026-08-22T09:04:53.897Z,FALSE,"",15:25,TRUE
fare_BOM-BLR_6E_2026-08-29_T+7_1787410677122_2v0d,BOM-BLR,EaseMyTrip,6E,6E-5071,2026-08-29,T+7,6186,1358,7544,2026-08-22T09:04:53.897Z,FALSE,"",15:35,TRUE
fare_BOM-BLR_6E_2026-08-29_T+7_1787410677122_wwmj,BOM-BLR,EaseMyTrip,6E,6E-5217,2026-08-29,T+7,6186,1358,7544,2026-08-22T09:04:53.897Z,FALSE,"",11:00,TRUE
fare_BOM-BLR_AI_2026-08-29_T+7_1787410677122_u0rs,BOM-BLR,EaseMyTrip,AI,AI-2641,2026-08-29,T+7,6442,1414,7856,2026-08-22T09:04:53.897Z,FALSE,"",18:30,TRUE
fare_BOM-BLR_QP_2026-08-29_T+7_1787410677122_btmy,BOM-BLR,EaseMyTrip,QP,QP-1382,2026-08-29,T+7,6280,1379,7659,2026-08-22T09:04:53.897Z,FALSE,"",18:25,TRUE
fare_BOM-BLR_6E_2026-08-29_T+7_1787410677122_lu8k,BOM-BLR,EaseMyTrip,6E,6E-875,2026-08-29,T+7,6377,1400,7777,2026-08-22T09:04:53.897Z,FALSE,"",13:55,FALSE
fare_BOM-BLR_6E_2026-08-29_T+7_1787410677122_jdm3,BOM-BLR,EaseMyTrip,6E,6E-179,2026-08-29,T+7,6377,1400,7777,2026-08-22T09:04:53.897Z,FALSE,"",13:55,FALSE
fare_BOM-BLR_6E_2026-08-29_T+7_1787410677122_ekzv,BOM-BLR,EaseMyTrip,6E,6E-7015,2026-08-29,T+7,6518,1431,7949,2026-08-22T09:04:53.897Z,FALSE,"",10:20,FALSE
fare_BOM-BLR_AI_2026-08-29_T+7_1787410677122_31oi,BOM-BLR,EaseMyTrip,AI,AI-2863,2026-08-29,T+7,6711,1473,8184,2026-08-22T09:04:53.897Z,FALSE,"",10:00,TRUE
fare_BOM-BLR_AI_2026-08-29_T+7_1787410677122_rhdi,BOM-BLR,EaseMyTrip,AI,AI-2851,2026-08-29,T+7,6711,1473,8184,2026-08-22T09:04:53.897Z,FALSE,"",07:55,TRUE
fare_BOM-BLR_IX_2026-08-29_T+7_1787410677122_x6zf,BOM-BLR,EaseMyTrip,IX,IX-1797,2026-08-29,T+7,7113,1561,8674,2026-08-22T09:04:53.897Z,FALSE,"",05:05,FALSE
fare_BOM-BLR_IX_2026-08-29_T+7_1787410677122_hod2,BOM-BLR,EaseMyTrip,IX,IX-1801,2026-08-29,T+7,7113,1561,8674,2026-08-22T09:04:53.897Z,FALSE,"",21:10,FALSE
fare_BOM-BLR_AI_2026-08-29_T+7_1787410677122_yx1y,BOM-BLR,EaseMyTrip,AI,AI-2849,2026-08-29,T+7,7428,1630,9058,2026-08-22T09:04:53.897Z,FALSE,"",17:30,TRUE
fare_BOM-BLR_IX_2026-08-29_T+7_1787410677122_elmp,BOM-BLR,EaseMyTrip,IX,IX-2367,2026-08-29,T+7,7904,1735,9639,2026-08-22T09:04:53.897Z,FALSE,"",07:20,FALSE
fare_BOM-BLR_AI_2026-08-29_T+7_1787410677122_gde4,BOM-BLR,EaseMyTrip,AI,AI-603,2026-08-29,T+7,7918,1738,9656,2026-08-22T09:04:53.897Z,FALSE,"",04:55,FALSE
fare_BOM-BLR_AI_2026-08-29_T+7_1787410677122_r5z1,BOM-BLR,EaseMyTrip,AI,AI-598,2026-08-29,T+7,8449,1855,10304,2026-08-22T09:04:53.897Z,FALSE,"",15:35,FALSE
fare_BOM-BLR_6E_2026-08-29_T+7_1787410677122_dw76,BOM-BLR,EaseMyTrip,6E,6E-612,2026-08-29,T+7,8435,1851,10286,2026-08-22T09:04:53.897Z,FALSE,"",04:00,FALSE
fare_BOM-BLR_6E_2026-08-29_T+7_1787410677122_jg5n,BOM-BLR,EaseMyTrip,6E,6E-525,2026-08-29,T+7,8435,1851,10286,2026-08-22T09:04:53.897Z,FALSE,"",04:00,FALSE
fare_BOM-BLR_AI_2026-08-29_T+7_1787410677122_eckp,BOM-BLR,EaseMyTrip,AI,AI-2625,2026-08-29,T+7,8636,1896,10532,2026-08-22T09:04:53.897Z,FALSE,"",06:00,FALSE
fare_BOM-BLR_AI_2026-08-29_T+7_1787410677122_0jwe,BOM-BLR,EaseMyTrip,AI,AI-639,2026-08-29,T+7,8755,1922,10677,2026-08-22T09:04:53.897Z,FALSE,"",22:55,FALSE
fare_BOM-BLR_AI_2026-08-29_T+7_1787410677122_tsgw,BOM-BLR,EaseMyTrip,AI,AI-2718,2026-08-29,T+7,9094,1996,11090,2026-08-22T09:04:53.897Z,FALSE,"",05:55,FALSE
fare_BOM-BLR_AI_2026-08-29_T+7_1787410677122_usqs,BOM-BLR,EaseMyTrip,AI,AI-2821,2026-08-29,T+7,9094,1996,11090,2026-08-22T09:04:53.897Z,FALSE,"",06:40,FALSE
fare_BOM-BLR_6E_2026-08-29_T+7_1787410677122_p7ly,BOM-BLR,EaseMyTrip,6E,6E-5313,2026-08-29,T+7,9148,2008,11156,2026-08-22T09:04:53.897Z,FALSE,"",09:50,FALSE
fare_BOM-BLR_IX_2026-08-29_T+7_1787410677122_bfi1,BOM-BLR,EaseMyTrip,IX,IX-1238,2026-08-29,T+7,9597,2107,11704,2026-08-22T09:04:53.897Z,FALSE,"",12:25,FALSE
fare_BOM-BLR_AI_2026-08-29_T+7_1787410677122_5hwl,BOM-BLR,EaseMyTrip,AI,AI-417,2026-08-29,T+7,9567,2100,11667,2026-08-22T09:04:53.897Z,FALSE,"",08:55,FALSE
fare_BOM-BLR_6E_2026-08-29_T+7_1787410677122_aaxd,BOM-BLR,EaseMyTrip,6E,6E-6362,2026-08-29,T+7,9564,2100,11664,2026-08-22T09:04:53.897Z,FALSE,"",05:45,FALSE
fare_BOM-BLR_6E_2026-08-29_T+7_1787410677122_lzub,BOM-BLR,EaseMyTrip,6E,6E-283,2026-08-29,T+7,9652,2119,11771,2026-08-22T09:04:53.897Z,FALSE,"",11:20,FALSE
fare_BOM-BLR_6E_2026-08-29_T+7_1787410677122_4p7x,BOM-BLR,EaseMyTrip,6E,6E-645,2026-08-29,T+7,9652,2119,11771,2026-08-22T09:04:53.897Z,FALSE,"",11:20,FALSE
fare_BOM-BLR_AI_2026-08-29_T+7_1787410677122_f7dq,BOM-BLR,EaseMyTrip,AI,AI-2780,2026-08-29,T+7,9852,2163,12015,2026-08-22T09:04:53.897Z,FALSE,"",12:45,FALSE
fare_BOM-BLR_6E_2026-08-29_T+7_1787410677122_0vqb,BOM-BLR,EaseMyTrip,6E,6E-5178,2026-08-29,T+7,9775,2146,11921,2026-08-22T09:04:53.897Z,FALSE,"",11:40,FALSE
fare_BOM-BLR_AI_2026-08-29_T+7_1787410677122_h96r,BOM-BLR,EaseMyTrip,AI,AI-2841,2026-08-29,T+7,9997,2195,12192,2026-08-22T09:04:53.897Z,FALSE,"",11:20,FALSE
fare_BOM-BLR_6E_2026-08-29_T+7_1787410677122_vfqm,BOM-BLR,EaseMyTrip,6E,6E-5196,2026-08-29,T+7,9933,2180,12113,2026-08-22T09:04:53.897Z,FALSE,"",15:25,FALSE
fare_BOM-BLR_AI_2026-08-29_T+7_1787410677122_33l9,BOM-BLR,EaseMyTrip,AI,AI-2531,2026-08-29,T+7,10236,2247,12483,2026-08-22T09:04:53.897Z,FALSE,"",15:05,FALSE
fare_BOM-BLR_AI_2026-08-29_T+7_1787410677122_03vf,BOM-BLR,EaseMyTrip,AI,AI-435,2026-08-29,T+7,11185,2455,13640,2026-08-22T09:04:53.897Z,FALSE,"",18:10,FALSE
fare_BOM-BLR_AI_2026-08-29_T+7_1787410677122_t87s,BOM-BLR,EaseMyTrip,AI,AI-431,2026-08-29,T+7,11395,2501,13896,2026-08-22T09:04:53.897Z,FALSE,"",12:10,FALSE
fare_BOM-BLR_AI_2026-08-29_T+7_1787410677122_v60b,BOM-BLR,EaseMyTrip,AI,AI-2787,2026-08-29,T+7,11613,2549,14162,2026-08-22T09:04:53.897Z,FALSE,"",06:35,FALSE
fare_BOM-BLR_6E_2026-08-29_T+7_1787410677122_uqyj,BOM-BLR,EaseMyTrip,6E,6E-5181,2026-08-29,T+7,11851,2601,14452,2026-08-22T09:04:53.897Z,FALSE,"",10:25,FALSE
fare_BOM-BLR_IX_2026-08-29_T+7_1787410677122_as2f,BOM-BLR,EaseMyTrip,IX,IX-1870,2026-08-29,T+7,12366,2715,15081,2026-08-22T09:04:53.897Z,FALSE,"",15:30,FALSE
fare_BOM-BLR_AI_2026-08-29_T+7_1787410677122_q95y,BOM-BLR,EaseMyTrip,AI,AI-2452,2026-08-29,T+7,13403,2942,16345,2026-08-22T09:04:53.897Z,FALSE,"",03:05,FALSE
fare_BOM-BLR_AI_2026-08-29_T+7_1787410677122_4f1d,BOM-BLR,EaseMyTrip,AI,AI-2928,2026-08-29,T+7,13801,3029,16830,2026-08-22T09:04:53.897Z,FALSE,"",06:30,FALSE
fare_BOM-BLR_AI_2026-08-29_T+7_1787410677122_3ozv,BOM-BLR,EaseMyTrip,AI,AI-2847,2026-08-29,T+7,14597,3204,17801,2026-08-22T09:04:53.897Z,FALSE,"",10:20,FALSE
fare_BOM-BLR_AI_2026-08-29_T+7_1787410677122_cbzt,BOM-BLR,EaseMyTrip,AI,AI-2771,2026-08-29,T+7,14942,3280,18222,2026-08-22T09:04:53.897Z,FALSE,"",06:55,FALSE
fare_BOM-BLR_AI_2026-08-29_T+7_1787410677122_5nh1,BOM-BLR,EaseMyTrip,AI,AI-816,2026-08-29,T+7,15233,3344,18577,2026-08-22T09:04:53.897Z,FALSE,"",21:00,FALSE
fare_BOM-BLR_AI_2026-08-29_T+7_1787410677122_pyaj,BOM-BLR,EaseMyTrip,AI,AI-2988,2026-08-29,T+7,15233,3344,18577,2026-08-22T09:04:53.897Z,FALSE,"",20:30,FALSE
fare_BOM-BLR_AI_2026-08-29_T+7_1787410677122_k0qe,BOM-BLR,EaseMyTrip,AI,AI-2491,2026-08-29,T+7,15251,3348,18599,2026-08-22T09:04:53.897Z,FALSE,"",11:15,FALSE
fare_BOM-BLR_AI_2026-08-29_T+7_1787410677122_utdl,BOM-BLR,EaseMyTrip,AI,AI-2970,2026-08-29,T+7,15359,3371,18730,2026-08-22T09:04:53.897Z,FALSE,"",08:30,FALSE
fare_BOM-BLR_AI_2026-08-29_T+7_1787410677122_uduj,BOM-BLR,EaseMyTrip,AI,AI-1890,2026-08-29,T+7,15444,3390,18834,2026-08-22T09:04:53.897Z,FALSE,"",09:00,FALSE
fare_BOM-BLR_AI_2026-08-29_T+7_1787410677122_3dup,BOM-BLR,EaseMyTrip,AI,AI-2428,2026-08-29,T+7,15489,3400,18889,2026-08-22T09:04:53.897Z,FALSE,"",08:00,FALSE
fare_BOM-BLR_AI_2026-08-29_T+7_1787410677122_w37g,BOM-BLR,EaseMyTrip,AI,AI-2505,2026-08-29,T+7,15856,3480,19336,2026-08-22T09:04:53.897Z,FALSE,"",19:25,FALSE
fare_BOM-BLR_IX_2026-08-29_T+7_1787410677122_mwre,BOM-BLR,EaseMyTrip,IX,IX-1283,2026-08-29,T+7,16250,3567,19817,2026-08-22T09:04:53.897Z,TRUE,"High outlier: ₹19817 > upper fence ₹19607 (Q3: ₹11738, IQR: ₹5246)",06:05,FALSE
fare_BOM-BLR_AI_2026-08-29_T+7_1787410677122_0nib,BOM-BLR,EaseMyTrip,AI,AI-2442,2026-08-29,T+7,16303,3579,19882,2026-08-22T09:04:53.897Z,TRUE,"High outlier: ₹19882 > upper fence ₹19607 (Q3: ₹11738, IQR: ₹5246)",15:00,FALSE
fare_BOM-BLR_AI_2026-08-29_T+7_1787410677122_l7i6,BOM-BLR,EaseMyTrip,AI,AI-1851,2026-08-29,T+7,16303,3579,19882,2026-08-22T09:04:53.897Z,TRUE,"High outlier: ₹19882 > upper fence ₹19607 (Q3: ₹11738, IQR: ₹5246)",15:30,FALSE
fare_BOM-BLR_6E_2026-08-29_T+7_1787410677122_vnjp,BOM-BLR,EaseMyTrip,6E,6E-2016,2026-08-29,T+7,16229,3563,19792,2026-08-22T09:04:53.897Z,TRUE,"High outlier: ₹19792 > upper fence ₹19607 (Q3: ₹11738, IQR: ₹5246)",13:35,FALSE
fare_BOM-BLR_AI_2026-08-29_T+7_1787410677122_hyh8,BOM-BLR,EaseMyTrip,AI,AI-2952,2026-08-29,T+7,16490,3620,20110,2026-08-22T09:04:53.897Z,TRUE,"High outlier: ₹20110 > upper fence ₹19607 (Q3: ₹11738, IQR: ₹5246)",11:25,FALSE
fare_BOM-BLR_AI_2026-08-29_T+7_1787410677122_l62u,BOM-BLR,EaseMyTrip,AI,AI-2663,2026-08-29,T+7,17036,3739,20775,2026-08-22T09:04:53.897Z,TRUE,"High outlier: ₹20775 > upper fence ₹19607 (Q3: ₹11738, IQR: ₹5246)",10:25,FALSE
fare_BOM-DEL_SG_2026-08-23_T+1_1787410677123_393o,BOM-DEL,EaseMyTrip,SG,SG-213,2026-08-23,T+1,5188,1139,6327,2026-08-22T08:49:29.790Z,FALSE,"",01:50,TRUE
fare_BOM-DEL_SG_2026-08-23_T+1_1787410677123_4s5f,BOM-DEL,EaseMyTrip,SG,SG-291,2026-08-23,T+1,5188,1139,6327,2026-08-22T08:49:29.790Z,FALSE,"",01:50,TRUE
fare_BOM-DEL_SG_2026-08-23_T+1_1787410677123_s5r5,BOM-DEL,EaseMyTrip,SG,SG-368,2026-08-23,T+1,5188,1139,6327,2026-08-22T08:49:29.790Z,FALSE,"",23:55,TRUE
fare_BOM-DEL_SG_2026-08-23_T+1_1787410677123_vr79,BOM-DEL,EaseMyTrip,SG,SG-315,2026-08-23,T+1,5188,1139,6327,2026-08-22T08:49:29.790Z,FALSE,"",23:55,TRUE
fare_BOM-DEL_SG_2026-08-23_T+1_1787410677123_40ec,BOM-DEL,EaseMyTrip,SG,SG-9809,2026-08-23,T+1,5275,1158,6433,2026-08-22T08:49:29.790Z,FALSE,"",01:15,TRUE
fare_BOM-DEL_IX_2026-08-23_T+1_1787410677123_bahh,BOM-DEL,EaseMyTrip,IX,IX-1389,2026-08-23,T+1,5380,1181,6561,2026-08-22T08:49:29.790Z,FALSE,"",22:20,TRUE
fare_BOM-DEL_IX_2026-08-23_T+1_1787410677123_g88t,BOM-DEL,EaseMyTrip,IX,IX-2153,2026-08-23,T+1,5380,1181,6561,2026-08-22T08:49:29.790Z,FALSE,"",21:15,TRUE
fare_BOM-DEL_6E_2026-08-23_T+1_1787410677123_9loe,BOM-DEL,EaseMyTrip,6E,6E-2090,2026-08-23,T+1,5380,1181,6561,2026-08-22T08:49:29.790Z,FALSE,"",06:25,TRUE
fare_BOM-DEL_QP_2026-08-23_T+1_1787410677123_zy1a,BOM-DEL,EaseMyTrip,QP,QP-1111,2026-08-23,T+1,5381,1181,6562,2026-08-22T08:49:29.790Z,FALSE,"",05:25,TRUE
fare_BOM-DEL_QP_2026-08-23_T+1_1787410677123_obpo,BOM-DEL,EaseMyTrip,QP,QP-1127,2026-08-23,T+1,5381,1181,6562,2026-08-22T08:49:29.790Z,FALSE,"",12:55,TRUE
fare_BOM-DEL_QP_2026-08-23_T+1_1787410677123_fdwv,BOM-DEL,EaseMyTrip,QP,QP-1835,2026-08-23,T+1,5381,1181,6562,2026-08-22T08:49:29.790Z,FALSE,"",11:50,TRUE
fare_BOM-DEL_QP_2026-08-23_T+1_1787410677123_ufb0,BOM-DEL,EaseMyTrip,QP,QP-1819,2026-08-23,T+1,5381,1181,6562,2026-08-22T08:49:29.790Z,FALSE,"",14:30,TRUE
fare_BOM-DEL_6E_2026-08-23_T+1_1787410677123_fdrd,BOM-DEL,EaseMyTrip,6E,6E-139,2026-08-23,T+1,5381,1181,6562,2026-08-22T08:49:29.790Z,FALSE,"",08:00,TRUE
fare_BOM-DEL_6E_2026-08-23_T+1_1787410677123_2s9w,BOM-DEL,EaseMyTrip,6E,6E-767,2026-08-23,T+1,5381,1181,6562,2026-08-22T08:49:29.790Z,FALSE,"",08:00,TRUE
fare_BOM-DEL_6E_2026-08-23_T+1_1787410677123_embi,BOM-DEL,EaseMyTrip,6E,6E-6827,2026-08-23,T+1,5381,1181,6562,2026-08-22T08:49:29.790Z,FALSE,"",11:30,TRUE
fare_BOM-DEL_6E_2026-08-23_T+1_1787410677123_266h,BOM-DEL,EaseMyTrip,6E,6E-6028,2026-08-23,T+1,5381,1181,6562,2026-08-22T08:49:29.790Z,FALSE,"",12:15,TRUE
fare_BOM-DEL_6E_2026-08-23_T+1_1787410677123_7l1h,BOM-DEL,EaseMyTrip,6E,6E-114,2026-08-23,T+1,5381,1181,6562,2026-08-22T08:49:29.790Z,FALSE,"",13:00,TRUE
fare_BOM-DEL_6E_2026-08-23_T+1_1787410677123_0aot,BOM-DEL,EaseMyTrip,6E,6E-726,2026-08-23,T+1,5381,1181,6562,2026-08-22T08:49:29.790Z,FALSE,"",13:00,TRUE
fare_BOM-DEL_QP_2026-08-23_T+1_1787410677123_1lyw,BOM-DEL,EaseMyTrip,QP,QP-1941,2026-08-23,T+1,5423,1191,6614,2026-08-22T08:49:29.790Z,FALSE,"",18:05,TRUE
fare_BOM-DEL_QP_2026-08-23_T+1_1787410677123_i9ak,BOM-DEL,EaseMyTrip,QP,QP-1939,2026-08-23,T+1,5423,1191,6614,2026-08-22T08:49:29.790Z,FALSE,"",10:10,TRUE
fare_BOM-DEL_6E_2026-08-23_T+1_1787410677123_vtwm,BOM-DEL,EaseMyTrip,6E,6E-5197,2026-08-23,T+1,5423,1191,6614,2026-08-22T08:49:29.790Z,FALSE,"",06:40,TRUE
fare_BOM-DEL_6E_2026-08-23_T+1_1787410677123_965e,BOM-DEL,EaseMyTrip,6E,6E-364,2026-08-23,T+1,5510,1210,6720,2026-08-22T08:49:29.790Z,FALSE,"",06:00,TRUE
fare_BOM-DEL_6E_2026-08-23_T+1_1787410677123_xp8s,BOM-DEL,EaseMyTrip,6E,6E-165,2026-08-23,T+1,5510,1210,6720,2026-08-22T08:49:29.790Z,FALSE,"",06:00,TRUE
fare_BOM-DEL_6E_2026-08-23_T+1_1787410677123_ernv,BOM-DEL,EaseMyTrip,6E,6E-732,2026-08-23,T+1,5510,1210,6720,2026-08-22T08:49:29.790Z,FALSE,"",23:45,TRUE
fare_BOM-DEL_6E_2026-08-23_T+1_1787410677123_c5s2,BOM-DEL,EaseMyTrip,6E,6E-931,2026-08-23,T+1,5510,1210,6720,2026-08-22T08:49:29.790Z,FALSE,"",23:45,TRUE
fare_BOM-DEL_6E_2026-08-23_T+1_1787410677123_nak5,BOM-DEL,EaseMyTrip,6E,6E-175,2026-08-23,T+1,5510,1210,6720,2026-08-22T08:49:29.790Z,FALSE,"",22:15,TRUE
fare_BOM-DEL_6E_2026-08-23_T+1_1787410677123_3kr5,BOM-DEL,EaseMyTrip,6E,6E-204,2026-08-23,T+1,5510,1210,6720,2026-08-22T08:49:29.790Z,FALSE,"",22:15,TRUE
fare_BOM-DEL_6E_2026-08-23_T+1_1787410677123_09t1,BOM-DEL,EaseMyTrip,6E,6E-410,2026-08-23,T+1,5510,1210,6720,2026-08-22T08:49:29.790Z,FALSE,"",17:20,TRUE
fare_BOM-DEL_6E_2026-08-23_T+1_1787410677123_dbkr,BOM-DEL,EaseMyTrip,6E,6E-338,2026-08-23,T+1,5510,1210,6720,2026-08-22T08:49:29.790Z,FALSE,"",17:20,TRUE
fare_BOM-DEL_6E_2026-08-23_T+1_1787410677123_0gfo,BOM-DEL,EaseMyTrip,6E,6E-6082,2026-08-23,T+1,5510,1210,6720,2026-08-22T08:49:29.790Z,FALSE,"",16:45,TRUE
fare_BOM-DEL_6E_2026-08-23_T+1_1787410677123_4xqd,BOM-DEL,EaseMyTrip,6E,6E-505,2026-08-23,T+1,5510,1210,6720,2026-08-22T08:49:29.790Z,FALSE,"",16:00,TRUE
fare_BOM-DEL_6E_2026-08-23_T+1_1787410677123_jfw7,BOM-DEL,EaseMyTrip,6E,6E-968,2026-08-23,T+1,5510,1210,6720,2026-08-22T08:49:29.790Z,FALSE,"",16:00,TRUE
fare_BOM-DEL_6E_2026-08-23_T+1_1787410677123_bfi6,BOM-DEL,EaseMyTrip,6E,6E-6704,2026-08-23,T+1,5510,1210,6720,2026-08-22T08:49:29.790Z,FALSE,"",14:00,TRUE
fare_BOM-DEL_6E_2026-08-23_T+1_1787410677123_mku9,BOM-DEL,EaseMyTrip,6E,6E-392,2026-08-23,T+1,5510,1210,6720,2026-08-22T08:49:29.790Z,FALSE,"",09:00,TRUE
fare_BOM-DEL_6E_2026-08-23_T+1_1787410677123_ydb5,BOM-DEL,EaseMyTrip,6E,6E-255,2026-08-23,T+1,5510,1210,6720,2026-08-22T08:49:29.790Z,FALSE,"",09:00,TRUE
fare_BOM-DEL_6E_2026-08-23_T+1_1787410677123_x1e5,BOM-DEL,EaseMyTrip,6E,6E-707,2026-08-23,T+1,5510,1210,6720,2026-08-22T08:49:29.790Z,FALSE,"",10:35,TRUE
fare_BOM-DEL_6E_2026-08-23_T+1_1787410677123_l0i9,BOM-DEL,EaseMyTrip,6E,6E-890,2026-08-23,T+1,5510,1210,6720,2026-08-22T08:49:29.790Z,FALSE,"",10:35,TRUE
fare_BOM-DEL_6E_2026-08-23_T+1_1787410677123_emym,BOM-DEL,EaseMyTrip,6E,6E-6052,2026-08-23,T+1,5510,1210,6720,2026-08-22T08:49:29.790Z,FALSE,"",10:00,TRUE
fare_BOM-DEL_QP_2026-08-23_T+1_1787410677123_b5ps,BOM-DEL,EaseMyTrip,QP,QP-1109,2026-08-23,T+1,5578,1224,6802,2026-08-22T08:49:29.790Z,FALSE,"",07:00,TRUE
fare_BOM-DEL_QP_2026-08-23_T+1_1787410677123_ohox,BOM-DEL,EaseMyTrip,QP,QP-1825,2026-08-23,T+1,5578,1224,6802,2026-08-22T08:49:29.790Z,FALSE,"",16:50,TRUE
fare_BOM-DEL_AI_2026-08-23_T+1_1787410677123_v55h,BOM-DEL,EaseMyTrip,AI,AI-2928,2026-08-23,T+1,5766,1266,7032,2026-08-22T08:49:29.790Z,FALSE,"",06:30,TRUE
fare_BOM-DEL_AI_2026-08-23_T+1_1787410677123_vuia,BOM-DEL,EaseMyTrip,AI,AI-2424,2026-08-23,T+1,5766,1266,7032,2026-08-22T08:49:29.790Z,FALSE,"",07:00,TRUE
fare_BOM-DEL_AI_2026-08-23_T+1_1787410677123_62g6,BOM-DEL,EaseMyTrip,AI,AI-2930,2026-08-23,T+1,5766,1266,7032,2026-08-22T08:49:29.790Z,FALSE,"",07:30,TRUE
fare_BOM-DEL_AI_2026-08-23_T+1_1787410677123_na46,BOM-DEL,EaseMyTrip,AI,AI-816,2026-08-23,T+1,5766,1266,7032,2026-08-22T08:49:29.790Z,FALSE,"",21:00,TRUE
fare_BOM-DEL_AI_2026-08-23_T+1_1787410677123_pr4w,BOM-DEL,EaseMyTrip,AI,AI-2970,2026-08-23,T+1,5766,1266,7032,2026-08-22T08:49:29.790Z,FALSE,"",08:30,TRUE
fare_BOM-DEL_AI_2026-08-23_T+1_1787410677123_rutv,BOM-DEL,EaseMyTrip,AI,AI-2422,2026-08-23,T+1,5766,1266,7032,2026-08-22T08:49:29.790Z,FALSE,"",22:00,TRUE
fare_BOM-DEL_AI_2026-08-23_T+1_1787410677123_bsx5,BOM-DEL,EaseMyTrip,AI,AI-2614,2026-08-23,T+1,5766,1266,7032,2026-08-22T08:49:29.790Z,FALSE,"",23:30,TRUE
fare_BOM-DEL_AI_2026-08-23_T+1_1787410677123_ls3n,BOM-DEL,EaseMyTrip,AI,AI-2952,2026-08-23,T+1,5766,1266,7032,2026-08-22T08:49:29.790Z,FALSE,"",11:25,TRUE
fare_BOM-DEL_AI_2026-08-23_T+1_1787410677123_ktq6,BOM-DEL,EaseMyTrip,AI,AI-2986,2026-08-23,T+1,5766,1266,7032,2026-08-22T08:49:29.790Z,FALSE,"",22:50,TRUE
fare_BOM-DEL_IX_2026-08-23_T+1_1787410677123_mmts,BOM-DEL,EaseMyTrip,IX,IX-2952,2026-08-23,T+1,5897,1294,7191,2026-08-22T08:49:29.790Z,FALSE,"",09:05,TRUE
fare_BOM-DEL_QP_2026-08-23_T+1_1787410677123_z1lb,BOM-DEL,EaseMyTrip,QP,QP-1834,2026-08-23,T+1,5679,1246,6925,2026-08-22T08:49:29.790Z,FALSE,"",10:00,TRUE
fare_BOM-DEL_QP_2026-08-23_T+1_1787410677123_ir0m,BOM-DEL,EaseMyTrip,QP,QP-1120,2026-08-23,T+1,5679,1246,6925,2026-08-22T08:49:29.790Z,FALSE,"",18:45,TRUE
fare_BOM-DEL_6E_2026-08-23_T+1_1787410677123_2eyo,BOM-DEL,EaseMyTrip,6E,6E-759,2026-08-23,T+1,5683,1247,6930,2026-08-22T08:49:29.790Z,FALSE,"",20:20,TRUE
fare_BOM-DEL_6E_2026-08-23_T+1_1787410677123_ia5k,BOM-DEL,EaseMyTrip,6E,6E-296,2026-08-23,T+1,5683,1247,6930,2026-08-22T08:49:29.790Z,FALSE,"",20:20,TRUE
fare_BOM-DEL_6E_2026-08-23_T+1_1787410677123_otnu,BOM-DEL,EaseMyTrip,6E,6E-6049,2026-08-23,T+1,5683,1247,6930,2026-08-22T08:49:29.790Z,FALSE,"",19:45,TRUE
fare_BOM-DEL_6E_2026-08-23_T+1_1787410677123_xnqk,BOM-DEL,EaseMyTrip,6E,6E-256,2026-08-23,T+1,5683,1247,6930,2026-08-22T08:49:29.790Z,FALSE,"",19:00,TRUE
fare_BOM-DEL_6E_2026-08-23_T+1_1787410677123_p1gq,BOM-DEL,EaseMyTrip,6E,6E-249,2026-08-23,T+1,5683,1247,6930,2026-08-22T08:49:29.790Z,FALSE,"",19:00,TRUE
fare_BOM-DEL_6E_2026-08-23_T+1_1787410677123_36zc,BOM-DEL,EaseMyTrip,6E,6E-6613,2026-08-23,T+1,5683,1247,6930,2026-08-22T08:49:29.790Z,FALSE,"",18:15,TRUE
fare_BOM-DEL_6E_2026-08-23_T+1_1787410677123_u3q9,BOM-DEL,EaseMyTrip,6E,6E-309,2026-08-23,T+1,5683,1247,6930,2026-08-22T08:49:29.790Z,FALSE,"",21:15,TRUE
fare_BOM-DEL_6E_2026-08-23_T+1_1787410677123_s832,BOM-DEL,EaseMyTrip,6E,6E-413,2026-08-23,T+1,5683,1247,6930,2026-08-22T08:49:29.790Z,FALSE,"",21:15,TRUE
fare_BOM-DEL_6E_2026-08-23_T+1_1787410677123_2zag,BOM-DEL,EaseMyTrip,6E,6E-388,2026-08-23,T+1,5683,1247,6930,2026-08-22T08:49:29.790Z,FALSE,"",15:00,TRUE
fare_BOM-DEL_AI_2026-08-23_T+1_1787410677123_botp,BOM-DEL,EaseMyTrip,AI,AI-2748,2026-08-23,T+1,5897,1294,7191,2026-08-22T08:49:29.790Z,FALSE,"",21:30,TRUE
fare_BOM-DEL_AI_2026-08-23_T+1_1787410677123_bc44,BOM-DEL,EaseMyTrip,AI,AI-2428,2026-08-23,T+1,5897,1294,7191,2026-08-22T08:49:29.790Z,FALSE,"",08:00,TRUE
fare_BOM-DEL_AI_2026-08-23_T+1_1787410677123_7gfy,BOM-DEL,EaseMyTrip,AI,AI-1890,2026-08-23,T+1,5897,1294,7191,2026-08-22T08:49:29.790Z,FALSE,"",09:00,TRUE
fare_BOM-DEL_AI_2026-08-23_T+1_1787410677123_7s3z,BOM-DEL,EaseMyTrip,AI,AI-2910,2026-08-23,T+1,5897,1294,7191,2026-08-22T08:49:29.790Z,FALSE,"",17:30,TRUE
fare_BOM-DEL_AI_2026-08-23_T+1_1787410677123_3vbs,BOM-DEL,EaseMyTrip,AI,AI-1882,2026-08-23,T+1,5897,1294,7191,2026-08-22T08:49:29.790Z,FALSE,"",23:55,TRUE
fare_BOM-DEL_AI_2026-08-23_T+1_1787410677123_yf2a,BOM-DEL,EaseMyTrip,AI,AI-1851,2026-08-23,T+1,5897,1294,7191,2026-08-22T08:49:29.790Z,FALSE,"",15:30,TRUE
fare_BOM-DEL_AI_2026-08-23_T+1_1787410677123_06bw,BOM-DEL,EaseMyTrip,AI,AI-2687,2026-08-23,T+1,5897,1294,7191,2026-08-22T08:49:29.790Z,FALSE,"",16:30,TRUE
fare_BOM-DEL_6E_2026-08-23_T+1_1787410677123_8cse,BOM-DEL,EaseMyTrip,6E,6E-2237,2026-08-23,T+1,5739,1260,6999,2026-08-22T08:49:29.790Z,FALSE,"",18:40,FALSE
fare_BOM-DEL_6E_2026-08-23_T+1_1787410677123_6kex,BOM-DEL,EaseMyTrip,6E,6E-5059,2026-08-23,T+1,5739,1260,6999,2026-08-22T08:49:29.790Z,FALSE,"",05:45,FALSE
fare_BOM-DEL_6E_2026-08-23_T+1_1787410677123_yn6r,BOM-DEL,EaseMyTrip,6E,6E-2347,2026-08-23,T+1,5739,1260,6999,2026-08-22T08:49:29.790Z,FALSE,"",08:50,FALSE
fare_BOM-DEL_6E_2026-08-23_T+1_1787410677123_gix9,BOM-DEL,EaseMyTrip,6E,6E-5164,2026-08-23,T+1,5847,1283,7130,2026-08-22T08:49:29.790Z,FALSE,"",20:35,FALSE
fare_BOM-DEL_6E_2026-08-23_T+1_1787410677123_o1hq,BOM-DEL,EaseMyTrip,6E,6E-5147,2026-08-23,T+1,5847,1283,7130,2026-08-22T08:49:29.790Z,FALSE,"",18:35,FALSE
fare_BOM-DEL_6E_2026-08-23_T+1_1787410677123_xfch,BOM-DEL,EaseMyTrip,6E,6E-6122,2026-08-23,T+1,5847,1283,7130,2026-08-22T08:49:29.790Z,FALSE,"",15:45,FALSE
fare_BOM-DEL_6E_2026-08-23_T+1_1787410677123_9xnh,BOM-DEL,EaseMyTrip,6E,6E-6058,2026-08-23,T+1,5847,1283,7130,2026-08-22T08:49:29.790Z,FALSE,"",08:05,FALSE
fare_BOM-DEL_6E_2026-08-23_T+1_1787410677123_otwo,BOM-DEL,EaseMyTrip,6E,6E-6802,2026-08-23,T+1,5847,1283,7130,2026-08-22T08:49:29.790Z,FALSE,"",16:55,FALSE
fare_BOM-DEL_6E_2026-08-23_T+1_1787410677123_scvq,BOM-DEL,EaseMyTrip,6E,6E-5273,2026-08-23,T+1,5847,1283,7130,2026-08-22T08:49:29.790Z,FALSE,"",18:35,FALSE
fare_BOM-DEL_6E_2026-08-23_T+1_1787410677123_mz6u,BOM-DEL,EaseMyTrip,6E,6E-5345,2026-08-23,T+1,5847,1283,7130,2026-08-22T08:49:29.790Z,FALSE,"",14:25,FALSE
fare_BOM-DEL_AI_2026-08-23_T+1_1787410677123_5edg,BOM-DEL,EaseMyTrip,AI,AI-2408,2026-08-23,T+1,6069,1332,7401,2026-08-22T08:49:29.790Z,FALSE,"",19:30,TRUE
fare_BOM-DEL_AI_2026-08-23_T+1_1787410677123_pvfe,BOM-DEL,EaseMyTrip,AI,AI-2419,2026-08-23,T+1,6069,1332,7401,2026-08-22T08:49:29.790Z,FALSE,"",12:00,TRUE
fare_BOM-DEL_AI_2026-08-23_T+1_1787410677123_q7yq,BOM-DEL,EaseMyTrip,AI,AI-2996,2026-08-23,T+1,6069,1332,7401,2026-08-22T08:49:29.790Z,FALSE,"",18:30,TRUE
fare_BOM-DEL_AI_2026-08-23_T+1_1787410677123_qgv2,BOM-DEL,EaseMyTrip,AI,AI-2426,2026-08-23,T+1,6069,1332,7401,2026-08-22T08:49:29.790Z,FALSE,"",19:00,TRUE
fare_BOM-DEL_AI_2026-08-23_T+1_1787410677123_4g8m,BOM-DEL,EaseMyTrip,AI,AI-2940,2026-08-23,T+1,6069,1332,7401,2026-08-22T08:49:29.790Z,FALSE,"",20:00,TRUE
fare_BOM-DEL_AI_2026-08-23_T+1_1787410677123_sxle,BOM-DEL,EaseMyTrip,AI,AI-2988,2026-08-23,T+1,6069,1332,7401,2026-08-22T08:49:29.790Z,FALSE,"",20:30,TRUE
fare_BOM-DEL_6E_2026-08-23_T+1_1787410677123_efs7,BOM-DEL,EaseMyTrip,6E,6E-2138,2026-08-23,T+1,5907,1297,7204,2026-08-22T08:49:29.790Z,FALSE,"",16:20,FALSE
fare_BOM-DEL_6E_2026-08-23_T+1_1787410677123_426u,BOM-DEL,EaseMyTrip,6E,6E-5028,2026-08-23,T+1,5911,1298,7209,2026-08-22T08:49:29.790Z,FALSE,"",19:35,FALSE
fare_BOM-DEL_6E_2026-08-23_T+1_1787410677123_jxkc,BOM-DEL,EaseMyTrip,6E,6E-130,2026-08-23,T+1,5911,1298,7209,2026-08-22T08:49:29.790Z,FALSE,"",19:20,FALSE
fare_BOM-DEL_6E_2026-08-23_T+1_1787410677123_1abv,BOM-DEL,EaseMyTrip,6E,6E-698,2026-08-23,T+1,5911,1298,7209,2026-08-22T08:49:29.790Z,FALSE,"",19:20,FALSE
fare_BOM-DEL_6E_2026-08-23_T+1_1787410677123_7j5m,BOM-DEL,EaseMyTrip,6E,6E-829,2026-08-23,T+1,5911,1298,7209,2026-08-22T08:49:29.790Z,FALSE,"",04:45,FALSE
fare_BOM-DEL_6E_2026-08-23_T+1_1787410677123_kjnj,BOM-DEL,EaseMyTrip,6E,6E-514,2026-08-23,T+1,5911,1298,7209,2026-08-22T08:49:29.790Z,FALSE,"",04:45,FALSE
fare_BOM-DEL_6E_2026-08-23_T+1_1787410677123_t06f,BOM-DEL,EaseMyTrip,6E,6E-6195,2026-08-23,T+1,6019,1321,7340,2026-08-22T08:49:29.790Z,FALSE,"",23:00,FALSE
fare_BOM-DEL_AI_2026-08-23_T+1_1787410677123_pw6h,BOM-DEL,EaseMyTrip,AI,AI-2440,2026-08-23,T+1,6270,1376,7646,2026-08-22T08:49:29.790Z,FALSE,"",18:00,TRUE
fare_BOM-DEL_AI_2026-08-23_T+1_1787410677123_xd90,BOM-DEL,EaseMyTrip,AI,AI-2677,2026-08-23,T+1,6283,1379,7662,2026-08-22T08:49:29.790Z,FALSE,"",13:00,TRUE
fare_BOM-DEL_IX_2026-08-23_T+1_1787410677123_oq74,BOM-DEL,EaseMyTrip,IX,IX-1050,2026-08-23,T+1,6413,1408,7821,2026-08-22T08:49:29.790Z,FALSE,"",14:45,TRUE
fare_BOM-DEL_6E_2026-08-23_T+1_1787410677123_a515,BOM-DEL,EaseMyTrip,6E,6E-5131,2026-08-23,T+1,6305,1384,7689,2026-08-22T08:49:29.790Z,FALSE,"",15:50,FALSE
fare_BOM-DEL_6E_2026-08-23_T+1_1787410677123_bwxg,BOM-DEL,EaseMyTrip,6E,6E-7017,2026-08-23,T+1,6343,1392,7735,2026-08-22T08:49:29.790Z,FALSE,"",21:30,FALSE
fare_BOM-DEL_6E_2026-08-23_T+1_1787410677123_yujk,BOM-DEL,EaseMyTrip,6E,6E-5144,2026-08-23,T+1,6700,1471,8171,2026-08-22T08:49:29.790Z,FALSE,"",05:55,FALSE
fare_BOM-DEL_6E_2026-08-23_T+1_1787410677123_60iy,BOM-DEL,EaseMyTrip,6E,6E-488,2026-08-23,T+1,6700,1471,8171,2026-08-22T08:49:29.790Z,FALSE,"",14:40,FALSE
fare_BOM-DEL_6E_2026-08-23_T+1_1787410677123_kxqt,BOM-DEL,EaseMyTrip,6E,6E-385,2026-08-23,T+1,6700,1471,8171,2026-08-22T08:49:29.790Z,FALSE,"",14:40,FALSE
fare_BOM-DEL_6E_2026-08-23_T+1_1787410677123_v02n,BOM-DEL,EaseMyTrip,6E,6E-5246,2026-08-23,T+1,6980,1532,8512,2026-08-22T08:49:29.790Z,FALSE,"",07:15,FALSE
fare_BOM-DEL_6E_2026-08-23_T+1_1787410677123_ak4s,BOM-DEL,EaseMyTrip,6E,6E-5107,2026-08-23,T+1,7254,1592,8846,2026-08-22T08:49:29.790Z,FALSE,"",20:00,FALSE
fare_BOM-DEL_6E_2026-08-23_T+1_1787410677123_h8o4,BOM-DEL,EaseMyTrip,6E,6E-153,2026-08-23,T+1,7791,1710,9501,2026-08-22T08:49:29.790Z,FALSE,"",17:20,TRUE
fare_BOM-DEL_6E_2026-08-23_T+1_1787410677123_olbq,BOM-DEL,EaseMyTrip,6E,6E-323,2026-08-23,T+1,7791,1710,9501,2026-08-22T08:49:29.790Z,FALSE,"",17:20,TRUE
fare_BOM-DEL_6E_2026-08-23_T+1_1787410677123_dfqx,BOM-DEL,EaseMyTrip,6E,6E-6361,2026-08-23,T+1,8206,1801,10007,2026-08-22T08:49:29.790Z,FALSE,"",05:00,FALSE
fare_BOM-DEL_6E_2026-08-23_T+1_1787410677123_8jnw,BOM-DEL,EaseMyTrip,6E,6E-824,2026-08-23,T+1,8400,1844,10244,2026-08-22T08:49:29.790Z,FALSE,"",12:40,FALSE
fare_BOM-DEL_6E_2026-08-23_T+1_1787410677123_fvwg,BOM-DEL,EaseMyTrip,6E,6E-242,2026-08-23,T+1,8400,1844,10244,2026-08-22T08:49:29.790Z,FALSE,"",12:40,FALSE
fare_BOM-DEL_6E_2026-08-23_T+1_1787410677123_xu9s,BOM-DEL,EaseMyTrip,6E,6E-451,2026-08-23,T+1,8471,1859,10330,2026-08-22T08:49:29.790Z,FALSE,"",01:30,FALSE
fare_BOM-DEL_6E_2026-08-23_T+1_1787410677123_pok4,BOM-DEL,EaseMyTrip,6E,6E-454,2026-08-23,T+1,8471,1859,10330,2026-08-22T08:49:29.790Z,FALSE,"",01:30,FALSE
fare_BOM-DEL_AI_2026-08-23_T+1_1787410677123_xny9,BOM-DEL,EaseMyTrip,AI,AI-2591,2026-08-23,T+1,8745,1920,10665,2026-08-22T08:49:29.790Z,FALSE,"",07:25,TRUE
fare_BOM-DEL_6E_2026-08-23_T+1_1787410677123_kcn5,BOM-DEL,EaseMyTrip,6E,6E-6599,2026-08-23,T+1,8638,1896,10534,2026-08-22T08:49:29.790Z,FALSE,"",16:50,FALSE
fare_BOM-DEL_AI_2026-08-23_T+1_1787410677123_yovt,BOM-DEL,EaseMyTrip,AI,AI-2442,2026-08-23,T+1,9348,2052,11400,2026-08-22T08:49:29.790Z,FALSE,"",15:00,TRUE
fare_BOM-DEL_6E_2026-08-23_T+1_1787410677123_c98l,BOM-DEL,EaseMyTrip,6E,6E-5135,2026-08-23,T+1,9415,2067,11482,2026-08-22T08:49:29.790Z,FALSE,"",23:20,FALSE
fare_BOM-DEL_AI_2026-08-23_T+1_1787410677123_9k7x,BOM-DEL,EaseMyTrip,AI,AI-2491,2026-08-23,T+1,9605,2109,11714,2026-08-22T08:49:29.790Z,FALSE,"",11:15,FALSE
fare_BOM-DEL_AI_2026-08-23_T+1_1787410677123_ul9i,BOM-DEL,EaseMyTrip,AI,AI-9753,2026-08-23,T+1,10136,2225,12361,2026-08-22T08:49:29.790Z,FALSE,"",17:05,FALSE
fare_BOM-DEL_IX_2026-08-23_T+1_1787410677123_yp58,BOM-DEL,EaseMyTrip,IX,IX-1798,2026-08-23,T+1,10616,2330,12946,2026-08-22T08:49:29.790Z,FALSE,"",11:20,FALSE
fare_BOM-DEL_6E_2026-08-23_T+1_1787410677123_4vzk,BOM-DEL,EaseMyTrip,6E,6E-5056,2026-08-23,T+1,10913,2396,13309,2026-08-22T08:49:29.790Z,FALSE,"",21:10,FALSE
fare_BOM-DEL_6E_2026-08-23_T+1_1787410677123_imhq,BOM-DEL,EaseMyTrip,6E,6E-5154,2026-08-23,T+1,11070,2430,13500,2026-08-22T08:49:29.790Z,FALSE,"",15:45,FALSE
fare_BOM-DEL_6E_2026-08-23_T+1_1787410677123_caat,BOM-DEL,EaseMyTrip,6E,6E-614,2026-08-23,T+1,11242,2468,13710,2026-08-22T08:49:29.790Z,FALSE,"",17:45,FALSE
fare_BOM-DEL_6E_2026-08-23_T+1_1787410677123_h8ps,BOM-DEL,EaseMyTrip,6E,6E-763,2026-08-23,T+1,11242,2468,13710,2026-08-22T08:49:29.790Z,FALSE,"",17:45,FALSE
fare_BOM-DEL_AI_2026-08-23_T+1_1787410677123_qizc,BOM-DEL,EaseMyTrip,AI,AI-9518,2026-08-23,T+1,12253,2690,14943,2026-08-22T08:49:29.790Z,FALSE,"",16:15,FALSE
fare_BOM-DEL_AI_2026-08-23_T+1_1787410677123_fkmi,BOM-DEL,EaseMyTrip,AI,AI-603,2026-08-23,T+1,12922,2836,15758,2026-08-22T08:49:29.790Z,FALSE,"",05:10,FALSE
fare_BOM-DEL_AI_2026-08-23_T+1_1787410677123_lg6j,BOM-DEL,EaseMyTrip,AI,AI-9558,2026-08-23,T+1,12926,2838,15764,2026-08-22T08:49:29.790Z,FALSE,"",08:30,FALSE
fare_BOM-DEL_IX_2026-08-23_T+1_1787410677123_feon,BOM-DEL,EaseMyTrip,IX,IX-2367,2026-08-23,T+1,13303,2920,16223,2026-08-22T08:49:29.790Z,TRUE,"High outlier: ₹16223 > upper fence ₹15873 (Q3: ₹10381, IQR: ₹3661)",07:20,FALSE
fare_BOM-DEL_6E_2026-08-23_T+1_1787410677123_y8u8,BOM-DEL,EaseMyTrip,6E,6E-6027,2026-08-23,T+1,13120,2880,16000,2026-08-22T08:49:29.790Z,TRUE,"High outlier: ₹16000 > upper fence ₹15873 (Q3: ₹10381, IQR: ₹3661)",17:35,FALSE
fare_BOM-DEL_6E_2026-08-23_T+1_1787410677123_ban0,BOM-DEL,EaseMyTrip,6E,6E-5326,2026-08-23,T+1,13150,2887,16037,2026-08-22T08:49:29.790Z,TRUE,"High outlier: ₹16037 > upper fence ₹15873 (Q3: ₹10381, IQR: ₹3661)",19:40,FALSE
fare_BOM-DEL_AI_2026-08-23_T+1_1787410677123_l2nt,BOM-DEL,EaseMyTrip,AI,AI-9891,2026-08-23,T+1,13500,2964,16464,2026-08-22T08:49:29.790Z,TRUE,"High outlier: ₹16464 > upper fence ₹15873 (Q3: ₹10381, IQR: ₹3661)",11:20,FALSE
fare_BOM-DEL_6E_2026-08-23_T+1_1787410677123_1tm0,BOM-DEL,EaseMyTrip,6E,6E-5318,2026-08-23,T+1,13494,2962,16456,2026-08-22T08:49:29.790Z,TRUE,"High outlier: ₹16456 > upper fence ₹15873 (Q3: ₹10381, IQR: ₹3661)",10:15,FALSE
fare_BOM-DEL_AI_2026-08-23_T+1_1787410677123_5l80,BOM-DEL,EaseMyTrip,AI,AI-2997,2026-08-23,T+1,13842,3038,16880,2026-08-22T08:49:29.790Z,TRUE,"High outlier: ₹16880 > upper fence ₹15873 (Q3: ₹10381, IQR: ₹3661)",10:10,FALSE
fare_BOM-DEL_6E_2026-08-23_T+1_1787410677123_anr1,BOM-DEL,EaseMyTrip,6E,6E-5178,2026-08-23,T+1,13726,3013,16739,2026-08-22T08:49:29.790Z,TRUE,"High outlier: ₹16739 > upper fence ₹15873 (Q3: ₹10381, IQR: ₹3661)",11:45,FALSE
fare_BOM-DEL_AI_2026-08-23_T+1_1787410677123_8v9z,BOM-DEL,EaseMyTrip,AI,AI-2741,2026-08-23,T+1,13953,3063,17016,2026-08-22T08:49:29.790Z,TRUE,"High outlier: ₹17016 > upper fence ₹15873 (Q3: ₹10381, IQR: ₹3661)",07:40,FALSE
fare_BOM-DEL_AI_2026-08-23_T+1_1787410677123_gx0r,BOM-DEL,EaseMyTrip,AI,AI-431,2026-08-23,T+1,13953,3063,17016,2026-08-22T08:49:29.790Z,TRUE,"High outlier: ₹17016 > upper fence ₹15873 (Q3: ₹10381, IQR: ₹3661)",12:10,FALSE
fare_BOM-DEL_AI_2026-08-23_T+1_1787410677123_le4e,BOM-DEL,EaseMyTrip,AI,AI-2749,2026-08-23,T+1,14173,3111,17284,2026-08-22T08:49:29.790Z,TRUE,"High outlier: ₹17284 > upper fence ₹15873 (Q3: ₹10381, IQR: ₹3661)",17:35,FALSE
fare_BOM-DEL_6E_2026-08-23_T+1_1787410677123_n28e,BOM-DEL,EaseMyTrip,6E,6E-5386,2026-08-23,T+1,14355,3151,17506,2026-08-22T08:49:29.790Z,TRUE,"High outlier: ₹17506 > upper fence ₹15873 (Q3: ₹10381, IQR: ₹3661)",15:10,FALSE
fare_BOM-DEL_6E_2026-08-23_T+1_1787410677123_bib0,BOM-DEL,EaseMyTrip,6E,6E-2024,2026-08-23,T+1,14472,3177,17649,2026-08-22T08:49:29.790Z,TRUE,"High outlier: ₹17649 > upper fence ₹15873 (Q3: ₹10381, IQR: ₹3661)",09:15,FALSE
fare_BOM-DEL_AI_2026-08-23_T+1_1787410677123_ssft,BOM-DEL,EaseMyTrip,AI,AI-2625,2026-08-23,T+1,14981,3289,18270,2026-08-22T08:49:29.790Z,TRUE,"High outlier: ₹18270 > upper fence ₹15873 (Q3: ₹10381, IQR: ₹3661)",06:00,FALSE
fare_BOM-DEL_6E_2026-08-23_T+1_1787410677123_kx0r,BOM-DEL,EaseMyTrip,6E,6E-5238,2026-08-23,T+1,14926,3276,18202,2026-08-22T08:49:29.790Z,TRUE,"High outlier: ₹18202 > upper fence ₹15873 (Q3: ₹10381, IQR: ₹3661)",18:25,FALSE
fare_BOM-DEL_AI_2026-08-23_T+1_1787410677123_wtsg,BOM-DEL,EaseMyTrip,AI,AI-2531,2026-08-23,T+1,15132,3322,18454,2026-08-22T08:49:29.790Z,TRUE,"High outlier: ₹18454 > upper fence ₹15873 (Q3: ₹10381, IQR: ₹3661)",15:05,FALSE
fare_BOM-DEL_AI_2026-08-23_T+1_1787410677123_t0be,BOM-DEL,EaseMyTrip,AI,AI-9533,2026-08-23,T+1,15714,3450,19164,2026-08-22T08:49:29.790Z,TRUE,"High outlier: ₹19164 > upper fence ₹15873 (Q3: ₹10381, IQR: ₹3661)",16:30,FALSE
fare_BOM-DEL_IX_2026-08-23_T+1_1787410677123_za87,BOM-DEL,EaseMyTrip,IX,IX-1237,2026-08-23,T+1,15920,3495,19415,2026-08-22T08:49:29.790Z,TRUE,"High outlier: ₹19415 > upper fence ₹15873 (Q3: ₹10381, IQR: ₹3661)",05:55,FALSE
fare_BOM-DEL_6E_2026-08-23_T+1_1787410677123_s8bq,BOM-DEL,EaseMyTrip,6E,6E-5181,2026-08-23,T+1,16053,3524,19577,2026-08-22T08:49:29.790Z,TRUE,"High outlier: ₹19577 > upper fence ₹15873 (Q3: ₹10381, IQR: ₹3661)",10:25,FALSE
fare_BOM-DEL_IX_2026-08-23_T+1_1787410677123_x6ep,BOM-DEL,EaseMyTrip,IX,IX-1238,2026-08-23,T+1,16823,3693,20516,2026-08-22T08:49:29.790Z,TRUE,"High outlier: ₹20516 > upper fence ₹15873 (Q3: ₹10381, IQR: ₹3661)",12:25,FALSE
fare_BOM-DEL_AI_2026-08-23_T+1_1787410677123_dp0m,BOM-DEL,EaseMyTrip,AI,AI-2632,2026-08-23,T+1,16767,3681,20448,2026-08-22T08:49:29.790Z,TRUE,"High outlier: ₹20448 > upper fence ₹15873 (Q3: ₹10381, IQR: ₹3661)",12:00,FALSE
fare_BOM-DEL_AI_2026-08-23_T+1_1787410677123_sdxn,BOM-DEL,EaseMyTrip,AI,AI-2847,2026-08-23,T+1,16828,3694,20522,2026-08-22T08:49:29.790Z,TRUE,"High outlier: ₹20522 > upper fence ₹15873 (Q3: ₹10381, IQR: ₹3661)",10:20,FALSE
fare_BOM-DEL_6E_2026-08-23_T+1_1787410677123_00oe,BOM-DEL,EaseMyTrip,6E,6E-5281,2026-08-23,T+1,16898,3709,20607,2026-08-22T08:49:29.790Z,TRUE,"High outlier: ₹20607 > upper fence ₹15873 (Q3: ₹10381, IQR: ₹3661)",08:40,FALSE
fare_BOM-DEL_6E_2026-08-23_T+1_1787410677123_tu8a,BOM-DEL,EaseMyTrip,6E,6E-5201,2026-08-23,T+1,16907,3711,20618,2026-08-22T08:49:29.790Z,TRUE,"High outlier: ₹20618 > upper fence ₹15873 (Q3: ₹10381, IQR: ₹3661)",14:55,FALSE
fare_BOM-DEL_IX_2026-08-23_T+1_1787410677123_f4o8,BOM-DEL,EaseMyTrip,IX,IX-1283,2026-08-23,T+1,17196,3775,20971,2026-08-22T08:49:29.790Z,TRUE,"High outlier: ₹20971 > upper fence ₹15873 (Q3: ₹10381, IQR: ₹3661)",06:05,FALSE
fare_BOM-DEL_AI_2026-08-23_T+1_1787410677123_vrfu,BOM-DEL,EaseMyTrip,AI,AI-2841,2026-08-23,T+1,17404,3820,21224,2026-08-22T08:49:29.790Z,TRUE,"High outlier: ₹21224 > upper fence ₹15873 (Q3: ₹10381, IQR: ₹3661)",11:20,FALSE
fare_BOM-DEL_AI_2026-08-23_T+1_1787410677123_un4s,BOM-DEL,EaseMyTrip,AI,AI-9531,2026-08-23,T+1,17628,3869,21497,2026-08-22T08:49:29.790Z,TRUE,"High outlier: ₹21497 > upper fence ₹15873 (Q3: ₹10381, IQR: ₹3661)",12:25,FALSE
fare_BOM-DEL_AI_2026-08-23_T+1_1787410677123_bdzh,BOM-DEL,EaseMyTrip,AI,AI-2593,2026-08-23,T+1,17800,3907,21707,2026-08-22T08:49:29.790Z,TRUE,"High outlier: ₹21707 > upper fence ₹15873 (Q3: ₹10381, IQR: ₹3661)",12:30,FALSE
fare_BOM-DEL_AI_2026-08-23_T+1_1787410677123_54t5,BOM-DEL,EaseMyTrip,AI,AI-2718,2026-08-23,T+1,18311,4020,22331,2026-08-22T08:49:29.790Z,TRUE,"High outlier: ₹22331 > upper fence ₹15873 (Q3: ₹10381, IQR: ₹3661)",05:55,FALSE
fare_BOM-DEL_AI_2026-08-23_T+1_1787410677123_89f1,BOM-DEL,EaseMyTrip,AI,AI-2771,2026-08-23,T+1,18903,4150,23053,2026-08-22T08:49:29.790Z,TRUE,"High outlier: ₹23053 > upper fence ₹15873 (Q3: ₹10381, IQR: ₹3661)",06:55,FALSE
fare_BOM-DEL_6E_2026-08-23_T+1_1787410677123_8qbp,BOM-DEL,EaseMyTrip,6E,6E-6543,2026-08-23,T+1,20139,4421,24560,2026-08-22T08:49:29.790Z,TRUE,"High outlier: ₹24560 > upper fence ₹15873 (Q3: ₹10381, IQR: ₹3661)",07:50,FALSE
fare_BOM-DEL_IX_2026-08-23_T+1_1787410677123_wimf,BOM-DEL,EaseMyTrip,IX,IX-1640,2026-08-23,T+1,21916,4811,26727,2026-08-22T08:49:29.790Z,TRUE,"High outlier: ₹26727 > upper fence ₹15873 (Q3: ₹10381, IQR: ₹3661)",20:55,FALSE
fare_BOM-DEL_AI_2026-08-23_T+1_1787410677123_04xc,BOM-DEL,EaseMyTrip,AI,AI-645,2026-08-23,T+1,23658,5193,28851,2026-08-22T08:49:29.790Z,TRUE,"High outlier: ₹28851 > upper fence ₹15873 (Q3: ₹10381, IQR: ₹3661)",10:55,FALSE
fare_BOM-DEL_IX_2026-08-23_T+1_1787410677123_tv69,BOM-DEL,EaseMyTrip,IX,IX-2915,2026-08-23,T+1,24379,5351,29730,2026-08-22T08:49:29.790Z,TRUE,"High outlier: ₹29730 > upper fence ₹15873 (Q3: ₹10381, IQR: ₹3661)",11:50,FALSE
fare_BOM-DEL_SG_2026-08-23_T+1_1787410677124_5viz,BOM-DEL,EaseMyTrip,SG,SG-537,2026-08-23,T+1,5188,1139,6327,2026-08-22T09:04:11.950Z,FALSE,"",23:55,TRUE
fare_BOM-DEL_SG_2026-08-23_T+1_1787410677124_m0m9,BOM-DEL,EaseMyTrip,SG,SG-413,2026-08-23,T+1,5188,1139,6327,2026-08-22T09:04:11.950Z,FALSE,"",23:55,TRUE
fare_BOM-DEL_6E_2026-08-23_T+1_1787410677124_knwp,BOM-DEL,EaseMyTrip,6E,6E-885,2026-08-23,T+1,5381,1181,6562,2026-08-22T09:04:11.950Z,FALSE,"",06:00,TRUE
fare_BOM-DEL_6E_2026-08-23_T+1_1787410677124_iab0,BOM-DEL,EaseMyTrip,6E,6E-959,2026-08-23,T+1,5381,1181,6562,2026-08-22T09:04:11.950Z,FALSE,"",06:00,TRUE
fare_BOM-DEL_6E_2026-08-23_T+1_1787410677124_352k,BOM-DEL,EaseMyTrip,6E,6E-856,2026-08-23,T+1,5381,1181,6562,2026-08-22T09:04:11.950Z,FALSE,"",08:00,TRUE
fare_BOM-DEL_6E_2026-08-23_T+1_1787410677124_w834,BOM-DEL,EaseMyTrip,6E,6E-963,2026-08-23,T+1,5381,1181,6562,2026-08-22T09:04:11.950Z,FALSE,"",08:00,TRUE
fare_BOM-DEL_6E_2026-08-23_T+1_1787410677124_oxp2,BOM-DEL,EaseMyTrip,6E,6E-264,2026-08-23,T+1,5381,1181,6562,2026-08-22T09:04:11.950Z,FALSE,"",13:00,TRUE
fare_BOM-DEL_6E_2026-08-23_T+1_1787410677124_dql6,BOM-DEL,EaseMyTrip,6E,6E-714,2026-08-23,T+1,5381,1181,6562,2026-08-22T09:04:11.950Z,FALSE,"",13:00,TRUE
fare_BOM-DEL_6E_2026-08-23_T+1_1787410677124_92sn,BOM-DEL,EaseMyTrip,6E,6E-658,2026-08-23,T+1,5510,1210,6720,2026-08-22T09:04:11.950Z,FALSE,"",23:45,TRUE
fare_BOM-DEL_6E_2026-08-23_T+1_1787410677124_k3x1,BOM-DEL,EaseMyTrip,6E,6E-942,2026-08-23,T+1,5510,1210,6720,2026-08-22T09:04:11.950Z,FALSE,"",23:45,TRUE
fare_BOM-DEL_6E_2026-08-23_T+1_1787410677124_u5li,BOM-DEL,EaseMyTrip,6E,6E-281,2026-08-23,T+1,5510,1210,6720,2026-08-22T09:04:11.950Z,FALSE,"",22:15,TRUE
fare_BOM-DEL_6E_2026-08-23_T+1_1787410677124_nc02,BOM-DEL,EaseMyTrip,6E,6E-710,2026-08-23,T+1,5510,1210,6720,2026-08-22T09:04:11.950Z,FALSE,"",17:20,TRUE
fare_BOM-DEL_6E_2026-08-23_T+1_1787410677124_evo5,BOM-DEL,EaseMyTrip,6E,6E-209,2026-08-23,T+1,5510,1210,6720,2026-08-22T09:04:11.950Z,FALSE,"",17:20,TRUE
fare_BOM-DEL_6E_2026-08-23_T+1_1787410677124_pine,BOM-DEL,EaseMyTrip,6E,6E-369,2026-08-23,T+1,5510,1210,6720,2026-08-22T09:04:11.950Z,FALSE,"",16:00,TRUE
fare_BOM-DEL_6E_2026-08-23_T+1_1787410677124_u33x,BOM-DEL,EaseMyTrip,6E,6E-758,2026-08-23,T+1,5510,1210,6720,2026-08-22T09:04:11.950Z,FALSE,"",16:00,TRUE
fare_BOM-DEL_6E_2026-08-23_T+1_1787410677124_mziw,BOM-DEL,EaseMyTrip,6E,6E-292,2026-08-23,T+1,5510,1210,6720,2026-08-22T09:04:11.950Z,FALSE,"",09:00,TRUE
fare_BOM-DEL_6E_2026-08-23_T+1_1787410677124_1f1e,BOM-DEL,EaseMyTrip,6E,6E-259,2026-08-23,T+1,5510,1210,6720,2026-08-22T09:04:11.950Z,FALSE,"",09:00,TRUE
fare_BOM-DEL_6E_2026-08-23_T+1_1787410677124_84yr,BOM-DEL,EaseMyTrip,6E,6E-898,2026-08-23,T+1,5510,1210,6720,2026-08-22T09:04:11.950Z,FALSE,"",10:35,TRUE
fare_BOM-DEL_6E_2026-08-23_T+1_1787410677124_fqdi,BOM-DEL,EaseMyTrip,6E,6E-217,2026-08-23,T+1,5510,1210,6720,2026-08-22T09:04:11.950Z,FALSE,"",10:35,TRUE
fare_BOM-DEL_6E_2026-08-23_T+1_1787410677124_oxyi,BOM-DEL,EaseMyTrip,6E,6E-800,2026-08-23,T+1,5683,1247,6930,2026-08-22T09:04:11.950Z,FALSE,"",20:20,TRUE
fare_BOM-DEL_6E_2026-08-23_T+1_1787410677124_p6fd,BOM-DEL,EaseMyTrip,6E,6E-294,2026-08-23,T+1,5683,1247,6930,2026-08-22T09:04:11.950Z,FALSE,"",20:20,TRUE
fare_BOM-DEL_6E_2026-08-23_T+1_1787410677124_yjfu,BOM-DEL,EaseMyTrip,6E,6E-966,2026-08-23,T+1,5683,1247,6930,2026-08-22T09:04:11.950Z,FALSE,"",19:00,TRUE
fare_BOM-DEL_6E_2026-08-23_T+1_1787410677124_rf29,BOM-DEL,EaseMyTrip,6E,6E-875,2026-08-23,T+1,5683,1247,6930,2026-08-22T09:04:11.950Z,FALSE,"",19:00,TRUE
fare_BOM-DEL_6E_2026-08-23_T+1_1787410677124_asxt,BOM-DEL,EaseMyTrip,6E,6E-735,2026-08-23,T+1,5683,1247,6930,2026-08-22T09:04:11.950Z,FALSE,"",21:15,TRUE
fare_BOM-DEL_6E_2026-08-23_T+1_1787410677124_ycxi,BOM-DEL,EaseMyTrip,6E,6E-391,2026-08-23,T+1,5683,1247,6930,2026-08-22T09:04:11.950Z,FALSE,"",21:15,TRUE
fare_BOM-DEL_6E_2026-08-23_T+1_1787410677124_ua6t,BOM-DEL,EaseMyTrip,6E,6E-266,2026-08-23,T+1,5683,1247,6930,2026-08-22T09:04:11.950Z,FALSE,"",15:00,TRUE
fare_BOM-DEL_6E_2026-08-23_T+1_1787410677124_esk9,BOM-DEL,EaseMyTrip,6E,6E-701,2026-08-23,T+1,5683,1247,6930,2026-08-22T09:04:11.950Z,FALSE,"",15:00,TRUE
fare_BOM-DEL_6E_2026-08-23_T+1_1787410677124_3rqm,BOM-DEL,EaseMyTrip,6E,6E-737,2026-08-23,T+1,5911,1298,7209,2026-08-22T09:04:11.950Z,FALSE,"",19:20,FALSE
fare_BOM-DEL_6E_2026-08-23_T+1_1787410677124_za0r,BOM-DEL,EaseMyTrip,6E,6E-269,2026-08-23,T+1,5911,1298,7209,2026-08-22T09:04:11.950Z,FALSE,"",19:20,FALSE
fare_BOM-DEL_6E_2026-08-23_T+1_1787410677124_pjbt,BOM-DEL,EaseMyTrip,6E,6E-443,2026-08-23,T+1,5911,1298,7209,2026-08-22T09:04:11.950Z,FALSE,"",04:45,FALSE
fare_BOM-DEL_6E_2026-08-23_T+1_1787410677124_t6rs,BOM-DEL,EaseMyTrip,6E,6E-851,2026-08-23,T+1,5911,1298,7209,2026-08-22T09:04:11.950Z,FALSE,"",04:45,FALSE
fare_BOM-DEL_SG_2026-08-23_T+1_1787410677124_nowz,BOM-DEL,EaseMyTrip,SG,SG-646,2026-08-23,T+1,6398,1405,7803,2026-08-22T09:04:11.950Z,FALSE,"",01:50,TRUE
fare_BOM-DEL_SG_2026-08-23_T+1_1787410677124_a1vw,BOM-DEL,EaseMyTrip,SG,SG-352,2026-08-23,T+1,6398,1405,7803,2026-08-22T09:04:11.950Z,FALSE,"",01:50,TRUE
fare_BOM-DEL_6E_2026-08-23_T+1_1787410677124_ps6j,BOM-DEL,EaseMyTrip,6E,6E-276,2026-08-23,T+1,6700,1471,8171,2026-08-22T09:04:11.950Z,FALSE,"",14:40,FALSE
fare_BOM-DEL_6E_2026-08-23_T+1_1787410677124_dosg,BOM-DEL,EaseMyTrip,6E,6E-797,2026-08-23,T+1,7791,1710,9501,2026-08-22T09:04:11.950Z,FALSE,"",17:20,TRUE
fare_BOM-DEL_6E_2026-08-23_T+1_1787410677124_pdme,BOM-DEL,EaseMyTrip,6E,6E-212,2026-08-23,T+1,7791,1710,9501,2026-08-22T09:04:11.950Z,FALSE,"",17:20,TRUE
fare_BOM-DEL_6E_2026-08-23_T+1_1787410677124_t7n3,BOM-DEL,EaseMyTrip,6E,6E-908,2026-08-23,T+1,8400,1844,10244,2026-08-22T09:04:11.950Z,FALSE,"",12:40,FALSE
fare_BOM-DEL_6E_2026-08-23_T+1_1787410677124_cha3,BOM-DEL,EaseMyTrip,6E,6E-248,2026-08-23,T+1,8400,1844,10244,2026-08-22T09:04:11.950Z,FALSE,"",12:40,FALSE
fare_BOM-DEL_6E_2026-08-23_T+1_1787410677124_vdmv,BOM-DEL,EaseMyTrip,6E,6E-320,2026-08-23,T+1,8471,1859,10330,2026-08-22T09:04:11.950Z,FALSE,"",01:30,FALSE
fare_BOM-DEL_6E_2026-08-23_T+1_1787410677124_cjoe,BOM-DEL,EaseMyTrip,6E,6E-567,2026-08-23,T+1,11242,2468,13710,2026-08-22T09:04:11.950Z,FALSE,"",17:45,FALSE
fare_BOM-DEL_6E_2026-08-23_T+1_1787410677124_a307,BOM-DEL,EaseMyTrip,6E,6E-254,2026-08-23,T+1,11242,2468,13710,2026-08-22T09:04:11.950Z,FALSE,"",17:45,FALSE
fare_BOM-DEL_IX_2026-08-29_T+7_1787410677124_hnl9,BOM-DEL,EaseMyTrip,IX,IX-1809,2026-08-29,T+7,4939,1084,6023,2026-08-22T08:49:35.553Z,FALSE,"",08:30,FALSE
fare_BOM-DEL_6E_2026-08-29_T+7_1787410677124_md8p,BOM-DEL,EaseMyTrip,6E,6E-5095,2026-08-29,T+7,5014,1101,6115,2026-08-22T08:49:35.553Z,FALSE,"",09:20,TRUE
fare_BOM-DEL_SG_2026-08-29_T+7_1787410677124_rrp7,BOM-DEL,EaseMyTrip,SG,SG-993,2026-08-29,T+7,5188,1139,6327,2026-08-22T08:49:35.553Z,FALSE,"",01:50,TRUE
fare_BOM-DEL_SG_2026-08-29_T+7_1787410677124_dhl9,BOM-DEL,EaseMyTrip,SG,SG-474,2026-08-29,T+7,5188,1139,6327,2026-08-22T08:49:35.553Z,FALSE,"",01:50,TRUE
fare_BOM-DEL_SG_2026-08-29_T+7_1787410677124_kqje,BOM-DEL,EaseMyTrip,SG,SG-813,2026-08-29,T+7,5275,1158,6433,2026-08-22T08:49:35.553Z,FALSE,"",06:25,TRUE
fare_BOM-DEL_SG_2026-08-29_T+7_1787410677124_7xxe,BOM-DEL,EaseMyTrip,SG,SG-565,2026-08-29,T+7,5275,1158,6433,2026-08-22T08:49:35.553Z,FALSE,"",06:25,TRUE
fare_BOM-DEL_SG_2026-08-29_T+7_1787410677124_qxra,BOM-DEL,EaseMyTrip,SG,SG-601,2026-08-29,T+7,5275,1158,6433,2026-08-22T08:49:35.553Z,FALSE,"",15:55,TRUE
fare_BOM-DEL_SG_2026-08-29_T+7_1787410677124_btkp,BOM-DEL,EaseMyTrip,SG,SG-742,2026-08-29,T+7,5275,1158,6433,2026-08-22T08:49:35.553Z,FALSE,"",15:55,TRUE
fare_BOM-DEL_SG_2026-08-29_T+7_1787410677124_hpah,BOM-DEL,EaseMyTrip,SG,SG-756,2026-08-29,T+7,5275,1158,6433,2026-08-22T08:49:35.553Z,FALSE,"",17:55,TRUE
fare_BOM-DEL_SG_2026-08-29_T+7_1787410677124_4pmc,BOM-DEL,EaseMyTrip,SG,SG-150,2026-08-29,T+7,5275,1158,6433,2026-08-22T08:49:35.553Z,FALSE,"",17:55,TRUE
fare_BOM-DEL_IX_2026-08-29_T+7_1787410677124_0c9j,BOM-DEL,EaseMyTrip,IX,IX-2952,2026-08-29,T+7,5380,1181,6561,2026-08-22T08:49:35.553Z,FALSE,"",09:05,TRUE
fare_BOM-DEL_IX_2026-08-29_T+7_1787410677124_ccrn,BOM-DEL,EaseMyTrip,IX,IX-1050,2026-08-29,T+7,5380,1181,6561,2026-08-22T08:49:35.553Z,FALSE,"",14:45,TRUE
fare_BOM-DEL_IX_2026-08-29_T+7_1787410677124_c875,BOM-DEL,EaseMyTrip,IX,IX-1389,2026-08-29,T+7,5380,1181,6561,2026-08-22T08:49:35.553Z,FALSE,"",22:20,TRUE
fare_BOM-DEL_IX_2026-08-29_T+7_1787410677124_0v0g,BOM-DEL,EaseMyTrip,IX,IX-2153,2026-08-29,T+7,5380,1181,6561,2026-08-22T08:49:35.553Z,FALSE,"",21:15,TRUE
fare_BOM-DEL_6E_2026-08-29_T+7_1787410677124_syq2,BOM-DEL,EaseMyTrip,6E,6E-847,2026-08-29,T+7,5380,1181,6561,2026-08-22T08:49:35.553Z,FALSE,"",17:20,TRUE
fare_BOM-DEL_6E_2026-08-29_T+7_1787410677124_zwkj,BOM-DEL,EaseMyTrip,6E,6E-836,2026-08-29,T+7,5380,1181,6561,2026-08-22T08:49:35.553Z,FALSE,"",17:20,TRUE
fare_BOM-DEL_6E_2026-08-29_T+7_1787410677124_ywnp,BOM-DEL,EaseMyTrip,6E,6E-2090,2026-08-29,T+7,5380,1181,6561,2026-08-22T08:49:35.553Z,FALSE,"",06:25,TRUE
fare_BOM-DEL_QP_2026-08-29_T+7_1787410677124_3jz4,BOM-DEL,EaseMyTrip,QP,QP-1819,2026-08-29,T+7,5381,1181,6562,2026-08-22T08:49:35.553Z,FALSE,"",14:30,TRUE
fare_BOM-DEL_QP_2026-08-29_T+7_1787410677124_sugb,BOM-DEL,EaseMyTrip,QP,QP-1825,2026-08-29,T+7,5381,1181,6562,2026-08-22T08:49:35.553Z,FALSE,"",16:50,TRUE
fare_BOM-DEL_QP_2026-08-29_T+7_1787410677124_k4vp,BOM-DEL,EaseMyTrip,QP,QP-1111,2026-08-29,T+7,5381,1181,6562,2026-08-22T08:49:35.553Z,FALSE,"",05:25,TRUE
fare_BOM-DEL_QP_2026-08-29_T+7_1787410677124_pq20,BOM-DEL,EaseMyTrip,QP,QP-1127,2026-08-29,T+7,5381,1181,6562,2026-08-22T08:49:35.553Z,FALSE,"",12:55,TRUE
fare_BOM-DEL_QP_2026-08-29_T+7_1787410677124_hsx2,BOM-DEL,EaseMyTrip,QP,QP-1835,2026-08-29,T+7,5381,1181,6562,2026-08-22T08:49:35.553Z,FALSE,"",11:50,TRUE
fare_BOM-DEL_6E_2026-08-29_T+7_1787410677124_z93h,BOM-DEL,EaseMyTrip,6E,6E-463,2026-08-29,T+7,5381,1181,6562,2026-08-22T08:49:35.553Z,FALSE,"",17:20,TRUE
fare_BOM-DEL_6E_2026-08-29_T+7_1787410677124_nkk4,BOM-DEL,EaseMyTrip,6E,6E-657,2026-08-29,T+7,5381,1181,6562,2026-08-22T08:49:35.553Z,FALSE,"",17:20,TRUE
fare_BOM-DEL_6E_2026-08-29_T+7_1787410677124_nj0v,BOM-DEL,EaseMyTrip,6E,6E-6082,2026-08-29,T+7,5381,1181,6562,2026-08-22T08:49:35.553Z,FALSE,"",16:45,TRUE
fare_BOM-DEL_6E_2026-08-29_T+7_1787410677124_o9dc,BOM-DEL,EaseMyTrip,6E,6E-582,2026-08-29,T+7,5381,1181,6562,2026-08-22T08:49:35.553Z,FALSE,"",16:00,TRUE
fare_BOM-DEL_6E_2026-08-29_T+7_1787410677124_0fst,BOM-DEL,EaseMyTrip,6E,6E-389,2026-08-29,T+7,5381,1181,6562,2026-08-22T08:49:35.553Z,FALSE,"",16:00,TRUE
fare_BOM-DEL_6E_2026-08-29_T+7_1787410677124_49nb,BOM-DEL,EaseMyTrip,6E,6E-929,2026-08-29,T+7,5381,1181,6562,2026-08-22T08:49:35.553Z,FALSE,"",15:00,TRUE
fare_BOM-DEL_6E_2026-08-29_T+7_1787410677124_nzgh,BOM-DEL,EaseMyTrip,6E,6E-949,2026-08-29,T+7,5381,1181,6562,2026-08-22T08:49:35.553Z,FALSE,"",15:00,TRUE
fare_BOM-DEL_6E_2026-08-29_T+7_1787410677124_7b55,BOM-DEL,EaseMyTrip,6E,6E-6704,2026-08-29,T+7,5381,1181,6562,2026-08-22T08:49:35.553Z,FALSE,"",14:00,TRUE
fare_BOM-DEL_6E_2026-08-29_T+7_1787410677124_9aq7,BOM-DEL,EaseMyTrip,6E,6E-6028,2026-08-29,T+7,5381,1181,6562,2026-08-22T08:49:35.553Z,FALSE,"",12:15,TRUE
fare_BOM-DEL_6E_2026-08-29_T+7_1787410677124_funo,BOM-DEL,EaseMyTrip,6E,6E-338,2026-08-29,T+7,5381,1181,6562,2026-08-22T08:49:35.553Z,FALSE,"",13:00,TRUE
fare_BOM-DEL_6E_2026-08-29_T+7_1787410677124_l3nm,BOM-DEL,EaseMyTrip,6E,6E-812,2026-08-29,T+7,5381,1181,6562,2026-08-22T08:49:35.553Z,FALSE,"",13:00,TRUE
fare_BOM-DEL_6E_2026-08-29_T+7_1787410677124_ivef,BOM-DEL,EaseMyTrip,6E,6E-6052,2026-08-29,T+7,5381,1181,6562,2026-08-22T08:49:35.553Z,FALSE,"",10:00,TRUE
fare_BOM-DEL_6E_2026-08-29_T+7_1787410677124_juoz,BOM-DEL,EaseMyTrip,6E,6E-751,2026-08-29,T+7,5381,1181,6562,2026-08-22T08:49:35.553Z,FALSE,"",10:35,TRUE
fare_BOM-DEL_6E_2026-08-29_T+7_1787410677124_c5dt,BOM-DEL,EaseMyTrip,6E,6E-665,2026-08-29,T+7,5381,1181,6562,2026-08-22T08:49:35.553Z,FALSE,"",10:35,TRUE
fare_BOM-DEL_6E_2026-08-29_T+7_1787410677124_o2ni,BOM-DEL,EaseMyTrip,6E,6E-6827,2026-08-29,T+7,5381,1181,6562,2026-08-22T08:49:35.553Z,FALSE,"",11:30,TRUE
fare_BOM-DEL_6E_2026-08-29_T+7_1787410677124_cqro,BOM-DEL,EaseMyTrip,6E,6E-564,2026-08-29,T+7,5381,1181,6562,2026-08-22T08:49:35.553Z,FALSE,"",09:00,TRUE
fare_BOM-DEL_6E_2026-08-29_T+7_1787410677124_dfsk,BOM-DEL,EaseMyTrip,6E,6E-912,2026-08-29,T+7,5381,1181,6562,2026-08-22T08:49:35.553Z,FALSE,"",09:00,TRUE
fare_BOM-DEL_QP_2026-08-29_T+7_1787410677124_1y5c,BOM-DEL,EaseMyTrip,QP,QP-1941,2026-08-29,T+7,5423,1191,6614,2026-08-22T08:49:35.553Z,FALSE,"",18:05,TRUE
fare_BOM-DEL_QP_2026-08-29_T+7_1787410677124_9soa,BOM-DEL,EaseMyTrip,QP,QP-1939,2026-08-29,T+7,5423,1191,6614,2026-08-22T08:49:35.553Z,FALSE,"",10:10,TRUE
fare_BOM-DEL_6E_2026-08-29_T+7_1787410677124_8sq4,BOM-DEL,EaseMyTrip,6E,6E-5197,2026-08-29,T+7,5423,1191,6614,2026-08-22T08:49:35.553Z,FALSE,"",06:40,TRUE
fare_BOM-DEL_6E_2026-08-29_T+7_1787410677124_5hv6,BOM-DEL,EaseMyTrip,6E,6E-496,2026-08-29,T+7,5510,1210,6720,2026-08-22T08:49:35.553Z,FALSE,"",05:00,TRUE
fare_BOM-DEL_6E_2026-08-29_T+7_1787410677124_4x7z,BOM-DEL,EaseMyTrip,6E,6E-926,2026-08-29,T+7,5510,1210,6720,2026-08-22T08:49:35.553Z,FALSE,"",05:00,TRUE
fare_BOM-DEL_6E_2026-08-29_T+7_1787410677124_o3v1,BOM-DEL,EaseMyTrip,6E,6E-829,2026-08-29,T+7,5510,1210,6720,2026-08-22T08:49:35.553Z,FALSE,"",23:45,TRUE
fare_BOM-DEL_6E_2026-08-29_T+7_1787410677124_drln,BOM-DEL,EaseMyTrip,6E,6E-349,2026-08-29,T+7,5510,1210,6720,2026-08-22T08:49:35.553Z,FALSE,"",23:45,TRUE
fare_BOM-DEL_6E_2026-08-29_T+7_1787410677124_jz7e,BOM-DEL,EaseMyTrip,6E,6E-892,2026-08-29,T+7,5510,1210,6720,2026-08-22T08:49:35.553Z,FALSE,"",22:15,TRUE
fare_BOM-DEL_6E_2026-08-29_T+7_1787410677124_q7ak,BOM-DEL,EaseMyTrip,6E,6E-530,2026-08-29,T+7,5510,1210,6720,2026-08-22T08:49:35.553Z,FALSE,"",22:15,TRUE
fare_BOM-DEL_6E_2026-08-29_T+7_1787410677124_mvzc,BOM-DEL,EaseMyTrip,6E,6E-992,2026-08-29,T+7,5510,1210,6720,2026-08-22T08:49:35.553Z,FALSE,"",21:15,TRUE
fare_BOM-DEL_6E_2026-08-29_T+7_1787410677124_j3re,BOM-DEL,EaseMyTrip,6E,6E-773,2026-08-29,T+7,5510,1210,6720,2026-08-22T08:49:35.553Z,FALSE,"",21:15,TRUE
fare_BOM-DEL_6E_2026-08-29_T+7_1787410677124_bmup,BOM-DEL,EaseMyTrip,6E,6E-451,2026-08-29,T+7,5510,1210,6720,2026-08-22T08:49:35.553Z,FALSE,"",19:00,TRUE
fare_BOM-DEL_6E_2026-08-29_T+7_1787410677124_t3da,BOM-DEL,EaseMyTrip,6E,6E-488,2026-08-29,T+7,5510,1210,6720,2026-08-22T08:49:35.553Z,FALSE,"",19:00,TRUE
fare_BOM-DEL_6E_2026-08-29_T+7_1787410677124_kneq,BOM-DEL,EaseMyTrip,6E,6E-6613,2026-08-29,T+7,5510,1210,6720,2026-08-22T08:49:35.553Z,FALSE,"",18:15,TRUE
fare_BOM-DEL_6E_2026-08-29_T+7_1787410677124_jh51,BOM-DEL,EaseMyTrip,6E,6E-135,2026-08-29,T+7,5510,1210,6720,2026-08-22T08:49:35.553Z,FALSE,"",20:20,TRUE
fare_BOM-DEL_6E_2026-08-29_T+7_1787410677124_9ocm,BOM-DEL,EaseMyTrip,6E,6E-511,2026-08-29,T+7,5510,1210,6720,2026-08-22T08:49:35.553Z,FALSE,"",20:20,TRUE
fare_BOM-DEL_6E_2026-08-29_T+7_1787410677124_ff07,BOM-DEL,EaseMyTrip,6E,6E-186,2026-08-29,T+7,5510,1210,6720,2026-08-22T08:49:35.553Z,FALSE,"",06:00,TRUE
fare_BOM-DEL_6E_2026-08-29_T+7_1787410677124_u1io,BOM-DEL,EaseMyTrip,6E,6E-172,2026-08-29,T+7,5510,1210,6720,2026-08-22T08:49:35.553Z,FALSE,"",06:00,TRUE
fare_BOM-DEL_6E_2026-08-29_T+7_1787410677124_jsp9,BOM-DEL,EaseMyTrip,6E,6E-908,2026-08-29,T+7,5510,1210,6720,2026-08-22T08:49:35.553Z,FALSE,"",07:00,TRUE
fare_BOM-DEL_6E_2026-08-29_T+7_1787410677124_msrx,BOM-DEL,EaseMyTrip,6E,6E-865,2026-08-29,T+7,5510,1210,6720,2026-08-22T08:49:35.553Z,FALSE,"",07:00,TRUE
fare_BOM-DEL_6E_2026-08-29_T+7_1787410677124_q9cg,BOM-DEL,EaseMyTrip,6E,6E-843,2026-08-29,T+7,5510,1210,6720,2026-08-22T08:49:35.553Z,FALSE,"",08:00,TRUE
fare_BOM-DEL_6E_2026-08-29_T+7_1787410677124_rxgt,BOM-DEL,EaseMyTrip,6E,6E-475,2026-08-29,T+7,5510,1210,6720,2026-08-22T08:49:35.553Z,FALSE,"",08:00,TRUE
fare_BOM-DEL_AI_2026-08-29_T+7_1787410677124_6af7,BOM-DEL,EaseMyTrip,AI,AI-2677,2026-08-29,T+7,5766,1266,7032,2026-08-22T08:49:35.553Z,FALSE,"",13:00,TRUE
fare_BOM-DEL_AI_2026-08-29_T+7_1787410677124_uaz1,BOM-DEL,EaseMyTrip,AI,AI-2970,2026-08-29,T+7,5766,1266,7032,2026-08-22T08:49:35.553Z,FALSE,"",08:30,TRUE
fare_BOM-DEL_AI_2026-08-29_T+7_1787410677124_7so3,BOM-DEL,EaseMyTrip,AI,AI-1890,2026-08-29,T+7,5766,1266,7032,2026-08-22T08:49:35.553Z,FALSE,"",09:00,TRUE
fare_BOM-DEL_AI_2026-08-29_T+7_1787410677124_aoak,BOM-DEL,EaseMyTrip,AI,AI-2419,2026-08-29,T+7,5766,1266,7032,2026-08-22T08:49:35.553Z,FALSE,"",12:00,TRUE
fare_BOM-DEL_AI_2026-08-29_T+7_1787410677124_g14s,BOM-DEL,EaseMyTrip,AI,AI-2442,2026-08-29,T+7,5766,1266,7032,2026-08-22T08:49:35.553Z,FALSE,"",15:00,TRUE
fare_BOM-DEL_AI_2026-08-29_T+7_1787410677124_k93l,BOM-DEL,EaseMyTrip,AI,AI-2910,2026-08-29,T+7,5766,1266,7032,2026-08-22T08:49:35.553Z,FALSE,"",17:30,TRUE
fare_BOM-DEL_AI_2026-08-29_T+7_1787410677124_h9h5,BOM-DEL,EaseMyTrip,AI,AI-2952,2026-08-29,T+7,5766,1266,7032,2026-08-22T08:49:35.553Z,FALSE,"",11:25,TRUE
fare_BOM-DEL_AI_2026-08-29_T+7_1787410677124_q01a,BOM-DEL,EaseMyTrip,AI,AI-1851,2026-08-29,T+7,5766,1266,7032,2026-08-22T08:49:35.553Z,FALSE,"",15:30,TRUE
fare_BOM-DEL_AI_2026-08-29_T+7_1787410677124_4gld,BOM-DEL,EaseMyTrip,AI,AI-2687,2026-08-29,T+7,5766,1266,7032,2026-08-22T08:49:35.553Z,FALSE,"",16:30,TRUE
fare_BOM-DEL_QP_2026-08-29_T+7_1787410677124_pek2,BOM-DEL,EaseMyTrip,QP,QP-1109,2026-08-29,T+7,5679,1246,6925,2026-08-22T08:49:35.553Z,FALSE,"",07:00,TRUE
fare_BOM-DEL_QP_2026-08-29_T+7_1787410677124_vkrm,BOM-DEL,EaseMyTrip,QP,QP-1834,2026-08-29,T+7,5679,1246,6925,2026-08-22T08:49:35.553Z,FALSE,"",10:00,TRUE
fare_BOM-DEL_QP_2026-08-29_T+7_1787410677124_b0w5,BOM-DEL,EaseMyTrip,QP,QP-1120,2026-08-29,T+7,5679,1246,6925,2026-08-22T08:49:35.553Z,FALSE,"",18:45,TRUE
fare_BOM-DEL_AI_2026-08-29_T+7_1787410677124_lof0,BOM-DEL,EaseMyTrip,AI,AI-2928,2026-08-29,T+7,5897,1294,7191,2026-08-22T08:49:35.553Z,FALSE,"",06:30,TRUE
fare_BOM-DEL_AI_2026-08-29_T+7_1787410677124_sdg7,BOM-DEL,EaseMyTrip,AI,AI-2424,2026-08-29,T+7,5897,1294,7191,2026-08-22T08:49:35.553Z,FALSE,"",07:00,TRUE
fare_BOM-DEL_AI_2026-08-29_T+7_1787410677124_jr1e,BOM-DEL,EaseMyTrip,AI,AI-2408,2026-08-29,T+7,5897,1294,7191,2026-08-22T08:49:35.553Z,FALSE,"",19:30,TRUE
fare_BOM-DEL_AI_2026-08-29_T+7_1787410677124_wxdy,BOM-DEL,EaseMyTrip,AI,AI-816,2026-08-29,T+7,5897,1294,7191,2026-08-22T08:49:35.553Z,FALSE,"",21:00,TRUE
fare_BOM-DEL_AI_2026-08-29_T+7_1787410677124_e4dq,BOM-DEL,EaseMyTrip,AI,AI-2748,2026-08-29,T+7,5897,1294,7191,2026-08-22T08:49:35.553Z,FALSE,"",21:30,TRUE
fare_BOM-DEL_AI_2026-08-29_T+7_1787410677124_mvit,BOM-DEL,EaseMyTrip,AI,AI-2452,2026-08-29,T+7,5897,1294,7191,2026-08-22T08:49:35.553Z,FALSE,"",03:05,TRUE
fare_BOM-DEL_AI_2026-08-29_T+7_1787410677124_v7wv,BOM-DEL,EaseMyTrip,AI,AI-2428,2026-08-29,T+7,5897,1294,7191,2026-08-22T08:49:35.553Z,FALSE,"",08:00,TRUE
fare_BOM-DEL_AI_2026-08-29_T+7_1787410677124_x7l5,BOM-DEL,EaseMyTrip,AI,AI-2440,2026-08-29,T+7,5897,1294,7191,2026-08-22T08:49:35.553Z,FALSE,"",18:00,TRUE
fare_BOM-DEL_AI_2026-08-29_T+7_1787410677124_q4jb,BOM-DEL,EaseMyTrip,AI,AI-2996,2026-08-29,T+7,5897,1294,7191,2026-08-22T08:49:35.553Z,FALSE,"",18:30,TRUE
fare_BOM-DEL_AI_2026-08-29_T+7_1787410677124_s43w,BOM-DEL,EaseMyTrip,AI,AI-2426,2026-08-29,T+7,5897,1294,7191,2026-08-22T08:49:35.553Z,FALSE,"",19:00,TRUE
fare_BOM-DEL_AI_2026-08-29_T+7_1787410677124_z5c2,BOM-DEL,EaseMyTrip,AI,AI-2940,2026-08-29,T+7,5897,1294,7191,2026-08-22T08:49:35.553Z,FALSE,"",20:00,TRUE
fare_BOM-DEL_AI_2026-08-29_T+7_1787410677124_eu7h,BOM-DEL,EaseMyTrip,AI,AI-2988,2026-08-29,T+7,5897,1294,7191,2026-08-22T08:49:35.553Z,FALSE,"",20:30,TRUE
fare_BOM-DEL_AI_2026-08-29_T+7_1787410677124_cam0,BOM-DEL,EaseMyTrip,AI,AI-2422,2026-08-29,T+7,5897,1294,7191,2026-08-22T08:49:35.553Z,FALSE,"",22:00,TRUE
fare_BOM-DEL_AI_2026-08-29_T+7_1787410677124_t65h,BOM-DEL,EaseMyTrip,AI,AI-2614,2026-08-29,T+7,5897,1294,7191,2026-08-22T08:49:35.553Z,FALSE,"",23:30,TRUE
fare_BOM-DEL_AI_2026-08-29_T+7_1787410677124_g40z,BOM-DEL,EaseMyTrip,AI,AI-1882,2026-08-29,T+7,5897,1294,7191,2026-08-22T08:49:35.553Z,FALSE,"",23:55,TRUE
fare_BOM-DEL_AI_2026-08-29_T+7_1787410677124_34hg,BOM-DEL,EaseMyTrip,AI,AI-2986,2026-08-29,T+7,5897,1294,7191,2026-08-22T08:49:35.553Z,FALSE,"",22:50,TRUE
fare_BOM-DEL_6E_2026-08-29_T+7_1787410677124_fy2a,BOM-DEL,EaseMyTrip,6E,6E-2237,2026-08-29,T+7,5739,1260,6999,2026-08-22T08:49:35.553Z,FALSE,"",18:40,FALSE
fare_BOM-DEL_6E_2026-08-29_T+7_1787410677124_gh51,BOM-DEL,EaseMyTrip,6E,6E-285,2026-08-29,T+7,5739,1260,6999,2026-08-22T08:49:35.553Z,FALSE,"",01:30,FALSE
fare_BOM-DEL_6E_2026-08-29_T+7_1787410677124_qxn8,BOM-DEL,EaseMyTrip,6E,6E-256,2026-08-29,T+7,5739,1260,6999,2026-08-22T08:49:35.553Z,FALSE,"",01:30,FALSE
fare_BOM-DEL_6E_2026-08-29_T+7_1787410677124_312u,BOM-DEL,EaseMyTrip,6E,6E-755,2026-08-29,T+7,5739,1260,6999,2026-08-22T08:49:35.553Z,FALSE,"",04:00,FALSE
fare_BOM-DEL_6E_2026-08-29_T+7_1787410677124_z4vu,BOM-DEL,EaseMyTrip,6E,6E-5144,2026-08-29,T+7,5739,1260,6999,2026-08-22T08:49:35.553Z,FALSE,"",05:55,FALSE
fare_BOM-DEL_6E_2026-08-29_T+7_1787410677124_bf3j,BOM-DEL,EaseMyTrip,6E,6E-2347,2026-08-29,T+7,5739,1260,6999,2026-08-22T08:49:35.553Z,FALSE,"",08:50,FALSE
fare_BOM-DEL_6E_2026-08-29_T+7_1787410677124_b1z8,BOM-DEL,EaseMyTrip,6E,6E-409,2026-08-29,T+7,5739,1260,6999,2026-08-22T08:49:35.553Z,FALSE,"",14:40,FALSE
fare_BOM-DEL_6E_2026-08-29_T+7_1787410677124_bhtl,BOM-DEL,EaseMyTrip,6E,6E-438,2026-08-29,T+7,5739,1260,6999,2026-08-22T08:49:35.553Z,FALSE,"",14:40,FALSE
fare_BOM-DEL_6E_2026-08-29_T+7_1787410677124_dyx0,BOM-DEL,EaseMyTrip,6E,6E-5107,2026-08-29,T+7,5739,1260,6999,2026-08-22T08:49:35.553Z,FALSE,"",20:00,FALSE
fare_BOM-DEL_6E_2026-08-29_T+7_1787410677124_ur9c,BOM-DEL,EaseMyTrip,6E,6E-5201,2026-08-29,T+7,5739,1260,6999,2026-08-22T08:49:35.553Z,FALSE,"",14:55,FALSE
fare_BOM-DEL_6E_2026-08-29_T+7_1787410677124_e6ud,BOM-DEL,EaseMyTrip,6E,6E-6599,2026-08-29,T+7,5847,1283,7130,2026-08-22T08:49:35.553Z,FALSE,"",16:50,FALSE
fare_BOM-DEL_6E_2026-08-29_T+7_1787410677124_fa3u,BOM-DEL,EaseMyTrip,6E,6E-5147,2026-08-29,T+7,5847,1283,7130,2026-08-22T08:49:35.553Z,FALSE,"",18:35,FALSE
fare_BOM-DEL_6E_2026-08-29_T+7_1787410677124_880o,BOM-DEL,EaseMyTrip,6E,6E-5164,2026-08-29,T+7,5847,1283,7130,2026-08-22T08:49:35.553Z,FALSE,"",20:35,FALSE
fare_BOM-DEL_6E_2026-08-29_T+7_1787410677124_iq6w,BOM-DEL,EaseMyTrip,6E,6E-6122,2026-08-29,T+7,5847,1283,7130,2026-08-22T08:49:35.553Z,FALSE,"",15:45,FALSE
fare_BOM-DEL_6E_2026-08-29_T+7_1787410677124_zxsc,BOM-DEL,EaseMyTrip,6E,6E-6058,2026-08-29,T+7,5847,1283,7130,2026-08-22T08:49:35.553Z,FALSE,"",08:05,FALSE
fare_BOM-DEL_6E_2026-08-29_T+7_1787410677124_fl8h,BOM-DEL,EaseMyTrip,6E,6E-5131,2026-08-29,T+7,5847,1283,7130,2026-08-22T08:49:35.553Z,FALSE,"",15:50,FALSE
fare_BOM-DEL_6E_2026-08-29_T+7_1787410677124_kibt,BOM-DEL,EaseMyTrip,6E,6E-6802,2026-08-29,T+7,5847,1283,7130,2026-08-22T08:49:35.553Z,FALSE,"",16:55,FALSE
fare_BOM-DEL_6E_2026-08-29_T+7_1787410677124_o0zq,BOM-DEL,EaseMyTrip,6E,6E-5273,2026-08-29,T+7,5847,1283,7130,2026-08-22T08:49:35.553Z,FALSE,"",18:35,FALSE
fare_BOM-DEL_6E_2026-08-29_T+7_1787410677124_kera,BOM-DEL,EaseMyTrip,6E,6E-5345,2026-08-29,T+7,5847,1283,7130,2026-08-22T08:49:35.553Z,FALSE,"",14:25,FALSE
fare_BOM-DEL_6E_2026-08-29_T+7_1787410677124_fpan,BOM-DEL,EaseMyTrip,6E,6E-6553,2026-08-29,T+7,5907,1297,7204,2026-08-22T08:49:35.553Z,FALSE,"",16:05,FALSE
fare_BOM-DEL_6E_2026-08-29_T+7_1787410677124_xrb8,BOM-DEL,EaseMyTrip,6E,6E-2138,2026-08-29,T+7,5907,1297,7204,2026-08-22T08:49:35.553Z,FALSE,"",16:20,FALSE
fare_BOM-DEL_6E_2026-08-29_T+7_1787410677124_euez,BOM-DEL,EaseMyTrip,6E,6E-5028,2026-08-29,T+7,5911,1298,7209,2026-08-22T08:49:35.553Z,FALSE,"",19:35,FALSE
fare_BOM-DEL_6E_2026-08-29_T+7_1787410677124_dpa5,BOM-DEL,EaseMyTrip,6E,6E-6937,2026-08-29,T+7,5911,1298,7209,2026-08-22T08:49:35.553Z,FALSE,"",11:30,FALSE
fare_BOM-DEL_6E_2026-08-29_T+7_1787410677124_smbv,BOM-DEL,EaseMyTrip,6E,6E-680,2026-08-29,T+7,5911,1298,7209,2026-08-22T08:49:35.553Z,FALSE,"",04:45,FALSE
fare_BOM-DEL_6E_2026-08-29_T+7_1787410677124_j60y,BOM-DEL,EaseMyTrip,6E,6E-399,2026-08-29,T+7,5911,1298,7209,2026-08-22T08:49:35.553Z,FALSE,"",04:45,FALSE
fare_BOM-DEL_6E_2026-08-29_T+7_1787410677124_qc47,BOM-DEL,EaseMyTrip,6E,6E-6543,2026-08-29,T+7,5965,1309,7274,2026-08-22T08:49:35.553Z,FALSE,"",07:50,FALSE
fare_BOM-DEL_6E_2026-08-29_T+7_1787410677124_pvnq,BOM-DEL,EaseMyTrip,6E,6E-600,2026-08-29,T+7,6019,1321,7340,2026-08-22T08:49:35.553Z,FALSE,"",17:45,FALSE
fare_BOM-DEL_6E_2026-08-29_T+7_1787410677124_7a0f,BOM-DEL,EaseMyTrip,6E,6E-544,2026-08-29,T+7,6019,1321,7340,2026-08-22T08:49:35.553Z,FALSE,"",17:45,FALSE
fare_BOM-DEL_6E_2026-08-29_T+7_1787410677124_9g9q,BOM-DEL,EaseMyTrip,6E,6E-5056,2026-08-29,T+7,6019,1321,7340,2026-08-22T08:49:35.553Z,FALSE,"",21:10,FALSE
fare_BOM-DEL_6E_2026-08-29_T+7_1787410677124_veqf,BOM-DEL,EaseMyTrip,6E,6E-6195,2026-08-29,T+7,6019,1321,7340,2026-08-22T08:49:35.553Z,FALSE,"",23:00,FALSE
fare_BOM-DEL_6E_2026-08-29_T+7_1787410677124_mn3h,BOM-DEL,EaseMyTrip,6E,6E-5326,2026-08-29,T+7,6019,1321,7340,2026-08-22T08:49:35.553Z,FALSE,"",19:40,FALSE
fare_BOM-DEL_6E_2026-08-29_T+7_1787410677124_nbny,BOM-DEL,EaseMyTrip,6E,6E-6361,2026-08-29,T+7,6084,1335,7419,2026-08-22T08:49:35.553Z,FALSE,"",05:00,FALSE
fare_BOM-DEL_AI_2026-08-29_T+7_1787410677124_rfl1,BOM-DEL,EaseMyTrip,AI,AI-2591,2026-08-29,T+7,6283,1379,7662,2026-08-22T08:49:35.553Z,FALSE,"",07:25,TRUE
fare_BOM-DEL_6E_2026-08-29_T+7_1787410677124_6ubd,BOM-DEL,EaseMyTrip,6E,6E-304,2026-08-29,T+7,6277,1378,7655,2026-08-22T08:49:35.553Z,FALSE,"",12:40,FALSE
fare_BOM-DEL_6E_2026-08-29_T+7_1787410677124_u6t0,BOM-DEL,EaseMyTrip,6E,6E-341,2026-08-29,T+7,6277,1378,7655,2026-08-22T08:49:35.553Z,FALSE,"",12:40,FALSE
fare_BOM-DEL_6E_2026-08-29_T+7_1787410677124_fcp4,BOM-DEL,EaseMyTrip,6E,6E-5154,2026-08-29,T+7,6305,1384,7689,2026-08-22T08:49:35.553Z,FALSE,"",15:45,FALSE
fare_BOM-DEL_6E_2026-08-29_T+7_1787410677124_7sjb,BOM-DEL,EaseMyTrip,6E,6E-7017,2026-08-29,T+7,6343,1392,7735,2026-08-22T08:49:35.553Z,FALSE,"",21:30,FALSE
fare_BOM-DEL_6E_2026-08-29_T+7_1787410677124_ud0e,BOM-DEL,EaseMyTrip,6E,6E-5135,2026-08-29,T+7,6347,1393,7740,2026-08-22T08:49:35.553Z,FALSE,"",23:20,FALSE
fare_BOM-DEL_6E_2026-08-29_T+7_1787410677124_xcum,BOM-DEL,EaseMyTrip,6E,6E-5059,2026-08-29,T+7,6700,1471,8171,2026-08-22T08:49:35.553Z,FALSE,"",05:45,FALSE
fare_BOM-DEL_IX_2026-08-29_T+7_1787410677124_ke0l,BOM-DEL,EaseMyTrip,IX,IX-1238,2026-08-29,T+7,6987,1534,8521,2026-08-22T08:49:35.553Z,TRUE,"High outlier: ₹8521 > upper fence ₹8302 (Q3: ₹7258, IQR: ₹696)",12:25,FALSE
fare_BOM-DEL_IX_2026-08-29_T+7_1787410677124_vro6,BOM-DEL,EaseMyTrip,IX,IX-2367,2026-08-29,T+7,6987,1534,8521,2026-08-22T08:49:35.553Z,TRUE,"High outlier: ₹8521 > upper fence ₹8302 (Q3: ₹7258, IQR: ₹696)",07:20,FALSE
fare_BOM-DEL_6E_2026-08-29_T+7_1787410677124_w2on,BOM-DEL,EaseMyTrip,6E,6E-6027,2026-08-29,T+7,6808,1494,8302,2026-08-22T08:49:35.553Z,FALSE,"",17:35,FALSE
fare_BOM-DEL_6E_2026-08-29_T+7_1787410677124_adva,BOM-DEL,EaseMyTrip,6E,6E-5281,2026-08-29,T+7,6849,1504,8353,2026-08-22T08:49:35.553Z,TRUE,"High outlier: ₹8353 > upper fence ₹8302 (Q3: ₹7258, IQR: ₹696)",08:40,FALSE
fare_BOM-DEL_6E_2026-08-29_T+7_1787410677124_zf88,BOM-DEL,EaseMyTrip,6E,6E-177,2026-08-29,T+7,6872,1509,8381,2026-08-22T08:49:35.553Z,TRUE,"High outlier: ₹8381 > upper fence ₹8302 (Q3: ₹7258, IQR: ₹696)",19:20,FALSE
fare_BOM-DEL_6E_2026-08-29_T+7_1787410677124_87ss,BOM-DEL,EaseMyTrip,6E,6E-561,2026-08-29,T+7,6872,1509,8381,2026-08-22T08:49:35.553Z,TRUE,"High outlier: ₹8381 > upper fence ₹8302 (Q3: ₹7258, IQR: ₹696)",19:20,FALSE
fare_BOM-DEL_IX_2026-08-29_T+7_1787410677124_tv91,BOM-DEL,EaseMyTrip,IX,IX-1237,2026-08-29,T+7,7685,1687,9372,2026-08-22T08:49:35.553Z,TRUE,"High outlier: ₹9372 > upper fence ₹8302 (Q3: ₹7258, IQR: ₹696)",05:55,FALSE
fare_BOM-DEL_AI_2026-08-29_T+7_1787410677124_3pgl,BOM-DEL,EaseMyTrip,AI,AI-9558,2026-08-29,T+7,8225,1805,10030,2026-08-22T08:49:35.553Z,TRUE,"High outlier: ₹10030 > upper fence ₹8302 (Q3: ₹7258, IQR: ₹696)",08:30,FALSE
fare_BOM-DEL_IX_2026-08-29_T+7_1787410677124_bg48,BOM-DEL,EaseMyTrip,IX,IX-1798,2026-08-29,T+7,8565,1880,10445,2026-08-22T08:49:35.553Z,TRUE,"High outlier: ₹10445 > upper fence ₹8302 (Q3: ₹7258, IQR: ₹696)",11:20,FALSE
fare_BOM-DEL_AI_2026-08-29_T+7_1787410677124_ec7y,BOM-DEL,EaseMyTrip,AI,AI-9518,2026-08-29,T+7,8521,1870,10391,2026-08-22T08:49:35.553Z,TRUE,"High outlier: ₹10391 > upper fence ₹8302 (Q3: ₹7258, IQR: ₹696)",16:15,FALSE
fare_BOM-DEL_IX_2026-08-29_T+7_1787410677124_0ck3,BOM-DEL,EaseMyTrip,IX,IX-1640,2026-08-29,T+7,9241,2029,11270,2026-08-22T08:49:35.553Z,TRUE,"High outlier: ₹11270 > upper fence ₹8302 (Q3: ₹7258, IQR: ₹696)",20:55,FALSE
fare_BOM-DEL_AI_2026-08-29_T+7_1787410677124_udwi,BOM-DEL,EaseMyTrip,AI,AI-9718,2026-08-29,T+7,9818,2155,11973,2026-08-22T08:49:35.553Z,TRUE,"High outlier: ₹11973 > upper fence ₹8302 (Q3: ₹7258, IQR: ₹696)",20:20,FALSE
fare_BOM-DEL_AI_2026-08-29_T+7_1787410677124_kj9t,BOM-DEL,EaseMyTrip,AI,AI-9753,2026-08-29,T+7,9835,2159,11994,2026-08-22T08:49:35.553Z,TRUE,"High outlier: ₹11994 > upper fence ₹8302 (Q3: ₹7258, IQR: ₹696)",17:05,FALSE
fare_BOM-DEL_AI_2026-08-29_T+7_1787410677124_354l,BOM-DEL,EaseMyTrip,AI,AI-2491,2026-08-29,T+7,9906,2175,12081,2026-08-22T08:49:35.553Z,TRUE,"High outlier: ₹12081 > upper fence ₹8302 (Q3: ₹7258, IQR: ₹696)",11:15,FALSE
fare_BOM-DEL_6E_2026-08-29_T+7_1787410677124_lr1t,BOM-DEL,EaseMyTrip,6E,6E-2024,2026-08-29,T+7,10353,2273,12626,2026-08-22T08:49:35.553Z,TRUE,"High outlier: ₹12626 > upper fence ₹8302 (Q3: ₹7258, IQR: ₹696)",09:15,FALSE
fare_BOM-DEL_6E_2026-08-29_T+7_1787410677124_7yyt,BOM-DEL,EaseMyTrip,6E,6E-5181,2026-08-29,T+7,10892,2391,13283,2026-08-22T08:49:35.553Z,TRUE,"High outlier: ₹13283 > upper fence ₹8302 (Q3: ₹7258, IQR: ₹696)",10:25,FALSE
fare_BOM-DEL_AI_2026-08-29_T+7_1787410677124_oc5s,BOM-DEL,EaseMyTrip,AI,AI-2847,2026-08-29,T+7,11449,2513,13962,2026-08-22T08:49:35.553Z,TRUE,"High outlier: ₹13962 > upper fence ₹8302 (Q3: ₹7258, IQR: ₹696)",10:20,FALSE
fare_BOM-DEL_6E_2026-08-29_T+7_1787410677124_j84z,BOM-DEL,EaseMyTrip,6E,6E-5246,2026-08-29,T+7,11583,2542,14125,2026-08-22T08:49:35.553Z,TRUE,"High outlier: ₹14125 > upper fence ₹8302 (Q3: ₹7258, IQR: ₹696)",07:15,FALSE
fare_BOM-DEL_AI_2026-08-29_T+7_1787410677124_zp1e,BOM-DEL,EaseMyTrip,AI,AI-9891,2026-08-29,T+7,11975,2629,14604,2026-08-22T08:49:35.553Z,TRUE,"High outlier: ₹14604 > upper fence ₹8302 (Q3: ₹7258, IQR: ₹696)",11:20,FALSE
fare_BOM-DEL_6E_2026-08-29_T+7_1787410677124_88qx,BOM-DEL,EaseMyTrip,6E,6E-5318,2026-08-29,T+7,11961,2626,14587,2026-08-22T08:49:35.553Z,TRUE,"High outlier: ₹14587 > upper fence ₹8302 (Q3: ₹7258, IQR: ₹696)",10:15,FALSE
fare_BOM-DEL_6E_2026-08-29_T+7_1787410677124_i16o,BOM-DEL,EaseMyTrip,6E,6E-5178,2026-08-29,T+7,11961,2626,14587,2026-08-22T08:49:35.553Z,TRUE,"High outlier: ₹14587 > upper fence ₹8302 (Q3: ₹7258, IQR: ₹696)",11:40,FALSE
fare_BOM-DEL_AI_2026-08-29_T+7_1787410677124_oqwd,BOM-DEL,EaseMyTrip,AI,AI-9533,2026-08-29,T+7,12438,2730,15168,2026-08-22T08:49:35.553Z,TRUE,"High outlier: ₹15168 > upper fence ₹8302 (Q3: ₹7258, IQR: ₹696)",16:30,FALSE
fare_BOM-DEL_AI_2026-08-29_T+7_1787410677124_9z6b,BOM-DEL,EaseMyTrip,AI,AI-2812,2026-08-29,T+7,12561,2757,15318,2026-08-22T08:49:35.553Z,TRUE,"High outlier: ₹15318 > upper fence ₹8302 (Q3: ₹7258, IQR: ₹696)",02:05,FALSE
fare_BOM-DEL_IX_2026-08-29_T+7_1787410677124_el3t,BOM-DEL,EaseMyTrip,IX,IX-1283,2026-08-29,T+7,12630,2773,15403,2026-08-22T08:49:35.553Z,TRUE,"High outlier: ₹15403 > upper fence ₹8302 (Q3: ₹7258, IQR: ₹696)",06:05,FALSE
fare_BOM-DEL_AI_2026-08-29_T+7_1787410677124_kirv,BOM-DEL,EaseMyTrip,AI,AI-2841,2026-08-29,T+7,13192,2896,16088,2026-08-22T08:49:35.553Z,TRUE,"High outlier: ₹16088 > upper fence ₹8302 (Q3: ₹7258, IQR: ₹696)",11:20,FALSE
fare_BOM-DEL_AI_2026-08-29_T+7_1787410677124_drt9,BOM-DEL,EaseMyTrip,AI,AI-2659,2026-08-29,T+7,13311,2922,16233,2026-08-22T08:49:35.553Z,TRUE,"High outlier: ₹16233 > upper fence ₹8302 (Q3: ₹7258, IQR: ₹696)",14:35,FALSE
fare_BOM-DEL_AI_2026-08-29_T+7_1787410677124_h7b4,BOM-DEL,EaseMyTrip,AI,AI-2997,2026-08-29,T+7,14082,3091,17173,2026-08-22T08:49:35.553Z,TRUE,"High outlier: ₹17173 > upper fence ₹8302 (Q3: ₹7258, IQR: ₹696)",10:10,FALSE
fare_BOM-DEL_AI_2026-08-29_T+7_1787410677124_j97c,BOM-DEL,EaseMyTrip,AI,AI-2493,2026-08-29,T+7,14128,3101,17229,2026-08-22T08:49:35.553Z,TRUE,"High outlier: ₹17229 > upper fence ₹8302 (Q3: ₹7258, IQR: ₹696)",18:05,FALSE
fare_BOM-DEL_AI_2026-08-29_T+7_1787410677124_xezi,BOM-DEL,EaseMyTrip,AI,AI-2749,2026-08-29,T+7,14173,3111,17284,2026-08-22T08:49:35.553Z,TRUE,"High outlier: ₹17284 > upper fence ₹8302 (Q3: ₹7258, IQR: ₹696)",17:35,FALSE
fare_BOM-DEL_AI_2026-08-29_T+7_1787410677124_ig03,BOM-DEL,EaseMyTrip,AI,AI-2741,2026-08-29,T+7,14403,3162,17565,2026-08-22T08:49:35.553Z,TRUE,"High outlier: ₹17565 > upper fence ₹8302 (Q3: ₹7258, IQR: ₹696)",07:40,FALSE
fare_BOM-DEL_AI_2026-08-29_T+7_1787410677124_9iao,BOM-DEL,EaseMyTrip,AI,AI-2531,2026-08-29,T+7,14755,3239,17994,2026-08-22T08:49:35.553Z,TRUE,"High outlier: ₹17994 > upper fence ₹8302 (Q3: ₹7258, IQR: ₹696)",15:05,FALSE
fare_BOM-DEL_AI_2026-08-29_T+7_1787410677124_t99f,BOM-DEL,EaseMyTrip,AI,AI-2625,2026-08-29,T+7,14981,3289,18270,2026-08-22T08:49:35.553Z,TRUE,"High outlier: ₹18270 > upper fence ₹8302 (Q3: ₹7258, IQR: ₹696)",06:00,FALSE
fare_BOM-DEL_AI_2026-08-29_T+7_1787410677124_d9y7,BOM-DEL,EaseMyTrip,AI,AI-2593,2026-08-29,T+7,16601,3644,20245,2026-08-22T08:49:35.553Z,TRUE,"High outlier: ₹20245 > upper fence ₹8302 (Q3: ₹7258, IQR: ₹696)",12:30,FALSE
fare_BOM-DEL_AI_2026-08-29_T+7_1787410677124_ebci,BOM-DEL,EaseMyTrip,AI,AI-2632,2026-08-29,T+7,16794,3686,20480,2026-08-22T08:49:35.553Z,TRUE,"High outlier: ₹20480 > upper fence ₹8302 (Q3: ₹7258, IQR: ₹696)",12:00,FALSE
fare_BOM-DEL_AI_2026-08-29_T+7_1787410677124_8t3p,BOM-DEL,EaseMyTrip,AI,AI-2718,2026-08-29,T+7,21165,4646,25811,2026-08-22T08:49:35.553Z,TRUE,"High outlier: ₹25811 > upper fence ₹8302 (Q3: ₹7258, IQR: ₹696)",05:55,FALSE
fare_BOM-DEL_AI_2026-08-29_T+7_1787410677124_elni,BOM-DEL,EaseMyTrip,AI,AI-2579,2026-08-29,T+7,23058,5062,28120,2026-08-22T08:49:35.553Z,TRUE,"High outlier: ₹28120 > upper fence ₹8302 (Q3: ₹7258, IQR: ₹696)",10:35,FALSE
fare_BOM-DEL_SG_2026-08-29_T+7_1787410677125_uuhn,BOM-DEL,EaseMyTrip,SG,SG-690,2026-08-29,T+7,5188,1139,6327,2026-08-22T09:04:17.631Z,FALSE,"",01:50,TRUE
fare_BOM-DEL_SG_2026-08-29_T+7_1787410677125_cjbb,BOM-DEL,EaseMyTrip,SG,SG-783,2026-08-29,T+7,5188,1139,6327,2026-08-22T09:04:17.631Z,FALSE,"",01:50,TRUE
fare_BOM-DEL_SG_2026-08-29_T+7_1787410677125_hemp,BOM-DEL,EaseMyTrip,SG,SG-723,2026-08-29,T+7,5275,1158,6433,2026-08-22T09:04:17.631Z,FALSE,"",06:25,TRUE
fare_BOM-DEL_SG_2026-08-29_T+7_1787410677125_vld0,BOM-DEL,EaseMyTrip,SG,SG-200,2026-08-29,T+7,5275,1158,6433,2026-08-22T09:04:17.631Z,FALSE,"",06:25,TRUE
fare_BOM-DEL_SG_2026-08-29_T+7_1787410677125_lowz,BOM-DEL,EaseMyTrip,SG,SG-625,2026-08-29,T+7,5275,1158,6433,2026-08-22T09:04:17.631Z,FALSE,"",15:55,TRUE
fare_BOM-DEL_SG_2026-08-29_T+7_1787410677125_qhwl,BOM-DEL,EaseMyTrip,SG,SG-748,2026-08-29,T+7,5275,1158,6433,2026-08-22T09:04:17.631Z,FALSE,"",15:55,TRUE
fare_BOM-DEL_SG_2026-08-29_T+7_1787410677125_z5lb,BOM-DEL,EaseMyTrip,SG,SG-115,2026-08-29,T+7,5275,1158,6433,2026-08-22T09:04:17.631Z,FALSE,"",17:55,TRUE
fare_BOM-DEL_SG_2026-08-29_T+7_1787410677125_80q5,BOM-DEL,EaseMyTrip,SG,SG-649,2026-08-29,T+7,5275,1158,6433,2026-08-22T09:04:17.631Z,FALSE,"",17:55,TRUE
fare_BOM-DEL_6E_2026-08-29_T+7_1787410677125_m7l0,BOM-DEL,EaseMyTrip,6E,6E-505,2026-08-29,T+7,5380,1181,6561,2026-08-22T09:04:17.631Z,FALSE,"",17:20,TRUE
fare_BOM-DEL_6E_2026-08-29_T+7_1787410677125_xg9r,BOM-DEL,EaseMyTrip,6E,6E-138,2026-08-29,T+7,5380,1181,6561,2026-08-22T09:04:17.631Z,FALSE,"",17:20,TRUE
fare_BOM-DEL_6E_2026-08-29_T+7_1787410677125_5uh3,BOM-DEL,EaseMyTrip,6E,6E-975,2026-08-29,T+7,5381,1181,6562,2026-08-22T09:04:17.631Z,FALSE,"",17:20,TRUE
fare_BOM-DEL_6E_2026-08-29_T+7_1787410677125_kxkp,BOM-DEL,EaseMyTrip,6E,6E-576,2026-08-29,T+7,5381,1181,6562,2026-08-22T09:04:17.631Z,FALSE,"",17:20,TRUE
fare_BOM-DEL_6E_2026-08-29_T+7_1787410677125_0nlf,BOM-DEL,EaseMyTrip,6E,6E-314,2026-08-29,T+7,5381,1181,6562,2026-08-22T09:04:17.631Z,FALSE,"",16:00,TRUE
fare_BOM-DEL_6E_2026-08-29_T+7_1787410677125_j123,BOM-DEL,EaseMyTrip,6E,6E-260,2026-08-29,T+7,5381,1181,6562,2026-08-22T09:04:17.631Z,FALSE,"",16:00,TRUE
fare_BOM-DEL_6E_2026-08-29_T+7_1787410677125_4mkd,BOM-DEL,EaseMyTrip,6E,6E-873,2026-08-29,T+7,5381,1181,6562,2026-08-22T09:04:17.631Z,FALSE,"",15:00,TRUE
fare_BOM-DEL_6E_2026-08-29_T+7_1787410677125_3fa9,BOM-DEL,EaseMyTrip,6E,6E-393,2026-08-29,T+7,5381,1181,6562,2026-08-22T09:04:17.631Z,FALSE,"",15:00,TRUE
fare_BOM-DEL_6E_2026-08-29_T+7_1787410677125_1ixl,BOM-DEL,EaseMyTrip,6E,6E-777,2026-08-29,T+7,5381,1181,6562,2026-08-22T09:04:17.631Z,FALSE,"",13:00,TRUE
fare_BOM-DEL_6E_2026-08-29_T+7_1787410677125_ctso,BOM-DEL,EaseMyTrip,6E,6E-271,2026-08-29,T+7,5381,1181,6562,2026-08-22T09:04:17.631Z,FALSE,"",13:00,TRUE
fare_BOM-DEL_6E_2026-08-29_T+7_1787410677125_sgt4,BOM-DEL,EaseMyTrip,6E,6E-122,2026-08-29,T+7,5381,1181,6562,2026-08-22T09:04:17.631Z,FALSE,"",10:35,TRUE
fare_BOM-DEL_6E_2026-08-29_T+7_1787410677125_oo50,BOM-DEL,EaseMyTrip,6E,6E-157,2026-08-29,T+7,5381,1181,6562,2026-08-22T09:04:17.631Z,FALSE,"",10:35,TRUE
fare_BOM-DEL_6E_2026-08-29_T+7_1787410677125_8wok,BOM-DEL,EaseMyTrip,6E,6E-995,2026-08-29,T+7,5381,1181,6562,2026-08-22T09:04:17.631Z,FALSE,"",09:00,TRUE
fare_BOM-DEL_6E_2026-08-29_T+7_1787410677125_ds49,BOM-DEL,EaseMyTrip,6E,6E-811,2026-08-29,T+7,5381,1181,6562,2026-08-22T09:04:17.631Z,FALSE,"",09:00,TRUE
fare_BOM-DEL_6E_2026-08-29_T+7_1787410677125_suck,BOM-DEL,EaseMyTrip,6E,6E-830,2026-08-29,T+7,5510,1210,6720,2026-08-22T09:04:17.631Z,FALSE,"",05:00,TRUE
fare_BOM-DEL_6E_2026-08-29_T+7_1787410677125_qmj1,BOM-DEL,EaseMyTrip,6E,6E-528,2026-08-29,T+7,5510,1210,6720,2026-08-22T09:04:17.631Z,FALSE,"",05:00,TRUE
fare_BOM-DEL_6E_2026-08-29_T+7_1787410677125_nkst,BOM-DEL,EaseMyTrip,6E,6E-132,2026-08-29,T+7,5510,1210,6720,2026-08-22T09:04:17.631Z,FALSE,"",23:45,TRUE
fare_BOM-DEL_6E_2026-08-29_T+7_1787410677125_y7yg,BOM-DEL,EaseMyTrip,6E,6E-869,2026-08-29,T+7,5510,1210,6720,2026-08-22T09:04:17.631Z,FALSE,"",23:45,TRUE
fare_BOM-DEL_6E_2026-08-29_T+7_1787410677125_htvp,BOM-DEL,EaseMyTrip,6E,6E-400,2026-08-29,T+7,5510,1210,6720,2026-08-22T09:04:17.631Z,FALSE,"",22:15,TRUE
fare_BOM-DEL_6E_2026-08-29_T+7_1787410677125_0lis,BOM-DEL,EaseMyTrip,6E,6E-249,2026-08-29,T+7,5510,1210,6720,2026-08-22T09:04:17.631Z,FALSE,"",22:15,TRUE
fare_BOM-DEL_6E_2026-08-29_T+7_1787410677125_60a7,BOM-DEL,EaseMyTrip,6E,6E-358,2026-08-29,T+7,5510,1210,6720,2026-08-22T09:04:17.631Z,FALSE,"",21:15,TRUE
fare_BOM-DEL_6E_2026-08-29_T+7_1787410677125_k484,BOM-DEL,EaseMyTrip,6E,6E-734,2026-08-29,T+7,5510,1210,6720,2026-08-22T09:04:17.631Z,FALSE,"",21:15,TRUE
fare_BOM-DEL_6E_2026-08-29_T+7_1787410677125_lw3j,BOM-DEL,EaseMyTrip,6E,6E-772,2026-08-29,T+7,5510,1210,6720,2026-08-22T09:04:17.631Z,FALSE,"",19:00,TRUE
fare_BOM-DEL_6E_2026-08-29_T+7_1787410677125_2840,BOM-DEL,EaseMyTrip,6E,6E-882,2026-08-29,T+7,5510,1210,6720,2026-08-22T09:04:17.631Z,FALSE,"",19:00,TRUE
fare_BOM-DEL_6E_2026-08-29_T+7_1787410677125_njw1,BOM-DEL,EaseMyTrip,6E,6E-968,2026-08-29,T+7,5510,1210,6720,2026-08-22T09:04:17.631Z,FALSE,"",20:20,TRUE
fare_BOM-DEL_6E_2026-08-29_T+7_1787410677125_40fr,BOM-DEL,EaseMyTrip,6E,6E-577,2026-08-29,T+7,5510,1210,6720,2026-08-22T09:04:17.631Z,FALSE,"",20:20,TRUE
fare_BOM-DEL_6E_2026-08-29_T+7_1787410677125_y39f,BOM-DEL,EaseMyTrip,6E,6E-540,2026-08-29,T+7,5510,1210,6720,2026-08-22T09:04:17.631Z,FALSE,"",06:00,TRUE
fare_BOM-DEL_6E_2026-08-29_T+7_1787410677125_ekhn,BOM-DEL,EaseMyTrip,6E,6E-204,2026-08-29,T+7,5510,1210,6720,2026-08-22T09:04:17.631Z,FALSE,"",06:00,TRUE
fare_BOM-DEL_6E_2026-08-29_T+7_1787410677125_ge8y,BOM-DEL,EaseMyTrip,6E,6E-192,2026-08-29,T+7,5510,1210,6720,2026-08-22T09:04:17.631Z,FALSE,"",07:00,TRUE
fare_BOM-DEL_6E_2026-08-29_T+7_1787410677125_zxo3,BOM-DEL,EaseMyTrip,6E,6E-219,2026-08-29,T+7,5510,1210,6720,2026-08-22T09:04:17.631Z,FALSE,"",07:00,TRUE
fare_BOM-DEL_6E_2026-08-29_T+7_1787410677125_e021,BOM-DEL,EaseMyTrip,6E,6E-791,2026-08-29,T+7,5510,1210,6720,2026-08-22T09:04:17.631Z,FALSE,"",08:00,TRUE
fare_BOM-DEL_6E_2026-08-29_T+7_1787410677125_y2v1,BOM-DEL,EaseMyTrip,6E,6E-783,2026-08-29,T+7,5510,1210,6720,2026-08-22T09:04:17.631Z,FALSE,"",08:00,TRUE
fare_BOM-DEL_6E_2026-08-29_T+7_1787410677125_n0ys,BOM-DEL,EaseMyTrip,6E,6E-940,2026-08-29,T+7,5739,1260,6999,2026-08-22T09:04:17.631Z,FALSE,"",01:30,FALSE
fare_BOM-DEL_6E_2026-08-29_T+7_1787410677125_6uot,BOM-DEL,EaseMyTrip,6E,6E-694,2026-08-29,T+7,5739,1260,6999,2026-08-22T09:04:17.631Z,FALSE,"",01:30,FALSE
fare_BOM-DEL_6E_2026-08-29_T+7_1787410677125_6sd1,BOM-DEL,EaseMyTrip,6E,6E-275,2026-08-29,T+7,5739,1260,6999,2026-08-22T09:04:17.631Z,FALSE,"",14:40,FALSE
fare_BOM-DEL_6E_2026-08-29_T+7_1787410677125_lk0a,BOM-DEL,EaseMyTrip,6E,6E-312,2026-08-29,T+7,5739,1260,6999,2026-08-22T09:04:17.631Z,FALSE,"",14:40,FALSE
fare_BOM-DEL_6E_2026-08-29_T+7_1787410677125_f30x,BOM-DEL,EaseMyTrip,6E,6E-413,2026-08-29,T+7,5911,1298,7209,2026-08-22T09:04:17.631Z,FALSE,"",04:45,FALSE
fare_BOM-DEL_6E_2026-08-29_T+7_1787410677125_s9ni,BOM-DEL,EaseMyTrip,6E,6E-523,2026-08-29,T+7,5911,1298,7209,2026-08-22T09:04:17.631Z,FALSE,"",04:45,FALSE
fare_BOM-DEL_6E_2026-08-29_T+7_1787410677125_rums,BOM-DEL,EaseMyTrip,6E,6E-726,2026-08-29,T+7,6019,1321,7340,2026-08-22T09:04:17.631Z,FALSE,"",17:45,FALSE
fare_BOM-DEL_6E_2026-08-29_T+7_1787410677125_o4tr,BOM-DEL,EaseMyTrip,6E,6E-239,2026-08-29,T+7,6277,1378,7655,2026-08-22T09:04:17.631Z,FALSE,"",12:40,FALSE
fare_BOM-DEL_6E_2026-08-29_T+7_1787410677125_ecn1,BOM-DEL,EaseMyTrip,6E,6E-932,2026-08-29,T+7,6872,1509,8381,2026-08-22T09:04:17.631Z,TRUE,"High outlier: ₹8381 > upper fence ₹8302 (Q3: ₹7258, IQR: ₹696)",19:20,FALSE
fare_BOM-DEL_6E_2026-08-29_T+7_1787410677125_w1ue,BOM-DEL,EaseMyTrip,6E,6E-549,2026-08-29,T+7,6872,1509,8381,2026-08-22T09:04:17.631Z,TRUE,"High outlier: ₹8381 > upper fence ₹8302 (Q3: ₹7258, IQR: ₹696)",19:20,FALSE
fare_CCU-DEL_IX_2026-08-23_T+1_1787410677126_keek,CCU-DEL,EaseMyTrip,IX,IX-1248,2026-08-23,T+1,6253,1372,7625,2026-08-22T09:05:23.010Z,FALSE,"",07:45,FALSE
fare_CCU-DEL_SG_2026-08-23_T+1_1787410677126_css9,CCU-DEL,EaseMyTrip,SG,SG-958,2026-08-23,T+1,6272,1377,7649,2026-08-22T09:05:23.010Z,FALSE,"",23:20,TRUE
fare_CCU-DEL_SG_2026-08-23_T+1_1787410677126_74lc,CCU-DEL,EaseMyTrip,SG,SG-610,2026-08-23,T+1,6272,1377,7649,2026-08-22T09:05:23.010Z,FALSE,"",23:20,TRUE
fare_CCU-DEL_6E_2026-08-23_T+1_1787410677126_u3nv,CCU-DEL,EaseMyTrip,6E,6E-899,2026-08-23,T+1,6859,1506,8365,2026-08-22T09:05:23.010Z,FALSE,"",07:00,TRUE
fare_CCU-DEL_6E_2026-08-23_T+1_1787410677126_stju,CCU-DEL,EaseMyTrip,6E,6E-159,2026-08-23,T+1,6859,1506,8365,2026-08-22T09:05:23.010Z,FALSE,"",07:00,TRUE
fare_CCU-DEL_6E_2026-08-23_T+1_1787410677126_e7kq,CCU-DEL,EaseMyTrip,6E,6E-5190,2026-08-23,T+1,6859,1506,8365,2026-08-22T09:05:23.010Z,FALSE,"",22:30,TRUE
fare_CCU-DEL_6E_2026-08-23_T+1_1787410677126_2n58,CCU-DEL,EaseMyTrip,6E,6E-869,2026-08-23,T+1,6859,1506,8365,2026-08-22T09:05:23.010Z,FALSE,"",21:00,TRUE
fare_CCU-DEL_6E_2026-08-23_T+1_1787410677126_0mxc,CCU-DEL,EaseMyTrip,6E,6E-994,2026-08-23,T+1,6859,1506,8365,2026-08-22T09:05:23.010Z,FALSE,"",21:00,TRUE
fare_CCU-DEL_AI_2026-08-23_T+1_1787410677126_p0qd,CCU-DEL,EaseMyTrip,AI,AI-2720,2026-08-23,T+1,7023,1542,8565,2026-08-22T09:05:23.010Z,FALSE,"",07:00,TRUE
fare_CCU-DEL_AI_2026-08-23_T+1_1787410677126_8bio,CCU-DEL,EaseMyTrip,AI,AI-2708,2026-08-23,T+1,7023,1542,8565,2026-08-22T09:05:23.010Z,FALSE,"",21:00,TRUE
fare_CCU-DEL_AI_2026-08-23_T+1_1787410677126_n37p,CCU-DEL,EaseMyTrip,AI,AI-2710,2026-08-23,T+1,7023,1542,8565,2026-08-22T09:05:23.010Z,FALSE,"",22:00,TRUE
fare_CCU-DEL_QP_2026-08-23_T+1_1787410677126_v7rr,CCU-DEL,EaseMyTrip,QP,QP-1802,2026-08-23,T+1,6921,1519,8440,2026-08-22T09:05:23.010Z,FALSE,"",09:05,TRUE
fare_CCU-DEL_6E_2026-08-23_T+1_1787410677126_dc29,CCU-DEL,EaseMyTrip,6E,6E-2588,2026-08-23,T+1,7021,1541,8562,2026-08-22T09:05:23.010Z,FALSE,"",11:40,TRUE
fare_CCU-DEL_6E_2026-08-23_T+1_1787410677126_353d,CCU-DEL,EaseMyTrip,6E,6E-447,2026-08-23,T+1,7075,1553,8628,2026-08-22T09:05:23.010Z,FALSE,"",08:25,TRUE
fare_CCU-DEL_6E_2026-08-23_T+1_1787410677126_c899,CCU-DEL,EaseMyTrip,6E,6E-163,2026-08-23,T+1,7075,1553,8628,2026-08-22T09:05:23.010Z,FALSE,"",08:25,TRUE
fare_CCU-DEL_AI_2026-08-23_T+1_1787410677126_q6hr,CCU-DEL,EaseMyTrip,AI,AI-2778,2026-08-23,T+1,7240,1589,8829,2026-08-22T09:05:23.010Z,FALSE,"",08:30,TRUE
fare_CCU-DEL_6E_2026-08-23_T+1_1787410677126_5pko,CCU-DEL,EaseMyTrip,6E,6E-6785,2026-08-23,T+1,7492,1645,9137,2026-08-22T09:05:23.010Z,FALSE,"",07:55,FALSE
fare_CCU-DEL_6E_2026-08-23_T+1_1787410677126_y2pf,CCU-DEL,EaseMyTrip,6E,6E-6134,2026-08-23,T+1,7665,1682,9347,2026-08-22T09:05:23.010Z,FALSE,"",16:30,FALSE
fare_CCU-DEL_AI_2026-08-23_T+1_1787410677126_1cbc,CCU-DEL,EaseMyTrip,AI,AI-2704,2026-08-23,T+1,7842,1722,9564,2026-08-22T09:05:23.010Z,FALSE,"",10:30,TRUE
fare_CCU-DEL_AI_2026-08-23_T+1_1787410677126_x9sr,CCU-DEL,EaseMyTrip,AI,AI-2536,2026-08-23,T+1,7842,1722,9564,2026-08-22T09:05:23.010Z,FALSE,"",09:30,TRUE
fare_CCU-DEL_QP_2026-08-23_T+1_1787410677126_ox5v,CCU-DEL,EaseMyTrip,QP,QP-1804,2026-08-23,T+1,7719,1694,9413,2026-08-22T09:05:23.010Z,FALSE,"",20:05,TRUE
fare_CCU-DEL_6E_2026-08-23_T+1_1787410677126_7wpu,CCU-DEL,EaseMyTrip,6E,6E-6139,2026-08-23,T+1,7829,1719,9548,2026-08-22T09:05:23.010Z,FALSE,"",07:10,FALSE
fare_CCU-DEL_6E_2026-08-23_T+1_1787410677126_o4t4,CCU-DEL,EaseMyTrip,6E,6E-473,2026-08-23,T+1,7829,1719,9548,2026-08-22T09:05:23.010Z,FALSE,"",10:45,FALSE
fare_CCU-DEL_6E_2026-08-23_T+1_1787410677126_5r3o,CCU-DEL,EaseMyTrip,6E,6E-658,2026-08-23,T+1,7829,1719,9548,2026-08-22T09:05:23.010Z,FALSE,"",10:45,FALSE
fare_CCU-DEL_QP_2026-08-23_T+1_1787410677126_5bw7,CCU-DEL,EaseMyTrip,QP,QP-1136,2026-08-23,T+1,7851,1724,9575,2026-08-22T09:05:23.010Z,FALSE,"",05:10,FALSE
fare_CCU-DEL_6E_2026-08-23_T+1_1787410677126_6mr3,CCU-DEL,EaseMyTrip,6E,6E-7215,2026-08-23,T+1,7937,1742,9679,2026-08-22T09:05:23.010Z,FALSE,"",18:00,FALSE
fare_CCU-DEL_6E_2026-08-23_T+1_1787410677126_es35,CCU-DEL,EaseMyTrip,6E,6E-439,2026-08-23,T+1,7937,1742,9679,2026-08-22T09:05:23.010Z,FALSE,"",17:05,FALSE
fare_CCU-DEL_6E_2026-08-23_T+1_1787410677126_gfjr,CCU-DEL,EaseMyTrip,6E,6E-928,2026-08-23,T+1,7937,1742,9679,2026-08-22T09:05:23.010Z,FALSE,"",17:05,FALSE
fare_CCU-DEL_6E_2026-08-23_T+1_1787410677126_1vat,CCU-DEL,EaseMyTrip,6E,6E-798,2026-08-23,T+1,8002,1756,9758,2026-08-22T09:05:23.010Z,FALSE,"",09:45,FALSE
fare_CCU-DEL_6E_2026-08-23_T+1_1787410677126_0vpv,CCU-DEL,EaseMyTrip,6E,6E-457,2026-08-23,T+1,8002,1756,9758,2026-08-22T09:05:23.010Z,FALSE,"",09:45,FALSE
fare_CCU-DEL_6E_2026-08-23_T+1_1787410677126_rzjg,CCU-DEL,EaseMyTrip,6E,6E-319,2026-08-23,T+1,8002,1756,9758,2026-08-22T09:05:23.010Z,FALSE,"",09:45,FALSE
fare_CCU-DEL_6E_2026-08-23_T+1_1787410677126_u0d5,CCU-DEL,EaseMyTrip,6E,6E-296,2026-08-23,T+1,8002,1756,9758,2026-08-22T09:05:23.010Z,FALSE,"",09:45,FALSE
fare_CCU-DEL_6E_2026-08-23_T+1_1787410677126_f3wt,CCU-DEL,EaseMyTrip,6E,6E-492,2026-08-23,T+1,8065,1770,9835,2026-08-22T09:05:23.010Z,FALSE,"",10:15,TRUE
fare_CCU-DEL_6E_2026-08-23_T+1_1787410677126_p0t1,CCU-DEL,EaseMyTrip,6E,6E-261,2026-08-23,T+1,8065,1770,9835,2026-08-22T09:05:23.010Z,FALSE,"",10:15,TRUE
fare_CCU-DEL_6E_2026-08-23_T+1_1787410677126_mhxf,CCU-DEL,EaseMyTrip,6E,6E-400,2026-08-23,T+1,8088,1775,9863,2026-08-22T09:05:23.010Z,FALSE,"",12:40,FALSE
fare_CCU-DEL_6E_2026-08-23_T+1_1787410677126_yagc,CCU-DEL,EaseMyTrip,6E,6E-625,2026-08-23,T+1,8088,1775,9863,2026-08-22T09:05:23.010Z,FALSE,"",12:40,FALSE
fare_CCU-DEL_6E_2026-08-23_T+1_1787410677126_ossw,CCU-DEL,EaseMyTrip,6E,6E-283,2026-08-23,T+1,8088,1775,9863,2026-08-22T09:05:23.010Z,FALSE,"",06:05,FALSE
fare_CCU-DEL_6E_2026-08-23_T+1_1787410677126_ceqv,CCU-DEL,EaseMyTrip,6E,6E-780,2026-08-23,T+1,8088,1775,9863,2026-08-22T09:05:23.010Z,FALSE,"",06:05,FALSE
fare_CCU-DEL_6E_2026-08-23_T+1_1787410677126_xlew,CCU-DEL,EaseMyTrip,6E,6E-789,2026-08-23,T+1,8088,1775,9863,2026-08-22T09:05:23.010Z,FALSE,"",11:30,FALSE
fare_CCU-DEL_6E_2026-08-23_T+1_1787410677126_jxmm,CCU-DEL,EaseMyTrip,6E,6E-116,2026-08-23,T+1,8088,1775,9863,2026-08-22T09:05:23.010Z,FALSE,"",11:30,FALSE
fare_CCU-DEL_6E_2026-08-23_T+1_1787410677126_wauk,CCU-DEL,EaseMyTrip,6E,6E-294,2026-08-23,T+1,8109,1780,9889,2026-08-22T09:05:23.010Z,FALSE,"",17:45,FALSE
fare_CCU-DEL_6E_2026-08-23_T+1_1787410677126_nxzl,CCU-DEL,EaseMyTrip,6E,6E-528,2026-08-23,T+1,8109,1780,9889,2026-08-22T09:05:23.010Z,FALSE,"",17:45,FALSE
fare_CCU-DEL_IX_2026-08-23_T+1_1787410677126_3s9s,CCU-DEL,EaseMyTrip,IX,IX-1517,2026-08-23,T+1,8466,1858,10324,2026-08-22T09:05:23.010Z,FALSE,"",07:20,FALSE
fare_CCU-DEL_6E_2026-08-23_T+1_1787410677126_lh1m,CCU-DEL,EaseMyTrip,6E,6E-801,2026-08-23,T+1,8281,1818,10099,2026-08-22T09:05:23.010Z,FALSE,"",06:00,FALSE
fare_CCU-DEL_6E_2026-08-23_T+1_1787410677126_bq2m,CCU-DEL,EaseMyTrip,6E,6E-762,2026-08-23,T+1,8281,1818,10099,2026-08-22T09:05:23.010Z,FALSE,"",06:00,FALSE
fare_CCU-DEL_6E_2026-08-23_T+1_1787410677126_p7te,CCU-DEL,EaseMyTrip,6E,6E-6513,2026-08-23,T+1,8281,1818,10099,2026-08-22T09:05:23.010Z,FALSE,"",08:40,FALSE
fare_CCU-DEL_6E_2026-08-23_T+1_1787410677126_x6wm,CCU-DEL,EaseMyTrip,6E,6E-6623,2026-08-23,T+1,8281,1818,10099,2026-08-22T09:05:23.010Z,FALSE,"",05:20,FALSE
fare_CCU-DEL_6E_2026-08-23_T+1_1787410677126_atj6,CCU-DEL,EaseMyTrip,6E,6E-146,2026-08-23,T+1,8281,1818,10099,2026-08-22T09:05:23.010Z,FALSE,"",06:00,FALSE
fare_CCU-DEL_6E_2026-08-23_T+1_1787410677126_kf6j,CCU-DEL,EaseMyTrip,6E,6E-683,2026-08-23,T+1,8281,1818,10099,2026-08-22T09:05:23.010Z,FALSE,"",06:00,FALSE
fare_CCU-DEL_6E_2026-08-23_T+1_1787410677126_sbu0,CCU-DEL,EaseMyTrip,6E,6E-427,2026-08-23,T+1,8883,1950,10833,2026-08-22T09:05:23.010Z,FALSE,"",19:15,TRUE
fare_CCU-DEL_6E_2026-08-23_T+1_1787410677126_sh91,CCU-DEL,EaseMyTrip,6E,6E-566,2026-08-23,T+1,8883,1950,10833,2026-08-22T09:05:23.010Z,FALSE,"",19:15,TRUE
fare_CCU-DEL_AI_2026-08-23_T+1_1787410677126_wjns,CCU-DEL,EaseMyTrip,AI,AI-1863,2026-08-23,T+1,9164,2012,11176,2026-08-22T09:05:23.010Z,FALSE,"",19:15,TRUE
fare_CCU-DEL_AI_2026-08-23_T+1_1787410677126_hmz9,CCU-DEL,EaseMyTrip,AI,AI-1874,2026-08-23,T+1,9164,2012,11176,2026-08-22T09:05:23.010Z,FALSE,"",12:55,TRUE
fare_CCU-DEL_6E_2026-08-23_T+1_1787410677126_cmfz,CCU-DEL,EaseMyTrip,6E,6E-902,2026-08-23,T+1,9151,2009,11160,2026-08-22T09:05:23.010Z,FALSE,"",10:45,FALSE
fare_CCU-DEL_6E_2026-08-23_T+1_1787410677126_wmod,CCU-DEL,EaseMyTrip,6E,6E-572,2026-08-23,T+1,9151,2009,11160,2026-08-22T09:05:23.010Z,FALSE,"",10:45,FALSE
fare_CCU-DEL_6E_2026-08-23_T+1_1787410677126_cslw,CCU-DEL,EaseMyTrip,6E,6E-6717,2026-08-23,T+1,9323,2047,11370,2026-08-22T09:05:23.010Z,FALSE,"",18:35,FALSE
fare_CCU-DEL_6E_2026-08-23_T+1_1787410677126_m8ir,CCU-DEL,EaseMyTrip,6E,6E-7325,2026-08-23,T+1,9323,2047,11370,2026-08-22T09:05:23.010Z,FALSE,"",16:20,FALSE
fare_CCU-DEL_6E_2026-08-23_T+1_1787410677126_km93,CCU-DEL,EaseMyTrip,6E,6E-7623,2026-08-23,T+1,9323,2047,11370,2026-08-22T09:05:23.010Z,FALSE,"",07:50,FALSE
fare_CCU-DEL_6E_2026-08-23_T+1_1787410677126_xh0i,CCU-DEL,EaseMyTrip,6E,6E-6358,2026-08-23,T+1,9400,2063,11463,2026-08-22T09:05:23.010Z,FALSE,"",12:00,TRUE
fare_CCU-DEL_6E_2026-08-23_T+1_1787410677126_yo2t,CCU-DEL,EaseMyTrip,6E,6E-6154,2026-08-23,T+1,9604,2108,11712,2026-08-22T09:05:23.010Z,FALSE,"",20:45,FALSE
fare_CCU-DEL_6E_2026-08-23_T+1_1787410677126_fcux,CCU-DEL,EaseMyTrip,6E,6E-6183,2026-08-23,T+1,10002,2196,12198,2026-08-22T09:05:23.010Z,FALSE,"",17:30,TRUE
fare_CCU-DEL_6E_2026-08-23_T+1_1787410677126_dwy2,CCU-DEL,EaseMyTrip,6E,6E-6516,2026-08-23,T+1,10002,2196,12198,2026-08-22T09:05:23.010Z,FALSE,"",16:10,TRUE
fare_CCU-DEL_AI_2026-08-23_T+1_1787410677126_ayx0,CCU-DEL,EaseMyTrip,AI,AI-1805,2026-08-23,T+1,10172,2233,12405,2026-08-22T09:05:23.010Z,FALSE,"",16:10,TRUE
fare_CCU-DEL_6E_2026-08-23_T+1_1787410677126_tp1c,CCU-DEL,EaseMyTrip,6E,6E-2275,2026-08-23,T+1,10691,2347,13038,2026-08-22T09:05:23.010Z,FALSE,"",14:00,TRUE
fare_CCU-DEL_6E_2026-08-23_T+1_1787410677126_sr2u,CCU-DEL,EaseMyTrip,6E,6E-7924,2026-08-23,T+1,10743,2358,13101,2026-08-22T09:05:23.010Z,FALSE,"",09:55,FALSE
fare_CCU-DEL_6E_2026-08-23_T+1_1787410677126_cdei,CCU-DEL,EaseMyTrip,6E,6E-205,2026-08-23,T+1,10749,2359,13108,2026-08-22T09:05:23.010Z,FALSE,"",18:05,FALSE
fare_CCU-DEL_6E_2026-08-23_T+1_1787410677126_v93i,CCU-DEL,EaseMyTrip,6E,6E-308,2026-08-23,T+1,10749,2359,13108,2026-08-22T09:05:23.010Z,FALSE,"",18:05,FALSE
fare_CCU-DEL_IX_2026-08-23_T+1_1787410677126_97nr,CCU-DEL,EaseMyTrip,IX,IX-1514,2026-08-23,T+1,11190,2456,13646,2026-08-22T09:05:23.010Z,FALSE,"",11:50,FALSE
fare_CCU-DEL_AI_2026-08-23_T+1_1787410677126_sdha,CCU-DEL,EaseMyTrip,AI,AI-9503,2026-08-23,T+1,11223,2463,13686,2026-08-22T09:05:23.010Z,FALSE,"",07:20,FALSE
fare_CCU-DEL_6E_2026-08-23_T+1_1787410677126_cax6,CCU-DEL,EaseMyTrip,6E,6E-499,2026-08-23,T+1,11949,2623,14572,2026-08-22T09:05:23.010Z,FALSE,"",18:55,FALSE
fare_CCU-DEL_6E_2026-08-23_T+1_1787410677126_u24i,CCU-DEL,EaseMyTrip,6E,6E-628,2026-08-23,T+1,11949,2623,14572,2026-08-22T09:05:23.010Z,FALSE,"",18:55,FALSE
fare_CCU-DEL_6E_2026-08-23_T+1_1787410677126_1iqk,CCU-DEL,EaseMyTrip,6E,6E-344,2026-08-23,T+1,12006,2635,14641,2026-08-22T09:05:23.010Z,FALSE,"",12:50,FALSE
fare_CCU-DEL_6E_2026-08-23_T+1_1787410677126_r50v,CCU-DEL,EaseMyTrip,6E,6E-320,2026-08-23,T+1,12100,2656,14756,2026-08-22T09:05:23.010Z,FALSE,"",14:00,FALSE
fare_CCU-DEL_6E_2026-08-23_T+1_1787410677126_8h0l,CCU-DEL,EaseMyTrip,6E,6E-433,2026-08-23,T+1,12100,2656,14756,2026-08-22T09:05:23.010Z,FALSE,"",14:00,FALSE
fare_CCU-DEL_AI_2026-08-23_T+1_1787410677126_jvm6,CCU-DEL,EaseMyTrip,AI,AI-9501,2026-08-23,T+1,12690,2785,15475,2026-08-22T09:05:23.010Z,FALSE,"",11:50,FALSE
fare_CCU-DEL_AI_2026-08-23_T+1_1787410677126_puah,CCU-DEL,EaseMyTrip,AI,AI-2792,2026-08-23,T+1,12930,2838,15768,2026-08-22T09:05:23.010Z,FALSE,"",06:00,FALSE
fare_CCU-DEL_QP_2026-08-23_T+1_1787410677126_7wlm,CCU-DEL,EaseMyTrip,QP,QP-1126,2026-08-23,T+1,12954,2843,15797,2026-08-22T09:05:23.010Z,FALSE,"",23:00,FALSE
fare_CCU-DEL_6E_2026-08-23_T+1_1787410677126_w6o6,CCU-DEL,EaseMyTrip,6E,6E-838,2026-08-23,T+1,13993,3072,17065,2026-08-22T09:05:23.010Z,FALSE,"",16:05,FALSE
fare_CCU-DEL_6E_2026-08-23_T+1_1787410677126_jnfl,CCU-DEL,EaseMyTrip,6E,6E-905,2026-08-23,T+1,13993,3072,17065,2026-08-22T09:05:23.010Z,FALSE,"",16:05,FALSE
fare_CCU-DEL_AI_2026-08-23_T+1_1787410677126_fc97,CCU-DEL,EaseMyTrip,AI,AI-2410,2026-08-23,T+1,15391,3378,18769,2026-08-22T09:05:23.010Z,FALSE,"",23:00,FALSE
fare_CCU-DEL_AI_2026-08-23_T+1_1787410677126_h7bf,CCU-DEL,EaseMyTrip,AI,AI-2772,2026-08-23,T+1,15679,3442,19121,2026-08-22T09:05:23.010Z,FALSE,"",10:30,FALSE
fare_CCU-DEL_6E_2026-08-23_T+1_1787410677126_391h,CCU-DEL,EaseMyTrip,6E,6E-939,2026-08-23,T+1,16136,3542,19678,2026-08-22T09:05:23.010Z,FALSE,"",18:05,FALSE
fare_CCU-DEL_6E_2026-08-23_T+1_1787410677126_2c6p,CCU-DEL,EaseMyTrip,6E,6E-124,2026-08-23,T+1,16416,3604,20020,2026-08-22T09:05:23.010Z,FALSE,"",16:05,FALSE
fare_CCU-DEL_6E_2026-08-23_T+1_1787410677126_mj14,CCU-DEL,EaseMyTrip,6E,6E-367,2026-08-23,T+1,16416,3604,20020,2026-08-22T09:05:23.010Z,FALSE,"",16:05,FALSE
fare_CCU-DEL_AI_2026-08-23_T+1_1787410677126_ri9v,CCU-DEL,EaseMyTrip,AI,AI-2774,2026-08-23,T+1,17591,3861,21452,2026-08-22T09:05:23.010Z,FALSE,"",17:40,FALSE
fare_CCU-DEL_6E_2026-08-23_T+1_1787410677126_gvtt,CCU-DEL,EaseMyTrip,6E,6E-893,2026-08-23,T+1,17794,3906,21700,2026-08-22T09:05:23.010Z,FALSE,"",13:30,FALSE
fare_CCU-DEL_6E_2026-08-23_T+1_1787410677126_2g9o,CCU-DEL,EaseMyTrip,6E,6E-967,2026-08-23,T+1,17794,3906,21700,2026-08-22T09:05:23.010Z,FALSE,"",13:30,FALSE
fare_CCU-DEL_6E_2026-08-23_T+1_1787410677126_pf0j,CCU-DEL,EaseMyTrip,6E,6E-764,2026-08-23,T+1,17967,3944,21911,2026-08-22T09:05:23.010Z,FALSE,"",07:10,FALSE
fare_CCU-DEL_6E_2026-08-23_T+1_1787410677126_qgsa,CCU-DEL,EaseMyTrip,6E,6E-6851,2026-08-23,T+1,18092,3972,22064,2026-08-22T09:05:23.010Z,FALSE,"",11:15,FALSE
fare_CCU-DEL_6E_2026-08-23_T+1_1787410677126_pbgz,CCU-DEL,EaseMyTrip,6E,6E-723,2026-08-23,T+1,18605,4084,22689,2026-08-22T09:05:23.010Z,FALSE,"",13:30,FALSE
fare_CCU-DEL_6E_2026-08-23_T+1_1787410677126_dbkl,CCU-DEL,EaseMyTrip,6E,6E-152,2026-08-23,T+1,18605,4084,22689,2026-08-22T09:05:23.010Z,FALSE,"",13:30,FALSE
fare_CCU-DEL_6E_2026-08-23_T+1_1787410677126_333l,CCU-DEL,EaseMyTrip,6E,6E-911,2026-08-23,T+1,18887,4146,23033,2026-08-22T09:05:23.010Z,FALSE,"",10:55,FALSE
fare_CCU-DEL_6E_2026-08-23_T+1_1787410677126_l3es,CCU-DEL,EaseMyTrip,6E,6E-874,2026-08-23,T+1,18887,4146,23033,2026-08-22T09:05:23.010Z,FALSE,"",10:55,FALSE
fare_CCU-DEL_6E_2026-08-23_T+1_1787410677126_rkav,CCU-DEL,EaseMyTrip,6E,6E-977,2026-08-23,T+1,18887,4146,23033,2026-08-22T09:05:23.010Z,FALSE,"",10:55,FALSE
fare_CCU-DEL_6E_2026-08-23_T+1_1787410677126_wo26,CCU-DEL,EaseMyTrip,6E,6E-150,2026-08-23,T+1,18887,4146,23033,2026-08-22T09:05:23.010Z,FALSE,"",10:55,FALSE
fare_CCU-DEL_6E_2026-08-23_T+1_1787410677126_2hqk,CCU-DEL,EaseMyTrip,6E,6E-6749,2026-08-23,T+1,19202,4215,23417,2026-08-22T09:05:23.010Z,FALSE,"",12:30,FALSE
fare_CCU-DEL_6E_2026-08-23_T+1_1787410677126_157p,CCU-DEL,EaseMyTrip,6E,6E-6528,2026-08-23,T+1,19748,4335,24083,2026-08-22T09:05:23.010Z,FALSE,"",17:00,FALSE
fare_CCU-DEL_6E_2026-08-23_T+1_1787410677126_ml25,CCU-DEL,EaseMyTrip,6E,6E-6908,2026-08-23,T+1,20142,4422,24564,2026-08-22T09:05:23.010Z,FALSE,"",15:00,FALSE
fare_CCU-DEL_IX_2026-08-23_T+1_1787410677126_hh44,CCU-DEL,EaseMyTrip,IX,IX-1382,2026-08-23,T+1,24352,5346,29698,2026-08-22T09:05:23.010Z,FALSE,"",22:20,FALSE
fare_CCU-DEL_AI_2026-08-23_T+1_1787410677126_lwd3,CCU-DEL,EaseMyTrip,AI,AI-9784,2026-08-23,T+1,25051,5499,30550,2026-08-22T09:05:23.010Z,FALSE,"",06:30,FALSE
fare_CCU-DEL_AI_2026-08-23_T+1_1787410677126_e3p9,CCU-DEL,EaseMyTrip,AI,AI-9782,2026-08-23,T+1,25302,5554,30856,2026-08-22T09:05:23.010Z,FALSE,"",16:35,FALSE
fare_CCU-DEL_IX_2026-08-23_T+1_1787410677126_f3qv,CCU-DEL,EaseMyTrip,IX,IX-1496,2026-08-23,T+1,26990,5925,32915,2026-08-22T09:05:23.010Z,TRUE,"High outlier: ₹32915 > upper fence ₹31339 (Q3: ₹18343, IQR: ₹8664)",11:15,FALSE
fare_CCU-DEL_IX_2026-08-23_T+1_1787410677126_6ylx,CCU-DEL,EaseMyTrip,IX,IX-1543,2026-08-23,T+1,29644,6507,36151,2026-08-22T09:05:23.010Z,TRUE,"High outlier: ₹36151 > upper fence ₹31339 (Q3: ₹18343, IQR: ₹8664)",15:15,FALSE
fare_CCU-DEL_AI_2026-08-23_T+1_1787410677126_p2nr,CCU-DEL,EaseMyTrip,AI,AI-9944,2026-08-23,T+1,30554,6707,37261,2026-08-22T09:05:23.010Z,TRUE,"High outlier: ₹37261 > upper fence ₹31339 (Q3: ₹18343, IQR: ₹8664)",06:10,FALSE
fare_CCU-DEL_AI_2026-08-23_T+1_1787410677126_u70x,CCU-DEL,EaseMyTrip,AI,AI-9440,2026-08-23,T+1,32391,7110,39501,2026-08-22T09:05:23.010Z,TRUE,"High outlier: ₹39501 > upper fence ₹31339 (Q3: ₹18343, IQR: ₹8664)",15:15,FALSE
fare_CCU-DEL_AI_2026-08-23_T+1_1787410677126_qj8c,CCU-DEL,EaseMyTrip,AI,AI-9438,2026-08-23,T+1,32460,7125,39585,2026-08-22T09:05:23.010Z,TRUE,"High outlier: ₹39585 > upper fence ₹31339 (Q3: ₹18343, IQR: ₹8664)",11:15,FALSE
fare_CCU-DEL_IX_2026-08-29_T+7_1787410677126_i33v,CCU-DEL,EaseMyTrip,IX,IX-1256,2026-08-29,T+7,5678,1246,6924,2026-08-22T09:05:28.697Z,TRUE,"Low outlier: ₹6924 < lower fence ₹7221 (Q1: ₹8365, IQR: ₹763)",12:45,FALSE
fare_CCU-DEL_SG_2026-08-29_T+7_1787410677126_hhhp,CCU-DEL,EaseMyTrip,SG,SG-487,2026-08-29,T+7,5996,1316,7312,2026-08-22T09:05:28.697Z,FALSE,"",23:20,TRUE
fare_CCU-DEL_SG_2026-08-29_T+7_1787410677126_2hl9,CCU-DEL,EaseMyTrip,SG,SG-775,2026-08-29,T+7,5996,1316,7312,2026-08-22T09:05:28.697Z,FALSE,"",23:20,TRUE
fare_CCU-DEL_6E_2026-08-29_T+7_1787410677126_t76b,CCU-DEL,EaseMyTrip,6E,6E-7924,2026-08-29,T+7,6417,1408,7825,2026-08-22T09:05:28.697Z,FALSE,"",09:55,FALSE
fare_CCU-DEL_QP_2026-08-29_T+7_1787410677126_onia,CCU-DEL,EaseMyTrip,QP,QP-1802,2026-08-29,T+7,6676,1466,8142,2026-08-22T09:05:28.697Z,FALSE,"",09:05,TRUE
fare_CCU-DEL_6E_2026-08-29_T+7_1787410677126_hdrs,CCU-DEL,EaseMyTrip,6E,6E-862,2026-08-29,T+7,6833,1500,8333,2026-08-22T09:05:28.697Z,FALSE,"",18:05,FALSE
fare_CCU-DEL_6E_2026-08-29_T+7_1787410677126_ugnh,CCU-DEL,EaseMyTrip,6E,6E-521,2026-08-29,T+7,6833,1500,8333,2026-08-22T09:05:28.697Z,FALSE,"",18:05,FALSE
fare_CCU-DEL_6E_2026-08-29_T+7_1787410677126_te3j,CCU-DEL,EaseMyTrip,6E,6E-6139,2026-08-29,T+7,6833,1500,8333,2026-08-22T09:05:28.697Z,FALSE,"",07:10,FALSE
fare_CCU-DEL_6E_2026-08-29_T+7_1787410677126_gn5h,CCU-DEL,EaseMyTrip,6E,6E-850,2026-08-29,T+7,6833,1500,8333,2026-08-22T09:05:28.697Z,FALSE,"",10:45,FALSE
fare_CCU-DEL_6E_2026-08-29_T+7_1787410677126_eemm,CCU-DEL,EaseMyTrip,6E,6E-228,2026-08-29,T+7,6833,1500,8333,2026-08-22T09:05:28.697Z,FALSE,"",10:45,FALSE
fare_CCU-DEL_6E_2026-08-29_T+7_1787410677126_0o5z,CCU-DEL,EaseMyTrip,6E,6E-498,2026-08-29,T+7,6833,1500,8333,2026-08-22T09:05:28.697Z,FALSE,"",18:05,FALSE
fare_CCU-DEL_6E_2026-08-29_T+7_1787410677126_vrm4,CCU-DEL,EaseMyTrip,6E,6E-349,2026-08-29,T+7,6833,1500,8333,2026-08-22T09:05:28.697Z,FALSE,"",18:05,FALSE
fare_CCU-DEL_6E_2026-08-29_T+7_1787410677126_23j5,CCU-DEL,EaseMyTrip,6E,6E-368,2026-08-29,T+7,6833,1500,8333,2026-08-22T09:05:28.697Z,FALSE,"",18:00,FALSE
fare_CCU-DEL_6E_2026-08-29_T+7_1787410677126_io7m,CCU-DEL,EaseMyTrip,6E,6E-404,2026-08-29,T+7,6833,1500,8333,2026-08-22T09:05:28.697Z,FALSE,"",18:00,FALSE
fare_CCU-DEL_6E_2026-08-29_T+7_1787410677126_af2j,CCU-DEL,EaseMyTrip,6E,6E-126,2026-08-29,T+7,6833,1500,8333,2026-08-22T09:05:28.697Z,FALSE,"",10:45,FALSE
fare_CCU-DEL_6E_2026-08-29_T+7_1787410677126_43k9,CCU-DEL,EaseMyTrip,6E,6E-493,2026-08-29,T+7,6833,1500,8333,2026-08-22T09:05:28.697Z,FALSE,"",10:45,FALSE
fare_CCU-DEL_6E_2026-08-29_T+7_1787410677126_aex0,CCU-DEL,EaseMyTrip,6E,6E-185,2026-08-29,T+7,6859,1506,8365,2026-08-22T09:05:28.697Z,FALSE,"",05:20,TRUE
fare_CCU-DEL_6E_2026-08-29_T+7_1787410677126_n5sp,CCU-DEL,EaseMyTrip,6E,6E-718,2026-08-29,T+7,6859,1506,8365,2026-08-22T09:05:28.697Z,FALSE,"",05:20,TRUE
fare_CCU-DEL_6E_2026-08-29_T+7_1787410677126_9hkt,CCU-DEL,EaseMyTrip,6E,6E-5190,2026-08-29,T+7,6859,1506,8365,2026-08-22T09:05:28.697Z,FALSE,"",22:30,TRUE
fare_CCU-DEL_6E_2026-08-29_T+7_1787410677126_n0tn,CCU-DEL,EaseMyTrip,6E,6E-6183,2026-08-29,T+7,6859,1506,8365,2026-08-22T09:05:28.697Z,FALSE,"",17:30,TRUE
fare_CCU-DEL_6E_2026-08-29_T+7_1787410677126_r2bb,CCU-DEL,EaseMyTrip,6E,6E-6516,2026-08-29,T+7,6859,1506,8365,2026-08-22T09:05:28.697Z,FALSE,"",16:10,TRUE
fare_CCU-DEL_6E_2026-08-29_T+7_1787410677126_7r7z,CCU-DEL,EaseMyTrip,6E,6E-2285,2026-08-29,T+7,6859,1506,8365,2026-08-22T09:05:28.697Z,FALSE,"",14:40,TRUE
fare_CCU-DEL_6E_2026-08-29_T+7_1787410677126_die8,CCU-DEL,EaseMyTrip,6E,6E-6358,2026-08-29,T+7,6859,1506,8365,2026-08-22T09:05:28.697Z,FALSE,"",12:00,TRUE
fare_CCU-DEL_6E_2026-08-29_T+7_1787410677126_v6kd,CCU-DEL,EaseMyTrip,6E,6E-866,2026-08-29,T+7,6859,1506,8365,2026-08-22T09:05:28.697Z,FALSE,"",10:15,TRUE
fare_CCU-DEL_6E_2026-08-29_T+7_1787410677126_8zu4,CCU-DEL,EaseMyTrip,6E,6E-703,2026-08-29,T+7,6859,1506,8365,2026-08-22T09:05:28.697Z,FALSE,"",10:15,TRUE
fare_CCU-DEL_6E_2026-08-29_T+7_1787410677126_7q0a,CCU-DEL,EaseMyTrip,6E,6E-135,2026-08-29,T+7,6859,1506,8365,2026-08-22T09:05:28.697Z,FALSE,"",08:25,TRUE
fare_CCU-DEL_6E_2026-08-29_T+7_1787410677126_ixth,CCU-DEL,EaseMyTrip,6E,6E-189,2026-08-29,T+7,6859,1506,8365,2026-08-22T09:05:28.697Z,FALSE,"",08:25,TRUE
fare_CCU-DEL_6E_2026-08-29_T+7_1787410677126_1nem,CCU-DEL,EaseMyTrip,6E,6E-361,2026-08-29,T+7,6859,1506,8365,2026-08-22T09:05:28.697Z,FALSE,"",07:00,TRUE
fare_CCU-DEL_6E_2026-08-29_T+7_1787410677126_hxr2,CCU-DEL,EaseMyTrip,6E,6E-363,2026-08-29,T+7,6859,1506,8365,2026-08-22T09:05:28.697Z,FALSE,"",07:00,TRUE
fare_CCU-DEL_AI_2026-08-29_T+7_1787410677126_4mfb,CCU-DEL,EaseMyTrip,AI,AI-1805,2026-08-29,T+7,7023,1542,8565,2026-08-22T09:05:28.697Z,FALSE,"",16:10,TRUE
fare_CCU-DEL_AI_2026-08-29_T+7_1787410677126_x061,CCU-DEL,EaseMyTrip,AI,AI-2704,2026-08-29,T+7,7023,1542,8565,2026-08-22T09:05:28.697Z,FALSE,"",10:30,TRUE
fare_CCU-DEL_AI_2026-08-29_T+7_1787410677126_kc0q,CCU-DEL,EaseMyTrip,AI,AI-1874,2026-08-29,T+7,7023,1542,8565,2026-08-22T09:05:28.697Z,FALSE,"",12:55,TRUE
fare_CCU-DEL_AI_2026-08-29_T+7_1787410677126_oo8b,CCU-DEL,EaseMyTrip,AI,AI-2708,2026-08-29,T+7,7023,1542,8565,2026-08-22T09:05:28.697Z,FALSE,"",21:00,TRUE
fare_CCU-DEL_AI_2026-08-29_T+7_1787410677126_wy98,CCU-DEL,EaseMyTrip,AI,AI-2710,2026-08-29,T+7,7023,1542,8565,2026-08-22T09:05:28.697Z,FALSE,"",22:00,TRUE
fare_CCU-DEL_AI_2026-08-29_T+7_1787410677126_u1ts,CCU-DEL,EaseMyTrip,AI,AI-2536,2026-08-29,T+7,7023,1542,8565,2026-08-22T09:05:28.697Z,FALSE,"",09:30,TRUE
fare_CCU-DEL_AI_2026-08-29_T+7_1787410677126_o5dv,CCU-DEL,EaseMyTrip,AI,AI-1807,2026-08-29,T+7,7023,1542,8565,2026-08-22T09:05:28.697Z,FALSE,"",15:10,TRUE
fare_CCU-DEL_6E_2026-08-29_T+7_1787410677126_7q6p,CCU-DEL,EaseMyTrip,6E,6E-6501,2026-08-29,T+7,6940,1524,8464,2026-08-22T09:05:28.697Z,FALSE,"",14:15,FALSE
fare_CCU-DEL_6E_2026-08-29_T+7_1787410677126_ebc4,CCU-DEL,EaseMyTrip,6E,6E-7215,2026-08-29,T+7,6940,1524,8464,2026-08-22T09:05:28.697Z,FALSE,"",18:00,FALSE
fare_CCU-DEL_6E_2026-08-29_T+7_1787410677126_4pif,CCU-DEL,EaseMyTrip,6E,6E-377,2026-08-29,T+7,6982,1533,8515,2026-08-22T09:05:28.697Z,FALSE,"",18:00,FALSE
fare_CCU-DEL_6E_2026-08-29_T+7_1787410677126_6h8a,CCU-DEL,EaseMyTrip,6E,6E-539,2026-08-29,T+7,6982,1533,8515,2026-08-22T09:05:28.697Z,FALSE,"",18:00,FALSE
fare_CCU-DEL_6E_2026-08-29_T+7_1787410677126_v1da,CCU-DEL,EaseMyTrip,6E,6E-136,2026-08-29,T+7,7005,1538,8543,2026-08-22T09:05:28.697Z,FALSE,"",11:40,FALSE
fare_CCU-DEL_6E_2026-08-29_T+7_1787410677126_z6zp,CCU-DEL,EaseMyTrip,6E,6E-294,2026-08-29,T+7,7005,1538,8543,2026-08-22T09:05:28.697Z,FALSE,"",11:40,FALSE
fare_CCU-DEL_6E_2026-08-29_T+7_1787410677126_ntec,CCU-DEL,EaseMyTrip,6E,6E-7317,2026-08-29,T+7,7005,1538,8543,2026-08-22T09:05:28.697Z,FALSE,"",14:05,FALSE
fare_CCU-DEL_6E_2026-08-29_T+7_1787410677126_t51l,CCU-DEL,EaseMyTrip,6E,6E-6717,2026-08-29,T+7,7005,1538,8543,2026-08-22T09:05:28.697Z,FALSE,"",18:35,FALSE
fare_CCU-DEL_6E_2026-08-29_T+7_1787410677126_1q7y,CCU-DEL,EaseMyTrip,6E,6E-7325,2026-08-29,T+7,7005,1538,8543,2026-08-22T09:05:28.697Z,FALSE,"",16:20,FALSE
fare_CCU-DEL_6E_2026-08-29_T+7_1787410677126_09s9,CCU-DEL,EaseMyTrip,6E,6E-6851,2026-08-29,T+7,7005,1538,8543,2026-08-22T09:05:28.697Z,FALSE,"",11:15,FALSE
fare_CCU-DEL_6E_2026-08-29_T+7_1787410677126_hja0,CCU-DEL,EaseMyTrip,6E,6E-2275,2026-08-29,T+7,7075,1553,8628,2026-08-22T09:05:28.697Z,FALSE,"",14:00,TRUE
fare_CCU-DEL_AI_2026-08-29_T+7_1787410677126_is5q,CCU-DEL,EaseMyTrip,AI,AI-2720,2026-08-29,T+7,7240,1589,8829,2026-08-22T09:05:28.697Z,FALSE,"",07:00,TRUE
fare_CCU-DEL_AI_2026-08-29_T+7_1787410677126_apq2,CCU-DEL,EaseMyTrip,AI,AI-2778,2026-08-29,T+7,7240,1589,8829,2026-08-22T09:05:28.697Z,FALSE,"",08:30,TRUE
fare_CCU-DEL_6E_2026-08-29_T+7_1787410677126_ytax,CCU-DEL,EaseMyTrip,6E,6E-6785,2026-08-29,T+7,7091,1557,8648,2026-08-22T09:05:28.697Z,FALSE,"",07:55,FALSE
fare_CCU-DEL_6E_2026-08-29_T+7_1787410677126_uzzg,CCU-DEL,EaseMyTrip,6E,6E-6134,2026-08-29,T+7,7091,1557,8648,2026-08-22T09:05:28.697Z,FALSE,"",16:30,FALSE
fare_CCU-DEL_6E_2026-08-29_T+7_1787410677126_78zq,CCU-DEL,EaseMyTrip,6E,6E-666,2026-08-29,T+7,7091,1557,8648,2026-08-22T09:05:28.697Z,FALSE,"",12:40,FALSE
fare_CCU-DEL_6E_2026-08-29_T+7_1787410677126_x8yw,CCU-DEL,EaseMyTrip,6E,6E-407,2026-08-29,T+7,7091,1557,8648,2026-08-22T09:05:28.697Z,FALSE,"",12:40,FALSE
fare_CCU-DEL_6E_2026-08-29_T+7_1787410677126_mlga,CCU-DEL,EaseMyTrip,6E,6E-196,2026-08-29,T+7,7091,1557,8648,2026-08-22T09:05:28.697Z,FALSE,"",11:30,FALSE
fare_CCU-DEL_6E_2026-08-29_T+7_1787410677126_2ypa,CCU-DEL,EaseMyTrip,6E,6E-581,2026-08-29,T+7,7091,1557,8648,2026-08-22T09:05:28.697Z,FALSE,"",11:30,FALSE
fare_CCU-DEL_6E_2026-08-29_T+7_1787410677126_lhm7,CCU-DEL,EaseMyTrip,6E,6E-340,2026-08-29,T+7,7113,1561,8674,2026-08-22T09:05:28.697Z,FALSE,"",18:55,FALSE
fare_CCU-DEL_6E_2026-08-29_T+7_1787410677126_ub6h,CCU-DEL,EaseMyTrip,6E,6E-345,2026-08-29,T+7,7113,1561,8674,2026-08-22T09:05:28.697Z,FALSE,"",18:55,FALSE
fare_CCU-DEL_QP_2026-08-29_T+7_1787410677126_ftym,CCU-DEL,EaseMyTrip,QP,QP-1804,2026-08-29,T+7,7177,1575,8752,2026-08-22T09:05:28.697Z,FALSE,"",20:05,TRUE
fare_CCU-DEL_6E_2026-08-29_T+7_1787410677126_gbaf,CCU-DEL,EaseMyTrip,6E,6E-2513,2026-08-29,T+7,7264,1594,8858,2026-08-22T09:05:28.697Z,FALSE,"",13:55,FALSE
fare_CCU-DEL_6E_2026-08-29_T+7_1787410677126_oalm,CCU-DEL,EaseMyTrip,6E,6E-425,2026-08-29,T+7,7264,1594,8858,2026-08-22T09:05:28.697Z,FALSE,"",14:00,FALSE
fare_CCU-DEL_6E_2026-08-29_T+7_1787410677126_wzw4,CCU-DEL,EaseMyTrip,6E,6E-202,2026-08-29,T+7,7264,1594,8858,2026-08-22T09:05:28.697Z,FALSE,"",14:00,FALSE
fare_CCU-DEL_6E_2026-08-29_T+7_1787410677126_uo4e,CCU-DEL,EaseMyTrip,6E,6E-331,2026-08-29,T+7,7264,1594,8858,2026-08-22T09:05:28.697Z,FALSE,"",12:50,FALSE
fare_CCU-DEL_6E_2026-08-29_T+7_1787410677126_5q3t,CCU-DEL,EaseMyTrip,6E,6E-452,2026-08-29,T+7,7264,1594,8858,2026-08-22T09:05:28.697Z,FALSE,"",12:50,FALSE
fare_CCU-DEL_6E_2026-08-29_T+7_1787410677126_pm9d,CCU-DEL,EaseMyTrip,6E,6E-766,2026-08-29,T+7,7285,1599,8884,2026-08-22T09:05:28.697Z,FALSE,"",06:00,FALSE
fare_CCU-DEL_6E_2026-08-29_T+7_1787410677126_nrql,CCU-DEL,EaseMyTrip,6E,6E-295,2026-08-29,T+7,7285,1599,8884,2026-08-22T09:05:28.697Z,FALSE,"",06:00,FALSE
fare_CCU-DEL_6E_2026-08-29_T+7_1787410677126_6geg,CCU-DEL,EaseMyTrip,6E,6E-6528,2026-08-29,T+7,7285,1599,8884,2026-08-22T09:05:28.697Z,FALSE,"",17:00,FALSE
fare_CCU-DEL_6E_2026-08-29_T+7_1787410677126_brr7,CCU-DEL,EaseMyTrip,6E,6E-304,2026-08-29,T+7,7285,1599,8884,2026-08-22T09:05:28.697Z,FALSE,"",16:05,FALSE
fare_CCU-DEL_6E_2026-08-29_T+7_1787410677126_51mm,CCU-DEL,EaseMyTrip,6E,6E-395,2026-08-29,T+7,7285,1599,8884,2026-08-22T09:05:28.697Z,FALSE,"",16:05,FALSE
fare_CCU-DEL_6E_2026-08-29_T+7_1787410677126_4qwt,CCU-DEL,EaseMyTrip,6E,6E-988,2026-08-29,T+7,7285,1599,8884,2026-08-22T09:05:28.697Z,FALSE,"",13:30,FALSE
fare_CCU-DEL_6E_2026-08-29_T+7_1787410677126_z7nz,CCU-DEL,EaseMyTrip,6E,6E-758,2026-08-29,T+7,7285,1599,8884,2026-08-22T09:05:28.697Z,FALSE,"",13:30,FALSE
fare_CCU-DEL_6E_2026-08-29_T+7_1787410677126_laiq,CCU-DEL,EaseMyTrip,6E,6E-6623,2026-08-29,T+7,7285,1599,8884,2026-08-22T09:05:28.697Z,FALSE,"",05:20,FALSE
fare_CCU-DEL_6E_2026-08-29_T+7_1787410677126_p1fo,CCU-DEL,EaseMyTrip,6E,6E-6154,2026-08-29,T+7,7285,1599,8884,2026-08-22T09:05:28.697Z,FALSE,"",20:45,FALSE
fare_CCU-DEL_6E_2026-08-29_T+7_1787410677126_o4rf,CCU-DEL,EaseMyTrip,6E,6E-830,2026-08-29,T+7,7285,1599,8884,2026-08-22T09:05:28.697Z,FALSE,"",06:00,FALSE
fare_CCU-DEL_6E_2026-08-29_T+7_1787410677126_jpsd,CCU-DEL,EaseMyTrip,6E,6E-785,2026-08-29,T+7,7285,1599,8884,2026-08-22T09:05:28.697Z,FALSE,"",06:00,FALSE
fare_CCU-DEL_6E_2026-08-29_T+7_1787410677126_sr7l,CCU-DEL,EaseMyTrip,6E,6E-739,2026-08-29,T+7,7333,1610,8943,2026-08-22T09:05:28.697Z,FALSE,"",19:15,TRUE
fare_CCU-DEL_6E_2026-08-29_T+7_1787410677126_001o,CCU-DEL,EaseMyTrip,6E,6E-325,2026-08-29,T+7,7333,1610,8943,2026-08-22T09:05:28.697Z,FALSE,"",19:15,TRUE
fare_CCU-DEL_AI_2026-08-29_T+7_1787410677126_wrwc,CCU-DEL,EaseMyTrip,AI,AI-1863,2026-08-29,T+7,7620,1673,9293,2026-08-22T09:05:28.697Z,FALSE,"",19:15,TRUE
fare_CCU-DEL_6E_2026-08-29_T+7_1787410677126_xzc9,CCU-DEL,EaseMyTrip,6E,6E-6185,2026-08-29,T+7,7536,1654,9190,2026-08-22T09:05:28.697Z,FALSE,"",07:05,FALSE
fare_CCU-DEL_6E_2026-08-29_T+7_1787410677126_sve4,CCU-DEL,EaseMyTrip,6E,6E-426,2026-08-29,T+7,7815,1716,9531,2026-08-22T09:05:28.697Z,FALSE,"",13:30,FALSE
fare_CCU-DEL_6E_2026-08-29_T+7_1787410677126_l2s1,CCU-DEL,EaseMyTrip,6E,6E-570,2026-08-29,T+7,7815,1716,9531,2026-08-22T09:05:28.697Z,FALSE,"",13:30,FALSE
fare_CCU-DEL_QP_2026-08-29_T+7_1787410677126_9vq3,CCU-DEL,EaseMyTrip,QP,QP-1136,2026-08-29,T+7,7851,1724,9575,2026-08-22T09:05:28.697Z,FALSE,"",05:10,FALSE
fare_CCU-DEL_6E_2026-08-29_T+7_1787410677126_2ebx,CCU-DEL,EaseMyTrip,6E,6E-7623,2026-08-29,T+7,8119,1782,9901,2026-08-22T09:05:28.697Z,FALSE,"",07:50,FALSE
fare_CCU-DEL_IX_2026-08-29_T+7_1787410677126_r3i7,CCU-DEL,EaseMyTrip,IX,IX-1514,2026-08-29,T+7,8466,1858,10324,2026-08-22T09:05:28.697Z,TRUE,"High outlier: ₹10324 > upper fence ₹10273 (Q3: ₹9128, IQR: ₹763)",11:50,FALSE
fare_CCU-DEL_IX_2026-08-29_T+7_1787410677126_qvo2,CCU-DEL,EaseMyTrip,IX,IX-1517,2026-08-29,T+7,8466,1858,10324,2026-08-22T09:05:28.697Z,TRUE,"High outlier: ₹10324 > upper fence ₹10273 (Q3: ₹9128, IQR: ₹763)",07:20,FALSE
fare_CCU-DEL_QP_2026-08-29_T+7_1787410677126_2xw2,CCU-DEL,EaseMyTrip,QP,QP-1126,2026-08-29,T+7,8535,1874,10409,2026-08-22T09:05:28.697Z,TRUE,"High outlier: ₹10409 > upper fence ₹10273 (Q3: ₹9128, IQR: ₹763)",23:00,FALSE
fare_CCU-DEL_IX_2026-08-29_T+7_1787410677126_1qh0,CCU-DEL,EaseMyTrip,IX,IX-1382,2026-08-29,T+7,9458,2076,11534,2026-08-22T09:05:28.697Z,TRUE,"High outlier: ₹11534 > upper fence ₹10273 (Q3: ₹9128, IQR: ₹763)",22:20,FALSE
fare_CCU-DEL_IX_2026-08-29_T+7_1787410677126_fd4d,CCU-DEL,EaseMyTrip,IX,IX-1543,2026-08-29,T+7,9458,2076,11534,2026-08-22T09:05:28.697Z,TRUE,"High outlier: ₹11534 > upper fence ₹10273 (Q3: ₹9128, IQR: ₹763)",15:15,FALSE
fare_CCU-DEL_6E_2026-08-29_T+7_1787410677126_dz32,CCU-DEL,EaseMyTrip,6E,6E-190,2026-08-29,T+7,11114,2440,13554,2026-08-22T09:05:28.697Z,TRUE,"High outlier: ₹13554 > upper fence ₹10273 (Q3: ₹9128, IQR: ₹763)",11:25,FALSE
fare_CCU-DEL_6E_2026-08-29_T+7_1787410677126_f0n4,CCU-DEL,EaseMyTrip,6E,6E-463,2026-08-29,T+7,11114,2440,13554,2026-08-22T09:05:28.697Z,TRUE,"High outlier: ₹13554 > upper fence ₹10273 (Q3: ₹9128, IQR: ₹763)",11:25,FALSE
fare_CCU-DEL_AI_2026-08-29_T+7_1787410677126_67oi,CCU-DEL,EaseMyTrip,AI,AI-9501,2026-08-29,T+7,11309,2482,13791,2026-08-22T09:05:28.697Z,TRUE,"High outlier: ₹13791 > upper fence ₹10273 (Q3: ₹9128, IQR: ₹763)",11:50,FALSE
fare_CCU-DEL_AI_2026-08-29_T+7_1787410677126_6wkb,CCU-DEL,EaseMyTrip,AI,AI-9503,2026-08-29,T+7,11309,2482,13791,2026-08-22T09:05:28.697Z,TRUE,"High outlier: ₹13791 > upper fence ₹10273 (Q3: ₹9128, IQR: ₹763)",07:20,FALSE
fare_CCU-DEL_6E_2026-08-29_T+7_1787410677126_ocao,CCU-DEL,EaseMyTrip,6E,6E-6908,2026-08-29,T+7,12512,2747,15259,2026-08-22T09:05:28.697Z,TRUE,"High outlier: ₹15259 > upper fence ₹10273 (Q3: ₹9128, IQR: ₹763)",15:00,FALSE
fare_CCU-DEL_AI_2026-08-29_T+7_1787410677126_p084,CCU-DEL,EaseMyTrip,AI,AI-2772,2026-08-29,T+7,12711,2790,15501,2026-08-22T09:05:28.697Z,TRUE,"High outlier: ₹15501 > upper fence ₹10273 (Q3: ₹9128, IQR: ₹763)",10:30,FALSE
fare_CCU-DEL_AI_2026-08-29_T+7_1787410677126_80hp,CCU-DEL,EaseMyTrip,AI,AI-2774,2026-08-29,T+7,12930,2838,15768,2026-08-22T09:05:28.697Z,TRUE,"High outlier: ₹15768 > upper fence ₹10273 (Q3: ₹9128, IQR: ₹763)",17:40,FALSE
fare_CCU-DEL_AI_2026-08-29_T+7_1787410677126_9glr,CCU-DEL,EaseMyTrip,AI,AI-2792,2026-08-29,T+7,12930,2838,15768,2026-08-22T09:05:28.697Z,TRUE,"High outlier: ₹15768 > upper fence ₹10273 (Q3: ₹9128, IQR: ₹763)",06:00,FALSE
fare_CCU-DEL_AI_2026-08-29_T+7_1787410677126_4i69,CCU-DEL,EaseMyTrip,AI,AI-9784,2026-08-29,T+7,13266,2912,16178,2026-08-22T09:05:28.697Z,TRUE,"High outlier: ₹16178 > upper fence ₹10273 (Q3: ₹9128, IQR: ₹763)",06:30,FALSE
fare_CCU-DEL_6E_2026-08-29_T+7_1787410677126_wc7z,CCU-DEL,EaseMyTrip,6E,6E-6513,2026-08-29,T+7,13566,2978,16544,2026-08-22T09:05:28.697Z,TRUE,"High outlier: ₹16544 > upper fence ₹10273 (Q3: ₹9128, IQR: ₹763)",08:40,FALSE
fare_CCU-DEL_AI_2026-08-29_T+7_1787410677126_iz0d,CCU-DEL,EaseMyTrip,AI,AI-9782,2026-08-29,T+7,13880,3047,16927,2026-08-22T09:05:28.697Z,TRUE,"High outlier: ₹16927 > upper fence ₹10273 (Q3: ₹9128, IQR: ₹763)",16:35,FALSE
fare_CCU-DEL_IX_2026-08-29_T+7_1787410677126_pm5s,CCU-DEL,EaseMyTrip,IX,IX-1496,2026-08-29,T+7,14112,3098,17210,2026-08-22T09:05:28.697Z,TRUE,"High outlier: ₹17210 > upper fence ₹10273 (Q3: ₹9128, IQR: ₹763)",11:15,FALSE
fare_CCU-DEL_AI_2026-08-29_T+7_1787410677126_0chi,CCU-DEL,EaseMyTrip,AI,AI-9440,2026-08-29,T+7,15197,3336,18533,2026-08-22T09:05:28.697Z,TRUE,"High outlier: ₹18533 > upper fence ₹10273 (Q3: ₹9128, IQR: ₹763)",15:15,FALSE
fare_CCU-DEL_AI_2026-08-29_T+7_1787410677126_9lr2,CCU-DEL,EaseMyTrip,AI,AI-9438,2026-08-29,T+7,15730,3453,19183,2026-08-22T09:05:28.697Z,TRUE,"High outlier: ₹19183 > upper fence ₹10273 (Q3: ₹9128, IQR: ₹763)",11:15,FALSE
fare_CCU-DEL_AI_2026-08-29_T+7_1787410677126_32nd,CCU-DEL,EaseMyTrip,AI,AI-9944,2026-08-29,T+7,27415,6018,33433,2026-08-22T09:05:28.697Z,TRUE,"High outlier: ₹33433 > upper fence ₹10273 (Q3: ₹9128, IQR: ₹763)",06:10,FALSE
fare_DEL-BLR_AI_2026-08-23_T+1_1787410677127_dy93,DEL-BLR,EaseMyTrip,AI,AI-2653,2026-08-23,T+1,7505,1647,9152,2026-08-22T09:04:23.313Z,FALSE,"",04:30,TRUE
fare_DEL-BLR_AI_2026-08-23_T+1_1787410677127_bkmx,DEL-BLR,EaseMyTrip,AI,AI-2757,2026-08-23,T+1,7505,1647,9152,2026-08-22T09:04:23.313Z,FALSE,"",00:15,TRUE
fare_DEL-BLR_AI_2026-08-23_T+1_1787410677127_cxzp,DEL-BLR,EaseMyTrip,AI,AI-2502,2026-08-23,T+1,7505,1647,9152,2026-08-22T09:04:23.313Z,FALSE,"",03:15,TRUE
fare_DEL-BLR_AI_2026-08-23_T+1_1787410677127_45io,DEL-BLR,EaseMyTrip,AI,AI-2803,2026-08-23,T+1,7505,1647,9152,2026-08-22T09:04:23.313Z,FALSE,"",06:30,TRUE
fare_DEL-BLR_6E_2026-08-23_T+1_1787410677127_w1kq,DEL-BLR,EaseMyTrip,6E,6E-109,2026-08-23,T+1,7493,1645,9138,2026-08-22T09:04:23.313Z,FALSE,"",03:00,TRUE
fare_DEL-BLR_6E_2026-08-23_T+1_1787410677127_t1k1,DEL-BLR,EaseMyTrip,6E,6E-824,2026-08-23,T+1,7493,1645,9138,2026-08-22T09:04:23.313Z,FALSE,"",03:00,TRUE
fare_DEL-BLR_6E_2026-08-23_T+1_1787410677127_bcag,DEL-BLR,EaseMyTrip,6E,6E-2314,2026-08-23,T+1,7493,1645,9138,2026-08-22T09:04:23.313Z,FALSE,"",05:45,TRUE
fare_DEL-BLR_IX_2026-08-23_T+1_1787410677127_twku,DEL-BLR,EaseMyTrip,IX,IX-1392,2026-08-23,T+1,7794,1711,9505,2026-08-22T09:04:23.313Z,FALSE,"",23:25,FALSE
fare_DEL-BLR_QP_2026-08-23_T+1_1787410677127_kw9a,DEL-BLR,EaseMyTrip,QP,QP-1350,2026-08-23,T+1,7816,1716,9532,2026-08-22T09:04:23.313Z,FALSE,"",21:55,TRUE
fare_DEL-BLR_QP_2026-08-23_T+1_1787410677127_6xn8,DEL-BLR,EaseMyTrip,QP,QP-1812,2026-08-23,T+1,7816,1716,9532,2026-08-22T09:04:23.313Z,FALSE,"",22:55,TRUE
fare_DEL-BLR_6E_2026-08-23_T+1_1787410677127_1xcw,DEL-BLR,EaseMyTrip,6E,6E-181,2026-08-23,T+1,7891,1732,9623,2026-08-22T09:04:23.313Z,FALSE,"",23:30,TRUE
fare_DEL-BLR_6E_2026-08-23_T+1_1787410677127_hxj9,DEL-BLR,EaseMyTrip,6E,6E-409,2026-08-23,T+1,7891,1732,9623,2026-08-22T09:04:23.313Z,FALSE,"",23:30,TRUE
fare_DEL-BLR_6E_2026-08-23_T+1_1787410677127_2gxy,DEL-BLR,EaseMyTrip,6E,6E-804,2026-08-23,T+1,7891,1732,9623,2026-08-22T09:04:23.313Z,FALSE,"",07:05,TRUE
fare_DEL-BLR_6E_2026-08-23_T+1_1787410677127_ii5s,DEL-BLR,EaseMyTrip,6E,6E-914,2026-08-23,T+1,7891,1732,9623,2026-08-22T09:04:23.313Z,FALSE,"",07:05,TRUE
fare_DEL-BLR_IX_2026-08-23_T+1_1787410677127_vi4d,DEL-BLR,EaseMyTrip,IX,IX-1230,2026-08-23,T+1,8123,1783,9906,2026-08-22T09:04:23.313Z,FALSE,"",04:25,FALSE
fare_DEL-BLR_AI_2026-08-23_T+1_1787410677127_edcp,DEL-BLR,EaseMyTrip,AI,AI-2755,2026-08-23,T+1,8421,1848,10269,2026-08-22T09:04:23.313Z,FALSE,"",22:30,TRUE
fare_DEL-BLR_6E_2026-08-23_T+1_1787410677127_0ufy,DEL-BLR,EaseMyTrip,6E,6E-736,2026-08-23,T+1,8312,1825,10137,2026-08-22T09:04:23.313Z,FALSE,"",22:00,TRUE
fare_DEL-BLR_6E_2026-08-23_T+1_1787410677127_z5kf,DEL-BLR,EaseMyTrip,6E,6E-459,2026-08-23,T+1,8312,1825,10137,2026-08-22T09:04:23.313Z,FALSE,"",22:00,TRUE
fare_DEL-BLR_AI_2026-08-23_T+1_1787410677127_hycz,DEL-BLR,EaseMyTrip,AI,AI-2412,2026-08-23,T+1,8635,1896,10531,2026-08-22T09:04:23.313Z,FALSE,"",21:30,TRUE
fare_DEL-BLR_IX_2026-08-23_T+1_1787410677127_h2j1,DEL-BLR,EaseMyTrip,IX,IX-1482,2026-08-23,T+1,8760,1923,10683,2026-08-22T09:04:23.313Z,FALSE,"",08:30,TRUE
fare_DEL-BLR_AI_2026-08-23_T+1_1787410677127_qnle,DEL-BLR,EaseMyTrip,AI,AI-427,2026-08-23,T+1,8850,1943,10793,2026-08-22T09:04:23.313Z,FALSE,"",08:30,TRUE
fare_DEL-BLR_QP_2026-08-23_T+1_1787410677127_e9gi,DEL-BLR,EaseMyTrip,QP,QP-1824,2026-08-23,T+1,8748,1920,10668,2026-08-22T09:04:23.313Z,FALSE,"",20:10,TRUE
fare_DEL-BLR_6E_2026-08-23_T+1_1787410677127_60gr,DEL-BLR,EaseMyTrip,6E,6E-6515,2026-08-23,T+1,8761,1923,10684,2026-08-22T09:04:23.313Z,FALSE,"",20:45,TRUE
fare_DEL-BLR_AI_2026-08-23_T+1_1787410677127_k9jv,DEL-BLR,EaseMyTrip,AI,AI-2735,2026-08-23,T+1,9218,2024,11242,2026-08-22T09:04:23.313Z,FALSE,"",15:40,FALSE
fare_DEL-BLR_AI_2026-08-23_T+1_1787410677127_g9dt,DEL-BLR,EaseMyTrip,AI,AI-2907,2026-08-23,T+1,9218,2024,11242,2026-08-22T09:04:23.313Z,FALSE,"",11:55,FALSE
fare_DEL-BLR_6E_2026-08-23_T+1_1787410677127_92no,DEL-BLR,EaseMyTrip,6E,6E-908,2026-08-23,T+1,9238,2028,11266,2026-08-22T09:04:23.313Z,FALSE,"",09:30,TRUE
fare_DEL-BLR_6E_2026-08-23_T+1_1787410677127_2ach,DEL-BLR,EaseMyTrip,6E,6E-980,2026-08-23,T+1,9238,2028,11266,2026-08-22T09:04:23.313Z,FALSE,"",09:30,TRUE
fare_DEL-BLR_6E_2026-08-23_T+1_1787410677127_226t,DEL-BLR,EaseMyTrip,6E,6E-507,2026-08-23,T+1,9238,2028,11266,2026-08-22T09:04:23.313Z,FALSE,"",08:20,TRUE
fare_DEL-BLR_6E_2026-08-23_T+1_1787410677127_2dax,DEL-BLR,EaseMyTrip,6E,6E-851,2026-08-23,T+1,9238,2028,11266,2026-08-22T09:04:23.313Z,FALSE,"",08:20,TRUE
fare_DEL-BLR_IX_2026-08-23_T+1_1787410677127_dhf0,DEL-BLR,EaseMyTrip,IX,IX-1074,2026-08-23,T+1,9509,2087,11596,2026-08-22T09:04:23.313Z,FALSE,"",10:55,FALSE
fare_DEL-BLR_AI_2026-08-23_T+1_1787410677127_055o,DEL-BLR,EaseMyTrip,AI,AI-2609,2026-08-23,T+1,9508,2087,11595,2026-08-22T09:04:23.313Z,FALSE,"",23:50,FALSE
fare_DEL-BLR_AI_2026-08-23_T+1_1787410677127_1d32,DEL-BLR,EaseMyTrip,AI,AI-1797,2026-08-23,T+1,9508,2087,11595,2026-08-22T09:04:23.313Z,FALSE,"",05:45,FALSE
fare_DEL-BLR_AI_2026-08-23_T+1_1787410677127_a1fc,DEL-BLR,EaseMyTrip,AI,AI-2469,2026-08-23,T+1,9508,2087,11595,2026-08-22T09:04:23.313Z,FALSE,"",04:45,FALSE
fare_DEL-BLR_AI_2026-08-23_T+1_1787410677127_5jay,DEL-BLR,EaseMyTrip,AI,AI-2711,2026-08-23,T+1,9508,2087,11595,2026-08-22T09:04:23.313Z,FALSE,"",02:10,FALSE
fare_DEL-BLR_AI_2026-08-23_T+1_1787410677127_kwo5,DEL-BLR,EaseMyTrip,AI,AI-2415,2026-08-23,T+1,9548,2096,11644,2026-08-22T09:04:23.313Z,FALSE,"",09:30,TRUE
fare_DEL-BLR_QP_2026-08-23_T+1_1787410677127_as83,DEL-BLR,EaseMyTrip,QP,QP-1308,2026-08-23,T+1,9435,2071,11506,2026-08-22T09:04:23.313Z,FALSE,"",20:55,TRUE
fare_DEL-BLR_6E_2026-08-23_T+1_1787410677127_2a8a,DEL-BLR,EaseMyTrip,6E,6E-7646,2026-08-23,T+1,9447,2074,11521,2026-08-22T09:04:23.313Z,FALSE,"",06:15,FALSE
fare_DEL-BLR_6E_2026-08-23_T+1_1787410677127_bxtn,DEL-BLR,EaseMyTrip,6E,6E-2343,2026-08-23,T+1,9473,2079,11552,2026-08-22T09:04:23.313Z,FALSE,"",02:20,FALSE
fare_DEL-BLR_AI_2026-08-23_T+1_1787410677127_wra9,DEL-BLR,EaseMyTrip,AI,AI-2809,2026-08-23,T+1,9880,2169,12049,2026-08-22T09:04:23.313Z,FALSE,"",19:30,TRUE
fare_DEL-BLR_6E_2026-08-23_T+1_1787410677127_756r,DEL-BLR,EaseMyTrip,6E,6E-309,2026-08-23,T+1,9743,2139,11882,2026-08-22T09:04:23.313Z,FALSE,"",19:30,TRUE
fare_DEL-BLR_6E_2026-08-23_T+1_1787410677127_aexc,DEL-BLR,EaseMyTrip,6E,6E-648,2026-08-23,T+1,9743,2139,11882,2026-08-22T09:04:23.313Z,FALSE,"",19:30,TRUE
fare_DEL-BLR_6E_2026-08-23_T+1_1787410677127_bapj,DEL-BLR,EaseMyTrip,6E,6E-619,2026-08-23,T+1,9743,2139,11882,2026-08-22T09:04:23.313Z,FALSE,"",10:45,TRUE
fare_DEL-BLR_6E_2026-08-23_T+1_1787410677127_9qg2,DEL-BLR,EaseMyTrip,6E,6E-843,2026-08-23,T+1,9743,2139,11882,2026-08-22T09:04:23.313Z,FALSE,"",10:45,TRUE
fare_DEL-BLR_6E_2026-08-23_T+1_1787410677127_hg6h,DEL-BLR,EaseMyTrip,6E,6E-2456,2026-08-23,T+1,9765,2143,11908,2026-08-22T09:04:23.313Z,FALSE,"",14:55,TRUE
fare_DEL-BLR_AI_2026-08-23_T+1_1787410677127_fsa5,DEL-BLR,EaseMyTrip,AI,AI-2512,2026-08-23,T+1,10051,2206,12257,2026-08-22T09:04:23.313Z,FALSE,"",19:00,TRUE
fare_DEL-BLR_IX_2026-08-23_T+1_1787410677127_uxpb,DEL-BLR,EaseMyTrip,IX,IX-1812,2026-08-23,T+1,10337,2269,12606,2026-08-22T09:04:23.313Z,FALSE,"",07:10,FALSE
fare_DEL-BLR_6E_2026-08-23_T+1_1787410677127_l6pd,DEL-BLR,EaseMyTrip,6E,6E-402,2026-08-23,T+1,10282,2257,12539,2026-08-22T09:04:23.313Z,FALSE,"",18:20,TRUE
fare_DEL-BLR_6E_2026-08-23_T+1_1787410677127_zuce,DEL-BLR,EaseMyTrip,6E,6E-960,2026-08-23,T+1,10282,2257,12539,2026-08-22T09:04:23.313Z,FALSE,"",18:20,TRUE
fare_DEL-BLR_6E_2026-08-23_T+1_1787410677127_uukq,DEL-BLR,EaseMyTrip,6E,6E-2618,2026-08-23,T+1,10605,2328,12933,2026-08-22T09:04:23.313Z,FALSE,"",23:00,FALSE
fare_DEL-BLR_AI_2026-08-23_T+1_1787410677127_79yd,DEL-BLR,EaseMyTrip,AI,AI-2487,2026-08-23,T+1,10909,2395,13304,2026-08-22T09:04:23.313Z,FALSE,"",18:30,TRUE
fare_DEL-BLR_IX_2026-08-23_T+1_1787410677127_h2k1,DEL-BLR,EaseMyTrip,IX,IX-1035,2026-08-23,T+1,10985,2411,13396,2026-08-22T09:04:23.313Z,FALSE,"",08:10,FALSE
fare_DEL-BLR_IX_2026-08-23_T+1_1787410677127_v84l,DEL-BLR,EaseMyTrip,IX,IX-1032,2026-08-23,T+1,10985,2411,13396,2026-08-22T09:04:23.313Z,FALSE,"",05:45,FALSE
fare_DEL-BLR_6E_2026-08-23_T+1_1787410677127_qad5,DEL-BLR,EaseMyTrip,6E,6E-7628,2026-08-23,T+1,10863,2384,13247,2026-08-22T09:04:23.313Z,FALSE,"",15:05,FALSE
fare_DEL-BLR_AI_2026-08-23_T+1_1787410677127_sv75,DEL-BLR,EaseMyTrip,AI,AI-2999,2026-08-23,T+1,11041,2424,13465,2026-08-22T09:04:23.313Z,FALSE,"",22:00,FALSE
fare_DEL-BLR_AI_2026-08-23_T+1_1787410677127_651a,DEL-BLR,EaseMyTrip,AI,AI-2943,2026-08-23,T+1,11041,2424,13465,2026-08-22T09:04:23.313Z,FALSE,"",07:30,FALSE
fare_DEL-BLR_AI_2026-08-23_T+1_1787410677127_cjsg,DEL-BLR,EaseMyTrip,AI,AI-2425,2026-08-23,T+1,11041,2424,13465,2026-08-22T09:04:23.313Z,FALSE,"",10:30,FALSE
fare_DEL-BLR_AI_2026-08-23_T+1_1787410677127_fgk7,DEL-BLR,EaseMyTrip,AI,AI-2933,2026-08-23,T+1,11041,2424,13465,2026-08-22T09:04:23.313Z,FALSE,"",15:30,FALSE
fare_DEL-BLR_AI_2026-08-23_T+1_1787410677127_6ekh,DEL-BLR,EaseMyTrip,AI,AI-2496,2026-08-23,T+1,11059,2427,13486,2026-08-22T09:04:23.313Z,FALSE,"",03:00,FALSE
fare_DEL-BLR_AI_2026-08-23_T+1_1787410677127_83w7,DEL-BLR,EaseMyTrip,AI,AI-2819,2026-08-23,T+1,11096,2436,13532,2026-08-22T09:04:23.313Z,FALSE,"",15:00,TRUE
fare_DEL-BLR_6E_2026-08-23_T+1_1787410677127_8upb,DEL-BLR,EaseMyTrip,6E,6E-6433,2026-08-23,T+1,10993,2413,13406,2026-08-22T09:04:23.313Z,FALSE,"",16:30,FALSE
fare_DEL-BLR_AI_2026-08-23_T+1_1787410677127_xddq,DEL-BLR,EaseMyTrip,AI,AI-2973,2026-08-23,T+1,11182,2455,13637,2026-08-22T09:04:23.313Z,FALSE,"",20:50,FALSE
fare_DEL-BLR_6E_2026-08-23_T+1_1787410677127_dtly,DEL-BLR,EaseMyTrip,6E,6E-6470,2026-08-23,T+1,11159,2449,13608,2026-08-22T09:04:23.313Z,FALSE,"",06:55,FALSE
fare_DEL-BLR_AI_2026-08-23_T+1_1787410677127_kjj9,DEL-BLR,EaseMyTrip,AI,AI-1730,2026-08-23,T+1,11346,2491,13837,2026-08-22T09:04:23.313Z,FALSE,"",19:10,FALSE
fare_DEL-BLR_AI_2026-08-23_T+1_1787410677127_ey2r,DEL-BLR,EaseMyTrip,AI,AI-415,2026-08-23,T+1,11350,2491,13841,2026-08-22T09:04:23.313Z,FALSE,"",12:40,FALSE
fare_DEL-BLR_6E_2026-08-23_T+1_1787410677127_iwxv,DEL-BLR,EaseMyTrip,6E,6E-7626,2026-08-23,T+1,11223,2464,13687,2026-08-22T09:04:23.313Z,FALSE,"",10:30,FALSE
fare_DEL-BLR_6E_2026-08-23_T+1_1787410677127_cwjk,DEL-BLR,EaseMyTrip,6E,6E-2491,2026-08-23,T+1,11250,2469,13719,2026-08-22T09:04:23.313Z,FALSE,"",15:15,FALSE
fare_DEL-BLR_6E_2026-08-23_T+1_1787410677127_9lnd,DEL-BLR,EaseMyTrip,6E,6E-5073,2026-08-23,T+1,11319,2485,13804,2026-08-22T09:04:23.313Z,FALSE,"",17:05,FALSE
fare_DEL-BLR_6E_2026-08-23_T+1_1787410677127_fvyt,DEL-BLR,EaseMyTrip,6E,6E-5119,2026-08-23,T+1,11319,2485,13804,2026-08-22T09:04:23.313Z,FALSE,"",05:10,FALSE
fare_DEL-BLR_6E_2026-08-23_T+1_1787410677127_vimx,DEL-BLR,EaseMyTrip,6E,6E-6673,2026-08-23,T+1,11319,2485,13804,2026-08-22T09:04:23.313Z,FALSE,"",21:15,FALSE
fare_DEL-BLR_6E_2026-08-23_T+1_1787410677127_m285,DEL-BLR,EaseMyTrip,6E,6E-6488,2026-08-23,T+1,11319,2485,13804,2026-08-22T09:04:23.313Z,FALSE,"",11:20,FALSE
fare_DEL-BLR_6E_2026-08-23_T+1_1787410677127_2dyz,DEL-BLR,EaseMyTrip,6E,6E-617,2026-08-23,T+1,11319,2485,13804,2026-08-22T09:04:23.313Z,FALSE,"",15:30,FALSE
fare_DEL-BLR_6E_2026-08-23_T+1_1787410677127_rbx0,DEL-BLR,EaseMyTrip,6E,6E-868,2026-08-23,T+1,11319,2485,13804,2026-08-22T09:04:23.313Z,FALSE,"",15:30,FALSE
fare_DEL-BLR_AI_2026-08-23_T+1_1787410677127_4x85,DEL-BLR,EaseMyTrip,AI,AI-2971,2026-08-23,T+1,11484,2521,14005,2026-08-22T09:04:23.313Z,FALSE,"",16:00,FALSE
fare_DEL-BLR_AI_2026-08-23_T+1_1787410677127_zv6x,DEL-BLR,EaseMyTrip,AI,AI-2420,2026-08-23,T+1,11512,2527,14039,2026-08-22T09:04:23.313Z,FALSE,"",18:00,TRUE
fare_DEL-BLR_6E_2026-08-23_T+1_1787410677127_2apx,DEL-BLR,EaseMyTrip,6E,6E-2037,2026-08-23,T+1,11384,2499,13883,2026-08-22T09:04:23.313Z,FALSE,"",17:45,FALSE
fare_DEL-BLR_6E_2026-08-23_T+1_1787410677127_wi0d,DEL-BLR,EaseMyTrip,6E,6E-6476,2026-08-23,T+1,11384,2499,13883,2026-08-22T09:04:23.313Z,FALSE,"",07:05,FALSE
fare_DEL-BLR_6E_2026-08-23_T+1_1787410677127_9ujd,DEL-BLR,EaseMyTrip,6E,6E-629,2026-08-23,T+1,11384,2499,13883,2026-08-22T09:04:23.313Z,FALSE,"",12:15,FALSE
fare_DEL-BLR_6E_2026-08-23_T+1_1787410677127_sy3n,DEL-BLR,EaseMyTrip,6E,6E-669,2026-08-23,T+1,11384,2499,13883,2026-08-22T09:04:23.313Z,FALSE,"",12:15,FALSE
fare_DEL-BLR_6E_2026-08-23_T+1_1787410677127_jvkc,DEL-BLR,EaseMyTrip,6E,6E-7642,2026-08-23,T+1,11422,2507,13929,2026-08-22T09:04:23.313Z,FALSE,"",15:45,FALSE
fare_DEL-BLR_6E_2026-08-23_T+1_1787410677127_7uky,DEL-BLR,EaseMyTrip,6E,6E-7624,2026-08-23,T+1,11422,2507,13929,2026-08-22T09:04:23.313Z,FALSE,"",05:50,FALSE
fare_DEL-BLR_6E_2026-08-23_T+1_1787410677127_gkki,DEL-BLR,EaseMyTrip,6E,6E-220,2026-08-23,T+1,11459,2515,13974,2026-08-22T09:04:23.313Z,FALSE,"",15:45,TRUE
fare_DEL-BLR_6E_2026-08-23_T+1_1787410677127_jdex,DEL-BLR,EaseMyTrip,6E,6E-198,2026-08-23,T+1,11459,2515,13974,2026-08-22T09:04:23.313Z,FALSE,"",15:45,TRUE
fare_DEL-BLR_6E_2026-08-23_T+1_1787410677127_0q5p,DEL-BLR,EaseMyTrip,6E,6E-892,2026-08-23,T+1,11459,2515,13974,2026-08-22T09:04:23.313Z,FALSE,"",17:00,TRUE
fare_DEL-BLR_6E_2026-08-23_T+1_1787410677127_83dx,DEL-BLR,EaseMyTrip,6E,6E-365,2026-08-23,T+1,11459,2515,13974,2026-08-22T09:04:23.313Z,FALSE,"",17:00,TRUE
fare_DEL-BLR_6E_2026-08-23_T+1_1787410677127_g5pv,DEL-BLR,EaseMyTrip,6E,6E-2364,2026-08-23,T+1,11513,2527,14040,2026-08-22T09:04:23.313Z,FALSE,"",04:50,FALSE
fare_DEL-BLR_AI_2026-08-23_T+1_1787410677127_r6fi,DEL-BLR,EaseMyTrip,AI,AI-2485,2026-08-23,T+1,11715,2571,14286,2026-08-22T09:04:23.313Z,FALSE,"",12:00,TRUE
fare_DEL-BLR_6E_2026-08-23_T+1_1787410677127_5q0r,DEL-BLR,EaseMyTrip,6E,6E-5191,2026-08-23,T+1,11664,2560,14224,2026-08-22T09:04:23.313Z,FALSE,"",04:45,FALSE
fare_DEL-BLR_AI_2026-08-23_T+1_1787410677127_n4ip,DEL-BLR,EaseMyTrip,AI,AI-2525,2026-08-23,T+1,11885,2609,14494,2026-08-22T09:04:23.313Z,FALSE,"",06:00,FALSE
fare_DEL-BLR_QP_2026-08-23_T+1_1787410677127_2wfd,DEL-BLR,EaseMyTrip,QP,QP-1942,2026-08-23,T+1,12041,2643,14684,2026-08-22T09:04:23.313Z,FALSE,"",21:05,FALSE
fare_DEL-BLR_QP_2026-08-23_T+1_1787410677127_2f13,DEL-BLR,EaseMyTrip,QP,QP-1940,2026-08-23,T+1,12041,2643,14684,2026-08-22T09:04:23.313Z,FALSE,"",14:10,FALSE
fare_DEL-BLR_6E_2026-08-23_T+1_1787410677127_infd,DEL-BLR,EaseMyTrip,6E,6E-852,2026-08-23,T+1,12102,2657,14759,2026-08-22T09:04:23.313Z,FALSE,"",14:30,TRUE
fare_DEL-BLR_6E_2026-08-23_T+1_1787410677127_54o8,DEL-BLR,EaseMyTrip,6E,6E-384,2026-08-23,T+1,12102,2657,14759,2026-08-22T09:04:23.313Z,FALSE,"",14:30,TRUE
fare_DEL-BLR_6E_2026-08-23_T+1_1787410677127_y6qe,DEL-BLR,EaseMyTrip,6E,6E-351,2026-08-23,T+1,12102,2657,14759,2026-08-22T09:04:23.313Z,FALSE,"",13:15,TRUE
fare_DEL-BLR_6E_2026-08-23_T+1_1787410677127_wga2,DEL-BLR,EaseMyTrip,6E,6E-208,2026-08-23,T+1,12102,2657,14759,2026-08-22T09:04:23.313Z,FALSE,"",13:15,TRUE
fare_DEL-BLR_6E_2026-08-23_T+1_1787410677127_9htj,DEL-BLR,EaseMyTrip,6E,6E-984,2026-08-23,T+1,12158,2669,14827,2026-08-22T09:04:23.313Z,FALSE,"",20:45,FALSE
fare_DEL-BLR_6E_2026-08-23_T+1_1787410677127_02nr,DEL-BLR,EaseMyTrip,6E,6E-271,2026-08-23,T+1,12158,2669,14827,2026-08-22T09:04:23.313Z,FALSE,"",20:45,FALSE
fare_DEL-BLR_6E_2026-08-23_T+1_1787410677127_kyej,DEL-BLR,EaseMyTrip,6E,6E-2151,2026-08-23,T+1,12199,2678,14877,2026-08-22T09:04:23.313Z,FALSE,"",19:45,FALSE
fare_DEL-BLR_6E_2026-08-23_T+1_1787410677127_f5ww,DEL-BLR,EaseMyTrip,6E,6E-2519,2026-08-23,T+1,12235,2686,14921,2026-08-22T09:04:23.313Z,FALSE,"",13:00,TRUE
fare_DEL-BLR_QP_2026-08-23_T+1_1787410677127_mtyv,DEL-BLR,EaseMyTrip,QP,QP-1822,2026-08-23,T+1,12311,2703,15014,2026-08-22T09:04:23.313Z,FALSE,"",16:40,TRUE
fare_DEL-BLR_QP_2026-08-23_T+1_1787410677127_1173,DEL-BLR,EaseMyTrip,QP,QP-1809,2026-08-23,T+1,12423,2727,15150,2026-08-22T09:04:23.313Z,FALSE,"",18:10,FALSE
fare_DEL-BLR_IX_2026-08-23_T+1_1787410677127_7a6v,DEL-BLR,EaseMyTrip,IX,IX-1067,2026-08-23,T+1,12801,2810,15611,2026-08-22T09:04:23.313Z,FALSE,"",06:10,FALSE
fare_DEL-BLR_AI_2026-08-23_T+1_1787410677127_g80m,DEL-BLR,EaseMyTrip,AI,AI-2797,2026-08-23,T+1,12837,2818,15655,2026-08-22T09:04:23.313Z,FALSE,"",16:30,TRUE
fare_DEL-BLR_6E_2026-08-23_T+1_1787410677127_ugih,DEL-BLR,EaseMyTrip,6E,6E-426,2026-08-23,T+1,12698,2787,15485,2026-08-22T09:04:23.313Z,FALSE,"",18:00,FALSE
fare_DEL-BLR_6E_2026-08-23_T+1_1787410677127_4e6r,DEL-BLR,EaseMyTrip,6E,6E-888,2026-08-23,T+1,12698,2787,15485,2026-08-22T09:04:23.313Z,FALSE,"",18:00,FALSE
fare_DEL-BLR_6E_2026-08-23_T+1_1787410677127_elfu,DEL-BLR,EaseMyTrip,6E,6E-501,2026-08-23,T+1,12787,2807,15594,2026-08-22T09:04:23.313Z,FALSE,"",12:20,TRUE
fare_DEL-BLR_6E_2026-08-23_T+1_1787410677127_eitb,DEL-BLR,EaseMyTrip,6E,6E-7653,2026-08-23,T+1,12813,2813,15626,2026-08-22T09:04:23.313Z,FALSE,"",17:20,FALSE
fare_DEL-BLR_AI_2026-08-23_T+1_1787410677127_1gsi,DEL-BLR,EaseMyTrip,AI,AI-1720,2026-08-23,T+1,13089,2873,15962,2026-08-22T09:04:23.313Z,FALSE,"",20:30,FALSE
fare_DEL-BLR_IX_2026-08-23_T+1_1787410677127_0dhp,DEL-BLR,EaseMyTrip,IX,IX-1617,2026-08-23,T+1,13206,2899,16105,2026-08-22T09:04:23.313Z,FALSE,"",11:50,FALSE
fare_DEL-BLR_IX_2026-08-23_T+1_1787410677127_a21m,DEL-BLR,EaseMyTrip,IX,IX-1070,2026-08-23,T+1,13332,2927,16259,2026-08-22T09:04:23.313Z,FALSE,"",18:40,TRUE
fare_DEL-BLR_6E_2026-08-23_T+1_1787410677127_viii,DEL-BLR,EaseMyTrip,6E,6E-2277,2026-08-23,T+1,13133,2883,16016,2026-08-22T09:04:23.313Z,FALSE,"",10:25,FALSE
fare_DEL-BLR_AI_2026-08-23_T+1_1787410677127_qmdb,DEL-BLR,EaseMyTrip,AI,AI-2417,2026-08-23,T+1,13413,2944,16357,2026-08-22T09:04:23.313Z,FALSE,"",13:00,TRUE
fare_DEL-BLR_IX_2026-08-23_T+1_1787410677127_s549,DEL-BLR,EaseMyTrip,IX,IX-1001,2026-08-23,T+1,13490,2961,16451,2026-08-22T09:04:23.313Z,FALSE,"",09:00,FALSE
fare_DEL-BLR_IX_2026-08-23_T+1_1787410677127_kydz,DEL-BLR,EaseMyTrip,IX,IX-2457,2026-08-23,T+1,13706,3009,16715,2026-08-22T09:04:23.313Z,FALSE,"",11:30,FALSE
fare_DEL-BLR_AI_2026-08-23_T+1_1787410677127_eydw,DEL-BLR,EaseMyTrip,AI,AI-2560,2026-08-23,T+1,13858,3042,16900,2026-08-22T09:04:23.313Z,FALSE,"",07:00,FALSE
fare_DEL-BLR_AI_2026-08-23_T+1_1787410677127_a43x,DEL-BLR,EaseMyTrip,AI,AI-2751,2026-08-23,T+1,13907,3053,16960,2026-08-22T09:04:23.313Z,FALSE,"",17:30,FALSE
fare_DEL-BLR_IX_2026-08-23_T+1_1787410677127_gnab,DEL-BLR,EaseMyTrip,IX,IX-1085,2026-08-23,T+1,13980,3069,17049,2026-08-22T09:04:23.313Z,FALSE,"",12:55,FALSE
fare_DEL-BLR_IX_2026-08-23_T+1_1787410677127_ticw,DEL-BLR,EaseMyTrip,IX,IX-1069,2026-08-23,T+1,13980,3069,17049,2026-08-22T09:04:23.313Z,FALSE,"",11:35,FALSE
fare_DEL-BLR_IX_2026-08-23_T+1_1787410677127_2398,DEL-BLR,EaseMyTrip,IX,IX-1346,2026-08-23,T+1,14089,3093,17182,2026-08-22T09:04:23.313Z,FALSE,"",05:35,FALSE
fare_DEL-BLR_AI_2026-08-23_T+1_1787410677127_pngn,DEL-BLR,EaseMyTrip,AI,AI-2963,2026-08-23,T+1,14133,3102,17235,2026-08-22T09:04:23.313Z,FALSE,"",09:00,FALSE
fare_DEL-BLR_AI_2026-08-23_T+1_1787410677127_cckw,DEL-BLR,EaseMyTrip,AI,AI-2678,2026-08-23,T+1,14133,3102,17235,2026-08-22T09:04:23.313Z,FALSE,"",08:30,FALSE
fare_DEL-BLR_AI_2026-08-23_T+1_1787410677127_iplk,DEL-BLR,EaseMyTrip,AI,AI-2975,2026-08-23,T+1,14133,3102,17235,2026-08-22T09:04:23.313Z,FALSE,"",06:30,FALSE
fare_DEL-BLR_AI_2026-08-23_T+1_1787410677127_poeg,DEL-BLR,EaseMyTrip,AI,AI-2571,2026-08-23,T+1,14175,3111,17286,2026-08-22T09:04:23.313Z,FALSE,"",05:45,FALSE
fare_DEL-BLR_IX_2026-08-23_T+1_1787410677127_n5gt,DEL-BLR,EaseMyTrip,IX,IX-2146,2026-08-23,T+1,14733,3234,17967,2026-08-22T09:04:23.313Z,FALSE,"",06:20,FALSE
fare_DEL-BLR_IX_2026-08-23_T+1_1787410677127_3d1x,DEL-BLR,EaseMyTrip,IX,IX-1815,2026-08-23,T+1,14828,3255,18083,2026-08-22T09:04:23.313Z,FALSE,"",19:05,FALSE
fare_DEL-BLR_IX_2026-08-23_T+1_1787410677127_u411,DEL-BLR,EaseMyTrip,IX,IX-1980,2026-08-23,T+1,14858,3261,18119,2026-08-22T09:04:23.313Z,FALSE,"",10:15,FALSE
fare_DEL-BLR_IX_2026-08-23_T+1_1787410677127_1bi1,DEL-BLR,EaseMyTrip,IX,IX-1012,2026-08-23,T+1,14858,3261,18119,2026-08-22T09:04:23.313Z,FALSE,"",06:40,FALSE
fare_DEL-BLR_AI_2026-08-23_T+1_1787410677127_anct,DEL-BLR,EaseMyTrip,AI,AI-1785,2026-08-23,T+1,14921,3275,18196,2026-08-22T09:04:23.313Z,FALSE,"",12:00,FALSE
fare_DEL-BLR_6E_2026-08-23_T+1_1787410677127_zmq2,DEL-BLR,EaseMyTrip,6E,6E-149,2026-08-23,T+1,15017,3296,18313,2026-08-22T09:04:23.313Z,FALSE,"",17:55,FALSE
fare_DEL-BLR_6E_2026-08-23_T+1_1787410677127_cwna,DEL-BLR,EaseMyTrip,6E,6E-366,2026-08-23,T+1,15017,3296,18313,2026-08-22T09:04:23.313Z,FALSE,"",17:55,FALSE
fare_DEL-BLR_IX_2026-08-23_T+1_1787410677127_qscu,DEL-BLR,EaseMyTrip,IX,IX-1395,2026-08-23,T+1,15610,3427,19037,2026-08-22T09:04:23.313Z,FALSE,"",19:15,FALSE
fare_DEL-BLR_IX_2026-08-23_T+1_1787410677127_x7gl,DEL-BLR,EaseMyTrip,IX,IX-1090,2026-08-23,T+1,15737,3454,19191,2026-08-22T09:04:23.313Z,FALSE,"",13:10,FALSE
fare_DEL-BLR_6E_2026-08-23_T+1_1787410677127_qk9r,DEL-BLR,EaseMyTrip,6E,6E-2557,2026-08-23,T+1,15620,3429,19049,2026-08-22T09:04:23.313Z,FALSE,"",15:20,FALSE
fare_DEL-BLR_6E_2026-08-23_T+1_1787410677127_bn6s,DEL-BLR,EaseMyTrip,6E,6E-145,2026-08-23,T+1,15707,3448,19155,2026-08-22T09:04:23.313Z,FALSE,"",18:15,FALSE
fare_DEL-BLR_6E_2026-08-23_T+1_1787410677127_ue5b,DEL-BLR,EaseMyTrip,6E,6E-743,2026-08-23,T+1,15707,3448,19155,2026-08-22T09:04:23.313Z,FALSE,"",18:15,FALSE
fare_DEL-BLR_6E_2026-08-23_T+1_1787410677127_1dos,DEL-BLR,EaseMyTrip,6E,6E-6091,2026-08-23,T+1,15707,3448,19155,2026-08-22T09:04:23.313Z,FALSE,"",15:15,FALSE
fare_DEL-BLR_IX_2026-08-23_T+1_1787410677127_kxb3,DEL-BLR,EaseMyTrip,IX,IX-1038,2026-08-23,T+1,16117,3538,19655,2026-08-22T09:04:23.313Z,FALSE,"",18:40,FALSE
fare_DEL-BLR_AI_2026-08-23_T+1_1787410677127_d0qn,DEL-BLR,EaseMyTrip,AI,AI-2458,2026-08-23,T+1,16315,3581,19896,2026-08-22T09:04:23.313Z,FALSE,"",12:10,FALSE
fare_DEL-BLR_6E_2026-08-23_T+1_1787410677127_wo3s,DEL-BLR,EaseMyTrip,6E,6E-6293,2026-08-23,T+1,16175,3551,19726,2026-08-22T09:04:23.313Z,FALSE,"",09:55,FALSE
fare_DEL-BLR_6E_2026-08-23_T+1_1787410677127_3eo0,DEL-BLR,EaseMyTrip,6E,6E-5038,2026-08-23,T+1,16348,3588,19936,2026-08-22T09:04:23.313Z,FALSE,"",14:00,FALSE
fare_DEL-BLR_AI_2026-08-23_T+1_1787410677127_r19i,DEL-BLR,EaseMyTrip,AI,AI-2879,2026-08-23,T+1,16559,3635,20194,2026-08-22T09:04:23.313Z,FALSE,"",18:00,FALSE
fare_DEL-BLR_6E_2026-08-23_T+1_1787410677127_hc1t,DEL-BLR,EaseMyTrip,6E,6E-6282,2026-08-23,T+1,16525,3627,20152,2026-08-22T09:04:23.313Z,FALSE,"",13:30,FALSE
fare_DEL-BLR_6E_2026-08-23_T+1_1787410677127_2e1x,DEL-BLR,EaseMyTrip,6E,6E-182,2026-08-23,T+1,16525,3627,20152,2026-08-22T09:04:23.313Z,FALSE,"",11:45,FALSE
fare_DEL-BLR_6E_2026-08-23_T+1_1787410677127_pgnk,DEL-BLR,EaseMyTrip,6E,6E-774,2026-08-23,T+1,16525,3627,20152,2026-08-22T09:04:23.313Z,FALSE,"",11:45,FALSE
fare_DEL-BLR_6E_2026-08-23_T+1_1787410677127_wzfr,DEL-BLR,EaseMyTrip,6E,6E-5033,2026-08-23,T+1,16579,3639,20218,2026-08-22T09:04:23.313Z,FALSE,"",15:50,FALSE
fare_DEL-BLR_6E_2026-08-23_T+1_1787410677127_kipl,DEL-BLR,EaseMyTrip,6E,6E-6217,2026-08-23,T+1,17145,3763,20908,2026-08-22T09:04:23.313Z,FALSE,"",16:15,FALSE
fare_DEL-BLR_6E_2026-08-23_T+1_1787410677127_4s4n,DEL-BLR,EaseMyTrip,6E,6E-6212,2026-08-23,T+1,17145,3763,20908,2026-08-22T09:04:23.313Z,FALSE,"",14:45,FALSE
fare_DEL-BLR_6E_2026-08-23_T+1_1787410677127_g8cu,DEL-BLR,EaseMyTrip,6E,6E-491,2026-08-23,T+1,17879,3925,21804,2026-08-22T09:04:23.313Z,FALSE,"",16:30,FALSE
fare_DEL-BLR_6E_2026-08-23_T+1_1787410677127_2cm0,DEL-BLR,EaseMyTrip,6E,6E-831,2026-08-23,T+1,17879,3925,21804,2026-08-22T09:04:23.313Z,FALSE,"",16:30,FALSE
fare_DEL-BLR_6E_2026-08-23_T+1_1787410677127_62le,DEL-BLR,EaseMyTrip,6E,6E-5001,2026-08-23,T+1,18261,4009,22270,2026-08-22T09:04:23.313Z,FALSE,"",17:10,FALSE
fare_DEL-BLR_AI_2026-08-23_T+1_1787410677127_zvf3,DEL-BLR,EaseMyTrip,AI,AI-1702,2026-08-23,T+1,18444,4049,22493,2026-08-22T09:04:23.313Z,FALSE,"",18:30,FALSE
fare_DEL-BLR_AI_2026-08-23_T+1_1787410677127_v1rm,DEL-BLR,EaseMyTrip,AI,AI-1780,2026-08-23,T+1,18858,4139,22997,2026-08-22T09:04:23.313Z,FALSE,"",14:30,FALSE
fare_DEL-BLR_IX_2026-08-23_T+1_1787410677127_mutw,DEL-BLR,EaseMyTrip,IX,IX-1108,2026-08-23,T+1,19078,4188,23266,2026-08-22T09:04:23.313Z,FALSE,"",05:00,FALSE
fare_DEL-BLR_6E_2026-08-23_T+1_1787410677127_yg32,DEL-BLR,EaseMyTrip,6E,6E-6459,2026-08-23,T+1,18899,4149,23048,2026-08-22T09:04:23.313Z,FALSE,"",05:55,FALSE
fare_DEL-BLR_AI_2026-08-23_T+1_1787410677127_n1o1,DEL-BLR,EaseMyTrip,AI,AI-2519,2026-08-23,T+1,19191,4213,23404,2026-08-22T09:04:23.313Z,FALSE,"",16:00,FALSE
fare_DEL-BLR_AI_2026-08-23_T+1_1787410677127_xcbi,DEL-BLR,EaseMyTrip,AI,AI-2439,2026-08-23,T+1,19255,4227,23482,2026-08-22T09:04:23.313Z,FALSE,"",23:00,FALSE
fare_DEL-BLR_AI_2026-08-23_T+1_1787410677127_de6c,DEL-BLR,EaseMyTrip,AI,AI-2877,2026-08-23,T+1,20111,4415,24526,2026-08-22T09:04:23.313Z,FALSE,"",12:45,FALSE
fare_DEL-BLR_6E_2026-08-23_T+1_1787410677127_ey64,DEL-BLR,EaseMyTrip,6E,6E-6437,2026-08-23,T+1,20556,4512,25068,2026-08-22T09:04:23.313Z,FALSE,"",16:25,FALSE
fare_DEL-BLR_AI_2026-08-23_T+1_1787410677127_26f1,DEL-BLR,EaseMyTrip,AI,AI-2705,2026-08-23,T+1,21445,4708,26153,2026-08-22T09:04:23.313Z,FALSE,"",07:30,FALSE
fare_DEL-BLR_IX_2026-08-23_T+1_1787410677127_w6v7,DEL-BLR,EaseMyTrip,IX,IX-1461,2026-08-23,T+1,21890,4805,26695,2026-08-22T09:04:23.313Z,FALSE,"",05:35,FALSE
fare_DEL-BLR_6E_2026-08-23_T+1_1787410677127_ycof,DEL-BLR,EaseMyTrip,6E,6E-746,2026-08-23,T+1,21733,4771,26504,2026-08-22T09:04:23.313Z,FALSE,"",19:35,FALSE
fare_DEL-BLR_6E_2026-08-23_T+1_1787410677127_e7hu,DEL-BLR,EaseMyTrip,6E,6E-274,2026-08-23,T+1,21733,4771,26504,2026-08-22T09:04:23.313Z,FALSE,"",19:35,FALSE
fare_DEL-BLR_AI_2026-08-23_T+1_1787410677127_bn2k,DEL-BLR,EaseMyTrip,AI,AI-2627,2026-08-23,T+1,21905,4809,26714,2026-08-22T09:04:23.313Z,FALSE,"",10:45,FALSE
fare_DEL-BLR_IX_2026-08-23_T+1_1787410677127_a9d3,DEL-BLR,EaseMyTrip,IX,IX-1057,2026-08-23,T+1,24461,5370,29831,2026-08-22T09:04:23.313Z,TRUE,"High outlier: ₹29831 > upper fence ₹27385 (Q3: ₹18083, IQR: ₹6201)",05:25,FALSE
fare_DEL-BLR_AI_2026-08-23_T+1_1787410677127_hpk7,DEL-BLR,EaseMyTrip,AI,AI-429,2026-08-23,T+1,25182,5528,30710,2026-08-22T09:04:23.313Z,TRUE,"High outlier: ₹30710 > upper fence ₹27385 (Q3: ₹18083, IQR: ₹6201)",10:20,FALSE
fare_DEL-BLR_AI_2026-08-23_T+1_1787410677127_hldr,DEL-BLR,EaseMyTrip,AI,AI-1747,2026-08-23,T+1,25208,5534,30742,2026-08-22T09:04:23.313Z,TRUE,"High outlier: ₹30742 > upper fence ₹27385 (Q3: ₹18083, IQR: ₹6201)",07:10,FALSE
fare_DEL-BLR_6E_2026-08-29_T+7_1787410677127_bi5k,DEL-BLR,EaseMyTrip,6E,6E-939,2026-08-29,T+7,7118,1563,8681,2026-08-22T09:04:30.012Z,FALSE,"",03:00,TRUE
fare_DEL-BLR_6E_2026-08-29_T+7_1787410677127_amyb,DEL-BLR,EaseMyTrip,6E,6E-556,2026-08-29,T+7,7118,1563,8681,2026-08-22T09:04:30.012Z,FALSE,"",03:00,TRUE
fare_DEL-BLR_6E_2026-08-29_T+7_1787410677127_o3oj,DEL-BLR,EaseMyTrip,6E,6E-2314,2026-08-29,T+7,7118,1563,8681,2026-08-22T09:04:30.012Z,FALSE,"",05:45,TRUE
fare_DEL-BLR_IX_2026-08-29_T+7_1787410677127_q4k5,DEL-BLR,EaseMyTrip,IX,IX-1001,2026-08-29,T+7,7377,1619,8996,2026-08-22T09:04:30.012Z,FALSE,"",09:00,FALSE
fare_DEL-BLR_IX_2026-08-29_T+7_1787410677127_mdet,DEL-BLR,EaseMyTrip,IX,IX-1054,2026-08-29,T+7,7549,1657,9206,2026-08-22T09:04:30.012Z,FALSE,"",12:25,FALSE
fare_DEL-BLR_IX_2026-08-29_T+7_1787410677127_t9zc,DEL-BLR,EaseMyTrip,IX,IX-1046,2026-08-29,T+7,7549,1657,9206,2026-08-22T09:04:30.012Z,FALSE,"",07:00,FALSE
fare_DEL-BLR_IX_2026-08-29_T+7_1787410677127_1jw7,DEL-BLR,EaseMyTrip,IX,IX-1230,2026-08-29,T+7,7549,1657,9206,2026-08-22T09:04:30.012Z,FALSE,"",04:25,FALSE
fare_DEL-BLR_6E_2026-08-29_T+7_1787410677127_87ta,DEL-BLR,EaseMyTrip,6E,6E-784,2026-08-29,T+7,7493,1645,9138,2026-08-22T09:04:30.012Z,FALSE,"",08:20,TRUE
fare_DEL-BLR_6E_2026-08-29_T+7_1787410677127_p29s,DEL-BLR,EaseMyTrip,6E,6E-590,2026-08-29,T+7,7493,1645,9138,2026-08-22T09:04:30.012Z,FALSE,"",08:20,TRUE
fare_DEL-BLR_6E_2026-08-29_T+7_1787410677127_is12,DEL-BLR,EaseMyTrip,6E,6E-130,2026-08-29,T+7,7493,1645,9138,2026-08-22T09:04:30.012Z,FALSE,"",07:05,TRUE
fare_DEL-BLR_6E_2026-08-29_T+7_1787410677127_4rgt,DEL-BLR,EaseMyTrip,6E,6E-595,2026-08-29,T+7,7493,1645,9138,2026-08-22T09:04:30.012Z,FALSE,"",07:05,TRUE
fare_DEL-BLR_AI_2026-08-29_T+7_1787410677127_0wpe,DEL-BLR,EaseMyTrip,AI,AI-2653,2026-08-29,T+7,7879,1729,9608,2026-08-22T09:04:30.012Z,FALSE,"",04:30,TRUE
fare_DEL-BLR_AI_2026-08-29_T+7_1787410677127_v9iq,DEL-BLR,EaseMyTrip,AI,AI-2757,2026-08-29,T+7,7879,1729,9608,2026-08-22T09:04:30.012Z,FALSE,"",00:15,TRUE
fare_DEL-BLR_AI_2026-08-29_T+7_1787410677127_txrb,DEL-BLR,EaseMyTrip,AI,AI-2502,2026-08-29,T+7,7879,1729,9608,2026-08-22T09:04:30.012Z,FALSE,"",03:15,TRUE
fare_DEL-BLR_AI_2026-08-29_T+7_1787410677127_57lr,DEL-BLR,EaseMyTrip,AI,AI-2803,2026-08-29,T+7,7879,1729,9608,2026-08-22T09:04:30.012Z,FALSE,"",06:30,TRUE
fare_DEL-BLR_AI_2026-08-29_T+7_1787410677127_oyax,DEL-BLR,EaseMyTrip,AI,AI-1769,2026-08-29,T+7,7879,1729,9608,2026-08-22T09:04:30.012Z,FALSE,"",08:40,TRUE
fare_DEL-BLR_IX_2026-08-29_T+7_1787410677127_lbig,DEL-BLR,EaseMyTrip,IX,IX-1035,2026-08-29,T+7,7951,1745,9696,2026-08-22T09:04:30.012Z,FALSE,"",08:10,FALSE
fare_DEL-BLR_IX_2026-08-29_T+7_1787410677127_02su,DEL-BLR,EaseMyTrip,IX,IX-1032,2026-08-29,T+7,7951,1745,9696,2026-08-22T09:04:30.012Z,FALSE,"",05:45,FALSE
fare_DEL-BLR_AI_2026-08-29_T+7_1787410677127_tb8o,DEL-BLR,EaseMyTrip,AI,AI-427,2026-08-29,T+7,8015,1759,9774,2026-08-22T09:04:30.012Z,FALSE,"",08:30,TRUE
fare_DEL-BLR_6E_2026-08-29_T+7_1787410677127_u40y,DEL-BLR,EaseMyTrip,6E,6E-2519,2026-08-29,T+7,7890,1732,9622,2026-08-22T09:04:30.012Z,FALSE,"",13:00,TRUE
fare_DEL-BLR_6E_2026-08-29_T+7_1787410677127_lqjn,DEL-BLR,EaseMyTrip,6E,6E-793,2026-08-29,T+7,7891,1732,9623,2026-08-22T09:04:30.012Z,FALSE,"",09:30,TRUE
fare_DEL-BLR_6E_2026-08-29_T+7_1787410677127_5cfw,DEL-BLR,EaseMyTrip,6E,6E-643,2026-08-29,T+7,7891,1732,9623,2026-08-22T09:04:30.012Z,FALSE,"",09:30,TRUE
fare_DEL-BLR_AI_2026-08-29_T+7_1787410677127_00ao,DEL-BLR,EaseMyTrip,AI,AI-2415,2026-08-29,T+7,8277,1817,10094,2026-08-22T09:04:30.012Z,FALSE,"",09:30,TRUE
fare_DEL-BLR_IX_2026-08-29_T+7_1787410677127_bd97,DEL-BLR,EaseMyTrip,IX,IX-1085,2026-08-29,T+7,8361,1835,10196,2026-08-22T09:04:30.012Z,FALSE,"",12:55,FALSE
fare_DEL-BLR_IX_2026-08-29_T+7_1787410677127_i7x4,DEL-BLR,EaseMyTrip,IX,IX-1069,2026-08-29,T+7,8361,1835,10196,2026-08-22T09:04:30.012Z,FALSE,"",11:35,FALSE
fare_DEL-BLR_IX_2026-08-29_T+7_1787410677127_tv0e,DEL-BLR,EaseMyTrip,IX,IX-1257,2026-08-29,T+7,8533,1873,10406,2026-08-22T09:04:30.012Z,FALSE,"",22:25,FALSE
fare_DEL-BLR_IX_2026-08-29_T+7_1787410677127_4iqg,DEL-BLR,EaseMyTrip,IX,IX-1346,2026-08-29,T+7,8533,1873,10406,2026-08-22T09:04:30.012Z,FALSE,"",05:35,FALSE
fare_DEL-BLR_IX_2026-08-29_T+7_1787410677127_bcf4,DEL-BLR,EaseMyTrip,IX,IX-2146,2026-08-29,T+7,8533,1873,10406,2026-08-22T09:04:30.012Z,FALSE,"",06:20,FALSE
fare_DEL-BLR_6E_2026-08-29_T+7_1787410677127_wmgl,DEL-BLR,EaseMyTrip,6E,6E-301,2026-08-29,T+7,8560,1879,10439,2026-08-22T09:04:30.012Z,FALSE,"",02:25,FALSE
fare_DEL-BLR_6E_2026-08-29_T+7_1787410677127_pxwe,DEL-BLR,EaseMyTrip,6E,6E-949,2026-08-29,T+7,8560,1879,10439,2026-08-22T09:04:30.012Z,FALSE,"",02:25,FALSE
fare_DEL-BLR_IX_2026-08-29_T+7_1787410677128_iq87,DEL-BLR,EaseMyTrip,IX,IX-2457,2026-08-29,T+7,8853,1943,10796,2026-08-22T09:04:30.012Z,FALSE,"",11:30,FALSE
fare_DEL-BLR_SG_2026-08-29_T+7_1787410677128_jz8b,DEL-BLR,EaseMyTrip,SG,SG-146,2026-08-29,T+7,8893,1952,10845,2026-08-22T09:04:30.012Z,FALSE,"",18:35,FALSE
fare_DEL-BLR_SG_2026-08-29_T+7_1787410677128_t6l5,DEL-BLR,EaseMyTrip,SG,SG-292,2026-08-29,T+7,8893,1952,10845,2026-08-22T09:04:30.012Z,FALSE,"",18:35,FALSE
fare_DEL-BLR_6E_2026-08-29_T+7_1787410677128_hb9r,DEL-BLR,EaseMyTrip,6E,6E-473,2026-08-29,T+7,8761,1923,10684,2026-08-22T09:04:30.012Z,FALSE,"",22:00,TRUE
fare_DEL-BLR_6E_2026-08-29_T+7_1787410677128_4pcs,DEL-BLR,EaseMyTrip,6E,6E-203,2026-08-29,T+7,8761,1923,10684,2026-08-22T09:04:30.012Z,FALSE,"",22:00,TRUE
fare_DEL-BLR_6E_2026-08-29_T+7_1787410677128_dhfh,DEL-BLR,EaseMyTrip,6E,6E-6515,2026-08-29,T+7,8761,1923,10684,2026-08-22T09:04:30.012Z,FALSE,"",20:45,TRUE
fare_DEL-BLR_6E_2026-08-29_T+7_1787410677128_e60r,DEL-BLR,EaseMyTrip,6E,6E-823,2026-08-29,T+7,8761,1923,10684,2026-08-22T09:04:30.012Z,FALSE,"",10:45,TRUE
fare_DEL-BLR_6E_2026-08-29_T+7_1787410677128_voh6,DEL-BLR,EaseMyTrip,6E,6E-504,2026-08-29,T+7,8761,1923,10684,2026-08-22T09:04:30.012Z,FALSE,"",10:45,TRUE
fare_DEL-BLR_6E_2026-08-29_T+7_1787410677128_hvxw,DEL-BLR,EaseMyTrip,6E,6E-338,2026-08-29,T+7,8761,1923,10684,2026-08-22T09:04:30.012Z,FALSE,"",12:20,TRUE
fare_DEL-BLR_6E_2026-08-29_T+7_1787410677128_o9wq,DEL-BLR,EaseMyTrip,6E,6E-542,2026-08-29,T+7,8761,1923,10684,2026-08-22T09:04:30.012Z,FALSE,"",12:20,TRUE
fare_DEL-BLR_6E_2026-08-29_T+7_1787410677128_3m5s,DEL-BLR,EaseMyTrip,6E,6E-2456,2026-08-29,T+7,8767,1925,10692,2026-08-22T09:04:30.012Z,FALSE,"",14:55,TRUE
fare_DEL-BLR_IX_2026-08-29_T+7_1787410677128_t46h,DEL-BLR,EaseMyTrip,IX,IX-1197,2026-08-29,T+7,9025,1981,11006,2026-08-22T09:04:30.012Z,FALSE,"",19:25,FALSE
fare_DEL-BLR_IX_2026-08-29_T+7_1787410677128_chfl,DEL-BLR,EaseMyTrip,IX,IX-1510,2026-08-29,T+7,9025,1981,11006,2026-08-22T09:04:30.012Z,FALSE,"",11:20,FALSE
fare_DEL-BLR_6E_2026-08-29_T+7_1787410677128_4cyj,DEL-BLR,EaseMyTrip,6E,6E-116,2026-08-29,T+7,8855,1944,10799,2026-08-22T09:04:30.012Z,FALSE,"",17:55,FALSE
fare_DEL-BLR_6E_2026-08-29_T+7_1787410677128_ztkz,DEL-BLR,EaseMyTrip,6E,6E-482,2026-08-29,T+7,8855,1944,10799,2026-08-22T09:04:30.012Z,FALSE,"",17:55,FALSE
fare_DEL-BLR_6E_2026-08-29_T+7_1787410677128_kkc3,DEL-BLR,EaseMyTrip,6E,6E-6293,2026-08-29,T+7,8855,1944,10799,2026-08-22T09:04:30.012Z,FALSE,"",09:55,FALSE
fare_DEL-BLR_6E_2026-08-29_T+7_1787410677128_9tub,DEL-BLR,EaseMyTrip,6E,6E-6282,2026-08-29,T+7,9009,1977,10986,2026-08-22T09:04:30.012Z,FALSE,"",13:30,FALSE
fare_DEL-BLR_6E_2026-08-29_T+7_1787410677128_usw9,DEL-BLR,EaseMyTrip,6E,6E-2343,2026-08-29,T+7,9038,1984,11022,2026-08-22T09:04:30.012Z,FALSE,"",02:20,FALSE
fare_DEL-BLR_SG_2026-08-29_T+7_1787410677128_zsgu,DEL-BLR,EaseMyTrip,SG,SG-981,2026-08-29,T+7,9355,2054,11409,2026-08-22T09:04:30.012Z,FALSE,"",14:30,FALSE
fare_DEL-BLR_SG_2026-08-29_T+7_1787410677128_ekm1,DEL-BLR,EaseMyTrip,SG,SG-550,2026-08-29,T+7,9355,2054,11409,2026-08-22T09:04:30.012Z,FALSE,"",14:30,FALSE
fare_DEL-BLR_6E_2026-08-29_T+7_1787410677128_ztsw,DEL-BLR,EaseMyTrip,6E,6E-627,2026-08-29,T+7,9238,2028,11266,2026-08-22T09:04:30.012Z,FALSE,"",19:30,TRUE
fare_DEL-BLR_6E_2026-08-29_T+7_1787410677128_yd3v,DEL-BLR,EaseMyTrip,6E,6E-572,2026-08-29,T+7,9238,2028,11266,2026-08-22T09:04:30.012Z,FALSE,"",19:30,TRUE
fare_DEL-BLR_6E_2026-08-29_T+7_1787410677128_d949,DEL-BLR,EaseMyTrip,6E,6E-239,2026-08-29,T+7,9238,2028,11266,2026-08-22T09:04:30.012Z,FALSE,"",18:20,TRUE
fare_DEL-BLR_6E_2026-08-29_T+7_1787410677128_lrcu,DEL-BLR,EaseMyTrip,6E,6E-593,2026-08-29,T+7,9238,2028,11266,2026-08-22T09:04:30.012Z,FALSE,"",18:20,TRUE
fare_DEL-BLR_6E_2026-08-29_T+7_1787410677128_ibt8,DEL-BLR,EaseMyTrip,6E,6E-910,2026-08-29,T+7,9238,2028,11266,2026-08-22T09:04:30.012Z,FALSE,"",15:45,TRUE
fare_DEL-BLR_6E_2026-08-29_T+7_1787410677128_5msy,DEL-BLR,EaseMyTrip,6E,6E-104,2026-08-29,T+7,9238,2028,11266,2026-08-22T09:04:30.012Z,FALSE,"",15:45,TRUE
fare_DEL-BLR_6E_2026-08-29_T+7_1787410677128_vfcr,DEL-BLR,EaseMyTrip,6E,6E-750,2026-08-29,T+7,9238,2028,11266,2026-08-22T09:04:30.012Z,FALSE,"",14:30,TRUE
fare_DEL-BLR_6E_2026-08-29_T+7_1787410677128_8u21,DEL-BLR,EaseMyTrip,6E,6E-722,2026-08-29,T+7,9238,2028,11266,2026-08-22T09:04:30.012Z,FALSE,"",14:30,TRUE
fare_DEL-BLR_6E_2026-08-29_T+7_1787410677128_yuxs,DEL-BLR,EaseMyTrip,6E,6E-421,2026-08-29,T+7,9238,2028,11266,2026-08-22T09:04:30.012Z,FALSE,"",17:00,TRUE
fare_DEL-BLR_6E_2026-08-29_T+7_1787410677128_im9f,DEL-BLR,EaseMyTrip,6E,6E-690,2026-08-29,T+7,9238,2028,11266,2026-08-22T09:04:30.012Z,FALSE,"",17:00,TRUE
fare_DEL-BLR_6E_2026-08-29_T+7_1787410677128_c55a,DEL-BLR,EaseMyTrip,6E,6E-440,2026-08-29,T+7,9238,2028,11266,2026-08-22T09:04:30.012Z,FALSE,"",13:15,TRUE
fare_DEL-BLR_6E_2026-08-29_T+7_1787410677128_a3y9,DEL-BLR,EaseMyTrip,6E,6E-393,2026-08-29,T+7,9238,2028,11266,2026-08-22T09:04:30.012Z,FALSE,"",13:15,TRUE
fare_DEL-BLR_QP_2026-08-29_T+7_1787410677128_i3ix,DEL-BLR,EaseMyTrip,QP,QP-1350,2026-08-29,T+7,9256,2032,11288,2026-08-22T09:04:30.012Z,FALSE,"",21:55,TRUE
fare_DEL-BLR_6E_2026-08-29_T+7_1787410677128_7bun,DEL-BLR,EaseMyTrip,6E,6E-6470,2026-08-29,T+7,9369,2056,11425,2026-08-22T09:04:30.012Z,FALSE,"",06:55,FALSE
fare_DEL-BLR_6E_2026-08-29_T+7_1787410677128_bbz0,DEL-BLR,EaseMyTrip,6E,6E-6673,2026-08-29,T+7,9372,2057,11429,2026-08-22T09:04:30.012Z,FALSE,"",21:15,FALSE
fare_DEL-BLR_6E_2026-08-29_T+7_1787410677128_hqwk,DEL-BLR,EaseMyTrip,6E,6E-6433,2026-08-29,T+7,9432,2071,11503,2026-08-22T09:04:30.012Z,FALSE,"",16:30,FALSE
fare_DEL-BLR_QP_2026-08-29_T+7_1787410677128_0iwp,DEL-BLR,EaseMyTrip,QP,QP-1308,2026-08-29,T+7,9435,2071,11506,2026-08-22T09:04:30.012Z,FALSE,"",20:55,TRUE
fare_DEL-BLR_SG_2026-08-29_T+7_1787410677128_83uu,DEL-BLR,EaseMyTrip,SG,SG-241,2026-08-29,T+7,9617,2111,11728,2026-08-22T09:04:30.012Z,FALSE,"",14:30,FALSE
fare_DEL-BLR_SG_2026-08-29_T+7_1787410677128_c1xi,DEL-BLR,EaseMyTrip,SG,SG-645,2026-08-29,T+7,9617,2111,11728,2026-08-22T09:04:30.012Z,FALSE,"",14:30,FALSE
fare_DEL-BLR_AI_2026-08-29_T+7_1787410677128_z63c,DEL-BLR,EaseMyTrip,AI,AI-2412,2026-08-29,T+7,9624,2113,11737,2026-08-22T09:04:30.012Z,FALSE,"",21:30,TRUE
fare_DEL-BLR_AI_2026-08-29_T+7_1787410677128_ojfu,DEL-BLR,EaseMyTrip,AI,AI-2755,2026-08-29,T+7,9624,2113,11737,2026-08-22T09:04:30.012Z,FALSE,"",22:30,TRUE
fare_DEL-BLR_AI_2026-08-29_T+7_1787410677128_dfo8,DEL-BLR,EaseMyTrip,AI,AI-437,2026-08-29,T+7,9665,2121,11786,2026-08-22T09:04:30.012Z,FALSE,"",09:20,FALSE
fare_DEL-BLR_IX_2026-08-29_T+7_1787410677128_ibmu,DEL-BLR,EaseMyTrip,IX,IX-1482,2026-08-29,T+7,9743,2139,11882,2026-08-22T09:04:30.012Z,FALSE,"",08:30,TRUE
fare_DEL-BLR_6E_2026-08-29_T+7_1787410677128_j9xr,DEL-BLR,EaseMyTrip,6E,6E-224,2026-08-29,T+7,9618,2111,11729,2026-08-22T09:04:30.012Z,FALSE,"",18:15,FALSE
fare_DEL-BLR_6E_2026-08-29_T+7_1787410677128_le6c,DEL-BLR,EaseMyTrip,6E,6E-428,2026-08-29,T+7,9618,2111,11729,2026-08-22T09:04:30.012Z,FALSE,"",18:15,FALSE
fare_DEL-BLR_6E_2026-08-29_T+7_1787410677128_z7fa,DEL-BLR,EaseMyTrip,6E,6E-6115,2026-08-29,T+7,9618,2111,11729,2026-08-22T09:04:30.012Z,FALSE,"",13:10,FALSE
fare_DEL-BLR_AI_2026-08-29_T+7_1787410677128_try5,DEL-BLR,EaseMyTrip,AI,AI-2469,2026-08-29,T+7,9904,2174,12078,2026-08-22T09:04:30.012Z,FALSE,"",04:45,FALSE
fare_DEL-BLR_AI_2026-08-29_T+7_1787410677128_7g1w,DEL-BLR,EaseMyTrip,AI,AI-2485,2026-08-29,T+7,9965,2188,12153,2026-08-22T09:04:30.012Z,FALSE,"",12:00,TRUE
fare_DEL-BLR_QP_2026-08-29_T+7_1787410677128_ujcb,DEL-BLR,EaseMyTrip,QP,QP-1942,2026-08-29,T+7,9837,2159,11996,2026-08-22T09:04:30.012Z,FALSE,"",21:05,FALSE
fare_DEL-BLR_6E_2026-08-29_T+7_1787410677128_8w4k,DEL-BLR,EaseMyTrip,6E,6E-158,2026-08-29,T+7,9872,2167,12039,2026-08-22T09:04:30.012Z,FALSE,"",18:00,FALSE
fare_DEL-BLR_6E_2026-08-29_T+7_1787410677128_bknu,DEL-BLR,EaseMyTrip,6E,6E-777,2026-08-29,T+7,9872,2167,12039,2026-08-22T09:04:30.012Z,FALSE,"",18:00,FALSE
fare_DEL-BLR_6E_2026-08-29_T+7_1787410677128_kqgc,DEL-BLR,EaseMyTrip,6E,6E-222,2026-08-29,T+7,9872,2167,12039,2026-08-22T09:04:30.012Z,FALSE,"",18:00,FALSE
fare_DEL-BLR_6E_2026-08-29_T+7_1787410677128_o79s,DEL-BLR,EaseMyTrip,6E,6E-656,2026-08-29,T+7,9872,2167,12039,2026-08-22T09:04:30.012Z,FALSE,"",18:00,FALSE
fare_DEL-BLR_AI_2026-08-29_T+7_1787410677128_dvsl,DEL-BLR,EaseMyTrip,AI,AI-2417,2026-08-29,T+7,10051,2206,12257,2026-08-22T09:04:30.012Z,FALSE,"",13:00,TRUE
fare_DEL-BLR_IX_2026-08-29_T+7_1787410677128_75fg,DEL-BLR,EaseMyTrip,IX,IX-1074,2026-08-29,T+7,10165,2231,12396,2026-08-22T09:04:30.012Z,FALSE,"",10:55,FALSE
fare_DEL-BLR_6E_2026-08-29_T+7_1787410677128_u307,DEL-BLR,EaseMyTrip,6E,6E-450,2026-08-29,T+7,9936,2181,12117,2026-08-22T09:04:30.012Z,FALSE,"",08:30,FALSE
fare_DEL-BLR_6E_2026-08-29_T+7_1787410677128_y9aa,DEL-BLR,EaseMyTrip,6E,6E-993,2026-08-29,T+7,9936,2181,12117,2026-08-22T09:04:30.012Z,FALSE,"",08:30,FALSE
fare_DEL-BLR_QP_2026-08-29_T+7_1787410677128_vetf,DEL-BLR,EaseMyTrip,QP,QP-1822,2026-08-29,T+7,9986,2192,12178,2026-08-22T09:04:30.012Z,FALSE,"",16:40,TRUE
fare_DEL-BLR_6E_2026-08-29_T+7_1787410677128_en1s,DEL-BLR,EaseMyTrip,6E,6E-6217,2026-08-29,T+7,9988,2193,12181,2026-08-22T09:04:30.012Z,FALSE,"",16:15,FALSE
fare_DEL-BLR_6E_2026-08-29_T+7_1787410677128_sxij,DEL-BLR,EaseMyTrip,6E,6E-2579,2026-08-29,T+7,10029,2202,12231,2026-08-22T09:04:30.012Z,FALSE,"",14:10,FALSE
fare_DEL-BLR_SG_2026-08-29_T+7_1787410677128_t4mj,DEL-BLR,EaseMyTrip,SG,SG-853,2026-08-29,T+7,10993,2413,13406,2026-08-22T09:04:30.012Z,FALSE,"",09:15,FALSE
fare_DEL-BLR_SG_2026-08-29_T+7_1787410677128_5hjh,DEL-BLR,EaseMyTrip,SG,SG-218,2026-08-29,T+7,10993,2413,13406,2026-08-22T09:04:30.012Z,FALSE,"",09:15,FALSE
fare_DEL-BLR_AI_2026-08-29_T+7_1787410677128_u67j,DEL-BLR,EaseMyTrip,AI,AI-2859,2026-08-29,T+7,10338,2269,12607,2026-08-22T09:04:30.012Z,FALSE,"",10:30,FALSE
fare_DEL-BLR_AI_2026-08-29_T+7_1787410677128_l2zz,DEL-BLR,EaseMyTrip,AI,AI-2542,2026-08-29,T+7,10338,2269,12607,2026-08-22T09:04:30.012Z,FALSE,"",09:40,FALSE
fare_DEL-BLR_QP_2026-08-29_T+7_1787410677128_ca7l,DEL-BLR,EaseMyTrip,QP,QP-1812,2026-08-29,T+7,10176,2234,12410,2026-08-22T09:04:30.012Z,FALSE,"",22:55,TRUE
fare_DEL-BLR_SG_2026-08-29_T+7_1787410677128_8ceq,DEL-BLR,EaseMyTrip,SG,SG-756,2026-08-29,T+7,11253,2470,13723,2026-08-22T09:04:30.012Z,FALSE,"",09:15,FALSE
fare_DEL-BLR_SG_2026-08-29_T+7_1787410677128_e6lv,DEL-BLR,EaseMyTrip,SG,SG-444,2026-08-29,T+7,11253,2470,13723,2026-08-22T09:04:30.012Z,FALSE,"",09:15,FALSE
fare_DEL-BLR_AI_2026-08-29_T+7_1787410677128_an74,DEL-BLR,EaseMyTrip,AI,AI-2465,2026-08-29,T+7,10592,2325,12917,2026-08-22T09:04:30.012Z,FALSE,"",14:30,FALSE
fare_DEL-BLR_6E_2026-08-29_T+7_1787410677128_7etf,DEL-BLR,EaseMyTrip,6E,6E-830,2026-08-29,T+7,10480,2300,12780,2026-08-22T09:04:30.012Z,FALSE,"",11:45,FALSE
fare_DEL-BLR_6E_2026-08-29_T+7_1787410677128_31yr,DEL-BLR,EaseMyTrip,6E,6E-818,2026-08-29,T+7,10480,2300,12780,2026-08-22T09:04:30.012Z,FALSE,"",11:45,FALSE
fare_DEL-BLR_IX_2026-08-29_T+7_1787410677128_x0th,DEL-BLR,EaseMyTrip,IX,IX-1067,2026-08-29,T+7,10744,2359,13103,2026-08-22T09:04:30.012Z,FALSE,"",06:10,FALSE
fare_DEL-BLR_AI_2026-08-29_T+7_1787410677128_ld70,DEL-BLR,EaseMyTrip,AI,AI-465,2026-08-29,T+7,10727,2355,13082,2026-08-22T09:04:30.012Z,FALSE,"",16:20,FALSE
fare_DEL-BLR_AI_2026-08-29_T+7_1787410677128_4qr3,DEL-BLR,EaseMyTrip,AI,AI-2577,2026-08-29,T+7,10735,2357,13092,2026-08-22T09:04:30.012Z,FALSE,"",02:00,FALSE
fare_DEL-BLR_AI_2026-08-29_T+7_1787410677128_23ng,DEL-BLR,EaseMyTrip,AI,AI-2519,2026-08-29,T+7,10739,2357,13096,2026-08-22T09:04:30.012Z,FALSE,"",16:00,FALSE
fare_DEL-BLR_6E_2026-08-29_T+7_1787410677128_g3ks,DEL-BLR,EaseMyTrip,6E,6E-2618,2026-08-29,T+7,10605,2328,12933,2026-08-22T09:04:30.012Z,FALSE,"",23:00,FALSE
fare_DEL-BLR_6E_2026-08-29_T+7_1787410677128_m7uq,DEL-BLR,EaseMyTrip,6E,6E-2571,2026-08-29,T+7,10677,2344,13021,2026-08-22T09:04:30.012Z,FALSE,"",12:30,FALSE
fare_DEL-BLR_6E_2026-08-29_T+7_1787410677128_7tee,DEL-BLR,EaseMyTrip,6E,6E-2491,2026-08-29,T+7,10686,2346,13032,2026-08-22T09:04:30.012Z,FALSE,"",15:15,FALSE
fare_DEL-BLR_AI_2026-08-29_T+7_1787410677128_jfcj,DEL-BLR,EaseMyTrip,AI,AI-2499,2026-08-29,T+7,10854,2382,13236,2026-08-22T09:04:30.012Z,FALSE,"",06:00,FALSE
fare_DEL-BLR_AI_2026-08-29_T+7_1787410677128_9xzb,DEL-BLR,EaseMyTrip,AI,AI-2809,2026-08-29,T+7,10909,2395,13304,2026-08-22T09:04:30.012Z,FALSE,"",19:30,TRUE
fare_DEL-BLR_AI_2026-08-29_T+7_1787410677128_cyvi,DEL-BLR,EaseMyTrip,AI,AI-1768,2026-08-29,T+7,10909,2395,13304,2026-08-22T09:04:30.012Z,FALSE,"",16:30,TRUE
fare_DEL-BLR_AI_2026-08-29_T+7_1787410677128_yypd,DEL-BLR,EaseMyTrip,AI,AI-2420,2026-08-29,T+7,10909,2395,13304,2026-08-22T09:04:30.012Z,FALSE,"",18:00,TRUE
fare_DEL-BLR_AI_2026-08-29_T+7_1787410677128_uj30,DEL-BLR,EaseMyTrip,AI,AI-2487,2026-08-29,T+7,10909,2395,13304,2026-08-22T09:04:30.012Z,FALSE,"",18:30,TRUE
fare_DEL-BLR_AI_2026-08-29_T+7_1787410677128_07xa,DEL-BLR,EaseMyTrip,AI,AI-2512,2026-08-29,T+7,10909,2395,13304,2026-08-22T09:04:30.012Z,FALSE,"",19:00,TRUE
fare_DEL-BLR_6E_2026-08-29_T+7_1787410677128_tmix,DEL-BLR,EaseMyTrip,6E,6E-759,2026-08-29,T+7,10772,2364,13136,2026-08-22T09:04:30.012Z,FALSE,"",16:30,FALSE
fare_DEL-BLR_6E_2026-08-29_T+7_1787410677128_d7zv,DEL-BLR,EaseMyTrip,6E,6E-209,2026-08-29,T+7,10772,2364,13136,2026-08-22T09:04:30.012Z,FALSE,"",16:30,FALSE
fare_DEL-BLR_QP_2026-08-29_T+7_1787410677128_a6zr,DEL-BLR,EaseMyTrip,QP,QP-1824,2026-08-29,T+7,10772,2365,13137,2026-08-22T09:04:30.012Z,FALSE,"",20:10,TRUE
fare_DEL-BLR_AI_2026-08-29_T+7_1787410677128_9566,DEL-BLR,EaseMyTrip,AI,AI-2879,2026-08-29,T+7,10999,2415,13414,2026-08-22T09:04:30.012Z,FALSE,"",18:00,FALSE
fare_DEL-BLR_IX_2026-08-29_T+7_1787410677128_h8v4,DEL-BLR,EaseMyTrip,IX,IX-1070,2026-08-29,T+7,11101,2437,13538,2026-08-22T09:04:30.012Z,FALSE,"",18:40,TRUE
fare_DEL-BLR_AI_2026-08-29_T+7_1787410677128_f8tx,DEL-BLR,EaseMyTrip,AI,AI-441,2026-08-29,T+7,11041,2424,13465,2026-08-22T09:04:30.012Z,FALSE,"",17:00,FALSE
fare_DEL-BLR_AI_2026-08-29_T+7_1787410677128_2974,DEL-BLR,EaseMyTrip,AI,AI-2943,2026-08-29,T+7,11041,2424,13465,2026-08-22T09:04:30.012Z,FALSE,"",07:30,FALSE
fare_DEL-BLR_AI_2026-08-29_T+7_1787410677128_76vn,DEL-BLR,EaseMyTrip,AI,AI-2425,2026-08-29,T+7,11041,2424,13465,2026-08-22T09:04:30.012Z,FALSE,"",10:30,FALSE
fare_DEL-BLR_AI_2026-08-29_T+7_1787410677128_4e58,DEL-BLR,EaseMyTrip,AI,AI-2933,2026-08-29,T+7,11041,2424,13465,2026-08-22T09:04:30.012Z,FALSE,"",15:30,FALSE
fare_DEL-BLR_AI_2026-08-29_T+7_1787410677128_kiin,DEL-BLR,EaseMyTrip,AI,AI-2496,2026-08-29,T+7,11059,2427,13486,2026-08-22T09:04:30.012Z,FALSE,"",03:00,FALSE
fare_DEL-BLR_AI_2026-08-29_T+7_1787410677128_5pby,DEL-BLR,EaseMyTrip,AI,AI-537,2026-08-29,T+7,11059,2427,13486,2026-08-22T09:04:30.012Z,FALSE,"",15:45,FALSE
fare_DEL-BLR_AI_2026-08-29_T+7_1787410677128_wriw,DEL-BLR,EaseMyTrip,AI,AI-429,2026-08-29,T+7,11092,2435,13527,2026-08-22T09:04:30.012Z,FALSE,"",10:20,FALSE
fare_DEL-BLR_AI_2026-08-29_T+7_1787410677128_xw44,DEL-BLR,EaseMyTrip,AI,AI-1767,2026-08-29,T+7,11092,2435,13527,2026-08-22T09:04:30.012Z,FALSE,"",07:20,FALSE
fare_DEL-BLR_AI_2026-08-29_T+7_1787410677128_4m9f,DEL-BLR,EaseMyTrip,AI,AI-2819,2026-08-29,T+7,11096,2436,13532,2026-08-22T09:04:30.012Z,FALSE,"",15:00,TRUE
fare_DEL-BLR_6E_2026-08-29_T+7_1787410677128_rbfn,DEL-BLR,EaseMyTrip,6E,6E-7646,2026-08-29,T+7,10954,2404,13358,2026-08-22T09:04:30.012Z,FALSE,"",06:15,FALSE
fare_DEL-BLR_6E_2026-08-29_T+7_1787410677128_hccc,DEL-BLR,EaseMyTrip,6E,6E-7624,2026-08-29,T+7,11035,2422,13457,2026-08-22T09:04:30.012Z,FALSE,"",05:50,FALSE
fare_DEL-BLR_6E_2026-08-29_T+7_1787410677128_s1vb,DEL-BLR,EaseMyTrip,6E,6E-6091,2026-08-29,T+7,11055,2427,13482,2026-08-22T09:04:30.012Z,FALSE,"",15:15,FALSE
fare_DEL-BLR_6E_2026-08-29_T+7_1787410677128_dnmz,DEL-BLR,EaseMyTrip,6E,6E-6476,2026-08-29,T+7,11068,2429,13497,2026-08-22T09:04:30.012Z,FALSE,"",07:05,FALSE
fare_DEL-BLR_QP_2026-08-29_T+7_1787410677128_04wr,DEL-BLR,EaseMyTrip,QP,QP-1940,2026-08-29,T+7,11206,2460,13666,2026-08-22T09:04:30.012Z,FALSE,"",14:10,FALSE
fare_DEL-BLR_6E_2026-08-29_T+7_1787410677128_y5cb,DEL-BLR,EaseMyTrip,6E,6E-2151,2026-08-29,T+7,11240,2467,13707,2026-08-22T09:04:30.012Z,FALSE,"",19:45,FALSE
fare_DEL-BLR_6E_2026-08-29_T+7_1787410677128_0mv3,DEL-BLR,EaseMyTrip,6E,6E-321,2026-08-29,T+7,11264,2473,13737,2026-08-22T09:04:30.012Z,FALSE,"",19:35,FALSE
fare_DEL-BLR_6E_2026-08-29_T+7_1787410677128_rdsg,DEL-BLR,EaseMyTrip,6E,6E-550,2026-08-29,T+7,11264,2473,13737,2026-08-22T09:04:30.012Z,FALSE,"",19:35,FALSE
fare_DEL-BLR_6E_2026-08-29_T+7_1787410677128_vzfu,DEL-BLR,EaseMyTrip,6E,6E-5073,2026-08-29,T+7,11264,2473,13737,2026-08-22T09:04:30.012Z,FALSE,"",17:05,FALSE
fare_DEL-BLR_6E_2026-08-29_T+7_1787410677128_sxas,DEL-BLR,EaseMyTrip,6E,6E-6459,2026-08-29,T+7,11319,2485,13804,2026-08-22T09:04:30.012Z,FALSE,"",05:55,FALSE
fare_DEL-BLR_6E_2026-08-29_T+7_1787410677128_jk1z,DEL-BLR,EaseMyTrip,6E,6E-6437,2026-08-29,T+7,11319,2485,13804,2026-08-22T09:04:30.012Z,FALSE,"",16:25,FALSE
fare_DEL-BLR_6E_2026-08-29_T+7_1787410677128_uexp,DEL-BLR,EaseMyTrip,6E,6E-6632,2026-08-29,T+7,11384,2499,13883,2026-08-22T09:04:30.012Z,FALSE,"",17:50,FALSE
fare_DEL-BLR_6E_2026-08-29_T+7_1787410677128_s7r7,DEL-BLR,EaseMyTrip,6E,6E-2277,2026-08-29,T+7,11384,2499,13883,2026-08-22T09:04:30.012Z,FALSE,"",10:25,FALSE
fare_DEL-BLR_6E_2026-08-29_T+7_1787410677128_9khk,DEL-BLR,EaseMyTrip,6E,6E-5038,2026-08-29,T+7,11384,2499,13883,2026-08-22T09:04:30.012Z,FALSE,"",14:00,FALSE
fare_DEL-BLR_6E_2026-08-29_T+7_1787410677128_paek,DEL-BLR,EaseMyTrip,6E,6E-665,2026-08-29,T+7,11384,2499,13883,2026-08-22T09:04:30.012Z,FALSE,"",12:15,FALSE
fare_DEL-BLR_6E_2026-08-29_T+7_1787410677128_864g,DEL-BLR,EaseMyTrip,6E,6E-191,2026-08-29,T+7,11384,2499,13883,2026-08-22T09:04:30.012Z,FALSE,"",12:15,FALSE
fare_DEL-BLR_6E_2026-08-29_T+7_1787410677128_qmeu,DEL-BLR,EaseMyTrip,6E,6E-7642,2026-08-29,T+7,11422,2507,13929,2026-08-22T09:04:30.012Z,FALSE,"",15:45,FALSE
fare_DEL-BLR_6E_2026-08-29_T+7_1787410677128_4m8u,DEL-BLR,EaseMyTrip,6E,6E-7628,2026-08-29,T+7,11422,2507,13929,2026-08-22T09:04:30.012Z,FALSE,"",15:05,FALSE
fare_DEL-BLR_6E_2026-08-29_T+7_1787410677128_fp19,DEL-BLR,EaseMyTrip,6E,6E-879,2026-08-29,T+7,11664,2560,14224,2026-08-22T09:04:30.012Z,FALSE,"",08:30,FALSE
fare_DEL-BLR_6E_2026-08-29_T+7_1787410677128_x0s3,DEL-BLR,EaseMyTrip,6E,6E-134,2026-08-29,T+7,11664,2560,14224,2026-08-22T09:04:30.012Z,FALSE,"",08:30,FALSE
fare_DEL-BLR_6E_2026-08-29_T+7_1787410677128_kwec,DEL-BLR,EaseMyTrip,6E,6E-5191,2026-08-29,T+7,11664,2560,14224,2026-08-22T09:04:30.012Z,FALSE,"",04:45,FALSE
fare_DEL-BLR_AI_2026-08-29_T+7_1787410677128_xa8l,DEL-BLR,EaseMyTrip,AI,AI-1740,2026-08-29,T+7,12208,2680,14888,2026-08-22T09:04:30.012Z,FALSE,"",17:40,FALSE
fare_DEL-BLR_IX_2026-08-29_T+7_1787410677128_yjrc,DEL-BLR,EaseMyTrip,IX,IX-1090,2026-08-29,T+7,12335,2708,15043,2026-08-22T09:04:30.012Z,FALSE,"",13:10,FALSE
fare_DEL-BLR_QP_2026-08-29_T+7_1787410677128_05py,DEL-BLR,EaseMyTrip,QP,QP-1809,2026-08-29,T+7,12266,2692,14958,2026-08-22T09:04:30.012Z,FALSE,"",18:10,FALSE
fare_DEL-BLR_6E_2026-08-29_T+7_1787410677128_fbpg,DEL-BLR,EaseMyTrip,6E,6E-6488,2026-08-29,T+7,12330,2706,15036,2026-08-22T09:04:30.012Z,FALSE,"",11:20,FALSE
fare_DEL-BLR_AI_2026-08-29_T+7_1787410677128_jmce,DEL-BLR,EaseMyTrip,AI,AI-2877,2026-08-29,T+7,12743,2797,15540,2026-08-22T09:04:30.012Z,FALSE,"",12:45,FALSE
fare_DEL-BLR_AI_2026-08-29_T+7_1787410677128_meop,DEL-BLR,EaseMyTrip,AI,AI-2735,2026-08-29,T+7,12863,2824,15687,2026-08-22T09:04:30.012Z,FALSE,"",15:40,FALSE
fare_DEL-BLR_AI_2026-08-29_T+7_1787410677128_v3w1,DEL-BLR,EaseMyTrip,AI,AI-2973,2026-08-29,T+7,12968,2847,15815,2026-08-22T09:04:30.012Z,FALSE,"",20:50,FALSE
fare_DEL-BLR_AI_2026-08-29_T+7_1787410677128_oh6r,DEL-BLR,EaseMyTrip,AI,AI-2571,2026-08-29,T+7,13077,2870,15947,2026-08-22T09:04:30.012Z,FALSE,"",05:45,FALSE
fare_DEL-BLR_AI_2026-08-29_T+7_1787410677128_6j56,DEL-BLR,EaseMyTrip,AI,AI-2963,2026-08-29,T+7,13907,3053,16960,2026-08-22T09:04:30.012Z,FALSE,"",09:00,FALSE
fare_DEL-BLR_AI_2026-08-29_T+7_1787410677128_hck1,DEL-BLR,EaseMyTrip,AI,AI-2751,2026-08-29,T+7,13907,3053,16960,2026-08-22T09:04:30.012Z,FALSE,"",17:30,FALSE
fare_DEL-BLR_IX_2026-08-29_T+7_1787410677128_t1ev,DEL-BLR,EaseMyTrip,IX,IX-5316,2026-08-29,T+7,13997,3072,17069,2026-08-22T09:04:30.012Z,FALSE,"",15:30,FALSE
fare_DEL-BLR_AI_2026-08-29_T+7_1787410677128_3f97,DEL-BLR,EaseMyTrip,AI,AI-1785,2026-08-29,T+7,14020,3077,17097,2026-08-22T09:04:30.012Z,FALSE,"",12:00,FALSE
fare_DEL-BLR_AI_2026-08-29_T+7_1787410677128_r08x,DEL-BLR,EaseMyTrip,AI,AI-2971,2026-08-29,T+7,14054,3085,17139,2026-08-22T09:04:30.012Z,FALSE,"",16:00,FALSE
fare_DEL-BLR_6E_2026-08-29_T+7_1787410677128_1wme,DEL-BLR,EaseMyTrip,6E,6E-5033,2026-08-29,T+7,13924,3056,16980,2026-08-22T09:04:30.012Z,FALSE,"",15:50,FALSE
fare_DEL-BLR_AI_2026-08-29_T+7_1787410677128_3edt,DEL-BLR,EaseMyTrip,AI,AI-2975,2026-08-29,T+7,14133,3102,17235,2026-08-22T09:04:30.012Z,FALSE,"",06:30,FALSE
fare_DEL-BLR_IX_2026-08-29_T+7_1787410677128_vsa1,DEL-BLR,EaseMyTrip,IX,IX-1812,2026-08-29,T+7,14291,3137,17428,2026-08-22T09:04:30.012Z,FALSE,"",07:10,FALSE
fare_DEL-BLR_6E_2026-08-29_T+7_1787410677128_1qku,DEL-BLR,EaseMyTrip,6E,6E-5119,2026-08-29,T+7,14065,3088,17153,2026-08-22T09:04:30.012Z,FALSE,"",05:10,FALSE
fare_DEL-BLR_6E_2026-08-29_T+7_1787410677128_39q1,DEL-BLR,EaseMyTrip,6E,6E-2557,2026-08-29,T+7,14208,3119,17327,2026-08-22T09:04:30.012Z,FALSE,"",15:20,FALSE
fare_DEL-BLR_AI_2026-08-29_T+7_1787410677128_2t8i,DEL-BLR,EaseMyTrip,AI,AI-1707,2026-08-29,T+7,14433,3168,17601,2026-08-22T09:04:30.012Z,FALSE,"",11:55,FALSE
fare_DEL-BLR_AI_2026-08-29_T+7_1787410677128_p3f9,DEL-BLR,EaseMyTrip,AI,AI-1780,2026-08-29,T+7,14654,3217,17871,2026-08-22T09:04:30.012Z,TRUE,"High outlier: ₹17871 > upper fence ₹17829 (Q3: ₹13723, IQR: ₹2737)",14:30,FALSE
fare_DEL-BLR_AI_2026-08-29_T+7_1787410677128_u0dv,DEL-BLR,EaseMyTrip,AI,AI-1702,2026-08-29,T+7,15192,3335,18527,2026-08-22T09:04:30.012Z,TRUE,"High outlier: ₹18527 > upper fence ₹17829 (Q3: ₹13723, IQR: ₹2737)",18:30,FALSE
fare_DEL-BLR_IX_2026-08-29_T+7_1787410677128_fxk4,DEL-BLR,EaseMyTrip,IX,IX-1980,2026-08-29,T+7,15473,3397,18870,2026-08-22T09:04:30.012Z,TRUE,"High outlier: ₹18870 > upper fence ₹17829 (Q3: ₹13723, IQR: ₹2737)",10:15,FALSE
fare_DEL-BLR_IX_2026-08-29_T+7_1787410677128_1xzn,DEL-BLR,EaseMyTrip,IX,IX-1012,2026-08-29,T+7,15473,3397,18870,2026-08-22T09:04:30.012Z,TRUE,"High outlier: ₹18870 > upper fence ₹17829 (Q3: ₹13723, IQR: ₹2737)",06:40,FALSE
fare_DEL-BLR_AI_2026-08-29_T+7_1787410677128_af2l,DEL-BLR,EaseMyTrip,AI,AI-2627,2026-08-29,T+7,16424,3605,20029,2026-08-22T09:04:30.012Z,TRUE,"High outlier: ₹20029 > upper fence ₹17829 (Q3: ₹13723, IQR: ₹2737)",10:45,FALSE
fare_DEL-BLR_IX_2026-08-29_T+7_1787410677128_k5qm,DEL-BLR,EaseMyTrip,IX,IX-1461,2026-08-29,T+7,17380,3815,21195,2026-08-22T09:04:30.012Z,TRUE,"High outlier: ₹21195 > upper fence ₹17829 (Q3: ₹13723, IQR: ₹2737)",05:35,FALSE
fare_DEL-BLR_6E_2026-08-29_T+7_1787410677128_tfti,DEL-BLR,EaseMyTrip,6E,6E-5001,2026-08-29,T+7,17695,3884,21579,2026-08-22T09:04:30.012Z,TRUE,"High outlier: ₹21579 > upper fence ₹17829 (Q3: ₹13723, IQR: ₹2737)",17:10,FALSE
fare_DEL-BLR_IX_2026-08-29_T+7_1787410677128_udt9,DEL-BLR,EaseMyTrip,IX,IX-1057,2026-08-29,T+7,18180,3991,22171,2026-08-22T09:04:30.012Z,TRUE,"High outlier: ₹22171 > upper fence ₹17829 (Q3: ₹13723, IQR: ₹2737)",05:25,FALSE
fare_DEL-BLR_IX_2026-08-29_T+7_1787410677128_sas6,DEL-BLR,EaseMyTrip,IX,IX-1815,2026-08-29,T+7,18478,4056,22534,2026-08-22T09:04:30.012Z,TRUE,"High outlier: ₹22534 > upper fence ₹17829 (Q3: ₹13723, IQR: ₹2737)",19:05,FALSE
fare_DEL-BLR_AI_2026-08-29_T+7_1787410677128_7iyz,DEL-BLR,EaseMyTrip,AI,AI-2458,2026-08-29,T+7,20235,4442,24677,2026-08-22T09:04:30.012Z,TRUE,"High outlier: ₹24677 > upper fence ₹17829 (Q3: ₹13723, IQR: ₹2737)",12:10,FALSE
fare_DEL-BOM_6E_2026-08-23_T+1_1787410677128_15oa,DEL-BOM,EaseMyTrip,6E,6E-501,2026-08-23,T+1,3505,769,4274,2026-08-22T05:06:35.383Z,FALSE,"",07:00,TRUE
fare_DEL-BOM_IX_2026-08-23_T+1_1787410677128_pdps,DEL-BOM,EaseMyTrip,IX,IX-1605,2026-08-23,T+1,5354,1175,6529,2026-08-22T08:49:18.234Z,FALSE,"",06:00,TRUE
fare_DEL-BOM_6E_2026-08-23_T+1_1787410677128_30s9,DEL-BOM,EaseMyTrip,6E,6E-6470,2026-08-23,T+1,5354,1175,6529,2026-08-22T08:49:18.234Z,FALSE,"",06:55,TRUE
fare_DEL-BOM_QP_2026-08-23_T+1_1787410677128_t0mq,DEL-BOM,EaseMyTrip,QP,QP-1119,2026-08-23,T+1,5355,1175,6530,2026-08-22T08:49:18.234Z,FALSE,"",08:40,TRUE
fare_DEL-BOM_6E_2026-08-23_T+1_1787410677128_ii8s,DEL-BOM,EaseMyTrip,6E,6E-6218,2026-08-23,T+1,5355,1175,6530,2026-08-22T08:49:18.234Z,FALSE,"",06:05,TRUE
fare_DEL-BOM_6E_2026-08-23_T+1_1787410677128_zwpj,DEL-BOM,EaseMyTrip,6E,6E-869,2026-08-23,T+1,5355,1175,6530,2026-08-22T08:49:18.234Z,FALSE,"",08:45,TRUE
fare_DEL-BOM_6E_2026-08-23_T+1_1787410677128_y407,DEL-BOM,EaseMyTrip,6E,6E-334,2026-08-23,T+1,5355,1175,6530,2026-08-22T08:49:18.234Z,FALSE,"",08:45,TRUE
fare_DEL-BOM_6E_2026-08-23_T+1_1787410677128_yi31,DEL-BOM,EaseMyTrip,6E,6E-535,2026-08-23,T+1,5355,1175,6530,2026-08-22T08:49:18.234Z,FALSE,"",08:00,TRUE
fare_DEL-BOM_6E_2026-08-23_T+1_1787410677128_qmhd,DEL-BOM,EaseMyTrip,6E,6E-191,2026-08-23,T+1,5355,1175,6530,2026-08-22T08:49:18.234Z,FALSE,"",08:00,TRUE
fare_DEL-BOM_QP_2026-08-23_T+1_1787410677128_uize,DEL-BOM,EaseMyTrip,QP,QP-1940,2026-08-23,T+1,5427,1191,6618,2026-08-22T08:49:18.234Z,FALSE,"",14:10,TRUE
fare_DEL-BOM_QP_2026-08-23_T+1_1787410677128_tdg7,DEL-BOM,EaseMyTrip,QP,QP-1942,2026-08-23,T+1,5427,1191,6618,2026-08-22T08:49:18.234Z,FALSE,"",21:05,TRUE
fare_DEL-BOM_6E_2026-08-23_T+1_1787410677128_h59a,DEL-BOM,EaseMyTrip,6E,6E-6107,2026-08-23,T+1,5484,1204,6688,2026-08-22T08:49:18.234Z,FALSE,"",09:30,TRUE
fare_DEL-BOM_AI_2026-08-23_T+1_1787410677128_t6d8,DEL-BOM,EaseMyTrip,AI,AI-2678,2026-08-23,T+1,5740,1260,7000,2026-08-22T08:49:18.234Z,FALSE,"",08:30,TRUE
fare_DEL-BOM_AI_2026-08-23_T+1_1787410677128_6wlm,DEL-BOM,EaseMyTrip,AI,AI-2963,2026-08-23,T+1,5740,1260,7000,2026-08-22T08:49:18.234Z,FALSE,"",09:00,TRUE
fare_DEL-BOM_AI_2026-08-23_T+1_1787410677128_kmuc,DEL-BOM,EaseMyTrip,AI,AI-2975,2026-08-23,T+1,5740,1260,7000,2026-08-22T08:49:18.234Z,FALSE,"",06:30,TRUE
fare_DEL-BOM_AI_2026-08-23_T+1_1787410677128_8koe,DEL-BOM,EaseMyTrip,AI,AI-2429,2026-08-23,T+1,5740,1260,7000,2026-08-22T08:49:18.234Z,FALSE,"",07:00,TRUE
fare_DEL-BOM_AI_2026-08-23_T+1_1787410677128_aqgx,DEL-BOM,EaseMyTrip,AI,AI-2943,2026-08-23,T+1,5740,1260,7000,2026-08-22T08:49:18.234Z,FALSE,"",07:30,TRUE
fare_DEL-BOM_AI_2026-08-23_T+1_1787410677128_gmat,DEL-BOM,EaseMyTrip,AI,AI-2615,2026-08-23,T+1,5740,1260,7000,2026-08-22T08:49:18.234Z,FALSE,"",02:45,TRUE
fare_DEL-BOM_QP_2026-08-23_T+1_1787410677128_qq7y,DEL-BOM,EaseMyTrip,QP,QP-1833,2026-08-23,T+1,5652,1241,6893,2026-08-22T08:49:18.234Z,FALSE,"",06:50,TRUE
fare_DEL-BOM_QP_2026-08-23_T+1_1787410677128_6geq,DEL-BOM,EaseMyTrip,QP,QP-1112,2026-08-23,T+1,5652,1241,6893,2026-08-22T08:49:18.234Z,FALSE,"",09:20,TRUE
fare_DEL-BOM_6E_2026-08-23_T+1_1787410677128_mmpx,DEL-BOM,EaseMyTrip,6E,6E-286,2026-08-23,T+1,5656,1242,6898,2026-08-22T08:49:18.234Z,FALSE,"",23:30,TRUE
fare_DEL-BOM_6E_2026-08-23_T+1_1787410677128_e6mo,DEL-BOM,EaseMyTrip,6E,6E-448,2026-08-23,T+1,5656,1242,6898,2026-08-22T08:49:18.234Z,FALSE,"",23:30,TRUE
fare_DEL-BOM_6E_2026-08-23_T+1_1787410677128_amoq,DEL-BOM,EaseMyTrip,6E,6E-6114,2026-08-23,T+1,5656,1242,6898,2026-08-22T08:49:18.234Z,FALSE,"",22:45,TRUE
fare_DEL-BOM_6E_2026-08-23_T+1_1787410677128_vdf9,DEL-BOM,EaseMyTrip,6E,6E-825,2026-08-23,T+1,5656,1242,6898,2026-08-22T08:49:18.234Z,FALSE,"",16:15,TRUE
fare_DEL-BOM_6E_2026-08-23_T+1_1787410677128_unjq,DEL-BOM,EaseMyTrip,6E,6E-812,2026-08-23,T+1,5656,1242,6898,2026-08-22T08:49:18.234Z,FALSE,"",16:15,TRUE
fare_DEL-BOM_6E_2026-08-23_T+1_1787410677128_u02v,DEL-BOM,EaseMyTrip,6E,6E-750,2026-08-23,T+1,5656,1242,6898,2026-08-22T08:49:18.234Z,FALSE,"",21:45,TRUE
fare_DEL-BOM_6E_2026-08-23_T+1_1787410677128_7iao,DEL-BOM,EaseMyTrip,6E,6E-344,2026-08-23,T+1,5656,1242,6898,2026-08-22T08:49:18.234Z,FALSE,"",21:45,TRUE
fare_DEL-BOM_6E_2026-08-23_T+1_1787410677128_es5u,DEL-BOM,EaseMyTrip,6E,6E-6318,2026-08-23,T+1,5656,1242,6898,2026-08-22T08:49:18.234Z,FALSE,"",14:45,TRUE
fare_DEL-BOM_6E_2026-08-23_T+1_1787410677128_i921,DEL-BOM,EaseMyTrip,6E,6E-6047,2026-08-23,T+1,5656,1242,6898,2026-08-22T08:49:18.234Z,FALSE,"",11:00,TRUE
fare_DEL-BOM_6E_2026-08-23_T+1_1787410677128_rgba,DEL-BOM,EaseMyTrip,6E,6E-6676,2026-08-23,T+1,5656,1242,6898,2026-08-22T08:49:18.234Z,FALSE,"",12:00,TRUE
fare_DEL-BOM_6E_2026-08-23_T+1_1787410677128_1tza,DEL-BOM,EaseMyTrip,6E,6E-464,2026-08-23,T+1,5656,1242,6898,2026-08-22T08:49:18.234Z,FALSE,"",13:00,TRUE
fare_DEL-BOM_6E_2026-08-23_T+1_1787410677128_3fzh,DEL-BOM,EaseMyTrip,6E,6E-112,2026-08-23,T+1,5656,1242,6898,2026-08-22T08:49:18.234Z,FALSE,"",13:00,TRUE
fare_DEL-BOM_6E_2026-08-23_T+1_1787410677128_6mc0,DEL-BOM,EaseMyTrip,6E,6E-6328,2026-08-23,T+1,5656,1242,6898,2026-08-22T08:49:18.234Z,FALSE,"",10:15,TRUE
fare_DEL-BOM_AI_2026-08-23_T+1_1787410677128_u98v,DEL-BOM,EaseMyTrip,AI,AI-2945,2026-08-23,T+1,5870,1289,7159,2026-08-22T08:49:18.234Z,FALSE,"",11:00,TRUE
fare_DEL-BOM_AI_2026-08-23_T+1_1787410677128_rv7a,DEL-BOM,EaseMyTrip,AI,AI-2999,2026-08-23,T+1,5870,1289,7159,2026-08-22T08:49:18.234Z,FALSE,"",22:00,TRUE
fare_DEL-BOM_AI_2026-08-23_T+1_1787410677128_bxq4,DEL-BOM,EaseMyTrip,AI,AI-2437,2026-08-23,T+1,5870,1289,7159,2026-08-22T08:49:18.234Z,FALSE,"",22:30,TRUE
fare_DEL-BOM_AI_2026-08-23_T+1_1787410677128_tw6w,DEL-BOM,EaseMyTrip,AI,AI-2927,2026-08-23,T+1,5870,1289,7159,2026-08-22T08:49:18.234Z,FALSE,"",09:30,TRUE
fare_DEL-BOM_AI_2026-08-23_T+1_1787410677128_roce,DEL-BOM,EaseMyTrip,AI,AI-2805,2026-08-23,T+1,5870,1289,7159,2026-08-22T08:49:18.234Z,FALSE,"",20:00,TRUE
fare_DEL-BOM_AI_2026-08-23_T+1_1787410677128_d8y2,DEL-BOM,EaseMyTrip,AI,AI-2957,2026-08-23,T+1,5870,1289,7159,2026-08-22T08:49:18.234Z,FALSE,"",20:30,TRUE
fare_DEL-BOM_QP_2026-08-23_T+1_1787410677128_xu9y,DEL-BOM,EaseMyTrip,QP,QP-1110,2026-08-23,T+1,5756,1263,7019,2026-08-22T08:49:18.234Z,FALSE,"",10:30,TRUE
fare_DEL-BOM_6E_2026-08-23_T+1_1787410677128_unuy,DEL-BOM,EaseMyTrip,6E,6E-337,2026-08-23,T+1,5871,1289,7160,2026-08-22T08:49:18.234Z,FALSE,"",20:45,TRUE
fare_DEL-BOM_6E_2026-08-23_T+1_1787410677128_f39i,DEL-BOM,EaseMyTrip,6E,6E-360,2026-08-23,T+1,5871,1289,7160,2026-08-22T08:49:18.234Z,FALSE,"",20:45,TRUE
fare_DEL-BOM_6E_2026-08-23_T+1_1787410677128_fhwn,DEL-BOM,EaseMyTrip,6E,6E-531,2026-08-23,T+1,5871,1289,7160,2026-08-22T08:49:18.234Z,FALSE,"",20:00,TRUE
fare_DEL-BOM_6E_2026-08-23_T+1_1787410677128_zpsy,DEL-BOM,EaseMyTrip,6E,6E-445,2026-08-23,T+1,5871,1289,7160,2026-08-22T08:49:18.234Z,FALSE,"",20:00,TRUE
fare_DEL-BOM_6E_2026-08-23_T+1_1787410677128_86s1,DEL-BOM,EaseMyTrip,6E,6E-282,2026-08-23,T+1,5871,1289,7160,2026-08-22T08:49:18.234Z,FALSE,"",19:00,TRUE
fare_DEL-BOM_6E_2026-08-23_T+1_1787410677128_j9jm,DEL-BOM,EaseMyTrip,6E,6E-856,2026-08-23,T+1,5871,1289,7160,2026-08-22T08:49:18.234Z,FALSE,"",19:00,TRUE
fare_DEL-BOM_6E_2026-08-23_T+1_1787410677128_xxz6,DEL-BOM,EaseMyTrip,6E,6E-784,2026-08-23,T+1,5871,1289,7160,2026-08-22T08:49:18.234Z,FALSE,"",18:00,TRUE
fare_DEL-BOM_6E_2026-08-23_T+1_1787410677128_q4hi,DEL-BOM,EaseMyTrip,6E,6E-989,2026-08-23,T+1,5871,1289,7160,2026-08-22T08:49:18.234Z,FALSE,"",18:00,TRUE
fare_DEL-BOM_6E_2026-08-23_T+1_1787410677128_n8ik,DEL-BOM,EaseMyTrip,6E,6E-742,2026-08-23,T+1,5914,1298,7212,2026-08-22T08:49:18.234Z,FALSE,"",20:20,TRUE
fare_DEL-BOM_6E_2026-08-23_T+1_1787410677128_bgl1,DEL-BOM,EaseMyTrip,6E,6E-707,2026-08-23,T+1,5914,1298,7212,2026-08-22T08:49:18.234Z,FALSE,"",20:20,TRUE
fare_DEL-BOM_6E_2026-08-23_T+1_1787410677128_ifdh,DEL-BOM,EaseMyTrip,6E,6E-6490,2026-08-23,T+1,6027,1323,7350,2026-08-22T08:49:18.234Z,FALSE,"",04:55,FALSE
fare_DEL-BOM_AI_2026-08-23_T+1_1787410677128_r7zy,DEL-BOM,EaseMyTrip,AI,AI-2439,2026-08-23,T+1,6193,1360,7553,2026-08-22T08:49:18.234Z,FALSE,"",23:00,TRUE
fare_DEL-BOM_6E_2026-08-23_T+1_1787410677128_1f61,DEL-BOM,EaseMyTrip,6E,6E-933,2026-08-23,T+1,6070,1333,7403,2026-08-22T08:49:18.234Z,FALSE,"",19:40,FALSE
fare_DEL-BOM_6E_2026-08-23_T+1_1787410677128_v53b,DEL-BOM,EaseMyTrip,6E,6E-350,2026-08-23,T+1,6070,1333,7403,2026-08-22T08:49:18.234Z,FALSE,"",19:40,FALSE
fare_DEL-BOM_6E_2026-08-23_T+1_1787410677128_3z9a,DEL-BOM,EaseMyTrip,6E,6E-6829,2026-08-23,T+1,6070,1333,7403,2026-08-22T08:49:18.234Z,FALSE,"",17:20,FALSE
fare_DEL-BOM_6E_2026-08-23_T+1_1787410677128_gwu9,DEL-BOM,EaseMyTrip,6E,6E-6443,2026-08-23,T+1,6070,1333,7403,2026-08-22T08:49:18.234Z,FALSE,"",09:00,FALSE
fare_DEL-BOM_6E_2026-08-23_T+1_1787410677128_o6dr,DEL-BOM,EaseMyTrip,6E,6E-6459,2026-08-23,T+1,6070,1333,7403,2026-08-22T08:49:18.234Z,FALSE,"",05:55,FALSE
fare_DEL-BOM_6E_2026-08-23_T+1_1787410677128_5zam,DEL-BOM,EaseMyTrip,6E,6E-6569,2026-08-23,T+1,6070,1333,7403,2026-08-22T08:49:18.234Z,FALSE,"",05:00,FALSE
fare_DEL-BOM_AI_2026-08-23_T+1_1787410677128_ijy5,DEL-BOM,EaseMyTrip,AI,AI-2425,2026-08-23,T+1,6257,1373,7630,2026-08-22T08:49:18.234Z,FALSE,"",10:30,TRUE
fare_DEL-BOM_AI_2026-08-23_T+1_1787410677128_owf1,DEL-BOM,EaseMyTrip,AI,AI-2433,2026-08-23,T+1,6257,1373,7630,2026-08-22T08:49:18.234Z,FALSE,"",21:30,TRUE
fare_DEL-BOM_6E_2026-08-23_T+1_1787410677128_eyvx,DEL-BOM,EaseMyTrip,6E,6E-6706,2026-08-23,T+1,6130,1345,7475,2026-08-22T08:49:18.234Z,FALSE,"",17:00,TRUE
fare_DEL-BOM_6E_2026-08-23_T+1_1787410677128_xzwn,DEL-BOM,EaseMyTrip,6E,6E-632,2026-08-23,T+1,6130,1345,7475,2026-08-22T08:49:18.234Z,FALSE,"",15:30,TRUE
fare_DEL-BOM_6E_2026-08-23_T+1_1787410677128_lry9,DEL-BOM,EaseMyTrip,6E,6E-616,2026-08-23,T+1,6130,1345,7475,2026-08-22T08:49:18.234Z,FALSE,"",15:30,TRUE
fare_DEL-BOM_6E_2026-08-23_T+1_1787410677128_1oyb,DEL-BOM,EaseMyTrip,6E,6E-6479,2026-08-23,T+1,6135,1347,7482,2026-08-22T08:49:18.234Z,FALSE,"",21:25,FALSE
fare_DEL-BOM_6E_2026-08-23_T+1_1787410677128_wo96,DEL-BOM,EaseMyTrip,6E,6E-5298,2026-08-23,T+1,6135,1347,7482,2026-08-22T08:49:18.234Z,FALSE,"",09:00,FALSE
fare_DEL-BOM_6E_2026-08-23_T+1_1787410677128_umum,DEL-BOM,EaseMyTrip,6E,6E-5038,2026-08-23,T+1,6135,1347,7482,2026-08-22T08:49:18.234Z,FALSE,"",14:00,FALSE
fare_DEL-BOM_6E_2026-08-23_T+1_1787410677128_ilhb,DEL-BOM,EaseMyTrip,6E,6E-5206,2026-08-23,T+1,6135,1347,7482,2026-08-22T08:49:18.234Z,FALSE,"",13:20,FALSE
fare_DEL-BOM_QP_2026-08-23_T+1_1787410677128_lab6,DEL-BOM,EaseMyTrip,QP,QP-1826,2026-08-23,T+1,6188,1358,7546,2026-08-22T08:49:18.234Z,FALSE,"",19:55,TRUE
fare_DEL-BOM_6E_2026-08-23_T+1_1787410677128_zsu9,DEL-BOM,EaseMyTrip,6E,6E-6497,2026-08-23,T+1,6243,1370,7613,2026-08-22T08:49:18.234Z,FALSE,"",18:45,FALSE
fare_DEL-BOM_AI_2026-08-23_T+1_1787410677128_dafh,DEL-BOM,EaseMyTrip,AI,AI-2981,2026-08-23,T+1,6414,1408,7822,2026-08-22T08:49:18.234Z,FALSE,"",21:00,TRUE
fare_DEL-BOM_IX_2026-08-23_T+1_1787410677128_d2ip,DEL-BOM,EaseMyTrip,IX,IX-1617,2026-08-23,T+1,6528,1433,7961,2026-08-22T08:49:18.234Z,FALSE,"",11:50,FALSE
fare_DEL-BOM_6E_2026-08-23_T+1_1787410677128_m7lf,DEL-BOM,EaseMyTrip,6E,6E-2235,2026-08-23,T+1,6307,1385,7692,2026-08-22T08:49:18.234Z,FALSE,"",19:30,FALSE
fare_DEL-BOM_6E_2026-08-23_T+1_1787410677128_y5p9,DEL-BOM,EaseMyTrip,6E,6E-6022,2026-08-23,T+1,6388,1402,7790,2026-08-22T08:49:18.234Z,FALSE,"",14:00,TRUE
fare_DEL-BOM_6E_2026-08-23_T+1_1787410677128_0wba,DEL-BOM,EaseMyTrip,6E,6E-5014,2026-08-23,T+1,6445,1415,7860,2026-08-22T08:49:18.234Z,FALSE,"",18:30,FALSE
fare_DEL-BOM_AI_2026-08-23_T+1_1787410677128_dh4a,DEL-BOM,EaseMyTrip,AI,AI-2977,2026-08-23,T+1,6624,1454,8078,2026-08-22T08:49:18.234Z,FALSE,"",19:00,TRUE
fare_DEL-BOM_6E_2026-08-23_T+1_1787410677128_t3tr,DEL-BOM,EaseMyTrip,6E,6E-2496,2026-08-23,T+1,6501,1427,7928,2026-08-22T08:49:18.234Z,FALSE,"",12:40,FALSE
fare_DEL-BOM_6E_2026-08-23_T+1_1787410677128_47vx,DEL-BOM,EaseMyTrip,6E,6E-5198,2026-08-23,T+1,6503,1428,7931,2026-08-22T08:49:18.234Z,FALSE,"",15:00,TRUE
fare_DEL-BOM_QP_2026-08-23_T+1_1787410677128_3s8j,DEL-BOM,EaseMyTrip,QP,QP-1836,2026-08-23,T+1,6658,1461,8119,2026-08-22T08:49:18.234Z,FALSE,"",12:05,TRUE
fare_DEL-BOM_AI_2026-08-23_T+1_1787410677128_5ugc,DEL-BOM,EaseMyTrip,AI,AI-2941,2026-08-23,T+1,6836,1500,8336,2026-08-22T08:49:18.234Z,FALSE,"",16:30,TRUE
fare_DEL-BOM_AI_2026-08-23_T+1_1787410677128_djxp,DEL-BOM,EaseMyTrip,AI,AI-2751,2026-08-23,T+1,6836,1500,8336,2026-08-22T08:49:18.234Z,FALSE,"",17:30,TRUE
fare_DEL-BOM_AI_2026-08-23_T+1_1787410677128_yxhg,DEL-BOM,EaseMyTrip,AI,AI-2985,2026-08-23,T+1,6836,1500,8336,2026-08-22T08:49:18.234Z,FALSE,"",19:30,TRUE
fare_DEL-BOM_AI_2026-08-23_T+1_1787410677128_xnx3,DEL-BOM,EaseMyTrip,AI,AI-2441,2026-08-23,T+1,6836,1500,8336,2026-08-22T08:49:18.234Z,FALSE,"",18:25,TRUE
fare_DEL-BOM_AI_2026-08-23_T+1_1787410677128_u42u,DEL-BOM,EaseMyTrip,AI,AI-1780,2026-08-23,T+1,6836,1500,8336,2026-08-22T08:49:18.234Z,FALSE,"",14:30,TRUE
fare_DEL-BOM_AI_2026-08-23_T+1_1787410677128_dewv,DEL-BOM,EaseMyTrip,AI,AI-2933,2026-08-23,T+1,7010,1539,8549,2026-08-22T08:49:18.234Z,FALSE,"",15:30,TRUE
fare_DEL-BOM_AI_2026-08-23_T+1_1787410677128_ehz9,DEL-BOM,EaseMyTrip,AI,AI-1777,2026-08-23,T+1,7068,1552,8620,2026-08-22T08:49:18.234Z,FALSE,"",16:00,TRUE
fare_DEL-BOM_AI_2026-08-23_T+1_1787410677128_6buc,DEL-BOM,EaseMyTrip,AI,AI-2955,2026-08-23,T+1,7243,1590,8833,2026-08-22T08:49:18.234Z,FALSE,"",18:00,TRUE
fare_DEL-BOM_IX_2026-08-23_T+1_1787410677128_tpks,DEL-BOM,EaseMyTrip,IX,IX-1395,2026-08-23,T+1,7351,1614,8965,2026-08-22T08:49:18.234Z,FALSE,"",19:15,TRUE
fare_DEL-BOM_QP_2026-08-23_T+1_1787410677128_8lzs,DEL-BOM,EaseMyTrip,QP,QP-1128,2026-08-23,T+1,7433,1632,9065,2026-08-22T08:49:18.234Z,FALSE,"",16:00,TRUE
fare_DEL-BOM_IX_2026-08-23_T+1_1787410677128_b4qg,DEL-BOM,EaseMyTrip,IX,IX-2820,2026-08-23,T+1,7865,1726,9591,2026-08-22T08:49:18.234Z,FALSE,"",21:00,FALSE
fare_DEL-BOM_IX_2026-08-23_T+1_1787410677128_6n8g,DEL-BOM,EaseMyTrip,IX,IX-1817,2026-08-23,T+1,7865,1726,9591,2026-08-22T08:49:18.234Z,FALSE,"",19:30,FALSE
fare_DEL-BOM_6E_2026-08-23_T+1_1787410677128_pelx,DEL-BOM,EaseMyTrip,6E,6E-6312,2026-08-23,T+1,7667,1683,9350,2026-08-22T08:49:18.234Z,FALSE,"",14:25,FALSE
fare_DEL-BOM_AI_2026-08-23_T+1_1787410677128_zoa2,DEL-BOM,EaseMyTrip,AI,AI-1785,2026-08-23,T+1,7858,1725,9583,2026-08-22T08:49:18.234Z,FALSE,"",12:00,TRUE
fare_DEL-BOM_QP_2026-08-23_T+1_1787410677128_u8dj,DEL-BOM,EaseMyTrip,QP,QP-1820,2026-08-23,T+1,7715,1694,9409,2026-08-22T08:49:18.234Z,FALSE,"",17:30,TRUE
fare_DEL-BOM_IX_2026-08-23_T+1_1787410677128_88sl,DEL-BOM,EaseMyTrip,IX,IX-1038,2026-08-23,T+1,8405,1845,10250,2026-08-22T08:49:18.234Z,FALSE,"",18:40,TRUE
fare_DEL-BOM_IX_2026-08-23_T+1_1787410677128_0au0,DEL-BOM,EaseMyTrip,IX,IX-1789,2026-08-23,T+1,8534,1873,10407,2026-08-22T08:49:18.234Z,FALSE,"",10:40,FALSE
fare_DEL-BOM_6E_2026-08-23_T+1_1787410677128_2e86,DEL-BOM,EaseMyTrip,6E,6E-5138,2026-08-23,T+1,8308,1824,10132,2026-08-22T08:49:18.234Z,FALSE,"",19:10,FALSE
fare_DEL-BOM_6E_2026-08-23_T+1_1787410677128_97vs,DEL-BOM,EaseMyTrip,6E,6E-863,2026-08-23,T+1,8905,1955,10860,2026-08-22T08:49:18.234Z,FALSE,"",19:35,FALSE
fare_DEL-BOM_6E_2026-08-23_T+1_1787410677128_k1qt,DEL-BOM,EaseMyTrip,6E,6E-790,2026-08-23,T+1,8905,1955,10860,2026-08-22T08:49:18.234Z,FALSE,"",19:35,FALSE
fare_DEL-BOM_6E_2026-08-23_T+1_1787410677128_d4he,DEL-BOM,EaseMyTrip,6E,6E-6261,2026-08-23,T+1,8905,1955,10860,2026-08-22T08:49:18.234Z,FALSE,"",00:15,FALSE
fare_DEL-BOM_AI_2026-08-23_T+1_1787410677128_c0ra,DEL-BOM,EaseMyTrip,AI,AI-1705,2026-08-23,T+1,9656,2119,11775,2026-08-22T08:49:18.234Z,FALSE,"",06:30,FALSE
fare_DEL-BOM_AI_2026-08-23_T+1_1787410677128_3v5u,DEL-BOM,EaseMyTrip,AI,AI-9447,2026-08-23,T+1,9810,2153,11963,2026-08-22T08:49:18.234Z,FALSE,"",23:25,FALSE
fare_DEL-BOM_6E_2026-08-23_T+1_1787410677128_nya2,DEL-BOM,EaseMyTrip,6E,6E-6433,2026-08-23,T+1,9788,2149,11937,2026-08-22T08:49:18.234Z,FALSE,"",16:30,FALSE
fare_DEL-BOM_6E_2026-08-23_T+1_1787410677128_ue47,DEL-BOM,EaseMyTrip,6E,6E-6190,2026-08-23,T+1,10272,2255,12527,2026-08-22T08:49:18.234Z,FALSE,"",07:40,FALSE
fare_DEL-BOM_IX_2026-08-23_T+1_1787410677128_8vlr,DEL-BOM,EaseMyTrip,IX,IX-2146,2026-08-23,T+1,10614,2330,12944,2026-08-22T08:49:18.234Z,FALSE,"",06:20,FALSE
fare_DEL-BOM_6E_2026-08-23_T+1_1787410677128_uz56,DEL-BOM,EaseMyTrip,6E,6E-2349,2026-08-23,T+1,10730,2355,13085,2026-08-22T08:49:18.234Z,FALSE,"",10:55,FALSE
fare_DEL-BOM_6E_2026-08-23_T+1_1787410677128_vpag,DEL-BOM,EaseMyTrip,6E,6E-660,2026-08-23,T+1,10902,2393,13295,2026-08-22T08:49:18.234Z,FALSE,"",23:15,FALSE
fare_DEL-BOM_6E_2026-08-23_T+1_1787410677128_5pf0,DEL-BOM,EaseMyTrip,6E,6E-726,2026-08-23,T+1,10902,2393,13295,2026-08-22T08:49:18.234Z,FALSE,"",23:15,FALSE
fare_DEL-BOM_AI_2026-08-23_T+1_1787410677128_91jm,DEL-BOM,EaseMyTrip,AI,AI-9757,2026-08-23,T+1,11286,2478,13764,2026-08-22T08:49:18.234Z,FALSE,"",11:50,FALSE
fare_DEL-BOM_AI_2026-08-23_T+1_1787410677128_9ah5,DEL-BOM,EaseMyTrip,AI,AI-2623,2026-08-23,T+1,11287,2478,13765,2026-08-22T08:49:18.234Z,FALSE,"",13:35,FALSE
fare_DEL-BOM_6E_2026-08-23_T+1_1787410677128_geh9,DEL-BOM,EaseMyTrip,6E,6E-2249,2026-08-23,T+1,11220,2463,13683,2026-08-22T08:49:18.234Z,FALSE,"",15:00,FALSE
fare_DEL-BOM_AI_2026-08-23_T+1_1787410677128_6djm,DEL-BOM,EaseMyTrip,AI,AI-1720,2026-08-23,T+1,12348,2711,15059,2026-08-22T08:49:18.234Z,FALSE,"",20:30,FALSE
fare_DEL-BOM_IX_2026-08-23_T+1_1787410677128_gcik,DEL-BOM,EaseMyTrip,IX,IX-1056,2026-08-23,T+1,12464,2736,15200,2026-08-22T08:49:18.234Z,FALSE,"",17:50,TRUE
fare_DEL-BOM_AI_2026-08-23_T+1_1787410677128_s7mq,DEL-BOM,EaseMyTrip,AI,AI-2763,2026-08-23,T+1,12607,2767,15374,2026-08-22T08:49:18.234Z,FALSE,"",13:55,FALSE
fare_DEL-BOM_6E_2026-08-23_T+1_1787410677128_edak,DEL-BOM,EaseMyTrip,6E,6E-6488,2026-08-23,T+1,12605,2767,15372,2026-08-22T08:49:18.234Z,FALSE,"",11:20,FALSE
fare_DEL-BOM_AI_2026-08-23_T+1_1787410677128_l3c8,DEL-BOM,EaseMyTrip,AI,AI-2717,2026-08-23,T+1,13405,2942,16347,2026-08-22T08:49:18.234Z,FALSE,"",06:55,FALSE
fare_DEL-BOM_AI_2026-08-23_T+1_1787410677128_55gf,DEL-BOM,EaseMyTrip,AI,AI-9674,2026-08-23,T+1,14017,3077,17094,2026-08-22T08:49:18.234Z,FALSE,"",16:40,FALSE
fare_DEL-BOM_6E_2026-08-23_T+1_1787410677128_fssm,DEL-BOM,EaseMyTrip,6E,6E-7646,2026-08-23,T+1,13856,3041,16897,2026-08-22T08:49:18.234Z,FALSE,"",06:15,FALSE
fare_DEL-BOM_AI_2026-08-23_T+1_1787410677128_qp0d,DEL-BOM,EaseMyTrip,AI,AI-491,2026-08-23,T+1,14216,3120,17336,2026-08-22T08:49:18.234Z,FALSE,"",11:15,FALSE
fare_DEL-BOM_AI_2026-08-23_T+1_1787410677128_wrr3,DEL-BOM,EaseMyTrip,AI,AI-1711,2026-08-23,T+1,14216,3120,17336,2026-08-22T08:49:18.234Z,FALSE,"",10:25,FALSE
fare_DEL-BOM_AI_2026-08-23_T+1_1787410677128_ue4q,DEL-BOM,EaseMyTrip,AI,AI-817,2026-08-23,T+1,14440,3170,17610,2026-08-22T08:49:18.234Z,FALSE,"",05:55,FALSE
fare_DEL-BOM_AI_2026-08-23_T+1_1787410677128_2ckt,DEL-BOM,EaseMyTrip,AI,AI-2577,2026-08-23,T+1,14577,3200,17777,2026-08-22T08:49:18.234Z,FALSE,"",02:00,FALSE
fare_DEL-BOM_AI_2026-08-23_T+1_1787410677128_jn9s,DEL-BOM,EaseMyTrip,AI,AI-1706,2026-08-23,T+1,14577,3200,17777,2026-08-22T08:49:18.234Z,FALSE,"",23:00,FALSE
fare_DEL-BOM_6E_2026-08-23_T+1_1787410677128_xmcm,DEL-BOM,EaseMyTrip,6E,6E-6601,2026-08-23,T+1,14512,3185,17697,2026-08-22T08:49:18.234Z,FALSE,"",19:45,FALSE
fare_DEL-BOM_6E_2026-08-23_T+1_1787410677128_llhh,DEL-BOM,EaseMyTrip,6E,6E-5119,2026-08-23,T+1,14874,3265,18139,2026-08-22T08:49:18.234Z,FALSE,"",05:10,FALSE
fare_DEL-BOM_6E_2026-08-23_T+1_1787410677128_h01m,DEL-BOM,EaseMyTrip,6E,6E-2013,2026-08-23,T+1,14874,3265,18139,2026-08-22T08:49:18.234Z,FALSE,"",21:50,FALSE
fare_DEL-BOM_AI_2026-08-23_T+1_1787410677128_vcgy,DEL-BOM,EaseMyTrip,AI,AI-9418,2026-08-23,T+1,15884,3487,19371,2026-08-22T08:49:18.234Z,FALSE,"",13:10,FALSE
fare_DEL-BOM_6E_2026-08-23_T+1_1787410677128_l04c,DEL-BOM,EaseMyTrip,6E,6E-6212,2026-08-23,T+1,16436,3608,20044,2026-08-22T08:49:18.234Z,FALSE,"",14:45,FALSE
fare_DEL-BOM_6E_2026-08-23_T+1_1787410677128_pa51,DEL-BOM,EaseMyTrip,6E,6E-7642,2026-08-23,T+1,16480,3617,20097,2026-08-22T08:49:18.234Z,FALSE,"",15:45,FALSE
fare_DEL-BOM_AI_2026-08-23_T+1_1787410677128_5fc9,DEL-BOM,EaseMyTrip,AI,AI-2653,2026-08-23,T+1,16796,3687,20483,2026-08-22T08:49:18.234Z,FALSE,"",04:30,FALSE
fare_DEL-BOM_AI_2026-08-23_T+1_1787410677128_p0ae,DEL-BOM,EaseMyTrip,AI,AI-531,2026-08-23,T+1,16802,3688,20490,2026-08-22T08:49:18.234Z,FALSE,"",19:20,FALSE
fare_DEL-BOM_AI_2026-08-23_T+1_1787410677128_oc4o,DEL-BOM,EaseMyTrip,AI,AI-2907,2026-08-23,T+1,16927,3716,20643,2026-08-22T08:49:18.234Z,FALSE,"",11:55,FALSE
fare_DEL-BOM_6E_2026-08-23_T+1_1787410677128_bs2f,DEL-BOM,EaseMyTrip,6E,6E-2381,2026-08-23,T+1,17062,3745,20807,2026-08-22T08:49:18.234Z,FALSE,"",13:45,FALSE
fare_DEL-BOM_AI_2026-08-23_T+1_1787410677128_bjbl,DEL-BOM,EaseMyTrip,AI,AI-2627,2026-08-23,T+1,17377,3815,21192,2026-08-22T08:49:18.234Z,FALSE,"",10:45,FALSE
fare_DEL-BOM_6E_2026-08-23_T+1_1787410677128_na92,DEL-BOM,EaseMyTrip,6E,6E-2076,2026-08-23,T+1,17745,3895,21640,2026-08-22T08:49:18.234Z,FALSE,"",07:30,FALSE
fare_DEL-BOM_6E_2026-08-23_T+1_1787410677128_cwb7,DEL-BOM,EaseMyTrip,6E,6E-110,2026-08-23,T+1,17919,3934,21853,2026-08-22T08:49:18.234Z,FALSE,"",08:30,FALSE
fare_DEL-BOM_6E_2026-08-23_T+1_1787410677128_avgt,DEL-BOM,EaseMyTrip,6E,6E-847,2026-08-23,T+1,17919,3934,21853,2026-08-22T08:49:18.234Z,FALSE,"",08:30,FALSE
fare_DEL-BOM_6E_2026-08-23_T+1_1787410677128_elvc,DEL-BOM,EaseMyTrip,6E,6E-6282,2026-08-23,T+1,17919,3934,21853,2026-08-22T08:49:18.234Z,FALSE,"",13:30,FALSE
fare_DEL-BOM_AI_2026-08-23_T+1_1787410677128_7m5p,DEL-BOM,EaseMyTrip,AI,AI-2525,2026-08-23,T+1,18285,4014,22299,2026-08-22T08:49:18.234Z,FALSE,"",06:00,FALSE
fare_DEL-BOM_6E_2026-08-23_T+1_1787410677128_28zn,DEL-BOM,EaseMyTrip,6E,6E-6293,2026-08-23,T+1,18215,3999,22214,2026-08-22T08:49:18.234Z,FALSE,"",09:55,FALSE
fare_DEL-BOM_IX_2026-08-23_T+1_1787410677128_ad8u,DEL-BOM,EaseMyTrip,IX,IX-1057,2026-08-23,T+1,18871,4142,23013,2026-08-22T08:49:18.234Z,FALSE,"",05:25,FALSE
fare_DEL-BOM_IX_2026-08-23_T+1_1787410677128_ob3o,DEL-BOM,EaseMyTrip,IX,IX-1003,2026-08-23,T+1,19128,4199,23327,2026-08-22T08:49:18.234Z,FALSE,"",19:10,FALSE
fare_DEL-BOM_AI_2026-08-23_T+1_1787410677128_wuk8,DEL-BOM,EaseMyTrip,AI,AI-9584,2026-08-23,T+1,19194,4213,23407,2026-08-22T08:49:18.234Z,FALSE,"",11:20,FALSE
fare_DEL-BOM_IX_2026-08-23_T+1_1787410677128_0mzr,DEL-BOM,EaseMyTrip,IX,IX-1108,2026-08-23,T+1,19409,4260,23669,2026-08-22T08:49:18.234Z,FALSE,"",05:00,FALSE
fare_DEL-BOM_IX_2026-08-23_T+1_1787410677128_o3fo,DEL-BOM,EaseMyTrip,IX,IX-1068,2026-08-23,T+1,20117,4416,24533,2026-08-22T08:49:18.234Z,FALSE,"",12:00,FALSE
fare_DEL-BOM_6E_2026-08-23_T+1_1787410677128_to6h,DEL-BOM,EaseMyTrip,6E,6E-5073,2026-08-23,T+1,19890,4366,24256,2026-08-22T08:49:18.234Z,FALSE,"",17:05,FALSE
fare_DEL-BOM_AI_2026-08-23_T+1_1787410677128_alku,DEL-BOM,EaseMyTrip,AI,AI-2417,2026-08-23,T+1,20315,4459,24774,2026-08-22T08:49:18.234Z,FALSE,"",13:00,FALSE
fare_DEL-BOM_IX_2026-08-23_T+1_1787410677128_bpud,DEL-BOM,EaseMyTrip,IX,IX-1482,2026-08-23,T+1,20394,4477,24871,2026-08-22T08:49:18.234Z,FALSE,"",08:30,FALSE
fare_DEL-BOM_AI_2026-08-23_T+1_1787410677128_gvfv,DEL-BOM,EaseMyTrip,AI,AI-1779,2026-08-23,T+1,20397,4477,24874,2026-08-22T08:49:18.234Z,FALSE,"",13:55,FALSE
fare_DEL-BOM_AI_2026-08-23_T+1_1787410677128_2mql,DEL-BOM,EaseMyTrip,AI,AI-2465,2026-08-23,T+1,20897,4587,25484,2026-08-22T08:49:18.234Z,FALSE,"",14:30,FALSE
fare_DEL-BOM_6E_2026-08-23_T+1_1787410677128_r0x2,DEL-BOM,EaseMyTrip,6E,6E-2341,2026-08-23,T+1,21214,4657,25871,2026-08-22T08:49:18.234Z,FALSE,"",14:50,FALSE
fare_DEL-BOM_6E_2026-08-23_T+1_1787410677128_9vhn,DEL-BOM,EaseMyTrip,6E,6E-2331,2026-08-23,T+1,21214,4657,25871,2026-08-22T08:49:18.234Z,FALSE,"",12:20,FALSE
fare_DEL-BOM_6E_2026-08-23_T+1_1787410677128_7ib3,DEL-BOM,EaseMyTrip,6E,6E-345,2026-08-23,T+1,23143,5080,28223,2026-08-22T08:49:18.234Z,TRUE,"High outlier: ₹28223 > upper fence ₹26147 (Q3: ₹14754, IQR: ₹7595)",12:15,FALSE
fare_DEL-BOM_6E_2026-08-23_T+1_1787410677128_lxmx,DEL-BOM,EaseMyTrip,6E,6E-518,2026-08-23,T+1,23143,5080,28223,2026-08-22T08:49:18.234Z,TRUE,"High outlier: ₹28223 > upper fence ₹26147 (Q3: ₹14754, IQR: ₹7595)",12:15,FALSE
fare_DEL-BOM_IX_2026-08-23_T+1_1787410677128_r6te,DEL-BOM,EaseMyTrip,IX,IX-1070,2026-08-23,T+1,26779,5878,32657,2026-08-22T08:49:18.234Z,TRUE,"High outlier: ₹32657 > upper fence ₹26147 (Q3: ₹14754, IQR: ₹7595)",18:40,FALSE
fare_DEL-BOM_6E_2026-08-23_T+1_1787410677129_o1vc,DEL-BOM,EaseMyTrip,6E,6E-811,2026-08-23,T+1,5355,1175,6530,2026-08-22T09:04:00.276Z,FALSE,"",08:45,TRUE
fare_DEL-BOM_6E_2026-08-23_T+1_1787410677129_i3iy,DEL-BOM,EaseMyTrip,6E,6E-199,2026-08-23,T+1,5355,1175,6530,2026-08-22T09:04:00.276Z,FALSE,"",08:45,TRUE
fare_DEL-BOM_6E_2026-08-23_T+1_1787410677129_hv9z,DEL-BOM,EaseMyTrip,6E,6E-280,2026-08-23,T+1,5355,1175,6530,2026-08-22T09:04:00.276Z,FALSE,"",08:00,TRUE
fare_DEL-BOM_6E_2026-08-23_T+1_1787410677129_9y5r,DEL-BOM,EaseMyTrip,6E,6E-859,2026-08-23,T+1,5355,1175,6530,2026-08-22T09:04:00.276Z,FALSE,"",08:00,TRUE
fare_DEL-BOM_6E_2026-08-23_T+1_1787410677129_incb,DEL-BOM,EaseMyTrip,6E,6E-852,2026-08-23,T+1,5656,1242,6898,2026-08-22T09:04:00.276Z,FALSE,"",23:30,TRUE
fare_DEL-BOM_6E_2026-08-23_T+1_1787410677129_60zt,DEL-BOM,EaseMyTrip,6E,6E-821,2026-08-23,T+1,5656,1242,6898,2026-08-22T09:04:00.276Z,FALSE,"",23:30,TRUE
fare_DEL-BOM_6E_2026-08-23_T+1_1787410677129_qudz,DEL-BOM,EaseMyTrip,6E,6E-577,2026-08-23,T+1,5656,1242,6898,2026-08-22T09:04:00.276Z,FALSE,"",16:15,TRUE
fare_DEL-BOM_6E_2026-08-23_T+1_1787410677129_4jm7,DEL-BOM,EaseMyTrip,6E,6E-355,2026-08-23,T+1,5656,1242,6898,2026-08-22T09:04:00.276Z,FALSE,"",16:15,TRUE
fare_DEL-BOM_6E_2026-08-23_T+1_1787410677129_9otf,DEL-BOM,EaseMyTrip,6E,6E-395,2026-08-23,T+1,5656,1242,6898,2026-08-22T09:04:00.276Z,FALSE,"",21:45,TRUE
fare_DEL-BOM_6E_2026-08-23_T+1_1787410677129_c6xw,DEL-BOM,EaseMyTrip,6E,6E-398,2026-08-23,T+1,5656,1242,6898,2026-08-22T09:04:00.276Z,FALSE,"",13:00,TRUE
fare_DEL-BOM_6E_2026-08-23_T+1_1787410677129_i7cv,DEL-BOM,EaseMyTrip,6E,6E-171,2026-08-23,T+1,5656,1242,6898,2026-08-22T09:04:00.276Z,FALSE,"",13:00,TRUE
fare_DEL-BOM_6E_2026-08-23_T+1_1787410677129_hyeo,DEL-BOM,EaseMyTrip,6E,6E-151,2026-08-23,T+1,5871,1289,7160,2026-08-22T09:04:00.276Z,FALSE,"",20:45,TRUE
fare_DEL-BOM_6E_2026-08-23_T+1_1787410677129_l2x4,DEL-BOM,EaseMyTrip,6E,6E-768,2026-08-23,T+1,5871,1289,7160,2026-08-22T09:04:00.276Z,FALSE,"",20:45,TRUE
fare_DEL-BOM_6E_2026-08-23_T+1_1787410677129_0rwx,DEL-BOM,EaseMyTrip,6E,6E-477,2026-08-23,T+1,5871,1289,7160,2026-08-22T09:04:00.276Z,FALSE,"",20:00,TRUE
fare_DEL-BOM_6E_2026-08-23_T+1_1787410677129_af0q,DEL-BOM,EaseMyTrip,6E,6E-961,2026-08-23,T+1,5871,1289,7160,2026-08-22T09:04:00.276Z,FALSE,"",20:00,TRUE
fare_DEL-BOM_6E_2026-08-23_T+1_1787410677129_x953,DEL-BOM,EaseMyTrip,6E,6E-454,2026-08-23,T+1,5871,1289,7160,2026-08-22T09:04:00.276Z,FALSE,"",19:00,TRUE
fare_DEL-BOM_6E_2026-08-23_T+1_1787410677129_1ptp,DEL-BOM,EaseMyTrip,6E,6E-823,2026-08-23,T+1,5871,1289,7160,2026-08-22T09:04:00.276Z,FALSE,"",19:00,TRUE
fare_DEL-BOM_6E_2026-08-23_T+1_1787410677129_9ygo,DEL-BOM,EaseMyTrip,6E,6E-693,2026-08-23,T+1,5871,1289,7160,2026-08-22T09:04:00.276Z,FALSE,"",18:00,TRUE
fare_DEL-BOM_6E_2026-08-23_T+1_1787410677129_5lac,DEL-BOM,EaseMyTrip,6E,6E-858,2026-08-23,T+1,5871,1289,7160,2026-08-22T09:04:00.276Z,FALSE,"",18:00,TRUE
fare_DEL-BOM_6E_2026-08-23_T+1_1787410677129_uz3r,DEL-BOM,EaseMyTrip,6E,6E-551,2026-08-23,T+1,5914,1298,7212,2026-08-22T09:04:00.276Z,FALSE,"",20:20,TRUE
fare_DEL-BOM_6E_2026-08-23_T+1_1787410677129_2uzn,DEL-BOM,EaseMyTrip,6E,6E-578,2026-08-23,T+1,5914,1298,7212,2026-08-22T09:04:00.276Z,FALSE,"",20:20,TRUE
fare_DEL-BOM_6E_2026-08-23_T+1_1787410677129_arnc,DEL-BOM,EaseMyTrip,6E,6E-583,2026-08-23,T+1,6070,1333,7403,2026-08-22T09:04:00.276Z,FALSE,"",19:40,FALSE
fare_DEL-BOM_6E_2026-08-23_T+1_1787410677129_fxgt,DEL-BOM,EaseMyTrip,6E,6E-212,2026-08-23,T+1,6070,1333,7403,2026-08-22T09:04:00.276Z,FALSE,"",19:40,FALSE
fare_DEL-BOM_6E_2026-08-23_T+1_1787410677129_piiv,DEL-BOM,EaseMyTrip,6E,6E-146,2026-08-23,T+1,6130,1345,7475,2026-08-22T09:04:00.276Z,FALSE,"",15:30,TRUE
fare_DEL-BOM_6E_2026-08-23_T+1_1787410677129_19e8,DEL-BOM,EaseMyTrip,6E,6E-815,2026-08-23,T+1,6130,1345,7475,2026-08-22T09:04:00.276Z,FALSE,"",15:30,TRUE
fare_DEL-BOM_6E_2026-08-23_T+1_1787410677129_ejpx,DEL-BOM,EaseMyTrip,6E,6E-865,2026-08-23,T+1,8905,1955,10860,2026-08-22T09:04:00.276Z,FALSE,"",19:35,FALSE
fare_DEL-BOM_6E_2026-08-23_T+1_1787410677129_9zjh,DEL-BOM,EaseMyTrip,6E,6E-533,2026-08-23,T+1,8905,1955,10860,2026-08-22T09:04:00.276Z,FALSE,"",19:35,FALSE
fare_DEL-BOM_6E_2026-08-23_T+1_1787410677129_726b,DEL-BOM,EaseMyTrip,6E,6E-503,2026-08-23,T+1,10902,2393,13295,2026-08-22T09:04:00.276Z,FALSE,"",23:15,FALSE
fare_DEL-BOM_6E_2026-08-23_T+1_1787410677129_2i8e,DEL-BOM,EaseMyTrip,6E,6E-716,2026-08-23,T+1,10902,2393,13295,2026-08-22T09:04:00.276Z,FALSE,"",23:15,FALSE
fare_DEL-BOM_6E_2026-08-23_T+1_1787410677129_ay12,DEL-BOM,EaseMyTrip,6E,6E-941,2026-08-23,T+1,17919,3934,21853,2026-08-22T09:04:00.276Z,FALSE,"",08:30,FALSE
fare_DEL-BOM_6E_2026-08-23_T+1_1787410677129_g6jm,DEL-BOM,EaseMyTrip,6E,6E-843,2026-08-23,T+1,17919,3934,21853,2026-08-22T09:04:00.276Z,FALSE,"",08:30,FALSE
fare_DEL-BOM_6E_2026-08-23_T+1_1787410677129_550o,DEL-BOM,EaseMyTrip,6E,6E-495,2026-08-23,T+1,23143,5080,28223,2026-08-22T09:04:00.276Z,TRUE,"High outlier: ₹28223 > upper fence ₹26147 (Q3: ₹14754, IQR: ₹7595)",12:15,FALSE
fare_DEL-BOM_6E_2026-08-23_T+1_1787410677129_s2cv,DEL-BOM,EaseMyTrip,6E,6E-196,2026-08-23,T+1,23143,5080,28223,2026-08-22T09:04:00.276Z,TRUE,"High outlier: ₹28223 > upper fence ₹26147 (Q3: ₹14754, IQR: ₹7595)",12:15,FALSE
fare_DEL-BOM_6E_2026-08-23_T+1_1787410677129_8naf,DEL-BOM,EaseMyTrip,6E,6E-734,2026-08-23,T+1,5355,1175,6530,2026-08-22T14:57:37.881Z,FALSE,"",08:45,TRUE
fare_DEL-BOM_6E_2026-08-23_T+1_1787410677129_xjjt,DEL-BOM,EaseMyTrip,6E,6E-370,2026-08-23,T+1,5355,1175,6530,2026-08-22T14:57:37.881Z,FALSE,"",08:45,TRUE
fare_DEL-BOM_6E_2026-08-23_T+1_1787410677129_4fh2,DEL-BOM,EaseMyTrip,6E,6E-449,2026-08-23,T+1,5355,1175,6530,2026-08-22T14:57:37.881Z,FALSE,"",08:00,TRUE
fare_DEL-BOM_6E_2026-08-23_T+1_1787410677129_vea7,DEL-BOM,EaseMyTrip,6E,6E-986,2026-08-23,T+1,5355,1175,6530,2026-08-22T14:57:37.881Z,FALSE,"",08:00,TRUE
fare_DEL-BOM_6E_2026-08-23_T+1_1787410677129_f1xm,DEL-BOM,EaseMyTrip,6E,6E-980,2026-08-23,T+1,5656,1242,6898,2026-08-22T14:57:37.881Z,FALSE,"",23:30,TRUE
fare_DEL-BOM_6E_2026-08-23_T+1_1787410677129_e8hc,DEL-BOM,EaseMyTrip,6E,6E-621,2026-08-23,T+1,5656,1242,6898,2026-08-22T14:57:37.881Z,FALSE,"",23:30,TRUE
fare_DEL-BOM_6E_2026-08-23_T+1_1787410677129_3tum,DEL-BOM,EaseMyTrip,6E,6E-970,2026-08-23,T+1,5656,1242,6898,2026-08-22T14:57:37.881Z,FALSE,"",21:45,TRUE
fare_DEL-BOM_6E_2026-08-23_T+1_1787410677129_dojf,DEL-BOM,EaseMyTrip,6E,6E-753,2026-08-23,T+1,5656,1242,6898,2026-08-22T14:57:37.881Z,FALSE,"",21:45,TRUE
fare_DEL-BOM_6E_2026-08-23_T+1_1787410677129_iheo,DEL-BOM,EaseMyTrip,6E,6E-130,2026-08-23,T+1,5871,1289,7160,2026-08-22T14:57:37.881Z,FALSE,"",13:00,TRUE
fare_DEL-BOM_6E_2026-08-23_T+1_1787410677129_jzig,DEL-BOM,EaseMyTrip,6E,6E-376,2026-08-23,T+1,5871,1289,7160,2026-08-22T14:57:37.881Z,FALSE,"",13:00,TRUE
fare_DEL-BOM_6E_2026-08-23_T+1_1787410677129_eudw,DEL-BOM,EaseMyTrip,6E,6E-295,2026-08-23,T+1,6070,1333,7403,2026-08-22T14:57:37.881Z,FALSE,"",19:40,FALSE
fare_DEL-BOM_6E_2026-08-23_T+1_1787410677129_gw7q,DEL-BOM,EaseMyTrip,6E,6E-574,2026-08-23,T+1,6070,1333,7403,2026-08-22T14:57:37.881Z,FALSE,"",19:40,FALSE
fare_DEL-BOM_6E_2026-08-23_T+1_1787410677129_14pa,DEL-BOM,EaseMyTrip,6E,6E-915,2026-08-23,T+1,6130,1345,7475,2026-08-22T14:57:37.881Z,FALSE,"",20:45,TRUE
fare_DEL-BOM_6E_2026-08-23_T+1_1787410677129_q551,DEL-BOM,EaseMyTrip,6E,6E-439,2026-08-23,T+1,6130,1345,7475,2026-08-22T14:57:37.881Z,FALSE,"",20:45,TRUE
fare_DEL-BOM_6E_2026-08-23_T+1_1787410677129_6kqq,DEL-BOM,EaseMyTrip,6E,6E-650,2026-08-23,T+1,6130,1345,7475,2026-08-22T14:57:37.881Z,FALSE,"",20:00,TRUE
fare_DEL-BOM_6E_2026-08-23_T+1_1787410677129_ruha,DEL-BOM,EaseMyTrip,6E,6E-317,2026-08-23,T+1,6130,1345,7475,2026-08-22T14:57:37.881Z,FALSE,"",20:00,TRUE
fare_DEL-BOM_6E_2026-08-23_T+1_1787410677129_myv5,DEL-BOM,EaseMyTrip,6E,6E-235,2026-08-23,T+1,6130,1345,7475,2026-08-22T14:57:37.881Z,FALSE,"",19:00,TRUE
fare_DEL-BOM_6E_2026-08-23_T+1_1787410677129_oy96,DEL-BOM,EaseMyTrip,6E,6E-607,2026-08-23,T+1,6130,1345,7475,2026-08-22T14:57:37.881Z,FALSE,"",19:00,TRUE
fare_DEL-BOM_6E_2026-08-23_T+1_1787410677129_km55,DEL-BOM,EaseMyTrip,6E,6E-335,2026-08-23,T+1,6130,1345,7475,2026-08-22T14:57:37.881Z,FALSE,"",18:00,TRUE
fare_DEL-BOM_6E_2026-08-23_T+1_1787410677129_hjxz,DEL-BOM,EaseMyTrip,6E,6E-973,2026-08-23,T+1,6130,1345,7475,2026-08-22T14:57:37.881Z,FALSE,"",16:15,TRUE
fare_DEL-BOM_6E_2026-08-23_T+1_1787410677129_6c4t,DEL-BOM,EaseMyTrip,6E,6E-549,2026-08-23,T+1,6130,1345,7475,2026-08-22T14:57:37.881Z,FALSE,"",15:30,TRUE
fare_DEL-BOM_6E_2026-08-23_T+1_1787410677129_jj0t,DEL-BOM,EaseMyTrip,6E,6E-363,2026-08-23,T+1,6130,1345,7475,2026-08-22T14:57:37.881Z,FALSE,"",15:30,TRUE
fare_DEL-BOM_6E_2026-08-23_T+1_1787410677129_8frg,DEL-BOM,EaseMyTrip,6E,6E-931,2026-08-23,T+1,6172,1355,7527,2026-08-22T14:57:37.881Z,FALSE,"",20:20,TRUE
fare_DEL-BOM_6E_2026-08-23_T+1_1787410677129_hv3r,DEL-BOM,EaseMyTrip,6E,6E-248,2026-08-23,T+1,6172,1355,7527,2026-08-22T14:57:37.881Z,FALSE,"",20:20,TRUE
fare_DEL-BOM_6E_2026-08-23_T+1_1787410677129_raw6,DEL-BOM,EaseMyTrip,6E,6E-429,2026-08-23,T+1,9680,2125,11805,2026-08-22T14:57:37.881Z,FALSE,"",19:35,FALSE
fare_DEL-BOM_6E_2026-08-23_T+1_1787410677129_4gow,DEL-BOM,EaseMyTrip,6E,6E-560,2026-08-23,T+1,11848,2601,14449,2026-08-22T14:57:37.881Z,FALSE,"",23:15,FALSE
fare_DEL-BOM_6E_2026-08-23_T+1_1787410677129_5loq,DEL-BOM,EaseMyTrip,6E,6E-796,2026-08-23,T+1,11848,2601,14449,2026-08-22T14:57:37.881Z,FALSE,"",23:15,FALSE
fare_DEL-BOM_AI_2026-08-23_T+1_1787410677129_n50v,DEL-BOM,EaseMyTrip,AI,AI-2499,2026-08-23,T+1,13035,2861,15896,2026-08-22T14:57:37.881Z,FALSE,"",06:00,FALSE
fare_DEL-BOM_AI_2026-08-23_T+1_1787410677129_jw03,DEL-BOM,EaseMyTrip,AI,AI-1725,2026-08-23,T+1,14147,3105,17252,2026-08-22T14:57:37.881Z,FALSE,"",05:40,FALSE
fare_DEL-BOM_6E_2026-08-23_T+1_1787410677129_i5x8,DEL-BOM,EaseMyTrip,6E,6E-723,2026-08-23,T+1,18024,3957,21981,2026-08-22T14:57:37.881Z,FALSE,"",08:30,FALSE
fare_DEL-BOM_6E_2026-08-23_T+1_1787410677129_cgj0,DEL-BOM,EaseMyTrip,6E,6E-499,2026-08-23,T+1,18024,3957,21981,2026-08-22T14:57:37.881Z,FALSE,"",08:30,FALSE
fare_DEL-BOM_SG_2026-08-23_T+1_1787410677129_fjl2,DEL-BOM,EaseMyTrip,SG,SG-891,2026-08-23,T+1,18287,4014,22301,2026-08-22T14:57:37.881Z,FALSE,"",14:30,TRUE
fare_DEL-BOM_SG_2026-08-23_T+1_1787410677129_jruh,DEL-BOM,EaseMyTrip,SG,SG-240,2026-08-23,T+1,18287,4014,22301,2026-08-22T14:57:37.881Z,FALSE,"",14:30,TRUE
fare_DEL-BOM_AI_2026-08-23_T+1_1787410677129_j4nz,DEL-BOM,EaseMyTrip,AI,AI-9540,2026-08-23,T+1,21078,4627,25705,2026-08-22T14:57:37.881Z,FALSE,"",05:00,FALSE
fare_DEL-BOM_AI_2026-08-23_T+1_1787410677129_zjx6,DEL-BOM,EaseMyTrip,AI,AI-429,2026-08-23,T+1,29363,6446,35809,2026-08-22T14:57:37.881Z,TRUE,"High outlier: ₹35809 > upper fence ₹26147 (Q3: ₹14754, IQR: ₹7595)",10:20,FALSE
fare_DEL-BOM_6E_2026-08-23_T+1_1787410677133_xw53,DEL-BOM,IndiGo,6E,6E-501,2026-08-23,T+1,4772,1048,5820,2026-08-22T05:06:34.648Z,FALSE,"",07:00,TRUE
fare_DEL-BOM_6E_2026-08-29_T+7_1787410677129_3vgr,DEL-BOM,EaseMyTrip,6E,6E-501,2026-08-29,T+7,4128,906,5034,2026-08-22T05:06:35.385Z,FALSE,"",07:00,TRUE
fare_DEL-BOM_IX_2026-08-29_T+7_1787410677130_8yfy,DEL-BOM,EaseMyTrip,IX,IX-2146,2026-08-29,T+7,5077,1114,6191,2026-08-22T08:49:24.134Z,FALSE,"",06:20,FALSE
fare_DEL-BOM_SG_2026-08-29_T+7_1787410677130_70h2,DEL-BOM,EaseMyTrip,SG,SG-497,2026-08-29,T+7,5255,1153,6408,2026-08-22T08:49:24.134Z,FALSE,"",14:30,TRUE
fare_DEL-BOM_SG_2026-08-29_T+7_1787410677130_25du,DEL-BOM,EaseMyTrip,SG,SG-733,2026-08-29,T+7,5255,1153,6408,2026-08-22T08:49:24.134Z,FALSE,"",14:30,TRUE
fare_DEL-BOM_SG_2026-08-29_T+7_1787410677130_hvrn,DEL-BOM,EaseMyTrip,SG,SG-311,2026-08-29,T+7,5255,1153,6408,2026-08-22T08:49:24.134Z,FALSE,"",18:35,TRUE
fare_DEL-BOM_SG_2026-08-29_T+7_1787410677130_yfoq,DEL-BOM,EaseMyTrip,SG,SG-489,2026-08-29,T+7,5255,1153,6408,2026-08-22T08:49:24.134Z,FALSE,"",18:35,TRUE
fare_DEL-BOM_SG_2026-08-29_T+7_1787410677130_j17h,DEL-BOM,EaseMyTrip,SG,SG-408,2026-08-29,T+7,5255,1153,6408,2026-08-22T08:49:24.134Z,FALSE,"",22:30,TRUE
fare_DEL-BOM_SG_2026-08-29_T+7_1787410677130_i8zi,DEL-BOM,EaseMyTrip,SG,SG-654,2026-08-29,T+7,5255,1153,6408,2026-08-22T08:49:24.134Z,FALSE,"",22:30,TRUE
fare_DEL-BOM_IX_2026-08-29_T+7_1787410677130_ib6u,DEL-BOM,EaseMyTrip,IX,IX-1038,2026-08-29,T+7,5354,1175,6529,2026-08-22T08:49:24.134Z,FALSE,"",18:40,TRUE
fare_DEL-BOM_IX_2026-08-29_T+7_1787410677130_l6r3,DEL-BOM,EaseMyTrip,IX,IX-1605,2026-08-29,T+7,5354,1175,6529,2026-08-22T08:49:24.134Z,FALSE,"",06:00,TRUE
fare_DEL-BOM_IX_2026-08-29_T+7_1787410677130_pt2u,DEL-BOM,EaseMyTrip,IX,IX-1395,2026-08-29,T+7,5354,1175,6529,2026-08-22T08:49:24.134Z,FALSE,"",19:20,TRUE
fare_DEL-BOM_6E_2026-08-29_T+7_1787410677130_kac6,DEL-BOM,EaseMyTrip,6E,6E-5096,2026-08-29,T+7,5282,1160,6442,2026-08-22T08:49:24.134Z,FALSE,"",17:00,TRUE
fare_DEL-BOM_6E_2026-08-29_T+7_1787410677130_jpyn,DEL-BOM,EaseMyTrip,6E,6E-356,2026-08-29,T+7,5354,1175,6529,2026-08-22T08:49:24.134Z,FALSE,"",20:20,TRUE
fare_DEL-BOM_6E_2026-08-29_T+7_1787410677130_5lpg,DEL-BOM,EaseMyTrip,6E,6E-410,2026-08-29,T+7,5354,1175,6529,2026-08-22T08:49:24.134Z,FALSE,"",20:20,TRUE
fare_DEL-BOM_6E_2026-08-29_T+7_1787410677130_hw8q,DEL-BOM,EaseMyTrip,6E,6E-6470,2026-08-29,T+7,5354,1175,6529,2026-08-22T08:49:24.134Z,FALSE,"",06:55,TRUE
fare_DEL-BOM_QP_2026-08-29_T+7_1787410677130_ql5e,DEL-BOM,EaseMyTrip,QP,QP-1820,2026-08-29,T+7,5355,1175,6530,2026-08-22T08:49:24.134Z,FALSE,"",17:30,TRUE
fare_DEL-BOM_QP_2026-08-29_T+7_1787410677130_efs7,DEL-BOM,EaseMyTrip,QP,QP-1128,2026-08-29,T+7,5355,1175,6530,2026-08-22T08:49:24.134Z,FALSE,"",16:00,TRUE
fare_DEL-BOM_QP_2026-08-29_T+7_1787410677130_gqgk,DEL-BOM,EaseMyTrip,QP,QP-1836,2026-08-29,T+7,5355,1175,6530,2026-08-22T08:49:24.134Z,FALSE,"",12:05,TRUE
fare_DEL-BOM_6E_2026-08-29_T+7_1787410677130_dyaz,DEL-BOM,EaseMyTrip,6E,6E-6706,2026-08-29,T+7,5355,1175,6530,2026-08-22T08:49:24.134Z,FALSE,"",17:00,TRUE
fare_DEL-BOM_6E_2026-08-29_T+7_1787410677130_cuyk,DEL-BOM,EaseMyTrip,6E,6E-156,2026-08-29,T+7,5355,1175,6530,2026-08-22T08:49:24.134Z,FALSE,"",16:15,TRUE
fare_DEL-BOM_6E_2026-08-29_T+7_1787410677130_55hh,DEL-BOM,EaseMyTrip,6E,6E-230,2026-08-29,T+7,5355,1175,6530,2026-08-22T08:49:24.134Z,FALSE,"",16:15,TRUE
fare_DEL-BOM_6E_2026-08-29_T+7_1787410677130_1jx1,DEL-BOM,EaseMyTrip,6E,6E-970,2026-08-29,T+7,5355,1175,6530,2026-08-22T08:49:24.134Z,FALSE,"",15:30,TRUE
fare_DEL-BOM_6E_2026-08-29_T+7_1787410677130_lhep,DEL-BOM,EaseMyTrip,6E,6E-127,2026-08-29,T+7,5355,1175,6530,2026-08-22T08:49:24.134Z,FALSE,"",15:30,TRUE
fare_DEL-BOM_6E_2026-08-29_T+7_1787410677130_5aga,DEL-BOM,EaseMyTrip,6E,6E-6022,2026-08-29,T+7,5355,1175,6530,2026-08-22T08:49:24.134Z,FALSE,"",14:00,TRUE
fare_DEL-BOM_6E_2026-08-29_T+7_1787410677130_ujw4,DEL-BOM,EaseMyTrip,6E,6E-6318,2026-08-29,T+7,5355,1175,6530,2026-08-22T08:49:24.134Z,FALSE,"",14:45,TRUE
fare_DEL-BOM_6E_2026-08-29_T+7_1787410677130_otct,DEL-BOM,EaseMyTrip,6E,6E-941,2026-08-29,T+7,5355,1175,6530,2026-08-22T08:49:24.134Z,FALSE,"",08:45,TRUE
fare_DEL-BOM_6E_2026-08-29_T+7_1787410677130_ct0v,DEL-BOM,EaseMyTrip,6E,6E-994,2026-08-29,T+7,5355,1175,6530,2026-08-22T08:49:24.134Z,FALSE,"",08:45,TRUE
fare_DEL-BOM_6E_2026-08-29_T+7_1787410677130_6glr,DEL-BOM,EaseMyTrip,6E,6E-6328,2026-08-29,T+7,5355,1175,6530,2026-08-22T08:49:24.134Z,FALSE,"",10:15,TRUE
fare_DEL-BOM_6E_2026-08-29_T+7_1787410677130_5ejr,DEL-BOM,EaseMyTrip,6E,6E-6047,2026-08-29,T+7,5355,1175,6530,2026-08-22T08:49:24.134Z,FALSE,"",11:00,TRUE
fare_DEL-BOM_6E_2026-08-29_T+7_1787410677130_ho2t,DEL-BOM,EaseMyTrip,6E,6E-6676,2026-08-29,T+7,5355,1175,6530,2026-08-22T08:49:24.134Z,FALSE,"",12:00,TRUE
fare_DEL-BOM_6E_2026-08-29_T+7_1787410677130_23z4,DEL-BOM,EaseMyTrip,6E,6E-575,2026-08-29,T+7,5355,1175,6530,2026-08-22T08:49:24.134Z,FALSE,"",13:00,TRUE
fare_DEL-BOM_6E_2026-08-29_T+7_1787410677130_rcpv,DEL-BOM,EaseMyTrip,6E,6E-341,2026-08-29,T+7,5355,1175,6530,2026-08-22T08:49:24.134Z,FALSE,"",13:00,TRUE
fare_DEL-BOM_6E_2026-08-29_T+7_1787410677130_oz5u,DEL-BOM,EaseMyTrip,6E,6E-6107,2026-08-29,T+7,5355,1175,6530,2026-08-22T08:49:24.134Z,FALSE,"",09:30,TRUE
fare_DEL-BOM_QP_2026-08-29_T+7_1787410677130_5vql,DEL-BOM,EaseMyTrip,QP,QP-1940,2026-08-29,T+7,5427,1191,6618,2026-08-22T08:49:24.134Z,FALSE,"",14:10,TRUE
fare_DEL-BOM_QP_2026-08-29_T+7_1787410677130_dmg6,DEL-BOM,EaseMyTrip,QP,QP-1942,2026-08-29,T+7,5427,1191,6618,2026-08-22T08:49:24.134Z,FALSE,"",21:05,TRUE
fare_DEL-BOM_6E_2026-08-29_T+7_1787410677130_iclk,DEL-BOM,EaseMyTrip,6E,6E-5198,2026-08-29,T+7,5427,1191,6618,2026-08-22T08:49:24.134Z,FALSE,"",15:00,TRUE
fare_DEL-BOM_6E_2026-08-29_T+7_1787410677130_27w0,DEL-BOM,EaseMyTrip,6E,6E-599,2026-08-29,T+7,5484,1204,6688,2026-08-22T08:49:24.134Z,FALSE,"",05:00,TRUE
fare_DEL-BOM_6E_2026-08-29_T+7_1787410677130_uoem,DEL-BOM,EaseMyTrip,6E,6E-641,2026-08-29,T+7,5484,1204,6688,2026-08-22T08:49:24.134Z,FALSE,"",05:00,TRUE
fare_DEL-BOM_6E_2026-08-29_T+7_1787410677130_jqjw,DEL-BOM,EaseMyTrip,6E,6E-519,2026-08-29,T+7,5484,1204,6688,2026-08-22T08:49:24.134Z,FALSE,"",23:30,TRUE
fare_DEL-BOM_6E_2026-08-29_T+7_1787410677130_0cvd,DEL-BOM,EaseMyTrip,6E,6E-670,2026-08-29,T+7,5484,1204,6688,2026-08-22T08:49:24.134Z,FALSE,"",23:30,TRUE
fare_DEL-BOM_6E_2026-08-29_T+7_1787410677130_gykp,DEL-BOM,EaseMyTrip,6E,6E-6114,2026-08-29,T+7,5484,1204,6688,2026-08-22T08:49:24.134Z,FALSE,"",22:45,TRUE
fare_DEL-BOM_6E_2026-08-29_T+7_1787410677130_b4uv,DEL-BOM,EaseMyTrip,6E,6E-794,2026-08-29,T+7,5484,1204,6688,2026-08-22T08:49:24.134Z,FALSE,"",21:45,TRUE
fare_DEL-BOM_6E_2026-08-29_T+7_1787410677130_agfp,DEL-BOM,EaseMyTrip,6E,6E-245,2026-08-29,T+7,5484,1204,6688,2026-08-22T08:49:24.134Z,FALSE,"",21:45,TRUE
fare_DEL-BOM_6E_2026-08-29_T+7_1787410677130_ar3t,DEL-BOM,EaseMyTrip,6E,6E-701,2026-08-29,T+7,5484,1204,6688,2026-08-22T08:49:24.134Z,FALSE,"",20:00,TRUE
fare_DEL-BOM_6E_2026-08-29_T+7_1787410677130_tfij,DEL-BOM,EaseMyTrip,6E,6E-172,2026-08-29,T+7,5484,1204,6688,2026-08-22T08:49:24.134Z,FALSE,"",20:00,TRUE
fare_DEL-BOM_6E_2026-08-29_T+7_1787410677130_w0gb,DEL-BOM,EaseMyTrip,6E,6E-939,2026-08-29,T+7,5484,1204,6688,2026-08-22T08:49:24.134Z,FALSE,"",19:00,TRUE
fare_DEL-BOM_6E_2026-08-29_T+7_1787410677130_2o6g,DEL-BOM,EaseMyTrip,6E,6E-466,2026-08-29,T+7,5484,1204,6688,2026-08-22T08:49:24.134Z,FALSE,"",19:00,TRUE
fare_DEL-BOM_6E_2026-08-29_T+7_1787410677130_hkti,DEL-BOM,EaseMyTrip,6E,6E-750,2026-08-29,T+7,5484,1204,6688,2026-08-22T08:49:24.134Z,FALSE,"",18:00,TRUE
fare_DEL-BOM_6E_2026-08-29_T+7_1787410677130_6pzy,DEL-BOM,EaseMyTrip,6E,6E-590,2026-08-29,T+7,5484,1204,6688,2026-08-22T08:49:24.134Z,FALSE,"",18:00,TRUE
fare_DEL-BOM_6E_2026-08-29_T+7_1787410677130_wuqs,DEL-BOM,EaseMyTrip,6E,6E-6218,2026-08-29,T+7,5484,1204,6688,2026-08-22T08:49:24.134Z,FALSE,"",06:05,TRUE
fare_DEL-BOM_6E_2026-08-29_T+7_1787410677130_0x1u,DEL-BOM,EaseMyTrip,6E,6E-454,2026-08-29,T+7,5484,1204,6688,2026-08-22T08:49:24.134Z,FALSE,"",08:00,TRUE
fare_DEL-BOM_6E_2026-08-29_T+7_1787410677130_0hhx,DEL-BOM,EaseMyTrip,6E,6E-515,2026-08-29,T+7,5484,1204,6688,2026-08-22T08:49:24.134Z,FALSE,"",08:00,TRUE
fare_DEL-BOM_6E_2026-08-29_T+7_1787410677130_htut,DEL-BOM,EaseMyTrip,6E,6E-6814,2026-08-29,T+7,5484,1204,6688,2026-08-22T08:49:24.134Z,FALSE,"",07:15,TRUE
fare_DEL-BOM_AI_2026-08-29_T+7_1787410677130_rbj0,DEL-BOM,EaseMyTrip,AI,AI-2963,2026-08-29,T+7,5740,1260,7000,2026-08-22T08:49:24.134Z,FALSE,"",09:00,TRUE
fare_DEL-BOM_AI_2026-08-29_T+7_1787410677130_92tw,DEL-BOM,EaseMyTrip,AI,AI-2425,2026-08-29,T+7,5740,1260,7000,2026-08-22T08:49:24.134Z,FALSE,"",10:30,TRUE
fare_DEL-BOM_AI_2026-08-29_T+7_1787410677130_sf2z,DEL-BOM,EaseMyTrip,AI,AI-2941,2026-08-29,T+7,5740,1260,7000,2026-08-22T08:49:24.134Z,FALSE,"",16:30,TRUE
fare_DEL-BOM_AI_2026-08-29_T+7_1787410677130_ymel,DEL-BOM,EaseMyTrip,AI,AI-2981,2026-08-29,T+7,5740,1260,7000,2026-08-22T08:49:24.134Z,FALSE,"",21:00,TRUE
fare_DEL-BOM_AI_2026-08-29_T+7_1787410677130_ge89,DEL-BOM,EaseMyTrip,AI,AI-1785,2026-08-29,T+7,5740,1260,7000,2026-08-22T08:49:24.134Z,FALSE,"",12:00,TRUE
fare_DEL-BOM_AI_2026-08-29_T+7_1787410677130_3edn,DEL-BOM,EaseMyTrip,AI,AI-1777,2026-08-29,T+7,5740,1260,7000,2026-08-22T08:49:24.134Z,FALSE,"",16:00,TRUE
fare_DEL-BOM_AI_2026-08-29_T+7_1787410677130_u4s3,DEL-BOM,EaseMyTrip,AI,AI-441,2026-08-29,T+7,5740,1260,7000,2026-08-22T08:49:24.134Z,FALSE,"",17:00,TRUE
fare_DEL-BOM_AI_2026-08-29_T+7_1787410677130_yw5b,DEL-BOM,EaseMyTrip,AI,AI-2751,2026-08-29,T+7,5740,1260,7000,2026-08-22T08:49:24.134Z,FALSE,"",17:30,TRUE
fare_DEL-BOM_AI_2026-08-29_T+7_1787410677130_udk4,DEL-BOM,EaseMyTrip,AI,AI-2927,2026-08-29,T+7,5740,1260,7000,2026-08-22T08:49:24.134Z,FALSE,"",09:30,TRUE
fare_DEL-BOM_QP_2026-08-29_T+7_1787410677130_znmj,DEL-BOM,EaseMyTrip,QP,QP-1833,2026-08-29,T+7,5652,1241,6893,2026-08-22T08:49:24.134Z,FALSE,"",06:50,TRUE
fare_DEL-BOM_QP_2026-08-29_T+7_1787410677130_7zob,DEL-BOM,EaseMyTrip,QP,QP-1112,2026-08-29,T+7,5652,1241,6893,2026-08-22T08:49:24.134Z,FALSE,"",09:20,TRUE
fare_DEL-BOM_AI_2026-08-29_T+7_1787410677130_xb7o,DEL-BOM,EaseMyTrip,AI,AI-2975,2026-08-29,T+7,5870,1289,7159,2026-08-22T08:49:24.134Z,FALSE,"",06:30,TRUE
fare_DEL-BOM_AI_2026-08-29_T+7_1787410677130_0x2d,DEL-BOM,EaseMyTrip,AI,AI-1745,2026-08-29,T+7,5870,1289,7159,2026-08-22T08:49:24.134Z,FALSE,"",05:30,TRUE
fare_DEL-BOM_AI_2026-08-29_T+7_1787410677130_9t4r,DEL-BOM,EaseMyTrip,AI,AI-2429,2026-08-29,T+7,5870,1289,7159,2026-08-22T08:49:24.134Z,FALSE,"",07:00,TRUE
fare_DEL-BOM_AI_2026-08-29_T+7_1787410677130_6ikd,DEL-BOM,EaseMyTrip,AI,AI-2943,2026-08-29,T+7,5870,1289,7159,2026-08-22T08:49:24.134Z,FALSE,"",07:30,TRUE
fare_DEL-BOM_AI_2026-08-29_T+7_1787410677130_otti,DEL-BOM,EaseMyTrip,AI,AI-2933,2026-08-29,T+7,5870,1289,7159,2026-08-22T08:49:24.134Z,FALSE,"",15:30,TRUE
fare_DEL-BOM_AI_2026-08-29_T+7_1787410677130_qmui,DEL-BOM,EaseMyTrip,AI,AI-2955,2026-08-29,T+7,5870,1289,7159,2026-08-22T08:49:24.134Z,FALSE,"",18:00,TRUE
fare_DEL-BOM_AI_2026-08-29_T+7_1787410677130_73y5,DEL-BOM,EaseMyTrip,AI,AI-2977,2026-08-29,T+7,5870,1289,7159,2026-08-22T08:49:24.134Z,FALSE,"",19:00,TRUE
fare_DEL-BOM_AI_2026-08-29_T+7_1787410677130_l0ye,DEL-BOM,EaseMyTrip,AI,AI-2985,2026-08-29,T+7,5870,1289,7159,2026-08-22T08:49:24.134Z,FALSE,"",19:30,TRUE
fare_DEL-BOM_AI_2026-08-29_T+7_1787410677130_1255,DEL-BOM,EaseMyTrip,AI,AI-2433,2026-08-29,T+7,5870,1289,7159,2026-08-22T08:49:24.134Z,FALSE,"",21:30,TRUE
fare_DEL-BOM_AI_2026-08-29_T+7_1787410677130_m6o7,DEL-BOM,EaseMyTrip,AI,AI-2999,2026-08-29,T+7,5870,1289,7159,2026-08-22T08:49:24.134Z,FALSE,"",22:00,TRUE
fare_DEL-BOM_AI_2026-08-29_T+7_1787410677130_njn5,DEL-BOM,EaseMyTrip,AI,AI-2437,2026-08-29,T+7,5870,1289,7159,2026-08-22T08:49:24.134Z,FALSE,"",22:30,TRUE
fare_DEL-BOM_AI_2026-08-29_T+7_1787410677130_hrr9,DEL-BOM,EaseMyTrip,AI,AI-2439,2026-08-29,T+7,5870,1289,7159,2026-08-22T08:49:24.134Z,FALSE,"",23:00,TRUE
fare_DEL-BOM_AI_2026-08-29_T+7_1787410677130_pdw3,DEL-BOM,EaseMyTrip,AI,AI-2615,2026-08-29,T+7,5870,1289,7159,2026-08-22T08:49:24.134Z,FALSE,"",02:45,TRUE
fare_DEL-BOM_AI_2026-08-29_T+7_1787410677130_gg82,DEL-BOM,EaseMyTrip,AI,AI-2441,2026-08-29,T+7,5870,1289,7159,2026-08-22T08:49:24.134Z,FALSE,"",18:25,TRUE
fare_DEL-BOM_AI_2026-08-29_T+7_1787410677130_kky4,DEL-BOM,EaseMyTrip,AI,AI-2957,2026-08-29,T+7,5870,1289,7159,2026-08-22T08:49:24.134Z,FALSE,"",20:30,TRUE
fare_DEL-BOM_QP_2026-08-29_T+7_1787410677130_il68,DEL-BOM,EaseMyTrip,QP,QP-1110,2026-08-29,T+7,5756,1263,7019,2026-08-22T08:49:24.134Z,FALSE,"",10:30,TRUE
fare_DEL-BOM_QP_2026-08-29_T+7_1787410677130_k7rq,DEL-BOM,EaseMyTrip,QP,QP-1119,2026-08-29,T+7,5756,1263,7019,2026-08-22T08:49:24.134Z,FALSE,"",08:40,TRUE
fare_DEL-BOM_QP_2026-08-29_T+7_1787410677130_5csl,DEL-BOM,EaseMyTrip,QP,QP-1826,2026-08-29,T+7,5756,1263,7019,2026-08-22T08:49:24.134Z,FALSE,"",19:55,TRUE
fare_DEL-BOM_6E_2026-08-29_T+7_1787410677130_j1af,DEL-BOM,EaseMyTrip,6E,6E-6190,2026-08-29,T+7,5920,1299,7219,2026-08-22T08:49:24.134Z,FALSE,"",07:40,FALSE
fare_DEL-BOM_6E_2026-08-29_T+7_1787410677130_91og,DEL-BOM,EaseMyTrip,6E,6E-473,2026-08-29,T+7,5920,1299,7219,2026-08-22T08:49:24.134Z,FALSE,"",10:00,FALSE
fare_DEL-BOM_6E_2026-08-29_T+7_1787410677130_cc2a,DEL-BOM,EaseMyTrip,6E,6E-831,2026-08-29,T+7,5920,1299,7219,2026-08-22T08:49:24.134Z,FALSE,"",10:00,FALSE
fare_DEL-BOM_6E_2026-08-29_T+7_1787410677130_v85c,DEL-BOM,EaseMyTrip,6E,6E-2076,2026-08-29,T+7,5920,1299,7219,2026-08-22T08:49:24.134Z,FALSE,"",07:30,FALSE
fare_DEL-BOM_6E_2026-08-29_T+7_1787410677130_7s79,DEL-BOM,EaseMyTrip,6E,6E-5014,2026-08-29,T+7,5963,1309,7272,2026-08-22T08:49:24.134Z,FALSE,"",18:30,FALSE
fare_DEL-BOM_6E_2026-08-29_T+7_1787410677130_eaam,DEL-BOM,EaseMyTrip,6E,6E-6171,2026-08-29,T+7,5963,1309,7272,2026-08-22T08:49:24.134Z,FALSE,"",05:40,FALSE
fare_DEL-BOM_6E_2026-08-29_T+7_1787410677130_lzo8,DEL-BOM,EaseMyTrip,6E,6E-6983,2026-08-29,T+7,5963,1309,7272,2026-08-22T08:49:24.134Z,FALSE,"",15:35,FALSE
fare_DEL-BOM_6E_2026-08-29_T+7_1787410677130_tovi,DEL-BOM,EaseMyTrip,6E,6E-6261,2026-08-29,T+7,5963,1309,7272,2026-08-22T08:49:24.134Z,FALSE,"",00:15,FALSE
fare_DEL-BOM_6E_2026-08-29_T+7_1787410677130_am0b,DEL-BOM,EaseMyTrip,6E,6E-2331,2026-08-29,T+7,5963,1309,7272,2026-08-22T08:49:24.134Z,FALSE,"",12:20,FALSE
fare_DEL-BOM_6E_2026-08-29_T+7_1787410677130_mrdl,DEL-BOM,EaseMyTrip,6E,6E-6490,2026-08-29,T+7,6027,1323,7350,2026-08-22T08:49:24.134Z,FALSE,"",04:55,FALSE
fare_DEL-BOM_SG_2026-08-29_T+7_1787410677130_nqzd,DEL-BOM,EaseMyTrip,SG,SG-450,2026-08-29,T+7,6846,1503,8349,2026-08-22T08:49:24.134Z,FALSE,"",09:15,TRUE
fare_DEL-BOM_SG_2026-08-29_T+7_1787410677130_fvff,DEL-BOM,EaseMyTrip,SG,SG-976,2026-08-29,T+7,6846,1503,8349,2026-08-22T08:49:24.134Z,FALSE,"",09:15,TRUE
fare_DEL-BOM_6E_2026-08-29_T+7_1787410677130_6lfi,DEL-BOM,EaseMyTrip,6E,6E-2249,2026-08-29,T+7,6070,1333,7403,2026-08-22T08:49:24.134Z,FALSE,"",15:00,FALSE
fare_DEL-BOM_6E_2026-08-29_T+7_1787410677130_ui7g,DEL-BOM,EaseMyTrip,6E,6E-5138,2026-08-29,T+7,6070,1333,7403,2026-08-22T08:49:24.134Z,FALSE,"",19:10,FALSE
fare_DEL-BOM_6E_2026-08-29_T+7_1787410677130_lwir,DEL-BOM,EaseMyTrip,6E,6E-2169,2026-08-29,T+7,6070,1333,7403,2026-08-22T08:49:24.134Z,FALSE,"",19:40,FALSE
fare_DEL-BOM_6E_2026-08-29_T+7_1787410677130_rncp,DEL-BOM,EaseMyTrip,6E,6E-6443,2026-08-29,T+7,6070,1333,7403,2026-08-22T08:49:24.134Z,FALSE,"",09:00,FALSE
fare_DEL-BOM_6E_2026-08-29_T+7_1787410677130_rkno,DEL-BOM,EaseMyTrip,6E,6E-6312,2026-08-29,T+7,6070,1333,7403,2026-08-22T08:49:24.134Z,FALSE,"",14:25,FALSE
fare_DEL-BOM_6E_2026-08-29_T+7_1787410677130_5hq2,DEL-BOM,EaseMyTrip,6E,6E-6433,2026-08-29,T+7,6070,1333,7403,2026-08-22T08:49:24.134Z,FALSE,"",16:30,FALSE
fare_DEL-BOM_6E_2026-08-29_T+7_1787410677130_rxh6,DEL-BOM,EaseMyTrip,6E,6E-6459,2026-08-29,T+7,6070,1333,7403,2026-08-22T08:49:24.134Z,FALSE,"",05:55,FALSE
fare_DEL-BOM_6E_2026-08-29_T+7_1787410677130_cce7,DEL-BOM,EaseMyTrip,6E,6E-6479,2026-08-29,T+7,6135,1347,7482,2026-08-22T08:49:24.134Z,FALSE,"",21:25,FALSE
fare_DEL-BOM_6E_2026-08-29_T+7_1787410677130_m5ue,DEL-BOM,EaseMyTrip,6E,6E-5298,2026-08-29,T+7,6135,1347,7482,2026-08-22T08:49:24.134Z,FALSE,"",09:00,FALSE
fare_DEL-BOM_6E_2026-08-29_T+7_1787410677130_yqd7,DEL-BOM,EaseMyTrip,6E,6E-5038,2026-08-29,T+7,6135,1347,7482,2026-08-22T08:49:24.134Z,FALSE,"",14:00,FALSE
fare_DEL-BOM_6E_2026-08-29_T+7_1787410677130_d5v4,DEL-BOM,EaseMyTrip,6E,6E-6050,2026-08-29,T+7,6135,1347,7482,2026-08-22T08:49:24.134Z,FALSE,"",08:15,FALSE
fare_DEL-BOM_6E_2026-08-29_T+7_1787410677130_0cjd,DEL-BOM,EaseMyTrip,6E,6E-2147,2026-08-29,T+7,6135,1347,7482,2026-08-22T08:49:24.134Z,FALSE,"",11:10,FALSE
fare_DEL-BOM_6E_2026-08-29_T+7_1787410677130_xg2v,DEL-BOM,EaseMyTrip,6E,6E-5206,2026-08-29,T+7,6135,1347,7482,2026-08-22T08:49:24.134Z,FALSE,"",13:20,FALSE
fare_DEL-BOM_IX_2026-08-29_T+7_1787410677130_duff,DEL-BOM,EaseMyTrip,IX,IX-1056,2026-08-29,T+7,6387,1402,7789,2026-08-22T08:49:24.134Z,FALSE,"",17:50,TRUE
fare_DEL-BOM_6E_2026-08-29_T+7_1787410677130_kry4,DEL-BOM,EaseMyTrip,6E,6E-5119,2026-08-29,T+7,6240,1370,7610,2026-08-22T08:49:24.134Z,FALSE,"",05:10,FALSE
fare_DEL-BOM_6E_2026-08-29_T+7_1787410677130_4ket,DEL-BOM,EaseMyTrip,6E,6E-6601,2026-08-29,T+7,6243,1370,7613,2026-08-22T08:49:24.134Z,FALSE,"",19:45,FALSE
fare_DEL-BOM_6E_2026-08-29_T+7_1787410677130_w4nd,DEL-BOM,EaseMyTrip,6E,6E-214,2026-08-29,T+7,6243,1370,7613,2026-08-22T08:49:24.134Z,FALSE,"",02:25,FALSE
fare_DEL-BOM_6E_2026-08-29_T+7_1787410677130_xwe9,DEL-BOM,EaseMyTrip,6E,6E-905,2026-08-29,T+7,6243,1370,7613,2026-08-22T08:49:24.134Z,FALSE,"",02:25,FALSE
fare_DEL-BOM_6E_2026-08-29_T+7_1787410677130_mnao,DEL-BOM,EaseMyTrip,6E,6E-820,2026-08-29,T+7,6243,1370,7613,2026-08-22T08:49:24.134Z,FALSE,"",23:15,FALSE
fare_DEL-BOM_6E_2026-08-29_T+7_1787410677130_vxap,DEL-BOM,EaseMyTrip,6E,6E-553,2026-08-29,T+7,6243,1370,7613,2026-08-22T08:49:24.134Z,FALSE,"",23:15,FALSE
fare_DEL-BOM_6E_2026-08-29_T+7_1787410677130_9cnr,DEL-BOM,EaseMyTrip,6E,6E-6497,2026-08-29,T+7,6243,1370,7613,2026-08-22T08:49:24.134Z,FALSE,"",18:45,FALSE
fare_DEL-BOM_6E_2026-08-29_T+7_1787410677130_hqq0,DEL-BOM,EaseMyTrip,6E,6E-6293,2026-08-29,T+7,6243,1370,7613,2026-08-22T08:49:24.134Z,FALSE,"",09:55,FALSE
fare_DEL-BOM_6E_2026-08-29_T+7_1787410677130_tar2,DEL-BOM,EaseMyTrip,6E,6E-381,2026-08-29,T+7,6307,1385,7692,2026-08-22T08:49:24.134Z,FALSE,"",19:30,FALSE
fare_DEL-BOM_6E_2026-08-29_T+7_1787410677130_sd5s,DEL-BOM,EaseMyTrip,6E,6E-659,2026-08-29,T+7,6307,1385,7692,2026-08-22T08:49:24.134Z,FALSE,"",19:30,FALSE
fare_DEL-BOM_6E_2026-08-29_T+7_1787410677130_zojg,DEL-BOM,EaseMyTrip,6E,6E-2341,2026-08-29,T+7,6380,1400,7780,2026-08-22T08:49:24.134Z,FALSE,"",14:50,FALSE
fare_DEL-BOM_6E_2026-08-29_T+7_1787410677130_55jd,DEL-BOM,EaseMyTrip,6E,6E-878,2026-08-29,T+7,6380,1400,7780,2026-08-22T08:49:24.134Z,FALSE,"",10:00,FALSE
fare_DEL-BOM_6E_2026-08-29_T+7_1787410677130_rito,DEL-BOM,EaseMyTrip,6E,6E-2571,2026-08-29,T+7,6831,1500,8331,2026-08-22T08:49:24.134Z,FALSE,"",12:30,FALSE
fare_DEL-BOM_6E_2026-08-29_T+7_1787410677130_98cj,DEL-BOM,EaseMyTrip,6E,6E-2013,2026-08-29,T+7,6976,1531,8507,2026-08-22T08:49:24.134Z,FALSE,"",21:50,FALSE
fare_DEL-BOM_6E_2026-08-29_T+7_1787410677130_mp7n,DEL-BOM,EaseMyTrip,6E,6E-7646,2026-08-29,T+7,7234,1588,8822,2026-08-22T08:49:24.134Z,FALSE,"",06:15,FALSE
fare_DEL-BOM_AI_2026-08-29_T+7_1787410677130_8kv6,DEL-BOM,EaseMyTrip,AI,AI-2717,2026-08-29,T+7,7847,1722,9569,2026-08-22T08:49:24.134Z,FALSE,"",06:55,FALSE
fare_DEL-BOM_AI_2026-08-29_T+7_1787410677130_zm7l,DEL-BOM,EaseMyTrip,AI,AI-2623,2026-08-29,T+7,7847,1722,9569,2026-08-22T08:49:24.134Z,FALSE,"",13:35,FALSE
fare_DEL-BOM_AI_2026-08-29_T+7_1787410677130_zkrh,DEL-BOM,EaseMyTrip,AI,AI-1780,2026-08-29,T+7,7858,1725,9583,2026-08-22T08:49:24.134Z,FALSE,"",14:30,TRUE
fare_DEL-BOM_IX_2026-08-29_T+7_1787410677130_zmo9,DEL-BOM,EaseMyTrip,IX,IX-1789,2026-08-29,T+7,7948,1745,9693,2026-08-22T08:49:24.134Z,FALSE,"",10:40,FALSE
fare_DEL-BOM_6E_2026-08-29_T+7_1787410677130_3vqv,DEL-BOM,EaseMyTrip,6E,6E-5073,2026-08-29,T+7,8046,1766,9812,2026-08-22T08:49:24.134Z,FALSE,"",17:05,FALSE
fare_DEL-BOM_6E_2026-08-29_T+7_1787410677130_pb10,DEL-BOM,EaseMyTrip,6E,6E-395,2026-08-29,T+7,8375,1838,10213,2026-08-22T08:49:24.134Z,FALSE,"",19:35,FALSE
fare_DEL-BOM_6E_2026-08-29_T+7_1787410677130_hljb,DEL-BOM,EaseMyTrip,6E,6E-294,2026-08-29,T+7,8375,1838,10213,2026-08-22T08:49:24.134Z,FALSE,"",19:35,FALSE
fare_DEL-BOM_IX_2026-08-29_T+7_1787410677130_x05u,DEL-BOM,EaseMyTrip,IX,IX-1057,2026-08-29,T+7,8685,1907,10592,2026-08-22T08:49:24.134Z,FALSE,"",05:25,FALSE
fare_DEL-BOM_6E_2026-08-29_T+7_1787410677130_sluv,DEL-BOM,EaseMyTrip,6E,6E-2381,2026-08-29,T+7,8480,1862,10342,2026-08-22T08:49:24.134Z,FALSE,"",13:45,FALSE
fare_DEL-BOM_IX_2026-08-29_T+7_1787410677130_a7hm,DEL-BOM,EaseMyTrip,IX,IX-5316,2026-08-29,T+7,9060,1989,11049,2026-08-22T08:49:24.134Z,FALSE,"",15:30,FALSE
fare_DEL-BOM_AI_2026-08-29_T+7_1787410677130_0evk,DEL-BOM,EaseMyTrip,AI,AI-1767,2026-08-29,T+7,9593,2106,11699,2026-08-22T08:49:24.134Z,TRUE,"High outlier: ₹11699 > upper fence ₹11243 (Q3: ₹8468, IQR: ₹1850)",07:20,FALSE
fare_DEL-BOM_6E_2026-08-29_T+7_1787410677130_md7o,DEL-BOM,EaseMyTrip,6E,6E-6829,2026-08-29,T+7,9734,2137,11871,2026-08-22T08:49:24.134Z,TRUE,"High outlier: ₹11871 > upper fence ₹11243 (Q3: ₹8468, IQR: ₹1850)",17:20,FALSE
fare_DEL-BOM_AI_2026-08-29_T+7_1787410677130_k8lx,DEL-BOM,EaseMyTrip,AI,AI-1705,2026-08-29,T+7,9956,2185,12141,2026-08-22T08:49:24.134Z,TRUE,"High outlier: ₹12141 > upper fence ₹11243 (Q3: ₹8468, IQR: ₹1850)",06:30,FALSE
fare_DEL-BOM_6E_2026-08-29_T+7_1787410677130_sb3z,DEL-BOM,EaseMyTrip,6E,6E-6282,2026-08-29,T+7,10113,2220,12333,2026-08-22T08:49:24.134Z,TRUE,"High outlier: ₹12333 > upper fence ₹11243 (Q3: ₹8468, IQR: ₹1850)",13:30,FALSE
fare_DEL-BOM_AI_2026-08-29_T+7_1787410677130_nf5v,DEL-BOM,EaseMyTrip,AI,AI-9920,2026-08-29,T+7,10864,2385,13249,2026-08-22T08:49:24.134Z,TRUE,"High outlier: ₹13249 > upper fence ₹11243 (Q3: ₹8468, IQR: ₹1850)",10:30,FALSE
fare_DEL-BOM_6E_2026-08-29_T+7_1787410677130_6tc1,DEL-BOM,EaseMyTrip,6E,6E-616,2026-08-29,T+7,10993,2413,13406,2026-08-22T08:49:24.134Z,TRUE,"High outlier: ₹13406 > upper fence ₹11243 (Q3: ₹8468, IQR: ₹1850)",08:30,FALSE
fare_DEL-BOM_6E_2026-08-29_T+7_1787410677130_8z88,DEL-BOM,EaseMyTrip,6E,6E-978,2026-08-29,T+7,10993,2413,13406,2026-08-22T08:49:24.134Z,TRUE,"High outlier: ₹13406 > upper fence ₹11243 (Q3: ₹8468, IQR: ₹1850)",08:30,FALSE
fare_DEL-BOM_AI_2026-08-29_T+7_1787410677130_rapf,DEL-BOM,EaseMyTrip,AI,AI-2909,2026-08-29,T+7,11417,2506,13923,2026-08-22T08:49:24.134Z,TRUE,"High outlier: ₹13923 > upper fence ₹11243 (Q3: ₹8468, IQR: ₹1850)",22:30,FALSE
fare_DEL-BOM_AI_2026-08-29_T+7_1787410677130_l739,DEL-BOM,EaseMyTrip,AI,AI-2939,2026-08-29,T+7,11509,2526,14035,2026-08-22T08:49:24.134Z,TRUE,"High outlier: ₹14035 > upper fence ₹11243 (Q3: ₹8468, IQR: ₹1850)",16:40,FALSE
fare_DEL-BOM_AI_2026-08-29_T+7_1787410677130_oi70,DEL-BOM,EaseMyTrip,AI,AI-2481,2026-08-29,T+7,11509,2526,14035,2026-08-22T08:49:24.134Z,TRUE,"High outlier: ₹14035 > upper fence ₹11243 (Q3: ₹8468, IQR: ₹1850)",15:00,FALSE
fare_DEL-BOM_AI_2026-08-29_T+7_1787410677130_fc31,DEL-BOM,EaseMyTrip,AI,AI-817,2026-08-29,T+7,11694,2567,14261,2026-08-22T08:49:24.134Z,TRUE,"High outlier: ₹14261 > upper fence ₹11243 (Q3: ₹8468, IQR: ₹1850)",05:55,FALSE
fare_DEL-BOM_IX_2026-08-29_T+7_1787410677130_3z7i,DEL-BOM,EaseMyTrip,IX,IX-1068,2026-08-29,T+7,11965,2626,14591,2026-08-22T08:49:24.134Z,TRUE,"High outlier: ₹14591 > upper fence ₹11243 (Q3: ₹8468, IQR: ₹1850)",11:55,FALSE
fare_DEL-BOM_6E_2026-08-29_T+7_1787410677130_8wba,DEL-BOM,EaseMyTrip,6E,6E-7642,2026-08-29,T+7,11773,2584,14357,2026-08-22T08:49:24.134Z,TRUE,"High outlier: ₹14357 > upper fence ₹11243 (Q3: ₹8468, IQR: ₹1850)",15:45,FALSE
fare_DEL-BOM_AI_2026-08-29_T+7_1787410677130_dh82,DEL-BOM,EaseMyTrip,AI,AI-1743,2026-08-29,T+7,13065,2868,15933,2026-08-22T08:49:24.134Z,TRUE,"High outlier: ₹15933 > upper fence ₹11243 (Q3: ₹8468, IQR: ₹1850)",06:50,FALSE
fare_DEL-BOM_AI_2026-08-29_T+7_1787410677130_q6z0,DEL-BOM,EaseMyTrip,AI,AI-1712,2026-08-29,T+7,13077,2870,15947,2026-08-22T08:49:24.134Z,TRUE,"High outlier: ₹15947 > upper fence ₹11243 (Q3: ₹8468, IQR: ₹1850)",13:15,FALSE
fare_DEL-BOM_AI_2026-08-29_T+7_1787410677130_njbn,DEL-BOM,EaseMyTrip,AI,AI-2723,2026-08-29,T+7,13569,2978,16547,2026-08-22T08:49:24.134Z,TRUE,"High outlier: ₹16547 > upper fence ₹11243 (Q3: ₹8468, IQR: ₹1850)",15:00,FALSE
fare_DEL-BOM_IX_2026-08-29_T+7_1787410677130_map9,DEL-BOM,EaseMyTrip,IX,IX-1482,2026-08-29,T+7,13729,3014,16743,2026-08-22T08:49:24.134Z,TRUE,"High outlier: ₹16743 > upper fence ₹11243 (Q3: ₹8468, IQR: ₹1850)",08:30,FALSE
fare_DEL-BOM_AI_2026-08-29_T+7_1787410677130_98yg,DEL-BOM,EaseMyTrip,AI,AI-491,2026-08-29,T+7,13815,3033,16848,2026-08-22T08:49:24.134Z,TRUE,"High outlier: ₹16848 > upper fence ₹11243 (Q3: ₹8468, IQR: ₹1850)",11:15,FALSE
fare_DEL-BOM_AI_2026-08-29_T+7_1787410677130_ke6e,DEL-BOM,EaseMyTrip,AI,AI-1711,2026-08-29,T+7,13815,3033,16848,2026-08-22T08:49:24.134Z,TRUE,"High outlier: ₹16848 > upper fence ₹11243 (Q3: ₹8468, IQR: ₹1850)",10:25,FALSE
fare_DEL-BOM_AI_2026-08-29_T+7_1787410677130_idsw,DEL-BOM,EaseMyTrip,AI,AI-2907,2026-08-29,T+7,14034,3081,17115,2026-08-22T08:49:24.134Z,TRUE,"High outlier: ₹17115 > upper fence ₹11243 (Q3: ₹8468, IQR: ₹1850)",11:55,FALSE
fare_DEL-BOM_AI_2026-08-29_T+7_1787410677130_l0jm,DEL-BOM,EaseMyTrip,AI,AI-9418,2026-08-29,T+7,14191,3115,17306,2026-08-22T08:49:24.134Z,TRUE,"High outlier: ₹17306 > upper fence ₹11243 (Q3: ₹8468, IQR: ₹1850)",13:10,FALSE
fare_DEL-BOM_IX_2026-08-29_T+7_1787410677130_dxxo,DEL-BOM,EaseMyTrip,IX,IX-2820,2026-08-29,T+7,14334,3146,17480,2026-08-22T08:49:24.134Z,TRUE,"High outlier: ₹17480 > upper fence ₹11243 (Q3: ₹8468, IQR: ₹1850)",21:00,FALSE
fare_DEL-BOM_AI_2026-08-29_T+7_1787410677130_k5eu,DEL-BOM,EaseMyTrip,AI,AI-2735,2026-08-29,T+7,14377,3156,17533,2026-08-22T08:49:24.134Z,TRUE,"High outlier: ₹17533 > upper fence ₹11243 (Q3: ₹8468, IQR: ₹1850)",15:40,FALSE
fare_DEL-BOM_AI_2026-08-29_T+7_1787410677130_0rit,DEL-BOM,EaseMyTrip,AI,AI-2577,2026-08-29,T+7,14577,3200,17777,2026-08-22T08:49:24.134Z,TRUE,"High outlier: ₹17777 > upper fence ₹11243 (Q3: ₹8468, IQR: ₹1850)",02:00,FALSE
fare_DEL-BOM_6E_2026-08-29_T+7_1787410677130_dylk,DEL-BOM,EaseMyTrip,6E,6E-470,2026-08-29,T+7,14430,3167,17597,2026-08-22T08:49:24.134Z,TRUE,"High outlier: ₹17597 > upper fence ₹11243 (Q3: ₹8468, IQR: ₹1850)",12:15,FALSE
fare_DEL-BOM_6E_2026-08-29_T+7_1787410677130_pfxx,DEL-BOM,EaseMyTrip,6E,6E-655,2026-08-29,T+7,14430,3167,17597,2026-08-22T08:49:24.134Z,TRUE,"High outlier: ₹17597 > upper fence ₹11243 (Q3: ₹8468, IQR: ₹1850)",12:15,FALSE
fare_DEL-BOM_AI_2026-08-29_T+7_1787410677130_xi6i,DEL-BOM,EaseMyTrip,AI,AI-2465,2026-08-29,T+7,14880,3266,18146,2026-08-22T08:49:24.134Z,TRUE,"High outlier: ₹18146 > upper fence ₹11243 (Q3: ₹8468, IQR: ₹1850)",14:30,FALSE
fare_DEL-BOM_IX_2026-08-29_T+7_1787410677130_r004,DEL-BOM,EaseMyTrip,IX,IX-1003,2026-08-29,T+7,14995,3292,18287,2026-08-22T08:49:24.134Z,TRUE,"High outlier: ₹18287 > upper fence ₹11243 (Q3: ₹8468, IQR: ₹1850)",19:10,FALSE
fare_DEL-BOM_AI_2026-08-29_T+7_1787410677130_goep,DEL-BOM,EaseMyTrip,AI,AI-429,2026-08-29,T+7,15193,3335,18528,2026-08-22T08:49:24.134Z,TRUE,"High outlier: ₹18528 > upper fence ₹11243 (Q3: ₹8468, IQR: ₹1850)",10:20,FALSE
fare_DEL-BOM_AI_2026-08-29_T+7_1787410677130_1v86,DEL-BOM,EaseMyTrip,AI,AI-1779,2026-08-29,T+7,16144,3544,19688,2026-08-22T08:49:24.134Z,TRUE,"High outlier: ₹19688 > upper fence ₹11243 (Q3: ₹8468, IQR: ₹1850)",13:55,FALSE
fare_DEL-BOM_AI_2026-08-29_T+7_1787410677130_c5hv,DEL-BOM,EaseMyTrip,AI,AI-1737,2026-08-29,T+7,16357,3590,19947,2026-08-22T08:49:24.134Z,TRUE,"High outlier: ₹19947 > upper fence ₹11243 (Q3: ₹8468, IQR: ₹1850)",11:50,FALSE
fare_DEL-BOM_AI_2026-08-29_T+7_1787410677130_uvyp,DEL-BOM,EaseMyTrip,AI,AI-2653,2026-08-29,T+7,16618,3648,20266,2026-08-22T08:49:24.134Z,TRUE,"High outlier: ₹20266 > upper fence ₹11243 (Q3: ₹8468, IQR: ₹1850)",04:30,FALSE
fare_DEL-BOM_AI_2026-08-29_T+7_1787410677130_ku2k,DEL-BOM,EaseMyTrip,AI,AI-1739,2026-08-29,T+7,17408,3821,21229,2026-08-22T08:49:24.134Z,TRUE,"High outlier: ₹21229 > upper fence ₹11243 (Q3: ₹8468, IQR: ₹1850)",11:30,FALSE
fare_DEL-BOM_AI_2026-08-29_T+7_1787410677130_qsti,DEL-BOM,EaseMyTrip,AI,AI-9584,2026-08-29,T+7,17472,3835,21307,2026-08-22T08:49:24.134Z,TRUE,"High outlier: ₹21307 > upper fence ₹11243 (Q3: ₹8468, IQR: ₹1850)",11:20,FALSE
fare_DEL-BOM_AI_2026-08-29_T+7_1787410677130_bo2b,DEL-BOM,EaseMyTrip,AI,AI-2496,2026-08-29,T+7,18285,4014,22299,2026-08-22T08:49:24.134Z,TRUE,"High outlier: ₹22299 > upper fence ₹11243 (Q3: ₹8468, IQR: ₹1850)",03:00,FALSE
fare_DEL-BOM_AI_2026-08-29_T+7_1787410677130_u871,DEL-BOM,EaseMyTrip,AI,AI-2417,2026-08-29,T+7,36808,8080,44888,2026-08-22T08:49:24.134Z,TRUE,"High outlier: ₹44888 > upper fence ₹11243 (Q3: ₹8468, IQR: ₹1850)",13:00,FALSE
fare_DEL-BOM_SG_2026-08-29_T+7_1787410677130_j2d6,DEL-BOM,EaseMyTrip,SG,SG-925,2026-08-29,T+7,5255,1153,6408,2026-08-22T09:04:06.273Z,FALSE,"",14:30,TRUE
fare_DEL-BOM_SG_2026-08-29_T+7_1787410677130_q4j7,DEL-BOM,EaseMyTrip,SG,SG-766,2026-08-29,T+7,5255,1153,6408,2026-08-22T09:04:06.273Z,FALSE,"",14:30,TRUE
fare_DEL-BOM_SG_2026-08-29_T+7_1787410677130_h4ik,DEL-BOM,EaseMyTrip,SG,SG-609,2026-08-29,T+7,5255,1153,6408,2026-08-22T09:04:06.273Z,FALSE,"",18:35,TRUE
fare_DEL-BOM_SG_2026-08-29_T+7_1787410677130_84ag,DEL-BOM,EaseMyTrip,SG,SG-423,2026-08-29,T+7,5255,1153,6408,2026-08-22T09:04:06.273Z,FALSE,"",18:35,TRUE
fare_DEL-BOM_SG_2026-08-29_T+7_1787410677130_enas,DEL-BOM,EaseMyTrip,SG,SG-938,2026-08-29,T+7,5255,1153,6408,2026-08-22T09:04:06.273Z,FALSE,"",22:30,TRUE
fare_DEL-BOM_SG_2026-08-29_T+7_1787410677130_hzn2,DEL-BOM,EaseMyTrip,SG,SG-377,2026-08-29,T+7,5255,1153,6408,2026-08-22T09:04:06.273Z,FALSE,"",22:30,TRUE
fare_DEL-BOM_6E_2026-08-29_T+7_1787410677130_50g2,DEL-BOM,EaseMyTrip,6E,6E-378,2026-08-29,T+7,5354,1175,6529,2026-08-22T09:04:06.273Z,FALSE,"",20:20,TRUE
fare_DEL-BOM_6E_2026-08-29_T+7_1787410677130_t0vi,DEL-BOM,EaseMyTrip,6E,6E-211,2026-08-29,T+7,5354,1175,6529,2026-08-22T09:04:06.273Z,FALSE,"",20:20,TRUE
fare_DEL-BOM_6E_2026-08-29_T+7_1787410677130_hvgc,DEL-BOM,EaseMyTrip,6E,6E-103,2026-08-29,T+7,5355,1175,6530,2026-08-22T09:04:06.273Z,FALSE,"",16:15,TRUE
fare_DEL-BOM_6E_2026-08-29_T+7_1787410677130_pbv4,DEL-BOM,EaseMyTrip,6E,6E-725,2026-08-29,T+7,5355,1175,6530,2026-08-22T09:04:06.273Z,FALSE,"",16:15,TRUE
fare_DEL-BOM_6E_2026-08-29_T+7_1787410677130_qxi3,DEL-BOM,EaseMyTrip,6E,6E-667,2026-08-29,T+7,5355,1175,6530,2026-08-22T09:04:06.273Z,FALSE,"",15:30,TRUE
fare_DEL-BOM_6E_2026-08-29_T+7_1787410677130_fclh,DEL-BOM,EaseMyTrip,6E,6E-801,2026-08-29,T+7,5355,1175,6530,2026-08-22T09:04:06.273Z,FALSE,"",15:30,TRUE
fare_DEL-BOM_6E_2026-08-29_T+7_1787410677130_rrnv,DEL-BOM,EaseMyTrip,6E,6E-456,2026-08-29,T+7,5355,1175,6530,2026-08-22T09:04:06.273Z,FALSE,"",08:45,TRUE
fare_DEL-BOM_6E_2026-08-29_T+7_1787410677130_k2az,DEL-BOM,EaseMyTrip,6E,6E-600,2026-08-29,T+7,5355,1175,6530,2026-08-22T09:04:06.273Z,FALSE,"",08:45,TRUE
fare_DEL-BOM_6E_2026-08-29_T+7_1787410677130_1mup,DEL-BOM,EaseMyTrip,6E,6E-764,2026-08-29,T+7,5355,1175,6530,2026-08-22T09:04:06.273Z,FALSE,"",13:00,TRUE
fare_DEL-BOM_6E_2026-08-29_T+7_1787410677130_cxod,DEL-BOM,EaseMyTrip,6E,6E-430,2026-08-29,T+7,5355,1175,6530,2026-08-22T09:04:06.273Z,FALSE,"",13:00,TRUE
fare_DEL-BOM_6E_2026-08-29_T+7_1787410677130_lkmu,DEL-BOM,EaseMyTrip,6E,6E-189,2026-08-29,T+7,5484,1204,6688,2026-08-22T09:04:06.273Z,FALSE,"",05:00,TRUE
fare_DEL-BOM_6E_2026-08-29_T+7_1787410677130_8lrr,DEL-BOM,EaseMyTrip,6E,6E-682,2026-08-29,T+7,5484,1204,6688,2026-08-22T09:04:06.273Z,FALSE,"",05:00,TRUE
fare_DEL-BOM_6E_2026-08-29_T+7_1787410677130_02df,DEL-BOM,EaseMyTrip,6E,6E-595,2026-08-29,T+7,5484,1204,6688,2026-08-22T09:04:06.273Z,FALSE,"",23:30,TRUE
fare_DEL-BOM_6E_2026-08-29_T+7_1787410677130_gwll,DEL-BOM,EaseMyTrip,6E,6E-777,2026-08-29,T+7,5484,1204,6688,2026-08-22T09:04:06.273Z,FALSE,"",23:30,TRUE
fare_DEL-BOM_6E_2026-08-29_T+7_1787410677130_4bq4,DEL-BOM,EaseMyTrip,6E,6E-107,2026-08-29,T+7,5484,1204,6688,2026-08-22T09:04:06.273Z,FALSE,"",21:45,TRUE
fare_DEL-BOM_6E_2026-08-29_T+7_1787410677130_wnrz,DEL-BOM,EaseMyTrip,6E,6E-613,2026-08-29,T+7,5484,1204,6688,2026-08-22T09:04:06.273Z,FALSE,"",21:45,TRUE
fare_DEL-BOM_6E_2026-08-29_T+7_1787410677130_lmit,DEL-BOM,EaseMyTrip,6E,6E-722,2026-08-29,T+7,5484,1204,6688,2026-08-22T09:04:06.273Z,FALSE,"",20:00,TRUE
fare_DEL-BOM_6E_2026-08-29_T+7_1787410677130_hmaq,DEL-BOM,EaseMyTrip,6E,6E-636,2026-08-29,T+7,5484,1204,6688,2026-08-22T09:04:06.273Z,FALSE,"",19:00,TRUE
fare_DEL-BOM_6E_2026-08-29_T+7_1787410677130_sqjw,DEL-BOM,EaseMyTrip,6E,6E-285,2026-08-29,T+7,5484,1204,6688,2026-08-22T09:04:06.273Z,FALSE,"",19:00,TRUE
fare_DEL-BOM_6E_2026-08-29_T+7_1787410677130_v25j,DEL-BOM,EaseMyTrip,6E,6E-576,2026-08-29,T+7,5484,1204,6688,2026-08-22T09:04:06.273Z,FALSE,"",18:00,TRUE
fare_DEL-BOM_6E_2026-08-29_T+7_1787410677130_08nh,DEL-BOM,EaseMyTrip,6E,6E-727,2026-08-29,T+7,5484,1204,6688,2026-08-22T09:04:06.273Z,FALSE,"",18:00,TRUE
fare_DEL-BOM_6E_2026-08-29_T+7_1787410677130_f1ug,DEL-BOM,EaseMyTrip,6E,6E-472,2026-08-29,T+7,5484,1204,6688,2026-08-22T09:04:06.273Z,FALSE,"",08:00,TRUE
fare_DEL-BOM_6E_2026-08-29_T+7_1787410677130_bqvo,DEL-BOM,EaseMyTrip,6E,6E-936,2026-08-29,T+7,5920,1299,7219,2026-08-22T09:04:06.273Z,FALSE,"",10:00,FALSE
fare_DEL-BOM_6E_2026-08-29_T+7_1787410677130_n10c,DEL-BOM,EaseMyTrip,6E,6E-130,2026-08-29,T+7,5920,1299,7219,2026-08-22T09:04:06.273Z,FALSE,"",10:00,FALSE
fare_DEL-BOM_SG_2026-08-29_T+7_1787410677130_t6xw,DEL-BOM,EaseMyTrip,SG,SG-417,2026-08-29,T+7,6846,1503,8349,2026-08-22T09:04:06.273Z,FALSE,"",09:15,TRUE
fare_DEL-BOM_SG_2026-08-29_T+7_1787410677130_j6q0,DEL-BOM,EaseMyTrip,SG,SG-832,2026-08-29,T+7,6846,1503,8349,2026-08-22T09:04:06.273Z,FALSE,"",09:15,TRUE
fare_DEL-BOM_6E_2026-08-29_T+7_1787410677130_e1kv,DEL-BOM,EaseMyTrip,6E,6E-227,2026-08-29,T+7,6243,1370,7613,2026-08-22T09:04:06.273Z,FALSE,"",02:25,FALSE
fare_DEL-BOM_6E_2026-08-29_T+7_1787410677130_1av1,DEL-BOM,EaseMyTrip,6E,6E-601,2026-08-29,T+7,6243,1370,7613,2026-08-22T09:04:06.273Z,FALSE,"",02:25,FALSE
fare_DEL-BOM_6E_2026-08-29_T+7_1787410677130_axd9,DEL-BOM,EaseMyTrip,6E,6E-213,2026-08-29,T+7,6243,1370,7613,2026-08-22T09:04:06.273Z,FALSE,"",23:15,FALSE
fare_DEL-BOM_6E_2026-08-29_T+7_1787410677130_yool,DEL-BOM,EaseMyTrip,6E,6E-504,2026-08-29,T+7,6243,1370,7613,2026-08-22T09:04:06.273Z,FALSE,"",23:15,FALSE
fare_DEL-BOM_6E_2026-08-29_T+7_1787410677130_w7o4,DEL-BOM,EaseMyTrip,6E,6E-492,2026-08-29,T+7,6307,1385,7692,2026-08-22T09:04:06.273Z,FALSE,"",19:30,FALSE
fare_DEL-BOM_6E_2026-08-29_T+7_1787410677130_c4px,DEL-BOM,EaseMyTrip,6E,6E-634,2026-08-29,T+7,6307,1385,7692,2026-08-22T09:04:06.273Z,FALSE,"",19:30,FALSE
fare_DEL-BOM_6E_2026-08-29_T+7_1787410677130_q18f,DEL-BOM,EaseMyTrip,6E,6E-731,2026-08-29,T+7,6380,1400,7780,2026-08-22T09:04:06.273Z,FALSE,"",10:00,FALSE
fare_DEL-BOM_6E_2026-08-29_T+7_1787410677130_c8qh,DEL-BOM,EaseMyTrip,6E,6E-394,2026-08-29,T+7,6380,1400,7780,2026-08-22T09:04:06.273Z,FALSE,"",10:00,FALSE
fare_DEL-BOM_6E_2026-08-29_T+7_1787410677130_jrzf,DEL-BOM,EaseMyTrip,6E,6E-417,2026-08-29,T+7,8375,1838,10213,2026-08-22T09:04:06.273Z,FALSE,"",19:35,FALSE
fare_DEL-BOM_6E_2026-08-29_T+7_1787410677130_94h3,DEL-BOM,EaseMyTrip,6E,6E-463,2026-08-29,T+7,8375,1838,10213,2026-08-22T09:04:06.273Z,FALSE,"",19:35,FALSE
fare_DEL-BOM_AI_2026-08-29_T+7_1787410677130_8ezs,DEL-BOM,EaseMyTrip,AI,AI-2499,2026-08-29,T+7,9851,2163,12014,2026-08-22T09:04:06.273Z,TRUE,"High outlier: ₹12014 > upper fence ₹11243 (Q3: ₹8468, IQR: ₹1850)",06:00,FALSE
fare_DEL-BOM_6E_2026-08-29_T+7_1787410677130_5j01,DEL-BOM,EaseMyTrip,6E,6E-182,2026-08-29,T+7,10993,2413,13406,2026-08-22T09:04:06.273Z,TRUE,"High outlier: ₹13406 > upper fence ₹11243 (Q3: ₹8468, IQR: ₹1850)",08:30,FALSE
fare_DEL-BOM_6E_2026-08-29_T+7_1787410677130_hqmh,DEL-BOM,EaseMyTrip,6E,6E-199,2026-08-29,T+7,10993,2413,13406,2026-08-22T09:04:06.273Z,TRUE,"High outlier: ₹13406 > upper fence ₹11243 (Q3: ₹8468, IQR: ₹1850)",08:30,FALSE
fare_DEL-BOM_AI_2026-08-29_T+7_1787410677130_3nc7,DEL-BOM,EaseMyTrip,AI,AI-531,2026-08-29,T+7,11417,2506,13923,2026-08-22T09:04:06.273Z,TRUE,"High outlier: ₹13923 > upper fence ₹11243 (Q3: ₹8468, IQR: ₹1850)",19:20,FALSE
fare_DEL-BOM_AI_2026-08-29_T+7_1787410677130_q73r,DEL-BOM,EaseMyTrip,AI,AI-881,2026-08-29,T+7,11417,2506,13923,2026-08-22T09:04:06.273Z,TRUE,"High outlier: ₹13923 > upper fence ₹11243 (Q3: ₹8468, IQR: ₹1850)",13:35,FALSE
fare_DEL-BOM_AI_2026-08-29_T+7_1787410677130_eppo,DEL-BOM,EaseMyTrip,AI,AI-2715,2026-08-29,T+7,11417,2506,13923,2026-08-22T09:04:06.273Z,TRUE,"High outlier: ₹13923 > upper fence ₹11243 (Q3: ₹8468, IQR: ₹1850)",11:40,FALSE
fare_DEL-BOM_6E_2026-08-29_T+7_1787410677130_6tk3,DEL-BOM,EaseMyTrip,6E,6E-726,2026-08-29,T+7,14430,3167,17597,2026-08-22T09:04:06.273Z,TRUE,"High outlier: ₹17597 > upper fence ₹11243 (Q3: ₹8468, IQR: ₹1850)",12:15,FALSE
fare_DEL-BOM_6E_2026-08-29_T+7_1787410677130_y36m,DEL-BOM,EaseMyTrip,6E,6E-630,2026-08-29,T+7,14430,3167,17597,2026-08-22T09:04:06.273Z,TRUE,"High outlier: ₹17597 > upper fence ₹11243 (Q3: ₹8468, IQR: ₹1850)",12:15,FALSE
fare_DEL-BOM_AI_2026-08-29_T+7_1787410677130_d93x,DEL-BOM,EaseMyTrip,AI,AI-2803,2026-08-29,T+7,16556,3634,20190,2026-08-22T09:04:06.273Z,TRUE,"High outlier: ₹20190 > upper fence ₹11243 (Q3: ₹8468, IQR: ₹1850)",06:30,FALSE
fare_DEL-BOM_AI_2026-08-29_T+7_1787410677130_licq,DEL-BOM,EaseMyTrip,AI,AI-2627,2026-08-29,T+7,23105,5072,28177,2026-08-22T09:04:06.273Z,TRUE,"High outlier: ₹28177 > upper fence ₹11243 (Q3: ₹8468, IQR: ₹1850)",10:45,FALSE
fare_DEL-BOM_SG_2026-08-29_T+7_1787410677131_7hif,DEL-BOM,EaseMyTrip,SG,SG-643,2026-08-29,T+7,5255,1153,6408,2026-08-22T14:57:47.327Z,FALSE,"",14:30,TRUE
fare_DEL-BOM_SG_2026-08-29_T+7_1787410677131_63lz,DEL-BOM,EaseMyTrip,SG,SG-713,2026-08-29,T+7,5255,1153,6408,2026-08-22T14:57:47.327Z,FALSE,"",14:30,TRUE
fare_DEL-BOM_SG_2026-08-29_T+7_1787410677131_gxva,DEL-BOM,EaseMyTrip,SG,SG-571,2026-08-29,T+7,5255,1153,6408,2026-08-22T14:57:47.327Z,FALSE,"",18:35,TRUE
fare_DEL-BOM_SG_2026-08-29_T+7_1787410677131_p1kl,DEL-BOM,EaseMyTrip,SG,SG-889,2026-08-29,T+7,5255,1153,6408,2026-08-22T14:57:47.327Z,FALSE,"",18:35,TRUE
fare_DEL-BOM_SG_2026-08-29_T+7_1787410677131_tfa6,DEL-BOM,EaseMyTrip,SG,SG-683,2026-08-29,T+7,5255,1153,6408,2026-08-22T14:57:47.327Z,FALSE,"",22:30,TRUE
fare_DEL-BOM_SG_2026-08-29_T+7_1787410677131_m6kc,DEL-BOM,EaseMyTrip,SG,SG-308,2026-08-29,T+7,5255,1153,6408,2026-08-22T14:57:47.327Z,FALSE,"",22:30,TRUE
fare_DEL-BOM_6E_2026-08-29_T+7_1787410677131_a67c,DEL-BOM,EaseMyTrip,6E,6E-379,2026-08-29,T+7,5354,1175,6529,2026-08-22T14:57:47.327Z,FALSE,"",20:20,TRUE
fare_DEL-BOM_6E_2026-08-29_T+7_1787410677131_pn03,DEL-BOM,EaseMyTrip,6E,6E-592,2026-08-29,T+7,5354,1175,6529,2026-08-22T14:57:47.327Z,FALSE,"",20:20,TRUE
fare_DEL-BOM_6E_2026-08-29_T+7_1787410677131_487c,DEL-BOM,EaseMyTrip,6E,6E-612,2026-08-29,T+7,5355,1175,6530,2026-08-22T14:57:47.327Z,FALSE,"",16:15,TRUE
fare_DEL-BOM_6E_2026-08-29_T+7_1787410677131_74ub,DEL-BOM,EaseMyTrip,6E,6E-401,2026-08-29,T+7,5355,1175,6530,2026-08-22T14:57:47.327Z,FALSE,"",16:15,TRUE
fare_DEL-BOM_6E_2026-08-29_T+7_1787410677131_avrm,DEL-BOM,EaseMyTrip,6E,6E-124,2026-08-29,T+7,5355,1175,6530,2026-08-22T14:57:47.327Z,FALSE,"",15:30,TRUE
fare_DEL-BOM_6E_2026-08-29_T+7_1787410677131_3g6i,DEL-BOM,EaseMyTrip,6E,6E-791,2026-08-29,T+7,5355,1175,6530,2026-08-22T14:57:47.327Z,FALSE,"",15:30,TRUE
fare_DEL-BOM_6E_2026-08-29_T+7_1787410677131_m18j,DEL-BOM,EaseMyTrip,6E,6E-946,2026-08-29,T+7,5355,1175,6530,2026-08-22T14:57:47.327Z,FALSE,"",08:45,TRUE
fare_DEL-BOM_6E_2026-08-29_T+7_1787410677131_2g8r,DEL-BOM,EaseMyTrip,6E,6E-433,2026-08-29,T+7,5355,1175,6530,2026-08-22T14:57:47.327Z,FALSE,"",08:45,TRUE
fare_DEL-BOM_6E_2026-08-29_T+7_1787410677131_5v67,DEL-BOM,EaseMyTrip,6E,6E-523,2026-08-29,T+7,5355,1175,6530,2026-08-22T14:57:47.327Z,FALSE,"",13:00,TRUE
fare_DEL-BOM_6E_2026-08-29_T+7_1787410677131_j8l8,DEL-BOM,EaseMyTrip,6E,6E-301,2026-08-29,T+7,5355,1175,6530,2026-08-22T14:57:47.327Z,FALSE,"",13:00,TRUE
fare_DEL-BOM_6E_2026-08-29_T+7_1787410677131_9ufh,DEL-BOM,EaseMyTrip,6E,6E-720,2026-08-29,T+7,5484,1204,6688,2026-08-22T14:57:47.327Z,FALSE,"",05:00,TRUE
fare_DEL-BOM_6E_2026-08-29_T+7_1787410677131_9dpy,DEL-BOM,EaseMyTrip,6E,6E-254,2026-08-29,T+7,5484,1204,6688,2026-08-22T14:57:47.327Z,FALSE,"",05:00,TRUE
fare_DEL-BOM_6E_2026-08-29_T+7_1787410677131_ij87,DEL-BOM,EaseMyTrip,6E,6E-452,2026-08-29,T+7,5484,1204,6688,2026-08-22T14:57:47.327Z,FALSE,"",23:30,TRUE
fare_DEL-BOM_6E_2026-08-29_T+7_1787410677131_bgt6,DEL-BOM,EaseMyTrip,6E,6E-229,2026-08-29,T+7,5484,1204,6688,2026-08-22T14:57:47.327Z,FALSE,"",23:30,TRUE
fare_DEL-BOM_6E_2026-08-29_T+7_1787410677131_kkqx,DEL-BOM,EaseMyTrip,6E,6E-712,2026-08-29,T+7,5484,1204,6688,2026-08-22T14:57:47.327Z,FALSE,"",21:45,TRUE
fare_DEL-BOM_6E_2026-08-29_T+7_1787410677131_v2nl,DEL-BOM,EaseMyTrip,6E,6E-875,2026-08-29,T+7,5484,1204,6688,2026-08-22T14:57:47.327Z,FALSE,"",21:45,TRUE
fare_DEL-BOM_6E_2026-08-29_T+7_1787410677131_lb2b,DEL-BOM,EaseMyTrip,6E,6E-171,2026-08-29,T+7,5484,1204,6688,2026-08-22T14:57:47.327Z,FALSE,"",20:00,TRUE
fare_DEL-BOM_6E_2026-08-29_T+7_1787410677131_of5u,DEL-BOM,EaseMyTrip,6E,6E-893,2026-08-29,T+7,5484,1204,6688,2026-08-22T14:57:47.327Z,FALSE,"",20:00,TRUE
fare_DEL-BOM_6E_2026-08-29_T+7_1787410677131_fz5e,DEL-BOM,EaseMyTrip,6E,6E-680,2026-08-29,T+7,5484,1204,6688,2026-08-22T14:57:47.327Z,FALSE,"",19:00,TRUE
fare_DEL-BOM_6E_2026-08-29_T+7_1787410677131_yqq6,DEL-BOM,EaseMyTrip,6E,6E-677,2026-08-29,T+7,5484,1204,6688,2026-08-22T14:57:47.327Z,FALSE,"",19:00,TRUE
fare_DEL-BOM_6E_2026-08-29_T+7_1787410677131_04tb,DEL-BOM,EaseMyTrip,6E,6E-696,2026-08-29,T+7,5484,1204,6688,2026-08-22T14:57:47.327Z,FALSE,"",18:00,TRUE
fare_DEL-BOM_6E_2026-08-29_T+7_1787410677131_ein3,DEL-BOM,EaseMyTrip,6E,6E-132,2026-08-29,T+7,5484,1204,6688,2026-08-22T14:57:47.327Z,FALSE,"",18:00,TRUE
fare_DEL-BOM_6E_2026-08-29_T+7_1787410677131_hn8j,DEL-BOM,EaseMyTrip,6E,6E-832,2026-08-29,T+7,5484,1204,6688,2026-08-22T14:57:47.327Z,FALSE,"",08:00,TRUE
fare_DEL-BOM_6E_2026-08-29_T+7_1787410677131_ypy1,DEL-BOM,EaseMyTrip,6E,6E-582,2026-08-29,T+7,5484,1204,6688,2026-08-22T14:57:47.327Z,FALSE,"",08:00,TRUE
fare_DEL-BOM_6E_2026-08-29_T+7_1787410677131_17ot,DEL-BOM,EaseMyTrip,6E,6E-398,2026-08-29,T+7,5920,1299,7219,2026-08-22T14:57:47.327Z,FALSE,"",10:00,FALSE
fare_DEL-BOM_SG_2026-08-29_T+7_1787410677131_dzaf,DEL-BOM,EaseMyTrip,SG,SG-434,2026-08-29,T+7,6846,1503,8349,2026-08-22T14:57:47.327Z,FALSE,"",09:15,TRUE
fare_DEL-BOM_SG_2026-08-29_T+7_1787410677131_f2da,DEL-BOM,EaseMyTrip,SG,SG-501,2026-08-29,T+7,6846,1503,8349,2026-08-22T14:57:47.327Z,FALSE,"",09:15,TRUE
fare_DEL-BOM_6E_2026-08-29_T+7_1787410677131_57n1,DEL-BOM,EaseMyTrip,6E,6E-810,2026-08-29,T+7,6243,1370,7613,2026-08-22T14:57:47.327Z,FALSE,"",02:25,FALSE
fare_DEL-BOM_6E_2026-08-29_T+7_1787410677131_zv5a,DEL-BOM,EaseMyTrip,6E,6E-286,2026-08-29,T+7,6243,1370,7613,2026-08-22T14:57:47.327Z,FALSE,"",02:25,FALSE
fare_DEL-BOM_6E_2026-08-29_T+7_1787410677131_zybd,DEL-BOM,EaseMyTrip,6E,6E-270,2026-08-29,T+7,6243,1370,7613,2026-08-22T14:57:47.327Z,FALSE,"",23:15,FALSE
fare_DEL-BOM_6E_2026-08-29_T+7_1787410677131_68rm,DEL-BOM,EaseMyTrip,6E,6E-351,2026-08-29,T+7,6243,1370,7613,2026-08-22T14:57:47.327Z,FALSE,"",23:15,FALSE
fare_DEL-BOM_6E_2026-08-29_T+7_1787410677131_8cl2,DEL-BOM,EaseMyTrip,6E,6E-860,2026-08-29,T+7,6380,1400,7780,2026-08-22T14:57:47.327Z,FALSE,"",10:00,FALSE
fare_DEL-BOM_6E_2026-08-29_T+7_1787410677131_k03k,DEL-BOM,EaseMyTrip,6E,6E-642,2026-08-29,T+7,6380,1400,7780,2026-08-22T14:57:47.327Z,FALSE,"",10:00,FALSE
fare_DEL-BOM_6E_2026-08-29_T+7_1787410677131_41du,DEL-BOM,EaseMyTrip,6E,6E-2496,2026-08-29,T+7,6501,1427,7928,2026-08-22T14:57:47.327Z,FALSE,"",12:40,FALSE
fare_DEL-BOM_6E_2026-08-29_T+7_1787410677131_4pbv,DEL-BOM,EaseMyTrip,6E,6E-786,2026-08-29,T+7,7320,1607,8927,2026-08-22T14:57:47.327Z,FALSE,"",19:30,FALSE
fare_DEL-BOM_6E_2026-08-29_T+7_1787410677131_3p6b,DEL-BOM,EaseMyTrip,6E,6E-998,2026-08-29,T+7,7320,1607,8927,2026-08-22T14:57:47.327Z,FALSE,"",19:30,FALSE
fare_DEL-BOM_6E_2026-08-29_T+7_1787410677131_jssf,DEL-BOM,EaseMyTrip,6E,6E-619,2026-08-29,T+7,8694,1908,10602,2026-08-22T14:57:47.327Z,FALSE,"",19:35,FALSE
fare_DEL-BOM_6E_2026-08-29_T+7_1787410677131_xa0d,DEL-BOM,EaseMyTrip,6E,6E-926,2026-08-29,T+7,8694,1908,10602,2026-08-22T14:57:47.327Z,FALSE,"",19:35,FALSE
fare_DEL-BOM_6E_2026-08-29_T+7_1787410677131_runz,DEL-BOM,EaseMyTrip,6E,6E-317,2026-08-29,T+7,11441,2512,13953,2026-08-22T14:57:47.327Z,TRUE,"High outlier: ₹13953 > upper fence ₹11243 (Q3: ₹8468, IQR: ₹1850)",08:30,FALSE
fare_DEL-BOM_6E_2026-08-29_T+7_1787410677131_j8yr,DEL-BOM,EaseMyTrip,6E,6E-482,2026-08-29,T+7,11441,2512,13953,2026-08-22T14:57:47.327Z,TRUE,"High outlier: ₹13953 > upper fence ₹11243 (Q3: ₹8468, IQR: ₹1850)",08:30,FALSE
fare_DEL-BOM_6E_2026-08-29_T+7_1787410677131_xyjq,DEL-BOM,EaseMyTrip,6E,6E-828,2026-08-29,T+7,13052,2865,15917,2026-08-22T14:57:47.327Z,TRUE,"High outlier: ₹15917 > upper fence ₹11243 (Q3: ₹8468, IQR: ₹1850)",12:15,FALSE
fare_DEL-BOM_6E_2026-08-29_T+7_1787410677131_0q35,DEL-BOM,EaseMyTrip,6E,6E-477,2026-08-29,T+7,13052,2865,15917,2026-08-22T14:57:47.327Z,TRUE,"High outlier: ₹15917 > upper fence ₹11243 (Q3: ₹8468, IQR: ₹1850)",12:15,FALSE
fare_DEL-BOM_6E_2026-08-29_T+7_1787410677133_o06c,DEL-BOM,IndiGo,6E,6E-501,2026-08-29,T+7,3890,854,4744,2026-08-22T05:06:34.651Z,FALSE,"",07:00,TRUE
fare_DEL-CCU_6E_2026-08-23_T+1_1787410677131_5dlm,DEL-CCU,EaseMyTrip,6E,6E-5191,2026-08-23,T+1,6930,1521,8451,2026-08-22T09:05:11.121Z,FALSE,"",04:45,TRUE
fare_DEL-CCU_6E_2026-08-23_T+1_1787410677131_wwmi,DEL-CCU,EaseMyTrip,6E,6E-676,2026-08-23,T+1,6930,1521,8451,2026-08-22T09:05:11.121Z,FALSE,"",23:30,TRUE
fare_DEL-CCU_6E_2026-08-23_T+1_1787410677131_6zu5,DEL-CCU,EaseMyTrip,6E,6E-256,2026-08-23,T+1,6930,1521,8451,2026-08-22T09:05:11.121Z,FALSE,"",23:30,TRUE
fare_DEL-CCU_AI_2026-08-23_T+1_1787410677131_lil7,DEL-CCU,EaseMyTrip,AI,AI-2702,2026-08-23,T+1,7094,1557,8651,2026-08-22T09:05:11.121Z,FALSE,"",02:30,TRUE
fare_DEL-CCU_QP_2026-08-23_T+1_1787410677131_v9ww,DEL-CCU,EaseMyTrip,QP,QP-1801,2026-08-23,T+1,6983,1533,8516,2026-08-22T09:05:11.121Z,FALSE,"",05:55,TRUE
fare_DEL-CCU_AI_2026-08-23_T+1_1787410677131_x2lj,DEL-CCU,EaseMyTrip,AI,AI-2535,2026-08-23,T+1,7309,1604,8913,2026-08-22T09:05:11.121Z,FALSE,"",06:15,TRUE
fare_DEL-CCU_IX_2026-08-23_T+1_1787410677131_fw5y,DEL-CCU,EaseMyTrip,IX,IX-1035,2026-08-23,T+1,7377,1619,8996,2026-08-22T09:05:11.121Z,FALSE,"",08:10,FALSE
fare_DEL-CCU_IX_2026-08-23_T+1_1787410677131_fl2f,DEL-CCU,EaseMyTrip,IX,IX-1063,2026-08-23,T+1,7377,1619,8996,2026-08-22T09:05:11.121Z,FALSE,"",20:00,FALSE
fare_DEL-CCU_IX_2026-08-23_T+1_1787410677131_ab8v,DEL-CCU,EaseMyTrip,IX,IX-1032,2026-08-23,T+1,7377,1619,8996,2026-08-22T09:05:11.121Z,FALSE,"",05:45,FALSE
fare_DEL-CCU_6E_2026-08-23_T+1_1787410677131_oke9,DEL-CCU,EaseMyTrip,6E,6E-6236,2026-08-23,T+1,7169,1574,8743,2026-08-22T09:05:11.121Z,FALSE,"",16:20,FALSE
fare_DEL-CCU_6E_2026-08-23_T+1_1787410677131_ujil,DEL-CCU,EaseMyTrip,6E,6E-2453,2026-08-23,T+1,7169,1574,8743,2026-08-22T09:05:11.121Z,FALSE,"",13:35,FALSE
fare_DEL-CCU_AI_2026-08-23_T+1_1787410677131_yhoa,DEL-CCU,EaseMyTrip,AI,AI-2705,2026-08-23,T+1,7437,1632,9069,2026-08-22T09:05:11.121Z,FALSE,"",07:30,TRUE
fare_DEL-CCU_6E_2026-08-23_T+1_1787410677131_yci3,DEL-CCU,EaseMyTrip,6E,6E-2614,2026-08-23,T+1,7341,1612,8953,2026-08-22T09:05:11.121Z,FALSE,"",14:40,FALSE
fare_DEL-CCU_6E_2026-08-23_T+1_1787410677131_4rww,DEL-CCU,EaseMyTrip,6E,6E-6190,2026-08-23,T+1,7341,1612,8953,2026-08-22T09:05:11.121Z,FALSE,"",07:40,FALSE
fare_DEL-CCU_6E_2026-08-23_T+1_1787410677131_w2lu,DEL-CCU,EaseMyTrip,6E,6E-5038,2026-08-23,T+1,7341,1612,8953,2026-08-22T09:05:11.121Z,FALSE,"",14:00,FALSE
fare_DEL-CCU_6E_2026-08-23_T+1_1787410677131_wkk7,DEL-CCU,EaseMyTrip,6E,6E-2259,2026-08-23,T+1,7341,1612,8953,2026-08-22T09:05:11.121Z,FALSE,"",12:20,FALSE
fare_DEL-CCU_6E_2026-08-23_T+1_1787410677131_t1hk,DEL-CCU,EaseMyTrip,6E,6E-5298,2026-08-23,T+1,7341,1612,8953,2026-08-22T09:05:11.121Z,FALSE,"",09:00,FALSE
fare_DEL-CCU_6E_2026-08-23_T+1_1787410677131_7m3j,DEL-CCU,EaseMyTrip,6E,6E-736,2026-08-23,T+1,7403,1625,9028,2026-08-22T09:05:11.121Z,FALSE,"",07:20,TRUE
fare_DEL-CCU_6E_2026-08-23_T+1_1787410677131_y2ep,DEL-CCU,EaseMyTrip,6E,6E-809,2026-08-23,T+1,7403,1625,9028,2026-08-22T09:05:11.121Z,FALSE,"",07:20,TRUE
fare_DEL-CCU_6E_2026-08-23_T+1_1787410677131_v8k6,DEL-CCU,EaseMyTrip,6E,6E-6378,2026-08-23,T+1,7428,1630,9058,2026-08-22T09:05:11.121Z,FALSE,"",14:40,FALSE
fare_DEL-CCU_6E_2026-08-23_T+1_1787410677131_mh6p,DEL-CCU,EaseMyTrip,6E,6E-5307,2026-08-23,T+1,7428,1630,9058,2026-08-22T09:05:11.121Z,FALSE,"",10:50,FALSE
fare_DEL-CCU_6E_2026-08-23_T+1_1787410677131_tzv3,DEL-CCU,EaseMyTrip,6E,6E-5215,2026-08-23,T+1,7428,1630,9058,2026-08-22T09:05:11.121Z,FALSE,"",07:45,FALSE
fare_DEL-CCU_6E_2026-08-23_T+1_1787410677131_lpx7,DEL-CCU,EaseMyTrip,6E,6E-6124,2026-08-23,T+1,7428,1630,9058,2026-08-22T09:05:11.121Z,FALSE,"",07:30,FALSE
fare_DEL-CCU_6E_2026-08-23_T+1_1787410677131_lel8,DEL-CCU,EaseMyTrip,6E,6E-6829,2026-08-23,T+1,7449,1635,9084,2026-08-22T09:05:11.121Z,FALSE,"",17:20,FALSE
fare_DEL-CCU_6E_2026-08-23_T+1_1787410677131_8vlk,DEL-CCU,EaseMyTrip,6E,6E-2589,2026-08-23,T+1,7519,1650,9169,2026-08-22T09:05:11.121Z,FALSE,"",14:50,TRUE
fare_DEL-CCU_IX_2026-08-23_T+1_1787410677131_kg1p,DEL-CCU,EaseMyTrip,IX,IX-1067,2026-08-23,T+1,7760,1703,9463,2026-08-22T09:05:11.121Z,FALSE,"",06:10,FALSE
fare_DEL-CCU_IX_2026-08-23_T+1_1787410677131_oj6t,DEL-CCU,EaseMyTrip,IX,IX-1085,2026-08-23,T+1,8033,1763,9796,2026-08-22T09:05:11.121Z,FALSE,"",12:55,FALSE
fare_DEL-CCU_IX_2026-08-23_T+1_1787410677131_jrfw,DEL-CCU,EaseMyTrip,IX,IX-1081,2026-08-23,T+1,8147,1788,9935,2026-08-22T09:05:11.121Z,FALSE,"",14:55,FALSE
fare_DEL-CCU_6E_2026-08-23_T+1_1787410677131_4cq6,DEL-CCU,EaseMyTrip,6E,6E-5041,2026-08-23,T+1,8038,1764,9802,2026-08-22T09:05:11.121Z,FALSE,"",15:10,FALSE
fare_DEL-CCU_IX_2026-08-23_T+1_1787410677131_t97e,DEL-CCU,EaseMyTrip,IX,IX-1001,2026-08-23,T+1,8448,1855,10303,2026-08-22T09:05:11.121Z,FALSE,"",09:00,FALSE
fare_DEL-CCU_IX_2026-08-23_T+1_1787410677131_4638,DEL-CCU,EaseMyTrip,IX,IX-2457,2026-08-23,T+1,8663,1902,10565,2026-08-22T09:05:11.121Z,FALSE,"",11:30,FALSE
fare_DEL-CCU_6E_2026-08-23_T+1_1787410677131_kjm5,DEL-CCU,EaseMyTrip,6E,6E-6476,2026-08-23,T+1,8449,1855,10304,2026-08-22T09:05:11.121Z,FALSE,"",07:05,FALSE
fare_DEL-CCU_6E_2026-08-23_T+1_1787410677131_406u,DEL-CCU,EaseMyTrip,6E,6E-295,2026-08-23,T+1,8738,1918,10656,2026-08-22T09:05:11.121Z,FALSE,"",21:50,TRUE
fare_DEL-CCU_6E_2026-08-23_T+1_1787410677131_ehdl,DEL-CCU,EaseMyTrip,6E,6E-187,2026-08-23,T+1,8738,1918,10656,2026-08-22T09:05:11.121Z,FALSE,"",21:50,TRUE
fare_DEL-CCU_6E_2026-08-23_T+1_1787410677131_e6f2,DEL-CCU,EaseMyTrip,6E,6E-6246,2026-08-23,T+1,8836,1939,10775,2026-08-22T09:05:11.121Z,FALSE,"",05:25,FALSE
fare_DEL-CCU_6E_2026-08-23_T+1_1787410677131_nrwf,DEL-CCU,EaseMyTrip,6E,6E-6371,2026-08-23,T+1,8987,1973,10960,2026-08-22T09:05:11.121Z,FALSE,"",06:20,FALSE
fare_DEL-CCU_6E_2026-08-23_T+1_1787410677131_izmd,DEL-CCU,EaseMyTrip,6E,6E-2276,2026-08-23,T+1,9341,2050,11391,2026-08-22T09:05:11.121Z,FALSE,"",17:55,TRUE
fare_DEL-CCU_6E_2026-08-23_T+1_1787410677131_2fzy,DEL-CCU,EaseMyTrip,6E,6E-7624,2026-08-23,T+1,9528,2092,11620,2026-08-22T09:05:11.121Z,FALSE,"",05:50,FALSE
fare_DEL-CCU_AI_2026-08-23_T+1_1787410677131_8mda,DEL-CCU,EaseMyTrip,AI,AI-2707,2026-08-23,T+1,9713,2132,11845,2026-08-22T09:05:11.121Z,FALSE,"",18:00,TRUE
fare_DEL-CCU_QP_2026-08-23_T+1_1787410677131_lpy6,DEL-CCU,EaseMyTrip,QP,QP-1803,2026-08-23,T+1,9559,2098,11657,2026-08-22T09:05:11.121Z,FALSE,"",17:05,TRUE
fare_DEL-CCU_AI_2026-08-23_T+1_1787410677131_9ve1,DEL-CCU,EaseMyTrip,AI,AI-1791,2026-08-23,T+1,9888,2171,12059,2026-08-22T09:05:11.121Z,FALSE,"",09:30,TRUE
fare_DEL-CCU_IX_2026-08-23_T+1_1787410677131_bya2,DEL-CCU,EaseMyTrip,IX,IX-1069,2026-08-23,T+1,10189,2237,12426,2026-08-22T09:05:11.121Z,FALSE,"",11:35,FALSE
fare_DEL-CCU_6E_2026-08-23_T+1_1787410677131_0uv6,DEL-CCU,EaseMyTrip,6E,6E-931,2026-08-23,T+1,9986,2192,12178,2026-08-22T09:05:11.121Z,FALSE,"",12:45,TRUE
fare_DEL-CCU_6E_2026-08-23_T+1_1787410677131_g97z,DEL-CCU,EaseMyTrip,6E,6E-710,2026-08-23,T+1,9986,2192,12178,2026-08-22T09:05:11.121Z,FALSE,"",12:45,TRUE
fare_DEL-CCU_6E_2026-08-23_T+1_1787410677131_c10b,DEL-CCU,EaseMyTrip,6E,6E-617,2026-08-23,T+1,9986,2192,12178,2026-08-22T09:05:11.121Z,FALSE,"",10:15,TRUE
fare_DEL-CCU_6E_2026-08-23_T+1_1787410677131_32ed,DEL-CCU,EaseMyTrip,6E,6E-240,2026-08-23,T+1,9986,2192,12178,2026-08-22T09:05:11.121Z,FALSE,"",10:15,TRUE
fare_DEL-CCU_6E_2026-08-23_T+1_1787410677131_z3ja,DEL-CCU,EaseMyTrip,6E,6E-5036,2026-08-23,T+1,10104,2218,12322,2026-08-22T09:05:11.121Z,FALSE,"",08:00,FALSE
fare_DEL-CCU_AI_2026-08-23_T+1_1787410677131_4i61,DEL-CCU,EaseMyTrip,AI,AI-879,2026-08-23,T+1,10455,2295,12750,2026-08-22T09:05:11.121Z,FALSE,"",06:40,FALSE
fare_DEL-CCU_AI_2026-08-23_T+1_1787410677131_lvuc,DEL-CCU,EaseMyTrip,AI,AI-2727,2026-08-23,T+1,10544,2314,12858,2026-08-22T09:05:11.121Z,FALSE,"",22:00,TRUE
fare_DEL-CCU_6E_2026-08-23_T+1_1787410677131_vobj,DEL-CCU,EaseMyTrip,6E,6E-5073,2026-08-23,T+1,10448,2294,12742,2026-08-22T09:05:11.121Z,FALSE,"",17:05,FALSE
fare_DEL-CCU_QP_2026-08-23_T+1_1787410677131_vune,DEL-CCU,EaseMyTrip,QP,QP-1826,2026-08-23,T+1,10503,2306,12809,2026-08-22T09:05:11.121Z,FALSE,"",19:55,FALSE
fare_DEL-CCU_6E_2026-08-23_T+1_1787410677131_lbhb,DEL-CCU,EaseMyTrip,6E,6E-6551,2026-08-23,T+1,10535,2312,12847,2026-08-22T09:05:11.121Z,FALSE,"",12:00,FALSE
fare_DEL-CCU_6E_2026-08-23_T+1_1787410677131_qmc3,DEL-CCU,EaseMyTrip,6E,6E-6517,2026-08-23,T+1,10632,2334,12966,2026-08-22T09:05:11.121Z,FALSE,"",19:30,TRUE
fare_DEL-CCU_AI_2026-08-23_T+1_1787410677131_30hb,DEL-CCU,EaseMyTrip,AI,AI-2947,2026-08-23,T+1,10973,2409,13382,2026-08-22T09:05:11.121Z,FALSE,"",14:30,FALSE
fare_DEL-CCU_SG_2026-08-23_T+1_1787410677131_8cj2,DEL-CCU,EaseMyTrip,SG,SG-799,2026-08-23,T+1,10997,2414,13411,2026-08-22T09:05:11.121Z,FALSE,"",20:10,TRUE
fare_DEL-CCU_SG_2026-08-23_T+1_1787410677131_tuyt,DEL-CCU,EaseMyTrip,SG,SG-977,2026-08-23,T+1,10997,2414,13411,2026-08-22T09:05:11.121Z,FALSE,"",20:10,TRUE
fare_DEL-CCU_AI_2026-08-23_T+1_1787410677131_t444,DEL-CCU,EaseMyTrip,AI,AI-1704,2026-08-23,T+1,11130,2443,13573,2026-08-22T09:05:11.121Z,FALSE,"",13:00,TRUE
fare_DEL-CCU_6E_2026-08-23_T+1_1787410677131_4okb,DEL-CCU,EaseMyTrip,6E,6E-6312,2026-08-23,T+1,10995,2413,13408,2026-08-22T09:05:11.121Z,FALSE,"",14:25,FALSE
fare_DEL-CCU_AI_2026-08-23_T+1_1787410677131_tb5i,DEL-CCU,EaseMyTrip,AI,AI-2709,2026-08-23,T+1,11334,2488,13822,2026-08-22T09:05:11.121Z,FALSE,"",19:10,TRUE
fare_DEL-CCU_AI_2026-08-23_T+1_1787410677131_3y3q,DEL-CCU,EaseMyTrip,AI,AI-1733,2026-08-23,T+1,11957,2625,14582,2026-08-22T09:05:11.121Z,FALSE,"",16:15,TRUE
fare_DEL-CCU_6E_2026-08-23_T+1_1787410677131_ov8f,DEL-CCU,EaseMyTrip,6E,6E-6073,2026-08-23,T+1,12038,2643,14681,2026-08-22T09:05:11.121Z,FALSE,"",05:00,FALSE
fare_DEL-CCU_6E_2026-08-23_T+1_1787410677131_4gqz,DEL-CCU,EaseMyTrip,6E,6E-6415,2026-08-23,T+1,12052,2646,14698,2026-08-22T09:05:11.121Z,FALSE,"",16:00,TRUE
fare_DEL-CCU_6E_2026-08-23_T+1_1787410677131_l4ud,DEL-CCU,EaseMyTrip,6E,6E-912,2026-08-23,T+1,12052,2646,14698,2026-08-22T09:05:11.121Z,FALSE,"",14:25,TRUE
fare_DEL-CCU_6E_2026-08-23_T+1_1787410677131_jpin,DEL-CCU,EaseMyTrip,6E,6E-737,2026-08-23,T+1,12052,2646,14698,2026-08-22T09:05:11.121Z,FALSE,"",14:25,TRUE
fare_DEL-CCU_6E_2026-08-23_T+1_1787410677131_enh4,DEL-CCU,EaseMyTrip,6E,6E-6245,2026-08-23,T+1,12067,2649,14716,2026-08-22T09:05:11.121Z,FALSE,"",06:20,FALSE
fare_DEL-CCU_AI_2026-08-23_T+1_1787410677131_zlc2,DEL-CCU,EaseMyTrip,AI,AI-9484,2026-08-23,T+1,12252,2689,14941,2026-08-22T09:05:11.121Z,FALSE,"",06:00,FALSE
fare_DEL-CCU_6E_2026-08-23_T+1_1787410677131_sjtd,DEL-CCU,EaseMyTrip,6E,6E-2361,2026-08-23,T+1,12334,2708,15042,2026-08-22T09:05:11.121Z,FALSE,"",14:35,FALSE
fare_DEL-CCU_QP_2026-08-23_T+1_1787410677131_xkd3,DEL-CCU,EaseMyTrip,QP,QP-1942,2026-08-23,T+1,12546,2754,15300,2026-08-22T09:05:11.121Z,FALSE,"",21:05,FALSE
fare_DEL-CCU_IX_2026-08-23_T+1_1787410677131_xp3i,DEL-CCU,EaseMyTrip,IX,IX-1230,2026-08-23,T+1,12826,2815,15641,2026-08-22T09:05:11.121Z,FALSE,"",04:25,FALSE
fare_DEL-CCU_6E_2026-08-23_T+1_1787410677131_hqp5,DEL-CCU,EaseMyTrip,6E,6E-6503,2026-08-23,T+1,12827,2816,15643,2026-08-22T09:05:11.121Z,FALSE,"",13:25,FALSE
fare_DEL-CCU_6E_2026-08-23_T+1_1787410677131_vvyd,DEL-CCU,EaseMyTrip,6E,6E-390,2026-08-23,T+1,13278,2915,16193,2026-08-22T09:05:11.121Z,FALSE,"",07:10,FALSE
fare_DEL-CCU_6E_2026-08-23_T+1_1787410677131_bvyf,DEL-CCU,EaseMyTrip,6E,6E-775,2026-08-23,T+1,13278,2915,16193,2026-08-22T09:05:11.121Z,FALSE,"",07:10,FALSE
fare_DEL-CCU_QP_2026-08-23_T+1_1787410677131_8nuc,DEL-CCU,EaseMyTrip,QP,QP-1128,2026-08-23,T+1,13385,2938,16323,2026-08-22T09:05:11.121Z,FALSE,"",16:00,FALSE
fare_DEL-CCU_6E_2026-08-23_T+1_1787410677131_bs0f,DEL-CCU,EaseMyTrip,6E,6E-110,2026-08-23,T+1,14011,3076,17087,2026-08-22T09:05:11.121Z,FALSE,"",17:55,FALSE
fare_DEL-CCU_6E_2026-08-23_T+1_1787410677131_kcha,DEL-CCU,EaseMyTrip,6E,6E-830,2026-08-23,T+1,14011,3076,17087,2026-08-22T09:05:11.121Z,FALSE,"",17:55,FALSE
fare_DEL-CCU_6E_2026-08-23_T+1_1787410677131_ce6j,DEL-CCU,EaseMyTrip,6E,6E-581,2026-08-23,T+1,14356,3151,17507,2026-08-22T09:05:11.121Z,FALSE,"",08:30,FALSE
fare_DEL-CCU_6E_2026-08-23_T+1_1787410677131_0azm,DEL-CCU,EaseMyTrip,6E,6E-857,2026-08-23,T+1,14356,3151,17507,2026-08-22T09:05:11.121Z,FALSE,"",08:30,FALSE
fare_DEL-CCU_6E_2026-08-23_T+1_1787410677131_o3m3,DEL-CCU,EaseMyTrip,6E,6E-6282,2026-08-23,T+1,14356,3151,17507,2026-08-22T09:05:11.121Z,FALSE,"",13:30,FALSE
fare_DEL-CCU_6E_2026-08-23_T+1_1787410677131_956t,DEL-CCU,EaseMyTrip,6E,6E-6293,2026-08-23,T+1,14356,3151,17507,2026-08-22T09:05:11.121Z,FALSE,"",09:55,FALSE
fare_DEL-CCU_6E_2026-08-23_T+1_1787410677131_mplf,DEL-CCU,EaseMyTrip,6E,6E-795,2026-08-23,T+1,14356,3151,17507,2026-08-22T09:05:11.121Z,FALSE,"",08:30,FALSE
fare_DEL-CCU_6E_2026-08-23_T+1_1787410677131_nzec,DEL-CCU,EaseMyTrip,6E,6E-261,2026-08-23,T+1,14356,3151,17507,2026-08-22T09:05:11.121Z,FALSE,"",08:30,FALSE
fare_DEL-CCU_6E_2026-08-23_T+1_1787410677131_og46,DEL-CCU,EaseMyTrip,6E,6E-6217,2026-08-23,T+1,14577,3200,17777,2026-08-22T09:05:11.121Z,FALSE,"",16:15,FALSE
fare_DEL-CCU_AI_2026-08-23_T+1_1787410677131_mnbu,DEL-CCU,EaseMyTrip,AI,AI-2425,2026-08-23,T+1,17131,3761,20892,2026-08-22T09:05:11.121Z,FALSE,"",10:30,FALSE
fare_DEL-CCU_AI_2026-08-23_T+1_1787410677131_h0j4,DEL-CCU,EaseMyTrip,AI,AI-2943,2026-08-23,T+1,17131,3761,20892,2026-08-22T09:05:11.121Z,FALSE,"",07:30,FALSE
fare_DEL-CCU_IX_2026-08-23_T+1_1787410677131_ro88,DEL-CCU,EaseMyTrip,IX,IX-1482,2026-08-23,T+1,17523,3846,21369,2026-08-22T09:05:11.121Z,FALSE,"",08:30,FALSE
fare_DEL-CCU_AI_2026-08-23_T+1_1787410677131_c9z1,DEL-CCU,EaseMyTrip,AI,AI-2927,2026-08-23,T+1,17580,3859,21439,2026-08-22T09:05:11.121Z,FALSE,"",09:30,FALSE
fare_DEL-CCU_AI_2026-08-23_T+1_1787410677131_e7md,DEL-CCU,EaseMyTrip,AI,AI-2963,2026-08-23,T+1,17580,3859,21439,2026-08-22T09:05:11.121Z,FALSE,"",09:00,FALSE
fare_DEL-CCU_AI_2026-08-23_T+1_1787410677131_84ky,DEL-CCU,EaseMyTrip,AI,AI-2678,2026-08-23,T+1,17580,3859,21439,2026-08-22T09:05:11.121Z,FALSE,"",08:30,FALSE
fare_DEL-CCU_AI_2026-08-23_T+1_1787410677131_exa9,DEL-CCU,EaseMyTrip,AI,AI-2429,2026-08-23,T+1,17580,3859,21439,2026-08-22T09:05:11.121Z,FALSE,"",07:00,FALSE
fare_DEL-CCU_AI_2026-08-23_T+1_1787410677131_vaum,DEL-CCU,EaseMyTrip,AI,AI-2975,2026-08-23,T+1,17580,3859,21439,2026-08-22T09:05:11.121Z,FALSE,"",06:30,FALSE
fare_DEL-CCU_AI_2026-08-23_T+1_1787410677131_pvrj,DEL-CCU,EaseMyTrip,AI,AI-2615,2026-08-23,T+1,17737,3894,21631,2026-08-22T09:05:11.121Z,FALSE,"",02:45,FALSE
fare_DEL-CCU_AI_2026-08-23_T+1_1787410677131_oqg4,DEL-CCU,EaseMyTrip,AI,AI-2433,2026-08-23,T+1,17737,3894,21631,2026-08-22T09:05:11.121Z,FALSE,"",21:30,FALSE
fare_DEL-CCU_AI_2026-08-23_T+1_1787410677131_s8d7,DEL-CCU,EaseMyTrip,AI,AI-2957,2026-08-23,T+1,17737,3894,21631,2026-08-22T09:05:11.121Z,FALSE,"",20:30,FALSE
fare_DEL-CCU_AI_2026-08-23_T+1_1787410677131_dx5r,DEL-CCU,EaseMyTrip,AI,AI-2805,2026-08-23,T+1,17737,3894,21631,2026-08-22T09:05:11.121Z,FALSE,"",20:00,FALSE
fare_DEL-CCU_AI_2026-08-23_T+1_1787410677131_q2uh,DEL-CCU,EaseMyTrip,AI,AI-2985,2026-08-23,T+1,17737,3894,21631,2026-08-22T09:05:11.121Z,FALSE,"",19:30,FALSE
fare_DEL-CCU_6E_2026-08-23_T+1_1787410677131_uj0o,DEL-CCU,EaseMyTrip,6E,6E-5033,2026-08-23,T+1,17755,3898,21653,2026-08-22T09:05:11.121Z,FALSE,"",15:50,FALSE
fare_DEL-CCU_AI_2026-08-23_T+1_1787410677131_c45y,DEL-CCU,EaseMyTrip,AI,AI-537,2026-08-23,T+1,18566,4076,22642,2026-08-22T09:05:11.121Z,FALSE,"",15:45,FALSE
fare_DEL-CCU_AI_2026-08-23_T+1_1787410677131_49yt,DEL-CCU,EaseMyTrip,AI,AI-2877,2026-08-23,T+1,18605,4084,22689,2026-08-22T09:05:11.121Z,FALSE,"",12:45,FALSE
fare_DEL-CCU_IX_2026-08-23_T+1_1787410677131_ixf4,DEL-CCU,EaseMyTrip,IX,IX-1070,2026-08-23,T+1,19166,4207,23373,2026-08-22T09:05:11.121Z,FALSE,"",18:40,FALSE
fare_DEL-CCU_AI_2026-08-23_T+1_1787410677131_6pjf,DEL-CCU,EaseMyTrip,AI,AI-2525,2026-08-23,T+1,19122,4197,23319,2026-08-22T09:05:11.121Z,FALSE,"",06:00,FALSE
fare_DEL-CCU_AI_2026-08-23_T+1_1787410677131_h4xu,DEL-CCU,EaseMyTrip,AI,AI-2496,2026-08-23,T+1,19122,4197,23319,2026-08-22T09:05:11.121Z,FALSE,"",03:00,FALSE
fare_DEL-CCU_AI_2026-08-23_T+1_1787410677131_rzhz,DEL-CCU,EaseMyTrip,AI,AI-2502,2026-08-23,T+1,19158,4205,23363,2026-08-22T09:05:11.121Z,FALSE,"",03:15,FALSE
fare_DEL-CCU_AI_2026-08-23_T+1_1787410677131_npp1,DEL-CCU,EaseMyTrip,AI,AI-2803,2026-08-23,T+1,19158,4205,23363,2026-08-22T09:05:11.121Z,FALSE,"",06:30,FALSE
fare_DEL-CCU_AI_2026-08-23_T+1_1787410677131_brk8,DEL-CCU,EaseMyTrip,AI,AI-2757,2026-08-23,T+1,19158,4205,23363,2026-08-22T09:05:11.121Z,FALSE,"",00:15,FALSE
fare_DEL-CCU_AI_2026-08-23_T+1_1787410677131_jn4b,DEL-CCU,EaseMyTrip,AI,AI-2653,2026-08-23,T+1,19158,4205,23363,2026-08-22T09:05:11.121Z,FALSE,"",04:30,FALSE
fare_DEL-CCU_6E_2026-08-23_T+1_1787410677131_3ey2,DEL-CCU,EaseMyTrip,6E,6E-2296,2026-08-23,T+1,19532,4287,23819,2026-08-22T09:05:11.121Z,FALSE,"",09:20,FALSE
fare_DEL-CCU_AI_2026-08-23_T+1_1787410677131_p4ac,DEL-CCU,EaseMyTrip,AI,AI-1777,2026-08-23,T+1,20141,4421,24562,2026-08-22T09:05:11.121Z,FALSE,"",16:00,FALSE
fare_DEL-CCU_6E_2026-08-23_T+1_1787410677131_cqg9,DEL-CCU,EaseMyTrip,6E,6E-5119,2026-08-23,T+1,20165,4426,24591,2026-08-22T09:05:11.121Z,FALSE,"",05:10,FALSE
fare_DEL-CCU_AI_2026-08-23_T+1_1787410677131_tata,DEL-CCU,EaseMyTrip,AI,AI-2933,2026-08-23,T+1,23996,5267,29263,2026-08-22T09:05:11.121Z,FALSE,"",15:30,FALSE
fare_DEL-CCU_AI_2026-08-23_T+1_1787410677131_bynj,DEL-CCU,EaseMyTrip,AI,AI-2819,2026-08-23,T+1,25081,5505,30586,2026-08-22T09:05:11.121Z,FALSE,"",15:00,FALSE
fare_DEL-CCU_AI_2026-08-23_T+1_1787410677131_bgq0,DEL-CCU,EaseMyTrip,AI,AI-2485,2026-08-23,T+1,25699,5641,31340,2026-08-22T09:05:11.121Z,FALSE,"",12:00,FALSE
fare_DEL-CCU_6E_2026-08-23_T+1_1787410677131_d5y5,DEL-CCU,EaseMyTrip,6E,6E-2331,2026-08-23,T+1,25847,5674,31521,2026-08-22T09:05:11.121Z,FALSE,"",12:20,FALSE
fare_DEL-CCU_AI_2026-08-23_T+1_1787410677131_i0ow,DEL-CCU,EaseMyTrip,AI,AI-2417,2026-08-23,T+1,27397,6014,33411,2026-08-22T09:05:11.121Z,FALSE,"",13:00,FALSE
fare_DEL-CCU_AI_2026-08-23_T+1_1787410677131_npuu,DEL-CCU,EaseMyTrip,AI,AI-1785,2026-08-23,T+1,29570,6491,36061,2026-08-22T09:05:11.121Z,FALSE,"",12:00,FALSE
fare_DEL-CCU_IX_2026-08-29_T+7_1787410677131_5nzf,DEL-CCU,EaseMyTrip,IX,IX-2457,2026-08-29,T+7,5244,1151,6395,2026-08-22T09:05:17.354Z,FALSE,"",11:30,FALSE
fare_DEL-CCU_IX_2026-08-29_T+7_1787410677131_k1ca,DEL-CCU,EaseMyTrip,IX,IX-1081,2026-08-29,T+7,5244,1151,6395,2026-08-22T09:05:17.354Z,FALSE,"",14:55,FALSE
fare_DEL-CCU_IX_2026-08-29_T+7_1787410677131_fipo,DEL-CCU,EaseMyTrip,IX,IX-1001,2026-08-29,T+7,5460,1199,6659,2026-08-22T09:05:17.354Z,FALSE,"",09:00,FALSE
fare_DEL-CCU_SG_2026-08-29_T+7_1787410677131_lscr,DEL-CCU,EaseMyTrip,SG,SG-541,2026-08-29,T+7,5738,1260,6998,2026-08-22T09:05:17.354Z,FALSE,"",20:10,TRUE
fare_DEL-CCU_SG_2026-08-29_T+7_1787410677131_ce55,DEL-CCU,EaseMyTrip,SG,SG-146,2026-08-29,T+7,5738,1260,6998,2026-08-22T09:05:17.354Z,FALSE,"",20:10,TRUE
fare_DEL-CCU_QP_2026-08-29_T+7_1787410677131_x3o7,DEL-CCU,EaseMyTrip,QP,QP-1801,2026-08-29,T+7,5983,1313,7296,2026-08-22T09:05:17.354Z,FALSE,"",05:55,TRUE
fare_DEL-CCU_QP_2026-08-29_T+7_1787410677131_slwd,DEL-CCU,EaseMyTrip,QP,QP-1803,2026-08-29,T+7,6718,1475,8193,2026-08-22T09:05:17.354Z,FALSE,"",17:10,TRUE
fare_DEL-CCU_QP_2026-08-29_T+7_1787410677131_0l6x,DEL-CCU,EaseMyTrip,QP,QP-1128,2026-08-29,T+7,6765,1485,8250,2026-08-22T09:05:17.354Z,FALSE,"",16:00,FALSE
fare_DEL-CCU_6E_2026-08-29_T+7_1787410677131_68vn,DEL-CCU,EaseMyTrip,6E,6E-5191,2026-08-29,T+7,6930,1521,8451,2026-08-22T09:05:17.354Z,FALSE,"",04:45,TRUE
fare_DEL-CCU_6E_2026-08-29_T+7_1787410677131_hydy,DEL-CCU,EaseMyTrip,6E,6E-497,2026-08-29,T+7,6930,1521,8451,2026-08-22T09:05:17.354Z,FALSE,"",23:30,TRUE
fare_DEL-CCU_6E_2026-08-29_T+7_1787410677131_jkte,DEL-CCU,EaseMyTrip,6E,6E-444,2026-08-29,T+7,6930,1521,8451,2026-08-22T09:05:17.354Z,FALSE,"",23:30,TRUE
fare_DEL-CCU_6E_2026-08-29_T+7_1787410677131_16bz,DEL-CCU,EaseMyTrip,6E,6E-2276,2026-08-29,T+7,6930,1521,8451,2026-08-22T09:05:17.354Z,FALSE,"",17:55,TRUE
fare_DEL-CCU_6E_2026-08-29_T+7_1787410677131_x0yc,DEL-CCU,EaseMyTrip,6E,6E-6415,2026-08-29,T+7,6930,1521,8451,2026-08-22T09:05:17.354Z,FALSE,"",16:00,TRUE
fare_DEL-CCU_6E_2026-08-29_T+7_1787410677131_pt3d,DEL-CCU,EaseMyTrip,6E,6E-792,2026-08-29,T+7,6930,1521,8451,2026-08-22T09:05:17.354Z,FALSE,"",14:25,TRUE
fare_DEL-CCU_6E_2026-08-29_T+7_1787410677131_eig2,DEL-CCU,EaseMyTrip,6E,6E-387,2026-08-29,T+7,6930,1521,8451,2026-08-22T09:05:17.354Z,FALSE,"",14:25,TRUE
fare_DEL-CCU_6E_2026-08-29_T+7_1787410677131_jvtx,DEL-CCU,EaseMyTrip,6E,6E-2487,2026-08-29,T+7,6930,1521,8451,2026-08-22T09:05:17.354Z,FALSE,"",11:50,TRUE
fare_DEL-CCU_6E_2026-08-29_T+7_1787410677131_q5gi,DEL-CCU,EaseMyTrip,6E,6E-389,2026-08-29,T+7,6930,1521,8451,2026-08-22T09:05:17.354Z,FALSE,"",10:15,TRUE
fare_DEL-CCU_6E_2026-08-29_T+7_1787410677131_6awi,DEL-CCU,EaseMyTrip,6E,6E-689,2026-08-29,T+7,6930,1521,8451,2026-08-22T09:05:17.354Z,FALSE,"",10:15,TRUE
fare_DEL-CCU_6E_2026-08-29_T+7_1787410677131_somb,DEL-CCU,EaseMyTrip,6E,6E-460,2026-08-29,T+7,6930,1521,8451,2026-08-22T09:05:17.354Z,FALSE,"",08:30,TRUE
fare_DEL-CCU_6E_2026-08-29_T+7_1787410677131_yman,DEL-CCU,EaseMyTrip,6E,6E-782,2026-08-29,T+7,6930,1521,8451,2026-08-22T09:05:17.354Z,FALSE,"",08:30,TRUE
fare_DEL-CCU_6E_2026-08-29_T+7_1787410677131_ghtr,DEL-CCU,EaseMyTrip,6E,6E-862,2026-08-29,T+7,6930,1521,8451,2026-08-22T09:05:17.354Z,FALSE,"",07:20,TRUE
fare_DEL-CCU_6E_2026-08-29_T+7_1787410677131_rnji,DEL-CCU,EaseMyTrip,6E,6E-666,2026-08-29,T+7,6930,1521,8451,2026-08-22T09:05:17.354Z,FALSE,"",07:20,TRUE
fare_DEL-CCU_6E_2026-08-29_T+7_1787410677131_aaas,DEL-CCU,EaseMyTrip,6E,6E-709,2026-08-29,T+7,6930,1521,8451,2026-08-22T09:05:17.354Z,FALSE,"",12:45,TRUE
fare_DEL-CCU_6E_2026-08-29_T+7_1787410677131_iqne,DEL-CCU,EaseMyTrip,6E,6E-250,2026-08-29,T+7,6930,1521,8451,2026-08-22T09:05:17.354Z,FALSE,"",12:45,TRUE
fare_DEL-CCU_AI_2026-08-29_T+7_1787410677131_iyvb,DEL-CCU,EaseMyTrip,AI,AI-2709,2026-08-29,T+7,7094,1557,8651,2026-08-22T09:05:17.354Z,FALSE,"",19:10,TRUE
fare_DEL-CCU_AI_2026-08-29_T+7_1787410677131_h0cg,DEL-CCU,EaseMyTrip,AI,AI-2702,2026-08-29,T+7,7094,1557,8651,2026-08-22T09:05:17.354Z,FALSE,"",02:30,TRUE
fare_DEL-CCU_AI_2026-08-29_T+7_1787410677131_rgqn,DEL-CCU,EaseMyTrip,AI,AI-2535,2026-08-29,T+7,7094,1557,8651,2026-08-22T09:05:17.354Z,FALSE,"",06:15,TRUE
fare_DEL-CCU_AI_2026-08-29_T+7_1787410677131_8uo5,DEL-CCU,EaseMyTrip,AI,AI-2705,2026-08-29,T+7,7094,1557,8651,2026-08-22T09:05:17.354Z,FALSE,"",07:30,TRUE
fare_DEL-CCU_AI_2026-08-29_T+7_1787410677131_8zl4,DEL-CCU,EaseMyTrip,AI,AI-1791,2026-08-29,T+7,7094,1557,8651,2026-08-22T09:05:17.354Z,FALSE,"",09:30,TRUE
fare_DEL-CCU_AI_2026-08-29_T+7_1787410677131_dyh1,DEL-CCU,EaseMyTrip,AI,AI-1707,2026-08-29,T+7,7094,1557,8651,2026-08-22T09:05:17.354Z,FALSE,"",11:55,TRUE
fare_DEL-CCU_AI_2026-08-29_T+7_1787410677131_7hnr,DEL-CCU,EaseMyTrip,AI,AI-1704,2026-08-29,T+7,7094,1557,8651,2026-08-22T09:05:17.354Z,FALSE,"",13:00,TRUE
fare_DEL-CCU_AI_2026-08-29_T+7_1787410677131_hql5,DEL-CCU,EaseMyTrip,AI,AI-1733,2026-08-29,T+7,7094,1557,8651,2026-08-22T09:05:17.354Z,FALSE,"",16:15,TRUE
fare_DEL-CCU_AI_2026-08-29_T+7_1787410677131_www7,DEL-CCU,EaseMyTrip,AI,AI-2707,2026-08-29,T+7,7094,1557,8651,2026-08-22T09:05:17.354Z,FALSE,"",18:00,TRUE
fare_DEL-CCU_AI_2026-08-29_T+7_1787410677131_zu8g,DEL-CCU,EaseMyTrip,AI,AI-2727,2026-08-29,T+7,7094,1557,8651,2026-08-22T09:05:17.354Z,FALSE,"",22:00,TRUE
fare_DEL-CCU_6E_2026-08-29_T+7_1787410677131_luu6,DEL-CCU,EaseMyTrip,6E,6E-6245,2026-08-29,T+7,7012,1539,8551,2026-08-22T09:05:17.354Z,FALSE,"",06:20,FALSE
fare_DEL-CCU_IX_2026-08-29_T+7_1787410677131_w1om,DEL-CCU,EaseMyTrip,IX,IX-1085,2026-08-29,T+7,7377,1619,8996,2026-08-22T09:05:17.354Z,FALSE,"",12:55,FALSE
fare_DEL-CCU_IX_2026-08-29_T+7_1787410677131_velj,DEL-CCU,EaseMyTrip,IX,IX-1069,2026-08-29,T+7,7377,1619,8996,2026-08-22T09:05:17.354Z,FALSE,"",11:35,FALSE
fare_DEL-CCU_IX_2026-08-29_T+7_1787410677131_ivmy,DEL-CCU,EaseMyTrip,IX,IX-1035,2026-08-29,T+7,7377,1619,8996,2026-08-22T09:05:17.354Z,FALSE,"",08:10,FALSE
fare_DEL-CCU_IX_2026-08-29_T+7_1787410677131_a0ql,DEL-CCU,EaseMyTrip,IX,IX-1032,2026-08-29,T+7,7377,1619,8996,2026-08-22T09:05:17.354Z,FALSE,"",05:45,FALSE
fare_DEL-CCU_6E_2026-08-29_T+7_1787410677131_rnw9,DEL-CCU,EaseMyTrip,6E,6E-6236,2026-08-29,T+7,7169,1574,8743,2026-08-22T09:05:17.354Z,FALSE,"",16:20,FALSE
fare_DEL-CCU_6E_2026-08-29_T+7_1787410677131_ws1j,DEL-CCU,EaseMyTrip,6E,6E-6440,2026-08-29,T+7,7169,1574,8743,2026-08-22T09:05:17.354Z,FALSE,"",16:40,FALSE
fare_DEL-CCU_6E_2026-08-29_T+7_1787410677131_vqbp,DEL-CCU,EaseMyTrip,6E,6E-2453,2026-08-29,T+7,7169,1574,8743,2026-08-22T09:05:17.354Z,FALSE,"",13:35,FALSE
fare_DEL-CCU_6E_2026-08-29_T+7_1787410677131_s647,DEL-CCU,EaseMyTrip,6E,6E-2361,2026-08-29,T+7,7273,1596,8869,2026-08-22T09:05:17.354Z,FALSE,"",14:35,FALSE
fare_DEL-CCU_6E_2026-08-29_T+7_1787410677131_znbq,DEL-CCU,EaseMyTrip,6E,6E-5033,2026-08-29,T+7,7341,1612,8953,2026-08-22T09:05:17.354Z,FALSE,"",15:50,FALSE
fare_DEL-CCU_6E_2026-08-29_T+7_1787410677131_w5lk,DEL-CCU,EaseMyTrip,6E,6E-2614,2026-08-29,T+7,7341,1612,8953,2026-08-22T09:05:17.354Z,FALSE,"",14:40,FALSE
fare_DEL-CCU_6E_2026-08-29_T+7_1787410677131_kw8k,DEL-CCU,EaseMyTrip,6E,6E-2259,2026-08-29,T+7,7341,1612,8953,2026-08-22T09:05:17.354Z,FALSE,"",12:20,FALSE
fare_DEL-CCU_6E_2026-08-29_T+7_1787410677131_3e81,DEL-CCU,EaseMyTrip,6E,6E-2037,2026-08-29,T+7,7341,1612,8953,2026-08-22T09:05:17.354Z,FALSE,"",10:55,FALSE
fare_DEL-CCU_6E_2026-08-29_T+7_1787410677131_yjpd,DEL-CCU,EaseMyTrip,6E,6E-6190,2026-08-29,T+7,7341,1612,8953,2026-08-22T09:05:17.354Z,FALSE,"",07:40,FALSE
fare_DEL-CCU_6E_2026-08-29_T+7_1787410677131_9rjk,DEL-CCU,EaseMyTrip,6E,6E-5038,2026-08-29,T+7,7341,1612,8953,2026-08-22T09:05:17.354Z,FALSE,"",14:00,FALSE
fare_DEL-CCU_6E_2026-08-29_T+7_1787410677131_oihk,DEL-CCU,EaseMyTrip,6E,6E-2296,2026-08-29,T+7,7341,1612,8953,2026-08-22T09:05:17.354Z,FALSE,"",09:20,FALSE
fare_DEL-CCU_6E_2026-08-29_T+7_1787410677131_bxrf,DEL-CCU,EaseMyTrip,6E,6E-6517,2026-08-29,T+7,7403,1625,9028,2026-08-22T09:05:17.354Z,FALSE,"",19:30,TRUE
fare_DEL-CCU_6E_2026-08-29_T+7_1787410677131_9l3c,DEL-CCU,EaseMyTrip,6E,6E-6378,2026-08-29,T+7,7428,1630,9058,2026-08-22T09:05:17.354Z,FALSE,"",14:40,FALSE
fare_DEL-CCU_6E_2026-08-29_T+7_1787410677131_440c,DEL-CCU,EaseMyTrip,6E,6E-5307,2026-08-29,T+7,7428,1630,9058,2026-08-22T09:05:17.354Z,FALSE,"",10:50,FALSE
fare_DEL-CCU_6E_2026-08-29_T+7_1787410677131_89ci,DEL-CCU,EaseMyTrip,6E,6E-5215,2026-08-29,T+7,7428,1630,9058,2026-08-22T09:05:17.354Z,FALSE,"",07:45,FALSE
fare_DEL-CCU_6E_2026-08-29_T+7_1787410677131_6adz,DEL-CCU,EaseMyTrip,6E,6E-5041,2026-08-29,T+7,7428,1630,9058,2026-08-22T09:05:17.354Z,FALSE,"",15:10,FALSE
fare_DEL-CCU_6E_2026-08-29_T+7_1787410677131_hxgq,DEL-CCU,EaseMyTrip,6E,6E-6124,2026-08-29,T+7,7428,1630,9058,2026-08-22T09:05:17.354Z,FALSE,"",07:30,FALSE
fare_DEL-CCU_6E_2026-08-29_T+7_1787410677131_fx4h,DEL-CCU,EaseMyTrip,6E,6E-7624,2026-08-29,T+7,7519,1650,9169,2026-08-22T09:05:17.354Z,FALSE,"",05:50,FALSE
fare_DEL-CCU_IX_2026-08-29_T+7_1787410677131_78qz,DEL-CCU,EaseMyTrip,IX,IX-1067,2026-08-29,T+7,7760,1703,9463,2026-08-22T09:05:17.354Z,FALSE,"",06:10,FALSE
fare_DEL-CCU_6E_2026-08-29_T+7_1787410677131_et4r,DEL-CCU,EaseMyTrip,6E,6E-6503,2026-08-29,T+7,7600,1668,9268,2026-08-22T09:05:17.354Z,FALSE,"",13:25,FALSE
fare_DEL-CCU_6E_2026-08-29_T+7_1787410677131_4gux,DEL-CCU,EaseMyTrip,6E,6E-383,2026-08-29,T+7,7621,1673,9294,2026-08-22T09:05:17.354Z,FALSE,"",02:25,FALSE
fare_DEL-CCU_6E_2026-08-29_T+7_1787410677131_jcd9,DEL-CCU,EaseMyTrip,6E,6E-655,2026-08-29,T+7,7621,1673,9294,2026-08-22T09:05:17.354Z,FALSE,"",02:25,FALSE
fare_DEL-CCU_6E_2026-08-29_T+7_1787410677131_lv45,DEL-CCU,EaseMyTrip,6E,6E-997,2026-08-29,T+7,7621,1673,9294,2026-08-22T09:05:17.354Z,FALSE,"",17:55,FALSE
fare_DEL-CCU_6E_2026-08-29_T+7_1787410677131_9pey,DEL-CCU,EaseMyTrip,6E,6E-873,2026-08-29,T+7,7621,1673,9294,2026-08-22T09:05:17.354Z,FALSE,"",17:55,FALSE
fare_DEL-CCU_6E_2026-08-29_T+7_1787410677131_ejim,DEL-CCU,EaseMyTrip,6E,6E-6282,2026-08-29,T+7,7621,1673,9294,2026-08-22T09:05:17.354Z,FALSE,"",13:30,FALSE
fare_DEL-CCU_6E_2026-08-29_T+7_1787410677131_lfai,DEL-CCU,EaseMyTrip,6E,6E-2331,2026-08-29,T+7,7621,1673,9294,2026-08-22T09:05:17.354Z,FALSE,"",12:20,FALSE
fare_DEL-CCU_6E_2026-08-29_T+7_1787410677131_p0sb,DEL-CCU,EaseMyTrip,6E,6E-6217,2026-08-29,T+7,7621,1673,9294,2026-08-22T09:05:17.354Z,FALSE,"",16:15,FALSE
fare_DEL-CCU_6E_2026-08-29_T+7_1787410677131_6bjb,DEL-CCU,EaseMyTrip,6E,6E-5073,2026-08-29,T+7,7621,1673,9294,2026-08-22T09:05:17.354Z,FALSE,"",17:05,FALSE
fare_DEL-CCU_6E_2026-08-29_T+7_1787410677131_kojf,DEL-CCU,EaseMyTrip,6E,6E-332,2026-08-29,T+7,7621,1673,9294,2026-08-22T09:05:17.354Z,FALSE,"",02:25,FALSE
fare_DEL-CCU_6E_2026-08-29_T+7_1787410677131_l270,DEL-CCU,EaseMyTrip,6E,6E-230,2026-08-29,T+7,7621,1673,9294,2026-08-22T09:05:17.354Z,FALSE,"",02:25,FALSE
fare_DEL-CCU_6E_2026-08-29_T+7_1787410677131_ka19,DEL-CCU,EaseMyTrip,6E,6E-6371,2026-08-29,T+7,7707,1692,9399,2026-08-22T09:05:17.354Z,FALSE,"",06:20,FALSE
fare_DEL-CCU_QP_2026-08-29_T+7_1787410677131_wvz7,DEL-CCU,EaseMyTrip,QP,QP-1826,2026-08-29,T+7,7728,1697,9425,2026-08-22T09:05:17.354Z,FALSE,"",19:55,FALSE
fare_DEL-CCU_IX_2026-08-29_T+7_1787410677131_queg,DEL-CCU,EaseMyTrip,IX,IX-1063,2026-08-29,T+7,8033,1763,9796,2026-08-22T09:05:17.354Z,FALSE,"",20:00,FALSE
fare_DEL-CCU_6E_2026-08-29_T+7_1787410677131_2dq8,DEL-CCU,EaseMyTrip,6E,6E-2571,2026-08-29,T+7,7861,1726,9587,2026-08-22T09:05:17.354Z,FALSE,"",12:30,FALSE
fare_DEL-CCU_6E_2026-08-29_T+7_1787410677131_cimr,DEL-CCU,EaseMyTrip,6E,6E-7628,2026-08-29,T+7,8129,1784,9913,2026-08-22T09:05:17.354Z,FALSE,"",15:05,FALSE
fare_DEL-CCU_6E_2026-08-29_T+7_1787410677131_6csk,DEL-CCU,EaseMyTrip,6E,6E-463,2026-08-29,T+7,8232,1807,10039,2026-08-22T09:05:17.354Z,FALSE,"",11:45,FALSE
fare_DEL-CCU_6E_2026-08-29_T+7_1787410677131_ydi0,DEL-CCU,EaseMyTrip,6E,6E-308,2026-08-29,T+7,8232,1807,10039,2026-08-22T09:05:17.354Z,FALSE,"",11:45,FALSE
fare_DEL-CCU_6E_2026-08-29_T+7_1787410677131_f8xv,DEL-CCU,EaseMyTrip,6E,6E-6459,2026-08-29,T+7,9294,2040,11334,2026-08-22T09:05:17.354Z,FALSE,"",05:55,FALSE
fare_DEL-CCU_6E_2026-08-29_T+7_1787410677131_m9hn,DEL-CCU,EaseMyTrip,6E,6E-5119,2026-08-29,T+7,9656,2119,11775,2026-08-22T09:05:17.354Z,FALSE,"",05:10,FALSE
fare_DEL-CCU_AI_2026-08-29_T+7_1787410677131_5whi,DEL-CCU,EaseMyTrip,AI,AI-879,2026-08-29,T+7,10455,2295,12750,2026-08-22T09:05:17.354Z,FALSE,"",06:40,FALSE
fare_DEL-CCU_AI_2026-08-29_T+7_1787410677131_hb0t,DEL-CCU,EaseMyTrip,AI,AI-2947,2026-08-29,T+7,10973,2409,13382,2026-08-22T09:05:17.354Z,FALSE,"",14:30,FALSE
fare_DEL-CCU_6E_2026-08-29_T+7_1787410677131_ogxt,DEL-CCU,EaseMyTrip,6E,6E-6073,2026-08-29,T+7,11059,2428,13487,2026-08-22T09:05:17.354Z,FALSE,"",05:00,FALSE
fare_DEL-CCU_QP_2026-08-29_T+7_1787410677131_oul0,DEL-CCU,EaseMyTrip,QP,QP-1942,2026-08-29,T+7,11146,2447,13593,2026-08-22T09:05:17.354Z,FALSE,"",21:05,FALSE
fare_DEL-CCU_6E_2026-08-29_T+7_1787410677131_t2ly,DEL-CCU,EaseMyTrip,6E,6E-683,2026-08-29,T+7,12017,2638,14655,2026-08-22T09:05:17.354Z,FALSE,"",08:30,FALSE
fare_DEL-CCU_6E_2026-08-29_T+7_1787410677131_6btt,DEL-CCU,EaseMyTrip,6E,6E-130,2026-08-29,T+7,12017,2638,14655,2026-08-22T09:05:17.354Z,FALSE,"",08:30,FALSE
fare_DEL-CCU_6E_2026-08-29_T+7_1787410677131_qkhz,DEL-CCU,EaseMyTrip,6E,6E-392,2026-08-29,T+7,12017,2638,14655,2026-08-22T09:05:17.354Z,FALSE,"",07:10,FALSE
fare_DEL-CCU_6E_2026-08-29_T+7_1787410677131_zg18,DEL-CCU,EaseMyTrip,6E,6E-447,2026-08-29,T+7,12017,2638,14655,2026-08-22T09:05:17.354Z,FALSE,"",07:10,FALSE
fare_DEL-CCU_AI_2026-08-29_T+7_1787410677131_54mv,DEL-CCU,EaseMyTrip,AI,AI-9484,2026-08-29,T+7,12252,2689,14941,2026-08-22T09:05:17.354Z,FALSE,"",06:00,FALSE
fare_DEL-CCU_6E_2026-08-29_T+7_1787410677131_fytl,DEL-CCU,EaseMyTrip,6E,6E-6829,2026-08-29,T+7,12146,2666,14812,2026-08-22T09:05:17.354Z,FALSE,"",17:20,FALSE
fare_DEL-CCU_AI_2026-08-29_T+7_1787410677131_ftlc,DEL-CCU,EaseMyTrip,AI,AI-2425,2026-08-29,T+7,12471,2737,15208,2026-08-22T09:05:17.354Z,FALSE,"",10:30,FALSE
fare_DEL-CCU_AI_2026-08-29_T+7_1787410677131_w4uk,DEL-CCU,EaseMyTrip,AI,AI-2933,2026-08-29,T+7,12471,2737,15208,2026-08-22T09:05:17.354Z,FALSE,"",15:30,FALSE
fare_DEL-CCU_AI_2026-08-29_T+7_1787410677131_72i8,DEL-CCU,EaseMyTrip,AI,AI-441,2026-08-29,T+7,12471,2737,15208,2026-08-22T09:05:17.354Z,FALSE,"",17:00,FALSE
fare_DEL-CCU_AI_2026-08-29_T+7_1787410677131_r0r2,DEL-CCU,EaseMyTrip,AI,AI-2943,2026-08-29,T+7,12471,2737,15208,2026-08-22T09:05:17.354Z,FALSE,"",07:30,FALSE
fare_DEL-CCU_AI_2026-08-29_T+7_1787410677131_suqf,DEL-CCU,EaseMyTrip,AI,AI-537,2026-08-29,T+7,12726,2794,15520,2026-08-22T09:05:17.354Z,FALSE,"",15:45,FALSE
fare_DEL-CCU_AI_2026-08-29_T+7_1787410677131_lgxv,DEL-CCU,EaseMyTrip,AI,AI-2496,2026-08-29,T+7,12940,2841,15781,2026-08-22T09:05:17.354Z,FALSE,"",03:00,FALSE
fare_DEL-CCU_AI_2026-08-29_T+7_1787410677131_104h,DEL-CCU,EaseMyTrip,AI,AI-2909,2026-08-29,T+7,13133,2883,16016,2026-08-22T09:05:17.354Z,FALSE,"",22:30,FALSE
fare_DEL-CCU_AI_2026-08-29_T+7_1787410677131_w0in,DEL-CCU,EaseMyTrip,AI,AI-9486,2026-08-29,T+7,13285,2916,16201,2026-08-22T09:05:17.354Z,FALSE,"",17:50,FALSE
fare_DEL-CCU_AI_2026-08-29_T+7_1787410677131_sl99,DEL-CCU,EaseMyTrip,AI,AI-1777,2026-08-29,T+7,14253,3129,17382,2026-08-22T09:05:17.354Z,FALSE,"",16:00,FALSE
fare_DEL-CCU_AI_2026-08-29_T+7_1787410677131_hn7b,DEL-CCU,EaseMyTrip,AI,AI-2927,2026-08-29,T+7,14253,3129,17382,2026-08-22T09:05:17.354Z,FALSE,"",09:30,FALSE
fare_DEL-CCU_AI_2026-08-29_T+7_1787410677131_hlny,DEL-CCU,EaseMyTrip,AI,AI-2963,2026-08-29,T+7,14253,3129,17382,2026-08-22T09:05:17.354Z,FALSE,"",09:00,FALSE
fare_DEL-CCU_AI_2026-08-29_T+7_1787410677131_4jwg,DEL-CCU,EaseMyTrip,AI,AI-2429,2026-08-29,T+7,14253,3129,17382,2026-08-22T09:05:17.354Z,FALSE,"",07:00,FALSE
fare_DEL-CCU_AI_2026-08-29_T+7_1787410677131_twk8,DEL-CCU,EaseMyTrip,AI,AI-1785,2026-08-29,T+7,14253,3129,17382,2026-08-22T09:05:17.354Z,FALSE,"",12:00,FALSE
fare_DEL-CCU_AI_2026-08-29_T+7_1787410677131_zjo3,DEL-CCU,EaseMyTrip,AI,AI-2975,2026-08-29,T+7,14253,3129,17382,2026-08-22T09:05:17.354Z,FALSE,"",06:30,FALSE
fare_DEL-CCU_AI_2026-08-29_T+7_1787410677131_1b23,DEL-CCU,EaseMyTrip,AI,AI-1745,2026-08-29,T+7,14253,3129,17382,2026-08-22T09:05:17.354Z,FALSE,"",05:30,FALSE
fare_DEL-CCU_AI_2026-08-29_T+7_1787410677131_mk0z,DEL-CCU,EaseMyTrip,AI,AI-2615,2026-08-29,T+7,14588,3202,17790,2026-08-22T09:05:17.354Z,FALSE,"",02:45,FALSE
fare_DEL-CCU_AI_2026-08-29_T+7_1787410677131_j4vh,DEL-CCU,EaseMyTrip,AI,AI-2502,2026-08-29,T+7,14699,3227,17926,2026-08-22T09:05:17.354Z,FALSE,"",03:15,FALSE
fare_DEL-CCU_AI_2026-08-29_T+7_1787410677131_nj18,DEL-CCU,EaseMyTrip,AI,AI-2803,2026-08-29,T+7,14699,3227,17926,2026-08-22T09:05:17.354Z,FALSE,"",06:30,FALSE
fare_DEL-CCU_AI_2026-08-29_T+7_1787410677131_w6po,DEL-CCU,EaseMyTrip,AI,AI-2757,2026-08-29,T+7,14699,3227,17926,2026-08-22T09:05:17.354Z,FALSE,"",00:15,FALSE
fare_DEL-CCU_AI_2026-08-29_T+7_1787410677132_mso4,DEL-CCU,EaseMyTrip,AI,AI-2653,2026-08-29,T+7,14699,3227,17926,2026-08-22T09:05:17.354Z,FALSE,"",04:30,FALSE
fare_DEL-CCU_AI_2026-08-29_T+7_1787410677132_8n73,DEL-CCU,EaseMyTrip,AI,AI-2877,2026-08-29,T+7,14890,3268,18158,2026-08-22T09:05:17.354Z,FALSE,"",12:45,FALSE
fare_DEL-CCU_IX_2026-08-29_T+7_1787410677132_082q,DEL-CCU,EaseMyTrip,IX,IX-1482,2026-08-29,T+7,15060,3306,18366,2026-08-22T09:05:17.354Z,FALSE,"",08:30,FALSE
fare_DEL-CCU_IX_2026-08-29_T+7_1787410677132_k1zn,DEL-CCU,EaseMyTrip,IX,IX-1070,2026-08-29,T+7,15644,3434,19078,2026-08-22T09:05:17.354Z,FALSE,"",18:40,FALSE
fare_DEL-CCU_AI_2026-08-29_T+7_1787410677132_7s9j,DEL-CCU,EaseMyTrip,AI,AI-2485,2026-08-29,T+7,16537,3630,20167,2026-08-22T09:05:17.354Z,FALSE,"",12:00,FALSE
fare_DEL-CCU_AI_2026-08-29_T+7_1787410677132_6etc,DEL-CCU,EaseMyTrip,AI,AI-2819,2026-08-29,T+7,18112,3976,22088,2026-08-22T09:05:17.354Z,FALSE,"",15:00,FALSE
fare_DEL-CCU_AI_2026-08-29_T+7_1787410677132_mwy3,DEL-CCU,EaseMyTrip,AI,AI-2417,2026-08-29,T+7,19953,4380,24333,2026-08-22T09:05:17.354Z,TRUE,"High outlier: ₹24333 > upper fence ₹23661 (Q3: ₹14655, IQR: ₹6004)",13:00,FALSE
fare_MAA-DEL_6E_2026-08-23_T+1_1787410677132_lgpy,MAA-DEL,EaseMyTrip,6E,6E-119,2026-08-23,T+1,9153,2009,11162,2026-08-22T09:05:45.562Z,FALSE,"",16:35,FALSE
fare_MAA-DEL_6E_2026-08-23_T+1_1787410677132_7bgt,MAA-DEL,EaseMyTrip,6E,6E-628,2026-08-23,T+1,9153,2009,11162,2026-08-22T09:05:45.562Z,FALSE,"",16:35,FALSE
fare_MAA-DEL_6E_2026-08-23_T+1_1787410677132_pdbd,MAA-DEL,EaseMyTrip,6E,6E-232,2026-08-23,T+1,9218,2023,11241,2026-08-22T09:05:45.562Z,FALSE,"",18:20,FALSE
fare_MAA-DEL_6E_2026-08-23_T+1_1787410677132_vsay,MAA-DEL,EaseMyTrip,6E,6E-771,2026-08-23,T+1,9218,2023,11241,2026-08-22T09:05:45.562Z,FALSE,"",18:20,FALSE
fare_MAA-DEL_6E_2026-08-23_T+1_1787410677132_a4m2,MAA-DEL,EaseMyTrip,6E,6E-5371,2026-08-23,T+1,9325,2047,11372,2026-08-22T09:05:45.562Z,FALSE,"",14:45,FALSE
fare_MAA-DEL_6E_2026-08-23_T+1_1787410677132_hrja,MAA-DEL,EaseMyTrip,6E,6E-104,2026-08-23,T+1,9325,2047,11372,2026-08-22T09:05:45.562Z,FALSE,"",18:05,FALSE
fare_MAA-DEL_6E_2026-08-23_T+1_1787410677132_torq,MAA-DEL,EaseMyTrip,6E,6E-529,2026-08-23,T+1,9325,2047,11372,2026-08-22T09:05:45.562Z,FALSE,"",18:05,FALSE
fare_MAA-DEL_6E_2026-08-23_T+1_1787410677132_0at2,MAA-DEL,EaseMyTrip,6E,6E-5214,2026-08-23,T+1,9325,2047,11372,2026-08-22T09:05:45.562Z,FALSE,"",11:00,FALSE
fare_MAA-DEL_6E_2026-08-23_T+1_1787410677132_8zvz,MAA-DEL,EaseMyTrip,6E,6E-161,2026-08-23,T+1,9768,2144,11912,2026-08-22T09:05:45.562Z,FALSE,"",06:30,TRUE
fare_MAA-DEL_6E_2026-08-23_T+1_1787410677132_ulzp,MAA-DEL,EaseMyTrip,6E,6E-334,2026-08-23,T+1,9768,2144,11912,2026-08-22T09:05:45.562Z,FALSE,"",06:30,TRUE
fare_MAA-DEL_6E_2026-08-23_T+1_1787410677132_m8pj,MAA-DEL,EaseMyTrip,6E,6E-364,2026-08-23,T+1,9899,2173,12072,2026-08-22T09:05:45.562Z,FALSE,"",18:15,FALSE
fare_MAA-DEL_6E_2026-08-23_T+1_1787410677132_u3h3,MAA-DEL,EaseMyTrip,6E,6E-701,2026-08-23,T+1,9899,2173,12072,2026-08-22T09:05:45.562Z,FALSE,"",18:15,FALSE
fare_MAA-DEL_AI_2026-08-23_T+1_1787410677132_8xgv,MAA-DEL,EaseMyTrip,AI,AI-2886,2026-08-23,T+1,10632,2334,12966,2026-08-22T09:05:45.562Z,FALSE,"",08:05,TRUE
fare_MAA-DEL_6E_2026-08-23_T+1_1787410677132_4apg,MAA-DEL,EaseMyTrip,6E,6E-432,2026-08-23,T+1,10752,2360,13112,2026-08-22T09:05:45.562Z,FALSE,"",21:50,TRUE
fare_MAA-DEL_6E_2026-08-23_T+1_1787410677132_py0w,MAA-DEL,EaseMyTrip,6E,6E-926,2026-08-23,T+1,10752,2360,13112,2026-08-22T09:05:45.562Z,FALSE,"",21:50,TRUE
fare_MAA-DEL_6E_2026-08-23_T+1_1787410677132_cjm7,MAA-DEL,EaseMyTrip,6E,6E-2369,2026-08-23,T+1,10752,2360,13112,2026-08-22T09:05:45.562Z,FALSE,"",23:45,TRUE
fare_MAA-DEL_6E_2026-08-23_T+1_1787410677132_y8ns,MAA-DEL,EaseMyTrip,6E,6E-592,2026-08-23,T+1,10752,2360,13112,2026-08-22T09:05:45.562Z,FALSE,"",09:15,TRUE
fare_MAA-DEL_6E_2026-08-23_T+1_1787410677132_27c6,MAA-DEL,EaseMyTrip,6E,6E-255,2026-08-23,T+1,10752,2360,13112,2026-08-22T09:05:45.562Z,FALSE,"",09:15,TRUE
fare_MAA-DEL_6E_2026-08-23_T+1_1787410677132_yawi,MAA-DEL,EaseMyTrip,6E,6E-5258,2026-08-23,T+1,10892,2391,13283,2026-08-22T09:05:45.562Z,FALSE,"",12:45,FALSE
fare_MAA-DEL_AI_2026-08-23_T+1_1787410677132_b7pm,MAA-DEL,EaseMyTrip,AI,AI-2719,2026-08-23,T+1,11138,2445,13583,2026-08-22T09:05:45.562Z,FALSE,"",08:50,TRUE
fare_MAA-DEL_6E_2026-08-23_T+1_1787410677132_0nw2,MAA-DEL,EaseMyTrip,6E,6E-424,2026-08-23,T+1,11623,2551,14174,2026-08-22T09:05:45.562Z,FALSE,"",11:55,FALSE
fare_MAA-DEL_6E_2026-08-23_T+1_1787410677132_mab2,MAA-DEL,EaseMyTrip,6E,6E-906,2026-08-23,T+1,11623,2551,14174,2026-08-22T09:05:45.562Z,FALSE,"",11:55,FALSE
fare_MAA-DEL_AI_2026-08-23_T+1_1787410677132_3urp,MAA-DEL,EaseMyTrip,AI,AI-2832,2026-08-23,T+1,11888,2609,14497,2026-08-22T09:05:45.562Z,FALSE,"",06:55,TRUE
fare_MAA-DEL_AI_2026-08-23_T+1_1787410677132_qv0f,MAA-DEL,EaseMyTrip,AI,AI-1845,2026-08-23,T+1,11888,2609,14497,2026-08-22T09:05:45.562Z,FALSE,"",23:20,TRUE
fare_MAA-DEL_6E_2026-08-23_T+1_1787410677132_iskd,MAA-DEL,EaseMyTrip,6E,6E-5367,2026-08-23,T+1,11795,2589,14384,2026-08-22T09:05:45.562Z,FALSE,"",18:15,FALSE
fare_MAA-DEL_6E_2026-08-23_T+1_1787410677132_uddt,MAA-DEL,EaseMyTrip,6E,6E-632,2026-08-23,T+1,11851,2602,14453,2026-08-22T09:05:45.562Z,FALSE,"",13:00,TRUE
fare_MAA-DEL_6E_2026-08-23_T+1_1787410677132_yizm,MAA-DEL,EaseMyTrip,6E,6E-536,2026-08-23,T+1,11851,2602,14453,2026-08-22T09:05:45.562Z,FALSE,"",13:00,TRUE
fare_MAA-DEL_6E_2026-08-23_T+1_1787410677132_d9ew,MAA-DEL,EaseMyTrip,6E,6E-6002,2026-08-23,T+1,11851,2602,14453,2026-08-22T09:05:45.562Z,FALSE,"",11:10,TRUE
fare_MAA-DEL_6E_2026-08-23_T+1_1787410677132_klwj,MAA-DEL,EaseMyTrip,6E,6E-399,2026-08-23,T+1,11872,2606,14478,2026-08-22T09:05:45.562Z,FALSE,"",03:10,FALSE
fare_MAA-DEL_6E_2026-08-23_T+1_1787410677132_e3sz,MAA-DEL,EaseMyTrip,6E,6E-451,2026-08-23,T+1,11872,2606,14478,2026-08-22T09:05:45.562Z,FALSE,"",03:10,FALSE
fare_MAA-DEL_AI_2026-08-23_T+1_1787410677132_yv7o,MAA-DEL,EaseMyTrip,AI,AI-2526,2026-08-23,T+1,12202,2679,14881,2026-08-22T09:05:45.562Z,FALSE,"",09:50,TRUE
fare_MAA-DEL_AI_2026-08-23_T+1_1787410677132_b7j5,MAA-DEL,EaseMyTrip,AI,AI-538,2026-08-23,T+1,12411,2724,15135,2026-08-22T09:05:45.562Z,FALSE,"",20:10,TRUE
fare_MAA-DEL_6E_2026-08-23_T+1_1787410677132_o784,MAA-DEL,EaseMyTrip,6E,6E-694,2026-08-23,T+1,12613,2769,15382,2026-08-22T09:05:45.562Z,FALSE,"",22:20,FALSE
fare_MAA-DEL_6E_2026-08-23_T+1_1787410677132_q0qz,MAA-DEL,EaseMyTrip,6E,6E-818,2026-08-23,T+1,12613,2769,15382,2026-08-22T09:05:45.562Z,FALSE,"",22:20,FALSE
fare_MAA-DEL_6E_2026-08-23_T+1_1787410677132_6uom,MAA-DEL,EaseMyTrip,6E,6E-6140,2026-08-23,T+1,12791,2808,15599,2026-08-22T09:05:45.562Z,FALSE,"",02:30,FALSE
fare_MAA-DEL_QP_2026-08-23_T+1_1787410677132_79h1,MAA-DEL,EaseMyTrip,QP,QP-1146,2026-08-23,T+1,13070,2869,15939,2026-08-22T09:05:45.562Z,FALSE,"",13:35,FALSE
fare_MAA-DEL_6E_2026-08-23_T+1_1787410677132_cgpu,MAA-DEL,EaseMyTrip,6E,6E-381,2026-08-23,T+1,13163,2890,16053,2026-08-22T09:05:45.562Z,FALSE,"",05:40,FALSE
fare_MAA-DEL_6E_2026-08-23_T+1_1787410677132_3qr9,MAA-DEL,EaseMyTrip,6E,6E-486,2026-08-23,T+1,13163,2890,16053,2026-08-22T09:05:45.562Z,FALSE,"",05:40,FALSE
fare_MAA-DEL_6E_2026-08-23_T+1_1787410677132_47l6,MAA-DEL,EaseMyTrip,6E,6E-729,2026-08-23,T+1,13748,3018,16766,2026-08-22T09:05:45.562Z,FALSE,"",19:00,TRUE
fare_MAA-DEL_6E_2026-08-23_T+1_1787410677132_ut1c,MAA-DEL,EaseMyTrip,6E,6E-917,2026-08-23,T+1,13748,3018,16766,2026-08-22T09:05:45.562Z,FALSE,"",19:00,TRUE
fare_MAA-DEL_6E_2026-08-23_T+1_1787410677132_nj4k,MAA-DEL,EaseMyTrip,6E,6E-454,2026-08-23,T+1,13748,3018,16766,2026-08-22T09:05:45.562Z,FALSE,"",14:30,TRUE
fare_MAA-DEL_6E_2026-08-23_T+1_1787410677132_ly4e,MAA-DEL,EaseMyTrip,6E,6E-384,2026-08-23,T+1,13748,3018,16766,2026-08-22T09:05:45.562Z,FALSE,"",14:30,TRUE
fare_MAA-DEL_6E_2026-08-23_T+1_1787410677132_gr9h,MAA-DEL,EaseMyTrip,6E,6E-745,2026-08-23,T+1,13769,3022,16791,2026-08-22T09:05:45.562Z,FALSE,"",16:15,FALSE
fare_MAA-DEL_6E_2026-08-23_T+1_1787410677132_drf1,MAA-DEL,EaseMyTrip,6E,6E-863,2026-08-23,T+1,13769,3022,16791,2026-08-22T09:05:45.562Z,FALSE,"",16:15,FALSE
fare_MAA-DEL_AI_2026-08-23_T+1_1787410677132_sfyh,MAA-DEL,EaseMyTrip,AI,AI-2476,2026-08-23,T+1,13987,3070,17057,2026-08-22T09:05:45.562Z,FALSE,"",14:25,TRUE
fare_MAA-DEL_6E_2026-08-23_T+1_1787410677132_egru,MAA-DEL,EaseMyTrip,6E,6E-6348,2026-08-23,T+1,14056,3086,17142,2026-08-22T09:05:45.562Z,FALSE,"",09:00,FALSE
fare_MAA-DEL_AI_2026-08-23_T+1_1787410677132_nbld,MAA-DEL,EaseMyTrip,AI,AI-2468,2026-08-23,T+1,14364,3153,17517,2026-08-22T09:05:45.562Z,FALSE,"",14:00,TRUE
fare_MAA-DEL_IX_2026-08-23_T+1_1787410677132_msim,MAA-DEL,EaseMyTrip,IX,IX-1354,2026-08-23,T+1,14712,3229,17941,2026-08-22T09:05:45.562Z,FALSE,"",14:35,FALSE
fare_MAA-DEL_IX_2026-08-23_T+1_1787410677132_chws,MAA-DEL,EaseMyTrip,IX,IX-1385,2026-08-23,T+1,15039,3301,18340,2026-08-22T09:05:45.562Z,FALSE,"",08:45,FALSE
fare_MAA-DEL_6E_2026-08-23_T+1_1787410677132_ltpm,MAA-DEL,EaseMyTrip,6E,6E-502,2026-08-23,T+1,15203,3337,18540,2026-08-22T09:05:45.562Z,FALSE,"",17:45,FALSE
fare_MAA-DEL_6E_2026-08-23_T+1_1787410677132_c0g9,MAA-DEL,EaseMyTrip,6E,6E-877,2026-08-23,T+1,15203,3337,18540,2026-08-22T09:05:45.562Z,FALSE,"",17:45,FALSE
fare_MAA-DEL_6E_2026-08-23_T+1_1787410677132_phi5,MAA-DEL,EaseMyTrip,6E,6E-452,2026-08-23,T+1,15505,3403,18908,2026-08-22T09:05:45.562Z,FALSE,"",07:10,FALSE
fare_MAA-DEL_6E_2026-08-23_T+1_1787410677132_7swa,MAA-DEL,EaseMyTrip,6E,6E-791,2026-08-23,T+1,15505,3403,18908,2026-08-22T09:05:45.562Z,FALSE,"",07:10,FALSE
fare_MAA-DEL_6E_2026-08-23_T+1_1787410677132_d60x,MAA-DEL,EaseMyTrip,6E,6E-778,2026-08-23,T+1,16158,3547,19705,2026-08-22T09:05:45.562Z,FALSE,"",07:10,FALSE
fare_MAA-DEL_6E_2026-08-23_T+1_1787410677132_aa3g,MAA-DEL,EaseMyTrip,6E,6E-820,2026-08-23,T+1,16158,3547,19705,2026-08-22T09:05:45.562Z,FALSE,"",07:10,FALSE
fare_MAA-DEL_AI_2026-08-23_T+1_1787410677132_vhts,MAA-DEL,EaseMyTrip,AI,AI-9763,2026-08-23,T+1,16425,3605,20030,2026-08-22T09:05:45.562Z,FALSE,"",08:45,FALSE
fare_MAA-DEL_AI_2026-08-23_T+1_1787410677132_syaa,MAA-DEL,EaseMyTrip,AI,AI-9789,2026-08-23,T+1,16495,3621,20116,2026-08-22T09:05:45.562Z,FALSE,"",14:35,FALSE
fare_MAA-DEL_6E_2026-08-23_T+1_1787410677132_p482,MAA-DEL,EaseMyTrip,6E,6E-6113,2026-08-23,T+1,16393,3598,19991,2026-08-22T09:05:45.562Z,FALSE,"",17:00,FALSE
fare_MAA-DEL_IX_2026-08-23_T+1_1787410677132_3oqc,MAA-DEL,EaseMyTrip,IX,IX-2661,2026-08-23,T+1,16934,3717,20651,2026-08-22T09:05:45.562Z,FALSE,"",22:05,FALSE
fare_MAA-DEL_6E_2026-08-23_T+1_1787410677132_z9hv,MAA-DEL,EaseMyTrip,6E,6E-322,2026-08-23,T+1,16963,3724,20687,2026-08-22T09:05:45.562Z,FALSE,"",12:30,FALSE
fare_MAA-DEL_6E_2026-08-23_T+1_1787410677132_teny,MAA-DEL,EaseMyTrip,6E,6E-787,2026-08-23,T+1,16963,3724,20687,2026-08-22T09:05:45.562Z,FALSE,"",12:30,FALSE
fare_MAA-DEL_6E_2026-08-23_T+1_1787410677132_ii8l,MAA-DEL,EaseMyTrip,6E,6E-6487,2026-08-23,T+1,16965,3724,20689,2026-08-22T09:05:45.562Z,FALSE,"",21:25,FALSE
fare_MAA-DEL_6E_2026-08-23_T+1_1787410677132_2kud,MAA-DEL,EaseMyTrip,6E,6E-867,2026-08-23,T+1,16965,3724,20689,2026-08-22T09:05:45.562Z,FALSE,"",20:00,FALSE
fare_MAA-DEL_6E_2026-08-23_T+1_1787410677132_wszd,MAA-DEL,EaseMyTrip,6E,6E-537,2026-08-23,T+1,16965,3724,20689,2026-08-22T09:05:45.562Z,FALSE,"",20:00,FALSE
fare_MAA-DEL_AI_2026-08-23_T+1_1787410677132_6pir,MAA-DEL,EaseMyTrip,AI,AI-2878,2026-08-23,T+1,17205,3777,20982,2026-08-22T09:05:45.562Z,FALSE,"",16:20,TRUE
fare_MAA-DEL_6E_2026-08-23_T+1_1787410677132_t3mr,MAA-DEL,EaseMyTrip,6E,6E-6815,2026-08-23,T+1,17755,3898,21653,2026-08-22T09:05:45.562Z,FALSE,"",08:55,FALSE
fare_MAA-DEL_AI_2026-08-23_T+1_1787410677132_v712,MAA-DEL,EaseMyTrip,AI,AI-2779,2026-08-23,T+1,18195,3994,22189,2026-08-22T09:05:45.562Z,FALSE,"",07:00,FALSE
fare_MAA-DEL_6E_2026-08-23_T+1_1787410677132_1tnw,MAA-DEL,EaseMyTrip,6E,6E-146,2026-08-23,T+1,18177,3990,22167,2026-08-22T09:05:45.562Z,FALSE,"",08:20,FALSE
fare_MAA-DEL_6E_2026-08-23_T+1_1787410677132_avxk,MAA-DEL,EaseMyTrip,6E,6E-974,2026-08-23,T+1,18177,3990,22167,2026-08-22T09:05:45.562Z,FALSE,"",08:20,FALSE
fare_MAA-DEL_6E_2026-08-23_T+1_1787410677132_9op5,MAA-DEL,EaseMyTrip,6E,6E-6081,2026-08-23,T+1,18493,4060,22553,2026-08-22T09:05:45.562Z,FALSE,"",07:05,FALSE
fare_MAA-DEL_6E_2026-08-23_T+1_1787410677132_q5vq,MAA-DEL,EaseMyTrip,6E,6E-414,2026-08-23,T+1,18639,4092,22731,2026-08-22T09:05:45.562Z,FALSE,"",16:45,TRUE
fare_MAA-DEL_6E_2026-08-23_T+1_1787410677132_1iip,MAA-DEL,EaseMyTrip,6E,6E-344,2026-08-23,T+1,18639,4092,22731,2026-08-22T09:05:45.562Z,FALSE,"",16:45,TRUE
fare_MAA-DEL_6E_2026-08-23_T+1_1787410677132_znfd,MAA-DEL,EaseMyTrip,6E,6E-458,2026-08-23,T+1,18686,4102,22788,2026-08-22T09:05:45.562Z,FALSE,"",09:05,FALSE
fare_MAA-DEL_6E_2026-08-23_T+1_1787410677132_fvwa,MAA-DEL,EaseMyTrip,6E,6E-578,2026-08-23,T+1,18686,4102,22788,2026-08-22T09:05:45.562Z,FALSE,"",09:05,FALSE
fare_MAA-DEL_6E_2026-08-23_T+1_1787410677132_ftt5,MAA-DEL,EaseMyTrip,6E,6E-141,2026-08-23,T+1,18686,4102,22788,2026-08-22T09:05:45.562Z,FALSE,"",09:05,FALSE
fare_MAA-DEL_6E_2026-08-23_T+1_1787410677132_za1c,MAA-DEL,EaseMyTrip,6E,6E-137,2026-08-23,T+1,18686,4102,22788,2026-08-22T09:05:45.562Z,FALSE,"",09:05,FALSE
fare_MAA-DEL_6E_2026-08-23_T+1_1787410677132_7yiq,MAA-DEL,EaseMyTrip,6E,6E-122,2026-08-23,T+1,18706,4106,22812,2026-08-22T09:05:45.562Z,FALSE,"",19:05,FALSE
fare_MAA-DEL_6E_2026-08-23_T+1_1787410677132_01nk,MAA-DEL,EaseMyTrip,6E,6E-490,2026-08-23,T+1,18706,4106,22812,2026-08-22T09:05:45.562Z,FALSE,"",19:05,FALSE
fare_MAA-DEL_AI_2026-08-23_T+1_1787410677132_0ca9,MAA-DEL,EaseMyTrip,AI,AI-2822,2026-08-23,T+1,18924,4154,23078,2026-08-22T09:05:45.562Z,FALSE,"",09:35,FALSE
fare_MAA-DEL_AI_2026-08-23_T+1_1787410677132_ogxx,MAA-DEL,EaseMyTrip,AI,AI-436,2026-08-23,T+1,19258,4227,23485,2026-08-22T09:05:45.562Z,FALSE,"",21:05,FALSE
fare_MAA-DEL_AI_2026-08-23_T+1_1787410677132_2pfd,MAA-DEL,EaseMyTrip,AI,AI-9427,2026-08-23,T+1,19555,4293,23848,2026-08-22T09:05:45.562Z,FALSE,"",10:20,FALSE
fare_MAA-DEL_6E_2026-08-23_T+1_1787410677132_h5uf,MAA-DEL,EaseMyTrip,6E,6E-6892,2026-08-23,T+1,19422,4263,23685,2026-08-22T09:05:45.562Z,FALSE,"",10:55,FALSE
fare_MAA-DEL_IX_2026-08-23_T+1_1787410677132_btwl,MAA-DEL,EaseMyTrip,IX,IX-2024,2026-08-23,T+1,19691,4322,24013,2026-08-22T09:05:45.562Z,FALSE,"",10:20,FALSE
fare_MAA-DEL_6E_2026-08-23_T+1_1787410677132_i5k2,MAA-DEL,EaseMyTrip,6E,6E-6209,2026-08-23,T+1,19473,4275,23748,2026-08-22T09:05:45.562Z,FALSE,"",14:35,FALSE
fare_MAA-DEL_6E_2026-08-23_T+1_1787410677132_6npa,MAA-DEL,EaseMyTrip,6E,6E-320,2026-08-23,T+1,19688,4322,24010,2026-08-22T09:05:45.562Z,FALSE,"",18:20,FALSE
fare_MAA-DEL_6E_2026-08-23_T+1_1787410677132_drwz,MAA-DEL,EaseMyTrip,6E,6E-811,2026-08-23,T+1,19688,4322,24010,2026-08-22T09:05:45.562Z,FALSE,"",18:20,FALSE
fare_MAA-DEL_AI_2026-08-23_T+1_1787410677132_2sno,MAA-DEL,EaseMyTrip,AI,AI-9552,2026-08-23,T+1,20001,4390,24391,2026-08-22T09:05:45.562Z,FALSE,"",22:05,FALSE
fare_MAA-DEL_6E_2026-08-23_T+1_1787410677132_pg51,MAA-DEL,EaseMyTrip,6E,6E-6925,2026-08-23,T+1,20789,4564,25353,2026-08-22T09:05:45.562Z,FALSE,"",12:00,FALSE
fare_MAA-DEL_6E_2026-08-23_T+1_1787410677132_g9xp,MAA-DEL,EaseMyTrip,6E,6E-292,2026-08-23,T+1,21011,4612,25623,2026-08-22T09:05:45.562Z,FALSE,"",11:25,FALSE
fare_MAA-DEL_6E_2026-08-23_T+1_1787410677132_72je,MAA-DEL,EaseMyTrip,6E,6E-614,2026-08-23,T+1,21881,4803,26684,2026-08-22T09:05:45.562Z,FALSE,"",17:50,FALSE
fare_MAA-DEL_6E_2026-08-23_T+1_1787410677132_1d19,MAA-DEL,EaseMyTrip,6E,6E-128,2026-08-23,T+1,21881,4803,26684,2026-08-22T09:05:45.562Z,FALSE,"",17:50,FALSE
fare_MAA-DEL_AI_2026-08-23_T+1_1787410677132_hafh,MAA-DEL,EaseMyTrip,AI,AI-9785,2026-08-23,T+1,22639,4970,27609,2026-08-22T09:05:45.562Z,FALSE,"",09:40,FALSE
fare_MAA-DEL_AI_2026-08-23_T+1_1787410677132_ektv,MAA-DEL,EaseMyTrip,AI,AI-2740,2026-08-23,T+1,22681,4979,27660,2026-08-22T09:05:45.562Z,FALSE,"",16:00,FALSE
fare_MAA-DEL_6E_2026-08-23_T+1_1787410677132_21kn,MAA-DEL,EaseMyTrip,6E,6E-303,2026-08-23,T+1,22991,5047,28038,2026-08-22T09:05:45.562Z,FALSE,"",11:10,FALSE
fare_MAA-DEL_6E_2026-08-23_T+1_1787410677132_11ai,MAA-DEL,EaseMyTrip,6E,6E-660,2026-08-23,T+1,22991,5047,28038,2026-08-22T09:05:45.562Z,FALSE,"",11:10,FALSE
fare_MAA-DEL_6E_2026-08-23_T+1_1787410677132_eglu,MAA-DEL,EaseMyTrip,6E,6E-6158,2026-08-23,T+1,23255,5105,28360,2026-08-22T09:05:45.562Z,FALSE,"",16:10,FALSE
fare_MAA-DEL_AI_2026-08-23_T+1_1787410677132_0n03,MAA-DEL,EaseMyTrip,AI,AI-9971,2026-08-23,T+1,24023,5273,29296,2026-08-22T09:05:45.562Z,FALSE,"",16:30,FALSE
fare_MAA-DEL_IX_2026-08-23_T+1_1787410677132_etg7,MAA-DEL,EaseMyTrip,IX,IX-2662,2026-08-23,T+1,24143,5300,29443,2026-08-22T09:05:45.562Z,FALSE,"",21:25,FALSE
fare_MAA-DEL_IX_2026-08-23_T+1_1787410677132_42es,MAA-DEL,EaseMyTrip,IX,IX-2507,2026-08-23,T+1,25356,5566,30922,2026-08-22T09:05:45.562Z,FALSE,"",16:30,FALSE
fare_MAA-DEL_AI_2026-08-23_T+1_1787410677132_nfto,MAA-DEL,EaseMyTrip,AI,AI-9479,2026-08-23,T+1,25412,5578,30990,2026-08-22T09:05:45.562Z,FALSE,"",21:25,FALSE
fare_MAA-DEL_6E_2026-08-23_T+1_1787410677132_47q4,MAA-DEL,EaseMyTrip,6E,6E-511,2026-08-23,T+1,29635,6505,36140,2026-08-22T09:05:45.562Z,TRUE,"High outlier: ₹36140 > upper fence ₹35331 (Q3: ₹22812, IQR: ₹8346)",08:10,FALSE
fare_MAA-DEL_6E_2026-08-23_T+1_1787410677132_br0u,MAA-DEL,EaseMyTrip,6E,6E-400,2026-08-23,T+1,29635,6505,36140,2026-08-22T09:05:45.562Z,TRUE,"High outlier: ₹36140 > upper fence ₹35331 (Q3: ₹22812, IQR: ₹8346)",08:10,FALSE
fare_MAA-DEL_AI_2026-08-23_T+1_1787410677132_opbm,MAA-DEL,EaseMyTrip,AI,AI-640,2026-08-23,T+1,34079,7481,41560,2026-08-22T09:05:45.562Z,TRUE,"High outlier: ₹41560 > upper fence ₹35331 (Q3: ₹22812, IQR: ₹8346)",18:00,FALSE
fare_MAA-DEL_IX_2026-08-29_T+7_1787410677132_1cvc,MAA-DEL,EaseMyTrip,IX,IX-1256,2026-08-29,T+7,6674,1465,8139,2026-08-22T09:05:51.138Z,FALSE,"",09:40,FALSE
fare_MAA-DEL_6E_2026-08-29_T+7_1787410677132_zsq6,MAA-DEL,EaseMyTrip,6E,6E-404,2026-08-29,T+7,7022,1542,8564,2026-08-22T09:05:51.138Z,FALSE,"",08:10,FALSE
fare_MAA-DEL_6E_2026-08-29_T+7_1787410677132_uqpv,MAA-DEL,EaseMyTrip,6E,6E-850,2026-08-29,T+7,7022,1542,8564,2026-08-22T09:05:51.138Z,FALSE,"",08:10,FALSE
fare_MAA-DEL_6E_2026-08-29_T+7_1787410677132_0vbt,MAA-DEL,EaseMyTrip,6E,6E-6081,2026-08-29,T+7,7086,1556,8642,2026-08-22T09:05:51.138Z,FALSE,"",07:05,FALSE
fare_MAA-DEL_IX_2026-08-29_T+7_1787410677132_gqtc,MAA-DEL,EaseMyTrip,IX,IX-2507,2026-08-29,T+7,7831,1719,9550,2026-08-22T09:05:51.138Z,FALSE,"",16:30,FALSE
fare_MAA-DEL_IX_2026-08-29_T+7_1787410677132_7z1s,MAA-DEL,EaseMyTrip,IX,IX-2661,2026-08-29,T+7,7831,1719,9550,2026-08-22T09:05:51.138Z,FALSE,"",22:05,FALSE
fare_MAA-DEL_IX_2026-08-29_T+7_1787410677132_m3xy,MAA-DEL,EaseMyTrip,IX,IX-2024,2026-08-29,T+7,7831,1719,9550,2026-08-22T09:05:51.138Z,FALSE,"",10:20,FALSE
fare_MAA-DEL_6E_2026-08-29_T+7_1787410677132_ek2s,MAA-DEL,EaseMyTrip,6E,6E-6797,2026-08-29,T+7,8038,1764,9802,2026-08-22T09:05:51.138Z,FALSE,"",13:10,FALSE
fare_MAA-DEL_6E_2026-08-29_T+7_1787410677132_joub,MAA-DEL,EaseMyTrip,6E,6E-992,2026-08-29,T+7,8101,1778,9879,2026-08-22T09:05:51.138Z,FALSE,"",19:00,TRUE
fare_MAA-DEL_6E_2026-08-29_T+7_1787410677132_q74p,MAA-DEL,EaseMyTrip,6E,6E-306,2026-08-29,T+7,8101,1778,9879,2026-08-22T09:05:51.138Z,FALSE,"",19:00,TRUE
fare_MAA-DEL_6E_2026-08-29_T+7_1787410677132_efe4,MAA-DEL,EaseMyTrip,6E,6E-2369,2026-08-29,T+7,8101,1778,9879,2026-08-22T09:05:51.138Z,FALSE,"",23:45,TRUE
fare_MAA-DEL_6E_2026-08-29_T+7_1787410677132_lz8l,MAA-DEL,EaseMyTrip,6E,6E-724,2026-08-29,T+7,8101,1778,9879,2026-08-22T09:05:51.138Z,FALSE,"",13:00,TRUE
fare_MAA-DEL_6E_2026-08-29_T+7_1787410677132_756v,MAA-DEL,EaseMyTrip,6E,6E-699,2026-08-29,T+7,8101,1778,9879,2026-08-22T09:05:51.138Z,FALSE,"",13:00,TRUE
fare_MAA-DEL_6E_2026-08-29_T+7_1787410677132_x67r,MAA-DEL,EaseMyTrip,6E,6E-357,2026-08-29,T+7,8101,1778,9879,2026-08-22T09:05:51.138Z,FALSE,"",14:30,TRUE
fare_MAA-DEL_6E_2026-08-29_T+7_1787410677132_rm3x,MAA-DEL,EaseMyTrip,6E,6E-417,2026-08-29,T+7,8101,1778,9879,2026-08-22T09:05:51.138Z,FALSE,"",14:30,TRUE
fare_MAA-DEL_6E_2026-08-29_T+7_1787410677132_xcpo,MAA-DEL,EaseMyTrip,6E,6E-2578,2026-08-29,T+7,8133,1785,9918,2026-08-22T09:05:51.138Z,FALSE,"",10:25,TRUE
fare_MAA-DEL_6E_2026-08-29_T+7_1787410677132_c7al,MAA-DEL,EaseMyTrip,6E,6E-6487,2026-08-29,T+7,8210,1802,10012,2026-08-22T09:05:51.138Z,FALSE,"",21:25,FALSE
fare_MAA-DEL_6E_2026-08-29_T+7_1787410677132_5j64,MAA-DEL,EaseMyTrip,6E,6E-461,2026-08-29,T+7,8210,1802,10012,2026-08-22T09:05:51.138Z,FALSE,"",03:55,FALSE
fare_MAA-DEL_6E_2026-08-29_T+7_1787410677132_44de,MAA-DEL,EaseMyTrip,6E,6E-553,2026-08-29,T+7,8210,1802,10012,2026-08-22T09:05:51.138Z,FALSE,"",03:55,FALSE
fare_MAA-DEL_6E_2026-08-29_T+7_1787410677132_r2zd,MAA-DEL,EaseMyTrip,6E,6E-142,2026-08-29,T+7,8210,1802,10012,2026-08-22T09:05:51.138Z,FALSE,"",22:20,FALSE
fare_MAA-DEL_6E_2026-08-29_T+7_1787410677132_wzgs,MAA-DEL,EaseMyTrip,6E,6E-256,2026-08-29,T+7,8210,1802,10012,2026-08-22T09:05:51.138Z,FALSE,"",22:20,FALSE
fare_MAA-DEL_6E_2026-08-29_T+7_1787410677132_mz48,MAA-DEL,EaseMyTrip,6E,6E-701,2026-08-29,T+7,8210,1802,10012,2026-08-22T09:05:51.138Z,FALSE,"",03:10,FALSE
fare_MAA-DEL_6E_2026-08-29_T+7_1787410677132_mmmu,MAA-DEL,EaseMyTrip,6E,6E-276,2026-08-29,T+7,8210,1802,10012,2026-08-22T09:05:51.138Z,FALSE,"",03:10,FALSE
fare_MAA-DEL_6E_2026-08-29_T+7_1787410677132_cw7f,MAA-DEL,EaseMyTrip,6E,6E-6815,2026-08-29,T+7,8275,1816,10091,2026-08-22T09:05:51.138Z,FALSE,"",08:55,FALSE
fare_MAA-DEL_6E_2026-08-29_T+7_1787410677132_2m58,MAA-DEL,EaseMyTrip,6E,6E-6892,2026-08-29,T+7,8275,1816,10091,2026-08-22T09:05:51.138Z,FALSE,"",10:55,FALSE
fare_MAA-DEL_6E_2026-08-29_T+7_1787410677132_jq4o,MAA-DEL,EaseMyTrip,6E,6E-195,2026-08-29,T+7,8275,1816,10091,2026-08-22T09:05:51.138Z,FALSE,"",16:15,FALSE
fare_MAA-DEL_6E_2026-08-29_T+7_1787410677132_3jve,MAA-DEL,EaseMyTrip,6E,6E-334,2026-08-29,T+7,8275,1816,10091,2026-08-22T09:05:51.138Z,FALSE,"",16:15,FALSE
fare_MAA-DEL_AI_2026-08-29_T+7_1787410677132_ljyr,MAA-DEL,EaseMyTrip,AI,AI-538,2026-08-29,T+7,8487,1863,10350,2026-08-22T09:05:51.138Z,FALSE,"",20:10,TRUE
fare_MAA-DEL_AI_2026-08-29_T+7_1787410677132_urkf,MAA-DEL,EaseMyTrip,AI,AI-1845,2026-08-29,T+7,8487,1863,10350,2026-08-22T09:05:51.138Z,FALSE,"",23:20,TRUE
fare_MAA-DEL_6E_2026-08-29_T+7_1787410677132_czir,MAA-DEL,EaseMyTrip,6E,6E-457,2026-08-29,T+7,8344,1831,10175,2026-08-22T09:05:51.138Z,FALSE,"",20:00,FALSE
fare_MAA-DEL_6E_2026-08-29_T+7_1787410677132_o434,MAA-DEL,EaseMyTrip,6E,6E-978,2026-08-29,T+7,8344,1831,10175,2026-08-22T09:05:51.138Z,FALSE,"",20:00,FALSE
fare_MAA-DEL_6E_2026-08-29_T+7_1787410677132_9ctj,MAA-DEL,EaseMyTrip,6E,6E-6140,2026-08-29,T+7,8382,1840,10222,2026-08-22T09:05:51.138Z,FALSE,"",02:30,FALSE
fare_MAA-DEL_6E_2026-08-29_T+7_1787410677132_jfsk,MAA-DEL,EaseMyTrip,6E,6E-5371,2026-08-29,T+7,8382,1840,10222,2026-08-22T09:05:51.138Z,FALSE,"",14:45,FALSE
fare_MAA-DEL_6E_2026-08-29_T+7_1787410677132_yadg,MAA-DEL,EaseMyTrip,6E,6E-5367,2026-08-29,T+7,8382,1840,10222,2026-08-22T09:05:51.138Z,FALSE,"",18:15,FALSE
fare_MAA-DEL_6E_2026-08-29_T+7_1787410677132_cjhp,MAA-DEL,EaseMyTrip,6E,6E-5214,2026-08-29,T+7,8382,1840,10222,2026-08-22T09:05:51.138Z,FALSE,"",11:00,FALSE
fare_MAA-DEL_6E_2026-08-29_T+7_1787410677132_xmaj,MAA-DEL,EaseMyTrip,6E,6E-935,2026-08-29,T+7,8483,1862,10345,2026-08-22T09:05:51.138Z,FALSE,"",16:45,TRUE
fare_MAA-DEL_6E_2026-08-29_T+7_1787410677132_rtee,MAA-DEL,EaseMyTrip,6E,6E-987,2026-08-29,T+7,8483,1862,10345,2026-08-22T09:05:51.138Z,FALSE,"",16:45,TRUE
fare_MAA-DEL_6E_2026-08-29_T+7_1787410677132_t5ul,MAA-DEL,EaseMyTrip,6E,6E-6002,2026-08-29,T+7,8483,1862,10345,2026-08-22T09:05:51.138Z,FALSE,"",11:10,TRUE
fare_MAA-DEL_6E_2026-08-29_T+7_1787410677132_h95y,MAA-DEL,EaseMyTrip,6E,6E-519,2026-08-29,T+7,8483,1862,10345,2026-08-22T09:05:51.138Z,FALSE,"",09:15,TRUE
fare_MAA-DEL_6E_2026-08-29_T+7_1787410677132_tmky,MAA-DEL,EaseMyTrip,6E,6E-570,2026-08-29,T+7,8483,1862,10345,2026-08-22T09:05:51.138Z,FALSE,"",09:15,TRUE
fare_MAA-DEL_AI_2026-08-29_T+7_1787410677132_wixs,MAA-DEL,EaseMyTrip,AI,AI-2878,2026-08-29,T+7,8647,1898,10545,2026-08-22T09:05:51.138Z,FALSE,"",16:20,TRUE
fare_MAA-DEL_IX_2026-08-29_T+7_1787410677132_0p4w,MAA-DEL,EaseMyTrip,IX,IX-1354,2026-08-29,T+7,8807,1933,10740,2026-08-22T09:05:51.138Z,FALSE,"",14:35,FALSE
fare_MAA-DEL_IX_2026-08-29_T+7_1787410677132_1yvz,MAA-DEL,EaseMyTrip,IX,IX-1385,2026-08-29,T+7,8807,1933,10740,2026-08-22T09:05:51.138Z,FALSE,"",08:45,FALSE
fare_MAA-DEL_6E_2026-08-29_T+7_1787410677132_x0n5,MAA-DEL,EaseMyTrip,6E,6E-312,2026-08-29,T+7,8888,1951,10839,2026-08-22T09:05:51.138Z,FALSE,"",06:30,TRUE
fare_MAA-DEL_6E_2026-08-29_T+7_1787410677132_rrme,MAA-DEL,EaseMyTrip,6E,6E-715,2026-08-29,T+7,8888,1951,10839,2026-08-22T09:05:51.138Z,FALSE,"",06:30,TRUE
fare_MAA-DEL_AI_2026-08-29_T+7_1787410677132_7mgx,MAA-DEL,EaseMyTrip,AI,AI-2468,2026-08-29,T+7,9274,2036,11310,2026-08-22T09:05:51.138Z,FALSE,"",14:00,TRUE
fare_MAA-DEL_IX_2026-08-29_T+7_1787410677132_uvcx,MAA-DEL,EaseMyTrip,IX,IX-2662,2026-08-29,T+7,9634,2115,11749,2026-08-22T09:05:51.138Z,FALSE,"",21:25,FALSE
fare_MAA-DEL_AI_2026-08-29_T+7_1787410677132_qyll,MAA-DEL,EaseMyTrip,AI,AI-2832,2026-08-29,T+7,9701,2130,11831,2026-08-22T09:05:51.138Z,FALSE,"",06:55,TRUE
fare_MAA-DEL_AI_2026-08-29_T+7_1787410677132_kna5,MAA-DEL,EaseMyTrip,AI,AI-2886,2026-08-29,T+7,9701,2130,11831,2026-08-22T09:05:51.138Z,FALSE,"",08:05,TRUE
fare_MAA-DEL_6E_2026-08-29_T+7_1787410677132_o9sy,MAA-DEL,EaseMyTrip,6E,6E-538,2026-08-29,T+7,9581,2103,11684,2026-08-22T09:05:51.138Z,FALSE,"",11:55,FALSE
fare_MAA-DEL_6E_2026-08-29_T+7_1787410677132_qnyy,MAA-DEL,EaseMyTrip,6E,6E-873,2026-08-29,T+7,9581,2103,11684,2026-08-22T09:05:51.138Z,FALSE,"",11:55,FALSE
fare_MAA-DEL_6E_2026-08-29_T+7_1787410677132_ly9k,MAA-DEL,EaseMyTrip,6E,6E-733,2026-08-29,T+7,9581,2103,11684,2026-08-22T09:05:51.138Z,FALSE,"",04:50,FALSE
fare_MAA-DEL_6E_2026-08-29_T+7_1787410677132_5j8e,MAA-DEL,EaseMyTrip,6E,6E-580,2026-08-29,T+7,9581,2103,11684,2026-08-22T09:05:51.138Z,FALSE,"",04:50,FALSE
fare_MAA-DEL_6E_2026-08-29_T+7_1787410677132_x4i9,MAA-DEL,EaseMyTrip,6E,6E-6209,2026-08-29,T+7,9646,2117,11763,2026-08-22T09:05:51.138Z,FALSE,"",14:35,FALSE
fare_MAA-DEL_6E_2026-08-29_T+7_1787410677132_8hok,MAA-DEL,EaseMyTrip,6E,6E-301,2026-08-29,T+7,9646,2117,11763,2026-08-22T09:05:51.138Z,FALSE,"",17:45,FALSE
fare_MAA-DEL_6E_2026-08-29_T+7_1787410677132_76c1,MAA-DEL,EaseMyTrip,6E,6E-909,2026-08-29,T+7,9646,2117,11763,2026-08-22T09:05:51.138Z,FALSE,"",17:45,FALSE
fare_MAA-DEL_6E_2026-08-29_T+7_1787410677132_535f,MAA-DEL,EaseMyTrip,6E,6E-106,2026-08-29,T+7,9646,2117,11763,2026-08-22T09:05:51.138Z,FALSE,"",18:20,FALSE
fare_MAA-DEL_6E_2026-08-29_T+7_1787410677132_1sop,MAA-DEL,EaseMyTrip,6E,6E-270,2026-08-29,T+7,9646,2117,11763,2026-08-22T09:05:51.138Z,FALSE,"",18:20,FALSE
fare_MAA-DEL_6E_2026-08-29_T+7_1787410677132_7790,MAA-DEL,EaseMyTrip,6E,6E-360,2026-08-29,T+7,9715,2133,11848,2026-08-22T09:05:51.138Z,FALSE,"",08:20,FALSE
fare_MAA-DEL_6E_2026-08-29_T+7_1787410677132_p4li,MAA-DEL,EaseMyTrip,6E,6E-771,2026-08-29,T+7,9715,2133,11848,2026-08-22T09:05:51.138Z,FALSE,"",08:20,FALSE
fare_MAA-DEL_6E_2026-08-29_T+7_1787410677132_ru0s,MAA-DEL,EaseMyTrip,6E,6E-6348,2026-08-29,T+7,9753,2141,11894,2026-08-22T09:05:51.138Z,FALSE,"",09:00,FALSE
fare_MAA-DEL_6E_2026-08-29_T+7_1787410677132_7eak,MAA-DEL,EaseMyTrip,6E,6E-5258,2026-08-29,T+7,9753,2141,11894,2026-08-22T09:05:51.138Z,FALSE,"",12:45,FALSE
fare_MAA-DEL_6E_2026-08-29_T+7_1787410677132_boaw,MAA-DEL,EaseMyTrip,6E,6E-5093,2026-08-29,T+7,9753,2141,11894,2026-08-22T09:05:51.138Z,FALSE,"",05:00,FALSE
fare_MAA-DEL_AI_2026-08-29_T+7_1787410677132_2ze8,MAA-DEL,EaseMyTrip,AI,AI-2719,2026-08-29,T+7,10154,2229,12383,2026-08-22T09:05:51.138Z,FALSE,"",08:50,TRUE
fare_MAA-DEL_AI_2026-08-29_T+7_1787410677132_5k8g,MAA-DEL,EaseMyTrip,AI,AI-9479,2026-08-29,T+7,10266,2254,12520,2026-08-22T09:05:51.138Z,FALSE,"",21:25,FALSE
fare_MAA-DEL_AI_2026-08-29_T+7_1787410677132_pq2g,MAA-DEL,EaseMyTrip,AI,AI-9971,2026-08-29,T+7,10266,2254,12520,2026-08-22T09:05:51.138Z,FALSE,"",16:30,FALSE
fare_MAA-DEL_AI_2026-08-29_T+7_1787410677132_pn43,MAA-DEL,EaseMyTrip,AI,AI-9427,2026-08-29,T+7,10266,2254,12520,2026-08-22T09:05:51.138Z,FALSE,"",10:20,FALSE
fare_MAA-DEL_6E_2026-08-29_T+7_1787410677132_9t9p,MAA-DEL,EaseMyTrip,6E,6E-7084,2026-08-29,T+7,10262,2253,12515,2026-08-22T09:05:51.138Z,FALSE,"",07:35,FALSE
fare_MAA-DEL_6E_2026-08-29_T+7_1787410677132_lz2h,MAA-DEL,EaseMyTrip,6E,6E-367,2026-08-29,T+7,10370,2276,12646,2026-08-22T09:05:51.138Z,FALSE,"",17:50,FALSE
fare_MAA-DEL_6E_2026-08-29_T+7_1787410677132_uxq4,MAA-DEL,EaseMyTrip,6E,6E-603,2026-08-29,T+7,10370,2276,12646,2026-08-22T09:05:51.138Z,FALSE,"",17:50,FALSE
fare_MAA-DEL_AI_2026-08-29_T+7_1787410677132_k7ms,MAA-DEL,EaseMyTrip,AI,AI-9552,2026-08-29,T+7,10679,2344,13023,2026-08-22T09:05:51.138Z,FALSE,"",22:05,FALSE
fare_MAA-DEL_6E_2026-08-29_T+7_1787410677132_dye5,MAA-DEL,EaseMyTrip,6E,6E-484,2026-08-29,T+7,10936,2401,13337,2026-08-22T09:05:51.138Z,FALSE,"",18:20,FALSE
fare_MAA-DEL_6E_2026-08-29_T+7_1787410677132_kow2,MAA-DEL,EaseMyTrip,6E,6E-563,2026-08-29,T+7,10936,2401,13337,2026-08-22T09:05:51.138Z,FALSE,"",18:20,FALSE
fare_MAA-DEL_6E_2026-08-29_T+7_1787410677132_1ncy,MAA-DEL,EaseMyTrip,6E,6E-6113,2026-08-29,T+7,11033,2422,13455,2026-08-22T09:05:51.138Z,FALSE,"",17:00,FALSE
fare_MAA-DEL_AI_2026-08-29_T+7_1787410677132_z5it,MAA-DEL,EaseMyTrip,AI,AI-9763,2026-08-29,T+7,11240,2467,13707,2026-08-22T09:05:51.138Z,FALSE,"",08:45,FALSE
fare_MAA-DEL_6E_2026-08-29_T+7_1787410677132_3akr,MAA-DEL,EaseMyTrip,6E,6E-938,2026-08-29,T+7,11100,2436,13536,2026-08-22T09:05:51.138Z,FALSE,"",08:10,FALSE
fare_MAA-DEL_6E_2026-08-29_T+7_1787410677132_77kl,MAA-DEL,EaseMyTrip,6E,6E-966,2026-08-29,T+7,11100,2436,13536,2026-08-22T09:05:51.138Z,FALSE,"",08:10,FALSE
fare_MAA-DEL_AI_2026-08-29_T+7_1787410677132_v83b,MAA-DEL,EaseMyTrip,AI,AI-9483,2026-08-29,T+7,11464,2517,13981,2026-08-22T09:05:51.138Z,FALSE,"",07:05,FALSE
fare_MAA-DEL_AI_2026-08-29_T+7_1787410677132_zgbh,MAA-DEL,EaseMyTrip,AI,AI-9785,2026-08-29,T+7,11688,2566,14254,2026-08-22T09:05:51.138Z,FALSE,"",09:40,FALSE
fare_MAA-DEL_AI_2026-08-29_T+7_1787410677132_rwxo,MAA-DEL,EaseMyTrip,AI,AI-2822,2026-08-29,T+7,11896,2611,14507,2026-08-22T09:05:51.138Z,FALSE,"",09:35,FALSE
fare_MAA-DEL_6E_2026-08-29_T+7_1787410677132_whqk,MAA-DEL,EaseMyTrip,6E,6E-997,2026-08-29,T+7,12193,2676,14869,2026-08-22T09:05:51.138Z,FALSE,"",11:25,FALSE
fare_MAA-DEL_6E_2026-08-29_T+7_1787410677132_jily,MAA-DEL,EaseMyTrip,6E,6E-760,2026-08-29,T+7,12330,2706,15036,2026-08-22T09:05:51.138Z,FALSE,"",07:10,FALSE
fare_MAA-DEL_6E_2026-08-29_T+7_1787410677132_4604,MAA-DEL,EaseMyTrip,6E,6E-123,2026-08-29,T+7,12330,2706,15036,2026-08-22T09:05:51.138Z,FALSE,"",07:10,FALSE
fare_MAA-DEL_AI_2026-08-29_T+7_1787410677132_yjpj,MAA-DEL,EaseMyTrip,AI,AI-640,2026-08-29,T+7,13068,2868,15936,2026-08-22T09:05:51.138Z,FALSE,"",18:00,FALSE
fare_MAA-DEL_AI_2026-08-29_T+7_1787410677132_hwro,MAA-DEL,EaseMyTrip,AI,AI-2779,2026-08-29,T+7,13068,2868,15936,2026-08-22T09:05:51.138Z,FALSE,"",07:00,FALSE
fare_MAA-DEL_AI_2026-08-29_T+7_1787410677132_3w60,MAA-DEL,EaseMyTrip,AI,AI-2740,2026-08-29,T+7,13068,2868,15936,2026-08-22T09:05:51.138Z,FALSE,"",16:00,FALSE
fare_MAA-DEL_6E_2026-08-29_T+7_1787410677132_qi9e,MAA-DEL,EaseMyTrip,6E,6E-6158,2026-08-29,T+7,12917,2836,15753,2026-08-22T09:05:51.138Z,FALSE,"",16:10,FALSE
fare_MAA-DEL_6E_2026-08-29_T+7_1787410677132_u1yk,MAA-DEL,EaseMyTrip,6E,6E-848,2026-08-29,T+7,12917,2836,15753,2026-08-22T09:05:51.138Z,FALSE,"",09:05,FALSE
fare_MAA-DEL_6E_2026-08-29_T+7_1787410677132_xh82,MAA-DEL,EaseMyTrip,6E,6E-714,2026-08-29,T+7,12917,2836,15753,2026-08-22T09:05:51.138Z,FALSE,"",09:05,FALSE
fare_MAA-DEL_6E_2026-08-29_T+7_1787410677132_dkwg,MAA-DEL,EaseMyTrip,6E,6E-822,2026-08-29,T+7,13414,2944,16358,2026-08-22T09:05:51.138Z,FALSE,"",09:05,FALSE
fare_MAA-DEL_6E_2026-08-29_T+7_1787410677132_zdqw,MAA-DEL,EaseMyTrip,6E,6E-902,2026-08-29,T+7,13414,2944,16358,2026-08-22T09:05:51.138Z,FALSE,"",09:05,FALSE
fare_MAA-DEL_6E_2026-08-29_T+7_1787410677132_qz1s,MAA-DEL,EaseMyTrip,6E,6E-959,2026-08-29,T+7,14693,3225,17918,2026-08-22T09:05:51.138Z,TRUE,"High outlier: ₹17918 > upper fence ₹17186 (Q3: ₹12929, IQR: ₹2838)",17:45,FALSE
fare_MAA-DEL_6E_2026-08-29_T+7_1787410677132_1paj,MAA-DEL,EaseMyTrip,6E,6E-438,2026-08-29,T+7,14693,3225,17918,2026-08-22T09:05:51.138Z,TRUE,"High outlier: ₹17918 > upper fence ₹17186 (Q3: ₹12929, IQR: ₹2838)",17:45,FALSE
fare_MAA-DEL_6E_2026-08-29_T+7_1787410677132_04v7,MAA-DEL,EaseMyTrip,6E,6E-6925,2026-08-29,T+7,14982,3289,18271,2026-08-22T09:05:51.138Z,TRUE,"High outlier: ₹18271 > upper fence ₹17186 (Q3: ₹12929, IQR: ₹2838)",12:00,FALSE