id,route_id,source,carrier,flight_number,flight_date,booking_window,base_fare,taxes,total_fare,scraped_at,is_outlier,outlier_reason,departure_time,is_nonstop
fare_BLR-DEL_6E_2026-08-23_T+1_1787388621020_b22b,BLR-DEL,EaseMyTrip,6E,6E-501,2026-08-23,T+1,3390,744,4134,2026-08-22T05:06:35.386Z,FALSE,"",07:00,TRUE
fare_BLR-DEL_6E_2026-08-23_T+1_1787388621024_ok14,BLR-DEL,IndiGo,6E,6E-501,2026-08-23,T+1,5333,1171,6504,2026-08-22T05:06:34.652Z,FALSE,"",07:00,TRUE
fare_BLR-DEL_6E_2026-08-29_T+7_1787388621020_ibx8,BLR-DEL,EaseMyTrip,6E,6E-501,2026-08-29,T+7,6041,1326,7367,2026-08-22T05:06:35.387Z,FALSE,"",07:00,TRUE
fare_BLR-DEL_6E_2026-08-29_T+7_1787388621024_dnrs,BLR-DEL,IndiGo,6E,6E-501,2026-08-29,T+7,6085,1336,7421,2026-08-22T05:06:34.652Z,FALSE,"",07:00,TRUE
fare_BOM-DEL_SG_2026-08-23_T+1_1787388621021_ts6m,BOM-DEL,EaseMyTrip,SG,SG-213,2026-08-23,T+1,5188,1139,6327,2026-08-22T08:49:29.790Z,FALSE,"",01:50,TRUE
fare_BOM-DEL_SG_2026-08-23_T+1_1787388621021_2r3t,BOM-DEL,EaseMyTrip,SG,SG-291,2026-08-23,T+1,5188,1139,6327,2026-08-22T08:49:29.790Z,FALSE,"",01:50,TRUE
fare_BOM-DEL_SG_2026-08-23_T+1_1787388621021_zj39,BOM-DEL,EaseMyTrip,SG,SG-368,2026-08-23,T+1,5188,1139,6327,2026-08-22T08:49:29.790Z,FALSE,"",23:55,TRUE
fare_BOM-DEL_SG_2026-08-23_T+1_1787388621021_uoe3,BOM-DEL,EaseMyTrip,SG,SG-315,2026-08-23,T+1,5188,1139,6327,2026-08-22T08:49:29.790Z,FALSE,"",23:55,TRUE
fare_BOM-DEL_SG_2026-08-23_T+1_1787388621021_7v2h,BOM-DEL,EaseMyTrip,SG,SG-9809,2026-08-23,T+1,5275,1158,6433,2026-08-22T08:49:29.790Z,FALSE,"",01:15,TRUE
fare_BOM-DEL_IX_2026-08-23_T+1_1787388621021_qdxp,BOM-DEL,EaseMyTrip,IX,IX-1389,2026-08-23,T+1,5380,1181,6561,2026-08-22T08:49:29.790Z,FALSE,"",22:20,TRUE
fare_BOM-DEL_IX_2026-08-23_T+1_1787388621021_ctx1,BOM-DEL,EaseMyTrip,IX,IX-2153,2026-08-23,T+1,5380,1181,6561,2026-08-22T08:49:29.790Z,FALSE,"",21:15,TRUE
fare_BOM-DEL_6E_2026-08-23_T+1_1787388621021_dljq,BOM-DEL,EaseMyTrip,6E,6E-2090,2026-08-23,T+1,5380,1181,6561,2026-08-22T08:49:29.790Z,FALSE,"",06:25,TRUE
fare_BOM-DEL_QP_2026-08-23_T+1_1787388621021_2elh,BOM-DEL,EaseMyTrip,QP,QP-1111,2026-08-23,T+1,5381,1181,6562,2026-08-22T08:49:29.790Z,FALSE,"",05:25,TRUE
fare_BOM-DEL_QP_2026-08-23_T+1_1787388621021_4fup,BOM-DEL,EaseMyTrip,QP,QP-1127,2026-08-23,T+1,5381,1181,6562,2026-08-22T08:49:29.790Z,FALSE,"",12:55,TRUE
fare_BOM-DEL_QP_2026-08-23_T+1_1787388621021_ui8m,BOM-DEL,EaseMyTrip,QP,QP-1835,2026-08-23,T+1,5381,1181,6562,2026-08-22T08:49:29.790Z,FALSE,"",11:50,TRUE
fare_BOM-DEL_QP_2026-08-23_T+1_1787388621021_npk4,BOM-DEL,EaseMyTrip,QP,QP-1819,2026-08-23,T+1,5381,1181,6562,2026-08-22T08:49:29.790Z,FALSE,"",14:30,TRUE
fare_BOM-DEL_6E_2026-08-23_T+1_1787388621021_6p1t,BOM-DEL,EaseMyTrip,6E,6E-139,2026-08-23,T+1,5381,1181,6562,2026-08-22T08:49:29.790Z,FALSE,"",08:00,TRUE
fare_BOM-DEL_6E_2026-08-23_T+1_1787388621021_2iu2,BOM-DEL,EaseMyTrip,6E,6E-767,2026-08-23,T+1,5381,1181,6562,2026-08-22T08:49:29.790Z,FALSE,"",08:00,TRUE
fare_BOM-DEL_6E_2026-08-23_T+1_1787388621021_ixaf,BOM-DEL,EaseMyTrip,6E,6E-6827,2026-08-23,T+1,5381,1181,6562,2026-08-22T08:49:29.790Z,FALSE,"",11:30,TRUE
fare_BOM-DEL_6E_2026-08-23_T+1_1787388621021_nv9c,BOM-DEL,EaseMyTrip,6E,6E-6028,2026-08-23,T+1,5381,1181,6562,2026-08-22T08:49:29.790Z,FALSE,"",12:15,TRUE
fare_BOM-DEL_6E_2026-08-23_T+1_1787388621021_5ng9,BOM-DEL,EaseMyTrip,6E,6E-114,2026-08-23,T+1,5381,1181,6562,2026-08-22T08:49:29.790Z,FALSE,"",13:00,TRUE
fare_BOM-DEL_6E_2026-08-23_T+1_1787388621021_km0g,BOM-DEL,EaseMyTrip,6E,6E-726,2026-08-23,T+1,5381,1181,6562,2026-08-22T08:49:29.790Z,FALSE,"",13:00,TRUE
fare_BOM-DEL_QP_2026-08-23_T+1_1787388621021_uypj,BOM-DEL,EaseMyTrip,QP,QP-1941,2026-08-23,T+1,5423,1191,6614,2026-08-22T08:49:29.790Z,FALSE,"",18:05,TRUE
fare_BOM-DEL_QP_2026-08-23_T+1_1787388621021_oczx,BOM-DEL,EaseMyTrip,QP,QP-1939,2026-08-23,T+1,5423,1191,6614,2026-08-22T08:49:29.790Z,FALSE,"",10:10,TRUE
fare_BOM-DEL_6E_2026-08-23_T+1_1787388621021_08fb,BOM-DEL,EaseMyTrip,6E,6E-5197,2026-08-23,T+1,5423,1191,6614,2026-08-22T08:49:29.790Z,FALSE,"",06:40,TRUE
fare_BOM-DEL_6E_2026-08-23_T+1_1787388621021_mjdp,BOM-DEL,EaseMyTrip,6E,6E-364,2026-08-23,T+1,5510,1210,6720,2026-08-22T08:49:29.790Z,FALSE,"",06:00,TRUE
fare_BOM-DEL_6E_2026-08-23_T+1_1787388621021_z8ai,BOM-DEL,EaseMyTrip,6E,6E-165,2026-08-23,T+1,5510,1210,6720,2026-08-22T08:49:29.790Z,FALSE,"",06:00,TRUE
fare_BOM-DEL_6E_2026-08-23_T+1_1787388621021_g8k1,BOM-DEL,EaseMyTrip,6E,6E-732,2026-08-23,T+1,5510,1210,6720,2026-08-22T08:49:29.790Z,FALSE,"",23:45,TRUE
fare_BOM-DEL_6E_2026-08-23_T+1_1787388621021_vmj6,BOM-DEL,EaseMyTrip,6E,6E-931,2026-08-23,T+1,5510,1210,6720,2026-08-22T08:49:29.790Z,FALSE,"",23:45,TRUE
fare_BOM-DEL_6E_2026-08-23_T+1_1787388621021_eq0d,BOM-DEL,EaseMyTrip,6E,6E-175,2026-08-23,T+1,5510,1210,6720,2026-08-22T08:49:29.790Z,FALSE,"",22:15,TRUE
fare_BOM-DEL_6E_2026-08-23_T+1_1787388621021_289q,BOM-DEL,EaseMyTrip,6E,6E-204,2026-08-23,T+1,5510,1210,6720,2026-08-22T08:49:29.790Z,FALSE,"",22:15,TRUE
fare_BOM-DEL_6E_2026-08-23_T+1_1787388621021_mqt8,BOM-DEL,EaseMyTrip,6E,6E-410,2026-08-23,T+1,5510,1210,6720,2026-08-22T08:49:29.790Z,FALSE,"",17:20,TRUE
fare_BOM-DEL_6E_2026-08-23_T+1_1787388621021_i0l8,BOM-DEL,EaseMyTrip,6E,6E-338,2026-08-23,T+1,5510,1210,6720,2026-08-22T08:49:29.790Z,FALSE,"",17:20,TRUE
fare_BOM-DEL_6E_2026-08-23_T+1_1787388621021_3ite,BOM-DEL,EaseMyTrip,6E,6E-6082,2026-08-23,T+1,5510,1210,6720,2026-08-22T08:49:29.790Z,FALSE,"",16:45,TRUE
fare_BOM-DEL_6E_2026-08-23_T+1_1787388621021_w2e4,BOM-DEL,EaseMyTrip,6E,6E-505,2026-08-23,T+1,5510,1210,6720,2026-08-22T08:49:29.790Z,FALSE,"",16:00,TRUE
fare_BOM-DEL_6E_2026-08-23_T+1_1787388621021_vsb4,BOM-DEL,EaseMyTrip,6E,6E-968,2026-08-23,T+1,5510,1210,6720,2026-08-22T08:49:29.790Z,FALSE,"",16:00,TRUE
fare_BOM-DEL_6E_2026-08-23_T+1_1787388621021_ck95,BOM-DEL,EaseMyTrip,6E,6E-6704,2026-08-23,T+1,5510,1210,6720,2026-08-22T08:49:29.790Z,FALSE,"",14:00,TRUE
fare_BOM-DEL_6E_2026-08-23_T+1_1787388621021_rse3,BOM-DEL,EaseMyTrip,6E,6E-392,2026-08-23,T+1,5510,1210,6720,2026-08-22T08:49:29.790Z,FALSE,"",09:00,TRUE
fare_BOM-DEL_6E_2026-08-23_T+1_1787388621021_v8d3,BOM-DEL,EaseMyTrip,6E,6E-255,2026-08-23,T+1,5510,1210,6720,2026-08-22T08:49:29.790Z,FALSE,"",09:00,TRUE
fare_BOM-DEL_6E_2026-08-23_T+1_1787388621021_ztmt,BOM-DEL,EaseMyTrip,6E,6E-707,2026-08-23,T+1,5510,1210,6720,2026-08-22T08:49:29.790Z,FALSE,"",10:35,TRUE
fare_BOM-DEL_6E_2026-08-23_T+1_1787388621021_hshp,BOM-DEL,EaseMyTrip,6E,6E-890,2026-08-23,T+1,5510,1210,6720,2026-08-22T08:49:29.790Z,FALSE,"",10:35,TRUE
fare_BOM-DEL_6E_2026-08-23_T+1_1787388621021_al7v,BOM-DEL,EaseMyTrip,6E,6E-6052,2026-08-23,T+1,5510,1210,6720,2026-08-22T08:49:29.790Z,FALSE,"",10:00,TRUE
fare_BOM-DEL_QP_2026-08-23_T+1_1787388621021_az6m,BOM-DEL,EaseMyTrip,QP,QP-1109,2026-08-23,T+1,5578,1224,6802,2026-08-22T08:49:29.790Z,FALSE,"",07:00,TRUE
fare_BOM-DEL_QP_2026-08-23_T+1_1787388621021_wa9r,BOM-DEL,EaseMyTrip,QP,QP-1825,2026-08-23,T+1,5578,1224,6802,2026-08-22T08:49:29.790Z,FALSE,"",16:50,TRUE
fare_BOM-DEL_AI_2026-08-23_T+1_1787388621021_qev9,BOM-DEL,EaseMyTrip,AI,AI-2928,2026-08-23,T+1,5766,1266,7032,2026-08-22T08:49:29.790Z,FALSE,"",06:30,TRUE
fare_BOM-DEL_AI_2026-08-23_T+1_1787388621021_3axa,BOM-DEL,EaseMyTrip,AI,AI-2424,2026-08-23,T+1,5766,1266,7032,2026-08-22T08:49:29.790Z,FALSE,"",07:00,TRUE
fare_BOM-DEL_AI_2026-08-23_T+1_1787388621021_phuj,BOM-DEL,EaseMyTrip,AI,AI-2930,2026-08-23,T+1,5766,1266,7032,2026-08-22T08:49:29.790Z,FALSE,"",07:30,TRUE
fare_BOM-DEL_AI_2026-08-23_T+1_1787388621021_kv83,BOM-DEL,EaseMyTrip,AI,AI-816,2026-08-23,T+1,5766,1266,7032,2026-08-22T08:49:29.790Z,FALSE,"",21:00,TRUE
fare_BOM-DEL_AI_2026-08-23_T+1_1787388621021_iybt,BOM-DEL,EaseMyTrip,AI,AI-2970,2026-08-23,T+1,5766,1266,7032,2026-08-22T08:49:29.790Z,FALSE,"",08:30,TRUE
fare_BOM-DEL_AI_2026-08-23_T+1_1787388621021_rcy7,BOM-DEL,EaseMyTrip,AI,AI-2422,2026-08-23,T+1,5766,1266,7032,2026-08-22T08:49:29.790Z,FALSE,"",22:00,TRUE
fare_BOM-DEL_AI_2026-08-23_T+1_1787388621021_xqvn,BOM-DEL,EaseMyTrip,AI,AI-2614,2026-08-23,T+1,5766,1266,7032,2026-08-22T08:49:29.790Z,FALSE,"",23:30,TRUE
fare_BOM-DEL_AI_2026-08-23_T+1_1787388621021_2c7k,BOM-DEL,EaseMyTrip,AI,AI-2952,2026-08-23,T+1,5766,1266,7032,2026-08-22T08:49:29.790Z,FALSE,"",11:25,TRUE
fare_BOM-DEL_AI_2026-08-23_T+1_1787388621021_nk3f,BOM-DEL,EaseMyTrip,AI,AI-2986,2026-08-23,T+1,5766,1266,7032,2026-08-22T08:49:29.790Z,FALSE,"",22:50,TRUE
fare_BOM-DEL_IX_2026-08-23_T+1_1787388621021_p92j,BOM-DEL,EaseMyTrip,IX,IX-2952,2026-08-23,T+1,5897,1294,7191,2026-08-22T08:49:29.790Z,FALSE,"",09:05,TRUE
fare_BOM-DEL_QP_2026-08-23_T+1_1787388621021_g2xd,BOM-DEL,EaseMyTrip,QP,QP-1834,2026-08-23,T+1,5679,1246,6925,2026-08-22T08:49:29.790Z,FALSE,"",10:00,TRUE
fare_BOM-DEL_QP_2026-08-23_T+1_1787388621021_4loq,BOM-DEL,EaseMyTrip,QP,QP-1120,2026-08-23,T+1,5679,1246,6925,2026-08-22T08:49:29.790Z,FALSE,"",18:45,TRUE
fare_BOM-DEL_6E_2026-08-23_T+1_1787388621021_x7tk,BOM-DEL,EaseMyTrip,6E,6E-759,2026-08-23,T+1,5683,1247,6930,2026-08-22T08:49:29.790Z,FALSE,"",20:20,TRUE
fare_BOM-DEL_6E_2026-08-23_T+1_1787388621021_vqey,BOM-DEL,EaseMyTrip,6E,6E-296,2026-08-23,T+1,5683,1247,6930,2026-08-22T08:49:29.790Z,FALSE,"",20:20,TRUE
fare_BOM-DEL_6E_2026-08-23_T+1_1787388621021_zc5h,BOM-DEL,EaseMyTrip,6E,6E-6049,2026-08-23,T+1,5683,1247,6930,2026-08-22T08:49:29.790Z,FALSE,"",19:45,TRUE
fare_BOM-DEL_6E_2026-08-23_T+1_1787388621021_b2xg,BOM-DEL,EaseMyTrip,6E,6E-256,2026-08-23,T+1,5683,1247,6930,2026-08-22T08:49:29.790Z,FALSE,"",19:00,TRUE
fare_BOM-DEL_6E_2026-08-23_T+1_1787388621021_n00e,BOM-DEL,EaseMyTrip,6E,6E-249,2026-08-23,T+1,5683,1247,6930,2026-08-22T08:49:29.790Z,FALSE,"",19:00,TRUE
fare_BOM-DEL_6E_2026-08-23_T+1_1787388621021_z1i0,BOM-DEL,EaseMyTrip,6E,6E-6613,2026-08-23,T+1,5683,1247,6930,2026-08-22T08:49:29.790Z,FALSE,"",18:15,TRUE
fare_BOM-DEL_6E_2026-08-23_T+1_1787388621021_rduk,BOM-DEL,EaseMyTrip,6E,6E-309,2026-08-23,T+1,5683,1247,6930,2026-08-22T08:49:29.790Z,FALSE,"",21:15,TRUE
fare_BOM-DEL_6E_2026-08-23_T+1_1787388621021_76og,BOM-DEL,EaseMyTrip,6E,6E-413,2026-08-23,T+1,5683,1247,6930,2026-08-22T08:49:29.790Z,FALSE,"",21:15,TRUE
fare_BOM-DEL_6E_2026-08-23_T+1_1787388621021_byne,BOM-DEL,EaseMyTrip,6E,6E-388,2026-08-23,T+1,5683,1247,6930,2026-08-22T08:49:29.790Z,FALSE,"",15:00,TRUE
fare_BOM-DEL_AI_2026-08-23_T+1_1787388621021_4mzc,BOM-DEL,EaseMyTrip,AI,AI-2748,2026-08-23,T+1,5897,1294,7191,2026-08-22T08:49:29.790Z,FALSE,"",21:30,TRUE
fare_BOM-DEL_AI_2026-08-23_T+1_1787388621021_w6z9,BOM-DEL,EaseMyTrip,AI,AI-2428,2026-08-23,T+1,5897,1294,7191,2026-08-22T08:49:29.790Z,FALSE,"",08:00,TRUE
fare_BOM-DEL_AI_2026-08-23_T+1_1787388621021_pft4,BOM-DEL,EaseMyTrip,AI,AI-1890,2026-08-23,T+1,5897,1294,7191,2026-08-22T08:49:29.790Z,FALSE,"",09:00,TRUE
fare_BOM-DEL_AI_2026-08-23_T+1_1787388621021_vvy2,BOM-DEL,EaseMyTrip,AI,AI-2910,2026-08-23,T+1,5897,1294,7191,2026-08-22T08:49:29.790Z,FALSE,"",17:30,TRUE
fare_BOM-DEL_AI_2026-08-23_T+1_1787388621021_7h1t,BOM-DEL,EaseMyTrip,AI,AI-1882,2026-08-23,T+1,5897,1294,7191,2026-08-22T08:49:29.790Z,FALSE,"",23:55,TRUE
fare_BOM-DEL_AI_2026-08-23_T+1_1787388621021_cg2p,BOM-DEL,EaseMyTrip,AI,AI-1851,2026-08-23,T+1,5897,1294,7191,2026-08-22T08:49:29.790Z,FALSE,"",15:30,TRUE
fare_BOM-DEL_AI_2026-08-23_T+1_1787388621021_fywv,BOM-DEL,EaseMyTrip,AI,AI-2687,2026-08-23,T+1,5897,1294,7191,2026-08-22T08:49:29.790Z,FALSE,"",16:30,TRUE
fare_BOM-DEL_6E_2026-08-23_T+1_1787388621021_4apt,BOM-DEL,EaseMyTrip,6E,6E-2237,2026-08-23,T+1,5739,1260,6999,2026-08-22T08:49:29.790Z,FALSE,"",18:40,FALSE
fare_BOM-DEL_6E_2026-08-23_T+1_1787388621021_gan3,BOM-DEL,EaseMyTrip,6E,6E-5059,2026-08-23,T+1,5739,1260,6999,2026-08-22T08:49:29.790Z,FALSE,"",05:45,FALSE
fare_BOM-DEL_6E_2026-08-23_T+1_1787388621021_lqyd,BOM-DEL,EaseMyTrip,6E,6E-2347,2026-08-23,T+1,5739,1260,6999,2026-08-22T08:49:29.790Z,FALSE,"",08:50,FALSE
fare_BOM-DEL_6E_2026-08-23_T+1_1787388621021_a0t0,BOM-DEL,EaseMyTrip,6E,6E-5164,2026-08-23,T+1,5847,1283,7130,2026-08-22T08:49:29.790Z,FALSE,"",20:35,FALSE
fare_BOM-DEL_6E_2026-08-23_T+1_1787388621021_niar,BOM-DEL,EaseMyTrip,6E,6E-5147,2026-08-23,T+1,5847,1283,7130,2026-08-22T08:49:29.790Z,FALSE,"",18:35,FALSE
fare_BOM-DEL_6E_2026-08-23_T+1_1787388621021_0380,BOM-DEL,EaseMyTrip,6E,6E-6122,2026-08-23,T+1,5847,1283,7130,2026-08-22T08:49:29.790Z,FALSE,"",15:45,FALSE
fare_BOM-DEL_6E_2026-08-23_T+1_1787388621021_nrau,BOM-DEL,EaseMyTrip,6E,6E-6058,2026-08-23,T+1,5847,1283,7130,2026-08-22T08:49:29.790Z,FALSE,"",08:05,FALSE
fare_BOM-DEL_6E_2026-08-23_T+1_1787388621021_ocpr,BOM-DEL,EaseMyTrip,6E,6E-6802,2026-08-23,T+1,5847,1283,7130,2026-08-22T08:49:29.790Z,FALSE,"",16:55,FALSE
fare_BOM-DEL_6E_2026-08-23_T+1_1787388621021_mrm8,BOM-DEL,EaseMyTrip,6E,6E-5273,2026-08-23,T+1,5847,1283,7130,2026-08-22T08:49:29.790Z,FALSE,"",18:35,FALSE
fare_BOM-DEL_6E_2026-08-23_T+1_1787388621021_qljw,BOM-DEL,EaseMyTrip,6E,6E-5345,2026-08-23,T+1,5847,1283,7130,2026-08-22T08:49:29.790Z,FALSE,"",14:25,FALSE
fare_BOM-DEL_AI_2026-08-23_T+1_1787388621021_pz0q,BOM-DEL,EaseMyTrip,AI,AI-2408,2026-08-23,T+1,6069,1332,7401,2026-08-22T08:49:29.790Z,FALSE,"",19:30,TRUE
fare_BOM-DEL_AI_2026-08-23_T+1_1787388621021_tnoh,BOM-DEL,EaseMyTrip,AI,AI-2419,2026-08-23,T+1,6069,1332,7401,2026-08-22T08:49:29.790Z,FALSE,"",12:00,TRUE
fare_BOM-DEL_AI_2026-08-23_T+1_1787388621021_unc9,BOM-DEL,EaseMyTrip,AI,AI-2996,2026-08-23,T+1,6069,1332,7401,2026-08-22T08:49:29.790Z,FALSE,"",18:30,TRUE
fare_BOM-DEL_AI_2026-08-23_T+1_1787388621021_gs3u,BOM-DEL,EaseMyTrip,AI,AI-2426,2026-08-23,T+1,6069,1332,7401,2026-08-22T08:49:29.790Z,FALSE,"",19:00,TRUE
fare_BOM-DEL_AI_2026-08-23_T+1_1787388621021_c5jb,BOM-DEL,EaseMyTrip,AI,AI-2940,2026-08-23,T+1,6069,1332,7401,2026-08-22T08:49:29.790Z,FALSE,"",20:00,TRUE
fare_BOM-DEL_AI_2026-08-23_T+1_1787388621021_2g25,BOM-DEL,EaseMyTrip,AI,AI-2988,2026-08-23,T+1,6069,1332,7401,2026-08-22T08:49:29.790Z,FALSE,"",20:30,TRUE
fare_BOM-DEL_6E_2026-08-23_T+1_1787388621021_1jes,BOM-DEL,EaseMyTrip,6E,6E-2138,2026-08-23,T+1,5907,1297,7204,2026-08-22T08:49:29.790Z,FALSE,"",16:20,FALSE
fare_BOM-DEL_6E_2026-08-23_T+1_1787388621021_5ohi,BOM-DEL,EaseMyTrip,6E,6E-5028,2026-08-23,T+1,5911,1298,7209,2026-08-22T08:49:29.790Z,FALSE,"",19:35,FALSE
fare_BOM-DEL_6E_2026-08-23_T+1_1787388621021_sfke,BOM-DEL,EaseMyTrip,6E,6E-130,2026-08-23,T+1,5911,1298,7209,2026-08-22T08:49:29.790Z,FALSE,"",19:20,FALSE
fare_BOM-DEL_6E_2026-08-23_T+1_1787388621021_5wms,BOM-DEL,EaseMyTrip,6E,6E-698,2026-08-23,T+1,5911,1298,7209,2026-08-22T08:49:29.790Z,FALSE,"",19:20,FALSE
fare_BOM-DEL_6E_2026-08-23_T+1_1787388621021_ub94,BOM-DEL,EaseMyTrip,6E,6E-829,2026-08-23,T+1,5911,1298,7209,2026-08-22T08:49:29.790Z,FALSE,"",04:45,FALSE
fare_BOM-DEL_6E_2026-08-23_T+1_1787388621021_vjlc,BOM-DEL,EaseMyTrip,6E,6E-514,2026-08-23,T+1,5911,1298,7209,2026-08-22T08:49:29.790Z,FALSE,"",04:45,FALSE
fare_BOM-DEL_6E_2026-08-23_T+1_1787388621021_zr9r,BOM-DEL,EaseMyTrip,6E,6E-6195,2026-08-23,T+1,6019,1321,7340,2026-08-22T08:49:29.790Z,FALSE,"",23:00,FALSE
fare_BOM-DEL_AI_2026-08-23_T+1_1787388621021_bryh,BOM-DEL,EaseMyTrip,AI,AI-2440,2026-08-23,T+1,6270,1376,7646,2026-08-22T08:49:29.790Z,FALSE,"",18:00,TRUE
fare_BOM-DEL_AI_2026-08-23_T+1_1787388621021_4wsw,BOM-DEL,EaseMyTrip,AI,AI-2677,2026-08-23,T+1,6283,1379,7662,2026-08-22T08:49:29.790Z,FALSE,"",13:00,TRUE
fare_BOM-DEL_IX_2026-08-23_T+1_1787388621021_qe0l,BOM-DEL,EaseMyTrip,IX,IX-1050,2026-08-23,T+1,6413,1408,7821,2026-08-22T08:49:29.790Z,FALSE,"",14:45,TRUE
fare_BOM-DEL_6E_2026-08-23_T+1_1787388621021_6vbp,BOM-DEL,EaseMyTrip,6E,6E-5131,2026-08-23,T+1,6305,1384,7689,2026-08-22T08:49:29.790Z,FALSE,"",15:50,FALSE
fare_BOM-DEL_6E_2026-08-23_T+1_1787388621021_tp2a,BOM-DEL,EaseMyTrip,6E,6E-7017,2026-08-23,T+1,6343,1392,7735,2026-08-22T08:49:29.790Z,FALSE,"",21:30,FALSE
fare_BOM-DEL_6E_2026-08-23_T+1_1787388621021_b85i,BOM-DEL,EaseMyTrip,6E,6E-5144,2026-08-23,T+1,6700,1471,8171,2026-08-22T08:49:29.790Z,FALSE,"",05:55,FALSE
fare_BOM-DEL_6E_2026-08-23_T+1_1787388621021_kyjg,BOM-DEL,EaseMyTrip,6E,6E-488,2026-08-23,T+1,6700,1471,8171,2026-08-22T08:49:29.790Z,FALSE,"",14:40,FALSE
fare_BOM-DEL_6E_2026-08-23_T+1_1787388621021_46q0,BOM-DEL,EaseMyTrip,6E,6E-385,2026-08-23,T+1,6700,1471,8171,2026-08-22T08:49:29.790Z,FALSE,"",14:40,FALSE
fare_BOM-DEL_6E_2026-08-23_T+1_1787388621021_d2rn,BOM-DEL,EaseMyTrip,6E,6E-5246,2026-08-23,T+1,6980,1532,8512,2026-08-22T08:49:29.790Z,FALSE,"",07:15,FALSE
fare_BOM-DEL_6E_2026-08-23_T+1_1787388621021_eym8,BOM-DEL,EaseMyTrip,6E,6E-5107,2026-08-23,T+1,7254,1592,8846,2026-08-22T08:49:29.790Z,FALSE,"",20:00,FALSE
fare_BOM-DEL_6E_2026-08-23_T+1_1787388621021_4w21,BOM-DEL,EaseMyTrip,6E,6E-153,2026-08-23,T+1,7791,1710,9501,2026-08-22T08:49:29.790Z,FALSE,"",17:20,TRUE
fare_BOM-DEL_6E_2026-08-23_T+1_1787388621021_j7nd,BOM-DEL,EaseMyTrip,6E,6E-323,2026-08-23,T+1,7791,1710,9501,2026-08-22T08:49:29.790Z,FALSE,"",17:20,TRUE
fare_BOM-DEL_6E_2026-08-23_T+1_1787388621021_z4bx,BOM-DEL,EaseMyTrip,6E,6E-6361,2026-08-23,T+1,8206,1801,10007,2026-08-22T08:49:29.790Z,FALSE,"",05:00,FALSE
fare_BOM-DEL_6E_2026-08-23_T+1_1787388621021_i7mp,BOM-DEL,EaseMyTrip,6E,6E-824,2026-08-23,T+1,8400,1844,10244,2026-08-22T08:49:29.790Z,FALSE,"",12:40,FALSE
fare_BOM-DEL_6E_2026-08-23_T+1_1787388621021_c9xa,BOM-DEL,EaseMyTrip,6E,6E-242,2026-08-23,T+1,8400,1844,10244,2026-08-22T08:49:29.790Z,FALSE,"",12:40,FALSE
fare_BOM-DEL_6E_2026-08-23_T+1_1787388621021_k49c,BOM-DEL,EaseMyTrip,6E,6E-451,2026-08-23,T+1,8471,1859,10330,2026-08-22T08:49:29.790Z,FALSE,"",01:30,FALSE
fare_BOM-DEL_6E_2026-08-23_T+1_1787388621021_c57b,BOM-DEL,EaseMyTrip,6E,6E-454,2026-08-23,T+1,8471,1859,10330,2026-08-22T08:49:29.790Z,FALSE,"",01:30,FALSE
fare_BOM-DEL_AI_2026-08-23_T+1_1787388621021_14pj,BOM-DEL,EaseMyTrip,AI,AI-2591,2026-08-23,T+1,8745,1920,10665,2026-08-22T08:49:29.790Z,FALSE,"",07:25,TRUE
fare_BOM-DEL_6E_2026-08-23_T+1_1787388621021_okak,BOM-DEL,EaseMyTrip,6E,6E-6599,2026-08-23,T+1,8638,1896,10534,2026-08-22T08:49:29.790Z,FALSE,"",16:50,FALSE
fare_BOM-DEL_AI_2026-08-23_T+1_1787388621021_vgd6,BOM-DEL,EaseMyTrip,AI,AI-2442,2026-08-23,T+1,9348,2052,11400,2026-08-22T08:49:29.790Z,FALSE,"",15:00,TRUE
fare_BOM-DEL_6E_2026-08-23_T+1_1787388621021_hugb,BOM-DEL,EaseMyTrip,6E,6E-5135,2026-08-23,T+1,9415,2067,11482,2026-08-22T08:49:29.790Z,FALSE,"",23:20,FALSE
fare_BOM-DEL_AI_2026-08-23_T+1_1787388621021_c3dm,BOM-DEL,EaseMyTrip,AI,AI-2491,2026-08-23,T+1,9605,2109,11714,2026-08-22T08:49:29.790Z,FALSE,"",11:15,FALSE
fare_BOM-DEL_AI_2026-08-23_T+1_1787388621021_hzb0,BOM-DEL,EaseMyTrip,AI,AI-9753,2026-08-23,T+1,10136,2225,12361,2026-08-22T08:49:29.790Z,FALSE,"",17:05,FALSE
fare_BOM-DEL_IX_2026-08-23_T+1_1787388621021_0ubs,BOM-DEL,EaseMyTrip,IX,IX-1798,2026-08-23,T+1,10616,2330,12946,2026-08-22T08:49:29.790Z,FALSE,"",11:20,FALSE
fare_BOM-DEL_6E_2026-08-23_T+1_1787388621021_yn0x,BOM-DEL,EaseMyTrip,6E,6E-5056,2026-08-23,T+1,10913,2396,13309,2026-08-22T08:49:29.790Z,FALSE,"",21:10,FALSE
fare_BOM-DEL_6E_2026-08-23_T+1_1787388621021_2wx9,BOM-DEL,EaseMyTrip,6E,6E-5154,2026-08-23,T+1,11070,2430,13500,2026-08-22T08:49:29.790Z,FALSE,"",15:45,FALSE
fare_BOM-DEL_6E_2026-08-23_T+1_1787388621021_yht6,BOM-DEL,EaseMyTrip,6E,6E-614,2026-08-23,T+1,11242,2468,13710,2026-08-22T08:49:29.790Z,FALSE,"",17:45,FALSE
fare_BOM-DEL_6E_2026-08-23_T+1_1787388621021_vl8p,BOM-DEL,EaseMyTrip,6E,6E-763,2026-08-23,T+1,11242,2468,13710,2026-08-22T08:49:29.790Z,FALSE,"",17:45,FALSE
fare_BOM-DEL_AI_2026-08-23_T+1_1787388621021_hyf2,BOM-DEL,EaseMyTrip,AI,AI-9518,2026-08-23,T+1,12253,2690,14943,2026-08-22T08:49:29.790Z,FALSE,"",16:15,FALSE
fare_BOM-DEL_AI_2026-08-23_T+1_1787388621021_vr0g,BOM-DEL,EaseMyTrip,AI,AI-603,2026-08-23,T+1,12922,2836,15758,2026-08-22T08:49:29.790Z,FALSE,"",05:10,FALSE
fare_BOM-DEL_AI_2026-08-23_T+1_1787388621021_zsry,BOM-DEL,EaseMyTrip,AI,AI-9558,2026-08-23,T+1,12926,2838,15764,2026-08-22T08:49:29.790Z,FALSE,"",08:30,FALSE
fare_BOM-DEL_IX_2026-08-23_T+1_1787388621021_aan7,BOM-DEL,EaseMyTrip,IX,IX-2367,2026-08-23,T+1,13303,2920,16223,2026-08-22T08:49:29.790Z,FALSE,"",07:20,FALSE
fare_BOM-DEL_6E_2026-08-23_T+1_1787388621021_rnog,BOM-DEL,EaseMyTrip,6E,6E-6027,2026-08-23,T+1,13120,2880,16000,2026-08-22T08:49:29.790Z,FALSE,"",17:35,FALSE
fare_BOM-DEL_6E_2026-08-23_T+1_1787388621021_1skq,BOM-DEL,EaseMyTrip,6E,6E-5326,2026-08-23,T+1,13150,2887,16037,2026-08-22T08:49:29.790Z,FALSE,"",19:40,FALSE
fare_BOM-DEL_AI_2026-08-23_T+1_1787388621021_lxoa,BOM-DEL,EaseMyTrip,AI,AI-9891,2026-08-23,T+1,13500,2964,16464,2026-08-22T08:49:29.790Z,FALSE,"",11:20,FALSE
fare_BOM-DEL_6E_2026-08-23_T+1_1787388621021_4gvm,BOM-DEL,EaseMyTrip,6E,6E-5318,2026-08-23,T+1,13494,2962,16456,2026-08-22T08:49:29.790Z,FALSE,"",10:15,FALSE
fare_BOM-DEL_AI_2026-08-23_T+1_1787388621021_13v5,BOM-DEL,EaseMyTrip,AI,AI-2997,2026-08-23,T+1,13842,3038,16880,2026-08-22T08:49:29.790Z,FALSE,"",10:10,FALSE
fare_BOM-DEL_6E_2026-08-23_T+1_1787388621021_w9gv,BOM-DEL,EaseMyTrip,6E,6E-5178,2026-08-23,T+1,13726,3013,16739,2026-08-22T08:49:29.790Z,FALSE,"",11:45,FALSE
fare_BOM-DEL_AI_2026-08-23_T+1_1787388621021_ljg2,BOM-DEL,EaseMyTrip,AI,AI-2741,2026-08-23,T+1,13953,3063,17016,2026-08-22T08:49:29.790Z,FALSE,"",07:40,FALSE
fare_BOM-DEL_AI_2026-08-23_T+1_1787388621021_h1e0,BOM-DEL,EaseMyTrip,AI,AI-431,2026-08-23,T+1,13953,3063,17016,2026-08-22T08:49:29.790Z,FALSE,"",12:10,FALSE
fare_BOM-DEL_AI_2026-08-23_T+1_1787388621021_8a7t,BOM-DEL,EaseMyTrip,AI,AI-2749,2026-08-23,T+1,14173,3111,17284,2026-08-22T08:49:29.790Z,FALSE,"",17:35,FALSE
fare_BOM-DEL_6E_2026-08-23_T+1_1787388621021_fdsn,BOM-DEL,EaseMyTrip,6E,6E-5386,2026-08-23,T+1,14355,3151,17506,2026-08-22T08:49:29.790Z,FALSE,"",15:10,FALSE
fare_BOM-DEL_6E_2026-08-23_T+1_1787388621021_45dr,BOM-DEL,EaseMyTrip,6E,6E-2024,2026-08-23,T+1,14472,3177,17649,2026-08-22T08:49:29.790Z,FALSE,"",09:15,FALSE
fare_BOM-DEL_AI_2026-08-23_T+1_1787388621021_rxpo,BOM-DEL,EaseMyTrip,AI,AI-2625,2026-08-23,T+1,14981,3289,18270,2026-08-22T08:49:29.790Z,FALSE,"",06:00,FALSE
fare_BOM-DEL_6E_2026-08-23_T+1_1787388621021_2aq7,BOM-DEL,EaseMyTrip,6E,6E-5238,2026-08-23,T+1,14926,3276,18202,2026-08-22T08:49:29.790Z,FALSE,"",18:25,FALSE
fare_BOM-DEL_AI_2026-08-23_T+1_1787388621021_yhqy,BOM-DEL,EaseMyTrip,AI,AI-2531,2026-08-23,T+1,15132,3322,18454,2026-08-22T08:49:29.790Z,FALSE,"",15:05,FALSE
fare_BOM-DEL_AI_2026-08-23_T+1_1787388621021_4hdp,BOM-DEL,EaseMyTrip,AI,AI-9533,2026-08-23,T+1,15714,3450,19164,2026-08-22T08:49:29.790Z,FALSE,"",16:30,FALSE
fare_BOM-DEL_IX_2026-08-23_T+1_1787388621021_vwr5,BOM-DEL,EaseMyTrip,IX,IX-1237,2026-08-23,T+1,15920,3495,19415,2026-08-22T08:49:29.790Z,FALSE,"",05:55,FALSE
fare_BOM-DEL_6E_2026-08-23_T+1_1787388621021_iknf,BOM-DEL,EaseMyTrip,6E,6E-5181,2026-08-23,T+1,16053,3524,19577,2026-08-22T08:49:29.790Z,FALSE,"",10:25,FALSE
fare_BOM-DEL_IX_2026-08-23_T+1_1787388621021_x3uu,BOM-DEL,EaseMyTrip,IX,IX-1238,2026-08-23,T+1,16823,3693,20516,2026-08-22T08:49:29.790Z,FALSE,"",12:25,FALSE
fare_BOM-DEL_AI_2026-08-23_T+1_1787388621021_kslo,BOM-DEL,EaseMyTrip,AI,AI-2632,2026-08-23,T+1,16767,3681,20448,2026-08-22T08:49:29.790Z,FALSE,"",12:00,FALSE
fare_BOM-DEL_AI_2026-08-23_T+1_1787388621021_hx5j,BOM-DEL,EaseMyTrip,AI,AI-2847,2026-08-23,T+1,16828,3694,20522,2026-08-22T08:49:29.790Z,FALSE,"",10:20,FALSE
fare_BOM-DEL_6E_2026-08-23_T+1_1787388621021_wm0a,BOM-DEL,EaseMyTrip,6E,6E-5281,2026-08-23,T+1,16898,3709,20607,2026-08-22T08:49:29.790Z,FALSE,"",08:40,FALSE
fare_BOM-DEL_6E_2026-08-23_T+1_1787388621021_49ya,BOM-DEL,EaseMyTrip,6E,6E-5201,2026-08-23,T+1,16907,3711,20618,2026-08-22T08:49:29.790Z,FALSE,"",14:55,FALSE
fare_BOM-DEL_IX_2026-08-23_T+1_1787388621021_5f3t,BOM-DEL,EaseMyTrip,IX,IX-1283,2026-08-23,T+1,17196,3775,20971,2026-08-22T08:49:29.790Z,FALSE,"",06:05,FALSE
fare_BOM-DEL_AI_2026-08-23_T+1_1787388621021_tkcp,BOM-DEL,EaseMyTrip,AI,AI-2841,2026-08-23,T+1,17404,3820,21224,2026-08-22T08:49:29.790Z,FALSE,"",11:20,FALSE
fare_BOM-DEL_AI_2026-08-23_T+1_1787388621021_h51a,BOM-DEL,EaseMyTrip,AI,AI-9531,2026-08-23,T+1,17628,3869,21497,2026-08-22T08:49:29.790Z,FALSE,"",12:25,FALSE
fare_BOM-DEL_AI_2026-08-23_T+1_1787388621021_v0ir,BOM-DEL,EaseMyTrip,AI,AI-2593,2026-08-23,T+1,17800,3907,21707,2026-08-22T08:49:29.790Z,FALSE,"",12:30,FALSE
fare_BOM-DEL_AI_2026-08-23_T+1_1787388621021_pynb,BOM-DEL,EaseMyTrip,AI,AI-2718,2026-08-23,T+1,18311,4020,22331,2026-08-22T08:49:29.790Z,FALSE,"",05:55,FALSE
fare_BOM-DEL_AI_2026-08-23_T+1_1787388621021_kg9b,BOM-DEL,EaseMyTrip,AI,AI-2771,2026-08-23,T+1,18903,4150,23053,2026-08-22T08:49:29.790Z,FALSE,"",06:55,FALSE
fare_BOM-DEL_6E_2026-08-23_T+1_1787388621021_5ler,BOM-DEL,EaseMyTrip,6E,6E-6543,2026-08-23,T+1,20139,4421,24560,2026-08-22T08:49:29.790Z,TRUE,"High outlier: ₹24560 > upper fence ₹23310 (Q3: ₹13405, IQR: ₹6603)",07:50,FALSE
fare_BOM-DEL_IX_2026-08-23_T+1_1787388621021_l3yr,BOM-DEL,EaseMyTrip,IX,IX-1640,2026-08-23,T+1,21916,4811,26727,2026-08-22T08:49:29.790Z,TRUE,"High outlier: ₹26727 > upper fence ₹23310 (Q3: ₹13405, IQR: ₹6603)",20:55,FALSE
fare_BOM-DEL_AI_2026-08-23_T+1_1787388621021_rpqs,BOM-DEL,EaseMyTrip,AI,AI-645,2026-08-23,T+1,23658,5193,28851,2026-08-22T08:49:29.790Z,TRUE,"High outlier: ₹28851 > upper fence ₹23310 (Q3: ₹13405, IQR: ₹6603)",10:55,FALSE
fare_BOM-DEL_IX_2026-08-23_T+1_1787388621021_msni,BOM-DEL,EaseMyTrip,IX,IX-2915,2026-08-23,T+1,24379,5351,29730,2026-08-22T08:49:29.790Z,TRUE,"High outlier: ₹29730 > upper fence ₹23310 (Q3: ₹13405, IQR: ₹6603)",11:50,FALSE
fare_BOM-DEL_IX_2026-08-29_T+7_1787388621022_ta5v,BOM-DEL,EaseMyTrip,IX,IX-1809,2026-08-29,T+7,4939,1084,6023,2026-08-22T08:49:35.553Z,FALSE,"",08:30,FALSE
fare_BOM-DEL_6E_2026-08-29_T+7_1787388621022_090z,BOM-DEL,EaseMyTrip,6E,6E-5095,2026-08-29,T+7,5014,1101,6115,2026-08-22T08:49:35.553Z,FALSE,"",09:20,TRUE
fare_BOM-DEL_SG_2026-08-29_T+7_1787388621022_mvmj,BOM-DEL,EaseMyTrip,SG,SG-993,2026-08-29,T+7,5188,1139,6327,2026-08-22T08:49:35.553Z,FALSE,"",01:50,TRUE
fare_BOM-DEL_SG_2026-08-29_T+7_1787388621022_nrt7,BOM-DEL,EaseMyTrip,SG,SG-474,2026-08-29,T+7,5188,1139,6327,2026-08-22T08:49:35.553Z,FALSE,"",01:50,TRUE
fare_BOM-DEL_SG_2026-08-29_T+7_1787388621022_rfl2,BOM-DEL,EaseMyTrip,SG,SG-813,2026-08-29,T+7,5275,1158,6433,2026-08-22T08:49:35.553Z,FALSE,"",06:25,TRUE
fare_BOM-DEL_SG_2026-08-29_T+7_1787388621022_h627,BOM-DEL,EaseMyTrip,SG,SG-565,2026-08-29,T+7,5275,1158,6433,2026-08-22T08:49:35.553Z,FALSE,"",06:25,TRUE
fare_BOM-DEL_SG_2026-08-29_T+7_1787388621022_eagk,BOM-DEL,EaseMyTrip,SG,SG-601,2026-08-29,T+7,5275,1158,6433,2026-08-22T08:49:35.553Z,FALSE,"",15:55,TRUE
fare_BOM-DEL_SG_2026-08-29_T+7_1787388621022_z0ht,BOM-DEL,EaseMyTrip,SG,SG-742,2026-08-29,T+7,5275,1158,6433,2026-08-22T08:49:35.553Z,FALSE,"",15:55,TRUE
fare_BOM-DEL_SG_2026-08-29_T+7_1787388621022_fsko,BOM-DEL,EaseMyTrip,SG,SG-756,2026-08-29,T+7,5275,1158,6433,2026-08-22T08:49:35.553Z,FALSE,"",17:55,TRUE
fare_BOM-DEL_SG_2026-08-29_T+7_1787388621022_5rkp,BOM-DEL,EaseMyTrip,SG,SG-150,2026-08-29,T+7,5275,1158,6433,2026-08-22T08:49:35.553Z,FALSE,"",17:55,TRUE
fare_BOM-DEL_IX_2026-08-29_T+7_1787388621022_y0vg,BOM-DEL,EaseMyTrip,IX,IX-2952,2026-08-29,T+7,5380,1181,6561,2026-08-22T08:49:35.553Z,FALSE,"",09:05,TRUE
fare_BOM-DEL_IX_2026-08-29_T+7_1787388621022_hpeb,BOM-DEL,EaseMyTrip,IX,IX-1050,2026-08-29,T+7,5380,1181,6561,2026-08-22T08:49:35.553Z,FALSE,"",14:45,TRUE
fare_BOM-DEL_IX_2026-08-29_T+7_1787388621022_gzvk,BOM-DEL,EaseMyTrip,IX,IX-1389,2026-08-29,T+7,5380,1181,6561,2026-08-22T08:49:35.553Z,FALSE,"",22:20,TRUE
fare_BOM-DEL_IX_2026-08-29_T+7_1787388621022_j43k,BOM-DEL,EaseMyTrip,IX,IX-2153,2026-08-29,T+7,5380,1181,6561,2026-08-22T08:49:35.553Z,FALSE,"",21:15,TRUE
fare_BOM-DEL_6E_2026-08-29_T+7_1787388621022_7bed,BOM-DEL,EaseMyTrip,6E,6E-847,2026-08-29,T+7,5380,1181,6561,2026-08-22T08:49:35.553Z,FALSE,"",17:20,TRUE
fare_BOM-DEL_6E_2026-08-29_T+7_1787388621022_qp4e,BOM-DEL,EaseMyTrip,6E,6E-836,2026-08-29,T+7,5380,1181,6561,2026-08-22T08:49:35.553Z,FALSE,"",17:20,TRUE
fare_BOM-DEL_6E_2026-08-29_T+7_1787388621022_2k5i,BOM-DEL,EaseMyTrip,6E,6E-2090,2026-08-29,T+7,5380,1181,6561,2026-08-22T08:49:35.553Z,FALSE,"",06:25,TRUE
fare_BOM-DEL_QP_2026-08-29_T+7_1787388621022_3k0g,BOM-DEL,EaseMyTrip,QP,QP-1819,2026-08-29,T+7,5381,1181,6562,2026-08-22T08:49:35.553Z,FALSE,"",14:30,TRUE
fare_BOM-DEL_QP_2026-08-29_T+7_1787388621022_57cy,BOM-DEL,EaseMyTrip,QP,QP-1825,2026-08-29,T+7,5381,1181,6562,2026-08-22T08:49:35.553Z,FALSE,"",16:50,TRUE
fare_BOM-DEL_QP_2026-08-29_T+7_1787388621022_c6go,BOM-DEL,EaseMyTrip,QP,QP-1111,2026-08-29,T+7,5381,1181,6562,2026-08-22T08:49:35.553Z,FALSE,"",05:25,TRUE
fare_BOM-DEL_QP_2026-08-29_T+7_1787388621022_wkia,BOM-DEL,EaseMyTrip,QP,QP-1127,2026-08-29,T+7,5381,1181,6562,2026-08-22T08:49:35.553Z,FALSE,"",12:55,TRUE
fare_BOM-DEL_QP_2026-08-29_T+7_1787388621022_1uce,BOM-DEL,EaseMyTrip,QP,QP-1835,2026-08-29,T+7,5381,1181,6562,2026-08-22T08:49:35.553Z,FALSE,"",11:50,TRUE
fare_BOM-DEL_6E_2026-08-29_T+7_1787388621022_yg36,BOM-DEL,EaseMyTrip,6E,6E-463,2026-08-29,T+7,5381,1181,6562,2026-08-22T08:49:35.553Z,FALSE,"",17:20,TRUE
fare_BOM-DEL_6E_2026-08-29_T+7_1787388621022_tfw0,BOM-DEL,EaseMyTrip,6E,6E-657,2026-08-29,T+7,5381,1181,6562,2026-08-22T08:49:35.553Z,FALSE,"",17:20,TRUE
fare_BOM-DEL_6E_2026-08-29_T+7_1787388621022_qwpf,BOM-DEL,EaseMyTrip,6E,6E-6082,2026-08-29,T+7,5381,1181,6562,2026-08-22T08:49:35.553Z,FALSE,"",16:45,TRUE
fare_BOM-DEL_6E_2026-08-29_T+7_1787388621022_fpmi,BOM-DEL,EaseMyTrip,6E,6E-582,2026-08-29,T+7,5381,1181,6562,2026-08-22T08:49:35.553Z,FALSE,"",16:00,TRUE
fare_BOM-DEL_6E_2026-08-29_T+7_1787388621022_tqr0,BOM-DEL,EaseMyTrip,6E,6E-389,2026-08-29,T+7,5381,1181,6562,2026-08-22T08:49:35.553Z,FALSE,"",16:00,TRUE
fare_BOM-DEL_6E_2026-08-29_T+7_1787388621022_d3mr,BOM-DEL,EaseMyTrip,6E,6E-929,2026-08-29,T+7,5381,1181,6562,2026-08-22T08:49:35.553Z,FALSE,"",15:00,TRUE
fare_BOM-DEL_6E_2026-08-29_T+7_1787388621022_dfoa,BOM-DEL,EaseMyTrip,6E,6E-949,2026-08-29,T+7,5381,1181,6562,2026-08-22T08:49:35.553Z,FALSE,"",15:00,TRUE
fare_BOM-DEL_6E_2026-08-29_T+7_1787388621022_y52r,BOM-DEL,EaseMyTrip,6E,6E-6704,2026-08-29,T+7,5381,1181,6562,2026-08-22T08:49:35.553Z,FALSE,"",14:00,TRUE
fare_BOM-DEL_6E_2026-08-29_T+7_1787388621022_qjkv,BOM-DEL,EaseMyTrip,6E,6E-6028,2026-08-29,T+7,5381,1181,6562,2026-08-22T08:49:35.553Z,FALSE,"",12:15,TRUE
fare_BOM-DEL_6E_2026-08-29_T+7_1787388621022_yrqp,BOM-DEL,EaseMyTrip,6E,6E-338,2026-08-29,T+7,5381,1181,6562,2026-08-22T08:49:35.553Z,FALSE,"",13:00,TRUE
fare_BOM-DEL_6E_2026-08-29_T+7_1787388621022_vvw6,BOM-DEL,EaseMyTrip,6E,6E-812,2026-08-29,T+7,5381,1181,6562,2026-08-22T08:49:35.553Z,FALSE,"",13:00,TRUE
fare_BOM-DEL_6E_2026-08-29_T+7_1787388621022_aaui,BOM-DEL,EaseMyTrip,6E,6E-6052,2026-08-29,T+7,5381,1181,6562,2026-08-22T08:49:35.553Z,FALSE,"",10:00,TRUE
fare_BOM-DEL_6E_2026-08-29_T+7_1787388621022_ujxf,BOM-DEL,EaseMyTrip,6E,6E-751,2026-08-29,T+7,5381,1181,6562,2026-08-22T08:49:35.553Z,FALSE,"",10:35,TRUE
fare_BOM-DEL_6E_2026-08-29_T+7_1787388621022_4itu,BOM-DEL,EaseMyTrip,6E,6E-665,2026-08-29,T+7,5381,1181,6562,2026-08-22T08:49:35.553Z,FALSE,"",10:35,TRUE
fare_BOM-DEL_6E_2026-08-29_T+7_1787388621022_bp7x,BOM-DEL,EaseMyTrip,6E,6E-6827,2026-08-29,T+7,5381,1181,6562,2026-08-22T08:49:35.553Z,FALSE,"",11:30,TRUE
fare_BOM-DEL_6E_2026-08-29_T+7_1787388621022_hpzs,BOM-DEL,EaseMyTrip,6E,6E-564,2026-08-29,T+7,5381,1181,6562,2026-08-22T08:49:35.553Z,FALSE,"",09:00,TRUE
fare_BOM-DEL_6E_2026-08-29_T+7_1787388621022_rgqs,BOM-DEL,EaseMyTrip,6E,6E-912,2026-08-29,T+7,5381,1181,6562,2026-08-22T08:49:35.553Z,FALSE,"",09:00,TRUE
fare_BOM-DEL_QP_2026-08-29_T+7_1787388621022_1948,BOM-DEL,EaseMyTrip,QP,QP-1941,2026-08-29,T+7,5423,1191,6614,2026-08-22T08:49:35.553Z,FALSE,"",18:05,TRUE
fare_BOM-DEL_QP_2026-08-29_T+7_1787388621022_lod9,BOM-DEL,EaseMyTrip,QP,QP-1939,2026-08-29,T+7,5423,1191,6614,2026-08-22T08:49:35.553Z,FALSE,"",10:10,TRUE
fare_BOM-DEL_6E_2026-08-29_T+7_1787388621022_czty,BOM-DEL,EaseMyTrip,6E,6E-5197,2026-08-29,T+7,5423,1191,6614,2026-08-22T08:49:35.553Z,FALSE,"",06:40,TRUE
fare_BOM-DEL_6E_2026-08-29_T+7_1787388621022_uxfu,BOM-DEL,EaseMyTrip,6E,6E-496,2026-08-29,T+7,5510,1210,6720,2026-08-22T08:49:35.553Z,FALSE,"",05:00,TRUE
fare_BOM-DEL_6E_2026-08-29_T+7_1787388621022_w64n,BOM-DEL,EaseMyTrip,6E,6E-926,2026-08-29,T+7,5510,1210,6720,2026-08-22T08:49:35.553Z,FALSE,"",05:00,TRUE
fare_BOM-DEL_6E_2026-08-29_T+7_1787388621022_56xo,BOM-DEL,EaseMyTrip,6E,6E-829,2026-08-29,T+7,5510,1210,6720,2026-08-22T08:49:35.553Z,FALSE,"",23:45,TRUE
fare_BOM-DEL_6E_2026-08-29_T+7_1787388621022_7ofi,BOM-DEL,EaseMyTrip,6E,6E-349,2026-08-29,T+7,5510,1210,6720,2026-08-22T08:49:35.553Z,FALSE,"",23:45,TRUE
fare_BOM-DEL_6E_2026-08-29_T+7_1787388621022_hugt,BOM-DEL,EaseMyTrip,6E,6E-892,2026-08-29,T+7,5510,1210,6720,2026-08-22T08:49:35.553Z,FALSE,"",22:15,TRUE
fare_BOM-DEL_6E_2026-08-29_T+7_1787388621022_8kdv,BOM-DEL,EaseMyTrip,6E,6E-530,2026-08-29,T+7,5510,1210,6720,2026-08-22T08:49:35.553Z,FALSE,"",22:15,TRUE
fare_BOM-DEL_6E_2026-08-29_T+7_1787388621022_ghtj,BOM-DEL,EaseMyTrip,6E,6E-992,2026-08-29,T+7,5510,1210,6720,2026-08-22T08:49:35.553Z,FALSE,"",21:15,TRUE
fare_BOM-DEL_6E_2026-08-29_T+7_1787388621022_doe7,BOM-DEL,EaseMyTrip,6E,6E-773,2026-08-29,T+7,5510,1210,6720,2026-08-22T08:49:35.553Z,FALSE,"",21:15,TRUE
fare_BOM-DEL_6E_2026-08-29_T+7_1787388621022_2wii,BOM-DEL,EaseMyTrip,6E,6E-451,2026-08-29,T+7,5510,1210,6720,2026-08-22T08:49:35.553Z,FALSE,"",19:00,TRUE
fare_BOM-DEL_6E_2026-08-29_T+7_1787388621022_jnya,BOM-DEL,EaseMyTrip,6E,6E-488,2026-08-29,T+7,5510,1210,6720,2026-08-22T08:49:35.553Z,FALSE,"",19:00,TRUE
fare_BOM-DEL_6E_2026-08-29_T+7_1787388621022_3l1y,BOM-DEL,EaseMyTrip,6E,6E-6613,2026-08-29,T+7,5510,1210,6720,2026-08-22T08:49:35.553Z,FALSE,"",18:15,TRUE
fare_BOM-DEL_6E_2026-08-29_T+7_1787388621022_p2qf,BOM-DEL,EaseMyTrip,6E,6E-135,2026-08-29,T+7,5510,1210,6720,2026-08-22T08:49:35.553Z,FALSE,"",20:20,TRUE
fare_BOM-DEL_6E_2026-08-29_T+7_1787388621022_1quj,BOM-DEL,EaseMyTrip,6E,6E-511,2026-08-29,T+7,5510,1210,6720,2026-08-22T08:49:35.553Z,FALSE,"",20:20,TRUE
fare_BOM-DEL_6E_2026-08-29_T+7_1787388621022_krjp,BOM-DEL,EaseMyTrip,6E,6E-186,2026-08-29,T+7,5510,1210,6720,2026-08-22T08:49:35.553Z,FALSE,"",06:00,TRUE
fare_BOM-DEL_6E_2026-08-29_T+7_1787388621022_gibn,BOM-DEL,EaseMyTrip,6E,6E-172,2026-08-29,T+7,5510,1210,6720,2026-08-22T08:49:35.553Z,FALSE,"",06:00,TRUE
fare_BOM-DEL_6E_2026-08-29_T+7_1787388621022_8052,BOM-DEL,EaseMyTrip,6E,6E-908,2026-08-29,T+7,5510,1210,6720,2026-08-22T08:49:35.553Z,FALSE,"",07:00,TRUE
fare_BOM-DEL_6E_2026-08-29_T+7_1787388621022_zgf1,BOM-DEL,EaseMyTrip,6E,6E-865,2026-08-29,T+7,5510,1210,6720,2026-08-22T08:49:35.553Z,FALSE,"",07:00,TRUE
fare_BOM-DEL_6E_2026-08-29_T+7_1787388621022_wd1m,BOM-DEL,EaseMyTrip,6E,6E-843,2026-08-29,T+7,5510,1210,6720,2026-08-22T08:49:35.553Z,FALSE,"",08:00,TRUE
fare_BOM-DEL_6E_2026-08-29_T+7_1787388621022_2jv1,BOM-DEL,EaseMyTrip,6E,6E-475,2026-08-29,T+7,5510,1210,6720,2026-08-22T08:49:35.553Z,FALSE,"",08:00,TRUE
fare_BOM-DEL_AI_2026-08-29_T+7_1787388621022_gea6,BOM-DEL,EaseMyTrip,AI,AI-2677,2026-08-29,T+7,5766,1266,7032,2026-08-22T08:49:35.553Z,FALSE,"",13:00,TRUE
fare_BOM-DEL_AI_2026-08-29_T+7_1787388621022_lh4g,BOM-DEL,EaseMyTrip,AI,AI-2970,2026-08-29,T+7,5766,1266,7032,2026-08-22T08:49:35.553Z,FALSE,"",08:30,TRUE
fare_BOM-DEL_AI_2026-08-29_T+7_1787388621022_6w11,BOM-DEL,EaseMyTrip,AI,AI-1890,2026-08-29,T+7,5766,1266,7032,2026-08-22T08:49:35.553Z,FALSE,"",09:00,TRUE
fare_BOM-DEL_AI_2026-08-29_T+7_1787388621022_kqq1,BOM-DEL,EaseMyTrip,AI,AI-2419,2026-08-29,T+7,5766,1266,7032,2026-08-22T08:49:35.553Z,FALSE,"",12:00,TRUE
fare_BOM-DEL_AI_2026-08-29_T+7_1787388621022_xuou,BOM-DEL,EaseMyTrip,AI,AI-2442,2026-08-29,T+7,5766,1266,7032,2026-08-22T08:49:35.553Z,FALSE,"",15:00,TRUE
fare_BOM-DEL_AI_2026-08-29_T+7_1787388621022_uxvs,BOM-DEL,EaseMyTrip,AI,AI-2910,2026-08-29,T+7,5766,1266,7032,2026-08-22T08:49:35.553Z,FALSE,"",17:30,TRUE
fare_BOM-DEL_AI_2026-08-29_T+7_1787388621022_uyrz,BOM-DEL,EaseMyTrip,AI,AI-2952,2026-08-29,T+7,5766,1266,7032,2026-08-22T08:49:35.553Z,FALSE,"",11:25,TRUE
fare_BOM-DEL_AI_2026-08-29_T+7_1787388621022_7suw,BOM-DEL,EaseMyTrip,AI,AI-1851,2026-08-29,T+7,5766,1266,7032,2026-08-22T08:49:35.553Z,FALSE,"",15:30,TRUE
fare_BOM-DEL_AI_2026-08-29_T+7_1787388621022_b99q,BOM-DEL,EaseMyTrip,AI,AI-2687,2026-08-29,T+7,5766,1266,7032,2026-08-22T08:49:35.553Z,FALSE,"",16:30,TRUE
fare_BOM-DEL_QP_2026-08-29_T+7_1787388621022_1wlz,BOM-DEL,EaseMyTrip,QP,QP-1109,2026-08-29,T+7,5679,1246,6925,2026-08-22T08:49:35.553Z,FALSE,"",07:00,TRUE
fare_BOM-DEL_QP_2026-08-29_T+7_1787388621022_10aj,BOM-DEL,EaseMyTrip,QP,QP-1834,2026-08-29,T+7,5679,1246,6925,2026-08-22T08:49:35.553Z,FALSE,"",10:00,TRUE
fare_BOM-DEL_QP_2026-08-29_T+7_1787388621022_qon7,BOM-DEL,EaseMyTrip,QP,QP-1120,2026-08-29,T+7,5679,1246,6925,2026-08-22T08:49:35.553Z,FALSE,"",18:45,TRUE
fare_BOM-DEL_AI_2026-08-29_T+7_1787388621022_85x6,BOM-DEL,EaseMyTrip,AI,AI-2928,2026-08-29,T+7,5897,1294,7191,2026-08-22T08:49:35.553Z,FALSE,"",06:30,TRUE
fare_BOM-DEL_AI_2026-08-29_T+7_1787388621022_gsbl,BOM-DEL,EaseMyTrip,AI,AI-2424,2026-08-29,T+7,5897,1294,7191,2026-08-22T08:49:35.553Z,FALSE,"",07:00,TRUE
fare_BOM-DEL_AI_2026-08-29_T+7_1787388621022_o6on,BOM-DEL,EaseMyTrip,AI,AI-2408,2026-08-29,T+7,5897,1294,7191,2026-08-22T08:49:35.553Z,FALSE,"",19:30,TRUE
fare_BOM-DEL_AI_2026-08-29_T+7_1787388621022_d4uk,BOM-DEL,EaseMyTrip,AI,AI-816,2026-08-29,T+7,5897,1294,7191,2026-08-22T08:49:35.553Z,FALSE,"",21:00,TRUE
fare_BOM-DEL_AI_2026-08-29_T+7_1787388621022_8316,BOM-DEL,EaseMyTrip,AI,AI-2748,2026-08-29,T+7,5897,1294,7191,2026-08-22T08:49:35.553Z,FALSE,"",21:30,TRUE
fare_BOM-DEL_AI_2026-08-29_T+7_1787388621022_p2iq,BOM-DEL,EaseMyTrip,AI,AI-2452,2026-08-29,T+7,5897,1294,7191,2026-08-22T08:49:35.553Z,FALSE,"",03:05,TRUE
fare_BOM-DEL_AI_2026-08-29_T+7_1787388621022_sbd0,BOM-DEL,EaseMyTrip,AI,AI-2428,2026-08-29,T+7,5897,1294,7191,2026-08-22T08:49:35.553Z,FALSE,"",08:00,TRUE
fare_BOM-DEL_AI_2026-08-29_T+7_1787388621022_6bjs,BOM-DEL,EaseMyTrip,AI,AI-2440,2026-08-29,T+7,5897,1294,7191,2026-08-22T08:49:35.553Z,FALSE,"",18:00,TRUE
fare_BOM-DEL_AI_2026-08-29_T+7_1787388621022_my98,BOM-DEL,EaseMyTrip,AI,AI-2996,2026-08-29,T+7,5897,1294,7191,2026-08-22T08:49:35.553Z,FALSE,"",18:30,TRUE
fare_BOM-DEL_AI_2026-08-29_T+7_1787388621022_x6rg,BOM-DEL,EaseMyTrip,AI,AI-2426,2026-08-29,T+7,5897,1294,7191,2026-08-22T08:49:35.553Z,FALSE,"",19:00,TRUE
fare_BOM-DEL_AI_2026-08-29_T+7_1787388621022_zlin,BOM-DEL,EaseMyTrip,AI,AI-2940,2026-08-29,T+7,5897,1294,7191,2026-08-22T08:49:35.553Z,FALSE,"",20:00,TRUE
fare_BOM-DEL_AI_2026-08-29_T+7_1787388621022_zcm6,BOM-DEL,EaseMyTrip,AI,AI-2988,2026-08-29,T+7,5897,1294,7191,2026-08-22T08:49:35.553Z,FALSE,"",20:30,TRUE
fare_BOM-DEL_AI_2026-08-29_T+7_1787388621022_l1v0,BOM-DEL,EaseMyTrip,AI,AI-2422,2026-08-29,T+7,5897,1294,7191,2026-08-22T08:49:35.553Z,FALSE,"",22:00,TRUE
fare_BOM-DEL_AI_2026-08-29_T+7_1787388621022_j9x7,BOM-DEL,EaseMyTrip,AI,AI-2614,2026-08-29,T+7,5897,1294,7191,2026-08-22T08:49:35.553Z,FALSE,"",23:30,TRUE
fare_BOM-DEL_AI_2026-08-29_T+7_1787388621022_0o1r,BOM-DEL,EaseMyTrip,AI,AI-1882,2026-08-29,T+7,5897,1294,7191,2026-08-22T08:49:35.553Z,FALSE,"",23:55,TRUE
fare_BOM-DEL_AI_2026-08-29_T+7_1787388621022_8cvn,BOM-DEL,EaseMyTrip,AI,AI-2986,2026-08-29,T+7,5897,1294,7191,2026-08-22T08:49:35.553Z,FALSE,"",22:50,TRUE
fare_BOM-DEL_6E_2026-08-29_T+7_1787388621022_72wk,BOM-DEL,EaseMyTrip,6E,6E-2237,2026-08-29,T+7,5739,1260,6999,2026-08-22T08:49:35.553Z,FALSE,"",18:40,FALSE
fare_BOM-DEL_6E_2026-08-29_T+7_1787388621022_ab5z,BOM-DEL,EaseMyTrip,6E,6E-285,2026-08-29,T+7,5739,1260,6999,2026-08-22T08:49:35.553Z,FALSE,"",01:30,FALSE
fare_BOM-DEL_6E_2026-08-29_T+7_1787388621022_pdxk,BOM-DEL,EaseMyTrip,6E,6E-256,2026-08-29,T+7,5739,1260,6999,2026-08-22T08:49:35.553Z,FALSE,"",01:30,FALSE
fare_BOM-DEL_6E_2026-08-29_T+7_1787388621022_dwtm,BOM-DEL,EaseMyTrip,6E,6E-755,2026-08-29,T+7,5739,1260,6999,2026-08-22T08:49:35.553Z,FALSE,"",04:00,FALSE
fare_BOM-DEL_6E_2026-08-29_T+7_1787388621022_a36v,BOM-DEL,EaseMyTrip,6E,6E-5144,2026-08-29,T+7,5739,1260,6999,2026-08-22T08:49:35.553Z,FALSE,"",05:55,FALSE
fare_BOM-DEL_6E_2026-08-29_T+7_1787388621022_p4to,BOM-DEL,EaseMyTrip,6E,6E-2347,2026-08-29,T+7,5739,1260,6999,2026-08-22T08:49:35.553Z,FALSE,"",08:50,FALSE
fare_BOM-DEL_6E_2026-08-29_T+7_1787388621022_2yju,BOM-DEL,EaseMyTrip,6E,6E-409,2026-08-29,T+7,5739,1260,6999,2026-08-22T08:49:35.553Z,FALSE,"",14:40,FALSE
fare_BOM-DEL_6E_2026-08-29_T+7_1787388621022_be1j,BOM-DEL,EaseMyTrip,6E,6E-438,2026-08-29,T+7,5739,1260,6999,2026-08-22T08:49:35.553Z,FALSE,"",14:40,FALSE
fare_BOM-DEL_6E_2026-08-29_T+7_1787388621022_hjoy,BOM-DEL,EaseMyTrip,6E,6E-5107,2026-08-29,T+7,5739,1260,6999,2026-08-22T08:49:35.553Z,FALSE,"",20:00,FALSE
fare_BOM-DEL_6E_2026-08-29_T+7_1787388621022_ji8l,BOM-DEL,EaseMyTrip,6E,6E-5201,2026-08-29,T+7,5739,1260,6999,2026-08-22T08:49:35.553Z,FALSE,"",14:55,FALSE
fare_BOM-DEL_6E_2026-08-29_T+7_1787388621022_kzt4,BOM-DEL,EaseMyTrip,6E,6E-6599,2026-08-29,T+7,5847,1283,7130,2026-08-22T08:49:35.553Z,FALSE,"",16:50,FALSE
fare_BOM-DEL_6E_2026-08-29_T+7_1787388621022_i97q,BOM-DEL,EaseMyTrip,6E,6E-5147,2026-08-29,T+7,5847,1283,7130,2026-08-22T08:49:35.553Z,FALSE,"",18:35,FALSE
fare_BOM-DEL_6E_2026-08-29_T+7_1787388621022_ekau,BOM-DEL,EaseMyTrip,6E,6E-5164,2026-08-29,T+7,5847,1283,7130,2026-08-22T08:49:35.553Z,FALSE,"",20:35,FALSE
fare_BOM-DEL_6E_2026-08-29_T+7_1787388621022_tf1p,BOM-DEL,EaseMyTrip,6E,6E-6122,2026-08-29,T+7,5847,1283,7130,2026-08-22T08:49:35.553Z,FALSE,"",15:45,FALSE
fare_BOM-DEL_6E_2026-08-29_T+7_1787388621022_2zen,BOM-DEL,EaseMyTrip,6E,6E-6058,2026-08-29,T+7,5847,1283,7130,2026-08-22T08:49:35.553Z,FALSE,"",08:05,FALSE
fare_BOM-DEL_6E_2026-08-29_T+7_1787388621022_kl8x,BOM-DEL,EaseMyTrip,6E,6E-5131,2026-08-29,T+7,5847,1283,7130,2026-08-22T08:49:35.553Z,FALSE,"",15:50,FALSE
fare_BOM-DEL_6E_2026-08-29_T+7_1787388621022_3slx,BOM-DEL,EaseMyTrip,6E,6E-6802,2026-08-29,T+7,5847,1283,7130,2026-08-22T08:49:35.553Z,FALSE,"",16:55,FALSE
fare_BOM-DEL_6E_2026-08-29_T+7_1787388621022_l90v,BOM-DEL,EaseMyTrip,6E,6E-5273,2026-08-29,T+7,5847,1283,7130,2026-08-22T08:49:35.553Z,FALSE,"",18:35,FALSE
fare_BOM-DEL_6E_2026-08-29_T+7_1787388621022_vzst,BOM-DEL,EaseMyTrip,6E,6E-5345,2026-08-29,T+7,5847,1283,7130,2026-08-22T08:49:35.553Z,FALSE,"",14:25,FALSE
fare_BOM-DEL_6E_2026-08-29_T+7_1787388621022_vqyk,BOM-DEL,EaseMyTrip,6E,6E-6553,2026-08-29,T+7,5907,1297,7204,2026-08-22T08:49:35.553Z,FALSE,"",16:05,FALSE
fare_BOM-DEL_6E_2026-08-29_T+7_1787388621022_wv4g,BOM-DEL,EaseMyTrip,6E,6E-2138,2026-08-29,T+7,5907,1297,7204,2026-08-22T08:49:35.553Z,FALSE,"",16:20,FALSE
fare_BOM-DEL_6E_2026-08-29_T+7_1787388621022_yrb1,BOM-DEL,EaseMyTrip,6E,6E-5028,2026-08-29,T+7,5911,1298,7209,2026-08-22T08:49:35.553Z,FALSE,"",19:35,FALSE
fare_BOM-DEL_6E_2026-08-29_T+7_1787388621022_h649,BOM-DEL,EaseMyTrip,6E,6E-6937,2026-08-29,T+7,5911,1298,7209,2026-08-22T08:49:35.553Z,FALSE,"",11:30,FALSE
fare_BOM-DEL_6E_2026-08-29_T+7_1787388621022_ppau,BOM-DEL,EaseMyTrip,6E,6E-680,2026-08-29,T+7,5911,1298,7209,2026-08-22T08:49:35.553Z,FALSE,"",04:45,FALSE
fare_BOM-DEL_6E_2026-08-29_T+7_1787388621022_r87x,BOM-DEL,EaseMyTrip,6E,6E-399,2026-08-29,T+7,5911,1298,7209,2026-08-22T08:49:35.553Z,FALSE,"",04:45,FALSE
fare_BOM-DEL_6E_2026-08-29_T+7_1787388621022_l9z8,BOM-DEL,EaseMyTrip,6E,6E-6543,2026-08-29,T+7,5965,1309,7274,2026-08-22T08:49:35.553Z,FALSE,"",07:50,FALSE
fare_BOM-DEL_6E_2026-08-29_T+7_1787388621022_1zrm,BOM-DEL,EaseMyTrip,6E,6E-600,2026-08-29,T+7,6019,1321,7340,2026-08-22T08:49:35.553Z,FALSE,"",17:45,FALSE
fare_BOM-DEL_6E_2026-08-29_T+7_1787388621022_krlu,BOM-DEL,EaseMyTrip,6E,6E-544,2026-08-29,T+7,6019,1321,7340,2026-08-22T08:49:35.553Z,FALSE,"",17:45,FALSE
fare_BOM-DEL_6E_2026-08-29_T+7_1787388621022_oh27,BOM-DEL,EaseMyTrip,6E,6E-5056,2026-08-29,T+7,6019,1321,7340,2026-08-22T08:49:35.553Z,FALSE,"",21:10,FALSE
fare_BOM-DEL_6E_2026-08-29_T+7_1787388621022_oic3,BOM-DEL,EaseMyTrip,6E,6E-6195,2026-08-29,T+7,6019,1321,7340,2026-08-22T08:49:35.553Z,FALSE,"",23:00,FALSE
fare_BOM-DEL_6E_2026-08-29_T+7_1787388621022_bh6j,BOM-DEL,EaseMyTrip,6E,6E-5326,2026-08-29,T+7,6019,1321,7340,2026-08-22T08:49:35.553Z,FALSE,"",19:40,FALSE
fare_BOM-DEL_6E_2026-08-29_T+7_1787388621022_nr6v,BOM-DEL,EaseMyTrip,6E,6E-6361,2026-08-29,T+7,6084,1335,7419,2026-08-22T08:49:35.553Z,FALSE,"",05:00,FALSE
fare_BOM-DEL_AI_2026-08-29_T+7_1787388621022_wpfa,BOM-DEL,EaseMyTrip,AI,AI-2591,2026-08-29,T+7,6283,1379,7662,2026-08-22T08:49:35.553Z,FALSE,"",07:25,TRUE
fare_BOM-DEL_6E_2026-08-29_T+7_1787388621022_i3pt,BOM-DEL,EaseMyTrip,6E,6E-304,2026-08-29,T+7,6277,1378,7655,2026-08-22T08:49:35.553Z,FALSE,"",12:40,FALSE
fare_BOM-DEL_6E_2026-08-29_T+7_1787388621022_ci6t,BOM-DEL,EaseMyTrip,6E,6E-341,2026-08-29,T+7,6277,1378,7655,2026-08-22T08:49:35.553Z,FALSE,"",12:40,FALSE
fare_BOM-DEL_6E_2026-08-29_T+7_1787388621022_w3y0,BOM-DEL,EaseMyTrip,6E,6E-5154,2026-08-29,T+7,6305,1384,7689,2026-08-22T08:49:35.553Z,FALSE,"",15:45,FALSE
fare_BOM-DEL_6E_2026-08-29_T+7_1787388621022_7h57,BOM-DEL,EaseMyTrip,6E,6E-7017,2026-08-29,T+7,6343,1392,7735,2026-08-22T08:49:35.553Z,FALSE,"",21:30,FALSE
fare_BOM-DEL_6E_2026-08-29_T+7_1787388621022_ztpd,BOM-DEL,EaseMyTrip,6E,6E-5135,2026-08-29,T+7,6347,1393,7740,2026-08-22T08:49:35.553Z,FALSE,"",23:20,FALSE
fare_BOM-DEL_6E_2026-08-29_T+7_1787388621022_zadi,BOM-DEL,EaseMyTrip,6E,6E-5059,2026-08-29,T+7,6700,1471,8171,2026-08-22T08:49:35.553Z,FALSE,"",05:45,FALSE
fare_BOM-DEL_IX_2026-08-29_T+7_1787388621022_n9k6,BOM-DEL,EaseMyTrip,IX,IX-1238,2026-08-29,T+7,6987,1534,8521,2026-08-22T08:49:35.553Z,FALSE,"",12:25,FALSE
fare_BOM-DEL_IX_2026-08-29_T+7_1787388621022_0hoe,BOM-DEL,EaseMyTrip,IX,IX-2367,2026-08-29,T+7,6987,1534,8521,2026-08-22T08:49:35.553Z,FALSE,"",07:20,FALSE
fare_BOM-DEL_6E_2026-08-29_T+7_1787388621022_ilm6,BOM-DEL,EaseMyTrip,6E,6E-6027,2026-08-29,T+7,6808,1494,8302,2026-08-22T08:49:35.553Z,FALSE,"",17:35,FALSE
fare_BOM-DEL_6E_2026-08-29_T+7_1787388621022_9mh7,BOM-DEL,EaseMyTrip,6E,6E-5281,2026-08-29,T+7,6849,1504,8353,2026-08-22T08:49:35.553Z,FALSE,"",08:40,FALSE
fare_BOM-DEL_6E_2026-08-29_T+7_1787388621022_gi4g,BOM-DEL,EaseMyTrip,6E,6E-177,2026-08-29,T+7,6872,1509,8381,2026-08-22T08:49:35.553Z,FALSE,"",19:20,FALSE
fare_BOM-DEL_6E_2026-08-29_T+7_1787388621022_kec6,BOM-DEL,EaseMyTrip,6E,6E-561,2026-08-29,T+7,6872,1509,8381,2026-08-22T08:49:35.553Z,FALSE,"",19:20,FALSE
fare_BOM-DEL_IX_2026-08-29_T+7_1787388621022_kost,BOM-DEL,EaseMyTrip,IX,IX-1237,2026-08-29,T+7,7685,1687,9372,2026-08-22T08:49:35.553Z,TRUE,"High outlier: ₹9372 > upper fence ₹9222 (Q3: ₹7657, IQR: ₹1043)",05:55,FALSE
fare_BOM-DEL_AI_2026-08-29_T+7_1787388621022_no8w,BOM-DEL,EaseMyTrip,AI,AI-9558,2026-08-29,T+7,8225,1805,10030,2026-08-22T08:49:35.553Z,TRUE,"High outlier: ₹10030 > upper fence ₹9222 (Q3: ₹7657, IQR: ₹1043)",08:30,FALSE
fare_BOM-DEL_IX_2026-08-29_T+7_1787388621022_aqc2,BOM-DEL,EaseMyTrip,IX,IX-1798,2026-08-29,T+7,8565,1880,10445,2026-08-22T08:49:35.553Z,TRUE,"High outlier: ₹10445 > upper fence ₹9222 (Q3: ₹7657, IQR: ₹1043)",11:20,FALSE
fare_BOM-DEL_AI_2026-08-29_T+7_1787388621022_pq3q,BOM-DEL,EaseMyTrip,AI,AI-9518,2026-08-29,T+7,8521,1870,10391,2026-08-22T08:49:35.553Z,TRUE,"High outlier: ₹10391 > upper fence ₹9222 (Q3: ₹7657, IQR: ₹1043)",16:15,FALSE
fare_BOM-DEL_IX_2026-08-29_T+7_1787388621022_x4u9,BOM-DEL,EaseMyTrip,IX,IX-1640,2026-08-29,T+7,9241,2029,11270,2026-08-22T08:49:35.553Z,TRUE,"High outlier: ₹11270 > upper fence ₹9222 (Q3: ₹7657, IQR: ₹1043)",20:55,FALSE
fare_BOM-DEL_AI_2026-08-29_T+7_1787388621022_tton,BOM-DEL,EaseMyTrip,AI,AI-9718,2026-08-29,T+7,9818,2155,11973,2026-08-22T08:49:35.553Z,TRUE,"High outlier: ₹11973 > upper fence ₹9222 (Q3: ₹7657, IQR: ₹1043)",20:20,FALSE
fare_BOM-DEL_AI_2026-08-29_T+7_1787388621022_5jjg,BOM-DEL,EaseMyTrip,AI,AI-9753,2026-08-29,T+7,9835,2159,11994,2026-08-22T08:49:35.553Z,TRUE,"High outlier: ₹11994 > upper fence ₹9222 (Q3: ₹7657, IQR: ₹1043)",17:05,FALSE
fare_BOM-DEL_AI_2026-08-29_T+7_1787388621022_5xqk,BOM-DEL,EaseMyTrip,AI,AI-2491,2026-08-29,T+7,9906,2175,12081,2026-08-22T08:49:35.553Z,TRUE,"High outlier: ₹12081 > upper fence ₹9222 (Q3: ₹7657, IQR: ₹1043)",11:15,FALSE
fare_BOM-DEL_6E_2026-08-29_T+7_1787388621022_e03y,BOM-DEL,EaseMyTrip,6E,6E-2024,2026-08-29,T+7,10353,2273,12626,2026-08-22T08:49:35.553Z,TRUE,"High outlier: ₹12626 > upper fence ₹9222 (Q3: ₹7657, IQR: ₹1043)",09:15,FALSE
fare_BOM-DEL_6E_2026-08-29_T+7_1787388621022_qc9w,BOM-DEL,EaseMyTrip,6E,6E-5181,2026-08-29,T+7,10892,2391,13283,2026-08-22T08:49:35.553Z,TRUE,"High outlier: ₹13283 > upper fence ₹9222 (Q3: ₹7657, IQR: ₹1043)",10:25,FALSE
fare_BOM-DEL_AI_2026-08-29_T+7_1787388621022_c18h,BOM-DEL,EaseMyTrip,AI,AI-2847,2026-08-29,T+7,11449,2513,13962,2026-08-22T08:49:35.553Z,TRUE,"High outlier: ₹13962 > upper fence ₹9222 (Q3: ₹7657, IQR: ₹1043)",10:20,FALSE
fare_BOM-DEL_6E_2026-08-29_T+7_1787388621022_efdf,BOM-DEL,EaseMyTrip,6E,6E-5246,2026-08-29,T+7,11583,2542,14125,2026-08-22T08:49:35.553Z,TRUE,"High outlier: ₹14125 > upper fence ₹9222 (Q3: ₹7657, IQR: ₹1043)",07:15,FALSE
fare_BOM-DEL_AI_2026-08-29_T+7_1787388621022_esyi,BOM-DEL,EaseMyTrip,AI,AI-9891,2026-08-29,T+7,11975,2629,14604,2026-08-22T08:49:35.553Z,TRUE,"High outlier: ₹14604 > upper fence ₹9222 (Q3: ₹7657, IQR: ₹1043)",11:20,FALSE
fare_BOM-DEL_6E_2026-08-29_T+7_1787388621022_ocwj,BOM-DEL,EaseMyTrip,6E,6E-5318,2026-08-29,T+7,11961,2626,14587,2026-08-22T08:49:35.553Z,TRUE,"High outlier: ₹14587 > upper fence ₹9222 (Q3: ₹7657, IQR: ₹1043)",10:15,FALSE
fare_BOM-DEL_6E_2026-08-29_T+7_1787388621022_vhvq,BOM-DEL,EaseMyTrip,6E,6E-5178,2026-08-29,T+7,11961,2626,14587,2026-08-22T08:49:35.553Z,TRUE,"High outlier: ₹14587 > upper fence ₹9222 (Q3: ₹7657, IQR: ₹1043)",11:40,FALSE
fare_BOM-DEL_AI_2026-08-29_T+7_1787388621022_lc7w,BOM-DEL,EaseMyTrip,AI,AI-9533,2026-08-29,T+7,12438,2730,15168,2026-08-22T08:49:35.553Z,TRUE,"High outlier: ₹15168 > upper fence ₹9222 (Q3: ₹7657, IQR: ₹1043)",16:30,FALSE
fare_BOM-DEL_AI_2026-08-29_T+7_1787388621022_19a2,BOM-DEL,EaseMyTrip,AI,AI-2812,2026-08-29,T+7,12561,2757,15318,2026-08-22T08:49:35.553Z,TRUE,"High outlier: ₹15318 > upper fence ₹9222 (Q3: ₹7657, IQR: ₹1043)",02:05,FALSE
fare_BOM-DEL_IX_2026-08-29_T+7_1787388621022_m33s,BOM-DEL,EaseMyTrip,IX,IX-1283,2026-08-29,T+7,12630,2773,15403,2026-08-22T08:49:35.553Z,TRUE,"High outlier: ₹15403 > upper fence ₹9222 (Q3: ₹7657, IQR: ₹1043)",06:05,FALSE
fare_BOM-DEL_AI_2026-08-29_T+7_1787388621022_5stt,BOM-DEL,EaseMyTrip,AI,AI-2841,2026-08-29,T+7,13192,2896,16088,2026-08-22T08:49:35.553Z,TRUE,"High outlier: ₹16088 > upper fence ₹9222 (Q3: ₹7657, IQR: ₹1043)",11:20,FALSE
fare_BOM-DEL_AI_2026-08-29_T+7_1787388621022_dtnr,BOM-DEL,EaseMyTrip,AI,AI-2659,2026-08-29,T+7,13311,2922,16233,2026-08-22T08:49:35.553Z,TRUE,"High outlier: ₹16233 > upper fence ₹9222 (Q3: ₹7657, IQR: ₹1043)",14:35,FALSE
fare_BOM-DEL_AI_2026-08-29_T+7_1787388621022_sw3r,BOM-DEL,EaseMyTrip,AI,AI-2997,2026-08-29,T+7,14082,3091,17173,2026-08-22T08:49:35.553Z,TRUE,"High outlier: ₹17173 > upper fence ₹9222 (Q3: ₹7657, IQR: ₹1043)",10:10,FALSE
fare_BOM-DEL_AI_2026-08-29_T+7_1787388621022_69sr,BOM-DEL,EaseMyTrip,AI,AI-2493,2026-08-29,T+7,14128,3101,17229,2026-08-22T08:49:35.553Z,TRUE,"High outlier: ₹17229 > upper fence ₹9222 (Q3: ₹7657, IQR: ₹1043)",18:05,FALSE
fare_BOM-DEL_AI_2026-08-29_T+7_1787388621022_ebov,BOM-DEL,EaseMyTrip,AI,AI-2749,2026-08-29,T+7,14173,3111,17284,2026-08-22T08:49:35.553Z,TRUE,"High outlier: ₹17284 > upper fence ₹9222 (Q3: ₹7657, IQR: ₹1043)",17:35,FALSE
fare_BOM-DEL_AI_2026-08-29_T+7_1787388621022_j0bl,BOM-DEL,EaseMyTrip,AI,AI-2741,2026-08-29,T+7,14403,3162,17565,2026-08-22T08:49:35.553Z,TRUE,"High outlier: ₹17565 > upper fence ₹9222 (Q3: ₹7657, IQR: ₹1043)",07:40,FALSE
fare_BOM-DEL_AI_2026-08-29_T+7_1787388621022_e2yw,BOM-DEL,EaseMyTrip,AI,AI-2531,2026-08-29,T+7,14755,3239,17994,2026-08-22T08:49:35.553Z,TRUE,"High outlier: ₹17994 > upper fence ₹9222 (Q3: ₹7657, IQR: ₹1043)",15:05,FALSE
fare_BOM-DEL_AI_2026-08-29_T+7_1787388621022_yk9a,BOM-DEL,EaseMyTrip,AI,AI-2625,2026-08-29,T+7,14981,3289,18270,2026-08-22T08:49:35.553Z,TRUE,"High outlier: ₹18270 > upper fence ₹9222 (Q3: ₹7657, IQR: ₹1043)",06:00,FALSE
fare_BOM-DEL_AI_2026-08-29_T+7_1787388621022_l70u,BOM-DEL,EaseMyTrip,AI,AI-2593,2026-08-29,T+7,16601,3644,20245,2026-08-22T08:49:35.553Z,TRUE,"High outlier: ₹20245 > upper fence ₹9222 (Q3: ₹7657, IQR: ₹1043)",12:30,FALSE
fare_BOM-DEL_AI_2026-08-29_T+7_1787388621022_1s91,BOM-DEL,EaseMyTrip,AI,AI-2632,2026-08-29,T+7,16794,3686,20480,2026-08-22T08:49:35.553Z,TRUE,"High outlier: ₹20480 > upper fence ₹9222 (Q3: ₹7657, IQR: ₹1043)",12:00,FALSE
fare_BOM-DEL_AI_2026-08-29_T+7_1787388621022_v81p,BOM-DEL,EaseMyTrip,AI,AI-2718,2026-08-29,T+7,21165,4646,25811,2026-08-22T08:49:35.553Z,TRUE,"High outlier: ₹25811 > upper fence ₹9222 (Q3: ₹7657, IQR: ₹1043)",05:55,FALSE
fare_BOM-DEL_AI_2026-08-29_T+7_1787388621022_n9ie,BOM-DEL,EaseMyTrip,AI,AI-2579,2026-08-29,T+7,23058,5062,28120,2026-08-22T08:49:35.553Z,TRUE,"High outlier: ₹28120 > upper fence ₹9222 (Q3: ₹7657, IQR: ₹1043)",10:35,FALSE
fare_DEL-BOM_6E_2026-08-23_T+1_1787388621022_ygjq,DEL-BOM,EaseMyTrip,6E,6E-501,2026-08-23,T+1,3505,769,4274,2026-08-22T05:06:35.383Z,FALSE,"",07:00,TRUE
fare_DEL-BOM_IX_2026-08-23_T+1_1787388621022_r34c,DEL-BOM,EaseMyTrip,IX,IX-1605,2026-08-23,T+1,5354,1175,6529,2026-08-22T08:49:18.234Z,FALSE,"",06:00,TRUE
fare_DEL-BOM_6E_2026-08-23_T+1_1787388621022_ror1,DEL-BOM,EaseMyTrip,6E,6E-6470,2026-08-23,T+1,5354,1175,6529,2026-08-22T08:49:18.234Z,FALSE,"",06:55,TRUE
fare_DEL-BOM_QP_2026-08-23_T+1_1787388621022_aqwy,DEL-BOM,EaseMyTrip,QP,QP-1119,2026-08-23,T+1,5355,1175,6530,2026-08-22T08:49:18.234Z,FALSE,"",08:40,TRUE
fare_DEL-BOM_6E_2026-08-23_T+1_1787388621022_psl7,DEL-BOM,EaseMyTrip,6E,6E-6218,2026-08-23,T+1,5355,1175,6530,2026-08-22T08:49:18.234Z,FALSE,"",06:05,TRUE
fare_DEL-BOM_6E_2026-08-23_T+1_1787388621022_7dud,DEL-BOM,EaseMyTrip,6E,6E-869,2026-08-23,T+1,5355,1175,6530,2026-08-22T08:49:18.234Z,FALSE,"",08:45,TRUE
fare_DEL-BOM_6E_2026-08-23_T+1_1787388621022_68yl,DEL-BOM,EaseMyTrip,6E,6E-334,2026-08-23,T+1,5355,1175,6530,2026-08-22T08:49:18.234Z,FALSE,"",08:45,TRUE
fare_DEL-BOM_6E_2026-08-23_T+1_1787388621022_c4u0,DEL-BOM,EaseMyTrip,6E,6E-535,2026-08-23,T+1,5355,1175,6530,2026-08-22T08:49:18.234Z,FALSE,"",08:00,TRUE
fare_DEL-BOM_6E_2026-08-23_T+1_1787388621022_ffes,DEL-BOM,EaseMyTrip,6E,6E-191,2026-08-23,T+1,5355,1175,6530,2026-08-22T08:49:18.234Z,FALSE,"",08:00,TRUE
fare_DEL-BOM_QP_2026-08-23_T+1_1787388621022_x47n,DEL-BOM,EaseMyTrip,QP,QP-1940,2026-08-23,T+1,5427,1191,6618,2026-08-22T08:49:18.234Z,FALSE,"",14:10,TRUE
fare_DEL-BOM_QP_2026-08-23_T+1_1787388621022_krr9,DEL-BOM,EaseMyTrip,QP,QP-1942,2026-08-23,T+1,5427,1191,6618,2026-08-22T08:49:18.234Z,FALSE,"",21:05,TRUE
fare_DEL-BOM_6E_2026-08-23_T+1_1787388621022_klr7,DEL-BOM,EaseMyTrip,6E,6E-6107,2026-08-23,T+1,5484,1204,6688,2026-08-22T08:49:18.234Z,FALSE,"",09:30,TRUE
fare_DEL-BOM_AI_2026-08-23_T+1_1787388621022_g8jp,DEL-BOM,EaseMyTrip,AI,AI-2678,2026-08-23,T+1,5740,1260,7000,2026-08-22T08:49:18.234Z,FALSE,"",08:30,TRUE
fare_DEL-BOM_AI_2026-08-23_T+1_1787388621022_o0hx,DEL-BOM,EaseMyTrip,AI,AI-2963,2026-08-23,T+1,5740,1260,7000,2026-08-22T08:49:18.234Z,FALSE,"",09:00,TRUE
fare_DEL-BOM_AI_2026-08-23_T+1_1787388621022_px0x,DEL-BOM,EaseMyTrip,AI,AI-2975,2026-08-23,T+1,5740,1260,7000,2026-08-22T08:49:18.234Z,FALSE,"",06:30,TRUE
fare_DEL-BOM_AI_2026-08-23_T+1_1787388621022_6dp0,DEL-BOM,EaseMyTrip,AI,AI-2429,2026-08-23,T+1,5740,1260,7000,2026-08-22T08:49:18.234Z,FALSE,"",07:00,TRUE
fare_DEL-BOM_AI_2026-08-23_T+1_1787388621022_xkyy,DEL-BOM,EaseMyTrip,AI,AI-2943,2026-08-23,T+1,5740,1260,7000,2026-08-22T08:49:18.234Z,FALSE,"",07:30,TRUE
fare_DEL-BOM_AI_2026-08-23_T+1_1787388621022_49ub,DEL-BOM,EaseMyTrip,AI,AI-2615,2026-08-23,T+1,5740,1260,7000,2026-08-22T08:49:18.234Z,FALSE,"",02:45,TRUE
fare_DEL-BOM_QP_2026-08-23_T+1_1787388621022_eqnj,DEL-BOM,EaseMyTrip,QP,QP-1833,2026-08-23,T+1,5652,1241,6893,2026-08-22T08:49:18.234Z,FALSE,"",06:50,TRUE
fare_DEL-BOM_QP_2026-08-23_T+1_1787388621022_q9mu,DEL-BOM,EaseMyTrip,QP,QP-1112,2026-08-23,T+1,5652,1241,6893,2026-08-22T08:49:18.234Z,FALSE,"",09:20,TRUE
fare_DEL-BOM_6E_2026-08-23_T+1_1787388621022_58qm,DEL-BOM,EaseMyTrip,6E,6E-286,2026-08-23,T+1,5656,1242,6898,2026-08-22T08:49:18.234Z,FALSE,"",23:30,TRUE
fare_DEL-BOM_6E_2026-08-23_T+1_1787388621022_b61s,DEL-BOM,EaseMyTrip,6E,6E-448,2026-08-23,T+1,5656,1242,6898,2026-08-22T08:49:18.234Z,FALSE,"",23:30,TRUE
fare_DEL-BOM_6E_2026-08-23_T+1_1787388621022_yi77,DEL-BOM,EaseMyTrip,6E,6E-6114,2026-08-23,T+1,5656,1242,6898,2026-08-22T08:49:18.234Z,FALSE,"",22:45,TRUE
fare_DEL-BOM_6E_2026-08-23_T+1_1787388621022_25xf,DEL-BOM,EaseMyTrip,6E,6E-825,2026-08-23,T+1,5656,1242,6898,2026-08-22T08:49:18.234Z,FALSE,"",16:15,TRUE
fare_DEL-BOM_6E_2026-08-23_T+1_1787388621022_3qqr,DEL-BOM,EaseMyTrip,6E,6E-812,2026-08-23,T+1,5656,1242,6898,2026-08-22T08:49:18.234Z,FALSE,"",16:15,TRUE
fare_DEL-BOM_6E_2026-08-23_T+1_1787388621022_q9xw,DEL-BOM,EaseMyTrip,6E,6E-750,2026-08-23,T+1,5656,1242,6898,2026-08-22T08:49:18.234Z,FALSE,"",21:45,TRUE
fare_DEL-BOM_6E_2026-08-23_T+1_1787388621022_0ja9,DEL-BOM,EaseMyTrip,6E,6E-344,2026-08-23,T+1,5656,1242,6898,2026-08-22T08:49:18.234Z,FALSE,"",21:45,TRUE
fare_DEL-BOM_6E_2026-08-23_T+1_1787388621022_k2ed,DEL-BOM,EaseMyTrip,6E,6E-6318,2026-08-23,T+1,5656,1242,6898,2026-08-22T08:49:18.234Z,FALSE,"",14:45,TRUE
fare_DEL-BOM_6E_2026-08-23_T+1_1787388621022_7xrc,DEL-BOM,EaseMyTrip,6E,6E-6047,2026-08-23,T+1,5656,1242,6898,2026-08-22T08:49:18.234Z,FALSE,"",11:00,TRUE
fare_DEL-BOM_6E_2026-08-23_T+1_1787388621022_opz7,DEL-BOM,EaseMyTrip,6E,6E-6676,2026-08-23,T+1,5656,1242,6898,2026-08-22T08:49:18.234Z,FALSE,"",12:00,TRUE
fare_DEL-BOM_6E_2026-08-23_T+1_1787388621022_035f,DEL-BOM,EaseMyTrip,6E,6E-464,2026-08-23,T+1,5656,1242,6898,2026-08-22T08:49:18.234Z,FALSE,"",13:00,TRUE
fare_DEL-BOM_6E_2026-08-23_T+1_1787388621022_9w4o,DEL-BOM,EaseMyTrip,6E,6E-112,2026-08-23,T+1,5656,1242,6898,2026-08-22T08:49:18.234Z,FALSE,"",13:00,TRUE
fare_DEL-BOM_6E_2026-08-23_T+1_1787388621022_dhgk,DEL-BOM,EaseMyTrip,6E,6E-6328,2026-08-23,T+1,5656,1242,6898,2026-08-22T08:49:18.234Z,FALSE,"",10:15,TRUE
fare_DEL-BOM_AI_2026-08-23_T+1_1787388621022_2qcj,DEL-BOM,EaseMyTrip,AI,AI-2945,2026-08-23,T+1,5870,1289,7159,2026-08-22T08:49:18.234Z,FALSE,"",11:00,TRUE
fare_DEL-BOM_AI_2026-08-23_T+1_1787388621022_boph,DEL-BOM,EaseMyTrip,AI,AI-2999,2026-08-23,T+1,5870,1289,7159,2026-08-22T08:49:18.234Z,FALSE,"",22:00,TRUE
fare_DEL-BOM_AI_2026-08-23_T+1_1787388621022_vvzq,DEL-BOM,EaseMyTrip,AI,AI-2437,2026-08-23,T+1,5870,1289,7159,2026-08-22T08:49:18.234Z,FALSE,"",22:30,TRUE
fare_DEL-BOM_AI_2026-08-23_T+1_1787388621022_jiwz,DEL-BOM,EaseMyTrip,AI,AI-2927,2026-08-23,T+1,5870,1289,7159,2026-08-22T08:49:18.234Z,FALSE,"",09:30,TRUE
fare_DEL-BOM_AI_2026-08-23_T+1_1787388621022_fa5z,DEL-BOM,EaseMyTrip,AI,AI-2805,2026-08-23,T+1,5870,1289,7159,2026-08-22T08:49:18.234Z,FALSE,"",20:00,TRUE
fare_DEL-BOM_AI_2026-08-23_T+1_1787388621023_z94w,DEL-BOM,EaseMyTrip,AI,AI-2957,2026-08-23,T+1,5870,1289,7159,2026-08-22T08:49:18.234Z,FALSE,"",20:30,TRUE
fare_DEL-BOM_QP_2026-08-23_T+1_1787388621023_h1lc,DEL-BOM,EaseMyTrip,QP,QP-1110,2026-08-23,T+1,5756,1263,7019,2026-08-22T08:49:18.234Z,FALSE,"",10:30,TRUE
fare_DEL-BOM_6E_2026-08-23_T+1_1787388621023_w3co,DEL-BOM,EaseMyTrip,6E,6E-337,2026-08-23,T+1,5871,1289,7160,2026-08-22T08:49:18.234Z,FALSE,"",20:45,TRUE
fare_DEL-BOM_6E_2026-08-23_T+1_1787388621023_zgm3,DEL-BOM,EaseMyTrip,6E,6E-360,2026-08-23,T+1,5871,1289,7160,2026-08-22T08:49:18.234Z,FALSE,"",20:45,TRUE
fare_DEL-BOM_6E_2026-08-23_T+1_1787388621023_ohm3,DEL-BOM,EaseMyTrip,6E,6E-531,2026-08-23,T+1,5871,1289,7160,2026-08-22T08:49:18.234Z,FALSE,"",20:00,TRUE
fare_DEL-BOM_6E_2026-08-23_T+1_1787388621023_njki,DEL-BOM,EaseMyTrip,6E,6E-445,2026-08-23,T+1,5871,1289,7160,2026-08-22T08:49:18.234Z,FALSE,"",20:00,TRUE
fare_DEL-BOM_6E_2026-08-23_T+1_1787388621023_kfbm,DEL-BOM,EaseMyTrip,6E,6E-282,2026-08-23,T+1,5871,1289,7160,2026-08-22T08:49:18.234Z,FALSE,"",19:00,TRUE
fare_DEL-BOM_6E_2026-08-23_T+1_1787388621023_kzki,DEL-BOM,EaseMyTrip,6E,6E-856,2026-08-23,T+1,5871,1289,7160,2026-08-22T08:49:18.234Z,FALSE,"",19:00,TRUE
fare_DEL-BOM_6E_2026-08-23_T+1_1787388621023_r61d,DEL-BOM,EaseMyTrip,6E,6E-784,2026-08-23,T+1,5871,1289,7160,2026-08-22T08:49:18.234Z,FALSE,"",18:00,TRUE
fare_DEL-BOM_6E_2026-08-23_T+1_1787388621023_9tf8,DEL-BOM,EaseMyTrip,6E,6E-989,2026-08-23,T+1,5871,1289,7160,2026-08-22T08:49:18.234Z,FALSE,"",18:00,TRUE
fare_DEL-BOM_6E_2026-08-23_T+1_1787388621023_7xns,DEL-BOM,EaseMyTrip,6E,6E-742,2026-08-23,T+1,5914,1298,7212,2026-08-22T08:49:18.234Z,FALSE,"",20:20,TRUE
fare_DEL-BOM_6E_2026-08-23_T+1_1787388621023_0s9s,DEL-BOM,EaseMyTrip,6E,6E-707,2026-08-23,T+1,5914,1298,7212,2026-08-22T08:49:18.234Z,FALSE,"",20:20,TRUE
fare_DEL-BOM_6E_2026-08-23_T+1_1787388621023_ekr1,DEL-BOM,EaseMyTrip,6E,6E-6490,2026-08-23,T+1,6027,1323,7350,2026-08-22T08:49:18.234Z,FALSE,"",04:55,FALSE
fare_DEL-BOM_AI_2026-08-23_T+1_1787388621023_ygij,DEL-BOM,EaseMyTrip,AI,AI-2439,2026-08-23,T+1,6193,1360,7553,2026-08-22T08:49:18.234Z,FALSE,"",23:00,TRUE
fare_DEL-BOM_6E_2026-08-23_T+1_1787388621023_lg3g,DEL-BOM,EaseMyTrip,6E,6E-933,2026-08-23,T+1,6070,1333,7403,2026-08-22T08:49:18.234Z,FALSE,"",19:40,FALSE
fare_DEL-BOM_6E_2026-08-23_T+1_1787388621023_b6lj,DEL-BOM,EaseMyTrip,6E,6E-350,2026-08-23,T+1,6070,1333,7403,2026-08-22T08:49:18.234Z,FALSE,"",19:40,FALSE
fare_DEL-BOM_6E_2026-08-23_T+1_1787388621023_b90j,DEL-BOM,EaseMyTrip,6E,6E-6829,2026-08-23,T+1,6070,1333,7403,2026-08-22T08:49:18.234Z,FALSE,"",17:20,FALSE
fare_DEL-BOM_6E_2026-08-23_T+1_1787388621023_odut,DEL-BOM,EaseMyTrip,6E,6E-6443,2026-08-23,T+1,6070,1333,7403,2026-08-22T08:49:18.234Z,FALSE,"",09:00,FALSE
fare_DEL-BOM_6E_2026-08-23_T+1_1787388621023_g9ef,DEL-BOM,EaseMyTrip,6E,6E-6459,2026-08-23,T+1,6070,1333,7403,2026-08-22T08:49:18.234Z,FALSE,"",05:55,FALSE
fare_DEL-BOM_6E_2026-08-23_T+1_1787388621023_1ccs,DEL-BOM,EaseMyTrip,6E,6E-6569,2026-08-23,T+1,6070,1333,7403,2026-08-22T08:49:18.234Z,FALSE,"",05:00,FALSE
fare_DEL-BOM_AI_2026-08-23_T+1_1787388621023_ty3a,DEL-BOM,EaseMyTrip,AI,AI-2425,2026-08-23,T+1,6257,1373,7630,2026-08-22T08:49:18.234Z,FALSE,"",10:30,TRUE
fare_DEL-BOM_AI_2026-08-23_T+1_1787388621023_tem9,DEL-BOM,EaseMyTrip,AI,AI-2433,2026-08-23,T+1,6257,1373,7630,2026-08-22T08:49:18.234Z,FALSE,"",21:30,TRUE
fare_DEL-BOM_6E_2026-08-23_T+1_1787388621023_g7mh,DEL-BOM,EaseMyTrip,6E,6E-6706,2026-08-23,T+1,6130,1345,7475,2026-08-22T08:49:18.234Z,FALSE,"",17:00,TRUE
fare_DEL-BOM_6E_2026-08-23_T+1_1787388621023_he2z,DEL-BOM,EaseMyTrip,6E,6E-632,2026-08-23,T+1,6130,1345,7475,2026-08-22T08:49:18.234Z,FALSE,"",15:30,TRUE
fare_DEL-BOM_6E_2026-08-23_T+1_1787388621023_yfkr,DEL-BOM,EaseMyTrip,6E,6E-616,2026-08-23,T+1,6130,1345,7475,2026-08-22T08:49:18.234Z,FALSE,"",15:30,TRUE
fare_DEL-BOM_6E_2026-08-23_T+1_1787388621023_e4us,DEL-BOM,EaseMyTrip,6E,6E-6479,2026-08-23,T+1,6135,1347,7482,2026-08-22T08:49:18.234Z,FALSE,"",21:25,FALSE
fare_DEL-BOM_6E_2026-08-23_T+1_1787388621023_260c,DEL-BOM,EaseMyTrip,6E,6E-5298,2026-08-23,T+1,6135,1347,7482,2026-08-22T08:49:18.234Z,FALSE,"",09:00,FALSE
fare_DEL-BOM_6E_2026-08-23_T+1_1787388621023_yxmi,DEL-BOM,EaseMyTrip,6E,6E-5038,2026-08-23,T+1,6135,1347,7482,2026-08-22T08:49:18.234Z,FALSE,"",14:00,FALSE
fare_DEL-BOM_6E_2026-08-23_T+1_1787388621023_xdx3,DEL-BOM,EaseMyTrip,6E,6E-5206,2026-08-23,T+1,6135,1347,7482,2026-08-22T08:49:18.234Z,FALSE,"",13:20,FALSE
fare_DEL-BOM_QP_2026-08-23_T+1_1787388621023_x29w,DEL-BOM,EaseMyTrip,QP,QP-1826,2026-08-23,T+1,6188,1358,7546,2026-08-22T08:49:18.234Z,FALSE,"",19:55,TRUE
fare_DEL-BOM_6E_2026-08-23_T+1_1787388621023_3yoc,DEL-BOM,EaseMyTrip,6E,6E-6497,2026-08-23,T+1,6243,1370,7613,2026-08-22T08:49:18.234Z,FALSE,"",18:45,FALSE
fare_DEL-BOM_AI_2026-08-23_T+1_1787388621023_1xmq,DEL-BOM,EaseMyTrip,AI,AI-2981,2026-08-23,T+1,6414,1408,7822,2026-08-22T08:49:18.234Z,FALSE,"",21:00,TRUE
fare_DEL-BOM_IX_2026-08-23_T+1_1787388621023_zq7q,DEL-BOM,EaseMyTrip,IX,IX-1617,2026-08-23,T+1,6528,1433,7961,2026-08-22T08:49:18.234Z,FALSE,"",11:50,FALSE
fare_DEL-BOM_6E_2026-08-23_T+1_1787388621023_7bhm,DEL-BOM,EaseMyTrip,6E,6E-2235,2026-08-23,T+1,6307,1385,7692,2026-08-22T08:49:18.234Z,FALSE,"",19:30,FALSE
fare_DEL-BOM_6E_2026-08-23_T+1_1787388621023_yhdr,DEL-BOM,EaseMyTrip,6E,6E-6022,2026-08-23,T+1,6388,1402,7790,2026-08-22T08:49:18.234Z,FALSE,"",14:00,TRUE
fare_DEL-BOM_6E_2026-08-23_T+1_1787388621023_ac7i,DEL-BOM,EaseMyTrip,6E,6E-5014,2026-08-23,T+1,6445,1415,7860,2026-08-22T08:49:18.234Z,FALSE,"",18:30,FALSE
fare_DEL-BOM_AI_2026-08-23_T+1_1787388621023_7jc5,DEL-BOM,EaseMyTrip,AI,AI-2977,2026-08-23,T+1,6624,1454,8078,2026-08-22T08:49:18.234Z,FALSE,"",19:00,TRUE
fare_DEL-BOM_6E_2026-08-23_T+1_1787388621023_3079,DEL-BOM,EaseMyTrip,6E,6E-2496,2026-08-23,T+1,6501,1427,7928,2026-08-22T08:49:18.234Z,FALSE,"",12:40,FALSE
fare_DEL-BOM_6E_2026-08-23_T+1_1787388621023_hpyq,DEL-BOM,EaseMyTrip,6E,6E-5198,2026-08-23,T+1,6503,1428,7931,2026-08-22T08:49:18.234Z,FALSE,"",15:00,TRUE
fare_DEL-BOM_QP_2026-08-23_T+1_1787388621023_2evp,DEL-BOM,EaseMyTrip,QP,QP-1836,2026-08-23,T+1,6658,1461,8119,2026-08-22T08:49:18.234Z,FALSE,"",12:05,TRUE
fare_DEL-BOM_AI_2026-08-23_T+1_1787388621023_dz1n,DEL-BOM,EaseMyTrip,AI,AI-2941,2026-08-23,T+1,6836,1500,8336,2026-08-22T08:49:18.234Z,FALSE,"",16:30,TRUE
fare_DEL-BOM_AI_2026-08-23_T+1_1787388621023_kpix,DEL-BOM,EaseMyTrip,AI,AI-2751,2026-08-23,T+1,6836,1500,8336,2026-08-22T08:49:18.234Z,FALSE,"",17:30,TRUE
fare_DEL-BOM_AI_2026-08-23_T+1_1787388621023_oe3e,DEL-BOM,EaseMyTrip,AI,AI-2985,2026-08-23,T+1,6836,1500,8336,2026-08-22T08:49:18.234Z,FALSE,"",19:30,TRUE
fare_DEL-BOM_AI_2026-08-23_T+1_1787388621023_xbaw,DEL-BOM,EaseMyTrip,AI,AI-2441,2026-08-23,T+1,6836,1500,8336,2026-08-22T08:49:18.234Z,FALSE,"",18:25,TRUE
fare_DEL-BOM_AI_2026-08-23_T+1_1787388621023_7dst,DEL-BOM,EaseMyTrip,AI,AI-1780,2026-08-23,T+1,6836,1500,8336,2026-08-22T08:49:18.234Z,FALSE,"",14:30,TRUE
fare_DEL-BOM_AI_2026-08-23_T+1_1787388621023_gbvg,DEL-BOM,EaseMyTrip,AI,AI-2933,2026-08-23,T+1,7010,1539,8549,2026-08-22T08:49:18.234Z,FALSE,"",15:30,TRUE
fare_DEL-BOM_AI_2026-08-23_T+1_1787388621023_eisd,DEL-BOM,EaseMyTrip,AI,AI-1777,2026-08-23,T+1,7068,1552,8620,2026-08-22T08:49:18.234Z,FALSE,"",16:00,TRUE
fare_DEL-BOM_AI_2026-08-23_T+1_1787388621023_m3zf,DEL-BOM,EaseMyTrip,AI,AI-2955,2026-08-23,T+1,7243,1590,8833,2026-08-22T08:49:18.234Z,FALSE,"",18:00,TRUE
fare_DEL-BOM_IX_2026-08-23_T+1_1787388621023_bqsd,DEL-BOM,EaseMyTrip,IX,IX-1395,2026-08-23,T+1,7351,1614,8965,2026-08-22T08:49:18.234Z,FALSE,"",19:15,TRUE
fare_DEL-BOM_QP_2026-08-23_T+1_1787388621023_72vr,DEL-BOM,EaseMyTrip,QP,QP-1128,2026-08-23,T+1,7433,1632,9065,2026-08-22T08:49:18.234Z,FALSE,"",16:00,TRUE
fare_DEL-BOM_IX_2026-08-23_T+1_1787388621023_ad45,DEL-BOM,EaseMyTrip,IX,IX-2820,2026-08-23,T+1,7865,1726,9591,2026-08-22T08:49:18.234Z,FALSE,"",21:00,FALSE
fare_DEL-BOM_IX_2026-08-23_T+1_1787388621023_lzaq,DEL-BOM,EaseMyTrip,IX,IX-1817,2026-08-23,T+1,7865,1726,9591,2026-08-22T08:49:18.234Z,FALSE,"",19:30,FALSE
fare_DEL-BOM_6E_2026-08-23_T+1_1787388621023_owif,DEL-BOM,EaseMyTrip,6E,6E-6312,2026-08-23,T+1,7667,1683,9350,2026-08-22T08:49:18.234Z,FALSE,"",14:25,FALSE
fare_DEL-BOM_AI_2026-08-23_T+1_1787388621023_hk9d,DEL-BOM,EaseMyTrip,AI,AI-1785,2026-08-23,T+1,7858,1725,9583,2026-08-22T08:49:18.234Z,FALSE,"",12:00,TRUE
fare_DEL-BOM_QP_2026-08-23_T+1_1787388621023_fi6k,DEL-BOM,EaseMyTrip,QP,QP-1820,2026-08-23,T+1,7715,1694,9409,2026-08-22T08:49:18.234Z,FALSE,"",17:30,TRUE
fare_DEL-BOM_IX_2026-08-23_T+1_1787388621023_vadh,DEL-BOM,EaseMyTrip,IX,IX-1038,2026-08-23,T+1,8405,1845,10250,2026-08-22T08:49:18.234Z,FALSE,"",18:40,TRUE
fare_DEL-BOM_IX_2026-08-23_T+1_1787388621023_v5j6,DEL-BOM,EaseMyTrip,IX,IX-1789,2026-08-23,T+1,8534,1873,10407,2026-08-22T08:49:18.234Z,FALSE,"",10:40,FALSE
fare_DEL-BOM_6E_2026-08-23_T+1_1787388621023_tsa4,DEL-BOM,EaseMyTrip,6E,6E-5138,2026-08-23,T+1,8308,1824,10132,2026-08-22T08:49:18.234Z,FALSE,"",19:10,FALSE
fare_DEL-BOM_6E_2026-08-23_T+1_1787388621023_wke3,DEL-BOM,EaseMyTrip,6E,6E-863,2026-08-23,T+1,8905,1955,10860,2026-08-22T08:49:18.234Z,FALSE,"",19:35,FALSE
fare_DEL-BOM_6E_2026-08-23_T+1_1787388621023_p2xp,DEL-BOM,EaseMyTrip,6E,6E-790,2026-08-23,T+1,8905,1955,10860,2026-08-22T08:49:18.234Z,FALSE,"",19:35,FALSE
fare_DEL-BOM_6E_2026-08-23_T+1_1787388621023_jo3x,DEL-BOM,EaseMyTrip,6E,6E-6261,2026-08-23,T+1,8905,1955,10860,2026-08-22T08:49:18.234Z,FALSE,"",00:15,FALSE
fare_DEL-BOM_AI_2026-08-23_T+1_1787388621023_zbwx,DEL-BOM,EaseMyTrip,AI,AI-1705,2026-08-23,T+1,9656,2119,11775,2026-08-22T08:49:18.234Z,FALSE,"",06:30,FALSE
fare_DEL-BOM_AI_2026-08-23_T+1_1787388621023_s4dd,DEL-BOM,EaseMyTrip,AI,AI-9447,2026-08-23,T+1,9810,2153,11963,2026-08-22T08:49:18.234Z,FALSE,"",23:25,FALSE
fare_DEL-BOM_6E_2026-08-23_T+1_1787388621023_63v5,DEL-BOM,EaseMyTrip,6E,6E-6433,2026-08-23,T+1,9788,2149,11937,2026-08-22T08:49:18.234Z,FALSE,"",16:30,FALSE
fare_DEL-BOM_6E_2026-08-23_T+1_1787388621023_qjof,DEL-BOM,EaseMyTrip,6E,6E-6190,2026-08-23,T+1,10272,2255,12527,2026-08-22T08:49:18.234Z,FALSE,"",07:40,FALSE
fare_DEL-BOM_IX_2026-08-23_T+1_1787388621023_7tj5,DEL-BOM,EaseMyTrip,IX,IX-2146,2026-08-23,T+1,10614,2330,12944,2026-08-22T08:49:18.234Z,FALSE,"",06:20,FALSE
fare_DEL-BOM_6E_2026-08-23_T+1_1787388621023_xzwv,DEL-BOM,EaseMyTrip,6E,6E-2349,2026-08-23,T+1,10730,2355,13085,2026-08-22T08:49:18.234Z,FALSE,"",10:55,FALSE
fare_DEL-BOM_6E_2026-08-23_T+1_1787388621023_2n58,DEL-BOM,EaseMyTrip,6E,6E-660,2026-08-23,T+1,10902,2393,13295,2026-08-22T08:49:18.234Z,FALSE,"",23:15,FALSE
fare_DEL-BOM_6E_2026-08-23_T+1_1787388621023_56cp,DEL-BOM,EaseMyTrip,6E,6E-726,2026-08-23,T+1,10902,2393,13295,2026-08-22T08:49:18.234Z,FALSE,"",23:15,FALSE
fare_DEL-BOM_AI_2026-08-23_T+1_1787388621023_7bjp,DEL-BOM,EaseMyTrip,AI,AI-9757,2026-08-23,T+1,11286,2478,13764,2026-08-22T08:49:18.234Z,FALSE,"",11:50,FALSE
fare_DEL-BOM_AI_2026-08-23_T+1_1787388621023_0nek,DEL-BOM,EaseMyTrip,AI,AI-2623,2026-08-23,T+1,11287,2478,13765,2026-08-22T08:49:18.234Z,FALSE,"",13:35,FALSE
fare_DEL-BOM_6E_2026-08-23_T+1_1787388621023_4zji,DEL-BOM,EaseMyTrip,6E,6E-2249,2026-08-23,T+1,11220,2463,13683,2026-08-22T08:49:18.234Z,FALSE,"",15:00,FALSE
fare_DEL-BOM_AI_2026-08-23_T+1_1787388621023_mxid,DEL-BOM,EaseMyTrip,AI,AI-1720,2026-08-23,T+1,12348,2711,15059,2026-08-22T08:49:18.234Z,FALSE,"",20:30,FALSE
fare_DEL-BOM_IX_2026-08-23_T+1_1787388621023_sau9,DEL-BOM,EaseMyTrip,IX,IX-1056,2026-08-23,T+1,12464,2736,15200,2026-08-22T08:49:18.234Z,FALSE,"",17:50,TRUE
fare_DEL-BOM_AI_2026-08-23_T+1_1787388621023_0mte,DEL-BOM,EaseMyTrip,AI,AI-2763,2026-08-23,T+1,12607,2767,15374,2026-08-22T08:49:18.234Z,FALSE,"",13:55,FALSE
fare_DEL-BOM_6E_2026-08-23_T+1_1787388621023_fn0u,DEL-BOM,EaseMyTrip,6E,6E-6488,2026-08-23,T+1,12605,2767,15372,2026-08-22T08:49:18.234Z,FALSE,"",11:20,FALSE
fare_DEL-BOM_AI_2026-08-23_T+1_1787388621023_n3t2,DEL-BOM,EaseMyTrip,AI,AI-2717,2026-08-23,T+1,13405,2942,16347,2026-08-22T08:49:18.234Z,FALSE,"",06:55,FALSE
fare_DEL-BOM_AI_2026-08-23_T+1_1787388621023_aq0f,DEL-BOM,EaseMyTrip,AI,AI-9674,2026-08-23,T+1,14017,3077,17094,2026-08-22T08:49:18.234Z,FALSE,"",16:40,FALSE
fare_DEL-BOM_6E_2026-08-23_T+1_1787388621023_4ij0,DEL-BOM,EaseMyTrip,6E,6E-7646,2026-08-23,T+1,13856,3041,16897,2026-08-22T08:49:18.234Z,FALSE,"",06:15,FALSE
fare_DEL-BOM_AI_2026-08-23_T+1_1787388621023_w0it,DEL-BOM,EaseMyTrip,AI,AI-491,2026-08-23,T+1,14216,3120,17336,2026-08-22T08:49:18.234Z,FALSE,"",11:15,FALSE
fare_DEL-BOM_AI_2026-08-23_T+1_1787388621023_07l2,DEL-BOM,EaseMyTrip,AI,AI-1711,2026-08-23,T+1,14216,3120,17336,2026-08-22T08:49:18.234Z,FALSE,"",10:25,FALSE
fare_DEL-BOM_AI_2026-08-23_T+1_1787388621023_s7uk,DEL-BOM,EaseMyTrip,AI,AI-817,2026-08-23,T+1,14440,3170,17610,2026-08-22T08:49:18.234Z,FALSE,"",05:55,FALSE
fare_DEL-BOM_AI_2026-08-23_T+1_1787388621023_6v6f,DEL-BOM,EaseMyTrip,AI,AI-2577,2026-08-23,T+1,14577,3200,17777,2026-08-22T08:49:18.234Z,FALSE,"",02:00,FALSE
fare_DEL-BOM_AI_2026-08-23_T+1_1787388621023_sujx,DEL-BOM,EaseMyTrip,AI,AI-1706,2026-08-23,T+1,14577,3200,17777,2026-08-22T08:49:18.234Z,FALSE,"",23:00,FALSE
fare_DEL-BOM_6E_2026-08-23_T+1_1787388621023_n2z5,DEL-BOM,EaseMyTrip,6E,6E-6601,2026-08-23,T+1,14512,3185,17697,2026-08-22T08:49:18.234Z,FALSE,"",19:45,FALSE
fare_DEL-BOM_6E_2026-08-23_T+1_1787388621023_fw2k,DEL-BOM,EaseMyTrip,6E,6E-5119,2026-08-23,T+1,14874,3265,18139,2026-08-22T08:49:18.234Z,FALSE,"",05:10,FALSE
fare_DEL-BOM_6E_2026-08-23_T+1_1787388621023_2z6k,DEL-BOM,EaseMyTrip,6E,6E-2013,2026-08-23,T+1,14874,3265,18139,2026-08-22T08:49:18.234Z,FALSE,"",21:50,FALSE
fare_DEL-BOM_AI_2026-08-23_T+1_1787388621023_hzmi,DEL-BOM,EaseMyTrip,AI,AI-9418,2026-08-23,T+1,15884,3487,19371,2026-08-22T08:49:18.234Z,FALSE,"",13:10,FALSE
fare_DEL-BOM_6E_2026-08-23_T+1_1787388621023_4wu6,DEL-BOM,EaseMyTrip,6E,6E-6212,2026-08-23,T+1,16436,3608,20044,2026-08-22T08:49:18.234Z,FALSE,"",14:45,FALSE
fare_DEL-BOM_6E_2026-08-23_T+1_1787388621023_o5py,DEL-BOM,EaseMyTrip,6E,6E-7642,2026-08-23,T+1,16480,3617,20097,2026-08-22T08:49:18.234Z,FALSE,"",15:45,FALSE
fare_DEL-BOM_AI_2026-08-23_T+1_1787388621023_qpn0,DEL-BOM,EaseMyTrip,AI,AI-2653,2026-08-23,T+1,16796,3687,20483,2026-08-22T08:49:18.234Z,FALSE,"",04:30,FALSE
fare_DEL-BOM_AI_2026-08-23_T+1_1787388621023_wc5d,DEL-BOM,EaseMyTrip,AI,AI-531,2026-08-23,T+1,16802,3688,20490,2026-08-22T08:49:18.234Z,FALSE,"",19:20,FALSE
fare_DEL-BOM_AI_2026-08-23_T+1_1787388621023_318p,DEL-BOM,EaseMyTrip,AI,AI-2907,2026-08-23,T+1,16927,3716,20643,2026-08-22T08:49:18.234Z,FALSE,"",11:55,FALSE
fare_DEL-BOM_6E_2026-08-23_T+1_1787388621023_36t8,DEL-BOM,EaseMyTrip,6E,6E-2381,2026-08-23,T+1,17062,3745,20807,2026-08-22T08:49:18.234Z,FALSE,"",13:45,FALSE
fare_DEL-BOM_AI_2026-08-23_T+1_1787388621023_t1im,DEL-BOM,EaseMyTrip,AI,AI-2627,2026-08-23,T+1,17377,3815,21192,2026-08-22T08:49:18.234Z,FALSE,"",10:45,FALSE
fare_DEL-BOM_6E_2026-08-23_T+1_1787388621023_w2u4,DEL-BOM,EaseMyTrip,6E,6E-2076,2026-08-23,T+1,17745,3895,21640,2026-08-22T08:49:18.234Z,FALSE,"",07:30,FALSE
fare_DEL-BOM_6E_2026-08-23_T+1_1787388621023_k2o7,DEL-BOM,EaseMyTrip,6E,6E-110,2026-08-23,T+1,17919,3934,21853,2026-08-22T08:49:18.234Z,FALSE,"",08:30,FALSE
fare_DEL-BOM_6E_2026-08-23_T+1_1787388621023_efee,DEL-BOM,EaseMyTrip,6E,6E-847,2026-08-23,T+1,17919,3934,21853,2026-08-22T08:49:18.234Z,FALSE,"",08:30,FALSE
fare_DEL-BOM_6E_2026-08-23_T+1_1787388621023_vdm5,DEL-BOM,EaseMyTrip,6E,6E-6282,2026-08-23,T+1,17919,3934,21853,2026-08-22T08:49:18.234Z,FALSE,"",13:30,FALSE
fare_DEL-BOM_AI_2026-08-23_T+1_1787388621023_vkqe,DEL-BOM,EaseMyTrip,AI,AI-2525,2026-08-23,T+1,18285,4014,22299,2026-08-22T08:49:18.234Z,FALSE,"",06:00,FALSE
fare_DEL-BOM_6E_2026-08-23_T+1_1787388621023_ncqn,DEL-BOM,EaseMyTrip,6E,6E-6293,2026-08-23,T+1,18215,3999,22214,2026-08-22T08:49:18.234Z,FALSE,"",09:55,FALSE
fare_DEL-BOM_IX_2026-08-23_T+1_1787388621023_kmy1,DEL-BOM,EaseMyTrip,IX,IX-1057,2026-08-23,T+1,18871,4142,23013,2026-08-22T08:49:18.234Z,FALSE,"",05:25,FALSE
fare_DEL-BOM_IX_2026-08-23_T+1_1787388621023_xk9b,DEL-BOM,EaseMyTrip,IX,IX-1003,2026-08-23,T+1,19128,4199,23327,2026-08-22T08:49:18.234Z,FALSE,"",19:10,FALSE
fare_DEL-BOM_AI_2026-08-23_T+1_1787388621023_mkkn,DEL-BOM,EaseMyTrip,AI,AI-9584,2026-08-23,T+1,19194,4213,23407,2026-08-22T08:49:18.234Z,FALSE,"",11:20,FALSE
fare_DEL-BOM_IX_2026-08-23_T+1_1787388621023_dsxu,DEL-BOM,EaseMyTrip,IX,IX-1108,2026-08-23,T+1,19409,4260,23669,2026-08-22T08:49:18.234Z,FALSE,"",05:00,FALSE
fare_DEL-BOM_IX_2026-08-23_T+1_1787388621023_r3i9,DEL-BOM,EaseMyTrip,IX,IX-1068,2026-08-23,T+1,20117,4416,24533,2026-08-22T08:49:18.234Z,FALSE,"",12:00,FALSE
fare_DEL-BOM_6E_2026-08-23_T+1_1787388621023_09ra,DEL-BOM,EaseMyTrip,6E,6E-5073,2026-08-23,T+1,19890,4366,24256,2026-08-22T08:49:18.234Z,FALSE,"",17:05,FALSE
fare_DEL-BOM_AI_2026-08-23_T+1_1787388621023_8lcq,DEL-BOM,EaseMyTrip,AI,AI-2417,2026-08-23,T+1,20315,4459,24774,2026-08-22T08:49:18.234Z,FALSE,"",13:00,FALSE
fare_DEL-BOM_IX_2026-08-23_T+1_1787388621023_5uq6,DEL-BOM,EaseMyTrip,IX,IX-1482,2026-08-23,T+1,20394,4477,24871,2026-08-22T08:49:18.234Z,FALSE,"",08:30,FALSE
fare_DEL-BOM_AI_2026-08-23_T+1_1787388621023_1cr4,DEL-BOM,EaseMyTrip,AI,AI-1779,2026-08-23,T+1,20397,4477,24874,2026-08-22T08:49:18.234Z,FALSE,"",13:55,FALSE
fare_DEL-BOM_AI_2026-08-23_T+1_1787388621023_dfyz,DEL-BOM,EaseMyTrip,AI,AI-2465,2026-08-23,T+1,20897,4587,25484,2026-08-22T08:49:18.234Z,FALSE,"",14:30,FALSE
fare_DEL-BOM_6E_2026-08-23_T+1_1787388621023_t4nw,DEL-BOM,EaseMyTrip,6E,6E-2341,2026-08-23,T+1,21214,4657,25871,2026-08-22T08:49:18.234Z,FALSE,"",14:50,FALSE
fare_DEL-BOM_6E_2026-08-23_T+1_1787388621023_8fve,DEL-BOM,EaseMyTrip,6E,6E-2331,2026-08-23,T+1,21214,4657,25871,2026-08-22T08:49:18.234Z,FALSE,"",12:20,FALSE
fare_DEL-BOM_6E_2026-08-23_T+1_1787388621023_43i6,DEL-BOM,EaseMyTrip,6E,6E-345,2026-08-23,T+1,23143,5080,28223,2026-08-22T08:49:18.234Z,FALSE,"",12:15,FALSE
fare_DEL-BOM_6E_2026-08-23_T+1_1787388621023_8bqv,DEL-BOM,EaseMyTrip,6E,6E-518,2026-08-23,T+1,23143,5080,28223,2026-08-22T08:49:18.234Z,FALSE,"",12:15,FALSE
fare_DEL-BOM_IX_2026-08-23_T+1_1787388621023_ddig,DEL-BOM,EaseMyTrip,IX,IX-1070,2026-08-23,T+1,26779,5878,32657,2026-08-22T08:49:18.234Z,TRUE,"High outlier: ₹32657 > upper fence ₹30817 (Q3: ₹16622, IQR: ₹9463)",18:40,FALSE
fare_DEL-BOM_6E_2026-08-23_T+1_1787388621024_8cjl,DEL-BOM,IndiGo,6E,6E-501,2026-08-23,T+1,4772,1048,5820,2026-08-22T05:06:34.648Z,FALSE,"",07:00,TRUE
fare_DEL-BOM_6E_2026-08-29_T+7_1787388621023_vvi1,DEL-BOM,EaseMyTrip,6E,6E-501,2026-08-29,T+7,4128,906,5034,2026-08-22T05:06:35.385Z,FALSE,"",07:00,TRUE
fare_DEL-BOM_IX_2026-08-29_T+7_1787388621023_wjfy,DEL-BOM,EaseMyTrip,IX,IX-2146,2026-08-29,T+7,5077,1114,6191,2026-08-22T08:49:24.134Z,FALSE,"",06:20,FALSE
fare_DEL-BOM_SG_2026-08-29_T+7_1787388621023_03bq,DEL-BOM,EaseMyTrip,SG,SG-497,2026-08-29,T+7,5255,1153,6408,2026-08-22T08:49:24.134Z,FALSE,"",14:30,TRUE
fare_DEL-BOM_SG_2026-08-29_T+7_1787388621023_qhoj,DEL-BOM,EaseMyTrip,SG,SG-733,2026-08-29,T+7,5255,1153,6408,2026-08-22T08:49:24.134Z,FALSE,"",14:30,TRUE
fare_DEL-BOM_SG_2026-08-29_T+7_1787388621023_qw1n,DEL-BOM,EaseMyTrip,SG,SG-311,2026-08-29,T+7,5255,1153,6408,2026-08-22T08:49:24.134Z,FALSE,"",18:35,TRUE
fare_DEL-BOM_SG_2026-08-29_T+7_1787388621023_ifxk,DEL-BOM,EaseMyTrip,SG,SG-489,2026-08-29,T+7,5255,1153,6408,2026-08-22T08:49:24.134Z,FALSE,"",18:35,TRUE
fare_DEL-BOM_SG_2026-08-29_T+7_1787388621023_q3yf,DEL-BOM,EaseMyTrip,SG,SG-408,2026-08-29,T+7,5255,1153,6408,2026-08-22T08:49:24.134Z,FALSE,"",22:30,TRUE
fare_DEL-BOM_SG_2026-08-29_T+7_1787388621023_rp6l,DEL-BOM,EaseMyTrip,SG,SG-654,2026-08-29,T+7,5255,1153,6408,2026-08-22T08:49:24.134Z,FALSE,"",22:30,TRUE
fare_DEL-BOM_IX_2026-08-29_T+7_1787388621023_y0bv,DEL-BOM,EaseMyTrip,IX,IX-1038,2026-08-29,T+7,5354,1175,6529,2026-08-22T08:49:24.134Z,FALSE,"",18:40,TRUE
fare_DEL-BOM_IX_2026-08-29_T+7_1787388621023_jq9z,DEL-BOM,EaseMyTrip,IX,IX-1605,2026-08-29,T+7,5354,1175,6529,2026-08-22T08:49:24.134Z,FALSE,"",06:00,TRUE
fare_DEL-BOM_IX_2026-08-29_T+7_1787388621023_0fz6,DEL-BOM,EaseMyTrip,IX,IX-1395,2026-08-29,T+7,5354,1175,6529,2026-08-22T08:49:24.134Z,FALSE,"",19:20,TRUE
fare_DEL-BOM_6E_2026-08-29_T+7_1787388621023_u2qj,DEL-BOM,EaseMyTrip,6E,6E-5096,2026-08-29,T+7,5282,1160,6442,2026-08-22T08:49:24.134Z,FALSE,"",17:00,TRUE
fare_DEL-BOM_6E_2026-08-29_T+7_1787388621023_u56f,DEL-BOM,EaseMyTrip,6E,6E-356,2026-08-29,T+7,5354,1175,6529,2026-08-22T08:49:24.134Z,FALSE,"",20:20,TRUE
fare_DEL-BOM_6E_2026-08-29_T+7_1787388621023_ru71,DEL-BOM,EaseMyTrip,6E,6E-410,2026-08-29,T+7,5354,1175,6529,2026-08-22T08:49:24.134Z,FALSE,"",20:20,TRUE
fare_DEL-BOM_6E_2026-08-29_T+7_1787388621023_7nab,DEL-BOM,EaseMyTrip,6E,6E-6470,2026-08-29,T+7,5354,1175,6529,2026-08-22T08:49:24.134Z,FALSE,"",06:55,TRUE
fare_DEL-BOM_QP_2026-08-29_T+7_1787388621023_hpat,DEL-BOM,EaseMyTrip,QP,QP-1820,2026-08-29,T+7,5355,1175,6530,2026-08-22T08:49:24.134Z,FALSE,"",17:30,TRUE
fare_DEL-BOM_QP_2026-08-29_T+7_1787388621023_hhxe,DEL-BOM,EaseMyTrip,QP,QP-1128,2026-08-29,T+7,5355,1175,6530,2026-08-22T08:49:24.134Z,FALSE,"",16:00,TRUE
fare_DEL-BOM_QP_2026-08-29_T+7_1787388621023_lw5p,DEL-BOM,EaseMyTrip,QP,QP-1836,2026-08-29,T+7,5355,1175,6530,2026-08-22T08:49:24.134Z,FALSE,"",12:05,TRUE
fare_DEL-BOM_6E_2026-08-29_T+7_1787388621023_8vbn,DEL-BOM,EaseMyTrip,6E,6E-6706,2026-08-29,T+7,5355,1175,6530,2026-08-22T08:49:24.134Z,FALSE,"",17:00,TRUE
fare_DEL-BOM_6E_2026-08-29_T+7_1787388621023_x69d,DEL-BOM,EaseMyTrip,6E,6E-156,2026-08-29,T+7,5355,1175,6530,2026-08-22T08:49:24.134Z,FALSE,"",16:15,TRUE
fare_DEL-BOM_6E_2026-08-29_T+7_1787388621023_50nw,DEL-BOM,EaseMyTrip,6E,6E-230,2026-08-29,T+7,5355,1175,6530,2026-08-22T08:49:24.134Z,FALSE,"",16:15,TRUE
fare_DEL-BOM_6E_2026-08-29_T+7_1787388621023_8qxq,DEL-BOM,EaseMyTrip,6E,6E-970,2026-08-29,T+7,5355,1175,6530,2026-08-22T08:49:24.134Z,FALSE,"",15:30,TRUE
fare_DEL-BOM_6E_2026-08-29_T+7_1787388621023_ix31,DEL-BOM,EaseMyTrip,6E,6E-127,2026-08-29,T+7,5355,1175,6530,2026-08-22T08:49:24.134Z,FALSE,"",15:30,TRUE
fare_DEL-BOM_6E_2026-08-29_T+7_1787388621023_fsif,DEL-BOM,EaseMyTrip,6E,6E-6022,2026-08-29,T+7,5355,1175,6530,2026-08-22T08:49:24.134Z,FALSE,"",14:00,TRUE
fare_DEL-BOM_6E_2026-08-29_T+7_1787388621023_tyhm,DEL-BOM,EaseMyTrip,6E,6E-6318,2026-08-29,T+7,5355,1175,6530,2026-08-22T08:49:24.134Z,FALSE,"",14:45,TRUE
fare_DEL-BOM_6E_2026-08-29_T+7_1787388621023_yuvn,DEL-BOM,EaseMyTrip,6E,6E-941,2026-08-29,T+7,5355,1175,6530,2026-08-22T08:49:24.134Z,FALSE,"",08:45,TRUE
fare_DEL-BOM_6E_2026-08-29_T+7_1787388621023_udq9,DEL-BOM,EaseMyTrip,6E,6E-994,2026-08-29,T+7,5355,1175,6530,2026-08-22T08:49:24.134Z,FALSE,"",08:45,TRUE
fare_DEL-BOM_6E_2026-08-29_T+7_1787388621023_if4e,DEL-BOM,EaseMyTrip,6E,6E-6328,2026-08-29,T+7,5355,1175,6530,2026-08-22T08:49:24.134Z,FALSE,"",10:15,TRUE
fare_DEL-BOM_6E_2026-08-29_T+7_1787388621023_h792,DEL-BOM,EaseMyTrip,6E,6E-6047,2026-08-29,T+7,5355,1175,6530,2026-08-22T08:49:24.134Z,FALSE,"",11:00,TRUE
fare_DEL-BOM_6E_2026-08-29_T+7_1787388621023_4hla,DEL-BOM,EaseMyTrip,6E,6E-6676,2026-08-29,T+7,5355,1175,6530,2026-08-22T08:49:24.134Z,FALSE,"",12:00,TRUE
fare_DEL-BOM_6E_2026-08-29_T+7_1787388621023_bazm,DEL-BOM,EaseMyTrip,6E,6E-575,2026-08-29,T+7,5355,1175,6530,2026-08-22T08:49:24.134Z,FALSE,"",13:00,TRUE
fare_DEL-BOM_6E_2026-08-29_T+7_1787388621023_jvg2,DEL-BOM,EaseMyTrip,6E,6E-341,2026-08-29,T+7,5355,1175,6530,2026-08-22T08:49:24.134Z,FALSE,"",13:00,TRUE
fare_DEL-BOM_6E_2026-08-29_T+7_1787388621023_q3f9,DEL-BOM,EaseMyTrip,6E,6E-6107,2026-08-29,T+7,5355,1175,6530,2026-08-22T08:49:24.134Z,FALSE,"",09:30,TRUE
fare_DEL-BOM_QP_2026-08-29_T+7_1787388621023_6xu7,DEL-BOM,EaseMyTrip,QP,QP-1940,2026-08-29,T+7,5427,1191,6618,2026-08-22T08:49:24.134Z,FALSE,"",14:10,TRUE
fare_DEL-BOM_QP_2026-08-29_T+7_1787388621023_b1ul,DEL-BOM,EaseMyTrip,QP,QP-1942,2026-08-29,T+7,5427,1191,6618,2026-08-22T08:49:24.134Z,FALSE,"",21:05,TRUE
fare_DEL-BOM_6E_2026-08-29_T+7_1787388621023_vf59,DEL-BOM,EaseMyTrip,6E,6E-5198,2026-08-29,T+7,5427,1191,6618,2026-08-22T08:49:24.134Z,FALSE,"",15:00,TRUE
fare_DEL-BOM_6E_2026-08-29_T+7_1787388621023_p4bw,DEL-BOM,EaseMyTrip,6E,6E-599,2026-08-29,T+7,5484,1204,6688,2026-08-22T08:49:24.134Z,FALSE,"",05:00,TRUE
fare_DEL-BOM_6E_2026-08-29_T+7_1787388621023_taml,DEL-BOM,EaseMyTrip,6E,6E-641,2026-08-29,T+7,5484,1204,6688,2026-08-22T08:49:24.134Z,FALSE,"",05:00,TRUE
fare_DEL-BOM_6E_2026-08-29_T+7_1787388621023_5kls,DEL-BOM,EaseMyTrip,6E,6E-519,2026-08-29,T+7,5484,1204,6688,2026-08-22T08:49:24.134Z,FALSE,"",23:30,TRUE
fare_DEL-BOM_6E_2026-08-29_T+7_1787388621023_cs77,DEL-BOM,EaseMyTrip,6E,6E-670,2026-08-29,T+7,5484,1204,6688,2026-08-22T08:49:24.134Z,FALSE,"",23:30,TRUE
fare_DEL-BOM_6E_2026-08-29_T+7_1787388621023_emb6,DEL-BOM,EaseMyTrip,6E,6E-6114,2026-08-29,T+7,5484,1204,6688,2026-08-22T08:49:24.134Z,FALSE,"",22:45,TRUE
fare_DEL-BOM_6E_2026-08-29_T+7_1787388621023_0iiw,DEL-BOM,EaseMyTrip,6E,6E-794,2026-08-29,T+7,5484,1204,6688,2026-08-22T08:49:24.134Z,FALSE,"",21:45,TRUE
fare_DEL-BOM_6E_2026-08-29_T+7_1787388621023_falr,DEL-BOM,EaseMyTrip,6E,6E-245,2026-08-29,T+7,5484,1204,6688,2026-08-22T08:49:24.134Z,FALSE,"",21:45,TRUE
fare_DEL-BOM_6E_2026-08-29_T+7_1787388621023_83hv,DEL-BOM,EaseMyTrip,6E,6E-701,2026-08-29,T+7,5484,1204,6688,2026-08-22T08:49:24.134Z,FALSE,"",20:00,TRUE
fare_DEL-BOM_6E_2026-08-29_T+7_1787388621023_0c7k,DEL-BOM,EaseMyTrip,6E,6E-172,2026-08-29,T+7,5484,1204,6688,2026-08-22T08:49:24.134Z,FALSE,"",20:00,TRUE
fare_DEL-BOM_6E_2026-08-29_T+7_1787388621023_5jy0,DEL-BOM,EaseMyTrip,6E,6E-939,2026-08-29,T+7,5484,1204,6688,2026-08-22T08:49:24.134Z,FALSE,"",19:00,TRUE
fare_DEL-BOM_6E_2026-08-29_T+7_1787388621023_p31p,DEL-BOM,EaseMyTrip,6E,6E-466,2026-08-29,T+7,5484,1204,6688,2026-08-22T08:49:24.134Z,FALSE,"",19:00,TRUE
fare_DEL-BOM_6E_2026-08-29_T+7_1787388621023_7tn5,DEL-BOM,EaseMyTrip,6E,6E-750,2026-08-29,T+7,5484,1204,6688,2026-08-22T08:49:24.134Z,FALSE,"",18:00,TRUE
fare_DEL-BOM_6E_2026-08-29_T+7_1787388621023_fjg6,DEL-BOM,EaseMyTrip,6E,6E-590,2026-08-29,T+7,5484,1204,6688,2026-08-22T08:49:24.134Z,FALSE,"",18:00,TRUE
fare_DEL-BOM_6E_2026-08-29_T+7_1787388621023_g3ro,DEL-BOM,EaseMyTrip,6E,6E-6218,2026-08-29,T+7,5484,1204,6688,2026-08-22T08:49:24.134Z,FALSE,"",06:05,TRUE
fare_DEL-BOM_6E_2026-08-29_T+7_1787388621023_gwgg,DEL-BOM,EaseMyTrip,6E,6E-454,2026-08-29,T+7,5484,1204,6688,2026-08-22T08:49:24.134Z,FALSE,"",08:00,TRUE
fare_DEL-BOM_6E_2026-08-29_T+7_1787388621023_2tch,DEL-BOM,EaseMyTrip,6E,6E-515,2026-08-29,T+7,5484,1204,6688,2026-08-22T08:49:24.134Z,FALSE,"",08:00,TRUE
fare_DEL-BOM_6E_2026-08-29_T+7_1787388621023_1lob,DEL-BOM,EaseMyTrip,6E,6E-6814,2026-08-29,T+7,5484,1204,6688,2026-08-22T08:49:24.134Z,FALSE,"",07:15,TRUE
fare_DEL-BOM_AI_2026-08-29_T+7_1787388621023_kqqb,DEL-BOM,EaseMyTrip,AI,AI-2963,2026-08-29,T+7,5740,1260,7000,2026-08-22T08:49:24.134Z,FALSE,"",09:00,TRUE
fare_DEL-BOM_AI_2026-08-29_T+7_1787388621023_4woi,DEL-BOM,EaseMyTrip,AI,AI-2425,2026-08-29,T+7,5740,1260,7000,2026-08-22T08:49:24.134Z,FALSE,"",10:30,TRUE
fare_DEL-BOM_AI_2026-08-29_T+7_1787388621023_o3kg,DEL-BOM,EaseMyTrip,AI,AI-2941,2026-08-29,T+7,5740,1260,7000,2026-08-22T08:49:24.134Z,FALSE,"",16:30,TRUE
fare_DEL-BOM_AI_2026-08-29_T+7_1787388621023_c5v2,DEL-BOM,EaseMyTrip,AI,AI-2981,2026-08-29,T+7,5740,1260,7000,2026-08-22T08:49:24.134Z,FALSE,"",21:00,TRUE
fare_DEL-BOM_AI_2026-08-29_T+7_1787388621023_r9nm,DEL-BOM,EaseMyTrip,AI,AI-1785,2026-08-29,T+7,5740,1260,7000,2026-08-22T08:49:24.134Z,FALSE,"",12:00,TRUE
fare_DEL-BOM_AI_2026-08-29_T+7_1787388621023_h8qw,DEL-BOM,EaseMyTrip,AI,AI-1777,2026-08-29,T+7,5740,1260,7000,2026-08-22T08:49:24.134Z,FALSE,"",16:00,TRUE
fare_DEL-BOM_AI_2026-08-29_T+7_1787388621023_jxha,DEL-BOM,EaseMyTrip,AI,AI-441,2026-08-29,T+7,5740,1260,7000,2026-08-22T08:49:24.134Z,FALSE,"",17:00,TRUE
fare_DEL-BOM_AI_2026-08-29_T+7_1787388621023_7drg,DEL-BOM,EaseMyTrip,AI,AI-2751,2026-08-29,T+7,5740,1260,7000,2026-08-22T08:49:24.134Z,FALSE,"",17:30,TRUE
fare_DEL-BOM_AI_2026-08-29_T+7_1787388621023_vf46,DEL-BOM,EaseMyTrip,AI,AI-2927,2026-08-29,T+7,5740,1260,7000,2026-08-22T08:49:24.134Z,FALSE,"",09:30,TRUE
fare_DEL-BOM_QP_2026-08-29_T+7_1787388621023_nwx3,DEL-BOM,EaseMyTrip,QP,QP-1833,2026-08-29,T+7,5652,1241,6893,2026-08-22T08:49:24.134Z,FALSE,"",06:50,TRUE
fare_DEL-BOM_QP_2026-08-29_T+7_1787388621023_08qe,DEL-BOM,EaseMyTrip,QP,QP-1112,2026-08-29,T+7,5652,1241,6893,2026-08-22T08:49:24.134Z,FALSE,"",09:20,TRUE
fare_DEL-BOM_AI_2026-08-29_T+7_1787388621023_l20j,DEL-BOM,EaseMyTrip,AI,AI-2975,2026-08-29,T+7,5870,1289,7159,2026-08-22T08:49:24.134Z,FALSE,"",06:30,TRUE
fare_DEL-BOM_AI_2026-08-29_T+7_1787388621023_04fg,DEL-BOM,EaseMyTrip,AI,AI-1745,2026-08-29,T+7,5870,1289,7159,2026-08-22T08:49:24.134Z,FALSE,"",05:30,TRUE
fare_DEL-BOM_AI_2026-08-29_T+7_1787388621023_txdn,DEL-BOM,EaseMyTrip,AI,AI-2429,2026-08-29,T+7,5870,1289,7159,2026-08-22T08:49:24.134Z,FALSE,"",07:00,TRUE
fare_DEL-BOM_AI_2026-08-29_T+7_1787388621023_er0n,DEL-BOM,EaseMyTrip,AI,AI-2943,2026-08-29,T+7,5870,1289,7159,2026-08-22T08:49:24.134Z,FALSE,"",07:30,TRUE
fare_DEL-BOM_AI_2026-08-29_T+7_1787388621023_b899,DEL-BOM,EaseMyTrip,AI,AI-2933,2026-08-29,T+7,5870,1289,7159,2026-08-22T08:49:24.134Z,FALSE,"",15:30,TRUE
fare_DEL-BOM_AI_2026-08-29_T+7_1787388621023_lrue,DEL-BOM,EaseMyTrip,AI,AI-2955,2026-08-29,T+7,5870,1289,7159,2026-08-22T08:49:24.134Z,FALSE,"",18:00,TRUE
fare_DEL-BOM_AI_2026-08-29_T+7_1787388621023_0d0f,DEL-BOM,EaseMyTrip,AI,AI-2977,2026-08-29,T+7,5870,1289,7159,2026-08-22T08:49:24.134Z,FALSE,"",19:00,TRUE
fare_DEL-BOM_AI_2026-08-29_T+7_1787388621023_pn7r,DEL-BOM,EaseMyTrip,AI,AI-2985,2026-08-29,T+7,5870,1289,7159,2026-08-22T08:49:24.134Z,FALSE,"",19:30,TRUE
fare_DEL-BOM_AI_2026-08-29_T+7_1787388621023_q85k,DEL-BOM,EaseMyTrip,AI,AI-2433,2026-08-29,T+7,5870,1289,7159,2026-08-22T08:49:24.134Z,FALSE,"",21:30,TRUE
fare_DEL-BOM_AI_2026-08-29_T+7_1787388621023_7qcz,DEL-BOM,EaseMyTrip,AI,AI-2999,2026-08-29,T+7,5870,1289,7159,2026-08-22T08:49:24.134Z,FALSE,"",22:00,TRUE
fare_DEL-BOM_AI_2026-08-29_T+7_1787388621023_0qec,DEL-BOM,EaseMyTrip,AI,AI-2437,2026-08-29,T+7,5870,1289,7159,2026-08-22T08:49:24.134Z,FALSE,"",22:30,TRUE
fare_DEL-BOM_AI_2026-08-29_T+7_1787388621023_xox1,DEL-BOM,EaseMyTrip,AI,AI-2439,2026-08-29,T+7,5870,1289,7159,2026-08-22T08:49:24.134Z,FALSE,"",23:00,TRUE
fare_DEL-BOM_AI_2026-08-29_T+7_1787388621023_ctlw,DEL-BOM,EaseMyTrip,AI,AI-2615,2026-08-29,T+7,5870,1289,7159,2026-08-22T08:49:24.134Z,FALSE,"",02:45,TRUE
fare_DEL-BOM_AI_2026-08-29_T+7_1787388621023_gfvh,DEL-BOM,EaseMyTrip,AI,AI-2441,2026-08-29,T+7,5870,1289,7159,2026-08-22T08:49:24.134Z,FALSE,"",18:25,TRUE
fare_DEL-BOM_AI_2026-08-29_T+7_1787388621023_lhjd,DEL-BOM,EaseMyTrip,AI,AI-2957,2026-08-29,T+7,5870,1289,7159,2026-08-22T08:49:24.134Z,FALSE,"",20:30,TRUE
fare_DEL-BOM_QP_2026-08-29_T+7_1787388621023_6x3f,DEL-BOM,EaseMyTrip,QP,QP-1110,2026-08-29,T+7,5756,1263,7019,2026-08-22T08:49:24.134Z,FALSE,"",10:30,TRUE
fare_DEL-BOM_QP_2026-08-29_T+7_1787388621023_stpt,DEL-BOM,EaseMyTrip,QP,QP-1119,2026-08-29,T+7,5756,1263,7019,2026-08-22T08:49:24.134Z,FALSE,"",08:40,TRUE
fare_DEL-BOM_QP_2026-08-29_T+7_1787388621023_8t2d,DEL-BOM,EaseMyTrip,QP,QP-1826,2026-08-29,T+7,5756,1263,7019,2026-08-22T08:49:24.134Z,FALSE,"",19:55,TRUE
fare_DEL-BOM_6E_2026-08-29_T+7_1787388621023_7t3j,DEL-BOM,EaseMyTrip,6E,6E-6190,2026-08-29,T+7,5920,1299,7219,2026-08-22T08:49:24.134Z,FALSE,"",07:40,FALSE
fare_DEL-BOM_6E_2026-08-29_T+7_1787388621023_kgde,DEL-BOM,EaseMyTrip,6E,6E-473,2026-08-29,T+7,5920,1299,7219,2026-08-22T08:49:24.134Z,FALSE,"",10:00,FALSE
fare_DEL-BOM_6E_2026-08-29_T+7_1787388621023_hktw,DEL-BOM,EaseMyTrip,6E,6E-831,2026-08-29,T+7,5920,1299,7219,2026-08-22T08:49:24.134Z,FALSE,"",10:00,FALSE
fare_DEL-BOM_6E_2026-08-29_T+7_1787388621023_n61r,DEL-BOM,EaseMyTrip,6E,6E-2076,2026-08-29,T+7,5920,1299,7219,2026-08-22T08:49:24.134Z,FALSE,"",07:30,FALSE
fare_DEL-BOM_6E_2026-08-29_T+7_1787388621023_g3qs,DEL-BOM,EaseMyTrip,6E,6E-5014,2026-08-29,T+7,5963,1309,7272,2026-08-22T08:49:24.134Z,FALSE,"",18:30,FALSE
fare_DEL-BOM_6E_2026-08-29_T+7_1787388621023_sgn3,DEL-BOM,EaseMyTrip,6E,6E-6171,2026-08-29,T+7,5963,1309,7272,2026-08-22T08:49:24.134Z,FALSE,"",05:40,FALSE
fare_DEL-BOM_6E_2026-08-29_T+7_1787388621023_a83g,DEL-BOM,EaseMyTrip,6E,6E-6983,2026-08-29,T+7,5963,1309,7272,2026-08-22T08:49:24.134Z,FALSE,"",15:35,FALSE
fare_DEL-BOM_6E_2026-08-29_T+7_1787388621023_xmj6,DEL-BOM,EaseMyTrip,6E,6E-6261,2026-08-29,T+7,5963,1309,7272,2026-08-22T08:49:24.134Z,FALSE,"",00:15,FALSE
fare_DEL-BOM_6E_2026-08-29_T+7_1787388621023_h2m7,DEL-BOM,EaseMyTrip,6E,6E-2331,2026-08-29,T+7,5963,1309,7272,2026-08-22T08:49:24.134Z,FALSE,"",12:20,FALSE
fare_DEL-BOM_6E_2026-08-29_T+7_1787388621023_svac,DEL-BOM,EaseMyTrip,6E,6E-6490,2026-08-29,T+7,6027,1323,7350,2026-08-22T08:49:24.134Z,FALSE,"",04:55,FALSE
fare_DEL-BOM_SG_2026-08-29_T+7_1787388621023_qjqg,DEL-BOM,EaseMyTrip,SG,SG-450,2026-08-29,T+7,6846,1503,8349,2026-08-22T08:49:24.134Z,FALSE,"",09:15,TRUE
fare_DEL-BOM_SG_2026-08-29_T+7_1787388621023_08f6,DEL-BOM,EaseMyTrip,SG,SG-976,2026-08-29,T+7,6846,1503,8349,2026-08-22T08:49:24.134Z,FALSE,"",09:15,TRUE
fare_DEL-BOM_6E_2026-08-29_T+7_1787388621023_71yr,DEL-BOM,EaseMyTrip,6E,6E-2249,2026-08-29,T+7,6070,1333,7403,2026-08-22T08:49:24.134Z,FALSE,"",15:00,FALSE
fare_DEL-BOM_6E_2026-08-29_T+7_1787388621023_0v23,DEL-BOM,EaseMyTrip,6E,6E-5138,2026-08-29,T+7,6070,1333,7403,2026-08-22T08:49:24.134Z,FALSE,"",19:10,FALSE
fare_DEL-BOM_6E_2026-08-29_T+7_1787388621023_40m5,DEL-BOM,EaseMyTrip,6E,6E-2169,2026-08-29,T+7,6070,1333,7403,2026-08-22T08:49:24.134Z,FALSE,"",19:40,FALSE
fare_DEL-BOM_6E_2026-08-29_T+7_1787388621023_sg5b,DEL-BOM,EaseMyTrip,6E,6E-6443,2026-08-29,T+7,6070,1333,7403,2026-08-22T08:49:24.134Z,FALSE,"",09:00,FALSE
fare_DEL-BOM_6E_2026-08-29_T+7_1787388621023_o0qz,DEL-BOM,EaseMyTrip,6E,6E-6312,2026-08-29,T+7,6070,1333,7403,2026-08-22T08:49:24.134Z,FALSE,"",14:25,FALSE
fare_DEL-BOM_6E_2026-08-29_T+7_1787388621023_q88k,DEL-BOM,EaseMyTrip,6E,6E-6433,2026-08-29,T+7,6070,1333,7403,2026-08-22T08:49:24.134Z,FALSE,"",16:30,FALSE
fare_DEL-BOM_6E_2026-08-29_T+7_1787388621023_zk4e,DEL-BOM,EaseMyTrip,6E,6E-6459,2026-08-29,T+7,6070,1333,7403,2026-08-22T08:49:24.134Z,FALSE,"",05:55,FALSE
fare_DEL-BOM_6E_2026-08-29_T+7_1787388621023_xcb0,DEL-BOM,EaseMyTrip,6E,6E-6479,2026-08-29,T+7,6135,1347,7482,2026-08-22T08:49:24.134Z,FALSE,"",21:25,FALSE
fare_DEL-BOM_6E_2026-08-29_T+7_1787388621023_zayv,DEL-BOM,EaseMyTrip,6E,6E-5298,2026-08-29,T+7,6135,1347,7482,2026-08-22T08:49:24.134Z,FALSE,"",09:00,FALSE
fare_DEL-BOM_6E_2026-08-29_T+7_1787388621023_hzcl,DEL-BOM,EaseMyTrip,6E,6E-5038,2026-08-29,T+7,6135,1347,7482,2026-08-22T08:49:24.134Z,FALSE,"",14:00,FALSE
fare_DEL-BOM_6E_2026-08-29_T+7_1787388621023_bxkd,DEL-BOM,EaseMyTrip,6E,6E-6050,2026-08-29,T+7,6135,1347,7482,2026-08-22T08:49:24.134Z,FALSE,"",08:15,FALSE
fare_DEL-BOM_6E_2026-08-29_T+7_1787388621023_dexq,DEL-BOM,EaseMyTrip,6E,6E-2147,2026-08-29,T+7,6135,1347,7482,2026-08-22T08:49:24.134Z,FALSE,"",11:10,FALSE
fare_DEL-BOM_6E_2026-08-29_T+7_1787388621023_41co,DEL-BOM,EaseMyTrip,6E,6E-5206,2026-08-29,T+7,6135,1347,7482,2026-08-22T08:49:24.134Z,FALSE,"",13:20,FALSE
fare_DEL-BOM_IX_2026-08-29_T+7_1787388621023_wuvu,DEL-BOM,EaseMyTrip,IX,IX-1056,2026-08-29,T+7,6387,1402,7789,2026-08-22T08:49:24.134Z,FALSE,"",17:50,TRUE
fare_DEL-BOM_6E_2026-08-29_T+7_1787388621023_b3pd,DEL-BOM,EaseMyTrip,6E,6E-5119,2026-08-29,T+7,6240,1370,7610,2026-08-22T08:49:24.134Z,FALSE,"",05:10,FALSE
fare_DEL-BOM_6E_2026-08-29_T+7_1787388621023_57q5,DEL-BOM,EaseMyTrip,6E,6E-6601,2026-08-29,T+7,6243,1370,7613,2026-08-22T08:49:24.134Z,FALSE,"",19:45,FALSE
fare_DEL-BOM_6E_2026-08-29_T+7_1787388621023_1r71,DEL-BOM,EaseMyTrip,6E,6E-214,2026-08-29,T+7,6243,1370,7613,2026-08-22T08:49:24.134Z,FALSE,"",02:25,FALSE
fare_DEL-BOM_6E_2026-08-29_T+7_1787388621023_2xua,DEL-BOM,EaseMyTrip,6E,6E-905,2026-08-29,T+7,6243,1370,7613,2026-08-22T08:49:24.134Z,FALSE,"",02:25,FALSE
fare_DEL-BOM_6E_2026-08-29_T+7_1787388621023_1rdq,DEL-BOM,EaseMyTrip,6E,6E-820,2026-08-29,T+7,6243,1370,7613,2026-08-22T08:49:24.134Z,FALSE,"",23:15,FALSE
fare_DEL-BOM_6E_2026-08-29_T+7_1787388621023_t2e6,DEL-BOM,EaseMyTrip,6E,6E-553,2026-08-29,T+7,6243,1370,7613,2026-08-22T08:49:24.134Z,FALSE,"",23:15,FALSE
fare_DEL-BOM_6E_2026-08-29_T+7_1787388621023_yvg9,DEL-BOM,EaseMyTrip,6E,6E-6497,2026-08-29,T+7,6243,1370,7613,2026-08-22T08:49:24.134Z,FALSE,"",18:45,FALSE
fare_DEL-BOM_6E_2026-08-29_T+7_1787388621023_f1zu,DEL-BOM,EaseMyTrip,6E,6E-6293,2026-08-29,T+7,6243,1370,7613,2026-08-22T08:49:24.134Z,FALSE,"",09:55,FALSE
fare_DEL-BOM_6E_2026-08-29_T+7_1787388621023_1mup,DEL-BOM,EaseMyTrip,6E,6E-381,2026-08-29,T+7,6307,1385,7692,2026-08-22T08:49:24.134Z,FALSE,"",19:30,FALSE
fare_DEL-BOM_6E_2026-08-29_T+7_1787388621023_rhjo,DEL-BOM,EaseMyTrip,6E,6E-659,2026-08-29,T+7,6307,1385,7692,2026-08-22T08:49:24.134Z,FALSE,"",19:30,FALSE
fare_DEL-BOM_6E_2026-08-29_T+7_1787388621023_efgh,DEL-BOM,EaseMyTrip,6E,6E-2341,2026-08-29,T+7,6380,1400,7780,2026-08-22T08:49:24.134Z,FALSE,"",14:50,FALSE
fare_DEL-BOM_6E_2026-08-29_T+7_1787388621023_uszp,DEL-BOM,EaseMyTrip,6E,6E-878,2026-08-29,T+7,6380,1400,7780,2026-08-22T08:49:24.134Z,FALSE,"",10:00,FALSE
fare_DEL-BOM_6E_2026-08-29_T+7_1787388621023_y2hf,DEL-BOM,EaseMyTrip,6E,6E-2571,2026-08-29,T+7,6831,1500,8331,2026-08-22T08:49:24.134Z,FALSE,"",12:30,FALSE
fare_DEL-BOM_6E_2026-08-29_T+7_1787388621023_48e7,DEL-BOM,EaseMyTrip,6E,6E-2013,2026-08-29,T+7,6976,1531,8507,2026-08-22T08:49:24.134Z,FALSE,"",21:50,FALSE
fare_DEL-BOM_6E_2026-08-29_T+7_1787388621023_7ykq,DEL-BOM,EaseMyTrip,6E,6E-7646,2026-08-29,T+7,7234,1588,8822,2026-08-22T08:49:24.134Z,FALSE,"",06:15,FALSE
fare_DEL-BOM_AI_2026-08-29_T+7_1787388621023_30o7,DEL-BOM,EaseMyTrip,AI,AI-2717,2026-08-29,T+7,7847,1722,9569,2026-08-22T08:49:24.134Z,FALSE,"",06:55,FALSE
fare_DEL-BOM_AI_2026-08-29_T+7_1787388621023_muwp,DEL-BOM,EaseMyTrip,AI,AI-2623,2026-08-29,T+7,7847,1722,9569,2026-08-22T08:49:24.134Z,FALSE,"",13:35,FALSE
fare_DEL-BOM_AI_2026-08-29_T+7_1787388621023_10ac,DEL-BOM,EaseMyTrip,AI,AI-1780,2026-08-29,T+7,7858,1725,9583,2026-08-22T08:49:24.134Z,FALSE,"",14:30,TRUE
fare_DEL-BOM_IX_2026-08-29_T+7_1787388621023_svhn,DEL-BOM,EaseMyTrip,IX,IX-1789,2026-08-29,T+7,7948,1745,9693,2026-08-22T08:49:24.134Z,FALSE,"",10:40,FALSE
fare_DEL-BOM_6E_2026-08-29_T+7_1787388621023_11n3,DEL-BOM,EaseMyTrip,6E,6E-5073,2026-08-29,T+7,8046,1766,9812,2026-08-22T08:49:24.134Z,FALSE,"",17:05,FALSE
fare_DEL-BOM_6E_2026-08-29_T+7_1787388621023_lsmr,DEL-BOM,EaseMyTrip,6E,6E-395,2026-08-29,T+7,8375,1838,10213,2026-08-22T08:49:24.134Z,FALSE,"",19:35,FALSE
fare_DEL-BOM_6E_2026-08-29_T+7_1787388621023_r0rc,DEL-BOM,EaseMyTrip,6E,6E-294,2026-08-29,T+7,8375,1838,10213,2026-08-22T08:49:24.134Z,FALSE,"",19:35,FALSE
fare_DEL-BOM_IX_2026-08-29_T+7_1787388621023_c4p3,DEL-BOM,EaseMyTrip,IX,IX-1057,2026-08-29,T+7,8685,1907,10592,2026-08-22T08:49:24.134Z,FALSE,"",05:25,FALSE
fare_DEL-BOM_6E_2026-08-29_T+7_1787388621023_mfvc,DEL-BOM,EaseMyTrip,6E,6E-2381,2026-08-29,T+7,8480,1862,10342,2026-08-22T08:49:24.134Z,FALSE,"",13:45,FALSE
fare_DEL-BOM_IX_2026-08-29_T+7_1787388621023_4y17,DEL-BOM,EaseMyTrip,IX,IX-5316,2026-08-29,T+7,9060,1989,11049,2026-08-22T08:49:24.134Z,FALSE,"",15:30,FALSE
fare_DEL-BOM_AI_2026-08-29_T+7_1787388621023_3ttu,DEL-BOM,EaseMyTrip,AI,AI-1767,2026-08-29,T+7,9593,2106,11699,2026-08-22T08:49:24.134Z,FALSE,"",07:20,FALSE
fare_DEL-BOM_6E_2026-08-29_T+7_1787388621023_dsf3,DEL-BOM,EaseMyTrip,6E,6E-6829,2026-08-29,T+7,9734,2137,11871,2026-08-22T08:49:24.134Z,FALSE,"",17:20,FALSE
fare_DEL-BOM_AI_2026-08-29_T+7_1787388621023_2823,DEL-BOM,EaseMyTrip,AI,AI-1705,2026-08-29,T+7,9956,2185,12141,2026-08-22T08:49:24.134Z,FALSE,"",06:30,FALSE
fare_DEL-BOM_6E_2026-08-29_T+7_1787388621023_08n1,DEL-BOM,EaseMyTrip,6E,6E-6282,2026-08-29,T+7,10113,2220,12333,2026-08-22T08:49:24.134Z,FALSE,"",13:30,FALSE
fare_DEL-BOM_AI_2026-08-29_T+7_1787388621023_ib0q,DEL-BOM,EaseMyTrip,AI,AI-9920,2026-08-29,T+7,10864,2385,13249,2026-08-22T08:49:24.134Z,FALSE,"",10:30,FALSE
fare_DEL-BOM_6E_2026-08-29_T+7_1787388621023_mx39,DEL-BOM,EaseMyTrip,6E,6E-616,2026-08-29,T+7,10993,2413,13406,2026-08-22T08:49:24.134Z,FALSE,"",08:30,FALSE
fare_DEL-BOM_6E_2026-08-29_T+7_1787388621023_2p7j,DEL-BOM,EaseMyTrip,6E,6E-978,2026-08-29,T+7,10993,2413,13406,2026-08-22T08:49:24.134Z,FALSE,"",08:30,FALSE
fare_DEL-BOM_AI_2026-08-29_T+7_1787388621023_ob84,DEL-BOM,EaseMyTrip,AI,AI-2909,2026-08-29,T+7,11417,2506,13923,2026-08-22T08:49:24.134Z,FALSE,"",22:30,FALSE
fare_DEL-BOM_AI_2026-08-29_T+7_1787388621023_rlen,DEL-BOM,EaseMyTrip,AI,AI-2939,2026-08-29,T+7,11509,2526,14035,2026-08-22T08:49:24.134Z,FALSE,"",16:40,FALSE
fare_DEL-BOM_AI_2026-08-29_T+7_1787388621023_2ci0,DEL-BOM,EaseMyTrip,AI,AI-2481,2026-08-29,T+7,11509,2526,14035,2026-08-22T08:49:24.134Z,FALSE,"",15:00,FALSE
fare_DEL-BOM_AI_2026-08-29_T+7_1787388621023_lpoy,DEL-BOM,EaseMyTrip,AI,AI-817,2026-08-29,T+7,11694,2567,14261,2026-08-22T08:49:24.134Z,TRUE,"High outlier: ₹14261 > upper fence ₹14133 (Q3: ₹9666, IQR: ₹2978)",05:55,FALSE
fare_DEL-BOM_IX_2026-08-29_T+7_1787388621023_ukik,DEL-BOM,EaseMyTrip,IX,IX-1068,2026-08-29,T+7,11965,2626,14591,2026-08-22T08:49:24.134Z,TRUE,"High outlier: ₹14591 > upper fence ₹14133 (Q3: ₹9666, IQR: ₹2978)",11:55,FALSE
fare_DEL-BOM_6E_2026-08-29_T+7_1787388621023_8pmm,DEL-BOM,EaseMyTrip,6E,6E-7642,2026-08-29,T+7,11773,2584,14357,2026-08-22T08:49:24.134Z,TRUE,"High outlier: ₹14357 > upper fence ₹14133 (Q3: ₹9666, IQR: ₹2978)",15:45,FALSE
fare_DEL-BOM_AI_2026-08-29_T+7_1787388621023_nla6,DEL-BOM,EaseMyTrip,AI,AI-1743,2026-08-29,T+7,13065,2868,15933,2026-08-22T08:49:24.134Z,TRUE,"High outlier: ₹15933 > upper fence ₹14133 (Q3: ₹9666, IQR: ₹2978)",06:50,FALSE
fare_DEL-BOM_AI_2026-08-29_T+7_1787388621023_b1id,DEL-BOM,EaseMyTrip,AI,AI-1712,2026-08-29,T+7,13077,2870,15947,2026-08-22T08:49:24.134Z,TRUE,"High outlier: ₹15947 > upper fence ₹14133 (Q3: ₹9666, IQR: ₹2978)",13:15,FALSE
fare_DEL-BOM_AI_2026-08-29_T+7_1787388621023_yg20,DEL-BOM,EaseMyTrip,AI,AI-2723,2026-08-29,T+7,13569,2978,16547,2026-08-22T08:49:24.134Z,TRUE,"High outlier: ₹16547 > upper fence ₹14133 (Q3: ₹9666, IQR: ₹2978)",15:00,FALSE
fare_DEL-BOM_IX_2026-08-29_T+7_1787388621023_s32t,DEL-BOM,EaseMyTrip,IX,IX-1482,2026-08-29,T+7,13729,3014,16743,2026-08-22T08:49:24.134Z,TRUE,"High outlier: ₹16743 > upper fence ₹14133 (Q3: ₹9666, IQR: ₹2978)",08:30,FALSE
fare_DEL-BOM_AI_2026-08-29_T+7_1787388621023_ehay,DEL-BOM,EaseMyTrip,AI,AI-491,2026-08-29,T+7,13815,3033,16848,2026-08-22T08:49:24.134Z,TRUE,"High outlier: ₹16848 > upper fence ₹14133 (Q3: ₹9666, IQR: ₹2978)",11:15,FALSE
fare_DEL-BOM_AI_2026-08-29_T+7_1787388621023_5odl,DEL-BOM,EaseMyTrip,AI,AI-1711,2026-08-29,T+7,13815,3033,16848,2026-08-22T08:49:24.134Z,TRUE,"High outlier: ₹16848 > upper fence ₹14133 (Q3: ₹9666, IQR: ₹2978)",10:25,FALSE
fare_DEL-BOM_AI_2026-08-29_T+7_1787388621023_shss,DEL-BOM,EaseMyTrip,AI,AI-2907,2026-08-29,T+7,14034,3081,17115,2026-08-22T08:49:24.134Z,TRUE,"High outlier: ₹17115 > upper fence ₹14133 (Q3: ₹9666, IQR: ₹2978)",11:55,FALSE
fare_DEL-BOM_AI_2026-08-29_T+7_1787388621023_tean,DEL-BOM,EaseMyTrip,AI,AI-9418,2026-08-29,T+7,14191,3115,17306,2026-08-22T08:49:24.134Z,TRUE,"High outlier: ₹17306 > upper fence ₹14133 (Q3: ₹9666, IQR: ₹2978)",13:10,FALSE
fare_DEL-BOM_IX_2026-08-29_T+7_1787388621023_ucn8,DEL-BOM,EaseMyTrip,IX,IX-2820,2026-08-29,T+7,14334,3146,17480,2026-08-22T08:49:24.134Z,TRUE,"High outlier: ₹17480 > upper fence ₹14133 (Q3: ₹9666, IQR: ₹2978)",21:00,FALSE
fare_DEL-BOM_AI_2026-08-29_T+7_1787388621023_39qy,DEL-BOM,EaseMyTrip,AI,AI-2735,2026-08-29,T+7,14377,3156,17533,2026-08-22T08:49:24.134Z,TRUE,"High outlier: ₹17533 > upper fence ₹14133 (Q3: ₹9666, IQR: ₹2978)",15:40,FALSE
fare_DEL-BOM_AI_2026-08-29_T+7_1787388621023_zioc,DEL-BOM,EaseMyTrip,AI,AI-2577,2026-08-29,T+7,14577,3200,17777,2026-08-22T08:49:24.134Z,TRUE,"High outlier: ₹17777 > upper fence ₹14133 (Q3: ₹9666, IQR: ₹2978)",02:00,FALSE
fare_DEL-BOM_6E_2026-08-29_T+7_1787388621023_iqlv,DEL-BOM,EaseMyTrip,6E,6E-470,2026-08-29,T+7,14430,3167,17597,2026-08-22T08:49:24.134Z,TRUE,"High outlier: ₹17597 > upper fence ₹14133 (Q3: ₹9666, IQR: ₹2978)",12:15,FALSE
fare_DEL-BOM_6E_2026-08-29_T+7_1787388621023_2ae7,DEL-BOM,EaseMyTrip,6E,6E-655,2026-08-29,T+7,14430,3167,17597,2026-08-22T08:49:24.134Z,TRUE,"High outlier: ₹17597 > upper fence ₹14133 (Q3: ₹9666, IQR: ₹2978)",12:15,FALSE
fare_DEL-BOM_AI_2026-08-29_T+7_1787388621023_6zz1,DEL-BOM,EaseMyTrip,AI,AI-2465,2026-08-29,T+7,14880,3266,18146,2026-08-22T08:49:24.134Z,TRUE,"High outlier: ₹18146 > upper fence ₹14133 (Q3: ₹9666, IQR: ₹2978)",14:30,FALSE
fare_DEL-BOM_IX_2026-08-29_T+7_1787388621023_x61k,DEL-BOM,EaseMyTrip,IX,IX-1003,2026-08-29,T+7,14995,3292,18287,2026-08-22T08:49:24.134Z,TRUE,"High outlier: ₹18287 > upper fence ₹14133 (Q3: ₹9666, IQR: ₹2978)",19:10,FALSE
fare_DEL-BOM_AI_2026-08-29_T+7_1787388621023_2zw7,DEL-BOM,EaseMyTrip,AI,AI-429,2026-08-29,T+7,15193,3335,18528,2026-08-22T08:49:24.134Z,TRUE,"High outlier: ₹18528 > upper fence ₹14133 (Q3: ₹9666, IQR: ₹2978)",10:20,FALSE
fare_DEL-BOM_AI_2026-08-29_T+7_1787388621023_hwew,DEL-BOM,EaseMyTrip,AI,AI-1779,2026-08-29,T+7,16144,3544,19688,2026-08-22T08:49:24.134Z,TRUE,"High outlier: ₹19688 > upper fence ₹14133 (Q3: ₹9666, IQR: ₹2978)",13:55,FALSE
fare_DEL-BOM_AI_2026-08-29_T+7_1787388621023_4dqp,DEL-BOM,EaseMyTrip,AI,AI-1737,2026-08-29,T+7,16357,3590,19947,2026-08-22T08:49:24.134Z,TRUE,"High outlier: ₹19947 > upper fence ₹14133 (Q3: ₹9666, IQR: ₹2978)",11:50,FALSE
fare_DEL-BOM_AI_2026-08-29_T+7_1787388621023_h7vv,DEL-BOM,EaseMyTrip,AI,AI-2653,2026-08-29,T+7,16618,3648,20266,2026-08-22T08:49:24.134Z,TRUE,"High outlier: ₹20266 > upper fence ₹14133 (Q3: ₹9666, IQR: ₹2978)",04:30,FALSE
fare_DEL-BOM_AI_2026-08-29_T+7_1787388621023_azgn,DEL-BOM,EaseMyTrip,AI,AI-1739,2026-08-29,T+7,17408,3821,21229,2026-08-22T08:49:24.134Z,TRUE,"High outlier: ₹21229 > upper fence ₹14133 (Q3: ₹9666, IQR: ₹2978)",11:30,FALSE
fare_DEL-BOM_AI_2026-08-29_T+7_1787388621023_6mpc,DEL-BOM,EaseMyTrip,AI,AI-9584,2026-08-29,T+7,17472,3835,21307,2026-08-22T08:49:24.134Z,TRUE,"High outlier: ₹21307 > upper fence ₹14133 (Q3: ₹9666, IQR: ₹2978)",11:20,FALSE
fare_DEL-BOM_AI_2026-08-29_T+7_1787388621023_m6ge,DEL-BOM,EaseMyTrip,AI,AI-2496,2026-08-29,T+7,18285,4014,22299,2026-08-22T08:49:24.134Z,TRUE,"High outlier: ₹22299 > upper fence ₹14133 (Q3: ₹9666, IQR: ₹2978)",03:00,FALSE
fare_DEL-BOM_AI_2026-08-29_T+7_1787388621023_smct,DEL-BOM,EaseMyTrip,AI,AI-2417,2026-08-29,T+7,36808,8080,44888,2026-08-22T08:49:24.134Z,TRUE,"High outlier: ₹44888 > upper fence ₹14133 (Q3: ₹9666, IQR: ₹2978)",13:00,FALSE
fare_DEL-BOM_6E_2026-08-29_T+7_1787388621025_e279,DEL-BOM,IndiGo,6E,6E-501,2026-08-29,T+7,3890,854,4744,2026-08-22T05:06:34.651Z,FALSE,"",07:00,TRUE