id,route_id,source,carrier,flight_number,flight_date,booking_window,base_fare,taxes,total_fare,scraped_at,is_outlier,outlier_reason,departure_time,is_nonstop
fare_BLR-BOM_6E_2026-08-23_T+1_1787389698944_66yz,BLR-BOM,EaseMyTrip,6E,6E-6269,2026-08-23,T+1,6398,1404,7802,2026-08-22T09:04:59.594Z,FALSE,"",07:15,FALSE
fare_BLR-BOM_6E_2026-08-23_T+1_1787389698944_ou0l,BLR-BOM,EaseMyTrip,6E,6E-902,2026-08-23,T+1,6866,1507,8373,2026-08-22T09:04:59.594Z,FALSE,"",10:50,FALSE
fare_BLR-BOM_6E_2026-08-23_T+1_1787389698944_e8ay,BLR-BOM,EaseMyTrip,6E,6E-100,2026-08-23,T+1,6866,1507,8373,2026-08-22T09:04:59.594Z,FALSE,"",10:50,FALSE
fare_BLR-BOM_6E_2026-08-23_T+1_1787389698944_fwb6,BLR-BOM,EaseMyTrip,6E,6E-6653,2026-08-23,T+1,7031,1543,8574,2026-08-22T09:04:59.594Z,FALSE,"",12:35,FALSE
fare_BLR-BOM_IX_2026-08-23_T+1_1787389698944_poc2,BLR-BOM,EaseMyTrip,IX,IX-2931,2026-08-23,T+1,7779,1708,9487,2026-08-22T09:04:59.594Z,FALSE,"",10:45,FALSE
fare_BLR-BOM_IX_2026-08-23_T+1_1787389698944_ee1l,BLR-BOM,EaseMyTrip,IX,IX-2881,2026-08-23,T+1,7779,1708,9487,2026-08-22T09:04:59.594Z,FALSE,"",05:50,FALSE
fare_BLR-BOM_6E_2026-08-23_T+1_1787389698944_hp72,BLR-BOM,EaseMyTrip,6E,6E-803,2026-08-23,T+1,7947,1744,9691,2026-08-22T09:04:59.594Z,FALSE,"",07:05,FALSE
fare_BLR-BOM_6E_2026-08-23_T+1_1787389698944_mb31,BLR-BOM,EaseMyTrip,6E,6E-396,2026-08-23,T+1,7947,1744,9691,2026-08-22T09:04:59.594Z,FALSE,"",07:05,FALSE
fare_BLR-BOM_6E_2026-08-23_T+1_1787389698944_ckm8,BLR-BOM,EaseMyTrip,6E,6E-6208,2026-08-23,T+1,7947,1744,9691,2026-08-22T09:04:59.594Z,FALSE,"",12:45,FALSE
fare_BLR-BOM_6E_2026-08-23_T+1_1787389698944_v4ob,BLR-BOM,EaseMyTrip,6E,6E-7005,2026-08-23,T+1,8569,1881,10450,2026-08-22T09:04:59.594Z,FALSE,"",08:05,FALSE
fare_BLR-BOM_6E_2026-08-23_T+1_1787389698944_e8gv,BLR-BOM,EaseMyTrip,6E,6E-6423,2026-08-23,T+1,8569,1881,10450,2026-08-22T09:04:59.594Z,FALSE,"",20:00,FALSE
fare_BLR-BOM_QP_2026-08-23_T+1_1787389698944_anvv,BLR-BOM,EaseMyTrip,QP,QP-1381,2026-08-23,T+1,9218,2023,11241,2026-08-22T09:04:59.594Z,FALSE,"",04:50,TRUE
fare_BLR-BOM_6E_2026-08-23_T+1_1787389698944_v8jr,BLR-BOM,EaseMyTrip,6E,6E-6554,2026-08-23,T+1,9640,2116,11756,2026-08-22T09:04:59.594Z,FALSE,"",19:15,FALSE
fare_BLR-BOM_QP_2026-08-23_T+1_1787389698944_fxbb,BLR-BOM,EaseMyTrip,QP,QP-1134,2026-08-23,T+1,9997,2195,12192,2026-08-22T09:04:59.594Z,FALSE,"",22:55,TRUE
fare_BLR-BOM_6E_2026-08-23_T+1_1787389698944_qx1n,BLR-BOM,EaseMyTrip,6E,6E-6017,2026-08-23,T+1,10005,2196,12201,2026-08-22T09:04:59.594Z,FALSE,"",18:15,FALSE
fare_BLR-BOM_6E_2026-08-23_T+1_1787389698944_88v0,BLR-BOM,EaseMyTrip,6E,6E-962,2026-08-23,T+1,10112,2220,12332,2026-08-22T09:04:59.594Z,FALSE,"",17:55,FALSE
fare_BLR-BOM_6E_2026-08-23_T+1_1787389698944_2kuv,BLR-BOM,EaseMyTrip,6E,6E-308,2026-08-23,T+1,10112,2220,12332,2026-08-22T09:04:59.594Z,FALSE,"",17:55,FALSE
fare_BLR-BOM_6E_2026-08-23_T+1_1787389698944_t19x,BLR-BOM,EaseMyTrip,6E,6E-2086,2026-08-23,T+1,10175,2234,12409,2026-08-22T09:04:59.594Z,FALSE,"",09:20,TRUE
fare_BLR-BOM_6E_2026-08-23_T+1_1787389698944_0ous,BLR-BOM,EaseMyTrip,6E,6E-6168,2026-08-23,T+1,10617,2330,12947,2026-08-22T09:04:59.594Z,FALSE,"",17:40,FALSE
fare_BLR-BOM_6E_2026-08-23_T+1_1787389698944_qjft,BLR-BOM,EaseMyTrip,6E,6E-6507,2026-08-23,T+1,10831,2378,13209,2026-08-22T09:04:59.594Z,FALSE,"",13:15,FALSE
fare_BLR-BOM_6E_2026-08-23_T+1_1787389698944_30nf,BLR-BOM,EaseMyTrip,6E,6E-603,2026-08-23,T+1,10831,2378,13209,2026-08-22T09:04:59.594Z,FALSE,"",18:00,FALSE
fare_BLR-BOM_6E_2026-08-23_T+1_1787389698944_7tn8,BLR-BOM,EaseMyTrip,6E,6E-576,2026-08-23,T+1,10831,2378,13209,2026-08-22T09:04:59.594Z,FALSE,"",18:00,FALSE
fare_BLR-BOM_6E_2026-08-23_T+1_1787389698944_c2fd,BLR-BOM,EaseMyTrip,6E,6E-593,2026-08-23,T+1,10831,2378,13209,2026-08-22T09:04:59.594Z,FALSE,"",18:00,FALSE
fare_BLR-BOM_6E_2026-08-23_T+1_1787389698944_5e09,BLR-BOM,EaseMyTrip,6E,6E-674,2026-08-23,T+1,10831,2378,13209,2026-08-22T09:04:59.594Z,FALSE,"",18:00,FALSE
fare_BLR-BOM_6E_2026-08-23_T+1_1787389698944_zpi3,BLR-BOM,EaseMyTrip,6E,6E-771,2026-08-23,T+1,10831,2378,13209,2026-08-22T09:04:59.594Z,FALSE,"",11:55,FALSE
fare_BLR-BOM_6E_2026-08-23_T+1_1787389698944_11tz,BLR-BOM,EaseMyTrip,6E,6E-683,2026-08-23,T+1,10831,2378,13209,2026-08-22T09:04:59.594Z,FALSE,"",11:55,FALSE
fare_BLR-BOM_QP_2026-08-23_T+1_1787389698944_8thu,BLR-BOM,EaseMyTrip,QP,QP-1528,2026-08-23,T+1,10849,2382,13231,2026-08-22T09:04:59.594Z,FALSE,"",10:20,TRUE
fare_BLR-BOM_6E_2026-08-23_T+1_1787389698944_r1k1,BLR-BOM,EaseMyTrip,6E,6E-6753,2026-08-23,T+1,11020,2419,13439,2026-08-22T09:04:59.594Z,FALSE,"",15:15,FALSE
fare_BLR-BOM_6E_2026-08-23_T+1_1787389698944_d3rd,BLR-BOM,EaseMyTrip,6E,6E-875,2026-08-23,T+1,11739,2577,14316,2026-08-22T09:04:59.594Z,FALSE,"",17:15,FALSE
fare_BLR-BOM_6E_2026-08-23_T+1_1787389698944_l4ua,BLR-BOM,EaseMyTrip,6E,6E-757,2026-08-23,T+1,11739,2577,14316,2026-08-22T09:04:59.594Z,FALSE,"",17:15,FALSE
fare_BLR-BOM_AI_2026-08-23_T+1_1787389698944_8gfp,BLR-BOM,EaseMyTrip,AI,AI-2642,2026-08-23,T+1,12224,2683,14907,2026-08-22T09:04:59.594Z,FALSE,"",21:30,TRUE
fare_BLR-BOM_6E_2026-08-23_T+1_1787389698944_8yhy,BLR-BOM,EaseMyTrip,6E,6E-5069,2026-08-23,T+1,12080,2652,14732,2026-08-22T09:04:59.594Z,FALSE,"",11:30,TRUE
fare_BLR-BOM_6E_2026-08-23_T+1_1787389698944_8ads,BLR-BOM,EaseMyTrip,6E,6E-5237,2026-08-23,T+1,12080,2652,14732,2026-08-22T09:04:59.594Z,FALSE,"",10:15,TRUE
fare_BLR-BOM_AI_2026-08-23_T+1_1787389698944_9lmb,BLR-BOM,EaseMyTrip,AI,AI-2850,2026-08-23,T+1,12661,2779,15440,2026-08-22T09:04:59.594Z,FALSE,"",20:30,TRUE
fare_BLR-BOM_IX_2026-08-23_T+1_1787389698944_0xoy,BLR-BOM,EaseMyTrip,IX,IX-1581,2026-08-23,T+1,12940,2841,15781,2026-08-22T09:04:59.594Z,FALSE,"",18:25,TRUE
fare_BLR-BOM_6E_2026-08-23_T+1_1787389698944_5zir,BLR-BOM,EaseMyTrip,6E,6E-7445,2026-08-23,T+1,12755,2800,15555,2026-08-22T09:04:59.594Z,FALSE,"",15:20,FALSE
fare_BLR-BOM_AI_2026-08-23_T+1_1787389698944_zkgj,BLR-BOM,EaseMyTrip,AI,AI-9762,2026-08-23,T+1,13095,2874,15969,2026-08-22T09:04:59.594Z,FALSE,"",07:05,FALSE
fare_BLR-BOM_6E_2026-08-23_T+1_1787389698944_4a7w,BLR-BOM,EaseMyTrip,6E,6E-5094,2026-08-23,T+1,12941,2841,15782,2026-08-22T09:04:59.594Z,FALSE,"",22:20,TRUE
fare_BLR-BOM_AI_2026-08-23_T+1_1787389698944_dt59,BLR-BOM,EaseMyTrip,AI,AI-9840,2026-08-23,T+1,13253,2909,16162,2026-08-22T09:04:59.594Z,FALSE,"",07:10,FALSE
fare_BLR-BOM_QP_2026-08-23_T+1_1787389698944_ki7s,BLR-BOM,EaseMyTrip,QP,QP-1517,2026-08-23,T+1,13344,2929,16273,2026-08-22T09:04:59.594Z,FALSE,"",07:40,TRUE
fare_BLR-BOM_AI_2026-08-23_T+1_1787389698944_jgbh,BLR-BOM,EaseMyTrip,AI,AI-9478,2026-08-23,T+1,13615,2989,16604,2026-08-22T09:04:59.594Z,FALSE,"",22:10,FALSE
fare_BLR-BOM_IX_2026-08-23_T+1_1787389698944_hs06,BLR-BOM,EaseMyTrip,IX,IX-2116,2026-08-23,T+1,13700,3007,16707,2026-08-22T09:04:59.594Z,FALSE,"",21:00,FALSE
fare_BLR-BOM_AI_2026-08-23_T+1_1787389698944_1dwp,BLR-BOM,EaseMyTrip,AI,AI-9566,2026-08-23,T+1,14067,3088,17155,2026-08-22T09:04:59.594Z,FALSE,"",19:15,FALSE
fare_BLR-BOM_QP_2026-08-23_T+1_1787389698944_hlg4,BLR-BOM,EaseMyTrip,QP,QP-1515,2026-08-23,T+1,13915,3054,16969,2026-08-22T09:04:59.594Z,FALSE,"",06:20,TRUE
fare_BLR-BOM_6E_2026-08-23_T+1_1787389698944_50ga,BLR-BOM,EaseMyTrip,6E,6E-5351,2026-08-23,T+1,13974,3068,17042,2026-08-22T09:04:59.594Z,FALSE,"",14:20,TRUE
fare_BLR-BOM_6E_2026-08-23_T+1_1787389698944_kndl,BLR-BOM,EaseMyTrip,6E,6E-5218,2026-08-23,T+1,13974,3068,17042,2026-08-22T09:04:59.594Z,FALSE,"",13:00,TRUE
fare_BLR-BOM_AI_2026-08-23_T+1_1787389698944_a7zl,BLR-BOM,EaseMyTrip,AI,AI-2402,2026-08-23,T+1,14243,3126,17369,2026-08-22T09:04:59.594Z,FALSE,"",06:35,TRUE
fare_BLR-BOM_6E_2026-08-23_T+1_1787389698944_lkmh,BLR-BOM,EaseMyTrip,6E,6E-6863,2026-08-23,T+1,14128,3101,17229,2026-08-22T09:04:59.594Z,FALSE,"",08:20,FALSE
fare_BLR-BOM_AI_2026-08-23_T+1_1787389698944_a792,BLR-BOM,EaseMyTrip,AI,AI-2501,2026-08-23,T+1,14667,3220,17887,2026-08-22T09:04:59.594Z,FALSE,"",23:30,FALSE
fare_BLR-BOM_AI_2026-08-23_T+1_1787389698944_ek97,BLR-BOM,EaseMyTrip,AI,AI-2488,2026-08-23,T+1,14667,3220,17887,2026-08-22T09:04:59.594Z,FALSE,"",22:30,FALSE
fare_BLR-BOM_AI_2026-08-23_T+1_1787389698944_jacq,BLR-BOM,EaseMyTrip,AI,AI-2421,2026-08-23,T+1,14667,3220,17887,2026-08-22T09:04:59.594Z,FALSE,"",21:40,FALSE
fare_BLR-BOM_AI_2026-08-23_T+1_1787389698944_0rm0,BLR-BOM,EaseMyTrip,AI,AI-2846,2026-08-23,T+1,14761,3240,18001,2026-08-22T09:04:59.594Z,FALSE,"",08:05,TRUE
fare_BLR-BOM_AI_2026-08-23_T+1_1787389698944_4az0,BLR-BOM,EaseMyTrip,AI,AI-2854,2026-08-23,T+1,15020,3297,18317,2026-08-22T09:04:59.594Z,FALSE,"",16:40,TRUE
fare_BLR-BOM_6E_2026-08-23_T+1_1787389698944_gk67,BLR-BOM,EaseMyTrip,6E,6E-282,2026-08-23,T+1,15052,3304,18356,2026-08-22T09:04:59.594Z,FALSE,"",10:50,FALSE
fare_BLR-BOM_6E_2026-08-23_T+1_1787389698944_83n5,BLR-BOM,EaseMyTrip,6E,6E-541,2026-08-23,T+1,15052,3304,18356,2026-08-22T09:04:59.594Z,FALSE,"",10:50,FALSE
fare_BLR-BOM_6E_2026-08-23_T+1_1787389698944_1ozo,BLR-BOM,EaseMyTrip,6E,6E-5255,2026-08-23,T+1,15180,3332,18512,2026-08-22T09:04:59.594Z,FALSE,"",17:25,TRUE
fare_BLR-BOM_6E_2026-08-23_T+1_1787389698944_za4l,BLR-BOM,EaseMyTrip,6E,6E-5376,2026-08-23,T+1,15180,3332,18512,2026-08-22T09:04:59.594Z,FALSE,"",20:15,TRUE
fare_BLR-BOM_AI_2026-08-23_T+1_1787389698944_vkcu,BLR-BOM,EaseMyTrip,AI,AI-9426,2026-08-23,T+1,15760,3459,19219,2026-08-22T09:04:59.594Z,FALSE,"",12:30,FALSE
fare_BLR-BOM_6E_2026-08-23_T+1_1787389698944_8epg,BLR-BOM,EaseMyTrip,6E,6E-6030,2026-08-23,T+1,15702,3447,19149,2026-08-22T09:04:59.594Z,FALSE,"",15:00,TRUE
fare_BLR-BOM_IX_2026-08-23_T+1_1787389698944_q73b,BLR-BOM,EaseMyTrip,IX,IX-2678,2026-08-23,T+1,16080,3530,19610,2026-08-22T09:04:59.594Z,FALSE,"",05:30,FALSE
fare_BLR-BOM_6E_2026-08-23_T+1_1787389698944_8ysg,BLR-BOM,EaseMyTrip,6E,6E-6891,2026-08-23,T+1,15936,3498,19434,2026-08-22T09:04:59.594Z,FALSE,"",17:15,FALSE
fare_BLR-BOM_AI_2026-08-23_T+1_1787389698944_qlx7,BLR-BOM,EaseMyTrip,AI,AI-2604,2026-08-23,T+1,16211,3558,19769,2026-08-22T09:04:59.594Z,FALSE,"",09:15,TRUE
fare_BLR-BOM_AI_2026-08-23_T+1_1787389698944_s38e,BLR-BOM,EaseMyTrip,AI,AI-2498,2026-08-23,T+1,16211,3558,19769,2026-08-22T09:04:59.594Z,FALSE,"",00:45,TRUE
fare_BLR-BOM_AI_2026-08-23_T+1_1787389698944_x3r3,BLR-BOM,EaseMyTrip,AI,AI-2852,2026-08-23,T+1,16211,3558,19769,2026-08-22T09:04:59.594Z,FALSE,"",10:30,TRUE
fare_BLR-BOM_AI_2026-08-23_T+1_1787389698944_j63r,BLR-BOM,EaseMyTrip,AI,AI-2610,2026-08-23,T+1,16211,3558,19769,2026-08-22T09:04:59.594Z,FALSE,"",19:00,TRUE
fare_BLR-BOM_AI_2026-08-23_T+1_1787389698944_qrsc,BLR-BOM,EaseMyTrip,AI,AI-2811,2026-08-23,T+1,16211,3558,19769,2026-08-22T09:04:59.594Z,FALSE,"",23:40,TRUE
fare_BLR-BOM_6E_2026-08-23_T+1_1787389698944_44ol,BLR-BOM,EaseMyTrip,6E,6E-6178,2026-08-23,T+1,16198,3556,19754,2026-08-22T09:04:59.594Z,FALSE,"",06:25,FALSE
fare_BLR-BOM_6E_2026-08-23_T+1_1787389698944_qycd,BLR-BOM,EaseMyTrip,6E,6E-6702,2026-08-23,T+1,16370,3593,19963,2026-08-22T09:04:59.594Z,FALSE,"",05:20,FALSE
fare_BLR-BOM_6E_2026-08-23_T+1_1787389698944_0t2v,BLR-BOM,EaseMyTrip,6E,6E-6077,2026-08-23,T+1,16370,3594,19964,2026-08-22T09:04:59.594Z,FALSE,"",20:20,FALSE
fare_BLR-BOM_6E_2026-08-23_T+1_1787389698944_zb3v,BLR-BOM,EaseMyTrip,6E,6E-549,2026-08-23,T+1,16370,3594,19964,2026-08-22T09:04:59.594Z,FALSE,"",05:10,FALSE
fare_BLR-BOM_6E_2026-08-23_T+1_1787389698944_2sv8,BLR-BOM,EaseMyTrip,6E,6E-209,2026-08-23,T+1,16370,3594,19964,2026-08-22T09:04:59.594Z,FALSE,"",05:10,FALSE
fare_BLR-BOM_AI_2026-08-23_T+1_1787389698944_ovy5,BLR-BOM,EaseMyTrip,AI,AI-9574,2026-08-23,T+1,16696,3665,20361,2026-08-22T09:04:59.594Z,FALSE,"",08:55,FALSE
fare_BLR-BOM_6E_2026-08-23_T+1_1787389698944_a6ol,BLR-BOM,EaseMyTrip,6E,6E-6283,2026-08-23,T+1,16727,3672,20399,2026-08-22T09:04:59.594Z,FALSE,"",19:05,TRUE
fare_BLR-BOM_6E_2026-08-23_T+1_1787389698944_uopv,BLR-BOM,EaseMyTrip,6E,6E-5031,2026-08-23,T+1,16727,3672,20399,2026-08-22T09:04:59.594Z,FALSE,"",16:00,TRUE
fare_BLR-BOM_6E_2026-08-23_T+1_1787389698944_9ycl,BLR-BOM,EaseMyTrip,6E,6E-6162,2026-08-23,T+1,17283,3794,21077,2026-08-22T09:04:59.594Z,FALSE,"",18:50,FALSE
fare_BLR-BOM_AI_2026-08-23_T+1_1787389698944_7yzy,BLR-BOM,EaseMyTrip,AI,AI-2756,2026-08-23,T+1,17544,3851,21395,2026-08-22T09:04:59.594Z,FALSE,"",02:15,FALSE
fare_BLR-BOM_AI_2026-08-23_T+1_1787389698944_0zkk,BLR-BOM,EaseMyTrip,AI,AI-9455,2026-08-23,T+1,17650,3874,21524,2026-08-22T09:04:59.594Z,FALSE,"",08:40,FALSE
fare_BLR-BOM_6E_2026-08-23_T+1_1787389698944_5ywk,BLR-BOM,EaseMyTrip,6E,6E-727,2026-08-23,T+1,17657,3876,21533,2026-08-22T09:04:59.594Z,FALSE,"",17:00,FALSE
fare_BLR-BOM_6E_2026-08-23_T+1_1787389698944_ll1l,BLR-BOM,EaseMyTrip,6E,6E-554,2026-08-23,T+1,17657,3876,21533,2026-08-22T09:04:59.594Z,FALSE,"",17:00,FALSE
fare_BLR-BOM_IX_2026-08-23_T+1_1787389698944_1047,BLR-BOM,EaseMyTrip,IX,IX-1893,2026-08-23,T+1,18943,4158,23101,2026-08-22T09:04:59.594Z,FALSE,"",08:40,FALSE
fare_BLR-BOM_AI_2026-08-23_T+1_1787389698944_l2i2,BLR-BOM,EaseMyTrip,AI,AI-9457,2026-08-23,T+1,19123,4198,23321,2026-08-22T09:04:59.594Z,FALSE,"",16:45,FALSE
fare_BLR-BOM_AI_2026-08-23_T+1_1787389698944_1oks,BLR-BOM,EaseMyTrip,AI,AI-2810,2026-08-23,T+1,19142,4202,23344,2026-08-22T09:04:59.594Z,FALSE,"",06:00,FALSE
fare_BLR-BOM_AI_2026-08-23_T+1_1787389698944_wpe1,BLR-BOM,EaseMyTrip,AI,AI-2654,2026-08-23,T+1,19142,4202,23344,2026-08-22T09:04:59.594Z,FALSE,"",07:00,FALSE
fare_BLR-BOM_AI_2026-08-23_T+1_1787389698944_18rr,BLR-BOM,EaseMyTrip,AI,AI-2414,2026-08-23,T+1,19142,4202,23344,2026-08-22T09:04:59.594Z,FALSE,"",05:30,FALSE
fare_BLR-BOM_IX_2026-08-23_T+1_1787389698944_qfg5,BLR-BOM,EaseMyTrip,IX,IX-2608,2026-08-23,T+1,19240,4223,23463,2026-08-22T09:04:59.594Z,FALSE,"",16:45,FALSE
fare_BLR-BOM_6E_2026-08-23_T+1_1787389698944_8y0h,BLR-BOM,EaseMyTrip,6E,6E-191,2026-08-23,T+1,19260,4228,23488,2026-08-22T09:04:59.594Z,FALSE,"",10:15,FALSE
fare_BLR-BOM_6E_2026-08-23_T+1_1787389698944_qpth,BLR-BOM,EaseMyTrip,6E,6E-371,2026-08-23,T+1,19260,4228,23488,2026-08-22T09:04:59.594Z,FALSE,"",09:15,FALSE
fare_BLR-BOM_6E_2026-08-23_T+1_1787389698944_e0by,BLR-BOM,EaseMyTrip,6E,6E-764,2026-08-23,T+1,19260,4228,23488,2026-08-22T09:04:59.594Z,FALSE,"",09:15,FALSE
fare_BLR-BOM_6E_2026-08-23_T+1_1787389698944_n2o9,BLR-BOM,EaseMyTrip,6E,6E-505,2026-08-23,T+1,19260,4228,23488,2026-08-22T09:04:59.594Z,FALSE,"",10:15,FALSE
fare_BLR-BOM_6E_2026-08-23_T+1_1787389698944_kgsk,BLR-BOM,EaseMyTrip,6E,6E-871,2026-08-23,T+1,19260,4228,23488,2026-08-22T09:04:59.594Z,FALSE,"",10:15,FALSE
fare_BLR-BOM_6E_2026-08-23_T+1_1787389698944_hl5h,BLR-BOM,EaseMyTrip,6E,6E-134,2026-08-23,T+1,19260,4228,23488,2026-08-22T09:04:59.594Z,FALSE,"",09:15,FALSE
fare_BLR-BOM_6E_2026-08-23_T+1_1787389698944_0vbz,BLR-BOM,EaseMyTrip,6E,6E-346,2026-08-23,T+1,19260,4228,23488,2026-08-22T09:04:59.594Z,FALSE,"",09:15,FALSE
fare_BLR-BOM_IX_2026-08-23_T+1_1787389698944_k19z,BLR-BOM,EaseMyTrip,IX,IX-1386,2026-08-23,T+1,19677,4319,23996,2026-08-22T09:04:59.594Z,FALSE,"",13:05,FALSE
fare_BLR-BOM_AI_2026-08-23_T+1_1787389698944_l1wy,BLR-BOM,EaseMyTrip,AI,AI-9564,2026-08-23,T+1,20078,4407,24485,2026-08-22T09:04:59.594Z,FALSE,"",14:55,FALSE
fare_BLR-BOM_AI_2026-08-23_T+1_1787389698944_q0uw,BLR-BOM,EaseMyTrip,AI,AI-9437,2026-08-23,T+1,20233,4441,24674,2026-08-22T09:04:59.594Z,FALSE,"",07:05,FALSE
fare_BLR-BOM_6E_2026-08-23_T+1_1787389698944_qwk4,BLR-BOM,EaseMyTrip,6E,6E-879,2026-08-23,T+1,20814,4569,25383,2026-08-22T09:04:59.594Z,FALSE,"",08:15,FALSE
fare_BLR-BOM_6E_2026-08-23_T+1_1787389698944_6mq6,BLR-BOM,EaseMyTrip,6E,6E-331,2026-08-23,T+1,20814,4569,25383,2026-08-22T09:04:59.594Z,FALSE,"",08:15,FALSE
fare_BLR-BOM_6E_2026-08-23_T+1_1787389698944_r2pj,BLR-BOM,EaseMyTrip,6E,6E-6067,2026-08-23,T+1,21502,4720,26222,2026-08-22T09:04:59.594Z,FALSE,"",16:30,FALSE
fare_BLR-BOM_6E_2026-08-23_T+1_1787389698944_xqzm,BLR-BOM,EaseMyTrip,6E,6E-439,2026-08-23,T+1,21874,4801,26675,2026-08-22T09:04:59.594Z,FALSE,"",19:45,FALSE
fare_BLR-BOM_6E_2026-08-23_T+1_1787389698944_9ooc,BLR-BOM,EaseMyTrip,6E,6E-321,2026-08-23,T+1,21874,4801,26675,2026-08-22T09:04:59.594Z,FALSE,"",19:45,FALSE
fare_BLR-BOM_6E_2026-08-23_T+1_1787389698944_1z58,BLR-BOM,EaseMyTrip,6E,6E-196,2026-08-23,T+1,21874,4801,26675,2026-08-22T09:04:59.594Z,FALSE,"",18:35,FALSE
fare_BLR-BOM_AI_2026-08-23_T+1_1787389698944_ziri,BLR-BOM,EaseMyTrip,AI,AI-2486,2026-08-23,T+1,22411,4919,27330,2026-08-22T09:04:59.594Z,FALSE,"",14:00,FALSE
fare_BLR-BOM_6E_2026-08-23_T+1_1787389698944_mr83,BLR-BOM,EaseMyTrip,6E,6E-581,2026-08-23,T+1,23223,5098,28321,2026-08-22T09:04:59.594Z,FALSE,"",16:50,FALSE
fare_BLR-BOM_6E_2026-08-23_T+1_1787389698944_bv97,BLR-BOM,EaseMyTrip,6E,6E-180,2026-08-23,T+1,23223,5098,28321,2026-08-22T09:04:59.594Z,FALSE,"",16:50,FALSE
fare_BLR-BOM_AI_2026-08-23_T+1_1787389698944_2dxi,BLR-BOM,EaseMyTrip,AI,AI-9605,2026-08-23,T+1,23486,5156,28642,2026-08-22T09:04:59.594Z,FALSE,"",14:25,FALSE
fare_BLR-BOM_AI_2026-08-23_T+1_1787389698944_6a8d,BLR-BOM,EaseMyTrip,AI,AI-9898,2026-08-23,T+1,23640,5189,28829,2026-08-22T09:04:59.594Z,FALSE,"",09:50,FALSE
fare_BLR-BOM_AI_2026-08-23_T+1_1787389698944_xcbc,BLR-BOM,EaseMyTrip,AI,AI-2418,2026-08-23,T+1,23951,5257,29208,2026-08-22T09:04:59.594Z,FALSE,"",16:30,FALSE
fare_BLR-BOM_AI_2026-08-23_T+1_1787389698944_nfgs,BLR-BOM,EaseMyTrip,AI,AI-428,2026-08-23,T+1,24337,5342,29679,2026-08-22T09:04:59.594Z,FALSE,"",14:55,FALSE
fare_BLR-BOM_AI_2026-08-23_T+1_1787389698944_i6el,BLR-BOM,EaseMyTrip,AI,AI-2511,2026-08-23,T+1,24916,5469,30385,2026-08-22T09:04:59.594Z,FALSE,"",15:45,FALSE
fare_BLR-BOM_6E_2026-08-23_T+1_1787389698944_a1eu,BLR-BOM,EaseMyTrip,6E,6E-6404,2026-08-23,T+1,25577,5615,31192,2026-08-22T09:04:59.594Z,FALSE,"",11:35,FALSE
fare_BLR-BOM_AI_2026-08-23_T+1_1787389698944_xbkw,BLR-BOM,EaseMyTrip,AI,AI-9970,2026-08-23,T+1,26447,5805,32252,2026-08-22T09:04:59.594Z,FALSE,"",14:45,FALSE
fare_BLR-BOM_AI_2026-08-29_T+7_1787389698944_usd4,BLR-BOM,EaseMyTrip,AI,AI-2498,2026-08-29,T+7,4043,887,4930,2026-08-22T09:05:05.407Z,FALSE,"",00:45,TRUE
fare_BLR-BOM_6E_2026-08-29_T+7_1787389698944_n7ct,BLR-BOM,EaseMyTrip,6E,6E-5293,2026-08-29,T+7,4087,897,4984,2026-08-22T09:05:05.407Z,FALSE,"",01:00,TRUE
fare_BLR-BOM_QP_2026-08-29_T+7_1787389698944_2ieg,BLR-BOM,EaseMyTrip,QP,QP-1381,2026-08-29,T+7,4151,911,5062,2026-08-22T09:05:05.407Z,FALSE,"",04:50,TRUE
fare_BLR-BOM_6E_2026-08-29_T+7_1787389698944_9ka4,BLR-BOM,EaseMyTrip,6E,6E-5205,2026-08-29,T+7,4431,973,5404,2026-08-22T09:05:05.407Z,FALSE,"",03:45,TRUE
fare_BLR-BOM_SG_2026-08-29_T+7_1787389698944_najg,BLR-BOM,EaseMyTrip,SG,SG-623,2026-08-29,T+7,4683,1028,5711,2026-08-22T09:05:05.407Z,FALSE,"",00:45,TRUE
fare_BLR-BOM_SG_2026-08-29_T+7_1787389698944_cdw9,BLR-BOM,EaseMyTrip,SG,SG-249,2026-08-29,T+7,4683,1028,5711,2026-08-22T09:05:05.407Z,FALSE,"",00:45,TRUE
fare_BLR-BOM_QP_2026-08-29_T+7_1787389698944_efdf,BLR-BOM,EaseMyTrip,QP,QP-1383,2026-08-29,T+7,4618,1014,5632,2026-08-22T09:05:05.407Z,FALSE,"",05:25,TRUE
fare_BLR-BOM_IX_2026-08-29_T+7_1787389698944_9or3,BLR-BOM,EaseMyTrip,IX,IX-2987,2026-08-29,T+7,4863,1067,5930,2026-08-22T09:05:05.407Z,FALSE,"",06:10,TRUE
fare_BLR-BOM_IX_2026-08-29_T+7_1787389698944_7nh6,BLR-BOM,EaseMyTrip,IX,IX-2881,2026-08-29,T+7,4991,1096,6087,2026-08-22T09:05:05.407Z,FALSE,"",05:50,FALSE
fare_BLR-BOM_6E_2026-08-29_T+7_1787389698944_o2zs,BLR-BOM,EaseMyTrip,6E,6E-2086,2026-08-29,T+7,5002,1098,6100,2026-08-22T09:05:05.407Z,FALSE,"",09:20,TRUE
fare_BLR-BOM_IX_2026-08-29_T+7_1787389698944_eaab,BLR-BOM,EaseMyTrip,IX,IX-1803,2026-08-29,T+7,5292,1162,6454,2026-08-22T09:05:05.407Z,FALSE,"",21:05,TRUE
fare_BLR-BOM_IX_2026-08-29_T+7_1787389698944_o8wl,BLR-BOM,EaseMyTrip,IX,IX-1581,2026-08-29,T+7,5292,1162,6454,2026-08-22T09:05:05.407Z,FALSE,"",18:25,TRUE
fare_BLR-BOM_IX_2026-08-29_T+7_1787389698944_ds6l,BLR-BOM,EaseMyTrip,IX,IX-2931,2026-08-29,T+7,5521,1212,6733,2026-08-22T09:05:05.407Z,FALSE,"",10:45,FALSE
fare_BLR-BOM_6E_2026-08-29_T+7_1787389698944_6g6y,BLR-BOM,EaseMyTrip,6E,6E-6030,2026-08-29,T+7,5292,1162,6454,2026-08-22T09:05:05.407Z,FALSE,"",15:00,TRUE
fare_BLR-BOM_QP_2026-08-29_T+7_1787389698944_lgx3,BLR-BOM,EaseMyTrip,QP,QP-1515,2026-08-29,T+7,5346,1174,6520,2026-08-22T09:05:05.407Z,FALSE,"",06:20,TRUE
fare_BLR-BOM_AI_2026-08-29_T+7_1787389698944_xb21,BLR-BOM,EaseMyTrip,AI,AI-2811,2026-08-29,T+7,5654,1241,6895,2026-08-22T09:05:05.407Z,FALSE,"",23:40,TRUE
fare_BLR-BOM_QP_2026-08-29_T+7_1787389698944_8zio,BLR-BOM,EaseMyTrip,QP,QP-1528,2026-08-29,T+7,5550,1218,6768,2026-08-22T09:05:05.407Z,FALSE,"",10:20,TRUE
fare_BLR-BOM_6E_2026-08-29_T+7_1787389698944_y15e,BLR-BOM,EaseMyTrip,6E,6E-6554,2026-08-29,T+7,5610,1231,6841,2026-08-22T09:05:05.407Z,FALSE,"",19:15,FALSE
fare_BLR-BOM_6E_2026-08-29_T+7_1787389698944_t672,BLR-BOM,EaseMyTrip,6E,6E-6168,2026-08-29,T+7,5685,1248,6933,2026-08-22T09:05:05.407Z,FALSE,"",17:40,FALSE
fare_BLR-BOM_6E_2026-08-29_T+7_1787389698944_oac1,BLR-BOM,EaseMyTrip,6E,6E-6753,2026-08-29,T+7,5685,1248,6933,2026-08-22T09:05:05.407Z,FALSE,"",15:15,FALSE
fare_BLR-BOM_6E_2026-08-29_T+7_1787389698944_xiyp,BLR-BOM,EaseMyTrip,6E,6E-6653,2026-08-29,T+7,5685,1248,6933,2026-08-22T09:05:05.407Z,FALSE,"",12:35,FALSE
fare_BLR-BOM_6E_2026-08-29_T+7_1787389698944_ejbq,BLR-BOM,EaseMyTrip,6E,6E-6891,2026-08-29,T+7,5907,1297,7204,2026-08-22T09:05:05.407Z,FALSE,"",17:15,FALSE
fare_BLR-BOM_6E_2026-08-29_T+7_1787389698944_4xbl,BLR-BOM,EaseMyTrip,6E,6E-6863,2026-08-29,T+7,5907,1297,7204,2026-08-22T09:05:05.407Z,FALSE,"",08:20,FALSE
fare_BLR-BOM_6E_2026-08-29_T+7_1787389698944_y3v2,BLR-BOM,EaseMyTrip,6E,6E-5376,2026-08-29,T+7,5967,1310,7277,2026-08-22T09:05:05.407Z,FALSE,"",20:15,TRUE
fare_BLR-BOM_6E_2026-08-29_T+7_1787389698944_8ft1,BLR-BOM,EaseMyTrip,6E,6E-6283,2026-08-29,T+7,5967,1310,7277,2026-08-22T09:05:05.407Z,FALSE,"",19:05,TRUE
fare_BLR-BOM_6E_2026-08-29_T+7_1787389698944_yklg,BLR-BOM,EaseMyTrip,6E,6E-5237,2026-08-29,T+7,5967,1310,7277,2026-08-22T09:05:05.407Z,FALSE,"",10:15,TRUE
fare_BLR-BOM_6E_2026-08-29_T+7_1787389698944_6qv3,BLR-BOM,EaseMyTrip,6E,6E-5051,2026-08-29,T+7,5967,1310,7277,2026-08-22T09:05:05.407Z,FALSE,"",08:30,TRUE
fare_BLR-BOM_6E_2026-08-29_T+7_1787389698944_x4zc,BLR-BOM,EaseMyTrip,6E,6E-5216,2026-08-29,T+7,5967,1310,7277,2026-08-22T09:05:05.407Z,FALSE,"",07:25,TRUE
fare_BLR-BOM_6E_2026-08-29_T+7_1787389698944_0l3h,BLR-BOM,EaseMyTrip,6E,6E-781,2026-08-29,T+7,5971,1311,7282,2026-08-22T09:05:05.407Z,FALSE,"",10:50,FALSE
fare_BLR-BOM_6E_2026-08-29_T+7_1787389698944_7c9s,BLR-BOM,EaseMyTrip,6E,6E-566,2026-08-29,T+7,5971,1311,7282,2026-08-22T09:05:05.407Z,FALSE,"",10:50,FALSE
fare_BLR-BOM_6E_2026-08-29_T+7_1787389698944_gosm,BLR-BOM,EaseMyTrip,6E,6E-6595,2026-08-29,T+7,5971,1311,7282,2026-08-22T09:05:05.407Z,FALSE,"",13:55,FALSE
fare_BLR-BOM_6E_2026-08-29_T+7_1787389698944_5un9,BLR-BOM,EaseMyTrip,6E,6E-6507,2026-08-29,T+7,5971,1311,7282,2026-08-22T09:05:05.407Z,FALSE,"",13:15,FALSE
fare_BLR-BOM_6E_2026-08-29_T+7_1787389698944_e60g,BLR-BOM,EaseMyTrip,6E,6E-6077,2026-08-29,T+7,5971,1311,7282,2026-08-22T09:05:05.407Z,FALSE,"",20:20,FALSE
fare_BLR-BOM_6E_2026-08-29_T+7_1787389698944_cvkc,BLR-BOM,EaseMyTrip,6E,6E-6012,2026-08-29,T+7,5971,1311,7282,2026-08-22T09:05:05.407Z,FALSE,"",19:30,FALSE
fare_BLR-BOM_6E_2026-08-29_T+7_1787389698944_8w9b,BLR-BOM,EaseMyTrip,6E,6E-156,2026-08-29,T+7,5971,1311,7282,2026-08-22T09:05:05.407Z,FALSE,"",10:50,FALSE
fare_BLR-BOM_6E_2026-08-29_T+7_1787389698944_fcre,BLR-BOM,EaseMyTrip,6E,6E-456,2026-08-29,T+7,5971,1311,7282,2026-08-22T09:05:05.407Z,FALSE,"",10:50,FALSE
fare_BLR-BOM_6E_2026-08-29_T+7_1787389698944_3voj,BLR-BOM,EaseMyTrip,6E,6E-831,2026-08-29,T+7,5971,1311,7282,2026-08-22T09:05:05.407Z,FALSE,"",05:10,FALSE
fare_BLR-BOM_6E_2026-08-29_T+7_1787389698944_un29,BLR-BOM,EaseMyTrip,6E,6E-563,2026-08-29,T+7,5971,1311,7282,2026-08-22T09:05:05.407Z,FALSE,"",05:10,FALSE
fare_BLR-BOM_6E_2026-08-29_T+7_1787389698944_blg6,BLR-BOM,EaseMyTrip,6E,6E-6269,2026-08-29,T+7,5971,1311,7282,2026-08-22T09:05:05.407Z,FALSE,"",07:15,FALSE
fare_BLR-BOM_6E_2026-08-29_T+7_1787389698944_o4o8,BLR-BOM,EaseMyTrip,6E,6E-6208,2026-08-29,T+7,5971,1311,7282,2026-08-22T09:05:05.407Z,FALSE,"",12:50,FALSE
fare_BLR-BOM_6E_2026-08-29_T+7_1787389698944_xae1,BLR-BOM,EaseMyTrip,6E,6E-312,2026-08-29,T+7,5971,1311,7282,2026-08-22T09:05:05.407Z,FALSE,"",16:50,FALSE
fare_BLR-BOM_6E_2026-08-29_T+7_1787389698944_gxw9,BLR-BOM,EaseMyTrip,6E,6E-162,2026-08-29,T+7,5971,1311,7282,2026-08-22T09:05:05.407Z,FALSE,"",16:50,FALSE
fare_BLR-BOM_6E_2026-08-29_T+7_1787389698944_57qx,BLR-BOM,EaseMyTrip,6E,6E-6017,2026-08-29,T+7,5971,1311,7282,2026-08-22T09:05:05.407Z,FALSE,"",18:15,FALSE
fare_BLR-BOM_6E_2026-08-29_T+7_1787389698944_wag2,BLR-BOM,EaseMyTrip,6E,6E-318,2026-08-29,T+7,6079,1335,7414,2026-08-22T09:05:05.407Z,FALSE,"",17:55,FALSE
fare_BLR-BOM_6E_2026-08-29_T+7_1787389698944_hi68,BLR-BOM,EaseMyTrip,6E,6E-116,2026-08-29,T+7,6079,1335,7414,2026-08-22T09:05:05.407Z,FALSE,"",17:55,FALSE
fare_BLR-BOM_AI_2026-08-29_T+7_1787389698944_r7eu,BLR-BOM,EaseMyTrip,AI,AI-2402,2026-08-29,T+7,6266,1376,7642,2026-08-22T09:05:05.407Z,FALSE,"",06:35,TRUE
fare_BLR-BOM_AI_2026-08-29_T+7_1787389698944_nnff,BLR-BOM,EaseMyTrip,AI,AI-2642,2026-08-29,T+7,6266,1376,7642,2026-08-22T09:05:05.407Z,FALSE,"",21:30,TRUE
fare_BLR-BOM_AI_2026-08-29_T+7_1787389698944_4bg9,BLR-BOM,EaseMyTrip,AI,AI-2604,2026-08-29,T+7,6366,1398,7764,2026-08-22T09:05:05.407Z,FALSE,"",09:15,TRUE
fare_BLR-BOM_QP_2026-08-29_T+7_1787389698944_zlcb,BLR-BOM,EaseMyTrip,QP,QP-1134,2026-08-29,T+7,6217,1365,7582,2026-08-22T09:05:05.407Z,FALSE,"",22:55,TRUE
fare_BLR-BOM_6E_2026-08-29_T+7_1787389698944_doe7,BLR-BOM,EaseMyTrip,6E,6E-5351,2026-08-29,T+7,6225,1367,7592,2026-08-22T09:05:05.407Z,FALSE,"",14:20,TRUE
fare_BLR-BOM_6E_2026-08-29_T+7_1787389698944_mq3f,BLR-BOM,EaseMyTrip,6E,6E-5069,2026-08-29,T+7,6225,1367,7592,2026-08-22T09:05:05.407Z,FALSE,"",11:30,TRUE
fare_BLR-BOM_AI_2026-08-29_T+7_1787389698944_fizy,BLR-BOM,EaseMyTrip,AI,AI-2846,2026-08-29,T+7,6467,1419,7886,2026-08-22T09:05:05.407Z,FALSE,"",08:05,TRUE
fare_BLR-BOM_6E_2026-08-29_T+7_1787389698944_wnbh,BLR-BOM,EaseMyTrip,6E,6E-5089,2026-08-29,T+7,6325,1389,7714,2026-08-22T09:05:05.407Z,FALSE,"",05:30,TRUE
fare_BLR-BOM_IX_2026-08-29_T+7_1787389698944_sipr,BLR-BOM,EaseMyTrip,IX,IX-1386,2026-08-29,T+7,6612,1452,8064,2026-08-22T09:05:05.407Z,FALSE,"",13:05,FALSE
fare_BLR-BOM_QP_2026-08-29_T+7_1787389698944_l687,BLR-BOM,EaseMyTrip,QP,QP-1517,2026-08-29,T+7,6460,1418,7878,2026-08-22T09:05:05.407Z,FALSE,"",07:40,TRUE
fare_BLR-BOM_AI_2026-08-29_T+7_1787389698944_6tcg,BLR-BOM,EaseMyTrip,AI,AI-2850,2026-08-29,T+7,6630,1455,8085,2026-08-22T09:05:05.407Z,FALSE,"",20:30,TRUE
fare_BLR-BOM_AI_2026-08-29_T+7_1787389698944_t890,BLR-BOM,EaseMyTrip,AI,AI-2852,2026-08-29,T+7,6682,1467,8149,2026-08-22T09:05:05.407Z,FALSE,"",10:30,TRUE
fare_BLR-BOM_6E_2026-08-29_T+7_1787389698944_7qnb,BLR-BOM,EaseMyTrip,6E,6E-7445,2026-08-29,T+7,6647,1459,8106,2026-08-22T09:05:05.407Z,FALSE,"",15:20,FALSE
fare_BLR-BOM_6E_2026-08-29_T+7_1787389698944_em8r,BLR-BOM,EaseMyTrip,6E,6E-5218,2026-08-29,T+7,7173,1574,8747,2026-08-22T09:05:05.407Z,FALSE,"",13:00,TRUE
fare_BLR-BOM_6E_2026-08-29_T+7_1787389698944_rtln,BLR-BOM,EaseMyTrip,6E,6E-5255,2026-08-29,T+7,7603,1669,9272,2026-08-22T09:05:05.407Z,FALSE,"",17:25,TRUE
fare_BLR-BOM_6E_2026-08-29_T+7_1787389698944_t1eg,BLR-BOM,EaseMyTrip,6E,6E-5031,2026-08-29,T+7,7603,1669,9272,2026-08-22T09:05:05.407Z,FALSE,"",16:00,TRUE
fare_BLR-BOM_6E_2026-08-29_T+7_1787389698944_yddy,BLR-BOM,EaseMyTrip,6E,6E-496,2026-08-29,T+7,7774,1707,9481,2026-08-22T09:05:05.407Z,FALSE,"",17:00,FALSE
fare_BLR-BOM_6E_2026-08-29_T+7_1787389698944_oijm,BLR-BOM,EaseMyTrip,6E,6E-727,2026-08-29,T+7,7774,1707,9481,2026-08-22T09:05:05.407Z,FALSE,"",17:00,FALSE
fare_BLR-BOM_AI_2026-08-29_T+7_1787389698944_bjth,BLR-BOM,EaseMyTrip,AI,AI-9574,2026-08-29,T+7,8513,1869,10382,2026-08-22T09:05:05.407Z,FALSE,"",08:55,FALSE
fare_BLR-BOM_6E_2026-08-29_T+7_1787389698944_qnxo,BLR-BOM,EaseMyTrip,6E,6E-6404,2026-08-29,T+7,8397,1843,10240,2026-08-22T09:05:05.407Z,FALSE,"",11:35,FALSE
fare_BLR-BOM_6E_2026-08-29_T+7_1787389698944_d6qz,BLR-BOM,EaseMyTrip,6E,6E-860,2026-08-29,T+7,8569,1881,10450,2026-08-22T09:05:05.407Z,FALSE,"",07:05,FALSE
fare_BLR-BOM_6E_2026-08-29_T+7_1787389698944_mdx9,BLR-BOM,EaseMyTrip,6E,6E-439,2026-08-29,T+7,8569,1881,10450,2026-08-22T09:05:05.407Z,FALSE,"",07:05,FALSE
fare_BLR-BOM_6E_2026-08-29_T+7_1787389698944_bz9b,BLR-BOM,EaseMyTrip,6E,6E-6104,2026-08-29,T+7,8569,1881,10450,2026-08-22T09:05:05.407Z,FALSE,"",11:40,FALSE
fare_BLR-BOM_6E_2026-08-29_T+7_1787389698944_uev6,BLR-BOM,EaseMyTrip,6E,6E-592,2026-08-29,T+7,8569,1881,10450,2026-08-22T09:05:05.407Z,FALSE,"",11:00,FALSE
fare_BLR-BOM_6E_2026-08-29_T+7_1787389698944_dnbw,BLR-BOM,EaseMyTrip,6E,6E-516,2026-08-29,T+7,8569,1881,10450,2026-08-22T09:05:05.407Z,FALSE,"",11:00,FALSE
fare_BLR-BOM_IX_2026-08-29_T+7_1787389698944_4wri,BLR-BOM,EaseMyTrip,IX,IX-2678,2026-08-29,T+7,9102,1998,11100,2026-08-22T09:05:05.407Z,FALSE,"",05:30,FALSE
fare_BLR-BOM_6E_2026-08-29_T+7_1787389698944_rcp6,BLR-BOM,EaseMyTrip,6E,6E-524,2026-08-29,T+7,8875,1948,10823,2026-08-22T09:05:05.407Z,FALSE,"",14:50,FALSE
fare_BLR-BOM_6E_2026-08-29_T+7_1787389698944_xmv1,BLR-BOM,EaseMyTrip,6E,6E-313,2026-08-29,T+7,8875,1948,10823,2026-08-22T09:05:05.407Z,FALSE,"",14:50,FALSE
fare_BLR-BOM_6E_2026-08-29_T+7_1787389698944_l0jl,BLR-BOM,EaseMyTrip,6E,6E-6067,2026-08-29,T+7,8875,1948,10823,2026-08-22T09:05:05.407Z,FALSE,"",16:30,FALSE
fare_BLR-BOM_6E_2026-08-29_T+7_1787389698944_6fm3,BLR-BOM,EaseMyTrip,6E,6E-700,2026-08-29,T+7,8875,1948,10823,2026-08-22T09:05:05.407Z,FALSE,"",14:50,FALSE
fare_BLR-BOM_6E_2026-08-29_T+7_1787389698944_onag,BLR-BOM,EaseMyTrip,6E,6E-990,2026-08-29,T+7,8875,1948,10823,2026-08-22T09:05:05.407Z,FALSE,"",14:50,FALSE
fare_BLR-BOM_AI_2026-08-29_T+7_1787389698944_n6hv,BLR-BOM,EaseMyTrip,AI,AI-9566,2026-08-29,T+7,9164,2011,11175,2026-08-22T09:05:05.407Z,FALSE,"",19:15,FALSE
fare_BLR-BOM_AI_2026-08-29_T+7_1787389698944_rh2n,BLR-BOM,EaseMyTrip,AI,AI-9564,2026-08-29,T+7,9164,2011,11175,2026-08-22T09:05:05.407Z,FALSE,"",10:55,FALSE
fare_BLR-BOM_6E_2026-08-29_T+7_1787389698944_vn3e,BLR-BOM,EaseMyTrip,6E,6E-6178,2026-08-29,T+7,9081,1993,11074,2026-08-22T09:05:05.407Z,FALSE,"",06:25,FALSE
fare_BLR-BOM_6E_2026-08-29_T+7_1787389698944_l9f8,BLR-BOM,EaseMyTrip,6E,6E-951,2026-08-29,T+7,9081,1993,11074,2026-08-22T09:05:05.407Z,FALSE,"",10:15,FALSE
fare_BLR-BOM_6E_2026-08-29_T+7_1787389698944_vyxt,BLR-BOM,EaseMyTrip,6E,6E-285,2026-08-29,T+7,9081,1993,11074,2026-08-22T09:05:05.407Z,FALSE,"",10:15,FALSE
fare_BLR-BOM_AI_2026-08-29_T+7_1787389698944_qg6l,BLR-BOM,EaseMyTrip,AI,AI-9852,2026-08-29,T+7,9318,2046,11364,2026-08-22T09:05:05.407Z,FALSE,"",18:40,FALSE
fare_BLR-BOM_AI_2026-08-29_T+7_1787389698944_rrec,BLR-BOM,EaseMyTrip,AI,AI-9762,2026-08-29,T+7,9495,2084,11579,2026-08-22T09:05:05.407Z,FALSE,"",07:05,FALSE
fare_BLR-BOM_AI_2026-08-29_T+7_1787389698944_zy11,BLR-BOM,EaseMyTrip,AI,AI-9482,2026-08-29,T+7,9495,2084,11579,2026-08-22T09:05:05.407Z,FALSE,"",19:40,FALSE
fare_BLR-BOM_AI_2026-08-29_T+7_1787389698944_fci9,BLR-BOM,EaseMyTrip,AI,AI-9970,2026-08-29,T+7,9495,2084,11579,2026-08-22T09:05:05.407Z,FALSE,"",14:45,FALSE
fare_BLR-BOM_AI_2026-08-29_T+7_1787389698944_m7l2,BLR-BOM,EaseMyTrip,AI,AI-9426,2026-08-29,T+7,9495,2084,11579,2026-08-22T09:05:05.407Z,FALSE,"",12:30,FALSE
fare_BLR-BOM_IX_2026-08-29_T+7_1787389698944_w41z,BLR-BOM,EaseMyTrip,IX,IX-2924,2026-08-29,T+7,9713,2132,11845,2026-08-22T09:05:05.407Z,FALSE,"",09:55,FALSE
fare_BLR-BOM_6E_2026-08-29_T+7_1787389698944_ii0e,BLR-BOM,EaseMyTrip,6E,6E-275,2026-08-29,T+7,9956,2185,12141,2026-08-22T09:05:05.407Z,FALSE,"",19:45,FALSE
fare_BLR-BOM_6E_2026-08-29_T+7_1787389698944_oa93,BLR-BOM,EaseMyTrip,6E,6E-762,2026-08-29,T+7,9956,2185,12141,2026-08-22T09:05:05.407Z,FALSE,"",19:45,FALSE
fare_BLR-BOM_6E_2026-08-29_T+7_1787389698944_33ff,BLR-BOM,EaseMyTrip,6E,6E-225,2026-08-29,T+7,10080,2213,12293,2026-08-22T09:05:05.407Z,FALSE,"",10:15,FALSE
fare_BLR-BOM_6E_2026-08-29_T+7_1787389698944_hgau,BLR-BOM,EaseMyTrip,6E,6E-773,2026-08-29,T+7,10080,2213,12293,2026-08-22T09:05:05.407Z,FALSE,"",10:15,FALSE
fare_BLR-BOM_AI_2026-08-29_T+7_1787389698944_wipg,BLR-BOM,EaseMyTrip,AI,AI-9572,2026-08-29,T+7,10430,2290,12720,2026-08-22T09:05:05.407Z,FALSE,"",12:30,FALSE
fare_BLR-BOM_6E_2026-08-29_T+7_1787389698944_oarr,BLR-BOM,EaseMyTrip,6E,6E-277,2026-08-29,T+7,10439,2292,12731,2026-08-22T09:05:05.407Z,FALSE,"",09:15,FALSE
fare_BLR-BOM_6E_2026-08-29_T+7_1787389698944_t2ki,BLR-BOM,EaseMyTrip,6E,6E-220,2026-08-29,T+7,10439,2292,12731,2026-08-22T09:05:05.407Z,FALSE,"",09:15,FALSE
fare_BLR-BOM_6E_2026-08-29_T+7_1787389698944_slgi,BLR-BOM,EaseMyTrip,6E,6E-6423,2026-08-29,T+7,10831,2378,13209,2026-08-22T09:05:05.407Z,FALSE,"",20:00,FALSE
fare_BLR-BOM_6E_2026-08-29_T+7_1787389698944_hc3q,BLR-BOM,EaseMyTrip,6E,6E-230,2026-08-29,T+7,11273,2474,13747,2026-08-22T09:05:05.407Z,FALSE,"",08:15,FALSE
fare_BLR-BOM_6E_2026-08-29_T+7_1787389698944_pzid,BLR-BOM,EaseMyTrip,6E,6E-158,2026-08-29,T+7,11273,2474,13747,2026-08-22T09:05:05.407Z,FALSE,"",08:15,FALSE
fare_BLR-BOM_AI_2026-08-29_T+7_1787389698944_f07v,BLR-BOM,EaseMyTrip,AI,AI-9520,2026-08-29,T+7,12147,2666,14813,2026-08-22T09:05:05.407Z,FALSE,"",13:05,FALSE
fare_BLR-BOM_IX_2026-08-29_T+7_1787389698944_vhyh,BLR-BOM,EaseMyTrip,IX,IX-1893,2026-08-29,T+7,12349,2711,15060,2026-08-22T09:05:05.407Z,FALSE,"",08:40,FALSE
fare_BLR-BOM_AI_2026-08-29_T+7_1787389698944_wj24,BLR-BOM,EaseMyTrip,AI,AI-9451,2026-08-29,T+7,12483,2740,15223,2026-08-22T09:05:05.407Z,FALSE,"",05:30,FALSE
fare_BLR-BOM_6E_2026-08-29_T+7_1787389698944_vd66,BLR-BOM,EaseMyTrip,6E,6E-6162,2026-08-29,T+7,12567,2758,15325,2026-08-22T09:05:05.407Z,FALSE,"",18:50,FALSE
fare_BLR-BOM_IX_2026-08-29_T+7_1787389698944_hgi9,BLR-BOM,EaseMyTrip,IX,IX-2608,2026-08-29,T+7,13006,2855,15861,2026-08-22T09:05:05.407Z,FALSE,"",16:45,FALSE
fare_BLR-BOM_AI_2026-08-29_T+7_1787389698944_beq8,BLR-BOM,EaseMyTrip,AI,AI-2810,2026-08-29,T+7,13227,2904,16131,2026-08-22T09:05:05.407Z,FALSE,"",06:00,FALSE
fare_BLR-BOM_AI_2026-08-29_T+7_1787389698944_puti,BLR-BOM,EaseMyTrip,AI,AI-2414,2026-08-29,T+7,13227,2904,16131,2026-08-22T09:05:05.407Z,FALSE,"",05:30,FALSE
fare_BLR-BOM_AI_2026-08-29_T+7_1787389698944_ntk7,BLR-BOM,EaseMyTrip,AI,AI-2756,2026-08-29,T+7,13358,2932,16290,2026-08-22T09:05:05.407Z,FALSE,"",02:15,FALSE
fare_BLR-BOM_AI_2026-08-29_T+7_1787389698944_3cfm,BLR-BOM,EaseMyTrip,AI,AI-2486,2026-08-29,T+7,13827,3035,16862,2026-08-22T09:05:05.407Z,FALSE,"",14:00,FALSE
fare_BLR-BOM_AI_2026-08-29_T+7_1787389698944_0epz,BLR-BOM,EaseMyTrip,AI,AI-2418,2026-08-29,T+7,13827,3035,16862,2026-08-22T09:05:05.407Z,FALSE,"",16:30,FALSE
fare_BLR-BOM_AI_2026-08-29_T+7_1787389698944_xu7t,BLR-BOM,EaseMyTrip,AI,AI-9605,2026-08-29,T+7,13844,3039,16883,2026-08-22T09:05:05.407Z,FALSE,"",14:25,FALSE
fare_BLR-BOM_AI_2026-08-29_T+7_1787389698944_vr2x,BLR-BOM,EaseMyTrip,AI,AI-9437,2026-08-29,T+7,13926,3057,16983,2026-08-22T09:05:05.407Z,FALSE,"",07:05,FALSE
fare_BLR-BOM_AI_2026-08-29_T+7_1787389698944_z7ys,BLR-BOM,EaseMyTrip,AI,AI-428,2026-08-29,T+7,13957,3064,17021,2026-08-22T09:05:05.407Z,FALSE,"",14:55,FALSE
fare_BLR-BOM_AI_2026-08-29_T+7_1787389698944_lzo0,BLR-BOM,EaseMyTrip,AI,AI-2511,2026-08-29,T+7,14091,3093,17184,2026-08-22T09:05:05.407Z,FALSE,"",15:45,FALSE
fare_BLR-BOM_IX_2026-08-29_T+7_1787389698944_uwus,BLR-BOM,EaseMyTrip,IX,IX-2116,2026-08-29,T+7,14306,3140,17446,2026-08-22T09:05:05.407Z,FALSE,"",21:00,FALSE
fare_BLR-BOM_AI_2026-08-29_T+7_1787389698944_t6pa,BLR-BOM,EaseMyTrip,AI,AI-9602,2026-08-29,T+7,14260,3130,17390,2026-08-22T09:05:05.407Z,FALSE,"",11:00,FALSE
fare_BLR-BOM_AI_2026-08-29_T+7_1787389698944_qord,BLR-BOM,EaseMyTrip,AI,AI-9455,2026-08-29,T+7,15476,3397,18873,2026-08-22T09:05:05.407Z,FALSE,"",08:40,FALSE
fare_BLR-BOM_AI_2026-08-29_T+7_1787389698944_wyln,BLR-BOM,EaseMyTrip,AI,AI-2854,2026-08-29,T+7,16211,3558,19769,2026-08-22T09:05:05.407Z,FALSE,"",16:40,TRUE
fare_BLR-BOM_AI_2026-08-29_T+7_1787389698944_2wg5,BLR-BOM,EaseMyTrip,AI,AI-2610,2026-08-29,T+7,16211,3558,19769,2026-08-22T09:05:05.407Z,FALSE,"",19:00,TRUE
fare_BLR-BOM_6E_2026-08-29_T+7_1787389698944_ngf3,BLR-BOM,EaseMyTrip,6E,6E-7005,2026-08-29,T+7,16370,3594,19964,2026-08-22T09:05:05.407Z,FALSE,"",08:05,FALSE
fare_BLR-BOM_AI_2026-08-29_T+7_1787389698944_gmgg,BLR-BOM,EaseMyTrip,AI,AI-9708,2026-08-29,T+7,18043,3961,22004,2026-08-22T09:05:05.407Z,TRUE,"High outlier: ₹22004 > upper fence ₹20905 (Q3: ₹12731, IQR: ₹5449)",10:05,FALSE
fare_BLR-BOM_AI_2026-08-29_T+7_1787389698944_fzbd,BLR-BOM,EaseMyTrip,AI,AI-9898,2026-08-29,T+7,18560,4074,22634,2026-08-22T09:05:05.407Z,TRUE,"High outlier: ₹22634 > upper fence ₹20905 (Q3: ₹12731, IQR: ₹5449)",09:50,FALSE
fare_BLR-BOM_6E_2026-08-29_T+7_1787389698944_3lzr,BLR-BOM,EaseMyTrip,6E,6E-539,2026-08-29,T+7,20998,4609,25607,2026-08-22T09:05:05.407Z,TRUE,"High outlier: ₹25607 > upper fence ₹20905 (Q3: ₹12731, IQR: ₹5449)",18:00,FALSE
fare_BLR-BOM_6E_2026-08-29_T+7_1787389698944_ehcj,BLR-BOM,EaseMyTrip,6E,6E-287,2026-08-29,T+7,20998,4609,25607,2026-08-22T09:05:05.407Z,TRUE,"High outlier: ₹25607 > upper fence ₹20905 (Q3: ₹12731, IQR: ₹5449)",18:00,FALSE
fare_BLR-BOM_AI_2026-08-29_T+7_1787389698944_1fsh,BLR-BOM,EaseMyTrip,AI,AI-9457,2026-08-29,T+7,21290,4673,25963,2026-08-22T09:05:05.407Z,TRUE,"High outlier: ₹25963 > upper fence ₹20905 (Q3: ₹12731, IQR: ₹5449)",16:45,FALSE
fare_BLR-BOM_6E_2026-08-29_T+7_1787389698944_zjup,BLR-BOM,EaseMyTrip,6E,6E-832,2026-08-29,T+7,21739,4772,26511,2026-08-22T09:05:05.407Z,TRUE,"High outlier: ₹26511 > upper fence ₹20905 (Q3: ₹12731, IQR: ₹5449)",18:00,FALSE
fare_BLR-BOM_6E_2026-08-29_T+7_1787389698944_w5cm,BLR-BOM,EaseMyTrip,6E,6E-929,2026-08-29,T+7,21739,4772,26511,2026-08-22T09:05:05.407Z,TRUE,"High outlier: ₹26511 > upper fence ₹20905 (Q3: ₹12731, IQR: ₹5449)",18:00,FALSE
fare_BLR-BOM_6E_2026-08-29_T+7_1787389698944_gika,BLR-BOM,EaseMyTrip,6E,6E-6702,2026-08-29,T+7,23430,5143,28573,2026-08-22T09:05:05.407Z,TRUE,"High outlier: ₹28573 > upper fence ₹20905 (Q3: ₹12731, IQR: ₹5449)",05:20,FALSE
fare_BLR-DEL_6E_2026-08-23_T+1_1787389698945_pvt2,BLR-DEL,EaseMyTrip,6E,6E-501,2026-08-23,T+1,3390,744,4134,2026-08-22T05:06:35.386Z,TRUE,"Low outlier: ₹4134 < lower fence ₹5649 (Q1: ₹15732, IQR: ₹6722)",07:00,TRUE
fare_BLR-DEL_IX_2026-08-23_T+1_1787389698945_r6qi,BLR-DEL,EaseMyTrip,IX,IX-1971,2026-08-23,T+1,9662,2121,11783,2026-08-22T09:04:35.693Z,FALSE,"",12:45,FALSE
fare_BLR-DEL_AI_2026-08-23_T+1_1787389698945_1qti,BLR-DEL,EaseMyTrip,AI,AI-9808,2026-08-23,T+1,10189,2236,12425,2026-08-22T09:04:35.693Z,FALSE,"",04:00,FALSE
fare_BLR-DEL_IX_2026-08-23_T+1_1787389698945_980y,BLR-DEL,EaseMyTrip,IX,IX-2816,2026-08-23,T+1,10318,2265,12583,2026-08-22T09:04:35.693Z,FALSE,"",09:50,FALSE
fare_BLR-DEL_6E_2026-08-23_T+1_1787389698945_hhlz,BLR-DEL,EaseMyTrip,6E,6E-6876,2026-08-23,T+1,10202,2239,12441,2026-08-22T09:04:35.693Z,FALSE,"",02:40,FALSE
fare_BLR-DEL_6E_2026-08-23_T+1_1787389698945_01bp,BLR-DEL,EaseMyTrip,6E,6E-980,2026-08-23,T+1,10474,2299,12773,2026-08-22T09:04:35.693Z,FALSE,"",04:30,FALSE
fare_BLR-DEL_6E_2026-08-23_T+1_1787389698945_rsqk,BLR-DEL,EaseMyTrip,6E,6E-747,2026-08-23,T+1,10474,2299,12773,2026-08-22T09:04:35.693Z,FALSE,"",04:30,FALSE
fare_BLR-DEL_6E_2026-08-23_T+1_1787389698945_3m1r,BLR-DEL,EaseMyTrip,6E,6E-6563,2026-08-23,T+1,10474,2299,12773,2026-08-22T09:04:35.693Z,FALSE,"",01:05,FALSE
fare_BLR-DEL_IX_2026-08-23_T+1_1787389698945_koxm,BLR-DEL,EaseMyTrip,IX,IX-1502,2026-08-23,T+1,11138,2445,13583,2026-08-22T09:04:35.693Z,FALSE,"",10:35,FALSE
fare_BLR-DEL_6E_2026-08-23_T+1_1787389698945_2p9z,BLR-DEL,EaseMyTrip,6E,6E-716,2026-08-23,T+1,11159,2449,13608,2026-08-22T09:04:35.693Z,FALSE,"",21:40,FALSE
fare_BLR-DEL_6E_2026-08-23_T+1_1787389698945_ruix,BLR-DEL,EaseMyTrip,6E,6E-773,2026-08-23,T+1,11159,2449,13608,2026-08-22T09:04:35.693Z,FALSE,"",21:40,FALSE
fare_BLR-DEL_6E_2026-08-23_T+1_1787389698945_ub7l,BLR-DEL,EaseMyTrip,6E,6E-725,2026-08-23,T+1,11159,2449,13608,2026-08-22T09:04:35.693Z,FALSE,"",23:05,FALSE
fare_BLR-DEL_6E_2026-08-23_T+1_1787389698945_i8jx,BLR-DEL,EaseMyTrip,6E,6E-834,2026-08-23,T+1,11159,2449,13608,2026-08-22T09:04:35.693Z,FALSE,"",23:05,FALSE
fare_BLR-DEL_6E_2026-08-23_T+1_1787389698945_pwsp,BLR-DEL,EaseMyTrip,6E,6E-528,2026-08-23,T+1,11159,2449,13608,2026-08-22T09:04:35.693Z,FALSE,"",19:00,FALSE
fare_BLR-DEL_6E_2026-08-23_T+1_1787389698945_9kdg,BLR-DEL,EaseMyTrip,6E,6E-231,2026-08-23,T+1,11159,2449,13608,2026-08-22T09:04:35.693Z,FALSE,"",19:00,FALSE
fare_BLR-DEL_6E_2026-08-23_T+1_1787389698945_xpfd,BLR-DEL,EaseMyTrip,6E,6E-6269,2026-08-23,T+1,11223,2463,13686,2026-08-22T09:04:35.693Z,FALSE,"",07:15,FALSE
fare_BLR-DEL_6E_2026-08-23_T+1_1787389698945_uw0i,BLR-DEL,EaseMyTrip,6E,6E-6554,2026-08-23,T+1,11223,2463,13686,2026-08-22T09:04:35.693Z,FALSE,"",19:15,FALSE
fare_BLR-DEL_6E_2026-08-23_T+1_1787389698945_n5g8,BLR-DEL,EaseMyTrip,6E,6E-6875,2026-08-23,T+1,11223,2463,13686,2026-08-22T09:04:35.693Z,FALSE,"",19:55,FALSE
fare_BLR-DEL_6E_2026-08-23_T+1_1787389698945_x7rt,BLR-DEL,EaseMyTrip,6E,6E-6451,2026-08-23,T+1,11331,2487,13818,2026-08-22T09:04:35.693Z,FALSE,"",16:45,FALSE
fare_BLR-DEL_6E_2026-08-23_T+1_1787389698945_q27h,BLR-DEL,EaseMyTrip,6E,6E-6277,2026-08-23,T+1,11331,2487,13818,2026-08-22T09:04:35.693Z,FALSE,"",14:45,FALSE
fare_BLR-DEL_6E_2026-08-23_T+1_1787389698945_pj2c,BLR-DEL,EaseMyTrip,6E,6E-6445,2026-08-23,T+1,11352,2492,13844,2026-08-22T09:04:35.693Z,FALSE,"",10:25,FALSE
fare_BLR-DEL_6E_2026-08-23_T+1_1787389698945_00iv,BLR-DEL,EaseMyTrip,6E,6E-631,2026-08-23,T+1,11449,2513,13962,2026-08-22T09:04:35.693Z,FALSE,"",08:10,FALSE
fare_BLR-DEL_6E_2026-08-23_T+1_1787389698945_hpya,BLR-DEL,EaseMyTrip,6E,6E-232,2026-08-23,T+1,11449,2513,13962,2026-08-22T09:04:35.693Z,FALSE,"",08:10,FALSE
fare_BLR-DEL_6E_2026-08-23_T+1_1787389698945_7mia,BLR-DEL,EaseMyTrip,6E,6E-6439,2026-08-23,T+1,11449,2513,13962,2026-08-22T09:04:35.693Z,FALSE,"",06:30,FALSE
fare_BLR-DEL_AI_2026-08-23_T+1_1787389698945_ml07,BLR-DEL,EaseMyTrip,AI,AI-2610,2026-08-23,T+1,11878,2607,14485,2026-08-22T09:04:35.693Z,FALSE,"",19:00,FALSE
fare_BLR-DEL_IX_2026-08-23_T+1_1787389698945_eskz,BLR-DEL,EaseMyTrip,IX,IX-2145,2026-08-23,T+1,11958,2625,14583,2026-08-22T09:04:35.693Z,FALSE,"",04:00,FALSE
fare_BLR-DEL_AI_2026-08-23_T+1_1787389698945_57lh,BLR-DEL,EaseMyTrip,AI,AI-9478,2026-08-23,T+1,12138,2665,14803,2026-08-22T09:04:35.693Z,FALSE,"",22:10,FALSE
fare_BLR-DEL_6E_2026-08-23_T+1_1787389698945_h459,BLR-DEL,EaseMyTrip,6E,6E-6423,2026-08-23,T+1,11993,2632,14625,2026-08-22T09:04:35.693Z,FALSE,"",20:00,FALSE
fare_BLR-DEL_AI_2026-08-23_T+1_1787389698945_5cop,BLR-DEL,EaseMyTrip,AI,AI-2758,2026-08-23,T+1,12176,2673,14849,2026-08-22T09:04:35.693Z,FALSE,"",00:15,TRUE
fare_BLR-DEL_AI_2026-08-23_T+1_1787389698945_gmob,BLR-DEL,EaseMyTrip,AI,AI-2756,2026-08-23,T+1,12176,2673,14849,2026-08-22T09:04:35.693Z,FALSE,"",02:15,TRUE
fare_BLR-DEL_6E_2026-08-23_T+1_1787389698945_l99i,BLR-DEL,EaseMyTrip,6E,6E-6406,2026-08-23,T+1,12195,2677,14872,2026-08-22T09:04:35.693Z,FALSE,"",22:00,TRUE
fare_BLR-DEL_6E_2026-08-23_T+1_1787389698945_i90n,BLR-DEL,EaseMyTrip,6E,6E-330,2026-08-23,T+1,12541,2753,15294,2026-08-22T09:04:35.693Z,FALSE,"",09:35,FALSE
fare_BLR-DEL_6E_2026-08-23_T+1_1787389698945_qrsw,BLR-DEL,EaseMyTrip,6E,6E-311,2026-08-23,T+1,12541,2753,15294,2026-08-22T09:04:35.693Z,FALSE,"",09:35,FALSE
fare_BLR-DEL_6E_2026-08-23_T+1_1787389698945_2g87,BLR-DEL,EaseMyTrip,6E,6E-6465,2026-08-23,T+1,12900,2832,15732,2026-08-22T09:04:35.693Z,FALSE,"",17:15,FALSE
fare_BLR-DEL_6E_2026-08-23_T+1_1787389698945_apoc,BLR-DEL,EaseMyTrip,6E,6E-535,2026-08-23,T+1,12900,2832,15732,2026-08-22T09:04:35.693Z,FALSE,"",20:40,FALSE
fare_BLR-DEL_6E_2026-08-23_T+1_1787389698945_ggid,BLR-DEL,EaseMyTrip,6E,6E-963,2026-08-23,T+1,12900,2832,15732,2026-08-22T09:04:35.693Z,FALSE,"",20:40,FALSE
fare_BLR-DEL_6E_2026-08-23_T+1_1787389698945_nw8r,BLR-DEL,EaseMyTrip,6E,6E-2313,2026-08-23,T+1,12912,2834,15746,2026-08-22T09:04:35.693Z,FALSE,"",23:30,TRUE
fare_BLR-DEL_6E_2026-08-23_T+1_1787389698945_ny3a,BLR-DEL,EaseMyTrip,6E,6E-6653,2026-08-23,T+1,12965,2846,15811,2026-08-22T09:04:35.693Z,FALSE,"",12:35,FALSE
fare_BLR-DEL_QP_2026-08-23_T+1_1787389698945_p6o6,BLR-DEL,EaseMyTrip,QP,QP-1811,2026-08-23,T+1,13011,2856,15867,2026-08-22T09:04:35.693Z,FALSE,"",04:15,TRUE
fare_BLR-DEL_QP_2026-08-23_T+1_1787389698945_cnrf,BLR-DEL,EaseMyTrip,QP,QP-1823,2026-08-23,T+1,13011,2856,15867,2026-08-22T09:04:35.693Z,FALSE,"",06:05,TRUE
fare_BLR-DEL_6E_2026-08-23_T+1_1787389698945_851j,BLR-DEL,EaseMyTrip,6E,6E-679,2026-08-23,T+1,13359,2933,16292,2026-08-22T09:04:35.693Z,FALSE,"",16:20,FALSE
fare_BLR-DEL_6E_2026-08-23_T+1_1787389698945_hlwg,BLR-DEL,EaseMyTrip,6E,6E-484,2026-08-23,T+1,13359,2933,16292,2026-08-22T09:04:35.693Z,FALSE,"",16:20,FALSE
fare_BLR-DEL_AI_2026-08-23_T+1_1787389698945_deo4,BLR-DEL,EaseMyTrip,AI,AI-2811,2026-08-23,T+1,13594,2984,16578,2026-08-22T09:04:35.693Z,FALSE,"",23:40,FALSE
fare_BLR-DEL_AI_2026-08-23_T+1_1787389698945_dc61,BLR-DEL,EaseMyTrip,AI,AI-2810,2026-08-23,T+1,13644,2995,16639,2026-08-22T09:04:35.693Z,FALSE,"",06:00,TRUE
fare_BLR-DEL_AI_2026-08-23_T+1_1787389698945_ubzu,BLR-DEL,EaseMyTrip,AI,AI-2414,2026-08-23,T+1,13644,2995,16639,2026-08-22T09:04:35.693Z,FALSE,"",05:30,TRUE
fare_BLR-DEL_AI_2026-08-23_T+1_1787389698945_ti9o,BLR-DEL,EaseMyTrip,AI,AI-2654,2026-08-23,T+1,13644,2995,16639,2026-08-22T09:04:35.693Z,FALSE,"",07:00,TRUE
fare_BLR-DEL_AI_2026-08-23_T+1_1787389698945_he4m,BLR-DEL,EaseMyTrip,AI,AI-2501,2026-08-23,T+1,13644,2995,16639,2026-08-22T09:04:35.693Z,FALSE,"",23:30,TRUE
fare_BLR-DEL_QP_2026-08-23_T+1_1787389698945_zjer,BLR-DEL,EaseMyTrip,QP,QP-1359,2026-08-23,T+1,13500,2964,16464,2026-08-22T09:04:35.693Z,FALSE,"",05:00,TRUE
fare_BLR-DEL_6E_2026-08-23_T+1_1787389698945_xgpb,BLR-DEL,EaseMyTrip,6E,6E-6863,2026-08-23,T+1,13603,2986,16589,2026-08-22T09:04:35.693Z,FALSE,"",08:20,FALSE
fare_BLR-DEL_AI_2026-08-23_T+1_1787389698945_mdw4,BLR-DEL,EaseMyTrip,AI,AI-2818,2026-08-23,T+1,13874,3046,16920,2026-08-22T09:04:35.693Z,FALSE,"",20:00,TRUE
fare_BLR-DEL_QP_2026-08-23_T+1_1787389698945_k9ca,BLR-DEL,EaseMyTrip,QP,QP-1381,2026-08-23,T+1,14140,3104,17244,2026-08-22T09:04:35.693Z,FALSE,"",04:50,FALSE
fare_BLR-DEL_6E_2026-08-23_T+1_1787389698945_4j0o,BLR-DEL,EaseMyTrip,6E,6E-472,2026-08-23,T+1,14492,3181,17673,2026-08-22T09:04:35.693Z,FALSE,"",19:30,TRUE
fare_BLR-DEL_6E_2026-08-23_T+1_1787389698945_e1de,BLR-DEL,EaseMyTrip,6E,6E-892,2026-08-23,T+1,14492,3181,17673,2026-08-22T09:04:35.693Z,FALSE,"",19:30,TRUE
fare_BLR-DEL_6E_2026-08-23_T+1_1787389698945_c979,BLR-DEL,EaseMyTrip,6E,6E-530,2026-08-23,T+1,14492,3181,17673,2026-08-22T09:04:35.693Z,FALSE,"",20:40,TRUE
fare_BLR-DEL_6E_2026-08-23_T+1_1787389698945_ffyu,BLR-DEL,EaseMyTrip,6E,6E-250,2026-08-23,T+1,14492,3181,17673,2026-08-22T09:04:35.693Z,FALSE,"",20:40,TRUE
fare_BLR-DEL_QP_2026-08-23_T+1_1787389698945_95l3,BLR-DEL,EaseMyTrip,QP,QP-1307,2026-08-23,T+1,14540,3192,17732,2026-08-22T09:04:35.693Z,FALSE,"",17:20,TRUE
fare_BLR-DEL_AI_2026-08-23_T+1_1787389698945_s0od,BLR-DEL,EaseMyTrip,AI,AI-2850,2026-08-23,T+1,14809,3251,18060,2026-08-22T09:04:35.693Z,FALSE,"",20:30,FALSE
fare_BLR-DEL_AI_2026-08-23_T+1_1787389698945_8kvz,BLR-DEL,EaseMyTrip,AI,AI-9806,2026-08-23,T+1,14939,3279,18218,2026-08-22T09:04:35.693Z,FALSE,"",17:35,FALSE
fare_BLR-DEL_AI_2026-08-23_T+1_1787389698945_tvee,BLR-DEL,EaseMyTrip,AI,AI-9762,2026-08-23,T+1,15129,3321,18450,2026-08-22T09:04:35.693Z,FALSE,"",07:05,FALSE
fare_BLR-DEL_6E_2026-08-23_T+1_1787389698945_izd8,BLR-DEL,EaseMyTrip,6E,6E-6283,2026-08-23,T+1,14966,3285,18251,2026-08-22T09:04:35.693Z,FALSE,"",19:05,FALSE
fare_BLR-DEL_6E_2026-08-23_T+1_1787389698945_ob0c,BLR-DEL,EaseMyTrip,6E,6E-344,2026-08-23,T+1,15031,3299,18330,2026-08-22T09:04:35.693Z,FALSE,"",15:10,FALSE
fare_BLR-DEL_6E_2026-08-23_T+1_1787389698945_3am3,BLR-DEL,EaseMyTrip,6E,6E-751,2026-08-23,T+1,15031,3299,18330,2026-08-22T09:04:35.693Z,FALSE,"",15:10,FALSE
fare_BLR-DEL_6E_2026-08-23_T+1_1787389698945_qett,BLR-DEL,EaseMyTrip,6E,6E-278,2026-08-23,T+1,15301,3359,18660,2026-08-22T09:04:35.693Z,FALSE,"",10:50,FALSE
fare_BLR-DEL_6E_2026-08-23_T+1_1787389698945_yr1h,BLR-DEL,EaseMyTrip,6E,6E-955,2026-08-23,T+1,15301,3359,18660,2026-08-22T09:04:35.693Z,FALSE,"",10:50,FALSE
fare_BLR-DEL_6E_2026-08-23_T+1_1787389698945_ck95,BLR-DEL,EaseMyTrip,6E,6E-6162,2026-08-23,T+1,15335,3366,18701,2026-08-22T09:04:35.693Z,FALSE,"",18:50,FALSE
fare_BLR-DEL_6E_2026-08-23_T+1_1787389698945_9hz7,BLR-DEL,EaseMyTrip,6E,6E-6034,2026-08-23,T+1,15364,3372,18736,2026-08-22T09:04:35.693Z,FALSE,"",18:15,TRUE
fare_BLR-DEL_6E_2026-08-23_T+1_1787389698945_lflh,BLR-DEL,EaseMyTrip,6E,6E-861,2026-08-23,T+1,15364,3372,18736,2026-08-22T09:04:35.693Z,FALSE,"",12:00,TRUE
fare_BLR-DEL_6E_2026-08-23_T+1_1787389698945_oyqo,BLR-DEL,EaseMyTrip,6E,6E-303,2026-08-23,T+1,15364,3372,18736,2026-08-22T09:04:35.693Z,FALSE,"",12:00,TRUE
fare_BLR-DEL_6E_2026-08-23_T+1_1787389698945_6mie,BLR-DEL,EaseMyTrip,6E,6E-178,2026-08-23,T+1,15364,3372,18736,2026-08-22T09:04:35.693Z,FALSE,"",09:30,TRUE
fare_BLR-DEL_6E_2026-08-23_T+1_1787389698945_9pk3,BLR-DEL,EaseMyTrip,6E,6E-626,2026-08-23,T+1,15364,3372,18736,2026-08-22T09:04:35.693Z,FALSE,"",09:30,TRUE
fare_BLR-DEL_6E_2026-08-23_T+1_1787389698945_47r9,BLR-DEL,EaseMyTrip,6E,6E-6891,2026-08-23,T+1,15377,3376,18753,2026-08-22T09:04:35.693Z,FALSE,"",17:15,FALSE
fare_BLR-DEL_AI_2026-08-23_T+1_1787389698945_nz6f,BLR-DEL,EaseMyTrip,AI,AI-2854,2026-08-23,T+1,15722,3451,19173,2026-08-22T09:04:35.693Z,FALSE,"",16:40,FALSE
fare_BLR-DEL_AI_2026-08-23_T+1_1787389698945_t8m0,BLR-DEL,EaseMyTrip,AI,AI-2486,2026-08-23,T+1,15948,3501,19449,2026-08-22T09:04:35.693Z,FALSE,"",14:00,TRUE
fare_BLR-DEL_AI_2026-08-23_T+1_1787389698945_bkuw,BLR-DEL,EaseMyTrip,AI,AI-2488,2026-08-23,T+1,15948,3501,19449,2026-08-22T09:04:35.693Z,FALSE,"",22:30,TRUE
fare_BLR-DEL_AI_2026-08-23_T+1_1787389698945_qvns,BLR-DEL,EaseMyTrip,AI,AI-2868,2026-08-23,T+1,15948,3501,19449,2026-08-22T09:04:35.693Z,FALSE,"",09:00,TRUE
fare_BLR-DEL_AI_2026-08-23_T+1_1787389698945_5kzr,BLR-DEL,EaseMyTrip,AI,AI-2421,2026-08-23,T+1,15948,3501,19449,2026-08-22T09:04:35.693Z,FALSE,"",21:40,TRUE
fare_BLR-DEL_6E_2026-08-23_T+1_1787389698945_klgk,BLR-DEL,EaseMyTrip,6E,6E-5255,2026-08-23,T+1,16138,3543,19681,2026-08-22T09:04:35.693Z,FALSE,"",17:25,FALSE
fare_BLR-DEL_AI_2026-08-23_T+1_1787389698945_pie3,BLR-DEL,EaseMyTrip,AI,AI-9566,2026-08-23,T+1,16323,3583,19906,2026-08-22T09:04:35.693Z,FALSE,"",19:15,FALSE
fare_BLR-DEL_QP_2026-08-23_T+1_1787389698945_n4ia,BLR-DEL,EaseMyTrip,QP,QP-1821,2026-08-23,T+1,16173,3550,19723,2026-08-22T09:04:35.693Z,FALSE,"",13:10,TRUE
fare_BLR-DEL_6E_2026-08-23_T+1_1787389698945_h522,BLR-DEL,EaseMyTrip,6E,6E-455,2026-08-23,T+1,16203,3557,19760,2026-08-22T09:04:35.693Z,FALSE,"",19:10,FALSE
fare_BLR-DEL_6E_2026-08-23_T+1_1787389698945_b936,BLR-DEL,EaseMyTrip,6E,6E-267,2026-08-23,T+1,16203,3557,19760,2026-08-22T09:04:35.693Z,FALSE,"",19:10,FALSE
fare_BLR-DEL_6E_2026-08-23_T+1_1787389698945_g7pk,BLR-DEL,EaseMyTrip,6E,6E-317,2026-08-23,T+1,16293,3576,19869,2026-08-22T09:04:35.693Z,FALSE,"",08:15,TRUE
fare_BLR-DEL_6E_2026-08-23_T+1_1787389698945_yaqw,BLR-DEL,EaseMyTrip,6E,6E-6039,2026-08-23,T+1,16293,3576,19869,2026-08-22T09:04:35.693Z,FALSE,"",17:00,TRUE
fare_BLR-DEL_6E_2026-08-23_T+1_1787389698945_uv1w,BLR-DEL,EaseMyTrip,6E,6E-720,2026-08-23,T+1,16293,3576,19869,2026-08-22T09:04:35.693Z,FALSE,"",13:55,TRUE
fare_BLR-DEL_6E_2026-08-23_T+1_1787389698945_7ig7,BLR-DEL,EaseMyTrip,6E,6E-370,2026-08-23,T+1,16293,3576,19869,2026-08-22T09:04:35.693Z,FALSE,"",13:55,TRUE
fare_BLR-DEL_6E_2026-08-23_T+1_1787389698945_f1ik,BLR-DEL,EaseMyTrip,6E,6E-887,2026-08-23,T+1,16293,3576,19869,2026-08-22T09:04:35.693Z,FALSE,"",13:10,TRUE
fare_BLR-DEL_6E_2026-08-23_T+1_1787389698945_2hvi,BLR-DEL,EaseMyTrip,6E,6E-324,2026-08-23,T+1,16293,3576,19869,2026-08-22T09:04:35.693Z,FALSE,"",13:10,TRUE
fare_BLR-DEL_6E_2026-08-23_T+1_1787389698945_v3l4,BLR-DEL,EaseMyTrip,6E,6E-448,2026-08-23,T+1,16293,3576,19869,2026-08-22T09:04:35.693Z,FALSE,"",10:45,TRUE
fare_BLR-DEL_6E_2026-08-23_T+1_1787389698945_4snh,BLR-DEL,EaseMyTrip,6E,6E-829,2026-08-23,T+1,16293,3576,19869,2026-08-22T09:04:35.693Z,FALSE,"",10:45,TRUE
fare_BLR-DEL_6E_2026-08-23_T+1_1787389698945_ko38,BLR-DEL,EaseMyTrip,6E,6E-602,2026-08-23,T+1,16293,3576,19869,2026-08-22T09:04:35.693Z,FALSE,"",15:45,TRUE
fare_BLR-DEL_6E_2026-08-23_T+1_1787389698945_umxg,BLR-DEL,EaseMyTrip,6E,6E-594,2026-08-23,T+1,16293,3576,19869,2026-08-22T09:04:35.693Z,FALSE,"",15:45,TRUE
fare_BLR-DEL_IX_2026-08-23_T+1_1787389698945_musa,BLR-DEL,EaseMyTrip,IX,IX-2410,2026-08-23,T+1,17003,3732,20735,2026-08-22T09:04:35.693Z,FALSE,"",22:15,TRUE
fare_BLR-DEL_IX_2026-08-23_T+1_1787389698945_6qy5,BLR-DEL,EaseMyTrip,IX,IX-1581,2026-08-23,T+1,17029,3738,20767,2026-08-22T09:04:35.693Z,FALSE,"",18:25,FALSE
fare_BLR-DEL_6E_2026-08-23_T+1_1787389698945_5z12,BLR-DEL,EaseMyTrip,6E,6E-6178,2026-08-23,T+1,16806,3689,20495,2026-08-22T09:04:35.693Z,FALSE,"",06:25,FALSE
fare_BLR-DEL_6E_2026-08-23_T+1_1787389698945_7kbt,BLR-DEL,EaseMyTrip,6E,6E-677,2026-08-23,T+1,16811,3690,20501,2026-08-22T09:04:35.693Z,FALSE,"",15:30,FALSE
fare_BLR-DEL_6E_2026-08-23_T+1_1787389698945_ptdg,BLR-DEL,EaseMyTrip,6E,6E-877,2026-08-23,T+1,16811,3690,20501,2026-08-22T09:04:35.693Z,FALSE,"",15:30,FALSE
fare_BLR-DEL_IX_2026-08-23_T+1_1787389698945_8pet,BLR-DEL,EaseMyTrip,IX,IX-2608,2026-08-23,T+1,17747,3896,21643,2026-08-22T09:04:35.693Z,FALSE,"",16:45,FALSE
fare_BLR-DEL_6E_2026-08-23_T+1_1787389698945_hl5p,BLR-DEL,EaseMyTrip,6E,6E-851,2026-08-23,T+1,17636,3871,21507,2026-08-22T09:04:35.693Z,FALSE,"",09:15,FALSE
fare_BLR-DEL_6E_2026-08-23_T+1_1787389698945_lf1s,BLR-DEL,EaseMyTrip,6E,6E-477,2026-08-23,T+1,17636,3871,21507,2026-08-22T09:04:35.693Z,FALSE,"",09:15,FALSE
fare_BLR-DEL_6E_2026-08-23_T+1_1787389698945_w779,BLR-DEL,EaseMyTrip,6E,6E-968,2026-08-23,T+1,17636,3871,21507,2026-08-22T09:04:35.693Z,FALSE,"",08:15,FALSE
fare_BLR-DEL_6E_2026-08-23_T+1_1787389698945_2vqi,BLR-DEL,EaseMyTrip,6E,6E-757,2026-08-23,T+1,17636,3871,21507,2026-08-22T09:04:35.693Z,FALSE,"",08:15,FALSE
fare_BLR-DEL_6E_2026-08-23_T+1_1787389698945_xhd4,BLR-DEL,EaseMyTrip,6E,6E-772,2026-08-23,T+1,17636,3871,21507,2026-08-22T09:04:35.693Z,FALSE,"",09:15,FALSE
fare_BLR-DEL_6E_2026-08-23_T+1_1787389698945_2ebu,BLR-DEL,EaseMyTrip,6E,6E-426,2026-08-23,T+1,17636,3871,21507,2026-08-22T09:04:35.693Z,FALSE,"",09:15,FALSE
fare_BLR-DEL_AI_2026-08-23_T+1_1787389698945_tvq3,BLR-DEL,EaseMyTrip,AI,AI-428,2026-08-23,T+1,18453,4051,22504,2026-08-22T09:04:35.693Z,FALSE,"",14:55,TRUE
fare_BLR-DEL_AI_2026-08-23_T+1_1787389698945_245d,BLR-DEL,EaseMyTrip,AI,AI-2511,2026-08-23,T+1,18453,4051,22504,2026-08-22T09:04:35.693Z,FALSE,"",15:45,TRUE
fare_BLR-DEL_AI_2026-08-23_T+1_1787389698945_a2jy,BLR-DEL,EaseMyTrip,AI,AI-2418,2026-08-23,T+1,18453,4051,22504,2026-08-22T09:04:35.693Z,FALSE,"",16:30,TRUE
fare_BLR-DEL_AI_2026-08-23_T+1_1787389698945_990f,BLR-DEL,EaseMyTrip,AI,AI-2406,2026-08-23,T+1,18453,4051,22504,2026-08-22T09:04:35.693Z,FALSE,"",11:00,TRUE
fare_BLR-DEL_AI_2026-08-23_T+1_1787389698945_0d2f,BLR-DEL,EaseMyTrip,AI,AI-2802,2026-08-23,T+1,18453,4051,22504,2026-08-22T09:04:35.693Z,FALSE,"",18:20,TRUE
fare_BLR-DEL_AI_2026-08-23_T+1_1787389698945_fw3z,BLR-DEL,EaseMyTrip,AI,AI-2798,2026-08-23,T+1,18453,4051,22504,2026-08-22T09:04:35.693Z,FALSE,"",20:25,TRUE
fare_BLR-DEL_IX_2026-08-23_T+1_1787389698945_zi5z,BLR-DEL,EaseMyTrip,IX,IX-1239,2026-08-23,T+1,18611,4085,22696,2026-08-22T09:04:35.693Z,FALSE,"",06:35,FALSE
fare_BLR-DEL_6E_2026-08-23_T+1_1787389698945_s3xy,BLR-DEL,EaseMyTrip,6E,6E-6595,2026-08-23,T+1,18398,4039,22437,2026-08-22T09:04:35.693Z,FALSE,"",13:55,FALSE
fare_BLR-DEL_6E_2026-08-23_T+1_1787389698945_djd1,BLR-DEL,EaseMyTrip,6E,6E-172,2026-08-23,T+1,18484,4057,22541,2026-08-22T09:04:35.693Z,FALSE,"",10:15,FALSE
fare_BLR-DEL_6E_2026-08-23_T+1_1787389698945_0axc,BLR-DEL,EaseMyTrip,6E,6E-357,2026-08-23,T+1,18484,4057,22541,2026-08-22T09:04:35.693Z,FALSE,"",10:15,FALSE
fare_BLR-DEL_AI_2026-08-23_T+1_1787389698945_x650,BLR-DEL,EaseMyTrip,AI,AI-9898,2026-08-23,T+1,18648,4093,22741,2026-08-22T09:04:35.693Z,FALSE,"",09:50,FALSE
fare_BLR-DEL_AI_2026-08-23_T+1_1787389698945_k6ey,BLR-DEL,EaseMyTrip,AI,AI-9437,2026-08-23,T+1,18713,4108,22821,2026-08-22T09:04:35.693Z,FALSE,"",07:05,FALSE
fare_BLR-DEL_IX_2026-08-23_T+1_1787389698945_dr1z,BLR-DEL,EaseMyTrip,IX,IX-1480,2026-08-23,T+1,18787,4124,22911,2026-08-22T09:04:35.693Z,FALSE,"",11:50,FALSE
fare_BLR-DEL_AI_2026-08-23_T+1_1787389698945_e5fm,BLR-DEL,EaseMyTrip,AI,AI-9564,2026-08-23,T+1,18907,4150,23057,2026-08-22T09:04:35.693Z,FALSE,"",14:55,FALSE
fare_BLR-DEL_QP_2026-08-23_T+1_1787389698945_athb,BLR-DEL,EaseMyTrip,QP,QP-1515,2026-08-23,T+1,18837,4135,22972,2026-08-22T09:04:35.693Z,FALSE,"",06:20,FALSE
fare_BLR-DEL_6E_2026-08-23_T+1_1787389698945_romk,BLR-DEL,EaseMyTrip,6E,6E-6784,2026-08-23,T+1,19272,4231,23503,2026-08-22T09:04:35.693Z,FALSE,"",21:30,FALSE
fare_BLR-DEL_IX_2026-08-23_T+1_1787389698945_e8hr,BLR-DEL,EaseMyTrip,IX,IX-1893,2026-08-23,T+1,19584,4299,23883,2026-08-22T09:04:35.693Z,FALSE,"",08:40,FALSE
fare_BLR-DEL_AI_2026-08-23_T+1_1787389698945_mktc,BLR-DEL,EaseMyTrip,AI,AI-9520,2026-08-23,T+1,19961,4382,24343,2026-08-22T09:04:35.693Z,FALSE,"",13:05,FALSE
fare_BLR-DEL_IX_2026-08-23_T+1_1787389698945_g6jp,BLR-DEL,EaseMyTrip,IX,IX-2680,2026-08-23,T+1,20459,4491,24950,2026-08-22T09:04:35.693Z,FALSE,"",21:50,FALSE
fare_BLR-DEL_AI_2026-08-23_T+1_1787389698945_skwt,BLR-DEL,EaseMyTrip,AI,AI-9572,2026-08-23,T+1,20679,4539,25218,2026-08-22T09:04:35.693Z,FALSE,"",12:30,FALSE
fare_BLR-DEL_QP_2026-08-23_T+1_1787389698945_25qg,BLR-DEL,EaseMyTrip,QP,QP-1313,2026-08-23,T+1,20537,4508,25045,2026-08-22T09:04:35.693Z,FALSE,"",10:10,FALSE
fare_BLR-DEL_IX_2026-08-23_T+1_1787389698945_a6ci,BLR-DEL,EaseMyTrip,IX,IX-1481,2026-08-23,T+1,21051,4621,25672,2026-08-22T09:04:35.693Z,FALSE,"",05:00,TRUE
fare_BLR-DEL_6E_2026-08-23_T+1_1787389698945_jhov,BLR-DEL,EaseMyTrip,6E,6E-6404,2026-08-23,T+1,20908,4590,25498,2026-08-22T09:04:35.693Z,FALSE,"",11:35,FALSE
fare_BLR-DEL_IX_2026-08-23_T+1_1787389698945_49fq,BLR-DEL,EaseMyTrip,IX,IX-2678,2026-08-23,T+1,21384,4694,26078,2026-08-22T09:04:35.693Z,FALSE,"",05:30,FALSE
fare_BLR-DEL_AI_2026-08-23_T+1_1787389698945_2oww,BLR-DEL,EaseMyTrip,AI,AI-9570,2026-08-23,T+1,21605,4743,26348,2026-08-22T09:04:35.693Z,FALSE,"",06:00,FALSE
fare_BLR-DEL_AI_2026-08-23_T+1_1787389698945_soc6,BLR-DEL,EaseMyTrip,AI,AI-9568,2026-08-23,T+1,21605,4743,26348,2026-08-22T09:04:35.693Z,FALSE,"",17:20,FALSE
fare_BLR-DEL_6E_2026-08-23_T+1_1787389698945_cidq,BLR-DEL,EaseMyTrip,6E,6E-490,2026-08-23,T+1,21537,4728,26265,2026-08-22T09:04:35.693Z,FALSE,"",18:35,FALSE
fare_BLR-DEL_6E_2026-08-23_T+1_1787389698945_zo78,BLR-DEL,EaseMyTrip,6E,6E-510,2026-08-23,T+1,21537,4728,26265,2026-08-22T09:04:35.693Z,FALSE,"",18:35,FALSE
fare_BLR-DEL_6E_2026-08-23_T+1_1787389698945_49x5,BLR-DEL,EaseMyTrip,6E,6E-6067,2026-08-23,T+1,21682,4760,26442,2026-08-22T09:04:35.693Z,FALSE,"",16:30,FALSE
fare_BLR-DEL_IX_2026-08-23_T+1_1787389698945_khfd,BLR-DEL,EaseMyTrip,IX,IX-1536,2026-08-23,T+1,22123,4856,26979,2026-08-22T09:04:35.693Z,FALSE,"",15:00,FALSE
fare_BLR-DEL_6E_2026-08-23_T+1_1787389698945_300z,BLR-DEL,EaseMyTrip,6E,6E-5031,2026-08-23,T+1,21930,4814,26744,2026-08-22T09:04:35.693Z,FALSE,"",16:00,FALSE
fare_BLR-DEL_AI_2026-08-23_T+1_1787389698945_f1lb,BLR-DEL,EaseMyTrip,AI,AI-9455,2026-08-23,T+1,22360,4908,27268,2026-08-22T09:04:35.693Z,FALSE,"",08:40,FALSE
fare_BLR-DEL_IX_2026-08-23_T+1_1787389698945_oeqn,BLR-DEL,EaseMyTrip,IX,IX-1385,2026-08-23,T+1,22550,4950,27500,2026-08-22T09:04:35.693Z,FALSE,"",10:55,FALSE
fare_BLR-DEL_AI_2026-08-23_T+1_1787389698945_toou,BLR-DEL,EaseMyTrip,AI,AI-9602,2026-08-23,T+1,27078,5944,33022,2026-08-22T09:04:35.693Z,TRUE,"High outlier: ₹33022 > upper fence ₹32537 (Q3: ₹22454, IQR: ₹6722)",07:15,FALSE
fare_BLR-DEL_6E_2026-08-23_T+1_1787389698945_x203,BLR-DEL,EaseMyTrip,6E,6E-6104,2026-08-23,T+1,27687,6078,33765,2026-08-22T09:04:35.693Z,TRUE,"High outlier: ₹33765 > upper fence ₹32537 (Q3: ₹22454, IQR: ₹6722)",11:40,FALSE
fare_BLR-DEL_AI_2026-08-23_T+1_1787389698945_aeum,BLR-DEL,EaseMyTrip,AI,AI-9605,2026-08-23,T+1,33912,7444,41356,2026-08-22T09:04:35.693Z,TRUE,"High outlier: ₹41356 > upper fence ₹32537 (Q3: ₹22454, IQR: ₹6722)",14:25,FALSE
fare_BLR-DEL_6E_2026-08-23_T+1_1787389698954_4hug,BLR-DEL,IndiGo,6E,6E-501,2026-08-23,T+1,5333,1171,6504,2026-08-22T05:06:34.652Z,FALSE,"",07:00,TRUE
fare_BLR-DEL_6E_2026-08-29_T+7_1787389698945_s4kb,BLR-DEL,EaseMyTrip,6E,6E-501,2026-08-29,T+7,6041,1326,7367,2026-08-22T05:06:35.387Z,FALSE,"",07:00,TRUE
fare_BLR-DEL_IX_2026-08-29_T+7_1787389698945_81ul,BLR-DEL,EaseMyTrip,IX,IX-1581,2026-08-29,T+7,7186,1577,8763,2026-08-22T09:04:41.501Z,FALSE,"",18:25,FALSE
fare_BLR-DEL_6E_2026-08-29_T+7_1787389698945_ftm2,BLR-DEL,EaseMyTrip,6E,6E-2313,2026-08-29,T+7,7100,1559,8659,2026-08-22T09:04:41.501Z,FALSE,"",23:30,TRUE
fare_BLR-DEL_6E_2026-08-29_T+7_1787389698945_gvdv,BLR-DEL,EaseMyTrip,6E,6E-2518,2026-08-29,T+7,7100,1559,8659,2026-08-22T09:04:41.501Z,FALSE,"",09:20,TRUE
fare_BLR-DEL_QP_2026-08-29_T+7_1787389698945_yeav,BLR-DEL,EaseMyTrip,QP,QP-1811,2026-08-29,T+7,7216,1584,8800,2026-08-22T09:04:41.501Z,FALSE,"",04:15,TRUE
fare_BLR-DEL_IX_2026-08-29_T+7_1787389698945_bgxb,BLR-DEL,EaseMyTrip,IX,IX-2873,2026-08-29,T+7,7530,1653,9183,2026-08-22T09:04:41.501Z,FALSE,"",04:00,FALSE
fare_BLR-DEL_IX_2026-08-29_T+7_1787389698945_ewqb,BLR-DEL,EaseMyTrip,IX,IX-1239,2026-08-29,T+7,7530,1653,9183,2026-08-22T09:04:41.501Z,FALSE,"",06:35,FALSE
fare_BLR-DEL_IX_2026-08-29_T+7_1787389698945_3w22,BLR-DEL,EaseMyTrip,IX,IX-2680,2026-08-29,T+7,7530,1653,9183,2026-08-22T09:04:41.501Z,FALSE,"",21:50,FALSE
fare_BLR-DEL_AI_2026-08-29_T+7_1787389698945_e7qt,BLR-DEL,EaseMyTrip,AI,AI-2488,2026-08-29,T+7,7487,1643,9130,2026-08-22T09:04:41.501Z,FALSE,"",22:30,TRUE
fare_BLR-DEL_AI_2026-08-29_T+7_1787389698945_adif,BLR-DEL,EaseMyTrip,AI,AI-2501,2026-08-29,T+7,7487,1643,9130,2026-08-22T09:04:41.501Z,FALSE,"",23:30,TRUE
fare_BLR-DEL_AI_2026-08-29_T+7_1787389698945_gkj9,BLR-DEL,EaseMyTrip,AI,AI-2421,2026-08-29,T+7,7487,1643,9130,2026-08-22T09:04:41.501Z,FALSE,"",21:40,TRUE
fare_BLR-DEL_IX_2026-08-29_T+7_1787389698945_qknl,BLR-DEL,EaseMyTrip,IX,IX-2410,2026-08-29,T+7,7678,1686,9364,2026-08-22T09:04:41.501Z,FALSE,"",22:15,TRUE
fare_BLR-DEL_QP_2026-08-29_T+7_1787389698945_oxja,BLR-DEL,EaseMyTrip,QP,QP-1823,2026-08-29,T+7,7451,1635,9086,2026-08-22T09:04:41.501Z,FALSE,"",06:05,TRUE
fare_BLR-DEL_QP_2026-08-29_T+7_1787389698945_21og,BLR-DEL,EaseMyTrip,QP,QP-1359,2026-08-29,T+7,7451,1635,9086,2026-08-22T09:04:41.501Z,FALSE,"",05:00,TRUE
fare_BLR-DEL_6E_2026-08-29_T+7_1787389698945_z90c,BLR-DEL,EaseMyTrip,6E,6E-2455,2026-08-29,T+7,7473,1641,9114,2026-08-22T09:04:41.501Z,FALSE,"",06:25,TRUE
fare_BLR-DEL_6E_2026-08-29_T+7_1787389698945_bk03,BLR-DEL,EaseMyTrip,6E,6E-273,2026-08-29,T+7,7474,1641,9115,2026-08-22T09:04:41.501Z,FALSE,"",03:00,TRUE
fare_BLR-DEL_6E_2026-08-29_T+7_1787389698945_tlzy,BLR-DEL,EaseMyTrip,6E,6E-833,2026-08-29,T+7,7474,1641,9115,2026-08-22T09:04:41.501Z,FALSE,"",03:00,TRUE
fare_BLR-DEL_6E_2026-08-29_T+7_1787389698945_w2jp,BLR-DEL,EaseMyTrip,6E,6E-738,2026-08-29,T+7,7474,1641,9115,2026-08-22T09:04:41.501Z,FALSE,"",20:40,TRUE
fare_BLR-DEL_6E_2026-08-29_T+7_1787389698945_6yhz,BLR-DEL,EaseMyTrip,6E,6E-466,2026-08-29,T+7,7474,1641,9115,2026-08-22T09:04:41.501Z,FALSE,"",20:40,TRUE
fare_BLR-DEL_6E_2026-08-29_T+7_1787389698945_tfm0,BLR-DEL,EaseMyTrip,6E,6E-786,2026-08-29,T+7,7474,1641,9115,2026-08-22T09:04:41.501Z,FALSE,"",05:05,TRUE
fare_BLR-DEL_6E_2026-08-29_T+7_1787389698945_z9m6,BLR-DEL,EaseMyTrip,6E,6E-482,2026-08-29,T+7,7474,1641,9115,2026-08-22T09:04:41.501Z,FALSE,"",05:05,TRUE
fare_BLR-DEL_IX_2026-08-29_T+7_1787389698945_w4mp,BLR-DEL,EaseMyTrip,IX,IX-1481,2026-08-29,T+7,7720,1695,9415,2026-08-22T09:04:41.501Z,FALSE,"",05:00,TRUE
fare_BLR-DEL_AI_2026-08-29_T+7_1787389698945_5g19,BLR-DEL,EaseMyTrip,AI,AI-2810,2026-08-29,T+7,7861,1725,9586,2026-08-22T09:04:41.501Z,FALSE,"",06:00,TRUE
fare_BLR-DEL_AI_2026-08-29_T+7_1787389698945_8p2u,BLR-DEL,EaseMyTrip,AI,AI-2758,2026-08-29,T+7,7861,1725,9586,2026-08-22T09:04:41.501Z,FALSE,"",00:15,TRUE
fare_BLR-DEL_AI_2026-08-29_T+7_1787389698945_dxs5,BLR-DEL,EaseMyTrip,AI,AI-2756,2026-08-29,T+7,7861,1725,9586,2026-08-22T09:04:41.501Z,FALSE,"",02:15,TRUE
fare_BLR-DEL_AI_2026-08-29_T+7_1787389698945_mkw9,BLR-DEL,EaseMyTrip,AI,AI-2414,2026-08-29,T+7,7861,1725,9586,2026-08-22T09:04:41.501Z,FALSE,"",05:30,TRUE
fare_BLR-DEL_AI_2026-08-29_T+7_1787389698945_uw6l,BLR-DEL,EaseMyTrip,AI,AI-1869,2026-08-29,T+7,7861,1725,9586,2026-08-22T09:04:41.501Z,FALSE,"",20:25,TRUE
fare_BLR-DEL_6E_2026-08-29_T+7_1787389698945_biuc,BLR-DEL,EaseMyTrip,6E,6E-6554,2026-08-29,T+7,7836,1720,9556,2026-08-22T09:04:41.501Z,FALSE,"",19:15,FALSE
fare_BLR-DEL_6E_2026-08-29_T+7_1787389698945_hn6z,BLR-DEL,EaseMyTrip,6E,6E-402,2026-08-29,T+7,7873,1728,9601,2026-08-22T09:04:41.501Z,FALSE,"",19:30,TRUE
fare_BLR-DEL_6E_2026-08-29_T+7_1787389698945_rmcv,BLR-DEL,EaseMyTrip,6E,6E-559,2026-08-29,T+7,7873,1728,9601,2026-08-22T09:04:41.501Z,FALSE,"",19:30,TRUE
fare_BLR-DEL_6E_2026-08-29_T+7_1787389698945_1bbk,BLR-DEL,EaseMyTrip,6E,6E-6034,2026-08-29,T+7,7873,1728,9601,2026-08-22T09:04:41.501Z,FALSE,"",18:15,TRUE
fare_BLR-DEL_6E_2026-08-29_T+7_1787389698945_2kna,BLR-DEL,EaseMyTrip,6E,6E-171,2026-08-29,T+7,7873,1728,9601,2026-08-22T09:04:41.501Z,FALSE,"",15:45,TRUE
fare_BLR-DEL_6E_2026-08-29_T+7_1787389698945_01ni,BLR-DEL,EaseMyTrip,6E,6E-186,2026-08-29,T+7,7873,1728,9601,2026-08-22T09:04:41.501Z,FALSE,"",15:45,TRUE
fare_BLR-DEL_6E_2026-08-29_T+7_1787389698945_ovhs,BLR-DEL,EaseMyTrip,6E,6E-579,2026-08-29,T+7,7873,1728,9601,2026-08-22T09:04:41.501Z,FALSE,"",13:55,TRUE
fare_BLR-DEL_6E_2026-08-29_T+7_1787389698945_105q,BLR-DEL,EaseMyTrip,6E,6E-122,2026-08-29,T+7,7873,1728,9601,2026-08-22T09:04:41.501Z,FALSE,"",13:55,TRUE
fare_BLR-DEL_6E_2026-08-29_T+7_1787389698945_bwnx,BLR-DEL,EaseMyTrip,6E,6E-6039,2026-08-29,T+7,7873,1728,9601,2026-08-22T09:04:41.501Z,FALSE,"",17:00,TRUE
fare_BLR-DEL_6E_2026-08-29_T+7_1787389698945_1n9s,BLR-DEL,EaseMyTrip,6E,6E-704,2026-08-29,T+7,7873,1728,9601,2026-08-22T09:04:41.501Z,FALSE,"",08:15,TRUE
fare_BLR-DEL_6E_2026-08-29_T+7_1787389698945_j8k3,BLR-DEL,EaseMyTrip,6E,6E-612,2026-08-29,T+7,7873,1728,9601,2026-08-22T09:04:41.501Z,FALSE,"",08:15,TRUE
fare_BLR-DEL_6E_2026-08-29_T+7_1787389698945_rd2o,BLR-DEL,EaseMyTrip,6E,6E-488,2026-08-29,T+7,7873,1728,9601,2026-08-22T09:04:41.501Z,FALSE,"",07:00,TRUE
fare_BLR-DEL_IX_2026-08-29_T+7_1787389698945_m13u,BLR-DEL,EaseMyTrip,IX,IX-1217,2026-08-29,T+7,8104,1779,9883,2026-08-22T09:04:41.501Z,FALSE,"",06:15,FALSE
fare_BLR-DEL_QP_2026-08-29_T+7_1787389698945_dwox,BLR-DEL,EaseMyTrip,QP,QP-1307,2026-08-29,T+7,7989,1754,9743,2026-08-22T09:04:41.501Z,FALSE,"",17:20,TRUE
fare_BLR-DEL_AI_2026-08-29_T+7_1787389698945_pr9c,BLR-DEL,EaseMyTrip,AI,AI-2654,2026-08-29,T+7,8259,1813,10072,2026-08-22T09:04:41.501Z,FALSE,"",07:00,TRUE
fare_BLR-DEL_AI_2026-08-29_T+7_1787389698945_9uox,BLR-DEL,EaseMyTrip,AI,AI-2818,2026-08-29,T+7,8394,1842,10236,2026-08-22T09:04:41.501Z,FALSE,"",20:00,TRUE
fare_BLR-DEL_IX_2026-08-29_T+7_1787389698945_21go,BLR-DEL,EaseMyTrip,IX,IX-2786,2026-08-29,T+7,8514,1869,10383,2026-08-22T09:04:41.501Z,FALSE,"",09:20,FALSE
fare_BLR-DEL_AI_2026-08-29_T+7_1787389698945_7440,BLR-DEL,EaseMyTrip,AI,AI-2486,2026-08-29,T+7,8459,1857,10316,2026-08-22T09:04:41.501Z,FALSE,"",14:00,TRUE
fare_BLR-DEL_AI_2026-08-29_T+7_1787389698945_nxmd,BLR-DEL,EaseMyTrip,AI,AI-2418,2026-08-29,T+7,8459,1857,10316,2026-08-22T09:04:41.501Z,FALSE,"",16:30,TRUE
fare_BLR-DEL_AI_2026-08-29_T+7_1787389698945_1pu2,BLR-DEL,EaseMyTrip,AI,AI-428,2026-08-29,T+7,8459,1857,10316,2026-08-22T09:04:41.501Z,FALSE,"",14:55,TRUE
fare_BLR-DEL_AI_2026-08-29_T+7_1787389698945_8ikd,BLR-DEL,EaseMyTrip,AI,AI-2802,2026-08-29,T+7,8459,1857,10316,2026-08-22T09:04:41.501Z,FALSE,"",18:20,TRUE
fare_BLR-DEL_6E_2026-08-29_T+7_1787389698945_lneg,BLR-DEL,EaseMyTrip,6E,6E-439,2026-08-29,T+7,8298,1822,10120,2026-08-22T09:04:41.501Z,FALSE,"",13:10,TRUE
fare_BLR-DEL_6E_2026-08-29_T+7_1787389698945_abo4,BLR-DEL,EaseMyTrip,6E,6E-710,2026-08-29,T+7,8298,1822,10120,2026-08-22T09:04:41.501Z,FALSE,"",13:10,TRUE
fare_BLR-DEL_6E_2026-08-29_T+7_1787389698945_3b7h,BLR-DEL,EaseMyTrip,6E,6E-946,2026-08-29,T+7,8298,1822,10120,2026-08-22T09:04:41.501Z,FALSE,"",10:45,TRUE
fare_BLR-DEL_6E_2026-08-29_T+7_1787389698945_x8cr,BLR-DEL,EaseMyTrip,6E,6E-405,2026-08-29,T+7,8298,1822,10120,2026-08-22T09:04:41.501Z,FALSE,"",10:45,TRUE
fare_BLR-DEL_6E_2026-08-29_T+7_1787389698945_urjr,BLR-DEL,EaseMyTrip,6E,6E-353,2026-08-29,T+7,8298,1822,10120,2026-08-22T09:04:41.501Z,FALSE,"",12:00,TRUE
fare_BLR-DEL_6E_2026-08-29_T+7_1787389698945_4yaw,BLR-DEL,EaseMyTrip,6E,6E-288,2026-08-29,T+7,8298,1822,10120,2026-08-22T09:04:41.501Z,FALSE,"",12:00,TRUE
fare_BLR-DEL_6E_2026-08-29_T+7_1787389698945_91be,BLR-DEL,EaseMyTrip,6E,6E-692,2026-08-29,T+7,8298,1822,10120,2026-08-22T09:04:41.501Z,FALSE,"",09:30,TRUE
fare_BLR-DEL_6E_2026-08-29_T+7_1787389698945_ajhl,BLR-DEL,EaseMyTrip,6E,6E-843,2026-08-29,T+7,8298,1822,10120,2026-08-22T09:04:41.501Z,FALSE,"",09:30,TRUE
fare_BLR-DEL_AI_2026-08-29_T+7_1787389698945_pah3,BLR-DEL,EaseMyTrip,AI,AI-2511,2026-08-29,T+7,8594,1886,10480,2026-08-22T09:04:41.501Z,FALSE,"",15:45,TRUE
fare_BLR-DEL_6E_2026-08-29_T+7_1787389698945_77vk,BLR-DEL,EaseMyTrip,6E,6E-146,2026-08-29,T+7,8481,1862,10343,2026-08-22T09:04:41.501Z,FALSE,"",15:10,FALSE
fare_BLR-DEL_AI_2026-08-29_T+7_1787389698945_el65,BLR-DEL,EaseMyTrip,AI,AI-1868,2026-08-29,T+7,8684,1906,10590,2026-08-22T09:04:41.501Z,FALSE,"",12:25,TRUE
fare_BLR-DEL_AI_2026-08-29_T+7_1787389698945_pga2,BLR-DEL,EaseMyTrip,AI,AI-2868,2026-08-29,T+7,8728,1916,10644,2026-08-22T09:04:41.501Z,FALSE,"",09:00,TRUE
fare_BLR-DEL_6E_2026-08-29_T+7_1787389698945_0mdj,BLR-DEL,EaseMyTrip,6E,6E-6784,2026-08-29,T+7,8568,1881,10449,2026-08-22T09:04:41.501Z,FALSE,"",21:30,FALSE
fare_BLR-DEL_6E_2026-08-29_T+7_1787389698945_y2fz,BLR-DEL,EaseMyTrip,6E,6E-6162,2026-08-29,T+7,8684,1906,10590,2026-08-22T09:04:41.501Z,FALSE,"",18:50,FALSE
fare_BLR-DEL_IX_2026-08-29_T+7_1787389698945_l3g1,BLR-DEL,EaseMyTrip,IX,IX-1480,2026-08-29,T+7,9006,1977,10983,2026-08-22T09:04:41.501Z,FALSE,"",11:50,FALSE
fare_BLR-DEL_IX_2026-08-29_T+7_1787389698945_pwl1,BLR-DEL,EaseMyTrip,IX,IX-1576,2026-08-29,T+7,9006,1977,10983,2026-08-22T09:04:41.501Z,FALSE,"",18:55,FALSE
fare_BLR-DEL_6E_2026-08-29_T+7_1787389698945_mlbn,BLR-DEL,EaseMyTrip,6E,6E-179,2026-08-29,T+7,8821,1936,10757,2026-08-22T09:04:41.501Z,FALSE,"",09:35,FALSE
fare_BLR-DEL_6E_2026-08-29_T+7_1787389698945_pw4i,BLR-DEL,EaseMyTrip,6E,6E-774,2026-08-29,T+7,8821,1936,10757,2026-08-22T09:04:41.501Z,FALSE,"",09:35,FALSE
fare_BLR-DEL_AI_2026-08-29_T+7_1787389698945_p7ja,BLR-DEL,EaseMyTrip,AI,AI-2406,2026-08-29,T+7,9040,1984,11024,2026-08-22T09:04:41.501Z,FALSE,"",11:00,TRUE
fare_BLR-DEL_AI_2026-08-29_T+7_1787389698945_mry7,BLR-DEL,EaseMyTrip,AI,AI-9602,2026-08-29,T+7,9053,1987,11040,2026-08-22T09:04:41.501Z,FALSE,"",11:00,FALSE
fare_BLR-DEL_QP_2026-08-29_T+7_1787389698946_kmns,BLR-DEL,EaseMyTrip,QP,QP-1381,2026-08-29,T+7,9073,1992,11065,2026-08-22T09:04:41.501Z,FALSE,"",04:50,FALSE
fare_BLR-DEL_SG_2026-08-29_T+7_1787389698946_hdhu,BLR-DEL,EaseMyTrip,SG,SG-528,2026-08-29,T+7,9277,2037,11314,2026-08-22T09:04:41.501Z,FALSE,"",00:45,FALSE
fare_BLR-DEL_SG_2026-08-29_T+7_1787389698946_f23c,BLR-DEL,EaseMyTrip,SG,SG-995,2026-08-29,T+7,9277,2037,11314,2026-08-22T09:04:41.501Z,FALSE,"",00:45,FALSE
fare_BLR-DEL_SG_2026-08-29_T+7_1787389698946_tjgq,BLR-DEL,EaseMyTrip,SG,SG-447,2026-08-29,T+7,9277,2037,11314,2026-08-22T09:04:41.501Z,FALSE,"",00:45,FALSE
fare_BLR-DEL_SG_2026-08-29_T+7_1787389698946_5syg,BLR-DEL,EaseMyTrip,SG,SG-806,2026-08-29,T+7,9277,2037,11314,2026-08-22T09:04:41.501Z,FALSE,"",00:45,FALSE
fare_BLR-DEL_SG_2026-08-29_T+7_1787389698946_fclo,BLR-DEL,EaseMyTrip,SG,SG-333,2026-08-29,T+7,9277,2037,11314,2026-08-22T09:04:41.501Z,FALSE,"",00:45,FALSE
fare_BLR-DEL_SG_2026-08-29_T+7_1787389698946_tszp,BLR-DEL,EaseMyTrip,SG,SG-820,2026-08-29,T+7,9277,2037,11314,2026-08-22T09:04:41.501Z,FALSE,"",00:45,FALSE
fare_BLR-DEL_6E_2026-08-29_T+7_1787389698946_drcf,BLR-DEL,EaseMyTrip,6E,6E-5293,2026-08-29,T+7,9118,2001,11119,2026-08-22T09:04:41.501Z,FALSE,"",01:00,FALSE
fare_BLR-DEL_6E_2026-08-29_T+7_1787389698946_s175,BLR-DEL,EaseMyTrip,6E,6E-561,2026-08-29,T+7,9160,2011,11171,2026-08-22T09:04:41.501Z,FALSE,"",21:40,FALSE
fare_BLR-DEL_6E_2026-08-29_T+7_1787389698946_cqpp,BLR-DEL,EaseMyTrip,6E,6E-160,2026-08-29,T+7,9160,2011,11171,2026-08-22T09:04:41.501Z,FALSE,"",21:40,FALSE
fare_BLR-DEL_6E_2026-08-29_T+7_1787389698946_zvm8,BLR-DEL,EaseMyTrip,6E,6E-156,2026-08-29,T+7,9160,2011,11171,2026-08-22T09:04:41.501Z,FALSE,"",23:05,FALSE
fare_BLR-DEL_6E_2026-08-29_T+7_1787389698946_tpxo,BLR-DEL,EaseMyTrip,6E,6E-458,2026-08-29,T+7,9160,2011,11171,2026-08-22T09:04:41.501Z,FALSE,"",23:05,FALSE
fare_BLR-DEL_QP_2026-08-29_T+7_1787389698946_ahcd,BLR-DEL,EaseMyTrip,QP,QP-1821,2026-08-29,T+7,9209,2022,11231,2026-08-22T09:04:41.501Z,FALSE,"",13:10,TRUE
fare_BLR-DEL_AI_2026-08-29_T+7_1787389698946_4zwz,BLR-DEL,EaseMyTrip,AI,AI-9706,2026-08-29,T+7,9432,2070,11502,2026-08-22T09:04:41.501Z,FALSE,"",16:55,FALSE
fare_BLR-DEL_6E_2026-08-29_T+7_1787389698946_xa8t,BLR-DEL,EaseMyTrip,6E,6E-887,2026-08-29,T+7,9293,2040,11333,2026-08-22T09:04:41.501Z,FALSE,"",20:40,FALSE
fare_BLR-DEL_6E_2026-08-29_T+7_1787389698946_sm4c,BLR-DEL,EaseMyTrip,6E,6E-556,2026-08-29,T+7,9293,2040,11333,2026-08-22T09:04:41.501Z,FALSE,"",20:40,FALSE
fare_BLR-DEL_6E_2026-08-29_T+7_1787389698946_qsxg,BLR-DEL,EaseMyTrip,6E,6E-6876,2026-08-29,T+7,9332,2049,11381,2026-08-22T09:04:41.501Z,FALSE,"",02:40,FALSE
fare_BLR-DEL_6E_2026-08-29_T+7_1787389698946_zhg5,BLR-DEL,EaseMyTrip,6E,6E-6563,2026-08-29,T+7,9332,2049,11381,2026-08-22T09:04:41.501Z,FALSE,"",01:05,FALSE
fare_BLR-DEL_6E_2026-08-29_T+7_1787389698946_4ioz,BLR-DEL,EaseMyTrip,6E,6E-6269,2026-08-29,T+7,9506,2087,11593,2026-08-22T09:04:41.501Z,FALSE,"",07:15,FALSE
fare_BLR-DEL_6E_2026-08-29_T+7_1787389698946_aclb,BLR-DEL,EaseMyTrip,6E,6E-751,2026-08-29,T+7,9513,2088,11601,2026-08-22T09:04:41.501Z,FALSE,"",04:30,FALSE
fare_BLR-DEL_6E_2026-08-29_T+7_1787389698946_ew4e,BLR-DEL,EaseMyTrip,6E,6E-359,2026-08-29,T+7,9513,2088,11601,2026-08-22T09:04:41.501Z,FALSE,"",04:30,FALSE
fare_BLR-DEL_QP_2026-08-29_T+7_1787389698946_tzky,BLR-DEL,EaseMyTrip,QP,QP-1383,2026-08-29,T+7,9541,2094,11635,2026-08-22T09:04:41.501Z,FALSE,"",05:25,FALSE
fare_BLR-DEL_6E_2026-08-29_T+7_1787389698946_d8pn,BLR-DEL,EaseMyTrip,6E,6E-123,2026-08-29,T+7,9804,2152,11956,2026-08-22T09:04:41.501Z,FALSE,"",18:35,FALSE
fare_BLR-DEL_6E_2026-08-29_T+7_1787389698946_0m9s,BLR-DEL,EaseMyTrip,6E,6E-699,2026-08-29,T+7,9804,2152,11956,2026-08-22T09:04:41.501Z,FALSE,"",18:35,FALSE
fare_BLR-DEL_6E_2026-08-29_T+7_1787389698946_zgka,BLR-DEL,EaseMyTrip,6E,6E-6067,2026-08-29,T+7,9804,2152,11956,2026-08-22T09:04:41.501Z,FALSE,"",16:30,FALSE
fare_BLR-DEL_6E_2026-08-29_T+7_1787389698946_83ph,BLR-DEL,EaseMyTrip,6E,6E-6404,2026-08-29,T+7,9804,2152,11956,2026-08-22T09:04:41.501Z,FALSE,"",11:35,FALSE
fare_BLR-DEL_6E_2026-08-29_T+7_1787389698946_f9az,BLR-DEL,EaseMyTrip,6E,6E-304,2026-08-29,T+7,9927,2179,12106,2026-08-22T09:04:41.501Z,FALSE,"",16:20,FALSE
fare_BLR-DEL_6E_2026-08-29_T+7_1787389698946_jagr,BLR-DEL,EaseMyTrip,6E,6E-810,2026-08-29,T+7,9927,2179,12106,2026-08-22T09:04:41.501Z,FALSE,"",16:20,FALSE
fare_BLR-DEL_6E_2026-08-29_T+7_1787389698946_j1yh,BLR-DEL,EaseMyTrip,6E,6E-6863,2026-08-29,T+7,9972,2189,12161,2026-08-22T09:04:41.501Z,FALSE,"",08:20,FALSE
fare_BLR-DEL_6E_2026-08-29_T+7_1787389698946_33ow,BLR-DEL,EaseMyTrip,6E,6E-265,2026-08-29,T+7,9993,2194,12187,2026-08-22T09:04:41.501Z,FALSE,"",19:10,FALSE
fare_BLR-DEL_6E_2026-08-29_T+7_1787389698946_ctwk,BLR-DEL,EaseMyTrip,6E,6E-637,2026-08-29,T+7,9993,2194,12187,2026-08-22T09:04:41.501Z,FALSE,"",19:10,FALSE
fare_BLR-DEL_AI_2026-08-29_T+7_1787389698946_otes,BLR-DEL,EaseMyTrip,AI,AI-9810,2026-08-29,T+7,10189,2236,12425,2026-08-22T09:04:41.501Z,FALSE,"",21:50,FALSE
fare_BLR-DEL_AI_2026-08-29_T+7_1787389698946_xxo8,BLR-DEL,EaseMyTrip,AI,AI-9806,2026-08-29,T+7,10189,2236,12425,2026-08-22T09:04:41.501Z,FALSE,"",17:35,FALSE
fare_BLR-DEL_AI_2026-08-29_T+7_1787389698946_c8ol,BLR-DEL,EaseMyTrip,AI,AI-9808,2026-08-29,T+7,10189,2236,12425,2026-08-22T09:04:41.501Z,FALSE,"",04:00,FALSE
fare_BLR-DEL_6E_2026-08-29_T+7_1787389698946_vrgz,BLR-DEL,EaseMyTrip,6E,6E-6891,2026-08-29,T+7,10125,2223,12348,2026-08-22T09:04:41.501Z,FALSE,"",17:15,FALSE
fare_BLR-DEL_6E_2026-08-29_T+7_1787389698946_bqov,BLR-DEL,EaseMyTrip,6E,6E-688,2026-08-29,T+7,10129,2224,12353,2026-08-22T09:04:41.501Z,FALSE,"",10:15,FALSE
fare_BLR-DEL_6E_2026-08-29_T+7_1787389698946_8zqg,BLR-DEL,EaseMyTrip,6E,6E-373,2026-08-29,T+7,10129,2224,12353,2026-08-22T09:04:41.501Z,FALSE,"",10:15,FALSE
fare_BLR-DEL_QP_2026-08-29_T+7_1787389698946_3cz2,BLR-DEL,EaseMyTrip,QP,QP-1515,2026-08-29,T+7,10269,2254,12523,2026-08-22T09:04:41.501Z,FALSE,"",06:20,FALSE
fare_BLR-DEL_6E_2026-08-29_T+7_1787389698946_xy8y,BLR-DEL,EaseMyTrip,6E,6E-5051,2026-08-29,T+7,10421,2288,12709,2026-08-22T09:04:41.501Z,FALSE,"",08:30,FALSE
fare_BLR-DEL_6E_2026-08-29_T+7_1787389698946_ufuq,BLR-DEL,EaseMyTrip,6E,6E-6423,2026-08-29,T+7,10457,2296,12753,2026-08-22T09:04:41.501Z,FALSE,"",20:00,FALSE
fare_BLR-DEL_6E_2026-08-29_T+7_1787389698946_4ywq,BLR-DEL,EaseMyTrip,6E,6E-161,2026-08-29,T+7,10489,2302,12791,2026-08-22T09:04:41.501Z,FALSE,"",09:15,FALSE
fare_BLR-DEL_6E_2026-08-29_T+7_1787389698946_1fqf,BLR-DEL,EaseMyTrip,6E,6E-382,2026-08-29,T+7,10489,2302,12791,2026-08-22T09:04:41.501Z,FALSE,"",09:15,FALSE
fare_BLR-DEL_6E_2026-08-29_T+7_1787389698946_jaaa,BLR-DEL,EaseMyTrip,6E,6E-6283,2026-08-29,T+7,10550,2316,12866,2026-08-22T09:04:41.501Z,FALSE,"",19:05,FALSE
fare_BLR-DEL_AI_2026-08-29_T+7_1787389698946_8kbu,BLR-DEL,EaseMyTrip,AI,AI-2604,2026-08-29,T+7,10717,2352,13069,2026-08-22T09:04:41.501Z,FALSE,"",09:15,FALSE
fare_BLR-DEL_AI_2026-08-29_T+7_1787389698946_a2oz,BLR-DEL,EaseMyTrip,AI,AI-2846,2026-08-29,T+7,10717,2352,13069,2026-08-22T09:04:41.501Z,FALSE,"",08:05,FALSE
fare_BLR-DEL_AI_2026-08-29_T+7_1787389698946_xwdn,BLR-DEL,EaseMyTrip,AI,AI-2402,2026-08-29,T+7,10717,2352,13069,2026-08-22T09:04:41.501Z,FALSE,"",06:35,FALSE
fare_BLR-DEL_6E_2026-08-29_T+7_1787389698946_0zyp,BLR-DEL,EaseMyTrip,6E,6E-700,2026-08-29,T+7,10617,2331,12948,2026-08-22T09:04:41.501Z,FALSE,"",16:25,FALSE
fare_BLR-DEL_6E_2026-08-29_T+7_1787389698946_6ojg,BLR-DEL,EaseMyTrip,6E,6E-868,2026-08-29,T+7,10617,2331,12948,2026-08-22T09:04:41.501Z,FALSE,"",16:25,FALSE
fare_BLR-DEL_AI_2026-08-29_T+7_1787389698946_0w0y,BLR-DEL,EaseMyTrip,AI,AI-9574,2026-08-29,T+7,11004,2415,13419,2026-08-22T09:04:41.501Z,FALSE,"",08:55,FALSE
fare_BLR-DEL_6E_2026-08-29_T+7_1787389698946_t2zr,BLR-DEL,EaseMyTrip,6E,6E-6451,2026-08-29,T+7,10930,2399,13329,2026-08-22T09:04:41.501Z,FALSE,"",16:45,FALSE
fare_BLR-DEL_6E_2026-08-29_T+7_1787389698946_x6ua,BLR-DEL,EaseMyTrip,6E,6E-5351,2026-08-29,T+7,10977,2409,13386,2026-08-22T09:04:41.501Z,FALSE,"",14:20,FALSE
fare_BLR-DEL_6E_2026-08-29_T+7_1787389698946_py5j,BLR-DEL,EaseMyTrip,6E,6E-473,2026-08-29,T+7,10985,2411,13396,2026-08-22T09:04:41.501Z,FALSE,"",09:15,FALSE
fare_BLR-DEL_6E_2026-08-29_T+7_1787389698946_33mc,BLR-DEL,EaseMyTrip,6E,6E-254,2026-08-29,T+7,10985,2411,13396,2026-08-22T09:04:41.501Z,FALSE,"",09:15,FALSE
fare_BLR-DEL_6E_2026-08-29_T+7_1787389698946_b3wn,BLR-DEL,EaseMyTrip,6E,6E-6178,2026-08-29,T+7,11050,2426,13476,2026-08-22T09:04:41.501Z,FALSE,"",06:25,FALSE
fare_BLR-DEL_6E_2026-08-29_T+7_1787389698946_utfv,BLR-DEL,EaseMyTrip,6E,6E-6558,2026-08-29,T+7,11104,2438,13542,2026-08-22T09:04:41.501Z,FALSE,"",09:05,FALSE
fare_BLR-DEL_6E_2026-08-29_T+7_1787389698946_13n4,BLR-DEL,EaseMyTrip,6E,6E-6595,2026-08-29,T+7,11159,2449,13608,2026-08-22T09:04:41.501Z,FALSE,"",13:55,FALSE
fare_BLR-DEL_6E_2026-08-29_T+7_1787389698946_y1w7,BLR-DEL,EaseMyTrip,6E,6E-616,2026-08-29,T+7,11159,2449,13608,2026-08-22T09:04:41.501Z,FALSE,"",17:30,FALSE
fare_BLR-DEL_6E_2026-08-29_T+7_1787389698946_zgmt,BLR-DEL,EaseMyTrip,6E,6E-499,2026-08-29,T+7,11159,2449,13608,2026-08-22T09:04:41.501Z,FALSE,"",17:30,FALSE
fare_BLR-DEL_6E_2026-08-29_T+7_1787389698946_kbkp,BLR-DEL,EaseMyTrip,6E,6E-5255,2026-08-29,T+7,11159,2449,13608,2026-08-22T09:04:41.501Z,FALSE,"",17:25,FALSE
fare_BLR-DEL_6E_2026-08-29_T+7_1787389698946_tffj,BLR-DEL,EaseMyTrip,6E,6E-7204,2026-08-29,T+7,11159,2449,13608,2026-08-22T09:04:41.501Z,FALSE,"",06:50,FALSE
fare_BLR-DEL_IX_2026-08-29_T+7_1787389698946_ctlr,BLR-DEL,EaseMyTrip,IX,IX-2816,2026-08-29,T+7,11436,2510,13946,2026-08-22T09:04:41.501Z,FALSE,"",09:50,FALSE
fare_BLR-DEL_6E_2026-08-29_T+7_1787389698946_yfao,BLR-DEL,EaseMyTrip,6E,6E-6875,2026-08-29,T+7,11223,2463,13686,2026-08-22T09:04:41.501Z,FALSE,"",19:55,FALSE
fare_BLR-DEL_6E_2026-08-29_T+7_1787389698946_502w,BLR-DEL,EaseMyTrip,6E,6E-989,2026-08-29,T+7,11223,2463,13686,2026-08-22T09:04:41.501Z,FALSE,"",10:50,FALSE
fare_BLR-DEL_6E_2026-08-29_T+7_1787389698946_du4u,BLR-DEL,EaseMyTrip,6E,6E-765,2026-08-29,T+7,11223,2463,13686,2026-08-22T09:04:41.501Z,FALSE,"",10:50,FALSE
fare_BLR-DEL_6E_2026-08-29_T+7_1787389698946_j46o,BLR-DEL,EaseMyTrip,6E,6E-6277,2026-08-29,T+7,11331,2487,13818,2026-08-22T09:04:41.501Z,FALSE,"",14:45,FALSE
fare_BLR-DEL_AI_2026-08-29_T+7_1787389698946_1i0u,BLR-DEL,EaseMyTrip,AI,AI-9566,2026-08-29,T+7,11654,2558,14212,2026-08-22T09:04:41.501Z,FALSE,"",19:15,FALSE
fare_BLR-DEL_6E_2026-08-29_T+7_1787389698946_xveg,BLR-DEL,EaseMyTrip,6E,6E-6439,2026-08-29,T+7,11503,2525,14028,2026-08-22T09:04:41.501Z,FALSE,"",06:30,FALSE
fare_BLR-DEL_AI_2026-08-29_T+7_1787389698946_2b17,BLR-DEL,EaseMyTrip,AI,AI-9568,2026-08-29,T+7,11882,2608,14490,2026-08-22T09:04:41.501Z,FALSE,"",17:20,FALSE
fare_BLR-DEL_IX_2026-08-29_T+7_1787389698946_8119,BLR-DEL,EaseMyTrip,IX,IX-1502,2026-08-29,T+7,11997,2634,14631,2026-08-22T09:04:41.501Z,FALSE,"",10:35,FALSE
fare_BLR-DEL_6E_2026-08-29_T+7_1787389698946_78up,BLR-DEL,EaseMyTrip,6E,6E-381,2026-08-29,T+7,11818,2594,14412,2026-08-22T09:04:41.501Z,FALSE,"",08:15,FALSE
fare_BLR-DEL_6E_2026-08-29_T+7_1787389698946_qjg7,BLR-DEL,EaseMyTrip,6E,6E-274,2026-08-29,T+7,11818,2594,14412,2026-08-22T09:04:41.501Z,FALSE,"",08:15,FALSE
fare_BLR-DEL_AI_2026-08-29_T+7_1787389698946_kz09,BLR-DEL,EaseMyTrip,AI,AI-9426,2026-08-29,T+7,12201,2678,14879,2026-08-22T09:04:41.501Z,FALSE,"",12:30,FALSE
fare_BLR-DEL_6E_2026-08-29_T+7_1787389698946_i3xc,BLR-DEL,EaseMyTrip,6E,6E-6653,2026-08-29,T+7,12116,2659,14775,2026-08-22T09:04:41.501Z,FALSE,"",12:35,FALSE
fare_BLR-DEL_AI_2026-08-29_T+7_1787389698946_qpgj,BLR-DEL,EaseMyTrip,AI,AI-9570,2026-08-29,T+7,12809,2812,15621,2026-08-22T09:04:41.501Z,FALSE,"",06:00,FALSE
fare_BLR-DEL_AI_2026-08-29_T+7_1787389698946_85sq,BLR-DEL,EaseMyTrip,AI,AI-9434,2026-08-29,T+7,12881,2828,15709,2026-08-22T09:04:41.501Z,FALSE,"",11:00,FALSE
fare_BLR-DEL_AI_2026-08-29_T+7_1787389698946_bqsw,BLR-DEL,EaseMyTrip,AI,AI-9572,2026-08-29,T+7,12920,2836,15756,2026-08-22T09:04:41.501Z,FALSE,"",12:30,FALSE
fare_BLR-DEL_AI_2026-08-29_T+7_1787389698946_i7wg,BLR-DEL,EaseMyTrip,AI,AI-9437,2026-08-29,T+7,13221,2902,16123,2026-08-22T09:04:41.501Z,FALSE,"",07:05,FALSE
fare_BLR-DEL_AI_2026-08-29_T+7_1787389698946_kusf,BLR-DEL,EaseMyTrip,AI,AI-9520,2026-08-29,T+7,13232,2905,16137,2026-08-22T09:04:41.501Z,FALSE,"",13:05,FALSE
fare_BLR-DEL_IX_2026-08-29_T+7_1787389698946_hiq1,BLR-DEL,EaseMyTrip,IX,IX-1536,2026-08-29,T+7,13942,3061,17003,2026-08-22T09:04:41.501Z,FALSE,"",15:00,FALSE
fare_BLR-DEL_AI_2026-08-29_T+7_1787389698946_v6h9,BLR-DEL,EaseMyTrip,AI,AI-9898,2026-08-29,T+7,14024,3079,17103,2026-08-22T09:04:41.501Z,FALSE,"",09:50,FALSE
fare_BLR-DEL_IX_2026-08-29_T+7_1787389698946_89t0,BLR-DEL,EaseMyTrip,IX,IX-1385,2026-08-29,T+7,14863,3263,18126,2026-08-22T09:04:41.501Z,FALSE,"",10:55,FALSE
fare_BLR-DEL_IX_2026-08-29_T+7_1787389698946_n8e2,BLR-DEL,EaseMyTrip,IX,IX-2608,2026-08-29,T+7,16926,3715,20641,2026-08-22T09:04:41.501Z,TRUE,"High outlier: ₹20641 > upper fence ₹18921 (Q3: ₹13329, IQR: ₹3728)",16:45,FALSE
fare_BLR-DEL_AI_2026-08-29_T+7_1787389698946_93yc,BLR-DEL,EaseMyTrip,AI,AI-9475,2026-08-29,T+7,17391,3818,21209,2026-08-22T09:04:41.501Z,TRUE,"High outlier: ₹21209 > upper fence ₹18921 (Q3: ₹13329, IQR: ₹3728)",11:50,FALSE
fare_BLR-DEL_IX_2026-08-29_T+7_1787389698946_azt5,BLR-DEL,EaseMyTrip,IX,IX-1893,2026-08-29,T+7,17533,3849,21382,2026-08-22T09:04:41.501Z,TRUE,"High outlier: ₹21382 > upper fence ₹18921 (Q3: ₹13329, IQR: ₹3728)",08:40,FALSE
fare_BLR-DEL_IX_2026-08-29_T+7_1787389698946_ys04,BLR-DEL,EaseMyTrip,IX,IX-2678,2026-08-29,T+7,17533,3849,21382,2026-08-22T09:04:41.501Z,TRUE,"High outlier: ₹21382 > upper fence ₹18921 (Q3: ₹13329, IQR: ₹3728)",05:30,FALSE
fare_BLR-DEL_6E_2026-08-29_T+7_1787389698946_895z,BLR-DEL,EaseMyTrip,6E,6E-6465,2026-08-29,T+7,18218,3999,22217,2026-08-22T09:04:41.501Z,TRUE,"High outlier: ₹22217 > upper fence ₹18921 (Q3: ₹13329, IQR: ₹3728)",17:15,FALSE
fare_BLR-DEL_AI_2026-08-29_T+7_1787389698946_sqj7,BLR-DEL,EaseMyTrip,AI,AI-9455,2026-08-29,T+7,24478,5373,29851,2026-08-22T09:04:41.501Z,TRUE,"High outlier: ₹29851 > upper fence ₹18921 (Q3: ₹13329, IQR: ₹3728)",08:40,FALSE
fare_BLR-DEL_AI_2026-08-29_T+7_1787389698946_qotg,BLR-DEL,EaseMyTrip,AI,AI-2854,2026-08-29,T+7,35694,7835,43529,2026-08-22T09:04:41.501Z,TRUE,"High outlier: ₹43529 > upper fence ₹18921 (Q3: ₹13329, IQR: ₹3728)",16:40,FALSE
fare_BLR-DEL_6E_2026-08-29_T+7_1787389698954_y4ya,BLR-DEL,IndiGo,6E,6E-501,2026-08-29,T+7,6085,1336,7421,2026-08-22T05:06:34.652Z,FALSE,"",07:00,TRUE
fare_BLR-HYD_IX_2026-08-23_T+1_1787389698946_3a2f,BLR-HYD,EaseMyTrip,IX,IX-2506,2026-08-23,T+1,7314,1605,8919,2026-08-22T09:05:34.401Z,FALSE,"",17:20,TRUE
fare_BLR-HYD_IX_2026-08-23_T+1_1787389698946_ag6j,BLR-HYD,EaseMyTrip,IX,IX-1250,2026-08-23,T+1,7314,1605,8919,2026-08-22T09:05:34.401Z,FALSE,"",19:15,TRUE
fare_BLR-HYD_IX_2026-08-23_T+1_1787389698946_hucn,BLR-HYD,EaseMyTrip,IX,IX-2935,2026-08-23,T+1,7314,1605,8919,2026-08-22T09:05:34.401Z,FALSE,"",08:55,TRUE
fare_BLR-HYD_6E_2026-08-23_T+1_1787389698946_6urr,BLR-HYD,EaseMyTrip,6E,6E-6168,2026-08-23,T+1,7185,1577,8762,2026-08-22T09:05:34.401Z,FALSE,"",17:40,FALSE
fare_BLR-HYD_6E_2026-08-23_T+1_1787389698946_w5lk,BLR-HYD,EaseMyTrip,6E,6E-6554,2026-08-23,T+1,7185,1577,8762,2026-08-22T09:05:34.401Z,FALSE,"",19:15,FALSE
fare_BLR-HYD_6E_2026-08-23_T+1_1787389698946_dkh7,BLR-HYD,EaseMyTrip,6E,6E-185,2026-08-23,T+1,7185,1577,8762,2026-08-22T09:05:34.401Z,FALSE,"",23:05,FALSE
fare_BLR-HYD_6E_2026-08-23_T+1_1787389698946_zacd,BLR-HYD,EaseMyTrip,6E,6E-445,2026-08-23,T+1,7185,1577,8762,2026-08-22T09:05:34.401Z,FALSE,"",23:05,FALSE
fare_BLR-HYD_6E_2026-08-23_T+1_1787389698946_5p79,BLR-HYD,EaseMyTrip,6E,6E-6876,2026-08-23,T+1,7185,1577,8762,2026-08-22T09:05:34.401Z,FALSE,"",02:40,FALSE
fare_BLR-HYD_6E_2026-08-23_T+1_1787389698946_ikox,BLR-HYD,EaseMyTrip,6E,6E-6445,2026-08-23,T+1,7185,1577,8762,2026-08-22T09:05:34.401Z,FALSE,"",10:25,FALSE
fare_BLR-HYD_6E_2026-08-23_T+1_1787389698946_8dna,BLR-HYD,EaseMyTrip,6E,6E-6753,2026-08-23,T+1,7185,1577,8762,2026-08-22T09:05:34.401Z,FALSE,"",15:15,FALSE
fare_BLR-HYD_6E_2026-08-23_T+1_1787389698946_d7f3,BLR-HYD,EaseMyTrip,6E,6E-6563,2026-08-23,T+1,7185,1577,8762,2026-08-22T09:05:34.401Z,FALSE,"",01:05,FALSE
fare_BLR-HYD_6E_2026-08-23_T+1_1787389698946_vu2m,BLR-HYD,EaseMyTrip,6E,6E-113,2026-08-23,T+1,7726,1696,9422,2026-08-22T09:05:34.401Z,FALSE,"",07:05,FALSE
fare_BLR-HYD_6E_2026-08-23_T+1_1787389698946_kq7j,BLR-HYD,EaseMyTrip,6E,6E-328,2026-08-23,T+1,7726,1696,9422,2026-08-22T09:05:34.401Z,FALSE,"",07:05,FALSE
fare_BLR-HYD_IX_2026-08-23_T+1_1787389698946_8f3s,BLR-HYD,EaseMyTrip,IX,IX-2051,2026-08-23,T+1,7961,1748,9709,2026-08-22T09:05:34.401Z,FALSE,"",14:55,TRUE
fare_BLR-HYD_IX_2026-08-23_T+1_1787389698946_9v44,BLR-HYD,EaseMyTrip,IX,IX-2018,2026-08-23,T+1,7961,1748,9709,2026-08-22T09:05:34.401Z,FALSE,"",06:00,TRUE
fare_BLR-HYD_6E_2026-08-23_T+1_1787389698946_oymt,BLR-HYD,EaseMyTrip,6E,6E-7227,2026-08-23,T+1,8210,1802,10012,2026-08-22T09:05:34.401Z,FALSE,"",06:25,FALSE
fare_BLR-HYD_6E_2026-08-23_T+1_1787389698946_ggm9,BLR-HYD,EaseMyTrip,6E,6E-7737,2026-08-23,T+1,8210,1802,10012,2026-08-22T09:05:34.401Z,FALSE,"",15:15,FALSE
fare_BLR-HYD_6E_2026-08-23_T+1_1787389698946_a0ex,BLR-HYD,EaseMyTrip,6E,6E-7204,2026-08-23,T+1,8212,1803,10015,2026-08-22T09:05:34.401Z,FALSE,"",06:50,FALSE
fare_BLR-HYD_6E_2026-08-23_T+1_1787389698946_ca3b,BLR-HYD,EaseMyTrip,6E,6E-730,2026-08-23,T+1,8317,1826,10143,2026-08-22T09:05:34.401Z,FALSE,"",21:40,FALSE
fare_BLR-HYD_6E_2026-08-23_T+1_1787389698946_nvba,BLR-HYD,EaseMyTrip,6E,6E-601,2026-08-23,T+1,8317,1826,10143,2026-08-22T09:05:34.401Z,FALSE,"",21:40,FALSE
fare_BLR-HYD_6E_2026-08-23_T+1_1787389698946_yma0,BLR-HYD,EaseMyTrip,6E,6E-680,2026-08-23,T+1,8317,1826,10143,2026-08-22T09:05:34.401Z,FALSE,"",07:05,FALSE
fare_BLR-HYD_6E_2026-08-23_T+1_1787389698946_jh6f,BLR-HYD,EaseMyTrip,6E,6E-608,2026-08-23,T+1,8317,1826,10143,2026-08-22T09:05:34.401Z,FALSE,"",07:05,FALSE
fare_BLR-HYD_6E_2026-08-23_T+1_1787389698946_11ww,BLR-HYD,EaseMyTrip,6E,6E-449,2026-08-23,T+1,8774,1926,10700,2026-08-22T09:05:34.401Z,FALSE,"",19:15,TRUE
fare_BLR-HYD_6E_2026-08-23_T+1_1787389698946_rmcl,BLR-HYD,EaseMyTrip,6E,6E-664,2026-08-23,T+1,8774,1926,10700,2026-08-22T09:05:34.401Z,FALSE,"",19:15,TRUE
fare_BLR-HYD_6E_2026-08-23_T+1_1787389698946_0klt,BLR-HYD,EaseMyTrip,6E,6E-6178,2026-08-23,T+1,8678,1905,10583,2026-08-22T09:05:34.401Z,FALSE,"",06:25,TRUE
fare_BLR-HYD_IX_2026-08-23_T+1_1787389698946_6028,BLR-HYD,EaseMyTrip,IX,IX-2819,2026-08-23,T+1,8918,1957,10875,2026-08-22T09:05:34.401Z,FALSE,"",12:30,TRUE
fare_BLR-HYD_6E_2026-08-23_T+1_1787389698946_k3on,BLR-HYD,EaseMyTrip,6E,6E-590,2026-08-23,T+1,8966,1968,10934,2026-08-22T09:05:34.401Z,FALSE,"",12:55,FALSE
fare_BLR-HYD_6E_2026-08-23_T+1_1787389698946_yfnc,BLR-HYD,EaseMyTrip,6E,6E-597,2026-08-23,T+1,8966,1968,10934,2026-08-22T09:05:34.401Z,FALSE,"",12:55,FALSE
fare_BLR-HYD_6E_2026-08-23_T+1_1787389698946_d2po,BLR-HYD,EaseMyTrip,6E,6E-212,2026-08-23,T+1,8966,1968,10934,2026-08-22T09:05:34.401Z,FALSE,"",14:25,FALSE
fare_BLR-HYD_6E_2026-08-23_T+1_1787389698946_kui4,BLR-HYD,EaseMyTrip,6E,6E-481,2026-08-23,T+1,8966,1968,10934,2026-08-22T09:05:34.401Z,FALSE,"",14:25,FALSE
fare_BLR-HYD_6E_2026-08-23_T+1_1787389698946_1qcz,BLR-HYD,EaseMyTrip,6E,6E-724,2026-08-23,T+1,8966,1968,10934,2026-08-22T09:05:34.401Z,FALSE,"",11:55,FALSE
fare_BLR-HYD_6E_2026-08-23_T+1_1787389698946_4off,BLR-HYD,EaseMyTrip,6E,6E-964,2026-08-23,T+1,8966,1968,10934,2026-08-22T09:05:34.401Z,FALSE,"",11:55,FALSE
fare_BLR-HYD_6E_2026-08-23_T+1_1787389698946_rcm2,BLR-HYD,EaseMyTrip,6E,6E-6653,2026-08-23,T+1,8966,1968,10934,2026-08-22T09:05:34.401Z,FALSE,"",12:35,FALSE
fare_BLR-HYD_6E_2026-08-23_T+1_1787389698946_todk,BLR-HYD,EaseMyTrip,6E,6E-108,2026-08-23,T+1,8966,1968,10934,2026-08-22T09:05:34.401Z,FALSE,"",12:55,FALSE
fare_BLR-HYD_6E_2026-08-23_T+1_1787389698946_f1h3,BLR-HYD,EaseMyTrip,6E,6E-232,2026-08-23,T+1,8966,1968,10934,2026-08-22T09:05:34.401Z,FALSE,"",12:55,FALSE
fare_BLR-HYD_6E_2026-08-23_T+1_1787389698946_01jw,BLR-HYD,EaseMyTrip,6E,6E-6583,2026-08-23,T+1,9073,1992,11065,2026-08-22T09:05:34.401Z,FALSE,"",10:40,FALSE
fare_BLR-HYD_6E_2026-08-23_T+1_1787389698946_k2n0,BLR-HYD,EaseMyTrip,6E,6E-429,2026-08-23,T+1,10339,2269,12608,2026-08-22T09:05:34.401Z,FALSE,"",09:15,TRUE
fare_BLR-HYD_6E_2026-08-23_T+1_1787389698946_3xg6,BLR-HYD,EaseMyTrip,6E,6E-914,2026-08-23,T+1,10339,2269,12608,2026-08-22T09:05:34.401Z,FALSE,"",09:15,TRUE
fare_BLR-HYD_6E_2026-08-23_T+1_1787389698946_hc2j,BLR-HYD,EaseMyTrip,6E,6E-160,2026-08-23,T+1,10339,2269,12608,2026-08-22T09:05:34.401Z,FALSE,"",08:15,TRUE
fare_BLR-HYD_6E_2026-08-23_T+1_1787389698946_yj9e,BLR-HYD,EaseMyTrip,6E,6E-202,2026-08-23,T+1,10339,2269,12608,2026-08-22T09:05:34.401Z,FALSE,"",08:15,TRUE
fare_BLR-HYD_6E_2026-08-23_T+1_1787389698946_dxr1,BLR-HYD,EaseMyTrip,6E,6E-6208,2026-08-23,T+1,10449,2294,12743,2026-08-22T09:05:34.401Z,FALSE,"",12:45,FALSE
fare_BLR-HYD_6E_2026-08-23_T+1_1787389698946_w6yg,BLR-HYD,EaseMyTrip,6E,6E-778,2026-08-23,T+1,10449,2294,12743,2026-08-22T09:05:34.401Z,FALSE,"",07:05,FALSE
fare_BLR-HYD_6E_2026-08-23_T+1_1787389698946_d7rd,BLR-HYD,EaseMyTrip,6E,6E-928,2026-08-23,T+1,10449,2294,12743,2026-08-22T09:05:34.401Z,FALSE,"",07:05,FALSE
fare_BLR-HYD_6E_2026-08-23_T+1_1787389698946_rh1m,BLR-HYD,EaseMyTrip,6E,6E-7005,2026-08-23,T+1,10449,2294,12743,2026-08-22T09:05:34.401Z,FALSE,"",08:05,FALSE
fare_BLR-HYD_6E_2026-08-23_T+1_1787389698946_dlrd,BLR-HYD,EaseMyTrip,6E,6E-6269,2026-08-23,T+1,10449,2294,12743,2026-08-22T09:05:34.401Z,FALSE,"",07:15,FALSE
fare_BLR-HYD_6E_2026-08-23_T+1_1787389698946_d4xr,BLR-HYD,EaseMyTrip,6E,6E-582,2026-08-23,T+1,11297,2480,13777,2026-08-22T09:05:34.401Z,FALSE,"",18:50,FALSE
fare_BLR-HYD_6E_2026-08-23_T+1_1787389698946_a6h5,BLR-HYD,EaseMyTrip,6E,6E-898,2026-08-23,T+1,11297,2480,13777,2026-08-22T09:05:34.401Z,FALSE,"",18:50,FALSE
fare_BLR-HYD_6E_2026-08-23_T+1_1787389698946_bn45,BLR-HYD,EaseMyTrip,6E,6E-388,2026-08-23,T+1,11297,2480,13777,2026-08-22T09:05:34.401Z,FALSE,"",20:40,FALSE
fare_BLR-HYD_6E_2026-08-23_T+1_1787389698946_a4tk,BLR-HYD,EaseMyTrip,6E,6E-953,2026-08-23,T+1,11297,2480,13777,2026-08-22T09:05:34.401Z,FALSE,"",20:40,FALSE
fare_BLR-HYD_6E_2026-08-23_T+1_1787389698946_bcmd,BLR-HYD,EaseMyTrip,6E,6E-825,2026-08-23,T+1,11297,2480,13777,2026-08-22T09:05:34.401Z,FALSE,"",07:05,FALSE
fare_BLR-HYD_6E_2026-08-23_T+1_1787389698946_r3eh,BLR-HYD,EaseMyTrip,6E,6E-989,2026-08-23,T+1,11297,2480,13777,2026-08-22T09:05:34.401Z,FALSE,"",07:05,FALSE
fare_BLR-HYD_6E_2026-08-23_T+1_1787389698946_3d0c,BLR-HYD,EaseMyTrip,6E,6E-917,2026-08-23,T+1,11300,2481,13781,2026-08-22T09:05:34.401Z,FALSE,"",10:15,TRUE
fare_BLR-HYD_6E_2026-08-23_T+1_1787389698946_8dr5,BLR-HYD,EaseMyTrip,6E,6E-303,2026-08-23,T+1,11300,2481,13781,2026-08-22T09:05:34.401Z,FALSE,"",10:15,TRUE
fare_BLR-HYD_6E_2026-08-23_T+1_1787389698946_j130,BLR-HYD,EaseMyTrip,6E,6E-7285,2026-08-23,T+1,12858,2823,15681,2026-08-22T09:05:34.401Z,FALSE,"",06:50,FALSE
fare_BLR-HYD_6E_2026-08-23_T+1_1787389698946_ocwm,BLR-HYD,EaseMyTrip,6E,6E-6067,2026-08-23,T+1,13532,2971,16503,2026-08-22T09:05:34.401Z,FALSE,"",16:30,TRUE
fare_BLR-HYD_6E_2026-08-23_T+1_1787389698946_7tou,BLR-HYD,EaseMyTrip,6E,6E-7071,2026-08-23,T+1,13661,2999,16660,2026-08-22T09:05:34.401Z,FALSE,"",10:55,FALSE
fare_BLR-HYD_6E_2026-08-23_T+1_1787389698946_fs80,BLR-HYD,EaseMyTrip,6E,6E-382,2026-08-23,T+1,14825,3254,18079,2026-08-22T09:05:34.401Z,FALSE,"",18:35,TRUE
fare_BLR-HYD_6E_2026-08-23_T+1_1787389698946_9s60,BLR-HYD,EaseMyTrip,6E,6E-450,2026-08-23,T+1,14825,3254,18079,2026-08-22T09:05:34.401Z,FALSE,"",18:35,TRUE
fare_BLR-HYD_6E_2026-08-23_T+1_1787389698946_twjr,BLR-HYD,EaseMyTrip,6E,6E-6784,2026-08-23,T+1,14825,3254,18079,2026-08-22T09:05:34.401Z,FALSE,"",21:30,TRUE
fare_BLR-HYD_6E_2026-08-23_T+1_1787389698946_a9ie,BLR-HYD,EaseMyTrip,6E,6E-6404,2026-08-23,T+1,14825,3254,18079,2026-08-22T09:05:34.401Z,FALSE,"",11:35,TRUE
fare_BLR-HYD_6E_2026-08-23_T+1_1787389698946_wf0n,BLR-HYD,EaseMyTrip,6E,6E-6017,2026-08-23,T+1,16399,3600,19999,2026-08-22T09:05:34.401Z,FALSE,"",18:15,FALSE
fare_BLR-HYD_6E_2026-08-23_T+1_1787389698946_ylwq,BLR-HYD,EaseMyTrip,6E,6E-541,2026-08-23,T+1,16425,3606,20031,2026-08-22T09:05:34.401Z,FALSE,"",15:30,FALSE
fare_BLR-HYD_6E_2026-08-23_T+1_1787389698946_nf8d,BLR-HYD,EaseMyTrip,6E,6E-951,2026-08-23,T+1,16425,3606,20031,2026-08-22T09:05:34.401Z,FALSE,"",15:30,FALSE
fare_BLR-HYD_AI_2026-08-23_T+1_1787389698946_xftv,BLR-HYD,EaseMyTrip,AI,AI-2642,2026-08-23,T+1,16801,3688,20489,2026-08-22T09:05:34.401Z,FALSE,"",21:30,FALSE
fare_BLR-HYD_6E_2026-08-23_T+1_1787389698946_6505,BLR-HYD,EaseMyTrip,6E,6E-548,2026-08-23,T+1,17414,3823,21237,2026-08-22T09:05:34.401Z,FALSE,"",17:15,FALSE
fare_BLR-HYD_6E_2026-08-23_T+1_1787389698946_e2nn,BLR-HYD,EaseMyTrip,6E,6E-307,2026-08-23,T+1,17414,3823,21237,2026-08-22T09:05:34.401Z,FALSE,"",17:15,FALSE
fare_BLR-HYD_6E_2026-08-23_T+1_1787389698946_grca,BLR-HYD,EaseMyTrip,6E,6E-415,2026-08-23,T+1,17414,3823,21237,2026-08-22T09:05:34.401Z,FALSE,"",17:15,FALSE
fare_BLR-HYD_6E_2026-08-23_T+1_1787389698946_m11n,BLR-HYD,EaseMyTrip,6E,6E-134,2026-08-23,T+1,17414,3823,21237,2026-08-22T09:05:34.401Z,FALSE,"",17:15,FALSE
fare_BLR-HYD_6E_2026-08-23_T+1_1787389698946_m4rl,BLR-HYD,EaseMyTrip,6E,6E-840,2026-08-23,T+1,17876,3924,21800,2026-08-22T09:05:34.401Z,FALSE,"",10:50,FALSE
fare_BLR-HYD_6E_2026-08-23_T+1_1787389698946_af62,BLR-HYD,EaseMyTrip,6E,6E-978,2026-08-23,T+1,17876,3924,21800,2026-08-22T09:05:34.401Z,FALSE,"",10:50,FALSE
fare_BLR-HYD_6E_2026-08-23_T+1_1787389698946_wbyq,BLR-HYD,EaseMyTrip,6E,6E-6162,2026-08-23,T+1,18530,4068,22598,2026-08-22T09:05:34.401Z,FALSE,"",18:50,FALSE
fare_BLR-HYD_6E_2026-08-23_T+1_1787389698946_453w,BLR-HYD,EaseMyTrip,6E,6E-801,2026-08-23,T+1,18530,4068,22598,2026-08-22T09:05:34.401Z,FALSE,"",17:00,FALSE
fare_BLR-HYD_6E_2026-08-23_T+1_1787389698946_lscz,BLR-HYD,EaseMyTrip,6E,6E-828,2026-08-23,T+1,18530,4068,22598,2026-08-22T09:05:34.401Z,FALSE,"",17:00,FALSE
fare_BLR-HYD_AI_2026-08-23_T+1_1787389698946_caft,BLR-HYD,EaseMyTrip,AI,AI-2756,2026-08-23,T+1,19077,4188,23265,2026-08-22T09:05:34.401Z,FALSE,"",02:15,FALSE
fare_BLR-HYD_AI_2026-08-23_T+1_1787389698946_zet4,BLR-HYD,EaseMyTrip,AI,AI-2758,2026-08-23,T+1,19077,4188,23265,2026-08-22T09:05:34.401Z,FALSE,"",00:15,FALSE
fare_BLR-HYD_6E_2026-08-23_T+1_1787389698946_hqod,BLR-HYD,EaseMyTrip,6E,6E-6542,2026-08-23,T+1,19431,4265,23696,2026-08-22T09:05:34.401Z,FALSE,"",13:10,FALSE
fare_BLR-HYD_AI_2026-08-23_T+1_1787389698946_t2d1,BLR-HYD,EaseMyTrip,AI,AI-2854,2026-08-23,T+1,19597,4302,23899,2026-08-22T09:05:34.401Z,FALSE,"",16:40,FALSE
fare_BLR-HYD_AI_2026-08-23_T+1_1787389698946_nsbu,BLR-HYD,EaseMyTrip,AI,AI-2654,2026-08-23,T+1,20545,4510,25055,2026-08-22T09:05:34.401Z,FALSE,"",07:00,FALSE
fare_BLR-HYD_AI_2026-08-23_T+1_1787389698946_sd2x,BLR-HYD,EaseMyTrip,AI,AI-2810,2026-08-23,T+1,20545,4510,25055,2026-08-22T09:05:34.401Z,FALSE,"",06:00,FALSE
fare_BLR-HYD_AI_2026-08-23_T+1_1787389698946_xym5,BLR-HYD,EaseMyTrip,AI,AI-2414,2026-08-23,T+1,20545,4510,25055,2026-08-22T09:05:34.401Z,FALSE,"",05:30,FALSE
fare_BLR-HYD_6E_2026-08-23_T+1_1787389698946_yf4m,BLR-HYD,EaseMyTrip,6E,6E-6702,2026-08-23,T+1,20416,4481,24897,2026-08-22T09:05:34.401Z,FALSE,"",05:20,FALSE
fare_BLR-HYD_AI_2026-08-23_T+1_1787389698946_i2eo,BLR-HYD,EaseMyTrip,AI,AI-2818,2026-08-23,T+1,20980,4605,25585,2026-08-22T09:05:34.401Z,FALSE,"",20:00,FALSE
fare_BLR-HYD_AI_2026-08-23_T+1_1787389698946_zxid,BLR-HYD,EaseMyTrip,AI,AI-2498,2026-08-23,T+1,21042,4619,25661,2026-08-22T09:05:34.401Z,FALSE,"",00:45,FALSE
fare_BLR-HYD_AI_2026-08-23_T+1_1787389698946_9jmi,BLR-HYD,EaseMyTrip,AI,AI-2852,2026-08-23,T+1,22554,4951,27505,2026-08-22T09:05:34.401Z,FALSE,"",10:30,FALSE
fare_BLR-HYD_AI_2026-08-23_T+1_1787389698946_sv3g,BLR-HYD,EaseMyTrip,AI,AI-2604,2026-08-23,T+1,22554,4951,27505,2026-08-22T09:05:34.401Z,FALSE,"",09:15,FALSE
fare_BLR-HYD_6E_2026-08-23_T+1_1787389698946_ts9t,BLR-HYD,EaseMyTrip,6E,6E-6104,2026-08-23,T+1,22727,4989,27716,2026-08-22T09:05:34.401Z,FALSE,"",11:40,FALSE
fare_BLR-HYD_AI_2026-08-23_T+1_1787389698946_9mlt,BLR-HYD,EaseMyTrip,AI,AI-2868,2026-08-23,T+1,24052,5280,29332,2026-08-22T09:05:34.401Z,FALSE,"",09:00,FALSE
fare_BLR-HYD_AI_2026-08-23_T+1_1787389698946_xvag,BLR-HYD,EaseMyTrip,AI,AI-2418,2026-08-23,T+1,25354,5566,30920,2026-08-22T09:05:34.401Z,FALSE,"",16:30,FALSE
fare_BLR-HYD_AI_2026-08-23_T+1_1787389698946_1ixt,BLR-HYD,EaseMyTrip,AI,AI-2511,2026-08-23,T+1,25354,5566,30920,2026-08-22T09:05:34.401Z,FALSE,"",15:45,FALSE
fare_BLR-HYD_AI_2026-08-23_T+1_1787389698946_7ylg,BLR-HYD,EaseMyTrip,AI,AI-428,2026-08-23,T+1,25354,5566,30920,2026-08-22T09:05:34.401Z,FALSE,"",14:55,FALSE
fare_BLR-HYD_AI_2026-08-23_T+1_1787389698946_khw4,BLR-HYD,EaseMyTrip,AI,AI-2798,2026-08-23,T+1,25558,5610,31168,2026-08-22T09:05:34.401Z,FALSE,"",20:25,FALSE
fare_BLR-HYD_AI_2026-08-23_T+1_1787389698946_28jh,BLR-HYD,EaseMyTrip,AI,AI-9441,2026-08-23,T+1,25687,5639,31326,2026-08-22T09:05:34.401Z,FALSE,"",19:10,FALSE
fare_BLR-HYD_AI_2026-08-23_T+1_1787389698946_sfq0,BLR-HYD,EaseMyTrip,AI,AI-2406,2026-08-23,T+1,25868,5678,31546,2026-08-22T09:05:34.401Z,FALSE,"",11:00,FALSE
fare_BLR-HYD_6E_2026-08-29_T+7_1787389698946_c2b1,BLR-HYD,EaseMyTrip,6E,6E-624,2026-08-29,T+7,3369,740,4109,2026-08-22T09:05:39.989Z,FALSE,"",20:50,TRUE
fare_BLR-HYD_6E_2026-08-29_T+7_1787389698946_qu7e,BLR-HYD,EaseMyTrip,6E,6E-137,2026-08-29,T+7,3369,740,4109,2026-08-22T09:05:39.989Z,FALSE,"",20:50,TRUE
fare_BLR-HYD_IX_2026-08-29_T+7_1787389698946_p2cz,BLR-HYD,EaseMyTrip,IX,IX-2935,2026-08-29,T+7,3794,833,4627,2026-08-22T09:05:39.989Z,FALSE,"",08:55,TRUE
fare_BLR-HYD_6E_2026-08-29_T+7_1787389698946_scbx,BLR-HYD,EaseMyTrip,6E,6E-6784,2026-08-29,T+7,4193,920,5113,2026-08-22T09:05:39.989Z,FALSE,"",21:30,TRUE
fare_BLR-HYD_6E_2026-08-29_T+7_1787389698946_57sm,BLR-HYD,EaseMyTrip,6E,6E-606,2026-08-29,T+7,4193,920,5113,2026-08-22T09:05:39.989Z,FALSE,"",18:35,TRUE
fare_BLR-HYD_6E_2026-08-29_T+7_1787389698946_vn45,BLR-HYD,EaseMyTrip,6E,6E-857,2026-08-29,T+7,4193,920,5113,2026-08-22T09:05:39.989Z,FALSE,"",18:35,TRUE
fare_BLR-HYD_6E_2026-08-29_T+7_1787389698946_1bwe,BLR-HYD,EaseMyTrip,6E,6E-6067,2026-08-29,T+7,4193,920,5113,2026-08-22T09:05:39.989Z,FALSE,"",16:30,TRUE
fare_BLR-HYD_6E_2026-08-29_T+7_1787389698946_lfdy,BLR-HYD,EaseMyTrip,6E,6E-108,2026-08-29,T+7,4193,920,5113,2026-08-22T09:05:39.989Z,FALSE,"",14:50,TRUE
fare_BLR-HYD_6E_2026-08-29_T+7_1787389698946_ga6b,BLR-HYD,EaseMyTrip,6E,6E-632,2026-08-29,T+7,4193,920,5113,2026-08-22T09:05:39.989Z,FALSE,"",14:50,TRUE
fare_BLR-HYD_6E_2026-08-29_T+7_1787389698946_qjtv,BLR-HYD,EaseMyTrip,6E,6E-6404,2026-08-29,T+7,4193,920,5113,2026-08-22T09:05:39.989Z,FALSE,"",11:35,TRUE
fare_BLR-HYD_IX_2026-08-29_T+7_1787389698946_a9yr,BLR-HYD,EaseMyTrip,IX,IX-2051,2026-08-29,T+7,4444,976,5420,2026-08-22T09:05:39.989Z,FALSE,"",10:55,TRUE
fare_BLR-HYD_IX_2026-08-29_T+7_1787389698946_h61e,BLR-HYD,EaseMyTrip,IX,IX-1250,2026-08-29,T+7,4444,976,5420,2026-08-22T09:05:39.989Z,FALSE,"",19:15,TRUE
fare_BLR-HYD_6E_2026-08-29_T+7_1787389698946_1be9,BLR-HYD,EaseMyTrip,6E,6E-235,2026-08-29,T+7,4518,992,5510,2026-08-22T09:05:39.989Z,FALSE,"",10:15,TRUE
fare_BLR-HYD_6E_2026-08-29_T+7_1787389698946_502h,BLR-HYD,EaseMyTrip,6E,6E-249,2026-08-29,T+7,4518,992,5510,2026-08-22T09:05:39.989Z,FALSE,"",10:15,TRUE
fare_BLR-HYD_IX_2026-08-29_T+7_1787389698946_3wcd,BLR-HYD,EaseMyTrip,IX,IX-2506,2026-08-29,T+7,4877,1071,5948,2026-08-22T09:05:39.989Z,FALSE,"",17:20,TRUE
fare_BLR-HYD_6E_2026-08-29_T+7_1787389698946_jz1x,BLR-HYD,EaseMyTrip,6E,6E-612,2026-08-29,T+7,4877,1071,5948,2026-08-22T09:05:39.989Z,FALSE,"",09:15,TRUE
fare_BLR-HYD_6E_2026-08-29_T+7_1787389698946_il1w,BLR-HYD,EaseMyTrip,6E,6E-176,2026-08-29,T+7,4877,1071,5948,2026-08-22T09:05:39.989Z,FALSE,"",09:15,TRUE
fare_BLR-HYD_6E_2026-08-29_T+7_1787389698946_4kho,BLR-HYD,EaseMyTrip,6E,6E-7227,2026-08-29,T+7,4995,1097,6092,2026-08-22T09:05:39.989Z,FALSE,"",06:25,FALSE
fare_BLR-HYD_IX_2026-08-29_T+7_1787389698946_123n,BLR-HYD,EaseMyTrip,IX,IX-2018,2026-08-29,T+7,5273,1157,6430,2026-08-22T09:05:39.989Z,FALSE,"",06:00,TRUE
fare_BLR-HYD_6E_2026-08-29_T+7_1787389698946_ln4m,BLR-HYD,EaseMyTrip,6E,6E-6168,2026-08-29,T+7,5103,1120,6223,2026-08-22T09:05:39.989Z,FALSE,"",17:40,FALSE
fare_BLR-HYD_6E_2026-08-29_T+7_1787389698946_ulnw,BLR-HYD,EaseMyTrip,6E,6E-6554,2026-08-29,T+7,5103,1120,6223,2026-08-22T09:05:39.989Z,FALSE,"",19:15,FALSE
fare_BLR-HYD_6E_2026-08-29_T+7_1787389698946_mi0z,BLR-HYD,EaseMyTrip,6E,6E-797,2026-08-29,T+7,5103,1120,6223,2026-08-22T09:05:39.989Z,FALSE,"",07:05,FALSE
fare_BLR-HYD_6E_2026-08-29_T+7_1787389698946_1b06,BLR-HYD,EaseMyTrip,6E,6E-470,2026-08-29,T+7,5103,1120,6223,2026-08-22T09:05:39.989Z,FALSE,"",07:05,FALSE
fare_BLR-HYD_6E_2026-08-29_T+7_1787389698946_aqmg,BLR-HYD,EaseMyTrip,6E,6E-216,2026-08-29,T+7,5103,1120,6223,2026-08-22T09:05:39.989Z,FALSE,"",14:45,FALSE
fare_BLR-HYD_6E_2026-08-29_T+7_1787389698946_al0k,BLR-HYD,EaseMyTrip,6E,6E-532,2026-08-29,T+7,5103,1120,6223,2026-08-22T09:05:39.989Z,FALSE,"",14:45,FALSE
fare_BLR-HYD_6E_2026-08-29_T+7_1787389698946_ak2j,BLR-HYD,EaseMyTrip,6E,6E-6542,2026-08-29,T+7,5103,1120,6223,2026-08-22T09:05:39.989Z,FALSE,"",13:10,FALSE
fare_BLR-HYD_6E_2026-08-29_T+7_1787389698946_b0m5,BLR-HYD,EaseMyTrip,6E,6E-6017,2026-08-29,T+7,5103,1120,6223,2026-08-22T09:05:39.989Z,FALSE,"",18:15,FALSE
fare_BLR-HYD_6E_2026-08-29_T+7_1787389698946_8hg7,BLR-HYD,EaseMyTrip,6E,6E-827,2026-08-29,T+7,5103,1120,6223,2026-08-22T09:05:39.989Z,FALSE,"",18:45,FALSE
fare_BLR-HYD_6E_2026-08-29_T+7_1787389698946_xwzh,BLR-HYD,EaseMyTrip,6E,6E-395,2026-08-29,T+7,5103,1120,6223,2026-08-22T09:05:39.989Z,FALSE,"",18:45,FALSE
fare_BLR-HYD_6E_2026-08-29_T+7_1787389698946_swce,BLR-HYD,EaseMyTrip,6E,6E-333,2026-08-29,T+7,5103,1120,6223,2026-08-22T09:05:39.989Z,FALSE,"",17:15,FALSE
fare_BLR-HYD_6E_2026-08-29_T+7_1787389698946_ovod,BLR-HYD,EaseMyTrip,6E,6E-782,2026-08-29,T+7,5103,1120,6223,2026-08-22T09:05:39.989Z,FALSE,"",17:15,FALSE
fare_BLR-HYD_6E_2026-08-29_T+7_1787389698946_aaxg,BLR-HYD,EaseMyTrip,6E,6E-7071,2026-08-29,T+7,5103,1120,6223,2026-08-22T09:05:39.989Z,FALSE,"",10:55,FALSE
fare_BLR-HYD_6E_2026-08-29_T+7_1787389698946_12dh,BLR-HYD,EaseMyTrip,6E,6E-371,2026-08-29,T+7,5103,1120,6223,2026-08-22T09:05:39.989Z,FALSE,"",23:05,FALSE
fare_BLR-HYD_6E_2026-08-29_T+7_1787389698946_chgt,BLR-HYD,EaseMyTrip,6E,6E-719,2026-08-29,T+7,5103,1120,6223,2026-08-22T09:05:39.989Z,FALSE,"",23:05,FALSE
fare_BLR-HYD_6E_2026-08-29_T+7_1787389698946_lsyd,BLR-HYD,EaseMyTrip,6E,6E-318,2026-08-29,T+7,5103,1120,6223,2026-08-22T09:05:39.989Z,FALSE,"",17:15,FALSE
fare_BLR-HYD_6E_2026-08-29_T+7_1787389698946_kypv,BLR-HYD,EaseMyTrip,6E,6E-569,2026-08-29,T+7,5103,1120,6223,2026-08-22T09:05:39.989Z,FALSE,"",17:15,FALSE
fare_BLR-HYD_6E_2026-08-29_T+7_1787389698946_9zn6,BLR-HYD,EaseMyTrip,6E,6E-783,2026-08-29,T+7,5103,1120,6223,2026-08-22T09:05:39.989Z,FALSE,"",21:40,FALSE
fare_BLR-HYD_6E_2026-08-29_T+7_1787389698946_hqfm,BLR-HYD,EaseMyTrip,6E,6E-392,2026-08-29,T+7,5103,1120,6223,2026-08-22T09:05:39.989Z,FALSE,"",21:40,FALSE
fare_BLR-HYD_6E_2026-08-29_T+7_1787389698946_ex51,BLR-HYD,EaseMyTrip,6E,6E-6653,2026-08-29,T+7,5103,1120,6223,2026-08-22T09:05:39.989Z,FALSE,"",12:35,FALSE
fare_BLR-HYD_6E_2026-08-29_T+7_1787389698946_r4gh,BLR-HYD,EaseMyTrip,6E,6E-175,2026-08-29,T+7,5103,1120,6223,2026-08-22T09:05:39.989Z,FALSE,"",20:40,FALSE
fare_BLR-HYD_6E_2026-08-29_T+7_1787389698946_2wwq,BLR-HYD,EaseMyTrip,6E,6E-596,2026-08-29,T+7,5103,1120,6223,2026-08-22T09:05:39.989Z,FALSE,"",07:05,FALSE
fare_BLR-HYD_6E_2026-08-29_T+7_1787389698946_ljlt,BLR-HYD,EaseMyTrip,6E,6E-125,2026-08-29,T+7,5103,1120,6223,2026-08-22T09:05:39.989Z,FALSE,"",07:05,FALSE
fare_BLR-HYD_6E_2026-08-29_T+7_1787389698946_vha9,BLR-HYD,EaseMyTrip,6E,6E-6583,2026-08-29,T+7,5210,1144,6354,2026-08-22T09:05:39.989Z,FALSE,"",10:40,FALSE
fare_BLR-HYD_6E_2026-08-29_T+7_1787389698946_m744,BLR-HYD,EaseMyTrip,6E,6E-664,2026-08-29,T+7,5273,1158,6431,2026-08-22T09:05:39.989Z,FALSE,"",19:45,TRUE
fare_BLR-HYD_6E_2026-08-29_T+7_1787389698946_gknx,BLR-HYD,EaseMyTrip,6E,6E-6876,2026-08-29,T+7,5447,1196,6643,2026-08-22T09:05:39.989Z,FALSE,"",02:40,FALSE
fare_BLR-HYD_6E_2026-08-29_T+7_1787389698946_sjet,BLR-HYD,EaseMyTrip,6E,6E-6563,2026-08-29,T+7,5447,1196,6643,2026-08-22T09:05:39.989Z,FALSE,"",01:05,FALSE
fare_BLR-HYD_IX_2026-08-29_T+7_1787389698946_ugu7,BLR-HYD,EaseMyTrip,IX,IX-2819,2026-08-29,T+7,5711,1254,6965,2026-08-22T09:05:39.989Z,FALSE,"",12:30,TRUE
fare_BLR-HYD_6E_2026-08-29_T+7_1787389698946_vgmp,BLR-HYD,EaseMyTrip,6E,6E-6178,2026-08-29,T+7,5711,1254,6965,2026-08-22T09:05:39.989Z,FALSE,"",06:25,TRUE
fare_BLR-HYD_6E_2026-08-29_T+7_1787389698946_k96b,BLR-HYD,EaseMyTrip,6E,6E-688,2026-08-29,T+7,5711,1254,6965,2026-08-22T09:05:39.989Z,FALSE,"",08:15,TRUE
fare_BLR-HYD_6E_2026-08-29_T+7_1787389698946_y7r2,BLR-HYD,EaseMyTrip,6E,6E-717,2026-08-29,T+7,5711,1254,6965,2026-08-22T09:05:39.989Z,FALSE,"",08:15,TRUE
fare_BLR-HYD_6E_2026-08-29_T+7_1787389698946_9zwr,BLR-HYD,EaseMyTrip,6E,6E-7204,2026-08-29,T+7,5825,1279,7104,2026-08-22T09:05:39.989Z,FALSE,"",06:50,FALSE
fare_BLR-HYD_6E_2026-08-29_T+7_1787389698946_qx8s,BLR-HYD,EaseMyTrip,6E,6E-156,2026-08-29,T+7,6690,1468,8158,2026-08-22T09:05:39.989Z,FALSE,"",17:00,FALSE
fare_BLR-HYD_6E_2026-08-29_T+7_1787389698946_pouf,BLR-HYD,EaseMyTrip,6E,6E-370,2026-08-29,T+7,6690,1468,8158,2026-08-22T09:05:39.989Z,FALSE,"",17:00,FALSE
fare_BLR-HYD_6E_2026-08-29_T+7_1787389698946_zogu,BLR-HYD,EaseMyTrip,6E,6E-6104,2026-08-29,T+7,7185,1577,8762,2026-08-22T09:05:39.989Z,FALSE,"",11:40,FALSE
fare_BLR-HYD_6E_2026-08-29_T+7_1787389698946_zjox,BLR-HYD,EaseMyTrip,6E,6E-6445,2026-08-29,T+7,7185,1577,8762,2026-08-22T09:05:39.989Z,FALSE,"",10:25,FALSE
fare_BLR-HYD_6E_2026-08-29_T+7_1787389698946_x0fe,BLR-HYD,EaseMyTrip,6E,6E-353,2026-08-29,T+7,7185,1577,8762,2026-08-22T09:05:39.989Z,FALSE,"",11:00,FALSE
fare_BLR-HYD_6E_2026-08-29_T+7_1787389698946_k2j5,BLR-HYD,EaseMyTrip,6E,6E-267,2026-08-29,T+7,7185,1577,8762,2026-08-22T09:05:39.989Z,FALSE,"",11:00,FALSE
fare_BLR-HYD_6E_2026-08-29_T+7_1787389698946_18q7,BLR-HYD,EaseMyTrip,6E,6E-219,2026-08-29,T+7,7185,1577,8762,2026-08-22T09:05:39.989Z,FALSE,"",07:05,FALSE
fare_BLR-HYD_6E_2026-08-29_T+7_1787389698946_zng2,BLR-HYD,EaseMyTrip,6E,6E-903,2026-08-29,T+7,7185,1577,8762,2026-08-22T09:05:39.989Z,FALSE,"",07:05,FALSE
fare_BLR-HYD_6E_2026-08-29_T+7_1787389698946_asdn,BLR-HYD,EaseMyTrip,6E,6E-6269,2026-08-29,T+7,7185,1577,8762,2026-08-22T09:05:39.989Z,FALSE,"",07:15,FALSE
fare_BLR-HYD_6E_2026-08-29_T+7_1787389698946_2m0g,BLR-HYD,EaseMyTrip,6E,6E-631,2026-08-29,T+7,7726,1696,9422,2026-08-22T09:05:39.989Z,FALSE,"",12:55,FALSE
fare_BLR-HYD_6E_2026-08-29_T+7_1787389698946_cwcu,BLR-HYD,EaseMyTrip,6E,6E-990,2026-08-29,T+7,7726,1696,9422,2026-08-22T09:05:39.989Z,FALSE,"",13:15,FALSE
fare_BLR-HYD_6E_2026-08-29_T+7_1787389698946_qjud,BLR-HYD,EaseMyTrip,6E,6E-610,2026-08-29,T+7,7726,1696,9422,2026-08-22T09:05:39.989Z,FALSE,"",13:15,FALSE
fare_BLR-HYD_6E_2026-08-29_T+7_1787389698946_klmi,BLR-HYD,EaseMyTrip,6E,6E-451,2026-08-29,T+7,7726,1696,9422,2026-08-22T09:05:39.989Z,FALSE,"",07:05,FALSE
fare_BLR-HYD_6E_2026-08-29_T+7_1787389698946_536v,BLR-HYD,EaseMyTrip,6E,6E-807,2026-08-29,T+7,7726,1696,9422,2026-08-22T09:05:39.989Z,FALSE,"",07:05,FALSE
fare_BLR-HYD_6E_2026-08-29_T+7_1787389698946_czyk,BLR-HYD,EaseMyTrip,6E,6E-237,2026-08-29,T+7,7726,1696,9422,2026-08-22T09:05:39.989Z,FALSE,"",11:00,FALSE
fare_BLR-HYD_6E_2026-08-29_T+7_1787389698946_b49u,BLR-HYD,EaseMyTrip,6E,6E-690,2026-08-29,T+7,7726,1696,9422,2026-08-22T09:05:39.989Z,FALSE,"",11:00,FALSE
fare_BLR-HYD_AI_2026-08-29_T+7_1787389698946_ih4d,BLR-HYD,EaseMyTrip,AI,AI-2498,2026-08-29,T+7,8620,1892,10512,2026-08-22T09:05:39.989Z,FALSE,"",00:45,FALSE
fare_BLR-HYD_6E_2026-08-29_T+7_1787389698946_14my,BLR-HYD,EaseMyTrip,6E,6E-6208,2026-08-29,T+7,10006,2196,12202,2026-08-22T09:05:39.989Z,FALSE,"",12:50,FALSE
fare_BLR-HYD_AI_2026-08-29_T+7_1787389698946_dthk,BLR-HYD,EaseMyTrip,AI,AI-2811,2026-08-29,T+7,10485,2302,12787,2026-08-22T09:05:39.989Z,FALSE,"",23:40,FALSE
fare_BLR-HYD_AI_2026-08-29_T+7_1787389698946_3zsk,BLR-HYD,EaseMyTrip,AI,AI-2402,2026-08-29,T+7,10844,2380,13224,2026-08-22T09:05:39.989Z,FALSE,"",06:35,FALSE
fare_BLR-HYD_AI_2026-08-29_T+7_1787389698946_7xiy,BLR-HYD,EaseMyTrip,AI,AI-2604,2026-08-29,T+7,10944,2402,13346,2026-08-22T09:05:39.989Z,FALSE,"",09:15,FALSE
fare_BLR-HYD_AI_2026-08-29_T+7_1787389698946_u9v5,BLR-HYD,EaseMyTrip,AI,AI-2846,2026-08-29,T+7,11044,2424,13468,2026-08-22T09:05:39.989Z,FALSE,"",08:05,FALSE
fare_BLR-HYD_6E_2026-08-29_T+7_1787389698946_6mm6,BLR-HYD,EaseMyTrip,6E,6E-6162,2026-08-29,T+7,10908,2394,13302,2026-08-22T09:05:39.989Z,FALSE,"",18:50,FALSE
fare_BLR-HYD_AI_2026-08-29_T+7_1787389698946_5c2b,BLR-HYD,EaseMyTrip,AI,AI-2642,2026-08-29,T+7,11098,2436,13534,2026-08-22T09:05:39.989Z,FALSE,"",21:30,FALSE
fare_BLR-HYD_AI_2026-08-29_T+7_1787389698946_nncs,BLR-HYD,EaseMyTrip,AI,AI-2852,2026-08-29,T+7,11259,2472,13731,2026-08-22T09:05:39.989Z,FALSE,"",10:30,FALSE
fare_BLR-HYD_6E_2026-08-29_T+7_1787389698946_s4cg,BLR-HYD,EaseMyTrip,6E,6E-754,2026-08-29,T+7,12594,2764,15358,2026-08-22T09:05:39.989Z,FALSE,"",10:50,FALSE
fare_BLR-HYD_6E_2026-08-29_T+7_1787389698946_tuhu,BLR-HYD,EaseMyTrip,6E,6E-461,2026-08-29,T+7,12594,2764,15358,2026-08-22T09:05:39.989Z,FALSE,"",10:50,FALSE
fare_BLR-HYD_AI_2026-08-29_T+7_1787389698946_dmv1,BLR-HYD,EaseMyTrip,AI,AI-9772,2026-08-29,T+7,14660,3218,17878,2026-08-22T09:05:39.989Z,FALSE,"",05:00,FALSE
fare_BLR-HYD_AI_2026-08-29_T+7_1787389698946_chdu,BLR-HYD,EaseMyTrip,AI,AI-2810,2026-08-29,T+7,14761,3240,18001,2026-08-22T09:05:39.989Z,FALSE,"",06:00,FALSE
fare_BLR-HYD_AI_2026-08-29_T+7_1787389698946_947v,BLR-HYD,EaseMyTrip,AI,AI-2414,2026-08-29,T+7,14761,3240,18001,2026-08-22T09:05:39.989Z,FALSE,"",05:30,FALSE
fare_BLR-HYD_AI_2026-08-29_T+7_1787389698946_hn1j,BLR-HYD,EaseMyTrip,AI,AI-2756,2026-08-29,T+7,14761,3240,18001,2026-08-22T09:05:39.989Z,FALSE,"",02:15,FALSE
fare_BLR-HYD_AI_2026-08-29_T+7_1787389698946_8mx8,BLR-HYD,EaseMyTrip,AI,AI-1869,2026-08-29,T+7,14761,3240,18001,2026-08-22T09:05:39.989Z,FALSE,"",20:25,FALSE
fare_BLR-HYD_AI_2026-08-29_T+7_1787389698946_213l,BLR-HYD,EaseMyTrip,AI,AI-2758,2026-08-29,T+7,15205,3338,18543,2026-08-22T09:05:39.989Z,FALSE,"",00:15,FALSE
fare_BLR-HYD_AI_2026-08-29_T+7_1787389698946_mix6,BLR-HYD,EaseMyTrip,AI,AI-2818,2026-08-29,T+7,15294,3357,18651,2026-08-22T09:05:39.989Z,FALSE,"",20:00,FALSE
fare_BLR-HYD_AI_2026-08-29_T+7_1787389698946_qzq8,BLR-HYD,EaseMyTrip,AI,AI-2486,2026-08-29,T+7,15360,3372,18732,2026-08-22T09:05:39.989Z,FALSE,"",14:00,FALSE
fare_BLR-HYD_AI_2026-08-29_T+7_1787389698946_ts3o,BLR-HYD,EaseMyTrip,AI,AI-428,2026-08-29,T+7,15360,3372,18732,2026-08-22T09:05:39.989Z,FALSE,"",14:55,FALSE
fare_BLR-HYD_AI_2026-08-29_T+7_1787389698946_grsp,BLR-HYD,EaseMyTrip,AI,AI-2418,2026-08-29,T+7,15360,3372,18732,2026-08-22T09:05:39.989Z,FALSE,"",16:30,FALSE
fare_BLR-HYD_6E_2026-08-29_T+7_1787389698946_86l6,BLR-HYD,EaseMyTrip,6E,6E-6702,2026-08-29,T+7,15263,3351,18614,2026-08-22T09:05:39.989Z,FALSE,"",05:20,FALSE
fare_BLR-HYD_AI_2026-08-29_T+7_1787389698946_at44,BLR-HYD,EaseMyTrip,AI,AI-2511,2026-08-29,T+7,15495,3401,18896,2026-08-22T09:05:39.989Z,FALSE,"",15:45,FALSE
fare_BLR-HYD_AI_2026-08-29_T+7_1787389698946_5p9n,BLR-HYD,EaseMyTrip,AI,AI-1868,2026-08-29,T+7,15585,3421,19006,2026-08-22T09:05:39.989Z,FALSE,"",12:25,FALSE
fare_BLR-HYD_AI_2026-08-29_T+7_1787389698946_b6rs,BLR-HYD,EaseMyTrip,AI,AI-2868,2026-08-29,T+7,15629,3431,19060,2026-08-22T09:05:39.989Z,FALSE,"",09:00,FALSE
fare_BLR-HYD_AI_2026-08-29_T+7_1787389698946_xxwi,BLR-HYD,EaseMyTrip,AI,AI-2654,2026-08-29,T+7,15673,3441,19114,2026-08-22T09:05:39.989Z,FALSE,"",07:00,FALSE
fare_BLR-HYD_6E_2026-08-29_T+7_1787389698946_znje,BLR-HYD,EaseMyTrip,6E,6E-7005,2026-08-29,T+7,15585,3421,19006,2026-08-22T09:05:39.989Z,FALSE,"",08:05,FALSE
fare_BLR-HYD_AI_2026-08-29_T+7_1787389698946_y5pe,BLR-HYD,EaseMyTrip,AI,AI-2406,2026-08-29,T+7,16145,3544,19689,2026-08-22T09:05:39.989Z,FALSE,"",11:00,FALSE
fare_BLR-HYD_AI_2026-08-29_T+7_1787389698946_l9km,BLR-HYD,EaseMyTrip,AI,AI-9520,2026-08-29,T+7,16724,3671,20395,2026-08-22T09:05:39.989Z,FALSE,"",13:05,FALSE
fare_BLR-HYD_AI_2026-08-29_T+7_1787389698946_uyxp,BLR-HYD,EaseMyTrip,AI,AI-2854,2026-08-29,T+7,20788,4563,25351,2026-08-22T09:05:39.989Z,TRUE,"High outlier: ₹25351 > upper fence ₹24031 (Q3: ₹13346, IQR: ₹7123)",16:40,FALSE
fare_BOM-BLR_IX_2026-08-29_T+7_1787389698947_re8o,BOM-BLR,EaseMyTrip,IX,IX-2915,2026-08-29,T+7,4345,954,5299,2026-08-22T09:04:53.897Z,FALSE,"",08:25,TRUE
fare_BOM-BLR_6E_2026-08-29_T+7_1787389698947_epb3,BOM-BLR,EaseMyTrip,6E,6E-2085,2026-08-29,T+7,4182,918,5100,2026-08-22T09:04:53.897Z,FALSE,"",07:05,TRUE
fare_BOM-BLR_QP_2026-08-29_T+7_1787389698947_7h0h,BOM-BLR,EaseMyTrip,QP,QP-1516,2026-08-29,T+7,4183,918,5101,2026-08-22T09:04:53.897Z,FALSE,"",00:40,TRUE
fare_BOM-BLR_6E_2026-08-29_T+7_1787389698947_lioy,BOM-BLR,EaseMyTrip,6E,6E-5323,2026-08-29,T+7,4183,918,5101,2026-08-22T09:04:53.897Z,FALSE,"",01:10,TRUE
fare_BOM-BLR_6E_2026-08-29_T+7_1787389698947_6loo,BOM-BLR,EaseMyTrip,6E,6E-5294,2026-08-29,T+7,4183,918,5101,2026-08-22T09:04:53.897Z,FALSE,"",04:30,TRUE
fare_BOM-BLR_AI_2026-08-29_T+7_1787389698947_wofn,BOM-BLR,EaseMyTrip,AI,AI-2812,2026-08-29,T+7,4483,984,5467,2026-08-22T09:04:53.897Z,FALSE,"",02:05,TRUE
fare_BOM-BLR_AI_2026-08-29_T+7_1787389698947_t7l6,BOM-BLR,EaseMyTrip,AI,AI-2845,2026-08-29,T+7,4483,984,5467,2026-08-22T09:04:53.897Z,FALSE,"",05:30,TRUE
fare_BOM-BLR_SG_2026-08-29_T+7_1787389698947_u96q,BOM-BLR,EaseMyTrip,SG,SG-663,2026-08-29,T+7,4739,1040,5779,2026-08-22T09:04:53.897Z,FALSE,"",21:40,TRUE
fare_BOM-BLR_SG_2026-08-29_T+7_1787389698947_zgij,BOM-BLR,EaseMyTrip,SG,SG-357,2026-08-29,T+7,4739,1040,5779,2026-08-22T09:04:53.897Z,FALSE,"",21:40,TRUE
fare_BOM-BLR_SG_2026-08-29_T+7_1787389698947_gmkf,BOM-BLR,EaseMyTrip,SG,SG-792,2026-08-29,T+7,5000,1098,6098,2026-08-22T09:04:53.897Z,FALSE,"",21:30,TRUE
fare_BOM-BLR_SG_2026-08-29_T+7_1787389698947_q8xf,BOM-BLR,EaseMyTrip,SG,SG-657,2026-08-29,T+7,5000,1098,6098,2026-08-22T09:04:53.897Z,FALSE,"",21:30,TRUE
fare_BOM-BLR_6E_2026-08-29_T+7_1787389698947_guvg,BOM-BLR,EaseMyTrip,6E,6E-6361,2026-08-29,T+7,5040,1106,6146,2026-08-22T09:04:53.897Z,FALSE,"",05:00,FALSE
fare_BOM-BLR_6E_2026-08-29_T+7_1787389698947_qpmv,BOM-BLR,EaseMyTrip,6E,6E-5241,2026-08-29,T+7,5040,1106,6146,2026-08-22T09:04:53.897Z,FALSE,"",16:40,FALSE
fare_BOM-BLR_6E_2026-08-29_T+7_1787389698947_74k8,BOM-BLR,EaseMyTrip,6E,6E-5228,2026-08-29,T+7,5147,1130,6277,2026-08-22T09:04:53.897Z,FALSE,"",16:45,FALSE
fare_BOM-BLR_6E_2026-08-29_T+7_1787389698947_qcb7,BOM-BLR,EaseMyTrip,6E,6E-5386,2026-08-29,T+7,5147,1130,6277,2026-08-22T09:04:53.897Z,FALSE,"",15:10,FALSE
fare_BOM-BLR_IX_2026-08-29_T+7_1787389698947_efsw,BOM-BLR,EaseMyTrip,IX,IX-1640,2026-08-29,T+7,5387,1183,6570,2026-08-22T09:04:53.897Z,FALSE,"",20:55,TRUE
fare_BOM-BLR_6E_2026-08-29_T+7_1787389698947_zw6o,BOM-BLR,EaseMyTrip,6E,6E-6802,2026-08-29,T+7,5255,1153,6408,2026-08-22T09:04:53.897Z,FALSE,"",16:55,FALSE
fare_BOM-BLR_6E_2026-08-29_T+7_1787389698947_ksr4,BOM-BLR,EaseMyTrip,6E,6E-866,2026-08-29,T+7,5319,1168,6487,2026-08-22T09:04:53.897Z,FALSE,"",12:30,FALSE
fare_BOM-BLR_6E_2026-08-29_T+7_1787389698947_f937,BOM-BLR,EaseMyTrip,6E,6E-733,2026-08-29,T+7,5319,1168,6487,2026-08-22T09:04:53.897Z,FALSE,"",12:30,FALSE
fare_BOM-BLR_6E_2026-08-29_T+7_1787389698947_cs2d,BOM-BLR,EaseMyTrip,6E,6E-339,2026-08-29,T+7,5319,1168,6487,2026-08-22T09:04:53.897Z,FALSE,"",04:05,FALSE
fare_BOM-BLR_6E_2026-08-29_T+7_1787389698947_qir9,BOM-BLR,EaseMyTrip,6E,6E-781,2026-08-29,T+7,5319,1168,6487,2026-08-22T09:04:53.897Z,FALSE,"",04:05,FALSE
fare_BOM-BLR_6E_2026-08-29_T+7_1787389698947_6w5e,BOM-BLR,EaseMyTrip,6E,6E-5337,2026-08-29,T+7,5319,1168,6487,2026-08-22T09:04:53.897Z,FALSE,"",13:45,FALSE
fare_BOM-BLR_6E_2026-08-29_T+7_1787389698947_nqxo,BOM-BLR,EaseMyTrip,6E,6E-5048,2026-08-29,T+7,5319,1168,6487,2026-08-22T09:04:53.897Z,FALSE,"",17:25,FALSE
fare_BOM-BLR_6E_2026-08-29_T+7_1787389698947_ntbv,BOM-BLR,EaseMyTrip,6E,6E-6349,2026-08-29,T+7,5319,1168,6487,2026-08-22T09:04:53.897Z,FALSE,"",11:40,FALSE
fare_BOM-BLR_6E_2026-08-29_T+7_1787389698947_1ny2,BOM-BLR,EaseMyTrip,6E,6E-6701,2026-08-29,T+7,5319,1168,6487,2026-08-22T09:04:53.897Z,FALSE,"",05:35,FALSE
fare_BOM-BLR_6E_2026-08-29_T+7_1787389698947_8vec,BOM-BLR,EaseMyTrip,6E,6E-5188,2026-08-29,T+7,5319,1168,6487,2026-08-22T09:04:53.897Z,FALSE,"",06:15,FALSE
fare_BOM-BLR_6E_2026-08-29_T+7_1787389698947_ghza,BOM-BLR,EaseMyTrip,6E,6E-574,2026-08-29,T+7,5319,1168,6487,2026-08-22T09:04:53.897Z,FALSE,"",12:30,FALSE
fare_BOM-BLR_6E_2026-08-29_T+7_1787389698947_dfgv,BOM-BLR,EaseMyTrip,6E,6E-742,2026-08-29,T+7,5319,1168,6487,2026-08-22T09:04:53.897Z,FALSE,"",12:30,FALSE
fare_BOM-BLR_6E_2026-08-29_T+7_1787389698947_faqy,BOM-BLR,EaseMyTrip,6E,6E-274,2026-08-29,T+7,5319,1168,6487,2026-08-22T09:04:53.897Z,FALSE,"",04:05,FALSE
fare_BOM-BLR_6E_2026-08-29_T+7_1787389698947_e8k1,BOM-BLR,EaseMyTrip,6E,6E-319,2026-08-29,T+7,5319,1168,6487,2026-08-22T09:04:53.897Z,FALSE,"",04:05,FALSE
fare_BOM-BLR_QP_2026-08-29_T+7_1787389698947_dn3i,BOM-BLR,EaseMyTrip,QP,QP-1518,2026-08-29,T+7,5327,1169,6496,2026-08-22T09:04:53.897Z,FALSE,"",21:45,TRUE
fare_BOM-BLR_6E_2026-08-29_T+7_1787389698947_y6dm,BOM-BLR,EaseMyTrip,6E,6E-5284,2026-08-29,T+7,5350,1174,6524,2026-08-22T09:04:53.897Z,FALSE,"",07:30,FALSE
fare_BOM-BLR_6E_2026-08-29_T+7_1787389698947_zbwl,BOM-BLR,EaseMyTrip,6E,6E-370,2026-08-29,T+7,5350,1174,6524,2026-08-22T09:04:53.897Z,FALSE,"",10:40,FALSE
fare_BOM-BLR_6E_2026-08-29_T+7_1787389698947_ujb5,BOM-BLR,EaseMyTrip,6E,6E-142,2026-08-29,T+7,5350,1174,6524,2026-08-22T09:04:53.897Z,FALSE,"",10:40,FALSE
fare_BOM-BLR_6E_2026-08-29_T+7_1787389698947_5cme,BOM-BLR,EaseMyTrip,6E,6E-6029,2026-08-29,T+7,5387,1183,6570,2026-08-22T09:04:53.897Z,FALSE,"",11:25,TRUE
fare_BOM-BLR_QP_2026-08-29_T+7_1787389698947_y6yx,BOM-BLR,EaseMyTrip,QP,QP-1133,2026-08-29,T+7,5548,1218,6766,2026-08-22T09:04:53.897Z,FALSE,"",19:50,TRUE
fare_BOM-BLR_6E_2026-08-29_T+7_1787389698947_wtcb,BOM-BLR,EaseMyTrip,6E,6E-5318,2026-08-29,T+7,5551,1218,6769,2026-08-22T09:04:53.897Z,FALSE,"",10:15,FALSE
fare_BOM-BLR_AI_2026-08-29_T+7_1787389698947_lp7c,BOM-BLR,EaseMyTrip,AI,AI-2497,2026-08-29,T+7,5831,1280,7111,2026-08-22T09:04:53.897Z,FALSE,"",22:10,TRUE
fare_BOM-BLR_6E_2026-08-29_T+7_1787389698947_wenc,BOM-BLR,EaseMyTrip,6E,6E-6188,2026-08-29,T+7,5669,1245,6914,2026-08-22T09:04:53.897Z,FALSE,"",21:30,TRUE
fare_BOM-BLR_6E_2026-08-29_T+7_1787389698947_o1vk,BOM-BLR,EaseMyTrip,6E,6E-5193,2026-08-29,T+7,5669,1245,6914,2026-08-22T09:04:53.897Z,FALSE,"",08:05,TRUE
fare_BOM-BLR_6E_2026-08-29_T+7_1787389698947_9u9e,BOM-BLR,EaseMyTrip,6E,6E-5296,2026-08-29,T+7,5669,1245,6914,2026-08-22T09:04:53.897Z,FALSE,"",06:30,TRUE
fare_BOM-BLR_6E_2026-08-29_T+7_1787389698947_gis7,BOM-BLR,EaseMyTrip,6E,6E-5388,2026-08-29,T+7,5669,1245,6914,2026-08-22T09:04:53.897Z,FALSE,"",22:20,TRUE
fare_BOM-BLR_6E_2026-08-29_T+7_1787389698947_pi1v,BOM-BLR,EaseMyTrip,6E,6E-5126,2026-08-29,T+7,5723,1256,6979,2026-08-22T09:04:53.897Z,FALSE,"",18:15,FALSE
fare_BOM-BLR_6E_2026-08-29_T+7_1787389698947_qpbe,BOM-BLR,EaseMyTrip,6E,6E-5109,2026-08-29,T+7,5723,1256,6979,2026-08-22T09:04:53.897Z,FALSE,"",09:35,FALSE
fare_BOM-BLR_AI_2026-08-29_T+7_1787389698947_igvk,BOM-BLR,EaseMyTrip,AI,AI-2603,2026-08-29,T+7,5969,1310,7279,2026-08-22T09:04:53.897Z,FALSE,"",06:35,TRUE
fare_BOM-BLR_6E_2026-08-29_T+7_1787389698947_8ow5,BOM-BLR,EaseMyTrip,6E,6E-5047,2026-08-29,T+7,5928,1301,7229,2026-08-22T09:04:53.897Z,FALSE,"",18:30,TRUE
fare_BOM-BLR_6E_2026-08-29_T+7_1787389698947_whm5,BOM-BLR,EaseMyTrip,6E,6E-5382,2026-08-29,T+7,5928,1301,7229,2026-08-22T09:04:53.897Z,FALSE,"",14:30,TRUE
fare_BOM-BLR_6E_2026-08-29_T+7_1787389698947_n4yr,BOM-BLR,EaseMyTrip,6E,6E-5184,2026-08-29,T+7,5928,1301,7229,2026-08-22T09:04:53.897Z,FALSE,"",12:30,TRUE
fare_BOM-BLR_6E_2026-08-29_T+7_1787389698947_6ybo,BOM-BLR,EaseMyTrip,6E,6E-5221,2026-08-29,T+7,5928,1301,7229,2026-08-22T09:04:53.897Z,FALSE,"",17:00,TRUE
fare_BOM-BLR_6E_2026-08-29_T+7_1787389698947_w2tw,BOM-BLR,EaseMyTrip,6E,6E-5092,2026-08-29,T+7,5928,1301,7229,2026-08-22T09:04:53.897Z,FALSE,"",10:00,TRUE
fare_BOM-BLR_6E_2026-08-29_T+7_1787389698947_xrvk,BOM-BLR,EaseMyTrip,6E,6E-6057,2026-08-29,T+7,5996,1316,7312,2026-08-22T09:04:53.897Z,FALSE,"",09:15,FALSE
fare_BOM-BLR_QP_2026-08-29_T+7_1787389698947_l5u6,BOM-BLR,EaseMyTrip,QP,QP-1527,2026-08-29,T+7,6025,1322,7347,2026-08-22T09:04:53.897Z,FALSE,"",07:35,TRUE
fare_BOM-BLR_6E_2026-08-29_T+7_1787389698947_5leb,BOM-BLR,EaseMyTrip,6E,6E-7037,2026-08-29,T+7,6052,1328,7380,2026-08-22T09:04:53.897Z,FALSE,"",11:05,FALSE
fare_BOM-BLR_6E_2026-08-29_T+7_1787389698947_8lmo,BOM-BLR,EaseMyTrip,6E,6E-234,2026-08-29,T+7,6052,1328,7380,2026-08-22T09:04:53.897Z,FALSE,"",17:15,FALSE
fare_BOM-BLR_6E_2026-08-29_T+7_1787389698947_m9p3,BOM-BLR,EaseMyTrip,6E,6E-807,2026-08-29,T+7,6052,1328,7380,2026-08-22T09:04:53.897Z,FALSE,"",17:15,FALSE
fare_BOM-BLR_AI_2026-08-29_T+7_1787389698947_z369,BOM-BLR,EaseMyTrip,AI,AI-2401,2026-08-29,T+7,6227,1367,7594,2026-08-22T09:04:53.897Z,FALSE,"",20:45,TRUE
fare_BOM-BLR_AI_2026-08-29_T+7_1787389698947_repn,BOM-BLR,EaseMyTrip,AI,AI-2632,2026-08-29,T+7,6227,1367,7594,2026-08-22T09:04:53.897Z,FALSE,"",12:00,TRUE
fare_BOM-BLR_6E_2026-08-29_T+7_1787389698947_khfo,BOM-BLR,EaseMyTrip,6E,6E-5107,2026-08-29,T+7,6168,1354,7522,2026-08-22T09:04:53.897Z,FALSE,"",20:00,FALSE
fare_BOM-BLR_6E_2026-08-29_T+7_1787389698947_f8ax,BOM-BLR,EaseMyTrip,6E,6E-2284,2026-08-29,T+7,6168,1354,7522,2026-08-22T09:04:53.897Z,FALSE,"",12:05,FALSE
fare_BOM-BLR_6E_2026-08-29_T+7_1787389698947_w42b,BOM-BLR,EaseMyTrip,6E,6E-2237,2026-08-29,T+7,6168,1354,7522,2026-08-22T09:04:53.897Z,FALSE,"",18:40,FALSE
fare_BOM-BLR_AI_2026-08-29_T+7_1787389698947_ts0l,BOM-BLR,EaseMyTrip,AI,AI-2853,2026-08-29,T+7,6335,1390,7725,2026-08-22T09:04:53.897Z,FALSE,"",15:25,TRUE
fare_BOM-BLR_6E_2026-08-29_T+7_1787389698947_htcc,BOM-BLR,EaseMyTrip,6E,6E-5071,2026-08-29,T+7,6186,1358,7544,2026-08-22T09:04:53.897Z,FALSE,"",15:35,TRUE
fare_BOM-BLR_6E_2026-08-29_T+7_1787389698947_o352,BOM-BLR,EaseMyTrip,6E,6E-5217,2026-08-29,T+7,6186,1358,7544,2026-08-22T09:04:53.897Z,FALSE,"",11:00,TRUE
fare_BOM-BLR_AI_2026-08-29_T+7_1787389698947_j165,BOM-BLR,EaseMyTrip,AI,AI-2641,2026-08-29,T+7,6442,1414,7856,2026-08-22T09:04:53.897Z,FALSE,"",18:30,TRUE
fare_BOM-BLR_QP_2026-08-29_T+7_1787389698947_o4hm,BOM-BLR,EaseMyTrip,QP,QP-1382,2026-08-29,T+7,6280,1379,7659,2026-08-22T09:04:53.897Z,FALSE,"",18:25,TRUE
fare_BOM-BLR_6E_2026-08-29_T+7_1787389698947_6tid,BOM-BLR,EaseMyTrip,6E,6E-875,2026-08-29,T+7,6377,1400,7777,2026-08-22T09:04:53.897Z,FALSE,"",13:55,FALSE
fare_BOM-BLR_6E_2026-08-29_T+7_1787389698947_k6gm,BOM-BLR,EaseMyTrip,6E,6E-179,2026-08-29,T+7,6377,1400,7777,2026-08-22T09:04:53.897Z,FALSE,"",13:55,FALSE
fare_BOM-BLR_6E_2026-08-29_T+7_1787389698947_maff,BOM-BLR,EaseMyTrip,6E,6E-7015,2026-08-29,T+7,6518,1431,7949,2026-08-22T09:04:53.897Z,FALSE,"",10:20,FALSE
fare_BOM-BLR_AI_2026-08-29_T+7_1787389698947_wpa9,BOM-BLR,EaseMyTrip,AI,AI-2863,2026-08-29,T+7,6711,1473,8184,2026-08-22T09:04:53.897Z,FALSE,"",10:00,TRUE
fare_BOM-BLR_AI_2026-08-29_T+7_1787389698947_wfpp,BOM-BLR,EaseMyTrip,AI,AI-2851,2026-08-29,T+7,6711,1473,8184,2026-08-22T09:04:53.897Z,FALSE,"",07:55,TRUE
fare_BOM-BLR_IX_2026-08-29_T+7_1787389698947_kzde,BOM-BLR,EaseMyTrip,IX,IX-1797,2026-08-29,T+7,7113,1561,8674,2026-08-22T09:04:53.897Z,FALSE,"",05:05,FALSE
fare_BOM-BLR_IX_2026-08-29_T+7_1787389698947_4hv5,BOM-BLR,EaseMyTrip,IX,IX-1801,2026-08-29,T+7,7113,1561,8674,2026-08-22T09:04:53.897Z,FALSE,"",21:10,FALSE
fare_BOM-BLR_AI_2026-08-29_T+7_1787389698947_d69q,BOM-BLR,EaseMyTrip,AI,AI-2849,2026-08-29,T+7,7428,1630,9058,2026-08-22T09:04:53.897Z,FALSE,"",17:30,TRUE
fare_BOM-BLR_IX_2026-08-29_T+7_1787389698947_4n8o,BOM-BLR,EaseMyTrip,IX,IX-2367,2026-08-29,T+7,7904,1735,9639,2026-08-22T09:04:53.897Z,FALSE,"",07:20,FALSE
fare_BOM-BLR_AI_2026-08-29_T+7_1787389698947_xkal,BOM-BLR,EaseMyTrip,AI,AI-603,2026-08-29,T+7,7918,1738,9656,2026-08-22T09:04:53.897Z,FALSE,"",04:55,FALSE
fare_BOM-BLR_AI_2026-08-29_T+7_1787389698947_so6y,BOM-BLR,EaseMyTrip,AI,AI-598,2026-08-29,T+7,8449,1855,10304,2026-08-22T09:04:53.897Z,FALSE,"",15:35,FALSE
fare_BOM-BLR_6E_2026-08-29_T+7_1787389698947_ynch,BOM-BLR,EaseMyTrip,6E,6E-612,2026-08-29,T+7,8435,1851,10286,2026-08-22T09:04:53.897Z,FALSE,"",04:00,FALSE
fare_BOM-BLR_6E_2026-08-29_T+7_1787389698947_gkp8,BOM-BLR,EaseMyTrip,6E,6E-525,2026-08-29,T+7,8435,1851,10286,2026-08-22T09:04:53.897Z,FALSE,"",04:00,FALSE
fare_BOM-BLR_AI_2026-08-29_T+7_1787389698947_12rs,BOM-BLR,EaseMyTrip,AI,AI-2625,2026-08-29,T+7,8636,1896,10532,2026-08-22T09:04:53.897Z,FALSE,"",06:00,FALSE
fare_BOM-BLR_AI_2026-08-29_T+7_1787389698947_q7jv,BOM-BLR,EaseMyTrip,AI,AI-639,2026-08-29,T+7,8755,1922,10677,2026-08-22T09:04:53.897Z,FALSE,"",22:55,FALSE
fare_BOM-BLR_AI_2026-08-29_T+7_1787389698947_zkmk,BOM-BLR,EaseMyTrip,AI,AI-2718,2026-08-29,T+7,9094,1996,11090,2026-08-22T09:04:53.897Z,FALSE,"",05:55,FALSE
fare_BOM-BLR_AI_2026-08-29_T+7_1787389698947_fri0,BOM-BLR,EaseMyTrip,AI,AI-2821,2026-08-29,T+7,9094,1996,11090,2026-08-22T09:04:53.897Z,FALSE,"",06:40,FALSE
fare_BOM-BLR_6E_2026-08-29_T+7_1787389698947_s3vd,BOM-BLR,EaseMyTrip,6E,6E-5313,2026-08-29,T+7,9148,2008,11156,2026-08-22T09:04:53.897Z,FALSE,"",09:50,FALSE
fare_BOM-BLR_IX_2026-08-29_T+7_1787389698947_svdy,BOM-BLR,EaseMyTrip,IX,IX-1238,2026-08-29,T+7,9597,2107,11704,2026-08-22T09:04:53.897Z,FALSE,"",12:25,FALSE
fare_BOM-BLR_AI_2026-08-29_T+7_1787389698947_aap1,BOM-BLR,EaseMyTrip,AI,AI-417,2026-08-29,T+7,9567,2100,11667,2026-08-22T09:04:53.897Z,FALSE,"",08:55,FALSE
fare_BOM-BLR_6E_2026-08-29_T+7_1787389698947_t2os,BOM-BLR,EaseMyTrip,6E,6E-6362,2026-08-29,T+7,9564,2100,11664,2026-08-22T09:04:53.897Z,FALSE,"",05:45,FALSE
fare_BOM-BLR_6E_2026-08-29_T+7_1787389698947_0mwb,BOM-BLR,EaseMyTrip,6E,6E-283,2026-08-29,T+7,9652,2119,11771,2026-08-22T09:04:53.897Z,FALSE,"",11:20,FALSE
fare_BOM-BLR_6E_2026-08-29_T+7_1787389698947_m7od,BOM-BLR,EaseMyTrip,6E,6E-645,2026-08-29,T+7,9652,2119,11771,2026-08-22T09:04:53.897Z,FALSE,"",11:20,FALSE
fare_BOM-BLR_AI_2026-08-29_T+7_1787389698947_k2pb,BOM-BLR,EaseMyTrip,AI,AI-2780,2026-08-29,T+7,9852,2163,12015,2026-08-22T09:04:53.897Z,FALSE,"",12:45,FALSE
fare_BOM-BLR_6E_2026-08-29_T+7_1787389698947_9oh8,BOM-BLR,EaseMyTrip,6E,6E-5178,2026-08-29,T+7,9775,2146,11921,2026-08-22T09:04:53.897Z,FALSE,"",11:40,FALSE
fare_BOM-BLR_AI_2026-08-29_T+7_1787389698947_x0a0,BOM-BLR,EaseMyTrip,AI,AI-2841,2026-08-29,T+7,9997,2195,12192,2026-08-22T09:04:53.897Z,FALSE,"",11:20,FALSE
fare_BOM-BLR_6E_2026-08-29_T+7_1787389698947_wicd,BOM-BLR,EaseMyTrip,6E,6E-5196,2026-08-29,T+7,9933,2180,12113,2026-08-22T09:04:53.897Z,FALSE,"",15:25,FALSE
fare_BOM-BLR_AI_2026-08-29_T+7_1787389698947_eux9,BOM-BLR,EaseMyTrip,AI,AI-2531,2026-08-29,T+7,10236,2247,12483,2026-08-22T09:04:53.897Z,FALSE,"",15:05,FALSE
fare_BOM-BLR_AI_2026-08-29_T+7_1787389698947_2y4y,BOM-BLR,EaseMyTrip,AI,AI-435,2026-08-29,T+7,11185,2455,13640,2026-08-22T09:04:53.897Z,FALSE,"",18:10,FALSE
fare_BOM-BLR_AI_2026-08-29_T+7_1787389698947_6i02,BOM-BLR,EaseMyTrip,AI,AI-431,2026-08-29,T+7,11395,2501,13896,2026-08-22T09:04:53.897Z,FALSE,"",12:10,FALSE
fare_BOM-BLR_AI_2026-08-29_T+7_1787389698947_cy2m,BOM-BLR,EaseMyTrip,AI,AI-2787,2026-08-29,T+7,11613,2549,14162,2026-08-22T09:04:53.897Z,FALSE,"",06:35,FALSE
fare_BOM-BLR_6E_2026-08-29_T+7_1787389698947_5l8g,BOM-BLR,EaseMyTrip,6E,6E-5181,2026-08-29,T+7,11851,2601,14452,2026-08-22T09:04:53.897Z,FALSE,"",10:25,FALSE
fare_BOM-BLR_IX_2026-08-29_T+7_1787389698947_qfbs,BOM-BLR,EaseMyTrip,IX,IX-1870,2026-08-29,T+7,12366,2715,15081,2026-08-22T09:04:53.897Z,FALSE,"",15:30,FALSE
fare_BOM-BLR_AI_2026-08-29_T+7_1787389698947_t1a9,BOM-BLR,EaseMyTrip,AI,AI-2452,2026-08-29,T+7,13403,2942,16345,2026-08-22T09:04:53.897Z,FALSE,"",03:05,FALSE
fare_BOM-BLR_AI_2026-08-29_T+7_1787389698947_0dp1,BOM-BLR,EaseMyTrip,AI,AI-2928,2026-08-29,T+7,13801,3029,16830,2026-08-22T09:04:53.897Z,FALSE,"",06:30,FALSE
fare_BOM-BLR_AI_2026-08-29_T+7_1787389698947_dsa0,BOM-BLR,EaseMyTrip,AI,AI-2847,2026-08-29,T+7,14597,3204,17801,2026-08-22T09:04:53.897Z,FALSE,"",10:20,FALSE
fare_BOM-BLR_AI_2026-08-29_T+7_1787389698947_6nq6,BOM-BLR,EaseMyTrip,AI,AI-2771,2026-08-29,T+7,14942,3280,18222,2026-08-22T09:04:53.897Z,FALSE,"",06:55,FALSE
fare_BOM-BLR_AI_2026-08-29_T+7_1787389698947_m0nf,BOM-BLR,EaseMyTrip,AI,AI-816,2026-08-29,T+7,15233,3344,18577,2026-08-22T09:04:53.897Z,FALSE,"",21:00,FALSE
fare_BOM-BLR_AI_2026-08-29_T+7_1787389698947_xspk,BOM-BLR,EaseMyTrip,AI,AI-2988,2026-08-29,T+7,15233,3344,18577,2026-08-22T09:04:53.897Z,FALSE,"",20:30,FALSE
fare_BOM-BLR_AI_2026-08-29_T+7_1787389698947_dnay,BOM-BLR,EaseMyTrip,AI,AI-2491,2026-08-29,T+7,15251,3348,18599,2026-08-22T09:04:53.897Z,FALSE,"",11:15,FALSE
fare_BOM-BLR_AI_2026-08-29_T+7_1787389698947_ck6a,BOM-BLR,EaseMyTrip,AI,AI-2970,2026-08-29,T+7,15359,3371,18730,2026-08-22T09:04:53.897Z,FALSE,"",08:30,FALSE
fare_BOM-BLR_AI_2026-08-29_T+7_1787389698947_urwp,BOM-BLR,EaseMyTrip,AI,AI-1890,2026-08-29,T+7,15444,3390,18834,2026-08-22T09:04:53.897Z,FALSE,"",09:00,FALSE
fare_BOM-BLR_AI_2026-08-29_T+7_1787389698947_2esk,BOM-BLR,EaseMyTrip,AI,AI-2428,2026-08-29,T+7,15489,3400,18889,2026-08-22T09:04:53.897Z,FALSE,"",08:00,FALSE
fare_BOM-BLR_AI_2026-08-29_T+7_1787389698947_jdmi,BOM-BLR,EaseMyTrip,AI,AI-2505,2026-08-29,T+7,15856,3480,19336,2026-08-22T09:04:53.897Z,FALSE,"",19:25,FALSE
fare_BOM-BLR_IX_2026-08-29_T+7_1787389698947_l4v6,BOM-BLR,EaseMyTrip,IX,IX-1283,2026-08-29,T+7,16250,3567,19817,2026-08-22T09:04:53.897Z,TRUE,"High outlier: ₹19817 > upper fence ₹19607 (Q3: ₹11738, IQR: ₹5246)",06:05,FALSE
fare_BOM-BLR_AI_2026-08-29_T+7_1787389698947_1xx3,BOM-BLR,EaseMyTrip,AI,AI-2442,2026-08-29,T+7,16303,3579,19882,2026-08-22T09:04:53.897Z,TRUE,"High outlier: ₹19882 > upper fence ₹19607 (Q3: ₹11738, IQR: ₹5246)",15:00,FALSE
fare_BOM-BLR_AI_2026-08-29_T+7_1787389698947_3x66,BOM-BLR,EaseMyTrip,AI,AI-1851,2026-08-29,T+7,16303,3579,19882,2026-08-22T09:04:53.897Z,TRUE,"High outlier: ₹19882 > upper fence ₹19607 (Q3: ₹11738, IQR: ₹5246)",15:30,FALSE
fare_BOM-BLR_6E_2026-08-29_T+7_1787389698947_u0jk,BOM-BLR,EaseMyTrip,6E,6E-2016,2026-08-29,T+7,16229,3563,19792,2026-08-22T09:04:53.897Z,TRUE,"High outlier: ₹19792 > upper fence ₹19607 (Q3: ₹11738, IQR: ₹5246)",13:35,FALSE
fare_BOM-BLR_AI_2026-08-29_T+7_1787389698947_fxko,BOM-BLR,EaseMyTrip,AI,AI-2952,2026-08-29,T+7,16490,3620,20110,2026-08-22T09:04:53.897Z,TRUE,"High outlier: ₹20110 > upper fence ₹19607 (Q3: ₹11738, IQR: ₹5246)",11:25,FALSE
fare_BOM-BLR_AI_2026-08-29_T+7_1787389698947_6ol7,BOM-BLR,EaseMyTrip,AI,AI-2663,2026-08-29,T+7,17036,3739,20775,2026-08-22T09:04:53.897Z,TRUE,"High outlier: ₹20775 > upper fence ₹19607 (Q3: ₹11738, IQR: ₹5246)",10:25,FALSE
fare_BOM-DEL_SG_2026-08-23_T+1_1787389698947_4n7v,BOM-DEL,EaseMyTrip,SG,SG-213,2026-08-23,T+1,5188,1139,6327,2026-08-22T08:49:29.790Z,FALSE,"",01:50,TRUE
fare_BOM-DEL_SG_2026-08-23_T+1_1787389698947_bdxp,BOM-DEL,EaseMyTrip,SG,SG-291,2026-08-23,T+1,5188,1139,6327,2026-08-22T08:49:29.790Z,FALSE,"",01:50,TRUE
fare_BOM-DEL_SG_2026-08-23_T+1_1787389698947_8ujb,BOM-DEL,EaseMyTrip,SG,SG-368,2026-08-23,T+1,5188,1139,6327,2026-08-22T08:49:29.790Z,FALSE,"",23:55,TRUE
fare_BOM-DEL_SG_2026-08-23_T+1_1787389698947_n5mb,BOM-DEL,EaseMyTrip,SG,SG-315,2026-08-23,T+1,5188,1139,6327,2026-08-22T08:49:29.790Z,FALSE,"",23:55,TRUE
fare_BOM-DEL_SG_2026-08-23_T+1_1787389698947_z36g,BOM-DEL,EaseMyTrip,SG,SG-9809,2026-08-23,T+1,5275,1158,6433,2026-08-22T08:49:29.790Z,FALSE,"",01:15,TRUE
fare_BOM-DEL_IX_2026-08-23_T+1_1787389698947_yw0q,BOM-DEL,EaseMyTrip,IX,IX-1389,2026-08-23,T+1,5380,1181,6561,2026-08-22T08:49:29.790Z,FALSE,"",22:20,TRUE
fare_BOM-DEL_IX_2026-08-23_T+1_1787389698947_dcnq,BOM-DEL,EaseMyTrip,IX,IX-2153,2026-08-23,T+1,5380,1181,6561,2026-08-22T08:49:29.790Z,FALSE,"",21:15,TRUE
fare_BOM-DEL_6E_2026-08-23_T+1_1787389698947_m8lq,BOM-DEL,EaseMyTrip,6E,6E-2090,2026-08-23,T+1,5380,1181,6561,2026-08-22T08:49:29.790Z,FALSE,"",06:25,TRUE
fare_BOM-DEL_QP_2026-08-23_T+1_1787389698947_w120,BOM-DEL,EaseMyTrip,QP,QP-1111,2026-08-23,T+1,5381,1181,6562,2026-08-22T08:49:29.790Z,FALSE,"",05:25,TRUE
fare_BOM-DEL_QP_2026-08-23_T+1_1787389698947_ep42,BOM-DEL,EaseMyTrip,QP,QP-1127,2026-08-23,T+1,5381,1181,6562,2026-08-22T08:49:29.790Z,FALSE,"",12:55,TRUE
fare_BOM-DEL_QP_2026-08-23_T+1_1787389698947_paqs,BOM-DEL,EaseMyTrip,QP,QP-1835,2026-08-23,T+1,5381,1181,6562,2026-08-22T08:49:29.790Z,FALSE,"",11:50,TRUE
fare_BOM-DEL_QP_2026-08-23_T+1_1787389698947_bb0p,BOM-DEL,EaseMyTrip,QP,QP-1819,2026-08-23,T+1,5381,1181,6562,2026-08-22T08:49:29.790Z,FALSE,"",14:30,TRUE
fare_BOM-DEL_6E_2026-08-23_T+1_1787389698947_jolb,BOM-DEL,EaseMyTrip,6E,6E-139,2026-08-23,T+1,5381,1181,6562,2026-08-22T08:49:29.790Z,FALSE,"",08:00,TRUE
fare_BOM-DEL_6E_2026-08-23_T+1_1787389698947_wt41,BOM-DEL,EaseMyTrip,6E,6E-767,2026-08-23,T+1,5381,1181,6562,2026-08-22T08:49:29.790Z,FALSE,"",08:00,TRUE
fare_BOM-DEL_6E_2026-08-23_T+1_1787389698947_uas2,BOM-DEL,EaseMyTrip,6E,6E-6827,2026-08-23,T+1,5381,1181,6562,2026-08-22T08:49:29.790Z,FALSE,"",11:30,TRUE
fare_BOM-DEL_6E_2026-08-23_T+1_1787389698947_q7qj,BOM-DEL,EaseMyTrip,6E,6E-6028,2026-08-23,T+1,5381,1181,6562,2026-08-22T08:49:29.790Z,FALSE,"",12:15,TRUE
fare_BOM-DEL_6E_2026-08-23_T+1_1787389698947_g4o1,BOM-DEL,EaseMyTrip,6E,6E-114,2026-08-23,T+1,5381,1181,6562,2026-08-22T08:49:29.790Z,FALSE,"",13:00,TRUE
fare_BOM-DEL_6E_2026-08-23_T+1_1787389698947_f2jq,BOM-DEL,EaseMyTrip,6E,6E-726,2026-08-23,T+1,5381,1181,6562,2026-08-22T08:49:29.790Z,FALSE,"",13:00,TRUE
fare_BOM-DEL_QP_2026-08-23_T+1_1787389698947_mmo5,BOM-DEL,EaseMyTrip,QP,QP-1941,2026-08-23,T+1,5423,1191,6614,2026-08-22T08:49:29.790Z,FALSE,"",18:05,TRUE
fare_BOM-DEL_QP_2026-08-23_T+1_1787389698947_jffk,BOM-DEL,EaseMyTrip,QP,QP-1939,2026-08-23,T+1,5423,1191,6614,2026-08-22T08:49:29.790Z,FALSE,"",10:10,TRUE
fare_BOM-DEL_6E_2026-08-23_T+1_1787389698947_yrbx,BOM-DEL,EaseMyTrip,6E,6E-5197,2026-08-23,T+1,5423,1191,6614,2026-08-22T08:49:29.790Z,FALSE,"",06:40,TRUE
fare_BOM-DEL_6E_2026-08-23_T+1_1787389698947_7xfy,BOM-DEL,EaseMyTrip,6E,6E-364,2026-08-23,T+1,5510,1210,6720,2026-08-22T08:49:29.790Z,FALSE,"",06:00,TRUE
fare_BOM-DEL_6E_2026-08-23_T+1_1787389698947_pyat,BOM-DEL,EaseMyTrip,6E,6E-165,2026-08-23,T+1,5510,1210,6720,2026-08-22T08:49:29.790Z,FALSE,"",06:00,TRUE
fare_BOM-DEL_6E_2026-08-23_T+1_1787389698947_pb5b,BOM-DEL,EaseMyTrip,6E,6E-732,2026-08-23,T+1,5510,1210,6720,2026-08-22T08:49:29.790Z,FALSE,"",23:45,TRUE
fare_BOM-DEL_6E_2026-08-23_T+1_1787389698947_2jv1,BOM-DEL,EaseMyTrip,6E,6E-931,2026-08-23,T+1,5510,1210,6720,2026-08-22T08:49:29.790Z,FALSE,"",23:45,TRUE
fare_BOM-DEL_6E_2026-08-23_T+1_1787389698947_rm99,BOM-DEL,EaseMyTrip,6E,6E-175,2026-08-23,T+1,5510,1210,6720,2026-08-22T08:49:29.790Z,FALSE,"",22:15,TRUE
fare_BOM-DEL_6E_2026-08-23_T+1_1787389698947_p4xu,BOM-DEL,EaseMyTrip,6E,6E-204,2026-08-23,T+1,5510,1210,6720,2026-08-22T08:49:29.790Z,FALSE,"",22:15,TRUE
fare_BOM-DEL_6E_2026-08-23_T+1_1787389698947_0fl1,BOM-DEL,EaseMyTrip,6E,6E-410,2026-08-23,T+1,5510,1210,6720,2026-08-22T08:49:29.790Z,FALSE,"",17:20,TRUE
fare_BOM-DEL_6E_2026-08-23_T+1_1787389698947_vaz5,BOM-DEL,EaseMyTrip,6E,6E-338,2026-08-23,T+1,5510,1210,6720,2026-08-22T08:49:29.790Z,FALSE,"",17:20,TRUE
fare_BOM-DEL_6E_2026-08-23_T+1_1787389698947_pacx,BOM-DEL,EaseMyTrip,6E,6E-6082,2026-08-23,T+1,5510,1210,6720,2026-08-22T08:49:29.790Z,FALSE,"",16:45,TRUE
fare_BOM-DEL_6E_2026-08-23_T+1_1787389698947_cg7h,BOM-DEL,EaseMyTrip,6E,6E-505,2026-08-23,T+1,5510,1210,6720,2026-08-22T08:49:29.790Z,FALSE,"",16:00,TRUE
fare_BOM-DEL_6E_2026-08-23_T+1_1787389698947_ljix,BOM-DEL,EaseMyTrip,6E,6E-968,2026-08-23,T+1,5510,1210,6720,2026-08-22T08:49:29.790Z,FALSE,"",16:00,TRUE
fare_BOM-DEL_6E_2026-08-23_T+1_1787389698947_ysvt,BOM-DEL,EaseMyTrip,6E,6E-6704,2026-08-23,T+1,5510,1210,6720,2026-08-22T08:49:29.790Z,FALSE,"",14:00,TRUE
fare_BOM-DEL_6E_2026-08-23_T+1_1787389698947_4ymq,BOM-DEL,EaseMyTrip,6E,6E-392,2026-08-23,T+1,5510,1210,6720,2026-08-22T08:49:29.790Z,FALSE,"",09:00,TRUE
fare_BOM-DEL_6E_2026-08-23_T+1_1787389698947_julb,BOM-DEL,EaseMyTrip,6E,6E-255,2026-08-23,T+1,5510,1210,6720,2026-08-22T08:49:29.790Z,FALSE,"",09:00,TRUE
fare_BOM-DEL_6E_2026-08-23_T+1_1787389698947_x9c5,BOM-DEL,EaseMyTrip,6E,6E-707,2026-08-23,T+1,5510,1210,6720,2026-08-22T08:49:29.790Z,FALSE,"",10:35,TRUE
fare_BOM-DEL_6E_2026-08-23_T+1_1787389698947_4707,BOM-DEL,EaseMyTrip,6E,6E-890,2026-08-23,T+1,5510,1210,6720,2026-08-22T08:49:29.790Z,FALSE,"",10:35,TRUE
fare_BOM-DEL_6E_2026-08-23_T+1_1787389698947_ewfv,BOM-DEL,EaseMyTrip,6E,6E-6052,2026-08-23,T+1,5510,1210,6720,2026-08-22T08:49:29.790Z,FALSE,"",10:00,TRUE
fare_BOM-DEL_QP_2026-08-23_T+1_1787389698947_810g,BOM-DEL,EaseMyTrip,QP,QP-1109,2026-08-23,T+1,5578,1224,6802,2026-08-22T08:49:29.790Z,FALSE,"",07:00,TRUE
fare_BOM-DEL_QP_2026-08-23_T+1_1787389698947_s9m3,BOM-DEL,EaseMyTrip,QP,QP-1825,2026-08-23,T+1,5578,1224,6802,2026-08-22T08:49:29.790Z,FALSE,"",16:50,TRUE
fare_BOM-DEL_AI_2026-08-23_T+1_1787389698947_fi73,BOM-DEL,EaseMyTrip,AI,AI-2928,2026-08-23,T+1,5766,1266,7032,2026-08-22T08:49:29.790Z,FALSE,"",06:30,TRUE
fare_BOM-DEL_AI_2026-08-23_T+1_1787389698947_uite,BOM-DEL,EaseMyTrip,AI,AI-2424,2026-08-23,T+1,5766,1266,7032,2026-08-22T08:49:29.790Z,FALSE,"",07:00,TRUE
fare_BOM-DEL_AI_2026-08-23_T+1_1787389698947_upus,BOM-DEL,EaseMyTrip,AI,AI-2930,2026-08-23,T+1,5766,1266,7032,2026-08-22T08:49:29.790Z,FALSE,"",07:30,TRUE
fare_BOM-DEL_AI_2026-08-23_T+1_1787389698947_ug3n,BOM-DEL,EaseMyTrip,AI,AI-816,2026-08-23,T+1,5766,1266,7032,2026-08-22T08:49:29.790Z,FALSE,"",21:00,TRUE
fare_BOM-DEL_AI_2026-08-23_T+1_1787389698947_l5dp,BOM-DEL,EaseMyTrip,AI,AI-2970,2026-08-23,T+1,5766,1266,7032,2026-08-22T08:49:29.790Z,FALSE,"",08:30,TRUE
fare_BOM-DEL_AI_2026-08-23_T+1_1787389698947_hnwn,BOM-DEL,EaseMyTrip,AI,AI-2422,2026-08-23,T+1,5766,1266,7032,2026-08-22T08:49:29.790Z,FALSE,"",22:00,TRUE
fare_BOM-DEL_AI_2026-08-23_T+1_1787389698947_zfjt,BOM-DEL,EaseMyTrip,AI,AI-2614,2026-08-23,T+1,5766,1266,7032,2026-08-22T08:49:29.790Z,FALSE,"",23:30,TRUE
fare_BOM-DEL_AI_2026-08-23_T+1_1787389698947_c6kc,BOM-DEL,EaseMyTrip,AI,AI-2952,2026-08-23,T+1,5766,1266,7032,2026-08-22T08:49:29.790Z,FALSE,"",11:25,TRUE
fare_BOM-DEL_AI_2026-08-23_T+1_1787389698947_jd94,BOM-DEL,EaseMyTrip,AI,AI-2986,2026-08-23,T+1,5766,1266,7032,2026-08-22T08:49:29.790Z,FALSE,"",22:50,TRUE
fare_BOM-DEL_IX_2026-08-23_T+1_1787389698947_wwxo,BOM-DEL,EaseMyTrip,IX,IX-2952,2026-08-23,T+1,5897,1294,7191,2026-08-22T08:49:29.790Z,FALSE,"",09:05,TRUE
fare_BOM-DEL_QP_2026-08-23_T+1_1787389698947_absx,BOM-DEL,EaseMyTrip,QP,QP-1834,2026-08-23,T+1,5679,1246,6925,2026-08-22T08:49:29.790Z,FALSE,"",10:00,TRUE
fare_BOM-DEL_QP_2026-08-23_T+1_1787389698947_n6m0,BOM-DEL,EaseMyTrip,QP,QP-1120,2026-08-23,T+1,5679,1246,6925,2026-08-22T08:49:29.790Z,FALSE,"",18:45,TRUE
fare_BOM-DEL_6E_2026-08-23_T+1_1787389698947_li3t,BOM-DEL,EaseMyTrip,6E,6E-759,2026-08-23,T+1,5683,1247,6930,2026-08-22T08:49:29.790Z,FALSE,"",20:20,TRUE
fare_BOM-DEL_6E_2026-08-23_T+1_1787389698947_b725,BOM-DEL,EaseMyTrip,6E,6E-296,2026-08-23,T+1,5683,1247,6930,2026-08-22T08:49:29.790Z,FALSE,"",20:20,TRUE
fare_BOM-DEL_6E_2026-08-23_T+1_1787389698947_3ud8,BOM-DEL,EaseMyTrip,6E,6E-6049,2026-08-23,T+1,5683,1247,6930,2026-08-22T08:49:29.790Z,FALSE,"",19:45,TRUE
fare_BOM-DEL_6E_2026-08-23_T+1_1787389698947_6rwz,BOM-DEL,EaseMyTrip,6E,6E-256,2026-08-23,T+1,5683,1247,6930,2026-08-22T08:49:29.790Z,FALSE,"",19:00,TRUE
fare_BOM-DEL_6E_2026-08-23_T+1_1787389698947_czya,BOM-DEL,EaseMyTrip,6E,6E-249,2026-08-23,T+1,5683,1247,6930,2026-08-22T08:49:29.790Z,FALSE,"",19:00,TRUE
fare_BOM-DEL_6E_2026-08-23_T+1_1787389698947_2g56,BOM-DEL,EaseMyTrip,6E,6E-6613,2026-08-23,T+1,5683,1247,6930,2026-08-22T08:49:29.790Z,FALSE,"",18:15,TRUE
fare_BOM-DEL_6E_2026-08-23_T+1_1787389698947_rx9z,BOM-DEL,EaseMyTrip,6E,6E-309,2026-08-23,T+1,5683,1247,6930,2026-08-22T08:49:29.790Z,FALSE,"",21:15,TRUE
fare_BOM-DEL_6E_2026-08-23_T+1_1787389698947_88ei,BOM-DEL,EaseMyTrip,6E,6E-413,2026-08-23,T+1,5683,1247,6930,2026-08-22T08:49:29.790Z,FALSE,"",21:15,TRUE
fare_BOM-DEL_6E_2026-08-23_T+1_1787389698947_2s19,BOM-DEL,EaseMyTrip,6E,6E-388,2026-08-23,T+1,5683,1247,6930,2026-08-22T08:49:29.790Z,FALSE,"",15:00,TRUE
fare_BOM-DEL_AI_2026-08-23_T+1_1787389698947_lw0g,BOM-DEL,EaseMyTrip,AI,AI-2748,2026-08-23,T+1,5897,1294,7191,2026-08-22T08:49:29.790Z,FALSE,"",21:30,TRUE
fare_BOM-DEL_AI_2026-08-23_T+1_1787389698947_e035,BOM-DEL,EaseMyTrip,AI,AI-2428,2026-08-23,T+1,5897,1294,7191,2026-08-22T08:49:29.790Z,FALSE,"",08:00,TRUE
fare_BOM-DEL_AI_2026-08-23_T+1_1787389698947_9jc8,BOM-DEL,EaseMyTrip,AI,AI-1890,2026-08-23,T+1,5897,1294,7191,2026-08-22T08:49:29.790Z,FALSE,"",09:00,TRUE
fare_BOM-DEL_AI_2026-08-23_T+1_1787389698947_3m0v,BOM-DEL,EaseMyTrip,AI,AI-2910,2026-08-23,T+1,5897,1294,7191,2026-08-22T08:49:29.790Z,FALSE,"",17:30,TRUE
fare_BOM-DEL_AI_2026-08-23_T+1_1787389698947_zx2g,BOM-DEL,EaseMyTrip,AI,AI-1882,2026-08-23,T+1,5897,1294,7191,2026-08-22T08:49:29.790Z,FALSE,"",23:55,TRUE
fare_BOM-DEL_AI_2026-08-23_T+1_1787389698947_38b1,BOM-DEL,EaseMyTrip,AI,AI-1851,2026-08-23,T+1,5897,1294,7191,2026-08-22T08:49:29.790Z,FALSE,"",15:30,TRUE
fare_BOM-DEL_AI_2026-08-23_T+1_1787389698947_ug31,BOM-DEL,EaseMyTrip,AI,AI-2687,2026-08-23,T+1,5897,1294,7191,2026-08-22T08:49:29.790Z,FALSE,"",16:30,TRUE
fare_BOM-DEL_6E_2026-08-23_T+1_1787389698947_rzga,BOM-DEL,EaseMyTrip,6E,6E-2237,2026-08-23,T+1,5739,1260,6999,2026-08-22T08:49:29.790Z,FALSE,"",18:40,FALSE
fare_BOM-DEL_6E_2026-08-23_T+1_1787389698947_8n3j,BOM-DEL,EaseMyTrip,6E,6E-5059,2026-08-23,T+1,5739,1260,6999,2026-08-22T08:49:29.790Z,FALSE,"",05:45,FALSE
fare_BOM-DEL_6E_2026-08-23_T+1_1787389698947_1aau,BOM-DEL,EaseMyTrip,6E,6E-2347,2026-08-23,T+1,5739,1260,6999,2026-08-22T08:49:29.790Z,FALSE,"",08:50,FALSE
fare_BOM-DEL_6E_2026-08-23_T+1_1787389698947_v7wj,BOM-DEL,EaseMyTrip,6E,6E-5164,2026-08-23,T+1,5847,1283,7130,2026-08-22T08:49:29.790Z,FALSE,"",20:35,FALSE
fare_BOM-DEL_6E_2026-08-23_T+1_1787389698947_2rar,BOM-DEL,EaseMyTrip,6E,6E-5147,2026-08-23,T+1,5847,1283,7130,2026-08-22T08:49:29.790Z,FALSE,"",18:35,FALSE
fare_BOM-DEL_6E_2026-08-23_T+1_1787389698947_erf7,BOM-DEL,EaseMyTrip,6E,6E-6122,2026-08-23,T+1,5847,1283,7130,2026-08-22T08:49:29.790Z,FALSE,"",15:45,FALSE
fare_BOM-DEL_6E_2026-08-23_T+1_1787389698947_824q,BOM-DEL,EaseMyTrip,6E,6E-6058,2026-08-23,T+1,5847,1283,7130,2026-08-22T08:49:29.790Z,FALSE,"",08:05,FALSE
fare_BOM-DEL_6E_2026-08-23_T+1_1787389698947_qdgx,BOM-DEL,EaseMyTrip,6E,6E-6802,2026-08-23,T+1,5847,1283,7130,2026-08-22T08:49:29.790Z,FALSE,"",16:55,FALSE
fare_BOM-DEL_6E_2026-08-23_T+1_1787389698947_9kud,BOM-DEL,EaseMyTrip,6E,6E-5273,2026-08-23,T+1,5847,1283,7130,2026-08-22T08:49:29.790Z,FALSE,"",18:35,FALSE
fare_BOM-DEL_6E_2026-08-23_T+1_1787389698947_qtep,BOM-DEL,EaseMyTrip,6E,6E-5345,2026-08-23,T+1,5847,1283,7130,2026-08-22T08:49:29.790Z,FALSE,"",14:25,FALSE
fare_BOM-DEL_AI_2026-08-23_T+1_1787389698947_f7bz,BOM-DEL,EaseMyTrip,AI,AI-2408,2026-08-23,T+1,6069,1332,7401,2026-08-22T08:49:29.790Z,FALSE,"",19:30,TRUE
fare_BOM-DEL_AI_2026-08-23_T+1_1787389698947_on3k,BOM-DEL,EaseMyTrip,AI,AI-2419,2026-08-23,T+1,6069,1332,7401,2026-08-22T08:49:29.790Z,FALSE,"",12:00,TRUE
fare_BOM-DEL_AI_2026-08-23_T+1_1787389698947_gwd4,BOM-DEL,EaseMyTrip,AI,AI-2996,2026-08-23,T+1,6069,1332,7401,2026-08-22T08:49:29.790Z,FALSE,"",18:30,TRUE
fare_BOM-DEL_AI_2026-08-23_T+1_1787389698947_v2lu,BOM-DEL,EaseMyTrip,AI,AI-2426,2026-08-23,T+1,6069,1332,7401,2026-08-22T08:49:29.790Z,FALSE,"",19:00,TRUE
fare_BOM-DEL_AI_2026-08-23_T+1_1787389698947_xm3u,BOM-DEL,EaseMyTrip,AI,AI-2940,2026-08-23,T+1,6069,1332,7401,2026-08-22T08:49:29.790Z,FALSE,"",20:00,TRUE
fare_BOM-DEL_AI_2026-08-23_T+1_1787389698947_pk7p,BOM-DEL,EaseMyTrip,AI,AI-2988,2026-08-23,T+1,6069,1332,7401,2026-08-22T08:49:29.790Z,FALSE,"",20:30,TRUE
fare_BOM-DEL_6E_2026-08-23_T+1_1787389698947_wv0s,BOM-DEL,EaseMyTrip,6E,6E-2138,2026-08-23,T+1,5907,1297,7204,2026-08-22T08:49:29.790Z,FALSE,"",16:20,FALSE
fare_BOM-DEL_6E_2026-08-23_T+1_1787389698947_prko,BOM-DEL,EaseMyTrip,6E,6E-5028,2026-08-23,T+1,5911,1298,7209,2026-08-22T08:49:29.790Z,FALSE,"",19:35,FALSE
fare_BOM-DEL_6E_2026-08-23_T+1_1787389698947_c8w0,BOM-DEL,EaseMyTrip,6E,6E-130,2026-08-23,T+1,5911,1298,7209,2026-08-22T08:49:29.790Z,FALSE,"",19:20,FALSE
fare_BOM-DEL_6E_2026-08-23_T+1_1787389698947_6uh6,BOM-DEL,EaseMyTrip,6E,6E-698,2026-08-23,T+1,5911,1298,7209,2026-08-22T08:49:29.790Z,FALSE,"",19:20,FALSE
fare_BOM-DEL_6E_2026-08-23_T+1_1787389698947_ykir,BOM-DEL,EaseMyTrip,6E,6E-829,2026-08-23,T+1,5911,1298,7209,2026-08-22T08:49:29.790Z,FALSE,"",04:45,FALSE
fare_BOM-DEL_6E_2026-08-23_T+1_1787389698947_iwmo,BOM-DEL,EaseMyTrip,6E,6E-514,2026-08-23,T+1,5911,1298,7209,2026-08-22T08:49:29.790Z,FALSE,"",04:45,FALSE
fare_BOM-DEL_6E_2026-08-23_T+1_1787389698947_ogag,BOM-DEL,EaseMyTrip,6E,6E-6195,2026-08-23,T+1,6019,1321,7340,2026-08-22T08:49:29.790Z,FALSE,"",23:00,FALSE
fare_BOM-DEL_AI_2026-08-23_T+1_1787389698947_xitr,BOM-DEL,EaseMyTrip,AI,AI-2440,2026-08-23,T+1,6270,1376,7646,2026-08-22T08:49:29.790Z,FALSE,"",18:00,TRUE
fare_BOM-DEL_AI_2026-08-23_T+1_1787389698947_jxwe,BOM-DEL,EaseMyTrip,AI,AI-2677,2026-08-23,T+1,6283,1379,7662,2026-08-22T08:49:29.790Z,FALSE,"",13:00,TRUE
fare_BOM-DEL_IX_2026-08-23_T+1_1787389698947_q8ar,BOM-DEL,EaseMyTrip,IX,IX-1050,2026-08-23,T+1,6413,1408,7821,2026-08-22T08:49:29.790Z,FALSE,"",14:45,TRUE
fare_BOM-DEL_6E_2026-08-23_T+1_1787389698947_6ohh,BOM-DEL,EaseMyTrip,6E,6E-5131,2026-08-23,T+1,6305,1384,7689,2026-08-22T08:49:29.790Z,FALSE,"",15:50,FALSE
fare_BOM-DEL_6E_2026-08-23_T+1_1787389698947_s41m,BOM-DEL,EaseMyTrip,6E,6E-7017,2026-08-23,T+1,6343,1392,7735,2026-08-22T08:49:29.790Z,FALSE,"",21:30,FALSE
fare_BOM-DEL_6E_2026-08-23_T+1_1787389698947_m7z1,BOM-DEL,EaseMyTrip,6E,6E-5144,2026-08-23,T+1,6700,1471,8171,2026-08-22T08:49:29.790Z,FALSE,"",05:55,FALSE
fare_BOM-DEL_6E_2026-08-23_T+1_1787389698947_xn8h,BOM-DEL,EaseMyTrip,6E,6E-488,2026-08-23,T+1,6700,1471,8171,2026-08-22T08:49:29.790Z,FALSE,"",14:40,FALSE
fare_BOM-DEL_6E_2026-08-23_T+1_1787389698947_2lt2,BOM-DEL,EaseMyTrip,6E,6E-385,2026-08-23,T+1,6700,1471,8171,2026-08-22T08:49:29.790Z,FALSE,"",14:40,FALSE
fare_BOM-DEL_6E_2026-08-23_T+1_1787389698947_dz35,BOM-DEL,EaseMyTrip,6E,6E-5246,2026-08-23,T+1,6980,1532,8512,2026-08-22T08:49:29.790Z,FALSE,"",07:15,FALSE
fare_BOM-DEL_6E_2026-08-23_T+1_1787389698947_ne26,BOM-DEL,EaseMyTrip,6E,6E-5107,2026-08-23,T+1,7254,1592,8846,2026-08-22T08:49:29.790Z,FALSE,"",20:00,FALSE
fare_BOM-DEL_6E_2026-08-23_T+1_1787389698947_py0s,BOM-DEL,EaseMyTrip,6E,6E-153,2026-08-23,T+1,7791,1710,9501,2026-08-22T08:49:29.790Z,FALSE,"",17:20,TRUE
fare_BOM-DEL_6E_2026-08-23_T+1_1787389698947_okip,BOM-DEL,EaseMyTrip,6E,6E-323,2026-08-23,T+1,7791,1710,9501,2026-08-22T08:49:29.790Z,FALSE,"",17:20,TRUE
fare_BOM-DEL_6E_2026-08-23_T+1_1787389698947_f96e,BOM-DEL,EaseMyTrip,6E,6E-6361,2026-08-23,T+1,8206,1801,10007,2026-08-22T08:49:29.790Z,FALSE,"",05:00,FALSE
fare_BOM-DEL_6E_2026-08-23_T+1_1787389698947_zq76,BOM-DEL,EaseMyTrip,6E,6E-824,2026-08-23,T+1,8400,1844,10244,2026-08-22T08:49:29.790Z,FALSE,"",12:40,FALSE
fare_BOM-DEL_6E_2026-08-23_T+1_1787389698947_k2sz,BOM-DEL,EaseMyTrip,6E,6E-242,2026-08-23,T+1,8400,1844,10244,2026-08-22T08:49:29.790Z,FALSE,"",12:40,FALSE
fare_BOM-DEL_6E_2026-08-23_T+1_1787389698947_8orx,BOM-DEL,EaseMyTrip,6E,6E-451,2026-08-23,T+1,8471,1859,10330,2026-08-22T08:49:29.790Z,FALSE,"",01:30,FALSE
fare_BOM-DEL_6E_2026-08-23_T+1_1787389698947_s2fg,BOM-DEL,EaseMyTrip,6E,6E-454,2026-08-23,T+1,8471,1859,10330,2026-08-22T08:49:29.790Z,FALSE,"",01:30,FALSE
fare_BOM-DEL_AI_2026-08-23_T+1_1787389698947_vbzb,BOM-DEL,EaseMyTrip,AI,AI-2591,2026-08-23,T+1,8745,1920,10665,2026-08-22T08:49:29.790Z,FALSE,"",07:25,TRUE
fare_BOM-DEL_6E_2026-08-23_T+1_1787389698947_p776,BOM-DEL,EaseMyTrip,6E,6E-6599,2026-08-23,T+1,8638,1896,10534,2026-08-22T08:49:29.790Z,FALSE,"",16:50,FALSE
fare_BOM-DEL_AI_2026-08-23_T+1_1787389698947_qrn7,BOM-DEL,EaseMyTrip,AI,AI-2442,2026-08-23,T+1,9348,2052,11400,2026-08-22T08:49:29.790Z,FALSE,"",15:00,TRUE
fare_BOM-DEL_6E_2026-08-23_T+1_1787389698947_7kjs,BOM-DEL,EaseMyTrip,6E,6E-5135,2026-08-23,T+1,9415,2067,11482,2026-08-22T08:49:29.790Z,FALSE,"",23:20,FALSE
fare_BOM-DEL_AI_2026-08-23_T+1_1787389698947_n9lp,BOM-DEL,EaseMyTrip,AI,AI-2491,2026-08-23,T+1,9605,2109,11714,2026-08-22T08:49:29.790Z,FALSE,"",11:15,FALSE
fare_BOM-DEL_AI_2026-08-23_T+1_1787389698947_tiwr,BOM-DEL,EaseMyTrip,AI,AI-9753,2026-08-23,T+1,10136,2225,12361,2026-08-22T08:49:29.790Z,FALSE,"",17:05,FALSE
fare_BOM-DEL_IX_2026-08-23_T+1_1787389698947_lbsx,BOM-DEL,EaseMyTrip,IX,IX-1798,2026-08-23,T+1,10616,2330,12946,2026-08-22T08:49:29.790Z,FALSE,"",11:20,FALSE
fare_BOM-DEL_6E_2026-08-23_T+1_1787389698947_gmy8,BOM-DEL,EaseMyTrip,6E,6E-5056,2026-08-23,T+1,10913,2396,13309,2026-08-22T08:49:29.790Z,FALSE,"",21:10,FALSE
fare_BOM-DEL_6E_2026-08-23_T+1_1787389698947_b2y4,BOM-DEL,EaseMyTrip,6E,6E-5154,2026-08-23,T+1,11070,2430,13500,2026-08-22T08:49:29.790Z,FALSE,"",15:45,FALSE
fare_BOM-DEL_6E_2026-08-23_T+1_1787389698947_6enx,BOM-DEL,EaseMyTrip,6E,6E-614,2026-08-23,T+1,11242,2468,13710,2026-08-22T08:49:29.790Z,FALSE,"",17:45,FALSE
fare_BOM-DEL_6E_2026-08-23_T+1_1787389698947_q15k,BOM-DEL,EaseMyTrip,6E,6E-763,2026-08-23,T+1,11242,2468,13710,2026-08-22T08:49:29.790Z,FALSE,"",17:45,FALSE
fare_BOM-DEL_AI_2026-08-23_T+1_1787389698947_xcy4,BOM-DEL,EaseMyTrip,AI,AI-9518,2026-08-23,T+1,12253,2690,14943,2026-08-22T08:49:29.790Z,FALSE,"",16:15,FALSE
fare_BOM-DEL_AI_2026-08-23_T+1_1787389698947_1mko,BOM-DEL,EaseMyTrip,AI,AI-603,2026-08-23,T+1,12922,2836,15758,2026-08-22T08:49:29.790Z,FALSE,"",05:10,FALSE
fare_BOM-DEL_AI_2026-08-23_T+1_1787389698947_azot,BOM-DEL,EaseMyTrip,AI,AI-9558,2026-08-23,T+1,12926,2838,15764,2026-08-22T08:49:29.790Z,FALSE,"",08:30,FALSE
fare_BOM-DEL_IX_2026-08-23_T+1_1787389698947_e1ip,BOM-DEL,EaseMyTrip,IX,IX-2367,2026-08-23,T+1,13303,2920,16223,2026-08-22T08:49:29.790Z,TRUE,"High outlier: ₹16223 > upper fence ₹15873 (Q3: ₹10381, IQR: ₹3661)",07:20,FALSE
fare_BOM-DEL_6E_2026-08-23_T+1_1787389698947_xdyz,BOM-DEL,EaseMyTrip,6E,6E-6027,2026-08-23,T+1,13120,2880,16000,2026-08-22T08:49:29.790Z,TRUE,"High outlier: ₹16000 > upper fence ₹15873 (Q3: ₹10381, IQR: ₹3661)",17:35,FALSE
fare_BOM-DEL_6E_2026-08-23_T+1_1787389698947_mkv4,BOM-DEL,EaseMyTrip,6E,6E-5326,2026-08-23,T+1,13150,2887,16037,2026-08-22T08:49:29.790Z,TRUE,"High outlier: ₹16037 > upper fence ₹15873 (Q3: ₹10381, IQR: ₹3661)",19:40,FALSE
fare_BOM-DEL_AI_2026-08-23_T+1_1787389698947_39mw,BOM-DEL,EaseMyTrip,AI,AI-9891,2026-08-23,T+1,13500,2964,16464,2026-08-22T08:49:29.790Z,TRUE,"High outlier: ₹16464 > upper fence ₹15873 (Q3: ₹10381, IQR: ₹3661)",11:20,FALSE
fare_BOM-DEL_6E_2026-08-23_T+1_1787389698947_wdao,BOM-DEL,EaseMyTrip,6E,6E-5318,2026-08-23,T+1,13494,2962,16456,2026-08-22T08:49:29.790Z,TRUE,"High outlier: ₹16456 > upper fence ₹15873 (Q3: ₹10381, IQR: ₹3661)",10:15,FALSE
fare_BOM-DEL_AI_2026-08-23_T+1_1787389698947_pz3h,BOM-DEL,EaseMyTrip,AI,AI-2997,2026-08-23,T+1,13842,3038,16880,2026-08-22T08:49:29.790Z,TRUE,"High outlier: ₹16880 > upper fence ₹15873 (Q3: ₹10381, IQR: ₹3661)",10:10,FALSE
fare_BOM-DEL_6E_2026-08-23_T+1_1787389698947_kth7,BOM-DEL,EaseMyTrip,6E,6E-5178,2026-08-23,T+1,13726,3013,16739,2026-08-22T08:49:29.790Z,TRUE,"High outlier: ₹16739 > upper fence ₹15873 (Q3: ₹10381, IQR: ₹3661)",11:45,FALSE
fare_BOM-DEL_AI_2026-08-23_T+1_1787389698947_65oi,BOM-DEL,EaseMyTrip,AI,AI-2741,2026-08-23,T+1,13953,3063,17016,2026-08-22T08:49:29.790Z,TRUE,"High outlier: ₹17016 > upper fence ₹15873 (Q3: ₹10381, IQR: ₹3661)",07:40,FALSE
fare_BOM-DEL_AI_2026-08-23_T+1_1787389698947_ajol,BOM-DEL,EaseMyTrip,AI,AI-431,2026-08-23,T+1,13953,3063,17016,2026-08-22T08:49:29.790Z,TRUE,"High outlier: ₹17016 > upper fence ₹15873 (Q3: ₹10381, IQR: ₹3661)",12:10,FALSE
fare_BOM-DEL_AI_2026-08-23_T+1_1787389698947_2in9,BOM-DEL,EaseMyTrip,AI,AI-2749,2026-08-23,T+1,14173,3111,17284,2026-08-22T08:49:29.790Z,TRUE,"High outlier: ₹17284 > upper fence ₹15873 (Q3: ₹10381, IQR: ₹3661)",17:35,FALSE
fare_BOM-DEL_6E_2026-08-23_T+1_1787389698947_pb33,BOM-DEL,EaseMyTrip,6E,6E-5386,2026-08-23,T+1,14355,3151,17506,2026-08-22T08:49:29.790Z,TRUE,"High outlier: ₹17506 > upper fence ₹15873 (Q3: ₹10381, IQR: ₹3661)",15:10,FALSE
fare_BOM-DEL_6E_2026-08-23_T+1_1787389698947_npsn,BOM-DEL,EaseMyTrip,6E,6E-2024,2026-08-23,T+1,14472,3177,17649,2026-08-22T08:49:29.790Z,TRUE,"High outlier: ₹17649 > upper fence ₹15873 (Q3: ₹10381, IQR: ₹3661)",09:15,FALSE
fare_BOM-DEL_AI_2026-08-23_T+1_1787389698947_jiev,BOM-DEL,EaseMyTrip,AI,AI-2625,2026-08-23,T+1,14981,3289,18270,2026-08-22T08:49:29.790Z,TRUE,"High outlier: ₹18270 > upper fence ₹15873 (Q3: ₹10381, IQR: ₹3661)",06:00,FALSE
fare_BOM-DEL_6E_2026-08-23_T+1_1787389698947_a9sp,BOM-DEL,EaseMyTrip,6E,6E-5238,2026-08-23,T+1,14926,3276,18202,2026-08-22T08:49:29.790Z,TRUE,"High outlier: ₹18202 > upper fence ₹15873 (Q3: ₹10381, IQR: ₹3661)",18:25,FALSE
fare_BOM-DEL_AI_2026-08-23_T+1_1787389698947_b7io,BOM-DEL,EaseMyTrip,AI,AI-2531,2026-08-23,T+1,15132,3322,18454,2026-08-22T08:49:29.790Z,TRUE,"High outlier: ₹18454 > upper fence ₹15873 (Q3: ₹10381, IQR: ₹3661)",15:05,FALSE
fare_BOM-DEL_AI_2026-08-23_T+1_1787389698947_7pb9,BOM-DEL,EaseMyTrip,AI,AI-9533,2026-08-23,T+1,15714,3450,19164,2026-08-22T08:49:29.790Z,TRUE,"High outlier: ₹19164 > upper fence ₹15873 (Q3: ₹10381, IQR: ₹3661)",16:30,FALSE
fare_BOM-DEL_IX_2026-08-23_T+1_1787389698947_nhcx,BOM-DEL,EaseMyTrip,IX,IX-1237,2026-08-23,T+1,15920,3495,19415,2026-08-22T08:49:29.790Z,TRUE,"High outlier: ₹19415 > upper fence ₹15873 (Q3: ₹10381, IQR: ₹3661)",05:55,FALSE
fare_BOM-DEL_6E_2026-08-23_T+1_1787389698947_p6o1,BOM-DEL,EaseMyTrip,6E,6E-5181,2026-08-23,T+1,16053,3524,19577,2026-08-22T08:49:29.790Z,TRUE,"High outlier: ₹19577 > upper fence ₹15873 (Q3: ₹10381, IQR: ₹3661)",10:25,FALSE
fare_BOM-DEL_IX_2026-08-23_T+1_1787389698947_lxhf,BOM-DEL,EaseMyTrip,IX,IX-1238,2026-08-23,T+1,16823,3693,20516,2026-08-22T08:49:29.790Z,TRUE,"High outlier: ₹20516 > upper fence ₹15873 (Q3: ₹10381, IQR: ₹3661)",12:25,FALSE
fare_BOM-DEL_AI_2026-08-23_T+1_1787389698947_68ff,BOM-DEL,EaseMyTrip,AI,AI-2632,2026-08-23,T+1,16767,3681,20448,2026-08-22T08:49:29.790Z,TRUE,"High outlier: ₹20448 > upper fence ₹15873 (Q3: ₹10381, IQR: ₹3661)",12:00,FALSE
fare_BOM-DEL_AI_2026-08-23_T+1_1787389698947_7xgi,BOM-DEL,EaseMyTrip,AI,AI-2847,2026-08-23,T+1,16828,3694,20522,2026-08-22T08:49:29.790Z,TRUE,"High outlier: ₹20522 > upper fence ₹15873 (Q3: ₹10381, IQR: ₹3661)",10:20,FALSE
fare_BOM-DEL_6E_2026-08-23_T+1_1787389698947_gxwh,BOM-DEL,EaseMyTrip,6E,6E-5281,2026-08-23,T+1,16898,3709,20607,2026-08-22T08:49:29.790Z,TRUE,"High outlier: ₹20607 > upper fence ₹15873 (Q3: ₹10381, IQR: ₹3661)",08:40,FALSE
fare_BOM-DEL_6E_2026-08-23_T+1_1787389698947_55pr,BOM-DEL,EaseMyTrip,6E,6E-5201,2026-08-23,T+1,16907,3711,20618,2026-08-22T08:49:29.790Z,TRUE,"High outlier: ₹20618 > upper fence ₹15873 (Q3: ₹10381, IQR: ₹3661)",14:55,FALSE
fare_BOM-DEL_IX_2026-08-23_T+1_1787389698947_f6cv,BOM-DEL,EaseMyTrip,IX,IX-1283,2026-08-23,T+1,17196,3775,20971,2026-08-22T08:49:29.790Z,TRUE,"High outlier: ₹20971 > upper fence ₹15873 (Q3: ₹10381, IQR: ₹3661)",06:05,FALSE
fare_BOM-DEL_AI_2026-08-23_T+1_1787389698947_5ch0,BOM-DEL,EaseMyTrip,AI,AI-2841,2026-08-23,T+1,17404,3820,21224,2026-08-22T08:49:29.790Z,TRUE,"High outlier: ₹21224 > upper fence ₹15873 (Q3: ₹10381, IQR: ₹3661)",11:20,FALSE
fare_BOM-DEL_AI_2026-08-23_T+1_1787389698947_75t8,BOM-DEL,EaseMyTrip,AI,AI-9531,2026-08-23,T+1,17628,3869,21497,2026-08-22T08:49:29.790Z,TRUE,"High outlier: ₹21497 > upper fence ₹15873 (Q3: ₹10381, IQR: ₹3661)",12:25,FALSE
fare_BOM-DEL_AI_2026-08-23_T+1_1787389698947_ejtu,BOM-DEL,EaseMyTrip,AI,AI-2593,2026-08-23,T+1,17800,3907,21707,2026-08-22T08:49:29.790Z,TRUE,"High outlier: ₹21707 > upper fence ₹15873 (Q3: ₹10381, IQR: ₹3661)",12:30,FALSE
fare_BOM-DEL_AI_2026-08-23_T+1_1787389698947_j6g7,BOM-DEL,EaseMyTrip,AI,AI-2718,2026-08-23,T+1,18311,4020,22331,2026-08-22T08:49:29.790Z,TRUE,"High outlier: ₹22331 > upper fence ₹15873 (Q3: ₹10381, IQR: ₹3661)",05:55,FALSE
fare_BOM-DEL_AI_2026-08-23_T+1_1787389698947_5dw9,BOM-DEL,EaseMyTrip,AI,AI-2771,2026-08-23,T+1,18903,4150,23053,2026-08-22T08:49:29.790Z,TRUE,"High outlier: ₹23053 > upper fence ₹15873 (Q3: ₹10381, IQR: ₹3661)",06:55,FALSE
fare_BOM-DEL_6E_2026-08-23_T+1_1787389698947_xxsy,BOM-DEL,EaseMyTrip,6E,6E-6543,2026-08-23,T+1,20139,4421,24560,2026-08-22T08:49:29.790Z,TRUE,"High outlier: ₹24560 > upper fence ₹15873 (Q3: ₹10381, IQR: ₹3661)",07:50,FALSE
fare_BOM-DEL_IX_2026-08-23_T+1_1787389698947_1xr7,BOM-DEL,EaseMyTrip,IX,IX-1640,2026-08-23,T+1,21916,4811,26727,2026-08-22T08:49:29.790Z,TRUE,"High outlier: ₹26727 > upper fence ₹15873 (Q3: ₹10381, IQR: ₹3661)",20:55,FALSE
fare_BOM-DEL_AI_2026-08-23_T+1_1787389698947_zpcs,BOM-DEL,EaseMyTrip,AI,AI-645,2026-08-23,T+1,23658,5193,28851,2026-08-22T08:49:29.790Z,TRUE,"High outlier: ₹28851 > upper fence ₹15873 (Q3: ₹10381, IQR: ₹3661)",10:55,FALSE
fare_BOM-DEL_IX_2026-08-23_T+1_1787389698947_8ydg,BOM-DEL,EaseMyTrip,IX,IX-2915,2026-08-23,T+1,24379,5351,29730,2026-08-22T08:49:29.790Z,TRUE,"High outlier: ₹29730 > upper fence ₹15873 (Q3: ₹10381, IQR: ₹3661)",11:50,FALSE
fare_BOM-DEL_SG_2026-08-23_T+1_1787389698948_2ktt,BOM-DEL,EaseMyTrip,SG,SG-537,2026-08-23,T+1,5188,1139,6327,2026-08-22T09:04:11.950Z,FALSE,"",23:55,TRUE
fare_BOM-DEL_SG_2026-08-23_T+1_1787389698948_te9f,BOM-DEL,EaseMyTrip,SG,SG-413,2026-08-23,T+1,5188,1139,6327,2026-08-22T09:04:11.950Z,FALSE,"",23:55,TRUE
fare_BOM-DEL_6E_2026-08-23_T+1_1787389698948_tw9y,BOM-DEL,EaseMyTrip,6E,6E-885,2026-08-23,T+1,5381,1181,6562,2026-08-22T09:04:11.950Z,FALSE,"",06:00,TRUE
fare_BOM-DEL_6E_2026-08-23_T+1_1787389698948_mmeh,BOM-DEL,EaseMyTrip,6E,6E-959,2026-08-23,T+1,5381,1181,6562,2026-08-22T09:04:11.950Z,FALSE,"",06:00,TRUE
fare_BOM-DEL_6E_2026-08-23_T+1_1787389698948_yuxt,BOM-DEL,EaseMyTrip,6E,6E-856,2026-08-23,T+1,5381,1181,6562,2026-08-22T09:04:11.950Z,FALSE,"",08:00,TRUE
fare_BOM-DEL_6E_2026-08-23_T+1_1787389698948_w7pn,BOM-DEL,EaseMyTrip,6E,6E-963,2026-08-23,T+1,5381,1181,6562,2026-08-22T09:04:11.950Z,FALSE,"",08:00,TRUE
fare_BOM-DEL_6E_2026-08-23_T+1_1787389698948_3e4i,BOM-DEL,EaseMyTrip,6E,6E-264,2026-08-23,T+1,5381,1181,6562,2026-08-22T09:04:11.950Z,FALSE,"",13:00,TRUE
fare_BOM-DEL_6E_2026-08-23_T+1_1787389698948_n8th,BOM-DEL,EaseMyTrip,6E,6E-714,2026-08-23,T+1,5381,1181,6562,2026-08-22T09:04:11.950Z,FALSE,"",13:00,TRUE
fare_BOM-DEL_6E_2026-08-23_T+1_1787389698948_cr79,BOM-DEL,EaseMyTrip,6E,6E-658,2026-08-23,T+1,5510,1210,6720,2026-08-22T09:04:11.950Z,FALSE,"",23:45,TRUE
fare_BOM-DEL_6E_2026-08-23_T+1_1787389698948_6ep1,BOM-DEL,EaseMyTrip,6E,6E-942,2026-08-23,T+1,5510,1210,6720,2026-08-22T09:04:11.950Z,FALSE,"",23:45,TRUE
fare_BOM-DEL_6E_2026-08-23_T+1_1787389698948_8e7u,BOM-DEL,EaseMyTrip,6E,6E-281,2026-08-23,T+1,5510,1210,6720,2026-08-22T09:04:11.950Z,FALSE,"",22:15,TRUE
fare_BOM-DEL_6E_2026-08-23_T+1_1787389698948_4h67,BOM-DEL,EaseMyTrip,6E,6E-710,2026-08-23,T+1,5510,1210,6720,2026-08-22T09:04:11.950Z,FALSE,"",17:20,TRUE
fare_BOM-DEL_6E_2026-08-23_T+1_1787389698948_agyp,BOM-DEL,EaseMyTrip,6E,6E-209,2026-08-23,T+1,5510,1210,6720,2026-08-22T09:04:11.950Z,FALSE,"",17:20,TRUE
fare_BOM-DEL_6E_2026-08-23_T+1_1787389698948_9pk2,BOM-DEL,EaseMyTrip,6E,6E-369,2026-08-23,T+1,5510,1210,6720,2026-08-22T09:04:11.950Z,FALSE,"",16:00,TRUE
fare_BOM-DEL_6E_2026-08-23_T+1_1787389698948_b761,BOM-DEL,EaseMyTrip,6E,6E-758,2026-08-23,T+1,5510,1210,6720,2026-08-22T09:04:11.950Z,FALSE,"",16:00,TRUE
fare_BOM-DEL_6E_2026-08-23_T+1_1787389698948_dxtz,BOM-DEL,EaseMyTrip,6E,6E-292,2026-08-23,T+1,5510,1210,6720,2026-08-22T09:04:11.950Z,FALSE,"",09:00,TRUE
fare_BOM-DEL_6E_2026-08-23_T+1_1787389698948_zvbs,BOM-DEL,EaseMyTrip,6E,6E-259,2026-08-23,T+1,5510,1210,6720,2026-08-22T09:04:11.950Z,FALSE,"",09:00,TRUE
fare_BOM-DEL_6E_2026-08-23_T+1_1787389698948_rr6y,BOM-DEL,EaseMyTrip,6E,6E-898,2026-08-23,T+1,5510,1210,6720,2026-08-22T09:04:11.950Z,FALSE,"",10:35,TRUE
fare_BOM-DEL_6E_2026-08-23_T+1_1787389698948_gjaz,BOM-DEL,EaseMyTrip,6E,6E-217,2026-08-23,T+1,5510,1210,6720,2026-08-22T09:04:11.950Z,FALSE,"",10:35,TRUE
fare_BOM-DEL_6E_2026-08-23_T+1_1787389698948_quej,BOM-DEL,EaseMyTrip,6E,6E-800,2026-08-23,T+1,5683,1247,6930,2026-08-22T09:04:11.950Z,FALSE,"",20:20,TRUE
fare_BOM-DEL_6E_2026-08-23_T+1_1787389698948_eswj,BOM-DEL,EaseMyTrip,6E,6E-294,2026-08-23,T+1,5683,1247,6930,2026-08-22T09:04:11.950Z,FALSE,"",20:20,TRUE
fare_BOM-DEL_6E_2026-08-23_T+1_1787389698948_xca8,BOM-DEL,EaseMyTrip,6E,6E-966,2026-08-23,T+1,5683,1247,6930,2026-08-22T09:04:11.950Z,FALSE,"",19:00,TRUE
fare_BOM-DEL_6E_2026-08-23_T+1_1787389698948_ekra,BOM-DEL,EaseMyTrip,6E,6E-875,2026-08-23,T+1,5683,1247,6930,2026-08-22T09:04:11.950Z,FALSE,"",19:00,TRUE
fare_BOM-DEL_6E_2026-08-23_T+1_1787389698948_7d6o,BOM-DEL,EaseMyTrip,6E,6E-735,2026-08-23,T+1,5683,1247,6930,2026-08-22T09:04:11.950Z,FALSE,"",21:15,TRUE
fare_BOM-DEL_6E_2026-08-23_T+1_1787389698948_6h5w,BOM-DEL,EaseMyTrip,6E,6E-391,2026-08-23,T+1,5683,1247,6930,2026-08-22T09:04:11.950Z,FALSE,"",21:15,TRUE
fare_BOM-DEL_6E_2026-08-23_T+1_1787389698948_r51d,BOM-DEL,EaseMyTrip,6E,6E-266,2026-08-23,T+1,5683,1247,6930,2026-08-22T09:04:11.950Z,FALSE,"",15:00,TRUE
fare_BOM-DEL_6E_2026-08-23_T+1_1787389698948_ah0h,BOM-DEL,EaseMyTrip,6E,6E-701,2026-08-23,T+1,5683,1247,6930,2026-08-22T09:04:11.950Z,FALSE,"",15:00,TRUE
fare_BOM-DEL_6E_2026-08-23_T+1_1787389698948_6pb9,BOM-DEL,EaseMyTrip,6E,6E-737,2026-08-23,T+1,5911,1298,7209,2026-08-22T09:04:11.950Z,FALSE,"",19:20,FALSE
fare_BOM-DEL_6E_2026-08-23_T+1_1787389698948_rfcn,BOM-DEL,EaseMyTrip,6E,6E-269,2026-08-23,T+1,5911,1298,7209,2026-08-22T09:04:11.950Z,FALSE,"",19:20,FALSE
fare_BOM-DEL_6E_2026-08-23_T+1_1787389698948_6yy8,BOM-DEL,EaseMyTrip,6E,6E-443,2026-08-23,T+1,5911,1298,7209,2026-08-22T09:04:11.950Z,FALSE,"",04:45,FALSE
fare_BOM-DEL_6E_2026-08-23_T+1_1787389698948_q46c,BOM-DEL,EaseMyTrip,6E,6E-851,2026-08-23,T+1,5911,1298,7209,2026-08-22T09:04:11.950Z,FALSE,"",04:45,FALSE
fare_BOM-DEL_SG_2026-08-23_T+1_1787389698948_jr25,BOM-DEL,EaseMyTrip,SG,SG-646,2026-08-23,T+1,6398,1405,7803,2026-08-22T09:04:11.950Z,FALSE,"",01:50,TRUE
fare_BOM-DEL_SG_2026-08-23_T+1_1787389698948_i9ig,BOM-DEL,EaseMyTrip,SG,SG-352,2026-08-23,T+1,6398,1405,7803,2026-08-22T09:04:11.950Z,FALSE,"",01:50,TRUE
fare_BOM-DEL_6E_2026-08-23_T+1_1787389698948_kiks,BOM-DEL,EaseMyTrip,6E,6E-276,2026-08-23,T+1,6700,1471,8171,2026-08-22T09:04:11.950Z,FALSE,"",14:40,FALSE
fare_BOM-DEL_6E_2026-08-23_T+1_1787389698948_hre5,BOM-DEL,EaseMyTrip,6E,6E-797,2026-08-23,T+1,7791,1710,9501,2026-08-22T09:04:11.950Z,FALSE,"",17:20,TRUE
fare_BOM-DEL_6E_2026-08-23_T+1_1787389698948_ly7k,BOM-DEL,EaseMyTrip,6E,6E-212,2026-08-23,T+1,7791,1710,9501,2026-08-22T09:04:11.950Z,FALSE,"",17:20,TRUE
fare_BOM-DEL_6E_2026-08-23_T+1_1787389698948_3u59,BOM-DEL,EaseMyTrip,6E,6E-908,2026-08-23,T+1,8400,1844,10244,2026-08-22T09:04:11.950Z,FALSE,"",12:40,FALSE
fare_BOM-DEL_6E_2026-08-23_T+1_1787389698948_qrhw,BOM-DEL,EaseMyTrip,6E,6E-248,2026-08-23,T+1,8400,1844,10244,2026-08-22T09:04:11.950Z,FALSE,"",12:40,FALSE
fare_BOM-DEL_6E_2026-08-23_T+1_1787389698948_0c3m,BOM-DEL,EaseMyTrip,6E,6E-320,2026-08-23,T+1,8471,1859,10330,2026-08-22T09:04:11.950Z,FALSE,"",01:30,FALSE
fare_BOM-DEL_6E_2026-08-23_T+1_1787389698948_rpy3,BOM-DEL,EaseMyTrip,6E,6E-567,2026-08-23,T+1,11242,2468,13710,2026-08-22T09:04:11.950Z,FALSE,"",17:45,FALSE
fare_BOM-DEL_6E_2026-08-23_T+1_1787389698948_bm5e,BOM-DEL,EaseMyTrip,6E,6E-254,2026-08-23,T+1,11242,2468,13710,2026-08-22T09:04:11.950Z,FALSE,"",17:45,FALSE
fare_BOM-DEL_IX_2026-08-29_T+7_1787389698948_5edc,BOM-DEL,EaseMyTrip,IX,IX-1809,2026-08-29,T+7,4939,1084,6023,2026-08-22T08:49:35.553Z,FALSE,"",08:30,FALSE
fare_BOM-DEL_6E_2026-08-29_T+7_1787389698948_vrtg,BOM-DEL,EaseMyTrip,6E,6E-5095,2026-08-29,T+7,5014,1101,6115,2026-08-22T08:49:35.553Z,FALSE,"",09:20,TRUE
fare_BOM-DEL_SG_2026-08-29_T+7_1787389698948_15y3,BOM-DEL,EaseMyTrip,SG,SG-993,2026-08-29,T+7,5188,1139,6327,2026-08-22T08:49:35.553Z,FALSE,"",01:50,TRUE
fare_BOM-DEL_SG_2026-08-29_T+7_1787389698948_uziq,BOM-DEL,EaseMyTrip,SG,SG-474,2026-08-29,T+7,5188,1139,6327,2026-08-22T08:49:35.553Z,FALSE,"",01:50,TRUE
fare_BOM-DEL_SG_2026-08-29_T+7_1787389698948_ao8l,BOM-DEL,EaseMyTrip,SG,SG-813,2026-08-29,T+7,5275,1158,6433,2026-08-22T08:49:35.553Z,FALSE,"",06:25,TRUE
fare_BOM-DEL_SG_2026-08-29_T+7_1787389698948_as9w,BOM-DEL,EaseMyTrip,SG,SG-565,2026-08-29,T+7,5275,1158,6433,2026-08-22T08:49:35.553Z,FALSE,"",06:25,TRUE
fare_BOM-DEL_SG_2026-08-29_T+7_1787389698948_dwrj,BOM-DEL,EaseMyTrip,SG,SG-601,2026-08-29,T+7,5275,1158,6433,2026-08-22T08:49:35.553Z,FALSE,"",15:55,TRUE
fare_BOM-DEL_SG_2026-08-29_T+7_1787389698948_se0n,BOM-DEL,EaseMyTrip,SG,SG-742,2026-08-29,T+7,5275,1158,6433,2026-08-22T08:49:35.553Z,FALSE,"",15:55,TRUE
fare_BOM-DEL_SG_2026-08-29_T+7_1787389698948_n4lx,BOM-DEL,EaseMyTrip,SG,SG-756,2026-08-29,T+7,5275,1158,6433,2026-08-22T08:49:35.553Z,FALSE,"",17:55,TRUE
fare_BOM-DEL_SG_2026-08-29_T+7_1787389698948_osed,BOM-DEL,EaseMyTrip,SG,SG-150,2026-08-29,T+7,5275,1158,6433,2026-08-22T08:49:35.553Z,FALSE,"",17:55,TRUE
fare_BOM-DEL_IX_2026-08-29_T+7_1787389698948_rp9z,BOM-DEL,EaseMyTrip,IX,IX-2952,2026-08-29,T+7,5380,1181,6561,2026-08-22T08:49:35.553Z,FALSE,"",09:05,TRUE
fare_BOM-DEL_IX_2026-08-29_T+7_1787389698948_sb2c,BOM-DEL,EaseMyTrip,IX,IX-1050,2026-08-29,T+7,5380,1181,6561,2026-08-22T08:49:35.553Z,FALSE,"",14:45,TRUE
fare_BOM-DEL_IX_2026-08-29_T+7_1787389698948_5qyj,BOM-DEL,EaseMyTrip,IX,IX-1389,2026-08-29,T+7,5380,1181,6561,2026-08-22T08:49:35.553Z,FALSE,"",22:20,TRUE
fare_BOM-DEL_IX_2026-08-29_T+7_1787389698948_b6fx,BOM-DEL,EaseMyTrip,IX,IX-2153,2026-08-29,T+7,5380,1181,6561,2026-08-22T08:49:35.553Z,FALSE,"",21:15,TRUE
fare_BOM-DEL_6E_2026-08-29_T+7_1787389698948_m5j6,BOM-DEL,EaseMyTrip,6E,6E-847,2026-08-29,T+7,5380,1181,6561,2026-08-22T08:49:35.553Z,FALSE,"",17:20,TRUE
fare_BOM-DEL_6E_2026-08-29_T+7_1787389698948_ehsb,BOM-DEL,EaseMyTrip,6E,6E-836,2026-08-29,T+7,5380,1181,6561,2026-08-22T08:49:35.553Z,FALSE,"",17:20,TRUE
fare_BOM-DEL_6E_2026-08-29_T+7_1787389698948_d2ra,BOM-DEL,EaseMyTrip,6E,6E-2090,2026-08-29,T+7,5380,1181,6561,2026-08-22T08:49:35.553Z,FALSE,"",06:25,TRUE
fare_BOM-DEL_QP_2026-08-29_T+7_1787389698948_rykf,BOM-DEL,EaseMyTrip,QP,QP-1819,2026-08-29,T+7,5381,1181,6562,2026-08-22T08:49:35.553Z,FALSE,"",14:30,TRUE
fare_BOM-DEL_QP_2026-08-29_T+7_1787389698948_fpqf,BOM-DEL,EaseMyTrip,QP,QP-1825,2026-08-29,T+7,5381,1181,6562,2026-08-22T08:49:35.553Z,FALSE,"",16:50,TRUE
fare_BOM-DEL_QP_2026-08-29_T+7_1787389698948_xo5t,BOM-DEL,EaseMyTrip,QP,QP-1111,2026-08-29,T+7,5381,1181,6562,2026-08-22T08:49:35.553Z,FALSE,"",05:25,TRUE
fare_BOM-DEL_QP_2026-08-29_T+7_1787389698948_nol6,BOM-DEL,EaseMyTrip,QP,QP-1127,2026-08-29,T+7,5381,1181,6562,2026-08-22T08:49:35.553Z,FALSE,"",12:55,TRUE
fare_BOM-DEL_QP_2026-08-29_T+7_1787389698948_epal,BOM-DEL,EaseMyTrip,QP,QP-1835,2026-08-29,T+7,5381,1181,6562,2026-08-22T08:49:35.553Z,FALSE,"",11:50,TRUE
fare_BOM-DEL_6E_2026-08-29_T+7_1787389698948_tjtt,BOM-DEL,EaseMyTrip,6E,6E-463,2026-08-29,T+7,5381,1181,6562,2026-08-22T08:49:35.553Z,FALSE,"",17:20,TRUE
fare_BOM-DEL_6E_2026-08-29_T+7_1787389698948_lyfj,BOM-DEL,EaseMyTrip,6E,6E-657,2026-08-29,T+7,5381,1181,6562,2026-08-22T08:49:35.553Z,FALSE,"",17:20,TRUE
fare_BOM-DEL_6E_2026-08-29_T+7_1787389698948_2v0s,BOM-DEL,EaseMyTrip,6E,6E-6082,2026-08-29,T+7,5381,1181,6562,2026-08-22T08:49:35.553Z,FALSE,"",16:45,TRUE
fare_BOM-DEL_6E_2026-08-29_T+7_1787389698948_4kjt,BOM-DEL,EaseMyTrip,6E,6E-582,2026-08-29,T+7,5381,1181,6562,2026-08-22T08:49:35.553Z,FALSE,"",16:00,TRUE
fare_BOM-DEL_6E_2026-08-29_T+7_1787389698948_sql5,BOM-DEL,EaseMyTrip,6E,6E-389,2026-08-29,T+7,5381,1181,6562,2026-08-22T08:49:35.553Z,FALSE,"",16:00,TRUE
fare_BOM-DEL_6E_2026-08-29_T+7_1787389698948_dybz,BOM-DEL,EaseMyTrip,6E,6E-929,2026-08-29,T+7,5381,1181,6562,2026-08-22T08:49:35.553Z,FALSE,"",15:00,TRUE
fare_BOM-DEL_6E_2026-08-29_T+7_1787389698948_1261,BOM-DEL,EaseMyTrip,6E,6E-949,2026-08-29,T+7,5381,1181,6562,2026-08-22T08:49:35.553Z,FALSE,"",15:00,TRUE
fare_BOM-DEL_6E_2026-08-29_T+7_1787389698948_3vkv,BOM-DEL,EaseMyTrip,6E,6E-6704,2026-08-29,T+7,5381,1181,6562,2026-08-22T08:49:35.553Z,FALSE,"",14:00,TRUE
fare_BOM-DEL_6E_2026-08-29_T+7_1787389698948_il49,BOM-DEL,EaseMyTrip,6E,6E-6028,2026-08-29,T+7,5381,1181,6562,2026-08-22T08:49:35.553Z,FALSE,"",12:15,TRUE
fare_BOM-DEL_6E_2026-08-29_T+7_1787389698948_0e7c,BOM-DEL,EaseMyTrip,6E,6E-338,2026-08-29,T+7,5381,1181,6562,2026-08-22T08:49:35.553Z,FALSE,"",13:00,TRUE
fare_BOM-DEL_6E_2026-08-29_T+7_1787389698948_0s87,BOM-DEL,EaseMyTrip,6E,6E-812,2026-08-29,T+7,5381,1181,6562,2026-08-22T08:49:35.553Z,FALSE,"",13:00,TRUE
fare_BOM-DEL_6E_2026-08-29_T+7_1787389698948_xhyk,BOM-DEL,EaseMyTrip,6E,6E-6052,2026-08-29,T+7,5381,1181,6562,2026-08-22T08:49:35.553Z,FALSE,"",10:00,TRUE
fare_BOM-DEL_6E_2026-08-29_T+7_1787389698948_ssz9,BOM-DEL,EaseMyTrip,6E,6E-751,2026-08-29,T+7,5381,1181,6562,2026-08-22T08:49:35.553Z,FALSE,"",10:35,TRUE
fare_BOM-DEL_6E_2026-08-29_T+7_1787389698948_vx5v,BOM-DEL,EaseMyTrip,6E,6E-665,2026-08-29,T+7,5381,1181,6562,2026-08-22T08:49:35.553Z,FALSE,"",10:35,TRUE
fare_BOM-DEL_6E_2026-08-29_T+7_1787389698948_4u3x,BOM-DEL,EaseMyTrip,6E,6E-6827,2026-08-29,T+7,5381,1181,6562,2026-08-22T08:49:35.553Z,FALSE,"",11:30,TRUE
fare_BOM-DEL_6E_2026-08-29_T+7_1787389698948_prhu,BOM-DEL,EaseMyTrip,6E,6E-564,2026-08-29,T+7,5381,1181,6562,2026-08-22T08:49:35.553Z,FALSE,"",09:00,TRUE
fare_BOM-DEL_6E_2026-08-29_T+7_1787389698948_bpcs,BOM-DEL,EaseMyTrip,6E,6E-912,2026-08-29,T+7,5381,1181,6562,2026-08-22T08:49:35.553Z,FALSE,"",09:00,TRUE
fare_BOM-DEL_QP_2026-08-29_T+7_1787389698948_73d9,BOM-DEL,EaseMyTrip,QP,QP-1941,2026-08-29,T+7,5423,1191,6614,2026-08-22T08:49:35.553Z,FALSE,"",18:05,TRUE
fare_BOM-DEL_QP_2026-08-29_T+7_1787389698948_8mne,BOM-DEL,EaseMyTrip,QP,QP-1939,2026-08-29,T+7,5423,1191,6614,2026-08-22T08:49:35.553Z,FALSE,"",10:10,TRUE
fare_BOM-DEL_6E_2026-08-29_T+7_1787389698948_itpm,BOM-DEL,EaseMyTrip,6E,6E-5197,2026-08-29,T+7,5423,1191,6614,2026-08-22T08:49:35.553Z,FALSE,"",06:40,TRUE
fare_BOM-DEL_6E_2026-08-29_T+7_1787389698948_ge5n,BOM-DEL,EaseMyTrip,6E,6E-496,2026-08-29,T+7,5510,1210,6720,2026-08-22T08:49:35.553Z,FALSE,"",05:00,TRUE
fare_BOM-DEL_6E_2026-08-29_T+7_1787389698948_tx15,BOM-DEL,EaseMyTrip,6E,6E-926,2026-08-29,T+7,5510,1210,6720,2026-08-22T08:49:35.553Z,FALSE,"",05:00,TRUE
fare_BOM-DEL_6E_2026-08-29_T+7_1787389698948_36rh,BOM-DEL,EaseMyTrip,6E,6E-829,2026-08-29,T+7,5510,1210,6720,2026-08-22T08:49:35.553Z,FALSE,"",23:45,TRUE
fare_BOM-DEL_6E_2026-08-29_T+7_1787389698948_tap4,BOM-DEL,EaseMyTrip,6E,6E-349,2026-08-29,T+7,5510,1210,6720,2026-08-22T08:49:35.553Z,FALSE,"",23:45,TRUE
fare_BOM-DEL_6E_2026-08-29_T+7_1787389698948_771i,BOM-DEL,EaseMyTrip,6E,6E-892,2026-08-29,T+7,5510,1210,6720,2026-08-22T08:49:35.553Z,FALSE,"",22:15,TRUE
fare_BOM-DEL_6E_2026-08-29_T+7_1787389698948_4fbn,BOM-DEL,EaseMyTrip,6E,6E-530,2026-08-29,T+7,5510,1210,6720,2026-08-22T08:49:35.553Z,FALSE,"",22:15,TRUE
fare_BOM-DEL_6E_2026-08-29_T+7_1787389698948_67fi,BOM-DEL,EaseMyTrip,6E,6E-992,2026-08-29,T+7,5510,1210,6720,2026-08-22T08:49:35.553Z,FALSE,"",21:15,TRUE
fare_BOM-DEL_6E_2026-08-29_T+7_1787389698948_baiv,BOM-DEL,EaseMyTrip,6E,6E-773,2026-08-29,T+7,5510,1210,6720,2026-08-22T08:49:35.553Z,FALSE,"",21:15,TRUE
fare_BOM-DEL_6E_2026-08-29_T+7_1787389698948_zpx1,BOM-DEL,EaseMyTrip,6E,6E-451,2026-08-29,T+7,5510,1210,6720,2026-08-22T08:49:35.553Z,FALSE,"",19:00,TRUE
fare_BOM-DEL_6E_2026-08-29_T+7_1787389698948_ucpb,BOM-DEL,EaseMyTrip,6E,6E-488,2026-08-29,T+7,5510,1210,6720,2026-08-22T08:49:35.553Z,FALSE,"",19:00,TRUE
fare_BOM-DEL_6E_2026-08-29_T+7_1787389698948_xdrz,BOM-DEL,EaseMyTrip,6E,6E-6613,2026-08-29,T+7,5510,1210,6720,2026-08-22T08:49:35.553Z,FALSE,"",18:15,TRUE
fare_BOM-DEL_6E_2026-08-29_T+7_1787389698948_vsdw,BOM-DEL,EaseMyTrip,6E,6E-135,2026-08-29,T+7,5510,1210,6720,2026-08-22T08:49:35.553Z,FALSE,"",20:20,TRUE
fare_BOM-DEL_6E_2026-08-29_T+7_1787389698948_d6c1,BOM-DEL,EaseMyTrip,6E,6E-511,2026-08-29,T+7,5510,1210,6720,2026-08-22T08:49:35.553Z,FALSE,"",20:20,TRUE
fare_BOM-DEL_6E_2026-08-29_T+7_1787389698948_o0p2,BOM-DEL,EaseMyTrip,6E,6E-186,2026-08-29,T+7,5510,1210,6720,2026-08-22T08:49:35.553Z,FALSE,"",06:00,TRUE
fare_BOM-DEL_6E_2026-08-29_T+7_1787389698948_8w51,BOM-DEL,EaseMyTrip,6E,6E-172,2026-08-29,T+7,5510,1210,6720,2026-08-22T08:49:35.553Z,FALSE,"",06:00,TRUE
fare_BOM-DEL_6E_2026-08-29_T+7_1787389698948_rxqw,BOM-DEL,EaseMyTrip,6E,6E-908,2026-08-29,T+7,5510,1210,6720,2026-08-22T08:49:35.553Z,FALSE,"",07:00,TRUE
fare_BOM-DEL_6E_2026-08-29_T+7_1787389698948_qp4k,BOM-DEL,EaseMyTrip,6E,6E-865,2026-08-29,T+7,5510,1210,6720,2026-08-22T08:49:35.553Z,FALSE,"",07:00,TRUE
fare_BOM-DEL_6E_2026-08-29_T+7_1787389698948_co6r,BOM-DEL,EaseMyTrip,6E,6E-843,2026-08-29,T+7,5510,1210,6720,2026-08-22T08:49:35.553Z,FALSE,"",08:00,TRUE
fare_BOM-DEL_6E_2026-08-29_T+7_1787389698948_z3ua,BOM-DEL,EaseMyTrip,6E,6E-475,2026-08-29,T+7,5510,1210,6720,2026-08-22T08:49:35.553Z,FALSE,"",08:00,TRUE
fare_BOM-DEL_AI_2026-08-29_T+7_1787389698948_4t0p,BOM-DEL,EaseMyTrip,AI,AI-2677,2026-08-29,T+7,5766,1266,7032,2026-08-22T08:49:35.553Z,FALSE,"",13:00,TRUE
fare_BOM-DEL_AI_2026-08-29_T+7_1787389698948_o1zq,BOM-DEL,EaseMyTrip,AI,AI-2970,2026-08-29,T+7,5766,1266,7032,2026-08-22T08:49:35.553Z,FALSE,"",08:30,TRUE
fare_BOM-DEL_AI_2026-08-29_T+7_1787389698948_d7ra,BOM-DEL,EaseMyTrip,AI,AI-1890,2026-08-29,T+7,5766,1266,7032,2026-08-22T08:49:35.553Z,FALSE,"",09:00,TRUE
fare_BOM-DEL_AI_2026-08-29_T+7_1787389698948_7h04,BOM-DEL,EaseMyTrip,AI,AI-2419,2026-08-29,T+7,5766,1266,7032,2026-08-22T08:49:35.553Z,FALSE,"",12:00,TRUE
fare_BOM-DEL_AI_2026-08-29_T+7_1787389698948_3fgx,BOM-DEL,EaseMyTrip,AI,AI-2442,2026-08-29,T+7,5766,1266,7032,2026-08-22T08:49:35.553Z,FALSE,"",15:00,TRUE
fare_BOM-DEL_AI_2026-08-29_T+7_1787389698948_cdqe,BOM-DEL,EaseMyTrip,AI,AI-2910,2026-08-29,T+7,5766,1266,7032,2026-08-22T08:49:35.553Z,FALSE,"",17:30,TRUE
fare_BOM-DEL_AI_2026-08-29_T+7_1787389698948_5fo5,BOM-DEL,EaseMyTrip,AI,AI-2952,2026-08-29,T+7,5766,1266,7032,2026-08-22T08:49:35.553Z,FALSE,"",11:25,TRUE
fare_BOM-DEL_AI_2026-08-29_T+7_1787389698948_b87y,BOM-DEL,EaseMyTrip,AI,AI-1851,2026-08-29,T+7,5766,1266,7032,2026-08-22T08:49:35.553Z,FALSE,"",15:30,TRUE
fare_BOM-DEL_AI_2026-08-29_T+7_1787389698948_g3mx,BOM-DEL,EaseMyTrip,AI,AI-2687,2026-08-29,T+7,5766,1266,7032,2026-08-22T08:49:35.553Z,FALSE,"",16:30,TRUE
fare_BOM-DEL_QP_2026-08-29_T+7_1787389698948_7kqw,BOM-DEL,EaseMyTrip,QP,QP-1109,2026-08-29,T+7,5679,1246,6925,2026-08-22T08:49:35.553Z,FALSE,"",07:00,TRUE
fare_BOM-DEL_QP_2026-08-29_T+7_1787389698948_si7w,BOM-DEL,EaseMyTrip,QP,QP-1834,2026-08-29,T+7,5679,1246,6925,2026-08-22T08:49:35.553Z,FALSE,"",10:00,TRUE
fare_BOM-DEL_QP_2026-08-29_T+7_1787389698948_ec1h,BOM-DEL,EaseMyTrip,QP,QP-1120,2026-08-29,T+7,5679,1246,6925,2026-08-22T08:49:35.553Z,FALSE,"",18:45,TRUE
fare_BOM-DEL_AI_2026-08-29_T+7_1787389698948_5a98,BOM-DEL,EaseMyTrip,AI,AI-2928,2026-08-29,T+7,5897,1294,7191,2026-08-22T08:49:35.553Z,FALSE,"",06:30,TRUE
fare_BOM-DEL_AI_2026-08-29_T+7_1787389698948_q6vd,BOM-DEL,EaseMyTrip,AI,AI-2424,2026-08-29,T+7,5897,1294,7191,2026-08-22T08:49:35.553Z,FALSE,"",07:00,TRUE
fare_BOM-DEL_AI_2026-08-29_T+7_1787389698948_hlla,BOM-DEL,EaseMyTrip,AI,AI-2408,2026-08-29,T+7,5897,1294,7191,2026-08-22T08:49:35.553Z,FALSE,"",19:30,TRUE
fare_BOM-DEL_AI_2026-08-29_T+7_1787389698948_kyc0,BOM-DEL,EaseMyTrip,AI,AI-816,2026-08-29,T+7,5897,1294,7191,2026-08-22T08:49:35.553Z,FALSE,"",21:00,TRUE
fare_BOM-DEL_AI_2026-08-29_T+7_1787389698948_3q9q,BOM-DEL,EaseMyTrip,AI,AI-2748,2026-08-29,T+7,5897,1294,7191,2026-08-22T08:49:35.553Z,FALSE,"",21:30,TRUE
fare_BOM-DEL_AI_2026-08-29_T+7_1787389698948_wgfn,BOM-DEL,EaseMyTrip,AI,AI-2452,2026-08-29,T+7,5897,1294,7191,2026-08-22T08:49:35.553Z,FALSE,"",03:05,TRUE
fare_BOM-DEL_AI_2026-08-29_T+7_1787389698948_24vm,BOM-DEL,EaseMyTrip,AI,AI-2428,2026-08-29,T+7,5897,1294,7191,2026-08-22T08:49:35.553Z,FALSE,"",08:00,TRUE
fare_BOM-DEL_AI_2026-08-29_T+7_1787389698948_uvx3,BOM-DEL,EaseMyTrip,AI,AI-2440,2026-08-29,T+7,5897,1294,7191,2026-08-22T08:49:35.553Z,FALSE,"",18:00,TRUE
fare_BOM-DEL_AI_2026-08-29_T+7_1787389698948_kv03,BOM-DEL,EaseMyTrip,AI,AI-2996,2026-08-29,T+7,5897,1294,7191,2026-08-22T08:49:35.553Z,FALSE,"",18:30,TRUE
fare_BOM-DEL_AI_2026-08-29_T+7_1787389698948_8oas,BOM-DEL,EaseMyTrip,AI,AI-2426,2026-08-29,T+7,5897,1294,7191,2026-08-22T08:49:35.553Z,FALSE,"",19:00,TRUE
fare_BOM-DEL_AI_2026-08-29_T+7_1787389698948_9ixn,BOM-DEL,EaseMyTrip,AI,AI-2940,2026-08-29,T+7,5897,1294,7191,2026-08-22T08:49:35.553Z,FALSE,"",20:00,TRUE
fare_BOM-DEL_AI_2026-08-29_T+7_1787389698948_rv0e,BOM-DEL,EaseMyTrip,AI,AI-2988,2026-08-29,T+7,5897,1294,7191,2026-08-22T08:49:35.553Z,FALSE,"",20:30,TRUE
fare_BOM-DEL_AI_2026-08-29_T+7_1787389698948_jobo,BOM-DEL,EaseMyTrip,AI,AI-2422,2026-08-29,T+7,5897,1294,7191,2026-08-22T08:49:35.553Z,FALSE,"",22:00,TRUE
fare_BOM-DEL_AI_2026-08-29_T+7_1787389698948_hmdj,BOM-DEL,EaseMyTrip,AI,AI-2614,2026-08-29,T+7,5897,1294,7191,2026-08-22T08:49:35.553Z,FALSE,"",23:30,TRUE
fare_BOM-DEL_AI_2026-08-29_T+7_1787389698948_gqg3,BOM-DEL,EaseMyTrip,AI,AI-1882,2026-08-29,T+7,5897,1294,7191,2026-08-22T08:49:35.553Z,FALSE,"",23:55,TRUE
fare_BOM-DEL_AI_2026-08-29_T+7_1787389698948_7u0k,BOM-DEL,EaseMyTrip,AI,AI-2986,2026-08-29,T+7,5897,1294,7191,2026-08-22T08:49:35.553Z,FALSE,"",22:50,TRUE
fare_BOM-DEL_6E_2026-08-29_T+7_1787389698948_sa4j,BOM-DEL,EaseMyTrip,6E,6E-2237,2026-08-29,T+7,5739,1260,6999,2026-08-22T08:49:35.553Z,FALSE,"",18:40,FALSE
fare_BOM-DEL_6E_2026-08-29_T+7_1787389698948_uwjm,BOM-DEL,EaseMyTrip,6E,6E-285,2026-08-29,T+7,5739,1260,6999,2026-08-22T08:49:35.553Z,FALSE,"",01:30,FALSE
fare_BOM-DEL_6E_2026-08-29_T+7_1787389698948_ic8t,BOM-DEL,EaseMyTrip,6E,6E-256,2026-08-29,T+7,5739,1260,6999,2026-08-22T08:49:35.553Z,FALSE,"",01:30,FALSE
fare_BOM-DEL_6E_2026-08-29_T+7_1787389698948_juvh,BOM-DEL,EaseMyTrip,6E,6E-755,2026-08-29,T+7,5739,1260,6999,2026-08-22T08:49:35.553Z,FALSE,"",04:00,FALSE
fare_BOM-DEL_6E_2026-08-29_T+7_1787389698948_twyy,BOM-DEL,EaseMyTrip,6E,6E-5144,2026-08-29,T+7,5739,1260,6999,2026-08-22T08:49:35.553Z,FALSE,"",05:55,FALSE
fare_BOM-DEL_6E_2026-08-29_T+7_1787389698948_j8of,BOM-DEL,EaseMyTrip,6E,6E-2347,2026-08-29,T+7,5739,1260,6999,2026-08-22T08:49:35.553Z,FALSE,"",08:50,FALSE
fare_BOM-DEL_6E_2026-08-29_T+7_1787389698948_t0bm,BOM-DEL,EaseMyTrip,6E,6E-409,2026-08-29,T+7,5739,1260,6999,2026-08-22T08:49:35.553Z,FALSE,"",14:40,FALSE
fare_BOM-DEL_6E_2026-08-29_T+7_1787389698948_sbwh,BOM-DEL,EaseMyTrip,6E,6E-438,2026-08-29,T+7,5739,1260,6999,2026-08-22T08:49:35.553Z,FALSE,"",14:40,FALSE
fare_BOM-DEL_6E_2026-08-29_T+7_1787389698948_ejld,BOM-DEL,EaseMyTrip,6E,6E-5107,2026-08-29,T+7,5739,1260,6999,2026-08-22T08:49:35.553Z,FALSE,"",20:00,FALSE
fare_BOM-DEL_6E_2026-08-29_T+7_1787389698948_6ve8,BOM-DEL,EaseMyTrip,6E,6E-5201,2026-08-29,T+7,5739,1260,6999,2026-08-22T08:49:35.553Z,FALSE,"",14:55,FALSE
fare_BOM-DEL_6E_2026-08-29_T+7_1787389698948_7kf0,BOM-DEL,EaseMyTrip,6E,6E-6599,2026-08-29,T+7,5847,1283,7130,2026-08-22T08:49:35.553Z,FALSE,"",16:50,FALSE
fare_BOM-DEL_6E_2026-08-29_T+7_1787389698948_0cdm,BOM-DEL,EaseMyTrip,6E,6E-5147,2026-08-29,T+7,5847,1283,7130,2026-08-22T08:49:35.553Z,FALSE,"",18:35,FALSE
fare_BOM-DEL_6E_2026-08-29_T+7_1787389698948_ydi7,BOM-DEL,EaseMyTrip,6E,6E-5164,2026-08-29,T+7,5847,1283,7130,2026-08-22T08:49:35.553Z,FALSE,"",20:35,FALSE
fare_BOM-DEL_6E_2026-08-29_T+7_1787389698948_1m01,BOM-DEL,EaseMyTrip,6E,6E-6122,2026-08-29,T+7,5847,1283,7130,2026-08-22T08:49:35.553Z,FALSE,"",15:45,FALSE
fare_BOM-DEL_6E_2026-08-29_T+7_1787389698948_fnur,BOM-DEL,EaseMyTrip,6E,6E-6058,2026-08-29,T+7,5847,1283,7130,2026-08-22T08:49:35.553Z,FALSE,"",08:05,FALSE
fare_BOM-DEL_6E_2026-08-29_T+7_1787389698948_z746,BOM-DEL,EaseMyTrip,6E,6E-5131,2026-08-29,T+7,5847,1283,7130,2026-08-22T08:49:35.553Z,FALSE,"",15:50,FALSE
fare_BOM-DEL_6E_2026-08-29_T+7_1787389698948_eosp,BOM-DEL,EaseMyTrip,6E,6E-6802,2026-08-29,T+7,5847,1283,7130,2026-08-22T08:49:35.553Z,FALSE,"",16:55,FALSE
fare_BOM-DEL_6E_2026-08-29_T+7_1787389698948_ex8j,BOM-DEL,EaseMyTrip,6E,6E-5273,2026-08-29,T+7,5847,1283,7130,2026-08-22T08:49:35.553Z,FALSE,"",18:35,FALSE
fare_BOM-DEL_6E_2026-08-29_T+7_1787389698948_j0e7,BOM-DEL,EaseMyTrip,6E,6E-5345,2026-08-29,T+7,5847,1283,7130,2026-08-22T08:49:35.553Z,FALSE,"",14:25,FALSE
fare_BOM-DEL_6E_2026-08-29_T+7_1787389698948_4ixb,BOM-DEL,EaseMyTrip,6E,6E-6553,2026-08-29,T+7,5907,1297,7204,2026-08-22T08:49:35.553Z,FALSE,"",16:05,FALSE
fare_BOM-DEL_6E_2026-08-29_T+7_1787389698948_lijn,BOM-DEL,EaseMyTrip,6E,6E-2138,2026-08-29,T+7,5907,1297,7204,2026-08-22T08:49:35.553Z,FALSE,"",16:20,FALSE
fare_BOM-DEL_6E_2026-08-29_T+7_1787389698948_f5ef,BOM-DEL,EaseMyTrip,6E,6E-5028,2026-08-29,T+7,5911,1298,7209,2026-08-22T08:49:35.553Z,FALSE,"",19:35,FALSE
fare_BOM-DEL_6E_2026-08-29_T+7_1787389698948_gkab,BOM-DEL,EaseMyTrip,6E,6E-6937,2026-08-29,T+7,5911,1298,7209,2026-08-22T08:49:35.553Z,FALSE,"",11:30,FALSE
fare_BOM-DEL_6E_2026-08-29_T+7_1787389698948_j4xb,BOM-DEL,EaseMyTrip,6E,6E-680,2026-08-29,T+7,5911,1298,7209,2026-08-22T08:49:35.553Z,FALSE,"",04:45,FALSE
fare_BOM-DEL_6E_2026-08-29_T+7_1787389698948_p7ro,BOM-DEL,EaseMyTrip,6E,6E-399,2026-08-29,T+7,5911,1298,7209,2026-08-22T08:49:35.553Z,FALSE,"",04:45,FALSE
fare_BOM-DEL_6E_2026-08-29_T+7_1787389698948_26eu,BOM-DEL,EaseMyTrip,6E,6E-6543,2026-08-29,T+7,5965,1309,7274,2026-08-22T08:49:35.553Z,FALSE,"",07:50,FALSE
fare_BOM-DEL_6E_2026-08-29_T+7_1787389698948_rr3k,BOM-DEL,EaseMyTrip,6E,6E-600,2026-08-29,T+7,6019,1321,7340,2026-08-22T08:49:35.553Z,FALSE,"",17:45,FALSE
fare_BOM-DEL_6E_2026-08-29_T+7_1787389698948_30hl,BOM-DEL,EaseMyTrip,6E,6E-544,2026-08-29,T+7,6019,1321,7340,2026-08-22T08:49:35.553Z,FALSE,"",17:45,FALSE
fare_BOM-DEL_6E_2026-08-29_T+7_1787389698948_iwrz,BOM-DEL,EaseMyTrip,6E,6E-5056,2026-08-29,T+7,6019,1321,7340,2026-08-22T08:49:35.553Z,FALSE,"",21:10,FALSE
fare_BOM-DEL_6E_2026-08-29_T+7_1787389698948_8t9e,BOM-DEL,EaseMyTrip,6E,6E-6195,2026-08-29,T+7,6019,1321,7340,2026-08-22T08:49:35.553Z,FALSE,"",23:00,FALSE
fare_BOM-DEL_6E_2026-08-29_T+7_1787389698948_1331,BOM-DEL,EaseMyTrip,6E,6E-5326,2026-08-29,T+7,6019,1321,7340,2026-08-22T08:49:35.553Z,FALSE,"",19:40,FALSE
fare_BOM-DEL_6E_2026-08-29_T+7_1787389698948_q9lh,BOM-DEL,EaseMyTrip,6E,6E-6361,2026-08-29,T+7,6084,1335,7419,2026-08-22T08:49:35.553Z,FALSE,"",05:00,FALSE
fare_BOM-DEL_AI_2026-08-29_T+7_1787389698948_i7ib,BOM-DEL,EaseMyTrip,AI,AI-2591,2026-08-29,T+7,6283,1379,7662,2026-08-22T08:49:35.553Z,FALSE,"",07:25,TRUE
fare_BOM-DEL_6E_2026-08-29_T+7_1787389698948_fcr9,BOM-DEL,EaseMyTrip,6E,6E-304,2026-08-29,T+7,6277,1378,7655,2026-08-22T08:49:35.553Z,FALSE,"",12:40,FALSE
fare_BOM-DEL_6E_2026-08-29_T+7_1787389698948_pr09,BOM-DEL,EaseMyTrip,6E,6E-341,2026-08-29,T+7,6277,1378,7655,2026-08-22T08:49:35.553Z,FALSE,"",12:40,FALSE
fare_BOM-DEL_6E_2026-08-29_T+7_1787389698948_cbxi,BOM-DEL,EaseMyTrip,6E,6E-5154,2026-08-29,T+7,6305,1384,7689,2026-08-22T08:49:35.553Z,FALSE,"",15:45,FALSE
fare_BOM-DEL_6E_2026-08-29_T+7_1787389698948_72xn,BOM-DEL,EaseMyTrip,6E,6E-7017,2026-08-29,T+7,6343,1392,7735,2026-08-22T08:49:35.553Z,FALSE,"",21:30,FALSE
fare_BOM-DEL_6E_2026-08-29_T+7_1787389698948_i1ll,BOM-DEL,EaseMyTrip,6E,6E-5135,2026-08-29,T+7,6347,1393,7740,2026-08-22T08:49:35.553Z,FALSE,"",23:20,FALSE
fare_BOM-DEL_6E_2026-08-29_T+7_1787389698948_vk84,BOM-DEL,EaseMyTrip,6E,6E-5059,2026-08-29,T+7,6700,1471,8171,2026-08-22T08:49:35.553Z,FALSE,"",05:45,FALSE
fare_BOM-DEL_IX_2026-08-29_T+7_1787389698948_sgq9,BOM-DEL,EaseMyTrip,IX,IX-1238,2026-08-29,T+7,6987,1534,8521,2026-08-22T08:49:35.553Z,TRUE,"High outlier: ₹8521 > upper fence ₹8302 (Q3: ₹7258, IQR: ₹696)",12:25,FALSE
fare_BOM-DEL_IX_2026-08-29_T+7_1787389698948_s6u6,BOM-DEL,EaseMyTrip,IX,IX-2367,2026-08-29,T+7,6987,1534,8521,2026-08-22T08:49:35.553Z,TRUE,"High outlier: ₹8521 > upper fence ₹8302 (Q3: ₹7258, IQR: ₹696)",07:20,FALSE
fare_BOM-DEL_6E_2026-08-29_T+7_1787389698948_coe2,BOM-DEL,EaseMyTrip,6E,6E-6027,2026-08-29,T+7,6808,1494,8302,2026-08-22T08:49:35.553Z,FALSE,"",17:35,FALSE
fare_BOM-DEL_6E_2026-08-29_T+7_1787389698948_ixbb,BOM-DEL,EaseMyTrip,6E,6E-5281,2026-08-29,T+7,6849,1504,8353,2026-08-22T08:49:35.553Z,TRUE,"High outlier: ₹8353 > upper fence ₹8302 (Q3: ₹7258, IQR: ₹696)",08:40,FALSE
fare_BOM-DEL_6E_2026-08-29_T+7_1787389698948_t4c7,BOM-DEL,EaseMyTrip,6E,6E-177,2026-08-29,T+7,6872,1509,8381,2026-08-22T08:49:35.553Z,TRUE,"High outlier: ₹8381 > upper fence ₹8302 (Q3: ₹7258, IQR: ₹696)",19:20,FALSE
fare_BOM-DEL_6E_2026-08-29_T+7_1787389698948_ld7o,BOM-DEL,EaseMyTrip,6E,6E-561,2026-08-29,T+7,6872,1509,8381,2026-08-22T08:49:35.553Z,TRUE,"High outlier: ₹8381 > upper fence ₹8302 (Q3: ₹7258, IQR: ₹696)",19:20,FALSE
fare_BOM-DEL_IX_2026-08-29_T+7_1787389698948_eoxy,BOM-DEL,EaseMyTrip,IX,IX-1237,2026-08-29,T+7,7685,1687,9372,2026-08-22T08:49:35.553Z,TRUE,"High outlier: ₹9372 > upper fence ₹8302 (Q3: ₹7258, IQR: ₹696)",05:55,FALSE
fare_BOM-DEL_AI_2026-08-29_T+7_1787389698948_ml4t,BOM-DEL,EaseMyTrip,AI,AI-9558,2026-08-29,T+7,8225,1805,10030,2026-08-22T08:49:35.553Z,TRUE,"High outlier: ₹10030 > upper fence ₹8302 (Q3: ₹7258, IQR: ₹696)",08:30,FALSE
fare_BOM-DEL_IX_2026-08-29_T+7_1787389698948_rthk,BOM-DEL,EaseMyTrip,IX,IX-1798,2026-08-29,T+7,8565,1880,10445,2026-08-22T08:49:35.553Z,TRUE,"High outlier: ₹10445 > upper fence ₹8302 (Q3: ₹7258, IQR: ₹696)",11:20,FALSE
fare_BOM-DEL_AI_2026-08-29_T+7_1787389698948_csob,BOM-DEL,EaseMyTrip,AI,AI-9518,2026-08-29,T+7,8521,1870,10391,2026-08-22T08:49:35.553Z,TRUE,"High outlier: ₹10391 > upper fence ₹8302 (Q3: ₹7258, IQR: ₹696)",16:15,FALSE
fare_BOM-DEL_IX_2026-08-29_T+7_1787389698948_t76y,BOM-DEL,EaseMyTrip,IX,IX-1640,2026-08-29,T+7,9241,2029,11270,2026-08-22T08:49:35.553Z,TRUE,"High outlier: ₹11270 > upper fence ₹8302 (Q3: ₹7258, IQR: ₹696)",20:55,FALSE
fare_BOM-DEL_AI_2026-08-29_T+7_1787389698948_rs0y,BOM-DEL,EaseMyTrip,AI,AI-9718,2026-08-29,T+7,9818,2155,11973,2026-08-22T08:49:35.553Z,TRUE,"High outlier: ₹11973 > upper fence ₹8302 (Q3: ₹7258, IQR: ₹696)",20:20,FALSE
fare_BOM-DEL_AI_2026-08-29_T+7_1787389698948_k0n6,BOM-DEL,EaseMyTrip,AI,AI-9753,2026-08-29,T+7,9835,2159,11994,2026-08-22T08:49:35.553Z,TRUE,"High outlier: ₹11994 > upper fence ₹8302 (Q3: ₹7258, IQR: ₹696)",17:05,FALSE
fare_BOM-DEL_AI_2026-08-29_T+7_1787389698948_6n9h,BOM-DEL,EaseMyTrip,AI,AI-2491,2026-08-29,T+7,9906,2175,12081,2026-08-22T08:49:35.553Z,TRUE,"High outlier: ₹12081 > upper fence ₹8302 (Q3: ₹7258, IQR: ₹696)",11:15,FALSE
fare_BOM-DEL_6E_2026-08-29_T+7_1787389698948_ymic,BOM-DEL,EaseMyTrip,6E,6E-2024,2026-08-29,T+7,10353,2273,12626,2026-08-22T08:49:35.553Z,TRUE,"High outlier: ₹12626 > upper fence ₹8302 (Q3: ₹7258, IQR: ₹696)",09:15,FALSE
fare_BOM-DEL_6E_2026-08-29_T+7_1787389698948_h97j,BOM-DEL,EaseMyTrip,6E,6E-5181,2026-08-29,T+7,10892,2391,13283,2026-08-22T08:49:35.553Z,TRUE,"High outlier: ₹13283 > upper fence ₹8302 (Q3: ₹7258, IQR: ₹696)",10:25,FALSE
fare_BOM-DEL_AI_2026-08-29_T+7_1787389698948_2nbd,BOM-DEL,EaseMyTrip,AI,AI-2847,2026-08-29,T+7,11449,2513,13962,2026-08-22T08:49:35.553Z,TRUE,"High outlier: ₹13962 > upper fence ₹8302 (Q3: ₹7258, IQR: ₹696)",10:20,FALSE
fare_BOM-DEL_6E_2026-08-29_T+7_1787389698948_8szc,BOM-DEL,EaseMyTrip,6E,6E-5246,2026-08-29,T+7,11583,2542,14125,2026-08-22T08:49:35.553Z,TRUE,"High outlier: ₹14125 > upper fence ₹8302 (Q3: ₹7258, IQR: ₹696)",07:15,FALSE
fare_BOM-DEL_AI_2026-08-29_T+7_1787389698948_m1q0,BOM-DEL,EaseMyTrip,AI,AI-9891,2026-08-29,T+7,11975,2629,14604,2026-08-22T08:49:35.553Z,TRUE,"High outlier: ₹14604 > upper fence ₹8302 (Q3: ₹7258, IQR: ₹696)",11:20,FALSE
fare_BOM-DEL_6E_2026-08-29_T+7_1787389698948_iydw,BOM-DEL,EaseMyTrip,6E,6E-5318,2026-08-29,T+7,11961,2626,14587,2026-08-22T08:49:35.553Z,TRUE,"High outlier: ₹14587 > upper fence ₹8302 (Q3: ₹7258, IQR: ₹696)",10:15,FALSE
fare_BOM-DEL_6E_2026-08-29_T+7_1787389698948_tnh1,BOM-DEL,EaseMyTrip,6E,6E-5178,2026-08-29,T+7,11961,2626,14587,2026-08-22T08:49:35.553Z,TRUE,"High outlier: ₹14587 > upper fence ₹8302 (Q3: ₹7258, IQR: ₹696)",11:40,FALSE
fare_BOM-DEL_AI_2026-08-29_T+7_1787389698948_dd85,BOM-DEL,EaseMyTrip,AI,AI-9533,2026-08-29,T+7,12438,2730,15168,2026-08-22T08:49:35.553Z,TRUE,"High outlier: ₹15168 > upper fence ₹8302 (Q3: ₹7258, IQR: ₹696)",16:30,FALSE
fare_BOM-DEL_AI_2026-08-29_T+7_1787389698948_s3q8,BOM-DEL,EaseMyTrip,AI,AI-2812,2026-08-29,T+7,12561,2757,15318,2026-08-22T08:49:35.553Z,TRUE,"High outlier: ₹15318 > upper fence ₹8302 (Q3: ₹7258, IQR: ₹696)",02:05,FALSE
fare_BOM-DEL_IX_2026-08-29_T+7_1787389698948_0ynl,BOM-DEL,EaseMyTrip,IX,IX-1283,2026-08-29,T+7,12630,2773,15403,2026-08-22T08:49:35.553Z,TRUE,"High outlier: ₹15403 > upper fence ₹8302 (Q3: ₹7258, IQR: ₹696)",06:05,FALSE
fare_BOM-DEL_AI_2026-08-29_T+7_1787389698948_i6l8,BOM-DEL,EaseMyTrip,AI,AI-2841,2026-08-29,T+7,13192,2896,16088,2026-08-22T08:49:35.553Z,TRUE,"High outlier: ₹16088 > upper fence ₹8302 (Q3: ₹7258, IQR: ₹696)",11:20,FALSE
fare_BOM-DEL_AI_2026-08-29_T+7_1787389698948_lp27,BOM-DEL,EaseMyTrip,AI,AI-2659,2026-08-29,T+7,13311,2922,16233,2026-08-22T08:49:35.553Z,TRUE,"High outlier: ₹16233 > upper fence ₹8302 (Q3: ₹7258, IQR: ₹696)",14:35,FALSE
fare_BOM-DEL_AI_2026-08-29_T+7_1787389698948_vx3a,BOM-DEL,EaseMyTrip,AI,AI-2997,2026-08-29,T+7,14082,3091,17173,2026-08-22T08:49:35.553Z,TRUE,"High outlier: ₹17173 > upper fence ₹8302 (Q3: ₹7258, IQR: ₹696)",10:10,FALSE
fare_BOM-DEL_AI_2026-08-29_T+7_1787389698948_4m34,BOM-DEL,EaseMyTrip,AI,AI-2493,2026-08-29,T+7,14128,3101,17229,2026-08-22T08:49:35.553Z,TRUE,"High outlier: ₹17229 > upper fence ₹8302 (Q3: ₹7258, IQR: ₹696)",18:05,FALSE
fare_BOM-DEL_AI_2026-08-29_T+7_1787389698948_cb8g,BOM-DEL,EaseMyTrip,AI,AI-2749,2026-08-29,T+7,14173,3111,17284,2026-08-22T08:49:35.553Z,TRUE,"High outlier: ₹17284 > upper fence ₹8302 (Q3: ₹7258, IQR: ₹696)",17:35,FALSE
fare_BOM-DEL_AI_2026-08-29_T+7_1787389698948_fiwu,BOM-DEL,EaseMyTrip,AI,AI-2741,2026-08-29,T+7,14403,3162,17565,2026-08-22T08:49:35.553Z,TRUE,"High outlier: ₹17565 > upper fence ₹8302 (Q3: ₹7258, IQR: ₹696)",07:40,FALSE
fare_BOM-DEL_AI_2026-08-29_T+7_1787389698948_sqzp,BOM-DEL,EaseMyTrip,AI,AI-2531,2026-08-29,T+7,14755,3239,17994,2026-08-22T08:49:35.553Z,TRUE,"High outlier: ₹17994 > upper fence ₹8302 (Q3: ₹7258, IQR: ₹696)",15:05,FALSE
fare_BOM-DEL_AI_2026-08-29_T+7_1787389698948_e0es,BOM-DEL,EaseMyTrip,AI,AI-2625,2026-08-29,T+7,14981,3289,18270,2026-08-22T08:49:35.553Z,TRUE,"High outlier: ₹18270 > upper fence ₹8302 (Q3: ₹7258, IQR: ₹696)",06:00,FALSE
fare_BOM-DEL_AI_2026-08-29_T+7_1787389698948_l4lx,BOM-DEL,EaseMyTrip,AI,AI-2593,2026-08-29,T+7,16601,3644,20245,2026-08-22T08:49:35.553Z,TRUE,"High outlier: ₹20245 > upper fence ₹8302 (Q3: ₹7258, IQR: ₹696)",12:30,FALSE
fare_BOM-DEL_AI_2026-08-29_T+7_1787389698948_gmg1,BOM-DEL,EaseMyTrip,AI,AI-2632,2026-08-29,T+7,16794,3686,20480,2026-08-22T08:49:35.553Z,TRUE,"High outlier: ₹20480 > upper fence ₹8302 (Q3: ₹7258, IQR: ₹696)",12:00,FALSE
fare_BOM-DEL_AI_2026-08-29_T+7_1787389698948_g9l9,BOM-DEL,EaseMyTrip,AI,AI-2718,2026-08-29,T+7,21165,4646,25811,2026-08-22T08:49:35.553Z,TRUE,"High outlier: ₹25811 > upper fence ₹8302 (Q3: ₹7258, IQR: ₹696)",05:55,FALSE
fare_BOM-DEL_AI_2026-08-29_T+7_1787389698948_97qv,BOM-DEL,EaseMyTrip,AI,AI-2579,2026-08-29,T+7,23058,5062,28120,2026-08-22T08:49:35.553Z,TRUE,"High outlier: ₹28120 > upper fence ₹8302 (Q3: ₹7258, IQR: ₹696)",10:35,FALSE
fare_BOM-DEL_SG_2026-08-29_T+7_1787389698949_eykt,BOM-DEL,EaseMyTrip,SG,SG-690,2026-08-29,T+7,5188,1139,6327,2026-08-22T09:04:17.631Z,FALSE,"",01:50,TRUE
fare_BOM-DEL_SG_2026-08-29_T+7_1787389698949_qyrg,BOM-DEL,EaseMyTrip,SG,SG-783,2026-08-29,T+7,5188,1139,6327,2026-08-22T09:04:17.631Z,FALSE,"",01:50,TRUE
fare_BOM-DEL_SG_2026-08-29_T+7_1787389698949_p52b,BOM-DEL,EaseMyTrip,SG,SG-723,2026-08-29,T+7,5275,1158,6433,2026-08-22T09:04:17.631Z,FALSE,"",06:25,TRUE
fare_BOM-DEL_SG_2026-08-29_T+7_1787389698949_748s,BOM-DEL,EaseMyTrip,SG,SG-200,2026-08-29,T+7,5275,1158,6433,2026-08-22T09:04:17.631Z,FALSE,"",06:25,TRUE
fare_BOM-DEL_SG_2026-08-29_T+7_1787389698949_h362,BOM-DEL,EaseMyTrip,SG,SG-625,2026-08-29,T+7,5275,1158,6433,2026-08-22T09:04:17.631Z,FALSE,"",15:55,TRUE
fare_BOM-DEL_SG_2026-08-29_T+7_1787389698949_6hct,BOM-DEL,EaseMyTrip,SG,SG-748,2026-08-29,T+7,5275,1158,6433,2026-08-22T09:04:17.631Z,FALSE,"",15:55,TRUE
fare_BOM-DEL_SG_2026-08-29_T+7_1787389698949_du24,BOM-DEL,EaseMyTrip,SG,SG-115,2026-08-29,T+7,5275,1158,6433,2026-08-22T09:04:17.631Z,FALSE,"",17:55,TRUE
fare_BOM-DEL_SG_2026-08-29_T+7_1787389698949_hq3x,BOM-DEL,EaseMyTrip,SG,SG-649,2026-08-29,T+7,5275,1158,6433,2026-08-22T09:04:17.631Z,FALSE,"",17:55,TRUE
fare_BOM-DEL_6E_2026-08-29_T+7_1787389698949_l6np,BOM-DEL,EaseMyTrip,6E,6E-505,2026-08-29,T+7,5380,1181,6561,2026-08-22T09:04:17.631Z,FALSE,"",17:20,TRUE
fare_BOM-DEL_6E_2026-08-29_T+7_1787389698949_2uqm,BOM-DEL,EaseMyTrip,6E,6E-138,2026-08-29,T+7,5380,1181,6561,2026-08-22T09:04:17.631Z,FALSE,"",17:20,TRUE
fare_BOM-DEL_6E_2026-08-29_T+7_1787389698949_3kya,BOM-DEL,EaseMyTrip,6E,6E-975,2026-08-29,T+7,5381,1181,6562,2026-08-22T09:04:17.631Z,FALSE,"",17:20,TRUE
fare_BOM-DEL_6E_2026-08-29_T+7_1787389698949_jh1c,BOM-DEL,EaseMyTrip,6E,6E-576,2026-08-29,T+7,5381,1181,6562,2026-08-22T09:04:17.631Z,FALSE,"",17:20,TRUE
fare_BOM-DEL_6E_2026-08-29_T+7_1787389698949_76gn,BOM-DEL,EaseMyTrip,6E,6E-314,2026-08-29,T+7,5381,1181,6562,2026-08-22T09:04:17.631Z,FALSE,"",16:00,TRUE
fare_BOM-DEL_6E_2026-08-29_T+7_1787389698949_dn5l,BOM-DEL,EaseMyTrip,6E,6E-260,2026-08-29,T+7,5381,1181,6562,2026-08-22T09:04:17.631Z,FALSE,"",16:00,TRUE
fare_BOM-DEL_6E_2026-08-29_T+7_1787389698949_1ktv,BOM-DEL,EaseMyTrip,6E,6E-873,2026-08-29,T+7,5381,1181,6562,2026-08-22T09:04:17.631Z,FALSE,"",15:00,TRUE
fare_BOM-DEL_6E_2026-08-29_T+7_1787389698949_eqiq,BOM-DEL,EaseMyTrip,6E,6E-393,2026-08-29,T+7,5381,1181,6562,2026-08-22T09:04:17.631Z,FALSE,"",15:00,TRUE
fare_BOM-DEL_6E_2026-08-29_T+7_1787389698949_feck,BOM-DEL,EaseMyTrip,6E,6E-777,2026-08-29,T+7,5381,1181,6562,2026-08-22T09:04:17.631Z,FALSE,"",13:00,TRUE
fare_BOM-DEL_6E_2026-08-29_T+7_1787389698949_1nff,BOM-DEL,EaseMyTrip,6E,6E-271,2026-08-29,T+7,5381,1181,6562,2026-08-22T09:04:17.631Z,FALSE,"",13:00,TRUE
fare_BOM-DEL_6E_2026-08-29_T+7_1787389698949_i19k,BOM-DEL,EaseMyTrip,6E,6E-122,2026-08-29,T+7,5381,1181,6562,2026-08-22T09:04:17.631Z,FALSE,"",10:35,TRUE
fare_BOM-DEL_6E_2026-08-29_T+7_1787389698949_fgpl,BOM-DEL,EaseMyTrip,6E,6E-157,2026-08-29,T+7,5381,1181,6562,2026-08-22T09:04:17.631Z,FALSE,"",10:35,TRUE
fare_BOM-DEL_6E_2026-08-29_T+7_1787389698949_jvis,BOM-DEL,EaseMyTrip,6E,6E-995,2026-08-29,T+7,5381,1181,6562,2026-08-22T09:04:17.631Z,FALSE,"",09:00,TRUE
fare_BOM-DEL_6E_2026-08-29_T+7_1787389698949_jw9e,BOM-DEL,EaseMyTrip,6E,6E-811,2026-08-29,T+7,5381,1181,6562,2026-08-22T09:04:17.631Z,FALSE,"",09:00,TRUE
fare_BOM-DEL_6E_2026-08-29_T+7_1787389698949_t94b,BOM-DEL,EaseMyTrip,6E,6E-830,2026-08-29,T+7,5510,1210,6720,2026-08-22T09:04:17.631Z,FALSE,"",05:00,TRUE
fare_BOM-DEL_6E_2026-08-29_T+7_1787389698949_mhxc,BOM-DEL,EaseMyTrip,6E,6E-528,2026-08-29,T+7,5510,1210,6720,2026-08-22T09:04:17.631Z,FALSE,"",05:00,TRUE
fare_BOM-DEL_6E_2026-08-29_T+7_1787389698949_6xir,BOM-DEL,EaseMyTrip,6E,6E-132,2026-08-29,T+7,5510,1210,6720,2026-08-22T09:04:17.631Z,FALSE,"",23:45,TRUE
fare_BOM-DEL_6E_2026-08-29_T+7_1787389698949_tgjg,BOM-DEL,EaseMyTrip,6E,6E-869,2026-08-29,T+7,5510,1210,6720,2026-08-22T09:04:17.631Z,FALSE,"",23:45,TRUE
fare_BOM-DEL_6E_2026-08-29_T+7_1787389698949_vxoe,BOM-DEL,EaseMyTrip,6E,6E-400,2026-08-29,T+7,5510,1210,6720,2026-08-22T09:04:17.631Z,FALSE,"",22:15,TRUE
fare_BOM-DEL_6E_2026-08-29_T+7_1787389698949_778j,BOM-DEL,EaseMyTrip,6E,6E-249,2026-08-29,T+7,5510,1210,6720,2026-08-22T09:04:17.631Z,FALSE,"",22:15,TRUE
fare_BOM-DEL_6E_2026-08-29_T+7_1787389698949_t3yo,BOM-DEL,EaseMyTrip,6E,6E-358,2026-08-29,T+7,5510,1210,6720,2026-08-22T09:04:17.631Z,FALSE,"",21:15,TRUE
fare_BOM-DEL_6E_2026-08-29_T+7_1787389698949_q2xu,BOM-DEL,EaseMyTrip,6E,6E-734,2026-08-29,T+7,5510,1210,6720,2026-08-22T09:04:17.631Z,FALSE,"",21:15,TRUE
fare_BOM-DEL_6E_2026-08-29_T+7_1787389698949_pe13,BOM-DEL,EaseMyTrip,6E,6E-772,2026-08-29,T+7,5510,1210,6720,2026-08-22T09:04:17.631Z,FALSE,"",19:00,TRUE
fare_BOM-DEL_6E_2026-08-29_T+7_1787389698949_5m76,BOM-DEL,EaseMyTrip,6E,6E-882,2026-08-29,T+7,5510,1210,6720,2026-08-22T09:04:17.631Z,FALSE,"",19:00,TRUE
fare_BOM-DEL_6E_2026-08-29_T+7_1787389698949_73w5,BOM-DEL,EaseMyTrip,6E,6E-968,2026-08-29,T+7,5510,1210,6720,2026-08-22T09:04:17.631Z,FALSE,"",20:20,TRUE
fare_BOM-DEL_6E_2026-08-29_T+7_1787389698949_wglq,BOM-DEL,EaseMyTrip,6E,6E-577,2026-08-29,T+7,5510,1210,6720,2026-08-22T09:04:17.631Z,FALSE,"",20:20,TRUE
fare_BOM-DEL_6E_2026-08-29_T+7_1787389698949_r9t9,BOM-DEL,EaseMyTrip,6E,6E-540,2026-08-29,T+7,5510,1210,6720,2026-08-22T09:04:17.631Z,FALSE,"",06:00,TRUE
fare_BOM-DEL_6E_2026-08-29_T+7_1787389698949_pg88,BOM-DEL,EaseMyTrip,6E,6E-204,2026-08-29,T+7,5510,1210,6720,2026-08-22T09:04:17.631Z,FALSE,"",06:00,TRUE
fare_BOM-DEL_6E_2026-08-29_T+7_1787389698949_hzn1,BOM-DEL,EaseMyTrip,6E,6E-192,2026-08-29,T+7,5510,1210,6720,2026-08-22T09:04:17.631Z,FALSE,"",07:00,TRUE
fare_BOM-DEL_6E_2026-08-29_T+7_1787389698949_2mpx,BOM-DEL,EaseMyTrip,6E,6E-219,2026-08-29,T+7,5510,1210,6720,2026-08-22T09:04:17.631Z,FALSE,"",07:00,TRUE
fare_BOM-DEL_6E_2026-08-29_T+7_1787389698949_n7dp,BOM-DEL,EaseMyTrip,6E,6E-791,2026-08-29,T+7,5510,1210,6720,2026-08-22T09:04:17.631Z,FALSE,"",08:00,TRUE
fare_BOM-DEL_6E_2026-08-29_T+7_1787389698949_ux0q,BOM-DEL,EaseMyTrip,6E,6E-783,2026-08-29,T+7,5510,1210,6720,2026-08-22T09:04:17.631Z,FALSE,"",08:00,TRUE
fare_BOM-DEL_6E_2026-08-29_T+7_1787389698949_qii2,BOM-DEL,EaseMyTrip,6E,6E-940,2026-08-29,T+7,5739,1260,6999,2026-08-22T09:04:17.631Z,FALSE,"",01:30,FALSE
fare_BOM-DEL_6E_2026-08-29_T+7_1787389698949_1917,BOM-DEL,EaseMyTrip,6E,6E-694,2026-08-29,T+7,5739,1260,6999,2026-08-22T09:04:17.631Z,FALSE,"",01:30,FALSE
fare_BOM-DEL_6E_2026-08-29_T+7_1787389698949_cswt,BOM-DEL,EaseMyTrip,6E,6E-275,2026-08-29,T+7,5739,1260,6999,2026-08-22T09:04:17.631Z,FALSE,"",14:40,FALSE
fare_BOM-DEL_6E_2026-08-29_T+7_1787389698949_hvdv,BOM-DEL,EaseMyTrip,6E,6E-312,2026-08-29,T+7,5739,1260,6999,2026-08-22T09:04:17.631Z,FALSE,"",14:40,FALSE
fare_BOM-DEL_6E_2026-08-29_T+7_1787389698949_y687,BOM-DEL,EaseMyTrip,6E,6E-413,2026-08-29,T+7,5911,1298,7209,2026-08-22T09:04:17.631Z,FALSE,"",04:45,FALSE
fare_BOM-DEL_6E_2026-08-29_T+7_1787389698949_845g,BOM-DEL,EaseMyTrip,6E,6E-523,2026-08-29,T+7,5911,1298,7209,2026-08-22T09:04:17.631Z,FALSE,"",04:45,FALSE
fare_BOM-DEL_6E_2026-08-29_T+7_1787389698949_2z2h,BOM-DEL,EaseMyTrip,6E,6E-726,2026-08-29,T+7,6019,1321,7340,2026-08-22T09:04:17.631Z,FALSE,"",17:45,FALSE
fare_BOM-DEL_6E_2026-08-29_T+7_1787389698949_anvq,BOM-DEL,EaseMyTrip,6E,6E-239,2026-08-29,T+7,6277,1378,7655,2026-08-22T09:04:17.631Z,FALSE,"",12:40,FALSE
fare_BOM-DEL_6E_2026-08-29_T+7_1787389698949_ryqv,BOM-DEL,EaseMyTrip,6E,6E-932,2026-08-29,T+7,6872,1509,8381,2026-08-22T09:04:17.631Z,TRUE,"High outlier: ₹8381 > upper fence ₹8302 (Q3: ₹7258, IQR: ₹696)",19:20,FALSE
fare_BOM-DEL_6E_2026-08-29_T+7_1787389698949_topt,BOM-DEL,EaseMyTrip,6E,6E-549,2026-08-29,T+7,6872,1509,8381,2026-08-22T09:04:17.631Z,TRUE,"High outlier: ₹8381 > upper fence ₹8302 (Q3: ₹7258, IQR: ₹696)",19:20,FALSE
fare_CCU-DEL_IX_2026-08-23_T+1_1787389698949_zufy,CCU-DEL,EaseMyTrip,IX,IX-1248,2026-08-23,T+1,6253,1372,7625,2026-08-22T09:05:23.010Z,FALSE,"",07:45,FALSE
fare_CCU-DEL_SG_2026-08-23_T+1_1787389698949_5xht,CCU-DEL,EaseMyTrip,SG,SG-958,2026-08-23,T+1,6272,1377,7649,2026-08-22T09:05:23.010Z,FALSE,"",23:20,TRUE
fare_CCU-DEL_SG_2026-08-23_T+1_1787389698949_6cqk,CCU-DEL,EaseMyTrip,SG,SG-610,2026-08-23,T+1,6272,1377,7649,2026-08-22T09:05:23.010Z,FALSE,"",23:20,TRUE
fare_CCU-DEL_6E_2026-08-23_T+1_1787389698949_wxu8,CCU-DEL,EaseMyTrip,6E,6E-899,2026-08-23,T+1,6859,1506,8365,2026-08-22T09:05:23.010Z,FALSE,"",07:00,TRUE
fare_CCU-DEL_6E_2026-08-23_T+1_1787389698949_d7yg,CCU-DEL,EaseMyTrip,6E,6E-159,2026-08-23,T+1,6859,1506,8365,2026-08-22T09:05:23.010Z,FALSE,"",07:00,TRUE
fare_CCU-DEL_6E_2026-08-23_T+1_1787389698949_qqb3,CCU-DEL,EaseMyTrip,6E,6E-5190,2026-08-23,T+1,6859,1506,8365,2026-08-22T09:05:23.010Z,FALSE,"",22:30,TRUE
fare_CCU-DEL_6E_2026-08-23_T+1_1787389698949_57bs,CCU-DEL,EaseMyTrip,6E,6E-869,2026-08-23,T+1,6859,1506,8365,2026-08-22T09:05:23.010Z,FALSE,"",21:00,TRUE
fare_CCU-DEL_6E_2026-08-23_T+1_1787389698949_v1kx,CCU-DEL,EaseMyTrip,6E,6E-994,2026-08-23,T+1,6859,1506,8365,2026-08-22T09:05:23.010Z,FALSE,"",21:00,TRUE
fare_CCU-DEL_AI_2026-08-23_T+1_1787389698949_gwh5,CCU-DEL,EaseMyTrip,AI,AI-2720,2026-08-23,T+1,7023,1542,8565,2026-08-22T09:05:23.010Z,FALSE,"",07:00,TRUE
fare_CCU-DEL_AI_2026-08-23_T+1_1787389698949_3b1e,CCU-DEL,EaseMyTrip,AI,AI-2708,2026-08-23,T+1,7023,1542,8565,2026-08-22T09:05:23.010Z,FALSE,"",21:00,TRUE
fare_CCU-DEL_AI_2026-08-23_T+1_1787389698949_4jak,CCU-DEL,EaseMyTrip,AI,AI-2710,2026-08-23,T+1,7023,1542,8565,2026-08-22T09:05:23.010Z,FALSE,"",22:00,TRUE
fare_CCU-DEL_QP_2026-08-23_T+1_1787389698949_n3ou,CCU-DEL,EaseMyTrip,QP,QP-1802,2026-08-23,T+1,6921,1519,8440,2026-08-22T09:05:23.010Z,FALSE,"",09:05,TRUE
fare_CCU-DEL_6E_2026-08-23_T+1_1787389698949_7riv,CCU-DEL,EaseMyTrip,6E,6E-2588,2026-08-23,T+1,7021,1541,8562,2026-08-22T09:05:23.010Z,FALSE,"",11:40,TRUE
fare_CCU-DEL_6E_2026-08-23_T+1_1787389698949_u7b4,CCU-DEL,EaseMyTrip,6E,6E-447,2026-08-23,T+1,7075,1553,8628,2026-08-22T09:05:23.010Z,FALSE,"",08:25,TRUE
fare_CCU-DEL_6E_2026-08-23_T+1_1787389698949_au2o,CCU-DEL,EaseMyTrip,6E,6E-163,2026-08-23,T+1,7075,1553,8628,2026-08-22T09:05:23.010Z,FALSE,"",08:25,TRUE
fare_CCU-DEL_AI_2026-08-23_T+1_1787389698949_maiw,CCU-DEL,EaseMyTrip,AI,AI-2778,2026-08-23,T+1,7240,1589,8829,2026-08-22T09:05:23.010Z,FALSE,"",08:30,TRUE
fare_CCU-DEL_6E_2026-08-23_T+1_1787389698949_68ui,CCU-DEL,EaseMyTrip,6E,6E-6785,2026-08-23,T+1,7492,1645,9137,2026-08-22T09:05:23.010Z,FALSE,"",07:55,FALSE
fare_CCU-DEL_6E_2026-08-23_T+1_1787389698949_irc7,CCU-DEL,EaseMyTrip,6E,6E-6134,2026-08-23,T+1,7665,1682,9347,2026-08-22T09:05:23.010Z,FALSE,"",16:30,FALSE
fare_CCU-DEL_AI_2026-08-23_T+1_1787389698949_b2xl,CCU-DEL,EaseMyTrip,AI,AI-2704,2026-08-23,T+1,7842,1722,9564,2026-08-22T09:05:23.010Z,FALSE,"",10:30,TRUE
fare_CCU-DEL_AI_2026-08-23_T+1_1787389698949_6stk,CCU-DEL,EaseMyTrip,AI,AI-2536,2026-08-23,T+1,7842,1722,9564,2026-08-22T09:05:23.010Z,FALSE,"",09:30,TRUE
fare_CCU-DEL_QP_2026-08-23_T+1_1787389698949_bzak,CCU-DEL,EaseMyTrip,QP,QP-1804,2026-08-23,T+1,7719,1694,9413,2026-08-22T09:05:23.010Z,FALSE,"",20:05,TRUE
fare_CCU-DEL_6E_2026-08-23_T+1_1787389698949_yl4c,CCU-DEL,EaseMyTrip,6E,6E-6139,2026-08-23,T+1,7829,1719,9548,2026-08-22T09:05:23.010Z,FALSE,"",07:10,FALSE
fare_CCU-DEL_6E_2026-08-23_T+1_1787389698949_d2xg,CCU-DEL,EaseMyTrip,6E,6E-473,2026-08-23,T+1,7829,1719,9548,2026-08-22T09:05:23.010Z,FALSE,"",10:45,FALSE
fare_CCU-DEL_6E_2026-08-23_T+1_1787389698949_wb01,CCU-DEL,EaseMyTrip,6E,6E-658,2026-08-23,T+1,7829,1719,9548,2026-08-22T09:05:23.010Z,FALSE,"",10:45,FALSE
fare_CCU-DEL_QP_2026-08-23_T+1_1787389698949_k268,CCU-DEL,EaseMyTrip,QP,QP-1136,2026-08-23,T+1,7851,1724,9575,2026-08-22T09:05:23.010Z,FALSE,"",05:10,FALSE
fare_CCU-DEL_6E_2026-08-23_T+1_1787389698949_br07,CCU-DEL,EaseMyTrip,6E,6E-7215,2026-08-23,T+1,7937,1742,9679,2026-08-22T09:05:23.010Z,FALSE,"",18:00,FALSE
fare_CCU-DEL_6E_2026-08-23_T+1_1787389698949_d7p4,CCU-DEL,EaseMyTrip,6E,6E-439,2026-08-23,T+1,7937,1742,9679,2026-08-22T09:05:23.010Z,FALSE,"",17:05,FALSE
fare_CCU-DEL_6E_2026-08-23_T+1_1787389698949_gnqf,CCU-DEL,EaseMyTrip,6E,6E-928,2026-08-23,T+1,7937,1742,9679,2026-08-22T09:05:23.010Z,FALSE,"",17:05,FALSE
fare_CCU-DEL_6E_2026-08-23_T+1_1787389698949_290k,CCU-DEL,EaseMyTrip,6E,6E-798,2026-08-23,T+1,8002,1756,9758,2026-08-22T09:05:23.010Z,FALSE,"",09:45,FALSE
fare_CCU-DEL_6E_2026-08-23_T+1_1787389698949_owmu,CCU-DEL,EaseMyTrip,6E,6E-457,2026-08-23,T+1,8002,1756,9758,2026-08-22T09:05:23.010Z,FALSE,"",09:45,FALSE
fare_CCU-DEL_6E_2026-08-23_T+1_1787389698949_6tpu,CCU-DEL,EaseMyTrip,6E,6E-319,2026-08-23,T+1,8002,1756,9758,2026-08-22T09:05:23.010Z,FALSE,"",09:45,FALSE
fare_CCU-DEL_6E_2026-08-23_T+1_1787389698949_fli2,CCU-DEL,EaseMyTrip,6E,6E-296,2026-08-23,T+1,8002,1756,9758,2026-08-22T09:05:23.010Z,FALSE,"",09:45,FALSE
fare_CCU-DEL_6E_2026-08-23_T+1_1787389698949_5pwo,CCU-DEL,EaseMyTrip,6E,6E-492,2026-08-23,T+1,8065,1770,9835,2026-08-22T09:05:23.010Z,FALSE,"",10:15,TRUE
fare_CCU-DEL_6E_2026-08-23_T+1_1787389698949_e0ui,CCU-DEL,EaseMyTrip,6E,6E-261,2026-08-23,T+1,8065,1770,9835,2026-08-22T09:05:23.010Z,FALSE,"",10:15,TRUE
fare_CCU-DEL_6E_2026-08-23_T+1_1787389698949_nkke,CCU-DEL,EaseMyTrip,6E,6E-400,2026-08-23,T+1,8088,1775,9863,2026-08-22T09:05:23.010Z,FALSE,"",12:40,FALSE
fare_CCU-DEL_6E_2026-08-23_T+1_1787389698949_wfay,CCU-DEL,EaseMyTrip,6E,6E-625,2026-08-23,T+1,8088,1775,9863,2026-08-22T09:05:23.010Z,FALSE,"",12:40,FALSE
fare_CCU-DEL_6E_2026-08-23_T+1_1787389698949_67ts,CCU-DEL,EaseMyTrip,6E,6E-283,2026-08-23,T+1,8088,1775,9863,2026-08-22T09:05:23.010Z,FALSE,"",06:05,FALSE
fare_CCU-DEL_6E_2026-08-23_T+1_1787389698949_i2gf,CCU-DEL,EaseMyTrip,6E,6E-780,2026-08-23,T+1,8088,1775,9863,2026-08-22T09:05:23.010Z,FALSE,"",06:05,FALSE
fare_CCU-DEL_6E_2026-08-23_T+1_1787389698949_lynt,CCU-DEL,EaseMyTrip,6E,6E-789,2026-08-23,T+1,8088,1775,9863,2026-08-22T09:05:23.010Z,FALSE,"",11:30,FALSE
fare_CCU-DEL_6E_2026-08-23_T+1_1787389698949_vcz9,CCU-DEL,EaseMyTrip,6E,6E-116,2026-08-23,T+1,8088,1775,9863,2026-08-22T09:05:23.010Z,FALSE,"",11:30,FALSE
fare_CCU-DEL_6E_2026-08-23_T+1_1787389698949_ljlt,CCU-DEL,EaseMyTrip,6E,6E-294,2026-08-23,T+1,8109,1780,9889,2026-08-22T09:05:23.010Z,FALSE,"",17:45,FALSE
fare_CCU-DEL_6E_2026-08-23_T+1_1787389698949_dkfs,CCU-DEL,EaseMyTrip,6E,6E-528,2026-08-23,T+1,8109,1780,9889,2026-08-22T09:05:23.010Z,FALSE,"",17:45,FALSE
fare_CCU-DEL_IX_2026-08-23_T+1_1787389698949_2ggz,CCU-DEL,EaseMyTrip,IX,IX-1517,2026-08-23,T+1,8466,1858,10324,2026-08-22T09:05:23.010Z,FALSE,"",07:20,FALSE
fare_CCU-DEL_6E_2026-08-23_T+1_1787389698949_ync2,CCU-DEL,EaseMyTrip,6E,6E-801,2026-08-23,T+1,8281,1818,10099,2026-08-22T09:05:23.010Z,FALSE,"",06:00,FALSE
fare_CCU-DEL_6E_2026-08-23_T+1_1787389698949_fj5a,CCU-DEL,EaseMyTrip,6E,6E-762,2026-08-23,T+1,8281,1818,10099,2026-08-22T09:05:23.010Z,FALSE,"",06:00,FALSE
fare_CCU-DEL_6E_2026-08-23_T+1_1787389698949_cik3,CCU-DEL,EaseMyTrip,6E,6E-6513,2026-08-23,T+1,8281,1818,10099,2026-08-22T09:05:23.010Z,FALSE,"",08:40,FALSE
fare_CCU-DEL_6E_2026-08-23_T+1_1787389698949_g2ck,CCU-DEL,EaseMyTrip,6E,6E-6623,2026-08-23,T+1,8281,1818,10099,2026-08-22T09:05:23.010Z,FALSE,"",05:20,FALSE
fare_CCU-DEL_6E_2026-08-23_T+1_1787389698949_x0ex,CCU-DEL,EaseMyTrip,6E,6E-146,2026-08-23,T+1,8281,1818,10099,2026-08-22T09:05:23.010Z,FALSE,"",06:00,FALSE
fare_CCU-DEL_6E_2026-08-23_T+1_1787389698949_ijea,CCU-DEL,EaseMyTrip,6E,6E-683,2026-08-23,T+1,8281,1818,10099,2026-08-22T09:05:23.010Z,FALSE,"",06:00,FALSE
fare_CCU-DEL_6E_2026-08-23_T+1_1787389698949_3vxp,CCU-DEL,EaseMyTrip,6E,6E-427,2026-08-23,T+1,8883,1950,10833,2026-08-22T09:05:23.010Z,FALSE,"",19:15,TRUE
fare_CCU-DEL_6E_2026-08-23_T+1_1787389698949_5heh,CCU-DEL,EaseMyTrip,6E,6E-566,2026-08-23,T+1,8883,1950,10833,2026-08-22T09:05:23.010Z,FALSE,"",19:15,TRUE
fare_CCU-DEL_AI_2026-08-23_T+1_1787389698949_7bqu,CCU-DEL,EaseMyTrip,AI,AI-1863,2026-08-23,T+1,9164,2012,11176,2026-08-22T09:05:23.010Z,FALSE,"",19:15,TRUE
fare_CCU-DEL_AI_2026-08-23_T+1_1787389698949_db1i,CCU-DEL,EaseMyTrip,AI,AI-1874,2026-08-23,T+1,9164,2012,11176,2026-08-22T09:05:23.010Z,FALSE,"",12:55,TRUE
fare_CCU-DEL_6E_2026-08-23_T+1_1787389698949_d7ej,CCU-DEL,EaseMyTrip,6E,6E-902,2026-08-23,T+1,9151,2009,11160,2026-08-22T09:05:23.010Z,FALSE,"",10:45,FALSE
fare_CCU-DEL_6E_2026-08-23_T+1_1787389698949_yec6,CCU-DEL,EaseMyTrip,6E,6E-572,2026-08-23,T+1,9151,2009,11160,2026-08-22T09:05:23.010Z,FALSE,"",10:45,FALSE
fare_CCU-DEL_6E_2026-08-23_T+1_1787389698949_lahl,CCU-DEL,EaseMyTrip,6E,6E-6717,2026-08-23,T+1,9323,2047,11370,2026-08-22T09:05:23.010Z,FALSE,"",18:35,FALSE
fare_CCU-DEL_6E_2026-08-23_T+1_1787389698949_wfl0,CCU-DEL,EaseMyTrip,6E,6E-7325,2026-08-23,T+1,9323,2047,11370,2026-08-22T09:05:23.010Z,FALSE,"",16:20,FALSE
fare_CCU-DEL_6E_2026-08-23_T+1_1787389698949_g6g0,CCU-DEL,EaseMyTrip,6E,6E-7623,2026-08-23,T+1,9323,2047,11370,2026-08-22T09:05:23.010Z,FALSE,"",07:50,FALSE
fare_CCU-DEL_6E_2026-08-23_T+1_1787389698949_joep,CCU-DEL,EaseMyTrip,6E,6E-6358,2026-08-23,T+1,9400,2063,11463,2026-08-22T09:05:23.010Z,FALSE,"",12:00,TRUE
fare_CCU-DEL_6E_2026-08-23_T+1_1787389698949_xusc,CCU-DEL,EaseMyTrip,6E,6E-6154,2026-08-23,T+1,9604,2108,11712,2026-08-22T09:05:23.010Z,FALSE,"",20:45,FALSE
fare_CCU-DEL_6E_2026-08-23_T+1_1787389698949_gb1e,CCU-DEL,EaseMyTrip,6E,6E-6183,2026-08-23,T+1,10002,2196,12198,2026-08-22T09:05:23.010Z,FALSE,"",17:30,TRUE
fare_CCU-DEL_6E_2026-08-23_T+1_1787389698949_ojqe,CCU-DEL,EaseMyTrip,6E,6E-6516,2026-08-23,T+1,10002,2196,12198,2026-08-22T09:05:23.010Z,FALSE,"",16:10,TRUE
fare_CCU-DEL_AI_2026-08-23_T+1_1787389698949_qn5g,CCU-DEL,EaseMyTrip,AI,AI-1805,2026-08-23,T+1,10172,2233,12405,2026-08-22T09:05:23.010Z,FALSE,"",16:10,TRUE
fare_CCU-DEL_6E_2026-08-23_T+1_1787389698949_4vvq,CCU-DEL,EaseMyTrip,6E,6E-2275,2026-08-23,T+1,10691,2347,13038,2026-08-22T09:05:23.010Z,FALSE,"",14:00,TRUE
fare_CCU-DEL_6E_2026-08-23_T+1_1787389698949_vbm9,CCU-DEL,EaseMyTrip,6E,6E-7924,2026-08-23,T+1,10743,2358,13101,2026-08-22T09:05:23.010Z,FALSE,"",09:55,FALSE
fare_CCU-DEL_6E_2026-08-23_T+1_1787389698949_zzo8,CCU-DEL,EaseMyTrip,6E,6E-205,2026-08-23,T+1,10749,2359,13108,2026-08-22T09:05:23.010Z,FALSE,"",18:05,FALSE
fare_CCU-DEL_6E_2026-08-23_T+1_1787389698949_ez1z,CCU-DEL,EaseMyTrip,6E,6E-308,2026-08-23,T+1,10749,2359,13108,2026-08-22T09:05:23.010Z,FALSE,"",18:05,FALSE
fare_CCU-DEL_IX_2026-08-23_T+1_1787389698949_r00m,CCU-DEL,EaseMyTrip,IX,IX-1514,2026-08-23,T+1,11190,2456,13646,2026-08-22T09:05:23.010Z,FALSE,"",11:50,FALSE
fare_CCU-DEL_AI_2026-08-23_T+1_1787389698949_xwuu,CCU-DEL,EaseMyTrip,AI,AI-9503,2026-08-23,T+1,11223,2463,13686,2026-08-22T09:05:23.010Z,FALSE,"",07:20,FALSE
fare_CCU-DEL_6E_2026-08-23_T+1_1787389698949_dtyj,CCU-DEL,EaseMyTrip,6E,6E-499,2026-08-23,T+1,11949,2623,14572,2026-08-22T09:05:23.010Z,FALSE,"",18:55,FALSE
fare_CCU-DEL_6E_2026-08-23_T+1_1787389698949_p9mq,CCU-DEL,EaseMyTrip,6E,6E-628,2026-08-23,T+1,11949,2623,14572,2026-08-22T09:05:23.010Z,FALSE,"",18:55,FALSE
fare_CCU-DEL_6E_2026-08-23_T+1_1787389698949_fjq9,CCU-DEL,EaseMyTrip,6E,6E-344,2026-08-23,T+1,12006,2635,14641,2026-08-22T09:05:23.010Z,FALSE,"",12:50,FALSE
fare_CCU-DEL_6E_2026-08-23_T+1_1787389698949_ffv4,CCU-DEL,EaseMyTrip,6E,6E-320,2026-08-23,T+1,12100,2656,14756,2026-08-22T09:05:23.010Z,FALSE,"",14:00,FALSE
fare_CCU-DEL_6E_2026-08-23_T+1_1787389698949_40bw,CCU-DEL,EaseMyTrip,6E,6E-433,2026-08-23,T+1,12100,2656,14756,2026-08-22T09:05:23.010Z,FALSE,"",14:00,FALSE
fare_CCU-DEL_AI_2026-08-23_T+1_1787389698949_63uo,CCU-DEL,EaseMyTrip,AI,AI-9501,2026-08-23,T+1,12690,2785,15475,2026-08-22T09:05:23.010Z,FALSE,"",11:50,FALSE
fare_CCU-DEL_AI_2026-08-23_T+1_1787389698949_iydp,CCU-DEL,EaseMyTrip,AI,AI-2792,2026-08-23,T+1,12930,2838,15768,2026-08-22T09:05:23.010Z,FALSE,"",06:00,FALSE
fare_CCU-DEL_QP_2026-08-23_T+1_1787389698949_ontn,CCU-DEL,EaseMyTrip,QP,QP-1126,2026-08-23,T+1,12954,2843,15797,2026-08-22T09:05:23.010Z,FALSE,"",23:00,FALSE
fare_CCU-DEL_6E_2026-08-23_T+1_1787389698949_33lc,CCU-DEL,EaseMyTrip,6E,6E-838,2026-08-23,T+1,13993,3072,17065,2026-08-22T09:05:23.010Z,FALSE,"",16:05,FALSE
fare_CCU-DEL_6E_2026-08-23_T+1_1787389698949_ykev,CCU-DEL,EaseMyTrip,6E,6E-905,2026-08-23,T+1,13993,3072,17065,2026-08-22T09:05:23.010Z,FALSE,"",16:05,FALSE
fare_CCU-DEL_AI_2026-08-23_T+1_1787389698949_8rhh,CCU-DEL,EaseMyTrip,AI,AI-2410,2026-08-23,T+1,15391,3378,18769,2026-08-22T09:05:23.010Z,FALSE,"",23:00,FALSE
fare_CCU-DEL_AI_2026-08-23_T+1_1787389698949_kvwa,CCU-DEL,EaseMyTrip,AI,AI-2772,2026-08-23,T+1,15679,3442,19121,2026-08-22T09:05:23.010Z,FALSE,"",10:30,FALSE
fare_CCU-DEL_6E_2026-08-23_T+1_1787389698949_94hl,CCU-DEL,EaseMyTrip,6E,6E-939,2026-08-23,T+1,16136,3542,19678,2026-08-22T09:05:23.010Z,FALSE,"",18:05,FALSE
fare_CCU-DEL_6E_2026-08-23_T+1_1787389698949_vk08,CCU-DEL,EaseMyTrip,6E,6E-124,2026-08-23,T+1,16416,3604,20020,2026-08-22T09:05:23.010Z,FALSE,"",16:05,FALSE
fare_CCU-DEL_6E_2026-08-23_T+1_1787389698949_a44x,CCU-DEL,EaseMyTrip,6E,6E-367,2026-08-23,T+1,16416,3604,20020,2026-08-22T09:05:23.010Z,FALSE,"",16:05,FALSE
fare_CCU-DEL_AI_2026-08-23_T+1_1787389698949_9a81,CCU-DEL,EaseMyTrip,AI,AI-2774,2026-08-23,T+1,17591,3861,21452,2026-08-22T09:05:23.010Z,FALSE,"",17:40,FALSE
fare_CCU-DEL_6E_2026-08-23_T+1_1787389698949_m5h1,CCU-DEL,EaseMyTrip,6E,6E-893,2026-08-23,T+1,17794,3906,21700,2026-08-22T09:05:23.010Z,FALSE,"",13:30,FALSE
fare_CCU-DEL_6E_2026-08-23_T+1_1787389698949_sviw,CCU-DEL,EaseMyTrip,6E,6E-967,2026-08-23,T+1,17794,3906,21700,2026-08-22T09:05:23.010Z,FALSE,"",13:30,FALSE
fare_CCU-DEL_6E_2026-08-23_T+1_1787389698949_al19,CCU-DEL,EaseMyTrip,6E,6E-764,2026-08-23,T+1,17967,3944,21911,2026-08-22T09:05:23.010Z,FALSE,"",07:10,FALSE
fare_CCU-DEL_6E_2026-08-23_T+1_1787389698949_0iqb,CCU-DEL,EaseMyTrip,6E,6E-6851,2026-08-23,T+1,18092,3972,22064,2026-08-22T09:05:23.010Z,FALSE,"",11:15,FALSE
fare_CCU-DEL_6E_2026-08-23_T+1_1787389698949_s806,CCU-DEL,EaseMyTrip,6E,6E-723,2026-08-23,T+1,18605,4084,22689,2026-08-22T09:05:23.010Z,FALSE,"",13:30,FALSE
fare_CCU-DEL_6E_2026-08-23_T+1_1787389698949_sqlp,CCU-DEL,EaseMyTrip,6E,6E-152,2026-08-23,T+1,18605,4084,22689,2026-08-22T09:05:23.010Z,FALSE,"",13:30,FALSE
fare_CCU-DEL_6E_2026-08-23_T+1_1787389698949_359s,CCU-DEL,EaseMyTrip,6E,6E-911,2026-08-23,T+1,18887,4146,23033,2026-08-22T09:05:23.010Z,FALSE,"",10:55,FALSE
fare_CCU-DEL_6E_2026-08-23_T+1_1787389698949_9mg3,CCU-DEL,EaseMyTrip,6E,6E-874,2026-08-23,T+1,18887,4146,23033,2026-08-22T09:05:23.010Z,FALSE,"",10:55,FALSE
fare_CCU-DEL_6E_2026-08-23_T+1_1787389698949_366p,CCU-DEL,EaseMyTrip,6E,6E-977,2026-08-23,T+1,18887,4146,23033,2026-08-22T09:05:23.010Z,FALSE,"",10:55,FALSE
fare_CCU-DEL_6E_2026-08-23_T+1_1787389698949_mgyy,CCU-DEL,EaseMyTrip,6E,6E-150,2026-08-23,T+1,18887,4146,23033,2026-08-22T09:05:23.010Z,FALSE,"",10:55,FALSE
fare_CCU-DEL_6E_2026-08-23_T+1_1787389698949_ys4q,CCU-DEL,EaseMyTrip,6E,6E-6749,2026-08-23,T+1,19202,4215,23417,2026-08-22T09:05:23.010Z,FALSE,"",12:30,FALSE
fare_CCU-DEL_6E_2026-08-23_T+1_1787389698949_kuu3,CCU-DEL,EaseMyTrip,6E,6E-6528,2026-08-23,T+1,19748,4335,24083,2026-08-22T09:05:23.010Z,FALSE,"",17:00,FALSE
fare_CCU-DEL_6E_2026-08-23_T+1_1787389698949_sphh,CCU-DEL,EaseMyTrip,6E,6E-6908,2026-08-23,T+1,20142,4422,24564,2026-08-22T09:05:23.010Z,FALSE,"",15:00,FALSE
fare_CCU-DEL_IX_2026-08-23_T+1_1787389698949_x4o5,CCU-DEL,EaseMyTrip,IX,IX-1382,2026-08-23,T+1,24352,5346,29698,2026-08-22T09:05:23.010Z,FALSE,"",22:20,FALSE
fare_CCU-DEL_AI_2026-08-23_T+1_1787389698949_s4yu,CCU-DEL,EaseMyTrip,AI,AI-9784,2026-08-23,T+1,25051,5499,30550,2026-08-22T09:05:23.010Z,FALSE,"",06:30,FALSE
fare_CCU-DEL_AI_2026-08-23_T+1_1787389698949_cg8q,CCU-DEL,EaseMyTrip,AI,AI-9782,2026-08-23,T+1,25302,5554,30856,2026-08-22T09:05:23.010Z,FALSE,"",16:35,FALSE
fare_CCU-DEL_IX_2026-08-23_T+1_1787389698949_ddlo,CCU-DEL,EaseMyTrip,IX,IX-1496,2026-08-23,T+1,26990,5925,32915,2026-08-22T09:05:23.010Z,TRUE,"High outlier: ₹32915 > upper fence ₹31339 (Q3: ₹18343, IQR: ₹8664)",11:15,FALSE
fare_CCU-DEL_IX_2026-08-23_T+1_1787389698949_3x2y,CCU-DEL,EaseMyTrip,IX,IX-1543,2026-08-23,T+1,29644,6507,36151,2026-08-22T09:05:23.010Z,TRUE,"High outlier: ₹36151 > upper fence ₹31339 (Q3: ₹18343, IQR: ₹8664)",15:15,FALSE
fare_CCU-DEL_AI_2026-08-23_T+1_1787389698949_9aou,CCU-DEL,EaseMyTrip,AI,AI-9944,2026-08-23,T+1,30554,6707,37261,2026-08-22T09:05:23.010Z,TRUE,"High outlier: ₹37261 > upper fence ₹31339 (Q3: ₹18343, IQR: ₹8664)",06:10,FALSE
fare_CCU-DEL_AI_2026-08-23_T+1_1787389698949_dkfi,CCU-DEL,EaseMyTrip,AI,AI-9440,2026-08-23,T+1,32391,7110,39501,2026-08-22T09:05:23.010Z,TRUE,"High outlier: ₹39501 > upper fence ₹31339 (Q3: ₹18343, IQR: ₹8664)",15:15,FALSE
fare_CCU-DEL_AI_2026-08-23_T+1_1787389698949_tbhk,CCU-DEL,EaseMyTrip,AI,AI-9438,2026-08-23,T+1,32460,7125,39585,2026-08-22T09:05:23.010Z,TRUE,"High outlier: ₹39585 > upper fence ₹31339 (Q3: ₹18343, IQR: ₹8664)",11:15,FALSE
fare_CCU-DEL_IX_2026-08-29_T+7_1787389698950_6mct,CCU-DEL,EaseMyTrip,IX,IX-1256,2026-08-29,T+7,5678,1246,6924,2026-08-22T09:05:28.697Z,TRUE,"Low outlier: ₹6924 < lower fence ₹7221 (Q1: ₹8365, IQR: ₹763)",12:45,FALSE
fare_CCU-DEL_SG_2026-08-29_T+7_1787389698950_na2g,CCU-DEL,EaseMyTrip,SG,SG-487,2026-08-29,T+7,5996,1316,7312,2026-08-22T09:05:28.697Z,FALSE,"",23:20,TRUE
fare_CCU-DEL_SG_2026-08-29_T+7_1787389698950_sxnr,CCU-DEL,EaseMyTrip,SG,SG-775,2026-08-29,T+7,5996,1316,7312,2026-08-22T09:05:28.697Z,FALSE,"",23:20,TRUE
fare_CCU-DEL_6E_2026-08-29_T+7_1787389698950_3l4g,CCU-DEL,EaseMyTrip,6E,6E-7924,2026-08-29,T+7,6417,1408,7825,2026-08-22T09:05:28.697Z,FALSE,"",09:55,FALSE
fare_CCU-DEL_QP_2026-08-29_T+7_1787389698950_sabc,CCU-DEL,EaseMyTrip,QP,QP-1802,2026-08-29,T+7,6676,1466,8142,2026-08-22T09:05:28.697Z,FALSE,"",09:05,TRUE
fare_CCU-DEL_6E_2026-08-29_T+7_1787389698950_nqwy,CCU-DEL,EaseMyTrip,6E,6E-862,2026-08-29,T+7,6833,1500,8333,2026-08-22T09:05:28.697Z,FALSE,"",18:05,FALSE
fare_CCU-DEL_6E_2026-08-29_T+7_1787389698950_2t6o,CCU-DEL,EaseMyTrip,6E,6E-521,2026-08-29,T+7,6833,1500,8333,2026-08-22T09:05:28.697Z,FALSE,"",18:05,FALSE
fare_CCU-DEL_6E_2026-08-29_T+7_1787389698950_ens2,CCU-DEL,EaseMyTrip,6E,6E-6139,2026-08-29,T+7,6833,1500,8333,2026-08-22T09:05:28.697Z,FALSE,"",07:10,FALSE
fare_CCU-DEL_6E_2026-08-29_T+7_1787389698950_m5pm,CCU-DEL,EaseMyTrip,6E,6E-850,2026-08-29,T+7,6833,1500,8333,2026-08-22T09:05:28.697Z,FALSE,"",10:45,FALSE
fare_CCU-DEL_6E_2026-08-29_T+7_1787389698950_5hg2,CCU-DEL,EaseMyTrip,6E,6E-228,2026-08-29,T+7,6833,1500,8333,2026-08-22T09:05:28.697Z,FALSE,"",10:45,FALSE
fare_CCU-DEL_6E_2026-08-29_T+7_1787389698950_c6pf,CCU-DEL,EaseMyTrip,6E,6E-498,2026-08-29,T+7,6833,1500,8333,2026-08-22T09:05:28.697Z,FALSE,"",18:05,FALSE
fare_CCU-DEL_6E_2026-08-29_T+7_1787389698950_ndm2,CCU-DEL,EaseMyTrip,6E,6E-349,2026-08-29,T+7,6833,1500,8333,2026-08-22T09:05:28.697Z,FALSE,"",18:05,FALSE
fare_CCU-DEL_6E_2026-08-29_T+7_1787389698950_j5l9,CCU-DEL,EaseMyTrip,6E,6E-368,2026-08-29,T+7,6833,1500,8333,2026-08-22T09:05:28.697Z,FALSE,"",18:00,FALSE
fare_CCU-DEL_6E_2026-08-29_T+7_1787389698950_4rvy,CCU-DEL,EaseMyTrip,6E,6E-404,2026-08-29,T+7,6833,1500,8333,2026-08-22T09:05:28.697Z,FALSE,"",18:00,FALSE
fare_CCU-DEL_6E_2026-08-29_T+7_1787389698950_5aqp,CCU-DEL,EaseMyTrip,6E,6E-126,2026-08-29,T+7,6833,1500,8333,2026-08-22T09:05:28.697Z,FALSE,"",10:45,FALSE
fare_CCU-DEL_6E_2026-08-29_T+7_1787389698950_s43k,CCU-DEL,EaseMyTrip,6E,6E-493,2026-08-29,T+7,6833,1500,8333,2026-08-22T09:05:28.697Z,FALSE,"",10:45,FALSE
fare_CCU-DEL_6E_2026-08-29_T+7_1787389698950_c5wr,CCU-DEL,EaseMyTrip,6E,6E-185,2026-08-29,T+7,6859,1506,8365,2026-08-22T09:05:28.697Z,FALSE,"",05:20,TRUE
fare_CCU-DEL_6E_2026-08-29_T+7_1787389698950_52gn,CCU-DEL,EaseMyTrip,6E,6E-718,2026-08-29,T+7,6859,1506,8365,2026-08-22T09:05:28.697Z,FALSE,"",05:20,TRUE
fare_CCU-DEL_6E_2026-08-29_T+7_1787389698950_g1ar,CCU-DEL,EaseMyTrip,6E,6E-5190,2026-08-29,T+7,6859,1506,8365,2026-08-22T09:05:28.697Z,FALSE,"",22:30,TRUE
fare_CCU-DEL_6E_2026-08-29_T+7_1787389698950_90bt,CCU-DEL,EaseMyTrip,6E,6E-6183,2026-08-29,T+7,6859,1506,8365,2026-08-22T09:05:28.697Z,FALSE,"",17:30,TRUE
fare_CCU-DEL_6E_2026-08-29_T+7_1787389698950_19q8,CCU-DEL,EaseMyTrip,6E,6E-6516,2026-08-29,T+7,6859,1506,8365,2026-08-22T09:05:28.697Z,FALSE,"",16:10,TRUE
fare_CCU-DEL_6E_2026-08-29_T+7_1787389698950_7985,CCU-DEL,EaseMyTrip,6E,6E-2285,2026-08-29,T+7,6859,1506,8365,2026-08-22T09:05:28.697Z,FALSE,"",14:40,TRUE
fare_CCU-DEL_6E_2026-08-29_T+7_1787389698950_43m9,CCU-DEL,EaseMyTrip,6E,6E-6358,2026-08-29,T+7,6859,1506,8365,2026-08-22T09:05:28.697Z,FALSE,"",12:00,TRUE
fare_CCU-DEL_6E_2026-08-29_T+7_1787389698950_qb8e,CCU-DEL,EaseMyTrip,6E,6E-866,2026-08-29,T+7,6859,1506,8365,2026-08-22T09:05:28.697Z,FALSE,"",10:15,TRUE
fare_CCU-DEL_6E_2026-08-29_T+7_1787389698950_1clx,CCU-DEL,EaseMyTrip,6E,6E-703,2026-08-29,T+7,6859,1506,8365,2026-08-22T09:05:28.697Z,FALSE,"",10:15,TRUE
fare_CCU-DEL_6E_2026-08-29_T+7_1787389698950_rz22,CCU-DEL,EaseMyTrip,6E,6E-135,2026-08-29,T+7,6859,1506,8365,2026-08-22T09:05:28.697Z,FALSE,"",08:25,TRUE
fare_CCU-DEL_6E_2026-08-29_T+7_1787389698950_3yw4,CCU-DEL,EaseMyTrip,6E,6E-189,2026-08-29,T+7,6859,1506,8365,2026-08-22T09:05:28.697Z,FALSE,"",08:25,TRUE
fare_CCU-DEL_6E_2026-08-29_T+7_1787389698950_g3c0,CCU-DEL,EaseMyTrip,6E,6E-361,2026-08-29,T+7,6859,1506,8365,2026-08-22T09:05:28.697Z,FALSE,"",07:00,TRUE
fare_CCU-DEL_6E_2026-08-29_T+7_1787389698950_gizo,CCU-DEL,EaseMyTrip,6E,6E-363,2026-08-29,T+7,6859,1506,8365,2026-08-22T09:05:28.697Z,FALSE,"",07:00,TRUE
fare_CCU-DEL_AI_2026-08-29_T+7_1787389698950_utkj,CCU-DEL,EaseMyTrip,AI,AI-1805,2026-08-29,T+7,7023,1542,8565,2026-08-22T09:05:28.697Z,FALSE,"",16:10,TRUE
fare_CCU-DEL_AI_2026-08-29_T+7_1787389698950_s1t5,CCU-DEL,EaseMyTrip,AI,AI-2704,2026-08-29,T+7,7023,1542,8565,2026-08-22T09:05:28.697Z,FALSE,"",10:30,TRUE
fare_CCU-DEL_AI_2026-08-29_T+7_1787389698950_kveu,CCU-DEL,EaseMyTrip,AI,AI-1874,2026-08-29,T+7,7023,1542,8565,2026-08-22T09:05:28.697Z,FALSE,"",12:55,TRUE
fare_CCU-DEL_AI_2026-08-29_T+7_1787389698950_sq01,CCU-DEL,EaseMyTrip,AI,AI-2708,2026-08-29,T+7,7023,1542,8565,2026-08-22T09:05:28.697Z,FALSE,"",21:00,TRUE
fare_CCU-DEL_AI_2026-08-29_T+7_1787389698950_qigt,CCU-DEL,EaseMyTrip,AI,AI-2710,2026-08-29,T+7,7023,1542,8565,2026-08-22T09:05:28.697Z,FALSE,"",22:00,TRUE
fare_CCU-DEL_AI_2026-08-29_T+7_1787389698950_3kxd,CCU-DEL,EaseMyTrip,AI,AI-2536,2026-08-29,T+7,7023,1542,8565,2026-08-22T09:05:28.697Z,FALSE,"",09:30,TRUE
fare_CCU-DEL_AI_2026-08-29_T+7_1787389698950_wjkm,CCU-DEL,EaseMyTrip,AI,AI-1807,2026-08-29,T+7,7023,1542,8565,2026-08-22T09:05:28.697Z,FALSE,"",15:10,TRUE
fare_CCU-DEL_6E_2026-08-29_T+7_1787389698950_whut,CCU-DEL,EaseMyTrip,6E,6E-6501,2026-08-29,T+7,6940,1524,8464,2026-08-22T09:05:28.697Z,FALSE,"",14:15,FALSE
fare_CCU-DEL_6E_2026-08-29_T+7_1787389698950_ehg5,CCU-DEL,EaseMyTrip,6E,6E-7215,2026-08-29,T+7,6940,1524,8464,2026-08-22T09:05:28.697Z,FALSE,"",18:00,FALSE
fare_CCU-DEL_6E_2026-08-29_T+7_1787389698950_7bc0,CCU-DEL,EaseMyTrip,6E,6E-377,2026-08-29,T+7,6982,1533,8515,2026-08-22T09:05:28.697Z,FALSE,"",18:00,FALSE
fare_CCU-DEL_6E_2026-08-29_T+7_1787389698950_0cmj,CCU-DEL,EaseMyTrip,6E,6E-539,2026-08-29,T+7,6982,1533,8515,2026-08-22T09:05:28.697Z,FALSE,"",18:00,FALSE
fare_CCU-DEL_6E_2026-08-29_T+7_1787389698950_yt72,CCU-DEL,EaseMyTrip,6E,6E-136,2026-08-29,T+7,7005,1538,8543,2026-08-22T09:05:28.697Z,FALSE,"",11:40,FALSE
fare_CCU-DEL_6E_2026-08-29_T+7_1787389698950_3e7o,CCU-DEL,EaseMyTrip,6E,6E-294,2026-08-29,T+7,7005,1538,8543,2026-08-22T09:05:28.697Z,FALSE,"",11:40,FALSE
fare_CCU-DEL_6E_2026-08-29_T+7_1787389698950_4fml,CCU-DEL,EaseMyTrip,6E,6E-7317,2026-08-29,T+7,7005,1538,8543,2026-08-22T09:05:28.697Z,FALSE,"",14:05,FALSE
fare_CCU-DEL_6E_2026-08-29_T+7_1787389698950_zvp8,CCU-DEL,EaseMyTrip,6E,6E-6717,2026-08-29,T+7,7005,1538,8543,2026-08-22T09:05:28.697Z,FALSE,"",18:35,FALSE
fare_CCU-DEL_6E_2026-08-29_T+7_1787389698950_ltwq,CCU-DEL,EaseMyTrip,6E,6E-7325,2026-08-29,T+7,7005,1538,8543,2026-08-22T09:05:28.697Z,FALSE,"",16:20,FALSE
fare_CCU-DEL_6E_2026-08-29_T+7_1787389698950_2y2f,CCU-DEL,EaseMyTrip,6E,6E-6851,2026-08-29,T+7,7005,1538,8543,2026-08-22T09:05:28.697Z,FALSE,"",11:15,FALSE
fare_CCU-DEL_6E_2026-08-29_T+7_1787389698950_5l89,CCU-DEL,EaseMyTrip,6E,6E-2275,2026-08-29,T+7,7075,1553,8628,2026-08-22T09:05:28.697Z,FALSE,"",14:00,TRUE
fare_CCU-DEL_AI_2026-08-29_T+7_1787389698950_alys,CCU-DEL,EaseMyTrip,AI,AI-2720,2026-08-29,T+7,7240,1589,8829,2026-08-22T09:05:28.697Z,FALSE,"",07:00,TRUE
fare_CCU-DEL_AI_2026-08-29_T+7_1787389698950_hnhm,CCU-DEL,EaseMyTrip,AI,AI-2778,2026-08-29,T+7,7240,1589,8829,2026-08-22T09:05:28.697Z,FALSE,"",08:30,TRUE
fare_CCU-DEL_6E_2026-08-29_T+7_1787389698950_5dgu,CCU-DEL,EaseMyTrip,6E,6E-6785,2026-08-29,T+7,7091,1557,8648,2026-08-22T09:05:28.697Z,FALSE,"",07:55,FALSE
fare_CCU-DEL_6E_2026-08-29_T+7_1787389698950_e4zc,CCU-DEL,EaseMyTrip,6E,6E-6134,2026-08-29,T+7,7091,1557,8648,2026-08-22T09:05:28.697Z,FALSE,"",16:30,FALSE
fare_CCU-DEL_6E_2026-08-29_T+7_1787389698950_cpqn,CCU-DEL,EaseMyTrip,6E,6E-666,2026-08-29,T+7,7091,1557,8648,2026-08-22T09:05:28.697Z,FALSE,"",12:40,FALSE
fare_CCU-DEL_6E_2026-08-29_T+7_1787389698950_1fid,CCU-DEL,EaseMyTrip,6E,6E-407,2026-08-29,T+7,7091,1557,8648,2026-08-22T09:05:28.697Z,FALSE,"",12:40,FALSE
fare_CCU-DEL_6E_2026-08-29_T+7_1787389698950_y3yy,CCU-DEL,EaseMyTrip,6E,6E-196,2026-08-29,T+7,7091,1557,8648,2026-08-22T09:05:28.697Z,FALSE,"",11:30,FALSE
fare_CCU-DEL_6E_2026-08-29_T+7_1787389698950_cdfz,CCU-DEL,EaseMyTrip,6E,6E-581,2026-08-29,T+7,7091,1557,8648,2026-08-22T09:05:28.697Z,FALSE,"",11:30,FALSE
fare_CCU-DEL_6E_2026-08-29_T+7_1787389698950_al5f,CCU-DEL,EaseMyTrip,6E,6E-340,2026-08-29,T+7,7113,1561,8674,2026-08-22T09:05:28.697Z,FALSE,"",18:55,FALSE
fare_CCU-DEL_6E_2026-08-29_T+7_1787389698950_nu6v,CCU-DEL,EaseMyTrip,6E,6E-345,2026-08-29,T+7,7113,1561,8674,2026-08-22T09:05:28.697Z,FALSE,"",18:55,FALSE
fare_CCU-DEL_QP_2026-08-29_T+7_1787389698950_3b2u,CCU-DEL,EaseMyTrip,QP,QP-1804,2026-08-29,T+7,7177,1575,8752,2026-08-22T09:05:28.697Z,FALSE,"",20:05,TRUE
fare_CCU-DEL_6E_2026-08-29_T+7_1787389698950_pl32,CCU-DEL,EaseMyTrip,6E,6E-2513,2026-08-29,T+7,7264,1594,8858,2026-08-22T09:05:28.697Z,FALSE,"",13:55,FALSE
fare_CCU-DEL_6E_2026-08-29_T+7_1787389698950_yzc1,CCU-DEL,EaseMyTrip,6E,6E-425,2026-08-29,T+7,7264,1594,8858,2026-08-22T09:05:28.697Z,FALSE,"",14:00,FALSE
fare_CCU-DEL_6E_2026-08-29_T+7_1787389698950_kgdq,CCU-DEL,EaseMyTrip,6E,6E-202,2026-08-29,T+7,7264,1594,8858,2026-08-22T09:05:28.697Z,FALSE,"",14:00,FALSE
fare_CCU-DEL_6E_2026-08-29_T+7_1787389698950_h7s0,CCU-DEL,EaseMyTrip,6E,6E-331,2026-08-29,T+7,7264,1594,8858,2026-08-22T09:05:28.697Z,FALSE,"",12:50,FALSE
fare_CCU-DEL_6E_2026-08-29_T+7_1787389698950_lqcr,CCU-DEL,EaseMyTrip,6E,6E-452,2026-08-29,T+7,7264,1594,8858,2026-08-22T09:05:28.697Z,FALSE,"",12:50,FALSE
fare_CCU-DEL_6E_2026-08-29_T+7_1787389698950_m91e,CCU-DEL,EaseMyTrip,6E,6E-766,2026-08-29,T+7,7285,1599,8884,2026-08-22T09:05:28.697Z,FALSE,"",06:00,FALSE
fare_CCU-DEL_6E_2026-08-29_T+7_1787389698950_v7ok,CCU-DEL,EaseMyTrip,6E,6E-295,2026-08-29,T+7,7285,1599,8884,2026-08-22T09:05:28.697Z,FALSE,"",06:00,FALSE
fare_CCU-DEL_6E_2026-08-29_T+7_1787389698950_1hou,CCU-DEL,EaseMyTrip,6E,6E-6528,2026-08-29,T+7,7285,1599,8884,2026-08-22T09:05:28.697Z,FALSE,"",17:00,FALSE
fare_CCU-DEL_6E_2026-08-29_T+7_1787389698950_4osk,CCU-DEL,EaseMyTrip,6E,6E-304,2026-08-29,T+7,7285,1599,8884,2026-08-22T09:05:28.697Z,FALSE,"",16:05,FALSE
fare_CCU-DEL_6E_2026-08-29_T+7_1787389698950_5ga2,CCU-DEL,EaseMyTrip,6E,6E-395,2026-08-29,T+7,7285,1599,8884,2026-08-22T09:05:28.697Z,FALSE,"",16:05,FALSE
fare_CCU-DEL_6E_2026-08-29_T+7_1787389698950_9loi,CCU-DEL,EaseMyTrip,6E,6E-988,2026-08-29,T+7,7285,1599,8884,2026-08-22T09:05:28.697Z,FALSE,"",13:30,FALSE
fare_CCU-DEL_6E_2026-08-29_T+7_1787389698950_vkfj,CCU-DEL,EaseMyTrip,6E,6E-758,2026-08-29,T+7,7285,1599,8884,2026-08-22T09:05:28.697Z,FALSE,"",13:30,FALSE
fare_CCU-DEL_6E_2026-08-29_T+7_1787389698950_q0u8,CCU-DEL,EaseMyTrip,6E,6E-6623,2026-08-29,T+7,7285,1599,8884,2026-08-22T09:05:28.697Z,FALSE,"",05:20,FALSE
fare_CCU-DEL_6E_2026-08-29_T+7_1787389698950_3wk5,CCU-DEL,EaseMyTrip,6E,6E-6154,2026-08-29,T+7,7285,1599,8884,2026-08-22T09:05:28.697Z,FALSE,"",20:45,FALSE
fare_CCU-DEL_6E_2026-08-29_T+7_1787389698950_90jf,CCU-DEL,EaseMyTrip,6E,6E-830,2026-08-29,T+7,7285,1599,8884,2026-08-22T09:05:28.697Z,FALSE,"",06:00,FALSE
fare_CCU-DEL_6E_2026-08-29_T+7_1787389698950_8ug3,CCU-DEL,EaseMyTrip,6E,6E-785,2026-08-29,T+7,7285,1599,8884,2026-08-22T09:05:28.697Z,FALSE,"",06:00,FALSE
fare_CCU-DEL_6E_2026-08-29_T+7_1787389698950_fe26,CCU-DEL,EaseMyTrip,6E,6E-739,2026-08-29,T+7,7333,1610,8943,2026-08-22T09:05:28.697Z,FALSE,"",19:15,TRUE
fare_CCU-DEL_6E_2026-08-29_T+7_1787389698950_7uzz,CCU-DEL,EaseMyTrip,6E,6E-325,2026-08-29,T+7,7333,1610,8943,2026-08-22T09:05:28.697Z,FALSE,"",19:15,TRUE
fare_CCU-DEL_AI_2026-08-29_T+7_1787389698950_0w4n,CCU-DEL,EaseMyTrip,AI,AI-1863,2026-08-29,T+7,7620,1673,9293,2026-08-22T09:05:28.697Z,FALSE,"",19:15,TRUE
fare_CCU-DEL_6E_2026-08-29_T+7_1787389698950_or3t,CCU-DEL,EaseMyTrip,6E,6E-6185,2026-08-29,T+7,7536,1654,9190,2026-08-22T09:05:28.697Z,FALSE,"",07:05,FALSE
fare_CCU-DEL_6E_2026-08-29_T+7_1787389698950_eo6c,CCU-DEL,EaseMyTrip,6E,6E-426,2026-08-29,T+7,7815,1716,9531,2026-08-22T09:05:28.697Z,FALSE,"",13:30,FALSE
fare_CCU-DEL_6E_2026-08-29_T+7_1787389698950_zkgq,CCU-DEL,EaseMyTrip,6E,6E-570,2026-08-29,T+7,7815,1716,9531,2026-08-22T09:05:28.697Z,FALSE,"",13:30,FALSE
fare_CCU-DEL_QP_2026-08-29_T+7_1787389698950_8mh8,CCU-DEL,EaseMyTrip,QP,QP-1136,2026-08-29,T+7,7851,1724,9575,2026-08-22T09:05:28.697Z,FALSE,"",05:10,FALSE
fare_CCU-DEL_6E_2026-08-29_T+7_1787389698950_r3k3,CCU-DEL,EaseMyTrip,6E,6E-7623,2026-08-29,T+7,8119,1782,9901,2026-08-22T09:05:28.697Z,FALSE,"",07:50,FALSE
fare_CCU-DEL_IX_2026-08-29_T+7_1787389698950_8iyz,CCU-DEL,EaseMyTrip,IX,IX-1514,2026-08-29,T+7,8466,1858,10324,2026-08-22T09:05:28.697Z,TRUE,"High outlier: ₹10324 > upper fence ₹10273 (Q3: ₹9128, IQR: ₹763)",11:50,FALSE
fare_CCU-DEL_IX_2026-08-29_T+7_1787389698950_pnb9,CCU-DEL,EaseMyTrip,IX,IX-1517,2026-08-29,T+7,8466,1858,10324,2026-08-22T09:05:28.697Z,TRUE,"High outlier: ₹10324 > upper fence ₹10273 (Q3: ₹9128, IQR: ₹763)",07:20,FALSE
fare_CCU-DEL_QP_2026-08-29_T+7_1787389698950_bw66,CCU-DEL,EaseMyTrip,QP,QP-1126,2026-08-29,T+7,8535,1874,10409,2026-08-22T09:05:28.697Z,TRUE,"High outlier: ₹10409 > upper fence ₹10273 (Q3: ₹9128, IQR: ₹763)",23:00,FALSE
fare_CCU-DEL_IX_2026-08-29_T+7_1787389698950_fqch,CCU-DEL,EaseMyTrip,IX,IX-1382,2026-08-29,T+7,9458,2076,11534,2026-08-22T09:05:28.697Z,TRUE,"High outlier: ₹11534 > upper fence ₹10273 (Q3: ₹9128, IQR: ₹763)",22:20,FALSE
fare_CCU-DEL_IX_2026-08-29_T+7_1787389698950_hbv8,CCU-DEL,EaseMyTrip,IX,IX-1543,2026-08-29,T+7,9458,2076,11534,2026-08-22T09:05:28.697Z,TRUE,"High outlier: ₹11534 > upper fence ₹10273 (Q3: ₹9128, IQR: ₹763)",15:15,FALSE
fare_CCU-DEL_6E_2026-08-29_T+7_1787389698950_hcwd,CCU-DEL,EaseMyTrip,6E,6E-190,2026-08-29,T+7,11114,2440,13554,2026-08-22T09:05:28.697Z,TRUE,"High outlier: ₹13554 > upper fence ₹10273 (Q3: ₹9128, IQR: ₹763)",11:25,FALSE
fare_CCU-DEL_6E_2026-08-29_T+7_1787389698950_5csk,CCU-DEL,EaseMyTrip,6E,6E-463,2026-08-29,T+7,11114,2440,13554,2026-08-22T09:05:28.697Z,TRUE,"High outlier: ₹13554 > upper fence ₹10273 (Q3: ₹9128, IQR: ₹763)",11:25,FALSE
fare_CCU-DEL_AI_2026-08-29_T+7_1787389698950_3z87,CCU-DEL,EaseMyTrip,AI,AI-9501,2026-08-29,T+7,11309,2482,13791,2026-08-22T09:05:28.697Z,TRUE,"High outlier: ₹13791 > upper fence ₹10273 (Q3: ₹9128, IQR: ₹763)",11:50,FALSE
fare_CCU-DEL_AI_2026-08-29_T+7_1787389698950_vcpo,CCU-DEL,EaseMyTrip,AI,AI-9503,2026-08-29,T+7,11309,2482,13791,2026-08-22T09:05:28.697Z,TRUE,"High outlier: ₹13791 > upper fence ₹10273 (Q3: ₹9128, IQR: ₹763)",07:20,FALSE
fare_CCU-DEL_6E_2026-08-29_T+7_1787389698950_vy0e,CCU-DEL,EaseMyTrip,6E,6E-6908,2026-08-29,T+7,12512,2747,15259,2026-08-22T09:05:28.697Z,TRUE,"High outlier: ₹15259 > upper fence ₹10273 (Q3: ₹9128, IQR: ₹763)",15:00,FALSE
fare_CCU-DEL_AI_2026-08-29_T+7_1787389698950_6kya,CCU-DEL,EaseMyTrip,AI,AI-2772,2026-08-29,T+7,12711,2790,15501,2026-08-22T09:05:28.697Z,TRUE,"High outlier: ₹15501 > upper fence ₹10273 (Q3: ₹9128, IQR: ₹763)",10:30,FALSE
fare_CCU-DEL_AI_2026-08-29_T+7_1787389698950_94zz,CCU-DEL,EaseMyTrip,AI,AI-2774,2026-08-29,T+7,12930,2838,15768,2026-08-22T09:05:28.697Z,TRUE,"High outlier: ₹15768 > upper fence ₹10273 (Q3: ₹9128, IQR: ₹763)",17:40,FALSE
fare_CCU-DEL_AI_2026-08-29_T+7_1787389698950_swcj,CCU-DEL,EaseMyTrip,AI,AI-2792,2026-08-29,T+7,12930,2838,15768,2026-08-22T09:05:28.697Z,TRUE,"High outlier: ₹15768 > upper fence ₹10273 (Q3: ₹9128, IQR: ₹763)",06:00,FALSE
fare_CCU-DEL_AI_2026-08-29_T+7_1787389698950_bh9e,CCU-DEL,EaseMyTrip,AI,AI-9784,2026-08-29,T+7,13266,2912,16178,2026-08-22T09:05:28.697Z,TRUE,"High outlier: ₹16178 > upper fence ₹10273 (Q3: ₹9128, IQR: ₹763)",06:30,FALSE
fare_CCU-DEL_6E_2026-08-29_T+7_1787389698950_22mp,CCU-DEL,EaseMyTrip,6E,6E-6513,2026-08-29,T+7,13566,2978,16544,2026-08-22T09:05:28.697Z,TRUE,"High outlier: ₹16544 > upper fence ₹10273 (Q3: ₹9128, IQR: ₹763)",08:40,FALSE
fare_CCU-DEL_AI_2026-08-29_T+7_1787389698950_3bdu,CCU-DEL,EaseMyTrip,AI,AI-9782,2026-08-29,T+7,13880,3047,16927,2026-08-22T09:05:28.697Z,TRUE,"High outlier: ₹16927 > upper fence ₹10273 (Q3: ₹9128, IQR: ₹763)",16:35,FALSE
fare_CCU-DEL_IX_2026-08-29_T+7_1787389698950_0948,CCU-DEL,EaseMyTrip,IX,IX-1496,2026-08-29,T+7,14112,3098,17210,2026-08-22T09:05:28.697Z,TRUE,"High outlier: ₹17210 > upper fence ₹10273 (Q3: ₹9128, IQR: ₹763)",11:15,FALSE
fare_CCU-DEL_AI_2026-08-29_T+7_1787389698950_nuwt,CCU-DEL,EaseMyTrip,AI,AI-9440,2026-08-29,T+7,15197,3336,18533,2026-08-22T09:05:28.697Z,TRUE,"High outlier: ₹18533 > upper fence ₹10273 (Q3: ₹9128, IQR: ₹763)",15:15,FALSE
fare_CCU-DEL_AI_2026-08-29_T+7_1787389698950_0ymx,CCU-DEL,EaseMyTrip,AI,AI-9438,2026-08-29,T+7,15730,3453,19183,2026-08-22T09:05:28.697Z,TRUE,"High outlier: ₹19183 > upper fence ₹10273 (Q3: ₹9128, IQR: ₹763)",11:15,FALSE
fare_CCU-DEL_AI_2026-08-29_T+7_1787389698950_i9nr,CCU-DEL,EaseMyTrip,AI,AI-9944,2026-08-29,T+7,27415,6018,33433,2026-08-22T09:05:28.697Z,TRUE,"High outlier: ₹33433 > upper fence ₹10273 (Q3: ₹9128, IQR: ₹763)",06:10,FALSE
fare_DEL-BLR_AI_2026-08-23_T+1_1787389698950_q0rc,DEL-BLR,EaseMyTrip,AI,AI-2653,2026-08-23,T+1,7505,1647,9152,2026-08-22T09:04:23.313Z,FALSE,"",04:30,TRUE
fare_DEL-BLR_AI_2026-08-23_T+1_1787389698950_z71x,DEL-BLR,EaseMyTrip,AI,AI-2757,2026-08-23,T+1,7505,1647,9152,2026-08-22T09:04:23.313Z,FALSE,"",00:15,TRUE
fare_DEL-BLR_AI_2026-08-23_T+1_1787389698950_bndf,DEL-BLR,EaseMyTrip,AI,AI-2502,2026-08-23,T+1,7505,1647,9152,2026-08-22T09:04:23.313Z,FALSE,"",03:15,TRUE
fare_DEL-BLR_AI_2026-08-23_T+1_1787389698950_0kju,DEL-BLR,EaseMyTrip,AI,AI-2803,2026-08-23,T+1,7505,1647,9152,2026-08-22T09:04:23.313Z,FALSE,"",06:30,TRUE
fare_DEL-BLR_6E_2026-08-23_T+1_1787389698950_7dvb,DEL-BLR,EaseMyTrip,6E,6E-109,2026-08-23,T+1,7493,1645,9138,2026-08-22T09:04:23.313Z,FALSE,"",03:00,TRUE
fare_DEL-BLR_6E_2026-08-23_T+1_1787389698950_mbql,DEL-BLR,EaseMyTrip,6E,6E-824,2026-08-23,T+1,7493,1645,9138,2026-08-22T09:04:23.313Z,FALSE,"",03:00,TRUE
fare_DEL-BLR_6E_2026-08-23_T+1_1787389698950_z04c,DEL-BLR,EaseMyTrip,6E,6E-2314,2026-08-23,T+1,7493,1645,9138,2026-08-22T09:04:23.313Z,FALSE,"",05:45,TRUE
fare_DEL-BLR_IX_2026-08-23_T+1_1787389698950_l25x,DEL-BLR,EaseMyTrip,IX,IX-1392,2026-08-23,T+1,7794,1711,9505,2026-08-22T09:04:23.313Z,FALSE,"",23:25,FALSE
fare_DEL-BLR_QP_2026-08-23_T+1_1787389698950_3hz4,DEL-BLR,EaseMyTrip,QP,QP-1350,2026-08-23,T+1,7816,1716,9532,2026-08-22T09:04:23.313Z,FALSE,"",21:55,TRUE
fare_DEL-BLR_QP_2026-08-23_T+1_1787389698950_49ii,DEL-BLR,EaseMyTrip,QP,QP-1812,2026-08-23,T+1,7816,1716,9532,2026-08-22T09:04:23.313Z,FALSE,"",22:55,TRUE
fare_DEL-BLR_6E_2026-08-23_T+1_1787389698950_zr4j,DEL-BLR,EaseMyTrip,6E,6E-181,2026-08-23,T+1,7891,1732,9623,2026-08-22T09:04:23.313Z,FALSE,"",23:30,TRUE
fare_DEL-BLR_6E_2026-08-23_T+1_1787389698950_k5t5,DEL-BLR,EaseMyTrip,6E,6E-409,2026-08-23,T+1,7891,1732,9623,2026-08-22T09:04:23.313Z,FALSE,"",23:30,TRUE
fare_DEL-BLR_6E_2026-08-23_T+1_1787389698950_lbl6,DEL-BLR,EaseMyTrip,6E,6E-804,2026-08-23,T+1,7891,1732,9623,2026-08-22T09:04:23.313Z,FALSE,"",07:05,TRUE
fare_DEL-BLR_6E_2026-08-23_T+1_1787389698950_uncr,DEL-BLR,EaseMyTrip,6E,6E-914,2026-08-23,T+1,7891,1732,9623,2026-08-22T09:04:23.313Z,FALSE,"",07:05,TRUE
fare_DEL-BLR_IX_2026-08-23_T+1_1787389698950_mgqu,DEL-BLR,EaseMyTrip,IX,IX-1230,2026-08-23,T+1,8123,1783,9906,2026-08-22T09:04:23.313Z,FALSE,"",04:25,FALSE
fare_DEL-BLR_AI_2026-08-23_T+1_1787389698950_jwg2,DEL-BLR,EaseMyTrip,AI,AI-2755,2026-08-23,T+1,8421,1848,10269,2026-08-22T09:04:23.313Z,FALSE,"",22:30,TRUE
fare_DEL-BLR_6E_2026-08-23_T+1_1787389698950_ifu0,DEL-BLR,EaseMyTrip,6E,6E-736,2026-08-23,T+1,8312,1825,10137,2026-08-22T09:04:23.313Z,FALSE,"",22:00,TRUE
fare_DEL-BLR_6E_2026-08-23_T+1_1787389698950_fvxz,DEL-BLR,EaseMyTrip,6E,6E-459,2026-08-23,T+1,8312,1825,10137,2026-08-22T09:04:23.313Z,FALSE,"",22:00,TRUE
fare_DEL-BLR_AI_2026-08-23_T+1_1787389698950_3nhf,DEL-BLR,EaseMyTrip,AI,AI-2412,2026-08-23,T+1,8635,1896,10531,2026-08-22T09:04:23.313Z,FALSE,"",21:30,TRUE
fare_DEL-BLR_IX_2026-08-23_T+1_1787389698950_tcgl,DEL-BLR,EaseMyTrip,IX,IX-1482,2026-08-23,T+1,8760,1923,10683,2026-08-22T09:04:23.313Z,FALSE,"",08:30,TRUE
fare_DEL-BLR_AI_2026-08-23_T+1_1787389698950_zmrs,DEL-BLR,EaseMyTrip,AI,AI-427,2026-08-23,T+1,8850,1943,10793,2026-08-22T09:04:23.313Z,FALSE,"",08:30,TRUE
fare_DEL-BLR_QP_2026-08-23_T+1_1787389698950_zb3i,DEL-BLR,EaseMyTrip,QP,QP-1824,2026-08-23,T+1,8748,1920,10668,2026-08-22T09:04:23.313Z,FALSE,"",20:10,TRUE
fare_DEL-BLR_6E_2026-08-23_T+1_1787389698950_a2jr,DEL-BLR,EaseMyTrip,6E,6E-6515,2026-08-23,T+1,8761,1923,10684,2026-08-22T09:04:23.313Z,FALSE,"",20:45,TRUE
fare_DEL-BLR_AI_2026-08-23_T+1_1787389698950_zon1,DEL-BLR,EaseMyTrip,AI,AI-2735,2026-08-23,T+1,9218,2024,11242,2026-08-22T09:04:23.313Z,FALSE,"",15:40,FALSE
fare_DEL-BLR_AI_2026-08-23_T+1_1787389698950_5ivp,DEL-BLR,EaseMyTrip,AI,AI-2907,2026-08-23,T+1,9218,2024,11242,2026-08-22T09:04:23.313Z,FALSE,"",11:55,FALSE
fare_DEL-BLR_6E_2026-08-23_T+1_1787389698950_bahn,DEL-BLR,EaseMyTrip,6E,6E-908,2026-08-23,T+1,9238,2028,11266,2026-08-22T09:04:23.313Z,FALSE,"",09:30,TRUE
fare_DEL-BLR_6E_2026-08-23_T+1_1787389698950_qtei,DEL-BLR,EaseMyTrip,6E,6E-980,2026-08-23,T+1,9238,2028,11266,2026-08-22T09:04:23.313Z,FALSE,"",09:30,TRUE
fare_DEL-BLR_6E_2026-08-23_T+1_1787389698950_3i3w,DEL-BLR,EaseMyTrip,6E,6E-507,2026-08-23,T+1,9238,2028,11266,2026-08-22T09:04:23.313Z,FALSE,"",08:20,TRUE
fare_DEL-BLR_6E_2026-08-23_T+1_1787389698950_kn77,DEL-BLR,EaseMyTrip,6E,6E-851,2026-08-23,T+1,9238,2028,11266,2026-08-22T09:04:23.313Z,FALSE,"",08:20,TRUE
fare_DEL-BLR_IX_2026-08-23_T+1_1787389698950_3w8s,DEL-BLR,EaseMyTrip,IX,IX-1074,2026-08-23,T+1,9509,2087,11596,2026-08-22T09:04:23.313Z,FALSE,"",10:55,FALSE
fare_DEL-BLR_AI_2026-08-23_T+1_1787389698950_hjn0,DEL-BLR,EaseMyTrip,AI,AI-2609,2026-08-23,T+1,9508,2087,11595,2026-08-22T09:04:23.313Z,FALSE,"",23:50,FALSE
fare_DEL-BLR_AI_2026-08-23_T+1_1787389698950_vlvq,DEL-BLR,EaseMyTrip,AI,AI-1797,2026-08-23,T+1,9508,2087,11595,2026-08-22T09:04:23.313Z,FALSE,"",05:45,FALSE
fare_DEL-BLR_AI_2026-08-23_T+1_1787389698950_khpq,DEL-BLR,EaseMyTrip,AI,AI-2469,2026-08-23,T+1,9508,2087,11595,2026-08-22T09:04:23.313Z,FALSE,"",04:45,FALSE
fare_DEL-BLR_AI_2026-08-23_T+1_1787389698950_hf6q,DEL-BLR,EaseMyTrip,AI,AI-2711,2026-08-23,T+1,9508,2087,11595,2026-08-22T09:04:23.313Z,FALSE,"",02:10,FALSE
fare_DEL-BLR_AI_2026-08-23_T+1_1787389698950_gkao,DEL-BLR,EaseMyTrip,AI,AI-2415,2026-08-23,T+1,9548,2096,11644,2026-08-22T09:04:23.313Z,FALSE,"",09:30,TRUE
fare_DEL-BLR_QP_2026-08-23_T+1_1787389698950_rjt6,DEL-BLR,EaseMyTrip,QP,QP-1308,2026-08-23,T+1,9435,2071,11506,2026-08-22T09:04:23.313Z,FALSE,"",20:55,TRUE
fare_DEL-BLR_6E_2026-08-23_T+1_1787389698950_td6h,DEL-BLR,EaseMyTrip,6E,6E-7646,2026-08-23,T+1,9447,2074,11521,2026-08-22T09:04:23.313Z,FALSE,"",06:15,FALSE
fare_DEL-BLR_6E_2026-08-23_T+1_1787389698950_9nx5,DEL-BLR,EaseMyTrip,6E,6E-2343,2026-08-23,T+1,9473,2079,11552,2026-08-22T09:04:23.313Z,FALSE,"",02:20,FALSE
fare_DEL-BLR_AI_2026-08-23_T+1_1787389698950_v34f,DEL-BLR,EaseMyTrip,AI,AI-2809,2026-08-23,T+1,9880,2169,12049,2026-08-22T09:04:23.313Z,FALSE,"",19:30,TRUE
fare_DEL-BLR_6E_2026-08-23_T+1_1787389698950_t57b,DEL-BLR,EaseMyTrip,6E,6E-309,2026-08-23,T+1,9743,2139,11882,2026-08-22T09:04:23.313Z,FALSE,"",19:30,TRUE
fare_DEL-BLR_6E_2026-08-23_T+1_1787389698950_qaaf,DEL-BLR,EaseMyTrip,6E,6E-648,2026-08-23,T+1,9743,2139,11882,2026-08-22T09:04:23.313Z,FALSE,"",19:30,TRUE
fare_DEL-BLR_6E_2026-08-23_T+1_1787389698950_svmx,DEL-BLR,EaseMyTrip,6E,6E-619,2026-08-23,T+1,9743,2139,11882,2026-08-22T09:04:23.313Z,FALSE,"",10:45,TRUE
fare_DEL-BLR_6E_2026-08-23_T+1_1787389698950_7836,DEL-BLR,EaseMyTrip,6E,6E-843,2026-08-23,T+1,9743,2139,11882,2026-08-22T09:04:23.313Z,FALSE,"",10:45,TRUE
fare_DEL-BLR_6E_2026-08-23_T+1_1787389698950_x3hc,DEL-BLR,EaseMyTrip,6E,6E-2456,2026-08-23,T+1,9765,2143,11908,2026-08-22T09:04:23.313Z,FALSE,"",14:55,TRUE
fare_DEL-BLR_AI_2026-08-23_T+1_1787389698950_7fec,DEL-BLR,EaseMyTrip,AI,AI-2512,2026-08-23,T+1,10051,2206,12257,2026-08-22T09:04:23.313Z,FALSE,"",19:00,TRUE
fare_DEL-BLR_IX_2026-08-23_T+1_1787389698950_j252,DEL-BLR,EaseMyTrip,IX,IX-1812,2026-08-23,T+1,10337,2269,12606,2026-08-22T09:04:23.313Z,FALSE,"",07:10,FALSE
fare_DEL-BLR_6E_2026-08-23_T+1_1787389698950_pis2,DEL-BLR,EaseMyTrip,6E,6E-402,2026-08-23,T+1,10282,2257,12539,2026-08-22T09:04:23.313Z,FALSE,"",18:20,TRUE
fare_DEL-BLR_6E_2026-08-23_T+1_1787389698950_z2kj,DEL-BLR,EaseMyTrip,6E,6E-960,2026-08-23,T+1,10282,2257,12539,2026-08-22T09:04:23.313Z,FALSE,"",18:20,TRUE
fare_DEL-BLR_6E_2026-08-23_T+1_1787389698950_hp7h,DEL-BLR,EaseMyTrip,6E,6E-2618,2026-08-23,T+1,10605,2328,12933,2026-08-22T09:04:23.313Z,FALSE,"",23:00,FALSE
fare_DEL-BLR_AI_2026-08-23_T+1_1787389698950_tv69,DEL-BLR,EaseMyTrip,AI,AI-2487,2026-08-23,T+1,10909,2395,13304,2026-08-22T09:04:23.313Z,FALSE,"",18:30,TRUE
fare_DEL-BLR_IX_2026-08-23_T+1_1787389698950_j57z,DEL-BLR,EaseMyTrip,IX,IX-1035,2026-08-23,T+1,10985,2411,13396,2026-08-22T09:04:23.313Z,FALSE,"",08:10,FALSE
fare_DEL-BLR_IX_2026-08-23_T+1_1787389698950_vdp1,DEL-BLR,EaseMyTrip,IX,IX-1032,2026-08-23,T+1,10985,2411,13396,2026-08-22T09:04:23.313Z,FALSE,"",05:45,FALSE
fare_DEL-BLR_6E_2026-08-23_T+1_1787389698950_2c4n,DEL-BLR,EaseMyTrip,6E,6E-7628,2026-08-23,T+1,10863,2384,13247,2026-08-22T09:04:23.313Z,FALSE,"",15:05,FALSE
fare_DEL-BLR_AI_2026-08-23_T+1_1787389698950_9wwy,DEL-BLR,EaseMyTrip,AI,AI-2999,2026-08-23,T+1,11041,2424,13465,2026-08-22T09:04:23.313Z,FALSE,"",22:00,FALSE
fare_DEL-BLR_AI_2026-08-23_T+1_1787389698950_hrmf,DEL-BLR,EaseMyTrip,AI,AI-2943,2026-08-23,T+1,11041,2424,13465,2026-08-22T09:04:23.313Z,FALSE,"",07:30,FALSE
fare_DEL-BLR_AI_2026-08-23_T+1_1787389698950_qxdd,DEL-BLR,EaseMyTrip,AI,AI-2425,2026-08-23,T+1,11041,2424,13465,2026-08-22T09:04:23.313Z,FALSE,"",10:30,FALSE
fare_DEL-BLR_AI_2026-08-23_T+1_1787389698950_ciin,DEL-BLR,EaseMyTrip,AI,AI-2933,2026-08-23,T+1,11041,2424,13465,2026-08-22T09:04:23.313Z,FALSE,"",15:30,FALSE
fare_DEL-BLR_AI_2026-08-23_T+1_1787389698950_vgiz,DEL-BLR,EaseMyTrip,AI,AI-2496,2026-08-23,T+1,11059,2427,13486,2026-08-22T09:04:23.313Z,FALSE,"",03:00,FALSE
fare_DEL-BLR_AI_2026-08-23_T+1_1787389698950_9f8r,DEL-BLR,EaseMyTrip,AI,AI-2819,2026-08-23,T+1,11096,2436,13532,2026-08-22T09:04:23.313Z,FALSE,"",15:00,TRUE
fare_DEL-BLR_6E_2026-08-23_T+1_1787389698950_f49m,DEL-BLR,EaseMyTrip,6E,6E-6433,2026-08-23,T+1,10993,2413,13406,2026-08-22T09:04:23.313Z,FALSE,"",16:30,FALSE
fare_DEL-BLR_AI_2026-08-23_T+1_1787389698950_4bht,DEL-BLR,EaseMyTrip,AI,AI-2973,2026-08-23,T+1,11182,2455,13637,2026-08-22T09:04:23.313Z,FALSE,"",20:50,FALSE
fare_DEL-BLR_6E_2026-08-23_T+1_1787389698950_wwwf,DEL-BLR,EaseMyTrip,6E,6E-6470,2026-08-23,T+1,11159,2449,13608,2026-08-22T09:04:23.313Z,FALSE,"",06:55,FALSE
fare_DEL-BLR_AI_2026-08-23_T+1_1787389698950_d6jf,DEL-BLR,EaseMyTrip,AI,AI-1730,2026-08-23,T+1,11346,2491,13837,2026-08-22T09:04:23.313Z,FALSE,"",19:10,FALSE
fare_DEL-BLR_AI_2026-08-23_T+1_1787389698950_34kf,DEL-BLR,EaseMyTrip,AI,AI-415,2026-08-23,T+1,11350,2491,13841,2026-08-22T09:04:23.313Z,FALSE,"",12:40,FALSE
fare_DEL-BLR_6E_2026-08-23_T+1_1787389698950_l789,DEL-BLR,EaseMyTrip,6E,6E-7626,2026-08-23,T+1,11223,2464,13687,2026-08-22T09:04:23.313Z,FALSE,"",10:30,FALSE
fare_DEL-BLR_6E_2026-08-23_T+1_1787389698950_tawp,DEL-BLR,EaseMyTrip,6E,6E-2491,2026-08-23,T+1,11250,2469,13719,2026-08-22T09:04:23.313Z,FALSE,"",15:15,FALSE
fare_DEL-BLR_6E_2026-08-23_T+1_1787389698950_yslo,DEL-BLR,EaseMyTrip,6E,6E-5073,2026-08-23,T+1,11319,2485,13804,2026-08-22T09:04:23.313Z,FALSE,"",17:05,FALSE
fare_DEL-BLR_6E_2026-08-23_T+1_1787389698950_qwhu,DEL-BLR,EaseMyTrip,6E,6E-5119,2026-08-23,T+1,11319,2485,13804,2026-08-22T09:04:23.313Z,FALSE,"",05:10,FALSE
fare_DEL-BLR_6E_2026-08-23_T+1_1787389698950_w477,DEL-BLR,EaseMyTrip,6E,6E-6673,2026-08-23,T+1,11319,2485,13804,2026-08-22T09:04:23.313Z,FALSE,"",21:15,FALSE
fare_DEL-BLR_6E_2026-08-23_T+1_1787389698950_gz39,DEL-BLR,EaseMyTrip,6E,6E-6488,2026-08-23,T+1,11319,2485,13804,2026-08-22T09:04:23.313Z,FALSE,"",11:20,FALSE
fare_DEL-BLR_6E_2026-08-23_T+1_1787389698950_f203,DEL-BLR,EaseMyTrip,6E,6E-617,2026-08-23,T+1,11319,2485,13804,2026-08-22T09:04:23.313Z,FALSE,"",15:30,FALSE
fare_DEL-BLR_6E_2026-08-23_T+1_1787389698950_yw6a,DEL-BLR,EaseMyTrip,6E,6E-868,2026-08-23,T+1,11319,2485,13804,2026-08-22T09:04:23.313Z,FALSE,"",15:30,FALSE
fare_DEL-BLR_AI_2026-08-23_T+1_1787389698950_5uz4,DEL-BLR,EaseMyTrip,AI,AI-2971,2026-08-23,T+1,11484,2521,14005,2026-08-22T09:04:23.313Z,FALSE,"",16:00,FALSE
fare_DEL-BLR_AI_2026-08-23_T+1_1787389698950_cy1x,DEL-BLR,EaseMyTrip,AI,AI-2420,2026-08-23,T+1,11512,2527,14039,2026-08-22T09:04:23.313Z,FALSE,"",18:00,TRUE
fare_DEL-BLR_6E_2026-08-23_T+1_1787389698950_a4to,DEL-BLR,EaseMyTrip,6E,6E-2037,2026-08-23,T+1,11384,2499,13883,2026-08-22T09:04:23.313Z,FALSE,"",17:45,FALSE
fare_DEL-BLR_6E_2026-08-23_T+1_1787389698950_g1kg,DEL-BLR,EaseMyTrip,6E,6E-6476,2026-08-23,T+1,11384,2499,13883,2026-08-22T09:04:23.313Z,FALSE,"",07:05,FALSE
fare_DEL-BLR_6E_2026-08-23_T+1_1787389698950_us3y,DEL-BLR,EaseMyTrip,6E,6E-629,2026-08-23,T+1,11384,2499,13883,2026-08-22T09:04:23.313Z,FALSE,"",12:15,FALSE
fare_DEL-BLR_6E_2026-08-23_T+1_1787389698950_0ooz,DEL-BLR,EaseMyTrip,6E,6E-669,2026-08-23,T+1,11384,2499,13883,2026-08-22T09:04:23.313Z,FALSE,"",12:15,FALSE
fare_DEL-BLR_6E_2026-08-23_T+1_1787389698950_x99d,DEL-BLR,EaseMyTrip,6E,6E-7642,2026-08-23,T+1,11422,2507,13929,2026-08-22T09:04:23.313Z,FALSE,"",15:45,FALSE
fare_DEL-BLR_6E_2026-08-23_T+1_1787389698950_1is9,DEL-BLR,EaseMyTrip,6E,6E-7624,2026-08-23,T+1,11422,2507,13929,2026-08-22T09:04:23.313Z,FALSE,"",05:50,FALSE
fare_DEL-BLR_6E_2026-08-23_T+1_1787389698950_k49y,DEL-BLR,EaseMyTrip,6E,6E-220,2026-08-23,T+1,11459,2515,13974,2026-08-22T09:04:23.313Z,FALSE,"",15:45,TRUE
fare_DEL-BLR_6E_2026-08-23_T+1_1787389698950_8bkz,DEL-BLR,EaseMyTrip,6E,6E-198,2026-08-23,T+1,11459,2515,13974,2026-08-22T09:04:23.313Z,FALSE,"",15:45,TRUE
fare_DEL-BLR_6E_2026-08-23_T+1_1787389698950_kpc6,DEL-BLR,EaseMyTrip,6E,6E-892,2026-08-23,T+1,11459,2515,13974,2026-08-22T09:04:23.313Z,FALSE,"",17:00,TRUE
fare_DEL-BLR_6E_2026-08-23_T+1_1787389698950_wto6,DEL-BLR,EaseMyTrip,6E,6E-365,2026-08-23,T+1,11459,2515,13974,2026-08-22T09:04:23.313Z,FALSE,"",17:00,TRUE
fare_DEL-BLR_6E_2026-08-23_T+1_1787389698950_ykea,DEL-BLR,EaseMyTrip,6E,6E-2364,2026-08-23,T+1,11513,2527,14040,2026-08-22T09:04:23.313Z,FALSE,"",04:50,FALSE
fare_DEL-BLR_AI_2026-08-23_T+1_1787389698950_f2bo,DEL-BLR,EaseMyTrip,AI,AI-2485,2026-08-23,T+1,11715,2571,14286,2026-08-22T09:04:23.313Z,FALSE,"",12:00,TRUE
fare_DEL-BLR_6E_2026-08-23_T+1_1787389698950_ofmw,DEL-BLR,EaseMyTrip,6E,6E-5191,2026-08-23,T+1,11664,2560,14224,2026-08-22T09:04:23.313Z,FALSE,"",04:45,FALSE
fare_DEL-BLR_AI_2026-08-23_T+1_1787389698950_49dp,DEL-BLR,EaseMyTrip,AI,AI-2525,2026-08-23,T+1,11885,2609,14494,2026-08-22T09:04:23.313Z,FALSE,"",06:00,FALSE
fare_DEL-BLR_QP_2026-08-23_T+1_1787389698950_xi05,DEL-BLR,EaseMyTrip,QP,QP-1942,2026-08-23,T+1,12041,2643,14684,2026-08-22T09:04:23.313Z,FALSE,"",21:05,FALSE
fare_DEL-BLR_QP_2026-08-23_T+1_1787389698950_ygs3,DEL-BLR,EaseMyTrip,QP,QP-1940,2026-08-23,T+1,12041,2643,14684,2026-08-22T09:04:23.313Z,FALSE,"",14:10,FALSE
fare_DEL-BLR_6E_2026-08-23_T+1_1787389698950_36dk,DEL-BLR,EaseMyTrip,6E,6E-852,2026-08-23,T+1,12102,2657,14759,2026-08-22T09:04:23.313Z,FALSE,"",14:30,TRUE
fare_DEL-BLR_6E_2026-08-23_T+1_1787389698950_ilkd,DEL-BLR,EaseMyTrip,6E,6E-384,2026-08-23,T+1,12102,2657,14759,2026-08-22T09:04:23.313Z,FALSE,"",14:30,TRUE
fare_DEL-BLR_6E_2026-08-23_T+1_1787389698950_5dbg,DEL-BLR,EaseMyTrip,6E,6E-351,2026-08-23,T+1,12102,2657,14759,2026-08-22T09:04:23.313Z,FALSE,"",13:15,TRUE
fare_DEL-BLR_6E_2026-08-23_T+1_1787389698950_t9jb,DEL-BLR,EaseMyTrip,6E,6E-208,2026-08-23,T+1,12102,2657,14759,2026-08-22T09:04:23.313Z,FALSE,"",13:15,TRUE
fare_DEL-BLR_6E_2026-08-23_T+1_1787389698950_n20n,DEL-BLR,EaseMyTrip,6E,6E-984,2026-08-23,T+1,12158,2669,14827,2026-08-22T09:04:23.313Z,FALSE,"",20:45,FALSE
fare_DEL-BLR_6E_2026-08-23_T+1_1787389698950_gfyu,DEL-BLR,EaseMyTrip,6E,6E-271,2026-08-23,T+1,12158,2669,14827,2026-08-22T09:04:23.313Z,FALSE,"",20:45,FALSE
fare_DEL-BLR_6E_2026-08-23_T+1_1787389698950_87h4,DEL-BLR,EaseMyTrip,6E,6E-2151,2026-08-23,T+1,12199,2678,14877,2026-08-22T09:04:23.313Z,FALSE,"",19:45,FALSE
fare_DEL-BLR_6E_2026-08-23_T+1_1787389698950_oz3h,DEL-BLR,EaseMyTrip,6E,6E-2519,2026-08-23,T+1,12235,2686,14921,2026-08-22T09:04:23.313Z,FALSE,"",13:00,TRUE
fare_DEL-BLR_QP_2026-08-23_T+1_1787389698950_bgxw,DEL-BLR,EaseMyTrip,QP,QP-1822,2026-08-23,T+1,12311,2703,15014,2026-08-22T09:04:23.313Z,FALSE,"",16:40,TRUE
fare_DEL-BLR_QP_2026-08-23_T+1_1787389698950_kdz2,DEL-BLR,EaseMyTrip,QP,QP-1809,2026-08-23,T+1,12423,2727,15150,2026-08-22T09:04:23.313Z,FALSE,"",18:10,FALSE
fare_DEL-BLR_IX_2026-08-23_T+1_1787389698950_gkkp,DEL-BLR,EaseMyTrip,IX,IX-1067,2026-08-23,T+1,12801,2810,15611,2026-08-22T09:04:23.313Z,FALSE,"",06:10,FALSE
fare_DEL-BLR_AI_2026-08-23_T+1_1787389698950_rgk3,DEL-BLR,EaseMyTrip,AI,AI-2797,2026-08-23,T+1,12837,2818,15655,2026-08-22T09:04:23.313Z,FALSE,"",16:30,TRUE
fare_DEL-BLR_6E_2026-08-23_T+1_1787389698950_p69n,DEL-BLR,EaseMyTrip,6E,6E-426,2026-08-23,T+1,12698,2787,15485,2026-08-22T09:04:23.313Z,FALSE,"",18:00,FALSE
fare_DEL-BLR_6E_2026-08-23_T+1_1787389698950_rxzm,DEL-BLR,EaseMyTrip,6E,6E-888,2026-08-23,T+1,12698,2787,15485,2026-08-22T09:04:23.313Z,FALSE,"",18:00,FALSE
fare_DEL-BLR_6E_2026-08-23_T+1_1787389698950_zb76,DEL-BLR,EaseMyTrip,6E,6E-501,2026-08-23,T+1,12787,2807,15594,2026-08-22T09:04:23.313Z,FALSE,"",12:20,TRUE
fare_DEL-BLR_6E_2026-08-23_T+1_1787389698950_1ywe,DEL-BLR,EaseMyTrip,6E,6E-7653,2026-08-23,T+1,12813,2813,15626,2026-08-22T09:04:23.313Z,FALSE,"",17:20,FALSE
fare_DEL-BLR_AI_2026-08-23_T+1_1787389698950_fn3e,DEL-BLR,EaseMyTrip,AI,AI-1720,2026-08-23,T+1,13089,2873,15962,2026-08-22T09:04:23.313Z,FALSE,"",20:30,FALSE
fare_DEL-BLR_IX_2026-08-23_T+1_1787389698950_zi4c,DEL-BLR,EaseMyTrip,IX,IX-1617,2026-08-23,T+1,13206,2899,16105,2026-08-22T09:04:23.313Z,FALSE,"",11:50,FALSE
fare_DEL-BLR_IX_2026-08-23_T+1_1787389698950_y6qe,DEL-BLR,EaseMyTrip,IX,IX-1070,2026-08-23,T+1,13332,2927,16259,2026-08-22T09:04:23.313Z,FALSE,"",18:40,TRUE
fare_DEL-BLR_6E_2026-08-23_T+1_1787389698950_cv1b,DEL-BLR,EaseMyTrip,6E,6E-2277,2026-08-23,T+1,13133,2883,16016,2026-08-22T09:04:23.313Z,FALSE,"",10:25,FALSE
fare_DEL-BLR_AI_2026-08-23_T+1_1787389698950_rxzo,DEL-BLR,EaseMyTrip,AI,AI-2417,2026-08-23,T+1,13413,2944,16357,2026-08-22T09:04:23.313Z,FALSE,"",13:00,TRUE
fare_DEL-BLR_IX_2026-08-23_T+1_1787389698950_on6q,DEL-BLR,EaseMyTrip,IX,IX-1001,2026-08-23,T+1,13490,2961,16451,2026-08-22T09:04:23.313Z,FALSE,"",09:00,FALSE
fare_DEL-BLR_IX_2026-08-23_T+1_1787389698950_f7j7,DEL-BLR,EaseMyTrip,IX,IX-2457,2026-08-23,T+1,13706,3009,16715,2026-08-22T09:04:23.313Z,FALSE,"",11:30,FALSE
fare_DEL-BLR_AI_2026-08-23_T+1_1787389698950_1qa0,DEL-BLR,EaseMyTrip,AI,AI-2560,2026-08-23,T+1,13858,3042,16900,2026-08-22T09:04:23.313Z,FALSE,"",07:00,FALSE
fare_DEL-BLR_AI_2026-08-23_T+1_1787389698950_txk9,DEL-BLR,EaseMyTrip,AI,AI-2751,2026-08-23,T+1,13907,3053,16960,2026-08-22T09:04:23.313Z,FALSE,"",17:30,FALSE
fare_DEL-BLR_IX_2026-08-23_T+1_1787389698950_z9fv,DEL-BLR,EaseMyTrip,IX,IX-1085,2026-08-23,T+1,13980,3069,17049,2026-08-22T09:04:23.313Z,FALSE,"",12:55,FALSE
fare_DEL-BLR_IX_2026-08-23_T+1_1787389698950_weka,DEL-BLR,EaseMyTrip,IX,IX-1069,2026-08-23,T+1,13980,3069,17049,2026-08-22T09:04:23.313Z,FALSE,"",11:35,FALSE
fare_DEL-BLR_IX_2026-08-23_T+1_1787389698950_rs9t,DEL-BLR,EaseMyTrip,IX,IX-1346,2026-08-23,T+1,14089,3093,17182,2026-08-22T09:04:23.313Z,FALSE,"",05:35,FALSE
fare_DEL-BLR_AI_2026-08-23_T+1_1787389698950_k962,DEL-BLR,EaseMyTrip,AI,AI-2963,2026-08-23,T+1,14133,3102,17235,2026-08-22T09:04:23.313Z,FALSE,"",09:00,FALSE
fare_DEL-BLR_AI_2026-08-23_T+1_1787389698950_tesp,DEL-BLR,EaseMyTrip,AI,AI-2678,2026-08-23,T+1,14133,3102,17235,2026-08-22T09:04:23.313Z,FALSE,"",08:30,FALSE
fare_DEL-BLR_AI_2026-08-23_T+1_1787389698950_t3u5,DEL-BLR,EaseMyTrip,AI,AI-2975,2026-08-23,T+1,14133,3102,17235,2026-08-22T09:04:23.313Z,FALSE,"",06:30,FALSE
fare_DEL-BLR_AI_2026-08-23_T+1_1787389698950_4rye,DEL-BLR,EaseMyTrip,AI,AI-2571,2026-08-23,T+1,14175,3111,17286,2026-08-22T09:04:23.313Z,FALSE,"",05:45,FALSE
fare_DEL-BLR_IX_2026-08-23_T+1_1787389698950_l1kk,DEL-BLR,EaseMyTrip,IX,IX-2146,2026-08-23,T+1,14733,3234,17967,2026-08-22T09:04:23.313Z,FALSE,"",06:20,FALSE
fare_DEL-BLR_IX_2026-08-23_T+1_1787389698950_h305,DEL-BLR,EaseMyTrip,IX,IX-1815,2026-08-23,T+1,14828,3255,18083,2026-08-22T09:04:23.313Z,FALSE,"",19:05,FALSE
fare_DEL-BLR_IX_2026-08-23_T+1_1787389698950_u6jn,DEL-BLR,EaseMyTrip,IX,IX-1980,2026-08-23,T+1,14858,3261,18119,2026-08-22T09:04:23.313Z,FALSE,"",10:15,FALSE
fare_DEL-BLR_IX_2026-08-23_T+1_1787389698950_jb7c,DEL-BLR,EaseMyTrip,IX,IX-1012,2026-08-23,T+1,14858,3261,18119,2026-08-22T09:04:23.313Z,FALSE,"",06:40,FALSE
fare_DEL-BLR_AI_2026-08-23_T+1_1787389698950_ca6b,DEL-BLR,EaseMyTrip,AI,AI-1785,2026-08-23,T+1,14921,3275,18196,2026-08-22T09:04:23.313Z,FALSE,"",12:00,FALSE
fare_DEL-BLR_6E_2026-08-23_T+1_1787389698950_vm7c,DEL-BLR,EaseMyTrip,6E,6E-149,2026-08-23,T+1,15017,3296,18313,2026-08-22T09:04:23.313Z,FALSE,"",17:55,FALSE
fare_DEL-BLR_6E_2026-08-23_T+1_1787389698950_0hw7,DEL-BLR,EaseMyTrip,6E,6E-366,2026-08-23,T+1,15017,3296,18313,2026-08-22T09:04:23.313Z,FALSE,"",17:55,FALSE
fare_DEL-BLR_IX_2026-08-23_T+1_1787389698950_6c0v,DEL-BLR,EaseMyTrip,IX,IX-1395,2026-08-23,T+1,15610,3427,19037,2026-08-22T09:04:23.313Z,FALSE,"",19:15,FALSE
fare_DEL-BLR_IX_2026-08-23_T+1_1787389698950_5d1p,DEL-BLR,EaseMyTrip,IX,IX-1090,2026-08-23,T+1,15737,3454,19191,2026-08-22T09:04:23.313Z,FALSE,"",13:10,FALSE
fare_DEL-BLR_6E_2026-08-23_T+1_1787389698950_nw83,DEL-BLR,EaseMyTrip,6E,6E-2557,2026-08-23,T+1,15620,3429,19049,2026-08-22T09:04:23.313Z,FALSE,"",15:20,FALSE
fare_DEL-BLR_6E_2026-08-23_T+1_1787389698950_czyp,DEL-BLR,EaseMyTrip,6E,6E-145,2026-08-23,T+1,15707,3448,19155,2026-08-22T09:04:23.313Z,FALSE,"",18:15,FALSE
fare_DEL-BLR_6E_2026-08-23_T+1_1787389698950_4t02,DEL-BLR,EaseMyTrip,6E,6E-743,2026-08-23,T+1,15707,3448,19155,2026-08-22T09:04:23.313Z,FALSE,"",18:15,FALSE
fare_DEL-BLR_6E_2026-08-23_T+1_1787389698950_qvs6,DEL-BLR,EaseMyTrip,6E,6E-6091,2026-08-23,T+1,15707,3448,19155,2026-08-22T09:04:23.313Z,FALSE,"",15:15,FALSE
fare_DEL-BLR_IX_2026-08-23_T+1_1787389698950_g57d,DEL-BLR,EaseMyTrip,IX,IX-1038,2026-08-23,T+1,16117,3538,19655,2026-08-22T09:04:23.313Z,FALSE,"",18:40,FALSE
fare_DEL-BLR_AI_2026-08-23_T+1_1787389698950_h2k1,DEL-BLR,EaseMyTrip,AI,AI-2458,2026-08-23,T+1,16315,3581,19896,2026-08-22T09:04:23.313Z,FALSE,"",12:10,FALSE
fare_DEL-BLR_6E_2026-08-23_T+1_1787389698950_2rz8,DEL-BLR,EaseMyTrip,6E,6E-6293,2026-08-23,T+1,16175,3551,19726,2026-08-22T09:04:23.313Z,FALSE,"",09:55,FALSE
fare_DEL-BLR_6E_2026-08-23_T+1_1787389698950_uyfu,DEL-BLR,EaseMyTrip,6E,6E-5038,2026-08-23,T+1,16348,3588,19936,2026-08-22T09:04:23.313Z,FALSE,"",14:00,FALSE
fare_DEL-BLR_AI_2026-08-23_T+1_1787389698950_2hsc,DEL-BLR,EaseMyTrip,AI,AI-2879,2026-08-23,T+1,16559,3635,20194,2026-08-22T09:04:23.313Z,FALSE,"",18:00,FALSE
fare_DEL-BLR_6E_2026-08-23_T+1_1787389698950_kdwu,DEL-BLR,EaseMyTrip,6E,6E-6282,2026-08-23,T+1,16525,3627,20152,2026-08-22T09:04:23.313Z,FALSE,"",13:30,FALSE
fare_DEL-BLR_6E_2026-08-23_T+1_1787389698950_9qs4,DEL-BLR,EaseMyTrip,6E,6E-182,2026-08-23,T+1,16525,3627,20152,2026-08-22T09:04:23.313Z,FALSE,"",11:45,FALSE
fare_DEL-BLR_6E_2026-08-23_T+1_1787389698950_08bb,DEL-BLR,EaseMyTrip,6E,6E-774,2026-08-23,T+1,16525,3627,20152,2026-08-22T09:04:23.313Z,FALSE,"",11:45,FALSE
fare_DEL-BLR_6E_2026-08-23_T+1_1787389698950_8c7q,DEL-BLR,EaseMyTrip,6E,6E-5033,2026-08-23,T+1,16579,3639,20218,2026-08-22T09:04:23.313Z,FALSE,"",15:50,FALSE
fare_DEL-BLR_6E_2026-08-23_T+1_1787389698950_yw0t,DEL-BLR,EaseMyTrip,6E,6E-6217,2026-08-23,T+1,17145,3763,20908,2026-08-22T09:04:23.313Z,FALSE,"",16:15,FALSE
fare_DEL-BLR_6E_2026-08-23_T+1_1787389698950_15yq,DEL-BLR,EaseMyTrip,6E,6E-6212,2026-08-23,T+1,17145,3763,20908,2026-08-22T09:04:23.313Z,FALSE,"",14:45,FALSE
fare_DEL-BLR_6E_2026-08-23_T+1_1787389698950_f19d,DEL-BLR,EaseMyTrip,6E,6E-491,2026-08-23,T+1,17879,3925,21804,2026-08-22T09:04:23.313Z,FALSE,"",16:30,FALSE
fare_DEL-BLR_6E_2026-08-23_T+1_1787389698950_sjtl,DEL-BLR,EaseMyTrip,6E,6E-831,2026-08-23,T+1,17879,3925,21804,2026-08-22T09:04:23.313Z,FALSE,"",16:30,FALSE
fare_DEL-BLR_6E_2026-08-23_T+1_1787389698950_s59o,DEL-BLR,EaseMyTrip,6E,6E-5001,2026-08-23,T+1,18261,4009,22270,2026-08-22T09:04:23.313Z,FALSE,"",17:10,FALSE
fare_DEL-BLR_AI_2026-08-23_T+1_1787389698950_rm4j,DEL-BLR,EaseMyTrip,AI,AI-1702,2026-08-23,T+1,18444,4049,22493,2026-08-22T09:04:23.313Z,FALSE,"",18:30,FALSE
fare_DEL-BLR_AI_2026-08-23_T+1_1787389698950_feg1,DEL-BLR,EaseMyTrip,AI,AI-1780,2026-08-23,T+1,18858,4139,22997,2026-08-22T09:04:23.313Z,FALSE,"",14:30,FALSE
fare_DEL-BLR_IX_2026-08-23_T+1_1787389698950_jlwb,DEL-BLR,EaseMyTrip,IX,IX-1108,2026-08-23,T+1,19078,4188,23266,2026-08-22T09:04:23.313Z,FALSE,"",05:00,FALSE
fare_DEL-BLR_6E_2026-08-23_T+1_1787389698950_sqaa,DEL-BLR,EaseMyTrip,6E,6E-6459,2026-08-23,T+1,18899,4149,23048,2026-08-22T09:04:23.313Z,FALSE,"",05:55,FALSE
fare_DEL-BLR_AI_2026-08-23_T+1_1787389698950_wfnl,DEL-BLR,EaseMyTrip,AI,AI-2519,2026-08-23,T+1,19191,4213,23404,2026-08-22T09:04:23.313Z,FALSE,"",16:00,FALSE
fare_DEL-BLR_AI_2026-08-23_T+1_1787389698950_j5zd,DEL-BLR,EaseMyTrip,AI,AI-2439,2026-08-23,T+1,19255,4227,23482,2026-08-22T09:04:23.313Z,FALSE,"",23:00,FALSE
fare_DEL-BLR_AI_2026-08-23_T+1_1787389698950_rd7r,DEL-BLR,EaseMyTrip,AI,AI-2877,2026-08-23,T+1,20111,4415,24526,2026-08-22T09:04:23.313Z,FALSE,"",12:45,FALSE
fare_DEL-BLR_6E_2026-08-23_T+1_1787389698950_y7gj,DEL-BLR,EaseMyTrip,6E,6E-6437,2026-08-23,T+1,20556,4512,25068,2026-08-22T09:04:23.313Z,FALSE,"",16:25,FALSE
fare_DEL-BLR_AI_2026-08-23_T+1_1787389698950_jpfm,DEL-BLR,EaseMyTrip,AI,AI-2705,2026-08-23,T+1,21445,4708,26153,2026-08-22T09:04:23.313Z,FALSE,"",07:30,FALSE
fare_DEL-BLR_IX_2026-08-23_T+1_1787389698950_61qm,DEL-BLR,EaseMyTrip,IX,IX-1461,2026-08-23,T+1,21890,4805,26695,2026-08-22T09:04:23.313Z,FALSE,"",05:35,FALSE
fare_DEL-BLR_6E_2026-08-23_T+1_1787389698950_oeo6,DEL-BLR,EaseMyTrip,6E,6E-746,2026-08-23,T+1,21733,4771,26504,2026-08-22T09:04:23.313Z,FALSE,"",19:35,FALSE
fare_DEL-BLR_6E_2026-08-23_T+1_1787389698950_nhj1,DEL-BLR,EaseMyTrip,6E,6E-274,2026-08-23,T+1,21733,4771,26504,2026-08-22T09:04:23.313Z,FALSE,"",19:35,FALSE
fare_DEL-BLR_AI_2026-08-23_T+1_1787389698950_mopi,DEL-BLR,EaseMyTrip,AI,AI-2627,2026-08-23,T+1,21905,4809,26714,2026-08-22T09:04:23.313Z,FALSE,"",10:45,FALSE
fare_DEL-BLR_IX_2026-08-23_T+1_1787389698950_0umo,DEL-BLR,EaseMyTrip,IX,IX-1057,2026-08-23,T+1,24461,5370,29831,2026-08-22T09:04:23.313Z,TRUE,"High outlier: ₹29831 > upper fence ₹27385 (Q3: ₹18083, IQR: ₹6201)",05:25,FALSE
fare_DEL-BLR_AI_2026-08-23_T+1_1787389698950_4ofl,DEL-BLR,EaseMyTrip,AI,AI-429,2026-08-23,T+1,25182,5528,30710,2026-08-22T09:04:23.313Z,TRUE,"High outlier: ₹30710 > upper fence ₹27385 (Q3: ₹18083, IQR: ₹6201)",10:20,FALSE
fare_DEL-BLR_AI_2026-08-23_T+1_1787389698950_km6b,DEL-BLR,EaseMyTrip,AI,AI-1747,2026-08-23,T+1,25208,5534,30742,2026-08-22T09:04:23.313Z,TRUE,"High outlier: ₹30742 > upper fence ₹27385 (Q3: ₹18083, IQR: ₹6201)",07:10,FALSE
fare_DEL-BLR_6E_2026-08-29_T+7_1787389698951_o0k8,DEL-BLR,EaseMyTrip,6E,6E-939,2026-08-29,T+7,7118,1563,8681,2026-08-22T09:04:30.012Z,FALSE,"",03:00,TRUE
fare_DEL-BLR_6E_2026-08-29_T+7_1787389698951_gqyp,DEL-BLR,EaseMyTrip,6E,6E-556,2026-08-29,T+7,7118,1563,8681,2026-08-22T09:04:30.012Z,FALSE,"",03:00,TRUE
fare_DEL-BLR_6E_2026-08-29_T+7_1787389698951_jmy6,DEL-BLR,EaseMyTrip,6E,6E-2314,2026-08-29,T+7,7118,1563,8681,2026-08-22T09:04:30.012Z,FALSE,"",05:45,TRUE
fare_DEL-BLR_IX_2026-08-29_T+7_1787389698951_iibj,DEL-BLR,EaseMyTrip,IX,IX-1001,2026-08-29,T+7,7377,1619,8996,2026-08-22T09:04:30.012Z,FALSE,"",09:00,FALSE
fare_DEL-BLR_IX_2026-08-29_T+7_1787389698951_opab,DEL-BLR,EaseMyTrip,IX,IX-1054,2026-08-29,T+7,7549,1657,9206,2026-08-22T09:04:30.012Z,FALSE,"",12:25,FALSE
fare_DEL-BLR_IX_2026-08-29_T+7_1787389698951_0gv9,DEL-BLR,EaseMyTrip,IX,IX-1046,2026-08-29,T+7,7549,1657,9206,2026-08-22T09:04:30.012Z,FALSE,"",07:00,FALSE
fare_DEL-BLR_IX_2026-08-29_T+7_1787389698951_2qea,DEL-BLR,EaseMyTrip,IX,IX-1230,2026-08-29,T+7,7549,1657,9206,2026-08-22T09:04:30.012Z,FALSE,"",04:25,FALSE
fare_DEL-BLR_6E_2026-08-29_T+7_1787389698951_djvy,DEL-BLR,EaseMyTrip,6E,6E-784,2026-08-29,T+7,7493,1645,9138,2026-08-22T09:04:30.012Z,FALSE,"",08:20,TRUE
fare_DEL-BLR_6E_2026-08-29_T+7_1787389698951_30ol,DEL-BLR,EaseMyTrip,6E,6E-590,2026-08-29,T+7,7493,1645,9138,2026-08-22T09:04:30.012Z,FALSE,"",08:20,TRUE
fare_DEL-BLR_6E_2026-08-29_T+7_1787389698951_mzop,DEL-BLR,EaseMyTrip,6E,6E-130,2026-08-29,T+7,7493,1645,9138,2026-08-22T09:04:30.012Z,FALSE,"",07:05,TRUE
fare_DEL-BLR_6E_2026-08-29_T+7_1787389698951_yq0v,DEL-BLR,EaseMyTrip,6E,6E-595,2026-08-29,T+7,7493,1645,9138,2026-08-22T09:04:30.012Z,FALSE,"",07:05,TRUE
fare_DEL-BLR_AI_2026-08-29_T+7_1787389698951_eziy,DEL-BLR,EaseMyTrip,AI,AI-2653,2026-08-29,T+7,7879,1729,9608,2026-08-22T09:04:30.012Z,FALSE,"",04:30,TRUE
fare_DEL-BLR_AI_2026-08-29_T+7_1787389698951_ougo,DEL-BLR,EaseMyTrip,AI,AI-2757,2026-08-29,T+7,7879,1729,9608,2026-08-22T09:04:30.012Z,FALSE,"",00:15,TRUE
fare_DEL-BLR_AI_2026-08-29_T+7_1787389698951_u2sr,DEL-BLR,EaseMyTrip,AI,AI-2502,2026-08-29,T+7,7879,1729,9608,2026-08-22T09:04:30.012Z,FALSE,"",03:15,TRUE
fare_DEL-BLR_AI_2026-08-29_T+7_1787389698951_9btc,DEL-BLR,EaseMyTrip,AI,AI-2803,2026-08-29,T+7,7879,1729,9608,2026-08-22T09:04:30.012Z,FALSE,"",06:30,TRUE
fare_DEL-BLR_AI_2026-08-29_T+7_1787389698951_igsq,DEL-BLR,EaseMyTrip,AI,AI-1769,2026-08-29,T+7,7879,1729,9608,2026-08-22T09:04:30.012Z,FALSE,"",08:40,TRUE
fare_DEL-BLR_IX_2026-08-29_T+7_1787389698951_ngpf,DEL-BLR,EaseMyTrip,IX,IX-1035,2026-08-29,T+7,7951,1745,9696,2026-08-22T09:04:30.012Z,FALSE,"",08:10,FALSE
fare_DEL-BLR_IX_2026-08-29_T+7_1787389698951_mm69,DEL-BLR,EaseMyTrip,IX,IX-1032,2026-08-29,T+7,7951,1745,9696,2026-08-22T09:04:30.012Z,FALSE,"",05:45,FALSE
fare_DEL-BLR_AI_2026-08-29_T+7_1787389698951_f9xp,DEL-BLR,EaseMyTrip,AI,AI-427,2026-08-29,T+7,8015,1759,9774,2026-08-22T09:04:30.012Z,FALSE,"",08:30,TRUE
fare_DEL-BLR_6E_2026-08-29_T+7_1787389698951_w2dy,DEL-BLR,EaseMyTrip,6E,6E-2519,2026-08-29,T+7,7890,1732,9622,2026-08-22T09:04:30.012Z,FALSE,"",13:00,TRUE
fare_DEL-BLR_6E_2026-08-29_T+7_1787389698951_ywae,DEL-BLR,EaseMyTrip,6E,6E-793,2026-08-29,T+7,7891,1732,9623,2026-08-22T09:04:30.012Z,FALSE,"",09:30,TRUE
fare_DEL-BLR_6E_2026-08-29_T+7_1787389698951_4x25,DEL-BLR,EaseMyTrip,6E,6E-643,2026-08-29,T+7,7891,1732,9623,2026-08-22T09:04:30.012Z,FALSE,"",09:30,TRUE
fare_DEL-BLR_AI_2026-08-29_T+7_1787389698951_ek4q,DEL-BLR,EaseMyTrip,AI,AI-2415,2026-08-29,T+7,8277,1817,10094,2026-08-22T09:04:30.012Z,FALSE,"",09:30,TRUE
fare_DEL-BLR_IX_2026-08-29_T+7_1787389698951_v43e,DEL-BLR,EaseMyTrip,IX,IX-1085,2026-08-29,T+7,8361,1835,10196,2026-08-22T09:04:30.012Z,FALSE,"",12:55,FALSE
fare_DEL-BLR_IX_2026-08-29_T+7_1787389698951_tw24,DEL-BLR,EaseMyTrip,IX,IX-1069,2026-08-29,T+7,8361,1835,10196,2026-08-22T09:04:30.012Z,FALSE,"",11:35,FALSE
fare_DEL-BLR_IX_2026-08-29_T+7_1787389698951_xcqo,DEL-BLR,EaseMyTrip,IX,IX-1257,2026-08-29,T+7,8533,1873,10406,2026-08-22T09:04:30.012Z,FALSE,"",22:25,FALSE
fare_DEL-BLR_IX_2026-08-29_T+7_1787389698951_wab1,DEL-BLR,EaseMyTrip,IX,IX-1346,2026-08-29,T+7,8533,1873,10406,2026-08-22T09:04:30.012Z,FALSE,"",05:35,FALSE
fare_DEL-BLR_IX_2026-08-29_T+7_1787389698951_ish5,DEL-BLR,EaseMyTrip,IX,IX-2146,2026-08-29,T+7,8533,1873,10406,2026-08-22T09:04:30.012Z,FALSE,"",06:20,FALSE
fare_DEL-BLR_6E_2026-08-29_T+7_1787389698951_tzp7,DEL-BLR,EaseMyTrip,6E,6E-301,2026-08-29,T+7,8560,1879,10439,2026-08-22T09:04:30.012Z,FALSE,"",02:25,FALSE
fare_DEL-BLR_6E_2026-08-29_T+7_1787389698951_c8pv,DEL-BLR,EaseMyTrip,6E,6E-949,2026-08-29,T+7,8560,1879,10439,2026-08-22T09:04:30.012Z,FALSE,"",02:25,FALSE
fare_DEL-BLR_IX_2026-08-29_T+7_1787389698951_xhq0,DEL-BLR,EaseMyTrip,IX,IX-2457,2026-08-29,T+7,8853,1943,10796,2026-08-22T09:04:30.012Z,FALSE,"",11:30,FALSE
fare_DEL-BLR_SG_2026-08-29_T+7_1787389698951_1l0k,DEL-BLR,EaseMyTrip,SG,SG-146,2026-08-29,T+7,8893,1952,10845,2026-08-22T09:04:30.012Z,FALSE,"",18:35,FALSE
fare_DEL-BLR_SG_2026-08-29_T+7_1787389698951_7bmq,DEL-BLR,EaseMyTrip,SG,SG-292,2026-08-29,T+7,8893,1952,10845,2026-08-22T09:04:30.012Z,FALSE,"",18:35,FALSE
fare_DEL-BLR_6E_2026-08-29_T+7_1787389698951_j69d,DEL-BLR,EaseMyTrip,6E,6E-473,2026-08-29,T+7,8761,1923,10684,2026-08-22T09:04:30.012Z,FALSE,"",22:00,TRUE
fare_DEL-BLR_6E_2026-08-29_T+7_1787389698951_733a,DEL-BLR,EaseMyTrip,6E,6E-203,2026-08-29,T+7,8761,1923,10684,2026-08-22T09:04:30.012Z,FALSE,"",22:00,TRUE
fare_DEL-BLR_6E_2026-08-29_T+7_1787389698951_y126,DEL-BLR,EaseMyTrip,6E,6E-6515,2026-08-29,T+7,8761,1923,10684,2026-08-22T09:04:30.012Z,FALSE,"",20:45,TRUE
fare_DEL-BLR_6E_2026-08-29_T+7_1787389698951_ndyp,DEL-BLR,EaseMyTrip,6E,6E-823,2026-08-29,T+7,8761,1923,10684,2026-08-22T09:04:30.012Z,FALSE,"",10:45,TRUE
fare_DEL-BLR_6E_2026-08-29_T+7_1787389698951_q6cu,DEL-BLR,EaseMyTrip,6E,6E-504,2026-08-29,T+7,8761,1923,10684,2026-08-22T09:04:30.012Z,FALSE,"",10:45,TRUE
fare_DEL-BLR_6E_2026-08-29_T+7_1787389698951_zve3,DEL-BLR,EaseMyTrip,6E,6E-338,2026-08-29,T+7,8761,1923,10684,2026-08-22T09:04:30.012Z,FALSE,"",12:20,TRUE
fare_DEL-BLR_6E_2026-08-29_T+7_1787389698951_vhav,DEL-BLR,EaseMyTrip,6E,6E-542,2026-08-29,T+7,8761,1923,10684,2026-08-22T09:04:30.012Z,FALSE,"",12:20,TRUE
fare_DEL-BLR_6E_2026-08-29_T+7_1787389698951_pd8n,DEL-BLR,EaseMyTrip,6E,6E-2456,2026-08-29,T+7,8767,1925,10692,2026-08-22T09:04:30.012Z,FALSE,"",14:55,TRUE
fare_DEL-BLR_IX_2026-08-29_T+7_1787389698951_jcfk,DEL-BLR,EaseMyTrip,IX,IX-1197,2026-08-29,T+7,9025,1981,11006,2026-08-22T09:04:30.012Z,FALSE,"",19:25,FALSE
fare_DEL-BLR_IX_2026-08-29_T+7_1787389698951_u3he,DEL-BLR,EaseMyTrip,IX,IX-1510,2026-08-29,T+7,9025,1981,11006,2026-08-22T09:04:30.012Z,FALSE,"",11:20,FALSE
fare_DEL-BLR_6E_2026-08-29_T+7_1787389698951_81xw,DEL-BLR,EaseMyTrip,6E,6E-116,2026-08-29,T+7,8855,1944,10799,2026-08-22T09:04:30.012Z,FALSE,"",17:55,FALSE
fare_DEL-BLR_6E_2026-08-29_T+7_1787389698951_m0pc,DEL-BLR,EaseMyTrip,6E,6E-482,2026-08-29,T+7,8855,1944,10799,2026-08-22T09:04:30.012Z,FALSE,"",17:55,FALSE
fare_DEL-BLR_6E_2026-08-29_T+7_1787389698951_kwzh,DEL-BLR,EaseMyTrip,6E,6E-6293,2026-08-29,T+7,8855,1944,10799,2026-08-22T09:04:30.012Z,FALSE,"",09:55,FALSE
fare_DEL-BLR_6E_2026-08-29_T+7_1787389698951_mbn5,DEL-BLR,EaseMyTrip,6E,6E-6282,2026-08-29,T+7,9009,1977,10986,2026-08-22T09:04:30.012Z,FALSE,"",13:30,FALSE
fare_DEL-BLR_6E_2026-08-29_T+7_1787389698951_fmdp,DEL-BLR,EaseMyTrip,6E,6E-2343,2026-08-29,T+7,9038,1984,11022,2026-08-22T09:04:30.012Z,FALSE,"",02:20,FALSE
fare_DEL-BLR_SG_2026-08-29_T+7_1787389698951_zm58,DEL-BLR,EaseMyTrip,SG,SG-981,2026-08-29,T+7,9355,2054,11409,2026-08-22T09:04:30.012Z,FALSE,"",14:30,FALSE
fare_DEL-BLR_SG_2026-08-29_T+7_1787389698951_r8ti,DEL-BLR,EaseMyTrip,SG,SG-550,2026-08-29,T+7,9355,2054,11409,2026-08-22T09:04:30.012Z,FALSE,"",14:30,FALSE
fare_DEL-BLR_6E_2026-08-29_T+7_1787389698951_f37t,DEL-BLR,EaseMyTrip,6E,6E-627,2026-08-29,T+7,9238,2028,11266,2026-08-22T09:04:30.012Z,FALSE,"",19:30,TRUE
fare_DEL-BLR_6E_2026-08-29_T+7_1787389698951_y9zb,DEL-BLR,EaseMyTrip,6E,6E-572,2026-08-29,T+7,9238,2028,11266,2026-08-22T09:04:30.012Z,FALSE,"",19:30,TRUE
fare_DEL-BLR_6E_2026-08-29_T+7_1787389698951_mtwu,DEL-BLR,EaseMyTrip,6E,6E-239,2026-08-29,T+7,9238,2028,11266,2026-08-22T09:04:30.012Z,FALSE,"",18:20,TRUE
fare_DEL-BLR_6E_2026-08-29_T+7_1787389698951_y2kf,DEL-BLR,EaseMyTrip,6E,6E-593,2026-08-29,T+7,9238,2028,11266,2026-08-22T09:04:30.012Z,FALSE,"",18:20,TRUE
fare_DEL-BLR_6E_2026-08-29_T+7_1787389698951_9z9e,DEL-BLR,EaseMyTrip,6E,6E-910,2026-08-29,T+7,9238,2028,11266,2026-08-22T09:04:30.012Z,FALSE,"",15:45,TRUE
fare_DEL-BLR_6E_2026-08-29_T+7_1787389698951_n0ea,DEL-BLR,EaseMyTrip,6E,6E-104,2026-08-29,T+7,9238,2028,11266,2026-08-22T09:04:30.012Z,FALSE,"",15:45,TRUE
fare_DEL-BLR_6E_2026-08-29_T+7_1787389698951_ehey,DEL-BLR,EaseMyTrip,6E,6E-750,2026-08-29,T+7,9238,2028,11266,2026-08-22T09:04:30.012Z,FALSE,"",14:30,TRUE
fare_DEL-BLR_6E_2026-08-29_T+7_1787389698951_sho6,DEL-BLR,EaseMyTrip,6E,6E-722,2026-08-29,T+7,9238,2028,11266,2026-08-22T09:04:30.012Z,FALSE,"",14:30,TRUE
fare_DEL-BLR_6E_2026-08-29_T+7_1787389698951_14gw,DEL-BLR,EaseMyTrip,6E,6E-421,2026-08-29,T+7,9238,2028,11266,2026-08-22T09:04:30.012Z,FALSE,"",17:00,TRUE
fare_DEL-BLR_6E_2026-08-29_T+7_1787389698951_wy3p,DEL-BLR,EaseMyTrip,6E,6E-690,2026-08-29,T+7,9238,2028,11266,2026-08-22T09:04:30.012Z,FALSE,"",17:00,TRUE
fare_DEL-BLR_6E_2026-08-29_T+7_1787389698951_8g46,DEL-BLR,EaseMyTrip,6E,6E-440,2026-08-29,T+7,9238,2028,11266,2026-08-22T09:04:30.012Z,FALSE,"",13:15,TRUE
fare_DEL-BLR_6E_2026-08-29_T+7_1787389698951_ge77,DEL-BLR,EaseMyTrip,6E,6E-393,2026-08-29,T+7,9238,2028,11266,2026-08-22T09:04:30.012Z,FALSE,"",13:15,TRUE
fare_DEL-BLR_QP_2026-08-29_T+7_1787389698951_95e5,DEL-BLR,EaseMyTrip,QP,QP-1350,2026-08-29,T+7,9256,2032,11288,2026-08-22T09:04:30.012Z,FALSE,"",21:55,TRUE
fare_DEL-BLR_6E_2026-08-29_T+7_1787389698951_ald5,DEL-BLR,EaseMyTrip,6E,6E-6470,2026-08-29,T+7,9369,2056,11425,2026-08-22T09:04:30.012Z,FALSE,"",06:55,FALSE
fare_DEL-BLR_6E_2026-08-29_T+7_1787389698951_7fba,DEL-BLR,EaseMyTrip,6E,6E-6673,2026-08-29,T+7,9372,2057,11429,2026-08-22T09:04:30.012Z,FALSE,"",21:15,FALSE
fare_DEL-BLR_6E_2026-08-29_T+7_1787389698951_hwoe,DEL-BLR,EaseMyTrip,6E,6E-6433,2026-08-29,T+7,9432,2071,11503,2026-08-22T09:04:30.012Z,FALSE,"",16:30,FALSE
fare_DEL-BLR_QP_2026-08-29_T+7_1787389698951_fn4c,DEL-BLR,EaseMyTrip,QP,QP-1308,2026-08-29,T+7,9435,2071,11506,2026-08-22T09:04:30.012Z,FALSE,"",20:55,TRUE
fare_DEL-BLR_SG_2026-08-29_T+7_1787389698951_kxtb,DEL-BLR,EaseMyTrip,SG,SG-241,2026-08-29,T+7,9617,2111,11728,2026-08-22T09:04:30.012Z,FALSE,"",14:30,FALSE
fare_DEL-BLR_SG_2026-08-29_T+7_1787389698951_npyd,DEL-BLR,EaseMyTrip,SG,SG-645,2026-08-29,T+7,9617,2111,11728,2026-08-22T09:04:30.012Z,FALSE,"",14:30,FALSE
fare_DEL-BLR_AI_2026-08-29_T+7_1787389698951_wnw8,DEL-BLR,EaseMyTrip,AI,AI-2412,2026-08-29,T+7,9624,2113,11737,2026-08-22T09:04:30.012Z,FALSE,"",21:30,TRUE
fare_DEL-BLR_AI_2026-08-29_T+7_1787389698951_3k0v,DEL-BLR,EaseMyTrip,AI,AI-2755,2026-08-29,T+7,9624,2113,11737,2026-08-22T09:04:30.012Z,FALSE,"",22:30,TRUE
fare_DEL-BLR_AI_2026-08-29_T+7_1787389698951_ryww,DEL-BLR,EaseMyTrip,AI,AI-437,2026-08-29,T+7,9665,2121,11786,2026-08-22T09:04:30.012Z,FALSE,"",09:20,FALSE
fare_DEL-BLR_IX_2026-08-29_T+7_1787389698951_m0rp,DEL-BLR,EaseMyTrip,IX,IX-1482,2026-08-29,T+7,9743,2139,11882,2026-08-22T09:04:30.012Z,FALSE,"",08:30,TRUE
fare_DEL-BLR_6E_2026-08-29_T+7_1787389698951_br21,DEL-BLR,EaseMyTrip,6E,6E-224,2026-08-29,T+7,9618,2111,11729,2026-08-22T09:04:30.012Z,FALSE,"",18:15,FALSE
fare_DEL-BLR_6E_2026-08-29_T+7_1787389698951_s0ki,DEL-BLR,EaseMyTrip,6E,6E-428,2026-08-29,T+7,9618,2111,11729,2026-08-22T09:04:30.012Z,FALSE,"",18:15,FALSE
fare_DEL-BLR_6E_2026-08-29_T+7_1787389698951_y38y,DEL-BLR,EaseMyTrip,6E,6E-6115,2026-08-29,T+7,9618,2111,11729,2026-08-22T09:04:30.012Z,FALSE,"",13:10,FALSE
fare_DEL-BLR_AI_2026-08-29_T+7_1787389698951_2a4y,DEL-BLR,EaseMyTrip,AI,AI-2469,2026-08-29,T+7,9904,2174,12078,2026-08-22T09:04:30.012Z,FALSE,"",04:45,FALSE
fare_DEL-BLR_AI_2026-08-29_T+7_1787389698951_ff7y,DEL-BLR,EaseMyTrip,AI,AI-2485,2026-08-29,T+7,9965,2188,12153,2026-08-22T09:04:30.012Z,FALSE,"",12:00,TRUE
fare_DEL-BLR_QP_2026-08-29_T+7_1787389698951_fmd7,DEL-BLR,EaseMyTrip,QP,QP-1942,2026-08-29,T+7,9837,2159,11996,2026-08-22T09:04:30.012Z,FALSE,"",21:05,FALSE
fare_DEL-BLR_6E_2026-08-29_T+7_1787389698951_vmwm,DEL-BLR,EaseMyTrip,6E,6E-158,2026-08-29,T+7,9872,2167,12039,2026-08-22T09:04:30.012Z,FALSE,"",18:00,FALSE
fare_DEL-BLR_6E_2026-08-29_T+7_1787389698951_5q64,DEL-BLR,EaseMyTrip,6E,6E-777,2026-08-29,T+7,9872,2167,12039,2026-08-22T09:04:30.012Z,FALSE,"",18:00,FALSE
fare_DEL-BLR_6E_2026-08-29_T+7_1787389698951_34d5,DEL-BLR,EaseMyTrip,6E,6E-222,2026-08-29,T+7,9872,2167,12039,2026-08-22T09:04:30.012Z,FALSE,"",18:00,FALSE
fare_DEL-BLR_6E_2026-08-29_T+7_1787389698951_lg3z,DEL-BLR,EaseMyTrip,6E,6E-656,2026-08-29,T+7,9872,2167,12039,2026-08-22T09:04:30.012Z,FALSE,"",18:00,FALSE
fare_DEL-BLR_AI_2026-08-29_T+7_1787389698951_8vpk,DEL-BLR,EaseMyTrip,AI,AI-2417,2026-08-29,T+7,10051,2206,12257,2026-08-22T09:04:30.012Z,FALSE,"",13:00,TRUE
fare_DEL-BLR_IX_2026-08-29_T+7_1787389698951_xo31,DEL-BLR,EaseMyTrip,IX,IX-1074,2026-08-29,T+7,10165,2231,12396,2026-08-22T09:04:30.012Z,FALSE,"",10:55,FALSE
fare_DEL-BLR_6E_2026-08-29_T+7_1787389698951_l16u,DEL-BLR,EaseMyTrip,6E,6E-450,2026-08-29,T+7,9936,2181,12117,2026-08-22T09:04:30.012Z,FALSE,"",08:30,FALSE
fare_DEL-BLR_6E_2026-08-29_T+7_1787389698951_9u07,DEL-BLR,EaseMyTrip,6E,6E-993,2026-08-29,T+7,9936,2181,12117,2026-08-22T09:04:30.012Z,FALSE,"",08:30,FALSE
fare_DEL-BLR_QP_2026-08-29_T+7_1787389698951_ezrz,DEL-BLR,EaseMyTrip,QP,QP-1822,2026-08-29,T+7,9986,2192,12178,2026-08-22T09:04:30.012Z,FALSE,"",16:40,TRUE
fare_DEL-BLR_6E_2026-08-29_T+7_1787389698951_olgx,DEL-BLR,EaseMyTrip,6E,6E-6217,2026-08-29,T+7,9988,2193,12181,2026-08-22T09:04:30.012Z,FALSE,"",16:15,FALSE
fare_DEL-BLR_6E_2026-08-29_T+7_1787389698951_9qbr,DEL-BLR,EaseMyTrip,6E,6E-2579,2026-08-29,T+7,10029,2202,12231,2026-08-22T09:04:30.012Z,FALSE,"",14:10,FALSE
fare_DEL-BLR_SG_2026-08-29_T+7_1787389698951_8f26,DEL-BLR,EaseMyTrip,SG,SG-853,2026-08-29,T+7,10993,2413,13406,2026-08-22T09:04:30.012Z,FALSE,"",09:15,FALSE
fare_DEL-BLR_SG_2026-08-29_T+7_1787389698951_5cp2,DEL-BLR,EaseMyTrip,SG,SG-218,2026-08-29,T+7,10993,2413,13406,2026-08-22T09:04:30.012Z,FALSE,"",09:15,FALSE
fare_DEL-BLR_AI_2026-08-29_T+7_1787389698951_ocxk,DEL-BLR,EaseMyTrip,AI,AI-2859,2026-08-29,T+7,10338,2269,12607,2026-08-22T09:04:30.012Z,FALSE,"",10:30,FALSE
fare_DEL-BLR_AI_2026-08-29_T+7_1787389698951_svt8,DEL-BLR,EaseMyTrip,AI,AI-2542,2026-08-29,T+7,10338,2269,12607,2026-08-22T09:04:30.012Z,FALSE,"",09:40,FALSE
fare_DEL-BLR_QP_2026-08-29_T+7_1787389698951_yptg,DEL-BLR,EaseMyTrip,QP,QP-1812,2026-08-29,T+7,10176,2234,12410,2026-08-22T09:04:30.012Z,FALSE,"",22:55,TRUE
fare_DEL-BLR_SG_2026-08-29_T+7_1787389698951_iebc,DEL-BLR,EaseMyTrip,SG,SG-756,2026-08-29,T+7,11253,2470,13723,2026-08-22T09:04:30.012Z,FALSE,"",09:15,FALSE
fare_DEL-BLR_SG_2026-08-29_T+7_1787389698951_c47f,DEL-BLR,EaseMyTrip,SG,SG-444,2026-08-29,T+7,11253,2470,13723,2026-08-22T09:04:30.012Z,FALSE,"",09:15,FALSE
fare_DEL-BLR_AI_2026-08-29_T+7_1787389698951_7y9i,DEL-BLR,EaseMyTrip,AI,AI-2465,2026-08-29,T+7,10592,2325,12917,2026-08-22T09:04:30.012Z,FALSE,"",14:30,FALSE
fare_DEL-BLR_6E_2026-08-29_T+7_1787389698951_zbaa,DEL-BLR,EaseMyTrip,6E,6E-830,2026-08-29,T+7,10480,2300,12780,2026-08-22T09:04:30.012Z,FALSE,"",11:45,FALSE
fare_DEL-BLR_6E_2026-08-29_T+7_1787389698951_0wva,DEL-BLR,EaseMyTrip,6E,6E-818,2026-08-29,T+7,10480,2300,12780,2026-08-22T09:04:30.012Z,FALSE,"",11:45,FALSE
fare_DEL-BLR_IX_2026-08-29_T+7_1787389698951_zby8,DEL-BLR,EaseMyTrip,IX,IX-1067,2026-08-29,T+7,10744,2359,13103,2026-08-22T09:04:30.012Z,FALSE,"",06:10,FALSE
fare_DEL-BLR_AI_2026-08-29_T+7_1787389698951_qkd3,DEL-BLR,EaseMyTrip,AI,AI-465,2026-08-29,T+7,10727,2355,13082,2026-08-22T09:04:30.012Z,FALSE,"",16:20,FALSE
fare_DEL-BLR_AI_2026-08-29_T+7_1787389698951_xxdy,DEL-BLR,EaseMyTrip,AI,AI-2577,2026-08-29,T+7,10735,2357,13092,2026-08-22T09:04:30.012Z,FALSE,"",02:00,FALSE
fare_DEL-BLR_AI_2026-08-29_T+7_1787389698951_svbj,DEL-BLR,EaseMyTrip,AI,AI-2519,2026-08-29,T+7,10739,2357,13096,2026-08-22T09:04:30.012Z,FALSE,"",16:00,FALSE
fare_DEL-BLR_6E_2026-08-29_T+7_1787389698951_lb50,DEL-BLR,EaseMyTrip,6E,6E-2618,2026-08-29,T+7,10605,2328,12933,2026-08-22T09:04:30.012Z,FALSE,"",23:00,FALSE
fare_DEL-BLR_6E_2026-08-29_T+7_1787389698951_jp7h,DEL-BLR,EaseMyTrip,6E,6E-2571,2026-08-29,T+7,10677,2344,13021,2026-08-22T09:04:30.012Z,FALSE,"",12:30,FALSE
fare_DEL-BLR_6E_2026-08-29_T+7_1787389698951_z13o,DEL-BLR,EaseMyTrip,6E,6E-2491,2026-08-29,T+7,10686,2346,13032,2026-08-22T09:04:30.012Z,FALSE,"",15:15,FALSE
fare_DEL-BLR_AI_2026-08-29_T+7_1787389698951_nnd0,DEL-BLR,EaseMyTrip,AI,AI-2499,2026-08-29,T+7,10854,2382,13236,2026-08-22T09:04:30.012Z,FALSE,"",06:00,FALSE
fare_DEL-BLR_AI_2026-08-29_T+7_1787389698951_d34t,DEL-BLR,EaseMyTrip,AI,AI-2809,2026-08-29,T+7,10909,2395,13304,2026-08-22T09:04:30.012Z,FALSE,"",19:30,TRUE
fare_DEL-BLR_AI_2026-08-29_T+7_1787389698951_hi3w,DEL-BLR,EaseMyTrip,AI,AI-1768,2026-08-29,T+7,10909,2395,13304,2026-08-22T09:04:30.012Z,FALSE,"",16:30,TRUE
fare_DEL-BLR_AI_2026-08-29_T+7_1787389698951_aomm,DEL-BLR,EaseMyTrip,AI,AI-2420,2026-08-29,T+7,10909,2395,13304,2026-08-22T09:04:30.012Z,FALSE,"",18:00,TRUE
fare_DEL-BLR_AI_2026-08-29_T+7_1787389698951_jenc,DEL-BLR,EaseMyTrip,AI,AI-2487,2026-08-29,T+7,10909,2395,13304,2026-08-22T09:04:30.012Z,FALSE,"",18:30,TRUE
fare_DEL-BLR_AI_2026-08-29_T+7_1787389698951_gybf,DEL-BLR,EaseMyTrip,AI,AI-2512,2026-08-29,T+7,10909,2395,13304,2026-08-22T09:04:30.012Z,FALSE,"",19:00,TRUE
fare_DEL-BLR_6E_2026-08-29_T+7_1787389698951_8f3h,DEL-BLR,EaseMyTrip,6E,6E-759,2026-08-29,T+7,10772,2364,13136,2026-08-22T09:04:30.012Z,FALSE,"",16:30,FALSE
fare_DEL-BLR_6E_2026-08-29_T+7_1787389698951_mwvw,DEL-BLR,EaseMyTrip,6E,6E-209,2026-08-29,T+7,10772,2364,13136,2026-08-22T09:04:30.012Z,FALSE,"",16:30,FALSE
fare_DEL-BLR_QP_2026-08-29_T+7_1787389698951_batg,DEL-BLR,EaseMyTrip,QP,QP-1824,2026-08-29,T+7,10772,2365,13137,2026-08-22T09:04:30.012Z,FALSE,"",20:10,TRUE
fare_DEL-BLR_AI_2026-08-29_T+7_1787389698951_lr5s,DEL-BLR,EaseMyTrip,AI,AI-2879,2026-08-29,T+7,10999,2415,13414,2026-08-22T09:04:30.012Z,FALSE,"",18:00,FALSE
fare_DEL-BLR_IX_2026-08-29_T+7_1787389698951_905p,DEL-BLR,EaseMyTrip,IX,IX-1070,2026-08-29,T+7,11101,2437,13538,2026-08-22T09:04:30.012Z,FALSE,"",18:40,TRUE
fare_DEL-BLR_AI_2026-08-29_T+7_1787389698951_2r4c,DEL-BLR,EaseMyTrip,AI,AI-441,2026-08-29,T+7,11041,2424,13465,2026-08-22T09:04:30.012Z,FALSE,"",17:00,FALSE
fare_DEL-BLR_AI_2026-08-29_T+7_1787389698951_yyzw,DEL-BLR,EaseMyTrip,AI,AI-2943,2026-08-29,T+7,11041,2424,13465,2026-08-22T09:04:30.012Z,FALSE,"",07:30,FALSE
fare_DEL-BLR_AI_2026-08-29_T+7_1787389698951_6y7b,DEL-BLR,EaseMyTrip,AI,AI-2425,2026-08-29,T+7,11041,2424,13465,2026-08-22T09:04:30.012Z,FALSE,"",10:30,FALSE
fare_DEL-BLR_AI_2026-08-29_T+7_1787389698951_9s1b,DEL-BLR,EaseMyTrip,AI,AI-2933,2026-08-29,T+7,11041,2424,13465,2026-08-22T09:04:30.012Z,FALSE,"",15:30,FALSE
fare_DEL-BLR_AI_2026-08-29_T+7_1787389698951_cqjc,DEL-BLR,EaseMyTrip,AI,AI-2496,2026-08-29,T+7,11059,2427,13486,2026-08-22T09:04:30.012Z,FALSE,"",03:00,FALSE
fare_DEL-BLR_AI_2026-08-29_T+7_1787389698951_4w7r,DEL-BLR,EaseMyTrip,AI,AI-537,2026-08-29,T+7,11059,2427,13486,2026-08-22T09:04:30.012Z,FALSE,"",15:45,FALSE
fare_DEL-BLR_AI_2026-08-29_T+7_1787389698951_s9z3,DEL-BLR,EaseMyTrip,AI,AI-429,2026-08-29,T+7,11092,2435,13527,2026-08-22T09:04:30.012Z,FALSE,"",10:20,FALSE
fare_DEL-BLR_AI_2026-08-29_T+7_1787389698951_tkfo,DEL-BLR,EaseMyTrip,AI,AI-1767,2026-08-29,T+7,11092,2435,13527,2026-08-22T09:04:30.012Z,FALSE,"",07:20,FALSE
fare_DEL-BLR_AI_2026-08-29_T+7_1787389698951_zsjt,DEL-BLR,EaseMyTrip,AI,AI-2819,2026-08-29,T+7,11096,2436,13532,2026-08-22T09:04:30.012Z,FALSE,"",15:00,TRUE
fare_DEL-BLR_6E_2026-08-29_T+7_1787389698951_jwwh,DEL-BLR,EaseMyTrip,6E,6E-7646,2026-08-29,T+7,10954,2404,13358,2026-08-22T09:04:30.012Z,FALSE,"",06:15,FALSE
fare_DEL-BLR_6E_2026-08-29_T+7_1787389698951_tif4,DEL-BLR,EaseMyTrip,6E,6E-7624,2026-08-29,T+7,11035,2422,13457,2026-08-22T09:04:30.012Z,FALSE,"",05:50,FALSE
fare_DEL-BLR_6E_2026-08-29_T+7_1787389698951_l77n,DEL-BLR,EaseMyTrip,6E,6E-6091,2026-08-29,T+7,11055,2427,13482,2026-08-22T09:04:30.012Z,FALSE,"",15:15,FALSE
fare_DEL-BLR_6E_2026-08-29_T+7_1787389698951_zdhp,DEL-BLR,EaseMyTrip,6E,6E-6476,2026-08-29,T+7,11068,2429,13497,2026-08-22T09:04:30.012Z,FALSE,"",07:05,FALSE
fare_DEL-BLR_QP_2026-08-29_T+7_1787389698951_sjgh,DEL-BLR,EaseMyTrip,QP,QP-1940,2026-08-29,T+7,11206,2460,13666,2026-08-22T09:04:30.012Z,FALSE,"",14:10,FALSE
fare_DEL-BLR_6E_2026-08-29_T+7_1787389698951_4im0,DEL-BLR,EaseMyTrip,6E,6E-2151,2026-08-29,T+7,11240,2467,13707,2026-08-22T09:04:30.012Z,FALSE,"",19:45,FALSE
fare_DEL-BLR_6E_2026-08-29_T+7_1787389698951_ff1x,DEL-BLR,EaseMyTrip,6E,6E-321,2026-08-29,T+7,11264,2473,13737,2026-08-22T09:04:30.012Z,FALSE,"",19:35,FALSE
fare_DEL-BLR_6E_2026-08-29_T+7_1787389698951_63cv,DEL-BLR,EaseMyTrip,6E,6E-550,2026-08-29,T+7,11264,2473,13737,2026-08-22T09:04:30.012Z,FALSE,"",19:35,FALSE
fare_DEL-BLR_6E_2026-08-29_T+7_1787389698951_gr65,DEL-BLR,EaseMyTrip,6E,6E-5073,2026-08-29,T+7,11264,2473,13737,2026-08-22T09:04:30.012Z,FALSE,"",17:05,FALSE
fare_DEL-BLR_6E_2026-08-29_T+7_1787389698951_jqyo,DEL-BLR,EaseMyTrip,6E,6E-6459,2026-08-29,T+7,11319,2485,13804,2026-08-22T09:04:30.012Z,FALSE,"",05:55,FALSE
fare_DEL-BLR_6E_2026-08-29_T+7_1787389698951_edgw,DEL-BLR,EaseMyTrip,6E,6E-6437,2026-08-29,T+7,11319,2485,13804,2026-08-22T09:04:30.012Z,FALSE,"",16:25,FALSE
fare_DEL-BLR_6E_2026-08-29_T+7_1787389698951_xn4u,DEL-BLR,EaseMyTrip,6E,6E-6632,2026-08-29,T+7,11384,2499,13883,2026-08-22T09:04:30.012Z,FALSE,"",17:50,FALSE
fare_DEL-BLR_6E_2026-08-29_T+7_1787389698951_bvue,DEL-BLR,EaseMyTrip,6E,6E-2277,2026-08-29,T+7,11384,2499,13883,2026-08-22T09:04:30.012Z,FALSE,"",10:25,FALSE
fare_DEL-BLR_6E_2026-08-29_T+7_1787389698951_gnuj,DEL-BLR,EaseMyTrip,6E,6E-5038,2026-08-29,T+7,11384,2499,13883,2026-08-22T09:04:30.012Z,FALSE,"",14:00,FALSE
fare_DEL-BLR_6E_2026-08-29_T+7_1787389698951_n393,DEL-BLR,EaseMyTrip,6E,6E-665,2026-08-29,T+7,11384,2499,13883,2026-08-22T09:04:30.012Z,FALSE,"",12:15,FALSE
fare_DEL-BLR_6E_2026-08-29_T+7_1787389698951_bjpt,DEL-BLR,EaseMyTrip,6E,6E-191,2026-08-29,T+7,11384,2499,13883,2026-08-22T09:04:30.012Z,FALSE,"",12:15,FALSE
fare_DEL-BLR_6E_2026-08-29_T+7_1787389698951_m8nv,DEL-BLR,EaseMyTrip,6E,6E-7642,2026-08-29,T+7,11422,2507,13929,2026-08-22T09:04:30.012Z,FALSE,"",15:45,FALSE
fare_DEL-BLR_6E_2026-08-29_T+7_1787389698951_vg7t,DEL-BLR,EaseMyTrip,6E,6E-7628,2026-08-29,T+7,11422,2507,13929,2026-08-22T09:04:30.012Z,FALSE,"",15:05,FALSE
fare_DEL-BLR_6E_2026-08-29_T+7_1787389698951_m4v4,DEL-BLR,EaseMyTrip,6E,6E-879,2026-08-29,T+7,11664,2560,14224,2026-08-22T09:04:30.012Z,FALSE,"",08:30,FALSE
fare_DEL-BLR_6E_2026-08-29_T+7_1787389698951_8bon,DEL-BLR,EaseMyTrip,6E,6E-134,2026-08-29,T+7,11664,2560,14224,2026-08-22T09:04:30.012Z,FALSE,"",08:30,FALSE
fare_DEL-BLR_6E_2026-08-29_T+7_1787389698951_5p03,DEL-BLR,EaseMyTrip,6E,6E-5191,2026-08-29,T+7,11664,2560,14224,2026-08-22T09:04:30.012Z,FALSE,"",04:45,FALSE
fare_DEL-BLR_AI_2026-08-29_T+7_1787389698951_ucy5,DEL-BLR,EaseMyTrip,AI,AI-1740,2026-08-29,T+7,12208,2680,14888,2026-08-22T09:04:30.012Z,FALSE,"",17:40,FALSE
fare_DEL-BLR_IX_2026-08-29_T+7_1787389698951_pi4v,DEL-BLR,EaseMyTrip,IX,IX-1090,2026-08-29,T+7,12335,2708,15043,2026-08-22T09:04:30.012Z,FALSE,"",13:10,FALSE
fare_DEL-BLR_QP_2026-08-29_T+7_1787389698951_do2b,DEL-BLR,EaseMyTrip,QP,QP-1809,2026-08-29,T+7,12266,2692,14958,2026-08-22T09:04:30.012Z,FALSE,"",18:10,FALSE
fare_DEL-BLR_6E_2026-08-29_T+7_1787389698951_k442,DEL-BLR,EaseMyTrip,6E,6E-6488,2026-08-29,T+7,12330,2706,15036,2026-08-22T09:04:30.012Z,FALSE,"",11:20,FALSE
fare_DEL-BLR_AI_2026-08-29_T+7_1787389698951_wyd5,DEL-BLR,EaseMyTrip,AI,AI-2877,2026-08-29,T+7,12743,2797,15540,2026-08-22T09:04:30.012Z,FALSE,"",12:45,FALSE
fare_DEL-BLR_AI_2026-08-29_T+7_1787389698951_69n2,DEL-BLR,EaseMyTrip,AI,AI-2735,2026-08-29,T+7,12863,2824,15687,2026-08-22T09:04:30.012Z,FALSE,"",15:40,FALSE
fare_DEL-BLR_AI_2026-08-29_T+7_1787389698951_on25,DEL-BLR,EaseMyTrip,AI,AI-2973,2026-08-29,T+7,12968,2847,15815,2026-08-22T09:04:30.012Z,FALSE,"",20:50,FALSE
fare_DEL-BLR_AI_2026-08-29_T+7_1787389698951_ntfz,DEL-BLR,EaseMyTrip,AI,AI-2571,2026-08-29,T+7,13077,2870,15947,2026-08-22T09:04:30.012Z,FALSE,"",05:45,FALSE
fare_DEL-BLR_AI_2026-08-29_T+7_1787389698951_y5g0,DEL-BLR,EaseMyTrip,AI,AI-2963,2026-08-29,T+7,13907,3053,16960,2026-08-22T09:04:30.012Z,FALSE,"",09:00,FALSE
fare_DEL-BLR_AI_2026-08-29_T+7_1787389698951_ja17,DEL-BLR,EaseMyTrip,AI,AI-2751,2026-08-29,T+7,13907,3053,16960,2026-08-22T09:04:30.012Z,FALSE,"",17:30,FALSE
fare_DEL-BLR_IX_2026-08-29_T+7_1787389698951_zedj,DEL-BLR,EaseMyTrip,IX,IX-5316,2026-08-29,T+7,13997,3072,17069,2026-08-22T09:04:30.012Z,FALSE,"",15:30,FALSE
fare_DEL-BLR_AI_2026-08-29_T+7_1787389698951_nvum,DEL-BLR,EaseMyTrip,AI,AI-1785,2026-08-29,T+7,14020,3077,17097,2026-08-22T09:04:30.012Z,FALSE,"",12:00,FALSE
fare_DEL-BLR_AI_2026-08-29_T+7_1787389698951_q3vq,DEL-BLR,EaseMyTrip,AI,AI-2971,2026-08-29,T+7,14054,3085,17139,2026-08-22T09:04:30.012Z,FALSE,"",16:00,FALSE
fare_DEL-BLR_6E_2026-08-29_T+7_1787389698951_bzcs,DEL-BLR,EaseMyTrip,6E,6E-5033,2026-08-29,T+7,13924,3056,16980,2026-08-22T09:04:30.012Z,FALSE,"",15:50,FALSE
fare_DEL-BLR_AI_2026-08-29_T+7_1787389698951_xdjo,DEL-BLR,EaseMyTrip,AI,AI-2975,2026-08-29,T+7,14133,3102,17235,2026-08-22T09:04:30.012Z,FALSE,"",06:30,FALSE
fare_DEL-BLR_IX_2026-08-29_T+7_1787389698951_q8ic,DEL-BLR,EaseMyTrip,IX,IX-1812,2026-08-29,T+7,14291,3137,17428,2026-08-22T09:04:30.012Z,FALSE,"",07:10,FALSE
fare_DEL-BLR_6E_2026-08-29_T+7_1787389698951_e88d,DEL-BLR,EaseMyTrip,6E,6E-5119,2026-08-29,T+7,14065,3088,17153,2026-08-22T09:04:30.012Z,FALSE,"",05:10,FALSE
fare_DEL-BLR_6E_2026-08-29_T+7_1787389698951_2fbt,DEL-BLR,EaseMyTrip,6E,6E-2557,2026-08-29,T+7,14208,3119,17327,2026-08-22T09:04:30.012Z,FALSE,"",15:20,FALSE
fare_DEL-BLR_AI_2026-08-29_T+7_1787389698951_kafm,DEL-BLR,EaseMyTrip,AI,AI-1707,2026-08-29,T+7,14433,3168,17601,2026-08-22T09:04:30.012Z,FALSE,"",11:55,FALSE
fare_DEL-BLR_AI_2026-08-29_T+7_1787389698951_3hnq,DEL-BLR,EaseMyTrip,AI,AI-1780,2026-08-29,T+7,14654,3217,17871,2026-08-22T09:04:30.012Z,TRUE,"High outlier: ₹17871 > upper fence ₹17829 (Q3: ₹13723, IQR: ₹2737)",14:30,FALSE
fare_DEL-BLR_AI_2026-08-29_T+7_1787389698951_0msi,DEL-BLR,EaseMyTrip,AI,AI-1702,2026-08-29,T+7,15192,3335,18527,2026-08-22T09:04:30.012Z,TRUE,"High outlier: ₹18527 > upper fence ₹17829 (Q3: ₹13723, IQR: ₹2737)",18:30,FALSE
fare_DEL-BLR_IX_2026-08-29_T+7_1787389698951_0u12,DEL-BLR,EaseMyTrip,IX,IX-1980,2026-08-29,T+7,15473,3397,18870,2026-08-22T09:04:30.012Z,TRUE,"High outlier: ₹18870 > upper fence ₹17829 (Q3: ₹13723, IQR: ₹2737)",10:15,FALSE
fare_DEL-BLR_IX_2026-08-29_T+7_1787389698951_luc5,DEL-BLR,EaseMyTrip,IX,IX-1012,2026-08-29,T+7,15473,3397,18870,2026-08-22T09:04:30.012Z,TRUE,"High outlier: ₹18870 > upper fence ₹17829 (Q3: ₹13723, IQR: ₹2737)",06:40,FALSE
fare_DEL-BLR_AI_2026-08-29_T+7_1787389698951_nmts,DEL-BLR,EaseMyTrip,AI,AI-2627,2026-08-29,T+7,16424,3605,20029,2026-08-22T09:04:30.012Z,TRUE,"High outlier: ₹20029 > upper fence ₹17829 (Q3: ₹13723, IQR: ₹2737)",10:45,FALSE
fare_DEL-BLR_IX_2026-08-29_T+7_1787389698951_uuk3,DEL-BLR,EaseMyTrip,IX,IX-1461,2026-08-29,T+7,17380,3815,21195,2026-08-22T09:04:30.012Z,TRUE,"High outlier: ₹21195 > upper fence ₹17829 (Q3: ₹13723, IQR: ₹2737)",05:35,FALSE
fare_DEL-BLR_6E_2026-08-29_T+7_1787389698951_7vwy,DEL-BLR,EaseMyTrip,6E,6E-5001,2026-08-29,T+7,17695,3884,21579,2026-08-22T09:04:30.012Z,TRUE,"High outlier: ₹21579 > upper fence ₹17829 (Q3: ₹13723, IQR: ₹2737)",17:10,FALSE
fare_DEL-BLR_IX_2026-08-29_T+7_1787389698951_8yym,DEL-BLR,EaseMyTrip,IX,IX-1057,2026-08-29,T+7,18180,3991,22171,2026-08-22T09:04:30.012Z,TRUE,"High outlier: ₹22171 > upper fence ₹17829 (Q3: ₹13723, IQR: ₹2737)",05:25,FALSE
fare_DEL-BLR_IX_2026-08-29_T+7_1787389698951_urtd,DEL-BLR,EaseMyTrip,IX,IX-1815,2026-08-29,T+7,18478,4056,22534,2026-08-22T09:04:30.012Z,TRUE,"High outlier: ₹22534 > upper fence ₹17829 (Q3: ₹13723, IQR: ₹2737)",19:05,FALSE
fare_DEL-BLR_AI_2026-08-29_T+7_1787389698951_0iol,DEL-BLR,EaseMyTrip,AI,AI-2458,2026-08-29,T+7,20235,4442,24677,2026-08-22T09:04:30.012Z,TRUE,"High outlier: ₹24677 > upper fence ₹17829 (Q3: ₹13723, IQR: ₹2737)",12:10,FALSE
fare_DEL-BOM_6E_2026-08-23_T+1_1787389698951_xzep,DEL-BOM,EaseMyTrip,6E,6E-501,2026-08-23,T+1,3505,769,4274,2026-08-22T05:06:35.383Z,FALSE,"",07:00,TRUE
fare_DEL-BOM_IX_2026-08-23_T+1_1787389698951_rz04,DEL-BOM,EaseMyTrip,IX,IX-1605,2026-08-23,T+1,5354,1175,6529,2026-08-22T08:49:18.234Z,FALSE,"",06:00,TRUE
fare_DEL-BOM_6E_2026-08-23_T+1_1787389698951_k94f,DEL-BOM,EaseMyTrip,6E,6E-6470,2026-08-23,T+1,5354,1175,6529,2026-08-22T08:49:18.234Z,FALSE,"",06:55,TRUE
fare_DEL-BOM_QP_2026-08-23_T+1_1787389698951_abnt,DEL-BOM,EaseMyTrip,QP,QP-1119,2026-08-23,T+1,5355,1175,6530,2026-08-22T08:49:18.234Z,FALSE,"",08:40,TRUE
fare_DEL-BOM_6E_2026-08-23_T+1_1787389698951_r781,DEL-BOM,EaseMyTrip,6E,6E-6218,2026-08-23,T+1,5355,1175,6530,2026-08-22T08:49:18.234Z,FALSE,"",06:05,TRUE
fare_DEL-BOM_6E_2026-08-23_T+1_1787389698951_4n4j,DEL-BOM,EaseMyTrip,6E,6E-869,2026-08-23,T+1,5355,1175,6530,2026-08-22T08:49:18.234Z,FALSE,"",08:45,TRUE
fare_DEL-BOM_6E_2026-08-23_T+1_1787389698951_6vqh,DEL-BOM,EaseMyTrip,6E,6E-334,2026-08-23,T+1,5355,1175,6530,2026-08-22T08:49:18.234Z,FALSE,"",08:45,TRUE
fare_DEL-BOM_6E_2026-08-23_T+1_1787389698951_n0vm,DEL-BOM,EaseMyTrip,6E,6E-535,2026-08-23,T+1,5355,1175,6530,2026-08-22T08:49:18.234Z,FALSE,"",08:00,TRUE
fare_DEL-BOM_6E_2026-08-23_T+1_1787389698951_jbaz,DEL-BOM,EaseMyTrip,6E,6E-191,2026-08-23,T+1,5355,1175,6530,2026-08-22T08:49:18.234Z,FALSE,"",08:00,TRUE
fare_DEL-BOM_QP_2026-08-23_T+1_1787389698951_6bci,DEL-BOM,EaseMyTrip,QP,QP-1940,2026-08-23,T+1,5427,1191,6618,2026-08-22T08:49:18.234Z,FALSE,"",14:10,TRUE
fare_DEL-BOM_QP_2026-08-23_T+1_1787389698951_7dpk,DEL-BOM,EaseMyTrip,QP,QP-1942,2026-08-23,T+1,5427,1191,6618,2026-08-22T08:49:18.234Z,FALSE,"",21:05,TRUE
fare_DEL-BOM_6E_2026-08-23_T+1_1787389698951_rsag,DEL-BOM,EaseMyTrip,6E,6E-6107,2026-08-23,T+1,5484,1204,6688,2026-08-22T08:49:18.234Z,FALSE,"",09:30,TRUE
fare_DEL-BOM_AI_2026-08-23_T+1_1787389698951_t7mz,DEL-BOM,EaseMyTrip,AI,AI-2678,2026-08-23,T+1,5740,1260,7000,2026-08-22T08:49:18.234Z,FALSE,"",08:30,TRUE
fare_DEL-BOM_AI_2026-08-23_T+1_1787389698951_qetn,DEL-BOM,EaseMyTrip,AI,AI-2963,2026-08-23,T+1,5740,1260,7000,2026-08-22T08:49:18.234Z,FALSE,"",09:00,TRUE
fare_DEL-BOM_AI_2026-08-23_T+1_1787389698951_g7a4,DEL-BOM,EaseMyTrip,AI,AI-2975,2026-08-23,T+1,5740,1260,7000,2026-08-22T08:49:18.234Z,FALSE,"",06:30,TRUE
fare_DEL-BOM_AI_2026-08-23_T+1_1787389698951_tnbt,DEL-BOM,EaseMyTrip,AI,AI-2429,2026-08-23,T+1,5740,1260,7000,2026-08-22T08:49:18.234Z,FALSE,"",07:00,TRUE
fare_DEL-BOM_AI_2026-08-23_T+1_1787389698951_qaam,DEL-BOM,EaseMyTrip,AI,AI-2943,2026-08-23,T+1,5740,1260,7000,2026-08-22T08:49:18.234Z,FALSE,"",07:30,TRUE
fare_DEL-BOM_AI_2026-08-23_T+1_1787389698951_j41l,DEL-BOM,EaseMyTrip,AI,AI-2615,2026-08-23,T+1,5740,1260,7000,2026-08-22T08:49:18.234Z,FALSE,"",02:45,TRUE
fare_DEL-BOM_QP_2026-08-23_T+1_1787389698951_ywsr,DEL-BOM,EaseMyTrip,QP,QP-1833,2026-08-23,T+1,5652,1241,6893,2026-08-22T08:49:18.234Z,FALSE,"",06:50,TRUE
fare_DEL-BOM_QP_2026-08-23_T+1_1787389698951_gutt,DEL-BOM,EaseMyTrip,QP,QP-1112,2026-08-23,T+1,5652,1241,6893,2026-08-22T08:49:18.234Z,FALSE,"",09:20,TRUE
fare_DEL-BOM_6E_2026-08-23_T+1_1787389698951_cuwk,DEL-BOM,EaseMyTrip,6E,6E-286,2026-08-23,T+1,5656,1242,6898,2026-08-22T08:49:18.234Z,FALSE,"",23:30,TRUE
fare_DEL-BOM_6E_2026-08-23_T+1_1787389698951_ri3p,DEL-BOM,EaseMyTrip,6E,6E-448,2026-08-23,T+1,5656,1242,6898,2026-08-22T08:49:18.234Z,FALSE,"",23:30,TRUE
fare_DEL-BOM_6E_2026-08-23_T+1_1787389698951_1vap,DEL-BOM,EaseMyTrip,6E,6E-6114,2026-08-23,T+1,5656,1242,6898,2026-08-22T08:49:18.234Z,FALSE,"",22:45,TRUE
fare_DEL-BOM_6E_2026-08-23_T+1_1787389698951_s03i,DEL-BOM,EaseMyTrip,6E,6E-825,2026-08-23,T+1,5656,1242,6898,2026-08-22T08:49:18.234Z,FALSE,"",16:15,TRUE
fare_DEL-BOM_6E_2026-08-23_T+1_1787389698951_zgm8,DEL-BOM,EaseMyTrip,6E,6E-812,2026-08-23,T+1,5656,1242,6898,2026-08-22T08:49:18.234Z,FALSE,"",16:15,TRUE
fare_DEL-BOM_6E_2026-08-23_T+1_1787389698951_iul7,DEL-BOM,EaseMyTrip,6E,6E-750,2026-08-23,T+1,5656,1242,6898,2026-08-22T08:49:18.234Z,FALSE,"",21:45,TRUE
fare_DEL-BOM_6E_2026-08-23_T+1_1787389698951_aa7v,DEL-BOM,EaseMyTrip,6E,6E-344,2026-08-23,T+1,5656,1242,6898,2026-08-22T08:49:18.234Z,FALSE,"",21:45,TRUE
fare_DEL-BOM_6E_2026-08-23_T+1_1787389698951_5koh,DEL-BOM,EaseMyTrip,6E,6E-6318,2026-08-23,T+1,5656,1242,6898,2026-08-22T08:49:18.234Z,FALSE,"",14:45,TRUE
fare_DEL-BOM_6E_2026-08-23_T+1_1787389698951_jrig,DEL-BOM,EaseMyTrip,6E,6E-6047,2026-08-23,T+1,5656,1242,6898,2026-08-22T08:49:18.234Z,FALSE,"",11:00,TRUE
fare_DEL-BOM_6E_2026-08-23_T+1_1787389698951_2uv5,DEL-BOM,EaseMyTrip,6E,6E-6676,2026-08-23,T+1,5656,1242,6898,2026-08-22T08:49:18.234Z,FALSE,"",12:00,TRUE
fare_DEL-BOM_6E_2026-08-23_T+1_1787389698951_qw67,DEL-BOM,EaseMyTrip,6E,6E-464,2026-08-23,T+1,5656,1242,6898,2026-08-22T08:49:18.234Z,FALSE,"",13:00,TRUE
fare_DEL-BOM_6E_2026-08-23_T+1_1787389698951_zu37,DEL-BOM,EaseMyTrip,6E,6E-112,2026-08-23,T+1,5656,1242,6898,2026-08-22T08:49:18.234Z,FALSE,"",13:00,TRUE
fare_DEL-BOM_6E_2026-08-23_T+1_1787389698951_55kh,DEL-BOM,EaseMyTrip,6E,6E-6328,2026-08-23,T+1,5656,1242,6898,2026-08-22T08:49:18.234Z,FALSE,"",10:15,TRUE
fare_DEL-BOM_AI_2026-08-23_T+1_1787389698951_y27k,DEL-BOM,EaseMyTrip,AI,AI-2945,2026-08-23,T+1,5870,1289,7159,2026-08-22T08:49:18.234Z,FALSE,"",11:00,TRUE
fare_DEL-BOM_AI_2026-08-23_T+1_1787389698951_tko4,DEL-BOM,EaseMyTrip,AI,AI-2999,2026-08-23,T+1,5870,1289,7159,2026-08-22T08:49:18.234Z,FALSE,"",22:00,TRUE
fare_DEL-BOM_AI_2026-08-23_T+1_1787389698951_6j3x,DEL-BOM,EaseMyTrip,AI,AI-2437,2026-08-23,T+1,5870,1289,7159,2026-08-22T08:49:18.234Z,FALSE,"",22:30,TRUE
fare_DEL-BOM_AI_2026-08-23_T+1_1787389698951_qurc,DEL-BOM,EaseMyTrip,AI,AI-2927,2026-08-23,T+1,5870,1289,7159,2026-08-22T08:49:18.234Z,FALSE,"",09:30,TRUE
fare_DEL-BOM_AI_2026-08-23_T+1_1787389698951_0v0p,DEL-BOM,EaseMyTrip,AI,AI-2805,2026-08-23,T+1,5870,1289,7159,2026-08-22T08:49:18.234Z,FALSE,"",20:00,TRUE
fare_DEL-BOM_AI_2026-08-23_T+1_1787389698951_tmqt,DEL-BOM,EaseMyTrip,AI,AI-2957,2026-08-23,T+1,5870,1289,7159,2026-08-22T08:49:18.234Z,FALSE,"",20:30,TRUE
fare_DEL-BOM_QP_2026-08-23_T+1_1787389698951_ct10,DEL-BOM,EaseMyTrip,QP,QP-1110,2026-08-23,T+1,5756,1263,7019,2026-08-22T08:49:18.234Z,FALSE,"",10:30,TRUE
fare_DEL-BOM_6E_2026-08-23_T+1_1787389698951_ppjb,DEL-BOM,EaseMyTrip,6E,6E-337,2026-08-23,T+1,5871,1289,7160,2026-08-22T08:49:18.234Z,FALSE,"",20:45,TRUE
fare_DEL-BOM_6E_2026-08-23_T+1_1787389698951_qikz,DEL-BOM,EaseMyTrip,6E,6E-360,2026-08-23,T+1,5871,1289,7160,2026-08-22T08:49:18.234Z,FALSE,"",20:45,TRUE
fare_DEL-BOM_6E_2026-08-23_T+1_1787389698951_0t1m,DEL-BOM,EaseMyTrip,6E,6E-531,2026-08-23,T+1,5871,1289,7160,2026-08-22T08:49:18.234Z,FALSE,"",20:00,TRUE
fare_DEL-BOM_6E_2026-08-23_T+1_1787389698951_1lgn,DEL-BOM,EaseMyTrip,6E,6E-445,2026-08-23,T+1,5871,1289,7160,2026-08-22T08:49:18.234Z,FALSE,"",20:00,TRUE
fare_DEL-BOM_6E_2026-08-23_T+1_1787389698951_16q8,DEL-BOM,EaseMyTrip,6E,6E-282,2026-08-23,T+1,5871,1289,7160,2026-08-22T08:49:18.234Z,FALSE,"",19:00,TRUE
fare_DEL-BOM_6E_2026-08-23_T+1_1787389698951_iv90,DEL-BOM,EaseMyTrip,6E,6E-856,2026-08-23,T+1,5871,1289,7160,2026-08-22T08:49:18.234Z,FALSE,"",19:00,TRUE
fare_DEL-BOM_6E_2026-08-23_T+1_1787389698951_zpsa,DEL-BOM,EaseMyTrip,6E,6E-784,2026-08-23,T+1,5871,1289,7160,2026-08-22T08:49:18.234Z,FALSE,"",18:00,TRUE
fare_DEL-BOM_6E_2026-08-23_T+1_1787389698951_uyji,DEL-BOM,EaseMyTrip,6E,6E-989,2026-08-23,T+1,5871,1289,7160,2026-08-22T08:49:18.234Z,FALSE,"",18:00,TRUE
fare_DEL-BOM_6E_2026-08-23_T+1_1787389698951_1pqs,DEL-BOM,EaseMyTrip,6E,6E-742,2026-08-23,T+1,5914,1298,7212,2026-08-22T08:49:18.234Z,FALSE,"",20:20,TRUE
fare_DEL-BOM_6E_2026-08-23_T+1_1787389698951_2ftt,DEL-BOM,EaseMyTrip,6E,6E-707,2026-08-23,T+1,5914,1298,7212,2026-08-22T08:49:18.234Z,FALSE,"",20:20,TRUE
fare_DEL-BOM_6E_2026-08-23_T+1_1787389698951_ulgk,DEL-BOM,EaseMyTrip,6E,6E-6490,2026-08-23,T+1,6027,1323,7350,2026-08-22T08:49:18.234Z,FALSE,"",04:55,FALSE
fare_DEL-BOM_AI_2026-08-23_T+1_1787389698951_yw3j,DEL-BOM,EaseMyTrip,AI,AI-2439,2026-08-23,T+1,6193,1360,7553,2026-08-22T08:49:18.234Z,FALSE,"",23:00,TRUE
fare_DEL-BOM_6E_2026-08-23_T+1_1787389698951_9lvx,DEL-BOM,EaseMyTrip,6E,6E-933,2026-08-23,T+1,6070,1333,7403,2026-08-22T08:49:18.234Z,FALSE,"",19:40,FALSE
fare_DEL-BOM_6E_2026-08-23_T+1_1787389698951_xai1,DEL-BOM,EaseMyTrip,6E,6E-350,2026-08-23,T+1,6070,1333,7403,2026-08-22T08:49:18.234Z,FALSE,"",19:40,FALSE
fare_DEL-BOM_6E_2026-08-23_T+1_1787389698951_3070,DEL-BOM,EaseMyTrip,6E,6E-6829,2026-08-23,T+1,6070,1333,7403,2026-08-22T08:49:18.234Z,FALSE,"",17:20,FALSE
fare_DEL-BOM_6E_2026-08-23_T+1_1787389698951_or73,DEL-BOM,EaseMyTrip,6E,6E-6443,2026-08-23,T+1,6070,1333,7403,2026-08-22T08:49:18.234Z,FALSE,"",09:00,FALSE
fare_DEL-BOM_6E_2026-08-23_T+1_1787389698951_cnp5,DEL-BOM,EaseMyTrip,6E,6E-6459,2026-08-23,T+1,6070,1333,7403,2026-08-22T08:49:18.234Z,FALSE,"",05:55,FALSE
fare_DEL-BOM_6E_2026-08-23_T+1_1787389698951_0htf,DEL-BOM,EaseMyTrip,6E,6E-6569,2026-08-23,T+1,6070,1333,7403,2026-08-22T08:49:18.234Z,FALSE,"",05:00,FALSE
fare_DEL-BOM_AI_2026-08-23_T+1_1787389698951_ic3s,DEL-BOM,EaseMyTrip,AI,AI-2425,2026-08-23,T+1,6257,1373,7630,2026-08-22T08:49:18.234Z,FALSE,"",10:30,TRUE
fare_DEL-BOM_AI_2026-08-23_T+1_1787389698951_6fzb,DEL-BOM,EaseMyTrip,AI,AI-2433,2026-08-23,T+1,6257,1373,7630,2026-08-22T08:49:18.234Z,FALSE,"",21:30,TRUE
fare_DEL-BOM_6E_2026-08-23_T+1_1787389698951_iav0,DEL-BOM,EaseMyTrip,6E,6E-6706,2026-08-23,T+1,6130,1345,7475,2026-08-22T08:49:18.234Z,FALSE,"",17:00,TRUE
fare_DEL-BOM_6E_2026-08-23_T+1_1787389698951_zgor,DEL-BOM,EaseMyTrip,6E,6E-632,2026-08-23,T+1,6130,1345,7475,2026-08-22T08:49:18.234Z,FALSE,"",15:30,TRUE
fare_DEL-BOM_6E_2026-08-23_T+1_1787389698951_lbjg,DEL-BOM,EaseMyTrip,6E,6E-616,2026-08-23,T+1,6130,1345,7475,2026-08-22T08:49:18.234Z,FALSE,"",15:30,TRUE
fare_DEL-BOM_6E_2026-08-23_T+1_1787389698951_mbnm,DEL-BOM,EaseMyTrip,6E,6E-6479,2026-08-23,T+1,6135,1347,7482,2026-08-22T08:49:18.234Z,FALSE,"",21:25,FALSE
fare_DEL-BOM_6E_2026-08-23_T+1_1787389698951_3vng,DEL-BOM,EaseMyTrip,6E,6E-5298,2026-08-23,T+1,6135,1347,7482,2026-08-22T08:49:18.234Z,FALSE,"",09:00,FALSE
fare_DEL-BOM_6E_2026-08-23_T+1_1787389698951_u6si,DEL-BOM,EaseMyTrip,6E,6E-5038,2026-08-23,T+1,6135,1347,7482,2026-08-22T08:49:18.234Z,FALSE,"",14:00,FALSE
fare_DEL-BOM_6E_2026-08-23_T+1_1787389698951_8iz2,DEL-BOM,EaseMyTrip,6E,6E-5206,2026-08-23,T+1,6135,1347,7482,2026-08-22T08:49:18.234Z,FALSE,"",13:20,FALSE
fare_DEL-BOM_QP_2026-08-23_T+1_1787389698951_6shu,DEL-BOM,EaseMyTrip,QP,QP-1826,2026-08-23,T+1,6188,1358,7546,2026-08-22T08:49:18.234Z,FALSE,"",19:55,TRUE
fare_DEL-BOM_6E_2026-08-23_T+1_1787389698951_z1k3,DEL-BOM,EaseMyTrip,6E,6E-6497,2026-08-23,T+1,6243,1370,7613,2026-08-22T08:49:18.234Z,FALSE,"",18:45,FALSE
fare_DEL-BOM_AI_2026-08-23_T+1_1787389698951_keai,DEL-BOM,EaseMyTrip,AI,AI-2981,2026-08-23,T+1,6414,1408,7822,2026-08-22T08:49:18.234Z,FALSE,"",21:00,TRUE
fare_DEL-BOM_IX_2026-08-23_T+1_1787389698951_dptj,DEL-BOM,EaseMyTrip,IX,IX-1617,2026-08-23,T+1,6528,1433,7961,2026-08-22T08:49:18.234Z,FALSE,"",11:50,FALSE
fare_DEL-BOM_6E_2026-08-23_T+1_1787389698951_2s6s,DEL-BOM,EaseMyTrip,6E,6E-2235,2026-08-23,T+1,6307,1385,7692,2026-08-22T08:49:18.234Z,FALSE,"",19:30,FALSE
fare_DEL-BOM_6E_2026-08-23_T+1_1787389698951_1nge,DEL-BOM,EaseMyTrip,6E,6E-6022,2026-08-23,T+1,6388,1402,7790,2026-08-22T08:49:18.234Z,FALSE,"",14:00,TRUE
fare_DEL-BOM_6E_2026-08-23_T+1_1787389698951_ktml,DEL-BOM,EaseMyTrip,6E,6E-5014,2026-08-23,T+1,6445,1415,7860,2026-08-22T08:49:18.234Z,FALSE,"",18:30,FALSE
fare_DEL-BOM_AI_2026-08-23_T+1_1787389698951_x8co,DEL-BOM,EaseMyTrip,AI,AI-2977,2026-08-23,T+1,6624,1454,8078,2026-08-22T08:49:18.234Z,FALSE,"",19:00,TRUE
fare_DEL-BOM_6E_2026-08-23_T+1_1787389698951_ekuy,DEL-BOM,EaseMyTrip,6E,6E-2496,2026-08-23,T+1,6501,1427,7928,2026-08-22T08:49:18.234Z,FALSE,"",12:40,FALSE
fare_DEL-BOM_6E_2026-08-23_T+1_1787389698951_zme3,DEL-BOM,EaseMyTrip,6E,6E-5198,2026-08-23,T+1,6503,1428,7931,2026-08-22T08:49:18.234Z,FALSE,"",15:00,TRUE
fare_DEL-BOM_QP_2026-08-23_T+1_1787389698951_vkb7,DEL-BOM,EaseMyTrip,QP,QP-1836,2026-08-23,T+1,6658,1461,8119,2026-08-22T08:49:18.234Z,FALSE,"",12:05,TRUE
fare_DEL-BOM_AI_2026-08-23_T+1_1787389698951_d4fa,DEL-BOM,EaseMyTrip,AI,AI-2941,2026-08-23,T+1,6836,1500,8336,2026-08-22T08:49:18.234Z,FALSE,"",16:30,TRUE
fare_DEL-BOM_AI_2026-08-23_T+1_1787389698951_xqgr,DEL-BOM,EaseMyTrip,AI,AI-2751,2026-08-23,T+1,6836,1500,8336,2026-08-22T08:49:18.234Z,FALSE,"",17:30,TRUE
fare_DEL-BOM_AI_2026-08-23_T+1_1787389698951_cijb,DEL-BOM,EaseMyTrip,AI,AI-2985,2026-08-23,T+1,6836,1500,8336,2026-08-22T08:49:18.234Z,FALSE,"",19:30,TRUE
fare_DEL-BOM_AI_2026-08-23_T+1_1787389698951_ls7t,DEL-BOM,EaseMyTrip,AI,AI-2441,2026-08-23,T+1,6836,1500,8336,2026-08-22T08:49:18.234Z,FALSE,"",18:25,TRUE
fare_DEL-BOM_AI_2026-08-23_T+1_1787389698951_gdbx,DEL-BOM,EaseMyTrip,AI,AI-1780,2026-08-23,T+1,6836,1500,8336,2026-08-22T08:49:18.234Z,FALSE,"",14:30,TRUE
fare_DEL-BOM_AI_2026-08-23_T+1_1787389698951_4t5r,DEL-BOM,EaseMyTrip,AI,AI-2933,2026-08-23,T+1,7010,1539,8549,2026-08-22T08:49:18.234Z,FALSE,"",15:30,TRUE
fare_DEL-BOM_AI_2026-08-23_T+1_1787389698951_dp3y,DEL-BOM,EaseMyTrip,AI,AI-1777,2026-08-23,T+1,7068,1552,8620,2026-08-22T08:49:18.234Z,FALSE,"",16:00,TRUE
fare_DEL-BOM_AI_2026-08-23_T+1_1787389698951_7gsy,DEL-BOM,EaseMyTrip,AI,AI-2955,2026-08-23,T+1,7243,1590,8833,2026-08-22T08:49:18.234Z,FALSE,"",18:00,TRUE
fare_DEL-BOM_IX_2026-08-23_T+1_1787389698951_fqi3,DEL-BOM,EaseMyTrip,IX,IX-1395,2026-08-23,T+1,7351,1614,8965,2026-08-22T08:49:18.234Z,FALSE,"",19:15,TRUE
fare_DEL-BOM_QP_2026-08-23_T+1_1787389698951_jqrm,DEL-BOM,EaseMyTrip,QP,QP-1128,2026-08-23,T+1,7433,1632,9065,2026-08-22T08:49:18.234Z,FALSE,"",16:00,TRUE
fare_DEL-BOM_IX_2026-08-23_T+1_1787389698951_g63l,DEL-BOM,EaseMyTrip,IX,IX-2820,2026-08-23,T+1,7865,1726,9591,2026-08-22T08:49:18.234Z,FALSE,"",21:00,FALSE
fare_DEL-BOM_IX_2026-08-23_T+1_1787389698951_acoj,DEL-BOM,EaseMyTrip,IX,IX-1817,2026-08-23,T+1,7865,1726,9591,2026-08-22T08:49:18.234Z,FALSE,"",19:30,FALSE
fare_DEL-BOM_6E_2026-08-23_T+1_1787389698951_88dd,DEL-BOM,EaseMyTrip,6E,6E-6312,2026-08-23,T+1,7667,1683,9350,2026-08-22T08:49:18.234Z,FALSE,"",14:25,FALSE
fare_DEL-BOM_AI_2026-08-23_T+1_1787389698951_vryh,DEL-BOM,EaseMyTrip,AI,AI-1785,2026-08-23,T+1,7858,1725,9583,2026-08-22T08:49:18.234Z,FALSE,"",12:00,TRUE
fare_DEL-BOM_QP_2026-08-23_T+1_1787389698951_ewi4,DEL-BOM,EaseMyTrip,QP,QP-1820,2026-08-23,T+1,7715,1694,9409,2026-08-22T08:49:18.234Z,FALSE,"",17:30,TRUE
fare_DEL-BOM_IX_2026-08-23_T+1_1787389698951_2igs,DEL-BOM,EaseMyTrip,IX,IX-1038,2026-08-23,T+1,8405,1845,10250,2026-08-22T08:49:18.234Z,FALSE,"",18:40,TRUE
fare_DEL-BOM_IX_2026-08-23_T+1_1787389698951_mrga,DEL-BOM,EaseMyTrip,IX,IX-1789,2026-08-23,T+1,8534,1873,10407,2026-08-22T08:49:18.234Z,FALSE,"",10:40,FALSE
fare_DEL-BOM_6E_2026-08-23_T+1_1787389698951_5dzg,DEL-BOM,EaseMyTrip,6E,6E-5138,2026-08-23,T+1,8308,1824,10132,2026-08-22T08:49:18.234Z,FALSE,"",19:10,FALSE
fare_DEL-BOM_6E_2026-08-23_T+1_1787389698951_d9cq,DEL-BOM,EaseMyTrip,6E,6E-863,2026-08-23,T+1,8905,1955,10860,2026-08-22T08:49:18.234Z,FALSE,"",19:35,FALSE
fare_DEL-BOM_6E_2026-08-23_T+1_1787389698951_7sgx,DEL-BOM,EaseMyTrip,6E,6E-790,2026-08-23,T+1,8905,1955,10860,2026-08-22T08:49:18.234Z,FALSE,"",19:35,FALSE
fare_DEL-BOM_6E_2026-08-23_T+1_1787389698951_f4ss,DEL-BOM,EaseMyTrip,6E,6E-6261,2026-08-23,T+1,8905,1955,10860,2026-08-22T08:49:18.234Z,FALSE,"",00:15,FALSE
fare_DEL-BOM_AI_2026-08-23_T+1_1787389698951_qklr,DEL-BOM,EaseMyTrip,AI,AI-1705,2026-08-23,T+1,9656,2119,11775,2026-08-22T08:49:18.234Z,FALSE,"",06:30,FALSE
fare_DEL-BOM_AI_2026-08-23_T+1_1787389698951_lt8b,DEL-BOM,EaseMyTrip,AI,AI-9447,2026-08-23,T+1,9810,2153,11963,2026-08-22T08:49:18.234Z,FALSE,"",23:25,FALSE
fare_DEL-BOM_6E_2026-08-23_T+1_1787389698951_dep2,DEL-BOM,EaseMyTrip,6E,6E-6433,2026-08-23,T+1,9788,2149,11937,2026-08-22T08:49:18.234Z,FALSE,"",16:30,FALSE
fare_DEL-BOM_6E_2026-08-23_T+1_1787389698951_cibv,DEL-BOM,EaseMyTrip,6E,6E-6190,2026-08-23,T+1,10272,2255,12527,2026-08-22T08:49:18.234Z,FALSE,"",07:40,FALSE
fare_DEL-BOM_IX_2026-08-23_T+1_1787389698951_0exf,DEL-BOM,EaseMyTrip,IX,IX-2146,2026-08-23,T+1,10614,2330,12944,2026-08-22T08:49:18.234Z,FALSE,"",06:20,FALSE
fare_DEL-BOM_6E_2026-08-23_T+1_1787389698951_ac3i,DEL-BOM,EaseMyTrip,6E,6E-2349,2026-08-23,T+1,10730,2355,13085,2026-08-22T08:49:18.234Z,FALSE,"",10:55,FALSE
fare_DEL-BOM_6E_2026-08-23_T+1_1787389698951_rbse,DEL-BOM,EaseMyTrip,6E,6E-660,2026-08-23,T+1,10902,2393,13295,2026-08-22T08:49:18.234Z,FALSE,"",23:15,FALSE
fare_DEL-BOM_6E_2026-08-23_T+1_1787389698951_ji8l,DEL-BOM,EaseMyTrip,6E,6E-726,2026-08-23,T+1,10902,2393,13295,2026-08-22T08:49:18.234Z,FALSE,"",23:15,FALSE
fare_DEL-BOM_AI_2026-08-23_T+1_1787389698951_qiug,DEL-BOM,EaseMyTrip,AI,AI-9757,2026-08-23,T+1,11286,2478,13764,2026-08-22T08:49:18.234Z,FALSE,"",11:50,FALSE
fare_DEL-BOM_AI_2026-08-23_T+1_1787389698951_alte,DEL-BOM,EaseMyTrip,AI,AI-2623,2026-08-23,T+1,11287,2478,13765,2026-08-22T08:49:18.234Z,FALSE,"",13:35,FALSE
fare_DEL-BOM_6E_2026-08-23_T+1_1787389698951_gotc,DEL-BOM,EaseMyTrip,6E,6E-2249,2026-08-23,T+1,11220,2463,13683,2026-08-22T08:49:18.234Z,FALSE,"",15:00,FALSE
fare_DEL-BOM_AI_2026-08-23_T+1_1787389698951_tqtv,DEL-BOM,EaseMyTrip,AI,AI-1720,2026-08-23,T+1,12348,2711,15059,2026-08-22T08:49:18.234Z,FALSE,"",20:30,FALSE
fare_DEL-BOM_IX_2026-08-23_T+1_1787389698951_gpjy,DEL-BOM,EaseMyTrip,IX,IX-1056,2026-08-23,T+1,12464,2736,15200,2026-08-22T08:49:18.234Z,FALSE,"",17:50,TRUE
fare_DEL-BOM_AI_2026-08-23_T+1_1787389698951_54xo,DEL-BOM,EaseMyTrip,AI,AI-2763,2026-08-23,T+1,12607,2767,15374,2026-08-22T08:49:18.234Z,FALSE,"",13:55,FALSE
fare_DEL-BOM_6E_2026-08-23_T+1_1787389698951_1vo8,DEL-BOM,EaseMyTrip,6E,6E-6488,2026-08-23,T+1,12605,2767,15372,2026-08-22T08:49:18.234Z,FALSE,"",11:20,FALSE
fare_DEL-BOM_AI_2026-08-23_T+1_1787389698951_js64,DEL-BOM,EaseMyTrip,AI,AI-2717,2026-08-23,T+1,13405,2942,16347,2026-08-22T08:49:18.234Z,FALSE,"",06:55,FALSE
fare_DEL-BOM_AI_2026-08-23_T+1_1787389698951_qd2a,DEL-BOM,EaseMyTrip,AI,AI-9674,2026-08-23,T+1,14017,3077,17094,2026-08-22T08:49:18.234Z,FALSE,"",16:40,FALSE
fare_DEL-BOM_6E_2026-08-23_T+1_1787389698951_dwyk,DEL-BOM,EaseMyTrip,6E,6E-7646,2026-08-23,T+1,13856,3041,16897,2026-08-22T08:49:18.234Z,FALSE,"",06:15,FALSE
fare_DEL-BOM_AI_2026-08-23_T+1_1787389698951_amq4,DEL-BOM,EaseMyTrip,AI,AI-491,2026-08-23,T+1,14216,3120,17336,2026-08-22T08:49:18.234Z,FALSE,"",11:15,FALSE
fare_DEL-BOM_AI_2026-08-23_T+1_1787389698951_bldm,DEL-BOM,EaseMyTrip,AI,AI-1711,2026-08-23,T+1,14216,3120,17336,2026-08-22T08:49:18.234Z,FALSE,"",10:25,FALSE
fare_DEL-BOM_AI_2026-08-23_T+1_1787389698951_ig1k,DEL-BOM,EaseMyTrip,AI,AI-817,2026-08-23,T+1,14440,3170,17610,2026-08-22T08:49:18.234Z,FALSE,"",05:55,FALSE
fare_DEL-BOM_AI_2026-08-23_T+1_1787389698951_p4dw,DEL-BOM,EaseMyTrip,AI,AI-2577,2026-08-23,T+1,14577,3200,17777,2026-08-22T08:49:18.234Z,FALSE,"",02:00,FALSE
fare_DEL-BOM_AI_2026-08-23_T+1_1787389698951_mjz6,DEL-BOM,EaseMyTrip,AI,AI-1706,2026-08-23,T+1,14577,3200,17777,2026-08-22T08:49:18.234Z,FALSE,"",23:00,FALSE
fare_DEL-BOM_6E_2026-08-23_T+1_1787389698951_ece2,DEL-BOM,EaseMyTrip,6E,6E-6601,2026-08-23,T+1,14512,3185,17697,2026-08-22T08:49:18.234Z,FALSE,"",19:45,FALSE
fare_DEL-BOM_6E_2026-08-23_T+1_1787389698951_7kwh,DEL-BOM,EaseMyTrip,6E,6E-5119,2026-08-23,T+1,14874,3265,18139,2026-08-22T08:49:18.234Z,FALSE,"",05:10,FALSE
fare_DEL-BOM_6E_2026-08-23_T+1_1787389698951_564m,DEL-BOM,EaseMyTrip,6E,6E-2013,2026-08-23,T+1,14874,3265,18139,2026-08-22T08:49:18.234Z,FALSE,"",21:50,FALSE
fare_DEL-BOM_AI_2026-08-23_T+1_1787389698951_1rwa,DEL-BOM,EaseMyTrip,AI,AI-9418,2026-08-23,T+1,15884,3487,19371,2026-08-22T08:49:18.234Z,FALSE,"",13:10,FALSE
fare_DEL-BOM_6E_2026-08-23_T+1_1787389698951_pr8g,DEL-BOM,EaseMyTrip,6E,6E-6212,2026-08-23,T+1,16436,3608,20044,2026-08-22T08:49:18.234Z,FALSE,"",14:45,FALSE
fare_DEL-BOM_6E_2026-08-23_T+1_1787389698951_c9ub,DEL-BOM,EaseMyTrip,6E,6E-7642,2026-08-23,T+1,16480,3617,20097,2026-08-22T08:49:18.234Z,FALSE,"",15:45,FALSE
fare_DEL-BOM_AI_2026-08-23_T+1_1787389698951_tve4,DEL-BOM,EaseMyTrip,AI,AI-2653,2026-08-23,T+1,16796,3687,20483,2026-08-22T08:49:18.234Z,FALSE,"",04:30,FALSE
fare_DEL-BOM_AI_2026-08-23_T+1_1787389698951_350k,DEL-BOM,EaseMyTrip,AI,AI-531,2026-08-23,T+1,16802,3688,20490,2026-08-22T08:49:18.234Z,FALSE,"",19:20,FALSE
fare_DEL-BOM_AI_2026-08-23_T+1_1787389698951_zx8b,DEL-BOM,EaseMyTrip,AI,AI-2907,2026-08-23,T+1,16927,3716,20643,2026-08-22T08:49:18.234Z,FALSE,"",11:55,FALSE
fare_DEL-BOM_6E_2026-08-23_T+1_1787389698951_pxf1,DEL-BOM,EaseMyTrip,6E,6E-2381,2026-08-23,T+1,17062,3745,20807,2026-08-22T08:49:18.234Z,FALSE,"",13:45,FALSE
fare_DEL-BOM_AI_2026-08-23_T+1_1787389698951_zkoj,DEL-BOM,EaseMyTrip,AI,AI-2627,2026-08-23,T+1,17377,3815,21192,2026-08-22T08:49:18.234Z,FALSE,"",10:45,FALSE
fare_DEL-BOM_6E_2026-08-23_T+1_1787389698951_doo6,DEL-BOM,EaseMyTrip,6E,6E-2076,2026-08-23,T+1,17745,3895,21640,2026-08-22T08:49:18.234Z,FALSE,"",07:30,FALSE
fare_DEL-BOM_6E_2026-08-23_T+1_1787389698951_ly95,DEL-BOM,EaseMyTrip,6E,6E-110,2026-08-23,T+1,17919,3934,21853,2026-08-22T08:49:18.234Z,FALSE,"",08:30,FALSE
fare_DEL-BOM_6E_2026-08-23_T+1_1787389698951_iqwy,DEL-BOM,EaseMyTrip,6E,6E-847,2026-08-23,T+1,17919,3934,21853,2026-08-22T08:49:18.234Z,FALSE,"",08:30,FALSE
fare_DEL-BOM_6E_2026-08-23_T+1_1787389698951_n4tt,DEL-BOM,EaseMyTrip,6E,6E-6282,2026-08-23,T+1,17919,3934,21853,2026-08-22T08:49:18.234Z,FALSE,"",13:30,FALSE
fare_DEL-BOM_AI_2026-08-23_T+1_1787389698951_ick6,DEL-BOM,EaseMyTrip,AI,AI-2525,2026-08-23,T+1,18285,4014,22299,2026-08-22T08:49:18.234Z,FALSE,"",06:00,FALSE
fare_DEL-BOM_6E_2026-08-23_T+1_1787389698951_x95h,DEL-BOM,EaseMyTrip,6E,6E-6293,2026-08-23,T+1,18215,3999,22214,2026-08-22T08:49:18.234Z,FALSE,"",09:55,FALSE
fare_DEL-BOM_IX_2026-08-23_T+1_1787389698951_wlrn,DEL-BOM,EaseMyTrip,IX,IX-1057,2026-08-23,T+1,18871,4142,23013,2026-08-22T08:49:18.234Z,FALSE,"",05:25,FALSE
fare_DEL-BOM_IX_2026-08-23_T+1_1787389698951_p3xy,DEL-BOM,EaseMyTrip,IX,IX-1003,2026-08-23,T+1,19128,4199,23327,2026-08-22T08:49:18.234Z,FALSE,"",19:10,FALSE
fare_DEL-BOM_AI_2026-08-23_T+1_1787389698951_ut8p,DEL-BOM,EaseMyTrip,AI,AI-9584,2026-08-23,T+1,19194,4213,23407,2026-08-22T08:49:18.234Z,FALSE,"",11:20,FALSE
fare_DEL-BOM_IX_2026-08-23_T+1_1787389698951_4j45,DEL-BOM,EaseMyTrip,IX,IX-1108,2026-08-23,T+1,19409,4260,23669,2026-08-22T08:49:18.234Z,FALSE,"",05:00,FALSE
fare_DEL-BOM_IX_2026-08-23_T+1_1787389698951_d21a,DEL-BOM,EaseMyTrip,IX,IX-1068,2026-08-23,T+1,20117,4416,24533,2026-08-22T08:49:18.234Z,FALSE,"",12:00,FALSE
fare_DEL-BOM_6E_2026-08-23_T+1_1787389698951_b1s0,DEL-BOM,EaseMyTrip,6E,6E-5073,2026-08-23,T+1,19890,4366,24256,2026-08-22T08:49:18.234Z,FALSE,"",17:05,FALSE
fare_DEL-BOM_AI_2026-08-23_T+1_1787389698951_k1o4,DEL-BOM,EaseMyTrip,AI,AI-2417,2026-08-23,T+1,20315,4459,24774,2026-08-22T08:49:18.234Z,FALSE,"",13:00,FALSE
fare_DEL-BOM_IX_2026-08-23_T+1_1787389698951_8uut,DEL-BOM,EaseMyTrip,IX,IX-1482,2026-08-23,T+1,20394,4477,24871,2026-08-22T08:49:18.234Z,FALSE,"",08:30,FALSE
fare_DEL-BOM_AI_2026-08-23_T+1_1787389698951_wgcw,DEL-BOM,EaseMyTrip,AI,AI-1779,2026-08-23,T+1,20397,4477,24874,2026-08-22T08:49:18.234Z,FALSE,"",13:55,FALSE
fare_DEL-BOM_AI_2026-08-23_T+1_1787389698951_dd7m,DEL-BOM,EaseMyTrip,AI,AI-2465,2026-08-23,T+1,20897,4587,25484,2026-08-22T08:49:18.234Z,FALSE,"",14:30,FALSE
fare_DEL-BOM_6E_2026-08-23_T+1_1787389698951_uc0w,DEL-BOM,EaseMyTrip,6E,6E-2341,2026-08-23,T+1,21214,4657,25871,2026-08-22T08:49:18.234Z,FALSE,"",14:50,FALSE
fare_DEL-BOM_6E_2026-08-23_T+1_1787389698951_por5,DEL-BOM,EaseMyTrip,6E,6E-2331,2026-08-23,T+1,21214,4657,25871,2026-08-22T08:49:18.234Z,FALSE,"",12:20,FALSE
fare_DEL-BOM_6E_2026-08-23_T+1_1787389698951_mjr8,DEL-BOM,EaseMyTrip,6E,6E-345,2026-08-23,T+1,23143,5080,28223,2026-08-22T08:49:18.234Z,TRUE,"High outlier: ₹28223 > upper fence ₹26997 (Q3: ₹15094, IQR: ₹7935)",12:15,FALSE
fare_DEL-BOM_6E_2026-08-23_T+1_1787389698951_w3fh,DEL-BOM,EaseMyTrip,6E,6E-518,2026-08-23,T+1,23143,5080,28223,2026-08-22T08:49:18.234Z,TRUE,"High outlier: ₹28223 > upper fence ₹26997 (Q3: ₹15094, IQR: ₹7935)",12:15,FALSE
fare_DEL-BOM_IX_2026-08-23_T+1_1787389698951_j4ps,DEL-BOM,EaseMyTrip,IX,IX-1070,2026-08-23,T+1,26779,5878,32657,2026-08-22T08:49:18.234Z,TRUE,"High outlier: ₹32657 > upper fence ₹26997 (Q3: ₹15094, IQR: ₹7935)",18:40,FALSE
fare_DEL-BOM_6E_2026-08-23_T+1_1787389698952_29u8,DEL-BOM,EaseMyTrip,6E,6E-811,2026-08-23,T+1,5355,1175,6530,2026-08-22T09:04:00.276Z,FALSE,"",08:45,TRUE
fare_DEL-BOM_6E_2026-08-23_T+1_1787389698952_mmnc,DEL-BOM,EaseMyTrip,6E,6E-199,2026-08-23,T+1,5355,1175,6530,2026-08-22T09:04:00.276Z,FALSE,"",08:45,TRUE
fare_DEL-BOM_6E_2026-08-23_T+1_1787389698952_wiuo,DEL-BOM,EaseMyTrip,6E,6E-280,2026-08-23,T+1,5355,1175,6530,2026-08-22T09:04:00.276Z,FALSE,"",08:00,TRUE
fare_DEL-BOM_6E_2026-08-23_T+1_1787389698952_0hnh,DEL-BOM,EaseMyTrip,6E,6E-859,2026-08-23,T+1,5355,1175,6530,2026-08-22T09:04:00.276Z,FALSE,"",08:00,TRUE
fare_DEL-BOM_6E_2026-08-23_T+1_1787389698952_899r,DEL-BOM,EaseMyTrip,6E,6E-852,2026-08-23,T+1,5656,1242,6898,2026-08-22T09:04:00.276Z,FALSE,"",23:30,TRUE
fare_DEL-BOM_6E_2026-08-23_T+1_1787389698952_gl39,DEL-BOM,EaseMyTrip,6E,6E-821,2026-08-23,T+1,5656,1242,6898,2026-08-22T09:04:00.276Z,FALSE,"",23:30,TRUE
fare_DEL-BOM_6E_2026-08-23_T+1_1787389698952_stvd,DEL-BOM,EaseMyTrip,6E,6E-577,2026-08-23,T+1,5656,1242,6898,2026-08-22T09:04:00.276Z,FALSE,"",16:15,TRUE
fare_DEL-BOM_6E_2026-08-23_T+1_1787389698952_810r,DEL-BOM,EaseMyTrip,6E,6E-355,2026-08-23,T+1,5656,1242,6898,2026-08-22T09:04:00.276Z,FALSE,"",16:15,TRUE
fare_DEL-BOM_6E_2026-08-23_T+1_1787389698952_t5di,DEL-BOM,EaseMyTrip,6E,6E-395,2026-08-23,T+1,5656,1242,6898,2026-08-22T09:04:00.276Z,FALSE,"",21:45,TRUE
fare_DEL-BOM_6E_2026-08-23_T+1_1787389698952_5ktw,DEL-BOM,EaseMyTrip,6E,6E-398,2026-08-23,T+1,5656,1242,6898,2026-08-22T09:04:00.276Z,FALSE,"",13:00,TRUE
fare_DEL-BOM_6E_2026-08-23_T+1_1787389698952_u29s,DEL-BOM,EaseMyTrip,6E,6E-171,2026-08-23,T+1,5656,1242,6898,2026-08-22T09:04:00.276Z,FALSE,"",13:00,TRUE
fare_DEL-BOM_6E_2026-08-23_T+1_1787389698952_h4pl,DEL-BOM,EaseMyTrip,6E,6E-151,2026-08-23,T+1,5871,1289,7160,2026-08-22T09:04:00.276Z,FALSE,"",20:45,TRUE
fare_DEL-BOM_6E_2026-08-23_T+1_1787389698952_e8wa,DEL-BOM,EaseMyTrip,6E,6E-768,2026-08-23,T+1,5871,1289,7160,2026-08-22T09:04:00.276Z,FALSE,"",20:45,TRUE
fare_DEL-BOM_6E_2026-08-23_T+1_1787389698952_hfys,DEL-BOM,EaseMyTrip,6E,6E-477,2026-08-23,T+1,5871,1289,7160,2026-08-22T09:04:00.276Z,FALSE,"",20:00,TRUE
fare_DEL-BOM_6E_2026-08-23_T+1_1787389698952_22um,DEL-BOM,EaseMyTrip,6E,6E-961,2026-08-23,T+1,5871,1289,7160,2026-08-22T09:04:00.276Z,FALSE,"",20:00,TRUE
fare_DEL-BOM_6E_2026-08-23_T+1_1787389698952_70bf,DEL-BOM,EaseMyTrip,6E,6E-454,2026-08-23,T+1,5871,1289,7160,2026-08-22T09:04:00.276Z,FALSE,"",19:00,TRUE
fare_DEL-BOM_6E_2026-08-23_T+1_1787389698952_isbu,DEL-BOM,EaseMyTrip,6E,6E-823,2026-08-23,T+1,5871,1289,7160,2026-08-22T09:04:00.276Z,FALSE,"",19:00,TRUE
fare_DEL-BOM_6E_2026-08-23_T+1_1787389698952_ycc0,DEL-BOM,EaseMyTrip,6E,6E-693,2026-08-23,T+1,5871,1289,7160,2026-08-22T09:04:00.276Z,FALSE,"",18:00,TRUE
fare_DEL-BOM_6E_2026-08-23_T+1_1787389698952_emdg,DEL-BOM,EaseMyTrip,6E,6E-858,2026-08-23,T+1,5871,1289,7160,2026-08-22T09:04:00.276Z,FALSE,"",18:00,TRUE
fare_DEL-BOM_6E_2026-08-23_T+1_1787389698952_6ynf,DEL-BOM,EaseMyTrip,6E,6E-551,2026-08-23,T+1,5914,1298,7212,2026-08-22T09:04:00.276Z,FALSE,"",20:20,TRUE
fare_DEL-BOM_6E_2026-08-23_T+1_1787389698952_vizy,DEL-BOM,EaseMyTrip,6E,6E-578,2026-08-23,T+1,5914,1298,7212,2026-08-22T09:04:00.276Z,FALSE,"",20:20,TRUE
fare_DEL-BOM_6E_2026-08-23_T+1_1787389698952_7f7o,DEL-BOM,EaseMyTrip,6E,6E-583,2026-08-23,T+1,6070,1333,7403,2026-08-22T09:04:00.276Z,FALSE,"",19:40,FALSE
fare_DEL-BOM_6E_2026-08-23_T+1_1787389698952_15hi,DEL-BOM,EaseMyTrip,6E,6E-212,2026-08-23,T+1,6070,1333,7403,2026-08-22T09:04:00.276Z,FALSE,"",19:40,FALSE
fare_DEL-BOM_6E_2026-08-23_T+1_1787389698952_6l7u,DEL-BOM,EaseMyTrip,6E,6E-146,2026-08-23,T+1,6130,1345,7475,2026-08-22T09:04:00.276Z,FALSE,"",15:30,TRUE
fare_DEL-BOM_6E_2026-08-23_T+1_1787389698952_jrua,DEL-BOM,EaseMyTrip,6E,6E-815,2026-08-23,T+1,6130,1345,7475,2026-08-22T09:04:00.276Z,FALSE,"",15:30,TRUE
fare_DEL-BOM_6E_2026-08-23_T+1_1787389698952_6f0i,DEL-BOM,EaseMyTrip,6E,6E-865,2026-08-23,T+1,8905,1955,10860,2026-08-22T09:04:00.276Z,FALSE,"",19:35,FALSE
fare_DEL-BOM_6E_2026-08-23_T+1_1787389698952_3ski,DEL-BOM,EaseMyTrip,6E,6E-533,2026-08-23,T+1,8905,1955,10860,2026-08-22T09:04:00.276Z,FALSE,"",19:35,FALSE
fare_DEL-BOM_6E_2026-08-23_T+1_1787389698952_stz0,DEL-BOM,EaseMyTrip,6E,6E-503,2026-08-23,T+1,10902,2393,13295,2026-08-22T09:04:00.276Z,FALSE,"",23:15,FALSE
fare_DEL-BOM_6E_2026-08-23_T+1_1787389698952_phnt,DEL-BOM,EaseMyTrip,6E,6E-716,2026-08-23,T+1,10902,2393,13295,2026-08-22T09:04:00.276Z,FALSE,"",23:15,FALSE
fare_DEL-BOM_6E_2026-08-23_T+1_1787389698952_4xki,DEL-BOM,EaseMyTrip,6E,6E-941,2026-08-23,T+1,17919,3934,21853,2026-08-22T09:04:00.276Z,FALSE,"",08:30,FALSE
fare_DEL-BOM_6E_2026-08-23_T+1_1787389698952_x9g9,DEL-BOM,EaseMyTrip,6E,6E-843,2026-08-23,T+1,17919,3934,21853,2026-08-22T09:04:00.276Z,FALSE,"",08:30,FALSE
fare_DEL-BOM_6E_2026-08-23_T+1_1787389698952_0any,DEL-BOM,EaseMyTrip,6E,6E-495,2026-08-23,T+1,23143,5080,28223,2026-08-22T09:04:00.276Z,TRUE,"High outlier: ₹28223 > upper fence ₹26997 (Q3: ₹15094, IQR: ₹7935)",12:15,FALSE
fare_DEL-BOM_6E_2026-08-23_T+1_1787389698952_g3z1,DEL-BOM,EaseMyTrip,6E,6E-196,2026-08-23,T+1,23143,5080,28223,2026-08-22T09:04:00.276Z,TRUE,"High outlier: ₹28223 > upper fence ₹26997 (Q3: ₹15094, IQR: ₹7935)",12:15,FALSE
fare_DEL-BOM_6E_2026-08-23_T+1_1787389698955_ygg7,DEL-BOM,IndiGo,6E,6E-501,2026-08-23,T+1,4772,1048,5820,2026-08-22T05:06:34.648Z,FALSE,"",07:00,TRUE
fare_DEL-BOM_6E_2026-08-29_T+7_1787389698952_wztp,DEL-BOM,EaseMyTrip,6E,6E-501,2026-08-29,T+7,4128,906,5034,2026-08-22T05:06:35.385Z,FALSE,"",07:00,TRUE
fare_DEL-BOM_IX_2026-08-29_T+7_1787389698952_75lw,DEL-BOM,EaseMyTrip,IX,IX-2146,2026-08-29,T+7,5077,1114,6191,2026-08-22T08:49:24.134Z,FALSE,"",06:20,FALSE
fare_DEL-BOM_SG_2026-08-29_T+7_1787389698952_0l5g,DEL-BOM,EaseMyTrip,SG,SG-497,2026-08-29,T+7,5255,1153,6408,2026-08-22T08:49:24.134Z,FALSE,"",14:30,TRUE
fare_DEL-BOM_SG_2026-08-29_T+7_1787389698952_ial9,DEL-BOM,EaseMyTrip,SG,SG-733,2026-08-29,T+7,5255,1153,6408,2026-08-22T08:49:24.134Z,FALSE,"",14:30,TRUE
fare_DEL-BOM_SG_2026-08-29_T+7_1787389698952_11xi,DEL-BOM,EaseMyTrip,SG,SG-311,2026-08-29,T+7,5255,1153,6408,2026-08-22T08:49:24.134Z,FALSE,"",18:35,TRUE
fare_DEL-BOM_SG_2026-08-29_T+7_1787389698952_6tpt,DEL-BOM,EaseMyTrip,SG,SG-489,2026-08-29,T+7,5255,1153,6408,2026-08-22T08:49:24.134Z,FALSE,"",18:35,TRUE
fare_DEL-BOM_SG_2026-08-29_T+7_1787389698952_lb5d,DEL-BOM,EaseMyTrip,SG,SG-408,2026-08-29,T+7,5255,1153,6408,2026-08-22T08:49:24.134Z,FALSE,"",22:30,TRUE
fare_DEL-BOM_SG_2026-08-29_T+7_1787389698952_j7di,DEL-BOM,EaseMyTrip,SG,SG-654,2026-08-29,T+7,5255,1153,6408,2026-08-22T08:49:24.134Z,FALSE,"",22:30,TRUE
fare_DEL-BOM_IX_2026-08-29_T+7_1787389698952_d3hb,DEL-BOM,EaseMyTrip,IX,IX-1038,2026-08-29,T+7,5354,1175,6529,2026-08-22T08:49:24.134Z,FALSE,"",18:40,TRUE
fare_DEL-BOM_IX_2026-08-29_T+7_1787389698952_kd8m,DEL-BOM,EaseMyTrip,IX,IX-1605,2026-08-29,T+7,5354,1175,6529,2026-08-22T08:49:24.134Z,FALSE,"",06:00,TRUE
fare_DEL-BOM_IX_2026-08-29_T+7_1787389698952_abse,DEL-BOM,EaseMyTrip,IX,IX-1395,2026-08-29,T+7,5354,1175,6529,2026-08-22T08:49:24.134Z,FALSE,"",19:20,TRUE
fare_DEL-BOM_6E_2026-08-29_T+7_1787389698952_v3a3,DEL-BOM,EaseMyTrip,6E,6E-5096,2026-08-29,T+7,5282,1160,6442,2026-08-22T08:49:24.134Z,FALSE,"",17:00,TRUE
fare_DEL-BOM_6E_2026-08-29_T+7_1787389698952_p7b9,DEL-BOM,EaseMyTrip,6E,6E-356,2026-08-29,T+7,5354,1175,6529,2026-08-22T08:49:24.134Z,FALSE,"",20:20,TRUE
fare_DEL-BOM_6E_2026-08-29_T+7_1787389698952_oiem,DEL-BOM,EaseMyTrip,6E,6E-410,2026-08-29,T+7,5354,1175,6529,2026-08-22T08:49:24.134Z,FALSE,"",20:20,TRUE
fare_DEL-BOM_6E_2026-08-29_T+7_1787389698952_x4ak,DEL-BOM,EaseMyTrip,6E,6E-6470,2026-08-29,T+7,5354,1175,6529,2026-08-22T08:49:24.134Z,FALSE,"",06:55,TRUE
fare_DEL-BOM_QP_2026-08-29_T+7_1787389698952_t4po,DEL-BOM,EaseMyTrip,QP,QP-1820,2026-08-29,T+7,5355,1175,6530,2026-08-22T08:49:24.134Z,FALSE,"",17:30,TRUE
fare_DEL-BOM_QP_2026-08-29_T+7_1787389698952_pk4p,DEL-BOM,EaseMyTrip,QP,QP-1128,2026-08-29,T+7,5355,1175,6530,2026-08-22T08:49:24.134Z,FALSE,"",16:00,TRUE
fare_DEL-BOM_QP_2026-08-29_T+7_1787389698952_w4k3,DEL-BOM,EaseMyTrip,QP,QP-1836,2026-08-29,T+7,5355,1175,6530,2026-08-22T08:49:24.134Z,FALSE,"",12:05,TRUE
fare_DEL-BOM_6E_2026-08-29_T+7_1787389698952_sj1o,DEL-BOM,EaseMyTrip,6E,6E-6706,2026-08-29,T+7,5355,1175,6530,2026-08-22T08:49:24.134Z,FALSE,"",17:00,TRUE
fare_DEL-BOM_6E_2026-08-29_T+7_1787389698952_t0gh,DEL-BOM,EaseMyTrip,6E,6E-156,2026-08-29,T+7,5355,1175,6530,2026-08-22T08:49:24.134Z,FALSE,"",16:15,TRUE
fare_DEL-BOM_6E_2026-08-29_T+7_1787389698952_d1pk,DEL-BOM,EaseMyTrip,6E,6E-230,2026-08-29,T+7,5355,1175,6530,2026-08-22T08:49:24.134Z,FALSE,"",16:15,TRUE
fare_DEL-BOM_6E_2026-08-29_T+7_1787389698952_s594,DEL-BOM,EaseMyTrip,6E,6E-970,2026-08-29,T+7,5355,1175,6530,2026-08-22T08:49:24.134Z,FALSE,"",15:30,TRUE
fare_DEL-BOM_6E_2026-08-29_T+7_1787389698952_kwsd,DEL-BOM,EaseMyTrip,6E,6E-127,2026-08-29,T+7,5355,1175,6530,2026-08-22T08:49:24.134Z,FALSE,"",15:30,TRUE
fare_DEL-BOM_6E_2026-08-29_T+7_1787389698952_w2ti,DEL-BOM,EaseMyTrip,6E,6E-6022,2026-08-29,T+7,5355,1175,6530,2026-08-22T08:49:24.134Z,FALSE,"",14:00,TRUE
fare_DEL-BOM_6E_2026-08-29_T+7_1787389698952_pypj,DEL-BOM,EaseMyTrip,6E,6E-6318,2026-08-29,T+7,5355,1175,6530,2026-08-22T08:49:24.134Z,FALSE,"",14:45,TRUE
fare_DEL-BOM_6E_2026-08-29_T+7_1787389698952_ekc1,DEL-BOM,EaseMyTrip,6E,6E-941,2026-08-29,T+7,5355,1175,6530,2026-08-22T08:49:24.134Z,FALSE,"",08:45,TRUE
fare_DEL-BOM_6E_2026-08-29_T+7_1787389698952_txq8,DEL-BOM,EaseMyTrip,6E,6E-994,2026-08-29,T+7,5355,1175,6530,2026-08-22T08:49:24.134Z,FALSE,"",08:45,TRUE
fare_DEL-BOM_6E_2026-08-29_T+7_1787389698952_0okn,DEL-BOM,EaseMyTrip,6E,6E-6328,2026-08-29,T+7,5355,1175,6530,2026-08-22T08:49:24.134Z,FALSE,"",10:15,TRUE
fare_DEL-BOM_6E_2026-08-29_T+7_1787389698952_pc9t,DEL-BOM,EaseMyTrip,6E,6E-6047,2026-08-29,T+7,5355,1175,6530,2026-08-22T08:49:24.134Z,FALSE,"",11:00,TRUE
fare_DEL-BOM_6E_2026-08-29_T+7_1787389698952_dmqo,DEL-BOM,EaseMyTrip,6E,6E-6676,2026-08-29,T+7,5355,1175,6530,2026-08-22T08:49:24.134Z,FALSE,"",12:00,TRUE
fare_DEL-BOM_6E_2026-08-29_T+7_1787389698952_4dw6,DEL-BOM,EaseMyTrip,6E,6E-575,2026-08-29,T+7,5355,1175,6530,2026-08-22T08:49:24.134Z,FALSE,"",13:00,TRUE
fare_DEL-BOM_6E_2026-08-29_T+7_1787389698952_03xa,DEL-BOM,EaseMyTrip,6E,6E-341,2026-08-29,T+7,5355,1175,6530,2026-08-22T08:49:24.134Z,FALSE,"",13:00,TRUE
fare_DEL-BOM_6E_2026-08-29_T+7_1787389698952_vvw0,DEL-BOM,EaseMyTrip,6E,6E-6107,2026-08-29,T+7,5355,1175,6530,2026-08-22T08:49:24.134Z,FALSE,"",09:30,TRUE
fare_DEL-BOM_QP_2026-08-29_T+7_1787389698952_dkcy,DEL-BOM,EaseMyTrip,QP,QP-1940,2026-08-29,T+7,5427,1191,6618,2026-08-22T08:49:24.134Z,FALSE,"",14:10,TRUE
fare_DEL-BOM_QP_2026-08-29_T+7_1787389698952_dgps,DEL-BOM,EaseMyTrip,QP,QP-1942,2026-08-29,T+7,5427,1191,6618,2026-08-22T08:49:24.134Z,FALSE,"",21:05,TRUE
fare_DEL-BOM_6E_2026-08-29_T+7_1787389698952_l6d7,DEL-BOM,EaseMyTrip,6E,6E-5198,2026-08-29,T+7,5427,1191,6618,2026-08-22T08:49:24.134Z,FALSE,"",15:00,TRUE
fare_DEL-BOM_6E_2026-08-29_T+7_1787389698952_docl,DEL-BOM,EaseMyTrip,6E,6E-599,2026-08-29,T+7,5484,1204,6688,2026-08-22T08:49:24.134Z,FALSE,"",05:00,TRUE
fare_DEL-BOM_6E_2026-08-29_T+7_1787389698952_xtvs,DEL-BOM,EaseMyTrip,6E,6E-641,2026-08-29,T+7,5484,1204,6688,2026-08-22T08:49:24.134Z,FALSE,"",05:00,TRUE
fare_DEL-BOM_6E_2026-08-29_T+7_1787389698952_rpxd,DEL-BOM,EaseMyTrip,6E,6E-519,2026-08-29,T+7,5484,1204,6688,2026-08-22T08:49:24.134Z,FALSE,"",23:30,TRUE
fare_DEL-BOM_6E_2026-08-29_T+7_1787389698952_gqon,DEL-BOM,EaseMyTrip,6E,6E-670,2026-08-29,T+7,5484,1204,6688,2026-08-22T08:49:24.134Z,FALSE,"",23:30,TRUE
fare_DEL-BOM_6E_2026-08-29_T+7_1787389698952_3z0y,DEL-BOM,EaseMyTrip,6E,6E-6114,2026-08-29,T+7,5484,1204,6688,2026-08-22T08:49:24.134Z,FALSE,"",22:45,TRUE
fare_DEL-BOM_6E_2026-08-29_T+7_1787389698952_h9zo,DEL-BOM,EaseMyTrip,6E,6E-794,2026-08-29,T+7,5484,1204,6688,2026-08-22T08:49:24.134Z,FALSE,"",21:45,TRUE
fare_DEL-BOM_6E_2026-08-29_T+7_1787389698952_1ns1,DEL-BOM,EaseMyTrip,6E,6E-245,2026-08-29,T+7,5484,1204,6688,2026-08-22T08:49:24.134Z,FALSE,"",21:45,TRUE
fare_DEL-BOM_6E_2026-08-29_T+7_1787389698952_u4dm,DEL-BOM,EaseMyTrip,6E,6E-701,2026-08-29,T+7,5484,1204,6688,2026-08-22T08:49:24.134Z,FALSE,"",20:00,TRUE
fare_DEL-BOM_6E_2026-08-29_T+7_1787389698952_305b,DEL-BOM,EaseMyTrip,6E,6E-172,2026-08-29,T+7,5484,1204,6688,2026-08-22T08:49:24.134Z,FALSE,"",20:00,TRUE
fare_DEL-BOM_6E_2026-08-29_T+7_1787389698952_z3ug,DEL-BOM,EaseMyTrip,6E,6E-939,2026-08-29,T+7,5484,1204,6688,2026-08-22T08:49:24.134Z,FALSE,"",19:00,TRUE
fare_DEL-BOM_6E_2026-08-29_T+7_1787389698952_dyiy,DEL-BOM,EaseMyTrip,6E,6E-466,2026-08-29,T+7,5484,1204,6688,2026-08-22T08:49:24.134Z,FALSE,"",19:00,TRUE
fare_DEL-BOM_6E_2026-08-29_T+7_1787389698952_vs77,DEL-BOM,EaseMyTrip,6E,6E-750,2026-08-29,T+7,5484,1204,6688,2026-08-22T08:49:24.134Z,FALSE,"",18:00,TRUE
fare_DEL-BOM_6E_2026-08-29_T+7_1787389698952_txol,DEL-BOM,EaseMyTrip,6E,6E-590,2026-08-29,T+7,5484,1204,6688,2026-08-22T08:49:24.134Z,FALSE,"",18:00,TRUE
fare_DEL-BOM_6E_2026-08-29_T+7_1787389698952_1wvy,DEL-BOM,EaseMyTrip,6E,6E-6218,2026-08-29,T+7,5484,1204,6688,2026-08-22T08:49:24.134Z,FALSE,"",06:05,TRUE
fare_DEL-BOM_6E_2026-08-29_T+7_1787389698952_0jgg,DEL-BOM,EaseMyTrip,6E,6E-454,2026-08-29,T+7,5484,1204,6688,2026-08-22T08:49:24.134Z,FALSE,"",08:00,TRUE
fare_DEL-BOM_6E_2026-08-29_T+7_1787389698952_yet7,DEL-BOM,EaseMyTrip,6E,6E-515,2026-08-29,T+7,5484,1204,6688,2026-08-22T08:49:24.134Z,FALSE,"",08:00,TRUE
fare_DEL-BOM_6E_2026-08-29_T+7_1787389698952_ss6i,DEL-BOM,EaseMyTrip,6E,6E-6814,2026-08-29,T+7,5484,1204,6688,2026-08-22T08:49:24.134Z,FALSE,"",07:15,TRUE
fare_DEL-BOM_AI_2026-08-29_T+7_1787389698952_nnjm,DEL-BOM,EaseMyTrip,AI,AI-2963,2026-08-29,T+7,5740,1260,7000,2026-08-22T08:49:24.134Z,FALSE,"",09:00,TRUE
fare_DEL-BOM_AI_2026-08-29_T+7_1787389698952_phfl,DEL-BOM,EaseMyTrip,AI,AI-2425,2026-08-29,T+7,5740,1260,7000,2026-08-22T08:49:24.134Z,FALSE,"",10:30,TRUE
fare_DEL-BOM_AI_2026-08-29_T+7_1787389698952_63fz,DEL-BOM,EaseMyTrip,AI,AI-2941,2026-08-29,T+7,5740,1260,7000,2026-08-22T08:49:24.134Z,FALSE,"",16:30,TRUE
fare_DEL-BOM_AI_2026-08-29_T+7_1787389698952_lzu9,DEL-BOM,EaseMyTrip,AI,AI-2981,2026-08-29,T+7,5740,1260,7000,2026-08-22T08:49:24.134Z,FALSE,"",21:00,TRUE
fare_DEL-BOM_AI_2026-08-29_T+7_1787389698952_7y5l,DEL-BOM,EaseMyTrip,AI,AI-1785,2026-08-29,T+7,5740,1260,7000,2026-08-22T08:49:24.134Z,FALSE,"",12:00,TRUE
fare_DEL-BOM_AI_2026-08-29_T+7_1787389698952_xn14,DEL-BOM,EaseMyTrip,AI,AI-1777,2026-08-29,T+7,5740,1260,7000,2026-08-22T08:49:24.134Z,FALSE,"",16:00,TRUE
fare_DEL-BOM_AI_2026-08-29_T+7_1787389698952_bjsf,DEL-BOM,EaseMyTrip,AI,AI-441,2026-08-29,T+7,5740,1260,7000,2026-08-22T08:49:24.134Z,FALSE,"",17:00,TRUE
fare_DEL-BOM_AI_2026-08-29_T+7_1787389698952_mtye,DEL-BOM,EaseMyTrip,AI,AI-2751,2026-08-29,T+7,5740,1260,7000,2026-08-22T08:49:24.134Z,FALSE,"",17:30,TRUE
fare_DEL-BOM_AI_2026-08-29_T+7_1787389698952_4jff,DEL-BOM,EaseMyTrip,AI,AI-2927,2026-08-29,T+7,5740,1260,7000,2026-08-22T08:49:24.134Z,FALSE,"",09:30,TRUE
fare_DEL-BOM_QP_2026-08-29_T+7_1787389698952_aj94,DEL-BOM,EaseMyTrip,QP,QP-1833,2026-08-29,T+7,5652,1241,6893,2026-08-22T08:49:24.134Z,FALSE,"",06:50,TRUE
fare_DEL-BOM_QP_2026-08-29_T+7_1787389698952_w6lc,DEL-BOM,EaseMyTrip,QP,QP-1112,2026-08-29,T+7,5652,1241,6893,2026-08-22T08:49:24.134Z,FALSE,"",09:20,TRUE
fare_DEL-BOM_AI_2026-08-29_T+7_1787389698952_jjei,DEL-BOM,EaseMyTrip,AI,AI-2975,2026-08-29,T+7,5870,1289,7159,2026-08-22T08:49:24.134Z,FALSE,"",06:30,TRUE
fare_DEL-BOM_AI_2026-08-29_T+7_1787389698952_o2yp,DEL-BOM,EaseMyTrip,AI,AI-1745,2026-08-29,T+7,5870,1289,7159,2026-08-22T08:49:24.134Z,FALSE,"",05:30,TRUE
fare_DEL-BOM_AI_2026-08-29_T+7_1787389698952_28kf,DEL-BOM,EaseMyTrip,AI,AI-2429,2026-08-29,T+7,5870,1289,7159,2026-08-22T08:49:24.134Z,FALSE,"",07:00,TRUE
fare_DEL-BOM_AI_2026-08-29_T+7_1787389698952_xmas,DEL-BOM,EaseMyTrip,AI,AI-2943,2026-08-29,T+7,5870,1289,7159,2026-08-22T08:49:24.134Z,FALSE,"",07:30,TRUE
fare_DEL-BOM_AI_2026-08-29_T+7_1787389698952_c0le,DEL-BOM,EaseMyTrip,AI,AI-2933,2026-08-29,T+7,5870,1289,7159,2026-08-22T08:49:24.134Z,FALSE,"",15:30,TRUE
fare_DEL-BOM_AI_2026-08-29_T+7_1787389698952_nxxj,DEL-BOM,EaseMyTrip,AI,AI-2955,2026-08-29,T+7,5870,1289,7159,2026-08-22T08:49:24.134Z,FALSE,"",18:00,TRUE
fare_DEL-BOM_AI_2026-08-29_T+7_1787389698952_qt6c,DEL-BOM,EaseMyTrip,AI,AI-2977,2026-08-29,T+7,5870,1289,7159,2026-08-22T08:49:24.134Z,FALSE,"",19:00,TRUE
fare_DEL-BOM_AI_2026-08-29_T+7_1787389698952_pefi,DEL-BOM,EaseMyTrip,AI,AI-2985,2026-08-29,T+7,5870,1289,7159,2026-08-22T08:49:24.134Z,FALSE,"",19:30,TRUE
fare_DEL-BOM_AI_2026-08-29_T+7_1787389698952_eqmh,DEL-BOM,EaseMyTrip,AI,AI-2433,2026-08-29,T+7,5870,1289,7159,2026-08-22T08:49:24.134Z,FALSE,"",21:30,TRUE
fare_DEL-BOM_AI_2026-08-29_T+7_1787389698952_ov62,DEL-BOM,EaseMyTrip,AI,AI-2999,2026-08-29,T+7,5870,1289,7159,2026-08-22T08:49:24.134Z,FALSE,"",22:00,TRUE
fare_DEL-BOM_AI_2026-08-29_T+7_1787389698952_19ql,DEL-BOM,EaseMyTrip,AI,AI-2437,2026-08-29,T+7,5870,1289,7159,2026-08-22T08:49:24.134Z,FALSE,"",22:30,TRUE
fare_DEL-BOM_AI_2026-08-29_T+7_1787389698952_ok0a,DEL-BOM,EaseMyTrip,AI,AI-2439,2026-08-29,T+7,5870,1289,7159,2026-08-22T08:49:24.134Z,FALSE,"",23:00,TRUE
fare_DEL-BOM_AI_2026-08-29_T+7_1787389698952_4rg8,DEL-BOM,EaseMyTrip,AI,AI-2615,2026-08-29,T+7,5870,1289,7159,2026-08-22T08:49:24.134Z,FALSE,"",02:45,TRUE
fare_DEL-BOM_AI_2026-08-29_T+7_1787389698952_yda3,DEL-BOM,EaseMyTrip,AI,AI-2441,2026-08-29,T+7,5870,1289,7159,2026-08-22T08:49:24.134Z,FALSE,"",18:25,TRUE
fare_DEL-BOM_AI_2026-08-29_T+7_1787389698952_m6c0,DEL-BOM,EaseMyTrip,AI,AI-2957,2026-08-29,T+7,5870,1289,7159,2026-08-22T08:49:24.134Z,FALSE,"",20:30,TRUE
fare_DEL-BOM_QP_2026-08-29_T+7_1787389698952_e2pt,DEL-BOM,EaseMyTrip,QP,QP-1110,2026-08-29,T+7,5756,1263,7019,2026-08-22T08:49:24.134Z,FALSE,"",10:30,TRUE
fare_DEL-BOM_QP_2026-08-29_T+7_1787389698952_uhi2,DEL-BOM,EaseMyTrip,QP,QP-1119,2026-08-29,T+7,5756,1263,7019,2026-08-22T08:49:24.134Z,FALSE,"",08:40,TRUE
fare_DEL-BOM_QP_2026-08-29_T+7_1787389698952_vb3l,DEL-BOM,EaseMyTrip,QP,QP-1826,2026-08-29,T+7,5756,1263,7019,2026-08-22T08:49:24.134Z,FALSE,"",19:55,TRUE
fare_DEL-BOM_6E_2026-08-29_T+7_1787389698952_qr5u,DEL-BOM,EaseMyTrip,6E,6E-6190,2026-08-29,T+7,5920,1299,7219,2026-08-22T08:49:24.134Z,FALSE,"",07:40,FALSE
fare_DEL-BOM_6E_2026-08-29_T+7_1787389698952_ahsl,DEL-BOM,EaseMyTrip,6E,6E-473,2026-08-29,T+7,5920,1299,7219,2026-08-22T08:49:24.134Z,FALSE,"",10:00,FALSE
fare_DEL-BOM_6E_2026-08-29_T+7_1787389698952_6bhq,DEL-BOM,EaseMyTrip,6E,6E-831,2026-08-29,T+7,5920,1299,7219,2026-08-22T08:49:24.134Z,FALSE,"",10:00,FALSE
fare_DEL-BOM_6E_2026-08-29_T+7_1787389698952_a472,DEL-BOM,EaseMyTrip,6E,6E-2076,2026-08-29,T+7,5920,1299,7219,2026-08-22T08:49:24.134Z,FALSE,"",07:30,FALSE
fare_DEL-BOM_6E_2026-08-29_T+7_1787389698952_724s,DEL-BOM,EaseMyTrip,6E,6E-5014,2026-08-29,T+7,5963,1309,7272,2026-08-22T08:49:24.134Z,FALSE,"",18:30,FALSE
fare_DEL-BOM_6E_2026-08-29_T+7_1787389698952_4zrp,DEL-BOM,EaseMyTrip,6E,6E-6171,2026-08-29,T+7,5963,1309,7272,2026-08-22T08:49:24.134Z,FALSE,"",05:40,FALSE
fare_DEL-BOM_6E_2026-08-29_T+7_1787389698952_pnm8,DEL-BOM,EaseMyTrip,6E,6E-6983,2026-08-29,T+7,5963,1309,7272,2026-08-22T08:49:24.134Z,FALSE,"",15:35,FALSE
fare_DEL-BOM_6E_2026-08-29_T+7_1787389698952_52re,DEL-BOM,EaseMyTrip,6E,6E-6261,2026-08-29,T+7,5963,1309,7272,2026-08-22T08:49:24.134Z,FALSE,"",00:15,FALSE
fare_DEL-BOM_6E_2026-08-29_T+7_1787389698952_s29o,DEL-BOM,EaseMyTrip,6E,6E-2331,2026-08-29,T+7,5963,1309,7272,2026-08-22T08:49:24.134Z,FALSE,"",12:20,FALSE
fare_DEL-BOM_6E_2026-08-29_T+7_1787389698952_zu78,DEL-BOM,EaseMyTrip,6E,6E-6490,2026-08-29,T+7,6027,1323,7350,2026-08-22T08:49:24.134Z,FALSE,"",04:55,FALSE
fare_DEL-BOM_SG_2026-08-29_T+7_1787389698952_wc2u,DEL-BOM,EaseMyTrip,SG,SG-450,2026-08-29,T+7,6846,1503,8349,2026-08-22T08:49:24.134Z,FALSE,"",09:15,TRUE
fare_DEL-BOM_SG_2026-08-29_T+7_1787389698952_hfqe,DEL-BOM,EaseMyTrip,SG,SG-976,2026-08-29,T+7,6846,1503,8349,2026-08-22T08:49:24.134Z,FALSE,"",09:15,TRUE
fare_DEL-BOM_6E_2026-08-29_T+7_1787389698952_0b52,DEL-BOM,EaseMyTrip,6E,6E-2249,2026-08-29,T+7,6070,1333,7403,2026-08-22T08:49:24.134Z,FALSE,"",15:00,FALSE
fare_DEL-BOM_6E_2026-08-29_T+7_1787389698952_zd4y,DEL-BOM,EaseMyTrip,6E,6E-5138,2026-08-29,T+7,6070,1333,7403,2026-08-22T08:49:24.134Z,FALSE,"",19:10,FALSE
fare_DEL-BOM_6E_2026-08-29_T+7_1787389698952_343y,DEL-BOM,EaseMyTrip,6E,6E-2169,2026-08-29,T+7,6070,1333,7403,2026-08-22T08:49:24.134Z,FALSE,"",19:40,FALSE
fare_DEL-BOM_6E_2026-08-29_T+7_1787389698952_idds,DEL-BOM,EaseMyTrip,6E,6E-6443,2026-08-29,T+7,6070,1333,7403,2026-08-22T08:49:24.134Z,FALSE,"",09:00,FALSE
fare_DEL-BOM_6E_2026-08-29_T+7_1787389698952_g563,DEL-BOM,EaseMyTrip,6E,6E-6312,2026-08-29,T+7,6070,1333,7403,2026-08-22T08:49:24.134Z,FALSE,"",14:25,FALSE
fare_DEL-BOM_6E_2026-08-29_T+7_1787389698952_ujwv,DEL-BOM,EaseMyTrip,6E,6E-6433,2026-08-29,T+7,6070,1333,7403,2026-08-22T08:49:24.134Z,FALSE,"",16:30,FALSE
fare_DEL-BOM_6E_2026-08-29_T+7_1787389698952_8bfr,DEL-BOM,EaseMyTrip,6E,6E-6459,2026-08-29,T+7,6070,1333,7403,2026-08-22T08:49:24.134Z,FALSE,"",05:55,FALSE
fare_DEL-BOM_6E_2026-08-29_T+7_1787389698952_ffib,DEL-BOM,EaseMyTrip,6E,6E-6479,2026-08-29,T+7,6135,1347,7482,2026-08-22T08:49:24.134Z,FALSE,"",21:25,FALSE
fare_DEL-BOM_6E_2026-08-29_T+7_1787389698952_gyp2,DEL-BOM,EaseMyTrip,6E,6E-5298,2026-08-29,T+7,6135,1347,7482,2026-08-22T08:49:24.134Z,FALSE,"",09:00,FALSE
fare_DEL-BOM_6E_2026-08-29_T+7_1787389698952_k6el,DEL-BOM,EaseMyTrip,6E,6E-5038,2026-08-29,T+7,6135,1347,7482,2026-08-22T08:49:24.134Z,FALSE,"",14:00,FALSE
fare_DEL-BOM_6E_2026-08-29_T+7_1787389698952_vhuc,DEL-BOM,EaseMyTrip,6E,6E-6050,2026-08-29,T+7,6135,1347,7482,2026-08-22T08:49:24.134Z,FALSE,"",08:15,FALSE
fare_DEL-BOM_6E_2026-08-29_T+7_1787389698952_vhh2,DEL-BOM,EaseMyTrip,6E,6E-2147,2026-08-29,T+7,6135,1347,7482,2026-08-22T08:49:24.134Z,FALSE,"",11:10,FALSE
fare_DEL-BOM_6E_2026-08-29_T+7_1787389698952_dh9t,DEL-BOM,EaseMyTrip,6E,6E-5206,2026-08-29,T+7,6135,1347,7482,2026-08-22T08:49:24.134Z,FALSE,"",13:20,FALSE
fare_DEL-BOM_IX_2026-08-29_T+7_1787389698952_u77m,DEL-BOM,EaseMyTrip,IX,IX-1056,2026-08-29,T+7,6387,1402,7789,2026-08-22T08:49:24.134Z,FALSE,"",17:50,TRUE
fare_DEL-BOM_6E_2026-08-29_T+7_1787389698952_dl4q,DEL-BOM,EaseMyTrip,6E,6E-5119,2026-08-29,T+7,6240,1370,7610,2026-08-22T08:49:24.134Z,FALSE,"",05:10,FALSE
fare_DEL-BOM_6E_2026-08-29_T+7_1787389698952_zoh2,DEL-BOM,EaseMyTrip,6E,6E-6601,2026-08-29,T+7,6243,1370,7613,2026-08-22T08:49:24.134Z,FALSE,"",19:45,FALSE
fare_DEL-BOM_6E_2026-08-29_T+7_1787389698952_w5wz,DEL-BOM,EaseMyTrip,6E,6E-214,2026-08-29,T+7,6243,1370,7613,2026-08-22T08:49:24.134Z,FALSE,"",02:25,FALSE
fare_DEL-BOM_6E_2026-08-29_T+7_1787389698952_ay7x,DEL-BOM,EaseMyTrip,6E,6E-905,2026-08-29,T+7,6243,1370,7613,2026-08-22T08:49:24.134Z,FALSE,"",02:25,FALSE
fare_DEL-BOM_6E_2026-08-29_T+7_1787389698952_za56,DEL-BOM,EaseMyTrip,6E,6E-820,2026-08-29,T+7,6243,1370,7613,2026-08-22T08:49:24.134Z,FALSE,"",23:15,FALSE
fare_DEL-BOM_6E_2026-08-29_T+7_1787389698952_mmb9,DEL-BOM,EaseMyTrip,6E,6E-553,2026-08-29,T+7,6243,1370,7613,2026-08-22T08:49:24.134Z,FALSE,"",23:15,FALSE
fare_DEL-BOM_6E_2026-08-29_T+7_1787389698952_6jar,DEL-BOM,EaseMyTrip,6E,6E-6497,2026-08-29,T+7,6243,1370,7613,2026-08-22T08:49:24.134Z,FALSE,"",18:45,FALSE
fare_DEL-BOM_6E_2026-08-29_T+7_1787389698952_jhlc,DEL-BOM,EaseMyTrip,6E,6E-6293,2026-08-29,T+7,6243,1370,7613,2026-08-22T08:49:24.134Z,FALSE,"",09:55,FALSE
fare_DEL-BOM_6E_2026-08-29_T+7_1787389698952_kca8,DEL-BOM,EaseMyTrip,6E,6E-381,2026-08-29,T+7,6307,1385,7692,2026-08-22T08:49:24.134Z,FALSE,"",19:30,FALSE
fare_DEL-BOM_6E_2026-08-29_T+7_1787389698952_8byz,DEL-BOM,EaseMyTrip,6E,6E-659,2026-08-29,T+7,6307,1385,7692,2026-08-22T08:49:24.134Z,FALSE,"",19:30,FALSE
fare_DEL-BOM_6E_2026-08-29_T+7_1787389698952_fx8w,DEL-BOM,EaseMyTrip,6E,6E-2341,2026-08-29,T+7,6380,1400,7780,2026-08-22T08:49:24.134Z,FALSE,"",14:50,FALSE
fare_DEL-BOM_6E_2026-08-29_T+7_1787389698952_om9f,DEL-BOM,EaseMyTrip,6E,6E-878,2026-08-29,T+7,6380,1400,7780,2026-08-22T08:49:24.134Z,FALSE,"",10:00,FALSE
fare_DEL-BOM_6E_2026-08-29_T+7_1787389698952_aow4,DEL-BOM,EaseMyTrip,6E,6E-2571,2026-08-29,T+7,6831,1500,8331,2026-08-22T08:49:24.134Z,FALSE,"",12:30,FALSE
fare_DEL-BOM_6E_2026-08-29_T+7_1787389698952_5l3n,DEL-BOM,EaseMyTrip,6E,6E-2013,2026-08-29,T+7,6976,1531,8507,2026-08-22T08:49:24.134Z,FALSE,"",21:50,FALSE
fare_DEL-BOM_6E_2026-08-29_T+7_1787389698952_y2l0,DEL-BOM,EaseMyTrip,6E,6E-7646,2026-08-29,T+7,7234,1588,8822,2026-08-22T08:49:24.134Z,FALSE,"",06:15,FALSE
fare_DEL-BOM_AI_2026-08-29_T+7_1787389698952_obh3,DEL-BOM,EaseMyTrip,AI,AI-2717,2026-08-29,T+7,7847,1722,9569,2026-08-22T08:49:24.134Z,FALSE,"",06:55,FALSE
fare_DEL-BOM_AI_2026-08-29_T+7_1787389698952_31qx,DEL-BOM,EaseMyTrip,AI,AI-2623,2026-08-29,T+7,7847,1722,9569,2026-08-22T08:49:24.134Z,FALSE,"",13:35,FALSE
fare_DEL-BOM_AI_2026-08-29_T+7_1787389698952_k7c6,DEL-BOM,EaseMyTrip,AI,AI-1780,2026-08-29,T+7,7858,1725,9583,2026-08-22T08:49:24.134Z,FALSE,"",14:30,TRUE
fare_DEL-BOM_IX_2026-08-29_T+7_1787389698952_kpel,DEL-BOM,EaseMyTrip,IX,IX-1789,2026-08-29,T+7,7948,1745,9693,2026-08-22T08:49:24.134Z,FALSE,"",10:40,FALSE
fare_DEL-BOM_6E_2026-08-29_T+7_1787389698952_op05,DEL-BOM,EaseMyTrip,6E,6E-5073,2026-08-29,T+7,8046,1766,9812,2026-08-22T08:49:24.134Z,FALSE,"",17:05,FALSE
fare_DEL-BOM_6E_2026-08-29_T+7_1787389698952_xz04,DEL-BOM,EaseMyTrip,6E,6E-395,2026-08-29,T+7,8375,1838,10213,2026-08-22T08:49:24.134Z,FALSE,"",19:35,FALSE
fare_DEL-BOM_6E_2026-08-29_T+7_1787389698952_g9bg,DEL-BOM,EaseMyTrip,6E,6E-294,2026-08-29,T+7,8375,1838,10213,2026-08-22T08:49:24.134Z,FALSE,"",19:35,FALSE
fare_DEL-BOM_IX_2026-08-29_T+7_1787389698952_456y,DEL-BOM,EaseMyTrip,IX,IX-1057,2026-08-29,T+7,8685,1907,10592,2026-08-22T08:49:24.134Z,FALSE,"",05:25,FALSE
fare_DEL-BOM_6E_2026-08-29_T+7_1787389698952_l2pa,DEL-BOM,EaseMyTrip,6E,6E-2381,2026-08-29,T+7,8480,1862,10342,2026-08-22T08:49:24.134Z,FALSE,"",13:45,FALSE
fare_DEL-BOM_IX_2026-08-29_T+7_1787389698952_6bl0,DEL-BOM,EaseMyTrip,IX,IX-5316,2026-08-29,T+7,9060,1989,11049,2026-08-22T08:49:24.134Z,FALSE,"",15:30,FALSE
fare_DEL-BOM_AI_2026-08-29_T+7_1787389698952_wy3r,DEL-BOM,EaseMyTrip,AI,AI-1767,2026-08-29,T+7,9593,2106,11699,2026-08-22T08:49:24.134Z,FALSE,"",07:20,FALSE
fare_DEL-BOM_6E_2026-08-29_T+7_1787389698952_roux,DEL-BOM,EaseMyTrip,6E,6E-6829,2026-08-29,T+7,9734,2137,11871,2026-08-22T08:49:24.134Z,FALSE,"",17:20,FALSE
fare_DEL-BOM_AI_2026-08-29_T+7_1787389698952_fdv7,DEL-BOM,EaseMyTrip,AI,AI-1705,2026-08-29,T+7,9956,2185,12141,2026-08-22T08:49:24.134Z,FALSE,"",06:30,FALSE
fare_DEL-BOM_6E_2026-08-29_T+7_1787389698952_r4px,DEL-BOM,EaseMyTrip,6E,6E-6282,2026-08-29,T+7,10113,2220,12333,2026-08-22T08:49:24.134Z,FALSE,"",13:30,FALSE
fare_DEL-BOM_AI_2026-08-29_T+7_1787389698952_ahhy,DEL-BOM,EaseMyTrip,AI,AI-9920,2026-08-29,T+7,10864,2385,13249,2026-08-22T08:49:24.134Z,FALSE,"",10:30,FALSE
fare_DEL-BOM_6E_2026-08-29_T+7_1787389698952_3l55,DEL-BOM,EaseMyTrip,6E,6E-616,2026-08-29,T+7,10993,2413,13406,2026-08-22T08:49:24.134Z,FALSE,"",08:30,FALSE
fare_DEL-BOM_6E_2026-08-29_T+7_1787389698952_imyh,DEL-BOM,EaseMyTrip,6E,6E-978,2026-08-29,T+7,10993,2413,13406,2026-08-22T08:49:24.134Z,FALSE,"",08:30,FALSE
fare_DEL-BOM_AI_2026-08-29_T+7_1787389698952_r12p,DEL-BOM,EaseMyTrip,AI,AI-2909,2026-08-29,T+7,11417,2506,13923,2026-08-22T08:49:24.134Z,TRUE,"High outlier: ₹13923 > upper fence ₹13918 (Q3: ₹9580, IQR: ₹2892)",22:30,FALSE
fare_DEL-BOM_AI_2026-08-29_T+7_1787389698952_s6lx,DEL-BOM,EaseMyTrip,AI,AI-2939,2026-08-29,T+7,11509,2526,14035,2026-08-22T08:49:24.134Z,TRUE,"High outlier: ₹14035 > upper fence ₹13918 (Q3: ₹9580, IQR: ₹2892)",16:40,FALSE
fare_DEL-BOM_AI_2026-08-29_T+7_1787389698952_2ml2,DEL-BOM,EaseMyTrip,AI,AI-2481,2026-08-29,T+7,11509,2526,14035,2026-08-22T08:49:24.134Z,TRUE,"High outlier: ₹14035 > upper fence ₹13918 (Q3: ₹9580, IQR: ₹2892)",15:00,FALSE
fare_DEL-BOM_AI_2026-08-29_T+7_1787389698952_wc19,DEL-BOM,EaseMyTrip,AI,AI-817,2026-08-29,T+7,11694,2567,14261,2026-08-22T08:49:24.134Z,TRUE,"High outlier: ₹14261 > upper fence ₹13918 (Q3: ₹9580, IQR: ₹2892)",05:55,FALSE
fare_DEL-BOM_IX_2026-08-29_T+7_1787389698952_y4tl,DEL-BOM,EaseMyTrip,IX,IX-1068,2026-08-29,T+7,11965,2626,14591,2026-08-22T08:49:24.134Z,TRUE,"High outlier: ₹14591 > upper fence ₹13918 (Q3: ₹9580, IQR: ₹2892)",11:55,FALSE
fare_DEL-BOM_6E_2026-08-29_T+7_1787389698952_7vlh,DEL-BOM,EaseMyTrip,6E,6E-7642,2026-08-29,T+7,11773,2584,14357,2026-08-22T08:49:24.134Z,TRUE,"High outlier: ₹14357 > upper fence ₹13918 (Q3: ₹9580, IQR: ₹2892)",15:45,FALSE
fare_DEL-BOM_AI_2026-08-29_T+7_1787389698952_tizr,DEL-BOM,EaseMyTrip,AI,AI-1743,2026-08-29,T+7,13065,2868,15933,2026-08-22T08:49:24.134Z,TRUE,"High outlier: ₹15933 > upper fence ₹13918 (Q3: ₹9580, IQR: ₹2892)",06:50,FALSE
fare_DEL-BOM_AI_2026-08-29_T+7_1787389698952_4nzw,DEL-BOM,EaseMyTrip,AI,AI-1712,2026-08-29,T+7,13077,2870,15947,2026-08-22T08:49:24.134Z,TRUE,"High outlier: ₹15947 > upper fence ₹13918 (Q3: ₹9580, IQR: ₹2892)",13:15,FALSE
fare_DEL-BOM_AI_2026-08-29_T+7_1787389698952_i2un,DEL-BOM,EaseMyTrip,AI,AI-2723,2026-08-29,T+7,13569,2978,16547,2026-08-22T08:49:24.134Z,TRUE,"High outlier: ₹16547 > upper fence ₹13918 (Q3: ₹9580, IQR: ₹2892)",15:00,FALSE
fare_DEL-BOM_IX_2026-08-29_T+7_1787389698952_1cm7,DEL-BOM,EaseMyTrip,IX,IX-1482,2026-08-29,T+7,13729,3014,16743,2026-08-22T08:49:24.134Z,TRUE,"High outlier: ₹16743 > upper fence ₹13918 (Q3: ₹9580, IQR: ₹2892)",08:30,FALSE
fare_DEL-BOM_AI_2026-08-29_T+7_1787389698952_e498,DEL-BOM,EaseMyTrip,AI,AI-491,2026-08-29,T+7,13815,3033,16848,2026-08-22T08:49:24.134Z,TRUE,"High outlier: ₹16848 > upper fence ₹13918 (Q3: ₹9580, IQR: ₹2892)",11:15,FALSE
fare_DEL-BOM_AI_2026-08-29_T+7_1787389698952_n462,DEL-BOM,EaseMyTrip,AI,AI-1711,2026-08-29,T+7,13815,3033,16848,2026-08-22T08:49:24.134Z,TRUE,"High outlier: ₹16848 > upper fence ₹13918 (Q3: ₹9580, IQR: ₹2892)",10:25,FALSE
fare_DEL-BOM_AI_2026-08-29_T+7_1787389698952_5md2,DEL-BOM,EaseMyTrip,AI,AI-2907,2026-08-29,T+7,14034,3081,17115,2026-08-22T08:49:24.134Z,TRUE,"High outlier: ₹17115 > upper fence ₹13918 (Q3: ₹9580, IQR: ₹2892)",11:55,FALSE
fare_DEL-BOM_AI_2026-08-29_T+7_1787389698952_qbi9,DEL-BOM,EaseMyTrip,AI,AI-9418,2026-08-29,T+7,14191,3115,17306,2026-08-22T08:49:24.134Z,TRUE,"High outlier: ₹17306 > upper fence ₹13918 (Q3: ₹9580, IQR: ₹2892)",13:10,FALSE
fare_DEL-BOM_IX_2026-08-29_T+7_1787389698952_3mr5,DEL-BOM,EaseMyTrip,IX,IX-2820,2026-08-29,T+7,14334,3146,17480,2026-08-22T08:49:24.134Z,TRUE,"High outlier: ₹17480 > upper fence ₹13918 (Q3: ₹9580, IQR: ₹2892)",21:00,FALSE
fare_DEL-BOM_AI_2026-08-29_T+7_1787389698952_r1mf,DEL-BOM,EaseMyTrip,AI,AI-2735,2026-08-29,T+7,14377,3156,17533,2026-08-22T08:49:24.134Z,TRUE,"High outlier: ₹17533 > upper fence ₹13918 (Q3: ₹9580, IQR: ₹2892)",15:40,FALSE
fare_DEL-BOM_AI_2026-08-29_T+7_1787389698952_xd73,DEL-BOM,EaseMyTrip,AI,AI-2577,2026-08-29,T+7,14577,3200,17777,2026-08-22T08:49:24.134Z,TRUE,"High outlier: ₹17777 > upper fence ₹13918 (Q3: ₹9580, IQR: ₹2892)",02:00,FALSE
fare_DEL-BOM_6E_2026-08-29_T+7_1787389698952_cdyu,DEL-BOM,EaseMyTrip,6E,6E-470,2026-08-29,T+7,14430,3167,17597,2026-08-22T08:49:24.134Z,TRUE,"High outlier: ₹17597 > upper fence ₹13918 (Q3: ₹9580, IQR: ₹2892)",12:15,FALSE
fare_DEL-BOM_6E_2026-08-29_T+7_1787389698952_k3i9,DEL-BOM,EaseMyTrip,6E,6E-655,2026-08-29,T+7,14430,3167,17597,2026-08-22T08:49:24.134Z,TRUE,"High outlier: ₹17597 > upper fence ₹13918 (Q3: ₹9580, IQR: ₹2892)",12:15,FALSE
fare_DEL-BOM_AI_2026-08-29_T+7_1787389698952_84hg,DEL-BOM,EaseMyTrip,AI,AI-2465,2026-08-29,T+7,14880,3266,18146,2026-08-22T08:49:24.134Z,TRUE,"High outlier: ₹18146 > upper fence ₹13918 (Q3: ₹9580, IQR: ₹2892)",14:30,FALSE
fare_DEL-BOM_IX_2026-08-29_T+7_1787389698952_mt9z,DEL-BOM,EaseMyTrip,IX,IX-1003,2026-08-29,T+7,14995,3292,18287,2026-08-22T08:49:24.134Z,TRUE,"High outlier: ₹18287 > upper fence ₹13918 (Q3: ₹9580, IQR: ₹2892)",19:10,FALSE
fare_DEL-BOM_AI_2026-08-29_T+7_1787389698952_otbf,DEL-BOM,EaseMyTrip,AI,AI-429,2026-08-29,T+7,15193,3335,18528,2026-08-22T08:49:24.134Z,TRUE,"High outlier: ₹18528 > upper fence ₹13918 (Q3: ₹9580, IQR: ₹2892)",10:20,FALSE
fare_DEL-BOM_AI_2026-08-29_T+7_1787389698952_ohs4,DEL-BOM,EaseMyTrip,AI,AI-1779,2026-08-29,T+7,16144,3544,19688,2026-08-22T08:49:24.134Z,TRUE,"High outlier: ₹19688 > upper fence ₹13918 (Q3: ₹9580, IQR: ₹2892)",13:55,FALSE
fare_DEL-BOM_AI_2026-08-29_T+7_1787389698952_7pkp,DEL-BOM,EaseMyTrip,AI,AI-1737,2026-08-29,T+7,16357,3590,19947,2026-08-22T08:49:24.134Z,TRUE,"High outlier: ₹19947 > upper fence ₹13918 (Q3: ₹9580, IQR: ₹2892)",11:50,FALSE
fare_DEL-BOM_AI_2026-08-29_T+7_1787389698952_ov0p,DEL-BOM,EaseMyTrip,AI,AI-2653,2026-08-29,T+7,16618,3648,20266,2026-08-22T08:49:24.134Z,TRUE,"High outlier: ₹20266 > upper fence ₹13918 (Q3: ₹9580, IQR: ₹2892)",04:30,FALSE
fare_DEL-BOM_AI_2026-08-29_T+7_1787389698952_h0i0,DEL-BOM,EaseMyTrip,AI,AI-1739,2026-08-29,T+7,17408,3821,21229,2026-08-22T08:49:24.134Z,TRUE,"High outlier: ₹21229 > upper fence ₹13918 (Q3: ₹9580, IQR: ₹2892)",11:30,FALSE
fare_DEL-BOM_AI_2026-08-29_T+7_1787389698952_yur4,DEL-BOM,EaseMyTrip,AI,AI-9584,2026-08-29,T+7,17472,3835,21307,2026-08-22T08:49:24.134Z,TRUE,"High outlier: ₹21307 > upper fence ₹13918 (Q3: ₹9580, IQR: ₹2892)",11:20,FALSE
fare_DEL-BOM_AI_2026-08-29_T+7_1787389698952_p24g,DEL-BOM,EaseMyTrip,AI,AI-2496,2026-08-29,T+7,18285,4014,22299,2026-08-22T08:49:24.134Z,TRUE,"High outlier: ₹22299 > upper fence ₹13918 (Q3: ₹9580, IQR: ₹2892)",03:00,FALSE
fare_DEL-BOM_AI_2026-08-29_T+7_1787389698952_i6c5,DEL-BOM,EaseMyTrip,AI,AI-2417,2026-08-29,T+7,36808,8080,44888,2026-08-22T08:49:24.134Z,TRUE,"High outlier: ₹44888 > upper fence ₹13918 (Q3: ₹9580, IQR: ₹2892)",13:00,FALSE
fare_DEL-BOM_SG_2026-08-29_T+7_1787389698953_ap2e,DEL-BOM,EaseMyTrip,SG,SG-925,2026-08-29,T+7,5255,1153,6408,2026-08-22T09:04:06.273Z,FALSE,"",14:30,TRUE
fare_DEL-BOM_SG_2026-08-29_T+7_1787389698953_w782,DEL-BOM,EaseMyTrip,SG,SG-766,2026-08-29,T+7,5255,1153,6408,2026-08-22T09:04:06.273Z,FALSE,"",14:30,TRUE
fare_DEL-BOM_SG_2026-08-29_T+7_1787389698953_b7ai,DEL-BOM,EaseMyTrip,SG,SG-609,2026-08-29,T+7,5255,1153,6408,2026-08-22T09:04:06.273Z,FALSE,"",18:35,TRUE
fare_DEL-BOM_SG_2026-08-29_T+7_1787389698953_4lkw,DEL-BOM,EaseMyTrip,SG,SG-423,2026-08-29,T+7,5255,1153,6408,2026-08-22T09:04:06.273Z,FALSE,"",18:35,TRUE
fare_DEL-BOM_SG_2026-08-29_T+7_1787389698953_vh4f,DEL-BOM,EaseMyTrip,SG,SG-938,2026-08-29,T+7,5255,1153,6408,2026-08-22T09:04:06.273Z,FALSE,"",22:30,TRUE
fare_DEL-BOM_SG_2026-08-29_T+7_1787389698953_68yf,DEL-BOM,EaseMyTrip,SG,SG-377,2026-08-29,T+7,5255,1153,6408,2026-08-22T09:04:06.273Z,FALSE,"",22:30,TRUE
fare_DEL-BOM_6E_2026-08-29_T+7_1787389698953_9wyx,DEL-BOM,EaseMyTrip,6E,6E-378,2026-08-29,T+7,5354,1175,6529,2026-08-22T09:04:06.273Z,FALSE,"",20:20,TRUE
fare_DEL-BOM_6E_2026-08-29_T+7_1787389698953_qsf9,DEL-BOM,EaseMyTrip,6E,6E-211,2026-08-29,T+7,5354,1175,6529,2026-08-22T09:04:06.273Z,FALSE,"",20:20,TRUE
fare_DEL-BOM_6E_2026-08-29_T+7_1787389698953_6c07,DEL-BOM,EaseMyTrip,6E,6E-103,2026-08-29,T+7,5355,1175,6530,2026-08-22T09:04:06.273Z,FALSE,"",16:15,TRUE
fare_DEL-BOM_6E_2026-08-29_T+7_1787389698953_x6je,DEL-BOM,EaseMyTrip,6E,6E-725,2026-08-29,T+7,5355,1175,6530,2026-08-22T09:04:06.273Z,FALSE,"",16:15,TRUE
fare_DEL-BOM_6E_2026-08-29_T+7_1787389698953_f9n1,DEL-BOM,EaseMyTrip,6E,6E-667,2026-08-29,T+7,5355,1175,6530,2026-08-22T09:04:06.273Z,FALSE,"",15:30,TRUE
fare_DEL-BOM_6E_2026-08-29_T+7_1787389698953_c0tx,DEL-BOM,EaseMyTrip,6E,6E-801,2026-08-29,T+7,5355,1175,6530,2026-08-22T09:04:06.273Z,FALSE,"",15:30,TRUE
fare_DEL-BOM_6E_2026-08-29_T+7_1787389698953_chpj,DEL-BOM,EaseMyTrip,6E,6E-456,2026-08-29,T+7,5355,1175,6530,2026-08-22T09:04:06.273Z,FALSE,"",08:45,TRUE
fare_DEL-BOM_6E_2026-08-29_T+7_1787389698953_kdeh,DEL-BOM,EaseMyTrip,6E,6E-600,2026-08-29,T+7,5355,1175,6530,2026-08-22T09:04:06.273Z,FALSE,"",08:45,TRUE
fare_DEL-BOM_6E_2026-08-29_T+7_1787389698953_u10u,DEL-BOM,EaseMyTrip,6E,6E-764,2026-08-29,T+7,5355,1175,6530,2026-08-22T09:04:06.273Z,FALSE,"",13:00,TRUE
fare_DEL-BOM_6E_2026-08-29_T+7_1787389698953_8xkk,DEL-BOM,EaseMyTrip,6E,6E-430,2026-08-29,T+7,5355,1175,6530,2026-08-22T09:04:06.273Z,FALSE,"",13:00,TRUE
fare_DEL-BOM_6E_2026-08-29_T+7_1787389698953_bios,DEL-BOM,EaseMyTrip,6E,6E-189,2026-08-29,T+7,5484,1204,6688,2026-08-22T09:04:06.273Z,FALSE,"",05:00,TRUE
fare_DEL-BOM_6E_2026-08-29_T+7_1787389698953_qua8,DEL-BOM,EaseMyTrip,6E,6E-682,2026-08-29,T+7,5484,1204,6688,2026-08-22T09:04:06.273Z,FALSE,"",05:00,TRUE
fare_DEL-BOM_6E_2026-08-29_T+7_1787389698953_icu2,DEL-BOM,EaseMyTrip,6E,6E-595,2026-08-29,T+7,5484,1204,6688,2026-08-22T09:04:06.273Z,FALSE,"",23:30,TRUE
fare_DEL-BOM_6E_2026-08-29_T+7_1787389698953_abn7,DEL-BOM,EaseMyTrip,6E,6E-777,2026-08-29,T+7,5484,1204,6688,2026-08-22T09:04:06.273Z,FALSE,"",23:30,TRUE
fare_DEL-BOM_6E_2026-08-29_T+7_1787389698953_8i8c,DEL-BOM,EaseMyTrip,6E,6E-107,2026-08-29,T+7,5484,1204,6688,2026-08-22T09:04:06.273Z,FALSE,"",21:45,TRUE
fare_DEL-BOM_6E_2026-08-29_T+7_1787389698953_8avm,DEL-BOM,EaseMyTrip,6E,6E-613,2026-08-29,T+7,5484,1204,6688,2026-08-22T09:04:06.273Z,FALSE,"",21:45,TRUE
fare_DEL-BOM_6E_2026-08-29_T+7_1787389698953_1agi,DEL-BOM,EaseMyTrip,6E,6E-722,2026-08-29,T+7,5484,1204,6688,2026-08-22T09:04:06.273Z,FALSE,"",20:00,TRUE
fare_DEL-BOM_6E_2026-08-29_T+7_1787389698953_nnv6,DEL-BOM,EaseMyTrip,6E,6E-636,2026-08-29,T+7,5484,1204,6688,2026-08-22T09:04:06.273Z,FALSE,"",19:00,TRUE
fare_DEL-BOM_6E_2026-08-29_T+7_1787389698953_d6v6,DEL-BOM,EaseMyTrip,6E,6E-285,2026-08-29,T+7,5484,1204,6688,2026-08-22T09:04:06.273Z,FALSE,"",19:00,TRUE
fare_DEL-BOM_6E_2026-08-29_T+7_1787389698953_9kit,DEL-BOM,EaseMyTrip,6E,6E-576,2026-08-29,T+7,5484,1204,6688,2026-08-22T09:04:06.273Z,FALSE,"",18:00,TRUE
fare_DEL-BOM_6E_2026-08-29_T+7_1787389698953_3jd0,DEL-BOM,EaseMyTrip,6E,6E-727,2026-08-29,T+7,5484,1204,6688,2026-08-22T09:04:06.273Z,FALSE,"",18:00,TRUE
fare_DEL-BOM_6E_2026-08-29_T+7_1787389698953_g8yk,DEL-BOM,EaseMyTrip,6E,6E-472,2026-08-29,T+7,5484,1204,6688,2026-08-22T09:04:06.273Z,FALSE,"",08:00,TRUE
fare_DEL-BOM_6E_2026-08-29_T+7_1787389698953_4ans,DEL-BOM,EaseMyTrip,6E,6E-936,2026-08-29,T+7,5920,1299,7219,2026-08-22T09:04:06.273Z,FALSE,"",10:00,FALSE
fare_DEL-BOM_6E_2026-08-29_T+7_1787389698953_5hwz,DEL-BOM,EaseMyTrip,6E,6E-130,2026-08-29,T+7,5920,1299,7219,2026-08-22T09:04:06.273Z,FALSE,"",10:00,FALSE
fare_DEL-BOM_SG_2026-08-29_T+7_1787389698953_eu41,DEL-BOM,EaseMyTrip,SG,SG-417,2026-08-29,T+7,6846,1503,8349,2026-08-22T09:04:06.273Z,FALSE,"",09:15,TRUE
fare_DEL-BOM_SG_2026-08-29_T+7_1787389698953_6pjp,DEL-BOM,EaseMyTrip,SG,SG-832,2026-08-29,T+7,6846,1503,8349,2026-08-22T09:04:06.273Z,FALSE,"",09:15,TRUE
fare_DEL-BOM_6E_2026-08-29_T+7_1787389698953_boym,DEL-BOM,EaseMyTrip,6E,6E-227,2026-08-29,T+7,6243,1370,7613,2026-08-22T09:04:06.273Z,FALSE,"",02:25,FALSE
fare_DEL-BOM_6E_2026-08-29_T+7_1787389698953_2mkg,DEL-BOM,EaseMyTrip,6E,6E-601,2026-08-29,T+7,6243,1370,7613,2026-08-22T09:04:06.273Z,FALSE,"",02:25,FALSE
fare_DEL-BOM_6E_2026-08-29_T+7_1787389698953_ppo1,DEL-BOM,EaseMyTrip,6E,6E-213,2026-08-29,T+7,6243,1370,7613,2026-08-22T09:04:06.273Z,FALSE,"",23:15,FALSE
fare_DEL-BOM_6E_2026-08-29_T+7_1787389698953_8k26,DEL-BOM,EaseMyTrip,6E,6E-504,2026-08-29,T+7,6243,1370,7613,2026-08-22T09:04:06.273Z,FALSE,"",23:15,FALSE
fare_DEL-BOM_6E_2026-08-29_T+7_1787389698953_oe6e,DEL-BOM,EaseMyTrip,6E,6E-492,2026-08-29,T+7,6307,1385,7692,2026-08-22T09:04:06.273Z,FALSE,"",19:30,FALSE
fare_DEL-BOM_6E_2026-08-29_T+7_1787389698953_8wuv,DEL-BOM,EaseMyTrip,6E,6E-634,2026-08-29,T+7,6307,1385,7692,2026-08-22T09:04:06.273Z,FALSE,"",19:30,FALSE
fare_DEL-BOM_6E_2026-08-29_T+7_1787389698953_4spr,DEL-BOM,EaseMyTrip,6E,6E-731,2026-08-29,T+7,6380,1400,7780,2026-08-22T09:04:06.273Z,FALSE,"",10:00,FALSE
fare_DEL-BOM_6E_2026-08-29_T+7_1787389698953_uiq8,DEL-BOM,EaseMyTrip,6E,6E-394,2026-08-29,T+7,6380,1400,7780,2026-08-22T09:04:06.273Z,FALSE,"",10:00,FALSE
fare_DEL-BOM_6E_2026-08-29_T+7_1787389698953_bcqp,DEL-BOM,EaseMyTrip,6E,6E-417,2026-08-29,T+7,8375,1838,10213,2026-08-22T09:04:06.273Z,FALSE,"",19:35,FALSE
fare_DEL-BOM_6E_2026-08-29_T+7_1787389698953_woic,DEL-BOM,EaseMyTrip,6E,6E-463,2026-08-29,T+7,8375,1838,10213,2026-08-22T09:04:06.273Z,FALSE,"",19:35,FALSE
fare_DEL-BOM_AI_2026-08-29_T+7_1787389698953_r41p,DEL-BOM,EaseMyTrip,AI,AI-2499,2026-08-29,T+7,9851,2163,12014,2026-08-22T09:04:06.273Z,FALSE,"",06:00,FALSE
fare_DEL-BOM_6E_2026-08-29_T+7_1787389698953_933c,DEL-BOM,EaseMyTrip,6E,6E-182,2026-08-29,T+7,10993,2413,13406,2026-08-22T09:04:06.273Z,FALSE,"",08:30,FALSE
fare_DEL-BOM_6E_2026-08-29_T+7_1787389698953_smnz,DEL-BOM,EaseMyTrip,6E,6E-199,2026-08-29,T+7,10993,2413,13406,2026-08-22T09:04:06.273Z,FALSE,"",08:30,FALSE
fare_DEL-BOM_AI_2026-08-29_T+7_1787389698953_z5o4,DEL-BOM,EaseMyTrip,AI,AI-531,2026-08-29,T+7,11417,2506,13923,2026-08-22T09:04:06.273Z,TRUE,"High outlier: ₹13923 > upper fence ₹13918 (Q3: ₹9580, IQR: ₹2892)",19:20,FALSE
fare_DEL-BOM_AI_2026-08-29_T+7_1787389698953_ua5b,DEL-BOM,EaseMyTrip,AI,AI-881,2026-08-29,T+7,11417,2506,13923,2026-08-22T09:04:06.273Z,TRUE,"High outlier: ₹13923 > upper fence ₹13918 (Q3: ₹9580, IQR: ₹2892)",13:35,FALSE
fare_DEL-BOM_AI_2026-08-29_T+7_1787389698953_nxyh,DEL-BOM,EaseMyTrip,AI,AI-2715,2026-08-29,T+7,11417,2506,13923,2026-08-22T09:04:06.273Z,TRUE,"High outlier: ₹13923 > upper fence ₹13918 (Q3: ₹9580, IQR: ₹2892)",11:40,FALSE
fare_DEL-BOM_6E_2026-08-29_T+7_1787389698953_dhx3,DEL-BOM,EaseMyTrip,6E,6E-726,2026-08-29,T+7,14430,3167,17597,2026-08-22T09:04:06.273Z,TRUE,"High outlier: ₹17597 > upper fence ₹13918 (Q3: ₹9580, IQR: ₹2892)",12:15,FALSE
fare_DEL-BOM_6E_2026-08-29_T+7_1787389698953_x4s5,DEL-BOM,EaseMyTrip,6E,6E-630,2026-08-29,T+7,14430,3167,17597,2026-08-22T09:04:06.273Z,TRUE,"High outlier: ₹17597 > upper fence ₹13918 (Q3: ₹9580, IQR: ₹2892)",12:15,FALSE
fare_DEL-BOM_AI_2026-08-29_T+7_1787389698953_51k2,DEL-BOM,EaseMyTrip,AI,AI-2803,2026-08-29,T+7,16556,3634,20190,2026-08-22T09:04:06.273Z,TRUE,"High outlier: ₹20190 > upper fence ₹13918 (Q3: ₹9580, IQR: ₹2892)",06:30,FALSE
fare_DEL-BOM_AI_2026-08-29_T+7_1787389698953_talu,DEL-BOM,EaseMyTrip,AI,AI-2627,2026-08-29,T+7,23105,5072,28177,2026-08-22T09:04:06.273Z,TRUE,"High outlier: ₹28177 > upper fence ₹13918 (Q3: ₹9580, IQR: ₹2892)",10:45,FALSE
fare_DEL-BOM_6E_2026-08-29_T+7_1787389698955_yijv,DEL-BOM,IndiGo,6E,6E-501,2026-08-29,T+7,3890,854,4744,2026-08-22T05:06:34.651Z,FALSE,"",07:00,TRUE
fare_DEL-CCU_6E_2026-08-23_T+1_1787389698953_s0n3,DEL-CCU,EaseMyTrip,6E,6E-5191,2026-08-23,T+1,6930,1521,8451,2026-08-22T09:05:11.121Z,FALSE,"",04:45,TRUE
fare_DEL-CCU_6E_2026-08-23_T+1_1787389698953_se38,DEL-CCU,EaseMyTrip,6E,6E-676,2026-08-23,T+1,6930,1521,8451,2026-08-22T09:05:11.121Z,FALSE,"",23:30,TRUE
fare_DEL-CCU_6E_2026-08-23_T+1_1787389698953_1aan,DEL-CCU,EaseMyTrip,6E,6E-256,2026-08-23,T+1,6930,1521,8451,2026-08-22T09:05:11.121Z,FALSE,"",23:30,TRUE
fare_DEL-CCU_AI_2026-08-23_T+1_1787389698953_19s8,DEL-CCU,EaseMyTrip,AI,AI-2702,2026-08-23,T+1,7094,1557,8651,2026-08-22T09:05:11.121Z,FALSE,"",02:30,TRUE
fare_DEL-CCU_QP_2026-08-23_T+1_1787389698953_nqtw,DEL-CCU,EaseMyTrip,QP,QP-1801,2026-08-23,T+1,6983,1533,8516,2026-08-22T09:05:11.121Z,FALSE,"",05:55,TRUE
fare_DEL-CCU_AI_2026-08-23_T+1_1787389698953_4h6f,DEL-CCU,EaseMyTrip,AI,AI-2535,2026-08-23,T+1,7309,1604,8913,2026-08-22T09:05:11.121Z,FALSE,"",06:15,TRUE
fare_DEL-CCU_IX_2026-08-23_T+1_1787389698953_vpyl,DEL-CCU,EaseMyTrip,IX,IX-1035,2026-08-23,T+1,7377,1619,8996,2026-08-22T09:05:11.121Z,FALSE,"",08:10,FALSE
fare_DEL-CCU_IX_2026-08-23_T+1_1787389698953_xs85,DEL-CCU,EaseMyTrip,IX,IX-1063,2026-08-23,T+1,7377,1619,8996,2026-08-22T09:05:11.121Z,FALSE,"",20:00,FALSE
fare_DEL-CCU_IX_2026-08-23_T+1_1787389698953_4g3v,DEL-CCU,EaseMyTrip,IX,IX-1032,2026-08-23,T+1,7377,1619,8996,2026-08-22T09:05:11.121Z,FALSE,"",05:45,FALSE
fare_DEL-CCU_6E_2026-08-23_T+1_1787389698953_6wfr,DEL-CCU,EaseMyTrip,6E,6E-6236,2026-08-23,T+1,7169,1574,8743,2026-08-22T09:05:11.121Z,FALSE,"",16:20,FALSE
fare_DEL-CCU_6E_2026-08-23_T+1_1787389698953_tb7b,DEL-CCU,EaseMyTrip,6E,6E-2453,2026-08-23,T+1,7169,1574,8743,2026-08-22T09:05:11.121Z,FALSE,"",13:35,FALSE
fare_DEL-CCU_AI_2026-08-23_T+1_1787389698953_pbwq,DEL-CCU,EaseMyTrip,AI,AI-2705,2026-08-23,T+1,7437,1632,9069,2026-08-22T09:05:11.121Z,FALSE,"",07:30,TRUE
fare_DEL-CCU_6E_2026-08-23_T+1_1787389698953_y0id,DEL-CCU,EaseMyTrip,6E,6E-2614,2026-08-23,T+1,7341,1612,8953,2026-08-22T09:05:11.121Z,FALSE,"",14:40,FALSE
fare_DEL-CCU_6E_2026-08-23_T+1_1787389698953_u9nd,DEL-CCU,EaseMyTrip,6E,6E-6190,2026-08-23,T+1,7341,1612,8953,2026-08-22T09:05:11.121Z,FALSE,"",07:40,FALSE
fare_DEL-CCU_6E_2026-08-23_T+1_1787389698953_seal,DEL-CCU,EaseMyTrip,6E,6E-5038,2026-08-23,T+1,7341,1612,8953,2026-08-22T09:05:11.121Z,FALSE,"",14:00,FALSE
fare_DEL-CCU_6E_2026-08-23_T+1_1787389698953_2y6n,DEL-CCU,EaseMyTrip,6E,6E-2259,2026-08-23,T+1,7341,1612,8953,2026-08-22T09:05:11.121Z,FALSE,"",12:20,FALSE
fare_DEL-CCU_6E_2026-08-23_T+1_1787389698953_t0ex,DEL-CCU,EaseMyTrip,6E,6E-5298,2026-08-23,T+1,7341,1612,8953,2026-08-22T09:05:11.121Z,FALSE,"",09:00,FALSE
fare_DEL-CCU_6E_2026-08-23_T+1_1787389698953_pted,DEL-CCU,EaseMyTrip,6E,6E-736,2026-08-23,T+1,7403,1625,9028,2026-08-22T09:05:11.121Z,FALSE,"",07:20,TRUE
fare_DEL-CCU_6E_2026-08-23_T+1_1787389698953_6gqx,DEL-CCU,EaseMyTrip,6E,6E-809,2026-08-23,T+1,7403,1625,9028,2026-08-22T09:05:11.121Z,FALSE,"",07:20,TRUE
fare_DEL-CCU_6E_2026-08-23_T+1_1787389698953_ovds,DEL-CCU,EaseMyTrip,6E,6E-6378,2026-08-23,T+1,7428,1630,9058,2026-08-22T09:05:11.121Z,FALSE,"",14:40,FALSE
fare_DEL-CCU_6E_2026-08-23_T+1_1787389698953_78re,DEL-CCU,EaseMyTrip,6E,6E-5307,2026-08-23,T+1,7428,1630,9058,2026-08-22T09:05:11.121Z,FALSE,"",10:50,FALSE
fare_DEL-CCU_6E_2026-08-23_T+1_1787389698953_gcok,DEL-CCU,EaseMyTrip,6E,6E-5215,2026-08-23,T+1,7428,1630,9058,2026-08-22T09:05:11.121Z,FALSE,"",07:45,FALSE
fare_DEL-CCU_6E_2026-08-23_T+1_1787389698953_trke,DEL-CCU,EaseMyTrip,6E,6E-6124,2026-08-23,T+1,7428,1630,9058,2026-08-22T09:05:11.121Z,FALSE,"",07:30,FALSE
fare_DEL-CCU_6E_2026-08-23_T+1_1787389698953_6nb1,DEL-CCU,EaseMyTrip,6E,6E-6829,2026-08-23,T+1,7449,1635,9084,2026-08-22T09:05:11.121Z,FALSE,"",17:20,FALSE
fare_DEL-CCU_6E_2026-08-23_T+1_1787389698953_c3gv,DEL-CCU,EaseMyTrip,6E,6E-2589,2026-08-23,T+1,7519,1650,9169,2026-08-22T09:05:11.121Z,FALSE,"",14:50,TRUE
fare_DEL-CCU_IX_2026-08-23_T+1_1787389698953_vls7,DEL-CCU,EaseMyTrip,IX,IX-1067,2026-08-23,T+1,7760,1703,9463,2026-08-22T09:05:11.121Z,FALSE,"",06:10,FALSE
fare_DEL-CCU_IX_2026-08-23_T+1_1787389698953_d880,DEL-CCU,EaseMyTrip,IX,IX-1085,2026-08-23,T+1,8033,1763,9796,2026-08-22T09:05:11.121Z,FALSE,"",12:55,FALSE
fare_DEL-CCU_IX_2026-08-23_T+1_1787389698953_qkqc,DEL-CCU,EaseMyTrip,IX,IX-1081,2026-08-23,T+1,8147,1788,9935,2026-08-22T09:05:11.121Z,FALSE,"",14:55,FALSE
fare_DEL-CCU_6E_2026-08-23_T+1_1787389698953_fqys,DEL-CCU,EaseMyTrip,6E,6E-5041,2026-08-23,T+1,8038,1764,9802,2026-08-22T09:05:11.121Z,FALSE,"",15:10,FALSE
fare_DEL-CCU_IX_2026-08-23_T+1_1787389698953_ccnr,DEL-CCU,EaseMyTrip,IX,IX-1001,2026-08-23,T+1,8448,1855,10303,2026-08-22T09:05:11.121Z,FALSE,"",09:00,FALSE
fare_DEL-CCU_IX_2026-08-23_T+1_1787389698953_uhyg,DEL-CCU,EaseMyTrip,IX,IX-2457,2026-08-23,T+1,8663,1902,10565,2026-08-22T09:05:11.121Z,FALSE,"",11:30,FALSE
fare_DEL-CCU_6E_2026-08-23_T+1_1787389698953_jfc6,DEL-CCU,EaseMyTrip,6E,6E-6476,2026-08-23,T+1,8449,1855,10304,2026-08-22T09:05:11.121Z,FALSE,"",07:05,FALSE
fare_DEL-CCU_6E_2026-08-23_T+1_1787389698953_riu5,DEL-CCU,EaseMyTrip,6E,6E-295,2026-08-23,T+1,8738,1918,10656,2026-08-22T09:05:11.121Z,FALSE,"",21:50,TRUE
fare_DEL-CCU_6E_2026-08-23_T+1_1787389698953_9vhj,DEL-CCU,EaseMyTrip,6E,6E-187,2026-08-23,T+1,8738,1918,10656,2026-08-22T09:05:11.121Z,FALSE,"",21:50,TRUE
fare_DEL-CCU_6E_2026-08-23_T+1_1787389698953_e9qd,DEL-CCU,EaseMyTrip,6E,6E-6246,2026-08-23,T+1,8836,1939,10775,2026-08-22T09:05:11.121Z,FALSE,"",05:25,FALSE
fare_DEL-CCU_6E_2026-08-23_T+1_1787389698953_kh81,DEL-CCU,EaseMyTrip,6E,6E-6371,2026-08-23,T+1,8987,1973,10960,2026-08-22T09:05:11.121Z,FALSE,"",06:20,FALSE
fare_DEL-CCU_6E_2026-08-23_T+1_1787389698953_r16f,DEL-CCU,EaseMyTrip,6E,6E-2276,2026-08-23,T+1,9341,2050,11391,2026-08-22T09:05:11.121Z,FALSE,"",17:55,TRUE
fare_DEL-CCU_6E_2026-08-23_T+1_1787389698953_d34c,DEL-CCU,EaseMyTrip,6E,6E-7624,2026-08-23,T+1,9528,2092,11620,2026-08-22T09:05:11.121Z,FALSE,"",05:50,FALSE
fare_DEL-CCU_AI_2026-08-23_T+1_1787389698953_n1bk,DEL-CCU,EaseMyTrip,AI,AI-2707,2026-08-23,T+1,9713,2132,11845,2026-08-22T09:05:11.121Z,FALSE,"",18:00,TRUE
fare_DEL-CCU_QP_2026-08-23_T+1_1787389698953_ongn,DEL-CCU,EaseMyTrip,QP,QP-1803,2026-08-23,T+1,9559,2098,11657,2026-08-22T09:05:11.121Z,FALSE,"",17:05,TRUE
fare_DEL-CCU_AI_2026-08-23_T+1_1787389698953_s6nh,DEL-CCU,EaseMyTrip,AI,AI-1791,2026-08-23,T+1,9888,2171,12059,2026-08-22T09:05:11.121Z,FALSE,"",09:30,TRUE
fare_DEL-CCU_IX_2026-08-23_T+1_1787389698953_eova,DEL-CCU,EaseMyTrip,IX,IX-1069,2026-08-23,T+1,10189,2237,12426,2026-08-22T09:05:11.121Z,FALSE,"",11:35,FALSE
fare_DEL-CCU_6E_2026-08-23_T+1_1787389698953_hujs,DEL-CCU,EaseMyTrip,6E,6E-931,2026-08-23,T+1,9986,2192,12178,2026-08-22T09:05:11.121Z,FALSE,"",12:45,TRUE
fare_DEL-CCU_6E_2026-08-23_T+1_1787389698953_pzri,DEL-CCU,EaseMyTrip,6E,6E-710,2026-08-23,T+1,9986,2192,12178,2026-08-22T09:05:11.121Z,FALSE,"",12:45,TRUE
fare_DEL-CCU_6E_2026-08-23_T+1_1787389698953_mmlx,DEL-CCU,EaseMyTrip,6E,6E-617,2026-08-23,T+1,9986,2192,12178,2026-08-22T09:05:11.121Z,FALSE,"",10:15,TRUE
fare_DEL-CCU_6E_2026-08-23_T+1_1787389698953_et43,DEL-CCU,EaseMyTrip,6E,6E-240,2026-08-23,T+1,9986,2192,12178,2026-08-22T09:05:11.121Z,FALSE,"",10:15,TRUE
fare_DEL-CCU_6E_2026-08-23_T+1_1787389698953_v25z,DEL-CCU,EaseMyTrip,6E,6E-5036,2026-08-23,T+1,10104,2218,12322,2026-08-22T09:05:11.121Z,FALSE,"",08:00,FALSE
fare_DEL-CCU_AI_2026-08-23_T+1_1787389698953_k37v,DEL-CCU,EaseMyTrip,AI,AI-879,2026-08-23,T+1,10455,2295,12750,2026-08-22T09:05:11.121Z,FALSE,"",06:40,FALSE
fare_DEL-CCU_AI_2026-08-23_T+1_1787389698953_8kwn,DEL-CCU,EaseMyTrip,AI,AI-2727,2026-08-23,T+1,10544,2314,12858,2026-08-22T09:05:11.121Z,FALSE,"",22:00,TRUE
fare_DEL-CCU_6E_2026-08-23_T+1_1787389698953_lx37,DEL-CCU,EaseMyTrip,6E,6E-5073,2026-08-23,T+1,10448,2294,12742,2026-08-22T09:05:11.121Z,FALSE,"",17:05,FALSE
fare_DEL-CCU_QP_2026-08-23_T+1_1787389698953_jheu,DEL-CCU,EaseMyTrip,QP,QP-1826,2026-08-23,T+1,10503,2306,12809,2026-08-22T09:05:11.121Z,FALSE,"",19:55,FALSE
fare_DEL-CCU_6E_2026-08-23_T+1_1787389698953_ungt,DEL-CCU,EaseMyTrip,6E,6E-6551,2026-08-23,T+1,10535,2312,12847,2026-08-22T09:05:11.121Z,FALSE,"",12:00,FALSE
fare_DEL-CCU_6E_2026-08-23_T+1_1787389698953_7tal,DEL-CCU,EaseMyTrip,6E,6E-6517,2026-08-23,T+1,10632,2334,12966,2026-08-22T09:05:11.121Z,FALSE,"",19:30,TRUE
fare_DEL-CCU_AI_2026-08-23_T+1_1787389698953_19wo,DEL-CCU,EaseMyTrip,AI,AI-2947,2026-08-23,T+1,10973,2409,13382,2026-08-22T09:05:11.121Z,FALSE,"",14:30,FALSE
fare_DEL-CCU_SG_2026-08-23_T+1_1787389698953_tmfy,DEL-CCU,EaseMyTrip,SG,SG-799,2026-08-23,T+1,10997,2414,13411,2026-08-22T09:05:11.121Z,FALSE,"",20:10,TRUE
fare_DEL-CCU_SG_2026-08-23_T+1_1787389698953_ub4j,DEL-CCU,EaseMyTrip,SG,SG-977,2026-08-23,T+1,10997,2414,13411,2026-08-22T09:05:11.121Z,FALSE,"",20:10,TRUE
fare_DEL-CCU_AI_2026-08-23_T+1_1787389698953_o4na,DEL-CCU,EaseMyTrip,AI,AI-1704,2026-08-23,T+1,11130,2443,13573,2026-08-22T09:05:11.121Z,FALSE,"",13:00,TRUE
fare_DEL-CCU_6E_2026-08-23_T+1_1787389698953_uq93,DEL-CCU,EaseMyTrip,6E,6E-6312,2026-08-23,T+1,10995,2413,13408,2026-08-22T09:05:11.121Z,FALSE,"",14:25,FALSE
fare_DEL-CCU_AI_2026-08-23_T+1_1787389698953_bf19,DEL-CCU,EaseMyTrip,AI,AI-2709,2026-08-23,T+1,11334,2488,13822,2026-08-22T09:05:11.121Z,FALSE,"",19:10,TRUE
fare_DEL-CCU_AI_2026-08-23_T+1_1787389698953_rr7n,DEL-CCU,EaseMyTrip,AI,AI-1733,2026-08-23,T+1,11957,2625,14582,2026-08-22T09:05:11.121Z,FALSE,"",16:15,TRUE
fare_DEL-CCU_6E_2026-08-23_T+1_1787389698953_loms,DEL-CCU,EaseMyTrip,6E,6E-6073,2026-08-23,T+1,12038,2643,14681,2026-08-22T09:05:11.121Z,FALSE,"",05:00,FALSE
fare_DEL-CCU_6E_2026-08-23_T+1_1787389698953_j8bt,DEL-CCU,EaseMyTrip,6E,6E-6415,2026-08-23,T+1,12052,2646,14698,2026-08-22T09:05:11.121Z,FALSE,"",16:00,TRUE
fare_DEL-CCU_6E_2026-08-23_T+1_1787389698953_jgb7,DEL-CCU,EaseMyTrip,6E,6E-912,2026-08-23,T+1,12052,2646,14698,2026-08-22T09:05:11.121Z,FALSE,"",14:25,TRUE
fare_DEL-CCU_6E_2026-08-23_T+1_1787389698953_l1h8,DEL-CCU,EaseMyTrip,6E,6E-737,2026-08-23,T+1,12052,2646,14698,2026-08-22T09:05:11.121Z,FALSE,"",14:25,TRUE
fare_DEL-CCU_6E_2026-08-23_T+1_1787389698953_5gnd,DEL-CCU,EaseMyTrip,6E,6E-6245,2026-08-23,T+1,12067,2649,14716,2026-08-22T09:05:11.121Z,FALSE,"",06:20,FALSE
fare_DEL-CCU_AI_2026-08-23_T+1_1787389698953_6gyq,DEL-CCU,EaseMyTrip,AI,AI-9484,2026-08-23,T+1,12252,2689,14941,2026-08-22T09:05:11.121Z,FALSE,"",06:00,FALSE
fare_DEL-CCU_6E_2026-08-23_T+1_1787389698953_nm6j,DEL-CCU,EaseMyTrip,6E,6E-2361,2026-08-23,T+1,12334,2708,15042,2026-08-22T09:05:11.121Z,FALSE,"",14:35,FALSE
fare_DEL-CCU_QP_2026-08-23_T+1_1787389698953_g09r,DEL-CCU,EaseMyTrip,QP,QP-1942,2026-08-23,T+1,12546,2754,15300,2026-08-22T09:05:11.121Z,FALSE,"",21:05,FALSE
fare_DEL-CCU_IX_2026-08-23_T+1_1787389698953_218g,DEL-CCU,EaseMyTrip,IX,IX-1230,2026-08-23,T+1,12826,2815,15641,2026-08-22T09:05:11.121Z,FALSE,"",04:25,FALSE
fare_DEL-CCU_6E_2026-08-23_T+1_1787389698953_qddf,DEL-CCU,EaseMyTrip,6E,6E-6503,2026-08-23,T+1,12827,2816,15643,2026-08-22T09:05:11.121Z,FALSE,"",13:25,FALSE
fare_DEL-CCU_6E_2026-08-23_T+1_1787389698953_blc8,DEL-CCU,EaseMyTrip,6E,6E-390,2026-08-23,T+1,13278,2915,16193,2026-08-22T09:05:11.121Z,FALSE,"",07:10,FALSE
fare_DEL-CCU_6E_2026-08-23_T+1_1787389698953_s9gx,DEL-CCU,EaseMyTrip,6E,6E-775,2026-08-23,T+1,13278,2915,16193,2026-08-22T09:05:11.121Z,FALSE,"",07:10,FALSE
fare_DEL-CCU_QP_2026-08-23_T+1_1787389698953_parg,DEL-CCU,EaseMyTrip,QP,QP-1128,2026-08-23,T+1,13385,2938,16323,2026-08-22T09:05:11.121Z,FALSE,"",16:00,FALSE
fare_DEL-CCU_6E_2026-08-23_T+1_1787389698953_3x2f,DEL-CCU,EaseMyTrip,6E,6E-110,2026-08-23,T+1,14011,3076,17087,2026-08-22T09:05:11.121Z,FALSE,"",17:55,FALSE
fare_DEL-CCU_6E_2026-08-23_T+1_1787389698953_m0h9,DEL-CCU,EaseMyTrip,6E,6E-830,2026-08-23,T+1,14011,3076,17087,2026-08-22T09:05:11.121Z,FALSE,"",17:55,FALSE
fare_DEL-CCU_6E_2026-08-23_T+1_1787389698953_4zn1,DEL-CCU,EaseMyTrip,6E,6E-581,2026-08-23,T+1,14356,3151,17507,2026-08-22T09:05:11.121Z,FALSE,"",08:30,FALSE
fare_DEL-CCU_6E_2026-08-23_T+1_1787389698953_hmh0,DEL-CCU,EaseMyTrip,6E,6E-857,2026-08-23,T+1,14356,3151,17507,2026-08-22T09:05:11.121Z,FALSE,"",08:30,FALSE
fare_DEL-CCU_6E_2026-08-23_T+1_1787389698953_38vf,DEL-CCU,EaseMyTrip,6E,6E-6282,2026-08-23,T+1,14356,3151,17507,2026-08-22T09:05:11.121Z,FALSE,"",13:30,FALSE
fare_DEL-CCU_6E_2026-08-23_T+1_1787389698953_29go,DEL-CCU,EaseMyTrip,6E,6E-6293,2026-08-23,T+1,14356,3151,17507,2026-08-22T09:05:11.121Z,FALSE,"",09:55,FALSE
fare_DEL-CCU_6E_2026-08-23_T+1_1787389698953_ktty,DEL-CCU,EaseMyTrip,6E,6E-795,2026-08-23,T+1,14356,3151,17507,2026-08-22T09:05:11.121Z,FALSE,"",08:30,FALSE
fare_DEL-CCU_6E_2026-08-23_T+1_1787389698953_ngt4,DEL-CCU,EaseMyTrip,6E,6E-261,2026-08-23,T+1,14356,3151,17507,2026-08-22T09:05:11.121Z,FALSE,"",08:30,FALSE
fare_DEL-CCU_6E_2026-08-23_T+1_1787389698953_hsj3,DEL-CCU,EaseMyTrip,6E,6E-6217,2026-08-23,T+1,14577,3200,17777,2026-08-22T09:05:11.121Z,FALSE,"",16:15,FALSE
fare_DEL-CCU_AI_2026-08-23_T+1_1787389698953_tser,DEL-CCU,EaseMyTrip,AI,AI-2425,2026-08-23,T+1,17131,3761,20892,2026-08-22T09:05:11.121Z,FALSE,"",10:30,FALSE
fare_DEL-CCU_AI_2026-08-23_T+1_1787389698953_8c2n,DEL-CCU,EaseMyTrip,AI,AI-2943,2026-08-23,T+1,17131,3761,20892,2026-08-22T09:05:11.121Z,FALSE,"",07:30,FALSE
fare_DEL-CCU_IX_2026-08-23_T+1_1787389698953_ziog,DEL-CCU,EaseMyTrip,IX,IX-1482,2026-08-23,T+1,17523,3846,21369,2026-08-22T09:05:11.121Z,FALSE,"",08:30,FALSE
fare_DEL-CCU_AI_2026-08-23_T+1_1787389698953_74gz,DEL-CCU,EaseMyTrip,AI,AI-2927,2026-08-23,T+1,17580,3859,21439,2026-08-22T09:05:11.121Z,FALSE,"",09:30,FALSE
fare_DEL-CCU_AI_2026-08-23_T+1_1787389698953_223y,DEL-CCU,EaseMyTrip,AI,AI-2963,2026-08-23,T+1,17580,3859,21439,2026-08-22T09:05:11.121Z,FALSE,"",09:00,FALSE
fare_DEL-CCU_AI_2026-08-23_T+1_1787389698953_49lq,DEL-CCU,EaseMyTrip,AI,AI-2678,2026-08-23,T+1,17580,3859,21439,2026-08-22T09:05:11.121Z,FALSE,"",08:30,FALSE
fare_DEL-CCU_AI_2026-08-23_T+1_1787389698953_vafh,DEL-CCU,EaseMyTrip,AI,AI-2429,2026-08-23,T+1,17580,3859,21439,2026-08-22T09:05:11.121Z,FALSE,"",07:00,FALSE
fare_DEL-CCU_AI_2026-08-23_T+1_1787389698953_wlgn,DEL-CCU,EaseMyTrip,AI,AI-2975,2026-08-23,T+1,17580,3859,21439,2026-08-22T09:05:11.121Z,FALSE,"",06:30,FALSE
fare_DEL-CCU_AI_2026-08-23_T+1_1787389698953_esez,DEL-CCU,EaseMyTrip,AI,AI-2615,2026-08-23,T+1,17737,3894,21631,2026-08-22T09:05:11.121Z,FALSE,"",02:45,FALSE
fare_DEL-CCU_AI_2026-08-23_T+1_1787389698953_62st,DEL-CCU,EaseMyTrip,AI,AI-2433,2026-08-23,T+1,17737,3894,21631,2026-08-22T09:05:11.121Z,FALSE,"",21:30,FALSE
fare_DEL-CCU_AI_2026-08-23_T+1_1787389698953_99er,DEL-CCU,EaseMyTrip,AI,AI-2957,2026-08-23,T+1,17737,3894,21631,2026-08-22T09:05:11.121Z,FALSE,"",20:30,FALSE
fare_DEL-CCU_AI_2026-08-23_T+1_1787389698953_m4s2,DEL-CCU,EaseMyTrip,AI,AI-2805,2026-08-23,T+1,17737,3894,21631,2026-08-22T09:05:11.121Z,FALSE,"",20:00,FALSE
fare_DEL-CCU_AI_2026-08-23_T+1_1787389698953_24ob,DEL-CCU,EaseMyTrip,AI,AI-2985,2026-08-23,T+1,17737,3894,21631,2026-08-22T09:05:11.121Z,FALSE,"",19:30,FALSE
fare_DEL-CCU_6E_2026-08-23_T+1_1787389698953_phzv,DEL-CCU,EaseMyTrip,6E,6E-5033,2026-08-23,T+1,17755,3898,21653,2026-08-22T09:05:11.121Z,FALSE,"",15:50,FALSE
fare_DEL-CCU_AI_2026-08-23_T+1_1787389698953_kgm6,DEL-CCU,EaseMyTrip,AI,AI-537,2026-08-23,T+1,18566,4076,22642,2026-08-22T09:05:11.121Z,FALSE,"",15:45,FALSE
fare_DEL-CCU_AI_2026-08-23_T+1_1787389698953_7824,DEL-CCU,EaseMyTrip,AI,AI-2877,2026-08-23,T+1,18605,4084,22689,2026-08-22T09:05:11.121Z,FALSE,"",12:45,FALSE
fare_DEL-CCU_IX_2026-08-23_T+1_1787389698953_fhtu,DEL-CCU,EaseMyTrip,IX,IX-1070,2026-08-23,T+1,19166,4207,23373,2026-08-22T09:05:11.121Z,FALSE,"",18:40,FALSE
fare_DEL-CCU_AI_2026-08-23_T+1_1787389698953_shb0,DEL-CCU,EaseMyTrip,AI,AI-2525,2026-08-23,T+1,19122,4197,23319,2026-08-22T09:05:11.121Z,FALSE,"",06:00,FALSE
fare_DEL-CCU_AI_2026-08-23_T+1_1787389698953_7bo2,DEL-CCU,EaseMyTrip,AI,AI-2496,2026-08-23,T+1,19122,4197,23319,2026-08-22T09:05:11.121Z,FALSE,"",03:00,FALSE
fare_DEL-CCU_AI_2026-08-23_T+1_1787389698953_p3bs,DEL-CCU,EaseMyTrip,AI,AI-2502,2026-08-23,T+1,19158,4205,23363,2026-08-22T09:05:11.121Z,FALSE,"",03:15,FALSE
fare_DEL-CCU_AI_2026-08-23_T+1_1787389698953_6q0i,DEL-CCU,EaseMyTrip,AI,AI-2803,2026-08-23,T+1,19158,4205,23363,2026-08-22T09:05:11.121Z,FALSE,"",06:30,FALSE
fare_DEL-CCU_AI_2026-08-23_T+1_1787389698953_doo9,DEL-CCU,EaseMyTrip,AI,AI-2757,2026-08-23,T+1,19158,4205,23363,2026-08-22T09:05:11.121Z,FALSE,"",00:15,FALSE
fare_DEL-CCU_AI_2026-08-23_T+1_1787389698953_7dxd,DEL-CCU,EaseMyTrip,AI,AI-2653,2026-08-23,T+1,19158,4205,23363,2026-08-22T09:05:11.121Z,FALSE,"",04:30,FALSE
fare_DEL-CCU_6E_2026-08-23_T+1_1787389698953_txcb,DEL-CCU,EaseMyTrip,6E,6E-2296,2026-08-23,T+1,19532,4287,23819,2026-08-22T09:05:11.121Z,FALSE,"",09:20,FALSE
fare_DEL-CCU_AI_2026-08-23_T+1_1787389698953_190a,DEL-CCU,EaseMyTrip,AI,AI-1777,2026-08-23,T+1,20141,4421,24562,2026-08-22T09:05:11.121Z,FALSE,"",16:00,FALSE
fare_DEL-CCU_6E_2026-08-23_T+1_1787389698953_ijkv,DEL-CCU,EaseMyTrip,6E,6E-5119,2026-08-23,T+1,20165,4426,24591,2026-08-22T09:05:11.121Z,FALSE,"",05:10,FALSE
fare_DEL-CCU_AI_2026-08-23_T+1_1787389698953_y3k8,DEL-CCU,EaseMyTrip,AI,AI-2933,2026-08-23,T+1,23996,5267,29263,2026-08-22T09:05:11.121Z,FALSE,"",15:30,FALSE
fare_DEL-CCU_AI_2026-08-23_T+1_1787389698953_ozy6,DEL-CCU,EaseMyTrip,AI,AI-2819,2026-08-23,T+1,25081,5505,30586,2026-08-22T09:05:11.121Z,FALSE,"",15:00,FALSE
fare_DEL-CCU_AI_2026-08-23_T+1_1787389698953_ye8s,DEL-CCU,EaseMyTrip,AI,AI-2485,2026-08-23,T+1,25699,5641,31340,2026-08-22T09:05:11.121Z,FALSE,"",12:00,FALSE
fare_DEL-CCU_6E_2026-08-23_T+1_1787389698953_8i6w,DEL-CCU,EaseMyTrip,6E,6E-2331,2026-08-23,T+1,25847,5674,31521,2026-08-22T09:05:11.121Z,FALSE,"",12:20,FALSE
fare_DEL-CCU_AI_2026-08-23_T+1_1787389698953_d0jd,DEL-CCU,EaseMyTrip,AI,AI-2417,2026-08-23,T+1,27397,6014,33411,2026-08-22T09:05:11.121Z,FALSE,"",13:00,FALSE
fare_DEL-CCU_AI_2026-08-23_T+1_1787389698953_3wf1,DEL-CCU,EaseMyTrip,AI,AI-1785,2026-08-23,T+1,29570,6491,36061,2026-08-22T09:05:11.121Z,FALSE,"",12:00,FALSE
fare_DEL-CCU_IX_2026-08-29_T+7_1787389698953_qbsr,DEL-CCU,EaseMyTrip,IX,IX-2457,2026-08-29,T+7,5244,1151,6395,2026-08-22T09:05:17.354Z,FALSE,"",11:30,FALSE
fare_DEL-CCU_IX_2026-08-29_T+7_1787389698953_kwlo,DEL-CCU,EaseMyTrip,IX,IX-1081,2026-08-29,T+7,5244,1151,6395,2026-08-22T09:05:17.354Z,FALSE,"",14:55,FALSE
fare_DEL-CCU_IX_2026-08-29_T+7_1787389698953_l298,DEL-CCU,EaseMyTrip,IX,IX-1001,2026-08-29,T+7,5460,1199,6659,2026-08-22T09:05:17.354Z,FALSE,"",09:00,FALSE
fare_DEL-CCU_SG_2026-08-29_T+7_1787389698953_cv8m,DEL-CCU,EaseMyTrip,SG,SG-541,2026-08-29,T+7,5738,1260,6998,2026-08-22T09:05:17.354Z,FALSE,"",20:10,TRUE
fare_DEL-CCU_SG_2026-08-29_T+7_1787389698953_qqri,DEL-CCU,EaseMyTrip,SG,SG-146,2026-08-29,T+7,5738,1260,6998,2026-08-22T09:05:17.354Z,FALSE,"",20:10,TRUE
fare_DEL-CCU_QP_2026-08-29_T+7_1787389698953_qurd,DEL-CCU,EaseMyTrip,QP,QP-1801,2026-08-29,T+7,5983,1313,7296,2026-08-22T09:05:17.354Z,FALSE,"",05:55,TRUE
fare_DEL-CCU_QP_2026-08-29_T+7_1787389698953_vgft,DEL-CCU,EaseMyTrip,QP,QP-1803,2026-08-29,T+7,6718,1475,8193,2026-08-22T09:05:17.354Z,FALSE,"",17:10,TRUE
fare_DEL-CCU_QP_2026-08-29_T+7_1787389698953_9vat,DEL-CCU,EaseMyTrip,QP,QP-1128,2026-08-29,T+7,6765,1485,8250,2026-08-22T09:05:17.354Z,FALSE,"",16:00,FALSE
fare_DEL-CCU_6E_2026-08-29_T+7_1787389698953_5r4n,DEL-CCU,EaseMyTrip,6E,6E-5191,2026-08-29,T+7,6930,1521,8451,2026-08-22T09:05:17.354Z,FALSE,"",04:45,TRUE
fare_DEL-CCU_6E_2026-08-29_T+7_1787389698953_2rlt,DEL-CCU,EaseMyTrip,6E,6E-497,2026-08-29,T+7,6930,1521,8451,2026-08-22T09:05:17.354Z,FALSE,"",23:30,TRUE
fare_DEL-CCU_6E_2026-08-29_T+7_1787389698953_2rwp,DEL-CCU,EaseMyTrip,6E,6E-444,2026-08-29,T+7,6930,1521,8451,2026-08-22T09:05:17.354Z,FALSE,"",23:30,TRUE
fare_DEL-CCU_6E_2026-08-29_T+7_1787389698953_nd08,DEL-CCU,EaseMyTrip,6E,6E-2276,2026-08-29,T+7,6930,1521,8451,2026-08-22T09:05:17.354Z,FALSE,"",17:55,TRUE
fare_DEL-CCU_6E_2026-08-29_T+7_1787389698953_kkk8,DEL-CCU,EaseMyTrip,6E,6E-6415,2026-08-29,T+7,6930,1521,8451,2026-08-22T09:05:17.354Z,FALSE,"",16:00,TRUE
fare_DEL-CCU_6E_2026-08-29_T+7_1787389698953_ypb3,DEL-CCU,EaseMyTrip,6E,6E-792,2026-08-29,T+7,6930,1521,8451,2026-08-22T09:05:17.354Z,FALSE,"",14:25,TRUE
fare_DEL-CCU_6E_2026-08-29_T+7_1787389698953_gots,DEL-CCU,EaseMyTrip,6E,6E-387,2026-08-29,T+7,6930,1521,8451,2026-08-22T09:05:17.354Z,FALSE,"",14:25,TRUE
fare_DEL-CCU_6E_2026-08-29_T+7_1787389698953_nkp3,DEL-CCU,EaseMyTrip,6E,6E-2487,2026-08-29,T+7,6930,1521,8451,2026-08-22T09:05:17.354Z,FALSE,"",11:50,TRUE
fare_DEL-CCU_6E_2026-08-29_T+7_1787389698953_xj2e,DEL-CCU,EaseMyTrip,6E,6E-389,2026-08-29,T+7,6930,1521,8451,2026-08-22T09:05:17.354Z,FALSE,"",10:15,TRUE
fare_DEL-CCU_6E_2026-08-29_T+7_1787389698953_z5ge,DEL-CCU,EaseMyTrip,6E,6E-689,2026-08-29,T+7,6930,1521,8451,2026-08-22T09:05:17.354Z,FALSE,"",10:15,TRUE
fare_DEL-CCU_6E_2026-08-29_T+7_1787389698953_m16e,DEL-CCU,EaseMyTrip,6E,6E-460,2026-08-29,T+7,6930,1521,8451,2026-08-22T09:05:17.354Z,FALSE,"",08:30,TRUE
fare_DEL-CCU_6E_2026-08-29_T+7_1787389698953_rw93,DEL-CCU,EaseMyTrip,6E,6E-782,2026-08-29,T+7,6930,1521,8451,2026-08-22T09:05:17.354Z,FALSE,"",08:30,TRUE
fare_DEL-CCU_6E_2026-08-29_T+7_1787389698953_n28h,DEL-CCU,EaseMyTrip,6E,6E-862,2026-08-29,T+7,6930,1521,8451,2026-08-22T09:05:17.354Z,FALSE,"",07:20,TRUE
fare_DEL-CCU_6E_2026-08-29_T+7_1787389698953_5ky5,DEL-CCU,EaseMyTrip,6E,6E-666,2026-08-29,T+7,6930,1521,8451,2026-08-22T09:05:17.354Z,FALSE,"",07:20,TRUE
fare_DEL-CCU_6E_2026-08-29_T+7_1787389698953_rick,DEL-CCU,EaseMyTrip,6E,6E-709,2026-08-29,T+7,6930,1521,8451,2026-08-22T09:05:17.354Z,FALSE,"",12:45,TRUE
fare_DEL-CCU_6E_2026-08-29_T+7_1787389698953_ueoe,DEL-CCU,EaseMyTrip,6E,6E-250,2026-08-29,T+7,6930,1521,8451,2026-08-22T09:05:17.354Z,FALSE,"",12:45,TRUE
fare_DEL-CCU_AI_2026-08-29_T+7_1787389698953_vv4m,DEL-CCU,EaseMyTrip,AI,AI-2709,2026-08-29,T+7,7094,1557,8651,2026-08-22T09:05:17.354Z,FALSE,"",19:10,TRUE
fare_DEL-CCU_AI_2026-08-29_T+7_1787389698953_otiy,DEL-CCU,EaseMyTrip,AI,AI-2702,2026-08-29,T+7,7094,1557,8651,2026-08-22T09:05:17.354Z,FALSE,"",02:30,TRUE
fare_DEL-CCU_AI_2026-08-29_T+7_1787389698953_gaup,DEL-CCU,EaseMyTrip,AI,AI-2535,2026-08-29,T+7,7094,1557,8651,2026-08-22T09:05:17.354Z,FALSE,"",06:15,TRUE
fare_DEL-CCU_AI_2026-08-29_T+7_1787389698953_z6zp,DEL-CCU,EaseMyTrip,AI,AI-2705,2026-08-29,T+7,7094,1557,8651,2026-08-22T09:05:17.354Z,FALSE,"",07:30,TRUE
fare_DEL-CCU_AI_2026-08-29_T+7_1787389698953_ks9c,DEL-CCU,EaseMyTrip,AI,AI-1791,2026-08-29,T+7,7094,1557,8651,2026-08-22T09:05:17.354Z,FALSE,"",09:30,TRUE
fare_DEL-CCU_AI_2026-08-29_T+7_1787389698953_u2fc,DEL-CCU,EaseMyTrip,AI,AI-1707,2026-08-29,T+7,7094,1557,8651,2026-08-22T09:05:17.354Z,FALSE,"",11:55,TRUE
fare_DEL-CCU_AI_2026-08-29_T+7_1787389698953_bk9i,DEL-CCU,EaseMyTrip,AI,AI-1704,2026-08-29,T+7,7094,1557,8651,2026-08-22T09:05:17.354Z,FALSE,"",13:00,TRUE
fare_DEL-CCU_AI_2026-08-29_T+7_1787389698953_3kap,DEL-CCU,EaseMyTrip,AI,AI-1733,2026-08-29,T+7,7094,1557,8651,2026-08-22T09:05:17.354Z,FALSE,"",16:15,TRUE
fare_DEL-CCU_AI_2026-08-29_T+7_1787389698953_i7fp,DEL-CCU,EaseMyTrip,AI,AI-2707,2026-08-29,T+7,7094,1557,8651,2026-08-22T09:05:17.354Z,FALSE,"",18:00,TRUE
fare_DEL-CCU_AI_2026-08-29_T+7_1787389698953_2p06,DEL-CCU,EaseMyTrip,AI,AI-2727,2026-08-29,T+7,7094,1557,8651,2026-08-22T09:05:17.354Z,FALSE,"",22:00,TRUE
fare_DEL-CCU_6E_2026-08-29_T+7_1787389698953_acdy,DEL-CCU,EaseMyTrip,6E,6E-6245,2026-08-29,T+7,7012,1539,8551,2026-08-22T09:05:17.354Z,FALSE,"",06:20,FALSE
fare_DEL-CCU_IX_2026-08-29_T+7_1787389698953_r3xp,DEL-CCU,EaseMyTrip,IX,IX-1085,2026-08-29,T+7,7377,1619,8996,2026-08-22T09:05:17.354Z,FALSE,"",12:55,FALSE
fare_DEL-CCU_IX_2026-08-29_T+7_1787389698953_znvw,DEL-CCU,EaseMyTrip,IX,IX-1069,2026-08-29,T+7,7377,1619,8996,2026-08-22T09:05:17.354Z,FALSE,"",11:35,FALSE
fare_DEL-CCU_IX_2026-08-29_T+7_1787389698953_8byp,DEL-CCU,EaseMyTrip,IX,IX-1035,2026-08-29,T+7,7377,1619,8996,2026-08-22T09:05:17.354Z,FALSE,"",08:10,FALSE
fare_DEL-CCU_IX_2026-08-29_T+7_1787389698953_54iy,DEL-CCU,EaseMyTrip,IX,IX-1032,2026-08-29,T+7,7377,1619,8996,2026-08-22T09:05:17.354Z,FALSE,"",05:45,FALSE
fare_DEL-CCU_6E_2026-08-29_T+7_1787389698953_qtbr,DEL-CCU,EaseMyTrip,6E,6E-6236,2026-08-29,T+7,7169,1574,8743,2026-08-22T09:05:17.354Z,FALSE,"",16:20,FALSE
fare_DEL-CCU_6E_2026-08-29_T+7_1787389698953_8hiu,DEL-CCU,EaseMyTrip,6E,6E-6440,2026-08-29,T+7,7169,1574,8743,2026-08-22T09:05:17.354Z,FALSE,"",16:40,FALSE
fare_DEL-CCU_6E_2026-08-29_T+7_1787389698953_z4cf,DEL-CCU,EaseMyTrip,6E,6E-2453,2026-08-29,T+7,7169,1574,8743,2026-08-22T09:05:17.354Z,FALSE,"",13:35,FALSE
fare_DEL-CCU_6E_2026-08-29_T+7_1787389698953_m01c,DEL-CCU,EaseMyTrip,6E,6E-2361,2026-08-29,T+7,7273,1596,8869,2026-08-22T09:05:17.354Z,FALSE,"",14:35,FALSE
fare_DEL-CCU_6E_2026-08-29_T+7_1787389698953_ljek,DEL-CCU,EaseMyTrip,6E,6E-5033,2026-08-29,T+7,7341,1612,8953,2026-08-22T09:05:17.354Z,FALSE,"",15:50,FALSE
fare_DEL-CCU_6E_2026-08-29_T+7_1787389698953_v774,DEL-CCU,EaseMyTrip,6E,6E-2614,2026-08-29,T+7,7341,1612,8953,2026-08-22T09:05:17.354Z,FALSE,"",14:40,FALSE
fare_DEL-CCU_6E_2026-08-29_T+7_1787389698953_3h3t,DEL-CCU,EaseMyTrip,6E,6E-2259,2026-08-29,T+7,7341,1612,8953,2026-08-22T09:05:17.354Z,FALSE,"",12:20,FALSE
fare_DEL-CCU_6E_2026-08-29_T+7_1787389698953_g789,DEL-CCU,EaseMyTrip,6E,6E-2037,2026-08-29,T+7,7341,1612,8953,2026-08-22T09:05:17.354Z,FALSE,"",10:55,FALSE
fare_DEL-CCU_6E_2026-08-29_T+7_1787389698953_owla,DEL-CCU,EaseMyTrip,6E,6E-6190,2026-08-29,T+7,7341,1612,8953,2026-08-22T09:05:17.354Z,FALSE,"",07:40,FALSE
fare_DEL-CCU_6E_2026-08-29_T+7_1787389698953_whu4,DEL-CCU,EaseMyTrip,6E,6E-5038,2026-08-29,T+7,7341,1612,8953,2026-08-22T09:05:17.354Z,FALSE,"",14:00,FALSE
fare_DEL-CCU_6E_2026-08-29_T+7_1787389698953_i6wc,DEL-CCU,EaseMyTrip,6E,6E-2296,2026-08-29,T+7,7341,1612,8953,2026-08-22T09:05:17.354Z,FALSE,"",09:20,FALSE
fare_DEL-CCU_6E_2026-08-29_T+7_1787389698953_hdhd,DEL-CCU,EaseMyTrip,6E,6E-6517,2026-08-29,T+7,7403,1625,9028,2026-08-22T09:05:17.354Z,FALSE,"",19:30,TRUE
fare_DEL-CCU_6E_2026-08-29_T+7_1787389698953_uo2a,DEL-CCU,EaseMyTrip,6E,6E-6378,2026-08-29,T+7,7428,1630,9058,2026-08-22T09:05:17.354Z,FALSE,"",14:40,FALSE
fare_DEL-CCU_6E_2026-08-29_T+7_1787389698953_7qba,DEL-CCU,EaseMyTrip,6E,6E-5307,2026-08-29,T+7,7428,1630,9058,2026-08-22T09:05:17.354Z,FALSE,"",10:50,FALSE
fare_DEL-CCU_6E_2026-08-29_T+7_1787389698953_ughy,DEL-CCU,EaseMyTrip,6E,6E-5215,2026-08-29,T+7,7428,1630,9058,2026-08-22T09:05:17.354Z,FALSE,"",07:45,FALSE
fare_DEL-CCU_6E_2026-08-29_T+7_1787389698953_3bmz,DEL-CCU,EaseMyTrip,6E,6E-5041,2026-08-29,T+7,7428,1630,9058,2026-08-22T09:05:17.354Z,FALSE,"",15:10,FALSE
fare_DEL-CCU_6E_2026-08-29_T+7_1787389698953_mbz0,DEL-CCU,EaseMyTrip,6E,6E-6124,2026-08-29,T+7,7428,1630,9058,2026-08-22T09:05:17.354Z,FALSE,"",07:30,FALSE
fare_DEL-CCU_6E_2026-08-29_T+7_1787389698953_mmed,DEL-CCU,EaseMyTrip,6E,6E-7624,2026-08-29,T+7,7519,1650,9169,2026-08-22T09:05:17.354Z,FALSE,"",05:50,FALSE
fare_DEL-CCU_IX_2026-08-29_T+7_1787389698953_7ruw,DEL-CCU,EaseMyTrip,IX,IX-1067,2026-08-29,T+7,7760,1703,9463,2026-08-22T09:05:17.354Z,FALSE,"",06:10,FALSE
fare_DEL-CCU_6E_2026-08-29_T+7_1787389698953_9xwi,DEL-CCU,EaseMyTrip,6E,6E-6503,2026-08-29,T+7,7600,1668,9268,2026-08-22T09:05:17.354Z,FALSE,"",13:25,FALSE
fare_DEL-CCU_6E_2026-08-29_T+7_1787389698953_yvuz,DEL-CCU,EaseMyTrip,6E,6E-383,2026-08-29,T+7,7621,1673,9294,2026-08-22T09:05:17.354Z,FALSE,"",02:25,FALSE
fare_DEL-CCU_6E_2026-08-29_T+7_1787389698953_u70l,DEL-CCU,EaseMyTrip,6E,6E-655,2026-08-29,T+7,7621,1673,9294,2026-08-22T09:05:17.354Z,FALSE,"",02:25,FALSE
fare_DEL-CCU_6E_2026-08-29_T+7_1787389698953_ocjq,DEL-CCU,EaseMyTrip,6E,6E-997,2026-08-29,T+7,7621,1673,9294,2026-08-22T09:05:17.354Z,FALSE,"",17:55,FALSE
fare_DEL-CCU_6E_2026-08-29_T+7_1787389698953_q2x3,DEL-CCU,EaseMyTrip,6E,6E-873,2026-08-29,T+7,7621,1673,9294,2026-08-22T09:05:17.354Z,FALSE,"",17:55,FALSE
fare_DEL-CCU_6E_2026-08-29_T+7_1787389698953_auf1,DEL-CCU,EaseMyTrip,6E,6E-6282,2026-08-29,T+7,7621,1673,9294,2026-08-22T09:05:17.354Z,FALSE,"",13:30,FALSE
fare_DEL-CCU_6E_2026-08-29_T+7_1787389698953_5qiw,DEL-CCU,EaseMyTrip,6E,6E-2331,2026-08-29,T+7,7621,1673,9294,2026-08-22T09:05:17.354Z,FALSE,"",12:20,FALSE
fare_DEL-CCU_6E_2026-08-29_T+7_1787389698953_7vr9,DEL-CCU,EaseMyTrip,6E,6E-6217,2026-08-29,T+7,7621,1673,9294,2026-08-22T09:05:17.354Z,FALSE,"",16:15,FALSE
fare_DEL-CCU_6E_2026-08-29_T+7_1787389698953_5mui,DEL-CCU,EaseMyTrip,6E,6E-5073,2026-08-29,T+7,7621,1673,9294,2026-08-22T09:05:17.354Z,FALSE,"",17:05,FALSE
fare_DEL-CCU_6E_2026-08-29_T+7_1787389698953_9xv5,DEL-CCU,EaseMyTrip,6E,6E-332,2026-08-29,T+7,7621,1673,9294,2026-08-22T09:05:17.354Z,FALSE,"",02:25,FALSE
fare_DEL-CCU_6E_2026-08-29_T+7_1787389698953_m7kd,DEL-CCU,EaseMyTrip,6E,6E-230,2026-08-29,T+7,7621,1673,9294,2026-08-22T09:05:17.354Z,FALSE,"",02:25,FALSE
fare_DEL-CCU_6E_2026-08-29_T+7_1787389698953_zkj9,DEL-CCU,EaseMyTrip,6E,6E-6371,2026-08-29,T+7,7707,1692,9399,2026-08-22T09:05:17.354Z,FALSE,"",06:20,FALSE
fare_DEL-CCU_QP_2026-08-29_T+7_1787389698953_n9tk,DEL-CCU,EaseMyTrip,QP,QP-1826,2026-08-29,T+7,7728,1697,9425,2026-08-22T09:05:17.354Z,FALSE,"",19:55,FALSE
fare_DEL-CCU_IX_2026-08-29_T+7_1787389698953_3v5a,DEL-CCU,EaseMyTrip,IX,IX-1063,2026-08-29,T+7,8033,1763,9796,2026-08-22T09:05:17.354Z,FALSE,"",20:00,FALSE
fare_DEL-CCU_6E_2026-08-29_T+7_1787389698953_f4rf,DEL-CCU,EaseMyTrip,6E,6E-2571,2026-08-29,T+7,7861,1726,9587,2026-08-22T09:05:17.354Z,FALSE,"",12:30,FALSE
fare_DEL-CCU_6E_2026-08-29_T+7_1787389698953_x46u,DEL-CCU,EaseMyTrip,6E,6E-7628,2026-08-29,T+7,8129,1784,9913,2026-08-22T09:05:17.354Z,FALSE,"",15:05,FALSE
fare_DEL-CCU_6E_2026-08-29_T+7_1787389698953_3d2o,DEL-CCU,EaseMyTrip,6E,6E-463,2026-08-29,T+7,8232,1807,10039,2026-08-22T09:05:17.354Z,FALSE,"",11:45,FALSE
fare_DEL-CCU_6E_2026-08-29_T+7_1787389698953_xssx,DEL-CCU,EaseMyTrip,6E,6E-308,2026-08-29,T+7,8232,1807,10039,2026-08-22T09:05:17.354Z,FALSE,"",11:45,FALSE
fare_DEL-CCU_6E_2026-08-29_T+7_1787389698953_nrfr,DEL-CCU,EaseMyTrip,6E,6E-6459,2026-08-29,T+7,9294,2040,11334,2026-08-22T09:05:17.354Z,FALSE,"",05:55,FALSE
fare_DEL-CCU_6E_2026-08-29_T+7_1787389698953_41p1,DEL-CCU,EaseMyTrip,6E,6E-5119,2026-08-29,T+7,9656,2119,11775,2026-08-22T09:05:17.354Z,FALSE,"",05:10,FALSE
fare_DEL-CCU_AI_2026-08-29_T+7_1787389698953_c9ln,DEL-CCU,EaseMyTrip,AI,AI-879,2026-08-29,T+7,10455,2295,12750,2026-08-22T09:05:17.354Z,FALSE,"",06:40,FALSE
fare_DEL-CCU_AI_2026-08-29_T+7_1787389698953_fxd0,DEL-CCU,EaseMyTrip,AI,AI-2947,2026-08-29,T+7,10973,2409,13382,2026-08-22T09:05:17.354Z,FALSE,"",14:30,FALSE
fare_DEL-CCU_6E_2026-08-29_T+7_1787389698953_x8m7,DEL-CCU,EaseMyTrip,6E,6E-6073,2026-08-29,T+7,11059,2428,13487,2026-08-22T09:05:17.354Z,FALSE,"",05:00,FALSE
fare_DEL-CCU_QP_2026-08-29_T+7_1787389698953_qf0h,DEL-CCU,EaseMyTrip,QP,QP-1942,2026-08-29,T+7,11146,2447,13593,2026-08-22T09:05:17.354Z,FALSE,"",21:05,FALSE
fare_DEL-CCU_6E_2026-08-29_T+7_1787389698953_alrz,DEL-CCU,EaseMyTrip,6E,6E-683,2026-08-29,T+7,12017,2638,14655,2026-08-22T09:05:17.354Z,FALSE,"",08:30,FALSE
fare_DEL-CCU_6E_2026-08-29_T+7_1787389698953_kvhd,DEL-CCU,EaseMyTrip,6E,6E-130,2026-08-29,T+7,12017,2638,14655,2026-08-22T09:05:17.354Z,FALSE,"",08:30,FALSE
fare_DEL-CCU_6E_2026-08-29_T+7_1787389698953_og3g,DEL-CCU,EaseMyTrip,6E,6E-392,2026-08-29,T+7,12017,2638,14655,2026-08-22T09:05:17.354Z,FALSE,"",07:10,FALSE
fare_DEL-CCU_6E_2026-08-29_T+7_1787389698953_nq86,DEL-CCU,EaseMyTrip,6E,6E-447,2026-08-29,T+7,12017,2638,14655,2026-08-22T09:05:17.354Z,FALSE,"",07:10,FALSE
fare_DEL-CCU_AI_2026-08-29_T+7_1787389698953_c1yh,DEL-CCU,EaseMyTrip,AI,AI-9484,2026-08-29,T+7,12252,2689,14941,2026-08-22T09:05:17.354Z,FALSE,"",06:00,FALSE
fare_DEL-CCU_6E_2026-08-29_T+7_1787389698953_uilx,DEL-CCU,EaseMyTrip,6E,6E-6829,2026-08-29,T+7,12146,2666,14812,2026-08-22T09:05:17.354Z,FALSE,"",17:20,FALSE
fare_DEL-CCU_AI_2026-08-29_T+7_1787389698953_rocr,DEL-CCU,EaseMyTrip,AI,AI-2425,2026-08-29,T+7,12471,2737,15208,2026-08-22T09:05:17.354Z,FALSE,"",10:30,FALSE
fare_DEL-CCU_AI_2026-08-29_T+7_1787389698953_k508,DEL-CCU,EaseMyTrip,AI,AI-2933,2026-08-29,T+7,12471,2737,15208,2026-08-22T09:05:17.354Z,FALSE,"",15:30,FALSE
fare_DEL-CCU_AI_2026-08-29_T+7_1787389698953_jpaq,DEL-CCU,EaseMyTrip,AI,AI-441,2026-08-29,T+7,12471,2737,15208,2026-08-22T09:05:17.354Z,FALSE,"",17:00,FALSE
fare_DEL-CCU_AI_2026-08-29_T+7_1787389698953_q75j,DEL-CCU,EaseMyTrip,AI,AI-2943,2026-08-29,T+7,12471,2737,15208,2026-08-22T09:05:17.354Z,FALSE,"",07:30,FALSE
fare_DEL-CCU_AI_2026-08-29_T+7_1787389698953_fn3d,DEL-CCU,EaseMyTrip,AI,AI-537,2026-08-29,T+7,12726,2794,15520,2026-08-22T09:05:17.354Z,FALSE,"",15:45,FALSE
fare_DEL-CCU_AI_2026-08-29_T+7_1787389698953_my3i,DEL-CCU,EaseMyTrip,AI,AI-2496,2026-08-29,T+7,12940,2841,15781,2026-08-22T09:05:17.354Z,FALSE,"",03:00,FALSE
fare_DEL-CCU_AI_2026-08-29_T+7_1787389698953_tdpq,DEL-CCU,EaseMyTrip,AI,AI-2909,2026-08-29,T+7,13133,2883,16016,2026-08-22T09:05:17.354Z,FALSE,"",22:30,FALSE
fare_DEL-CCU_AI_2026-08-29_T+7_1787389698953_sals,DEL-CCU,EaseMyTrip,AI,AI-9486,2026-08-29,T+7,13285,2916,16201,2026-08-22T09:05:17.354Z,FALSE,"",17:50,FALSE
fare_DEL-CCU_AI_2026-08-29_T+7_1787389698953_y28h,DEL-CCU,EaseMyTrip,AI,AI-1777,2026-08-29,T+7,14253,3129,17382,2026-08-22T09:05:17.354Z,FALSE,"",16:00,FALSE
fare_DEL-CCU_AI_2026-08-29_T+7_1787389698953_tvb8,DEL-CCU,EaseMyTrip,AI,AI-2927,2026-08-29,T+7,14253,3129,17382,2026-08-22T09:05:17.354Z,FALSE,"",09:30,FALSE
fare_DEL-CCU_AI_2026-08-29_T+7_1787389698953_0opi,DEL-CCU,EaseMyTrip,AI,AI-2963,2026-08-29,T+7,14253,3129,17382,2026-08-22T09:05:17.354Z,FALSE,"",09:00,FALSE
fare_DEL-CCU_AI_2026-08-29_T+7_1787389698953_8r2f,DEL-CCU,EaseMyTrip,AI,AI-2429,2026-08-29,T+7,14253,3129,17382,2026-08-22T09:05:17.354Z,FALSE,"",07:00,FALSE
fare_DEL-CCU_AI_2026-08-29_T+7_1787389698953_e246,DEL-CCU,EaseMyTrip,AI,AI-1785,2026-08-29,T+7,14253,3129,17382,2026-08-22T09:05:17.354Z,FALSE,"",12:00,FALSE
fare_DEL-CCU_AI_2026-08-29_T+7_1787389698953_gkm3,DEL-CCU,EaseMyTrip,AI,AI-2975,2026-08-29,T+7,14253,3129,17382,2026-08-22T09:05:17.354Z,FALSE,"",06:30,FALSE
fare_DEL-CCU_AI_2026-08-29_T+7_1787389698953_gzbq,DEL-CCU,EaseMyTrip,AI,AI-1745,2026-08-29,T+7,14253,3129,17382,2026-08-22T09:05:17.354Z,FALSE,"",05:30,FALSE
fare_DEL-CCU_AI_2026-08-29_T+7_1787389698953_v3x2,DEL-CCU,EaseMyTrip,AI,AI-2615,2026-08-29,T+7,14588,3202,17790,2026-08-22T09:05:17.354Z,FALSE,"",02:45,FALSE
fare_DEL-CCU_AI_2026-08-29_T+7_1787389698953_b538,DEL-CCU,EaseMyTrip,AI,AI-2502,2026-08-29,T+7,14699,3227,17926,2026-08-22T09:05:17.354Z,FALSE,"",03:15,FALSE
fare_DEL-CCU_AI_2026-08-29_T+7_1787389698953_2kss,DEL-CCU,EaseMyTrip,AI,AI-2803,2026-08-29,T+7,14699,3227,17926,2026-08-22T09:05:17.354Z,FALSE,"",06:30,FALSE
fare_DEL-CCU_AI_2026-08-29_T+7_1787389698953_j3e3,DEL-CCU,EaseMyTrip,AI,AI-2757,2026-08-29,T+7,14699,3227,17926,2026-08-22T09:05:17.354Z,FALSE,"",00:15,FALSE
fare_DEL-CCU_AI_2026-08-29_T+7_1787389698953_nvb5,DEL-CCU,EaseMyTrip,AI,AI-2653,2026-08-29,T+7,14699,3227,17926,2026-08-22T09:05:17.354Z,FALSE,"",04:30,FALSE
fare_DEL-CCU_AI_2026-08-29_T+7_1787389698953_9tii,DEL-CCU,EaseMyTrip,AI,AI-2877,2026-08-29,T+7,14890,3268,18158,2026-08-22T09:05:17.354Z,FALSE,"",12:45,FALSE
fare_DEL-CCU_IX_2026-08-29_T+7_1787389698953_kmf4,DEL-CCU,EaseMyTrip,IX,IX-1482,2026-08-29,T+7,15060,3306,18366,2026-08-22T09:05:17.354Z,FALSE,"",08:30,FALSE
fare_DEL-CCU_IX_2026-08-29_T+7_1787389698953_164z,DEL-CCU,EaseMyTrip,IX,IX-1070,2026-08-29,T+7,15644,3434,19078,2026-08-22T09:05:17.354Z,FALSE,"",18:40,FALSE
fare_DEL-CCU_AI_2026-08-29_T+7_1787389698953_f79w,DEL-CCU,EaseMyTrip,AI,AI-2485,2026-08-29,T+7,16537,3630,20167,2026-08-22T09:05:17.354Z,FALSE,"",12:00,FALSE
fare_DEL-CCU_AI_2026-08-29_T+7_1787389698953_ngpi,DEL-CCU,EaseMyTrip,AI,AI-2819,2026-08-29,T+7,18112,3976,22088,2026-08-22T09:05:17.354Z,FALSE,"",15:00,FALSE
fare_DEL-CCU_AI_2026-08-29_T+7_1787389698953_8m0e,DEL-CCU,EaseMyTrip,AI,AI-2417,2026-08-29,T+7,19953,4380,24333,2026-08-22T09:05:17.354Z,TRUE,"High outlier: ₹24333 > upper fence ₹23661 (Q3: ₹14655, IQR: ₹6004)",13:00,FALSE
fare_MAA-DEL_6E_2026-08-23_T+1_1787389698954_rikz,MAA-DEL,EaseMyTrip,6E,6E-119,2026-08-23,T+1,9153,2009,11162,2026-08-22T09:05:45.562Z,FALSE,"",16:35,FALSE
fare_MAA-DEL_6E_2026-08-23_T+1_1787389698954_2ked,MAA-DEL,EaseMyTrip,6E,6E-628,2026-08-23,T+1,9153,2009,11162,2026-08-22T09:05:45.562Z,FALSE,"",16:35,FALSE
fare_MAA-DEL_6E_2026-08-23_T+1_1787389698954_bfgc,MAA-DEL,EaseMyTrip,6E,6E-232,2026-08-23,T+1,9218,2023,11241,2026-08-22T09:05:45.562Z,FALSE,"",18:20,FALSE
fare_MAA-DEL_6E_2026-08-23_T+1_1787389698954_x945,MAA-DEL,EaseMyTrip,6E,6E-771,2026-08-23,T+1,9218,2023,11241,2026-08-22T09:05:45.562Z,FALSE,"",18:20,FALSE
fare_MAA-DEL_6E_2026-08-23_T+1_1787389698954_hkv6,MAA-DEL,EaseMyTrip,6E,6E-5371,2026-08-23,T+1,9325,2047,11372,2026-08-22T09:05:45.562Z,FALSE,"",14:45,FALSE
fare_MAA-DEL_6E_2026-08-23_T+1_1787389698954_fkcf,MAA-DEL,EaseMyTrip,6E,6E-104,2026-08-23,T+1,9325,2047,11372,2026-08-22T09:05:45.562Z,FALSE,"",18:05,FALSE
fare_MAA-DEL_6E_2026-08-23_T+1_1787389698954_bka7,MAA-DEL,EaseMyTrip,6E,6E-529,2026-08-23,T+1,9325,2047,11372,2026-08-22T09:05:45.562Z,FALSE,"",18:05,FALSE
fare_MAA-DEL_6E_2026-08-23_T+1_1787389698954_yeau,MAA-DEL,EaseMyTrip,6E,6E-5214,2026-08-23,T+1,9325,2047,11372,2026-08-22T09:05:45.562Z,FALSE,"",11:00,FALSE
fare_MAA-DEL_6E_2026-08-23_T+1_1787389698954_rzt0,MAA-DEL,EaseMyTrip,6E,6E-161,2026-08-23,T+1,9768,2144,11912,2026-08-22T09:05:45.562Z,FALSE,"",06:30,TRUE
fare_MAA-DEL_6E_2026-08-23_T+1_1787389698954_uxp3,MAA-DEL,EaseMyTrip,6E,6E-334,2026-08-23,T+1,9768,2144,11912,2026-08-22T09:05:45.562Z,FALSE,"",06:30,TRUE
fare_MAA-DEL_6E_2026-08-23_T+1_1787389698954_vx72,MAA-DEL,EaseMyTrip,6E,6E-364,2026-08-23,T+1,9899,2173,12072,2026-08-22T09:05:45.562Z,FALSE,"",18:15,FALSE
fare_MAA-DEL_6E_2026-08-23_T+1_1787389698954_npy9,MAA-DEL,EaseMyTrip,6E,6E-701,2026-08-23,T+1,9899,2173,12072,2026-08-22T09:05:45.562Z,FALSE,"",18:15,FALSE
fare_MAA-DEL_AI_2026-08-23_T+1_1787389698954_sayi,MAA-DEL,EaseMyTrip,AI,AI-2886,2026-08-23,T+1,10632,2334,12966,2026-08-22T09:05:45.562Z,FALSE,"",08:05,TRUE
fare_MAA-DEL_6E_2026-08-23_T+1_1787389698954_re5z,MAA-DEL,EaseMyTrip,6E,6E-432,2026-08-23,T+1,10752,2360,13112,2026-08-22T09:05:45.562Z,FALSE,"",21:50,TRUE
fare_MAA-DEL_6E_2026-08-23_T+1_1787389698954_f3ho,MAA-DEL,EaseMyTrip,6E,6E-926,2026-08-23,T+1,10752,2360,13112,2026-08-22T09:05:45.562Z,FALSE,"",21:50,TRUE
fare_MAA-DEL_6E_2026-08-23_T+1_1787389698954_o3n4,MAA-DEL,EaseMyTrip,6E,6E-2369,2026-08-23,T+1,10752,2360,13112,2026-08-22T09:05:45.562Z,FALSE,"",23:45,TRUE
fare_MAA-DEL_6E_2026-08-23_T+1_1787389698954_8ll0,MAA-DEL,EaseMyTrip,6E,6E-592,2026-08-23,T+1,10752,2360,13112,2026-08-22T09:05:45.562Z,FALSE,"",09:15,TRUE
fare_MAA-DEL_6E_2026-08-23_T+1_1787389698954_exqx,MAA-DEL,EaseMyTrip,6E,6E-255,2026-08-23,T+1,10752,2360,13112,2026-08-22T09:05:45.562Z,FALSE,"",09:15,TRUE
fare_MAA-DEL_6E_2026-08-23_T+1_1787389698954_nlyd,MAA-DEL,EaseMyTrip,6E,6E-5258,2026-08-23,T+1,10892,2391,13283,2026-08-22T09:05:45.562Z,FALSE,"",12:45,FALSE
fare_MAA-DEL_AI_2026-08-23_T+1_1787389698954_yjcj,MAA-DEL,EaseMyTrip,AI,AI-2719,2026-08-23,T+1,11138,2445,13583,2026-08-22T09:05:45.562Z,FALSE,"",08:50,TRUE
fare_MAA-DEL_6E_2026-08-23_T+1_1787389698954_ewnv,MAA-DEL,EaseMyTrip,6E,6E-424,2026-08-23,T+1,11623,2551,14174,2026-08-22T09:05:45.562Z,FALSE,"",11:55,FALSE
fare_MAA-DEL_6E_2026-08-23_T+1_1787389698954_339x,MAA-DEL,EaseMyTrip,6E,6E-906,2026-08-23,T+1,11623,2551,14174,2026-08-22T09:05:45.562Z,FALSE,"",11:55,FALSE
fare_MAA-DEL_AI_2026-08-23_T+1_1787389698954_24w5,MAA-DEL,EaseMyTrip,AI,AI-2832,2026-08-23,T+1,11888,2609,14497,2026-08-22T09:05:45.562Z,FALSE,"",06:55,TRUE
fare_MAA-DEL_AI_2026-08-23_T+1_1787389698954_8lzy,MAA-DEL,EaseMyTrip,AI,AI-1845,2026-08-23,T+1,11888,2609,14497,2026-08-22T09:05:45.562Z,FALSE,"",23:20,TRUE
fare_MAA-DEL_6E_2026-08-23_T+1_1787389698954_385h,MAA-DEL,EaseMyTrip,6E,6E-5367,2026-08-23,T+1,11795,2589,14384,2026-08-22T09:05:45.562Z,FALSE,"",18:15,FALSE
fare_MAA-DEL_6E_2026-08-23_T+1_1787389698954_j3of,MAA-DEL,EaseMyTrip,6E,6E-632,2026-08-23,T+1,11851,2602,14453,2026-08-22T09:05:45.562Z,FALSE,"",13:00,TRUE
fare_MAA-DEL_6E_2026-08-23_T+1_1787389698954_5drg,MAA-DEL,EaseMyTrip,6E,6E-536,2026-08-23,T+1,11851,2602,14453,2026-08-22T09:05:45.562Z,FALSE,"",13:00,TRUE
fare_MAA-DEL_6E_2026-08-23_T+1_1787389698954_mnmf,MAA-DEL,EaseMyTrip,6E,6E-6002,2026-08-23,T+1,11851,2602,14453,2026-08-22T09:05:45.562Z,FALSE,"",11:10,TRUE
fare_MAA-DEL_6E_2026-08-23_T+1_1787389698954_je34,MAA-DEL,EaseMyTrip,6E,6E-399,2026-08-23,T+1,11872,2606,14478,2026-08-22T09:05:45.562Z,FALSE,"",03:10,FALSE
fare_MAA-DEL_6E_2026-08-23_T+1_1787389698954_u6ax,MAA-DEL,EaseMyTrip,6E,6E-451,2026-08-23,T+1,11872,2606,14478,2026-08-22T09:05:45.562Z,FALSE,"",03:10,FALSE
fare_MAA-DEL_AI_2026-08-23_T+1_1787389698954_sft3,MAA-DEL,EaseMyTrip,AI,AI-2526,2026-08-23,T+1,12202,2679,14881,2026-08-22T09:05:45.562Z,FALSE,"",09:50,TRUE
fare_MAA-DEL_AI_2026-08-23_T+1_1787389698954_4q1i,MAA-DEL,EaseMyTrip,AI,AI-538,2026-08-23,T+1,12411,2724,15135,2026-08-22T09:05:45.562Z,FALSE,"",20:10,TRUE
fare_MAA-DEL_6E_2026-08-23_T+1_1787389698954_kqom,MAA-DEL,EaseMyTrip,6E,6E-694,2026-08-23,T+1,12613,2769,15382,2026-08-22T09:05:45.562Z,FALSE,"",22:20,FALSE
fare_MAA-DEL_6E_2026-08-23_T+1_1787389698954_7ygg,MAA-DEL,EaseMyTrip,6E,6E-818,2026-08-23,T+1,12613,2769,15382,2026-08-22T09:05:45.562Z,FALSE,"",22:20,FALSE
fare_MAA-DEL_6E_2026-08-23_T+1_1787389698954_09b2,MAA-DEL,EaseMyTrip,6E,6E-6140,2026-08-23,T+1,12791,2808,15599,2026-08-22T09:05:45.562Z,FALSE,"",02:30,FALSE
fare_MAA-DEL_QP_2026-08-23_T+1_1787389698954_m3xa,MAA-DEL,EaseMyTrip,QP,QP-1146,2026-08-23,T+1,13070,2869,15939,2026-08-22T09:05:45.562Z,FALSE,"",13:35,FALSE
fare_MAA-DEL_6E_2026-08-23_T+1_1787389698954_c6i9,MAA-DEL,EaseMyTrip,6E,6E-381,2026-08-23,T+1,13163,2890,16053,2026-08-22T09:05:45.562Z,FALSE,"",05:40,FALSE
fare_MAA-DEL_6E_2026-08-23_T+1_1787389698954_psrx,MAA-DEL,EaseMyTrip,6E,6E-486,2026-08-23,T+1,13163,2890,16053,2026-08-22T09:05:45.562Z,FALSE,"",05:40,FALSE
fare_MAA-DEL_6E_2026-08-23_T+1_1787389698954_51fp,MAA-DEL,EaseMyTrip,6E,6E-729,2026-08-23,T+1,13748,3018,16766,2026-08-22T09:05:45.562Z,FALSE,"",19:00,TRUE
fare_MAA-DEL_6E_2026-08-23_T+1_1787389698954_p9t8,MAA-DEL,EaseMyTrip,6E,6E-917,2026-08-23,T+1,13748,3018,16766,2026-08-22T09:05:45.562Z,FALSE,"",19:00,TRUE
fare_MAA-DEL_6E_2026-08-23_T+1_1787389698954_8in7,MAA-DEL,EaseMyTrip,6E,6E-454,2026-08-23,T+1,13748,3018,16766,2026-08-22T09:05:45.562Z,FALSE,"",14:30,TRUE
fare_MAA-DEL_6E_2026-08-23_T+1_1787389698954_m48a,MAA-DEL,EaseMyTrip,6E,6E-384,2026-08-23,T+1,13748,3018,16766,2026-08-22T09:05:45.562Z,FALSE,"",14:30,TRUE
fare_MAA-DEL_6E_2026-08-23_T+1_1787389698954_7jha,MAA-DEL,EaseMyTrip,6E,6E-745,2026-08-23,T+1,13769,3022,16791,2026-08-22T09:05:45.562Z,FALSE,"",16:15,FALSE
fare_MAA-DEL_6E_2026-08-23_T+1_1787389698954_kx5c,MAA-DEL,EaseMyTrip,6E,6E-863,2026-08-23,T+1,13769,3022,16791,2026-08-22T09:05:45.562Z,FALSE,"",16:15,FALSE
fare_MAA-DEL_AI_2026-08-23_T+1_1787389698954_64w4,MAA-DEL,EaseMyTrip,AI,AI-2476,2026-08-23,T+1,13987,3070,17057,2026-08-22T09:05:45.562Z,FALSE,"",14:25,TRUE
fare_MAA-DEL_6E_2026-08-23_T+1_1787389698954_euq3,MAA-DEL,EaseMyTrip,6E,6E-6348,2026-08-23,T+1,14056,3086,17142,2026-08-22T09:05:45.562Z,FALSE,"",09:00,FALSE
fare_MAA-DEL_AI_2026-08-23_T+1_1787389698954_2bzn,MAA-DEL,EaseMyTrip,AI,AI-2468,2026-08-23,T+1,14364,3153,17517,2026-08-22T09:05:45.562Z,FALSE,"",14:00,TRUE
fare_MAA-DEL_IX_2026-08-23_T+1_1787389698954_r6qq,MAA-DEL,EaseMyTrip,IX,IX-1354,2026-08-23,T+1,14712,3229,17941,2026-08-22T09:05:45.562Z,FALSE,"",14:35,FALSE
fare_MAA-DEL_IX_2026-08-23_T+1_1787389698954_1ubk,MAA-DEL,EaseMyTrip,IX,IX-1385,2026-08-23,T+1,15039,3301,18340,2026-08-22T09:05:45.562Z,FALSE,"",08:45,FALSE
fare_MAA-DEL_6E_2026-08-23_T+1_1787389698954_x9g9,MAA-DEL,EaseMyTrip,6E,6E-502,2026-08-23,T+1,15203,3337,18540,2026-08-22T09:05:45.562Z,FALSE,"",17:45,FALSE
fare_MAA-DEL_6E_2026-08-23_T+1_1787389698954_1y0m,MAA-DEL,EaseMyTrip,6E,6E-877,2026-08-23,T+1,15203,3337,18540,2026-08-22T09:05:45.562Z,FALSE,"",17:45,FALSE
fare_MAA-DEL_6E_2026-08-23_T+1_1787389698954_fez2,MAA-DEL,EaseMyTrip,6E,6E-452,2026-08-23,T+1,15505,3403,18908,2026-08-22T09:05:45.562Z,FALSE,"",07:10,FALSE
fare_MAA-DEL_6E_2026-08-23_T+1_1787389698954_9rnp,MAA-DEL,EaseMyTrip,6E,6E-791,2026-08-23,T+1,15505,3403,18908,2026-08-22T09:05:45.562Z,FALSE,"",07:10,FALSE
fare_MAA-DEL_6E_2026-08-23_T+1_1787389698954_gu4w,MAA-DEL,EaseMyTrip,6E,6E-778,2026-08-23,T+1,16158,3547,19705,2026-08-22T09:05:45.562Z,FALSE,"",07:10,FALSE
fare_MAA-DEL_6E_2026-08-23_T+1_1787389698954_df0b,MAA-DEL,EaseMyTrip,6E,6E-820,2026-08-23,T+1,16158,3547,19705,2026-08-22T09:05:45.562Z,FALSE,"",07:10,FALSE
fare_MAA-DEL_AI_2026-08-23_T+1_1787389698954_unoq,MAA-DEL,EaseMyTrip,AI,AI-9763,2026-08-23,T+1,16425,3605,20030,2026-08-22T09:05:45.562Z,FALSE,"",08:45,FALSE
fare_MAA-DEL_AI_2026-08-23_T+1_1787389698954_7i6p,MAA-DEL,EaseMyTrip,AI,AI-9789,2026-08-23,T+1,16495,3621,20116,2026-08-22T09:05:45.562Z,FALSE,"",14:35,FALSE
fare_MAA-DEL_6E_2026-08-23_T+1_1787389698954_ztyg,MAA-DEL,EaseMyTrip,6E,6E-6113,2026-08-23,T+1,16393,3598,19991,2026-08-22T09:05:45.562Z,FALSE,"",17:00,FALSE
fare_MAA-DEL_IX_2026-08-23_T+1_1787389698954_vej0,MAA-DEL,EaseMyTrip,IX,IX-2661,2026-08-23,T+1,16934,3717,20651,2026-08-22T09:05:45.562Z,FALSE,"",22:05,FALSE
fare_MAA-DEL_6E_2026-08-23_T+1_1787389698954_4pp8,MAA-DEL,EaseMyTrip,6E,6E-322,2026-08-23,T+1,16963,3724,20687,2026-08-22T09:05:45.562Z,FALSE,"",12:30,FALSE
fare_MAA-DEL_6E_2026-08-23_T+1_1787389698954_ssrx,MAA-DEL,EaseMyTrip,6E,6E-787,2026-08-23,T+1,16963,3724,20687,2026-08-22T09:05:45.562Z,FALSE,"",12:30,FALSE
fare_MAA-DEL_6E_2026-08-23_T+1_1787389698954_g1xk,MAA-DEL,EaseMyTrip,6E,6E-6487,2026-08-23,T+1,16965,3724,20689,2026-08-22T09:05:45.562Z,FALSE,"",21:25,FALSE
fare_MAA-DEL_6E_2026-08-23_T+1_1787389698954_nfuq,MAA-DEL,EaseMyTrip,6E,6E-867,2026-08-23,T+1,16965,3724,20689,2026-08-22T09:05:45.562Z,FALSE,"",20:00,FALSE
fare_MAA-DEL_6E_2026-08-23_T+1_1787389698954_9xwu,MAA-DEL,EaseMyTrip,6E,6E-537,2026-08-23,T+1,16965,3724,20689,2026-08-22T09:05:45.562Z,FALSE,"",20:00,FALSE
fare_MAA-DEL_AI_2026-08-23_T+1_1787389698954_72w4,MAA-DEL,EaseMyTrip,AI,AI-2878,2026-08-23,T+1,17205,3777,20982,2026-08-22T09:05:45.562Z,FALSE,"",16:20,TRUE
fare_MAA-DEL_6E_2026-08-23_T+1_1787389698954_fnva,MAA-DEL,EaseMyTrip,6E,6E-6815,2026-08-23,T+1,17755,3898,21653,2026-08-22T09:05:45.562Z,FALSE,"",08:55,FALSE
fare_MAA-DEL_AI_2026-08-23_T+1_1787389698954_hxbu,MAA-DEL,EaseMyTrip,AI,AI-2779,2026-08-23,T+1,18195,3994,22189,2026-08-22T09:05:45.562Z,FALSE,"",07:00,FALSE
fare_MAA-DEL_6E_2026-08-23_T+1_1787389698954_qix3,MAA-DEL,EaseMyTrip,6E,6E-146,2026-08-23,T+1,18177,3990,22167,2026-08-22T09:05:45.562Z,FALSE,"",08:20,FALSE
fare_MAA-DEL_6E_2026-08-23_T+1_1787389698954_7igh,MAA-DEL,EaseMyTrip,6E,6E-974,2026-08-23,T+1,18177,3990,22167,2026-08-22T09:05:45.562Z,FALSE,"",08:20,FALSE
fare_MAA-DEL_6E_2026-08-23_T+1_1787389698954_qe78,MAA-DEL,EaseMyTrip,6E,6E-6081,2026-08-23,T+1,18493,4060,22553,2026-08-22T09:05:45.562Z,FALSE,"",07:05,FALSE
fare_MAA-DEL_6E_2026-08-23_T+1_1787389698954_lnwo,MAA-DEL,EaseMyTrip,6E,6E-414,2026-08-23,T+1,18639,4092,22731,2026-08-22T09:05:45.562Z,FALSE,"",16:45,TRUE
fare_MAA-DEL_6E_2026-08-23_T+1_1787389698954_hbtc,MAA-DEL,EaseMyTrip,6E,6E-344,2026-08-23,T+1,18639,4092,22731,2026-08-22T09:05:45.562Z,FALSE,"",16:45,TRUE
fare_MAA-DEL_6E_2026-08-23_T+1_1787389698954_8vvo,MAA-DEL,EaseMyTrip,6E,6E-458,2026-08-23,T+1,18686,4102,22788,2026-08-22T09:05:45.562Z,FALSE,"",09:05,FALSE
fare_MAA-DEL_6E_2026-08-23_T+1_1787389698954_hvg7,MAA-DEL,EaseMyTrip,6E,6E-578,2026-08-23,T+1,18686,4102,22788,2026-08-22T09:05:45.562Z,FALSE,"",09:05,FALSE
fare_MAA-DEL_6E_2026-08-23_T+1_1787389698954_e8gs,MAA-DEL,EaseMyTrip,6E,6E-141,2026-08-23,T+1,18686,4102,22788,2026-08-22T09:05:45.562Z,FALSE,"",09:05,FALSE
fare_MAA-DEL_6E_2026-08-23_T+1_1787389698954_xr2a,MAA-DEL,EaseMyTrip,6E,6E-137,2026-08-23,T+1,18686,4102,22788,2026-08-22T09:05:45.562Z,FALSE,"",09:05,FALSE
fare_MAA-DEL_6E_2026-08-23_T+1_1787389698954_v1yt,MAA-DEL,EaseMyTrip,6E,6E-122,2026-08-23,T+1,18706,4106,22812,2026-08-22T09:05:45.562Z,FALSE,"",19:05,FALSE
fare_MAA-DEL_6E_2026-08-23_T+1_1787389698954_q6z2,MAA-DEL,EaseMyTrip,6E,6E-490,2026-08-23,T+1,18706,4106,22812,2026-08-22T09:05:45.562Z,FALSE,"",19:05,FALSE
fare_MAA-DEL_AI_2026-08-23_T+1_1787389698954_f21d,MAA-DEL,EaseMyTrip,AI,AI-2822,2026-08-23,T+1,18924,4154,23078,2026-08-22T09:05:45.562Z,FALSE,"",09:35,FALSE
fare_MAA-DEL_AI_2026-08-23_T+1_1787389698954_w9dq,MAA-DEL,EaseMyTrip,AI,AI-436,2026-08-23,T+1,19258,4227,23485,2026-08-22T09:05:45.562Z,FALSE,"",21:05,FALSE
fare_MAA-DEL_AI_2026-08-23_T+1_1787389698954_93uv,MAA-DEL,EaseMyTrip,AI,AI-9427,2026-08-23,T+1,19555,4293,23848,2026-08-22T09:05:45.562Z,FALSE,"",10:20,FALSE
fare_MAA-DEL_6E_2026-08-23_T+1_1787389698954_fr7k,MAA-DEL,EaseMyTrip,6E,6E-6892,2026-08-23,T+1,19422,4263,23685,2026-08-22T09:05:45.562Z,FALSE,"",10:55,FALSE
fare_MAA-DEL_IX_2026-08-23_T+1_1787389698954_cfbg,MAA-DEL,EaseMyTrip,IX,IX-2024,2026-08-23,T+1,19691,4322,24013,2026-08-22T09:05:45.562Z,FALSE,"",10:20,FALSE
fare_MAA-DEL_6E_2026-08-23_T+1_1787389698954_jd6o,MAA-DEL,EaseMyTrip,6E,6E-6209,2026-08-23,T+1,19473,4275,23748,2026-08-22T09:05:45.562Z,FALSE,"",14:35,FALSE
fare_MAA-DEL_6E_2026-08-23_T+1_1787389698954_c2tq,MAA-DEL,EaseMyTrip,6E,6E-320,2026-08-23,T+1,19688,4322,24010,2026-08-22T09:05:45.562Z,FALSE,"",18:20,FALSE
fare_MAA-DEL_6E_2026-08-23_T+1_1787389698954_dkkp,MAA-DEL,EaseMyTrip,6E,6E-811,2026-08-23,T+1,19688,4322,24010,2026-08-22T09:05:45.562Z,FALSE,"",18:20,FALSE
fare_MAA-DEL_AI_2026-08-23_T+1_1787389698954_som6,MAA-DEL,EaseMyTrip,AI,AI-9552,2026-08-23,T+1,20001,4390,24391,2026-08-22T09:05:45.562Z,FALSE,"",22:05,FALSE
fare_MAA-DEL_6E_2026-08-23_T+1_1787389698954_bw7r,MAA-DEL,EaseMyTrip,6E,6E-6925,2026-08-23,T+1,20789,4564,25353,2026-08-22T09:05:45.562Z,FALSE,"",12:00,FALSE
fare_MAA-DEL_6E_2026-08-23_T+1_1787389698954_u04u,MAA-DEL,EaseMyTrip,6E,6E-292,2026-08-23,T+1,21011,4612,25623,2026-08-22T09:05:45.562Z,FALSE,"",11:25,FALSE
fare_MAA-DEL_6E_2026-08-23_T+1_1787389698954_nklu,MAA-DEL,EaseMyTrip,6E,6E-614,2026-08-23,T+1,21881,4803,26684,2026-08-22T09:05:45.562Z,FALSE,"",17:50,FALSE
fare_MAA-DEL_6E_2026-08-23_T+1_1787389698954_x95e,MAA-DEL,EaseMyTrip,6E,6E-128,2026-08-23,T+1,21881,4803,26684,2026-08-22T09:05:45.562Z,FALSE,"",17:50,FALSE
fare_MAA-DEL_AI_2026-08-23_T+1_1787389698954_chpy,MAA-DEL,EaseMyTrip,AI,AI-9785,2026-08-23,T+1,22639,4970,27609,2026-08-22T09:05:45.562Z,FALSE,"",09:40,FALSE
fare_MAA-DEL_AI_2026-08-23_T+1_1787389698954_1l3b,MAA-DEL,EaseMyTrip,AI,AI-2740,2026-08-23,T+1,22681,4979,27660,2026-08-22T09:05:45.562Z,FALSE,"",16:00,FALSE
fare_MAA-DEL_6E_2026-08-23_T+1_1787389698954_xpgq,MAA-DEL,EaseMyTrip,6E,6E-303,2026-08-23,T+1,22991,5047,28038,2026-08-22T09:05:45.562Z,FALSE,"",11:10,FALSE
fare_MAA-DEL_6E_2026-08-23_T+1_1787389698954_wlf6,MAA-DEL,EaseMyTrip,6E,6E-660,2026-08-23,T+1,22991,5047,28038,2026-08-22T09:05:45.562Z,FALSE,"",11:10,FALSE
fare_MAA-DEL_6E_2026-08-23_T+1_1787389698954_emql,MAA-DEL,EaseMyTrip,6E,6E-6158,2026-08-23,T+1,23255,5105,28360,2026-08-22T09:05:45.562Z,FALSE,"",16:10,FALSE
fare_MAA-DEL_AI_2026-08-23_T+1_1787389698954_twps,MAA-DEL,EaseMyTrip,AI,AI-9971,2026-08-23,T+1,24023,5273,29296,2026-08-22T09:05:45.562Z,FALSE,"",16:30,FALSE
fare_MAA-DEL_IX_2026-08-23_T+1_1787389698954_lll5,MAA-DEL,EaseMyTrip,IX,IX-2662,2026-08-23,T+1,24143,5300,29443,2026-08-22T09:05:45.562Z,FALSE,"",21:25,FALSE
fare_MAA-DEL_IX_2026-08-23_T+1_1787389698954_3l14,MAA-DEL,EaseMyTrip,IX,IX-2507,2026-08-23,T+1,25356,5566,30922,2026-08-22T09:05:45.562Z,FALSE,"",16:30,FALSE
fare_MAA-DEL_AI_2026-08-23_T+1_1787389698954_xf6q,MAA-DEL,EaseMyTrip,AI,AI-9479,2026-08-23,T+1,25412,5578,30990,2026-08-22T09:05:45.562Z,FALSE,"",21:25,FALSE
fare_MAA-DEL_6E_2026-08-23_T+1_1787389698954_d48b,MAA-DEL,EaseMyTrip,6E,6E-511,2026-08-23,T+1,29635,6505,36140,2026-08-22T09:05:45.562Z,TRUE,"High outlier: ₹36140 > upper fence ₹35331 (Q3: ₹22812, IQR: ₹8346)",08:10,FALSE
fare_MAA-DEL_6E_2026-08-23_T+1_1787389698954_13v3,MAA-DEL,EaseMyTrip,6E,6E-400,2026-08-23,T+1,29635,6505,36140,2026-08-22T09:05:45.562Z,TRUE,"High outlier: ₹36140 > upper fence ₹35331 (Q3: ₹22812, IQR: ₹8346)",08:10,FALSE
fare_MAA-DEL_AI_2026-08-23_T+1_1787389698954_apm9,MAA-DEL,EaseMyTrip,AI,AI-640,2026-08-23,T+1,34079,7481,41560,2026-08-22T09:05:45.562Z,TRUE,"High outlier: ₹41560 > upper fence ₹35331 (Q3: ₹22812, IQR: ₹8346)",18:00,FALSE
fare_MAA-DEL_IX_2026-08-29_T+7_1787389698954_vpma,MAA-DEL,EaseMyTrip,IX,IX-1256,2026-08-29,T+7,6674,1465,8139,2026-08-22T09:05:51.138Z,FALSE,"",09:40,FALSE
fare_MAA-DEL_6E_2026-08-29_T+7_1787389698954_mbmt,MAA-DEL,EaseMyTrip,6E,6E-404,2026-08-29,T+7,7022,1542,8564,2026-08-22T09:05:51.138Z,FALSE,"",08:10,FALSE
fare_MAA-DEL_6E_2026-08-29_T+7_1787389698954_qlld,MAA-DEL,EaseMyTrip,6E,6E-850,2026-08-29,T+7,7022,1542,8564,2026-08-22T09:05:51.138Z,FALSE,"",08:10,FALSE
fare_MAA-DEL_6E_2026-08-29_T+7_1787389698954_smzc,MAA-DEL,EaseMyTrip,6E,6E-6081,2026-08-29,T+7,7086,1556,8642,2026-08-22T09:05:51.138Z,FALSE,"",07:05,FALSE
fare_MAA-DEL_IX_2026-08-29_T+7_1787389698954_ejxo,MAA-DEL,EaseMyTrip,IX,IX-2507,2026-08-29,T+7,7831,1719,9550,2026-08-22T09:05:51.138Z,FALSE,"",16:30,FALSE
fare_MAA-DEL_IX_2026-08-29_T+7_1787389698954_rz1n,MAA-DEL,EaseMyTrip,IX,IX-2661,2026-08-29,T+7,7831,1719,9550,2026-08-22T09:05:51.138Z,FALSE,"",22:05,FALSE
fare_MAA-DEL_IX_2026-08-29_T+7_1787389698954_u5dv,MAA-DEL,EaseMyTrip,IX,IX-2024,2026-08-29,T+7,7831,1719,9550,2026-08-22T09:05:51.138Z,FALSE,"",10:20,FALSE
fare_MAA-DEL_6E_2026-08-29_T+7_1787389698954_up8f,MAA-DEL,EaseMyTrip,6E,6E-6797,2026-08-29,T+7,8038,1764,9802,2026-08-22T09:05:51.138Z,FALSE,"",13:10,FALSE
fare_MAA-DEL_6E_2026-08-29_T+7_1787389698954_p6ml,MAA-DEL,EaseMyTrip,6E,6E-992,2026-08-29,T+7,8101,1778,9879,2026-08-22T09:05:51.138Z,FALSE,"",19:00,TRUE
fare_MAA-DEL_6E_2026-08-29_T+7_1787389698954_lulo,MAA-DEL,EaseMyTrip,6E,6E-306,2026-08-29,T+7,8101,1778,9879,2026-08-22T09:05:51.138Z,FALSE,"",19:00,TRUE
fare_MAA-DEL_6E_2026-08-29_T+7_1787389698954_0zdy,MAA-DEL,EaseMyTrip,6E,6E-2369,2026-08-29,T+7,8101,1778,9879,2026-08-22T09:05:51.138Z,FALSE,"",23:45,TRUE
fare_MAA-DEL_6E_2026-08-29_T+7_1787389698954_ng9k,MAA-DEL,EaseMyTrip,6E,6E-724,2026-08-29,T+7,8101,1778,9879,2026-08-22T09:05:51.138Z,FALSE,"",13:00,TRUE
fare_MAA-DEL_6E_2026-08-29_T+7_1787389698954_8r11,MAA-DEL,EaseMyTrip,6E,6E-699,2026-08-29,T+7,8101,1778,9879,2026-08-22T09:05:51.138Z,FALSE,"",13:00,TRUE
fare_MAA-DEL_6E_2026-08-29_T+7_1787389698954_lywx,MAA-DEL,EaseMyTrip,6E,6E-357,2026-08-29,T+7,8101,1778,9879,2026-08-22T09:05:51.138Z,FALSE,"",14:30,TRUE
fare_MAA-DEL_6E_2026-08-29_T+7_1787389698954_s95u,MAA-DEL,EaseMyTrip,6E,6E-417,2026-08-29,T+7,8101,1778,9879,2026-08-22T09:05:51.138Z,FALSE,"",14:30,TRUE
fare_MAA-DEL_6E_2026-08-29_T+7_1787389698954_tin9,MAA-DEL,EaseMyTrip,6E,6E-2578,2026-08-29,T+7,8133,1785,9918,2026-08-22T09:05:51.138Z,FALSE,"",10:25,TRUE
fare_MAA-DEL_6E_2026-08-29_T+7_1787389698954_yka3,MAA-DEL,EaseMyTrip,6E,6E-6487,2026-08-29,T+7,8210,1802,10012,2026-08-22T09:05:51.138Z,FALSE,"",21:25,FALSE
fare_MAA-DEL_6E_2026-08-29_T+7_1787389698954_tesh,MAA-DEL,EaseMyTrip,6E,6E-461,2026-08-29,T+7,8210,1802,10012,2026-08-22T09:05:51.138Z,FALSE,"",03:55,FALSE
fare_MAA-DEL_6E_2026-08-29_T+7_1787389698954_qzqt,MAA-DEL,EaseMyTrip,6E,6E-553,2026-08-29,T+7,8210,1802,10012,2026-08-22T09:05:51.138Z,FALSE,"",03:55,FALSE
fare_MAA-DEL_6E_2026-08-29_T+7_1787389698954_iop7,MAA-DEL,EaseMyTrip,6E,6E-142,2026-08-29,T+7,8210,1802,10012,2026-08-22T09:05:51.138Z,FALSE,"",22:20,FALSE
fare_MAA-DEL_6E_2026-08-29_T+7_1787389698954_byg7,MAA-DEL,EaseMyTrip,6E,6E-256,2026-08-29,T+7,8210,1802,10012,2026-08-22T09:05:51.138Z,FALSE,"",22:20,FALSE
fare_MAA-DEL_6E_2026-08-29_T+7_1787389698954_33ti,MAA-DEL,EaseMyTrip,6E,6E-701,2026-08-29,T+7,8210,1802,10012,2026-08-22T09:05:51.138Z,FALSE,"",03:10,FALSE
fare_MAA-DEL_6E_2026-08-29_T+7_1787389698954_96wu,MAA-DEL,EaseMyTrip,6E,6E-276,2026-08-29,T+7,8210,1802,10012,2026-08-22T09:05:51.138Z,FALSE,"",03:10,FALSE
fare_MAA-DEL_6E_2026-08-29_T+7_1787389698954_04v3,MAA-DEL,EaseMyTrip,6E,6E-6815,2026-08-29,T+7,8275,1816,10091,2026-08-22T09:05:51.138Z,FALSE,"",08:55,FALSE
fare_MAA-DEL_6E_2026-08-29_T+7_1787389698954_s6jw,MAA-DEL,EaseMyTrip,6E,6E-6892,2026-08-29,T+7,8275,1816,10091,2026-08-22T09:05:51.138Z,FALSE,"",10:55,FALSE
fare_MAA-DEL_6E_2026-08-29_T+7_1787389698954_tacu,MAA-DEL,EaseMyTrip,6E,6E-195,2026-08-29,T+7,8275,1816,10091,2026-08-22T09:05:51.138Z,FALSE,"",16:15,FALSE
fare_MAA-DEL_6E_2026-08-29_T+7_1787389698954_58zp,MAA-DEL,EaseMyTrip,6E,6E-334,2026-08-29,T+7,8275,1816,10091,2026-08-22T09:05:51.138Z,FALSE,"",16:15,FALSE
fare_MAA-DEL_AI_2026-08-29_T+7_1787389698954_f6so,MAA-DEL,EaseMyTrip,AI,AI-538,2026-08-29,T+7,8487,1863,10350,2026-08-22T09:05:51.138Z,FALSE,"",20:10,TRUE
fare_MAA-DEL_AI_2026-08-29_T+7_1787389698954_k0t8,MAA-DEL,EaseMyTrip,AI,AI-1845,2026-08-29,T+7,8487,1863,10350,2026-08-22T09:05:51.138Z,FALSE,"",23:20,TRUE
fare_MAA-DEL_6E_2026-08-29_T+7_1787389698954_sboo,MAA-DEL,EaseMyTrip,6E,6E-457,2026-08-29,T+7,8344,1831,10175,2026-08-22T09:05:51.138Z,FALSE,"",20:00,FALSE
fare_MAA-DEL_6E_2026-08-29_T+7_1787389698954_kpqk,MAA-DEL,EaseMyTrip,6E,6E-978,2026-08-29,T+7,8344,1831,10175,2026-08-22T09:05:51.138Z,FALSE,"",20:00,FALSE
fare_MAA-DEL_6E_2026-08-29_T+7_1787389698954_h94z,MAA-DEL,EaseMyTrip,6E,6E-6140,2026-08-29,T+7,8382,1840,10222,2026-08-22T09:05:51.138Z,FALSE,"",02:30,FALSE
fare_MAA-DEL_6E_2026-08-29_T+7_1787389698954_ul2o,MAA-DEL,EaseMyTrip,6E,6E-5371,2026-08-29,T+7,8382,1840,10222,2026-08-22T09:05:51.138Z,FALSE,"",14:45,FALSE
fare_MAA-DEL_6E_2026-08-29_T+7_1787389698954_oaww,MAA-DEL,EaseMyTrip,6E,6E-5367,2026-08-29,T+7,8382,1840,10222,2026-08-22T09:05:51.138Z,FALSE,"",18:15,FALSE
fare_MAA-DEL_6E_2026-08-29_T+7_1787389698954_cuzd,MAA-DEL,EaseMyTrip,6E,6E-5214,2026-08-29,T+7,8382,1840,10222,2026-08-22T09:05:51.138Z,FALSE,"",11:00,FALSE
fare_MAA-DEL_6E_2026-08-29_T+7_1787389698954_2428,MAA-DEL,EaseMyTrip,6E,6E-935,2026-08-29,T+7,8483,1862,10345,2026-08-22T09:05:51.138Z,FALSE,"",16:45,TRUE
fare_MAA-DEL_6E_2026-08-29_T+7_1787389698954_pd1j,MAA-DEL,EaseMyTrip,6E,6E-987,2026-08-29,T+7,8483,1862,10345,2026-08-22T09:05:51.138Z,FALSE,"",16:45,TRUE
fare_MAA-DEL_6E_2026-08-29_T+7_1787389698954_dy6g,MAA-DEL,EaseMyTrip,6E,6E-6002,2026-08-29,T+7,8483,1862,10345,2026-08-22T09:05:51.138Z,FALSE,"",11:10,TRUE
fare_MAA-DEL_6E_2026-08-29_T+7_1787389698954_8ypk,MAA-DEL,EaseMyTrip,6E,6E-519,2026-08-29,T+7,8483,1862,10345,2026-08-22T09:05:51.138Z,FALSE,"",09:15,TRUE
fare_MAA-DEL_6E_2026-08-29_T+7_1787389698954_h543,MAA-DEL,EaseMyTrip,6E,6E-570,2026-08-29,T+7,8483,1862,10345,2026-08-22T09:05:51.138Z,FALSE,"",09:15,TRUE
fare_MAA-DEL_AI_2026-08-29_T+7_1787389698954_jb4m,MAA-DEL,EaseMyTrip,AI,AI-2878,2026-08-29,T+7,8647,1898,10545,2026-08-22T09:05:51.138Z,FALSE,"",16:20,TRUE
fare_MAA-DEL_IX_2026-08-29_T+7_1787389698954_3hwn,MAA-DEL,EaseMyTrip,IX,IX-1354,2026-08-29,T+7,8807,1933,10740,2026-08-22T09:05:51.138Z,FALSE,"",14:35,FALSE
fare_MAA-DEL_IX_2026-08-29_T+7_1787389698954_i3x4,MAA-DEL,EaseMyTrip,IX,IX-1385,2026-08-29,T+7,8807,1933,10740,2026-08-22T09:05:51.138Z,FALSE,"",08:45,FALSE
fare_MAA-DEL_6E_2026-08-29_T+7_1787389698954_zbns,MAA-DEL,EaseMyTrip,6E,6E-312,2026-08-29,T+7,8888,1951,10839,2026-08-22T09:05:51.138Z,FALSE,"",06:30,TRUE
fare_MAA-DEL_6E_2026-08-29_T+7_1787389698954_nuf9,MAA-DEL,EaseMyTrip,6E,6E-715,2026-08-29,T+7,8888,1951,10839,2026-08-22T09:05:51.138Z,FALSE,"",06:30,TRUE
fare_MAA-DEL_AI_2026-08-29_T+7_1787389698954_lorx,MAA-DEL,EaseMyTrip,AI,AI-2468,2026-08-29,T+7,9274,2036,11310,2026-08-22T09:05:51.138Z,FALSE,"",14:00,TRUE
fare_MAA-DEL_IX_2026-08-29_T+7_1787389698954_czrf,MAA-DEL,EaseMyTrip,IX,IX-2662,2026-08-29,T+7,9634,2115,11749,2026-08-22T09:05:51.138Z,FALSE,"",21:25,FALSE
fare_MAA-DEL_AI_2026-08-29_T+7_1787389698954_1af9,MAA-DEL,EaseMyTrip,AI,AI-2832,2026-08-29,T+7,9701,2130,11831,2026-08-22T09:05:51.138Z,FALSE,"",06:55,TRUE
fare_MAA-DEL_AI_2026-08-29_T+7_1787389698954_v370,MAA-DEL,EaseMyTrip,AI,AI-2886,2026-08-29,T+7,9701,2130,11831,2026-08-22T09:05:51.138Z,FALSE,"",08:05,TRUE
fare_MAA-DEL_6E_2026-08-29_T+7_1787389698954_tgdh,MAA-DEL,EaseMyTrip,6E,6E-538,2026-08-29,T+7,9581,2103,11684,2026-08-22T09:05:51.138Z,FALSE,"",11:55,FALSE
fare_MAA-DEL_6E_2026-08-29_T+7_1787389698954_1xgl,MAA-DEL,EaseMyTrip,6E,6E-873,2026-08-29,T+7,9581,2103,11684,2026-08-22T09:05:51.138Z,FALSE,"",11:55,FALSE
fare_MAA-DEL_6E_2026-08-29_T+7_1787389698954_q1jm,MAA-DEL,EaseMyTrip,6E,6E-733,2026-08-29,T+7,9581,2103,11684,2026-08-22T09:05:51.138Z,FALSE,"",04:50,FALSE
fare_MAA-DEL_6E_2026-08-29_T+7_1787389698954_zx77,MAA-DEL,EaseMyTrip,6E,6E-580,2026-08-29,T+7,9581,2103,11684,2026-08-22T09:05:51.138Z,FALSE,"",04:50,FALSE
fare_MAA-DEL_6E_2026-08-29_T+7_1787389698954_t5sd,MAA-DEL,EaseMyTrip,6E,6E-6209,2026-08-29,T+7,9646,2117,11763,2026-08-22T09:05:51.138Z,FALSE,"",14:35,FALSE
fare_MAA-DEL_6E_2026-08-29_T+7_1787389698954_b9u3,MAA-DEL,EaseMyTrip,6E,6E-301,2026-08-29,T+7,9646,2117,11763,2026-08-22T09:05:51.138Z,FALSE,"",17:45,FALSE
fare_MAA-DEL_6E_2026-08-29_T+7_1787389698954_hkcl,MAA-DEL,EaseMyTrip,6E,6E-909,2026-08-29,T+7,9646,2117,11763,2026-08-22T09:05:51.138Z,FALSE,"",17:45,FALSE
fare_MAA-DEL_6E_2026-08-29_T+7_1787389698954_1mzi,MAA-DEL,EaseMyTrip,6E,6E-106,2026-08-29,T+7,9646,2117,11763,2026-08-22T09:05:51.138Z,FALSE,"",18:20,FALSE
fare_MAA-DEL_6E_2026-08-29_T+7_1787389698954_h756,MAA-DEL,EaseMyTrip,6E,6E-270,2026-08-29,T+7,9646,2117,11763,2026-08-22T09:05:51.138Z,FALSE,"",18:20,FALSE
fare_MAA-DEL_6E_2026-08-29_T+7_1787389698954_dlo6,MAA-DEL,EaseMyTrip,6E,6E-360,2026-08-29,T+7,9715,2133,11848,2026-08-22T09:05:51.138Z,FALSE,"",08:20,FALSE
fare_MAA-DEL_6E_2026-08-29_T+7_1787389698954_k1l0,MAA-DEL,EaseMyTrip,6E,6E-771,2026-08-29,T+7,9715,2133,11848,2026-08-22T09:05:51.138Z,FALSE,"",08:20,FALSE
fare_MAA-DEL_6E_2026-08-29_T+7_1787389698954_uer0,MAA-DEL,EaseMyTrip,6E,6E-6348,2026-08-29,T+7,9753,2141,11894,2026-08-22T09:05:51.138Z,FALSE,"",09:00,FALSE
fare_MAA-DEL_6E_2026-08-29_T+7_1787389698954_r1po,MAA-DEL,EaseMyTrip,6E,6E-5258,2026-08-29,T+7,9753,2141,11894,2026-08-22T09:05:51.138Z,FALSE,"",12:45,FALSE
fare_MAA-DEL_6E_2026-08-29_T+7_1787389698954_sudf,MAA-DEL,EaseMyTrip,6E,6E-5093,2026-08-29,T+7,9753,2141,11894,2026-08-22T09:05:51.138Z,FALSE,"",05:00,FALSE
fare_MAA-DEL_AI_2026-08-29_T+7_1787389698954_wv8a,MAA-DEL,EaseMyTrip,AI,AI-2719,2026-08-29,T+7,10154,2229,12383,2026-08-22T09:05:51.138Z,FALSE,"",08:50,TRUE
fare_MAA-DEL_AI_2026-08-29_T+7_1787389698954_ix6n,MAA-DEL,EaseMyTrip,AI,AI-9479,2026-08-29,T+7,10266,2254,12520,2026-08-22T09:05:51.138Z,FALSE,"",21:25,FALSE
fare_MAA-DEL_AI_2026-08-29_T+7_1787389698954_ic22,MAA-DEL,EaseMyTrip,AI,AI-9971,2026-08-29,T+7,10266,2254,12520,2026-08-22T09:05:51.138Z,FALSE,"",16:30,FALSE
fare_MAA-DEL_AI_2026-08-29_T+7_1787389698954_lbnk,MAA-DEL,EaseMyTrip,AI,AI-9427,2026-08-29,T+7,10266,2254,12520,2026-08-22T09:05:51.138Z,FALSE,"",10:20,FALSE
fare_MAA-DEL_6E_2026-08-29_T+7_1787389698954_mprg,MAA-DEL,EaseMyTrip,6E,6E-7084,2026-08-29,T+7,10262,2253,12515,2026-08-22T09:05:51.138Z,FALSE,"",07:35,FALSE
fare_MAA-DEL_6E_2026-08-29_T+7_1787389698954_afsm,MAA-DEL,EaseMyTrip,6E,6E-367,2026-08-29,T+7,10370,2276,12646,2026-08-22T09:05:51.138Z,FALSE,"",17:50,FALSE
fare_MAA-DEL_6E_2026-08-29_T+7_1787389698954_kf4e,MAA-DEL,EaseMyTrip,6E,6E-603,2026-08-29,T+7,10370,2276,12646,2026-08-22T09:05:51.138Z,FALSE,"",17:50,FALSE
fare_MAA-DEL_AI_2026-08-29_T+7_1787389698954_aakk,MAA-DEL,EaseMyTrip,AI,AI-9552,2026-08-29,T+7,10679,2344,13023,2026-08-22T09:05:51.138Z,FALSE,"",22:05,FALSE
fare_MAA-DEL_6E_2026-08-29_T+7_1787389698954_8z4p,MAA-DEL,EaseMyTrip,6E,6E-484,2026-08-29,T+7,10936,2401,13337,2026-08-22T09:05:51.138Z,FALSE,"",18:20,FALSE
fare_MAA-DEL_6E_2026-08-29_T+7_1787389698954_kejx,MAA-DEL,EaseMyTrip,6E,6E-563,2026-08-29,T+7,10936,2401,13337,2026-08-22T09:05:51.138Z,FALSE,"",18:20,FALSE
fare_MAA-DEL_6E_2026-08-29_T+7_1787389698954_tlst,MAA-DEL,EaseMyTrip,6E,6E-6113,2026-08-29,T+7,11033,2422,13455,2026-08-22T09:05:51.138Z,FALSE,"",17:00,FALSE
fare_MAA-DEL_AI_2026-08-29_T+7_1787389698954_sytn,MAA-DEL,EaseMyTrip,AI,AI-9763,2026-08-29,T+7,11240,2467,13707,2026-08-22T09:05:51.138Z,FALSE,"",08:45,FALSE
fare_MAA-DEL_6E_2026-08-29_T+7_1787389698954_qlzi,MAA-DEL,EaseMyTrip,6E,6E-938,2026-08-29,T+7,11100,2436,13536,2026-08-22T09:05:51.138Z,FALSE,"",08:10,FALSE
fare_MAA-DEL_6E_2026-08-29_T+7_1787389698954_61r2,MAA-DEL,EaseMyTrip,6E,6E-966,2026-08-29,T+7,11100,2436,13536,2026-08-22T09:05:51.138Z,FALSE,"",08:10,FALSE
fare_MAA-DEL_AI_2026-08-29_T+7_1787389698954_yts3,MAA-DEL,EaseMyTrip,AI,AI-9483,2026-08-29,T+7,11464,2517,13981,2026-08-22T09:05:51.138Z,FALSE,"",07:05,FALSE
fare_MAA-DEL_AI_2026-08-29_T+7_1787389698954_bmlt,MAA-DEL,EaseMyTrip,AI,AI-9785,2026-08-29,T+7,11688,2566,14254,2026-08-22T09:05:51.138Z,FALSE,"",09:40,FALSE
fare_MAA-DEL_AI_2026-08-29_T+7_1787389698954_u8pj,MAA-DEL,EaseMyTrip,AI,AI-2822,2026-08-29,T+7,11896,2611,14507,2026-08-22T09:05:51.138Z,FALSE,"",09:35,FALSE
fare_MAA-DEL_6E_2026-08-29_T+7_1787389698954_xrh4,MAA-DEL,EaseMyTrip,6E,6E-997,2026-08-29,T+7,12193,2676,14869,2026-08-22T09:05:51.138Z,FALSE,"",11:25,FALSE
fare_MAA-DEL_6E_2026-08-29_T+7_1787389698954_7jsa,MAA-DEL,EaseMyTrip,6E,6E-760,2026-08-29,T+7,12330,2706,15036,2026-08-22T09:05:51.138Z,FALSE,"",07:10,FALSE
fare_MAA-DEL_6E_2026-08-29_T+7_1787389698954_zqz0,MAA-DEL,EaseMyTrip,6E,6E-123,2026-08-29,T+7,12330,2706,15036,2026-08-22T09:05:51.138Z,FALSE,"",07:10,FALSE
fare_MAA-DEL_AI_2026-08-29_T+7_1787389698954_ttia,MAA-DEL,EaseMyTrip,AI,AI-640,2026-08-29,T+7,13068,2868,15936,2026-08-22T09:05:51.138Z,FALSE,"",18:00,FALSE
fare_MAA-DEL_AI_2026-08-29_T+7_1787389698954_nyuq,MAA-DEL,EaseMyTrip,AI,AI-2779,2026-08-29,T+7,13068,2868,15936,2026-08-22T09:05:51.138Z,FALSE,"",07:00,FALSE
fare_MAA-DEL_AI_2026-08-29_T+7_1787389698954_vsmu,MAA-DEL,EaseMyTrip,AI,AI-2740,2026-08-29,T+7,13068,2868,15936,2026-08-22T09:05:51.138Z,FALSE,"",16:00,FALSE
fare_MAA-DEL_6E_2026-08-29_T+7_1787389698954_x4ol,MAA-DEL,EaseMyTrip,6E,6E-6158,2026-08-29,T+7,12917,2836,15753,2026-08-22T09:05:51.138Z,FALSE,"",16:10,FALSE
fare_MAA-DEL_6E_2026-08-29_T+7_1787389698954_s9un,MAA-DEL,EaseMyTrip,6E,6E-848,2026-08-29,T+7,12917,2836,15753,2026-08-22T09:05:51.138Z,FALSE,"",09:05,FALSE
fare_MAA-DEL_6E_2026-08-29_T+7_1787389698954_bg10,MAA-DEL,EaseMyTrip,6E,6E-714,2026-08-29,T+7,12917,2836,15753,2026-08-22T09:05:51.138Z,FALSE,"",09:05,FALSE
fare_MAA-DEL_6E_2026-08-29_T+7_1787389698954_h7tc,MAA-DEL,EaseMyTrip,6E,6E-822,2026-08-29,T+7,13414,2944,16358,2026-08-22T09:05:51.138Z,FALSE,"",09:05,FALSE
fare_MAA-DEL_6E_2026-08-29_T+7_1787389698954_170g,MAA-DEL,EaseMyTrip,6E,6E-902,2026-08-29,T+7,13414,2944,16358,2026-08-22T09:05:51.138Z,FALSE,"",09:05,FALSE
fare_MAA-DEL_6E_2026-08-29_T+7_1787389698954_5qb7,MAA-DEL,EaseMyTrip,6E,6E-959,2026-08-29,T+7,14693,3225,17918,2026-08-22T09:05:51.138Z,TRUE,"High outlier: ₹17918 > upper fence ₹17186 (Q3: ₹12929, IQR: ₹2838)",17:45,FALSE
fare_MAA-DEL_6E_2026-08-29_T+7_1787389698954_mpk2,MAA-DEL,EaseMyTrip,6E,6E-438,2026-08-29,T+7,14693,3225,17918,2026-08-22T09:05:51.138Z,TRUE,"High outlier: ₹17918 > upper fence ₹17186 (Q3: ₹12929, IQR: ₹2838)",17:45,FALSE
fare_MAA-DEL_6E_2026-08-29_T+7_1787389698954_7tgc,MAA-DEL,EaseMyTrip,6E,6E-6925,2026-08-29,T+7,14982,3289,18271,2026-08-22T09:05:51.138Z,TRUE,"High outlier: ₹18271 > upper fence ₹17186 (Q3: ₹12929, IQR: ₹2838)",12:00,FALSE