id,route_id,source,carrier,flight_number,flight_date,booking_window,base_fare,taxes,total_fare,scraped_at,is_outlier,outlier_reason,departure_time,is_nonstop
fare_BLR-BOM_6E_2026-08-23_T+1_1787389679045_pekk,BLR-BOM,EaseMyTrip,6E,6E-6269,2026-08-23,T+1,6398,1404,7802,2026-08-22T09:04:59.594Z,FALSE,"",07:15,FALSE
fare_BLR-BOM_6E_2026-08-23_T+1_1787389679045_2kdq,BLR-BOM,EaseMyTrip,6E,6E-902,2026-08-23,T+1,6866,1507,8373,2026-08-22T09:04:59.594Z,FALSE,"",10:50,FALSE
fare_BLR-BOM_6E_2026-08-23_T+1_1787389679045_x7yy,BLR-BOM,EaseMyTrip,6E,6E-100,2026-08-23,T+1,6866,1507,8373,2026-08-22T09:04:59.594Z,FALSE,"",10:50,FALSE
fare_BLR-BOM_6E_2026-08-23_T+1_1787389679045_6fcw,BLR-BOM,EaseMyTrip,6E,6E-6653,2026-08-23,T+1,7031,1543,8574,2026-08-22T09:04:59.594Z,FALSE,"",12:35,FALSE
fare_BLR-BOM_IX_2026-08-23_T+1_1787389679045_1fu1,BLR-BOM,EaseMyTrip,IX,IX-2931,2026-08-23,T+1,7779,1708,9487,2026-08-22T09:04:59.594Z,FALSE,"",10:45,FALSE
fare_BLR-BOM_IX_2026-08-23_T+1_1787389679045_tvue,BLR-BOM,EaseMyTrip,IX,IX-2881,2026-08-23,T+1,7779,1708,9487,2026-08-22T09:04:59.594Z,FALSE,"",05:50,FALSE
fare_BLR-BOM_6E_2026-08-23_T+1_1787389679045_xlps,BLR-BOM,EaseMyTrip,6E,6E-803,2026-08-23,T+1,7947,1744,9691,2026-08-22T09:04:59.594Z,FALSE,"",07:05,FALSE
fare_BLR-BOM_6E_2026-08-23_T+1_1787389679045_1vjb,BLR-BOM,EaseMyTrip,6E,6E-396,2026-08-23,T+1,7947,1744,9691,2026-08-22T09:04:59.594Z,FALSE,"",07:05,FALSE
fare_BLR-BOM_6E_2026-08-23_T+1_1787389679045_flo9,BLR-BOM,EaseMyTrip,6E,6E-6208,2026-08-23,T+1,7947,1744,9691,2026-08-22T09:04:59.594Z,FALSE,"",12:45,FALSE
fare_BLR-BOM_6E_2026-08-23_T+1_1787389679045_3j1g,BLR-BOM,EaseMyTrip,6E,6E-7005,2026-08-23,T+1,8569,1881,10450,2026-08-22T09:04:59.594Z,FALSE,"",08:05,FALSE
fare_BLR-BOM_6E_2026-08-23_T+1_1787389679045_3byx,BLR-BOM,EaseMyTrip,6E,6E-6423,2026-08-23,T+1,8569,1881,10450,2026-08-22T09:04:59.594Z,FALSE,"",20:00,FALSE
fare_BLR-BOM_QP_2026-08-23_T+1_1787389679045_2yme,BLR-BOM,EaseMyTrip,QP,QP-1381,2026-08-23,T+1,9218,2023,11241,2026-08-22T09:04:59.594Z,FALSE,"",04:50,TRUE
fare_BLR-BOM_6E_2026-08-23_T+1_1787389679045_7706,BLR-BOM,EaseMyTrip,6E,6E-6554,2026-08-23,T+1,9640,2116,11756,2026-08-22T09:04:59.594Z,FALSE,"",19:15,FALSE
fare_BLR-BOM_QP_2026-08-23_T+1_1787389679045_imbz,BLR-BOM,EaseMyTrip,QP,QP-1134,2026-08-23,T+1,9997,2195,12192,2026-08-22T09:04:59.594Z,FALSE,"",22:55,TRUE
fare_BLR-BOM_6E_2026-08-23_T+1_1787389679045_9kb3,BLR-BOM,EaseMyTrip,6E,6E-6017,2026-08-23,T+1,10005,2196,12201,2026-08-22T09:04:59.594Z,FALSE,"",18:15,FALSE
fare_BLR-BOM_6E_2026-08-23_T+1_1787389679045_fip7,BLR-BOM,EaseMyTrip,6E,6E-962,2026-08-23,T+1,10112,2220,12332,2026-08-22T09:04:59.594Z,FALSE,"",17:55,FALSE
fare_BLR-BOM_6E_2026-08-23_T+1_1787389679045_89d3,BLR-BOM,EaseMyTrip,6E,6E-308,2026-08-23,T+1,10112,2220,12332,2026-08-22T09:04:59.594Z,FALSE,"",17:55,FALSE
fare_BLR-BOM_6E_2026-08-23_T+1_1787389679045_kcyn,BLR-BOM,EaseMyTrip,6E,6E-2086,2026-08-23,T+1,10175,2234,12409,2026-08-22T09:04:59.594Z,FALSE,"",09:20,TRUE
fare_BLR-BOM_6E_2026-08-23_T+1_1787389679045_7w6l,BLR-BOM,EaseMyTrip,6E,6E-6168,2026-08-23,T+1,10617,2330,12947,2026-08-22T09:04:59.594Z,FALSE,"",17:40,FALSE
fare_BLR-BOM_6E_2026-08-23_T+1_1787389679045_9kmu,BLR-BOM,EaseMyTrip,6E,6E-6507,2026-08-23,T+1,10831,2378,13209,2026-08-22T09:04:59.594Z,FALSE,"",13:15,FALSE
fare_BLR-BOM_6E_2026-08-23_T+1_1787389679045_sezl,BLR-BOM,EaseMyTrip,6E,6E-603,2026-08-23,T+1,10831,2378,13209,2026-08-22T09:04:59.594Z,FALSE,"",18:00,FALSE
fare_BLR-BOM_6E_2026-08-23_T+1_1787389679045_4c95,BLR-BOM,EaseMyTrip,6E,6E-576,2026-08-23,T+1,10831,2378,13209,2026-08-22T09:04:59.594Z,FALSE,"",18:00,FALSE
fare_BLR-BOM_6E_2026-08-23_T+1_1787389679045_kyuf,BLR-BOM,EaseMyTrip,6E,6E-593,2026-08-23,T+1,10831,2378,13209,2026-08-22T09:04:59.594Z,FALSE,"",18:00,FALSE
fare_BLR-BOM_6E_2026-08-23_T+1_1787389679045_abda,BLR-BOM,EaseMyTrip,6E,6E-674,2026-08-23,T+1,10831,2378,13209,2026-08-22T09:04:59.594Z,FALSE,"",18:00,FALSE
fare_BLR-BOM_6E_2026-08-23_T+1_1787389679045_bheh,BLR-BOM,EaseMyTrip,6E,6E-771,2026-08-23,T+1,10831,2378,13209,2026-08-22T09:04:59.594Z,FALSE,"",11:55,FALSE
fare_BLR-BOM_6E_2026-08-23_T+1_1787389679045_axpf,BLR-BOM,EaseMyTrip,6E,6E-683,2026-08-23,T+1,10831,2378,13209,2026-08-22T09:04:59.594Z,FALSE,"",11:55,FALSE
fare_BLR-BOM_QP_2026-08-23_T+1_1787389679045_v8rm,BLR-BOM,EaseMyTrip,QP,QP-1528,2026-08-23,T+1,10849,2382,13231,2026-08-22T09:04:59.594Z,FALSE,"",10:20,TRUE
fare_BLR-BOM_6E_2026-08-23_T+1_1787389679045_z4r9,BLR-BOM,EaseMyTrip,6E,6E-6753,2026-08-23,T+1,11020,2419,13439,2026-08-22T09:04:59.594Z,FALSE,"",15:15,FALSE
fare_BLR-BOM_6E_2026-08-23_T+1_1787389679045_buod,BLR-BOM,EaseMyTrip,6E,6E-875,2026-08-23,T+1,11739,2577,14316,2026-08-22T09:04:59.594Z,FALSE,"",17:15,FALSE
fare_BLR-BOM_6E_2026-08-23_T+1_1787389679045_x93x,BLR-BOM,EaseMyTrip,6E,6E-757,2026-08-23,T+1,11739,2577,14316,2026-08-22T09:04:59.594Z,FALSE,"",17:15,FALSE
fare_BLR-BOM_AI_2026-08-23_T+1_1787389679045_8iyz,BLR-BOM,EaseMyTrip,AI,AI-2642,2026-08-23,T+1,12224,2683,14907,2026-08-22T09:04:59.594Z,FALSE,"",21:30,TRUE
fare_BLR-BOM_6E_2026-08-23_T+1_1787389679045_h10u,BLR-BOM,EaseMyTrip,6E,6E-5069,2026-08-23,T+1,12080,2652,14732,2026-08-22T09:04:59.594Z,FALSE,"",11:30,TRUE
fare_BLR-BOM_6E_2026-08-23_T+1_1787389679045_hcdo,BLR-BOM,EaseMyTrip,6E,6E-5237,2026-08-23,T+1,12080,2652,14732,2026-08-22T09:04:59.594Z,FALSE,"",10:15,TRUE
fare_BLR-BOM_AI_2026-08-23_T+1_1787389679045_57fo,BLR-BOM,EaseMyTrip,AI,AI-2850,2026-08-23,T+1,12661,2779,15440,2026-08-22T09:04:59.594Z,FALSE,"",20:30,TRUE
fare_BLR-BOM_IX_2026-08-23_T+1_1787389679045_ktlm,BLR-BOM,EaseMyTrip,IX,IX-1581,2026-08-23,T+1,12940,2841,15781,2026-08-22T09:04:59.594Z,FALSE,"",18:25,TRUE
fare_BLR-BOM_6E_2026-08-23_T+1_1787389679045_tkhh,BLR-BOM,EaseMyTrip,6E,6E-7445,2026-08-23,T+1,12755,2800,15555,2026-08-22T09:04:59.594Z,FALSE,"",15:20,FALSE
fare_BLR-BOM_AI_2026-08-23_T+1_1787389679045_l232,BLR-BOM,EaseMyTrip,AI,AI-9762,2026-08-23,T+1,13095,2874,15969,2026-08-22T09:04:59.594Z,FALSE,"",07:05,FALSE
fare_BLR-BOM_6E_2026-08-23_T+1_1787389679045_v958,BLR-BOM,EaseMyTrip,6E,6E-5094,2026-08-23,T+1,12941,2841,15782,2026-08-22T09:04:59.594Z,FALSE,"",22:20,TRUE
fare_BLR-BOM_AI_2026-08-23_T+1_1787389679045_r0z1,BLR-BOM,EaseMyTrip,AI,AI-9840,2026-08-23,T+1,13253,2909,16162,2026-08-22T09:04:59.594Z,FALSE,"",07:10,FALSE
fare_BLR-BOM_QP_2026-08-23_T+1_1787389679045_b3gz,BLR-BOM,EaseMyTrip,QP,QP-1517,2026-08-23,T+1,13344,2929,16273,2026-08-22T09:04:59.594Z,FALSE,"",07:40,TRUE
fare_BLR-BOM_AI_2026-08-23_T+1_1787389679045_dv2r,BLR-BOM,EaseMyTrip,AI,AI-9478,2026-08-23,T+1,13615,2989,16604,2026-08-22T09:04:59.594Z,FALSE,"",22:10,FALSE
fare_BLR-BOM_IX_2026-08-23_T+1_1787389679045_hu0m,BLR-BOM,EaseMyTrip,IX,IX-2116,2026-08-23,T+1,13700,3007,16707,2026-08-22T09:04:59.594Z,FALSE,"",21:00,FALSE
fare_BLR-BOM_AI_2026-08-23_T+1_1787389679045_h9rb,BLR-BOM,EaseMyTrip,AI,AI-9566,2026-08-23,T+1,14067,3088,17155,2026-08-22T09:04:59.594Z,FALSE,"",19:15,FALSE
fare_BLR-BOM_QP_2026-08-23_T+1_1787389679045_rgq8,BLR-BOM,EaseMyTrip,QP,QP-1515,2026-08-23,T+1,13915,3054,16969,2026-08-22T09:04:59.594Z,FALSE,"",06:20,TRUE
fare_BLR-BOM_6E_2026-08-23_T+1_1787389679045_10xm,BLR-BOM,EaseMyTrip,6E,6E-5351,2026-08-23,T+1,13974,3068,17042,2026-08-22T09:04:59.594Z,FALSE,"",14:20,TRUE
fare_BLR-BOM_6E_2026-08-23_T+1_1787389679045_qex8,BLR-BOM,EaseMyTrip,6E,6E-5218,2026-08-23,T+1,13974,3068,17042,2026-08-22T09:04:59.594Z,FALSE,"",13:00,TRUE
fare_BLR-BOM_AI_2026-08-23_T+1_1787389679045_0giz,BLR-BOM,EaseMyTrip,AI,AI-2402,2026-08-23,T+1,14243,3126,17369,2026-08-22T09:04:59.594Z,FALSE,"",06:35,TRUE
fare_BLR-BOM_6E_2026-08-23_T+1_1787389679045_6olb,BLR-BOM,EaseMyTrip,6E,6E-6863,2026-08-23,T+1,14128,3101,17229,2026-08-22T09:04:59.594Z,FALSE,"",08:20,FALSE
fare_BLR-BOM_AI_2026-08-23_T+1_1787389679045_0oz1,BLR-BOM,EaseMyTrip,AI,AI-2501,2026-08-23,T+1,14667,3220,17887,2026-08-22T09:04:59.594Z,FALSE,"",23:30,FALSE
fare_BLR-BOM_AI_2026-08-23_T+1_1787389679045_f93t,BLR-BOM,EaseMyTrip,AI,AI-2488,2026-08-23,T+1,14667,3220,17887,2026-08-22T09:04:59.594Z,FALSE,"",22:30,FALSE
fare_BLR-BOM_AI_2026-08-23_T+1_1787389679045_u5qe,BLR-BOM,EaseMyTrip,AI,AI-2421,2026-08-23,T+1,14667,3220,17887,2026-08-22T09:04:59.594Z,FALSE,"",21:40,FALSE
fare_BLR-BOM_AI_2026-08-23_T+1_1787389679045_lgfh,BLR-BOM,EaseMyTrip,AI,AI-2846,2026-08-23,T+1,14761,3240,18001,2026-08-22T09:04:59.594Z,FALSE,"",08:05,TRUE
fare_BLR-BOM_AI_2026-08-23_T+1_1787389679045_19uq,BLR-BOM,EaseMyTrip,AI,AI-2854,2026-08-23,T+1,15020,3297,18317,2026-08-22T09:04:59.594Z,FALSE,"",16:40,TRUE
fare_BLR-BOM_6E_2026-08-23_T+1_1787389679045_7c7s,BLR-BOM,EaseMyTrip,6E,6E-282,2026-08-23,T+1,15052,3304,18356,2026-08-22T09:04:59.594Z,FALSE,"",10:50,FALSE
fare_BLR-BOM_6E_2026-08-23_T+1_1787389679045_jlkz,BLR-BOM,EaseMyTrip,6E,6E-541,2026-08-23,T+1,15052,3304,18356,2026-08-22T09:04:59.594Z,FALSE,"",10:50,FALSE
fare_BLR-BOM_6E_2026-08-23_T+1_1787389679045_8p6e,BLR-BOM,EaseMyTrip,6E,6E-5255,2026-08-23,T+1,15180,3332,18512,2026-08-22T09:04:59.594Z,FALSE,"",17:25,TRUE
fare_BLR-BOM_6E_2026-08-23_T+1_1787389679045_ltcg,BLR-BOM,EaseMyTrip,6E,6E-5376,2026-08-23,T+1,15180,3332,18512,2026-08-22T09:04:59.594Z,FALSE,"",20:15,TRUE
fare_BLR-BOM_AI_2026-08-23_T+1_1787389679045_wqiu,BLR-BOM,EaseMyTrip,AI,AI-9426,2026-08-23,T+1,15760,3459,19219,2026-08-22T09:04:59.594Z,FALSE,"",12:30,FALSE
fare_BLR-BOM_6E_2026-08-23_T+1_1787389679045_qf5e,BLR-BOM,EaseMyTrip,6E,6E-6030,2026-08-23,T+1,15702,3447,19149,2026-08-22T09:04:59.594Z,FALSE,"",15:00,TRUE
fare_BLR-BOM_IX_2026-08-23_T+1_1787389679045_2k12,BLR-BOM,EaseMyTrip,IX,IX-2678,2026-08-23,T+1,16080,3530,19610,2026-08-22T09:04:59.594Z,FALSE,"",05:30,FALSE
fare_BLR-BOM_6E_2026-08-23_T+1_1787389679045_43nr,BLR-BOM,EaseMyTrip,6E,6E-6891,2026-08-23,T+1,15936,3498,19434,2026-08-22T09:04:59.594Z,FALSE,"",17:15,FALSE
fare_BLR-BOM_AI_2026-08-23_T+1_1787389679045_v5uc,BLR-BOM,EaseMyTrip,AI,AI-2604,2026-08-23,T+1,16211,3558,19769,2026-08-22T09:04:59.594Z,FALSE,"",09:15,TRUE
fare_BLR-BOM_AI_2026-08-23_T+1_1787389679045_mb7o,BLR-BOM,EaseMyTrip,AI,AI-2498,2026-08-23,T+1,16211,3558,19769,2026-08-22T09:04:59.594Z,FALSE,"",00:45,TRUE
fare_BLR-BOM_AI_2026-08-23_T+1_1787389679045_wjpu,BLR-BOM,EaseMyTrip,AI,AI-2852,2026-08-23,T+1,16211,3558,19769,2026-08-22T09:04:59.594Z,FALSE,"",10:30,TRUE
fare_BLR-BOM_AI_2026-08-23_T+1_1787389679045_9lor,BLR-BOM,EaseMyTrip,AI,AI-2610,2026-08-23,T+1,16211,3558,19769,2026-08-22T09:04:59.594Z,FALSE,"",19:00,TRUE
fare_BLR-BOM_AI_2026-08-23_T+1_1787389679045_w0s8,BLR-BOM,EaseMyTrip,AI,AI-2811,2026-08-23,T+1,16211,3558,19769,2026-08-22T09:04:59.594Z,FALSE,"",23:40,TRUE
fare_BLR-BOM_6E_2026-08-23_T+1_1787389679045_cfzh,BLR-BOM,EaseMyTrip,6E,6E-6178,2026-08-23,T+1,16198,3556,19754,2026-08-22T09:04:59.594Z,FALSE,"",06:25,FALSE
fare_BLR-BOM_6E_2026-08-23_T+1_1787389679045_6t17,BLR-BOM,EaseMyTrip,6E,6E-6702,2026-08-23,T+1,16370,3593,19963,2026-08-22T09:04:59.594Z,FALSE,"",05:20,FALSE
fare_BLR-BOM_6E_2026-08-23_T+1_1787389679045_avjw,BLR-BOM,EaseMyTrip,6E,6E-6077,2026-08-23,T+1,16370,3594,19964,2026-08-22T09:04:59.594Z,FALSE,"",20:20,FALSE
fare_BLR-BOM_6E_2026-08-23_T+1_1787389679045_k93y,BLR-BOM,EaseMyTrip,6E,6E-549,2026-08-23,T+1,16370,3594,19964,2026-08-22T09:04:59.594Z,FALSE,"",05:10,FALSE
fare_BLR-BOM_6E_2026-08-23_T+1_1787389679045_z2fs,BLR-BOM,EaseMyTrip,6E,6E-209,2026-08-23,T+1,16370,3594,19964,2026-08-22T09:04:59.594Z,FALSE,"",05:10,FALSE
fare_BLR-BOM_AI_2026-08-23_T+1_1787389679045_iniu,BLR-BOM,EaseMyTrip,AI,AI-9574,2026-08-23,T+1,16696,3665,20361,2026-08-22T09:04:59.594Z,FALSE,"",08:55,FALSE
fare_BLR-BOM_6E_2026-08-23_T+1_1787389679045_auar,BLR-BOM,EaseMyTrip,6E,6E-6283,2026-08-23,T+1,16727,3672,20399,2026-08-22T09:04:59.594Z,FALSE,"",19:05,TRUE
fare_BLR-BOM_6E_2026-08-23_T+1_1787389679045_b16v,BLR-BOM,EaseMyTrip,6E,6E-5031,2026-08-23,T+1,16727,3672,20399,2026-08-22T09:04:59.594Z,FALSE,"",16:00,TRUE
fare_BLR-BOM_6E_2026-08-23_T+1_1787389679045_vuyd,BLR-BOM,EaseMyTrip,6E,6E-6162,2026-08-23,T+1,17283,3794,21077,2026-08-22T09:04:59.594Z,FALSE,"",18:50,FALSE
fare_BLR-BOM_AI_2026-08-23_T+1_1787389679045_c8fu,BLR-BOM,EaseMyTrip,AI,AI-2756,2026-08-23,T+1,17544,3851,21395,2026-08-22T09:04:59.594Z,FALSE,"",02:15,FALSE
fare_BLR-BOM_AI_2026-08-23_T+1_1787389679045_m81n,BLR-BOM,EaseMyTrip,AI,AI-9455,2026-08-23,T+1,17650,3874,21524,2026-08-22T09:04:59.594Z,FALSE,"",08:40,FALSE
fare_BLR-BOM_6E_2026-08-23_T+1_1787389679045_xx42,BLR-BOM,EaseMyTrip,6E,6E-727,2026-08-23,T+1,17657,3876,21533,2026-08-22T09:04:59.594Z,FALSE,"",17:00,FALSE
fare_BLR-BOM_6E_2026-08-23_T+1_1787389679045_413q,BLR-BOM,EaseMyTrip,6E,6E-554,2026-08-23,T+1,17657,3876,21533,2026-08-22T09:04:59.594Z,FALSE,"",17:00,FALSE
fare_BLR-BOM_IX_2026-08-23_T+1_1787389679045_om03,BLR-BOM,EaseMyTrip,IX,IX-1893,2026-08-23,T+1,18943,4158,23101,2026-08-22T09:04:59.594Z,FALSE,"",08:40,FALSE
fare_BLR-BOM_AI_2026-08-23_T+1_1787389679045_c7yp,BLR-BOM,EaseMyTrip,AI,AI-9457,2026-08-23,T+1,19123,4198,23321,2026-08-22T09:04:59.594Z,FALSE,"",16:45,FALSE
fare_BLR-BOM_AI_2026-08-23_T+1_1787389679045_0m08,BLR-BOM,EaseMyTrip,AI,AI-2810,2026-08-23,T+1,19142,4202,23344,2026-08-22T09:04:59.594Z,FALSE,"",06:00,FALSE
fare_BLR-BOM_AI_2026-08-23_T+1_1787389679045_fpqo,BLR-BOM,EaseMyTrip,AI,AI-2654,2026-08-23,T+1,19142,4202,23344,2026-08-22T09:04:59.594Z,FALSE,"",07:00,FALSE
fare_BLR-BOM_AI_2026-08-23_T+1_1787389679045_4zy7,BLR-BOM,EaseMyTrip,AI,AI-2414,2026-08-23,T+1,19142,4202,23344,2026-08-22T09:04:59.594Z,FALSE,"",05:30,FALSE
fare_BLR-BOM_IX_2026-08-23_T+1_1787389679045_q49m,BLR-BOM,EaseMyTrip,IX,IX-2608,2026-08-23,T+1,19240,4223,23463,2026-08-22T09:04:59.594Z,FALSE,"",16:45,FALSE
fare_BLR-BOM_6E_2026-08-23_T+1_1787389679045_hvds,BLR-BOM,EaseMyTrip,6E,6E-191,2026-08-23,T+1,19260,4228,23488,2026-08-22T09:04:59.594Z,FALSE,"",10:15,FALSE
fare_BLR-BOM_6E_2026-08-23_T+1_1787389679045_b40t,BLR-BOM,EaseMyTrip,6E,6E-371,2026-08-23,T+1,19260,4228,23488,2026-08-22T09:04:59.594Z,FALSE,"",09:15,FALSE
fare_BLR-BOM_6E_2026-08-23_T+1_1787389679045_6czj,BLR-BOM,EaseMyTrip,6E,6E-764,2026-08-23,T+1,19260,4228,23488,2026-08-22T09:04:59.594Z,FALSE,"",09:15,FALSE
fare_BLR-BOM_6E_2026-08-23_T+1_1787389679045_ci1i,BLR-BOM,EaseMyTrip,6E,6E-505,2026-08-23,T+1,19260,4228,23488,2026-08-22T09:04:59.594Z,FALSE,"",10:15,FALSE
fare_BLR-BOM_6E_2026-08-23_T+1_1787389679045_7pvr,BLR-BOM,EaseMyTrip,6E,6E-871,2026-08-23,T+1,19260,4228,23488,2026-08-22T09:04:59.594Z,FALSE,"",10:15,FALSE
fare_BLR-BOM_6E_2026-08-23_T+1_1787389679045_twwf,BLR-BOM,EaseMyTrip,6E,6E-134,2026-08-23,T+1,19260,4228,23488,2026-08-22T09:04:59.594Z,FALSE,"",09:15,FALSE
fare_BLR-BOM_6E_2026-08-23_T+1_1787389679045_5ull,BLR-BOM,EaseMyTrip,6E,6E-346,2026-08-23,T+1,19260,4228,23488,2026-08-22T09:04:59.594Z,FALSE,"",09:15,FALSE
fare_BLR-BOM_IX_2026-08-23_T+1_1787389679045_9x96,BLR-BOM,EaseMyTrip,IX,IX-1386,2026-08-23,T+1,19677,4319,23996,2026-08-22T09:04:59.594Z,FALSE,"",13:05,FALSE
fare_BLR-BOM_AI_2026-08-23_T+1_1787389679045_3bm7,BLR-BOM,EaseMyTrip,AI,AI-9564,2026-08-23,T+1,20078,4407,24485,2026-08-22T09:04:59.594Z,FALSE,"",14:55,FALSE
fare_BLR-BOM_AI_2026-08-23_T+1_1787389679045_julc,BLR-BOM,EaseMyTrip,AI,AI-9437,2026-08-23,T+1,20233,4441,24674,2026-08-22T09:04:59.594Z,FALSE,"",07:05,FALSE
fare_BLR-BOM_6E_2026-08-23_T+1_1787389679045_78s0,BLR-BOM,EaseMyTrip,6E,6E-879,2026-08-23,T+1,20814,4569,25383,2026-08-22T09:04:59.594Z,FALSE,"",08:15,FALSE
fare_BLR-BOM_6E_2026-08-23_T+1_1787389679045_52si,BLR-BOM,EaseMyTrip,6E,6E-331,2026-08-23,T+1,20814,4569,25383,2026-08-22T09:04:59.594Z,FALSE,"",08:15,FALSE
fare_BLR-BOM_6E_2026-08-23_T+1_1787389679045_d3j0,BLR-BOM,EaseMyTrip,6E,6E-6067,2026-08-23,T+1,21502,4720,26222,2026-08-22T09:04:59.594Z,FALSE,"",16:30,FALSE
fare_BLR-BOM_6E_2026-08-23_T+1_1787389679045_hmd1,BLR-BOM,EaseMyTrip,6E,6E-439,2026-08-23,T+1,21874,4801,26675,2026-08-22T09:04:59.594Z,FALSE,"",19:45,FALSE
fare_BLR-BOM_6E_2026-08-23_T+1_1787389679045_tg1p,BLR-BOM,EaseMyTrip,6E,6E-321,2026-08-23,T+1,21874,4801,26675,2026-08-22T09:04:59.594Z,FALSE,"",19:45,FALSE
fare_BLR-BOM_6E_2026-08-23_T+1_1787389679045_hmb4,BLR-BOM,EaseMyTrip,6E,6E-196,2026-08-23,T+1,21874,4801,26675,2026-08-22T09:04:59.594Z,FALSE,"",18:35,FALSE
fare_BLR-BOM_AI_2026-08-23_T+1_1787389679045_fn8e,BLR-BOM,EaseMyTrip,AI,AI-2486,2026-08-23,T+1,22411,4919,27330,2026-08-22T09:04:59.594Z,FALSE,"",14:00,FALSE
fare_BLR-BOM_6E_2026-08-23_T+1_1787389679045_kjt2,BLR-BOM,EaseMyTrip,6E,6E-581,2026-08-23,T+1,23223,5098,28321,2026-08-22T09:04:59.594Z,FALSE,"",16:50,FALSE
fare_BLR-BOM_6E_2026-08-23_T+1_1787389679045_mhsa,BLR-BOM,EaseMyTrip,6E,6E-180,2026-08-23,T+1,23223,5098,28321,2026-08-22T09:04:59.594Z,FALSE,"",16:50,FALSE
fare_BLR-BOM_AI_2026-08-23_T+1_1787389679045_dd12,BLR-BOM,EaseMyTrip,AI,AI-9605,2026-08-23,T+1,23486,5156,28642,2026-08-22T09:04:59.594Z,FALSE,"",14:25,FALSE
fare_BLR-BOM_AI_2026-08-23_T+1_1787389679045_m25b,BLR-BOM,EaseMyTrip,AI,AI-9898,2026-08-23,T+1,23640,5189,28829,2026-08-22T09:04:59.594Z,FALSE,"",09:50,FALSE
fare_BLR-BOM_AI_2026-08-23_T+1_1787389679045_09hs,BLR-BOM,EaseMyTrip,AI,AI-2418,2026-08-23,T+1,23951,5257,29208,2026-08-22T09:04:59.594Z,FALSE,"",16:30,FALSE
fare_BLR-BOM_AI_2026-08-23_T+1_1787389679045_xrsg,BLR-BOM,EaseMyTrip,AI,AI-428,2026-08-23,T+1,24337,5342,29679,2026-08-22T09:04:59.594Z,FALSE,"",14:55,FALSE
fare_BLR-BOM_AI_2026-08-23_T+1_1787389679045_zg1g,BLR-BOM,EaseMyTrip,AI,AI-2511,2026-08-23,T+1,24916,5469,30385,2026-08-22T09:04:59.594Z,FALSE,"",15:45,FALSE
fare_BLR-BOM_6E_2026-08-23_T+1_1787389679045_j3rv,BLR-BOM,EaseMyTrip,6E,6E-6404,2026-08-23,T+1,25577,5615,31192,2026-08-22T09:04:59.594Z,FALSE,"",11:35,FALSE
fare_BLR-BOM_AI_2026-08-23_T+1_1787389679045_yxdh,BLR-BOM,EaseMyTrip,AI,AI-9970,2026-08-23,T+1,26447,5805,32252,2026-08-22T09:04:59.594Z,FALSE,"",14:45,FALSE
fare_BLR-BOM_AI_2026-08-29_T+7_1787389679046_vkzj,BLR-BOM,EaseMyTrip,AI,AI-2498,2026-08-29,T+7,4043,887,4930,2026-08-22T09:05:05.407Z,FALSE,"",00:45,TRUE
fare_BLR-BOM_6E_2026-08-29_T+7_1787389679046_s72j,BLR-BOM,EaseMyTrip,6E,6E-5293,2026-08-29,T+7,4087,897,4984,2026-08-22T09:05:05.407Z,FALSE,"",01:00,TRUE
fare_BLR-BOM_QP_2026-08-29_T+7_1787389679046_wewq,BLR-BOM,EaseMyTrip,QP,QP-1381,2026-08-29,T+7,4151,911,5062,2026-08-22T09:05:05.407Z,FALSE,"",04:50,TRUE
fare_BLR-BOM_6E_2026-08-29_T+7_1787389679046_nf2r,BLR-BOM,EaseMyTrip,6E,6E-5205,2026-08-29,T+7,4431,973,5404,2026-08-22T09:05:05.407Z,FALSE,"",03:45,TRUE
fare_BLR-BOM_SG_2026-08-29_T+7_1787389679046_j6e4,BLR-BOM,EaseMyTrip,SG,SG-623,2026-08-29,T+7,4683,1028,5711,2026-08-22T09:05:05.407Z,FALSE,"",00:45,TRUE
fare_BLR-BOM_SG_2026-08-29_T+7_1787389679046_5p0t,BLR-BOM,EaseMyTrip,SG,SG-249,2026-08-29,T+7,4683,1028,5711,2026-08-22T09:05:05.407Z,FALSE,"",00:45,TRUE
fare_BLR-BOM_QP_2026-08-29_T+7_1787389679046_sj9p,BLR-BOM,EaseMyTrip,QP,QP-1383,2026-08-29,T+7,4618,1014,5632,2026-08-22T09:05:05.407Z,FALSE,"",05:25,TRUE
fare_BLR-BOM_IX_2026-08-29_T+7_1787389679046_hb5w,BLR-BOM,EaseMyTrip,IX,IX-2987,2026-08-29,T+7,4863,1067,5930,2026-08-22T09:05:05.407Z,FALSE,"",06:10,TRUE
fare_BLR-BOM_IX_2026-08-29_T+7_1787389679046_9kqm,BLR-BOM,EaseMyTrip,IX,IX-2881,2026-08-29,T+7,4991,1096,6087,2026-08-22T09:05:05.407Z,FALSE,"",05:50,FALSE
fare_BLR-BOM_6E_2026-08-29_T+7_1787389679046_x7db,BLR-BOM,EaseMyTrip,6E,6E-2086,2026-08-29,T+7,5002,1098,6100,2026-08-22T09:05:05.407Z,FALSE,"",09:20,TRUE
fare_BLR-BOM_IX_2026-08-29_T+7_1787389679046_tgi3,BLR-BOM,EaseMyTrip,IX,IX-1803,2026-08-29,T+7,5292,1162,6454,2026-08-22T09:05:05.407Z,FALSE,"",21:05,TRUE
fare_BLR-BOM_IX_2026-08-29_T+7_1787389679046_5g58,BLR-BOM,EaseMyTrip,IX,IX-1581,2026-08-29,T+7,5292,1162,6454,2026-08-22T09:05:05.407Z,FALSE,"",18:25,TRUE
fare_BLR-BOM_IX_2026-08-29_T+7_1787389679046_yj35,BLR-BOM,EaseMyTrip,IX,IX-2931,2026-08-29,T+7,5521,1212,6733,2026-08-22T09:05:05.407Z,FALSE,"",10:45,FALSE
fare_BLR-BOM_6E_2026-08-29_T+7_1787389679046_o24k,BLR-BOM,EaseMyTrip,6E,6E-6030,2026-08-29,T+7,5292,1162,6454,2026-08-22T09:05:05.407Z,FALSE,"",15:00,TRUE
fare_BLR-BOM_QP_2026-08-29_T+7_1787389679046_i51i,BLR-BOM,EaseMyTrip,QP,QP-1515,2026-08-29,T+7,5346,1174,6520,2026-08-22T09:05:05.407Z,FALSE,"",06:20,TRUE
fare_BLR-BOM_AI_2026-08-29_T+7_1787389679046_rqfg,BLR-BOM,EaseMyTrip,AI,AI-2811,2026-08-29,T+7,5654,1241,6895,2026-08-22T09:05:05.407Z,FALSE,"",23:40,TRUE
fare_BLR-BOM_QP_2026-08-29_T+7_1787389679046_25mn,BLR-BOM,EaseMyTrip,QP,QP-1528,2026-08-29,T+7,5550,1218,6768,2026-08-22T09:05:05.407Z,FALSE,"",10:20,TRUE
fare_BLR-BOM_6E_2026-08-29_T+7_1787389679046_6caj,BLR-BOM,EaseMyTrip,6E,6E-6554,2026-08-29,T+7,5610,1231,6841,2026-08-22T09:05:05.407Z,FALSE,"",19:15,FALSE
fare_BLR-BOM_6E_2026-08-29_T+7_1787389679046_bhtc,BLR-BOM,EaseMyTrip,6E,6E-6168,2026-08-29,T+7,5685,1248,6933,2026-08-22T09:05:05.407Z,FALSE,"",17:40,FALSE
fare_BLR-BOM_6E_2026-08-29_T+7_1787389679046_iq26,BLR-BOM,EaseMyTrip,6E,6E-6753,2026-08-29,T+7,5685,1248,6933,2026-08-22T09:05:05.407Z,FALSE,"",15:15,FALSE
fare_BLR-BOM_6E_2026-08-29_T+7_1787389679046_5vmn,BLR-BOM,EaseMyTrip,6E,6E-6653,2026-08-29,T+7,5685,1248,6933,2026-08-22T09:05:05.407Z,FALSE,"",12:35,FALSE
fare_BLR-BOM_6E_2026-08-29_T+7_1787389679046_oanz,BLR-BOM,EaseMyTrip,6E,6E-6891,2026-08-29,T+7,5907,1297,7204,2026-08-22T09:05:05.407Z,FALSE,"",17:15,FALSE
fare_BLR-BOM_6E_2026-08-29_T+7_1787389679046_krgm,BLR-BOM,EaseMyTrip,6E,6E-6863,2026-08-29,T+7,5907,1297,7204,2026-08-22T09:05:05.407Z,FALSE,"",08:20,FALSE
fare_BLR-BOM_6E_2026-08-29_T+7_1787389679046_0fno,BLR-BOM,EaseMyTrip,6E,6E-5376,2026-08-29,T+7,5967,1310,7277,2026-08-22T09:05:05.407Z,FALSE,"",20:15,TRUE
fare_BLR-BOM_6E_2026-08-29_T+7_1787389679046_x9tb,BLR-BOM,EaseMyTrip,6E,6E-6283,2026-08-29,T+7,5967,1310,7277,2026-08-22T09:05:05.407Z,FALSE,"",19:05,TRUE
fare_BLR-BOM_6E_2026-08-29_T+7_1787389679046_f532,BLR-BOM,EaseMyTrip,6E,6E-5237,2026-08-29,T+7,5967,1310,7277,2026-08-22T09:05:05.407Z,FALSE,"",10:15,TRUE
fare_BLR-BOM_6E_2026-08-29_T+7_1787389679046_h079,BLR-BOM,EaseMyTrip,6E,6E-5051,2026-08-29,T+7,5967,1310,7277,2026-08-22T09:05:05.407Z,FALSE,"",08:30,TRUE
fare_BLR-BOM_6E_2026-08-29_T+7_1787389679046_dhba,BLR-BOM,EaseMyTrip,6E,6E-5216,2026-08-29,T+7,5967,1310,7277,2026-08-22T09:05:05.407Z,FALSE,"",07:25,TRUE
fare_BLR-BOM_6E_2026-08-29_T+7_1787389679046_lcda,BLR-BOM,EaseMyTrip,6E,6E-781,2026-08-29,T+7,5971,1311,7282,2026-08-22T09:05:05.407Z,FALSE,"",10:50,FALSE
fare_BLR-BOM_6E_2026-08-29_T+7_1787389679046_w1pq,BLR-BOM,EaseMyTrip,6E,6E-566,2026-08-29,T+7,5971,1311,7282,2026-08-22T09:05:05.407Z,FALSE,"",10:50,FALSE
fare_BLR-BOM_6E_2026-08-29_T+7_1787389679046_qkk1,BLR-BOM,EaseMyTrip,6E,6E-6595,2026-08-29,T+7,5971,1311,7282,2026-08-22T09:05:05.407Z,FALSE,"",13:55,FALSE
fare_BLR-BOM_6E_2026-08-29_T+7_1787389679046_dqzj,BLR-BOM,EaseMyTrip,6E,6E-6507,2026-08-29,T+7,5971,1311,7282,2026-08-22T09:05:05.407Z,FALSE,"",13:15,FALSE
fare_BLR-BOM_6E_2026-08-29_T+7_1787389679046_matw,BLR-BOM,EaseMyTrip,6E,6E-6077,2026-08-29,T+7,5971,1311,7282,2026-08-22T09:05:05.407Z,FALSE,"",20:20,FALSE
fare_BLR-BOM_6E_2026-08-29_T+7_1787389679046_hl5o,BLR-BOM,EaseMyTrip,6E,6E-6012,2026-08-29,T+7,5971,1311,7282,2026-08-22T09:05:05.407Z,FALSE,"",19:30,FALSE
fare_BLR-BOM_6E_2026-08-29_T+7_1787389679046_ef3i,BLR-BOM,EaseMyTrip,6E,6E-156,2026-08-29,T+7,5971,1311,7282,2026-08-22T09:05:05.407Z,FALSE,"",10:50,FALSE
fare_BLR-BOM_6E_2026-08-29_T+7_1787389679046_3h3f,BLR-BOM,EaseMyTrip,6E,6E-456,2026-08-29,T+7,5971,1311,7282,2026-08-22T09:05:05.407Z,FALSE,"",10:50,FALSE
fare_BLR-BOM_6E_2026-08-29_T+7_1787389679046_khp6,BLR-BOM,EaseMyTrip,6E,6E-831,2026-08-29,T+7,5971,1311,7282,2026-08-22T09:05:05.407Z,FALSE,"",05:10,FALSE
fare_BLR-BOM_6E_2026-08-29_T+7_1787389679046_3fl1,BLR-BOM,EaseMyTrip,6E,6E-563,2026-08-29,T+7,5971,1311,7282,2026-08-22T09:05:05.407Z,FALSE,"",05:10,FALSE
fare_BLR-BOM_6E_2026-08-29_T+7_1787389679046_m100,BLR-BOM,EaseMyTrip,6E,6E-6269,2026-08-29,T+7,5971,1311,7282,2026-08-22T09:05:05.407Z,FALSE,"",07:15,FALSE
fare_BLR-BOM_6E_2026-08-29_T+7_1787389679046_t84v,BLR-BOM,EaseMyTrip,6E,6E-6208,2026-08-29,T+7,5971,1311,7282,2026-08-22T09:05:05.407Z,FALSE,"",12:50,FALSE
fare_BLR-BOM_6E_2026-08-29_T+7_1787389679046_bxcx,BLR-BOM,EaseMyTrip,6E,6E-312,2026-08-29,T+7,5971,1311,7282,2026-08-22T09:05:05.407Z,FALSE,"",16:50,FALSE
fare_BLR-BOM_6E_2026-08-29_T+7_1787389679046_w6l9,BLR-BOM,EaseMyTrip,6E,6E-162,2026-08-29,T+7,5971,1311,7282,2026-08-22T09:05:05.407Z,FALSE,"",16:50,FALSE
fare_BLR-BOM_6E_2026-08-29_T+7_1787389679046_9wsu,BLR-BOM,EaseMyTrip,6E,6E-6017,2026-08-29,T+7,5971,1311,7282,2026-08-22T09:05:05.407Z,FALSE,"",18:15,FALSE
fare_BLR-BOM_6E_2026-08-29_T+7_1787389679046_dyer,BLR-BOM,EaseMyTrip,6E,6E-318,2026-08-29,T+7,6079,1335,7414,2026-08-22T09:05:05.407Z,FALSE,"",17:55,FALSE
fare_BLR-BOM_6E_2026-08-29_T+7_1787389679046_pxc5,BLR-BOM,EaseMyTrip,6E,6E-116,2026-08-29,T+7,6079,1335,7414,2026-08-22T09:05:05.407Z,FALSE,"",17:55,FALSE
fare_BLR-BOM_AI_2026-08-29_T+7_1787389679046_d9b0,BLR-BOM,EaseMyTrip,AI,AI-2402,2026-08-29,T+7,6266,1376,7642,2026-08-22T09:05:05.407Z,FALSE,"",06:35,TRUE
fare_BLR-BOM_AI_2026-08-29_T+7_1787389679046_8ph5,BLR-BOM,EaseMyTrip,AI,AI-2642,2026-08-29,T+7,6266,1376,7642,2026-08-22T09:05:05.407Z,FALSE,"",21:30,TRUE
fare_BLR-BOM_AI_2026-08-29_T+7_1787389679046_r5kg,BLR-BOM,EaseMyTrip,AI,AI-2604,2026-08-29,T+7,6366,1398,7764,2026-08-22T09:05:05.407Z,FALSE,"",09:15,TRUE
fare_BLR-BOM_QP_2026-08-29_T+7_1787389679046_q08j,BLR-BOM,EaseMyTrip,QP,QP-1134,2026-08-29,T+7,6217,1365,7582,2026-08-22T09:05:05.407Z,FALSE,"",22:55,TRUE
fare_BLR-BOM_6E_2026-08-29_T+7_1787389679046_c6vi,BLR-BOM,EaseMyTrip,6E,6E-5351,2026-08-29,T+7,6225,1367,7592,2026-08-22T09:05:05.407Z,FALSE,"",14:20,TRUE
fare_BLR-BOM_6E_2026-08-29_T+7_1787389679046_p49i,BLR-BOM,EaseMyTrip,6E,6E-5069,2026-08-29,T+7,6225,1367,7592,2026-08-22T09:05:05.407Z,FALSE,"",11:30,TRUE
fare_BLR-BOM_AI_2026-08-29_T+7_1787389679046_uomv,BLR-BOM,EaseMyTrip,AI,AI-2846,2026-08-29,T+7,6467,1419,7886,2026-08-22T09:05:05.407Z,FALSE,"",08:05,TRUE
fare_BLR-BOM_6E_2026-08-29_T+7_1787389679046_ke2h,BLR-BOM,EaseMyTrip,6E,6E-5089,2026-08-29,T+7,6325,1389,7714,2026-08-22T09:05:05.407Z,FALSE,"",05:30,TRUE
fare_BLR-BOM_IX_2026-08-29_T+7_1787389679046_3wgb,BLR-BOM,EaseMyTrip,IX,IX-1386,2026-08-29,T+7,6612,1452,8064,2026-08-22T09:05:05.407Z,FALSE,"",13:05,FALSE
fare_BLR-BOM_QP_2026-08-29_T+7_1787389679046_xi16,BLR-BOM,EaseMyTrip,QP,QP-1517,2026-08-29,T+7,6460,1418,7878,2026-08-22T09:05:05.407Z,FALSE,"",07:40,TRUE
fare_BLR-BOM_AI_2026-08-29_T+7_1787389679046_wikb,BLR-BOM,EaseMyTrip,AI,AI-2850,2026-08-29,T+7,6630,1455,8085,2026-08-22T09:05:05.407Z,FALSE,"",20:30,TRUE
fare_BLR-BOM_AI_2026-08-29_T+7_1787389679046_gdze,BLR-BOM,EaseMyTrip,AI,AI-2852,2026-08-29,T+7,6682,1467,8149,2026-08-22T09:05:05.407Z,FALSE,"",10:30,TRUE
fare_BLR-BOM_6E_2026-08-29_T+7_1787389679046_zunt,BLR-BOM,EaseMyTrip,6E,6E-7445,2026-08-29,T+7,6647,1459,8106,2026-08-22T09:05:05.407Z,FALSE,"",15:20,FALSE
fare_BLR-BOM_6E_2026-08-29_T+7_1787389679046_r7z8,BLR-BOM,EaseMyTrip,6E,6E-5218,2026-08-29,T+7,7173,1574,8747,2026-08-22T09:05:05.407Z,FALSE,"",13:00,TRUE
fare_BLR-BOM_6E_2026-08-29_T+7_1787389679046_1oz9,BLR-BOM,EaseMyTrip,6E,6E-5255,2026-08-29,T+7,7603,1669,9272,2026-08-22T09:05:05.407Z,FALSE,"",17:25,TRUE
fare_BLR-BOM_6E_2026-08-29_T+7_1787389679046_tiru,BLR-BOM,EaseMyTrip,6E,6E-5031,2026-08-29,T+7,7603,1669,9272,2026-08-22T09:05:05.407Z,FALSE,"",16:00,TRUE
fare_BLR-BOM_6E_2026-08-29_T+7_1787389679046_8wfv,BLR-BOM,EaseMyTrip,6E,6E-496,2026-08-29,T+7,7774,1707,9481,2026-08-22T09:05:05.407Z,FALSE,"",17:00,FALSE
fare_BLR-BOM_6E_2026-08-29_T+7_1787389679046_umwz,BLR-BOM,EaseMyTrip,6E,6E-727,2026-08-29,T+7,7774,1707,9481,2026-08-22T09:05:05.407Z,FALSE,"",17:00,FALSE
fare_BLR-BOM_AI_2026-08-29_T+7_1787389679046_o59p,BLR-BOM,EaseMyTrip,AI,AI-9574,2026-08-29,T+7,8513,1869,10382,2026-08-22T09:05:05.407Z,FALSE,"",08:55,FALSE
fare_BLR-BOM_6E_2026-08-29_T+7_1787389679046_dsok,BLR-BOM,EaseMyTrip,6E,6E-6404,2026-08-29,T+7,8397,1843,10240,2026-08-22T09:05:05.407Z,FALSE,"",11:35,FALSE
fare_BLR-BOM_6E_2026-08-29_T+7_1787389679046_s87j,BLR-BOM,EaseMyTrip,6E,6E-860,2026-08-29,T+7,8569,1881,10450,2026-08-22T09:05:05.407Z,FALSE,"",07:05,FALSE
fare_BLR-BOM_6E_2026-08-29_T+7_1787389679046_6rbj,BLR-BOM,EaseMyTrip,6E,6E-439,2026-08-29,T+7,8569,1881,10450,2026-08-22T09:05:05.407Z,FALSE,"",07:05,FALSE
fare_BLR-BOM_6E_2026-08-29_T+7_1787389679046_aomp,BLR-BOM,EaseMyTrip,6E,6E-6104,2026-08-29,T+7,8569,1881,10450,2026-08-22T09:05:05.407Z,FALSE,"",11:40,FALSE
fare_BLR-BOM_6E_2026-08-29_T+7_1787389679046_dqwp,BLR-BOM,EaseMyTrip,6E,6E-592,2026-08-29,T+7,8569,1881,10450,2026-08-22T09:05:05.407Z,FALSE,"",11:00,FALSE
fare_BLR-BOM_6E_2026-08-29_T+7_1787389679046_qchb,BLR-BOM,EaseMyTrip,6E,6E-516,2026-08-29,T+7,8569,1881,10450,2026-08-22T09:05:05.407Z,FALSE,"",11:00,FALSE
fare_BLR-BOM_IX_2026-08-29_T+7_1787389679046_84li,BLR-BOM,EaseMyTrip,IX,IX-2678,2026-08-29,T+7,9102,1998,11100,2026-08-22T09:05:05.407Z,FALSE,"",05:30,FALSE
fare_BLR-BOM_6E_2026-08-29_T+7_1787389679046_gi9c,BLR-BOM,EaseMyTrip,6E,6E-524,2026-08-29,T+7,8875,1948,10823,2026-08-22T09:05:05.407Z,FALSE,"",14:50,FALSE
fare_BLR-BOM_6E_2026-08-29_T+7_1787389679046_ttfz,BLR-BOM,EaseMyTrip,6E,6E-313,2026-08-29,T+7,8875,1948,10823,2026-08-22T09:05:05.407Z,FALSE,"",14:50,FALSE
fare_BLR-BOM_6E_2026-08-29_T+7_1787389679046_79zd,BLR-BOM,EaseMyTrip,6E,6E-6067,2026-08-29,T+7,8875,1948,10823,2026-08-22T09:05:05.407Z,FALSE,"",16:30,FALSE
fare_BLR-BOM_6E_2026-08-29_T+7_1787389679046_cf4b,BLR-BOM,EaseMyTrip,6E,6E-700,2026-08-29,T+7,8875,1948,10823,2026-08-22T09:05:05.407Z,FALSE,"",14:50,FALSE
fare_BLR-BOM_6E_2026-08-29_T+7_1787389679046_h32i,BLR-BOM,EaseMyTrip,6E,6E-990,2026-08-29,T+7,8875,1948,10823,2026-08-22T09:05:05.407Z,FALSE,"",14:50,FALSE
fare_BLR-BOM_AI_2026-08-29_T+7_1787389679046_v717,BLR-BOM,EaseMyTrip,AI,AI-9566,2026-08-29,T+7,9164,2011,11175,2026-08-22T09:05:05.407Z,FALSE,"",19:15,FALSE
fare_BLR-BOM_AI_2026-08-29_T+7_1787389679046_umc8,BLR-BOM,EaseMyTrip,AI,AI-9564,2026-08-29,T+7,9164,2011,11175,2026-08-22T09:05:05.407Z,FALSE,"",10:55,FALSE
fare_BLR-BOM_6E_2026-08-29_T+7_1787389679046_srqq,BLR-BOM,EaseMyTrip,6E,6E-6178,2026-08-29,T+7,9081,1993,11074,2026-08-22T09:05:05.407Z,FALSE,"",06:25,FALSE
fare_BLR-BOM_6E_2026-08-29_T+7_1787389679046_t866,BLR-BOM,EaseMyTrip,6E,6E-951,2026-08-29,T+7,9081,1993,11074,2026-08-22T09:05:05.407Z,FALSE,"",10:15,FALSE
fare_BLR-BOM_6E_2026-08-29_T+7_1787389679046_eptr,BLR-BOM,EaseMyTrip,6E,6E-285,2026-08-29,T+7,9081,1993,11074,2026-08-22T09:05:05.407Z,FALSE,"",10:15,FALSE
fare_BLR-BOM_AI_2026-08-29_T+7_1787389679046_e04e,BLR-BOM,EaseMyTrip,AI,AI-9852,2026-08-29,T+7,9318,2046,11364,2026-08-22T09:05:05.407Z,FALSE,"",18:40,FALSE
fare_BLR-BOM_AI_2026-08-29_T+7_1787389679046_do2d,BLR-BOM,EaseMyTrip,AI,AI-9762,2026-08-29,T+7,9495,2084,11579,2026-08-22T09:05:05.407Z,FALSE,"",07:05,FALSE
fare_BLR-BOM_AI_2026-08-29_T+7_1787389679046_qled,BLR-BOM,EaseMyTrip,AI,AI-9482,2026-08-29,T+7,9495,2084,11579,2026-08-22T09:05:05.407Z,FALSE,"",19:40,FALSE
fare_BLR-BOM_AI_2026-08-29_T+7_1787389679046_614y,BLR-BOM,EaseMyTrip,AI,AI-9970,2026-08-29,T+7,9495,2084,11579,2026-08-22T09:05:05.407Z,FALSE,"",14:45,FALSE
fare_BLR-BOM_AI_2026-08-29_T+7_1787389679046_920c,BLR-BOM,EaseMyTrip,AI,AI-9426,2026-08-29,T+7,9495,2084,11579,2026-08-22T09:05:05.407Z,FALSE,"",12:30,FALSE
fare_BLR-BOM_IX_2026-08-29_T+7_1787389679046_it2t,BLR-BOM,EaseMyTrip,IX,IX-2924,2026-08-29,T+7,9713,2132,11845,2026-08-22T09:05:05.407Z,FALSE,"",09:55,FALSE
fare_BLR-BOM_6E_2026-08-29_T+7_1787389679046_fjhu,BLR-BOM,EaseMyTrip,6E,6E-275,2026-08-29,T+7,9956,2185,12141,2026-08-22T09:05:05.407Z,FALSE,"",19:45,FALSE
fare_BLR-BOM_6E_2026-08-29_T+7_1787389679046_rbyi,BLR-BOM,EaseMyTrip,6E,6E-762,2026-08-29,T+7,9956,2185,12141,2026-08-22T09:05:05.407Z,FALSE,"",19:45,FALSE
fare_BLR-BOM_6E_2026-08-29_T+7_1787389679046_lmca,BLR-BOM,EaseMyTrip,6E,6E-225,2026-08-29,T+7,10080,2213,12293,2026-08-22T09:05:05.407Z,FALSE,"",10:15,FALSE
fare_BLR-BOM_6E_2026-08-29_T+7_1787389679046_rg4u,BLR-BOM,EaseMyTrip,6E,6E-773,2026-08-29,T+7,10080,2213,12293,2026-08-22T09:05:05.407Z,FALSE,"",10:15,FALSE
fare_BLR-BOM_AI_2026-08-29_T+7_1787389679046_m3sp,BLR-BOM,EaseMyTrip,AI,AI-9572,2026-08-29,T+7,10430,2290,12720,2026-08-22T09:05:05.407Z,FALSE,"",12:30,FALSE
fare_BLR-BOM_6E_2026-08-29_T+7_1787389679046_h9ia,BLR-BOM,EaseMyTrip,6E,6E-277,2026-08-29,T+7,10439,2292,12731,2026-08-22T09:05:05.407Z,FALSE,"",09:15,FALSE
fare_BLR-BOM_6E_2026-08-29_T+7_1787389679046_u76p,BLR-BOM,EaseMyTrip,6E,6E-220,2026-08-29,T+7,10439,2292,12731,2026-08-22T09:05:05.407Z,FALSE,"",09:15,FALSE
fare_BLR-BOM_6E_2026-08-29_T+7_1787389679046_bpd9,BLR-BOM,EaseMyTrip,6E,6E-6423,2026-08-29,T+7,10831,2378,13209,2026-08-22T09:05:05.407Z,FALSE,"",20:00,FALSE
fare_BLR-BOM_6E_2026-08-29_T+7_1787389679046_8uli,BLR-BOM,EaseMyTrip,6E,6E-230,2026-08-29,T+7,11273,2474,13747,2026-08-22T09:05:05.407Z,FALSE,"",08:15,FALSE
fare_BLR-BOM_6E_2026-08-29_T+7_1787389679046_rx06,BLR-BOM,EaseMyTrip,6E,6E-158,2026-08-29,T+7,11273,2474,13747,2026-08-22T09:05:05.407Z,FALSE,"",08:15,FALSE
fare_BLR-BOM_AI_2026-08-29_T+7_1787389679046_4viv,BLR-BOM,EaseMyTrip,AI,AI-9520,2026-08-29,T+7,12147,2666,14813,2026-08-22T09:05:05.407Z,FALSE,"",13:05,FALSE
fare_BLR-BOM_IX_2026-08-29_T+7_1787389679046_w0z2,BLR-BOM,EaseMyTrip,IX,IX-1893,2026-08-29,T+7,12349,2711,15060,2026-08-22T09:05:05.407Z,FALSE,"",08:40,FALSE
fare_BLR-BOM_AI_2026-08-29_T+7_1787389679046_owmo,BLR-BOM,EaseMyTrip,AI,AI-9451,2026-08-29,T+7,12483,2740,15223,2026-08-22T09:05:05.407Z,FALSE,"",05:30,FALSE
fare_BLR-BOM_6E_2026-08-29_T+7_1787389679046_baxx,BLR-BOM,EaseMyTrip,6E,6E-6162,2026-08-29,T+7,12567,2758,15325,2026-08-22T09:05:05.407Z,FALSE,"",18:50,FALSE
fare_BLR-BOM_IX_2026-08-29_T+7_1787389679046_nrf0,BLR-BOM,EaseMyTrip,IX,IX-2608,2026-08-29,T+7,13006,2855,15861,2026-08-22T09:05:05.407Z,FALSE,"",16:45,FALSE
fare_BLR-BOM_AI_2026-08-29_T+7_1787389679046_oynd,BLR-BOM,EaseMyTrip,AI,AI-2810,2026-08-29,T+7,13227,2904,16131,2026-08-22T09:05:05.407Z,FALSE,"",06:00,FALSE
fare_BLR-BOM_AI_2026-08-29_T+7_1787389679046_stva,BLR-BOM,EaseMyTrip,AI,AI-2414,2026-08-29,T+7,13227,2904,16131,2026-08-22T09:05:05.407Z,FALSE,"",05:30,FALSE
fare_BLR-BOM_AI_2026-08-29_T+7_1787389679046_u0i2,BLR-BOM,EaseMyTrip,AI,AI-2756,2026-08-29,T+7,13358,2932,16290,2026-08-22T09:05:05.407Z,FALSE,"",02:15,FALSE
fare_BLR-BOM_AI_2026-08-29_T+7_1787389679046_jonx,BLR-BOM,EaseMyTrip,AI,AI-2486,2026-08-29,T+7,13827,3035,16862,2026-08-22T09:05:05.407Z,FALSE,"",14:00,FALSE
fare_BLR-BOM_AI_2026-08-29_T+7_1787389679046_m45y,BLR-BOM,EaseMyTrip,AI,AI-2418,2026-08-29,T+7,13827,3035,16862,2026-08-22T09:05:05.407Z,FALSE,"",16:30,FALSE
fare_BLR-BOM_AI_2026-08-29_T+7_1787389679046_8r3u,BLR-BOM,EaseMyTrip,AI,AI-9605,2026-08-29,T+7,13844,3039,16883,2026-08-22T09:05:05.407Z,FALSE,"",14:25,FALSE
fare_BLR-BOM_AI_2026-08-29_T+7_1787389679046_9z3x,BLR-BOM,EaseMyTrip,AI,AI-9437,2026-08-29,T+7,13926,3057,16983,2026-08-22T09:05:05.407Z,FALSE,"",07:05,FALSE
fare_BLR-BOM_AI_2026-08-29_T+7_1787389679046_6yjs,BLR-BOM,EaseMyTrip,AI,AI-428,2026-08-29,T+7,13957,3064,17021,2026-08-22T09:05:05.407Z,FALSE,"",14:55,FALSE
fare_BLR-BOM_AI_2026-08-29_T+7_1787389679046_zxi9,BLR-BOM,EaseMyTrip,AI,AI-2511,2026-08-29,T+7,14091,3093,17184,2026-08-22T09:05:05.407Z,FALSE,"",15:45,FALSE
fare_BLR-BOM_IX_2026-08-29_T+7_1787389679046_nrtq,BLR-BOM,EaseMyTrip,IX,IX-2116,2026-08-29,T+7,14306,3140,17446,2026-08-22T09:05:05.407Z,FALSE,"",21:00,FALSE
fare_BLR-BOM_AI_2026-08-29_T+7_1787389679046_5lh8,BLR-BOM,EaseMyTrip,AI,AI-9602,2026-08-29,T+7,14260,3130,17390,2026-08-22T09:05:05.407Z,FALSE,"",11:00,FALSE
fare_BLR-BOM_AI_2026-08-29_T+7_1787389679046_ft8g,BLR-BOM,EaseMyTrip,AI,AI-9455,2026-08-29,T+7,15476,3397,18873,2026-08-22T09:05:05.407Z,FALSE,"",08:40,FALSE
fare_BLR-BOM_AI_2026-08-29_T+7_1787389679046_dnkc,BLR-BOM,EaseMyTrip,AI,AI-2854,2026-08-29,T+7,16211,3558,19769,2026-08-22T09:05:05.407Z,FALSE,"",16:40,TRUE
fare_BLR-BOM_AI_2026-08-29_T+7_1787389679046_giwg,BLR-BOM,EaseMyTrip,AI,AI-2610,2026-08-29,T+7,16211,3558,19769,2026-08-22T09:05:05.407Z,FALSE,"",19:00,TRUE
fare_BLR-BOM_6E_2026-08-29_T+7_1787389679046_mbp9,BLR-BOM,EaseMyTrip,6E,6E-7005,2026-08-29,T+7,16370,3594,19964,2026-08-22T09:05:05.407Z,FALSE,"",08:05,FALSE
fare_BLR-BOM_AI_2026-08-29_T+7_1787389679046_ro8q,BLR-BOM,EaseMyTrip,AI,AI-9708,2026-08-29,T+7,18043,3961,22004,2026-08-22T09:05:05.407Z,TRUE,"High outlier: ₹22004 > upper fence ₹20905 (Q3: ₹12731, IQR: ₹5449)",10:05,FALSE
fare_BLR-BOM_AI_2026-08-29_T+7_1787389679046_0ydr,BLR-BOM,EaseMyTrip,AI,AI-9898,2026-08-29,T+7,18560,4074,22634,2026-08-22T09:05:05.407Z,TRUE,"High outlier: ₹22634 > upper fence ₹20905 (Q3: ₹12731, IQR: ₹5449)",09:50,FALSE
fare_BLR-BOM_6E_2026-08-29_T+7_1787389679046_ht3j,BLR-BOM,EaseMyTrip,6E,6E-539,2026-08-29,T+7,20998,4609,25607,2026-08-22T09:05:05.407Z,TRUE,"High outlier: ₹25607 > upper fence ₹20905 (Q3: ₹12731, IQR: ₹5449)",18:00,FALSE
fare_BLR-BOM_6E_2026-08-29_T+7_1787389679046_q7qy,BLR-BOM,EaseMyTrip,6E,6E-287,2026-08-29,T+7,20998,4609,25607,2026-08-22T09:05:05.407Z,TRUE,"High outlier: ₹25607 > upper fence ₹20905 (Q3: ₹12731, IQR: ₹5449)",18:00,FALSE
fare_BLR-BOM_AI_2026-08-29_T+7_1787389679046_heza,BLR-BOM,EaseMyTrip,AI,AI-9457,2026-08-29,T+7,21290,4673,25963,2026-08-22T09:05:05.407Z,TRUE,"High outlier: ₹25963 > upper fence ₹20905 (Q3: ₹12731, IQR: ₹5449)",16:45,FALSE
fare_BLR-BOM_6E_2026-08-29_T+7_1787389679046_ue8o,BLR-BOM,EaseMyTrip,6E,6E-832,2026-08-29,T+7,21739,4772,26511,2026-08-22T09:05:05.407Z,TRUE,"High outlier: ₹26511 > upper fence ₹20905 (Q3: ₹12731, IQR: ₹5449)",18:00,FALSE
fare_BLR-BOM_6E_2026-08-29_T+7_1787389679046_20mx,BLR-BOM,EaseMyTrip,6E,6E-929,2026-08-29,T+7,21739,4772,26511,2026-08-22T09:05:05.407Z,TRUE,"High outlier: ₹26511 > upper fence ₹20905 (Q3: ₹12731, IQR: ₹5449)",18:00,FALSE
fare_BLR-BOM_6E_2026-08-29_T+7_1787389679046_4ncy,BLR-BOM,EaseMyTrip,6E,6E-6702,2026-08-29,T+7,23430,5143,28573,2026-08-22T09:05:05.407Z,TRUE,"High outlier: ₹28573 > upper fence ₹20905 (Q3: ₹12731, IQR: ₹5449)",05:20,FALSE
fare_BLR-DEL_6E_2026-08-23_T+1_1787389679047_n628,BLR-DEL,EaseMyTrip,6E,6E-501,2026-08-23,T+1,3390,744,4134,2026-08-22T05:06:35.386Z,TRUE,"Low outlier: ₹4134 < lower fence ₹5649 (Q1: ₹15732, IQR: ₹6722)",07:00,TRUE
fare_BLR-DEL_IX_2026-08-23_T+1_1787389679047_mq6o,BLR-DEL,EaseMyTrip,IX,IX-1971,2026-08-23,T+1,9662,2121,11783,2026-08-22T09:04:35.693Z,FALSE,"",12:45,FALSE
fare_BLR-DEL_AI_2026-08-23_T+1_1787389679047_ewrp,BLR-DEL,EaseMyTrip,AI,AI-9808,2026-08-23,T+1,10189,2236,12425,2026-08-22T09:04:35.693Z,FALSE,"",04:00,FALSE
fare_BLR-DEL_IX_2026-08-23_T+1_1787389679047_z1xs,BLR-DEL,EaseMyTrip,IX,IX-2816,2026-08-23,T+1,10318,2265,12583,2026-08-22T09:04:35.693Z,FALSE,"",09:50,FALSE
fare_BLR-DEL_6E_2026-08-23_T+1_1787389679047_k0l1,BLR-DEL,EaseMyTrip,6E,6E-6876,2026-08-23,T+1,10202,2239,12441,2026-08-22T09:04:35.693Z,FALSE,"",02:40,FALSE
fare_BLR-DEL_6E_2026-08-23_T+1_1787389679047_cldb,BLR-DEL,EaseMyTrip,6E,6E-980,2026-08-23,T+1,10474,2299,12773,2026-08-22T09:04:35.693Z,FALSE,"",04:30,FALSE
fare_BLR-DEL_6E_2026-08-23_T+1_1787389679047_7lhq,BLR-DEL,EaseMyTrip,6E,6E-747,2026-08-23,T+1,10474,2299,12773,2026-08-22T09:04:35.693Z,FALSE,"",04:30,FALSE
fare_BLR-DEL_6E_2026-08-23_T+1_1787389679047_j8u4,BLR-DEL,EaseMyTrip,6E,6E-6563,2026-08-23,T+1,10474,2299,12773,2026-08-22T09:04:35.693Z,FALSE,"",01:05,FALSE
fare_BLR-DEL_IX_2026-08-23_T+1_1787389679047_7gdn,BLR-DEL,EaseMyTrip,IX,IX-1502,2026-08-23,T+1,11138,2445,13583,2026-08-22T09:04:35.693Z,FALSE,"",10:35,FALSE
fare_BLR-DEL_6E_2026-08-23_T+1_1787389679047_9pt2,BLR-DEL,EaseMyTrip,6E,6E-716,2026-08-23,T+1,11159,2449,13608,2026-08-22T09:04:35.693Z,FALSE,"",21:40,FALSE
fare_BLR-DEL_6E_2026-08-23_T+1_1787389679047_bvux,BLR-DEL,EaseMyTrip,6E,6E-773,2026-08-23,T+1,11159,2449,13608,2026-08-22T09:04:35.693Z,FALSE,"",21:40,FALSE
fare_BLR-DEL_6E_2026-08-23_T+1_1787389679047_1gxd,BLR-DEL,EaseMyTrip,6E,6E-725,2026-08-23,T+1,11159,2449,13608,2026-08-22T09:04:35.693Z,FALSE,"",23:05,FALSE
fare_BLR-DEL_6E_2026-08-23_T+1_1787389679047_bqsy,BLR-DEL,EaseMyTrip,6E,6E-834,2026-08-23,T+1,11159,2449,13608,2026-08-22T09:04:35.693Z,FALSE,"",23:05,FALSE
fare_BLR-DEL_6E_2026-08-23_T+1_1787389679047_auds,BLR-DEL,EaseMyTrip,6E,6E-528,2026-08-23,T+1,11159,2449,13608,2026-08-22T09:04:35.693Z,FALSE,"",19:00,FALSE
fare_BLR-DEL_6E_2026-08-23_T+1_1787389679047_i528,BLR-DEL,EaseMyTrip,6E,6E-231,2026-08-23,T+1,11159,2449,13608,2026-08-22T09:04:35.693Z,FALSE,"",19:00,FALSE
fare_BLR-DEL_6E_2026-08-23_T+1_1787389679047_kj1a,BLR-DEL,EaseMyTrip,6E,6E-6269,2026-08-23,T+1,11223,2463,13686,2026-08-22T09:04:35.693Z,FALSE,"",07:15,FALSE
fare_BLR-DEL_6E_2026-08-23_T+1_1787389679047_3omo,BLR-DEL,EaseMyTrip,6E,6E-6554,2026-08-23,T+1,11223,2463,13686,2026-08-22T09:04:35.693Z,FALSE,"",19:15,FALSE
fare_BLR-DEL_6E_2026-08-23_T+1_1787389679047_zplh,BLR-DEL,EaseMyTrip,6E,6E-6875,2026-08-23,T+1,11223,2463,13686,2026-08-22T09:04:35.693Z,FALSE,"",19:55,FALSE
fare_BLR-DEL_6E_2026-08-23_T+1_1787389679047_xidb,BLR-DEL,EaseMyTrip,6E,6E-6451,2026-08-23,T+1,11331,2487,13818,2026-08-22T09:04:35.693Z,FALSE,"",16:45,FALSE
fare_BLR-DEL_6E_2026-08-23_T+1_1787389679047_rh9w,BLR-DEL,EaseMyTrip,6E,6E-6277,2026-08-23,T+1,11331,2487,13818,2026-08-22T09:04:35.693Z,FALSE,"",14:45,FALSE
fare_BLR-DEL_6E_2026-08-23_T+1_1787389679047_3088,BLR-DEL,EaseMyTrip,6E,6E-6445,2026-08-23,T+1,11352,2492,13844,2026-08-22T09:04:35.693Z,FALSE,"",10:25,FALSE
fare_BLR-DEL_6E_2026-08-23_T+1_1787389679047_hud0,BLR-DEL,EaseMyTrip,6E,6E-631,2026-08-23,T+1,11449,2513,13962,2026-08-22T09:04:35.693Z,FALSE,"",08:10,FALSE
fare_BLR-DEL_6E_2026-08-23_T+1_1787389679047_pe1x,BLR-DEL,EaseMyTrip,6E,6E-232,2026-08-23,T+1,11449,2513,13962,2026-08-22T09:04:35.693Z,FALSE,"",08:10,FALSE
fare_BLR-DEL_6E_2026-08-23_T+1_1787389679047_pemf,BLR-DEL,EaseMyTrip,6E,6E-6439,2026-08-23,T+1,11449,2513,13962,2026-08-22T09:04:35.693Z,FALSE,"",06:30,FALSE
fare_BLR-DEL_AI_2026-08-23_T+1_1787389679047_vztm,BLR-DEL,EaseMyTrip,AI,AI-2610,2026-08-23,T+1,11878,2607,14485,2026-08-22T09:04:35.693Z,FALSE,"",19:00,FALSE
fare_BLR-DEL_IX_2026-08-23_T+1_1787389679047_5ya9,BLR-DEL,EaseMyTrip,IX,IX-2145,2026-08-23,T+1,11958,2625,14583,2026-08-22T09:04:35.693Z,FALSE,"",04:00,FALSE
fare_BLR-DEL_AI_2026-08-23_T+1_1787389679047_11t2,BLR-DEL,EaseMyTrip,AI,AI-9478,2026-08-23,T+1,12138,2665,14803,2026-08-22T09:04:35.693Z,FALSE,"",22:10,FALSE
fare_BLR-DEL_6E_2026-08-23_T+1_1787389679047_y3tr,BLR-DEL,EaseMyTrip,6E,6E-6423,2026-08-23,T+1,11993,2632,14625,2026-08-22T09:04:35.693Z,FALSE,"",20:00,FALSE
fare_BLR-DEL_AI_2026-08-23_T+1_1787389679047_21c6,BLR-DEL,EaseMyTrip,AI,AI-2758,2026-08-23,T+1,12176,2673,14849,2026-08-22T09:04:35.693Z,FALSE,"",00:15,TRUE
fare_BLR-DEL_AI_2026-08-23_T+1_1787389679047_omoe,BLR-DEL,EaseMyTrip,AI,AI-2756,2026-08-23,T+1,12176,2673,14849,2026-08-22T09:04:35.693Z,FALSE,"",02:15,TRUE
fare_BLR-DEL_6E_2026-08-23_T+1_1787389679047_8713,BLR-DEL,EaseMyTrip,6E,6E-6406,2026-08-23,T+1,12195,2677,14872,2026-08-22T09:04:35.693Z,FALSE,"",22:00,TRUE
fare_BLR-DEL_6E_2026-08-23_T+1_1787389679047_0z5c,BLR-DEL,EaseMyTrip,6E,6E-330,2026-08-23,T+1,12541,2753,15294,2026-08-22T09:04:35.693Z,FALSE,"",09:35,FALSE
fare_BLR-DEL_6E_2026-08-23_T+1_1787389679047_2fu7,BLR-DEL,EaseMyTrip,6E,6E-311,2026-08-23,T+1,12541,2753,15294,2026-08-22T09:04:35.693Z,FALSE,"",09:35,FALSE
fare_BLR-DEL_6E_2026-08-23_T+1_1787389679047_44ej,BLR-DEL,EaseMyTrip,6E,6E-6465,2026-08-23,T+1,12900,2832,15732,2026-08-22T09:04:35.693Z,FALSE,"",17:15,FALSE
fare_BLR-DEL_6E_2026-08-23_T+1_1787389679047_amsv,BLR-DEL,EaseMyTrip,6E,6E-535,2026-08-23,T+1,12900,2832,15732,2026-08-22T09:04:35.693Z,FALSE,"",20:40,FALSE
fare_BLR-DEL_6E_2026-08-23_T+1_1787389679047_35kt,BLR-DEL,EaseMyTrip,6E,6E-963,2026-08-23,T+1,12900,2832,15732,2026-08-22T09:04:35.693Z,FALSE,"",20:40,FALSE
fare_BLR-DEL_6E_2026-08-23_T+1_1787389679047_4qsw,BLR-DEL,EaseMyTrip,6E,6E-2313,2026-08-23,T+1,12912,2834,15746,2026-08-22T09:04:35.693Z,FALSE,"",23:30,TRUE
fare_BLR-DEL_6E_2026-08-23_T+1_1787389679047_gkoy,BLR-DEL,EaseMyTrip,6E,6E-6653,2026-08-23,T+1,12965,2846,15811,2026-08-22T09:04:35.693Z,FALSE,"",12:35,FALSE
fare_BLR-DEL_QP_2026-08-23_T+1_1787389679047_rn0i,BLR-DEL,EaseMyTrip,QP,QP-1811,2026-08-23,T+1,13011,2856,15867,2026-08-22T09:04:35.693Z,FALSE,"",04:15,TRUE
fare_BLR-DEL_QP_2026-08-23_T+1_1787389679047_vqkb,BLR-DEL,EaseMyTrip,QP,QP-1823,2026-08-23,T+1,13011,2856,15867,2026-08-22T09:04:35.693Z,FALSE,"",06:05,TRUE
fare_BLR-DEL_6E_2026-08-23_T+1_1787389679047_rozj,BLR-DEL,EaseMyTrip,6E,6E-679,2026-08-23,T+1,13359,2933,16292,2026-08-22T09:04:35.693Z,FALSE,"",16:20,FALSE
fare_BLR-DEL_6E_2026-08-23_T+1_1787389679047_xqjz,BLR-DEL,EaseMyTrip,6E,6E-484,2026-08-23,T+1,13359,2933,16292,2026-08-22T09:04:35.693Z,FALSE,"",16:20,FALSE
fare_BLR-DEL_AI_2026-08-23_T+1_1787389679047_m9rd,BLR-DEL,EaseMyTrip,AI,AI-2811,2026-08-23,T+1,13594,2984,16578,2026-08-22T09:04:35.693Z,FALSE,"",23:40,FALSE
fare_BLR-DEL_AI_2026-08-23_T+1_1787389679047_b50m,BLR-DEL,EaseMyTrip,AI,AI-2810,2026-08-23,T+1,13644,2995,16639,2026-08-22T09:04:35.693Z,FALSE,"",06:00,TRUE
fare_BLR-DEL_AI_2026-08-23_T+1_1787389679047_2yut,BLR-DEL,EaseMyTrip,AI,AI-2414,2026-08-23,T+1,13644,2995,16639,2026-08-22T09:04:35.693Z,FALSE,"",05:30,TRUE
fare_BLR-DEL_AI_2026-08-23_T+1_1787389679047_ziya,BLR-DEL,EaseMyTrip,AI,AI-2654,2026-08-23,T+1,13644,2995,16639,2026-08-22T09:04:35.693Z,FALSE,"",07:00,TRUE
fare_BLR-DEL_AI_2026-08-23_T+1_1787389679047_swlr,BLR-DEL,EaseMyTrip,AI,AI-2501,2026-08-23,T+1,13644,2995,16639,2026-08-22T09:04:35.693Z,FALSE,"",23:30,TRUE
fare_BLR-DEL_QP_2026-08-23_T+1_1787389679047_94tl,BLR-DEL,EaseMyTrip,QP,QP-1359,2026-08-23,T+1,13500,2964,16464,2026-08-22T09:04:35.693Z,FALSE,"",05:00,TRUE
fare_BLR-DEL_6E_2026-08-23_T+1_1787389679047_2cqn,BLR-DEL,EaseMyTrip,6E,6E-6863,2026-08-23,T+1,13603,2986,16589,2026-08-22T09:04:35.693Z,FALSE,"",08:20,FALSE
fare_BLR-DEL_AI_2026-08-23_T+1_1787389679047_6sm0,BLR-DEL,EaseMyTrip,AI,AI-2818,2026-08-23,T+1,13874,3046,16920,2026-08-22T09:04:35.693Z,FALSE,"",20:00,TRUE
fare_BLR-DEL_QP_2026-08-23_T+1_1787389679047_oh88,BLR-DEL,EaseMyTrip,QP,QP-1381,2026-08-23,T+1,14140,3104,17244,2026-08-22T09:04:35.693Z,FALSE,"",04:50,FALSE
fare_BLR-DEL_6E_2026-08-23_T+1_1787389679047_2bdj,BLR-DEL,EaseMyTrip,6E,6E-472,2026-08-23,T+1,14492,3181,17673,2026-08-22T09:04:35.693Z,FALSE,"",19:30,TRUE
fare_BLR-DEL_6E_2026-08-23_T+1_1787389679047_2zf5,BLR-DEL,EaseMyTrip,6E,6E-892,2026-08-23,T+1,14492,3181,17673,2026-08-22T09:04:35.693Z,FALSE,"",19:30,TRUE
fare_BLR-DEL_6E_2026-08-23_T+1_1787389679047_r5ef,BLR-DEL,EaseMyTrip,6E,6E-530,2026-08-23,T+1,14492,3181,17673,2026-08-22T09:04:35.693Z,FALSE,"",20:40,TRUE
fare_BLR-DEL_6E_2026-08-23_T+1_1787389679047_vo9y,BLR-DEL,EaseMyTrip,6E,6E-250,2026-08-23,T+1,14492,3181,17673,2026-08-22T09:04:35.693Z,FALSE,"",20:40,TRUE
fare_BLR-DEL_QP_2026-08-23_T+1_1787389679047_9tjh,BLR-DEL,EaseMyTrip,QP,QP-1307,2026-08-23,T+1,14540,3192,17732,2026-08-22T09:04:35.693Z,FALSE,"",17:20,TRUE
fare_BLR-DEL_AI_2026-08-23_T+1_1787389679047_gedb,BLR-DEL,EaseMyTrip,AI,AI-2850,2026-08-23,T+1,14809,3251,18060,2026-08-22T09:04:35.693Z,FALSE,"",20:30,FALSE
fare_BLR-DEL_AI_2026-08-23_T+1_1787389679047_na5d,BLR-DEL,EaseMyTrip,AI,AI-9806,2026-08-23,T+1,14939,3279,18218,2026-08-22T09:04:35.693Z,FALSE,"",17:35,FALSE
fare_BLR-DEL_AI_2026-08-23_T+1_1787389679047_5rua,BLR-DEL,EaseMyTrip,AI,AI-9762,2026-08-23,T+1,15129,3321,18450,2026-08-22T09:04:35.693Z,FALSE,"",07:05,FALSE
fare_BLR-DEL_6E_2026-08-23_T+1_1787389679047_g9zk,BLR-DEL,EaseMyTrip,6E,6E-6283,2026-08-23,T+1,14966,3285,18251,2026-08-22T09:04:35.693Z,FALSE,"",19:05,FALSE
fare_BLR-DEL_6E_2026-08-23_T+1_1787389679047_98fu,BLR-DEL,EaseMyTrip,6E,6E-344,2026-08-23,T+1,15031,3299,18330,2026-08-22T09:04:35.693Z,FALSE,"",15:10,FALSE
fare_BLR-DEL_6E_2026-08-23_T+1_1787389679047_3fm0,BLR-DEL,EaseMyTrip,6E,6E-751,2026-08-23,T+1,15031,3299,18330,2026-08-22T09:04:35.693Z,FALSE,"",15:10,FALSE
fare_BLR-DEL_6E_2026-08-23_T+1_1787389679047_t01e,BLR-DEL,EaseMyTrip,6E,6E-278,2026-08-23,T+1,15301,3359,18660,2026-08-22T09:04:35.693Z,FALSE,"",10:50,FALSE
fare_BLR-DEL_6E_2026-08-23_T+1_1787389679047_3plv,BLR-DEL,EaseMyTrip,6E,6E-955,2026-08-23,T+1,15301,3359,18660,2026-08-22T09:04:35.693Z,FALSE,"",10:50,FALSE
fare_BLR-DEL_6E_2026-08-23_T+1_1787389679047_n7i7,BLR-DEL,EaseMyTrip,6E,6E-6162,2026-08-23,T+1,15335,3366,18701,2026-08-22T09:04:35.693Z,FALSE,"",18:50,FALSE
fare_BLR-DEL_6E_2026-08-23_T+1_1787389679047_apvw,BLR-DEL,EaseMyTrip,6E,6E-6034,2026-08-23,T+1,15364,3372,18736,2026-08-22T09:04:35.693Z,FALSE,"",18:15,TRUE
fare_BLR-DEL_6E_2026-08-23_T+1_1787389679047_nj1j,BLR-DEL,EaseMyTrip,6E,6E-861,2026-08-23,T+1,15364,3372,18736,2026-08-22T09:04:35.693Z,FALSE,"",12:00,TRUE
fare_BLR-DEL_6E_2026-08-23_T+1_1787389679047_5kjc,BLR-DEL,EaseMyTrip,6E,6E-303,2026-08-23,T+1,15364,3372,18736,2026-08-22T09:04:35.693Z,FALSE,"",12:00,TRUE
fare_BLR-DEL_6E_2026-08-23_T+1_1787389679047_rm2x,BLR-DEL,EaseMyTrip,6E,6E-178,2026-08-23,T+1,15364,3372,18736,2026-08-22T09:04:35.693Z,FALSE,"",09:30,TRUE
fare_BLR-DEL_6E_2026-08-23_T+1_1787389679047_h0f7,BLR-DEL,EaseMyTrip,6E,6E-626,2026-08-23,T+1,15364,3372,18736,2026-08-22T09:04:35.693Z,FALSE,"",09:30,TRUE
fare_BLR-DEL_6E_2026-08-23_T+1_1787389679047_mqsz,BLR-DEL,EaseMyTrip,6E,6E-6891,2026-08-23,T+1,15377,3376,18753,2026-08-22T09:04:35.693Z,FALSE,"",17:15,FALSE
fare_BLR-DEL_AI_2026-08-23_T+1_1787389679047_b16g,BLR-DEL,EaseMyTrip,AI,AI-2854,2026-08-23,T+1,15722,3451,19173,2026-08-22T09:04:35.693Z,FALSE,"",16:40,FALSE
fare_BLR-DEL_AI_2026-08-23_T+1_1787389679047_ykxg,BLR-DEL,EaseMyTrip,AI,AI-2486,2026-08-23,T+1,15948,3501,19449,2026-08-22T09:04:35.693Z,FALSE,"",14:00,TRUE
fare_BLR-DEL_AI_2026-08-23_T+1_1787389679047_oxes,BLR-DEL,EaseMyTrip,AI,AI-2488,2026-08-23,T+1,15948,3501,19449,2026-08-22T09:04:35.693Z,FALSE,"",22:30,TRUE
fare_BLR-DEL_AI_2026-08-23_T+1_1787389679047_7g2o,BLR-DEL,EaseMyTrip,AI,AI-2868,2026-08-23,T+1,15948,3501,19449,2026-08-22T09:04:35.693Z,FALSE,"",09:00,TRUE
fare_BLR-DEL_AI_2026-08-23_T+1_1787389679047_8an8,BLR-DEL,EaseMyTrip,AI,AI-2421,2026-08-23,T+1,15948,3501,19449,2026-08-22T09:04:35.693Z,FALSE,"",21:40,TRUE
fare_BLR-DEL_6E_2026-08-23_T+1_1787389679047_7q9t,BLR-DEL,EaseMyTrip,6E,6E-5255,2026-08-23,T+1,16138,3543,19681,2026-08-22T09:04:35.693Z,FALSE,"",17:25,FALSE
fare_BLR-DEL_AI_2026-08-23_T+1_1787389679047_eiu2,BLR-DEL,EaseMyTrip,AI,AI-9566,2026-08-23,T+1,16323,3583,19906,2026-08-22T09:04:35.693Z,FALSE,"",19:15,FALSE
fare_BLR-DEL_QP_2026-08-23_T+1_1787389679047_g8rk,BLR-DEL,EaseMyTrip,QP,QP-1821,2026-08-23,T+1,16173,3550,19723,2026-08-22T09:04:35.693Z,FALSE,"",13:10,TRUE
fare_BLR-DEL_6E_2026-08-23_T+1_1787389679047_j0z6,BLR-DEL,EaseMyTrip,6E,6E-455,2026-08-23,T+1,16203,3557,19760,2026-08-22T09:04:35.693Z,FALSE,"",19:10,FALSE
fare_BLR-DEL_6E_2026-08-23_T+1_1787389679047_4bnz,BLR-DEL,EaseMyTrip,6E,6E-267,2026-08-23,T+1,16203,3557,19760,2026-08-22T09:04:35.693Z,FALSE,"",19:10,FALSE
fare_BLR-DEL_6E_2026-08-23_T+1_1787389679047_jqgx,BLR-DEL,EaseMyTrip,6E,6E-317,2026-08-23,T+1,16293,3576,19869,2026-08-22T09:04:35.693Z,FALSE,"",08:15,TRUE
fare_BLR-DEL_6E_2026-08-23_T+1_1787389679047_kw1p,BLR-DEL,EaseMyTrip,6E,6E-6039,2026-08-23,T+1,16293,3576,19869,2026-08-22T09:04:35.693Z,FALSE,"",17:00,TRUE
fare_BLR-DEL_6E_2026-08-23_T+1_1787389679047_9e9j,BLR-DEL,EaseMyTrip,6E,6E-720,2026-08-23,T+1,16293,3576,19869,2026-08-22T09:04:35.693Z,FALSE,"",13:55,TRUE
fare_BLR-DEL_6E_2026-08-23_T+1_1787389679047_ryjr,BLR-DEL,EaseMyTrip,6E,6E-370,2026-08-23,T+1,16293,3576,19869,2026-08-22T09:04:35.693Z,FALSE,"",13:55,TRUE
fare_BLR-DEL_6E_2026-08-23_T+1_1787389679047_ol41,BLR-DEL,EaseMyTrip,6E,6E-887,2026-08-23,T+1,16293,3576,19869,2026-08-22T09:04:35.693Z,FALSE,"",13:10,TRUE
fare_BLR-DEL_6E_2026-08-23_T+1_1787389679047_irzl,BLR-DEL,EaseMyTrip,6E,6E-324,2026-08-23,T+1,16293,3576,19869,2026-08-22T09:04:35.693Z,FALSE,"",13:10,TRUE
fare_BLR-DEL_6E_2026-08-23_T+1_1787389679047_7p8i,BLR-DEL,EaseMyTrip,6E,6E-448,2026-08-23,T+1,16293,3576,19869,2026-08-22T09:04:35.693Z,FALSE,"",10:45,TRUE
fare_BLR-DEL_6E_2026-08-23_T+1_1787389679047_p6ze,BLR-DEL,EaseMyTrip,6E,6E-829,2026-08-23,T+1,16293,3576,19869,2026-08-22T09:04:35.693Z,FALSE,"",10:45,TRUE
fare_BLR-DEL_6E_2026-08-23_T+1_1787389679047_7yv6,BLR-DEL,EaseMyTrip,6E,6E-602,2026-08-23,T+1,16293,3576,19869,2026-08-22T09:04:35.693Z,FALSE,"",15:45,TRUE
fare_BLR-DEL_6E_2026-08-23_T+1_1787389679047_03bi,BLR-DEL,EaseMyTrip,6E,6E-594,2026-08-23,T+1,16293,3576,19869,2026-08-22T09:04:35.693Z,FALSE,"",15:45,TRUE
fare_BLR-DEL_IX_2026-08-23_T+1_1787389679047_anaz,BLR-DEL,EaseMyTrip,IX,IX-2410,2026-08-23,T+1,17003,3732,20735,2026-08-22T09:04:35.693Z,FALSE,"",22:15,TRUE
fare_BLR-DEL_IX_2026-08-23_T+1_1787389679047_4ntt,BLR-DEL,EaseMyTrip,IX,IX-1581,2026-08-23,T+1,17029,3738,20767,2026-08-22T09:04:35.693Z,FALSE,"",18:25,FALSE
fare_BLR-DEL_6E_2026-08-23_T+1_1787389679047_nd06,BLR-DEL,EaseMyTrip,6E,6E-6178,2026-08-23,T+1,16806,3689,20495,2026-08-22T09:04:35.693Z,FALSE,"",06:25,FALSE
fare_BLR-DEL_6E_2026-08-23_T+1_1787389679047_xnq0,BLR-DEL,EaseMyTrip,6E,6E-677,2026-08-23,T+1,16811,3690,20501,2026-08-22T09:04:35.693Z,FALSE,"",15:30,FALSE
fare_BLR-DEL_6E_2026-08-23_T+1_1787389679047_dhc1,BLR-DEL,EaseMyTrip,6E,6E-877,2026-08-23,T+1,16811,3690,20501,2026-08-22T09:04:35.693Z,FALSE,"",15:30,FALSE
fare_BLR-DEL_IX_2026-08-23_T+1_1787389679047_emxi,BLR-DEL,EaseMyTrip,IX,IX-2608,2026-08-23,T+1,17747,3896,21643,2026-08-22T09:04:35.693Z,FALSE,"",16:45,FALSE
fare_BLR-DEL_6E_2026-08-23_T+1_1787389679047_cbtt,BLR-DEL,EaseMyTrip,6E,6E-851,2026-08-23,T+1,17636,3871,21507,2026-08-22T09:04:35.693Z,FALSE,"",09:15,FALSE
fare_BLR-DEL_6E_2026-08-23_T+1_1787389679047_usbl,BLR-DEL,EaseMyTrip,6E,6E-477,2026-08-23,T+1,17636,3871,21507,2026-08-22T09:04:35.693Z,FALSE,"",09:15,FALSE
fare_BLR-DEL_6E_2026-08-23_T+1_1787389679047_gfw8,BLR-DEL,EaseMyTrip,6E,6E-968,2026-08-23,T+1,17636,3871,21507,2026-08-22T09:04:35.693Z,FALSE,"",08:15,FALSE
fare_BLR-DEL_6E_2026-08-23_T+1_1787389679047_dis6,BLR-DEL,EaseMyTrip,6E,6E-757,2026-08-23,T+1,17636,3871,21507,2026-08-22T09:04:35.693Z,FALSE,"",08:15,FALSE
fare_BLR-DEL_6E_2026-08-23_T+1_1787389679048_wfkh,BLR-DEL,EaseMyTrip,6E,6E-772,2026-08-23,T+1,17636,3871,21507,2026-08-22T09:04:35.693Z,FALSE,"",09:15,FALSE
fare_BLR-DEL_6E_2026-08-23_T+1_1787389679048_yxlk,BLR-DEL,EaseMyTrip,6E,6E-426,2026-08-23,T+1,17636,3871,21507,2026-08-22T09:04:35.693Z,FALSE,"",09:15,FALSE
fare_BLR-DEL_AI_2026-08-23_T+1_1787389679048_4xry,BLR-DEL,EaseMyTrip,AI,AI-428,2026-08-23,T+1,18453,4051,22504,2026-08-22T09:04:35.693Z,FALSE,"",14:55,TRUE
fare_BLR-DEL_AI_2026-08-23_T+1_1787389679048_qt9u,BLR-DEL,EaseMyTrip,AI,AI-2511,2026-08-23,T+1,18453,4051,22504,2026-08-22T09:04:35.693Z,FALSE,"",15:45,TRUE
fare_BLR-DEL_AI_2026-08-23_T+1_1787389679048_qum4,BLR-DEL,EaseMyTrip,AI,AI-2418,2026-08-23,T+1,18453,4051,22504,2026-08-22T09:04:35.693Z,FALSE,"",16:30,TRUE
fare_BLR-DEL_AI_2026-08-23_T+1_1787389679048_l0wf,BLR-DEL,EaseMyTrip,AI,AI-2406,2026-08-23,T+1,18453,4051,22504,2026-08-22T09:04:35.693Z,FALSE,"",11:00,TRUE
fare_BLR-DEL_AI_2026-08-23_T+1_1787389679048_zjhd,BLR-DEL,EaseMyTrip,AI,AI-2802,2026-08-23,T+1,18453,4051,22504,2026-08-22T09:04:35.693Z,FALSE,"",18:20,TRUE
fare_BLR-DEL_AI_2026-08-23_T+1_1787389679048_v6a1,BLR-DEL,EaseMyTrip,AI,AI-2798,2026-08-23,T+1,18453,4051,22504,2026-08-22T09:04:35.693Z,FALSE,"",20:25,TRUE
fare_BLR-DEL_IX_2026-08-23_T+1_1787389679048_ca7q,BLR-DEL,EaseMyTrip,IX,IX-1239,2026-08-23,T+1,18611,4085,22696,2026-08-22T09:04:35.693Z,FALSE,"",06:35,FALSE
fare_BLR-DEL_6E_2026-08-23_T+1_1787389679048_qu81,BLR-DEL,EaseMyTrip,6E,6E-6595,2026-08-23,T+1,18398,4039,22437,2026-08-22T09:04:35.693Z,FALSE,"",13:55,FALSE
fare_BLR-DEL_6E_2026-08-23_T+1_1787389679048_c6vf,BLR-DEL,EaseMyTrip,6E,6E-172,2026-08-23,T+1,18484,4057,22541,2026-08-22T09:04:35.693Z,FALSE,"",10:15,FALSE
fare_BLR-DEL_6E_2026-08-23_T+1_1787389679048_i9lc,BLR-DEL,EaseMyTrip,6E,6E-357,2026-08-23,T+1,18484,4057,22541,2026-08-22T09:04:35.693Z,FALSE,"",10:15,FALSE
fare_BLR-DEL_AI_2026-08-23_T+1_1787389679048_mz95,BLR-DEL,EaseMyTrip,AI,AI-9898,2026-08-23,T+1,18648,4093,22741,2026-08-22T09:04:35.693Z,FALSE,"",09:50,FALSE
fare_BLR-DEL_AI_2026-08-23_T+1_1787389679048_3w6c,BLR-DEL,EaseMyTrip,AI,AI-9437,2026-08-23,T+1,18713,4108,22821,2026-08-22T09:04:35.693Z,FALSE,"",07:05,FALSE
fare_BLR-DEL_IX_2026-08-23_T+1_1787389679048_zzqy,BLR-DEL,EaseMyTrip,IX,IX-1480,2026-08-23,T+1,18787,4124,22911,2026-08-22T09:04:35.693Z,FALSE,"",11:50,FALSE
fare_BLR-DEL_AI_2026-08-23_T+1_1787389679048_un8c,BLR-DEL,EaseMyTrip,AI,AI-9564,2026-08-23,T+1,18907,4150,23057,2026-08-22T09:04:35.693Z,FALSE,"",14:55,FALSE
fare_BLR-DEL_QP_2026-08-23_T+1_1787389679048_t8eu,BLR-DEL,EaseMyTrip,QP,QP-1515,2026-08-23,T+1,18837,4135,22972,2026-08-22T09:04:35.693Z,FALSE,"",06:20,FALSE
fare_BLR-DEL_6E_2026-08-23_T+1_1787389679048_ak2u,BLR-DEL,EaseMyTrip,6E,6E-6784,2026-08-23,T+1,19272,4231,23503,2026-08-22T09:04:35.693Z,FALSE,"",21:30,FALSE
fare_BLR-DEL_IX_2026-08-23_T+1_1787389679048_dzh2,BLR-DEL,EaseMyTrip,IX,IX-1893,2026-08-23,T+1,19584,4299,23883,2026-08-22T09:04:35.693Z,FALSE,"",08:40,FALSE
fare_BLR-DEL_AI_2026-08-23_T+1_1787389679048_ertz,BLR-DEL,EaseMyTrip,AI,AI-9520,2026-08-23,T+1,19961,4382,24343,2026-08-22T09:04:35.693Z,FALSE,"",13:05,FALSE
fare_BLR-DEL_IX_2026-08-23_T+1_1787389679048_ig83,BLR-DEL,EaseMyTrip,IX,IX-2680,2026-08-23,T+1,20459,4491,24950,2026-08-22T09:04:35.693Z,FALSE,"",21:50,FALSE
fare_BLR-DEL_AI_2026-08-23_T+1_1787389679048_c5c5,BLR-DEL,EaseMyTrip,AI,AI-9572,2026-08-23,T+1,20679,4539,25218,2026-08-22T09:04:35.693Z,FALSE,"",12:30,FALSE
fare_BLR-DEL_QP_2026-08-23_T+1_1787389679048_4pbv,BLR-DEL,EaseMyTrip,QP,QP-1313,2026-08-23,T+1,20537,4508,25045,2026-08-22T09:04:35.693Z,FALSE,"",10:10,FALSE
fare_BLR-DEL_IX_2026-08-23_T+1_1787389679048_nqjb,BLR-DEL,EaseMyTrip,IX,IX-1481,2026-08-23,T+1,21051,4621,25672,2026-08-22T09:04:35.693Z,FALSE,"",05:00,TRUE
fare_BLR-DEL_6E_2026-08-23_T+1_1787389679048_lkid,BLR-DEL,EaseMyTrip,6E,6E-6404,2026-08-23,T+1,20908,4590,25498,2026-08-22T09:04:35.693Z,FALSE,"",11:35,FALSE
fare_BLR-DEL_IX_2026-08-23_T+1_1787389679048_g5af,BLR-DEL,EaseMyTrip,IX,IX-2678,2026-08-23,T+1,21384,4694,26078,2026-08-22T09:04:35.693Z,FALSE,"",05:30,FALSE
fare_BLR-DEL_AI_2026-08-23_T+1_1787389679048_2aou,BLR-DEL,EaseMyTrip,AI,AI-9570,2026-08-23,T+1,21605,4743,26348,2026-08-22T09:04:35.693Z,FALSE,"",06:00,FALSE
fare_BLR-DEL_AI_2026-08-23_T+1_1787389679048_z13g,BLR-DEL,EaseMyTrip,AI,AI-9568,2026-08-23,T+1,21605,4743,26348,2026-08-22T09:04:35.693Z,FALSE,"",17:20,FALSE
fare_BLR-DEL_6E_2026-08-23_T+1_1787389679048_9qi2,BLR-DEL,EaseMyTrip,6E,6E-490,2026-08-23,T+1,21537,4728,26265,2026-08-22T09:04:35.693Z,FALSE,"",18:35,FALSE
fare_BLR-DEL_6E_2026-08-23_T+1_1787389679048_cyqm,BLR-DEL,EaseMyTrip,6E,6E-510,2026-08-23,T+1,21537,4728,26265,2026-08-22T09:04:35.693Z,FALSE,"",18:35,FALSE
fare_BLR-DEL_6E_2026-08-23_T+1_1787389679048_5mav,BLR-DEL,EaseMyTrip,6E,6E-6067,2026-08-23,T+1,21682,4760,26442,2026-08-22T09:04:35.693Z,FALSE,"",16:30,FALSE
fare_BLR-DEL_IX_2026-08-23_T+1_1787389679048_y333,BLR-DEL,EaseMyTrip,IX,IX-1536,2026-08-23,T+1,22123,4856,26979,2026-08-22T09:04:35.693Z,FALSE,"",15:00,FALSE
fare_BLR-DEL_6E_2026-08-23_T+1_1787389679048_o90w,BLR-DEL,EaseMyTrip,6E,6E-5031,2026-08-23,T+1,21930,4814,26744,2026-08-22T09:04:35.693Z,FALSE,"",16:00,FALSE
fare_BLR-DEL_AI_2026-08-23_T+1_1787389679048_c53f,BLR-DEL,EaseMyTrip,AI,AI-9455,2026-08-23,T+1,22360,4908,27268,2026-08-22T09:04:35.693Z,FALSE,"",08:40,FALSE
fare_BLR-DEL_IX_2026-08-23_T+1_1787389679048_ljju,BLR-DEL,EaseMyTrip,IX,IX-1385,2026-08-23,T+1,22550,4950,27500,2026-08-22T09:04:35.693Z,FALSE,"",10:55,FALSE
fare_BLR-DEL_AI_2026-08-23_T+1_1787389679048_xziy,BLR-DEL,EaseMyTrip,AI,AI-9602,2026-08-23,T+1,27078,5944,33022,2026-08-22T09:04:35.693Z,TRUE,"High outlier: ₹33022 > upper fence ₹32537 (Q3: ₹22454, IQR: ₹6722)",07:15,FALSE
fare_BLR-DEL_6E_2026-08-23_T+1_1787389679048_aoxc,BLR-DEL,EaseMyTrip,6E,6E-6104,2026-08-23,T+1,27687,6078,33765,2026-08-22T09:04:35.693Z,TRUE,"High outlier: ₹33765 > upper fence ₹32537 (Q3: ₹22454, IQR: ₹6722)",11:40,FALSE
fare_BLR-DEL_AI_2026-08-23_T+1_1787389679048_g3z3,BLR-DEL,EaseMyTrip,AI,AI-9605,2026-08-23,T+1,33912,7444,41356,2026-08-22T09:04:35.693Z,TRUE,"High outlier: ₹41356 > upper fence ₹32537 (Q3: ₹22454, IQR: ₹6722)",14:25,FALSE
fare_BLR-DEL_6E_2026-08-23_T+1_1787389679059_nzs6,BLR-DEL,IndiGo,6E,6E-501,2026-08-23,T+1,5333,1171,6504,2026-08-22T05:06:34.652Z,FALSE,"",07:00,TRUE
fare_BLR-DEL_6E_2026-08-29_T+7_1787389679048_3pv4,BLR-DEL,EaseMyTrip,6E,6E-501,2026-08-29,T+7,6041,1326,7367,2026-08-22T05:06:35.387Z,FALSE,"",07:00,TRUE
fare_BLR-DEL_IX_2026-08-29_T+7_1787389679048_3lao,BLR-DEL,EaseMyTrip,IX,IX-1581,2026-08-29,T+7,7186,1577,8763,2026-08-22T09:04:41.501Z,FALSE,"",18:25,FALSE
fare_BLR-DEL_6E_2026-08-29_T+7_1787389679048_gb8j,BLR-DEL,EaseMyTrip,6E,6E-2313,2026-08-29,T+7,7100,1559,8659,2026-08-22T09:04:41.501Z,FALSE,"",23:30,TRUE
fare_BLR-DEL_6E_2026-08-29_T+7_1787389679048_00pt,BLR-DEL,EaseMyTrip,6E,6E-2518,2026-08-29,T+7,7100,1559,8659,2026-08-22T09:04:41.501Z,FALSE,"",09:20,TRUE
fare_BLR-DEL_QP_2026-08-29_T+7_1787389679048_seu2,BLR-DEL,EaseMyTrip,QP,QP-1811,2026-08-29,T+7,7216,1584,8800,2026-08-22T09:04:41.501Z,FALSE,"",04:15,TRUE
fare_BLR-DEL_IX_2026-08-29_T+7_1787389679048_ts4e,BLR-DEL,EaseMyTrip,IX,IX-2873,2026-08-29,T+7,7530,1653,9183,2026-08-22T09:04:41.501Z,FALSE,"",04:00,FALSE
fare_BLR-DEL_IX_2026-08-29_T+7_1787389679048_12ay,BLR-DEL,EaseMyTrip,IX,IX-1239,2026-08-29,T+7,7530,1653,9183,2026-08-22T09:04:41.501Z,FALSE,"",06:35,FALSE
fare_BLR-DEL_IX_2026-08-29_T+7_1787389679048_rl0z,BLR-DEL,EaseMyTrip,IX,IX-2680,2026-08-29,T+7,7530,1653,9183,2026-08-22T09:04:41.501Z,FALSE,"",21:50,FALSE
fare_BLR-DEL_AI_2026-08-29_T+7_1787389679048_uwbc,BLR-DEL,EaseMyTrip,AI,AI-2488,2026-08-29,T+7,7487,1643,9130,2026-08-22T09:04:41.501Z,FALSE,"",22:30,TRUE
fare_BLR-DEL_AI_2026-08-29_T+7_1787389679048_hi9f,BLR-DEL,EaseMyTrip,AI,AI-2501,2026-08-29,T+7,7487,1643,9130,2026-08-22T09:04:41.501Z,FALSE,"",23:30,TRUE
fare_BLR-DEL_AI_2026-08-29_T+7_1787389679048_vos9,BLR-DEL,EaseMyTrip,AI,AI-2421,2026-08-29,T+7,7487,1643,9130,2026-08-22T09:04:41.501Z,FALSE,"",21:40,TRUE
fare_BLR-DEL_IX_2026-08-29_T+7_1787389679048_7uj6,BLR-DEL,EaseMyTrip,IX,IX-2410,2026-08-29,T+7,7678,1686,9364,2026-08-22T09:04:41.501Z,FALSE,"",22:15,TRUE
fare_BLR-DEL_QP_2026-08-29_T+7_1787389679048_5758,BLR-DEL,EaseMyTrip,QP,QP-1823,2026-08-29,T+7,7451,1635,9086,2026-08-22T09:04:41.501Z,FALSE,"",06:05,TRUE
fare_BLR-DEL_QP_2026-08-29_T+7_1787389679048_ue1v,BLR-DEL,EaseMyTrip,QP,QP-1359,2026-08-29,T+7,7451,1635,9086,2026-08-22T09:04:41.501Z,FALSE,"",05:00,TRUE
fare_BLR-DEL_6E_2026-08-29_T+7_1787389679048_p5mo,BLR-DEL,EaseMyTrip,6E,6E-2455,2026-08-29,T+7,7473,1641,9114,2026-08-22T09:04:41.501Z,FALSE,"",06:25,TRUE
fare_BLR-DEL_6E_2026-08-29_T+7_1787389679048_8fgh,BLR-DEL,EaseMyTrip,6E,6E-273,2026-08-29,T+7,7474,1641,9115,2026-08-22T09:04:41.501Z,FALSE,"",03:00,TRUE
fare_BLR-DEL_6E_2026-08-29_T+7_1787389679048_dw9c,BLR-DEL,EaseMyTrip,6E,6E-833,2026-08-29,T+7,7474,1641,9115,2026-08-22T09:04:41.501Z,FALSE,"",03:00,TRUE
fare_BLR-DEL_6E_2026-08-29_T+7_1787389679048_d59d,BLR-DEL,EaseMyTrip,6E,6E-738,2026-08-29,T+7,7474,1641,9115,2026-08-22T09:04:41.501Z,FALSE,"",20:40,TRUE
fare_BLR-DEL_6E_2026-08-29_T+7_1787389679048_gx8s,BLR-DEL,EaseMyTrip,6E,6E-466,2026-08-29,T+7,7474,1641,9115,2026-08-22T09:04:41.501Z,FALSE,"",20:40,TRUE
fare_BLR-DEL_6E_2026-08-29_T+7_1787389679048_ja9t,BLR-DEL,EaseMyTrip,6E,6E-786,2026-08-29,T+7,7474,1641,9115,2026-08-22T09:04:41.501Z,FALSE,"",05:05,TRUE
fare_BLR-DEL_6E_2026-08-29_T+7_1787389679048_096h,BLR-DEL,EaseMyTrip,6E,6E-482,2026-08-29,T+7,7474,1641,9115,2026-08-22T09:04:41.501Z,FALSE,"",05:05,TRUE
fare_BLR-DEL_IX_2026-08-29_T+7_1787389679048_ps49,BLR-DEL,EaseMyTrip,IX,IX-1481,2026-08-29,T+7,7720,1695,9415,2026-08-22T09:04:41.501Z,FALSE,"",05:00,TRUE
fare_BLR-DEL_AI_2026-08-29_T+7_1787389679048_98ho,BLR-DEL,EaseMyTrip,AI,AI-2810,2026-08-29,T+7,7861,1725,9586,2026-08-22T09:04:41.501Z,FALSE,"",06:00,TRUE
fare_BLR-DEL_AI_2026-08-29_T+7_1787389679048_b33l,BLR-DEL,EaseMyTrip,AI,AI-2758,2026-08-29,T+7,7861,1725,9586,2026-08-22T09:04:41.501Z,FALSE,"",00:15,TRUE
fare_BLR-DEL_AI_2026-08-29_T+7_1787389679048_7zpq,BLR-DEL,EaseMyTrip,AI,AI-2756,2026-08-29,T+7,7861,1725,9586,2026-08-22T09:04:41.501Z,FALSE,"",02:15,TRUE
fare_BLR-DEL_AI_2026-08-29_T+7_1787389679048_x910,BLR-DEL,EaseMyTrip,AI,AI-2414,2026-08-29,T+7,7861,1725,9586,2026-08-22T09:04:41.501Z,FALSE,"",05:30,TRUE
fare_BLR-DEL_AI_2026-08-29_T+7_1787389679048_dofa,BLR-DEL,EaseMyTrip,AI,AI-1869,2026-08-29,T+7,7861,1725,9586,2026-08-22T09:04:41.501Z,FALSE,"",20:25,TRUE
fare_BLR-DEL_6E_2026-08-29_T+7_1787389679048_umep,BLR-DEL,EaseMyTrip,6E,6E-6554,2026-08-29,T+7,7836,1720,9556,2026-08-22T09:04:41.501Z,FALSE,"",19:15,FALSE
fare_BLR-DEL_6E_2026-08-29_T+7_1787389679048_j8ef,BLR-DEL,EaseMyTrip,6E,6E-402,2026-08-29,T+7,7873,1728,9601,2026-08-22T09:04:41.501Z,FALSE,"",19:30,TRUE
fare_BLR-DEL_6E_2026-08-29_T+7_1787389679048_92i2,BLR-DEL,EaseMyTrip,6E,6E-559,2026-08-29,T+7,7873,1728,9601,2026-08-22T09:04:41.501Z,FALSE,"",19:30,TRUE
fare_BLR-DEL_6E_2026-08-29_T+7_1787389679048_gwo6,BLR-DEL,EaseMyTrip,6E,6E-6034,2026-08-29,T+7,7873,1728,9601,2026-08-22T09:04:41.501Z,FALSE,"",18:15,TRUE
fare_BLR-DEL_6E_2026-08-29_T+7_1787389679048_ctg8,BLR-DEL,EaseMyTrip,6E,6E-171,2026-08-29,T+7,7873,1728,9601,2026-08-22T09:04:41.501Z,FALSE,"",15:45,TRUE
fare_BLR-DEL_6E_2026-08-29_T+7_1787389679048_53pc,BLR-DEL,EaseMyTrip,6E,6E-186,2026-08-29,T+7,7873,1728,9601,2026-08-22T09:04:41.501Z,FALSE,"",15:45,TRUE
fare_BLR-DEL_6E_2026-08-29_T+7_1787389679048_4wlx,BLR-DEL,EaseMyTrip,6E,6E-579,2026-08-29,T+7,7873,1728,9601,2026-08-22T09:04:41.501Z,FALSE,"",13:55,TRUE
fare_BLR-DEL_6E_2026-08-29_T+7_1787389679048_0plw,BLR-DEL,EaseMyTrip,6E,6E-122,2026-08-29,T+7,7873,1728,9601,2026-08-22T09:04:41.501Z,FALSE,"",13:55,TRUE
fare_BLR-DEL_6E_2026-08-29_T+7_1787389679048_jhn2,BLR-DEL,EaseMyTrip,6E,6E-6039,2026-08-29,T+7,7873,1728,9601,2026-08-22T09:04:41.501Z,FALSE,"",17:00,TRUE
fare_BLR-DEL_6E_2026-08-29_T+7_1787389679048_5qv8,BLR-DEL,EaseMyTrip,6E,6E-704,2026-08-29,T+7,7873,1728,9601,2026-08-22T09:04:41.501Z,FALSE,"",08:15,TRUE
fare_BLR-DEL_6E_2026-08-29_T+7_1787389679048_mga7,BLR-DEL,EaseMyTrip,6E,6E-612,2026-08-29,T+7,7873,1728,9601,2026-08-22T09:04:41.501Z,FALSE,"",08:15,TRUE
fare_BLR-DEL_6E_2026-08-29_T+7_1787389679048_pe8d,BLR-DEL,EaseMyTrip,6E,6E-488,2026-08-29,T+7,7873,1728,9601,2026-08-22T09:04:41.501Z,FALSE,"",07:00,TRUE
fare_BLR-DEL_IX_2026-08-29_T+7_1787389679048_u6wf,BLR-DEL,EaseMyTrip,IX,IX-1217,2026-08-29,T+7,8104,1779,9883,2026-08-22T09:04:41.501Z,FALSE,"",06:15,FALSE
fare_BLR-DEL_QP_2026-08-29_T+7_1787389679048_6h41,BLR-DEL,EaseMyTrip,QP,QP-1307,2026-08-29,T+7,7989,1754,9743,2026-08-22T09:04:41.501Z,FALSE,"",17:20,TRUE
fare_BLR-DEL_AI_2026-08-29_T+7_1787389679048_xgde,BLR-DEL,EaseMyTrip,AI,AI-2654,2026-08-29,T+7,8259,1813,10072,2026-08-22T09:04:41.501Z,FALSE,"",07:00,TRUE
fare_BLR-DEL_AI_2026-08-29_T+7_1787389679048_ko8e,BLR-DEL,EaseMyTrip,AI,AI-2818,2026-08-29,T+7,8394,1842,10236,2026-08-22T09:04:41.501Z,FALSE,"",20:00,TRUE
fare_BLR-DEL_IX_2026-08-29_T+7_1787389679048_72aa,BLR-DEL,EaseMyTrip,IX,IX-2786,2026-08-29,T+7,8514,1869,10383,2026-08-22T09:04:41.501Z,FALSE,"",09:20,FALSE
fare_BLR-DEL_AI_2026-08-29_T+7_1787389679048_57m6,BLR-DEL,EaseMyTrip,AI,AI-2486,2026-08-29,T+7,8459,1857,10316,2026-08-22T09:04:41.501Z,FALSE,"",14:00,TRUE
fare_BLR-DEL_AI_2026-08-29_T+7_1787389679048_3dtw,BLR-DEL,EaseMyTrip,AI,AI-2418,2026-08-29,T+7,8459,1857,10316,2026-08-22T09:04:41.501Z,FALSE,"",16:30,TRUE
fare_BLR-DEL_AI_2026-08-29_T+7_1787389679048_9vsb,BLR-DEL,EaseMyTrip,AI,AI-428,2026-08-29,T+7,8459,1857,10316,2026-08-22T09:04:41.501Z,FALSE,"",14:55,TRUE
fare_BLR-DEL_AI_2026-08-29_T+7_1787389679048_jwlf,BLR-DEL,EaseMyTrip,AI,AI-2802,2026-08-29,T+7,8459,1857,10316,2026-08-22T09:04:41.501Z,FALSE,"",18:20,TRUE
fare_BLR-DEL_6E_2026-08-29_T+7_1787389679048_qkr0,BLR-DEL,EaseMyTrip,6E,6E-439,2026-08-29,T+7,8298,1822,10120,2026-08-22T09:04:41.501Z,FALSE,"",13:10,TRUE
fare_BLR-DEL_6E_2026-08-29_T+7_1787389679048_gev8,BLR-DEL,EaseMyTrip,6E,6E-710,2026-08-29,T+7,8298,1822,10120,2026-08-22T09:04:41.501Z,FALSE,"",13:10,TRUE
fare_BLR-DEL_6E_2026-08-29_T+7_1787389679048_5zsz,BLR-DEL,EaseMyTrip,6E,6E-946,2026-08-29,T+7,8298,1822,10120,2026-08-22T09:04:41.501Z,FALSE,"",10:45,TRUE
fare_BLR-DEL_6E_2026-08-29_T+7_1787389679048_84wp,BLR-DEL,EaseMyTrip,6E,6E-405,2026-08-29,T+7,8298,1822,10120,2026-08-22T09:04:41.501Z,FALSE,"",10:45,TRUE
fare_BLR-DEL_6E_2026-08-29_T+7_1787389679048_rs89,BLR-DEL,EaseMyTrip,6E,6E-353,2026-08-29,T+7,8298,1822,10120,2026-08-22T09:04:41.501Z,FALSE,"",12:00,TRUE
fare_BLR-DEL_6E_2026-08-29_T+7_1787389679048_6wf9,BLR-DEL,EaseMyTrip,6E,6E-288,2026-08-29,T+7,8298,1822,10120,2026-08-22T09:04:41.501Z,FALSE,"",12:00,TRUE
fare_BLR-DEL_6E_2026-08-29_T+7_1787389679048_7asc,BLR-DEL,EaseMyTrip,6E,6E-692,2026-08-29,T+7,8298,1822,10120,2026-08-22T09:04:41.501Z,FALSE,"",09:30,TRUE
fare_BLR-DEL_6E_2026-08-29_T+7_1787389679048_z6vw,BLR-DEL,EaseMyTrip,6E,6E-843,2026-08-29,T+7,8298,1822,10120,2026-08-22T09:04:41.501Z,FALSE,"",09:30,TRUE
fare_BLR-DEL_AI_2026-08-29_T+7_1787389679048_z65y,BLR-DEL,EaseMyTrip,AI,AI-2511,2026-08-29,T+7,8594,1886,10480,2026-08-22T09:04:41.501Z,FALSE,"",15:45,TRUE
fare_BLR-DEL_6E_2026-08-29_T+7_1787389679048_pzty,BLR-DEL,EaseMyTrip,6E,6E-146,2026-08-29,T+7,8481,1862,10343,2026-08-22T09:04:41.501Z,FALSE,"",15:10,FALSE
fare_BLR-DEL_AI_2026-08-29_T+7_1787389679048_2upw,BLR-DEL,EaseMyTrip,AI,AI-1868,2026-08-29,T+7,8684,1906,10590,2026-08-22T09:04:41.501Z,FALSE,"",12:25,TRUE
fare_BLR-DEL_AI_2026-08-29_T+7_1787389679048_7kkt,BLR-DEL,EaseMyTrip,AI,AI-2868,2026-08-29,T+7,8728,1916,10644,2026-08-22T09:04:41.501Z,FALSE,"",09:00,TRUE
fare_BLR-DEL_6E_2026-08-29_T+7_1787389679048_zd4o,BLR-DEL,EaseMyTrip,6E,6E-6784,2026-08-29,T+7,8568,1881,10449,2026-08-22T09:04:41.501Z,FALSE,"",21:30,FALSE
fare_BLR-DEL_6E_2026-08-29_T+7_1787389679048_aazf,BLR-DEL,EaseMyTrip,6E,6E-6162,2026-08-29,T+7,8684,1906,10590,2026-08-22T09:04:41.501Z,FALSE,"",18:50,FALSE
fare_BLR-DEL_IX_2026-08-29_T+7_1787389679048_9644,BLR-DEL,EaseMyTrip,IX,IX-1480,2026-08-29,T+7,9006,1977,10983,2026-08-22T09:04:41.501Z,FALSE,"",11:50,FALSE
fare_BLR-DEL_IX_2026-08-29_T+7_1787389679048_msjw,BLR-DEL,EaseMyTrip,IX,IX-1576,2026-08-29,T+7,9006,1977,10983,2026-08-22T09:04:41.501Z,FALSE,"",18:55,FALSE
fare_BLR-DEL_6E_2026-08-29_T+7_1787389679048_pz7s,BLR-DEL,EaseMyTrip,6E,6E-179,2026-08-29,T+7,8821,1936,10757,2026-08-22T09:04:41.501Z,FALSE,"",09:35,FALSE
fare_BLR-DEL_6E_2026-08-29_T+7_1787389679048_33zj,BLR-DEL,EaseMyTrip,6E,6E-774,2026-08-29,T+7,8821,1936,10757,2026-08-22T09:04:41.501Z,FALSE,"",09:35,FALSE
fare_BLR-DEL_AI_2026-08-29_T+7_1787389679048_9z6i,BLR-DEL,EaseMyTrip,AI,AI-2406,2026-08-29,T+7,9040,1984,11024,2026-08-22T09:04:41.501Z,FALSE,"",11:00,TRUE
fare_BLR-DEL_AI_2026-08-29_T+7_1787389679048_pqb8,BLR-DEL,EaseMyTrip,AI,AI-9602,2026-08-29,T+7,9053,1987,11040,2026-08-22T09:04:41.501Z,FALSE,"",11:00,FALSE
fare_BLR-DEL_QP_2026-08-29_T+7_1787389679048_az6r,BLR-DEL,EaseMyTrip,QP,QP-1381,2026-08-29,T+7,9073,1992,11065,2026-08-22T09:04:41.501Z,FALSE,"",04:50,FALSE
fare_BLR-DEL_SG_2026-08-29_T+7_1787389679048_zql5,BLR-DEL,EaseMyTrip,SG,SG-528,2026-08-29,T+7,9277,2037,11314,2026-08-22T09:04:41.501Z,FALSE,"",00:45,FALSE
fare_BLR-DEL_SG_2026-08-29_T+7_1787389679048_zg8x,BLR-DEL,EaseMyTrip,SG,SG-995,2026-08-29,T+7,9277,2037,11314,2026-08-22T09:04:41.501Z,FALSE,"",00:45,FALSE
fare_BLR-DEL_SG_2026-08-29_T+7_1787389679048_zd7o,BLR-DEL,EaseMyTrip,SG,SG-447,2026-08-29,T+7,9277,2037,11314,2026-08-22T09:04:41.501Z,FALSE,"",00:45,FALSE
fare_BLR-DEL_SG_2026-08-29_T+7_1787389679048_8w4s,BLR-DEL,EaseMyTrip,SG,SG-806,2026-08-29,T+7,9277,2037,11314,2026-08-22T09:04:41.501Z,FALSE,"",00:45,FALSE
fare_BLR-DEL_SG_2026-08-29_T+7_1787389679048_1ol3,BLR-DEL,EaseMyTrip,SG,SG-333,2026-08-29,T+7,9277,2037,11314,2026-08-22T09:04:41.501Z,FALSE,"",00:45,FALSE
fare_BLR-DEL_SG_2026-08-29_T+7_1787389679048_jd3y,BLR-DEL,EaseMyTrip,SG,SG-820,2026-08-29,T+7,9277,2037,11314,2026-08-22T09:04:41.501Z,FALSE,"",00:45,FALSE
fare_BLR-DEL_6E_2026-08-29_T+7_1787389679048_tcxs,BLR-DEL,EaseMyTrip,6E,6E-5293,2026-08-29,T+7,9118,2001,11119,2026-08-22T09:04:41.501Z,FALSE,"",01:00,FALSE
fare_BLR-DEL_6E_2026-08-29_T+7_1787389679048_pnp9,BLR-DEL,EaseMyTrip,6E,6E-561,2026-08-29,T+7,9160,2011,11171,2026-08-22T09:04:41.501Z,FALSE,"",21:40,FALSE
fare_BLR-DEL_6E_2026-08-29_T+7_1787389679048_6fa1,BLR-DEL,EaseMyTrip,6E,6E-160,2026-08-29,T+7,9160,2011,11171,2026-08-22T09:04:41.501Z,FALSE,"",21:40,FALSE
fare_BLR-DEL_6E_2026-08-29_T+7_1787389679048_bu8n,BLR-DEL,EaseMyTrip,6E,6E-156,2026-08-29,T+7,9160,2011,11171,2026-08-22T09:04:41.501Z,FALSE,"",23:05,FALSE
fare_BLR-DEL_6E_2026-08-29_T+7_1787389679048_jsvp,BLR-DEL,EaseMyTrip,6E,6E-458,2026-08-29,T+7,9160,2011,11171,2026-08-22T09:04:41.501Z,FALSE,"",23:05,FALSE
fare_BLR-DEL_QP_2026-08-29_T+7_1787389679048_vvra,BLR-DEL,EaseMyTrip,QP,QP-1821,2026-08-29,T+7,9209,2022,11231,2026-08-22T09:04:41.501Z,FALSE,"",13:10,TRUE
fare_BLR-DEL_AI_2026-08-29_T+7_1787389679048_ax7l,BLR-DEL,EaseMyTrip,AI,AI-9706,2026-08-29,T+7,9432,2070,11502,2026-08-22T09:04:41.501Z,FALSE,"",16:55,FALSE
fare_BLR-DEL_6E_2026-08-29_T+7_1787389679048_qknv,BLR-DEL,EaseMyTrip,6E,6E-887,2026-08-29,T+7,9293,2040,11333,2026-08-22T09:04:41.501Z,FALSE,"",20:40,FALSE
fare_BLR-DEL_6E_2026-08-29_T+7_1787389679048_4npq,BLR-DEL,EaseMyTrip,6E,6E-556,2026-08-29,T+7,9293,2040,11333,2026-08-22T09:04:41.501Z,FALSE,"",20:40,FALSE
fare_BLR-DEL_6E_2026-08-29_T+7_1787389679048_aniy,BLR-DEL,EaseMyTrip,6E,6E-6876,2026-08-29,T+7,9332,2049,11381,2026-08-22T09:04:41.501Z,FALSE,"",02:40,FALSE
fare_BLR-DEL_6E_2026-08-29_T+7_1787389679048_hy2s,BLR-DEL,EaseMyTrip,6E,6E-6563,2026-08-29,T+7,9332,2049,11381,2026-08-22T09:04:41.501Z,FALSE,"",01:05,FALSE
fare_BLR-DEL_6E_2026-08-29_T+7_1787389679048_yzhf,BLR-DEL,EaseMyTrip,6E,6E-6269,2026-08-29,T+7,9506,2087,11593,2026-08-22T09:04:41.501Z,FALSE,"",07:15,FALSE
fare_BLR-DEL_6E_2026-08-29_T+7_1787389679048_u5xl,BLR-DEL,EaseMyTrip,6E,6E-751,2026-08-29,T+7,9513,2088,11601,2026-08-22T09:04:41.501Z,FALSE,"",04:30,FALSE
fare_BLR-DEL_6E_2026-08-29_T+7_1787389679048_8a1z,BLR-DEL,EaseMyTrip,6E,6E-359,2026-08-29,T+7,9513,2088,11601,2026-08-22T09:04:41.501Z,FALSE,"",04:30,FALSE
fare_BLR-DEL_QP_2026-08-29_T+7_1787389679048_b85b,BLR-DEL,EaseMyTrip,QP,QP-1383,2026-08-29,T+7,9541,2094,11635,2026-08-22T09:04:41.501Z,FALSE,"",05:25,FALSE
fare_BLR-DEL_6E_2026-08-29_T+7_1787389679048_xj6j,BLR-DEL,EaseMyTrip,6E,6E-123,2026-08-29,T+7,9804,2152,11956,2026-08-22T09:04:41.501Z,FALSE,"",18:35,FALSE
fare_BLR-DEL_6E_2026-08-29_T+7_1787389679048_6qjo,BLR-DEL,EaseMyTrip,6E,6E-699,2026-08-29,T+7,9804,2152,11956,2026-08-22T09:04:41.501Z,FALSE,"",18:35,FALSE
fare_BLR-DEL_6E_2026-08-29_T+7_1787389679048_gryg,BLR-DEL,EaseMyTrip,6E,6E-6067,2026-08-29,T+7,9804,2152,11956,2026-08-22T09:04:41.501Z,FALSE,"",16:30,FALSE
fare_BLR-DEL_6E_2026-08-29_T+7_1787389679048_y524,BLR-DEL,EaseMyTrip,6E,6E-6404,2026-08-29,T+7,9804,2152,11956,2026-08-22T09:04:41.501Z,FALSE,"",11:35,FALSE
fare_BLR-DEL_6E_2026-08-29_T+7_1787389679048_auxk,BLR-DEL,EaseMyTrip,6E,6E-304,2026-08-29,T+7,9927,2179,12106,2026-08-22T09:04:41.501Z,FALSE,"",16:20,FALSE
fare_BLR-DEL_6E_2026-08-29_T+7_1787389679048_y1jw,BLR-DEL,EaseMyTrip,6E,6E-810,2026-08-29,T+7,9927,2179,12106,2026-08-22T09:04:41.501Z,FALSE,"",16:20,FALSE
fare_BLR-DEL_6E_2026-08-29_T+7_1787389679048_0hq9,BLR-DEL,EaseMyTrip,6E,6E-6863,2026-08-29,T+7,9972,2189,12161,2026-08-22T09:04:41.501Z,FALSE,"",08:20,FALSE
fare_BLR-DEL_6E_2026-08-29_T+7_1787389679048_km4k,BLR-DEL,EaseMyTrip,6E,6E-265,2026-08-29,T+7,9993,2194,12187,2026-08-22T09:04:41.501Z,FALSE,"",19:10,FALSE
fare_BLR-DEL_6E_2026-08-29_T+7_1787389679048_59rv,BLR-DEL,EaseMyTrip,6E,6E-637,2026-08-29,T+7,9993,2194,12187,2026-08-22T09:04:41.501Z,FALSE,"",19:10,FALSE
fare_BLR-DEL_AI_2026-08-29_T+7_1787389679049_0w9s,BLR-DEL,EaseMyTrip,AI,AI-9810,2026-08-29,T+7,10189,2236,12425,2026-08-22T09:04:41.501Z,FALSE,"",21:50,FALSE
fare_BLR-DEL_AI_2026-08-29_T+7_1787389679049_1w8p,BLR-DEL,EaseMyTrip,AI,AI-9806,2026-08-29,T+7,10189,2236,12425,2026-08-22T09:04:41.501Z,FALSE,"",17:35,FALSE
fare_BLR-DEL_AI_2026-08-29_T+7_1787389679049_nfzw,BLR-DEL,EaseMyTrip,AI,AI-9808,2026-08-29,T+7,10189,2236,12425,2026-08-22T09:04:41.501Z,FALSE,"",04:00,FALSE
fare_BLR-DEL_6E_2026-08-29_T+7_1787389679049_sbvk,BLR-DEL,EaseMyTrip,6E,6E-6891,2026-08-29,T+7,10125,2223,12348,2026-08-22T09:04:41.501Z,FALSE,"",17:15,FALSE
fare_BLR-DEL_6E_2026-08-29_T+7_1787389679049_yf77,BLR-DEL,EaseMyTrip,6E,6E-688,2026-08-29,T+7,10129,2224,12353,2026-08-22T09:04:41.501Z,FALSE,"",10:15,FALSE
fare_BLR-DEL_6E_2026-08-29_T+7_1787389679049_gv3f,BLR-DEL,EaseMyTrip,6E,6E-373,2026-08-29,T+7,10129,2224,12353,2026-08-22T09:04:41.501Z,FALSE,"",10:15,FALSE
fare_BLR-DEL_QP_2026-08-29_T+7_1787389679049_p5pl,BLR-DEL,EaseMyTrip,QP,QP-1515,2026-08-29,T+7,10269,2254,12523,2026-08-22T09:04:41.501Z,FALSE,"",06:20,FALSE
fare_BLR-DEL_6E_2026-08-29_T+7_1787389679049_j0h1,BLR-DEL,EaseMyTrip,6E,6E-5051,2026-08-29,T+7,10421,2288,12709,2026-08-22T09:04:41.501Z,FALSE,"",08:30,FALSE
fare_BLR-DEL_6E_2026-08-29_T+7_1787389679049_rnzc,BLR-DEL,EaseMyTrip,6E,6E-6423,2026-08-29,T+7,10457,2296,12753,2026-08-22T09:04:41.501Z,FALSE,"",20:00,FALSE
fare_BLR-DEL_6E_2026-08-29_T+7_1787389679049_4r8v,BLR-DEL,EaseMyTrip,6E,6E-161,2026-08-29,T+7,10489,2302,12791,2026-08-22T09:04:41.501Z,FALSE,"",09:15,FALSE
fare_BLR-DEL_6E_2026-08-29_T+7_1787389679049_hguy,BLR-DEL,EaseMyTrip,6E,6E-382,2026-08-29,T+7,10489,2302,12791,2026-08-22T09:04:41.501Z,FALSE,"",09:15,FALSE
fare_BLR-DEL_6E_2026-08-29_T+7_1787389679049_j6zx,BLR-DEL,EaseMyTrip,6E,6E-6283,2026-08-29,T+7,10550,2316,12866,2026-08-22T09:04:41.501Z,FALSE,"",19:05,FALSE
fare_BLR-DEL_AI_2026-08-29_T+7_1787389679049_p8h8,BLR-DEL,EaseMyTrip,AI,AI-2604,2026-08-29,T+7,10717,2352,13069,2026-08-22T09:04:41.501Z,FALSE,"",09:15,FALSE
fare_BLR-DEL_AI_2026-08-29_T+7_1787389679049_hshh,BLR-DEL,EaseMyTrip,AI,AI-2846,2026-08-29,T+7,10717,2352,13069,2026-08-22T09:04:41.501Z,FALSE,"",08:05,FALSE
fare_BLR-DEL_AI_2026-08-29_T+7_1787389679049_2vlv,BLR-DEL,EaseMyTrip,AI,AI-2402,2026-08-29,T+7,10717,2352,13069,2026-08-22T09:04:41.501Z,FALSE,"",06:35,FALSE
fare_BLR-DEL_6E_2026-08-29_T+7_1787389679049_480f,BLR-DEL,EaseMyTrip,6E,6E-700,2026-08-29,T+7,10617,2331,12948,2026-08-22T09:04:41.501Z,FALSE,"",16:25,FALSE
fare_BLR-DEL_6E_2026-08-29_T+7_1787389679049_vkif,BLR-DEL,EaseMyTrip,6E,6E-868,2026-08-29,T+7,10617,2331,12948,2026-08-22T09:04:41.501Z,FALSE,"",16:25,FALSE
fare_BLR-DEL_AI_2026-08-29_T+7_1787389679049_g7ym,BLR-DEL,EaseMyTrip,AI,AI-9574,2026-08-29,T+7,11004,2415,13419,2026-08-22T09:04:41.501Z,FALSE,"",08:55,FALSE
fare_BLR-DEL_6E_2026-08-29_T+7_1787389679049_y4vd,BLR-DEL,EaseMyTrip,6E,6E-6451,2026-08-29,T+7,10930,2399,13329,2026-08-22T09:04:41.501Z,FALSE,"",16:45,FALSE
fare_BLR-DEL_6E_2026-08-29_T+7_1787389679049_3whg,BLR-DEL,EaseMyTrip,6E,6E-5351,2026-08-29,T+7,10977,2409,13386,2026-08-22T09:04:41.501Z,FALSE,"",14:20,FALSE
fare_BLR-DEL_6E_2026-08-29_T+7_1787389679049_tnv6,BLR-DEL,EaseMyTrip,6E,6E-473,2026-08-29,T+7,10985,2411,13396,2026-08-22T09:04:41.501Z,FALSE,"",09:15,FALSE
fare_BLR-DEL_6E_2026-08-29_T+7_1787389679049_lxs9,BLR-DEL,EaseMyTrip,6E,6E-254,2026-08-29,T+7,10985,2411,13396,2026-08-22T09:04:41.501Z,FALSE,"",09:15,FALSE
fare_BLR-DEL_6E_2026-08-29_T+7_1787389679049_rfti,BLR-DEL,EaseMyTrip,6E,6E-6178,2026-08-29,T+7,11050,2426,13476,2026-08-22T09:04:41.501Z,FALSE,"",06:25,FALSE
fare_BLR-DEL_6E_2026-08-29_T+7_1787389679049_sfch,BLR-DEL,EaseMyTrip,6E,6E-6558,2026-08-29,T+7,11104,2438,13542,2026-08-22T09:04:41.501Z,FALSE,"",09:05,FALSE
fare_BLR-DEL_6E_2026-08-29_T+7_1787389679049_n3d9,BLR-DEL,EaseMyTrip,6E,6E-6595,2026-08-29,T+7,11159,2449,13608,2026-08-22T09:04:41.501Z,FALSE,"",13:55,FALSE
fare_BLR-DEL_6E_2026-08-29_T+7_1787389679049_66re,BLR-DEL,EaseMyTrip,6E,6E-616,2026-08-29,T+7,11159,2449,13608,2026-08-22T09:04:41.501Z,FALSE,"",17:30,FALSE
fare_BLR-DEL_6E_2026-08-29_T+7_1787389679049_i0lf,BLR-DEL,EaseMyTrip,6E,6E-499,2026-08-29,T+7,11159,2449,13608,2026-08-22T09:04:41.501Z,FALSE,"",17:30,FALSE
fare_BLR-DEL_6E_2026-08-29_T+7_1787389679049_pkvq,BLR-DEL,EaseMyTrip,6E,6E-5255,2026-08-29,T+7,11159,2449,13608,2026-08-22T09:04:41.501Z,FALSE,"",17:25,FALSE
fare_BLR-DEL_6E_2026-08-29_T+7_1787389679049_hgpu,BLR-DEL,EaseMyTrip,6E,6E-7204,2026-08-29,T+7,11159,2449,13608,2026-08-22T09:04:41.501Z,FALSE,"",06:50,FALSE
fare_BLR-DEL_IX_2026-08-29_T+7_1787389679049_o23o,BLR-DEL,EaseMyTrip,IX,IX-2816,2026-08-29,T+7,11436,2510,13946,2026-08-22T09:04:41.501Z,FALSE,"",09:50,FALSE
fare_BLR-DEL_6E_2026-08-29_T+7_1787389679049_unfz,BLR-DEL,EaseMyTrip,6E,6E-6875,2026-08-29,T+7,11223,2463,13686,2026-08-22T09:04:41.501Z,FALSE,"",19:55,FALSE
fare_BLR-DEL_6E_2026-08-29_T+7_1787389679049_ea0b,BLR-DEL,EaseMyTrip,6E,6E-989,2026-08-29,T+7,11223,2463,13686,2026-08-22T09:04:41.501Z,FALSE,"",10:50,FALSE
fare_BLR-DEL_6E_2026-08-29_T+7_1787389679049_gsj8,BLR-DEL,EaseMyTrip,6E,6E-765,2026-08-29,T+7,11223,2463,13686,2026-08-22T09:04:41.501Z,FALSE,"",10:50,FALSE
fare_BLR-DEL_6E_2026-08-29_T+7_1787389679049_wqmt,BLR-DEL,EaseMyTrip,6E,6E-6277,2026-08-29,T+7,11331,2487,13818,2026-08-22T09:04:41.501Z,FALSE,"",14:45,FALSE
fare_BLR-DEL_AI_2026-08-29_T+7_1787389679049_u0yc,BLR-DEL,EaseMyTrip,AI,AI-9566,2026-08-29,T+7,11654,2558,14212,2026-08-22T09:04:41.501Z,FALSE,"",19:15,FALSE
fare_BLR-DEL_6E_2026-08-29_T+7_1787389679049_wrxr,BLR-DEL,EaseMyTrip,6E,6E-6439,2026-08-29,T+7,11503,2525,14028,2026-08-22T09:04:41.501Z,FALSE,"",06:30,FALSE
fare_BLR-DEL_AI_2026-08-29_T+7_1787389679049_1bbl,BLR-DEL,EaseMyTrip,AI,AI-9568,2026-08-29,T+7,11882,2608,14490,2026-08-22T09:04:41.501Z,FALSE,"",17:20,FALSE
fare_BLR-DEL_IX_2026-08-29_T+7_1787389679049_ncxh,BLR-DEL,EaseMyTrip,IX,IX-1502,2026-08-29,T+7,11997,2634,14631,2026-08-22T09:04:41.501Z,FALSE,"",10:35,FALSE
fare_BLR-DEL_6E_2026-08-29_T+7_1787389679049_pv10,BLR-DEL,EaseMyTrip,6E,6E-381,2026-08-29,T+7,11818,2594,14412,2026-08-22T09:04:41.501Z,FALSE,"",08:15,FALSE
fare_BLR-DEL_6E_2026-08-29_T+7_1787389679049_cku7,BLR-DEL,EaseMyTrip,6E,6E-274,2026-08-29,T+7,11818,2594,14412,2026-08-22T09:04:41.501Z,FALSE,"",08:15,FALSE
fare_BLR-DEL_AI_2026-08-29_T+7_1787389679049_284x,BLR-DEL,EaseMyTrip,AI,AI-9426,2026-08-29,T+7,12201,2678,14879,2026-08-22T09:04:41.501Z,FALSE,"",12:30,FALSE
fare_BLR-DEL_6E_2026-08-29_T+7_1787389679049_rtkp,BLR-DEL,EaseMyTrip,6E,6E-6653,2026-08-29,T+7,12116,2659,14775,2026-08-22T09:04:41.501Z,FALSE,"",12:35,FALSE
fare_BLR-DEL_AI_2026-08-29_T+7_1787389679049_hd56,BLR-DEL,EaseMyTrip,AI,AI-9570,2026-08-29,T+7,12809,2812,15621,2026-08-22T09:04:41.501Z,FALSE,"",06:00,FALSE
fare_BLR-DEL_AI_2026-08-29_T+7_1787389679049_r9rv,BLR-DEL,EaseMyTrip,AI,AI-9434,2026-08-29,T+7,12881,2828,15709,2026-08-22T09:04:41.501Z,FALSE,"",11:00,FALSE
fare_BLR-DEL_AI_2026-08-29_T+7_1787389679049_3gxr,BLR-DEL,EaseMyTrip,AI,AI-9572,2026-08-29,T+7,12920,2836,15756,2026-08-22T09:04:41.501Z,FALSE,"",12:30,FALSE
fare_BLR-DEL_AI_2026-08-29_T+7_1787389679049_m46g,BLR-DEL,EaseMyTrip,AI,AI-9437,2026-08-29,T+7,13221,2902,16123,2026-08-22T09:04:41.501Z,FALSE,"",07:05,FALSE
fare_BLR-DEL_AI_2026-08-29_T+7_1787389679049_ux10,BLR-DEL,EaseMyTrip,AI,AI-9520,2026-08-29,T+7,13232,2905,16137,2026-08-22T09:04:41.501Z,FALSE,"",13:05,FALSE
fare_BLR-DEL_IX_2026-08-29_T+7_1787389679049_u2gr,BLR-DEL,EaseMyTrip,IX,IX-1536,2026-08-29,T+7,13942,3061,17003,2026-08-22T09:04:41.501Z,FALSE,"",15:00,FALSE
fare_BLR-DEL_AI_2026-08-29_T+7_1787389679049_ksxb,BLR-DEL,EaseMyTrip,AI,AI-9898,2026-08-29,T+7,14024,3079,17103,2026-08-22T09:04:41.501Z,FALSE,"",09:50,FALSE
fare_BLR-DEL_IX_2026-08-29_T+7_1787389679049_k2vk,BLR-DEL,EaseMyTrip,IX,IX-1385,2026-08-29,T+7,14863,3263,18126,2026-08-22T09:04:41.501Z,FALSE,"",10:55,FALSE
fare_BLR-DEL_IX_2026-08-29_T+7_1787389679049_4ef1,BLR-DEL,EaseMyTrip,IX,IX-2608,2026-08-29,T+7,16926,3715,20641,2026-08-22T09:04:41.501Z,TRUE,"High outlier: ₹20641 > upper fence ₹18921 (Q3: ₹13329, IQR: ₹3728)",16:45,FALSE
fare_BLR-DEL_AI_2026-08-29_T+7_1787389679049_6hk2,BLR-DEL,EaseMyTrip,AI,AI-9475,2026-08-29,T+7,17391,3818,21209,2026-08-22T09:04:41.501Z,TRUE,"High outlier: ₹21209 > upper fence ₹18921 (Q3: ₹13329, IQR: ₹3728)",11:50,FALSE
fare_BLR-DEL_IX_2026-08-29_T+7_1787389679049_e49x,BLR-DEL,EaseMyTrip,IX,IX-1893,2026-08-29,T+7,17533,3849,21382,2026-08-22T09:04:41.501Z,TRUE,"High outlier: ₹21382 > upper fence ₹18921 (Q3: ₹13329, IQR: ₹3728)",08:40,FALSE
fare_BLR-DEL_IX_2026-08-29_T+7_1787389679049_u9pg,BLR-DEL,EaseMyTrip,IX,IX-2678,2026-08-29,T+7,17533,3849,21382,2026-08-22T09:04:41.501Z,TRUE,"High outlier: ₹21382 > upper fence ₹18921 (Q3: ₹13329, IQR: ₹3728)",05:30,FALSE
fare_BLR-DEL_6E_2026-08-29_T+7_1787389679049_lf0l,BLR-DEL,EaseMyTrip,6E,6E-6465,2026-08-29,T+7,18218,3999,22217,2026-08-22T09:04:41.501Z,TRUE,"High outlier: ₹22217 > upper fence ₹18921 (Q3: ₹13329, IQR: ₹3728)",17:15,FALSE
fare_BLR-DEL_AI_2026-08-29_T+7_1787389679049_7ilb,BLR-DEL,EaseMyTrip,AI,AI-9455,2026-08-29,T+7,24478,5373,29851,2026-08-22T09:04:41.501Z,TRUE,"High outlier: ₹29851 > upper fence ₹18921 (Q3: ₹13329, IQR: ₹3728)",08:40,FALSE
fare_BLR-DEL_AI_2026-08-29_T+7_1787389679049_032e,BLR-DEL,EaseMyTrip,AI,AI-2854,2026-08-29,T+7,35694,7835,43529,2026-08-22T09:04:41.501Z,TRUE,"High outlier: ₹43529 > upper fence ₹18921 (Q3: ₹13329, IQR: ₹3728)",16:40,FALSE
fare_BLR-DEL_6E_2026-08-29_T+7_1787389679059_3zms,BLR-DEL,IndiGo,6E,6E-501,2026-08-29,T+7,6085,1336,7421,2026-08-22T05:06:34.652Z,FALSE,"",07:00,TRUE
fare_BLR-HYD_IX_2026-08-23_T+1_1787389679049_sm7t,BLR-HYD,EaseMyTrip,IX,IX-2506,2026-08-23,T+1,7314,1605,8919,2026-08-22T09:05:34.401Z,FALSE,"",17:20,TRUE
fare_BLR-HYD_IX_2026-08-23_T+1_1787389679049_k9r3,BLR-HYD,EaseMyTrip,IX,IX-1250,2026-08-23,T+1,7314,1605,8919,2026-08-22T09:05:34.401Z,FALSE,"",19:15,TRUE
fare_BLR-HYD_IX_2026-08-23_T+1_1787389679049_c720,BLR-HYD,EaseMyTrip,IX,IX-2935,2026-08-23,T+1,7314,1605,8919,2026-08-22T09:05:34.401Z,FALSE,"",08:55,TRUE
fare_BLR-HYD_6E_2026-08-23_T+1_1787389679049_ppwf,BLR-HYD,EaseMyTrip,6E,6E-6168,2026-08-23,T+1,7185,1577,8762,2026-08-22T09:05:34.401Z,FALSE,"",17:40,FALSE
fare_BLR-HYD_6E_2026-08-23_T+1_1787389679049_y1yd,BLR-HYD,EaseMyTrip,6E,6E-6554,2026-08-23,T+1,7185,1577,8762,2026-08-22T09:05:34.401Z,FALSE,"",19:15,FALSE
fare_BLR-HYD_6E_2026-08-23_T+1_1787389679049_75c6,BLR-HYD,EaseMyTrip,6E,6E-185,2026-08-23,T+1,7185,1577,8762,2026-08-22T09:05:34.401Z,FALSE,"",23:05,FALSE
fare_BLR-HYD_6E_2026-08-23_T+1_1787389679049_6i6k,BLR-HYD,EaseMyTrip,6E,6E-445,2026-08-23,T+1,7185,1577,8762,2026-08-22T09:05:34.401Z,FALSE,"",23:05,FALSE
fare_BLR-HYD_6E_2026-08-23_T+1_1787389679049_d4iz,BLR-HYD,EaseMyTrip,6E,6E-6876,2026-08-23,T+1,7185,1577,8762,2026-08-22T09:05:34.401Z,FALSE,"",02:40,FALSE
fare_BLR-HYD_6E_2026-08-23_T+1_1787389679049_m27p,BLR-HYD,EaseMyTrip,6E,6E-6445,2026-08-23,T+1,7185,1577,8762,2026-08-22T09:05:34.401Z,FALSE,"",10:25,FALSE
fare_BLR-HYD_6E_2026-08-23_T+1_1787389679049_wyyc,BLR-HYD,EaseMyTrip,6E,6E-6753,2026-08-23,T+1,7185,1577,8762,2026-08-22T09:05:34.401Z,FALSE,"",15:15,FALSE
fare_BLR-HYD_6E_2026-08-23_T+1_1787389679049_cc5h,BLR-HYD,EaseMyTrip,6E,6E-6563,2026-08-23,T+1,7185,1577,8762,2026-08-22T09:05:34.401Z,FALSE,"",01:05,FALSE
fare_BLR-HYD_6E_2026-08-23_T+1_1787389679049_z79q,BLR-HYD,EaseMyTrip,6E,6E-113,2026-08-23,T+1,7726,1696,9422,2026-08-22T09:05:34.401Z,FALSE,"",07:05,FALSE
fare_BLR-HYD_6E_2026-08-23_T+1_1787389679049_z287,BLR-HYD,EaseMyTrip,6E,6E-328,2026-08-23,T+1,7726,1696,9422,2026-08-22T09:05:34.401Z,FALSE,"",07:05,FALSE
fare_BLR-HYD_IX_2026-08-23_T+1_1787389679049_dxyv,BLR-HYD,EaseMyTrip,IX,IX-2051,2026-08-23,T+1,7961,1748,9709,2026-08-22T09:05:34.401Z,FALSE,"",14:55,TRUE
fare_BLR-HYD_IX_2026-08-23_T+1_1787389679049_zb55,BLR-HYD,EaseMyTrip,IX,IX-2018,2026-08-23,T+1,7961,1748,9709,2026-08-22T09:05:34.401Z,FALSE,"",06:00,TRUE
fare_BLR-HYD_6E_2026-08-23_T+1_1787389679049_8yjx,BLR-HYD,EaseMyTrip,6E,6E-7227,2026-08-23,T+1,8210,1802,10012,2026-08-22T09:05:34.401Z,FALSE,"",06:25,FALSE
fare_BLR-HYD_6E_2026-08-23_T+1_1787389679049_yqlj,BLR-HYD,EaseMyTrip,6E,6E-7737,2026-08-23,T+1,8210,1802,10012,2026-08-22T09:05:34.401Z,FALSE,"",15:15,FALSE
fare_BLR-HYD_6E_2026-08-23_T+1_1787389679049_hg7t,BLR-HYD,EaseMyTrip,6E,6E-7204,2026-08-23,T+1,8212,1803,10015,2026-08-22T09:05:34.401Z,FALSE,"",06:50,FALSE
fare_BLR-HYD_6E_2026-08-23_T+1_1787389679049_hstr,BLR-HYD,EaseMyTrip,6E,6E-730,2026-08-23,T+1,8317,1826,10143,2026-08-22T09:05:34.401Z,FALSE,"",21:40,FALSE
fare_BLR-HYD_6E_2026-08-23_T+1_1787389679049_piun,BLR-HYD,EaseMyTrip,6E,6E-601,2026-08-23,T+1,8317,1826,10143,2026-08-22T09:05:34.401Z,FALSE,"",21:40,FALSE
fare_BLR-HYD_6E_2026-08-23_T+1_1787389679049_fpga,BLR-HYD,EaseMyTrip,6E,6E-680,2026-08-23,T+1,8317,1826,10143,2026-08-22T09:05:34.401Z,FALSE,"",07:05,FALSE
fare_BLR-HYD_6E_2026-08-23_T+1_1787389679049_whn4,BLR-HYD,EaseMyTrip,6E,6E-608,2026-08-23,T+1,8317,1826,10143,2026-08-22T09:05:34.401Z,FALSE,"",07:05,FALSE
fare_BLR-HYD_6E_2026-08-23_T+1_1787389679049_2zej,BLR-HYD,EaseMyTrip,6E,6E-449,2026-08-23,T+1,8774,1926,10700,2026-08-22T09:05:34.401Z,FALSE,"",19:15,TRUE
fare_BLR-HYD_6E_2026-08-23_T+1_1787389679049_w6b7,BLR-HYD,EaseMyTrip,6E,6E-664,2026-08-23,T+1,8774,1926,10700,2026-08-22T09:05:34.401Z,FALSE,"",19:15,TRUE
fare_BLR-HYD_6E_2026-08-23_T+1_1787389679049_ay4n,BLR-HYD,EaseMyTrip,6E,6E-6178,2026-08-23,T+1,8678,1905,10583,2026-08-22T09:05:34.401Z,FALSE,"",06:25,TRUE
fare_BLR-HYD_IX_2026-08-23_T+1_1787389679049_cqhl,BLR-HYD,EaseMyTrip,IX,IX-2819,2026-08-23,T+1,8918,1957,10875,2026-08-22T09:05:34.401Z,FALSE,"",12:30,TRUE
fare_BLR-HYD_6E_2026-08-23_T+1_1787389679049_0agw,BLR-HYD,EaseMyTrip,6E,6E-590,2026-08-23,T+1,8966,1968,10934,2026-08-22T09:05:34.401Z,FALSE,"",12:55,FALSE
fare_BLR-HYD_6E_2026-08-23_T+1_1787389679049_1hzv,BLR-HYD,EaseMyTrip,6E,6E-597,2026-08-23,T+1,8966,1968,10934,2026-08-22T09:05:34.401Z,FALSE,"",12:55,FALSE
fare_BLR-HYD_6E_2026-08-23_T+1_1787389679049_1ppf,BLR-HYD,EaseMyTrip,6E,6E-212,2026-08-23,T+1,8966,1968,10934,2026-08-22T09:05:34.401Z,FALSE,"",14:25,FALSE
fare_BLR-HYD_6E_2026-08-23_T+1_1787389679049_t58m,BLR-HYD,EaseMyTrip,6E,6E-481,2026-08-23,T+1,8966,1968,10934,2026-08-22T09:05:34.401Z,FALSE,"",14:25,FALSE
fare_BLR-HYD_6E_2026-08-23_T+1_1787389679049_8l5m,BLR-HYD,EaseMyTrip,6E,6E-724,2026-08-23,T+1,8966,1968,10934,2026-08-22T09:05:34.401Z,FALSE,"",11:55,FALSE
fare_BLR-HYD_6E_2026-08-23_T+1_1787389679049_z3pz,BLR-HYD,EaseMyTrip,6E,6E-964,2026-08-23,T+1,8966,1968,10934,2026-08-22T09:05:34.401Z,FALSE,"",11:55,FALSE
fare_BLR-HYD_6E_2026-08-23_T+1_1787389679049_i169,BLR-HYD,EaseMyTrip,6E,6E-6653,2026-08-23,T+1,8966,1968,10934,2026-08-22T09:05:34.401Z,FALSE,"",12:35,FALSE
fare_BLR-HYD_6E_2026-08-23_T+1_1787389679049_nqf6,BLR-HYD,EaseMyTrip,6E,6E-108,2026-08-23,T+1,8966,1968,10934,2026-08-22T09:05:34.401Z,FALSE,"",12:55,FALSE
fare_BLR-HYD_6E_2026-08-23_T+1_1787389679049_keex,BLR-HYD,EaseMyTrip,6E,6E-232,2026-08-23,T+1,8966,1968,10934,2026-08-22T09:05:34.401Z,FALSE,"",12:55,FALSE
fare_BLR-HYD_6E_2026-08-23_T+1_1787389679049_x7gq,BLR-HYD,EaseMyTrip,6E,6E-6583,2026-08-23,T+1,9073,1992,11065,2026-08-22T09:05:34.401Z,FALSE,"",10:40,FALSE
fare_BLR-HYD_6E_2026-08-23_T+1_1787389679049_84mt,BLR-HYD,EaseMyTrip,6E,6E-429,2026-08-23,T+1,10339,2269,12608,2026-08-22T09:05:34.401Z,FALSE,"",09:15,TRUE
fare_BLR-HYD_6E_2026-08-23_T+1_1787389679049_wqkn,BLR-HYD,EaseMyTrip,6E,6E-914,2026-08-23,T+1,10339,2269,12608,2026-08-22T09:05:34.401Z,FALSE,"",09:15,TRUE
fare_BLR-HYD_6E_2026-08-23_T+1_1787389679049_odip,BLR-HYD,EaseMyTrip,6E,6E-160,2026-08-23,T+1,10339,2269,12608,2026-08-22T09:05:34.401Z,FALSE,"",08:15,TRUE
fare_BLR-HYD_6E_2026-08-23_T+1_1787389679049_5340,BLR-HYD,EaseMyTrip,6E,6E-202,2026-08-23,T+1,10339,2269,12608,2026-08-22T09:05:34.401Z,FALSE,"",08:15,TRUE
fare_BLR-HYD_6E_2026-08-23_T+1_1787389679049_ugv9,BLR-HYD,EaseMyTrip,6E,6E-6208,2026-08-23,T+1,10449,2294,12743,2026-08-22T09:05:34.401Z,FALSE,"",12:45,FALSE
fare_BLR-HYD_6E_2026-08-23_T+1_1787389679049_20k7,BLR-HYD,EaseMyTrip,6E,6E-778,2026-08-23,T+1,10449,2294,12743,2026-08-22T09:05:34.401Z,FALSE,"",07:05,FALSE
fare_BLR-HYD_6E_2026-08-23_T+1_1787389679049_mpem,BLR-HYD,EaseMyTrip,6E,6E-928,2026-08-23,T+1,10449,2294,12743,2026-08-22T09:05:34.401Z,FALSE,"",07:05,FALSE
fare_BLR-HYD_6E_2026-08-23_T+1_1787389679049_1ccx,BLR-HYD,EaseMyTrip,6E,6E-7005,2026-08-23,T+1,10449,2294,12743,2026-08-22T09:05:34.401Z,FALSE,"",08:05,FALSE
fare_BLR-HYD_6E_2026-08-23_T+1_1787389679049_93cb,BLR-HYD,EaseMyTrip,6E,6E-6269,2026-08-23,T+1,10449,2294,12743,2026-08-22T09:05:34.401Z,FALSE,"",07:15,FALSE
fare_BLR-HYD_6E_2026-08-23_T+1_1787389679049_710e,BLR-HYD,EaseMyTrip,6E,6E-582,2026-08-23,T+1,11297,2480,13777,2026-08-22T09:05:34.401Z,FALSE,"",18:50,FALSE
fare_BLR-HYD_6E_2026-08-23_T+1_1787389679049_rize,BLR-HYD,EaseMyTrip,6E,6E-898,2026-08-23,T+1,11297,2480,13777,2026-08-22T09:05:34.401Z,FALSE,"",18:50,FALSE
fare_BLR-HYD_6E_2026-08-23_T+1_1787389679049_1wir,BLR-HYD,EaseMyTrip,6E,6E-388,2026-08-23,T+1,11297,2480,13777,2026-08-22T09:05:34.401Z,FALSE,"",20:40,FALSE
fare_BLR-HYD_6E_2026-08-23_T+1_1787389679049_anxh,BLR-HYD,EaseMyTrip,6E,6E-953,2026-08-23,T+1,11297,2480,13777,2026-08-22T09:05:34.401Z,FALSE,"",20:40,FALSE
fare_BLR-HYD_6E_2026-08-23_T+1_1787389679049_oel4,BLR-HYD,EaseMyTrip,6E,6E-825,2026-08-23,T+1,11297,2480,13777,2026-08-22T09:05:34.401Z,FALSE,"",07:05,FALSE
fare_BLR-HYD_6E_2026-08-23_T+1_1787389679049_dyp7,BLR-HYD,EaseMyTrip,6E,6E-989,2026-08-23,T+1,11297,2480,13777,2026-08-22T09:05:34.401Z,FALSE,"",07:05,FALSE
fare_BLR-HYD_6E_2026-08-23_T+1_1787389679049_jdti,BLR-HYD,EaseMyTrip,6E,6E-917,2026-08-23,T+1,11300,2481,13781,2026-08-22T09:05:34.401Z,FALSE,"",10:15,TRUE
fare_BLR-HYD_6E_2026-08-23_T+1_1787389679049_sfyw,BLR-HYD,EaseMyTrip,6E,6E-303,2026-08-23,T+1,11300,2481,13781,2026-08-22T09:05:34.401Z,FALSE,"",10:15,TRUE
fare_BLR-HYD_6E_2026-08-23_T+1_1787389679049_htre,BLR-HYD,EaseMyTrip,6E,6E-7285,2026-08-23,T+1,12858,2823,15681,2026-08-22T09:05:34.401Z,FALSE,"",06:50,FALSE
fare_BLR-HYD_6E_2026-08-23_T+1_1787389679049_jeuz,BLR-HYD,EaseMyTrip,6E,6E-6067,2026-08-23,T+1,13532,2971,16503,2026-08-22T09:05:34.401Z,FALSE,"",16:30,TRUE
fare_BLR-HYD_6E_2026-08-23_T+1_1787389679049_2dwt,BLR-HYD,EaseMyTrip,6E,6E-7071,2026-08-23,T+1,13661,2999,16660,2026-08-22T09:05:34.401Z,FALSE,"",10:55,FALSE
fare_BLR-HYD_6E_2026-08-23_T+1_1787389679049_158o,BLR-HYD,EaseMyTrip,6E,6E-382,2026-08-23,T+1,14825,3254,18079,2026-08-22T09:05:34.401Z,FALSE,"",18:35,TRUE
fare_BLR-HYD_6E_2026-08-23_T+1_1787389679049_xvys,BLR-HYD,EaseMyTrip,6E,6E-450,2026-08-23,T+1,14825,3254,18079,2026-08-22T09:05:34.401Z,FALSE,"",18:35,TRUE
fare_BLR-HYD_6E_2026-08-23_T+1_1787389679049_ysj2,BLR-HYD,EaseMyTrip,6E,6E-6784,2026-08-23,T+1,14825,3254,18079,2026-08-22T09:05:34.401Z,FALSE,"",21:30,TRUE
fare_BLR-HYD_6E_2026-08-23_T+1_1787389679049_4d7c,BLR-HYD,EaseMyTrip,6E,6E-6404,2026-08-23,T+1,14825,3254,18079,2026-08-22T09:05:34.401Z,FALSE,"",11:35,TRUE
fare_BLR-HYD_6E_2026-08-23_T+1_1787389679049_1u94,BLR-HYD,EaseMyTrip,6E,6E-6017,2026-08-23,T+1,16399,3600,19999,2026-08-22T09:05:34.401Z,FALSE,"",18:15,FALSE
fare_BLR-HYD_6E_2026-08-23_T+1_1787389679049_vwog,BLR-HYD,EaseMyTrip,6E,6E-541,2026-08-23,T+1,16425,3606,20031,2026-08-22T09:05:34.401Z,FALSE,"",15:30,FALSE
fare_BLR-HYD_6E_2026-08-23_T+1_1787389679049_psg9,BLR-HYD,EaseMyTrip,6E,6E-951,2026-08-23,T+1,16425,3606,20031,2026-08-22T09:05:34.401Z,FALSE,"",15:30,FALSE
fare_BLR-HYD_AI_2026-08-23_T+1_1787389679049_5hro,BLR-HYD,EaseMyTrip,AI,AI-2642,2026-08-23,T+1,16801,3688,20489,2026-08-22T09:05:34.401Z,FALSE,"",21:30,FALSE
fare_BLR-HYD_6E_2026-08-23_T+1_1787389679049_xtd7,BLR-HYD,EaseMyTrip,6E,6E-548,2026-08-23,T+1,17414,3823,21237,2026-08-22T09:05:34.401Z,FALSE,"",17:15,FALSE
fare_BLR-HYD_6E_2026-08-23_T+1_1787389679049_womg,BLR-HYD,EaseMyTrip,6E,6E-307,2026-08-23,T+1,17414,3823,21237,2026-08-22T09:05:34.401Z,FALSE,"",17:15,FALSE
fare_BLR-HYD_6E_2026-08-23_T+1_1787389679049_ff46,BLR-HYD,EaseMyTrip,6E,6E-415,2026-08-23,T+1,17414,3823,21237,2026-08-22T09:05:34.401Z,FALSE,"",17:15,FALSE
fare_BLR-HYD_6E_2026-08-23_T+1_1787389679049_9adh,BLR-HYD,EaseMyTrip,6E,6E-134,2026-08-23,T+1,17414,3823,21237,2026-08-22T09:05:34.401Z,FALSE,"",17:15,FALSE
fare_BLR-HYD_6E_2026-08-23_T+1_1787389679049_1g0x,BLR-HYD,EaseMyTrip,6E,6E-840,2026-08-23,T+1,17876,3924,21800,2026-08-22T09:05:34.401Z,FALSE,"",10:50,FALSE
fare_BLR-HYD_6E_2026-08-23_T+1_1787389679049_xydi,BLR-HYD,EaseMyTrip,6E,6E-978,2026-08-23,T+1,17876,3924,21800,2026-08-22T09:05:34.401Z,FALSE,"",10:50,FALSE
fare_BLR-HYD_6E_2026-08-23_T+1_1787389679049_4nyf,BLR-HYD,EaseMyTrip,6E,6E-6162,2026-08-23,T+1,18530,4068,22598,2026-08-22T09:05:34.401Z,FALSE,"",18:50,FALSE
fare_BLR-HYD_6E_2026-08-23_T+1_1787389679049_pkfq,BLR-HYD,EaseMyTrip,6E,6E-801,2026-08-23,T+1,18530,4068,22598,2026-08-22T09:05:34.401Z,FALSE,"",17:00,FALSE
fare_BLR-HYD_6E_2026-08-23_T+1_1787389679049_lqcx,BLR-HYD,EaseMyTrip,6E,6E-828,2026-08-23,T+1,18530,4068,22598,2026-08-22T09:05:34.401Z,FALSE,"",17:00,FALSE
fare_BLR-HYD_AI_2026-08-23_T+1_1787389679049_ycwe,BLR-HYD,EaseMyTrip,AI,AI-2756,2026-08-23,T+1,19077,4188,23265,2026-08-22T09:05:34.401Z,FALSE,"",02:15,FALSE
fare_BLR-HYD_AI_2026-08-23_T+1_1787389679049_1phy,BLR-HYD,EaseMyTrip,AI,AI-2758,2026-08-23,T+1,19077,4188,23265,2026-08-22T09:05:34.401Z,FALSE,"",00:15,FALSE
fare_BLR-HYD_6E_2026-08-23_T+1_1787389679049_xlw0,BLR-HYD,EaseMyTrip,6E,6E-6542,2026-08-23,T+1,19431,4265,23696,2026-08-22T09:05:34.401Z,FALSE,"",13:10,FALSE
fare_BLR-HYD_AI_2026-08-23_T+1_1787389679049_g561,BLR-HYD,EaseMyTrip,AI,AI-2854,2026-08-23,T+1,19597,4302,23899,2026-08-22T09:05:34.401Z,FALSE,"",16:40,FALSE
fare_BLR-HYD_AI_2026-08-23_T+1_1787389679049_a6al,BLR-HYD,EaseMyTrip,AI,AI-2654,2026-08-23,T+1,20545,4510,25055,2026-08-22T09:05:34.401Z,FALSE,"",07:00,FALSE
fare_BLR-HYD_AI_2026-08-23_T+1_1787389679049_v2az,BLR-HYD,EaseMyTrip,AI,AI-2810,2026-08-23,T+1,20545,4510,25055,2026-08-22T09:05:34.401Z,FALSE,"",06:00,FALSE
fare_BLR-HYD_AI_2026-08-23_T+1_1787389679049_to1n,BLR-HYD,EaseMyTrip,AI,AI-2414,2026-08-23,T+1,20545,4510,25055,2026-08-22T09:05:34.401Z,FALSE,"",05:30,FALSE
fare_BLR-HYD_6E_2026-08-23_T+1_1787389679049_lerh,BLR-HYD,EaseMyTrip,6E,6E-6702,2026-08-23,T+1,20416,4481,24897,2026-08-22T09:05:34.401Z,FALSE,"",05:20,FALSE
fare_BLR-HYD_AI_2026-08-23_T+1_1787389679049_bl5w,BLR-HYD,EaseMyTrip,AI,AI-2818,2026-08-23,T+1,20980,4605,25585,2026-08-22T09:05:34.401Z,FALSE,"",20:00,FALSE
fare_BLR-HYD_AI_2026-08-23_T+1_1787389679049_mk01,BLR-HYD,EaseMyTrip,AI,AI-2498,2026-08-23,T+1,21042,4619,25661,2026-08-22T09:05:34.401Z,FALSE,"",00:45,FALSE
fare_BLR-HYD_AI_2026-08-23_T+1_1787389679049_l6os,BLR-HYD,EaseMyTrip,AI,AI-2852,2026-08-23,T+1,22554,4951,27505,2026-08-22T09:05:34.401Z,FALSE,"",10:30,FALSE
fare_BLR-HYD_AI_2026-08-23_T+1_1787389679049_9cuz,BLR-HYD,EaseMyTrip,AI,AI-2604,2026-08-23,T+1,22554,4951,27505,2026-08-22T09:05:34.401Z,FALSE,"",09:15,FALSE
fare_BLR-HYD_6E_2026-08-23_T+1_1787389679049_t8nb,BLR-HYD,EaseMyTrip,6E,6E-6104,2026-08-23,T+1,22727,4989,27716,2026-08-22T09:05:34.401Z,FALSE,"",11:40,FALSE
fare_BLR-HYD_AI_2026-08-23_T+1_1787389679049_w8fg,BLR-HYD,EaseMyTrip,AI,AI-2868,2026-08-23,T+1,24052,5280,29332,2026-08-22T09:05:34.401Z,FALSE,"",09:00,FALSE
fare_BLR-HYD_AI_2026-08-23_T+1_1787389679049_7hcr,BLR-HYD,EaseMyTrip,AI,AI-2418,2026-08-23,T+1,25354,5566,30920,2026-08-22T09:05:34.401Z,FALSE,"",16:30,FALSE
fare_BLR-HYD_AI_2026-08-23_T+1_1787389679049_udz2,BLR-HYD,EaseMyTrip,AI,AI-2511,2026-08-23,T+1,25354,5566,30920,2026-08-22T09:05:34.401Z,FALSE,"",15:45,FALSE
fare_BLR-HYD_AI_2026-08-23_T+1_1787389679049_8p3z,BLR-HYD,EaseMyTrip,AI,AI-428,2026-08-23,T+1,25354,5566,30920,2026-08-22T09:05:34.401Z,FALSE,"",14:55,FALSE
fare_BLR-HYD_AI_2026-08-23_T+1_1787389679049_glmn,BLR-HYD,EaseMyTrip,AI,AI-2798,2026-08-23,T+1,25558,5610,31168,2026-08-22T09:05:34.401Z,FALSE,"",20:25,FALSE
fare_BLR-HYD_AI_2026-08-23_T+1_1787389679049_3px0,BLR-HYD,EaseMyTrip,AI,AI-9441,2026-08-23,T+1,25687,5639,31326,2026-08-22T09:05:34.401Z,FALSE,"",19:10,FALSE
fare_BLR-HYD_AI_2026-08-23_T+1_1787389679049_soln,BLR-HYD,EaseMyTrip,AI,AI-2406,2026-08-23,T+1,25868,5678,31546,2026-08-22T09:05:34.401Z,FALSE,"",11:00,FALSE
fare_BLR-HYD_6E_2026-08-29_T+7_1787389679050_nlj0,BLR-HYD,EaseMyTrip,6E,6E-624,2026-08-29,T+7,3369,740,4109,2026-08-22T09:05:39.989Z,FALSE,"",20:50,TRUE
fare_BLR-HYD_6E_2026-08-29_T+7_1787389679050_bi9i,BLR-HYD,EaseMyTrip,6E,6E-137,2026-08-29,T+7,3369,740,4109,2026-08-22T09:05:39.989Z,FALSE,"",20:50,TRUE
fare_BLR-HYD_IX_2026-08-29_T+7_1787389679050_lek0,BLR-HYD,EaseMyTrip,IX,IX-2935,2026-08-29,T+7,3794,833,4627,2026-08-22T09:05:39.989Z,FALSE,"",08:55,TRUE
fare_BLR-HYD_6E_2026-08-29_T+7_1787389679050_hu0i,BLR-HYD,EaseMyTrip,6E,6E-6784,2026-08-29,T+7,4193,920,5113,2026-08-22T09:05:39.989Z,FALSE,"",21:30,TRUE
fare_BLR-HYD_6E_2026-08-29_T+7_1787389679050_twi1,BLR-HYD,EaseMyTrip,6E,6E-606,2026-08-29,T+7,4193,920,5113,2026-08-22T09:05:39.989Z,FALSE,"",18:35,TRUE
fare_BLR-HYD_6E_2026-08-29_T+7_1787389679050_hz2l,BLR-HYD,EaseMyTrip,6E,6E-857,2026-08-29,T+7,4193,920,5113,2026-08-22T09:05:39.989Z,FALSE,"",18:35,TRUE
fare_BLR-HYD_6E_2026-08-29_T+7_1787389679050_v12y,BLR-HYD,EaseMyTrip,6E,6E-6067,2026-08-29,T+7,4193,920,5113,2026-08-22T09:05:39.989Z,FALSE,"",16:30,TRUE
fare_BLR-HYD_6E_2026-08-29_T+7_1787389679050_bz77,BLR-HYD,EaseMyTrip,6E,6E-108,2026-08-29,T+7,4193,920,5113,2026-08-22T09:05:39.989Z,FALSE,"",14:50,TRUE
fare_BLR-HYD_6E_2026-08-29_T+7_1787389679050_1wf4,BLR-HYD,EaseMyTrip,6E,6E-632,2026-08-29,T+7,4193,920,5113,2026-08-22T09:05:39.989Z,FALSE,"",14:50,TRUE
fare_BLR-HYD_6E_2026-08-29_T+7_1787389679050_wv2e,BLR-HYD,EaseMyTrip,6E,6E-6404,2026-08-29,T+7,4193,920,5113,2026-08-22T09:05:39.989Z,FALSE,"",11:35,TRUE
fare_BLR-HYD_IX_2026-08-29_T+7_1787389679050_cyi3,BLR-HYD,EaseMyTrip,IX,IX-2051,2026-08-29,T+7,4444,976,5420,2026-08-22T09:05:39.989Z,FALSE,"",10:55,TRUE
fare_BLR-HYD_IX_2026-08-29_T+7_1787389679050_7elk,BLR-HYD,EaseMyTrip,IX,IX-1250,2026-08-29,T+7,4444,976,5420,2026-08-22T09:05:39.989Z,FALSE,"",19:15,TRUE
fare_BLR-HYD_6E_2026-08-29_T+7_1787389679050_pxd0,BLR-HYD,EaseMyTrip,6E,6E-235,2026-08-29,T+7,4518,992,5510,2026-08-22T09:05:39.989Z,FALSE,"",10:15,TRUE
fare_BLR-HYD_6E_2026-08-29_T+7_1787389679050_peop,BLR-HYD,EaseMyTrip,6E,6E-249,2026-08-29,T+7,4518,992,5510,2026-08-22T09:05:39.989Z,FALSE,"",10:15,TRUE
fare_BLR-HYD_IX_2026-08-29_T+7_1787389679050_p4kz,BLR-HYD,EaseMyTrip,IX,IX-2506,2026-08-29,T+7,4877,1071,5948,2026-08-22T09:05:39.989Z,FALSE,"",17:20,TRUE
fare_BLR-HYD_6E_2026-08-29_T+7_1787389679050_4xef,BLR-HYD,EaseMyTrip,6E,6E-612,2026-08-29,T+7,4877,1071,5948,2026-08-22T09:05:39.989Z,FALSE,"",09:15,TRUE
fare_BLR-HYD_6E_2026-08-29_T+7_1787389679050_6lug,BLR-HYD,EaseMyTrip,6E,6E-176,2026-08-29,T+7,4877,1071,5948,2026-08-22T09:05:39.989Z,FALSE,"",09:15,TRUE
fare_BLR-HYD_6E_2026-08-29_T+7_1787389679050_emp4,BLR-HYD,EaseMyTrip,6E,6E-7227,2026-08-29,T+7,4995,1097,6092,2026-08-22T09:05:39.989Z,FALSE,"",06:25,FALSE
fare_BLR-HYD_IX_2026-08-29_T+7_1787389679050_wepa,BLR-HYD,EaseMyTrip,IX,IX-2018,2026-08-29,T+7,5273,1157,6430,2026-08-22T09:05:39.989Z,FALSE,"",06:00,TRUE
fare_BLR-HYD_6E_2026-08-29_T+7_1787389679050_79td,BLR-HYD,EaseMyTrip,6E,6E-6168,2026-08-29,T+7,5103,1120,6223,2026-08-22T09:05:39.989Z,FALSE,"",17:40,FALSE
fare_BLR-HYD_6E_2026-08-29_T+7_1787389679050_n2wq,BLR-HYD,EaseMyTrip,6E,6E-6554,2026-08-29,T+7,5103,1120,6223,2026-08-22T09:05:39.989Z,FALSE,"",19:15,FALSE
fare_BLR-HYD_6E_2026-08-29_T+7_1787389679050_w63a,BLR-HYD,EaseMyTrip,6E,6E-797,2026-08-29,T+7,5103,1120,6223,2026-08-22T09:05:39.989Z,FALSE,"",07:05,FALSE
fare_BLR-HYD_6E_2026-08-29_T+7_1787389679050_2re9,BLR-HYD,EaseMyTrip,6E,6E-470,2026-08-29,T+7,5103,1120,6223,2026-08-22T09:05:39.989Z,FALSE,"",07:05,FALSE
fare_BLR-HYD_6E_2026-08-29_T+7_1787389679050_vtbw,BLR-HYD,EaseMyTrip,6E,6E-216,2026-08-29,T+7,5103,1120,6223,2026-08-22T09:05:39.989Z,FALSE,"",14:45,FALSE
fare_BLR-HYD_6E_2026-08-29_T+7_1787389679050_85u8,BLR-HYD,EaseMyTrip,6E,6E-532,2026-08-29,T+7,5103,1120,6223,2026-08-22T09:05:39.989Z,FALSE,"",14:45,FALSE
fare_BLR-HYD_6E_2026-08-29_T+7_1787389679050_56hg,BLR-HYD,EaseMyTrip,6E,6E-6542,2026-08-29,T+7,5103,1120,6223,2026-08-22T09:05:39.989Z,FALSE,"",13:10,FALSE
fare_BLR-HYD_6E_2026-08-29_T+7_1787389679050_1i77,BLR-HYD,EaseMyTrip,6E,6E-6017,2026-08-29,T+7,5103,1120,6223,2026-08-22T09:05:39.989Z,FALSE,"",18:15,FALSE
fare_BLR-HYD_6E_2026-08-29_T+7_1787389679050_p5t7,BLR-HYD,EaseMyTrip,6E,6E-827,2026-08-29,T+7,5103,1120,6223,2026-08-22T09:05:39.989Z,FALSE,"",18:45,FALSE
fare_BLR-HYD_6E_2026-08-29_T+7_1787389679050_ve8t,BLR-HYD,EaseMyTrip,6E,6E-395,2026-08-29,T+7,5103,1120,6223,2026-08-22T09:05:39.989Z,FALSE,"",18:45,FALSE
fare_BLR-HYD_6E_2026-08-29_T+7_1787389679050_hkbu,BLR-HYD,EaseMyTrip,6E,6E-333,2026-08-29,T+7,5103,1120,6223,2026-08-22T09:05:39.989Z,FALSE,"",17:15,FALSE
fare_BLR-HYD_6E_2026-08-29_T+7_1787389679050_nurl,BLR-HYD,EaseMyTrip,6E,6E-782,2026-08-29,T+7,5103,1120,6223,2026-08-22T09:05:39.989Z,FALSE,"",17:15,FALSE
fare_BLR-HYD_6E_2026-08-29_T+7_1787389679050_et3h,BLR-HYD,EaseMyTrip,6E,6E-7071,2026-08-29,T+7,5103,1120,6223,2026-08-22T09:05:39.989Z,FALSE,"",10:55,FALSE
fare_BLR-HYD_6E_2026-08-29_T+7_1787389679050_fj0w,BLR-HYD,EaseMyTrip,6E,6E-371,2026-08-29,T+7,5103,1120,6223,2026-08-22T09:05:39.989Z,FALSE,"",23:05,FALSE
fare_BLR-HYD_6E_2026-08-29_T+7_1787389679050_3ve8,BLR-HYD,EaseMyTrip,6E,6E-719,2026-08-29,T+7,5103,1120,6223,2026-08-22T09:05:39.989Z,FALSE,"",23:05,FALSE
fare_BLR-HYD_6E_2026-08-29_T+7_1787389679050_vjw1,BLR-HYD,EaseMyTrip,6E,6E-318,2026-08-29,T+7,5103,1120,6223,2026-08-22T09:05:39.989Z,FALSE,"",17:15,FALSE
fare_BLR-HYD_6E_2026-08-29_T+7_1787389679050_v6xe,BLR-HYD,EaseMyTrip,6E,6E-569,2026-08-29,T+7,5103,1120,6223,2026-08-22T09:05:39.989Z,FALSE,"",17:15,FALSE
fare_BLR-HYD_6E_2026-08-29_T+7_1787389679050_zwds,BLR-HYD,EaseMyTrip,6E,6E-783,2026-08-29,T+7,5103,1120,6223,2026-08-22T09:05:39.989Z,FALSE,"",21:40,FALSE
fare_BLR-HYD_6E_2026-08-29_T+7_1787389679050_cq0i,BLR-HYD,EaseMyTrip,6E,6E-392,2026-08-29,T+7,5103,1120,6223,2026-08-22T09:05:39.989Z,FALSE,"",21:40,FALSE
fare_BLR-HYD_6E_2026-08-29_T+7_1787389679050_j393,BLR-HYD,EaseMyTrip,6E,6E-6653,2026-08-29,T+7,5103,1120,6223,2026-08-22T09:05:39.989Z,FALSE,"",12:35,FALSE
fare_BLR-HYD_6E_2026-08-29_T+7_1787389679050_lsk2,BLR-HYD,EaseMyTrip,6E,6E-175,2026-08-29,T+7,5103,1120,6223,2026-08-22T09:05:39.989Z,FALSE,"",20:40,FALSE
fare_BLR-HYD_6E_2026-08-29_T+7_1787389679050_x248,BLR-HYD,EaseMyTrip,6E,6E-596,2026-08-29,T+7,5103,1120,6223,2026-08-22T09:05:39.989Z,FALSE,"",07:05,FALSE
fare_BLR-HYD_6E_2026-08-29_T+7_1787389679050_iio5,BLR-HYD,EaseMyTrip,6E,6E-125,2026-08-29,T+7,5103,1120,6223,2026-08-22T09:05:39.989Z,FALSE,"",07:05,FALSE
fare_BLR-HYD_6E_2026-08-29_T+7_1787389679050_80vu,BLR-HYD,EaseMyTrip,6E,6E-6583,2026-08-29,T+7,5210,1144,6354,2026-08-22T09:05:39.989Z,FALSE,"",10:40,FALSE
fare_BLR-HYD_6E_2026-08-29_T+7_1787389679050_sv4y,BLR-HYD,EaseMyTrip,6E,6E-664,2026-08-29,T+7,5273,1158,6431,2026-08-22T09:05:39.989Z,FALSE,"",19:45,TRUE
fare_BLR-HYD_6E_2026-08-29_T+7_1787389679050_b7wj,BLR-HYD,EaseMyTrip,6E,6E-6876,2026-08-29,T+7,5447,1196,6643,2026-08-22T09:05:39.989Z,FALSE,"",02:40,FALSE
fare_BLR-HYD_6E_2026-08-29_T+7_1787389679050_ii4g,BLR-HYD,EaseMyTrip,6E,6E-6563,2026-08-29,T+7,5447,1196,6643,2026-08-22T09:05:39.989Z,FALSE,"",01:05,FALSE
fare_BLR-HYD_IX_2026-08-29_T+7_1787389679050_lwqh,BLR-HYD,EaseMyTrip,IX,IX-2819,2026-08-29,T+7,5711,1254,6965,2026-08-22T09:05:39.989Z,FALSE,"",12:30,TRUE
fare_BLR-HYD_6E_2026-08-29_T+7_1787389679050_mxu8,BLR-HYD,EaseMyTrip,6E,6E-6178,2026-08-29,T+7,5711,1254,6965,2026-08-22T09:05:39.989Z,FALSE,"",06:25,TRUE
fare_BLR-HYD_6E_2026-08-29_T+7_1787389679050_6gdg,BLR-HYD,EaseMyTrip,6E,6E-688,2026-08-29,T+7,5711,1254,6965,2026-08-22T09:05:39.989Z,FALSE,"",08:15,TRUE
fare_BLR-HYD_6E_2026-08-29_T+7_1787389679050_h0pr,BLR-HYD,EaseMyTrip,6E,6E-717,2026-08-29,T+7,5711,1254,6965,2026-08-22T09:05:39.989Z,FALSE,"",08:15,TRUE
fare_BLR-HYD_6E_2026-08-29_T+7_1787389679050_fs8a,BLR-HYD,EaseMyTrip,6E,6E-7204,2026-08-29,T+7,5825,1279,7104,2026-08-22T09:05:39.989Z,FALSE,"",06:50,FALSE
fare_BLR-HYD_6E_2026-08-29_T+7_1787389679050_9xhh,BLR-HYD,EaseMyTrip,6E,6E-156,2026-08-29,T+7,6690,1468,8158,2026-08-22T09:05:39.989Z,FALSE,"",17:00,FALSE
fare_BLR-HYD_6E_2026-08-29_T+7_1787389679050_ksj4,BLR-HYD,EaseMyTrip,6E,6E-370,2026-08-29,T+7,6690,1468,8158,2026-08-22T09:05:39.989Z,FALSE,"",17:00,FALSE
fare_BLR-HYD_6E_2026-08-29_T+7_1787389679050_gto9,BLR-HYD,EaseMyTrip,6E,6E-6104,2026-08-29,T+7,7185,1577,8762,2026-08-22T09:05:39.989Z,FALSE,"",11:40,FALSE
fare_BLR-HYD_6E_2026-08-29_T+7_1787389679050_07gl,BLR-HYD,EaseMyTrip,6E,6E-6445,2026-08-29,T+7,7185,1577,8762,2026-08-22T09:05:39.989Z,FALSE,"",10:25,FALSE
fare_BLR-HYD_6E_2026-08-29_T+7_1787389679050_hyxk,BLR-HYD,EaseMyTrip,6E,6E-353,2026-08-29,T+7,7185,1577,8762,2026-08-22T09:05:39.989Z,FALSE,"",11:00,FALSE
fare_BLR-HYD_6E_2026-08-29_T+7_1787389679050_f1fo,BLR-HYD,EaseMyTrip,6E,6E-267,2026-08-29,T+7,7185,1577,8762,2026-08-22T09:05:39.989Z,FALSE,"",11:00,FALSE
fare_BLR-HYD_6E_2026-08-29_T+7_1787389679050_exse,BLR-HYD,EaseMyTrip,6E,6E-219,2026-08-29,T+7,7185,1577,8762,2026-08-22T09:05:39.989Z,FALSE,"",07:05,FALSE
fare_BLR-HYD_6E_2026-08-29_T+7_1787389679050_skf7,BLR-HYD,EaseMyTrip,6E,6E-903,2026-08-29,T+7,7185,1577,8762,2026-08-22T09:05:39.989Z,FALSE,"",07:05,FALSE
fare_BLR-HYD_6E_2026-08-29_T+7_1787389679050_oi1k,BLR-HYD,EaseMyTrip,6E,6E-6269,2026-08-29,T+7,7185,1577,8762,2026-08-22T09:05:39.989Z,FALSE,"",07:15,FALSE
fare_BLR-HYD_6E_2026-08-29_T+7_1787389679050_xbae,BLR-HYD,EaseMyTrip,6E,6E-631,2026-08-29,T+7,7726,1696,9422,2026-08-22T09:05:39.989Z,FALSE,"",12:55,FALSE
fare_BLR-HYD_6E_2026-08-29_T+7_1787389679050_zevz,BLR-HYD,EaseMyTrip,6E,6E-990,2026-08-29,T+7,7726,1696,9422,2026-08-22T09:05:39.989Z,FALSE,"",13:15,FALSE
fare_BLR-HYD_6E_2026-08-29_T+7_1787389679050_0e1o,BLR-HYD,EaseMyTrip,6E,6E-610,2026-08-29,T+7,7726,1696,9422,2026-08-22T09:05:39.989Z,FALSE,"",13:15,FALSE
fare_BLR-HYD_6E_2026-08-29_T+7_1787389679050_ylds,BLR-HYD,EaseMyTrip,6E,6E-451,2026-08-29,T+7,7726,1696,9422,2026-08-22T09:05:39.989Z,FALSE,"",07:05,FALSE
fare_BLR-HYD_6E_2026-08-29_T+7_1787389679050_4p5j,BLR-HYD,EaseMyTrip,6E,6E-807,2026-08-29,T+7,7726,1696,9422,2026-08-22T09:05:39.989Z,FALSE,"",07:05,FALSE
fare_BLR-HYD_6E_2026-08-29_T+7_1787389679050_zwpf,BLR-HYD,EaseMyTrip,6E,6E-237,2026-08-29,T+7,7726,1696,9422,2026-08-22T09:05:39.989Z,FALSE,"",11:00,FALSE
fare_BLR-HYD_6E_2026-08-29_T+7_1787389679050_eq4e,BLR-HYD,EaseMyTrip,6E,6E-690,2026-08-29,T+7,7726,1696,9422,2026-08-22T09:05:39.989Z,FALSE,"",11:00,FALSE
fare_BLR-HYD_AI_2026-08-29_T+7_1787389679050_i0af,BLR-HYD,EaseMyTrip,AI,AI-2498,2026-08-29,T+7,8620,1892,10512,2026-08-22T09:05:39.989Z,FALSE,"",00:45,FALSE
fare_BLR-HYD_6E_2026-08-29_T+7_1787389679050_53w5,BLR-HYD,EaseMyTrip,6E,6E-6208,2026-08-29,T+7,10006,2196,12202,2026-08-22T09:05:39.989Z,FALSE,"",12:50,FALSE
fare_BLR-HYD_AI_2026-08-29_T+7_1787389679050_pkt3,BLR-HYD,EaseMyTrip,AI,AI-2811,2026-08-29,T+7,10485,2302,12787,2026-08-22T09:05:39.989Z,FALSE,"",23:40,FALSE
fare_BLR-HYD_AI_2026-08-29_T+7_1787389679050_wvp3,BLR-HYD,EaseMyTrip,AI,AI-2402,2026-08-29,T+7,10844,2380,13224,2026-08-22T09:05:39.989Z,FALSE,"",06:35,FALSE
fare_BLR-HYD_AI_2026-08-29_T+7_1787389679050_kjp4,BLR-HYD,EaseMyTrip,AI,AI-2604,2026-08-29,T+7,10944,2402,13346,2026-08-22T09:05:39.989Z,FALSE,"",09:15,FALSE
fare_BLR-HYD_AI_2026-08-29_T+7_1787389679050_jz8t,BLR-HYD,EaseMyTrip,AI,AI-2846,2026-08-29,T+7,11044,2424,13468,2026-08-22T09:05:39.989Z,FALSE,"",08:05,FALSE
fare_BLR-HYD_6E_2026-08-29_T+7_1787389679050_vaht,BLR-HYD,EaseMyTrip,6E,6E-6162,2026-08-29,T+7,10908,2394,13302,2026-08-22T09:05:39.989Z,FALSE,"",18:50,FALSE
fare_BLR-HYD_AI_2026-08-29_T+7_1787389679050_mv84,BLR-HYD,EaseMyTrip,AI,AI-2642,2026-08-29,T+7,11098,2436,13534,2026-08-22T09:05:39.989Z,FALSE,"",21:30,FALSE
fare_BLR-HYD_AI_2026-08-29_T+7_1787389679050_jqzr,BLR-HYD,EaseMyTrip,AI,AI-2852,2026-08-29,T+7,11259,2472,13731,2026-08-22T09:05:39.989Z,FALSE,"",10:30,FALSE
fare_BLR-HYD_6E_2026-08-29_T+7_1787389679050_2l5g,BLR-HYD,EaseMyTrip,6E,6E-754,2026-08-29,T+7,12594,2764,15358,2026-08-22T09:05:39.989Z,FALSE,"",10:50,FALSE
fare_BLR-HYD_6E_2026-08-29_T+7_1787389679050_9rap,BLR-HYD,EaseMyTrip,6E,6E-461,2026-08-29,T+7,12594,2764,15358,2026-08-22T09:05:39.989Z,FALSE,"",10:50,FALSE
fare_BLR-HYD_AI_2026-08-29_T+7_1787389679050_pi46,BLR-HYD,EaseMyTrip,AI,AI-9772,2026-08-29,T+7,14660,3218,17878,2026-08-22T09:05:39.989Z,FALSE,"",05:00,FALSE
fare_BLR-HYD_AI_2026-08-29_T+7_1787389679050_t1iy,BLR-HYD,EaseMyTrip,AI,AI-2810,2026-08-29,T+7,14761,3240,18001,2026-08-22T09:05:39.989Z,FALSE,"",06:00,FALSE
fare_BLR-HYD_AI_2026-08-29_T+7_1787389679050_oekj,BLR-HYD,EaseMyTrip,AI,AI-2414,2026-08-29,T+7,14761,3240,18001,2026-08-22T09:05:39.989Z,FALSE,"",05:30,FALSE
fare_BLR-HYD_AI_2026-08-29_T+7_1787389679050_4ua9,BLR-HYD,EaseMyTrip,AI,AI-2756,2026-08-29,T+7,14761,3240,18001,2026-08-22T09:05:39.989Z,FALSE,"",02:15,FALSE
fare_BLR-HYD_AI_2026-08-29_T+7_1787389679050_8lms,BLR-HYD,EaseMyTrip,AI,AI-1869,2026-08-29,T+7,14761,3240,18001,2026-08-22T09:05:39.989Z,FALSE,"",20:25,FALSE
fare_BLR-HYD_AI_2026-08-29_T+7_1787389679050_bvsn,BLR-HYD,EaseMyTrip,AI,AI-2758,2026-08-29,T+7,15205,3338,18543,2026-08-22T09:05:39.989Z,FALSE,"",00:15,FALSE
fare_BLR-HYD_AI_2026-08-29_T+7_1787389679050_mova,BLR-HYD,EaseMyTrip,AI,AI-2818,2026-08-29,T+7,15294,3357,18651,2026-08-22T09:05:39.989Z,FALSE,"",20:00,FALSE
fare_BLR-HYD_AI_2026-08-29_T+7_1787389679050_qxem,BLR-HYD,EaseMyTrip,AI,AI-2486,2026-08-29,T+7,15360,3372,18732,2026-08-22T09:05:39.989Z,FALSE,"",14:00,FALSE
fare_BLR-HYD_AI_2026-08-29_T+7_1787389679050_46c7,BLR-HYD,EaseMyTrip,AI,AI-428,2026-08-29,T+7,15360,3372,18732,2026-08-22T09:05:39.989Z,FALSE,"",14:55,FALSE
fare_BLR-HYD_AI_2026-08-29_T+7_1787389679050_984v,BLR-HYD,EaseMyTrip,AI,AI-2418,2026-08-29,T+7,15360,3372,18732,2026-08-22T09:05:39.989Z,FALSE,"",16:30,FALSE
fare_BLR-HYD_6E_2026-08-29_T+7_1787389679050_2i9r,BLR-HYD,EaseMyTrip,6E,6E-6702,2026-08-29,T+7,15263,3351,18614,2026-08-22T09:05:39.989Z,FALSE,"",05:20,FALSE
fare_BLR-HYD_AI_2026-08-29_T+7_1787389679050_1gjt,BLR-HYD,EaseMyTrip,AI,AI-2511,2026-08-29,T+7,15495,3401,18896,2026-08-22T09:05:39.989Z,FALSE,"",15:45,FALSE
fare_BLR-HYD_AI_2026-08-29_T+7_1787389679050_6crh,BLR-HYD,EaseMyTrip,AI,AI-1868,2026-08-29,T+7,15585,3421,19006,2026-08-22T09:05:39.989Z,FALSE,"",12:25,FALSE
fare_BLR-HYD_AI_2026-08-29_T+7_1787389679050_9ghd,BLR-HYD,EaseMyTrip,AI,AI-2868,2026-08-29,T+7,15629,3431,19060,2026-08-22T09:05:39.989Z,FALSE,"",09:00,FALSE
fare_BLR-HYD_AI_2026-08-29_T+7_1787389679050_858w,BLR-HYD,EaseMyTrip,AI,AI-2654,2026-08-29,T+7,15673,3441,19114,2026-08-22T09:05:39.989Z,FALSE,"",07:00,FALSE
fare_BLR-HYD_6E_2026-08-29_T+7_1787389679050_9nr7,BLR-HYD,EaseMyTrip,6E,6E-7005,2026-08-29,T+7,15585,3421,19006,2026-08-22T09:05:39.989Z,FALSE,"",08:05,FALSE
fare_BLR-HYD_AI_2026-08-29_T+7_1787389679050_0jp4,BLR-HYD,EaseMyTrip,AI,AI-2406,2026-08-29,T+7,16145,3544,19689,2026-08-22T09:05:39.989Z,FALSE,"",11:00,FALSE
fare_BLR-HYD_AI_2026-08-29_T+7_1787389679050_s08z,BLR-HYD,EaseMyTrip,AI,AI-9520,2026-08-29,T+7,16724,3671,20395,2026-08-22T09:05:39.989Z,FALSE,"",13:05,FALSE
fare_BLR-HYD_AI_2026-08-29_T+7_1787389679050_9z8w,BLR-HYD,EaseMyTrip,AI,AI-2854,2026-08-29,T+7,20788,4563,25351,2026-08-22T09:05:39.989Z,TRUE,"High outlier: ₹25351 > upper fence ₹24031 (Q3: ₹13346, IQR: ₹7123)",16:40,FALSE
fare_BOM-BLR_IX_2026-08-29_T+7_1787389679050_2mct,BOM-BLR,EaseMyTrip,IX,IX-2915,2026-08-29,T+7,4345,954,5299,2026-08-22T09:04:53.897Z,FALSE,"",08:25,TRUE
fare_BOM-BLR_6E_2026-08-29_T+7_1787389679050_0hec,BOM-BLR,EaseMyTrip,6E,6E-2085,2026-08-29,T+7,4182,918,5100,2026-08-22T09:04:53.897Z,FALSE,"",07:05,TRUE
fare_BOM-BLR_QP_2026-08-29_T+7_1787389679050_f9q3,BOM-BLR,EaseMyTrip,QP,QP-1516,2026-08-29,T+7,4183,918,5101,2026-08-22T09:04:53.897Z,FALSE,"",00:40,TRUE
fare_BOM-BLR_6E_2026-08-29_T+7_1787389679050_2347,BOM-BLR,EaseMyTrip,6E,6E-5323,2026-08-29,T+7,4183,918,5101,2026-08-22T09:04:53.897Z,FALSE,"",01:10,TRUE
fare_BOM-BLR_6E_2026-08-29_T+7_1787389679050_5cug,BOM-BLR,EaseMyTrip,6E,6E-5294,2026-08-29,T+7,4183,918,5101,2026-08-22T09:04:53.897Z,FALSE,"",04:30,TRUE
fare_BOM-BLR_AI_2026-08-29_T+7_1787389679050_h7qq,BOM-BLR,EaseMyTrip,AI,AI-2812,2026-08-29,T+7,4483,984,5467,2026-08-22T09:04:53.897Z,FALSE,"",02:05,TRUE
fare_BOM-BLR_AI_2026-08-29_T+7_1787389679050_0uwp,BOM-BLR,EaseMyTrip,AI,AI-2845,2026-08-29,T+7,4483,984,5467,2026-08-22T09:04:53.897Z,FALSE,"",05:30,TRUE
fare_BOM-BLR_SG_2026-08-29_T+7_1787389679050_om75,BOM-BLR,EaseMyTrip,SG,SG-663,2026-08-29,T+7,4739,1040,5779,2026-08-22T09:04:53.897Z,FALSE,"",21:40,TRUE
fare_BOM-BLR_SG_2026-08-29_T+7_1787389679050_2e2e,BOM-BLR,EaseMyTrip,SG,SG-357,2026-08-29,T+7,4739,1040,5779,2026-08-22T09:04:53.897Z,FALSE,"",21:40,TRUE
fare_BOM-BLR_SG_2026-08-29_T+7_1787389679050_um2t,BOM-BLR,EaseMyTrip,SG,SG-792,2026-08-29,T+7,5000,1098,6098,2026-08-22T09:04:53.897Z,FALSE,"",21:30,TRUE
fare_BOM-BLR_SG_2026-08-29_T+7_1787389679050_ak52,BOM-BLR,EaseMyTrip,SG,SG-657,2026-08-29,T+7,5000,1098,6098,2026-08-22T09:04:53.897Z,FALSE,"",21:30,TRUE
fare_BOM-BLR_6E_2026-08-29_T+7_1787389679050_bnzf,BOM-BLR,EaseMyTrip,6E,6E-6361,2026-08-29,T+7,5040,1106,6146,2026-08-22T09:04:53.897Z,FALSE,"",05:00,FALSE
fare_BOM-BLR_6E_2026-08-29_T+7_1787389679050_wdg7,BOM-BLR,EaseMyTrip,6E,6E-5241,2026-08-29,T+7,5040,1106,6146,2026-08-22T09:04:53.897Z,FALSE,"",16:40,FALSE
fare_BOM-BLR_6E_2026-08-29_T+7_1787389679050_64m1,BOM-BLR,EaseMyTrip,6E,6E-5228,2026-08-29,T+7,5147,1130,6277,2026-08-22T09:04:53.897Z,FALSE,"",16:45,FALSE
fare_BOM-BLR_6E_2026-08-29_T+7_1787389679050_kz0s,BOM-BLR,EaseMyTrip,6E,6E-5386,2026-08-29,T+7,5147,1130,6277,2026-08-22T09:04:53.897Z,FALSE,"",15:10,FALSE
fare_BOM-BLR_IX_2026-08-29_T+7_1787389679050_641x,BOM-BLR,EaseMyTrip,IX,IX-1640,2026-08-29,T+7,5387,1183,6570,2026-08-22T09:04:53.897Z,FALSE,"",20:55,TRUE
fare_BOM-BLR_6E_2026-08-29_T+7_1787389679050_s1ot,BOM-BLR,EaseMyTrip,6E,6E-6802,2026-08-29,T+7,5255,1153,6408,2026-08-22T09:04:53.897Z,FALSE,"",16:55,FALSE
fare_BOM-BLR_6E_2026-08-29_T+7_1787389679050_tl0v,BOM-BLR,EaseMyTrip,6E,6E-866,2026-08-29,T+7,5319,1168,6487,2026-08-22T09:04:53.897Z,FALSE,"",12:30,FALSE
fare_BOM-BLR_6E_2026-08-29_T+7_1787389679050_csfd,BOM-BLR,EaseMyTrip,6E,6E-733,2026-08-29,T+7,5319,1168,6487,2026-08-22T09:04:53.897Z,FALSE,"",12:30,FALSE
fare_BOM-BLR_6E_2026-08-29_T+7_1787389679050_4ylk,BOM-BLR,EaseMyTrip,6E,6E-339,2026-08-29,T+7,5319,1168,6487,2026-08-22T09:04:53.897Z,FALSE,"",04:05,FALSE
fare_BOM-BLR_6E_2026-08-29_T+7_1787389679050_frpo,BOM-BLR,EaseMyTrip,6E,6E-781,2026-08-29,T+7,5319,1168,6487,2026-08-22T09:04:53.897Z,FALSE,"",04:05,FALSE
fare_BOM-BLR_6E_2026-08-29_T+7_1787389679050_kfd9,BOM-BLR,EaseMyTrip,6E,6E-5337,2026-08-29,T+7,5319,1168,6487,2026-08-22T09:04:53.897Z,FALSE,"",13:45,FALSE
fare_BOM-BLR_6E_2026-08-29_T+7_1787389679050_cmpl,BOM-BLR,EaseMyTrip,6E,6E-5048,2026-08-29,T+7,5319,1168,6487,2026-08-22T09:04:53.897Z,FALSE,"",17:25,FALSE
fare_BOM-BLR_6E_2026-08-29_T+7_1787389679050_n88k,BOM-BLR,EaseMyTrip,6E,6E-6349,2026-08-29,T+7,5319,1168,6487,2026-08-22T09:04:53.897Z,FALSE,"",11:40,FALSE
fare_BOM-BLR_6E_2026-08-29_T+7_1787389679050_wotj,BOM-BLR,EaseMyTrip,6E,6E-6701,2026-08-29,T+7,5319,1168,6487,2026-08-22T09:04:53.897Z,FALSE,"",05:35,FALSE
fare_BOM-BLR_6E_2026-08-29_T+7_1787389679050_k4wy,BOM-BLR,EaseMyTrip,6E,6E-5188,2026-08-29,T+7,5319,1168,6487,2026-08-22T09:04:53.897Z,FALSE,"",06:15,FALSE
fare_BOM-BLR_6E_2026-08-29_T+7_1787389679050_a5no,BOM-BLR,EaseMyTrip,6E,6E-574,2026-08-29,T+7,5319,1168,6487,2026-08-22T09:04:53.897Z,FALSE,"",12:30,FALSE
fare_BOM-BLR_6E_2026-08-29_T+7_1787389679050_s8iq,BOM-BLR,EaseMyTrip,6E,6E-742,2026-08-29,T+7,5319,1168,6487,2026-08-22T09:04:53.897Z,FALSE,"",12:30,FALSE
fare_BOM-BLR_6E_2026-08-29_T+7_1787389679050_o9of,BOM-BLR,EaseMyTrip,6E,6E-274,2026-08-29,T+7,5319,1168,6487,2026-08-22T09:04:53.897Z,FALSE,"",04:05,FALSE
fare_BOM-BLR_6E_2026-08-29_T+7_1787389679050_60be,BOM-BLR,EaseMyTrip,6E,6E-319,2026-08-29,T+7,5319,1168,6487,2026-08-22T09:04:53.897Z,FALSE,"",04:05,FALSE
fare_BOM-BLR_QP_2026-08-29_T+7_1787389679050_v0pg,BOM-BLR,EaseMyTrip,QP,QP-1518,2026-08-29,T+7,5327,1169,6496,2026-08-22T09:04:53.897Z,FALSE,"",21:45,TRUE
fare_BOM-BLR_6E_2026-08-29_T+7_1787389679050_qpgk,BOM-BLR,EaseMyTrip,6E,6E-5284,2026-08-29,T+7,5350,1174,6524,2026-08-22T09:04:53.897Z,FALSE,"",07:30,FALSE
fare_BOM-BLR_6E_2026-08-29_T+7_1787389679050_1mpr,BOM-BLR,EaseMyTrip,6E,6E-370,2026-08-29,T+7,5350,1174,6524,2026-08-22T09:04:53.897Z,FALSE,"",10:40,FALSE
fare_BOM-BLR_6E_2026-08-29_T+7_1787389679050_2xwr,BOM-BLR,EaseMyTrip,6E,6E-142,2026-08-29,T+7,5350,1174,6524,2026-08-22T09:04:53.897Z,FALSE,"",10:40,FALSE
fare_BOM-BLR_6E_2026-08-29_T+7_1787389679050_2w2s,BOM-BLR,EaseMyTrip,6E,6E-6029,2026-08-29,T+7,5387,1183,6570,2026-08-22T09:04:53.897Z,FALSE,"",11:25,TRUE
fare_BOM-BLR_QP_2026-08-29_T+7_1787389679050_u1v2,BOM-BLR,EaseMyTrip,QP,QP-1133,2026-08-29,T+7,5548,1218,6766,2026-08-22T09:04:53.897Z,FALSE,"",19:50,TRUE
fare_BOM-BLR_6E_2026-08-29_T+7_1787389679050_z5jj,BOM-BLR,EaseMyTrip,6E,6E-5318,2026-08-29,T+7,5551,1218,6769,2026-08-22T09:04:53.897Z,FALSE,"",10:15,FALSE
fare_BOM-BLR_AI_2026-08-29_T+7_1787389679050_m054,BOM-BLR,EaseMyTrip,AI,AI-2497,2026-08-29,T+7,5831,1280,7111,2026-08-22T09:04:53.897Z,FALSE,"",22:10,TRUE
fare_BOM-BLR_6E_2026-08-29_T+7_1787389679050_atb3,BOM-BLR,EaseMyTrip,6E,6E-6188,2026-08-29,T+7,5669,1245,6914,2026-08-22T09:04:53.897Z,FALSE,"",21:30,TRUE
fare_BOM-BLR_6E_2026-08-29_T+7_1787389679050_8lrv,BOM-BLR,EaseMyTrip,6E,6E-5193,2026-08-29,T+7,5669,1245,6914,2026-08-22T09:04:53.897Z,FALSE,"",08:05,TRUE
fare_BOM-BLR_6E_2026-08-29_T+7_1787389679050_g5o3,BOM-BLR,EaseMyTrip,6E,6E-5296,2026-08-29,T+7,5669,1245,6914,2026-08-22T09:04:53.897Z,FALSE,"",06:30,TRUE
fare_BOM-BLR_6E_2026-08-29_T+7_1787389679050_ciyu,BOM-BLR,EaseMyTrip,6E,6E-5388,2026-08-29,T+7,5669,1245,6914,2026-08-22T09:04:53.897Z,FALSE,"",22:20,TRUE
fare_BOM-BLR_6E_2026-08-29_T+7_1787389679050_1m5s,BOM-BLR,EaseMyTrip,6E,6E-5126,2026-08-29,T+7,5723,1256,6979,2026-08-22T09:04:53.897Z,FALSE,"",18:15,FALSE
fare_BOM-BLR_6E_2026-08-29_T+7_1787389679050_6o9h,BOM-BLR,EaseMyTrip,6E,6E-5109,2026-08-29,T+7,5723,1256,6979,2026-08-22T09:04:53.897Z,FALSE,"",09:35,FALSE
fare_BOM-BLR_AI_2026-08-29_T+7_1787389679050_aull,BOM-BLR,EaseMyTrip,AI,AI-2603,2026-08-29,T+7,5969,1310,7279,2026-08-22T09:04:53.897Z,FALSE,"",06:35,TRUE
fare_BOM-BLR_6E_2026-08-29_T+7_1787389679050_v9nj,BOM-BLR,EaseMyTrip,6E,6E-5047,2026-08-29,T+7,5928,1301,7229,2026-08-22T09:04:53.897Z,FALSE,"",18:30,TRUE
fare_BOM-BLR_6E_2026-08-29_T+7_1787389679050_1mjh,BOM-BLR,EaseMyTrip,6E,6E-5382,2026-08-29,T+7,5928,1301,7229,2026-08-22T09:04:53.897Z,FALSE,"",14:30,TRUE
fare_BOM-BLR_6E_2026-08-29_T+7_1787389679050_vqek,BOM-BLR,EaseMyTrip,6E,6E-5184,2026-08-29,T+7,5928,1301,7229,2026-08-22T09:04:53.897Z,FALSE,"",12:30,TRUE
fare_BOM-BLR_6E_2026-08-29_T+7_1787389679050_p5ef,BOM-BLR,EaseMyTrip,6E,6E-5221,2026-08-29,T+7,5928,1301,7229,2026-08-22T09:04:53.897Z,FALSE,"",17:00,TRUE
fare_BOM-BLR_6E_2026-08-29_T+7_1787389679050_aisw,BOM-BLR,EaseMyTrip,6E,6E-5092,2026-08-29,T+7,5928,1301,7229,2026-08-22T09:04:53.897Z,FALSE,"",10:00,TRUE
fare_BOM-BLR_6E_2026-08-29_T+7_1787389679050_hji8,BOM-BLR,EaseMyTrip,6E,6E-6057,2026-08-29,T+7,5996,1316,7312,2026-08-22T09:04:53.897Z,FALSE,"",09:15,FALSE
fare_BOM-BLR_QP_2026-08-29_T+7_1787389679050_yv0m,BOM-BLR,EaseMyTrip,QP,QP-1527,2026-08-29,T+7,6025,1322,7347,2026-08-22T09:04:53.897Z,FALSE,"",07:35,TRUE
fare_BOM-BLR_6E_2026-08-29_T+7_1787389679050_eiqi,BOM-BLR,EaseMyTrip,6E,6E-7037,2026-08-29,T+7,6052,1328,7380,2026-08-22T09:04:53.897Z,FALSE,"",11:05,FALSE
fare_BOM-BLR_6E_2026-08-29_T+7_1787389679050_98nm,BOM-BLR,EaseMyTrip,6E,6E-234,2026-08-29,T+7,6052,1328,7380,2026-08-22T09:04:53.897Z,FALSE,"",17:15,FALSE
fare_BOM-BLR_6E_2026-08-29_T+7_1787389679050_0wxq,BOM-BLR,EaseMyTrip,6E,6E-807,2026-08-29,T+7,6052,1328,7380,2026-08-22T09:04:53.897Z,FALSE,"",17:15,FALSE
fare_BOM-BLR_AI_2026-08-29_T+7_1787389679050_hyts,BOM-BLR,EaseMyTrip,AI,AI-2401,2026-08-29,T+7,6227,1367,7594,2026-08-22T09:04:53.897Z,FALSE,"",20:45,TRUE
fare_BOM-BLR_AI_2026-08-29_T+7_1787389679050_vrf3,BOM-BLR,EaseMyTrip,AI,AI-2632,2026-08-29,T+7,6227,1367,7594,2026-08-22T09:04:53.897Z,FALSE,"",12:00,TRUE
fare_BOM-BLR_6E_2026-08-29_T+7_1787389679050_ev3i,BOM-BLR,EaseMyTrip,6E,6E-5107,2026-08-29,T+7,6168,1354,7522,2026-08-22T09:04:53.897Z,FALSE,"",20:00,FALSE
fare_BOM-BLR_6E_2026-08-29_T+7_1787389679050_z38n,BOM-BLR,EaseMyTrip,6E,6E-2284,2026-08-29,T+7,6168,1354,7522,2026-08-22T09:04:53.897Z,FALSE,"",12:05,FALSE
fare_BOM-BLR_6E_2026-08-29_T+7_1787389679050_ck9d,BOM-BLR,EaseMyTrip,6E,6E-2237,2026-08-29,T+7,6168,1354,7522,2026-08-22T09:04:53.897Z,FALSE,"",18:40,FALSE
fare_BOM-BLR_AI_2026-08-29_T+7_1787389679050_uwkw,BOM-BLR,EaseMyTrip,AI,AI-2853,2026-08-29,T+7,6335,1390,7725,2026-08-22T09:04:53.897Z,FALSE,"",15:25,TRUE
fare_BOM-BLR_6E_2026-08-29_T+7_1787389679050_klxz,BOM-BLR,EaseMyTrip,6E,6E-5071,2026-08-29,T+7,6186,1358,7544,2026-08-22T09:04:53.897Z,FALSE,"",15:35,TRUE
fare_BOM-BLR_6E_2026-08-29_T+7_1787389679050_ckbu,BOM-BLR,EaseMyTrip,6E,6E-5217,2026-08-29,T+7,6186,1358,7544,2026-08-22T09:04:53.897Z,FALSE,"",11:00,TRUE
fare_BOM-BLR_AI_2026-08-29_T+7_1787389679050_tdo4,BOM-BLR,EaseMyTrip,AI,AI-2641,2026-08-29,T+7,6442,1414,7856,2026-08-22T09:04:53.897Z,FALSE,"",18:30,TRUE
fare_BOM-BLR_QP_2026-08-29_T+7_1787389679050_tw7g,BOM-BLR,EaseMyTrip,QP,QP-1382,2026-08-29,T+7,6280,1379,7659,2026-08-22T09:04:53.897Z,FALSE,"",18:25,TRUE
fare_BOM-BLR_6E_2026-08-29_T+7_1787389679050_nji7,BOM-BLR,EaseMyTrip,6E,6E-875,2026-08-29,T+7,6377,1400,7777,2026-08-22T09:04:53.897Z,FALSE,"",13:55,FALSE
fare_BOM-BLR_6E_2026-08-29_T+7_1787389679050_rgg6,BOM-BLR,EaseMyTrip,6E,6E-179,2026-08-29,T+7,6377,1400,7777,2026-08-22T09:04:53.897Z,FALSE,"",13:55,FALSE
fare_BOM-BLR_6E_2026-08-29_T+7_1787389679050_icog,BOM-BLR,EaseMyTrip,6E,6E-7015,2026-08-29,T+7,6518,1431,7949,2026-08-22T09:04:53.897Z,FALSE,"",10:20,FALSE
fare_BOM-BLR_AI_2026-08-29_T+7_1787389679050_c78l,BOM-BLR,EaseMyTrip,AI,AI-2863,2026-08-29,T+7,6711,1473,8184,2026-08-22T09:04:53.897Z,FALSE,"",10:00,TRUE
fare_BOM-BLR_AI_2026-08-29_T+7_1787389679050_2dqf,BOM-BLR,EaseMyTrip,AI,AI-2851,2026-08-29,T+7,6711,1473,8184,2026-08-22T09:04:53.897Z,FALSE,"",07:55,TRUE
fare_BOM-BLR_IX_2026-08-29_T+7_1787389679050_9uew,BOM-BLR,EaseMyTrip,IX,IX-1797,2026-08-29,T+7,7113,1561,8674,2026-08-22T09:04:53.897Z,FALSE,"",05:05,FALSE
fare_BOM-BLR_IX_2026-08-29_T+7_1787389679050_l97v,BOM-BLR,EaseMyTrip,IX,IX-1801,2026-08-29,T+7,7113,1561,8674,2026-08-22T09:04:53.897Z,FALSE,"",21:10,FALSE
fare_BOM-BLR_AI_2026-08-29_T+7_1787389679050_y135,BOM-BLR,EaseMyTrip,AI,AI-2849,2026-08-29,T+7,7428,1630,9058,2026-08-22T09:04:53.897Z,FALSE,"",17:30,TRUE
fare_BOM-BLR_IX_2026-08-29_T+7_1787389679050_5ajf,BOM-BLR,EaseMyTrip,IX,IX-2367,2026-08-29,T+7,7904,1735,9639,2026-08-22T09:04:53.897Z,FALSE,"",07:20,FALSE
fare_BOM-BLR_AI_2026-08-29_T+7_1787389679050_n978,BOM-BLR,EaseMyTrip,AI,AI-603,2026-08-29,T+7,7918,1738,9656,2026-08-22T09:04:53.897Z,FALSE,"",04:55,FALSE
fare_BOM-BLR_AI_2026-08-29_T+7_1787389679050_bjbr,BOM-BLR,EaseMyTrip,AI,AI-598,2026-08-29,T+7,8449,1855,10304,2026-08-22T09:04:53.897Z,FALSE,"",15:35,FALSE
fare_BOM-BLR_6E_2026-08-29_T+7_1787389679050_jyiu,BOM-BLR,EaseMyTrip,6E,6E-612,2026-08-29,T+7,8435,1851,10286,2026-08-22T09:04:53.897Z,FALSE,"",04:00,FALSE
fare_BOM-BLR_6E_2026-08-29_T+7_1787389679050_jh39,BOM-BLR,EaseMyTrip,6E,6E-525,2026-08-29,T+7,8435,1851,10286,2026-08-22T09:04:53.897Z,FALSE,"",04:00,FALSE
fare_BOM-BLR_AI_2026-08-29_T+7_1787389679050_0drs,BOM-BLR,EaseMyTrip,AI,AI-2625,2026-08-29,T+7,8636,1896,10532,2026-08-22T09:04:53.897Z,FALSE,"",06:00,FALSE
fare_BOM-BLR_AI_2026-08-29_T+7_1787389679050_idc2,BOM-BLR,EaseMyTrip,AI,AI-639,2026-08-29,T+7,8755,1922,10677,2026-08-22T09:04:53.897Z,FALSE,"",22:55,FALSE
fare_BOM-BLR_AI_2026-08-29_T+7_1787389679050_t4hz,BOM-BLR,EaseMyTrip,AI,AI-2718,2026-08-29,T+7,9094,1996,11090,2026-08-22T09:04:53.897Z,FALSE,"",05:55,FALSE
fare_BOM-BLR_AI_2026-08-29_T+7_1787389679050_3r3o,BOM-BLR,EaseMyTrip,AI,AI-2821,2026-08-29,T+7,9094,1996,11090,2026-08-22T09:04:53.897Z,FALSE,"",06:40,FALSE
fare_BOM-BLR_6E_2026-08-29_T+7_1787389679050_6tod,BOM-BLR,EaseMyTrip,6E,6E-5313,2026-08-29,T+7,9148,2008,11156,2026-08-22T09:04:53.897Z,FALSE,"",09:50,FALSE
fare_BOM-BLR_IX_2026-08-29_T+7_1787389679050_as0g,BOM-BLR,EaseMyTrip,IX,IX-1238,2026-08-29,T+7,9597,2107,11704,2026-08-22T09:04:53.897Z,FALSE,"",12:25,FALSE
fare_BOM-BLR_AI_2026-08-29_T+7_1787389679050_bpa6,BOM-BLR,EaseMyTrip,AI,AI-417,2026-08-29,T+7,9567,2100,11667,2026-08-22T09:04:53.897Z,FALSE,"",08:55,FALSE
fare_BOM-BLR_6E_2026-08-29_T+7_1787389679050_komh,BOM-BLR,EaseMyTrip,6E,6E-6362,2026-08-29,T+7,9564,2100,11664,2026-08-22T09:04:53.897Z,FALSE,"",05:45,FALSE
fare_BOM-BLR_6E_2026-08-29_T+7_1787389679050_lwar,BOM-BLR,EaseMyTrip,6E,6E-283,2026-08-29,T+7,9652,2119,11771,2026-08-22T09:04:53.897Z,FALSE,"",11:20,FALSE
fare_BOM-BLR_6E_2026-08-29_T+7_1787389679050_6ipz,BOM-BLR,EaseMyTrip,6E,6E-645,2026-08-29,T+7,9652,2119,11771,2026-08-22T09:04:53.897Z,FALSE,"",11:20,FALSE
fare_BOM-BLR_AI_2026-08-29_T+7_1787389679050_svip,BOM-BLR,EaseMyTrip,AI,AI-2780,2026-08-29,T+7,9852,2163,12015,2026-08-22T09:04:53.897Z,FALSE,"",12:45,FALSE
fare_BOM-BLR_6E_2026-08-29_T+7_1787389679050_l2l3,BOM-BLR,EaseMyTrip,6E,6E-5178,2026-08-29,T+7,9775,2146,11921,2026-08-22T09:04:53.897Z,FALSE,"",11:40,FALSE
fare_BOM-BLR_AI_2026-08-29_T+7_1787389679050_ngmq,BOM-BLR,EaseMyTrip,AI,AI-2841,2026-08-29,T+7,9997,2195,12192,2026-08-22T09:04:53.897Z,FALSE,"",11:20,FALSE
fare_BOM-BLR_6E_2026-08-29_T+7_1787389679050_2ljf,BOM-BLR,EaseMyTrip,6E,6E-5196,2026-08-29,T+7,9933,2180,12113,2026-08-22T09:04:53.897Z,FALSE,"",15:25,FALSE
fare_BOM-BLR_AI_2026-08-29_T+7_1787389679050_a6pr,BOM-BLR,EaseMyTrip,AI,AI-2531,2026-08-29,T+7,10236,2247,12483,2026-08-22T09:04:53.897Z,FALSE,"",15:05,FALSE
fare_BOM-BLR_AI_2026-08-29_T+7_1787389679050_0fu8,BOM-BLR,EaseMyTrip,AI,AI-435,2026-08-29,T+7,11185,2455,13640,2026-08-22T09:04:53.897Z,FALSE,"",18:10,FALSE
fare_BOM-BLR_AI_2026-08-29_T+7_1787389679050_s6in,BOM-BLR,EaseMyTrip,AI,AI-431,2026-08-29,T+7,11395,2501,13896,2026-08-22T09:04:53.897Z,FALSE,"",12:10,FALSE
fare_BOM-BLR_AI_2026-08-29_T+7_1787389679050_0a12,BOM-BLR,EaseMyTrip,AI,AI-2787,2026-08-29,T+7,11613,2549,14162,2026-08-22T09:04:53.897Z,FALSE,"",06:35,FALSE
fare_BOM-BLR_6E_2026-08-29_T+7_1787389679050_o673,BOM-BLR,EaseMyTrip,6E,6E-5181,2026-08-29,T+7,11851,2601,14452,2026-08-22T09:04:53.897Z,FALSE,"",10:25,FALSE
fare_BOM-BLR_IX_2026-08-29_T+7_1787389679050_u14y,BOM-BLR,EaseMyTrip,IX,IX-1870,2026-08-29,T+7,12366,2715,15081,2026-08-22T09:04:53.897Z,FALSE,"",15:30,FALSE
fare_BOM-BLR_AI_2026-08-29_T+7_1787389679050_7kmi,BOM-BLR,EaseMyTrip,AI,AI-2452,2026-08-29,T+7,13403,2942,16345,2026-08-22T09:04:53.897Z,FALSE,"",03:05,FALSE
fare_BOM-BLR_AI_2026-08-29_T+7_1787389679050_3s0k,BOM-BLR,EaseMyTrip,AI,AI-2928,2026-08-29,T+7,13801,3029,16830,2026-08-22T09:04:53.897Z,FALSE,"",06:30,FALSE
fare_BOM-BLR_AI_2026-08-29_T+7_1787389679050_eoqd,BOM-BLR,EaseMyTrip,AI,AI-2847,2026-08-29,T+7,14597,3204,17801,2026-08-22T09:04:53.897Z,FALSE,"",10:20,FALSE
fare_BOM-BLR_AI_2026-08-29_T+7_1787389679050_athb,BOM-BLR,EaseMyTrip,AI,AI-2771,2026-08-29,T+7,14942,3280,18222,2026-08-22T09:04:53.897Z,FALSE,"",06:55,FALSE
fare_BOM-BLR_AI_2026-08-29_T+7_1787389679050_vqz5,BOM-BLR,EaseMyTrip,AI,AI-816,2026-08-29,T+7,15233,3344,18577,2026-08-22T09:04:53.897Z,FALSE,"",21:00,FALSE
fare_BOM-BLR_AI_2026-08-29_T+7_1787389679050_whzf,BOM-BLR,EaseMyTrip,AI,AI-2988,2026-08-29,T+7,15233,3344,18577,2026-08-22T09:04:53.897Z,FALSE,"",20:30,FALSE
fare_BOM-BLR_AI_2026-08-29_T+7_1787389679050_2s5k,BOM-BLR,EaseMyTrip,AI,AI-2491,2026-08-29,T+7,15251,3348,18599,2026-08-22T09:04:53.897Z,FALSE,"",11:15,FALSE
fare_BOM-BLR_AI_2026-08-29_T+7_1787389679050_1c5e,BOM-BLR,EaseMyTrip,AI,AI-2970,2026-08-29,T+7,15359,3371,18730,2026-08-22T09:04:53.897Z,FALSE,"",08:30,FALSE
fare_BOM-BLR_AI_2026-08-29_T+7_1787389679050_ccuw,BOM-BLR,EaseMyTrip,AI,AI-1890,2026-08-29,T+7,15444,3390,18834,2026-08-22T09:04:53.897Z,FALSE,"",09:00,FALSE
fare_BOM-BLR_AI_2026-08-29_T+7_1787389679050_bij5,BOM-BLR,EaseMyTrip,AI,AI-2428,2026-08-29,T+7,15489,3400,18889,2026-08-22T09:04:53.897Z,FALSE,"",08:00,FALSE
fare_BOM-BLR_AI_2026-08-29_T+7_1787389679050_77u4,BOM-BLR,EaseMyTrip,AI,AI-2505,2026-08-29,T+7,15856,3480,19336,2026-08-22T09:04:53.897Z,FALSE,"",19:25,FALSE
fare_BOM-BLR_IX_2026-08-29_T+7_1787389679050_jjtu,BOM-BLR,EaseMyTrip,IX,IX-1283,2026-08-29,T+7,16250,3567,19817,2026-08-22T09:04:53.897Z,TRUE,"High outlier: ₹19817 > upper fence ₹19607 (Q3: ₹11738, IQR: ₹5246)",06:05,FALSE
fare_BOM-BLR_AI_2026-08-29_T+7_1787389679050_5r8b,BOM-BLR,EaseMyTrip,AI,AI-2442,2026-08-29,T+7,16303,3579,19882,2026-08-22T09:04:53.897Z,TRUE,"High outlier: ₹19882 > upper fence ₹19607 (Q3: ₹11738, IQR: ₹5246)",15:00,FALSE
fare_BOM-BLR_AI_2026-08-29_T+7_1787389679050_yk57,BOM-BLR,EaseMyTrip,AI,AI-1851,2026-08-29,T+7,16303,3579,19882,2026-08-22T09:04:53.897Z,TRUE,"High outlier: ₹19882 > upper fence ₹19607 (Q3: ₹11738, IQR: ₹5246)",15:30,FALSE
fare_BOM-BLR_6E_2026-08-29_T+7_1787389679050_l5xx,BOM-BLR,EaseMyTrip,6E,6E-2016,2026-08-29,T+7,16229,3563,19792,2026-08-22T09:04:53.897Z,TRUE,"High outlier: ₹19792 > upper fence ₹19607 (Q3: ₹11738, IQR: ₹5246)",13:35,FALSE
fare_BOM-BLR_AI_2026-08-29_T+7_1787389679050_qnd3,BOM-BLR,EaseMyTrip,AI,AI-2952,2026-08-29,T+7,16490,3620,20110,2026-08-22T09:04:53.897Z,TRUE,"High outlier: ₹20110 > upper fence ₹19607 (Q3: ₹11738, IQR: ₹5246)",11:25,FALSE
fare_BOM-BLR_AI_2026-08-29_T+7_1787389679050_8ii2,BOM-BLR,EaseMyTrip,AI,AI-2663,2026-08-29,T+7,17036,3739,20775,2026-08-22T09:04:53.897Z,TRUE,"High outlier: ₹20775 > upper fence ₹19607 (Q3: ₹11738, IQR: ₹5246)",10:25,FALSE
fare_BOM-DEL_SG_2026-08-23_T+1_1787389679051_2xm0,BOM-DEL,EaseMyTrip,SG,SG-213,2026-08-23,T+1,5188,1139,6327,2026-08-22T08:49:29.790Z,FALSE,"",01:50,TRUE
fare_BOM-DEL_SG_2026-08-23_T+1_1787389679051_3byb,BOM-DEL,EaseMyTrip,SG,SG-291,2026-08-23,T+1,5188,1139,6327,2026-08-22T08:49:29.790Z,FALSE,"",01:50,TRUE
fare_BOM-DEL_SG_2026-08-23_T+1_1787389679051_zvht,BOM-DEL,EaseMyTrip,SG,SG-368,2026-08-23,T+1,5188,1139,6327,2026-08-22T08:49:29.790Z,FALSE,"",23:55,TRUE
fare_BOM-DEL_SG_2026-08-23_T+1_1787389679051_wk3m,BOM-DEL,EaseMyTrip,SG,SG-315,2026-08-23,T+1,5188,1139,6327,2026-08-22T08:49:29.790Z,FALSE,"",23:55,TRUE
fare_BOM-DEL_SG_2026-08-23_T+1_1787389679051_gkkn,BOM-DEL,EaseMyTrip,SG,SG-9809,2026-08-23,T+1,5275,1158,6433,2026-08-22T08:49:29.790Z,FALSE,"",01:15,TRUE
fare_BOM-DEL_IX_2026-08-23_T+1_1787389679051_1dso,BOM-DEL,EaseMyTrip,IX,IX-1389,2026-08-23,T+1,5380,1181,6561,2026-08-22T08:49:29.790Z,FALSE,"",22:20,TRUE
fare_BOM-DEL_IX_2026-08-23_T+1_1787389679051_g2dx,BOM-DEL,EaseMyTrip,IX,IX-2153,2026-08-23,T+1,5380,1181,6561,2026-08-22T08:49:29.790Z,FALSE,"",21:15,TRUE
fare_BOM-DEL_6E_2026-08-23_T+1_1787389679051_32ba,BOM-DEL,EaseMyTrip,6E,6E-2090,2026-08-23,T+1,5380,1181,6561,2026-08-22T08:49:29.790Z,FALSE,"",06:25,TRUE
fare_BOM-DEL_QP_2026-08-23_T+1_1787389679051_hi8j,BOM-DEL,EaseMyTrip,QP,QP-1111,2026-08-23,T+1,5381,1181,6562,2026-08-22T08:49:29.790Z,FALSE,"",05:25,TRUE
fare_BOM-DEL_QP_2026-08-23_T+1_1787389679051_5dwe,BOM-DEL,EaseMyTrip,QP,QP-1127,2026-08-23,T+1,5381,1181,6562,2026-08-22T08:49:29.790Z,FALSE,"",12:55,TRUE
fare_BOM-DEL_QP_2026-08-23_T+1_1787389679051_sbjf,BOM-DEL,EaseMyTrip,QP,QP-1835,2026-08-23,T+1,5381,1181,6562,2026-08-22T08:49:29.790Z,FALSE,"",11:50,TRUE
fare_BOM-DEL_QP_2026-08-23_T+1_1787389679051_9ply,BOM-DEL,EaseMyTrip,QP,QP-1819,2026-08-23,T+1,5381,1181,6562,2026-08-22T08:49:29.790Z,FALSE,"",14:30,TRUE
fare_BOM-DEL_6E_2026-08-23_T+1_1787389679051_te9f,BOM-DEL,EaseMyTrip,6E,6E-139,2026-08-23,T+1,5381,1181,6562,2026-08-22T08:49:29.790Z,FALSE,"",08:00,TRUE
fare_BOM-DEL_6E_2026-08-23_T+1_1787389679051_hndf,BOM-DEL,EaseMyTrip,6E,6E-767,2026-08-23,T+1,5381,1181,6562,2026-08-22T08:49:29.790Z,FALSE,"",08:00,TRUE
fare_BOM-DEL_6E_2026-08-23_T+1_1787389679051_r7mm,BOM-DEL,EaseMyTrip,6E,6E-6827,2026-08-23,T+1,5381,1181,6562,2026-08-22T08:49:29.790Z,FALSE,"",11:30,TRUE
fare_BOM-DEL_6E_2026-08-23_T+1_1787389679051_8rae,BOM-DEL,EaseMyTrip,6E,6E-6028,2026-08-23,T+1,5381,1181,6562,2026-08-22T08:49:29.790Z,FALSE,"",12:15,TRUE
fare_BOM-DEL_6E_2026-08-23_T+1_1787389679051_5vpf,BOM-DEL,EaseMyTrip,6E,6E-114,2026-08-23,T+1,5381,1181,6562,2026-08-22T08:49:29.790Z,FALSE,"",13:00,TRUE
fare_BOM-DEL_6E_2026-08-23_T+1_1787389679051_h09i,BOM-DEL,EaseMyTrip,6E,6E-726,2026-08-23,T+1,5381,1181,6562,2026-08-22T08:49:29.790Z,FALSE,"",13:00,TRUE
fare_BOM-DEL_QP_2026-08-23_T+1_1787389679051_6ks8,BOM-DEL,EaseMyTrip,QP,QP-1941,2026-08-23,T+1,5423,1191,6614,2026-08-22T08:49:29.790Z,FALSE,"",18:05,TRUE
fare_BOM-DEL_QP_2026-08-23_T+1_1787389679051_akaw,BOM-DEL,EaseMyTrip,QP,QP-1939,2026-08-23,T+1,5423,1191,6614,2026-08-22T08:49:29.790Z,FALSE,"",10:10,TRUE
fare_BOM-DEL_6E_2026-08-23_T+1_1787389679051_kyq8,BOM-DEL,EaseMyTrip,6E,6E-5197,2026-08-23,T+1,5423,1191,6614,2026-08-22T08:49:29.790Z,FALSE,"",06:40,TRUE
fare_BOM-DEL_6E_2026-08-23_T+1_1787389679051_zpqt,BOM-DEL,EaseMyTrip,6E,6E-364,2026-08-23,T+1,5510,1210,6720,2026-08-22T08:49:29.790Z,FALSE,"",06:00,TRUE
fare_BOM-DEL_6E_2026-08-23_T+1_1787389679051_0bie,BOM-DEL,EaseMyTrip,6E,6E-165,2026-08-23,T+1,5510,1210,6720,2026-08-22T08:49:29.790Z,FALSE,"",06:00,TRUE
fare_BOM-DEL_6E_2026-08-23_T+1_1787389679051_4pqs,BOM-DEL,EaseMyTrip,6E,6E-732,2026-08-23,T+1,5510,1210,6720,2026-08-22T08:49:29.790Z,FALSE,"",23:45,TRUE
fare_BOM-DEL_6E_2026-08-23_T+1_1787389679051_zjul,BOM-DEL,EaseMyTrip,6E,6E-931,2026-08-23,T+1,5510,1210,6720,2026-08-22T08:49:29.790Z,FALSE,"",23:45,TRUE
fare_BOM-DEL_6E_2026-08-23_T+1_1787389679051_ocek,BOM-DEL,EaseMyTrip,6E,6E-175,2026-08-23,T+1,5510,1210,6720,2026-08-22T08:49:29.790Z,FALSE,"",22:15,TRUE
fare_BOM-DEL_6E_2026-08-23_T+1_1787389679051_qd0x,BOM-DEL,EaseMyTrip,6E,6E-204,2026-08-23,T+1,5510,1210,6720,2026-08-22T08:49:29.790Z,FALSE,"",22:15,TRUE
fare_BOM-DEL_6E_2026-08-23_T+1_1787389679051_udwj,BOM-DEL,EaseMyTrip,6E,6E-410,2026-08-23,T+1,5510,1210,6720,2026-08-22T08:49:29.790Z,FALSE,"",17:20,TRUE
fare_BOM-DEL_6E_2026-08-23_T+1_1787389679051_7vf5,BOM-DEL,EaseMyTrip,6E,6E-338,2026-08-23,T+1,5510,1210,6720,2026-08-22T08:49:29.790Z,FALSE,"",17:20,TRUE
fare_BOM-DEL_6E_2026-08-23_T+1_1787389679051_xr89,BOM-DEL,EaseMyTrip,6E,6E-6082,2026-08-23,T+1,5510,1210,6720,2026-08-22T08:49:29.790Z,FALSE,"",16:45,TRUE
fare_BOM-DEL_6E_2026-08-23_T+1_1787389679051_5ptg,BOM-DEL,EaseMyTrip,6E,6E-505,2026-08-23,T+1,5510,1210,6720,2026-08-22T08:49:29.790Z,FALSE,"",16:00,TRUE
fare_BOM-DEL_6E_2026-08-23_T+1_1787389679051_vxk5,BOM-DEL,EaseMyTrip,6E,6E-968,2026-08-23,T+1,5510,1210,6720,2026-08-22T08:49:29.790Z,FALSE,"",16:00,TRUE
fare_BOM-DEL_6E_2026-08-23_T+1_1787389679051_coml,BOM-DEL,EaseMyTrip,6E,6E-6704,2026-08-23,T+1,5510,1210,6720,2026-08-22T08:49:29.790Z,FALSE,"",14:00,TRUE
fare_BOM-DEL_6E_2026-08-23_T+1_1787389679051_e747,BOM-DEL,EaseMyTrip,6E,6E-392,2026-08-23,T+1,5510,1210,6720,2026-08-22T08:49:29.790Z,FALSE,"",09:00,TRUE
fare_BOM-DEL_6E_2026-08-23_T+1_1787389679051_ks1k,BOM-DEL,EaseMyTrip,6E,6E-255,2026-08-23,T+1,5510,1210,6720,2026-08-22T08:49:29.790Z,FALSE,"",09:00,TRUE
fare_BOM-DEL_6E_2026-08-23_T+1_1787389679051_wz6r,BOM-DEL,EaseMyTrip,6E,6E-707,2026-08-23,T+1,5510,1210,6720,2026-08-22T08:49:29.790Z,FALSE,"",10:35,TRUE
fare_BOM-DEL_6E_2026-08-23_T+1_1787389679051_x4x8,BOM-DEL,EaseMyTrip,6E,6E-890,2026-08-23,T+1,5510,1210,6720,2026-08-22T08:49:29.790Z,FALSE,"",10:35,TRUE
fare_BOM-DEL_6E_2026-08-23_T+1_1787389679051_zblj,BOM-DEL,EaseMyTrip,6E,6E-6052,2026-08-23,T+1,5510,1210,6720,2026-08-22T08:49:29.790Z,FALSE,"",10:00,TRUE
fare_BOM-DEL_QP_2026-08-23_T+1_1787389679051_jupv,BOM-DEL,EaseMyTrip,QP,QP-1109,2026-08-23,T+1,5578,1224,6802,2026-08-22T08:49:29.790Z,FALSE,"",07:00,TRUE
fare_BOM-DEL_QP_2026-08-23_T+1_1787389679051_09en,BOM-DEL,EaseMyTrip,QP,QP-1825,2026-08-23,T+1,5578,1224,6802,2026-08-22T08:49:29.790Z,FALSE,"",16:50,TRUE
fare_BOM-DEL_AI_2026-08-23_T+1_1787389679051_p0l2,BOM-DEL,EaseMyTrip,AI,AI-2928,2026-08-23,T+1,5766,1266,7032,2026-08-22T08:49:29.790Z,FALSE,"",06:30,TRUE
fare_BOM-DEL_AI_2026-08-23_T+1_1787389679051_b4uu,BOM-DEL,EaseMyTrip,AI,AI-2424,2026-08-23,T+1,5766,1266,7032,2026-08-22T08:49:29.790Z,FALSE,"",07:00,TRUE
fare_BOM-DEL_AI_2026-08-23_T+1_1787389679051_hp7e,BOM-DEL,EaseMyTrip,AI,AI-2930,2026-08-23,T+1,5766,1266,7032,2026-08-22T08:49:29.790Z,FALSE,"",07:30,TRUE
fare_BOM-DEL_AI_2026-08-23_T+1_1787389679051_hpv0,BOM-DEL,EaseMyTrip,AI,AI-816,2026-08-23,T+1,5766,1266,7032,2026-08-22T08:49:29.790Z,FALSE,"",21:00,TRUE
fare_BOM-DEL_AI_2026-08-23_T+1_1787389679051_ykv1,BOM-DEL,EaseMyTrip,AI,AI-2970,2026-08-23,T+1,5766,1266,7032,2026-08-22T08:49:29.790Z,FALSE,"",08:30,TRUE
fare_BOM-DEL_AI_2026-08-23_T+1_1787389679051_wjgl,BOM-DEL,EaseMyTrip,AI,AI-2422,2026-08-23,T+1,5766,1266,7032,2026-08-22T08:49:29.790Z,FALSE,"",22:00,TRUE
fare_BOM-DEL_AI_2026-08-23_T+1_1787389679051_sg0j,BOM-DEL,EaseMyTrip,AI,AI-2614,2026-08-23,T+1,5766,1266,7032,2026-08-22T08:49:29.790Z,FALSE,"",23:30,TRUE
fare_BOM-DEL_AI_2026-08-23_T+1_1787389679051_v2ch,BOM-DEL,EaseMyTrip,AI,AI-2952,2026-08-23,T+1,5766,1266,7032,2026-08-22T08:49:29.790Z,FALSE,"",11:25,TRUE
fare_BOM-DEL_AI_2026-08-23_T+1_1787389679051_vx9y,BOM-DEL,EaseMyTrip,AI,AI-2986,2026-08-23,T+1,5766,1266,7032,2026-08-22T08:49:29.790Z,FALSE,"",22:50,TRUE
fare_BOM-DEL_IX_2026-08-23_T+1_1787389679051_0urm,BOM-DEL,EaseMyTrip,IX,IX-2952,2026-08-23,T+1,5897,1294,7191,2026-08-22T08:49:29.790Z,FALSE,"",09:05,TRUE
fare_BOM-DEL_QP_2026-08-23_T+1_1787389679051_tx6j,BOM-DEL,EaseMyTrip,QP,QP-1834,2026-08-23,T+1,5679,1246,6925,2026-08-22T08:49:29.790Z,FALSE,"",10:00,TRUE
fare_BOM-DEL_QP_2026-08-23_T+1_1787389679051_t082,BOM-DEL,EaseMyTrip,QP,QP-1120,2026-08-23,T+1,5679,1246,6925,2026-08-22T08:49:29.790Z,FALSE,"",18:45,TRUE
fare_BOM-DEL_6E_2026-08-23_T+1_1787389679051_b7kf,BOM-DEL,EaseMyTrip,6E,6E-759,2026-08-23,T+1,5683,1247,6930,2026-08-22T08:49:29.790Z,FALSE,"",20:20,TRUE
fare_BOM-DEL_6E_2026-08-23_T+1_1787389679051_hd9g,BOM-DEL,EaseMyTrip,6E,6E-296,2026-08-23,T+1,5683,1247,6930,2026-08-22T08:49:29.790Z,FALSE,"",20:20,TRUE
fare_BOM-DEL_6E_2026-08-23_T+1_1787389679051_fnsn,BOM-DEL,EaseMyTrip,6E,6E-6049,2026-08-23,T+1,5683,1247,6930,2026-08-22T08:49:29.790Z,FALSE,"",19:45,TRUE
fare_BOM-DEL_6E_2026-08-23_T+1_1787389679051_rz7d,BOM-DEL,EaseMyTrip,6E,6E-256,2026-08-23,T+1,5683,1247,6930,2026-08-22T08:49:29.790Z,FALSE,"",19:00,TRUE
fare_BOM-DEL_6E_2026-08-23_T+1_1787389679051_awgf,BOM-DEL,EaseMyTrip,6E,6E-249,2026-08-23,T+1,5683,1247,6930,2026-08-22T08:49:29.790Z,FALSE,"",19:00,TRUE
fare_BOM-DEL_6E_2026-08-23_T+1_1787389679051_fmed,BOM-DEL,EaseMyTrip,6E,6E-6613,2026-08-23,T+1,5683,1247,6930,2026-08-22T08:49:29.790Z,FALSE,"",18:15,TRUE
fare_BOM-DEL_6E_2026-08-23_T+1_1787389679051_jx7d,BOM-DEL,EaseMyTrip,6E,6E-309,2026-08-23,T+1,5683,1247,6930,2026-08-22T08:49:29.790Z,FALSE,"",21:15,TRUE
fare_BOM-DEL_6E_2026-08-23_T+1_1787389679051_7c4s,BOM-DEL,EaseMyTrip,6E,6E-413,2026-08-23,T+1,5683,1247,6930,2026-08-22T08:49:29.790Z,FALSE,"",21:15,TRUE
fare_BOM-DEL_6E_2026-08-23_T+1_1787389679051_9iq6,BOM-DEL,EaseMyTrip,6E,6E-388,2026-08-23,T+1,5683,1247,6930,2026-08-22T08:49:29.790Z,FALSE,"",15:00,TRUE
fare_BOM-DEL_AI_2026-08-23_T+1_1787389679051_bxqd,BOM-DEL,EaseMyTrip,AI,AI-2748,2026-08-23,T+1,5897,1294,7191,2026-08-22T08:49:29.790Z,FALSE,"",21:30,TRUE
fare_BOM-DEL_AI_2026-08-23_T+1_1787389679051_ug5e,BOM-DEL,EaseMyTrip,AI,AI-2428,2026-08-23,T+1,5897,1294,7191,2026-08-22T08:49:29.790Z,FALSE,"",08:00,TRUE
fare_BOM-DEL_AI_2026-08-23_T+1_1787389679051_p44t,BOM-DEL,EaseMyTrip,AI,AI-1890,2026-08-23,T+1,5897,1294,7191,2026-08-22T08:49:29.790Z,FALSE,"",09:00,TRUE
fare_BOM-DEL_AI_2026-08-23_T+1_1787389679051_vn8c,BOM-DEL,EaseMyTrip,AI,AI-2910,2026-08-23,T+1,5897,1294,7191,2026-08-22T08:49:29.790Z,FALSE,"",17:30,TRUE
fare_BOM-DEL_AI_2026-08-23_T+1_1787389679051_f4xy,BOM-DEL,EaseMyTrip,AI,AI-1882,2026-08-23,T+1,5897,1294,7191,2026-08-22T08:49:29.790Z,FALSE,"",23:55,TRUE
fare_BOM-DEL_AI_2026-08-23_T+1_1787389679051_96qw,BOM-DEL,EaseMyTrip,AI,AI-1851,2026-08-23,T+1,5897,1294,7191,2026-08-22T08:49:29.790Z,FALSE,"",15:30,TRUE
fare_BOM-DEL_AI_2026-08-23_T+1_1787389679051_8kc9,BOM-DEL,EaseMyTrip,AI,AI-2687,2026-08-23,T+1,5897,1294,7191,2026-08-22T08:49:29.790Z,FALSE,"",16:30,TRUE
fare_BOM-DEL_6E_2026-08-23_T+1_1787389679051_a9s4,BOM-DEL,EaseMyTrip,6E,6E-2237,2026-08-23,T+1,5739,1260,6999,2026-08-22T08:49:29.790Z,FALSE,"",18:40,FALSE
fare_BOM-DEL_6E_2026-08-23_T+1_1787389679051_4fhs,BOM-DEL,EaseMyTrip,6E,6E-5059,2026-08-23,T+1,5739,1260,6999,2026-08-22T08:49:29.790Z,FALSE,"",05:45,FALSE
fare_BOM-DEL_6E_2026-08-23_T+1_1787389679051_92bn,BOM-DEL,EaseMyTrip,6E,6E-2347,2026-08-23,T+1,5739,1260,6999,2026-08-22T08:49:29.790Z,FALSE,"",08:50,FALSE
fare_BOM-DEL_6E_2026-08-23_T+1_1787389679051_j14s,BOM-DEL,EaseMyTrip,6E,6E-5164,2026-08-23,T+1,5847,1283,7130,2026-08-22T08:49:29.790Z,FALSE,"",20:35,FALSE
fare_BOM-DEL_6E_2026-08-23_T+1_1787389679051_f6ya,BOM-DEL,EaseMyTrip,6E,6E-5147,2026-08-23,T+1,5847,1283,7130,2026-08-22T08:49:29.790Z,FALSE,"",18:35,FALSE
fare_BOM-DEL_6E_2026-08-23_T+1_1787389679051_7y5z,BOM-DEL,EaseMyTrip,6E,6E-6122,2026-08-23,T+1,5847,1283,7130,2026-08-22T08:49:29.790Z,FALSE,"",15:45,FALSE
fare_BOM-DEL_6E_2026-08-23_T+1_1787389679051_qizc,BOM-DEL,EaseMyTrip,6E,6E-6058,2026-08-23,T+1,5847,1283,7130,2026-08-22T08:49:29.790Z,FALSE,"",08:05,FALSE
fare_BOM-DEL_6E_2026-08-23_T+1_1787389679051_1a9j,BOM-DEL,EaseMyTrip,6E,6E-6802,2026-08-23,T+1,5847,1283,7130,2026-08-22T08:49:29.790Z,FALSE,"",16:55,FALSE
fare_BOM-DEL_6E_2026-08-23_T+1_1787389679051_q87x,BOM-DEL,EaseMyTrip,6E,6E-5273,2026-08-23,T+1,5847,1283,7130,2026-08-22T08:49:29.790Z,FALSE,"",18:35,FALSE
fare_BOM-DEL_6E_2026-08-23_T+1_1787389679051_batz,BOM-DEL,EaseMyTrip,6E,6E-5345,2026-08-23,T+1,5847,1283,7130,2026-08-22T08:49:29.790Z,FALSE,"",14:25,FALSE
fare_BOM-DEL_AI_2026-08-23_T+1_1787389679051_tcc9,BOM-DEL,EaseMyTrip,AI,AI-2408,2026-08-23,T+1,6069,1332,7401,2026-08-22T08:49:29.790Z,FALSE,"",19:30,TRUE
fare_BOM-DEL_AI_2026-08-23_T+1_1787389679051_rs6y,BOM-DEL,EaseMyTrip,AI,AI-2419,2026-08-23,T+1,6069,1332,7401,2026-08-22T08:49:29.790Z,FALSE,"",12:00,TRUE
fare_BOM-DEL_AI_2026-08-23_T+1_1787389679051_r4v8,BOM-DEL,EaseMyTrip,AI,AI-2996,2026-08-23,T+1,6069,1332,7401,2026-08-22T08:49:29.790Z,FALSE,"",18:30,TRUE
fare_BOM-DEL_AI_2026-08-23_T+1_1787389679051_tk0k,BOM-DEL,EaseMyTrip,AI,AI-2426,2026-08-23,T+1,6069,1332,7401,2026-08-22T08:49:29.790Z,FALSE,"",19:00,TRUE
fare_BOM-DEL_AI_2026-08-23_T+1_1787389679051_tbd9,BOM-DEL,EaseMyTrip,AI,AI-2940,2026-08-23,T+1,6069,1332,7401,2026-08-22T08:49:29.790Z,FALSE,"",20:00,TRUE
fare_BOM-DEL_AI_2026-08-23_T+1_1787389679051_481y,BOM-DEL,EaseMyTrip,AI,AI-2988,2026-08-23,T+1,6069,1332,7401,2026-08-22T08:49:29.790Z,FALSE,"",20:30,TRUE
fare_BOM-DEL_6E_2026-08-23_T+1_1787389679051_kdn7,BOM-DEL,EaseMyTrip,6E,6E-2138,2026-08-23,T+1,5907,1297,7204,2026-08-22T08:49:29.790Z,FALSE,"",16:20,FALSE
fare_BOM-DEL_6E_2026-08-23_T+1_1787389679051_tg8y,BOM-DEL,EaseMyTrip,6E,6E-5028,2026-08-23,T+1,5911,1298,7209,2026-08-22T08:49:29.790Z,FALSE,"",19:35,FALSE
fare_BOM-DEL_6E_2026-08-23_T+1_1787389679051_603m,BOM-DEL,EaseMyTrip,6E,6E-130,2026-08-23,T+1,5911,1298,7209,2026-08-22T08:49:29.790Z,FALSE,"",19:20,FALSE
fare_BOM-DEL_6E_2026-08-23_T+1_1787389679051_50zw,BOM-DEL,EaseMyTrip,6E,6E-698,2026-08-23,T+1,5911,1298,7209,2026-08-22T08:49:29.790Z,FALSE,"",19:20,FALSE
fare_BOM-DEL_6E_2026-08-23_T+1_1787389679051_db9w,BOM-DEL,EaseMyTrip,6E,6E-829,2026-08-23,T+1,5911,1298,7209,2026-08-22T08:49:29.790Z,FALSE,"",04:45,FALSE
fare_BOM-DEL_6E_2026-08-23_T+1_1787389679051_hkcl,BOM-DEL,EaseMyTrip,6E,6E-514,2026-08-23,T+1,5911,1298,7209,2026-08-22T08:49:29.790Z,FALSE,"",04:45,FALSE
fare_BOM-DEL_6E_2026-08-23_T+1_1787389679051_r6vc,BOM-DEL,EaseMyTrip,6E,6E-6195,2026-08-23,T+1,6019,1321,7340,2026-08-22T08:49:29.790Z,FALSE,"",23:00,FALSE
fare_BOM-DEL_AI_2026-08-23_T+1_1787389679051_cja3,BOM-DEL,EaseMyTrip,AI,AI-2440,2026-08-23,T+1,6270,1376,7646,2026-08-22T08:49:29.790Z,FALSE,"",18:00,TRUE
fare_BOM-DEL_AI_2026-08-23_T+1_1787389679051_dswh,BOM-DEL,EaseMyTrip,AI,AI-2677,2026-08-23,T+1,6283,1379,7662,2026-08-22T08:49:29.790Z,FALSE,"",13:00,TRUE
fare_BOM-DEL_IX_2026-08-23_T+1_1787389679051_e3yp,BOM-DEL,EaseMyTrip,IX,IX-1050,2026-08-23,T+1,6413,1408,7821,2026-08-22T08:49:29.790Z,FALSE,"",14:45,TRUE
fare_BOM-DEL_6E_2026-08-23_T+1_1787389679051_327g,BOM-DEL,EaseMyTrip,6E,6E-5131,2026-08-23,T+1,6305,1384,7689,2026-08-22T08:49:29.790Z,FALSE,"",15:50,FALSE
fare_BOM-DEL_6E_2026-08-23_T+1_1787389679051_u9me,BOM-DEL,EaseMyTrip,6E,6E-7017,2026-08-23,T+1,6343,1392,7735,2026-08-22T08:49:29.790Z,FALSE,"",21:30,FALSE
fare_BOM-DEL_6E_2026-08-23_T+1_1787389679051_qmk9,BOM-DEL,EaseMyTrip,6E,6E-5144,2026-08-23,T+1,6700,1471,8171,2026-08-22T08:49:29.790Z,FALSE,"",05:55,FALSE
fare_BOM-DEL_6E_2026-08-23_T+1_1787389679051_ex0x,BOM-DEL,EaseMyTrip,6E,6E-488,2026-08-23,T+1,6700,1471,8171,2026-08-22T08:49:29.790Z,FALSE,"",14:40,FALSE
fare_BOM-DEL_6E_2026-08-23_T+1_1787389679051_ghmf,BOM-DEL,EaseMyTrip,6E,6E-385,2026-08-23,T+1,6700,1471,8171,2026-08-22T08:49:29.790Z,FALSE,"",14:40,FALSE
fare_BOM-DEL_6E_2026-08-23_T+1_1787389679051_u3zu,BOM-DEL,EaseMyTrip,6E,6E-5246,2026-08-23,T+1,6980,1532,8512,2026-08-22T08:49:29.790Z,FALSE,"",07:15,FALSE
fare_BOM-DEL_6E_2026-08-23_T+1_1787389679051_9dln,BOM-DEL,EaseMyTrip,6E,6E-5107,2026-08-23,T+1,7254,1592,8846,2026-08-22T08:49:29.790Z,FALSE,"",20:00,FALSE
fare_BOM-DEL_6E_2026-08-23_T+1_1787389679051_gkl1,BOM-DEL,EaseMyTrip,6E,6E-153,2026-08-23,T+1,7791,1710,9501,2026-08-22T08:49:29.790Z,FALSE,"",17:20,TRUE
fare_BOM-DEL_6E_2026-08-23_T+1_1787389679051_z2re,BOM-DEL,EaseMyTrip,6E,6E-323,2026-08-23,T+1,7791,1710,9501,2026-08-22T08:49:29.790Z,FALSE,"",17:20,TRUE
fare_BOM-DEL_6E_2026-08-23_T+1_1787389679051_kfnp,BOM-DEL,EaseMyTrip,6E,6E-6361,2026-08-23,T+1,8206,1801,10007,2026-08-22T08:49:29.790Z,FALSE,"",05:00,FALSE
fare_BOM-DEL_6E_2026-08-23_T+1_1787389679051_9c2g,BOM-DEL,EaseMyTrip,6E,6E-824,2026-08-23,T+1,8400,1844,10244,2026-08-22T08:49:29.790Z,FALSE,"",12:40,FALSE
fare_BOM-DEL_6E_2026-08-23_T+1_1787389679051_qwmz,BOM-DEL,EaseMyTrip,6E,6E-242,2026-08-23,T+1,8400,1844,10244,2026-08-22T08:49:29.790Z,FALSE,"",12:40,FALSE
fare_BOM-DEL_6E_2026-08-23_T+1_1787389679051_cvud,BOM-DEL,EaseMyTrip,6E,6E-451,2026-08-23,T+1,8471,1859,10330,2026-08-22T08:49:29.790Z,FALSE,"",01:30,FALSE
fare_BOM-DEL_6E_2026-08-23_T+1_1787389679051_ksgu,BOM-DEL,EaseMyTrip,6E,6E-454,2026-08-23,T+1,8471,1859,10330,2026-08-22T08:49:29.790Z,FALSE,"",01:30,FALSE
fare_BOM-DEL_AI_2026-08-23_T+1_1787389679051_a9ek,BOM-DEL,EaseMyTrip,AI,AI-2591,2026-08-23,T+1,8745,1920,10665,2026-08-22T08:49:29.790Z,FALSE,"",07:25,TRUE
fare_BOM-DEL_6E_2026-08-23_T+1_1787389679051_awns,BOM-DEL,EaseMyTrip,6E,6E-6599,2026-08-23,T+1,8638,1896,10534,2026-08-22T08:49:29.790Z,FALSE,"",16:50,FALSE
fare_BOM-DEL_AI_2026-08-23_T+1_1787389679051_o4lb,BOM-DEL,EaseMyTrip,AI,AI-2442,2026-08-23,T+1,9348,2052,11400,2026-08-22T08:49:29.790Z,FALSE,"",15:00,TRUE
fare_BOM-DEL_6E_2026-08-23_T+1_1787389679051_rnov,BOM-DEL,EaseMyTrip,6E,6E-5135,2026-08-23,T+1,9415,2067,11482,2026-08-22T08:49:29.790Z,FALSE,"",23:20,FALSE
fare_BOM-DEL_AI_2026-08-23_T+1_1787389679051_x2d5,BOM-DEL,EaseMyTrip,AI,AI-2491,2026-08-23,T+1,9605,2109,11714,2026-08-22T08:49:29.790Z,FALSE,"",11:15,FALSE
fare_BOM-DEL_AI_2026-08-23_T+1_1787389679051_5lhs,BOM-DEL,EaseMyTrip,AI,AI-9753,2026-08-23,T+1,10136,2225,12361,2026-08-22T08:49:29.790Z,FALSE,"",17:05,FALSE
fare_BOM-DEL_IX_2026-08-23_T+1_1787389679051_0l7x,BOM-DEL,EaseMyTrip,IX,IX-1798,2026-08-23,T+1,10616,2330,12946,2026-08-22T08:49:29.790Z,FALSE,"",11:20,FALSE
fare_BOM-DEL_6E_2026-08-23_T+1_1787389679051_l024,BOM-DEL,EaseMyTrip,6E,6E-5056,2026-08-23,T+1,10913,2396,13309,2026-08-22T08:49:29.790Z,FALSE,"",21:10,FALSE
fare_BOM-DEL_6E_2026-08-23_T+1_1787389679051_snrx,BOM-DEL,EaseMyTrip,6E,6E-5154,2026-08-23,T+1,11070,2430,13500,2026-08-22T08:49:29.790Z,FALSE,"",15:45,FALSE
fare_BOM-DEL_6E_2026-08-23_T+1_1787389679051_mwbm,BOM-DEL,EaseMyTrip,6E,6E-614,2026-08-23,T+1,11242,2468,13710,2026-08-22T08:49:29.790Z,FALSE,"",17:45,FALSE
fare_BOM-DEL_6E_2026-08-23_T+1_1787389679051_wfa2,BOM-DEL,EaseMyTrip,6E,6E-763,2026-08-23,T+1,11242,2468,13710,2026-08-22T08:49:29.790Z,FALSE,"",17:45,FALSE
fare_BOM-DEL_AI_2026-08-23_T+1_1787389679051_m92u,BOM-DEL,EaseMyTrip,AI,AI-9518,2026-08-23,T+1,12253,2690,14943,2026-08-22T08:49:29.790Z,FALSE,"",16:15,FALSE
fare_BOM-DEL_AI_2026-08-23_T+1_1787389679051_8o9y,BOM-DEL,EaseMyTrip,AI,AI-603,2026-08-23,T+1,12922,2836,15758,2026-08-22T08:49:29.790Z,FALSE,"",05:10,FALSE
fare_BOM-DEL_AI_2026-08-23_T+1_1787389679051_urqx,BOM-DEL,EaseMyTrip,AI,AI-9558,2026-08-23,T+1,12926,2838,15764,2026-08-22T08:49:29.790Z,FALSE,"",08:30,FALSE
fare_BOM-DEL_IX_2026-08-23_T+1_1787389679051_g4y9,BOM-DEL,EaseMyTrip,IX,IX-2367,2026-08-23,T+1,13303,2920,16223,2026-08-22T08:49:29.790Z,TRUE,"High outlier: ₹16223 > upper fence ₹15873 (Q3: ₹10381, IQR: ₹3661)",07:20,FALSE
fare_BOM-DEL_6E_2026-08-23_T+1_1787389679051_g96y,BOM-DEL,EaseMyTrip,6E,6E-6027,2026-08-23,T+1,13120,2880,16000,2026-08-22T08:49:29.790Z,TRUE,"High outlier: ₹16000 > upper fence ₹15873 (Q3: ₹10381, IQR: ₹3661)",17:35,FALSE
fare_BOM-DEL_6E_2026-08-23_T+1_1787389679051_69pp,BOM-DEL,EaseMyTrip,6E,6E-5326,2026-08-23,T+1,13150,2887,16037,2026-08-22T08:49:29.790Z,TRUE,"High outlier: ₹16037 > upper fence ₹15873 (Q3: ₹10381, IQR: ₹3661)",19:40,FALSE
fare_BOM-DEL_AI_2026-08-23_T+1_1787389679051_s4q4,BOM-DEL,EaseMyTrip,AI,AI-9891,2026-08-23,T+1,13500,2964,16464,2026-08-22T08:49:29.790Z,TRUE,"High outlier: ₹16464 > upper fence ₹15873 (Q3: ₹10381, IQR: ₹3661)",11:20,FALSE
fare_BOM-DEL_6E_2026-08-23_T+1_1787389679051_vt9f,BOM-DEL,EaseMyTrip,6E,6E-5318,2026-08-23,T+1,13494,2962,16456,2026-08-22T08:49:29.790Z,TRUE,"High outlier: ₹16456 > upper fence ₹15873 (Q3: ₹10381, IQR: ₹3661)",10:15,FALSE
fare_BOM-DEL_AI_2026-08-23_T+1_1787389679051_9e5l,BOM-DEL,EaseMyTrip,AI,AI-2997,2026-08-23,T+1,13842,3038,16880,2026-08-22T08:49:29.790Z,TRUE,"High outlier: ₹16880 > upper fence ₹15873 (Q3: ₹10381, IQR: ₹3661)",10:10,FALSE
fare_BOM-DEL_6E_2026-08-23_T+1_1787389679051_9sgy,BOM-DEL,EaseMyTrip,6E,6E-5178,2026-08-23,T+1,13726,3013,16739,2026-08-22T08:49:29.790Z,TRUE,"High outlier: ₹16739 > upper fence ₹15873 (Q3: ₹10381, IQR: ₹3661)",11:45,FALSE
fare_BOM-DEL_AI_2026-08-23_T+1_1787389679051_8xn4,BOM-DEL,EaseMyTrip,AI,AI-2741,2026-08-23,T+1,13953,3063,17016,2026-08-22T08:49:29.790Z,TRUE,"High outlier: ₹17016 > upper fence ₹15873 (Q3: ₹10381, IQR: ₹3661)",07:40,FALSE
fare_BOM-DEL_AI_2026-08-23_T+1_1787389679051_sr7c,BOM-DEL,EaseMyTrip,AI,AI-431,2026-08-23,T+1,13953,3063,17016,2026-08-22T08:49:29.790Z,TRUE,"High outlier: ₹17016 > upper fence ₹15873 (Q3: ₹10381, IQR: ₹3661)",12:10,FALSE
fare_BOM-DEL_AI_2026-08-23_T+1_1787389679051_h4ny,BOM-DEL,EaseMyTrip,AI,AI-2749,2026-08-23,T+1,14173,3111,17284,2026-08-22T08:49:29.790Z,TRUE,"High outlier: ₹17284 > upper fence ₹15873 (Q3: ₹10381, IQR: ₹3661)",17:35,FALSE
fare_BOM-DEL_6E_2026-08-23_T+1_1787389679051_rf1p,BOM-DEL,EaseMyTrip,6E,6E-5386,2026-08-23,T+1,14355,3151,17506,2026-08-22T08:49:29.790Z,TRUE,"High outlier: ₹17506 > upper fence ₹15873 (Q3: ₹10381, IQR: ₹3661)",15:10,FALSE
fare_BOM-DEL_6E_2026-08-23_T+1_1787389679051_4ioo,BOM-DEL,EaseMyTrip,6E,6E-2024,2026-08-23,T+1,14472,3177,17649,2026-08-22T08:49:29.790Z,TRUE,"High outlier: ₹17649 > upper fence ₹15873 (Q3: ₹10381, IQR: ₹3661)",09:15,FALSE
fare_BOM-DEL_AI_2026-08-23_T+1_1787389679051_mrds,BOM-DEL,EaseMyTrip,AI,AI-2625,2026-08-23,T+1,14981,3289,18270,2026-08-22T08:49:29.790Z,TRUE,"High outlier: ₹18270 > upper fence ₹15873 (Q3: ₹10381, IQR: ₹3661)",06:00,FALSE
fare_BOM-DEL_6E_2026-08-23_T+1_1787389679051_2byh,BOM-DEL,EaseMyTrip,6E,6E-5238,2026-08-23,T+1,14926,3276,18202,2026-08-22T08:49:29.790Z,TRUE,"High outlier: ₹18202 > upper fence ₹15873 (Q3: ₹10381, IQR: ₹3661)",18:25,FALSE
fare_BOM-DEL_AI_2026-08-23_T+1_1787389679051_t1a2,BOM-DEL,EaseMyTrip,AI,AI-2531,2026-08-23,T+1,15132,3322,18454,2026-08-22T08:49:29.790Z,TRUE,"High outlier: ₹18454 > upper fence ₹15873 (Q3: ₹10381, IQR: ₹3661)",15:05,FALSE
fare_BOM-DEL_AI_2026-08-23_T+1_1787389679051_0nt4,BOM-DEL,EaseMyTrip,AI,AI-9533,2026-08-23,T+1,15714,3450,19164,2026-08-22T08:49:29.790Z,TRUE,"High outlier: ₹19164 > upper fence ₹15873 (Q3: ₹10381, IQR: ₹3661)",16:30,FALSE
fare_BOM-DEL_IX_2026-08-23_T+1_1787389679051_4x5s,BOM-DEL,EaseMyTrip,IX,IX-1237,2026-08-23,T+1,15920,3495,19415,2026-08-22T08:49:29.790Z,TRUE,"High outlier: ₹19415 > upper fence ₹15873 (Q3: ₹10381, IQR: ₹3661)",05:55,FALSE
fare_BOM-DEL_6E_2026-08-23_T+1_1787389679051_inwl,BOM-DEL,EaseMyTrip,6E,6E-5181,2026-08-23,T+1,16053,3524,19577,2026-08-22T08:49:29.790Z,TRUE,"High outlier: ₹19577 > upper fence ₹15873 (Q3: ₹10381, IQR: ₹3661)",10:25,FALSE
fare_BOM-DEL_IX_2026-08-23_T+1_1787389679051_jjrl,BOM-DEL,EaseMyTrip,IX,IX-1238,2026-08-23,T+1,16823,3693,20516,2026-08-22T08:49:29.790Z,TRUE,"High outlier: ₹20516 > upper fence ₹15873 (Q3: ₹10381, IQR: ₹3661)",12:25,FALSE
fare_BOM-DEL_AI_2026-08-23_T+1_1787389679051_bjhg,BOM-DEL,EaseMyTrip,AI,AI-2632,2026-08-23,T+1,16767,3681,20448,2026-08-22T08:49:29.790Z,TRUE,"High outlier: ₹20448 > upper fence ₹15873 (Q3: ₹10381, IQR: ₹3661)",12:00,FALSE
fare_BOM-DEL_AI_2026-08-23_T+1_1787389679051_kffs,BOM-DEL,EaseMyTrip,AI,AI-2847,2026-08-23,T+1,16828,3694,20522,2026-08-22T08:49:29.790Z,TRUE,"High outlier: ₹20522 > upper fence ₹15873 (Q3: ₹10381, IQR: ₹3661)",10:20,FALSE
fare_BOM-DEL_6E_2026-08-23_T+1_1787389679051_a5y8,BOM-DEL,EaseMyTrip,6E,6E-5281,2026-08-23,T+1,16898,3709,20607,2026-08-22T08:49:29.790Z,TRUE,"High outlier: ₹20607 > upper fence ₹15873 (Q3: ₹10381, IQR: ₹3661)",08:40,FALSE
fare_BOM-DEL_6E_2026-08-23_T+1_1787389679051_lb2h,BOM-DEL,EaseMyTrip,6E,6E-5201,2026-08-23,T+1,16907,3711,20618,2026-08-22T08:49:29.790Z,TRUE,"High outlier: ₹20618 > upper fence ₹15873 (Q3: ₹10381, IQR: ₹3661)",14:55,FALSE
fare_BOM-DEL_IX_2026-08-23_T+1_1787389679051_he1l,BOM-DEL,EaseMyTrip,IX,IX-1283,2026-08-23,T+1,17196,3775,20971,2026-08-22T08:49:29.790Z,TRUE,"High outlier: ₹20971 > upper fence ₹15873 (Q3: ₹10381, IQR: ₹3661)",06:05,FALSE
fare_BOM-DEL_AI_2026-08-23_T+1_1787389679051_29dk,BOM-DEL,EaseMyTrip,AI,AI-2841,2026-08-23,T+1,17404,3820,21224,2026-08-22T08:49:29.790Z,TRUE,"High outlier: ₹21224 > upper fence ₹15873 (Q3: ₹10381, IQR: ₹3661)",11:20,FALSE
fare_BOM-DEL_AI_2026-08-23_T+1_1787389679051_ivhs,BOM-DEL,EaseMyTrip,AI,AI-9531,2026-08-23,T+1,17628,3869,21497,2026-08-22T08:49:29.790Z,TRUE,"High outlier: ₹21497 > upper fence ₹15873 (Q3: ₹10381, IQR: ₹3661)",12:25,FALSE
fare_BOM-DEL_AI_2026-08-23_T+1_1787389679051_c6ts,BOM-DEL,EaseMyTrip,AI,AI-2593,2026-08-23,T+1,17800,3907,21707,2026-08-22T08:49:29.790Z,TRUE,"High outlier: ₹21707 > upper fence ₹15873 (Q3: ₹10381, IQR: ₹3661)",12:30,FALSE
fare_BOM-DEL_AI_2026-08-23_T+1_1787389679051_ug0u,BOM-DEL,EaseMyTrip,AI,AI-2718,2026-08-23,T+1,18311,4020,22331,2026-08-22T08:49:29.790Z,TRUE,"High outlier: ₹22331 > upper fence ₹15873 (Q3: ₹10381, IQR: ₹3661)",05:55,FALSE
fare_BOM-DEL_AI_2026-08-23_T+1_1787389679051_7mrg,BOM-DEL,EaseMyTrip,AI,AI-2771,2026-08-23,T+1,18903,4150,23053,2026-08-22T08:49:29.790Z,TRUE,"High outlier: ₹23053 > upper fence ₹15873 (Q3: ₹10381, IQR: ₹3661)",06:55,FALSE
fare_BOM-DEL_6E_2026-08-23_T+1_1787389679051_nfk4,BOM-DEL,EaseMyTrip,6E,6E-6543,2026-08-23,T+1,20139,4421,24560,2026-08-22T08:49:29.790Z,TRUE,"High outlier: ₹24560 > upper fence ₹15873 (Q3: ₹10381, IQR: ₹3661)",07:50,FALSE
fare_BOM-DEL_IX_2026-08-23_T+1_1787389679051_envo,BOM-DEL,EaseMyTrip,IX,IX-1640,2026-08-23,T+1,21916,4811,26727,2026-08-22T08:49:29.790Z,TRUE,"High outlier: ₹26727 > upper fence ₹15873 (Q3: ₹10381, IQR: ₹3661)",20:55,FALSE
fare_BOM-DEL_AI_2026-08-23_T+1_1787389679051_297p,BOM-DEL,EaseMyTrip,AI,AI-645,2026-08-23,T+1,23658,5193,28851,2026-08-22T08:49:29.790Z,TRUE,"High outlier: ₹28851 > upper fence ₹15873 (Q3: ₹10381, IQR: ₹3661)",10:55,FALSE
fare_BOM-DEL_IX_2026-08-23_T+1_1787389679051_tkjq,BOM-DEL,EaseMyTrip,IX,IX-2915,2026-08-23,T+1,24379,5351,29730,2026-08-22T08:49:29.790Z,TRUE,"High outlier: ₹29730 > upper fence ₹15873 (Q3: ₹10381, IQR: ₹3661)",11:50,FALSE
fare_BOM-DEL_SG_2026-08-23_T+1_1787389679052_mtf7,BOM-DEL,EaseMyTrip,SG,SG-537,2026-08-23,T+1,5188,1139,6327,2026-08-22T09:04:11.950Z,FALSE,"",23:55,TRUE
fare_BOM-DEL_SG_2026-08-23_T+1_1787389679052_s3u0,BOM-DEL,EaseMyTrip,SG,SG-413,2026-08-23,T+1,5188,1139,6327,2026-08-22T09:04:11.950Z,FALSE,"",23:55,TRUE
fare_BOM-DEL_6E_2026-08-23_T+1_1787389679052_4jwo,BOM-DEL,EaseMyTrip,6E,6E-885,2026-08-23,T+1,5381,1181,6562,2026-08-22T09:04:11.950Z,FALSE,"",06:00,TRUE
fare_BOM-DEL_6E_2026-08-23_T+1_1787389679052_hip9,BOM-DEL,EaseMyTrip,6E,6E-959,2026-08-23,T+1,5381,1181,6562,2026-08-22T09:04:11.950Z,FALSE,"",06:00,TRUE
fare_BOM-DEL_6E_2026-08-23_T+1_1787389679052_ivyz,BOM-DEL,EaseMyTrip,6E,6E-856,2026-08-23,T+1,5381,1181,6562,2026-08-22T09:04:11.950Z,FALSE,"",08:00,TRUE
fare_BOM-DEL_6E_2026-08-23_T+1_1787389679052_0lrx,BOM-DEL,EaseMyTrip,6E,6E-963,2026-08-23,T+1,5381,1181,6562,2026-08-22T09:04:11.950Z,FALSE,"",08:00,TRUE
fare_BOM-DEL_6E_2026-08-23_T+1_1787389679052_g0cb,BOM-DEL,EaseMyTrip,6E,6E-264,2026-08-23,T+1,5381,1181,6562,2026-08-22T09:04:11.950Z,FALSE,"",13:00,TRUE
fare_BOM-DEL_6E_2026-08-23_T+1_1787389679052_25yk,BOM-DEL,EaseMyTrip,6E,6E-714,2026-08-23,T+1,5381,1181,6562,2026-08-22T09:04:11.950Z,FALSE,"",13:00,TRUE
fare_BOM-DEL_6E_2026-08-23_T+1_1787389679052_zz92,BOM-DEL,EaseMyTrip,6E,6E-658,2026-08-23,T+1,5510,1210,6720,2026-08-22T09:04:11.950Z,FALSE,"",23:45,TRUE
fare_BOM-DEL_6E_2026-08-23_T+1_1787389679052_r5hc,BOM-DEL,EaseMyTrip,6E,6E-942,2026-08-23,T+1,5510,1210,6720,2026-08-22T09:04:11.950Z,FALSE,"",23:45,TRUE
fare_BOM-DEL_6E_2026-08-23_T+1_1787389679052_tjc8,BOM-DEL,EaseMyTrip,6E,6E-281,2026-08-23,T+1,5510,1210,6720,2026-08-22T09:04:11.950Z,FALSE,"",22:15,TRUE
fare_BOM-DEL_6E_2026-08-23_T+1_1787389679052_g5nk,BOM-DEL,EaseMyTrip,6E,6E-710,2026-08-23,T+1,5510,1210,6720,2026-08-22T09:04:11.950Z,FALSE,"",17:20,TRUE
fare_BOM-DEL_6E_2026-08-23_T+1_1787389679052_qzf2,BOM-DEL,EaseMyTrip,6E,6E-209,2026-08-23,T+1,5510,1210,6720,2026-08-22T09:04:11.950Z,FALSE,"",17:20,TRUE
fare_BOM-DEL_6E_2026-08-23_T+1_1787389679052_2ci1,BOM-DEL,EaseMyTrip,6E,6E-369,2026-08-23,T+1,5510,1210,6720,2026-08-22T09:04:11.950Z,FALSE,"",16:00,TRUE
fare_BOM-DEL_6E_2026-08-23_T+1_1787389679052_modk,BOM-DEL,EaseMyTrip,6E,6E-758,2026-08-23,T+1,5510,1210,6720,2026-08-22T09:04:11.950Z,FALSE,"",16:00,TRUE
fare_BOM-DEL_6E_2026-08-23_T+1_1787389679052_nu4o,BOM-DEL,EaseMyTrip,6E,6E-292,2026-08-23,T+1,5510,1210,6720,2026-08-22T09:04:11.950Z,FALSE,"",09:00,TRUE
fare_BOM-DEL_6E_2026-08-23_T+1_1787389679052_4fs3,BOM-DEL,EaseMyTrip,6E,6E-259,2026-08-23,T+1,5510,1210,6720,2026-08-22T09:04:11.950Z,FALSE,"",09:00,TRUE
fare_BOM-DEL_6E_2026-08-23_T+1_1787389679052_zbq7,BOM-DEL,EaseMyTrip,6E,6E-898,2026-08-23,T+1,5510,1210,6720,2026-08-22T09:04:11.950Z,FALSE,"",10:35,TRUE
fare_BOM-DEL_6E_2026-08-23_T+1_1787389679052_tbtb,BOM-DEL,EaseMyTrip,6E,6E-217,2026-08-23,T+1,5510,1210,6720,2026-08-22T09:04:11.950Z,FALSE,"",10:35,TRUE
fare_BOM-DEL_6E_2026-08-23_T+1_1787389679052_pse6,BOM-DEL,EaseMyTrip,6E,6E-800,2026-08-23,T+1,5683,1247,6930,2026-08-22T09:04:11.950Z,FALSE,"",20:20,TRUE
fare_BOM-DEL_6E_2026-08-23_T+1_1787389679052_1267,BOM-DEL,EaseMyTrip,6E,6E-294,2026-08-23,T+1,5683,1247,6930,2026-08-22T09:04:11.950Z,FALSE,"",20:20,TRUE
fare_BOM-DEL_6E_2026-08-23_T+1_1787389679052_6373,BOM-DEL,EaseMyTrip,6E,6E-966,2026-08-23,T+1,5683,1247,6930,2026-08-22T09:04:11.950Z,FALSE,"",19:00,TRUE
fare_BOM-DEL_6E_2026-08-23_T+1_1787389679052_yaxp,BOM-DEL,EaseMyTrip,6E,6E-875,2026-08-23,T+1,5683,1247,6930,2026-08-22T09:04:11.950Z,FALSE,"",19:00,TRUE
fare_BOM-DEL_6E_2026-08-23_T+1_1787389679052_1zvc,BOM-DEL,EaseMyTrip,6E,6E-735,2026-08-23,T+1,5683,1247,6930,2026-08-22T09:04:11.950Z,FALSE,"",21:15,TRUE
fare_BOM-DEL_6E_2026-08-23_T+1_1787389679052_hb6e,BOM-DEL,EaseMyTrip,6E,6E-391,2026-08-23,T+1,5683,1247,6930,2026-08-22T09:04:11.950Z,FALSE,"",21:15,TRUE
fare_BOM-DEL_6E_2026-08-23_T+1_1787389679052_dxsz,BOM-DEL,EaseMyTrip,6E,6E-266,2026-08-23,T+1,5683,1247,6930,2026-08-22T09:04:11.950Z,FALSE,"",15:00,TRUE
fare_BOM-DEL_6E_2026-08-23_T+1_1787389679052_9mv7,BOM-DEL,EaseMyTrip,6E,6E-701,2026-08-23,T+1,5683,1247,6930,2026-08-22T09:04:11.950Z,FALSE,"",15:00,TRUE
fare_BOM-DEL_6E_2026-08-23_T+1_1787389679052_0dnb,BOM-DEL,EaseMyTrip,6E,6E-737,2026-08-23,T+1,5911,1298,7209,2026-08-22T09:04:11.950Z,FALSE,"",19:20,FALSE
fare_BOM-DEL_6E_2026-08-23_T+1_1787389679052_uwdc,BOM-DEL,EaseMyTrip,6E,6E-269,2026-08-23,T+1,5911,1298,7209,2026-08-22T09:04:11.950Z,FALSE,"",19:20,FALSE
fare_BOM-DEL_6E_2026-08-23_T+1_1787389679052_oirb,BOM-DEL,EaseMyTrip,6E,6E-443,2026-08-23,T+1,5911,1298,7209,2026-08-22T09:04:11.950Z,FALSE,"",04:45,FALSE
fare_BOM-DEL_6E_2026-08-23_T+1_1787389679052_ig1h,BOM-DEL,EaseMyTrip,6E,6E-851,2026-08-23,T+1,5911,1298,7209,2026-08-22T09:04:11.950Z,FALSE,"",04:45,FALSE
fare_BOM-DEL_SG_2026-08-23_T+1_1787389679052_4ss4,BOM-DEL,EaseMyTrip,SG,SG-646,2026-08-23,T+1,6398,1405,7803,2026-08-22T09:04:11.950Z,FALSE,"",01:50,TRUE
fare_BOM-DEL_SG_2026-08-23_T+1_1787389679052_hjzx,BOM-DEL,EaseMyTrip,SG,SG-352,2026-08-23,T+1,6398,1405,7803,2026-08-22T09:04:11.950Z,FALSE,"",01:50,TRUE
fare_BOM-DEL_6E_2026-08-23_T+1_1787389679052_yems,BOM-DEL,EaseMyTrip,6E,6E-276,2026-08-23,T+1,6700,1471,8171,2026-08-22T09:04:11.950Z,FALSE,"",14:40,FALSE
fare_BOM-DEL_6E_2026-08-23_T+1_1787389679052_3byq,BOM-DEL,EaseMyTrip,6E,6E-797,2026-08-23,T+1,7791,1710,9501,2026-08-22T09:04:11.950Z,FALSE,"",17:20,TRUE
fare_BOM-DEL_6E_2026-08-23_T+1_1787389679052_ikq4,BOM-DEL,EaseMyTrip,6E,6E-212,2026-08-23,T+1,7791,1710,9501,2026-08-22T09:04:11.950Z,FALSE,"",17:20,TRUE
fare_BOM-DEL_6E_2026-08-23_T+1_1787389679052_lsn9,BOM-DEL,EaseMyTrip,6E,6E-908,2026-08-23,T+1,8400,1844,10244,2026-08-22T09:04:11.950Z,FALSE,"",12:40,FALSE
fare_BOM-DEL_6E_2026-08-23_T+1_1787389679052_umno,BOM-DEL,EaseMyTrip,6E,6E-248,2026-08-23,T+1,8400,1844,10244,2026-08-22T09:04:11.950Z,FALSE,"",12:40,FALSE
fare_BOM-DEL_6E_2026-08-23_T+1_1787389679052_0ot3,BOM-DEL,EaseMyTrip,6E,6E-320,2026-08-23,T+1,8471,1859,10330,2026-08-22T09:04:11.950Z,FALSE,"",01:30,FALSE
fare_BOM-DEL_6E_2026-08-23_T+1_1787389679052_ztrd,BOM-DEL,EaseMyTrip,6E,6E-567,2026-08-23,T+1,11242,2468,13710,2026-08-22T09:04:11.950Z,FALSE,"",17:45,FALSE
fare_BOM-DEL_6E_2026-08-23_T+1_1787389679052_8bdq,BOM-DEL,EaseMyTrip,6E,6E-254,2026-08-23,T+1,11242,2468,13710,2026-08-22T09:04:11.950Z,FALSE,"",17:45,FALSE
fare_BOM-DEL_IX_2026-08-29_T+7_1787389679052_giz3,BOM-DEL,EaseMyTrip,IX,IX-1809,2026-08-29,T+7,4939,1084,6023,2026-08-22T08:49:35.553Z,FALSE,"",08:30,FALSE
fare_BOM-DEL_6E_2026-08-29_T+7_1787389679052_cec3,BOM-DEL,EaseMyTrip,6E,6E-5095,2026-08-29,T+7,5014,1101,6115,2026-08-22T08:49:35.553Z,FALSE,"",09:20,TRUE
fare_BOM-DEL_SG_2026-08-29_T+7_1787389679052_fmym,BOM-DEL,EaseMyTrip,SG,SG-993,2026-08-29,T+7,5188,1139,6327,2026-08-22T08:49:35.553Z,FALSE,"",01:50,TRUE
fare_BOM-DEL_SG_2026-08-29_T+7_1787389679052_23fp,BOM-DEL,EaseMyTrip,SG,SG-474,2026-08-29,T+7,5188,1139,6327,2026-08-22T08:49:35.553Z,FALSE,"",01:50,TRUE
fare_BOM-DEL_SG_2026-08-29_T+7_1787389679052_osa7,BOM-DEL,EaseMyTrip,SG,SG-813,2026-08-29,T+7,5275,1158,6433,2026-08-22T08:49:35.553Z,FALSE,"",06:25,TRUE
fare_BOM-DEL_SG_2026-08-29_T+7_1787389679052_dn4h,BOM-DEL,EaseMyTrip,SG,SG-565,2026-08-29,T+7,5275,1158,6433,2026-08-22T08:49:35.553Z,FALSE,"",06:25,TRUE
fare_BOM-DEL_SG_2026-08-29_T+7_1787389679052_nt3i,BOM-DEL,EaseMyTrip,SG,SG-601,2026-08-29,T+7,5275,1158,6433,2026-08-22T08:49:35.553Z,FALSE,"",15:55,TRUE
fare_BOM-DEL_SG_2026-08-29_T+7_1787389679052_8rkp,BOM-DEL,EaseMyTrip,SG,SG-742,2026-08-29,T+7,5275,1158,6433,2026-08-22T08:49:35.553Z,FALSE,"",15:55,TRUE
fare_BOM-DEL_SG_2026-08-29_T+7_1787389679052_6gp6,BOM-DEL,EaseMyTrip,SG,SG-756,2026-08-29,T+7,5275,1158,6433,2026-08-22T08:49:35.553Z,FALSE,"",17:55,TRUE
fare_BOM-DEL_SG_2026-08-29_T+7_1787389679052_uxh8,BOM-DEL,EaseMyTrip,SG,SG-150,2026-08-29,T+7,5275,1158,6433,2026-08-22T08:49:35.553Z,FALSE,"",17:55,TRUE
fare_BOM-DEL_IX_2026-08-29_T+7_1787389679052_uizw,BOM-DEL,EaseMyTrip,IX,IX-2952,2026-08-29,T+7,5380,1181,6561,2026-08-22T08:49:35.553Z,FALSE,"",09:05,TRUE
fare_BOM-DEL_IX_2026-08-29_T+7_1787389679052_bw56,BOM-DEL,EaseMyTrip,IX,IX-1050,2026-08-29,T+7,5380,1181,6561,2026-08-22T08:49:35.553Z,FALSE,"",14:45,TRUE
fare_BOM-DEL_IX_2026-08-29_T+7_1787389679052_j18z,BOM-DEL,EaseMyTrip,IX,IX-1389,2026-08-29,T+7,5380,1181,6561,2026-08-22T08:49:35.553Z,FALSE,"",22:20,TRUE
fare_BOM-DEL_IX_2026-08-29_T+7_1787389679052_5pjf,BOM-DEL,EaseMyTrip,IX,IX-2153,2026-08-29,T+7,5380,1181,6561,2026-08-22T08:49:35.553Z,FALSE,"",21:15,TRUE
fare_BOM-DEL_6E_2026-08-29_T+7_1787389679052_gvjs,BOM-DEL,EaseMyTrip,6E,6E-847,2026-08-29,T+7,5380,1181,6561,2026-08-22T08:49:35.553Z,FALSE,"",17:20,TRUE
fare_BOM-DEL_6E_2026-08-29_T+7_1787389679052_hopo,BOM-DEL,EaseMyTrip,6E,6E-836,2026-08-29,T+7,5380,1181,6561,2026-08-22T08:49:35.553Z,FALSE,"",17:20,TRUE
fare_BOM-DEL_6E_2026-08-29_T+7_1787389679052_wfz6,BOM-DEL,EaseMyTrip,6E,6E-2090,2026-08-29,T+7,5380,1181,6561,2026-08-22T08:49:35.553Z,FALSE,"",06:25,TRUE
fare_BOM-DEL_QP_2026-08-29_T+7_1787389679052_jr1k,BOM-DEL,EaseMyTrip,QP,QP-1819,2026-08-29,T+7,5381,1181,6562,2026-08-22T08:49:35.553Z,FALSE,"",14:30,TRUE
fare_BOM-DEL_QP_2026-08-29_T+7_1787389679052_dzll,BOM-DEL,EaseMyTrip,QP,QP-1825,2026-08-29,T+7,5381,1181,6562,2026-08-22T08:49:35.553Z,FALSE,"",16:50,TRUE
fare_BOM-DEL_QP_2026-08-29_T+7_1787389679052_28s6,BOM-DEL,EaseMyTrip,QP,QP-1111,2026-08-29,T+7,5381,1181,6562,2026-08-22T08:49:35.553Z,FALSE,"",05:25,TRUE
fare_BOM-DEL_QP_2026-08-29_T+7_1787389679052_wl6u,BOM-DEL,EaseMyTrip,QP,QP-1127,2026-08-29,T+7,5381,1181,6562,2026-08-22T08:49:35.553Z,FALSE,"",12:55,TRUE
fare_BOM-DEL_QP_2026-08-29_T+7_1787389679052_5w2z,BOM-DEL,EaseMyTrip,QP,QP-1835,2026-08-29,T+7,5381,1181,6562,2026-08-22T08:49:35.553Z,FALSE,"",11:50,TRUE
fare_BOM-DEL_6E_2026-08-29_T+7_1787389679052_dl9v,BOM-DEL,EaseMyTrip,6E,6E-463,2026-08-29,T+7,5381,1181,6562,2026-08-22T08:49:35.553Z,FALSE,"",17:20,TRUE
fare_BOM-DEL_6E_2026-08-29_T+7_1787389679052_3ak7,BOM-DEL,EaseMyTrip,6E,6E-657,2026-08-29,T+7,5381,1181,6562,2026-08-22T08:49:35.553Z,FALSE,"",17:20,TRUE
fare_BOM-DEL_6E_2026-08-29_T+7_1787389679052_pa4b,BOM-DEL,EaseMyTrip,6E,6E-6082,2026-08-29,T+7,5381,1181,6562,2026-08-22T08:49:35.553Z,FALSE,"",16:45,TRUE
fare_BOM-DEL_6E_2026-08-29_T+7_1787389679052_b1nc,BOM-DEL,EaseMyTrip,6E,6E-582,2026-08-29,T+7,5381,1181,6562,2026-08-22T08:49:35.553Z,FALSE,"",16:00,TRUE
fare_BOM-DEL_6E_2026-08-29_T+7_1787389679052_hixw,BOM-DEL,EaseMyTrip,6E,6E-389,2026-08-29,T+7,5381,1181,6562,2026-08-22T08:49:35.553Z,FALSE,"",16:00,TRUE
fare_BOM-DEL_6E_2026-08-29_T+7_1787389679052_70pc,BOM-DEL,EaseMyTrip,6E,6E-929,2026-08-29,T+7,5381,1181,6562,2026-08-22T08:49:35.553Z,FALSE,"",15:00,TRUE
fare_BOM-DEL_6E_2026-08-29_T+7_1787389679052_64hw,BOM-DEL,EaseMyTrip,6E,6E-949,2026-08-29,T+7,5381,1181,6562,2026-08-22T08:49:35.553Z,FALSE,"",15:00,TRUE
fare_BOM-DEL_6E_2026-08-29_T+7_1787389679052_xhr5,BOM-DEL,EaseMyTrip,6E,6E-6704,2026-08-29,T+7,5381,1181,6562,2026-08-22T08:49:35.553Z,FALSE,"",14:00,TRUE
fare_BOM-DEL_6E_2026-08-29_T+7_1787389679052_s5d4,BOM-DEL,EaseMyTrip,6E,6E-6028,2026-08-29,T+7,5381,1181,6562,2026-08-22T08:49:35.553Z,FALSE,"",12:15,TRUE
fare_BOM-DEL_6E_2026-08-29_T+7_1787389679052_lavx,BOM-DEL,EaseMyTrip,6E,6E-338,2026-08-29,T+7,5381,1181,6562,2026-08-22T08:49:35.553Z,FALSE,"",13:00,TRUE
fare_BOM-DEL_6E_2026-08-29_T+7_1787389679052_g4py,BOM-DEL,EaseMyTrip,6E,6E-812,2026-08-29,T+7,5381,1181,6562,2026-08-22T08:49:35.553Z,FALSE,"",13:00,TRUE
fare_BOM-DEL_6E_2026-08-29_T+7_1787389679052_ennq,BOM-DEL,EaseMyTrip,6E,6E-6052,2026-08-29,T+7,5381,1181,6562,2026-08-22T08:49:35.553Z,FALSE,"",10:00,TRUE
fare_BOM-DEL_6E_2026-08-29_T+7_1787389679052_uqtv,BOM-DEL,EaseMyTrip,6E,6E-751,2026-08-29,T+7,5381,1181,6562,2026-08-22T08:49:35.553Z,FALSE,"",10:35,TRUE
fare_BOM-DEL_6E_2026-08-29_T+7_1787389679052_6vx0,BOM-DEL,EaseMyTrip,6E,6E-665,2026-08-29,T+7,5381,1181,6562,2026-08-22T08:49:35.553Z,FALSE,"",10:35,TRUE
fare_BOM-DEL_6E_2026-08-29_T+7_1787389679052_i6lt,BOM-DEL,EaseMyTrip,6E,6E-6827,2026-08-29,T+7,5381,1181,6562,2026-08-22T08:49:35.553Z,FALSE,"",11:30,TRUE
fare_BOM-DEL_6E_2026-08-29_T+7_1787389679052_34at,BOM-DEL,EaseMyTrip,6E,6E-564,2026-08-29,T+7,5381,1181,6562,2026-08-22T08:49:35.553Z,FALSE,"",09:00,TRUE
fare_BOM-DEL_6E_2026-08-29_T+7_1787389679052_8v02,BOM-DEL,EaseMyTrip,6E,6E-912,2026-08-29,T+7,5381,1181,6562,2026-08-22T08:49:35.553Z,FALSE,"",09:00,TRUE
fare_BOM-DEL_QP_2026-08-29_T+7_1787389679052_fu9u,BOM-DEL,EaseMyTrip,QP,QP-1941,2026-08-29,T+7,5423,1191,6614,2026-08-22T08:49:35.553Z,FALSE,"",18:05,TRUE
fare_BOM-DEL_QP_2026-08-29_T+7_1787389679052_vad7,BOM-DEL,EaseMyTrip,QP,QP-1939,2026-08-29,T+7,5423,1191,6614,2026-08-22T08:49:35.553Z,FALSE,"",10:10,TRUE
fare_BOM-DEL_6E_2026-08-29_T+7_1787389679052_06tb,BOM-DEL,EaseMyTrip,6E,6E-5197,2026-08-29,T+7,5423,1191,6614,2026-08-22T08:49:35.553Z,FALSE,"",06:40,TRUE
fare_BOM-DEL_6E_2026-08-29_T+7_1787389679052_3c9u,BOM-DEL,EaseMyTrip,6E,6E-496,2026-08-29,T+7,5510,1210,6720,2026-08-22T08:49:35.553Z,FALSE,"",05:00,TRUE
fare_BOM-DEL_6E_2026-08-29_T+7_1787389679052_4g5q,BOM-DEL,EaseMyTrip,6E,6E-926,2026-08-29,T+7,5510,1210,6720,2026-08-22T08:49:35.553Z,FALSE,"",05:00,TRUE
fare_BOM-DEL_6E_2026-08-29_T+7_1787389679052_vuc0,BOM-DEL,EaseMyTrip,6E,6E-829,2026-08-29,T+7,5510,1210,6720,2026-08-22T08:49:35.553Z,FALSE,"",23:45,TRUE
fare_BOM-DEL_6E_2026-08-29_T+7_1787389679052_h07l,BOM-DEL,EaseMyTrip,6E,6E-349,2026-08-29,T+7,5510,1210,6720,2026-08-22T08:49:35.553Z,FALSE,"",23:45,TRUE
fare_BOM-DEL_6E_2026-08-29_T+7_1787389679052_mgnn,BOM-DEL,EaseMyTrip,6E,6E-892,2026-08-29,T+7,5510,1210,6720,2026-08-22T08:49:35.553Z,FALSE,"",22:15,TRUE
fare_BOM-DEL_6E_2026-08-29_T+7_1787389679052_tbaq,BOM-DEL,EaseMyTrip,6E,6E-530,2026-08-29,T+7,5510,1210,6720,2026-08-22T08:49:35.553Z,FALSE,"",22:15,TRUE
fare_BOM-DEL_6E_2026-08-29_T+7_1787389679052_0fdx,BOM-DEL,EaseMyTrip,6E,6E-992,2026-08-29,T+7,5510,1210,6720,2026-08-22T08:49:35.553Z,FALSE,"",21:15,TRUE
fare_BOM-DEL_6E_2026-08-29_T+7_1787389679052_45g2,BOM-DEL,EaseMyTrip,6E,6E-773,2026-08-29,T+7,5510,1210,6720,2026-08-22T08:49:35.553Z,FALSE,"",21:15,TRUE
fare_BOM-DEL_6E_2026-08-29_T+7_1787389679052_wpmm,BOM-DEL,EaseMyTrip,6E,6E-451,2026-08-29,T+7,5510,1210,6720,2026-08-22T08:49:35.553Z,FALSE,"",19:00,TRUE
fare_BOM-DEL_6E_2026-08-29_T+7_1787389679052_qrvk,BOM-DEL,EaseMyTrip,6E,6E-488,2026-08-29,T+7,5510,1210,6720,2026-08-22T08:49:35.553Z,FALSE,"",19:00,TRUE
fare_BOM-DEL_6E_2026-08-29_T+7_1787389679052_1v9n,BOM-DEL,EaseMyTrip,6E,6E-6613,2026-08-29,T+7,5510,1210,6720,2026-08-22T08:49:35.553Z,FALSE,"",18:15,TRUE
fare_BOM-DEL_6E_2026-08-29_T+7_1787389679052_6voa,BOM-DEL,EaseMyTrip,6E,6E-135,2026-08-29,T+7,5510,1210,6720,2026-08-22T08:49:35.553Z,FALSE,"",20:20,TRUE
fare_BOM-DEL_6E_2026-08-29_T+7_1787389679052_1ndj,BOM-DEL,EaseMyTrip,6E,6E-511,2026-08-29,T+7,5510,1210,6720,2026-08-22T08:49:35.553Z,FALSE,"",20:20,TRUE
fare_BOM-DEL_6E_2026-08-29_T+7_1787389679052_qjk8,BOM-DEL,EaseMyTrip,6E,6E-186,2026-08-29,T+7,5510,1210,6720,2026-08-22T08:49:35.553Z,FALSE,"",06:00,TRUE
fare_BOM-DEL_6E_2026-08-29_T+7_1787389679052_7x33,BOM-DEL,EaseMyTrip,6E,6E-172,2026-08-29,T+7,5510,1210,6720,2026-08-22T08:49:35.553Z,FALSE,"",06:00,TRUE
fare_BOM-DEL_6E_2026-08-29_T+7_1787389679052_imrj,BOM-DEL,EaseMyTrip,6E,6E-908,2026-08-29,T+7,5510,1210,6720,2026-08-22T08:49:35.553Z,FALSE,"",07:00,TRUE
fare_BOM-DEL_6E_2026-08-29_T+7_1787389679052_jv7u,BOM-DEL,EaseMyTrip,6E,6E-865,2026-08-29,T+7,5510,1210,6720,2026-08-22T08:49:35.553Z,FALSE,"",07:00,TRUE
fare_BOM-DEL_6E_2026-08-29_T+7_1787389679052_ect5,BOM-DEL,EaseMyTrip,6E,6E-843,2026-08-29,T+7,5510,1210,6720,2026-08-22T08:49:35.553Z,FALSE,"",08:00,TRUE
fare_BOM-DEL_6E_2026-08-29_T+7_1787389679052_x8dv,BOM-DEL,EaseMyTrip,6E,6E-475,2026-08-29,T+7,5510,1210,6720,2026-08-22T08:49:35.553Z,FALSE,"",08:00,TRUE
fare_BOM-DEL_AI_2026-08-29_T+7_1787389679052_uct5,BOM-DEL,EaseMyTrip,AI,AI-2677,2026-08-29,T+7,5766,1266,7032,2026-08-22T08:49:35.553Z,FALSE,"",13:00,TRUE
fare_BOM-DEL_AI_2026-08-29_T+7_1787389679052_qhmp,BOM-DEL,EaseMyTrip,AI,AI-2970,2026-08-29,T+7,5766,1266,7032,2026-08-22T08:49:35.553Z,FALSE,"",08:30,TRUE
fare_BOM-DEL_AI_2026-08-29_T+7_1787389679052_fnrn,BOM-DEL,EaseMyTrip,AI,AI-1890,2026-08-29,T+7,5766,1266,7032,2026-08-22T08:49:35.553Z,FALSE,"",09:00,TRUE
fare_BOM-DEL_AI_2026-08-29_T+7_1787389679052_xzpw,BOM-DEL,EaseMyTrip,AI,AI-2419,2026-08-29,T+7,5766,1266,7032,2026-08-22T08:49:35.553Z,FALSE,"",12:00,TRUE
fare_BOM-DEL_AI_2026-08-29_T+7_1787389679052_jwfm,BOM-DEL,EaseMyTrip,AI,AI-2442,2026-08-29,T+7,5766,1266,7032,2026-08-22T08:49:35.553Z,FALSE,"",15:00,TRUE
fare_BOM-DEL_AI_2026-08-29_T+7_1787389679052_t0og,BOM-DEL,EaseMyTrip,AI,AI-2910,2026-08-29,T+7,5766,1266,7032,2026-08-22T08:49:35.553Z,FALSE,"",17:30,TRUE
fare_BOM-DEL_AI_2026-08-29_T+7_1787389679052_f0fz,BOM-DEL,EaseMyTrip,AI,AI-2952,2026-08-29,T+7,5766,1266,7032,2026-08-22T08:49:35.553Z,FALSE,"",11:25,TRUE
fare_BOM-DEL_AI_2026-08-29_T+7_1787389679052_nc0p,BOM-DEL,EaseMyTrip,AI,AI-1851,2026-08-29,T+7,5766,1266,7032,2026-08-22T08:49:35.553Z,FALSE,"",15:30,TRUE
fare_BOM-DEL_AI_2026-08-29_T+7_1787389679052_kwey,BOM-DEL,EaseMyTrip,AI,AI-2687,2026-08-29,T+7,5766,1266,7032,2026-08-22T08:49:35.553Z,FALSE,"",16:30,TRUE
fare_BOM-DEL_QP_2026-08-29_T+7_1787389679052_5urf,BOM-DEL,EaseMyTrip,QP,QP-1109,2026-08-29,T+7,5679,1246,6925,2026-08-22T08:49:35.553Z,FALSE,"",07:00,TRUE
fare_BOM-DEL_QP_2026-08-29_T+7_1787389679052_vsjr,BOM-DEL,EaseMyTrip,QP,QP-1834,2026-08-29,T+7,5679,1246,6925,2026-08-22T08:49:35.553Z,FALSE,"",10:00,TRUE
fare_BOM-DEL_QP_2026-08-29_T+7_1787389679052_opjh,BOM-DEL,EaseMyTrip,QP,QP-1120,2026-08-29,T+7,5679,1246,6925,2026-08-22T08:49:35.553Z,FALSE,"",18:45,TRUE
fare_BOM-DEL_AI_2026-08-29_T+7_1787389679052_u1sy,BOM-DEL,EaseMyTrip,AI,AI-2928,2026-08-29,T+7,5897,1294,7191,2026-08-22T08:49:35.553Z,FALSE,"",06:30,TRUE
fare_BOM-DEL_AI_2026-08-29_T+7_1787389679052_dhwu,BOM-DEL,EaseMyTrip,AI,AI-2424,2026-08-29,T+7,5897,1294,7191,2026-08-22T08:49:35.553Z,FALSE,"",07:00,TRUE
fare_BOM-DEL_AI_2026-08-29_T+7_1787389679052_0oos,BOM-DEL,EaseMyTrip,AI,AI-2408,2026-08-29,T+7,5897,1294,7191,2026-08-22T08:49:35.553Z,FALSE,"",19:30,TRUE
fare_BOM-DEL_AI_2026-08-29_T+7_1787389679052_ebv5,BOM-DEL,EaseMyTrip,AI,AI-816,2026-08-29,T+7,5897,1294,7191,2026-08-22T08:49:35.553Z,FALSE,"",21:00,TRUE
fare_BOM-DEL_AI_2026-08-29_T+7_1787389679052_5m6e,BOM-DEL,EaseMyTrip,AI,AI-2748,2026-08-29,T+7,5897,1294,7191,2026-08-22T08:49:35.553Z,FALSE,"",21:30,TRUE
fare_BOM-DEL_AI_2026-08-29_T+7_1787389679052_0xgm,BOM-DEL,EaseMyTrip,AI,AI-2452,2026-08-29,T+7,5897,1294,7191,2026-08-22T08:49:35.553Z,FALSE,"",03:05,TRUE
fare_BOM-DEL_AI_2026-08-29_T+7_1787389679052_ffsb,BOM-DEL,EaseMyTrip,AI,AI-2428,2026-08-29,T+7,5897,1294,7191,2026-08-22T08:49:35.553Z,FALSE,"",08:00,TRUE
fare_BOM-DEL_AI_2026-08-29_T+7_1787389679052_wzx1,BOM-DEL,EaseMyTrip,AI,AI-2440,2026-08-29,T+7,5897,1294,7191,2026-08-22T08:49:35.553Z,FALSE,"",18:00,TRUE
fare_BOM-DEL_AI_2026-08-29_T+7_1787389679052_myj8,BOM-DEL,EaseMyTrip,AI,AI-2996,2026-08-29,T+7,5897,1294,7191,2026-08-22T08:49:35.553Z,FALSE,"",18:30,TRUE
fare_BOM-DEL_AI_2026-08-29_T+7_1787389679052_tll8,BOM-DEL,EaseMyTrip,AI,AI-2426,2026-08-29,T+7,5897,1294,7191,2026-08-22T08:49:35.553Z,FALSE,"",19:00,TRUE
fare_BOM-DEL_AI_2026-08-29_T+7_1787389679052_ub5u,BOM-DEL,EaseMyTrip,AI,AI-2940,2026-08-29,T+7,5897,1294,7191,2026-08-22T08:49:35.553Z,FALSE,"",20:00,TRUE
fare_BOM-DEL_AI_2026-08-29_T+7_1787389679052_kge1,BOM-DEL,EaseMyTrip,AI,AI-2988,2026-08-29,T+7,5897,1294,7191,2026-08-22T08:49:35.553Z,FALSE,"",20:30,TRUE
fare_BOM-DEL_AI_2026-08-29_T+7_1787389679052_4ja8,BOM-DEL,EaseMyTrip,AI,AI-2422,2026-08-29,T+7,5897,1294,7191,2026-08-22T08:49:35.553Z,FALSE,"",22:00,TRUE
fare_BOM-DEL_AI_2026-08-29_T+7_1787389679052_ftc6,BOM-DEL,EaseMyTrip,AI,AI-2614,2026-08-29,T+7,5897,1294,7191,2026-08-22T08:49:35.553Z,FALSE,"",23:30,TRUE
fare_BOM-DEL_AI_2026-08-29_T+7_1787389679052_rv08,BOM-DEL,EaseMyTrip,AI,AI-1882,2026-08-29,T+7,5897,1294,7191,2026-08-22T08:49:35.553Z,FALSE,"",23:55,TRUE
fare_BOM-DEL_AI_2026-08-29_T+7_1787389679052_gqba,BOM-DEL,EaseMyTrip,AI,AI-2986,2026-08-29,T+7,5897,1294,7191,2026-08-22T08:49:35.553Z,FALSE,"",22:50,TRUE
fare_BOM-DEL_6E_2026-08-29_T+7_1787389679052_r9t2,BOM-DEL,EaseMyTrip,6E,6E-2237,2026-08-29,T+7,5739,1260,6999,2026-08-22T08:49:35.553Z,FALSE,"",18:40,FALSE
fare_BOM-DEL_6E_2026-08-29_T+7_1787389679052_nteo,BOM-DEL,EaseMyTrip,6E,6E-285,2026-08-29,T+7,5739,1260,6999,2026-08-22T08:49:35.553Z,FALSE,"",01:30,FALSE
fare_BOM-DEL_6E_2026-08-29_T+7_1787389679052_nhgk,BOM-DEL,EaseMyTrip,6E,6E-256,2026-08-29,T+7,5739,1260,6999,2026-08-22T08:49:35.553Z,FALSE,"",01:30,FALSE
fare_BOM-DEL_6E_2026-08-29_T+7_1787389679052_fd2n,BOM-DEL,EaseMyTrip,6E,6E-755,2026-08-29,T+7,5739,1260,6999,2026-08-22T08:49:35.553Z,FALSE,"",04:00,FALSE
fare_BOM-DEL_6E_2026-08-29_T+7_1787389679052_gkkx,BOM-DEL,EaseMyTrip,6E,6E-5144,2026-08-29,T+7,5739,1260,6999,2026-08-22T08:49:35.553Z,FALSE,"",05:55,FALSE
fare_BOM-DEL_6E_2026-08-29_T+7_1787389679052_5uw5,BOM-DEL,EaseMyTrip,6E,6E-2347,2026-08-29,T+7,5739,1260,6999,2026-08-22T08:49:35.553Z,FALSE,"",08:50,FALSE
fare_BOM-DEL_6E_2026-08-29_T+7_1787389679052_h022,BOM-DEL,EaseMyTrip,6E,6E-409,2026-08-29,T+7,5739,1260,6999,2026-08-22T08:49:35.553Z,FALSE,"",14:40,FALSE
fare_BOM-DEL_6E_2026-08-29_T+7_1787389679052_ddgz,BOM-DEL,EaseMyTrip,6E,6E-438,2026-08-29,T+7,5739,1260,6999,2026-08-22T08:49:35.553Z,FALSE,"",14:40,FALSE
fare_BOM-DEL_6E_2026-08-29_T+7_1787389679052_wi2j,BOM-DEL,EaseMyTrip,6E,6E-5107,2026-08-29,T+7,5739,1260,6999,2026-08-22T08:49:35.553Z,FALSE,"",20:00,FALSE
fare_BOM-DEL_6E_2026-08-29_T+7_1787389679052_tfv0,BOM-DEL,EaseMyTrip,6E,6E-5201,2026-08-29,T+7,5739,1260,6999,2026-08-22T08:49:35.553Z,FALSE,"",14:55,FALSE
fare_BOM-DEL_6E_2026-08-29_T+7_1787389679052_eavd,BOM-DEL,EaseMyTrip,6E,6E-6599,2026-08-29,T+7,5847,1283,7130,2026-08-22T08:49:35.553Z,FALSE,"",16:50,FALSE
fare_BOM-DEL_6E_2026-08-29_T+7_1787389679052_v364,BOM-DEL,EaseMyTrip,6E,6E-5147,2026-08-29,T+7,5847,1283,7130,2026-08-22T08:49:35.553Z,FALSE,"",18:35,FALSE
fare_BOM-DEL_6E_2026-08-29_T+7_1787389679052_jd4c,BOM-DEL,EaseMyTrip,6E,6E-5164,2026-08-29,T+7,5847,1283,7130,2026-08-22T08:49:35.553Z,FALSE,"",20:35,FALSE
fare_BOM-DEL_6E_2026-08-29_T+7_1787389679052_94wb,BOM-DEL,EaseMyTrip,6E,6E-6122,2026-08-29,T+7,5847,1283,7130,2026-08-22T08:49:35.553Z,FALSE,"",15:45,FALSE
fare_BOM-DEL_6E_2026-08-29_T+7_1787389679052_uuyy,BOM-DEL,EaseMyTrip,6E,6E-6058,2026-08-29,T+7,5847,1283,7130,2026-08-22T08:49:35.553Z,FALSE,"",08:05,FALSE
fare_BOM-DEL_6E_2026-08-29_T+7_1787389679052_ze61,BOM-DEL,EaseMyTrip,6E,6E-5131,2026-08-29,T+7,5847,1283,7130,2026-08-22T08:49:35.553Z,FALSE,"",15:50,FALSE
fare_BOM-DEL_6E_2026-08-29_T+7_1787389679052_h53y,BOM-DEL,EaseMyTrip,6E,6E-6802,2026-08-29,T+7,5847,1283,7130,2026-08-22T08:49:35.553Z,FALSE,"",16:55,FALSE
fare_BOM-DEL_6E_2026-08-29_T+7_1787389679052_vzfp,BOM-DEL,EaseMyTrip,6E,6E-5273,2026-08-29,T+7,5847,1283,7130,2026-08-22T08:49:35.553Z,FALSE,"",18:35,FALSE
fare_BOM-DEL_6E_2026-08-29_T+7_1787389679052_5zai,BOM-DEL,EaseMyTrip,6E,6E-5345,2026-08-29,T+7,5847,1283,7130,2026-08-22T08:49:35.553Z,FALSE,"",14:25,FALSE
fare_BOM-DEL_6E_2026-08-29_T+7_1787389679052_9dvb,BOM-DEL,EaseMyTrip,6E,6E-6553,2026-08-29,T+7,5907,1297,7204,2026-08-22T08:49:35.553Z,FALSE,"",16:05,FALSE
fare_BOM-DEL_6E_2026-08-29_T+7_1787389679052_f7bq,BOM-DEL,EaseMyTrip,6E,6E-2138,2026-08-29,T+7,5907,1297,7204,2026-08-22T08:49:35.553Z,FALSE,"",16:20,FALSE
fare_BOM-DEL_6E_2026-08-29_T+7_1787389679052_90at,BOM-DEL,EaseMyTrip,6E,6E-5028,2026-08-29,T+7,5911,1298,7209,2026-08-22T08:49:35.553Z,FALSE,"",19:35,FALSE
fare_BOM-DEL_6E_2026-08-29_T+7_1787389679052_j82f,BOM-DEL,EaseMyTrip,6E,6E-6937,2026-08-29,T+7,5911,1298,7209,2026-08-22T08:49:35.553Z,FALSE,"",11:30,FALSE
fare_BOM-DEL_6E_2026-08-29_T+7_1787389679052_mwcv,BOM-DEL,EaseMyTrip,6E,6E-680,2026-08-29,T+7,5911,1298,7209,2026-08-22T08:49:35.553Z,FALSE,"",04:45,FALSE
fare_BOM-DEL_6E_2026-08-29_T+7_1787389679052_so0o,BOM-DEL,EaseMyTrip,6E,6E-399,2026-08-29,T+7,5911,1298,7209,2026-08-22T08:49:35.553Z,FALSE,"",04:45,FALSE
fare_BOM-DEL_6E_2026-08-29_T+7_1787389679052_lgcz,BOM-DEL,EaseMyTrip,6E,6E-6543,2026-08-29,T+7,5965,1309,7274,2026-08-22T08:49:35.553Z,FALSE,"",07:50,FALSE
fare_BOM-DEL_6E_2026-08-29_T+7_1787389679052_7cgg,BOM-DEL,EaseMyTrip,6E,6E-600,2026-08-29,T+7,6019,1321,7340,2026-08-22T08:49:35.553Z,FALSE,"",17:45,FALSE
fare_BOM-DEL_6E_2026-08-29_T+7_1787389679052_32mz,BOM-DEL,EaseMyTrip,6E,6E-544,2026-08-29,T+7,6019,1321,7340,2026-08-22T08:49:35.553Z,FALSE,"",17:45,FALSE
fare_BOM-DEL_6E_2026-08-29_T+7_1787389679052_tm41,BOM-DEL,EaseMyTrip,6E,6E-5056,2026-08-29,T+7,6019,1321,7340,2026-08-22T08:49:35.553Z,FALSE,"",21:10,FALSE
fare_BOM-DEL_6E_2026-08-29_T+7_1787389679052_mm2w,BOM-DEL,EaseMyTrip,6E,6E-6195,2026-08-29,T+7,6019,1321,7340,2026-08-22T08:49:35.553Z,FALSE,"",23:00,FALSE
fare_BOM-DEL_6E_2026-08-29_T+7_1787389679052_9lbo,BOM-DEL,EaseMyTrip,6E,6E-5326,2026-08-29,T+7,6019,1321,7340,2026-08-22T08:49:35.553Z,FALSE,"",19:40,FALSE
fare_BOM-DEL_6E_2026-08-29_T+7_1787389679052_fvc2,BOM-DEL,EaseMyTrip,6E,6E-6361,2026-08-29,T+7,6084,1335,7419,2026-08-22T08:49:35.553Z,FALSE,"",05:00,FALSE
fare_BOM-DEL_AI_2026-08-29_T+7_1787389679052_h2g2,BOM-DEL,EaseMyTrip,AI,AI-2591,2026-08-29,T+7,6283,1379,7662,2026-08-22T08:49:35.553Z,FALSE,"",07:25,TRUE
fare_BOM-DEL_6E_2026-08-29_T+7_1787389679052_syue,BOM-DEL,EaseMyTrip,6E,6E-304,2026-08-29,T+7,6277,1378,7655,2026-08-22T08:49:35.553Z,FALSE,"",12:40,FALSE
fare_BOM-DEL_6E_2026-08-29_T+7_1787389679052_06ma,BOM-DEL,EaseMyTrip,6E,6E-341,2026-08-29,T+7,6277,1378,7655,2026-08-22T08:49:35.553Z,FALSE,"",12:40,FALSE
fare_BOM-DEL_6E_2026-08-29_T+7_1787389679052_yi6w,BOM-DEL,EaseMyTrip,6E,6E-5154,2026-08-29,T+7,6305,1384,7689,2026-08-22T08:49:35.553Z,FALSE,"",15:45,FALSE
fare_BOM-DEL_6E_2026-08-29_T+7_1787389679052_vcl2,BOM-DEL,EaseMyTrip,6E,6E-7017,2026-08-29,T+7,6343,1392,7735,2026-08-22T08:49:35.553Z,FALSE,"",21:30,FALSE
fare_BOM-DEL_6E_2026-08-29_T+7_1787389679052_m72b,BOM-DEL,EaseMyTrip,6E,6E-5135,2026-08-29,T+7,6347,1393,7740,2026-08-22T08:49:35.553Z,FALSE,"",23:20,FALSE
fare_BOM-DEL_6E_2026-08-29_T+7_1787389679052_s9hx,BOM-DEL,EaseMyTrip,6E,6E-5059,2026-08-29,T+7,6700,1471,8171,2026-08-22T08:49:35.553Z,FALSE,"",05:45,FALSE
fare_BOM-DEL_IX_2026-08-29_T+7_1787389679052_3iqe,BOM-DEL,EaseMyTrip,IX,IX-1238,2026-08-29,T+7,6987,1534,8521,2026-08-22T08:49:35.553Z,TRUE,"High outlier: ₹8521 > upper fence ₹8302 (Q3: ₹7258, IQR: ₹696)",12:25,FALSE
fare_BOM-DEL_IX_2026-08-29_T+7_1787389679052_147i,BOM-DEL,EaseMyTrip,IX,IX-2367,2026-08-29,T+7,6987,1534,8521,2026-08-22T08:49:35.553Z,TRUE,"High outlier: ₹8521 > upper fence ₹8302 (Q3: ₹7258, IQR: ₹696)",07:20,FALSE
fare_BOM-DEL_6E_2026-08-29_T+7_1787389679052_q1yf,BOM-DEL,EaseMyTrip,6E,6E-6027,2026-08-29,T+7,6808,1494,8302,2026-08-22T08:49:35.553Z,FALSE,"",17:35,FALSE
fare_BOM-DEL_6E_2026-08-29_T+7_1787389679052_anhw,BOM-DEL,EaseMyTrip,6E,6E-5281,2026-08-29,T+7,6849,1504,8353,2026-08-22T08:49:35.553Z,TRUE,"High outlier: ₹8353 > upper fence ₹8302 (Q3: ₹7258, IQR: ₹696)",08:40,FALSE
fare_BOM-DEL_6E_2026-08-29_T+7_1787389679052_deu0,BOM-DEL,EaseMyTrip,6E,6E-177,2026-08-29,T+7,6872,1509,8381,2026-08-22T08:49:35.553Z,TRUE,"High outlier: ₹8381 > upper fence ₹8302 (Q3: ₹7258, IQR: ₹696)",19:20,FALSE
fare_BOM-DEL_6E_2026-08-29_T+7_1787389679052_9fbh,BOM-DEL,EaseMyTrip,6E,6E-561,2026-08-29,T+7,6872,1509,8381,2026-08-22T08:49:35.553Z,TRUE,"High outlier: ₹8381 > upper fence ₹8302 (Q3: ₹7258, IQR: ₹696)",19:20,FALSE
fare_BOM-DEL_IX_2026-08-29_T+7_1787389679052_zfrs,BOM-DEL,EaseMyTrip,IX,IX-1237,2026-08-29,T+7,7685,1687,9372,2026-08-22T08:49:35.553Z,TRUE,"High outlier: ₹9372 > upper fence ₹8302 (Q3: ₹7258, IQR: ₹696)",05:55,FALSE
fare_BOM-DEL_AI_2026-08-29_T+7_1787389679052_ick2,BOM-DEL,EaseMyTrip,AI,AI-9558,2026-08-29,T+7,8225,1805,10030,2026-08-22T08:49:35.553Z,TRUE,"High outlier: ₹10030 > upper fence ₹8302 (Q3: ₹7258, IQR: ₹696)",08:30,FALSE
fare_BOM-DEL_IX_2026-08-29_T+7_1787389679052_o2xt,BOM-DEL,EaseMyTrip,IX,IX-1798,2026-08-29,T+7,8565,1880,10445,2026-08-22T08:49:35.553Z,TRUE,"High outlier: ₹10445 > upper fence ₹8302 (Q3: ₹7258, IQR: ₹696)",11:20,FALSE
fare_BOM-DEL_AI_2026-08-29_T+7_1787389679052_tji0,BOM-DEL,EaseMyTrip,AI,AI-9518,2026-08-29,T+7,8521,1870,10391,2026-08-22T08:49:35.553Z,TRUE,"High outlier: ₹10391 > upper fence ₹8302 (Q3: ₹7258, IQR: ₹696)",16:15,FALSE
fare_BOM-DEL_IX_2026-08-29_T+7_1787389679052_rkjo,BOM-DEL,EaseMyTrip,IX,IX-1640,2026-08-29,T+7,9241,2029,11270,2026-08-22T08:49:35.553Z,TRUE,"High outlier: ₹11270 > upper fence ₹8302 (Q3: ₹7258, IQR: ₹696)",20:55,FALSE
fare_BOM-DEL_AI_2026-08-29_T+7_1787389679052_hz8b,BOM-DEL,EaseMyTrip,AI,AI-9718,2026-08-29,T+7,9818,2155,11973,2026-08-22T08:49:35.553Z,TRUE,"High outlier: ₹11973 > upper fence ₹8302 (Q3: ₹7258, IQR: ₹696)",20:20,FALSE
fare_BOM-DEL_AI_2026-08-29_T+7_1787389679052_gn4b,BOM-DEL,EaseMyTrip,AI,AI-9753,2026-08-29,T+7,9835,2159,11994,2026-08-22T08:49:35.553Z,TRUE,"High outlier: ₹11994 > upper fence ₹8302 (Q3: ₹7258, IQR: ₹696)",17:05,FALSE
fare_BOM-DEL_AI_2026-08-29_T+7_1787389679052_sdh7,BOM-DEL,EaseMyTrip,AI,AI-2491,2026-08-29,T+7,9906,2175,12081,2026-08-22T08:49:35.553Z,TRUE,"High outlier: ₹12081 > upper fence ₹8302 (Q3: ₹7258, IQR: ₹696)",11:15,FALSE
fare_BOM-DEL_6E_2026-08-29_T+7_1787389679052_6wka,BOM-DEL,EaseMyTrip,6E,6E-2024,2026-08-29,T+7,10353,2273,12626,2026-08-22T08:49:35.553Z,TRUE,"High outlier: ₹12626 > upper fence ₹8302 (Q3: ₹7258, IQR: ₹696)",09:15,FALSE
fare_BOM-DEL_6E_2026-08-29_T+7_1787389679052_7k1d,BOM-DEL,EaseMyTrip,6E,6E-5181,2026-08-29,T+7,10892,2391,13283,2026-08-22T08:49:35.553Z,TRUE,"High outlier: ₹13283 > upper fence ₹8302 (Q3: ₹7258, IQR: ₹696)",10:25,FALSE
fare_BOM-DEL_AI_2026-08-29_T+7_1787389679052_5g3g,BOM-DEL,EaseMyTrip,AI,AI-2847,2026-08-29,T+7,11449,2513,13962,2026-08-22T08:49:35.553Z,TRUE,"High outlier: ₹13962 > upper fence ₹8302 (Q3: ₹7258, IQR: ₹696)",10:20,FALSE
fare_BOM-DEL_6E_2026-08-29_T+7_1787389679052_5ec8,BOM-DEL,EaseMyTrip,6E,6E-5246,2026-08-29,T+7,11583,2542,14125,2026-08-22T08:49:35.553Z,TRUE,"High outlier: ₹14125 > upper fence ₹8302 (Q3: ₹7258, IQR: ₹696)",07:15,FALSE
fare_BOM-DEL_AI_2026-08-29_T+7_1787389679052_vz4m,BOM-DEL,EaseMyTrip,AI,AI-9891,2026-08-29,T+7,11975,2629,14604,2026-08-22T08:49:35.553Z,TRUE,"High outlier: ₹14604 > upper fence ₹8302 (Q3: ₹7258, IQR: ₹696)",11:20,FALSE
fare_BOM-DEL_6E_2026-08-29_T+7_1787389679052_cjvi,BOM-DEL,EaseMyTrip,6E,6E-5318,2026-08-29,T+7,11961,2626,14587,2026-08-22T08:49:35.553Z,TRUE,"High outlier: ₹14587 > upper fence ₹8302 (Q3: ₹7258, IQR: ₹696)",10:15,FALSE
fare_BOM-DEL_6E_2026-08-29_T+7_1787389679052_j226,BOM-DEL,EaseMyTrip,6E,6E-5178,2026-08-29,T+7,11961,2626,14587,2026-08-22T08:49:35.553Z,TRUE,"High outlier: ₹14587 > upper fence ₹8302 (Q3: ₹7258, IQR: ₹696)",11:40,FALSE
fare_BOM-DEL_AI_2026-08-29_T+7_1787389679052_iuwm,BOM-DEL,EaseMyTrip,AI,AI-9533,2026-08-29,T+7,12438,2730,15168,2026-08-22T08:49:35.553Z,TRUE,"High outlier: ₹15168 > upper fence ₹8302 (Q3: ₹7258, IQR: ₹696)",16:30,FALSE
fare_BOM-DEL_AI_2026-08-29_T+7_1787389679052_ie64,BOM-DEL,EaseMyTrip,AI,AI-2812,2026-08-29,T+7,12561,2757,15318,2026-08-22T08:49:35.553Z,TRUE,"High outlier: ₹15318 > upper fence ₹8302 (Q3: ₹7258, IQR: ₹696)",02:05,FALSE
fare_BOM-DEL_IX_2026-08-29_T+7_1787389679052_6mn9,BOM-DEL,EaseMyTrip,IX,IX-1283,2026-08-29,T+7,12630,2773,15403,2026-08-22T08:49:35.553Z,TRUE,"High outlier: ₹15403 > upper fence ₹8302 (Q3: ₹7258, IQR: ₹696)",06:05,FALSE
fare_BOM-DEL_AI_2026-08-29_T+7_1787389679052_tsrt,BOM-DEL,EaseMyTrip,AI,AI-2841,2026-08-29,T+7,13192,2896,16088,2026-08-22T08:49:35.553Z,TRUE,"High outlier: ₹16088 > upper fence ₹8302 (Q3: ₹7258, IQR: ₹696)",11:20,FALSE
fare_BOM-DEL_AI_2026-08-29_T+7_1787389679052_bf1i,BOM-DEL,EaseMyTrip,AI,AI-2659,2026-08-29,T+7,13311,2922,16233,2026-08-22T08:49:35.553Z,TRUE,"High outlier: ₹16233 > upper fence ₹8302 (Q3: ₹7258, IQR: ₹696)",14:35,FALSE
fare_BOM-DEL_AI_2026-08-29_T+7_1787389679052_4ect,BOM-DEL,EaseMyTrip,AI,AI-2997,2026-08-29,T+7,14082,3091,17173,2026-08-22T08:49:35.553Z,TRUE,"High outlier: ₹17173 > upper fence ₹8302 (Q3: ₹7258, IQR: ₹696)",10:10,FALSE
fare_BOM-DEL_AI_2026-08-29_T+7_1787389679052_nnmf,BOM-DEL,EaseMyTrip,AI,AI-2493,2026-08-29,T+7,14128,3101,17229,2026-08-22T08:49:35.553Z,TRUE,"High outlier: ₹17229 > upper fence ₹8302 (Q3: ₹7258, IQR: ₹696)",18:05,FALSE
fare_BOM-DEL_AI_2026-08-29_T+7_1787389679052_0p5h,BOM-DEL,EaseMyTrip,AI,AI-2749,2026-08-29,T+7,14173,3111,17284,2026-08-22T08:49:35.553Z,TRUE,"High outlier: ₹17284 > upper fence ₹8302 (Q3: ₹7258, IQR: ₹696)",17:35,FALSE
fare_BOM-DEL_AI_2026-08-29_T+7_1787389679052_ula7,BOM-DEL,EaseMyTrip,AI,AI-2741,2026-08-29,T+7,14403,3162,17565,2026-08-22T08:49:35.553Z,TRUE,"High outlier: ₹17565 > upper fence ₹8302 (Q3: ₹7258, IQR: ₹696)",07:40,FALSE
fare_BOM-DEL_AI_2026-08-29_T+7_1787389679052_gkta,BOM-DEL,EaseMyTrip,AI,AI-2531,2026-08-29,T+7,14755,3239,17994,2026-08-22T08:49:35.553Z,TRUE,"High outlier: ₹17994 > upper fence ₹8302 (Q3: ₹7258, IQR: ₹696)",15:05,FALSE
fare_BOM-DEL_AI_2026-08-29_T+7_1787389679052_j5h2,BOM-DEL,EaseMyTrip,AI,AI-2625,2026-08-29,T+7,14981,3289,18270,2026-08-22T08:49:35.553Z,TRUE,"High outlier: ₹18270 > upper fence ₹8302 (Q3: ₹7258, IQR: ₹696)",06:00,FALSE
fare_BOM-DEL_AI_2026-08-29_T+7_1787389679052_6en1,BOM-DEL,EaseMyTrip,AI,AI-2593,2026-08-29,T+7,16601,3644,20245,2026-08-22T08:49:35.553Z,TRUE,"High outlier: ₹20245 > upper fence ₹8302 (Q3: ₹7258, IQR: ₹696)",12:30,FALSE
fare_BOM-DEL_AI_2026-08-29_T+7_1787389679052_7w2x,BOM-DEL,EaseMyTrip,AI,AI-2632,2026-08-29,T+7,16794,3686,20480,2026-08-22T08:49:35.553Z,TRUE,"High outlier: ₹20480 > upper fence ₹8302 (Q3: ₹7258, IQR: ₹696)",12:00,FALSE
fare_BOM-DEL_AI_2026-08-29_T+7_1787389679052_m4n0,BOM-DEL,EaseMyTrip,AI,AI-2718,2026-08-29,T+7,21165,4646,25811,2026-08-22T08:49:35.553Z,TRUE,"High outlier: ₹25811 > upper fence ₹8302 (Q3: ₹7258, IQR: ₹696)",05:55,FALSE
fare_BOM-DEL_AI_2026-08-29_T+7_1787389679052_bprw,BOM-DEL,EaseMyTrip,AI,AI-2579,2026-08-29,T+7,23058,5062,28120,2026-08-22T08:49:35.553Z,TRUE,"High outlier: ₹28120 > upper fence ₹8302 (Q3: ₹7258, IQR: ₹696)",10:35,FALSE
fare_BOM-DEL_SG_2026-08-29_T+7_1787389679052_l0li,BOM-DEL,EaseMyTrip,SG,SG-690,2026-08-29,T+7,5188,1139,6327,2026-08-22T09:04:17.631Z,FALSE,"",01:50,TRUE
fare_BOM-DEL_SG_2026-08-29_T+7_1787389679052_c5st,BOM-DEL,EaseMyTrip,SG,SG-783,2026-08-29,T+7,5188,1139,6327,2026-08-22T09:04:17.631Z,FALSE,"",01:50,TRUE
fare_BOM-DEL_SG_2026-08-29_T+7_1787389679052_j19h,BOM-DEL,EaseMyTrip,SG,SG-723,2026-08-29,T+7,5275,1158,6433,2026-08-22T09:04:17.631Z,FALSE,"",06:25,TRUE
fare_BOM-DEL_SG_2026-08-29_T+7_1787389679052_22tt,BOM-DEL,EaseMyTrip,SG,SG-200,2026-08-29,T+7,5275,1158,6433,2026-08-22T09:04:17.631Z,FALSE,"",06:25,TRUE
fare_BOM-DEL_SG_2026-08-29_T+7_1787389679052_9k9x,BOM-DEL,EaseMyTrip,SG,SG-625,2026-08-29,T+7,5275,1158,6433,2026-08-22T09:04:17.631Z,FALSE,"",15:55,TRUE
fare_BOM-DEL_SG_2026-08-29_T+7_1787389679052_m4wp,BOM-DEL,EaseMyTrip,SG,SG-748,2026-08-29,T+7,5275,1158,6433,2026-08-22T09:04:17.631Z,FALSE,"",15:55,TRUE
fare_BOM-DEL_SG_2026-08-29_T+7_1787389679052_lbh9,BOM-DEL,EaseMyTrip,SG,SG-115,2026-08-29,T+7,5275,1158,6433,2026-08-22T09:04:17.631Z,FALSE,"",17:55,TRUE
fare_BOM-DEL_SG_2026-08-29_T+7_1787389679052_8g7o,BOM-DEL,EaseMyTrip,SG,SG-649,2026-08-29,T+7,5275,1158,6433,2026-08-22T09:04:17.631Z,FALSE,"",17:55,TRUE
fare_BOM-DEL_6E_2026-08-29_T+7_1787389679053_q5ih,BOM-DEL,EaseMyTrip,6E,6E-505,2026-08-29,T+7,5380,1181,6561,2026-08-22T09:04:17.631Z,FALSE,"",17:20,TRUE
fare_BOM-DEL_6E_2026-08-29_T+7_1787389679053_h33d,BOM-DEL,EaseMyTrip,6E,6E-138,2026-08-29,T+7,5380,1181,6561,2026-08-22T09:04:17.631Z,FALSE,"",17:20,TRUE
fare_BOM-DEL_6E_2026-08-29_T+7_1787389679053_uycy,BOM-DEL,EaseMyTrip,6E,6E-975,2026-08-29,T+7,5381,1181,6562,2026-08-22T09:04:17.631Z,FALSE,"",17:20,TRUE
fare_BOM-DEL_6E_2026-08-29_T+7_1787389679053_kp6w,BOM-DEL,EaseMyTrip,6E,6E-576,2026-08-29,T+7,5381,1181,6562,2026-08-22T09:04:17.631Z,FALSE,"",17:20,TRUE
fare_BOM-DEL_6E_2026-08-29_T+7_1787389679053_em3d,BOM-DEL,EaseMyTrip,6E,6E-314,2026-08-29,T+7,5381,1181,6562,2026-08-22T09:04:17.631Z,FALSE,"",16:00,TRUE
fare_BOM-DEL_6E_2026-08-29_T+7_1787389679053_rg7r,BOM-DEL,EaseMyTrip,6E,6E-260,2026-08-29,T+7,5381,1181,6562,2026-08-22T09:04:17.631Z,FALSE,"",16:00,TRUE
fare_BOM-DEL_6E_2026-08-29_T+7_1787389679053_lp94,BOM-DEL,EaseMyTrip,6E,6E-873,2026-08-29,T+7,5381,1181,6562,2026-08-22T09:04:17.631Z,FALSE,"",15:00,TRUE
fare_BOM-DEL_6E_2026-08-29_T+7_1787389679053_ft4x,BOM-DEL,EaseMyTrip,6E,6E-393,2026-08-29,T+7,5381,1181,6562,2026-08-22T09:04:17.631Z,FALSE,"",15:00,TRUE
fare_BOM-DEL_6E_2026-08-29_T+7_1787389679053_o778,BOM-DEL,EaseMyTrip,6E,6E-777,2026-08-29,T+7,5381,1181,6562,2026-08-22T09:04:17.631Z,FALSE,"",13:00,TRUE
fare_BOM-DEL_6E_2026-08-29_T+7_1787389679053_pb2k,BOM-DEL,EaseMyTrip,6E,6E-271,2026-08-29,T+7,5381,1181,6562,2026-08-22T09:04:17.631Z,FALSE,"",13:00,TRUE
fare_BOM-DEL_6E_2026-08-29_T+7_1787389679053_gc6b,BOM-DEL,EaseMyTrip,6E,6E-122,2026-08-29,T+7,5381,1181,6562,2026-08-22T09:04:17.631Z,FALSE,"",10:35,TRUE
fare_BOM-DEL_6E_2026-08-29_T+7_1787389679053_e5ud,BOM-DEL,EaseMyTrip,6E,6E-157,2026-08-29,T+7,5381,1181,6562,2026-08-22T09:04:17.631Z,FALSE,"",10:35,TRUE
fare_BOM-DEL_6E_2026-08-29_T+7_1787389679053_o562,BOM-DEL,EaseMyTrip,6E,6E-995,2026-08-29,T+7,5381,1181,6562,2026-08-22T09:04:17.631Z,FALSE,"",09:00,TRUE
fare_BOM-DEL_6E_2026-08-29_T+7_1787389679053_05ed,BOM-DEL,EaseMyTrip,6E,6E-811,2026-08-29,T+7,5381,1181,6562,2026-08-22T09:04:17.631Z,FALSE,"",09:00,TRUE
fare_BOM-DEL_6E_2026-08-29_T+7_1787389679053_tbuz,BOM-DEL,EaseMyTrip,6E,6E-830,2026-08-29,T+7,5510,1210,6720,2026-08-22T09:04:17.631Z,FALSE,"",05:00,TRUE
fare_BOM-DEL_6E_2026-08-29_T+7_1787389679053_2akb,BOM-DEL,EaseMyTrip,6E,6E-528,2026-08-29,T+7,5510,1210,6720,2026-08-22T09:04:17.631Z,FALSE,"",05:00,TRUE
fare_BOM-DEL_6E_2026-08-29_T+7_1787389679053_mfh6,BOM-DEL,EaseMyTrip,6E,6E-132,2026-08-29,T+7,5510,1210,6720,2026-08-22T09:04:17.631Z,FALSE,"",23:45,TRUE
fare_BOM-DEL_6E_2026-08-29_T+7_1787389679053_i1d2,BOM-DEL,EaseMyTrip,6E,6E-869,2026-08-29,T+7,5510,1210,6720,2026-08-22T09:04:17.631Z,FALSE,"",23:45,TRUE
fare_BOM-DEL_6E_2026-08-29_T+7_1787389679053_k010,BOM-DEL,EaseMyTrip,6E,6E-400,2026-08-29,T+7,5510,1210,6720,2026-08-22T09:04:17.631Z,FALSE,"",22:15,TRUE
fare_BOM-DEL_6E_2026-08-29_T+7_1787389679053_a28d,BOM-DEL,EaseMyTrip,6E,6E-249,2026-08-29,T+7,5510,1210,6720,2026-08-22T09:04:17.631Z,FALSE,"",22:15,TRUE
fare_BOM-DEL_6E_2026-08-29_T+7_1787389679053_ovtp,BOM-DEL,EaseMyTrip,6E,6E-358,2026-08-29,T+7,5510,1210,6720,2026-08-22T09:04:17.631Z,FALSE,"",21:15,TRUE
fare_BOM-DEL_6E_2026-08-29_T+7_1787389679053_vgwj,BOM-DEL,EaseMyTrip,6E,6E-734,2026-08-29,T+7,5510,1210,6720,2026-08-22T09:04:17.631Z,FALSE,"",21:15,TRUE
fare_BOM-DEL_6E_2026-08-29_T+7_1787389679053_vjvv,BOM-DEL,EaseMyTrip,6E,6E-772,2026-08-29,T+7,5510,1210,6720,2026-08-22T09:04:17.631Z,FALSE,"",19:00,TRUE
fare_BOM-DEL_6E_2026-08-29_T+7_1787389679053_iwaf,BOM-DEL,EaseMyTrip,6E,6E-882,2026-08-29,T+7,5510,1210,6720,2026-08-22T09:04:17.631Z,FALSE,"",19:00,TRUE
fare_BOM-DEL_6E_2026-08-29_T+7_1787389679053_eb81,BOM-DEL,EaseMyTrip,6E,6E-968,2026-08-29,T+7,5510,1210,6720,2026-08-22T09:04:17.631Z,FALSE,"",20:20,TRUE
fare_BOM-DEL_6E_2026-08-29_T+7_1787389679053_tjdk,BOM-DEL,EaseMyTrip,6E,6E-577,2026-08-29,T+7,5510,1210,6720,2026-08-22T09:04:17.631Z,FALSE,"",20:20,TRUE
fare_BOM-DEL_6E_2026-08-29_T+7_1787389679053_c916,BOM-DEL,EaseMyTrip,6E,6E-540,2026-08-29,T+7,5510,1210,6720,2026-08-22T09:04:17.631Z,FALSE,"",06:00,TRUE
fare_BOM-DEL_6E_2026-08-29_T+7_1787389679053_q6ta,BOM-DEL,EaseMyTrip,6E,6E-204,2026-08-29,T+7,5510,1210,6720,2026-08-22T09:04:17.631Z,FALSE,"",06:00,TRUE
fare_BOM-DEL_6E_2026-08-29_T+7_1787389679053_5ldw,BOM-DEL,EaseMyTrip,6E,6E-192,2026-08-29,T+7,5510,1210,6720,2026-08-22T09:04:17.631Z,FALSE,"",07:00,TRUE
fare_BOM-DEL_6E_2026-08-29_T+7_1787389679053_pce2,BOM-DEL,EaseMyTrip,6E,6E-219,2026-08-29,T+7,5510,1210,6720,2026-08-22T09:04:17.631Z,FALSE,"",07:00,TRUE
fare_BOM-DEL_6E_2026-08-29_T+7_1787389679053_4532,BOM-DEL,EaseMyTrip,6E,6E-791,2026-08-29,T+7,5510,1210,6720,2026-08-22T09:04:17.631Z,FALSE,"",08:00,TRUE
fare_BOM-DEL_6E_2026-08-29_T+7_1787389679053_e7uh,BOM-DEL,EaseMyTrip,6E,6E-783,2026-08-29,T+7,5510,1210,6720,2026-08-22T09:04:17.631Z,FALSE,"",08:00,TRUE
fare_BOM-DEL_6E_2026-08-29_T+7_1787389679053_ty6m,BOM-DEL,EaseMyTrip,6E,6E-940,2026-08-29,T+7,5739,1260,6999,2026-08-22T09:04:17.631Z,FALSE,"",01:30,FALSE
fare_BOM-DEL_6E_2026-08-29_T+7_1787389679053_u4gz,BOM-DEL,EaseMyTrip,6E,6E-694,2026-08-29,T+7,5739,1260,6999,2026-08-22T09:04:17.631Z,FALSE,"",01:30,FALSE
fare_BOM-DEL_6E_2026-08-29_T+7_1787389679053_sqyn,BOM-DEL,EaseMyTrip,6E,6E-275,2026-08-29,T+7,5739,1260,6999,2026-08-22T09:04:17.631Z,FALSE,"",14:40,FALSE
fare_BOM-DEL_6E_2026-08-29_T+7_1787389679053_tvmj,BOM-DEL,EaseMyTrip,6E,6E-312,2026-08-29,T+7,5739,1260,6999,2026-08-22T09:04:17.631Z,FALSE,"",14:40,FALSE
fare_BOM-DEL_6E_2026-08-29_T+7_1787389679053_8sol,BOM-DEL,EaseMyTrip,6E,6E-413,2026-08-29,T+7,5911,1298,7209,2026-08-22T09:04:17.631Z,FALSE,"",04:45,FALSE
fare_BOM-DEL_6E_2026-08-29_T+7_1787389679053_neg2,BOM-DEL,EaseMyTrip,6E,6E-523,2026-08-29,T+7,5911,1298,7209,2026-08-22T09:04:17.631Z,FALSE,"",04:45,FALSE
fare_BOM-DEL_6E_2026-08-29_T+7_1787389679053_uqs5,BOM-DEL,EaseMyTrip,6E,6E-726,2026-08-29,T+7,6019,1321,7340,2026-08-22T09:04:17.631Z,FALSE,"",17:45,FALSE
fare_BOM-DEL_6E_2026-08-29_T+7_1787389679053_uoye,BOM-DEL,EaseMyTrip,6E,6E-239,2026-08-29,T+7,6277,1378,7655,2026-08-22T09:04:17.631Z,FALSE,"",12:40,FALSE
fare_BOM-DEL_6E_2026-08-29_T+7_1787389679053_uqn5,BOM-DEL,EaseMyTrip,6E,6E-932,2026-08-29,T+7,6872,1509,8381,2026-08-22T09:04:17.631Z,TRUE,"High outlier: ₹8381 > upper fence ₹8302 (Q3: ₹7258, IQR: ₹696)",19:20,FALSE
fare_BOM-DEL_6E_2026-08-29_T+7_1787389679053_1h0i,BOM-DEL,EaseMyTrip,6E,6E-549,2026-08-29,T+7,6872,1509,8381,2026-08-22T09:04:17.631Z,TRUE,"High outlier: ₹8381 > upper fence ₹8302 (Q3: ₹7258, IQR: ₹696)",19:20,FALSE
fare_CCU-DEL_IX_2026-08-23_T+1_1787389679053_wci9,CCU-DEL,EaseMyTrip,IX,IX-1248,2026-08-23,T+1,6253,1372,7625,2026-08-22T09:05:23.010Z,FALSE,"",07:45,FALSE
fare_CCU-DEL_SG_2026-08-23_T+1_1787389679053_pol5,CCU-DEL,EaseMyTrip,SG,SG-958,2026-08-23,T+1,6272,1377,7649,2026-08-22T09:05:23.010Z,FALSE,"",23:20,TRUE
fare_CCU-DEL_SG_2026-08-23_T+1_1787389679053_sx4s,CCU-DEL,EaseMyTrip,SG,SG-610,2026-08-23,T+1,6272,1377,7649,2026-08-22T09:05:23.010Z,FALSE,"",23:20,TRUE
fare_CCU-DEL_6E_2026-08-23_T+1_1787389679053_5qdk,CCU-DEL,EaseMyTrip,6E,6E-899,2026-08-23,T+1,6859,1506,8365,2026-08-22T09:05:23.010Z,FALSE,"",07:00,TRUE
fare_CCU-DEL_6E_2026-08-23_T+1_1787389679053_rcgp,CCU-DEL,EaseMyTrip,6E,6E-159,2026-08-23,T+1,6859,1506,8365,2026-08-22T09:05:23.010Z,FALSE,"",07:00,TRUE
fare_CCU-DEL_6E_2026-08-23_T+1_1787389679053_zjqd,CCU-DEL,EaseMyTrip,6E,6E-5190,2026-08-23,T+1,6859,1506,8365,2026-08-22T09:05:23.010Z,FALSE,"",22:30,TRUE
fare_CCU-DEL_6E_2026-08-23_T+1_1787389679053_5hn6,CCU-DEL,EaseMyTrip,6E,6E-869,2026-08-23,T+1,6859,1506,8365,2026-08-22T09:05:23.010Z,FALSE,"",21:00,TRUE
fare_CCU-DEL_6E_2026-08-23_T+1_1787389679053_7jd3,CCU-DEL,EaseMyTrip,6E,6E-994,2026-08-23,T+1,6859,1506,8365,2026-08-22T09:05:23.010Z,FALSE,"",21:00,TRUE
fare_CCU-DEL_AI_2026-08-23_T+1_1787389679053_3nr6,CCU-DEL,EaseMyTrip,AI,AI-2720,2026-08-23,T+1,7023,1542,8565,2026-08-22T09:05:23.010Z,FALSE,"",07:00,TRUE
fare_CCU-DEL_AI_2026-08-23_T+1_1787389679053_sbqz,CCU-DEL,EaseMyTrip,AI,AI-2708,2026-08-23,T+1,7023,1542,8565,2026-08-22T09:05:23.010Z,FALSE,"",21:00,TRUE
fare_CCU-DEL_AI_2026-08-23_T+1_1787389679053_49vc,CCU-DEL,EaseMyTrip,AI,AI-2710,2026-08-23,T+1,7023,1542,8565,2026-08-22T09:05:23.010Z,FALSE,"",22:00,TRUE
fare_CCU-DEL_QP_2026-08-23_T+1_1787389679053_b6i7,CCU-DEL,EaseMyTrip,QP,QP-1802,2026-08-23,T+1,6921,1519,8440,2026-08-22T09:05:23.010Z,FALSE,"",09:05,TRUE
fare_CCU-DEL_6E_2026-08-23_T+1_1787389679053_yqyb,CCU-DEL,EaseMyTrip,6E,6E-2588,2026-08-23,T+1,7021,1541,8562,2026-08-22T09:05:23.010Z,FALSE,"",11:40,TRUE
fare_CCU-DEL_6E_2026-08-23_T+1_1787389679053_ycp7,CCU-DEL,EaseMyTrip,6E,6E-447,2026-08-23,T+1,7075,1553,8628,2026-08-22T09:05:23.010Z,FALSE,"",08:25,TRUE
fare_CCU-DEL_6E_2026-08-23_T+1_1787389679053_dzzh,CCU-DEL,EaseMyTrip,6E,6E-163,2026-08-23,T+1,7075,1553,8628,2026-08-22T09:05:23.010Z,FALSE,"",08:25,TRUE
fare_CCU-DEL_AI_2026-08-23_T+1_1787389679053_4e8q,CCU-DEL,EaseMyTrip,AI,AI-2778,2026-08-23,T+1,7240,1589,8829,2026-08-22T09:05:23.010Z,FALSE,"",08:30,TRUE
fare_CCU-DEL_6E_2026-08-23_T+1_1787389679053_1g6y,CCU-DEL,EaseMyTrip,6E,6E-6785,2026-08-23,T+1,7492,1645,9137,2026-08-22T09:05:23.010Z,FALSE,"",07:55,FALSE
fare_CCU-DEL_6E_2026-08-23_T+1_1787389679053_mtg7,CCU-DEL,EaseMyTrip,6E,6E-6134,2026-08-23,T+1,7665,1682,9347,2026-08-22T09:05:23.010Z,FALSE,"",16:30,FALSE
fare_CCU-DEL_AI_2026-08-23_T+1_1787389679053_4ue0,CCU-DEL,EaseMyTrip,AI,AI-2704,2026-08-23,T+1,7842,1722,9564,2026-08-22T09:05:23.010Z,FALSE,"",10:30,TRUE
fare_CCU-DEL_AI_2026-08-23_T+1_1787389679053_l2uv,CCU-DEL,EaseMyTrip,AI,AI-2536,2026-08-23,T+1,7842,1722,9564,2026-08-22T09:05:23.010Z,FALSE,"",09:30,TRUE
fare_CCU-DEL_QP_2026-08-23_T+1_1787389679053_s730,CCU-DEL,EaseMyTrip,QP,QP-1804,2026-08-23,T+1,7719,1694,9413,2026-08-22T09:05:23.010Z,FALSE,"",20:05,TRUE
fare_CCU-DEL_6E_2026-08-23_T+1_1787389679053_gbkf,CCU-DEL,EaseMyTrip,6E,6E-6139,2026-08-23,T+1,7829,1719,9548,2026-08-22T09:05:23.010Z,FALSE,"",07:10,FALSE
fare_CCU-DEL_6E_2026-08-23_T+1_1787389679053_0466,CCU-DEL,EaseMyTrip,6E,6E-473,2026-08-23,T+1,7829,1719,9548,2026-08-22T09:05:23.010Z,FALSE,"",10:45,FALSE
fare_CCU-DEL_6E_2026-08-23_T+1_1787389679053_61lf,CCU-DEL,EaseMyTrip,6E,6E-658,2026-08-23,T+1,7829,1719,9548,2026-08-22T09:05:23.010Z,FALSE,"",10:45,FALSE
fare_CCU-DEL_QP_2026-08-23_T+1_1787389679053_lt1y,CCU-DEL,EaseMyTrip,QP,QP-1136,2026-08-23,T+1,7851,1724,9575,2026-08-22T09:05:23.010Z,FALSE,"",05:10,FALSE
fare_CCU-DEL_6E_2026-08-23_T+1_1787389679053_kctz,CCU-DEL,EaseMyTrip,6E,6E-7215,2026-08-23,T+1,7937,1742,9679,2026-08-22T09:05:23.010Z,FALSE,"",18:00,FALSE
fare_CCU-DEL_6E_2026-08-23_T+1_1787389679053_s8jf,CCU-DEL,EaseMyTrip,6E,6E-439,2026-08-23,T+1,7937,1742,9679,2026-08-22T09:05:23.010Z,FALSE,"",17:05,FALSE
fare_CCU-DEL_6E_2026-08-23_T+1_1787389679053_w280,CCU-DEL,EaseMyTrip,6E,6E-928,2026-08-23,T+1,7937,1742,9679,2026-08-22T09:05:23.010Z,FALSE,"",17:05,FALSE
fare_CCU-DEL_6E_2026-08-23_T+1_1787389679053_1773,CCU-DEL,EaseMyTrip,6E,6E-798,2026-08-23,T+1,8002,1756,9758,2026-08-22T09:05:23.010Z,FALSE,"",09:45,FALSE
fare_CCU-DEL_6E_2026-08-23_T+1_1787389679053_suhd,CCU-DEL,EaseMyTrip,6E,6E-457,2026-08-23,T+1,8002,1756,9758,2026-08-22T09:05:23.010Z,FALSE,"",09:45,FALSE
fare_CCU-DEL_6E_2026-08-23_T+1_1787389679053_zewi,CCU-DEL,EaseMyTrip,6E,6E-319,2026-08-23,T+1,8002,1756,9758,2026-08-22T09:05:23.010Z,FALSE,"",09:45,FALSE
fare_CCU-DEL_6E_2026-08-23_T+1_1787389679053_q8oz,CCU-DEL,EaseMyTrip,6E,6E-296,2026-08-23,T+1,8002,1756,9758,2026-08-22T09:05:23.010Z,FALSE,"",09:45,FALSE
fare_CCU-DEL_6E_2026-08-23_T+1_1787389679053_1mzo,CCU-DEL,EaseMyTrip,6E,6E-492,2026-08-23,T+1,8065,1770,9835,2026-08-22T09:05:23.010Z,FALSE,"",10:15,TRUE
fare_CCU-DEL_6E_2026-08-23_T+1_1787389679053_4kfz,CCU-DEL,EaseMyTrip,6E,6E-261,2026-08-23,T+1,8065,1770,9835,2026-08-22T09:05:23.010Z,FALSE,"",10:15,TRUE
fare_CCU-DEL_6E_2026-08-23_T+1_1787389679053_pcxz,CCU-DEL,EaseMyTrip,6E,6E-400,2026-08-23,T+1,8088,1775,9863,2026-08-22T09:05:23.010Z,FALSE,"",12:40,FALSE
fare_CCU-DEL_6E_2026-08-23_T+1_1787389679053_asgq,CCU-DEL,EaseMyTrip,6E,6E-625,2026-08-23,T+1,8088,1775,9863,2026-08-22T09:05:23.010Z,FALSE,"",12:40,FALSE
fare_CCU-DEL_6E_2026-08-23_T+1_1787389679053_a8yd,CCU-DEL,EaseMyTrip,6E,6E-283,2026-08-23,T+1,8088,1775,9863,2026-08-22T09:05:23.010Z,FALSE,"",06:05,FALSE
fare_CCU-DEL_6E_2026-08-23_T+1_1787389679053_mypb,CCU-DEL,EaseMyTrip,6E,6E-780,2026-08-23,T+1,8088,1775,9863,2026-08-22T09:05:23.010Z,FALSE,"",06:05,FALSE
fare_CCU-DEL_6E_2026-08-23_T+1_1787389679053_ol2g,CCU-DEL,EaseMyTrip,6E,6E-789,2026-08-23,T+1,8088,1775,9863,2026-08-22T09:05:23.010Z,FALSE,"",11:30,FALSE
fare_CCU-DEL_6E_2026-08-23_T+1_1787389679053_rvwq,CCU-DEL,EaseMyTrip,6E,6E-116,2026-08-23,T+1,8088,1775,9863,2026-08-22T09:05:23.010Z,FALSE,"",11:30,FALSE
fare_CCU-DEL_6E_2026-08-23_T+1_1787389679053_n2d3,CCU-DEL,EaseMyTrip,6E,6E-294,2026-08-23,T+1,8109,1780,9889,2026-08-22T09:05:23.010Z,FALSE,"",17:45,FALSE
fare_CCU-DEL_6E_2026-08-23_T+1_1787389679053_b72h,CCU-DEL,EaseMyTrip,6E,6E-528,2026-08-23,T+1,8109,1780,9889,2026-08-22T09:05:23.010Z,FALSE,"",17:45,FALSE
fare_CCU-DEL_IX_2026-08-23_T+1_1787389679053_6299,CCU-DEL,EaseMyTrip,IX,IX-1517,2026-08-23,T+1,8466,1858,10324,2026-08-22T09:05:23.010Z,FALSE,"",07:20,FALSE
fare_CCU-DEL_6E_2026-08-23_T+1_1787389679053_bync,CCU-DEL,EaseMyTrip,6E,6E-801,2026-08-23,T+1,8281,1818,10099,2026-08-22T09:05:23.010Z,FALSE,"",06:00,FALSE
fare_CCU-DEL_6E_2026-08-23_T+1_1787389679053_mnu4,CCU-DEL,EaseMyTrip,6E,6E-762,2026-08-23,T+1,8281,1818,10099,2026-08-22T09:05:23.010Z,FALSE,"",06:00,FALSE
fare_CCU-DEL_6E_2026-08-23_T+1_1787389679053_9euv,CCU-DEL,EaseMyTrip,6E,6E-6513,2026-08-23,T+1,8281,1818,10099,2026-08-22T09:05:23.010Z,FALSE,"",08:40,FALSE
fare_CCU-DEL_6E_2026-08-23_T+1_1787389679053_zexy,CCU-DEL,EaseMyTrip,6E,6E-6623,2026-08-23,T+1,8281,1818,10099,2026-08-22T09:05:23.010Z,FALSE,"",05:20,FALSE
fare_CCU-DEL_6E_2026-08-23_T+1_1787389679053_dyd1,CCU-DEL,EaseMyTrip,6E,6E-146,2026-08-23,T+1,8281,1818,10099,2026-08-22T09:05:23.010Z,FALSE,"",06:00,FALSE
fare_CCU-DEL_6E_2026-08-23_T+1_1787389679053_k0jm,CCU-DEL,EaseMyTrip,6E,6E-683,2026-08-23,T+1,8281,1818,10099,2026-08-22T09:05:23.010Z,FALSE,"",06:00,FALSE
fare_CCU-DEL_6E_2026-08-23_T+1_1787389679053_f6s5,CCU-DEL,EaseMyTrip,6E,6E-427,2026-08-23,T+1,8883,1950,10833,2026-08-22T09:05:23.010Z,FALSE,"",19:15,TRUE
fare_CCU-DEL_6E_2026-08-23_T+1_1787389679053_7470,CCU-DEL,EaseMyTrip,6E,6E-566,2026-08-23,T+1,8883,1950,10833,2026-08-22T09:05:23.010Z,FALSE,"",19:15,TRUE
fare_CCU-DEL_AI_2026-08-23_T+1_1787389679053_xuzc,CCU-DEL,EaseMyTrip,AI,AI-1863,2026-08-23,T+1,9164,2012,11176,2026-08-22T09:05:23.010Z,FALSE,"",19:15,TRUE
fare_CCU-DEL_AI_2026-08-23_T+1_1787389679053_oeah,CCU-DEL,EaseMyTrip,AI,AI-1874,2026-08-23,T+1,9164,2012,11176,2026-08-22T09:05:23.010Z,FALSE,"",12:55,TRUE
fare_CCU-DEL_6E_2026-08-23_T+1_1787389679053_7pv2,CCU-DEL,EaseMyTrip,6E,6E-902,2026-08-23,T+1,9151,2009,11160,2026-08-22T09:05:23.010Z,FALSE,"",10:45,FALSE
fare_CCU-DEL_6E_2026-08-23_T+1_1787389679053_7v22,CCU-DEL,EaseMyTrip,6E,6E-572,2026-08-23,T+1,9151,2009,11160,2026-08-22T09:05:23.010Z,FALSE,"",10:45,FALSE
fare_CCU-DEL_6E_2026-08-23_T+1_1787389679053_3sl5,CCU-DEL,EaseMyTrip,6E,6E-6717,2026-08-23,T+1,9323,2047,11370,2026-08-22T09:05:23.010Z,FALSE,"",18:35,FALSE
fare_CCU-DEL_6E_2026-08-23_T+1_1787389679053_fpff,CCU-DEL,EaseMyTrip,6E,6E-7325,2026-08-23,T+1,9323,2047,11370,2026-08-22T09:05:23.010Z,FALSE,"",16:20,FALSE
fare_CCU-DEL_6E_2026-08-23_T+1_1787389679053_86l8,CCU-DEL,EaseMyTrip,6E,6E-7623,2026-08-23,T+1,9323,2047,11370,2026-08-22T09:05:23.010Z,FALSE,"",07:50,FALSE
fare_CCU-DEL_6E_2026-08-23_T+1_1787389679053_e6ol,CCU-DEL,EaseMyTrip,6E,6E-6358,2026-08-23,T+1,9400,2063,11463,2026-08-22T09:05:23.010Z,FALSE,"",12:00,TRUE
fare_CCU-DEL_6E_2026-08-23_T+1_1787389679053_fsxd,CCU-DEL,EaseMyTrip,6E,6E-6154,2026-08-23,T+1,9604,2108,11712,2026-08-22T09:05:23.010Z,FALSE,"",20:45,FALSE
fare_CCU-DEL_6E_2026-08-23_T+1_1787389679053_slz4,CCU-DEL,EaseMyTrip,6E,6E-6183,2026-08-23,T+1,10002,2196,12198,2026-08-22T09:05:23.010Z,FALSE,"",17:30,TRUE
fare_CCU-DEL_6E_2026-08-23_T+1_1787389679053_3xvq,CCU-DEL,EaseMyTrip,6E,6E-6516,2026-08-23,T+1,10002,2196,12198,2026-08-22T09:05:23.010Z,FALSE,"",16:10,TRUE
fare_CCU-DEL_AI_2026-08-23_T+1_1787389679053_5h61,CCU-DEL,EaseMyTrip,AI,AI-1805,2026-08-23,T+1,10172,2233,12405,2026-08-22T09:05:23.010Z,FALSE,"",16:10,TRUE
fare_CCU-DEL_6E_2026-08-23_T+1_1787389679053_qfab,CCU-DEL,EaseMyTrip,6E,6E-2275,2026-08-23,T+1,10691,2347,13038,2026-08-22T09:05:23.010Z,FALSE,"",14:00,TRUE
fare_CCU-DEL_6E_2026-08-23_T+1_1787389679053_z6bj,CCU-DEL,EaseMyTrip,6E,6E-7924,2026-08-23,T+1,10743,2358,13101,2026-08-22T09:05:23.010Z,FALSE,"",09:55,FALSE
fare_CCU-DEL_6E_2026-08-23_T+1_1787389679053_0g7g,CCU-DEL,EaseMyTrip,6E,6E-205,2026-08-23,T+1,10749,2359,13108,2026-08-22T09:05:23.010Z,FALSE,"",18:05,FALSE
fare_CCU-DEL_6E_2026-08-23_T+1_1787389679053_abka,CCU-DEL,EaseMyTrip,6E,6E-308,2026-08-23,T+1,10749,2359,13108,2026-08-22T09:05:23.010Z,FALSE,"",18:05,FALSE
fare_CCU-DEL_IX_2026-08-23_T+1_1787389679053_wfnp,CCU-DEL,EaseMyTrip,IX,IX-1514,2026-08-23,T+1,11190,2456,13646,2026-08-22T09:05:23.010Z,FALSE,"",11:50,FALSE
fare_CCU-DEL_AI_2026-08-23_T+1_1787389679053_40wl,CCU-DEL,EaseMyTrip,AI,AI-9503,2026-08-23,T+1,11223,2463,13686,2026-08-22T09:05:23.010Z,FALSE,"",07:20,FALSE
fare_CCU-DEL_6E_2026-08-23_T+1_1787389679053_4z9y,CCU-DEL,EaseMyTrip,6E,6E-499,2026-08-23,T+1,11949,2623,14572,2026-08-22T09:05:23.010Z,FALSE,"",18:55,FALSE
fare_CCU-DEL_6E_2026-08-23_T+1_1787389679053_6l6y,CCU-DEL,EaseMyTrip,6E,6E-628,2026-08-23,T+1,11949,2623,14572,2026-08-22T09:05:23.010Z,FALSE,"",18:55,FALSE
fare_CCU-DEL_6E_2026-08-23_T+1_1787389679053_hwfr,CCU-DEL,EaseMyTrip,6E,6E-344,2026-08-23,T+1,12006,2635,14641,2026-08-22T09:05:23.010Z,FALSE,"",12:50,FALSE
fare_CCU-DEL_6E_2026-08-23_T+1_1787389679053_cyi4,CCU-DEL,EaseMyTrip,6E,6E-320,2026-08-23,T+1,12100,2656,14756,2026-08-22T09:05:23.010Z,FALSE,"",14:00,FALSE
fare_CCU-DEL_6E_2026-08-23_T+1_1787389679053_oxbk,CCU-DEL,EaseMyTrip,6E,6E-433,2026-08-23,T+1,12100,2656,14756,2026-08-22T09:05:23.010Z,FALSE,"",14:00,FALSE
fare_CCU-DEL_AI_2026-08-23_T+1_1787389679053_0i2d,CCU-DEL,EaseMyTrip,AI,AI-9501,2026-08-23,T+1,12690,2785,15475,2026-08-22T09:05:23.010Z,FALSE,"",11:50,FALSE
fare_CCU-DEL_AI_2026-08-23_T+1_1787389679053_f2mj,CCU-DEL,EaseMyTrip,AI,AI-2792,2026-08-23,T+1,12930,2838,15768,2026-08-22T09:05:23.010Z,FALSE,"",06:00,FALSE
fare_CCU-DEL_QP_2026-08-23_T+1_1787389679053_aht7,CCU-DEL,EaseMyTrip,QP,QP-1126,2026-08-23,T+1,12954,2843,15797,2026-08-22T09:05:23.010Z,FALSE,"",23:00,FALSE
fare_CCU-DEL_6E_2026-08-23_T+1_1787389679053_enp8,CCU-DEL,EaseMyTrip,6E,6E-838,2026-08-23,T+1,13993,3072,17065,2026-08-22T09:05:23.010Z,FALSE,"",16:05,FALSE
fare_CCU-DEL_6E_2026-08-23_T+1_1787389679053_xc66,CCU-DEL,EaseMyTrip,6E,6E-905,2026-08-23,T+1,13993,3072,17065,2026-08-22T09:05:23.010Z,FALSE,"",16:05,FALSE
fare_CCU-DEL_AI_2026-08-23_T+1_1787389679053_1ift,CCU-DEL,EaseMyTrip,AI,AI-2410,2026-08-23,T+1,15391,3378,18769,2026-08-22T09:05:23.010Z,FALSE,"",23:00,FALSE
fare_CCU-DEL_AI_2026-08-23_T+1_1787389679053_iuhu,CCU-DEL,EaseMyTrip,AI,AI-2772,2026-08-23,T+1,15679,3442,19121,2026-08-22T09:05:23.010Z,FALSE,"",10:30,FALSE
fare_CCU-DEL_6E_2026-08-23_T+1_1787389679053_9gxl,CCU-DEL,EaseMyTrip,6E,6E-939,2026-08-23,T+1,16136,3542,19678,2026-08-22T09:05:23.010Z,FALSE,"",18:05,FALSE
fare_CCU-DEL_6E_2026-08-23_T+1_1787389679053_r87v,CCU-DEL,EaseMyTrip,6E,6E-124,2026-08-23,T+1,16416,3604,20020,2026-08-22T09:05:23.010Z,FALSE,"",16:05,FALSE
fare_CCU-DEL_6E_2026-08-23_T+1_1787389679053_o1kn,CCU-DEL,EaseMyTrip,6E,6E-367,2026-08-23,T+1,16416,3604,20020,2026-08-22T09:05:23.010Z,FALSE,"",16:05,FALSE
fare_CCU-DEL_AI_2026-08-23_T+1_1787389679053_005e,CCU-DEL,EaseMyTrip,AI,AI-2774,2026-08-23,T+1,17591,3861,21452,2026-08-22T09:05:23.010Z,FALSE,"",17:40,FALSE
fare_CCU-DEL_6E_2026-08-23_T+1_1787389679053_qf63,CCU-DEL,EaseMyTrip,6E,6E-893,2026-08-23,T+1,17794,3906,21700,2026-08-22T09:05:23.010Z,FALSE,"",13:30,FALSE
fare_CCU-DEL_6E_2026-08-23_T+1_1787389679053_62mb,CCU-DEL,EaseMyTrip,6E,6E-967,2026-08-23,T+1,17794,3906,21700,2026-08-22T09:05:23.010Z,FALSE,"",13:30,FALSE
fare_CCU-DEL_6E_2026-08-23_T+1_1787389679053_it5q,CCU-DEL,EaseMyTrip,6E,6E-764,2026-08-23,T+1,17967,3944,21911,2026-08-22T09:05:23.010Z,FALSE,"",07:10,FALSE
fare_CCU-DEL_6E_2026-08-23_T+1_1787389679053_qo5b,CCU-DEL,EaseMyTrip,6E,6E-6851,2026-08-23,T+1,18092,3972,22064,2026-08-22T09:05:23.010Z,FALSE,"",11:15,FALSE
fare_CCU-DEL_6E_2026-08-23_T+1_1787389679053_gape,CCU-DEL,EaseMyTrip,6E,6E-723,2026-08-23,T+1,18605,4084,22689,2026-08-22T09:05:23.010Z,FALSE,"",13:30,FALSE
fare_CCU-DEL_6E_2026-08-23_T+1_1787389679053_c5g4,CCU-DEL,EaseMyTrip,6E,6E-152,2026-08-23,T+1,18605,4084,22689,2026-08-22T09:05:23.010Z,FALSE,"",13:30,FALSE
fare_CCU-DEL_6E_2026-08-23_T+1_1787389679053_d45n,CCU-DEL,EaseMyTrip,6E,6E-911,2026-08-23,T+1,18887,4146,23033,2026-08-22T09:05:23.010Z,FALSE,"",10:55,FALSE
fare_CCU-DEL_6E_2026-08-23_T+1_1787389679053_tlim,CCU-DEL,EaseMyTrip,6E,6E-874,2026-08-23,T+1,18887,4146,23033,2026-08-22T09:05:23.010Z,FALSE,"",10:55,FALSE
fare_CCU-DEL_6E_2026-08-23_T+1_1787389679053_ozbi,CCU-DEL,EaseMyTrip,6E,6E-977,2026-08-23,T+1,18887,4146,23033,2026-08-22T09:05:23.010Z,FALSE,"",10:55,FALSE
fare_CCU-DEL_6E_2026-08-23_T+1_1787389679053_up6f,CCU-DEL,EaseMyTrip,6E,6E-150,2026-08-23,T+1,18887,4146,23033,2026-08-22T09:05:23.010Z,FALSE,"",10:55,FALSE
fare_CCU-DEL_6E_2026-08-23_T+1_1787389679053_mf52,CCU-DEL,EaseMyTrip,6E,6E-6749,2026-08-23,T+1,19202,4215,23417,2026-08-22T09:05:23.010Z,FALSE,"",12:30,FALSE
fare_CCU-DEL_6E_2026-08-23_T+1_1787389679053_xml5,CCU-DEL,EaseMyTrip,6E,6E-6528,2026-08-23,T+1,19748,4335,24083,2026-08-22T09:05:23.010Z,FALSE,"",17:00,FALSE
fare_CCU-DEL_6E_2026-08-23_T+1_1787389679053_ptj1,CCU-DEL,EaseMyTrip,6E,6E-6908,2026-08-23,T+1,20142,4422,24564,2026-08-22T09:05:23.010Z,FALSE,"",15:00,FALSE
fare_CCU-DEL_IX_2026-08-23_T+1_1787389679053_ixu7,CCU-DEL,EaseMyTrip,IX,IX-1382,2026-08-23,T+1,24352,5346,29698,2026-08-22T09:05:23.010Z,FALSE,"",22:20,FALSE
fare_CCU-DEL_AI_2026-08-23_T+1_1787389679053_g6lh,CCU-DEL,EaseMyTrip,AI,AI-9784,2026-08-23,T+1,25051,5499,30550,2026-08-22T09:05:23.010Z,FALSE,"",06:30,FALSE
fare_CCU-DEL_AI_2026-08-23_T+1_1787389679053_p2rk,CCU-DEL,EaseMyTrip,AI,AI-9782,2026-08-23,T+1,25302,5554,30856,2026-08-22T09:05:23.010Z,FALSE,"",16:35,FALSE
fare_CCU-DEL_IX_2026-08-23_T+1_1787389679053_tr6f,CCU-DEL,EaseMyTrip,IX,IX-1496,2026-08-23,T+1,26990,5925,32915,2026-08-22T09:05:23.010Z,TRUE,"High outlier: ₹32915 > upper fence ₹31339 (Q3: ₹18343, IQR: ₹8664)",11:15,FALSE
fare_CCU-DEL_IX_2026-08-23_T+1_1787389679053_b705,CCU-DEL,EaseMyTrip,IX,IX-1543,2026-08-23,T+1,29644,6507,36151,2026-08-22T09:05:23.010Z,TRUE,"High outlier: ₹36151 > upper fence ₹31339 (Q3: ₹18343, IQR: ₹8664)",15:15,FALSE
fare_CCU-DEL_AI_2026-08-23_T+1_1787389679053_z1vn,CCU-DEL,EaseMyTrip,AI,AI-9944,2026-08-23,T+1,30554,6707,37261,2026-08-22T09:05:23.010Z,TRUE,"High outlier: ₹37261 > upper fence ₹31339 (Q3: ₹18343, IQR: ₹8664)",06:10,FALSE
fare_CCU-DEL_AI_2026-08-23_T+1_1787389679053_bmu6,CCU-DEL,EaseMyTrip,AI,AI-9440,2026-08-23,T+1,32391,7110,39501,2026-08-22T09:05:23.010Z,TRUE,"High outlier: ₹39501 > upper fence ₹31339 (Q3: ₹18343, IQR: ₹8664)",15:15,FALSE
fare_CCU-DEL_AI_2026-08-23_T+1_1787389679053_5yje,CCU-DEL,EaseMyTrip,AI,AI-9438,2026-08-23,T+1,32460,7125,39585,2026-08-22T09:05:23.010Z,TRUE,"High outlier: ₹39585 > upper fence ₹31339 (Q3: ₹18343, IQR: ₹8664)",11:15,FALSE
fare_CCU-DEL_IX_2026-08-29_T+7_1787389679054_ow2j,CCU-DEL,EaseMyTrip,IX,IX-1256,2026-08-29,T+7,5678,1246,6924,2026-08-22T09:05:28.697Z,TRUE,"Low outlier: ₹6924 < lower fence ₹7221 (Q1: ₹8365, IQR: ₹763)",12:45,FALSE
fare_CCU-DEL_SG_2026-08-29_T+7_1787389679054_acna,CCU-DEL,EaseMyTrip,SG,SG-487,2026-08-29,T+7,5996,1316,7312,2026-08-22T09:05:28.697Z,FALSE,"",23:20,TRUE
fare_CCU-DEL_SG_2026-08-29_T+7_1787389679054_2yh6,CCU-DEL,EaseMyTrip,SG,SG-775,2026-08-29,T+7,5996,1316,7312,2026-08-22T09:05:28.697Z,FALSE,"",23:20,TRUE
fare_CCU-DEL_6E_2026-08-29_T+7_1787389679054_jcnh,CCU-DEL,EaseMyTrip,6E,6E-7924,2026-08-29,T+7,6417,1408,7825,2026-08-22T09:05:28.697Z,FALSE,"",09:55,FALSE
fare_CCU-DEL_QP_2026-08-29_T+7_1787389679054_nqps,CCU-DEL,EaseMyTrip,QP,QP-1802,2026-08-29,T+7,6676,1466,8142,2026-08-22T09:05:28.697Z,FALSE,"",09:05,TRUE
fare_CCU-DEL_6E_2026-08-29_T+7_1787389679054_96t5,CCU-DEL,EaseMyTrip,6E,6E-862,2026-08-29,T+7,6833,1500,8333,2026-08-22T09:05:28.697Z,FALSE,"",18:05,FALSE
fare_CCU-DEL_6E_2026-08-29_T+7_1787389679054_4gjp,CCU-DEL,EaseMyTrip,6E,6E-521,2026-08-29,T+7,6833,1500,8333,2026-08-22T09:05:28.697Z,FALSE,"",18:05,FALSE
fare_CCU-DEL_6E_2026-08-29_T+7_1787389679054_kv78,CCU-DEL,EaseMyTrip,6E,6E-6139,2026-08-29,T+7,6833,1500,8333,2026-08-22T09:05:28.697Z,FALSE,"",07:10,FALSE
fare_CCU-DEL_6E_2026-08-29_T+7_1787389679054_qgfk,CCU-DEL,EaseMyTrip,6E,6E-850,2026-08-29,T+7,6833,1500,8333,2026-08-22T09:05:28.697Z,FALSE,"",10:45,FALSE
fare_CCU-DEL_6E_2026-08-29_T+7_1787389679054_1j3h,CCU-DEL,EaseMyTrip,6E,6E-228,2026-08-29,T+7,6833,1500,8333,2026-08-22T09:05:28.697Z,FALSE,"",10:45,FALSE
fare_CCU-DEL_6E_2026-08-29_T+7_1787389679054_zzt3,CCU-DEL,EaseMyTrip,6E,6E-498,2026-08-29,T+7,6833,1500,8333,2026-08-22T09:05:28.697Z,FALSE,"",18:05,FALSE
fare_CCU-DEL_6E_2026-08-29_T+7_1787389679054_phhs,CCU-DEL,EaseMyTrip,6E,6E-349,2026-08-29,T+7,6833,1500,8333,2026-08-22T09:05:28.697Z,FALSE,"",18:05,FALSE
fare_CCU-DEL_6E_2026-08-29_T+7_1787389679054_ejzh,CCU-DEL,EaseMyTrip,6E,6E-368,2026-08-29,T+7,6833,1500,8333,2026-08-22T09:05:28.697Z,FALSE,"",18:00,FALSE
fare_CCU-DEL_6E_2026-08-29_T+7_1787389679054_6rsw,CCU-DEL,EaseMyTrip,6E,6E-404,2026-08-29,T+7,6833,1500,8333,2026-08-22T09:05:28.697Z,FALSE,"",18:00,FALSE
fare_CCU-DEL_6E_2026-08-29_T+7_1787389679054_bxjs,CCU-DEL,EaseMyTrip,6E,6E-126,2026-08-29,T+7,6833,1500,8333,2026-08-22T09:05:28.697Z,FALSE,"",10:45,FALSE
fare_CCU-DEL_6E_2026-08-29_T+7_1787389679054_hoxf,CCU-DEL,EaseMyTrip,6E,6E-493,2026-08-29,T+7,6833,1500,8333,2026-08-22T09:05:28.697Z,FALSE,"",10:45,FALSE
fare_CCU-DEL_6E_2026-08-29_T+7_1787389679054_vj8v,CCU-DEL,EaseMyTrip,6E,6E-185,2026-08-29,T+7,6859,1506,8365,2026-08-22T09:05:28.697Z,FALSE,"",05:20,TRUE
fare_CCU-DEL_6E_2026-08-29_T+7_1787389679054_elop,CCU-DEL,EaseMyTrip,6E,6E-718,2026-08-29,T+7,6859,1506,8365,2026-08-22T09:05:28.697Z,FALSE,"",05:20,TRUE
fare_CCU-DEL_6E_2026-08-29_T+7_1787389679054_e0ke,CCU-DEL,EaseMyTrip,6E,6E-5190,2026-08-29,T+7,6859,1506,8365,2026-08-22T09:05:28.697Z,FALSE,"",22:30,TRUE
fare_CCU-DEL_6E_2026-08-29_T+7_1787389679054_91po,CCU-DEL,EaseMyTrip,6E,6E-6183,2026-08-29,T+7,6859,1506,8365,2026-08-22T09:05:28.697Z,FALSE,"",17:30,TRUE
fare_CCU-DEL_6E_2026-08-29_T+7_1787389679054_jdeh,CCU-DEL,EaseMyTrip,6E,6E-6516,2026-08-29,T+7,6859,1506,8365,2026-08-22T09:05:28.697Z,FALSE,"",16:10,TRUE
fare_CCU-DEL_6E_2026-08-29_T+7_1787389679054_3645,CCU-DEL,EaseMyTrip,6E,6E-2285,2026-08-29,T+7,6859,1506,8365,2026-08-22T09:05:28.697Z,FALSE,"",14:40,TRUE
fare_CCU-DEL_6E_2026-08-29_T+7_1787389679054_vjs9,CCU-DEL,EaseMyTrip,6E,6E-6358,2026-08-29,T+7,6859,1506,8365,2026-08-22T09:05:28.697Z,FALSE,"",12:00,TRUE
fare_CCU-DEL_6E_2026-08-29_T+7_1787389679054_4u17,CCU-DEL,EaseMyTrip,6E,6E-866,2026-08-29,T+7,6859,1506,8365,2026-08-22T09:05:28.697Z,FALSE,"",10:15,TRUE
fare_CCU-DEL_6E_2026-08-29_T+7_1787389679054_3e50,CCU-DEL,EaseMyTrip,6E,6E-703,2026-08-29,T+7,6859,1506,8365,2026-08-22T09:05:28.697Z,FALSE,"",10:15,TRUE
fare_CCU-DEL_6E_2026-08-29_T+7_1787389679054_4wu9,CCU-DEL,EaseMyTrip,6E,6E-135,2026-08-29,T+7,6859,1506,8365,2026-08-22T09:05:28.697Z,FALSE,"",08:25,TRUE
fare_CCU-DEL_6E_2026-08-29_T+7_1787389679054_n9pi,CCU-DEL,EaseMyTrip,6E,6E-189,2026-08-29,T+7,6859,1506,8365,2026-08-22T09:05:28.697Z,FALSE,"",08:25,TRUE
fare_CCU-DEL_6E_2026-08-29_T+7_1787389679054_yzy2,CCU-DEL,EaseMyTrip,6E,6E-361,2026-08-29,T+7,6859,1506,8365,2026-08-22T09:05:28.697Z,FALSE,"",07:00,TRUE
fare_CCU-DEL_6E_2026-08-29_T+7_1787389679054_m628,CCU-DEL,EaseMyTrip,6E,6E-363,2026-08-29,T+7,6859,1506,8365,2026-08-22T09:05:28.697Z,FALSE,"",07:00,TRUE
fare_CCU-DEL_AI_2026-08-29_T+7_1787389679054_jfuw,CCU-DEL,EaseMyTrip,AI,AI-1805,2026-08-29,T+7,7023,1542,8565,2026-08-22T09:05:28.697Z,FALSE,"",16:10,TRUE
fare_CCU-DEL_AI_2026-08-29_T+7_1787389679054_pmhh,CCU-DEL,EaseMyTrip,AI,AI-2704,2026-08-29,T+7,7023,1542,8565,2026-08-22T09:05:28.697Z,FALSE,"",10:30,TRUE
fare_CCU-DEL_AI_2026-08-29_T+7_1787389679054_gvsb,CCU-DEL,EaseMyTrip,AI,AI-1874,2026-08-29,T+7,7023,1542,8565,2026-08-22T09:05:28.697Z,FALSE,"",12:55,TRUE
fare_CCU-DEL_AI_2026-08-29_T+7_1787389679054_ols1,CCU-DEL,EaseMyTrip,AI,AI-2708,2026-08-29,T+7,7023,1542,8565,2026-08-22T09:05:28.697Z,FALSE,"",21:00,TRUE
fare_CCU-DEL_AI_2026-08-29_T+7_1787389679054_r9qw,CCU-DEL,EaseMyTrip,AI,AI-2710,2026-08-29,T+7,7023,1542,8565,2026-08-22T09:05:28.697Z,FALSE,"",22:00,TRUE
fare_CCU-DEL_AI_2026-08-29_T+7_1787389679054_hsgp,CCU-DEL,EaseMyTrip,AI,AI-2536,2026-08-29,T+7,7023,1542,8565,2026-08-22T09:05:28.697Z,FALSE,"",09:30,TRUE
fare_CCU-DEL_AI_2026-08-29_T+7_1787389679054_v9ia,CCU-DEL,EaseMyTrip,AI,AI-1807,2026-08-29,T+7,7023,1542,8565,2026-08-22T09:05:28.697Z,FALSE,"",15:10,TRUE
fare_CCU-DEL_6E_2026-08-29_T+7_1787389679054_8wuf,CCU-DEL,EaseMyTrip,6E,6E-6501,2026-08-29,T+7,6940,1524,8464,2026-08-22T09:05:28.697Z,FALSE,"",14:15,FALSE
fare_CCU-DEL_6E_2026-08-29_T+7_1787389679054_kii5,CCU-DEL,EaseMyTrip,6E,6E-7215,2026-08-29,T+7,6940,1524,8464,2026-08-22T09:05:28.697Z,FALSE,"",18:00,FALSE
fare_CCU-DEL_6E_2026-08-29_T+7_1787389679054_k3uy,CCU-DEL,EaseMyTrip,6E,6E-377,2026-08-29,T+7,6982,1533,8515,2026-08-22T09:05:28.697Z,FALSE,"",18:00,FALSE
fare_CCU-DEL_6E_2026-08-29_T+7_1787389679054_a0ys,CCU-DEL,EaseMyTrip,6E,6E-539,2026-08-29,T+7,6982,1533,8515,2026-08-22T09:05:28.697Z,FALSE,"",18:00,FALSE
fare_CCU-DEL_6E_2026-08-29_T+7_1787389679054_xcdb,CCU-DEL,EaseMyTrip,6E,6E-136,2026-08-29,T+7,7005,1538,8543,2026-08-22T09:05:28.697Z,FALSE,"",11:40,FALSE
fare_CCU-DEL_6E_2026-08-29_T+7_1787389679054_41p5,CCU-DEL,EaseMyTrip,6E,6E-294,2026-08-29,T+7,7005,1538,8543,2026-08-22T09:05:28.697Z,FALSE,"",11:40,FALSE
fare_CCU-DEL_6E_2026-08-29_T+7_1787389679054_7ese,CCU-DEL,EaseMyTrip,6E,6E-7317,2026-08-29,T+7,7005,1538,8543,2026-08-22T09:05:28.697Z,FALSE,"",14:05,FALSE
fare_CCU-DEL_6E_2026-08-29_T+7_1787389679054_dgv8,CCU-DEL,EaseMyTrip,6E,6E-6717,2026-08-29,T+7,7005,1538,8543,2026-08-22T09:05:28.697Z,FALSE,"",18:35,FALSE
fare_CCU-DEL_6E_2026-08-29_T+7_1787389679054_ql2c,CCU-DEL,EaseMyTrip,6E,6E-7325,2026-08-29,T+7,7005,1538,8543,2026-08-22T09:05:28.697Z,FALSE,"",16:20,FALSE
fare_CCU-DEL_6E_2026-08-29_T+7_1787389679054_2n3h,CCU-DEL,EaseMyTrip,6E,6E-6851,2026-08-29,T+7,7005,1538,8543,2026-08-22T09:05:28.697Z,FALSE,"",11:15,FALSE
fare_CCU-DEL_6E_2026-08-29_T+7_1787389679054_pr2h,CCU-DEL,EaseMyTrip,6E,6E-2275,2026-08-29,T+7,7075,1553,8628,2026-08-22T09:05:28.697Z,FALSE,"",14:00,TRUE
fare_CCU-DEL_AI_2026-08-29_T+7_1787389679054_8dsp,CCU-DEL,EaseMyTrip,AI,AI-2720,2026-08-29,T+7,7240,1589,8829,2026-08-22T09:05:28.697Z,FALSE,"",07:00,TRUE
fare_CCU-DEL_AI_2026-08-29_T+7_1787389679054_d8o6,CCU-DEL,EaseMyTrip,AI,AI-2778,2026-08-29,T+7,7240,1589,8829,2026-08-22T09:05:28.697Z,FALSE,"",08:30,TRUE
fare_CCU-DEL_6E_2026-08-29_T+7_1787389679054_lip5,CCU-DEL,EaseMyTrip,6E,6E-6785,2026-08-29,T+7,7091,1557,8648,2026-08-22T09:05:28.697Z,FALSE,"",07:55,FALSE
fare_CCU-DEL_6E_2026-08-29_T+7_1787389679054_hmn1,CCU-DEL,EaseMyTrip,6E,6E-6134,2026-08-29,T+7,7091,1557,8648,2026-08-22T09:05:28.697Z,FALSE,"",16:30,FALSE
fare_CCU-DEL_6E_2026-08-29_T+7_1787389679054_r1fi,CCU-DEL,EaseMyTrip,6E,6E-666,2026-08-29,T+7,7091,1557,8648,2026-08-22T09:05:28.697Z,FALSE,"",12:40,FALSE
fare_CCU-DEL_6E_2026-08-29_T+7_1787389679054_7nir,CCU-DEL,EaseMyTrip,6E,6E-407,2026-08-29,T+7,7091,1557,8648,2026-08-22T09:05:28.697Z,FALSE,"",12:40,FALSE
fare_CCU-DEL_6E_2026-08-29_T+7_1787389679054_6pda,CCU-DEL,EaseMyTrip,6E,6E-196,2026-08-29,T+7,7091,1557,8648,2026-08-22T09:05:28.697Z,FALSE,"",11:30,FALSE
fare_CCU-DEL_6E_2026-08-29_T+7_1787389679054_ovlz,CCU-DEL,EaseMyTrip,6E,6E-581,2026-08-29,T+7,7091,1557,8648,2026-08-22T09:05:28.697Z,FALSE,"",11:30,FALSE
fare_CCU-DEL_6E_2026-08-29_T+7_1787389679054_v7cq,CCU-DEL,EaseMyTrip,6E,6E-340,2026-08-29,T+7,7113,1561,8674,2026-08-22T09:05:28.697Z,FALSE,"",18:55,FALSE
fare_CCU-DEL_6E_2026-08-29_T+7_1787389679054_lgbh,CCU-DEL,EaseMyTrip,6E,6E-345,2026-08-29,T+7,7113,1561,8674,2026-08-22T09:05:28.697Z,FALSE,"",18:55,FALSE
fare_CCU-DEL_QP_2026-08-29_T+7_1787389679054_c5wi,CCU-DEL,EaseMyTrip,QP,QP-1804,2026-08-29,T+7,7177,1575,8752,2026-08-22T09:05:28.697Z,FALSE,"",20:05,TRUE
fare_CCU-DEL_6E_2026-08-29_T+7_1787389679054_w4rm,CCU-DEL,EaseMyTrip,6E,6E-2513,2026-08-29,T+7,7264,1594,8858,2026-08-22T09:05:28.697Z,FALSE,"",13:55,FALSE
fare_CCU-DEL_6E_2026-08-29_T+7_1787389679054_y940,CCU-DEL,EaseMyTrip,6E,6E-425,2026-08-29,T+7,7264,1594,8858,2026-08-22T09:05:28.697Z,FALSE,"",14:00,FALSE
fare_CCU-DEL_6E_2026-08-29_T+7_1787389679054_wft3,CCU-DEL,EaseMyTrip,6E,6E-202,2026-08-29,T+7,7264,1594,8858,2026-08-22T09:05:28.697Z,FALSE,"",14:00,FALSE
fare_CCU-DEL_6E_2026-08-29_T+7_1787389679054_vm00,CCU-DEL,EaseMyTrip,6E,6E-331,2026-08-29,T+7,7264,1594,8858,2026-08-22T09:05:28.697Z,FALSE,"",12:50,FALSE
fare_CCU-DEL_6E_2026-08-29_T+7_1787389679054_3q5f,CCU-DEL,EaseMyTrip,6E,6E-452,2026-08-29,T+7,7264,1594,8858,2026-08-22T09:05:28.697Z,FALSE,"",12:50,FALSE
fare_CCU-DEL_6E_2026-08-29_T+7_1787389679054_e393,CCU-DEL,EaseMyTrip,6E,6E-766,2026-08-29,T+7,7285,1599,8884,2026-08-22T09:05:28.697Z,FALSE,"",06:00,FALSE
fare_CCU-DEL_6E_2026-08-29_T+7_1787389679054_p360,CCU-DEL,EaseMyTrip,6E,6E-295,2026-08-29,T+7,7285,1599,8884,2026-08-22T09:05:28.697Z,FALSE,"",06:00,FALSE
fare_CCU-DEL_6E_2026-08-29_T+7_1787389679054_k9mo,CCU-DEL,EaseMyTrip,6E,6E-6528,2026-08-29,T+7,7285,1599,8884,2026-08-22T09:05:28.697Z,FALSE,"",17:00,FALSE
fare_CCU-DEL_6E_2026-08-29_T+7_1787389679054_ol35,CCU-DEL,EaseMyTrip,6E,6E-304,2026-08-29,T+7,7285,1599,8884,2026-08-22T09:05:28.697Z,FALSE,"",16:05,FALSE
fare_CCU-DEL_6E_2026-08-29_T+7_1787389679054_xjle,CCU-DEL,EaseMyTrip,6E,6E-395,2026-08-29,T+7,7285,1599,8884,2026-08-22T09:05:28.697Z,FALSE,"",16:05,FALSE
fare_CCU-DEL_6E_2026-08-29_T+7_1787389679054_h9f7,CCU-DEL,EaseMyTrip,6E,6E-988,2026-08-29,T+7,7285,1599,8884,2026-08-22T09:05:28.697Z,FALSE,"",13:30,FALSE
fare_CCU-DEL_6E_2026-08-29_T+7_1787389679054_f8wp,CCU-DEL,EaseMyTrip,6E,6E-758,2026-08-29,T+7,7285,1599,8884,2026-08-22T09:05:28.697Z,FALSE,"",13:30,FALSE
fare_CCU-DEL_6E_2026-08-29_T+7_1787389679054_tft9,CCU-DEL,EaseMyTrip,6E,6E-6623,2026-08-29,T+7,7285,1599,8884,2026-08-22T09:05:28.697Z,FALSE,"",05:20,FALSE
fare_CCU-DEL_6E_2026-08-29_T+7_1787389679054_4o0b,CCU-DEL,EaseMyTrip,6E,6E-6154,2026-08-29,T+7,7285,1599,8884,2026-08-22T09:05:28.697Z,FALSE,"",20:45,FALSE
fare_CCU-DEL_6E_2026-08-29_T+7_1787389679054_yacd,CCU-DEL,EaseMyTrip,6E,6E-830,2026-08-29,T+7,7285,1599,8884,2026-08-22T09:05:28.697Z,FALSE,"",06:00,FALSE
fare_CCU-DEL_6E_2026-08-29_T+7_1787389679054_cufd,CCU-DEL,EaseMyTrip,6E,6E-785,2026-08-29,T+7,7285,1599,8884,2026-08-22T09:05:28.697Z,FALSE,"",06:00,FALSE
fare_CCU-DEL_6E_2026-08-29_T+7_1787389679054_ayb3,CCU-DEL,EaseMyTrip,6E,6E-739,2026-08-29,T+7,7333,1610,8943,2026-08-22T09:05:28.697Z,FALSE,"",19:15,TRUE
fare_CCU-DEL_6E_2026-08-29_T+7_1787389679054_3ms8,CCU-DEL,EaseMyTrip,6E,6E-325,2026-08-29,T+7,7333,1610,8943,2026-08-22T09:05:28.697Z,FALSE,"",19:15,TRUE
fare_CCU-DEL_AI_2026-08-29_T+7_1787389679054_1n7j,CCU-DEL,EaseMyTrip,AI,AI-1863,2026-08-29,T+7,7620,1673,9293,2026-08-22T09:05:28.697Z,FALSE,"",19:15,TRUE
fare_CCU-DEL_6E_2026-08-29_T+7_1787389679054_jduo,CCU-DEL,EaseMyTrip,6E,6E-6185,2026-08-29,T+7,7536,1654,9190,2026-08-22T09:05:28.697Z,FALSE,"",07:05,FALSE
fare_CCU-DEL_6E_2026-08-29_T+7_1787389679054_48b8,CCU-DEL,EaseMyTrip,6E,6E-426,2026-08-29,T+7,7815,1716,9531,2026-08-22T09:05:28.697Z,FALSE,"",13:30,FALSE
fare_CCU-DEL_6E_2026-08-29_T+7_1787389679054_qf9r,CCU-DEL,EaseMyTrip,6E,6E-570,2026-08-29,T+7,7815,1716,9531,2026-08-22T09:05:28.697Z,FALSE,"",13:30,FALSE
fare_CCU-DEL_QP_2026-08-29_T+7_1787389679054_lw55,CCU-DEL,EaseMyTrip,QP,QP-1136,2026-08-29,T+7,7851,1724,9575,2026-08-22T09:05:28.697Z,FALSE,"",05:10,FALSE
fare_CCU-DEL_6E_2026-08-29_T+7_1787389679054_ep8j,CCU-DEL,EaseMyTrip,6E,6E-7623,2026-08-29,T+7,8119,1782,9901,2026-08-22T09:05:28.697Z,FALSE,"",07:50,FALSE
fare_CCU-DEL_IX_2026-08-29_T+7_1787389679054_0evl,CCU-DEL,EaseMyTrip,IX,IX-1514,2026-08-29,T+7,8466,1858,10324,2026-08-22T09:05:28.697Z,TRUE,"High outlier: ₹10324 > upper fence ₹10273 (Q3: ₹9128, IQR: ₹763)",11:50,FALSE
fare_CCU-DEL_IX_2026-08-29_T+7_1787389679054_7lh9,CCU-DEL,EaseMyTrip,IX,IX-1517,2026-08-29,T+7,8466,1858,10324,2026-08-22T09:05:28.697Z,TRUE,"High outlier: ₹10324 > upper fence ₹10273 (Q3: ₹9128, IQR: ₹763)",07:20,FALSE
fare_CCU-DEL_QP_2026-08-29_T+7_1787389679054_5e4m,CCU-DEL,EaseMyTrip,QP,QP-1126,2026-08-29,T+7,8535,1874,10409,2026-08-22T09:05:28.697Z,TRUE,"High outlier: ₹10409 > upper fence ₹10273 (Q3: ₹9128, IQR: ₹763)",23:00,FALSE
fare_CCU-DEL_IX_2026-08-29_T+7_1787389679054_cosq,CCU-DEL,EaseMyTrip,IX,IX-1382,2026-08-29,T+7,9458,2076,11534,2026-08-22T09:05:28.697Z,TRUE,"High outlier: ₹11534 > upper fence ₹10273 (Q3: ₹9128, IQR: ₹763)",22:20,FALSE
fare_CCU-DEL_IX_2026-08-29_T+7_1787389679054_0lpp,CCU-DEL,EaseMyTrip,IX,IX-1543,2026-08-29,T+7,9458,2076,11534,2026-08-22T09:05:28.697Z,TRUE,"High outlier: ₹11534 > upper fence ₹10273 (Q3: ₹9128, IQR: ₹763)",15:15,FALSE
fare_CCU-DEL_6E_2026-08-29_T+7_1787389679054_ijl7,CCU-DEL,EaseMyTrip,6E,6E-190,2026-08-29,T+7,11114,2440,13554,2026-08-22T09:05:28.697Z,TRUE,"High outlier: ₹13554 > upper fence ₹10273 (Q3: ₹9128, IQR: ₹763)",11:25,FALSE
fare_CCU-DEL_6E_2026-08-29_T+7_1787389679054_lg4p,CCU-DEL,EaseMyTrip,6E,6E-463,2026-08-29,T+7,11114,2440,13554,2026-08-22T09:05:28.697Z,TRUE,"High outlier: ₹13554 > upper fence ₹10273 (Q3: ₹9128, IQR: ₹763)",11:25,FALSE
fare_CCU-DEL_AI_2026-08-29_T+7_1787389679054_7ahu,CCU-DEL,EaseMyTrip,AI,AI-9501,2026-08-29,T+7,11309,2482,13791,2026-08-22T09:05:28.697Z,TRUE,"High outlier: ₹13791 > upper fence ₹10273 (Q3: ₹9128, IQR: ₹763)",11:50,FALSE
fare_CCU-DEL_AI_2026-08-29_T+7_1787389679054_v7vs,CCU-DEL,EaseMyTrip,AI,AI-9503,2026-08-29,T+7,11309,2482,13791,2026-08-22T09:05:28.697Z,TRUE,"High outlier: ₹13791 > upper fence ₹10273 (Q3: ₹9128, IQR: ₹763)",07:20,FALSE
fare_CCU-DEL_6E_2026-08-29_T+7_1787389679054_qvye,CCU-DEL,EaseMyTrip,6E,6E-6908,2026-08-29,T+7,12512,2747,15259,2026-08-22T09:05:28.697Z,TRUE,"High outlier: ₹15259 > upper fence ₹10273 (Q3: ₹9128, IQR: ₹763)",15:00,FALSE
fare_CCU-DEL_AI_2026-08-29_T+7_1787389679054_fn6n,CCU-DEL,EaseMyTrip,AI,AI-2772,2026-08-29,T+7,12711,2790,15501,2026-08-22T09:05:28.697Z,TRUE,"High outlier: ₹15501 > upper fence ₹10273 (Q3: ₹9128, IQR: ₹763)",10:30,FALSE
fare_CCU-DEL_AI_2026-08-29_T+7_1787389679054_ltkm,CCU-DEL,EaseMyTrip,AI,AI-2774,2026-08-29,T+7,12930,2838,15768,2026-08-22T09:05:28.697Z,TRUE,"High outlier: ₹15768 > upper fence ₹10273 (Q3: ₹9128, IQR: ₹763)",17:40,FALSE
fare_CCU-DEL_AI_2026-08-29_T+7_1787389679054_edup,CCU-DEL,EaseMyTrip,AI,AI-2792,2026-08-29,T+7,12930,2838,15768,2026-08-22T09:05:28.697Z,TRUE,"High outlier: ₹15768 > upper fence ₹10273 (Q3: ₹9128, IQR: ₹763)",06:00,FALSE
fare_CCU-DEL_AI_2026-08-29_T+7_1787389679054_fe74,CCU-DEL,EaseMyTrip,AI,AI-9784,2026-08-29,T+7,13266,2912,16178,2026-08-22T09:05:28.697Z,TRUE,"High outlier: ₹16178 > upper fence ₹10273 (Q3: ₹9128, IQR: ₹763)",06:30,FALSE
fare_CCU-DEL_6E_2026-08-29_T+7_1787389679054_kb39,CCU-DEL,EaseMyTrip,6E,6E-6513,2026-08-29,T+7,13566,2978,16544,2026-08-22T09:05:28.697Z,TRUE,"High outlier: ₹16544 > upper fence ₹10273 (Q3: ₹9128, IQR: ₹763)",08:40,FALSE
fare_CCU-DEL_AI_2026-08-29_T+7_1787389679054_hf4z,CCU-DEL,EaseMyTrip,AI,AI-9782,2026-08-29,T+7,13880,3047,16927,2026-08-22T09:05:28.697Z,TRUE,"High outlier: ₹16927 > upper fence ₹10273 (Q3: ₹9128, IQR: ₹763)",16:35,FALSE
fare_CCU-DEL_IX_2026-08-29_T+7_1787389679054_n7nt,CCU-DEL,EaseMyTrip,IX,IX-1496,2026-08-29,T+7,14112,3098,17210,2026-08-22T09:05:28.697Z,TRUE,"High outlier: ₹17210 > upper fence ₹10273 (Q3: ₹9128, IQR: ₹763)",11:15,FALSE
fare_CCU-DEL_AI_2026-08-29_T+7_1787389679054_dyq8,CCU-DEL,EaseMyTrip,AI,AI-9440,2026-08-29,T+7,15197,3336,18533,2026-08-22T09:05:28.697Z,TRUE,"High outlier: ₹18533 > upper fence ₹10273 (Q3: ₹9128, IQR: ₹763)",15:15,FALSE
fare_CCU-DEL_AI_2026-08-29_T+7_1787389679054_94rm,CCU-DEL,EaseMyTrip,AI,AI-9438,2026-08-29,T+7,15730,3453,19183,2026-08-22T09:05:28.697Z,TRUE,"High outlier: ₹19183 > upper fence ₹10273 (Q3: ₹9128, IQR: ₹763)",11:15,FALSE
fare_CCU-DEL_AI_2026-08-29_T+7_1787389679054_mf1j,CCU-DEL,EaseMyTrip,AI,AI-9944,2026-08-29,T+7,27415,6018,33433,2026-08-22T09:05:28.697Z,TRUE,"High outlier: ₹33433 > upper fence ₹10273 (Q3: ₹9128, IQR: ₹763)",06:10,FALSE
fare_DEL-BLR_AI_2026-08-23_T+1_1787389679055_x1k1,DEL-BLR,EaseMyTrip,AI,AI-2653,2026-08-23,T+1,7505,1647,9152,2026-08-22T09:04:23.313Z,FALSE,"",04:30,TRUE
fare_DEL-BLR_AI_2026-08-23_T+1_1787389679055_iqw6,DEL-BLR,EaseMyTrip,AI,AI-2757,2026-08-23,T+1,7505,1647,9152,2026-08-22T09:04:23.313Z,FALSE,"",00:15,TRUE
fare_DEL-BLR_AI_2026-08-23_T+1_1787389679055_5n8t,DEL-BLR,EaseMyTrip,AI,AI-2502,2026-08-23,T+1,7505,1647,9152,2026-08-22T09:04:23.313Z,FALSE,"",03:15,TRUE
fare_DEL-BLR_AI_2026-08-23_T+1_1787389679055_oqaj,DEL-BLR,EaseMyTrip,AI,AI-2803,2026-08-23,T+1,7505,1647,9152,2026-08-22T09:04:23.313Z,FALSE,"",06:30,TRUE
fare_DEL-BLR_6E_2026-08-23_T+1_1787389679055_i8kr,DEL-BLR,EaseMyTrip,6E,6E-109,2026-08-23,T+1,7493,1645,9138,2026-08-22T09:04:23.313Z,FALSE,"",03:00,TRUE
fare_DEL-BLR_6E_2026-08-23_T+1_1787389679055_qnib,DEL-BLR,EaseMyTrip,6E,6E-824,2026-08-23,T+1,7493,1645,9138,2026-08-22T09:04:23.313Z,FALSE,"",03:00,TRUE
fare_DEL-BLR_6E_2026-08-23_T+1_1787389679055_o92b,DEL-BLR,EaseMyTrip,6E,6E-2314,2026-08-23,T+1,7493,1645,9138,2026-08-22T09:04:23.313Z,FALSE,"",05:45,TRUE
fare_DEL-BLR_IX_2026-08-23_T+1_1787389679055_wt75,DEL-BLR,EaseMyTrip,IX,IX-1392,2026-08-23,T+1,7794,1711,9505,2026-08-22T09:04:23.313Z,FALSE,"",23:25,FALSE
fare_DEL-BLR_QP_2026-08-23_T+1_1787389679055_puh8,DEL-BLR,EaseMyTrip,QP,QP-1350,2026-08-23,T+1,7816,1716,9532,2026-08-22T09:04:23.313Z,FALSE,"",21:55,TRUE
fare_DEL-BLR_QP_2026-08-23_T+1_1787389679055_30gn,DEL-BLR,EaseMyTrip,QP,QP-1812,2026-08-23,T+1,7816,1716,9532,2026-08-22T09:04:23.313Z,FALSE,"",22:55,TRUE
fare_DEL-BLR_6E_2026-08-23_T+1_1787389679055_b5zg,DEL-BLR,EaseMyTrip,6E,6E-181,2026-08-23,T+1,7891,1732,9623,2026-08-22T09:04:23.313Z,FALSE,"",23:30,TRUE
fare_DEL-BLR_6E_2026-08-23_T+1_1787389679055_ww62,DEL-BLR,EaseMyTrip,6E,6E-409,2026-08-23,T+1,7891,1732,9623,2026-08-22T09:04:23.313Z,FALSE,"",23:30,TRUE
fare_DEL-BLR_6E_2026-08-23_T+1_1787389679055_llek,DEL-BLR,EaseMyTrip,6E,6E-804,2026-08-23,T+1,7891,1732,9623,2026-08-22T09:04:23.313Z,FALSE,"",07:05,TRUE
fare_DEL-BLR_6E_2026-08-23_T+1_1787389679055_ue88,DEL-BLR,EaseMyTrip,6E,6E-914,2026-08-23,T+1,7891,1732,9623,2026-08-22T09:04:23.313Z,FALSE,"",07:05,TRUE
fare_DEL-BLR_IX_2026-08-23_T+1_1787389679055_x64u,DEL-BLR,EaseMyTrip,IX,IX-1230,2026-08-23,T+1,8123,1783,9906,2026-08-22T09:04:23.313Z,FALSE,"",04:25,FALSE
fare_DEL-BLR_AI_2026-08-23_T+1_1787389679055_8whi,DEL-BLR,EaseMyTrip,AI,AI-2755,2026-08-23,T+1,8421,1848,10269,2026-08-22T09:04:23.313Z,FALSE,"",22:30,TRUE
fare_DEL-BLR_6E_2026-08-23_T+1_1787389679055_vzyy,DEL-BLR,EaseMyTrip,6E,6E-736,2026-08-23,T+1,8312,1825,10137,2026-08-22T09:04:23.313Z,FALSE,"",22:00,TRUE
fare_DEL-BLR_6E_2026-08-23_T+1_1787389679055_rn6b,DEL-BLR,EaseMyTrip,6E,6E-459,2026-08-23,T+1,8312,1825,10137,2026-08-22T09:04:23.313Z,FALSE,"",22:00,TRUE
fare_DEL-BLR_AI_2026-08-23_T+1_1787389679055_n63g,DEL-BLR,EaseMyTrip,AI,AI-2412,2026-08-23,T+1,8635,1896,10531,2026-08-22T09:04:23.313Z,FALSE,"",21:30,TRUE
fare_DEL-BLR_IX_2026-08-23_T+1_1787389679055_10sk,DEL-BLR,EaseMyTrip,IX,IX-1482,2026-08-23,T+1,8760,1923,10683,2026-08-22T09:04:23.313Z,FALSE,"",08:30,TRUE
fare_DEL-BLR_AI_2026-08-23_T+1_1787389679055_i6s4,DEL-BLR,EaseMyTrip,AI,AI-427,2026-08-23,T+1,8850,1943,10793,2026-08-22T09:04:23.313Z,FALSE,"",08:30,TRUE
fare_DEL-BLR_QP_2026-08-23_T+1_1787389679055_tfqa,DEL-BLR,EaseMyTrip,QP,QP-1824,2026-08-23,T+1,8748,1920,10668,2026-08-22T09:04:23.313Z,FALSE,"",20:10,TRUE
fare_DEL-BLR_6E_2026-08-23_T+1_1787389679055_g0nl,DEL-BLR,EaseMyTrip,6E,6E-6515,2026-08-23,T+1,8761,1923,10684,2026-08-22T09:04:23.313Z,FALSE,"",20:45,TRUE
fare_DEL-BLR_AI_2026-08-23_T+1_1787389679055_7yf4,DEL-BLR,EaseMyTrip,AI,AI-2735,2026-08-23,T+1,9218,2024,11242,2026-08-22T09:04:23.313Z,FALSE,"",15:40,FALSE
fare_DEL-BLR_AI_2026-08-23_T+1_1787389679055_semk,DEL-BLR,EaseMyTrip,AI,AI-2907,2026-08-23,T+1,9218,2024,11242,2026-08-22T09:04:23.313Z,FALSE,"",11:55,FALSE
fare_DEL-BLR_6E_2026-08-23_T+1_1787389679055_bz4e,DEL-BLR,EaseMyTrip,6E,6E-908,2026-08-23,T+1,9238,2028,11266,2026-08-22T09:04:23.313Z,FALSE,"",09:30,TRUE
fare_DEL-BLR_6E_2026-08-23_T+1_1787389679055_uh7c,DEL-BLR,EaseMyTrip,6E,6E-980,2026-08-23,T+1,9238,2028,11266,2026-08-22T09:04:23.313Z,FALSE,"",09:30,TRUE
fare_DEL-BLR_6E_2026-08-23_T+1_1787389679055_k6dg,DEL-BLR,EaseMyTrip,6E,6E-507,2026-08-23,T+1,9238,2028,11266,2026-08-22T09:04:23.313Z,FALSE,"",08:20,TRUE
fare_DEL-BLR_6E_2026-08-23_T+1_1787389679055_p359,DEL-BLR,EaseMyTrip,6E,6E-851,2026-08-23,T+1,9238,2028,11266,2026-08-22T09:04:23.313Z,FALSE,"",08:20,TRUE
fare_DEL-BLR_IX_2026-08-23_T+1_1787389679055_o43q,DEL-BLR,EaseMyTrip,IX,IX-1074,2026-08-23,T+1,9509,2087,11596,2026-08-22T09:04:23.313Z,FALSE,"",10:55,FALSE
fare_DEL-BLR_AI_2026-08-23_T+1_1787389679055_b3eh,DEL-BLR,EaseMyTrip,AI,AI-2609,2026-08-23,T+1,9508,2087,11595,2026-08-22T09:04:23.313Z,FALSE,"",23:50,FALSE
fare_DEL-BLR_AI_2026-08-23_T+1_1787389679055_wyez,DEL-BLR,EaseMyTrip,AI,AI-1797,2026-08-23,T+1,9508,2087,11595,2026-08-22T09:04:23.313Z,FALSE,"",05:45,FALSE
fare_DEL-BLR_AI_2026-08-23_T+1_1787389679055_xbu9,DEL-BLR,EaseMyTrip,AI,AI-2469,2026-08-23,T+1,9508,2087,11595,2026-08-22T09:04:23.313Z,FALSE,"",04:45,FALSE
fare_DEL-BLR_AI_2026-08-23_T+1_1787389679055_5cxa,DEL-BLR,EaseMyTrip,AI,AI-2711,2026-08-23,T+1,9508,2087,11595,2026-08-22T09:04:23.313Z,FALSE,"",02:10,FALSE
fare_DEL-BLR_AI_2026-08-23_T+1_1787389679055_e869,DEL-BLR,EaseMyTrip,AI,AI-2415,2026-08-23,T+1,9548,2096,11644,2026-08-22T09:04:23.313Z,FALSE,"",09:30,TRUE
fare_DEL-BLR_QP_2026-08-23_T+1_1787389679055_ctbd,DEL-BLR,EaseMyTrip,QP,QP-1308,2026-08-23,T+1,9435,2071,11506,2026-08-22T09:04:23.313Z,FALSE,"",20:55,TRUE
fare_DEL-BLR_6E_2026-08-23_T+1_1787389679055_vq83,DEL-BLR,EaseMyTrip,6E,6E-7646,2026-08-23,T+1,9447,2074,11521,2026-08-22T09:04:23.313Z,FALSE,"",06:15,FALSE
fare_DEL-BLR_6E_2026-08-23_T+1_1787389679055_1h6n,DEL-BLR,EaseMyTrip,6E,6E-2343,2026-08-23,T+1,9473,2079,11552,2026-08-22T09:04:23.313Z,FALSE,"",02:20,FALSE
fare_DEL-BLR_AI_2026-08-23_T+1_1787389679055_d63h,DEL-BLR,EaseMyTrip,AI,AI-2809,2026-08-23,T+1,9880,2169,12049,2026-08-22T09:04:23.313Z,FALSE,"",19:30,TRUE
fare_DEL-BLR_6E_2026-08-23_T+1_1787389679055_xp9d,DEL-BLR,EaseMyTrip,6E,6E-309,2026-08-23,T+1,9743,2139,11882,2026-08-22T09:04:23.313Z,FALSE,"",19:30,TRUE
fare_DEL-BLR_6E_2026-08-23_T+1_1787389679055_29oj,DEL-BLR,EaseMyTrip,6E,6E-648,2026-08-23,T+1,9743,2139,11882,2026-08-22T09:04:23.313Z,FALSE,"",19:30,TRUE
fare_DEL-BLR_6E_2026-08-23_T+1_1787389679055_vhx9,DEL-BLR,EaseMyTrip,6E,6E-619,2026-08-23,T+1,9743,2139,11882,2026-08-22T09:04:23.313Z,FALSE,"",10:45,TRUE
fare_DEL-BLR_6E_2026-08-23_T+1_1787389679055_py79,DEL-BLR,EaseMyTrip,6E,6E-843,2026-08-23,T+1,9743,2139,11882,2026-08-22T09:04:23.313Z,FALSE,"",10:45,TRUE
fare_DEL-BLR_6E_2026-08-23_T+1_1787389679055_f5bm,DEL-BLR,EaseMyTrip,6E,6E-2456,2026-08-23,T+1,9765,2143,11908,2026-08-22T09:04:23.313Z,FALSE,"",14:55,TRUE
fare_DEL-BLR_AI_2026-08-23_T+1_1787389679055_nib4,DEL-BLR,EaseMyTrip,AI,AI-2512,2026-08-23,T+1,10051,2206,12257,2026-08-22T09:04:23.313Z,FALSE,"",19:00,TRUE
fare_DEL-BLR_IX_2026-08-23_T+1_1787389679055_a4dg,DEL-BLR,EaseMyTrip,IX,IX-1812,2026-08-23,T+1,10337,2269,12606,2026-08-22T09:04:23.313Z,FALSE,"",07:10,FALSE
fare_DEL-BLR_6E_2026-08-23_T+1_1787389679055_gpa6,DEL-BLR,EaseMyTrip,6E,6E-402,2026-08-23,T+1,10282,2257,12539,2026-08-22T09:04:23.313Z,FALSE,"",18:20,TRUE
fare_DEL-BLR_6E_2026-08-23_T+1_1787389679055_y83l,DEL-BLR,EaseMyTrip,6E,6E-960,2026-08-23,T+1,10282,2257,12539,2026-08-22T09:04:23.313Z,FALSE,"",18:20,TRUE
fare_DEL-BLR_6E_2026-08-23_T+1_1787389679055_bzoy,DEL-BLR,EaseMyTrip,6E,6E-2618,2026-08-23,T+1,10605,2328,12933,2026-08-22T09:04:23.313Z,FALSE,"",23:00,FALSE
fare_DEL-BLR_AI_2026-08-23_T+1_1787389679055_rwga,DEL-BLR,EaseMyTrip,AI,AI-2487,2026-08-23,T+1,10909,2395,13304,2026-08-22T09:04:23.313Z,FALSE,"",18:30,TRUE
fare_DEL-BLR_IX_2026-08-23_T+1_1787389679055_9npc,DEL-BLR,EaseMyTrip,IX,IX-1035,2026-08-23,T+1,10985,2411,13396,2026-08-22T09:04:23.313Z,FALSE,"",08:10,FALSE
fare_DEL-BLR_IX_2026-08-23_T+1_1787389679055_n85i,DEL-BLR,EaseMyTrip,IX,IX-1032,2026-08-23,T+1,10985,2411,13396,2026-08-22T09:04:23.313Z,FALSE,"",05:45,FALSE
fare_DEL-BLR_6E_2026-08-23_T+1_1787389679055_201e,DEL-BLR,EaseMyTrip,6E,6E-7628,2026-08-23,T+1,10863,2384,13247,2026-08-22T09:04:23.313Z,FALSE,"",15:05,FALSE
fare_DEL-BLR_AI_2026-08-23_T+1_1787389679055_7hgb,DEL-BLR,EaseMyTrip,AI,AI-2999,2026-08-23,T+1,11041,2424,13465,2026-08-22T09:04:23.313Z,FALSE,"",22:00,FALSE
fare_DEL-BLR_AI_2026-08-23_T+1_1787389679055_s1l7,DEL-BLR,EaseMyTrip,AI,AI-2943,2026-08-23,T+1,11041,2424,13465,2026-08-22T09:04:23.313Z,FALSE,"",07:30,FALSE
fare_DEL-BLR_AI_2026-08-23_T+1_1787389679055_uskf,DEL-BLR,EaseMyTrip,AI,AI-2425,2026-08-23,T+1,11041,2424,13465,2026-08-22T09:04:23.313Z,FALSE,"",10:30,FALSE
fare_DEL-BLR_AI_2026-08-23_T+1_1787389679055_2dti,DEL-BLR,EaseMyTrip,AI,AI-2933,2026-08-23,T+1,11041,2424,13465,2026-08-22T09:04:23.313Z,FALSE,"",15:30,FALSE
fare_DEL-BLR_AI_2026-08-23_T+1_1787389679055_r0f5,DEL-BLR,EaseMyTrip,AI,AI-2496,2026-08-23,T+1,11059,2427,13486,2026-08-22T09:04:23.313Z,FALSE,"",03:00,FALSE
fare_DEL-BLR_AI_2026-08-23_T+1_1787389679055_9872,DEL-BLR,EaseMyTrip,AI,AI-2819,2026-08-23,T+1,11096,2436,13532,2026-08-22T09:04:23.313Z,FALSE,"",15:00,TRUE
fare_DEL-BLR_6E_2026-08-23_T+1_1787389679055_qovs,DEL-BLR,EaseMyTrip,6E,6E-6433,2026-08-23,T+1,10993,2413,13406,2026-08-22T09:04:23.313Z,FALSE,"",16:30,FALSE
fare_DEL-BLR_AI_2026-08-23_T+1_1787389679055_2xs8,DEL-BLR,EaseMyTrip,AI,AI-2973,2026-08-23,T+1,11182,2455,13637,2026-08-22T09:04:23.313Z,FALSE,"",20:50,FALSE
fare_DEL-BLR_6E_2026-08-23_T+1_1787389679055_z7xy,DEL-BLR,EaseMyTrip,6E,6E-6470,2026-08-23,T+1,11159,2449,13608,2026-08-22T09:04:23.313Z,FALSE,"",06:55,FALSE
fare_DEL-BLR_AI_2026-08-23_T+1_1787389679055_4jhs,DEL-BLR,EaseMyTrip,AI,AI-1730,2026-08-23,T+1,11346,2491,13837,2026-08-22T09:04:23.313Z,FALSE,"",19:10,FALSE
fare_DEL-BLR_AI_2026-08-23_T+1_1787389679055_ppob,DEL-BLR,EaseMyTrip,AI,AI-415,2026-08-23,T+1,11350,2491,13841,2026-08-22T09:04:23.313Z,FALSE,"",12:40,FALSE
fare_DEL-BLR_6E_2026-08-23_T+1_1787389679055_0o15,DEL-BLR,EaseMyTrip,6E,6E-7626,2026-08-23,T+1,11223,2464,13687,2026-08-22T09:04:23.313Z,FALSE,"",10:30,FALSE
fare_DEL-BLR_6E_2026-08-23_T+1_1787389679055_ktp2,DEL-BLR,EaseMyTrip,6E,6E-2491,2026-08-23,T+1,11250,2469,13719,2026-08-22T09:04:23.313Z,FALSE,"",15:15,FALSE
fare_DEL-BLR_6E_2026-08-23_T+1_1787389679055_9ehx,DEL-BLR,EaseMyTrip,6E,6E-5073,2026-08-23,T+1,11319,2485,13804,2026-08-22T09:04:23.313Z,FALSE,"",17:05,FALSE
fare_DEL-BLR_6E_2026-08-23_T+1_1787389679055_8qn2,DEL-BLR,EaseMyTrip,6E,6E-5119,2026-08-23,T+1,11319,2485,13804,2026-08-22T09:04:23.313Z,FALSE,"",05:10,FALSE
fare_DEL-BLR_6E_2026-08-23_T+1_1787389679055_cjv7,DEL-BLR,EaseMyTrip,6E,6E-6673,2026-08-23,T+1,11319,2485,13804,2026-08-22T09:04:23.313Z,FALSE,"",21:15,FALSE
fare_DEL-BLR_6E_2026-08-23_T+1_1787389679055_9i9t,DEL-BLR,EaseMyTrip,6E,6E-6488,2026-08-23,T+1,11319,2485,13804,2026-08-22T09:04:23.313Z,FALSE,"",11:20,FALSE
fare_DEL-BLR_6E_2026-08-23_T+1_1787389679055_ymd0,DEL-BLR,EaseMyTrip,6E,6E-617,2026-08-23,T+1,11319,2485,13804,2026-08-22T09:04:23.313Z,FALSE,"",15:30,FALSE
fare_DEL-BLR_6E_2026-08-23_T+1_1787389679055_somt,DEL-BLR,EaseMyTrip,6E,6E-868,2026-08-23,T+1,11319,2485,13804,2026-08-22T09:04:23.313Z,FALSE,"",15:30,FALSE
fare_DEL-BLR_AI_2026-08-23_T+1_1787389679055_ji52,DEL-BLR,EaseMyTrip,AI,AI-2971,2026-08-23,T+1,11484,2521,14005,2026-08-22T09:04:23.313Z,FALSE,"",16:00,FALSE
fare_DEL-BLR_AI_2026-08-23_T+1_1787389679055_ngoo,DEL-BLR,EaseMyTrip,AI,AI-2420,2026-08-23,T+1,11512,2527,14039,2026-08-22T09:04:23.313Z,FALSE,"",18:00,TRUE
fare_DEL-BLR_6E_2026-08-23_T+1_1787389679055_ngja,DEL-BLR,EaseMyTrip,6E,6E-2037,2026-08-23,T+1,11384,2499,13883,2026-08-22T09:04:23.313Z,FALSE,"",17:45,FALSE
fare_DEL-BLR_6E_2026-08-23_T+1_1787389679055_vsd3,DEL-BLR,EaseMyTrip,6E,6E-6476,2026-08-23,T+1,11384,2499,13883,2026-08-22T09:04:23.313Z,FALSE,"",07:05,FALSE
fare_DEL-BLR_6E_2026-08-23_T+1_1787389679055_xscm,DEL-BLR,EaseMyTrip,6E,6E-629,2026-08-23,T+1,11384,2499,13883,2026-08-22T09:04:23.313Z,FALSE,"",12:15,FALSE
fare_DEL-BLR_6E_2026-08-23_T+1_1787389679055_apca,DEL-BLR,EaseMyTrip,6E,6E-669,2026-08-23,T+1,11384,2499,13883,2026-08-22T09:04:23.313Z,FALSE,"",12:15,FALSE
fare_DEL-BLR_6E_2026-08-23_T+1_1787389679055_c1d0,DEL-BLR,EaseMyTrip,6E,6E-7642,2026-08-23,T+1,11422,2507,13929,2026-08-22T09:04:23.313Z,FALSE,"",15:45,FALSE
fare_DEL-BLR_6E_2026-08-23_T+1_1787389679055_mtds,DEL-BLR,EaseMyTrip,6E,6E-7624,2026-08-23,T+1,11422,2507,13929,2026-08-22T09:04:23.313Z,FALSE,"",05:50,FALSE
fare_DEL-BLR_6E_2026-08-23_T+1_1787389679055_zczs,DEL-BLR,EaseMyTrip,6E,6E-220,2026-08-23,T+1,11459,2515,13974,2026-08-22T09:04:23.313Z,FALSE,"",15:45,TRUE
fare_DEL-BLR_6E_2026-08-23_T+1_1787389679055_qt2q,DEL-BLR,EaseMyTrip,6E,6E-198,2026-08-23,T+1,11459,2515,13974,2026-08-22T09:04:23.313Z,FALSE,"",15:45,TRUE
fare_DEL-BLR_6E_2026-08-23_T+1_1787389679055_4fp1,DEL-BLR,EaseMyTrip,6E,6E-892,2026-08-23,T+1,11459,2515,13974,2026-08-22T09:04:23.313Z,FALSE,"",17:00,TRUE
fare_DEL-BLR_6E_2026-08-23_T+1_1787389679055_o8yk,DEL-BLR,EaseMyTrip,6E,6E-365,2026-08-23,T+1,11459,2515,13974,2026-08-22T09:04:23.313Z,FALSE,"",17:00,TRUE
fare_DEL-BLR_6E_2026-08-23_T+1_1787389679055_njvq,DEL-BLR,EaseMyTrip,6E,6E-2364,2026-08-23,T+1,11513,2527,14040,2026-08-22T09:04:23.313Z,FALSE,"",04:50,FALSE
fare_DEL-BLR_AI_2026-08-23_T+1_1787389679055_0kod,DEL-BLR,EaseMyTrip,AI,AI-2485,2026-08-23,T+1,11715,2571,14286,2026-08-22T09:04:23.313Z,FALSE,"",12:00,TRUE
fare_DEL-BLR_6E_2026-08-23_T+1_1787389679055_quoa,DEL-BLR,EaseMyTrip,6E,6E-5191,2026-08-23,T+1,11664,2560,14224,2026-08-22T09:04:23.313Z,FALSE,"",04:45,FALSE
fare_DEL-BLR_AI_2026-08-23_T+1_1787389679055_erku,DEL-BLR,EaseMyTrip,AI,AI-2525,2026-08-23,T+1,11885,2609,14494,2026-08-22T09:04:23.313Z,FALSE,"",06:00,FALSE
fare_DEL-BLR_QP_2026-08-23_T+1_1787389679055_2kgg,DEL-BLR,EaseMyTrip,QP,QP-1942,2026-08-23,T+1,12041,2643,14684,2026-08-22T09:04:23.313Z,FALSE,"",21:05,FALSE
fare_DEL-BLR_QP_2026-08-23_T+1_1787389679055_xs2e,DEL-BLR,EaseMyTrip,QP,QP-1940,2026-08-23,T+1,12041,2643,14684,2026-08-22T09:04:23.313Z,FALSE,"",14:10,FALSE
fare_DEL-BLR_6E_2026-08-23_T+1_1787389679055_ekl0,DEL-BLR,EaseMyTrip,6E,6E-852,2026-08-23,T+1,12102,2657,14759,2026-08-22T09:04:23.313Z,FALSE,"",14:30,TRUE
fare_DEL-BLR_6E_2026-08-23_T+1_1787389679055_sycu,DEL-BLR,EaseMyTrip,6E,6E-384,2026-08-23,T+1,12102,2657,14759,2026-08-22T09:04:23.313Z,FALSE,"",14:30,TRUE
fare_DEL-BLR_6E_2026-08-23_T+1_1787389679055_dynv,DEL-BLR,EaseMyTrip,6E,6E-351,2026-08-23,T+1,12102,2657,14759,2026-08-22T09:04:23.313Z,FALSE,"",13:15,TRUE
fare_DEL-BLR_6E_2026-08-23_T+1_1787389679055_7zf2,DEL-BLR,EaseMyTrip,6E,6E-208,2026-08-23,T+1,12102,2657,14759,2026-08-22T09:04:23.313Z,FALSE,"",13:15,TRUE
fare_DEL-BLR_6E_2026-08-23_T+1_1787389679055_u9m9,DEL-BLR,EaseMyTrip,6E,6E-984,2026-08-23,T+1,12158,2669,14827,2026-08-22T09:04:23.313Z,FALSE,"",20:45,FALSE
fare_DEL-BLR_6E_2026-08-23_T+1_1787389679055_wuft,DEL-BLR,EaseMyTrip,6E,6E-271,2026-08-23,T+1,12158,2669,14827,2026-08-22T09:04:23.313Z,FALSE,"",20:45,FALSE
fare_DEL-BLR_6E_2026-08-23_T+1_1787389679055_z89y,DEL-BLR,EaseMyTrip,6E,6E-2151,2026-08-23,T+1,12199,2678,14877,2026-08-22T09:04:23.313Z,FALSE,"",19:45,FALSE
fare_DEL-BLR_6E_2026-08-23_T+1_1787389679055_5v9o,DEL-BLR,EaseMyTrip,6E,6E-2519,2026-08-23,T+1,12235,2686,14921,2026-08-22T09:04:23.313Z,FALSE,"",13:00,TRUE
fare_DEL-BLR_QP_2026-08-23_T+1_1787389679055_pcdd,DEL-BLR,EaseMyTrip,QP,QP-1822,2026-08-23,T+1,12311,2703,15014,2026-08-22T09:04:23.313Z,FALSE,"",16:40,TRUE
fare_DEL-BLR_QP_2026-08-23_T+1_1787389679055_s5yu,DEL-BLR,EaseMyTrip,QP,QP-1809,2026-08-23,T+1,12423,2727,15150,2026-08-22T09:04:23.313Z,FALSE,"",18:10,FALSE
fare_DEL-BLR_IX_2026-08-23_T+1_1787389679055_8olz,DEL-BLR,EaseMyTrip,IX,IX-1067,2026-08-23,T+1,12801,2810,15611,2026-08-22T09:04:23.313Z,FALSE,"",06:10,FALSE
fare_DEL-BLR_AI_2026-08-23_T+1_1787389679055_wfx1,DEL-BLR,EaseMyTrip,AI,AI-2797,2026-08-23,T+1,12837,2818,15655,2026-08-22T09:04:23.313Z,FALSE,"",16:30,TRUE
fare_DEL-BLR_6E_2026-08-23_T+1_1787389679055_mdvy,DEL-BLR,EaseMyTrip,6E,6E-426,2026-08-23,T+1,12698,2787,15485,2026-08-22T09:04:23.313Z,FALSE,"",18:00,FALSE
fare_DEL-BLR_6E_2026-08-23_T+1_1787389679055_kikz,DEL-BLR,EaseMyTrip,6E,6E-888,2026-08-23,T+1,12698,2787,15485,2026-08-22T09:04:23.313Z,FALSE,"",18:00,FALSE
fare_DEL-BLR_6E_2026-08-23_T+1_1787389679055_hyes,DEL-BLR,EaseMyTrip,6E,6E-501,2026-08-23,T+1,12787,2807,15594,2026-08-22T09:04:23.313Z,FALSE,"",12:20,TRUE
fare_DEL-BLR_6E_2026-08-23_T+1_1787389679055_f6zn,DEL-BLR,EaseMyTrip,6E,6E-7653,2026-08-23,T+1,12813,2813,15626,2026-08-22T09:04:23.313Z,FALSE,"",17:20,FALSE
fare_DEL-BLR_AI_2026-08-23_T+1_1787389679055_wz0u,DEL-BLR,EaseMyTrip,AI,AI-1720,2026-08-23,T+1,13089,2873,15962,2026-08-22T09:04:23.313Z,FALSE,"",20:30,FALSE
fare_DEL-BLR_IX_2026-08-23_T+1_1787389679055_nw7j,DEL-BLR,EaseMyTrip,IX,IX-1617,2026-08-23,T+1,13206,2899,16105,2026-08-22T09:04:23.313Z,FALSE,"",11:50,FALSE
fare_DEL-BLR_IX_2026-08-23_T+1_1787389679055_8ctu,DEL-BLR,EaseMyTrip,IX,IX-1070,2026-08-23,T+1,13332,2927,16259,2026-08-22T09:04:23.313Z,FALSE,"",18:40,TRUE
fare_DEL-BLR_6E_2026-08-23_T+1_1787389679055_lzgp,DEL-BLR,EaseMyTrip,6E,6E-2277,2026-08-23,T+1,13133,2883,16016,2026-08-22T09:04:23.313Z,FALSE,"",10:25,FALSE
fare_DEL-BLR_AI_2026-08-23_T+1_1787389679055_k11i,DEL-BLR,EaseMyTrip,AI,AI-2417,2026-08-23,T+1,13413,2944,16357,2026-08-22T09:04:23.313Z,FALSE,"",13:00,TRUE
fare_DEL-BLR_IX_2026-08-23_T+1_1787389679055_g34h,DEL-BLR,EaseMyTrip,IX,IX-1001,2026-08-23,T+1,13490,2961,16451,2026-08-22T09:04:23.313Z,FALSE,"",09:00,FALSE
fare_DEL-BLR_IX_2026-08-23_T+1_1787389679055_vh5w,DEL-BLR,EaseMyTrip,IX,IX-2457,2026-08-23,T+1,13706,3009,16715,2026-08-22T09:04:23.313Z,FALSE,"",11:30,FALSE
fare_DEL-BLR_AI_2026-08-23_T+1_1787389679055_84jm,DEL-BLR,EaseMyTrip,AI,AI-2560,2026-08-23,T+1,13858,3042,16900,2026-08-22T09:04:23.313Z,FALSE,"",07:00,FALSE
fare_DEL-BLR_AI_2026-08-23_T+1_1787389679055_pcpb,DEL-BLR,EaseMyTrip,AI,AI-2751,2026-08-23,T+1,13907,3053,16960,2026-08-22T09:04:23.313Z,FALSE,"",17:30,FALSE
fare_DEL-BLR_IX_2026-08-23_T+1_1787389679055_ct00,DEL-BLR,EaseMyTrip,IX,IX-1085,2026-08-23,T+1,13980,3069,17049,2026-08-22T09:04:23.313Z,FALSE,"",12:55,FALSE
fare_DEL-BLR_IX_2026-08-23_T+1_1787389679055_e3lj,DEL-BLR,EaseMyTrip,IX,IX-1069,2026-08-23,T+1,13980,3069,17049,2026-08-22T09:04:23.313Z,FALSE,"",11:35,FALSE
fare_DEL-BLR_IX_2026-08-23_T+1_1787389679055_c9z4,DEL-BLR,EaseMyTrip,IX,IX-1346,2026-08-23,T+1,14089,3093,17182,2026-08-22T09:04:23.313Z,FALSE,"",05:35,FALSE
fare_DEL-BLR_AI_2026-08-23_T+1_1787389679055_qkrr,DEL-BLR,EaseMyTrip,AI,AI-2963,2026-08-23,T+1,14133,3102,17235,2026-08-22T09:04:23.313Z,FALSE,"",09:00,FALSE
fare_DEL-BLR_AI_2026-08-23_T+1_1787389679055_9ma6,DEL-BLR,EaseMyTrip,AI,AI-2678,2026-08-23,T+1,14133,3102,17235,2026-08-22T09:04:23.313Z,FALSE,"",08:30,FALSE
fare_DEL-BLR_AI_2026-08-23_T+1_1787389679055_j4xx,DEL-BLR,EaseMyTrip,AI,AI-2975,2026-08-23,T+1,14133,3102,17235,2026-08-22T09:04:23.313Z,FALSE,"",06:30,FALSE
fare_DEL-BLR_AI_2026-08-23_T+1_1787389679055_2njo,DEL-BLR,EaseMyTrip,AI,AI-2571,2026-08-23,T+1,14175,3111,17286,2026-08-22T09:04:23.313Z,FALSE,"",05:45,FALSE
fare_DEL-BLR_IX_2026-08-23_T+1_1787389679055_ffe8,DEL-BLR,EaseMyTrip,IX,IX-2146,2026-08-23,T+1,14733,3234,17967,2026-08-22T09:04:23.313Z,FALSE,"",06:20,FALSE
fare_DEL-BLR_IX_2026-08-23_T+1_1787389679055_kyrg,DEL-BLR,EaseMyTrip,IX,IX-1815,2026-08-23,T+1,14828,3255,18083,2026-08-22T09:04:23.313Z,FALSE,"",19:05,FALSE
fare_DEL-BLR_IX_2026-08-23_T+1_1787389679055_wyxf,DEL-BLR,EaseMyTrip,IX,IX-1980,2026-08-23,T+1,14858,3261,18119,2026-08-22T09:04:23.313Z,FALSE,"",10:15,FALSE
fare_DEL-BLR_IX_2026-08-23_T+1_1787389679055_pqig,DEL-BLR,EaseMyTrip,IX,IX-1012,2026-08-23,T+1,14858,3261,18119,2026-08-22T09:04:23.313Z,FALSE,"",06:40,FALSE
fare_DEL-BLR_AI_2026-08-23_T+1_1787389679055_f6xv,DEL-BLR,EaseMyTrip,AI,AI-1785,2026-08-23,T+1,14921,3275,18196,2026-08-22T09:04:23.313Z,FALSE,"",12:00,FALSE
fare_DEL-BLR_6E_2026-08-23_T+1_1787389679055_y12h,DEL-BLR,EaseMyTrip,6E,6E-149,2026-08-23,T+1,15017,3296,18313,2026-08-22T09:04:23.313Z,FALSE,"",17:55,FALSE
fare_DEL-BLR_6E_2026-08-23_T+1_1787389679055_wydb,DEL-BLR,EaseMyTrip,6E,6E-366,2026-08-23,T+1,15017,3296,18313,2026-08-22T09:04:23.313Z,FALSE,"",17:55,FALSE
fare_DEL-BLR_IX_2026-08-23_T+1_1787389679055_9bws,DEL-BLR,EaseMyTrip,IX,IX-1395,2026-08-23,T+1,15610,3427,19037,2026-08-22T09:04:23.313Z,FALSE,"",19:15,FALSE
fare_DEL-BLR_IX_2026-08-23_T+1_1787389679055_e2tc,DEL-BLR,EaseMyTrip,IX,IX-1090,2026-08-23,T+1,15737,3454,19191,2026-08-22T09:04:23.313Z,FALSE,"",13:10,FALSE
fare_DEL-BLR_6E_2026-08-23_T+1_1787389679055_zklu,DEL-BLR,EaseMyTrip,6E,6E-2557,2026-08-23,T+1,15620,3429,19049,2026-08-22T09:04:23.313Z,FALSE,"",15:20,FALSE
fare_DEL-BLR_6E_2026-08-23_T+1_1787389679055_zhbr,DEL-BLR,EaseMyTrip,6E,6E-145,2026-08-23,T+1,15707,3448,19155,2026-08-22T09:04:23.313Z,FALSE,"",18:15,FALSE
fare_DEL-BLR_6E_2026-08-23_T+1_1787389679055_7oei,DEL-BLR,EaseMyTrip,6E,6E-743,2026-08-23,T+1,15707,3448,19155,2026-08-22T09:04:23.313Z,FALSE,"",18:15,FALSE
fare_DEL-BLR_6E_2026-08-23_T+1_1787389679055_og5l,DEL-BLR,EaseMyTrip,6E,6E-6091,2026-08-23,T+1,15707,3448,19155,2026-08-22T09:04:23.313Z,FALSE,"",15:15,FALSE
fare_DEL-BLR_IX_2026-08-23_T+1_1787389679055_m2oh,DEL-BLR,EaseMyTrip,IX,IX-1038,2026-08-23,T+1,16117,3538,19655,2026-08-22T09:04:23.313Z,FALSE,"",18:40,FALSE
fare_DEL-BLR_AI_2026-08-23_T+1_1787389679055_g2fu,DEL-BLR,EaseMyTrip,AI,AI-2458,2026-08-23,T+1,16315,3581,19896,2026-08-22T09:04:23.313Z,FALSE,"",12:10,FALSE
fare_DEL-BLR_6E_2026-08-23_T+1_1787389679055_b2gz,DEL-BLR,EaseMyTrip,6E,6E-6293,2026-08-23,T+1,16175,3551,19726,2026-08-22T09:04:23.313Z,FALSE,"",09:55,FALSE
fare_DEL-BLR_6E_2026-08-23_T+1_1787389679055_b7i3,DEL-BLR,EaseMyTrip,6E,6E-5038,2026-08-23,T+1,16348,3588,19936,2026-08-22T09:04:23.313Z,FALSE,"",14:00,FALSE
fare_DEL-BLR_AI_2026-08-23_T+1_1787389679055_a4g8,DEL-BLR,EaseMyTrip,AI,AI-2879,2026-08-23,T+1,16559,3635,20194,2026-08-22T09:04:23.313Z,FALSE,"",18:00,FALSE
fare_DEL-BLR_6E_2026-08-23_T+1_1787389679055_69mb,DEL-BLR,EaseMyTrip,6E,6E-6282,2026-08-23,T+1,16525,3627,20152,2026-08-22T09:04:23.313Z,FALSE,"",13:30,FALSE
fare_DEL-BLR_6E_2026-08-23_T+1_1787389679055_8tdz,DEL-BLR,EaseMyTrip,6E,6E-182,2026-08-23,T+1,16525,3627,20152,2026-08-22T09:04:23.313Z,FALSE,"",11:45,FALSE
fare_DEL-BLR_6E_2026-08-23_T+1_1787389679055_6irj,DEL-BLR,EaseMyTrip,6E,6E-774,2026-08-23,T+1,16525,3627,20152,2026-08-22T09:04:23.313Z,FALSE,"",11:45,FALSE
fare_DEL-BLR_6E_2026-08-23_T+1_1787389679055_u8zu,DEL-BLR,EaseMyTrip,6E,6E-5033,2026-08-23,T+1,16579,3639,20218,2026-08-22T09:04:23.313Z,FALSE,"",15:50,FALSE
fare_DEL-BLR_6E_2026-08-23_T+1_1787389679055_b972,DEL-BLR,EaseMyTrip,6E,6E-6217,2026-08-23,T+1,17145,3763,20908,2026-08-22T09:04:23.313Z,FALSE,"",16:15,FALSE
fare_DEL-BLR_6E_2026-08-23_T+1_1787389679055_d44a,DEL-BLR,EaseMyTrip,6E,6E-6212,2026-08-23,T+1,17145,3763,20908,2026-08-22T09:04:23.313Z,FALSE,"",14:45,FALSE
fare_DEL-BLR_6E_2026-08-23_T+1_1787389679055_adon,DEL-BLR,EaseMyTrip,6E,6E-491,2026-08-23,T+1,17879,3925,21804,2026-08-22T09:04:23.313Z,FALSE,"",16:30,FALSE
fare_DEL-BLR_6E_2026-08-23_T+1_1787389679055_vev6,DEL-BLR,EaseMyTrip,6E,6E-831,2026-08-23,T+1,17879,3925,21804,2026-08-22T09:04:23.313Z,FALSE,"",16:30,FALSE
fare_DEL-BLR_6E_2026-08-23_T+1_1787389679055_cuna,DEL-BLR,EaseMyTrip,6E,6E-5001,2026-08-23,T+1,18261,4009,22270,2026-08-22T09:04:23.313Z,FALSE,"",17:10,FALSE
fare_DEL-BLR_AI_2026-08-23_T+1_1787389679055_b57k,DEL-BLR,EaseMyTrip,AI,AI-1702,2026-08-23,T+1,18444,4049,22493,2026-08-22T09:04:23.313Z,FALSE,"",18:30,FALSE
fare_DEL-BLR_AI_2026-08-23_T+1_1787389679055_clb0,DEL-BLR,EaseMyTrip,AI,AI-1780,2026-08-23,T+1,18858,4139,22997,2026-08-22T09:04:23.313Z,FALSE,"",14:30,FALSE
fare_DEL-BLR_IX_2026-08-23_T+1_1787389679055_3sxd,DEL-BLR,EaseMyTrip,IX,IX-1108,2026-08-23,T+1,19078,4188,23266,2026-08-22T09:04:23.313Z,FALSE,"",05:00,FALSE
fare_DEL-BLR_6E_2026-08-23_T+1_1787389679055_fel9,DEL-BLR,EaseMyTrip,6E,6E-6459,2026-08-23,T+1,18899,4149,23048,2026-08-22T09:04:23.313Z,FALSE,"",05:55,FALSE
fare_DEL-BLR_AI_2026-08-23_T+1_1787389679055_sq1j,DEL-BLR,EaseMyTrip,AI,AI-2519,2026-08-23,T+1,19191,4213,23404,2026-08-22T09:04:23.313Z,FALSE,"",16:00,FALSE
fare_DEL-BLR_AI_2026-08-23_T+1_1787389679055_7vgi,DEL-BLR,EaseMyTrip,AI,AI-2439,2026-08-23,T+1,19255,4227,23482,2026-08-22T09:04:23.313Z,FALSE,"",23:00,FALSE
fare_DEL-BLR_AI_2026-08-23_T+1_1787389679055_58vi,DEL-BLR,EaseMyTrip,AI,AI-2877,2026-08-23,T+1,20111,4415,24526,2026-08-22T09:04:23.313Z,FALSE,"",12:45,FALSE
fare_DEL-BLR_6E_2026-08-23_T+1_1787389679055_e284,DEL-BLR,EaseMyTrip,6E,6E-6437,2026-08-23,T+1,20556,4512,25068,2026-08-22T09:04:23.313Z,FALSE,"",16:25,FALSE
fare_DEL-BLR_AI_2026-08-23_T+1_1787389679055_s2i1,DEL-BLR,EaseMyTrip,AI,AI-2705,2026-08-23,T+1,21445,4708,26153,2026-08-22T09:04:23.313Z,FALSE,"",07:30,FALSE
fare_DEL-BLR_IX_2026-08-23_T+1_1787389679055_im0m,DEL-BLR,EaseMyTrip,IX,IX-1461,2026-08-23,T+1,21890,4805,26695,2026-08-22T09:04:23.313Z,FALSE,"",05:35,FALSE
fare_DEL-BLR_6E_2026-08-23_T+1_1787389679055_o7vk,DEL-BLR,EaseMyTrip,6E,6E-746,2026-08-23,T+1,21733,4771,26504,2026-08-22T09:04:23.313Z,FALSE,"",19:35,FALSE
fare_DEL-BLR_6E_2026-08-23_T+1_1787389679055_cocw,DEL-BLR,EaseMyTrip,6E,6E-274,2026-08-23,T+1,21733,4771,26504,2026-08-22T09:04:23.313Z,FALSE,"",19:35,FALSE
fare_DEL-BLR_AI_2026-08-23_T+1_1787389679055_yhvu,DEL-BLR,EaseMyTrip,AI,AI-2627,2026-08-23,T+1,21905,4809,26714,2026-08-22T09:04:23.313Z,FALSE,"",10:45,FALSE
fare_DEL-BLR_IX_2026-08-23_T+1_1787389679055_202c,DEL-BLR,EaseMyTrip,IX,IX-1057,2026-08-23,T+1,24461,5370,29831,2026-08-22T09:04:23.313Z,TRUE,"High outlier: ₹29831 > upper fence ₹27385 (Q3: ₹18083, IQR: ₹6201)",05:25,FALSE
fare_DEL-BLR_AI_2026-08-23_T+1_1787389679055_kzre,DEL-BLR,EaseMyTrip,AI,AI-429,2026-08-23,T+1,25182,5528,30710,2026-08-22T09:04:23.313Z,TRUE,"High outlier: ₹30710 > upper fence ₹27385 (Q3: ₹18083, IQR: ₹6201)",10:20,FALSE
fare_DEL-BLR_AI_2026-08-23_T+1_1787389679055_u847,DEL-BLR,EaseMyTrip,AI,AI-1747,2026-08-23,T+1,25208,5534,30742,2026-08-22T09:04:23.313Z,TRUE,"High outlier: ₹30742 > upper fence ₹27385 (Q3: ₹18083, IQR: ₹6201)",07:10,FALSE
fare_DEL-BLR_6E_2026-08-29_T+7_1787389679056_z672,DEL-BLR,EaseMyTrip,6E,6E-939,2026-08-29,T+7,7118,1563,8681,2026-08-22T09:04:30.012Z,FALSE,"",03:00,TRUE
fare_DEL-BLR_6E_2026-08-29_T+7_1787389679056_p60z,DEL-BLR,EaseMyTrip,6E,6E-556,2026-08-29,T+7,7118,1563,8681,2026-08-22T09:04:30.012Z,FALSE,"",03:00,TRUE
fare_DEL-BLR_6E_2026-08-29_T+7_1787389679056_qfi5,DEL-BLR,EaseMyTrip,6E,6E-2314,2026-08-29,T+7,7118,1563,8681,2026-08-22T09:04:30.012Z,FALSE,"",05:45,TRUE
fare_DEL-BLR_IX_2026-08-29_T+7_1787389679056_1hsn,DEL-BLR,EaseMyTrip,IX,IX-1001,2026-08-29,T+7,7377,1619,8996,2026-08-22T09:04:30.012Z,FALSE,"",09:00,FALSE
fare_DEL-BLR_IX_2026-08-29_T+7_1787389679056_gguf,DEL-BLR,EaseMyTrip,IX,IX-1054,2026-08-29,T+7,7549,1657,9206,2026-08-22T09:04:30.012Z,FALSE,"",12:25,FALSE
fare_DEL-BLR_IX_2026-08-29_T+7_1787389679056_44ld,DEL-BLR,EaseMyTrip,IX,IX-1046,2026-08-29,T+7,7549,1657,9206,2026-08-22T09:04:30.012Z,FALSE,"",07:00,FALSE
fare_DEL-BLR_IX_2026-08-29_T+7_1787389679056_da8d,DEL-BLR,EaseMyTrip,IX,IX-1230,2026-08-29,T+7,7549,1657,9206,2026-08-22T09:04:30.012Z,FALSE,"",04:25,FALSE
fare_DEL-BLR_6E_2026-08-29_T+7_1787389679056_e1rb,DEL-BLR,EaseMyTrip,6E,6E-784,2026-08-29,T+7,7493,1645,9138,2026-08-22T09:04:30.012Z,FALSE,"",08:20,TRUE
fare_DEL-BLR_6E_2026-08-29_T+7_1787389679056_k8yy,DEL-BLR,EaseMyTrip,6E,6E-590,2026-08-29,T+7,7493,1645,9138,2026-08-22T09:04:30.012Z,FALSE,"",08:20,TRUE
fare_DEL-BLR_6E_2026-08-29_T+7_1787389679056_1e8t,DEL-BLR,EaseMyTrip,6E,6E-130,2026-08-29,T+7,7493,1645,9138,2026-08-22T09:04:30.012Z,FALSE,"",07:05,TRUE
fare_DEL-BLR_6E_2026-08-29_T+7_1787389679056_lwzw,DEL-BLR,EaseMyTrip,6E,6E-595,2026-08-29,T+7,7493,1645,9138,2026-08-22T09:04:30.012Z,FALSE,"",07:05,TRUE
fare_DEL-BLR_AI_2026-08-29_T+7_1787389679056_d58v,DEL-BLR,EaseMyTrip,AI,AI-2653,2026-08-29,T+7,7879,1729,9608,2026-08-22T09:04:30.012Z,FALSE,"",04:30,TRUE
fare_DEL-BLR_AI_2026-08-29_T+7_1787389679056_g40k,DEL-BLR,EaseMyTrip,AI,AI-2757,2026-08-29,T+7,7879,1729,9608,2026-08-22T09:04:30.012Z,FALSE,"",00:15,TRUE
fare_DEL-BLR_AI_2026-08-29_T+7_1787389679056_w7qy,DEL-BLR,EaseMyTrip,AI,AI-2502,2026-08-29,T+7,7879,1729,9608,2026-08-22T09:04:30.012Z,FALSE,"",03:15,TRUE
fare_DEL-BLR_AI_2026-08-29_T+7_1787389679056_xbnt,DEL-BLR,EaseMyTrip,AI,AI-2803,2026-08-29,T+7,7879,1729,9608,2026-08-22T09:04:30.012Z,FALSE,"",06:30,TRUE
fare_DEL-BLR_AI_2026-08-29_T+7_1787389679056_1ccv,DEL-BLR,EaseMyTrip,AI,AI-1769,2026-08-29,T+7,7879,1729,9608,2026-08-22T09:04:30.012Z,FALSE,"",08:40,TRUE
fare_DEL-BLR_IX_2026-08-29_T+7_1787389679056_8dft,DEL-BLR,EaseMyTrip,IX,IX-1035,2026-08-29,T+7,7951,1745,9696,2026-08-22T09:04:30.012Z,FALSE,"",08:10,FALSE
fare_DEL-BLR_IX_2026-08-29_T+7_1787389679056_09ka,DEL-BLR,EaseMyTrip,IX,IX-1032,2026-08-29,T+7,7951,1745,9696,2026-08-22T09:04:30.012Z,FALSE,"",05:45,FALSE
fare_DEL-BLR_AI_2026-08-29_T+7_1787389679056_g4ee,DEL-BLR,EaseMyTrip,AI,AI-427,2026-08-29,T+7,8015,1759,9774,2026-08-22T09:04:30.012Z,FALSE,"",08:30,TRUE
fare_DEL-BLR_6E_2026-08-29_T+7_1787389679056_7f28,DEL-BLR,EaseMyTrip,6E,6E-2519,2026-08-29,T+7,7890,1732,9622,2026-08-22T09:04:30.012Z,FALSE,"",13:00,TRUE
fare_DEL-BLR_6E_2026-08-29_T+7_1787389679056_71x6,DEL-BLR,EaseMyTrip,6E,6E-793,2026-08-29,T+7,7891,1732,9623,2026-08-22T09:04:30.012Z,FALSE,"",09:30,TRUE
fare_DEL-BLR_6E_2026-08-29_T+7_1787389679056_13xj,DEL-BLR,EaseMyTrip,6E,6E-643,2026-08-29,T+7,7891,1732,9623,2026-08-22T09:04:30.012Z,FALSE,"",09:30,TRUE
fare_DEL-BLR_AI_2026-08-29_T+7_1787389679056_6oi0,DEL-BLR,EaseMyTrip,AI,AI-2415,2026-08-29,T+7,8277,1817,10094,2026-08-22T09:04:30.012Z,FALSE,"",09:30,TRUE
fare_DEL-BLR_IX_2026-08-29_T+7_1787389679056_buz6,DEL-BLR,EaseMyTrip,IX,IX-1085,2026-08-29,T+7,8361,1835,10196,2026-08-22T09:04:30.012Z,FALSE,"",12:55,FALSE
fare_DEL-BLR_IX_2026-08-29_T+7_1787389679056_wbnl,DEL-BLR,EaseMyTrip,IX,IX-1069,2026-08-29,T+7,8361,1835,10196,2026-08-22T09:04:30.012Z,FALSE,"",11:35,FALSE
fare_DEL-BLR_IX_2026-08-29_T+7_1787389679056_beyb,DEL-BLR,EaseMyTrip,IX,IX-1257,2026-08-29,T+7,8533,1873,10406,2026-08-22T09:04:30.012Z,FALSE,"",22:25,FALSE
fare_DEL-BLR_IX_2026-08-29_T+7_1787389679056_m2c1,DEL-BLR,EaseMyTrip,IX,IX-1346,2026-08-29,T+7,8533,1873,10406,2026-08-22T09:04:30.012Z,FALSE,"",05:35,FALSE
fare_DEL-BLR_IX_2026-08-29_T+7_1787389679056_fszw,DEL-BLR,EaseMyTrip,IX,IX-2146,2026-08-29,T+7,8533,1873,10406,2026-08-22T09:04:30.012Z,FALSE,"",06:20,FALSE
fare_DEL-BLR_6E_2026-08-29_T+7_1787389679056_fjb8,DEL-BLR,EaseMyTrip,6E,6E-301,2026-08-29,T+7,8560,1879,10439,2026-08-22T09:04:30.012Z,FALSE,"",02:25,FALSE
fare_DEL-BLR_6E_2026-08-29_T+7_1787389679056_8f7t,DEL-BLR,EaseMyTrip,6E,6E-949,2026-08-29,T+7,8560,1879,10439,2026-08-22T09:04:30.012Z,FALSE,"",02:25,FALSE
fare_DEL-BLR_IX_2026-08-29_T+7_1787389679056_lvhw,DEL-BLR,EaseMyTrip,IX,IX-2457,2026-08-29,T+7,8853,1943,10796,2026-08-22T09:04:30.012Z,FALSE,"",11:30,FALSE
fare_DEL-BLR_SG_2026-08-29_T+7_1787389679056_rz0u,DEL-BLR,EaseMyTrip,SG,SG-146,2026-08-29,T+7,8893,1952,10845,2026-08-22T09:04:30.012Z,FALSE,"",18:35,FALSE
fare_DEL-BLR_SG_2026-08-29_T+7_1787389679056_3vds,DEL-BLR,EaseMyTrip,SG,SG-292,2026-08-29,T+7,8893,1952,10845,2026-08-22T09:04:30.012Z,FALSE,"",18:35,FALSE
fare_DEL-BLR_6E_2026-08-29_T+7_1787389679056_lxkw,DEL-BLR,EaseMyTrip,6E,6E-473,2026-08-29,T+7,8761,1923,10684,2026-08-22T09:04:30.012Z,FALSE,"",22:00,TRUE
fare_DEL-BLR_6E_2026-08-29_T+7_1787389679056_mui2,DEL-BLR,EaseMyTrip,6E,6E-203,2026-08-29,T+7,8761,1923,10684,2026-08-22T09:04:30.012Z,FALSE,"",22:00,TRUE
fare_DEL-BLR_6E_2026-08-29_T+7_1787389679056_qhco,DEL-BLR,EaseMyTrip,6E,6E-6515,2026-08-29,T+7,8761,1923,10684,2026-08-22T09:04:30.012Z,FALSE,"",20:45,TRUE
fare_DEL-BLR_6E_2026-08-29_T+7_1787389679056_0kvc,DEL-BLR,EaseMyTrip,6E,6E-823,2026-08-29,T+7,8761,1923,10684,2026-08-22T09:04:30.012Z,FALSE,"",10:45,TRUE
fare_DEL-BLR_6E_2026-08-29_T+7_1787389679056_zqc0,DEL-BLR,EaseMyTrip,6E,6E-504,2026-08-29,T+7,8761,1923,10684,2026-08-22T09:04:30.012Z,FALSE,"",10:45,TRUE
fare_DEL-BLR_6E_2026-08-29_T+7_1787389679056_bls3,DEL-BLR,EaseMyTrip,6E,6E-338,2026-08-29,T+7,8761,1923,10684,2026-08-22T09:04:30.012Z,FALSE,"",12:20,TRUE
fare_DEL-BLR_6E_2026-08-29_T+7_1787389679056_fhof,DEL-BLR,EaseMyTrip,6E,6E-542,2026-08-29,T+7,8761,1923,10684,2026-08-22T09:04:30.012Z,FALSE,"",12:20,TRUE
fare_DEL-BLR_6E_2026-08-29_T+7_1787389679056_bz2s,DEL-BLR,EaseMyTrip,6E,6E-2456,2026-08-29,T+7,8767,1925,10692,2026-08-22T09:04:30.012Z,FALSE,"",14:55,TRUE
fare_DEL-BLR_IX_2026-08-29_T+7_1787389679056_4y80,DEL-BLR,EaseMyTrip,IX,IX-1197,2026-08-29,T+7,9025,1981,11006,2026-08-22T09:04:30.012Z,FALSE,"",19:25,FALSE
fare_DEL-BLR_IX_2026-08-29_T+7_1787389679056_gdrg,DEL-BLR,EaseMyTrip,IX,IX-1510,2026-08-29,T+7,9025,1981,11006,2026-08-22T09:04:30.012Z,FALSE,"",11:20,FALSE
fare_DEL-BLR_6E_2026-08-29_T+7_1787389679056_yi6q,DEL-BLR,EaseMyTrip,6E,6E-116,2026-08-29,T+7,8855,1944,10799,2026-08-22T09:04:30.012Z,FALSE,"",17:55,FALSE
fare_DEL-BLR_6E_2026-08-29_T+7_1787389679056_7vih,DEL-BLR,EaseMyTrip,6E,6E-482,2026-08-29,T+7,8855,1944,10799,2026-08-22T09:04:30.012Z,FALSE,"",17:55,FALSE
fare_DEL-BLR_6E_2026-08-29_T+7_1787389679056_to67,DEL-BLR,EaseMyTrip,6E,6E-6293,2026-08-29,T+7,8855,1944,10799,2026-08-22T09:04:30.012Z,FALSE,"",09:55,FALSE
fare_DEL-BLR_6E_2026-08-29_T+7_1787389679056_clac,DEL-BLR,EaseMyTrip,6E,6E-6282,2026-08-29,T+7,9009,1977,10986,2026-08-22T09:04:30.012Z,FALSE,"",13:30,FALSE
fare_DEL-BLR_6E_2026-08-29_T+7_1787389679056_kspp,DEL-BLR,EaseMyTrip,6E,6E-2343,2026-08-29,T+7,9038,1984,11022,2026-08-22T09:04:30.012Z,FALSE,"",02:20,FALSE
fare_DEL-BLR_SG_2026-08-29_T+7_1787389679056_16l6,DEL-BLR,EaseMyTrip,SG,SG-981,2026-08-29,T+7,9355,2054,11409,2026-08-22T09:04:30.012Z,FALSE,"",14:30,FALSE
fare_DEL-BLR_SG_2026-08-29_T+7_1787389679056_al61,DEL-BLR,EaseMyTrip,SG,SG-550,2026-08-29,T+7,9355,2054,11409,2026-08-22T09:04:30.012Z,FALSE,"",14:30,FALSE
fare_DEL-BLR_6E_2026-08-29_T+7_1787389679056_vcc2,DEL-BLR,EaseMyTrip,6E,6E-627,2026-08-29,T+7,9238,2028,11266,2026-08-22T09:04:30.012Z,FALSE,"",19:30,TRUE
fare_DEL-BLR_6E_2026-08-29_T+7_1787389679056_j4fh,DEL-BLR,EaseMyTrip,6E,6E-572,2026-08-29,T+7,9238,2028,11266,2026-08-22T09:04:30.012Z,FALSE,"",19:30,TRUE
fare_DEL-BLR_6E_2026-08-29_T+7_1787389679056_q59n,DEL-BLR,EaseMyTrip,6E,6E-239,2026-08-29,T+7,9238,2028,11266,2026-08-22T09:04:30.012Z,FALSE,"",18:20,TRUE
fare_DEL-BLR_6E_2026-08-29_T+7_1787389679056_m68u,DEL-BLR,EaseMyTrip,6E,6E-593,2026-08-29,T+7,9238,2028,11266,2026-08-22T09:04:30.012Z,FALSE,"",18:20,TRUE
fare_DEL-BLR_6E_2026-08-29_T+7_1787389679056_brq1,DEL-BLR,EaseMyTrip,6E,6E-910,2026-08-29,T+7,9238,2028,11266,2026-08-22T09:04:30.012Z,FALSE,"",15:45,TRUE
fare_DEL-BLR_6E_2026-08-29_T+7_1787389679056_xweb,DEL-BLR,EaseMyTrip,6E,6E-104,2026-08-29,T+7,9238,2028,11266,2026-08-22T09:04:30.012Z,FALSE,"",15:45,TRUE
fare_DEL-BLR_6E_2026-08-29_T+7_1787389679056_uvh4,DEL-BLR,EaseMyTrip,6E,6E-750,2026-08-29,T+7,9238,2028,11266,2026-08-22T09:04:30.012Z,FALSE,"",14:30,TRUE
fare_DEL-BLR_6E_2026-08-29_T+7_1787389679056_f4kt,DEL-BLR,EaseMyTrip,6E,6E-722,2026-08-29,T+7,9238,2028,11266,2026-08-22T09:04:30.012Z,FALSE,"",14:30,TRUE
fare_DEL-BLR_6E_2026-08-29_T+7_1787389679056_nzv1,DEL-BLR,EaseMyTrip,6E,6E-421,2026-08-29,T+7,9238,2028,11266,2026-08-22T09:04:30.012Z,FALSE,"",17:00,TRUE
fare_DEL-BLR_6E_2026-08-29_T+7_1787389679056_u1wn,DEL-BLR,EaseMyTrip,6E,6E-690,2026-08-29,T+7,9238,2028,11266,2026-08-22T09:04:30.012Z,FALSE,"",17:00,TRUE
fare_DEL-BLR_6E_2026-08-29_T+7_1787389679056_l22l,DEL-BLR,EaseMyTrip,6E,6E-440,2026-08-29,T+7,9238,2028,11266,2026-08-22T09:04:30.012Z,FALSE,"",13:15,TRUE
fare_DEL-BLR_6E_2026-08-29_T+7_1787389679056_j2p5,DEL-BLR,EaseMyTrip,6E,6E-393,2026-08-29,T+7,9238,2028,11266,2026-08-22T09:04:30.012Z,FALSE,"",13:15,TRUE
fare_DEL-BLR_QP_2026-08-29_T+7_1787389679056_6thi,DEL-BLR,EaseMyTrip,QP,QP-1350,2026-08-29,T+7,9256,2032,11288,2026-08-22T09:04:30.012Z,FALSE,"",21:55,TRUE
fare_DEL-BLR_6E_2026-08-29_T+7_1787389679056_ga5s,DEL-BLR,EaseMyTrip,6E,6E-6470,2026-08-29,T+7,9369,2056,11425,2026-08-22T09:04:30.012Z,FALSE,"",06:55,FALSE
fare_DEL-BLR_6E_2026-08-29_T+7_1787389679056_k7sx,DEL-BLR,EaseMyTrip,6E,6E-6673,2026-08-29,T+7,9372,2057,11429,2026-08-22T09:04:30.012Z,FALSE,"",21:15,FALSE
fare_DEL-BLR_6E_2026-08-29_T+7_1787389679056_fkvw,DEL-BLR,EaseMyTrip,6E,6E-6433,2026-08-29,T+7,9432,2071,11503,2026-08-22T09:04:30.012Z,FALSE,"",16:30,FALSE
fare_DEL-BLR_QP_2026-08-29_T+7_1787389679056_gf5t,DEL-BLR,EaseMyTrip,QP,QP-1308,2026-08-29,T+7,9435,2071,11506,2026-08-22T09:04:30.012Z,FALSE,"",20:55,TRUE
fare_DEL-BLR_SG_2026-08-29_T+7_1787389679056_4z3b,DEL-BLR,EaseMyTrip,SG,SG-241,2026-08-29,T+7,9617,2111,11728,2026-08-22T09:04:30.012Z,FALSE,"",14:30,FALSE
fare_DEL-BLR_SG_2026-08-29_T+7_1787389679056_4j5k,DEL-BLR,EaseMyTrip,SG,SG-645,2026-08-29,T+7,9617,2111,11728,2026-08-22T09:04:30.012Z,FALSE,"",14:30,FALSE
fare_DEL-BLR_AI_2026-08-29_T+7_1787389679056_0kbn,DEL-BLR,EaseMyTrip,AI,AI-2412,2026-08-29,T+7,9624,2113,11737,2026-08-22T09:04:30.012Z,FALSE,"",21:30,TRUE
fare_DEL-BLR_AI_2026-08-29_T+7_1787389679056_afib,DEL-BLR,EaseMyTrip,AI,AI-2755,2026-08-29,T+7,9624,2113,11737,2026-08-22T09:04:30.012Z,FALSE,"",22:30,TRUE
fare_DEL-BLR_AI_2026-08-29_T+7_1787389679056_fkr2,DEL-BLR,EaseMyTrip,AI,AI-437,2026-08-29,T+7,9665,2121,11786,2026-08-22T09:04:30.012Z,FALSE,"",09:20,FALSE
fare_DEL-BLR_IX_2026-08-29_T+7_1787389679056_9az7,DEL-BLR,EaseMyTrip,IX,IX-1482,2026-08-29,T+7,9743,2139,11882,2026-08-22T09:04:30.012Z,FALSE,"",08:30,TRUE
fare_DEL-BLR_6E_2026-08-29_T+7_1787389679056_rdxt,DEL-BLR,EaseMyTrip,6E,6E-224,2026-08-29,T+7,9618,2111,11729,2026-08-22T09:04:30.012Z,FALSE,"",18:15,FALSE
fare_DEL-BLR_6E_2026-08-29_T+7_1787389679056_vtix,DEL-BLR,EaseMyTrip,6E,6E-428,2026-08-29,T+7,9618,2111,11729,2026-08-22T09:04:30.012Z,FALSE,"",18:15,FALSE
fare_DEL-BLR_6E_2026-08-29_T+7_1787389679056_cf53,DEL-BLR,EaseMyTrip,6E,6E-6115,2026-08-29,T+7,9618,2111,11729,2026-08-22T09:04:30.012Z,FALSE,"",13:10,FALSE
fare_DEL-BLR_AI_2026-08-29_T+7_1787389679056_paf7,DEL-BLR,EaseMyTrip,AI,AI-2469,2026-08-29,T+7,9904,2174,12078,2026-08-22T09:04:30.012Z,FALSE,"",04:45,FALSE
fare_DEL-BLR_AI_2026-08-29_T+7_1787389679056_4sfw,DEL-BLR,EaseMyTrip,AI,AI-2485,2026-08-29,T+7,9965,2188,12153,2026-08-22T09:04:30.012Z,FALSE,"",12:00,TRUE
fare_DEL-BLR_QP_2026-08-29_T+7_1787389679056_qkw9,DEL-BLR,EaseMyTrip,QP,QP-1942,2026-08-29,T+7,9837,2159,11996,2026-08-22T09:04:30.012Z,FALSE,"",21:05,FALSE
fare_DEL-BLR_6E_2026-08-29_T+7_1787389679056_jel3,DEL-BLR,EaseMyTrip,6E,6E-158,2026-08-29,T+7,9872,2167,12039,2026-08-22T09:04:30.012Z,FALSE,"",18:00,FALSE
fare_DEL-BLR_6E_2026-08-29_T+7_1787389679056_k6kd,DEL-BLR,EaseMyTrip,6E,6E-777,2026-08-29,T+7,9872,2167,12039,2026-08-22T09:04:30.012Z,FALSE,"",18:00,FALSE
fare_DEL-BLR_6E_2026-08-29_T+7_1787389679056_1zaq,DEL-BLR,EaseMyTrip,6E,6E-222,2026-08-29,T+7,9872,2167,12039,2026-08-22T09:04:30.012Z,FALSE,"",18:00,FALSE
fare_DEL-BLR_6E_2026-08-29_T+7_1787389679056_il5e,DEL-BLR,EaseMyTrip,6E,6E-656,2026-08-29,T+7,9872,2167,12039,2026-08-22T09:04:30.012Z,FALSE,"",18:00,FALSE
fare_DEL-BLR_AI_2026-08-29_T+7_1787389679056_vbf0,DEL-BLR,EaseMyTrip,AI,AI-2417,2026-08-29,T+7,10051,2206,12257,2026-08-22T09:04:30.012Z,FALSE,"",13:00,TRUE
fare_DEL-BLR_IX_2026-08-29_T+7_1787389679056_vxwl,DEL-BLR,EaseMyTrip,IX,IX-1074,2026-08-29,T+7,10165,2231,12396,2026-08-22T09:04:30.012Z,FALSE,"",10:55,FALSE
fare_DEL-BLR_6E_2026-08-29_T+7_1787389679056_ga9t,DEL-BLR,EaseMyTrip,6E,6E-450,2026-08-29,T+7,9936,2181,12117,2026-08-22T09:04:30.012Z,FALSE,"",08:30,FALSE
fare_DEL-BLR_6E_2026-08-29_T+7_1787389679056_nch0,DEL-BLR,EaseMyTrip,6E,6E-993,2026-08-29,T+7,9936,2181,12117,2026-08-22T09:04:30.012Z,FALSE,"",08:30,FALSE
fare_DEL-BLR_QP_2026-08-29_T+7_1787389679056_1cw2,DEL-BLR,EaseMyTrip,QP,QP-1822,2026-08-29,T+7,9986,2192,12178,2026-08-22T09:04:30.012Z,FALSE,"",16:40,TRUE
fare_DEL-BLR_6E_2026-08-29_T+7_1787389679056_x5yx,DEL-BLR,EaseMyTrip,6E,6E-6217,2026-08-29,T+7,9988,2193,12181,2026-08-22T09:04:30.012Z,FALSE,"",16:15,FALSE
fare_DEL-BLR_6E_2026-08-29_T+7_1787389679056_l89h,DEL-BLR,EaseMyTrip,6E,6E-2579,2026-08-29,T+7,10029,2202,12231,2026-08-22T09:04:30.012Z,FALSE,"",14:10,FALSE
fare_DEL-BLR_SG_2026-08-29_T+7_1787389679056_5v0k,DEL-BLR,EaseMyTrip,SG,SG-853,2026-08-29,T+7,10993,2413,13406,2026-08-22T09:04:30.012Z,FALSE,"",09:15,FALSE
fare_DEL-BLR_SG_2026-08-29_T+7_1787389679056_7zgh,DEL-BLR,EaseMyTrip,SG,SG-218,2026-08-29,T+7,10993,2413,13406,2026-08-22T09:04:30.012Z,FALSE,"",09:15,FALSE
fare_DEL-BLR_AI_2026-08-29_T+7_1787389679056_xzoj,DEL-BLR,EaseMyTrip,AI,AI-2859,2026-08-29,T+7,10338,2269,12607,2026-08-22T09:04:30.012Z,FALSE,"",10:30,FALSE
fare_DEL-BLR_AI_2026-08-29_T+7_1787389679056_3h3w,DEL-BLR,EaseMyTrip,AI,AI-2542,2026-08-29,T+7,10338,2269,12607,2026-08-22T09:04:30.012Z,FALSE,"",09:40,FALSE
fare_DEL-BLR_QP_2026-08-29_T+7_1787389679056_9w05,DEL-BLR,EaseMyTrip,QP,QP-1812,2026-08-29,T+7,10176,2234,12410,2026-08-22T09:04:30.012Z,FALSE,"",22:55,TRUE
fare_DEL-BLR_SG_2026-08-29_T+7_1787389679056_upjn,DEL-BLR,EaseMyTrip,SG,SG-756,2026-08-29,T+7,11253,2470,13723,2026-08-22T09:04:30.012Z,FALSE,"",09:15,FALSE
fare_DEL-BLR_SG_2026-08-29_T+7_1787389679056_xfu3,DEL-BLR,EaseMyTrip,SG,SG-444,2026-08-29,T+7,11253,2470,13723,2026-08-22T09:04:30.012Z,FALSE,"",09:15,FALSE
fare_DEL-BLR_AI_2026-08-29_T+7_1787389679056_l0pb,DEL-BLR,EaseMyTrip,AI,AI-2465,2026-08-29,T+7,10592,2325,12917,2026-08-22T09:04:30.012Z,FALSE,"",14:30,FALSE
fare_DEL-BLR_6E_2026-08-29_T+7_1787389679056_tf9v,DEL-BLR,EaseMyTrip,6E,6E-830,2026-08-29,T+7,10480,2300,12780,2026-08-22T09:04:30.012Z,FALSE,"",11:45,FALSE
fare_DEL-BLR_6E_2026-08-29_T+7_1787389679056_0l2j,DEL-BLR,EaseMyTrip,6E,6E-818,2026-08-29,T+7,10480,2300,12780,2026-08-22T09:04:30.012Z,FALSE,"",11:45,FALSE
fare_DEL-BLR_IX_2026-08-29_T+7_1787389679056_rg13,DEL-BLR,EaseMyTrip,IX,IX-1067,2026-08-29,T+7,10744,2359,13103,2026-08-22T09:04:30.012Z,FALSE,"",06:10,FALSE
fare_DEL-BLR_AI_2026-08-29_T+7_1787389679056_0ram,DEL-BLR,EaseMyTrip,AI,AI-465,2026-08-29,T+7,10727,2355,13082,2026-08-22T09:04:30.012Z,FALSE,"",16:20,FALSE
fare_DEL-BLR_AI_2026-08-29_T+7_1787389679056_x7pn,DEL-BLR,EaseMyTrip,AI,AI-2577,2026-08-29,T+7,10735,2357,13092,2026-08-22T09:04:30.012Z,FALSE,"",02:00,FALSE
fare_DEL-BLR_AI_2026-08-29_T+7_1787389679056_oqbw,DEL-BLR,EaseMyTrip,AI,AI-2519,2026-08-29,T+7,10739,2357,13096,2026-08-22T09:04:30.012Z,FALSE,"",16:00,FALSE
fare_DEL-BLR_6E_2026-08-29_T+7_1787389679056_wh3f,DEL-BLR,EaseMyTrip,6E,6E-2618,2026-08-29,T+7,10605,2328,12933,2026-08-22T09:04:30.012Z,FALSE,"",23:00,FALSE
fare_DEL-BLR_6E_2026-08-29_T+7_1787389679056_1r4t,DEL-BLR,EaseMyTrip,6E,6E-2571,2026-08-29,T+7,10677,2344,13021,2026-08-22T09:04:30.012Z,FALSE,"",12:30,FALSE
fare_DEL-BLR_6E_2026-08-29_T+7_1787389679056_whu2,DEL-BLR,EaseMyTrip,6E,6E-2491,2026-08-29,T+7,10686,2346,13032,2026-08-22T09:04:30.012Z,FALSE,"",15:15,FALSE
fare_DEL-BLR_AI_2026-08-29_T+7_1787389679056_hys2,DEL-BLR,EaseMyTrip,AI,AI-2499,2026-08-29,T+7,10854,2382,13236,2026-08-22T09:04:30.012Z,FALSE,"",06:00,FALSE
fare_DEL-BLR_AI_2026-08-29_T+7_1787389679056_gy47,DEL-BLR,EaseMyTrip,AI,AI-2809,2026-08-29,T+7,10909,2395,13304,2026-08-22T09:04:30.012Z,FALSE,"",19:30,TRUE
fare_DEL-BLR_AI_2026-08-29_T+7_1787389679056_uzh6,DEL-BLR,EaseMyTrip,AI,AI-1768,2026-08-29,T+7,10909,2395,13304,2026-08-22T09:04:30.012Z,FALSE,"",16:30,TRUE
fare_DEL-BLR_AI_2026-08-29_T+7_1787389679056_uckj,DEL-BLR,EaseMyTrip,AI,AI-2420,2026-08-29,T+7,10909,2395,13304,2026-08-22T09:04:30.012Z,FALSE,"",18:00,TRUE
fare_DEL-BLR_AI_2026-08-29_T+7_1787389679056_97xb,DEL-BLR,EaseMyTrip,AI,AI-2487,2026-08-29,T+7,10909,2395,13304,2026-08-22T09:04:30.012Z,FALSE,"",18:30,TRUE
fare_DEL-BLR_AI_2026-08-29_T+7_1787389679056_punu,DEL-BLR,EaseMyTrip,AI,AI-2512,2026-08-29,T+7,10909,2395,13304,2026-08-22T09:04:30.012Z,FALSE,"",19:00,TRUE
fare_DEL-BLR_6E_2026-08-29_T+7_1787389679056_y365,DEL-BLR,EaseMyTrip,6E,6E-759,2026-08-29,T+7,10772,2364,13136,2026-08-22T09:04:30.012Z,FALSE,"",16:30,FALSE
fare_DEL-BLR_6E_2026-08-29_T+7_1787389679056_ocbs,DEL-BLR,EaseMyTrip,6E,6E-209,2026-08-29,T+7,10772,2364,13136,2026-08-22T09:04:30.012Z,FALSE,"",16:30,FALSE
fare_DEL-BLR_QP_2026-08-29_T+7_1787389679056_7j8l,DEL-BLR,EaseMyTrip,QP,QP-1824,2026-08-29,T+7,10772,2365,13137,2026-08-22T09:04:30.012Z,FALSE,"",20:10,TRUE
fare_DEL-BLR_AI_2026-08-29_T+7_1787389679056_mkng,DEL-BLR,EaseMyTrip,AI,AI-2879,2026-08-29,T+7,10999,2415,13414,2026-08-22T09:04:30.012Z,FALSE,"",18:00,FALSE
fare_DEL-BLR_IX_2026-08-29_T+7_1787389679056_hzau,DEL-BLR,EaseMyTrip,IX,IX-1070,2026-08-29,T+7,11101,2437,13538,2026-08-22T09:04:30.012Z,FALSE,"",18:40,TRUE
fare_DEL-BLR_AI_2026-08-29_T+7_1787389679056_7kvz,DEL-BLR,EaseMyTrip,AI,AI-441,2026-08-29,T+7,11041,2424,13465,2026-08-22T09:04:30.012Z,FALSE,"",17:00,FALSE
fare_DEL-BLR_AI_2026-08-29_T+7_1787389679056_yzs9,DEL-BLR,EaseMyTrip,AI,AI-2943,2026-08-29,T+7,11041,2424,13465,2026-08-22T09:04:30.012Z,FALSE,"",07:30,FALSE
fare_DEL-BLR_AI_2026-08-29_T+7_1787389679056_febp,DEL-BLR,EaseMyTrip,AI,AI-2425,2026-08-29,T+7,11041,2424,13465,2026-08-22T09:04:30.012Z,FALSE,"",10:30,FALSE
fare_DEL-BLR_AI_2026-08-29_T+7_1787389679056_4q3d,DEL-BLR,EaseMyTrip,AI,AI-2933,2026-08-29,T+7,11041,2424,13465,2026-08-22T09:04:30.012Z,FALSE,"",15:30,FALSE
fare_DEL-BLR_AI_2026-08-29_T+7_1787389679056_kv8s,DEL-BLR,EaseMyTrip,AI,AI-2496,2026-08-29,T+7,11059,2427,13486,2026-08-22T09:04:30.012Z,FALSE,"",03:00,FALSE
fare_DEL-BLR_AI_2026-08-29_T+7_1787389679056_g3q5,DEL-BLR,EaseMyTrip,AI,AI-537,2026-08-29,T+7,11059,2427,13486,2026-08-22T09:04:30.012Z,FALSE,"",15:45,FALSE
fare_DEL-BLR_AI_2026-08-29_T+7_1787389679056_227r,DEL-BLR,EaseMyTrip,AI,AI-429,2026-08-29,T+7,11092,2435,13527,2026-08-22T09:04:30.012Z,FALSE,"",10:20,FALSE
fare_DEL-BLR_AI_2026-08-29_T+7_1787389679056_9g42,DEL-BLR,EaseMyTrip,AI,AI-1767,2026-08-29,T+7,11092,2435,13527,2026-08-22T09:04:30.012Z,FALSE,"",07:20,FALSE
fare_DEL-BLR_AI_2026-08-29_T+7_1787389679056_ww7e,DEL-BLR,EaseMyTrip,AI,AI-2819,2026-08-29,T+7,11096,2436,13532,2026-08-22T09:04:30.012Z,FALSE,"",15:00,TRUE
fare_DEL-BLR_6E_2026-08-29_T+7_1787389679056_ryv2,DEL-BLR,EaseMyTrip,6E,6E-7646,2026-08-29,T+7,10954,2404,13358,2026-08-22T09:04:30.012Z,FALSE,"",06:15,FALSE
fare_DEL-BLR_6E_2026-08-29_T+7_1787389679056_j7wd,DEL-BLR,EaseMyTrip,6E,6E-7624,2026-08-29,T+7,11035,2422,13457,2026-08-22T09:04:30.012Z,FALSE,"",05:50,FALSE
fare_DEL-BLR_6E_2026-08-29_T+7_1787389679056_no3r,DEL-BLR,EaseMyTrip,6E,6E-6091,2026-08-29,T+7,11055,2427,13482,2026-08-22T09:04:30.012Z,FALSE,"",15:15,FALSE
fare_DEL-BLR_6E_2026-08-29_T+7_1787389679056_rmb9,DEL-BLR,EaseMyTrip,6E,6E-6476,2026-08-29,T+7,11068,2429,13497,2026-08-22T09:04:30.012Z,FALSE,"",07:05,FALSE
fare_DEL-BLR_QP_2026-08-29_T+7_1787389679056_72x7,DEL-BLR,EaseMyTrip,QP,QP-1940,2026-08-29,T+7,11206,2460,13666,2026-08-22T09:04:30.012Z,FALSE,"",14:10,FALSE
fare_DEL-BLR_6E_2026-08-29_T+7_1787389679056_38ax,DEL-BLR,EaseMyTrip,6E,6E-2151,2026-08-29,T+7,11240,2467,13707,2026-08-22T09:04:30.012Z,FALSE,"",19:45,FALSE
fare_DEL-BLR_6E_2026-08-29_T+7_1787389679056_7vig,DEL-BLR,EaseMyTrip,6E,6E-321,2026-08-29,T+7,11264,2473,13737,2026-08-22T09:04:30.012Z,FALSE,"",19:35,FALSE
fare_DEL-BLR_6E_2026-08-29_T+7_1787389679056_n1vf,DEL-BLR,EaseMyTrip,6E,6E-550,2026-08-29,T+7,11264,2473,13737,2026-08-22T09:04:30.012Z,FALSE,"",19:35,FALSE
fare_DEL-BLR_6E_2026-08-29_T+7_1787389679056_ij6z,DEL-BLR,EaseMyTrip,6E,6E-5073,2026-08-29,T+7,11264,2473,13737,2026-08-22T09:04:30.012Z,FALSE,"",17:05,FALSE
fare_DEL-BLR_6E_2026-08-29_T+7_1787389679056_rqui,DEL-BLR,EaseMyTrip,6E,6E-6459,2026-08-29,T+7,11319,2485,13804,2026-08-22T09:04:30.012Z,FALSE,"",05:55,FALSE
fare_DEL-BLR_6E_2026-08-29_T+7_1787389679056_cwj0,DEL-BLR,EaseMyTrip,6E,6E-6437,2026-08-29,T+7,11319,2485,13804,2026-08-22T09:04:30.012Z,FALSE,"",16:25,FALSE
fare_DEL-BLR_6E_2026-08-29_T+7_1787389679056_jdwb,DEL-BLR,EaseMyTrip,6E,6E-6632,2026-08-29,T+7,11384,2499,13883,2026-08-22T09:04:30.012Z,FALSE,"",17:50,FALSE
fare_DEL-BLR_6E_2026-08-29_T+7_1787389679056_tko9,DEL-BLR,EaseMyTrip,6E,6E-2277,2026-08-29,T+7,11384,2499,13883,2026-08-22T09:04:30.012Z,FALSE,"",10:25,FALSE
fare_DEL-BLR_6E_2026-08-29_T+7_1787389679056_rxo4,DEL-BLR,EaseMyTrip,6E,6E-5038,2026-08-29,T+7,11384,2499,13883,2026-08-22T09:04:30.012Z,FALSE,"",14:00,FALSE
fare_DEL-BLR_6E_2026-08-29_T+7_1787389679056_iuaw,DEL-BLR,EaseMyTrip,6E,6E-665,2026-08-29,T+7,11384,2499,13883,2026-08-22T09:04:30.012Z,FALSE,"",12:15,FALSE
fare_DEL-BLR_6E_2026-08-29_T+7_1787389679056_gn6m,DEL-BLR,EaseMyTrip,6E,6E-191,2026-08-29,T+7,11384,2499,13883,2026-08-22T09:04:30.012Z,FALSE,"",12:15,FALSE
fare_DEL-BLR_6E_2026-08-29_T+7_1787389679056_3t2d,DEL-BLR,EaseMyTrip,6E,6E-7642,2026-08-29,T+7,11422,2507,13929,2026-08-22T09:04:30.012Z,FALSE,"",15:45,FALSE
fare_DEL-BLR_6E_2026-08-29_T+7_1787389679056_kr81,DEL-BLR,EaseMyTrip,6E,6E-7628,2026-08-29,T+7,11422,2507,13929,2026-08-22T09:04:30.012Z,FALSE,"",15:05,FALSE
fare_DEL-BLR_6E_2026-08-29_T+7_1787389679056_iijo,DEL-BLR,EaseMyTrip,6E,6E-879,2026-08-29,T+7,11664,2560,14224,2026-08-22T09:04:30.012Z,FALSE,"",08:30,FALSE
fare_DEL-BLR_6E_2026-08-29_T+7_1787389679056_w3ym,DEL-BLR,EaseMyTrip,6E,6E-134,2026-08-29,T+7,11664,2560,14224,2026-08-22T09:04:30.012Z,FALSE,"",08:30,FALSE
fare_DEL-BLR_6E_2026-08-29_T+7_1787389679056_c5vw,DEL-BLR,EaseMyTrip,6E,6E-5191,2026-08-29,T+7,11664,2560,14224,2026-08-22T09:04:30.012Z,FALSE,"",04:45,FALSE
fare_DEL-BLR_AI_2026-08-29_T+7_1787389679056_lvtj,DEL-BLR,EaseMyTrip,AI,AI-1740,2026-08-29,T+7,12208,2680,14888,2026-08-22T09:04:30.012Z,FALSE,"",17:40,FALSE
fare_DEL-BLR_IX_2026-08-29_T+7_1787389679056_1ns2,DEL-BLR,EaseMyTrip,IX,IX-1090,2026-08-29,T+7,12335,2708,15043,2026-08-22T09:04:30.012Z,FALSE,"",13:10,FALSE
fare_DEL-BLR_QP_2026-08-29_T+7_1787389679056_zq6y,DEL-BLR,EaseMyTrip,QP,QP-1809,2026-08-29,T+7,12266,2692,14958,2026-08-22T09:04:30.012Z,FALSE,"",18:10,FALSE
fare_DEL-BLR_6E_2026-08-29_T+7_1787389679056_5l7t,DEL-BLR,EaseMyTrip,6E,6E-6488,2026-08-29,T+7,12330,2706,15036,2026-08-22T09:04:30.012Z,FALSE,"",11:20,FALSE
fare_DEL-BLR_AI_2026-08-29_T+7_1787389679056_zg3r,DEL-BLR,EaseMyTrip,AI,AI-2877,2026-08-29,T+7,12743,2797,15540,2026-08-22T09:04:30.012Z,FALSE,"",12:45,FALSE
fare_DEL-BLR_AI_2026-08-29_T+7_1787389679056_dd8s,DEL-BLR,EaseMyTrip,AI,AI-2735,2026-08-29,T+7,12863,2824,15687,2026-08-22T09:04:30.012Z,FALSE,"",15:40,FALSE
fare_DEL-BLR_AI_2026-08-29_T+7_1787389679056_j7d4,DEL-BLR,EaseMyTrip,AI,AI-2973,2026-08-29,T+7,12968,2847,15815,2026-08-22T09:04:30.012Z,FALSE,"",20:50,FALSE
fare_DEL-BLR_AI_2026-08-29_T+7_1787389679056_v338,DEL-BLR,EaseMyTrip,AI,AI-2571,2026-08-29,T+7,13077,2870,15947,2026-08-22T09:04:30.012Z,FALSE,"",05:45,FALSE
fare_DEL-BLR_AI_2026-08-29_T+7_1787389679056_mz5n,DEL-BLR,EaseMyTrip,AI,AI-2963,2026-08-29,T+7,13907,3053,16960,2026-08-22T09:04:30.012Z,FALSE,"",09:00,FALSE
fare_DEL-BLR_AI_2026-08-29_T+7_1787389679056_c38v,DEL-BLR,EaseMyTrip,AI,AI-2751,2026-08-29,T+7,13907,3053,16960,2026-08-22T09:04:30.012Z,FALSE,"",17:30,FALSE
fare_DEL-BLR_IX_2026-08-29_T+7_1787389679056_0yts,DEL-BLR,EaseMyTrip,IX,IX-5316,2026-08-29,T+7,13997,3072,17069,2026-08-22T09:04:30.012Z,FALSE,"",15:30,FALSE
fare_DEL-BLR_AI_2026-08-29_T+7_1787389679056_8l7y,DEL-BLR,EaseMyTrip,AI,AI-1785,2026-08-29,T+7,14020,3077,17097,2026-08-22T09:04:30.012Z,FALSE,"",12:00,FALSE
fare_DEL-BLR_AI_2026-08-29_T+7_1787389679056_epwd,DEL-BLR,EaseMyTrip,AI,AI-2971,2026-08-29,T+7,14054,3085,17139,2026-08-22T09:04:30.012Z,FALSE,"",16:00,FALSE
fare_DEL-BLR_6E_2026-08-29_T+7_1787389679056_vmw6,DEL-BLR,EaseMyTrip,6E,6E-5033,2026-08-29,T+7,13924,3056,16980,2026-08-22T09:04:30.012Z,FALSE,"",15:50,FALSE
fare_DEL-BLR_AI_2026-08-29_T+7_1787389679056_82dv,DEL-BLR,EaseMyTrip,AI,AI-2975,2026-08-29,T+7,14133,3102,17235,2026-08-22T09:04:30.012Z,FALSE,"",06:30,FALSE
fare_DEL-BLR_IX_2026-08-29_T+7_1787389679056_w4kf,DEL-BLR,EaseMyTrip,IX,IX-1812,2026-08-29,T+7,14291,3137,17428,2026-08-22T09:04:30.012Z,FALSE,"",07:10,FALSE
fare_DEL-BLR_6E_2026-08-29_T+7_1787389679056_mvhz,DEL-BLR,EaseMyTrip,6E,6E-5119,2026-08-29,T+7,14065,3088,17153,2026-08-22T09:04:30.012Z,FALSE,"",05:10,FALSE
fare_DEL-BLR_6E_2026-08-29_T+7_1787389679056_hg80,DEL-BLR,EaseMyTrip,6E,6E-2557,2026-08-29,T+7,14208,3119,17327,2026-08-22T09:04:30.012Z,FALSE,"",15:20,FALSE
fare_DEL-BLR_AI_2026-08-29_T+7_1787389679056_j24p,DEL-BLR,EaseMyTrip,AI,AI-1707,2026-08-29,T+7,14433,3168,17601,2026-08-22T09:04:30.012Z,FALSE,"",11:55,FALSE
fare_DEL-BLR_AI_2026-08-29_T+7_1787389679056_y9yu,DEL-BLR,EaseMyTrip,AI,AI-1780,2026-08-29,T+7,14654,3217,17871,2026-08-22T09:04:30.012Z,TRUE,"High outlier: ₹17871 > upper fence ₹17829 (Q3: ₹13723, IQR: ₹2737)",14:30,FALSE
fare_DEL-BLR_AI_2026-08-29_T+7_1787389679056_tffr,DEL-BLR,EaseMyTrip,AI,AI-1702,2026-08-29,T+7,15192,3335,18527,2026-08-22T09:04:30.012Z,TRUE,"High outlier: ₹18527 > upper fence ₹17829 (Q3: ₹13723, IQR: ₹2737)",18:30,FALSE
fare_DEL-BLR_IX_2026-08-29_T+7_1787389679056_7jlc,DEL-BLR,EaseMyTrip,IX,IX-1980,2026-08-29,T+7,15473,3397,18870,2026-08-22T09:04:30.012Z,TRUE,"High outlier: ₹18870 > upper fence ₹17829 (Q3: ₹13723, IQR: ₹2737)",10:15,FALSE
fare_DEL-BLR_IX_2026-08-29_T+7_1787389679056_riq4,DEL-BLR,EaseMyTrip,IX,IX-1012,2026-08-29,T+7,15473,3397,18870,2026-08-22T09:04:30.012Z,TRUE,"High outlier: ₹18870 > upper fence ₹17829 (Q3: ₹13723, IQR: ₹2737)",06:40,FALSE
fare_DEL-BLR_AI_2026-08-29_T+7_1787389679056_bt0t,DEL-BLR,EaseMyTrip,AI,AI-2627,2026-08-29,T+7,16424,3605,20029,2026-08-22T09:04:30.012Z,TRUE,"High outlier: ₹20029 > upper fence ₹17829 (Q3: ₹13723, IQR: ₹2737)",10:45,FALSE
fare_DEL-BLR_IX_2026-08-29_T+7_1787389679056_32r3,DEL-BLR,EaseMyTrip,IX,IX-1461,2026-08-29,T+7,17380,3815,21195,2026-08-22T09:04:30.012Z,TRUE,"High outlier: ₹21195 > upper fence ₹17829 (Q3: ₹13723, IQR: ₹2737)",05:35,FALSE
fare_DEL-BLR_6E_2026-08-29_T+7_1787389679056_foxn,DEL-BLR,EaseMyTrip,6E,6E-5001,2026-08-29,T+7,17695,3884,21579,2026-08-22T09:04:30.012Z,TRUE,"High outlier: ₹21579 > upper fence ₹17829 (Q3: ₹13723, IQR: ₹2737)",17:10,FALSE
fare_DEL-BLR_IX_2026-08-29_T+7_1787389679056_xs5b,DEL-BLR,EaseMyTrip,IX,IX-1057,2026-08-29,T+7,18180,3991,22171,2026-08-22T09:04:30.012Z,TRUE,"High outlier: ₹22171 > upper fence ₹17829 (Q3: ₹13723, IQR: ₹2737)",05:25,FALSE
fare_DEL-BLR_IX_2026-08-29_T+7_1787389679056_xysb,DEL-BLR,EaseMyTrip,IX,IX-1815,2026-08-29,T+7,18478,4056,22534,2026-08-22T09:04:30.012Z,TRUE,"High outlier: ₹22534 > upper fence ₹17829 (Q3: ₹13723, IQR: ₹2737)",19:05,FALSE
fare_DEL-BLR_AI_2026-08-29_T+7_1787389679056_7p51,DEL-BLR,EaseMyTrip,AI,AI-2458,2026-08-29,T+7,20235,4442,24677,2026-08-22T09:04:30.012Z,TRUE,"High outlier: ₹24677 > upper fence ₹17829 (Q3: ₹13723, IQR: ₹2737)",12:10,FALSE
fare_DEL-BOM_6E_2026-08-23_T+1_1787389679056_klv6,DEL-BOM,EaseMyTrip,6E,6E-501,2026-08-23,T+1,3505,769,4274,2026-08-22T05:06:35.383Z,FALSE,"",07:00,TRUE
fare_DEL-BOM_IX_2026-08-23_T+1_1787389679056_mpoc,DEL-BOM,EaseMyTrip,IX,IX-1605,2026-08-23,T+1,5354,1175,6529,2026-08-22T08:49:18.234Z,FALSE,"",06:00,TRUE
fare_DEL-BOM_6E_2026-08-23_T+1_1787389679056_69yf,DEL-BOM,EaseMyTrip,6E,6E-6470,2026-08-23,T+1,5354,1175,6529,2026-08-22T08:49:18.234Z,FALSE,"",06:55,TRUE
fare_DEL-BOM_QP_2026-08-23_T+1_1787389679056_vmv4,DEL-BOM,EaseMyTrip,QP,QP-1119,2026-08-23,T+1,5355,1175,6530,2026-08-22T08:49:18.234Z,FALSE,"",08:40,TRUE
fare_DEL-BOM_6E_2026-08-23_T+1_1787389679056_l685,DEL-BOM,EaseMyTrip,6E,6E-6218,2026-08-23,T+1,5355,1175,6530,2026-08-22T08:49:18.234Z,FALSE,"",06:05,TRUE
fare_DEL-BOM_6E_2026-08-23_T+1_1787389679056_gnqb,DEL-BOM,EaseMyTrip,6E,6E-869,2026-08-23,T+1,5355,1175,6530,2026-08-22T08:49:18.234Z,FALSE,"",08:45,TRUE
fare_DEL-BOM_6E_2026-08-23_T+1_1787389679056_5bxs,DEL-BOM,EaseMyTrip,6E,6E-334,2026-08-23,T+1,5355,1175,6530,2026-08-22T08:49:18.234Z,FALSE,"",08:45,TRUE
fare_DEL-BOM_6E_2026-08-23_T+1_1787389679056_yqpq,DEL-BOM,EaseMyTrip,6E,6E-535,2026-08-23,T+1,5355,1175,6530,2026-08-22T08:49:18.234Z,FALSE,"",08:00,TRUE
fare_DEL-BOM_6E_2026-08-23_T+1_1787389679056_70s7,DEL-BOM,EaseMyTrip,6E,6E-191,2026-08-23,T+1,5355,1175,6530,2026-08-22T08:49:18.234Z,FALSE,"",08:00,TRUE
fare_DEL-BOM_QP_2026-08-23_T+1_1787389679056_2z7l,DEL-BOM,EaseMyTrip,QP,QP-1940,2026-08-23,T+1,5427,1191,6618,2026-08-22T08:49:18.234Z,FALSE,"",14:10,TRUE
fare_DEL-BOM_QP_2026-08-23_T+1_1787389679056_873v,DEL-BOM,EaseMyTrip,QP,QP-1942,2026-08-23,T+1,5427,1191,6618,2026-08-22T08:49:18.234Z,FALSE,"",21:05,TRUE
fare_DEL-BOM_6E_2026-08-23_T+1_1787389679056_gaz2,DEL-BOM,EaseMyTrip,6E,6E-6107,2026-08-23,T+1,5484,1204,6688,2026-08-22T08:49:18.234Z,FALSE,"",09:30,TRUE
fare_DEL-BOM_AI_2026-08-23_T+1_1787389679056_90pf,DEL-BOM,EaseMyTrip,AI,AI-2678,2026-08-23,T+1,5740,1260,7000,2026-08-22T08:49:18.234Z,FALSE,"",08:30,TRUE
fare_DEL-BOM_AI_2026-08-23_T+1_1787389679056_c67h,DEL-BOM,EaseMyTrip,AI,AI-2963,2026-08-23,T+1,5740,1260,7000,2026-08-22T08:49:18.234Z,FALSE,"",09:00,TRUE
fare_DEL-BOM_AI_2026-08-23_T+1_1787389679056_lktp,DEL-BOM,EaseMyTrip,AI,AI-2975,2026-08-23,T+1,5740,1260,7000,2026-08-22T08:49:18.234Z,FALSE,"",06:30,TRUE
fare_DEL-BOM_AI_2026-08-23_T+1_1787389679056_zqhd,DEL-BOM,EaseMyTrip,AI,AI-2429,2026-08-23,T+1,5740,1260,7000,2026-08-22T08:49:18.234Z,FALSE,"",07:00,TRUE
fare_DEL-BOM_AI_2026-08-23_T+1_1787389679056_xa68,DEL-BOM,EaseMyTrip,AI,AI-2943,2026-08-23,T+1,5740,1260,7000,2026-08-22T08:49:18.234Z,FALSE,"",07:30,TRUE
fare_DEL-BOM_AI_2026-08-23_T+1_1787389679056_crca,DEL-BOM,EaseMyTrip,AI,AI-2615,2026-08-23,T+1,5740,1260,7000,2026-08-22T08:49:18.234Z,FALSE,"",02:45,TRUE
fare_DEL-BOM_QP_2026-08-23_T+1_1787389679056_a9vb,DEL-BOM,EaseMyTrip,QP,QP-1833,2026-08-23,T+1,5652,1241,6893,2026-08-22T08:49:18.234Z,FALSE,"",06:50,TRUE
fare_DEL-BOM_QP_2026-08-23_T+1_1787389679056_th67,DEL-BOM,EaseMyTrip,QP,QP-1112,2026-08-23,T+1,5652,1241,6893,2026-08-22T08:49:18.234Z,FALSE,"",09:20,TRUE
fare_DEL-BOM_6E_2026-08-23_T+1_1787389679056_fh2s,DEL-BOM,EaseMyTrip,6E,6E-286,2026-08-23,T+1,5656,1242,6898,2026-08-22T08:49:18.234Z,FALSE,"",23:30,TRUE
fare_DEL-BOM_6E_2026-08-23_T+1_1787389679056_yq9g,DEL-BOM,EaseMyTrip,6E,6E-448,2026-08-23,T+1,5656,1242,6898,2026-08-22T08:49:18.234Z,FALSE,"",23:30,TRUE
fare_DEL-BOM_6E_2026-08-23_T+1_1787389679056_xxxk,DEL-BOM,EaseMyTrip,6E,6E-6114,2026-08-23,T+1,5656,1242,6898,2026-08-22T08:49:18.234Z,FALSE,"",22:45,TRUE
fare_DEL-BOM_6E_2026-08-23_T+1_1787389679056_qeov,DEL-BOM,EaseMyTrip,6E,6E-825,2026-08-23,T+1,5656,1242,6898,2026-08-22T08:49:18.234Z,FALSE,"",16:15,TRUE
fare_DEL-BOM_6E_2026-08-23_T+1_1787389679056_wf2h,DEL-BOM,EaseMyTrip,6E,6E-812,2026-08-23,T+1,5656,1242,6898,2026-08-22T08:49:18.234Z,FALSE,"",16:15,TRUE
fare_DEL-BOM_6E_2026-08-23_T+1_1787389679056_sxv3,DEL-BOM,EaseMyTrip,6E,6E-750,2026-08-23,T+1,5656,1242,6898,2026-08-22T08:49:18.234Z,FALSE,"",21:45,TRUE
fare_DEL-BOM_6E_2026-08-23_T+1_1787389679056_ov1h,DEL-BOM,EaseMyTrip,6E,6E-344,2026-08-23,T+1,5656,1242,6898,2026-08-22T08:49:18.234Z,FALSE,"",21:45,TRUE
fare_DEL-BOM_6E_2026-08-23_T+1_1787389679056_jl1j,DEL-BOM,EaseMyTrip,6E,6E-6318,2026-08-23,T+1,5656,1242,6898,2026-08-22T08:49:18.234Z,FALSE,"",14:45,TRUE
fare_DEL-BOM_6E_2026-08-23_T+1_1787389679056_89ua,DEL-BOM,EaseMyTrip,6E,6E-6047,2026-08-23,T+1,5656,1242,6898,2026-08-22T08:49:18.234Z,FALSE,"",11:00,TRUE
fare_DEL-BOM_6E_2026-08-23_T+1_1787389679056_nqjq,DEL-BOM,EaseMyTrip,6E,6E-6676,2026-08-23,T+1,5656,1242,6898,2026-08-22T08:49:18.234Z,FALSE,"",12:00,TRUE
fare_DEL-BOM_6E_2026-08-23_T+1_1787389679056_q8bn,DEL-BOM,EaseMyTrip,6E,6E-464,2026-08-23,T+1,5656,1242,6898,2026-08-22T08:49:18.234Z,FALSE,"",13:00,TRUE
fare_DEL-BOM_6E_2026-08-23_T+1_1787389679056_11am,DEL-BOM,EaseMyTrip,6E,6E-112,2026-08-23,T+1,5656,1242,6898,2026-08-22T08:49:18.234Z,FALSE,"",13:00,TRUE
fare_DEL-BOM_6E_2026-08-23_T+1_1787389679056_vhfc,DEL-BOM,EaseMyTrip,6E,6E-6328,2026-08-23,T+1,5656,1242,6898,2026-08-22T08:49:18.234Z,FALSE,"",10:15,TRUE
fare_DEL-BOM_AI_2026-08-23_T+1_1787389679056_vi35,DEL-BOM,EaseMyTrip,AI,AI-2945,2026-08-23,T+1,5870,1289,7159,2026-08-22T08:49:18.234Z,FALSE,"",11:00,TRUE
fare_DEL-BOM_AI_2026-08-23_T+1_1787389679056_gigi,DEL-BOM,EaseMyTrip,AI,AI-2999,2026-08-23,T+1,5870,1289,7159,2026-08-22T08:49:18.234Z,FALSE,"",22:00,TRUE
fare_DEL-BOM_AI_2026-08-23_T+1_1787389679056_y4t3,DEL-BOM,EaseMyTrip,AI,AI-2437,2026-08-23,T+1,5870,1289,7159,2026-08-22T08:49:18.234Z,FALSE,"",22:30,TRUE
fare_DEL-BOM_AI_2026-08-23_T+1_1787389679056_perp,DEL-BOM,EaseMyTrip,AI,AI-2927,2026-08-23,T+1,5870,1289,7159,2026-08-22T08:49:18.234Z,FALSE,"",09:30,TRUE
fare_DEL-BOM_AI_2026-08-23_T+1_1787389679056_sv59,DEL-BOM,EaseMyTrip,AI,AI-2805,2026-08-23,T+1,5870,1289,7159,2026-08-22T08:49:18.234Z,FALSE,"",20:00,TRUE
fare_DEL-BOM_AI_2026-08-23_T+1_1787389679056_ytzv,DEL-BOM,EaseMyTrip,AI,AI-2957,2026-08-23,T+1,5870,1289,7159,2026-08-22T08:49:18.234Z,FALSE,"",20:30,TRUE
fare_DEL-BOM_QP_2026-08-23_T+1_1787389679056_vlug,DEL-BOM,EaseMyTrip,QP,QP-1110,2026-08-23,T+1,5756,1263,7019,2026-08-22T08:49:18.234Z,FALSE,"",10:30,TRUE
fare_DEL-BOM_6E_2026-08-23_T+1_1787389679056_wvkl,DEL-BOM,EaseMyTrip,6E,6E-337,2026-08-23,T+1,5871,1289,7160,2026-08-22T08:49:18.234Z,FALSE,"",20:45,TRUE
fare_DEL-BOM_6E_2026-08-23_T+1_1787389679056_d7vy,DEL-BOM,EaseMyTrip,6E,6E-360,2026-08-23,T+1,5871,1289,7160,2026-08-22T08:49:18.234Z,FALSE,"",20:45,TRUE
fare_DEL-BOM_6E_2026-08-23_T+1_1787389679056_zcjj,DEL-BOM,EaseMyTrip,6E,6E-531,2026-08-23,T+1,5871,1289,7160,2026-08-22T08:49:18.234Z,FALSE,"",20:00,TRUE
fare_DEL-BOM_6E_2026-08-23_T+1_1787389679056_5ksy,DEL-BOM,EaseMyTrip,6E,6E-445,2026-08-23,T+1,5871,1289,7160,2026-08-22T08:49:18.234Z,FALSE,"",20:00,TRUE
fare_DEL-BOM_6E_2026-08-23_T+1_1787389679056_nm8r,DEL-BOM,EaseMyTrip,6E,6E-282,2026-08-23,T+1,5871,1289,7160,2026-08-22T08:49:18.234Z,FALSE,"",19:00,TRUE
fare_DEL-BOM_6E_2026-08-23_T+1_1787389679056_0zfk,DEL-BOM,EaseMyTrip,6E,6E-856,2026-08-23,T+1,5871,1289,7160,2026-08-22T08:49:18.234Z,FALSE,"",19:00,TRUE
fare_DEL-BOM_6E_2026-08-23_T+1_1787389679056_oqeh,DEL-BOM,EaseMyTrip,6E,6E-784,2026-08-23,T+1,5871,1289,7160,2026-08-22T08:49:18.234Z,FALSE,"",18:00,TRUE
fare_DEL-BOM_6E_2026-08-23_T+1_1787389679056_ftua,DEL-BOM,EaseMyTrip,6E,6E-989,2026-08-23,T+1,5871,1289,7160,2026-08-22T08:49:18.234Z,FALSE,"",18:00,TRUE
fare_DEL-BOM_6E_2026-08-23_T+1_1787389679056_6k27,DEL-BOM,EaseMyTrip,6E,6E-742,2026-08-23,T+1,5914,1298,7212,2026-08-22T08:49:18.234Z,FALSE,"",20:20,TRUE
fare_DEL-BOM_6E_2026-08-23_T+1_1787389679056_hpj0,DEL-BOM,EaseMyTrip,6E,6E-707,2026-08-23,T+1,5914,1298,7212,2026-08-22T08:49:18.234Z,FALSE,"",20:20,TRUE
fare_DEL-BOM_6E_2026-08-23_T+1_1787389679056_u8v1,DEL-BOM,EaseMyTrip,6E,6E-6490,2026-08-23,T+1,6027,1323,7350,2026-08-22T08:49:18.234Z,FALSE,"",04:55,FALSE
fare_DEL-BOM_AI_2026-08-23_T+1_1787389679056_x289,DEL-BOM,EaseMyTrip,AI,AI-2439,2026-08-23,T+1,6193,1360,7553,2026-08-22T08:49:18.234Z,FALSE,"",23:00,TRUE
fare_DEL-BOM_6E_2026-08-23_T+1_1787389679056_etmt,DEL-BOM,EaseMyTrip,6E,6E-933,2026-08-23,T+1,6070,1333,7403,2026-08-22T08:49:18.234Z,FALSE,"",19:40,FALSE
fare_DEL-BOM_6E_2026-08-23_T+1_1787389679056_sra3,DEL-BOM,EaseMyTrip,6E,6E-350,2026-08-23,T+1,6070,1333,7403,2026-08-22T08:49:18.234Z,FALSE,"",19:40,FALSE
fare_DEL-BOM_6E_2026-08-23_T+1_1787389679056_7pan,DEL-BOM,EaseMyTrip,6E,6E-6829,2026-08-23,T+1,6070,1333,7403,2026-08-22T08:49:18.234Z,FALSE,"",17:20,FALSE
fare_DEL-BOM_6E_2026-08-23_T+1_1787389679056_09p0,DEL-BOM,EaseMyTrip,6E,6E-6443,2026-08-23,T+1,6070,1333,7403,2026-08-22T08:49:18.234Z,FALSE,"",09:00,FALSE
fare_DEL-BOM_6E_2026-08-23_T+1_1787389679056_444x,DEL-BOM,EaseMyTrip,6E,6E-6459,2026-08-23,T+1,6070,1333,7403,2026-08-22T08:49:18.234Z,FALSE,"",05:55,FALSE
fare_DEL-BOM_6E_2026-08-23_T+1_1787389679056_sh0t,DEL-BOM,EaseMyTrip,6E,6E-6569,2026-08-23,T+1,6070,1333,7403,2026-08-22T08:49:18.234Z,FALSE,"",05:00,FALSE
fare_DEL-BOM_AI_2026-08-23_T+1_1787389679056_xtkg,DEL-BOM,EaseMyTrip,AI,AI-2425,2026-08-23,T+1,6257,1373,7630,2026-08-22T08:49:18.234Z,FALSE,"",10:30,TRUE
fare_DEL-BOM_AI_2026-08-23_T+1_1787389679056_8zu1,DEL-BOM,EaseMyTrip,AI,AI-2433,2026-08-23,T+1,6257,1373,7630,2026-08-22T08:49:18.234Z,FALSE,"",21:30,TRUE
fare_DEL-BOM_6E_2026-08-23_T+1_1787389679056_6748,DEL-BOM,EaseMyTrip,6E,6E-6706,2026-08-23,T+1,6130,1345,7475,2026-08-22T08:49:18.234Z,FALSE,"",17:00,TRUE
fare_DEL-BOM_6E_2026-08-23_T+1_1787389679056_0l03,DEL-BOM,EaseMyTrip,6E,6E-632,2026-08-23,T+1,6130,1345,7475,2026-08-22T08:49:18.234Z,FALSE,"",15:30,TRUE
fare_DEL-BOM_6E_2026-08-23_T+1_1787389679056_u0md,DEL-BOM,EaseMyTrip,6E,6E-616,2026-08-23,T+1,6130,1345,7475,2026-08-22T08:49:18.234Z,FALSE,"",15:30,TRUE
fare_DEL-BOM_6E_2026-08-23_T+1_1787389679056_5ccq,DEL-BOM,EaseMyTrip,6E,6E-6479,2026-08-23,T+1,6135,1347,7482,2026-08-22T08:49:18.234Z,FALSE,"",21:25,FALSE
fare_DEL-BOM_6E_2026-08-23_T+1_1787389679056_vd9x,DEL-BOM,EaseMyTrip,6E,6E-5298,2026-08-23,T+1,6135,1347,7482,2026-08-22T08:49:18.234Z,FALSE,"",09:00,FALSE
fare_DEL-BOM_6E_2026-08-23_T+1_1787389679056_qdo6,DEL-BOM,EaseMyTrip,6E,6E-5038,2026-08-23,T+1,6135,1347,7482,2026-08-22T08:49:18.234Z,FALSE,"",14:00,FALSE
fare_DEL-BOM_6E_2026-08-23_T+1_1787389679056_gmha,DEL-BOM,EaseMyTrip,6E,6E-5206,2026-08-23,T+1,6135,1347,7482,2026-08-22T08:49:18.234Z,FALSE,"",13:20,FALSE
fare_DEL-BOM_QP_2026-08-23_T+1_1787389679056_um4n,DEL-BOM,EaseMyTrip,QP,QP-1826,2026-08-23,T+1,6188,1358,7546,2026-08-22T08:49:18.234Z,FALSE,"",19:55,TRUE
fare_DEL-BOM_6E_2026-08-23_T+1_1787389679056_8lsh,DEL-BOM,EaseMyTrip,6E,6E-6497,2026-08-23,T+1,6243,1370,7613,2026-08-22T08:49:18.234Z,FALSE,"",18:45,FALSE
fare_DEL-BOM_AI_2026-08-23_T+1_1787389679056_pq6x,DEL-BOM,EaseMyTrip,AI,AI-2981,2026-08-23,T+1,6414,1408,7822,2026-08-22T08:49:18.234Z,FALSE,"",21:00,TRUE
fare_DEL-BOM_IX_2026-08-23_T+1_1787389679056_k5su,DEL-BOM,EaseMyTrip,IX,IX-1617,2026-08-23,T+1,6528,1433,7961,2026-08-22T08:49:18.234Z,FALSE,"",11:50,FALSE
fare_DEL-BOM_6E_2026-08-23_T+1_1787389679056_lsle,DEL-BOM,EaseMyTrip,6E,6E-2235,2026-08-23,T+1,6307,1385,7692,2026-08-22T08:49:18.234Z,FALSE,"",19:30,FALSE
fare_DEL-BOM_6E_2026-08-23_T+1_1787389679056_zi49,DEL-BOM,EaseMyTrip,6E,6E-6022,2026-08-23,T+1,6388,1402,7790,2026-08-22T08:49:18.234Z,FALSE,"",14:00,TRUE
fare_DEL-BOM_6E_2026-08-23_T+1_1787389679056_pz91,DEL-BOM,EaseMyTrip,6E,6E-5014,2026-08-23,T+1,6445,1415,7860,2026-08-22T08:49:18.234Z,FALSE,"",18:30,FALSE
fare_DEL-BOM_AI_2026-08-23_T+1_1787389679056_s8h1,DEL-BOM,EaseMyTrip,AI,AI-2977,2026-08-23,T+1,6624,1454,8078,2026-08-22T08:49:18.234Z,FALSE,"",19:00,TRUE
fare_DEL-BOM_6E_2026-08-23_T+1_1787389679056_fizn,DEL-BOM,EaseMyTrip,6E,6E-2496,2026-08-23,T+1,6501,1427,7928,2026-08-22T08:49:18.234Z,FALSE,"",12:40,FALSE
fare_DEL-BOM_6E_2026-08-23_T+1_1787389679056_2vhw,DEL-BOM,EaseMyTrip,6E,6E-5198,2026-08-23,T+1,6503,1428,7931,2026-08-22T08:49:18.234Z,FALSE,"",15:00,TRUE
fare_DEL-BOM_QP_2026-08-23_T+1_1787389679056_ab3x,DEL-BOM,EaseMyTrip,QP,QP-1836,2026-08-23,T+1,6658,1461,8119,2026-08-22T08:49:18.234Z,FALSE,"",12:05,TRUE
fare_DEL-BOM_AI_2026-08-23_T+1_1787389679056_klch,DEL-BOM,EaseMyTrip,AI,AI-2941,2026-08-23,T+1,6836,1500,8336,2026-08-22T08:49:18.234Z,FALSE,"",16:30,TRUE
fare_DEL-BOM_AI_2026-08-23_T+1_1787389679056_kuf4,DEL-BOM,EaseMyTrip,AI,AI-2751,2026-08-23,T+1,6836,1500,8336,2026-08-22T08:49:18.234Z,FALSE,"",17:30,TRUE
fare_DEL-BOM_AI_2026-08-23_T+1_1787389679056_u8dc,DEL-BOM,EaseMyTrip,AI,AI-2985,2026-08-23,T+1,6836,1500,8336,2026-08-22T08:49:18.234Z,FALSE,"",19:30,TRUE
fare_DEL-BOM_AI_2026-08-23_T+1_1787389679056_90rh,DEL-BOM,EaseMyTrip,AI,AI-2441,2026-08-23,T+1,6836,1500,8336,2026-08-22T08:49:18.234Z,FALSE,"",18:25,TRUE
fare_DEL-BOM_AI_2026-08-23_T+1_1787389679056_5px9,DEL-BOM,EaseMyTrip,AI,AI-1780,2026-08-23,T+1,6836,1500,8336,2026-08-22T08:49:18.234Z,FALSE,"",14:30,TRUE
fare_DEL-BOM_AI_2026-08-23_T+1_1787389679056_qt66,DEL-BOM,EaseMyTrip,AI,AI-2933,2026-08-23,T+1,7010,1539,8549,2026-08-22T08:49:18.234Z,FALSE,"",15:30,TRUE
fare_DEL-BOM_AI_2026-08-23_T+1_1787389679056_m655,DEL-BOM,EaseMyTrip,AI,AI-1777,2026-08-23,T+1,7068,1552,8620,2026-08-22T08:49:18.234Z,FALSE,"",16:00,TRUE
fare_DEL-BOM_AI_2026-08-23_T+1_1787389679056_p1sg,DEL-BOM,EaseMyTrip,AI,AI-2955,2026-08-23,T+1,7243,1590,8833,2026-08-22T08:49:18.234Z,FALSE,"",18:00,TRUE
fare_DEL-BOM_IX_2026-08-23_T+1_1787389679056_km33,DEL-BOM,EaseMyTrip,IX,IX-1395,2026-08-23,T+1,7351,1614,8965,2026-08-22T08:49:18.234Z,FALSE,"",19:15,TRUE
fare_DEL-BOM_QP_2026-08-23_T+1_1787389679056_ddw4,DEL-BOM,EaseMyTrip,QP,QP-1128,2026-08-23,T+1,7433,1632,9065,2026-08-22T08:49:18.234Z,FALSE,"",16:00,TRUE
fare_DEL-BOM_IX_2026-08-23_T+1_1787389679056_6qee,DEL-BOM,EaseMyTrip,IX,IX-2820,2026-08-23,T+1,7865,1726,9591,2026-08-22T08:49:18.234Z,FALSE,"",21:00,FALSE
fare_DEL-BOM_IX_2026-08-23_T+1_1787389679056_yyqd,DEL-BOM,EaseMyTrip,IX,IX-1817,2026-08-23,T+1,7865,1726,9591,2026-08-22T08:49:18.234Z,FALSE,"",19:30,FALSE
fare_DEL-BOM_6E_2026-08-23_T+1_1787389679056_vzye,DEL-BOM,EaseMyTrip,6E,6E-6312,2026-08-23,T+1,7667,1683,9350,2026-08-22T08:49:18.234Z,FALSE,"",14:25,FALSE
fare_DEL-BOM_AI_2026-08-23_T+1_1787389679056_0u1r,DEL-BOM,EaseMyTrip,AI,AI-1785,2026-08-23,T+1,7858,1725,9583,2026-08-22T08:49:18.234Z,FALSE,"",12:00,TRUE
fare_DEL-BOM_QP_2026-08-23_T+1_1787389679056_s9yj,DEL-BOM,EaseMyTrip,QP,QP-1820,2026-08-23,T+1,7715,1694,9409,2026-08-22T08:49:18.234Z,FALSE,"",17:30,TRUE
fare_DEL-BOM_IX_2026-08-23_T+1_1787389679056_t9z7,DEL-BOM,EaseMyTrip,IX,IX-1038,2026-08-23,T+1,8405,1845,10250,2026-08-22T08:49:18.234Z,FALSE,"",18:40,TRUE
fare_DEL-BOM_IX_2026-08-23_T+1_1787389679056_ex0j,DEL-BOM,EaseMyTrip,IX,IX-1789,2026-08-23,T+1,8534,1873,10407,2026-08-22T08:49:18.234Z,FALSE,"",10:40,FALSE
fare_DEL-BOM_6E_2026-08-23_T+1_1787389679056_deio,DEL-BOM,EaseMyTrip,6E,6E-5138,2026-08-23,T+1,8308,1824,10132,2026-08-22T08:49:18.234Z,FALSE,"",19:10,FALSE
fare_DEL-BOM_6E_2026-08-23_T+1_1787389679056_z9jv,DEL-BOM,EaseMyTrip,6E,6E-863,2026-08-23,T+1,8905,1955,10860,2026-08-22T08:49:18.234Z,FALSE,"",19:35,FALSE
fare_DEL-BOM_6E_2026-08-23_T+1_1787389679056_nntf,DEL-BOM,EaseMyTrip,6E,6E-790,2026-08-23,T+1,8905,1955,10860,2026-08-22T08:49:18.234Z,FALSE,"",19:35,FALSE
fare_DEL-BOM_6E_2026-08-23_T+1_1787389679056_i4uw,DEL-BOM,EaseMyTrip,6E,6E-6261,2026-08-23,T+1,8905,1955,10860,2026-08-22T08:49:18.234Z,FALSE,"",00:15,FALSE
fare_DEL-BOM_AI_2026-08-23_T+1_1787389679056_1yhz,DEL-BOM,EaseMyTrip,AI,AI-1705,2026-08-23,T+1,9656,2119,11775,2026-08-22T08:49:18.234Z,FALSE,"",06:30,FALSE
fare_DEL-BOM_AI_2026-08-23_T+1_1787389679056_soy5,DEL-BOM,EaseMyTrip,AI,AI-9447,2026-08-23,T+1,9810,2153,11963,2026-08-22T08:49:18.234Z,FALSE,"",23:25,FALSE
fare_DEL-BOM_6E_2026-08-23_T+1_1787389679056_g1n6,DEL-BOM,EaseMyTrip,6E,6E-6433,2026-08-23,T+1,9788,2149,11937,2026-08-22T08:49:18.234Z,FALSE,"",16:30,FALSE
fare_DEL-BOM_6E_2026-08-23_T+1_1787389679056_sun3,DEL-BOM,EaseMyTrip,6E,6E-6190,2026-08-23,T+1,10272,2255,12527,2026-08-22T08:49:18.234Z,FALSE,"",07:40,FALSE
fare_DEL-BOM_IX_2026-08-23_T+1_1787389679056_ydos,DEL-BOM,EaseMyTrip,IX,IX-2146,2026-08-23,T+1,10614,2330,12944,2026-08-22T08:49:18.234Z,FALSE,"",06:20,FALSE
fare_DEL-BOM_6E_2026-08-23_T+1_1787389679056_5ma5,DEL-BOM,EaseMyTrip,6E,6E-2349,2026-08-23,T+1,10730,2355,13085,2026-08-22T08:49:18.234Z,FALSE,"",10:55,FALSE
fare_DEL-BOM_6E_2026-08-23_T+1_1787389679056_k8sm,DEL-BOM,EaseMyTrip,6E,6E-660,2026-08-23,T+1,10902,2393,13295,2026-08-22T08:49:18.234Z,FALSE,"",23:15,FALSE
fare_DEL-BOM_6E_2026-08-23_T+1_1787389679056_tcgo,DEL-BOM,EaseMyTrip,6E,6E-726,2026-08-23,T+1,10902,2393,13295,2026-08-22T08:49:18.234Z,FALSE,"",23:15,FALSE
fare_DEL-BOM_AI_2026-08-23_T+1_1787389679056_lfjq,DEL-BOM,EaseMyTrip,AI,AI-9757,2026-08-23,T+1,11286,2478,13764,2026-08-22T08:49:18.234Z,FALSE,"",11:50,FALSE
fare_DEL-BOM_AI_2026-08-23_T+1_1787389679056_wevc,DEL-BOM,EaseMyTrip,AI,AI-2623,2026-08-23,T+1,11287,2478,13765,2026-08-22T08:49:18.234Z,FALSE,"",13:35,FALSE
fare_DEL-BOM_6E_2026-08-23_T+1_1787389679056_uyuy,DEL-BOM,EaseMyTrip,6E,6E-2249,2026-08-23,T+1,11220,2463,13683,2026-08-22T08:49:18.234Z,FALSE,"",15:00,FALSE
fare_DEL-BOM_AI_2026-08-23_T+1_1787389679056_koxw,DEL-BOM,EaseMyTrip,AI,AI-1720,2026-08-23,T+1,12348,2711,15059,2026-08-22T08:49:18.234Z,FALSE,"",20:30,FALSE
fare_DEL-BOM_IX_2026-08-23_T+1_1787389679056_05qg,DEL-BOM,EaseMyTrip,IX,IX-1056,2026-08-23,T+1,12464,2736,15200,2026-08-22T08:49:18.234Z,FALSE,"",17:50,TRUE
fare_DEL-BOM_AI_2026-08-23_T+1_1787389679056_o0kb,DEL-BOM,EaseMyTrip,AI,AI-2763,2026-08-23,T+1,12607,2767,15374,2026-08-22T08:49:18.234Z,FALSE,"",13:55,FALSE
fare_DEL-BOM_6E_2026-08-23_T+1_1787389679056_1774,DEL-BOM,EaseMyTrip,6E,6E-6488,2026-08-23,T+1,12605,2767,15372,2026-08-22T08:49:18.234Z,FALSE,"",11:20,FALSE
fare_DEL-BOM_AI_2026-08-23_T+1_1787389679056_cnfc,DEL-BOM,EaseMyTrip,AI,AI-2717,2026-08-23,T+1,13405,2942,16347,2026-08-22T08:49:18.234Z,FALSE,"",06:55,FALSE
fare_DEL-BOM_AI_2026-08-23_T+1_1787389679056_jc3j,DEL-BOM,EaseMyTrip,AI,AI-9674,2026-08-23,T+1,14017,3077,17094,2026-08-22T08:49:18.234Z,FALSE,"",16:40,FALSE
fare_DEL-BOM_6E_2026-08-23_T+1_1787389679056_8oqv,DEL-BOM,EaseMyTrip,6E,6E-7646,2026-08-23,T+1,13856,3041,16897,2026-08-22T08:49:18.234Z,FALSE,"",06:15,FALSE
fare_DEL-BOM_AI_2026-08-23_T+1_1787389679056_qpyw,DEL-BOM,EaseMyTrip,AI,AI-491,2026-08-23,T+1,14216,3120,17336,2026-08-22T08:49:18.234Z,FALSE,"",11:15,FALSE
fare_DEL-BOM_AI_2026-08-23_T+1_1787389679056_lz9b,DEL-BOM,EaseMyTrip,AI,AI-1711,2026-08-23,T+1,14216,3120,17336,2026-08-22T08:49:18.234Z,FALSE,"",10:25,FALSE
fare_DEL-BOM_AI_2026-08-23_T+1_1787389679056_9qei,DEL-BOM,EaseMyTrip,AI,AI-817,2026-08-23,T+1,14440,3170,17610,2026-08-22T08:49:18.234Z,FALSE,"",05:55,FALSE
fare_DEL-BOM_AI_2026-08-23_T+1_1787389679056_4sn7,DEL-BOM,EaseMyTrip,AI,AI-2577,2026-08-23,T+1,14577,3200,17777,2026-08-22T08:49:18.234Z,FALSE,"",02:00,FALSE
fare_DEL-BOM_AI_2026-08-23_T+1_1787389679056_2qk9,DEL-BOM,EaseMyTrip,AI,AI-1706,2026-08-23,T+1,14577,3200,17777,2026-08-22T08:49:18.234Z,FALSE,"",23:00,FALSE
fare_DEL-BOM_6E_2026-08-23_T+1_1787389679056_z8nf,DEL-BOM,EaseMyTrip,6E,6E-6601,2026-08-23,T+1,14512,3185,17697,2026-08-22T08:49:18.234Z,FALSE,"",19:45,FALSE
fare_DEL-BOM_6E_2026-08-23_T+1_1787389679056_up1t,DEL-BOM,EaseMyTrip,6E,6E-5119,2026-08-23,T+1,14874,3265,18139,2026-08-22T08:49:18.234Z,FALSE,"",05:10,FALSE
fare_DEL-BOM_6E_2026-08-23_T+1_1787389679056_iicd,DEL-BOM,EaseMyTrip,6E,6E-2013,2026-08-23,T+1,14874,3265,18139,2026-08-22T08:49:18.234Z,FALSE,"",21:50,FALSE
fare_DEL-BOM_AI_2026-08-23_T+1_1787389679056_xfma,DEL-BOM,EaseMyTrip,AI,AI-9418,2026-08-23,T+1,15884,3487,19371,2026-08-22T08:49:18.234Z,FALSE,"",13:10,FALSE
fare_DEL-BOM_6E_2026-08-23_T+1_1787389679056_9cwp,DEL-BOM,EaseMyTrip,6E,6E-6212,2026-08-23,T+1,16436,3608,20044,2026-08-22T08:49:18.234Z,FALSE,"",14:45,FALSE
fare_DEL-BOM_6E_2026-08-23_T+1_1787389679056_lrse,DEL-BOM,EaseMyTrip,6E,6E-7642,2026-08-23,T+1,16480,3617,20097,2026-08-22T08:49:18.234Z,FALSE,"",15:45,FALSE
fare_DEL-BOM_AI_2026-08-23_T+1_1787389679056_lpnp,DEL-BOM,EaseMyTrip,AI,AI-2653,2026-08-23,T+1,16796,3687,20483,2026-08-22T08:49:18.234Z,FALSE,"",04:30,FALSE
fare_DEL-BOM_AI_2026-08-23_T+1_1787389679056_2bup,DEL-BOM,EaseMyTrip,AI,AI-531,2026-08-23,T+1,16802,3688,20490,2026-08-22T08:49:18.234Z,FALSE,"",19:20,FALSE
fare_DEL-BOM_AI_2026-08-23_T+1_1787389679056_0ixo,DEL-BOM,EaseMyTrip,AI,AI-2907,2026-08-23,T+1,16927,3716,20643,2026-08-22T08:49:18.234Z,FALSE,"",11:55,FALSE
fare_DEL-BOM_6E_2026-08-23_T+1_1787389679056_crbp,DEL-BOM,EaseMyTrip,6E,6E-2381,2026-08-23,T+1,17062,3745,20807,2026-08-22T08:49:18.234Z,FALSE,"",13:45,FALSE
fare_DEL-BOM_AI_2026-08-23_T+1_1787389679056_1zdm,DEL-BOM,EaseMyTrip,AI,AI-2627,2026-08-23,T+1,17377,3815,21192,2026-08-22T08:49:18.234Z,FALSE,"",10:45,FALSE
fare_DEL-BOM_6E_2026-08-23_T+1_1787389679056_rd0j,DEL-BOM,EaseMyTrip,6E,6E-2076,2026-08-23,T+1,17745,3895,21640,2026-08-22T08:49:18.234Z,FALSE,"",07:30,FALSE
fare_DEL-BOM_6E_2026-08-23_T+1_1787389679056_67wa,DEL-BOM,EaseMyTrip,6E,6E-110,2026-08-23,T+1,17919,3934,21853,2026-08-22T08:49:18.234Z,FALSE,"",08:30,FALSE
fare_DEL-BOM_6E_2026-08-23_T+1_1787389679056_dgel,DEL-BOM,EaseMyTrip,6E,6E-847,2026-08-23,T+1,17919,3934,21853,2026-08-22T08:49:18.234Z,FALSE,"",08:30,FALSE
fare_DEL-BOM_6E_2026-08-23_T+1_1787389679056_wt2w,DEL-BOM,EaseMyTrip,6E,6E-6282,2026-08-23,T+1,17919,3934,21853,2026-08-22T08:49:18.234Z,FALSE,"",13:30,FALSE
fare_DEL-BOM_AI_2026-08-23_T+1_1787389679056_42mp,DEL-BOM,EaseMyTrip,AI,AI-2525,2026-08-23,T+1,18285,4014,22299,2026-08-22T08:49:18.234Z,FALSE,"",06:00,FALSE
fare_DEL-BOM_6E_2026-08-23_T+1_1787389679056_lgxk,DEL-BOM,EaseMyTrip,6E,6E-6293,2026-08-23,T+1,18215,3999,22214,2026-08-22T08:49:18.234Z,FALSE,"",09:55,FALSE
fare_DEL-BOM_IX_2026-08-23_T+1_1787389679056_ea5k,DEL-BOM,EaseMyTrip,IX,IX-1057,2026-08-23,T+1,18871,4142,23013,2026-08-22T08:49:18.234Z,FALSE,"",05:25,FALSE
fare_DEL-BOM_IX_2026-08-23_T+1_1787389679056_qiqw,DEL-BOM,EaseMyTrip,IX,IX-1003,2026-08-23,T+1,19128,4199,23327,2026-08-22T08:49:18.234Z,FALSE,"",19:10,FALSE
fare_DEL-BOM_AI_2026-08-23_T+1_1787389679056_zmc3,DEL-BOM,EaseMyTrip,AI,AI-9584,2026-08-23,T+1,19194,4213,23407,2026-08-22T08:49:18.234Z,FALSE,"",11:20,FALSE
fare_DEL-BOM_IX_2026-08-23_T+1_1787389679056_pip1,DEL-BOM,EaseMyTrip,IX,IX-1108,2026-08-23,T+1,19409,4260,23669,2026-08-22T08:49:18.234Z,FALSE,"",05:00,FALSE
fare_DEL-BOM_IX_2026-08-23_T+1_1787389679056_nt3s,DEL-BOM,EaseMyTrip,IX,IX-1068,2026-08-23,T+1,20117,4416,24533,2026-08-22T08:49:18.234Z,FALSE,"",12:00,FALSE
fare_DEL-BOM_6E_2026-08-23_T+1_1787389679056_i2qm,DEL-BOM,EaseMyTrip,6E,6E-5073,2026-08-23,T+1,19890,4366,24256,2026-08-22T08:49:18.234Z,FALSE,"",17:05,FALSE
fare_DEL-BOM_AI_2026-08-23_T+1_1787389679056_qs2l,DEL-BOM,EaseMyTrip,AI,AI-2417,2026-08-23,T+1,20315,4459,24774,2026-08-22T08:49:18.234Z,FALSE,"",13:00,FALSE
fare_DEL-BOM_IX_2026-08-23_T+1_1787389679056_q8mn,DEL-BOM,EaseMyTrip,IX,IX-1482,2026-08-23,T+1,20394,4477,24871,2026-08-22T08:49:18.234Z,FALSE,"",08:30,FALSE
fare_DEL-BOM_AI_2026-08-23_T+1_1787389679056_i7sv,DEL-BOM,EaseMyTrip,AI,AI-1779,2026-08-23,T+1,20397,4477,24874,2026-08-22T08:49:18.234Z,FALSE,"",13:55,FALSE
fare_DEL-BOM_AI_2026-08-23_T+1_1787389679056_rgwl,DEL-BOM,EaseMyTrip,AI,AI-2465,2026-08-23,T+1,20897,4587,25484,2026-08-22T08:49:18.234Z,FALSE,"",14:30,FALSE
fare_DEL-BOM_6E_2026-08-23_T+1_1787389679056_rl6n,DEL-BOM,EaseMyTrip,6E,6E-2341,2026-08-23,T+1,21214,4657,25871,2026-08-22T08:49:18.234Z,FALSE,"",14:50,FALSE
fare_DEL-BOM_6E_2026-08-23_T+1_1787389679056_52zi,DEL-BOM,EaseMyTrip,6E,6E-2331,2026-08-23,T+1,21214,4657,25871,2026-08-22T08:49:18.234Z,FALSE,"",12:20,FALSE
fare_DEL-BOM_6E_2026-08-23_T+1_1787389679056_fo9q,DEL-BOM,EaseMyTrip,6E,6E-345,2026-08-23,T+1,23143,5080,28223,2026-08-22T08:49:18.234Z,TRUE,"High outlier: ₹28223 > upper fence ₹26997 (Q3: ₹15094, IQR: ₹7935)",12:15,FALSE
fare_DEL-BOM_6E_2026-08-23_T+1_1787389679056_qcql,DEL-BOM,EaseMyTrip,6E,6E-518,2026-08-23,T+1,23143,5080,28223,2026-08-22T08:49:18.234Z,TRUE,"High outlier: ₹28223 > upper fence ₹26997 (Q3: ₹15094, IQR: ₹7935)",12:15,FALSE
fare_DEL-BOM_IX_2026-08-23_T+1_1787389679056_g7yr,DEL-BOM,EaseMyTrip,IX,IX-1070,2026-08-23,T+1,26779,5878,32657,2026-08-22T08:49:18.234Z,TRUE,"High outlier: ₹32657 > upper fence ₹26997 (Q3: ₹15094, IQR: ₹7935)",18:40,FALSE
fare_DEL-BOM_6E_2026-08-23_T+1_1787389679056_skbp,DEL-BOM,EaseMyTrip,6E,6E-811,2026-08-23,T+1,5355,1175,6530,2026-08-22T09:04:00.276Z,FALSE,"",08:45,TRUE
fare_DEL-BOM_6E_2026-08-23_T+1_1787389679056_jb0i,DEL-BOM,EaseMyTrip,6E,6E-199,2026-08-23,T+1,5355,1175,6530,2026-08-22T09:04:00.276Z,FALSE,"",08:45,TRUE
fare_DEL-BOM_6E_2026-08-23_T+1_1787389679056_768f,DEL-BOM,EaseMyTrip,6E,6E-280,2026-08-23,T+1,5355,1175,6530,2026-08-22T09:04:00.276Z,FALSE,"",08:00,TRUE
fare_DEL-BOM_6E_2026-08-23_T+1_1787389679056_1dcn,DEL-BOM,EaseMyTrip,6E,6E-859,2026-08-23,T+1,5355,1175,6530,2026-08-22T09:04:00.276Z,FALSE,"",08:00,TRUE
fare_DEL-BOM_6E_2026-08-23_T+1_1787389679056_v9ou,DEL-BOM,EaseMyTrip,6E,6E-852,2026-08-23,T+1,5656,1242,6898,2026-08-22T09:04:00.276Z,FALSE,"",23:30,TRUE
fare_DEL-BOM_6E_2026-08-23_T+1_1787389679056_zlpv,DEL-BOM,EaseMyTrip,6E,6E-821,2026-08-23,T+1,5656,1242,6898,2026-08-22T09:04:00.276Z,FALSE,"",23:30,TRUE
fare_DEL-BOM_6E_2026-08-23_T+1_1787389679056_2iom,DEL-BOM,EaseMyTrip,6E,6E-577,2026-08-23,T+1,5656,1242,6898,2026-08-22T09:04:00.276Z,FALSE,"",16:15,TRUE
fare_DEL-BOM_6E_2026-08-23_T+1_1787389679056_nyd1,DEL-BOM,EaseMyTrip,6E,6E-355,2026-08-23,T+1,5656,1242,6898,2026-08-22T09:04:00.276Z,FALSE,"",16:15,TRUE
fare_DEL-BOM_6E_2026-08-23_T+1_1787389679056_4wge,DEL-BOM,EaseMyTrip,6E,6E-395,2026-08-23,T+1,5656,1242,6898,2026-08-22T09:04:00.276Z,FALSE,"",21:45,TRUE
fare_DEL-BOM_6E_2026-08-23_T+1_1787389679056_j6nt,DEL-BOM,EaseMyTrip,6E,6E-398,2026-08-23,T+1,5656,1242,6898,2026-08-22T09:04:00.276Z,FALSE,"",13:00,TRUE
fare_DEL-BOM_6E_2026-08-23_T+1_1787389679056_t82j,DEL-BOM,EaseMyTrip,6E,6E-171,2026-08-23,T+1,5656,1242,6898,2026-08-22T09:04:00.276Z,FALSE,"",13:00,TRUE
fare_DEL-BOM_6E_2026-08-23_T+1_1787389679056_y1sx,DEL-BOM,EaseMyTrip,6E,6E-151,2026-08-23,T+1,5871,1289,7160,2026-08-22T09:04:00.276Z,FALSE,"",20:45,TRUE
fare_DEL-BOM_6E_2026-08-23_T+1_1787389679056_627r,DEL-BOM,EaseMyTrip,6E,6E-768,2026-08-23,T+1,5871,1289,7160,2026-08-22T09:04:00.276Z,FALSE,"",20:45,TRUE
fare_DEL-BOM_6E_2026-08-23_T+1_1787389679056_71up,DEL-BOM,EaseMyTrip,6E,6E-477,2026-08-23,T+1,5871,1289,7160,2026-08-22T09:04:00.276Z,FALSE,"",20:00,TRUE
fare_DEL-BOM_6E_2026-08-23_T+1_1787389679056_whu4,DEL-BOM,EaseMyTrip,6E,6E-961,2026-08-23,T+1,5871,1289,7160,2026-08-22T09:04:00.276Z,FALSE,"",20:00,TRUE
fare_DEL-BOM_6E_2026-08-23_T+1_1787389679056_vui9,DEL-BOM,EaseMyTrip,6E,6E-454,2026-08-23,T+1,5871,1289,7160,2026-08-22T09:04:00.276Z,FALSE,"",19:00,TRUE
fare_DEL-BOM_6E_2026-08-23_T+1_1787389679056_7lsx,DEL-BOM,EaseMyTrip,6E,6E-823,2026-08-23,T+1,5871,1289,7160,2026-08-22T09:04:00.276Z,FALSE,"",19:00,TRUE
fare_DEL-BOM_6E_2026-08-23_T+1_1787389679056_mzzo,DEL-BOM,EaseMyTrip,6E,6E-693,2026-08-23,T+1,5871,1289,7160,2026-08-22T09:04:00.276Z,FALSE,"",18:00,TRUE
fare_DEL-BOM_6E_2026-08-23_T+1_1787389679056_nfw3,DEL-BOM,EaseMyTrip,6E,6E-858,2026-08-23,T+1,5871,1289,7160,2026-08-22T09:04:00.276Z,FALSE,"",18:00,TRUE
fare_DEL-BOM_6E_2026-08-23_T+1_1787389679056_70cu,DEL-BOM,EaseMyTrip,6E,6E-551,2026-08-23,T+1,5914,1298,7212,2026-08-22T09:04:00.276Z,FALSE,"",20:20,TRUE
fare_DEL-BOM_6E_2026-08-23_T+1_1787389679056_y4ro,DEL-BOM,EaseMyTrip,6E,6E-578,2026-08-23,T+1,5914,1298,7212,2026-08-22T09:04:00.276Z,FALSE,"",20:20,TRUE
fare_DEL-BOM_6E_2026-08-23_T+1_1787389679056_vdgh,DEL-BOM,EaseMyTrip,6E,6E-583,2026-08-23,T+1,6070,1333,7403,2026-08-22T09:04:00.276Z,FALSE,"",19:40,FALSE
fare_DEL-BOM_6E_2026-08-23_T+1_1787389679056_61ty,DEL-BOM,EaseMyTrip,6E,6E-212,2026-08-23,T+1,6070,1333,7403,2026-08-22T09:04:00.276Z,FALSE,"",19:40,FALSE
fare_DEL-BOM_6E_2026-08-23_T+1_1787389679056_rdfb,DEL-BOM,EaseMyTrip,6E,6E-146,2026-08-23,T+1,6130,1345,7475,2026-08-22T09:04:00.276Z,FALSE,"",15:30,TRUE
fare_DEL-BOM_6E_2026-08-23_T+1_1787389679056_b6uq,DEL-BOM,EaseMyTrip,6E,6E-815,2026-08-23,T+1,6130,1345,7475,2026-08-22T09:04:00.276Z,FALSE,"",15:30,TRUE
fare_DEL-BOM_6E_2026-08-23_T+1_1787389679057_j02w,DEL-BOM,EaseMyTrip,6E,6E-865,2026-08-23,T+1,8905,1955,10860,2026-08-22T09:04:00.276Z,FALSE,"",19:35,FALSE
fare_DEL-BOM_6E_2026-08-23_T+1_1787389679057_mksz,DEL-BOM,EaseMyTrip,6E,6E-533,2026-08-23,T+1,8905,1955,10860,2026-08-22T09:04:00.276Z,FALSE,"",19:35,FALSE
fare_DEL-BOM_6E_2026-08-23_T+1_1787389679057_vgqm,DEL-BOM,EaseMyTrip,6E,6E-503,2026-08-23,T+1,10902,2393,13295,2026-08-22T09:04:00.276Z,FALSE,"",23:15,FALSE
fare_DEL-BOM_6E_2026-08-23_T+1_1787389679057_t74b,DEL-BOM,EaseMyTrip,6E,6E-716,2026-08-23,T+1,10902,2393,13295,2026-08-22T09:04:00.276Z,FALSE,"",23:15,FALSE
fare_DEL-BOM_6E_2026-08-23_T+1_1787389679057_h1bl,DEL-BOM,EaseMyTrip,6E,6E-941,2026-08-23,T+1,17919,3934,21853,2026-08-22T09:04:00.276Z,FALSE,"",08:30,FALSE
fare_DEL-BOM_6E_2026-08-23_T+1_1787389679057_yugo,DEL-BOM,EaseMyTrip,6E,6E-843,2026-08-23,T+1,17919,3934,21853,2026-08-22T09:04:00.276Z,FALSE,"",08:30,FALSE
fare_DEL-BOM_6E_2026-08-23_T+1_1787389679057_6279,DEL-BOM,EaseMyTrip,6E,6E-495,2026-08-23,T+1,23143,5080,28223,2026-08-22T09:04:00.276Z,TRUE,"High outlier: ₹28223 > upper fence ₹26997 (Q3: ₹15094, IQR: ₹7935)",12:15,FALSE
fare_DEL-BOM_6E_2026-08-23_T+1_1787389679057_v6fx,DEL-BOM,EaseMyTrip,6E,6E-196,2026-08-23,T+1,23143,5080,28223,2026-08-22T09:04:00.276Z,TRUE,"High outlier: ₹28223 > upper fence ₹26997 (Q3: ₹15094, IQR: ₹7935)",12:15,FALSE
fare_DEL-BOM_6E_2026-08-23_T+1_1787389679060_4mrf,DEL-BOM,IndiGo,6E,6E-501,2026-08-23,T+1,4772,1048,5820,2026-08-22T05:06:34.648Z,FALSE,"",07:00,TRUE
fare_DEL-BOM_6E_2026-08-29_T+7_1787389679057_tu6d,DEL-BOM,EaseMyTrip,6E,6E-501,2026-08-29,T+7,4128,906,5034,2026-08-22T05:06:35.385Z,FALSE,"",07:00,TRUE
fare_DEL-BOM_IX_2026-08-29_T+7_1787389679057_u2po,DEL-BOM,EaseMyTrip,IX,IX-2146,2026-08-29,T+7,5077,1114,6191,2026-08-22T08:49:24.134Z,FALSE,"",06:20,FALSE
fare_DEL-BOM_SG_2026-08-29_T+7_1787389679057_0b43,DEL-BOM,EaseMyTrip,SG,SG-497,2026-08-29,T+7,5255,1153,6408,2026-08-22T08:49:24.134Z,FALSE,"",14:30,TRUE
fare_DEL-BOM_SG_2026-08-29_T+7_1787389679057_r12z,DEL-BOM,EaseMyTrip,SG,SG-733,2026-08-29,T+7,5255,1153,6408,2026-08-22T08:49:24.134Z,FALSE,"",14:30,TRUE
fare_DEL-BOM_SG_2026-08-29_T+7_1787389679057_53l0,DEL-BOM,EaseMyTrip,SG,SG-311,2026-08-29,T+7,5255,1153,6408,2026-08-22T08:49:24.134Z,FALSE,"",18:35,TRUE
fare_DEL-BOM_SG_2026-08-29_T+7_1787389679057_ga1s,DEL-BOM,EaseMyTrip,SG,SG-489,2026-08-29,T+7,5255,1153,6408,2026-08-22T08:49:24.134Z,FALSE,"",18:35,TRUE
fare_DEL-BOM_SG_2026-08-29_T+7_1787389679057_8igg,DEL-BOM,EaseMyTrip,SG,SG-408,2026-08-29,T+7,5255,1153,6408,2026-08-22T08:49:24.134Z,FALSE,"",22:30,TRUE
fare_DEL-BOM_SG_2026-08-29_T+7_1787389679057_t6yl,DEL-BOM,EaseMyTrip,SG,SG-654,2026-08-29,T+7,5255,1153,6408,2026-08-22T08:49:24.134Z,FALSE,"",22:30,TRUE
fare_DEL-BOM_IX_2026-08-29_T+7_1787389679057_5aht,DEL-BOM,EaseMyTrip,IX,IX-1038,2026-08-29,T+7,5354,1175,6529,2026-08-22T08:49:24.134Z,FALSE,"",18:40,TRUE
fare_DEL-BOM_IX_2026-08-29_T+7_1787389679057_q5ec,DEL-BOM,EaseMyTrip,IX,IX-1605,2026-08-29,T+7,5354,1175,6529,2026-08-22T08:49:24.134Z,FALSE,"",06:00,TRUE
fare_DEL-BOM_IX_2026-08-29_T+7_1787389679057_omau,DEL-BOM,EaseMyTrip,IX,IX-1395,2026-08-29,T+7,5354,1175,6529,2026-08-22T08:49:24.134Z,FALSE,"",19:20,TRUE
fare_DEL-BOM_6E_2026-08-29_T+7_1787389679057_4j86,DEL-BOM,EaseMyTrip,6E,6E-5096,2026-08-29,T+7,5282,1160,6442,2026-08-22T08:49:24.134Z,FALSE,"",17:00,TRUE
fare_DEL-BOM_6E_2026-08-29_T+7_1787389679057_htfu,DEL-BOM,EaseMyTrip,6E,6E-356,2026-08-29,T+7,5354,1175,6529,2026-08-22T08:49:24.134Z,FALSE,"",20:20,TRUE
fare_DEL-BOM_6E_2026-08-29_T+7_1787389679057_ww43,DEL-BOM,EaseMyTrip,6E,6E-410,2026-08-29,T+7,5354,1175,6529,2026-08-22T08:49:24.134Z,FALSE,"",20:20,TRUE
fare_DEL-BOM_6E_2026-08-29_T+7_1787389679057_5f0p,DEL-BOM,EaseMyTrip,6E,6E-6470,2026-08-29,T+7,5354,1175,6529,2026-08-22T08:49:24.134Z,FALSE,"",06:55,TRUE
fare_DEL-BOM_QP_2026-08-29_T+7_1787389679057_31ka,DEL-BOM,EaseMyTrip,QP,QP-1820,2026-08-29,T+7,5355,1175,6530,2026-08-22T08:49:24.134Z,FALSE,"",17:30,TRUE
fare_DEL-BOM_QP_2026-08-29_T+7_1787389679057_dmk5,DEL-BOM,EaseMyTrip,QP,QP-1128,2026-08-29,T+7,5355,1175,6530,2026-08-22T08:49:24.134Z,FALSE,"",16:00,TRUE
fare_DEL-BOM_QP_2026-08-29_T+7_1787389679057_8l93,DEL-BOM,EaseMyTrip,QP,QP-1836,2026-08-29,T+7,5355,1175,6530,2026-08-22T08:49:24.134Z,FALSE,"",12:05,TRUE
fare_DEL-BOM_6E_2026-08-29_T+7_1787389679057_5ahh,DEL-BOM,EaseMyTrip,6E,6E-6706,2026-08-29,T+7,5355,1175,6530,2026-08-22T08:49:24.134Z,FALSE,"",17:00,TRUE
fare_DEL-BOM_6E_2026-08-29_T+7_1787389679057_tzf0,DEL-BOM,EaseMyTrip,6E,6E-156,2026-08-29,T+7,5355,1175,6530,2026-08-22T08:49:24.134Z,FALSE,"",16:15,TRUE
fare_DEL-BOM_6E_2026-08-29_T+7_1787389679057_ovbk,DEL-BOM,EaseMyTrip,6E,6E-230,2026-08-29,T+7,5355,1175,6530,2026-08-22T08:49:24.134Z,FALSE,"",16:15,TRUE
fare_DEL-BOM_6E_2026-08-29_T+7_1787389679057_2m0n,DEL-BOM,EaseMyTrip,6E,6E-970,2026-08-29,T+7,5355,1175,6530,2026-08-22T08:49:24.134Z,FALSE,"",15:30,TRUE
fare_DEL-BOM_6E_2026-08-29_T+7_1787389679057_ah0r,DEL-BOM,EaseMyTrip,6E,6E-127,2026-08-29,T+7,5355,1175,6530,2026-08-22T08:49:24.134Z,FALSE,"",15:30,TRUE
fare_DEL-BOM_6E_2026-08-29_T+7_1787389679057_rbk8,DEL-BOM,EaseMyTrip,6E,6E-6022,2026-08-29,T+7,5355,1175,6530,2026-08-22T08:49:24.134Z,FALSE,"",14:00,TRUE
fare_DEL-BOM_6E_2026-08-29_T+7_1787389679057_xjsn,DEL-BOM,EaseMyTrip,6E,6E-6318,2026-08-29,T+7,5355,1175,6530,2026-08-22T08:49:24.134Z,FALSE,"",14:45,TRUE
fare_DEL-BOM_6E_2026-08-29_T+7_1787389679057_mgpe,DEL-BOM,EaseMyTrip,6E,6E-941,2026-08-29,T+7,5355,1175,6530,2026-08-22T08:49:24.134Z,FALSE,"",08:45,TRUE
fare_DEL-BOM_6E_2026-08-29_T+7_1787389679057_ql06,DEL-BOM,EaseMyTrip,6E,6E-994,2026-08-29,T+7,5355,1175,6530,2026-08-22T08:49:24.134Z,FALSE,"",08:45,TRUE
fare_DEL-BOM_6E_2026-08-29_T+7_1787389679057_r8ku,DEL-BOM,EaseMyTrip,6E,6E-6328,2026-08-29,T+7,5355,1175,6530,2026-08-22T08:49:24.134Z,FALSE,"",10:15,TRUE
fare_DEL-BOM_6E_2026-08-29_T+7_1787389679057_pfgi,DEL-BOM,EaseMyTrip,6E,6E-6047,2026-08-29,T+7,5355,1175,6530,2026-08-22T08:49:24.134Z,FALSE,"",11:00,TRUE
fare_DEL-BOM_6E_2026-08-29_T+7_1787389679057_ayo9,DEL-BOM,EaseMyTrip,6E,6E-6676,2026-08-29,T+7,5355,1175,6530,2026-08-22T08:49:24.134Z,FALSE,"",12:00,TRUE
fare_DEL-BOM_6E_2026-08-29_T+7_1787389679057_axde,DEL-BOM,EaseMyTrip,6E,6E-575,2026-08-29,T+7,5355,1175,6530,2026-08-22T08:49:24.134Z,FALSE,"",13:00,TRUE
fare_DEL-BOM_6E_2026-08-29_T+7_1787389679057_ef8c,DEL-BOM,EaseMyTrip,6E,6E-341,2026-08-29,T+7,5355,1175,6530,2026-08-22T08:49:24.134Z,FALSE,"",13:00,TRUE
fare_DEL-BOM_6E_2026-08-29_T+7_1787389679057_22lu,DEL-BOM,EaseMyTrip,6E,6E-6107,2026-08-29,T+7,5355,1175,6530,2026-08-22T08:49:24.134Z,FALSE,"",09:30,TRUE
fare_DEL-BOM_QP_2026-08-29_T+7_1787389679057_hpy1,DEL-BOM,EaseMyTrip,QP,QP-1940,2026-08-29,T+7,5427,1191,6618,2026-08-22T08:49:24.134Z,FALSE,"",14:10,TRUE
fare_DEL-BOM_QP_2026-08-29_T+7_1787389679057_r4yg,DEL-BOM,EaseMyTrip,QP,QP-1942,2026-08-29,T+7,5427,1191,6618,2026-08-22T08:49:24.134Z,FALSE,"",21:05,TRUE
fare_DEL-BOM_6E_2026-08-29_T+7_1787389679057_9npo,DEL-BOM,EaseMyTrip,6E,6E-5198,2026-08-29,T+7,5427,1191,6618,2026-08-22T08:49:24.134Z,FALSE,"",15:00,TRUE
fare_DEL-BOM_6E_2026-08-29_T+7_1787389679057_uyed,DEL-BOM,EaseMyTrip,6E,6E-599,2026-08-29,T+7,5484,1204,6688,2026-08-22T08:49:24.134Z,FALSE,"",05:00,TRUE
fare_DEL-BOM_6E_2026-08-29_T+7_1787389679057_wxr5,DEL-BOM,EaseMyTrip,6E,6E-641,2026-08-29,T+7,5484,1204,6688,2026-08-22T08:49:24.134Z,FALSE,"",05:00,TRUE
fare_DEL-BOM_6E_2026-08-29_T+7_1787389679057_144c,DEL-BOM,EaseMyTrip,6E,6E-519,2026-08-29,T+7,5484,1204,6688,2026-08-22T08:49:24.134Z,FALSE,"",23:30,TRUE
fare_DEL-BOM_6E_2026-08-29_T+7_1787389679057_30f4,DEL-BOM,EaseMyTrip,6E,6E-670,2026-08-29,T+7,5484,1204,6688,2026-08-22T08:49:24.134Z,FALSE,"",23:30,TRUE
fare_DEL-BOM_6E_2026-08-29_T+7_1787389679057_p2z1,DEL-BOM,EaseMyTrip,6E,6E-6114,2026-08-29,T+7,5484,1204,6688,2026-08-22T08:49:24.134Z,FALSE,"",22:45,TRUE
fare_DEL-BOM_6E_2026-08-29_T+7_1787389679057_xrdp,DEL-BOM,EaseMyTrip,6E,6E-794,2026-08-29,T+7,5484,1204,6688,2026-08-22T08:49:24.134Z,FALSE,"",21:45,TRUE
fare_DEL-BOM_6E_2026-08-29_T+7_1787389679057_d6b9,DEL-BOM,EaseMyTrip,6E,6E-245,2026-08-29,T+7,5484,1204,6688,2026-08-22T08:49:24.134Z,FALSE,"",21:45,TRUE
fare_DEL-BOM_6E_2026-08-29_T+7_1787389679057_ta3m,DEL-BOM,EaseMyTrip,6E,6E-701,2026-08-29,T+7,5484,1204,6688,2026-08-22T08:49:24.134Z,FALSE,"",20:00,TRUE
fare_DEL-BOM_6E_2026-08-29_T+7_1787389679057_193q,DEL-BOM,EaseMyTrip,6E,6E-172,2026-08-29,T+7,5484,1204,6688,2026-08-22T08:49:24.134Z,FALSE,"",20:00,TRUE
fare_DEL-BOM_6E_2026-08-29_T+7_1787389679057_mzyv,DEL-BOM,EaseMyTrip,6E,6E-939,2026-08-29,T+7,5484,1204,6688,2026-08-22T08:49:24.134Z,FALSE,"",19:00,TRUE
fare_DEL-BOM_6E_2026-08-29_T+7_1787389679057_ooud,DEL-BOM,EaseMyTrip,6E,6E-466,2026-08-29,T+7,5484,1204,6688,2026-08-22T08:49:24.134Z,FALSE,"",19:00,TRUE
fare_DEL-BOM_6E_2026-08-29_T+7_1787389679057_2s1z,DEL-BOM,EaseMyTrip,6E,6E-750,2026-08-29,T+7,5484,1204,6688,2026-08-22T08:49:24.134Z,FALSE,"",18:00,TRUE
fare_DEL-BOM_6E_2026-08-29_T+7_1787389679057_tcv1,DEL-BOM,EaseMyTrip,6E,6E-590,2026-08-29,T+7,5484,1204,6688,2026-08-22T08:49:24.134Z,FALSE,"",18:00,TRUE
fare_DEL-BOM_6E_2026-08-29_T+7_1787389679057_sf4z,DEL-BOM,EaseMyTrip,6E,6E-6218,2026-08-29,T+7,5484,1204,6688,2026-08-22T08:49:24.134Z,FALSE,"",06:05,TRUE
fare_DEL-BOM_6E_2026-08-29_T+7_1787389679057_ltj6,DEL-BOM,EaseMyTrip,6E,6E-454,2026-08-29,T+7,5484,1204,6688,2026-08-22T08:49:24.134Z,FALSE,"",08:00,TRUE
fare_DEL-BOM_6E_2026-08-29_T+7_1787389679057_rnkg,DEL-BOM,EaseMyTrip,6E,6E-515,2026-08-29,T+7,5484,1204,6688,2026-08-22T08:49:24.134Z,FALSE,"",08:00,TRUE
fare_DEL-BOM_6E_2026-08-29_T+7_1787389679057_m8nu,DEL-BOM,EaseMyTrip,6E,6E-6814,2026-08-29,T+7,5484,1204,6688,2026-08-22T08:49:24.134Z,FALSE,"",07:15,TRUE
fare_DEL-BOM_AI_2026-08-29_T+7_1787389679057_gqn7,DEL-BOM,EaseMyTrip,AI,AI-2963,2026-08-29,T+7,5740,1260,7000,2026-08-22T08:49:24.134Z,FALSE,"",09:00,TRUE
fare_DEL-BOM_AI_2026-08-29_T+7_1787389679057_pq1p,DEL-BOM,EaseMyTrip,AI,AI-2425,2026-08-29,T+7,5740,1260,7000,2026-08-22T08:49:24.134Z,FALSE,"",10:30,TRUE
fare_DEL-BOM_AI_2026-08-29_T+7_1787389679057_bhrw,DEL-BOM,EaseMyTrip,AI,AI-2941,2026-08-29,T+7,5740,1260,7000,2026-08-22T08:49:24.134Z,FALSE,"",16:30,TRUE
fare_DEL-BOM_AI_2026-08-29_T+7_1787389679057_58tp,DEL-BOM,EaseMyTrip,AI,AI-2981,2026-08-29,T+7,5740,1260,7000,2026-08-22T08:49:24.134Z,FALSE,"",21:00,TRUE
fare_DEL-BOM_AI_2026-08-29_T+7_1787389679057_n9nf,DEL-BOM,EaseMyTrip,AI,AI-1785,2026-08-29,T+7,5740,1260,7000,2026-08-22T08:49:24.134Z,FALSE,"",12:00,TRUE
fare_DEL-BOM_AI_2026-08-29_T+7_1787389679057_wg4r,DEL-BOM,EaseMyTrip,AI,AI-1777,2026-08-29,T+7,5740,1260,7000,2026-08-22T08:49:24.134Z,FALSE,"",16:00,TRUE
fare_DEL-BOM_AI_2026-08-29_T+7_1787389679057_32rk,DEL-BOM,EaseMyTrip,AI,AI-441,2026-08-29,T+7,5740,1260,7000,2026-08-22T08:49:24.134Z,FALSE,"",17:00,TRUE
fare_DEL-BOM_AI_2026-08-29_T+7_1787389679057_1gfj,DEL-BOM,EaseMyTrip,AI,AI-2751,2026-08-29,T+7,5740,1260,7000,2026-08-22T08:49:24.134Z,FALSE,"",17:30,TRUE
fare_DEL-BOM_AI_2026-08-29_T+7_1787389679057_v864,DEL-BOM,EaseMyTrip,AI,AI-2927,2026-08-29,T+7,5740,1260,7000,2026-08-22T08:49:24.134Z,FALSE,"",09:30,TRUE
fare_DEL-BOM_QP_2026-08-29_T+7_1787389679057_mr42,DEL-BOM,EaseMyTrip,QP,QP-1833,2026-08-29,T+7,5652,1241,6893,2026-08-22T08:49:24.134Z,FALSE,"",06:50,TRUE
fare_DEL-BOM_QP_2026-08-29_T+7_1787389679057_kyn3,DEL-BOM,EaseMyTrip,QP,QP-1112,2026-08-29,T+7,5652,1241,6893,2026-08-22T08:49:24.134Z,FALSE,"",09:20,TRUE
fare_DEL-BOM_AI_2026-08-29_T+7_1787389679057_jeqa,DEL-BOM,EaseMyTrip,AI,AI-2975,2026-08-29,T+7,5870,1289,7159,2026-08-22T08:49:24.134Z,FALSE,"",06:30,TRUE
fare_DEL-BOM_AI_2026-08-29_T+7_1787389679057_hcy9,DEL-BOM,EaseMyTrip,AI,AI-1745,2026-08-29,T+7,5870,1289,7159,2026-08-22T08:49:24.134Z,FALSE,"",05:30,TRUE
fare_DEL-BOM_AI_2026-08-29_T+7_1787389679057_n831,DEL-BOM,EaseMyTrip,AI,AI-2429,2026-08-29,T+7,5870,1289,7159,2026-08-22T08:49:24.134Z,FALSE,"",07:00,TRUE
fare_DEL-BOM_AI_2026-08-29_T+7_1787389679057_24gd,DEL-BOM,EaseMyTrip,AI,AI-2943,2026-08-29,T+7,5870,1289,7159,2026-08-22T08:49:24.134Z,FALSE,"",07:30,TRUE
fare_DEL-BOM_AI_2026-08-29_T+7_1787389679057_0mxz,DEL-BOM,EaseMyTrip,AI,AI-2933,2026-08-29,T+7,5870,1289,7159,2026-08-22T08:49:24.134Z,FALSE,"",15:30,TRUE
fare_DEL-BOM_AI_2026-08-29_T+7_1787389679057_pr9j,DEL-BOM,EaseMyTrip,AI,AI-2955,2026-08-29,T+7,5870,1289,7159,2026-08-22T08:49:24.134Z,FALSE,"",18:00,TRUE
fare_DEL-BOM_AI_2026-08-29_T+7_1787389679057_qxax,DEL-BOM,EaseMyTrip,AI,AI-2977,2026-08-29,T+7,5870,1289,7159,2026-08-22T08:49:24.134Z,FALSE,"",19:00,TRUE
fare_DEL-BOM_AI_2026-08-29_T+7_1787389679057_45n0,DEL-BOM,EaseMyTrip,AI,AI-2985,2026-08-29,T+7,5870,1289,7159,2026-08-22T08:49:24.134Z,FALSE,"",19:30,TRUE
fare_DEL-BOM_AI_2026-08-29_T+7_1787389679057_hgzw,DEL-BOM,EaseMyTrip,AI,AI-2433,2026-08-29,T+7,5870,1289,7159,2026-08-22T08:49:24.134Z,FALSE,"",21:30,TRUE
fare_DEL-BOM_AI_2026-08-29_T+7_1787389679057_ybgd,DEL-BOM,EaseMyTrip,AI,AI-2999,2026-08-29,T+7,5870,1289,7159,2026-08-22T08:49:24.134Z,FALSE,"",22:00,TRUE
fare_DEL-BOM_AI_2026-08-29_T+7_1787389679057_f2w5,DEL-BOM,EaseMyTrip,AI,AI-2437,2026-08-29,T+7,5870,1289,7159,2026-08-22T08:49:24.134Z,FALSE,"",22:30,TRUE
fare_DEL-BOM_AI_2026-08-29_T+7_1787389679057_tseo,DEL-BOM,EaseMyTrip,AI,AI-2439,2026-08-29,T+7,5870,1289,7159,2026-08-22T08:49:24.134Z,FALSE,"",23:00,TRUE
fare_DEL-BOM_AI_2026-08-29_T+7_1787389679057_hkzk,DEL-BOM,EaseMyTrip,AI,AI-2615,2026-08-29,T+7,5870,1289,7159,2026-08-22T08:49:24.134Z,FALSE,"",02:45,TRUE
fare_DEL-BOM_AI_2026-08-29_T+7_1787389679057_tbaf,DEL-BOM,EaseMyTrip,AI,AI-2441,2026-08-29,T+7,5870,1289,7159,2026-08-22T08:49:24.134Z,FALSE,"",18:25,TRUE
fare_DEL-BOM_AI_2026-08-29_T+7_1787389679057_qgv9,DEL-BOM,EaseMyTrip,AI,AI-2957,2026-08-29,T+7,5870,1289,7159,2026-08-22T08:49:24.134Z,FALSE,"",20:30,TRUE
fare_DEL-BOM_QP_2026-08-29_T+7_1787389679057_maw4,DEL-BOM,EaseMyTrip,QP,QP-1110,2026-08-29,T+7,5756,1263,7019,2026-08-22T08:49:24.134Z,FALSE,"",10:30,TRUE
fare_DEL-BOM_QP_2026-08-29_T+7_1787389679057_xe75,DEL-BOM,EaseMyTrip,QP,QP-1119,2026-08-29,T+7,5756,1263,7019,2026-08-22T08:49:24.134Z,FALSE,"",08:40,TRUE
fare_DEL-BOM_QP_2026-08-29_T+7_1787389679057_mjq1,DEL-BOM,EaseMyTrip,QP,QP-1826,2026-08-29,T+7,5756,1263,7019,2026-08-22T08:49:24.134Z,FALSE,"",19:55,TRUE
fare_DEL-BOM_6E_2026-08-29_T+7_1787389679057_tnt4,DEL-BOM,EaseMyTrip,6E,6E-6190,2026-08-29,T+7,5920,1299,7219,2026-08-22T08:49:24.134Z,FALSE,"",07:40,FALSE
fare_DEL-BOM_6E_2026-08-29_T+7_1787389679057_340m,DEL-BOM,EaseMyTrip,6E,6E-473,2026-08-29,T+7,5920,1299,7219,2026-08-22T08:49:24.134Z,FALSE,"",10:00,FALSE
fare_DEL-BOM_6E_2026-08-29_T+7_1787389679057_l3h0,DEL-BOM,EaseMyTrip,6E,6E-831,2026-08-29,T+7,5920,1299,7219,2026-08-22T08:49:24.134Z,FALSE,"",10:00,FALSE
fare_DEL-BOM_6E_2026-08-29_T+7_1787389679057_3s3w,DEL-BOM,EaseMyTrip,6E,6E-2076,2026-08-29,T+7,5920,1299,7219,2026-08-22T08:49:24.134Z,FALSE,"",07:30,FALSE
fare_DEL-BOM_6E_2026-08-29_T+7_1787389679057_48pv,DEL-BOM,EaseMyTrip,6E,6E-5014,2026-08-29,T+7,5963,1309,7272,2026-08-22T08:49:24.134Z,FALSE,"",18:30,FALSE
fare_DEL-BOM_6E_2026-08-29_T+7_1787389679057_kvdi,DEL-BOM,EaseMyTrip,6E,6E-6171,2026-08-29,T+7,5963,1309,7272,2026-08-22T08:49:24.134Z,FALSE,"",05:40,FALSE
fare_DEL-BOM_6E_2026-08-29_T+7_1787389679057_mjl9,DEL-BOM,EaseMyTrip,6E,6E-6983,2026-08-29,T+7,5963,1309,7272,2026-08-22T08:49:24.134Z,FALSE,"",15:35,FALSE
fare_DEL-BOM_6E_2026-08-29_T+7_1787389679057_ogwg,DEL-BOM,EaseMyTrip,6E,6E-6261,2026-08-29,T+7,5963,1309,7272,2026-08-22T08:49:24.134Z,FALSE,"",00:15,FALSE
fare_DEL-BOM_6E_2026-08-29_T+7_1787389679057_1dpd,DEL-BOM,EaseMyTrip,6E,6E-2331,2026-08-29,T+7,5963,1309,7272,2026-08-22T08:49:24.134Z,FALSE,"",12:20,FALSE
fare_DEL-BOM_6E_2026-08-29_T+7_1787389679057_0da3,DEL-BOM,EaseMyTrip,6E,6E-6490,2026-08-29,T+7,6027,1323,7350,2026-08-22T08:49:24.134Z,FALSE,"",04:55,FALSE
fare_DEL-BOM_SG_2026-08-29_T+7_1787389679057_a4y3,DEL-BOM,EaseMyTrip,SG,SG-450,2026-08-29,T+7,6846,1503,8349,2026-08-22T08:49:24.134Z,FALSE,"",09:15,TRUE
fare_DEL-BOM_SG_2026-08-29_T+7_1787389679057_p35d,DEL-BOM,EaseMyTrip,SG,SG-976,2026-08-29,T+7,6846,1503,8349,2026-08-22T08:49:24.134Z,FALSE,"",09:15,TRUE
fare_DEL-BOM_6E_2026-08-29_T+7_1787389679057_9ain,DEL-BOM,EaseMyTrip,6E,6E-2249,2026-08-29,T+7,6070,1333,7403,2026-08-22T08:49:24.134Z,FALSE,"",15:00,FALSE
fare_DEL-BOM_6E_2026-08-29_T+7_1787389679057_98qu,DEL-BOM,EaseMyTrip,6E,6E-5138,2026-08-29,T+7,6070,1333,7403,2026-08-22T08:49:24.134Z,FALSE,"",19:10,FALSE
fare_DEL-BOM_6E_2026-08-29_T+7_1787389679057_ksce,DEL-BOM,EaseMyTrip,6E,6E-2169,2026-08-29,T+7,6070,1333,7403,2026-08-22T08:49:24.134Z,FALSE,"",19:40,FALSE
fare_DEL-BOM_6E_2026-08-29_T+7_1787389679057_f0oy,DEL-BOM,EaseMyTrip,6E,6E-6443,2026-08-29,T+7,6070,1333,7403,2026-08-22T08:49:24.134Z,FALSE,"",09:00,FALSE
fare_DEL-BOM_6E_2026-08-29_T+7_1787389679057_o1v6,DEL-BOM,EaseMyTrip,6E,6E-6312,2026-08-29,T+7,6070,1333,7403,2026-08-22T08:49:24.134Z,FALSE,"",14:25,FALSE
fare_DEL-BOM_6E_2026-08-29_T+7_1787389679057_v7zm,DEL-BOM,EaseMyTrip,6E,6E-6433,2026-08-29,T+7,6070,1333,7403,2026-08-22T08:49:24.134Z,FALSE,"",16:30,FALSE
fare_DEL-BOM_6E_2026-08-29_T+7_1787389679057_0nna,DEL-BOM,EaseMyTrip,6E,6E-6459,2026-08-29,T+7,6070,1333,7403,2026-08-22T08:49:24.134Z,FALSE,"",05:55,FALSE
fare_DEL-BOM_6E_2026-08-29_T+7_1787389679057_9pmo,DEL-BOM,EaseMyTrip,6E,6E-6479,2026-08-29,T+7,6135,1347,7482,2026-08-22T08:49:24.134Z,FALSE,"",21:25,FALSE
fare_DEL-BOM_6E_2026-08-29_T+7_1787389679057_nx06,DEL-BOM,EaseMyTrip,6E,6E-5298,2026-08-29,T+7,6135,1347,7482,2026-08-22T08:49:24.134Z,FALSE,"",09:00,FALSE
fare_DEL-BOM_6E_2026-08-29_T+7_1787389679057_sl3f,DEL-BOM,EaseMyTrip,6E,6E-5038,2026-08-29,T+7,6135,1347,7482,2026-08-22T08:49:24.134Z,FALSE,"",14:00,FALSE
fare_DEL-BOM_6E_2026-08-29_T+7_1787389679057_ejue,DEL-BOM,EaseMyTrip,6E,6E-6050,2026-08-29,T+7,6135,1347,7482,2026-08-22T08:49:24.134Z,FALSE,"",08:15,FALSE
fare_DEL-BOM_6E_2026-08-29_T+7_1787389679057_wesp,DEL-BOM,EaseMyTrip,6E,6E-2147,2026-08-29,T+7,6135,1347,7482,2026-08-22T08:49:24.134Z,FALSE,"",11:10,FALSE
fare_DEL-BOM_6E_2026-08-29_T+7_1787389679057_wb7s,DEL-BOM,EaseMyTrip,6E,6E-5206,2026-08-29,T+7,6135,1347,7482,2026-08-22T08:49:24.134Z,FALSE,"",13:20,FALSE
fare_DEL-BOM_IX_2026-08-29_T+7_1787389679057_746u,DEL-BOM,EaseMyTrip,IX,IX-1056,2026-08-29,T+7,6387,1402,7789,2026-08-22T08:49:24.134Z,FALSE,"",17:50,TRUE
fare_DEL-BOM_6E_2026-08-29_T+7_1787389679057_2t45,DEL-BOM,EaseMyTrip,6E,6E-5119,2026-08-29,T+7,6240,1370,7610,2026-08-22T08:49:24.134Z,FALSE,"",05:10,FALSE
fare_DEL-BOM_6E_2026-08-29_T+7_1787389679057_2qnu,DEL-BOM,EaseMyTrip,6E,6E-6601,2026-08-29,T+7,6243,1370,7613,2026-08-22T08:49:24.134Z,FALSE,"",19:45,FALSE
fare_DEL-BOM_6E_2026-08-29_T+7_1787389679057_su1k,DEL-BOM,EaseMyTrip,6E,6E-214,2026-08-29,T+7,6243,1370,7613,2026-08-22T08:49:24.134Z,FALSE,"",02:25,FALSE
fare_DEL-BOM_6E_2026-08-29_T+7_1787389679057_ze61,DEL-BOM,EaseMyTrip,6E,6E-905,2026-08-29,T+7,6243,1370,7613,2026-08-22T08:49:24.134Z,FALSE,"",02:25,FALSE
fare_DEL-BOM_6E_2026-08-29_T+7_1787389679057_jr5u,DEL-BOM,EaseMyTrip,6E,6E-820,2026-08-29,T+7,6243,1370,7613,2026-08-22T08:49:24.134Z,FALSE,"",23:15,FALSE
fare_DEL-BOM_6E_2026-08-29_T+7_1787389679057_59xe,DEL-BOM,EaseMyTrip,6E,6E-553,2026-08-29,T+7,6243,1370,7613,2026-08-22T08:49:24.134Z,FALSE,"",23:15,FALSE
fare_DEL-BOM_6E_2026-08-29_T+7_1787389679057_96wx,DEL-BOM,EaseMyTrip,6E,6E-6497,2026-08-29,T+7,6243,1370,7613,2026-08-22T08:49:24.134Z,FALSE,"",18:45,FALSE
fare_DEL-BOM_6E_2026-08-29_T+7_1787389679057_6dl4,DEL-BOM,EaseMyTrip,6E,6E-6293,2026-08-29,T+7,6243,1370,7613,2026-08-22T08:49:24.134Z,FALSE,"",09:55,FALSE
fare_DEL-BOM_6E_2026-08-29_T+7_1787389679057_8oz7,DEL-BOM,EaseMyTrip,6E,6E-381,2026-08-29,T+7,6307,1385,7692,2026-08-22T08:49:24.134Z,FALSE,"",19:30,FALSE
fare_DEL-BOM_6E_2026-08-29_T+7_1787389679057_ykmh,DEL-BOM,EaseMyTrip,6E,6E-659,2026-08-29,T+7,6307,1385,7692,2026-08-22T08:49:24.134Z,FALSE,"",19:30,FALSE
fare_DEL-BOM_6E_2026-08-29_T+7_1787389679057_8fnc,DEL-BOM,EaseMyTrip,6E,6E-2341,2026-08-29,T+7,6380,1400,7780,2026-08-22T08:49:24.134Z,FALSE,"",14:50,FALSE
fare_DEL-BOM_6E_2026-08-29_T+7_1787389679057_i71z,DEL-BOM,EaseMyTrip,6E,6E-878,2026-08-29,T+7,6380,1400,7780,2026-08-22T08:49:24.134Z,FALSE,"",10:00,FALSE
fare_DEL-BOM_6E_2026-08-29_T+7_1787389679057_lhpi,DEL-BOM,EaseMyTrip,6E,6E-2571,2026-08-29,T+7,6831,1500,8331,2026-08-22T08:49:24.134Z,FALSE,"",12:30,FALSE
fare_DEL-BOM_6E_2026-08-29_T+7_1787389679057_gxo2,DEL-BOM,EaseMyTrip,6E,6E-2013,2026-08-29,T+7,6976,1531,8507,2026-08-22T08:49:24.134Z,FALSE,"",21:50,FALSE
fare_DEL-BOM_6E_2026-08-29_T+7_1787389679057_5w0q,DEL-BOM,EaseMyTrip,6E,6E-7646,2026-08-29,T+7,7234,1588,8822,2026-08-22T08:49:24.134Z,FALSE,"",06:15,FALSE
fare_DEL-BOM_AI_2026-08-29_T+7_1787389679057_xihe,DEL-BOM,EaseMyTrip,AI,AI-2717,2026-08-29,T+7,7847,1722,9569,2026-08-22T08:49:24.134Z,FALSE,"",06:55,FALSE
fare_DEL-BOM_AI_2026-08-29_T+7_1787389679057_o8g3,DEL-BOM,EaseMyTrip,AI,AI-2623,2026-08-29,T+7,7847,1722,9569,2026-08-22T08:49:24.134Z,FALSE,"",13:35,FALSE
fare_DEL-BOM_AI_2026-08-29_T+7_1787389679057_yoxk,DEL-BOM,EaseMyTrip,AI,AI-1780,2026-08-29,T+7,7858,1725,9583,2026-08-22T08:49:24.134Z,FALSE,"",14:30,TRUE
fare_DEL-BOM_IX_2026-08-29_T+7_1787389679057_8o14,DEL-BOM,EaseMyTrip,IX,IX-1789,2026-08-29,T+7,7948,1745,9693,2026-08-22T08:49:24.134Z,FALSE,"",10:40,FALSE
fare_DEL-BOM_6E_2026-08-29_T+7_1787389679057_88bf,DEL-BOM,EaseMyTrip,6E,6E-5073,2026-08-29,T+7,8046,1766,9812,2026-08-22T08:49:24.134Z,FALSE,"",17:05,FALSE
fare_DEL-BOM_6E_2026-08-29_T+7_1787389679057_awh6,DEL-BOM,EaseMyTrip,6E,6E-395,2026-08-29,T+7,8375,1838,10213,2026-08-22T08:49:24.134Z,FALSE,"",19:35,FALSE
fare_DEL-BOM_6E_2026-08-29_T+7_1787389679057_3zwk,DEL-BOM,EaseMyTrip,6E,6E-294,2026-08-29,T+7,8375,1838,10213,2026-08-22T08:49:24.134Z,FALSE,"",19:35,FALSE
fare_DEL-BOM_IX_2026-08-29_T+7_1787389679057_hz3t,DEL-BOM,EaseMyTrip,IX,IX-1057,2026-08-29,T+7,8685,1907,10592,2026-08-22T08:49:24.134Z,FALSE,"",05:25,FALSE
fare_DEL-BOM_6E_2026-08-29_T+7_1787389679057_ds9a,DEL-BOM,EaseMyTrip,6E,6E-2381,2026-08-29,T+7,8480,1862,10342,2026-08-22T08:49:24.134Z,FALSE,"",13:45,FALSE
fare_DEL-BOM_IX_2026-08-29_T+7_1787389679057_ouzc,DEL-BOM,EaseMyTrip,IX,IX-5316,2026-08-29,T+7,9060,1989,11049,2026-08-22T08:49:24.134Z,FALSE,"",15:30,FALSE
fare_DEL-BOM_AI_2026-08-29_T+7_1787389679057_t28n,DEL-BOM,EaseMyTrip,AI,AI-1767,2026-08-29,T+7,9593,2106,11699,2026-08-22T08:49:24.134Z,FALSE,"",07:20,FALSE
fare_DEL-BOM_6E_2026-08-29_T+7_1787389679057_nnix,DEL-BOM,EaseMyTrip,6E,6E-6829,2026-08-29,T+7,9734,2137,11871,2026-08-22T08:49:24.134Z,FALSE,"",17:20,FALSE
fare_DEL-BOM_AI_2026-08-29_T+7_1787389679057_3iz0,DEL-BOM,EaseMyTrip,AI,AI-1705,2026-08-29,T+7,9956,2185,12141,2026-08-22T08:49:24.134Z,FALSE,"",06:30,FALSE
fare_DEL-BOM_6E_2026-08-29_T+7_1787389679057_lyvy,DEL-BOM,EaseMyTrip,6E,6E-6282,2026-08-29,T+7,10113,2220,12333,2026-08-22T08:49:24.134Z,FALSE,"",13:30,FALSE
fare_DEL-BOM_AI_2026-08-29_T+7_1787389679057_ljk4,DEL-BOM,EaseMyTrip,AI,AI-9920,2026-08-29,T+7,10864,2385,13249,2026-08-22T08:49:24.134Z,FALSE,"",10:30,FALSE
fare_DEL-BOM_6E_2026-08-29_T+7_1787389679057_ag4u,DEL-BOM,EaseMyTrip,6E,6E-616,2026-08-29,T+7,10993,2413,13406,2026-08-22T08:49:24.134Z,FALSE,"",08:30,FALSE
fare_DEL-BOM_6E_2026-08-29_T+7_1787389679057_wpb3,DEL-BOM,EaseMyTrip,6E,6E-978,2026-08-29,T+7,10993,2413,13406,2026-08-22T08:49:24.134Z,FALSE,"",08:30,FALSE
fare_DEL-BOM_AI_2026-08-29_T+7_1787389679057_7t3s,DEL-BOM,EaseMyTrip,AI,AI-2909,2026-08-29,T+7,11417,2506,13923,2026-08-22T08:49:24.134Z,TRUE,"High outlier: ₹13923 > upper fence ₹13918 (Q3: ₹9580, IQR: ₹2892)",22:30,FALSE
fare_DEL-BOM_AI_2026-08-29_T+7_1787389679057_5cxl,DEL-BOM,EaseMyTrip,AI,AI-2939,2026-08-29,T+7,11509,2526,14035,2026-08-22T08:49:24.134Z,TRUE,"High outlier: ₹14035 > upper fence ₹13918 (Q3: ₹9580, IQR: ₹2892)",16:40,FALSE
fare_DEL-BOM_AI_2026-08-29_T+7_1787389679057_tqs7,DEL-BOM,EaseMyTrip,AI,AI-2481,2026-08-29,T+7,11509,2526,14035,2026-08-22T08:49:24.134Z,TRUE,"High outlier: ₹14035 > upper fence ₹13918 (Q3: ₹9580, IQR: ₹2892)",15:00,FALSE
fare_DEL-BOM_AI_2026-08-29_T+7_1787389679057_98dx,DEL-BOM,EaseMyTrip,AI,AI-817,2026-08-29,T+7,11694,2567,14261,2026-08-22T08:49:24.134Z,TRUE,"High outlier: ₹14261 > upper fence ₹13918 (Q3: ₹9580, IQR: ₹2892)",05:55,FALSE
fare_DEL-BOM_IX_2026-08-29_T+7_1787389679057_d6so,DEL-BOM,EaseMyTrip,IX,IX-1068,2026-08-29,T+7,11965,2626,14591,2026-08-22T08:49:24.134Z,TRUE,"High outlier: ₹14591 > upper fence ₹13918 (Q3: ₹9580, IQR: ₹2892)",11:55,FALSE
fare_DEL-BOM_6E_2026-08-29_T+7_1787389679057_3tu8,DEL-BOM,EaseMyTrip,6E,6E-7642,2026-08-29,T+7,11773,2584,14357,2026-08-22T08:49:24.134Z,TRUE,"High outlier: ₹14357 > upper fence ₹13918 (Q3: ₹9580, IQR: ₹2892)",15:45,FALSE
fare_DEL-BOM_AI_2026-08-29_T+7_1787389679057_e0jf,DEL-BOM,EaseMyTrip,AI,AI-1743,2026-08-29,T+7,13065,2868,15933,2026-08-22T08:49:24.134Z,TRUE,"High outlier: ₹15933 > upper fence ₹13918 (Q3: ₹9580, IQR: ₹2892)",06:50,FALSE
fare_DEL-BOM_AI_2026-08-29_T+7_1787389679057_vh22,DEL-BOM,EaseMyTrip,AI,AI-1712,2026-08-29,T+7,13077,2870,15947,2026-08-22T08:49:24.134Z,TRUE,"High outlier: ₹15947 > upper fence ₹13918 (Q3: ₹9580, IQR: ₹2892)",13:15,FALSE
fare_DEL-BOM_AI_2026-08-29_T+7_1787389679057_9fkc,DEL-BOM,EaseMyTrip,AI,AI-2723,2026-08-29,T+7,13569,2978,16547,2026-08-22T08:49:24.134Z,TRUE,"High outlier: ₹16547 > upper fence ₹13918 (Q3: ₹9580, IQR: ₹2892)",15:00,FALSE
fare_DEL-BOM_IX_2026-08-29_T+7_1787389679057_40px,DEL-BOM,EaseMyTrip,IX,IX-1482,2026-08-29,T+7,13729,3014,16743,2026-08-22T08:49:24.134Z,TRUE,"High outlier: ₹16743 > upper fence ₹13918 (Q3: ₹9580, IQR: ₹2892)",08:30,FALSE
fare_DEL-BOM_AI_2026-08-29_T+7_1787389679057_1s69,DEL-BOM,EaseMyTrip,AI,AI-491,2026-08-29,T+7,13815,3033,16848,2026-08-22T08:49:24.134Z,TRUE,"High outlier: ₹16848 > upper fence ₹13918 (Q3: ₹9580, IQR: ₹2892)",11:15,FALSE
fare_DEL-BOM_AI_2026-08-29_T+7_1787389679057_6kjo,DEL-BOM,EaseMyTrip,AI,AI-1711,2026-08-29,T+7,13815,3033,16848,2026-08-22T08:49:24.134Z,TRUE,"High outlier: ₹16848 > upper fence ₹13918 (Q3: ₹9580, IQR: ₹2892)",10:25,FALSE
fare_DEL-BOM_AI_2026-08-29_T+7_1787389679057_f510,DEL-BOM,EaseMyTrip,AI,AI-2907,2026-08-29,T+7,14034,3081,17115,2026-08-22T08:49:24.134Z,TRUE,"High outlier: ₹17115 > upper fence ₹13918 (Q3: ₹9580, IQR: ₹2892)",11:55,FALSE
fare_DEL-BOM_AI_2026-08-29_T+7_1787389679057_4v9r,DEL-BOM,EaseMyTrip,AI,AI-9418,2026-08-29,T+7,14191,3115,17306,2026-08-22T08:49:24.134Z,TRUE,"High outlier: ₹17306 > upper fence ₹13918 (Q3: ₹9580, IQR: ₹2892)",13:10,FALSE
fare_DEL-BOM_IX_2026-08-29_T+7_1787389679057_qfdg,DEL-BOM,EaseMyTrip,IX,IX-2820,2026-08-29,T+7,14334,3146,17480,2026-08-22T08:49:24.134Z,TRUE,"High outlier: ₹17480 > upper fence ₹13918 (Q3: ₹9580, IQR: ₹2892)",21:00,FALSE
fare_DEL-BOM_AI_2026-08-29_T+7_1787389679057_o0ah,DEL-BOM,EaseMyTrip,AI,AI-2735,2026-08-29,T+7,14377,3156,17533,2026-08-22T08:49:24.134Z,TRUE,"High outlier: ₹17533 > upper fence ₹13918 (Q3: ₹9580, IQR: ₹2892)",15:40,FALSE
fare_DEL-BOM_AI_2026-08-29_T+7_1787389679057_rzcb,DEL-BOM,EaseMyTrip,AI,AI-2577,2026-08-29,T+7,14577,3200,17777,2026-08-22T08:49:24.134Z,TRUE,"High outlier: ₹17777 > upper fence ₹13918 (Q3: ₹9580, IQR: ₹2892)",02:00,FALSE
fare_DEL-BOM_6E_2026-08-29_T+7_1787389679057_2qar,DEL-BOM,EaseMyTrip,6E,6E-470,2026-08-29,T+7,14430,3167,17597,2026-08-22T08:49:24.134Z,TRUE,"High outlier: ₹17597 > upper fence ₹13918 (Q3: ₹9580, IQR: ₹2892)",12:15,FALSE
fare_DEL-BOM_6E_2026-08-29_T+7_1787389679057_tmk0,DEL-BOM,EaseMyTrip,6E,6E-655,2026-08-29,T+7,14430,3167,17597,2026-08-22T08:49:24.134Z,TRUE,"High outlier: ₹17597 > upper fence ₹13918 (Q3: ₹9580, IQR: ₹2892)",12:15,FALSE
fare_DEL-BOM_AI_2026-08-29_T+7_1787389679057_7xt7,DEL-BOM,EaseMyTrip,AI,AI-2465,2026-08-29,T+7,14880,3266,18146,2026-08-22T08:49:24.134Z,TRUE,"High outlier: ₹18146 > upper fence ₹13918 (Q3: ₹9580, IQR: ₹2892)",14:30,FALSE
fare_DEL-BOM_IX_2026-08-29_T+7_1787389679057_msrp,DEL-BOM,EaseMyTrip,IX,IX-1003,2026-08-29,T+7,14995,3292,18287,2026-08-22T08:49:24.134Z,TRUE,"High outlier: ₹18287 > upper fence ₹13918 (Q3: ₹9580, IQR: ₹2892)",19:10,FALSE
fare_DEL-BOM_AI_2026-08-29_T+7_1787389679057_1vh1,DEL-BOM,EaseMyTrip,AI,AI-429,2026-08-29,T+7,15193,3335,18528,2026-08-22T08:49:24.134Z,TRUE,"High outlier: ₹18528 > upper fence ₹13918 (Q3: ₹9580, IQR: ₹2892)",10:20,FALSE
fare_DEL-BOM_AI_2026-08-29_T+7_1787389679057_6zhq,DEL-BOM,EaseMyTrip,AI,AI-1779,2026-08-29,T+7,16144,3544,19688,2026-08-22T08:49:24.134Z,TRUE,"High outlier: ₹19688 > upper fence ₹13918 (Q3: ₹9580, IQR: ₹2892)",13:55,FALSE
fare_DEL-BOM_AI_2026-08-29_T+7_1787389679057_q0df,DEL-BOM,EaseMyTrip,AI,AI-1737,2026-08-29,T+7,16357,3590,19947,2026-08-22T08:49:24.134Z,TRUE,"High outlier: ₹19947 > upper fence ₹13918 (Q3: ₹9580, IQR: ₹2892)",11:50,FALSE
fare_DEL-BOM_AI_2026-08-29_T+7_1787389679057_4lqk,DEL-BOM,EaseMyTrip,AI,AI-2653,2026-08-29,T+7,16618,3648,20266,2026-08-22T08:49:24.134Z,TRUE,"High outlier: ₹20266 > upper fence ₹13918 (Q3: ₹9580, IQR: ₹2892)",04:30,FALSE
fare_DEL-BOM_AI_2026-08-29_T+7_1787389679057_h8wz,DEL-BOM,EaseMyTrip,AI,AI-1739,2026-08-29,T+7,17408,3821,21229,2026-08-22T08:49:24.134Z,TRUE,"High outlier: ₹21229 > upper fence ₹13918 (Q3: ₹9580, IQR: ₹2892)",11:30,FALSE
fare_DEL-BOM_AI_2026-08-29_T+7_1787389679057_g6bf,DEL-BOM,EaseMyTrip,AI,AI-9584,2026-08-29,T+7,17472,3835,21307,2026-08-22T08:49:24.134Z,TRUE,"High outlier: ₹21307 > upper fence ₹13918 (Q3: ₹9580, IQR: ₹2892)",11:20,FALSE
fare_DEL-BOM_AI_2026-08-29_T+7_1787389679057_xygi,DEL-BOM,EaseMyTrip,AI,AI-2496,2026-08-29,T+7,18285,4014,22299,2026-08-22T08:49:24.134Z,TRUE,"High outlier: ₹22299 > upper fence ₹13918 (Q3: ₹9580, IQR: ₹2892)",03:00,FALSE
fare_DEL-BOM_AI_2026-08-29_T+7_1787389679057_qvrz,DEL-BOM,EaseMyTrip,AI,AI-2417,2026-08-29,T+7,36808,8080,44888,2026-08-22T08:49:24.134Z,TRUE,"High outlier: ₹44888 > upper fence ₹13918 (Q3: ₹9580, IQR: ₹2892)",13:00,FALSE
fare_DEL-BOM_SG_2026-08-29_T+7_1787389679057_kv4b,DEL-BOM,EaseMyTrip,SG,SG-925,2026-08-29,T+7,5255,1153,6408,2026-08-22T09:04:06.273Z,FALSE,"",14:30,TRUE
fare_DEL-BOM_SG_2026-08-29_T+7_1787389679057_w16s,DEL-BOM,EaseMyTrip,SG,SG-766,2026-08-29,T+7,5255,1153,6408,2026-08-22T09:04:06.273Z,FALSE,"",14:30,TRUE
fare_DEL-BOM_SG_2026-08-29_T+7_1787389679057_smj8,DEL-BOM,EaseMyTrip,SG,SG-609,2026-08-29,T+7,5255,1153,6408,2026-08-22T09:04:06.273Z,FALSE,"",18:35,TRUE
fare_DEL-BOM_SG_2026-08-29_T+7_1787389679057_ei3b,DEL-BOM,EaseMyTrip,SG,SG-423,2026-08-29,T+7,5255,1153,6408,2026-08-22T09:04:06.273Z,FALSE,"",18:35,TRUE
fare_DEL-BOM_SG_2026-08-29_T+7_1787389679057_u0oc,DEL-BOM,EaseMyTrip,SG,SG-938,2026-08-29,T+7,5255,1153,6408,2026-08-22T09:04:06.273Z,FALSE,"",22:30,TRUE
fare_DEL-BOM_SG_2026-08-29_T+7_1787389679057_7ssg,DEL-BOM,EaseMyTrip,SG,SG-377,2026-08-29,T+7,5255,1153,6408,2026-08-22T09:04:06.273Z,FALSE,"",22:30,TRUE
fare_DEL-BOM_6E_2026-08-29_T+7_1787389679057_b8pw,DEL-BOM,EaseMyTrip,6E,6E-378,2026-08-29,T+7,5354,1175,6529,2026-08-22T09:04:06.273Z,FALSE,"",20:20,TRUE
fare_DEL-BOM_6E_2026-08-29_T+7_1787389679057_wiz2,DEL-BOM,EaseMyTrip,6E,6E-211,2026-08-29,T+7,5354,1175,6529,2026-08-22T09:04:06.273Z,FALSE,"",20:20,TRUE
fare_DEL-BOM_6E_2026-08-29_T+7_1787389679057_tz9m,DEL-BOM,EaseMyTrip,6E,6E-103,2026-08-29,T+7,5355,1175,6530,2026-08-22T09:04:06.273Z,FALSE,"",16:15,TRUE
fare_DEL-BOM_6E_2026-08-29_T+7_1787389679057_orhf,DEL-BOM,EaseMyTrip,6E,6E-725,2026-08-29,T+7,5355,1175,6530,2026-08-22T09:04:06.273Z,FALSE,"",16:15,TRUE
fare_DEL-BOM_6E_2026-08-29_T+7_1787389679057_moqj,DEL-BOM,EaseMyTrip,6E,6E-667,2026-08-29,T+7,5355,1175,6530,2026-08-22T09:04:06.273Z,FALSE,"",15:30,TRUE
fare_DEL-BOM_6E_2026-08-29_T+7_1787389679057_s9nt,DEL-BOM,EaseMyTrip,6E,6E-801,2026-08-29,T+7,5355,1175,6530,2026-08-22T09:04:06.273Z,FALSE,"",15:30,TRUE
fare_DEL-BOM_6E_2026-08-29_T+7_1787389679057_st4s,DEL-BOM,EaseMyTrip,6E,6E-456,2026-08-29,T+7,5355,1175,6530,2026-08-22T09:04:06.273Z,FALSE,"",08:45,TRUE
fare_DEL-BOM_6E_2026-08-29_T+7_1787389679057_fsck,DEL-BOM,EaseMyTrip,6E,6E-600,2026-08-29,T+7,5355,1175,6530,2026-08-22T09:04:06.273Z,FALSE,"",08:45,TRUE
fare_DEL-BOM_6E_2026-08-29_T+7_1787389679057_tp0a,DEL-BOM,EaseMyTrip,6E,6E-764,2026-08-29,T+7,5355,1175,6530,2026-08-22T09:04:06.273Z,FALSE,"",13:00,TRUE
fare_DEL-BOM_6E_2026-08-29_T+7_1787389679057_dw53,DEL-BOM,EaseMyTrip,6E,6E-430,2026-08-29,T+7,5355,1175,6530,2026-08-22T09:04:06.273Z,FALSE,"",13:00,TRUE
fare_DEL-BOM_6E_2026-08-29_T+7_1787389679057_z6da,DEL-BOM,EaseMyTrip,6E,6E-189,2026-08-29,T+7,5484,1204,6688,2026-08-22T09:04:06.273Z,FALSE,"",05:00,TRUE
fare_DEL-BOM_6E_2026-08-29_T+7_1787389679057_kb2s,DEL-BOM,EaseMyTrip,6E,6E-682,2026-08-29,T+7,5484,1204,6688,2026-08-22T09:04:06.273Z,FALSE,"",05:00,TRUE
fare_DEL-BOM_6E_2026-08-29_T+7_1787389679057_44a4,DEL-BOM,EaseMyTrip,6E,6E-595,2026-08-29,T+7,5484,1204,6688,2026-08-22T09:04:06.273Z,FALSE,"",23:30,TRUE
fare_DEL-BOM_6E_2026-08-29_T+7_1787389679057_kvcd,DEL-BOM,EaseMyTrip,6E,6E-777,2026-08-29,T+7,5484,1204,6688,2026-08-22T09:04:06.273Z,FALSE,"",23:30,TRUE
fare_DEL-BOM_6E_2026-08-29_T+7_1787389679057_7rgm,DEL-BOM,EaseMyTrip,6E,6E-107,2026-08-29,T+7,5484,1204,6688,2026-08-22T09:04:06.273Z,FALSE,"",21:45,TRUE
fare_DEL-BOM_6E_2026-08-29_T+7_1787389679057_q12s,DEL-BOM,EaseMyTrip,6E,6E-613,2026-08-29,T+7,5484,1204,6688,2026-08-22T09:04:06.273Z,FALSE,"",21:45,TRUE
fare_DEL-BOM_6E_2026-08-29_T+7_1787389679057_zo75,DEL-BOM,EaseMyTrip,6E,6E-722,2026-08-29,T+7,5484,1204,6688,2026-08-22T09:04:06.273Z,FALSE,"",20:00,TRUE
fare_DEL-BOM_6E_2026-08-29_T+7_1787389679057_0sic,DEL-BOM,EaseMyTrip,6E,6E-636,2026-08-29,T+7,5484,1204,6688,2026-08-22T09:04:06.273Z,FALSE,"",19:00,TRUE
fare_DEL-BOM_6E_2026-08-29_T+7_1787389679057_oz7t,DEL-BOM,EaseMyTrip,6E,6E-285,2026-08-29,T+7,5484,1204,6688,2026-08-22T09:04:06.273Z,FALSE,"",19:00,TRUE
fare_DEL-BOM_6E_2026-08-29_T+7_1787389679057_scg3,DEL-BOM,EaseMyTrip,6E,6E-576,2026-08-29,T+7,5484,1204,6688,2026-08-22T09:04:06.273Z,FALSE,"",18:00,TRUE
fare_DEL-BOM_6E_2026-08-29_T+7_1787389679057_9mcb,DEL-BOM,EaseMyTrip,6E,6E-727,2026-08-29,T+7,5484,1204,6688,2026-08-22T09:04:06.273Z,FALSE,"",18:00,TRUE
fare_DEL-BOM_6E_2026-08-29_T+7_1787389679057_znq6,DEL-BOM,EaseMyTrip,6E,6E-472,2026-08-29,T+7,5484,1204,6688,2026-08-22T09:04:06.273Z,FALSE,"",08:00,TRUE
fare_DEL-BOM_6E_2026-08-29_T+7_1787389679057_r9tb,DEL-BOM,EaseMyTrip,6E,6E-936,2026-08-29,T+7,5920,1299,7219,2026-08-22T09:04:06.273Z,FALSE,"",10:00,FALSE
fare_DEL-BOM_6E_2026-08-29_T+7_1787389679057_b24f,DEL-BOM,EaseMyTrip,6E,6E-130,2026-08-29,T+7,5920,1299,7219,2026-08-22T09:04:06.273Z,FALSE,"",10:00,FALSE
fare_DEL-BOM_SG_2026-08-29_T+7_1787389679057_at33,DEL-BOM,EaseMyTrip,SG,SG-417,2026-08-29,T+7,6846,1503,8349,2026-08-22T09:04:06.273Z,FALSE,"",09:15,TRUE
fare_DEL-BOM_SG_2026-08-29_T+7_1787389679057_6oyh,DEL-BOM,EaseMyTrip,SG,SG-832,2026-08-29,T+7,6846,1503,8349,2026-08-22T09:04:06.273Z,FALSE,"",09:15,TRUE
fare_DEL-BOM_6E_2026-08-29_T+7_1787389679057_xntp,DEL-BOM,EaseMyTrip,6E,6E-227,2026-08-29,T+7,6243,1370,7613,2026-08-22T09:04:06.273Z,FALSE,"",02:25,FALSE
fare_DEL-BOM_6E_2026-08-29_T+7_1787389679057_1fzc,DEL-BOM,EaseMyTrip,6E,6E-601,2026-08-29,T+7,6243,1370,7613,2026-08-22T09:04:06.273Z,FALSE,"",02:25,FALSE
fare_DEL-BOM_6E_2026-08-29_T+7_1787389679057_p4o2,DEL-BOM,EaseMyTrip,6E,6E-213,2026-08-29,T+7,6243,1370,7613,2026-08-22T09:04:06.273Z,FALSE,"",23:15,FALSE
fare_DEL-BOM_6E_2026-08-29_T+7_1787389679057_oavb,DEL-BOM,EaseMyTrip,6E,6E-504,2026-08-29,T+7,6243,1370,7613,2026-08-22T09:04:06.273Z,FALSE,"",23:15,FALSE
fare_DEL-BOM_6E_2026-08-29_T+7_1787389679057_6i9u,DEL-BOM,EaseMyTrip,6E,6E-492,2026-08-29,T+7,6307,1385,7692,2026-08-22T09:04:06.273Z,FALSE,"",19:30,FALSE
fare_DEL-BOM_6E_2026-08-29_T+7_1787389679057_ejr3,DEL-BOM,EaseMyTrip,6E,6E-634,2026-08-29,T+7,6307,1385,7692,2026-08-22T09:04:06.273Z,FALSE,"",19:30,FALSE
fare_DEL-BOM_6E_2026-08-29_T+7_1787389679057_gr7x,DEL-BOM,EaseMyTrip,6E,6E-731,2026-08-29,T+7,6380,1400,7780,2026-08-22T09:04:06.273Z,FALSE,"",10:00,FALSE
fare_DEL-BOM_6E_2026-08-29_T+7_1787389679057_s03d,DEL-BOM,EaseMyTrip,6E,6E-394,2026-08-29,T+7,6380,1400,7780,2026-08-22T09:04:06.273Z,FALSE,"",10:00,FALSE
fare_DEL-BOM_6E_2026-08-29_T+7_1787389679057_hlwa,DEL-BOM,EaseMyTrip,6E,6E-417,2026-08-29,T+7,8375,1838,10213,2026-08-22T09:04:06.273Z,FALSE,"",19:35,FALSE
fare_DEL-BOM_6E_2026-08-29_T+7_1787389679057_cdrs,DEL-BOM,EaseMyTrip,6E,6E-463,2026-08-29,T+7,8375,1838,10213,2026-08-22T09:04:06.273Z,FALSE,"",19:35,FALSE
fare_DEL-BOM_AI_2026-08-29_T+7_1787389679057_a5q5,DEL-BOM,EaseMyTrip,AI,AI-2499,2026-08-29,T+7,9851,2163,12014,2026-08-22T09:04:06.273Z,FALSE,"",06:00,FALSE
fare_DEL-BOM_6E_2026-08-29_T+7_1787389679057_3bc6,DEL-BOM,EaseMyTrip,6E,6E-182,2026-08-29,T+7,10993,2413,13406,2026-08-22T09:04:06.273Z,FALSE,"",08:30,FALSE
fare_DEL-BOM_6E_2026-08-29_T+7_1787389679057_11bt,DEL-BOM,EaseMyTrip,6E,6E-199,2026-08-29,T+7,10993,2413,13406,2026-08-22T09:04:06.273Z,FALSE,"",08:30,FALSE
fare_DEL-BOM_AI_2026-08-29_T+7_1787389679057_ek5e,DEL-BOM,EaseMyTrip,AI,AI-531,2026-08-29,T+7,11417,2506,13923,2026-08-22T09:04:06.273Z,TRUE,"High outlier: ₹13923 > upper fence ₹13918 (Q3: ₹9580, IQR: ₹2892)",19:20,FALSE
fare_DEL-BOM_AI_2026-08-29_T+7_1787389679057_09x4,DEL-BOM,EaseMyTrip,AI,AI-881,2026-08-29,T+7,11417,2506,13923,2026-08-22T09:04:06.273Z,TRUE,"High outlier: ₹13923 > upper fence ₹13918 (Q3: ₹9580, IQR: ₹2892)",13:35,FALSE
fare_DEL-BOM_AI_2026-08-29_T+7_1787389679057_pgmp,DEL-BOM,EaseMyTrip,AI,AI-2715,2026-08-29,T+7,11417,2506,13923,2026-08-22T09:04:06.273Z,TRUE,"High outlier: ₹13923 > upper fence ₹13918 (Q3: ₹9580, IQR: ₹2892)",11:40,FALSE
fare_DEL-BOM_6E_2026-08-29_T+7_1787389679057_ccnd,DEL-BOM,EaseMyTrip,6E,6E-726,2026-08-29,T+7,14430,3167,17597,2026-08-22T09:04:06.273Z,TRUE,"High outlier: ₹17597 > upper fence ₹13918 (Q3: ₹9580, IQR: ₹2892)",12:15,FALSE
fare_DEL-BOM_6E_2026-08-29_T+7_1787389679057_csaw,DEL-BOM,EaseMyTrip,6E,6E-630,2026-08-29,T+7,14430,3167,17597,2026-08-22T09:04:06.273Z,TRUE,"High outlier: ₹17597 > upper fence ₹13918 (Q3: ₹9580, IQR: ₹2892)",12:15,FALSE
fare_DEL-BOM_AI_2026-08-29_T+7_1787389679057_lplz,DEL-BOM,EaseMyTrip,AI,AI-2803,2026-08-29,T+7,16556,3634,20190,2026-08-22T09:04:06.273Z,TRUE,"High outlier: ₹20190 > upper fence ₹13918 (Q3: ₹9580, IQR: ₹2892)",06:30,FALSE
fare_DEL-BOM_AI_2026-08-29_T+7_1787389679057_26ak,DEL-BOM,EaseMyTrip,AI,AI-2627,2026-08-29,T+7,23105,5072,28177,2026-08-22T09:04:06.273Z,TRUE,"High outlier: ₹28177 > upper fence ₹13918 (Q3: ₹9580, IQR: ₹2892)",10:45,FALSE
fare_DEL-BOM_6E_2026-08-29_T+7_1787389679060_umog,DEL-BOM,IndiGo,6E,6E-501,2026-08-29,T+7,3890,854,4744,2026-08-22T05:06:34.651Z,FALSE,"",07:00,TRUE
fare_DEL-CCU_6E_2026-08-23_T+1_1787389679058_jl93,DEL-CCU,EaseMyTrip,6E,6E-5191,2026-08-23,T+1,6930,1521,8451,2026-08-22T09:05:11.121Z,FALSE,"",04:45,TRUE
fare_DEL-CCU_6E_2026-08-23_T+1_1787389679058_at2j,DEL-CCU,EaseMyTrip,6E,6E-676,2026-08-23,T+1,6930,1521,8451,2026-08-22T09:05:11.121Z,FALSE,"",23:30,TRUE
fare_DEL-CCU_6E_2026-08-23_T+1_1787389679058_3th4,DEL-CCU,EaseMyTrip,6E,6E-256,2026-08-23,T+1,6930,1521,8451,2026-08-22T09:05:11.121Z,FALSE,"",23:30,TRUE
fare_DEL-CCU_AI_2026-08-23_T+1_1787389679058_wgh3,DEL-CCU,EaseMyTrip,AI,AI-2702,2026-08-23,T+1,7094,1557,8651,2026-08-22T09:05:11.121Z,FALSE,"",02:30,TRUE
fare_DEL-CCU_QP_2026-08-23_T+1_1787389679058_9sln,DEL-CCU,EaseMyTrip,QP,QP-1801,2026-08-23,T+1,6983,1533,8516,2026-08-22T09:05:11.121Z,FALSE,"",05:55,TRUE
fare_DEL-CCU_AI_2026-08-23_T+1_1787389679058_sli3,DEL-CCU,EaseMyTrip,AI,AI-2535,2026-08-23,T+1,7309,1604,8913,2026-08-22T09:05:11.121Z,FALSE,"",06:15,TRUE
fare_DEL-CCU_IX_2026-08-23_T+1_1787389679058_ekey,DEL-CCU,EaseMyTrip,IX,IX-1035,2026-08-23,T+1,7377,1619,8996,2026-08-22T09:05:11.121Z,FALSE,"",08:10,FALSE
fare_DEL-CCU_IX_2026-08-23_T+1_1787389679058_mzsk,DEL-CCU,EaseMyTrip,IX,IX-1063,2026-08-23,T+1,7377,1619,8996,2026-08-22T09:05:11.121Z,FALSE,"",20:00,FALSE
fare_DEL-CCU_IX_2026-08-23_T+1_1787389679058_oee7,DEL-CCU,EaseMyTrip,IX,IX-1032,2026-08-23,T+1,7377,1619,8996,2026-08-22T09:05:11.121Z,FALSE,"",05:45,FALSE
fare_DEL-CCU_6E_2026-08-23_T+1_1787389679058_l5x9,DEL-CCU,EaseMyTrip,6E,6E-6236,2026-08-23,T+1,7169,1574,8743,2026-08-22T09:05:11.121Z,FALSE,"",16:20,FALSE
fare_DEL-CCU_6E_2026-08-23_T+1_1787389679058_14ix,DEL-CCU,EaseMyTrip,6E,6E-2453,2026-08-23,T+1,7169,1574,8743,2026-08-22T09:05:11.121Z,FALSE,"",13:35,FALSE
fare_DEL-CCU_AI_2026-08-23_T+1_1787389679058_oap4,DEL-CCU,EaseMyTrip,AI,AI-2705,2026-08-23,T+1,7437,1632,9069,2026-08-22T09:05:11.121Z,FALSE,"",07:30,TRUE
fare_DEL-CCU_6E_2026-08-23_T+1_1787389679058_rcts,DEL-CCU,EaseMyTrip,6E,6E-2614,2026-08-23,T+1,7341,1612,8953,2026-08-22T09:05:11.121Z,FALSE,"",14:40,FALSE
fare_DEL-CCU_6E_2026-08-23_T+1_1787389679058_i6ka,DEL-CCU,EaseMyTrip,6E,6E-6190,2026-08-23,T+1,7341,1612,8953,2026-08-22T09:05:11.121Z,FALSE,"",07:40,FALSE
fare_DEL-CCU_6E_2026-08-23_T+1_1787389679058_5znq,DEL-CCU,EaseMyTrip,6E,6E-5038,2026-08-23,T+1,7341,1612,8953,2026-08-22T09:05:11.121Z,FALSE,"",14:00,FALSE
fare_DEL-CCU_6E_2026-08-23_T+1_1787389679058_6ejl,DEL-CCU,EaseMyTrip,6E,6E-2259,2026-08-23,T+1,7341,1612,8953,2026-08-22T09:05:11.121Z,FALSE,"",12:20,FALSE
fare_DEL-CCU_6E_2026-08-23_T+1_1787389679058_knvn,DEL-CCU,EaseMyTrip,6E,6E-5298,2026-08-23,T+1,7341,1612,8953,2026-08-22T09:05:11.121Z,FALSE,"",09:00,FALSE
fare_DEL-CCU_6E_2026-08-23_T+1_1787389679058_jxg8,DEL-CCU,EaseMyTrip,6E,6E-736,2026-08-23,T+1,7403,1625,9028,2026-08-22T09:05:11.121Z,FALSE,"",07:20,TRUE
fare_DEL-CCU_6E_2026-08-23_T+1_1787389679058_bw37,DEL-CCU,EaseMyTrip,6E,6E-809,2026-08-23,T+1,7403,1625,9028,2026-08-22T09:05:11.121Z,FALSE,"",07:20,TRUE
fare_DEL-CCU_6E_2026-08-23_T+1_1787389679058_jvou,DEL-CCU,EaseMyTrip,6E,6E-6378,2026-08-23,T+1,7428,1630,9058,2026-08-22T09:05:11.121Z,FALSE,"",14:40,FALSE
fare_DEL-CCU_6E_2026-08-23_T+1_1787389679058_q6rq,DEL-CCU,EaseMyTrip,6E,6E-5307,2026-08-23,T+1,7428,1630,9058,2026-08-22T09:05:11.121Z,FALSE,"",10:50,FALSE
fare_DEL-CCU_6E_2026-08-23_T+1_1787389679058_ph9s,DEL-CCU,EaseMyTrip,6E,6E-5215,2026-08-23,T+1,7428,1630,9058,2026-08-22T09:05:11.121Z,FALSE,"",07:45,FALSE
fare_DEL-CCU_6E_2026-08-23_T+1_1787389679058_ck3z,DEL-CCU,EaseMyTrip,6E,6E-6124,2026-08-23,T+1,7428,1630,9058,2026-08-22T09:05:11.121Z,FALSE,"",07:30,FALSE
fare_DEL-CCU_6E_2026-08-23_T+1_1787389679058_gjd4,DEL-CCU,EaseMyTrip,6E,6E-6829,2026-08-23,T+1,7449,1635,9084,2026-08-22T09:05:11.121Z,FALSE,"",17:20,FALSE
fare_DEL-CCU_6E_2026-08-23_T+1_1787389679058_f6ln,DEL-CCU,EaseMyTrip,6E,6E-2589,2026-08-23,T+1,7519,1650,9169,2026-08-22T09:05:11.121Z,FALSE,"",14:50,TRUE
fare_DEL-CCU_IX_2026-08-23_T+1_1787389679058_541b,DEL-CCU,EaseMyTrip,IX,IX-1067,2026-08-23,T+1,7760,1703,9463,2026-08-22T09:05:11.121Z,FALSE,"",06:10,FALSE
fare_DEL-CCU_IX_2026-08-23_T+1_1787389679058_ep6u,DEL-CCU,EaseMyTrip,IX,IX-1085,2026-08-23,T+1,8033,1763,9796,2026-08-22T09:05:11.121Z,FALSE,"",12:55,FALSE
fare_DEL-CCU_IX_2026-08-23_T+1_1787389679058_g5zs,DEL-CCU,EaseMyTrip,IX,IX-1081,2026-08-23,T+1,8147,1788,9935,2026-08-22T09:05:11.121Z,FALSE,"",14:55,FALSE
fare_DEL-CCU_6E_2026-08-23_T+1_1787389679058_dx5d,DEL-CCU,EaseMyTrip,6E,6E-5041,2026-08-23,T+1,8038,1764,9802,2026-08-22T09:05:11.121Z,FALSE,"",15:10,FALSE
fare_DEL-CCU_IX_2026-08-23_T+1_1787389679058_pdyy,DEL-CCU,EaseMyTrip,IX,IX-1001,2026-08-23,T+1,8448,1855,10303,2026-08-22T09:05:11.121Z,FALSE,"",09:00,FALSE
fare_DEL-CCU_IX_2026-08-23_T+1_1787389679058_sih1,DEL-CCU,EaseMyTrip,IX,IX-2457,2026-08-23,T+1,8663,1902,10565,2026-08-22T09:05:11.121Z,FALSE,"",11:30,FALSE
fare_DEL-CCU_6E_2026-08-23_T+1_1787389679058_fqaj,DEL-CCU,EaseMyTrip,6E,6E-6476,2026-08-23,T+1,8449,1855,10304,2026-08-22T09:05:11.121Z,FALSE,"",07:05,FALSE
fare_DEL-CCU_6E_2026-08-23_T+1_1787389679058_jqul,DEL-CCU,EaseMyTrip,6E,6E-295,2026-08-23,T+1,8738,1918,10656,2026-08-22T09:05:11.121Z,FALSE,"",21:50,TRUE
fare_DEL-CCU_6E_2026-08-23_T+1_1787389679058_a1vz,DEL-CCU,EaseMyTrip,6E,6E-187,2026-08-23,T+1,8738,1918,10656,2026-08-22T09:05:11.121Z,FALSE,"",21:50,TRUE
fare_DEL-CCU_6E_2026-08-23_T+1_1787389679058_qdy3,DEL-CCU,EaseMyTrip,6E,6E-6246,2026-08-23,T+1,8836,1939,10775,2026-08-22T09:05:11.121Z,FALSE,"",05:25,FALSE
fare_DEL-CCU_6E_2026-08-23_T+1_1787389679058_g513,DEL-CCU,EaseMyTrip,6E,6E-6371,2026-08-23,T+1,8987,1973,10960,2026-08-22T09:05:11.121Z,FALSE,"",06:20,FALSE
fare_DEL-CCU_6E_2026-08-23_T+1_1787389679058_5obt,DEL-CCU,EaseMyTrip,6E,6E-2276,2026-08-23,T+1,9341,2050,11391,2026-08-22T09:05:11.121Z,FALSE,"",17:55,TRUE
fare_DEL-CCU_6E_2026-08-23_T+1_1787389679058_6lu5,DEL-CCU,EaseMyTrip,6E,6E-7624,2026-08-23,T+1,9528,2092,11620,2026-08-22T09:05:11.121Z,FALSE,"",05:50,FALSE
fare_DEL-CCU_AI_2026-08-23_T+1_1787389679058_m13y,DEL-CCU,EaseMyTrip,AI,AI-2707,2026-08-23,T+1,9713,2132,11845,2026-08-22T09:05:11.121Z,FALSE,"",18:00,TRUE
fare_DEL-CCU_QP_2026-08-23_T+1_1787389679058_qr5f,DEL-CCU,EaseMyTrip,QP,QP-1803,2026-08-23,T+1,9559,2098,11657,2026-08-22T09:05:11.121Z,FALSE,"",17:05,TRUE
fare_DEL-CCU_AI_2026-08-23_T+1_1787389679058_x0oz,DEL-CCU,EaseMyTrip,AI,AI-1791,2026-08-23,T+1,9888,2171,12059,2026-08-22T09:05:11.121Z,FALSE,"",09:30,TRUE
fare_DEL-CCU_IX_2026-08-23_T+1_1787389679058_ggzi,DEL-CCU,EaseMyTrip,IX,IX-1069,2026-08-23,T+1,10189,2237,12426,2026-08-22T09:05:11.121Z,FALSE,"",11:35,FALSE
fare_DEL-CCU_6E_2026-08-23_T+1_1787389679058_uozw,DEL-CCU,EaseMyTrip,6E,6E-931,2026-08-23,T+1,9986,2192,12178,2026-08-22T09:05:11.121Z,FALSE,"",12:45,TRUE
fare_DEL-CCU_6E_2026-08-23_T+1_1787389679058_me9p,DEL-CCU,EaseMyTrip,6E,6E-710,2026-08-23,T+1,9986,2192,12178,2026-08-22T09:05:11.121Z,FALSE,"",12:45,TRUE
fare_DEL-CCU_6E_2026-08-23_T+1_1787389679058_0ilp,DEL-CCU,EaseMyTrip,6E,6E-617,2026-08-23,T+1,9986,2192,12178,2026-08-22T09:05:11.121Z,FALSE,"",10:15,TRUE
fare_DEL-CCU_6E_2026-08-23_T+1_1787389679058_lyey,DEL-CCU,EaseMyTrip,6E,6E-240,2026-08-23,T+1,9986,2192,12178,2026-08-22T09:05:11.121Z,FALSE,"",10:15,TRUE
fare_DEL-CCU_6E_2026-08-23_T+1_1787389679058_lfa5,DEL-CCU,EaseMyTrip,6E,6E-5036,2026-08-23,T+1,10104,2218,12322,2026-08-22T09:05:11.121Z,FALSE,"",08:00,FALSE
fare_DEL-CCU_AI_2026-08-23_T+1_1787389679058_otze,DEL-CCU,EaseMyTrip,AI,AI-879,2026-08-23,T+1,10455,2295,12750,2026-08-22T09:05:11.121Z,FALSE,"",06:40,FALSE
fare_DEL-CCU_AI_2026-08-23_T+1_1787389679058_boqc,DEL-CCU,EaseMyTrip,AI,AI-2727,2026-08-23,T+1,10544,2314,12858,2026-08-22T09:05:11.121Z,FALSE,"",22:00,TRUE
fare_DEL-CCU_6E_2026-08-23_T+1_1787389679058_9m53,DEL-CCU,EaseMyTrip,6E,6E-5073,2026-08-23,T+1,10448,2294,12742,2026-08-22T09:05:11.121Z,FALSE,"",17:05,FALSE
fare_DEL-CCU_QP_2026-08-23_T+1_1787389679058_pxof,DEL-CCU,EaseMyTrip,QP,QP-1826,2026-08-23,T+1,10503,2306,12809,2026-08-22T09:05:11.121Z,FALSE,"",19:55,FALSE
fare_DEL-CCU_6E_2026-08-23_T+1_1787389679058_02tx,DEL-CCU,EaseMyTrip,6E,6E-6551,2026-08-23,T+1,10535,2312,12847,2026-08-22T09:05:11.121Z,FALSE,"",12:00,FALSE
fare_DEL-CCU_6E_2026-08-23_T+1_1787389679058_bj24,DEL-CCU,EaseMyTrip,6E,6E-6517,2026-08-23,T+1,10632,2334,12966,2026-08-22T09:05:11.121Z,FALSE,"",19:30,TRUE
fare_DEL-CCU_AI_2026-08-23_T+1_1787389679058_tljz,DEL-CCU,EaseMyTrip,AI,AI-2947,2026-08-23,T+1,10973,2409,13382,2026-08-22T09:05:11.121Z,FALSE,"",14:30,FALSE
fare_DEL-CCU_SG_2026-08-23_T+1_1787389679058_h33i,DEL-CCU,EaseMyTrip,SG,SG-799,2026-08-23,T+1,10997,2414,13411,2026-08-22T09:05:11.121Z,FALSE,"",20:10,TRUE
fare_DEL-CCU_SG_2026-08-23_T+1_1787389679058_d7vo,DEL-CCU,EaseMyTrip,SG,SG-977,2026-08-23,T+1,10997,2414,13411,2026-08-22T09:05:11.121Z,FALSE,"",20:10,TRUE
fare_DEL-CCU_AI_2026-08-23_T+1_1787389679058_31gx,DEL-CCU,EaseMyTrip,AI,AI-1704,2026-08-23,T+1,11130,2443,13573,2026-08-22T09:05:11.121Z,FALSE,"",13:00,TRUE
fare_DEL-CCU_6E_2026-08-23_T+1_1787389679058_34z9,DEL-CCU,EaseMyTrip,6E,6E-6312,2026-08-23,T+1,10995,2413,13408,2026-08-22T09:05:11.121Z,FALSE,"",14:25,FALSE
fare_DEL-CCU_AI_2026-08-23_T+1_1787389679058_lwol,DEL-CCU,EaseMyTrip,AI,AI-2709,2026-08-23,T+1,11334,2488,13822,2026-08-22T09:05:11.121Z,FALSE,"",19:10,TRUE
fare_DEL-CCU_AI_2026-08-23_T+1_1787389679058_ttjz,DEL-CCU,EaseMyTrip,AI,AI-1733,2026-08-23,T+1,11957,2625,14582,2026-08-22T09:05:11.121Z,FALSE,"",16:15,TRUE
fare_DEL-CCU_6E_2026-08-23_T+1_1787389679058_4wu1,DEL-CCU,EaseMyTrip,6E,6E-6073,2026-08-23,T+1,12038,2643,14681,2026-08-22T09:05:11.121Z,FALSE,"",05:00,FALSE
fare_DEL-CCU_6E_2026-08-23_T+1_1787389679058_tpb2,DEL-CCU,EaseMyTrip,6E,6E-6415,2026-08-23,T+1,12052,2646,14698,2026-08-22T09:05:11.121Z,FALSE,"",16:00,TRUE
fare_DEL-CCU_6E_2026-08-23_T+1_1787389679058_01st,DEL-CCU,EaseMyTrip,6E,6E-912,2026-08-23,T+1,12052,2646,14698,2026-08-22T09:05:11.121Z,FALSE,"",14:25,TRUE
fare_DEL-CCU_6E_2026-08-23_T+1_1787389679058_qhp9,DEL-CCU,EaseMyTrip,6E,6E-737,2026-08-23,T+1,12052,2646,14698,2026-08-22T09:05:11.121Z,FALSE,"",14:25,TRUE
fare_DEL-CCU_6E_2026-08-23_T+1_1787389679058_zbv3,DEL-CCU,EaseMyTrip,6E,6E-6245,2026-08-23,T+1,12067,2649,14716,2026-08-22T09:05:11.121Z,FALSE,"",06:20,FALSE
fare_DEL-CCU_AI_2026-08-23_T+1_1787389679058_pz3u,DEL-CCU,EaseMyTrip,AI,AI-9484,2026-08-23,T+1,12252,2689,14941,2026-08-22T09:05:11.121Z,FALSE,"",06:00,FALSE
fare_DEL-CCU_6E_2026-08-23_T+1_1787389679058_yhom,DEL-CCU,EaseMyTrip,6E,6E-2361,2026-08-23,T+1,12334,2708,15042,2026-08-22T09:05:11.121Z,FALSE,"",14:35,FALSE
fare_DEL-CCU_QP_2026-08-23_T+1_1787389679058_ijqm,DEL-CCU,EaseMyTrip,QP,QP-1942,2026-08-23,T+1,12546,2754,15300,2026-08-22T09:05:11.121Z,FALSE,"",21:05,FALSE
fare_DEL-CCU_IX_2026-08-23_T+1_1787389679058_xrs1,DEL-CCU,EaseMyTrip,IX,IX-1230,2026-08-23,T+1,12826,2815,15641,2026-08-22T09:05:11.121Z,FALSE,"",04:25,FALSE
fare_DEL-CCU_6E_2026-08-23_T+1_1787389679058_slv2,DEL-CCU,EaseMyTrip,6E,6E-6503,2026-08-23,T+1,12827,2816,15643,2026-08-22T09:05:11.121Z,FALSE,"",13:25,FALSE
fare_DEL-CCU_6E_2026-08-23_T+1_1787389679058_0av1,DEL-CCU,EaseMyTrip,6E,6E-390,2026-08-23,T+1,13278,2915,16193,2026-08-22T09:05:11.121Z,FALSE,"",07:10,FALSE
fare_DEL-CCU_6E_2026-08-23_T+1_1787389679058_wzcb,DEL-CCU,EaseMyTrip,6E,6E-775,2026-08-23,T+1,13278,2915,16193,2026-08-22T09:05:11.121Z,FALSE,"",07:10,FALSE
fare_DEL-CCU_QP_2026-08-23_T+1_1787389679058_0m6d,DEL-CCU,EaseMyTrip,QP,QP-1128,2026-08-23,T+1,13385,2938,16323,2026-08-22T09:05:11.121Z,FALSE,"",16:00,FALSE
fare_DEL-CCU_6E_2026-08-23_T+1_1787389679058_cmyq,DEL-CCU,EaseMyTrip,6E,6E-110,2026-08-23,T+1,14011,3076,17087,2026-08-22T09:05:11.121Z,FALSE,"",17:55,FALSE
fare_DEL-CCU_6E_2026-08-23_T+1_1787389679058_a9wz,DEL-CCU,EaseMyTrip,6E,6E-830,2026-08-23,T+1,14011,3076,17087,2026-08-22T09:05:11.121Z,FALSE,"",17:55,FALSE
fare_DEL-CCU_6E_2026-08-23_T+1_1787389679058_kz87,DEL-CCU,EaseMyTrip,6E,6E-581,2026-08-23,T+1,14356,3151,17507,2026-08-22T09:05:11.121Z,FALSE,"",08:30,FALSE
fare_DEL-CCU_6E_2026-08-23_T+1_1787389679058_psr4,DEL-CCU,EaseMyTrip,6E,6E-857,2026-08-23,T+1,14356,3151,17507,2026-08-22T09:05:11.121Z,FALSE,"",08:30,FALSE
fare_DEL-CCU_6E_2026-08-23_T+1_1787389679058_d38c,DEL-CCU,EaseMyTrip,6E,6E-6282,2026-08-23,T+1,14356,3151,17507,2026-08-22T09:05:11.121Z,FALSE,"",13:30,FALSE
fare_DEL-CCU_6E_2026-08-23_T+1_1787389679058_3mt8,DEL-CCU,EaseMyTrip,6E,6E-6293,2026-08-23,T+1,14356,3151,17507,2026-08-22T09:05:11.121Z,FALSE,"",09:55,FALSE
fare_DEL-CCU_6E_2026-08-23_T+1_1787389679058_nzr3,DEL-CCU,EaseMyTrip,6E,6E-795,2026-08-23,T+1,14356,3151,17507,2026-08-22T09:05:11.121Z,FALSE,"",08:30,FALSE
fare_DEL-CCU_6E_2026-08-23_T+1_1787389679058_5ulx,DEL-CCU,EaseMyTrip,6E,6E-261,2026-08-23,T+1,14356,3151,17507,2026-08-22T09:05:11.121Z,FALSE,"",08:30,FALSE
fare_DEL-CCU_6E_2026-08-23_T+1_1787389679058_adde,DEL-CCU,EaseMyTrip,6E,6E-6217,2026-08-23,T+1,14577,3200,17777,2026-08-22T09:05:11.121Z,FALSE,"",16:15,FALSE
fare_DEL-CCU_AI_2026-08-23_T+1_1787389679058_l0zu,DEL-CCU,EaseMyTrip,AI,AI-2425,2026-08-23,T+1,17131,3761,20892,2026-08-22T09:05:11.121Z,FALSE,"",10:30,FALSE
fare_DEL-CCU_AI_2026-08-23_T+1_1787389679058_c6ai,DEL-CCU,EaseMyTrip,AI,AI-2943,2026-08-23,T+1,17131,3761,20892,2026-08-22T09:05:11.121Z,FALSE,"",07:30,FALSE
fare_DEL-CCU_IX_2026-08-23_T+1_1787389679058_29vn,DEL-CCU,EaseMyTrip,IX,IX-1482,2026-08-23,T+1,17523,3846,21369,2026-08-22T09:05:11.121Z,FALSE,"",08:30,FALSE
fare_DEL-CCU_AI_2026-08-23_T+1_1787389679058_385g,DEL-CCU,EaseMyTrip,AI,AI-2927,2026-08-23,T+1,17580,3859,21439,2026-08-22T09:05:11.121Z,FALSE,"",09:30,FALSE
fare_DEL-CCU_AI_2026-08-23_T+1_1787389679058_h0jb,DEL-CCU,EaseMyTrip,AI,AI-2963,2026-08-23,T+1,17580,3859,21439,2026-08-22T09:05:11.121Z,FALSE,"",09:00,FALSE
fare_DEL-CCU_AI_2026-08-23_T+1_1787389679058_3kt6,DEL-CCU,EaseMyTrip,AI,AI-2678,2026-08-23,T+1,17580,3859,21439,2026-08-22T09:05:11.121Z,FALSE,"",08:30,FALSE
fare_DEL-CCU_AI_2026-08-23_T+1_1787389679058_k7pv,DEL-CCU,EaseMyTrip,AI,AI-2429,2026-08-23,T+1,17580,3859,21439,2026-08-22T09:05:11.121Z,FALSE,"",07:00,FALSE
fare_DEL-CCU_AI_2026-08-23_T+1_1787389679058_urr5,DEL-CCU,EaseMyTrip,AI,AI-2975,2026-08-23,T+1,17580,3859,21439,2026-08-22T09:05:11.121Z,FALSE,"",06:30,FALSE
fare_DEL-CCU_AI_2026-08-23_T+1_1787389679058_3dxv,DEL-CCU,EaseMyTrip,AI,AI-2615,2026-08-23,T+1,17737,3894,21631,2026-08-22T09:05:11.121Z,FALSE,"",02:45,FALSE
fare_DEL-CCU_AI_2026-08-23_T+1_1787389679058_hvv7,DEL-CCU,EaseMyTrip,AI,AI-2433,2026-08-23,T+1,17737,3894,21631,2026-08-22T09:05:11.121Z,FALSE,"",21:30,FALSE
fare_DEL-CCU_AI_2026-08-23_T+1_1787389679058_mqo2,DEL-CCU,EaseMyTrip,AI,AI-2957,2026-08-23,T+1,17737,3894,21631,2026-08-22T09:05:11.121Z,FALSE,"",20:30,FALSE
fare_DEL-CCU_AI_2026-08-23_T+1_1787389679058_7x3y,DEL-CCU,EaseMyTrip,AI,AI-2805,2026-08-23,T+1,17737,3894,21631,2026-08-22T09:05:11.121Z,FALSE,"",20:00,FALSE
fare_DEL-CCU_AI_2026-08-23_T+1_1787389679058_vykt,DEL-CCU,EaseMyTrip,AI,AI-2985,2026-08-23,T+1,17737,3894,21631,2026-08-22T09:05:11.121Z,FALSE,"",19:30,FALSE
fare_DEL-CCU_6E_2026-08-23_T+1_1787389679058_1rsx,DEL-CCU,EaseMyTrip,6E,6E-5033,2026-08-23,T+1,17755,3898,21653,2026-08-22T09:05:11.121Z,FALSE,"",15:50,FALSE
fare_DEL-CCU_AI_2026-08-23_T+1_1787389679058_eemu,DEL-CCU,EaseMyTrip,AI,AI-537,2026-08-23,T+1,18566,4076,22642,2026-08-22T09:05:11.121Z,FALSE,"",15:45,FALSE
fare_DEL-CCU_AI_2026-08-23_T+1_1787389679058_5zgy,DEL-CCU,EaseMyTrip,AI,AI-2877,2026-08-23,T+1,18605,4084,22689,2026-08-22T09:05:11.121Z,FALSE,"",12:45,FALSE
fare_DEL-CCU_IX_2026-08-23_T+1_1787389679058_0jco,DEL-CCU,EaseMyTrip,IX,IX-1070,2026-08-23,T+1,19166,4207,23373,2026-08-22T09:05:11.121Z,FALSE,"",18:40,FALSE
fare_DEL-CCU_AI_2026-08-23_T+1_1787389679058_ya2t,DEL-CCU,EaseMyTrip,AI,AI-2525,2026-08-23,T+1,19122,4197,23319,2026-08-22T09:05:11.121Z,FALSE,"",06:00,FALSE
fare_DEL-CCU_AI_2026-08-23_T+1_1787389679058_7rt0,DEL-CCU,EaseMyTrip,AI,AI-2496,2026-08-23,T+1,19122,4197,23319,2026-08-22T09:05:11.121Z,FALSE,"",03:00,FALSE
fare_DEL-CCU_AI_2026-08-23_T+1_1787389679058_julc,DEL-CCU,EaseMyTrip,AI,AI-2502,2026-08-23,T+1,19158,4205,23363,2026-08-22T09:05:11.121Z,FALSE,"",03:15,FALSE
fare_DEL-CCU_AI_2026-08-23_T+1_1787389679058_wb0v,DEL-CCU,EaseMyTrip,AI,AI-2803,2026-08-23,T+1,19158,4205,23363,2026-08-22T09:05:11.121Z,FALSE,"",06:30,FALSE
fare_DEL-CCU_AI_2026-08-23_T+1_1787389679058_9lae,DEL-CCU,EaseMyTrip,AI,AI-2757,2026-08-23,T+1,19158,4205,23363,2026-08-22T09:05:11.121Z,FALSE,"",00:15,FALSE
fare_DEL-CCU_AI_2026-08-23_T+1_1787389679058_2phd,DEL-CCU,EaseMyTrip,AI,AI-2653,2026-08-23,T+1,19158,4205,23363,2026-08-22T09:05:11.121Z,FALSE,"",04:30,FALSE
fare_DEL-CCU_6E_2026-08-23_T+1_1787389679058_cwtx,DEL-CCU,EaseMyTrip,6E,6E-2296,2026-08-23,T+1,19532,4287,23819,2026-08-22T09:05:11.121Z,FALSE,"",09:20,FALSE
fare_DEL-CCU_AI_2026-08-23_T+1_1787389679058_078y,DEL-CCU,EaseMyTrip,AI,AI-1777,2026-08-23,T+1,20141,4421,24562,2026-08-22T09:05:11.121Z,FALSE,"",16:00,FALSE
fare_DEL-CCU_6E_2026-08-23_T+1_1787389679058_be8k,DEL-CCU,EaseMyTrip,6E,6E-5119,2026-08-23,T+1,20165,4426,24591,2026-08-22T09:05:11.121Z,FALSE,"",05:10,FALSE
fare_DEL-CCU_AI_2026-08-23_T+1_1787389679058_yvia,DEL-CCU,EaseMyTrip,AI,AI-2933,2026-08-23,T+1,23996,5267,29263,2026-08-22T09:05:11.121Z,FALSE,"",15:30,FALSE
fare_DEL-CCU_AI_2026-08-23_T+1_1787389679058_w92t,DEL-CCU,EaseMyTrip,AI,AI-2819,2026-08-23,T+1,25081,5505,30586,2026-08-22T09:05:11.121Z,FALSE,"",15:00,FALSE
fare_DEL-CCU_AI_2026-08-23_T+1_1787389679058_rpqx,DEL-CCU,EaseMyTrip,AI,AI-2485,2026-08-23,T+1,25699,5641,31340,2026-08-22T09:05:11.121Z,FALSE,"",12:00,FALSE
fare_DEL-CCU_6E_2026-08-23_T+1_1787389679058_b3vd,DEL-CCU,EaseMyTrip,6E,6E-2331,2026-08-23,T+1,25847,5674,31521,2026-08-22T09:05:11.121Z,FALSE,"",12:20,FALSE
fare_DEL-CCU_AI_2026-08-23_T+1_1787389679058_tkr9,DEL-CCU,EaseMyTrip,AI,AI-2417,2026-08-23,T+1,27397,6014,33411,2026-08-22T09:05:11.121Z,FALSE,"",13:00,FALSE
fare_DEL-CCU_AI_2026-08-23_T+1_1787389679058_gw3y,DEL-CCU,EaseMyTrip,AI,AI-1785,2026-08-23,T+1,29570,6491,36061,2026-08-22T09:05:11.121Z,FALSE,"",12:00,FALSE
fare_DEL-CCU_IX_2026-08-29_T+7_1787389679058_tcyk,DEL-CCU,EaseMyTrip,IX,IX-2457,2026-08-29,T+7,5244,1151,6395,2026-08-22T09:05:17.354Z,FALSE,"",11:30,FALSE
fare_DEL-CCU_IX_2026-08-29_T+7_1787389679058_dkxv,DEL-CCU,EaseMyTrip,IX,IX-1081,2026-08-29,T+7,5244,1151,6395,2026-08-22T09:05:17.354Z,FALSE,"",14:55,FALSE
fare_DEL-CCU_IX_2026-08-29_T+7_1787389679058_z2s0,DEL-CCU,EaseMyTrip,IX,IX-1001,2026-08-29,T+7,5460,1199,6659,2026-08-22T09:05:17.354Z,FALSE,"",09:00,FALSE
fare_DEL-CCU_SG_2026-08-29_T+7_1787389679058_tme2,DEL-CCU,EaseMyTrip,SG,SG-541,2026-08-29,T+7,5738,1260,6998,2026-08-22T09:05:17.354Z,FALSE,"",20:10,TRUE
fare_DEL-CCU_SG_2026-08-29_T+7_1787389679058_kc10,DEL-CCU,EaseMyTrip,SG,SG-146,2026-08-29,T+7,5738,1260,6998,2026-08-22T09:05:17.354Z,FALSE,"",20:10,TRUE
fare_DEL-CCU_QP_2026-08-29_T+7_1787389679058_n0ld,DEL-CCU,EaseMyTrip,QP,QP-1801,2026-08-29,T+7,5983,1313,7296,2026-08-22T09:05:17.354Z,FALSE,"",05:55,TRUE
fare_DEL-CCU_QP_2026-08-29_T+7_1787389679058_g2tp,DEL-CCU,EaseMyTrip,QP,QP-1803,2026-08-29,T+7,6718,1475,8193,2026-08-22T09:05:17.354Z,FALSE,"",17:10,TRUE
fare_DEL-CCU_QP_2026-08-29_T+7_1787389679058_tdw4,DEL-CCU,EaseMyTrip,QP,QP-1128,2026-08-29,T+7,6765,1485,8250,2026-08-22T09:05:17.354Z,FALSE,"",16:00,FALSE
fare_DEL-CCU_6E_2026-08-29_T+7_1787389679058_ixin,DEL-CCU,EaseMyTrip,6E,6E-5191,2026-08-29,T+7,6930,1521,8451,2026-08-22T09:05:17.354Z,FALSE,"",04:45,TRUE
fare_DEL-CCU_6E_2026-08-29_T+7_1787389679058_a0qg,DEL-CCU,EaseMyTrip,6E,6E-497,2026-08-29,T+7,6930,1521,8451,2026-08-22T09:05:17.354Z,FALSE,"",23:30,TRUE
fare_DEL-CCU_6E_2026-08-29_T+7_1787389679058_sro8,DEL-CCU,EaseMyTrip,6E,6E-444,2026-08-29,T+7,6930,1521,8451,2026-08-22T09:05:17.354Z,FALSE,"",23:30,TRUE
fare_DEL-CCU_6E_2026-08-29_T+7_1787389679058_mlux,DEL-CCU,EaseMyTrip,6E,6E-2276,2026-08-29,T+7,6930,1521,8451,2026-08-22T09:05:17.354Z,FALSE,"",17:55,TRUE
fare_DEL-CCU_6E_2026-08-29_T+7_1787389679058_w2lx,DEL-CCU,EaseMyTrip,6E,6E-6415,2026-08-29,T+7,6930,1521,8451,2026-08-22T09:05:17.354Z,FALSE,"",16:00,TRUE
fare_DEL-CCU_6E_2026-08-29_T+7_1787389679058_popi,DEL-CCU,EaseMyTrip,6E,6E-792,2026-08-29,T+7,6930,1521,8451,2026-08-22T09:05:17.354Z,FALSE,"",14:25,TRUE
fare_DEL-CCU_6E_2026-08-29_T+7_1787389679058_mj0o,DEL-CCU,EaseMyTrip,6E,6E-387,2026-08-29,T+7,6930,1521,8451,2026-08-22T09:05:17.354Z,FALSE,"",14:25,TRUE
fare_DEL-CCU_6E_2026-08-29_T+7_1787389679058_gg1t,DEL-CCU,EaseMyTrip,6E,6E-2487,2026-08-29,T+7,6930,1521,8451,2026-08-22T09:05:17.354Z,FALSE,"",11:50,TRUE
fare_DEL-CCU_6E_2026-08-29_T+7_1787389679058_wz4t,DEL-CCU,EaseMyTrip,6E,6E-389,2026-08-29,T+7,6930,1521,8451,2026-08-22T09:05:17.354Z,FALSE,"",10:15,TRUE
fare_DEL-CCU_6E_2026-08-29_T+7_1787389679058_ijf9,DEL-CCU,EaseMyTrip,6E,6E-689,2026-08-29,T+7,6930,1521,8451,2026-08-22T09:05:17.354Z,FALSE,"",10:15,TRUE
fare_DEL-CCU_6E_2026-08-29_T+7_1787389679058_1otq,DEL-CCU,EaseMyTrip,6E,6E-460,2026-08-29,T+7,6930,1521,8451,2026-08-22T09:05:17.354Z,FALSE,"",08:30,TRUE
fare_DEL-CCU_6E_2026-08-29_T+7_1787389679058_j8vi,DEL-CCU,EaseMyTrip,6E,6E-782,2026-08-29,T+7,6930,1521,8451,2026-08-22T09:05:17.354Z,FALSE,"",08:30,TRUE
fare_DEL-CCU_6E_2026-08-29_T+7_1787389679058_481d,DEL-CCU,EaseMyTrip,6E,6E-862,2026-08-29,T+7,6930,1521,8451,2026-08-22T09:05:17.354Z,FALSE,"",07:20,TRUE
fare_DEL-CCU_6E_2026-08-29_T+7_1787389679058_6zvd,DEL-CCU,EaseMyTrip,6E,6E-666,2026-08-29,T+7,6930,1521,8451,2026-08-22T09:05:17.354Z,FALSE,"",07:20,TRUE
fare_DEL-CCU_6E_2026-08-29_T+7_1787389679058_u497,DEL-CCU,EaseMyTrip,6E,6E-709,2026-08-29,T+7,6930,1521,8451,2026-08-22T09:05:17.354Z,FALSE,"",12:45,TRUE
fare_DEL-CCU_6E_2026-08-29_T+7_1787389679058_p7f2,DEL-CCU,EaseMyTrip,6E,6E-250,2026-08-29,T+7,6930,1521,8451,2026-08-22T09:05:17.354Z,FALSE,"",12:45,TRUE
fare_DEL-CCU_AI_2026-08-29_T+7_1787389679058_xrnq,DEL-CCU,EaseMyTrip,AI,AI-2709,2026-08-29,T+7,7094,1557,8651,2026-08-22T09:05:17.354Z,FALSE,"",19:10,TRUE
fare_DEL-CCU_AI_2026-08-29_T+7_1787389679058_j4wc,DEL-CCU,EaseMyTrip,AI,AI-2702,2026-08-29,T+7,7094,1557,8651,2026-08-22T09:05:17.354Z,FALSE,"",02:30,TRUE
fare_DEL-CCU_AI_2026-08-29_T+7_1787389679058_fb7g,DEL-CCU,EaseMyTrip,AI,AI-2535,2026-08-29,T+7,7094,1557,8651,2026-08-22T09:05:17.354Z,FALSE,"",06:15,TRUE
fare_DEL-CCU_AI_2026-08-29_T+7_1787389679058_sp8j,DEL-CCU,EaseMyTrip,AI,AI-2705,2026-08-29,T+7,7094,1557,8651,2026-08-22T09:05:17.354Z,FALSE,"",07:30,TRUE
fare_DEL-CCU_AI_2026-08-29_T+7_1787389679058_sdbd,DEL-CCU,EaseMyTrip,AI,AI-1791,2026-08-29,T+7,7094,1557,8651,2026-08-22T09:05:17.354Z,FALSE,"",09:30,TRUE
fare_DEL-CCU_AI_2026-08-29_T+7_1787389679058_ya8t,DEL-CCU,EaseMyTrip,AI,AI-1707,2026-08-29,T+7,7094,1557,8651,2026-08-22T09:05:17.354Z,FALSE,"",11:55,TRUE
fare_DEL-CCU_AI_2026-08-29_T+7_1787389679058_rmmf,DEL-CCU,EaseMyTrip,AI,AI-1704,2026-08-29,T+7,7094,1557,8651,2026-08-22T09:05:17.354Z,FALSE,"",13:00,TRUE
fare_DEL-CCU_AI_2026-08-29_T+7_1787389679058_lo45,DEL-CCU,EaseMyTrip,AI,AI-1733,2026-08-29,T+7,7094,1557,8651,2026-08-22T09:05:17.354Z,FALSE,"",16:15,TRUE
fare_DEL-CCU_AI_2026-08-29_T+7_1787389679058_wjje,DEL-CCU,EaseMyTrip,AI,AI-2707,2026-08-29,T+7,7094,1557,8651,2026-08-22T09:05:17.354Z,FALSE,"",18:00,TRUE
fare_DEL-CCU_AI_2026-08-29_T+7_1787389679058_9b08,DEL-CCU,EaseMyTrip,AI,AI-2727,2026-08-29,T+7,7094,1557,8651,2026-08-22T09:05:17.354Z,FALSE,"",22:00,TRUE
fare_DEL-CCU_6E_2026-08-29_T+7_1787389679058_jddy,DEL-CCU,EaseMyTrip,6E,6E-6245,2026-08-29,T+7,7012,1539,8551,2026-08-22T09:05:17.354Z,FALSE,"",06:20,FALSE
fare_DEL-CCU_IX_2026-08-29_T+7_1787389679058_50lm,DEL-CCU,EaseMyTrip,IX,IX-1085,2026-08-29,T+7,7377,1619,8996,2026-08-22T09:05:17.354Z,FALSE,"",12:55,FALSE
fare_DEL-CCU_IX_2026-08-29_T+7_1787389679058_qhew,DEL-CCU,EaseMyTrip,IX,IX-1069,2026-08-29,T+7,7377,1619,8996,2026-08-22T09:05:17.354Z,FALSE,"",11:35,FALSE
fare_DEL-CCU_IX_2026-08-29_T+7_1787389679058_zjfk,DEL-CCU,EaseMyTrip,IX,IX-1035,2026-08-29,T+7,7377,1619,8996,2026-08-22T09:05:17.354Z,FALSE,"",08:10,FALSE
fare_DEL-CCU_IX_2026-08-29_T+7_1787389679058_i115,DEL-CCU,EaseMyTrip,IX,IX-1032,2026-08-29,T+7,7377,1619,8996,2026-08-22T09:05:17.354Z,FALSE,"",05:45,FALSE
fare_DEL-CCU_6E_2026-08-29_T+7_1787389679058_e696,DEL-CCU,EaseMyTrip,6E,6E-6236,2026-08-29,T+7,7169,1574,8743,2026-08-22T09:05:17.354Z,FALSE,"",16:20,FALSE
fare_DEL-CCU_6E_2026-08-29_T+7_1787389679058_udtd,DEL-CCU,EaseMyTrip,6E,6E-6440,2026-08-29,T+7,7169,1574,8743,2026-08-22T09:05:17.354Z,FALSE,"",16:40,FALSE
fare_DEL-CCU_6E_2026-08-29_T+7_1787389679058_7e2z,DEL-CCU,EaseMyTrip,6E,6E-2453,2026-08-29,T+7,7169,1574,8743,2026-08-22T09:05:17.354Z,FALSE,"",13:35,FALSE
fare_DEL-CCU_6E_2026-08-29_T+7_1787389679058_xm5x,DEL-CCU,EaseMyTrip,6E,6E-2361,2026-08-29,T+7,7273,1596,8869,2026-08-22T09:05:17.354Z,FALSE,"",14:35,FALSE
fare_DEL-CCU_6E_2026-08-29_T+7_1787389679058_995x,DEL-CCU,EaseMyTrip,6E,6E-5033,2026-08-29,T+7,7341,1612,8953,2026-08-22T09:05:17.354Z,FALSE,"",15:50,FALSE
fare_DEL-CCU_6E_2026-08-29_T+7_1787389679058_sk07,DEL-CCU,EaseMyTrip,6E,6E-2614,2026-08-29,T+7,7341,1612,8953,2026-08-22T09:05:17.354Z,FALSE,"",14:40,FALSE
fare_DEL-CCU_6E_2026-08-29_T+7_1787389679058_71f7,DEL-CCU,EaseMyTrip,6E,6E-2259,2026-08-29,T+7,7341,1612,8953,2026-08-22T09:05:17.354Z,FALSE,"",12:20,FALSE
fare_DEL-CCU_6E_2026-08-29_T+7_1787389679058_axsd,DEL-CCU,EaseMyTrip,6E,6E-2037,2026-08-29,T+7,7341,1612,8953,2026-08-22T09:05:17.354Z,FALSE,"",10:55,FALSE
fare_DEL-CCU_6E_2026-08-29_T+7_1787389679058_hxpf,DEL-CCU,EaseMyTrip,6E,6E-6190,2026-08-29,T+7,7341,1612,8953,2026-08-22T09:05:17.354Z,FALSE,"",07:40,FALSE
fare_DEL-CCU_6E_2026-08-29_T+7_1787389679058_xdv9,DEL-CCU,EaseMyTrip,6E,6E-5038,2026-08-29,T+7,7341,1612,8953,2026-08-22T09:05:17.354Z,FALSE,"",14:00,FALSE
fare_DEL-CCU_6E_2026-08-29_T+7_1787389679058_fj2c,DEL-CCU,EaseMyTrip,6E,6E-2296,2026-08-29,T+7,7341,1612,8953,2026-08-22T09:05:17.354Z,FALSE,"",09:20,FALSE
fare_DEL-CCU_6E_2026-08-29_T+7_1787389679058_g6cb,DEL-CCU,EaseMyTrip,6E,6E-6517,2026-08-29,T+7,7403,1625,9028,2026-08-22T09:05:17.354Z,FALSE,"",19:30,TRUE
fare_DEL-CCU_6E_2026-08-29_T+7_1787389679058_zchz,DEL-CCU,EaseMyTrip,6E,6E-6378,2026-08-29,T+7,7428,1630,9058,2026-08-22T09:05:17.354Z,FALSE,"",14:40,FALSE
fare_DEL-CCU_6E_2026-08-29_T+7_1787389679058_c6ra,DEL-CCU,EaseMyTrip,6E,6E-5307,2026-08-29,T+7,7428,1630,9058,2026-08-22T09:05:17.354Z,FALSE,"",10:50,FALSE
fare_DEL-CCU_6E_2026-08-29_T+7_1787389679058_8q0d,DEL-CCU,EaseMyTrip,6E,6E-5215,2026-08-29,T+7,7428,1630,9058,2026-08-22T09:05:17.354Z,FALSE,"",07:45,FALSE
fare_DEL-CCU_6E_2026-08-29_T+7_1787389679058_105k,DEL-CCU,EaseMyTrip,6E,6E-5041,2026-08-29,T+7,7428,1630,9058,2026-08-22T09:05:17.354Z,FALSE,"",15:10,FALSE
fare_DEL-CCU_6E_2026-08-29_T+7_1787389679058_gvo8,DEL-CCU,EaseMyTrip,6E,6E-6124,2026-08-29,T+7,7428,1630,9058,2026-08-22T09:05:17.354Z,FALSE,"",07:30,FALSE
fare_DEL-CCU_6E_2026-08-29_T+7_1787389679058_kjoz,DEL-CCU,EaseMyTrip,6E,6E-7624,2026-08-29,T+7,7519,1650,9169,2026-08-22T09:05:17.354Z,FALSE,"",05:50,FALSE
fare_DEL-CCU_IX_2026-08-29_T+7_1787389679058_g5ky,DEL-CCU,EaseMyTrip,IX,IX-1067,2026-08-29,T+7,7760,1703,9463,2026-08-22T09:05:17.354Z,FALSE,"",06:10,FALSE
fare_DEL-CCU_6E_2026-08-29_T+7_1787389679058_i1p4,DEL-CCU,EaseMyTrip,6E,6E-6503,2026-08-29,T+7,7600,1668,9268,2026-08-22T09:05:17.354Z,FALSE,"",13:25,FALSE
fare_DEL-CCU_6E_2026-08-29_T+7_1787389679058_61jb,DEL-CCU,EaseMyTrip,6E,6E-383,2026-08-29,T+7,7621,1673,9294,2026-08-22T09:05:17.354Z,FALSE,"",02:25,FALSE
fare_DEL-CCU_6E_2026-08-29_T+7_1787389679058_resc,DEL-CCU,EaseMyTrip,6E,6E-655,2026-08-29,T+7,7621,1673,9294,2026-08-22T09:05:17.354Z,FALSE,"",02:25,FALSE
fare_DEL-CCU_6E_2026-08-29_T+7_1787389679058_tu6s,DEL-CCU,EaseMyTrip,6E,6E-997,2026-08-29,T+7,7621,1673,9294,2026-08-22T09:05:17.354Z,FALSE,"",17:55,FALSE
fare_DEL-CCU_6E_2026-08-29_T+7_1787389679058_tzyk,DEL-CCU,EaseMyTrip,6E,6E-873,2026-08-29,T+7,7621,1673,9294,2026-08-22T09:05:17.354Z,FALSE,"",17:55,FALSE
fare_DEL-CCU_6E_2026-08-29_T+7_1787389679058_bt00,DEL-CCU,EaseMyTrip,6E,6E-6282,2026-08-29,T+7,7621,1673,9294,2026-08-22T09:05:17.354Z,FALSE,"",13:30,FALSE
fare_DEL-CCU_6E_2026-08-29_T+7_1787389679058_qe5v,DEL-CCU,EaseMyTrip,6E,6E-2331,2026-08-29,T+7,7621,1673,9294,2026-08-22T09:05:17.354Z,FALSE,"",12:20,FALSE
fare_DEL-CCU_6E_2026-08-29_T+7_1787389679058_fl78,DEL-CCU,EaseMyTrip,6E,6E-6217,2026-08-29,T+7,7621,1673,9294,2026-08-22T09:05:17.354Z,FALSE,"",16:15,FALSE
fare_DEL-CCU_6E_2026-08-29_T+7_1787389679058_auze,DEL-CCU,EaseMyTrip,6E,6E-5073,2026-08-29,T+7,7621,1673,9294,2026-08-22T09:05:17.354Z,FALSE,"",17:05,FALSE
fare_DEL-CCU_6E_2026-08-29_T+7_1787389679058_ib9g,DEL-CCU,EaseMyTrip,6E,6E-332,2026-08-29,T+7,7621,1673,9294,2026-08-22T09:05:17.354Z,FALSE,"",02:25,FALSE
fare_DEL-CCU_6E_2026-08-29_T+7_1787389679058_gm06,DEL-CCU,EaseMyTrip,6E,6E-230,2026-08-29,T+7,7621,1673,9294,2026-08-22T09:05:17.354Z,FALSE,"",02:25,FALSE
fare_DEL-CCU_6E_2026-08-29_T+7_1787389679058_2e6w,DEL-CCU,EaseMyTrip,6E,6E-6371,2026-08-29,T+7,7707,1692,9399,2026-08-22T09:05:17.354Z,FALSE,"",06:20,FALSE
fare_DEL-CCU_QP_2026-08-29_T+7_1787389679058_95t0,DEL-CCU,EaseMyTrip,QP,QP-1826,2026-08-29,T+7,7728,1697,9425,2026-08-22T09:05:17.354Z,FALSE,"",19:55,FALSE
fare_DEL-CCU_IX_2026-08-29_T+7_1787389679058_h0bi,DEL-CCU,EaseMyTrip,IX,IX-1063,2026-08-29,T+7,8033,1763,9796,2026-08-22T09:05:17.354Z,FALSE,"",20:00,FALSE
fare_DEL-CCU_6E_2026-08-29_T+7_1787389679058_49kg,DEL-CCU,EaseMyTrip,6E,6E-2571,2026-08-29,T+7,7861,1726,9587,2026-08-22T09:05:17.354Z,FALSE,"",12:30,FALSE
fare_DEL-CCU_6E_2026-08-29_T+7_1787389679058_vahw,DEL-CCU,EaseMyTrip,6E,6E-7628,2026-08-29,T+7,8129,1784,9913,2026-08-22T09:05:17.354Z,FALSE,"",15:05,FALSE
fare_DEL-CCU_6E_2026-08-29_T+7_1787389679058_h515,DEL-CCU,EaseMyTrip,6E,6E-463,2026-08-29,T+7,8232,1807,10039,2026-08-22T09:05:17.354Z,FALSE,"",11:45,FALSE
fare_DEL-CCU_6E_2026-08-29_T+7_1787389679058_e87u,DEL-CCU,EaseMyTrip,6E,6E-308,2026-08-29,T+7,8232,1807,10039,2026-08-22T09:05:17.354Z,FALSE,"",11:45,FALSE
fare_DEL-CCU_6E_2026-08-29_T+7_1787389679058_wo1e,DEL-CCU,EaseMyTrip,6E,6E-6459,2026-08-29,T+7,9294,2040,11334,2026-08-22T09:05:17.354Z,FALSE,"",05:55,FALSE
fare_DEL-CCU_6E_2026-08-29_T+7_1787389679058_njld,DEL-CCU,EaseMyTrip,6E,6E-5119,2026-08-29,T+7,9656,2119,11775,2026-08-22T09:05:17.354Z,FALSE,"",05:10,FALSE
fare_DEL-CCU_AI_2026-08-29_T+7_1787389679058_3qhs,DEL-CCU,EaseMyTrip,AI,AI-879,2026-08-29,T+7,10455,2295,12750,2026-08-22T09:05:17.354Z,FALSE,"",06:40,FALSE
fare_DEL-CCU_AI_2026-08-29_T+7_1787389679058_1vf4,DEL-CCU,EaseMyTrip,AI,AI-2947,2026-08-29,T+7,10973,2409,13382,2026-08-22T09:05:17.354Z,FALSE,"",14:30,FALSE
fare_DEL-CCU_6E_2026-08-29_T+7_1787389679058_1nm1,DEL-CCU,EaseMyTrip,6E,6E-6073,2026-08-29,T+7,11059,2428,13487,2026-08-22T09:05:17.354Z,FALSE,"",05:00,FALSE
fare_DEL-CCU_QP_2026-08-29_T+7_1787389679058_4hur,DEL-CCU,EaseMyTrip,QP,QP-1942,2026-08-29,T+7,11146,2447,13593,2026-08-22T09:05:17.354Z,FALSE,"",21:05,FALSE
fare_DEL-CCU_6E_2026-08-29_T+7_1787389679058_o6tb,DEL-CCU,EaseMyTrip,6E,6E-683,2026-08-29,T+7,12017,2638,14655,2026-08-22T09:05:17.354Z,FALSE,"",08:30,FALSE
fare_DEL-CCU_6E_2026-08-29_T+7_1787389679058_fa0x,DEL-CCU,EaseMyTrip,6E,6E-130,2026-08-29,T+7,12017,2638,14655,2026-08-22T09:05:17.354Z,FALSE,"",08:30,FALSE
fare_DEL-CCU_6E_2026-08-29_T+7_1787389679058_igya,DEL-CCU,EaseMyTrip,6E,6E-392,2026-08-29,T+7,12017,2638,14655,2026-08-22T09:05:17.354Z,FALSE,"",07:10,FALSE
fare_DEL-CCU_6E_2026-08-29_T+7_1787389679058_vlwe,DEL-CCU,EaseMyTrip,6E,6E-447,2026-08-29,T+7,12017,2638,14655,2026-08-22T09:05:17.354Z,FALSE,"",07:10,FALSE
fare_DEL-CCU_AI_2026-08-29_T+7_1787389679058_qfq6,DEL-CCU,EaseMyTrip,AI,AI-9484,2026-08-29,T+7,12252,2689,14941,2026-08-22T09:05:17.354Z,FALSE,"",06:00,FALSE
fare_DEL-CCU_6E_2026-08-29_T+7_1787389679058_56qj,DEL-CCU,EaseMyTrip,6E,6E-6829,2026-08-29,T+7,12146,2666,14812,2026-08-22T09:05:17.354Z,FALSE,"",17:20,FALSE
fare_DEL-CCU_AI_2026-08-29_T+7_1787389679058_5zs3,DEL-CCU,EaseMyTrip,AI,AI-2425,2026-08-29,T+7,12471,2737,15208,2026-08-22T09:05:17.354Z,FALSE,"",10:30,FALSE
fare_DEL-CCU_AI_2026-08-29_T+7_1787389679058_cz0j,DEL-CCU,EaseMyTrip,AI,AI-2933,2026-08-29,T+7,12471,2737,15208,2026-08-22T09:05:17.354Z,FALSE,"",15:30,FALSE
fare_DEL-CCU_AI_2026-08-29_T+7_1787389679058_k6ol,DEL-CCU,EaseMyTrip,AI,AI-441,2026-08-29,T+7,12471,2737,15208,2026-08-22T09:05:17.354Z,FALSE,"",17:00,FALSE
fare_DEL-CCU_AI_2026-08-29_T+7_1787389679058_7ai6,DEL-CCU,EaseMyTrip,AI,AI-2943,2026-08-29,T+7,12471,2737,15208,2026-08-22T09:05:17.354Z,FALSE,"",07:30,FALSE
fare_DEL-CCU_AI_2026-08-29_T+7_1787389679058_iy1v,DEL-CCU,EaseMyTrip,AI,AI-537,2026-08-29,T+7,12726,2794,15520,2026-08-22T09:05:17.354Z,FALSE,"",15:45,FALSE
fare_DEL-CCU_AI_2026-08-29_T+7_1787389679058_cn5w,DEL-CCU,EaseMyTrip,AI,AI-2496,2026-08-29,T+7,12940,2841,15781,2026-08-22T09:05:17.354Z,FALSE,"",03:00,FALSE
fare_DEL-CCU_AI_2026-08-29_T+7_1787389679058_c71l,DEL-CCU,EaseMyTrip,AI,AI-2909,2026-08-29,T+7,13133,2883,16016,2026-08-22T09:05:17.354Z,FALSE,"",22:30,FALSE
fare_DEL-CCU_AI_2026-08-29_T+7_1787389679058_s6a6,DEL-CCU,EaseMyTrip,AI,AI-9486,2026-08-29,T+7,13285,2916,16201,2026-08-22T09:05:17.354Z,FALSE,"",17:50,FALSE
fare_DEL-CCU_AI_2026-08-29_T+7_1787389679058_zbfx,DEL-CCU,EaseMyTrip,AI,AI-1777,2026-08-29,T+7,14253,3129,17382,2026-08-22T09:05:17.354Z,FALSE,"",16:00,FALSE
fare_DEL-CCU_AI_2026-08-29_T+7_1787389679058_x19t,DEL-CCU,EaseMyTrip,AI,AI-2927,2026-08-29,T+7,14253,3129,17382,2026-08-22T09:05:17.354Z,FALSE,"",09:30,FALSE
fare_DEL-CCU_AI_2026-08-29_T+7_1787389679058_mi08,DEL-CCU,EaseMyTrip,AI,AI-2963,2026-08-29,T+7,14253,3129,17382,2026-08-22T09:05:17.354Z,FALSE,"",09:00,FALSE
fare_DEL-CCU_AI_2026-08-29_T+7_1787389679058_n7yd,DEL-CCU,EaseMyTrip,AI,AI-2429,2026-08-29,T+7,14253,3129,17382,2026-08-22T09:05:17.354Z,FALSE,"",07:00,FALSE
fare_DEL-CCU_AI_2026-08-29_T+7_1787389679058_6tgl,DEL-CCU,EaseMyTrip,AI,AI-1785,2026-08-29,T+7,14253,3129,17382,2026-08-22T09:05:17.354Z,FALSE,"",12:00,FALSE
fare_DEL-CCU_AI_2026-08-29_T+7_1787389679058_4adt,DEL-CCU,EaseMyTrip,AI,AI-2975,2026-08-29,T+7,14253,3129,17382,2026-08-22T09:05:17.354Z,FALSE,"",06:30,FALSE
fare_DEL-CCU_AI_2026-08-29_T+7_1787389679058_mkta,DEL-CCU,EaseMyTrip,AI,AI-1745,2026-08-29,T+7,14253,3129,17382,2026-08-22T09:05:17.354Z,FALSE,"",05:30,FALSE
fare_DEL-CCU_AI_2026-08-29_T+7_1787389679058_m63k,DEL-CCU,EaseMyTrip,AI,AI-2615,2026-08-29,T+7,14588,3202,17790,2026-08-22T09:05:17.354Z,FALSE,"",02:45,FALSE
fare_DEL-CCU_AI_2026-08-29_T+7_1787389679058_0eqv,DEL-CCU,EaseMyTrip,AI,AI-2502,2026-08-29,T+7,14699,3227,17926,2026-08-22T09:05:17.354Z,FALSE,"",03:15,FALSE
fare_DEL-CCU_AI_2026-08-29_T+7_1787389679058_hqoq,DEL-CCU,EaseMyTrip,AI,AI-2803,2026-08-29,T+7,14699,3227,17926,2026-08-22T09:05:17.354Z,FALSE,"",06:30,FALSE
fare_DEL-CCU_AI_2026-08-29_T+7_1787389679058_s5r2,DEL-CCU,EaseMyTrip,AI,AI-2757,2026-08-29,T+7,14699,3227,17926,2026-08-22T09:05:17.354Z,FALSE,"",00:15,FALSE
fare_DEL-CCU_AI_2026-08-29_T+7_1787389679058_0yfe,DEL-CCU,EaseMyTrip,AI,AI-2653,2026-08-29,T+7,14699,3227,17926,2026-08-22T09:05:17.354Z,FALSE,"",04:30,FALSE
fare_DEL-CCU_AI_2026-08-29_T+7_1787389679058_33nb,DEL-CCU,EaseMyTrip,AI,AI-2877,2026-08-29,T+7,14890,3268,18158,2026-08-22T09:05:17.354Z,FALSE,"",12:45,FALSE
fare_DEL-CCU_IX_2026-08-29_T+7_1787389679058_mkaz,DEL-CCU,EaseMyTrip,IX,IX-1482,2026-08-29,T+7,15060,3306,18366,2026-08-22T09:05:17.354Z,FALSE,"",08:30,FALSE
fare_DEL-CCU_IX_2026-08-29_T+7_1787389679058_uqe9,DEL-CCU,EaseMyTrip,IX,IX-1070,2026-08-29,T+7,15644,3434,19078,2026-08-22T09:05:17.354Z,FALSE,"",18:40,FALSE
fare_DEL-CCU_AI_2026-08-29_T+7_1787389679058_7stt,DEL-CCU,EaseMyTrip,AI,AI-2485,2026-08-29,T+7,16537,3630,20167,2026-08-22T09:05:17.354Z,FALSE,"",12:00,FALSE
fare_DEL-CCU_AI_2026-08-29_T+7_1787389679058_7tpv,DEL-CCU,EaseMyTrip,AI,AI-2819,2026-08-29,T+7,18112,3976,22088,2026-08-22T09:05:17.354Z,FALSE,"",15:00,FALSE
fare_DEL-CCU_AI_2026-08-29_T+7_1787389679058_b8x7,DEL-CCU,EaseMyTrip,AI,AI-2417,2026-08-29,T+7,19953,4380,24333,2026-08-22T09:05:17.354Z,TRUE,"High outlier: ₹24333 > upper fence ₹23661 (Q3: ₹14655, IQR: ₹6004)",13:00,FALSE
fare_MAA-DEL_6E_2026-08-23_T+1_1787389679059_jgbu,MAA-DEL,EaseMyTrip,6E,6E-119,2026-08-23,T+1,9153,2009,11162,2026-08-22T09:05:45.562Z,FALSE,"",16:35,FALSE
fare_MAA-DEL_6E_2026-08-23_T+1_1787389679059_rqbh,MAA-DEL,EaseMyTrip,6E,6E-628,2026-08-23,T+1,9153,2009,11162,2026-08-22T09:05:45.562Z,FALSE,"",16:35,FALSE
fare_MAA-DEL_6E_2026-08-23_T+1_1787389679059_7kgr,MAA-DEL,EaseMyTrip,6E,6E-232,2026-08-23,T+1,9218,2023,11241,2026-08-22T09:05:45.562Z,FALSE,"",18:20,FALSE
fare_MAA-DEL_6E_2026-08-23_T+1_1787389679059_atla,MAA-DEL,EaseMyTrip,6E,6E-771,2026-08-23,T+1,9218,2023,11241,2026-08-22T09:05:45.562Z,FALSE,"",18:20,FALSE
fare_MAA-DEL_6E_2026-08-23_T+1_1787389679059_pea5,MAA-DEL,EaseMyTrip,6E,6E-5371,2026-08-23,T+1,9325,2047,11372,2026-08-22T09:05:45.562Z,FALSE,"",14:45,FALSE
fare_MAA-DEL_6E_2026-08-23_T+1_1787389679059_buro,MAA-DEL,EaseMyTrip,6E,6E-104,2026-08-23,T+1,9325,2047,11372,2026-08-22T09:05:45.562Z,FALSE,"",18:05,FALSE
fare_MAA-DEL_6E_2026-08-23_T+1_1787389679059_obao,MAA-DEL,EaseMyTrip,6E,6E-529,2026-08-23,T+1,9325,2047,11372,2026-08-22T09:05:45.562Z,FALSE,"",18:05,FALSE
fare_MAA-DEL_6E_2026-08-23_T+1_1787389679059_aygg,MAA-DEL,EaseMyTrip,6E,6E-5214,2026-08-23,T+1,9325,2047,11372,2026-08-22T09:05:45.562Z,FALSE,"",11:00,FALSE
fare_MAA-DEL_6E_2026-08-23_T+1_1787389679059_q6gn,MAA-DEL,EaseMyTrip,6E,6E-161,2026-08-23,T+1,9768,2144,11912,2026-08-22T09:05:45.562Z,FALSE,"",06:30,TRUE
fare_MAA-DEL_6E_2026-08-23_T+1_1787389679059_nzwk,MAA-DEL,EaseMyTrip,6E,6E-334,2026-08-23,T+1,9768,2144,11912,2026-08-22T09:05:45.562Z,FALSE,"",06:30,TRUE
fare_MAA-DEL_6E_2026-08-23_T+1_1787389679059_rwt4,MAA-DEL,EaseMyTrip,6E,6E-364,2026-08-23,T+1,9899,2173,12072,2026-08-22T09:05:45.562Z,FALSE,"",18:15,FALSE
fare_MAA-DEL_6E_2026-08-23_T+1_1787389679059_4rd1,MAA-DEL,EaseMyTrip,6E,6E-701,2026-08-23,T+1,9899,2173,12072,2026-08-22T09:05:45.562Z,FALSE,"",18:15,FALSE
fare_MAA-DEL_AI_2026-08-23_T+1_1787389679059_6xm1,MAA-DEL,EaseMyTrip,AI,AI-2886,2026-08-23,T+1,10632,2334,12966,2026-08-22T09:05:45.562Z,FALSE,"",08:05,TRUE
fare_MAA-DEL_6E_2026-08-23_T+1_1787389679059_1cq4,MAA-DEL,EaseMyTrip,6E,6E-432,2026-08-23,T+1,10752,2360,13112,2026-08-22T09:05:45.562Z,FALSE,"",21:50,TRUE
fare_MAA-DEL_6E_2026-08-23_T+1_1787389679059_8u93,MAA-DEL,EaseMyTrip,6E,6E-926,2026-08-23,T+1,10752,2360,13112,2026-08-22T09:05:45.562Z,FALSE,"",21:50,TRUE
fare_MAA-DEL_6E_2026-08-23_T+1_1787389679059_eyuc,MAA-DEL,EaseMyTrip,6E,6E-2369,2026-08-23,T+1,10752,2360,13112,2026-08-22T09:05:45.562Z,FALSE,"",23:45,TRUE
fare_MAA-DEL_6E_2026-08-23_T+1_1787389679059_xzhw,MAA-DEL,EaseMyTrip,6E,6E-592,2026-08-23,T+1,10752,2360,13112,2026-08-22T09:05:45.562Z,FALSE,"",09:15,TRUE
fare_MAA-DEL_6E_2026-08-23_T+1_1787389679059_47ec,MAA-DEL,EaseMyTrip,6E,6E-255,2026-08-23,T+1,10752,2360,13112,2026-08-22T09:05:45.562Z,FALSE,"",09:15,TRUE
fare_MAA-DEL_6E_2026-08-23_T+1_1787389679059_fu3d,MAA-DEL,EaseMyTrip,6E,6E-5258,2026-08-23,T+1,10892,2391,13283,2026-08-22T09:05:45.562Z,FALSE,"",12:45,FALSE
fare_MAA-DEL_AI_2026-08-23_T+1_1787389679059_toln,MAA-DEL,EaseMyTrip,AI,AI-2719,2026-08-23,T+1,11138,2445,13583,2026-08-22T09:05:45.562Z,FALSE,"",08:50,TRUE
fare_MAA-DEL_6E_2026-08-23_T+1_1787389679059_c04e,MAA-DEL,EaseMyTrip,6E,6E-424,2026-08-23,T+1,11623,2551,14174,2026-08-22T09:05:45.562Z,FALSE,"",11:55,FALSE
fare_MAA-DEL_6E_2026-08-23_T+1_1787389679059_00ji,MAA-DEL,EaseMyTrip,6E,6E-906,2026-08-23,T+1,11623,2551,14174,2026-08-22T09:05:45.562Z,FALSE,"",11:55,FALSE
fare_MAA-DEL_AI_2026-08-23_T+1_1787389679059_n8d3,MAA-DEL,EaseMyTrip,AI,AI-2832,2026-08-23,T+1,11888,2609,14497,2026-08-22T09:05:45.562Z,FALSE,"",06:55,TRUE
fare_MAA-DEL_AI_2026-08-23_T+1_1787389679059_8rjo,MAA-DEL,EaseMyTrip,AI,AI-1845,2026-08-23,T+1,11888,2609,14497,2026-08-22T09:05:45.562Z,FALSE,"",23:20,TRUE
fare_MAA-DEL_6E_2026-08-23_T+1_1787389679059_6nhx,MAA-DEL,EaseMyTrip,6E,6E-5367,2026-08-23,T+1,11795,2589,14384,2026-08-22T09:05:45.562Z,FALSE,"",18:15,FALSE
fare_MAA-DEL_6E_2026-08-23_T+1_1787389679059_2bvj,MAA-DEL,EaseMyTrip,6E,6E-632,2026-08-23,T+1,11851,2602,14453,2026-08-22T09:05:45.562Z,FALSE,"",13:00,TRUE
fare_MAA-DEL_6E_2026-08-23_T+1_1787389679059_s09g,MAA-DEL,EaseMyTrip,6E,6E-536,2026-08-23,T+1,11851,2602,14453,2026-08-22T09:05:45.562Z,FALSE,"",13:00,TRUE
fare_MAA-DEL_6E_2026-08-23_T+1_1787389679059_benb,MAA-DEL,EaseMyTrip,6E,6E-6002,2026-08-23,T+1,11851,2602,14453,2026-08-22T09:05:45.562Z,FALSE,"",11:10,TRUE
fare_MAA-DEL_6E_2026-08-23_T+1_1787389679059_clnp,MAA-DEL,EaseMyTrip,6E,6E-399,2026-08-23,T+1,11872,2606,14478,2026-08-22T09:05:45.562Z,FALSE,"",03:10,FALSE
fare_MAA-DEL_6E_2026-08-23_T+1_1787389679059_xvd1,MAA-DEL,EaseMyTrip,6E,6E-451,2026-08-23,T+1,11872,2606,14478,2026-08-22T09:05:45.562Z,FALSE,"",03:10,FALSE
fare_MAA-DEL_AI_2026-08-23_T+1_1787389679059_x7yw,MAA-DEL,EaseMyTrip,AI,AI-2526,2026-08-23,T+1,12202,2679,14881,2026-08-22T09:05:45.562Z,FALSE,"",09:50,TRUE
fare_MAA-DEL_AI_2026-08-23_T+1_1787389679059_g7rg,MAA-DEL,EaseMyTrip,AI,AI-538,2026-08-23,T+1,12411,2724,15135,2026-08-22T09:05:45.562Z,FALSE,"",20:10,TRUE
fare_MAA-DEL_6E_2026-08-23_T+1_1787389679059_g4ve,MAA-DEL,EaseMyTrip,6E,6E-694,2026-08-23,T+1,12613,2769,15382,2026-08-22T09:05:45.562Z,FALSE,"",22:20,FALSE
fare_MAA-DEL_6E_2026-08-23_T+1_1787389679059_4fy0,MAA-DEL,EaseMyTrip,6E,6E-818,2026-08-23,T+1,12613,2769,15382,2026-08-22T09:05:45.562Z,FALSE,"",22:20,FALSE
fare_MAA-DEL_6E_2026-08-23_T+1_1787389679059_zzmz,MAA-DEL,EaseMyTrip,6E,6E-6140,2026-08-23,T+1,12791,2808,15599,2026-08-22T09:05:45.562Z,FALSE,"",02:30,FALSE
fare_MAA-DEL_QP_2026-08-23_T+1_1787389679059_0iht,MAA-DEL,EaseMyTrip,QP,QP-1146,2026-08-23,T+1,13070,2869,15939,2026-08-22T09:05:45.562Z,FALSE,"",13:35,FALSE
fare_MAA-DEL_6E_2026-08-23_T+1_1787389679059_kwtf,MAA-DEL,EaseMyTrip,6E,6E-381,2026-08-23,T+1,13163,2890,16053,2026-08-22T09:05:45.562Z,FALSE,"",05:40,FALSE
fare_MAA-DEL_6E_2026-08-23_T+1_1787389679059_luuy,MAA-DEL,EaseMyTrip,6E,6E-486,2026-08-23,T+1,13163,2890,16053,2026-08-22T09:05:45.562Z,FALSE,"",05:40,FALSE
fare_MAA-DEL_6E_2026-08-23_T+1_1787389679059_alux,MAA-DEL,EaseMyTrip,6E,6E-729,2026-08-23,T+1,13748,3018,16766,2026-08-22T09:05:45.562Z,FALSE,"",19:00,TRUE
fare_MAA-DEL_6E_2026-08-23_T+1_1787389679059_5ha6,MAA-DEL,EaseMyTrip,6E,6E-917,2026-08-23,T+1,13748,3018,16766,2026-08-22T09:05:45.562Z,FALSE,"",19:00,TRUE
fare_MAA-DEL_6E_2026-08-23_T+1_1787389679059_1e6i,MAA-DEL,EaseMyTrip,6E,6E-454,2026-08-23,T+1,13748,3018,16766,2026-08-22T09:05:45.562Z,FALSE,"",14:30,TRUE
fare_MAA-DEL_6E_2026-08-23_T+1_1787389679059_rodq,MAA-DEL,EaseMyTrip,6E,6E-384,2026-08-23,T+1,13748,3018,16766,2026-08-22T09:05:45.562Z,FALSE,"",14:30,TRUE
fare_MAA-DEL_6E_2026-08-23_T+1_1787389679059_j6dg,MAA-DEL,EaseMyTrip,6E,6E-745,2026-08-23,T+1,13769,3022,16791,2026-08-22T09:05:45.562Z,FALSE,"",16:15,FALSE
fare_MAA-DEL_6E_2026-08-23_T+1_1787389679059_vuv2,MAA-DEL,EaseMyTrip,6E,6E-863,2026-08-23,T+1,13769,3022,16791,2026-08-22T09:05:45.562Z,FALSE,"",16:15,FALSE
fare_MAA-DEL_AI_2026-08-23_T+1_1787389679059_9xz4,MAA-DEL,EaseMyTrip,AI,AI-2476,2026-08-23,T+1,13987,3070,17057,2026-08-22T09:05:45.562Z,FALSE,"",14:25,TRUE
fare_MAA-DEL_6E_2026-08-23_T+1_1787389679059_xzfx,MAA-DEL,EaseMyTrip,6E,6E-6348,2026-08-23,T+1,14056,3086,17142,2026-08-22T09:05:45.562Z,FALSE,"",09:00,FALSE
fare_MAA-DEL_AI_2026-08-23_T+1_1787389679059_1c1g,MAA-DEL,EaseMyTrip,AI,AI-2468,2026-08-23,T+1,14364,3153,17517,2026-08-22T09:05:45.562Z,FALSE,"",14:00,TRUE
fare_MAA-DEL_IX_2026-08-23_T+1_1787389679059_avoy,MAA-DEL,EaseMyTrip,IX,IX-1354,2026-08-23,T+1,14712,3229,17941,2026-08-22T09:05:45.562Z,FALSE,"",14:35,FALSE
fare_MAA-DEL_IX_2026-08-23_T+1_1787389679059_wjl9,MAA-DEL,EaseMyTrip,IX,IX-1385,2026-08-23,T+1,15039,3301,18340,2026-08-22T09:05:45.562Z,FALSE,"",08:45,FALSE
fare_MAA-DEL_6E_2026-08-23_T+1_1787389679059_ssm8,MAA-DEL,EaseMyTrip,6E,6E-502,2026-08-23,T+1,15203,3337,18540,2026-08-22T09:05:45.562Z,FALSE,"",17:45,FALSE
fare_MAA-DEL_6E_2026-08-23_T+1_1787389679059_gl3b,MAA-DEL,EaseMyTrip,6E,6E-877,2026-08-23,T+1,15203,3337,18540,2026-08-22T09:05:45.562Z,FALSE,"",17:45,FALSE
fare_MAA-DEL_6E_2026-08-23_T+1_1787389679059_gkfo,MAA-DEL,EaseMyTrip,6E,6E-452,2026-08-23,T+1,15505,3403,18908,2026-08-22T09:05:45.562Z,FALSE,"",07:10,FALSE
fare_MAA-DEL_6E_2026-08-23_T+1_1787389679059_jbt4,MAA-DEL,EaseMyTrip,6E,6E-791,2026-08-23,T+1,15505,3403,18908,2026-08-22T09:05:45.562Z,FALSE,"",07:10,FALSE
fare_MAA-DEL_6E_2026-08-23_T+1_1787389679059_073a,MAA-DEL,EaseMyTrip,6E,6E-778,2026-08-23,T+1,16158,3547,19705,2026-08-22T09:05:45.562Z,FALSE,"",07:10,FALSE
fare_MAA-DEL_6E_2026-08-23_T+1_1787389679059_oqj7,MAA-DEL,EaseMyTrip,6E,6E-820,2026-08-23,T+1,16158,3547,19705,2026-08-22T09:05:45.562Z,FALSE,"",07:10,FALSE
fare_MAA-DEL_AI_2026-08-23_T+1_1787389679059_ey85,MAA-DEL,EaseMyTrip,AI,AI-9763,2026-08-23,T+1,16425,3605,20030,2026-08-22T09:05:45.562Z,FALSE,"",08:45,FALSE
fare_MAA-DEL_AI_2026-08-23_T+1_1787389679059_p9x2,MAA-DEL,EaseMyTrip,AI,AI-9789,2026-08-23,T+1,16495,3621,20116,2026-08-22T09:05:45.562Z,FALSE,"",14:35,FALSE
fare_MAA-DEL_6E_2026-08-23_T+1_1787389679059_idn9,MAA-DEL,EaseMyTrip,6E,6E-6113,2026-08-23,T+1,16393,3598,19991,2026-08-22T09:05:45.562Z,FALSE,"",17:00,FALSE
fare_MAA-DEL_IX_2026-08-23_T+1_1787389679059_16tk,MAA-DEL,EaseMyTrip,IX,IX-2661,2026-08-23,T+1,16934,3717,20651,2026-08-22T09:05:45.562Z,FALSE,"",22:05,FALSE
fare_MAA-DEL_6E_2026-08-23_T+1_1787389679059_yt31,MAA-DEL,EaseMyTrip,6E,6E-322,2026-08-23,T+1,16963,3724,20687,2026-08-22T09:05:45.562Z,FALSE,"",12:30,FALSE
fare_MAA-DEL_6E_2026-08-23_T+1_1787389679059_bshu,MAA-DEL,EaseMyTrip,6E,6E-787,2026-08-23,T+1,16963,3724,20687,2026-08-22T09:05:45.562Z,FALSE,"",12:30,FALSE
fare_MAA-DEL_6E_2026-08-23_T+1_1787389679059_is0m,MAA-DEL,EaseMyTrip,6E,6E-6487,2026-08-23,T+1,16965,3724,20689,2026-08-22T09:05:45.562Z,FALSE,"",21:25,FALSE
fare_MAA-DEL_6E_2026-08-23_T+1_1787389679059_w8uz,MAA-DEL,EaseMyTrip,6E,6E-867,2026-08-23,T+1,16965,3724,20689,2026-08-22T09:05:45.562Z,FALSE,"",20:00,FALSE
fare_MAA-DEL_6E_2026-08-23_T+1_1787389679059_qcca,MAA-DEL,EaseMyTrip,6E,6E-537,2026-08-23,T+1,16965,3724,20689,2026-08-22T09:05:45.562Z,FALSE,"",20:00,FALSE
fare_MAA-DEL_AI_2026-08-23_T+1_1787389679059_8eyi,MAA-DEL,EaseMyTrip,AI,AI-2878,2026-08-23,T+1,17205,3777,20982,2026-08-22T09:05:45.562Z,FALSE,"",16:20,TRUE
fare_MAA-DEL_6E_2026-08-23_T+1_1787389679059_0wrl,MAA-DEL,EaseMyTrip,6E,6E-6815,2026-08-23,T+1,17755,3898,21653,2026-08-22T09:05:45.562Z,FALSE,"",08:55,FALSE
fare_MAA-DEL_AI_2026-08-23_T+1_1787389679059_7fe9,MAA-DEL,EaseMyTrip,AI,AI-2779,2026-08-23,T+1,18195,3994,22189,2026-08-22T09:05:45.562Z,FALSE,"",07:00,FALSE
fare_MAA-DEL_6E_2026-08-23_T+1_1787389679059_s0k4,MAA-DEL,EaseMyTrip,6E,6E-146,2026-08-23,T+1,18177,3990,22167,2026-08-22T09:05:45.562Z,FALSE,"",08:20,FALSE
fare_MAA-DEL_6E_2026-08-23_T+1_1787389679059_tytm,MAA-DEL,EaseMyTrip,6E,6E-974,2026-08-23,T+1,18177,3990,22167,2026-08-22T09:05:45.562Z,FALSE,"",08:20,FALSE
fare_MAA-DEL_6E_2026-08-23_T+1_1787389679059_2i3d,MAA-DEL,EaseMyTrip,6E,6E-6081,2026-08-23,T+1,18493,4060,22553,2026-08-22T09:05:45.562Z,FALSE,"",07:05,FALSE
fare_MAA-DEL_6E_2026-08-23_T+1_1787389679059_kh9d,MAA-DEL,EaseMyTrip,6E,6E-414,2026-08-23,T+1,18639,4092,22731,2026-08-22T09:05:45.562Z,FALSE,"",16:45,TRUE
fare_MAA-DEL_6E_2026-08-23_T+1_1787389679059_3thw,MAA-DEL,EaseMyTrip,6E,6E-344,2026-08-23,T+1,18639,4092,22731,2026-08-22T09:05:45.562Z,FALSE,"",16:45,TRUE
fare_MAA-DEL_6E_2026-08-23_T+1_1787389679059_0pt0,MAA-DEL,EaseMyTrip,6E,6E-458,2026-08-23,T+1,18686,4102,22788,2026-08-22T09:05:45.562Z,FALSE,"",09:05,FALSE
fare_MAA-DEL_6E_2026-08-23_T+1_1787389679059_49jx,MAA-DEL,EaseMyTrip,6E,6E-578,2026-08-23,T+1,18686,4102,22788,2026-08-22T09:05:45.562Z,FALSE,"",09:05,FALSE
fare_MAA-DEL_6E_2026-08-23_T+1_1787389679059_tjvc,MAA-DEL,EaseMyTrip,6E,6E-141,2026-08-23,T+1,18686,4102,22788,2026-08-22T09:05:45.562Z,FALSE,"",09:05,FALSE
fare_MAA-DEL_6E_2026-08-23_T+1_1787389679059_eq6p,MAA-DEL,EaseMyTrip,6E,6E-137,2026-08-23,T+1,18686,4102,22788,2026-08-22T09:05:45.562Z,FALSE,"",09:05,FALSE
fare_MAA-DEL_6E_2026-08-23_T+1_1787389679059_4o8i,MAA-DEL,EaseMyTrip,6E,6E-122,2026-08-23,T+1,18706,4106,22812,2026-08-22T09:05:45.562Z,FALSE,"",19:05,FALSE
fare_MAA-DEL_6E_2026-08-23_T+1_1787389679059_gi0j,MAA-DEL,EaseMyTrip,6E,6E-490,2026-08-23,T+1,18706,4106,22812,2026-08-22T09:05:45.562Z,FALSE,"",19:05,FALSE
fare_MAA-DEL_AI_2026-08-23_T+1_1787389679059_rq7j,MAA-DEL,EaseMyTrip,AI,AI-2822,2026-08-23,T+1,18924,4154,23078,2026-08-22T09:05:45.562Z,FALSE,"",09:35,FALSE
fare_MAA-DEL_AI_2026-08-23_T+1_1787389679059_p7pv,MAA-DEL,EaseMyTrip,AI,AI-436,2026-08-23,T+1,19258,4227,23485,2026-08-22T09:05:45.562Z,FALSE,"",21:05,FALSE
fare_MAA-DEL_AI_2026-08-23_T+1_1787389679059_z1fs,MAA-DEL,EaseMyTrip,AI,AI-9427,2026-08-23,T+1,19555,4293,23848,2026-08-22T09:05:45.562Z,FALSE,"",10:20,FALSE
fare_MAA-DEL_6E_2026-08-23_T+1_1787389679059_65yn,MAA-DEL,EaseMyTrip,6E,6E-6892,2026-08-23,T+1,19422,4263,23685,2026-08-22T09:05:45.562Z,FALSE,"",10:55,FALSE
fare_MAA-DEL_IX_2026-08-23_T+1_1787389679059_fz8w,MAA-DEL,EaseMyTrip,IX,IX-2024,2026-08-23,T+1,19691,4322,24013,2026-08-22T09:05:45.562Z,FALSE,"",10:20,FALSE
fare_MAA-DEL_6E_2026-08-23_T+1_1787389679059_kk4b,MAA-DEL,EaseMyTrip,6E,6E-6209,2026-08-23,T+1,19473,4275,23748,2026-08-22T09:05:45.562Z,FALSE,"",14:35,FALSE
fare_MAA-DEL_6E_2026-08-23_T+1_1787389679059_w8yl,MAA-DEL,EaseMyTrip,6E,6E-320,2026-08-23,T+1,19688,4322,24010,2026-08-22T09:05:45.562Z,FALSE,"",18:20,FALSE
fare_MAA-DEL_6E_2026-08-23_T+1_1787389679059_hg7h,MAA-DEL,EaseMyTrip,6E,6E-811,2026-08-23,T+1,19688,4322,24010,2026-08-22T09:05:45.562Z,FALSE,"",18:20,FALSE
fare_MAA-DEL_AI_2026-08-23_T+1_1787389679059_vg4t,MAA-DEL,EaseMyTrip,AI,AI-9552,2026-08-23,T+1,20001,4390,24391,2026-08-22T09:05:45.562Z,FALSE,"",22:05,FALSE
fare_MAA-DEL_6E_2026-08-23_T+1_1787389679059_s6ac,MAA-DEL,EaseMyTrip,6E,6E-6925,2026-08-23,T+1,20789,4564,25353,2026-08-22T09:05:45.562Z,FALSE,"",12:00,FALSE
fare_MAA-DEL_6E_2026-08-23_T+1_1787389679059_15xh,MAA-DEL,EaseMyTrip,6E,6E-292,2026-08-23,T+1,21011,4612,25623,2026-08-22T09:05:45.562Z,FALSE,"",11:25,FALSE
fare_MAA-DEL_6E_2026-08-23_T+1_1787389679059_o568,MAA-DEL,EaseMyTrip,6E,6E-614,2026-08-23,T+1,21881,4803,26684,2026-08-22T09:05:45.562Z,FALSE,"",17:50,FALSE
fare_MAA-DEL_6E_2026-08-23_T+1_1787389679059_5ruk,MAA-DEL,EaseMyTrip,6E,6E-128,2026-08-23,T+1,21881,4803,26684,2026-08-22T09:05:45.562Z,FALSE,"",17:50,FALSE
fare_MAA-DEL_AI_2026-08-23_T+1_1787389679059_9987,MAA-DEL,EaseMyTrip,AI,AI-9785,2026-08-23,T+1,22639,4970,27609,2026-08-22T09:05:45.562Z,FALSE,"",09:40,FALSE
fare_MAA-DEL_AI_2026-08-23_T+1_1787389679059_j77s,MAA-DEL,EaseMyTrip,AI,AI-2740,2026-08-23,T+1,22681,4979,27660,2026-08-22T09:05:45.562Z,FALSE,"",16:00,FALSE
fare_MAA-DEL_6E_2026-08-23_T+1_1787389679059_ee0w,MAA-DEL,EaseMyTrip,6E,6E-303,2026-08-23,T+1,22991,5047,28038,2026-08-22T09:05:45.562Z,FALSE,"",11:10,FALSE
fare_MAA-DEL_6E_2026-08-23_T+1_1787389679059_470k,MAA-DEL,EaseMyTrip,6E,6E-660,2026-08-23,T+1,22991,5047,28038,2026-08-22T09:05:45.562Z,FALSE,"",11:10,FALSE
fare_MAA-DEL_6E_2026-08-23_T+1_1787389679059_rhks,MAA-DEL,EaseMyTrip,6E,6E-6158,2026-08-23,T+1,23255,5105,28360,2026-08-22T09:05:45.562Z,FALSE,"",16:10,FALSE
fare_MAA-DEL_AI_2026-08-23_T+1_1787389679059_uwwt,MAA-DEL,EaseMyTrip,AI,AI-9971,2026-08-23,T+1,24023,5273,29296,2026-08-22T09:05:45.562Z,FALSE,"",16:30,FALSE
fare_MAA-DEL_IX_2026-08-23_T+1_1787389679059_pyod,MAA-DEL,EaseMyTrip,IX,IX-2662,2026-08-23,T+1,24143,5300,29443,2026-08-22T09:05:45.562Z,FALSE,"",21:25,FALSE
fare_MAA-DEL_IX_2026-08-23_T+1_1787389679059_w6l7,MAA-DEL,EaseMyTrip,IX,IX-2507,2026-08-23,T+1,25356,5566,30922,2026-08-22T09:05:45.562Z,FALSE,"",16:30,FALSE
fare_MAA-DEL_AI_2026-08-23_T+1_1787389679059_gqww,MAA-DEL,EaseMyTrip,AI,AI-9479,2026-08-23,T+1,25412,5578,30990,2026-08-22T09:05:45.562Z,FALSE,"",21:25,FALSE
fare_MAA-DEL_6E_2026-08-23_T+1_1787389679059_7sjf,MAA-DEL,EaseMyTrip,6E,6E-511,2026-08-23,T+1,29635,6505,36140,2026-08-22T09:05:45.562Z,TRUE,"High outlier: ₹36140 > upper fence ₹35331 (Q3: ₹22812, IQR: ₹8346)",08:10,FALSE
fare_MAA-DEL_6E_2026-08-23_T+1_1787389679059_ls25,MAA-DEL,EaseMyTrip,6E,6E-400,2026-08-23,T+1,29635,6505,36140,2026-08-22T09:05:45.562Z,TRUE,"High outlier: ₹36140 > upper fence ₹35331 (Q3: ₹22812, IQR: ₹8346)",08:10,FALSE
fare_MAA-DEL_AI_2026-08-23_T+1_1787389679059_12t4,MAA-DEL,EaseMyTrip,AI,AI-640,2026-08-23,T+1,34079,7481,41560,2026-08-22T09:05:45.562Z,TRUE,"High outlier: ₹41560 > upper fence ₹35331 (Q3: ₹22812, IQR: ₹8346)",18:00,FALSE
fare_MAA-DEL_IX_2026-08-29_T+7_1787389679059_v69w,MAA-DEL,EaseMyTrip,IX,IX-1256,2026-08-29,T+7,6674,1465,8139,2026-08-22T09:05:51.138Z,FALSE,"",09:40,FALSE
fare_MAA-DEL_6E_2026-08-29_T+7_1787389679059_79vx,MAA-DEL,EaseMyTrip,6E,6E-404,2026-08-29,T+7,7022,1542,8564,2026-08-22T09:05:51.138Z,FALSE,"",08:10,FALSE
fare_MAA-DEL_6E_2026-08-29_T+7_1787389679059_0w3w,MAA-DEL,EaseMyTrip,6E,6E-850,2026-08-29,T+7,7022,1542,8564,2026-08-22T09:05:51.138Z,FALSE,"",08:10,FALSE
fare_MAA-DEL_6E_2026-08-29_T+7_1787389679059_vx9t,MAA-DEL,EaseMyTrip,6E,6E-6081,2026-08-29,T+7,7086,1556,8642,2026-08-22T09:05:51.138Z,FALSE,"",07:05,FALSE
fare_MAA-DEL_IX_2026-08-29_T+7_1787389679059_k1h7,MAA-DEL,EaseMyTrip,IX,IX-2507,2026-08-29,T+7,7831,1719,9550,2026-08-22T09:05:51.138Z,FALSE,"",16:30,FALSE
fare_MAA-DEL_IX_2026-08-29_T+7_1787389679059_hjd9,MAA-DEL,EaseMyTrip,IX,IX-2661,2026-08-29,T+7,7831,1719,9550,2026-08-22T09:05:51.138Z,FALSE,"",22:05,FALSE
fare_MAA-DEL_IX_2026-08-29_T+7_1787389679059_yvtd,MAA-DEL,EaseMyTrip,IX,IX-2024,2026-08-29,T+7,7831,1719,9550,2026-08-22T09:05:51.138Z,FALSE,"",10:20,FALSE
fare_MAA-DEL_6E_2026-08-29_T+7_1787389679059_ltg2,MAA-DEL,EaseMyTrip,6E,6E-6797,2026-08-29,T+7,8038,1764,9802,2026-08-22T09:05:51.138Z,FALSE,"",13:10,FALSE
fare_MAA-DEL_6E_2026-08-29_T+7_1787389679059_p2ol,MAA-DEL,EaseMyTrip,6E,6E-992,2026-08-29,T+7,8101,1778,9879,2026-08-22T09:05:51.138Z,FALSE,"",19:00,TRUE
fare_MAA-DEL_6E_2026-08-29_T+7_1787389679059_xtv6,MAA-DEL,EaseMyTrip,6E,6E-306,2026-08-29,T+7,8101,1778,9879,2026-08-22T09:05:51.138Z,FALSE,"",19:00,TRUE
fare_MAA-DEL_6E_2026-08-29_T+7_1787389679059_en06,MAA-DEL,EaseMyTrip,6E,6E-2369,2026-08-29,T+7,8101,1778,9879,2026-08-22T09:05:51.138Z,FALSE,"",23:45,TRUE
fare_MAA-DEL_6E_2026-08-29_T+7_1787389679059_kl3g,MAA-DEL,EaseMyTrip,6E,6E-724,2026-08-29,T+7,8101,1778,9879,2026-08-22T09:05:51.138Z,FALSE,"",13:00,TRUE
fare_MAA-DEL_6E_2026-08-29_T+7_1787389679059_xqcr,MAA-DEL,EaseMyTrip,6E,6E-699,2026-08-29,T+7,8101,1778,9879,2026-08-22T09:05:51.138Z,FALSE,"",13:00,TRUE
fare_MAA-DEL_6E_2026-08-29_T+7_1787389679059_vup5,MAA-DEL,EaseMyTrip,6E,6E-357,2026-08-29,T+7,8101,1778,9879,2026-08-22T09:05:51.138Z,FALSE,"",14:30,TRUE
fare_MAA-DEL_6E_2026-08-29_T+7_1787389679059_hxcw,MAA-DEL,EaseMyTrip,6E,6E-417,2026-08-29,T+7,8101,1778,9879,2026-08-22T09:05:51.138Z,FALSE,"",14:30,TRUE
fare_MAA-DEL_6E_2026-08-29_T+7_1787389679059_4qqn,MAA-DEL,EaseMyTrip,6E,6E-2578,2026-08-29,T+7,8133,1785,9918,2026-08-22T09:05:51.138Z,FALSE,"",10:25,TRUE
fare_MAA-DEL_6E_2026-08-29_T+7_1787389679059_wn9l,MAA-DEL,EaseMyTrip,6E,6E-6487,2026-08-29,T+7,8210,1802,10012,2026-08-22T09:05:51.138Z,FALSE,"",21:25,FALSE
fare_MAA-DEL_6E_2026-08-29_T+7_1787389679059_b3fc,MAA-DEL,EaseMyTrip,6E,6E-461,2026-08-29,T+7,8210,1802,10012,2026-08-22T09:05:51.138Z,FALSE,"",03:55,FALSE
fare_MAA-DEL_6E_2026-08-29_T+7_1787389679059_qlda,MAA-DEL,EaseMyTrip,6E,6E-553,2026-08-29,T+7,8210,1802,10012,2026-08-22T09:05:51.138Z,FALSE,"",03:55,FALSE
fare_MAA-DEL_6E_2026-08-29_T+7_1787389679059_7glu,MAA-DEL,EaseMyTrip,6E,6E-142,2026-08-29,T+7,8210,1802,10012,2026-08-22T09:05:51.138Z,FALSE,"",22:20,FALSE
fare_MAA-DEL_6E_2026-08-29_T+7_1787389679059_7utp,MAA-DEL,EaseMyTrip,6E,6E-256,2026-08-29,T+7,8210,1802,10012,2026-08-22T09:05:51.138Z,FALSE,"",22:20,FALSE
fare_MAA-DEL_6E_2026-08-29_T+7_1787389679059_oidn,MAA-DEL,EaseMyTrip,6E,6E-701,2026-08-29,T+7,8210,1802,10012,2026-08-22T09:05:51.138Z,FALSE,"",03:10,FALSE
fare_MAA-DEL_6E_2026-08-29_T+7_1787389679059_zngt,MAA-DEL,EaseMyTrip,6E,6E-276,2026-08-29,T+7,8210,1802,10012,2026-08-22T09:05:51.138Z,FALSE,"",03:10,FALSE
fare_MAA-DEL_6E_2026-08-29_T+7_1787389679059_s5d9,MAA-DEL,EaseMyTrip,6E,6E-6815,2026-08-29,T+7,8275,1816,10091,2026-08-22T09:05:51.138Z,FALSE,"",08:55,FALSE
fare_MAA-DEL_6E_2026-08-29_T+7_1787389679059_dipj,MAA-DEL,EaseMyTrip,6E,6E-6892,2026-08-29,T+7,8275,1816,10091,2026-08-22T09:05:51.138Z,FALSE,"",10:55,FALSE
fare_MAA-DEL_6E_2026-08-29_T+7_1787389679059_bw2f,MAA-DEL,EaseMyTrip,6E,6E-195,2026-08-29,T+7,8275,1816,10091,2026-08-22T09:05:51.138Z,FALSE,"",16:15,FALSE
fare_MAA-DEL_6E_2026-08-29_T+7_1787389679059_dmas,MAA-DEL,EaseMyTrip,6E,6E-334,2026-08-29,T+7,8275,1816,10091,2026-08-22T09:05:51.138Z,FALSE,"",16:15,FALSE
fare_MAA-DEL_AI_2026-08-29_T+7_1787389679059_gcx1,MAA-DEL,EaseMyTrip,AI,AI-538,2026-08-29,T+7,8487,1863,10350,2026-08-22T09:05:51.138Z,FALSE,"",20:10,TRUE
fare_MAA-DEL_AI_2026-08-29_T+7_1787389679059_tbwa,MAA-DEL,EaseMyTrip,AI,AI-1845,2026-08-29,T+7,8487,1863,10350,2026-08-22T09:05:51.138Z,FALSE,"",23:20,TRUE
fare_MAA-DEL_6E_2026-08-29_T+7_1787389679059_nu9b,MAA-DEL,EaseMyTrip,6E,6E-457,2026-08-29,T+7,8344,1831,10175,2026-08-22T09:05:51.138Z,FALSE,"",20:00,FALSE
fare_MAA-DEL_6E_2026-08-29_T+7_1787389679059_d86k,MAA-DEL,EaseMyTrip,6E,6E-978,2026-08-29,T+7,8344,1831,10175,2026-08-22T09:05:51.138Z,FALSE,"",20:00,FALSE
fare_MAA-DEL_6E_2026-08-29_T+7_1787389679059_0pe6,MAA-DEL,EaseMyTrip,6E,6E-6140,2026-08-29,T+7,8382,1840,10222,2026-08-22T09:05:51.138Z,FALSE,"",02:30,FALSE
fare_MAA-DEL_6E_2026-08-29_T+7_1787389679059_48qa,MAA-DEL,EaseMyTrip,6E,6E-5371,2026-08-29,T+7,8382,1840,10222,2026-08-22T09:05:51.138Z,FALSE,"",14:45,FALSE
fare_MAA-DEL_6E_2026-08-29_T+7_1787389679059_zdex,MAA-DEL,EaseMyTrip,6E,6E-5367,2026-08-29,T+7,8382,1840,10222,2026-08-22T09:05:51.138Z,FALSE,"",18:15,FALSE
fare_MAA-DEL_6E_2026-08-29_T+7_1787389679059_v62z,MAA-DEL,EaseMyTrip,6E,6E-5214,2026-08-29,T+7,8382,1840,10222,2026-08-22T09:05:51.138Z,FALSE,"",11:00,FALSE
fare_MAA-DEL_6E_2026-08-29_T+7_1787389679059_w3p6,MAA-DEL,EaseMyTrip,6E,6E-935,2026-08-29,T+7,8483,1862,10345,2026-08-22T09:05:51.138Z,FALSE,"",16:45,TRUE
fare_MAA-DEL_6E_2026-08-29_T+7_1787389679059_wf4r,MAA-DEL,EaseMyTrip,6E,6E-987,2026-08-29,T+7,8483,1862,10345,2026-08-22T09:05:51.138Z,FALSE,"",16:45,TRUE
fare_MAA-DEL_6E_2026-08-29_T+7_1787389679059_ecdy,MAA-DEL,EaseMyTrip,6E,6E-6002,2026-08-29,T+7,8483,1862,10345,2026-08-22T09:05:51.138Z,FALSE,"",11:10,TRUE
fare_MAA-DEL_6E_2026-08-29_T+7_1787389679059_0gq7,MAA-DEL,EaseMyTrip,6E,6E-519,2026-08-29,T+7,8483,1862,10345,2026-08-22T09:05:51.138Z,FALSE,"",09:15,TRUE
fare_MAA-DEL_6E_2026-08-29_T+7_1787389679059_5l1g,MAA-DEL,EaseMyTrip,6E,6E-570,2026-08-29,T+7,8483,1862,10345,2026-08-22T09:05:51.138Z,FALSE,"",09:15,TRUE
fare_MAA-DEL_AI_2026-08-29_T+7_1787389679059_6r4p,MAA-DEL,EaseMyTrip,AI,AI-2878,2026-08-29,T+7,8647,1898,10545,2026-08-22T09:05:51.138Z,FALSE,"",16:20,TRUE
fare_MAA-DEL_IX_2026-08-29_T+7_1787389679059_h8jz,MAA-DEL,EaseMyTrip,IX,IX-1354,2026-08-29,T+7,8807,1933,10740,2026-08-22T09:05:51.138Z,FALSE,"",14:35,FALSE
fare_MAA-DEL_IX_2026-08-29_T+7_1787389679059_ptyl,MAA-DEL,EaseMyTrip,IX,IX-1385,2026-08-29,T+7,8807,1933,10740,2026-08-22T09:05:51.138Z,FALSE,"",08:45,FALSE
fare_MAA-DEL_6E_2026-08-29_T+7_1787389679059_52yq,MAA-DEL,EaseMyTrip,6E,6E-312,2026-08-29,T+7,8888,1951,10839,2026-08-22T09:05:51.138Z,FALSE,"",06:30,TRUE
fare_MAA-DEL_6E_2026-08-29_T+7_1787389679059_lvw2,MAA-DEL,EaseMyTrip,6E,6E-715,2026-08-29,T+7,8888,1951,10839,2026-08-22T09:05:51.138Z,FALSE,"",06:30,TRUE
fare_MAA-DEL_AI_2026-08-29_T+7_1787389679059_ilm2,MAA-DEL,EaseMyTrip,AI,AI-2468,2026-08-29,T+7,9274,2036,11310,2026-08-22T09:05:51.138Z,FALSE,"",14:00,TRUE
fare_MAA-DEL_IX_2026-08-29_T+7_1787389679059_ljj3,MAA-DEL,EaseMyTrip,IX,IX-2662,2026-08-29,T+7,9634,2115,11749,2026-08-22T09:05:51.138Z,FALSE,"",21:25,FALSE
fare_MAA-DEL_AI_2026-08-29_T+7_1787389679059_3jbo,MAA-DEL,EaseMyTrip,AI,AI-2832,2026-08-29,T+7,9701,2130,11831,2026-08-22T09:05:51.138Z,FALSE,"",06:55,TRUE
fare_MAA-DEL_AI_2026-08-29_T+7_1787389679059_i8tf,MAA-DEL,EaseMyTrip,AI,AI-2886,2026-08-29,T+7,9701,2130,11831,2026-08-22T09:05:51.138Z,FALSE,"",08:05,TRUE
fare_MAA-DEL_6E_2026-08-29_T+7_1787389679059_mlci,MAA-DEL,EaseMyTrip,6E,6E-538,2026-08-29,T+7,9581,2103,11684,2026-08-22T09:05:51.138Z,FALSE,"",11:55,FALSE
fare_MAA-DEL_6E_2026-08-29_T+7_1787389679059_g1as,MAA-DEL,EaseMyTrip,6E,6E-873,2026-08-29,T+7,9581,2103,11684,2026-08-22T09:05:51.138Z,FALSE,"",11:55,FALSE
fare_MAA-DEL_6E_2026-08-29_T+7_1787389679059_415e,MAA-DEL,EaseMyTrip,6E,6E-733,2026-08-29,T+7,9581,2103,11684,2026-08-22T09:05:51.138Z,FALSE,"",04:50,FALSE
fare_MAA-DEL_6E_2026-08-29_T+7_1787389679059_iey1,MAA-DEL,EaseMyTrip,6E,6E-580,2026-08-29,T+7,9581,2103,11684,2026-08-22T09:05:51.138Z,FALSE,"",04:50,FALSE
fare_MAA-DEL_6E_2026-08-29_T+7_1787389679059_p146,MAA-DEL,EaseMyTrip,6E,6E-6209,2026-08-29,T+7,9646,2117,11763,2026-08-22T09:05:51.138Z,FALSE,"",14:35,FALSE
fare_MAA-DEL_6E_2026-08-29_T+7_1787389679059_l4in,MAA-DEL,EaseMyTrip,6E,6E-301,2026-08-29,T+7,9646,2117,11763,2026-08-22T09:05:51.138Z,FALSE,"",17:45,FALSE
fare_MAA-DEL_6E_2026-08-29_T+7_1787389679059_6smr,MAA-DEL,EaseMyTrip,6E,6E-909,2026-08-29,T+7,9646,2117,11763,2026-08-22T09:05:51.138Z,FALSE,"",17:45,FALSE
fare_MAA-DEL_6E_2026-08-29_T+7_1787389679059_bkfm,MAA-DEL,EaseMyTrip,6E,6E-106,2026-08-29,T+7,9646,2117,11763,2026-08-22T09:05:51.138Z,FALSE,"",18:20,FALSE
fare_MAA-DEL_6E_2026-08-29_T+7_1787389679059_9scp,MAA-DEL,EaseMyTrip,6E,6E-270,2026-08-29,T+7,9646,2117,11763,2026-08-22T09:05:51.138Z,FALSE,"",18:20,FALSE
fare_MAA-DEL_6E_2026-08-29_T+7_1787389679059_el0s,MAA-DEL,EaseMyTrip,6E,6E-360,2026-08-29,T+7,9715,2133,11848,2026-08-22T09:05:51.138Z,FALSE,"",08:20,FALSE
fare_MAA-DEL_6E_2026-08-29_T+7_1787389679059_es48,MAA-DEL,EaseMyTrip,6E,6E-771,2026-08-29,T+7,9715,2133,11848,2026-08-22T09:05:51.138Z,FALSE,"",08:20,FALSE
fare_MAA-DEL_6E_2026-08-29_T+7_1787389679059_iiz6,MAA-DEL,EaseMyTrip,6E,6E-6348,2026-08-29,T+7,9753,2141,11894,2026-08-22T09:05:51.138Z,FALSE,"",09:00,FALSE
fare_MAA-DEL_6E_2026-08-29_T+7_1787389679059_kts4,MAA-DEL,EaseMyTrip,6E,6E-5258,2026-08-29,T+7,9753,2141,11894,2026-08-22T09:05:51.138Z,FALSE,"",12:45,FALSE
fare_MAA-DEL_6E_2026-08-29_T+7_1787389679059_7ywr,MAA-DEL,EaseMyTrip,6E,6E-5093,2026-08-29,T+7,9753,2141,11894,2026-08-22T09:05:51.138Z,FALSE,"",05:00,FALSE
fare_MAA-DEL_AI_2026-08-29_T+7_1787389679059_ospz,MAA-DEL,EaseMyTrip,AI,AI-2719,2026-08-29,T+7,10154,2229,12383,2026-08-22T09:05:51.138Z,FALSE,"",08:50,TRUE
fare_MAA-DEL_AI_2026-08-29_T+7_1787389679059_v2ak,MAA-DEL,EaseMyTrip,AI,AI-9479,2026-08-29,T+7,10266,2254,12520,2026-08-22T09:05:51.138Z,FALSE,"",21:25,FALSE
fare_MAA-DEL_AI_2026-08-29_T+7_1787389679059_12so,MAA-DEL,EaseMyTrip,AI,AI-9971,2026-08-29,T+7,10266,2254,12520,2026-08-22T09:05:51.138Z,FALSE,"",16:30,FALSE
fare_MAA-DEL_AI_2026-08-29_T+7_1787389679059_ef79,MAA-DEL,EaseMyTrip,AI,AI-9427,2026-08-29,T+7,10266,2254,12520,2026-08-22T09:05:51.138Z,FALSE,"",10:20,FALSE
fare_MAA-DEL_6E_2026-08-29_T+7_1787389679059_ubim,MAA-DEL,EaseMyTrip,6E,6E-7084,2026-08-29,T+7,10262,2253,12515,2026-08-22T09:05:51.138Z,FALSE,"",07:35,FALSE
fare_MAA-DEL_6E_2026-08-29_T+7_1787389679059_sm17,MAA-DEL,EaseMyTrip,6E,6E-367,2026-08-29,T+7,10370,2276,12646,2026-08-22T09:05:51.138Z,FALSE,"",17:50,FALSE
fare_MAA-DEL_6E_2026-08-29_T+7_1787389679059_9r0p,MAA-DEL,EaseMyTrip,6E,6E-603,2026-08-29,T+7,10370,2276,12646,2026-08-22T09:05:51.138Z,FALSE,"",17:50,FALSE
fare_MAA-DEL_AI_2026-08-29_T+7_1787389679059_llve,MAA-DEL,EaseMyTrip,AI,AI-9552,2026-08-29,T+7,10679,2344,13023,2026-08-22T09:05:51.138Z,FALSE,"",22:05,FALSE
fare_MAA-DEL_6E_2026-08-29_T+7_1787389679059_1enz,MAA-DEL,EaseMyTrip,6E,6E-484,2026-08-29,T+7,10936,2401,13337,2026-08-22T09:05:51.138Z,FALSE,"",18:20,FALSE
fare_MAA-DEL_6E_2026-08-29_T+7_1787389679059_dksy,MAA-DEL,EaseMyTrip,6E,6E-563,2026-08-29,T+7,10936,2401,13337,2026-08-22T09:05:51.138Z,FALSE,"",18:20,FALSE
fare_MAA-DEL_6E_2026-08-29_T+7_1787389679059_u36z,MAA-DEL,EaseMyTrip,6E,6E-6113,2026-08-29,T+7,11033,2422,13455,2026-08-22T09:05:51.138Z,FALSE,"",17:00,FALSE
fare_MAA-DEL_AI_2026-08-29_T+7_1787389679059_6hy7,MAA-DEL,EaseMyTrip,AI,AI-9763,2026-08-29,T+7,11240,2467,13707,2026-08-22T09:05:51.138Z,FALSE,"",08:45,FALSE
fare_MAA-DEL_6E_2026-08-29_T+7_1787389679059_s2pt,MAA-DEL,EaseMyTrip,6E,6E-938,2026-08-29,T+7,11100,2436,13536,2026-08-22T09:05:51.138Z,FALSE,"",08:10,FALSE
fare_MAA-DEL_6E_2026-08-29_T+7_1787389679059_ewr4,MAA-DEL,EaseMyTrip,6E,6E-966,2026-08-29,T+7,11100,2436,13536,2026-08-22T09:05:51.138Z,FALSE,"",08:10,FALSE
fare_MAA-DEL_AI_2026-08-29_T+7_1787389679059_hc01,MAA-DEL,EaseMyTrip,AI,AI-9483,2026-08-29,T+7,11464,2517,13981,2026-08-22T09:05:51.138Z,FALSE,"",07:05,FALSE
fare_MAA-DEL_AI_2026-08-29_T+7_1787389679059_fxia,MAA-DEL,EaseMyTrip,AI,AI-9785,2026-08-29,T+7,11688,2566,14254,2026-08-22T09:05:51.138Z,FALSE,"",09:40,FALSE
fare_MAA-DEL_AI_2026-08-29_T+7_1787389679059_1s5f,MAA-DEL,EaseMyTrip,AI,AI-2822,2026-08-29,T+7,11896,2611,14507,2026-08-22T09:05:51.138Z,FALSE,"",09:35,FALSE
fare_MAA-DEL_6E_2026-08-29_T+7_1787389679059_m7qa,MAA-DEL,EaseMyTrip,6E,6E-997,2026-08-29,T+7,12193,2676,14869,2026-08-22T09:05:51.138Z,FALSE,"",11:25,FALSE
fare_MAA-DEL_6E_2026-08-29_T+7_1787389679059_2jcn,MAA-DEL,EaseMyTrip,6E,6E-760,2026-08-29,T+7,12330,2706,15036,2026-08-22T09:05:51.138Z,FALSE,"",07:10,FALSE
fare_MAA-DEL_6E_2026-08-29_T+7_1787389679059_9z1q,MAA-DEL,EaseMyTrip,6E,6E-123,2026-08-29,T+7,12330,2706,15036,2026-08-22T09:05:51.138Z,FALSE,"",07:10,FALSE
fare_MAA-DEL_AI_2026-08-29_T+7_1787389679059_qjnn,MAA-DEL,EaseMyTrip,AI,AI-640,2026-08-29,T+7,13068,2868,15936,2026-08-22T09:05:51.138Z,FALSE,"",18:00,FALSE
fare_MAA-DEL_AI_2026-08-29_T+7_1787389679059_ip85,MAA-DEL,EaseMyTrip,AI,AI-2779,2026-08-29,T+7,13068,2868,15936,2026-08-22T09:05:51.138Z,FALSE,"",07:00,FALSE
fare_MAA-DEL_AI_2026-08-29_T+7_1787389679059_0on1,MAA-DEL,EaseMyTrip,AI,AI-2740,2026-08-29,T+7,13068,2868,15936,2026-08-22T09:05:51.138Z,FALSE,"",16:00,FALSE
fare_MAA-DEL_6E_2026-08-29_T+7_1787389679059_3mrw,MAA-DEL,EaseMyTrip,6E,6E-6158,2026-08-29,T+7,12917,2836,15753,2026-08-22T09:05:51.138Z,FALSE,"",16:10,FALSE
fare_MAA-DEL_6E_2026-08-29_T+7_1787389679059_rcim,MAA-DEL,EaseMyTrip,6E,6E-848,2026-08-29,T+7,12917,2836,15753,2026-08-22T09:05:51.138Z,FALSE,"",09:05,FALSE
fare_MAA-DEL_6E_2026-08-29_T+7_1787389679059_iafx,MAA-DEL,EaseMyTrip,6E,6E-714,2026-08-29,T+7,12917,2836,15753,2026-08-22T09:05:51.138Z,FALSE,"",09:05,FALSE
fare_MAA-DEL_6E_2026-08-29_T+7_1787389679059_0bzy,MAA-DEL,EaseMyTrip,6E,6E-822,2026-08-29,T+7,13414,2944,16358,2026-08-22T09:05:51.138Z,FALSE,"",09:05,FALSE
fare_MAA-DEL_6E_2026-08-29_T+7_1787389679059_q6sj,MAA-DEL,EaseMyTrip,6E,6E-902,2026-08-29,T+7,13414,2944,16358,2026-08-22T09:05:51.138Z,FALSE,"",09:05,FALSE
fare_MAA-DEL_6E_2026-08-29_T+7_1787389679059_7b0d,MAA-DEL,EaseMyTrip,6E,6E-959,2026-08-29,T+7,14693,3225,17918,2026-08-22T09:05:51.138Z,TRUE,"High outlier: ₹17918 > upper fence ₹17186 (Q3: ₹12929, IQR: ₹2838)",17:45,FALSE
fare_MAA-DEL_6E_2026-08-29_T+7_1787389679059_qesa,MAA-DEL,EaseMyTrip,6E,6E-438,2026-08-29,T+7,14693,3225,17918,2026-08-22T09:05:51.138Z,TRUE,"High outlier: ₹17918 > upper fence ₹17186 (Q3: ₹12929, IQR: ₹2838)",17:45,FALSE
fare_MAA-DEL_6E_2026-08-29_T+7_1787389679059_fzat,MAA-DEL,EaseMyTrip,6E,6E-6925,2026-08-29,T+7,14982,3289,18271,2026-08-22T09:05:51.138Z,TRUE,"High outlier: ₹18271 > upper fence ₹17186 (Q3: ₹12929, IQR: ₹2838)",12:00,FALSE