id,route_id,source,carrier,flight_number,flight_date,booking_window,base_fare,taxes,total_fare,scraped_at,is_outlier,outlier_reason,departure_time,is_nonstop
fare_BOM-DEL_6E_2026-09-19_T+15_1788556695997_ody7,BOM-DEL,EaseMyTrip,6E,6E-5095,2026-09-19,T+15,5014,1101,6115,2026-09-04T20:57:05.965Z,FALSE,"",09:20,TRUE
fare_BOM-DEL_IX_2026-09-19_T+15_1788556695997_otau,BOM-DEL,EaseMyTrip,IX,IX-2153,2026-09-19,T+15,5380,1181,6561,2026-09-04T20:57:05.965Z,FALSE,"",20:25,TRUE
fare_BOM-DEL_IX_2026-09-19_T+15_1788556695997_tgag,BOM-DEL,EaseMyTrip,IX,IX-1671,2026-09-19,T+15,5510,1210,6720,2026-09-04T20:57:05.965Z,FALSE,"",16:45,TRUE
fare_BOM-DEL_QP_2026-09-19_T+15_1788556695997_rdui,BOM-DEL,EaseMyTrip,QP,QP-1111,2026-09-19,T+15,5381,1181,6562,2026-09-04T20:57:05.965Z,FALSE,"",05:25,TRUE
fare_BOM-DEL_QP_2026-09-19_T+15_1788556695997_6vid,BOM-DEL,EaseMyTrip,QP,QP-1127,2026-09-19,T+15,5381,1181,6562,2026-09-04T20:57:05.965Z,FALSE,"",13:00,TRUE
fare_BOM-DEL_QP_2026-09-19_T+15_1788556695997_bm66,BOM-DEL,EaseMyTrip,QP,QP-1819,2026-09-19,T+15,5381,1181,6562,2026-09-04T20:57:05.965Z,FALSE,"",14:30,TRUE
fare_BOM-DEL_QP_2026-09-19_T+15_1788556695997_damy,BOM-DEL,EaseMyTrip,QP,QP-1825,2026-09-19,T+15,5381,1181,6562,2026-09-04T20:57:05.965Z,FALSE,"",16:50,TRUE
fare_BOM-DEL_QP_2026-09-19_T+15_1788556695997_e17d,BOM-DEL,EaseMyTrip,QP,QP-1835,2026-09-19,T+15,5381,1181,6562,2026-09-04T20:57:05.965Z,FALSE,"",11:50,TRUE
fare_BOM-DEL_6E_2026-09-19_T+15_1788556695997_ltwd,BOM-DEL,EaseMyTrip,6E,6E-6613,2026-09-19,T+15,5381,1181,6562,2026-09-04T20:57:05.965Z,FALSE,"",18:15,TRUE
fare_BOM-DEL_6E_2026-09-19_T+15_1788556695997_im4c,BOM-DEL,EaseMyTrip,6E,6E-593,2026-09-19,T+15,5381,1181,6562,2026-09-04T20:57:05.965Z,FALSE,"",17:20,TRUE
fare_BOM-DEL_6E_2026-09-19_T+15_1788556695997_jele,BOM-DEL,EaseMyTrip,6E,6E-552,2026-09-19,T+15,5381,1181,6562,2026-09-04T20:57:05.965Z,FALSE,"",17:20,TRUE
fare_BOM-DEL_6E_2026-09-19_T+15_1788556695997_sryg,BOM-DEL,EaseMyTrip,6E,6E-405,2026-09-19,T+15,5381,1181,6562,2026-09-04T20:57:05.965Z,FALSE,"",16:00,TRUE
fare_BOM-DEL_6E_2026-09-19_T+15_1788556695997_gygk,BOM-DEL,EaseMyTrip,6E,6E-492,2026-09-19,T+15,5381,1181,6562,2026-09-04T20:57:05.965Z,FALSE,"",16:00,TRUE
fare_BOM-DEL_6E_2026-09-19_T+15_1788556695997_lyff,BOM-DEL,EaseMyTrip,6E,6E-962,2026-09-19,T+15,5381,1181,6562,2026-09-04T20:57:05.965Z,FALSE,"",15:00,TRUE
fare_BOM-DEL_6E_2026-09-19_T+15_1788556695997_ihto,BOM-DEL,EaseMyTrip,6E,6E-155,2026-09-19,T+15,5381,1181,6562,2026-09-04T20:57:05.965Z,FALSE,"",15:00,TRUE
fare_BOM-DEL_6E_2026-09-19_T+15_1788556695997_8bmp,BOM-DEL,EaseMyTrip,6E,6E-6704,2026-09-19,T+15,5381,1181,6562,2026-09-04T20:57:05.965Z,FALSE,"",14:00,TRUE
fare_BOM-DEL_6E_2026-09-19_T+15_1788556695997_3cth,BOM-DEL,EaseMyTrip,6E,6E-6052,2026-09-19,T+15,5381,1181,6562,2026-09-04T20:57:05.965Z,FALSE,"",10:00,TRUE
fare_BOM-DEL_6E_2026-09-19_T+15_1788556695997_7rlb,BOM-DEL,EaseMyTrip,6E,6E-634,2026-09-19,T+15,5381,1181,6562,2026-09-04T20:57:05.965Z,FALSE,"",10:35,TRUE
fare_BOM-DEL_6E_2026-09-19_T+15_1788556695997_27it,BOM-DEL,EaseMyTrip,6E,6E-371,2026-09-19,T+15,5381,1181,6562,2026-09-04T20:57:05.965Z,FALSE,"",10:35,TRUE
fare_BOM-DEL_QP_2026-09-19_T+15_1788556695997_k72t,BOM-DEL,EaseMyTrip,QP,QP-1939,2026-09-19,T+15,5423,1191,6614,2026-09-04T20:57:05.965Z,FALSE,"",10:10,TRUE
fare_BOM-DEL_6E_2026-09-19_T+15_1788556695997_eviw,BOM-DEL,EaseMyTrip,6E,6E-2237,2026-09-19,T+15,5457,1198,6655,2026-09-04T20:57:05.965Z,FALSE,"",18:40,FALSE
fare_BOM-DEL_6E_2026-09-19_T+15_1788556695997_bvx4,BOM-DEL,EaseMyTrip,6E,6E-5059,2026-09-19,T+15,5457,1198,6655,2026-09-04T20:57:05.965Z,FALSE,"",05:45,FALSE
fare_BOM-DEL_6E_2026-09-19_T+15_1788556695997_d4f8,BOM-DEL,EaseMyTrip,6E,6E-968,2026-09-19,T+15,5457,1198,6655,2026-09-04T20:57:05.965Z,FALSE,"",01:30,FALSE
fare_BOM-DEL_6E_2026-09-19_T+15_1788556695997_6v2z,BOM-DEL,EaseMyTrip,6E,6E-667,2026-09-19,T+15,5457,1198,6655,2026-09-04T20:57:05.965Z,FALSE,"",01:30,FALSE
fare_BOM-DEL_6E_2026-09-19_T+15_1788556695997_8a14,BOM-DEL,EaseMyTrip,6E,6E-127,2026-09-19,T+15,5457,1198,6655,2026-09-04T20:57:05.965Z,FALSE,"",04:00,FALSE
fare_BOM-DEL_6E_2026-09-19_T+15_1788556695997_w04o,BOM-DEL,EaseMyTrip,6E,6E-484,2026-09-19,T+15,5457,1198,6655,2026-09-04T20:57:05.965Z,FALSE,"",04:00,FALSE
fare_BOM-DEL_6E_2026-09-19_T+15_1788556695997_5clv,BOM-DEL,EaseMyTrip,6E,6E-5144,2026-09-19,T+15,5457,1198,6655,2026-09-04T20:57:05.965Z,FALSE,"",06:10,FALSE
fare_BOM-DEL_6E_2026-09-19_T+15_1788556695997_ztz0,BOM-DEL,EaseMyTrip,6E,6E-499,2026-09-19,T+15,5457,1198,6655,2026-09-04T20:57:05.965Z,FALSE,"",14:40,FALSE
fare_BOM-DEL_6E_2026-09-19_T+15_1788556695997_0sdn,BOM-DEL,EaseMyTrip,6E,6E-841,2026-09-19,T+15,5457,1198,6655,2026-09-04T20:57:05.965Z,FALSE,"",14:40,FALSE
fare_BOM-DEL_6E_2026-09-19_T+15_1788556695997_aajh,BOM-DEL,EaseMyTrip,6E,6E-5107,2026-09-19,T+15,5457,1198,6655,2026-09-04T20:57:05.965Z,FALSE,"",20:00,FALSE
fare_BOM-DEL_6E_2026-09-19_T+15_1788556695997_kypz,BOM-DEL,EaseMyTrip,6E,6E-5201,2026-09-19,T+15,5457,1198,6655,2026-09-04T20:57:05.965Z,FALSE,"",14:55,FALSE
fare_BOM-DEL_6E_2026-09-19_T+15_1788556695997_rayv,BOM-DEL,EaseMyTrip,6E,6E-114,2026-09-19,T+15,5510,1210,6720,2026-09-04T20:57:05.965Z,FALSE,"",05:00,TRUE
fare_BOM-DEL_6E_2026-09-19_T+15_1788556695997_kvyb,BOM-DEL,EaseMyTrip,6E,6E-419,2026-09-19,T+15,5510,1210,6720,2026-09-04T20:57:05.965Z,FALSE,"",05:00,TRUE
fare_BOM-DEL_6E_2026-09-19_T+15_1788556695997_rvl5,BOM-DEL,EaseMyTrip,6E,6E-356,2026-09-19,T+15,5510,1210,6720,2026-09-04T20:57:05.965Z,FALSE,"",23:45,TRUE
fare_BOM-DEL_6E_2026-09-19_T+15_1788556695997_n046,BOM-DEL,EaseMyTrip,6E,6E-955,2026-09-19,T+15,5510,1210,6720,2026-09-04T20:57:05.965Z,FALSE,"",23:45,TRUE
fare_BOM-DEL_6E_2026-09-19_T+15_1788556695997_60pi,BOM-DEL,EaseMyTrip,6E,6E-824,2026-09-19,T+15,5510,1210,6720,2026-09-04T20:57:05.965Z,FALSE,"",22:15,TRUE
fare_BOM-DEL_6E_2026-09-19_T+15_1788556695997_ypch,BOM-DEL,EaseMyTrip,6E,6E-526,2026-09-19,T+15,5510,1210,6720,2026-09-04T20:57:05.965Z,FALSE,"",22:15,TRUE
fare_BOM-DEL_6E_2026-09-19_T+15_1788556695998_pnea,BOM-DEL,EaseMyTrip,6E,6E-244,2026-09-19,T+15,5510,1210,6720,2026-09-04T20:57:05.965Z,FALSE,"",19:00,TRUE
fare_BOM-DEL_6E_2026-09-19_T+15_1788556695998_pnbi,BOM-DEL,EaseMyTrip,6E,6E-732,2026-09-19,T+15,5510,1210,6720,2026-09-04T20:57:05.965Z,FALSE,"",19:00,TRUE
fare_BOM-DEL_6E_2026-09-19_T+15_1788556695998_prpi,BOM-DEL,EaseMyTrip,6E,6E-628,2026-09-19,T+15,5510,1210,6720,2026-09-04T20:57:05.965Z,FALSE,"",20:20,TRUE
fare_BOM-DEL_6E_2026-09-19_T+15_1788556695998_g8nu,BOM-DEL,EaseMyTrip,6E,6E-700,2026-09-19,T+15,5510,1210,6720,2026-09-04T20:57:05.965Z,FALSE,"",20:20,TRUE
fare_BOM-DEL_6E_2026-09-19_T+15_1788556695998_758o,BOM-DEL,EaseMyTrip,6E,6E-6028,2026-09-19,T+15,5510,1210,6720,2026-09-04T20:57:05.965Z,FALSE,"",12:15,TRUE
fare_BOM-DEL_6E_2026-09-19_T+15_1788556695998_gs0e,BOM-DEL,EaseMyTrip,6E,6E-563,2026-09-19,T+15,5510,1210,6720,2026-09-04T20:57:05.965Z,FALSE,"",13:00,TRUE
fare_BOM-DEL_6E_2026-09-19_T+15_1788556695998_x6yn,BOM-DEL,EaseMyTrip,6E,6E-232,2026-09-19,T+15,5510,1210,6720,2026-09-04T20:57:05.965Z,FALSE,"",13:00,TRUE
fare_BOM-DEL_6E_2026-09-19_T+15_1788556695998_lenb,BOM-DEL,EaseMyTrip,6E,6E-336,2026-09-19,T+15,5510,1210,6720,2026-09-04T20:57:05.965Z,FALSE,"",06:00,TRUE
fare_BOM-DEL_6E_2026-09-19_T+15_1788556695998_r04u,BOM-DEL,EaseMyTrip,6E,6E-169,2026-09-19,T+15,5510,1210,6720,2026-09-04T20:57:05.965Z,FALSE,"",06:00,TRUE
fare_BOM-DEL_6E_2026-09-19_T+15_1788556695998_kh7u,BOM-DEL,EaseMyTrip,6E,6E-907,2026-09-19,T+15,5510,1210,6720,2026-09-04T20:57:05.965Z,FALSE,"",08:00,TRUE
fare_BOM-DEL_6E_2026-09-19_T+15_1788556695998_591q,BOM-DEL,EaseMyTrip,6E,6E-796,2026-09-19,T+15,5510,1210,6720,2026-09-04T20:57:05.965Z,FALSE,"",08:00,TRUE
fare_BOM-DEL_6E_2026-09-19_T+15_1788556695998_pjqv,BOM-DEL,EaseMyTrip,6E,6E-6827,2026-09-19,T+15,5510,1210,6720,2026-09-04T20:57:05.965Z,FALSE,"",11:30,TRUE
fare_BOM-DEL_6E_2026-09-19_T+15_1788556695998_i8rn,BOM-DEL,EaseMyTrip,6E,6E-515,2026-09-19,T+15,5552,1219,6771,2026-09-04T20:57:05.965Z,FALSE,"",17:20,TRUE
fare_BOM-DEL_6E_2026-09-19_T+15_1788556695998_le6k,BOM-DEL,EaseMyTrip,6E,6E-997,2026-09-19,T+15,5552,1219,6771,2026-09-04T20:57:05.965Z,FALSE,"",17:20,TRUE
fare_BOM-DEL_6E_2026-09-19_T+15_1788556695998_69as,BOM-DEL,EaseMyTrip,6E,6E-2090,2026-09-19,T+15,5552,1219,6771,2026-09-04T20:57:05.965Z,FALSE,"",06:25,TRUE
fare_BOM-DEL_6E_2026-09-19_T+15_1788556695998_6mbm,BOM-DEL,EaseMyTrip,6E,6E-6027,2026-09-19,T+15,5565,1221,6786,2026-09-04T20:57:05.965Z,FALSE,"",17:35,FALSE
fare_BOM-DEL_6E_2026-09-19_T+15_1788556695998_bkiy,BOM-DEL,EaseMyTrip,6E,6E-6599,2026-09-19,T+15,5565,1221,6786,2026-09-04T20:57:05.965Z,FALSE,"",16:50,FALSE
fare_BOM-DEL_6E_2026-09-19_T+15_1788556695998_pv8y,BOM-DEL,EaseMyTrip,6E,6E-5164,2026-09-19,T+15,5565,1221,6786,2026-09-04T20:57:05.965Z,FALSE,"",20:20,FALSE
fare_BOM-DEL_6E_2026-09-19_T+15_1788556695998_shze,BOM-DEL,EaseMyTrip,6E,6E-5147,2026-09-19,T+15,5565,1221,6786,2026-09-04T20:57:05.965Z,FALSE,"",18:35,FALSE
fare_BOM-DEL_6E_2026-09-19_T+15_1788556695998_cdrw,BOM-DEL,EaseMyTrip,6E,6E-5181,2026-09-19,T+15,5565,1221,6786,2026-09-04T20:57:05.965Z,FALSE,"",10:25,FALSE
fare_BOM-DEL_6E_2026-09-19_T+15_1788556695998_vk37,BOM-DEL,EaseMyTrip,6E,6E-5154,2026-09-19,T+15,5565,1221,6786,2026-09-04T20:57:05.965Z,FALSE,"",15:45,FALSE
fare_BOM-DEL_6E_2026-09-19_T+15_1788556695998_7d2e,BOM-DEL,EaseMyTrip,6E,6E-5131,2026-09-19,T+15,5565,1221,6786,2026-09-04T20:57:05.965Z,FALSE,"",15:50,FALSE
fare_BOM-DEL_6E_2026-09-19_T+15_1788556695998_neyp,BOM-DEL,EaseMyTrip,6E,6E-6802,2026-09-19,T+15,5565,1221,6786,2026-09-04T20:57:05.965Z,FALSE,"",16:55,FALSE
fare_BOM-DEL_6E_2026-09-19_T+15_1788556695998_p04l,BOM-DEL,EaseMyTrip,6E,6E-5273,2026-09-19,T+15,5565,1221,6786,2026-09-04T20:57:05.965Z,FALSE,"",18:35,FALSE
fare_BOM-DEL_6E_2026-09-19_T+15_1788556695998_b3ha,BOM-DEL,EaseMyTrip,6E,6E-5345,2026-09-19,T+15,5565,1221,6786,2026-09-04T20:57:05.965Z,FALSE,"",14:25,FALSE
fare_BOM-DEL_6E_2026-09-19_T+15_1788556695998_gies,BOM-DEL,EaseMyTrip,6E,6E-6122,2026-09-19,T+15,5565,1221,6786,2026-09-04T20:57:05.965Z,FALSE,"",12:25,FALSE
fare_BOM-DEL_QP_2026-09-19_T+15_1788556695998_1i8b,BOM-DEL,EaseMyTrip,QP,QP-1109,2026-09-19,T+15,5578,1224,6802,2026-09-04T20:57:05.965Z,FALSE,"",07:00,TRUE
fare_BOM-DEL_QP_2026-09-19_T+15_1788556695998_uaxw,BOM-DEL,EaseMyTrip,QP,QP-1120,2026-09-19,T+15,5578,1224,6802,2026-09-04T20:57:05.965Z,FALSE,"",18:45,TRUE
fare_BOM-DEL_AI_2026-09-19_T+15_1788556695998_lbsz,BOM-DEL,EaseMyTrip,AI,AI-2928,2026-09-19,T+15,5766,1266,7032,2026-09-04T20:57:05.965Z,FALSE,"",06:30,TRUE
fare_BOM-DEL_AI_2026-09-19_T+15_1788556695998_uxt7,BOM-DEL,EaseMyTrip,AI,AI-2424,2026-09-19,T+15,5766,1266,7032,2026-09-04T20:57:05.965Z,FALSE,"",07:00,TRUE
fare_BOM-DEL_AI_2026-09-19_T+15_1788556695998_86rj,BOM-DEL,EaseMyTrip,AI,AI-2930,2026-09-19,T+15,5766,1266,7032,2026-09-04T20:57:05.965Z,FALSE,"",07:30,TRUE
fare_BOM-DEL_AI_2026-09-19_T+15_1788556695998_ttdb,BOM-DEL,EaseMyTrip,AI,AI-2422,2026-09-19,T+15,5766,1266,7032,2026-09-04T20:57:05.965Z,FALSE,"",01:00,TRUE
fare_BOM-DEL_AI_2026-09-19_T+15_1788556695998_xvfj,BOM-DEL,EaseMyTrip,AI,AI-2428,2026-09-19,T+15,5766,1266,7032,2026-09-04T20:57:05.965Z,FALSE,"",08:00,TRUE
fare_BOM-DEL_AI_2026-09-19_T+15_1788556695998_icox,BOM-DEL,EaseMyTrip,AI,AI-2970,2026-09-19,T+15,5766,1266,7032,2026-09-04T20:57:05.965Z,FALSE,"",08:30,TRUE
fare_BOM-DEL_AI_2026-09-19_T+15_1788556695998_qkd9,BOM-DEL,EaseMyTrip,AI,AI-2432,2026-09-19,T+15,5766,1266,7032,2026-09-04T20:57:05.965Z,FALSE,"",09:30,TRUE
fare_BOM-DEL_AI_2026-09-19_T+15_1788556695998_6jxy,BOM-DEL,EaseMyTrip,AI,AI-2952,2026-09-19,T+15,5766,1266,7032,2026-09-04T20:57:05.965Z,FALSE,"",11:25,TRUE
fare_BOM-DEL_AI_2026-09-19_T+15_1788556695998_giz5,BOM-DEL,EaseMyTrip,AI,AI-2419,2026-09-19,T+15,5766,1266,7032,2026-09-04T20:57:05.965Z,FALSE,"",12:00,TRUE
fare_BOM-DEL_AI_2026-09-19_T+15_1788556695998_x0yb,BOM-DEL,EaseMyTrip,AI,AI-2960,2026-09-19,T+15,5766,1266,7032,2026-09-04T20:57:05.965Z,FALSE,"",14:05,TRUE
fare_BOM-DEL_AI_2026-09-19_T+15_1788556695998_bzdd,BOM-DEL,EaseMyTrip,AI,AI-2944,2026-09-19,T+15,5766,1266,7032,2026-09-04T20:57:05.965Z,FALSE,"",14:35,TRUE
fare_BOM-DEL_AI_2026-09-19_T+15_1788556695998_smjg,BOM-DEL,EaseMyTrip,AI,AI-2442,2026-09-19,T+15,5766,1266,7032,2026-09-04T20:57:05.965Z,FALSE,"",15:00,TRUE
fare_BOM-DEL_AI_2026-09-19_T+15_1788556695998_sj23,BOM-DEL,EaseMyTrip,AI,AI-1851,2026-09-19,T+15,5766,1266,7032,2026-09-04T20:57:05.965Z,FALSE,"",15:30,TRUE
fare_BOM-DEL_AI_2026-09-19_T+15_1788556695998_prji,BOM-DEL,EaseMyTrip,AI,AI-2440,2026-09-19,T+15,5766,1266,7032,2026-09-04T20:57:05.965Z,FALSE,"",18:00,TRUE
fare_BOM-DEL_AI_2026-09-19_T+15_1788556695998_wdgz,BOM-DEL,EaseMyTrip,AI,AI-1882,2026-09-19,T+15,5766,1266,7032,2026-09-04T20:57:05.965Z,FALSE,"",23:55,TRUE
fare_BOM-DEL_AI_2026-09-19_T+15_1788556695998_n12g,BOM-DEL,EaseMyTrip,AI,AI-2687,2026-09-19,T+15,5766,1266,7032,2026-09-04T20:57:05.965Z,FALSE,"",16:30,TRUE
fare_BOM-DEL_6E_2026-09-19_T+15_1788556695998_8b7h,BOM-DEL,EaseMyTrip,6E,6E-5028,2026-09-19,T+15,5629,1236,6865,2026-09-04T20:57:05.965Z,FALSE,"",19:35,FALSE
fare_BOM-DEL_6E_2026-09-19_T+15_1788556695998_jvgz,BOM-DEL,EaseMyTrip,6E,6E-6937,2026-09-19,T+15,5629,1236,6865,2026-09-04T20:57:05.965Z,FALSE,"",11:30,FALSE
fare_BOM-DEL_6E_2026-09-19_T+15_1788556695998_mu40,BOM-DEL,EaseMyTrip,6E,6E-185,2026-09-19,T+15,5629,1236,6865,2026-09-04T20:57:05.965Z,FALSE,"",19:20,FALSE
fare_BOM-DEL_6E_2026-09-19_T+15_1788556695998_u3p1,BOM-DEL,EaseMyTrip,6E,6E-383,2026-09-19,T+15,5629,1236,6865,2026-09-04T20:57:05.965Z,FALSE,"",19:20,FALSE
fare_BOM-DEL_6E_2026-09-19_T+15_1788556695998_l983,BOM-DEL,EaseMyTrip,6E,6E-107,2026-09-19,T+15,5629,1236,6865,2026-09-04T20:57:05.965Z,FALSE,"",04:30,FALSE
fare_BOM-DEL_6E_2026-09-19_T+15_1788556695998_49nx,BOM-DEL,EaseMyTrip,6E,6E-518,2026-09-19,T+15,5629,1236,6865,2026-09-04T20:57:05.965Z,FALSE,"",04:30,FALSE
fare_BOM-DEL_6E_2026-09-19_T+15_1788556695998_1v5v,BOM-DEL,EaseMyTrip,6E,6E-6553,2026-09-19,T+15,5638,1238,6876,2026-09-04T20:57:05.965Z,FALSE,"",16:05,FALSE
fare_BOM-DEL_6E_2026-09-19_T+15_1788556695998_h9fp,BOM-DEL,EaseMyTrip,6E,6E-2138,2026-09-19,T+15,5638,1238,6876,2026-09-04T20:57:05.965Z,FALSE,"",16:20,FALSE
fare_BOM-DEL_6E_2026-09-19_T+15_1788556695998_snmv,BOM-DEL,EaseMyTrip,6E,6E-489,2026-09-19,T+15,5683,1247,6930,2026-09-04T20:57:05.965Z,FALSE,"",21:15,TRUE
fare_BOM-DEL_6E_2026-09-19_T+15_1788556695998_jd9p,BOM-DEL,EaseMyTrip,6E,6E-882,2026-09-19,T+15,5683,1247,6930,2026-09-04T20:57:05.965Z,FALSE,"",21:15,TRUE
fare_BOM-DEL_6E_2026-09-19_T+15_1788556695998_zsw3,BOM-DEL,EaseMyTrip,6E,6E-749,2026-09-19,T+15,5683,1247,6930,2026-09-04T20:57:05.965Z,FALSE,"",07:00,TRUE
fare_BOM-DEL_6E_2026-09-19_T+15_1788556695998_sqa6,BOM-DEL,EaseMyTrip,6E,6E-575,2026-09-19,T+15,5683,1247,6930,2026-09-04T20:57:05.965Z,FALSE,"",07:00,TRUE
fare_BOM-DEL_IX_2026-09-19_T+15_1788556695998_a35n,BOM-DEL,EaseMyTrip,IX,IX-1787,2026-09-19,T+15,5897,1294,7191,2026-09-04T20:57:05.965Z,FALSE,"",13:10,FALSE
fare_BOM-DEL_6E_2026-09-19_T+15_1788556695998_td8d,BOM-DEL,EaseMyTrip,6E,6E-6543,2026-09-19,T+15,5718,1255,6973,2026-09-04T20:57:05.965Z,FALSE,"",07:50,FALSE
fare_BOM-DEL_6E_2026-09-19_T+15_1788556695998_7ra0,BOM-DEL,EaseMyTrip,6E,6E-5197,2026-09-19,T+15,5725,1257,6982,2026-09-04T20:57:05.965Z,FALSE,"",06:40,TRUE
fare_BOM-DEL_AI_2026-09-19_T+15_1788556695998_zf2y,BOM-DEL,EaseMyTrip,AI,AI-2677,2026-09-19,T+15,5897,1294,7191,2026-09-04T20:57:05.965Z,FALSE,"",13:00,TRUE
fare_BOM-DEL_AI_2026-09-19_T+15_1788556695998_7nu5,BOM-DEL,EaseMyTrip,AI,AI-2408,2026-09-19,T+15,5897,1294,7191,2026-09-04T20:57:05.965Z,FALSE,"",19:30,TRUE
fare_BOM-DEL_AI_2026-09-19_T+15_1788556695998_0egt,BOM-DEL,EaseMyTrip,AI,AI-2430,2026-09-19,T+15,5897,1294,7191,2026-09-04T20:57:05.965Z,FALSE,"",10:00,TRUE
fare_BOM-DEL_AI_2026-09-19_T+15_1788556695998_v8wa,BOM-DEL,EaseMyTrip,AI,AI-2940,2026-09-19,T+15,5897,1294,7191,2026-09-04T20:57:05.965Z,FALSE,"",20:00,TRUE
fare_BOM-DEL_AI_2026-09-19_T+15_1788556695998_2q1u,BOM-DEL,EaseMyTrip,AI,AI-2988,2026-09-19,T+15,5897,1294,7191,2026-09-04T20:57:05.965Z,FALSE,"",20:30,TRUE
fare_BOM-DEL_AI_2026-09-19_T+15_1788556695998_w87g,BOM-DEL,EaseMyTrip,AI,AI-2986,2026-09-19,T+15,5897,1294,7191,2026-09-04T20:57:05.965Z,FALSE,"",22:35,TRUE
fare_BOM-DEL_6E_2026-09-19_T+15_1788556695998_89zs,BOM-DEL,EaseMyTrip,6E,6E-5056,2026-09-19,T+15,5737,1259,6996,2026-09-04T20:57:05.965Z,FALSE,"",21:10,FALSE
fare_BOM-DEL_6E_2026-09-19_T+15_1788556695998_poe4,BOM-DEL,EaseMyTrip,6E,6E-5318,2026-09-19,T+15,5737,1259,6996,2026-09-04T20:57:05.965Z,FALSE,"",10:15,FALSE
fare_BOM-DEL_6E_2026-09-19_T+15_1788556695998_xe5n,BOM-DEL,EaseMyTrip,6E,6E-5178,2026-09-19,T+15,5737,1259,6996,2026-09-04T20:57:05.965Z,FALSE,"",11:40,FALSE
fare_BOM-DEL_6E_2026-09-19_T+15_1788556695998_z90a,BOM-DEL,EaseMyTrip,6E,6E-5326,2026-09-19,T+15,5737,1259,6996,2026-09-04T20:57:05.965Z,FALSE,"",19:40,FALSE
fare_BOM-DEL_6E_2026-09-19_T+15_1788556695998_evka,BOM-DEL,EaseMyTrip,6E,6E-5386,2026-09-19,T+15,5737,1259,6996,2026-09-04T20:57:05.965Z,FALSE,"",15:10,FALSE
fare_BOM-DEL_6E_2026-09-19_T+15_1788556695998_s47t,BOM-DEL,EaseMyTrip,6E,6E-2024,2026-09-19,T+15,5737,1259,6996,2026-09-04T20:57:05.965Z,FALSE,"",09:15,FALSE
fare_BOM-DEL_QP_2026-09-19_T+15_1788556695998_8pen,BOM-DEL,EaseMyTrip,QP,QP-1834,2026-09-19,T+15,5887,1292,7179,2026-09-04T20:57:05.965Z,FALSE,"",10:20,TRUE
fare_BOM-DEL_6E_2026-09-19_T+15_1788556695998_kj1u,BOM-DEL,EaseMyTrip,6E,6E-6082,2026-09-19,T+15,5897,1295,7192,2026-09-04T20:57:05.965Z,FALSE,"",16:45,TRUE
fare_BOM-DEL_6E_2026-09-19_T+15_1788556695998_8w4n,BOM-DEL,EaseMyTrip,6E,6E-800,2026-09-19,T+15,5897,1295,7192,2026-09-04T20:57:05.965Z,FALSE,"",09:00,TRUE
fare_BOM-DEL_6E_2026-09-19_T+15_1788556695998_lt83,BOM-DEL,EaseMyTrip,6E,6E-217,2026-09-19,T+15,5897,1295,7192,2026-09-04T20:57:05.965Z,FALSE,"",09:00,TRUE
fare_BOM-DEL_AI_2026-09-19_T+15_1788556695998_wrie,BOM-DEL,EaseMyTrip,AI,AI-816,2026-09-19,T+15,6069,1332,7401,2026-09-04T20:57:05.965Z,FALSE,"",21:00,TRUE
fare_BOM-DEL_AI_2026-09-19_T+15_1788556695998_6ukx,BOM-DEL,EaseMyTrip,AI,AI-1895,2026-09-19,T+15,6069,1332,7401,2026-09-04T20:57:05.965Z,FALSE,"",21:30,TRUE
fare_BOM-DEL_6E_2026-09-19_T+15_1788556695998_ttdq,BOM-DEL,EaseMyTrip,6E,6E-5135,2026-09-19,T+15,6075,1334,7409,2026-09-04T20:57:05.965Z,FALSE,"",23:20,FALSE
fare_BOM-DEL_6E_2026-09-19_T+15_1788556695998_mj5k,BOM-DEL,EaseMyTrip,6E,6E-7017,2026-09-19,T+15,6498,1426,7924,2026-09-04T20:57:05.965Z,FALSE,"",21:30,FALSE
fare_BOM-DEL_6E_2026-09-19_T+15_1788556695998_go23,BOM-DEL,EaseMyTrip,6E,6E-5281,2026-09-19,T+15,6879,1510,8389,2026-09-04T20:57:05.965Z,FALSE,"",08:40,FALSE
fare_BOM-DEL_AI_2026-09-19_T+15_1788556695998_bpuf,BOM-DEL,EaseMyTrip,AI,AI-1891,2026-09-19,T+15,7095,1557,8652,2026-09-04T20:57:05.965Z,FALSE,"",08:10,TRUE
fare_BOM-DEL_IX_2026-09-19_T+15_1788556695998_r1jq,BOM-DEL,EaseMyTrip,IX,IX-1023,2026-09-19,T+15,7363,1616,8979,2026-09-04T20:57:05.965Z,FALSE,"",11:25,FALSE
fare_BOM-DEL_IX_2026-09-19_T+15_1788556695998_qp7c,BOM-DEL,EaseMyTrip,IX,IX-1026,2026-09-19,T+15,7373,1619,8992,2026-09-04T20:57:05.965Z,FALSE,"",05:45,FALSE
fare_BOM-DEL_IX_2026-09-19_T+15_1788556695998_2ya7,BOM-DEL,EaseMyTrip,IX,IX-1809,2026-09-19,T+15,7580,1664,9244,2026-09-04T20:57:05.965Z,FALSE,"",07:30,FALSE
fare_BOM-DEL_6E_2026-09-19_T+15_1788556695998_n38s,BOM-DEL,EaseMyTrip,6E,6E-2347,2026-09-19,T+15,7450,1635,9085,2026-09-04T20:57:05.965Z,FALSE,"",08:50,FALSE
fare_BOM-DEL_IX_2026-09-19_T+15_1788556695998_gl8o,BOM-DEL,EaseMyTrip,IX,IX-1237,2026-09-19,T+15,8029,1762,9791,2026-09-04T20:57:05.965Z,FALSE,"",05:55,FALSE
fare_BOM-DEL_6E_2026-09-19_T+15_1788556695998_ln2d,BOM-DEL,EaseMyTrip,6E,6E-175,2026-09-19,T+15,7988,1754,9742,2026-09-04T20:57:05.965Z,FALSE,"",12:40,FALSE
fare_BOM-DEL_6E_2026-09-19_T+15_1788556695998_acmb,BOM-DEL,EaseMyTrip,6E,6E-646,2026-09-19,T+15,7988,1754,9742,2026-09-04T20:57:05.965Z,FALSE,"",12:40,FALSE
fare_BOM-DEL_AI_2026-09-19_T+15_1788556695998_bbk3,BOM-DEL,EaseMyTrip,AI,AI-9558,2026-09-19,T+15,8388,1841,10229,2026-09-04T20:57:05.965Z,FALSE,"",07:30,FALSE
fare_BOM-DEL_AI_2026-09-19_T+15_1788556695998_b0j8,BOM-DEL,EaseMyTrip,AI,AI-9753,2026-09-19,T+15,9577,2102,11679,2026-09-04T20:57:05.965Z,FALSE,"",05:45,FALSE
fare_BOM-DEL_IX_2026-09-19_T+15_1788556695998_bxwy,BOM-DEL,EaseMyTrip,IX,IX-1163,2026-09-19,T+15,9672,2123,11795,2026-09-04T20:57:05.965Z,FALSE,"",20:45,FALSE
fare_BOM-DEL_6E_2026-09-19_T+15_1788556695998_jrjq,BOM-DEL,EaseMyTrip,6E,6E-6361,2026-09-19,T+15,10705,2350,13055,2026-09-04T20:57:05.965Z,TRUE,"High outlier: ₹13055 > upper fence ₹12930 (Q3: ₹9204, IQR: ₹2484)",05:00,FALSE
fare_BOM-DEL_IX_2026-09-19_T+15_1788556695998_kab8,BOM-DEL,EaseMyTrip,IX,IX-1347,2026-09-19,T+15,11142,2446,13588,2026-09-04T20:57:05.965Z,TRUE,"High outlier: ₹13588 > upper fence ₹12930 (Q3: ₹9204, IQR: ₹2484)",06:00,FALSE
fare_BOM-DEL_AI_2026-09-19_T+15_1788556695998_76su,BOM-DEL,EaseMyTrip,AI,AI-9891,2026-09-19,T+15,11034,2422,13456,2026-09-04T20:57:05.965Z,TRUE,"High outlier: ₹13456 > upper fence ₹12930 (Q3: ₹9204, IQR: ₹2484)",13:10,FALSE
fare_BOM-DEL_AI_2026-09-19_T+15_1788556695998_pyn1,BOM-DEL,EaseMyTrip,AI,AI-2493,2026-09-19,T+15,11126,2442,13568,2026-09-04T20:57:05.965Z,TRUE,"High outlier: ₹13568 > upper fence ₹12930 (Q3: ₹9204, IQR: ₹2484)",18:25,FALSE
fare_BOM-DEL_AI_2026-09-19_T+15_1788556695998_66f1,BOM-DEL,EaseMyTrip,AI,AI-2919,2026-09-19,T+15,11126,2442,13568,2026-09-04T20:57:05.965Z,TRUE,"High outlier: ₹13568 > upper fence ₹12930 (Q3: ₹9204, IQR: ₹2484)",21:35,FALSE
fare_BOM-DEL_AI_2026-09-19_T+15_1788556695998_6vxf,BOM-DEL,EaseMyTrip,AI,AI-2503,2026-09-19,T+15,11214,2461,13675,2026-09-04T20:57:05.965Z,TRUE,"High outlier: ₹13675 > upper fence ₹12930 (Q3: ₹9204, IQR: ₹2484)",12:55,FALSE
fare_BOM-DEL_AI_2026-09-19_T+15_1788556695998_42sl,BOM-DEL,EaseMyTrip,AI,AI-2915,2026-09-19,T+15,11236,2466,13702,2026-09-04T20:57:05.965Z,TRUE,"High outlier: ₹13702 > upper fence ₹12930 (Q3: ₹9204, IQR: ₹2484)",15:30,FALSE
fare_BOM-DEL_AI_2026-09-19_T+15_1788556695998_12l7,BOM-DEL,EaseMyTrip,AI,AI-2847,2026-09-19,T+15,11236,2466,13702,2026-09-04T20:57:05.965Z,TRUE,"High outlier: ₹13702 > upper fence ₹12930 (Q3: ₹9204, IQR: ₹2484)",09:55,FALSE
fare_BOM-DEL_AI_2026-09-19_T+15_1788556695998_mocj,BOM-DEL,EaseMyTrip,AI,AI-493,2026-09-19,T+15,11236,2466,13702,2026-09-04T20:57:05.965Z,TRUE,"High outlier: ₹13702 > upper fence ₹12930 (Q3: ₹9204, IQR: ₹2484)",06:40,FALSE
fare_BOM-DEL_6E_2026-09-19_T+15_1788556695998_1qwm,BOM-DEL,EaseMyTrip,6E,6E-6195,2026-09-19,T+15,11196,2458,13654,2026-09-04T20:57:05.965Z,TRUE,"High outlier: ₹13654 > upper fence ₹12930 (Q3: ₹9204, IQR: ₹2484)",23:00,FALSE
fare_BOM-DEL_6E_2026-09-19_T+15_1788556695998_lihj,BOM-DEL,EaseMyTrip,6E,6E-5246,2026-09-19,T+15,11558,2537,14095,2026-09-04T20:57:05.965Z,TRUE,"High outlier: ₹14095 > upper fence ₹12930 (Q3: ₹9204, IQR: ₹2484)",07:15,FALSE
fare_BOM-DEL_AI_2026-09-19_T+15_1788556695998_4zmf,BOM-DEL,EaseMyTrip,AI,AI-2931,2026-09-19,T+15,11737,2577,14314,2026-09-04T20:57:05.965Z,TRUE,"High outlier: ₹14314 > upper fence ₹12930 (Q3: ₹9204, IQR: ₹2484)",04:30,FALSE
fare_BOM-DEL_IX_2026-09-19_T+15_1788556695998_2lxp,BOM-DEL,EaseMyTrip,IX,IX-1164,2026-09-19,T+15,12888,2829,15717,2026-09-04T20:57:05.965Z,TRUE,"High outlier: ₹15717 > upper fence ₹12930 (Q3: ₹9204, IQR: ₹2484)",17:35,FALSE
fare_BOM-DEL_AI_2026-09-19_T+15_1788556695998_jaou,BOM-DEL,EaseMyTrip,AI,AI-2785,2026-09-19,T+15,12656,2778,15434,2026-09-04T20:57:05.965Z,TRUE,"High outlier: ₹15434 > upper fence ₹12930 (Q3: ₹9204, IQR: ₹2484)",06:40,FALSE
fare_BOM-DEL_IX_2026-09-19_T+15_1788556695998_d57r,BOM-DEL,EaseMyTrip,IX,IX-1176,2026-09-19,T+15,12999,2853,15852,2026-09-04T20:57:05.965Z,TRUE,"High outlier: ₹15852 > upper fence ₹12930 (Q3: ₹9204, IQR: ₹2484)",11:20,FALSE
fare_BOM-DEL_AI_2026-09-19_T+15_1788556695998_ntc3,BOM-DEL,EaseMyTrip,AI,AI-2659,2026-09-19,T+15,13311,2922,16233,2026-09-04T20:57:05.965Z,TRUE,"High outlier: ₹16233 > upper fence ₹12930 (Q3: ₹9204, IQR: ₹2484)",14:35,FALSE
fare_BOM-DEL_AI_2026-09-19_T+15_1788556695998_4lno,BOM-DEL,EaseMyTrip,AI,AI-2728,2026-09-19,T+15,14015,3077,17092,2026-09-04T20:57:05.965Z,TRUE,"High outlier: ₹17092 > upper fence ₹12930 (Q3: ₹9204, IQR: ₹2484)",05:20,FALSE
fare_BOM-DEL_AI_2026-09-19_T+15_1788556695998_394h,BOM-DEL,EaseMyTrip,AI,AI-2749,2026-09-19,T+15,14173,3111,17284,2026-09-04T20:57:05.965Z,TRUE,"High outlier: ₹17284 > upper fence ₹12930 (Q3: ₹9204, IQR: ₹2484)",17:35,FALSE
fare_BOM-DEL_IX_2026-09-19_T+15_1788556695998_mg88,BOM-DEL,EaseMyTrip,IX,IX-1810,2026-09-19,T+15,14261,3131,17392,2026-09-04T20:57:05.965Z,TRUE,"High outlier: ₹17392 > upper fence ₹12930 (Q3: ₹9204, IQR: ₹2484)",13:40,FALSE
fare_BOM-DEL_IX_2026-09-19_T+15_1788556695998_hae0,BOM-DEL,EaseMyTrip,IX,IX-1797,2026-09-19,T+15,14261,3131,17392,2026-09-04T20:57:05.965Z,TRUE,"High outlier: ₹17392 > upper fence ₹12930 (Q3: ₹9204, IQR: ₹2484)",05:05,FALSE
fare_BOM-DEL_AI_2026-09-19_T+15_1788556695998_4qlk,BOM-DEL,EaseMyTrip,AI,AI-2997,2026-09-19,T+15,14261,3130,17391,2026-09-04T20:57:05.965Z,TRUE,"High outlier: ₹17391 > upper fence ₹12930 (Q3: ₹9204, IQR: ₹2484)",10:10,FALSE
fare_BOM-DEL_IX_2026-09-19_T+15_1788556695998_ytsi,BOM-DEL,EaseMyTrip,IX,IX-1283,2026-09-19,T+15,14785,3246,18031,2026-09-04T20:57:05.965Z,TRUE,"High outlier: ₹18031 > upper fence ₹12930 (Q3: ₹9204, IQR: ₹2484)",09:05,FALSE
fare_BOM-DEL_AI_2026-09-19_T+15_1788556695998_l6pc,BOM-DEL,EaseMyTrip,AI,AI-2741,2026-09-19,T+15,14403,3162,17565,2026-09-04T20:57:05.965Z,TRUE,"High outlier: ₹17565 > upper fence ₹12930 (Q3: ₹9204, IQR: ₹2484)",07:40,FALSE
fare_BOM-DEL_IX_2026-09-19_T+15_1788556695998_koha,BOM-DEL,EaseMyTrip,IX,IX-1238,2026-09-19,T+15,14969,3286,18255,2026-09-04T20:57:05.965Z,TRUE,"High outlier: ₹18255 > upper fence ₹12930 (Q3: ₹9204, IQR: ₹2484)",12:25,FALSE
fare_BOM-DEL_AI_2026-09-19_T+15_1788556695998_prs2,BOM-DEL,EaseMyTrip,AI,AI-9533,2026-09-19,T+15,14699,3226,17925,2026-09-04T20:57:05.965Z,TRUE,"High outlier: ₹17925 > upper fence ₹12930 (Q3: ₹9204, IQR: ₹2484)",16:30,FALSE
fare_BOM-DEL_AI_2026-09-19_T+15_1788556695998_42mz,BOM-DEL,EaseMyTrip,AI,AI-2531,2026-09-19,T+15,16273,3572,19845,2026-09-04T20:57:05.965Z,TRUE,"High outlier: ₹19845 > upper fence ₹12930 (Q3: ₹9204, IQR: ₹2484)",15:05,FALSE
fare_BOM-DEL_AI_2026-09-19_T+15_1788556695998_4fll,BOM-DEL,EaseMyTrip,AI,AI-2444,2026-09-19,T+15,16388,3597,19985,2026-09-04T20:57:05.965Z,TRUE,"High outlier: ₹19985 > upper fence ₹12930 (Q3: ₹9204, IQR: ₹2484)",10:50,FALSE
fare_BOM-DEL_AI_2026-09-19_T+15_1788556695998_dpgp,BOM-DEL,EaseMyTrip,AI,AI-2625,2026-09-19,T+15,17525,3847,21372,2026-09-04T20:57:05.965Z,TRUE,"High outlier: ₹21372 > upper fence ₹12930 (Q3: ₹9204, IQR: ₹2484)",06:00,FALSE
fare_BOM-DEL_SG_2026-09-19_T+15_1788556695998_r5uz,BOM-DEL,EaseMyTrip,SG,SG-708,2026-09-19,T+15,18307,4019,22326,2026-09-04T20:57:05.965Z,TRUE,"High outlier: ₹22326 > upper fence ₹12930 (Q3: ₹9204, IQR: ₹2484)",01:50,TRUE
fare_BOM-DEL_SG_2026-09-19_T+15_1788556695998_qbbg,BOM-DEL,EaseMyTrip,SG,SG-369,2026-09-19,T+15,18307,4019,22326,2026-09-04T20:57:05.965Z,TRUE,"High outlier: ₹22326 > upper fence ₹12930 (Q3: ₹9204, IQR: ₹2484)",01:50,TRUE
fare_BOM-DEL_SG_2026-09-19_T+15_1788556695998_dzxy,BOM-DEL,EaseMyTrip,SG,SG-762,2026-09-19,T+15,18307,4019,22326,2026-09-04T20:57:05.965Z,TRUE,"High outlier: ₹22326 > upper fence ₹12930 (Q3: ₹9204, IQR: ₹2484)",06:25,TRUE
fare_BOM-DEL_SG_2026-09-19_T+15_1788556695998_n9d7,BOM-DEL,EaseMyTrip,SG,SG-565,2026-09-19,T+15,18307,4019,22326,2026-09-04T20:57:05.965Z,TRUE,"High outlier: ₹22326 > upper fence ₹12930 (Q3: ₹9204, IQR: ₹2484)",06:25,TRUE
fare_BOM-DEL_AI_2026-09-19_T+15_1788556695998_nvho,BOM-DEL,EaseMyTrip,AI,AI-2781,2026-09-19,T+15,20541,4509,25050,2026-09-04T20:57:05.965Z,TRUE,"High outlier: ₹25050 > upper fence ₹12930 (Q3: ₹9204, IQR: ₹2484)",10:45,FALSE
fare_BOM-DEL_AI_2026-09-19_T+15_1788556695998_myn3,BOM-DEL,EaseMyTrip,AI,AI-2579,2026-09-19,T+15,31627,6943,38570,2026-09-04T20:57:05.965Z,TRUE,"High outlier: ₹38570 > upper fence ₹12930 (Q3: ₹9204, IQR: ₹2484)",10:35,FALSE
fare_BOM-DEL_IX_2026-09-05_T+1_1788556695999_p76m,BOM-DEL,EaseMyTrip,IX,IX-1787,2026-09-05,T+1,5595,1228,6823,2026-09-04T20:56:53.081Z,FALSE,"",13:10,FALSE
fare_BOM-DEL_6E_2026-09-05_T+1_1788556695999_eo4z,BOM-DEL,EaseMyTrip,6E,6E-6553,2026-09-05,T+1,5009,1100,6109,2026-09-04T20:56:53.081Z,FALSE,"",16:05,FALSE
fare_BOM-DEL_6E_2026-09-05_T+1_1788556695999_rjn7,BOM-DEL,EaseMyTrip,6E,6E-2138,2026-09-05,T+1,5009,1100,6109,2026-09-04T20:56:53.081Z,FALSE,"",16:20,FALSE
fare_BOM-DEL_6E_2026-09-05_T+1_1788556695999_t3l5,BOM-DEL,EaseMyTrip,6E,6E-6195,2026-09-05,T+1,5076,1114,6190,2026-09-04T20:56:53.081Z,FALSE,"",23:00,FALSE
fare_BOM-DEL_IX_2026-09-05_T+1_1788556695999_13vf,BOM-DEL,EaseMyTrip,IX,IX-1050,2026-09-05,T+1,5380,1181,6561,2026-09-04T20:56:53.081Z,FALSE,"",08:55,TRUE
fare_BOM-DEL_IX_2026-09-05_T+1_1788556695999_hz9v,BOM-DEL,EaseMyTrip,IX,IX-2153,2026-09-05,T+1,5380,1181,6561,2026-09-04T20:56:53.081Z,FALSE,"",20:25,TRUE
fare_BOM-DEL_6E_2026-09-05_T+1_1788556695999_t4go,BOM-DEL,EaseMyTrip,6E,6E-652,2026-09-05,T+1,5160,1133,6293,2026-09-04T20:56:53.081Z,FALSE,"",14:40,FALSE
fare_BOM-DEL_6E_2026-09-05_T+1_1788556695999_eddo,BOM-DEL,EaseMyTrip,6E,6E-696,2026-09-05,T+1,5160,1133,6293,2026-09-04T20:56:53.081Z,FALSE,"",14:40,FALSE
fare_BOM-DEL_6E_2026-09-05_T+1_1788556695999_55tz,BOM-DEL,EaseMyTrip,6E,6E-5107,2026-09-05,T+1,5160,1133,6293,2026-09-04T20:56:53.081Z,FALSE,"",20:00,FALSE
fare_BOM-DEL_6E_2026-09-05_T+1_1788556695999_gb1w,BOM-DEL,EaseMyTrip,6E,6E-5095,2026-09-05,T+1,5187,1138,6325,2026-09-04T20:56:53.081Z,FALSE,"",09:20,TRUE
fare_BOM-DEL_IX_2026-09-05_T+1_1788556695999_gukv,BOM-DEL,EaseMyTrip,IX,IX-1671,2026-09-05,T+1,5510,1210,6720,2026-09-04T20:56:53.081Z,FALSE,"",16:45,TRUE
fare_BOM-DEL_6E_2026-09-05_T+1_1788556695999_ch32,BOM-DEL,EaseMyTrip,6E,6E-6027,2026-09-05,T+1,5269,1156,6425,2026-09-04T20:56:53.081Z,FALSE,"",17:35,FALSE
fare_BOM-DEL_6E_2026-09-05_T+1_1788556695999_1t66,BOM-DEL,EaseMyTrip,6E,6E-5147,2026-09-05,T+1,5269,1156,6425,2026-09-04T20:56:53.081Z,FALSE,"",18:35,FALSE
fare_BOM-DEL_6E_2026-09-05_T+1_1788556695999_whf9,BOM-DEL,EaseMyTrip,6E,6E-5154,2026-09-05,T+1,5269,1156,6425,2026-09-04T20:56:53.081Z,FALSE,"",15:45,FALSE
fare_BOM-DEL_6E_2026-09-05_T+1_1788556695999_hx2h,BOM-DEL,EaseMyTrip,6E,6E-5131,2026-09-05,T+1,5269,1156,6425,2026-09-04T20:56:53.081Z,FALSE,"",15:50,FALSE
fare_BOM-DEL_6E_2026-09-05_T+1_1788556695999_u54l,BOM-DEL,EaseMyTrip,6E,6E-6802,2026-09-05,T+1,5269,1156,6425,2026-09-04T20:56:53.081Z,FALSE,"",16:55,FALSE
fare_BOM-DEL_6E_2026-09-05_T+1_1788556695999_0gox,BOM-DEL,EaseMyTrip,6E,6E-5273,2026-09-05,T+1,5269,1156,6425,2026-09-04T20:56:53.081Z,FALSE,"",18:35,FALSE
fare_BOM-DEL_6E_2026-09-05_T+1_1788556695999_glxm,BOM-DEL,EaseMyTrip,6E,6E-6122,2026-09-05,T+1,5269,1156,6425,2026-09-04T20:56:53.081Z,FALSE,"",12:25,FALSE
fare_BOM-DEL_6E_2026-09-05_T+1_1788556695999_vpki,BOM-DEL,EaseMyTrip,6E,6E-5028,2026-09-05,T+1,5332,1171,6503,2026-09-04T20:56:53.081Z,FALSE,"",19:35,FALSE
fare_BOM-DEL_6E_2026-09-05_T+1_1788556695999_nl7q,BOM-DEL,EaseMyTrip,6E,6E-6937,2026-09-05,T+1,5332,1171,6503,2026-09-04T20:56:53.081Z,FALSE,"",11:30,FALSE
fare_BOM-DEL_6E_2026-09-05_T+1_1788556695999_78sw,BOM-DEL,EaseMyTrip,6E,6E-595,2026-09-05,T+1,5332,1171,6503,2026-09-04T20:56:53.081Z,FALSE,"",19:20,FALSE
fare_BOM-DEL_6E_2026-09-05_T+1_1788556695999_ezkc,BOM-DEL,EaseMyTrip,6E,6E-338,2026-09-05,T+1,5332,1171,6503,2026-09-04T20:56:53.081Z,FALSE,"",19:20,FALSE
fare_BOM-DEL_6E_2026-09-05_T+1_1788556695999_bh1j,BOM-DEL,EaseMyTrip,6E,6E-802,2026-09-05,T+1,5332,1171,6503,2026-09-04T20:56:53.081Z,FALSE,"",04:45,FALSE
fare_BOM-DEL_6E_2026-09-05_T+1_1788556695999_3kn6,BOM-DEL,EaseMyTrip,6E,6E-664,2026-09-05,T+1,5332,1171,6503,2026-09-04T20:56:53.081Z,FALSE,"",04:45,FALSE
fare_BOM-DEL_6E_2026-09-05_T+1_1788556695999_ouad,BOM-DEL,EaseMyTrip,6E,6E-840,2026-09-05,T+1,5380,1181,6561,2026-09-04T20:56:53.081Z,FALSE,"",17:20,TRUE
fare_BOM-DEL_6E_2026-09-05_T+1_1788556695999_xsab,BOM-DEL,EaseMyTrip,6E,6E-100,2026-09-05,T+1,5380,1181,6561,2026-09-04T20:56:53.081Z,FALSE,"",17:20,TRUE
fare_BOM-DEL_QP_2026-09-05_T+1_1788556695999_e8r2,BOM-DEL,EaseMyTrip,QP,QP-1111,2026-09-05,T+1,5381,1181,6562,2026-09-04T20:56:53.081Z,FALSE,"",05:25,TRUE
fare_BOM-DEL_QP_2026-09-05_T+1_1788556695999_j08z,BOM-DEL,EaseMyTrip,QP,QP-1109,2026-09-05,T+1,5381,1181,6562,2026-09-04T20:56:53.081Z,FALSE,"",07:00,TRUE
fare_BOM-DEL_QP_2026-09-05_T+1_1788556695999_5pay,BOM-DEL,EaseMyTrip,QP,QP-1127,2026-09-05,T+1,5381,1181,6562,2026-09-04T20:56:53.081Z,FALSE,"",13:00,TRUE
fare_BOM-DEL_QP_2026-09-05_T+1_1788556695999_9erv,BOM-DEL,EaseMyTrip,QP,QP-1819,2026-09-05,T+1,5381,1181,6562,2026-09-04T20:56:53.081Z,FALSE,"",14:30,TRUE
fare_BOM-DEL_QP_2026-09-05_T+1_1788556695999_njj0,BOM-DEL,EaseMyTrip,QP,QP-1834,2026-09-05,T+1,5381,1181,6562,2026-09-04T20:56:53.081Z,FALSE,"",10:20,TRUE
fare_BOM-DEL_QP_2026-09-05_T+1_1788556695999_yaz5,BOM-DEL,EaseMyTrip,QP,QP-1825,2026-09-05,T+1,5381,1181,6562,2026-09-04T20:56:53.081Z,FALSE,"",16:50,TRUE
fare_BOM-DEL_QP_2026-09-05_T+1_1788556695999_y110,BOM-DEL,EaseMyTrip,QP,QP-1835,2026-09-05,T+1,5381,1181,6562,2026-09-04T20:56:53.081Z,FALSE,"",11:50,TRUE
fare_BOM-DEL_QP_2026-09-05_T+1_1788556695999_6uzd,BOM-DEL,EaseMyTrip,QP,QP-1120,2026-09-05,T+1,5381,1181,6562,2026-09-04T20:56:53.081Z,FALSE,"",18:45,TRUE
fare_BOM-DEL_6E_2026-09-05_T+1_1788556695999_b14c,BOM-DEL,EaseMyTrip,6E,6E-788,2026-09-05,T+1,5381,1181,6562,2026-09-04T20:56:53.081Z,FALSE,"",05:00,TRUE
fare_BOM-DEL_6E_2026-09-05_T+1_1788556695999_zrd7,BOM-DEL,EaseMyTrip,6E,6E-577,2026-09-05,T+1,5381,1181,6562,2026-09-04T20:56:53.081Z,FALSE,"",05:00,TRUE
fare_BOM-DEL_6E_2026-09-05_T+1_1788556695999_kfit,BOM-DEL,EaseMyTrip,6E,6E-582,2026-09-05,T+1,5381,1181,6562,2026-09-04T20:56:53.081Z,FALSE,"",19:00,TRUE
fare_BOM-DEL_6E_2026-09-05_T+1_1788556695999_0635,BOM-DEL,EaseMyTrip,6E,6E-646,2026-09-05,T+1,5381,1181,6562,2026-09-04T20:56:53.081Z,FALSE,"",19:00,TRUE
fare_BOM-DEL_6E_2026-09-05_T+1_1788556695999_1965,BOM-DEL,EaseMyTrip,6E,6E-6613,2026-09-05,T+1,5381,1181,6562,2026-09-04T20:56:53.081Z,FALSE,"",18:15,TRUE
fare_BOM-DEL_6E_2026-09-05_T+1_1788556695999_a507,BOM-DEL,EaseMyTrip,6E,6E-279,2026-09-05,T+1,5381,1181,6562,2026-09-04T20:56:53.081Z,FALSE,"",17:20,TRUE
fare_BOM-DEL_6E_2026-09-05_T+1_1788556695999_avz4,BOM-DEL,EaseMyTrip,6E,6E-890,2026-09-05,T+1,5381,1181,6562,2026-09-04T20:56:53.081Z,FALSE,"",17:20,TRUE
fare_BOM-DEL_6E_2026-09-05_T+1_1788556695999_8nzy,BOM-DEL,EaseMyTrip,6E,6E-6082,2026-09-05,T+1,5381,1181,6562,2026-09-04T20:56:53.081Z,FALSE,"",16:45,TRUE
fare_BOM-DEL_6E_2026-09-05_T+1_1788556695999_snx1,BOM-DEL,EaseMyTrip,6E,6E-379,2026-09-05,T+1,5381,1181,6562,2026-09-04T20:56:53.081Z,FALSE,"",16:00,TRUE
fare_BOM-DEL_6E_2026-09-05_T+1_1788556695999_a1qa,BOM-DEL,EaseMyTrip,6E,6E-630,2026-09-05,T+1,5381,1181,6562,2026-09-04T20:56:53.081Z,FALSE,"",16:00,TRUE
fare_BOM-DEL_6E_2026-09-05_T+1_1788556695999_ex0i,BOM-DEL,EaseMyTrip,6E,6E-830,2026-09-05,T+1,5381,1181,6562,2026-09-04T20:56:53.081Z,FALSE,"",15:00,TRUE
fare_BOM-DEL_6E_2026-09-05_T+1_1788556695999_594h,BOM-DEL,EaseMyTrip,6E,6E-670,2026-09-05,T+1,5381,1181,6562,2026-09-04T20:56:53.081Z,FALSE,"",15:00,TRUE
fare_BOM-DEL_6E_2026-09-05_T+1_1788556695999_29oe,BOM-DEL,EaseMyTrip,6E,6E-6704,2026-09-05,T+1,5381,1181,6562,2026-09-04T20:56:53.081Z,FALSE,"",14:00,TRUE
fare_BOM-DEL_6E_2026-09-05_T+1_1788556695999_h5xs,BOM-DEL,EaseMyTrip,6E,6E-6028,2026-09-05,T+1,5381,1181,6562,2026-09-04T20:56:53.081Z,FALSE,"",12:15,TRUE
fare_BOM-DEL_6E_2026-09-05_T+1_1788556695999_08ij,BOM-DEL,EaseMyTrip,6E,6E-945,2026-09-05,T+1,5381,1181,6562,2026-09-04T20:56:53.081Z,FALSE,"",13:00,TRUE
fare_BOM-DEL_6E_2026-09-05_T+1_1788556695999_26vq,BOM-DEL,EaseMyTrip,6E,6E-123,2026-09-05,T+1,5381,1181,6562,2026-09-04T20:56:53.081Z,FALSE,"",13:00,TRUE
fare_BOM-DEL_6E_2026-09-05_T+1_1788556695999_reyf,BOM-DEL,EaseMyTrip,6E,6E-605,2026-09-05,T+1,5381,1181,6562,2026-09-04T20:56:53.081Z,FALSE,"",06:00,TRUE
fare_BOM-DEL_6E_2026-09-05_T+1_1788556695999_r51y,BOM-DEL,EaseMyTrip,6E,6E-739,2026-09-05,T+1,5381,1181,6562,2026-09-04T20:56:53.081Z,FALSE,"",06:00,TRUE
fare_BOM-DEL_6E_2026-09-05_T+1_1788556695999_sm2v,BOM-DEL,EaseMyTrip,6E,6E-661,2026-09-05,T+1,5381,1181,6562,2026-09-04T20:56:53.081Z,FALSE,"",07:00,TRUE
fare_BOM-DEL_6E_2026-09-05_T+1_1788556695999_04lm,BOM-DEL,EaseMyTrip,6E,6E-369,2026-09-05,T+1,5381,1181,6562,2026-09-04T20:56:53.081Z,FALSE,"",07:00,TRUE
fare_BOM-DEL_6E_2026-09-05_T+1_1788556695999_af20,BOM-DEL,EaseMyTrip,6E,6E-813,2026-09-05,T+1,5381,1181,6562,2026-09-04T20:56:53.081Z,FALSE,"",08:00,TRUE
fare_BOM-DEL_6E_2026-09-05_T+1_1788556695999_17xf,BOM-DEL,EaseMyTrip,6E,6E-399,2026-09-05,T+1,5381,1181,6562,2026-09-04T20:56:53.081Z,FALSE,"",08:00,TRUE
fare_BOM-DEL_6E_2026-09-05_T+1_1788556695999_529x,BOM-DEL,EaseMyTrip,6E,6E-6052,2026-09-05,T+1,5381,1181,6562,2026-09-04T20:56:53.081Z,FALSE,"",10:00,TRUE
fare_BOM-DEL_6E_2026-09-05_T+1_1788556695999_jl61,BOM-DEL,EaseMyTrip,6E,6E-405,2026-09-05,T+1,5381,1181,6562,2026-09-04T20:56:53.081Z,FALSE,"",10:35,TRUE
fare_BOM-DEL_6E_2026-09-05_T+1_1788556695999_e0oa,BOM-DEL,EaseMyTrip,6E,6E-133,2026-09-05,T+1,5381,1181,6562,2026-09-04T20:56:53.081Z,FALSE,"",10:35,TRUE
fare_BOM-DEL_6E_2026-09-05_T+1_1788556695999_35d2,BOM-DEL,EaseMyTrip,6E,6E-6827,2026-09-05,T+1,5381,1181,6562,2026-09-04T20:56:53.081Z,FALSE,"",11:30,TRUE
fare_BOM-DEL_6E_2026-09-05_T+1_1788556695999_mwq7,BOM-DEL,EaseMyTrip,6E,6E-263,2026-09-05,T+1,5381,1181,6562,2026-09-04T20:56:53.081Z,FALSE,"",09:00,TRUE
fare_BOM-DEL_6E_2026-09-05_T+1_1788556695999_rn22,BOM-DEL,EaseMyTrip,6E,6E-311,2026-09-05,T+1,5381,1181,6562,2026-09-04T20:56:53.081Z,FALSE,"",09:00,TRUE
fare_BOM-DEL_QP_2026-09-05_T+1_1788556695999_ychh,BOM-DEL,EaseMyTrip,QP,QP-1939,2026-09-05,T+1,5423,1191,6614,2026-09-04T20:56:53.081Z,FALSE,"",10:10,TRUE
fare_BOM-DEL_6E_2026-09-05_T+1_1788556695999_pe1y,BOM-DEL,EaseMyTrip,6E,6E-5197,2026-09-05,T+1,5423,1191,6614,2026-09-04T20:56:53.081Z,FALSE,"",06:40,TRUE
fare_BOM-DEL_6E_2026-09-05_T+1_1788556695999_lwk3,BOM-DEL,EaseMyTrip,6E,6E-772,2026-09-05,T+1,5510,1210,6720,2026-09-04T20:56:53.081Z,FALSE,"",23:45,TRUE
fare_BOM-DEL_6E_2026-09-05_T+1_1788556695999_xyu9,BOM-DEL,EaseMyTrip,6E,6E-885,2026-09-05,T+1,5510,1210,6720,2026-09-04T20:56:53.081Z,FALSE,"",22:15,TRUE
fare_BOM-DEL_6E_2026-09-05_T+1_1788556695999_d65g,BOM-DEL,EaseMyTrip,6E,6E-750,2026-09-05,T+1,5510,1210,6720,2026-09-04T20:56:53.081Z,FALSE,"",22:15,TRUE
fare_BOM-DEL_6E_2026-09-05_T+1_1788556695999_amsq,BOM-DEL,EaseMyTrip,6E,6E-149,2026-09-05,T+1,5510,1210,6720,2026-09-04T20:56:53.081Z,FALSE,"",21:15,TRUE
fare_BOM-DEL_6E_2026-09-05_T+1_1788556695999_txwo,BOM-DEL,EaseMyTrip,6E,6E-181,2026-09-05,T+1,5510,1210,6720,2026-09-04T20:56:53.081Z,FALSE,"",21:15,TRUE
fare_BOM-DEL_6E_2026-09-05_T+1_1788556695999_swy6,BOM-DEL,EaseMyTrip,6E,6E-559,2026-09-05,T+1,5510,1210,6720,2026-09-04T20:56:53.081Z,FALSE,"",20:20,TRUE
fare_BOM-DEL_6E_2026-09-05_T+1_1788556695999_y5kf,BOM-DEL,EaseMyTrip,6E,6E-897,2026-09-05,T+1,5510,1210,6720,2026-09-04T20:56:53.081Z,FALSE,"",20:20,TRUE
fare_BOM-DEL_6E_2026-09-05_T+1_1788556695999_m0bs,BOM-DEL,EaseMyTrip,6E,6E-5059,2026-09-05,T+1,5561,1221,6782,2026-09-04T20:56:53.081Z,FALSE,"",05:45,FALSE
fare_BOM-DEL_AI_2026-09-05_T+1_1788556695999_zi5x,BOM-DEL,EaseMyTrip,AI,AI-2928,2026-09-05,T+1,5766,1266,7032,2026-09-04T20:56:53.081Z,FALSE,"",06:30,TRUE
fare_BOM-DEL_AI_2026-09-05_T+1_1788556695999_sj9d,BOM-DEL,EaseMyTrip,AI,AI-2424,2026-09-05,T+1,5766,1266,7032,2026-09-04T20:56:53.081Z,FALSE,"",07:00,TRUE
fare_BOM-DEL_AI_2026-09-05_T+1_1788556695999_h4uu,BOM-DEL,EaseMyTrip,AI,AI-2930,2026-09-05,T+1,5766,1266,7032,2026-09-04T20:56:53.081Z,FALSE,"",07:30,TRUE
fare_BOM-DEL_AI_2026-09-05_T+1_1788556695999_076z,BOM-DEL,EaseMyTrip,AI,AI-2677,2026-09-05,T+1,5766,1266,7032,2026-09-04T20:56:53.081Z,FALSE,"",13:00,TRUE
fare_BOM-DEL_AI_2026-09-05_T+1_1788556695999_lgeh,BOM-DEL,EaseMyTrip,AI,AI-816,2026-09-05,T+1,5766,1266,7032,2026-09-04T20:56:53.081Z,FALSE,"",21:00,TRUE
fare_BOM-DEL_AI_2026-09-05_T+1_1788556695999_junt,BOM-DEL,EaseMyTrip,AI,AI-1895,2026-09-05,T+1,5766,1266,7032,2026-09-04T20:56:53.081Z,FALSE,"",21:30,TRUE
fare_BOM-DEL_AI_2026-09-05_T+1_1788556695999_w5gt,BOM-DEL,EaseMyTrip,AI,AI-2428,2026-09-05,T+1,5766,1266,7032,2026-09-04T20:56:53.081Z,FALSE,"",08:00,TRUE
fare_BOM-DEL_AI_2026-09-05_T+1_1788556695999_22e6,BOM-DEL,EaseMyTrip,AI,AI-2970,2026-09-05,T+1,5766,1266,7032,2026-09-04T20:56:53.081Z,FALSE,"",08:30,TRUE
fare_BOM-DEL_AI_2026-09-05_T+1_1788556695999_7blb,BOM-DEL,EaseMyTrip,AI,AI-2432,2026-09-05,T+1,5766,1266,7032,2026-09-04T20:56:53.081Z,FALSE,"",09:30,TRUE
fare_BOM-DEL_AI_2026-09-05_T+1_1788556695999_jvu9,BOM-DEL,EaseMyTrip,AI,AI-2430,2026-09-05,T+1,5766,1266,7032,2026-09-04T20:56:53.081Z,FALSE,"",10:00,TRUE
fare_BOM-DEL_AI_2026-09-05_T+1_1788556695999_dmmt,BOM-DEL,EaseMyTrip,AI,AI-2960,2026-09-05,T+1,5766,1266,7032,2026-09-04T20:56:53.081Z,FALSE,"",14:05,TRUE
fare_BOM-DEL_AI_2026-09-05_T+1_1788556695999_iybz,BOM-DEL,EaseMyTrip,AI,AI-2944,2026-09-05,T+1,5766,1266,7032,2026-09-04T20:56:53.081Z,FALSE,"",14:35,TRUE
fare_BOM-DEL_AI_2026-09-05_T+1_1788556695999_8hy8,BOM-DEL,EaseMyTrip,AI,AI-2442,2026-09-05,T+1,5766,1266,7032,2026-09-04T20:56:53.081Z,FALSE,"",15:00,TRUE
fare_BOM-DEL_AI_2026-09-05_T+1_1788556695999_12h3,BOM-DEL,EaseMyTrip,AI,AI-1851,2026-09-05,T+1,5766,1266,7032,2026-09-04T20:56:53.081Z,FALSE,"",15:30,TRUE
fare_BOM-DEL_AI_2026-09-05_T+1_1788556695999_swzn,BOM-DEL,EaseMyTrip,AI,AI-2940,2026-09-05,T+1,5766,1266,7032,2026-09-04T20:56:53.081Z,FALSE,"",20:00,TRUE
fare_BOM-DEL_AI_2026-09-05_T+1_1788556695999_4q7b,BOM-DEL,EaseMyTrip,AI,AI-2988,2026-09-05,T+1,5766,1266,7032,2026-09-04T20:56:53.081Z,FALSE,"",20:30,TRUE
fare_BOM-DEL_AI_2026-09-05_T+1_1788556695999_tf06,BOM-DEL,EaseMyTrip,AI,AI-1882,2026-09-05,T+1,5766,1266,7032,2026-09-04T20:56:53.081Z,FALSE,"",23:55,TRUE
fare_BOM-DEL_AI_2026-09-05_T+1_1788556695999_dj2n,BOM-DEL,EaseMyTrip,AI,AI-2687,2026-09-05,T+1,5766,1266,7032,2026-09-04T20:56:53.081Z,FALSE,"",16:30,TRUE
fare_BOM-DEL_AI_2026-09-05_T+1_1788556695999_zbjo,BOM-DEL,EaseMyTrip,AI,AI-2408,2026-09-05,T+1,5897,1294,7191,2026-09-04T20:56:53.081Z,FALSE,"",19:30,TRUE
fare_BOM-DEL_AI_2026-09-05_T+1_1788556695999_g18q,BOM-DEL,EaseMyTrip,AI,AI-2986,2026-09-05,T+1,5897,1294,7191,2026-09-04T20:56:53.081Z,FALSE,"",22:35,TRUE
fare_BOM-DEL_6E_2026-09-05_T+1_1788556695999_obfm,BOM-DEL,EaseMyTrip,6E,6E-7017,2026-09-05,T+1,5737,1259,6996,2026-09-04T20:56:53.081Z,FALSE,"",21:30,FALSE
fare_BOM-DEL_6E_2026-09-05_T+1_1788556695999_trcd,BOM-DEL,EaseMyTrip,6E,6E-5056,2026-09-05,T+1,5841,1282,7123,2026-09-04T20:56:53.081Z,FALSE,"",21:10,FALSE
fare_BOM-DEL_AI_2026-09-05_T+1_1788556695999_as2p,BOM-DEL,EaseMyTrip,AI,AI-2440,2026-09-05,T+1,6069,1332,7401,2026-09-04T20:56:53.081Z,FALSE,"",18:00,TRUE
fare_BOM-DEL_6E_2026-09-05_T+1_1788556695999_517j,BOM-DEL,EaseMyTrip,6E,6E-5144,2026-09-05,T+1,6001,1317,7318,2026-09-04T20:56:53.081Z,FALSE,"",06:10,FALSE
fare_BOM-DEL_IX_2026-09-05_T+1_1788556695999_w472,BOM-DEL,EaseMyTrip,IX,IX-1026,2026-09-05,T+1,6857,1505,8362,2026-09-04T20:56:53.081Z,FALSE,"",05:45,FALSE
fare_BOM-DEL_6E_2026-09-05_T+1_1788556695999_mg8b,BOM-DEL,EaseMyTrip,6E,6E-6599,2026-09-05,T+1,6109,1341,7450,2026-09-04T20:56:53.081Z,FALSE,"",16:50,FALSE
fare_BOM-DEL_6E_2026-09-05_T+1_1788556695999_jafh,BOM-DEL,EaseMyTrip,6E,6E-986,2026-09-05,T+1,6281,1379,7660,2026-09-04T20:56:53.081Z,FALSE,"",17:45,FALSE
fare_BOM-DEL_6E_2026-09-05_T+1_1788556695999_98fe,BOM-DEL,EaseMyTrip,6E,6E-416,2026-09-05,T+1,6281,1379,7660,2026-09-04T20:56:53.081Z,FALSE,"",17:45,FALSE
fare_BOM-DEL_6E_2026-09-05_T+1_1788556695999_lexf,BOM-DEL,EaseMyTrip,6E,6E-6361,2026-09-05,T+1,6345,1393,7738,2026-09-04T20:56:53.081Z,FALSE,"",05:00,FALSE
fare_BOM-DEL_6E_2026-09-05_T+1_1788556695999_ge2c,BOM-DEL,EaseMyTrip,6E,6E-2237,2026-09-05,T+1,6485,1423,7908,2026-09-04T20:56:53.081Z,FALSE,"",18:40,FALSE
fare_BOM-DEL_AI_2026-09-05_T+1_1788556695999_omwh,BOM-DEL,EaseMyTrip,AI,AI-1891,2026-09-05,T+1,7095,1557,8652,2026-09-04T20:56:53.081Z,FALSE,"",08:10,TRUE
fare_BOM-DEL_6E_2026-09-05_T+1_1788556695999_ceqc,BOM-DEL,EaseMyTrip,6E,6E-609,2026-09-05,T+1,7023,1542,8565,2026-09-04T20:56:53.081Z,FALSE,"",12:40,FALSE
fare_BOM-DEL_6E_2026-09-05_T+1_1788556695999_7mqk,BOM-DEL,EaseMyTrip,6E,6E-946,2026-09-05,T+1,7023,1542,8565,2026-09-04T20:56:53.081Z,FALSE,"",12:40,FALSE
fare_BOM-DEL_6E_2026-09-05_T+1_1788556695999_fvyl,BOM-DEL,EaseMyTrip,6E,6E-5201,2026-09-05,T+1,7601,1669,9270,2026-09-04T20:56:53.081Z,FALSE,"",14:55,FALSE
fare_BOM-DEL_6E_2026-09-05_T+1_1788556695999_f6hg,BOM-DEL,EaseMyTrip,6E,6E-5135,2026-09-05,T+1,7751,1701,9452,2026-09-04T20:56:53.081Z,FALSE,"",23:20,FALSE
fare_BOM-DEL_6E_2026-09-05_T+1_1788556695999_gh15,BOM-DEL,EaseMyTrip,6E,6E-5164,2026-09-05,T+1,8353,1833,10186,2026-09-04T20:56:53.081Z,FALSE,"",20:20,FALSE
fare_BOM-DEL_AI_2026-09-05_T+1_1788556695999_2ruc,BOM-DEL,EaseMyTrip,AI,AI-2419,2026-09-05,T+1,8544,1876,10420,2026-09-04T20:56:53.081Z,FALSE,"",12:00,TRUE
fare_BOM-DEL_6E_2026-09-05_T+1_1788556695999_3qkp,BOM-DEL,EaseMyTrip,6E,6E-581,2026-09-05,T+1,8951,1965,10916,2026-09-04T20:56:53.081Z,FALSE,"",04:00,FALSE
fare_BOM-DEL_6E_2026-09-05_T+1_1788556695999_2ont,BOM-DEL,EaseMyTrip,6E,6E-858,2026-09-05,T+1,8951,1965,10916,2026-09-04T20:56:53.081Z,FALSE,"",04:00,FALSE
fare_BOM-DEL_IX_2026-09-05_T+1_1788556695999_ja0m,BOM-DEL,EaseMyTrip,IX,IX-1163,2026-09-05,T+1,9222,2024,11246,2026-09-04T20:56:53.081Z,FALSE,"",20:45,FALSE
fare_BOM-DEL_AI_2026-09-05_T+1_1788556695999_z8gi,BOM-DEL,EaseMyTrip,AI,AI-2728,2026-09-05,T+1,9422,2068,11490,2026-09-04T20:56:53.081Z,FALSE,"",05:20,FALSE
fare_BOM-DEL_AI_2026-09-05_T+1_1788556695999_6scq,BOM-DEL,EaseMyTrip,AI,AI-9753,2026-09-05,T+1,9709,2131,11840,2026-09-04T20:56:53.081Z,FALSE,"",05:45,FALSE
fare_BOM-DEL_6E_2026-09-05_T+1_1788556695999_9dyy,BOM-DEL,EaseMyTrip,6E,6E-6543,2026-09-05,T+1,9954,2185,12139,2026-09-04T20:56:53.081Z,FALSE,"",07:50,FALSE
fare_BOM-DEL_6E_2026-09-05_T+1_1788556695999_247s,BOM-DEL,EaseMyTrip,6E,6E-5345,2026-09-05,T+1,10012,2198,12210,2026-09-04T20:56:53.081Z,FALSE,"",14:25,FALSE
fare_BOM-DEL_6E_2026-09-05_T+1_1788556695999_anac,BOM-DEL,EaseMyTrip,6E,6E-5326,2026-09-05,T+1,10240,2248,12488,2026-09-04T20:56:53.081Z,FALSE,"",19:40,FALSE
fare_BOM-DEL_6E_2026-09-05_T+1_1788556695999_62me,BOM-DEL,EaseMyTrip,6E,6E-5281,2026-09-05,T+1,10533,2312,12845,2026-09-04T20:56:53.081Z,FALSE,"",08:40,FALSE
fare_BOM-DEL_IX_2026-09-05_T+1_1788556695999_75ed,BOM-DEL,EaseMyTrip,IX,IX-1238,2026-09-05,T+1,11057,2427,13484,2026-09-04T20:56:53.081Z,FALSE,"",12:25,FALSE
fare_BOM-DEL_6E_2026-09-05_T+1_1788556695999_ytoy,BOM-DEL,EaseMyTrip,6E,6E-5386,2026-09-05,T+1,10676,2344,13020,2026-09-04T20:56:53.081Z,FALSE,"",15:10,FALSE
fare_BOM-DEL_6E_2026-09-05_T+1_1788556695999_zo52,BOM-DEL,EaseMyTrip,6E,6E-5246,2026-09-05,T+1,11021,2419,13440,2026-09-04T20:56:53.081Z,FALSE,"",07:15,FALSE
fare_BOM-DEL_6E_2026-09-05_T+1_1788556695999_22n5,BOM-DEL,EaseMyTrip,6E,6E-5181,2026-09-05,T+1,11308,2482,13790,2026-09-04T20:56:53.081Z,FALSE,"",10:25,FALSE
fare_BOM-DEL_6E_2026-09-05_T+1_1788556695999_lo2u,BOM-DEL,EaseMyTrip,6E,6E-5318,2026-09-05,T+1,11365,2495,13860,2026-09-04T20:56:53.081Z,FALSE,"",10:15,FALSE
fare_BOM-DEL_IX_2026-09-05_T+1_1788556695999_bk9j,BOM-DEL,EaseMyTrip,IX,IX-1347,2026-09-05,T+1,11776,2585,14361,2026-09-04T20:56:53.081Z,FALSE,"",06:00,FALSE
fare_BOM-DEL_AI_2026-09-05_T+1_1788556695999_tp5z,BOM-DEL,EaseMyTrip,AI,AI-9891,2026-09-05,T+1,11605,2548,14153,2026-09-04T20:56:53.081Z,FALSE,"",13:10,FALSE
fare_BOM-DEL_6E_2026-09-05_T+1_1788556695999_9253,BOM-DEL,EaseMyTrip,6E,6E-5178,2026-09-05,T+1,11501,2525,14026,2026-09-04T20:56:53.081Z,FALSE,"",11:40,FALSE
fare_BOM-DEL_6E_2026-09-05_T+1_1788556695999_lbgy,BOM-DEL,EaseMyTrip,6E,6E-2347,2026-09-05,T+1,11521,2529,14050,2026-09-04T20:56:53.081Z,FALSE,"",08:50,FALSE
fare_BOM-DEL_AI_2026-09-05_T+1_1788556695999_ywtz,BOM-DEL,EaseMyTrip,AI,AI-2931,2026-09-05,T+1,12513,2747,15260,2026-09-04T20:56:53.081Z,FALSE,"",04:30,FALSE
fare_BOM-DEL_AI_2026-09-05_T+1_1788556695999_395o,BOM-DEL,EaseMyTrip,AI,AI-2785,2026-09-05,T+1,12656,2778,15434,2026-09-04T20:56:53.081Z,FALSE,"",06:40,FALSE
fare_BOM-DEL_AI_2026-09-05_T+1_1788556695999_y5ow,BOM-DEL,EaseMyTrip,AI,AI-603,2026-09-05,T+1,12801,2810,15611,2026-09-04T20:56:53.081Z,FALSE,"",05:00,FALSE
fare_BOM-DEL_AI_2026-09-05_T+1_1788556695999_ssen,BOM-DEL,EaseMyTrip,AI,AI-2659,2026-09-05,T+1,13311,2922,16233,2026-09-04T20:56:53.081Z,FALSE,"",14:35,FALSE
fare_BOM-DEL_6E_2026-09-05_T+1_1788556695999_y22g,BOM-DEL,EaseMyTrip,6E,6E-2024,2026-09-05,T+1,14173,3111,17284,2026-09-04T20:56:53.081Z,FALSE,"",09:15,FALSE
fare_BOM-DEL_AI_2026-09-05_T+1_1788556695999_4h2k,BOM-DEL,EaseMyTrip,AI,AI-2741,2026-09-05,T+1,14403,3162,17565,2026-09-04T20:56:53.081Z,FALSE,"",07:40,FALSE
fare_BOM-DEL_IX_2026-09-05_T+1_1788556695999_oh9m,BOM-DEL,EaseMyTrip,IX,IX-1237,2026-09-05,T+1,15323,3363,18686,2026-09-04T20:56:53.081Z,FALSE,"",05:55,FALSE
fare_BOM-DEL_IX_2026-09-05_T+1_1788556695999_erap,BOM-DEL,EaseMyTrip,IX,IX-1176,2026-09-05,T+1,15877,3485,19362,2026-09-04T20:56:53.081Z,TRUE,"High outlier: ₹19362 > upper fence ₹18730 (Q3: ₹11429, IQR: ₹4867)",11:20,FALSE
fare_BOM-DEL_AI_2026-09-05_T+1_1788556695999_g14u,BOM-DEL,EaseMyTrip,AI,AI-2749,2026-09-05,T+1,16179,3552,19731,2026-09-04T20:56:53.081Z,TRUE,"High outlier: ₹19731 > upper fence ₹18730 (Q3: ₹11429, IQR: ₹4867)",17:35,FALSE
fare_BOM-DEL_AI_2026-09-05_T+1_1788556695999_k2mw,BOM-DEL,EaseMyTrip,AI,AI-2531,2026-09-05,T+1,16273,3572,19845,2026-09-04T20:56:53.081Z,TRUE,"High outlier: ₹19845 > upper fence ₹18730 (Q3: ₹11429, IQR: ₹4867)",15:05,FALSE
fare_BOM-DEL_AI_2026-09-05_T+1_1788556695999_755i,BOM-DEL,EaseMyTrip,AI,AI-2444,2026-09-05,T+1,16388,3597,19985,2026-09-04T20:56:53.081Z,TRUE,"High outlier: ₹19985 > upper fence ₹18730 (Q3: ₹11429, IQR: ₹4867)",10:50,FALSE
fare_BOM-DEL_AI_2026-09-05_T+1_1788556695999_g42d,BOM-DEL,EaseMyTrip,AI,AI-2853,2026-09-05,T+1,16500,3622,20122,2026-09-04T20:56:53.081Z,TRUE,"High outlier: ₹20122 > upper fence ₹18730 (Q3: ₹11429, IQR: ₹4867)",15:25,FALSE
fare_BOM-DEL_AI_2026-09-05_T+1_1788556695999_xxib,BOM-DEL,EaseMyTrip,AI,AI-2625,2026-09-05,T+1,16536,3630,20166,2026-09-04T20:56:53.081Z,TRUE,"High outlier: ₹20166 > upper fence ₹18730 (Q3: ₹11429, IQR: ₹4867)",06:00,FALSE
fare_BOM-DEL_AI_2026-09-05_T+1_1788556695999_aiqx,BOM-DEL,EaseMyTrip,AI,AI-2919,2026-09-05,T+1,16645,3654,20299,2026-09-04T20:56:53.081Z,TRUE,"High outlier: ₹20299 > upper fence ₹18730 (Q3: ₹11429, IQR: ₹4867)",21:35,FALSE
fare_BOM-DEL_AI_2026-09-05_T+1_1788556695999_t4at,BOM-DEL,EaseMyTrip,AI,AI-2503,2026-09-05,T+1,16785,3684,20469,2026-09-04T20:56:53.081Z,TRUE,"High outlier: ₹20469 > upper fence ₹18730 (Q3: ₹11429, IQR: ₹4867)",12:55,FALSE
fare_BOM-DEL_AI_2026-09-05_T+1_1788556695999_kzzb,BOM-DEL,EaseMyTrip,AI,AI-2915,2026-09-05,T+1,16813,3691,20504,2026-09-04T20:56:53.081Z,TRUE,"High outlier: ₹20504 > upper fence ₹18730 (Q3: ₹11429, IQR: ₹4867)",15:30,FALSE
fare_BOM-DEL_AI_2026-09-05_T+1_1788556695999_p9r4,BOM-DEL,EaseMyTrip,AI,AI-493,2026-09-05,T+1,17064,3746,20810,2026-09-04T20:56:53.081Z,TRUE,"High outlier: ₹20810 > upper fence ₹18730 (Q3: ₹11429, IQR: ₹4867)",06:40,FALSE
fare_BOM-DEL_AI_2026-09-05_T+1_1788556695999_o91l,BOM-DEL,EaseMyTrip,AI,AI-2579,2026-09-05,T+1,17761,3899,21660,2026-09-04T20:56:53.081Z,TRUE,"High outlier: ₹21660 > upper fence ₹18730 (Q3: ₹11429, IQR: ₹4867)",10:35,FALSE
fare_BOM-DEL_IX_2026-09-05_T+1_1788556695999_jk02,BOM-DEL,EaseMyTrip,IX,IX-1810,2026-09-05,T+1,18857,4139,22996,2026-09-04T20:56:53.081Z,TRUE,"High outlier: ₹22996 > upper fence ₹18730 (Q3: ₹11429, IQR: ₹4867)",13:40,FALSE
fare_BOM-DEL_IX_2026-09-05_T+1_1788556695999_fk2i,BOM-DEL,EaseMyTrip,IX,IX-1809,2026-09-05,T+1,22585,4958,27543,2026-09-04T20:56:53.081Z,TRUE,"High outlier: ₹27543 > upper fence ₹18730 (Q3: ₹11429, IQR: ₹4867)",07:30,FALSE
fare_BOM-DEL_IX_2026-09-05_T+1_1788556695999_n99q,BOM-DEL,EaseMyTrip,IX,IX-1283,2026-09-05,T+1,23117,5074,28191,2026-09-04T20:56:53.081Z,TRUE,"High outlier: ₹28191 > upper fence ₹18730 (Q3: ₹11429, IQR: ₹4867)",09:05,FALSE
fare_BOM-DEL_AI_2026-09-05_T+1_1788556695999_auej,BOM-DEL,EaseMyTrip,AI,AI-2781,2026-09-05,T+1,28357,6225,34582,2026-09-04T20:56:53.081Z,TRUE,"High outlier: ₹34582 > upper fence ₹18730 (Q3: ₹11429, IQR: ₹4867)",10:45,FALSE
fare_BOM-DEL_AI_2026-09-05_T+1_1788556695999_m4fb,BOM-DEL,EaseMyTrip,AI,AI-2493,2026-09-05,T+1,29827,6547,36374,2026-09-04T20:56:53.081Z,TRUE,"High outlier: ₹36374 > upper fence ₹18730 (Q3: ₹11429, IQR: ₹4867)",18:25,FALSE
fare_BOM-DEL_SG_2026-10-04_T+30_1788556695999_tsvm,BOM-DEL,EaseMyTrip,SG,SG-918,2026-10-04,T+30,5231,1148,6379,2026-09-04T20:57:12.118Z,FALSE,"",01:50,TRUE
fare_BOM-DEL_SG_2026-10-04_T+30_1788556695999_92ix,BOM-DEL,EaseMyTrip,SG,SG-601,2026-10-04,T+30,5231,1148,6379,2026-09-04T20:57:12.118Z,FALSE,"",01:50,TRUE
fare_BOM-DEL_SG_2026-10-04_T+30_1788556695999_fxq5,BOM-DEL,EaseMyTrip,SG,SG-657,2026-10-04,T+30,5231,1148,6379,2026-09-04T20:57:12.118Z,FALSE,"",23:25,TRUE
fare_BOM-DEL_SG_2026-10-04_T+30_1788556695999_nz6j,BOM-DEL,EaseMyTrip,SG,SG-766,2026-10-04,T+30,5231,1148,6379,2026-09-04T20:57:12.118Z,FALSE,"",23:25,TRUE
fare_BOM-DEL_IX_2026-10-04_T+30_1788556695999_11w8,BOM-DEL,EaseMyTrip,IX,IX-1464,2026-10-04,T+30,5380,1181,6561,2026-09-04T20:57:12.118Z,FALSE,"",08:25,TRUE
fare_BOM-DEL_IX_2026-10-04_T+30_1788556695999_2arh,BOM-DEL,EaseMyTrip,IX,IX-1364,2026-10-04,T+30,5380,1181,6561,2026-09-04T20:57:12.118Z,FALSE,"",21:55,TRUE
fare_BOM-DEL_IX_2026-10-04_T+30_1788556695999_l22q,BOM-DEL,EaseMyTrip,IX,IX-1787,2026-10-04,T+30,5930,1302,7232,2026-09-04T20:57:12.118Z,FALSE,"",13:10,FALSE
fare_BOM-DEL_IX_2026-10-04_T+30_1788556695999_dwcs,BOM-DEL,EaseMyTrip,IX,IX-2153,2026-10-04,T+30,5552,1219,6771,2026-09-04T20:57:12.118Z,FALSE,"",20:25,TRUE
fare_BOM-DEL_QP_2026-10-04_T+30_1788556695999_qklh,BOM-DEL,EaseMyTrip,QP,QP-2011,2026-10-04,T+30,5330,1170,6500,2026-09-04T20:57:12.118Z,FALSE,"",05:35,TRUE
fare_BOM-DEL_QP_2026-10-04_T+30_1788556696000_8xo3,BOM-DEL,EaseMyTrip,QP,QP-2017,2026-10-04,T+30,5363,1177,6540,2026-09-04T20:57:12.118Z,FALSE,"",08:10,TRUE
fare_BOM-DEL_6E_2026-10-04_T+30_1788556696000_co7w,BOM-DEL,EaseMyTrip,6E,6E-2090,2026-10-04,T+30,5380,1181,6561,2026-09-04T20:57:12.118Z,FALSE,"",06:25,TRUE
fare_BOM-DEL_QP_2026-10-04_T+30_1788556696000_7uby,BOM-DEL,EaseMyTrip,QP,QP-1120,2026-10-04,T+30,5381,1181,6562,2026-09-04T20:57:12.118Z,FALSE,"",19:00,TRUE
fare_BOM-DEL_QP_2026-10-04_T+30_1788556696000_wz5k,BOM-DEL,EaseMyTrip,QP,QP-1109,2026-10-04,T+30,5381,1181,6562,2026-09-04T20:57:12.118Z,FALSE,"",07:00,TRUE
fare_BOM-DEL_QP_2026-10-04_T+30_1788556696000_32l4,BOM-DEL,EaseMyTrip,QP,QP-1834,2026-10-04,T+30,5381,1181,6562,2026-09-04T20:57:12.118Z,FALSE,"",10:25,TRUE
fare_BOM-DEL_6E_2026-10-04_T+30_1788556696000_lgni,BOM-DEL,EaseMyTrip,6E,6E-384,2026-10-04,T+30,5381,1181,6562,2026-09-04T20:57:12.118Z,FALSE,"",23:45,TRUE
fare_BOM-DEL_6E_2026-10-04_T+30_1788556696000_lwbc,BOM-DEL,EaseMyTrip,6E,6E-583,2026-10-04,T+30,5381,1181,6562,2026-09-04T20:57:12.118Z,FALSE,"",23:45,TRUE
fare_BOM-DEL_6E_2026-10-04_T+30_1788556696000_fjhb,BOM-DEL,EaseMyTrip,6E,6E-669,2026-10-04,T+30,5381,1181,6562,2026-09-04T20:57:12.118Z,FALSE,"",22:15,TRUE
fare_BOM-DEL_6E_2026-10-04_T+30_1788556696000_pcvg,BOM-DEL,EaseMyTrip,6E,6E-887,2026-10-04,T+30,5381,1181,6562,2026-09-04T20:57:12.118Z,FALSE,"",22:15,TRUE
fare_BOM-DEL_6E_2026-10-04_T+30_1788556696000_xqtq,BOM-DEL,EaseMyTrip,6E,6E-173,2026-10-04,T+30,5381,1181,6562,2026-09-04T20:57:12.118Z,FALSE,"",21:15,TRUE
fare_BOM-DEL_6E_2026-10-04_T+30_1788556696000_lrx4,BOM-DEL,EaseMyTrip,6E,6E-532,2026-10-04,T+30,5381,1181,6562,2026-09-04T20:57:12.118Z,FALSE,"",21:15,TRUE
fare_BOM-DEL_6E_2026-10-04_T+30_1788556696000_7ydw,BOM-DEL,EaseMyTrip,6E,6E-748,2026-10-04,T+30,5381,1181,6562,2026-09-04T20:57:12.118Z,FALSE,"",06:00,TRUE
fare_BOM-DEL_6E_2026-10-04_T+30_1788556696000_26of,BOM-DEL,EaseMyTrip,6E,6E-768,2026-10-04,T+30,5381,1181,6562,2026-09-04T20:57:12.118Z,FALSE,"",06:00,TRUE
fare_BOM-DEL_6E_2026-10-04_T+30_1788556696000_9ogl,BOM-DEL,EaseMyTrip,6E,6E-855,2026-10-04,T+30,5381,1181,6562,2026-09-04T20:57:12.118Z,FALSE,"",07:00,TRUE
fare_BOM-DEL_6E_2026-10-04_T+30_1788556696000_wbec,BOM-DEL,EaseMyTrip,6E,6E-234,2026-10-04,T+30,5381,1181,6562,2026-09-04T20:57:12.118Z,FALSE,"",07:00,TRUE
fare_BOM-DEL_6E_2026-10-04_T+30_1788556696000_y62t,BOM-DEL,EaseMyTrip,6E,6E-601,2026-10-04,T+30,5381,1181,6562,2026-09-04T20:57:12.118Z,FALSE,"",08:00,TRUE
fare_BOM-DEL_6E_2026-10-04_T+30_1788556696000_aw31,BOM-DEL,EaseMyTrip,6E,6E-819,2026-10-04,T+30,5381,1181,6562,2026-09-04T20:57:12.118Z,FALSE,"",08:00,TRUE
fare_BOM-DEL_6E_2026-10-04_T+30_1788556696000_7w1o,BOM-DEL,EaseMyTrip,6E,6E-6052,2026-10-04,T+30,5381,1181,6562,2026-09-04T20:57:12.118Z,FALSE,"",10:00,TRUE
fare_BOM-DEL_6E_2026-10-04_T+30_1788556696000_xyic,BOM-DEL,EaseMyTrip,6E,6E-820,2026-10-04,T+30,5381,1181,6562,2026-09-04T20:57:12.118Z,FALSE,"",10:35,TRUE
fare_BOM-DEL_6E_2026-10-04_T+30_1788556696000_5zw0,BOM-DEL,EaseMyTrip,6E,6E-399,2026-10-04,T+30,5381,1181,6562,2026-09-04T20:57:12.118Z,FALSE,"",10:35,TRUE
fare_BOM-DEL_6E_2026-10-04_T+30_1788556696000_41iy,BOM-DEL,EaseMyTrip,6E,6E-961,2026-10-04,T+30,5381,1181,6562,2026-09-04T20:57:12.118Z,FALSE,"",09:00,TRUE
fare_BOM-DEL_IX_2026-10-04_T+30_1788556696000_44io,BOM-DEL,EaseMyTrip,IX,IX-1050,2026-10-04,T+30,5683,1247,6930,2026-09-04T20:57:12.118Z,FALSE,"",14:45,TRUE
fare_BOM-DEL_6E_2026-10-04_T+30_1788556696000_c9kr,BOM-DEL,EaseMyTrip,6E,6E-5197,2026-10-04,T+30,5423,1191,6614,2026-09-04T20:57:12.118Z,FALSE,"",06:40,TRUE
fare_BOM-DEL_6E_2026-10-04_T+30_1788556696000_f7ld,BOM-DEL,EaseMyTrip,6E,6E-834,2026-10-04,T+30,5510,1210,6720,2026-09-04T20:57:12.118Z,FALSE,"",19:00,TRUE
fare_BOM-DEL_6E_2026-10-04_T+30_1788556696000_ldul,BOM-DEL,EaseMyTrip,6E,6E-459,2026-10-04,T+30,5510,1210,6720,2026-09-04T20:57:12.118Z,FALSE,"",19:00,TRUE
fare_BOM-DEL_6E_2026-10-04_T+30_1788556696000_f4tt,BOM-DEL,EaseMyTrip,6E,6E-817,2026-10-04,T+30,5510,1210,6720,2026-09-04T20:57:12.118Z,FALSE,"",17:20,TRUE
fare_BOM-DEL_6E_2026-10-04_T+30_1788556696000_0elb,BOM-DEL,EaseMyTrip,6E,6E-984,2026-10-04,T+30,5510,1210,6720,2026-09-04T20:57:12.118Z,FALSE,"",17:20,TRUE
fare_BOM-DEL_6E_2026-10-04_T+30_1788556696000_jtwl,BOM-DEL,EaseMyTrip,6E,6E-6082,2026-10-04,T+30,5510,1210,6720,2026-09-04T20:57:12.118Z,FALSE,"",16:45,TRUE
fare_BOM-DEL_6E_2026-10-04_T+30_1788556696000_e43s,BOM-DEL,EaseMyTrip,6E,6E-598,2026-10-04,T+30,5510,1210,6720,2026-09-04T20:57:12.118Z,FALSE,"",16:00,TRUE
fare_BOM-DEL_6E_2026-10-04_T+30_1788556696000_zaza,BOM-DEL,EaseMyTrip,6E,6E-355,2026-10-04,T+30,5510,1210,6720,2026-09-04T20:57:12.118Z,FALSE,"",16:00,TRUE
fare_BOM-DEL_6E_2026-10-04_T+30_1788556696000_p8gf,BOM-DEL,EaseMyTrip,6E,6E-6827,2026-10-04,T+30,5510,1210,6720,2026-09-04T20:57:12.118Z,FALSE,"",11:30,TRUE
fare_BOM-DEL_6E_2026-10-04_T+30_1788556696000_jc0k,BOM-DEL,EaseMyTrip,6E,6E-672,2026-10-04,T+30,5552,1219,6771,2026-09-04T20:57:12.118Z,FALSE,"",17:20,TRUE
fare_BOM-DEL_6E_2026-10-04_T+30_1788556696000_11qq,BOM-DEL,EaseMyTrip,6E,6E-342,2026-10-04,T+30,5552,1219,6771,2026-09-04T20:57:12.118Z,FALSE,"",17:20,TRUE
fare_BOM-DEL_QP_2026-10-04_T+30_1788556696000_t7ee,BOM-DEL,EaseMyTrip,QP,QP-1825,2026-10-04,T+30,5578,1224,6802,2026-09-04T20:57:12.118Z,FALSE,"",17:00,TRUE
fare_BOM-DEL_QP_2026-10-04_T+30_1788556696000_eh1f,BOM-DEL,EaseMyTrip,QP,QP-1819,2026-10-04,T+30,5578,1224,6802,2026-09-04T20:57:12.118Z,FALSE,"",14:30,TRUE
fare_BOM-DEL_AI_2026-10-04_T+30_1788556696000_r4ax,BOM-DEL,EaseMyTrip,AI,AI-2928,2026-10-04,T+30,5766,1266,7032,2026-09-04T20:57:12.118Z,FALSE,"",06:30,TRUE
fare_BOM-DEL_AI_2026-10-04_T+30_1788556696000_7elj,BOM-DEL,EaseMyTrip,AI,AI-2424,2026-10-04,T+30,5766,1266,7032,2026-09-04T20:57:12.118Z,FALSE,"",07:00,TRUE
fare_BOM-DEL_AI_2026-10-04_T+30_1788556696000_74rt,BOM-DEL,EaseMyTrip,AI,AI-816,2026-10-04,T+30,5766,1266,7032,2026-09-04T20:57:12.118Z,FALSE,"",21:00,TRUE
fare_BOM-DEL_AI_2026-10-04_T+30_1788556696000_ofn7,BOM-DEL,EaseMyTrip,AI,AI-1895,2026-10-04,T+30,5766,1266,7032,2026-09-04T20:57:12.118Z,FALSE,"",21:30,TRUE
fare_BOM-DEL_AI_2026-10-04_T+30_1788556696000_sznq,BOM-DEL,EaseMyTrip,AI,AI-1882,2026-10-04,T+30,5766,1266,7032,2026-09-04T20:57:12.118Z,FALSE,"",23:55,TRUE
fare_BOM-DEL_AI_2026-10-04_T+30_1788556696000_8ehb,BOM-DEL,EaseMyTrip,AI,AI-2986,2026-10-04,T+30,5766,1266,7032,2026-09-04T20:57:12.118Z,FALSE,"",22:35,TRUE
fare_BOM-DEL_IX_2026-10-04_T+30_1788556696000_22au,BOM-DEL,EaseMyTrip,IX,IX-1671,2026-10-04,T+30,5904,1296,7200,2026-09-04T20:57:12.118Z,FALSE,"",16:45,TRUE
fare_BOM-DEL_QP_2026-10-04_T+30_1788556696000_0ent,BOM-DEL,EaseMyTrip,QP,QP-1127,2026-10-04,T+30,5679,1246,6925,2026-09-04T20:57:12.118Z,FALSE,"",13:00,TRUE
fare_BOM-DEL_6E_2026-10-04_T+30_1788556696000_9h4c,BOM-DEL,EaseMyTrip,6E,6E-6049,2026-10-04,T+30,5683,1247,6930,2026-09-04T20:57:12.118Z,FALSE,"",19:45,TRUE
fare_BOM-DEL_6E_2026-10-04_T+30_1788556696000_yvb7,BOM-DEL,EaseMyTrip,6E,6E-6613,2026-10-04,T+30,5683,1247,6930,2026-09-04T20:57:12.118Z,FALSE,"",18:15,TRUE
fare_BOM-DEL_6E_2026-10-04_T+30_1788556696000_9d3e,BOM-DEL,EaseMyTrip,6E,6E-184,2026-10-04,T+30,5683,1247,6930,2026-09-04T20:57:12.118Z,FALSE,"",15:00,TRUE
fare_BOM-DEL_6E_2026-10-04_T+30_1788556696000_e944,BOM-DEL,EaseMyTrip,6E,6E-473,2026-10-04,T+30,5683,1247,6930,2026-09-04T20:57:12.118Z,FALSE,"",15:00,TRUE
fare_BOM-DEL_6E_2026-10-04_T+30_1788556696000_tr2q,BOM-DEL,EaseMyTrip,6E,6E-646,2026-10-04,T+30,5683,1247,6930,2026-09-04T20:57:12.118Z,FALSE,"",20:20,TRUE
fare_BOM-DEL_6E_2026-10-04_T+30_1788556696000_ic2x,BOM-DEL,EaseMyTrip,6E,6E-651,2026-10-04,T+30,5683,1247,6930,2026-09-04T20:57:12.118Z,FALSE,"",20:20,TRUE
fare_BOM-DEL_6E_2026-10-04_T+30_1788556696000_6i1i,BOM-DEL,EaseMyTrip,6E,6E-486,2026-10-04,T+30,5683,1247,6930,2026-09-04T20:57:12.118Z,FALSE,"",13:00,TRUE
fare_BOM-DEL_6E_2026-10-04_T+30_1788556696000_pbcz,BOM-DEL,EaseMyTrip,6E,6E-603,2026-10-04,T+30,5683,1247,6930,2026-09-04T20:57:12.118Z,FALSE,"",13:00,TRUE
fare_BOM-DEL_6E_2026-10-04_T+30_1788556696000_zkdw,BOM-DEL,EaseMyTrip,6E,6E-6704,2026-10-04,T+30,5683,1247,6930,2026-09-04T20:57:12.118Z,FALSE,"",14:00,TRUE
fare_BOM-DEL_6E_2026-10-04_T+30_1788556696000_ztcw,BOM-DEL,EaseMyTrip,6E,6E-6028,2026-10-04,T+30,5683,1247,6930,2026-09-04T20:57:12.118Z,FALSE,"",12:15,TRUE
fare_BOM-DEL_AI_2026-10-04_T+30_1788556696000_6y72,BOM-DEL,EaseMyTrip,AI,AI-2952,2026-10-04,T+30,5897,1294,7191,2026-09-04T20:57:12.118Z,FALSE,"",11:25,TRUE
fare_BOM-DEL_AI_2026-10-04_T+30_1788556696000_cxy2,BOM-DEL,EaseMyTrip,AI,AI-2419,2026-10-04,T+30,5897,1294,7191,2026-09-04T20:57:12.118Z,FALSE,"",12:00,TRUE
fare_BOM-DEL_AI_2026-10-04_T+30_1788556696000_sl7p,BOM-DEL,EaseMyTrip,AI,AI-1851,2026-10-04,T+30,5897,1294,7191,2026-09-04T20:57:12.118Z,FALSE,"",15:30,TRUE
fare_BOM-DEL_AI_2026-10-04_T+30_1788556696000_ypgt,BOM-DEL,EaseMyTrip,AI,AI-2687,2026-10-04,T+30,5897,1294,7191,2026-09-04T20:57:12.118Z,FALSE,"",16:40,TRUE
fare_BOM-DEL_AI_2026-10-04_T+30_1788556696000_0uyi,BOM-DEL,EaseMyTrip,AI,AI-2970,2026-10-04,T+30,5908,1297,7205,2026-09-04T20:57:12.118Z,FALSE,"",08:30,TRUE
fare_BOM-DEL_AI_2026-10-04_T+30_1788556696000_4751,BOM-DEL,EaseMyTrip,AI,AI-2428,2026-10-04,T+30,5908,1297,7205,2026-09-04T20:57:12.118Z,FALSE,"",08:00,TRUE
fare_BOM-DEL_AI_2026-10-04_T+30_1788556696000_std3,BOM-DEL,EaseMyTrip,AI,AI-2930,2026-10-04,T+30,5908,1297,7205,2026-09-04T20:57:12.118Z,FALSE,"",07:30,TRUE
fare_BOM-DEL_AI_2026-10-04_T+30_1788556696000_hngw,BOM-DEL,EaseMyTrip,AI,AI-2430,2026-10-04,T+30,5908,1297,7205,2026-09-04T20:57:12.118Z,FALSE,"",10:00,TRUE
fare_BOM-DEL_AI_2026-10-04_T+30_1788556696000_u9ef,BOM-DEL,EaseMyTrip,AI,AI-2432,2026-10-04,T+30,5908,1297,7205,2026-09-04T20:57:12.118Z,FALSE,"",09:30,TRUE
fare_BOM-DEL_6E_2026-10-04_T+30_1788556696000_gr8l,BOM-DEL,EaseMyTrip,6E,6E-2237,2026-10-04,T+30,5870,1288,7158,2026-09-04T20:57:12.118Z,FALSE,"",18:40,FALSE
fare_BOM-DEL_6E_2026-10-04_T+30_1788556696000_szh7,BOM-DEL,EaseMyTrip,6E,6E-5059,2026-10-04,T+30,5870,1288,7158,2026-09-04T20:57:12.118Z,FALSE,"",05:45,FALSE
fare_BOM-DEL_6E_2026-10-04_T+30_1788556696000_r20c,BOM-DEL,EaseMyTrip,6E,6E-5144,2026-10-04,T+30,5870,1288,7158,2026-09-04T20:57:12.118Z,FALSE,"",06:10,FALSE
fare_BOM-DEL_6E_2026-10-04_T+30_1788556696000_o9yj,BOM-DEL,EaseMyTrip,6E,6E-982,2026-10-04,T+30,5870,1288,7158,2026-09-04T20:57:12.118Z,FALSE,"",01:30,FALSE
fare_BOM-DEL_6E_2026-10-04_T+30_1788556696000_g9x9,BOM-DEL,EaseMyTrip,6E,6E-733,2026-10-04,T+30,5870,1288,7158,2026-09-04T20:57:12.118Z,FALSE,"",01:30,FALSE
fare_BOM-DEL_6E_2026-10-04_T+30_1788556696000_vblg,BOM-DEL,EaseMyTrip,6E,6E-2347,2026-10-04,T+30,5870,1288,7158,2026-09-04T20:57:12.118Z,FALSE,"",08:50,FALSE
fare_BOM-DEL_AI_2026-10-04_T+30_1788556696000_axdi,BOM-DEL,EaseMyTrip,AI,AI-2996,2026-10-04,T+30,6043,1326,7369,2026-09-04T20:57:12.118Z,FALSE,"",18:30,TRUE
fare_BOM-DEL_6E_2026-10-04_T+30_1788556696000_lelt,BOM-DEL,EaseMyTrip,6E,6E-6045,2026-10-04,T+30,5897,1295,7192,2026-09-04T20:57:12.118Z,FALSE,"",03:00,TRUE
fare_BOM-DEL_AI_2026-10-04_T+30_1788556696000_3j79,BOM-DEL,EaseMyTrip,AI,AI-2677,2026-10-04,T+30,6069,1332,7401,2026-09-04T20:57:12.118Z,FALSE,"",13:00,TRUE
fare_BOM-DEL_AI_2026-10-04_T+30_1788556696000_i933,BOM-DEL,EaseMyTrip,AI,AI-2408,2026-10-04,T+30,6069,1332,7401,2026-09-04T20:57:12.118Z,FALSE,"",19:30,TRUE
fare_BOM-DEL_AI_2026-10-04_T+30_1788556696000_vax4,BOM-DEL,EaseMyTrip,AI,AI-2422,2026-10-04,T+30,6069,1332,7401,2026-09-04T20:57:12.118Z,FALSE,"",01:00,TRUE
fare_BOM-DEL_AI_2026-10-04_T+30_1788556696000_3pze,BOM-DEL,EaseMyTrip,AI,AI-2940,2026-10-04,T+30,6069,1332,7401,2026-09-04T20:57:12.118Z,FALSE,"",20:00,TRUE
fare_BOM-DEL_AI_2026-10-04_T+30_1788556696000_0zwr,BOM-DEL,EaseMyTrip,AI,AI-2988,2026-10-04,T+30,6069,1332,7401,2026-09-04T20:57:12.118Z,FALSE,"",20:30,TRUE
fare_BOM-DEL_6E_2026-10-04_T+30_1788556696000_6ulh,BOM-DEL,EaseMyTrip,6E,6E-6027,2026-10-04,T+30,5977,1312,7289,2026-09-04T20:57:12.118Z,FALSE,"",17:35,FALSE
fare_BOM-DEL_6E_2026-10-04_T+30_1788556696000_0fnx,BOM-DEL,EaseMyTrip,6E,6E-6599,2026-10-04,T+30,5977,1312,7289,2026-09-04T20:57:12.118Z,FALSE,"",16:50,FALSE
fare_BOM-DEL_6E_2026-10-04_T+30_1788556696000_lcv1,BOM-DEL,EaseMyTrip,6E,6E-5147,2026-10-04,T+30,5977,1312,7289,2026-09-04T20:57:12.118Z,FALSE,"",18:35,FALSE
fare_BOM-DEL_6E_2026-10-04_T+30_1788556696000_l1q9,BOM-DEL,EaseMyTrip,6E,6E-5164,2026-10-04,T+30,5977,1312,7289,2026-09-04T20:57:12.118Z,FALSE,"",20:00,FALSE
fare_BOM-DEL_6E_2026-10-04_T+30_1788556696000_mrqn,BOM-DEL,EaseMyTrip,6E,6E-5181,2026-10-04,T+30,5977,1312,7289,2026-09-04T20:57:12.118Z,FALSE,"",10:25,FALSE
fare_BOM-DEL_6E_2026-10-04_T+30_1788556696000_x7zs,BOM-DEL,EaseMyTrip,6E,6E-5154,2026-10-04,T+30,5977,1312,7289,2026-09-04T20:57:12.118Z,FALSE,"",15:45,FALSE
fare_BOM-DEL_6E_2026-10-04_T+30_1788556696000_zzjd,BOM-DEL,EaseMyTrip,6E,6E-6802,2026-10-04,T+30,5977,1312,7289,2026-09-04T20:57:12.118Z,FALSE,"",16:55,FALSE
fare_BOM-DEL_6E_2026-10-04_T+30_1788556696000_qe38,BOM-DEL,EaseMyTrip,6E,6E-7017,2026-10-04,T+30,6031,1324,7355,2026-09-04T20:57:12.118Z,FALSE,"",21:30,FALSE
fare_BOM-DEL_6E_2026-10-04_T+30_1788556696000_z99m,BOM-DEL,EaseMyTrip,6E,6E-907,2026-10-04,T+30,6031,1324,7355,2026-09-04T20:57:12.118Z,FALSE,"",07:05,FALSE
fare_BOM-DEL_6E_2026-10-04_T+30_1788556696000_9c2l,BOM-DEL,EaseMyTrip,6E,6E-210,2026-10-04,T+30,6031,1324,7355,2026-09-04T20:57:12.118Z,FALSE,"",07:05,FALSE
fare_BOM-DEL_6E_2026-10-04_T+30_1788556696000_g0d8,BOM-DEL,EaseMyTrip,6E,6E-2138,2026-10-04,T+30,6031,1324,7355,2026-09-04T20:57:12.118Z,FALSE,"",16:20,FALSE
fare_BOM-DEL_6E_2026-10-04_T+30_1788556696000_oblf,BOM-DEL,EaseMyTrip,6E,6E-5238,2026-10-04,T+30,6031,1324,7355,2026-09-04T20:57:12.118Z,FALSE,"",18:25,FALSE
fare_BOM-DEL_6E_2026-10-04_T+30_1788556696000_kag0,BOM-DEL,EaseMyTrip,6E,6E-500,2026-10-04,T+30,6031,1324,7355,2026-09-04T20:57:12.118Z,FALSE,"",07:05,FALSE
fare_BOM-DEL_6E_2026-10-04_T+30_1788556696000_guas,BOM-DEL,EaseMyTrip,6E,6E-492,2026-10-04,T+30,6031,1324,7355,2026-09-04T20:57:12.118Z,FALSE,"",07:05,FALSE
fare_BOM-DEL_6E_2026-10-04_T+30_1788556696000_wm51,BOM-DEL,EaseMyTrip,6E,6E-264,2026-10-04,T+30,6031,1324,7355,2026-09-04T20:57:12.118Z,FALSE,"",07:05,FALSE
fare_BOM-DEL_6E_2026-10-04_T+30_1788556696000_ka5z,BOM-DEL,EaseMyTrip,6E,6E-359,2026-10-04,T+30,6031,1324,7355,2026-09-04T20:57:12.118Z,FALSE,"",07:05,FALSE
fare_BOM-DEL_6E_2026-10-04_T+30_1788556696000_hza5,BOM-DEL,EaseMyTrip,6E,6E-279,2026-10-04,T+30,6031,1324,7355,2026-09-04T20:57:12.118Z,FALSE,"",13:35,FALSE
fare_BOM-DEL_6E_2026-10-04_T+30_1788556696000_vmsm,BOM-DEL,EaseMyTrip,6E,6E-658,2026-10-04,T+30,6031,1324,7355,2026-09-04T20:57:12.118Z,FALSE,"",13:35,FALSE
fare_BOM-DEL_6E_2026-10-04_T+30_1788556696000_7nkz,BOM-DEL,EaseMyTrip,6E,6E-5028,2026-10-04,T+30,6042,1326,7368,2026-09-04T20:57:12.118Z,FALSE,"",19:35,FALSE
fare_BOM-DEL_6E_2026-10-04_T+30_1788556696000_je2d,BOM-DEL,EaseMyTrip,6E,6E-513,2026-10-04,T+30,6042,1326,7368,2026-09-04T20:57:12.118Z,FALSE,"",04:30,FALSE
fare_BOM-DEL_6E_2026-10-04_T+30_1788556696000_nrlc,BOM-DEL,EaseMyTrip,6E,6E-559,2026-10-04,T+30,6042,1326,7368,2026-09-04T20:57:12.118Z,FALSE,"",04:30,FALSE
fare_BOM-DEL_6E_2026-10-04_T+30_1788556696000_v67i,BOM-DEL,EaseMyTrip,6E,6E-5268,2026-10-04,T+30,6042,1326,7368,2026-09-04T20:57:12.118Z,FALSE,"",08:25,FALSE
fare_BOM-DEL_IX_2026-10-04_T+30_1788556696000_b5qd,BOM-DEL,EaseMyTrip,IX,IX-1023,2026-10-04,T+30,6857,1505,8362,2026-09-04T20:57:12.118Z,FALSE,"",11:25,FALSE
fare_BOM-DEL_IX_2026-10-04_T+30_1788556696000_osi0,BOM-DEL,EaseMyTrip,IX,IX-1026,2026-10-04,T+30,6857,1505,8362,2026-09-04T20:57:12.118Z,FALSE,"",05:45,FALSE
fare_BOM-DEL_6E_2026-10-04_T+30_1788556696000_942t,BOM-DEL,EaseMyTrip,6E,6E-5135,2026-10-04,T+30,6057,1330,7387,2026-09-04T20:57:12.118Z,FALSE,"",23:20,FALSE
fare_BOM-DEL_AI_2026-10-04_T+30_1788556696000_hh2o,BOM-DEL,EaseMyTrip,AI,AI-2440,2026-10-04,T+30,6270,1376,7646,2026-09-04T20:57:12.118Z,FALSE,"",18:00,TRUE
fare_BOM-DEL_6E_2026-10-04_T+30_1788556696000_lynh,BOM-DEL,EaseMyTrip,6E,6E-5056,2026-10-04,T+30,6149,1350,7499,2026-09-04T20:57:12.118Z,FALSE,"",21:10,FALSE
fare_BOM-DEL_6E_2026-10-04_T+30_1788556696000_y3pa,BOM-DEL,EaseMyTrip,6E,6E-5179,2026-10-04,T+30,6149,1350,7499,2026-09-04T20:57:12.118Z,FALSE,"",02:45,FALSE
fare_BOM-DEL_6E_2026-10-04_T+30_1788556696000_24vm,BOM-DEL,EaseMyTrip,6E,6E-6362,2026-10-04,T+30,6149,1350,7499,2026-09-04T20:57:12.118Z,FALSE,"",05:45,FALSE
fare_BOM-DEL_6E_2026-10-04_T+30_1788556696000_k3f7,BOM-DEL,EaseMyTrip,6E,6E-5246,2026-10-04,T+30,6149,1350,7499,2026-09-04T20:57:12.118Z,FALSE,"",07:15,FALSE
fare_BOM-DEL_6E_2026-10-04_T+30_1788556696000_ggna,BOM-DEL,EaseMyTrip,6E,6E-6543,2026-10-04,T+30,6149,1350,7499,2026-09-04T20:57:12.118Z,FALSE,"",07:50,FALSE
fare_BOM-DEL_6E_2026-10-04_T+30_1788556696000_nf4r,BOM-DEL,EaseMyTrip,6E,6E-5318,2026-10-04,T+30,6149,1350,7499,2026-09-04T20:57:12.118Z,FALSE,"",10:15,FALSE
fare_BOM-DEL_6E_2026-10-04_T+30_1788556696000_lkxz,BOM-DEL,EaseMyTrip,6E,6E-113,2026-10-04,T+30,6629,1455,8084,2026-09-04T20:57:12.118Z,FALSE,"",13:35,FALSE
fare_BOM-DEL_6E_2026-10-04_T+30_1788556696000_gizz,BOM-DEL,EaseMyTrip,6E,6E-5131,2026-10-04,T+30,6640,1457,8097,2026-09-04T20:57:12.118Z,FALSE,"",15:50,FALSE
fare_BOM-DEL_IX_2026-10-04_T+30_1788556696000_zn95,BOM-DEL,EaseMyTrip,IX,IX-1237,2026-10-04,T+30,7512,1649,9161,2026-09-04T20:57:12.118Z,FALSE,"",05:55,FALSE
fare_BOM-DEL_AI_2026-10-04_T+30_1788556696000_t92c,BOM-DEL,EaseMyTrip,AI,AI-2442,2026-10-04,T+30,7102,1559,8661,2026-09-04T20:57:12.118Z,FALSE,"",15:00,TRUE
fare_BOM-DEL_6E_2026-10-04_T+30_1788556696000_9i3h,BOM-DEL,EaseMyTrip,6E,6E-5107,2026-10-04,T+30,7447,1635,9082,2026-09-04T20:57:12.118Z,FALSE,"",20:00,FALSE
fare_BOM-DEL_AI_2026-10-04_T+30_1788556696000_7hbq,BOM-DEL,EaseMyTrip,AI,AI-1891,2026-10-04,T+30,7648,1679,9327,2026-09-04T20:57:12.118Z,FALSE,"",08:10,TRUE
fare_BOM-DEL_6E_2026-10-04_T+30_1788556696000_de40,BOM-DEL,EaseMyTrip,6E,6E-228,2026-10-04,T+30,7599,1668,9267,2026-09-04T20:57:12.118Z,FALSE,"",19:20,FALSE
fare_BOM-DEL_6E_2026-10-04_T+30_1788556696000_17di,BOM-DEL,EaseMyTrip,6E,6E-917,2026-10-04,T+30,7599,1668,9267,2026-09-04T20:57:12.118Z,FALSE,"",19:20,FALSE
fare_BOM-DEL_6E_2026-10-04_T+30_1788556696000_xyg2,BOM-DEL,EaseMyTrip,6E,6E-2024,2026-10-04,T+30,7706,1692,9398,2026-09-04T20:57:12.118Z,FALSE,"",09:15,FALSE
fare_BOM-DEL_IX_2026-10-04_T+30_1788556696000_upba,BOM-DEL,EaseMyTrip,IX,IX-2915,2026-10-04,T+30,8120,1782,9902,2026-09-04T20:57:12.118Z,FALSE,"",14:00,FALSE
fare_BOM-DEL_IX_2026-10-04_T+30_1788556696000_6osk,BOM-DEL,EaseMyTrip,IX,IX-1640,2026-10-04,T+30,8120,1782,9902,2026-09-04T20:57:12.118Z,FALSE,"",21:10,FALSE
fare_BOM-DEL_IX_2026-10-04_T+30_1788556696000_5y2a,BOM-DEL,EaseMyTrip,IX,IX-1626,2026-10-04,T+30,8120,1782,9902,2026-09-04T20:57:12.118Z,FALSE,"",12:00,FALSE
fare_BOM-DEL_IX_2026-10-04_T+30_1788556696000_9uiy,BOM-DEL,EaseMyTrip,IX,IX-1347,2026-10-04,T+30,8120,1782,9902,2026-09-04T20:57:12.118Z,FALSE,"",06:20,FALSE
fare_BOM-DEL_6E_2026-10-04_T+30_1788556696000_om7e,BOM-DEL,EaseMyTrip,6E,6E-648,2026-10-04,T+30,8052,1768,9820,2026-09-04T20:57:12.118Z,FALSE,"",14:40,FALSE
fare_BOM-DEL_6E_2026-10-04_T+30_1788556696000_9245,BOM-DEL,EaseMyTrip,6E,6E-189,2026-10-04,T+30,8052,1768,9820,2026-09-04T20:57:12.118Z,FALSE,"",14:40,FALSE
fare_BOM-DEL_6E_2026-10-04_T+30_1788556696000_bttu,BOM-DEL,EaseMyTrip,6E,6E-5281,2026-10-04,T+30,8122,1783,9905,2026-09-04T20:57:12.118Z,FALSE,"",08:40,FALSE
fare_BOM-DEL_6E_2026-10-04_T+30_1788556696000_49t2,BOM-DEL,EaseMyTrip,6E,6E-295,2026-10-04,T+30,8912,1956,10868,2026-09-04T20:57:12.118Z,FALSE,"",08:40,FALSE
fare_BOM-DEL_6E_2026-10-04_T+30_1788556696000_pqun,BOM-DEL,EaseMyTrip,6E,6E-481,2026-10-04,T+30,8912,1956,10868,2026-09-04T20:57:12.118Z,FALSE,"",08:40,FALSE
fare_BOM-DEL_6E_2026-10-04_T+30_1788556696000_00wr,BOM-DEL,EaseMyTrip,6E,6E-163,2026-10-04,T+30,9278,2037,11315,2026-09-04T20:57:12.118Z,FALSE,"",12:40,FALSE
fare_BOM-DEL_6E_2026-10-04_T+30_1788556696000_i973,BOM-DEL,EaseMyTrip,6E,6E-932,2026-10-04,T+30,9278,2037,11315,2026-09-04T20:57:12.118Z,FALSE,"",12:40,FALSE
fare_BOM-DEL_AI_2026-10-04_T+30_1788556696000_a742,BOM-DEL,EaseMyTrip,AI,AI-9753,2026-10-04,T+30,9534,2093,11627,2026-09-04T20:57:12.118Z,FALSE,"",05:45,FALSE
fare_BOM-DEL_IX_2026-10-04_T+30_1788556696000_k360,BOM-DEL,EaseMyTrip,IX,IX-1809,2026-10-04,T+30,9895,2172,12067,2026-09-04T20:57:12.118Z,FALSE,"",07:30,FALSE
fare_BOM-DEL_AI_2026-10-04_T+30_1788556696000_2fmf,BOM-DEL,EaseMyTrip,AI,AI-2491,2026-10-04,T+30,9864,2165,12029,2026-09-04T20:57:12.118Z,FALSE,"",11:15,FALSE
fare_BOM-DEL_6E_2026-10-04_T+30_1788556696000_h6ij,BOM-DEL,EaseMyTrip,6E,6E-6361,2026-10-04,T+30,9840,2160,12000,2026-09-04T20:57:12.118Z,FALSE,"",05:00,FALSE
fare_BOM-DEL_IX_2026-10-04_T+30_1788556696000_sr7p,BOM-DEL,EaseMyTrip,IX,IX-1797,2026-10-04,T+30,11038,2423,13461,2026-09-04T20:57:12.118Z,FALSE,"",05:05,FALSE
fare_BOM-DEL_AI_2026-10-04_T+30_1788556696000_wwfm,BOM-DEL,EaseMyTrip,AI,AI-9891,2026-10-04,T+30,10753,2360,13113,2026-09-04T20:57:12.118Z,FALSE,"",13:10,FALSE
fare_BOM-DEL_6E_2026-10-04_T+30_1788556696000_7l48,BOM-DEL,EaseMyTrip,6E,6E-6195,2026-10-04,T+30,10899,2392,13291,2026-09-04T20:57:12.118Z,FALSE,"",23:00,FALSE
fare_BOM-DEL_AI_2026-10-04_T+30_1788556696000_fl8a,BOM-DEL,EaseMyTrip,AI,AI-2915,2026-10-04,T+30,11126,2442,13568,2026-09-04T20:57:12.118Z,FALSE,"",15:30,FALSE
fare_BOM-DEL_AI_2026-10-04_T+30_1788556696000_w5xg,BOM-DEL,EaseMyTrip,AI,AI-2503,2026-10-04,T+30,11126,2442,13568,2026-09-04T20:57:12.118Z,FALSE,"",12:55,FALSE
fare_BOM-DEL_AI_2026-10-04_T+30_1788556696000_2ehh,BOM-DEL,EaseMyTrip,AI,AI-2493,2026-10-04,T+30,11214,2461,13675,2026-09-04T20:57:12.118Z,FALSE,"",18:25,FALSE
fare_BOM-DEL_AI_2026-10-04_T+30_1788556696000_5k9r,BOM-DEL,EaseMyTrip,AI,AI-493,2026-10-04,T+30,11214,2461,13675,2026-09-04T20:57:12.118Z,FALSE,"",06:40,FALSE
fare_BOM-DEL_IX_2026-10-04_T+30_1788556696000_0wve,BOM-DEL,EaseMyTrip,IX,IX-1176,2026-10-04,T+30,12096,2655,14751,2026-09-04T20:57:12.118Z,TRUE,"High outlier: ₹14751 > upper fence ₹14209 (Q3: ₹9820, IQR: ₹2926)",11:20,FALSE
fare_BOM-DEL_AI_2026-10-04_T+30_1788556696000_ltfh,BOM-DEL,EaseMyTrip,AI,AI-2847,2026-10-04,T+30,11399,2502,13901,2026-09-04T20:57:12.118Z,FALSE,"",10:00,FALSE
fare_BOM-DEL_6E_2026-10-04_T+30_1788556696000_znxf,BOM-DEL,EaseMyTrip,6E,6E-5178,2026-10-04,T+30,11520,2529,14049,2026-09-04T20:57:12.118Z,FALSE,"",11:45,FALSE
fare_BOM-DEL_AI_2026-10-04_T+30_1788556696000_jaey,BOM-DEL,EaseMyTrip,AI,AI-2931,2026-10-04,T+30,11694,2567,14261,2026-09-04T20:57:12.118Z,TRUE,"High outlier: ₹14261 > upper fence ₹14209 (Q3: ₹9820, IQR: ₹2926)",04:30,FALSE
fare_BOM-DEL_QP_2026-10-04_T+30_1788556696000_pwxk,BOM-DEL,EaseMyTrip,QP,QP-2001,2026-10-04,T+30,11894,2611,14505,2026-09-04T20:57:12.118Z,TRUE,"High outlier: ₹14505 > upper fence ₹14209 (Q3: ₹9820, IQR: ₹2926)",18:45,FALSE
fare_BOM-DEL_6E_2026-10-04_T+30_1788556696000_ueq2,BOM-DEL,EaseMyTrip,6E,6E-5177,2026-10-04,T+30,12416,2726,15142,2026-09-04T20:57:12.118Z,TRUE,"High outlier: ₹15142 > upper fence ₹14209 (Q3: ₹9820, IQR: ₹2926)",19:10,FALSE
fare_BOM-DEL_6E_2026-10-04_T+30_1788556696000_gtuz,BOM-DEL,EaseMyTrip,6E,6E-5241,2026-10-04,T+30,12589,2763,15352,2026-09-04T20:57:12.118Z,TRUE,"High outlier: ₹15352 > upper fence ₹14209 (Q3: ₹9820, IQR: ₹2926)",16:40,FALSE
fare_BOM-DEL_AI_2026-10-04_T+30_1788556696000_ztqp,BOM-DEL,EaseMyTrip,AI,AI-2659,2026-10-04,T+30,13091,2874,15965,2026-09-04T20:57:12.118Z,TRUE,"High outlier: ₹15965 > upper fence ₹14209 (Q3: ₹9820, IQR: ₹2926)",14:35,FALSE
fare_BOM-DEL_AI_2026-10-04_T+30_1788556696000_5snn,BOM-DEL,EaseMyTrip,AI,AI-2753,2026-10-04,T+30,13595,2984,16579,2026-09-04T20:57:12.118Z,TRUE,"High outlier: ₹16579 > upper fence ₹14209 (Q3: ₹9820, IQR: ₹2926)",13:50,FALSE
fare_BOM-DEL_AI_2026-10-04_T+30_1788556696000_bqig,BOM-DEL,EaseMyTrip,AI,AI-2741,2026-10-04,T+30,13953,3063,17016,2026-09-04T20:57:12.118Z,TRUE,"High outlier: ₹17016 > upper fence ₹14209 (Q3: ₹9820, IQR: ₹2926)",07:40,FALSE
fare_BOM-DEL_AI_2026-10-04_T+30_1788556696000_ar2v,BOM-DEL,EaseMyTrip,AI,AI-2997,2026-10-04,T+30,14015,3077,17092,2026-09-04T20:57:12.118Z,TRUE,"High outlier: ₹17092 > upper fence ₹14209 (Q3: ₹9820, IQR: ₹2926)",10:10,FALSE
fare_BOM-DEL_AI_2026-10-04_T+30_1788556696000_d7jf,BOM-DEL,EaseMyTrip,AI,AI-2728,2026-10-04,T+30,14015,3077,17092,2026-09-04T20:57:12.118Z,TRUE,"High outlier: ₹17092 > upper fence ₹14209 (Q3: ₹9820, IQR: ₹2926)",05:20,FALSE
fare_BOM-DEL_IX_2026-10-04_T+30_1788556696000_p15y,BOM-DEL,EaseMyTrip,IX,IX-1164,2026-10-04,T+30,15045,3302,18347,2026-09-04T20:57:12.118Z,TRUE,"High outlier: ₹18347 > upper fence ₹14209 (Q3: ₹9820, IQR: ₹2926)",17:35,FALSE
fare_BOM-DEL_IX_2026-10-04_T+30_1788556696000_1p8w,BOM-DEL,EaseMyTrip,IX,IX-1283,2026-10-04,T+30,15217,3340,18557,2026-09-04T20:57:12.118Z,TRUE,"High outlier: ₹18557 > upper fence ₹14209 (Q3: ₹9820, IQR: ₹2926)",09:05,FALSE
fare_BOM-DEL_IX_2026-10-04_T+30_1788556696000_xj4s,BOM-DEL,EaseMyTrip,IX,IX-1810,2026-10-04,T+30,16547,3632,20179,2026-09-04T20:57:12.118Z,TRUE,"High outlier: ₹20179 > upper fence ₹14209 (Q3: ₹9820, IQR: ₹2926)",13:40,FALSE
fare_BOM-DEL_AI_2026-10-04_T+30_1788556696000_ejb1,BOM-DEL,EaseMyTrip,AI,AI-2444,2026-10-04,T+30,16361,3591,19952,2026-09-04T20:57:12.118Z,TRUE,"High outlier: ₹19952 > upper fence ₹14209 (Q3: ₹9820, IQR: ₹2926)",10:50,FALSE
fare_BOM-DEL_AI_2026-10-04_T+30_1788556696000_wcsz,BOM-DEL,EaseMyTrip,AI,AI-2625,2026-10-04,T+30,16536,3630,20166,2026-09-04T20:57:12.118Z,TRUE,"High outlier: ₹20166 > upper fence ₹14209 (Q3: ₹9820, IQR: ₹2926)",06:00,FALSE
fare_BOM-DEL_AI_2026-10-04_T+30_1788556696000_v2zn,BOM-DEL,EaseMyTrip,AI,AI-2531,2026-10-04,T+30,16712,3669,20381,2026-09-04T20:57:12.118Z,TRUE,"High outlier: ₹20381 > upper fence ₹14209 (Q3: ₹9820, IQR: ₹2926)",15:05,FALSE
fare_BOM-DEL_AI_2026-10-04_T+30_1788556696000_7p90,BOM-DEL,EaseMyTrip,AI,AI-2781,2026-10-04,T+30,20541,4509,25050,2026-09-04T20:57:12.118Z,TRUE,"High outlier: ₹25050 > upper fence ₹14209 (Q3: ₹9820, IQR: ₹2926)",10:50,FALSE
fare_BOM-DEL_IX_2026-10-04_T+30_1788556696000_dyg5,BOM-DEL,EaseMyTrip,IX,IX-1163,2026-10-04,T+30,21361,4689,26050,2026-09-04T20:57:12.118Z,TRUE,"High outlier: ₹26050 > upper fence ₹14209 (Q3: ₹9820, IQR: ₹2926)",20:45,FALSE
fare_BOM-DEL_IX_2026-10-04_T+30_1788556696000_t2p1,BOM-DEL,EaseMyTrip,IX,IX-1238,2026-10-04,T+30,22181,4869,27050,2026-09-04T20:57:12.118Z,TRUE,"High outlier: ₹27050 > upper fence ₹14209 (Q3: ₹9820, IQR: ₹2926)",12:25,FALSE
fare_BOM-DEL_IX_2026-10-19_T+45_1788556696001_fiep,BOM-DEL,EaseMyTrip,IX,IX-1023,2026-10-19,T+45,5595,1228,6823,2026-09-04T20:57:18.165Z,FALSE,"",11:25,FALSE
fare_BOM-DEL_IX_2026-10-19_T+45_1788556696001_m337,BOM-DEL,EaseMyTrip,IX,IX-1671,2026-10-19,T+45,5380,1181,6561,2026-09-04T20:57:18.165Z,FALSE,"",16:45,TRUE
fare_BOM-DEL_IX_2026-10-19_T+45_1788556696001_u9ef,BOM-DEL,EaseMyTrip,IX,IX-1464,2026-10-19,T+45,5380,1181,6561,2026-09-04T20:57:18.165Z,FALSE,"",08:25,TRUE
fare_BOM-DEL_IX_2026-10-19_T+45_1788556696001_2gd6,BOM-DEL,EaseMyTrip,IX,IX-2153,2026-10-19,T+45,5380,1181,6561,2026-09-04T20:57:18.165Z,FALSE,"",20:25,TRUE
fare_BOM-DEL_IX_2026-10-19_T+45_1788556696001_9f07,BOM-DEL,EaseMyTrip,IX,IX-1364,2026-10-19,T+45,5380,1181,6561,2026-09-04T20:57:18.165Z,FALSE,"",21:55,TRUE
fare_BOM-DEL_SG_2026-10-19_T+45_1788556696001_2g0m,BOM-DEL,EaseMyTrip,SG,SG-502,2026-10-19,T+45,5379,1181,6560,2026-09-04T20:57:18.165Z,FALSE,"",01:50,TRUE
fare_BOM-DEL_SG_2026-10-19_T+45_1788556696001_qokl,BOM-DEL,EaseMyTrip,SG,SG-534,2026-10-19,T+45,5379,1181,6560,2026-09-04T20:57:18.165Z,FALSE,"",01:50,TRUE
fare_BOM-DEL_SG_2026-10-19_T+45_1788556696001_6uxb,BOM-DEL,EaseMyTrip,SG,SG-479,2026-10-19,T+45,5379,1181,6560,2026-09-04T20:57:18.165Z,FALSE,"",23:25,TRUE
fare_BOM-DEL_SG_2026-10-19_T+45_1788556696001_oybu,BOM-DEL,EaseMyTrip,SG,SG-607,2026-10-19,T+45,5379,1181,6560,2026-09-04T20:57:18.165Z,FALSE,"",23:25,TRUE
fare_BOM-DEL_IX_2026-10-19_T+45_1788556696001_9e1y,BOM-DEL,EaseMyTrip,IX,IX-1163,2026-10-19,T+45,5930,1302,7232,2026-09-04T20:57:18.165Z,FALSE,"",20:45,FALSE
fare_BOM-DEL_IX_2026-10-19_T+45_1788556696001_hbmv,BOM-DEL,EaseMyTrip,IX,IX-1787,2026-10-19,T+45,5930,1302,7232,2026-09-04T20:57:18.165Z,FALSE,"",13:10,FALSE
fare_BOM-DEL_IX_2026-10-19_T+45_1788556696001_vnoi,BOM-DEL,EaseMyTrip,IX,IX-1050,2026-10-19,T+45,5510,1210,6720,2026-09-04T20:57:18.165Z,FALSE,"",14:45,TRUE
fare_BOM-DEL_QP_2026-10-19_T+45_1788556696001_jm86,BOM-DEL,EaseMyTrip,QP,QP-2011,2026-10-19,T+45,5330,1170,6500,2026-09-04T20:57:18.165Z,FALSE,"",05:35,TRUE
fare_BOM-DEL_QP_2026-10-19_T+45_1788556696001_hdp6,BOM-DEL,EaseMyTrip,QP,QP-1834,2026-10-19,T+45,5381,1181,6562,2026-09-04T20:57:18.165Z,FALSE,"",10:05,TRUE
fare_BOM-DEL_6E_2026-10-19_T+45_1788556696001_xsnl,BOM-DEL,EaseMyTrip,6E,6E-2237,2026-10-19,T+45,5457,1198,6655,2026-09-04T20:57:18.165Z,FALSE,"",18:40,FALSE
fare_BOM-DEL_6E_2026-10-19_T+45_1788556696001_fbcg,BOM-DEL,EaseMyTrip,6E,6E-5059,2026-10-19,T+45,5457,1198,6655,2026-09-04T20:57:18.165Z,FALSE,"",05:45,FALSE
fare_BOM-DEL_6E_2026-10-19_T+45_1788556696001_l3nl,BOM-DEL,EaseMyTrip,6E,6E-970,2026-10-19,T+45,5457,1198,6655,2026-09-04T20:57:18.165Z,FALSE,"",04:00,FALSE
fare_BOM-DEL_6E_2026-10-19_T+45_1788556696001_79df,BOM-DEL,EaseMyTrip,6E,6E-544,2026-10-19,T+45,5457,1198,6655,2026-09-04T20:57:18.165Z,FALSE,"",04:00,FALSE
fare_BOM-DEL_6E_2026-10-19_T+45_1788556696001_x9dy,BOM-DEL,EaseMyTrip,6E,6E-5107,2026-10-19,T+45,5457,1198,6655,2026-09-04T20:57:18.165Z,FALSE,"",20:00,FALSE
fare_BOM-DEL_QP_2026-10-19_T+45_1788556696001_zbmw,BOM-DEL,EaseMyTrip,QP,QP-1127,2026-10-19,T+45,5478,1203,6681,2026-09-04T20:57:18.165Z,FALSE,"",13:00,TRUE
fare_BOM-DEL_QP_2026-10-19_T+45_1788556696001_ckr7,BOM-DEL,EaseMyTrip,QP,QP-1120,2026-10-19,T+45,5578,1224,6802,2026-09-04T20:57:18.165Z,FALSE,"",19:00,TRUE
fare_BOM-DEL_6E_2026-10-19_T+45_1788556696001_8zmu,BOM-DEL,EaseMyTrip,6E,6E-5028,2026-10-19,T+45,5629,1236,6865,2026-09-04T20:57:18.165Z,FALSE,"",19:35,FALSE
fare_BOM-DEL_6E_2026-10-19_T+45_1788556696001_5lse,BOM-DEL,EaseMyTrip,6E,6E-5177,2026-10-19,T+45,5629,1236,6865,2026-09-04T20:57:18.165Z,FALSE,"",19:10,FALSE
fare_BOM-DEL_6E_2026-10-19_T+45_1788556696001_s32e,BOM-DEL,EaseMyTrip,6E,6E-449,2026-10-19,T+45,5629,1236,6865,2026-09-04T20:57:18.165Z,FALSE,"",19:20,FALSE
fare_BOM-DEL_6E_2026-10-19_T+45_1788556696001_jgk3,BOM-DEL,EaseMyTrip,6E,6E-147,2026-10-19,T+45,5629,1236,6865,2026-09-04T20:57:18.165Z,FALSE,"",19:20,FALSE
fare_BOM-DEL_6E_2026-10-19_T+45_1788556696001_yzus,BOM-DEL,EaseMyTrip,6E,6E-268,2026-10-19,T+45,5629,1236,6865,2026-09-04T20:57:18.165Z,FALSE,"",04:30,FALSE
fare_BOM-DEL_6E_2026-10-19_T+45_1788556696001_br44,BOM-DEL,EaseMyTrip,6E,6E-633,2026-10-19,T+45,5629,1236,6865,2026-09-04T20:57:18.165Z,FALSE,"",04:30,FALSE
fare_BOM-DEL_6E_2026-10-19_T+45_1788556696001_swu4,BOM-DEL,EaseMyTrip,6E,6E-278,2026-10-19,T+45,5638,1238,6876,2026-09-04T20:57:18.165Z,FALSE,"",13:35,FALSE
fare_BOM-DEL_6E_2026-10-19_T+45_1788556696001_lpvc,BOM-DEL,EaseMyTrip,6E,6E-901,2026-10-19,T+45,5638,1238,6876,2026-09-04T20:57:18.165Z,FALSE,"",13:35,FALSE
fare_BOM-DEL_6E_2026-10-19_T+45_1788556696001_rena,BOM-DEL,EaseMyTrip,6E,6E-7017,2026-10-19,T+45,5638,1238,6876,2026-09-04T20:57:18.165Z,FALSE,"",21:30,FALSE
fare_BOM-DEL_6E_2026-10-19_T+45_1788556696001_3wce,BOM-DEL,EaseMyTrip,6E,6E-757,2026-10-19,T+45,5638,1238,6876,2026-09-04T20:57:18.165Z,FALSE,"",07:05,FALSE
fare_BOM-DEL_6E_2026-10-19_T+45_1788556696001_gg2f,BOM-DEL,EaseMyTrip,6E,6E-153,2026-10-19,T+45,5638,1238,6876,2026-09-04T20:57:18.165Z,FALSE,"",07:05,FALSE
fare_BOM-DEL_6E_2026-10-19_T+45_1788556696001_x6ok,BOM-DEL,EaseMyTrip,6E,6E-5238,2026-10-19,T+45,5638,1238,6876,2026-09-04T20:57:18.165Z,FALSE,"",18:25,FALSE
fare_BOM-DEL_6E_2026-10-19_T+45_1788556696001_5hdn,BOM-DEL,EaseMyTrip,6E,6E-264,2026-10-19,T+45,5638,1238,6876,2026-09-04T20:57:18.165Z,FALSE,"",07:05,FALSE
fare_BOM-DEL_6E_2026-10-19_T+45_1788556696001_u3an,BOM-DEL,EaseMyTrip,6E,6E-709,2026-10-19,T+45,5638,1238,6876,2026-09-04T20:57:18.165Z,FALSE,"",07:05,FALSE
fare_BOM-DEL_6E_2026-10-19_T+45_1788556696001_4dgi,BOM-DEL,EaseMyTrip,6E,6E-256,2026-10-19,T+45,5638,1238,6876,2026-09-04T20:57:18.165Z,FALSE,"",07:05,FALSE
fare_BOM-DEL_6E_2026-10-19_T+45_1788556696001_ra9q,BOM-DEL,EaseMyTrip,6E,6E-665,2026-10-19,T+45,5638,1238,6876,2026-09-04T20:57:18.165Z,FALSE,"",07:05,FALSE
fare_BOM-DEL_6E_2026-10-19_T+45_1788556696001_rwww,BOM-DEL,EaseMyTrip,6E,6E-729,2026-10-19,T+45,5638,1238,6876,2026-09-04T20:57:18.165Z,FALSE,"",13:35,FALSE
fare_BOM-DEL_6E_2026-10-19_T+45_1788556696001_co80,BOM-DEL,EaseMyTrip,6E,6E-5135,2026-10-19,T+45,5642,1238,6880,2026-09-04T20:57:18.165Z,FALSE,"",23:20,FALSE
fare_BOM-DEL_IX_2026-10-19_T+45_1788556696001_noe9,BOM-DEL,EaseMyTrip,IX,IX-1238,2026-10-19,T+45,6365,1397,7762,2026-09-04T20:57:18.165Z,FALSE,"",12:25,FALSE
fare_BOM-DEL_IX_2026-10-19_T+45_1788556696001_tk9l,BOM-DEL,EaseMyTrip,IX,IX-1026,2026-10-19,T+45,6365,1397,7762,2026-09-04T20:57:18.165Z,FALSE,"",05:45,FALSE
fare_BOM-DEL_6E_2026-10-19_T+45_1788556696001_x6a1,BOM-DEL,EaseMyTrip,6E,6E-5197,2026-10-19,T+45,5700,1251,6951,2026-09-04T20:57:18.165Z,FALSE,"",06:40,TRUE
fare_BOM-DEL_6E_2026-10-19_T+45_1788556696001_ztmr,BOM-DEL,EaseMyTrip,6E,6E-6045,2026-10-19,T+45,5782,1269,7051,2026-09-04T20:57:18.165Z,FALSE,"",03:00,TRUE
fare_BOM-DEL_6E_2026-10-19_T+45_1788556696001_tv7u,BOM-DEL,EaseMyTrip,6E,6E-466,2026-10-19,T+45,5782,1269,7051,2026-09-04T20:57:18.165Z,FALSE,"",23:45,TRUE
fare_BOM-DEL_6E_2026-10-19_T+45_1788556696001_b2l5,BOM-DEL,EaseMyTrip,6E,6E-231,2026-10-19,T+45,5782,1269,7051,2026-09-04T20:57:18.165Z,FALSE,"",23:45,TRUE
fare_BOM-DEL_6E_2026-10-19_T+45_1788556696001_os8m,BOM-DEL,EaseMyTrip,6E,6E-200,2026-10-19,T+45,5782,1269,7051,2026-09-04T20:57:18.165Z,FALSE,"",22:15,TRUE
fare_BOM-DEL_6E_2026-10-19_T+45_1788556696001_5mfr,BOM-DEL,EaseMyTrip,6E,6E-967,2026-10-19,T+45,5782,1269,7051,2026-09-04T20:57:18.165Z,FALSE,"",22:15,TRUE
fare_BOM-DEL_6E_2026-10-19_T+45_1788556696001_necj,BOM-DEL,EaseMyTrip,6E,6E-906,2026-10-19,T+45,5782,1269,7051,2026-09-04T20:57:18.165Z,FALSE,"",21:15,TRUE
fare_BOM-DEL_6E_2026-10-19_T+45_1788556696001_aczv,BOM-DEL,EaseMyTrip,6E,6E-908,2026-10-19,T+45,5782,1269,7051,2026-09-04T20:57:18.165Z,FALSE,"",21:15,TRUE
fare_BOM-DEL_6E_2026-10-19_T+45_1788556696001_7xwm,BOM-DEL,EaseMyTrip,6E,6E-540,2026-10-19,T+45,5782,1269,7051,2026-09-04T20:57:18.165Z,FALSE,"",20:20,TRUE
fare_BOM-DEL_6E_2026-10-19_T+45_1788556696001_4k8y,BOM-DEL,EaseMyTrip,6E,6E-318,2026-10-19,T+45,5782,1269,7051,2026-09-04T20:57:18.165Z,FALSE,"",20:20,TRUE
fare_BOM-DEL_6E_2026-10-19_T+45_1788556696001_8jk9,BOM-DEL,EaseMyTrip,6E,6E-740,2026-10-19,T+45,5782,1269,7051,2026-09-04T20:57:18.165Z,FALSE,"",19:00,TRUE
fare_BOM-DEL_6E_2026-10-19_T+45_1788556696001_gj0o,BOM-DEL,EaseMyTrip,6E,6E-943,2026-10-19,T+45,5782,1269,7051,2026-09-04T20:57:18.165Z,FALSE,"",19:00,TRUE
fare_BOM-DEL_6E_2026-10-19_T+45_1788556696001_by7c,BOM-DEL,EaseMyTrip,6E,6E-6613,2026-10-19,T+45,5782,1269,7051,2026-09-04T20:57:18.165Z,FALSE,"",18:15,TRUE
fare_BOM-DEL_6E_2026-10-19_T+45_1788556696001_jogi,BOM-DEL,EaseMyTrip,6E,6E-398,2026-10-19,T+45,5782,1269,7051,2026-09-04T20:57:18.165Z,FALSE,"",17:20,TRUE
fare_BOM-DEL_6E_2026-10-19_T+45_1788556696001_1d3y,BOM-DEL,EaseMyTrip,6E,6E-260,2026-10-19,T+45,5782,1269,7051,2026-09-04T20:57:18.165Z,FALSE,"",17:20,TRUE
fare_BOM-DEL_6E_2026-10-19_T+45_1788556696001_tnaa,BOM-DEL,EaseMyTrip,6E,6E-160,2026-10-19,T+45,5782,1269,7051,2026-09-04T20:57:18.165Z,FALSE,"",17:20,TRUE
fare_BOM-DEL_6E_2026-10-19_T+45_1788556696001_hd29,BOM-DEL,EaseMyTrip,6E,6E-645,2026-10-19,T+45,5782,1269,7051,2026-09-04T20:57:18.165Z,FALSE,"",17:20,TRUE
fare_BOM-DEL_6E_2026-10-19_T+45_1788556696001_9vwe,BOM-DEL,EaseMyTrip,6E,6E-6082,2026-10-19,T+45,5782,1269,7051,2026-09-04T20:57:18.165Z,FALSE,"",16:45,TRUE
fare_BOM-DEL_6E_2026-10-19_T+45_1788556696001_wkib,BOM-DEL,EaseMyTrip,6E,6E-608,2026-10-19,T+45,5782,1269,7051,2026-09-04T20:57:18.165Z,FALSE,"",16:00,TRUE
fare_BOM-DEL_6E_2026-10-19_T+45_1788556696001_gom6,BOM-DEL,EaseMyTrip,6E,6E-886,2026-10-19,T+45,5782,1269,7051,2026-09-04T20:57:18.165Z,FALSE,"",16:00,TRUE
fare_BOM-DEL_6E_2026-10-19_T+45_1788556696001_dm4h,BOM-DEL,EaseMyTrip,6E,6E-476,2026-10-19,T+45,5782,1269,7051,2026-09-04T20:57:18.165Z,FALSE,"",15:00,TRUE
fare_BOM-DEL_6E_2026-10-19_T+45_1788556696001_o3b5,BOM-DEL,EaseMyTrip,6E,6E-281,2026-10-19,T+45,5782,1269,7051,2026-09-04T20:57:18.165Z,FALSE,"",15:00,TRUE
fare_BOM-DEL_6E_2026-10-19_T+45_1788556696001_642p,BOM-DEL,EaseMyTrip,6E,6E-6704,2026-10-19,T+45,5782,1269,7051,2026-09-04T20:57:18.165Z,FALSE,"",13:50,TRUE
fare_BOM-DEL_6E_2026-10-19_T+45_1788556696001_66i8,BOM-DEL,EaseMyTrip,6E,6E-6049,2026-10-19,T+45,5782,1269,7051,2026-09-04T20:57:18.165Z,FALSE,"",19:45,TRUE
fare_BOM-DEL_6E_2026-10-19_T+45_1788556696001_zesd,BOM-DEL,EaseMyTrip,6E,6E-6028,2026-10-19,T+45,5782,1269,7051,2026-09-04T20:57:18.165Z,FALSE,"",12:15,TRUE
fare_BOM-DEL_6E_2026-10-19_T+45_1788556696001_qdf1,BOM-DEL,EaseMyTrip,6E,6E-851,2026-10-19,T+45,5782,1269,7051,2026-09-04T20:57:18.165Z,FALSE,"",13:00,TRUE
fare_BOM-DEL_6E_2026-10-19_T+45_1788556696001_57bm,BOM-DEL,EaseMyTrip,6E,6E-724,2026-10-19,T+45,5782,1269,7051,2026-09-04T20:57:18.165Z,FALSE,"",05:00,TRUE
fare_BOM-DEL_6E_2026-10-19_T+45_1788556696001_uwlc,BOM-DEL,EaseMyTrip,6E,6E-734,2026-10-19,T+45,5782,1269,7051,2026-09-04T20:57:18.165Z,FALSE,"",06:00,TRUE
fare_BOM-DEL_6E_2026-10-19_T+45_1788556696001_euwf,BOM-DEL,EaseMyTrip,6E,6E-686,2026-10-19,T+45,5782,1269,7051,2026-09-04T20:57:18.165Z,FALSE,"",06:00,TRUE
fare_BOM-DEL_6E_2026-10-19_T+45_1788556696001_h83m,BOM-DEL,EaseMyTrip,6E,6E-2090,2026-10-19,T+45,5782,1269,7051,2026-09-04T20:57:18.165Z,FALSE,"",06:25,TRUE
fare_BOM-DEL_6E_2026-10-19_T+45_1788556696001_u153,BOM-DEL,EaseMyTrip,6E,6E-209,2026-10-19,T+45,5782,1269,7051,2026-09-04T20:57:18.165Z,FALSE,"",09:00,TRUE
fare_BOM-DEL_6E_2026-10-19_T+45_1788556696001_86fj,BOM-DEL,EaseMyTrip,6E,6E-843,2026-10-19,T+45,5782,1269,7051,2026-09-04T20:57:18.165Z,FALSE,"",09:00,TRUE
fare_BOM-DEL_6E_2026-10-19_T+45_1788556696001_zxdd,BOM-DEL,EaseMyTrip,6E,6E-6052,2026-10-19,T+45,5782,1269,7051,2026-09-04T20:57:18.165Z,FALSE,"",10:00,TRUE
fare_BOM-DEL_6E_2026-10-19_T+45_1788556696001_bcjh,BOM-DEL,EaseMyTrip,6E,6E-100,2026-10-19,T+45,5782,1269,7051,2026-09-04T20:57:18.165Z,FALSE,"",10:35,TRUE
fare_BOM-DEL_6E_2026-10-19_T+45_1788556696001_ly3p,BOM-DEL,EaseMyTrip,6E,6E-786,2026-10-19,T+45,5782,1269,7051,2026-09-04T20:57:18.165Z,FALSE,"",10:35,TRUE
fare_BOM-DEL_6E_2026-10-19_T+45_1788556696001_mrpj,BOM-DEL,EaseMyTrip,6E,6E-6827,2026-10-19,T+45,5782,1269,7051,2026-09-04T20:57:18.165Z,FALSE,"",11:30,TRUE
fare_BOM-DEL_6E_2026-10-19_T+45_1788556696001_4dtu,BOM-DEL,EaseMyTrip,6E,6E-388,2026-10-19,T+45,5788,1270,7058,2026-09-04T20:57:18.165Z,FALSE,"",13:35,FALSE
fare_BOM-DEL_6E_2026-10-19_T+45_1788556696001_49q5,BOM-DEL,EaseMyTrip,6E,6E-914,2026-10-19,T+45,5788,1270,7058,2026-09-04T20:57:18.165Z,FALSE,"",13:35,FALSE
fare_BOM-DEL_QP_2026-10-19_T+45_1788556696001_e0yb,BOM-DEL,EaseMyTrip,QP,QP-1825,2026-10-19,T+45,5887,1292,7179,2026-09-04T20:57:18.165Z,FALSE,"",17:00,TRUE
fare_BOM-DEL_QP_2026-10-19_T+45_1788556696001_zf4c,BOM-DEL,EaseMyTrip,QP,QP-1109,2026-10-19,T+45,5887,1292,7179,2026-09-04T20:57:18.165Z,FALSE,"",07:00,TRUE
fare_BOM-DEL_QP_2026-10-19_T+45_1788556696001_uo1d,BOM-DEL,EaseMyTrip,QP,QP-1819,2026-10-19,T+45,5887,1292,7179,2026-09-04T20:57:18.165Z,FALSE,"",14:30,TRUE
fare_BOM-DEL_6E_2026-10-19_T+45_1788556696001_8pih,BOM-DEL,EaseMyTrip,6E,6E-558,2026-10-19,T+45,5888,1292,7180,2026-09-04T20:57:18.165Z,FALSE,"",14:40,FALSE
fare_BOM-DEL_6E_2026-10-19_T+45_1788556696001_8mrx,BOM-DEL,EaseMyTrip,6E,6E-460,2026-10-19,T+45,5888,1292,7180,2026-09-04T20:57:18.165Z,FALSE,"",14:40,FALSE
fare_BOM-DEL_6E_2026-10-19_T+45_1788556696001_c0wz,BOM-DEL,EaseMyTrip,6E,6E-2347,2026-10-19,T+45,5888,1292,7180,2026-09-04T20:57:18.165Z,FALSE,"",08:50,FALSE
fare_BOM-DEL_6E_2026-10-19_T+45_1788556696001_r53t,BOM-DEL,EaseMyTrip,6E,6E-5147,2026-10-19,T+45,5995,1316,7311,2026-09-04T20:57:18.165Z,FALSE,"",18:35,FALSE
fare_BOM-DEL_6E_2026-10-19_T+45_1788556696001_oyr2,BOM-DEL,EaseMyTrip,6E,6E-6802,2026-10-19,T+45,5995,1316,7311,2026-09-04T20:57:18.165Z,FALSE,"",16:55,FALSE
fare_BOM-DEL_AI_2026-10-19_T+45_1788556696001_8jn6,BOM-DEL,EaseMyTrip,AI,AI-2928,2026-10-19,T+45,6167,1354,7521,2026-09-04T20:57:18.165Z,FALSE,"",06:30,TRUE
fare_BOM-DEL_AI_2026-10-19_T+45_1788556696001_9inu,BOM-DEL,EaseMyTrip,AI,AI-2677,2026-10-19,T+45,6167,1354,7521,2026-09-04T20:57:18.165Z,FALSE,"",13:00,TRUE
fare_BOM-DEL_AI_2026-10-19_T+45_1788556696001_qxqo,BOM-DEL,EaseMyTrip,AI,AI-2408,2026-10-19,T+45,6167,1354,7521,2026-09-04T20:57:18.165Z,FALSE,"",19:30,TRUE
fare_BOM-DEL_AI_2026-10-19_T+45_1788556696001_mnoj,BOM-DEL,EaseMyTrip,AI,AI-816,2026-10-19,T+45,6167,1354,7521,2026-09-04T20:57:18.165Z,FALSE,"",21:00,TRUE
fare_BOM-DEL_AI_2026-10-19_T+45_1788556696001_1bw1,BOM-DEL,EaseMyTrip,AI,AI-1895,2026-10-19,T+45,6167,1354,7521,2026-09-04T20:57:18.165Z,FALSE,"",21:30,TRUE
fare_BOM-DEL_AI_2026-10-19_T+45_1788556696001_gvep,BOM-DEL,EaseMyTrip,AI,AI-2422,2026-10-19,T+45,6167,1354,7521,2026-09-04T20:57:18.165Z,FALSE,"",01:00,TRUE
fare_BOM-DEL_AI_2026-10-19_T+45_1788556696001_8ym1,BOM-DEL,EaseMyTrip,AI,AI-2952,2026-10-19,T+45,6167,1354,7521,2026-09-04T20:57:18.165Z,FALSE,"",11:25,TRUE
fare_BOM-DEL_AI_2026-10-19_T+45_1788556696001_mfa2,BOM-DEL,EaseMyTrip,AI,AI-2419,2026-10-19,T+45,6167,1354,7521,2026-09-04T20:57:18.165Z,FALSE,"",12:00,TRUE
fare_BOM-DEL_AI_2026-10-19_T+45_1788556696001_s7fj,BOM-DEL,EaseMyTrip,AI,AI-2944,2026-10-19,T+45,6167,1354,7521,2026-09-04T20:57:18.165Z,FALSE,"",14:35,TRUE
fare_BOM-DEL_AI_2026-10-19_T+45_1788556696001_s66w,BOM-DEL,EaseMyTrip,AI,AI-2442,2026-10-19,T+45,6167,1354,7521,2026-09-04T20:57:18.165Z,FALSE,"",15:00,TRUE
fare_BOM-DEL_AI_2026-10-19_T+45_1788556696001_5sdv,BOM-DEL,EaseMyTrip,AI,AI-2687,2026-10-19,T+45,6167,1354,7521,2026-09-04T20:57:18.165Z,FALSE,"",16:40,TRUE
fare_BOM-DEL_AI_2026-10-19_T+45_1788556696001_w85t,BOM-DEL,EaseMyTrip,AI,AI-2440,2026-10-19,T+45,6167,1354,7521,2026-09-04T20:57:18.165Z,FALSE,"",18:00,TRUE
fare_BOM-DEL_AI_2026-10-19_T+45_1788556696001_g18f,BOM-DEL,EaseMyTrip,AI,AI-2988,2026-10-19,T+45,6167,1354,7521,2026-09-04T20:57:18.165Z,FALSE,"",20:30,TRUE
fare_BOM-DEL_AI_2026-10-19_T+45_1788556696001_bwoz,BOM-DEL,EaseMyTrip,AI,AI-1882,2026-10-19,T+45,6167,1354,7521,2026-09-04T20:57:18.165Z,FALSE,"",23:55,TRUE
fare_BOM-DEL_AI_2026-10-19_T+45_1788556696001_qqqw,BOM-DEL,EaseMyTrip,AI,AI-2986,2026-10-19,T+45,6167,1354,7521,2026-09-04T20:57:18.165Z,FALSE,"",22:35,TRUE
fare_BOM-DEL_6E_2026-10-19_T+45_1788556696001_86ba,BOM-DEL,EaseMyTrip,6E,6E-5281,2026-10-19,T+45,6075,1334,7409,2026-09-04T20:57:18.165Z,FALSE,"",08:40,FALSE
fare_BOM-DEL_6E_2026-10-19_T+45_1788556696001_th87,BOM-DEL,EaseMyTrip,6E,6E-962,2026-10-19,T+45,6151,1350,7501,2026-09-04T20:57:18.165Z,FALSE,"",07:00,TRUE
fare_BOM-DEL_6E_2026-10-19_T+45_1788556696001_zo9m,BOM-DEL,EaseMyTrip,6E,6E-549,2026-10-19,T+45,6151,1350,7501,2026-09-04T20:57:18.165Z,FALSE,"",08:00,TRUE
fare_BOM-DEL_6E_2026-10-19_T+45_1788556696001_768m,BOM-DEL,EaseMyTrip,6E,6E-716,2026-10-19,T+45,6151,1350,7501,2026-09-04T20:57:18.165Z,FALSE,"",08:00,TRUE
fare_BOM-DEL_AI_2026-10-19_T+45_1788556696001_jjra,BOM-DEL,EaseMyTrip,AI,AI-2996,2026-10-19,T+45,6321,1388,7709,2026-09-04T20:57:18.165Z,FALSE,"",18:30,TRUE
fare_BOM-DEL_AI_2026-10-19_T+45_1788556696001_8yj4,BOM-DEL,EaseMyTrip,AI,AI-2430,2026-10-19,T+45,6321,1388,7709,2026-09-04T20:57:18.165Z,FALSE,"",10:00,TRUE
fare_BOM-DEL_AI_2026-10-19_T+45_1788556696001_esxs,BOM-DEL,EaseMyTrip,AI,AI-2970,2026-10-19,T+45,6321,1388,7709,2026-09-04T20:57:18.165Z,FALSE,"",08:30,TRUE
fare_BOM-DEL_AI_2026-10-19_T+45_1788556696001_jag5,BOM-DEL,EaseMyTrip,AI,AI-2432,2026-10-19,T+45,6321,1388,7709,2026-09-04T20:57:18.165Z,FALSE,"",09:30,TRUE
fare_BOM-DEL_6E_2026-10-19_T+45_1788556696001_l3cn,BOM-DEL,EaseMyTrip,6E,6E-5095,2026-10-19,T+45,6178,1356,7534,2026-09-04T20:57:18.165Z,FALSE,"",09:20,TRUE
fare_BOM-DEL_6E_2026-10-19_T+45_1788556696001_v6s5,BOM-DEL,EaseMyTrip,6E,6E-5131,2026-10-19,T+45,6183,1357,7540,2026-09-04T20:57:18.165Z,FALSE,"",15:50,FALSE
fare_BOM-DEL_AI_2026-10-19_T+45_1788556696001_ua8r,BOM-DEL,EaseMyTrip,AI,AI-2940,2026-10-19,T+45,6373,1399,7772,2026-09-04T20:57:18.165Z,FALSE,"",20:00,TRUE
fare_BOM-DEL_6E_2026-10-19_T+45_1788556696001_959q,BOM-DEL,EaseMyTrip,6E,6E-6361,2026-10-19,T+45,6232,1368,7600,2026-09-04T20:57:18.165Z,FALSE,"",05:00,FALSE
fare_BOM-DEL_6E_2026-10-19_T+45_1788556696001_eqmf,BOM-DEL,EaseMyTrip,6E,6E-5241,2026-10-19,T+45,6232,1368,7600,2026-09-04T20:57:18.165Z,FALSE,"",16:40,FALSE
fare_BOM-DEL_6E_2026-10-19_T+45_1788556696001_eoa7,BOM-DEL,EaseMyTrip,6E,6E-711,2026-10-19,T+45,6359,1396,7755,2026-09-04T20:57:18.165Z,FALSE,"",01:30,FALSE
fare_BOM-DEL_6E_2026-10-19_T+45_1788556696001_h8pi,BOM-DEL,EaseMyTrip,6E,6E-106,2026-10-19,T+45,6359,1396,7755,2026-09-04T20:57:18.165Z,FALSE,"",01:30,FALSE
fare_BOM-DEL_6E_2026-10-19_T+45_1788556696001_47z0,BOM-DEL,EaseMyTrip,6E,6E-5144,2026-10-19,T+45,6359,1396,7755,2026-09-04T20:57:18.165Z,FALSE,"",06:10,FALSE
fare_BOM-DEL_6E_2026-10-19_T+45_1788556696001_4buq,BOM-DEL,EaseMyTrip,6E,6E-6599,2026-10-19,T+45,6467,1419,7886,2026-09-04T20:57:18.165Z,FALSE,"",16:50,FALSE
fare_BOM-DEL_6E_2026-10-19_T+45_1788556696001_oz6r,BOM-DEL,EaseMyTrip,6E,6E-5164,2026-10-19,T+45,6467,1419,7886,2026-09-04T20:57:18.165Z,FALSE,"",20:20,FALSE
fare_BOM-DEL_6E_2026-10-19_T+45_1788556696001_gh39,BOM-DEL,EaseMyTrip,6E,6E-5181,2026-10-19,T+45,6467,1419,7886,2026-09-04T20:57:18.165Z,FALSE,"",10:25,FALSE
fare_BOM-DEL_AI_2026-10-19_T+45_1788556696001_jcr0,BOM-DEL,EaseMyTrip,AI,AI-2428,2026-10-19,T+45,6702,1471,8173,2026-09-04T20:57:18.165Z,FALSE,"",08:00,TRUE
fare_BOM-DEL_6E_2026-10-19_T+45_1788556696001_ad03,BOM-DEL,EaseMyTrip,6E,6E-6543,2026-10-19,T+45,6628,1455,8083,2026-09-04T20:57:18.165Z,FALSE,"",07:50,FALSE
fare_BOM-DEL_6E_2026-10-19_T+45_1788556696001_294m,BOM-DEL,EaseMyTrip,6E,6E-5056,2026-10-19,T+45,6639,1457,8096,2026-09-04T20:57:18.165Z,FALSE,"",21:10,FALSE
fare_BOM-DEL_6E_2026-10-19_T+45_1788556696001_0ay3,BOM-DEL,EaseMyTrip,6E,6E-5386,2026-10-19,T+45,6639,1457,8096,2026-09-04T20:57:18.165Z,FALSE,"",15:10,FALSE
fare_BOM-DEL_6E_2026-10-19_T+45_1788556696001_4xr5,BOM-DEL,EaseMyTrip,6E,6E-6362,2026-10-19,T+45,6639,1457,8096,2026-09-04T20:57:18.165Z,FALSE,"",05:45,FALSE
fare_BOM-DEL_6E_2026-10-19_T+45_1788556696001_c7es,BOM-DEL,EaseMyTrip,6E,6E-5178,2026-10-19,T+45,6639,1457,8096,2026-09-04T20:57:18.165Z,FALSE,"",11:45,FALSE
fare_BOM-DEL_6E_2026-10-19_T+45_1788556696001_juxj,BOM-DEL,EaseMyTrip,6E,6E-5179,2026-10-19,T+45,6639,1457,8096,2026-09-04T20:57:18.165Z,FALSE,"",02:45,FALSE
fare_BOM-DEL_6E_2026-10-19_T+45_1788556696001_unt7,BOM-DEL,EaseMyTrip,6E,6E-5246,2026-10-19,T+45,6639,1457,8096,2026-09-04T20:57:18.165Z,FALSE,"",07:15,FALSE
fare_BOM-DEL_AI_2026-10-19_T+45_1788556696001_tay9,BOM-DEL,EaseMyTrip,AI,AI-2424,2026-10-19,T+45,6813,1495,8308,2026-09-04T20:57:18.165Z,FALSE,"",07:00,TRUE
fare_BOM-DEL_6E_2026-10-19_T+45_1788556696001_9dbk,BOM-DEL,EaseMyTrip,6E,6E-6195,2026-10-19,T+45,7159,1572,8731,2026-09-04T20:57:18.165Z,FALSE,"",23:00,FALSE
fare_BOM-DEL_AI_2026-10-19_T+45_1788556696001_h5kr,BOM-DEL,EaseMyTrip,AI,AI-2910,2026-10-19,T+45,7437,1632,9069,2026-09-04T20:57:18.165Z,FALSE,"",17:30,TRUE
fare_BOM-DEL_AI_2026-10-19_T+45_1788556696001_zp4e,BOM-DEL,EaseMyTrip,AI,AI-1891,2026-10-19,T+45,7439,1633,9072,2026-09-04T20:57:18.165Z,FALSE,"",08:10,TRUE
fare_BOM-DEL_IX_2026-10-19_T+45_1788556696001_n9ut,BOM-DEL,EaseMyTrip,IX,IX-1164,2026-10-19,T+45,8168,1793,9961,2026-09-04T20:57:18.165Z,TRUE,"High outlier: ₹9961 > upper fence ₹9664 (Q3: ₹8096, IQR: ₹1045)",17:35,FALSE
fare_BOM-DEL_IX_2026-10-19_T+45_1788556696001_ig7l,BOM-DEL,EaseMyTrip,IX,IX-1283,2026-10-19,T+45,8168,1793,9961,2026-09-04T20:57:18.165Z,TRUE,"High outlier: ₹9961 > upper fence ₹9664 (Q3: ₹8096, IQR: ₹1045)",09:05,FALSE
fare_BOM-DEL_6E_2026-10-19_T+45_1788556696001_0n6f,BOM-DEL,EaseMyTrip,6E,6E-6027,2026-10-19,T+45,7558,1659,9217,2026-09-04T20:57:18.165Z,FALSE,"",17:35,FALSE
fare_BOM-DEL_6E_2026-10-19_T+45_1788556696001_9piv,BOM-DEL,EaseMyTrip,6E,6E-5318,2026-10-19,T+45,7730,1697,9427,2026-09-04T20:57:18.165Z,FALSE,"",10:15,FALSE
fare_BOM-DEL_IX_2026-10-19_T+45_1788556696001_gj2n,BOM-DEL,EaseMyTrip,IX,IX-1176,2026-10-19,T+45,8817,1935,10752,2026-09-04T20:57:18.165Z,TRUE,"High outlier: ₹10752 > upper fence ₹9664 (Q3: ₹8096, IQR: ₹1045)",11:20,FALSE
fare_BOM-DEL_6E_2026-10-19_T+45_1788556696001_hl2g,BOM-DEL,EaseMyTrip,6E,6E-5154,2026-10-19,T+45,8185,1797,9982,2026-09-04T20:57:18.165Z,TRUE,"High outlier: ₹9982 > upper fence ₹9664 (Q3: ₹8096, IQR: ₹1045)",15:45,FALSE
fare_BOM-DEL_IX_2026-10-19_T+45_1788556696001_1lsx,BOM-DEL,EaseMyTrip,IX,IX-1810,2026-10-19,T+45,8989,1973,10962,2026-09-04T20:57:18.165Z,TRUE,"High outlier: ₹10962 > upper fence ₹9664 (Q3: ₹8096, IQR: ₹1045)",13:40,FALSE
fare_BOM-DEL_6E_2026-10-19_T+45_1788556696001_vsit,BOM-DEL,EaseMyTrip,6E,6E-2024,2026-10-19,T+45,8357,1835,10192,2026-09-04T20:57:18.165Z,TRUE,"High outlier: ₹10192 > upper fence ₹9664 (Q3: ₹8096, IQR: ₹1045)",09:15,FALSE
fare_BOM-DEL_IX_2026-10-19_T+45_1788556696001_ujy5,BOM-DEL,EaseMyTrip,IX,IX-1809,2026-10-19,T+45,8831,1938,10769,2026-09-04T20:57:18.165Z,TRUE,"High outlier: ₹10769 > upper fence ₹9664 (Q3: ₹8096, IQR: ₹1045)",07:30,FALSE
fare_BOM-DEL_IX_2026-10-19_T+45_1788556696001_3drs,BOM-DEL,EaseMyTrip,IX,IX-2915,2026-10-19,T+45,9924,2179,12103,2026-09-04T20:57:18.165Z,TRUE,"High outlier: ₹12103 > upper fence ₹9664 (Q3: ₹8096, IQR: ₹1045)",14:00,FALSE
fare_BOM-DEL_IX_2026-10-19_T+45_1788556696001_216e,BOM-DEL,EaseMyTrip,IX,IX-1640,2026-10-19,T+45,9924,2179,12103,2026-09-04T20:57:18.165Z,TRUE,"High outlier: ₹12103 > upper fence ₹9664 (Q3: ₹8096, IQR: ₹1045)",21:10,FALSE
fare_BOM-DEL_IX_2026-10-19_T+45_1788556696001_v14h,BOM-DEL,EaseMyTrip,IX,IX-1347,2026-10-19,T+45,9924,2179,12103,2026-09-04T20:57:18.165Z,TRUE,"High outlier: ₹12103 > upper fence ₹9664 (Q3: ₹8096, IQR: ₹1045)",06:20,FALSE
fare_BOM-DEL_AI_2026-10-19_T+45_1788556696001_hlqc,BOM-DEL,EaseMyTrip,AI,AI-9753,2026-10-19,T+45,9792,2150,11942,2026-09-04T20:57:18.165Z,TRUE,"High outlier: ₹11942 > upper fence ₹9664 (Q3: ₹8096, IQR: ₹1045)",05:45,FALSE
fare_BOM-DEL_AI_2026-10-19_T+45_1788556696001_efea,BOM-DEL,EaseMyTrip,AI,AI-603,2026-10-19,T+45,9888,2171,12059,2026-09-04T20:57:18.165Z,TRUE,"High outlier: ₹12059 > upper fence ₹9664 (Q3: ₹8096, IQR: ₹1045)",05:10,FALSE
fare_BOM-DEL_AI_2026-10-19_T+45_1788556696001_lt2h,BOM-DEL,EaseMyTrip,AI,AI-2491,2026-10-19,T+45,10208,2241,12449,2026-09-04T20:57:18.165Z,TRUE,"High outlier: ₹12449 > upper fence ₹9664 (Q3: ₹8096, IQR: ₹1045)",11:15,FALSE
fare_BOM-DEL_6E_2026-10-19_T+45_1788556696001_vuse,BOM-DEL,EaseMyTrip,6E,6E-173,2026-10-19,T+45,10065,2209,12274,2026-09-04T20:57:18.165Z,TRUE,"High outlier: ₹12274 > upper fence ₹9664 (Q3: ₹8096, IQR: ₹1045)",12:40,FALSE
fare_BOM-DEL_6E_2026-10-19_T+45_1788556696001_l8x7,BOM-DEL,EaseMyTrip,6E,6E-313,2026-10-19,T+45,10065,2209,12274,2026-09-04T20:57:18.165Z,TRUE,"High outlier: ₹12274 > upper fence ₹9664 (Q3: ₹8096, IQR: ₹1045)",12:40,FALSE
fare_BOM-DEL_AI_2026-10-19_T+45_1788556696001_q5jt,BOM-DEL,EaseMyTrip,AI,AI-2505,2026-10-19,T+45,10254,2251,12505,2026-09-04T20:57:18.165Z,TRUE,"High outlier: ₹12505 > upper fence ₹9664 (Q3: ₹8096, IQR: ₹1045)",19:25,FALSE
fare_BOM-DEL_AI_2026-10-19_T+45_1788556696001_78sc,BOM-DEL,EaseMyTrip,AI,AI-9891,2026-10-19,T+45,10481,2301,12782,2026-09-04T20:57:18.165Z,TRUE,"High outlier: ₹12782 > upper fence ₹9664 (Q3: ₹8096, IQR: ₹1045)",13:10,FALSE
fare_BOM-DEL_6E_2026-10-19_T+45_1788556696001_pv81,BOM-DEL,EaseMyTrip,6E,6E-657,2026-10-19,T+45,10533,2312,12845,2026-09-04T20:57:18.165Z,TRUE,"High outlier: ₹12845 > upper fence ₹9664 (Q3: ₹8096, IQR: ₹1045)",08:40,FALSE
fare_BOM-DEL_6E_2026-10-19_T+45_1788556696001_n0kg,BOM-DEL,EaseMyTrip,6E,6E-618,2026-10-19,T+45,10533,2312,12845,2026-09-04T20:57:18.165Z,TRUE,"High outlier: ₹12845 > upper fence ₹9664 (Q3: ₹8096, IQR: ₹1045)",08:40,FALSE
fare_BOM-DEL_IX_2026-10-19_T+45_1788556696001_nwyi,BOM-DEL,EaseMyTrip,IX,IX-1797,2026-10-19,T+45,12268,2693,14961,2026-09-04T20:57:18.165Z,TRUE,"High outlier: ₹14961 > upper fence ₹9664 (Q3: ₹8096, IQR: ₹1045)",05:05,FALSE
fare_BOM-DEL_AI_2026-10-19_T+45_1788556696001_vj8z,BOM-DEL,EaseMyTrip,AI,AI-2931,2026-10-19,T+45,11694,2567,14261,2026-09-04T20:57:18.165Z,TRUE,"High outlier: ₹14261 > upper fence ₹9664 (Q3: ₹8096, IQR: ₹1045)",04:30,FALSE
fare_BOM-DEL_QP_2026-10-19_T+45_1788556696001_8fts,BOM-DEL,EaseMyTrip,QP,QP-2005,2026-10-19,T+45,11637,2555,14192,2026-09-04T20:57:18.165Z,TRUE,"High outlier: ₹14192 > upper fence ₹9664 (Q3: ₹8096, IQR: ₹1045)",06:00,FALSE
fare_BOM-DEL_AI_2026-10-19_T+45_1788556696001_1mlf,BOM-DEL,EaseMyTrip,AI,AI-2785,2026-10-19,T+45,12656,2778,15434,2026-09-04T20:57:18.165Z,TRUE,"High outlier: ₹15434 > upper fence ₹9664 (Q3: ₹8096, IQR: ₹1045)",06:40,FALSE
fare_BOM-DEL_IX_2026-10-19_T+45_1788556696001_cy6r,BOM-DEL,EaseMyTrip,IX,IX-1237,2026-10-19,T+45,12993,2852,15845,2026-09-04T20:57:18.165Z,TRUE,"High outlier: ₹15845 > upper fence ₹9664 (Q3: ₹8096, IQR: ₹1045)",05:55,FALSE
fare_BOM-DEL_AI_2026-10-19_T+45_1788556696001_da5e,BOM-DEL,EaseMyTrip,AI,AI-2730,2026-10-19,T+45,12787,2807,15594,2026-09-04T20:57:18.165Z,TRUE,"High outlier: ₹15594 > upper fence ₹9664 (Q3: ₹8096, IQR: ₹1045)",16:00,FALSE
fare_BOM-DEL_AI_2026-10-19_T+45_1788556696001_ejj4,BOM-DEL,EaseMyTrip,AI,AI-2659,2026-10-19,T+45,13091,2874,15965,2026-09-04T20:57:18.165Z,TRUE,"High outlier: ₹15965 > upper fence ₹9664 (Q3: ₹8096, IQR: ₹1045)",14:35,FALSE
fare_BOM-DEL_AI_2026-10-19_T+45_1788556696001_ep3i,BOM-DEL,EaseMyTrip,AI,AI-9533,2026-10-19,T+45,13471,2957,16428,2026-09-04T20:57:18.165Z,TRUE,"High outlier: ₹16428 > upper fence ₹9664 (Q3: ₹8096, IQR: ₹1045)",16:30,FALSE
fare_BOM-DEL_AI_2026-10-19_T+45_1788556696001_lxc3,BOM-DEL,EaseMyTrip,AI,AI-2753,2026-10-19,T+45,13595,2984,16579,2026-09-04T20:57:18.165Z,TRUE,"High outlier: ₹16579 > upper fence ₹9664 (Q3: ₹8096, IQR: ₹1045)",13:50,FALSE
fare_BOM-DEL_QP_2026-10-19_T+45_1788556696001_eomt,BOM-DEL,EaseMyTrip,QP,QP-2001,2026-10-19,T+45,13760,3021,16781,2026-09-04T20:57:18.165Z,TRUE,"High outlier: ₹16781 > upper fence ₹9664 (Q3: ₹8096, IQR: ₹1045)",18:45,FALSE
fare_BOM-DEL_AI_2026-10-19_T+45_1788556696001_islz,BOM-DEL,EaseMyTrip,AI,AI-2741,2026-10-19,T+45,13953,3063,17016,2026-09-04T20:57:18.165Z,TRUE,"High outlier: ₹17016 > upper fence ₹9664 (Q3: ₹8096, IQR: ₹1045)",07:40,FALSE
fare_BOM-DEL_AI_2026-10-19_T+45_1788556696001_n5eg,BOM-DEL,EaseMyTrip,AI,AI-2728,2026-10-19,T+45,14015,3077,17092,2026-09-04T20:57:18.165Z,TRUE,"High outlier: ₹17092 > upper fence ₹9664 (Q3: ₹8096, IQR: ₹1045)",05:20,FALSE
fare_BOM-DEL_AI_2026-10-19_T+45_1788556696001_u9qk,BOM-DEL,EaseMyTrip,AI,AI-2749,2026-10-19,T+45,14173,3111,17284,2026-09-04T20:57:18.165Z,TRUE,"High outlier: ₹17284 > upper fence ₹9664 (Q3: ₹8096, IQR: ₹1045)",17:35,FALSE
fare_BOM-DEL_AI_2026-10-19_T+45_1788556696001_3pr6,BOM-DEL,EaseMyTrip,AI,AI-2853,2026-10-19,T+45,17008,3734,20742,2026-09-04T20:57:18.165Z,TRUE,"High outlier: ₹20742 > upper fence ₹9664 (Q3: ₹8096, IQR: ₹1045)",15:25,FALSE
fare_BOM-DEL_AI_2026-10-19_T+45_1788556696001_6heq,BOM-DEL,EaseMyTrip,AI,AI-2579,2026-10-19,T+45,19676,4319,23995,2026-09-04T20:57:18.165Z,TRUE,"High outlier: ₹23995 > upper fence ₹9664 (Q3: ₹8096, IQR: ₹1045)",10:35,FALSE
fare_BOM-DEL_AI_2026-10-19_T+45_1788556696001_02tn,BOM-DEL,EaseMyTrip,AI,AI-2781,2026-10-19,T+45,24433,5363,29796,2026-09-04T20:57:18.165Z,TRUE,"High outlier: ₹29796 > upper fence ₹9664 (Q3: ₹8096, IQR: ₹1045)",10:50,FALSE
fare_BOM-DEL_IX_2026-09-11_T+7_1788556696002_t90l,BOM-DEL,EaseMyTrip,IX,IX-1787,2026-09-11,T+7,5595,1228,6823,2026-09-04T20:56:59.997Z,FALSE,"",13:10,FALSE
fare_BOM-DEL_6E_2026-09-11_T+7_1788556696002_9og3,BOM-DEL,EaseMyTrip,6E,6E-5095,2026-09-11,T+7,5014,1101,6115,2026-09-04T20:56:59.997Z,FALSE,"",09:20,TRUE
fare_BOM-DEL_6E_2026-09-11_T+7_1788556696002_067x,BOM-DEL,EaseMyTrip,6E,6E-843,2026-09-11,T+7,5160,1133,6293,2026-09-04T20:56:59.997Z,FALSE,"",01:30,FALSE
fare_BOM-DEL_6E_2026-09-11_T+7_1788556696002_woew,BOM-DEL,EaseMyTrip,6E,6E-809,2026-09-11,T+7,5160,1133,6293,2026-09-04T20:56:59.997Z,FALSE,"",01:30,FALSE
fare_BOM-DEL_6E_2026-09-11_T+7_1788556696002_mllf,BOM-DEL,EaseMyTrip,6E,6E-5144,2026-09-11,T+7,5160,1133,6293,2026-09-04T20:56:59.997Z,FALSE,"",06:10,FALSE
fare_BOM-DEL_6E_2026-09-11_T+7_1788556696002_1qty,BOM-DEL,EaseMyTrip,6E,6E-807,2026-09-11,T+7,5160,1133,6293,2026-09-04T20:56:59.997Z,FALSE,"",14:40,FALSE
fare_BOM-DEL_6E_2026-09-11_T+7_1788556696002_ggqk,BOM-DEL,EaseMyTrip,6E,6E-874,2026-09-11,T+7,5160,1133,6293,2026-09-04T20:56:59.997Z,FALSE,"",14:40,FALSE
fare_BOM-DEL_IX_2026-09-11_T+7_1788556696002_h19y,BOM-DEL,EaseMyTrip,IX,IX-1026,2026-09-11,T+7,5930,1302,7232,2026-09-04T20:56:59.997Z,FALSE,"",05:45,FALSE
fare_BOM-DEL_6E_2026-09-11_T+7_1788556696002_g7ij,BOM-DEL,EaseMyTrip,6E,6E-5181,2026-09-11,T+7,5269,1156,6425,2026-09-04T20:56:59.997Z,FALSE,"",10:25,FALSE
fare_BOM-DEL_6E_2026-09-11_T+7_1788556696002_ahpq,BOM-DEL,EaseMyTrip,6E,6E-5154,2026-09-11,T+7,5269,1156,6425,2026-09-04T20:56:59.997Z,FALSE,"",15:45,FALSE
fare_BOM-DEL_6E_2026-09-11_T+7_1788556696002_dnus,BOM-DEL,EaseMyTrip,6E,6E-5131,2026-09-11,T+7,5269,1156,6425,2026-09-04T20:56:59.997Z,FALSE,"",15:50,FALSE
fare_BOM-DEL_6E_2026-09-11_T+7_1788556696002_hmxn,BOM-DEL,EaseMyTrip,6E,6E-6802,2026-09-11,T+7,5269,1156,6425,2026-09-04T20:56:59.997Z,FALSE,"",16:55,FALSE
fare_BOM-DEL_6E_2026-09-11_T+7_1788556696002_1bcf,BOM-DEL,EaseMyTrip,6E,6E-6122,2026-09-11,T+7,5269,1156,6425,2026-09-04T20:56:59.997Z,FALSE,"",12:25,FALSE
fare_BOM-DEL_QP_2026-09-11_T+7_1788556696002_4q0d,BOM-DEL,EaseMyTrip,QP,QP-2071,2026-09-11,T+7,5330,1170,6500,2026-09-04T20:56:59.997Z,FALSE,"",06:05,TRUE
fare_BOM-DEL_6E_2026-09-11_T+7_1788556696002_pnr5,BOM-DEL,EaseMyTrip,6E,6E-597,2026-09-11,T+7,5332,1171,6503,2026-09-04T20:56:59.997Z,FALSE,"",04:30,FALSE
fare_BOM-DEL_6E_2026-09-11_T+7_1788556696002_g541,BOM-DEL,EaseMyTrip,6E,6E-463,2026-09-11,T+7,5332,1171,6503,2026-09-04T20:56:59.997Z,FALSE,"",04:30,FALSE
fare_BOM-DEL_6E_2026-09-11_T+7_1788556696002_8ieo,BOM-DEL,EaseMyTrip,6E,6E-2138,2026-09-11,T+7,5356,1176,6532,2026-09-04T20:56:59.997Z,FALSE,"",16:20,FALSE
fare_BOM-DEL_QP_2026-09-11_T+7_1788556696002_mpwc,BOM-DEL,EaseMyTrip,QP,QP-1834,2026-09-11,T+7,5381,1181,6562,2026-09-04T20:56:59.997Z,FALSE,"",10:20,TRUE
fare_BOM-DEL_QP_2026-09-11_T+7_1788556696002_p28t,BOM-DEL,EaseMyTrip,QP,QP-1127,2026-09-11,T+7,5381,1181,6562,2026-09-04T20:56:59.997Z,FALSE,"",12:55,TRUE
fare_BOM-DEL_QP_2026-09-11_T+7_1788556696002_rs14,BOM-DEL,EaseMyTrip,QP,QP-1835,2026-09-11,T+7,5381,1181,6562,2026-09-04T20:56:59.997Z,FALSE,"",11:50,TRUE
fare_BOM-DEL_6E_2026-09-11_T+7_1788556696002_lqmc,BOM-DEL,EaseMyTrip,6E,6E-244,2026-09-11,T+7,5381,1181,6562,2026-09-04T20:56:59.997Z,FALSE,"",05:00,TRUE
fare_BOM-DEL_6E_2026-09-11_T+7_1788556696002_oubk,BOM-DEL,EaseMyTrip,6E,6E-520,2026-09-11,T+7,5381,1181,6562,2026-09-04T20:56:59.997Z,FALSE,"",05:00,TRUE
fare_BOM-DEL_6E_2026-09-11_T+7_1788556696002_jqkw,BOM-DEL,EaseMyTrip,6E,6E-6704,2026-09-11,T+7,5381,1181,6562,2026-09-04T20:56:59.997Z,FALSE,"",14:00,TRUE
fare_BOM-DEL_6E_2026-09-11_T+7_1788556696002_sual,BOM-DEL,EaseMyTrip,6E,6E-6028,2026-09-11,T+7,5381,1181,6562,2026-09-04T20:56:59.997Z,FALSE,"",12:15,TRUE
fare_BOM-DEL_6E_2026-09-11_T+7_1788556696002_a6x0,BOM-DEL,EaseMyTrip,6E,6E-568,2026-09-11,T+7,5381,1181,6562,2026-09-04T20:56:59.997Z,FALSE,"",13:00,TRUE
fare_BOM-DEL_6E_2026-09-11_T+7_1788556696002_dhkt,BOM-DEL,EaseMyTrip,6E,6E-984,2026-09-11,T+7,5381,1181,6562,2026-09-04T20:56:59.997Z,FALSE,"",06:00,TRUE
fare_BOM-DEL_6E_2026-09-11_T+7_1788556696002_j0aq,BOM-DEL,EaseMyTrip,6E,6E-350,2026-09-11,T+7,5381,1181,6562,2026-09-04T20:56:59.997Z,FALSE,"",06:00,TRUE
fare_BOM-DEL_6E_2026-09-11_T+7_1788556696002_hn3y,BOM-DEL,EaseMyTrip,6E,6E-6052,2026-09-11,T+7,5381,1181,6562,2026-09-04T20:56:59.997Z,FALSE,"",10:00,TRUE
fare_BOM-DEL_6E_2026-09-11_T+7_1788556696002_x59l,BOM-DEL,EaseMyTrip,6E,6E-849,2026-09-11,T+7,5381,1181,6562,2026-09-04T20:56:59.997Z,FALSE,"",10:35,TRUE
fare_BOM-DEL_6E_2026-09-11_T+7_1788556696002_qxls,BOM-DEL,EaseMyTrip,6E,6E-761,2026-09-11,T+7,5381,1181,6562,2026-09-04T20:56:59.997Z,FALSE,"",10:35,TRUE
fare_BOM-DEL_6E_2026-09-11_T+7_1788556696002_w1zl,BOM-DEL,EaseMyTrip,6E,6E-6827,2026-09-11,T+7,5381,1181,6562,2026-09-04T20:56:59.997Z,FALSE,"",11:30,TRUE
fare_BOM-DEL_QP_2026-09-11_T+7_1788556696002_4xlp,BOM-DEL,EaseMyTrip,QP,QP-1939,2026-09-11,T+7,5423,1191,6614,2026-09-04T20:56:59.997Z,FALSE,"",10:10,TRUE
fare_BOM-DEL_6E_2026-09-11_T+7_1788556696002_87kp,BOM-DEL,EaseMyTrip,6E,6E-5197,2026-09-11,T+7,5423,1191,6614,2026-09-04T20:56:59.997Z,FALSE,"",06:40,TRUE
fare_BOM-DEL_6E_2026-09-11_T+7_1788556696002_83w6,BOM-DEL,EaseMyTrip,6E,6E-118,2026-09-11,T+7,5441,1194,6635,2026-09-04T20:56:59.997Z,FALSE,"",17:45,FALSE
fare_BOM-DEL_6E_2026-09-11_T+7_1788556696002_vwca,BOM-DEL,EaseMyTrip,6E,6E-649,2026-09-11,T+7,5441,1194,6635,2026-09-04T20:56:59.997Z,FALSE,"",17:45,FALSE
fare_BOM-DEL_6E_2026-09-11_T+7_1788556696002_yu5c,BOM-DEL,EaseMyTrip,6E,6E-662,2026-09-11,T+7,5510,1210,6720,2026-09-04T20:56:59.997Z,FALSE,"",07:00,TRUE
fare_BOM-DEL_6E_2026-09-11_T+7_1788556696002_6qi8,BOM-DEL,EaseMyTrip,6E,6E-603,2026-09-11,T+7,5510,1210,6720,2026-09-04T20:56:59.997Z,FALSE,"",07:00,TRUE
fare_BOM-DEL_6E_2026-09-11_T+7_1788556696002_q237,BOM-DEL,EaseMyTrip,6E,6E-2090,2026-09-11,T+7,5552,1219,6771,2026-09-04T20:56:59.997Z,FALSE,"",06:25,TRUE
fare_BOM-DEL_6E_2026-09-11_T+7_1788556696002_1kxl,BOM-DEL,EaseMyTrip,6E,6E-805,2026-09-11,T+7,5561,1221,6782,2026-09-04T20:56:59.997Z,FALSE,"",04:00,FALSE
fare_BOM-DEL_6E_2026-09-11_T+7_1788556696002_rqtf,BOM-DEL,EaseMyTrip,6E,6E-768,2026-09-11,T+7,5561,1221,6782,2026-09-04T20:56:59.997Z,FALSE,"",04:00,FALSE
fare_BOM-DEL_QP_2026-09-11_T+7_1788556696002_ueha,BOM-DEL,EaseMyTrip,QP,QP-1109,2026-09-11,T+7,5578,1224,6802,2026-09-04T20:56:59.997Z,FALSE,"",07:00,TRUE
fare_BOM-DEL_AI_2026-09-11_T+7_1788556696002_5xd6,BOM-DEL,EaseMyTrip,AI,AI-2422,2026-09-11,T+7,5766,1266,7032,2026-09-04T20:56:59.997Z,FALSE,"",01:00,TRUE
fare_BOM-DEL_AI_2026-09-11_T+7_1788556696002_d32i,BOM-DEL,EaseMyTrip,AI,AI-2452,2026-09-11,T+7,5766,1266,7032,2026-09-04T20:56:59.997Z,FALSE,"",03:05,TRUE
fare_BOM-DEL_AI_2026-09-11_T+7_1788556696002_envx,BOM-DEL,EaseMyTrip,AI,AI-2952,2026-09-11,T+7,5766,1266,7032,2026-09-04T20:56:59.997Z,FALSE,"",11:25,TRUE
fare_BOM-DEL_AI_2026-09-11_T+7_1788556696002_qrdw,BOM-DEL,EaseMyTrip,AI,AI-2687,2026-09-11,T+7,5766,1266,7032,2026-09-04T20:56:59.997Z,FALSE,"",11:25,TRUE
fare_BOM-DEL_IX_2026-09-11_T+7_1788556696002_7kbm,BOM-DEL,EaseMyTrip,IX,IX-1050,2026-09-11,T+7,5904,1296,7200,2026-09-04T20:56:59.997Z,FALSE,"",08:55,TRUE
fare_BOM-DEL_6E_2026-09-11_T+7_1788556696002_n8my,BOM-DEL,EaseMyTrip,6E,6E-5147,2026-09-11,T+7,5669,1244,6913,2026-09-04T20:56:59.997Z,FALSE,"",18:35,FALSE
fare_BOM-DEL_6E_2026-09-11_T+7_1788556696002_bp0n,BOM-DEL,EaseMyTrip,6E,6E-5345,2026-09-11,T+7,5669,1244,6913,2026-09-04T20:56:59.997Z,FALSE,"",14:25,FALSE
fare_BOM-DEL_6E_2026-09-11_T+7_1788556696002_ruh4,BOM-DEL,EaseMyTrip,6E,6E-665,2026-09-11,T+7,5683,1247,6930,2026-09-04T20:56:59.997Z,FALSE,"",08:00,TRUE
fare_BOM-DEL_6E_2026-09-11_T+7_1788556696002_xone,BOM-DEL,EaseMyTrip,6E,6E-608,2026-09-11,T+7,5683,1247,6930,2026-09-04T20:56:59.997Z,FALSE,"",08:00,TRUE
fare_BOM-DEL_6E_2026-09-11_T+7_1788556696002_m4an,BOM-DEL,EaseMyTrip,6E,6E-835,2026-09-11,T+7,5683,1247,6930,2026-09-04T20:56:59.997Z,FALSE,"",09:00,TRUE
fare_BOM-DEL_6E_2026-09-11_T+7_1788556696002_2m22,BOM-DEL,EaseMyTrip,6E,6E-348,2026-09-11,T+7,5683,1247,6930,2026-09-04T20:56:59.997Z,FALSE,"",09:00,TRUE
fare_BOM-DEL_6E_2026-09-11_T+7_1788556696002_2jl5,BOM-DEL,EaseMyTrip,6E,6E-6543,2026-09-11,T+7,5787,1270,7057,2026-09-04T20:56:59.997Z,FALSE,"",07:50,FALSE
fare_BOM-DEL_QP_2026-09-11_T+7_1788556696002_0w4r,BOM-DEL,EaseMyTrip,QP,QP-1819,2026-09-11,T+7,5887,1292,7179,2026-09-04T20:56:59.997Z,FALSE,"",14:30,TRUE
fare_BOM-DEL_AI_2026-09-11_T+7_1788556696002_92i4,BOM-DEL,EaseMyTrip,AI,AI-2430,2026-09-11,T+7,6069,1332,7401,2026-09-04T20:56:59.997Z,FALSE,"",10:00,TRUE
fare_BOM-DEL_IX_2026-09-11_T+7_1788556696002_l0i9,BOM-DEL,EaseMyTrip,IX,IX-1237,2026-09-11,T+7,6857,1505,8362,2026-09-04T20:56:59.997Z,FALSE,"",05:55,FALSE
fare_BOM-DEL_AI_2026-09-11_T+7_1788556696002_obsr,BOM-DEL,EaseMyTrip,AI,AI-2970,2026-09-11,T+7,6283,1379,7662,2026-09-04T20:56:59.997Z,FALSE,"",08:30,TRUE
fare_BOM-DEL_AI_2026-09-11_T+7_1788556696002_ii1c,BOM-DEL,EaseMyTrip,AI,AI-2960,2026-09-11,T+7,6283,1379,7662,2026-09-04T20:56:59.997Z,FALSE,"",14:05,TRUE
fare_BOM-DEL_6E_2026-09-11_T+7_1788556696002_bkjj,BOM-DEL,EaseMyTrip,6E,6E-644,2026-09-11,T+7,6173,1355,7528,2026-09-04T20:56:59.997Z,FALSE,"",19:20,FALSE
fare_BOM-DEL_6E_2026-09-11_T+7_1788556696002_2yuw,BOM-DEL,EaseMyTrip,6E,6E-435,2026-09-11,T+7,6173,1355,7528,2026-09-04T20:56:59.997Z,FALSE,"",19:20,FALSE
fare_BOM-DEL_6E_2026-09-11_T+7_1788556696002_3m2e,BOM-DEL,EaseMyTrip,6E,6E-2024,2026-09-11,T+7,6281,1379,7660,2026-09-04T20:56:59.997Z,FALSE,"",09:15,FALSE
fare_BOM-DEL_AI_2026-09-11_T+7_1788556696002_0o8g,BOM-DEL,EaseMyTrip,AI,AI-2928,2026-09-11,T+7,6541,1436,7977,2026-09-04T20:56:59.997Z,FALSE,"",06:30,TRUE
fare_BOM-DEL_6E_2026-09-11_T+7_1788556696002_dehc,BOM-DEL,EaseMyTrip,6E,6E-5059,2026-09-11,T+7,6485,1423,7908,2026-09-04T20:56:59.997Z,FALSE,"",05:45,FALSE
fare_BOM-DEL_6E_2026-09-11_T+7_1788556696002_wcc1,BOM-DEL,EaseMyTrip,6E,6E-5107,2026-09-11,T+7,6485,1423,7908,2026-09-04T20:56:59.997Z,FALSE,"",20:00,FALSE
fare_BOM-DEL_6E_2026-09-11_T+7_1788556696002_sncx,BOM-DEL,EaseMyTrip,6E,6E-6027,2026-09-11,T+7,6593,1447,8040,2026-09-04T20:56:59.997Z,FALSE,"",17:35,FALSE
fare_BOM-DEL_AI_2026-09-11_T+7_1788556696002_47p2,BOM-DEL,EaseMyTrip,AI,AI-2944,2026-09-11,T+7,6799,1493,8292,2026-09-04T20:56:59.997Z,FALSE,"",14:35,TRUE
fare_BOM-DEL_AI_2026-09-11_T+7_1788556696002_upep,BOM-DEL,EaseMyTrip,AI,AI-1891,2026-09-11,T+7,7095,1557,8652,2026-09-04T20:56:59.997Z,FALSE,"",08:10,TRUE
fare_BOM-DEL_AI_2026-09-11_T+7_1788556696002_wo61,BOM-DEL,EaseMyTrip,AI,AI-2428,2026-09-11,T+7,7102,1559,8661,2026-09-04T20:56:59.997Z,FALSE,"",08:00,TRUE
fare_BOM-DEL_AI_2026-09-11_T+7_1788556696002_2blf,BOM-DEL,EaseMyTrip,AI,AI-2432,2026-09-11,T+7,7102,1559,8661,2026-09-04T20:56:59.997Z,FALSE,"",09:30,TRUE
fare_BOM-DEL_6E_2026-09-11_T+7_1788556696002_l3a1,BOM-DEL,EaseMyTrip,6E,6E-5238,2026-09-11,T+7,7123,1564,8687,2026-09-04T20:56:59.997Z,FALSE,"",18:25,FALSE
fare_BOM-DEL_6E_2026-09-11_T+7_1788556696002_3f8j,BOM-DEL,EaseMyTrip,6E,6E-6361,2026-09-11,T+7,7361,1616,8977,2026-09-04T20:56:59.997Z,FALSE,"",05:00,FALSE
fare_BOM-DEL_AI_2026-09-11_T+7_1788556696002_6sl6,BOM-DEL,EaseMyTrip,AI,AI-2677,2026-09-11,T+7,7660,1682,9342,2026-09-04T20:56:59.997Z,FALSE,"",13:00,TRUE
fare_BOM-DEL_6E_2026-09-11_T+7_1788556696002_i0su,BOM-DEL,EaseMyTrip,6E,6E-6195,2026-09-11,T+7,7881,1730,9611,2026-09-04T20:56:59.997Z,FALSE,"",23:00,FALSE
fare_BOM-DEL_6E_2026-09-11_T+7_1788556696002_bnt4,BOM-DEL,EaseMyTrip,6E,6E-919,2026-09-11,T+7,8007,1758,9765,2026-09-04T20:56:59.997Z,FALSE,"",15:00,TRUE
fare_BOM-DEL_6E_2026-09-11_T+7_1788556696002_y865,BOM-DEL,EaseMyTrip,6E,6E-205,2026-09-11,T+7,8007,1758,9765,2026-09-04T20:56:59.997Z,FALSE,"",15:00,TRUE
fare_BOM-DEL_IX_2026-09-11_T+7_1788556696002_k4kz,BOM-DEL,EaseMyTrip,IX,IX-1809,2026-09-11,T+7,8450,1855,10305,2026-09-04T20:56:59.997Z,FALSE,"",07:30,FALSE
fare_BOM-DEL_6E_2026-09-11_T+7_1788556696002_wvzy,BOM-DEL,EaseMyTrip,6E,6E-2703,2026-09-11,T+7,8251,1811,10062,2026-09-04T20:56:59.997Z,FALSE,"",10:20,FALSE
fare_BOM-DEL_AI_2026-09-11_T+7_1788556696002_uccc,BOM-DEL,EaseMyTrip,AI,AI-2424,2026-09-11,T+7,8544,1876,10420,2026-09-04T20:56:59.997Z,FALSE,"",07:00,TRUE
fare_BOM-DEL_AI_2026-09-11_T+7_1788556696002_4f5u,BOM-DEL,EaseMyTrip,AI,AI-2442,2026-09-11,T+7,8544,1876,10420,2026-09-04T20:56:59.997Z,FALSE,"",15:00,TRUE
fare_BOM-DEL_6E_2026-09-11_T+7_1788556696002_pqsd,BOM-DEL,EaseMyTrip,6E,6E-5028,2026-09-11,T+7,8417,1848,10265,2026-09-04T20:56:59.997Z,FALSE,"",19:35,FALSE
fare_BOM-DEL_AI_2026-09-11_T+7_1788556696002_7fpf,BOM-DEL,EaseMyTrip,AI,AI-2491,2026-09-11,T+7,9347,2052,11399,2026-09-04T20:56:59.997Z,FALSE,"",11:15,FALSE
fare_BOM-DEL_AI_2026-09-11_T+7_1788556696002_r4n7,BOM-DEL,EaseMyTrip,AI,AI-9558,2026-09-11,T+7,9391,2062,11453,2026-09-04T20:56:59.997Z,FALSE,"",07:30,FALSE
fare_BOM-DEL_AI_2026-09-11_T+7_1788556696002_dg0i,BOM-DEL,EaseMyTrip,AI,AI-9753,2026-09-11,T+7,9577,2102,11679,2026-09-04T20:56:59.997Z,FALSE,"",05:45,FALSE
fare_BOM-DEL_6E_2026-09-11_T+7_1788556696002_j749,BOM-DEL,EaseMyTrip,6E,6E-2347,2026-09-11,T+7,9570,2101,11671,2026-09-04T20:56:59.997Z,FALSE,"",08:50,FALSE
fare_BOM-DEL_IX_2026-09-11_T+7_1788556696002_1dhj,BOM-DEL,EaseMyTrip,IX,IX-1176,2026-09-11,T+7,10194,2238,12432,2026-09-04T20:56:59.997Z,FALSE,"",11:20,FALSE
fare_BOM-DEL_6E_2026-09-11_T+7_1788556696002_bs4l,BOM-DEL,EaseMyTrip,6E,6E-5318,2026-09-11,T+7,10008,2197,12205,2026-09-04T20:56:59.997Z,FALSE,"",10:15,FALSE
fare_BOM-DEL_6E_2026-09-11_T+7_1788556696002_hlyd,BOM-DEL,EaseMyTrip,6E,6E-7017,2026-09-11,T+7,10519,2309,12828,2026-09-04T20:56:59.997Z,FALSE,"",21:30,FALSE
fare_BOM-DEL_6E_2026-09-11_T+7_1788556696002_cgvq,BOM-DEL,EaseMyTrip,6E,6E-5201,2026-09-11,T+7,10529,2311,12840,2026-09-04T20:56:59.997Z,FALSE,"",14:55,FALSE
fare_BOM-DEL_6E_2026-09-11_T+7_1788556696002_htwo,BOM-DEL,EaseMyTrip,6E,6E-5135,2026-09-11,T+7,10533,2312,12845,2026-09-04T20:56:59.997Z,FALSE,"",23:20,FALSE
fare_BOM-DEL_AI_2026-09-11_T+7_1788556696002_dqpr,BOM-DEL,EaseMyTrip,AI,AI-2847,2026-09-11,T+7,11214,2461,13675,2026-09-04T20:56:59.997Z,FALSE,"",09:55,FALSE
fare_BOM-DEL_AI_2026-09-11_T+7_1788556696002_86yu,BOM-DEL,EaseMyTrip,AI,AI-2493,2026-09-11,T+7,11214,2461,13675,2026-09-04T20:56:59.997Z,FALSE,"",18:25,FALSE
fare_BOM-DEL_AI_2026-09-11_T+7_1788556696002_ft4q,BOM-DEL,EaseMyTrip,AI,AI-2503,2026-09-11,T+7,11236,2466,13702,2026-09-04T20:56:59.997Z,FALSE,"",12:55,FALSE
fare_BOM-DEL_6E_2026-09-11_T+7_1788556696002_l74s,BOM-DEL,EaseMyTrip,6E,6E-5273,2026-09-11,T+7,11350,2491,13841,2026-09-04T20:56:59.997Z,FALSE,"",18:35,FALSE
fare_BOM-DEL_6E_2026-09-11_T+7_1788556696002_6s3t,BOM-DEL,EaseMyTrip,6E,6E-689,2026-09-11,T+7,11751,2580,14331,2026-09-04T20:56:59.997Z,FALSE,"",17:20,TRUE
fare_BOM-DEL_6E_2026-09-11_T+7_1788556696002_5gwt,BOM-DEL,EaseMyTrip,6E,6E-226,2026-09-11,T+7,11751,2580,14331,2026-09-04T20:56:59.997Z,FALSE,"",17:20,TRUE
fare_BOM-DEL_QP_2026-09-11_T+7_1788556696002_es5o,BOM-DEL,EaseMyTrip,QP,QP-1825,2026-09-11,T+7,11824,2595,14419,2026-09-04T20:56:59.997Z,FALSE,"",16:50,TRUE
fare_BOM-DEL_IX_2026-09-11_T+7_1788556696002_bqbi,BOM-DEL,EaseMyTrip,IX,IX-1347,2026-09-11,T+7,12520,2748,15268,2026-09-04T20:56:59.997Z,FALSE,"",06:00,FALSE
fare_BOM-DEL_6E_2026-09-11_T+7_1788556696002_d6h1,BOM-DEL,EaseMyTrip,6E,6E-555,2026-09-11,T+7,12059,2647,14706,2026-09-04T20:56:59.997Z,FALSE,"",12:40,FALSE
fare_BOM-DEL_6E_2026-09-11_T+7_1788556696002_9g0z,BOM-DEL,EaseMyTrip,6E,6E-696,2026-09-11,T+7,12059,2647,14706,2026-09-04T20:56:59.997Z,FALSE,"",12:40,FALSE
fare_BOM-DEL_AI_2026-09-11_T+7_1788556696002_43z4,BOM-DEL,EaseMyTrip,AI,AI-2915,2026-09-11,T+7,12397,2721,15118,2026-09-04T20:56:59.997Z,FALSE,"",15:30,FALSE
fare_BOM-DEL_6E_2026-09-11_T+7_1788556696002_tqfp,BOM-DEL,EaseMyTrip,6E,6E-5246,2026-09-11,T+7,12372,2716,15088,2026-09-04T20:56:59.997Z,FALSE,"",07:15,FALSE
fare_BOM-DEL_IX_2026-09-11_T+7_1788556696002_76lk,BOM-DEL,EaseMyTrip,IX,IX-1671,2026-09-11,T+7,12854,2822,15676,2026-09-04T20:56:59.997Z,FALSE,"",16:45,TRUE
fare_BOM-DEL_AI_2026-09-11_T+7_1788556696002_9heo,BOM-DEL,EaseMyTrip,AI,AI-493,2026-09-11,T+7,12577,2761,15338,2026-09-04T20:56:59.997Z,FALSE,"",06:40,FALSE
fare_BOM-DEL_IX_2026-09-11_T+7_1788556696002_uwaz,BOM-DEL,EaseMyTrip,IX,IX-1626,2026-09-11,T+7,12949,2843,15792,2026-09-04T20:56:59.997Z,FALSE,"",12:00,FALSE
fare_BOM-DEL_6E_2026-09-11_T+7_1788556696002_sm3s,BOM-DEL,EaseMyTrip,6E,6E-707,2026-09-11,T+7,12485,2740,15225,2026-09-04T20:56:59.997Z,FALSE,"",16:00,TRUE
fare_BOM-DEL_6E_2026-09-11_T+7_1788556696002_z1kx,BOM-DEL,EaseMyTrip,6E,6E-800,2026-09-11,T+7,12485,2740,15225,2026-09-04T20:56:59.997Z,FALSE,"",16:00,TRUE
fare_BOM-DEL_AI_2026-09-11_T+7_1788556696002_1nst,BOM-DEL,EaseMyTrip,AI,AI-2785,2026-09-11,T+7,12656,2778,15434,2026-09-04T20:56:59.997Z,FALSE,"",06:40,FALSE
fare_BOM-DEL_6E_2026-09-11_T+7_1788556696002_f6ge,BOM-DEL,EaseMyTrip,6E,6E-5178,2026-09-11,T+7,12608,2767,15375,2026-09-04T20:56:59.997Z,FALSE,"",11:45,FALSE
fare_BOM-DEL_6E_2026-09-11_T+7_1788556696002_t0d0,BOM-DEL,EaseMyTrip,6E,6E-5164,2026-09-11,T+7,12640,2775,15415,2026-09-04T20:56:59.997Z,FALSE,"",20:20,FALSE
fare_BOM-DEL_AI_2026-09-11_T+7_1788556696002_62c7,BOM-DEL,EaseMyTrip,AI,AI-2659,2026-09-11,T+7,13091,2874,15965,2026-09-04T20:56:59.997Z,FALSE,"",14:35,FALSE
fare_BOM-DEL_6E_2026-09-11_T+7_1788556696002_iw2a,BOM-DEL,EaseMyTrip,6E,6E-2237,2026-09-11,T+7,13135,2883,16018,2026-09-04T20:56:59.997Z,FALSE,"",18:40,FALSE
fare_BOM-DEL_6E_2026-09-11_T+7_1788556696002_ry9y,BOM-DEL,EaseMyTrip,6E,6E-5281,2026-09-11,T+7,13374,2936,16310,2026-09-04T20:56:59.997Z,FALSE,"",08:40,FALSE
fare_BOM-DEL_AI_2026-09-11_T+7_1788556696002_9q1r,BOM-DEL,EaseMyTrip,AI,AI-2753,2026-09-11,T+7,13595,2984,16579,2026-09-04T20:56:59.997Z,FALSE,"",13:50,FALSE
fare_BOM-DEL_AI_2026-09-11_T+7_1788556696002_0ai8,BOM-DEL,EaseMyTrip,AI,AI-9891,2026-09-11,T+7,13751,3018,16769,2026-09-04T20:56:59.997Z,FALSE,"",13:10,FALSE
fare_BOM-DEL_AI_2026-09-11_T+7_1788556696002_7t12,BOM-DEL,EaseMyTrip,AI,AI-2728,2026-09-11,T+7,14015,3077,17092,2026-09-04T20:56:59.997Z,FALSE,"",05:20,FALSE
fare_BOM-DEL_AI_2026-09-11_T+7_1788556696002_2hw8,BOM-DEL,EaseMyTrip,AI,AI-2749,2026-09-11,T+7,14173,3111,17284,2026-09-04T20:56:59.997Z,FALSE,"",17:35,FALSE
fare_BOM-DEL_6E_2026-09-11_T+7_1788556696002_7l2y,BOM-DEL,EaseMyTrip,6E,6E-6082,2026-09-11,T+7,14120,3100,17220,2026-09-04T20:56:59.997Z,FALSE,"",16:45,TRUE
fare_BOM-DEL_6E_2026-09-11_T+7_1788556696002_haft,BOM-DEL,EaseMyTrip,6E,6E-6599,2026-09-11,T+7,14234,3124,17358,2026-09-04T20:56:59.997Z,FALSE,"",16:50,FALSE
fare_BOM-DEL_AI_2026-09-11_T+7_1788556696002_rzz2,BOM-DEL,EaseMyTrip,AI,AI-2741,2026-09-11,T+7,14403,3162,17565,2026-09-04T20:56:59.997Z,FALSE,"",07:40,FALSE
fare_BOM-DEL_AI_2026-09-11_T+7_1788556696002_y55m,BOM-DEL,EaseMyTrip,AI,AI-2997,2026-09-11,T+7,14425,3166,17591,2026-09-04T20:56:59.997Z,FALSE,"",10:10,FALSE
fare_BOM-DEL_AI_2026-09-11_T+7_1788556696002_57e1,BOM-DEL,EaseMyTrip,AI,AI-2781,2026-09-11,T+7,15493,3401,18894,2026-09-04T20:56:59.997Z,FALSE,"",10:45,FALSE
fare_BOM-DEL_SG_2026-09-11_T+7_1788556696002_hzxt,BOM-DEL,EaseMyTrip,SG,SG-705,2026-09-11,T+7,15537,3410,18947,2026-09-04T20:56:59.997Z,FALSE,"",01:50,TRUE
fare_BOM-DEL_SG_2026-09-11_T+7_1788556696002_49bk,BOM-DEL,EaseMyTrip,SG,SG-198,2026-09-11,T+7,15537,3410,18947,2026-09-04T20:56:59.997Z,FALSE,"",01:50,TRUE
fare_BOM-DEL_QP_2026-09-11_T+7_1788556696002_7xjd,BOM-DEL,EaseMyTrip,QP,QP-1120,2026-09-11,T+7,15823,3473,19296,2026-09-04T20:56:59.997Z,FALSE,"",18:45,TRUE
fare_BOM-DEL_IX_2026-09-11_T+7_1788556696002_gq5n,BOM-DEL,EaseMyTrip,IX,IX-2153,2026-09-11,T+7,16447,3610,20057,2026-09-04T20:56:59.997Z,FALSE,"",20:25,TRUE
fare_BOM-DEL_6E_2026-09-11_T+7_1788556696002_e1ky,BOM-DEL,EaseMyTrip,6E,6E-5386,2026-09-11,T+7,15907,3492,19399,2026-09-04T20:56:59.997Z,FALSE,"",15:10,FALSE
fare_BOM-DEL_6E_2026-09-11_T+7_1788556696002_n751,BOM-DEL,EaseMyTrip,6E,6E-216,2026-09-11,T+7,16101,3534,19635,2026-09-04T20:56:59.997Z,FALSE,"",23:45,TRUE
fare_BOM-DEL_6E_2026-09-11_T+7_1788556696002_1wrg,BOM-DEL,EaseMyTrip,6E,6E-266,2026-09-11,T+7,16101,3534,19635,2026-09-04T20:56:59.997Z,FALSE,"",23:45,TRUE
fare_BOM-DEL_6E_2026-09-11_T+7_1788556696002_iq8b,BOM-DEL,EaseMyTrip,6E,6E-814,2026-09-11,T+7,16101,3534,19635,2026-09-04T20:56:59.997Z,FALSE,"",22:15,TRUE
fare_BOM-DEL_AI_2026-09-11_T+7_1788556696002_yye1,BOM-DEL,EaseMyTrip,AI,AI-2625,2026-09-11,T+7,16273,3572,19845,2026-09-04T20:56:59.997Z,FALSE,"",06:00,FALSE
fare_BOM-DEL_AI_2026-09-11_T+7_1788556696002_iiyw,BOM-DEL,EaseMyTrip,AI,AI-2444,2026-09-11,T+7,16388,3597,19985,2026-09-04T20:56:59.997Z,FALSE,"",10:50,FALSE
fare_BOM-DEL_SG_2026-09-11_T+7_1788556696002_j6gp,BOM-DEL,EaseMyTrip,SG,SG-440,2026-09-11,T+7,16585,3641,20226,2026-09-04T20:56:59.997Z,FALSE,"",23:25,TRUE
fare_BOM-DEL_SG_2026-09-11_T+7_1788556696002_g1ww,BOM-DEL,EaseMyTrip,SG,SG-646,2026-09-11,T+7,16585,3641,20226,2026-09-04T20:56:59.997Z,FALSE,"",23:25,TRUE
fare_BOM-DEL_AI_2026-09-11_T+7_1788556696002_j63r,BOM-DEL,EaseMyTrip,AI,AI-1851,2026-09-11,T+7,17309,3800,21109,2026-09-04T20:56:59.997Z,FALSE,"",15:30,TRUE
fare_BOM-DEL_IX_2026-09-11_T+7_1788556696002_wpju,BOM-DEL,EaseMyTrip,IX,IX-1163,2026-09-11,T+7,18565,4075,22640,2026-09-04T20:56:59.997Z,FALSE,"",20:45,FALSE
fare_BOM-DEL_6E_2026-09-11_T+7_1788556696002_x66l,BOM-DEL,EaseMyTrip,6E,6E-682,2026-09-11,T+7,18684,4101,22785,2026-09-04T20:56:59.997Z,FALSE,"",21:15,TRUE
fare_BOM-DEL_6E_2026-09-11_T+7_1788556696002_5kdy,BOM-DEL,EaseMyTrip,6E,6E-488,2026-09-11,T+7,18684,4101,22785,2026-09-04T20:56:59.997Z,FALSE,"",21:15,TRUE
fare_BOM-DEL_6E_2026-09-11_T+7_1788556696002_yo5n,BOM-DEL,EaseMyTrip,6E,6E-6049,2026-09-11,T+7,18684,4101,22785,2026-09-04T20:56:59.997Z,FALSE,"",19:45,TRUE
fare_BOM-DEL_6E_2026-09-11_T+7_1788556696002_l97e,BOM-DEL,EaseMyTrip,6E,6E-763,2026-09-11,T+7,18684,4101,22785,2026-09-04T20:56:59.997Z,FALSE,"",19:00,TRUE
fare_BOM-DEL_6E_2026-09-11_T+7_1788556696002_znpr,BOM-DEL,EaseMyTrip,6E,6E-6613,2026-09-11,T+7,18684,4101,22785,2026-09-04T20:56:59.997Z,FALSE,"",18:15,TRUE
fare_BOM-DEL_6E_2026-09-11_T+7_1788556696002_1wqc,BOM-DEL,EaseMyTrip,6E,6E-214,2026-09-11,T+7,18684,4101,22785,2026-09-04T20:56:59.997Z,FALSE,"",17:20,TRUE
fare_BOM-DEL_6E_2026-09-11_T+7_1788556696002_zt4z,BOM-DEL,EaseMyTrip,6E,6E-494,2026-09-11,T+7,18684,4101,22785,2026-09-04T20:56:59.997Z,FALSE,"",17:20,TRUE
fare_BOM-DEL_6E_2026-09-11_T+7_1788556696002_2ma7,BOM-DEL,EaseMyTrip,6E,6E-518,2026-09-11,T+7,18684,4101,22785,2026-09-04T20:56:59.997Z,FALSE,"",20:20,TRUE
fare_BOM-DEL_6E_2026-09-11_T+7_1788556696002_xguh,BOM-DEL,EaseMyTrip,6E,6E-978,2026-09-11,T+7,18684,4101,22785,2026-09-04T20:56:59.997Z,FALSE,"",20:20,TRUE
fare_BOM-DEL_IX_2026-09-11_T+7_1788556696002_8wi3,BOM-DEL,EaseMyTrip,IX,IX-1797,2026-09-11,T+7,19335,4244,23579,2026-09-04T20:56:59.997Z,FALSE,"",05:05,FALSE
fare_BOM-DEL_IX_2026-09-11_T+7_1788556696002_ap6k,BOM-DEL,EaseMyTrip,IX,IX-1810,2026-09-11,T+7,19839,4355,24194,2026-09-04T20:56:59.997Z,FALSE,"",13:40,FALSE
fare_BOM-DEL_AI_2026-09-11_T+7_1788556696002_zj8s,BOM-DEL,EaseMyTrip,AI,AI-1895,2026-09-11,T+7,19919,4373,24292,2026-09-04T20:56:59.997Z,FALSE,"",21:30,TRUE
fare_BOM-DEL_AI_2026-09-11_T+7_1788556696002_9qvi,BOM-DEL,EaseMyTrip,AI,AI-2986,2026-09-11,T+7,19919,4373,24292,2026-09-04T20:56:59.997Z,FALSE,"",22:35,TRUE
fare_BOM-DEL_6E_2026-09-11_T+7_1788556696002_euvi,BOM-DEL,EaseMyTrip,6E,6E-5056,2026-09-11,T+7,20226,4440,24666,2026-09-04T20:56:59.997Z,FALSE,"",21:10,FALSE
fare_BOM-DEL_AI_2026-09-11_T+7_1788556696002_3aa9,BOM-DEL,EaseMyTrip,AI,AI-1882,2026-09-11,T+7,20486,4497,24983,2026-09-04T20:56:59.997Z,FALSE,"",23:55,TRUE
fare_BOM-DEL_AI_2026-09-11_T+7_1788556696002_1ebu,BOM-DEL,EaseMyTrip,AI,AI-2988,2026-09-11,T+7,20486,4497,24983,2026-09-04T20:56:59.997Z,FALSE,"",20:30,TRUE
fare_BOM-DEL_AI_2026-09-11_T+7_1788556696002_i2zp,BOM-DEL,EaseMyTrip,AI,AI-816,2026-09-11,T+7,20486,4497,24983,2026-09-04T20:56:59.997Z,FALSE,"",21:00,TRUE
fare_BOM-DEL_AI_2026-09-11_T+7_1788556696002_qm0o,BOM-DEL,EaseMyTrip,AI,AI-2440,2026-09-11,T+7,20675,4539,25214,2026-09-04T20:56:59.997Z,FALSE,"",18:00,TRUE
fare_BOM-DEL_AI_2026-09-11_T+7_1788556696002_pe59,BOM-DEL,EaseMyTrip,AI,AI-2531,2026-09-11,T+7,21295,4675,25970,2026-09-04T20:56:59.997Z,FALSE,"",15:05,FALSE
fare_BOM-DEL_IX_2026-09-11_T+7_1788556696002_1fzh,BOM-DEL,EaseMyTrip,IX,IX-1283,2026-09-11,T+7,22562,4953,27515,2026-09-04T20:56:59.997Z,FALSE,"",09:05,FALSE
fare_BOM-DEL_6E_2026-09-11_T+7_1788556696002_e8rr,BOM-DEL,EaseMyTrip,6E,6E-5326,2026-09-11,T+7,22120,4856,26976,2026-09-04T20:56:59.997Z,FALSE,"",19:40,FALSE
fare_BOM-DEL_AI_2026-09-11_T+7_1788556696002_k3hc,BOM-DEL,EaseMyTrip,AI,AI-9533,2026-09-11,T+7,23892,5244,29136,2026-09-04T20:56:59.997Z,FALSE,"",16:30,FALSE
fare_BOM-DEL_IX_2026-09-11_T+7_1788556696002_l9og,BOM-DEL,EaseMyTrip,IX,IX-1238,2026-09-11,T+7,24621,5404,30025,2026-09-04T20:56:59.997Z,FALSE,"",12:25,FALSE
fare_BOM-DEL_IX_2026-09-11_T+7_1788556696002_x7vm,BOM-DEL,EaseMyTrip,IX,IX-1640,2026-09-11,T+7,25134,5517,30651,2026-09-04T20:56:59.997Z,FALSE,"",21:10,FALSE
fare_BOM-DEL_AI_2026-09-11_T+7_1788556696002_2f19,BOM-DEL,EaseMyTrip,AI,AI-2579,2026-09-11,T+7,31627,6943,38570,2026-09-04T20:56:59.997Z,TRUE,"High outlier: ₹38570 > upper fence ₹34456 (Q3: ₹17917, IQR: ₹11026)",10:35,FALSE
fare_DEL-BOM_IX_2026-09-19_T+15_1788556696003_ofj7,DEL-BOM,EaseMyTrip,IX,IX-1235,2026-09-19,T+15,5354,1175,6529,2026-09-04T20:56:33.239Z,FALSE,"",23:25,TRUE
fare_DEL-BOM_IX_2026-09-19_T+15_1788556696003_yr0t,DEL-BOM,EaseMyTrip,IX,IX-1038,2026-09-19,T+15,5526,1213,6739,2026-09-04T20:56:33.239Z,FALSE,"",17:35,TRUE
fare_DEL-BOM_6E_2026-09-19_T+15_1788556696003_ds0l,DEL-BOM,EaseMyTrip,6E,6E-5096,2026-09-19,T+15,5282,1160,6442,2026-09-04T20:56:33.239Z,FALSE,"",17:00,TRUE
fare_DEL-BOM_QP_2026-09-19_T+15_1788556696004_uuoz,DEL-BOM,EaseMyTrip,QP,QP-1110,2026-09-19,T+15,5355,1175,6530,2026-09-04T20:56:33.239Z,FALSE,"",10:30,TRUE
fare_DEL-BOM_QP_2026-09-19_T+15_1788556696004_51ln,DEL-BOM,EaseMyTrip,QP,QP-1820,2026-09-19,T+15,5355,1175,6530,2026-09-04T20:56:33.239Z,FALSE,"",17:30,TRUE
fare_DEL-BOM_QP_2026-09-19_T+15_1788556696004_h3kq,DEL-BOM,EaseMyTrip,QP,QP-1833,2026-09-19,T+15,5355,1175,6530,2026-09-04T20:56:33.239Z,FALSE,"",06:50,TRUE
fare_DEL-BOM_QP_2026-09-19_T+15_1788556696004_84zc,DEL-BOM,EaseMyTrip,QP,QP-1112,2026-09-19,T+15,5355,1175,6530,2026-09-04T20:56:33.239Z,FALSE,"",09:20,TRUE
fare_DEL-BOM_QP_2026-09-19_T+15_1788556696004_seva,DEL-BOM,EaseMyTrip,QP,QP-1128,2026-09-19,T+15,5355,1175,6530,2026-09-04T20:56:33.239Z,FALSE,"",16:00,TRUE
fare_DEL-BOM_QP_2026-09-19_T+15_1788556696004_9odl,DEL-BOM,EaseMyTrip,QP,QP-1119,2026-09-19,T+15,5355,1175,6530,2026-09-04T20:56:33.239Z,FALSE,"",08:40,TRUE
fare_DEL-BOM_QP_2026-09-19_T+15_1788556696004_wmor,DEL-BOM,EaseMyTrip,QP,QP-1836,2026-09-19,T+15,5355,1175,6530,2026-09-04T20:56:33.239Z,FALSE,"",12:30,TRUE
fare_DEL-BOM_QP_2026-09-19_T+15_1788556696004_febo,DEL-BOM,EaseMyTrip,QP,QP-1826,2026-09-19,T+15,5355,1175,6530,2026-09-04T20:56:33.239Z,FALSE,"",19:55,TRUE
fare_DEL-BOM_6E_2026-09-19_T+15_1788556696004_7zqw,DEL-BOM,EaseMyTrip,6E,6E-231,2026-09-19,T+15,5355,1175,6530,2026-09-04T20:56:33.239Z,FALSE,"",23:30,TRUE
fare_DEL-BOM_6E_2026-09-19_T+15_1788556696004_l8p6,DEL-BOM,EaseMyTrip,6E,6E-801,2026-09-19,T+15,5355,1175,6530,2026-09-04T20:56:33.239Z,FALSE,"",23:30,TRUE
fare_DEL-BOM_6E_2026-09-19_T+15_1788556696004_gjwp,DEL-BOM,EaseMyTrip,6E,6E-6114,2026-09-19,T+15,5355,1175,6530,2026-09-04T20:56:33.239Z,FALSE,"",22:45,TRUE
fare_DEL-BOM_6E_2026-09-19_T+15_1788556696004_yznv,DEL-BOM,EaseMyTrip,6E,6E-447,2026-09-19,T+15,5355,1175,6530,2026-09-04T20:56:33.239Z,FALSE,"",19:00,TRUE
fare_DEL-BOM_6E_2026-09-19_T+15_1788556696004_0kv6,DEL-BOM,EaseMyTrip,6E,6E-255,2026-09-19,T+15,5355,1175,6530,2026-09-04T20:56:33.239Z,FALSE,"",19:00,TRUE
fare_DEL-BOM_6E_2026-09-19_T+15_1788556696004_blei,DEL-BOM,EaseMyTrip,6E,6E-851,2026-09-19,T+15,5355,1175,6530,2026-09-04T20:56:33.239Z,FALSE,"",18:00,TRUE
fare_DEL-BOM_6E_2026-09-19_T+15_1788556696004_z0rh,DEL-BOM,EaseMyTrip,6E,6E-716,2026-09-19,T+15,5355,1175,6530,2026-09-04T20:56:33.239Z,FALSE,"",18:00,TRUE
fare_DEL-BOM_6E_2026-09-19_T+15_1788556696004_khz2,DEL-BOM,EaseMyTrip,6E,6E-143,2026-09-19,T+15,5355,1175,6530,2026-09-04T20:56:33.239Z,FALSE,"",16:15,TRUE
fare_DEL-BOM_6E_2026-09-19_T+15_1788556696004_aq6w,DEL-BOM,EaseMyTrip,6E,6E-964,2026-09-19,T+15,5355,1175,6530,2026-09-04T20:56:33.239Z,FALSE,"",16:15,TRUE
fare_DEL-BOM_6E_2026-09-19_T+15_1788556696004_8w5d,DEL-BOM,EaseMyTrip,6E,6E-890,2026-09-19,T+15,5355,1175,6530,2026-09-04T20:56:33.239Z,FALSE,"",15:30,TRUE
fare_DEL-BOM_6E_2026-09-19_T+15_1788556696004_yyen,DEL-BOM,EaseMyTrip,6E,6E-229,2026-09-19,T+15,5355,1175,6530,2026-09-04T20:56:33.239Z,FALSE,"",15:30,TRUE
fare_DEL-BOM_6E_2026-09-19_T+15_1788556696004_842v,DEL-BOM,EaseMyTrip,6E,6E-6022,2026-09-19,T+15,5355,1175,6530,2026-09-04T20:56:33.239Z,FALSE,"",14:00,TRUE
fare_DEL-BOM_6E_2026-09-19_T+15_1788556696004_3hqb,DEL-BOM,EaseMyTrip,6E,6E-6318,2026-09-19,T+15,5355,1175,6530,2026-09-04T20:56:33.239Z,FALSE,"",14:45,TRUE
fare_DEL-BOM_6E_2026-09-19_T+15_1788556696004_n8xs,DEL-BOM,EaseMyTrip,6E,6E-438,2026-09-19,T+15,5355,1175,6530,2026-09-04T20:56:33.239Z,FALSE,"",08:00,TRUE
fare_DEL-BOM_6E_2026-09-19_T+15_1788556696004_goe2,DEL-BOM,EaseMyTrip,6E,6E-794,2026-09-19,T+15,5355,1175,6530,2026-09-04T20:56:33.239Z,FALSE,"",08:00,TRUE
fare_DEL-BOM_6E_2026-09-19_T+15_1788556696004_qkow,DEL-BOM,EaseMyTrip,6E,6E-452,2026-09-19,T+15,5355,1175,6530,2026-09-04T20:56:33.239Z,FALSE,"",08:45,TRUE
fare_DEL-BOM_6E_2026-09-19_T+15_1788556696004_qt1v,DEL-BOM,EaseMyTrip,6E,6E-898,2026-09-19,T+15,5355,1175,6530,2026-09-04T20:56:33.239Z,FALSE,"",08:45,TRUE
fare_DEL-BOM_6E_2026-09-19_T+15_1788556696004_tpvn,DEL-BOM,EaseMyTrip,6E,6E-6814,2026-09-19,T+15,5355,1175,6530,2026-09-04T20:56:33.239Z,FALSE,"",07:15,TRUE
fare_DEL-BOM_6E_2026-09-19_T+15_1788556696004_4odn,DEL-BOM,EaseMyTrip,6E,6E-6328,2026-09-19,T+15,5355,1175,6530,2026-09-04T20:56:33.239Z,FALSE,"",10:15,TRUE
fare_DEL-BOM_6E_2026-09-19_T+15_1788556696004_sx02,DEL-BOM,EaseMyTrip,6E,6E-6047,2026-09-19,T+15,5355,1175,6530,2026-09-04T20:56:33.239Z,FALSE,"",11:00,TRUE
fare_DEL-BOM_6E_2026-09-19_T+15_1788556696004_xd8l,DEL-BOM,EaseMyTrip,6E,6E-6676,2026-09-19,T+15,5355,1175,6530,2026-09-04T20:56:33.239Z,FALSE,"",12:00,TRUE
fare_DEL-BOM_6E_2026-09-19_T+15_1788556696004_gu4d,DEL-BOM,EaseMyTrip,6E,6E-6107,2026-09-19,T+15,5355,1175,6530,2026-09-04T20:56:33.239Z,FALSE,"",09:30,TRUE
fare_DEL-BOM_6E_2026-09-19_T+15_1788556696004_sujg,DEL-BOM,EaseMyTrip,6E,6E-321,2026-09-19,T+15,5410,1188,6598,2026-09-04T20:56:33.239Z,FALSE,"",10:00,FALSE
fare_DEL-BOM_6E_2026-09-19_T+15_1788556696004_dfdo,DEL-BOM,EaseMyTrip,6E,6E-888,2026-09-19,T+15,5410,1188,6598,2026-09-04T20:56:33.239Z,FALSE,"",10:00,FALSE
fare_DEL-BOM_6E_2026-09-19_T+15_1788556696004_whhg,DEL-BOM,EaseMyTrip,6E,6E-2076,2026-09-19,T+15,5410,1188,6598,2026-09-04T20:56:33.239Z,FALSE,"",07:30,FALSE
fare_DEL-BOM_6E_2026-09-19_T+15_1788556696004_8icq,DEL-BOM,EaseMyTrip,6E,6E-5119,2026-09-19,T+15,5410,1188,6598,2026-09-04T20:56:33.239Z,FALSE,"",05:10,FALSE
fare_DEL-BOM_QP_2026-09-19_T+15_1788556696004_9vl9,DEL-BOM,EaseMyTrip,QP,QP-1940,2026-09-19,T+15,5427,1191,6618,2026-09-04T20:56:33.239Z,FALSE,"",14:05,TRUE
fare_DEL-BOM_6E_2026-09-19_T+15_1788556696004_u2y9,DEL-BOM,EaseMyTrip,6E,6E-704,2026-09-19,T+15,5427,1191,6618,2026-09-04T20:56:33.239Z,FALSE,"",19:35,FALSE
fare_DEL-BOM_6E_2026-09-19_T+15_1788556696004_tjzb,DEL-BOM,EaseMyTrip,6E,6E-663,2026-09-19,T+15,5427,1191,6618,2026-09-04T20:56:33.239Z,FALSE,"",19:35,FALSE
fare_DEL-BOM_6E_2026-09-19_T+15_1788556696004_h5cn,DEL-BOM,EaseMyTrip,6E,6E-5073,2026-09-19,T+15,5427,1191,6618,2026-09-04T20:56:33.239Z,FALSE,"",17:05,FALSE
fare_DEL-BOM_6E_2026-09-19_T+15_1788556696004_v52t,DEL-BOM,EaseMyTrip,6E,6E-6983,2026-09-19,T+15,5427,1191,6618,2026-09-04T20:56:33.239Z,FALSE,"",15:35,FALSE
fare_DEL-BOM_6E_2026-09-19_T+15_1788556696004_fpkd,DEL-BOM,EaseMyTrip,6E,6E-6261,2026-09-19,T+15,5427,1191,6618,2026-09-04T20:56:33.239Z,FALSE,"",00:15,FALSE
fare_DEL-BOM_6E_2026-09-19_T+15_1788556696004_svdy,DEL-BOM,EaseMyTrip,6E,6E-2013,2026-09-19,T+15,5427,1191,6618,2026-09-04T20:56:33.239Z,FALSE,"",21:50,FALSE
fare_DEL-BOM_6E_2026-09-19_T+15_1788556696004_dhhd,DEL-BOM,EaseMyTrip,6E,6E-2331,2026-09-19,T+15,5427,1191,6618,2026-09-04T20:56:33.239Z,FALSE,"",12:20,FALSE
fare_DEL-BOM_6E_2026-09-19_T+15_1788556696004_rtuy,DEL-BOM,EaseMyTrip,6E,6E-396,2026-09-19,T+15,5484,1204,6688,2026-09-04T20:56:33.239Z,FALSE,"",05:00,TRUE
fare_DEL-BOM_6E_2026-09-19_T+15_1788556696004_2pbs,DEL-BOM,EaseMyTrip,6E,6E-669,2026-09-19,T+15,5484,1204,6688,2026-09-04T20:56:33.239Z,FALSE,"",05:00,TRUE
fare_DEL-BOM_6E_2026-09-19_T+15_1788556696004_q5mj,DEL-BOM,EaseMyTrip,6E,6E-278,2026-09-19,T+15,5484,1204,6688,2026-09-04T20:56:33.239Z,FALSE,"",21:45,TRUE
fare_DEL-BOM_6E_2026-09-19_T+15_1788556696004_tzxn,DEL-BOM,EaseMyTrip,6E,6E-798,2026-09-19,T+15,5484,1204,6688,2026-09-04T20:56:33.239Z,FALSE,"",21:45,TRUE
fare_DEL-BOM_6E_2026-09-19_T+15_1788556696004_gcs2,DEL-BOM,EaseMyTrip,6E,6E-6706,2026-09-19,T+15,5484,1204,6688,2026-09-04T20:56:33.239Z,FALSE,"",17:00,TRUE
fare_DEL-BOM_6E_2026-09-19_T+15_1788556696004_5um8,DEL-BOM,EaseMyTrip,6E,6E-6218,2026-09-19,T+15,5484,1204,6688,2026-09-04T20:56:33.239Z,FALSE,"",06:05,TRUE
fare_DEL-BOM_6E_2026-09-19_T+15_1788556696004_mu7q,DEL-BOM,EaseMyTrip,6E,6E-714,2026-09-19,T+15,5484,1204,6688,2026-09-04T20:56:33.239Z,FALSE,"",13:00,TRUE
fare_DEL-BOM_6E_2026-09-19_T+15_1788556696004_jy3k,DEL-BOM,EaseMyTrip,6E,6E-632,2026-09-19,T+15,5484,1204,6688,2026-09-04T20:56:33.239Z,FALSE,"",13:00,TRUE
fare_DEL-BOM_6E_2026-09-19_T+15_1788556696004_xcb5,DEL-BOM,EaseMyTrip,6E,6E-6490,2026-09-19,T+15,5518,1211,6729,2026-09-04T20:56:33.239Z,FALSE,"",04:55,FALSE
fare_DEL-BOM_6E_2026-09-19_T+15_1788556696004_al5b,DEL-BOM,EaseMyTrip,6E,6E-6470,2026-09-19,T+15,5526,1213,6739,2026-09-04T20:56:33.239Z,FALSE,"",06:55,TRUE
fare_DEL-BOM_6E_2026-09-19_T+15_1788556696004_vuv0,DEL-BOM,EaseMyTrip,6E,6E-2249,2026-09-19,T+15,5535,1215,6750,2026-09-04T20:56:33.239Z,FALSE,"",15:00,FALSE
fare_DEL-BOM_6E_2026-09-19_T+15_1788556696004_ss4f,DEL-BOM,EaseMyTrip,6E,6E-2169,2026-09-19,T+15,5535,1215,6750,2026-09-04T20:56:33.239Z,FALSE,"",19:40,FALSE
fare_DEL-BOM_6E_2026-09-19_T+15_1788556696004_0kql,DEL-BOM,EaseMyTrip,6E,6E-6829,2026-09-19,T+15,5535,1215,6750,2026-09-04T20:56:33.239Z,FALSE,"",17:20,FALSE
fare_DEL-BOM_6E_2026-09-19_T+15_1788556696004_s4b2,DEL-BOM,EaseMyTrip,6E,6E-6443,2026-09-19,T+15,5535,1215,6750,2026-09-04T20:56:33.239Z,FALSE,"",09:00,FALSE
fare_DEL-BOM_6E_2026-09-19_T+15_1788556696004_fq24,DEL-BOM,EaseMyTrip,6E,6E-6433,2026-09-19,T+15,5535,1215,6750,2026-09-04T20:56:33.239Z,FALSE,"",16:30,FALSE
fare_DEL-BOM_6E_2026-09-19_T+15_1788556696004_wikb,DEL-BOM,EaseMyTrip,6E,6E-5138,2026-09-19,T+15,5535,1215,6750,2026-09-04T20:56:33.239Z,FALSE,"",19:10,FALSE
fare_DEL-BOM_6E_2026-09-19_T+15_1788556696004_17lz,DEL-BOM,EaseMyTrip,6E,6E-6459,2026-09-19,T+15,5535,1215,6750,2026-09-04T20:56:33.239Z,FALSE,"",05:55,FALSE
fare_DEL-BOM_AI_2026-09-19_T+15_1788556696004_bcaw,DEL-BOM,EaseMyTrip,AI,AI-2678,2026-09-19,T+15,5740,1260,7000,2026-09-04T20:56:33.239Z,FALSE,"",08:30,TRUE
fare_DEL-BOM_AI_2026-09-19_T+15_1788556696004_hoyw,DEL-BOM,EaseMyTrip,AI,AI-2963,2026-09-19,T+15,5740,1260,7000,2026-09-04T20:56:33.239Z,FALSE,"",09:00,TRUE
fare_DEL-BOM_AI_2026-09-19_T+15_1788556696004_ymxj,DEL-BOM,EaseMyTrip,AI,AI-2425,2026-09-19,T+15,5740,1260,7000,2026-09-04T20:56:33.239Z,FALSE,"",10:30,TRUE
fare_DEL-BOM_AI_2026-09-19_T+15_1788556696004_8tno,DEL-BOM,EaseMyTrip,AI,AI-2941,2026-09-19,T+15,5740,1260,7000,2026-09-04T20:56:33.239Z,FALSE,"",16:30,TRUE
fare_DEL-BOM_AI_2026-09-19_T+15_1788556696004_9be0,DEL-BOM,EaseMyTrip,AI,AI-2429,2026-09-19,T+15,5740,1260,7000,2026-09-04T20:56:33.239Z,FALSE,"",07:00,TRUE
fare_DEL-BOM_AI_2026-09-19_T+15_1788556696004_f67p,DEL-BOM,EaseMyTrip,AI,AI-2943,2026-09-19,T+15,5740,1260,7000,2026-09-04T20:56:33.239Z,FALSE,"",07:30,TRUE
fare_DEL-BOM_AI_2026-09-19_T+15_1788556696004_mr6x,DEL-BOM,EaseMyTrip,AI,AI-2995,2026-09-19,T+15,5740,1260,7000,2026-09-04T20:56:33.239Z,FALSE,"",10:00,TRUE
fare_DEL-BOM_AI_2026-09-19_T+15_1788556696004_wezp,DEL-BOM,EaseMyTrip,AI,AI-2945,2026-09-19,T+15,5740,1260,7000,2026-09-04T20:56:33.239Z,FALSE,"",11:00,TRUE
fare_DEL-BOM_AI_2026-09-19_T+15_1788556696004_2p01,DEL-BOM,EaseMyTrip,AI,AI-1785,2026-09-19,T+15,5740,1260,7000,2026-09-04T20:56:33.239Z,FALSE,"",12:00,TRUE
fare_DEL-BOM_AI_2026-09-19_T+15_1788556696004_arbb,DEL-BOM,EaseMyTrip,AI,AI-2933,2026-09-19,T+15,5740,1260,7000,2026-09-04T20:56:33.239Z,FALSE,"",15:30,TRUE
fare_DEL-BOM_AI_2026-09-19_T+15_1788556696004_94om,DEL-BOM,EaseMyTrip,AI,AI-1777,2026-09-19,T+15,5740,1260,7000,2026-09-04T20:56:33.239Z,FALSE,"",16:00,TRUE
fare_DEL-BOM_AI_2026-09-19_T+15_1788556696004_ihnc,DEL-BOM,EaseMyTrip,AI,AI-2955,2026-09-19,T+15,5740,1260,7000,2026-09-04T20:56:33.239Z,FALSE,"",18:00,TRUE
fare_DEL-BOM_AI_2026-09-19_T+15_1788556696004_8lts,DEL-BOM,EaseMyTrip,AI,AI-2977,2026-09-19,T+15,5740,1260,7000,2026-09-04T20:56:33.239Z,FALSE,"",19:00,TRUE
fare_DEL-BOM_AI_2026-09-19_T+15_1788556696004_5n11,DEL-BOM,EaseMyTrip,AI,AI-2985,2026-09-19,T+15,5740,1260,7000,2026-09-04T20:56:33.239Z,FALSE,"",19:30,TRUE
fare_DEL-BOM_AI_2026-09-19_T+15_1788556696004_11v3,DEL-BOM,EaseMyTrip,AI,AI-2439,2026-09-19,T+15,5740,1260,7000,2026-09-04T20:56:33.239Z,FALSE,"",23:00,TRUE
fare_DEL-BOM_AI_2026-09-19_T+15_1788556696004_x44o,DEL-BOM,EaseMyTrip,AI,AI-2927,2026-09-19,T+15,5740,1260,7000,2026-09-04T20:56:33.239Z,FALSE,"",09:30,TRUE
fare_DEL-BOM_AI_2026-09-19_T+15_1788556696004_yi65,DEL-BOM,EaseMyTrip,AI,AI-1780,2026-09-19,T+15,5740,1260,7000,2026-09-04T20:56:33.239Z,FALSE,"",16:10,TRUE
fare_DEL-BOM_6E_2026-09-19_T+15_1788556696004_soru,DEL-BOM,EaseMyTrip,6E,6E-6479,2026-09-19,T+15,5599,1229,6828,2026-09-04T20:56:33.239Z,FALSE,"",21:25,FALSE
fare_DEL-BOM_6E_2026-09-19_T+15_1788556696004_3c8a,DEL-BOM,EaseMyTrip,6E,6E-5298,2026-09-19,T+15,5599,1229,6828,2026-09-04T20:56:33.239Z,FALSE,"",09:00,FALSE
fare_DEL-BOM_6E_2026-09-19_T+15_1788556696004_0gh9,DEL-BOM,EaseMyTrip,6E,6E-5038,2026-09-19,T+15,5599,1229,6828,2026-09-04T20:56:33.239Z,FALSE,"",14:00,FALSE
fare_DEL-BOM_6E_2026-09-19_T+15_1788556696004_7o2d,DEL-BOM,EaseMyTrip,6E,6E-5206,2026-09-19,T+15,5599,1229,6828,2026-09-04T20:56:33.239Z,FALSE,"",13:20,FALSE
fare_DEL-BOM_6E_2026-09-19_T+15_1788556696004_rt5a,DEL-BOM,EaseMyTrip,6E,6E-6050,2026-09-19,T+15,5599,1229,6828,2026-09-04T20:56:33.239Z,FALSE,"",08:15,FALSE
fare_DEL-BOM_6E_2026-09-19_T+15_1788556696004_uqgs,DEL-BOM,EaseMyTrip,6E,6E-2147,2026-09-19,T+15,5599,1229,6828,2026-09-04T20:56:33.239Z,FALSE,"",11:10,FALSE
fare_DEL-BOM_AI_2026-09-19_T+15_1788556696004_4fho,DEL-BOM,EaseMyTrip,AI,AI-1745,2026-09-19,T+15,5870,1289,7159,2026-09-04T20:56:33.239Z,FALSE,"",05:00,TRUE
fare_DEL-BOM_AI_2026-09-19_T+15_1788556696004_9eyt,DEL-BOM,EaseMyTrip,AI,AI-2975,2026-09-19,T+15,5870,1289,7159,2026-09-04T20:56:33.239Z,FALSE,"",06:30,TRUE
fare_DEL-BOM_AI_2026-09-19_T+15_1788556696004_bzgo,DEL-BOM,EaseMyTrip,AI,AI-441,2026-09-19,T+15,5870,1289,7159,2026-09-04T20:56:33.239Z,FALSE,"",17:00,TRUE
fare_DEL-BOM_6E_2026-09-19_T+15_1788556696004_vxkw,DEL-BOM,EaseMyTrip,6E,6E-6601,2026-09-19,T+15,5707,1253,6960,2026-09-04T20:56:33.239Z,FALSE,"",19:45,FALSE
fare_DEL-BOM_6E_2026-09-19_T+15_1788556696004_9n2j,DEL-BOM,EaseMyTrip,6E,6E-6282,2026-09-19,T+15,5707,1253,6960,2026-09-04T20:56:33.239Z,FALSE,"",13:30,FALSE
fare_DEL-BOM_6E_2026-09-19_T+15_1788556696004_ypip,DEL-BOM,EaseMyTrip,6E,6E-216,2026-09-19,T+15,5707,1253,6960,2026-09-04T20:56:33.239Z,FALSE,"",02:25,FALSE
fare_DEL-BOM_6E_2026-09-19_T+15_1788556696004_ol8y,DEL-BOM,EaseMyTrip,6E,6E-382,2026-09-19,T+15,5707,1253,6960,2026-09-04T20:56:33.239Z,FALSE,"",02:25,FALSE
fare_DEL-BOM_6E_2026-09-19_T+15_1788556696004_3df3,DEL-BOM,EaseMyTrip,6E,6E-608,2026-09-19,T+15,5707,1253,6960,2026-09-04T20:56:33.239Z,FALSE,"",23:15,FALSE
fare_DEL-BOM_6E_2026-09-19_T+15_1788556696004_1ejv,DEL-BOM,EaseMyTrip,6E,6E-646,2026-09-19,T+15,5707,1253,6960,2026-09-04T20:56:33.239Z,FALSE,"",23:15,FALSE
fare_DEL-BOM_6E_2026-09-19_T+15_1788556696004_woqy,DEL-BOM,EaseMyTrip,6E,6E-6293,2026-09-19,T+15,5707,1253,6960,2026-09-04T20:56:33.239Z,FALSE,"",09:55,FALSE
fare_DEL-BOM_SG_2026-09-19_T+15_1788556696004_ct9b,DEL-BOM,EaseMyTrip,SG,SG-642,2026-09-19,T+15,6125,1344,7469,2026-09-04T20:56:33.239Z,FALSE,"",09:55,TRUE
fare_DEL-BOM_SG_2026-09-19_T+15_1788556696004_9laq,DEL-BOM,EaseMyTrip,SG,SG-273,2026-09-19,T+15,6125,1344,7469,2026-09-04T20:56:33.239Z,FALSE,"",09:55,TRUE
fare_DEL-BOM_6E_2026-09-19_T+15_1788556696004_ww6c,DEL-BOM,EaseMyTrip,6E,6E-6190,2026-09-19,T+15,5819,1277,7096,2026-09-04T20:56:33.239Z,FALSE,"",07:40,FALSE
fare_DEL-BOM_6E_2026-09-19_T+15_1788556696004_4hvx,DEL-BOM,EaseMyTrip,6E,6E-223,2026-09-19,T+15,5871,1289,7160,2026-09-04T20:56:33.239Z,FALSE,"",20:00,TRUE
fare_DEL-BOM_6E_2026-09-19_T+15_1788556696004_t4i9,DEL-BOM,EaseMyTrip,6E,6E-179,2026-09-19,T+15,5871,1289,7160,2026-09-04T20:56:33.239Z,FALSE,"",20:00,TRUE
fare_DEL-BOM_AI_2026-09-19_T+15_1788556696004_g95l,DEL-BOM,EaseMyTrip,AI,AI-2981,2026-09-19,T+15,6043,1326,7369,2026-09-04T20:56:33.239Z,FALSE,"",21:00,TRUE
fare_DEL-BOM_6E_2026-09-19_T+15_1788556696004_n93f,DEL-BOM,EaseMyTrip,6E,6E-844,2026-09-19,T+15,5914,1298,7212,2026-09-04T20:56:33.239Z,FALSE,"",20:20,TRUE
fare_DEL-BOM_6E_2026-09-19_T+15_1788556696004_klc7,DEL-BOM,EaseMyTrip,6E,6E-942,2026-09-19,T+15,5914,1298,7212,2026-09-04T20:56:33.239Z,FALSE,"",20:20,TRUE
fare_DEL-BOM_6E_2026-09-19_T+15_1788556696004_wl19,DEL-BOM,EaseMyTrip,6E,6E-5198,2026-09-19,T+15,5943,1305,7248,2026-09-04T20:56:33.239Z,FALSE,"",15:00,TRUE
fare_DEL-BOM_AI_2026-09-19_T+15_1788556696004_z30j,DEL-BOM,EaseMyTrip,AI,AI-2433,2026-09-19,T+15,6257,1373,7630,2026-09-04T20:56:33.239Z,FALSE,"",21:30,TRUE
fare_DEL-BOM_AI_2026-09-19_T+15_1788556696004_hssv,DEL-BOM,EaseMyTrip,AI,AI-2957,2026-09-19,T+15,6257,1373,7630,2026-09-04T20:56:33.239Z,FALSE,"",20:30,TRUE
fare_DEL-BOM_AI_2026-09-19_T+15_1788556696004_oejr,DEL-BOM,EaseMyTrip,AI,AI-2951,2026-09-19,T+15,6414,1408,7822,2026-09-04T20:56:33.239Z,FALSE,"",13:30,TRUE
fare_DEL-BOM_6E_2026-09-19_T+15_1788556696004_7l4i,DEL-BOM,EaseMyTrip,6E,6E-2341,2026-09-19,T+15,6268,1376,7644,2026-09-04T20:56:33.239Z,FALSE,"",14:50,FALSE
fare_DEL-BOM_6E_2026-09-19_T+15_1788556696004_a328,DEL-BOM,EaseMyTrip,6E,6E-323,2026-09-19,T+15,6268,1376,7644,2026-09-04T20:56:33.239Z,FALSE,"",10:00,FALSE
fare_DEL-BOM_6E_2026-09-19_T+15_1788556696004_u5wu,DEL-BOM,EaseMyTrip,6E,6E-421,2026-09-19,T+15,6268,1376,7644,2026-09-04T20:56:33.239Z,FALSE,"",10:00,FALSE
fare_DEL-BOM_6E_2026-09-19_T+15_1788556696004_qmkr,DEL-BOM,EaseMyTrip,6E,6E-2571,2026-09-19,T+15,6331,1390,7721,2026-09-04T20:56:33.239Z,FALSE,"",12:30,FALSE
fare_DEL-BOM_6E_2026-09-19_T+15_1788556696004_o2xq,DEL-BOM,EaseMyTrip,6E,6E-7646,2026-09-19,T+15,6617,1453,8070,2026-09-04T20:56:33.239Z,FALSE,"",06:15,FALSE
fare_DEL-BOM_6E_2026-09-19_T+15_1788556696004_zddq,DEL-BOM,EaseMyTrip,6E,6E-511,2026-09-19,T+15,6673,1465,8138,2026-09-04T20:56:33.239Z,FALSE,"",12:15,FALSE
fare_DEL-BOM_6E_2026-09-19_T+15_1788556696004_cxb0,DEL-BOM,EaseMyTrip,6E,6E-825,2026-09-19,T+15,6673,1465,8138,2026-09-04T20:56:33.239Z,FALSE,"",12:15,FALSE
fare_DEL-BOM_6E_2026-09-19_T+15_1788556696004_xi5c,DEL-BOM,EaseMyTrip,6E,6E-6171,2026-09-19,T+15,6848,1503,8351,2026-09-04T20:56:33.239Z,FALSE,"",05:40,FALSE
fare_DEL-BOM_6E_2026-09-19_T+15_1788556696004_iv8d,DEL-BOM,EaseMyTrip,6E,6E-6497,2026-09-19,T+15,7127,1565,8692,2026-09-04T20:56:33.239Z,FALSE,"",18:40,FALSE
fare_DEL-BOM_IX_2026-09-19_T+15_1788556696004_9k2g,DEL-BOM,EaseMyTrip,IX,IX-1165,2026-09-19,T+15,7898,1734,9632,2026-09-04T20:56:33.239Z,FALSE,"",05:45,FALSE
fare_DEL-BOM_AI_2026-09-19_T+15_1788556696004_nk1u,DEL-BOM,EaseMyTrip,AI,AI-2509,2026-09-19,T+15,7847,1722,9569,2026-09-04T20:56:33.239Z,FALSE,"",06:55,FALSE
fare_DEL-BOM_6E_2026-09-19_T+15_1788556696004_wzua,DEL-BOM,EaseMyTrip,6E,6E-2496,2026-09-19,T+15,7956,1747,9703,2026-09-04T20:56:33.239Z,FALSE,"",12:40,FALSE
fare_DEL-BOM_6E_2026-09-19_T+15_1788556696004_cu3o,DEL-BOM,EaseMyTrip,6E,6E-5014,2026-09-19,T+15,8046,1766,9812,2026-09-04T20:56:33.239Z,FALSE,"",18:30,FALSE
fare_DEL-BOM_6E_2026-09-19_T+15_1788556696004_l2qb,DEL-BOM,EaseMyTrip,6E,6E-403,2026-09-19,T+15,8218,1804,10022,2026-09-04T20:56:33.239Z,FALSE,"",16:10,FALSE
fare_DEL-BOM_6E_2026-09-19_T+15_1788556696004_qpuz,DEL-BOM,EaseMyTrip,6E,6E-812,2026-09-19,T+15,8218,1804,10022,2026-09-04T20:56:33.239Z,FALSE,"",16:10,FALSE
fare_DEL-BOM_AI_2026-09-19_T+15_1788556696004_keg0,DEL-BOM,EaseMyTrip,AI,AI-2499,2026-09-19,T+15,8605,1889,10494,2026-09-04T20:56:33.239Z,FALSE,"",05:55,FALSE
fare_DEL-BOM_AI_2026-09-19_T+15_1788556696004_idoh,DEL-BOM,EaseMyTrip,AI,AI-1717,2026-09-19,T+15,8646,1898,10544,2026-09-04T20:56:33.239Z,FALSE,"",14:20,FALSE
fare_DEL-BOM_AI_2026-09-19_T+15_1788556696004_w1g9,DEL-BOM,EaseMyTrip,AI,AI-1705,2026-09-19,T+15,8895,1952,10847,2026-09-04T20:56:33.239Z,FALSE,"",06:30,FALSE
fare_DEL-BOM_AI_2026-09-19_T+15_1788556696004_kvqz,DEL-BOM,EaseMyTrip,AI,AI-9757,2026-09-19,T+15,9551,2097,11648,2026-09-04T20:56:33.239Z,FALSE,"",11:50,FALSE
fare_DEL-BOM_AI_2026-09-19_T+15_1788556696004_t6vx,DEL-BOM,EaseMyTrip,AI,AI-9759,2026-09-19,T+15,9551,2097,11648,2026-09-04T20:56:33.239Z,FALSE,"",05:45,FALSE
fare_DEL-BOM_6E_2026-09-19_T+15_1788556696004_7uo4,DEL-BOM,EaseMyTrip,6E,6E-7642,2026-09-19,T+15,9911,2176,12087,2026-09-04T20:56:33.239Z,FALSE,"",15:45,FALSE
fare_DEL-BOM_IX_2026-09-19_T+15_1788556696004_ii90,DEL-BOM,EaseMyTrip,IX,IX-1273,2026-09-19,T+15,10309,2263,12572,2026-09-04T20:56:33.239Z,FALSE,"",12:20,FALSE
fare_DEL-BOM_AI_2026-09-19_T+15_1788556696004_yqw0,DEL-BOM,EaseMyTrip,AI,AI-2569,2026-09-19,T+15,10347,2271,12618,2026-09-04T20:56:33.239Z,FALSE,"",20:25,FALSE
fare_DEL-BOM_6E_2026-09-19_T+15_1788556696004_ejxf,DEL-BOM,EaseMyTrip,6E,6E-208,2026-09-19,T+15,10492,2303,12795,2026-09-04T20:56:33.239Z,FALSE,"",08:30,FALSE
fare_DEL-BOM_6E_2026-09-19_T+15_1788556696004_mt99,DEL-BOM,EaseMyTrip,6E,6E-908,2026-09-19,T+15,10492,2303,12795,2026-09-04T20:56:33.239Z,FALSE,"",08:30,FALSE
fare_DEL-BOM_AI_2026-09-19_T+15_1788556696004_p5nb,DEL-BOM,EaseMyTrip,AI,AI-2715,2026-09-19,T+15,11186,2455,13641,2026-09-04T20:56:33.239Z,FALSE,"",11:40,FALSE
fare_DEL-BOM_AI_2026-09-19_T+15_1788556696004_epbh,DEL-BOM,EaseMyTrip,AI,AI-2909,2026-09-19,T+15,11186,2455,13641,2026-09-04T20:56:33.239Z,FALSE,"",22:30,FALSE
fare_DEL-BOM_AI_2026-09-19_T+15_1788556696004_7f0s,DEL-BOM,EaseMyTrip,AI,AI-809,2026-09-19,T+15,11273,2475,13748,2026-09-04T20:56:33.239Z,FALSE,"",17:40,FALSE
fare_DEL-BOM_AI_2026-09-19_T+15_1788556696004_rmeh,DEL-BOM,EaseMyTrip,AI,AI-2939,2026-09-19,T+15,11273,2475,13748,2026-09-04T20:56:33.239Z,FALSE,"",16:40,FALSE
fare_DEL-BOM_AI_2026-09-19_T+15_1788556696004_ij2b,DEL-BOM,EaseMyTrip,AI,AI-881,2026-09-19,T+15,11273,2475,13748,2026-09-04T20:56:33.239Z,FALSE,"",13:35,FALSE
fare_DEL-BOM_AI_2026-09-19_T+15_1788556696004_wnbd,DEL-BOM,EaseMyTrip,AI,AI-2761,2026-09-19,T+15,12103,2657,14760,2026-09-04T20:56:33.239Z,FALSE,"",16:25,FALSE
fare_DEL-BOM_AI_2026-09-19_T+15_1788556696004_mk1c,DEL-BOM,EaseMyTrip,AI,AI-9584,2026-09-19,T+15,12348,2711,15059,2026-09-04T20:56:33.239Z,FALSE,"",11:15,FALSE
fare_DEL-BOM_AI_2026-09-19_T+15_1788556696004_onjh,DEL-BOM,EaseMyTrip,AI,AI-9920,2026-09-19,T+15,12531,2751,15282,2026-09-04T20:56:33.239Z,FALSE,"",10:50,FALSE
fare_DEL-BOM_IX_2026-09-19_T+15_1788556696004_p3xi,DEL-BOM,EaseMyTrip,IX,IX-1049,2026-09-19,T+15,12851,2821,15672,2026-09-04T20:56:33.239Z,FALSE,"",18:40,FALSE
fare_DEL-BOM_6E_2026-09-19_T+15_1788556696004_om9g,DEL-BOM,EaseMyTrip,6E,6E-519,2026-09-19,T+15,12594,2765,15359,2026-09-04T20:56:33.239Z,FALSE,"",19:30,FALSE
fare_DEL-BOM_6E_2026-09-19_T+15_1788556696004_38mq,DEL-BOM,EaseMyTrip,6E,6E-448,2026-09-19,T+15,12594,2765,15359,2026-09-04T20:56:33.239Z,FALSE,"",19:30,FALSE
fare_DEL-BOM_AI_2026-09-19_T+15_1788556696004_2lzb,DEL-BOM,EaseMyTrip,AI,AI-1743,2026-09-19,T+15,13065,2868,15933,2026-09-04T20:56:33.239Z,FALSE,"",06:20,FALSE
fare_DEL-BOM_IX_2026-09-19_T+15_1788556696004_pci4,DEL-BOM,EaseMyTrip,IX,IX-1067,2026-09-19,T+15,15647,3435,19082,2026-09-04T20:56:33.239Z,FALSE,"",06:10,FALSE
fare_DEL-BOM_IX_2026-09-19_T+15_1788556696004_j6yx,DEL-BOM,EaseMyTrip,IX,IX-1003,2026-09-19,T+15,16201,3556,19757,2026-09-04T20:56:33.239Z,TRUE,"High outlier: ₹19757 > upper fence ₹19193 (Q3: ₹11648, IQR: ₹5030)",19:10,FALSE
fare_DEL-BOM_AI_2026-09-19_T+15_1788556696004_sr7e,DEL-BOM,EaseMyTrip,AI,AI-1773,2026-09-19,T+15,15809,3470,19279,2026-09-04T20:56:33.239Z,TRUE,"High outlier: ₹19279 > upper fence ₹19193 (Q3: ₹11648, IQR: ₹5030)",10:30,FALSE
fare_DEL-BOM_AI_2026-09-19_T+15_1788556696004_ydm4,DEL-BOM,EaseMyTrip,AI,AI-2577,2026-09-19,T+15,16071,3528,19599,2026-09-04T20:56:33.239Z,TRUE,"High outlier: ₹19599 > upper fence ₹19193 (Q3: ₹11648, IQR: ₹5030)",02:00,FALSE
fare_DEL-BOM_AI_2026-09-19_T+15_1788556696004_ap2c,DEL-BOM,EaseMyTrip,AI,AI-2859,2026-09-19,T+15,16071,3528,19599,2026-09-04T20:56:33.239Z,TRUE,"High outlier: ₹19599 > upper fence ₹19193 (Q3: ₹11648, IQR: ₹5030)",10:30,FALSE
fare_DEL-BOM_IX_2026-09-19_T+15_1788556696004_136v,DEL-BOM,EaseMyTrip,IX,IX-1082,2026-09-19,T+15,16700,3666,20366,2026-09-04T20:56:33.239Z,TRUE,"High outlier: ₹20366 > upper fence ₹19193 (Q3: ₹11648, IQR: ₹5030)",21:25,FALSE
fare_DEL-BOM_AI_2026-09-19_T+15_1788556696004_0pty,DEL-BOM,EaseMyTrip,AI,AI-2653,2026-09-19,T+15,16370,3593,19963,2026-09-04T20:56:33.239Z,TRUE,"High outlier: ₹19963 > upper fence ₹19193 (Q3: ₹11648, IQR: ₹5030)",04:30,FALSE
fare_DEL-BOM_AI_2026-09-19_T+15_1788556696004_9hni,DEL-BOM,EaseMyTrip,AI,AI-2465,2026-09-19,T+15,16422,3605,20027,2026-09-04T20:56:33.239Z,TRUE,"High outlier: ₹20027 > upper fence ₹19193 (Q3: ₹11648, IQR: ₹5030)",14:30,FALSE
fare_DEL-BOM_AI_2026-09-19_T+15_1788556696004_r8ok,DEL-BOM,EaseMyTrip,AI,AI-427,2026-09-19,T+15,16540,3631,20171,2026-09-04T20:56:33.239Z,TRUE,"High outlier: ₹20171 > upper fence ₹19193 (Q3: ₹11648, IQR: ₹5030)",08:30,FALSE
fare_DEL-BOM_AI_2026-09-19_T+15_1788556696004_80fq,DEL-BOM,EaseMyTrip,AI,AI-2803,2026-09-19,T+15,16556,3634,20190,2026-09-04T20:56:33.239Z,TRUE,"High outlier: ₹20190 > upper fence ₹19193 (Q3: ₹11648, IQR: ₹5030)",06:30,FALSE
fare_DEL-BOM_AI_2026-09-19_T+15_1788556696004_lf85,DEL-BOM,EaseMyTrip,AI,AI-2819,2026-09-19,T+15,16618,3648,20266,2026-09-04T20:56:33.239Z,TRUE,"High outlier: ₹20266 > upper fence ₹19193 (Q3: ₹11648, IQR: ₹5030)",15:00,FALSE
fare_DEL-BOM_IX_2026-09-19_T+15_1788556696004_u0ja,DEL-BOM,EaseMyTrip,IX,IX-1783,2026-09-19,T+15,17062,3745,20807,2026-09-04T20:56:33.239Z,TRUE,"High outlier: ₹20807 > upper fence ₹19193 (Q3: ₹11648, IQR: ₹5030)",07:20,FALSE
fare_DEL-BOM_IX_2026-09-19_T+15_1788556696004_sq9x,DEL-BOM,EaseMyTrip,IX,IX-1815,2026-09-19,T+15,17100,3754,20854,2026-09-04T20:56:33.239Z,TRUE,"High outlier: ₹20854 > upper fence ₹19193 (Q3: ₹11648, IQR: ₹5030)",19:05,FALSE
fare_DEL-BOM_AI_2026-09-19_T+15_1788556696004_hfb8,DEL-BOM,EaseMyTrip,AI,AI-2907,2026-09-19,T+15,16747,3676,20423,2026-09-04T20:56:33.239Z,TRUE,"High outlier: ₹20423 > upper fence ₹19193 (Q3: ₹11648, IQR: ₹5030)",12:00,FALSE
fare_DEL-BOM_IX_2026-09-19_T+15_1788556696004_c0ta,DEL-BOM,EaseMyTrip,IX,IX-1059,2026-09-19,T+15,17321,3802,21123,2026-09-04T20:56:33.239Z,TRUE,"High outlier: ₹21123 > upper fence ₹19193 (Q3: ₹11648, IQR: ₹5030)",12:15,FALSE
fare_DEL-BOM_IX_2026-09-19_T+15_1788556696004_ngmf,DEL-BOM,EaseMyTrip,IX,IX-1812,2026-09-19,T+15,17939,3938,21877,2026-09-04T20:56:33.239Z,TRUE,"High outlier: ₹21877 > upper fence ₹19193 (Q3: ₹11648, IQR: ₹5030)",11:15,FALSE
fare_DEL-BOM_AI_2026-09-19_T+15_1788556696004_fku7,DEL-BOM,EaseMyTrip,AI,AI-1779,2026-09-19,T+15,17651,3875,21526,2026-09-04T20:56:33.239Z,TRUE,"High outlier: ₹21526 > upper fence ₹19193 (Q3: ₹11648, IQR: ₹5030)",13:50,FALSE
fare_DEL-BOM_IX_2026-09-19_T+15_1788556696004_thi5,DEL-BOM,EaseMyTrip,IX,IX-1817,2026-09-19,T+15,18189,3993,22182,2026-09-04T20:56:33.239Z,TRUE,"High outlier: ₹22182 > upper fence ₹19193 (Q3: ₹11648, IQR: ₹5030)",19:30,FALSE
fare_DEL-BOM_IX_2026-09-19_T+15_1788556696004_w57o,DEL-BOM,EaseMyTrip,IX,IX-1068,2026-09-19,T+15,18840,4136,22976,2026-09-04T20:56:33.239Z,TRUE,"High outlier: ₹22976 > upper fence ₹19193 (Q3: ₹11648, IQR: ₹5030)",11:55,FALSE
fare_DEL-BOM_AI_2026-09-19_T+15_1788556696004_m3ol,DEL-BOM,EaseMyTrip,AI,AI-2535,2026-09-19,T+15,18482,4057,22539,2026-09-04T20:56:33.239Z,TRUE,"High outlier: ₹22539 > upper fence ₹19193 (Q3: ₹11648, IQR: ₹5030)",06:40,FALSE
fare_DEL-BOM_AI_2026-09-19_T+15_1788556696004_657u,DEL-BOM,EaseMyTrip,AI,AI-2483,2026-09-19,T+15,18662,4097,22759,2026-09-04T20:56:33.239Z,TRUE,"High outlier: ₹22759 > upper fence ₹19193 (Q3: ₹11648, IQR: ₹5030)",12:20,FALSE
fare_DEL-BOM_IX_2026-09-19_T+15_1788556696004_hy3k,DEL-BOM,EaseMyTrip,IX,IX-1001,2026-09-19,T+15,22535,4947,27482,2026-09-04T20:56:33.239Z,TRUE,"High outlier: ₹27482 > upper fence ₹19193 (Q3: ₹11648, IQR: ₹5030)",09:00,FALSE
fare_DEL-BOM_AI_2026-09-19_T+15_1788556696004_k6ja,DEL-BOM,EaseMyTrip,AI,AI-1739,2026-09-19,T+15,30168,6622,36790,2026-09-04T20:56:33.239Z,TRUE,"High outlier: ₹36790 > upper fence ₹19193 (Q3: ₹11648, IQR: ₹5030)",11:30,FALSE
fare_DEL-BOM_AI_2026-09-19_T+15_1788556696004_w8jd,DEL-BOM,EaseMyTrip,AI,AI-2627,2026-09-19,T+15,34897,7660,42557,2026-09-04T20:56:33.239Z,TRUE,"High outlier: ₹42557 > upper fence ₹19193 (Q3: ₹11648, IQR: ₹5030)",10:45,FALSE
fare_DEL-BOM_6E_2026-09-05_T+1_1788556696005_5g8j,DEL-BOM,EaseMyTrip,6E,6E-5014,2026-09-05,T+1,4994,1096,6090,2026-09-04T02:30:49.154Z,FALSE,"",18:30,FALSE
fare_DEL-BOM_6E_2026-09-05_T+1_1788556696005_rx5y,DEL-BOM,EaseMyTrip,6E,6E-5073,2026-09-05,T+1,4994,1096,6090,2026-09-04T02:30:49.154Z,FALSE,"",17:05,FALSE
fare_DEL-BOM_6E_2026-09-05_T+1_1788556696005_15eo,DEL-BOM,EaseMyTrip,6E,6E-5119,2026-09-05,T+1,4994,1096,6090,2026-09-04T02:30:49.154Z,FALSE,"",05:10,FALSE
fare_DEL-BOM_6E_2026-09-05_T+1_1788556696005_qhyj,DEL-BOM,EaseMyTrip,6E,6E-6171,2026-09-05,T+1,4994,1096,6090,2026-09-04T02:30:49.154Z,FALSE,"",05:40,FALSE
fare_DEL-BOM_6E_2026-09-05_T+1_1788556696005_ngz9,DEL-BOM,EaseMyTrip,6E,6E-6983,2026-09-05,T+1,4994,1096,6090,2026-09-04T02:30:49.154Z,FALSE,"",15:35,FALSE
fare_DEL-BOM_6E_2026-09-05_T+1_1788556696005_wrk5,DEL-BOM,EaseMyTrip,6E,6E-6261,2026-09-05,T+1,4994,1096,6090,2026-09-04T02:30:49.154Z,FALSE,"",00:15,FALSE
fare_DEL-BOM_6E_2026-09-05_T+1_1788556696005_atb2,DEL-BOM,EaseMyTrip,6E,6E-2013,2026-09-05,T+1,4994,1096,6090,2026-09-04T02:30:49.154Z,FALSE,"",21:50,FALSE
fare_DEL-BOM_6E_2026-09-05_T+1_1788556696005_o2c0,DEL-BOM,EaseMyTrip,6E,6E-6190,2026-09-05,T+1,4998,1097,6095,2026-09-04T02:30:49.154Z,FALSE,"",07:40,FALSE
fare_DEL-BOM_6E_2026-09-05_T+1_1788556696005_2iui,DEL-BOM,EaseMyTrip,6E,6E-2076,2026-09-05,T+1,4998,1097,6095,2026-09-04T02:30:49.154Z,FALSE,"",07:30,FALSE
fare_DEL-BOM_IX_2026-09-05_T+1_1788556696005_3mjr,DEL-BOM,EaseMyTrip,IX,IX-1235,2026-09-05,T+1,5354,1175,6529,2026-09-04T02:30:49.154Z,FALSE,"",23:25,TRUE
fare_DEL-BOM_IX_2026-09-05_T+1_1788556696005_ns58,DEL-BOM,EaseMyTrip,IX,IX-1056,2026-09-05,T+1,5354,1175,6529,2026-09-04T02:30:49.154Z,FALSE,"",05:35,TRUE
fare_DEL-BOM_IX_2026-09-05_T+1_1788556696005_aboq,DEL-BOM,EaseMyTrip,IX,IX-1038,2026-09-05,T+1,5354,1175,6529,2026-09-04T02:30:49.154Z,FALSE,"",17:35,TRUE
fare_DEL-BOM_6E_2026-09-05_T+1_1788556696005_9ofv,DEL-BOM,EaseMyTrip,6E,6E-6829,2026-09-05,T+1,5102,1120,6222,2026-09-04T02:30:49.154Z,FALSE,"",17:20,FALSE
fare_DEL-BOM_6E_2026-09-05_T+1_1788556696005_ix4m,DEL-BOM,EaseMyTrip,6E,6E-5138,2026-09-05,T+1,5102,1120,6222,2026-09-04T02:30:49.154Z,FALSE,"",19:10,FALSE
fare_DEL-BOM_6E_2026-09-05_T+1_1788556696005_02rt,DEL-BOM,EaseMyTrip,6E,6E-6459,2026-09-05,T+1,5102,1120,6222,2026-09-04T02:30:49.154Z,FALSE,"",05:55,FALSE
fare_DEL-BOM_6E_2026-09-05_T+1_1788556696005_y1eg,DEL-BOM,EaseMyTrip,6E,6E-6479,2026-09-05,T+1,5166,1134,6300,2026-09-04T02:30:49.154Z,FALSE,"",21:25,FALSE
fare_DEL-BOM_6E_2026-09-05_T+1_1788556696005_mjxn,DEL-BOM,EaseMyTrip,6E,6E-5038,2026-09-05,T+1,5166,1134,6300,2026-09-04T02:30:49.154Z,FALSE,"",14:00,FALSE
fare_DEL-BOM_6E_2026-09-05_T+1_1788556696005_i25u,DEL-BOM,EaseMyTrip,6E,6E-6050,2026-09-05,T+1,5166,1134,6300,2026-09-04T02:30:49.154Z,FALSE,"",08:15,FALSE
fare_DEL-BOM_6E_2026-09-05_T+1_1788556696005_e44j,DEL-BOM,EaseMyTrip,6E,6E-2147,2026-09-05,T+1,5166,1134,6300,2026-09-04T02:30:49.154Z,FALSE,"",11:10,FALSE
fare_DEL-BOM_6E_2026-09-05_T+1_1788556696005_ptpp,DEL-BOM,EaseMyTrip,6E,6E-5206,2026-09-05,T+1,5166,1134,6300,2026-09-04T02:30:49.154Z,FALSE,"",13:20,FALSE
fare_DEL-BOM_6E_2026-09-05_T+1_1788556696005_ufyt,DEL-BOM,EaseMyTrip,6E,6E-6601,2026-09-05,T+1,5274,1158,6432,2026-09-04T02:30:49.154Z,FALSE,"",19:45,FALSE
fare_DEL-BOM_6E_2026-09-05_T+1_1788556696005_w717,DEL-BOM,EaseMyTrip,6E,6E-2381,2026-09-05,T+1,5274,1158,6432,2026-09-04T02:30:49.154Z,FALSE,"",13:45,FALSE
fare_DEL-BOM_6E_2026-09-05_T+1_1788556696005_foeh,DEL-BOM,EaseMyTrip,6E,6E-598,2026-09-05,T+1,5274,1158,6432,2026-09-04T02:30:49.154Z,FALSE,"",02:25,FALSE
fare_DEL-BOM_6E_2026-09-05_T+1_1788556696005_jvxq,DEL-BOM,EaseMyTrip,6E,6E-518,2026-09-05,T+1,5274,1158,6432,2026-09-04T02:30:49.154Z,FALSE,"",02:25,FALSE
fare_DEL-BOM_6E_2026-09-05_T+1_1788556696005_gcqt,DEL-BOM,EaseMyTrip,6E,6E-974,2026-09-05,T+1,5274,1158,6432,2026-09-04T02:30:49.154Z,FALSE,"",23:15,FALSE
fare_DEL-BOM_6E_2026-09-05_T+1_1788556696005_gvw7,DEL-BOM,EaseMyTrip,6E,6E-901,2026-09-05,T+1,5274,1158,6432,2026-09-04T02:30:49.154Z,FALSE,"",23:15,FALSE
fare_DEL-BOM_6E_2026-09-05_T+1_1788556696005_o4tt,DEL-BOM,EaseMyTrip,6E,6E-6497,2026-09-05,T+1,5274,1158,6432,2026-09-04T02:30:49.154Z,FALSE,"",18:40,FALSE
fare_DEL-BOM_6E_2026-09-05_T+1_1788556696005_4inr,DEL-BOM,EaseMyTrip,6E,6E-6293,2026-09-05,T+1,5274,1158,6432,2026-09-04T02:30:49.154Z,FALSE,"",09:55,FALSE
fare_DEL-BOM_6E_2026-09-05_T+1_1788556696005_f8ue,DEL-BOM,EaseMyTrip,6E,6E-5096,2026-09-05,T+1,5282,1160,6442,2026-09-04T02:30:49.154Z,FALSE,"",17:00,TRUE
fare_DEL-BOM_IX_2026-09-05_T+1_1788556696005_xvqo,DEL-BOM,EaseMyTrip,IX,IX-1165,2026-09-05,T+1,5902,1295,7197,2026-09-04T02:30:49.154Z,FALSE,"",05:45,FALSE
fare_DEL-BOM_QP_2026-09-05_T+1_1788556696005_zepo,DEL-BOM,EaseMyTrip,QP,QP-1110,2026-09-05,T+1,5355,1175,6530,2026-09-04T02:30:49.154Z,FALSE,"",10:30,TRUE
fare_DEL-BOM_QP_2026-09-05_T+1_1788556696005_pgn1,DEL-BOM,EaseMyTrip,QP,QP-1820,2026-09-05,T+1,5355,1175,6530,2026-09-04T02:30:49.154Z,FALSE,"",17:30,TRUE
fare_DEL-BOM_QP_2026-09-05_T+1_1788556696005_9lha,DEL-BOM,EaseMyTrip,QP,QP-1833,2026-09-05,T+1,5355,1175,6530,2026-09-04T02:30:49.154Z,FALSE,"",06:50,TRUE
fare_DEL-BOM_QP_2026-09-05_T+1_1788556696005_be7x,DEL-BOM,EaseMyTrip,QP,QP-1112,2026-09-05,T+1,5355,1175,6530,2026-09-04T02:30:49.154Z,FALSE,"",09:20,TRUE
fare_DEL-BOM_QP_2026-09-05_T+1_1788556696005_dzp1,DEL-BOM,EaseMyTrip,QP,QP-1128,2026-09-05,T+1,5355,1175,6530,2026-09-04T02:30:49.154Z,FALSE,"",16:00,TRUE
fare_DEL-BOM_QP_2026-09-05_T+1_1788556696005_2pb9,DEL-BOM,EaseMyTrip,QP,QP-1119,2026-09-05,T+1,5355,1175,6530,2026-09-04T02:30:49.154Z,FALSE,"",08:40,TRUE
fare_DEL-BOM_QP_2026-09-05_T+1_1788556696005_ffva,DEL-BOM,EaseMyTrip,QP,QP-1836,2026-09-05,T+1,5355,1175,6530,2026-09-04T02:30:49.154Z,FALSE,"",12:30,TRUE
fare_DEL-BOM_QP_2026-09-05_T+1_1788556696005_j0ic,DEL-BOM,EaseMyTrip,QP,QP-1826,2026-09-05,T+1,5355,1175,6530,2026-09-04T02:30:49.154Z,FALSE,"",19:55,TRUE
fare_DEL-BOM_6E_2026-09-05_T+1_1788556696005_vg22,DEL-BOM,EaseMyTrip,6E,6E-551,2026-09-05,T+1,5355,1175,6530,2026-09-04T02:30:49.154Z,FALSE,"",05:00,TRUE
fare_DEL-BOM_6E_2026-09-05_T+1_1788556696005_g0p0,DEL-BOM,EaseMyTrip,6E,6E-371,2026-09-05,T+1,5355,1175,6530,2026-09-04T02:30:49.154Z,FALSE,"",05:00,TRUE
fare_DEL-BOM_6E_2026-09-05_T+1_1788556696005_g5i6,DEL-BOM,EaseMyTrip,6E,6E-133,2026-09-05,T+1,5355,1175,6530,2026-09-04T02:30:49.154Z,FALSE,"",23:30,TRUE
fare_DEL-BOM_6E_2026-09-05_T+1_1788556696005_i7o3,DEL-BOM,EaseMyTrip,6E,6E-372,2026-09-05,T+1,5355,1175,6530,2026-09-04T02:30:49.154Z,FALSE,"",23:30,TRUE
fare_DEL-BOM_6E_2026-09-05_T+1_1788556696005_0kyw,DEL-BOM,EaseMyTrip,6E,6E-6114,2026-09-05,T+1,5355,1175,6530,2026-09-04T02:30:49.154Z,FALSE,"",22:45,TRUE
fare_DEL-BOM_6E_2026-09-05_T+1_1788556696005_jl5c,DEL-BOM,EaseMyTrip,6E,6E-304,2026-09-05,T+1,5355,1175,6530,2026-09-04T02:30:49.154Z,FALSE,"",21:45,TRUE
fare_DEL-BOM_6E_2026-09-05_T+1_1788556696005_rbvu,DEL-BOM,EaseMyTrip,6E,6E-698,2026-09-05,T+1,5355,1175,6530,2026-09-04T02:30:49.154Z,FALSE,"",21:45,TRUE
fare_DEL-BOM_6E_2026-09-05_T+1_1788556696005_kz3c,DEL-BOM,EaseMyTrip,6E,6E-195,2026-09-05,T+1,5355,1175,6530,2026-09-04T02:30:49.154Z,FALSE,"",20:00,TRUE
fare_DEL-BOM_6E_2026-09-05_T+1_1788556696005_j8xe,DEL-BOM,EaseMyTrip,6E,6E-521,2026-09-05,T+1,5355,1175,6530,2026-09-04T02:30:49.154Z,FALSE,"",20:00,TRUE
fare_DEL-BOM_6E_2026-09-05_T+1_1788556696005_royv,DEL-BOM,EaseMyTrip,6E,6E-188,2026-09-05,T+1,5355,1175,6530,2026-09-04T02:30:49.154Z,FALSE,"",19:00,TRUE
fare_DEL-BOM_6E_2026-09-05_T+1_1788556696005_6cij,DEL-BOM,EaseMyTrip,6E,6E-826,2026-09-05,T+1,5355,1175,6530,2026-09-04T02:30:49.154Z,FALSE,"",19:00,TRUE
fare_DEL-BOM_6E_2026-09-05_T+1_1788556696005_78io,DEL-BOM,EaseMyTrip,6E,6E-546,2026-09-05,T+1,5355,1175,6530,2026-09-04T02:30:49.154Z,FALSE,"",18:00,TRUE
fare_DEL-BOM_6E_2026-09-05_T+1_1788556696005_45lo,DEL-BOM,EaseMyTrip,6E,6E-733,2026-09-05,T+1,5355,1175,6530,2026-09-04T02:30:49.154Z,FALSE,"",18:00,TRUE
fare_DEL-BOM_6E_2026-09-05_T+1_1788556696005_b4eh,DEL-BOM,EaseMyTrip,6E,6E-6706,2026-09-05,T+1,5355,1175,6530,2026-09-04T02:30:49.154Z,FALSE,"",17:00,TRUE
fare_DEL-BOM_6E_2026-09-05_T+1_1788556696005_mbgv,DEL-BOM,EaseMyTrip,6E,6E-117,2026-09-05,T+1,5355,1175,6530,2026-09-04T02:30:49.154Z,FALSE,"",16:15,TRUE
fare_DEL-BOM_6E_2026-09-05_T+1_1788556696005_f8ya,DEL-BOM,EaseMyTrip,6E,6E-760,2026-09-05,T+1,5355,1175,6530,2026-09-04T02:30:49.154Z,FALSE,"",16:15,TRUE
fare_DEL-BOM_6E_2026-09-05_T+1_1788556696005_eqvd,DEL-BOM,EaseMyTrip,6E,6E-554,2026-09-05,T+1,5355,1175,6530,2026-09-04T02:30:49.154Z,FALSE,"",15:30,TRUE
fare_DEL-BOM_6E_2026-09-05_T+1_1788556696005_56wr,DEL-BOM,EaseMyTrip,6E,6E-688,2026-09-05,T+1,5355,1175,6530,2026-09-04T02:30:49.154Z,FALSE,"",15:30,TRUE
fare_DEL-BOM_6E_2026-09-05_T+1_1788556696005_o2kz,DEL-BOM,EaseMyTrip,6E,6E-6022,2026-09-05,T+1,5355,1175,6530,2026-09-04T02:30:49.154Z,FALSE,"",14:00,TRUE
fare_DEL-BOM_6E_2026-09-05_T+1_1788556696005_651u,DEL-BOM,EaseMyTrip,6E,6E-6318,2026-09-05,T+1,5355,1175,6530,2026-09-04T02:30:49.154Z,FALSE,"",14:45,TRUE
fare_DEL-BOM_6E_2026-09-05_T+1_1788556696005_rp14,DEL-BOM,EaseMyTrip,6E,6E-6218,2026-09-05,T+1,5355,1175,6530,2026-09-04T02:30:49.154Z,FALSE,"",06:05,TRUE
fare_DEL-BOM_6E_2026-09-05_T+1_1788556696005_kk2b,DEL-BOM,EaseMyTrip,6E,6E-334,2026-09-05,T+1,5355,1175,6530,2026-09-04T02:30:49.154Z,FALSE,"",08:00,TRUE
fare_DEL-BOM_6E_2026-09-05_T+1_1788556696005_0osb,DEL-BOM,EaseMyTrip,6E,6E-181,2026-09-05,T+1,5355,1175,6530,2026-09-04T02:30:49.154Z,FALSE,"",08:45,TRUE
fare_DEL-BOM_6E_2026-09-05_T+1_1788556696005_dszq,DEL-BOM,EaseMyTrip,6E,6E-550,2026-09-05,T+1,5355,1175,6530,2026-09-04T02:30:49.154Z,FALSE,"",08:45,TRUE
fare_DEL-BOM_6E_2026-09-05_T+1_1788556696005_nhow,DEL-BOM,EaseMyTrip,6E,6E-6814,2026-09-05,T+1,5355,1175,6530,2026-09-04T02:30:49.154Z,FALSE,"",07:15,TRUE
fare_DEL-BOM_6E_2026-09-05_T+1_1788556696005_jpxj,DEL-BOM,EaseMyTrip,6E,6E-6328,2026-09-05,T+1,5355,1175,6530,2026-09-04T02:30:49.154Z,FALSE,"",10:15,TRUE
fare_DEL-BOM_6E_2026-09-05_T+1_1788556696005_yyrj,DEL-BOM,EaseMyTrip,6E,6E-6047,2026-09-05,T+1,5355,1175,6530,2026-09-04T02:30:49.154Z,FALSE,"",11:00,TRUE
fare_DEL-BOM_6E_2026-09-05_T+1_1788556696005_kcaq,DEL-BOM,EaseMyTrip,6E,6E-6676,2026-09-05,T+1,5355,1175,6530,2026-09-04T02:30:49.154Z,FALSE,"",12:00,TRUE
fare_DEL-BOM_6E_2026-09-05_T+1_1788556696005_hi42,DEL-BOM,EaseMyTrip,6E,6E-544,2026-09-05,T+1,5355,1175,6530,2026-09-04T02:30:49.154Z,FALSE,"",13:00,TRUE
fare_DEL-BOM_6E_2026-09-05_T+1_1788556696005_qtfs,DEL-BOM,EaseMyTrip,6E,6E-213,2026-09-05,T+1,5355,1175,6530,2026-09-04T02:30:49.154Z,FALSE,"",13:00,TRUE
fare_DEL-BOM_6E_2026-09-05_T+1_1788556696005_1qui,DEL-BOM,EaseMyTrip,6E,6E-6107,2026-09-05,T+1,5355,1175,6530,2026-09-04T02:30:49.154Z,FALSE,"",09:30,TRUE
fare_DEL-BOM_QP_2026-09-05_T+1_1788556696005_psne,DEL-BOM,EaseMyTrip,QP,QP-1940,2026-09-05,T+1,5427,1191,6618,2026-09-04T02:30:49.154Z,FALSE,"",14:05,TRUE
fare_DEL-BOM_6E_2026-09-05_T+1_1788556696005_k9jx,DEL-BOM,EaseMyTrip,6E,6E-5198,2026-09-05,T+1,5427,1191,6618,2026-09-04T02:30:49.154Z,FALSE,"",15:00,TRUE
fare_DEL-BOM_6E_2026-09-05_T+1_1788556696005_tjbt,DEL-BOM,EaseMyTrip,6E,6E-202,2026-09-05,T+1,5526,1213,6739,2026-09-04T02:30:49.154Z,FALSE,"",20:20,TRUE
fare_DEL-BOM_6E_2026-09-05_T+1_1788556696005_wntb,DEL-BOM,EaseMyTrip,6E,6E-900,2026-09-05,T+1,5526,1213,6739,2026-09-04T02:30:49.154Z,FALSE,"",20:20,TRUE
fare_DEL-BOM_6E_2026-09-05_T+1_1788556696005_ejqb,DEL-BOM,EaseMyTrip,6E,6E-6470,2026-09-05,T+1,5526,1213,6739,2026-09-04T02:30:49.154Z,FALSE,"",06:55,TRUE
fare_DEL-BOM_SG_2026-09-05_T+1_1788556696005_uich,DEL-BOM,EaseMyTrip,SG,SG-884,2026-09-05,T+1,5810,1275,7085,2026-09-04T02:30:49.154Z,FALSE,"",22:30,TRUE
fare_DEL-BOM_SG_2026-09-05_T+1_1788556696005_l17i,DEL-BOM,EaseMyTrip,SG,SG-867,2026-09-05,T+1,5810,1275,7085,2026-09-04T02:30:49.154Z,FALSE,"",22:30,TRUE
fare_DEL-BOM_6E_2026-09-05_T+1_1788556696005_8jk8,DEL-BOM,EaseMyTrip,6E,6E-5298,2026-09-05,T+1,5553,1219,6772,2026-09-04T02:30:49.154Z,FALSE,"",09:00,FALSE
fare_DEL-BOM_AI_2026-09-05_T+1_1788556696005_2rr4,DEL-BOM,EaseMyTrip,AI,AI-2678,2026-09-05,T+1,5740,1260,7000,2026-09-04T02:30:49.154Z,FALSE,"",08:30,TRUE
fare_DEL-BOM_AI_2026-09-05_T+1_1788556696005_ljf3,DEL-BOM,EaseMyTrip,AI,AI-2963,2026-09-05,T+1,5740,1260,7000,2026-09-04T02:30:49.154Z,FALSE,"",09:00,TRUE
fare_DEL-BOM_AI_2026-09-05_T+1_1788556696005_lpau,DEL-BOM,EaseMyTrip,AI,AI-1745,2026-09-05,T+1,5740,1260,7000,2026-09-04T02:30:49.154Z,FALSE,"",05:00,TRUE
fare_DEL-BOM_AI_2026-09-05_T+1_1788556696005_9uj3,DEL-BOM,EaseMyTrip,AI,AI-2975,2026-09-05,T+1,5740,1260,7000,2026-09-04T02:30:49.154Z,FALSE,"",06:30,TRUE
fare_DEL-BOM_AI_2026-09-05_T+1_1788556696005_r1yy,DEL-BOM,EaseMyTrip,AI,AI-2425,2026-09-05,T+1,5740,1260,7000,2026-09-04T02:30:49.154Z,FALSE,"",10:30,TRUE
fare_DEL-BOM_AI_2026-09-05_T+1_1788556696005_gnuz,DEL-BOM,EaseMyTrip,AI,AI-2941,2026-09-05,T+1,5740,1260,7000,2026-09-04T02:30:49.154Z,FALSE,"",16:30,TRUE
fare_DEL-BOM_AI_2026-09-05_T+1_1788556696005_fav8,DEL-BOM,EaseMyTrip,AI,AI-2981,2026-09-05,T+1,5740,1260,7000,2026-09-04T02:30:49.154Z,FALSE,"",21:00,TRUE
fare_DEL-BOM_AI_2026-09-05_T+1_1788556696005_wt3x,DEL-BOM,EaseMyTrip,AI,AI-2429,2026-09-05,T+1,5740,1260,7000,2026-09-04T02:30:49.154Z,FALSE,"",07:00,TRUE
fare_DEL-BOM_AI_2026-09-05_T+1_1788556696005_8ygq,DEL-BOM,EaseMyTrip,AI,AI-2943,2026-09-05,T+1,5740,1260,7000,2026-09-04T02:30:49.154Z,FALSE,"",07:30,TRUE
fare_DEL-BOM_AI_2026-09-05_T+1_1788556696005_6wn3,DEL-BOM,EaseMyTrip,AI,AI-2995,2026-09-05,T+1,5740,1260,7000,2026-09-04T02:30:49.154Z,FALSE,"",10:00,TRUE
fare_DEL-BOM_AI_2026-09-05_T+1_1788556696005_72br,DEL-BOM,EaseMyTrip,AI,AI-2945,2026-09-05,T+1,5740,1260,7000,2026-09-04T02:30:49.154Z,FALSE,"",11:00,TRUE
fare_DEL-BOM_AI_2026-09-05_T+1_1788556696005_ptdx,DEL-BOM,EaseMyTrip,AI,AI-1785,2026-09-05,T+1,5740,1260,7000,2026-09-04T02:30:49.154Z,FALSE,"",12:00,TRUE
fare_DEL-BOM_AI_2026-09-05_T+1_1788556696005_vqzb,DEL-BOM,EaseMyTrip,AI,AI-2933,2026-09-05,T+1,5740,1260,7000,2026-09-04T02:30:49.154Z,FALSE,"",15:30,TRUE
fare_DEL-BOM_AI_2026-09-05_T+1_1788556696005_bbv6,DEL-BOM,EaseMyTrip,AI,AI-1777,2026-09-05,T+1,5740,1260,7000,2026-09-04T02:30:49.154Z,FALSE,"",16:00,TRUE
fare_DEL-BOM_AI_2026-09-05_T+1_1788556696005_43ob,DEL-BOM,EaseMyTrip,AI,AI-441,2026-09-05,T+1,5740,1260,7000,2026-09-04T02:30:49.154Z,FALSE,"",17:00,TRUE
fare_DEL-BOM_AI_2026-09-05_T+1_1788556696005_i66j,DEL-BOM,EaseMyTrip,AI,AI-2955,2026-09-05,T+1,5740,1260,7000,2026-09-04T02:30:49.154Z,FALSE,"",18:00,TRUE
fare_DEL-BOM_AI_2026-09-05_T+1_1788556696005_lo29,DEL-BOM,EaseMyTrip,AI,AI-2977,2026-09-05,T+1,5740,1260,7000,2026-09-04T02:30:49.154Z,FALSE,"",19:00,TRUE
fare_DEL-BOM_AI_2026-09-05_T+1_1788556696005_52cs,DEL-BOM,EaseMyTrip,AI,AI-2985,2026-09-05,T+1,5740,1260,7000,2026-09-04T02:30:49.154Z,FALSE,"",19:30,TRUE
fare_DEL-BOM_AI_2026-09-05_T+1_1788556696005_lf7a,DEL-BOM,EaseMyTrip,AI,AI-2433,2026-09-05,T+1,5740,1260,7000,2026-09-04T02:30:49.154Z,FALSE,"",21:30,TRUE
fare_DEL-BOM_AI_2026-09-05_T+1_1788556696005_j9or,DEL-BOM,EaseMyTrip,AI,AI-2439,2026-09-05,T+1,5740,1260,7000,2026-09-04T02:30:49.154Z,FALSE,"",23:00,TRUE
fare_DEL-BOM_AI_2026-09-05_T+1_1788556696005_pxdx,DEL-BOM,EaseMyTrip,AI,AI-2927,2026-09-05,T+1,5740,1260,7000,2026-09-04T02:30:49.154Z,FALSE,"",09:30,TRUE
fare_DEL-BOM_AI_2026-09-05_T+1_1788556696005_7uf3,DEL-BOM,EaseMyTrip,AI,AI-2957,2026-09-05,T+1,5740,1260,7000,2026-09-04T02:30:49.154Z,FALSE,"",20:30,TRUE
fare_DEL-BOM_AI_2026-09-05_T+1_1788556696005_skeu,DEL-BOM,EaseMyTrip,AI,AI-1780,2026-09-05,T+1,5870,1289,7159,2026-09-04T02:30:49.154Z,FALSE,"",16:10,TRUE
fare_DEL-BOM_6E_2026-09-05_T+1_1788556696005_d1rs,DEL-BOM,EaseMyTrip,6E,6E-2341,2026-09-05,T+1,5770,1267,7037,2026-09-04T02:30:49.154Z,FALSE,"",14:50,FALSE
fare_DEL-BOM_6E_2026-09-05_T+1_1788556696005_5jvg,DEL-BOM,EaseMyTrip,6E,6E-2331,2026-09-05,T+1,5770,1267,7037,2026-09-04T02:30:49.154Z,FALSE,"",12:20,FALSE
fare_DEL-BOM_6E_2026-09-05_T+1_1788556696005_bphj,DEL-BOM,EaseMyTrip,6E,6E-288,2026-09-05,T+1,5770,1267,7037,2026-09-04T02:30:49.154Z,FALSE,"",10:00,FALSE
fare_DEL-BOM_6E_2026-09-05_T+1_1788556696005_juyq,DEL-BOM,EaseMyTrip,6E,6E-6490,2026-09-05,T+1,5879,1290,7169,2026-09-04T02:30:49.154Z,FALSE,"",04:55,FALSE
fare_DEL-BOM_AI_2026-09-05_T+1_1788556696005_9w7z,DEL-BOM,EaseMyTrip,AI,AI-2951,2026-09-05,T+1,6193,1360,7553,2026-09-04T02:30:49.154Z,FALSE,"",13:30,TRUE
fare_DEL-BOM_6E_2026-09-05_T+1_1788556696005_eiky,DEL-BOM,EaseMyTrip,6E,6E-7646,2026-09-05,T+1,6120,1343,7463,2026-09-04T02:30:49.154Z,FALSE,"",06:15,FALSE
fare_DEL-BOM_6E_2026-09-05_T+1_1788556696005_gobh,DEL-BOM,EaseMyTrip,6E,6E-179,2026-09-05,T+1,7131,1565,8696,2026-09-04T02:30:49.154Z,FALSE,"",19:30,FALSE
fare_DEL-BOM_6E_2026-09-05_T+1_1788556696005_u7gu,DEL-BOM,EaseMyTrip,6E,6E-622,2026-09-05,T+1,7131,1565,8696,2026-09-04T02:30:49.154Z,FALSE,"",19:30,FALSE
fare_DEL-BOM_6E_2026-09-05_T+1_1788556696005_6g4u,DEL-BOM,EaseMyTrip,6E,6E-6443,2026-09-05,T+1,7458,1637,9095,2026-09-04T02:30:49.154Z,FALSE,"",09:00,FALSE
fare_DEL-BOM_6E_2026-09-05_T+1_1788556696005_0elu,DEL-BOM,EaseMyTrip,6E,6E-915,2026-09-05,T+1,7523,1651,9174,2026-09-04T02:30:49.154Z,FALSE,"",16:10,FALSE
fare_DEL-BOM_6E_2026-09-05_T+1_1788556696005_kn7g,DEL-BOM,EaseMyTrip,6E,6E-322,2026-09-05,T+1,7523,1651,9174,2026-09-04T02:30:49.154Z,FALSE,"",16:10,FALSE
fare_DEL-BOM_6E_2026-09-05_T+1_1788556696005_5kfg,DEL-BOM,EaseMyTrip,6E,6E-446,2026-09-05,T+1,7641,1677,9318,2026-09-04T02:30:49.154Z,FALSE,"",10:00,FALSE
fare_DEL-BOM_6E_2026-09-05_T+1_1788556696005_tnlv,DEL-BOM,EaseMyTrip,6E,6E-453,2026-09-05,T+1,7641,1677,9318,2026-09-04T02:30:49.154Z,FALSE,"",10:00,FALSE
fare_DEL-BOM_AI_2026-09-05_T+1_1788556696005_l1ao,DEL-BOM,EaseMyTrip,AI,AI-2499,2026-09-05,T+1,8261,1813,10074,2026-09-04T02:30:49.154Z,FALSE,"",05:55,FALSE
fare_DEL-BOM_AI_2026-09-05_T+1_1788556696005_mk4l,DEL-BOM,EaseMyTrip,AI,AI-2569,2026-09-05,T+1,8261,1813,10074,2026-09-04T02:30:49.154Z,FALSE,"",20:25,FALSE
fare_DEL-BOM_AI_2026-09-05_T+1_1788556696005_d3f1,DEL-BOM,EaseMyTrip,AI,AI-1710,2026-09-05,T+1,8261,1813,10074,2026-09-04T02:30:49.154Z,FALSE,"",18:35,FALSE
fare_DEL-BOM_AI_2026-09-05_T+1_1788556696005_87qc,DEL-BOM,EaseMyTrip,AI,AI-1717,2026-09-05,T+1,8261,1813,10074,2026-09-04T02:30:49.154Z,FALSE,"",14:20,FALSE
fare_DEL-BOM_6E_2026-09-05_T+1_1788556696005_mtgy,DEL-BOM,EaseMyTrip,6E,6E-2571,2026-09-05,T+1,8220,1804,10024,2026-09-04T02:30:49.154Z,FALSE,"",12:30,FALSE
fare_DEL-BOM_AI_2026-09-05_T+1_1788556696005_fygl,DEL-BOM,EaseMyTrip,AI,AI-9920,2026-09-05,T+1,8880,1949,10829,2026-09-04T02:30:49.154Z,FALSE,"",10:50,FALSE
fare_DEL-BOM_6E_2026-09-05_T+1_1788556696005_3nws,DEL-BOM,EaseMyTrip,6E,6E-7642,2026-09-05,T+1,9004,1976,10980,2026-09-04T02:30:49.154Z,FALSE,"",15:45,FALSE
fare_DEL-BOM_IX_2026-09-05_T+1_1788556696005_idqi,DEL-BOM,EaseMyTrip,IX,IX-1067,2026-09-05,T+1,9322,2046,11368,2026-09-04T02:30:49.154Z,FALSE,"",06:10,FALSE
fare_DEL-BOM_IX_2026-09-05_T+1_1788556696005_dtb1,DEL-BOM,EaseMyTrip,IX,IX-1273,2026-09-05,T+1,9578,2102,11680,2026-09-04T02:30:49.154Z,FALSE,"",12:20,FALSE
fare_DEL-BOM_IX_2026-09-05_T+1_1788556696005_g9l9,DEL-BOM,EaseMyTrip,IX,IX-1001,2026-09-05,T+1,9578,2102,11680,2026-09-04T02:30:49.154Z,FALSE,"",09:00,FALSE
fare_DEL-BOM_AI_2026-09-05_T+1_1788556696005_rg45,DEL-BOM,EaseMyTrip,AI,AI-9757,2026-09-05,T+1,9551,2097,11648,2026-09-04T02:30:49.154Z,FALSE,"",11:50,FALSE
fare_DEL-BOM_AI_2026-09-05_T+1_1788556696005_v0s4,DEL-BOM,EaseMyTrip,AI,AI-9759,2026-09-05,T+1,9551,2097,11648,2026-09-04T02:30:49.154Z,FALSE,"",05:45,FALSE
fare_DEL-BOM_IX_2026-09-05_T+1_1788556696005_gvoe,DEL-BOM,EaseMyTrip,IX,IX-1049,2026-09-05,T+1,10069,2210,12279,2026-09-04T02:30:49.154Z,FALSE,"",18:40,FALSE
fare_DEL-BOM_AI_2026-09-05_T+1_1788556696005_sfbd,DEL-BOM,EaseMyTrip,AI,AI-1705,2026-09-05,T+1,10376,2278,12654,2026-09-04T02:30:49.154Z,FALSE,"",06:30,FALSE
fare_DEL-BOM_6E_2026-09-05_T+1_1788556696005_n8j3,DEL-BOM,EaseMyTrip,6E,6E-6433,2026-09-05,T+1,10239,2248,12487,2026-09-04T02:30:49.154Z,FALSE,"",16:30,FALSE
fare_DEL-BOM_6E_2026-09-05_T+1_1788556696005_mwno,DEL-BOM,EaseMyTrip,6E,6E-411,2026-09-05,T+1,10578,2322,12900,2026-09-04T02:30:49.154Z,FALSE,"",19:35,FALSE
fare_DEL-BOM_6E_2026-09-05_T+1_1788556696005_82ix,DEL-BOM,EaseMyTrip,6E,6E-2169,2026-09-05,T+1,10685,2345,13030,2026-09-04T02:30:49.154Z,FALSE,"",19:40,FALSE
fare_DEL-BOM_6E_2026-09-05_T+1_1788556696005_ga5r,DEL-BOM,EaseMyTrip,6E,6E-935,2026-09-05,T+1,10968,2407,13375,2026-09-04T02:30:49.154Z,FALSE,"",08:30,FALSE
fare_DEL-BOM_6E_2026-09-05_T+1_1788556696005_x03j,DEL-BOM,EaseMyTrip,6E,6E-368,2026-09-05,T+1,10968,2407,13375,2026-09-04T02:30:49.154Z,FALSE,"",08:30,FALSE
fare_DEL-BOM_AI_2026-09-05_T+1_1788556696005_dcoa,DEL-BOM,EaseMyTrip,AI,AI-2715,2026-09-05,T+1,11186,2455,13641,2026-09-04T02:30:49.154Z,FALSE,"",11:40,FALSE
fare_DEL-BOM_AI_2026-09-05_T+1_1788556696005_4atx,DEL-BOM,EaseMyTrip,AI,AI-2959,2026-09-05,T+1,11186,2455,13641,2026-09-04T02:30:49.154Z,FALSE,"",07:10,FALSE
fare_DEL-BOM_AI_2026-09-05_T+1_1788556696005_lfdv,DEL-BOM,EaseMyTrip,AI,AI-423,2026-09-05,T+1,11186,2455,13641,2026-09-04T02:30:49.154Z,FALSE,"",09:30,FALSE
fare_DEL-BOM_AI_2026-09-05_T+1_1788556696005_h559,DEL-BOM,EaseMyTrip,AI,AI-809,2026-09-05,T+1,11273,2475,13748,2026-09-04T02:30:49.154Z,FALSE,"",17:40,FALSE
fare_DEL-BOM_AI_2026-09-05_T+1_1788556696005_2pbd,DEL-BOM,EaseMyTrip,AI,AI-2939,2026-09-05,T+1,11273,2475,13748,2026-09-04T02:30:49.154Z,FALSE,"",16:40,FALSE
fare_DEL-BOM_AI_2026-09-05_T+1_1788556696005_q32y,DEL-BOM,EaseMyTrip,AI,AI-817,2026-09-05,T+1,11463,2516,13979,2026-09-04T02:30:49.154Z,FALSE,"",05:55,FALSE
fare_DEL-BOM_6E_2026-09-05_T+1_1788556696005_z9uv,DEL-BOM,EaseMyTrip,6E,6E-6282,2026-09-05,T+1,11482,2520,14002,2026-09-04T02:30:49.154Z,FALSE,"",13:30,FALSE
fare_DEL-BOM_IX_2026-09-05_T+1_1788556696005_27ns,DEL-BOM,EaseMyTrip,IX,IX-1068,2026-09-05,T+1,12701,2788,15489,2026-09-04T02:30:49.154Z,FALSE,"",11:55,FALSE
fare_DEL-BOM_AI_2026-09-05_T+1_1788556696005_gwyc,DEL-BOM,EaseMyTrip,AI,AI-9584,2026-09-05,T+1,12607,2767,15374,2026-09-04T02:30:49.154Z,FALSE,"",11:15,FALSE
fare_DEL-BOM_AI_2026-09-05_T+1_1788556696005_9qew,DEL-BOM,EaseMyTrip,AI,AI-885,2026-09-05,T+1,12761,2801,15562,2026-09-04T02:30:49.154Z,FALSE,"",07:25,FALSE
fare_DEL-BOM_AI_2026-09-05_T+1_1788556696005_ukb0,DEL-BOM,EaseMyTrip,AI,AI-1743,2026-09-05,T+1,13065,2868,15933,2026-09-04T02:30:49.154Z,FALSE,"",06:20,FALSE
fare_DEL-BOM_6E_2026-09-05_T+1_1788556696005_qn7l,DEL-BOM,EaseMyTrip,6E,6E-2249,2026-09-05,T+1,13405,2943,16348,2026-09-04T02:30:49.154Z,FALSE,"",15:00,FALSE
fare_DEL-BOM_IX_2026-09-05_T+1_1788556696005_6g6t,DEL-BOM,EaseMyTrip,IX,IX-1003,2026-09-05,T+1,14049,3084,17133,2026-09-04T02:30:49.154Z,FALSE,"",19:10,FALSE
fare_DEL-BOM_AI_2026-09-05_T+1_1788556696005_2p0o,DEL-BOM,EaseMyTrip,AI,AI-491,2026-09-05,T+1,14497,3182,17679,2026-09-04T02:30:49.154Z,FALSE,"",11:15,FALSE
fare_DEL-BOM_AI_2026-09-05_T+1_1788556696005_15d6,DEL-BOM,EaseMyTrip,AI,AI-1773,2026-09-05,T+1,14497,3182,17679,2026-09-04T02:30:49.154Z,FALSE,"",10:30,FALSE
fare_DEL-BOM_AI_2026-09-05_T+1_1788556696005_pr0x,DEL-BOM,EaseMyTrip,AI,AI-2907,2026-09-05,T+1,15172,3331,18503,2026-09-04T02:30:49.154Z,FALSE,"",12:00,FALSE
fare_DEL-BOM_AI_2026-09-05_T+1_1788556696005_0037,DEL-BOM,EaseMyTrip,AI,AI-2577,2026-09-05,T+1,16071,3528,19599,2026-09-04T02:30:49.154Z,TRUE,"High outlier: ₹19599 > upper fence ₹19385 (Q3: ₹11672, IQR: ₹5142)",02:00,FALSE
fare_DEL-BOM_AI_2026-09-05_T+1_1788556696005_0b4t,DEL-BOM,EaseMyTrip,AI,AI-2859,2026-09-05,T+1,16071,3528,19599,2026-09-04T02:30:49.154Z,TRUE,"High outlier: ₹19599 > upper fence ₹19385 (Q3: ₹11672, IQR: ₹5142)",10:30,FALSE
fare_DEL-BOM_6E_2026-09-05_T+1_1788556696005_o6yh,DEL-BOM,EaseMyTrip,6E,6E-111,2026-09-05,T+1,16097,3534,19631,2026-09-04T02:30:49.154Z,TRUE,"High outlier: ₹19631 > upper fence ₹19385 (Q3: ₹11672, IQR: ₹5142)",12:15,FALSE
fare_DEL-BOM_6E_2026-09-05_T+1_1788556696005_421i,DEL-BOM,EaseMyTrip,6E,6E-405,2026-09-05,T+1,16097,3534,19631,2026-09-04T02:30:49.154Z,TRUE,"High outlier: ₹19631 > upper fence ₹19385 (Q3: ₹11672, IQR: ₹5142)",12:15,FALSE
fare_DEL-BOM_AI_2026-09-05_T+1_1788556696005_tch4,DEL-BOM,EaseMyTrip,AI,AI-2465,2026-09-05,T+1,16422,3605,20027,2026-09-04T02:30:49.154Z,TRUE,"High outlier: ₹20027 > upper fence ₹19385 (Q3: ₹11672, IQR: ₹5142)",14:30,FALSE
fare_DEL-BOM_AI_2026-09-05_T+1_1788556696005_8y29,DEL-BOM,EaseMyTrip,AI,AI-427,2026-09-05,T+1,16540,3631,20171,2026-09-04T02:30:49.154Z,TRUE,"High outlier: ₹20171 > upper fence ₹19385 (Q3: ₹11672, IQR: ₹5142)",08:30,FALSE
fare_DEL-BOM_AI_2026-09-05_T+1_1788556696005_r7r9,DEL-BOM,EaseMyTrip,AI,AI-2803,2026-09-05,T+1,16556,3634,20190,2026-09-04T02:30:49.154Z,TRUE,"High outlier: ₹20190 > upper fence ₹19385 (Q3: ₹11672, IQR: ₹5142)",06:30,FALSE
fare_DEL-BOM_AI_2026-09-05_T+1_1788556696005_pg72,DEL-BOM,EaseMyTrip,AI,AI-1779,2026-09-05,T+1,16661,3657,20318,2026-09-04T02:30:49.154Z,TRUE,"High outlier: ₹20318 > upper fence ₹19385 (Q3: ₹11672, IQR: ₹5142)",13:50,FALSE
fare_DEL-BOM_AI_2026-09-05_T+1_1788556696005_zusc,DEL-BOM,EaseMyTrip,AI,AI-881,2026-09-05,T+1,16758,3679,20437,2026-09-04T02:30:49.154Z,TRUE,"High outlier: ₹20437 > upper fence ₹19385 (Q3: ₹11672, IQR: ₹5142)",13:35,FALSE
fare_DEL-BOM_AI_2026-09-05_T+1_1788556696005_wgxe,DEL-BOM,EaseMyTrip,AI,AI-1739,2026-09-05,T+1,17263,3790,21053,2026-09-04T02:30:49.154Z,TRUE,"High outlier: ₹21053 > upper fence ₹19385 (Q3: ₹11672, IQR: ₹5142)",11:30,FALSE
fare_DEL-BOM_AI_2026-09-05_T+1_1788556696005_3was,DEL-BOM,EaseMyTrip,AI,AI-2653,2026-09-05,T+1,17305,3799,21104,2026-09-04T02:30:49.154Z,TRUE,"High outlier: ₹21104 > upper fence ₹19385 (Q3: ₹11672, IQR: ₹5142)",04:30,FALSE
fare_DEL-BOM_IX_2026-09-05_T+1_1788556696005_3ybv,DEL-BOM,EaseMyTrip,IX,IX-1815,2026-09-05,T+1,17941,3938,21879,2026-09-04T02:30:49.154Z,TRUE,"High outlier: ₹21879 > upper fence ₹19385 (Q3: ₹11672, IQR: ₹5142)",19:05,FALSE
fare_DEL-BOM_IX_2026-09-05_T+1_1788556696005_iq28,DEL-BOM,EaseMyTrip,IX,IX-1812,2026-09-05,T+1,19009,4173,23182,2026-09-04T02:30:49.154Z,TRUE,"High outlier: ₹23182 > upper fence ₹19385 (Q3: ₹11672, IQR: ₹5142)",11:15,FALSE
fare_DEL-BOM_IX_2026-09-05_T+1_1788556696005_yoaj,DEL-BOM,EaseMyTrip,IX,IX-1811,2026-09-05,T+1,19009,4173,23182,2026-09-04T02:30:49.154Z,TRUE,"High outlier: ₹23182 > upper fence ₹19385 (Q3: ₹11672, IQR: ₹5142)",06:50,FALSE
fare_DEL-BOM_AI_2026-09-05_T+1_1788556696005_2ws3,DEL-BOM,EaseMyTrip,AI,AI-2509,2026-09-05,T+1,20088,4410,24498,2026-09-04T02:30:49.154Z,TRUE,"High outlier: ₹24498 > upper fence ₹19385 (Q3: ₹11672, IQR: ₹5142)",06:55,FALSE
fare_DEL-BOM_AI_2026-09-05_T+1_1788556696005_bj1f,DEL-BOM,EaseMyTrip,AI,AI-2627,2026-09-05,T+1,23659,5194,28853,2026-09-04T02:30:49.154Z,TRUE,"High outlier: ₹28853 > upper fence ₹19385 (Q3: ₹11672, IQR: ₹5142)",10:45,FALSE
fare_DEL-BOM_AI_2026-09-05_T+1_1788556696005_5qkd,DEL-BOM,EaseMyTrip,AI,AI-2761,2026-09-05,T+1,28331,6219,34550,2026-09-04T02:30:49.154Z,TRUE,"High outlier: ₹34550 > upper fence ₹19385 (Q3: ₹11672, IQR: ₹5142)",16:25,FALSE
fare_DEL-BOM_6E_2026-09-05_T+1_1788556696006_q7ay,DEL-BOM,EaseMyTrip,6E,6E-462,2026-09-05,T+1,5274,1158,6432,2026-09-04T20:56:20.470Z,FALSE,"",23:15,FALSE
fare_DEL-BOM_6E_2026-09-05_T+1_1788556696006_fi3z,DEL-BOM,EaseMyTrip,6E,6E-182,2026-09-05,T+1,5354,1175,6529,2026-09-04T20:56:20.470Z,FALSE,"",20:20,TRUE
fare_DEL-BOM_6E_2026-09-05_T+1_1788556696006_y6z3,DEL-BOM,EaseMyTrip,6E,6E-231,2026-09-05,T+1,5354,1175,6529,2026-09-04T20:56:20.470Z,FALSE,"",20:20,TRUE
fare_DEL-BOM_6E_2026-09-05_T+1_1788556696006_nirr,DEL-BOM,EaseMyTrip,6E,6E-514,2026-09-05,T+1,5355,1175,6530,2026-09-04T20:56:20.470Z,FALSE,"",05:00,TRUE
fare_DEL-BOM_6E_2026-09-05_T+1_1788556696006_resn,DEL-BOM,EaseMyTrip,6E,6E-562,2026-09-05,T+1,5355,1175,6530,2026-09-04T20:56:20.470Z,FALSE,"",05:00,TRUE
fare_DEL-BOM_6E_2026-09-05_T+1_1788556696006_n887,DEL-BOM,EaseMyTrip,6E,6E-448,2026-09-05,T+1,5355,1175,6530,2026-09-04T20:56:20.470Z,FALSE,"",23:30,TRUE
fare_DEL-BOM_6E_2026-09-05_T+1_1788556696006_4jjz,DEL-BOM,EaseMyTrip,6E,6E-835,2026-09-05,T+1,5355,1175,6530,2026-09-04T20:56:20.470Z,FALSE,"",23:30,TRUE
fare_DEL-BOM_6E_2026-09-05_T+1_1788556696006_n4xp,DEL-BOM,EaseMyTrip,6E,6E-632,2026-09-05,T+1,5355,1175,6530,2026-09-04T20:56:20.470Z,FALSE,"",21:45,TRUE
fare_DEL-BOM_6E_2026-09-05_T+1_1788556696006_0im0,DEL-BOM,EaseMyTrip,6E,6E-203,2026-09-05,T+1,5355,1175,6530,2026-09-04T20:56:20.470Z,FALSE,"",21:45,TRUE
fare_DEL-BOM_6E_2026-09-05_T+1_1788556696006_sqls,DEL-BOM,EaseMyTrip,6E,6E-707,2026-09-05,T+1,5355,1175,6530,2026-09-04T20:56:20.470Z,FALSE,"",20:00,TRUE
fare_DEL-BOM_6E_2026-09-05_T+1_1788556696006_omjz,DEL-BOM,EaseMyTrip,6E,6E-280,2026-09-05,T+1,5355,1175,6530,2026-09-04T20:56:20.470Z,FALSE,"",20:00,TRUE
fare_DEL-BOM_6E_2026-09-05_T+1_1788556696006_engw,DEL-BOM,EaseMyTrip,6E,6E-743,2026-09-05,T+1,5355,1175,6530,2026-09-04T20:56:20.470Z,FALSE,"",19:00,TRUE
fare_DEL-BOM_6E_2026-09-05_T+1_1788556696006_cjhs,DEL-BOM,EaseMyTrip,6E,6E-750,2026-09-05,T+1,5355,1175,6530,2026-09-04T20:56:20.470Z,FALSE,"",19:00,TRUE
fare_DEL-BOM_6E_2026-09-05_T+1_1788556696006_w67a,DEL-BOM,EaseMyTrip,6E,6E-884,2026-09-05,T+1,5355,1175,6530,2026-09-04T20:56:20.470Z,FALSE,"",18:00,TRUE
fare_DEL-BOM_6E_2026-09-05_T+1_1788556696006_jcxg,DEL-BOM,EaseMyTrip,6E,6E-193,2026-09-05,T+1,5355,1175,6530,2026-09-04T20:56:20.470Z,FALSE,"",18:00,TRUE
fare_DEL-BOM_6E_2026-09-05_T+1_1788556696006_w6sh,DEL-BOM,EaseMyTrip,6E,6E-669,2026-09-05,T+1,5355,1175,6530,2026-09-04T20:56:20.470Z,FALSE,"",16:15,TRUE
fare_DEL-BOM_6E_2026-09-05_T+1_1788556696006_hx7r,DEL-BOM,EaseMyTrip,6E,6E-992,2026-09-05,T+1,5355,1175,6530,2026-09-04T20:56:20.470Z,FALSE,"",16:15,TRUE
fare_DEL-BOM_6E_2026-09-05_T+1_1788556696006_a3i5,DEL-BOM,EaseMyTrip,6E,6E-971,2026-09-05,T+1,5355,1175,6530,2026-09-04T20:56:20.470Z,FALSE,"",15:30,TRUE
fare_DEL-BOM_6E_2026-09-05_T+1_1788556696006_2nw9,DEL-BOM,EaseMyTrip,6E,6E-321,2026-09-05,T+1,5355,1175,6530,2026-09-04T20:56:20.470Z,FALSE,"",15:30,TRUE
fare_DEL-BOM_6E_2026-09-05_T+1_1788556696006_c6h9,DEL-BOM,EaseMyTrip,6E,6E-674,2026-09-05,T+1,5355,1175,6530,2026-09-04T20:56:20.470Z,FALSE,"",08:00,TRUE
fare_DEL-BOM_6E_2026-09-05_T+1_1788556696006_uoa0,DEL-BOM,EaseMyTrip,6E,6E-648,2026-09-05,T+1,5355,1175,6530,2026-09-04T20:56:20.470Z,FALSE,"",08:00,TRUE
fare_DEL-BOM_6E_2026-09-05_T+1_1788556696006_yesf,DEL-BOM,EaseMyTrip,6E,6E-492,2026-09-05,T+1,5355,1175,6530,2026-09-04T20:56:20.470Z,FALSE,"",08:45,TRUE
fare_DEL-BOM_6E_2026-09-05_T+1_1788556696006_bhn9,DEL-BOM,EaseMyTrip,6E,6E-917,2026-09-05,T+1,5355,1175,6530,2026-09-04T20:56:20.470Z,FALSE,"",08:45,TRUE
fare_DEL-BOM_6E_2026-09-05_T+1_1788556696006_5ikh,DEL-BOM,EaseMyTrip,6E,6E-460,2026-09-05,T+1,5355,1175,6530,2026-09-04T20:56:20.470Z,FALSE,"",13:00,TRUE
fare_DEL-BOM_6E_2026-09-05_T+1_1788556696006_tyso,DEL-BOM,EaseMyTrip,6E,6E-114,2026-09-05,T+1,5770,1267,7037,2026-09-04T20:56:20.470Z,FALSE,"",10:00,FALSE
fare_DEL-BOM_6E_2026-09-05_T+1_1788556696006_a914,DEL-BOM,EaseMyTrip,6E,6E-800,2026-09-05,T+1,5770,1267,7037,2026-09-04T20:56:20.470Z,FALSE,"",10:00,FALSE
fare_DEL-BOM_6E_2026-09-05_T+1_1788556696006_m8ai,DEL-BOM,EaseMyTrip,6E,6E-305,2026-09-05,T+1,7131,1565,8696,2026-09-04T20:56:20.470Z,FALSE,"",19:30,FALSE
fare_DEL-BOM_6E_2026-09-05_T+1_1788556696006_6r14,DEL-BOM,EaseMyTrip,6E,6E-853,2026-09-05,T+1,7131,1565,8696,2026-09-04T20:56:20.470Z,FALSE,"",19:30,FALSE
fare_DEL-BOM_SG_2026-09-05_T+1_1788556696006_ungd,DEL-BOM,EaseMyTrip,SG,SG-666,2026-09-05,T+1,7701,1691,9392,2026-09-04T20:56:20.470Z,FALSE,"",22:30,TRUE
fare_DEL-BOM_SG_2026-09-05_T+1_1788556696006_8rik,DEL-BOM,EaseMyTrip,SG,SG-541,2026-09-05,T+1,7701,1691,9392,2026-09-04T20:56:20.470Z,FALSE,"",22:30,TRUE
fare_DEL-BOM_6E_2026-09-05_T+1_1788556696006_wi7y,DEL-BOM,EaseMyTrip,6E,6E-689,2026-09-05,T+1,8225,1805,10030,2026-09-04T20:56:20.470Z,FALSE,"",10:00,FALSE
fare_DEL-BOM_6E_2026-09-05_T+1_1788556696006_rpfh,DEL-BOM,EaseMyTrip,6E,6E-236,2026-09-05,T+1,8225,1805,10030,2026-09-04T20:56:20.470Z,FALSE,"",10:00,FALSE
fare_DEL-BOM_6E_2026-09-05_T+1_1788556696006_i2wn,DEL-BOM,EaseMyTrip,6E,6E-654,2026-09-05,T+1,8826,1938,10764,2026-09-04T20:56:20.470Z,FALSE,"",16:10,FALSE
fare_DEL-BOM_6E_2026-09-05_T+1_1788556696006_4ws0,DEL-BOM,EaseMyTrip,6E,6E-124,2026-09-05,T+1,8826,1938,10764,2026-09-04T20:56:20.470Z,FALSE,"",16:10,FALSE
fare_DEL-BOM_AI_2026-09-05_T+1_1788556696006_q1hu,DEL-BOM,EaseMyTrip,AI,AI-531,2026-09-05,T+1,11186,2455,13641,2026-09-04T20:56:20.470Z,FALSE,"",19:20,FALSE
fare_DEL-BOM_6E_2026-09-05_T+1_1788556696006_axn4,DEL-BOM,EaseMyTrip,6E,6E-705,2026-09-05,T+1,12300,2700,15000,2026-09-04T20:56:20.470Z,FALSE,"",19:35,FALSE
fare_DEL-BOM_6E_2026-09-05_T+1_1788556696006_zdiu,DEL-BOM,EaseMyTrip,6E,6E-839,2026-09-05,T+1,12411,2724,15135,2026-09-04T20:56:20.470Z,FALSE,"",08:30,FALSE
fare_DEL-BOM_6E_2026-09-05_T+1_1788556696006_0tuz,DEL-BOM,EaseMyTrip,6E,6E-237,2026-09-05,T+1,12411,2724,15135,2026-09-04T20:56:20.470Z,FALSE,"",08:30,FALSE
fare_DEL-BOM_AI_2026-09-05_T+1_1788556696006_alm1,DEL-BOM,EaseMyTrip,AI,AI-1757,2026-09-05,T+1,12732,2795,15527,2026-09-04T20:56:20.470Z,FALSE,"",15:40,FALSE
fare_DEL-BOM_AI_2026-09-05_T+1_1788556696006_ofo3,DEL-BOM,EaseMyTrip,AI,AI-479,2026-09-05,T+1,14497,3182,17679,2026-09-04T20:56:20.470Z,FALSE,"",21:15,FALSE
fare_DEL-BOM_AI_2026-09-05_T+1_1788556696006_7847,DEL-BOM,EaseMyTrip,AI,AI-495,2026-09-05,T+1,14497,3182,17679,2026-09-04T20:56:20.470Z,FALSE,"",07:15,FALSE
fare_DEL-BOM_6E_2026-09-05_T+1_1788556696006_7yf6,DEL-BOM,EaseMyTrip,6E,6E-347,2026-09-05,T+1,17553,3853,21406,2026-09-04T20:56:20.470Z,TRUE,"High outlier: ₹21406 > upper fence ₹19385 (Q3: ₹11672, IQR: ₹5142)",12:15,FALSE
fare_DEL-BOM_6E_2026-09-05_T+1_1788556696006_9rxg,DEL-BOM,EaseMyTrip,6E,6E-651,2026-09-05,T+1,17553,3853,21406,2026-09-04T20:56:20.470Z,TRUE,"High outlier: ₹21406 > upper fence ₹19385 (Q3: ₹11672, IQR: ₹5142)",12:15,FALSE
fare_DEL-BOM_AI_2026-09-05_T+1_1788556696006_oh7l,DEL-BOM,EaseMyTrip,AI,AI-2483,2026-09-05,T+1,18662,4097,22759,2026-09-04T20:56:20.470Z,TRUE,"High outlier: ₹22759 > upper fence ₹19385 (Q3: ₹11672, IQR: ₹5142)",12:20,FALSE
fare_DEL-BOM_IX_2026-09-05_T+1_1788556696006_qw53,DEL-BOM,EaseMyTrip,IX,IX-5703,2026-09-05,T+1,25474,5592,31066,2026-09-04T20:56:20.470Z,TRUE,"High outlier: ₹31066 > upper fence ₹19385 (Q3: ₹11672, IQR: ₹5142)",12:30,FALSE
fare_DEL-BOM_IX_2026-10-04_T+30_1788556696007_mrdw,DEL-BOM,EaseMyTrip,IX,IX-1165,2026-10-04,T+30,5568,1222,6790,2026-09-04T20:56:39.422Z,FALSE,"",06:00,FALSE
fare_DEL-BOM_IX_2026-10-04_T+30_1788556696007_aox0,DEL-BOM,EaseMyTrip,IX,IX-1392,2026-10-04,T+30,5568,1222,6790,2026-09-04T20:56:39.422Z,FALSE,"",23:25,FALSE
fare_DEL-BOM_SG_2026-10-04_T+30_1788556696007_46od,DEL-BOM,EaseMyTrip,SG,SG-467,2026-10-04,T+30,5287,1160,6447,2026-09-04T20:56:39.422Z,FALSE,"",22:30,TRUE
fare_DEL-BOM_SG_2026-10-04_T+30_1788556696007_br9y,DEL-BOM,EaseMyTrip,SG,SG-971,2026-10-04,T+30,5287,1160,6447,2026-09-04T20:56:39.422Z,FALSE,"",22:30,TRUE
fare_DEL-BOM_IX_2026-10-04_T+30_1788556696007_dohx,DEL-BOM,EaseMyTrip,IX,IX-1235,2026-10-04,T+30,5354,1175,6529,2026-09-04T20:56:39.422Z,FALSE,"",23:25,TRUE
fare_DEL-BOM_IX_2026-10-04_T+30_1788556696007_0g18,DEL-BOM,EaseMyTrip,IX,IX-1463,2026-10-04,T+30,5354,1175,6529,2026-09-04T20:56:39.422Z,FALSE,"",11:15,TRUE
fare_DEL-BOM_IX_2026-10-04_T+30_1788556696007_3cc9,DEL-BOM,EaseMyTrip,IX,IX-1024,2026-10-04,T+30,5526,1213,6739,2026-09-04T20:56:39.422Z,FALSE,"",18:40,TRUE
fare_DEL-BOM_QP_2026-10-04_T+30_1788556696007_qatt,DEL-BOM,EaseMyTrip,QP,QP-2018,2026-10-04,T+30,5295,1162,6457,2026-09-04T20:56:39.422Z,FALSE,"",11:00,TRUE
fare_DEL-BOM_QP_2026-10-04_T+30_1788556696007_59vs,DEL-BOM,EaseMyTrip,QP,QP-2012,2026-10-04,T+30,5330,1170,6500,2026-09-04T20:56:39.422Z,FALSE,"",08:55,TRUE
fare_DEL-BOM_6E_2026-10-04_T+30_1788556696007_4e3m,DEL-BOM,EaseMyTrip,6E,6E-6470,2026-10-04,T+30,5354,1175,6529,2026-09-04T20:56:39.422Z,FALSE,"",06:55,TRUE
fare_DEL-BOM_QP_2026-10-04_T+30_1788556696007_dlz4,DEL-BOM,EaseMyTrip,QP,QP-1833,2026-10-04,T+30,5355,1175,6530,2026-09-04T20:56:39.422Z,FALSE,"",06:50,TRUE
fare_DEL-BOM_QP_2026-10-04_T+30_1788556696007_i4hl,DEL-BOM,EaseMyTrip,QP,QP-1110,2026-10-04,T+30,5355,1175,6530,2026-09-04T20:56:39.422Z,FALSE,"",10:00,TRUE
fare_DEL-BOM_QP_2026-10-04_T+30_1788556696007_s0n0,DEL-BOM,EaseMyTrip,QP,QP-1119,2026-10-04,T+30,5355,1175,6530,2026-09-04T20:56:39.422Z,FALSE,"",08:40,TRUE
fare_DEL-BOM_6E_2026-10-04_T+30_1788556696007_m2q0,DEL-BOM,EaseMyTrip,6E,6E-263,2026-10-04,T+30,5355,1175,6530,2026-09-04T20:56:39.422Z,FALSE,"",05:00,TRUE
fare_DEL-BOM_6E_2026-10-04_T+30_1788556696007_7p1i,DEL-BOM,EaseMyTrip,6E,6E-988,2026-10-04,T+30,5355,1175,6530,2026-09-04T20:56:39.422Z,FALSE,"",05:00,TRUE
fare_DEL-BOM_6E_2026-10-04_T+30_1788556696007_x5bn,DEL-BOM,EaseMyTrip,6E,6E-6114,2026-10-04,T+30,5355,1175,6530,2026-09-04T20:56:39.422Z,FALSE,"",22:45,TRUE
fare_DEL-BOM_6E_2026-10-04_T+30_1788556696007_072c,DEL-BOM,EaseMyTrip,6E,6E-6218,2026-10-04,T+30,5355,1175,6530,2026-09-04T20:56:39.422Z,FALSE,"",06:05,TRUE
fare_DEL-BOM_6E_2026-10-04_T+30_1788556696007_y17e,DEL-BOM,EaseMyTrip,6E,6E-574,2026-10-04,T+30,5355,1175,6530,2026-09-04T20:56:39.422Z,FALSE,"",08:00,TRUE
fare_DEL-BOM_6E_2026-10-04_T+30_1788556696007_h3cc,DEL-BOM,EaseMyTrip,6E,6E-215,2026-10-04,T+30,5355,1175,6530,2026-09-04T20:56:39.422Z,FALSE,"",08:00,TRUE
fare_DEL-BOM_6E_2026-10-04_T+30_1788556696007_yqub,DEL-BOM,EaseMyTrip,6E,6E-653,2026-10-04,T+30,5355,1175,6530,2026-09-04T20:56:39.422Z,FALSE,"",08:45,TRUE
fare_DEL-BOM_6E_2026-10-04_T+30_1788556696007_crgk,DEL-BOM,EaseMyTrip,6E,6E-355,2026-10-04,T+30,5355,1175,6530,2026-09-04T20:56:39.422Z,FALSE,"",08:45,TRUE
fare_DEL-BOM_6E_2026-10-04_T+30_1788556696007_mrum,DEL-BOM,EaseMyTrip,6E,6E-6814,2026-10-04,T+30,5355,1175,6530,2026-09-04T20:56:39.422Z,FALSE,"",07:15,TRUE
fare_DEL-BOM_6E_2026-10-04_T+30_1788556696007_w1ml,DEL-BOM,EaseMyTrip,6E,6E-6107,2026-10-04,T+30,5355,1175,6530,2026-09-04T20:56:39.422Z,FALSE,"",09:30,TRUE
fare_DEL-BOM_IX_2026-10-04_T+30_1788556696007_nhvg,DEL-BOM,EaseMyTrip,IX,IX-1056,2026-10-04,T+30,5656,1242,6898,2026-09-04T20:56:39.422Z,FALSE,"",17:50,TRUE
fare_DEL-BOM_IX_2026-10-04_T+30_1788556696007_1w9m,DEL-BOM,EaseMyTrip,IX,IX-1038,2026-10-04,T+30,5755,1263,7018,2026-09-04T20:56:39.422Z,FALSE,"",17:35,TRUE
fare_DEL-BOM_6E_2026-10-04_T+30_1788556696007_81ct,DEL-BOM,EaseMyTrip,6E,6E-6328,2026-10-04,T+30,5484,1204,6688,2026-09-04T20:56:39.422Z,FALSE,"",10:15,TRUE
fare_DEL-BOM_6E_2026-10-04_T+30_1788556696007_mbc4,DEL-BOM,EaseMyTrip,6E,6E-6676,2026-10-04,T+30,5484,1204,6688,2026-09-04T20:56:39.422Z,FALSE,"",12:00,TRUE
fare_DEL-BOM_6E_2026-10-04_T+30_1788556696007_zqnn,DEL-BOM,EaseMyTrip,6E,6E-962,2026-10-04,T+30,5484,1204,6688,2026-09-04T20:56:39.422Z,FALSE,"",13:00,TRUE
fare_DEL-BOM_6E_2026-10-04_T+30_1788556696007_f7pv,DEL-BOM,EaseMyTrip,6E,6E-647,2026-10-04,T+30,5484,1204,6688,2026-09-04T20:56:39.422Z,FALSE,"",13:00,TRUE
fare_DEL-BOM_AI_2026-10-04_T+30_1788556696007_ur48,DEL-BOM,EaseMyTrip,AI,AI-2975,2026-10-04,T+30,5740,1260,7000,2026-09-04T20:56:39.422Z,FALSE,"",06:30,TRUE
fare_DEL-BOM_AI_2026-10-04_T+30_1788556696007_rfig,DEL-BOM,EaseMyTrip,AI,AI-1745,2026-10-04,T+30,5740,1260,7000,2026-09-04T20:56:39.422Z,FALSE,"",05:00,TRUE
fare_DEL-BOM_AI_2026-10-04_T+30_1788556696007_z1j8,DEL-BOM,EaseMyTrip,AI,AI-2429,2026-10-04,T+30,5740,1260,7000,2026-09-04T20:56:39.422Z,FALSE,"",07:00,TRUE
fare_DEL-BOM_AI_2026-10-04_T+30_1788556696007_oy44,DEL-BOM,EaseMyTrip,AI,AI-1780,2026-10-04,T+30,5740,1260,7000,2026-09-04T20:56:39.422Z,FALSE,"",14:30,TRUE
fare_DEL-BOM_6E_2026-10-04_T+30_1788556696007_6e17,DEL-BOM,EaseMyTrip,6E,6E-637,2026-10-04,T+30,5656,1242,6898,2026-09-04T20:56:39.422Z,FALSE,"",21:45,TRUE
fare_DEL-BOM_6E_2026-10-04_T+30_1788556696007_lfpt,DEL-BOM,EaseMyTrip,6E,6E-665,2026-10-04,T+30,5656,1242,6898,2026-09-04T20:56:39.422Z,FALSE,"",21:45,TRUE
fare_DEL-BOM_6E_2026-10-04_T+30_1788556696007_lct9,DEL-BOM,EaseMyTrip,6E,6E-6022,2026-10-04,T+30,5656,1242,6898,2026-09-04T20:56:39.422Z,FALSE,"",14:00,TRUE
fare_DEL-BOM_6E_2026-10-04_T+30_1788556696007_oj0h,DEL-BOM,EaseMyTrip,6E,6E-6318,2026-10-04,T+30,5656,1242,6898,2026-09-04T20:56:39.422Z,FALSE,"",14:45,TRUE
fare_DEL-BOM_6E_2026-10-04_T+30_1788556696007_in5n,DEL-BOM,EaseMyTrip,6E,6E-6047,2026-10-04,T+30,5656,1242,6898,2026-09-04T20:56:39.422Z,FALSE,"",11:00,TRUE
fare_DEL-BOM_6E_2026-10-04_T+30_1788556696007_mswf,DEL-BOM,EaseMyTrip,6E,6E-424,2026-10-04,T+30,5698,1251,6949,2026-09-04T20:56:39.422Z,FALSE,"",20:20,TRUE
fare_DEL-BOM_6E_2026-10-04_T+30_1788556696007_kbuv,DEL-BOM,EaseMyTrip,6E,6E-795,2026-10-04,T+30,5698,1251,6949,2026-09-04T20:56:39.422Z,FALSE,"",20:20,TRUE
fare_DEL-BOM_AI_2026-10-04_T+30_1788556696007_tstw,DEL-BOM,EaseMyTrip,AI,AI-2678,2026-10-04,T+30,5870,1289,7159,2026-09-04T20:56:39.422Z,FALSE,"",08:30,TRUE
fare_DEL-BOM_AI_2026-10-04_T+30_1788556696007_ch7i,DEL-BOM,EaseMyTrip,AI,AI-2963,2026-10-04,T+30,5870,1289,7159,2026-09-04T20:56:39.422Z,FALSE,"",09:00,TRUE
fare_DEL-BOM_AI_2026-10-04_T+30_1788556696007_q4rp,DEL-BOM,EaseMyTrip,AI,AI-2425,2026-10-04,T+30,5870,1289,7159,2026-09-04T20:56:39.422Z,FALSE,"",10:30,TRUE
fare_DEL-BOM_AI_2026-10-04_T+30_1788556696007_4x33,DEL-BOM,EaseMyTrip,AI,AI-2951,2026-10-04,T+30,5870,1289,7159,2026-09-04T20:56:39.422Z,FALSE,"",13:30,TRUE
fare_DEL-BOM_AI_2026-10-04_T+30_1788556696007_dk84,DEL-BOM,EaseMyTrip,AI,AI-2995,2026-10-04,T+30,5870,1289,7159,2026-09-04T20:56:39.422Z,FALSE,"",10:00,TRUE
fare_DEL-BOM_AI_2026-10-04_T+30_1788556696007_gby4,DEL-BOM,EaseMyTrip,AI,AI-2927,2026-10-04,T+30,5870,1289,7159,2026-09-04T20:56:39.422Z,FALSE,"",09:30,TRUE
fare_DEL-BOM_AI_2026-10-04_T+30_1788556696007_wigl,DEL-BOM,EaseMyTrip,AI,AI-2943,2026-10-04,T+30,5882,1291,7173,2026-09-04T20:56:39.422Z,FALSE,"",07:30,TRUE
fare_DEL-BOM_SG_2026-10-04_T+30_1788556696007_1aok,DEL-BOM,EaseMyTrip,SG,SG-644,2026-10-04,T+30,6470,1420,7890,2026-09-04T20:56:39.422Z,FALSE,"",19:55,TRUE
fare_DEL-BOM_SG_2026-10-04_T+30_1788556696007_wz4e,DEL-BOM,EaseMyTrip,SG,SG-417,2026-10-04,T+30,6470,1420,7890,2026-09-04T20:56:39.422Z,FALSE,"",19:55,TRUE
fare_DEL-BOM_IX_2026-10-04_T+30_1788556696007_40ya,DEL-BOM,EaseMyTrip,IX,IX-1082,2026-10-04,T+30,6339,1391,7730,2026-09-04T20:56:39.422Z,FALSE,"",21:25,FALSE
fare_DEL-BOM_6E_2026-10-04_T+30_1788556696007_c590,DEL-BOM,EaseMyTrip,6E,6E-5119,2026-10-04,T+30,5802,1273,7075,2026-09-04T20:56:39.422Z,FALSE,"",05:10,FALSE
fare_DEL-BOM_6E_2026-10-04_T+30_1788556696007_8vl1,DEL-BOM,EaseMyTrip,6E,6E-6261,2026-10-04,T+30,5802,1273,7075,2026-09-04T20:56:39.422Z,FALSE,"",00:15,FALSE
fare_DEL-BOM_6E_2026-10-04_T+30_1788556696007_cqnk,DEL-BOM,EaseMyTrip,6E,6E-5014,2026-10-04,T+30,5838,1282,7120,2026-09-04T20:56:39.422Z,FALSE,"",18:30,FALSE
fare_DEL-BOM_6E_2026-10-04_T+30_1788556696007_le9w,DEL-BOM,EaseMyTrip,6E,6E-6171,2026-10-04,T+30,5838,1282,7120,2026-09-04T20:56:39.422Z,FALSE,"",05:40,FALSE
fare_DEL-BOM_6E_2026-10-04_T+30_1788556696007_fgvi,DEL-BOM,EaseMyTrip,6E,6E-2076,2026-10-04,T+30,5838,1282,7120,2026-09-04T20:56:39.422Z,FALSE,"",07:30,FALSE
fare_DEL-BOM_6E_2026-10-04_T+30_1788556696007_bvqa,DEL-BOM,EaseMyTrip,6E,6E-6983,2026-10-04,T+30,5838,1282,7120,2026-09-04T20:56:39.422Z,FALSE,"",15:35,FALSE
fare_DEL-BOM_6E_2026-10-04_T+30_1788556696007_2z2p,DEL-BOM,EaseMyTrip,6E,6E-743,2026-10-04,T+30,5838,1282,7120,2026-09-04T20:56:39.422Z,FALSE,"",19:30,FALSE
fare_DEL-BOM_6E_2026-10-04_T+30_1788556696007_wjgd,DEL-BOM,EaseMyTrip,6E,6E-362,2026-10-04,T+30,5838,1282,7120,2026-09-04T20:56:39.422Z,FALSE,"",19:30,FALSE
fare_DEL-BOM_AI_2026-10-04_T+30_1788556696007_dzk5,DEL-BOM,EaseMyTrip,AI,AI-1785,2026-10-04,T+30,6016,1321,7337,2026-09-04T20:56:39.422Z,FALSE,"",12:00,TRUE
fare_DEL-BOM_QP_2026-10-04_T+30_1788556696007_2wns,DEL-BOM,EaseMyTrip,QP,QP-1820,2026-10-04,T+30,5861,1286,7147,2026-09-04T20:56:39.422Z,FALSE,"",17:30,TRUE
fare_DEL-BOM_6E_2026-10-04_T+30_1788556696007_nfvw,DEL-BOM,EaseMyTrip,6E,6E-409,2026-10-04,T+30,5871,1289,7160,2026-09-04T20:56:39.422Z,FALSE,"",23:30,TRUE
fare_DEL-BOM_6E_2026-10-04_T+30_1788556696007_slw7,DEL-BOM,EaseMyTrip,6E,6E-393,2026-10-04,T+30,5871,1289,7160,2026-09-04T20:56:39.422Z,FALSE,"",23:30,TRUE
fare_DEL-BOM_6E_2026-10-04_T+30_1788556696007_a203,DEL-BOM,EaseMyTrip,6E,6E-437,2026-10-04,T+30,5871,1289,7160,2026-09-04T20:56:39.422Z,FALSE,"",18:00,TRUE
fare_DEL-BOM_6E_2026-10-04_T+30_1788556696007_4cak,DEL-BOM,EaseMyTrip,6E,6E-572,2026-10-04,T+30,5871,1289,7160,2026-09-04T20:56:39.422Z,FALSE,"",18:00,TRUE
fare_DEL-BOM_AI_2026-10-04_T+30_1788556696007_qybh,DEL-BOM,EaseMyTrip,AI,AI-2945,2026-10-04,T+30,6043,1326,7369,2026-09-04T20:56:39.422Z,FALSE,"",11:00,TRUE
fare_DEL-BOM_AI_2026-10-04_T+30_1788556696007_75rh,DEL-BOM,EaseMyTrip,AI,AI-2441,2026-10-04,T+30,6043,1326,7369,2026-09-04T20:56:39.422Z,FALSE,"",14:10,TRUE
fare_DEL-BOM_AI_2026-10-04_T+30_1788556696007_08hg,DEL-BOM,EaseMyTrip,AI,AI-441,2026-10-04,T+30,6043,1326,7369,2026-09-04T20:56:39.422Z,FALSE,"",17:00,TRUE
fare_DEL-BOM_AI_2026-10-04_T+30_1788556696007_lgn4,DEL-BOM,EaseMyTrip,AI,AI-2985,2026-10-04,T+30,6043,1326,7369,2026-09-04T20:56:39.422Z,FALSE,"",19:30,TRUE
fare_DEL-BOM_AI_2026-10-04_T+30_1788556696007_mchv,DEL-BOM,EaseMyTrip,AI,AI-2805,2026-10-04,T+30,6043,1326,7369,2026-09-04T20:56:39.422Z,FALSE,"",20:00,TRUE
fare_DEL-BOM_AI_2026-10-04_T+30_1788556696007_19ld,DEL-BOM,EaseMyTrip,AI,AI-2433,2026-10-04,T+30,6043,1326,7369,2026-09-04T20:56:39.422Z,FALSE,"",21:30,TRUE
fare_DEL-BOM_AI_2026-10-04_T+30_1788556696007_xgas,DEL-BOM,EaseMyTrip,AI,AI-2957,2026-10-04,T+30,6043,1326,7369,2026-09-04T20:56:39.422Z,FALSE,"",20:30,TRUE
fare_DEL-BOM_6E_2026-10-04_T+30_1788556696007_dvns,DEL-BOM,EaseMyTrip,6E,6E-6490,2026-10-04,T+30,5910,1297,7207,2026-09-04T20:56:39.422Z,FALSE,"",04:55,FALSE
fare_DEL-BOM_6E_2026-10-04_T+30_1788556696007_vnpo,DEL-BOM,EaseMyTrip,6E,6E-2249,2026-10-04,T+30,5910,1297,7207,2026-09-04T20:56:39.422Z,FALSE,"",15:00,FALSE
fare_DEL-BOM_6E_2026-10-04_T+30_1788556696007_wc5y,DEL-BOM,EaseMyTrip,6E,6E-2169,2026-10-04,T+30,5947,1305,7252,2026-09-04T20:56:39.422Z,FALSE,"",19:20,FALSE
fare_DEL-BOM_6E_2026-10-04_T+30_1788556696007_b9tr,DEL-BOM,EaseMyTrip,6E,6E-5138,2026-10-04,T+30,5947,1305,7252,2026-09-04T20:56:39.422Z,FALSE,"",19:10,FALSE
fare_DEL-BOM_6E_2026-10-04_T+30_1788556696007_mz0r,DEL-BOM,EaseMyTrip,6E,6E-6459,2026-10-04,T+30,5947,1305,7252,2026-09-04T20:56:39.422Z,FALSE,"",05:55,FALSE
fare_DEL-BOM_AI_2026-10-04_T+30_1788556696007_7d4k,DEL-BOM,EaseMyTrip,AI,AI-2439,2026-10-04,T+30,6114,1342,7456,2026-09-04T20:56:39.422Z,FALSE,"",23:00,TRUE
fare_DEL-BOM_6E_2026-10-04_T+30_1788556696007_kz8b,DEL-BOM,EaseMyTrip,6E,6E-6479,2026-10-04,T+30,6011,1319,7330,2026-09-04T20:56:39.422Z,FALSE,"",21:25,FALSE
fare_DEL-BOM_6E_2026-10-04_T+30_1788556696007_i93l,DEL-BOM,EaseMyTrip,6E,6E-2113,2026-10-04,T+30,6011,1319,7330,2026-09-04T20:56:39.422Z,FALSE,"",13:20,FALSE
fare_DEL-BOM_6E_2026-10-04_T+30_1788556696007_e6b2,DEL-BOM,EaseMyTrip,6E,6E-5038,2026-10-04,T+30,6011,1319,7330,2026-09-04T20:56:39.422Z,FALSE,"",14:00,FALSE
fare_DEL-BOM_AI_2026-10-04_T+30_1788556696007_ntx6,DEL-BOM,EaseMyTrip,AI,AI-2981,2026-10-04,T+30,6193,1360,7553,2026-09-04T20:56:39.422Z,FALSE,"",21:00,TRUE
fare_DEL-BOM_AI_2026-10-04_T+30_1788556696007_5nuy,DEL-BOM,EaseMyTrip,AI,AI-1777,2026-10-04,T+30,6243,1371,7614,2026-09-04T20:56:39.422Z,FALSE,"",16:00,TRUE
fare_DEL-BOM_6E_2026-10-04_T+30_1788556696007_rjt1,DEL-BOM,EaseMyTrip,6E,6E-201,2026-10-04,T+30,6119,1343,7462,2026-09-04T20:56:39.422Z,FALSE,"",17:55,FALSE
fare_DEL-BOM_6E_2026-10-04_T+30_1788556696007_3p9j,DEL-BOM,EaseMyTrip,6E,6E-6282,2026-10-04,T+30,6119,1343,7462,2026-09-04T20:56:39.422Z,FALSE,"",13:30,FALSE
fare_DEL-BOM_6E_2026-10-04_T+30_1788556696007_moa4,DEL-BOM,EaseMyTrip,6E,6E-406,2026-10-04,T+30,6119,1343,7462,2026-09-04T20:56:39.422Z,FALSE,"",02:25,FALSE
fare_DEL-BOM_6E_2026-10-04_T+30_1788556696007_navg,DEL-BOM,EaseMyTrip,6E,6E-449,2026-10-04,T+30,6119,1343,7462,2026-09-04T20:56:39.422Z,FALSE,"",02:25,FALSE
fare_DEL-BOM_6E_2026-10-04_T+30_1788556696007_cz3k,DEL-BOM,EaseMyTrip,6E,6E-6026,2026-10-04,T+30,6119,1343,7462,2026-09-04T20:56:39.422Z,FALSE,"",05:30,FALSE
fare_DEL-BOM_6E_2026-10-04_T+30_1788556696007_9uiv,DEL-BOM,EaseMyTrip,6E,6E-410,2026-10-04,T+30,6119,1343,7462,2026-09-04T20:56:39.422Z,FALSE,"",08:30,FALSE
fare_DEL-BOM_6E_2026-10-04_T+30_1788556696007_7gy4,DEL-BOM,EaseMyTrip,6E,6E-216,2026-10-04,T+30,6130,1345,7475,2026-09-04T20:56:39.422Z,FALSE,"",20:00,TRUE
fare_DEL-BOM_6E_2026-10-04_T+30_1788556696007_2s7a,DEL-BOM,EaseMyTrip,6E,6E-994,2026-10-04,T+30,6130,1345,7475,2026-09-04T20:56:39.422Z,FALSE,"",20:00,TRUE
fare_DEL-BOM_6E_2026-10-04_T+30_1788556696007_2tyc,DEL-BOM,EaseMyTrip,6E,6E-759,2026-10-04,T+30,6130,1345,7475,2026-09-04T20:56:39.422Z,FALSE,"",19:00,TRUE
fare_DEL-BOM_6E_2026-10-04_T+30_1788556696007_7vn2,DEL-BOM,EaseMyTrip,6E,6E-474,2026-10-04,T+30,6130,1345,7475,2026-09-04T20:56:39.422Z,FALSE,"",19:00,TRUE
fare_DEL-BOM_6E_2026-10-04_T+30_1788556696007_irvi,DEL-BOM,EaseMyTrip,6E,6E-273,2026-10-04,T+30,6130,1345,7475,2026-09-04T20:56:39.422Z,FALSE,"",16:15,TRUE
fare_DEL-BOM_6E_2026-10-04_T+30_1788556696007_9mil,DEL-BOM,EaseMyTrip,6E,6E-303,2026-10-04,T+30,6130,1345,7475,2026-09-04T20:56:39.422Z,FALSE,"",16:15,TRUE
fare_DEL-BOM_QP_2026-10-04_T+30_1788556696007_xq6k,DEL-BOM,EaseMyTrip,QP,QP-1826,2026-10-04,T+30,6188,1358,7546,2026-09-04T20:56:39.422Z,FALSE,"",19:55,TRUE
fare_DEL-BOM_6E_2026-10-04_T+30_1788556696007_4yn5,DEL-BOM,EaseMyTrip,6E,6E-2341,2026-10-04,T+30,6250,1372,7622,2026-09-04T20:56:39.422Z,FALSE,"",14:50,FALSE
fare_DEL-BOM_6E_2026-10-04_T+30_1788556696007_hmgf,DEL-BOM,EaseMyTrip,6E,6E-2331,2026-10-04,T+30,6250,1372,7622,2026-09-04T20:56:39.422Z,FALSE,"",12:20,FALSE
fare_DEL-BOM_6E_2026-10-04_T+30_1788556696007_jmof,DEL-BOM,EaseMyTrip,6E,6E-6190,2026-10-04,T+30,6250,1372,7622,2026-09-04T20:56:39.422Z,FALSE,"",07:40,FALSE
fare_DEL-BOM_IX_2026-10-04_T+30_1788556696007_99ku,DEL-BOM,EaseMyTrip,IX,IX-1049,2026-10-04,T+30,6831,1499,8330,2026-09-04T20:56:39.422Z,FALSE,"",18:40,FALSE
fare_DEL-BOM_QP_2026-10-04_T+30_1788556696007_9ybx,DEL-BOM,EaseMyTrip,QP,QP-1128,2026-10-04,T+30,6303,1383,7686,2026-09-04T20:56:39.422Z,FALSE,"",16:00,TRUE
fare_DEL-BOM_6E_2026-10-04_T+30_1788556696007_o5dz,DEL-BOM,EaseMyTrip,6E,6E-6706,2026-10-04,T+30,6388,1402,7790,2026-09-04T20:56:39.422Z,FALSE,"",17:00,TRUE
fare_DEL-BOM_6E_2026-10-04_T+30_1788556696007_xgg1,DEL-BOM,EaseMyTrip,6E,6E-311,2026-10-04,T+30,6388,1402,7790,2026-09-04T20:56:39.422Z,FALSE,"",15:30,TRUE
fare_DEL-BOM_6E_2026-10-04_T+30_1788556696007_ikm5,DEL-BOM,EaseMyTrip,6E,6E-129,2026-10-04,T+30,6388,1402,7790,2026-09-04T20:56:39.422Z,FALSE,"",15:30,TRUE
fare_DEL-BOM_6E_2026-10-04_T+30_1788556696007_tict,DEL-BOM,EaseMyTrip,6E,6E-701,2026-10-04,T+30,6388,1402,7790,2026-09-04T20:56:39.422Z,FALSE,"",20:45,TRUE
fare_DEL-BOM_6E_2026-10-04_T+30_1788556696007_nexs,DEL-BOM,EaseMyTrip,6E,6E-307,2026-10-04,T+30,6388,1402,7790,2026-09-04T20:56:39.422Z,FALSE,"",20:45,TRUE
fare_DEL-BOM_AI_2026-10-04_T+30_1788556696007_ej74,DEL-BOM,EaseMyTrip,AI,AI-2955,2026-10-04,T+30,6648,1459,8107,2026-09-04T20:56:39.422Z,FALSE,"",18:00,TRUE
fare_DEL-BOM_6E_2026-10-04_T+30_1788556696007_zpxj,DEL-BOM,EaseMyTrip,6E,6E-7653,2026-10-04,T+30,6708,1472,8180,2026-09-04T20:56:39.422Z,FALSE,"",17:20,FALSE
fare_DEL-BOM_IX_2026-10-04_T+30_1788556696007_0z4s,DEL-BOM,EaseMyTrip,IX,IX-1817,2026-10-04,T+30,7486,1643,9129,2026-09-04T20:56:39.422Z,FALSE,"",19:30,FALSE
fare_DEL-BOM_6E_2026-10-04_T+30_1788556696007_vm57,DEL-BOM,EaseMyTrip,6E,6E-207,2026-10-04,T+30,7283,1599,8882,2026-09-04T20:56:39.422Z,FALSE,"",14:50,FALSE
fare_DEL-BOM_6E_2026-10-04_T+30_1788556696007_cjon,DEL-BOM,EaseMyTrip,6E,6E-838,2026-10-04,T+30,7283,1599,8882,2026-09-04T20:56:39.422Z,FALSE,"",14:50,FALSE
fare_DEL-BOM_6E_2026-10-04_T+30_1788556696007_b7lq,DEL-BOM,EaseMyTrip,6E,6E-6443,2026-10-04,T+30,7503,1647,9150,2026-09-04T20:56:39.422Z,FALSE,"",09:00,FALSE
fare_DEL-BOM_IX_2026-10-04_T+30_1788556696007_60tw,DEL-BOM,EaseMyTrip,IX,IX-2749,2026-10-04,T+30,8434,1851,10285,2026-09-04T20:56:39.422Z,FALSE,"",10:25,FALSE
fare_DEL-BOM_6E_2026-10-04_T+30_1788556696007_33vd,DEL-BOM,EaseMyTrip,6E,6E-685,2026-10-04,T+30,7740,1699,9439,2026-09-04T20:56:39.422Z,FALSE,"",12:10,FALSE
fare_DEL-BOM_6E_2026-10-04_T+30_1788556696007_kuvl,DEL-BOM,EaseMyTrip,6E,6E-2349,2026-10-04,T+30,7965,1748,9713,2026-09-04T20:56:39.422Z,FALSE,"",10:55,FALSE
fare_DEL-BOM_6E_2026-10-04_T+30_1788556696007_yama,DEL-BOM,EaseMyTrip,6E,6E-5073,2026-10-04,T+30,8020,1760,9780,2026-09-04T20:56:39.422Z,FALSE,"",17:05,FALSE
fare_DEL-BOM_6E_2026-10-04_T+30_1788556696007_2lq3,DEL-BOM,EaseMyTrip,6E,6E-7642,2026-10-04,T+30,8426,1849,10275,2026-09-04T20:56:39.422Z,FALSE,"",15:45,FALSE
fare_DEL-BOM_AI_2026-10-04_T+30_1788556696007_p24l,DEL-BOM,EaseMyTrip,AI,AI-2499,2026-10-04,T+30,8603,1888,10491,2026-09-04T20:56:39.422Z,FALSE,"",06:00,FALSE
fare_DEL-BOM_AI_2026-10-04_T+30_1788556696007_byqf,DEL-BOM,EaseMyTrip,AI,AI-2569,2026-10-04,T+30,8603,1888,10491,2026-09-04T20:56:39.422Z,FALSE,"",20:30,FALSE
fare_DEL-BOM_AI_2026-10-04_T+30_1788556696007_h40c,DEL-BOM,EaseMyTrip,AI,AI-1710,2026-10-04,T+30,8603,1888,10491,2026-09-04T20:56:39.422Z,FALSE,"",18:35,FALSE
fare_DEL-BOM_AI_2026-10-04_T+30_1788556696007_xd1m,DEL-BOM,EaseMyTrip,AI,AI-1717,2026-10-04,T+30,8603,1888,10491,2026-09-04T20:56:39.422Z,FALSE,"",14:20,FALSE
fare_DEL-BOM_AI_2026-10-04_T+30_1788556696007_54dh,DEL-BOM,EaseMyTrip,AI,AI-2933,2026-10-04,T+30,8744,1919,10663,2026-09-04T20:56:39.422Z,FALSE,"",15:30,TRUE
fare_DEL-BOM_6E_2026-10-04_T+30_1788556696007_ux8l,DEL-BOM,EaseMyTrip,6E,6E-6433,2026-10-04,T+30,8814,1935,10749,2026-09-04T20:56:39.422Z,FALSE,"",16:30,FALSE
fare_DEL-BOM_6E_2026-10-04_T+30_1788556696007_jz4d,DEL-BOM,EaseMyTrip,6E,6E-2013,2026-10-04,T+30,8899,1953,10852,2026-09-04T20:56:39.422Z,FALSE,"",21:50,FALSE
fare_DEL-BOM_6E_2026-10-04_T+30_1788556696007_36je,DEL-BOM,EaseMyTrip,6E,6E-7646,2026-10-04,T+30,8904,1955,10859,2026-09-04T20:56:39.422Z,FALSE,"",06:15,FALSE
fare_DEL-BOM_6E_2026-10-04_T+30_1788556696007_ha54,DEL-BOM,EaseMyTrip,6E,6E-5198,2026-10-04,T+30,9086,1995,11081,2026-09-04T20:56:39.422Z,FALSE,"",15:00,TRUE
fare_DEL-BOM_6E_2026-10-04_T+30_1788556696007_fmd2,DEL-BOM,EaseMyTrip,6E,6E-970,2026-10-04,T+30,9634,2115,11749,2026-09-04T20:56:39.422Z,FALSE,"",16:10,FALSE
fare_DEL-BOM_6E_2026-10-04_T+30_1788556696007_w9si,DEL-BOM,EaseMyTrip,6E,6E-259,2026-10-04,T+30,9634,2115,11749,2026-09-04T20:56:39.422Z,FALSE,"",16:10,FALSE
fare_DEL-BOM_AI_2026-10-04_T+30_1788556696007_ibjn,DEL-BOM,EaseMyTrip,AI,AI-2509,2026-10-04,T+30,9927,2179,12106,2026-09-04T20:56:39.422Z,FALSE,"",07:00,FALSE
fare_DEL-BOM_AI_2026-10-04_T+30_1788556696007_x2om,DEL-BOM,EaseMyTrip,AI,AI-1705,2026-10-04,T+30,9994,2194,12188,2026-09-04T20:56:39.422Z,FALSE,"",06:30,FALSE
fare_DEL-BOM_IX_2026-10-04_T+30_1788556696007_8hgs,DEL-BOM,EaseMyTrip,IX,IX-1070,2026-10-04,T+30,10293,2259,12552,2026-09-04T20:56:39.422Z,FALSE,"",21:15,FALSE
fare_DEL-BOM_IX_2026-10-04_T+30_1788556696007_7862,DEL-BOM,EaseMyTrip,IX,IX-5975,2026-10-04,T+30,10293,2259,12552,2026-09-04T20:56:39.422Z,FALSE,"",21:00,FALSE
fare_DEL-BOM_AI_2026-10-04_T+30_1788556696007_xtkv,DEL-BOM,EaseMyTrip,AI,AI-9757,2026-10-04,T+30,10066,2210,12276,2026-09-04T20:56:39.422Z,FALSE,"",11:50,FALSE
fare_DEL-BOM_AI_2026-10-04_T+30_1788556696007_qz5n,DEL-BOM,EaseMyTrip,AI,AI-9759,2026-10-04,T+30,10066,2210,12276,2026-09-04T20:56:39.422Z,FALSE,"",06:00,FALSE
fare_DEL-BOM_IX_2026-10-04_T+30_1788556696007_cshh,DEL-BOM,EaseMyTrip,IX,IX-1812,2026-10-04,T+30,11012,2417,13429,2026-09-04T20:56:39.422Z,FALSE,"",11:15,FALSE
fare_DEL-BOM_IX_2026-10-04_T+30_1788556696007_gidu,DEL-BOM,EaseMyTrip,IX,IX-1815,2026-10-04,T+30,11012,2417,13429,2026-09-04T20:56:39.422Z,FALSE,"",19:05,FALSE
fare_DEL-BOM_6E_2026-10-04_T+30_1788556696007_hdnd,DEL-BOM,EaseMyTrip,6E,6E-986,2026-10-04,T+30,10751,2360,13111,2026-09-04T20:56:39.422Z,FALSE,"",23:15,FALSE
fare_DEL-BOM_6E_2026-10-04_T+30_1788556696007_xmdw,DEL-BOM,EaseMyTrip,6E,6E-196,2026-10-04,T+30,10751,2360,13111,2026-09-04T20:56:39.422Z,FALSE,"",23:15,FALSE
fare_DEL-BOM_AI_2026-10-04_T+30_1788556696007_acb2,DEL-BOM,EaseMyTrip,AI,AI-2715,2026-10-04,T+30,11186,2455,13641,2026-09-04T20:56:39.422Z,FALSE,"",11:40,FALSE
fare_DEL-BOM_AI_2026-10-04_T+30_1788556696007_dqgf,DEL-BOM,EaseMyTrip,AI,AI-2909,2026-10-04,T+30,11186,2455,13641,2026-09-04T20:56:39.422Z,FALSE,"",22:30,FALSE
fare_DEL-BOM_AI_2026-10-04_T+30_1788556696007_vgiu,DEL-BOM,EaseMyTrip,AI,AI-2939,2026-10-04,T+30,11186,2455,13641,2026-09-04T20:56:39.422Z,FALSE,"",16:40,FALSE
fare_DEL-BOM_AI_2026-10-04_T+30_1788556696007_91eo,DEL-BOM,EaseMyTrip,AI,AI-9418,2026-10-04,T+30,11407,2504,13911,2026-09-04T20:56:39.422Z,FALSE,"",13:10,FALSE
fare_DEL-BOM_AI_2026-10-04_T+30_1788556696007_ltwg,DEL-BOM,EaseMyTrip,AI,AI-809,2026-10-04,T+30,11463,2516,13979,2026-09-04T20:56:39.422Z,FALSE,"",17:40,FALSE
fare_DEL-BOM_AI_2026-10-04_T+30_1788556696007_2ss9,DEL-BOM,EaseMyTrip,AI,AI-2545,2026-10-04,T+30,11463,2516,13979,2026-09-04T20:56:39.422Z,FALSE,"",20:30,FALSE
fare_DEL-BOM_AI_2026-10-04_T+30_1788556696007_diwi,DEL-BOM,EaseMyTrip,AI,AI-531,2026-10-04,T+30,11463,2516,13979,2026-09-04T20:56:39.422Z,FALSE,"",19:20,FALSE
fare_DEL-BOM_IX_2026-10-04_T+30_1788556696007_upr9,DEL-BOM,EaseMyTrip,IX,IX-1068,2026-10-04,T+30,12242,2687,14929,2026-09-04T20:56:39.422Z,FALSE,"",11:55,FALSE
fare_DEL-BOM_IX_2026-10-04_T+30_1788556696007_eh58,DEL-BOM,EaseMyTrip,IX,IX-1108,2026-10-04,T+30,12242,2687,14929,2026-09-04T20:56:39.422Z,FALSE,"",05:00,FALSE
fare_DEL-BOM_6E_2026-10-04_T+30_1788556696007_62dr,DEL-BOM,EaseMyTrip,6E,6E-6601,2026-10-04,T+30,12462,2735,15197,2026-09-04T20:56:39.422Z,FALSE,"",19:45,FALSE
fare_DEL-BOM_AI_2026-10-04_T+30_1788556696007_nzqm,DEL-BOM,EaseMyTrip,AI,AI-9584,2026-10-04,T+30,13117,2879,15996,2026-09-04T20:56:39.422Z,FALSE,"",11:15,FALSE
fare_DEL-BOM_AI_2026-10-04_T+30_1788556696007_az6r,DEL-BOM,EaseMyTrip,AI,AI-1743,2026-10-04,T+30,13285,2916,16201,2026-09-04T20:56:39.422Z,FALSE,"",06:15,FALSE
fare_DEL-BOM_AI_2026-10-04_T+30_1788556696007_rtj2,DEL-BOM,EaseMyTrip,AI,AI-2601,2026-10-04,T+30,13285,2916,16201,2026-09-04T20:56:39.422Z,FALSE,"",17:00,FALSE
fare_DEL-BOM_6E_2026-10-04_T+30_1788556696007_i6kk,DEL-BOM,EaseMyTrip,6E,6E-6212,2026-10-04,T+30,13592,2983,16575,2026-09-04T20:56:39.422Z,FALSE,"",14:45,FALSE
fare_DEL-BOM_6E_2026-10-04_T+30_1788556696007_f2u1,DEL-BOM,EaseMyTrip,6E,6E-366,2026-10-04,T+30,14138,3104,17242,2026-09-04T20:56:39.422Z,FALSE,"",19:30,FALSE
fare_DEL-BOM_6E_2026-10-04_T+30_1788556696007_br5r,DEL-BOM,EaseMyTrip,6E,6E-261,2026-10-04,T+30,14138,3104,17242,2026-09-04T20:56:39.422Z,FALSE,"",19:30,FALSE
fare_DEL-BOM_6E_2026-10-04_T+30_1788556696007_xtw8,DEL-BOM,EaseMyTrip,6E,6E-6829,2026-10-04,T+30,14522,3188,17710,2026-09-04T20:56:39.422Z,FALSE,"",17:20,FALSE
fare_DEL-BOM_6E_2026-10-04_T+30_1788556696007_wvlo,DEL-BOM,EaseMyTrip,6E,6E-5298,2026-10-04,T+30,14696,3226,17922,2026-09-04T20:56:39.422Z,FALSE,"",09:00,FALSE
fare_DEL-BOM_IX_2026-10-04_T+30_1788556696007_uwmy,DEL-BOM,EaseMyTrip,IX,IX-1064,2026-10-04,T+30,15599,3424,19023,2026-09-04T20:56:39.422Z,FALSE,"",19:10,FALSE
fare_DEL-BOM_QP_2026-10-04_T+30_1788556696007_vg0c,DEL-BOM,EaseMyTrip,QP,QP-1822,2026-10-04,T+30,15626,3430,19056,2026-09-04T20:56:39.422Z,FALSE,"",16:40,FALSE
fare_DEL-BOM_AI_2026-10-04_T+30_1788556696007_3vn7,DEL-BOM,EaseMyTrip,AI,AI-2577,2026-10-04,T+30,16071,3528,19599,2026-09-04T20:56:39.422Z,FALSE,"",02:00,FALSE
fare_DEL-BOM_AI_2026-10-04_T+30_1788556696007_osmf,DEL-BOM,EaseMyTrip,AI,AI-2859,2026-10-04,T+30,16361,3592,19953,2026-09-04T20:56:39.422Z,FALSE,"",10:30,FALSE
fare_DEL-BOM_AI_2026-10-04_T+30_1788556696007_jysa,DEL-BOM,EaseMyTrip,AI,AI-2465,2026-10-04,T+30,16686,3663,20349,2026-09-04T20:56:39.422Z,FALSE,"",14:30,FALSE
fare_DEL-BOM_AI_2026-10-04_T+30_1788556696007_tb5w,DEL-BOM,EaseMyTrip,AI,AI-2761,2026-10-04,T+30,17445,3829,21274,2026-09-04T20:56:39.422Z,TRUE,"High outlier: ₹21274 > upper fence ₹20355 (Q3: ₹12414, IQR: ₹5294)",16:25,FALSE
fare_DEL-BOM_IX_2026-10-04_T+30_1788556696007_rijn,DEL-BOM,EaseMyTrip,IX,IX-1081,2026-10-04,T+30,18237,4003,22240,2026-09-04T20:56:39.422Z,TRUE,"High outlier: ₹22240 > upper fence ₹20355 (Q3: ₹12414, IQR: ₹5294)",15:25,FALSE
fare_DEL-BOM_IX_2026-10-04_T+30_1788556696007_65bg,DEL-BOM,EaseMyTrip,IX,IX-1273,2026-10-04,T+30,18237,4003,22240,2026-09-04T20:56:39.422Z,TRUE,"High outlier: ₹22240 > upper fence ₹20355 (Q3: ₹12414, IQR: ₹5294)",12:05,FALSE
fare_DEL-BOM_IX_2026-10-04_T+30_1788556696007_164q,DEL-BOM,EaseMyTrip,IX,IX-1076,2026-10-04,T+30,18237,4003,22240,2026-09-04T20:56:39.422Z,TRUE,"High outlier: ₹22240 > upper fence ₹20355 (Q3: ₹12414, IQR: ₹5294)",09:00,FALSE
fare_DEL-BOM_IX_2026-10-04_T+30_1788556696007_82i1,DEL-BOM,EaseMyTrip,IX,IX-1067,2026-10-04,T+30,18237,4003,22240,2026-09-04T20:56:39.422Z,TRUE,"High outlier: ₹22240 > upper fence ₹20355 (Q3: ₹12414, IQR: ₹5294)",06:10,FALSE
fare_DEL-BOM_AI_2026-10-04_T+30_1788556696007_pvbb,DEL-BOM,EaseMyTrip,AI,AI-1703,2026-10-04,T+30,17891,3927,21818,2026-09-04T20:56:39.422Z,TRUE,"High outlier: ₹21818 > upper fence ₹20355 (Q3: ₹12414, IQR: ₹5294)",05:10,FALSE
fare_DEL-BOM_IX_2026-10-04_T+30_1788556696007_9juj,DEL-BOM,EaseMyTrip,IX,IX-1811,2026-10-04,T+30,19199,4215,23414,2026-09-04T20:56:39.422Z,TRUE,"High outlier: ₹23414 > upper fence ₹20355 (Q3: ₹12414, IQR: ₹5294)",06:50,FALSE
fare_DEL-BOM_IX_2026-10-04_T+30_1788556696007_98vk,DEL-BOM,EaseMyTrip,IX,IX-1057,2026-10-04,T+30,19326,4242,23568,2026-09-04T20:56:39.422Z,TRUE,"High outlier: ₹23568 > upper fence ₹20355 (Q3: ₹12414, IQR: ₹5294)",06:20,FALSE
fare_DEL-BOM_IX_2026-10-04_T+30_1788556696007_5094,DEL-BOM,EaseMyTrip,IX,IX-1059,2026-10-04,T+30,19842,4356,24198,2026-09-04T20:56:39.422Z,TRUE,"High outlier: ₹24198 > upper fence ₹20355 (Q3: ₹12414, IQR: ₹5294)",12:15,FALSE
fare_DEL-BOM_IX_2026-10-04_T+30_1788556696007_vsci,DEL-BOM,EaseMyTrip,IX,IX-1783,2026-10-04,T+30,19842,4356,24198,2026-09-04T20:56:39.422Z,TRUE,"High outlier: ₹24198 > upper fence ₹20355 (Q3: ₹12414, IQR: ₹5294)",07:20,FALSE
fare_DEL-BOM_AI_2026-10-04_T+30_1788556696007_vg94,DEL-BOM,EaseMyTrip,AI,AI-427,2026-10-04,T+30,20078,4407,24485,2026-09-04T20:56:39.422Z,TRUE,"High outlier: ₹24485 > upper fence ₹20355 (Q3: ₹12414, IQR: ₹5294)",08:30,FALSE
fare_DEL-BOM_AI_2026-10-04_T+30_1788556696007_kj28,DEL-BOM,EaseMyTrip,AI,AI-1773,2026-10-04,T+30,20199,4434,24633,2026-09-04T20:56:39.422Z,TRUE,"High outlier: ₹24633 > upper fence ₹20355 (Q3: ₹12414, IQR: ₹5294)",10:30,FALSE
fare_DEL-BOM_AI_2026-10-04_T+30_1788556696007_i2qc,DEL-BOM,EaseMyTrip,AI,AI-1739,2026-10-04,T+30,25397,5575,30972,2026-09-04T20:56:39.422Z,TRUE,"High outlier: ₹30972 > upper fence ₹20355 (Q3: ₹12414, IQR: ₹5294)",11:30,FALSE
fare_DEL-BOM_AI_2026-10-04_T+30_1788556696007_z2tg,DEL-BOM,EaseMyTrip,AI,AI-2483,2026-10-04,T+30,26304,5774,32078,2026-09-04T20:56:39.422Z,TRUE,"High outlier: ₹32078 > upper fence ₹20355 (Q3: ₹12414, IQR: ₹5294)",12:20,FALSE
fare_DEL-BOM_AI_2026-10-04_T+30_1788556696007_tmt4,DEL-BOM,EaseMyTrip,AI,AI-1779,2026-10-04,T+30,27823,6107,33930,2026-09-04T20:56:39.422Z,TRUE,"High outlier: ₹33930 > upper fence ₹20355 (Q3: ₹12414, IQR: ₹5294)",13:45,FALSE
fare_DEL-BOM_IX_2026-10-19_T+45_1788556696008_bw98,DEL-BOM,EaseMyTrip,IX,IX-1165,2026-10-19,T+45,5354,1175,6529,2026-09-04T20:56:45.685Z,FALSE,"",06:00,FALSE
fare_DEL-BOM_IX_2026-10-19_T+45_1788556696008_716d,DEL-BOM,EaseMyTrip,IX,IX-1392,2026-10-19,T+45,5354,1175,6529,2026-09-04T20:56:45.685Z,FALSE,"",23:25,FALSE
fare_DEL-BOM_IX_2026-10-19_T+45_1788556696008_d8qc,DEL-BOM,EaseMyTrip,IX,IX-1056,2026-10-19,T+45,5354,1175,6529,2026-09-04T20:56:45.685Z,FALSE,"",17:50,TRUE
fare_DEL-BOM_IX_2026-10-19_T+45_1788556696008_4a5z,DEL-BOM,EaseMyTrip,IX,IX-1235,2026-10-19,T+45,5354,1175,6529,2026-09-04T20:56:45.685Z,FALSE,"",23:25,TRUE
fare_DEL-BOM_IX_2026-10-19_T+45_1788556696008_scbg,DEL-BOM,EaseMyTrip,IX,IX-1463,2026-10-19,T+45,5354,1175,6529,2026-09-04T20:56:45.685Z,FALSE,"",11:15,TRUE
fare_DEL-BOM_IX_2026-10-19_T+45_1788556696008_fp7v,DEL-BOM,EaseMyTrip,IX,IX-1038,2026-10-19,T+45,5354,1175,6529,2026-09-04T20:56:45.685Z,FALSE,"",17:35,TRUE
fare_DEL-BOM_IX_2026-10-19_T+45_1788556696008_62tc,DEL-BOM,EaseMyTrip,IX,IX-1024,2026-10-19,T+45,5354,1175,6529,2026-09-04T20:56:45.685Z,FALSE,"",18:40,TRUE
fare_DEL-BOM_SG_2026-10-19_T+45_1788556696008_ls23,DEL-BOM,EaseMyTrip,SG,SG-324,2026-10-19,T+45,5353,1175,6528,2026-09-04T20:56:45.685Z,FALSE,"",19:55,TRUE
fare_DEL-BOM_SG_2026-10-19_T+45_1788556696008_tcpl,DEL-BOM,EaseMyTrip,SG,SG-579,2026-10-19,T+45,5353,1175,6528,2026-09-04T20:56:45.685Z,FALSE,"",19:55,TRUE
fare_DEL-BOM_SG_2026-10-19_T+45_1788556696008_h5zo,DEL-BOM,EaseMyTrip,SG,SG-532,2026-10-19,T+45,5353,1175,6528,2026-09-04T20:56:45.685Z,FALSE,"",22:30,TRUE
fare_DEL-BOM_SG_2026-10-19_T+45_1788556696008_mf21,DEL-BOM,EaseMyTrip,SG,SG-993,2026-10-19,T+45,5353,1175,6528,2026-09-04T20:56:45.685Z,FALSE,"",22:30,TRUE
fare_DEL-BOM_QP_2026-10-19_T+45_1788556696008_61m1,DEL-BOM,EaseMyTrip,QP,QP-2012,2026-10-19,T+45,5330,1170,6500,2026-09-04T20:56:45.685Z,FALSE,"",08:55,TRUE
fare_DEL-BOM_QP_2026-10-19_T+45_1788556696008_wehb,DEL-BOM,EaseMyTrip,QP,QP-1833,2026-10-19,T+45,5355,1175,6530,2026-09-04T20:56:45.685Z,FALSE,"",06:50,TRUE
fare_DEL-BOM_QP_2026-10-19_T+45_1788556696008_3a6s,DEL-BOM,EaseMyTrip,QP,QP-1128,2026-10-19,T+45,5355,1175,6530,2026-09-04T20:56:45.685Z,FALSE,"",16:00,TRUE
fare_DEL-BOM_QP_2026-10-19_T+45_1788556696008_iv73,DEL-BOM,EaseMyTrip,QP,QP-1820,2026-10-19,T+45,5355,1175,6530,2026-09-04T20:56:45.685Z,FALSE,"",17:30,TRUE
fare_DEL-BOM_6E_2026-10-19_T+45_1788556696008_a8iq,DEL-BOM,EaseMyTrip,6E,6E-5119,2026-10-19,T+45,5410,1188,6598,2026-09-04T20:56:45.685Z,FALSE,"",05:10,FALSE
fare_DEL-BOM_6E_2026-10-19_T+45_1788556696008_ic8l,DEL-BOM,EaseMyTrip,6E,6E-6190,2026-10-19,T+45,5410,1188,6598,2026-09-04T20:56:45.685Z,FALSE,"",07:40,FALSE
fare_DEL-BOM_6E_2026-10-19_T+45_1788556696008_2knx,DEL-BOM,EaseMyTrip,6E,6E-2341,2026-10-19,T+45,5410,1188,6598,2026-09-04T20:56:45.685Z,FALSE,"",14:50,FALSE
fare_DEL-BOM_6E_2026-10-19_T+45_1788556696008_4hj9,DEL-BOM,EaseMyTrip,6E,6E-2331,2026-10-19,T+45,5410,1188,6598,2026-09-04T20:56:45.685Z,FALSE,"",12:20,FALSE
fare_DEL-BOM_6E_2026-10-19_T+45_1788556696008_2933,DEL-BOM,EaseMyTrip,6E,6E-6261,2026-10-19,T+45,5410,1188,6598,2026-09-04T20:56:45.685Z,FALSE,"",00:15,FALSE
fare_DEL-BOM_6E_2026-10-19_T+45_1788556696008_74qd,DEL-BOM,EaseMyTrip,6E,6E-760,2026-10-19,T+45,5410,1188,6598,2026-09-04T20:56:45.685Z,FALSE,"",10:00,FALSE
fare_DEL-BOM_6E_2026-10-19_T+45_1788556696008_tnvf,DEL-BOM,EaseMyTrip,6E,6E-325,2026-10-19,T+45,5410,1188,6598,2026-09-04T20:56:45.685Z,FALSE,"",10:00,FALSE
fare_DEL-BOM_6E_2026-10-19_T+45_1788556696008_kckq,DEL-BOM,EaseMyTrip,6E,6E-5073,2026-10-19,T+45,5427,1191,6618,2026-09-04T20:56:45.685Z,FALSE,"",17:05,FALSE
fare_DEL-BOM_6E_2026-10-19_T+45_1788556696008_a1gd,DEL-BOM,EaseMyTrip,6E,6E-6171,2026-10-19,T+45,5427,1191,6618,2026-09-04T20:56:45.685Z,FALSE,"",05:40,FALSE
fare_DEL-BOM_6E_2026-10-19_T+45_1788556696008_uh51,DEL-BOM,EaseMyTrip,6E,6E-2076,2026-10-19,T+45,5427,1191,6618,2026-09-04T20:56:45.685Z,FALSE,"",07:30,FALSE
fare_DEL-BOM_6E_2026-10-19_T+45_1788556696008_i8ej,DEL-BOM,EaseMyTrip,6E,6E-149,2026-10-19,T+45,5427,1191,6618,2026-09-04T20:56:45.685Z,FALSE,"",19:30,FALSE
fare_DEL-BOM_6E_2026-10-19_T+45_1788556696008_x5vm,DEL-BOM,EaseMyTrip,6E,6E-252,2026-10-19,T+45,5427,1191,6618,2026-09-04T20:56:45.685Z,FALSE,"",19:30,FALSE
fare_DEL-BOM_6E_2026-10-19_T+45_1788556696008_59qt,DEL-BOM,EaseMyTrip,6E,6E-2013,2026-10-19,T+45,5427,1191,6618,2026-09-04T20:56:45.685Z,FALSE,"",21:50,FALSE
fare_DEL-BOM_6E_2026-10-19_T+45_1788556696008_wyj7,DEL-BOM,EaseMyTrip,6E,6E-6490,2026-10-19,T+45,5518,1211,6729,2026-09-04T20:56:45.685Z,FALSE,"",04:55,FALSE
fare_DEL-BOM_6E_2026-10-19_T+45_1788556696008_bsie,DEL-BOM,EaseMyTrip,6E,6E-2249,2026-10-19,T+45,5518,1211,6729,2026-09-04T20:56:45.685Z,FALSE,"",15:00,FALSE
fare_DEL-BOM_6E_2026-10-19_T+45_1788556696008_zmbf,DEL-BOM,EaseMyTrip,6E,6E-2169,2026-10-19,T+45,5535,1215,6750,2026-09-04T20:56:45.685Z,FALSE,"",19:20,FALSE
fare_DEL-BOM_6E_2026-10-19_T+45_1788556696008_r5c4,DEL-BOM,EaseMyTrip,6E,6E-6829,2026-10-19,T+45,5535,1215,6750,2026-09-04T20:56:45.685Z,FALSE,"",17:20,FALSE
fare_DEL-BOM_6E_2026-10-19_T+45_1788556696008_zcnv,DEL-BOM,EaseMyTrip,6E,6E-6443,2026-10-19,T+45,5535,1215,6750,2026-09-04T20:56:45.685Z,FALSE,"",09:00,FALSE
fare_DEL-BOM_6E_2026-10-19_T+45_1788556696008_4dnh,DEL-BOM,EaseMyTrip,6E,6E-6433,2026-10-19,T+45,5535,1215,6750,2026-09-04T20:56:45.685Z,FALSE,"",16:30,FALSE
fare_DEL-BOM_6E_2026-10-19_T+45_1788556696008_wbnm,DEL-BOM,EaseMyTrip,6E,6E-5138,2026-10-19,T+45,5535,1215,6750,2026-09-04T20:56:45.685Z,FALSE,"",19:10,FALSE
fare_DEL-BOM_6E_2026-10-19_T+45_1788556696008_bt71,DEL-BOM,EaseMyTrip,6E,6E-6459,2026-10-19,T+45,5535,1215,6750,2026-09-04T20:56:45.685Z,FALSE,"",05:55,FALSE
fare_DEL-BOM_6E_2026-10-19_T+45_1788556696008_ddt1,DEL-BOM,EaseMyTrip,6E,6E-6479,2026-10-19,T+45,5599,1229,6828,2026-09-04T20:56:45.685Z,FALSE,"",21:25,FALSE
fare_DEL-BOM_6E_2026-10-19_T+45_1788556696008_jn44,DEL-BOM,EaseMyTrip,6E,6E-743,2026-10-19,T+45,5599,1229,6828,2026-09-04T20:56:45.685Z,FALSE,"",16:10,FALSE
fare_DEL-BOM_6E_2026-10-19_T+45_1788556696008_t7g3,DEL-BOM,EaseMyTrip,6E,6E-111,2026-10-19,T+45,5599,1229,6828,2026-09-04T20:56:45.685Z,FALSE,"",16:10,FALSE
fare_DEL-BOM_6E_2026-10-19_T+45_1788556696008_eh7x,DEL-BOM,EaseMyTrip,6E,6E-2113,2026-10-19,T+45,5599,1229,6828,2026-09-04T20:56:45.685Z,FALSE,"",13:20,FALSE
fare_DEL-BOM_6E_2026-10-19_T+45_1788556696008_zdcu,DEL-BOM,EaseMyTrip,6E,6E-918,2026-10-19,T+45,5707,1253,6960,2026-09-04T20:56:45.685Z,FALSE,"",17:55,FALSE
fare_DEL-BOM_6E_2026-10-19_T+45_1788556696008_8zqu,DEL-BOM,EaseMyTrip,6E,6E-400,2026-10-19,T+45,5707,1253,6960,2026-09-04T20:56:45.685Z,FALSE,"",17:55,FALSE
fare_DEL-BOM_6E_2026-10-19_T+45_1788556696008_0217,DEL-BOM,EaseMyTrip,6E,6E-6470,2026-10-19,T+45,5756,1263,7019,2026-09-04T20:56:45.685Z,FALSE,"",06:50,TRUE
fare_DEL-BOM_6E_2026-10-19_T+45_1788556696008_zqwk,DEL-BOM,EaseMyTrip,6E,6E-716,2026-10-19,T+45,5756,1263,7019,2026-09-04T20:56:45.685Z,FALSE,"",03:00,TRUE
fare_DEL-BOM_6E_2026-10-19_T+45_1788556696008_sbcv,DEL-BOM,EaseMyTrip,6E,6E-768,2026-10-19,T+45,5756,1263,7019,2026-09-04T20:56:45.685Z,FALSE,"",03:00,TRUE
fare_DEL-BOM_6E_2026-10-19_T+45_1788556696008_rom5,DEL-BOM,EaseMyTrip,6E,6E-593,2026-10-19,T+45,5756,1263,7019,2026-09-04T20:56:45.685Z,FALSE,"",23:30,TRUE
fare_DEL-BOM_6E_2026-10-19_T+45_1788556696008_w2gy,DEL-BOM,EaseMyTrip,6E,6E-303,2026-10-19,T+45,5756,1263,7019,2026-09-04T20:56:45.685Z,FALSE,"",23:30,TRUE
fare_DEL-BOM_6E_2026-10-19_T+45_1788556696008_csz5,DEL-BOM,EaseMyTrip,6E,6E-6114,2026-10-19,T+45,5756,1263,7019,2026-09-04T20:56:45.685Z,FALSE,"",22:45,TRUE
fare_DEL-BOM_6E_2026-10-19_T+45_1788556696008_v81h,DEL-BOM,EaseMyTrip,6E,6E-585,2026-10-19,T+45,5756,1263,7019,2026-09-04T20:56:45.685Z,FALSE,"",21:45,TRUE
fare_DEL-BOM_6E_2026-10-19_T+45_1788556696008_mcjk,DEL-BOM,EaseMyTrip,6E,6E-949,2026-10-19,T+45,5756,1263,7019,2026-09-04T20:56:45.685Z,FALSE,"",21:45,TRUE
fare_DEL-BOM_6E_2026-10-19_T+45_1788556696008_5aj1,DEL-BOM,EaseMyTrip,6E,6E-476,2026-10-19,T+45,5756,1263,7019,2026-09-04T20:56:45.685Z,FALSE,"",20:45,TRUE
fare_DEL-BOM_6E_2026-10-19_T+45_1788556696008_s17x,DEL-BOM,EaseMyTrip,6E,6E-625,2026-10-19,T+45,5756,1263,7019,2026-09-04T20:56:45.685Z,FALSE,"",20:45,TRUE
fare_DEL-BOM_6E_2026-10-19_T+45_1788556696008_urev,DEL-BOM,EaseMyTrip,6E,6E-581,2026-10-19,T+45,5756,1263,7019,2026-09-04T20:56:45.685Z,FALSE,"",20:00,TRUE
fare_DEL-BOM_6E_2026-10-19_T+45_1788556696008_bgxh,DEL-BOM,EaseMyTrip,6E,6E-771,2026-10-19,T+45,5756,1263,7019,2026-09-04T20:56:45.685Z,FALSE,"",19:00,TRUE
fare_DEL-BOM_6E_2026-10-19_T+45_1788556696008_yck3,DEL-BOM,EaseMyTrip,6E,6E-140,2026-10-19,T+45,5756,1263,7019,2026-09-04T20:56:45.685Z,FALSE,"",19:00,TRUE
fare_DEL-BOM_6E_2026-10-19_T+45_1788556696008_82yc,DEL-BOM,EaseMyTrip,6E,6E-932,2026-10-19,T+45,5756,1263,7019,2026-09-04T20:56:45.685Z,FALSE,"",18:00,TRUE
fare_DEL-BOM_6E_2026-10-19_T+45_1788556696008_6tc8,DEL-BOM,EaseMyTrip,6E,6E-676,2026-10-19,T+45,5756,1263,7019,2026-09-04T20:56:45.685Z,FALSE,"",18:00,TRUE
fare_DEL-BOM_6E_2026-10-19_T+45_1788556696008_zzvx,DEL-BOM,EaseMyTrip,6E,6E-6706,2026-10-19,T+45,5756,1263,7019,2026-09-04T20:56:45.685Z,FALSE,"",17:00,TRUE
fare_DEL-BOM_6E_2026-10-19_T+45_1788556696008_7abl,DEL-BOM,EaseMyTrip,6E,6E-519,2026-10-19,T+45,5756,1263,7019,2026-09-04T20:56:45.685Z,FALSE,"",16:15,TRUE
fare_DEL-BOM_6E_2026-10-19_T+45_1788556696008_00f9,DEL-BOM,EaseMyTrip,6E,6E-823,2026-10-19,T+45,5756,1263,7019,2026-09-04T20:56:45.685Z,FALSE,"",16:15,TRUE
fare_DEL-BOM_6E_2026-10-19_T+45_1788556696008_2wx9,DEL-BOM,EaseMyTrip,6E,6E-977,2026-10-19,T+45,5756,1263,7019,2026-09-04T20:56:45.685Z,FALSE,"",15:30,TRUE
fare_DEL-BOM_6E_2026-10-19_T+45_1788556696008_282l,DEL-BOM,EaseMyTrip,6E,6E-222,2026-10-19,T+45,5756,1263,7019,2026-09-04T20:56:45.685Z,FALSE,"",15:30,TRUE
fare_DEL-BOM_6E_2026-10-19_T+45_1788556696008_zw3u,DEL-BOM,EaseMyTrip,6E,6E-938,2026-10-19,T+45,5756,1263,7019,2026-09-04T20:56:45.685Z,FALSE,"",20:20,TRUE
fare_DEL-BOM_6E_2026-10-19_T+45_1788556696008_3ot8,DEL-BOM,EaseMyTrip,6E,6E-708,2026-10-19,T+45,5756,1263,7019,2026-09-04T20:56:45.685Z,FALSE,"",20:20,TRUE
fare_DEL-BOM_6E_2026-10-19_T+45_1788556696008_r6vw,DEL-BOM,EaseMyTrip,6E,6E-6022,2026-10-19,T+45,5756,1263,7019,2026-09-04T20:56:45.685Z,FALSE,"",14:00,TRUE
fare_DEL-BOM_6E_2026-10-19_T+45_1788556696008_0yv8,DEL-BOM,EaseMyTrip,6E,6E-6318,2026-10-19,T+45,5756,1263,7019,2026-09-04T20:56:45.685Z,FALSE,"",14:45,TRUE
fare_DEL-BOM_6E_2026-10-19_T+45_1788556696008_yfzf,DEL-BOM,EaseMyTrip,6E,6E-228,2026-10-19,T+45,5756,1263,7019,2026-09-04T20:56:45.685Z,FALSE,"",05:00,TRUE
fare_DEL-BOM_6E_2026-10-19_T+45_1788556696008_uiao,DEL-BOM,EaseMyTrip,6E,6E-910,2026-10-19,T+45,5756,1263,7019,2026-09-04T20:56:45.685Z,FALSE,"",05:00,TRUE
fare_DEL-BOM_6E_2026-10-19_T+45_1788556696008_zt81,DEL-BOM,EaseMyTrip,6E,6E-6218,2026-10-19,T+45,5756,1263,7019,2026-09-04T20:56:45.685Z,FALSE,"",06:05,TRUE
fare_DEL-BOM_6E_2026-10-19_T+45_1788556696008_lvzu,DEL-BOM,EaseMyTrip,6E,6E-641,2026-10-19,T+45,5756,1263,7019,2026-09-04T20:56:45.685Z,FALSE,"",08:00,TRUE
fare_DEL-BOM_6E_2026-10-19_T+45_1788556696008_9e6j,DEL-BOM,EaseMyTrip,6E,6E-630,2026-10-19,T+45,5756,1263,7019,2026-09-04T20:56:45.685Z,FALSE,"",08:00,TRUE
fare_DEL-BOM_6E_2026-10-19_T+45_1788556696008_llle,DEL-BOM,EaseMyTrip,6E,6E-6107,2026-10-19,T+45,5756,1263,7019,2026-09-04T20:56:45.685Z,FALSE,"",09:30,TRUE
fare_DEL-BOM_6E_2026-10-19_T+45_1788556696008_u78a,DEL-BOM,EaseMyTrip,6E,6E-6328,2026-10-19,T+45,5756,1263,7019,2026-09-04T20:56:45.685Z,FALSE,"",10:15,TRUE
fare_DEL-BOM_6E_2026-10-19_T+45_1788556696008_pbja,DEL-BOM,EaseMyTrip,6E,6E-6047,2026-10-19,T+45,5756,1263,7019,2026-09-04T20:56:45.685Z,FALSE,"",11:00,TRUE
fare_DEL-BOM_6E_2026-10-19_T+45_1788556696008_1a9f,DEL-BOM,EaseMyTrip,6E,6E-6676,2026-10-19,T+45,5756,1263,7019,2026-09-04T20:56:45.685Z,FALSE,"",12:00,TRUE
fare_DEL-BOM_6E_2026-10-19_T+45_1788556696008_0tye,DEL-BOM,EaseMyTrip,6E,6E-496,2026-10-19,T+45,5756,1263,7019,2026-09-04T20:56:45.685Z,FALSE,"",13:00,TRUE
fare_DEL-BOM_6E_2026-10-19_T+45_1788556696008_nswv,DEL-BOM,EaseMyTrip,6E,6E-698,2026-10-19,T+45,5756,1263,7019,2026-09-04T20:56:45.685Z,FALSE,"",13:00,TRUE
fare_DEL-BOM_6E_2026-10-19_T+45_1788556696008_d9zc,DEL-BOM,EaseMyTrip,6E,6E-143,2026-10-19,T+45,5756,1263,7019,2026-09-04T20:56:45.685Z,FALSE,"",08:45,TRUE
fare_DEL-BOM_6E_2026-10-19_T+45_1788556696008_lihl,DEL-BOM,EaseMyTrip,6E,6E-232,2026-10-19,T+45,5756,1263,7019,2026-09-04T20:56:45.685Z,FALSE,"",08:45,TRUE
fare_DEL-BOM_6E_2026-10-19_T+45_1788556696008_w0u6,DEL-BOM,EaseMyTrip,6E,6E-7646,2026-10-19,T+45,5760,1264,7024,2026-09-04T20:56:45.685Z,FALSE,"",06:15,FALSE
fare_DEL-BOM_6E_2026-10-19_T+45_1788556696008_7j75,DEL-BOM,EaseMyTrip,6E,6E-7642,2026-10-19,T+45,5812,1276,7088,2026-09-04T20:56:45.685Z,FALSE,"",15:45,FALSE
fare_DEL-BOM_6E_2026-10-19_T+45_1788556696008_tf24,DEL-BOM,EaseMyTrip,6E,6E-5014,2026-10-19,T+45,5856,1286,7142,2026-09-04T20:56:45.685Z,FALSE,"",18:30,FALSE
fare_DEL-BOM_QP_2026-10-19_T+45_1788556696008_54ui,DEL-BOM,EaseMyTrip,QP,QP-1110,2026-10-19,T+45,5861,1286,7147,2026-09-04T20:56:45.685Z,FALSE,"",10:00,TRUE
fare_DEL-BOM_QP_2026-10-19_T+45_1788556696008_doi0,DEL-BOM,EaseMyTrip,QP,QP-1119,2026-10-19,T+45,5861,1286,7147,2026-09-04T20:56:45.685Z,FALSE,"",08:40,TRUE
fare_DEL-BOM_QP_2026-10-19_T+45_1788556696008_xaww,DEL-BOM,EaseMyTrip,QP,QP-1826,2026-10-19,T+45,5861,1286,7147,2026-09-04T20:56:45.685Z,FALSE,"",19:55,TRUE
fare_DEL-BOM_6E_2026-10-19_T+45_1788556696008_mjum,DEL-BOM,EaseMyTrip,6E,6E-7653,2026-10-19,T+45,5867,1288,7155,2026-09-04T20:56:45.685Z,FALSE,"",17:20,FALSE
fare_DEL-BOM_6E_2026-10-19_T+45_1788556696008_t32j,DEL-BOM,EaseMyTrip,6E,6E-6814,2026-10-19,T+45,5879,1290,7169,2026-09-04T20:56:45.685Z,FALSE,"",07:15,TRUE
fare_DEL-BOM_6E_2026-10-19_T+45_1788556696008_j05h,DEL-BOM,EaseMyTrip,6E,6E-7626,2026-10-19,T+45,5932,1302,7234,2026-09-04T20:56:45.685Z,FALSE,"",10:30,FALSE
fare_DEL-BOM_6E_2026-10-19_T+45_1788556696008_dswa,DEL-BOM,EaseMyTrip,6E,6E-5198,2026-10-19,T+45,5933,1302,7235,2026-09-04T20:56:45.685Z,FALSE,"",15:00,TRUE
fare_DEL-BOM_AI_2026-10-19_T+45_1788556696008_x8e2,DEL-BOM,EaseMyTrip,AI,AI-2425,2026-10-19,T+45,6141,1348,7489,2026-09-04T20:56:45.685Z,FALSE,"",10:30,TRUE
fare_DEL-BOM_AI_2026-10-19_T+45_1788556696008_vwsc,DEL-BOM,EaseMyTrip,AI,AI-2951,2026-10-19,T+45,6141,1348,7489,2026-09-04T20:56:45.685Z,FALSE,"",13:30,TRUE
fare_DEL-BOM_AI_2026-10-19_T+45_1788556696008_4bys,DEL-BOM,EaseMyTrip,AI,AI-2981,2026-10-19,T+45,6141,1348,7489,2026-09-04T20:56:45.685Z,FALSE,"",21:00,TRUE
fare_DEL-BOM_AI_2026-10-19_T+45_1788556696008_op80,DEL-BOM,EaseMyTrip,AI,AI-2995,2026-10-19,T+45,6141,1348,7489,2026-09-04T20:56:45.685Z,FALSE,"",10:00,TRUE
fare_DEL-BOM_AI_2026-10-19_T+45_1788556696008_2n3z,DEL-BOM,EaseMyTrip,AI,AI-2945,2026-10-19,T+45,6141,1348,7489,2026-09-04T20:56:45.685Z,FALSE,"",11:00,TRUE
fare_DEL-BOM_AI_2026-10-19_T+45_1788556696008_lipe,DEL-BOM,EaseMyTrip,AI,AI-2441,2026-10-19,T+45,6141,1348,7489,2026-09-04T20:56:45.685Z,FALSE,"",14:10,TRUE
fare_DEL-BOM_AI_2026-10-19_T+45_1788556696008_nsxp,DEL-BOM,EaseMyTrip,AI,AI-2933,2026-10-19,T+45,6141,1348,7489,2026-09-04T20:56:45.685Z,FALSE,"",15:30,TRUE
fare_DEL-BOM_AI_2026-10-19_T+45_1788556696008_3uo1,DEL-BOM,EaseMyTrip,AI,AI-441,2026-10-19,T+45,6141,1348,7489,2026-09-04T20:56:45.685Z,FALSE,"",17:00,TRUE
fare_DEL-BOM_AI_2026-10-19_T+45_1788556696008_ritq,DEL-BOM,EaseMyTrip,AI,AI-2805,2026-10-19,T+45,6141,1348,7489,2026-09-04T20:56:45.685Z,FALSE,"",20:00,TRUE
fare_DEL-BOM_AI_2026-10-19_T+45_1788556696008_nocn,DEL-BOM,EaseMyTrip,AI,AI-2999,2026-10-19,T+45,6141,1348,7489,2026-09-04T20:56:45.685Z,FALSE,"",22:00,TRUE
fare_DEL-BOM_AI_2026-10-19_T+45_1788556696008_gu5f,DEL-BOM,EaseMyTrip,AI,AI-2957,2026-10-19,T+45,6141,1348,7489,2026-09-04T20:56:45.685Z,FALSE,"",20:30,TRUE
fare_DEL-BOM_AI_2026-10-19_T+45_1788556696008_t03n,DEL-BOM,EaseMyTrip,AI,AI-1780,2026-10-19,T+45,6141,1348,7489,2026-09-04T20:56:45.685Z,FALSE,"",14:30,TRUE
fare_DEL-BOM_6E_2026-10-19_T+45_1788556696008_oh5h,DEL-BOM,EaseMyTrip,6E,6E-6050,2026-10-19,T+45,6029,1323,7352,2026-09-04T20:56:45.685Z,FALSE,"",08:15,FALSE
fare_DEL-BOM_AI_2026-10-19_T+45_1788556696008_3d6x,DEL-BOM,EaseMyTrip,AI,AI-2927,2026-10-19,T+45,6295,1382,7677,2026-09-04T20:56:45.685Z,FALSE,"",09:30,TRUE
fare_DEL-BOM_AI_2026-10-19_T+45_1788556696008_65rf,DEL-BOM,EaseMyTrip,AI,AI-1777,2026-10-19,T+45,6295,1382,7677,2026-09-04T20:56:45.685Z,FALSE,"",16:00,TRUE
fare_DEL-BOM_AI_2026-10-19_T+45_1788556696008_hx39,DEL-BOM,EaseMyTrip,AI,AI-2985,2026-10-19,T+45,6295,1382,7677,2026-09-04T20:56:45.685Z,FALSE,"",19:30,TRUE
fare_DEL-BOM_6E_2026-10-19_T+45_1788556696008_oovw,DEL-BOM,EaseMyTrip,6E,6E-5096,2026-10-19,T+45,6152,1350,7502,2026-09-04T20:56:45.685Z,FALSE,"",17:00,TRUE
fare_DEL-BOM_6E_2026-10-19_T+45_1788556696008_h7ya,DEL-BOM,EaseMyTrip,6E,6E-680,2026-10-19,T+45,6201,1361,7562,2026-09-04T20:56:45.685Z,FALSE,"",19:30,FALSE
fare_DEL-BOM_6E_2026-10-19_T+45_1788556696008_esap,DEL-BOM,EaseMyTrip,6E,6E-902,2026-10-19,T+45,6201,1361,7562,2026-09-04T20:56:45.685Z,FALSE,"",19:30,FALSE
fare_DEL-BOM_AI_2026-10-19_T+45_1788556696008_glbt,DEL-BOM,EaseMyTrip,AI,AI-2963,2026-10-19,T+45,6398,1404,7802,2026-09-04T20:56:45.685Z,FALSE,"",09:00,TRUE
fare_DEL-BOM_AI_2026-10-19_T+45_1788556696008_4l31,DEL-BOM,EaseMyTrip,AI,AI-2439,2026-10-19,T+45,6398,1404,7802,2026-09-04T20:56:45.685Z,FALSE,"",23:00,TRUE
fare_DEL-BOM_AI_2026-10-19_T+45_1788556696008_q6ln,DEL-BOM,EaseMyTrip,AI,AI-2955,2026-10-19,T+45,6449,1416,7865,2026-09-04T20:56:45.685Z,FALSE,"",18:00,TRUE
fare_DEL-BOM_AI_2026-10-19_T+45_1788556696008_rdkx,DEL-BOM,EaseMyTrip,AI,AI-2943,2026-10-19,T+45,6449,1416,7865,2026-09-04T20:56:45.685Z,FALSE,"",07:30,TRUE
fare_DEL-BOM_6E_2026-10-19_T+45_1788556696008_flit,DEL-BOM,EaseMyTrip,6E,6E-2571,2026-10-19,T+45,6331,1390,7721,2026-09-04T20:56:45.685Z,FALSE,"",12:30,FALSE
fare_DEL-BOM_AI_2026-10-19_T+45_1788556696008_rvc8,DEL-BOM,EaseMyTrip,AI,AI-2977,2026-10-19,T+45,6552,1438,7990,2026-09-04T20:56:45.685Z,FALSE,"",19:00,TRUE
fare_DEL-BOM_6E_2026-10-19_T+45_1788556696008_kl98,DEL-BOM,EaseMyTrip,6E,6E-5298,2026-10-19,T+45,6501,1427,7928,2026-09-04T20:56:45.685Z,FALSE,"",09:00,FALSE
fare_DEL-BOM_6E_2026-10-19_T+45_1788556696008_1xat,DEL-BOM,EaseMyTrip,6E,6E-5038,2026-10-19,T+45,6501,1427,7928,2026-09-04T20:56:45.685Z,FALSE,"",14:00,FALSE
fare_DEL-BOM_6E_2026-10-19_T+45_1788556696008_2ah0,DEL-BOM,EaseMyTrip,6E,6E-6212,2026-10-19,T+45,6608,1451,8059,2026-09-04T20:56:45.685Z,FALSE,"",14:45,FALSE
fare_DEL-BOM_6E_2026-10-19_T+45_1788556696008_oda3,DEL-BOM,EaseMyTrip,6E,6E-740,2026-10-19,T+45,6608,1451,8059,2026-09-04T20:56:45.685Z,FALSE,"",08:30,FALSE
fare_DEL-BOM_6E_2026-10-19_T+45_1788556696008_id8q,DEL-BOM,EaseMyTrip,6E,6E-907,2026-10-19,T+45,6608,1451,8059,2026-09-04T20:56:45.685Z,FALSE,"",08:30,FALSE
fare_DEL-BOM_6E_2026-10-19_T+45_1788556696008_r4fh,DEL-BOM,EaseMyTrip,6E,6E-6293,2026-10-19,T+45,6608,1451,8059,2026-09-04T20:56:45.685Z,FALSE,"",09:55,FALSE
fare_DEL-BOM_AI_2026-10-19_T+45_1788556696008_iixg,DEL-BOM,EaseMyTrip,AI,AI-2975,2026-10-19,T+45,6786,1490,8276,2026-09-04T20:56:45.685Z,FALSE,"",06:30,TRUE
fare_DEL-BOM_AI_2026-10-19_T+45_1788556696008_qwyu,DEL-BOM,EaseMyTrip,AI,AI-2429,2026-10-19,T+45,6786,1490,8276,2026-09-04T20:56:45.685Z,FALSE,"",07:00,TRUE
fare_DEL-BOM_AI_2026-10-19_T+45_1788556696008_s1ne,DEL-BOM,EaseMyTrip,AI,AI-2678,2026-10-19,T+45,6786,1490,8276,2026-09-04T20:56:45.685Z,FALSE,"",08:30,TRUE
fare_DEL-BOM_6E_2026-10-19_T+45_1788556696008_mtam,DEL-BOM,EaseMyTrip,6E,6E-6983,2026-10-19,T+45,6848,1503,8351,2026-09-04T20:56:45.685Z,FALSE,"",15:35,FALSE
fare_DEL-BOM_IX_2026-10-19_T+45_1788556696008_rn63,DEL-BOM,EaseMyTrip,IX,IX-1049,2026-10-19,T+45,7486,1643,9129,2026-09-04T20:56:45.685Z,FALSE,"",18:40,FALSE
fare_DEL-BOM_IX_2026-10-19_T+45_1788556696008_57h2,DEL-BOM,EaseMyTrip,IX,IX-1082,2026-10-19,T+45,7486,1643,9129,2026-09-04T20:56:45.685Z,FALSE,"",21:25,FALSE
fare_DEL-BOM_IX_2026-10-19_T+45_1788556696008_9fgw,DEL-BOM,EaseMyTrip,IX,IX-1817,2026-10-19,T+45,7486,1643,9129,2026-09-04T20:56:45.685Z,FALSE,"",19:30,FALSE
fare_DEL-BOM_AI_2026-10-19_T+45_1788556696008_mv6r,DEL-BOM,EaseMyTrip,AI,AI-1745,2026-10-19,T+45,7223,1586,8809,2026-09-04T20:56:45.685Z,FALSE,"",05:00,TRUE
fare_DEL-BOM_6E_2026-10-19_T+45_1788556696008_u887,DEL-BOM,EaseMyTrip,6E,6E-6282,2026-10-19,T+45,7127,1565,8692,2026-09-04T20:56:45.685Z,FALSE,"",13:30,FALSE
fare_DEL-BOM_IX_2026-10-19_T+45_1788556696008_klwj,DEL-BOM,EaseMyTrip,IX,IX-1059,2026-10-19,T+45,8142,1787,9929,2026-09-04T20:56:45.685Z,FALSE,"",12:15,FALSE
fare_DEL-BOM_IX_2026-10-19_T+45_1788556696008_fzon,DEL-BOM,EaseMyTrip,IX,IX-1783,2026-10-19,T+45,8142,1787,9929,2026-09-04T20:56:45.685Z,FALSE,"",07:20,FALSE
fare_DEL-BOM_IX_2026-10-19_T+45_1788556696008_7uip,DEL-BOM,EaseMyTrip,IX,IX-1057,2026-10-19,T+45,8142,1787,9929,2026-09-04T20:56:45.685Z,FALSE,"",06:20,FALSE
fare_DEL-BOM_6E_2026-10-19_T+45_1788556696008_1syd,DEL-BOM,EaseMyTrip,6E,6E-2349,2026-10-19,T+45,7687,1687,9374,2026-09-04T20:56:45.685Z,FALSE,"",10:55,FALSE
fare_DEL-BOM_IX_2026-10-19_T+45_1788556696008_n3qs,DEL-BOM,EaseMyTrip,IX,IX-2749,2026-10-19,T+45,8434,1851,10285,2026-09-04T20:56:45.685Z,FALSE,"",10:25,FALSE
fare_DEL-BOM_6E_2026-10-19_T+45_1788556696008_dric,DEL-BOM,EaseMyTrip,6E,6E-741,2026-10-19,T+45,7763,1704,9467,2026-09-04T20:56:45.685Z,FALSE,"",12:10,FALSE
fare_DEL-BOM_6E_2026-10-19_T+45_1788556696008_bjfl,DEL-BOM,EaseMyTrip,6E,6E-808,2026-10-19,T+45,7763,1704,9467,2026-09-04T20:56:45.685Z,FALSE,"",12:10,FALSE
fare_DEL-BOM_IX_2026-10-19_T+45_1788556696008_y5bh,DEL-BOM,EaseMyTrip,IX,IX-1064,2026-10-19,T+45,8963,1967,10930,2026-09-04T20:56:45.685Z,FALSE,"",19:10,FALSE
fare_DEL-BOM_6E_2026-10-19_T+45_1788556696008_a6xs,DEL-BOM,EaseMyTrip,6E,6E-890,2026-10-19,T+45,8325,1828,10153,2026-09-04T20:56:45.685Z,FALSE,"",23:15,FALSE
fare_DEL-BOM_6E_2026-10-19_T+45_1788556696008_r4t0,DEL-BOM,EaseMyTrip,6E,6E-719,2026-10-19,T+45,8325,1828,10153,2026-09-04T20:56:45.685Z,FALSE,"",23:15,FALSE
fare_DEL-BOM_AI_2026-10-19_T+45_1788556696008_hvd2,DEL-BOM,EaseMyTrip,AI,AI-2499,2026-10-19,T+45,8603,1888,10491,2026-09-04T20:56:45.685Z,FALSE,"",06:00,FALSE
fare_DEL-BOM_IX_2026-10-19_T+45_1788556696008_tl87,DEL-BOM,EaseMyTrip,IX,IX-1067,2026-10-19,T+45,9610,2110,11720,2026-09-04T20:56:45.685Z,FALSE,"",06:10,FALSE
fare_DEL-BOM_6E_2026-10-19_T+45_1788556696008_rrbb,DEL-BOM,EaseMyTrip,6E,6E-441,2026-10-19,T+45,9015,1979,10994,2026-09-04T20:56:45.685Z,FALSE,"",02:25,FALSE
fare_DEL-BOM_6E_2026-10-19_T+45_1788556696008_x3il,DEL-BOM,EaseMyTrip,6E,6E-184,2026-10-19,T+45,9015,1979,10994,2026-09-04T20:56:45.685Z,FALSE,"",02:25,FALSE
fare_DEL-BOM_IX_2026-10-19_T+45_1788556696008_8qjb,DEL-BOM,EaseMyTrip,IX,IX-1811,2026-10-19,T+45,9783,2147,11930,2026-09-04T20:56:45.685Z,FALSE,"",06:50,FALSE
fare_DEL-BOM_AI_2026-10-19_T+45_1788556696008_1y0d,DEL-BOM,EaseMyTrip,AI,AI-1705,2026-10-19,T+45,9796,2150,11946,2026-09-04T20:56:45.685Z,FALSE,"",06:30,FALSE
fare_DEL-BOM_6E_2026-10-19_T+45_1788556696008_t7vp,DEL-BOM,EaseMyTrip,6E,6E-6601,2026-10-19,T+45,9773,2145,11918,2026-09-04T20:56:45.685Z,FALSE,"",19:45,FALSE
fare_DEL-BOM_AI_2026-10-19_T+45_1788556696008_lblp,DEL-BOM,EaseMyTrip,AI,AI-9757,2026-10-19,T+45,10239,2248,12487,2026-09-04T20:56:45.685Z,FALSE,"",11:50,FALSE
fare_DEL-BOM_AI_2026-10-19_T+45_1788556696008_vtjj,DEL-BOM,EaseMyTrip,AI,AI-9759,2026-10-19,T+45,10239,2248,12487,2026-09-04T20:56:45.685Z,FALSE,"",06:00,FALSE
fare_DEL-BOM_IX_2026-10-19_T+45_1788556696008_kb8n,DEL-BOM,EaseMyTrip,IX,IX-1812,2026-10-19,T+45,11012,2417,13429,2026-09-04T20:56:45.685Z,FALSE,"",11:15,FALSE
fare_DEL-BOM_IX_2026-10-19_T+45_1788556696008_dwcv,DEL-BOM,EaseMyTrip,IX,IX-1815,2026-10-19,T+45,11012,2417,13429,2026-09-04T20:56:45.685Z,FALSE,"",19:05,FALSE
fare_DEL-BOM_AI_2026-10-19_T+45_1788556696008_8xv8,DEL-BOM,EaseMyTrip,AI,AI-2509,2026-10-19,T+45,11042,2424,13466,2026-09-04T20:56:45.685Z,FALSE,"",07:00,FALSE
fare_DEL-BOM_AI_2026-10-19_T+45_1788556696008_wh4z,DEL-BOM,EaseMyTrip,AI,AI-2715,2026-10-19,T+45,11186,2455,13641,2026-09-04T20:56:45.685Z,FALSE,"",11:40,FALSE
fare_DEL-BOM_AI_2026-10-19_T+45_1788556696008_81pi,DEL-BOM,EaseMyTrip,AI,AI-2959,2026-10-19,T+45,11186,2455,13641,2026-09-04T20:56:45.685Z,FALSE,"",07:10,FALSE
fare_DEL-BOM_AI_2026-10-19_T+45_1788556696008_bb0l,DEL-BOM,EaseMyTrip,AI,AI-423,2026-10-19,T+45,11186,2455,13641,2026-09-04T20:56:45.685Z,FALSE,"",09:50,FALSE
fare_DEL-BOM_AI_2026-10-19_T+45_1788556696008_w9xp,DEL-BOM,EaseMyTrip,AI,AI-809,2026-10-19,T+45,11273,2475,13748,2026-09-04T20:56:45.685Z,FALSE,"",17:40,FALSE
fare_DEL-BOM_AI_2026-10-19_T+45_1788556696008_ymql,DEL-BOM,EaseMyTrip,AI,AI-2939,2026-10-19,T+45,11273,2475,13748,2026-09-04T20:56:45.685Z,FALSE,"",16:40,FALSE
fare_DEL-BOM_AI_2026-10-19_T+45_1788556696008_8pfh,DEL-BOM,EaseMyTrip,AI,AI-881,2026-10-19,T+45,11273,2475,13748,2026-09-04T20:56:45.685Z,FALSE,"",13:35,FALSE
fare_DEL-BOM_AI_2026-10-19_T+45_1788556696008_5y6g,DEL-BOM,EaseMyTrip,AI,AI-2909,2026-10-19,T+45,11273,2475,13748,2026-09-04T20:56:45.685Z,FALSE,"",22:30,FALSE
fare_DEL-BOM_AI_2026-10-19_T+45_1788556696008_6094,DEL-BOM,EaseMyTrip,AI,AI-9674,2026-10-19,T+45,11407,2504,13911,2026-09-04T20:56:45.685Z,FALSE,"",16:40,FALSE
fare_DEL-BOM_AI_2026-10-19_T+45_1788556696008_7hoi,DEL-BOM,EaseMyTrip,AI,AI-817,2026-10-19,T+45,11463,2516,13979,2026-09-04T20:56:45.685Z,FALSE,"",05:55,FALSE
fare_DEL-BOM_IX_2026-10-19_T+45_1788556696008_gluv,DEL-BOM,EaseMyTrip,IX,IX-1070,2026-10-19,T+45,11726,2574,14300,2026-09-04T20:56:45.685Z,FALSE,"",21:15,FALSE
fare_DEL-BOM_IX_2026-10-19_T+45_1788556696008_ipmb,DEL-BOM,EaseMyTrip,IX,IX-5975,2026-10-19,T+45,11726,2574,14300,2026-09-04T20:56:45.685Z,FALSE,"",21:00,FALSE
fare_DEL-BOM_IX_2026-10-19_T+45_1788556696008_xo0o,DEL-BOM,EaseMyTrip,IX,IX-1108,2026-10-19,T+45,11819,2594,14413,2026-09-04T20:56:45.685Z,FALSE,"",05:00,FALSE
fare_DEL-BOM_AI_2026-10-19_T+45_1788556696008_j9yj,DEL-BOM,EaseMyTrip,AI,AI-9418,2026-10-19,T+45,11833,2598,14431,2026-09-04T20:56:45.685Z,FALSE,"",13:10,FALSE
fare_DEL-BOM_QP_2026-10-19_T+45_1788556696008_mcpi,DEL-BOM,EaseMyTrip,QP,QP-1574,2026-10-19,T+45,12447,2732,15179,2026-09-04T20:56:45.685Z,FALSE,"",14:10,FALSE
fare_DEL-BOM_AI_2026-10-19_T+45_1788556696008_f4vx,DEL-BOM,EaseMyTrip,AI,AI-9584,2026-10-19,T+45,12735,2796,15531,2026-09-04T20:56:45.685Z,FALSE,"",11:15,FALSE
fare_DEL-BOM_QP_2026-10-19_T+45_1788556696008_8tbu,DEL-BOM,EaseMyTrip,QP,QP-1822,2026-10-19,T+45,12777,2805,15582,2026-09-04T20:56:45.685Z,FALSE,"",16:40,FALSE
fare_DEL-BOM_AI_2026-10-19_T+45_1788556696008_zwiw,DEL-BOM,EaseMyTrip,AI,AI-1743,2026-10-19,T+45,13065,2868,15933,2026-09-04T20:56:45.685Z,TRUE,"High outlier: ₹15933 > upper fence ₹15699 (Q3: ₹10491, IQR: ₹3472)",06:15,FALSE
fare_DEL-BOM_AI_2026-10-19_T+45_1788556696008_4a3b,DEL-BOM,EaseMyTrip,AI,AI-2601,2026-10-19,T+45,13065,2868,15933,2026-09-04T20:56:45.685Z,TRUE,"High outlier: ₹15933 > upper fence ₹15699 (Q3: ₹10491, IQR: ₹3472)",17:00,FALSE
fare_DEL-BOM_AI_2026-10-19_T+45_1788556696008_mw4t,DEL-BOM,EaseMyTrip,AI,AI-2907,2026-10-19,T+45,14197,3117,17314,2026-09-04T20:56:45.685Z,TRUE,"High outlier: ₹17314 > upper fence ₹15699 (Q3: ₹10491, IQR: ₹3472)",12:00,FALSE
fare_DEL-BOM_IX_2026-10-19_T+45_1788556696008_lrzo,DEL-BOM,EaseMyTrip,IX,IX-1068,2026-10-19,T+45,14598,3205,17803,2026-09-04T20:56:45.685Z,TRUE,"High outlier: ₹17803 > upper fence ₹15699 (Q3: ₹10491, IQR: ₹3472)",11:55,FALSE
fare_DEL-BOM_AI_2026-10-19_T+45_1788556696008_f7px,DEL-BOM,EaseMyTrip,AI,AI-1773,2026-10-19,T+45,14497,3182,17679,2026-09-04T20:56:45.685Z,TRUE,"High outlier: ₹17679 > upper fence ₹15699 (Q3: ₹10491, IQR: ₹3472)",10:30,FALSE
fare_DEL-BOM_AI_2026-10-19_T+45_1788556696008_fsm3,DEL-BOM,EaseMyTrip,AI,AI-2577,2026-10-19,T+45,16071,3528,19599,2026-09-04T20:56:45.685Z,TRUE,"High outlier: ₹19599 > upper fence ₹15699 (Q3: ₹10491, IQR: ₹3472)",02:00,FALSE
fare_DEL-BOM_AI_2026-10-19_T+45_1788556696008_w7fc,DEL-BOM,EaseMyTrip,AI,AI-2859,2026-10-19,T+45,16334,3586,19920,2026-09-04T20:56:45.685Z,TRUE,"High outlier: ₹19920 > upper fence ₹15699 (Q3: ₹10491, IQR: ₹3472)",10:30,FALSE
fare_DEL-BOM_AI_2026-10-19_T+45_1788556696008_pc1h,DEL-BOM,EaseMyTrip,AI,AI-2465,2026-10-19,T+45,16422,3605,20027,2026-09-04T20:56:45.685Z,TRUE,"High outlier: ₹20027 > upper fence ₹15699 (Q3: ₹10491, IQR: ₹3472)",14:30,FALSE
fare_DEL-BOM_IX_2026-10-19_T+45_1788556696008_ztwg,DEL-BOM,EaseMyTrip,IX,IX-1081,2026-10-19,T+45,17154,3765,20919,2026-09-04T20:56:45.685Z,TRUE,"High outlier: ₹20919 > upper fence ₹15699 (Q3: ₹10491, IQR: ₹3472)",15:25,FALSE
fare_DEL-BOM_IX_2026-10-19_T+45_1788556696008_fu34,DEL-BOM,EaseMyTrip,IX,IX-1273,2026-10-19,T+45,17154,3765,20919,2026-09-04T20:56:45.685Z,TRUE,"High outlier: ₹20919 > upper fence ₹15699 (Q3: ₹10491, IQR: ₹3472)",12:05,FALSE
fare_DEL-BOM_AI_2026-10-19_T+45_1788556696008_tf98,DEL-BOM,EaseMyTrip,AI,AI-427,2026-10-19,T+45,17023,3737,20760,2026-09-04T20:56:45.685Z,TRUE,"High outlier: ₹20760 > upper fence ₹15699 (Q3: ₹10491, IQR: ₹3472)",08:30,FALSE
fare_DEL-BOM_AI_2026-10-19_T+45_1788556696008_4ohu,DEL-BOM,EaseMyTrip,AI,AI-2653,2026-10-19,T+45,17290,3795,21085,2026-09-04T20:56:45.685Z,TRUE,"High outlier: ₹21085 > upper fence ₹15699 (Q3: ₹10491, IQR: ₹3472)",04:30,FALSE
fare_DEL-BOM_AI_2026-10-19_T+45_1788556696008_yc0w,DEL-BOM,EaseMyTrip,AI,AI-1739,2026-10-19,T+45,17347,3808,21155,2026-09-04T20:56:45.685Z,TRUE,"High outlier: ₹21155 > upper fence ₹15699 (Q3: ₹10491, IQR: ₹3472)",11:30,FALSE
fare_DEL-BOM_AI_2026-10-19_T+45_1788556696008_ikvi,DEL-BOM,EaseMyTrip,AI,AI-2627,2026-10-19,T+45,17377,3815,21192,2026-09-04T20:56:45.685Z,TRUE,"High outlier: ₹21192 > upper fence ₹15699 (Q3: ₹10491, IQR: ₹3472)",10:45,FALSE
fare_DEL-BOM_AI_2026-10-19_T+45_1788556696008_k2bp,DEL-BOM,EaseMyTrip,AI,AI-1779,2026-10-19,T+45,17486,3838,21324,2026-09-04T20:56:45.685Z,TRUE,"High outlier: ₹21324 > upper fence ₹15699 (Q3: ₹10491, IQR: ₹3472)",13:45,FALSE
fare_DEL-BOM_AI_2026-10-19_T+45_1788556696008_pism,DEL-BOM,EaseMyTrip,AI,AI-2483,2026-10-19,T+45,18662,4097,22759,2026-09-04T20:56:45.685Z,TRUE,"High outlier: ₹22759 > upper fence ₹15699 (Q3: ₹10491, IQR: ₹3472)",12:20,FALSE
fare_DEL-BOM_IX_2026-10-19_T+45_1788556696008_2wu0,DEL-BOM,EaseMyTrip,IX,IX-1076,2026-10-19,T+45,21631,4748,26379,2026-09-04T20:56:45.685Z,TRUE,"High outlier: ₹26379 > upper fence ₹15699 (Q3: ₹10491, IQR: ₹3472)",09:00,FALSE
fare_DEL-BOM_AI_2026-10-19_T+45_1788556696008_1s1p,DEL-BOM,EaseMyTrip,AI,AI-2525,2026-10-19,T+45,21537,4728,26265,2026-09-04T20:56:45.685Z,TRUE,"High outlier: ₹26265 > upper fence ₹15699 (Q3: ₹10491, IQR: ₹3472)",06:00,FALSE
fare_DEL-BOM_6E_2026-09-11_T+7_1788556696009_8ro3,DEL-BOM,EaseMyTrip,6E,6E-225,2026-09-11,T+7,4994,1096,6090,2026-09-04T02:30:56.192Z,FALSE,"",19:35,FALSE
fare_DEL-BOM_6E_2026-09-11_T+7_1788556696009_i15q,DEL-BOM,EaseMyTrip,6E,6E-689,2026-09-11,T+7,4994,1096,6090,2026-09-04T02:30:56.192Z,FALSE,"",19:35,FALSE
fare_DEL-BOM_6E_2026-09-11_T+7_1788556696009_shid,DEL-BOM,EaseMyTrip,6E,6E-5119,2026-09-11,T+7,4994,1096,6090,2026-09-04T02:30:56.192Z,FALSE,"",05:10,FALSE
fare_DEL-BOM_6E_2026-09-11_T+7_1788556696009_qulf,DEL-BOM,EaseMyTrip,6E,6E-2076,2026-09-11,T+7,4994,1096,6090,2026-09-04T02:30:56.192Z,FALSE,"",07:30,FALSE
fare_DEL-BOM_6E_2026-09-11_T+7_1788556696009_26if,DEL-BOM,EaseMyTrip,6E,6E-5073,2026-09-11,T+7,4994,1096,6090,2026-09-04T02:30:56.192Z,FALSE,"",17:05,FALSE
fare_DEL-BOM_6E_2026-09-11_T+7_1788556696009_azid,DEL-BOM,EaseMyTrip,6E,6E-6261,2026-09-11,T+7,4994,1096,6090,2026-09-04T02:30:56.192Z,FALSE,"",00:15,FALSE
fare_DEL-BOM_6E_2026-09-11_T+7_1788556696009_sxwj,DEL-BOM,EaseMyTrip,6E,6E-2013,2026-09-11,T+7,4994,1096,6090,2026-09-04T02:30:56.192Z,FALSE,"",21:50,FALSE
fare_DEL-BOM_6E_2026-09-11_T+7_1788556696009_belf,DEL-BOM,EaseMyTrip,6E,6E-2331,2026-09-11,T+7,4994,1096,6090,2026-09-04T02:30:56.192Z,FALSE,"",12:20,FALSE
fare_DEL-BOM_6E_2026-09-11_T+7_1788556696009_txlu,DEL-BOM,EaseMyTrip,6E,6E-6190,2026-09-11,T+7,4998,1097,6095,2026-09-04T02:30:56.192Z,FALSE,"",07:40,FALSE
fare_DEL-BOM_IX_2026-09-11_T+7_1788556696009_z73o,DEL-BOM,EaseMyTrip,IX,IX-1165,2026-09-11,T+7,5354,1175,6529,2026-09-04T02:30:56.192Z,FALSE,"",05:45,FALSE
fare_DEL-BOM_IX_2026-09-11_T+7_1788556696009_fccl,DEL-BOM,EaseMyTrip,IX,IX-1392,2026-09-11,T+7,5354,1175,6529,2026-09-04T02:30:56.192Z,FALSE,"",23:25,FALSE
fare_DEL-BOM_IX_2026-09-11_T+7_1788556696009_ire8,DEL-BOM,EaseMyTrip,IX,IX-1056,2026-09-11,T+7,5354,1175,6529,2026-09-04T02:30:56.192Z,FALSE,"",05:35,TRUE
fare_DEL-BOM_6E_2026-09-11_T+7_1788556696009_g2fb,DEL-BOM,EaseMyTrip,6E,6E-6443,2026-09-11,T+7,5102,1120,6222,2026-09-04T02:30:56.192Z,FALSE,"",09:00,FALSE
fare_DEL-BOM_6E_2026-09-11_T+7_1788556696009_t4dj,DEL-BOM,EaseMyTrip,6E,6E-6433,2026-09-11,T+7,5102,1120,6222,2026-09-04T02:30:56.192Z,FALSE,"",16:30,FALSE
fare_DEL-BOM_6E_2026-09-11_T+7_1788556696009_lkab,DEL-BOM,EaseMyTrip,6E,6E-6459,2026-09-11,T+7,5102,1120,6222,2026-09-04T02:30:56.192Z,FALSE,"",05:55,FALSE
fare_DEL-BOM_6E_2026-09-11_T+7_1788556696009_84hd,DEL-BOM,EaseMyTrip,6E,6E-6569,2026-09-11,T+7,5102,1120,6222,2026-09-04T02:30:56.192Z,FALSE,"",05:00,FALSE
fare_DEL-BOM_6E_2026-09-11_T+7_1788556696009_1koe,DEL-BOM,EaseMyTrip,6E,6E-6490,2026-09-11,T+7,5105,1121,6226,2026-09-04T02:30:56.192Z,FALSE,"",04:55,FALSE
fare_DEL-BOM_6E_2026-09-11_T+7_1788556696009_afte,DEL-BOM,EaseMyTrip,6E,6E-6479,2026-09-11,T+7,5166,1134,6300,2026-09-04T02:30:56.192Z,FALSE,"",21:25,FALSE
fare_DEL-BOM_6E_2026-09-11_T+7_1788556696009_j679,DEL-BOM,EaseMyTrip,6E,6E-5298,2026-09-11,T+7,5166,1134,6300,2026-09-04T02:30:56.192Z,FALSE,"",09:00,FALSE
fare_DEL-BOM_6E_2026-09-11_T+7_1788556696009_wb7i,DEL-BOM,EaseMyTrip,6E,6E-6050,2026-09-11,T+7,5166,1134,6300,2026-09-04T02:30:56.192Z,FALSE,"",08:15,FALSE
fare_DEL-BOM_IX_2026-09-11_T+7_1788556696009_ojcp,DEL-BOM,EaseMyTrip,IX,IX-1273,2026-09-11,T+7,5729,1258,6987,2026-09-04T02:30:56.192Z,FALSE,"",12:20,FALSE
fare_DEL-BOM_IX_2026-09-11_T+7_1788556696009_0vhg,DEL-BOM,EaseMyTrip,IX,IX-1067,2026-09-11,T+7,5729,1258,6987,2026-09-04T02:30:56.192Z,FALSE,"",06:10,FALSE
fare_DEL-BOM_IX_2026-09-11_T+7_1788556696009_u9me,DEL-BOM,EaseMyTrip,IX,IX-1235,2026-09-11,T+7,5484,1204,6688,2026-09-04T02:30:56.192Z,FALSE,"",23:25,TRUE
fare_DEL-BOM_6E_2026-09-11_T+7_1788556696009_497f,DEL-BOM,EaseMyTrip,6E,6E-168,2026-09-11,T+7,5274,1158,6432,2026-09-04T02:30:56.192Z,FALSE,"",08:30,FALSE
fare_DEL-BOM_6E_2026-09-11_T+7_1788556696009_v9gt,DEL-BOM,EaseMyTrip,6E,6E-648,2026-09-11,T+7,5274,1158,6432,2026-09-04T02:30:56.192Z,FALSE,"",08:30,FALSE
fare_DEL-BOM_6E_2026-09-11_T+7_1788556696009_a89j,DEL-BOM,EaseMyTrip,6E,6E-771,2026-09-11,T+7,5274,1158,6432,2026-09-04T02:30:56.192Z,FALSE,"",23:15,FALSE
fare_DEL-BOM_6E_2026-09-11_T+7_1788556696009_1l68,DEL-BOM,EaseMyTrip,6E,6E-351,2026-09-11,T+7,5274,1158,6432,2026-09-04T02:30:56.192Z,FALSE,"",23:15,FALSE
fare_DEL-BOM_6E_2026-09-11_T+7_1788556696009_75ex,DEL-BOM,EaseMyTrip,6E,6E-6497,2026-09-11,T+7,5274,1158,6432,2026-09-04T02:30:56.192Z,FALSE,"",18:40,FALSE
fare_DEL-BOM_6E_2026-09-11_T+7_1788556696009_4ty9,DEL-BOM,EaseMyTrip,6E,6E-5096,2026-09-11,T+7,5282,1160,6442,2026-09-04T02:30:56.192Z,FALSE,"",17:00,TRUE
fare_DEL-BOM_QP_2026-09-11_T+7_1788556696009_nva6,DEL-BOM,EaseMyTrip,QP,QP-2074,2026-09-11,T+7,5330,1170,6500,2026-09-04T02:30:56.192Z,FALSE,"",14:10,TRUE
fare_DEL-BOM_QP_2026-09-11_T+7_1788556696009_ygqe,DEL-BOM,EaseMyTrip,QP,QP-1110,2026-09-11,T+7,5355,1175,6530,2026-09-04T02:30:56.192Z,FALSE,"",10:30,TRUE
fare_DEL-BOM_QP_2026-09-11_T+7_1788556696009_nefs,DEL-BOM,EaseMyTrip,QP,QP-1833,2026-09-11,T+7,5355,1175,6530,2026-09-04T02:30:56.192Z,FALSE,"",06:50,TRUE
fare_DEL-BOM_QP_2026-09-11_T+7_1788556696009_i4us,DEL-BOM,EaseMyTrip,QP,QP-1119,2026-09-11,T+7,5355,1175,6530,2026-09-04T02:30:56.192Z,FALSE,"",08:40,TRUE
fare_DEL-BOM_QP_2026-09-11_T+7_1788556696009_ijd1,DEL-BOM,EaseMyTrip,QP,QP-1836,2026-09-11,T+7,5355,1175,6530,2026-09-04T02:30:56.192Z,FALSE,"",12:30,TRUE
fare_DEL-BOM_6E_2026-09-11_T+7_1788556696009_28k9,DEL-BOM,EaseMyTrip,6E,6E-878,2026-09-11,T+7,5355,1175,6530,2026-09-04T02:30:56.192Z,FALSE,"",05:00,TRUE
fare_DEL-BOM_6E_2026-09-11_T+7_1788556696009_zzjj,DEL-BOM,EaseMyTrip,6E,6E-567,2026-09-11,T+7,5355,1175,6530,2026-09-04T02:30:56.192Z,FALSE,"",05:00,TRUE
fare_DEL-BOM_6E_2026-09-11_T+7_1788556696009_j8da,DEL-BOM,EaseMyTrip,6E,6E-265,2026-09-11,T+7,5355,1175,6530,2026-09-04T02:30:56.192Z,FALSE,"",23:30,TRUE
fare_DEL-BOM_6E_2026-09-11_T+7_1788556696009_ov44,DEL-BOM,EaseMyTrip,6E,6E-126,2026-09-11,T+7,5355,1175,6530,2026-09-04T02:30:56.192Z,FALSE,"",23:30,TRUE
fare_DEL-BOM_6E_2026-09-11_T+7_1788556696009_aom0,DEL-BOM,EaseMyTrip,6E,6E-470,2026-09-11,T+7,5355,1175,6530,2026-09-04T02:30:56.192Z,FALSE,"",15:30,TRUE
fare_DEL-BOM_6E_2026-09-11_T+7_1788556696009_zqpv,DEL-BOM,EaseMyTrip,6E,6E-246,2026-09-11,T+7,5355,1175,6530,2026-09-04T02:30:56.192Z,FALSE,"",15:30,TRUE
fare_DEL-BOM_6E_2026-09-11_T+7_1788556696009_kdcg,DEL-BOM,EaseMyTrip,6E,6E-6022,2026-09-11,T+7,5355,1175,6530,2026-09-04T02:30:56.192Z,FALSE,"",14:00,TRUE
fare_DEL-BOM_6E_2026-09-11_T+7_1788556696009_9dkf,DEL-BOM,EaseMyTrip,6E,6E-6318,2026-09-11,T+7,5355,1175,6530,2026-09-04T02:30:56.192Z,FALSE,"",14:45,TRUE
fare_DEL-BOM_6E_2026-09-11_T+7_1788556696009_inyv,DEL-BOM,EaseMyTrip,6E,6E-146,2026-09-11,T+7,5355,1175,6530,2026-09-04T02:30:56.192Z,FALSE,"",08:45,TRUE
fare_DEL-BOM_6E_2026-09-11_T+7_1788556696009_hmc8,DEL-BOM,EaseMyTrip,6E,6E-186,2026-09-11,T+7,5355,1175,6530,2026-09-04T02:30:56.192Z,FALSE,"",08:45,TRUE
fare_DEL-BOM_6E_2026-09-11_T+7_1788556696009_qma5,DEL-BOM,EaseMyTrip,6E,6E-6328,2026-09-11,T+7,5355,1175,6530,2026-09-04T02:30:56.192Z,FALSE,"",10:15,TRUE
fare_DEL-BOM_6E_2026-09-11_T+7_1788556696009_adpz,DEL-BOM,EaseMyTrip,6E,6E-6047,2026-09-11,T+7,5355,1175,6530,2026-09-04T02:30:56.192Z,FALSE,"",11:00,TRUE
fare_DEL-BOM_6E_2026-09-11_T+7_1788556696009_u8mq,DEL-BOM,EaseMyTrip,6E,6E-6676,2026-09-11,T+7,5355,1175,6530,2026-09-04T02:30:56.192Z,FALSE,"",12:00,TRUE
fare_DEL-BOM_6E_2026-09-11_T+7_1788556696009_815u,DEL-BOM,EaseMyTrip,6E,6E-194,2026-09-11,T+7,5355,1175,6530,2026-09-04T02:30:56.192Z,FALSE,"",13:00,TRUE
fare_DEL-BOM_6E_2026-09-11_T+7_1788556696009_e245,DEL-BOM,EaseMyTrip,6E,6E-451,2026-09-11,T+7,5355,1175,6530,2026-09-04T02:30:56.192Z,FALSE,"",13:00,TRUE
fare_DEL-BOM_6E_2026-09-11_T+7_1788556696009_xq0k,DEL-BOM,EaseMyTrip,6E,6E-6107,2026-09-11,T+7,5355,1175,6530,2026-09-04T02:30:56.192Z,FALSE,"",09:30,TRUE
fare_DEL-BOM_QP_2026-09-11_T+7_1788556696009_putq,DEL-BOM,EaseMyTrip,QP,QP-1940,2026-09-11,T+7,5427,1191,6618,2026-09-04T02:30:56.192Z,FALSE,"",14:05,TRUE
fare_DEL-BOM_6E_2026-09-11_T+7_1788556696009_icxs,DEL-BOM,EaseMyTrip,6E,6E-5198,2026-09-11,T+7,5427,1191,6618,2026-09-04T02:30:56.192Z,FALSE,"",15:00,TRUE
fare_DEL-BOM_6E_2026-09-11_T+7_1788556696009_mz1i,DEL-BOM,EaseMyTrip,6E,6E-456,2026-09-11,T+7,5484,1204,6688,2026-09-04T02:30:56.192Z,FALSE,"",16:15,TRUE
fare_DEL-BOM_6E_2026-09-11_T+7_1788556696009_y6sw,DEL-BOM,EaseMyTrip,6E,6E-361,2026-09-11,T+7,5484,1204,6688,2026-09-04T02:30:56.192Z,FALSE,"",16:15,TRUE
fare_DEL-BOM_6E_2026-09-11_T+7_1788556696009_a3je,DEL-BOM,EaseMyTrip,6E,6E-6218,2026-09-11,T+7,5484,1204,6688,2026-09-04T02:30:56.192Z,FALSE,"",06:05,TRUE
fare_DEL-BOM_6E_2026-09-11_T+7_1788556696009_04hk,DEL-BOM,EaseMyTrip,6E,6E-2249,2026-09-11,T+7,5488,1205,6693,2026-09-04T02:30:56.192Z,FALSE,"",15:00,FALSE
fare_DEL-BOM_6E_2026-09-11_T+7_1788556696009_5w43,DEL-BOM,EaseMyTrip,6E,6E-2169,2026-09-11,T+7,5488,1205,6693,2026-09-04T02:30:56.192Z,FALSE,"",19:40,FALSE
fare_DEL-BOM_6E_2026-09-11_T+7_1788556696009_1vt2,DEL-BOM,EaseMyTrip,6E,6E-5138,2026-09-11,T+7,5488,1205,6693,2026-09-04T02:30:56.192Z,FALSE,"",19:10,FALSE
fare_DEL-BOM_6E_2026-09-11_T+7_1788556696009_eadj,DEL-BOM,EaseMyTrip,6E,6E-6470,2026-09-11,T+7,5526,1213,6739,2026-09-04T02:30:56.192Z,FALSE,"",06:55,TRUE
fare_DEL-BOM_QP_2026-09-11_T+7_1788556696009_2kde,DEL-BOM,EaseMyTrip,QP,QP-1128,2026-09-11,T+7,5551,1219,6770,2026-09-04T02:30:56.192Z,FALSE,"",16:00,TRUE
fare_DEL-BOM_6E_2026-09-11_T+7_1788556696009_dadx,DEL-BOM,EaseMyTrip,6E,6E-5206,2026-09-11,T+7,5553,1219,6772,2026-09-04T02:30:56.192Z,FALSE,"",13:20,FALSE
fare_DEL-BOM_AI_2026-09-11_T+7_1788556696009_mrpu,DEL-BOM,EaseMyTrip,AI,AI-2678,2026-09-11,T+7,5740,1260,7000,2026-09-04T02:30:56.192Z,FALSE,"",08:30,TRUE
fare_DEL-BOM_AI_2026-09-11_T+7_1788556696009_honm,DEL-BOM,EaseMyTrip,AI,AI-1745,2026-09-11,T+7,5740,1260,7000,2026-09-04T02:30:56.192Z,FALSE,"",05:00,TRUE
fare_DEL-BOM_AI_2026-09-11_T+7_1788556696009_aa1v,DEL-BOM,EaseMyTrip,AI,AI-2441,2026-09-11,T+7,5740,1260,7000,2026-09-04T02:30:56.192Z,FALSE,"",14:10,TRUE
fare_DEL-BOM_AI_2026-09-11_T+7_1788556696009_rrc0,DEL-BOM,EaseMyTrip,AI,AI-2995,2026-09-11,T+7,5740,1260,7000,2026-09-04T02:30:56.192Z,FALSE,"",10:00,TRUE
fare_DEL-BOM_AI_2026-09-11_T+7_1788556696009_m664,DEL-BOM,EaseMyTrip,AI,AI-2945,2026-09-11,T+7,5740,1260,7000,2026-09-04T02:30:56.192Z,FALSE,"",11:00,TRUE
fare_DEL-BOM_AI_2026-09-11_T+7_1788556696009_w393,DEL-BOM,EaseMyTrip,AI,AI-1785,2026-09-11,T+7,5740,1260,7000,2026-09-04T02:30:56.192Z,FALSE,"",12:00,TRUE
fare_DEL-BOM_AI_2026-09-11_T+7_1788556696009_akhg,DEL-BOM,EaseMyTrip,AI,AI-2933,2026-09-11,T+7,5740,1260,7000,2026-09-04T02:30:56.192Z,FALSE,"",15:30,TRUE
fare_DEL-BOM_AI_2026-09-11_T+7_1788556696009_wo1m,DEL-BOM,EaseMyTrip,AI,AI-1777,2026-09-11,T+7,5740,1260,7000,2026-09-04T02:30:56.192Z,FALSE,"",16:00,TRUE
fare_DEL-BOM_AI_2026-09-11_T+7_1788556696009_0v2a,DEL-BOM,EaseMyTrip,AI,AI-2927,2026-09-11,T+7,5740,1260,7000,2026-09-04T02:30:56.192Z,FALSE,"",09:30,TRUE
fare_DEL-BOM_AI_2026-09-11_T+7_1788556696009_b4lv,DEL-BOM,EaseMyTrip,AI,AI-1780,2026-09-11,T+7,5740,1260,7000,2026-09-04T02:30:56.192Z,FALSE,"",16:10,TRUE
fare_DEL-BOM_6E_2026-09-11_T+7_1788556696009_0cdu,DEL-BOM,EaseMyTrip,6E,6E-6114,2026-09-11,T+7,5656,1242,6898,2026-09-04T02:30:56.192Z,FALSE,"",22:45,TRUE
fare_DEL-BOM_6E_2026-09-11_T+7_1788556696009_72vv,DEL-BOM,EaseMyTrip,6E,6E-274,2026-09-11,T+7,5656,1242,6898,2026-09-04T02:30:56.192Z,FALSE,"",08:00,TRUE
fare_DEL-BOM_6E_2026-09-11_T+7_1788556696009_3ve6,DEL-BOM,EaseMyTrip,6E,6E-444,2026-09-11,T+7,5656,1242,6898,2026-09-04T02:30:56.192Z,FALSE,"",08:00,TRUE
fare_DEL-BOM_6E_2026-09-11_T+7_1788556696009_0m78,DEL-BOM,EaseMyTrip,6E,6E-6814,2026-09-11,T+7,5656,1242,6898,2026-09-04T02:30:56.192Z,FALSE,"",07:15,TRUE
fare_DEL-BOM_AI_2026-09-11_T+7_1788556696009_6zgn,DEL-BOM,EaseMyTrip,AI,AI-2975,2026-09-11,T+7,5870,1289,7159,2026-09-04T02:30:56.192Z,FALSE,"",06:30,TRUE
fare_DEL-BOM_AI_2026-09-11_T+7_1788556696009_p9mx,DEL-BOM,EaseMyTrip,AI,AI-2941,2026-09-11,T+7,5870,1289,7159,2026-09-04T02:30:56.192Z,FALSE,"",16:30,TRUE
fare_DEL-BOM_6E_2026-09-11_T+7_1788556696009_q385,DEL-BOM,EaseMyTrip,6E,6E-6983,2026-09-11,T+7,5806,1274,7080,2026-09-04T02:30:56.192Z,FALSE,"",15:35,FALSE
fare_DEL-BOM_6E_2026-09-11_T+7_1788556696009_x65e,DEL-BOM,EaseMyTrip,6E,6E-2571,2026-09-11,T+7,5863,1287,7150,2026-09-04T02:30:56.192Z,FALSE,"",12:30,FALSE
fare_DEL-BOM_AI_2026-09-11_T+7_1788556696009_duj8,DEL-BOM,EaseMyTrip,AI,AI-2429,2026-09-11,T+7,6043,1326,7369,2026-09-04T02:30:56.192Z,FALSE,"",07:00,TRUE
fare_DEL-BOM_AI_2026-09-11_T+7_1788556696009_2bi5,DEL-BOM,EaseMyTrip,AI,AI-2943,2026-09-11,T+7,6043,1326,7369,2026-09-04T02:30:56.192Z,FALSE,"",07:30,TRUE
fare_DEL-BOM_AI_2026-09-11_T+7_1788556696009_ujgs,DEL-BOM,EaseMyTrip,AI,AI-441,2026-09-11,T+7,6043,1326,7369,2026-09-04T02:30:56.192Z,FALSE,"",17:00,TRUE
fare_DEL-BOM_6E_2026-09-11_T+7_1788556696009_z4f5,DEL-BOM,EaseMyTrip,6E,6E-6293,2026-09-11,T+7,6086,1336,7422,2026-09-04T02:30:56.192Z,FALSE,"",09:55,FALSE
fare_DEL-BOM_AI_2026-09-11_T+7_1788556696009_my56,DEL-BOM,EaseMyTrip,AI,AI-2951,2026-09-11,T+7,6257,1373,7630,2026-09-04T02:30:56.192Z,FALSE,"",13:30,TRUE
fare_DEL-BOM_6E_2026-09-11_T+7_1788556696009_ewsc,DEL-BOM,EaseMyTrip,6E,6E-7646,2026-09-11,T+7,6120,1343,7463,2026-09-04T02:30:56.192Z,FALSE,"",06:15,FALSE
fare_DEL-BOM_6E_2026-09-11_T+7_1788556696009_nzsk,DEL-BOM,EaseMyTrip,6E,6E-6706,2026-09-11,T+7,6130,1345,7475,2026-09-04T02:30:56.192Z,FALSE,"",17:00,TRUE
fare_DEL-BOM_6E_2026-09-11_T+7_1788556696009_t8tp,DEL-BOM,EaseMyTrip,6E,6E-7626,2026-09-11,T+7,6292,1381,7673,2026-09-04T02:30:56.192Z,FALSE,"",10:30,FALSE
fare_DEL-BOM_SG_2026-09-11_T+7_1788556696010_scqg,DEL-BOM,EaseMyTrip,SG,SG-996,2026-09-11,T+7,6846,1503,8349,2026-09-04T02:30:56.192Z,FALSE,"",22:30,TRUE
fare_DEL-BOM_SG_2026-09-11_T+7_1788556696010_na2t,DEL-BOM,EaseMyTrip,SG,SG-927,2026-09-11,T+7,6846,1503,8349,2026-09-04T02:30:56.192Z,FALSE,"",22:30,TRUE
fare_DEL-BOM_6E_2026-09-11_T+7_1788556696010_mflt,DEL-BOM,EaseMyTrip,6E,6E-419,2026-09-11,T+7,6388,1402,7790,2026-09-04T02:30:56.192Z,FALSE,"",21:45,TRUE
fare_DEL-BOM_6E_2026-09-11_T+7_1788556696010_90oi,DEL-BOM,EaseMyTrip,6E,6E-548,2026-09-11,T+7,6388,1402,7790,2026-09-04T02:30:56.192Z,FALSE,"",21:45,TRUE
fare_DEL-BOM_6E_2026-09-11_T+7_1788556696010_eftz,DEL-BOM,EaseMyTrip,6E,6E-5038,2026-09-11,T+7,6445,1415,7860,2026-09-04T02:30:56.192Z,FALSE,"",14:00,FALSE
fare_DEL-BOM_6E_2026-09-11_T+7_1788556696010_0g1h,DEL-BOM,EaseMyTrip,6E,6E-7642,2026-09-11,T+7,6622,1454,8076,2026-09-04T02:30:56.192Z,FALSE,"",15:45,FALSE
fare_DEL-BOM_QP_2026-09-11_T+7_1788556696010_jl73,DEL-BOM,EaseMyTrip,QP,QP-1820,2026-09-11,T+7,6658,1461,8119,2026-09-04T02:30:56.192Z,FALSE,"",17:30,TRUE
fare_DEL-BOM_6E_2026-09-11_T+7_1788556696010_4yox,DEL-BOM,EaseMyTrip,6E,6E-6829,2026-09-11,T+7,6895,1513,8408,2026-09-04T02:30:56.192Z,FALSE,"",17:20,FALSE
fare_DEL-BOM_6E_2026-09-11_T+7_1788556696010_9s8t,DEL-BOM,EaseMyTrip,6E,6E-258,2026-09-11,T+7,7034,1544,8578,2026-09-04T02:30:56.192Z,FALSE,"",18:00,TRUE
fare_DEL-BOM_6E_2026-09-11_T+7_1788556696010_p4z4,DEL-BOM,EaseMyTrip,6E,6E-884,2026-09-11,T+7,7034,1544,8578,2026-09-04T02:30:56.192Z,FALSE,"",18:00,TRUE
fare_DEL-BOM_6E_2026-09-11_T+7_1788556696010_mwe7,DEL-BOM,EaseMyTrip,6E,6E-386,2026-09-11,T+7,7131,1565,8696,2026-09-04T02:30:56.192Z,FALSE,"",19:30,FALSE
fare_DEL-BOM_6E_2026-09-11_T+7_1788556696010_mmj4,DEL-BOM,EaseMyTrip,6E,6E-221,2026-09-11,T+7,7131,1565,8696,2026-09-04T02:30:56.192Z,FALSE,"",19:30,FALSE
fare_DEL-BOM_IX_2026-09-11_T+7_1788556696010_qfp1,DEL-BOM,EaseMyTrip,IX,IX-1038,2026-09-11,T+7,7464,1639,9103,2026-09-04T02:30:56.192Z,FALSE,"",17:35,TRUE
fare_DEL-BOM_6E_2026-09-11_T+7_1788556696010_cays,DEL-BOM,EaseMyTrip,6E,6E-2341,2026-09-11,T+7,7242,1590,8832,2026-09-04T02:30:56.192Z,FALSE,"",14:50,FALSE
fare_DEL-BOM_6E_2026-09-11_T+7_1788556696010_4rvy,DEL-BOM,EaseMyTrip,6E,6E-803,2026-09-11,T+7,7464,1639,9103,2026-09-04T02:30:56.192Z,FALSE,"",20:45,TRUE
fare_DEL-BOM_6E_2026-09-11_T+7_1788556696010_0ye5,DEL-BOM,EaseMyTrip,6E,6E-113,2026-09-11,T+7,7464,1639,9103,2026-09-04T02:30:56.192Z,FALSE,"",20:45,TRUE
fare_DEL-BOM_6E_2026-09-11_T+7_1788556696010_voiu,DEL-BOM,EaseMyTrip,6E,6E-6282,2026-09-11,T+7,7630,1675,9305,2026-09-04T02:30:56.192Z,FALSE,"",13:30,FALSE
fare_DEL-BOM_6E_2026-09-11_T+7_1788556696010_hqag,DEL-BOM,EaseMyTrip,6E,6E-2349,2026-09-11,T+7,7637,1677,9314,2026-09-04T02:30:56.192Z,FALSE,"",10:55,FALSE
fare_DEL-BOM_AI_2026-09-11_T+7_1788556696010_zrd1,DEL-BOM,EaseMyTrip,AI,AI-2509,2026-09-11,T+7,7847,1722,9569,2026-09-04T02:30:56.192Z,FALSE,"",06:55,FALSE
fare_DEL-BOM_6E_2026-09-11_T+7_1788556696010_krj9,DEL-BOM,EaseMyTrip,6E,6E-6171,2026-09-11,T+7,7971,1750,9721,2026-09-04T02:30:56.192Z,FALSE,"",05:40,FALSE
fare_DEL-BOM_6E_2026-09-11_T+7_1788556696010_poq2,DEL-BOM,EaseMyTrip,6E,6E-526,2026-09-11,T+7,7981,1752,9733,2026-09-04T02:30:56.192Z,FALSE,"",20:00,TRUE
fare_DEL-BOM_6E_2026-09-11_T+7_1788556696010_qu3o,DEL-BOM,EaseMyTrip,6E,6E-214,2026-09-11,T+7,7981,1752,9733,2026-09-04T02:30:56.192Z,FALSE,"",20:00,TRUE
fare_DEL-BOM_6E_2026-09-11_T+7_1788556696010_9ju0,DEL-BOM,EaseMyTrip,6E,6E-304,2026-09-11,T+7,7981,1752,9733,2026-09-04T02:30:56.192Z,FALSE,"",19:00,TRUE
fare_DEL-BOM_6E_2026-09-11_T+7_1788556696010_ioh9,DEL-BOM,EaseMyTrip,6E,6E-641,2026-09-11,T+7,7981,1752,9733,2026-09-04T02:30:56.192Z,FALSE,"",19:00,TRUE
fare_DEL-BOM_AI_2026-09-11_T+7_1788556696010_jvi2,DEL-BOM,EaseMyTrip,AI,AI-2439,2026-09-11,T+7,8190,1798,9988,2026-09-04T02:30:56.192Z,FALSE,"",23:00,TRUE
fare_DEL-BOM_AI_2026-09-11_T+7_1788556696010_opm9,DEL-BOM,EaseMyTrip,AI,AI-2499,2026-09-11,T+7,8261,1813,10074,2026-09-04T02:30:56.192Z,FALSE,"",05:55,FALSE
fare_DEL-BOM_AI_2026-09-11_T+7_1788556696010_caxv,DEL-BOM,EaseMyTrip,AI,AI-2569,2026-09-11,T+7,8261,1813,10074,2026-09-04T02:30:56.192Z,FALSE,"",20:25,FALSE
fare_DEL-BOM_AI_2026-09-11_T+7_1788556696010_5ijt,DEL-BOM,EaseMyTrip,AI,AI-1710,2026-09-11,T+7,8261,1813,10074,2026-09-04T02:30:56.192Z,FALSE,"",18:35,FALSE
fare_DEL-BOM_AI_2026-09-11_T+7_1788556696010_fyn1,DEL-BOM,EaseMyTrip,AI,AI-1717,2026-09-11,T+7,8261,1813,10074,2026-09-04T02:30:56.192Z,FALSE,"",14:20,FALSE
fare_DEL-BOM_6E_2026-09-11_T+7_1788556696010_d028,DEL-BOM,EaseMyTrip,6E,6E-848,2026-09-11,T+7,8367,1837,10204,2026-09-04T02:30:56.192Z,FALSE,"",20:20,TRUE
fare_DEL-BOM_6E_2026-09-11_T+7_1788556696010_7fix,DEL-BOM,EaseMyTrip,6E,6E-873,2026-09-11,T+7,8367,1837,10204,2026-09-04T02:30:56.192Z,FALSE,"",20:20,TRUE
fare_DEL-BOM_QP_2026-09-11_T+7_1788556696010_nb47,DEL-BOM,EaseMyTrip,QP,QP-1826,2026-09-11,T+7,8465,1858,10323,2026-09-04T02:30:56.192Z,FALSE,"",19:55,TRUE
fare_DEL-BOM_AI_2026-09-11_T+7_1788556696010_9ax2,DEL-BOM,EaseMyTrip,AI,AI-1705,2026-09-11,T+7,8895,1952,10847,2026-09-04T02:30:56.192Z,FALSE,"",06:30,FALSE
fare_DEL-BOM_AI_2026-09-11_T+7_1788556696010_s4e4,DEL-BOM,EaseMyTrip,AI,AI-2955,2026-09-11,T+7,9119,2002,11121,2026-09-04T02:30:56.192Z,FALSE,"",18:00,TRUE
fare_DEL-BOM_AI_2026-09-11_T+7_1788556696010_v2qp,DEL-BOM,EaseMyTrip,AI,AI-9757,2026-09-11,T+7,9551,2097,11648,2026-09-04T02:30:56.192Z,FALSE,"",11:50,FALSE
fare_DEL-BOM_AI_2026-09-11_T+7_1788556696010_ilgv,DEL-BOM,EaseMyTrip,AI,AI-9759,2026-09-11,T+7,9551,2097,11648,2026-09-04T02:30:56.192Z,FALSE,"",05:45,FALSE
fare_DEL-BOM_IX_2026-09-11_T+7_1788556696010_x2oy,DEL-BOM,EaseMyTrip,IX,IX-1001,2026-09-11,T+7,10783,2367,13150,2026-09-04T02:30:56.192Z,FALSE,"",09:00,FALSE
fare_DEL-BOM_AI_2026-09-11_T+7_1788556696010_4ze3,DEL-BOM,EaseMyTrip,AI,AI-9674,2026-09-11,T+7,10886,2390,13276,2026-09-04T02:30:56.192Z,FALSE,"",16:40,FALSE
fare_DEL-BOM_AI_2026-09-11_T+7_1788556696010_8nn9,DEL-BOM,EaseMyTrip,AI,AI-2981,2026-09-11,T+7,10912,2395,13307,2026-09-04T02:30:56.192Z,FALSE,"",21:00,TRUE
fare_DEL-BOM_AI_2026-09-11_T+7_1788556696010_s29r,DEL-BOM,EaseMyTrip,AI,AI-2433,2026-09-11,T+7,10912,2395,13307,2026-09-04T02:30:56.192Z,FALSE,"",21:30,TRUE
fare_DEL-BOM_AI_2026-09-11_T+7_1788556696010_fk8l,DEL-BOM,EaseMyTrip,AI,AI-2957,2026-09-11,T+7,10912,2395,13307,2026-09-04T02:30:56.192Z,FALSE,"",20:30,TRUE
fare_DEL-BOM_AI_2026-09-11_T+7_1788556696010_v18b,DEL-BOM,EaseMyTrip,AI,AI-2715,2026-09-11,T+7,11186,2455,13641,2026-09-04T02:30:56.192Z,FALSE,"",11:40,FALSE
fare_DEL-BOM_AI_2026-09-11_T+7_1788556696010_i9yx,DEL-BOM,EaseMyTrip,AI,AI-2959,2026-09-11,T+7,11186,2455,13641,2026-09-04T02:30:56.192Z,FALSE,"",07:10,FALSE
fare_DEL-BOM_AI_2026-09-11_T+7_1788556696010_qzva,DEL-BOM,EaseMyTrip,AI,AI-2909,2026-09-11,T+7,11186,2455,13641,2026-09-04T02:30:56.192Z,FALSE,"",22:30,FALSE
fare_DEL-BOM_AI_2026-09-11_T+7_1788556696010_vq20,DEL-BOM,EaseMyTrip,AI,AI-2545,2026-09-11,T+7,11186,2455,13641,2026-09-04T02:30:56.192Z,FALSE,"",20:30,FALSE
fare_DEL-BOM_AI_2026-09-11_T+7_1788556696010_i9qr,DEL-BOM,EaseMyTrip,AI,AI-531,2026-09-11,T+7,11186,2455,13641,2026-09-04T02:30:56.192Z,FALSE,"",19:20,FALSE
fare_DEL-BOM_AI_2026-09-11_T+7_1788556696010_t4uu,DEL-BOM,EaseMyTrip,AI,AI-881,2026-09-11,T+7,11186,2455,13641,2026-09-04T02:30:56.192Z,FALSE,"",13:35,FALSE
fare_DEL-BOM_AI_2026-09-11_T+7_1788556696010_82to,DEL-BOM,EaseMyTrip,AI,AI-2985,2026-09-11,T+7,11308,2482,13790,2026-09-04T02:30:56.192Z,FALSE,"",19:30,TRUE
fare_DEL-BOM_AI_2026-09-11_T+7_1788556696010_w3qw,DEL-BOM,EaseMyTrip,AI,AI-817,2026-09-11,T+7,11463,2516,13979,2026-09-04T02:30:56.192Z,FALSE,"",05:55,FALSE
fare_DEL-BOM_6E_2026-09-11_T+7_1788556696010_d9f8,DEL-BOM,EaseMyTrip,6E,6E-6212,2026-09-11,T+7,11414,2506,13920,2026-09-04T02:30:56.192Z,FALSE,"",14:45,FALSE
fare_DEL-BOM_6E_2026-09-11_T+7_1788556696010_3u7s,DEL-BOM,EaseMyTrip,6E,6E-5014,2026-09-11,T+7,11888,2609,14497,2026-09-04T02:30:56.192Z,FALSE,"",18:30,FALSE
fare_DEL-BOM_IX_2026-09-11_T+7_1788556696010_u622,DEL-BOM,EaseMyTrip,IX,IX-1049,2026-09-11,T+7,12180,2674,14854,2026-09-04T02:30:56.192Z,FALSE,"",18:40,FALSE
fare_DEL-BOM_AI_2026-09-11_T+7_1788556696010_nb4q,DEL-BOM,EaseMyTrip,AI,AI-2907,2026-09-11,T+7,12612,2768,15380,2026-09-04T02:30:56.192Z,FALSE,"",12:00,FALSE
fare_DEL-BOM_AI_2026-09-11_T+7_1788556696010_pr3s,DEL-BOM,EaseMyTrip,AI,AI-1743,2026-09-11,T+7,13065,2868,15933,2026-09-04T02:30:56.192Z,FALSE,"",06:20,FALSE
fare_DEL-BOM_AI_2026-09-11_T+7_1788556696010_ns9a,DEL-BOM,EaseMyTrip,AI,AI-2601,2026-09-11,T+7,13065,2868,15933,2026-09-04T02:30:56.192Z,FALSE,"",17:00,FALSE
fare_DEL-BOM_AI_2026-09-11_T+7_1788556696010_9y9j,DEL-BOM,EaseMyTrip,AI,AI-1742,2026-09-11,T+7,13065,2868,15933,2026-09-04T02:30:56.192Z,FALSE,"",20:00,FALSE
fare_DEL-BOM_AI_2026-09-11_T+7_1788556696010_6t57,DEL-BOM,EaseMyTrip,AI,AI-2761,2026-09-11,T+7,13552,2975,16527,2026-09-04T02:30:56.192Z,FALSE,"",16:25,FALSE
fare_DEL-BOM_IX_2026-09-11_T+7_1788556696010_0dqo,DEL-BOM,EaseMyTrip,IX,IX-1108,2026-09-11,T+7,13970,3067,17037,2026-09-04T02:30:56.192Z,FALSE,"",05:00,FALSE
fare_DEL-BOM_AI_2026-09-11_T+7_1788556696010_c37t,DEL-BOM,EaseMyTrip,AI,AI-9584,2026-09-11,T+7,13898,3051,16949,2026-09-04T02:30:56.192Z,FALSE,"",11:15,FALSE
fare_DEL-BOM_AI_2026-09-11_T+7_1788556696010_vmjd,DEL-BOM,EaseMyTrip,AI,AI-1773,2026-09-11,T+7,14497,3182,17679,2026-09-04T02:30:56.192Z,FALSE,"",10:30,FALSE
fare_DEL-BOM_IX_2026-09-11_T+7_1788556696010_8ol2,DEL-BOM,EaseMyTrip,IX,IX-1068,2026-09-11,T+7,15090,3313,18403,2026-09-04T02:30:56.192Z,FALSE,"",11:55,FALSE
fare_DEL-BOM_6E_2026-09-11_T+7_1788556696010_7e7c,DEL-BOM,EaseMyTrip,6E,6E-498,2026-09-11,T+7,15170,3330,18500,2026-09-04T02:30:56.192Z,FALSE,"",10:00,FALSE
fare_DEL-BOM_6E_2026-09-11_T+7_1788556696010_vu8j,DEL-BOM,EaseMyTrip,6E,6E-796,2026-09-11,T+7,15170,3330,18500,2026-09-04T02:30:56.192Z,FALSE,"",10:00,FALSE
fare_DEL-BOM_AI_2026-09-11_T+7_1788556696010_eaqi,DEL-BOM,EaseMyTrip,AI,AI-2577,2026-09-11,T+7,16071,3528,19599,2026-09-04T02:30:56.192Z,FALSE,"",02:00,FALSE
fare_DEL-BOM_6E_2026-09-11_T+7_1788556696010_hbbz,DEL-BOM,EaseMyTrip,6E,6E-6601,2026-09-11,T+7,15986,3509,19495,2026-09-04T02:30:56.192Z,FALSE,"",19:45,FALSE
fare_DEL-BOM_6E_2026-09-11_T+7_1788556696010_lzws,DEL-BOM,EaseMyTrip,6E,6E-383,2026-09-11,T+7,16097,3534,19631,2026-09-04T02:30:56.192Z,FALSE,"",12:15,FALSE
fare_DEL-BOM_6E_2026-09-11_T+7_1788556696010_a2i8,DEL-BOM,EaseMyTrip,6E,6E-551,2026-09-11,T+7,16097,3534,19631,2026-09-04T02:30:56.192Z,FALSE,"",12:15,FALSE
fare_DEL-BOM_AI_2026-09-11_T+7_1788556696010_aceq,DEL-BOM,EaseMyTrip,AI,AI-2859,2026-09-11,T+7,16361,3592,19953,2026-09-04T02:30:56.192Z,FALSE,"",10:30,FALSE
fare_DEL-BOM_AI_2026-09-11_T+7_1788556696010_p2sh,DEL-BOM,EaseMyTrip,AI,AI-1779,2026-09-11,T+7,16661,3657,20318,2026-09-04T02:30:56.192Z,FALSE,"",13:50,FALSE
fare_DEL-BOM_AI_2026-09-11_T+7_1788556696010_t4uy,DEL-BOM,EaseMyTrip,AI,AI-809,2026-09-11,T+7,17038,3740,20778,2026-09-04T02:30:56.192Z,FALSE,"",17:40,FALSE
fare_DEL-BOM_AI_2026-09-11_T+7_1788556696010_hc2f,DEL-BOM,EaseMyTrip,AI,AI-1739,2026-09-11,T+7,17263,3790,21053,2026-09-04T02:30:56.192Z,FALSE,"",11:30,FALSE
fare_DEL-BOM_AI_2026-09-11_T+7_1788556696010_6rwg,DEL-BOM,EaseMyTrip,AI,AI-2535,2026-09-11,T+7,17451,3831,21282,2026-09-04T02:30:56.192Z,FALSE,"",06:40,FALSE
fare_DEL-BOM_AI_2026-09-11_T+7_1788556696010_qfak,DEL-BOM,EaseMyTrip,AI,AI-2977,2026-09-11,T+7,18097,3973,22070,2026-09-04T02:30:56.192Z,FALSE,"",19:00,TRUE
fare_DEL-BOM_IX_2026-09-11_T+7_1788556696010_9g1u,DEL-BOM,EaseMyTrip,IX,IX-1003,2026-09-11,T+7,18698,4105,22803,2026-09-04T02:30:56.192Z,FALSE,"",19:10,FALSE
fare_DEL-BOM_SG_2026-09-11_T+7_1788556696010_w5m3,DEL-BOM,EaseMyTrip,SG,SG-682,2026-09-11,T+7,18287,4014,22301,2026-09-04T02:30:56.192Z,FALSE,"",20:10,TRUE
fare_DEL-BOM_SG_2026-09-11_T+7_1788556696010_9e0v,DEL-BOM,EaseMyTrip,SG,SG-816,2026-09-11,T+7,18287,4014,22301,2026-09-04T02:30:56.192Z,FALSE,"",20:10,TRUE
fare_DEL-BOM_AI_2026-09-11_T+7_1788556696010_rc5o,DEL-BOM,EaseMyTrip,AI,AI-2465,2026-09-11,T+7,18646,4093,22739,2026-09-04T02:30:56.192Z,FALSE,"",14:30,FALSE
fare_DEL-BOM_IX_2026-09-11_T+7_1788556696010_r8pm,DEL-BOM,EaseMyTrip,IX,IX-1815,2026-09-11,T+7,20215,4437,24652,2026-09-04T02:30:56.192Z,TRUE,"High outlier: ₹24652 > upper fence ₹23473 (Q3: ₹13307, IQR: ₹6777)",19:05,FALSE
fare_DEL-BOM_AI_2026-09-11_T+7_1788556696010_gttu,DEL-BOM,EaseMyTrip,AI,AI-2525,2026-09-11,T+7,21537,4728,26265,2026-09-04T02:30:56.192Z,TRUE,"High outlier: ₹26265 > upper fence ₹23473 (Q3: ₹13307, IQR: ₹6777)",06:00,FALSE
fare_DEL-BOM_IX_2026-09-11_T+7_1788556696010_piwc,DEL-BOM,EaseMyTrip,IX,IX-1811,2026-09-11,T+7,22161,4864,27025,2026-09-04T02:30:56.192Z,TRUE,"High outlier: ₹27025 > upper fence ₹23473 (Q3: ₹13307, IQR: ₹6777)",06:50,FALSE
fare_DEL-BOM_IX_2026-09-11_T+7_1788556696010_2z6e,DEL-BOM,EaseMyTrip,IX,IX-1812,2026-09-11,T+7,25146,5520,30666,2026-09-04T02:30:56.192Z,TRUE,"High outlier: ₹30666 > upper fence ₹23473 (Q3: ₹13307, IQR: ₹6777)",11:15,FALSE
fare_DEL-BOM_AI_2026-09-11_T+7_1788556696010_n5iv,DEL-BOM,EaseMyTrip,AI,AI-2627,2026-09-11,T+7,34897,7660,42557,2026-09-04T02:30:56.192Z,TRUE,"High outlier: ₹42557 > upper fence ₹23473 (Q3: ₹13307, IQR: ₹6777)",10:45,FALSE
fare_DEL-BOM_AI_2026-09-11_T+7_1788556696010_ovmt,DEL-BOM,EaseMyTrip,AI,AI-427,2026-09-11,T+7,36145,7934,44079,2026-09-04T02:30:56.192Z,TRUE,"High outlier: ₹44079 > upper fence ₹23473 (Q3: ₹13307, IQR: ₹6777)",08:30,FALSE