id,route_id,source,carrier,flight_number,flight_date,booking_window,base_fare,taxes,total_fare,scraped_at,is_outlier,outlier_reason,departure_time,is_nonstop
fare_BOM-DEL_IX_2026-09-18_T+15_1788471332353_1ues,BOM-DEL,EaseMyTrip,IX,IX-1787,2026-09-18,T+15,5595,1228,6823,2026-09-03T02:32:33.222Z,FALSE,"",13:10,FALSE
fare_BOM-DEL_IX_2026-09-18_T+15_1788471332353_7jm1,BOM-DEL,EaseMyTrip,IX,IX-1809,2026-09-18,T+15,5380,1181,6561,2026-09-03T02:32:33.222Z,FALSE,"",07:30,FALSE
fare_BOM-DEL_6E_2026-09-18_T+15_1788471332353_pwls,BOM-DEL,EaseMyTrip,6E,6E-5095,2026-09-18,T+15,5014,1101,6115,2026-09-03T02:32:33.222Z,FALSE,"",09:20,TRUE
fare_BOM-DEL_IX_2026-09-18_T+15_1788471332353_mlcx,BOM-DEL,EaseMyTrip,IX,IX-1050,2026-09-18,T+15,5380,1181,6561,2026-09-03T02:32:33.222Z,FALSE,"",08:55,TRUE
fare_BOM-DEL_IX_2026-09-18_T+15_1788471332353_7psg,BOM-DEL,EaseMyTrip,IX,IX-1364,2026-09-18,T+15,5380,1181,6561,2026-09-03T02:32:33.222Z,FALSE,"",21:55,TRUE
fare_BOM-DEL_IX_2026-09-18_T+15_1788471332353_4f7x,BOM-DEL,EaseMyTrip,IX,IX-1026,2026-09-18,T+15,5930,1302,7232,2026-09-03T02:32:33.222Z,FALSE,"",05:45,FALSE
fare_BOM-DEL_IX_2026-09-18_T+15_1788471332353_595d,BOM-DEL,EaseMyTrip,IX,IX-2153,2026-09-18,T+15,5552,1219,6771,2026-09-03T02:32:33.222Z,FALSE,"",20:25,TRUE
fare_BOM-DEL_QP_2026-09-18_T+15_1788471332353_78pj,BOM-DEL,EaseMyTrip,QP,QP-2071,2026-09-18,T+15,5330,1170,6500,2026-09-03T02:32:33.222Z,FALSE,"",06:05,TRUE
fare_BOM-DEL_IX_2026-09-18_T+15_1788471332353_w06z,BOM-DEL,EaseMyTrip,IX,IX-1671,2026-09-18,T+15,5626,1235,6861,2026-09-03T02:32:33.222Z,FALSE,"",16:45,TRUE
fare_BOM-DEL_6E_2026-09-18_T+15_1788471332353_wq8d,BOM-DEL,EaseMyTrip,6E,6E-2090,2026-09-18,T+15,5380,1181,6561,2026-09-03T02:32:33.222Z,FALSE,"",06:25,TRUE
fare_BOM-DEL_QP_2026-09-18_T+15_1788471332353_6xcr,BOM-DEL,EaseMyTrip,QP,QP-1111,2026-09-18,T+15,5381,1181,6562,2026-09-03T02:32:33.222Z,FALSE,"",05:25,TRUE
fare_BOM-DEL_QP_2026-09-18_T+15_1788471332353_733h,BOM-DEL,EaseMyTrip,QP,QP-1819,2026-09-18,T+15,5381,1181,6562,2026-09-03T02:32:33.222Z,FALSE,"",14:30,TRUE
fare_BOM-DEL_QP_2026-09-18_T+15_1788471332353_7l0v,BOM-DEL,EaseMyTrip,QP,QP-1834,2026-09-18,T+15,5381,1181,6562,2026-09-03T02:32:33.222Z,FALSE,"",10:20,TRUE
fare_BOM-DEL_QP_2026-09-18_T+15_1788471332353_9avu,BOM-DEL,EaseMyTrip,QP,QP-1127,2026-09-18,T+15,5381,1181,6562,2026-09-03T02:32:33.222Z,FALSE,"",12:55,TRUE
fare_BOM-DEL_QP_2026-09-18_T+15_1788471332353_emgd,BOM-DEL,EaseMyTrip,QP,QP-1825,2026-09-18,T+15,5381,1181,6562,2026-09-03T02:32:33.222Z,FALSE,"",16:50,TRUE
fare_BOM-DEL_QP_2026-09-18_T+15_1788471332353_p93i,BOM-DEL,EaseMyTrip,QP,QP-1835,2026-09-18,T+15,5381,1181,6562,2026-09-03T02:32:33.222Z,FALSE,"",11:50,TRUE
fare_BOM-DEL_6E_2026-09-18_T+15_1788471332353_d0yt,BOM-DEL,EaseMyTrip,6E,6E-107,2026-09-18,T+15,5381,1181,6562,2026-09-03T02:32:33.222Z,FALSE,"",05:00,TRUE
fare_BOM-DEL_6E_2026-09-18_T+15_1788471332353_3sbl,BOM-DEL,EaseMyTrip,6E,6E-770,2026-09-18,T+15,5381,1181,6562,2026-09-03T02:32:33.222Z,FALSE,"",05:00,TRUE
fare_BOM-DEL_6E_2026-09-18_T+15_1788471332353_t6zv,BOM-DEL,EaseMyTrip,6E,6E-442,2026-09-18,T+15,5381,1181,6562,2026-09-03T02:32:33.222Z,FALSE,"",16:00,TRUE
fare_BOM-DEL_6E_2026-09-18_T+15_1788471332353_v0oo,BOM-DEL,EaseMyTrip,6E,6E-810,2026-09-18,T+15,5381,1181,6562,2026-09-03T02:32:33.222Z,FALSE,"",16:00,TRUE
fare_BOM-DEL_6E_2026-09-18_T+15_1788471332353_47bw,BOM-DEL,EaseMyTrip,6E,6E-967,2026-09-18,T+15,5381,1181,6562,2026-09-03T02:32:33.222Z,FALSE,"",15:00,TRUE
fare_BOM-DEL_6E_2026-09-18_T+15_1788471332353_s0vf,BOM-DEL,EaseMyTrip,6E,6E-411,2026-09-18,T+15,5381,1181,6562,2026-09-03T02:32:33.222Z,FALSE,"",15:00,TRUE
fare_BOM-DEL_6E_2026-09-18_T+15_1788471332353_xp03,BOM-DEL,EaseMyTrip,6E,6E-6704,2026-09-18,T+15,5381,1181,6562,2026-09-03T02:32:33.222Z,FALSE,"",14:00,TRUE
fare_BOM-DEL_6E_2026-09-18_T+15_1788471332353_czl6,BOM-DEL,EaseMyTrip,6E,6E-6028,2026-09-18,T+15,5381,1181,6562,2026-09-03T02:32:33.222Z,FALSE,"",12:15,TRUE
fare_BOM-DEL_6E_2026-09-18_T+15_1788471332353_peg3,BOM-DEL,EaseMyTrip,6E,6E-482,2026-09-18,T+15,5381,1181,6562,2026-09-03T02:32:33.222Z,FALSE,"",13:00,TRUE
fare_BOM-DEL_6E_2026-09-18_T+15_1788471332353_p5bt,BOM-DEL,EaseMyTrip,6E,6E-175,2026-09-18,T+15,5381,1181,6562,2026-09-03T02:32:33.222Z,FALSE,"",13:00,TRUE
fare_BOM-DEL_6E_2026-09-18_T+15_1788471332353_e7kq,BOM-DEL,EaseMyTrip,6E,6E-6052,2026-09-18,T+15,5381,1181,6562,2026-09-03T02:32:33.222Z,FALSE,"",10:00,TRUE
fare_BOM-DEL_6E_2026-09-18_T+15_1788471332353_gvbj,BOM-DEL,EaseMyTrip,6E,6E-690,2026-09-18,T+15,5381,1181,6562,2026-09-03T02:32:33.222Z,FALSE,"",10:35,TRUE
fare_BOM-DEL_6E_2026-09-18_T+15_1788471332353_6l9p,BOM-DEL,EaseMyTrip,6E,6E-536,2026-09-18,T+15,5381,1181,6562,2026-09-03T02:32:33.222Z,FALSE,"",10:35,TRUE
fare_BOM-DEL_6E_2026-09-18_T+15_1788471332353_69te,BOM-DEL,EaseMyTrip,6E,6E-6827,2026-09-18,T+15,5381,1181,6562,2026-09-03T02:32:33.222Z,FALSE,"",11:30,TRUE
fare_BOM-DEL_6E_2026-09-18_T+15_1788471332353_5ni1,BOM-DEL,EaseMyTrip,6E,6E-983,2026-09-18,T+15,5381,1181,6562,2026-09-03T02:32:33.222Z,FALSE,"",09:00,TRUE
fare_BOM-DEL_6E_2026-09-18_T+15_1788471332353_0hei,BOM-DEL,EaseMyTrip,6E,6E-679,2026-09-18,T+15,5381,1181,6562,2026-09-03T02:32:33.222Z,FALSE,"",09:00,TRUE
fare_BOM-DEL_QP_2026-09-18_T+15_1788471332353_6ulm,BOM-DEL,EaseMyTrip,QP,QP-1939,2026-09-18,T+15,5423,1191,6614,2026-09-03T02:32:33.222Z,FALSE,"",10:10,TRUE
fare_BOM-DEL_6E_2026-09-18_T+15_1788471332353_8jqg,BOM-DEL,EaseMyTrip,6E,6E-5197,2026-09-18,T+15,5423,1191,6614,2026-09-03T02:32:33.222Z,FALSE,"",06:40,TRUE
fare_BOM-DEL_6E_2026-09-18_T+15_1788471332353_mi4y,BOM-DEL,EaseMyTrip,6E,6E-2237,2026-09-18,T+15,5457,1198,6655,2026-09-03T02:32:33.222Z,FALSE,"",18:40,FALSE
fare_BOM-DEL_6E_2026-09-18_T+15_1788471332353_d92j,BOM-DEL,EaseMyTrip,6E,6E-5059,2026-09-18,T+15,5457,1198,6655,2026-09-03T02:32:33.222Z,FALSE,"",05:45,FALSE
fare_BOM-DEL_6E_2026-09-18_T+15_1788471332353_l5h3,BOM-DEL,EaseMyTrip,6E,6E-105,2026-09-18,T+15,5457,1198,6655,2026-09-03T02:32:33.222Z,FALSE,"",14:40,FALSE
fare_BOM-DEL_6E_2026-09-18_T+15_1788471332353_tym2,BOM-DEL,EaseMyTrip,6E,6E-564,2026-09-18,T+15,5457,1198,6655,2026-09-03T02:32:33.222Z,FALSE,"",14:40,FALSE
fare_BOM-DEL_6E_2026-09-18_T+15_1788471332353_7etv,BOM-DEL,EaseMyTrip,6E,6E-247,2026-09-18,T+15,5457,1198,6655,2026-09-03T02:32:33.222Z,FALSE,"",01:30,FALSE
fare_BOM-DEL_6E_2026-09-18_T+15_1788471332353_abt0,BOM-DEL,EaseMyTrip,6E,6E-358,2026-09-18,T+15,5457,1198,6655,2026-09-03T02:32:33.222Z,FALSE,"",01:30,FALSE
fare_BOM-DEL_6E_2026-09-18_T+15_1788471332353_rd12,BOM-DEL,EaseMyTrip,6E,6E-512,2026-09-18,T+15,5457,1198,6655,2026-09-03T02:32:33.222Z,FALSE,"",04:00,FALSE
fare_BOM-DEL_6E_2026-09-18_T+15_1788471332353_ecsk,BOM-DEL,EaseMyTrip,6E,6E-422,2026-09-18,T+15,5457,1198,6655,2026-09-03T02:32:33.222Z,FALSE,"",04:00,FALSE
fare_BOM-DEL_6E_2026-09-18_T+15_1788471332353_n9l5,BOM-DEL,EaseMyTrip,6E,6E-5144,2026-09-18,T+15,5457,1198,6655,2026-09-03T02:32:33.222Z,FALSE,"",06:10,FALSE
fare_BOM-DEL_6E_2026-09-18_T+15_1788471332353_u69l,BOM-DEL,EaseMyTrip,6E,6E-2347,2026-09-18,T+15,5457,1198,6655,2026-09-03T02:32:33.222Z,FALSE,"",08:50,FALSE
fare_BOM-DEL_6E_2026-09-18_T+15_1788471332353_dcs3,BOM-DEL,EaseMyTrip,6E,6E-5107,2026-09-18,T+15,5457,1198,6655,2026-09-03T02:32:33.222Z,FALSE,"",20:00,FALSE
fare_BOM-DEL_6E_2026-09-18_T+15_1788471332353_fx0o,BOM-DEL,EaseMyTrip,6E,6E-5201,2026-09-18,T+15,5457,1198,6655,2026-09-03T02:32:33.222Z,FALSE,"",14:55,FALSE
fare_BOM-DEL_6E_2026-09-18_T+15_1788471332353_8igs,BOM-DEL,EaseMyTrip,6E,6E-196,2026-09-18,T+15,5510,1210,6720,2026-09-03T02:32:33.222Z,FALSE,"",23:45,TRUE
fare_BOM-DEL_6E_2026-09-18_T+15_1788471332353_z6li,BOM-DEL,EaseMyTrip,6E,6E-597,2026-09-18,T+15,5510,1210,6720,2026-09-03T02:32:33.222Z,FALSE,"",23:45,TRUE
fare_BOM-DEL_6E_2026-09-18_T+15_1788471332353_z0du,BOM-DEL,EaseMyTrip,6E,6E-6082,2026-09-18,T+15,5510,1210,6720,2026-09-03T02:32:33.222Z,FALSE,"",16:45,TRUE
fare_BOM-DEL_6E_2026-09-18_T+15_1788471332353_3s4u,BOM-DEL,EaseMyTrip,6E,6E-497,2026-09-18,T+15,5510,1210,6720,2026-09-03T02:32:33.222Z,FALSE,"",06:00,TRUE
fare_BOM-DEL_6E_2026-09-18_T+15_1788471332353_qrrd,BOM-DEL,EaseMyTrip,6E,6E-252,2026-09-18,T+15,5510,1210,6720,2026-09-03T02:32:33.222Z,FALSE,"",06:00,TRUE
fare_BOM-DEL_6E_2026-09-18_T+15_1788471332353_fx1t,BOM-DEL,EaseMyTrip,6E,6E-6027,2026-09-18,T+15,5565,1221,6786,2026-09-03T02:32:33.222Z,FALSE,"",17:35,FALSE
fare_BOM-DEL_6E_2026-09-18_T+15_1788471332353_hthm,BOM-DEL,EaseMyTrip,6E,6E-6599,2026-09-18,T+15,5565,1221,6786,2026-09-03T02:32:33.222Z,FALSE,"",16:50,FALSE
fare_BOM-DEL_6E_2026-09-18_T+15_1788471332353_ti5o,BOM-DEL,EaseMyTrip,6E,6E-5147,2026-09-18,T+15,5565,1221,6786,2026-09-03T02:32:33.222Z,FALSE,"",18:35,FALSE
fare_BOM-DEL_6E_2026-09-18_T+15_1788471332353_j4wd,BOM-DEL,EaseMyTrip,6E,6E-5164,2026-09-18,T+15,5565,1221,6786,2026-09-03T02:32:33.222Z,FALSE,"",20:20,FALSE
fare_BOM-DEL_6E_2026-09-18_T+15_1788471332353_yro0,BOM-DEL,EaseMyTrip,6E,6E-6058,2026-09-18,T+15,5565,1221,6786,2026-09-03T02:32:33.222Z,FALSE,"",08:05,FALSE
fare_BOM-DEL_6E_2026-09-18_T+15_1788471332353_pu15,BOM-DEL,EaseMyTrip,6E,6E-5181,2026-09-18,T+15,5565,1221,6786,2026-09-03T02:32:33.222Z,FALSE,"",10:25,FALSE
fare_BOM-DEL_6E_2026-09-18_T+15_1788471332353_0nk6,BOM-DEL,EaseMyTrip,6E,6E-5154,2026-09-18,T+15,5565,1221,6786,2026-09-03T02:32:33.222Z,FALSE,"",15:45,FALSE
fare_BOM-DEL_6E_2026-09-18_T+15_1788471332353_f6fm,BOM-DEL,EaseMyTrip,6E,6E-5131,2026-09-18,T+15,5565,1221,6786,2026-09-03T02:32:33.222Z,FALSE,"",15:50,FALSE
fare_BOM-DEL_6E_2026-09-18_T+15_1788471332353_u77m,BOM-DEL,EaseMyTrip,6E,6E-5273,2026-09-18,T+15,5565,1221,6786,2026-09-03T02:32:33.222Z,FALSE,"",18:35,FALSE
fare_BOM-DEL_6E_2026-09-18_T+15_1788471332353_ayn4,BOM-DEL,EaseMyTrip,6E,6E-6122,2026-09-18,T+15,5565,1221,6786,2026-09-03T02:32:33.222Z,FALSE,"",12:25,FALSE
fare_BOM-DEL_6E_2026-09-18_T+15_1788471332353_o8ya,BOM-DEL,EaseMyTrip,6E,6E-5345,2026-09-18,T+15,5565,1221,6786,2026-09-03T02:32:33.222Z,FALSE,"",14:25,FALSE
fare_BOM-DEL_QP_2026-09-18_T+15_1788471332353_e0i2,BOM-DEL,EaseMyTrip,QP,QP-1109,2026-09-18,T+15,5578,1224,6802,2026-09-03T02:32:33.222Z,FALSE,"",07:00,TRUE
fare_BOM-DEL_AI_2026-09-18_T+15_1788471332353_2qw2,BOM-DEL,EaseMyTrip,AI,AI-2677,2026-09-18,T+15,5766,1266,7032,2026-09-03T02:32:33.222Z,FALSE,"",13:00,TRUE
fare_BOM-DEL_AI_2026-09-18_T+15_1788471332353_4ezv,BOM-DEL,EaseMyTrip,AI,AI-2422,2026-09-18,T+15,5766,1266,7032,2026-09-03T02:32:33.222Z,FALSE,"",01:00,TRUE
fare_BOM-DEL_AI_2026-09-18_T+15_1788471332353_7xz0,BOM-DEL,EaseMyTrip,AI,AI-2452,2026-09-18,T+15,5766,1266,7032,2026-09-03T02:32:33.222Z,FALSE,"",03:05,TRUE
fare_BOM-DEL_AI_2026-09-18_T+15_1788471332353_r9g8,BOM-DEL,EaseMyTrip,AI,AI-2432,2026-09-18,T+15,5766,1266,7032,2026-09-03T02:32:33.222Z,FALSE,"",09:30,TRUE
fare_BOM-DEL_AI_2026-09-18_T+15_1788471332353_7azj,BOM-DEL,EaseMyTrip,AI,AI-2430,2026-09-18,T+15,5766,1266,7032,2026-09-03T02:32:33.222Z,FALSE,"",10:00,TRUE
fare_BOM-DEL_AI_2026-09-18_T+15_1788471332353_tu6q,BOM-DEL,EaseMyTrip,AI,AI-2952,2026-09-18,T+15,5766,1266,7032,2026-09-03T02:32:33.222Z,FALSE,"",11:25,TRUE
fare_BOM-DEL_AI_2026-09-18_T+15_1788471332353_5sny,BOM-DEL,EaseMyTrip,AI,AI-2960,2026-09-18,T+15,5766,1266,7032,2026-09-03T02:32:33.222Z,FALSE,"",14:05,TRUE
fare_BOM-DEL_AI_2026-09-18_T+15_1788471332353_hwic,BOM-DEL,EaseMyTrip,AI,AI-2944,2026-09-18,T+15,5766,1266,7032,2026-09-03T02:32:33.222Z,FALSE,"",14:35,TRUE
fare_BOM-DEL_AI_2026-09-18_T+15_1788471332353_0x8q,BOM-DEL,EaseMyTrip,AI,AI-2442,2026-09-18,T+15,5766,1266,7032,2026-09-03T02:32:33.222Z,FALSE,"",15:00,TRUE
fare_BOM-DEL_AI_2026-09-18_T+15_1788471332353_u70c,BOM-DEL,EaseMyTrip,AI,AI-1851,2026-09-18,T+15,5766,1266,7032,2026-09-03T02:32:33.222Z,FALSE,"",15:30,TRUE
fare_BOM-DEL_AI_2026-09-18_T+15_1788471332353_fywe,BOM-DEL,EaseMyTrip,AI,AI-2687,2026-09-18,T+15,5766,1266,7032,2026-09-03T02:32:33.222Z,FALSE,"",11:25,TRUE
fare_BOM-DEL_6E_2026-09-18_T+15_1788471332353_dw4l,BOM-DEL,EaseMyTrip,6E,6E-5028,2026-09-18,T+15,5629,1236,6865,2026-09-03T02:32:33.222Z,FALSE,"",19:35,FALSE
fare_BOM-DEL_6E_2026-09-18_T+15_1788471332353_rg25,BOM-DEL,EaseMyTrip,6E,6E-2138,2026-09-18,T+15,5638,1238,6876,2026-09-03T02:32:33.222Z,FALSE,"",16:20,FALSE
fare_BOM-DEL_6E_2026-09-18_T+15_1788471332353_22dw,BOM-DEL,EaseMyTrip,6E,6E-5238,2026-09-18,T+15,5638,1238,6876,2026-09-03T02:32:33.222Z,FALSE,"",18:25,FALSE
fare_BOM-DEL_6E_2026-09-18_T+15_1788471332353_v0gc,BOM-DEL,EaseMyTrip,6E,6E-224,2026-09-18,T+15,5683,1247,6930,2026-09-03T02:32:33.222Z,FALSE,"",22:15,TRUE
fare_BOM-DEL_6E_2026-09-18_T+15_1788471332353_buj9,BOM-DEL,EaseMyTrip,6E,6E-101,2026-09-18,T+15,5683,1247,6930,2026-09-03T02:32:33.222Z,FALSE,"",21:15,TRUE
fare_BOM-DEL_6E_2026-09-18_T+15_1788471332353_4h4m,BOM-DEL,EaseMyTrip,6E,6E-759,2026-09-18,T+15,5683,1247,6930,2026-09-03T02:32:33.222Z,FALSE,"",21:15,TRUE
fare_BOM-DEL_6E_2026-09-18_T+15_1788471332353_8kvn,BOM-DEL,EaseMyTrip,6E,6E-766,2026-09-18,T+15,5683,1247,6930,2026-09-03T02:32:33.222Z,FALSE,"",17:20,TRUE
fare_BOM-DEL_6E_2026-09-18_T+15_1788471332353_299a,BOM-DEL,EaseMyTrip,6E,6E-424,2026-09-18,T+15,5683,1247,6930,2026-09-03T02:32:33.222Z,FALSE,"",17:20,TRUE
fare_BOM-DEL_6E_2026-09-18_T+15_1788471332353_tmsn,BOM-DEL,EaseMyTrip,6E,6E-126,2026-09-18,T+15,5683,1247,6930,2026-09-03T02:32:33.222Z,FALSE,"",07:00,TRUE
fare_BOM-DEL_6E_2026-09-18_T+15_1788471332353_7yz7,BOM-DEL,EaseMyTrip,6E,6E-557,2026-09-18,T+15,5683,1247,6930,2026-09-03T02:32:33.222Z,FALSE,"",07:00,TRUE
fare_BOM-DEL_6E_2026-09-18_T+15_1788471332353_7710,BOM-DEL,EaseMyTrip,6E,6E-226,2026-09-18,T+15,5683,1247,6930,2026-09-03T02:32:33.222Z,FALSE,"",08:00,TRUE
fare_BOM-DEL_6E_2026-09-18_T+15_1788471332353_a6zd,BOM-DEL,EaseMyTrip,6E,6E-232,2026-09-18,T+15,5683,1247,6930,2026-09-03T02:32:33.222Z,FALSE,"",08:00,TRUE
fare_BOM-DEL_6E_2026-09-18_T+15_1788471332353_oca5,BOM-DEL,EaseMyTrip,6E,6E-6543,2026-09-18,T+15,5718,1255,6973,2026-09-03T02:32:33.222Z,FALSE,"",07:50,FALSE
fare_BOM-DEL_SG_2026-09-18_T+15_1788471332353_kzi2,BOM-DEL,EaseMyTrip,SG,SG-128,2026-09-18,T+15,6445,1415,7860,2026-09-03T02:32:33.222Z,FALSE,"",23:25,TRUE
fare_BOM-DEL_SG_2026-09-18_T+15_1788471332353_5lia,BOM-DEL,EaseMyTrip,SG,SG-764,2026-09-18,T+15,6445,1415,7860,2026-09-03T02:32:33.222Z,FALSE,"",23:25,TRUE
fare_BOM-DEL_6E_2026-09-18_T+15_1788471332353_a68m,BOM-DEL,EaseMyTrip,6E,6E-868,2026-09-18,T+15,5724,1257,6981,2026-09-03T02:32:33.222Z,FALSE,"",17:20,TRUE
fare_BOM-DEL_6E_2026-09-18_T+15_1788471332353_hc1z,BOM-DEL,EaseMyTrip,6E,6E-488,2026-09-18,T+15,5724,1257,6981,2026-09-03T02:32:33.222Z,FALSE,"",17:20,TRUE
fare_BOM-DEL_AI_2026-09-18_T+15_1788471332353_cb3x,BOM-DEL,EaseMyTrip,AI,AI-2928,2026-09-18,T+15,5897,1294,7191,2026-09-03T02:32:33.222Z,FALSE,"",06:30,TRUE
fare_BOM-DEL_AI_2026-09-18_T+15_1788471332353_algl,BOM-DEL,EaseMyTrip,AI,AI-2970,2026-09-18,T+15,5897,1294,7191,2026-09-03T02:32:33.222Z,FALSE,"",08:30,TRUE
fare_BOM-DEL_6E_2026-09-18_T+15_1788471332353_8w45,BOM-DEL,EaseMyTrip,6E,6E-5318,2026-09-18,T+15,5737,1259,6996,2026-09-03T02:32:33.222Z,FALSE,"",10:15,FALSE
fare_BOM-DEL_6E_2026-09-18_T+15_1788471332353_fom2,BOM-DEL,EaseMyTrip,6E,6E-6195,2026-09-18,T+15,5737,1259,6996,2026-09-03T02:32:33.222Z,FALSE,"",23:00,FALSE
fare_BOM-DEL_QP_2026-09-18_T+15_1788471332353_jmjc,BOM-DEL,EaseMyTrip,QP,QP-1120,2026-09-18,T+15,5782,1269,7051,2026-09-03T02:32:33.222Z,FALSE,"",18:45,TRUE
fare_BOM-DEL_6E_2026-09-18_T+15_1788471332353_7cee,BOM-DEL,EaseMyTrip,6E,6E-6049,2026-09-18,T+15,5897,1295,7192,2026-09-03T02:32:33.222Z,FALSE,"",19:45,TRUE
fare_BOM-DEL_6E_2026-09-18_T+15_1788471332353_r71r,BOM-DEL,EaseMyTrip,6E,6E-434,2026-09-18,T+15,5897,1295,7192,2026-09-03T02:32:33.222Z,FALSE,"",19:00,TRUE
fare_BOM-DEL_6E_2026-09-18_T+15_1788471332353_2fnr,BOM-DEL,EaseMyTrip,6E,6E-922,2026-09-18,T+15,5897,1295,7192,2026-09-03T02:32:33.222Z,FALSE,"",19:00,TRUE
fare_BOM-DEL_6E_2026-09-18_T+15_1788471332353_m5n3,BOM-DEL,EaseMyTrip,6E,6E-6613,2026-09-18,T+15,5897,1295,7192,2026-09-03T02:32:33.222Z,FALSE,"",18:15,TRUE
fare_BOM-DEL_6E_2026-09-18_T+15_1788471332353_r4h5,BOM-DEL,EaseMyTrip,6E,6E-166,2026-09-18,T+15,5897,1295,7192,2026-09-03T02:32:33.222Z,FALSE,"",20:20,TRUE
fare_BOM-DEL_6E_2026-09-18_T+15_1788471332353_hwd4,BOM-DEL,EaseMyTrip,6E,6E-118,2026-09-18,T+15,5897,1295,7192,2026-09-03T02:32:33.222Z,FALSE,"",20:20,TRUE
fare_BOM-DEL_AI_2026-09-18_T+15_1788471332353_jaj0,BOM-DEL,EaseMyTrip,AI,AI-2424,2026-09-18,T+15,6069,1332,7401,2026-09-03T02:32:33.222Z,FALSE,"",07:00,TRUE
fare_BOM-DEL_AI_2026-09-18_T+15_1788471332353_7pdq,BOM-DEL,EaseMyTrip,AI,AI-2930,2026-09-18,T+15,6069,1332,7401,2026-09-03T02:32:33.222Z,FALSE,"",07:30,TRUE
fare_BOM-DEL_AI_2026-09-18_T+15_1788471332353_t5ig,BOM-DEL,EaseMyTrip,AI,AI-2428,2026-09-18,T+15,6069,1332,7401,2026-09-03T02:32:33.222Z,FALSE,"",08:00,TRUE
fare_BOM-DEL_IX_2026-09-18_T+15_1788471332353_ofh2,BOM-DEL,EaseMyTrip,IX,IX-1237,2026-09-18,T+15,6857,1505,8362,2026-09-03T02:32:33.222Z,FALSE,"",05:55,FALSE
fare_BOM-DEL_AI_2026-09-18_T+15_1788471332353_ygjp,BOM-DEL,EaseMyTrip,AI,AI-1882,2026-09-18,T+15,6220,1365,7585,2026-09-03T02:32:33.222Z,FALSE,"",23:55,TRUE
fare_BOM-DEL_AI_2026-09-18_T+15_1788471332353_tct8,BOM-DEL,EaseMyTrip,AI,AI-2988,2026-09-18,T+15,6220,1365,7585,2026-09-03T02:32:33.222Z,FALSE,"",20:30,TRUE
fare_BOM-DEL_AI_2026-09-18_T+15_1788471332353_46n4,BOM-DEL,EaseMyTrip,AI,AI-816,2026-09-18,T+15,6220,1365,7585,2026-09-03T02:32:33.222Z,FALSE,"",21:00,TRUE
fare_BOM-DEL_6E_2026-09-18_T+15_1788471332353_vnxc,BOM-DEL,EaseMyTrip,6E,6E-2703,2026-09-18,T+15,6075,1334,7409,2026-09-03T02:32:33.222Z,FALSE,"",10:20,FALSE
fare_BOM-DEL_6E_2026-09-18_T+15_1788471332353_mz61,BOM-DEL,EaseMyTrip,6E,6E-5135,2026-09-18,T+15,6075,1334,7409,2026-09-03T02:32:33.222Z,FALSE,"",23:20,FALSE
fare_BOM-DEL_AI_2026-09-18_T+15_1788471332353_11w3,BOM-DEL,EaseMyTrip,AI,AI-2986,2026-09-18,T+15,6541,1436,7977,2026-09-03T02:32:33.222Z,FALSE,"",22:35,TRUE
fare_BOM-DEL_AI_2026-09-18_T+15_1788471332353_4uih,BOM-DEL,EaseMyTrip,AI,AI-1891,2026-09-18,T+15,6625,1454,8079,2026-09-03T02:32:33.222Z,FALSE,"",08:10,TRUE
fare_BOM-DEL_6E_2026-09-18_T+15_1788471332353_tj0i,BOM-DEL,EaseMyTrip,6E,6E-6802,2026-09-18,T+15,6467,1419,7886,2026-09-03T02:32:33.222Z,FALSE,"",16:55,FALSE
fare_BOM-DEL_6E_2026-09-18_T+15_1788471332353_9i2j,BOM-DEL,EaseMyTrip,6E,6E-7017,2026-09-18,T+15,6498,1426,7924,2026-09-03T02:32:33.222Z,FALSE,"",21:30,FALSE
fare_BOM-DEL_6E_2026-09-18_T+15_1788471332353_atra,BOM-DEL,EaseMyTrip,6E,6E-626,2026-09-18,T+15,6531,1434,7965,2026-09-03T02:32:33.222Z,FALSE,"",19:20,FALSE
fare_BOM-DEL_6E_2026-09-18_T+15_1788471332353_zbdt,BOM-DEL,EaseMyTrip,6E,6E-907,2026-09-18,T+15,6531,1434,7965,2026-09-03T02:32:33.222Z,FALSE,"",19:20,FALSE
fare_BOM-DEL_AI_2026-09-18_T+15_1788471332353_i7eu,BOM-DEL,EaseMyTrip,AI,AI-2940,2026-09-18,T+15,6707,1472,8179,2026-09-03T02:32:33.222Z,FALSE,"",20:00,TRUE
fare_BOM-DEL_AI_2026-09-18_T+15_1788471332353_6mh6,BOM-DEL,EaseMyTrip,AI,AI-2440,2026-09-18,T+15,6762,1484,8246,2026-09-03T02:32:33.222Z,FALSE,"",18:00,TRUE
fare_BOM-DEL_AI_2026-09-18_T+15_1788471332353_1kgw,BOM-DEL,EaseMyTrip,AI,AI-1895,2026-09-18,T+15,6799,1493,8292,2026-09-03T02:32:33.222Z,FALSE,"",21:30,TRUE
fare_BOM-DEL_IX_2026-09-18_T+15_1788471332353_dggs,BOM-DEL,EaseMyTrip,IX,IX-1023,2026-09-18,T+15,7155,1571,8726,2026-09-03T02:32:33.222Z,FALSE,"",11:25,FALSE
fare_BOM-DEL_6E_2026-09-18_T+15_1788471332353_z0z7,BOM-DEL,EaseMyTrip,6E,6E-2024,2026-09-18,T+15,7159,1572,8731,2026-09-03T02:32:33.222Z,FALSE,"",09:15,FALSE
fare_BOM-DEL_6E_2026-09-18_T+15_1788471332353_bx6h,BOM-DEL,EaseMyTrip,6E,6E-5281,2026-09-18,T+15,7651,1679,9330,2026-09-03T02:32:33.222Z,FALSE,"",08:40,FALSE
fare_BOM-DEL_AI_2026-09-18_T+15_1788471332353_hm0n,BOM-DEL,EaseMyTrip,AI,AI-9716,2026-09-18,T+15,7911,1736,9647,2026-09-03T02:32:33.222Z,FALSE,"",06:05,FALSE
fare_BOM-DEL_6E_2026-09-18_T+15_1788471332353_7wf2,BOM-DEL,EaseMyTrip,6E,6E-6361,2026-09-18,T+15,7794,1711,9505,2026-09-03T02:32:33.222Z,FALSE,"",05:00,FALSE
fare_BOM-DEL_6E_2026-09-18_T+15_1788471332353_jcg8,BOM-DEL,EaseMyTrip,6E,6E-349,2026-09-18,T+15,7988,1754,9742,2026-09-03T02:32:33.222Z,FALSE,"",12:40,FALSE
fare_BOM-DEL_AI_2026-09-18_T+15_1788471332353_gwbt,BOM-DEL,EaseMyTrip,AI,AI-9558,2026-09-18,T+15,8225,1805,10030,2026-09-03T02:32:33.222Z,FALSE,"",07:30,FALSE
fare_BOM-DEL_6E_2026-09-18_T+15_1788471332353_lfbg,BOM-DEL,EaseMyTrip,6E,6E-319,2026-09-18,T+15,8250,1811,10061,2026-09-03T02:32:33.222Z,FALSE,"",04:30,FALSE
fare_BOM-DEL_6E_2026-09-18_T+15_1788471332353_2zvo,BOM-DEL,EaseMyTrip,6E,6E-768,2026-09-18,T+15,8250,1811,10061,2026-09-03T02:32:33.222Z,FALSE,"",04:30,FALSE
fare_BOM-DEL_AI_2026-09-18_T+15_1788471332353_lxgs,BOM-DEL,EaseMyTrip,AI,AI-2491,2026-09-18,T+15,9347,2052,11399,2026-09-03T02:32:33.222Z,FALSE,"",11:15,FALSE
fare_BOM-DEL_AI_2026-09-18_T+15_1788471332353_lmbm,BOM-DEL,EaseMyTrip,AI,AI-9753,2026-09-18,T+15,9577,2102,11679,2026-09-03T02:32:33.222Z,FALSE,"",05:45,FALSE
fare_BOM-DEL_AI_2026-09-18_T+15_1788471332353_r7qa,BOM-DEL,EaseMyTrip,AI,AI-9891,2026-09-18,T+15,9966,2188,12154,2026-09-03T02:32:33.222Z,FALSE,"",13:10,FALSE
fare_BOM-DEL_6E_2026-09-18_T+15_1788471332353_sqmr,BOM-DEL,EaseMyTrip,6E,6E-5056,2026-09-18,T+15,9943,2182,12125,2026-09-03T02:32:33.222Z,FALSE,"",21:10,FALSE
fare_BOM-DEL_6E_2026-09-18_T+15_1788471332353_8nea,BOM-DEL,EaseMyTrip,6E,6E-5326,2026-09-18,T+15,9943,2182,12125,2026-09-03T02:32:33.222Z,FALSE,"",19:40,FALSE
fare_BOM-DEL_IX_2026-09-18_T+15_1788471332353_jxm8,BOM-DEL,EaseMyTrip,IX,IX-1347,2026-09-18,T+15,10350,2272,12622,2026-09-03T02:32:33.222Z,FALSE,"",06:00,FALSE
fare_BOM-DEL_6E_2026-09-18_T+15_1788471332353_cl71,BOM-DEL,EaseMyTrip,6E,6E-5178,2026-09-18,T+15,10229,2245,12474,2026-09-03T02:32:33.222Z,FALSE,"",11:45,FALSE
fare_BOM-DEL_IX_2026-09-18_T+15_1788471332353_jxdl,BOM-DEL,EaseMyTrip,IX,IX-1626,2026-09-18,T+15,10719,2353,13072,2026-09-03T02:32:33.222Z,FALSE,"",12:00,FALSE
fare_BOM-DEL_IX_2026-09-18_T+15_1788471332353_gvgy,BOM-DEL,EaseMyTrip,IX,IX-1640,2026-09-18,T+15,10964,2407,13371,2026-09-03T02:32:33.222Z,FALSE,"",21:10,FALSE
fare_BOM-DEL_6E_2026-09-18_T+15_1788471332353_8lcb,BOM-DEL,EaseMyTrip,6E,6E-5386,2026-09-18,T+15,10641,2336,12977,2026-09-03T02:32:33.222Z,FALSE,"",15:10,FALSE
fare_BOM-DEL_6E_2026-09-18_T+15_1788471332353_o32u,BOM-DEL,EaseMyTrip,6E,6E-5246,2026-09-18,T+15,10949,2403,13352,2026-09-03T02:32:33.222Z,FALSE,"",07:15,FALSE
fare_BOM-DEL_AI_2026-09-18_T+15_1788471332353_5xdk,BOM-DEL,EaseMyTrip,AI,AI-2919,2026-09-18,T+15,11126,2442,13568,2026-09-03T02:32:33.222Z,FALSE,"",21:35,FALSE
fare_BOM-DEL_AI_2026-09-18_T+15_1788471332353_lbvg,BOM-DEL,EaseMyTrip,AI,AI-2847,2026-09-18,T+15,11214,2461,13675,2026-09-03T02:32:33.222Z,FALSE,"",09:55,FALSE
fare_BOM-DEL_AI_2026-09-18_T+15_1788471332353_of1l,BOM-DEL,EaseMyTrip,AI,AI-2493,2026-09-18,T+15,11214,2461,13675,2026-09-03T02:32:33.222Z,FALSE,"",18:25,FALSE
fare_BOM-DEL_AI_2026-09-18_T+15_1788471332353_ar3d,BOM-DEL,EaseMyTrip,AI,AI-2408,2026-09-18,T+15,11334,2488,13822,2026-09-03T02:32:33.222Z,FALSE,"",19:30,TRUE
fare_BOM-DEL_AI_2026-09-18_T+15_1788471332353_q314,BOM-DEL,EaseMyTrip,AI,AI-493,2026-09-18,T+15,11399,2502,13901,2026-09-03T02:32:33.222Z,FALSE,"",06:40,FALSE
fare_BOM-DEL_AI_2026-09-18_T+15_1788471332353_vc2l,BOM-DEL,EaseMyTrip,AI,AI-2931,2026-09-18,T+15,11737,2577,14314,2026-09-03T02:32:33.222Z,FALSE,"",04:30,FALSE
fare_BOM-DEL_QP_2026-09-18_T+15_1788471332353_77pq,BOM-DEL,EaseMyTrip,QP,QP-1516,2026-09-18,T+15,11804,2591,14395,2026-09-03T02:32:33.222Z,TRUE,"High outlier: ₹14395 > upper fence ₹14373 (Q3: ₹9742, IQR: ₹3087)",00:40,FALSE
fare_BOM-DEL_IX_2026-09-18_T+15_1788471332353_72yg,BOM-DEL,EaseMyTrip,IX,IX-1164,2026-09-18,T+15,12888,2829,15717,2026-09-03T02:32:33.222Z,TRUE,"High outlier: ₹15717 > upper fence ₹14373 (Q3: ₹9742, IQR: ₹3087)",17:35,FALSE
fare_BOM-DEL_AI_2026-09-18_T+15_1788471332353_dwnb,BOM-DEL,EaseMyTrip,AI,AI-2785,2026-09-18,T+15,12656,2778,15434,2026-09-03T02:32:33.222Z,TRUE,"High outlier: ₹15434 > upper fence ₹14373 (Q3: ₹9742, IQR: ₹3087)",06:40,FALSE
fare_BOM-DEL_IX_2026-09-18_T+15_1788471332353_tt13,BOM-DEL,EaseMyTrip,IX,IX-1283,2026-09-18,T+15,13063,2868,15931,2026-09-03T02:32:33.222Z,TRUE,"High outlier: ₹15931 > upper fence ₹14373 (Q3: ₹9742, IQR: ₹3087)",09:05,FALSE
fare_BOM-DEL_QP_2026-09-18_T+15_1788471332353_5fym,BOM-DEL,EaseMyTrip,QP,QP-1384,2026-09-18,T+15,12841,2819,15660,2026-09-03T02:32:33.222Z,TRUE,"High outlier: ₹15660 > upper fence ₹14373 (Q3: ₹9742, IQR: ₹3087)",23:10,FALSE
fare_BOM-DEL_AI_2026-09-18_T+15_1788471332353_ygtr,BOM-DEL,EaseMyTrip,AI,AI-2659,2026-09-18,T+15,13091,2874,15965,2026-09-03T02:32:33.222Z,TRUE,"High outlier: ₹15965 > upper fence ₹14373 (Q3: ₹9742, IQR: ₹3087)",14:35,FALSE
fare_BOM-DEL_AI_2026-09-18_T+15_1788471332353_qtag,BOM-DEL,EaseMyTrip,AI,AI-603,2026-09-18,T+15,13531,2970,16501,2026-09-03T02:32:33.222Z,TRUE,"High outlier: ₹16501 > upper fence ₹14373 (Q3: ₹9742, IQR: ₹3087)",05:10,FALSE
fare_BOM-DEL_AI_2026-09-18_T+15_1788471332353_uqiz,BOM-DEL,EaseMyTrip,AI,AI-2753,2026-09-18,T+15,13595,2984,16579,2026-09-03T02:32:33.222Z,TRUE,"High outlier: ₹16579 > upper fence ₹14373 (Q3: ₹9742, IQR: ₹3087)",13:50,FALSE
fare_BOM-DEL_AI_2026-09-18_T+15_1788471332353_duvh,BOM-DEL,EaseMyTrip,AI,AI-2749,2026-09-18,T+15,14173,3111,17284,2026-09-03T02:32:33.222Z,TRUE,"High outlier: ₹17284 > upper fence ₹14373 (Q3: ₹9742, IQR: ₹3087)",17:35,FALSE
fare_BOM-DEL_AI_2026-09-18_T+15_1788471332353_l9pr,BOM-DEL,EaseMyTrip,AI,AI-2741,2026-09-18,T+15,14403,3162,17565,2026-09-03T02:32:33.222Z,TRUE,"High outlier: ₹17565 > upper fence ₹14373 (Q3: ₹9742, IQR: ₹3087)",07:40,FALSE
fare_BOM-DEL_AI_2026-09-18_T+15_1788471332353_02b7,BOM-DEL,EaseMyTrip,AI,AI-2728,2026-09-18,T+15,14523,3188,17711,2026-09-03T02:32:33.222Z,TRUE,"High outlier: ₹17711 > upper fence ₹14373 (Q3: ₹9742, IQR: ₹3087)",05:20,FALSE
fare_BOM-DEL_AI_2026-09-18_T+15_1788471332353_z5cq,BOM-DEL,EaseMyTrip,AI,AI-2625,2026-09-18,T+15,14755,3239,17994,2026-09-03T02:32:33.222Z,TRUE,"High outlier: ₹17994 > upper fence ₹14373 (Q3: ₹9742, IQR: ₹3087)",06:00,FALSE
fare_BOM-DEL_AI_2026-09-18_T+15_1788471332353_91r8,BOM-DEL,EaseMyTrip,AI,AI-2444,2026-09-18,T+15,14881,3266,18147,2026-09-03T02:32:33.222Z,TRUE,"High outlier: ₹18147 > upper fence ₹14373 (Q3: ₹9742, IQR: ₹3087)",10:50,FALSE
fare_BOM-DEL_AI_2026-09-18_T+15_1788471332353_o695,BOM-DEL,EaseMyTrip,AI,AI-2997,2026-09-18,T+15,14958,3283,18241,2026-09-03T02:32:33.222Z,TRUE,"High outlier: ₹18241 > upper fence ₹14373 (Q3: ₹9742, IQR: ₹3087)",10:10,FALSE
fare_BOM-DEL_AI_2026-09-18_T+15_1788471332353_896c,BOM-DEL,EaseMyTrip,AI,AI-2531,2026-09-18,T+15,15132,3322,18454,2026-09-03T02:32:33.222Z,TRUE,"High outlier: ₹18454 > upper fence ₹14373 (Q3: ₹9742, IQR: ₹3087)",15:05,FALSE
fare_BOM-DEL_IX_2026-09-18_T+15_1788471332353_wr5b,BOM-DEL,EaseMyTrip,IX,IX-1238,2026-09-18,T+15,15915,3494,19409,2026-09-03T02:32:33.222Z,TRUE,"High outlier: ₹19409 > upper fence ₹14373 (Q3: ₹9742, IQR: ₹3087)",12:25,FALSE
fare_BOM-DEL_AI_2026-09-18_T+15_1788471332353_qi8v,BOM-DEL,EaseMyTrip,AI,AI-2853,2026-09-18,T+15,16671,3660,20331,2026-09-03T02:32:33.222Z,TRUE,"High outlier: ₹20331 > upper fence ₹14373 (Q3: ₹9742, IQR: ₹3087)",15:25,FALSE
fare_BOM-DEL_SG_2026-09-18_T+15_1788471332353_1ygb,BOM-DEL,EaseMyTrip,SG,SG-334,2026-09-18,T+15,18307,4019,22326,2026-09-03T02:32:33.222Z,TRUE,"High outlier: ₹22326 > upper fence ₹14373 (Q3: ₹9742, IQR: ₹3087)",01:50,TRUE
fare_BOM-DEL_SG_2026-09-18_T+15_1788471332353_ooy5,BOM-DEL,EaseMyTrip,SG,SG-323,2026-09-18,T+15,18307,4019,22326,2026-09-03T02:32:33.222Z,TRUE,"High outlier: ₹22326 > upper fence ₹14373 (Q3: ₹9742, IQR: ₹3087)",01:50,TRUE
fare_BOM-DEL_AI_2026-09-18_T+15_1788471332353_ogot,BOM-DEL,EaseMyTrip,AI,AI-2781,2026-09-18,T+15,20541,4509,25050,2026-09-03T02:32:33.222Z,TRUE,"High outlier: ₹25050 > upper fence ₹14373 (Q3: ₹9742, IQR: ₹3087)",10:45,FALSE
fare_BOM-DEL_AI_2026-09-18_T+15_1788471332353_lwms,BOM-DEL,EaseMyTrip,AI,AI-2579,2026-09-18,T+15,27191,5969,33160,2026-09-03T02:32:33.222Z,TRUE,"High outlier: ₹33160 > upper fence ₹14373 (Q3: ₹9742, IQR: ₹3087)",10:35,FALSE
fare_BOM-DEL_6E_2026-09-18_T+15_1788471332354_m64v,BOM-DEL,EaseMyTrip,6E,6E-887,2026-09-18,T+15,5381,1181,6562,2026-09-03T21:14:29.268Z,FALSE,"",05:00,TRUE
fare_BOM-DEL_6E_2026-09-18_T+15_1788471332354_u05x,BOM-DEL,EaseMyTrip,6E,6E-836,2026-09-18,T+15,5381,1181,6562,2026-09-03T21:14:29.268Z,FALSE,"",05:00,TRUE
fare_BOM-DEL_6E_2026-09-18_T+15_1788471332354_5u01,BOM-DEL,EaseMyTrip,6E,6E-607,2026-09-18,T+15,5381,1181,6562,2026-09-03T21:14:29.268Z,FALSE,"",16:00,TRUE
fare_BOM-DEL_6E_2026-09-18_T+15_1788471332354_s5m6,BOM-DEL,EaseMyTrip,6E,6E-272,2026-09-18,T+15,5381,1181,6562,2026-09-03T21:14:29.268Z,FALSE,"",16:00,TRUE
fare_BOM-DEL_6E_2026-09-18_T+15_1788471332354_p71o,BOM-DEL,EaseMyTrip,6E,6E-483,2026-09-18,T+15,5381,1181,6562,2026-09-03T21:14:29.268Z,FALSE,"",15:00,TRUE
fare_BOM-DEL_6E_2026-09-18_T+15_1788471332354_pfa5,BOM-DEL,EaseMyTrip,6E,6E-157,2026-09-18,T+15,5381,1181,6562,2026-09-03T21:14:29.268Z,FALSE,"",15:00,TRUE
fare_BOM-DEL_6E_2026-09-18_T+15_1788471332354_0ezq,BOM-DEL,EaseMyTrip,6E,6E-432,2026-09-18,T+15,5381,1181,6562,2026-09-03T21:14:29.268Z,FALSE,"",13:00,TRUE
fare_BOM-DEL_6E_2026-09-18_T+15_1788471332354_0ygx,BOM-DEL,EaseMyTrip,6E,6E-873,2026-09-18,T+15,5381,1181,6562,2026-09-03T21:14:29.268Z,FALSE,"",13:00,TRUE
fare_BOM-DEL_6E_2026-09-18_T+15_1788471332354_re1o,BOM-DEL,EaseMyTrip,6E,6E-606,2026-09-18,T+15,5381,1181,6562,2026-09-03T21:14:29.268Z,FALSE,"",10:35,TRUE
fare_BOM-DEL_6E_2026-09-18_T+15_1788471332354_rcc2,BOM-DEL,EaseMyTrip,6E,6E-467,2026-09-18,T+15,5381,1181,6562,2026-09-03T21:14:29.268Z,FALSE,"",10:35,TRUE
fare_BOM-DEL_6E_2026-09-18_T+15_1788471332354_8mpq,BOM-DEL,EaseMyTrip,6E,6E-778,2026-09-18,T+15,5457,1198,6655,2026-09-03T21:14:29.268Z,FALSE,"",01:30,FALSE
fare_BOM-DEL_6E_2026-09-18_T+15_1788471332354_rk4r,BOM-DEL,EaseMyTrip,6E,6E-934,2026-09-18,T+15,5457,1198,6655,2026-09-03T21:14:29.268Z,FALSE,"",01:30,FALSE
fare_BOM-DEL_6E_2026-09-18_T+15_1788471332354_mhtx,BOM-DEL,EaseMyTrip,6E,6E-171,2026-09-18,T+15,5457,1198,6655,2026-09-03T21:14:29.268Z,FALSE,"",04:00,FALSE
fare_BOM-DEL_6E_2026-09-18_T+15_1788471332354_gpt3,BOM-DEL,EaseMyTrip,6E,6E-324,2026-09-18,T+15,5457,1198,6655,2026-09-03T21:14:29.268Z,FALSE,"",04:00,FALSE
fare_BOM-DEL_6E_2026-09-18_T+15_1788471332354_65en,BOM-DEL,EaseMyTrip,6E,6E-179,2026-09-18,T+15,5457,1198,6655,2026-09-03T21:14:29.268Z,FALSE,"",14:40,FALSE
fare_BOM-DEL_6E_2026-09-18_T+15_1788471332354_vmlu,BOM-DEL,EaseMyTrip,6E,6E-636,2026-09-18,T+15,5457,1198,6655,2026-09-03T21:14:29.268Z,FALSE,"",14:40,FALSE
fare_BOM-DEL_6E_2026-09-18_T+15_1788471332354_cjq4,BOM-DEL,EaseMyTrip,6E,6E-801,2026-09-18,T+15,5510,1210,6720,2026-09-03T21:14:29.268Z,FALSE,"",23:45,TRUE
fare_BOM-DEL_6E_2026-09-18_T+15_1788471332354_zj1s,BOM-DEL,EaseMyTrip,6E,6E-334,2026-09-18,T+15,5510,1210,6720,2026-09-03T21:14:29.268Z,FALSE,"",23:45,TRUE
fare_BOM-DEL_6E_2026-09-18_T+15_1788471332354_mx72,BOM-DEL,EaseMyTrip,6E,6E-816,2026-09-18,T+15,5510,1210,6720,2026-09-03T21:14:29.268Z,FALSE,"",06:00,TRUE
fare_BOM-DEL_6E_2026-09-18_T+15_1788471332354_f9gs,BOM-DEL,EaseMyTrip,6E,6E-165,2026-09-18,T+15,5510,1210,6720,2026-09-03T21:14:29.268Z,FALSE,"",06:00,TRUE
fare_BOM-DEL_6E_2026-09-18_T+15_1788471332354_uw5z,BOM-DEL,EaseMyTrip,6E,6E-125,2026-09-18,T+15,5629,1236,6865,2026-09-03T21:14:29.268Z,FALSE,"",19:20,FALSE
fare_BOM-DEL_6E_2026-09-18_T+15_1788471332354_ft82,BOM-DEL,EaseMyTrip,6E,6E-199,2026-09-18,T+15,5629,1236,6865,2026-09-03T21:14:29.268Z,FALSE,"",19:20,FALSE
fare_BOM-DEL_6E_2026-09-18_T+15_1788471332354_o7aa,BOM-DEL,EaseMyTrip,6E,6E-581,2026-09-18,T+15,5683,1247,6930,2026-09-03T21:14:29.268Z,FALSE,"",22:15,TRUE
fare_BOM-DEL_6E_2026-09-18_T+15_1788471332354_h8t8,BOM-DEL,EaseMyTrip,6E,6E-222,2026-09-18,T+15,5683,1247,6930,2026-09-03T21:14:29.268Z,FALSE,"",17:20,TRUE
fare_BOM-DEL_6E_2026-09-18_T+15_1788471332354_4445,BOM-DEL,EaseMyTrip,6E,6E-615,2026-09-18,T+15,5683,1247,6930,2026-09-03T21:14:29.268Z,FALSE,"",17:20,TRUE
fare_BOM-DEL_6E_2026-09-18_T+15_1788471332354_xxrs,BOM-DEL,EaseMyTrip,6E,6E-501,2026-09-18,T+15,5683,1247,6930,2026-09-03T21:14:29.268Z,FALSE,"",07:00,TRUE
fare_BOM-DEL_6E_2026-09-18_T+15_1788471332354_o54k,BOM-DEL,EaseMyTrip,6E,6E-902,2026-09-18,T+15,5683,1247,6930,2026-09-03T21:14:29.268Z,FALSE,"",08:00,TRUE
fare_BOM-DEL_6E_2026-09-18_T+15_1788471332354_4a1g,BOM-DEL,EaseMyTrip,6E,6E-715,2026-09-18,T+15,5683,1247,6930,2026-09-03T21:14:29.268Z,FALSE,"",08:00,TRUE
fare_BOM-DEL_6E_2026-09-18_T+15_1788471332354_g962,BOM-DEL,EaseMyTrip,6E,6E-131,2026-09-18,T+15,5724,1257,6981,2026-09-03T21:14:29.268Z,FALSE,"",17:20,TRUE
fare_BOM-DEL_6E_2026-09-18_T+15_1788471332354_93fm,BOM-DEL,EaseMyTrip,6E,6E-219,2026-09-18,T+15,5724,1257,6981,2026-09-03T21:14:29.268Z,FALSE,"",17:20,TRUE
fare_BOM-DEL_6E_2026-09-18_T+15_1788471332354_tplp,BOM-DEL,EaseMyTrip,6E,6E-898,2026-09-18,T+15,5897,1295,7192,2026-09-03T21:14:29.268Z,FALSE,"",09:00,TRUE
fare_BOM-DEL_6E_2026-09-18_T+15_1788471332354_vvkp,BOM-DEL,EaseMyTrip,6E,6E-465,2026-09-18,T+15,5897,1295,7192,2026-09-03T21:14:29.268Z,FALSE,"",09:00,TRUE
fare_BOM-DEL_6E_2026-09-18_T+15_1788471332354_6zib,BOM-DEL,EaseMyTrip,6E,6E-867,2026-09-18,T+15,6156,1351,7507,2026-09-03T21:14:29.268Z,FALSE,"",21:15,TRUE
fare_BOM-DEL_6E_2026-09-18_T+15_1788471332354_xsdm,BOM-DEL,EaseMyTrip,6E,6E-644,2026-09-18,T+15,6156,1351,7507,2026-09-03T21:14:29.268Z,FALSE,"",21:15,TRUE
fare_BOM-DEL_SG_2026-09-18_T+15_1788471332354_ow87,BOM-DEL,EaseMyTrip,SG,SG-430,2026-09-18,T+15,7230,1587,8817,2026-09-03T21:14:29.268Z,FALSE,"",23:25,TRUE
fare_BOM-DEL_SG_2026-09-18_T+15_1788471332354_er3d,BOM-DEL,EaseMyTrip,SG,SG-424,2026-09-18,T+15,7230,1587,8817,2026-09-03T21:14:29.268Z,FALSE,"",23:25,TRUE
fare_BOM-DEL_6E_2026-09-18_T+15_1788471332354_8uhr,BOM-DEL,EaseMyTrip,6E,6E-261,2026-09-18,T+15,6414,1408,7822,2026-09-03T21:14:29.268Z,FALSE,"",19:00,TRUE
fare_BOM-DEL_6E_2026-09-18_T+15_1788471332354_ddu5,BOM-DEL,EaseMyTrip,6E,6E-830,2026-09-18,T+15,6414,1408,7822,2026-09-03T21:14:29.268Z,FALSE,"",20:20,TRUE
fare_BOM-DEL_6E_2026-09-18_T+15_1788471332354_kudd,BOM-DEL,EaseMyTrip,6E,6E-271,2026-09-18,T+15,6414,1408,7822,2026-09-03T21:14:29.268Z,FALSE,"",20:20,TRUE
fare_BOM-DEL_6E_2026-09-18_T+15_1788471332354_l1fm,BOM-DEL,EaseMyTrip,6E,6E-678,2026-09-18,T+15,7988,1754,9742,2026-09-03T21:14:29.268Z,FALSE,"",12:40,FALSE
fare_BOM-DEL_6E_2026-09-18_T+15_1788471332354_ln4g,BOM-DEL,EaseMyTrip,6E,6E-415,2026-09-18,T+15,7988,1754,9742,2026-09-03T21:14:29.268Z,FALSE,"",12:40,FALSE
fare_BOM-DEL_IX_2026-09-18_T+15_1788471332354_rumc,BOM-DEL,EaseMyTrip,IX,IX-1176,2026-09-18,T+15,8817,1935,10752,2026-09-03T21:14:29.268Z,FALSE,"",11:20,FALSE
fare_BOM-DEL_IX_2026-09-18_T+15_1788471332354_f6ws,BOM-DEL,EaseMyTrip,IX,IX-1797,2026-09-18,T+15,8989,1973,10962,2026-09-03T21:14:29.268Z,FALSE,"",05:05,FALSE
fare_BOM-DEL_IX_2026-09-18_T+15_1788471332354_ncul,BOM-DEL,EaseMyTrip,IX,IX-1810,2026-09-18,T+15,8989,1973,10962,2026-09-03T21:14:29.268Z,FALSE,"",13:40,FALSE
fare_BOM-DEL_6E_2026-09-18_T+15_1788471332354_5wxh,BOM-DEL,EaseMyTrip,6E,6E-481,2026-09-18,T+15,8250,1811,10061,2026-09-03T21:14:29.268Z,FALSE,"",04:30,FALSE
fare_BOM-DEL_AI_2026-09-18_T+15_1788471332354_9pen,BOM-DEL,EaseMyTrip,AI,AI-9718,2026-09-18,T+15,9526,2091,11617,2026-09-03T21:14:29.268Z,FALSE,"",20:05,FALSE
fare_BOM-DEL_AI_2026-09-18_T+15_1788471332354_88l5,BOM-DEL,EaseMyTrip,AI,AI-2915,2026-09-18,T+15,11126,2442,13568,2026-09-03T21:14:29.268Z,FALSE,"",15:30,FALSE
fare_BOM-DEL_AI_2026-09-18_T+15_1788471332354_0bj9,BOM-DEL,EaseMyTrip,AI,AI-2503,2026-09-18,T+15,11399,2502,13901,2026-09-03T21:14:29.268Z,FALSE,"",12:55,FALSE
fare_BOM-DEL_AI_2026-09-18_T+15_1788471332354_pnno,BOM-DEL,EaseMyTrip,AI,AI-413,2026-09-18,T+15,12440,2731,15171,2026-09-03T21:14:29.268Z,TRUE,"High outlier: ₹15171 > upper fence ₹14373 (Q3: ₹9742, IQR: ₹3087)",21:15,FALSE
fare_BOM-DEL_AI_2026-09-18_T+15_1788471332354_9xdq,BOM-DEL,EaseMyTrip,AI,AI-621,2026-09-18,T+15,12440,2731,15171,2026-09-03T21:14:29.268Z,TRUE,"High outlier: ₹15171 > upper fence ₹14373 (Q3: ₹9742, IQR: ₹3087)",16:55,FALSE
fare_BOM-DEL_AI_2026-09-18_T+15_1788471332354_90r7,BOM-DEL,EaseMyTrip,AI,AI-9533,2026-09-18,T+15,17193,3774,20967,2026-09-03T21:14:29.268Z,TRUE,"High outlier: ₹20967 > upper fence ₹14373 (Q3: ₹9742, IQR: ₹3087)",16:30,FALSE
fare_BOM-DEL_SG_2026-09-18_T+15_1788471332354_pr0p,BOM-DEL,EaseMyTrip,SG,SG-832,2026-09-18,T+15,18307,4019,22326,2026-09-03T21:14:29.268Z,TRUE,"High outlier: ₹22326 > upper fence ₹14373 (Q3: ₹9742, IQR: ₹3087)",01:50,TRUE
fare_BOM-DEL_SG_2026-09-18_T+15_1788471332354_bwtd,BOM-DEL,EaseMyTrip,SG,SG-202,2026-09-18,T+15,18307,4019,22326,2026-09-03T21:14:29.268Z,TRUE,"High outlier: ₹22326 > upper fence ₹14373 (Q3: ₹9742, IQR: ₹3087)",01:50,TRUE
fare_BOM-DEL_6E_2026-09-04_T+1_1788471332355_hh4m,BOM-DEL,EaseMyTrip,6E,6E-571,2026-09-04,T+1,4795,1053,5848,2026-09-03T02:32:19.113Z,FALSE,"",14:40,FALSE
fare_BOM-DEL_6E_2026-09-04_T+1_1788471332355_f9gd,BOM-DEL,EaseMyTrip,6E,6E-282,2026-09-04,T+1,4795,1053,5848,2026-09-03T02:32:19.113Z,FALSE,"",14:40,FALSE
fare_BOM-DEL_IX_2026-09-04_T+1_1788471332355_jyhd,BOM-DEL,EaseMyTrip,IX,IX-1787,2026-09-04,T+1,5595,1228,6823,2026-09-03T02:32:19.113Z,FALSE,"",13:10,FALSE
fare_BOM-DEL_6E_2026-09-04_T+1_1788471332355_lfn5,BOM-DEL,EaseMyTrip,6E,6E-6027,2026-09-04,T+1,4904,1076,5980,2026-09-03T02:32:19.113Z,FALSE,"",17:35,FALSE
fare_BOM-DEL_6E_2026-09-04_T+1_1788471332355_2y9e,BOM-DEL,EaseMyTrip,6E,6E-5164,2026-09-04,T+1,4904,1076,5980,2026-09-03T02:32:19.113Z,FALSE,"",20:20,FALSE
fare_BOM-DEL_6E_2026-09-04_T+1_1788471332355_96yd,BOM-DEL,EaseMyTrip,6E,6E-6058,2026-09-04,T+1,4904,1076,5980,2026-09-03T02:32:19.113Z,FALSE,"",08:05,FALSE
fare_BOM-DEL_6E_2026-09-04_T+1_1788471332355_6m73,BOM-DEL,EaseMyTrip,6E,6E-5181,2026-09-04,T+1,4904,1076,5980,2026-09-03T02:32:19.113Z,FALSE,"",10:25,FALSE
fare_BOM-DEL_6E_2026-09-04_T+1_1788471332355_8zjj,BOM-DEL,EaseMyTrip,6E,6E-5154,2026-09-04,T+1,4904,1076,5980,2026-09-03T02:32:19.113Z,FALSE,"",15:45,FALSE
fare_BOM-DEL_6E_2026-09-04_T+1_1788471332355_719t,BOM-DEL,EaseMyTrip,6E,6E-5273,2026-09-04,T+1,4904,1076,5980,2026-09-03T02:32:19.113Z,FALSE,"",18:35,FALSE
fare_BOM-DEL_6E_2026-09-04_T+1_1788471332355_x03o,BOM-DEL,EaseMyTrip,6E,6E-6122,2026-09-04,T+1,4904,1076,5980,2026-09-03T02:32:19.113Z,FALSE,"",12:25,FALSE
fare_BOM-DEL_6E_2026-09-04_T+1_1788471332355_inzw,BOM-DEL,EaseMyTrip,6E,6E-5345,2026-09-04,T+1,4904,1076,5980,2026-09-03T02:32:19.113Z,FALSE,"",14:25,FALSE
fare_BOM-DEL_SG_2026-09-04_T+1_1788471332355_yo8d,BOM-DEL,EaseMyTrip,SG,SG-774,2026-09-04,T+1,5242,1151,6393,2026-09-03T02:32:19.113Z,FALSE,"",23:55,TRUE
fare_BOM-DEL_SG_2026-09-04_T+1_1788471332355_0q89,BOM-DEL,EaseMyTrip,SG,SG-548,2026-09-04,T+1,5242,1151,6393,2026-09-03T02:32:19.113Z,FALSE,"",23:55,TRUE
fare_BOM-DEL_6E_2026-09-04_T+1_1788471332355_ykpb,BOM-DEL,EaseMyTrip,6E,6E-5028,2026-09-04,T+1,4968,1090,6058,2026-09-03T02:32:19.113Z,FALSE,"",19:35,FALSE
fare_BOM-DEL_6E_2026-09-04_T+1_1788471332355_bqww,BOM-DEL,EaseMyTrip,6E,6E-975,2026-09-04,T+1,4968,1090,6058,2026-09-03T02:32:19.113Z,FALSE,"",19:20,FALSE
fare_BOM-DEL_6E_2026-09-04_T+1_1788471332355_u4kl,BOM-DEL,EaseMyTrip,6E,6E-788,2026-09-04,T+1,4968,1090,6058,2026-09-03T02:32:19.113Z,FALSE,"",19:20,FALSE
fare_BOM-DEL_6E_2026-09-04_T+1_1788471332355_ogb8,BOM-DEL,EaseMyTrip,6E,6E-920,2026-09-04,T+1,4968,1090,6058,2026-09-03T02:32:19.113Z,FALSE,"",04:45,FALSE
fare_BOM-DEL_6E_2026-09-04_T+1_1788471332355_bjpj,BOM-DEL,EaseMyTrip,6E,6E-875,2026-09-04,T+1,4968,1090,6058,2026-09-03T02:32:19.113Z,FALSE,"",04:45,FALSE
fare_BOM-DEL_6E_2026-09-04_T+1_1788471332355_awm3,BOM-DEL,EaseMyTrip,6E,6E-5095,2026-09-04,T+1,5014,1101,6115,2026-09-03T02:32:19.113Z,FALSE,"",09:20,TRUE
fare_BOM-DEL_SG_2026-09-04_T+1_1788471332355_b176,BOM-DEL,EaseMyTrip,SG,SG-716,2026-09-04,T+1,5307,1165,6472,2026-09-03T02:32:19.113Z,FALSE,"",01:50,TRUE
fare_BOM-DEL_SG_2026-09-04_T+1_1788471332355_2luh,BOM-DEL,EaseMyTrip,SG,SG-313,2026-09-04,T+1,5307,1165,6472,2026-09-03T02:32:19.113Z,FALSE,"",01:50,TRUE
fare_BOM-DEL_6E_2026-09-04_T+1_1788471332355_xp78,BOM-DEL,EaseMyTrip,6E,6E-6195,2026-09-04,T+1,5076,1114,6190,2026-09-03T02:32:19.113Z,FALSE,"",23:00,FALSE
fare_BOM-DEL_IX_2026-09-04_T+1_1788471332355_b89a,BOM-DEL,EaseMyTrip,IX,IX-1050,2026-09-04,T+1,5380,1181,6561,2026-09-03T02:32:19.113Z,FALSE,"",08:55,TRUE
fare_BOM-DEL_IX_2026-09-04_T+1_1788471332355_jgis,BOM-DEL,EaseMyTrip,IX,IX-1671,2026-09-04,T+1,5380,1181,6561,2026-09-03T02:32:19.113Z,FALSE,"",16:45,TRUE
fare_BOM-DEL_IX_2026-09-04_T+1_1788471332355_yw0h,BOM-DEL,EaseMyTrip,IX,IX-2153,2026-09-04,T+1,5380,1181,6561,2026-09-03T02:32:19.113Z,FALSE,"",20:25,TRUE
fare_BOM-DEL_6E_2026-09-04_T+1_1788471332355_4qea,BOM-DEL,EaseMyTrip,6E,6E-5059,2026-09-04,T+1,5160,1133,6293,2026-09-03T02:32:19.113Z,FALSE,"",05:45,FALSE
fare_BOM-DEL_6E_2026-09-04_T+1_1788471332355_x5cj,BOM-DEL,EaseMyTrip,6E,6E-380,2026-09-04,T+1,5160,1133,6293,2026-09-03T02:32:19.113Z,FALSE,"",01:30,FALSE
fare_BOM-DEL_6E_2026-09-04_T+1_1788471332355_y3ip,BOM-DEL,EaseMyTrip,6E,6E-352,2026-09-04,T+1,5160,1133,6293,2026-09-03T02:32:19.113Z,FALSE,"",01:30,FALSE
fare_BOM-DEL_6E_2026-09-04_T+1_1788471332355_to59,BOM-DEL,EaseMyTrip,6E,6E-586,2026-09-04,T+1,5160,1133,6293,2026-09-03T02:32:19.113Z,FALSE,"",04:00,FALSE
fare_BOM-DEL_6E_2026-09-04_T+1_1788471332355_jq71,BOM-DEL,EaseMyTrip,6E,6E-355,2026-09-04,T+1,5160,1133,6293,2026-09-03T02:32:19.113Z,FALSE,"",04:00,FALSE
fare_BOM-DEL_6E_2026-09-04_T+1_1788471332355_c0hp,BOM-DEL,EaseMyTrip,6E,6E-5144,2026-09-04,T+1,5160,1133,6293,2026-09-03T02:32:19.113Z,FALSE,"",06:10,FALSE
fare_BOM-DEL_6E_2026-09-04_T+1_1788471332355_fynb,BOM-DEL,EaseMyTrip,6E,6E-5107,2026-09-04,T+1,5160,1133,6293,2026-09-03T02:32:19.113Z,FALSE,"",20:00,FALSE
fare_BOM-DEL_IX_2026-09-04_T+1_1788471332355_av5w,BOM-DEL,EaseMyTrip,IX,IX-1026,2026-09-04,T+1,5930,1302,7232,2026-09-03T02:32:19.113Z,FALSE,"",05:45,FALSE
fare_BOM-DEL_6E_2026-09-04_T+1_1788471332355_k0m6,BOM-DEL,EaseMyTrip,6E,6E-5131,2026-09-04,T+1,5269,1156,6425,2026-09-03T02:32:19.113Z,FALSE,"",15:50,FALSE
fare_BOM-DEL_6E_2026-09-04_T+1_1788471332355_37qc,BOM-DEL,EaseMyTrip,6E,6E-6802,2026-09-04,T+1,5269,1156,6425,2026-09-03T02:32:19.113Z,FALSE,"",16:55,FALSE
fare_BOM-DEL_QP_2026-09-04_T+1_1788471332355_i2nf,BOM-DEL,EaseMyTrip,QP,QP-2071,2026-09-04,T+1,5330,1170,6500,2026-09-03T02:32:19.113Z,FALSE,"",06:05,TRUE
fare_BOM-DEL_6E_2026-09-04_T+1_1788471332355_6hwb,BOM-DEL,EaseMyTrip,6E,6E-714,2026-09-04,T+1,5334,1171,6505,2026-09-03T02:32:19.113Z,FALSE,"",12:40,FALSE
fare_BOM-DEL_6E_2026-09-04_T+1_1788471332355_ex1g,BOM-DEL,EaseMyTrip,6E,6E-941,2026-09-04,T+1,5334,1171,6505,2026-09-03T02:32:19.113Z,FALSE,"",12:40,FALSE
fare_BOM-DEL_6E_2026-09-04_T+1_1788471332355_5jak,BOM-DEL,EaseMyTrip,6E,6E-2090,2026-09-04,T+1,5380,1181,6561,2026-09-03T02:32:19.113Z,FALSE,"",06:25,TRUE
fare_BOM-DEL_QP_2026-09-04_T+1_1788471332355_b6kl,BOM-DEL,EaseMyTrip,QP,QP-1111,2026-09-04,T+1,5381,1181,6562,2026-09-03T02:32:19.113Z,FALSE,"",05:25,TRUE
fare_BOM-DEL_QP_2026-09-04_T+1_1788471332355_jc1g,BOM-DEL,EaseMyTrip,QP,QP-1109,2026-09-04,T+1,5381,1181,6562,2026-09-03T02:32:19.113Z,FALSE,"",07:00,TRUE
fare_BOM-DEL_QP_2026-09-04_T+1_1788471332355_chon,BOM-DEL,EaseMyTrip,QP,QP-1819,2026-09-04,T+1,5381,1181,6562,2026-09-03T02:32:19.113Z,FALSE,"",14:30,TRUE
fare_BOM-DEL_QP_2026-09-04_T+1_1788471332355_ekkl,BOM-DEL,EaseMyTrip,QP,QP-1834,2026-09-04,T+1,5381,1181,6562,2026-09-03T02:32:19.113Z,FALSE,"",10:20,TRUE
fare_BOM-DEL_QP_2026-09-04_T+1_1788471332355_udur,BOM-DEL,EaseMyTrip,QP,QP-1127,2026-09-04,T+1,5381,1181,6562,2026-09-03T02:32:19.113Z,FALSE,"",12:55,TRUE
fare_BOM-DEL_QP_2026-09-04_T+1_1788471332355_v8f9,BOM-DEL,EaseMyTrip,QP,QP-1825,2026-09-04,T+1,5381,1181,6562,2026-09-03T02:32:19.113Z,FALSE,"",16:50,TRUE
fare_BOM-DEL_QP_2026-09-04_T+1_1788471332355_6sq7,BOM-DEL,EaseMyTrip,QP,QP-1835,2026-09-04,T+1,5381,1181,6562,2026-09-03T02:32:19.113Z,FALSE,"",11:50,TRUE
fare_BOM-DEL_QP_2026-09-04_T+1_1788471332355_4u5s,BOM-DEL,EaseMyTrip,QP,QP-1120,2026-09-04,T+1,5381,1181,6562,2026-09-03T02:32:19.113Z,FALSE,"",18:45,TRUE
fare_BOM-DEL_6E_2026-09-04_T+1_1788471332355_q5z4,BOM-DEL,EaseMyTrip,6E,6E-495,2026-09-04,T+1,5381,1181,6562,2026-09-03T02:32:19.113Z,FALSE,"",05:00,TRUE
fare_BOM-DEL_6E_2026-09-04_T+1_1788471332355_oj7s,BOM-DEL,EaseMyTrip,6E,6E-723,2026-09-04,T+1,5381,1181,6562,2026-09-03T02:32:19.113Z,FALSE,"",05:00,TRUE
fare_BOM-DEL_6E_2026-09-04_T+1_1788471332355_3i9t,BOM-DEL,EaseMyTrip,6E,6E-363,2026-09-04,T+1,5381,1181,6562,2026-09-03T02:32:19.113Z,FALSE,"",17:20,TRUE
fare_BOM-DEL_6E_2026-09-04_T+1_1788471332355_jq1c,BOM-DEL,EaseMyTrip,6E,6E-342,2026-09-04,T+1,5381,1181,6562,2026-09-03T02:32:19.113Z,FALSE,"",17:20,TRUE
fare_BOM-DEL_6E_2026-09-04_T+1_1788471332355_3b2u,BOM-DEL,EaseMyTrip,6E,6E-6082,2026-09-04,T+1,5381,1181,6562,2026-09-03T02:32:19.113Z,FALSE,"",16:45,TRUE
fare_BOM-DEL_6E_2026-09-04_T+1_1788471332355_v2c5,BOM-DEL,EaseMyTrip,6E,6E-107,2026-09-04,T+1,5381,1181,6562,2026-09-03T02:32:19.113Z,FALSE,"",16:00,TRUE
fare_BOM-DEL_6E_2026-09-04_T+1_1788471332355_aigb,BOM-DEL,EaseMyTrip,6E,6E-789,2026-09-04,T+1,5381,1181,6562,2026-09-03T02:32:19.113Z,FALSE,"",16:00,TRUE
fare_BOM-DEL_6E_2026-09-04_T+1_1788471332355_lnsm,BOM-DEL,EaseMyTrip,6E,6E-806,2026-09-04,T+1,5381,1181,6562,2026-09-03T02:32:19.113Z,FALSE,"",15:00,TRUE
fare_BOM-DEL_6E_2026-09-04_T+1_1788471332355_csuj,BOM-DEL,EaseMyTrip,6E,6E-247,2026-09-04,T+1,5381,1181,6562,2026-09-03T02:32:19.113Z,FALSE,"",15:00,TRUE
fare_BOM-DEL_6E_2026-09-04_T+1_1788471332355_igrq,BOM-DEL,EaseMyTrip,6E,6E-6704,2026-09-04,T+1,5381,1181,6562,2026-09-03T02:32:19.113Z,FALSE,"",14:00,TRUE
fare_BOM-DEL_6E_2026-09-04_T+1_1788471332355_5wpa,BOM-DEL,EaseMyTrip,6E,6E-6028,2026-09-04,T+1,5381,1181,6562,2026-09-03T02:32:19.113Z,FALSE,"",12:15,TRUE
fare_BOM-DEL_6E_2026-09-04_T+1_1788471332355_w6k0,BOM-DEL,EaseMyTrip,6E,6E-130,2026-09-04,T+1,5381,1181,6562,2026-09-03T02:32:19.113Z,FALSE,"",13:00,TRUE
fare_BOM-DEL_6E_2026-09-04_T+1_1788471332355_uoi7,BOM-DEL,EaseMyTrip,6E,6E-135,2026-09-04,T+1,5381,1181,6562,2026-09-03T02:32:19.113Z,FALSE,"",13:00,TRUE
fare_BOM-DEL_6E_2026-09-04_T+1_1788471332355_gnxz,BOM-DEL,EaseMyTrip,6E,6E-128,2026-09-04,T+1,5381,1181,6562,2026-09-03T02:32:19.113Z,FALSE,"",06:00,TRUE
fare_BOM-DEL_6E_2026-09-04_T+1_1788471332355_yg7a,BOM-DEL,EaseMyTrip,6E,6E-563,2026-09-04,T+1,5381,1181,6562,2026-09-03T02:32:19.113Z,FALSE,"",06:00,TRUE
fare_BOM-DEL_6E_2026-09-04_T+1_1788471332355_mar6,BOM-DEL,EaseMyTrip,6E,6E-439,2026-09-04,T+1,5381,1181,6562,2026-09-03T02:32:19.113Z,FALSE,"",08:00,TRUE
fare_BOM-DEL_6E_2026-09-04_T+1_1788471332355_ivqt,BOM-DEL,EaseMyTrip,6E,6E-777,2026-09-04,T+1,5381,1181,6562,2026-09-03T02:32:19.113Z,FALSE,"",08:00,TRUE
fare_BOM-DEL_6E_2026-09-04_T+1_1788471332355_otet,BOM-DEL,EaseMyTrip,6E,6E-6052,2026-09-04,T+1,5381,1181,6562,2026-09-03T02:32:19.113Z,FALSE,"",10:00,TRUE
fare_BOM-DEL_6E_2026-09-04_T+1_1788471332355_pmy0,BOM-DEL,EaseMyTrip,6E,6E-978,2026-09-04,T+1,5381,1181,6562,2026-09-03T02:32:19.113Z,FALSE,"",10:35,TRUE
fare_BOM-DEL_6E_2026-09-04_T+1_1788471332355_krl8,BOM-DEL,EaseMyTrip,6E,6E-465,2026-09-04,T+1,5381,1181,6562,2026-09-03T02:32:19.113Z,FALSE,"",10:35,TRUE
fare_BOM-DEL_6E_2026-09-04_T+1_1788471332355_j56g,BOM-DEL,EaseMyTrip,6E,6E-6827,2026-09-04,T+1,5381,1181,6562,2026-09-03T02:32:19.113Z,FALSE,"",11:30,TRUE
fare_BOM-DEL_6E_2026-09-04_T+1_1788471332355_k8gq,BOM-DEL,EaseMyTrip,6E,6E-187,2026-09-04,T+1,5381,1181,6562,2026-09-03T02:32:19.113Z,FALSE,"",09:00,TRUE
fare_BOM-DEL_6E_2026-09-04_T+1_1788471332355_azuq,BOM-DEL,EaseMyTrip,6E,6E-741,2026-09-04,T+1,5381,1181,6562,2026-09-03T02:32:19.113Z,FALSE,"",09:00,TRUE
fare_BOM-DEL_QP_2026-09-04_T+1_1788471332355_j6nb,BOM-DEL,EaseMyTrip,QP,QP-1939,2026-09-04,T+1,5423,1191,6614,2026-09-03T02:32:19.113Z,FALSE,"",10:10,TRUE
fare_BOM-DEL_6E_2026-09-04_T+1_1788471332355_z6cl,BOM-DEL,EaseMyTrip,6E,6E-5197,2026-09-04,T+1,5423,1191,6614,2026-09-03T02:32:19.113Z,FALSE,"",06:40,TRUE
fare_BOM-DEL_6E_2026-09-04_T+1_1788471332355_j013,BOM-DEL,EaseMyTrip,6E,6E-339,2026-09-04,T+1,5441,1194,6635,2026-09-03T02:32:19.113Z,FALSE,"",17:45,FALSE
fare_BOM-DEL_6E_2026-09-04_T+1_1788471332355_a05b,BOM-DEL,EaseMyTrip,6E,6E-109,2026-09-04,T+1,5441,1194,6635,2026-09-03T02:32:19.113Z,FALSE,"",17:45,FALSE
fare_BOM-DEL_6E_2026-09-04_T+1_1788471332355_6gjg,BOM-DEL,EaseMyTrip,6E,6E-5326,2026-09-04,T+1,5441,1194,6635,2026-09-03T02:32:19.113Z,FALSE,"",19:40,FALSE
fare_BOM-DEL_6E_2026-09-04_T+1_1788471332355_t6dw,BOM-DEL,EaseMyTrip,6E,6E-323,2026-09-04,T+1,5510,1210,6720,2026-09-03T02:32:19.113Z,FALSE,"",23:45,TRUE
fare_BOM-DEL_6E_2026-09-04_T+1_1788471332355_rqdd,BOM-DEL,EaseMyTrip,6E,6E-421,2026-09-04,T+1,5510,1210,6720,2026-09-03T02:32:19.113Z,FALSE,"",23:45,TRUE
fare_BOM-DEL_6E_2026-09-04_T+1_1788471332355_6obi,BOM-DEL,EaseMyTrip,6E,6E-960,2026-09-04,T+1,5510,1210,6720,2026-09-03T02:32:19.113Z,FALSE,"",22:15,TRUE
fare_BOM-DEL_6E_2026-09-04_T+1_1788471332355_hemi,BOM-DEL,EaseMyTrip,6E,6E-388,2026-09-04,T+1,5510,1210,6720,2026-09-03T02:32:19.113Z,FALSE,"",22:15,TRUE
fare_BOM-DEL_6E_2026-09-04_T+1_1788471332355_nwv3,BOM-DEL,EaseMyTrip,6E,6E-343,2026-09-04,T+1,5510,1210,6720,2026-09-03T02:32:19.113Z,FALSE,"",07:00,TRUE
fare_BOM-DEL_6E_2026-09-04_T+1_1788471332355_qwxj,BOM-DEL,EaseMyTrip,6E,6E-261,2026-09-04,T+1,5510,1210,6720,2026-09-03T02:32:19.113Z,FALSE,"",07:00,TRUE
fare_BOM-DEL_6E_2026-09-04_T+1_1788471332355_3lgg,BOM-DEL,EaseMyTrip,6E,6E-5201,2026-09-04,T+1,5561,1221,6782,2026-09-03T02:32:19.113Z,FALSE,"",14:55,FALSE
fare_BOM-DEL_AI_2026-09-04_T+1_1788471332355_g0fj,BOM-DEL,EaseMyTrip,AI,AI-2677,2026-09-04,T+1,5766,1266,7032,2026-09-03T02:32:19.113Z,FALSE,"",13:00,TRUE
fare_BOM-DEL_AI_2026-09-04_T+1_1788471332355_mjns,BOM-DEL,EaseMyTrip,AI,AI-2422,2026-09-04,T+1,5766,1266,7032,2026-09-03T02:32:19.113Z,FALSE,"",01:00,TRUE
fare_BOM-DEL_AI_2026-09-04_T+1_1788471332355_laoz,BOM-DEL,EaseMyTrip,AI,AI-2952,2026-09-04,T+1,5766,1266,7032,2026-09-03T02:32:19.113Z,FALSE,"",11:25,TRUE
fare_BOM-DEL_AI_2026-09-04_T+1_1788471332355_81iw,BOM-DEL,EaseMyTrip,AI,AI-2419,2026-09-04,T+1,5766,1266,7032,2026-09-03T02:32:19.113Z,FALSE,"",12:00,TRUE
fare_BOM-DEL_AI_2026-09-04_T+1_1788471332355_naw7,BOM-DEL,EaseMyTrip,AI,AI-2960,2026-09-04,T+1,5766,1266,7032,2026-09-03T02:32:19.113Z,FALSE,"",14:05,TRUE
fare_BOM-DEL_AI_2026-09-04_T+1_1788471332355_4jyg,BOM-DEL,EaseMyTrip,AI,AI-2944,2026-09-04,T+1,5766,1266,7032,2026-09-03T02:32:19.113Z,FALSE,"",14:35,TRUE
fare_BOM-DEL_AI_2026-09-04_T+1_1788471332355_h2dq,BOM-DEL,EaseMyTrip,AI,AI-2442,2026-09-04,T+1,5766,1266,7032,2026-09-03T02:32:19.113Z,FALSE,"",15:00,TRUE
fare_BOM-DEL_AI_2026-09-04_T+1_1788471332355_2s00,BOM-DEL,EaseMyTrip,AI,AI-1882,2026-09-04,T+1,5766,1266,7032,2026-09-03T02:32:19.113Z,FALSE,"",23:55,TRUE
fare_BOM-DEL_AI_2026-09-04_T+1_1788471332355_fgs8,BOM-DEL,EaseMyTrip,AI,AI-2687,2026-09-04,T+1,5766,1266,7032,2026-09-03T02:32:19.113Z,FALSE,"",11:25,TRUE
fare_BOM-DEL_6E_2026-09-04_T+1_1788471332355_qmll,BOM-DEL,EaseMyTrip,6E,6E-5147,2026-09-04,T+1,5669,1244,6913,2026-09-03T02:32:19.113Z,FALSE,"",18:35,FALSE
fare_BOM-DEL_6E_2026-09-04_T+1_1788471332355_j0lw,BOM-DEL,EaseMyTrip,6E,6E-148,2026-09-04,T+1,5683,1247,6930,2026-09-03T02:32:19.113Z,FALSE,"",21:15,TRUE
fare_BOM-DEL_6E_2026-09-04_T+1_1788471332355_ybx3,BOM-DEL,EaseMyTrip,6E,6E-480,2026-09-04,T+1,5683,1247,6930,2026-09-03T02:32:19.113Z,FALSE,"",21:15,TRUE
fare_BOM-DEL_6E_2026-09-04_T+1_1788471332355_4v90,BOM-DEL,EaseMyTrip,6E,6E-6049,2026-09-04,T+1,5683,1247,6930,2026-09-03T02:32:19.113Z,FALSE,"",19:45,TRUE
fare_BOM-DEL_6E_2026-09-04_T+1_1788471332355_c51m,BOM-DEL,EaseMyTrip,6E,6E-6613,2026-09-04,T+1,5683,1247,6930,2026-09-03T02:32:19.113Z,FALSE,"",18:15,TRUE
fare_BOM-DEL_6E_2026-09-04_T+1_1788471332355_thwj,BOM-DEL,EaseMyTrip,6E,6E-229,2026-09-04,T+1,5683,1247,6930,2026-09-03T02:32:19.113Z,FALSE,"",20:20,TRUE
fare_BOM-DEL_6E_2026-09-04_T+1_1788471332355_2zj1,BOM-DEL,EaseMyTrip,6E,6E-922,2026-09-04,T+1,5683,1247,6930,2026-09-03T02:32:19.113Z,FALSE,"",20:20,TRUE
fare_BOM-DEL_6E_2026-09-04_T+1_1788471332355_42xj,BOM-DEL,EaseMyTrip,6E,6E-459,2026-09-04,T+1,5724,1257,6981,2026-09-03T02:32:19.113Z,FALSE,"",17:20,TRUE
fare_BOM-DEL_6E_2026-09-04_T+1_1788471332355_vl93,BOM-DEL,EaseMyTrip,6E,6E-299,2026-09-04,T+1,5724,1257,6981,2026-09-03T02:32:19.113Z,FALSE,"",17:20,TRUE
fare_BOM-DEL_AI_2026-09-04_T+1_1788471332355_pjw9,BOM-DEL,EaseMyTrip,AI,AI-2928,2026-09-04,T+1,5897,1294,7191,2026-09-03T02:32:19.113Z,FALSE,"",06:30,TRUE
fare_BOM-DEL_AI_2026-09-04_T+1_1788471332355_9axa,BOM-DEL,EaseMyTrip,AI,AI-2424,2026-09-04,T+1,5897,1294,7191,2026-09-03T02:32:19.113Z,FALSE,"",07:00,TRUE
fare_BOM-DEL_AI_2026-09-04_T+1_1788471332355_3u55,BOM-DEL,EaseMyTrip,AI,AI-2930,2026-09-04,T+1,5897,1294,7191,2026-09-03T02:32:19.113Z,FALSE,"",07:30,TRUE
fare_BOM-DEL_AI_2026-09-04_T+1_1788471332355_1lei,BOM-DEL,EaseMyTrip,AI,AI-2452,2026-09-04,T+1,5897,1294,7191,2026-09-03T02:32:19.113Z,FALSE,"",03:05,TRUE
fare_BOM-DEL_AI_2026-09-04_T+1_1788471332355_bcyz,BOM-DEL,EaseMyTrip,AI,AI-2428,2026-09-04,T+1,5897,1294,7191,2026-09-03T02:32:19.113Z,FALSE,"",08:00,TRUE
fare_BOM-DEL_AI_2026-09-04_T+1_1788471332355_twad,BOM-DEL,EaseMyTrip,AI,AI-2970,2026-09-04,T+1,5897,1294,7191,2026-09-03T02:32:19.113Z,FALSE,"",08:30,TRUE
fare_BOM-DEL_AI_2026-09-04_T+1_1788471332355_4l15,BOM-DEL,EaseMyTrip,AI,AI-2432,2026-09-04,T+1,5897,1294,7191,2026-09-03T02:32:19.113Z,FALSE,"",09:30,TRUE
fare_BOM-DEL_AI_2026-09-04_T+1_1788471332355_c0pu,BOM-DEL,EaseMyTrip,AI,AI-2430,2026-09-04,T+1,5897,1294,7191,2026-09-03T02:32:19.113Z,FALSE,"",10:00,TRUE
fare_BOM-DEL_AI_2026-09-04_T+1_1788471332355_ewe6,BOM-DEL,EaseMyTrip,AI,AI-1851,2026-09-04,T+1,5897,1294,7191,2026-09-03T02:32:19.113Z,FALSE,"",15:30,TRUE
fare_BOM-DEL_AI_2026-09-04_T+1_1788471332355_tb5h,BOM-DEL,EaseMyTrip,AI,AI-2986,2026-09-04,T+1,5897,1294,7191,2026-09-03T02:32:19.113Z,FALSE,"",22:35,TRUE
fare_BOM-DEL_6E_2026-09-04_T+1_1788471332355_ozhd,BOM-DEL,EaseMyTrip,6E,6E-7017,2026-09-04,T+1,5737,1259,6996,2026-09-03T02:32:19.113Z,FALSE,"",21:30,FALSE
fare_BOM-DEL_6E_2026-09-04_T+1_1788471332355_n6xt,BOM-DEL,EaseMyTrip,6E,6E-6543,2026-09-04,T+1,5787,1270,7057,2026-09-03T02:32:19.113Z,FALSE,"",07:50,FALSE
fare_BOM-DEL_6E_2026-09-04_T+1_1788471332355_o68n,BOM-DEL,EaseMyTrip,6E,6E-5056,2026-09-04,T+1,5841,1282,7123,2026-09-03T02:32:19.113Z,FALSE,"",21:10,FALSE
fare_BOM-DEL_6E_2026-09-04_T+1_1788471332355_44gq,BOM-DEL,EaseMyTrip,6E,6E-5386,2026-09-04,T+1,5841,1282,7123,2026-09-03T02:32:19.113Z,FALSE,"",15:10,FALSE
fare_BOM-DEL_6E_2026-09-04_T+1_1788471332355_3yn6,BOM-DEL,EaseMyTrip,6E,6E-2024,2026-09-04,T+1,5841,1282,7123,2026-09-03T02:32:19.113Z,FALSE,"",09:15,FALSE
fare_BOM-DEL_6E_2026-09-04_T+1_1788471332355_xpov,BOM-DEL,EaseMyTrip,6E,6E-997,2026-09-04,T+1,5897,1295,7192,2026-09-03T02:32:19.113Z,FALSE,"",19:00,TRUE
fare_BOM-DEL_AI_2026-09-04_T+1_1788471332355_5m1y,BOM-DEL,EaseMyTrip,AI,AI-1895,2026-09-04,T+1,6069,1332,7401,2026-09-03T02:32:19.113Z,FALSE,"",21:30,TRUE
fare_BOM-DEL_SG_2026-09-04_T+1_1788471332355_0o08,BOM-DEL,EaseMyTrip,SG,SG-506,2026-09-04,T+1,6145,1349,7494,2026-09-03T02:32:19.113Z,FALSE,"",17:55,TRUE
fare_BOM-DEL_SG_2026-09-04_T+1_1788471332355_5h3s,BOM-DEL,EaseMyTrip,SG,SG-404,2026-09-04,T+1,6145,1349,7494,2026-09-03T02:32:19.113Z,FALSE,"",17:55,TRUE
fare_BOM-DEL_IX_2026-09-04_T+1_1788471332355_cvhl,BOM-DEL,EaseMyTrip,IX,IX-1237,2026-09-04,T+1,6857,1505,8362,2026-09-03T02:32:19.113Z,FALSE,"",05:55,FALSE
fare_BOM-DEL_AI_2026-09-04_T+1_1788471332355_8v81,BOM-DEL,EaseMyTrip,AI,AI-816,2026-09-04,T+1,6220,1365,7585,2026-09-03T02:32:19.113Z,FALSE,"",21:00,TRUE
fare_BOM-DEL_AI_2026-09-04_T+1_1788471332355_0jol,BOM-DEL,EaseMyTrip,AI,AI-2988,2026-09-04,T+1,6220,1365,7585,2026-09-03T02:32:19.113Z,FALSE,"",20:30,TRUE
fare_BOM-DEL_6E_2026-09-04_T+1_1788471332355_69pk,BOM-DEL,EaseMyTrip,6E,6E-5238,2026-09-04,T+1,6156,1351,7507,2026-09-03T02:32:19.113Z,FALSE,"",18:25,FALSE
fare_BOM-DEL_AI_2026-09-04_T+1_1788471332355_v7wu,BOM-DEL,EaseMyTrip,AI,AI-1891,2026-09-04,T+1,6625,1454,8079,2026-09-03T02:32:19.113Z,FALSE,"",08:10,TRUE
fare_BOM-DEL_6E_2026-09-04_T+1_1788471332355_urxg,BOM-DEL,EaseMyTrip,6E,6E-2347,2026-09-04,T+1,6485,1423,7908,2026-09-03T02:32:19.113Z,FALSE,"",08:50,FALSE
fare_BOM-DEL_6E_2026-09-04_T+1_1788471332355_n6tj,BOM-DEL,EaseMyTrip,6E,6E-6361,2026-09-04,T+1,6829,1499,8328,2026-09-03T02:32:19.113Z,FALSE,"",05:00,FALSE
fare_BOM-DEL_AI_2026-09-04_T+1_1788471332355_qzot,BOM-DEL,EaseMyTrip,AI,AI-2408,2026-09-04,T+1,7030,1543,8573,2026-09-03T02:32:19.113Z,FALSE,"",19:30,TRUE
fare_BOM-DEL_AI_2026-09-04_T+1_1788471332355_hg8t,BOM-DEL,EaseMyTrip,AI,AI-2940,2026-09-04,T+1,7284,1599,8883,2026-09-03T02:32:19.113Z,FALSE,"",20:00,TRUE
fare_BOM-DEL_6E_2026-09-04_T+1_1788471332355_iazh,BOM-DEL,EaseMyTrip,6E,6E-6599,2026-09-04,T+1,7709,1692,9401,2026-09-03T02:32:19.113Z,FALSE,"",16:50,FALSE
fare_BOM-DEL_6E_2026-09-04_T+1_1788471332355_wn17,BOM-DEL,EaseMyTrip,6E,6E-5135,2026-09-04,T+1,7751,1701,9452,2026-09-03T02:32:19.113Z,FALSE,"",23:20,FALSE
fare_BOM-DEL_IX_2026-09-04_T+1_1788471332355_6i4e,BOM-DEL,EaseMyTrip,IX,IX-1809,2026-09-04,T+1,8322,1827,10149,2026-09-03T02:32:19.113Z,FALSE,"",07:30,FALSE
fare_BOM-DEL_6E_2026-09-04_T+1_1788471332355_ikzo,BOM-DEL,EaseMyTrip,6E,6E-2237,2026-09-04,T+1,8245,1810,10055,2026-09-03T02:32:19.113Z,FALSE,"",18:40,FALSE
fare_BOM-DEL_AI_2026-09-04_T+1_1788471332355_oo7i,BOM-DEL,EaseMyTrip,AI,AI-2440,2026-09-04,T+1,8845,1942,10787,2026-09-03T02:32:19.113Z,FALSE,"",18:00,TRUE
fare_BOM-DEL_6E_2026-09-04_T+1_1788471332355_mrea,BOM-DEL,EaseMyTrip,6E,6E-2138,2026-09-04,T+1,8966,1968,10934,2026-09-03T02:32:19.113Z,TRUE,"High outlier: ₹10934 > upper fence ₹10847 (Q3: ₹8276, IQR: ₹1714)",16:20,FALSE
fare_BOM-DEL_AI_2026-09-04_T+1_1788471332355_k3ko,BOM-DEL,EaseMyTrip,AI,AI-2491,2026-09-04,T+1,9347,2052,11399,2026-09-03T02:32:19.113Z,TRUE,"High outlier: ₹11399 > upper fence ₹10847 (Q3: ₹8276, IQR: ₹1714)",11:15,FALSE
fare_BOM-DEL_AI_2026-09-04_T+1_1788471332355_mjfk,BOM-DEL,EaseMyTrip,AI,AI-9753,2026-09-04,T+1,9577,2102,11679,2026-09-03T02:32:19.113Z,TRUE,"High outlier: ₹11679 > upper fence ₹10847 (Q3: ₹8276, IQR: ₹1714)",05:45,FALSE
fare_BOM-DEL_AI_2026-09-04_T+1_1788471332355_sa92,BOM-DEL,EaseMyTrip,AI,AI-9558,2026-09-04,T+1,9692,2128,11820,2026-09-03T02:32:19.113Z,TRUE,"High outlier: ₹11820 > upper fence ₹10847 (Q3: ₹8276, IQR: ₹1714)",07:30,FALSE
fare_BOM-DEL_6E_2026-09-04_T+1_1788471332355_w6r7,BOM-DEL,EaseMyTrip,6E,6E-5178,2026-09-04,T+1,10307,2263,12570,2026-09-03T02:32:19.113Z,TRUE,"High outlier: ₹12570 > upper fence ₹10847 (Q3: ₹8276, IQR: ₹1714)",11:45,FALSE
fare_BOM-DEL_AI_2026-09-04_T+1_1788471332355_ri4a,BOM-DEL,EaseMyTrip,AI,AI-2915,2026-09-04,T+1,11126,2442,13568,2026-09-03T02:32:19.113Z,TRUE,"High outlier: ₹13568 > upper fence ₹10847 (Q3: ₹8276, IQR: ₹1714)",15:30,FALSE
fare_BOM-DEL_AI_2026-09-04_T+1_1788471332355_adrh,BOM-DEL,EaseMyTrip,AI,AI-2919,2026-09-04,T+1,11126,2442,13568,2026-09-03T02:32:19.113Z,TRUE,"High outlier: ₹13568 > upper fence ₹10847 (Q3: ₹8276, IQR: ₹1714)",21:35,FALSE
fare_BOM-DEL_AI_2026-09-04_T+1_1788471332355_s4gp,BOM-DEL,EaseMyTrip,AI,AI-2493,2026-09-04,T+1,11214,2461,13675,2026-09-03T02:32:19.113Z,TRUE,"High outlier: ₹13675 > upper fence ₹10847 (Q3: ₹8276, IQR: ₹1714)",18:25,FALSE
fare_BOM-DEL_AI_2026-09-04_T+1_1788471332355_2p4d,BOM-DEL,EaseMyTrip,AI,AI-2847,2026-09-04,T+1,11214,2461,13675,2026-09-03T02:32:19.113Z,TRUE,"High outlier: ₹13675 > upper fence ₹10847 (Q3: ₹8276, IQR: ₹1714)",09:55,FALSE
fare_BOM-DEL_AI_2026-09-04_T+1_1788471332355_njzn,BOM-DEL,EaseMyTrip,AI,AI-2931,2026-09-04,T+1,11737,2577,14314,2026-09-03T02:32:19.113Z,TRUE,"High outlier: ₹14314 > upper fence ₹10847 (Q3: ₹8276, IQR: ₹1714)",04:30,FALSE
fare_BOM-DEL_6E_2026-09-04_T+1_1788471332355_fb1k,BOM-DEL,EaseMyTrip,6E,6E-5281,2026-09-04,T+1,11670,2562,14232,2026-09-03T02:32:19.113Z,TRUE,"High outlier: ₹14232 > upper fence ₹10847 (Q3: ₹8276, IQR: ₹1714)",08:40,FALSE
fare_BOM-DEL_6E_2026-09-04_T+1_1788471332355_b2ly,BOM-DEL,EaseMyTrip,6E,6E-5318,2026-09-04,T+1,11796,2589,14385,2026-09-03T02:32:19.113Z,TRUE,"High outlier: ₹14385 > upper fence ₹10847 (Q3: ₹8276, IQR: ₹1714)",10:15,FALSE
fare_BOM-DEL_QP_2026-09-04_T+1_1788471332355_gkr9,BOM-DEL,EaseMyTrip,QP,QP-1384,2026-09-04,T+1,11860,2603,14463,2026-09-03T02:32:19.113Z,TRUE,"High outlier: ₹14463 > upper fence ₹10847 (Q3: ₹8276, IQR: ₹1714)",23:10,FALSE
fare_BOM-DEL_AI_2026-09-04_T+1_1788471332355_6zyi,BOM-DEL,EaseMyTrip,AI,AI-603,2026-09-04,T+1,12591,2764,15355,2026-09-03T02:32:19.113Z,TRUE,"High outlier: ₹15355 > upper fence ₹10847 (Q3: ₹8276, IQR: ₹1714)",05:10,FALSE
fare_BOM-DEL_AI_2026-09-04_T+1_1788471332355_k5q8,BOM-DEL,EaseMyTrip,AI,AI-2785,2026-09-04,T+1,12656,2778,15434,2026-09-03T02:32:19.113Z,TRUE,"High outlier: ₹15434 > upper fence ₹10847 (Q3: ₹8276, IQR: ₹1714)",06:40,FALSE
fare_BOM-DEL_AI_2026-09-04_T+1_1788471332355_43t8,BOM-DEL,EaseMyTrip,AI,AI-2659,2026-09-04,T+1,13091,2874,15965,2026-09-03T02:32:19.113Z,TRUE,"High outlier: ₹15965 > upper fence ₹10847 (Q3: ₹8276, IQR: ₹1714)",14:35,FALSE
fare_BOM-DEL_IX_2026-09-04_T+1_1788471332355_8vto,BOM-DEL,EaseMyTrip,IX,IX-1163,2026-09-04,T+1,13586,2982,16568,2026-09-03T02:32:19.113Z,TRUE,"High outlier: ₹16568 > upper fence ₹10847 (Q3: ₹8276, IQR: ₹1714)",20:45,FALSE
fare_BOM-DEL_AI_2026-09-04_T+1_1788471332355_1kgo,BOM-DEL,EaseMyTrip,AI,AI-2753,2026-09-04,T+1,13595,2984,16579,2026-09-03T02:32:19.113Z,TRUE,"High outlier: ₹16579 > upper fence ₹10847 (Q3: ₹8276, IQR: ₹1714)",13:50,FALSE
fare_BOM-DEL_AI_2026-09-04_T+1_1788471332355_krgk,BOM-DEL,EaseMyTrip,AI,AI-9891,2026-09-04,T+1,13751,3018,16769,2026-09-03T02:32:19.113Z,TRUE,"High outlier: ₹16769 > upper fence ₹10847 (Q3: ₹8276, IQR: ₹1714)",13:10,FALSE
fare_BOM-DEL_QP_2026-09-04_T+1_1788471332355_t5ag,BOM-DEL,EaseMyTrip,QP,QP-1516,2026-09-04,T+1,13729,3014,16743,2026-09-03T02:32:19.113Z,TRUE,"High outlier: ₹16743 > upper fence ₹10847 (Q3: ₹8276, IQR: ₹1714)",00:40,FALSE
fare_BOM-DEL_6E_2026-09-04_T+1_1788471332355_shea,BOM-DEL,EaseMyTrip,6E,6E-5246,2026-09-04,T+1,13967,3066,17033,2026-09-03T02:32:19.113Z,TRUE,"High outlier: ₹17033 > upper fence ₹10847 (Q3: ₹8276, IQR: ₹1714)",07:15,FALSE
fare_BOM-DEL_AI_2026-09-04_T+1_1788471332355_tlqq,BOM-DEL,EaseMyTrip,AI,AI-2749,2026-09-04,T+1,14173,3111,17284,2026-09-03T02:32:19.113Z,TRUE,"High outlier: ₹17284 > upper fence ₹10847 (Q3: ₹8276, IQR: ₹1714)",17:35,FALSE
fare_BOM-DEL_AI_2026-09-04_T+1_1788471332355_ax7n,BOM-DEL,EaseMyTrip,AI,AI-2741,2026-09-04,T+1,14403,3162,17565,2026-09-03T02:32:19.113Z,TRUE,"High outlier: ₹17565 > upper fence ₹10847 (Q3: ₹8276, IQR: ₹1714)",07:40,FALSE
fare_BOM-DEL_IX_2026-09-04_T+1_1788471332355_uoo4,BOM-DEL,EaseMyTrip,IX,IX-1283,2026-09-04,T+1,15045,3302,18347,2026-09-03T02:32:19.113Z,TRUE,"High outlier: ₹18347 > upper fence ₹10847 (Q3: ₹8276, IQR: ₹1714)",09:05,FALSE
fare_BOM-DEL_AI_2026-09-04_T+1_1788471332355_jntr,BOM-DEL,EaseMyTrip,AI,AI-2625,2026-09-04,T+1,14755,3239,17994,2026-09-03T02:32:19.113Z,TRUE,"High outlier: ₹17994 > upper fence ₹10847 (Q3: ₹8276, IQR: ₹1714)",06:00,FALSE
fare_BOM-DEL_AI_2026-09-04_T+1_1788471332355_72qv,BOM-DEL,EaseMyTrip,AI,AI-2444,2026-09-04,T+1,14881,3266,18147,2026-09-03T02:32:19.113Z,TRUE,"High outlier: ₹18147 > upper fence ₹10847 (Q3: ₹8276, IQR: ₹1714)",10:50,FALSE
fare_BOM-DEL_AI_2026-09-04_T+1_1788471332355_1x0h,BOM-DEL,EaseMyTrip,AI,AI-2531,2026-09-04,T+1,15132,3322,18454,2026-09-03T02:32:19.113Z,TRUE,"High outlier: ₹18454 > upper fence ₹10847 (Q3: ₹8276, IQR: ₹1714)",15:05,FALSE
fare_BOM-DEL_IX_2026-09-04_T+1_1788471332355_1x0s,BOM-DEL,EaseMyTrip,IX,IX-1347,2026-09-04,T+1,16612,3647,20259,2026-09-03T02:32:19.113Z,TRUE,"High outlier: ₹20259 > upper fence ₹10847 (Q3: ₹8276, IQR: ₹1714)",06:00,FALSE
fare_BOM-DEL_AI_2026-09-04_T+1_1788471332355_bob8,BOM-DEL,EaseMyTrip,AI,AI-2853,2026-09-04,T+1,16671,3660,20331,2026-09-03T02:32:19.113Z,TRUE,"High outlier: ₹20331 > upper fence ₹10847 (Q3: ₹8276, IQR: ₹1714)",15:25,FALSE
fare_BOM-DEL_AI_2026-09-04_T+1_1788471332355_yb46,BOM-DEL,EaseMyTrip,AI,AI-2579,2026-09-04,T+1,17018,3736,20754,2026-09-03T02:32:19.113Z,TRUE,"High outlier: ₹20754 > upper fence ₹10847 (Q3: ₹8276, IQR: ₹1714)",10:35,FALSE
fare_BOM-DEL_AI_2026-09-04_T+1_1788471332355_nfnn,BOM-DEL,EaseMyTrip,AI,AI-2728,2026-09-04,T+1,17405,3820,21225,2026-09-03T02:32:19.113Z,TRUE,"High outlier: ₹21225 > upper fence ₹10847 (Q3: ₹8276, IQR: ₹1714)",05:20,FALSE
fare_BOM-DEL_IX_2026-09-04_T+1_1788471332355_eyzq,BOM-DEL,EaseMyTrip,IX,IX-1238,2026-09-04,T+1,19503,4281,23784,2026-09-03T02:32:19.113Z,TRUE,"High outlier: ₹23784 > upper fence ₹10847 (Q3: ₹8276, IQR: ₹1714)",12:25,FALSE
fare_BOM-DEL_AI_2026-09-04_T+1_1788471332355_9guz,BOM-DEL,EaseMyTrip,AI,AI-9533,2026-09-04,T+1,23187,5090,28277,2026-09-03T02:32:19.113Z,TRUE,"High outlier: ₹28277 > upper fence ₹10847 (Q3: ₹8276, IQR: ₹1714)",16:30,FALSE
fare_BOM-DEL_AI_2026-09-04_T+1_1788471332355_eju1,BOM-DEL,EaseMyTrip,AI,AI-2781,2026-09-04,T+1,28357,6225,34582,2026-09-03T02:32:19.113Z,TRUE,"High outlier: ₹34582 > upper fence ₹10847 (Q3: ₹8276, IQR: ₹1714)",10:45,FALSE
fare_BOM-DEL_6E_2026-09-04_T+1_1788471332356_a5ml,BOM-DEL,EaseMyTrip,6E,6E-409,2026-09-04,T+1,4795,1053,5848,2026-09-03T21:14:16.734Z,FALSE,"",14:40,FALSE
fare_BOM-DEL_6E_2026-09-04_T+1_1788471332356_vd3n,BOM-DEL,EaseMyTrip,6E,6E-993,2026-09-04,T+1,4795,1053,5848,2026-09-03T21:14:16.734Z,FALSE,"",14:40,FALSE
fare_BOM-DEL_SG_2026-09-04_T+1_1788471332356_cp2d,BOM-DEL,EaseMyTrip,SG,SG-524,2026-09-04,T+1,5242,1151,6393,2026-09-03T21:14:16.734Z,FALSE,"",17:55,TRUE
fare_BOM-DEL_SG_2026-09-04_T+1_1788471332356_icg5,BOM-DEL,EaseMyTrip,SG,SG-863,2026-09-04,T+1,5242,1151,6393,2026-09-03T21:14:16.734Z,FALSE,"",17:55,TRUE
fare_BOM-DEL_SG_2026-09-04_T+1_1788471332356_ne2i,BOM-DEL,EaseMyTrip,SG,SG-859,2026-09-04,T+1,5242,1151,6393,2026-09-03T21:14:16.734Z,FALSE,"",23:55,TRUE
fare_BOM-DEL_SG_2026-09-04_T+1_1788471332356_auo5,BOM-DEL,EaseMyTrip,SG,SG-448,2026-09-04,T+1,5242,1151,6393,2026-09-03T21:14:16.734Z,FALSE,"",23:55,TRUE
fare_BOM-DEL_6E_2026-09-04_T+1_1788471332356_ilzg,BOM-DEL,EaseMyTrip,6E,6E-639,2026-09-04,T+1,5332,1171,6503,2026-09-03T21:14:16.734Z,FALSE,"",19:20,FALSE
fare_BOM-DEL_6E_2026-09-04_T+1_1788471332356_phct,BOM-DEL,EaseMyTrip,6E,6E-756,2026-09-04,T+1,5332,1171,6503,2026-09-03T21:14:16.734Z,FALSE,"",19:20,FALSE
fare_BOM-DEL_6E_2026-09-04_T+1_1788471332356_gql4,BOM-DEL,EaseMyTrip,6E,6E-785,2026-09-04,T+1,5381,1181,6562,2026-09-03T21:14:16.734Z,FALSE,"",05:00,TRUE
fare_BOM-DEL_6E_2026-09-04_T+1_1788471332356_adto,BOM-DEL,EaseMyTrip,6E,6E-716,2026-09-04,T+1,5381,1181,6562,2026-09-03T21:14:16.734Z,FALSE,"",05:00,TRUE
fare_BOM-DEL_6E_2026-09-04_T+1_1788471332356_oirw,BOM-DEL,EaseMyTrip,6E,6E-635,2026-09-04,T+1,5381,1181,6562,2026-09-03T21:14:16.734Z,FALSE,"",23:45,TRUE
fare_BOM-DEL_6E_2026-09-04_T+1_1788471332356_f37j,BOM-DEL,EaseMyTrip,6E,6E-815,2026-09-04,T+1,5381,1181,6562,2026-09-03T21:14:16.734Z,FALSE,"",17:20,TRUE
fare_BOM-DEL_6E_2026-09-04_T+1_1788471332356_wakj,BOM-DEL,EaseMyTrip,6E,6E-585,2026-09-04,T+1,5381,1181,6562,2026-09-03T21:14:16.734Z,FALSE,"",16:00,TRUE
fare_BOM-DEL_6E_2026-09-04_T+1_1788471332356_rik6,BOM-DEL,EaseMyTrip,6E,6E-487,2026-09-04,T+1,5381,1181,6562,2026-09-03T21:14:16.734Z,FALSE,"",15:00,TRUE
fare_BOM-DEL_6E_2026-09-04_T+1_1788471332356_ba4a,BOM-DEL,EaseMyTrip,6E,6E-799,2026-09-04,T+1,5381,1181,6562,2026-09-03T21:14:16.734Z,FALSE,"",15:00,TRUE
fare_BOM-DEL_6E_2026-09-04_T+1_1788471332356_kun9,BOM-DEL,EaseMyTrip,6E,6E-533,2026-09-04,T+1,5381,1181,6562,2026-09-03T21:14:16.734Z,FALSE,"",13:00,TRUE
fare_BOM-DEL_6E_2026-09-04_T+1_1788471332356_byou,BOM-DEL,EaseMyTrip,6E,6E-385,2026-09-04,T+1,5381,1181,6562,2026-09-03T21:14:16.734Z,FALSE,"",13:00,TRUE
fare_BOM-DEL_6E_2026-09-04_T+1_1788471332356_1762,BOM-DEL,EaseMyTrip,6E,6E-958,2026-09-04,T+1,5381,1181,6562,2026-09-03T21:14:16.734Z,FALSE,"",06:00,TRUE
fare_BOM-DEL_6E_2026-09-04_T+1_1788471332356_6mkk,BOM-DEL,EaseMyTrip,6E,6E-838,2026-09-04,T+1,5381,1181,6562,2026-09-03T21:14:16.734Z,FALSE,"",07:00,TRUE
fare_BOM-DEL_6E_2026-09-04_T+1_1788471332356_76th,BOM-DEL,EaseMyTrip,6E,6E-386,2026-09-04,T+1,5381,1181,6562,2026-09-03T21:14:16.734Z,FALSE,"",07:00,TRUE
fare_BOM-DEL_6E_2026-09-04_T+1_1788471332356_x6lo,BOM-DEL,EaseMyTrip,6E,6E-561,2026-09-04,T+1,5381,1181,6562,2026-09-03T21:14:16.734Z,FALSE,"",08:00,TRUE
fare_BOM-DEL_6E_2026-09-04_T+1_1788471332356_l73k,BOM-DEL,EaseMyTrip,6E,6E-998,2026-09-04,T+1,5381,1181,6562,2026-09-03T21:14:16.734Z,FALSE,"",08:00,TRUE
fare_BOM-DEL_6E_2026-09-04_T+1_1788471332356_ap62,BOM-DEL,EaseMyTrip,6E,6E-145,2026-09-04,T+1,5381,1181,6562,2026-09-03T21:14:16.734Z,FALSE,"",10:35,TRUE
fare_BOM-DEL_6E_2026-09-04_T+1_1788471332356_c0rg,BOM-DEL,EaseMyTrip,6E,6E-217,2026-09-04,T+1,5510,1210,6720,2026-09-03T21:14:16.734Z,FALSE,"",22:15,TRUE
fare_BOM-DEL_6E_2026-09-04_T+1_1788471332356_b9tn,BOM-DEL,EaseMyTrip,6E,6E-647,2026-09-04,T+1,5510,1210,6720,2026-09-03T21:14:16.734Z,FALSE,"",22:15,TRUE
fare_BOM-DEL_6E_2026-09-04_T+1_1788471332356_wmeq,BOM-DEL,EaseMyTrip,6E,6E-766,2026-09-04,T+1,5510,1210,6720,2026-09-03T21:14:16.734Z,FALSE,"",21:15,TRUE
fare_BOM-DEL_6E_2026-09-04_T+1_1788471332356_bh5p,BOM-DEL,EaseMyTrip,6E,6E-925,2026-09-04,T+1,5510,1210,6720,2026-09-03T21:14:16.734Z,FALSE,"",21:15,TRUE
fare_BOM-DEL_6E_2026-09-04_T+1_1788471332356_l4tp,BOM-DEL,EaseMyTrip,6E,6E-669,2026-09-04,T+1,5510,1210,6720,2026-09-03T21:14:16.734Z,FALSE,"",20:20,TRUE
fare_BOM-DEL_6E_2026-09-04_T+1_1788471332356_ft0y,BOM-DEL,EaseMyTrip,6E,6E-944,2026-09-04,T+1,5510,1210,6720,2026-09-03T21:14:16.734Z,FALSE,"",20:20,TRUE
fare_BOM-DEL_6E_2026-09-04_T+1_1788471332356_ulkr,BOM-DEL,EaseMyTrip,6E,6E-143,2026-09-04,T+1,5683,1247,6930,2026-09-03T21:14:16.734Z,FALSE,"",19:00,TRUE
fare_BOM-DEL_6E_2026-09-04_T+1_1788471332356_7cwg,BOM-DEL,EaseMyTrip,6E,6E-381,2026-09-04,T+1,5683,1247,6930,2026-09-03T21:14:16.734Z,FALSE,"",19:00,TRUE
fare_BOM-DEL_6E_2026-09-04_T+1_1788471332356_4v5v,BOM-DEL,EaseMyTrip,6E,6E-877,2026-09-04,T+1,5683,1247,6930,2026-09-03T21:14:16.734Z,FALSE,"",09:00,TRUE
fare_BOM-DEL_6E_2026-09-04_T+1_1788471332356_bjgk,BOM-DEL,EaseMyTrip,6E,6E-545,2026-09-04,T+1,5683,1247,6930,2026-09-03T21:14:16.734Z,FALSE,"",09:00,TRUE
fare_BOM-DEL_6E_2026-09-04_T+1_1788471332356_fijm,BOM-DEL,EaseMyTrip,6E,6E-832,2026-09-04,T+1,5724,1257,6981,2026-09-03T21:14:16.734Z,FALSE,"",17:20,TRUE
fare_BOM-DEL_6E_2026-09-04_T+1_1788471332356_j57p,BOM-DEL,EaseMyTrip,6E,6E-411,2026-09-04,T+1,5724,1257,6981,2026-09-03T21:14:16.734Z,FALSE,"",17:20,TRUE
fare_BOM-DEL_6E_2026-09-04_T+1_1788471332356_3oom,BOM-DEL,EaseMyTrip,6E,6E-518,2026-09-04,T+1,6281,1379,7660,2026-09-03T21:14:16.734Z,FALSE,"",17:45,FALSE
fare_BOM-DEL_6E_2026-09-04_T+1_1788471332356_9h7l,BOM-DEL,EaseMyTrip,6E,6E-644,2026-09-04,T+1,6281,1379,7660,2026-09-03T21:14:16.734Z,FALSE,"",17:45,FALSE
fare_BOM-DEL_6E_2026-09-04_T+1_1788471332356_avif,BOM-DEL,EaseMyTrip,6E,6E-138,2026-09-04,T+1,6657,1461,8118,2026-09-03T21:14:16.734Z,FALSE,"",04:45,FALSE
fare_BOM-DEL_6E_2026-09-04_T+1_1788471332356_cxu3,BOM-DEL,EaseMyTrip,6E,6E-981,2026-09-04,T+1,6657,1461,8118,2026-09-03T21:14:16.734Z,FALSE,"",04:45,FALSE
fare_BOM-DEL_6E_2026-09-04_T+1_1788471332356_kicp,BOM-DEL,EaseMyTrip,6E,6E-527,2026-09-04,T+1,8139,1787,9926,2026-09-03T21:14:16.734Z,FALSE,"",12:40,FALSE
fare_BOM-DEL_6E_2026-09-04_T+1_1788471332356_2qqs,BOM-DEL,EaseMyTrip,6E,6E-661,2026-09-04,T+1,8139,1787,9926,2026-09-03T21:14:16.734Z,FALSE,"",12:40,FALSE
fare_BOM-DEL_AI_2026-09-04_T+1_1788471332356_2d14,BOM-DEL,EaseMyTrip,AI,AI-9718,2026-09-04,T+1,11079,2432,13511,2026-09-03T21:14:16.734Z,TRUE,"High outlier: ₹13511 > upper fence ₹10847 (Q3: ₹8276, IQR: ₹1714)",20:05,FALSE
fare_BOM-DEL_IX_2026-09-04_T+1_1788471332356_h2qp,BOM-DEL,EaseMyTrip,IX,IX-1810,2026-09-04,T+1,12268,2693,14961,2026-09-03T21:14:16.734Z,TRUE,"High outlier: ₹14961 > upper fence ₹10847 (Q3: ₹8276, IQR: ₹1714)",13:40,FALSE
fare_BOM-DEL_IX_2026-09-04_T+1_1788471332356_mwiz,BOM-DEL,EaseMyTrip,IX,IX-1640,2026-09-04,T+1,12697,2787,15484,2026-09-03T21:14:16.734Z,TRUE,"High outlier: ₹15484 > upper fence ₹10847 (Q3: ₹8276, IQR: ₹1714)",21:10,FALSE
fare_BOM-DEL_AI_2026-09-04_T+1_1788471332356_8huy,BOM-DEL,EaseMyTrip,AI,AI-3305,2026-09-04,T+1,12408,2724,15132,2026-09-03T21:14:16.734Z,TRUE,"High outlier: ₹15132 > upper fence ₹10847 (Q3: ₹8276, IQR: ₹1714)",23:40,FALSE
fare_BOM-DEL_AI_2026-09-04_T+1_1788471332356_ahhw,BOM-DEL,EaseMyTrip,AI,AI-413,2026-09-04,T+1,12440,2731,15171,2026-09-03T21:14:16.734Z,TRUE,"High outlier: ₹15171 > upper fence ₹10847 (Q3: ₹8276, IQR: ₹1714)",21:15,FALSE
fare_BOM-DEL_AI_2026-09-04_T+1_1788471332356_jzgo,BOM-DEL,EaseMyTrip,AI,AI-493,2026-09-04,T+1,12577,2761,15338,2026-09-03T21:14:16.734Z,TRUE,"High outlier: ₹15338 > upper fence ₹10847 (Q3: ₹8276, IQR: ₹1714)",06:40,FALSE
fare_BOM-DEL_IX_2026-09-04_T+1_1788471332356_obtl,BOM-DEL,EaseMyTrip,IX,IX-1797,2026-09-04,T+1,15385,3377,18762,2026-09-03T21:14:16.734Z,TRUE,"High outlier: ₹18762 > upper fence ₹10847 (Q3: ₹8276, IQR: ₹1714)",05:05,FALSE
fare_BOM-DEL_AI_2026-09-04_T+1_1788471332356_3lz8,BOM-DEL,EaseMyTrip,AI,AI-2857,2026-09-04,T+1,16362,3592,19954,2026-09-03T21:14:16.734Z,TRUE,"High outlier: ₹19954 > upper fence ₹10847 (Q3: ₹8276, IQR: ₹1714)",23:30,FALSE
fare_BOM-DEL_AI_2026-09-04_T+1_1788471332356_v8jk,BOM-DEL,EaseMyTrip,AI,AI-2503,2026-09-04,T+1,17064,3746,20810,2026-09-03T21:14:16.734Z,TRUE,"High outlier: ₹20810 > upper fence ₹10847 (Q3: ₹8276, IQR: ₹1714)",12:55,FALSE
fare_BOM-DEL_IX_2026-09-04_T+1_1788471332356_us8e,BOM-DEL,EaseMyTrip,IX,IX-1176,2026-09-04,T+1,19321,4241,23562,2026-09-03T21:14:16.734Z,TRUE,"High outlier: ₹23562 > upper fence ₹10847 (Q3: ₹8276, IQR: ₹1714)",11:20,FALSE
fare_BOM-DEL_6E_2026-10-03_T+30_1788471332357_n2xz,BOM-DEL,EaseMyTrip,6E,6E-5107,2026-10-03,T+30,4795,1053,5848,2026-09-03T21:14:35.232Z,FALSE,"",20:00,FALSE
fare_BOM-DEL_6E_2026-10-03_T+30_1788471332357_oqlk,BOM-DEL,EaseMyTrip,6E,6E-6027,2026-10-03,T+30,4904,1076,5980,2026-09-03T21:14:35.232Z,FALSE,"",17:35,FALSE
fare_BOM-DEL_6E_2026-10-03_T+30_1788471332357_88xm,BOM-DEL,EaseMyTrip,6E,6E-5164,2026-10-03,T+30,4904,1076,5980,2026-09-03T21:14:35.232Z,FALSE,"",20:00,FALSE
fare_BOM-DEL_6E_2026-10-03_T+30_1788471332357_ivj6,BOM-DEL,EaseMyTrip,6E,6E-5147,2026-10-03,T+30,4904,1076,5980,2026-09-03T21:14:35.232Z,FALSE,"",18:35,FALSE
fare_BOM-DEL_6E_2026-10-03_T+30_1788471332357_zaae,BOM-DEL,EaseMyTrip,6E,6E-6802,2026-10-03,T+30,4904,1076,5980,2026-09-03T21:14:35.232Z,FALSE,"",16:55,FALSE
fare_BOM-DEL_SG_2026-10-03_T+30_1788471332357_kowe,BOM-DEL,EaseMyTrip,SG,SG-845,2026-10-03,T+30,5231,1148,6379,2026-09-03T21:14:35.232Z,FALSE,"",01:50,TRUE
fare_BOM-DEL_SG_2026-10-03_T+30_1788471332357_qxik,BOM-DEL,EaseMyTrip,SG,SG-677,2026-10-03,T+30,5231,1148,6379,2026-09-03T21:14:35.232Z,FALSE,"",01:50,TRUE
fare_BOM-DEL_SG_2026-10-03_T+30_1788471332357_w4rg,BOM-DEL,EaseMyTrip,SG,SG-388,2026-10-03,T+30,5231,1148,6379,2026-09-03T21:14:35.232Z,FALSE,"",06:25,TRUE
fare_BOM-DEL_SG_2026-10-03_T+30_1788471332357_vzk6,BOM-DEL,EaseMyTrip,SG,SG-798,2026-10-03,T+30,5231,1148,6379,2026-09-03T21:14:35.232Z,FALSE,"",06:25,TRUE
fare_BOM-DEL_6E_2026-10-03_T+30_1788471332357_syo9,BOM-DEL,EaseMyTrip,6E,6E-5135,2026-10-03,T+30,4945,1085,6030,2026-09-03T21:14:35.232Z,FALSE,"",23:20,FALSE
fare_BOM-DEL_6E_2026-10-03_T+30_1788471332357_fd5s,BOM-DEL,EaseMyTrip,6E,6E-5028,2026-10-03,T+30,4968,1090,6058,2026-09-03T21:14:35.232Z,FALSE,"",19:35,FALSE
fare_BOM-DEL_6E_2026-10-03_T+30_1788471332357_41j3,BOM-DEL,EaseMyTrip,6E,6E-6937,2026-10-03,T+30,4968,1090,6058,2026-09-03T21:14:35.232Z,FALSE,"",11:30,FALSE
fare_BOM-DEL_6E_2026-10-03_T+30_1788471332357_nfga,BOM-DEL,EaseMyTrip,6E,6E-5177,2026-10-03,T+30,4968,1090,6058,2026-09-03T21:14:35.232Z,FALSE,"",19:10,FALSE
fare_BOM-DEL_6E_2026-10-03_T+30_1788471332357_m5qv,BOM-DEL,EaseMyTrip,6E,6E-988,2026-10-03,T+30,4968,1090,6058,2026-09-03T21:14:35.232Z,FALSE,"",04:30,FALSE
fare_BOM-DEL_6E_2026-10-03_T+30_1788471332357_x9fg,BOM-DEL,EaseMyTrip,6E,6E-926,2026-10-03,T+30,4968,1090,6058,2026-09-03T21:14:35.232Z,FALSE,"",04:30,FALSE
fare_BOM-DEL_6E_2026-10-03_T+30_1788471332357_uq50,BOM-DEL,EaseMyTrip,6E,6E-757,2026-10-03,T+30,5009,1100,6109,2026-09-03T21:14:35.232Z,FALSE,"",13:35,FALSE
fare_BOM-DEL_6E_2026-10-03_T+30_1788471332357_ax5j,BOM-DEL,EaseMyTrip,6E,6E-818,2026-10-03,T+30,5009,1100,6109,2026-09-03T21:14:35.232Z,FALSE,"",13:35,FALSE
fare_BOM-DEL_6E_2026-10-03_T+30_1788471332357_ys2r,BOM-DEL,EaseMyTrip,6E,6E-7017,2026-10-03,T+30,5009,1100,6109,2026-09-03T21:14:35.232Z,FALSE,"",21:30,FALSE
fare_BOM-DEL_6E_2026-10-03_T+30_1788471332357_bd98,BOM-DEL,EaseMyTrip,6E,6E-624,2026-10-03,T+30,5009,1100,6109,2026-09-03T21:14:35.232Z,FALSE,"",07:05,FALSE
fare_BOM-DEL_6E_2026-10-03_T+30_1788471332357_9k4r,BOM-DEL,EaseMyTrip,6E,6E-742,2026-10-03,T+30,5009,1100,6109,2026-09-03T21:14:35.232Z,FALSE,"",07:05,FALSE
fare_BOM-DEL_6E_2026-10-03_T+30_1788471332357_tdme,BOM-DEL,EaseMyTrip,6E,6E-2138,2026-10-03,T+30,5009,1100,6109,2026-09-03T21:14:35.232Z,FALSE,"",16:20,FALSE
fare_BOM-DEL_6E_2026-10-03_T+30_1788471332357_564m,BOM-DEL,EaseMyTrip,6E,6E-5238,2026-10-03,T+30,5009,1100,6109,2026-09-03T21:14:35.232Z,FALSE,"",18:25,FALSE
fare_BOM-DEL_6E_2026-10-03_T+30_1788471332357_bvsm,BOM-DEL,EaseMyTrip,6E,6E-218,2026-10-03,T+30,5009,1100,6109,2026-09-03T21:14:35.232Z,FALSE,"",07:05,FALSE
fare_BOM-DEL_6E_2026-10-03_T+30_1788471332357_7hmy,BOM-DEL,EaseMyTrip,6E,6E-496,2026-10-03,T+30,5009,1100,6109,2026-09-03T21:14:35.232Z,FALSE,"",07:05,FALSE
fare_BOM-DEL_6E_2026-10-03_T+30_1788471332357_wak5,BOM-DEL,EaseMyTrip,6E,6E-840,2026-10-03,T+30,5009,1100,6109,2026-09-03T21:14:35.232Z,FALSE,"",07:05,FALSE
fare_BOM-DEL_6E_2026-10-03_T+30_1788471332357_olwq,BOM-DEL,EaseMyTrip,6E,6E-134,2026-10-03,T+30,5009,1100,6109,2026-09-03T21:14:35.232Z,FALSE,"",07:05,FALSE
fare_BOM-DEL_6E_2026-10-03_T+30_1788471332357_kfs5,BOM-DEL,EaseMyTrip,6E,6E-993,2026-10-03,T+30,5009,1100,6109,2026-09-03T21:14:35.232Z,FALSE,"",13:35,FALSE
fare_BOM-DEL_6E_2026-10-03_T+30_1788471332357_m1h6,BOM-DEL,EaseMyTrip,6E,6E-125,2026-10-03,T+30,5009,1100,6109,2026-09-03T21:14:35.232Z,FALSE,"",13:35,FALSE
fare_BOM-DEL_6E_2026-10-03_T+30_1788471332357_hqjc,BOM-DEL,EaseMyTrip,6E,6E-5095,2026-10-03,T+30,5014,1101,6115,2026-09-03T21:14:35.232Z,FALSE,"",09:20,TRUE
fare_BOM-DEL_6E_2026-10-03_T+30_1788471332357_yem5,BOM-DEL,EaseMyTrip,6E,6E-6543,2026-10-03,T+30,5022,1102,6124,2026-09-03T21:14:35.232Z,FALSE,"",07:50,FALSE
fare_BOM-DEL_6E_2026-10-03_T+30_1788471332357_eyd2,BOM-DEL,EaseMyTrip,6E,6E-590,2026-10-03,T+30,5076,1114,6190,2026-09-03T21:14:35.232Z,FALSE,"",17:45,FALSE
fare_BOM-DEL_6E_2026-10-03_T+30_1788471332357_g2fr,BOM-DEL,EaseMyTrip,6E,6E-271,2026-10-03,T+30,5076,1114,6190,2026-09-03T21:14:35.232Z,FALSE,"",17:45,FALSE
fare_BOM-DEL_6E_2026-10-03_T+30_1788471332357_1yl1,BOM-DEL,EaseMyTrip,6E,6E-5056,2026-10-03,T+30,5076,1114,6190,2026-09-03T21:14:35.232Z,FALSE,"",21:10,FALSE
fare_BOM-DEL_6E_2026-10-03_T+30_1788471332357_8gz7,BOM-DEL,EaseMyTrip,6E,6E-5178,2026-10-03,T+30,5076,1114,6190,2026-09-03T21:14:35.232Z,FALSE,"",11:40,FALSE
fare_BOM-DEL_6E_2026-10-03_T+30_1788471332357_gsj8,BOM-DEL,EaseMyTrip,6E,6E-5179,2026-10-03,T+30,5076,1114,6190,2026-09-03T21:14:35.232Z,FALSE,"",02:45,FALSE
fare_BOM-DEL_6E_2026-10-03_T+30_1788471332357_nosp,BOM-DEL,EaseMyTrip,6E,6E-5318,2026-10-03,T+30,5076,1114,6190,2026-09-03T21:14:35.232Z,FALSE,"",10:15,FALSE
fare_BOM-DEL_IX_2026-10-03_T+30_1788471332357_va3t,BOM-DEL,EaseMyTrip,IX,IX-1050,2026-10-03,T+30,5380,1181,6561,2026-09-03T21:14:35.232Z,FALSE,"",14:45,TRUE
fare_BOM-DEL_IX_2026-10-03_T+30_1788471332357_jju7,BOM-DEL,EaseMyTrip,IX,IX-1671,2026-10-03,T+30,5380,1181,6561,2026-09-03T21:14:35.232Z,FALSE,"",16:45,TRUE
fare_BOM-DEL_IX_2026-10-03_T+30_1788471332357_bble,BOM-DEL,EaseMyTrip,IX,IX-1464,2026-10-03,T+30,5380,1181,6561,2026-09-03T21:14:35.232Z,FALSE,"",08:25,TRUE
fare_BOM-DEL_IX_2026-10-03_T+30_1788471332357_hyau,BOM-DEL,EaseMyTrip,IX,IX-2153,2026-10-03,T+30,5380,1181,6561,2026-09-03T21:14:35.232Z,FALSE,"",20:25,TRUE
fare_BOM-DEL_IX_2026-10-03_T+30_1788471332357_n12d,BOM-DEL,EaseMyTrip,IX,IX-1364,2026-10-03,T+30,5380,1181,6561,2026-09-03T21:14:35.232Z,FALSE,"",21:55,TRUE
fare_BOM-DEL_6E_2026-10-03_T+30_1788471332357_9ygx,BOM-DEL,EaseMyTrip,6E,6E-6191,2026-10-03,T+30,5117,1123,6240,2026-09-03T21:14:35.232Z,FALSE,"",14:10,FALSE
fare_BOM-DEL_6E_2026-10-03_T+30_1788471332357_x5nd,BOM-DEL,EaseMyTrip,6E,6E-5059,2026-10-03,T+30,5160,1133,6293,2026-09-03T21:14:35.232Z,FALSE,"",05:45,FALSE
fare_BOM-DEL_6E_2026-10-03_T+30_1788471332357_4hak,BOM-DEL,EaseMyTrip,6E,6E-491,2026-10-03,T+30,5160,1133,6293,2026-09-03T21:14:35.232Z,FALSE,"",01:30,FALSE
fare_BOM-DEL_6E_2026-10-03_T+30_1788471332357_k2us,BOM-DEL,EaseMyTrip,6E,6E-609,2026-10-03,T+30,5160,1133,6293,2026-09-03T21:14:35.232Z,FALSE,"",01:30,FALSE
fare_BOM-DEL_6E_2026-10-03_T+30_1788471332357_3p0q,BOM-DEL,EaseMyTrip,6E,6E-5144,2026-10-03,T+30,5160,1133,6293,2026-09-03T21:14:35.232Z,FALSE,"",06:10,FALSE
fare_BOM-DEL_6E_2026-10-03_T+30_1788471332357_hh6r,BOM-DEL,EaseMyTrip,6E,6E-2347,2026-10-03,T+30,5160,1133,6293,2026-09-03T21:14:35.232Z,FALSE,"",08:50,FALSE
fare_BOM-DEL_6E_2026-10-03_T+30_1788471332357_4ur6,BOM-DEL,EaseMyTrip,6E,6E-6599,2026-10-03,T+30,5269,1156,6425,2026-09-03T21:14:35.232Z,FALSE,"",16:50,FALSE
fare_BOM-DEL_6E_2026-10-03_T+30_1788471332357_pltz,BOM-DEL,EaseMyTrip,6E,6E-5154,2026-10-03,T+30,5269,1156,6425,2026-09-03T21:14:35.232Z,FALSE,"",15:45,FALSE
fare_BOM-DEL_QP_2026-10-03_T+30_1788471332357_ev21,BOM-DEL,EaseMyTrip,QP,QP-2011,2026-10-03,T+30,5330,1170,6500,2026-09-03T21:14:35.232Z,FALSE,"",05:35,TRUE
fare_BOM-DEL_QP_2026-10-03_T+30_1788471332357_15pg,BOM-DEL,EaseMyTrip,QP,QP-2017,2026-10-03,T+30,5363,1177,6540,2026-09-03T21:14:35.232Z,FALSE,"",08:10,TRUE
fare_BOM-DEL_6E_2026-10-03_T+30_1788471332357_lf5h,BOM-DEL,EaseMyTrip,6E,6E-354,2026-10-03,T+30,5380,1181,6561,2026-09-03T21:14:35.232Z,FALSE,"",17:20,TRUE
fare_BOM-DEL_6E_2026-10-03_T+30_1788471332357_lbj0,BOM-DEL,EaseMyTrip,6E,6E-709,2026-10-03,T+30,5380,1181,6561,2026-09-03T21:14:35.232Z,FALSE,"",17:20,TRUE
fare_BOM-DEL_QP_2026-10-03_T+30_1788471332357_74p5,BOM-DEL,EaseMyTrip,QP,QP-1825,2026-10-03,T+30,5381,1181,6562,2026-09-03T21:14:35.232Z,FALSE,"",17:00,TRUE
fare_BOM-DEL_QP_2026-10-03_T+30_1788471332357_wpeu,BOM-DEL,EaseMyTrip,QP,QP-1120,2026-10-03,T+30,5381,1181,6562,2026-09-03T21:14:35.232Z,FALSE,"",19:00,TRUE
fare_BOM-DEL_QP_2026-10-03_T+30_1788471332357_c568,BOM-DEL,EaseMyTrip,QP,QP-1109,2026-10-03,T+30,5381,1181,6562,2026-09-03T21:14:35.232Z,FALSE,"",07:00,TRUE
fare_BOM-DEL_QP_2026-10-03_T+30_1788471332357_55xm,BOM-DEL,EaseMyTrip,QP,QP-1834,2026-10-03,T+30,5381,1181,6562,2026-09-03T21:14:35.232Z,FALSE,"",10:25,TRUE
fare_BOM-DEL_QP_2026-10-03_T+30_1788471332357_h4zs,BOM-DEL,EaseMyTrip,QP,QP-1127,2026-10-03,T+30,5381,1181,6562,2026-09-03T21:14:35.232Z,FALSE,"",13:00,TRUE
fare_BOM-DEL_QP_2026-10-03_T+30_1788471332357_lxt5,BOM-DEL,EaseMyTrip,QP,QP-1819,2026-10-03,T+30,5381,1181,6562,2026-09-03T21:14:35.232Z,FALSE,"",14:30,TRUE
fare_BOM-DEL_6E_2026-10-03_T+30_1788471332357_ucem,BOM-DEL,EaseMyTrip,6E,6E-6045,2026-10-03,T+30,5381,1181,6562,2026-09-03T21:14:35.232Z,FALSE,"",03:00,TRUE
fare_BOM-DEL_6E_2026-10-03_T+30_1788471332357_4z15,BOM-DEL,EaseMyTrip,6E,6E-544,2026-10-03,T+30,5381,1181,6562,2026-09-03T21:14:35.232Z,FALSE,"",23:45,TRUE
fare_BOM-DEL_6E_2026-10-03_T+30_1788471332357_ypie,BOM-DEL,EaseMyTrip,6E,6E-444,2026-10-03,T+30,5381,1181,6562,2026-09-03T21:14:35.232Z,FALSE,"",23:45,TRUE
fare_BOM-DEL_6E_2026-10-03_T+30_1788471332357_2v1x,BOM-DEL,EaseMyTrip,6E,6E-516,2026-10-03,T+30,5381,1181,6562,2026-09-03T21:14:35.232Z,FALSE,"",19:00,TRUE
fare_BOM-DEL_6E_2026-10-03_T+30_1788471332357_mo7r,BOM-DEL,EaseMyTrip,6E,6E-566,2026-10-03,T+30,5381,1181,6562,2026-09-03T21:14:35.232Z,FALSE,"",19:00,TRUE
fare_BOM-DEL_6E_2026-10-03_T+30_1788471332357_l4zl,BOM-DEL,EaseMyTrip,6E,6E-833,2026-10-03,T+30,5381,1181,6562,2026-09-03T21:14:35.232Z,FALSE,"",17:20,TRUE
fare_BOM-DEL_6E_2026-10-03_T+30_1788471332357_vw2n,BOM-DEL,EaseMyTrip,6E,6E-565,2026-10-03,T+30,5381,1181,6562,2026-09-03T21:14:35.232Z,FALSE,"",17:20,TRUE
fare_BOM-DEL_6E_2026-10-03_T+30_1788471332357_vphz,BOM-DEL,EaseMyTrip,6E,6E-6082,2026-10-03,T+30,5381,1181,6562,2026-09-03T21:14:35.232Z,FALSE,"",16:45,TRUE
fare_BOM-DEL_6E_2026-10-03_T+30_1788471332357_7psz,BOM-DEL,EaseMyTrip,6E,6E-571,2026-10-03,T+30,5381,1181,6562,2026-09-03T21:14:35.232Z,FALSE,"",16:00,TRUE
fare_BOM-DEL_6E_2026-10-03_T+30_1788471332357_8tk1,BOM-DEL,EaseMyTrip,6E,6E-153,2026-10-03,T+30,5381,1181,6562,2026-09-03T21:14:35.232Z,FALSE,"",16:00,TRUE
fare_BOM-DEL_6E_2026-10-03_T+30_1788471332357_o9gq,BOM-DEL,EaseMyTrip,6E,6E-6704,2026-10-03,T+30,5381,1181,6562,2026-09-03T21:14:35.232Z,FALSE,"",14:00,TRUE
fare_BOM-DEL_6E_2026-10-03_T+30_1788471332357_qbk3,BOM-DEL,EaseMyTrip,6E,6E-6028,2026-10-03,T+30,5381,1181,6562,2026-09-03T21:14:35.232Z,FALSE,"",12:15,TRUE
fare_BOM-DEL_6E_2026-10-03_T+30_1788471332357_a390,BOM-DEL,EaseMyTrip,6E,6E-567,2026-10-03,T+30,5381,1181,6562,2026-09-03T21:14:35.232Z,FALSE,"",13:00,TRUE
fare_BOM-DEL_6E_2026-10-03_T+30_1788471332357_lz47,BOM-DEL,EaseMyTrip,6E,6E-589,2026-10-03,T+30,5381,1181,6562,2026-09-03T21:14:35.232Z,FALSE,"",13:00,TRUE
fare_BOM-DEL_6E_2026-10-03_T+30_1788471332357_hvfy,BOM-DEL,EaseMyTrip,6E,6E-845,2026-10-03,T+30,5381,1181,6562,2026-09-03T21:14:35.232Z,FALSE,"",09:00,TRUE
fare_BOM-DEL_6E_2026-10-03_T+30_1788471332357_z2di,BOM-DEL,EaseMyTrip,6E,6E-191,2026-10-03,T+30,5381,1181,6562,2026-09-03T21:14:35.232Z,FALSE,"",09:00,TRUE
fare_BOM-DEL_6E_2026-10-03_T+30_1788471332357_saaw,BOM-DEL,EaseMyTrip,6E,6E-436,2026-10-03,T+30,5381,1181,6562,2026-09-03T21:14:35.232Z,FALSE,"",10:35,TRUE
fare_BOM-DEL_6E_2026-10-03_T+30_1788471332357_t1jw,BOM-DEL,EaseMyTrip,6E,6E-889,2026-10-03,T+30,5381,1181,6562,2026-09-03T21:14:35.232Z,FALSE,"",10:35,TRUE
fare_BOM-DEL_6E_2026-10-03_T+30_1788471332357_yzih,BOM-DEL,EaseMyTrip,6E,6E-6827,2026-10-03,T+30,5381,1181,6562,2026-09-03T21:14:35.232Z,FALSE,"",11:30,TRUE
fare_BOM-DEL_6E_2026-10-03_T+30_1788471332357_g8y1,BOM-DEL,EaseMyTrip,6E,6E-6361,2026-10-03,T+30,5505,1208,6713,2026-09-03T21:14:35.232Z,FALSE,"",05:00,FALSE
fare_BOM-DEL_6E_2026-10-03_T+30_1788471332357_4mba,BOM-DEL,EaseMyTrip,6E,6E-425,2026-10-03,T+30,5510,1210,6720,2026-09-03T21:14:35.232Z,FALSE,"",21:15,TRUE
fare_BOM-DEL_6E_2026-10-03_T+30_1788471332357_ayk8,BOM-DEL,EaseMyTrip,6E,6E-355,2026-10-03,T+30,5510,1210,6720,2026-09-03T21:14:35.232Z,FALSE,"",21:15,TRUE
fare_BOM-DEL_6E_2026-10-03_T+30_1788471332357_le6n,BOM-DEL,EaseMyTrip,6E,6E-933,2026-10-03,T+30,5510,1210,6720,2026-09-03T21:14:35.232Z,FALSE,"",20:20,TRUE
fare_BOM-DEL_6E_2026-10-03_T+30_1788471332357_i79u,BOM-DEL,EaseMyTrip,6E,6E-6613,2026-10-03,T+30,5510,1210,6720,2026-09-03T21:14:35.232Z,FALSE,"",18:15,TRUE
fare_BOM-DEL_6E_2026-10-03_T+30_1788471332357_u4mq,BOM-DEL,EaseMyTrip,6E,6E-721,2026-10-03,T+30,5510,1210,6720,2026-09-03T21:14:35.232Z,FALSE,"",15:00,TRUE
fare_BOM-DEL_6E_2026-10-03_T+30_1788471332357_berl,BOM-DEL,EaseMyTrip,6E,6E-883,2026-10-03,T+30,5510,1210,6720,2026-09-03T21:14:35.232Z,FALSE,"",15:00,TRUE
fare_BOM-DEL_6E_2026-10-03_T+30_1788471332357_meyq,BOM-DEL,EaseMyTrip,6E,6E-6049,2026-10-03,T+30,5510,1210,6720,2026-09-03T21:14:35.232Z,FALSE,"",19:45,TRUE
fare_BOM-DEL_6E_2026-10-03_T+30_1788471332357_4hr9,BOM-DEL,EaseMyTrip,6E,6E-733,2026-10-03,T+30,5510,1210,6720,2026-09-03T21:14:35.232Z,FALSE,"",05:00,TRUE
fare_BOM-DEL_6E_2026-10-03_T+30_1788471332357_xfpw,BOM-DEL,EaseMyTrip,6E,6E-987,2026-10-03,T+30,5510,1210,6720,2026-09-03T21:14:35.232Z,FALSE,"",05:00,TRUE
fare_BOM-DEL_6E_2026-10-03_T+30_1788471332357_zi0w,BOM-DEL,EaseMyTrip,6E,6E-359,2026-10-03,T+30,5510,1210,6720,2026-09-03T21:14:35.232Z,FALSE,"",06:00,TRUE
fare_BOM-DEL_6E_2026-10-03_T+30_1788471332357_9yx3,BOM-DEL,EaseMyTrip,6E,6E-167,2026-10-03,T+30,5510,1210,6720,2026-09-03T21:14:35.232Z,FALSE,"",06:00,TRUE
fare_BOM-DEL_6E_2026-10-03_T+30_1788471332357_u6ne,BOM-DEL,EaseMyTrip,6E,6E-481,2026-10-03,T+30,5510,1210,6720,2026-09-03T21:14:35.232Z,FALSE,"",07:00,TRUE
fare_BOM-DEL_6E_2026-10-03_T+30_1788471332357_46h3,BOM-DEL,EaseMyTrip,6E,6E-480,2026-10-03,T+30,5510,1210,6720,2026-09-03T21:14:35.232Z,FALSE,"",07:00,TRUE
fare_BOM-DEL_6E_2026-10-03_T+30_1788471332357_s70a,BOM-DEL,EaseMyTrip,6E,6E-6052,2026-10-03,T+30,5510,1210,6720,2026-09-03T21:14:35.232Z,FALSE,"",10:00,TRUE
fare_BOM-DEL_6E_2026-10-03_T+30_1788471332357_628f,BOM-DEL,EaseMyTrip,6E,6E-664,2026-10-03,T+30,5510,1210,6720,2026-09-03T21:14:35.232Z,FALSE,"",08:00,TRUE
fare_BOM-DEL_6E_2026-10-03_T+30_1788471332357_9gn8,BOM-DEL,EaseMyTrip,6E,6E-405,2026-10-03,T+30,5510,1210,6720,2026-09-03T21:14:35.232Z,FALSE,"",08:00,TRUE
fare_BOM-DEL_6E_2026-10-03_T+30_1788471332357_ilei,BOM-DEL,EaseMyTrip,6E,6E-2237,2026-10-03,T+30,5561,1221,6782,2026-09-03T21:14:35.232Z,FALSE,"",18:40,FALSE
fare_BOM-DEL_6E_2026-10-03_T+30_1788471332357_v782,BOM-DEL,EaseMyTrip,6E,6E-197,2026-10-03,T+30,5561,1221,6782,2026-09-03T21:14:35.232Z,FALSE,"",04:00,FALSE
fare_BOM-DEL_6E_2026-10-03_T+30_1788471332357_skur,BOM-DEL,EaseMyTrip,6E,6E-477,2026-10-03,T+30,5561,1221,6782,2026-09-03T21:14:35.232Z,FALSE,"",04:00,FALSE
fare_BOM-DEL_AI_2026-10-03_T+30_1788471332357_rwkk,BOM-DEL,EaseMyTrip,AI,AI-2422,2026-10-03,T+30,5766,1266,7032,2026-09-03T21:14:35.232Z,FALSE,"",01:00,TRUE
fare_BOM-DEL_AI_2026-10-03_T+30_1788471332357_v1a5,BOM-DEL,EaseMyTrip,AI,AI-2952,2026-10-03,T+30,5766,1266,7032,2026-09-03T21:14:35.232Z,FALSE,"",11:25,TRUE
fare_BOM-DEL_AI_2026-10-03_T+30_1788471332357_ncdk,BOM-DEL,EaseMyTrip,AI,AI-2419,2026-10-03,T+30,5766,1266,7032,2026-09-03T21:14:35.232Z,FALSE,"",12:00,TRUE
fare_BOM-DEL_AI_2026-10-03_T+30_1788471332357_ecd4,BOM-DEL,EaseMyTrip,AI,AI-1851,2026-10-03,T+30,5766,1266,7032,2026-09-03T21:14:35.232Z,FALSE,"",15:30,TRUE
fare_BOM-DEL_AI_2026-10-03_T+30_1788471332357_3sbm,BOM-DEL,EaseMyTrip,AI,AI-1882,2026-10-03,T+30,5766,1266,7032,2026-09-03T21:14:35.232Z,FALSE,"",23:55,TRUE
fare_BOM-DEL_AI_2026-10-03_T+30_1788471332357_a0m6,BOM-DEL,EaseMyTrip,AI,AI-2687,2026-10-03,T+30,5766,1266,7032,2026-09-03T21:14:35.232Z,FALSE,"",16:30,TRUE
fare_BOM-DEL_IX_2026-10-03_T+30_1788471332357_pvos,BOM-DEL,EaseMyTrip,IX,IX-1023,2026-10-03,T+30,6365,1397,7762,2026-09-03T21:14:35.232Z,FALSE,"",11:25,FALSE
fare_BOM-DEL_IX_2026-10-03_T+30_1788471332357_vvx5,BOM-DEL,EaseMyTrip,IX,IX-1809,2026-10-03,T+30,6365,1397,7762,2026-09-03T21:14:35.232Z,FALSE,"",07:30,FALSE
fare_BOM-DEL_AI_2026-10-03_T+30_1788471332357_sm37,BOM-DEL,EaseMyTrip,AI,AI-2928,2026-10-03,T+30,5897,1294,7191,2026-09-03T21:14:35.232Z,FALSE,"",06:30,TRUE
fare_BOM-DEL_AI_2026-10-03_T+30_1788471332357_d0g5,BOM-DEL,EaseMyTrip,AI,AI-2424,2026-10-03,T+30,5897,1294,7191,2026-09-03T21:14:35.232Z,FALSE,"",07:00,TRUE
fare_BOM-DEL_AI_2026-10-03_T+30_1788471332357_hllx,BOM-DEL,EaseMyTrip,AI,AI-2677,2026-10-03,T+30,5897,1294,7191,2026-09-03T21:14:35.232Z,FALSE,"",13:00,TRUE
fare_BOM-DEL_AI_2026-10-03_T+30_1788471332357_6lkr,BOM-DEL,EaseMyTrip,AI,AI-816,2026-10-03,T+30,5897,1294,7191,2026-09-03T21:14:35.232Z,FALSE,"",21:00,TRUE
fare_BOM-DEL_AI_2026-10-03_T+30_1788471332357_p6vx,BOM-DEL,EaseMyTrip,AI,AI-1895,2026-10-03,T+30,5897,1294,7191,2026-09-03T21:14:35.232Z,FALSE,"",21:30,TRUE
fare_BOM-DEL_AI_2026-10-03_T+30_1788471332357_kh2p,BOM-DEL,EaseMyTrip,AI,AI-2944,2026-10-03,T+30,5897,1294,7191,2026-09-03T21:14:35.232Z,FALSE,"",14:35,TRUE
fare_BOM-DEL_AI_2026-10-03_T+30_1788471332357_6vxm,BOM-DEL,EaseMyTrip,AI,AI-2442,2026-10-03,T+30,5897,1294,7191,2026-09-03T21:14:35.232Z,FALSE,"",15:00,TRUE
fare_BOM-DEL_AI_2026-10-03_T+30_1788471332357_prr8,BOM-DEL,EaseMyTrip,AI,AI-2440,2026-10-03,T+30,5897,1294,7191,2026-09-03T21:14:35.232Z,FALSE,"",18:00,TRUE
fare_BOM-DEL_AI_2026-10-03_T+30_1788471332357_37mu,BOM-DEL,EaseMyTrip,AI,AI-2988,2026-10-03,T+30,5897,1294,7191,2026-09-03T21:14:35.232Z,FALSE,"",20:30,TRUE
fare_BOM-DEL_AI_2026-10-03_T+30_1788471332357_388r,BOM-DEL,EaseMyTrip,AI,AI-2996,2026-10-03,T+30,5908,1297,7205,2026-09-03T21:14:35.232Z,FALSE,"",18:30,TRUE
fare_BOM-DEL_AI_2026-10-03_T+30_1788471332357_m0lg,BOM-DEL,EaseMyTrip,AI,AI-2970,2026-10-03,T+30,5908,1297,7205,2026-09-03T21:14:35.232Z,FALSE,"",08:30,TRUE
fare_BOM-DEL_AI_2026-10-03_T+30_1788471332357_jbnr,BOM-DEL,EaseMyTrip,AI,AI-2930,2026-10-03,T+30,6043,1326,7369,2026-09-03T21:14:35.232Z,FALSE,"",07:30,TRUE
fare_BOM-DEL_AI_2026-10-03_T+30_1788471332357_fger,BOM-DEL,EaseMyTrip,AI,AI-2428,2026-10-03,T+30,6043,1326,7369,2026-09-03T21:14:35.232Z,FALSE,"",08:00,TRUE
fare_BOM-DEL_AI_2026-10-03_T+30_1788471332357_53fk,BOM-DEL,EaseMyTrip,AI,AI-2432,2026-10-03,T+30,6043,1326,7369,2026-09-03T21:14:35.232Z,FALSE,"",09:30,TRUE
fare_BOM-DEL_AI_2026-10-03_T+30_1788471332357_ttuc,BOM-DEL,EaseMyTrip,AI,AI-2430,2026-10-03,T+30,6043,1326,7369,2026-09-03T21:14:35.232Z,FALSE,"",10:00,TRUE
fare_BOM-DEL_AI_2026-10-03_T+30_1788471332357_e3vk,BOM-DEL,EaseMyTrip,AI,AI-2940,2026-10-03,T+30,6069,1332,7401,2026-09-03T21:14:35.232Z,FALSE,"",20:00,TRUE
fare_BOM-DEL_AI_2026-10-03_T+30_1788471332357_d9mk,BOM-DEL,EaseMyTrip,AI,AI-2986,2026-10-03,T+30,6069,1332,7401,2026-09-03T21:14:35.232Z,FALSE,"",22:35,TRUE
fare_BOM-DEL_6E_2026-10-03_T+30_1788471332357_ddr8,BOM-DEL,EaseMyTrip,6E,6E-5197,2026-10-03,T+30,5940,1304,7244,2026-09-03T21:14:35.232Z,FALSE,"",06:40,TRUE
fare_BOM-DEL_6E_2026-10-03_T+30_1788471332357_jndq,BOM-DEL,EaseMyTrip,6E,6E-2090,2026-10-03,T+30,5940,1304,7244,2026-09-03T21:14:35.232Z,FALSE,"",06:25,TRUE
fare_BOM-DEL_6E_2026-10-03_T+30_1788471332357_ytll,BOM-DEL,EaseMyTrip,6E,6E-392,2026-10-03,T+30,6001,1317,7318,2026-09-03T21:14:35.232Z,FALSE,"",14:40,FALSE
fare_BOM-DEL_6E_2026-10-03_T+30_1788471332357_6my9,BOM-DEL,EaseMyTrip,6E,6E-614,2026-10-03,T+30,6001,1317,7318,2026-09-03T21:14:35.232Z,FALSE,"",14:40,FALSE
fare_BOM-DEL_IX_2026-10-03_T+30_1788471332357_9lbp,BOM-DEL,EaseMyTrip,IX,IX-1026,2026-10-03,T+30,6857,1505,8362,2026-09-03T21:14:35.232Z,FALSE,"",05:45,FALSE
fare_BOM-DEL_6E_2026-10-03_T+30_1788471332357_goph,BOM-DEL,EaseMyTrip,6E,6E-844,2026-10-03,T+30,6156,1351,7507,2026-09-03T21:14:35.232Z,FALSE,"",22:15,TRUE
fare_BOM-DEL_6E_2026-10-03_T+30_1788471332357_yt0w,BOM-DEL,EaseMyTrip,6E,6E-888,2026-10-03,T+30,6156,1351,7507,2026-09-03T21:14:35.232Z,FALSE,"",22:15,TRUE
fare_BOM-DEL_6E_2026-10-03_T+30_1788471332357_31n4,BOM-DEL,EaseMyTrip,6E,6E-5246,2026-10-03,T+30,6281,1379,7660,2026-09-03T21:14:35.232Z,FALSE,"",07:15,FALSE
fare_BOM-DEL_6E_2026-10-03_T+30_1788471332357_5n26,BOM-DEL,EaseMyTrip,6E,6E-247,2026-10-03,T+30,6305,1384,7689,2026-09-03T21:14:35.232Z,FALSE,"",13:35,FALSE
fare_BOM-DEL_6E_2026-10-03_T+30_1788471332357_yguj,BOM-DEL,EaseMyTrip,6E,6E-893,2026-10-03,T+30,6305,1384,7689,2026-09-03T21:14:35.232Z,FALSE,"",13:35,FALSE
fare_BOM-DEL_6E_2026-10-03_T+30_1788471332357_j0e8,BOM-DEL,EaseMyTrip,6E,6E-5241,2026-10-03,T+30,6345,1393,7738,2026-09-03T21:14:35.232Z,FALSE,"",16:40,FALSE
fare_BOM-DEL_AI_2026-10-03_T+30_1788471332357_m1tw,BOM-DEL,EaseMyTrip,AI,AI-2408,2026-10-03,T+30,6541,1436,7977,2026-09-03T21:14:35.232Z,FALSE,"",19:30,TRUE
fare_BOM-DEL_IX_2026-10-03_T+30_1788471332357_3jxm,BOM-DEL,EaseMyTrip,IX,IX-1237,2026-10-03,T+30,7512,1649,9161,2026-09-03T21:14:35.232Z,FALSE,"",05:55,FALSE
fare_BOM-DEL_6E_2026-10-03_T+30_1788471332357_i1ql,BOM-DEL,EaseMyTrip,6E,6E-2024,2026-10-03,T+30,6765,1485,8250,2026-09-03T21:14:35.232Z,FALSE,"",09:15,FALSE
fare_BOM-DEL_6E_2026-10-03_T+30_1788471332357_5htw,BOM-DEL,EaseMyTrip,6E,6E-5181,2026-10-03,T+30,7125,1564,8689,2026-09-03T21:14:35.232Z,FALSE,"",10:25,FALSE
fare_BOM-DEL_6E_2026-10-03_T+30_1788471332357_c1at,BOM-DEL,EaseMyTrip,6E,6E-279,2026-10-03,T+30,7189,1578,8767,2026-09-03T21:14:35.232Z,FALSE,"",19:20,FALSE
fare_BOM-DEL_IX_2026-10-03_T+30_1788471332357_3uyg,BOM-DEL,EaseMyTrip,IX,IX-2915,2026-10-03,T+30,8120,1782,9902,2026-09-03T21:14:35.232Z,FALSE,"",14:00,FALSE
fare_BOM-DEL_IX_2026-10-03_T+30_1788471332357_llg4,BOM-DEL,EaseMyTrip,IX,IX-1347,2026-10-03,T+30,8120,1782,9902,2026-09-03T21:14:35.232Z,FALSE,"",06:20,FALSE
fare_BOM-DEL_IX_2026-10-03_T+30_1788471332357_jglg,BOM-DEL,EaseMyTrip,IX,IX-1787,2026-10-03,T+30,8348,1832,10180,2026-09-03T21:14:35.232Z,TRUE,"High outlier: ₹10180 > upper fence ₹10043 (Q3: ₹7923, IQR: ₹1413)",13:10,FALSE
fare_BOM-DEL_AI_2026-10-03_T+30_1788471332357_c2f6,BOM-DEL,EaseMyTrip,AI,AI-1891,2026-10-03,T+30,8216,1804,10020,2026-09-03T21:14:35.232Z,FALSE,"",08:10,TRUE
fare_BOM-DEL_IX_2026-10-03_T+30_1788471332357_vja0,BOM-DEL,EaseMyTrip,IX,IX-1164,2026-10-03,T+30,8989,1973,10962,2026-09-03T21:14:35.232Z,TRUE,"High outlier: ₹10962 > upper fence ₹10043 (Q3: ₹7923, IQR: ₹1413)",17:35,FALSE
fare_BOM-DEL_IX_2026-10-03_T+30_1788471332357_jfs6,BOM-DEL,EaseMyTrip,IX,IX-1163,2026-10-03,T+30,10275,2255,12530,2026-09-03T21:14:35.232Z,TRUE,"High outlier: ₹12530 > upper fence ₹10043 (Q3: ₹7923, IQR: ₹1413)",20:45,FALSE
fare_BOM-DEL_IX_2026-10-03_T+30_1788471332357_w8v6,BOM-DEL,EaseMyTrip,IX,IX-1176,2026-10-03,T+30,9637,2115,11752,2026-09-03T21:14:35.232Z,TRUE,"High outlier: ₹11752 > upper fence ₹10043 (Q3: ₹7923, IQR: ₹1413)",11:20,FALSE
fare_BOM-DEL_6E_2026-10-03_T+30_1788471332357_bozd,BOM-DEL,EaseMyTrip,6E,6E-5281,2026-10-03,T+30,9100,1998,11098,2026-09-03T21:14:35.232Z,TRUE,"High outlier: ₹11098 > upper fence ₹10043 (Q3: ₹7923, IQR: ₹1413)",08:40,FALSE
fare_BOM-DEL_6E_2026-10-03_T+30_1788471332357_9q6w,BOM-DEL,EaseMyTrip,6E,6E-328,2026-10-03,T+30,9123,2003,11126,2026-09-03T21:14:35.232Z,TRUE,"High outlier: ₹11126 > upper fence ₹10043 (Q3: ₹7923, IQR: ₹1413)",08:40,FALSE
fare_BOM-DEL_6E_2026-10-03_T+30_1788471332357_lpdv,BOM-DEL,EaseMyTrip,6E,6E-957,2026-10-03,T+30,9123,2003,11126,2026-09-03T21:14:35.232Z,TRUE,"High outlier: ₹11126 > upper fence ₹10043 (Q3: ₹7923, IQR: ₹1413)",08:40,FALSE
fare_BOM-DEL_IX_2026-10-03_T+30_1788471332357_jtp3,BOM-DEL,EaseMyTrip,IX,IX-1238,2026-10-03,T+30,11038,2423,13461,2026-09-03T21:14:35.232Z,TRUE,"High outlier: ₹13461 > upper fence ₹10043 (Q3: ₹7923, IQR: ₹1413)",12:25,FALSE
fare_BOM-DEL_AI_2026-10-03_T+30_1788471332357_60z4,BOM-DEL,EaseMyTrip,AI,AI-9753,2026-10-03,T+30,9792,2150,11942,2026-09-03T21:14:35.232Z,TRUE,"High outlier: ₹11942 > upper fence ₹10043 (Q3: ₹7923, IQR: ₹1413)",05:45,FALSE
fare_BOM-DEL_6E_2026-10-03_T+30_1788471332357_lugz,BOM-DEL,EaseMyTrip,6E,6E-6195,2026-10-03,T+30,10118,2221,12339,2026-09-03T21:14:35.232Z,TRUE,"High outlier: ₹12339 > upper fence ₹10043 (Q3: ₹7923, IQR: ₹1413)",23:00,FALSE
fare_BOM-DEL_AI_2026-10-03_T+30_1788471332357_rce1,BOM-DEL,EaseMyTrip,AI,AI-9891,2026-10-03,T+30,10293,2259,12552,2026-09-03T21:14:35.232Z,TRUE,"High outlier: ₹12552 > upper fence ₹10043 (Q3: ₹7923, IQR: ₹1413)",13:10,FALSE
fare_BOM-DEL_IX_2026-10-03_T+30_1788471332357_dzfh,BOM-DEL,EaseMyTrip,IX,IX-1810,2026-10-03,T+30,11038,2423,13461,2026-09-03T21:14:35.232Z,TRUE,"High outlier: ₹13461 > upper fence ₹10043 (Q3: ₹7923, IQR: ₹1413)",13:40,FALSE
fare_BOM-DEL_6E_2026-10-03_T+30_1788471332357_fdbd,BOM-DEL,EaseMyTrip,6E,6E-717,2026-10-03,T+30,10266,2254,12520,2026-09-03T21:14:35.232Z,TRUE,"High outlier: ₹12520 > upper fence ₹10043 (Q3: ₹7923, IQR: ₹1413)",12:40,FALSE
fare_BOM-DEL_6E_2026-10-03_T+30_1788471332357_ocve,BOM-DEL,EaseMyTrip,6E,6E-458,2026-10-03,T+30,10266,2254,12520,2026-09-03T21:14:35.232Z,TRUE,"High outlier: ₹12520 > upper fence ₹10043 (Q3: ₹7923, IQR: ₹1413)",12:40,FALSE
fare_BOM-DEL_QP_2026-10-03_T+30_1788471332357_mox2,BOM-DEL,EaseMyTrip,QP,QP-2001,2026-10-03,T+30,10771,2364,13135,2026-09-03T21:14:35.232Z,TRUE,"High outlier: ₹13135 > upper fence ₹10043 (Q3: ₹7923, IQR: ₹1413)",18:45,FALSE
fare_BOM-DEL_AI_2026-10-03_T+30_1788471332357_r9a7,BOM-DEL,EaseMyTrip,AI,AI-2493,2026-10-03,T+30,11126,2442,13568,2026-09-03T21:14:35.232Z,TRUE,"High outlier: ₹13568 > upper fence ₹10043 (Q3: ₹7923, IQR: ₹1413)",18:25,FALSE
fare_BOM-DEL_AI_2026-10-03_T+30_1788471332357_sch8,BOM-DEL,EaseMyTrip,AI,AI-2915,2026-10-03,T+30,11126,2442,13568,2026-09-03T21:14:35.232Z,TRUE,"High outlier: ₹13568 > upper fence ₹10043 (Q3: ₹7923, IQR: ₹1413)",15:30,FALSE
fare_BOM-DEL_AI_2026-10-03_T+30_1788471332357_2yfa,BOM-DEL,EaseMyTrip,AI,AI-2503,2026-10-03,T+30,11214,2461,13675,2026-09-03T21:14:35.232Z,TRUE,"High outlier: ₹13675 > upper fence ₹10043 (Q3: ₹7923, IQR: ₹1413)",12:55,FALSE
fare_BOM-DEL_AI_2026-10-03_T+30_1788471332357_a69w,BOM-DEL,EaseMyTrip,AI,AI-2847,2026-10-03,T+30,11214,2461,13675,2026-09-03T21:14:35.232Z,TRUE,"High outlier: ₹13675 > upper fence ₹10043 (Q3: ₹7923, IQR: ₹1413)",10:00,FALSE
fare_BOM-DEL_AI_2026-10-03_T+30_1788471332357_o6ii,BOM-DEL,EaseMyTrip,AI,AI-493,2026-10-03,T+30,11399,2502,13901,2026-09-03T21:14:35.232Z,TRUE,"High outlier: ₹13901 > upper fence ₹10043 (Q3: ₹7923, IQR: ₹1413)",06:40,FALSE
fare_BOM-DEL_AI_2026-10-03_T+30_1788471332357_mqka,BOM-DEL,EaseMyTrip,AI,AI-2931,2026-10-03,T+30,11694,2567,14261,2026-09-03T21:14:35.232Z,TRUE,"High outlier: ₹14261 > upper fence ₹10043 (Q3: ₹7923, IQR: ₹1413)",04:30,FALSE
fare_BOM-DEL_AI_2026-10-03_T+30_1788471332357_tj7r,BOM-DEL,EaseMyTrip,AI,AI-2785,2026-10-03,T+30,12656,2778,15434,2026-09-03T21:14:35.232Z,TRUE,"High outlier: ₹15434 > upper fence ₹10043 (Q3: ₹7923, IQR: ₹1413)",06:40,FALSE
fare_BOM-DEL_IX_2026-10-03_T+30_1788471332357_hdh3,BOM-DEL,EaseMyTrip,IX,IX-1797,2026-10-03,T+30,13745,3017,16762,2026-09-03T21:14:35.232Z,TRUE,"High outlier: ₹16762 > upper fence ₹10043 (Q3: ₹7923, IQR: ₹1413)",05:05,FALSE
fare_BOM-DEL_IX_2026-10-03_T+30_1788471332357_szqu,BOM-DEL,EaseMyTrip,IX,IX-1283,2026-10-03,T+30,13580,2981,16561,2026-09-03T21:14:35.232Z,TRUE,"High outlier: ₹16561 > upper fence ₹10043 (Q3: ₹7923, IQR: ₹1413)",09:05,FALSE
fare_BOM-DEL_AI_2026-10-03_T+30_1788471332357_bofa,BOM-DEL,EaseMyTrip,AI,AI-2659,2026-10-03,T+30,13311,2922,16233,2026-09-03T21:14:35.232Z,TRUE,"High outlier: ₹16233 > upper fence ₹10043 (Q3: ₹7923, IQR: ₹1413)",14:35,FALSE
fare_BOM-DEL_AI_2026-10-03_T+30_1788471332357_7pfd,BOM-DEL,EaseMyTrip,AI,AI-2749,2026-10-03,T+30,14173,3111,17284,2026-09-03T21:14:35.232Z,TRUE,"High outlier: ₹17284 > upper fence ₹10043 (Q3: ₹7923, IQR: ₹1413)",17:35,FALSE
fare_BOM-DEL_AI_2026-10-03_T+30_1788471332357_t9g2,BOM-DEL,EaseMyTrip,AI,AI-2741,2026-10-03,T+30,14403,3162,17565,2026-09-03T21:14:35.232Z,TRUE,"High outlier: ₹17565 > upper fence ₹10043 (Q3: ₹7923, IQR: ₹1413)",07:40,FALSE
fare_BOM-DEL_AI_2026-10-03_T+30_1788471332357_odx9,BOM-DEL,EaseMyTrip,AI,AI-2728,2026-10-03,T+30,14425,3166,17591,2026-09-03T21:14:35.232Z,TRUE,"High outlier: ₹17591 > upper fence ₹10043 (Q3: ₹7923, IQR: ₹1413)",05:20,FALSE
fare_BOM-DEL_AI_2026-10-03_T+30_1788471332357_295h,BOM-DEL,EaseMyTrip,AI,AI-2997,2026-10-03,T+30,14670,3220,17890,2026-09-03T21:14:35.232Z,TRUE,"High outlier: ₹17890 > upper fence ₹10043 (Q3: ₹7923, IQR: ₹1413)",10:10,FALSE
fare_BOM-DEL_AI_2026-10-03_T+30_1788471332357_yzw5,BOM-DEL,EaseMyTrip,AI,AI-9533,2026-10-03,T+30,15959,3503,19462,2026-09-03T21:14:35.232Z,TRUE,"High outlier: ₹19462 > upper fence ₹10043 (Q3: ₹7923, IQR: ₹1413)",16:30,FALSE
fare_BOM-DEL_AI_2026-10-03_T+30_1788471332357_wc5p,BOM-DEL,EaseMyTrip,AI,AI-2531,2026-10-03,T+30,16273,3572,19845,2026-09-03T21:14:35.232Z,TRUE,"High outlier: ₹19845 > upper fence ₹10043 (Q3: ₹7923, IQR: ₹1413)",15:05,FALSE
fare_BOM-DEL_AI_2026-10-03_T+30_1788471332357_rk2a,BOM-DEL,EaseMyTrip,AI,AI-2444,2026-10-03,T+30,16388,3597,19985,2026-09-03T21:14:35.232Z,TRUE,"High outlier: ₹19985 > upper fence ₹10043 (Q3: ₹7923, IQR: ₹1413)",10:50,FALSE
fare_BOM-DEL_AI_2026-10-03_T+30_1788471332357_kb52,BOM-DEL,EaseMyTrip,AI,AI-2853,2026-10-03,T+30,16500,3622,20122,2026-09-03T21:14:35.232Z,TRUE,"High outlier: ₹20122 > upper fence ₹10043 (Q3: ₹7923, IQR: ₹1413)",15:25,FALSE
fare_BOM-DEL_AI_2026-10-03_T+30_1788471332357_pubj,BOM-DEL,EaseMyTrip,AI,AI-2625,2026-10-03,T+30,16536,3630,20166,2026-09-03T21:14:35.232Z,TRUE,"High outlier: ₹20166 > upper fence ₹10043 (Q3: ₹7923, IQR: ₹1413)",06:00,FALSE
fare_BOM-DEL_AI_2026-10-03_T+30_1788471332357_mwq0,BOM-DEL,EaseMyTrip,AI,AI-2579,2026-10-03,T+30,17108,3755,20863,2026-09-03T21:14:35.232Z,TRUE,"High outlier: ₹20863 > upper fence ₹10043 (Q3: ₹7923, IQR: ₹1413)",10:35,FALSE
fare_BOM-DEL_AI_2026-10-03_T+30_1788471332357_af1q,BOM-DEL,EaseMyTrip,AI,AI-2781,2026-10-03,T+30,17471,3835,21306,2026-09-03T21:14:35.232Z,TRUE,"High outlier: ₹21306 > upper fence ₹10043 (Q3: ₹7923, IQR: ₹1413)",10:50,FALSE
fare_BOM-DEL_6E_2026-09-10_T+7_1788471332358_lx8q,BOM-DEL,EaseMyTrip,6E,6E-866,2026-09-10,T+7,5076,1114,6190,2026-09-03T02:32:26.151Z,FALSE,"",17:45,FALSE
fare_BOM-DEL_6E_2026-09-10_T+7_1788471332358_u06s,BOM-DEL,EaseMyTrip,6E,6E-538,2026-09-10,T+7,5076,1114,6190,2026-09-03T02:32:26.151Z,FALSE,"",17:45,FALSE
fare_BOM-DEL_6E_2026-09-10_T+7_1788471332358_2t0s,BOM-DEL,EaseMyTrip,6E,6E-6195,2026-09-10,T+7,5076,1114,6190,2026-09-03T02:32:26.151Z,FALSE,"",23:00,FALSE
fare_BOM-DEL_IX_2026-09-10_T+7_1788471332358_s8u6,BOM-DEL,EaseMyTrip,IX,IX-1050,2026-09-10,T+7,5380,1181,6561,2026-09-03T02:32:26.151Z,FALSE,"",08:55,TRUE
fare_BOM-DEL_IX_2026-09-10_T+7_1788471332358_h65n,BOM-DEL,EaseMyTrip,IX,IX-1671,2026-09-10,T+7,5380,1181,6561,2026-09-03T02:32:26.151Z,FALSE,"",16:45,TRUE
fare_BOM-DEL_IX_2026-09-10_T+7_1788471332358_f8qc,BOM-DEL,EaseMyTrip,IX,IX-1364,2026-09-10,T+7,5380,1181,6561,2026-09-03T02:32:26.151Z,FALSE,"",21:55,TRUE
fare_BOM-DEL_6E_2026-09-10_T+7_1788471332358_m7rr,BOM-DEL,EaseMyTrip,6E,6E-2237,2026-09-10,T+7,5160,1133,6293,2026-09-03T02:32:26.151Z,FALSE,"",18:40,FALSE
fare_BOM-DEL_6E_2026-09-10_T+7_1788471332358_hfqj,BOM-DEL,EaseMyTrip,6E,6E-5107,2026-09-10,T+7,5160,1133,6293,2026-09-03T02:32:26.151Z,FALSE,"",20:00,FALSE
fare_BOM-DEL_SG_2026-09-10_T+7_1788471332358_p879,BOM-DEL,EaseMyTrip,SG,SG-9401,2026-09-10,T+7,5528,1213,6741,2026-09-03T02:32:26.151Z,FALSE,"",09:50,TRUE
fare_BOM-DEL_6E_2026-09-10_T+7_1788471332358_vgwz,BOM-DEL,EaseMyTrip,6E,6E-6027,2026-09-10,T+7,5269,1156,6425,2026-09-03T02:32:26.151Z,FALSE,"",17:35,FALSE
fare_BOM-DEL_6E_2026-09-10_T+7_1788471332359_9o4l,BOM-DEL,EaseMyTrip,6E,6E-6599,2026-09-10,T+7,5269,1156,6425,2026-09-03T02:32:26.151Z,FALSE,"",16:50,FALSE
fare_BOM-DEL_6E_2026-09-10_T+7_1788471332359_3djm,BOM-DEL,EaseMyTrip,6E,6E-5164,2026-09-10,T+7,5269,1156,6425,2026-09-03T02:32:26.151Z,FALSE,"",20:35,FALSE
fare_BOM-DEL_6E_2026-09-10_T+7_1788471332359_j7yp,BOM-DEL,EaseMyTrip,6E,6E-5147,2026-09-10,T+7,5269,1156,6425,2026-09-03T02:32:26.151Z,FALSE,"",18:35,FALSE
fare_BOM-DEL_6E_2026-09-10_T+7_1788471332359_1vce,BOM-DEL,EaseMyTrip,6E,6E-6058,2026-09-10,T+7,5269,1156,6425,2026-09-03T02:32:26.151Z,FALSE,"",08:05,FALSE
fare_BOM-DEL_6E_2026-09-10_T+7_1788471332359_qrv1,BOM-DEL,EaseMyTrip,6E,6E-5181,2026-09-10,T+7,5269,1156,6425,2026-09-03T02:32:26.151Z,FALSE,"",10:25,FALSE
fare_BOM-DEL_6E_2026-09-10_T+7_1788471332359_9c0i,BOM-DEL,EaseMyTrip,6E,6E-5154,2026-09-10,T+7,5269,1156,6425,2026-09-03T02:32:26.151Z,FALSE,"",15:45,FALSE
fare_BOM-DEL_6E_2026-09-10_T+7_1788471332359_7nub,BOM-DEL,EaseMyTrip,6E,6E-5131,2026-09-10,T+7,5269,1156,6425,2026-09-03T02:32:26.151Z,FALSE,"",15:50,FALSE
fare_BOM-DEL_6E_2026-09-10_T+7_1788471332359_fvuv,BOM-DEL,EaseMyTrip,6E,6E-6802,2026-09-10,T+7,5269,1156,6425,2026-09-03T02:32:26.151Z,FALSE,"",16:55,FALSE
fare_BOM-DEL_6E_2026-09-10_T+7_1788471332359_yipv,BOM-DEL,EaseMyTrip,6E,6E-5273,2026-09-10,T+7,5269,1156,6425,2026-09-03T02:32:26.151Z,FALSE,"",18:35,FALSE
fare_BOM-DEL_6E_2026-09-10_T+7_1788471332359_cxc6,BOM-DEL,EaseMyTrip,6E,6E-6122,2026-09-10,T+7,5269,1156,6425,2026-09-03T02:32:26.151Z,FALSE,"",12:25,FALSE
fare_BOM-DEL_6E_2026-09-10_T+7_1788471332359_dkpk,BOM-DEL,EaseMyTrip,6E,6E-5345,2026-09-10,T+7,5269,1156,6425,2026-09-03T02:32:26.151Z,FALSE,"",14:25,FALSE
fare_BOM-DEL_IX_2026-09-10_T+7_1788471332359_0gur,BOM-DEL,EaseMyTrip,IX,IX-2153,2026-09-10,T+7,5552,1219,6771,2026-09-03T02:32:26.151Z,FALSE,"",20:25,TRUE
fare_BOM-DEL_6E_2026-09-10_T+7_1788471332359_miiq,BOM-DEL,EaseMyTrip,6E,6E-461,2026-09-10,T+7,5332,1171,6503,2026-09-03T02:32:26.151Z,FALSE,"",19:20,FALSE
fare_BOM-DEL_6E_2026-09-10_T+7_1788471332359_2cwk,BOM-DEL,EaseMyTrip,6E,6E-822,2026-09-10,T+7,5332,1171,6503,2026-09-03T02:32:26.151Z,FALSE,"",19:20,FALSE
fare_BOM-DEL_6E_2026-09-10_T+7_1788471332359_9vbg,BOM-DEL,EaseMyTrip,6E,6E-361,2026-09-10,T+7,5332,1171,6503,2026-09-03T02:32:26.151Z,FALSE,"",04:30,FALSE
fare_BOM-DEL_6E_2026-09-10_T+7_1788471332359_c1b9,BOM-DEL,EaseMyTrip,6E,6E-394,2026-09-10,T+7,5332,1171,6503,2026-09-03T02:32:26.151Z,FALSE,"",04:30,FALSE
fare_BOM-DEL_6E_2026-09-10_T+7_1788471332359_ik5l,BOM-DEL,EaseMyTrip,6E,6E-2090,2026-09-10,T+7,5380,1181,6561,2026-09-03T02:32:26.151Z,FALSE,"",06:25,TRUE
fare_BOM-DEL_QP_2026-09-10_T+7_1788471332359_sa3j,BOM-DEL,EaseMyTrip,QP,QP-1111,2026-09-10,T+7,5381,1181,6562,2026-09-03T02:32:26.151Z,FALSE,"",05:25,TRUE
fare_BOM-DEL_QP_2026-09-10_T+7_1788471332359_1myi,BOM-DEL,EaseMyTrip,QP,QP-1127,2026-09-10,T+7,5381,1181,6562,2026-09-03T02:32:26.151Z,FALSE,"",13:00,TRUE
fare_BOM-DEL_QP_2026-09-10_T+7_1788471332359_4dmz,BOM-DEL,EaseMyTrip,QP,QP-1819,2026-09-10,T+7,5381,1181,6562,2026-09-03T02:32:26.151Z,FALSE,"",14:30,TRUE
fare_BOM-DEL_QP_2026-09-10_T+7_1788471332359_xwbz,BOM-DEL,EaseMyTrip,QP,QP-1834,2026-09-10,T+7,5381,1181,6562,2026-09-03T02:32:26.151Z,FALSE,"",10:20,TRUE
fare_BOM-DEL_QP_2026-09-10_T+7_1788471332359_bl0l,BOM-DEL,EaseMyTrip,QP,QP-1825,2026-09-10,T+7,5381,1181,6562,2026-09-03T02:32:26.151Z,FALSE,"",16:50,TRUE
fare_BOM-DEL_QP_2026-09-10_T+7_1788471332359_8lic,BOM-DEL,EaseMyTrip,QP,QP-1835,2026-09-10,T+7,5381,1181,6562,2026-09-03T02:32:26.151Z,FALSE,"",11:50,TRUE
fare_BOM-DEL_6E_2026-09-10_T+7_1788471332359_2d99,BOM-DEL,EaseMyTrip,6E,6E-605,2026-09-10,T+7,5381,1181,6562,2026-09-03T02:32:26.151Z,FALSE,"",05:00,TRUE
fare_BOM-DEL_6E_2026-09-10_T+7_1788471332359_hjsf,BOM-DEL,EaseMyTrip,6E,6E-645,2026-09-10,T+7,5381,1181,6562,2026-09-03T02:32:26.151Z,FALSE,"",05:00,TRUE
fare_BOM-DEL_6E_2026-09-10_T+7_1788471332359_g8zm,BOM-DEL,EaseMyTrip,6E,6E-6082,2026-09-10,T+7,5381,1181,6562,2026-09-03T02:32:26.151Z,FALSE,"",16:45,TRUE
fare_BOM-DEL_6E_2026-09-10_T+7_1788471332359_fli3,BOM-DEL,EaseMyTrip,6E,6E-620,2026-09-10,T+7,5381,1181,6562,2026-09-03T02:32:26.151Z,FALSE,"",16:00,TRUE
fare_BOM-DEL_6E_2026-09-10_T+7_1788471332359_8aim,BOM-DEL,EaseMyTrip,6E,6E-912,2026-09-10,T+7,5381,1181,6562,2026-09-03T02:32:26.151Z,FALSE,"",16:00,TRUE
fare_BOM-DEL_6E_2026-09-10_T+7_1788471332359_vnv5,BOM-DEL,EaseMyTrip,6E,6E-663,2026-09-10,T+7,5381,1181,6562,2026-09-03T02:32:26.151Z,FALSE,"",15:00,TRUE
fare_BOM-DEL_6E_2026-09-10_T+7_1788471332359_ost3,BOM-DEL,EaseMyTrip,6E,6E-255,2026-09-10,T+7,5381,1181,6562,2026-09-03T02:32:26.151Z,FALSE,"",15:00,TRUE
fare_BOM-DEL_6E_2026-09-10_T+7_1788471332359_brbm,BOM-DEL,EaseMyTrip,6E,6E-656,2026-09-10,T+7,5381,1181,6562,2026-09-03T02:32:26.151Z,FALSE,"",13:00,TRUE
fare_BOM-DEL_6E_2026-09-10_T+7_1788471332359_1xi6,BOM-DEL,EaseMyTrip,6E,6E-604,2026-09-10,T+7,5381,1181,6562,2026-09-03T02:32:26.151Z,FALSE,"",13:00,TRUE
fare_BOM-DEL_6E_2026-09-10_T+7_1788471332359_inp4,BOM-DEL,EaseMyTrip,6E,6E-6704,2026-09-10,T+7,5381,1181,6562,2026-09-03T02:32:26.151Z,FALSE,"",14:00,TRUE
fare_BOM-DEL_6E_2026-09-10_T+7_1788471332359_f1x8,BOM-DEL,EaseMyTrip,6E,6E-6052,2026-09-10,T+7,5381,1181,6562,2026-09-03T02:32:26.151Z,FALSE,"",10:00,TRUE
fare_BOM-DEL_6E_2026-09-10_T+7_1788471332359_s14q,BOM-DEL,EaseMyTrip,6E,6E-888,2026-09-10,T+7,5381,1181,6562,2026-09-03T02:32:26.151Z,FALSE,"",10:35,TRUE
fare_BOM-DEL_6E_2026-09-10_T+7_1788471332359_pe9l,BOM-DEL,EaseMyTrip,6E,6E-468,2026-09-10,T+7,5381,1181,6562,2026-09-03T02:32:26.151Z,FALSE,"",10:35,TRUE
fare_BOM-DEL_6E_2026-09-10_T+7_1788471332359_01mo,BOM-DEL,EaseMyTrip,6E,6E-6827,2026-09-10,T+7,5381,1181,6562,2026-09-03T02:32:26.151Z,FALSE,"",11:30,TRUE
fare_BOM-DEL_6E_2026-09-10_T+7_1788471332359_y1a5,BOM-DEL,EaseMyTrip,6E,6E-6028,2026-09-10,T+7,5381,1181,6562,2026-09-03T02:32:26.151Z,FALSE,"",12:15,TRUE
fare_BOM-DEL_6E_2026-09-10_T+7_1788471332359_9n45,BOM-DEL,EaseMyTrip,6E,6E-967,2026-09-10,T+7,5381,1181,6562,2026-09-03T02:32:26.151Z,FALSE,"",09:00,TRUE
fare_BOM-DEL_6E_2026-09-10_T+7_1788471332359_22i5,BOM-DEL,EaseMyTrip,6E,6E-391,2026-09-10,T+7,5381,1181,6562,2026-09-03T02:32:26.151Z,FALSE,"",09:00,TRUE
fare_BOM-DEL_QP_2026-09-10_T+7_1788471332359_18oo,BOM-DEL,EaseMyTrip,QP,QP-1939,2026-09-10,T+7,5423,1191,6614,2026-09-03T02:32:26.151Z,FALSE,"",10:10,TRUE
fare_BOM-DEL_6E_2026-09-10_T+7_1788471332359_bsi0,BOM-DEL,EaseMyTrip,6E,6E-5197,2026-09-10,T+7,5423,1191,6614,2026-09-03T02:32:26.151Z,FALSE,"",06:40,TRUE
fare_BOM-DEL_6E_2026-09-10_T+7_1788471332359_ut4p,BOM-DEL,EaseMyTrip,6E,6E-791,2026-09-10,T+7,5510,1210,6720,2026-09-03T02:32:26.151Z,FALSE,"",23:45,TRUE
fare_BOM-DEL_6E_2026-09-10_T+7_1788471332359_n64w,BOM-DEL,EaseMyTrip,6E,6E-599,2026-09-10,T+7,5510,1210,6720,2026-09-03T02:32:26.151Z,FALSE,"",23:45,TRUE
fare_BOM-DEL_6E_2026-09-10_T+7_1788471332359_2zxi,BOM-DEL,EaseMyTrip,6E,6E-816,2026-09-10,T+7,5510,1210,6720,2026-09-03T02:32:26.151Z,FALSE,"",22:15,TRUE
fare_BOM-DEL_6E_2026-09-10_T+7_1788471332359_lst9,BOM-DEL,EaseMyTrip,6E,6E-681,2026-09-10,T+7,5510,1210,6720,2026-09-03T02:32:26.151Z,FALSE,"",22:15,TRUE
fare_BOM-DEL_6E_2026-09-10_T+7_1788471332359_5fsa,BOM-DEL,EaseMyTrip,6E,6E-796,2026-09-10,T+7,5510,1210,6720,2026-09-03T02:32:26.151Z,FALSE,"",21:15,TRUE
fare_BOM-DEL_6E_2026-09-10_T+7_1788471332359_tvev,BOM-DEL,EaseMyTrip,6E,6E-427,2026-09-10,T+7,5510,1210,6720,2026-09-03T02:32:26.151Z,FALSE,"",21:15,TRUE
fare_BOM-DEL_6E_2026-09-10_T+7_1788471332359_irvo,BOM-DEL,EaseMyTrip,6E,6E-629,2026-09-10,T+7,5510,1210,6720,2026-09-03T02:32:26.151Z,FALSE,"",17:20,TRUE
fare_BOM-DEL_6E_2026-09-10_T+7_1788471332359_la2t,BOM-DEL,EaseMyTrip,6E,6E-133,2026-09-10,T+7,5510,1210,6720,2026-09-03T02:32:26.151Z,FALSE,"",17:20,TRUE
fare_BOM-DEL_6E_2026-09-10_T+7_1788471332359_59tr,BOM-DEL,EaseMyTrip,6E,6E-880,2026-09-10,T+7,5510,1210,6720,2026-09-03T02:32:26.151Z,FALSE,"",06:00,TRUE
fare_BOM-DEL_6E_2026-09-10_T+7_1788471332359_jzwu,BOM-DEL,EaseMyTrip,6E,6E-225,2026-09-10,T+7,5510,1210,6720,2026-09-03T02:32:26.151Z,FALSE,"",06:00,TRUE
fare_BOM-DEL_6E_2026-09-10_T+7_1788471332359_eyos,BOM-DEL,EaseMyTrip,6E,6E-5059,2026-09-10,T+7,5561,1221,6782,2026-09-03T02:32:26.151Z,FALSE,"",05:45,FALSE
fare_BOM-DEL_6E_2026-09-10_T+7_1788471332359_w5pb,BOM-DEL,EaseMyTrip,6E,6E-602,2026-09-10,T+7,5561,1221,6782,2026-09-03T02:32:26.151Z,FALSE,"",04:00,FALSE
fare_BOM-DEL_6E_2026-09-10_T+7_1788471332359_mjzj,BOM-DEL,EaseMyTrip,6E,6E-507,2026-09-10,T+7,5561,1221,6782,2026-09-03T02:32:26.151Z,FALSE,"",04:00,FALSE
fare_BOM-DEL_6E_2026-09-10_T+7_1788471332359_67ee,BOM-DEL,EaseMyTrip,6E,6E-5144,2026-09-10,T+7,5561,1221,6782,2026-09-03T02:32:26.151Z,FALSE,"",06:10,FALSE
fare_BOM-DEL_QP_2026-09-10_T+7_1788471332359_090i,BOM-DEL,EaseMyTrip,QP,QP-1109,2026-09-10,T+7,5578,1224,6802,2026-09-03T02:32:26.151Z,FALSE,"",07:00,TRUE
fare_BOM-DEL_AI_2026-09-10_T+7_1788471332359_kykt,BOM-DEL,EaseMyTrip,AI,AI-2677,2026-09-10,T+7,5766,1266,7032,2026-09-03T02:32:26.151Z,FALSE,"",13:00,TRUE
fare_BOM-DEL_AI_2026-09-10_T+7_1788471332359_t06m,BOM-DEL,EaseMyTrip,AI,AI-2422,2026-09-10,T+7,5766,1266,7032,2026-09-03T02:32:26.151Z,FALSE,"",01:00,TRUE
fare_BOM-DEL_AI_2026-09-10_T+7_1788471332359_mg3o,BOM-DEL,EaseMyTrip,AI,AI-2432,2026-09-10,T+7,5766,1266,7032,2026-09-03T02:32:26.151Z,FALSE,"",09:30,TRUE
fare_BOM-DEL_AI_2026-09-10_T+7_1788471332359_28b8,BOM-DEL,EaseMyTrip,AI,AI-2952,2026-09-10,T+7,5766,1266,7032,2026-09-03T02:32:26.151Z,FALSE,"",11:25,TRUE
fare_BOM-DEL_AI_2026-09-10_T+7_1788471332359_y7yi,BOM-DEL,EaseMyTrip,AI,AI-2419,2026-09-10,T+7,5766,1266,7032,2026-09-03T02:32:26.151Z,FALSE,"",12:00,TRUE
fare_BOM-DEL_AI_2026-09-10_T+7_1788471332359_avlx,BOM-DEL,EaseMyTrip,AI,AI-864,2026-09-10,T+7,5766,1266,7032,2026-09-03T02:32:26.151Z,FALSE,"",13:30,TRUE
fare_BOM-DEL_AI_2026-09-10_T+7_1788471332359_ceyl,BOM-DEL,EaseMyTrip,AI,AI-2960,2026-09-10,T+7,5766,1266,7032,2026-09-03T02:32:26.151Z,FALSE,"",14:05,TRUE
fare_BOM-DEL_AI_2026-09-10_T+7_1788471332359_mlfb,BOM-DEL,EaseMyTrip,AI,AI-2944,2026-09-10,T+7,5766,1266,7032,2026-09-03T02:32:26.151Z,FALSE,"",14:35,TRUE
fare_BOM-DEL_AI_2026-09-10_T+7_1788471332359_dp8b,BOM-DEL,EaseMyTrip,AI,AI-1851,2026-09-10,T+7,5766,1266,7032,2026-09-03T02:32:26.151Z,FALSE,"",15:30,TRUE
fare_BOM-DEL_AI_2026-09-10_T+7_1788471332359_xc1b,BOM-DEL,EaseMyTrip,AI,AI-1882,2026-09-10,T+7,5766,1266,7032,2026-09-03T02:32:26.151Z,FALSE,"",23:55,TRUE
fare_BOM-DEL_6E_2026-09-10_T+7_1788471332359_x6f3,BOM-DEL,EaseMyTrip,6E,6E-516,2026-09-10,T+7,5683,1247,6930,2026-09-03T02:32:26.151Z,FALSE,"",07:00,TRUE
fare_BOM-DEL_6E_2026-09-10_T+7_1788471332359_4ojr,BOM-DEL,EaseMyTrip,6E,6E-746,2026-09-10,T+7,5683,1247,6930,2026-09-03T02:32:26.151Z,FALSE,"",07:00,TRUE
fare_BOM-DEL_6E_2026-09-10_T+7_1788471332359_7bu3,BOM-DEL,EaseMyTrip,6E,6E-777,2026-09-10,T+7,5683,1247,6930,2026-09-03T02:32:26.151Z,FALSE,"",08:00,TRUE
fare_BOM-DEL_6E_2026-09-10_T+7_1788471332359_sakt,BOM-DEL,EaseMyTrip,6E,6E-457,2026-09-10,T+7,5683,1247,6930,2026-09-03T02:32:26.151Z,FALSE,"",08:00,TRUE
fare_BOM-DEL_SG_2026-09-10_T+7_1788471332359_jano,BOM-DEL,EaseMyTrip,SG,SG-670,2026-09-10,T+7,6077,1334,7411,2026-09-03T02:32:26.151Z,FALSE,"",01:50,TRUE
fare_BOM-DEL_SG_2026-09-10_T+7_1788471332359_y7qp,BOM-DEL,EaseMyTrip,SG,SG-174,2026-09-10,T+7,6077,1334,7411,2026-09-03T02:32:26.151Z,FALSE,"",01:50,TRUE
fare_BOM-DEL_IX_2026-09-10_T+7_1788471332359_pll1,BOM-DEL,EaseMyTrip,IX,IX-1787,2026-09-10,T+7,5897,1294,7191,2026-09-03T02:32:26.151Z,FALSE,"",13:10,FALSE
fare_BOM-DEL_AI_2026-09-10_T+7_1788471332359_h1a8,BOM-DEL,EaseMyTrip,AI,AI-2970,2026-09-10,T+7,5897,1294,7191,2026-09-03T02:32:26.151Z,FALSE,"",08:30,TRUE
fare_BOM-DEL_AI_2026-09-10_T+7_1788471332359_j2zo,BOM-DEL,EaseMyTrip,AI,AI-2430,2026-09-10,T+7,5897,1294,7191,2026-09-03T02:32:26.151Z,FALSE,"",10:00,TRUE
fare_BOM-DEL_6E_2026-09-10_T+7_1788471332359_961i,BOM-DEL,EaseMyTrip,6E,6E-7017,2026-09-10,T+7,5737,1259,6996,2026-09-03T02:32:26.151Z,FALSE,"",21:30,FALSE
fare_BOM-DEL_6E_2026-09-10_T+7_1788471332359_j49j,BOM-DEL,EaseMyTrip,6E,6E-190,2026-09-10,T+7,5897,1295,7192,2026-09-03T02:32:26.151Z,FALSE,"",19:00,TRUE
fare_BOM-DEL_6E_2026-09-10_T+7_1788471332359_ed2v,BOM-DEL,EaseMyTrip,6E,6E-615,2026-09-10,T+7,5897,1295,7192,2026-09-03T02:32:26.151Z,FALSE,"",19:00,TRUE
fare_BOM-DEL_AI_2026-09-10_T+7_1788471332359_7a1i,BOM-DEL,EaseMyTrip,AI,AI-2930,2026-09-10,T+7,6069,1332,7401,2026-09-03T02:32:26.151Z,FALSE,"",07:30,TRUE
fare_BOM-DEL_6E_2026-09-10_T+7_1788471332359_qk7p,BOM-DEL,EaseMyTrip,6E,6E-6361,2026-09-10,T+7,5906,1296,7202,2026-09-03T02:32:26.151Z,FALSE,"",05:00,FALSE
fare_BOM-DEL_6E_2026-09-10_T+7_1788471332359_5bjf,BOM-DEL,EaseMyTrip,6E,6E-776,2026-09-10,T+7,6001,1317,7318,2026-09-03T02:32:26.151Z,FALSE,"",01:30,FALSE
fare_BOM-DEL_6E_2026-09-10_T+7_1788471332359_qg78,BOM-DEL,EaseMyTrip,6E,6E-562,2026-09-10,T+7,6001,1317,7318,2026-09-03T02:32:26.151Z,FALSE,"",01:30,FALSE
fare_BOM-DEL_AI_2026-09-10_T+7_1788471332359_6u1o,BOM-DEL,EaseMyTrip,AI,AI-2928,2026-09-10,T+7,6220,1365,7585,2026-09-03T02:32:26.151Z,FALSE,"",06:30,TRUE
fare_BOM-DEL_AI_2026-09-10_T+7_1788471332359_qxe3,BOM-DEL,EaseMyTrip,AI,AI-2428,2026-09-10,T+7,6270,1376,7646,2026-09-03T02:32:26.151Z,FALSE,"",08:00,TRUE
fare_BOM-DEL_AI_2026-09-10_T+7_1788471332359_ouor,BOM-DEL,EaseMyTrip,AI,AI-2424,2026-09-10,T+7,6270,1376,7646,2026-09-03T02:32:26.151Z,FALSE,"",07:00,TRUE
fare_BOM-DEL_AI_2026-09-10_T+7_1788471332359_zkeo,BOM-DEL,EaseMyTrip,AI,AI-2986,2026-09-10,T+7,6283,1379,7662,2026-09-03T02:32:26.151Z,FALSE,"",22:35,TRUE
fare_BOM-DEL_AI_2026-09-10_T+7_1788471332359_z6o9,BOM-DEL,EaseMyTrip,AI,AI-2687,2026-09-10,T+7,6283,1379,7662,2026-09-03T02:32:26.151Z,FALSE,"",16:35,TRUE
fare_BOM-DEL_6E_2026-09-10_T+7_1788471332359_6yk3,BOM-DEL,EaseMyTrip,6E,6E-6049,2026-09-10,T+7,6156,1351,7507,2026-09-03T02:32:26.151Z,FALSE,"",19:45,TRUE
fare_BOM-DEL_6E_2026-09-10_T+7_1788471332359_s9tl,BOM-DEL,EaseMyTrip,6E,6E-159,2026-09-10,T+7,6156,1351,7507,2026-09-03T02:32:26.151Z,FALSE,"",20:20,TRUE
fare_BOM-DEL_6E_2026-09-10_T+7_1788471332359_vgfx,BOM-DEL,EaseMyTrip,6E,6E-127,2026-09-10,T+7,6156,1351,7507,2026-09-03T02:32:26.151Z,FALSE,"",20:20,TRUE
fare_BOM-DEL_6E_2026-09-10_T+7_1788471332359_qmil,BOM-DEL,EaseMyTrip,6E,6E-5028,2026-09-10,T+7,6173,1355,7528,2026-09-03T02:32:26.151Z,FALSE,"",19:35,FALSE
fare_BOM-DEL_6E_2026-09-10_T+7_1788471332359_cy3f,BOM-DEL,EaseMyTrip,6E,6E-740,2026-09-10,T+7,6198,1361,7559,2026-09-03T02:32:26.151Z,FALSE,"",17:20,TRUE
fare_BOM-DEL_6E_2026-09-10_T+7_1788471332359_uwcl,BOM-DEL,EaseMyTrip,6E,6E-701,2026-09-10,T+7,6198,1361,7559,2026-09-03T02:32:26.151Z,FALSE,"",17:20,TRUE
fare_BOM-DEL_IX_2026-09-10_T+7_1788471332359_htno,BOM-DEL,EaseMyTrip,IX,IX-1026,2026-09-10,T+7,6447,1415,7862,2026-09-03T02:32:26.151Z,FALSE,"",05:45,FALSE
fare_BOM-DEL_6E_2026-09-10_T+7_1788471332359_4hao,BOM-DEL,EaseMyTrip,6E,6E-5318,2026-09-10,T+7,6281,1379,7660,2026-09-03T02:32:26.151Z,FALSE,"",10:15,FALSE
fare_BOM-DEL_AI_2026-09-10_T+7_1788471332359_em3a,BOM-DEL,EaseMyTrip,AI,AI-816,2026-09-10,T+7,6541,1436,7977,2026-09-03T02:32:26.151Z,FALSE,"",21:00,TRUE
fare_BOM-DEL_AI_2026-09-10_T+7_1788471332359_vb3i,BOM-DEL,EaseMyTrip,AI,AI-1891,2026-09-10,T+7,6625,1454,8079,2026-09-03T02:32:26.151Z,FALSE,"",08:10,TRUE
fare_BOM-DEL_6E_2026-09-10_T+7_1788471332359_dj8w,BOM-DEL,EaseMyTrip,6E,6E-976,2026-09-10,T+7,6540,1435,7975,2026-09-03T02:32:26.151Z,FALSE,"",12:40,FALSE
fare_BOM-DEL_6E_2026-09-10_T+7_1788471332359_bjo0,BOM-DEL,EaseMyTrip,6E,6E-559,2026-09-10,T+7,6540,1435,7975,2026-09-03T02:32:26.151Z,FALSE,"",12:40,FALSE
fare_BOM-DEL_6E_2026-09-10_T+7_1788471332359_t3gi,BOM-DEL,EaseMyTrip,6E,6E-5281,2026-09-10,T+7,6634,1456,8090,2026-09-03T02:32:26.151Z,FALSE,"",08:40,FALSE
fare_BOM-DEL_6E_2026-09-10_T+7_1788471332359_0ptd,BOM-DEL,EaseMyTrip,6E,6E-6613,2026-09-10,T+7,6716,1474,8190,2026-09-03T02:32:26.151Z,FALSE,"",18:15,TRUE
fare_BOM-DEL_AI_2026-09-10_T+7_1788471332359_8d33,BOM-DEL,EaseMyTrip,AI,AI-2440,2026-09-10,T+7,7030,1543,8573,2026-09-03T02:32:26.151Z,FALSE,"",18:00,TRUE
fare_BOM-DEL_AI_2026-09-10_T+7_1788471332359_1kol,BOM-DEL,EaseMyTrip,AI,AI-2988,2026-09-10,T+7,7102,1559,8661,2026-09-03T02:32:26.151Z,FALSE,"",20:30,TRUE
fare_BOM-DEL_IX_2026-09-10_T+7_1788471332359_exb1,BOM-DEL,EaseMyTrip,IX,IX-1809,2026-09-10,T+7,7318,1606,8924,2026-09-03T02:32:26.151Z,FALSE,"",07:30,FALSE
fare_BOM-DEL_IX_2026-09-10_T+7_1788471332359_h6nf,BOM-DEL,EaseMyTrip,IX,IX-1237,2026-09-10,T+7,7373,1619,8992,2026-09-03T02:32:26.151Z,FALSE,"",05:55,FALSE
fare_BOM-DEL_6E_2026-09-10_T+7_1788471332359_0mi6,BOM-DEL,EaseMyTrip,6E,6E-2024,2026-09-10,T+7,7297,1602,8899,2026-09-03T02:32:26.151Z,FALSE,"",09:15,FALSE
fare_BOM-DEL_AI_2026-09-10_T+7_1788471332359_079u,BOM-DEL,EaseMyTrip,AI,AI-1895,2026-09-10,T+7,7660,1682,9342,2026-09-03T02:32:26.151Z,FALSE,"",21:30,TRUE
fare_BOM-DEL_6E_2026-09-10_T+7_1788471332359_f741,BOM-DEL,EaseMyTrip,6E,6E-553,2026-09-10,T+7,7601,1669,9270,2026-09-03T02:32:26.151Z,FALSE,"",14:40,FALSE
fare_BOM-DEL_6E_2026-09-10_T+7_1788471332359_46js,BOM-DEL,EaseMyTrip,6E,6E-349,2026-09-10,T+7,7601,1669,9270,2026-09-03T02:32:26.151Z,FALSE,"",14:40,FALSE
fare_BOM-DEL_6E_2026-09-10_T+7_1788471332359_xpfc,BOM-DEL,EaseMyTrip,6E,6E-5135,2026-09-10,T+7,7751,1701,9452,2026-09-03T02:32:26.151Z,FALSE,"",23:20,FALSE
fare_BOM-DEL_QP_2026-09-10_T+7_1788471332359_f7aa,BOM-DEL,EaseMyTrip,QP,QP-1120,2026-09-10,T+7,8032,1763,9795,2026-09-03T02:32:26.151Z,FALSE,"",18:45,TRUE
fare_BOM-DEL_AI_2026-09-10_T+7_1788471332359_6dqr,BOM-DEL,EaseMyTrip,AI,AI-9558,2026-09-10,T+7,8388,1841,10229,2026-09-03T02:32:26.151Z,FALSE,"",07:30,FALSE
fare_BOM-DEL_6E_2026-09-10_T+7_1788471332359_rn79,BOM-DEL,EaseMyTrip,6E,6E-2347,2026-09-10,T+7,8245,1810,10055,2026-09-03T02:32:26.151Z,FALSE,"",08:50,FALSE
fare_BOM-DEL_6E_2026-09-10_T+7_1788471332359_1mx9,BOM-DEL,EaseMyTrip,6E,6E-6543,2026-09-10,T+7,8525,1871,10396,2026-09-03T02:32:26.151Z,FALSE,"",07:50,FALSE
fare_BOM-DEL_AI_2026-09-10_T+7_1788471332359_c3mm,BOM-DEL,EaseMyTrip,AI,AI-2940,2026-09-10,T+7,8770,1925,10695,2026-09-03T02:32:26.151Z,FALSE,"",20:00,TRUE
fare_BOM-DEL_AI_2026-09-10_T+7_1788471332359_qist,BOM-DEL,EaseMyTrip,AI,AI-9891,2026-09-10,T+7,8798,1931,10729,2026-09-03T02:32:26.151Z,FALSE,"",13:10,FALSE
fare_BOM-DEL_6E_2026-09-10_T+7_1788471332359_94iq,BOM-DEL,EaseMyTrip,6E,6E-5101,2026-09-10,T+7,8928,1960,10888,2026-09-03T02:32:26.151Z,FALSE,"",10:20,FALSE
fare_BOM-DEL_AI_2026-09-10_T+7_1788471332359_56cg,BOM-DEL,EaseMyTrip,AI,AI-2491,2026-09-10,T+7,9347,2052,11399,2026-09-03T02:32:26.151Z,FALSE,"",11:15,FALSE
fare_BOM-DEL_AI_2026-09-10_T+7_1788471332359_7gop,BOM-DEL,EaseMyTrip,AI,AI-9753,2026-09-10,T+7,9577,2102,11679,2026-09-03T02:32:26.151Z,FALSE,"",05:45,FALSE
fare_BOM-DEL_IX_2026-09-10_T+7_1788471332359_2uhj,BOM-DEL,EaseMyTrip,IX,IX-1347,2026-09-10,T+7,9975,2190,12165,2026-09-03T02:32:26.151Z,FALSE,"",06:00,FALSE
fare_BOM-DEL_6E_2026-09-10_T+7_1788471332359_rzmp,BOM-DEL,EaseMyTrip,6E,6E-972,2026-09-10,T+7,10073,2211,12284,2026-09-03T02:32:26.151Z,FALSE,"",11:20,FALSE
fare_BOM-DEL_6E_2026-09-10_T+7_1788471332359_54b7,BOM-DEL,EaseMyTrip,6E,6E-374,2026-09-10,T+7,10073,2211,12284,2026-09-03T02:32:26.151Z,FALSE,"",11:20,FALSE
fare_BOM-DEL_6E_2026-09-10_T+7_1788471332359_540d,BOM-DEL,EaseMyTrip,6E,6E-5056,2026-09-10,T+7,10240,2248,12488,2026-09-03T02:32:26.151Z,FALSE,"",21:10,FALSE
fare_BOM-DEL_QP_2026-09-10_T+7_1788471332359_0lwd,BOM-DEL,EaseMyTrip,QP,QP-1516,2026-09-10,T+7,10330,2267,12597,2026-09-03T02:32:26.151Z,FALSE,"",00:40,FALSE
fare_BOM-DEL_6E_2026-09-10_T+7_1788471332359_a02k,BOM-DEL,EaseMyTrip,6E,6E-5178,2026-09-10,T+7,10788,2368,13156,2026-09-03T02:32:26.151Z,FALSE,"",11:45,FALSE
fare_BOM-DEL_6E_2026-09-10_T+7_1788471332359_8uae,BOM-DEL,EaseMyTrip,6E,6E-5326,2026-09-10,T+7,10862,2384,13246,2026-09-03T02:32:26.151Z,FALSE,"",19:40,FALSE
fare_BOM-DEL_6E_2026-09-10_T+7_1788471332359_v7qw,BOM-DEL,EaseMyTrip,6E,6E-5246,2026-09-10,T+7,10929,2399,13328,2026-09-03T02:32:26.151Z,FALSE,"",07:15,FALSE
fare_BOM-DEL_AI_2026-09-10_T+7_1788471332359_00gd,BOM-DEL,EaseMyTrip,AI,AI-2493,2026-09-10,T+7,11126,2442,13568,2026-09-03T02:32:26.151Z,FALSE,"",18:25,FALSE
fare_BOM-DEL_AI_2026-09-10_T+7_1788471332359_m2fl,BOM-DEL,EaseMyTrip,AI,AI-2919,2026-09-10,T+7,11126,2442,13568,2026-09-03T02:32:26.151Z,FALSE,"",21:35,FALSE
fare_BOM-DEL_AI_2026-09-10_T+7_1788471332359_va2o,BOM-DEL,EaseMyTrip,AI,AI-493,2026-09-10,T+7,11214,2461,13675,2026-09-03T02:32:26.151Z,FALSE,"",06:40,FALSE
fare_BOM-DEL_AI_2026-09-10_T+7_1788471332359_3qbg,BOM-DEL,EaseMyTrip,AI,AI-2503,2026-09-10,T+7,12577,2761,15338,2026-09-03T02:32:26.151Z,TRUE,"High outlier: ₹15338 > upper fence ₹14970 (Q3: ₹9925, IQR: ₹3363)",12:55,FALSE
fare_BOM-DEL_AI_2026-09-10_T+7_1788471332359_svo3,BOM-DEL,EaseMyTrip,AI,AI-2785,2026-09-10,T+7,12656,2778,15434,2026-09-03T02:32:26.151Z,TRUE,"High outlier: ₹15434 > upper fence ₹14970 (Q3: ₹9925, IQR: ₹3363)",06:40,FALSE
fare_BOM-DEL_IX_2026-09-10_T+7_1788471332359_ssxf,BOM-DEL,EaseMyTrip,IX,IX-5985,2026-09-10,T+7,13200,2897,16097,2026-09-03T02:32:26.151Z,TRUE,"High outlier: ₹16097 > upper fence ₹14970 (Q3: ₹9925, IQR: ₹3363)",15:35,FALSE
fare_BOM-DEL_AI_2026-09-10_T+7_1788471332359_17bi,BOM-DEL,EaseMyTrip,AI,AI-2659,2026-09-10,T+7,13311,2922,16233,2026-09-03T02:32:26.151Z,TRUE,"High outlier: ₹16233 > upper fence ₹14970 (Q3: ₹9925, IQR: ₹3363)",14:35,FALSE
fare_BOM-DEL_IX_2026-09-10_T+7_1788471332359_b388,BOM-DEL,EaseMyTrip,IX,IX-1283,2026-09-10,T+7,13752,3019,16771,2026-09-03T02:32:26.151Z,TRUE,"High outlier: ₹16771 > upper fence ₹14970 (Q3: ₹9925, IQR: ₹3363)",09:05,FALSE
fare_BOM-DEL_AI_2026-09-10_T+7_1788471332359_0ost,BOM-DEL,EaseMyTrip,AI,AI-2753,2026-09-10,T+7,13595,2984,16579,2026-09-03T02:32:26.151Z,TRUE,"High outlier: ₹16579 > upper fence ₹14970 (Q3: ₹9925, IQR: ₹3363)",13:50,FALSE
fare_BOM-DEL_AI_2026-09-10_T+7_1788471332359_r3w6,BOM-DEL,EaseMyTrip,AI,AI-2741,2026-09-10,T+7,13953,3063,17016,2026-09-03T02:32:26.151Z,TRUE,"High outlier: ₹17016 > upper fence ₹14970 (Q3: ₹9925, IQR: ₹3363)",07:40,FALSE
fare_BOM-DEL_AI_2026-09-10_T+7_1788471332359_tvjv,BOM-DEL,EaseMyTrip,AI,AI-2915,2026-09-10,T+7,14072,3089,17161,2026-09-03T02:32:26.151Z,TRUE,"High outlier: ₹17161 > upper fence ₹14970 (Q3: ₹9925, IQR: ₹3363)",15:30,FALSE
fare_BOM-DEL_AI_2026-09-10_T+7_1788471332359_xitl,BOM-DEL,EaseMyTrip,AI,AI-2749,2026-09-10,T+7,14173,3111,17284,2026-09-03T02:32:26.151Z,TRUE,"High outlier: ₹17284 > upper fence ₹14970 (Q3: ₹9925, IQR: ₹3363)",17:35,FALSE
fare_BOM-DEL_AI_2026-09-10_T+7_1788471332359_7p3f,BOM-DEL,EaseMyTrip,AI,AI-2728,2026-09-10,T+7,14523,3188,17711,2026-09-03T02:32:26.151Z,TRUE,"High outlier: ₹17711 > upper fence ₹14970 (Q3: ₹9925, IQR: ₹3363)",05:20,FALSE
fare_BOM-DEL_AI_2026-09-10_T+7_1788471332359_vzpz,BOM-DEL,EaseMyTrip,AI,AI-2444,2026-09-10,T+7,14603,3206,17809,2026-09-03T02:32:26.151Z,TRUE,"High outlier: ₹17809 > upper fence ₹14970 (Q3: ₹9925, IQR: ₹3363)",10:50,FALSE
fare_BOM-DEL_AI_2026-09-10_T+7_1788471332359_hq1b,BOM-DEL,EaseMyTrip,AI,AI-2531,2026-09-10,T+7,14755,3239,17994,2026-09-03T02:32:26.151Z,TRUE,"High outlier: ₹17994 > upper fence ₹14970 (Q3: ₹9925, IQR: ₹3363)",15:05,FALSE
fare_BOM-DEL_AI_2026-09-10_T+7_1788471332359_1y9o,BOM-DEL,EaseMyTrip,AI,AI-2625,2026-09-10,T+7,14755,3239,17994,2026-09-03T02:32:26.151Z,TRUE,"High outlier: ₹17994 > upper fence ₹14970 (Q3: ₹9925, IQR: ₹3363)",06:00,FALSE
fare_BOM-DEL_AI_2026-09-10_T+7_1788471332359_dh67,BOM-DEL,EaseMyTrip,AI,AI-603,2026-09-10,T+7,15023,3298,18321,2026-09-03T02:32:26.151Z,TRUE,"High outlier: ₹18321 > upper fence ₹14970 (Q3: ₹9925, IQR: ₹3363)",05:10,FALSE
fare_BOM-DEL_IX_2026-09-10_T+7_1788471332359_9et5,BOM-DEL,EaseMyTrip,IX,IX-1163,2026-09-10,T+7,15826,3474,19300,2026-09-03T02:32:26.151Z,TRUE,"High outlier: ₹19300 > upper fence ₹14970 (Q3: ₹9925, IQR: ₹3363)",20:45,FALSE
fare_BOM-DEL_6E_2026-09-10_T+7_1788471332359_5dv1,BOM-DEL,EaseMyTrip,6E,6E-5228,2026-09-10,T+7,15658,3437,19095,2026-09-03T02:32:26.151Z,TRUE,"High outlier: ₹19095 > upper fence ₹14970 (Q3: ₹9925, IQR: ₹3363)",16:45,FALSE
fare_BOM-DEL_6E_2026-09-10_T+7_1788471332359_622u,BOM-DEL,EaseMyTrip,6E,6E-5386,2026-09-10,T+7,16372,3594,19966,2026-09-03T02:32:26.151Z,TRUE,"High outlier: ₹19966 > upper fence ₹14970 (Q3: ₹9925, IQR: ₹3363)",15:10,FALSE
fare_BOM-DEL_SG_2026-09-10_T+7_1788471332359_zdwd,BOM-DEL,EaseMyTrip,SG,SG-872,2026-09-10,T+7,16585,3641,20226,2026-09-03T02:32:26.151Z,TRUE,"High outlier: ₹20226 > upper fence ₹14970 (Q3: ₹9925, IQR: ₹3363)",23:25,TRUE
fare_BOM-DEL_SG_2026-09-10_T+7_1788471332359_5pf2,BOM-DEL,EaseMyTrip,SG,SG-554,2026-09-10,T+7,16585,3641,20226,2026-09-03T02:32:26.151Z,TRUE,"High outlier: ₹20226 > upper fence ₹14970 (Q3: ₹9925, IQR: ₹3363)",23:25,TRUE
fare_BOM-DEL_IX_2026-09-10_T+7_1788471332359_9276,BOM-DEL,EaseMyTrip,IX,IX-1238,2026-09-10,T+7,19854,4358,24212,2026-09-03T02:32:26.151Z,TRUE,"High outlier: ₹24212 > upper fence ₹14970 (Q3: ₹9925, IQR: ₹3363)",12:25,FALSE
fare_BOM-DEL_AI_2026-09-10_T+7_1788471332359_umx9,BOM-DEL,EaseMyTrip,AI,AI-9533,2026-09-10,T+7,19520,4285,23805,2026-09-03T02:32:26.151Z,TRUE,"High outlier: ₹23805 > upper fence ₹14970 (Q3: ₹9925, IQR: ₹3363)",16:30,FALSE
fare_BOM-DEL_AI_2026-09-10_T+7_1788471332359_m69l,BOM-DEL,EaseMyTrip,AI,AI-2781,2026-09-10,T+7,24433,5363,29796,2026-09-03T02:32:26.151Z,TRUE,"High outlier: ₹29796 > upper fence ₹14970 (Q3: ₹9925, IQR: ₹3363)",10:45,FALSE
fare_DEL-BOM_IX_2026-09-18_T+15_1788471332360_tfxj,DEL-BOM,EaseMyTrip,IX,IX-1165,2026-09-18,T+15,5354,1175,6529,2026-09-03T21:13:59.033Z,FALSE,"",05:45,FALSE
fare_DEL-BOM_IX_2026-09-18_T+15_1788471332360_pt95,DEL-BOM,EaseMyTrip,IX,IX-1392,2026-09-18,T+15,5354,1175,6529,2026-09-03T21:13:59.033Z,FALSE,"",23:25,FALSE
fare_DEL-BOM_IX_2026-09-18_T+15_1788471332360_pwfe,DEL-BOM,EaseMyTrip,IX,IX-1056,2026-09-18,T+15,5354,1175,6529,2026-09-03T21:13:59.033Z,FALSE,"",05:35,TRUE
fare_DEL-BOM_IX_2026-09-18_T+15_1788471332360_vswd,DEL-BOM,EaseMyTrip,IX,IX-1080,2026-09-18,T+15,5354,1175,6529,2026-09-03T21:13:59.033Z,FALSE,"",18:40,TRUE
fare_DEL-BOM_IX_2026-09-18_T+15_1788471332360_x3u9,DEL-BOM,EaseMyTrip,IX,IX-1235,2026-09-18,T+15,5484,1204,6688,2026-09-03T21:13:59.033Z,FALSE,"",23:25,TRUE
fare_DEL-BOM_IX_2026-09-18_T+15_1788471332360_uzvx,DEL-BOM,EaseMyTrip,IX,IX-1038,2026-09-18,T+15,5526,1213,6739,2026-09-03T21:13:59.033Z,FALSE,"",17:35,TRUE
fare_DEL-BOM_6E_2026-09-18_T+15_1788471332360_206f,DEL-BOM,EaseMyTrip,6E,6E-5096,2026-09-18,T+15,5282,1160,6442,2026-09-03T21:13:59.033Z,FALSE,"",17:00,TRUE
fare_DEL-BOM_QP_2026-09-18_T+15_1788471332360_lk95,DEL-BOM,EaseMyTrip,QP,QP-2074,2026-09-18,T+15,5330,1170,6500,2026-09-03T21:13:59.033Z,FALSE,"",14:10,TRUE
fare_DEL-BOM_6E_2026-09-18_T+15_1788471332360_gug4,DEL-BOM,EaseMyTrip,6E,6E-6470,2026-09-18,T+15,5354,1175,6529,2026-09-03T21:13:59.033Z,FALSE,"",06:55,TRUE
fare_DEL-BOM_QP_2026-09-18_T+15_1788471332360_w9lb,DEL-BOM,EaseMyTrip,QP,QP-1110,2026-09-18,T+15,5355,1175,6530,2026-09-03T21:13:59.033Z,FALSE,"",10:30,TRUE
fare_DEL-BOM_QP_2026-09-18_T+15_1788471332360_sqwo,DEL-BOM,EaseMyTrip,QP,QP-1833,2026-09-18,T+15,5355,1175,6530,2026-09-03T21:13:59.033Z,FALSE,"",06:50,TRUE
fare_DEL-BOM_QP_2026-09-18_T+15_1788471332360_x7u5,DEL-BOM,EaseMyTrip,QP,QP-1112,2026-09-18,T+15,5355,1175,6530,2026-09-03T21:13:59.033Z,FALSE,"",09:20,TRUE
fare_DEL-BOM_QP_2026-09-18_T+15_1788471332360_dsdv,DEL-BOM,EaseMyTrip,QP,QP-1128,2026-09-18,T+15,5355,1175,6530,2026-09-03T21:13:59.033Z,FALSE,"",16:00,TRUE
fare_DEL-BOM_QP_2026-09-18_T+15_1788471332360_17n0,DEL-BOM,EaseMyTrip,QP,QP-1119,2026-09-18,T+15,5355,1175,6530,2026-09-03T21:13:59.033Z,FALSE,"",08:40,TRUE
fare_DEL-BOM_QP_2026-09-18_T+15_1788471332360_pksd,DEL-BOM,EaseMyTrip,QP,QP-1836,2026-09-18,T+15,5355,1175,6530,2026-09-03T21:13:59.033Z,FALSE,"",12:30,TRUE
fare_DEL-BOM_6E_2026-09-18_T+15_1788471332360_fq4b,DEL-BOM,EaseMyTrip,6E,6E-856,2026-09-18,T+15,5355,1175,6530,2026-09-03T21:13:59.033Z,FALSE,"",05:00,TRUE
fare_DEL-BOM_6E_2026-09-18_T+15_1788471332360_9erl,DEL-BOM,EaseMyTrip,6E,6E-939,2026-09-18,T+15,5355,1175,6530,2026-09-03T21:13:59.033Z,FALSE,"",05:00,TRUE
fare_DEL-BOM_6E_2026-09-18_T+15_1788471332360_s34s,DEL-BOM,EaseMyTrip,6E,6E-141,2026-09-18,T+15,5355,1175,6530,2026-09-03T21:13:59.033Z,FALSE,"",23:30,TRUE
fare_DEL-BOM_6E_2026-09-18_T+15_1788471332360_mgbp,DEL-BOM,EaseMyTrip,6E,6E-377,2026-09-18,T+15,5355,1175,6530,2026-09-03T21:13:59.033Z,FALSE,"",23:30,TRUE
fare_DEL-BOM_6E_2026-09-18_T+15_1788471332360_lxbv,DEL-BOM,EaseMyTrip,6E,6E-167,2026-09-18,T+15,5355,1175,6530,2026-09-03T21:13:59.033Z,FALSE,"",15:30,TRUE
fare_DEL-BOM_6E_2026-09-18_T+15_1788471332360_4syu,DEL-BOM,EaseMyTrip,6E,6E-456,2026-09-18,T+15,5355,1175,6530,2026-09-03T21:13:59.033Z,FALSE,"",15:30,TRUE
fare_DEL-BOM_6E_2026-09-18_T+15_1788471332360_msal,DEL-BOM,EaseMyTrip,6E,6E-6022,2026-09-18,T+15,5355,1175,6530,2026-09-03T21:13:59.033Z,FALSE,"",14:00,TRUE
fare_DEL-BOM_6E_2026-09-18_T+15_1788471332360_wpx6,DEL-BOM,EaseMyTrip,6E,6E-6318,2026-09-18,T+15,5355,1175,6530,2026-09-03T21:13:59.033Z,FALSE,"",14:45,TRUE
fare_DEL-BOM_6E_2026-09-18_T+15_1788471332360_xzho,DEL-BOM,EaseMyTrip,6E,6E-674,2026-09-18,T+15,5355,1175,6530,2026-09-03T21:13:59.033Z,FALSE,"",08:45,TRUE
fare_DEL-BOM_6E_2026-09-18_T+15_1788471332360_1zxu,DEL-BOM,EaseMyTrip,6E,6E-612,2026-09-18,T+15,5355,1175,6530,2026-09-03T21:13:59.033Z,FALSE,"",08:45,TRUE
fare_DEL-BOM_6E_2026-09-18_T+15_1788471332360_93qf,DEL-BOM,EaseMyTrip,6E,6E-6328,2026-09-18,T+15,5355,1175,6530,2026-09-03T21:13:59.033Z,FALSE,"",10:15,TRUE
fare_DEL-BOM_6E_2026-09-18_T+15_1788471332360_t1vi,DEL-BOM,EaseMyTrip,6E,6E-6047,2026-09-18,T+15,5355,1175,6530,2026-09-03T21:13:59.033Z,FALSE,"",11:00,TRUE
fare_DEL-BOM_6E_2026-09-18_T+15_1788471332360_iszs,DEL-BOM,EaseMyTrip,6E,6E-6676,2026-09-18,T+15,5355,1175,6530,2026-09-03T21:13:59.033Z,FALSE,"",12:00,TRUE
fare_DEL-BOM_6E_2026-09-18_T+15_1788471332360_dsc8,DEL-BOM,EaseMyTrip,6E,6E-282,2026-09-18,T+15,5355,1175,6530,2026-09-03T21:13:59.033Z,FALSE,"",13:00,TRUE
fare_DEL-BOM_6E_2026-09-18_T+15_1788471332360_65zy,DEL-BOM,EaseMyTrip,6E,6E-970,2026-09-18,T+15,5355,1175,6530,2026-09-03T21:13:59.033Z,FALSE,"",13:00,TRUE
fare_DEL-BOM_6E_2026-09-18_T+15_1788471332360_b0jv,DEL-BOM,EaseMyTrip,6E,6E-6107,2026-09-18,T+15,5355,1175,6530,2026-09-03T21:13:59.033Z,FALSE,"",09:30,TRUE
fare_DEL-BOM_QP_2026-09-18_T+15_1788471332360_f18n,DEL-BOM,EaseMyTrip,QP,QP-1940,2026-09-18,T+15,5427,1191,6618,2026-09-03T21:13:59.033Z,FALSE,"",14:05,TRUE
fare_DEL-BOM_6E_2026-09-18_T+15_1788471332360_a4cs,DEL-BOM,EaseMyTrip,6E,6E-5198,2026-09-18,T+15,5427,1191,6618,2026-09-03T21:13:59.033Z,FALSE,"",15:00,TRUE
fare_DEL-BOM_6E_2026-09-18_T+15_1788471332360_x5pq,DEL-BOM,EaseMyTrip,6E,6E-5014,2026-09-18,T+15,5427,1191,6618,2026-09-03T21:13:59.033Z,FALSE,"",18:30,FALSE
fare_DEL-BOM_6E_2026-09-18_T+15_1788471332360_024q,DEL-BOM,EaseMyTrip,6E,6E-5073,2026-09-18,T+15,5427,1191,6618,2026-09-03T21:13:59.033Z,FALSE,"",17:05,FALSE
fare_DEL-BOM_6E_2026-09-18_T+15_1788471332360_3yws,DEL-BOM,EaseMyTrip,6E,6E-195,2026-09-18,T+15,5427,1191,6618,2026-09-03T21:13:59.033Z,FALSE,"",19:35,FALSE
fare_DEL-BOM_6E_2026-09-18_T+15_1788471332360_czgn,DEL-BOM,EaseMyTrip,6E,6E-412,2026-09-18,T+15,5427,1191,6618,2026-09-03T21:13:59.033Z,FALSE,"",19:35,FALSE
fare_DEL-BOM_6E_2026-09-18_T+15_1788471332360_wa43,DEL-BOM,EaseMyTrip,6E,6E-5119,2026-09-18,T+15,5427,1191,6618,2026-09-03T21:13:59.033Z,FALSE,"",05:10,FALSE
fare_DEL-BOM_6E_2026-09-18_T+15_1788471332360_q5cw,DEL-BOM,EaseMyTrip,6E,6E-2076,2026-09-18,T+15,5427,1191,6618,2026-09-03T21:13:59.033Z,FALSE,"",07:30,FALSE
fare_DEL-BOM_6E_2026-09-18_T+15_1788471332360_nnyv,DEL-BOM,EaseMyTrip,6E,6E-6983,2026-09-18,T+15,5427,1191,6618,2026-09-03T21:13:59.033Z,FALSE,"",15:35,FALSE
fare_DEL-BOM_6E_2026-09-18_T+15_1788471332360_fc5c,DEL-BOM,EaseMyTrip,6E,6E-6261,2026-09-18,T+15,5427,1191,6618,2026-09-03T21:13:59.033Z,FALSE,"",00:15,FALSE
fare_DEL-BOM_6E_2026-09-18_T+15_1788471332360_6bpp,DEL-BOM,EaseMyTrip,6E,6E-2013,2026-09-18,T+15,5427,1191,6618,2026-09-03T21:13:59.033Z,FALSE,"",21:50,FALSE
fare_DEL-BOM_6E_2026-09-18_T+15_1788471332360_1grx,DEL-BOM,EaseMyTrip,6E,6E-2341,2026-09-18,T+15,5427,1191,6618,2026-09-03T21:13:59.033Z,FALSE,"",14:50,FALSE
fare_DEL-BOM_QP_2026-09-18_T+15_1788471332360_igwh,DEL-BOM,EaseMyTrip,QP,QP-1820,2026-09-18,T+15,5452,1197,6649,2026-09-03T21:13:59.033Z,FALSE,"",17:30,TRUE
fare_DEL-BOM_6E_2026-09-18_T+15_1788471332360_2pnj,DEL-BOM,EaseMyTrip,6E,6E-928,2026-09-18,T+15,5484,1204,6688,2026-09-03T21:13:59.033Z,FALSE,"",16:15,TRUE
fare_DEL-BOM_6E_2026-09-18_T+15_1788471332360_dufd,DEL-BOM,EaseMyTrip,6E,6E-689,2026-09-18,T+15,5484,1204,6688,2026-09-03T21:13:59.033Z,FALSE,"",16:15,TRUE
fare_DEL-BOM_6E_2026-09-18_T+15_1788471332360_6qt7,DEL-BOM,EaseMyTrip,6E,6E-6218,2026-09-18,T+15,5484,1204,6688,2026-09-03T21:13:59.033Z,FALSE,"",06:05,TRUE
fare_DEL-BOM_6E_2026-09-18_T+15_1788471332360_jl80,DEL-BOM,EaseMyTrip,6E,6E-6490,2026-09-18,T+15,5518,1211,6729,2026-09-03T21:13:59.033Z,FALSE,"",04:55,FALSE
fare_DEL-BOM_6E_2026-09-18_T+15_1788471332360_2qtu,DEL-BOM,EaseMyTrip,6E,6E-2249,2026-09-18,T+15,5535,1215,6750,2026-09-03T21:13:59.033Z,FALSE,"",15:00,FALSE
fare_DEL-BOM_6E_2026-09-18_T+15_1788471332360_rssj,DEL-BOM,EaseMyTrip,6E,6E-2169,2026-09-18,T+15,5535,1215,6750,2026-09-03T21:13:59.033Z,FALSE,"",19:40,FALSE
fare_DEL-BOM_6E_2026-09-18_T+15_1788471332360_z4jc,DEL-BOM,EaseMyTrip,6E,6E-6829,2026-09-18,T+15,5535,1215,6750,2026-09-03T21:13:59.033Z,FALSE,"",17:20,FALSE
fare_DEL-BOM_6E_2026-09-18_T+15_1788471332360_8mbl,DEL-BOM,EaseMyTrip,6E,6E-6443,2026-09-18,T+15,5535,1215,6750,2026-09-03T21:13:59.033Z,FALSE,"",09:00,FALSE
fare_DEL-BOM_6E_2026-09-18_T+15_1788471332360_rinl,DEL-BOM,EaseMyTrip,6E,6E-6433,2026-09-18,T+15,5535,1215,6750,2026-09-03T21:13:59.033Z,FALSE,"",16:30,FALSE
fare_DEL-BOM_6E_2026-09-18_T+15_1788471332360_ra0j,DEL-BOM,EaseMyTrip,6E,6E-5138,2026-09-18,T+15,5535,1215,6750,2026-09-03T21:13:59.033Z,FALSE,"",19:10,FALSE
fare_DEL-BOM_6E_2026-09-18_T+15_1788471332360_8hwc,DEL-BOM,EaseMyTrip,6E,6E-6459,2026-09-18,T+15,5535,1215,6750,2026-09-03T21:13:59.033Z,FALSE,"",05:55,FALSE
fare_DEL-BOM_6E_2026-09-18_T+15_1788471332360_r9wr,DEL-BOM,EaseMyTrip,6E,6E-6569,2026-09-18,T+15,5535,1215,6750,2026-09-03T21:13:59.033Z,FALSE,"",05:00,FALSE
fare_DEL-BOM_AI_2026-09-18_T+15_1788471332360_giwn,DEL-BOM,EaseMyTrip,AI,AI-2678,2026-09-18,T+15,5740,1260,7000,2026-09-03T21:13:59.033Z,FALSE,"",08:30,TRUE
fare_DEL-BOM_AI_2026-09-18_T+15_1788471332360_r60y,DEL-BOM,EaseMyTrip,AI,AI-1745,2026-09-18,T+15,5740,1260,7000,2026-09-03T21:13:59.033Z,FALSE,"",05:00,TRUE
fare_DEL-BOM_AI_2026-09-18_T+15_1788471332360_wsi1,DEL-BOM,EaseMyTrip,AI,AI-2425,2026-09-18,T+15,5740,1260,7000,2026-09-03T21:13:59.033Z,FALSE,"",10:30,TRUE
fare_DEL-BOM_AI_2026-09-18_T+15_1788471332360_2b94,DEL-BOM,EaseMyTrip,AI,AI-2951,2026-09-18,T+15,5740,1260,7000,2026-09-03T21:13:59.033Z,FALSE,"",13:30,TRUE
fare_DEL-BOM_AI_2026-09-18_T+15_1788471332360_khqq,DEL-BOM,EaseMyTrip,AI,AI-2441,2026-09-18,T+15,5740,1260,7000,2026-09-03T21:13:59.033Z,FALSE,"",14:10,TRUE
fare_DEL-BOM_AI_2026-09-18_T+15_1788471332360_r5r9,DEL-BOM,EaseMyTrip,AI,AI-2995,2026-09-18,T+15,5740,1260,7000,2026-09-03T21:13:59.033Z,FALSE,"",10:00,TRUE
fare_DEL-BOM_AI_2026-09-18_T+15_1788471332360_kwq6,DEL-BOM,EaseMyTrip,AI,AI-2945,2026-09-18,T+15,5740,1260,7000,2026-09-03T21:13:59.033Z,FALSE,"",11:00,TRUE
fare_DEL-BOM_AI_2026-09-18_T+15_1788471332360_1ffn,DEL-BOM,EaseMyTrip,AI,AI-1785,2026-09-18,T+15,5740,1260,7000,2026-09-03T21:13:59.033Z,FALSE,"",12:00,TRUE
fare_DEL-BOM_AI_2026-09-18_T+15_1788471332360_z5o3,DEL-BOM,EaseMyTrip,AI,AI-2933,2026-09-18,T+15,5740,1260,7000,2026-09-03T21:13:59.033Z,FALSE,"",15:30,TRUE
fare_DEL-BOM_AI_2026-09-18_T+15_1788471332360_ixrp,DEL-BOM,EaseMyTrip,AI,AI-1777,2026-09-18,T+15,5740,1260,7000,2026-09-03T21:13:59.033Z,FALSE,"",16:00,TRUE
fare_DEL-BOM_AI_2026-09-18_T+15_1788471332360_lj1c,DEL-BOM,EaseMyTrip,AI,AI-2439,2026-09-18,T+15,5740,1260,7000,2026-09-03T21:13:59.033Z,FALSE,"",23:00,TRUE
fare_DEL-BOM_AI_2026-09-18_T+15_1788471332360_pcqj,DEL-BOM,EaseMyTrip,AI,AI-2927,2026-09-18,T+15,5740,1260,7000,2026-09-03T21:13:59.033Z,FALSE,"",09:30,TRUE
fare_DEL-BOM_AI_2026-09-18_T+15_1788471332360_mylf,DEL-BOM,EaseMyTrip,AI,AI-1780,2026-09-18,T+15,5740,1260,7000,2026-09-03T21:13:59.033Z,FALSE,"",16:10,TRUE
fare_DEL-BOM_6E_2026-09-18_T+15_1788471332360_c3o1,DEL-BOM,EaseMyTrip,6E,6E-6479,2026-09-18,T+15,5599,1229,6828,2026-09-03T21:13:59.033Z,FALSE,"",21:25,FALSE
fare_DEL-BOM_6E_2026-09-18_T+15_1788471332360_b1ij,DEL-BOM,EaseMyTrip,6E,6E-5298,2026-09-18,T+15,5599,1229,6828,2026-09-03T21:13:59.033Z,FALSE,"",09:00,FALSE
fare_DEL-BOM_6E_2026-09-18_T+15_1788471332360_x19g,DEL-BOM,EaseMyTrip,6E,6E-5038,2026-09-18,T+15,5599,1229,6828,2026-09-03T21:13:59.033Z,FALSE,"",14:00,FALSE
fare_DEL-BOM_6E_2026-09-18_T+15_1788471332360_tv01,DEL-BOM,EaseMyTrip,6E,6E-6050,2026-09-18,T+15,5599,1229,6828,2026-09-03T21:13:59.033Z,FALSE,"",08:15,FALSE
fare_DEL-BOM_6E_2026-09-18_T+15_1788471332360_ln2f,DEL-BOM,EaseMyTrip,6E,6E-5206,2026-09-18,T+15,5599,1229,6828,2026-09-03T21:13:59.033Z,FALSE,"",13:20,FALSE
fare_DEL-BOM_IX_2026-09-18_T+15_1788471332360_jdl7,DEL-BOM,EaseMyTrip,IX,IX-1067,2026-09-18,T+15,6166,1354,7520,2026-09-03T21:13:59.033Z,FALSE,"",06:10,FALSE
fare_DEL-BOM_6E_2026-09-18_T+15_1788471332360_uxs0,DEL-BOM,EaseMyTrip,6E,6E-6114,2026-09-18,T+15,5656,1242,6898,2026-09-03T21:13:59.033Z,FALSE,"",22:45,TRUE
fare_DEL-BOM_6E_2026-09-18_T+15_1788471332360_0fu4,DEL-BOM,EaseMyTrip,6E,6E-976,2026-09-18,T+15,5656,1242,6898,2026-09-03T21:13:59.033Z,FALSE,"",21:45,TRUE
fare_DEL-BOM_6E_2026-09-18_T+15_1788471332360_1yq0,DEL-BOM,EaseMyTrip,6E,6E-477,2026-09-18,T+15,5656,1242,6898,2026-09-03T21:13:59.033Z,FALSE,"",21:45,TRUE
fare_DEL-BOM_6E_2026-09-18_T+15_1788471332360_dvcu,DEL-BOM,EaseMyTrip,6E,6E-6706,2026-09-18,T+15,5656,1242,6898,2026-09-03T21:13:59.033Z,FALSE,"",17:00,TRUE
fare_DEL-BOM_6E_2026-09-18_T+15_1788471332360_ani2,DEL-BOM,EaseMyTrip,6E,6E-873,2026-09-18,T+15,5656,1242,6898,2026-09-03T21:13:59.033Z,FALSE,"",08:00,TRUE
fare_DEL-BOM_6E_2026-09-18_T+15_1788471332360_z4b1,DEL-BOM,EaseMyTrip,6E,6E-501,2026-09-18,T+15,5656,1242,6898,2026-09-03T21:13:59.033Z,FALSE,"",08:00,TRUE
fare_DEL-BOM_6E_2026-09-18_T+15_1788471332360_wb7y,DEL-BOM,EaseMyTrip,6E,6E-6814,2026-09-18,T+15,5656,1242,6898,2026-09-03T21:13:59.033Z,FALSE,"",07:15,TRUE
fare_DEL-BOM_AI_2026-09-18_T+15_1788471332360_9gw3,DEL-BOM,EaseMyTrip,AI,AI-2975,2026-09-18,T+15,5870,1289,7159,2026-09-03T21:13:59.033Z,FALSE,"",06:30,TRUE
fare_DEL-BOM_AI_2026-09-18_T+15_1788471332360_0cch,DEL-BOM,EaseMyTrip,AI,AI-2941,2026-09-18,T+15,5870,1289,7159,2026-09-03T21:13:59.033Z,FALSE,"",16:30,TRUE
fare_DEL-BOM_6E_2026-09-18_T+15_1788471332360_6k53,DEL-BOM,EaseMyTrip,6E,6E-6212,2026-09-18,T+15,5707,1253,6960,2026-09-03T21:13:59.033Z,FALSE,"",14:45,FALSE
fare_DEL-BOM_6E_2026-09-18_T+15_1788471332360_cukh,DEL-BOM,EaseMyTrip,6E,6E-6601,2026-09-18,T+15,5707,1253,6960,2026-09-03T21:13:59.033Z,FALSE,"",19:45,FALSE
fare_DEL-BOM_6E_2026-09-18_T+15_1788471332360_kv09,DEL-BOM,EaseMyTrip,6E,6E-6282,2026-09-18,T+15,5707,1253,6960,2026-09-03T21:13:59.033Z,FALSE,"",13:30,FALSE
fare_DEL-BOM_6E_2026-09-18_T+15_1788471332360_hwog,DEL-BOM,EaseMyTrip,6E,6E-950,2026-09-18,T+15,5707,1253,6960,2026-09-03T21:13:59.033Z,FALSE,"",08:30,FALSE
fare_DEL-BOM_6E_2026-09-18_T+15_1788471332360_mrht,DEL-BOM,EaseMyTrip,6E,6E-730,2026-09-18,T+15,5707,1253,6960,2026-09-03T21:13:59.033Z,FALSE,"",08:30,FALSE
fare_DEL-BOM_6E_2026-09-18_T+15_1788471332360_59xz,DEL-BOM,EaseMyTrip,6E,6E-6497,2026-09-18,T+15,5707,1253,6960,2026-09-03T21:13:59.033Z,FALSE,"",18:40,FALSE
fare_DEL-BOM_6E_2026-09-18_T+15_1788471332360_g1vq,DEL-BOM,EaseMyTrip,6E,6E-6293,2026-09-18,T+15,5707,1253,6960,2026-09-03T21:13:59.033Z,FALSE,"",09:55,FALSE
fare_DEL-BOM_6E_2026-09-18_T+15_1788471332360_5715,DEL-BOM,EaseMyTrip,6E,6E-6190,2026-09-18,T+15,5819,1277,7096,2026-09-03T21:13:59.033Z,FALSE,"",07:40,FALSE
fare_DEL-BOM_6E_2026-09-18_T+15_1788471332360_nqit,DEL-BOM,EaseMyTrip,6E,6E-832,2026-09-18,T+15,5871,1289,7160,2026-09-03T21:13:59.033Z,FALSE,"",18:00,TRUE
fare_DEL-BOM_6E_2026-09-18_T+15_1788471332360_oqhm,DEL-BOM,EaseMyTrip,6E,6E-667,2026-09-18,T+15,5871,1289,7160,2026-09-03T21:13:59.033Z,FALSE,"",18:00,TRUE
fare_DEL-BOM_6E_2026-09-18_T+15_1788471332360_2tsn,DEL-BOM,EaseMyTrip,6E,6E-303,2026-09-18,T+15,5871,1289,7160,2026-09-03T21:13:59.033Z,FALSE,"",20:45,TRUE
fare_DEL-BOM_6E_2026-09-18_T+15_1788471332360_km2h,DEL-BOM,EaseMyTrip,6E,6E-962,2026-09-18,T+15,5871,1289,7160,2026-09-03T21:13:59.033Z,FALSE,"",20:45,TRUE
fare_DEL-BOM_AI_2026-09-18_T+15_1788471332360_sl89,DEL-BOM,EaseMyTrip,AI,AI-2981,2026-09-18,T+15,6043,1326,7369,2026-09-03T21:13:59.033Z,FALSE,"",21:00,TRUE
fare_DEL-BOM_AI_2026-09-18_T+15_1788471332360_6je6,DEL-BOM,EaseMyTrip,AI,AI-2429,2026-09-18,T+15,6043,1326,7369,2026-09-03T21:13:59.033Z,FALSE,"",07:00,TRUE
fare_DEL-BOM_AI_2026-09-18_T+15_1788471332360_wkhz,DEL-BOM,EaseMyTrip,AI,AI-2943,2026-09-18,T+15,6043,1326,7369,2026-09-03T21:13:59.033Z,FALSE,"",07:30,TRUE
fare_DEL-BOM_AI_2026-09-18_T+15_1788471332360_tcz4,DEL-BOM,EaseMyTrip,AI,AI-441,2026-09-18,T+15,6043,1326,7369,2026-09-03T21:13:59.033Z,FALSE,"",17:00,TRUE
fare_DEL-BOM_QP_2026-09-18_T+15_1788471332360_7852,DEL-BOM,EaseMyTrip,QP,QP-1826,2026-09-18,T+15,6077,1334,7411,2026-09-03T21:13:59.033Z,FALSE,"",19:55,TRUE
fare_DEL-BOM_6E_2026-09-18_T+15_1788471332360_xrhd,DEL-BOM,EaseMyTrip,6E,6E-155,2026-09-18,T+15,6130,1345,7475,2026-09-03T21:13:59.033Z,FALSE,"",20:00,TRUE
fare_DEL-BOM_6E_2026-09-18_T+15_1788471332360_uwf1,DEL-BOM,EaseMyTrip,6E,6E-916,2026-09-18,T+15,6130,1345,7475,2026-09-03T21:13:59.033Z,FALSE,"",20:00,TRUE
fare_DEL-BOM_6E_2026-09-18_T+15_1788471332360_9o9w,DEL-BOM,EaseMyTrip,6E,6E-846,2026-09-18,T+15,6130,1345,7475,2026-09-03T21:13:59.033Z,FALSE,"",19:00,TRUE
fare_DEL-BOM_6E_2026-09-18_T+15_1788471332360_82nt,DEL-BOM,EaseMyTrip,6E,6E-437,2026-09-18,T+15,6130,1345,7475,2026-09-03T21:13:59.033Z,FALSE,"",19:00,TRUE
fare_DEL-BOM_6E_2026-09-18_T+15_1788471332360_tlet,DEL-BOM,EaseMyTrip,6E,6E-555,2026-09-18,T+15,6201,1361,7562,2026-09-03T21:13:59.033Z,FALSE,"",19:30,FALSE
fare_DEL-BOM_6E_2026-09-18_T+15_1788471332360_3f7n,DEL-BOM,EaseMyTrip,6E,6E-452,2026-09-18,T+15,6201,1361,7562,2026-09-03T21:13:59.033Z,FALSE,"",19:30,FALSE
fare_DEL-BOM_6E_2026-09-18_T+15_1788471332360_8q6d,DEL-BOM,EaseMyTrip,6E,6E-7646,2026-09-18,T+15,6245,1371,7616,2026-09-03T21:13:59.033Z,FALSE,"",06:15,FALSE
fare_DEL-BOM_6E_2026-09-18_T+15_1788471332360_sylt,DEL-BOM,EaseMyTrip,6E,6E-2331,2026-09-18,T+15,6268,1376,7644,2026-09-03T21:13:59.033Z,FALSE,"",12:20,FALSE
fare_DEL-BOM_AI_2026-09-18_T+15_1788471332360_6tpc,DEL-BOM,EaseMyTrip,AI,AI-2955,2026-09-18,T+15,6446,1415,7861,2026-09-03T21:13:59.033Z,FALSE,"",18:00,TRUE
fare_DEL-BOM_6E_2026-09-18_T+15_1788471332360_8en7,DEL-BOM,EaseMyTrip,6E,6E-2571,2026-09-18,T+15,6331,1390,7721,2026-09-03T21:13:59.033Z,FALSE,"",12:30,FALSE
fare_DEL-BOM_AI_2026-09-18_T+15_1788471332360_b941,DEL-BOM,EaseMyTrip,AI,AI-2957,2026-09-18,T+15,6515,1430,7945,2026-09-03T21:13:59.033Z,FALSE,"",20:30,TRUE
fare_DEL-BOM_SG_2026-09-18_T+15_1788471332360_xjjz,DEL-BOM,EaseMyTrip,SG,SG-463,2026-09-18,T+15,6846,1503,8349,2026-09-03T21:13:59.033Z,FALSE,"",22:30,TRUE
fare_DEL-BOM_SG_2026-09-18_T+15_1788471332360_mro7,DEL-BOM,EaseMyTrip,SG,SG-338,2026-09-18,T+15,6846,1503,8349,2026-09-03T21:13:59.033Z,FALSE,"",22:30,TRUE
fare_DEL-BOM_6E_2026-09-18_T+15_1788471332360_nc3n,DEL-BOM,EaseMyTrip,6E,6E-232,2026-09-18,T+15,6473,1421,7894,2026-09-03T21:13:59.033Z,FALSE,"",20:20,TRUE
fare_DEL-BOM_6E_2026-09-18_T+15_1788471332360_lf3m,DEL-BOM,EaseMyTrip,6E,6E-619,2026-09-18,T+15,6473,1421,7894,2026-09-03T21:13:59.033Z,FALSE,"",20:20,TRUE
fare_DEL-BOM_AI_2026-09-18_T+15_1788471332360_4ssq,DEL-BOM,EaseMyTrip,AI,AI-2985,2026-09-18,T+15,6735,1479,8214,2026-09-03T21:13:59.033Z,FALSE,"",19:30,TRUE
fare_DEL-BOM_6E_2026-09-18_T+15_1788471332360_dzdu,DEL-BOM,EaseMyTrip,6E,6E-7626,2026-09-18,T+15,6790,1490,8280,2026-09-03T21:13:59.033Z,FALSE,"",10:30,FALSE
fare_DEL-BOM_AI_2026-09-18_T+15_1788471332360_bpks,DEL-BOM,EaseMyTrip,AI,AI-2977,2026-09-18,T+15,6956,1527,8483,2026-09-03T21:13:59.033Z,FALSE,"",19:00,TRUE
fare_DEL-BOM_6E_2026-09-18_T+15_1788471332360_zjht,DEL-BOM,EaseMyTrip,6E,6E-6171,2026-09-18,T+15,6848,1503,8351,2026-09-03T21:13:59.033Z,FALSE,"",05:40,FALSE
fare_DEL-BOM_AI_2026-09-18_T+15_1788471332360_5c9r,DEL-BOM,EaseMyTrip,AI,AI-2433,2026-09-18,T+15,7076,1553,8629,2026-09-03T21:13:59.033Z,FALSE,"",21:30,TRUE
fare_DEL-BOM_6E_2026-09-18_T+15_1788471332360_5mx4,DEL-BOM,EaseMyTrip,6E,6E-7642,2026-09-18,T+15,7193,1579,8772,2026-09-03T21:13:59.033Z,FALSE,"",15:45,FALSE
fare_DEL-BOM_6E_2026-09-18_T+15_1788471332360_hl4w,DEL-BOM,EaseMyTrip,6E,6E-225,2026-09-18,T+15,7698,1690,9388,2026-09-03T21:13:59.033Z,FALSE,"",23:15,FALSE
fare_DEL-BOM_6E_2026-09-18_T+15_1788471332360_my3d,DEL-BOM,EaseMyTrip,6E,6E-469,2026-09-18,T+15,7698,1690,9388,2026-09-03T21:13:59.033Z,FALSE,"",23:15,FALSE
fare_DEL-BOM_AI_2026-09-18_T+15_1788471332360_fbz6,DEL-BOM,EaseMyTrip,AI,AI-2509,2026-09-18,T+15,8143,1788,9931,2026-09-03T21:13:59.033Z,FALSE,"",06:55,FALSE
fare_DEL-BOM_6E_2026-09-18_T+15_1788471332360_r5yt,DEL-BOM,EaseMyTrip,6E,6E-2349,2026-09-18,T+15,8024,1761,9785,2026-09-03T21:13:59.033Z,FALSE,"",10:55,FALSE
fare_DEL-BOM_IX_2026-09-18_T+15_1788471332360_yr1p,DEL-BOM,EaseMyTrip,IX,IX-1003,2026-09-18,T+15,8963,1967,10930,2026-09-03T21:13:59.033Z,FALSE,"",19:10,FALSE
fare_DEL-BOM_AI_2026-09-18_T+15_1788471332360_njb8,DEL-BOM,EaseMyTrip,AI,AI-2499,2026-09-18,T+15,8605,1889,10494,2026-09-03T21:13:59.033Z,FALSE,"",05:55,FALSE
fare_DEL-BOM_AI_2026-09-18_T+15_1788471332360_h0dt,DEL-BOM,EaseMyTrip,AI,AI-2569,2026-09-18,T+15,8605,1889,10494,2026-09-03T21:13:59.033Z,FALSE,"",20:25,FALSE
fare_DEL-BOM_AI_2026-09-18_T+15_1788471332360_kiyi,DEL-BOM,EaseMyTrip,AI,AI-1710,2026-09-18,T+15,8605,1889,10494,2026-09-03T21:13:59.033Z,FALSE,"",18:35,FALSE
fare_DEL-BOM_AI_2026-09-18_T+15_1788471332360_a0n4,DEL-BOM,EaseMyTrip,AI,AI-1717,2026-09-18,T+15,8605,1889,10494,2026-09-03T21:13:59.033Z,FALSE,"",14:20,FALSE
fare_DEL-BOM_AI_2026-09-18_T+15_1788471332360_mjmg,DEL-BOM,EaseMyTrip,AI,AI-1705,2026-09-18,T+15,8895,1952,10847,2026-09-03T21:13:59.033Z,FALSE,"",06:30,FALSE
fare_DEL-BOM_6E_2026-09-18_T+15_1788471332360_s3zl,DEL-BOM,EaseMyTrip,6E,6E-393,2026-09-18,T+15,8971,1969,10940,2026-09-03T21:13:59.033Z,FALSE,"",10:00,FALSE
fare_DEL-BOM_6E_2026-09-18_T+15_1788471332360_4f6g,DEL-BOM,EaseMyTrip,6E,6E-375,2026-09-18,T+15,8971,1969,10940,2026-09-03T21:13:59.033Z,FALSE,"",10:00,FALSE
fare_DEL-BOM_IX_2026-09-18_T+15_1788471332360_oujz,DEL-BOM,EaseMyTrip,IX,IX-1812,2026-09-18,T+15,9783,2147,11930,2026-09-03T21:13:59.033Z,FALSE,"",11:15,FALSE
fare_DEL-BOM_IX_2026-09-18_T+15_1788471332360_mswe,DEL-BOM,EaseMyTrip,IX,IX-1811,2026-09-18,T+15,9783,2147,11930,2026-09-03T21:13:59.033Z,FALSE,"",06:50,FALSE
fare_DEL-BOM_IX_2026-09-18_T+15_1788471332360_r18m,DEL-BOM,EaseMyTrip,IX,IX-1815,2026-09-18,T+15,9783,2147,11930,2026-09-03T21:13:59.033Z,FALSE,"",19:05,FALSE
fare_DEL-BOM_AI_2026-09-18_T+15_1788471332360_5ygr,DEL-BOM,EaseMyTrip,AI,AI-9757,2026-09-18,T+15,9551,2097,11648,2026-09-03T21:13:59.033Z,FALSE,"",11:50,FALSE
fare_DEL-BOM_AI_2026-09-18_T+15_1788471332360_gk11,DEL-BOM,EaseMyTrip,AI,AI-9447,2026-09-18,T+15,9551,2097,11648,2026-09-03T21:13:59.033Z,FALSE,"",23:25,FALSE
fare_DEL-BOM_IX_2026-09-18_T+15_1788471332360_0f6g,DEL-BOM,EaseMyTrip,IX,IX-1273,2026-09-18,T+15,10137,2225,12362,2026-09-03T21:13:59.033Z,FALSE,"",12:20,FALSE
fare_DEL-BOM_AI_2026-09-18_T+15_1788471332360_4tah,DEL-BOM,EaseMyTrip,AI,AI-9674,2026-09-18,T+15,10116,2220,12336,2026-09-03T21:13:59.033Z,FALSE,"",16:40,FALSE
fare_DEL-BOM_IX_2026-09-18_T+15_1788471332360_v9vw,DEL-BOM,EaseMyTrip,IX,IX-1001,2026-09-18,T+15,10783,2367,13150,2026-09-03T21:13:59.033Z,FALSE,"",09:00,FALSE
fare_DEL-BOM_AI_2026-09-18_T+15_1788471332360_jyao,DEL-BOM,EaseMyTrip,AI,AI-2715,2026-09-18,T+15,11186,2455,13641,2026-09-03T21:13:59.033Z,FALSE,"",11:40,FALSE
fare_DEL-BOM_AI_2026-09-18_T+15_1788471332360_5kmf,DEL-BOM,EaseMyTrip,AI,AI-2545,2026-09-18,T+15,11186,2455,13641,2026-09-03T21:13:59.033Z,FALSE,"",20:30,FALSE
fare_DEL-BOM_AI_2026-09-18_T+15_1788471332360_5wvx,DEL-BOM,EaseMyTrip,AI,AI-531,2026-09-18,T+15,11186,2455,13641,2026-09-03T21:13:59.033Z,FALSE,"",19:20,FALSE
fare_DEL-BOM_AI_2026-09-18_T+15_1788471332360_ntet,DEL-BOM,EaseMyTrip,AI,AI-2761,2026-09-18,T+15,12103,2657,14760,2026-09-03T21:13:59.033Z,FALSE,"",16:25,FALSE
fare_DEL-BOM_AI_2026-09-18_T+15_1788471332360_u0dd,DEL-BOM,EaseMyTrip,AI,AI-2907,2026-09-18,T+15,12612,2768,15380,2026-09-03T21:13:59.033Z,FALSE,"",12:00,FALSE
fare_DEL-BOM_6E_2026-09-18_T+15_1788471332360_u0lp,DEL-BOM,EaseMyTrip,6E,6E-774,2026-09-18,T+15,12594,2765,15359,2026-09-03T21:13:59.033Z,FALSE,"",12:15,FALSE
fare_DEL-BOM_6E_2026-09-18_T+15_1788471332360_3kl4,DEL-BOM,EaseMyTrip,6E,6E-752,2026-09-18,T+15,12594,2765,15359,2026-09-03T21:13:59.033Z,FALSE,"",12:15,FALSE
fare_DEL-BOM_AI_2026-09-18_T+15_1788471332360_sslo,DEL-BOM,EaseMyTrip,AI,AI-9584,2026-09-18,T+15,12951,2843,15794,2026-09-03T21:13:59.033Z,FALSE,"",11:15,FALSE
fare_DEL-BOM_AI_2026-09-18_T+15_1788471332360_o0a3,DEL-BOM,EaseMyTrip,AI,AI-1743,2026-09-18,T+15,13065,2868,15933,2026-09-03T21:13:59.033Z,FALSE,"",06:20,FALSE
fare_DEL-BOM_AI_2026-09-18_T+15_1788471332360_rrk3,DEL-BOM,EaseMyTrip,AI,AI-2601,2026-09-18,T+15,13065,2868,15933,2026-09-03T21:13:59.033Z,FALSE,"",17:00,FALSE
fare_DEL-BOM_IX_2026-09-18_T+15_1788471332360_0bis,DEL-BOM,EaseMyTrip,IX,IX-1059,2026-09-18,T+15,14479,3178,17657,2026-09-03T21:13:59.033Z,TRUE,"High outlier: ₹17657 > upper fence ₹16203 (Q3: ₹10494, IQR: ₹3806)",12:15,FALSE
fare_DEL-BOM_IX_2026-09-18_T+15_1788471332360_78ce,DEL-BOM,EaseMyTrip,IX,IX-1783,2026-09-18,T+15,14479,3178,17657,2026-09-03T21:13:59.033Z,TRUE,"High outlier: ₹17657 > upper fence ₹16203 (Q3: ₹10494, IQR: ₹3806)",07:20,FALSE
fare_DEL-BOM_AI_2026-09-18_T+15_1788471332360_vxvy,DEL-BOM,EaseMyTrip,AI,AI-1773,2026-09-18,T+15,14497,3182,17679,2026-09-03T21:13:59.033Z,TRUE,"High outlier: ₹17679 > upper fence ₹16203 (Q3: ₹10494, IQR: ₹3806)",10:30,FALSE
fare_DEL-BOM_IX_2026-09-18_T+15_1788471332360_rn6n,DEL-BOM,EaseMyTrip,IX,IX-1049,2026-09-18,T+15,15297,3358,18655,2026-09-03T21:13:59.033Z,TRUE,"High outlier: ₹18655 > upper fence ₹16203 (Q3: ₹10494, IQR: ₹3806)",18:40,FALSE
fare_DEL-BOM_AI_2026-09-18_T+15_1788471332360_ig2u,DEL-BOM,EaseMyTrip,AI,AI-2577,2026-09-18,T+15,16071,3528,19599,2026-09-03T21:13:59.033Z,TRUE,"High outlier: ₹19599 > upper fence ₹16203 (Q3: ₹10494, IQR: ₹3806)",02:00,FALSE
fare_DEL-BOM_AI_2026-09-18_T+15_1788471332360_k4li,DEL-BOM,EaseMyTrip,AI,AI-2859,2026-09-18,T+15,16361,3592,19953,2026-09-03T21:13:59.033Z,TRUE,"High outlier: ₹19953 > upper fence ₹16203 (Q3: ₹10494, IQR: ₹3806)",10:30,FALSE
fare_DEL-BOM_AI_2026-09-18_T+15_1788471332360_yyzl,DEL-BOM,EaseMyTrip,AI,AI-2465,2026-09-18,T+15,16422,3605,20027,2026-09-03T21:13:59.033Z,TRUE,"High outlier: ₹20027 > upper fence ₹16203 (Q3: ₹10494, IQR: ₹3806)",14:30,FALSE
fare_DEL-BOM_IX_2026-09-18_T+15_1788471332360_bl8h,DEL-BOM,EaseMyTrip,IX,IX-1068,2026-09-18,T+15,16841,3697,20538,2026-09-03T21:13:59.033Z,TRUE,"High outlier: ₹20538 > upper fence ₹16203 (Q3: ₹10494, IQR: ₹3806)",11:55,FALSE
fare_DEL-BOM_IX_2026-09-18_T+15_1788471332360_x8bn,DEL-BOM,EaseMyTrip,IX,IX-1108,2026-09-18,T+15,16841,3697,20538,2026-09-03T21:13:59.033Z,TRUE,"High outlier: ₹20538 > upper fence ₹16203 (Q3: ₹10494, IQR: ₹3806)",05:00,FALSE
fare_DEL-BOM_AI_2026-09-18_T+15_1788471332360_olj1,DEL-BOM,EaseMyTrip,AI,AI-427,2026-09-18,T+15,16494,3621,20115,2026-09-03T21:13:59.033Z,TRUE,"High outlier: ₹20115 > upper fence ₹16203 (Q3: ₹10494, IQR: ₹3806)",08:30,FALSE
fare_DEL-BOM_AI_2026-09-18_T+15_1788471332360_tpte,DEL-BOM,EaseMyTrip,AI,AI-1779,2026-09-18,T+15,16661,3657,20318,2026-09-03T21:13:59.033Z,TRUE,"High outlier: ₹20318 > upper fence ₹16203 (Q3: ₹10494, IQR: ₹3806)",13:50,FALSE
fare_DEL-BOM_AI_2026-09-18_T+15_1788471332360_y9yh,DEL-BOM,EaseMyTrip,AI,AI-1739,2026-09-18,T+15,17263,3790,21053,2026-09-03T21:13:59.033Z,TRUE,"High outlier: ₹21053 > upper fence ₹16203 (Q3: ₹10494, IQR: ₹3806)",11:30,FALSE
fare_DEL-BOM_AI_2026-09-18_T+15_1788471332360_tfdb,DEL-BOM,EaseMyTrip,AI,AI-2535,2026-09-18,T+15,17451,3831,21282,2026-09-03T21:13:59.033Z,TRUE,"High outlier: ₹21282 > upper fence ₹16203 (Q3: ₹10494, IQR: ₹3806)",06:40,FALSE
fare_DEL-BOM_SG_2026-09-18_T+15_1788471332360_w1zb,DEL-BOM,EaseMyTrip,SG,SG-920,2026-09-18,T+15,18287,4014,22301,2026-09-03T21:13:59.033Z,TRUE,"High outlier: ₹22301 > upper fence ₹16203 (Q3: ₹10494, IQR: ₹3806)",20:10,TRUE
fare_DEL-BOM_SG_2026-09-18_T+15_1788471332360_ib28,DEL-BOM,EaseMyTrip,SG,SG-431,2026-09-18,T+15,18287,4014,22301,2026-09-03T21:13:59.033Z,TRUE,"High outlier: ₹22301 > upper fence ₹16203 (Q3: ₹10494, IQR: ₹3806)",20:10,TRUE
fare_DEL-BOM_IX_2026-09-18_T+15_1788471332360_58cx,DEL-BOM,EaseMyTrip,IX,IX-1817,2026-09-18,T+15,18967,4164,23131,2026-09-03T21:13:59.033Z,TRUE,"High outlier: ₹23131 > upper fence ₹16203 (Q3: ₹10494, IQR: ₹3806)",19:30,FALSE
fare_DEL-BOM_AI_2026-09-18_T+15_1788471332360_yd9a,DEL-BOM,EaseMyTrip,AI,AI-2525,2026-09-18,T+15,25677,5636,31313,2026-09-03T21:13:59.033Z,TRUE,"High outlier: ₹31313 > upper fence ₹16203 (Q3: ₹10494, IQR: ₹3806)",06:00,FALSE
fare_DEL-BOM_AI_2026-09-18_T+15_1788471332360_qh11,DEL-BOM,EaseMyTrip,AI,AI-2627,2026-09-18,T+15,34897,7660,42557,2026-09-03T21:13:59.033Z,TRUE,"High outlier: ₹42557 > upper fence ₹16203 (Q3: ₹10494, IQR: ₹3806)",10:45,FALSE
fare_DEL-BOM_SG_2026-09-04_T+1_1788471332361_f4wp,DEL-BOM,EaseMyTrip,SG,SG-580,2026-09-04,T+1,5255,1153,6408,2026-09-03T02:31:47.635Z,FALSE,"",21:00,TRUE
fare_DEL-BOM_SG_2026-09-04_T+1_1788471332361_pvzv,DEL-BOM,EaseMyTrip,SG,SG-918,2026-09-04,T+1,5255,1153,6408,2026-09-03T02:31:47.635Z,FALSE,"",21:00,TRUE
fare_DEL-BOM_SG_2026-09-04_T+1_1788471332361_aplh,DEL-BOM,EaseMyTrip,SG,SG-557,2026-09-04,T+1,5255,1153,6408,2026-09-03T02:31:47.635Z,FALSE,"",22:30,TRUE
fare_DEL-BOM_SG_2026-09-04_T+1_1788471332361_dru9,DEL-BOM,EaseMyTrip,SG,SG-574,2026-09-04,T+1,5255,1153,6408,2026-09-03T02:31:47.635Z,FALSE,"",22:30,TRUE
fare_DEL-BOM_6E_2026-09-04_T+1_1788471332361_rvgm,DEL-BOM,EaseMyTrip,6E,6E-991,2026-09-04,T+1,4994,1096,6090,2026-09-03T02:31:47.635Z,FALSE,"",19:35,FALSE
fare_DEL-BOM_6E_2026-09-04_T+1_1788471332361_z9v9,DEL-BOM,EaseMyTrip,6E,6E-870,2026-09-04,T+1,4994,1096,6090,2026-09-03T02:31:47.635Z,FALSE,"",19:35,FALSE
fare_DEL-BOM_6E_2026-09-04_T+1_1788471332361_z1s5,DEL-BOM,EaseMyTrip,6E,6E-6171,2026-09-04,T+1,4994,1096,6090,2026-09-03T02:31:47.635Z,FALSE,"",05:40,FALSE
fare_DEL-BOM_6E_2026-09-04_T+1_1788471332361_tsms,DEL-BOM,EaseMyTrip,6E,6E-5073,2026-09-04,T+1,4994,1096,6090,2026-09-03T02:31:47.635Z,FALSE,"",17:05,FALSE
fare_DEL-BOM_6E_2026-09-04_T+1_1788471332361_7z4j,DEL-BOM,EaseMyTrip,6E,6E-6983,2026-09-04,T+1,4994,1096,6090,2026-09-03T02:31:47.635Z,FALSE,"",15:35,FALSE
fare_DEL-BOM_6E_2026-09-04_T+1_1788471332361_nfz8,DEL-BOM,EaseMyTrip,6E,6E-5119,2026-09-04,T+1,4994,1096,6090,2026-09-03T02:31:47.635Z,FALSE,"",05:10,FALSE
fare_DEL-BOM_6E_2026-09-04_T+1_1788471332361_0110,DEL-BOM,EaseMyTrip,6E,6E-2013,2026-09-04,T+1,4994,1096,6090,2026-09-03T02:31:47.635Z,FALSE,"",21:50,FALSE
fare_DEL-BOM_IX_2026-09-04_T+1_1788471332361_mv58,DEL-BOM,EaseMyTrip,IX,IX-1165,2026-09-04,T+1,5354,1175,6529,2026-09-03T02:31:47.635Z,FALSE,"",05:45,FALSE
fare_DEL-BOM_IX_2026-09-04_T+1_1788471332361_pb53,DEL-BOM,EaseMyTrip,IX,IX-1392,2026-09-04,T+1,5354,1175,6529,2026-09-03T02:31:47.635Z,FALSE,"",23:25,FALSE
fare_DEL-BOM_IX_2026-09-04_T+1_1788471332361_civa,DEL-BOM,EaseMyTrip,IX,IX-1235,2026-09-04,T+1,5354,1175,6529,2026-09-03T02:31:47.635Z,FALSE,"",23:25,TRUE
fare_DEL-BOM_IX_2026-09-04_T+1_1788471332361_6y31,DEL-BOM,EaseMyTrip,IX,IX-1056,2026-09-04,T+1,5354,1175,6529,2026-09-03T02:31:47.635Z,FALSE,"",05:35,TRUE
fare_DEL-BOM_IX_2026-09-04_T+1_1788471332361_pzb4,DEL-BOM,EaseMyTrip,IX,IX-1038,2026-09-04,T+1,5354,1175,6529,2026-09-03T02:31:47.635Z,FALSE,"",17:35,TRUE
fare_DEL-BOM_6E_2026-09-04_T+1_1788471332361_9t6h,DEL-BOM,EaseMyTrip,6E,6E-2169,2026-09-04,T+1,5102,1120,6222,2026-09-03T02:31:47.635Z,FALSE,"",19:40,FALSE
fare_DEL-BOM_6E_2026-09-04_T+1_1788471332361_fiet,DEL-BOM,EaseMyTrip,6E,6E-6829,2026-09-04,T+1,5102,1120,6222,2026-09-03T02:31:47.635Z,FALSE,"",17:20,FALSE
fare_DEL-BOM_6E_2026-09-04_T+1_1788471332361_24q9,DEL-BOM,EaseMyTrip,6E,6E-6433,2026-09-04,T+1,5102,1120,6222,2026-09-03T02:31:47.635Z,FALSE,"",16:30,FALSE
fare_DEL-BOM_6E_2026-09-04_T+1_1788471332361_yhg9,DEL-BOM,EaseMyTrip,6E,6E-5138,2026-09-04,T+1,5102,1120,6222,2026-09-03T02:31:47.635Z,FALSE,"",19:10,FALSE
fare_DEL-BOM_6E_2026-09-04_T+1_1788471332361_w8fb,DEL-BOM,EaseMyTrip,6E,6E-6459,2026-09-04,T+1,5102,1120,6222,2026-09-03T02:31:47.635Z,FALSE,"",05:55,FALSE
fare_DEL-BOM_6E_2026-09-04_T+1_1788471332361_0620,DEL-BOM,EaseMyTrip,6E,6E-6479,2026-09-04,T+1,5166,1134,6300,2026-09-03T02:31:47.635Z,FALSE,"",21:25,FALSE
fare_DEL-BOM_6E_2026-09-04_T+1_1788471332361_ctd8,DEL-BOM,EaseMyTrip,6E,6E-5298,2026-09-04,T+1,5166,1134,6300,2026-09-03T02:31:47.635Z,FALSE,"",09:00,FALSE
fare_DEL-BOM_6E_2026-09-04_T+1_1788471332361_se8x,DEL-BOM,EaseMyTrip,6E,6E-5038,2026-09-04,T+1,5166,1134,6300,2026-09-03T02:31:47.635Z,FALSE,"",14:00,FALSE
fare_DEL-BOM_6E_2026-09-04_T+1_1788471332361_uhw4,DEL-BOM,EaseMyTrip,6E,6E-6050,2026-09-04,T+1,5166,1134,6300,2026-09-03T02:31:47.635Z,FALSE,"",08:15,FALSE
fare_DEL-BOM_6E_2026-09-04_T+1_1788471332361_uy76,DEL-BOM,EaseMyTrip,6E,6E-5206,2026-09-04,T+1,5166,1134,6300,2026-09-03T02:31:47.635Z,FALSE,"",13:20,FALSE
fare_DEL-BOM_SG_2026-09-04_T+1_1788471332361_w4gx,DEL-BOM,EaseMyTrip,SG,SG-729,2026-09-04,T+1,5525,1213,6738,2026-09-03T02:31:47.635Z,FALSE,"",14:30,TRUE
fare_DEL-BOM_SG_2026-09-04_T+1_1788471332361_dwj1,DEL-BOM,EaseMyTrip,SG,SG-348,2026-09-04,T+1,5525,1213,6738,2026-09-03T02:31:47.635Z,FALSE,"",14:30,TRUE
fare_DEL-BOM_6E_2026-09-04_T+1_1788471332361_rzkd,DEL-BOM,EaseMyTrip,6E,6E-6601,2026-09-04,T+1,5274,1158,6432,2026-09-03T02:31:47.635Z,FALSE,"",19:45,FALSE
fare_DEL-BOM_6E_2026-09-04_T+1_1788471332361_n8w9,DEL-BOM,EaseMyTrip,6E,6E-668,2026-09-04,T+1,5274,1158,6432,2026-09-03T02:31:47.635Z,FALSE,"",23:15,FALSE
fare_DEL-BOM_6E_2026-09-04_T+1_1788471332361_x8o4,DEL-BOM,EaseMyTrip,6E,6E-830,2026-09-04,T+1,5274,1158,6432,2026-09-03T02:31:47.635Z,FALSE,"",23:15,FALSE
fare_DEL-BOM_6E_2026-09-04_T+1_1788471332361_u16r,DEL-BOM,EaseMyTrip,6E,6E-6497,2026-09-04,T+1,5274,1158,6432,2026-09-03T02:31:47.635Z,FALSE,"",18:40,FALSE
fare_DEL-BOM_6E_2026-09-04_T+1_1788471332361_31pf,DEL-BOM,EaseMyTrip,6E,6E-5096,2026-09-04,T+1,5282,1160,6442,2026-09-03T02:31:47.635Z,FALSE,"",17:00,TRUE
fare_DEL-BOM_QP_2026-09-04_T+1_1788471332361_lmgq,DEL-BOM,EaseMyTrip,QP,QP-2074,2026-09-04,T+1,5330,1170,6500,2026-09-03T02:31:47.635Z,FALSE,"",14:10,TRUE
fare_DEL-BOM_QP_2026-09-04_T+1_1788471332361_1alj,DEL-BOM,EaseMyTrip,QP,QP-1110,2026-09-04,T+1,5355,1175,6530,2026-09-03T02:31:47.635Z,FALSE,"",10:30,TRUE
fare_DEL-BOM_QP_2026-09-04_T+1_1788471332361_su0k,DEL-BOM,EaseMyTrip,QP,QP-1820,2026-09-04,T+1,5355,1175,6530,2026-09-03T02:31:47.635Z,FALSE,"",17:30,TRUE
fare_DEL-BOM_QP_2026-09-04_T+1_1788471332361_21uq,DEL-BOM,EaseMyTrip,QP,QP-1833,2026-09-04,T+1,5355,1175,6530,2026-09-03T02:31:47.635Z,FALSE,"",06:50,TRUE
fare_DEL-BOM_QP_2026-09-04_T+1_1788471332361_95zq,DEL-BOM,EaseMyTrip,QP,QP-1112,2026-09-04,T+1,5355,1175,6530,2026-09-03T02:31:47.635Z,FALSE,"",09:20,TRUE
fare_DEL-BOM_QP_2026-09-04_T+1_1788471332361_awpl,DEL-BOM,EaseMyTrip,QP,QP-1128,2026-09-04,T+1,5355,1175,6530,2026-09-03T02:31:47.635Z,FALSE,"",16:00,TRUE
fare_DEL-BOM_QP_2026-09-04_T+1_1788471332361_ot5y,DEL-BOM,EaseMyTrip,QP,QP-1119,2026-09-04,T+1,5355,1175,6530,2026-09-03T02:31:47.635Z,FALSE,"",08:40,TRUE
fare_DEL-BOM_QP_2026-09-04_T+1_1788471332361_0g6k,DEL-BOM,EaseMyTrip,QP,QP-1836,2026-09-04,T+1,5355,1175,6530,2026-09-03T02:31:47.635Z,FALSE,"",12:30,TRUE
fare_DEL-BOM_QP_2026-09-04_T+1_1788471332361_u3fk,DEL-BOM,EaseMyTrip,QP,QP-1826,2026-09-04,T+1,5355,1175,6530,2026-09-03T02:31:47.635Z,FALSE,"",19:55,TRUE
fare_DEL-BOM_6E_2026-09-04_T+1_1788471332361_vlf5,DEL-BOM,EaseMyTrip,6E,6E-451,2026-09-04,T+1,5355,1175,6530,2026-09-03T02:31:47.635Z,FALSE,"",05:00,TRUE
fare_DEL-BOM_6E_2026-09-04_T+1_1788471332361_fyi2,DEL-BOM,EaseMyTrip,6E,6E-105,2026-09-04,T+1,5355,1175,6530,2026-09-03T02:31:47.635Z,FALSE,"",05:00,TRUE
fare_DEL-BOM_6E_2026-09-04_T+1_1788471332361_xix6,DEL-BOM,EaseMyTrip,6E,6E-769,2026-09-04,T+1,5355,1175,6530,2026-09-03T02:31:47.635Z,FALSE,"",23:30,TRUE
fare_DEL-BOM_6E_2026-09-04_T+1_1788471332361_mkbb,DEL-BOM,EaseMyTrip,6E,6E-6114,2026-09-04,T+1,5355,1175,6530,2026-09-03T02:31:47.635Z,FALSE,"",22:45,TRUE
fare_DEL-BOM_6E_2026-09-04_T+1_1788471332361_ckru,DEL-BOM,EaseMyTrip,6E,6E-6706,2026-09-04,T+1,5355,1175,6530,2026-09-03T02:31:47.635Z,FALSE,"",17:00,TRUE
fare_DEL-BOM_6E_2026-09-04_T+1_1788471332361_dm1f,DEL-BOM,EaseMyTrip,6E,6E-196,2026-09-04,T+1,5355,1175,6530,2026-09-03T02:31:47.635Z,FALSE,"",16:15,TRUE
fare_DEL-BOM_6E_2026-09-04_T+1_1788471332361_svri,DEL-BOM,EaseMyTrip,6E,6E-267,2026-09-04,T+1,5355,1175,6530,2026-09-03T02:31:47.635Z,FALSE,"",16:15,TRUE
fare_DEL-BOM_6E_2026-09-04_T+1_1788471332361_1bfz,DEL-BOM,EaseMyTrip,6E,6E-717,2026-09-04,T+1,5355,1175,6530,2026-09-03T02:31:47.635Z,FALSE,"",15:30,TRUE
fare_DEL-BOM_6E_2026-09-04_T+1_1788471332361_mj79,DEL-BOM,EaseMyTrip,6E,6E-152,2026-09-04,T+1,5355,1175,6530,2026-09-03T02:31:47.635Z,FALSE,"",15:30,TRUE
fare_DEL-BOM_6E_2026-09-04_T+1_1788471332361_k1uj,DEL-BOM,EaseMyTrip,6E,6E-6022,2026-09-04,T+1,5355,1175,6530,2026-09-03T02:31:47.635Z,FALSE,"",14:00,TRUE
fare_DEL-BOM_6E_2026-09-04_T+1_1788471332361_b262,DEL-BOM,EaseMyTrip,6E,6E-6318,2026-09-04,T+1,5355,1175,6530,2026-09-03T02:31:47.635Z,FALSE,"",14:45,TRUE
fare_DEL-BOM_6E_2026-09-04_T+1_1788471332361_u471,DEL-BOM,EaseMyTrip,6E,6E-6218,2026-09-04,T+1,5355,1175,6530,2026-09-03T02:31:47.635Z,FALSE,"",06:05,TRUE
fare_DEL-BOM_6E_2026-09-04_T+1_1788471332361_fbe7,DEL-BOM,EaseMyTrip,6E,6E-284,2026-09-04,T+1,5355,1175,6530,2026-09-03T02:31:47.635Z,FALSE,"",08:45,TRUE
fare_DEL-BOM_6E_2026-09-04_T+1_1788471332361_czod,DEL-BOM,EaseMyTrip,6E,6E-592,2026-09-04,T+1,5355,1175,6530,2026-09-03T02:31:47.635Z,FALSE,"",08:45,TRUE
fare_DEL-BOM_6E_2026-09-04_T+1_1788471332361_fqbj,DEL-BOM,EaseMyTrip,6E,6E-6328,2026-09-04,T+1,5355,1175,6530,2026-09-03T02:31:47.635Z,FALSE,"",10:15,TRUE
fare_DEL-BOM_6E_2026-09-04_T+1_1788471332361_j2hf,DEL-BOM,EaseMyTrip,6E,6E-6047,2026-09-04,T+1,5355,1175,6530,2026-09-03T02:31:47.635Z,FALSE,"",11:00,TRUE
fare_DEL-BOM_6E_2026-09-04_T+1_1788471332361_1rt6,DEL-BOM,EaseMyTrip,6E,6E-6676,2026-09-04,T+1,5355,1175,6530,2026-09-03T02:31:47.635Z,FALSE,"",12:00,TRUE
fare_DEL-BOM_6E_2026-09-04_T+1_1788471332361_fk19,DEL-BOM,EaseMyTrip,6E,6E-455,2026-09-04,T+1,5355,1175,6530,2026-09-03T02:31:47.635Z,FALSE,"",13:00,TRUE
fare_DEL-BOM_6E_2026-09-04_T+1_1788471332361_o793,DEL-BOM,EaseMyTrip,6E,6E-369,2026-09-04,T+1,5355,1175,6530,2026-09-03T02:31:47.635Z,FALSE,"",13:00,TRUE
fare_DEL-BOM_6E_2026-09-04_T+1_1788471332361_rkyl,DEL-BOM,EaseMyTrip,6E,6E-6107,2026-09-04,T+1,5355,1175,6530,2026-09-03T02:31:47.635Z,FALSE,"",09:30,TRUE
fare_DEL-BOM_QP_2026-09-04_T+1_1788471332361_zwsr,DEL-BOM,EaseMyTrip,QP,QP-1940,2026-09-04,T+1,5427,1191,6618,2026-09-03T02:31:47.635Z,FALSE,"",14:05,TRUE
fare_DEL-BOM_6E_2026-09-04_T+1_1788471332361_zqsv,DEL-BOM,EaseMyTrip,6E,6E-5198,2026-09-04,T+1,5427,1191,6618,2026-09-03T02:31:47.635Z,FALSE,"",15:00,TRUE
fare_DEL-BOM_6E_2026-09-04_T+1_1788471332361_taqb,DEL-BOM,EaseMyTrip,6E,6E-879,2026-09-04,T+1,5484,1204,6688,2026-09-03T02:31:47.635Z,FALSE,"",21:45,TRUE
fare_DEL-BOM_6E_2026-09-04_T+1_1788471332361_3z3t,DEL-BOM,EaseMyTrip,6E,6E-631,2026-09-04,T+1,5484,1204,6688,2026-09-03T02:31:47.635Z,FALSE,"",21:45,TRUE
fare_DEL-BOM_6E_2026-09-04_T+1_1788471332361_53f6,DEL-BOM,EaseMyTrip,6E,6E-731,2026-09-04,T+1,5484,1204,6688,2026-09-03T02:31:47.635Z,FALSE,"",20:00,TRUE
fare_DEL-BOM_6E_2026-09-04_T+1_1788471332361_c4qm,DEL-BOM,EaseMyTrip,6E,6E-878,2026-09-04,T+1,5484,1204,6688,2026-09-03T02:31:47.635Z,FALSE,"",20:00,TRUE
fare_DEL-BOM_6E_2026-09-04_T+1_1788471332361_xgb3,DEL-BOM,EaseMyTrip,6E,6E-487,2026-09-04,T+1,5484,1204,6688,2026-09-03T02:31:47.635Z,FALSE,"",20:45,TRUE
fare_DEL-BOM_6E_2026-09-04_T+1_1788471332361_cqvr,DEL-BOM,EaseMyTrip,6E,6E-633,2026-09-04,T+1,5484,1204,6688,2026-09-03T02:31:47.635Z,FALSE,"",20:45,TRUE
fare_DEL-BOM_6E_2026-09-04_T+1_1788471332361_xj6p,DEL-BOM,EaseMyTrip,6E,6E-979,2026-09-04,T+1,5484,1204,6688,2026-09-03T02:31:47.635Z,FALSE,"",08:00,TRUE
fare_DEL-BOM_6E_2026-09-04_T+1_1788471332361_enzy,DEL-BOM,EaseMyTrip,6E,6E-347,2026-09-04,T+1,5484,1204,6688,2026-09-03T02:31:47.635Z,FALSE,"",08:00,TRUE
fare_DEL-BOM_6E_2026-09-04_T+1_1788471332361_7buq,DEL-BOM,EaseMyTrip,6E,6E-6814,2026-09-04,T+1,5484,1204,6688,2026-09-03T02:31:47.635Z,FALSE,"",07:15,TRUE
fare_DEL-BOM_6E_2026-09-04_T+1_1788471332361_4yf7,DEL-BOM,EaseMyTrip,6E,6E-6470,2026-09-04,T+1,5526,1213,6739,2026-09-03T02:31:47.635Z,FALSE,"",06:55,TRUE
fare_DEL-BOM_AI_2026-09-04_T+1_1788471332361_1bd0,DEL-BOM,EaseMyTrip,AI,AI-2963,2026-09-04,T+1,5740,1260,7000,2026-09-03T02:31:47.635Z,FALSE,"",09:00,TRUE
fare_DEL-BOM_AI_2026-09-04_T+1_1788471332361_77cj,DEL-BOM,EaseMyTrip,AI,AI-1745,2026-09-04,T+1,5740,1260,7000,2026-09-03T02:31:47.635Z,FALSE,"",05:00,TRUE
fare_DEL-BOM_AI_2026-09-04_T+1_1788471332361_jjh8,DEL-BOM,EaseMyTrip,AI,AI-2975,2026-09-04,T+1,5740,1260,7000,2026-09-03T02:31:47.635Z,FALSE,"",06:30,TRUE
fare_DEL-BOM_AI_2026-09-04_T+1_1788471332361_6k77,DEL-BOM,EaseMyTrip,AI,AI-2425,2026-09-04,T+1,5740,1260,7000,2026-09-03T02:31:47.635Z,FALSE,"",10:30,TRUE
fare_DEL-BOM_AI_2026-09-04_T+1_1788471332361_4ovg,DEL-BOM,EaseMyTrip,AI,AI-2951,2026-09-04,T+1,5740,1260,7000,2026-09-03T02:31:47.635Z,FALSE,"",13:30,TRUE
fare_DEL-BOM_AI_2026-09-04_T+1_1788471332361_vtrb,DEL-BOM,EaseMyTrip,AI,AI-2441,2026-09-04,T+1,5740,1260,7000,2026-09-03T02:31:47.635Z,FALSE,"",14:10,TRUE
fare_DEL-BOM_AI_2026-09-04_T+1_1788471332361_e6t8,DEL-BOM,EaseMyTrip,AI,AI-2941,2026-09-04,T+1,5740,1260,7000,2026-09-03T02:31:47.635Z,FALSE,"",16:30,TRUE
fare_DEL-BOM_AI_2026-09-04_T+1_1788471332361_jm6u,DEL-BOM,EaseMyTrip,AI,AI-2995,2026-09-04,T+1,5740,1260,7000,2026-09-03T02:31:47.635Z,FALSE,"",10:00,TRUE
fare_DEL-BOM_AI_2026-09-04_T+1_1788471332361_9oj7,DEL-BOM,EaseMyTrip,AI,AI-2945,2026-09-04,T+1,5740,1260,7000,2026-09-03T02:31:47.635Z,FALSE,"",11:00,TRUE
fare_DEL-BOM_AI_2026-09-04_T+1_1788471332361_c6p2,DEL-BOM,EaseMyTrip,AI,AI-1785,2026-09-04,T+1,5740,1260,7000,2026-09-03T02:31:47.635Z,FALSE,"",12:00,TRUE
fare_DEL-BOM_AI_2026-09-04_T+1_1788471332361_1b17,DEL-BOM,EaseMyTrip,AI,AI-2933,2026-09-04,T+1,5740,1260,7000,2026-09-03T02:31:47.635Z,FALSE,"",15:30,TRUE
fare_DEL-BOM_AI_2026-09-04_T+1_1788471332361_rcft,DEL-BOM,EaseMyTrip,AI,AI-1777,2026-09-04,T+1,5740,1260,7000,2026-09-03T02:31:47.635Z,FALSE,"",16:00,TRUE
fare_DEL-BOM_AI_2026-09-04_T+1_1788471332361_qze9,DEL-BOM,EaseMyTrip,AI,AI-441,2026-09-04,T+1,5740,1260,7000,2026-09-03T02:31:47.635Z,FALSE,"",17:00,TRUE
fare_DEL-BOM_AI_2026-09-04_T+1_1788471332361_0y82,DEL-BOM,EaseMyTrip,AI,AI-2439,2026-09-04,T+1,5740,1260,7000,2026-09-03T02:31:47.635Z,FALSE,"",23:00,TRUE
fare_DEL-BOM_AI_2026-09-04_T+1_1788471332361_3vtr,DEL-BOM,EaseMyTrip,AI,AI-2927,2026-09-04,T+1,5740,1260,7000,2026-09-03T02:31:47.635Z,FALSE,"",09:30,TRUE
fare_DEL-BOM_AI_2026-09-04_T+1_1788471332361_7n2c,DEL-BOM,EaseMyTrip,AI,AI-1780,2026-09-04,T+1,5740,1260,7000,2026-09-03T02:31:47.635Z,FALSE,"",16:10,TRUE
fare_DEL-BOM_6E_2026-09-04_T+1_1788471332361_8x7c,DEL-BOM,EaseMyTrip,6E,6E-639,2026-09-04,T+1,5656,1242,6898,2026-09-03T02:31:47.635Z,FALSE,"",18:00,TRUE
fare_DEL-BOM_6E_2026-09-04_T+1_1788471332361_udsn,DEL-BOM,EaseMyTrip,6E,6E-341,2026-09-04,T+1,5656,1242,6898,2026-09-03T02:31:47.635Z,FALSE,"",18:00,TRUE
fare_DEL-BOM_6E_2026-09-04_T+1_1788471332361_3i64,DEL-BOM,EaseMyTrip,6E,6E-300,2026-09-04,T+1,5698,1251,6949,2026-09-03T02:31:47.635Z,FALSE,"",20:20,TRUE
fare_DEL-BOM_6E_2026-09-04_T+1_1788471332361_44ur,DEL-BOM,EaseMyTrip,6E,6E-944,2026-09-04,T+1,5698,1251,6949,2026-09-03T02:31:47.635Z,FALSE,"",20:20,TRUE
fare_DEL-BOM_AI_2026-09-04_T+1_1788471332361_ka1s,DEL-BOM,EaseMyTrip,AI,AI-2981,2026-09-04,T+1,5870,1289,7159,2026-09-03T02:31:47.635Z,FALSE,"",21:00,TRUE
fare_DEL-BOM_AI_2026-09-04_T+1_1788471332361_xvw5,DEL-BOM,EaseMyTrip,AI,AI-2429,2026-09-04,T+1,5870,1289,7159,2026-09-03T02:31:47.635Z,FALSE,"",07:00,TRUE
fare_DEL-BOM_AI_2026-09-04_T+1_1788471332361_9qsi,DEL-BOM,EaseMyTrip,AI,AI-2943,2026-09-04,T+1,5870,1289,7159,2026-09-03T02:31:47.635Z,FALSE,"",07:30,TRUE
fare_DEL-BOM_AI_2026-09-04_T+1_1788471332361_yvdh,DEL-BOM,EaseMyTrip,AI,AI-2433,2026-09-04,T+1,5870,1289,7159,2026-09-03T02:31:47.635Z,FALSE,"",21:30,TRUE
fare_DEL-BOM_AI_2026-09-04_T+1_1788471332361_xahy,DEL-BOM,EaseMyTrip,AI,AI-2957,2026-09-04,T+1,5870,1289,7159,2026-09-03T02:31:47.635Z,FALSE,"",20:30,TRUE
fare_DEL-BOM_6E_2026-09-04_T+1_1788471332361_rk6k,DEL-BOM,EaseMyTrip,6E,6E-5014,2026-09-04,T+1,5806,1274,7080,2026-09-03T02:31:47.635Z,FALSE,"",18:30,FALSE
fare_DEL-BOM_6E_2026-09-04_T+1_1788471332361_51nd,DEL-BOM,EaseMyTrip,6E,6E-2331,2026-09-04,T+1,5806,1274,7080,2026-09-03T02:31:47.635Z,FALSE,"",12:20,FALSE
fare_DEL-BOM_6E_2026-09-04_T+1_1788471332361_awtq,DEL-BOM,EaseMyTrip,6E,6E-224,2026-09-04,T+1,5871,1289,7160,2026-09-03T02:31:47.635Z,FALSE,"",19:00,TRUE
fare_DEL-BOM_6E_2026-09-04_T+1_1788471332361_1pwr,DEL-BOM,EaseMyTrip,6E,6E-752,2026-09-04,T+1,5871,1289,7160,2026-09-03T02:31:47.635Z,FALSE,"",19:00,TRUE
fare_DEL-BOM_AI_2026-09-04_T+1_1788471332361_v2do,DEL-BOM,EaseMyTrip,AI,AI-2985,2026-09-04,T+1,6243,1371,7614,2026-09-03T02:31:47.635Z,FALSE,"",19:30,TRUE
fare_DEL-BOM_AI_2026-09-04_T+1_1788471332361_mybt,DEL-BOM,EaseMyTrip,AI,AI-2678,2026-09-04,T+1,6257,1373,7630,2026-09-03T02:31:47.635Z,FALSE,"",08:30,TRUE
fare_DEL-BOM_6E_2026-09-04_T+1_1788471332361_2zyy,DEL-BOM,EaseMyTrip,6E,6E-7646,2026-09-04,T+1,6120,1343,7463,2026-09-03T02:31:47.635Z,FALSE,"",06:15,FALSE
fare_DEL-BOM_AI_2026-09-04_T+1_1788471332361_skhy,DEL-BOM,EaseMyTrip,AI,AI-2955,2026-09-04,T+1,6446,1415,7861,2026-09-03T02:31:47.635Z,FALSE,"",18:00,TRUE
fare_DEL-BOM_6E_2026-09-04_T+1_1788471332361_in97,DEL-BOM,EaseMyTrip,6E,6E-7626,2026-09-04,T+1,6292,1381,7673,2026-09-03T02:31:47.635Z,FALSE,"",10:30,FALSE
fare_DEL-BOM_6E_2026-09-04_T+1_1788471332361_db4n,DEL-BOM,EaseMyTrip,6E,6E-6443,2026-09-04,T+1,6380,1401,7781,2026-09-03T02:31:47.635Z,FALSE,"",09:00,FALSE
fare_DEL-BOM_AI_2026-09-04_T+1_1788471332361_740x,DEL-BOM,EaseMyTrip,AI,AI-2977,2026-09-04,T+1,6676,1466,8142,2026-09-03T02:31:47.635Z,FALSE,"",19:00,TRUE
fare_DEL-BOM_6E_2026-09-04_T+1_1788471332361_k6t7,DEL-BOM,EaseMyTrip,6E,6E-6490,2026-09-04,T+1,6812,1495,8307,2026-09-03T02:31:47.635Z,FALSE,"",04:55,FALSE
fare_DEL-BOM_6E_2026-09-04_T+1_1788471332361_aq1b,DEL-BOM,EaseMyTrip,6E,6E-2381,2026-09-04,T+1,7067,1551,8618,2026-09-03T02:31:47.635Z,FALSE,"",13:45,FALSE
fare_DEL-BOM_6E_2026-09-04_T+1_1788471332361_9ita,DEL-BOM,EaseMyTrip,6E,6E-201,2026-09-04,T+1,7131,1565,8696,2026-09-03T02:31:47.635Z,FALSE,"",19:30,FALSE
fare_DEL-BOM_6E_2026-09-04_T+1_1788471332361_qgge,DEL-BOM,EaseMyTrip,6E,6E-452,2026-09-04,T+1,7131,1565,8696,2026-09-03T02:31:47.635Z,FALSE,"",19:30,FALSE
fare_DEL-BOM_6E_2026-09-04_T+1_1788471332361_eis2,DEL-BOM,EaseMyTrip,6E,6E-2341,2026-09-04,T+1,7242,1590,8832,2026-09-03T02:31:47.635Z,FALSE,"",14:50,FALSE
fare_DEL-BOM_6E_2026-09-04_T+1_1788471332361_0bwg,DEL-BOM,EaseMyTrip,6E,6E-964,2026-09-04,T+1,7242,1590,8832,2026-09-03T02:31:47.635Z,FALSE,"",10:00,FALSE
fare_DEL-BOM_6E_2026-09-04_T+1_1788471332361_kedq,DEL-BOM,EaseMyTrip,6E,6E-794,2026-09-04,T+1,7242,1590,8832,2026-09-03T02:31:47.635Z,FALSE,"",10:00,FALSE
fare_DEL-BOM_IX_2026-09-04_T+1_1788471332361_0ezg,DEL-BOM,EaseMyTrip,IX,IX-1003,2026-09-04,T+1,8142,1787,9929,2026-09-03T02:31:47.635Z,FALSE,"",19:10,FALSE
fare_DEL-BOM_6E_2026-09-04_T+1_1788471332361_rox3,DEL-BOM,EaseMyTrip,6E,6E-6282,2026-09-04,T+1,7630,1675,9305,2026-09-03T02:31:47.635Z,FALSE,"",13:30,FALSE
fare_DEL-BOM_6E_2026-09-04_T+1_1788471332361_e4s5,DEL-BOM,EaseMyTrip,6E,6E-6190,2026-09-04,T+1,7833,1719,9552,2026-09-03T02:31:47.635Z,FALSE,"",07:40,FALSE
fare_DEL-BOM_AI_2026-09-04_T+1_1788471332361_hz2t,DEL-BOM,EaseMyTrip,AI,AI-2569,2026-09-04,T+1,8129,1785,9914,2026-09-03T02:31:47.635Z,FALSE,"",20:25,FALSE
fare_DEL-BOM_AI_2026-09-04_T+1_1788471332361_umdl,DEL-BOM,EaseMyTrip,AI,AI-1710,2026-09-04,T+1,8129,1785,9914,2026-09-03T02:31:47.635Z,FALSE,"",18:35,FALSE
fare_DEL-BOM_AI_2026-09-04_T+1_1788471332361_8ui0,DEL-BOM,EaseMyTrip,AI,AI-1717,2026-09-04,T+1,8129,1785,9914,2026-09-03T02:31:47.635Z,FALSE,"",14:20,FALSE
fare_DEL-BOM_6E_2026-09-04_T+1_1788471332361_dqh1,DEL-BOM,EaseMyTrip,6E,6E-2571,2026-09-04,T+1,8220,1804,10024,2026-09-03T02:31:47.635Z,FALSE,"",12:30,FALSE
fare_DEL-BOM_6E_2026-09-04_T+1_1788471332361_jeob,DEL-BOM,EaseMyTrip,6E,6E-7642,2026-09-04,T+1,8321,1826,10147,2026-09-03T02:31:47.635Z,FALSE,"",15:45,FALSE
fare_DEL-BOM_AI_2026-09-04_T+1_1788471332361_5n3d,DEL-BOM,EaseMyTrip,AI,AI-2761,2026-09-04,T+1,8672,1904,10576,2026-09-03T02:31:47.635Z,FALSE,"",16:25,FALSE
fare_DEL-BOM_AI_2026-09-04_T+1_1788471332361_fnhz,DEL-BOM,EaseMyTrip,AI,AI-1719,2026-09-04,T+1,8739,1918,10657,2026-09-03T02:31:47.635Z,FALSE,"",11:55,FALSE
fare_DEL-BOM_6E_2026-09-04_T+1_1788471332361_p5os,DEL-BOM,EaseMyTrip,6E,6E-2349,2026-09-04,T+1,8969,1969,10938,2026-09-03T02:31:47.635Z,FALSE,"",10:55,FALSE
fare_DEL-BOM_AI_2026-09-04_T+1_1788471332361_cstk,DEL-BOM,EaseMyTrip,AI,AI-9757,2026-09-04,T+1,9551,2097,11648,2026-09-03T02:31:47.635Z,FALSE,"",11:50,FALSE
fare_DEL-BOM_AI_2026-09-04_T+1_1788471332361_6iqm,DEL-BOM,EaseMyTrip,AI,AI-9759,2026-09-04,T+1,9551,2097,11648,2026-09-03T02:31:47.635Z,FALSE,"",05:45,FALSE
fare_DEL-BOM_6E_2026-09-04_T+1_1788471332361_blqu,DEL-BOM,EaseMyTrip,6E,6E-6212,2026-09-04,T+1,9684,2126,11810,2026-09-03T02:31:47.635Z,FALSE,"",14:45,FALSE
fare_DEL-BOM_AI_2026-09-04_T+1_1788471332361_un8z,DEL-BOM,EaseMyTrip,AI,AI-9674,2026-09-04,T+1,10275,2255,12530,2026-09-03T02:31:47.635Z,FALSE,"",16:40,FALSE
fare_DEL-BOM_6E_2026-09-04_T+1_1788471332361_gr1m,DEL-BOM,EaseMyTrip,6E,6E-6261,2026-09-04,T+1,10297,2260,12557,2026-09-03T02:31:47.635Z,FALSE,"",00:15,FALSE
fare_DEL-BOM_6E_2026-09-04_T+1_1788471332361_neuc,DEL-BOM,EaseMyTrip,6E,6E-6569,2026-09-04,T+1,10336,2269,12605,2026-09-03T02:31:47.635Z,FALSE,"",05:00,FALSE
fare_DEL-BOM_IX_2026-09-04_T+1_1788471332361_6bzz,DEL-BOM,EaseMyTrip,IX,IX-1049,2026-09-04,T+1,11043,2424,13467,2026-09-03T02:31:47.635Z,FALSE,"",18:40,FALSE
fare_DEL-BOM_AI_2026-09-04_T+1_1788471332361_anh4,DEL-BOM,EaseMyTrip,AI,AI-2959,2026-09-04,T+1,11186,2455,13641,2026-09-03T02:31:47.635Z,FALSE,"",07:10,FALSE
fare_DEL-BOM_AI_2026-09-04_T+1_1788471332361_au8d,DEL-BOM,EaseMyTrip,AI,AI-531,2026-09-04,T+1,11273,2475,13748,2026-09-03T02:31:47.635Z,FALSE,"",19:20,FALSE
fare_DEL-BOM_AI_2026-09-04_T+1_1788471332361_vvrb,DEL-BOM,EaseMyTrip,AI,AI-817,2026-09-04,T+1,11463,2516,13979,2026-09-03T02:31:47.635Z,FALSE,"",05:55,FALSE
fare_DEL-BOM_AI_2026-09-04_T+1_1788471332361_n0jr,DEL-BOM,EaseMyTrip,AI,AI-1705,2026-09-04,T+1,11651,2558,14209,2026-09-03T02:31:47.635Z,FALSE,"",06:30,FALSE
fare_DEL-BOM_6E_2026-09-04_T+1_1788471332361_rdpw,DEL-BOM,EaseMyTrip,6E,6E-2076,2026-09-04,T+1,12131,2663,14794,2026-09-03T02:31:47.635Z,FALSE,"",07:30,FALSE
fare_DEL-BOM_AI_2026-09-04_T+1_1788471332361_pwfv,DEL-BOM,EaseMyTrip,AI,AI-2715,2026-09-04,T+1,12336,2708,15044,2026-09-03T02:31:47.635Z,FALSE,"",11:40,FALSE
fare_DEL-BOM_6E_2026-09-04_T+1_1788471332361_ze62,DEL-BOM,EaseMyTrip,6E,6E-6293,2026-09-04,T+1,12223,2683,14906,2026-09-03T02:31:47.635Z,FALSE,"",09:55,FALSE
fare_DEL-BOM_IX_2026-09-04_T+1_1788471332361_e027,DEL-BOM,EaseMyTrip,IX,IX-1051,2026-09-04,T+1,12791,2808,15599,2026-09-03T02:31:47.635Z,FALSE,"",19:05,FALSE
fare_DEL-BOM_AI_2026-09-04_T+1_1788471332361_wexi,DEL-BOM,EaseMyTrip,AI,AI-1757,2026-09-04,T+1,12505,2745,15250,2026-09-03T02:31:47.635Z,FALSE,"",15:40,FALSE
fare_DEL-BOM_AI_2026-09-04_T+1_1788471332361_1muu,DEL-BOM,EaseMyTrip,AI,AI-2907,2026-09-04,T+1,12612,2768,15380,2026-09-03T02:31:47.635Z,FALSE,"",12:00,FALSE
fare_DEL-BOM_QP_2026-09-04_T+1_1788471332361_5559,DEL-BOM,EaseMyTrip,QP,QP-1812,2026-09-04,T+1,12547,2754,15301,2026-09-03T02:31:47.635Z,FALSE,"",22:55,FALSE
fare_DEL-BOM_6E_2026-09-04_T+1_1788471332361_8uy4,DEL-BOM,EaseMyTrip,6E,6E-779,2026-09-04,T+1,12653,2778,15431,2026-09-03T02:31:47.635Z,FALSE,"",08:30,FALSE
fare_DEL-BOM_6E_2026-09-04_T+1_1788471332361_7tu3,DEL-BOM,EaseMyTrip,6E,6E-980,2026-09-04,T+1,12653,2778,15431,2026-09-03T02:31:47.635Z,FALSE,"",08:30,FALSE
fare_DEL-BOM_AI_2026-09-04_T+1_1788471332361_ksci,DEL-BOM,EaseMyTrip,AI,AI-1743,2026-09-04,T+1,13065,2868,15933,2026-09-03T02:31:47.635Z,FALSE,"",06:20,FALSE
fare_DEL-BOM_AI_2026-09-04_T+1_1788471332361_9r1e,DEL-BOM,EaseMyTrip,AI,AI-1742,2026-09-04,T+1,13065,2868,15933,2026-09-03T02:31:47.635Z,FALSE,"",20:00,FALSE
fare_DEL-BOM_AI_2026-09-04_T+1_1788471332361_q1x0,DEL-BOM,EaseMyTrip,AI,AI-2532,2026-09-04,T+1,13285,2916,16201,2026-09-03T02:31:47.635Z,FALSE,"",11:20,FALSE
fare_DEL-BOM_6E_2026-09-04_T+1_1788471332361_67ec,DEL-BOM,EaseMyTrip,6E,6E-2249,2026-09-04,T+1,13227,2904,16131,2026-09-03T02:31:47.635Z,FALSE,"",15:00,FALSE
fare_DEL-BOM_IX_2026-09-04_T+1_1788471332361_9kxo,DEL-BOM,EaseMyTrip,IX,IX-1108,2026-09-04,T+1,14298,3138,17436,2026-09-03T02:31:47.635Z,FALSE,"",05:00,FALSE
fare_DEL-BOM_AI_2026-09-04_T+1_1788471332361_5dmg,DEL-BOM,EaseMyTrip,AI,AI-491,2026-09-04,T+1,14497,3182,17679,2026-09-03T02:31:47.635Z,FALSE,"",11:15,FALSE
fare_DEL-BOM_QP_2026-09-04_T+1_1788471332361_9f6j,DEL-BOM,EaseMyTrip,QP,QP-1817,2026-09-04,T+1,14680,3223,17903,2026-09-03T02:31:47.635Z,FALSE,"",10:30,FALSE
fare_DEL-BOM_AI_2026-09-04_T+1_1788471332361_bbec,DEL-BOM,EaseMyTrip,AI,AI-2465,2026-09-04,T+1,14880,3266,18146,2026-09-03T02:31:47.635Z,FALSE,"",14:30,FALSE
fare_DEL-BOM_AI_2026-09-04_T+1_1788471332361_u4g8,DEL-BOM,EaseMyTrip,AI,AI-2509,2026-09-04,T+1,14902,3271,18173,2026-09-03T02:31:47.635Z,FALSE,"",06:55,FALSE
fare_DEL-BOM_6E_2026-09-04_T+1_1788471332361_qyqj,DEL-BOM,EaseMyTrip,6E,6E-703,2026-09-04,T+1,14774,3243,18017,2026-09-03T02:31:47.635Z,FALSE,"",12:15,FALSE
fare_DEL-BOM_6E_2026-09-04_T+1_1788471332361_c45k,DEL-BOM,EaseMyTrip,6E,6E-493,2026-09-04,T+1,14774,3243,18017,2026-09-03T02:31:47.635Z,FALSE,"",12:15,FALSE
fare_DEL-BOM_IX_2026-09-04_T+1_1788471332361_2pao,DEL-BOM,EaseMyTrip,IX,IX-1068,2026-09-04,T+1,15588,3422,19010,2026-09-03T02:31:47.635Z,TRUE,"High outlier: ₹19010 > upper fence ₹18323 (Q3: ₹11247, IQR: ₹4717)",11:55,FALSE
fare_DEL-BOM_QP_2026-09-04_T+1_1788471332361_gi5z,DEL-BOM,EaseMyTrip,QP,QP-1815,2026-09-04,T+1,15675,3441,19116,2026-09-03T02:31:47.635Z,TRUE,"High outlier: ₹19116 > upper fence ₹18323 (Q3: ₹11247, IQR: ₹4717)",14:55,FALSE
fare_DEL-BOM_AI_2026-09-04_T+1_1788471332361_tb1f,DEL-BOM,EaseMyTrip,AI,AI-427,2026-09-04,T+1,16494,3621,20115,2026-09-03T02:31:47.635Z,TRUE,"High outlier: ₹20115 > upper fence ₹18323 (Q3: ₹11247, IQR: ₹4717)",08:30,FALSE
fare_DEL-BOM_AI_2026-09-04_T+1_1788471332361_2sbl,DEL-BOM,EaseMyTrip,AI,AI-1779,2026-09-04,T+1,16661,3657,20318,2026-09-03T02:31:47.635Z,TRUE,"High outlier: ₹20318 > upper fence ₹18323 (Q3: ₹11247, IQR: ₹4717)",13:50,FALSE
fare_DEL-BOM_AI_2026-09-04_T+1_1788471332361_o143,DEL-BOM,EaseMyTrip,AI,AI-809,2026-09-04,T+1,17038,3740,20778,2026-09-03T02:31:47.635Z,TRUE,"High outlier: ₹20778 > upper fence ₹18323 (Q3: ₹11247, IQR: ₹4717)",17:40,FALSE
fare_DEL-BOM_AI_2026-09-04_T+1_1788471332361_t10y,DEL-BOM,EaseMyTrip,AI,AI-2535,2026-09-04,T+1,17451,3831,21282,2026-09-03T02:31:47.635Z,TRUE,"High outlier: ₹21282 > upper fence ₹18323 (Q3: ₹11247, IQR: ₹4717)",06:40,FALSE
fare_DEL-BOM_AI_2026-09-04_T+1_1788471332361_yv1b,DEL-BOM,EaseMyTrip,AI,AI-2525,2026-09-04,T+1,18475,4056,22531,2026-09-03T02:31:47.635Z,TRUE,"High outlier: ₹22531 > upper fence ₹18323 (Q3: ₹11247, IQR: ₹4717)",06:00,FALSE
fare_DEL-BOM_AI_2026-09-04_T+1_1788471332361_eqy5,DEL-BOM,EaseMyTrip,AI,AI-1739,2026-09-04,T+1,21636,4749,26385,2026-09-03T02:31:47.635Z,TRUE,"High outlier: ₹26385 > upper fence ₹18323 (Q3: ₹11247, IQR: ₹4717)",11:30,FALSE
fare_DEL-BOM_AI_2026-09-04_T+1_1788471332361_az0y,DEL-BOM,EaseMyTrip,AI,AI-2627,2026-09-04,T+1,34897,7660,42557,2026-09-03T02:31:47.635Z,TRUE,"High outlier: ₹42557 > upper fence ₹18323 (Q3: ₹11247, IQR: ₹4717)",10:45,FALSE
fare_DEL-BOM_SG_2026-09-04_T+1_1788471332361_zgfy,DEL-BOM,EaseMyTrip,SG,SG-534,2026-09-04,T+1,5222,1146,6368,2026-09-03T21:13:46.322Z,FALSE,"",21:00,TRUE
fare_DEL-BOM_SG_2026-09-04_T+1_1788471332361_e6rq,DEL-BOM,EaseMyTrip,SG,SG-273,2026-09-04,T+1,5222,1146,6368,2026-09-03T21:13:46.322Z,FALSE,"",21:00,TRUE
fare_DEL-BOM_SG_2026-09-04_T+1_1788471332361_0mmi,DEL-BOM,EaseMyTrip,SG,SG-411,2026-09-04,T+1,5222,1146,6368,2026-09-03T21:13:46.322Z,FALSE,"",22:30,TRUE
fare_DEL-BOM_SG_2026-09-04_T+1_1788471332361_8peg,DEL-BOM,EaseMyTrip,SG,SG-299,2026-09-04,T+1,5222,1146,6368,2026-09-03T21:13:46.322Z,FALSE,"",22:30,TRUE
fare_DEL-BOM_6E_2026-09-04_T+1_1788471332361_xc64,DEL-BOM,EaseMyTrip,6E,6E-642,2026-09-04,T+1,5274,1158,6432,2026-09-03T21:13:46.322Z,FALSE,"",23:15,FALSE
fare_DEL-BOM_6E_2026-09-04_T+1_1788471332361_1jrf,DEL-BOM,EaseMyTrip,6E,6E-571,2026-09-04,T+1,5274,1158,6432,2026-09-03T21:13:46.322Z,FALSE,"",23:15,FALSE
fare_DEL-BOM_6E_2026-09-04_T+1_1788471332361_96qk,DEL-BOM,EaseMyTrip,6E,6E-540,2026-09-04,T+1,5355,1175,6530,2026-09-03T21:13:46.322Z,FALSE,"",23:30,TRUE
fare_DEL-BOM_6E_2026-09-04_T+1_1788471332361_g276,DEL-BOM,EaseMyTrip,6E,6E-193,2026-09-04,T+1,5355,1175,6530,2026-09-03T21:13:46.322Z,FALSE,"",23:30,TRUE
fare_DEL-BOM_6E_2026-09-04_T+1_1788471332361_imjq,DEL-BOM,EaseMyTrip,6E,6E-434,2026-09-04,T+1,5355,1175,6530,2026-09-03T21:13:46.322Z,FALSE,"",21:45,TRUE
fare_DEL-BOM_6E_2026-09-04_T+1_1788471332361_p9ob,DEL-BOM,EaseMyTrip,6E,6E-690,2026-09-04,T+1,5355,1175,6530,2026-09-03T21:13:46.322Z,FALSE,"",21:45,TRUE
fare_DEL-BOM_6E_2026-09-04_T+1_1788471332361_s0hg,DEL-BOM,EaseMyTrip,6E,6E-883,2026-09-04,T+1,5355,1175,6530,2026-09-03T21:13:46.322Z,FALSE,"",20:45,TRUE
fare_DEL-BOM_6E_2026-09-04_T+1_1788471332361_4mvc,DEL-BOM,EaseMyTrip,6E,6E-990,2026-09-04,T+1,5355,1175,6530,2026-09-03T21:13:46.322Z,FALSE,"",20:45,TRUE
fare_DEL-BOM_6E_2026-09-04_T+1_1788471332361_e7d7,DEL-BOM,EaseMyTrip,6E,6E-361,2026-09-04,T+1,5355,1175,6530,2026-09-03T21:13:46.322Z,FALSE,"",19:00,TRUE
fare_DEL-BOM_6E_2026-09-04_T+1_1788471332361_hiez,DEL-BOM,EaseMyTrip,6E,6E-927,2026-09-04,T+1,5355,1175,6530,2026-09-03T21:13:46.322Z,FALSE,"",19:00,TRUE
fare_DEL-BOM_6E_2026-09-04_T+1_1788471332361_aaqw,DEL-BOM,EaseMyTrip,6E,6E-251,2026-09-04,T+1,5355,1175,6530,2026-09-03T21:13:46.322Z,FALSE,"",18:00,TRUE
fare_DEL-BOM_6E_2026-09-04_T+1_1788471332361_mxxg,DEL-BOM,EaseMyTrip,6E,6E-842,2026-09-04,T+1,5355,1175,6530,2026-09-03T21:13:46.322Z,FALSE,"",18:00,TRUE
fare_DEL-BOM_6E_2026-09-04_T+1_1788471332361_ntlv,DEL-BOM,EaseMyTrip,6E,6E-269,2026-09-04,T+1,5355,1175,6530,2026-09-03T21:13:46.322Z,FALSE,"",16:15,TRUE
fare_DEL-BOM_6E_2026-09-04_T+1_1788471332361_pfl8,DEL-BOM,EaseMyTrip,6E,6E-467,2026-09-04,T+1,5355,1175,6530,2026-09-03T21:13:46.322Z,FALSE,"",16:15,TRUE
fare_DEL-BOM_6E_2026-09-04_T+1_1788471332361_b5ju,DEL-BOM,EaseMyTrip,6E,6E-107,2026-09-04,T+1,5355,1175,6530,2026-09-03T21:13:46.322Z,FALSE,"",15:30,TRUE
fare_DEL-BOM_6E_2026-09-04_T+1_1788471332361_ynwz,DEL-BOM,EaseMyTrip,6E,6E-806,2026-09-04,T+1,5355,1175,6530,2026-09-03T21:13:46.322Z,FALSE,"",15:30,TRUE
fare_DEL-BOM_6E_2026-09-04_T+1_1788471332361_6w5v,DEL-BOM,EaseMyTrip,6E,6E-157,2026-09-04,T+1,5355,1175,6530,2026-09-03T21:13:46.322Z,FALSE,"",08:00,TRUE
fare_DEL-BOM_6E_2026-09-04_T+1_1788471332361_3v00,DEL-BOM,EaseMyTrip,6E,6E-445,2026-09-04,T+1,5355,1175,6530,2026-09-03T21:13:46.322Z,FALSE,"",08:00,TRUE
fare_DEL-BOM_6E_2026-09-04_T+1_1788471332361_u4ka,DEL-BOM,EaseMyTrip,6E,6E-307,2026-09-04,T+1,5355,1175,6530,2026-09-03T21:13:46.322Z,FALSE,"",08:45,TRUE
fare_DEL-BOM_6E_2026-09-04_T+1_1788471332361_jirz,DEL-BOM,EaseMyTrip,6E,6E-485,2026-09-04,T+1,5381,1181,6562,2026-09-03T21:13:46.322Z,FALSE,"",19:35,FALSE
fare_DEL-BOM_6E_2026-09-04_T+1_1788471332361_gxn0,DEL-BOM,EaseMyTrip,6E,6E-733,2026-09-04,T+1,5381,1181,6562,2026-09-03T21:13:46.322Z,FALSE,"",19:35,FALSE
fare_DEL-BOM_6E_2026-09-04_T+1_1788471332361_tcmg,DEL-BOM,EaseMyTrip,6E,6E-199,2026-09-04,T+1,5484,1204,6688,2026-09-03T21:13:46.322Z,FALSE,"",20:00,TRUE
fare_DEL-BOM_6E_2026-09-04_T+1_1788471332361_xb5v,DEL-BOM,EaseMyTrip,6E,6E-354,2026-09-04,T+1,5484,1204,6688,2026-09-03T21:13:46.322Z,FALSE,"",20:00,TRUE
fare_DEL-BOM_6E_2026-09-04_T+1_1788471332361_cv92,DEL-BOM,EaseMyTrip,6E,6E-101,2026-09-04,T+1,5484,1204,6688,2026-09-03T21:13:46.322Z,FALSE,"",13:00,TRUE
fare_DEL-BOM_6E_2026-09-04_T+1_1788471332361_ii0q,DEL-BOM,EaseMyTrip,6E,6E-2496,2026-09-04,T+1,5533,1214,6747,2026-09-03T21:13:46.322Z,FALSE,"",12:40,FALSE
fare_DEL-BOM_6E_2026-09-04_T+1_1788471332361_lkjm,DEL-BOM,EaseMyTrip,6E,6E-313,2026-09-04,T+1,5656,1242,6898,2026-09-03T21:13:46.322Z,FALSE,"",05:00,TRUE
fare_DEL-BOM_6E_2026-09-04_T+1_1788471332361_z2jh,DEL-BOM,EaseMyTrip,6E,6E-862,2026-09-04,T+1,5656,1242,6898,2026-09-03T21:13:46.322Z,FALSE,"",05:00,TRUE
fare_DEL-BOM_6E_2026-09-04_T+1_1788471332361_z3zr,DEL-BOM,EaseMyTrip,6E,6E-147,2026-09-04,T+1,6172,1355,7527,2026-09-03T21:13:46.322Z,FALSE,"",20:20,TRUE
fare_DEL-BOM_6E_2026-09-04_T+1_1788471332361_pp9c,DEL-BOM,EaseMyTrip,6E,6E-749,2026-09-04,T+1,6172,1355,7527,2026-09-03T21:13:46.322Z,FALSE,"",20:20,TRUE
fare_DEL-BOM_SG_2026-09-04_T+1_1788471332361_9xpu,DEL-BOM,EaseMyTrip,SG,SG-989,2026-09-04,T+1,6470,1420,7890,2026-09-03T21:13:46.322Z,FALSE,"",14:30,TRUE
fare_DEL-BOM_SG_2026-09-04_T+1_1788471332361_6qhz,DEL-BOM,EaseMyTrip,SG,SG-560,2026-09-04,T+1,6470,1420,7890,2026-09-03T21:13:46.322Z,FALSE,"",14:30,TRUE
fare_DEL-BOM_6E_2026-09-04_T+1_1788471332361_mst3,DEL-BOM,EaseMyTrip,6E,6E-636,2026-09-04,T+1,7242,1590,8832,2026-09-03T21:13:46.322Z,FALSE,"",10:00,FALSE
fare_DEL-BOM_6E_2026-09-04_T+1_1788471332361_hlgo,DEL-BOM,EaseMyTrip,6E,6E-638,2026-09-04,T+1,7242,1590,8832,2026-09-03T21:13:46.322Z,FALSE,"",10:00,FALSE
fare_DEL-BOM_6E_2026-09-04_T+1_1788471332361_f2kt,DEL-BOM,EaseMyTrip,6E,6E-433,2026-09-04,T+1,8316,1825,10141,2026-09-03T21:13:46.322Z,FALSE,"",19:30,FALSE
fare_DEL-BOM_AI_2026-09-04_T+1_1788471332361_eudq,DEL-BOM,EaseMyTrip,AI,AI-2499,2026-09-04,T+1,9122,2002,11124,2026-09-03T21:13:46.322Z,FALSE,"",05:55,FALSE
fare_DEL-BOM_IX_2026-09-04_T+1_1788471332361_f6d1,DEL-BOM,EaseMyTrip,IX,IX-1001,2026-09-04,T+1,9323,2046,11369,2026-09-03T21:13:46.322Z,FALSE,"",09:00,FALSE
fare_DEL-BOM_6E_2026-09-04_T+1_1788471332361_1vux,DEL-BOM,EaseMyTrip,6E,6E-319,2026-09-04,T+1,10572,2321,12893,2026-09-03T21:13:46.322Z,FALSE,"",12:15,FALSE
fare_DEL-BOM_6E_2026-09-04_T+1_1788471332361_4rpe,DEL-BOM,EaseMyTrip,6E,6E-308,2026-09-04,T+1,10572,2321,12893,2026-09-03T21:13:46.322Z,FALSE,"",12:15,FALSE
fare_DEL-BOM_AI_2026-09-04_T+1_1788471332361_zg9k,DEL-BOM,EaseMyTrip,AI,AI-2909,2026-09-04,T+1,11186,2455,13641,2026-09-03T21:13:46.322Z,FALSE,"",22:30,FALSE
fare_DEL-BOM_AI_2026-09-04_T+1_1788471332361_h9bj,DEL-BOM,EaseMyTrip,AI,AI-2545,2026-09-04,T+1,11186,2455,13641,2026-09-03T21:13:46.322Z,FALSE,"",20:30,FALSE
fare_DEL-BOM_AI_2026-09-04_T+1_1788471332361_ufzn,DEL-BOM,EaseMyTrip,AI,AI-2939,2026-09-04,T+1,11186,2455,13641,2026-09-03T21:13:46.322Z,FALSE,"",16:40,FALSE
fare_DEL-BOM_AI_2026-09-04_T+1_1788471332361_7pnm,DEL-BOM,EaseMyTrip,AI,AI-881,2026-09-04,T+1,11186,2455,13641,2026-09-03T21:13:46.322Z,FALSE,"",13:35,FALSE
fare_DEL-BOM_IX_2026-09-04_T+1_1788471332361_lgdy,DEL-BOM,EaseMyTrip,IX,IX-1067,2026-09-04,T+1,12070,2649,14719,2026-09-03T21:13:46.322Z,FALSE,"",06:10,FALSE
fare_DEL-BOM_AI_2026-09-04_T+1_1788471332361_aebx,DEL-BOM,EaseMyTrip,AI,AI-9584,2026-09-04,T+1,12521,2748,15269,2026-09-03T21:13:46.322Z,FALSE,"",11:15,FALSE
fare_DEL-BOM_AI_2026-09-04_T+1_1788471332361_pbjl,DEL-BOM,EaseMyTrip,AI,AI-2601,2026-09-04,T+1,13065,2868,15933,2026-09-03T21:13:46.322Z,FALSE,"",17:00,FALSE
fare_DEL-BOM_AI_2026-09-04_T+1_1788471332361_w0xg,DEL-BOM,EaseMyTrip,AI,AI-1773,2026-09-04,T+1,14497,3182,17679,2026-09-03T21:13:46.322Z,FALSE,"",10:30,FALSE
fare_DEL-BOM_AI_2026-09-04_T+1_1788471332361_g6t2,DEL-BOM,EaseMyTrip,AI,AI-2859,2026-09-04,T+1,16361,3592,19953,2026-09-03T21:13:46.322Z,TRUE,"High outlier: ₹19953 > upper fence ₹18323 (Q3: ₹11247, IQR: ₹4717)",10:30,FALSE
fare_DEL-BOM_IX_2026-09-04_T+1_1788471332361_bbqo,DEL-BOM,EaseMyTrip,IX,IX-1812,2026-09-04,T+1,17408,3821,21229,2026-09-03T21:13:46.322Z,TRUE,"High outlier: ₹21229 > upper fence ₹18323 (Q3: ₹11247, IQR: ₹4717)",11:15,FALSE
fare_DEL-BOM_6E_2026-09-04_T+1_1788471332361_9pzt,DEL-BOM,EaseMyTrip,6E,6E-918,2026-09-04,T+1,17488,3839,21327,2026-09-03T21:13:46.322Z,TRUE,"High outlier: ₹21327 > upper fence ₹18323 (Q3: ₹11247, IQR: ₹4717)",08:30,FALSE
fare_DEL-BOM_AI_2026-09-04_T+1_1788471332361_4031,DEL-BOM,EaseMyTrip,AI,AI-2483,2026-09-04,T+1,18767,4120,22887,2026-09-03T21:13:46.322Z,TRUE,"High outlier: ₹22887 > upper fence ₹18323 (Q3: ₹11247, IQR: ₹4717)",12:20,FALSE
fare_DEL-BOM_IX_2026-09-04_T+1_1788471332361_kxfj,DEL-BOM,EaseMyTrip,IX,IX-1811,2026-09-04,T+1,19540,4289,23829,2026-09-03T21:13:46.322Z,TRUE,"High outlier: ₹23829 > upper fence ₹18323 (Q3: ₹11247, IQR: ₹4717)",06:50,FALSE
fare_DEL-BOM_SG_2026-10-03_T+30_1788471332362_wf2j,DEL-BOM,EaseMyTrip,SG,SG-853,2026-10-03,T+30,5255,1153,6408,2026-09-03T02:32:06.524Z,FALSE,"",09:15,TRUE
fare_DEL-BOM_SG_2026-10-03_T+30_1788471332362_np76,DEL-BOM,EaseMyTrip,SG,SG-627,2026-10-03,T+30,5255,1153,6408,2026-09-03T02:32:06.524Z,FALSE,"",09:15,TRUE
fare_DEL-BOM_SG_2026-10-03_T+30_1788471332362_ku01,DEL-BOM,EaseMyTrip,SG,SG-417,2026-10-03,T+30,5255,1153,6408,2026-09-03T02:32:06.524Z,FALSE,"",22:30,TRUE
fare_DEL-BOM_SG_2026-10-03_T+30_1788471332362_eqe9,DEL-BOM,EaseMyTrip,SG,SG-537,2026-10-03,T+30,5255,1153,6408,2026-09-03T02:32:06.524Z,FALSE,"",22:30,TRUE
fare_DEL-BOM_6E_2026-10-03_T+30_1788471332362_30x3,DEL-BOM,EaseMyTrip,6E,6E-6454,2026-10-03,T+30,4994,1096,6090,2026-09-03T02:32:06.524Z,FALSE,"",13:50,FALSE
fare_DEL-BOM_6E_2026-10-03_T+30_1788471332362_5c7w,DEL-BOM,EaseMyTrip,6E,6E-5119,2026-10-03,T+30,4994,1096,6090,2026-09-03T02:32:06.524Z,FALSE,"",05:10,FALSE
fare_DEL-BOM_6E_2026-10-03_T+30_1788471332362_vrwe,DEL-BOM,EaseMyTrip,6E,6E-2076,2026-10-03,T+30,4994,1096,6090,2026-09-03T02:32:06.524Z,FALSE,"",07:30,FALSE
fare_DEL-BOM_6E_2026-10-03_T+30_1788471332362_2woz,DEL-BOM,EaseMyTrip,6E,6E-6261,2026-10-03,T+30,4994,1096,6090,2026-09-03T02:32:06.524Z,FALSE,"",00:15,FALSE
fare_DEL-BOM_6E_2026-10-03_T+30_1788471332362_2s0n,DEL-BOM,EaseMyTrip,6E,6E-2013,2026-10-03,T+30,4994,1096,6090,2026-09-03T02:32:06.524Z,FALSE,"",21:50,FALSE
fare_DEL-BOM_6E_2026-10-03_T+30_1788471332362_4htn,DEL-BOM,EaseMyTrip,6E,6E-6190,2026-10-03,T+30,4998,1097,6095,2026-09-03T02:32:06.524Z,FALSE,"",07:40,FALSE
fare_DEL-BOM_6E_2026-10-03_T+30_1788471332362_aw2y,DEL-BOM,EaseMyTrip,6E,6E-259,2026-10-03,T+30,4998,1097,6095,2026-09-03T02:32:06.524Z,FALSE,"",10:00,FALSE
fare_DEL-BOM_6E_2026-10-03_T+30_1788471332362_179j,DEL-BOM,EaseMyTrip,6E,6E-889,2026-10-03,T+30,4998,1097,6095,2026-09-03T02:32:06.524Z,FALSE,"",10:00,FALSE
fare_DEL-BOM_6E_2026-10-03_T+30_1788471332362_x115,DEL-BOM,EaseMyTrip,6E,6E-2341,2026-10-03,T+30,4998,1097,6095,2026-09-03T02:32:06.524Z,FALSE,"",14:50,FALSE
fare_DEL-BOM_6E_2026-10-03_T+30_1788471332362_0lq0,DEL-BOM,EaseMyTrip,6E,6E-2037,2026-10-03,T+30,4998,1097,6095,2026-09-03T02:32:06.524Z,FALSE,"",10:55,FALSE
fare_DEL-BOM_6E_2026-10-03_T+30_1788471332362_99fc,DEL-BOM,EaseMyTrip,6E,6E-2331,2026-10-03,T+30,4998,1097,6095,2026-09-03T02:32:06.524Z,FALSE,"",12:20,FALSE
fare_DEL-BOM_6E_2026-10-03_T+30_1788471332362_jee0,DEL-BOM,EaseMyTrip,6E,6E-878,2026-10-03,T+30,4998,1097,6095,2026-09-03T02:32:06.524Z,FALSE,"",10:00,FALSE
fare_DEL-BOM_6E_2026-10-03_T+30_1788471332362_5c3n,DEL-BOM,EaseMyTrip,6E,6E-110,2026-10-03,T+30,4998,1097,6095,2026-09-03T02:32:06.524Z,FALSE,"",10:00,FALSE
fare_DEL-BOM_IX_2026-10-03_T+30_1788471332362_ykn0,DEL-BOM,EaseMyTrip,IX,IX-1165,2026-10-03,T+30,5568,1222,6790,2026-09-03T02:32:06.524Z,FALSE,"",06:00,FALSE
fare_DEL-BOM_IX_2026-10-03_T+30_1788471332362_ewga,DEL-BOM,EaseMyTrip,IX,IX-1056,2026-10-03,T+30,5354,1175,6529,2026-09-03T02:32:06.524Z,FALSE,"",17:50,TRUE
fare_DEL-BOM_IX_2026-10-03_T+30_1788471332362_x907,DEL-BOM,EaseMyTrip,IX,IX-1235,2026-10-03,T+30,5354,1175,6529,2026-09-03T02:32:06.524Z,FALSE,"",23:25,TRUE
fare_DEL-BOM_IX_2026-10-03_T+30_1788471332362_9muo,DEL-BOM,EaseMyTrip,IX,IX-1463,2026-10-03,T+30,5354,1175,6529,2026-09-03T02:32:06.524Z,FALSE,"",11:15,TRUE
fare_DEL-BOM_IX_2026-10-03_T+30_1788471332362_dupe,DEL-BOM,EaseMyTrip,IX,IX-1038,2026-10-03,T+30,5354,1175,6529,2026-09-03T02:32:06.524Z,FALSE,"",17:35,TRUE
fare_DEL-BOM_IX_2026-10-03_T+30_1788471332362_6q79,DEL-BOM,EaseMyTrip,IX,IX-1024,2026-10-03,T+30,5354,1175,6529,2026-09-03T02:32:06.524Z,FALSE,"",18:40,TRUE
fare_DEL-BOM_6E_2026-10-03_T+30_1788471332362_kueb,DEL-BOM,EaseMyTrip,6E,6E-2249,2026-10-03,T+30,5102,1120,6222,2026-09-03T02:32:06.524Z,FALSE,"",15:00,FALSE
fare_DEL-BOM_6E_2026-10-03_T+30_1788471332362_66hi,DEL-BOM,EaseMyTrip,6E,6E-2169,2026-10-03,T+30,5102,1120,6222,2026-09-03T02:32:06.524Z,FALSE,"",19:40,FALSE
fare_DEL-BOM_6E_2026-10-03_T+30_1788471332362_7fs4,DEL-BOM,EaseMyTrip,6E,6E-6490,2026-10-03,T+30,5105,1121,6226,2026-09-03T02:32:06.524Z,FALSE,"",04:55,FALSE
fare_DEL-BOM_6E_2026-10-03_T+30_1788471332362_nzyb,DEL-BOM,EaseMyTrip,6E,6E-6479,2026-10-03,T+30,5166,1134,6300,2026-09-03T02:32:06.524Z,FALSE,"",21:25,FALSE
fare_DEL-BOM_6E_2026-10-03_T+30_1788471332362_vsd9,DEL-BOM,EaseMyTrip,6E,6E-855,2026-10-03,T+30,5166,1134,6300,2026-09-03T02:32:06.524Z,FALSE,"",16:10,FALSE
fare_DEL-BOM_6E_2026-10-03_T+30_1788471332362_effx,DEL-BOM,EaseMyTrip,6E,6E-884,2026-10-03,T+30,5166,1134,6300,2026-09-03T02:32:06.524Z,FALSE,"",16:10,FALSE
fare_DEL-BOM_6E_2026-10-03_T+30_1788471332362_k60a,DEL-BOM,EaseMyTrip,6E,6E-2113,2026-10-03,T+30,5166,1134,6300,2026-09-03T02:32:06.524Z,FALSE,"",13:20,FALSE
fare_DEL-BOM_6E_2026-10-03_T+30_1788471332362_27lx,DEL-BOM,EaseMyTrip,6E,6E-6050,2026-10-03,T+30,5166,1134,6300,2026-09-03T02:32:06.524Z,FALSE,"",08:15,FALSE
fare_DEL-BOM_6E_2026-10-03_T+30_1788471332362_lpoa,DEL-BOM,EaseMyTrip,6E,6E-2147,2026-10-03,T+30,5166,1134,6300,2026-09-03T02:32:06.524Z,FALSE,"",11:10,FALSE
fare_DEL-BOM_6E_2026-10-03_T+30_1788471332362_ai04,DEL-BOM,EaseMyTrip,6E,6E-6212,2026-10-03,T+30,5274,1158,6432,2026-09-03T02:32:06.524Z,FALSE,"",14:45,FALSE
fare_DEL-BOM_6E_2026-10-03_T+30_1788471332362_dghy,DEL-BOM,EaseMyTrip,6E,6E-703,2026-10-03,T+30,5274,1158,6432,2026-09-03T02:32:06.524Z,FALSE,"",17:55,FALSE
fare_DEL-BOM_6E_2026-10-03_T+30_1788471332362_4a0p,DEL-BOM,EaseMyTrip,6E,6E-926,2026-10-03,T+30,5274,1158,6432,2026-09-03T02:32:06.524Z,FALSE,"",17:55,FALSE
fare_DEL-BOM_6E_2026-10-03_T+30_1788471332362_tti5,DEL-BOM,EaseMyTrip,6E,6E-6282,2026-10-03,T+30,5274,1158,6432,2026-09-03T02:32:06.524Z,FALSE,"",13:30,FALSE
fare_DEL-BOM_6E_2026-10-03_T+30_1788471332362_2h3z,DEL-BOM,EaseMyTrip,6E,6E-5096,2026-10-03,T+30,5282,1160,6442,2026-09-03T02:32:06.524Z,FALSE,"",17:00,TRUE
fare_DEL-BOM_QP_2026-10-03_T+30_1788471332362_lg2x,DEL-BOM,EaseMyTrip,QP,QP-2018,2026-10-03,T+30,5295,1162,6457,2026-09-03T02:32:06.524Z,FALSE,"",11:00,TRUE
fare_DEL-BOM_QP_2026-10-03_T+30_1788471332362_ump0,DEL-BOM,EaseMyTrip,QP,QP-2012,2026-10-03,T+30,5330,1170,6500,2026-09-03T02:32:06.524Z,FALSE,"",08:55,TRUE
fare_DEL-BOM_6E_2026-10-03_T+30_1788471332362_ryvo,DEL-BOM,EaseMyTrip,6E,6E-635,2026-10-03,T+30,5338,1172,6510,2026-09-03T02:32:06.524Z,FALSE,"",19:30,FALSE
fare_DEL-BOM_6E_2026-10-03_T+30_1788471332362_bqer,DEL-BOM,EaseMyTrip,6E,6E-716,2026-10-03,T+30,5338,1172,6510,2026-09-03T02:32:06.524Z,FALSE,"",19:30,FALSE
fare_DEL-BOM_6E_2026-10-03_T+30_1788471332362_cuzv,DEL-BOM,EaseMyTrip,6E,6E-7642,2026-10-03,T+30,5343,1173,6516,2026-09-03T02:32:06.524Z,FALSE,"",15:45,FALSE
fare_DEL-BOM_6E_2026-10-03_T+30_1788471332362_ih6v,DEL-BOM,EaseMyTrip,6E,6E-7646,2026-10-03,T+30,5347,1174,6521,2026-09-03T02:32:06.524Z,FALSE,"",06:15,FALSE
fare_DEL-BOM_6E_2026-10-03_T+30_1788471332362_t7gy,DEL-BOM,EaseMyTrip,6E,6E-6470,2026-10-03,T+30,5354,1175,6529,2026-09-03T02:32:06.524Z,FALSE,"",06:55,TRUE
fare_DEL-BOM_QP_2026-10-03_T+30_1788471332362_wocu,DEL-BOM,EaseMyTrip,QP,QP-1833,2026-10-03,T+30,5355,1175,6530,2026-09-03T02:32:06.524Z,FALSE,"",06:50,TRUE
fare_DEL-BOM_QP_2026-10-03_T+30_1788471332362_6sog,DEL-BOM,EaseMyTrip,QP,QP-1110,2026-10-03,T+30,5355,1175,6530,2026-09-03T02:32:06.524Z,FALSE,"",10:00,TRUE
fare_DEL-BOM_QP_2026-10-03_T+30_1788471332362_2iql,DEL-BOM,EaseMyTrip,QP,QP-1128,2026-10-03,T+30,5355,1175,6530,2026-09-03T02:32:06.524Z,FALSE,"",16:00,TRUE
fare_DEL-BOM_QP_2026-10-03_T+30_1788471332362_tlt5,DEL-BOM,EaseMyTrip,QP,QP-1820,2026-10-03,T+30,5355,1175,6530,2026-09-03T02:32:06.524Z,FALSE,"",17:30,TRUE
fare_DEL-BOM_QP_2026-10-03_T+30_1788471332362_swd6,DEL-BOM,EaseMyTrip,QP,QP-1119,2026-10-03,T+30,5355,1175,6530,2026-09-03T02:32:06.524Z,FALSE,"",08:40,TRUE
fare_DEL-BOM_QP_2026-10-03_T+30_1788471332362_459n,DEL-BOM,EaseMyTrip,QP,QP-1826,2026-10-03,T+30,5355,1175,6530,2026-09-03T02:32:06.524Z,FALSE,"",19:55,TRUE
fare_DEL-BOM_6E_2026-10-03_T+30_1788471332362_06n2,DEL-BOM,EaseMyTrip,6E,6E-400,2026-10-03,T+30,5355,1175,6530,2026-09-03T02:32:06.524Z,FALSE,"",03:00,TRUE
fare_DEL-BOM_6E_2026-10-03_T+30_1788471332362_qb90,DEL-BOM,EaseMyTrip,6E,6E-536,2026-10-03,T+30,5355,1175,6530,2026-09-03T02:32:06.524Z,FALSE,"",03:00,TRUE
fare_DEL-BOM_6E_2026-10-03_T+30_1788471332362_dr26,DEL-BOM,EaseMyTrip,6E,6E-817,2026-10-03,T+30,5355,1175,6530,2026-09-03T02:32:06.524Z,FALSE,"",23:30,TRUE
fare_DEL-BOM_6E_2026-10-03_T+30_1788471332362_7nz6,DEL-BOM,EaseMyTrip,6E,6E-918,2026-10-03,T+30,5355,1175,6530,2026-09-03T02:32:06.524Z,FALSE,"",23:30,TRUE
fare_DEL-BOM_6E_2026-10-03_T+30_1788471332362_ahdm,DEL-BOM,EaseMyTrip,6E,6E-6114,2026-10-03,T+30,5355,1175,6530,2026-09-03T02:32:06.524Z,FALSE,"",22:45,TRUE
fare_DEL-BOM_6E_2026-10-03_T+30_1788471332362_nqln,DEL-BOM,EaseMyTrip,6E,6E-422,2026-10-03,T+30,5355,1175,6530,2026-09-03T02:32:06.524Z,FALSE,"",20:00,TRUE
fare_DEL-BOM_6E_2026-10-03_T+30_1788471332362_cn75,DEL-BOM,EaseMyTrip,6E,6E-934,2026-10-03,T+30,5355,1175,6530,2026-09-03T02:32:06.524Z,FALSE,"",20:00,TRUE
fare_DEL-BOM_6E_2026-10-03_T+30_1788471332362_gm1i,DEL-BOM,EaseMyTrip,6E,6E-807,2026-10-03,T+30,5355,1175,6530,2026-09-03T02:32:06.524Z,FALSE,"",19:00,TRUE
fare_DEL-BOM_6E_2026-10-03_T+30_1788471332362_fpq0,DEL-BOM,EaseMyTrip,6E,6E-365,2026-10-03,T+30,5355,1175,6530,2026-09-03T02:32:06.524Z,FALSE,"",19:00,TRUE
fare_DEL-BOM_6E_2026-10-03_T+30_1788471332362_asd4,DEL-BOM,EaseMyTrip,6E,6E-6706,2026-10-03,T+30,5355,1175,6530,2026-09-03T02:32:06.524Z,FALSE,"",17:00,TRUE
fare_DEL-BOM_6E_2026-10-03_T+30_1788471332362_ya8f,DEL-BOM,EaseMyTrip,6E,6E-916,2026-10-03,T+30,5355,1175,6530,2026-09-03T02:32:06.524Z,FALSE,"",15:30,TRUE
fare_DEL-BOM_6E_2026-10-03_T+30_1788471332362_seel,DEL-BOM,EaseMyTrip,6E,6E-851,2026-10-03,T+30,5355,1175,6530,2026-09-03T02:32:06.524Z,FALSE,"",15:30,TRUE
fare_DEL-BOM_6E_2026-10-03_T+30_1788471332362_u6h3,DEL-BOM,EaseMyTrip,6E,6E-6022,2026-10-03,T+30,5355,1175,6530,2026-09-03T02:32:06.524Z,FALSE,"",14:00,TRUE
fare_DEL-BOM_6E_2026-10-03_T+30_1788471332362_ippr,DEL-BOM,EaseMyTrip,6E,6E-6318,2026-10-03,T+30,5355,1175,6530,2026-09-03T02:32:06.524Z,FALSE,"",14:45,TRUE
fare_DEL-BOM_6E_2026-10-03_T+30_1788471332362_hoop,DEL-BOM,EaseMyTrip,6E,6E-563,2026-10-03,T+30,5355,1175,6530,2026-09-03T02:32:06.524Z,FALSE,"",08:00,TRUE
fare_DEL-BOM_6E_2026-10-03_T+30_1788471332362_z9b2,DEL-BOM,EaseMyTrip,6E,6E-876,2026-10-03,T+30,5355,1175,6530,2026-09-03T02:32:06.524Z,FALSE,"",08:00,TRUE
fare_DEL-BOM_6E_2026-10-03_T+30_1788471332362_h5js,DEL-BOM,EaseMyTrip,6E,6E-6328,2026-10-03,T+30,5355,1175,6530,2026-09-03T02:32:06.524Z,FALSE,"",10:15,TRUE
fare_DEL-BOM_6E_2026-10-03_T+30_1788471332362_mb31,DEL-BOM,EaseMyTrip,6E,6E-6047,2026-10-03,T+30,5355,1175,6530,2026-09-03T02:32:06.524Z,FALSE,"",11:00,TRUE
fare_DEL-BOM_6E_2026-10-03_T+30_1788471332362_ijcz,DEL-BOM,EaseMyTrip,6E,6E-828,2026-10-03,T+30,5355,1175,6530,2026-09-03T02:32:06.524Z,FALSE,"",13:00,TRUE
fare_DEL-BOM_6E_2026-10-03_T+30_1788471332362_c7d0,DEL-BOM,EaseMyTrip,6E,6E-836,2026-10-03,T+30,5355,1175,6530,2026-09-03T02:32:06.524Z,FALSE,"",13:00,TRUE
fare_DEL-BOM_6E_2026-10-03_T+30_1788471332362_qwhi,DEL-BOM,EaseMyTrip,6E,6E-309,2026-10-03,T+30,5355,1175,6530,2026-09-03T02:32:06.524Z,FALSE,"",08:45,TRUE
fare_DEL-BOM_6E_2026-10-03_T+30_1788471332362_dfjy,DEL-BOM,EaseMyTrip,6E,6E-332,2026-10-03,T+30,5355,1175,6530,2026-09-03T02:32:06.524Z,FALSE,"",08:45,TRUE
fare_DEL-BOM_6E_2026-10-03_T+30_1788471332362_3jff,DEL-BOM,EaseMyTrip,6E,6E-548,2026-10-03,T+30,5366,1178,6544,2026-09-03T02:32:06.524Z,FALSE,"",14:50,FALSE
fare_DEL-BOM_6E_2026-10-03_T+30_1788471332362_4wgc,DEL-BOM,EaseMyTrip,6E,6E-340,2026-10-03,T+30,5366,1178,6544,2026-09-03T02:32:06.524Z,FALSE,"",14:50,FALSE
fare_DEL-BOM_6E_2026-10-03_T+30_1788471332362_6dkf,DEL-BOM,EaseMyTrip,6E,6E-6983,2026-10-03,T+30,5381,1181,6562,2026-09-03T02:32:06.524Z,FALSE,"",15:35,FALSE
fare_DEL-BOM_6E_2026-10-03_T+30_1788471332362_5upc,DEL-BOM,EaseMyTrip,6E,6E-449,2026-10-03,T+30,5484,1204,6688,2026-09-03T02:32:06.524Z,FALSE,"",21:45,TRUE
fare_DEL-BOM_6E_2026-10-03_T+30_1788471332362_00sq,DEL-BOM,EaseMyTrip,6E,6E-633,2026-10-03,T+30,5484,1204,6688,2026-09-03T02:32:06.524Z,FALSE,"",21:45,TRUE
fare_DEL-BOM_6E_2026-10-03_T+30_1788471332362_1ewc,DEL-BOM,EaseMyTrip,6E,6E-940,2026-10-03,T+30,5484,1204,6688,2026-09-03T02:32:06.524Z,FALSE,"",20:45,TRUE
fare_DEL-BOM_6E_2026-10-03_T+30_1788471332362_593l,DEL-BOM,EaseMyTrip,6E,6E-654,2026-10-03,T+30,5484,1204,6688,2026-09-03T02:32:06.524Z,FALSE,"",20:45,TRUE
fare_DEL-BOM_6E_2026-10-03_T+30_1788471332362_ldt6,DEL-BOM,EaseMyTrip,6E,6E-383,2026-10-03,T+30,5484,1204,6688,2026-09-03T02:32:06.524Z,FALSE,"",05:00,TRUE
fare_DEL-BOM_6E_2026-10-03_T+30_1788471332362_2typ,DEL-BOM,EaseMyTrip,6E,6E-177,2026-10-03,T+30,5484,1204,6688,2026-09-03T02:32:06.524Z,FALSE,"",05:00,TRUE
fare_DEL-BOM_6E_2026-10-03_T+30_1788471332362_b39b,DEL-BOM,EaseMyTrip,6E,6E-6218,2026-10-03,T+30,5484,1204,6688,2026-09-03T02:32:06.524Z,FALSE,"",06:05,TRUE
fare_DEL-BOM_6E_2026-10-03_T+30_1788471332362_vii2,DEL-BOM,EaseMyTrip,6E,6E-5138,2026-10-03,T+30,5488,1205,6693,2026-09-03T02:32:06.524Z,FALSE,"",19:10,FALSE
fare_DEL-BOM_6E_2026-10-03_T+30_1788471332362_yqik,DEL-BOM,EaseMyTrip,6E,6E-6459,2026-10-03,T+30,5488,1205,6693,2026-09-03T02:32:06.524Z,FALSE,"",05:55,FALSE
fare_DEL-BOM_AI_2026-10-03_T+30_1788471332362_qmcv,DEL-BOM,EaseMyTrip,AI,AI-2678,2026-10-03,T+30,5740,1260,7000,2026-09-03T02:32:06.524Z,FALSE,"",08:30,TRUE
fare_DEL-BOM_AI_2026-10-03_T+30_1788471332362_q9l5,DEL-BOM,EaseMyTrip,AI,AI-2963,2026-10-03,T+30,5740,1260,7000,2026-09-03T02:32:06.524Z,FALSE,"",09:00,TRUE
fare_DEL-BOM_AI_2026-10-03_T+30_1788471332362_7amq,DEL-BOM,EaseMyTrip,AI,AI-2425,2026-10-03,T+30,5740,1260,7000,2026-09-03T02:32:06.524Z,FALSE,"",10:30,TRUE
fare_DEL-BOM_AI_2026-10-03_T+30_1788471332362_uw21,DEL-BOM,EaseMyTrip,AI,AI-2995,2026-10-03,T+30,5740,1260,7000,2026-09-03T02:32:06.524Z,FALSE,"",10:00,TRUE
fare_DEL-BOM_AI_2026-10-03_T+30_1788471332362_u4lv,DEL-BOM,EaseMyTrip,AI,AI-2945,2026-10-03,T+30,5740,1260,7000,2026-09-03T02:32:06.524Z,FALSE,"",11:00,TRUE
fare_DEL-BOM_AI_2026-10-03_T+30_1788471332362_me8h,DEL-BOM,EaseMyTrip,AI,AI-2441,2026-10-03,T+30,5740,1260,7000,2026-09-03T02:32:06.524Z,FALSE,"",14:10,TRUE
fare_DEL-BOM_AI_2026-10-03_T+30_1788471332362_rjxk,DEL-BOM,EaseMyTrip,AI,AI-441,2026-10-03,T+30,5740,1260,7000,2026-09-03T02:32:06.524Z,FALSE,"",17:00,TRUE
fare_DEL-BOM_AI_2026-10-03_T+30_1788471332362_087s,DEL-BOM,EaseMyTrip,AI,AI-2957,2026-10-03,T+30,5740,1260,7000,2026-09-03T02:32:06.524Z,FALSE,"",20:30,TRUE
fare_DEL-BOM_AI_2026-10-03_T+30_1788471332362_u5ge,DEL-BOM,EaseMyTrip,AI,AI-1780,2026-10-03,T+30,5740,1260,7000,2026-09-03T02:32:06.524Z,FALSE,"",14:30,TRUE
fare_DEL-BOM_6E_2026-10-03_T+30_1788471332362_smda,DEL-BOM,EaseMyTrip,6E,6E-391,2026-10-03,T+30,5656,1242,6898,2026-09-03T02:32:06.524Z,FALSE,"",16:15,TRUE
fare_DEL-BOM_6E_2026-10-03_T+30_1788471332362_vj5c,DEL-BOM,EaseMyTrip,6E,6E-286,2026-10-03,T+30,5656,1242,6898,2026-09-03T02:32:06.524Z,FALSE,"",16:15,TRUE
fare_DEL-BOM_AI_2026-10-03_T+30_1788471332362_rrxa,DEL-BOM,EaseMyTrip,AI,AI-2975,2026-10-03,T+30,5870,1289,7159,2026-09-03T02:32:06.524Z,FALSE,"",06:30,TRUE
fare_DEL-BOM_AI_2026-10-03_T+30_1788471332362_swlm,DEL-BOM,EaseMyTrip,AI,AI-2981,2026-10-03,T+30,5870,1289,7159,2026-09-03T02:32:06.524Z,FALSE,"",21:00,TRUE
fare_DEL-BOM_AI_2026-10-03_T+30_1788471332362_l5ew,DEL-BOM,EaseMyTrip,AI,AI-1745,2026-10-03,T+30,5870,1289,7159,2026-09-03T02:32:06.524Z,FALSE,"",05:00,TRUE
fare_DEL-BOM_AI_2026-10-03_T+30_1788471332362_t7ql,DEL-BOM,EaseMyTrip,AI,AI-2985,2026-10-03,T+30,5882,1291,7173,2026-09-03T02:32:06.524Z,FALSE,"",19:30,TRUE
fare_DEL-BOM_AI_2026-10-03_T+30_1788471332362_alls,DEL-BOM,EaseMyTrip,AI,AI-1777,2026-10-03,T+30,5882,1291,7173,2026-09-03T02:32:06.524Z,FALSE,"",16:00,TRUE
fare_DEL-BOM_AI_2026-10-03_T+30_1788471332362_25sy,DEL-BOM,EaseMyTrip,AI,AI-2943,2026-10-03,T+30,5882,1291,7173,2026-09-03T02:32:06.524Z,FALSE,"",07:30,TRUE
fare_DEL-BOM_IX_2026-10-03_T+30_1788471332362_1dt6,DEL-BOM,EaseMyTrip,IX,IX-1049,2026-10-03,T+30,6339,1391,7730,2026-09-03T02:32:06.524Z,FALSE,"",18:40,FALSE
fare_DEL-BOM_6E_2026-10-03_T+30_1788471332362_x5km,DEL-BOM,EaseMyTrip,6E,6E-5014,2026-10-03,T+30,5806,1274,7080,2026-09-03T02:32:06.524Z,FALSE,"",18:30,FALSE
fare_DEL-BOM_6E_2026-10-03_T+30_1788471332362_7gpn,DEL-BOM,EaseMyTrip,6E,6E-6171,2026-10-03,T+30,5806,1274,7080,2026-09-03T02:32:06.524Z,FALSE,"",05:40,FALSE
fare_DEL-BOM_6E_2026-10-03_T+30_1788471332362_xkqb,DEL-BOM,EaseMyTrip,6E,6E-377,2026-10-03,T+30,5806,1274,7080,2026-09-03T02:32:06.524Z,FALSE,"",19:30,FALSE
fare_DEL-BOM_6E_2026-10-03_T+30_1788471332362_dx1b,DEL-BOM,EaseMyTrip,6E,6E-662,2026-10-03,T+30,5806,1274,7080,2026-09-03T02:32:06.524Z,FALSE,"",19:30,FALSE
fare_DEL-BOM_AI_2026-10-03_T+30_1788471332362_djto,DEL-BOM,EaseMyTrip,AI,AI-2439,2026-10-03,T+30,5977,1312,7289,2026-09-03T02:32:06.524Z,FALSE,"",23:00,TRUE
fare_DEL-BOM_AI_2026-10-03_T+30_1788471332362_ofzh,DEL-BOM,EaseMyTrip,AI,AI-2433,2026-10-03,T+30,6016,1321,7337,2026-09-03T02:32:06.524Z,FALSE,"",21:30,TRUE
fare_DEL-BOM_AI_2026-10-03_T+30_1788471332362_ewdc,DEL-BOM,EaseMyTrip,AI,AI-2977,2026-10-03,T+30,6025,1322,7347,2026-09-03T02:32:06.524Z,FALSE,"",19:00,TRUE
fare_DEL-BOM_6E_2026-10-03_T+30_1788471332362_q4d8,DEL-BOM,EaseMyTrip,6E,6E-2571,2026-10-03,T+30,5863,1287,7150,2026-09-03T02:32:06.524Z,FALSE,"",12:30,FALSE
fare_DEL-BOM_6E_2026-10-03_T+30_1788471332362_ling,DEL-BOM,EaseMyTrip,6E,6E-6676,2026-10-03,T+30,5871,1289,7160,2026-09-03T02:32:06.524Z,FALSE,"",12:00,TRUE
fare_DEL-BOM_AI_2026-10-03_T+30_1788471332362_nlz8,DEL-BOM,EaseMyTrip,AI,AI-1785,2026-10-03,T+30,6043,1326,7369,2026-09-03T02:32:06.524Z,FALSE,"",12:00,TRUE
fare_DEL-BOM_AI_2026-10-03_T+30_1788471332362_sl6n,DEL-BOM,EaseMyTrip,AI,AI-2927,2026-10-03,T+30,6043,1326,7369,2026-09-03T02:32:06.524Z,FALSE,"",09:30,TRUE
fare_DEL-BOM_6E_2026-10-03_T+30_1788471332362_a3cl,DEL-BOM,EaseMyTrip,6E,6E-330,2026-10-03,T+30,5914,1298,7212,2026-09-03T02:32:06.524Z,FALSE,"",20:20,TRUE
fare_DEL-BOM_6E_2026-10-03_T+30_1788471332362_h5jv,DEL-BOM,EaseMyTrip,6E,6E-136,2026-10-03,T+30,5914,1298,7212,2026-09-03T02:32:06.524Z,FALSE,"",20:20,TRUE
fare_DEL-BOM_6E_2026-10-03_T+30_1788471332362_ftae,DEL-BOM,EaseMyTrip,6E,6E-6829,2026-10-03,T+30,5914,1298,7212,2026-09-03T02:32:06.524Z,FALSE,"",17:20,FALSE
fare_DEL-BOM_6E_2026-10-03_T+30_1788471332362_qd76,DEL-BOM,EaseMyTrip,6E,6E-6443,2026-10-03,T+30,5914,1298,7212,2026-09-03T02:32:06.524Z,FALSE,"",09:00,FALSE
fare_DEL-BOM_6E_2026-10-03_T+30_1788471332362_5a2d,DEL-BOM,EaseMyTrip,6E,6E-6433,2026-10-03,T+30,5914,1298,7212,2026-09-03T02:32:06.524Z,FALSE,"",16:30,FALSE
fare_DEL-BOM_6E_2026-10-03_T+30_1788471332362_c4pm,DEL-BOM,EaseMyTrip,6E,6E-6601,2026-10-03,T+30,6086,1336,7422,2026-09-03T02:32:06.524Z,FALSE,"",19:45,FALSE
fare_DEL-BOM_6E_2026-10-03_T+30_1788471332362_2z8l,DEL-BOM,EaseMyTrip,6E,6E-6026,2026-10-03,T+30,6086,1336,7422,2026-09-03T02:32:06.524Z,FALSE,"",05:30,FALSE
fare_DEL-BOM_6E_2026-10-03_T+30_1788471332362_gti8,DEL-BOM,EaseMyTrip,6E,6E-472,2026-10-03,T+30,6086,1336,7422,2026-09-03T02:32:06.524Z,FALSE,"",23:15,FALSE
fare_DEL-BOM_6E_2026-10-03_T+30_1788471332362_ku1m,DEL-BOM,EaseMyTrip,6E,6E-134,2026-10-03,T+30,6086,1336,7422,2026-09-03T02:32:06.524Z,FALSE,"",23:15,FALSE
fare_DEL-BOM_6E_2026-10-03_T+30_1788471332362_1mlm,DEL-BOM,EaseMyTrip,6E,6E-6107,2026-10-03,T+30,6130,1345,7475,2026-09-03T02:32:06.524Z,FALSE,"",09:30,TRUE
fare_DEL-BOM_6E_2026-10-03_T+30_1788471332362_fid7,DEL-BOM,EaseMyTrip,6E,6E-667,2026-10-03,T+30,6150,1350,7500,2026-09-03T02:32:06.524Z,FALSE,"",12:10,FALSE
fare_DEL-BOM_6E_2026-10-03_T+30_1788471332362_8m6a,DEL-BOM,EaseMyTrip,6E,6E-615,2026-10-03,T+30,6150,1350,7500,2026-09-03T02:32:06.524Z,FALSE,"",12:10,FALSE
fare_DEL-BOM_6E_2026-10-03_T+30_1788471332362_3ba9,DEL-BOM,EaseMyTrip,6E,6E-5073,2026-10-03,T+30,6273,1377,7650,2026-09-03T02:32:06.524Z,FALSE,"",17:05,FALSE
fare_DEL-BOM_AI_2026-10-03_T+30_1788471332362_eola,DEL-BOM,EaseMyTrip,AI,AI-2933,2026-10-03,T+30,6515,1430,7945,2026-09-03T02:32:06.524Z,FALSE,"",15:30,TRUE
fare_DEL-BOM_6E_2026-10-03_T+30_1788471332362_l2l5,DEL-BOM,EaseMyTrip,6E,6E-5198,2026-10-03,T+30,6848,1503,8351,2026-09-03T02:32:06.524Z,FALSE,"",15:00,TRUE
fare_DEL-BOM_6E_2026-10-03_T+30_1788471332362_jpwv,DEL-BOM,EaseMyTrip,6E,6E-5038,2026-10-03,T+30,6959,1527,8486,2026-09-03T02:32:06.524Z,FALSE,"",14:00,FALSE
fare_DEL-BOM_6E_2026-10-03_T+30_1788471332362_edco,DEL-BOM,EaseMyTrip,6E,6E-129,2026-10-03,T+30,7034,1544,8578,2026-09-03T02:32:06.524Z,FALSE,"",18:00,TRUE
fare_DEL-BOM_6E_2026-10-03_T+30_1788471332362_2wxr,DEL-BOM,EaseMyTrip,6E,6E-501,2026-10-03,T+30,7034,1544,8578,2026-09-03T02:32:06.524Z,FALSE,"",18:00,TRUE
fare_DEL-BOM_6E_2026-10-03_T+30_1788471332362_hry1,DEL-BOM,EaseMyTrip,6E,6E-605,2026-10-03,T+30,7067,1551,8618,2026-09-03T02:32:06.524Z,FALSE,"",02:25,FALSE
fare_DEL-BOM_6E_2026-10-03_T+30_1788471332362_yvry,DEL-BOM,EaseMyTrip,6E,6E-627,2026-10-03,T+30,7067,1551,8618,2026-09-03T02:32:06.524Z,FALSE,"",02:25,FALSE
fare_DEL-BOM_6E_2026-10-03_T+30_1788471332362_cbcm,DEL-BOM,EaseMyTrip,6E,6E-6814,2026-10-03,T+30,7464,1639,9103,2026-09-03T02:32:06.524Z,FALSE,"",07:15,TRUE
fare_DEL-BOM_IX_2026-10-03_T+30_1788471332362_hprw,DEL-BOM,EaseMyTrip,IX,IX-2749,2026-10-03,T+30,8189,1797,9986,2026-09-03T02:32:06.524Z,FALSE,"",10:25,FALSE
fare_DEL-BOM_AI_2026-10-03_T+30_1788471332362_t3ji,DEL-BOM,EaseMyTrip,AI,AI-2429,2026-10-03,T+30,8190,1798,9988,2026-09-03T02:32:06.524Z,FALSE,"",07:00,TRUE
fare_DEL-BOM_AI_2026-10-03_T+30_1788471332362_yafj,DEL-BOM,EaseMyTrip,AI,AI-2951,2026-10-03,T+30,8407,1845,10252,2026-09-03T02:32:06.524Z,FALSE,"",13:30,TRUE
fare_DEL-BOM_IX_2026-10-03_T+30_1788471332362_uxpx,DEL-BOM,EaseMyTrip,IX,IX-1783,2026-10-03,T+30,8963,1967,10930,2026-09-03T02:32:06.524Z,FALSE,"",07:20,FALSE
fare_DEL-BOM_IX_2026-10-03_T+30_1788471332362_wm3w,DEL-BOM,EaseMyTrip,IX,IX-1057,2026-10-03,T+30,8963,1967,10930,2026-09-03T02:32:06.524Z,FALSE,"",06:20,FALSE
fare_DEL-BOM_AI_2026-10-03_T+30_1788471332362_61s1,DEL-BOM,EaseMyTrip,AI,AI-2499,2026-10-03,T+30,8603,1888,10491,2026-09-03T02:32:06.524Z,FALSE,"",06:00,FALSE
fare_DEL-BOM_AI_2026-10-03_T+30_1788471332362_vbcm,DEL-BOM,EaseMyTrip,AI,AI-2569,2026-10-03,T+30,8603,1888,10491,2026-09-03T02:32:06.524Z,FALSE,"",20:30,FALSE
fare_DEL-BOM_AI_2026-10-03_T+30_1788471332362_jga5,DEL-BOM,EaseMyTrip,AI,AI-1710,2026-10-03,T+30,8603,1888,10491,2026-09-03T02:32:06.524Z,FALSE,"",18:35,FALSE
fare_DEL-BOM_AI_2026-10-03_T+30_1788471332362_4j6c,DEL-BOM,EaseMyTrip,AI,AI-2955,2026-10-03,T+30,8621,1893,10514,2026-09-03T02:32:06.524Z,FALSE,"",18:00,TRUE
fare_DEL-BOM_AI_2026-10-03_T+30_1788471332362_ciuu,DEL-BOM,EaseMyTrip,AI,AI-1717,2026-10-03,T+30,8735,1917,10652,2026-09-03T02:32:06.524Z,FALSE,"",14:20,FALSE
fare_DEL-BOM_IX_2026-10-03_T+30_1788471332362_ptv3,DEL-BOM,EaseMyTrip,IX,IX-1082,2026-10-03,T+30,9752,2141,11893,2026-09-03T02:32:06.524Z,FALSE,"",21:25,FALSE
fare_DEL-BOM_IX_2026-10-03_T+30_1788471332362_jd77,DEL-BOM,EaseMyTrip,IX,IX-1817,2026-10-03,T+30,9752,2141,11893,2026-09-03T02:32:06.524Z,FALSE,"",19:30,FALSE
fare_DEL-BOM_IX_2026-10-03_T+30_1788471332362_39fd,DEL-BOM,EaseMyTrip,IX,IX-1059,2026-10-03,T+30,9783,2147,11930,2026-09-03T02:32:06.524Z,FALSE,"",12:15,FALSE
fare_DEL-BOM_AI_2026-10-03_T+30_1788471332362_kogq,DEL-BOM,EaseMyTrip,AI,AI-2509,2026-10-03,T+30,9569,2101,11670,2026-09-03T02:32:06.524Z,FALSE,"",07:00,FALSE
fare_DEL-BOM_IX_2026-10-03_T+30_1788471332362_2fkn,DEL-BOM,EaseMyTrip,IX,IX-1070,2026-10-03,T+30,9929,2179,12108,2026-09-03T02:32:06.524Z,FALSE,"",21:15,FALSE
fare_DEL-BOM_IX_2026-10-03_T+30_1788471332362_i7uz,DEL-BOM,EaseMyTrip,IX,IX-1068,2026-10-03,T+30,10871,2386,13257,2026-09-03T02:32:06.524Z,FALSE,"",11:55,FALSE
fare_DEL-BOM_QP_2026-10-03_T+30_1788471332362_nv2n,DEL-BOM,EaseMyTrip,QP,QP-1822,2026-10-03,T+30,10127,2223,12350,2026-09-03T02:32:06.524Z,FALSE,"",16:40,FALSE
fare_DEL-BOM_QP_2026-10-03_T+30_1788471332362_4j7n,DEL-BOM,EaseMyTrip,QP,QP-1817,2026-10-03,T+30,10366,2275,12641,2026-09-03T02:32:06.524Z,FALSE,"",10:30,FALSE
fare_DEL-BOM_IX_2026-10-03_T+30_1788471332363_b2en,DEL-BOM,EaseMyTrip,IX,IX-1064,2026-10-03,T+30,11012,2417,13429,2026-09-03T02:32:06.524Z,FALSE,"",19:10,FALSE
fare_DEL-BOM_AI_2026-10-03_T+30_1788471332363_22ya,DEL-BOM,EaseMyTrip,AI,AI-9757,2026-10-03,T+30,10584,2323,12907,2026-09-03T02:32:06.524Z,FALSE,"",11:50,FALSE
fare_DEL-BOM_AI_2026-10-03_T+30_1788471332363_i3x7,DEL-BOM,EaseMyTrip,AI,AI-9759,2026-10-03,T+30,10584,2323,12907,2026-09-03T02:32:06.524Z,FALSE,"",06:00,FALSE
fare_DEL-BOM_AI_2026-10-03_T+30_1788471332363_we7l,DEL-BOM,EaseMyTrip,AI,AI-9418,2026-10-03,T+30,11036,2422,13458,2026-09-03T02:32:06.524Z,FALSE,"",13:10,FALSE
fare_DEL-BOM_AI_2026-10-03_T+30_1788471332363_est7,DEL-BOM,EaseMyTrip,AI,AI-2715,2026-10-03,T+30,11186,2455,13641,2026-09-03T02:32:06.524Z,FALSE,"",11:40,FALSE
fare_DEL-BOM_AI_2026-10-03_T+30_1788471332363_wte4,DEL-BOM,EaseMyTrip,AI,AI-2959,2026-10-03,T+30,11186,2455,13641,2026-09-03T02:32:06.524Z,FALSE,"",07:10,FALSE
fare_DEL-BOM_AI_2026-10-03_T+30_1788471332363_zxoq,DEL-BOM,EaseMyTrip,AI,AI-423,2026-10-03,T+30,11186,2455,13641,2026-09-03T02:32:06.524Z,FALSE,"",09:50,FALSE
fare_DEL-BOM_AI_2026-10-03_T+30_1788471332363_s3cc,DEL-BOM,EaseMyTrip,AI,AI-809,2026-10-03,T+30,11273,2475,13748,2026-09-03T02:32:06.524Z,FALSE,"",17:40,FALSE
fare_DEL-BOM_AI_2026-10-03_T+30_1788471332363_elmg,DEL-BOM,EaseMyTrip,AI,AI-2939,2026-10-03,T+30,11273,2475,13748,2026-09-03T02:32:06.524Z,FALSE,"",16:40,FALSE
fare_DEL-BOM_AI_2026-10-03_T+30_1788471332363_gtfb,DEL-BOM,EaseMyTrip,AI,AI-881,2026-10-03,T+30,11273,2475,13748,2026-09-03T02:32:06.524Z,FALSE,"",13:35,FALSE
fare_DEL-BOM_AI_2026-10-03_T+30_1788471332363_xmvr,DEL-BOM,EaseMyTrip,AI,AI-1705,2026-10-03,T+30,11766,2583,14349,2026-09-03T02:32:06.524Z,FALSE,"",06:30,FALSE
fare_DEL-BOM_AI_2026-10-03_T+30_1788471332363_u3or,DEL-BOM,EaseMyTrip,AI,AI-9920,2026-10-03,T+30,11784,2587,14371,2026-09-03T02:32:06.524Z,FALSE,"",10:50,FALSE
fare_DEL-BOM_AI_2026-10-03_T+30_1788471332363_y9fa,DEL-BOM,EaseMyTrip,AI,AI-2537,2026-10-03,T+30,12630,2772,15402,2026-09-03T02:32:06.524Z,FALSE,"",17:30,FALSE
fare_DEL-BOM_AI_2026-10-03_T+30_1788471332363_pn0x,DEL-BOM,EaseMyTrip,AI,AI-885,2026-10-03,T+30,12761,2801,15562,2026-09-03T02:32:06.524Z,FALSE,"",07:25,FALSE
fare_DEL-BOM_AI_2026-10-03_T+30_1788471332363_116n,DEL-BOM,EaseMyTrip,AI,AI-9584,2026-10-03,T+30,12908,2833,15741,2026-09-03T02:32:06.524Z,FALSE,"",11:15,FALSE
fare_DEL-BOM_AI_2026-10-03_T+30_1788471332363_q010,DEL-BOM,EaseMyTrip,AI,AI-1743,2026-10-03,T+30,13065,2868,15933,2026-09-03T02:32:06.524Z,FALSE,"",06:15,FALSE
fare_DEL-BOM_QP_2026-10-03_T+30_1788471332363_mvxa,DEL-BOM,EaseMyTrip,QP,QP-1803,2026-10-03,T+30,13478,2959,16437,2026-09-03T02:32:06.524Z,TRUE,"High outlier: ₹16437 > upper fence ₹16433 (Q3: ₹10491, IQR: ₹3961)",17:00,FALSE
fare_DEL-BOM_AI_2026-10-03_T+30_1788471332363_duf9,DEL-BOM,EaseMyTrip,AI,AI-2515,2026-10-03,T+30,14147,3105,17252,2026-09-03T02:32:06.524Z,TRUE,"High outlier: ₹17252 > upper fence ₹16433 (Q3: ₹10491, IQR: ₹3961)",12:10,FALSE
fare_DEL-BOM_AI_2026-10-03_T+30_1788471332363_ewmv,DEL-BOM,EaseMyTrip,AI,AI-1773,2026-10-03,T+30,14497,3182,17679,2026-09-03T02:32:06.524Z,TRUE,"High outlier: ₹17679 > upper fence ₹16433 (Q3: ₹10491, IQR: ₹3961)",10:30,FALSE
fare_DEL-BOM_AI_2026-10-03_T+30_1788471332363_pm3v,DEL-BOM,EaseMyTrip,AI,AI-1703,2026-10-03,T+30,14497,3182,17679,2026-09-03T02:32:06.524Z,TRUE,"High outlier: ₹17679 > upper fence ₹16433 (Q3: ₹10491, IQR: ₹3961)",05:10,FALSE
fare_DEL-BOM_AI_2026-10-03_T+30_1788471332363_il34,DEL-BOM,EaseMyTrip,AI,AI-2577,2026-10-03,T+30,14577,3200,17777,2026-09-03T02:32:06.524Z,TRUE,"High outlier: ₹17777 > upper fence ₹16433 (Q3: ₹10491, IQR: ₹3961)",02:00,FALSE
fare_DEL-BOM_AI_2026-10-03_T+30_1788471332363_z5mh,DEL-BOM,EaseMyTrip,AI,AI-2859,2026-10-03,T+30,14577,3200,17777,2026-09-03T02:32:06.524Z,TRUE,"High outlier: ₹17777 > upper fence ₹16433 (Q3: ₹10491, IQR: ₹3961)",10:30,FALSE
fare_DEL-BOM_AI_2026-10-03_T+30_1788471332363_c2od,DEL-BOM,EaseMyTrip,AI,AI-2465,2026-10-03,T+30,14880,3266,18146,2026-09-03T02:32:06.524Z,TRUE,"High outlier: ₹18146 > upper fence ₹16433 (Q3: ₹10491, IQR: ₹3961)",14:30,FALSE
fare_DEL-BOM_AI_2026-10-03_T+30_1788471332363_4z93,DEL-BOM,EaseMyTrip,AI,AI-2761,2026-10-03,T+30,15193,3335,18528,2026-09-03T02:32:06.524Z,TRUE,"High outlier: ₹18528 > upper fence ₹16433 (Q3: ₹10491, IQR: ₹3961)",16:25,FALSE
fare_DEL-BOM_AI_2026-10-03_T+30_1788471332363_6tiq,DEL-BOM,EaseMyTrip,AI,AI-2817,2026-10-03,T+30,16609,3646,20255,2026-09-03T02:32:06.524Z,TRUE,"High outlier: ₹20255 > upper fence ₹16433 (Q3: ₹10491, IQR: ₹3961)",16:30,FALSE
fare_DEL-BOM_AI_2026-10-03_T+30_1788471332363_bbly,DEL-BOM,EaseMyTrip,AI,AI-427,2026-10-03,T+30,16653,3656,20309,2026-09-03T02:32:06.524Z,TRUE,"High outlier: ₹20309 > upper fence ₹16433 (Q3: ₹10491, IQR: ₹3961)",08:30,FALSE
fare_DEL-BOM_AI_2026-10-03_T+30_1788471332363_uy1k,DEL-BOM,EaseMyTrip,AI,AI-2803,2026-10-03,T+30,16672,3660,20332,2026-09-03T02:32:06.524Z,TRUE,"High outlier: ₹20332 > upper fence ₹16433 (Q3: ₹10491, IQR: ₹3961)",06:30,FALSE
fare_DEL-BOM_AI_2026-10-03_T+30_1788471332363_s5fg,DEL-BOM,EaseMyTrip,AI,AI-1739,2026-10-03,T+30,17263,3790,21053,2026-09-03T02:32:06.524Z,TRUE,"High outlier: ₹21053 > upper fence ₹16433 (Q3: ₹10491, IQR: ₹3961)",11:30,FALSE
fare_DEL-BOM_AI_2026-10-03_T+30_1788471332363_kig0,DEL-BOM,EaseMyTrip,AI,AI-2819,2026-10-03,T+30,19921,4373,24294,2026-09-03T02:32:06.524Z,TRUE,"High outlier: ₹24294 > upper fence ₹16433 (Q3: ₹10491, IQR: ₹3961)",15:00,FALSE
fare_DEL-BOM_AI_2026-10-03_T+30_1788471332363_20mz,DEL-BOM,EaseMyTrip,AI,AI-2627,2026-10-03,T+30,20725,4549,25274,2026-09-03T02:32:06.524Z,TRUE,"High outlier: ₹25274 > upper fence ₹16433 (Q3: ₹10491, IQR: ₹3961)",10:45,FALSE
fare_DEL-BOM_AI_2026-10-03_T+30_1788471332363_nt8l,DEL-BOM,EaseMyTrip,AI,AI-1779,2026-10-03,T+30,21138,4640,25778,2026-09-03T02:32:06.524Z,TRUE,"High outlier: ₹25778 > upper fence ₹16433 (Q3: ₹10491, IQR: ₹3961)",13:45,FALSE
fare_DEL-BOM_AI_2026-10-03_T+30_1788471332363_wo93,DEL-BOM,EaseMyTrip,AI,AI-2907,2026-10-03,T+30,21529,4726,26255,2026-09-03T02:32:06.524Z,TRUE,"High outlier: ₹26255 > upper fence ₹16433 (Q3: ₹10491, IQR: ₹3961)",12:00,FALSE
fare_DEL-BOM_6E_2026-10-03_T+30_1788471332363_wvnq,DEL-BOM,EaseMyTrip,6E,6E-5298,2026-10-03,T+30,22329,4902,27231,2026-09-03T02:32:06.524Z,TRUE,"High outlier: ₹27231 > upper fence ₹16433 (Q3: ₹10491, IQR: ₹3961)",09:00,FALSE
fare_DEL-BOM_SG_2026-10-03_T+30_1788471332363_ns0g,DEL-BOM,EaseMyTrip,SG,SG-211,2026-10-03,T+30,5222,1146,6368,2026-09-03T21:14:05.014Z,FALSE,"",09:15,TRUE
fare_DEL-BOM_SG_2026-10-03_T+30_1788471332363_jyfc,DEL-BOM,EaseMyTrip,SG,SG-612,2026-10-03,T+30,5222,1146,6368,2026-09-03T21:14:05.014Z,FALSE,"",09:15,TRUE
fare_DEL-BOM_SG_2026-10-03_T+30_1788471332363_orba,DEL-BOM,EaseMyTrip,SG,SG-232,2026-10-03,T+30,5222,1146,6368,2026-09-03T21:14:05.014Z,FALSE,"",22:30,TRUE
fare_DEL-BOM_SG_2026-10-03_T+30_1788471332363_bftv,DEL-BOM,EaseMyTrip,SG,SG-932,2026-10-03,T+30,5222,1146,6368,2026-09-03T21:14:05.014Z,FALSE,"",22:30,TRUE
fare_DEL-BOM_6E_2026-10-03_T+30_1788471332363_mvvt,DEL-BOM,EaseMyTrip,6E,6E-205,2026-10-03,T+30,4998,1097,6095,2026-09-03T21:14:05.014Z,FALSE,"",14:50,FALSE
fare_DEL-BOM_6E_2026-10-03_T+30_1788471332363_3fdu,DEL-BOM,EaseMyTrip,6E,6E-793,2026-10-03,T+30,4998,1097,6095,2026-09-03T21:14:05.014Z,FALSE,"",14:50,FALSE
fare_DEL-BOM_6E_2026-10-03_T+30_1788471332363_z3wd,DEL-BOM,EaseMyTrip,6E,6E-814,2026-10-03,T+30,5166,1134,6300,2026-09-03T21:14:05.014Z,FALSE,"",16:10,FALSE
fare_DEL-BOM_6E_2026-10-03_T+30_1788471332363_welu,DEL-BOM,EaseMyTrip,6E,6E-173,2026-10-03,T+30,5166,1134,6300,2026-09-03T21:14:05.014Z,FALSE,"",16:10,FALSE
fare_DEL-BOM_6E_2026-10-03_T+30_1788471332363_smfq,DEL-BOM,EaseMyTrip,6E,6E-982,2026-10-03,T+30,5274,1158,6432,2026-09-03T21:14:05.014Z,FALSE,"",17:55,FALSE
fare_DEL-BOM_6E_2026-10-03_T+30_1788471332363_vqsh,DEL-BOM,EaseMyTrip,6E,6E-776,2026-10-03,T+30,5274,1158,6432,2026-09-03T21:14:05.014Z,FALSE,"",17:55,FALSE
fare_DEL-BOM_6E_2026-10-03_T+30_1788471332363_sboe,DEL-BOM,EaseMyTrip,6E,6E-225,2026-10-03,T+30,5274,1158,6432,2026-09-03T21:14:05.014Z,FALSE,"",02:25,FALSE
fare_DEL-BOM_6E_2026-10-03_T+30_1788471332363_ngr9,DEL-BOM,EaseMyTrip,6E,6E-260,2026-10-03,T+30,5274,1158,6432,2026-09-03T21:14:05.014Z,FALSE,"",02:25,FALSE
fare_DEL-BOM_6E_2026-10-03_T+30_1788471332363_dhl5,DEL-BOM,EaseMyTrip,6E,6E-317,2026-10-03,T+30,5274,1158,6432,2026-09-03T21:14:05.014Z,FALSE,"",08:30,FALSE
fare_DEL-BOM_6E_2026-10-03_T+30_1788471332363_s4hi,DEL-BOM,EaseMyTrip,6E,6E-221,2026-10-03,T+30,5355,1175,6530,2026-09-03T21:14:05.014Z,FALSE,"",03:00,TRUE
fare_DEL-BOM_6E_2026-10-03_T+30_1788471332363_lzmb,DEL-BOM,EaseMyTrip,6E,6E-859,2026-10-03,T+30,5355,1175,6530,2026-09-03T21:14:05.014Z,FALSE,"",20:00,TRUE
fare_DEL-BOM_6E_2026-10-03_T+30_1788471332363_squj,DEL-BOM,EaseMyTrip,6E,6E-907,2026-10-03,T+30,5355,1175,6530,2026-09-03T21:14:05.014Z,FALSE,"",20:00,TRUE
fare_DEL-BOM_6E_2026-10-03_T+30_1788471332363_22wd,DEL-BOM,EaseMyTrip,6E,6E-799,2026-10-03,T+30,5355,1175,6530,2026-09-03T21:14:05.014Z,FALSE,"",19:00,TRUE
fare_DEL-BOM_6E_2026-10-03_T+30_1788471332363_g0js,DEL-BOM,EaseMyTrip,6E,6E-403,2026-10-03,T+30,5355,1175,6530,2026-09-03T21:14:05.014Z,FALSE,"",08:00,TRUE
fare_DEL-BOM_6E_2026-10-03_T+30_1788471332363_6gwo,DEL-BOM,EaseMyTrip,6E,6E-819,2026-10-03,T+30,5355,1175,6530,2026-09-03T21:14:05.014Z,FALSE,"",08:00,TRUE
fare_DEL-BOM_6E_2026-10-03_T+30_1788471332363_d3c4,DEL-BOM,EaseMyTrip,6E,6E-345,2026-10-03,T+30,5355,1175,6530,2026-09-03T21:14:05.014Z,FALSE,"",13:00,TRUE
fare_DEL-BOM_6E_2026-10-03_T+30_1788471332363_5gnp,DEL-BOM,EaseMyTrip,6E,6E-702,2026-10-03,T+30,5355,1175,6530,2026-09-03T21:14:05.014Z,FALSE,"",13:00,TRUE
fare_DEL-BOM_6E_2026-10-03_T+30_1788471332363_u2v5,DEL-BOM,EaseMyTrip,6E,6E-344,2026-10-03,T+30,5355,1175,6530,2026-09-03T21:14:05.014Z,FALSE,"",08:45,TRUE
fare_DEL-BOM_6E_2026-10-03_T+30_1788471332363_c4cy,DEL-BOM,EaseMyTrip,6E,6E-756,2026-10-03,T+30,5355,1175,6530,2026-09-03T21:14:05.014Z,FALSE,"",08:45,TRUE
fare_DEL-BOM_6E_2026-10-03_T+30_1788471332363_mupr,DEL-BOM,EaseMyTrip,6E,6E-931,2026-10-03,T+30,5484,1204,6688,2026-09-03T21:14:05.014Z,FALSE,"",21:45,TRUE
fare_DEL-BOM_6E_2026-10-03_T+30_1788471332363_ge0c,DEL-BOM,EaseMyTrip,6E,6E-672,2026-10-03,T+30,5484,1204,6688,2026-09-03T21:14:05.014Z,FALSE,"",21:45,TRUE
fare_DEL-BOM_6E_2026-10-03_T+30_1788471332363_oph8,DEL-BOM,EaseMyTrip,6E,6E-373,2026-10-03,T+30,5484,1204,6688,2026-09-03T21:14:05.014Z,FALSE,"",16:15,TRUE
fare_DEL-BOM_6E_2026-10-03_T+30_1788471332363_1zxm,DEL-BOM,EaseMyTrip,6E,6E-871,2026-10-03,T+30,5484,1204,6688,2026-09-03T21:14:05.014Z,FALSE,"",16:15,TRUE
fare_DEL-BOM_6E_2026-10-03_T+30_1788471332363_2h0y,DEL-BOM,EaseMyTrip,6E,6E-642,2026-10-03,T+30,5484,1204,6688,2026-09-03T21:14:05.014Z,FALSE,"",15:30,TRUE
fare_DEL-BOM_6E_2026-10-03_T+30_1788471332363_1v87,DEL-BOM,EaseMyTrip,6E,6E-704,2026-10-03,T+30,5484,1204,6688,2026-09-03T21:14:05.014Z,FALSE,"",15:30,TRUE
fare_DEL-BOM_6E_2026-10-03_T+30_1788471332363_7sr4,DEL-BOM,EaseMyTrip,6E,6E-176,2026-10-03,T+30,5484,1204,6688,2026-09-03T21:14:05.014Z,FALSE,"",05:00,TRUE
fare_DEL-BOM_6E_2026-10-03_T+30_1788471332363_t5qv,DEL-BOM,EaseMyTrip,6E,6E-141,2026-10-03,T+30,5484,1204,6688,2026-09-03T21:14:05.014Z,FALSE,"",05:00,TRUE
fare_DEL-BOM_6E_2026-10-03_T+30_1788471332363_148f,DEL-BOM,EaseMyTrip,6E,6E-941,2026-10-03,T+30,5698,1251,6949,2026-09-03T21:14:05.014Z,FALSE,"",20:20,TRUE
fare_DEL-BOM_6E_2026-10-03_T+30_1788471332363_00c0,DEL-BOM,EaseMyTrip,6E,6E-958,2026-10-03,T+30,5770,1267,7037,2026-09-03T21:14:05.014Z,FALSE,"",10:00,FALSE
fare_DEL-BOM_6E_2026-10-03_T+30_1788471332363_4r3z,DEL-BOM,EaseMyTrip,6E,6E-686,2026-10-03,T+30,5770,1267,7037,2026-09-03T21:14:05.014Z,FALSE,"",10:00,FALSE
fare_DEL-BOM_6E_2026-10-03_T+30_1788471332363_5aeq,DEL-BOM,EaseMyTrip,6E,6E-271,2026-10-03,T+30,5806,1274,7080,2026-09-03T21:14:05.014Z,FALSE,"",19:30,FALSE
fare_DEL-BOM_6E_2026-10-03_T+30_1788471332363_dt1n,DEL-BOM,EaseMyTrip,6E,6E-321,2026-10-03,T+30,5806,1274,7080,2026-09-03T21:14:05.014Z,FALSE,"",19:30,FALSE
fare_DEL-BOM_6E_2026-10-03_T+30_1788471332363_kmbt,DEL-BOM,EaseMyTrip,6E,6E-471,2026-10-03,T+30,6617,1453,8070,2026-09-03T21:14:05.014Z,FALSE,"",12:10,FALSE
fare_DEL-BOM_6E_2026-10-03_T+30_1788471332363_7ufs,DEL-BOM,EaseMyTrip,6E,6E-123,2026-10-03,T+30,6617,1453,8070,2026-09-03T21:14:05.014Z,FALSE,"",12:10,FALSE
fare_DEL-BOM_6E_2026-10-03_T+30_1788471332363_44h9,DEL-BOM,EaseMyTrip,6E,6E-994,2026-10-03,T+30,7034,1544,8578,2026-09-03T21:14:05.014Z,FALSE,"",18:00,TRUE
fare_DEL-BOM_6E_2026-10-03_T+30_1788471332363_uv0z,DEL-BOM,EaseMyTrip,6E,6E-133,2026-10-03,T+30,7034,1544,8578,2026-09-03T21:14:05.014Z,FALSE,"",18:00,TRUE
fare_DEL-BOM_6E_2026-10-03_T+30_1788471332363_n2sj,DEL-BOM,EaseMyTrip,6E,6E-979,2026-10-03,T+30,10492,2303,12795,2026-09-03T21:14:05.014Z,FALSE,"",23:15,FALSE
fare_DEL-BOM_6E_2026-10-03_T+30_1788471332363_xrdi,DEL-BOM,EaseMyTrip,6E,6E-737,2026-10-03,T+30,10492,2303,12795,2026-09-03T21:14:05.014Z,FALSE,"",23:15,FALSE
fare_DEL-BOM_6E_2026-10-03_T+30_1788471332363_ws0p,DEL-BOM,EaseMyTrip,6E,6E-476,2026-10-03,T+30,10853,2382,13235,2026-09-03T21:14:05.014Z,FALSE,"",19:30,FALSE
fare_DEL-BOM_6E_2026-10-03_T+30_1788471332363_3gun,DEL-BOM,EaseMyTrip,6E,6E-652,2026-10-03,T+30,10853,2382,13235,2026-09-03T21:14:05.014Z,FALSE,"",19:30,FALSE
fare_DEL-BOM_AI_2026-10-03_T+30_1788471332363_6cq7,DEL-BOM,EaseMyTrip,AI,AI-817,2026-10-03,T+30,11463,2516,13979,2026-09-03T21:14:05.014Z,FALSE,"",05:55,FALSE
fare_DEL-BOM_IX_2026-10-03_T+30_1788471332363_73zx,DEL-BOM,EaseMyTrip,IX,IX-1815,2026-10-03,T+30,12242,2687,14929,2026-09-03T21:14:05.014Z,FALSE,"",19:05,FALSE
fare_DEL-BOM_IX_2026-10-03_T+30_1788471332363_k378,DEL-BOM,EaseMyTrip,IX,IX-1811,2026-10-03,T+30,14202,3118,17320,2026-09-03T21:14:05.014Z,TRUE,"High outlier: ₹17320 > upper fence ₹16433 (Q3: ₹10491, IQR: ₹3961)",06:50,FALSE
fare_DEL-BOM_IX_2026-10-03_T+30_1788471332363_0j6i,DEL-BOM,EaseMyTrip,IX,IX-1812,2026-10-03,T+30,15359,3371,18730,2026-09-03T21:14:05.014Z,TRUE,"High outlier: ₹18730 > upper fence ₹16433 (Q3: ₹10491, IQR: ₹3961)",11:15,FALSE
fare_DEL-BOM_AI_2026-10-03_T+30_1788471332363_0o1h,DEL-BOM,EaseMyTrip,AI,AI-2483,2026-10-03,T+30,18662,4097,22759,2026-09-03T21:14:05.014Z,TRUE,"High outlier: ₹22759 > upper fence ₹16433 (Q3: ₹10491, IQR: ₹3961)",12:20,FALSE
fare_DEL-BOM_IX_2026-10-03_T+30_1788471332363_22rd,DEL-BOM,EaseMyTrip,IX,IX-1081,2026-10-03,T+30,25498,5597,31095,2026-09-03T21:14:05.014Z,TRUE,"High outlier: ₹31095 > upper fence ₹16433 (Q3: ₹10491, IQR: ₹3961)",15:25,FALSE
fare_DEL-BOM_IX_2026-10-03_T+30_1788471332363_33ej,DEL-BOM,EaseMyTrip,IX,IX-1273,2026-10-03,T+30,25498,5597,31095,2026-09-03T21:14:05.014Z,TRUE,"High outlier: ₹31095 > upper fence ₹16433 (Q3: ₹10491, IQR: ₹3961)",12:05,FALSE
fare_DEL-BOM_IX_2026-10-03_T+30_1788471332363_9o2j,DEL-BOM,EaseMyTrip,IX,IX-1067,2026-10-03,T+30,25498,5597,31095,2026-09-03T21:14:05.014Z,TRUE,"High outlier: ₹31095 > upper fence ₹16433 (Q3: ₹10491, IQR: ₹3961)",06:10,FALSE
fare_DEL-BOM_IX_2026-10-03_T+30_1788471332363_m01c,DEL-BOM,EaseMyTrip,IX,IX-1076,2026-10-03,T+30,27729,6087,33816,2026-09-03T21:14:05.014Z,TRUE,"High outlier: ₹33816 > upper fence ₹16433 (Q3: ₹10491, IQR: ₹3961)",09:00,FALSE
fare_DEL-BOM_IX_2026-10-18_T+45_1788471332364_0m3r,DEL-BOM,EaseMyTrip,IX,IX-1165,2026-10-18,T+45,5568,1222,6790,2026-09-03T02:32:13.255Z,FALSE,"",06:00,FALSE
fare_DEL-BOM_IX_2026-10-18_T+45_1788471332364_q2cm,DEL-BOM,EaseMyTrip,IX,IX-1392,2026-10-18,T+45,5568,1222,6790,2026-09-03T02:32:13.255Z,FALSE,"",23:25,FALSE
fare_DEL-BOM_IX_2026-10-18_T+45_1788471332364_3tia,DEL-BOM,EaseMyTrip,IX,IX-1024,2026-10-18,T+45,5354,1175,6529,2026-09-03T02:32:13.255Z,FALSE,"",18:40,TRUE
fare_DEL-BOM_SG_2026-10-18_T+45_1788471332364_v3im,DEL-BOM,EaseMyTrip,SG,SG-763,2026-10-18,T+45,5353,1175,6528,2026-09-03T02:32:13.255Z,FALSE,"",20:10,TRUE
fare_DEL-BOM_SG_2026-10-18_T+45_1788471332364_t9ah,DEL-BOM,EaseMyTrip,SG,SG-443,2026-10-18,T+45,5353,1175,6528,2026-09-03T02:32:13.255Z,FALSE,"",20:10,TRUE
fare_DEL-BOM_SG_2026-10-18_T+45_1788471332364_4zwi,DEL-BOM,EaseMyTrip,SG,SG-305,2026-10-18,T+45,5353,1175,6528,2026-09-03T02:32:13.255Z,FALSE,"",22:30,TRUE
fare_DEL-BOM_SG_2026-10-18_T+45_1788471332364_o3o0,DEL-BOM,EaseMyTrip,SG,SG-673,2026-10-18,T+45,5353,1175,6528,2026-09-03T02:32:13.255Z,FALSE,"",22:30,TRUE
fare_DEL-BOM_IX_2026-10-18_T+45_1788471332364_zfpv,DEL-BOM,EaseMyTrip,IX,IX-1463,2026-10-18,T+45,5526,1213,6739,2026-09-03T02:32:13.255Z,FALSE,"",11:15,TRUE
fare_DEL-BOM_QP_2026-10-18_T+45_1788471332364_l0tm,DEL-BOM,EaseMyTrip,QP,QP-2012,2026-10-18,T+45,5330,1170,6500,2026-09-03T02:32:13.255Z,FALSE,"",08:55,TRUE
fare_DEL-BOM_QP_2026-10-18_T+45_1788471332364_y6st,DEL-BOM,EaseMyTrip,QP,QP-1833,2026-10-18,T+45,5355,1175,6530,2026-09-03T02:32:13.255Z,FALSE,"",06:50,TRUE
fare_DEL-BOM_IX_2026-10-18_T+45_1788471332364_6057,DEL-BOM,EaseMyTrip,IX,IX-1038,2026-10-18,T+45,5755,1263,7018,2026-09-03T02:32:13.255Z,FALSE,"",17:35,TRUE
fare_DEL-BOM_IX_2026-10-18_T+45_1788471332364_sfbh,DEL-BOM,EaseMyTrip,IX,IX-1056,2026-10-18,T+45,5863,1287,7150,2026-09-03T02:32:13.255Z,FALSE,"",17:50,TRUE
fare_DEL-BOM_6E_2026-10-18_T+45_1788471332364_c0xo,DEL-BOM,EaseMyTrip,6E,6E-453,2026-10-18,T+45,5756,1263,7019,2026-09-03T02:32:13.255Z,FALSE,"",03:00,TRUE
fare_DEL-BOM_6E_2026-10-18_T+45_1788471332364_tzvt,DEL-BOM,EaseMyTrip,6E,6E-807,2026-10-18,T+45,5756,1263,7019,2026-09-03T02:32:13.255Z,FALSE,"",03:00,TRUE
fare_DEL-BOM_6E_2026-10-18_T+45_1788471332364_5qk5,DEL-BOM,EaseMyTrip,6E,6E-415,2026-10-18,T+45,5756,1263,7019,2026-09-03T02:32:13.255Z,FALSE,"",05:00,TRUE
fare_DEL-BOM_6E_2026-10-18_T+45_1788471332364_kqx7,DEL-BOM,EaseMyTrip,6E,6E-496,2026-10-18,T+45,5756,1263,7019,2026-09-03T02:32:13.255Z,FALSE,"",05:00,TRUE
fare_DEL-BOM_6E_2026-10-18_T+45_1788471332364_0v9k,DEL-BOM,EaseMyTrip,6E,6E-6218,2026-10-18,T+45,5756,1263,7019,2026-09-03T02:32:13.255Z,FALSE,"",06:05,TRUE
fare_DEL-BOM_6E_2026-10-18_T+45_1788471332364_9j1l,DEL-BOM,EaseMyTrip,6E,6E-6814,2026-10-18,T+45,5756,1263,7019,2026-09-03T02:32:13.255Z,FALSE,"",07:15,TRUE
fare_DEL-BOM_6E_2026-10-18_T+45_1788471332364_sobu,DEL-BOM,EaseMyTrip,6E,6E-485,2026-10-18,T+45,5756,1263,7019,2026-09-03T02:32:13.255Z,FALSE,"",08:00,TRUE
fare_DEL-BOM_6E_2026-10-18_T+45_1788471332364_kni3,DEL-BOM,EaseMyTrip,6E,6E-612,2026-10-18,T+45,5756,1263,7019,2026-09-03T02:32:13.255Z,FALSE,"",08:00,TRUE
fare_DEL-BOM_6E_2026-10-18_T+45_1788471332364_kmm1,DEL-BOM,EaseMyTrip,6E,6E-6470,2026-10-18,T+45,5756,1263,7019,2026-09-03T02:32:13.255Z,FALSE,"",06:55,TRUE
fare_DEL-BOM_6E_2026-10-18_T+45_1788471332364_ee85,DEL-BOM,EaseMyTrip,6E,6E-6107,2026-10-18,T+45,5756,1263,7019,2026-09-03T02:32:13.255Z,FALSE,"",09:30,TRUE
fare_DEL-BOM_6E_2026-10-18_T+45_1788471332364_dhp3,DEL-BOM,EaseMyTrip,6E,6E-6328,2026-10-18,T+45,5756,1263,7019,2026-09-03T02:32:13.255Z,FALSE,"",10:15,TRUE
fare_DEL-BOM_6E_2026-10-18_T+45_1788471332364_7c12,DEL-BOM,EaseMyTrip,6E,6E-6047,2026-10-18,T+45,5756,1263,7019,2026-09-03T02:32:13.255Z,FALSE,"",11:00,TRUE
fare_DEL-BOM_6E_2026-10-18_T+45_1788471332364_sj8q,DEL-BOM,EaseMyTrip,6E,6E-6676,2026-10-18,T+45,5756,1263,7019,2026-09-03T02:32:13.255Z,FALSE,"",12:00,TRUE
fare_DEL-BOM_6E_2026-10-18_T+45_1788471332364_dzkq,DEL-BOM,EaseMyTrip,6E,6E-754,2026-10-18,T+45,5756,1263,7019,2026-09-03T02:32:13.255Z,FALSE,"",08:45,TRUE
fare_DEL-BOM_6E_2026-10-18_T+45_1788471332364_irax,DEL-BOM,EaseMyTrip,6E,6E-605,2026-10-18,T+45,5756,1263,7019,2026-09-03T02:32:13.255Z,FALSE,"",08:45,TRUE
fare_DEL-BOM_6E_2026-10-18_T+45_1788471332364_c5i9,DEL-BOM,EaseMyTrip,6E,6E-125,2026-10-18,T+45,5802,1273,7075,2026-09-03T02:32:13.255Z,FALSE,"",14:50,FALSE
fare_DEL-BOM_6E_2026-10-18_T+45_1788471332364_wpnu,DEL-BOM,EaseMyTrip,6E,6E-625,2026-10-18,T+45,5802,1273,7075,2026-09-03T02:32:13.255Z,FALSE,"",14:50,FALSE
fare_DEL-BOM_6E_2026-10-18_T+45_1788471332364_v5u4,DEL-BOM,EaseMyTrip,6E,6E-5119,2026-10-18,T+45,5802,1273,7075,2026-09-03T02:32:13.255Z,FALSE,"",05:10,FALSE
fare_DEL-BOM_6E_2026-10-18_T+45_1788471332364_yw1d,DEL-BOM,EaseMyTrip,6E,6E-6190,2026-10-18,T+45,5802,1273,7075,2026-09-03T02:32:13.255Z,FALSE,"",07:40,FALSE
fare_DEL-BOM_6E_2026-10-18_T+45_1788471332364_x6lf,DEL-BOM,EaseMyTrip,6E,6E-2341,2026-10-18,T+45,5802,1273,7075,2026-09-03T02:32:13.255Z,FALSE,"",14:50,FALSE
fare_DEL-BOM_6E_2026-10-18_T+45_1788471332364_5jdd,DEL-BOM,EaseMyTrip,6E,6E-2331,2026-10-18,T+45,5802,1273,7075,2026-09-03T02:32:13.255Z,FALSE,"",12:20,FALSE
fare_DEL-BOM_6E_2026-10-18_T+45_1788471332364_30xo,DEL-BOM,EaseMyTrip,6E,6E-6261,2026-10-18,T+45,5802,1273,7075,2026-09-03T02:32:13.255Z,FALSE,"",00:15,FALSE
fare_DEL-BOM_6E_2026-10-18_T+45_1788471332364_fm1w,DEL-BOM,EaseMyTrip,6E,6E-5014,2026-10-18,T+45,5838,1282,7120,2026-09-03T02:32:13.255Z,FALSE,"",18:30,FALSE
fare_DEL-BOM_6E_2026-10-18_T+45_1788471332364_a3sk,DEL-BOM,EaseMyTrip,6E,6E-5073,2026-10-18,T+45,5838,1282,7120,2026-09-03T02:32:13.255Z,FALSE,"",17:05,FALSE
fare_DEL-BOM_6E_2026-10-18_T+45_1788471332364_ubu3,DEL-BOM,EaseMyTrip,6E,6E-6171,2026-10-18,T+45,5838,1282,7120,2026-09-03T02:32:13.255Z,FALSE,"",05:40,FALSE
fare_DEL-BOM_6E_2026-10-18_T+45_1788471332364_ql2d,DEL-BOM,EaseMyTrip,6E,6E-2076,2026-10-18,T+45,5838,1282,7120,2026-09-03T02:32:13.255Z,FALSE,"",07:30,FALSE
fare_DEL-BOM_6E_2026-10-18_T+45_1788471332364_t9q5,DEL-BOM,EaseMyTrip,6E,6E-6983,2026-10-18,T+45,5838,1282,7120,2026-09-03T02:32:13.255Z,FALSE,"",15:35,FALSE
fare_DEL-BOM_6E_2026-10-18_T+45_1788471332364_p6xs,DEL-BOM,EaseMyTrip,6E,6E-360,2026-10-18,T+45,5838,1282,7120,2026-09-03T02:32:13.255Z,FALSE,"",19:30,FALSE
fare_DEL-BOM_6E_2026-10-18_T+45_1788471332364_ujgq,DEL-BOM,EaseMyTrip,6E,6E-735,2026-10-18,T+45,5838,1282,7120,2026-09-03T02:32:13.255Z,FALSE,"",19:30,FALSE
fare_DEL-BOM_6E_2026-10-18_T+45_1788471332364_bdtb,DEL-BOM,EaseMyTrip,6E,6E-2013,2026-10-18,T+45,5838,1282,7120,2026-09-03T02:32:13.255Z,FALSE,"",21:50,FALSE
fare_DEL-BOM_IX_2026-10-18_T+45_1788471332364_8jpt,DEL-BOM,EaseMyTrip,IX,IX-1235,2026-10-18,T+45,6130,1345,7475,2026-09-03T02:32:13.255Z,FALSE,"",23:25,TRUE
fare_DEL-BOM_QP_2026-10-18_T+45_1788471332364_m4ux,DEL-BOM,EaseMyTrip,QP,QP-1110,2026-10-18,T+45,5861,1286,7147,2026-09-03T02:32:13.255Z,FALSE,"",10:00,TRUE
fare_DEL-BOM_QP_2026-10-18_T+45_1788471332364_ite2,DEL-BOM,EaseMyTrip,QP,QP-1820,2026-10-18,T+45,5861,1286,7147,2026-09-03T02:32:13.255Z,FALSE,"",17:30,TRUE
fare_DEL-BOM_QP_2026-10-18_T+45_1788471332364_7i4p,DEL-BOM,EaseMyTrip,QP,QP-1119,2026-10-18,T+45,5861,1286,7147,2026-09-03T02:32:13.255Z,FALSE,"",08:40,TRUE
fare_DEL-BOM_6E_2026-10-18_T+45_1788471332364_9kym,DEL-BOM,EaseMyTrip,6E,6E-500,2026-10-18,T+45,5879,1290,7169,2026-09-03T02:32:13.255Z,FALSE,"",13:00,TRUE
fare_DEL-BOM_6E_2026-10-18_T+45_1788471332364_gvor,DEL-BOM,EaseMyTrip,6E,6E-864,2026-10-18,T+45,5879,1290,7169,2026-09-03T02:32:13.255Z,FALSE,"",13:00,TRUE
fare_DEL-BOM_6E_2026-10-18_T+45_1788471332364_5he1,DEL-BOM,EaseMyTrip,6E,6E-6490,2026-10-18,T+45,5910,1297,7207,2026-09-03T02:32:13.255Z,FALSE,"",04:55,FALSE
fare_DEL-BOM_6E_2026-10-18_T+45_1788471332364_nm40,DEL-BOM,EaseMyTrip,6E,6E-2249,2026-10-18,T+45,5910,1297,7207,2026-09-03T02:32:13.255Z,FALSE,"",15:00,FALSE
fare_DEL-BOM_6E_2026-10-18_T+45_1788471332364_h2em,DEL-BOM,EaseMyTrip,6E,6E-386,2026-10-18,T+45,5928,1301,7229,2026-09-03T02:32:13.255Z,FALSE,"",20:20,TRUE
fare_DEL-BOM_6E_2026-10-18_T+45_1788471332364_993w,DEL-BOM,EaseMyTrip,6E,6E-146,2026-10-18,T+45,5928,1301,7229,2026-09-03T02:32:13.255Z,FALSE,"",20:20,TRUE
fare_DEL-BOM_6E_2026-10-18_T+45_1788471332364_zkwd,DEL-BOM,EaseMyTrip,6E,6E-5198,2026-10-18,T+45,5933,1302,7235,2026-09-03T02:32:13.255Z,FALSE,"",15:00,TRUE
fare_DEL-BOM_6E_2026-10-18_T+45_1788471332364_ttkj,DEL-BOM,EaseMyTrip,6E,6E-2169,2026-10-18,T+45,5947,1305,7252,2026-09-03T02:32:13.255Z,FALSE,"",19:40,FALSE
fare_DEL-BOM_6E_2026-10-18_T+45_1788471332364_7a2j,DEL-BOM,EaseMyTrip,6E,6E-6829,2026-10-18,T+45,5947,1305,7252,2026-09-03T02:32:13.255Z,FALSE,"",17:20,FALSE
fare_DEL-BOM_6E_2026-10-18_T+45_1788471332364_d43b,DEL-BOM,EaseMyTrip,6E,6E-6443,2026-10-18,T+45,5947,1305,7252,2026-09-03T02:32:13.255Z,FALSE,"",09:00,FALSE
fare_DEL-BOM_6E_2026-10-18_T+45_1788471332364_fznj,DEL-BOM,EaseMyTrip,6E,6E-6433,2026-10-18,T+45,5947,1305,7252,2026-09-03T02:32:13.255Z,FALSE,"",16:30,FALSE
fare_DEL-BOM_6E_2026-10-18_T+45_1788471332364_juop,DEL-BOM,EaseMyTrip,6E,6E-5138,2026-10-18,T+45,5947,1305,7252,2026-09-03T02:32:13.255Z,FALSE,"",19:10,FALSE
fare_DEL-BOM_6E_2026-10-18_T+45_1788471332364_eeyr,DEL-BOM,EaseMyTrip,6E,6E-6459,2026-10-18,T+45,5947,1305,7252,2026-09-03T02:32:13.255Z,FALSE,"",05:55,FALSE
fare_DEL-BOM_AI_2026-10-18_T+45_1788471332364_viur,DEL-BOM,EaseMyTrip,AI,AI-2975,2026-10-18,T+45,6141,1348,7489,2026-09-03T02:32:13.255Z,FALSE,"",06:30,TRUE
fare_DEL-BOM_AI_2026-10-18_T+45_1788471332364_0js0,DEL-BOM,EaseMyTrip,AI,AI-1745,2026-10-18,T+45,6141,1348,7489,2026-09-03T02:32:13.255Z,FALSE,"",05:00,TRUE
fare_DEL-BOM_AI_2026-10-18_T+45_1788471332364_5q62,DEL-BOM,EaseMyTrip,AI,AI-2429,2026-10-18,T+45,6141,1348,7489,2026-09-03T02:32:13.255Z,FALSE,"",07:00,TRUE
fare_DEL-BOM_AI_2026-10-18_T+45_1788471332364_oyne,DEL-BOM,EaseMyTrip,AI,AI-1780,2026-10-18,T+45,6141,1348,7489,2026-09-03T02:32:13.255Z,FALSE,"",14:30,TRUE
fare_DEL-BOM_6E_2026-10-18_T+45_1788471332364_ma3r,DEL-BOM,EaseMyTrip,6E,6E-6479,2026-10-18,T+45,6011,1319,7330,2026-09-03T02:32:13.255Z,FALSE,"",21:25,FALSE
fare_DEL-BOM_6E_2026-10-18_T+45_1788471332364_0z90,DEL-BOM,EaseMyTrip,6E,6E-389,2026-10-18,T+45,6011,1319,7330,2026-09-03T02:32:13.255Z,FALSE,"",16:10,FALSE
fare_DEL-BOM_6E_2026-10-18_T+45_1788471332364_4981,DEL-BOM,EaseMyTrip,6E,6E-844,2026-10-18,T+45,6011,1319,7330,2026-09-03T02:32:13.255Z,FALSE,"",16:10,FALSE
fare_DEL-BOM_6E_2026-10-18_T+45_1788471332364_nt1e,DEL-BOM,EaseMyTrip,6E,6E-2113,2026-10-18,T+45,6011,1319,7330,2026-09-03T02:32:13.255Z,FALSE,"",13:20,FALSE
fare_DEL-BOM_QP_2026-10-18_T+45_1788471332364_6ew4,DEL-BOM,EaseMyTrip,QP,QP-1128,2026-10-18,T+45,6077,1334,7411,2026-09-03T02:32:13.255Z,FALSE,"",16:00,TRUE
fare_DEL-BOM_6E_2026-10-18_T+45_1788471332364_v4rv,DEL-BOM,EaseMyTrip,6E,6E-6212,2026-10-18,T+45,6119,1343,7462,2026-09-03T02:32:13.255Z,FALSE,"",14:45,FALSE
fare_DEL-BOM_6E_2026-10-18_T+45_1788471332364_q76z,DEL-BOM,EaseMyTrip,6E,6E-635,2026-10-18,T+45,6119,1343,7462,2026-09-03T02:32:13.255Z,FALSE,"",08:30,FALSE
fare_DEL-BOM_6E_2026-10-18_T+45_1788471332364_r9uq,DEL-BOM,EaseMyTrip,6E,6E-462,2026-10-18,T+45,6119,1343,7462,2026-09-03T02:32:13.255Z,FALSE,"",08:30,FALSE
fare_DEL-BOM_6E_2026-10-18_T+45_1788471332364_n5j3,DEL-BOM,EaseMyTrip,6E,6E-328,2026-10-18,T+45,6125,1344,7469,2026-09-03T02:32:13.255Z,FALSE,"",23:30,TRUE
fare_DEL-BOM_6E_2026-10-18_T+45_1788471332364_zalv,DEL-BOM,EaseMyTrip,6E,6E-861,2026-10-18,T+45,6125,1344,7469,2026-09-03T02:32:13.255Z,FALSE,"",23:30,TRUE
fare_DEL-BOM_6E_2026-10-18_T+45_1788471332364_0czv,DEL-BOM,EaseMyTrip,6E,6E-6114,2026-10-18,T+45,6125,1344,7469,2026-09-03T02:32:13.255Z,FALSE,"",22:45,TRUE
fare_DEL-BOM_6E_2026-10-18_T+45_1788471332364_f4wq,DEL-BOM,EaseMyTrip,6E,6E-973,2026-10-18,T+45,6125,1344,7469,2026-09-03T02:32:13.255Z,FALSE,"",21:45,TRUE
fare_DEL-BOM_6E_2026-10-18_T+45_1788471332364_kzb8,DEL-BOM,EaseMyTrip,6E,6E-475,2026-10-18,T+45,6125,1344,7469,2026-09-03T02:32:13.255Z,FALSE,"",21:45,TRUE
fare_DEL-BOM_6E_2026-10-18_T+45_1788471332364_ko9h,DEL-BOM,EaseMyTrip,6E,6E-503,2026-10-18,T+45,6125,1344,7469,2026-09-03T02:32:13.255Z,FALSE,"",20:45,TRUE
fare_DEL-BOM_6E_2026-10-18_T+45_1788471332364_svis,DEL-BOM,EaseMyTrip,6E,6E-532,2026-10-18,T+45,6125,1344,7469,2026-09-03T02:32:13.255Z,FALSE,"",20:45,TRUE
fare_DEL-BOM_6E_2026-10-18_T+45_1788471332364_q1de,DEL-BOM,EaseMyTrip,6E,6E-136,2026-10-18,T+45,6125,1344,7469,2026-09-03T02:32:13.255Z,FALSE,"",20:00,TRUE
fare_DEL-BOM_6E_2026-10-18_T+45_1788471332364_g4dx,DEL-BOM,EaseMyTrip,6E,6E-847,2026-10-18,T+45,6125,1344,7469,2026-09-03T02:32:13.255Z,FALSE,"",20:00,TRUE
fare_DEL-BOM_6E_2026-10-18_T+45_1788471332364_km8u,DEL-BOM,EaseMyTrip,6E,6E-677,2026-10-18,T+45,6125,1344,7469,2026-09-03T02:32:13.255Z,FALSE,"",19:00,TRUE
fare_DEL-BOM_6E_2026-10-18_T+45_1788471332364_xd1h,DEL-BOM,EaseMyTrip,6E,6E-829,2026-10-18,T+45,6125,1344,7469,2026-09-03T02:32:13.255Z,FALSE,"",19:00,TRUE
fare_DEL-BOM_6E_2026-10-18_T+45_1788471332364_ph24,DEL-BOM,EaseMyTrip,6E,6E-450,2026-10-18,T+45,6125,1344,7469,2026-09-03T02:32:13.255Z,FALSE,"",18:00,TRUE
fare_DEL-BOM_6E_2026-10-18_T+45_1788471332364_edi7,DEL-BOM,EaseMyTrip,6E,6E-269,2026-10-18,T+45,6125,1344,7469,2026-09-03T02:32:13.255Z,FALSE,"",18:00,TRUE
fare_DEL-BOM_6E_2026-10-18_T+45_1788471332364_3kgg,DEL-BOM,EaseMyTrip,6E,6E-6706,2026-10-18,T+45,6125,1344,7469,2026-09-03T02:32:13.255Z,FALSE,"",17:00,TRUE
fare_DEL-BOM_6E_2026-10-18_T+45_1788471332364_12c5,DEL-BOM,EaseMyTrip,6E,6E-505,2026-10-18,T+45,6125,1344,7469,2026-09-03T02:32:13.255Z,FALSE,"",16:15,TRUE
fare_DEL-BOM_6E_2026-10-18_T+45_1788471332364_97sm,DEL-BOM,EaseMyTrip,6E,6E-884,2026-10-18,T+45,6125,1344,7469,2026-09-03T02:32:13.255Z,FALSE,"",16:15,TRUE
fare_DEL-BOM_6E_2026-10-18_T+45_1788471332364_8t2x,DEL-BOM,EaseMyTrip,6E,6E-112,2026-10-18,T+45,6125,1344,7469,2026-09-03T02:32:13.255Z,FALSE,"",15:30,TRUE
fare_DEL-BOM_6E_2026-10-18_T+45_1788471332364_owj7,DEL-BOM,EaseMyTrip,6E,6E-967,2026-10-18,T+45,6125,1344,7469,2026-09-03T02:32:13.255Z,FALSE,"",15:30,TRUE
fare_DEL-BOM_6E_2026-10-18_T+45_1788471332364_xsna,DEL-BOM,EaseMyTrip,6E,6E-6318,2026-10-18,T+45,6125,1344,7469,2026-09-03T02:32:13.255Z,FALSE,"",14:45,TRUE
fare_DEL-BOM_6E_2026-10-18_T+45_1788471332364_nngs,DEL-BOM,EaseMyTrip,6E,6E-6022,2026-10-18,T+45,6125,1344,7469,2026-09-03T02:32:13.255Z,FALSE,"",14:00,TRUE
fare_DEL-BOM_AI_2026-10-18_T+45_1788471332364_t4ab,DEL-BOM,EaseMyTrip,AI,AI-2943,2026-10-18,T+45,6295,1382,7677,2026-09-03T02:32:13.255Z,FALSE,"",07:30,TRUE
fare_DEL-BOM_6E_2026-10-18_T+45_1788471332364_2bl9,DEL-BOM,EaseMyTrip,6E,6E-7646,2026-10-18,T+45,6151,1350,7501,2026-09-03T02:32:13.255Z,FALSE,"",06:15,FALSE
fare_DEL-BOM_6E_2026-10-18_T+45_1788471332364_ypzm,DEL-BOM,EaseMyTrip,6E,6E-5096,2026-10-18,T+45,6152,1350,7502,2026-09-03T02:32:13.255Z,FALSE,"",12:30,TRUE
fare_DEL-BOM_QP_2026-10-18_T+45_1788471332364_a58f,DEL-BOM,EaseMyTrip,QP,QP-1826,2026-10-18,T+45,6188,1358,7546,2026-09-03T02:32:13.255Z,FALSE,"",19:55,TRUE
fare_DEL-BOM_6E_2026-10-18_T+45_1788471332364_nkrf,DEL-BOM,EaseMyTrip,6E,6E-7642,2026-10-18,T+45,6227,1367,7594,2026-09-03T02:32:13.255Z,FALSE,"",15:45,FALSE
fare_DEL-BOM_6E_2026-10-18_T+45_1788471332364_ia98,DEL-BOM,EaseMyTrip,6E,6E-7653,2026-10-18,T+45,6259,1374,7633,2026-09-03T02:32:13.255Z,FALSE,"",17:20,FALSE
fare_DEL-BOM_AI_2026-10-18_T+45_1788471332364_drfj,DEL-BOM,EaseMyTrip,AI,AI-2678,2026-10-18,T+45,6511,1429,7940,2026-09-03T02:32:13.255Z,FALSE,"",08:30,TRUE
fare_DEL-BOM_AI_2026-10-18_T+45_1788471332364_h6l5,DEL-BOM,EaseMyTrip,AI,AI-2963,2026-10-18,T+45,6511,1429,7940,2026-09-03T02:32:13.255Z,FALSE,"",09:00,TRUE
fare_DEL-BOM_AI_2026-10-18_T+45_1788471332364_jncy,DEL-BOM,EaseMyTrip,AI,AI-2425,2026-10-18,T+45,6511,1429,7940,2026-09-03T02:32:13.255Z,FALSE,"",10:30,TRUE
fare_DEL-BOM_AI_2026-10-18_T+45_1788471332364_feu4,DEL-BOM,EaseMyTrip,AI,AI-2995,2026-10-18,T+45,6511,1429,7940,2026-09-03T02:32:13.255Z,FALSE,"",10:00,TRUE
fare_DEL-BOM_AI_2026-10-18_T+45_1788471332364_gwes,DEL-BOM,EaseMyTrip,AI,AI-2945,2026-10-18,T+45,6511,1429,7940,2026-09-03T02:32:13.255Z,FALSE,"",11:00,TRUE
fare_DEL-BOM_AI_2026-10-18_T+45_1788471332364_tqg0,DEL-BOM,EaseMyTrip,AI,AI-2927,2026-10-18,T+45,6511,1429,7940,2026-09-03T02:32:13.255Z,FALSE,"",09:30,TRUE
fare_DEL-BOM_AI_2026-10-18_T+45_1788471332364_99p0,DEL-BOM,EaseMyTrip,AI,AI-2441,2026-10-18,T+45,6566,1441,8007,2026-09-03T02:32:13.255Z,FALSE,"",14:10,TRUE
fare_DEL-BOM_6E_2026-10-18_T+45_1788471332364_0zuo,DEL-BOM,EaseMyTrip,6E,6E-5038,2026-10-18,T+45,6482,1423,7905,2026-09-03T02:32:13.255Z,FALSE,"",14:00,FALSE
fare_DEL-BOM_6E_2026-10-18_T+45_1788471332364_bppo,DEL-BOM,EaseMyTrip,6E,6E-6026,2026-10-18,T+45,6590,1446,8036,2026-09-03T02:32:13.255Z,FALSE,"",05:30,FALSE
fare_DEL-BOM_6E_2026-10-18_T+45_1788471332364_nat9,DEL-BOM,EaseMyTrip,6E,6E-513,2026-10-18,T+45,6590,1446,8036,2026-09-03T02:32:13.255Z,FALSE,"",02:25,FALSE
fare_DEL-BOM_6E_2026-10-18_T+45_1788471332364_nzq1,DEL-BOM,EaseMyTrip,6E,6E-194,2026-10-18,T+45,6590,1446,8036,2026-09-03T02:32:13.255Z,FALSE,"",02:25,FALSE
fare_DEL-BOM_6E_2026-10-18_T+45_1788471332364_8fpv,DEL-BOM,EaseMyTrip,6E,6E-6282,2026-10-18,T+45,6590,1446,8036,2026-09-03T02:32:13.255Z,FALSE,"",13:30,FALSE
fare_DEL-BOM_6E_2026-10-18_T+45_1788471332364_sihz,DEL-BOM,EaseMyTrip,6E,6E-6293,2026-10-18,T+45,6590,1446,8036,2026-09-03T02:32:13.255Z,FALSE,"",09:55,FALSE
fare_DEL-BOM_AI_2026-10-18_T+45_1788471332364_9unt,DEL-BOM,EaseMyTrip,AI,AI-2957,2026-10-18,T+45,6786,1490,8276,2026-09-03T02:32:13.255Z,FALSE,"",20:30,TRUE
fare_DEL-BOM_AI_2026-10-18_T+45_1788471332364_2i35,DEL-BOM,EaseMyTrip,AI,AI-441,2026-10-18,T+45,6786,1490,8276,2026-09-03T02:32:13.255Z,FALSE,"",17:00,TRUE
fare_DEL-BOM_AI_2026-10-18_T+45_1788471332364_xs5c,DEL-BOM,EaseMyTrip,AI,AI-2805,2026-10-18,T+45,6786,1490,8276,2026-09-03T02:32:13.255Z,FALSE,"",20:00,TRUE
fare_DEL-BOM_AI_2026-10-18_T+45_1788471332364_oszk,DEL-BOM,EaseMyTrip,AI,AI-1785,2026-10-18,T+45,6806,1494,8300,2026-09-03T02:32:13.255Z,FALSE,"",12:00,TRUE
fare_DEL-BOM_AI_2026-10-18_T+45_1788471332364_jmi9,DEL-BOM,EaseMyTrip,AI,AI-2439,2026-10-18,T+45,6806,1494,8300,2026-09-03T02:32:13.255Z,FALSE,"",23:00,TRUE
fare_DEL-BOM_6E_2026-10-18_T+45_1788471332364_bo7n,DEL-BOM,EaseMyTrip,6E,6E-277,2026-10-18,T+45,6654,1461,8115,2026-09-03T02:32:13.255Z,FALSE,"",19:30,FALSE
fare_DEL-BOM_6E_2026-10-18_T+45_1788471332364_j7oc,DEL-BOM,EaseMyTrip,6E,6E-695,2026-10-18,T+45,6654,1461,8115,2026-09-03T02:32:13.255Z,FALSE,"",19:30,FALSE
fare_DEL-BOM_6E_2026-10-18_T+45_1788471332364_gwob,DEL-BOM,EaseMyTrip,6E,6E-198,2026-10-18,T+45,6654,1461,8115,2026-09-03T02:32:13.255Z,FALSE,"",12:10,FALSE
fare_DEL-BOM_6E_2026-10-18_T+45_1788471332364_gilk,DEL-BOM,EaseMyTrip,6E,6E-791,2026-10-18,T+45,6654,1461,8115,2026-09-03T02:32:13.255Z,FALSE,"",12:10,FALSE
fare_DEL-BOM_AI_2026-10-18_T+45_1788471332364_vxhd,DEL-BOM,EaseMyTrip,AI,AI-2433,2026-10-18,T+45,6841,1502,8343,2026-09-03T02:32:13.255Z,FALSE,"",21:30,TRUE
fare_DEL-BOM_AI_2026-10-18_T+45_1788471332364_rxs7,DEL-BOM,EaseMyTrip,AI,AI-2981,2026-10-18,T+45,6841,1502,8343,2026-09-03T02:32:13.255Z,FALSE,"",21:00,TRUE
fare_DEL-BOM_AI_2026-10-18_T+45_1788471332364_9khp,DEL-BOM,EaseMyTrip,AI,AI-1777,2026-10-18,T+45,6841,1502,8343,2026-09-03T02:32:13.255Z,FALSE,"",16:00,TRUE
fare_DEL-BOM_AI_2026-10-18_T+45_1788471332364_lin8,DEL-BOM,EaseMyTrip,AI,AI-2955,2026-10-18,T+45,6951,1526,8477,2026-09-03T02:32:13.255Z,FALSE,"",18:00,TRUE
fare_DEL-BOM_AI_2026-10-18_T+45_1788471332364_0pu1,DEL-BOM,EaseMyTrip,AI,AI-2985,2026-10-18,T+45,6980,1532,8512,2026-09-03T02:32:13.255Z,FALSE,"",19:30,TRUE
fare_DEL-BOM_AI_2026-10-18_T+45_1788471332364_ufoj,DEL-BOM,EaseMyTrip,AI,AI-2951,2026-10-18,T+45,7067,1551,8618,2026-09-03T02:32:13.255Z,FALSE,"",13:30,TRUE
fare_DEL-BOM_6E_2026-10-18_T+45_1788471332364_2z0c,DEL-BOM,EaseMyTrip,6E,6E-5298,2026-10-18,T+45,7568,1661,9229,2026-09-03T02:32:13.255Z,FALSE,"",09:00,FALSE
fare_DEL-BOM_6E_2026-10-18_T+45_1788471332364_tebx,DEL-BOM,EaseMyTrip,6E,6E-2349,2026-10-18,T+45,7687,1687,9374,2026-09-03T02:32:13.255Z,FALSE,"",10:55,FALSE
fare_DEL-BOM_AI_2026-10-18_T+45_1788471332364_y7hi,DEL-BOM,EaseMyTrip,AI,AI-2933,2026-10-18,T+45,8205,1801,10006,2026-09-03T02:32:13.255Z,FALSE,"",15:30,TRUE
fare_DEL-BOM_6E_2026-10-18_T+45_1788471332364_q68q,DEL-BOM,EaseMyTrip,6E,6E-275,2026-10-18,T+45,8299,1822,10121,2026-09-03T02:32:13.255Z,FALSE,"",17:55,FALSE
fare_DEL-BOM_6E_2026-10-18_T+45_1788471332364_svwp,DEL-BOM,EaseMyTrip,6E,6E-591,2026-10-18,T+45,8299,1822,10121,2026-09-03T02:32:13.255Z,FALSE,"",17:55,FALSE
fare_DEL-BOM_6E_2026-10-18_T+45_1788471332364_sw7v,DEL-BOM,EaseMyTrip,6E,6E-6601,2026-10-18,T+45,8299,1822,10121,2026-09-03T02:32:13.255Z,FALSE,"",19:45,FALSE
fare_DEL-BOM_IX_2026-10-18_T+45_1788471332364_kop8,DEL-BOM,EaseMyTrip,IX,IX-1057,2026-10-18,T+45,8963,1967,10930,2026-09-03T02:32:13.255Z,FALSE,"",06:20,FALSE
fare_DEL-BOM_AI_2026-10-18_T+45_1788471332364_ugk7,DEL-BOM,EaseMyTrip,AI,AI-2499,2026-10-18,T+45,8603,1888,10491,2026-09-03T02:32:13.255Z,FALSE,"",06:00,FALSE
fare_DEL-BOM_AI_2026-10-18_T+45_1788471332364_ym2h,DEL-BOM,EaseMyTrip,AI,AI-2569,2026-10-18,T+45,8603,1888,10491,2026-09-03T02:32:13.255Z,FALSE,"",20:30,FALSE
fare_DEL-BOM_AI_2026-10-18_T+45_1788471332364_cbu3,DEL-BOM,EaseMyTrip,AI,AI-1710,2026-10-18,T+45,8603,1888,10491,2026-09-03T02:32:13.255Z,FALSE,"",18:35,FALSE
fare_DEL-BOM_AI_2026-10-18_T+45_1788471332364_dqb6,DEL-BOM,EaseMyTrip,AI,AI-1717,2026-10-18,T+45,8907,1955,10862,2026-09-03T02:32:13.255Z,FALSE,"",14:20,FALSE
fare_DEL-BOM_IX_2026-10-18_T+45_1788471332364_zk3f,DEL-BOM,EaseMyTrip,IX,IX-1049,2026-10-18,T+45,10578,2322,12900,2026-09-03T02:32:13.255Z,FALSE,"",18:40,FALSE
fare_DEL-BOM_IX_2026-10-18_T+45_1788471332364_p5z8,DEL-BOM,EaseMyTrip,IX,IX-1059,2026-10-18,T+45,9783,2147,11930,2026-09-03T02:32:13.255Z,FALSE,"",12:15,FALSE
fare_DEL-BOM_IX_2026-10-18_T+45_1788471332364_1x6n,DEL-BOM,EaseMyTrip,IX,IX-1064,2026-10-18,T+45,9783,2147,11930,2026-09-03T02:32:13.255Z,FALSE,"",19:10,FALSE
fare_DEL-BOM_IX_2026-10-18_T+45_1788471332364_ghej,DEL-BOM,EaseMyTrip,IX,IX-1783,2026-10-18,T+45,9783,2147,11930,2026-09-03T02:32:13.255Z,FALSE,"",07:20,FALSE
fare_DEL-BOM_IX_2026-10-18_T+45_1788471332364_mw7p,DEL-BOM,EaseMyTrip,IX,IX-2749,2026-10-18,T+45,10321,2265,12586,2026-09-03T02:32:13.255Z,FALSE,"",10:25,FALSE
fare_DEL-BOM_6E_2026-10-18_T+45_1788471332364_vi16,DEL-BOM,EaseMyTrip,6E,6E-628,2026-10-18,T+45,9742,2138,11880,2026-09-03T02:32:13.255Z,FALSE,"",23:15,FALSE
fare_DEL-BOM_6E_2026-10-18_T+45_1788471332364_jese,DEL-BOM,EaseMyTrip,6E,6E-459,2026-10-18,T+45,9742,2138,11880,2026-09-03T02:32:13.255Z,FALSE,"",23:15,FALSE
fare_DEL-BOM_IX_2026-10-18_T+45_1788471332364_0lve,DEL-BOM,EaseMyTrip,IX,IX-1108,2026-10-18,T+45,11560,2537,14097,2026-09-03T02:32:13.255Z,FALSE,"",05:00,FALSE
fare_DEL-BOM_IX_2026-10-18_T+45_1788471332364_p6ov,DEL-BOM,EaseMyTrip,IX,IX-1082,2026-10-18,T+45,11919,2616,14535,2026-09-03T02:32:13.255Z,FALSE,"",21:25,FALSE
fare_DEL-BOM_IX_2026-10-18_T+45_1788471332364_weep,DEL-BOM,EaseMyTrip,IX,IX-1817,2026-10-18,T+45,11919,2616,14535,2026-09-03T02:32:13.255Z,FALSE,"",19:30,FALSE
fare_DEL-BOM_AI_2026-10-18_T+45_1788471332364_zd75,DEL-BOM,EaseMyTrip,AI,AI-2509,2026-10-18,T+45,11042,2424,13466,2026-09-03T02:32:13.255Z,FALSE,"",07:00,FALSE
fare_DEL-BOM_AI_2026-10-18_T+45_1788471332364_6er9,DEL-BOM,EaseMyTrip,AI,AI-2715,2026-10-18,T+45,11186,2455,13641,2026-09-03T02:32:13.255Z,FALSE,"",11:40,FALSE
fare_DEL-BOM_AI_2026-10-18_T+45_1788471332364_dqy2,DEL-BOM,EaseMyTrip,AI,AI-2959,2026-10-18,T+45,11186,2455,13641,2026-09-03T02:32:13.255Z,FALSE,"",07:10,FALSE
fare_DEL-BOM_AI_2026-10-18_T+45_1788471332364_6ao7,DEL-BOM,EaseMyTrip,AI,AI-2939,2026-10-18,T+45,11273,2475,13748,2026-09-03T02:32:13.255Z,FALSE,"",16:40,FALSE
fare_DEL-BOM_AI_2026-10-18_T+45_1788471332364_ssoo,DEL-BOM,EaseMyTrip,AI,AI-881,2026-10-18,T+45,11273,2475,13748,2026-09-03T02:32:13.255Z,FALSE,"",13:35,FALSE
fare_DEL-BOM_AI_2026-10-18_T+45_1788471332364_lqjm,DEL-BOM,EaseMyTrip,AI,AI-809,2026-10-18,T+45,11463,2516,13979,2026-09-03T02:32:13.255Z,FALSE,"",17:40,FALSE
fare_DEL-BOM_AI_2026-10-18_T+45_1788471332364_2hth,DEL-BOM,EaseMyTrip,AI,AI-817,2026-10-18,T+45,11463,2516,13979,2026-09-03T02:32:13.255Z,FALSE,"",05:55,FALSE
fare_DEL-BOM_AI_2026-10-18_T+45_1788471332364_35kc,DEL-BOM,EaseMyTrip,AI,AI-9418,2026-10-18,T+45,11604,2547,14151,2026-09-03T02:32:13.255Z,FALSE,"",13:10,FALSE
fare_DEL-BOM_AI_2026-10-18_T+45_1788471332364_jywl,DEL-BOM,EaseMyTrip,AI,AI-1705,2026-10-18,T+45,11643,2556,14199,2026-09-03T02:32:13.255Z,FALSE,"",06:30,FALSE
fare_DEL-BOM_IX_2026-10-18_T+45_1788471332364_uw7z,DEL-BOM,EaseMyTrip,IX,IX-1070,2026-10-18,T+45,12012,2637,14649,2026-09-03T02:32:13.255Z,FALSE,"",21:15,FALSE
fare_DEL-BOM_IX_2026-10-18_T+45_1788471332364_s05g,DEL-BOM,EaseMyTrip,IX,IX-5975,2026-10-18,T+45,12012,2637,14649,2026-09-03T02:32:13.255Z,FALSE,"",21:00,FALSE
fare_DEL-BOM_QP_2026-10-18_T+45_1788471332364_hxwr,DEL-BOM,EaseMyTrip,QP,QP-1817,2026-10-18,T+45,11679,2564,14243,2026-09-03T02:32:13.255Z,FALSE,"",10:30,FALSE
fare_DEL-BOM_AI_2026-10-18_T+45_1788471332364_3ohi,DEL-BOM,EaseMyTrip,AI,AI-2761,2026-10-18,T+45,12325,2705,15030,2026-09-03T02:32:13.255Z,FALSE,"",16:25,FALSE
fare_DEL-BOM_IX_2026-10-18_T+45_1788471332364_4fgk,DEL-BOM,EaseMyTrip,IX,IX-1068,2026-10-18,T+45,14229,3124,17353,2026-09-03T02:32:13.255Z,FALSE,"",11:55,FALSE
fare_DEL-BOM_AI_2026-10-18_T+45_1788471332364_v26y,DEL-BOM,EaseMyTrip,AI,AI-1743,2026-10-18,T+45,13285,2916,16201,2026-09-03T02:32:13.255Z,FALSE,"",06:15,FALSE
fare_DEL-BOM_AI_2026-10-18_T+45_1788471332364_1cbr,DEL-BOM,EaseMyTrip,AI,AI-2601,2026-10-18,T+45,13285,2916,16201,2026-09-03T02:32:13.255Z,FALSE,"",17:00,FALSE
fare_DEL-BOM_AI_2026-10-18_T+45_1788471332364_zrm0,DEL-BOM,EaseMyTrip,AI,AI-9584,2026-10-18,T+45,13537,2972,16509,2026-09-03T02:32:13.255Z,FALSE,"",11:15,FALSE
fare_DEL-BOM_AI_2026-10-18_T+45_1788471332364_rply,DEL-BOM,EaseMyTrip,AI,AI-2515,2026-10-18,T+45,14147,3105,17252,2026-09-03T02:32:13.255Z,FALSE,"",12:10,FALSE
fare_DEL-BOM_AI_2026-10-18_T+45_1788471332364_wx5s,DEL-BOM,EaseMyTrip,AI,AI-9757,2026-10-18,T+45,14191,3115,17306,2026-09-03T02:32:13.255Z,FALSE,"",11:50,FALSE
fare_DEL-BOM_QP_2026-10-18_T+45_1788471332364_t8xj,DEL-BOM,EaseMyTrip,QP,QP-1822,2026-10-18,T+45,14380,3156,17536,2026-09-03T02:32:13.255Z,FALSE,"",16:40,FALSE
fare_DEL-BOM_AI_2026-10-18_T+45_1788471332364_lyrm,DEL-BOM,EaseMyTrip,AI,AI-2577,2026-10-18,T+45,14577,3200,17777,2026-09-03T02:32:13.255Z,FALSE,"",02:00,FALSE
fare_DEL-BOM_AI_2026-10-18_T+45_1788471332364_iyrt,DEL-BOM,EaseMyTrip,AI,AI-2560,2026-10-18,T+45,14577,3200,17777,2026-09-03T02:32:13.255Z,FALSE,"",07:00,FALSE
fare_DEL-BOM_AI_2026-10-18_T+45_1788471332364_pmyd,DEL-BOM,EaseMyTrip,AI,AI-2859,2026-10-18,T+45,14854,3261,18115,2026-09-03T02:32:13.255Z,TRUE,"High outlier: ₹18115 > upper fence ₹17870 (Q3: ₹11420, IQR: ₹4300)",10:30,FALSE
fare_DEL-BOM_AI_2026-10-18_T+45_1788471332364_x992,DEL-BOM,EaseMyTrip,AI,AI-1773,2026-10-18,T+45,14931,3278,18209,2026-09-03T02:32:13.255Z,TRUE,"High outlier: ₹18209 > upper fence ₹17870 (Q3: ₹11420, IQR: ₹4300)",10:30,FALSE
fare_DEL-BOM_AI_2026-10-18_T+45_1788471332364_c2x9,DEL-BOM,EaseMyTrip,AI,AI-421,2026-10-18,T+45,14931,3278,18209,2026-09-03T02:32:13.255Z,TRUE,"High outlier: ₹18209 > upper fence ₹17870 (Q3: ₹11420, IQR: ₹4300)",08:00,FALSE
fare_DEL-BOM_AI_2026-10-18_T+45_1788471332364_h19b,DEL-BOM,EaseMyTrip,AI,AI-495,2026-10-18,T+45,14931,3278,18209,2026-09-03T02:32:13.255Z,TRUE,"High outlier: ₹18209 > upper fence ₹17870 (Q3: ₹11420, IQR: ₹4300)",07:15,FALSE
fare_DEL-BOM_AI_2026-10-18_T+45_1788471332364_v5gh,DEL-BOM,EaseMyTrip,AI,AI-1703,2026-10-18,T+45,17378,3815,21193,2026-09-03T02:32:13.255Z,TRUE,"High outlier: ₹21193 > upper fence ₹17870 (Q3: ₹11420, IQR: ₹4300)",05:10,FALSE
fare_DEL-BOM_AI_2026-10-18_T+45_1788471332364_toqs,DEL-BOM,EaseMyTrip,AI,AI-2465,2026-10-18,T+45,18040,3960,22000,2026-09-03T02:32:13.255Z,TRUE,"High outlier: ₹22000 > upper fence ₹17870 (Q3: ₹11420, IQR: ₹4300)",14:30,FALSE
fare_DEL-BOM_AI_2026-10-18_T+45_1788471332364_mw8u,DEL-BOM,EaseMyTrip,AI,AI-2483,2026-10-18,T+45,18945,4159,23104,2026-09-03T02:32:13.255Z,TRUE,"High outlier: ₹23104 > upper fence ₹17870 (Q3: ₹11420, IQR: ₹4300)",12:20,FALSE
fare_DEL-BOM_AI_2026-10-18_T+45_1788471332364_168u,DEL-BOM,EaseMyTrip,AI,AI-2907,2026-10-18,T+45,19268,4229,23497,2026-09-03T02:32:13.255Z,TRUE,"High outlier: ₹23497 > upper fence ₹17870 (Q3: ₹11420, IQR: ₹4300)",12:00,FALSE
fare_DEL-BOM_AI_2026-10-18_T+45_1788471332364_nlsb,DEL-BOM,EaseMyTrip,AI,AI-2706,2026-10-18,T+45,19363,4250,23613,2026-09-03T02:32:13.255Z,TRUE,"High outlier: ₹23613 > upper fence ₹17870 (Q3: ₹11420, IQR: ₹4300)",14:10,FALSE
fare_DEL-BOM_AI_2026-10-18_T+45_1788471332364_1jki,DEL-BOM,EaseMyTrip,AI,AI-1739,2026-10-18,T+45,19624,4308,23932,2026-09-03T02:32:13.255Z,TRUE,"High outlier: ₹23932 > upper fence ₹17870 (Q3: ₹11420, IQR: ₹4300)",11:30,FALSE
fare_DEL-BOM_AI_2026-10-18_T+45_1788471332364_mxre,DEL-BOM,EaseMyTrip,AI,AI-2803,2026-10-18,T+45,19764,4338,24102,2026-09-03T02:32:13.255Z,TRUE,"High outlier: ₹24102 > upper fence ₹17870 (Q3: ₹11420, IQR: ₹4300)",06:30,FALSE
fare_DEL-BOM_AI_2026-10-18_T+45_1788471332364_d2pj,DEL-BOM,EaseMyTrip,AI,AI-1779,2026-10-18,T+45,19837,4354,24191,2026-09-03T02:32:13.255Z,TRUE,"High outlier: ₹24191 > upper fence ₹17870 (Q3: ₹11420, IQR: ₹4300)",13:45,FALSE
fare_DEL-BOM_AI_2026-10-18_T+45_1788471332364_ypny,DEL-BOM,EaseMyTrip,AI,AI-2627,2026-10-18,T+45,19944,4378,24322,2026-09-03T02:32:13.255Z,TRUE,"High outlier: ₹24322 > upper fence ₹17870 (Q3: ₹11420, IQR: ₹4300)",10:45,FALSE
fare_DEL-BOM_AI_2026-10-18_T+45_1788471332364_fy25,DEL-BOM,EaseMyTrip,AI,AI-427,2026-10-18,T+45,20078,4407,24485,2026-09-03T02:32:13.255Z,TRUE,"High outlier: ₹24485 > upper fence ₹17870 (Q3: ₹11420, IQR: ₹4300)",08:30,FALSE
fare_DEL-BOM_QP_2026-10-18_T+45_1788471332364_c4dp,DEL-BOM,EaseMyTrip,QP,QP-1803,2026-10-18,T+45,21397,4697,26094,2026-09-03T02:32:13.255Z,TRUE,"High outlier: ₹26094 > upper fence ₹17870 (Q3: ₹11420, IQR: ₹4300)",17:00,FALSE
fare_DEL-BOM_AI_2026-10-18_T+45_1788471332364_hmxu,DEL-BOM,EaseMyTrip,AI,AI-2817,2026-10-18,T+45,23131,5077,28208,2026-09-03T02:32:13.255Z,TRUE,"High outlier: ₹28208 > upper fence ₹17870 (Q3: ₹11420, IQR: ₹4300)",16:30,FALSE
fare_DEL-BOM_AI_2026-10-18_T+45_1788471332364_tiw6,DEL-BOM,EaseMyTrip,AI,AI-2819,2026-10-18,T+45,23360,5128,28488,2026-09-03T02:32:13.255Z,TRUE,"High outlier: ₹28488 > upper fence ₹17870 (Q3: ₹11420, IQR: ₹4300)",15:00,FALSE
fare_DEL-BOM_SG_2026-10-18_T+45_1788471332364_2m7d,DEL-BOM,EaseMyTrip,SG,SG-850,2026-10-18,T+45,5353,1175,6528,2026-09-03T21:14:10.984Z,FALSE,"",20:10,TRUE
fare_DEL-BOM_SG_2026-10-18_T+45_1788471332364_u50b,DEL-BOM,EaseMyTrip,SG,SG-316,2026-10-18,T+45,5353,1175,6528,2026-09-03T21:14:10.984Z,FALSE,"",20:10,TRUE
fare_DEL-BOM_SG_2026-10-18_T+45_1788471332364_8key,DEL-BOM,EaseMyTrip,SG,SG-385,2026-10-18,T+45,5353,1175,6528,2026-09-03T21:14:10.984Z,FALSE,"",22:30,TRUE
fare_DEL-BOM_SG_2026-10-18_T+45_1788471332364_x7n5,DEL-BOM,EaseMyTrip,SG,SG-377,2026-10-18,T+45,5353,1175,6528,2026-09-03T21:14:10.984Z,FALSE,"",22:30,TRUE
fare_DEL-BOM_6E_2026-10-18_T+45_1788471332364_65zq,DEL-BOM,EaseMyTrip,6E,6E-164,2026-10-18,T+45,5756,1263,7019,2026-09-03T21:14:10.984Z,FALSE,"",03:00,TRUE
fare_DEL-BOM_6E_2026-10-18_T+45_1788471332364_5aae,DEL-BOM,EaseMyTrip,6E,6E-414,2026-10-18,T+45,5756,1263,7019,2026-09-03T21:14:10.984Z,FALSE,"",03:00,TRUE
fare_DEL-BOM_6E_2026-10-18_T+45_1788471332364_6y9k,DEL-BOM,EaseMyTrip,6E,6E-676,2026-10-18,T+45,5756,1263,7019,2026-09-03T21:14:10.984Z,FALSE,"",23:30,TRUE
fare_DEL-BOM_6E_2026-10-18_T+45_1788471332365_re98,DEL-BOM,EaseMyTrip,6E,6E-381,2026-10-18,T+45,5756,1263,7019,2026-09-03T21:14:10.984Z,FALSE,"",23:30,TRUE
fare_DEL-BOM_6E_2026-10-18_T+45_1788471332365_8s9n,DEL-BOM,EaseMyTrip,6E,6E-371,2026-10-18,T+45,5756,1263,7019,2026-09-03T21:14:10.984Z,FALSE,"",21:45,TRUE
fare_DEL-BOM_6E_2026-10-18_T+45_1788471332365_nnuf,DEL-BOM,EaseMyTrip,6E,6E-680,2026-10-18,T+45,5756,1263,7019,2026-09-03T21:14:10.984Z,FALSE,"",16:15,TRUE
fare_DEL-BOM_6E_2026-10-18_T+45_1788471332365_hggm,DEL-BOM,EaseMyTrip,6E,6E-932,2026-10-18,T+45,5756,1263,7019,2026-09-03T21:14:10.984Z,FALSE,"",16:15,TRUE
fare_DEL-BOM_6E_2026-10-18_T+45_1788471332365_0vaz,DEL-BOM,EaseMyTrip,6E,6E-509,2026-10-18,T+45,5756,1263,7019,2026-09-03T21:14:10.984Z,FALSE,"",15:30,TRUE
fare_DEL-BOM_6E_2026-10-18_T+45_1788471332365_ux65,DEL-BOM,EaseMyTrip,6E,6E-865,2026-10-18,T+45,5756,1263,7019,2026-09-03T21:14:10.984Z,FALSE,"",15:30,TRUE
fare_DEL-BOM_6E_2026-10-18_T+45_1788471332365_l8oy,DEL-BOM,EaseMyTrip,6E,6E-436,2026-10-18,T+45,5756,1263,7019,2026-09-03T21:14:10.984Z,FALSE,"",13:00,TRUE
fare_DEL-BOM_6E_2026-10-18_T+45_1788471332365_6g36,DEL-BOM,EaseMyTrip,6E,6E-689,2026-10-18,T+45,5756,1263,7019,2026-09-03T21:14:10.984Z,FALSE,"",13:00,TRUE
fare_DEL-BOM_6E_2026-10-18_T+45_1788471332365_dyd0,DEL-BOM,EaseMyTrip,6E,6E-594,2026-10-18,T+45,5756,1263,7019,2026-09-03T21:14:10.984Z,FALSE,"",05:00,TRUE
fare_DEL-BOM_6E_2026-10-18_T+45_1788471332365_1248,DEL-BOM,EaseMyTrip,6E,6E-186,2026-10-18,T+45,5756,1263,7019,2026-09-03T21:14:10.984Z,FALSE,"",05:00,TRUE
fare_DEL-BOM_6E_2026-10-18_T+45_1788471332365_5pgv,DEL-BOM,EaseMyTrip,6E,6E-778,2026-10-18,T+45,5756,1263,7019,2026-09-03T21:14:10.984Z,FALSE,"",08:00,TRUE
fare_DEL-BOM_6E_2026-10-18_T+45_1788471332365_zma2,DEL-BOM,EaseMyTrip,6E,6E-896,2026-10-18,T+45,5756,1263,7019,2026-09-03T21:14:10.984Z,FALSE,"",08:00,TRUE
fare_DEL-BOM_6E_2026-10-18_T+45_1788471332365_teo6,DEL-BOM,EaseMyTrip,6E,6E-978,2026-10-18,T+45,5756,1263,7019,2026-09-03T21:14:10.984Z,FALSE,"",08:45,TRUE
fare_DEL-BOM_6E_2026-10-18_T+45_1788471332365_79rp,DEL-BOM,EaseMyTrip,6E,6E-162,2026-10-18,T+45,5756,1263,7019,2026-09-03T21:14:10.984Z,FALSE,"",08:45,TRUE
fare_DEL-BOM_6E_2026-10-18_T+45_1788471332365_mpgw,DEL-BOM,EaseMyTrip,6E,6E-645,2026-10-18,T+45,5802,1273,7075,2026-09-03T21:14:10.984Z,FALSE,"",14:50,FALSE
fare_DEL-BOM_6E_2026-10-18_T+45_1788471332365_2fvk,DEL-BOM,EaseMyTrip,6E,6E-255,2026-10-18,T+45,5802,1273,7075,2026-09-03T21:14:10.984Z,FALSE,"",14:50,FALSE
fare_DEL-BOM_6E_2026-10-18_T+45_1788471332365_w2a1,DEL-BOM,EaseMyTrip,6E,6E-333,2026-10-18,T+45,5838,1282,7120,2026-09-03T21:14:10.984Z,FALSE,"",19:30,FALSE
fare_DEL-BOM_6E_2026-10-18_T+45_1788471332365_9ido,DEL-BOM,EaseMyTrip,6E,6E-852,2026-10-18,T+45,5838,1282,7120,2026-09-03T21:14:10.984Z,FALSE,"",19:30,FALSE
fare_DEL-BOM_6E_2026-10-18_T+45_1788471332365_pfgh,DEL-BOM,EaseMyTrip,6E,6E-627,2026-10-18,T+45,5928,1301,7229,2026-09-03T21:14:10.984Z,FALSE,"",20:20,TRUE
fare_DEL-BOM_6E_2026-10-18_T+45_1788471332365_3r5j,DEL-BOM,EaseMyTrip,6E,6E-285,2026-10-18,T+45,5928,1301,7229,2026-09-03T21:14:10.984Z,FALSE,"",20:20,TRUE
fare_DEL-BOM_6E_2026-10-18_T+45_1788471332365_9try,DEL-BOM,EaseMyTrip,6E,6E-838,2026-10-18,T+45,6011,1319,7330,2026-09-03T21:14:10.984Z,FALSE,"",16:10,FALSE
fare_DEL-BOM_6E_2026-10-18_T+45_1788471332365_2kmy,DEL-BOM,EaseMyTrip,6E,6E-404,2026-10-18,T+45,6119,1343,7462,2026-09-03T21:14:10.984Z,FALSE,"",08:30,FALSE
fare_DEL-BOM_6E_2026-10-18_T+45_1788471332365_javu,DEL-BOM,EaseMyTrip,6E,6E-986,2026-10-18,T+45,6119,1343,7462,2026-09-03T21:14:10.984Z,FALSE,"",08:30,FALSE
fare_DEL-BOM_6E_2026-10-18_T+45_1788471332365_snc4,DEL-BOM,EaseMyTrip,6E,6E-933,2026-10-18,T+45,6125,1344,7469,2026-09-03T21:14:10.984Z,FALSE,"",20:45,TRUE
fare_DEL-BOM_6E_2026-10-18_T+45_1788471332365_397f,DEL-BOM,EaseMyTrip,6E,6E-425,2026-10-18,T+45,6125,1344,7469,2026-09-03T21:14:10.984Z,FALSE,"",20:45,TRUE
fare_DEL-BOM_6E_2026-10-18_T+45_1788471332365_6g1a,DEL-BOM,EaseMyTrip,6E,6E-217,2026-10-18,T+45,6371,1398,7769,2026-09-03T21:14:10.984Z,FALSE,"",20:00,TRUE
fare_DEL-BOM_6E_2026-10-18_T+45_1788471332365_ijz5,DEL-BOM,EaseMyTrip,6E,6E-619,2026-10-18,T+45,6371,1398,7769,2026-09-03T21:14:10.984Z,FALSE,"",20:00,TRUE
fare_DEL-BOM_6E_2026-10-18_T+45_1788471332365_4v4r,DEL-BOM,EaseMyTrip,6E,6E-409,2026-10-18,T+45,6371,1398,7769,2026-09-03T21:14:10.984Z,FALSE,"",19:00,TRUE
fare_DEL-BOM_6E_2026-10-18_T+45_1788471332365_xykq,DEL-BOM,EaseMyTrip,6E,6E-633,2026-10-18,T+45,6371,1398,7769,2026-09-03T21:14:10.984Z,FALSE,"",19:00,TRUE
fare_DEL-BOM_6E_2026-10-18_T+45_1788471332365_bfgu,DEL-BOM,EaseMyTrip,6E,6E-545,2026-10-18,T+45,6371,1398,7769,2026-09-03T21:14:10.984Z,FALSE,"",18:00,TRUE
fare_DEL-BOM_6E_2026-10-18_T+45_1788471332365_9sng,DEL-BOM,EaseMyTrip,6E,6E-347,2026-10-18,T+45,6371,1398,7769,2026-09-03T21:14:10.984Z,FALSE,"",18:00,TRUE
fare_DEL-BOM_6E_2026-10-18_T+45_1788471332365_d1ij,DEL-BOM,EaseMyTrip,6E,6E-894,2026-10-18,T+45,6590,1446,8036,2026-09-03T21:14:10.984Z,FALSE,"",02:25,FALSE
fare_DEL-BOM_6E_2026-10-18_T+45_1788471332365_5njs,DEL-BOM,EaseMyTrip,6E,6E-284,2026-10-18,T+45,6590,1446,8036,2026-09-03T21:14:10.984Z,FALSE,"",02:25,FALSE
fare_DEL-BOM_6E_2026-10-18_T+45_1788471332365_158t,DEL-BOM,EaseMyTrip,6E,6E-268,2026-10-18,T+45,6654,1461,8115,2026-09-03T21:14:10.984Z,FALSE,"",19:30,FALSE
fare_DEL-BOM_6E_2026-10-18_T+45_1788471332365_ozsi,DEL-BOM,EaseMyTrip,6E,6E-699,2026-10-18,T+45,6654,1461,8115,2026-09-03T21:14:10.984Z,FALSE,"",19:30,FALSE
fare_DEL-BOM_6E_2026-10-18_T+45_1788471332365_qhng,DEL-BOM,EaseMyTrip,6E,6E-951,2026-10-18,T+45,6654,1461,8115,2026-09-03T21:14:10.984Z,FALSE,"",12:10,FALSE
fare_DEL-BOM_6E_2026-10-18_T+45_1788471332365_orvr,DEL-BOM,EaseMyTrip,6E,6E-826,2026-10-18,T+45,6654,1461,8115,2026-09-03T21:14:10.984Z,FALSE,"",12:10,FALSE
fare_DEL-BOM_6E_2026-10-18_T+45_1788471332365_fxyg,DEL-BOM,EaseMyTrip,6E,6E-293,2026-10-18,T+45,8986,1973,10959,2026-09-03T21:14:10.984Z,FALSE,"",17:55,FALSE
fare_DEL-BOM_6E_2026-10-18_T+45_1788471332365_pk8y,DEL-BOM,EaseMyTrip,6E,6E-993,2026-10-18,T+45,8986,1973,10959,2026-09-03T21:14:10.984Z,FALSE,"",17:55,FALSE
fare_DEL-BOM_6E_2026-10-18_T+45_1788471332365_ikrl,DEL-BOM,EaseMyTrip,6E,6E-736,2026-10-18,T+45,10572,2321,12893,2026-09-03T21:14:10.984Z,FALSE,"",23:15,FALSE
fare_DEL-BOM_6E_2026-10-18_T+45_1788471332365_dw0k,DEL-BOM,EaseMyTrip,6E,6E-397,2026-10-18,T+45,10572,2321,12893,2026-09-03T21:14:10.984Z,FALSE,"",23:15,FALSE
fare_DEL-BOM_AI_2026-10-18_T+45_1788471332365_vl0v,DEL-BOM,EaseMyTrip,AI,AI-2909,2026-10-18,T+45,11186,2455,13641,2026-09-03T21:14:10.984Z,FALSE,"",22:30,FALSE
fare_DEL-BOM_AI_2026-10-18_T+45_1788471332365_z233,DEL-BOM,EaseMyTrip,AI,AI-9759,2026-10-18,T+45,11219,2463,13682,2026-09-03T21:14:10.984Z,FALSE,"",06:00,FALSE
fare_DEL-BOM_IX_2026-10-18_T+45_1788471332365_jn8i,DEL-BOM,EaseMyTrip,IX,IX-1811,2026-10-18,T+45,13686,3004,16690,2026-09-03T21:14:10.984Z,FALSE,"",06:50,FALSE
fare_DEL-BOM_IX_2026-10-18_T+45_1788471332365_kvv6,DEL-BOM,EaseMyTrip,IX,IX-1815,2026-10-18,T+45,13686,3004,16690,2026-09-03T21:14:10.984Z,FALSE,"",19:05,FALSE
fare_DEL-BOM_AI_2026-10-18_T+45_1788471332365_b3f0,DEL-BOM,EaseMyTrip,AI,AI-1719,2026-10-18,T+45,15467,3395,18862,2026-09-03T21:14:10.984Z,TRUE,"High outlier: ₹18862 > upper fence ₹17870 (Q3: ₹11420, IQR: ₹4300)",11:55,FALSE
fare_DEL-BOM_IX_2026-10-18_T+45_1788471332365_kt92,DEL-BOM,EaseMyTrip,IX,IX-1812,2026-10-18,T+45,15972,3506,19478,2026-09-03T21:14:10.984Z,TRUE,"High outlier: ₹19478 > upper fence ₹17870 (Q3: ₹11420, IQR: ₹4300)",11:15,FALSE
fare_DEL-BOM_IX_2026-10-18_T+45_1788471332365_n6zs,DEL-BOM,EaseMyTrip,IX,IX-1081,2026-10-18,T+45,17669,3878,21547,2026-09-03T21:14:10.984Z,TRUE,"High outlier: ₹21547 > upper fence ₹17870 (Q3: ₹11420, IQR: ₹4300)",15:25,FALSE
fare_DEL-BOM_IX_2026-10-18_T+45_1788471332365_byju,DEL-BOM,EaseMyTrip,IX,IX-1273,2026-10-18,T+45,17669,3878,21547,2026-09-03T21:14:10.984Z,TRUE,"High outlier: ₹21547 > upper fence ₹17870 (Q3: ₹11420, IQR: ₹4300)",12:05,FALSE
fare_DEL-BOM_IX_2026-10-18_T+45_1788471332365_cv7r,DEL-BOM,EaseMyTrip,IX,IX-1067,2026-10-18,T+45,25709,5644,31353,2026-09-03T21:14:10.984Z,TRUE,"High outlier: ₹31353 > upper fence ₹17870 (Q3: ₹11420, IQR: ₹4300)",06:10,FALSE
fare_DEL-BOM_IX_2026-10-18_T+45_1788471332365_zkdu,DEL-BOM,EaseMyTrip,IX,IX-1076,2026-10-18,T+45,26959,5918,32877,2026-09-03T21:14:10.984Z,TRUE,"High outlier: ₹32877 > upper fence ₹17870 (Q3: ₹11420, IQR: ₹4300)",09:00,FALSE
fare_DEL-BOM_6E_2026-09-10_T+7_1788471332365_gucp,DEL-BOM,EaseMyTrip,6E,6E-6261,2026-09-10,T+7,4994,1096,6090,2026-09-03T02:31:53.921Z,FALSE,"",00:15,FALSE
fare_DEL-BOM_6E_2026-09-10_T+7_1788471332365_5ng2,DEL-BOM,EaseMyTrip,6E,6E-5119,2026-09-10,T+7,4994,1096,6090,2026-09-03T02:31:53.921Z,FALSE,"",05:10,FALSE
fare_DEL-BOM_6E_2026-09-10_T+7_1788471332365_l5xw,DEL-BOM,EaseMyTrip,6E,6E-2013,2026-09-10,T+7,4994,1096,6090,2026-09-03T02:31:53.921Z,FALSE,"",21:50,FALSE
fare_DEL-BOM_6E_2026-09-10_T+7_1788471332365_wt11,DEL-BOM,EaseMyTrip,6E,6E-6190,2026-09-10,T+7,4998,1097,6095,2026-09-03T02:31:53.921Z,FALSE,"",07:40,FALSE
fare_DEL-BOM_IX_2026-09-10_T+7_1788471332365_4va3,DEL-BOM,EaseMyTrip,IX,IX-1165,2026-09-10,T+7,5354,1175,6529,2026-09-03T02:31:53.921Z,FALSE,"",05:45,FALSE
fare_DEL-BOM_IX_2026-09-10_T+7_1788471332365_tngh,DEL-BOM,EaseMyTrip,IX,IX-1235,2026-09-10,T+7,5354,1175,6529,2026-09-03T02:31:53.921Z,FALSE,"",23:25,TRUE
fare_DEL-BOM_IX_2026-09-10_T+7_1788471332365_cpjl,DEL-BOM,EaseMyTrip,IX,IX-1056,2026-09-10,T+7,5354,1175,6529,2026-09-03T02:31:53.921Z,FALSE,"",05:35,TRUE
fare_DEL-BOM_IX_2026-09-10_T+7_1788471332365_f4i4,DEL-BOM,EaseMyTrip,IX,IX-1080,2026-09-10,T+7,5354,1175,6529,2026-09-03T02:31:53.921Z,FALSE,"",18:40,TRUE
fare_DEL-BOM_6E_2026-09-10_T+7_1788471332365_buv7,DEL-BOM,EaseMyTrip,6E,6E-2249,2026-09-10,T+7,5102,1120,6222,2026-09-03T02:31:53.921Z,FALSE,"",15:00,FALSE
fare_DEL-BOM_6E_2026-09-10_T+7_1788471332365_2wl4,DEL-BOM,EaseMyTrip,6E,6E-6829,2026-09-10,T+7,5102,1120,6222,2026-09-03T02:31:53.921Z,FALSE,"",17:20,FALSE
fare_DEL-BOM_6E_2026-09-10_T+7_1788471332365_u89j,DEL-BOM,EaseMyTrip,6E,6E-6443,2026-09-10,T+7,5102,1120,6222,2026-09-03T02:31:53.921Z,FALSE,"",09:00,FALSE
fare_DEL-BOM_6E_2026-09-10_T+7_1788471332365_nfu9,DEL-BOM,EaseMyTrip,6E,6E-6433,2026-09-10,T+7,5102,1120,6222,2026-09-03T02:31:53.921Z,FALSE,"",16:30,FALSE
fare_DEL-BOM_6E_2026-09-10_T+7_1788471332365_iik6,DEL-BOM,EaseMyTrip,6E,6E-5138,2026-09-10,T+7,5102,1120,6222,2026-09-03T02:31:53.921Z,FALSE,"",19:10,FALSE
fare_DEL-BOM_6E_2026-09-10_T+7_1788471332365_1em1,DEL-BOM,EaseMyTrip,6E,6E-6459,2026-09-10,T+7,5102,1120,6222,2026-09-03T02:31:53.921Z,FALSE,"",05:55,FALSE
fare_DEL-BOM_6E_2026-09-10_T+7_1788471332365_ck8m,DEL-BOM,EaseMyTrip,6E,6E-6490,2026-09-10,T+7,5105,1121,6226,2026-09-03T02:31:53.921Z,FALSE,"",04:55,FALSE
fare_DEL-BOM_6E_2026-09-10_T+7_1788471332365_9w8y,DEL-BOM,EaseMyTrip,6E,6E-5298,2026-09-10,T+7,5166,1134,6300,2026-09-03T02:31:53.921Z,FALSE,"",09:00,FALSE
fare_DEL-BOM_6E_2026-09-10_T+7_1788471332365_23wq,DEL-BOM,EaseMyTrip,6E,6E-5206,2026-09-10,T+7,5166,1134,6300,2026-09-03T02:31:53.921Z,FALSE,"",13:20,FALSE
fare_DEL-BOM_SG_2026-09-10_T+7_1788471332365_fl2s,DEL-BOM,EaseMyTrip,SG,SG-189,2026-09-10,T+7,5525,1213,6738,2026-09-03T02:31:53.921Z,FALSE,"",22:30,TRUE
fare_DEL-BOM_SG_2026-09-10_T+7_1788471332365_unzd,DEL-BOM,EaseMyTrip,SG,SG-460,2026-09-10,T+7,5525,1213,6738,2026-09-03T02:31:53.921Z,FALSE,"",22:30,TRUE
fare_DEL-BOM_IX_2026-09-10_T+7_1788471332365_cxne,DEL-BOM,EaseMyTrip,IX,IX-1038,2026-09-10,T+7,5526,1213,6739,2026-09-03T02:31:53.921Z,FALSE,"",17:35,TRUE
fare_DEL-BOM_6E_2026-09-10_T+7_1788471332365_b7ym,DEL-BOM,EaseMyTrip,6E,6E-397,2026-09-10,T+7,5274,1158,6432,2026-09-03T02:31:53.921Z,FALSE,"",02:25,FALSE
fare_DEL-BOM_6E_2026-09-10_T+7_1788471332365_rlbz,DEL-BOM,EaseMyTrip,6E,6E-144,2026-09-10,T+7,5274,1158,6432,2026-09-03T02:31:53.921Z,FALSE,"",02:25,FALSE
fare_DEL-BOM_6E_2026-09-10_T+7_1788471332365_o2il,DEL-BOM,EaseMyTrip,6E,6E-238,2026-09-10,T+7,5274,1158,6432,2026-09-03T02:31:53.921Z,FALSE,"",23:15,FALSE
fare_DEL-BOM_6E_2026-09-10_T+7_1788471332365_tts1,DEL-BOM,EaseMyTrip,6E,6E-150,2026-09-10,T+7,5274,1158,6432,2026-09-03T02:31:53.921Z,FALSE,"",23:15,FALSE
fare_DEL-BOM_6E_2026-09-10_T+7_1788471332365_a5r4,DEL-BOM,EaseMyTrip,6E,6E-6497,2026-09-10,T+7,5274,1158,6432,2026-09-03T02:31:53.921Z,FALSE,"",18:40,FALSE
fare_DEL-BOM_6E_2026-09-10_T+7_1788471332365_75mp,DEL-BOM,EaseMyTrip,6E,6E-946,2026-09-10,T+7,5338,1172,6510,2026-09-03T02:31:53.921Z,FALSE,"",19:30,FALSE
fare_DEL-BOM_6E_2026-09-10_T+7_1788471332365_wvtv,DEL-BOM,EaseMyTrip,6E,6E-566,2026-09-10,T+7,5338,1172,6510,2026-09-03T02:31:53.921Z,FALSE,"",19:30,FALSE
fare_DEL-BOM_QP_2026-09-10_T+7_1788471332365_da5b,DEL-BOM,EaseMyTrip,QP,QP-1119,2026-09-10,T+7,5355,1175,6530,2026-09-03T02:31:53.921Z,FALSE,"",08:40,TRUE
fare_DEL-BOM_QP_2026-09-10_T+7_1788471332365_2fnw,DEL-BOM,EaseMyTrip,QP,QP-1110,2026-09-10,T+7,5355,1175,6530,2026-09-03T02:31:53.921Z,FALSE,"",10:30,TRUE
fare_DEL-BOM_QP_2026-09-10_T+7_1788471332365_nbiv,DEL-BOM,EaseMyTrip,QP,QP-1820,2026-09-10,T+7,5355,1175,6530,2026-09-03T02:31:53.921Z,FALSE,"",17:30,TRUE
fare_DEL-BOM_QP_2026-09-10_T+7_1788471332365_thuw,DEL-BOM,EaseMyTrip,QP,QP-1833,2026-09-10,T+7,5355,1175,6530,2026-09-03T02:31:53.921Z,FALSE,"",06:50,TRUE
fare_DEL-BOM_QP_2026-09-10_T+7_1788471332365_o6au,DEL-BOM,EaseMyTrip,QP,QP-1112,2026-09-10,T+7,5355,1175,6530,2026-09-03T02:31:53.921Z,FALSE,"",09:20,TRUE
fare_DEL-BOM_QP_2026-09-10_T+7_1788471332365_7hzj,DEL-BOM,EaseMyTrip,QP,QP-1128,2026-09-10,T+7,5355,1175,6530,2026-09-03T02:31:53.921Z,FALSE,"",16:00,TRUE
fare_DEL-BOM_QP_2026-09-10_T+7_1788471332365_p470,DEL-BOM,EaseMyTrip,QP,QP-1836,2026-09-10,T+7,5355,1175,6530,2026-09-03T02:31:53.921Z,FALSE,"",12:30,TRUE
fare_DEL-BOM_6E_2026-09-10_T+7_1788471332365_4mlw,DEL-BOM,EaseMyTrip,6E,6E-813,2026-09-10,T+7,5355,1175,6530,2026-09-03T02:31:53.921Z,FALSE,"",05:00,TRUE
fare_DEL-BOM_6E_2026-09-10_T+7_1788471332365_pjkc,DEL-BOM,EaseMyTrip,6E,6E-539,2026-09-10,T+7,5355,1175,6530,2026-09-03T02:31:53.921Z,FALSE,"",05:00,TRUE
fare_DEL-BOM_6E_2026-09-10_T+7_1788471332365_kpll,DEL-BOM,EaseMyTrip,6E,6E-635,2026-09-10,T+7,5355,1175,6530,2026-09-03T02:31:53.921Z,FALSE,"",23:30,TRUE
fare_DEL-BOM_6E_2026-09-10_T+7_1788471332365_oum7,DEL-BOM,EaseMyTrip,6E,6E-495,2026-09-10,T+7,5355,1175,6530,2026-09-03T02:31:53.921Z,FALSE,"",23:30,TRUE
fare_DEL-BOM_6E_2026-09-10_T+7_1788471332365_zmx9,DEL-BOM,EaseMyTrip,6E,6E-6114,2026-09-10,T+7,5355,1175,6530,2026-09-03T02:31:53.921Z,FALSE,"",22:45,TRUE
fare_DEL-BOM_6E_2026-09-10_T+7_1788471332365_myk5,DEL-BOM,EaseMyTrip,6E,6E-6706,2026-09-10,T+7,5355,1175,6530,2026-09-03T02:31:53.921Z,FALSE,"",17:00,TRUE
fare_DEL-BOM_6E_2026-09-10_T+7_1788471332365_abxr,DEL-BOM,EaseMyTrip,6E,6E-878,2026-09-10,T+7,5355,1175,6530,2026-09-03T02:31:53.921Z,FALSE,"",16:15,TRUE
fare_DEL-BOM_6E_2026-09-10_T+7_1788471332365_3z8g,DEL-BOM,EaseMyTrip,6E,6E-730,2026-09-10,T+7,5355,1175,6530,2026-09-03T02:31:53.921Z,FALSE,"",16:15,TRUE
fare_DEL-BOM_6E_2026-09-10_T+7_1788471332365_3d74,DEL-BOM,EaseMyTrip,6E,6E-832,2026-09-10,T+7,5355,1175,6530,2026-09-03T02:31:53.921Z,FALSE,"",15:30,TRUE
fare_DEL-BOM_6E_2026-09-10_T+7_1788471332365_anw1,DEL-BOM,EaseMyTrip,6E,6E-957,2026-09-10,T+7,5355,1175,6530,2026-09-03T02:31:53.921Z,FALSE,"",15:30,TRUE
fare_DEL-BOM_6E_2026-09-10_T+7_1788471332365_mb7f,DEL-BOM,EaseMyTrip,6E,6E-6022,2026-09-10,T+7,5355,1175,6530,2026-09-03T02:31:53.921Z,FALSE,"",14:00,TRUE
fare_DEL-BOM_6E_2026-09-10_T+7_1788471332365_6d13,DEL-BOM,EaseMyTrip,6E,6E-6318,2026-09-10,T+7,5355,1175,6530,2026-09-03T02:31:53.921Z,FALSE,"",14:45,TRUE
fare_DEL-BOM_6E_2026-09-10_T+7_1788471332365_p7lq,DEL-BOM,EaseMyTrip,6E,6E-120,2026-09-10,T+7,5355,1175,6530,2026-09-03T02:31:53.921Z,FALSE,"",08:45,TRUE
fare_DEL-BOM_6E_2026-09-10_T+7_1788471332365_3kfm,DEL-BOM,EaseMyTrip,6E,6E-229,2026-09-10,T+7,5355,1175,6530,2026-09-03T02:31:53.921Z,FALSE,"",08:45,TRUE
fare_DEL-BOM_6E_2026-09-10_T+7_1788471332365_jlok,DEL-BOM,EaseMyTrip,6E,6E-6328,2026-09-10,T+7,5355,1175,6530,2026-09-03T02:31:53.921Z,FALSE,"",10:15,TRUE
fare_DEL-BOM_6E_2026-09-10_T+7_1788471332365_1yfn,DEL-BOM,EaseMyTrip,6E,6E-6047,2026-09-10,T+7,5355,1175,6530,2026-09-03T02:31:53.921Z,FALSE,"",11:00,TRUE
fare_DEL-BOM_6E_2026-09-10_T+7_1788471332365_eagv,DEL-BOM,EaseMyTrip,6E,6E-6676,2026-09-10,T+7,5355,1175,6530,2026-09-03T02:31:53.921Z,FALSE,"",12:00,TRUE
fare_DEL-BOM_6E_2026-09-10_T+7_1788471332365_g1su,DEL-BOM,EaseMyTrip,6E,6E-858,2026-09-10,T+7,5355,1175,6530,2026-09-03T02:31:53.921Z,FALSE,"",13:00,TRUE
fare_DEL-BOM_6E_2026-09-10_T+7_1788471332365_6933,DEL-BOM,EaseMyTrip,6E,6E-868,2026-09-10,T+7,5355,1175,6530,2026-09-03T02:31:53.921Z,FALSE,"",13:00,TRUE
fare_DEL-BOM_6E_2026-09-10_T+7_1788471332365_d4ve,DEL-BOM,EaseMyTrip,6E,6E-6107,2026-09-10,T+7,5355,1175,6530,2026-09-03T02:31:53.921Z,FALSE,"",09:30,TRUE
fare_DEL-BOM_6E_2026-09-10_T+7_1788471332365_rny8,DEL-BOM,EaseMyTrip,6E,6E-2076,2026-09-10,T+7,5381,1181,6562,2026-09-03T02:31:53.921Z,FALSE,"",07:30,FALSE
fare_DEL-BOM_6E_2026-09-10_T+7_1788471332365_rxsd,DEL-BOM,EaseMyTrip,6E,6E-6983,2026-09-10,T+7,5381,1181,6562,2026-09-03T02:31:53.921Z,FALSE,"",15:35,FALSE
fare_DEL-BOM_6E_2026-09-10_T+7_1788471332365_3f0f,DEL-BOM,EaseMyTrip,6E,6E-2331,2026-09-10,T+7,5381,1181,6562,2026-09-03T02:31:53.921Z,FALSE,"",12:20,FALSE
fare_DEL-BOM_QP_2026-09-10_T+7_1788471332365_2zrr,DEL-BOM,EaseMyTrip,QP,QP-1940,2026-09-10,T+7,5427,1191,6618,2026-09-03T02:31:53.921Z,FALSE,"",14:05,TRUE
fare_DEL-BOM_6E_2026-09-10_T+7_1788471332365_pioe,DEL-BOM,EaseMyTrip,6E,6E-5198,2026-09-10,T+7,5427,1191,6618,2026-09-03T02:31:53.921Z,FALSE,"",15:00,TRUE
fare_DEL-BOM_6E_2026-09-10_T+7_1788471332365_fdnu,DEL-BOM,EaseMyTrip,6E,6E-6218,2026-09-10,T+7,5484,1204,6688,2026-09-03T02:31:53.921Z,FALSE,"",06:05,TRUE
fare_DEL-BOM_6E_2026-09-10_T+7_1788471332365_0atq,DEL-BOM,EaseMyTrip,6E,6E-6470,2026-09-10,T+7,5526,1213,6739,2026-09-03T02:31:53.921Z,FALSE,"",06:55,TRUE
fare_DEL-BOM_6E_2026-09-10_T+7_1788471332365_9ayv,DEL-BOM,EaseMyTrip,6E,6E-6479,2026-09-10,T+7,5553,1219,6772,2026-09-03T02:31:53.921Z,FALSE,"",21:25,FALSE
fare_DEL-BOM_6E_2026-09-10_T+7_1788471332365_jb42,DEL-BOM,EaseMyTrip,6E,6E-6050,2026-09-10,T+7,5553,1219,6772,2026-09-03T02:31:53.921Z,FALSE,"",08:15,FALSE
fare_DEL-BOM_AI_2026-09-10_T+7_1788471332365_2229,DEL-BOM,EaseMyTrip,AI,AI-2678,2026-09-10,T+7,5740,1260,7000,2026-09-03T02:31:53.921Z,FALSE,"",08:30,TRUE
fare_DEL-BOM_AI_2026-09-10_T+7_1788471332365_4w00,DEL-BOM,EaseMyTrip,AI,AI-2963,2026-09-10,T+7,5740,1260,7000,2026-09-03T02:31:53.921Z,FALSE,"",09:00,TRUE
fare_DEL-BOM_AI_2026-09-10_T+7_1788471332365_t68r,DEL-BOM,EaseMyTrip,AI,AI-1745,2026-09-10,T+7,5740,1260,7000,2026-09-03T02:31:53.921Z,FALSE,"",05:00,TRUE
fare_DEL-BOM_AI_2026-09-10_T+7_1788471332365_69h8,DEL-BOM,EaseMyTrip,AI,AI-2941,2026-09-10,T+7,5740,1260,7000,2026-09-03T02:31:53.921Z,FALSE,"",16:30,TRUE
fare_DEL-BOM_AI_2026-09-10_T+7_1788471332365_o2ls,DEL-BOM,EaseMyTrip,AI,AI-2995,2026-09-10,T+7,5740,1260,7000,2026-09-03T02:31:53.921Z,FALSE,"",10:00,TRUE
fare_DEL-BOM_AI_2026-09-10_T+7_1788471332365_5t10,DEL-BOM,EaseMyTrip,AI,AI-1785,2026-09-10,T+7,5740,1260,7000,2026-09-03T02:31:53.921Z,FALSE,"",12:00,TRUE
fare_DEL-BOM_AI_2026-09-10_T+7_1788471332365_yk0m,DEL-BOM,EaseMyTrip,AI,AI-1777,2026-09-10,T+7,5740,1260,7000,2026-09-03T02:31:53.921Z,FALSE,"",16:00,TRUE
fare_DEL-BOM_AI_2026-09-10_T+7_1788471332365_c7e6,DEL-BOM,EaseMyTrip,AI,AI-441,2026-09-10,T+7,5740,1260,7000,2026-09-03T02:31:53.921Z,FALSE,"",17:00,TRUE
fare_DEL-BOM_AI_2026-09-10_T+7_1788471332365_ksk5,DEL-BOM,EaseMyTrip,AI,AI-2439,2026-09-10,T+7,5740,1260,7000,2026-09-03T02:31:53.921Z,FALSE,"",23:00,TRUE
fare_DEL-BOM_AI_2026-09-10_T+7_1788471332365_13ef,DEL-BOM,EaseMyTrip,AI,AI-2927,2026-09-10,T+7,5740,1260,7000,2026-09-03T02:31:53.921Z,FALSE,"",09:30,TRUE
fare_DEL-BOM_AI_2026-09-10_T+7_1788471332365_53tt,DEL-BOM,EaseMyTrip,AI,AI-1780,2026-09-10,T+7,5740,1260,7000,2026-09-03T02:31:53.921Z,FALSE,"",16:10,TRUE
fare_DEL-BOM_QP_2026-09-10_T+7_1788471332365_u9k0,DEL-BOM,EaseMyTrip,QP,QP-1826,2026-09-10,T+7,5652,1241,6893,2026-09-03T02:31:53.921Z,FALSE,"",19:55,TRUE
fare_DEL-BOM_6E_2026-09-10_T+7_1788471332365_al9t,DEL-BOM,EaseMyTrip,6E,6E-213,2026-09-10,T+7,5656,1242,6898,2026-09-03T02:31:53.921Z,FALSE,"",21:45,TRUE
fare_DEL-BOM_6E_2026-09-10_T+7_1788471332365_0smd,DEL-BOM,EaseMyTrip,6E,6E-174,2026-09-10,T+7,5656,1242,6898,2026-09-03T02:31:53.921Z,FALSE,"",21:45,TRUE
fare_DEL-BOM_6E_2026-09-10_T+7_1788471332365_tx23,DEL-BOM,EaseMyTrip,6E,6E-663,2026-09-10,T+7,5656,1242,6898,2026-09-03T02:31:53.921Z,FALSE,"",20:00,TRUE
fare_DEL-BOM_6E_2026-09-10_T+7_1788471332365_2cgk,DEL-BOM,EaseMyTrip,6E,6E-964,2026-09-10,T+7,5656,1242,6898,2026-09-03T02:31:53.921Z,FALSE,"",20:00,TRUE
fare_DEL-BOM_6E_2026-09-10_T+7_1788471332365_xj2n,DEL-BOM,EaseMyTrip,6E,6E-782,2026-09-10,T+7,5656,1242,6898,2026-09-03T02:31:53.921Z,FALSE,"",19:00,TRUE
fare_DEL-BOM_6E_2026-09-10_T+7_1788471332365_y011,DEL-BOM,EaseMyTrip,6E,6E-187,2026-09-10,T+7,5656,1242,6898,2026-09-03T02:31:53.921Z,FALSE,"",19:00,TRUE
fare_DEL-BOM_6E_2026-09-10_T+7_1788471332365_h9ny,DEL-BOM,EaseMyTrip,6E,6E-695,2026-09-10,T+7,5656,1242,6898,2026-09-03T02:31:53.921Z,FALSE,"",18:00,TRUE
fare_DEL-BOM_6E_2026-09-10_T+7_1788471332365_eqya,DEL-BOM,EaseMyTrip,6E,6E-383,2026-09-10,T+7,5656,1242,6898,2026-09-03T02:31:53.921Z,FALSE,"",20:45,TRUE
fare_DEL-BOM_6E_2026-09-10_T+7_1788471332365_rt1v,DEL-BOM,EaseMyTrip,6E,6E-669,2026-09-10,T+7,5656,1242,6898,2026-09-03T02:31:53.921Z,FALSE,"",20:45,TRUE
fare_DEL-BOM_6E_2026-09-10_T+7_1788471332365_aib8,DEL-BOM,EaseMyTrip,6E,6E-463,2026-09-10,T+7,5656,1242,6898,2026-09-03T02:31:53.921Z,FALSE,"",08:00,TRUE
fare_DEL-BOM_6E_2026-09-10_T+7_1788471332365_oiie,DEL-BOM,EaseMyTrip,6E,6E-901,2026-09-10,T+7,5656,1242,6898,2026-09-03T02:31:53.921Z,FALSE,"",08:00,TRUE
fare_DEL-BOM_6E_2026-09-10_T+7_1788471332365_pb0p,DEL-BOM,EaseMyTrip,6E,6E-6814,2026-09-10,T+7,5656,1242,6898,2026-09-03T02:31:53.921Z,FALSE,"",07:15,TRUE
fare_DEL-BOM_6E_2026-09-10_T+7_1788471332365_s9h7,DEL-BOM,EaseMyTrip,6E,6E-6282,2026-09-10,T+7,5660,1243,6903,2026-09-03T02:31:53.921Z,FALSE,"",13:30,FALSE
fare_DEL-BOM_6E_2026-09-10_T+7_1788471332365_u5eo,DEL-BOM,EaseMyTrip,6E,6E-345,2026-09-10,T+7,5698,1251,6949,2026-09-03T02:31:53.921Z,FALSE,"",20:20,TRUE
fare_DEL-BOM_6E_2026-09-10_T+7_1788471332365_5mig,DEL-BOM,EaseMyTrip,6E,6E-525,2026-09-10,T+7,5698,1251,6949,2026-09-03T02:31:53.921Z,FALSE,"",20:20,TRUE
fare_DEL-BOM_AI_2026-09-10_T+7_1788471332365_090r,DEL-BOM,EaseMyTrip,AI,AI-2975,2026-09-10,T+7,5870,1289,7159,2026-09-03T02:31:53.921Z,FALSE,"",06:30,TRUE
fare_DEL-BOM_AI_2026-09-10_T+7_1788471332365_21of,DEL-BOM,EaseMyTrip,AI,AI-2951,2026-09-10,T+7,6043,1326,7369,2026-09-03T02:31:53.921Z,FALSE,"",13:30,TRUE
fare_DEL-BOM_AI_2026-09-10_T+7_1788471332365_0r8z,DEL-BOM,EaseMyTrip,AI,AI-887,2026-09-10,T+7,6043,1326,7369,2026-09-03T02:31:53.921Z,FALSE,"",21:00,TRUE
fare_DEL-BOM_AI_2026-09-10_T+7_1788471332365_f4pq,DEL-BOM,EaseMyTrip,AI,AI-2981,2026-09-10,T+7,6043,1326,7369,2026-09-03T02:31:53.921Z,FALSE,"",21:00,TRUE
fare_DEL-BOM_AI_2026-09-10_T+7_1788471332365_3w1s,DEL-BOM,EaseMyTrip,AI,AI-2429,2026-09-10,T+7,6043,1326,7369,2026-09-03T02:31:53.921Z,FALSE,"",07:00,TRUE
fare_DEL-BOM_AI_2026-09-10_T+7_1788471332365_d6sp,DEL-BOM,EaseMyTrip,AI,AI-2943,2026-09-10,T+7,6043,1326,7369,2026-09-03T02:31:53.921Z,FALSE,"",07:30,TRUE
fare_DEL-BOM_AI_2026-09-10_T+7_1788471332365_mmtp,DEL-BOM,EaseMyTrip,AI,AI-2945,2026-09-10,T+7,6043,1326,7369,2026-09-03T02:31:53.921Z,FALSE,"",11:00,TRUE
fare_DEL-BOM_AI_2026-09-10_T+7_1788471332365_zdzn,DEL-BOM,EaseMyTrip,AI,AI-2933,2026-09-10,T+7,6043,1326,7369,2026-09-03T02:31:53.921Z,FALSE,"",15:30,TRUE
fare_DEL-BOM_6E_2026-09-10_T+7_1788471332365_172y,DEL-BOM,EaseMyTrip,6E,6E-5038,2026-09-10,T+7,5978,1312,7290,2026-09-03T02:31:53.921Z,FALSE,"",14:00,FALSE
fare_DEL-BOM_AI_2026-09-10_T+7_1788471332365_6y3h,DEL-BOM,EaseMyTrip,AI,AI-2433,2026-09-10,T+7,6193,1360,7553,2026-09-03T02:31:53.921Z,FALSE,"",21:30,TRUE
fare_DEL-BOM_AI_2026-09-10_T+7_1788471332365_vlh1,DEL-BOM,EaseMyTrip,AI,AI-2985,2026-09-10,T+7,6257,1373,7630,2026-09-03T02:31:53.921Z,FALSE,"",19:30,TRUE
fare_DEL-BOM_AI_2026-09-10_T+7_1788471332365_uge5,DEL-BOM,EaseMyTrip,AI,AI-2957,2026-09-10,T+7,6257,1373,7630,2026-09-03T02:31:53.921Z,FALSE,"",20:30,TRUE
fare_DEL-BOM_6E_2026-09-10_T+7_1788471332365_6p3r,DEL-BOM,EaseMyTrip,6E,6E-7646,2026-09-10,T+7,6120,1343,7463,2026-09-03T02:31:53.921Z,FALSE,"",06:15,FALSE
fare_DEL-BOM_6E_2026-09-10_T+7_1788471332365_mse5,DEL-BOM,EaseMyTrip,6E,6E-7642,2026-09-10,T+7,6155,1351,7506,2026-09-03T02:31:53.921Z,FALSE,"",15:45,FALSE
fare_DEL-BOM_AI_2026-09-10_T+7_1788471332365_l76y,DEL-BOM,EaseMyTrip,AI,AI-2955,2026-09-10,T+7,6395,1404,7799,2026-09-03T02:31:53.921Z,FALSE,"",18:00,TRUE
fare_DEL-BOM_AI_2026-09-10_T+7_1788471332365_lwf4,DEL-BOM,EaseMyTrip,AI,AI-2805,2026-09-10,T+7,6467,1419,7886,2026-09-03T02:31:53.921Z,FALSE,"",20:00,TRUE
fare_DEL-BOM_AI_2026-09-10_T+7_1788471332365_ejcj,DEL-BOM,EaseMyTrip,AI,AI-2977,2026-09-10,T+7,6519,1431,7950,2026-09-03T02:31:53.921Z,FALSE,"",19:00,TRUE
fare_DEL-BOM_6E_2026-09-10_T+7_1788471332365_p1ki,DEL-BOM,EaseMyTrip,6E,6E-2169,2026-09-10,T+7,6380,1401,7781,2026-09-03T02:31:53.921Z,FALSE,"",19:40,FALSE
fare_DEL-BOM_6E_2026-09-10_T+7_1788471332365_mrps,DEL-BOM,EaseMyTrip,6E,6E-177,2026-09-10,T+7,6445,1415,7860,2026-09-03T02:31:53.921Z,FALSE,"",16:10,FALSE
fare_DEL-BOM_6E_2026-09-10_T+7_1788471332365_94u6,DEL-BOM,EaseMyTrip,6E,6E-717,2026-09-10,T+7,6445,1415,7860,2026-09-03T02:31:53.921Z,FALSE,"",16:10,FALSE
fare_DEL-BOM_6E_2026-09-10_T+7_1788471332365_3sll,DEL-BOM,EaseMyTrip,6E,6E-6293,2026-09-10,T+7,7067,1551,8618,2026-09-03T02:31:53.921Z,FALSE,"",09:55,FALSE
fare_DEL-BOM_6E_2026-09-10_T+7_1788471332365_77vw,DEL-BOM,EaseMyTrip,6E,6E-6171,2026-09-10,T+7,7350,1614,8964,2026-09-03T02:31:53.921Z,FALSE,"",05:40,FALSE
fare_DEL-BOM_IX_2026-09-10_T+7_1788471332365_rmo9,DEL-BOM,EaseMyTrip,IX,IX-1049,2026-09-10,T+7,8142,1787,9929,2026-09-03T02:31:53.921Z,FALSE,"",18:40,FALSE
fare_DEL-BOM_6E_2026-09-10_T+7_1788471332365_sywd,DEL-BOM,EaseMyTrip,6E,6E-2349,2026-09-10,T+7,7637,1677,9314,2026-09-03T02:31:53.921Z,FALSE,"",10:55,FALSE
fare_DEL-BOM_AI_2026-09-10_T+7_1788471332365_1vuq,DEL-BOM,EaseMyTrip,AI,AI-2509,2026-09-10,T+7,7847,1722,9569,2026-09-03T02:31:53.921Z,FALSE,"",06:55,FALSE
fare_DEL-BOM_6E_2026-09-10_T+7_1788471332365_bfxr,DEL-BOM,EaseMyTrip,6E,6E-2496,2026-09-10,T+7,7888,1732,9620,2026-09-03T02:31:53.921Z,FALSE,"",12:40,FALSE
fare_DEL-BOM_AI_2026-09-10_T+7_1788471332365_jcy3,DEL-BOM,EaseMyTrip,AI,AI-2499,2026-09-10,T+7,8129,1785,9914,2026-09-03T02:31:53.921Z,FALSE,"",05:55,FALSE
fare_DEL-BOM_AI_2026-09-10_T+7_1788471332366_mxg8,DEL-BOM,EaseMyTrip,AI,AI-2569,2026-09-10,T+7,8129,1785,9914,2026-09-03T02:31:53.921Z,FALSE,"",20:25,FALSE
fare_DEL-BOM_AI_2026-09-10_T+7_1788471332366_js1s,DEL-BOM,EaseMyTrip,AI,AI-1717,2026-09-10,T+7,8129,1785,9914,2026-09-03T02:31:53.921Z,FALSE,"",14:20,FALSE
fare_DEL-BOM_6E_2026-09-10_T+7_1788471332366_gwd8,DEL-BOM,EaseMyTrip,6E,6E-952,2026-09-10,T+7,7995,1755,9750,2026-09-03T02:31:53.921Z,FALSE,"",19:35,FALSE
fare_DEL-BOM_6E_2026-09-10_T+7_1788471332366_upcj,DEL-BOM,EaseMyTrip,6E,6E-227,2026-09-10,T+7,7995,1755,9750,2026-09-03T02:31:53.921Z,FALSE,"",19:35,FALSE
fare_DEL-BOM_AI_2026-09-10_T+7_1788471332366_b7m3,DEL-BOM,EaseMyTrip,AI,AI-1710,2026-09-10,T+7,8646,1898,10544,2026-09-03T02:31:53.921Z,FALSE,"",18:35,FALSE
fare_DEL-BOM_AI_2026-09-10_T+7_1788471332366_3luj,DEL-BOM,EaseMyTrip,AI,AI-9920,2026-09-10,T+7,8718,1914,10632,2026-09-03T02:31:53.921Z,FALSE,"",10:50,FALSE
fare_DEL-BOM_AI_2026-09-10_T+7_1788471332366_jrkk,DEL-BOM,EaseMyTrip,AI,AI-1705,2026-09-10,T+7,8895,1952,10847,2026-09-03T02:31:53.921Z,FALSE,"",06:30,FALSE
fare_DEL-BOM_6E_2026-09-10_T+7_1788471332366_gif9,DEL-BOM,EaseMyTrip,6E,6E-5073,2026-09-10,T+7,8744,1919,10663,2026-09-03T02:31:53.921Z,FALSE,"",17:05,FALSE
fare_DEL-BOM_6E_2026-09-10_T+7_1788471332366_l88s,DEL-BOM,EaseMyTrip,6E,6E-188,2026-09-10,T+7,8999,1975,10974,2026-09-03T02:31:53.921Z,FALSE,"",12:15,FALSE
fare_DEL-BOM_6E_2026-09-10_T+7_1788471332366_n0i9,DEL-BOM,EaseMyTrip,6E,6E-257,2026-09-10,T+7,8999,1975,10974,2026-09-03T02:31:53.921Z,FALSE,"",12:15,FALSE
fare_DEL-BOM_AI_2026-09-10_T+7_1788471332366_02wa,DEL-BOM,EaseMyTrip,AI,AI-9757,2026-09-10,T+7,9551,2097,11648,2026-09-03T02:31:53.921Z,FALSE,"",11:50,FALSE
fare_DEL-BOM_6E_2026-09-10_T+7_1788471332366_c6eb,DEL-BOM,EaseMyTrip,6E,6E-379,2026-09-10,T+7,9420,2068,11488,2026-09-03T02:31:53.921Z,FALSE,"",10:00,FALSE
fare_DEL-BOM_6E_2026-09-10_T+7_1788471332366_pw34,DEL-BOM,EaseMyTrip,6E,6E-218,2026-09-10,T+7,9420,2068,11488,2026-09-03T02:31:53.921Z,FALSE,"",10:00,FALSE
fare_DEL-BOM_6E_2026-09-10_T+7_1788471332366_bcet,DEL-BOM,EaseMyTrip,6E,6E-2341,2026-09-10,T+7,10348,2272,12620,2026-09-03T02:31:53.921Z,FALSE,"",14:50,FALSE
fare_DEL-BOM_6E_2026-09-10_T+7_1788471332366_gzek,DEL-BOM,EaseMyTrip,6E,6E-6601,2026-09-10,T+7,10508,2307,12815,2026-09-03T02:31:53.921Z,FALSE,"",19:45,FALSE
fare_DEL-BOM_AI_2026-09-10_T+7_1788471332366_8iov,DEL-BOM,EaseMyTrip,AI,AI-2715,2026-09-10,T+7,11186,2455,13641,2026-09-03T02:31:53.921Z,FALSE,"",11:40,FALSE
fare_DEL-BOM_AI_2026-09-10_T+7_1788471332366_wlxh,DEL-BOM,EaseMyTrip,AI,AI-2909,2026-09-10,T+7,11186,2455,13641,2026-09-03T02:31:53.921Z,FALSE,"",22:30,FALSE
fare_DEL-BOM_AI_2026-09-10_T+7_1788471332366_yypy,DEL-BOM,EaseMyTrip,AI,AI-2545,2026-09-10,T+7,11186,2455,13641,2026-09-03T02:31:53.921Z,FALSE,"",20:30,FALSE
fare_DEL-BOM_AI_2026-09-10_T+7_1788471332366_c2a7,DEL-BOM,EaseMyTrip,AI,AI-531,2026-09-10,T+7,11186,2455,13641,2026-09-03T02:31:53.921Z,FALSE,"",19:20,FALSE
fare_DEL-BOM_AI_2026-09-10_T+7_1788471332366_hnwo,DEL-BOM,EaseMyTrip,AI,AI-809,2026-09-10,T+7,11186,2455,13641,2026-09-03T02:31:53.921Z,FALSE,"",17:40,FALSE
fare_DEL-BOM_AI_2026-09-10_T+7_1788471332366_bo18,DEL-BOM,EaseMyTrip,AI,AI-2939,2026-09-10,T+7,11273,2475,13748,2026-09-03T02:31:53.921Z,FALSE,"",16:40,FALSE
fare_DEL-BOM_IX_2026-09-10_T+7_1788471332366_f8wo,DEL-BOM,EaseMyTrip,IX,IX-5975,2026-09-10,T+7,11595,2545,14140,2026-09-03T02:31:53.921Z,FALSE,"",21:00,FALSE
fare_DEL-BOM_IX_2026-09-10_T+7_1788471332366_75kg,DEL-BOM,EaseMyTrip,IX,IX-1070,2026-09-10,T+7,11595,2545,14140,2026-09-03T02:31:53.921Z,FALSE,"",18:20,FALSE
fare_DEL-BOM_6E_2026-09-10_T+7_1788471332366_tfoh,DEL-BOM,EaseMyTrip,6E,6E-371,2026-09-10,T+7,11414,2506,13920,2026-09-03T02:31:53.921Z,FALSE,"",08:30,FALSE
fare_DEL-BOM_6E_2026-09-10_T+7_1788471332366_sj3b,DEL-BOM,EaseMyTrip,6E,6E-249,2026-09-10,T+7,11414,2506,13920,2026-09-03T02:31:53.921Z,FALSE,"",08:30,FALSE
fare_DEL-BOM_6E_2026-09-10_T+7_1788471332366_eksp,DEL-BOM,EaseMyTrip,6E,6E-5014,2026-09-10,T+7,11530,2531,14061,2026-09-03T02:31:53.921Z,FALSE,"",18:30,FALSE
fare_DEL-BOM_QP_2026-09-10_T+7_1788471332366_w6fw,DEL-BOM,EaseMyTrip,QP,QP-1815,2026-09-10,T+7,11888,2609,14497,2026-09-03T02:31:53.921Z,FALSE,"",14:55,FALSE
fare_DEL-BOM_AI_2026-09-10_T+7_1788471332366_p2u5,DEL-BOM,EaseMyTrip,AI,AI-2761,2026-09-10,T+7,12103,2657,14760,2026-09-03T02:31:53.921Z,FALSE,"",16:25,FALSE
fare_DEL-BOM_QP_2026-09-10_T+7_1788471332366_ltpi,DEL-BOM,EaseMyTrip,QP,QP-1812,2026-09-10,T+7,12313,2703,15016,2026-09-03T02:31:53.921Z,FALSE,"",22:55,FALSE
fare_DEL-BOM_AI_2026-09-10_T+7_1788471332366_15v4,DEL-BOM,EaseMyTrip,AI,AI-2907,2026-09-10,T+7,12505,2745,15250,2026-09-03T02:31:53.921Z,FALSE,"",12:00,FALSE
fare_DEL-BOM_AI_2026-09-10_T+7_1788471332366_d88h,DEL-BOM,EaseMyTrip,AI,AI-1743,2026-09-10,T+7,13065,2868,15933,2026-09-03T02:31:53.921Z,FALSE,"",06:20,FALSE
fare_DEL-BOM_IX_2026-09-10_T+7_1788471332366_rjgb,DEL-BOM,EaseMyTrip,IX,IX-1108,2026-09-10,T+7,14746,3237,17983,2026-09-03T02:31:53.921Z,TRUE,"High outlier: ₹17983 > upper fence ₹17093 (Q3: ₹10755, IQR: ₹4225)",05:00,FALSE
fare_DEL-BOM_AI_2026-09-10_T+7_1788471332366_wume,DEL-BOM,EaseMyTrip,AI,AI-491,2026-09-10,T+7,14497,3182,17679,2026-09-03T02:31:53.921Z,TRUE,"High outlier: ₹17679 > upper fence ₹17093 (Q3: ₹10755, IQR: ₹4225)",11:15,FALSE
fare_DEL-BOM_AI_2026-09-10_T+7_1788471332366_493o,DEL-BOM,EaseMyTrip,AI,AI-1773,2026-09-10,T+7,14497,3182,17679,2026-09-03T02:31:53.921Z,TRUE,"High outlier: ₹17679 > upper fence ₹17093 (Q3: ₹10755, IQR: ₹4225)",10:30,FALSE
fare_DEL-BOM_AI_2026-09-10_T+7_1788471332366_zlhf,DEL-BOM,EaseMyTrip,AI,AI-9584,2026-09-10,T+7,14501,3183,17684,2026-09-03T02:31:53.921Z,TRUE,"High outlier: ₹17684 > upper fence ₹17093 (Q3: ₹10755, IQR: ₹4225)",11:15,FALSE
fare_DEL-BOM_AI_2026-09-10_T+7_1788471332366_kdlg,DEL-BOM,EaseMyTrip,AI,AI-2577,2026-09-10,T+7,14577,3200,17777,2026-09-03T02:31:53.921Z,TRUE,"High outlier: ₹17777 > upper fence ₹17093 (Q3: ₹10755, IQR: ₹4225)",02:00,FALSE
fare_DEL-BOM_AI_2026-09-10_T+7_1788471332366_wl37,DEL-BOM,EaseMyTrip,AI,AI-2859,2026-09-10,T+7,14577,3200,17777,2026-09-03T02:31:53.921Z,TRUE,"High outlier: ₹17777 > upper fence ₹17093 (Q3: ₹10755, IQR: ₹4225)",10:30,FALSE
fare_DEL-BOM_AI_2026-09-10_T+7_1788471332366_2mzw,DEL-BOM,EaseMyTrip,AI,AI-2465,2026-09-10,T+7,14880,3266,18146,2026-09-03T02:31:53.921Z,TRUE,"High outlier: ₹18146 > upper fence ₹17093 (Q3: ₹10755, IQR: ₹4225)",14:30,FALSE
fare_DEL-BOM_IX_2026-09-10_T+7_1788471332366_yoyw,DEL-BOM,EaseMyTrip,IX,IX-1003,2026-09-10,T+7,15856,3481,19337,2026-09-03T02:31:53.921Z,TRUE,"High outlier: ₹19337 > upper fence ₹17093 (Q3: ₹10755, IQR: ₹4225)",19:10,FALSE
fare_DEL-BOM_AI_2026-09-10_T+7_1788471332366_lpg1,DEL-BOM,EaseMyTrip,AI,AI-2803,2026-09-10,T+7,16370,3593,19963,2026-09-03T02:31:53.921Z,TRUE,"High outlier: ₹19963 > upper fence ₹17093 (Q3: ₹10755, IQR: ₹4225)",06:30,FALSE
fare_DEL-BOM_AI_2026-09-10_T+7_1788471332366_fteq,DEL-BOM,EaseMyTrip,AI,AI-427,2026-09-10,T+7,16494,3621,20115,2026-09-03T02:31:53.921Z,TRUE,"High outlier: ₹20115 > upper fence ₹17093 (Q3: ₹10755, IQR: ₹4225)",08:30,FALSE
fare_DEL-BOM_AI_2026-09-10_T+7_1788471332366_ojr0,DEL-BOM,EaseMyTrip,AI,AI-1739,2026-09-10,T+7,17263,3790,21053,2026-09-03T02:31:53.921Z,TRUE,"High outlier: ₹21053 > upper fence ₹17093 (Q3: ₹10755, IQR: ₹4225)",11:30,FALSE
fare_DEL-BOM_QP_2026-09-10_T+7_1788471332366_wp8x,DEL-BOM,EaseMyTrip,QP,QP-1817,2026-09-10,T+7,17425,3825,21250,2026-09-03T02:31:53.921Z,TRUE,"High outlier: ₹21250 > upper fence ₹17093 (Q3: ₹10755, IQR: ₹4225)",10:30,FALSE
fare_DEL-BOM_SG_2026-09-10_T+7_1788471332366_mq9p,DEL-BOM,EaseMyTrip,SG,SG-403,2026-09-10,T+7,18287,4014,22301,2026-09-03T02:31:53.921Z,TRUE,"High outlier: ₹22301 > upper fence ₹17093 (Q3: ₹10755, IQR: ₹4225)",20:10,TRUE
fare_DEL-BOM_SG_2026-09-10_T+7_1788471332366_g0lp,DEL-BOM,EaseMyTrip,SG,SG-499,2026-09-10,T+7,18287,4014,22301,2026-09-03T02:31:53.921Z,TRUE,"High outlier: ₹22301 > upper fence ₹17093 (Q3: ₹10755, IQR: ₹4225)",20:10,TRUE
fare_DEL-BOM_AI_2026-09-10_T+7_1788471332366_lgch,DEL-BOM,EaseMyTrip,AI,AI-2483,2026-09-10,T+7,18475,4056,22531,2026-09-03T02:31:53.921Z,TRUE,"High outlier: ₹22531 > upper fence ₹17093 (Q3: ₹10755, IQR: ₹4225)",12:20,FALSE
fare_DEL-BOM_AI_2026-09-10_T+7_1788471332366_yu6p,DEL-BOM,EaseMyTrip,AI,AI-2525,2026-09-10,T+7,19433,4266,23699,2026-09-03T02:31:53.921Z,TRUE,"High outlier: ₹23699 > upper fence ₹17093 (Q3: ₹10755, IQR: ₹4225)",06:00,FALSE
fare_DEL-BOM_IX_2026-09-10_T+7_1788471332366_tpmu,DEL-BOM,EaseMyTrip,IX,IX-1068,2026-09-10,T+7,21400,4697,26097,2026-09-03T02:31:53.921Z,TRUE,"High outlier: ₹26097 > upper fence ₹17093 (Q3: ₹10755, IQR: ₹4225)",11:55,FALSE
fare_DEL-BOM_AI_2026-09-10_T+7_1788471332366_njg0,DEL-BOM,EaseMyTrip,AI,AI-2627,2026-09-10,T+7,34897,7660,42557,2026-09-03T02:31:53.921Z,TRUE,"High outlier: ₹42557 > upper fence ₹17093 (Q3: ₹10755, IQR: ₹4225)",10:45,FALSE
fare_DEL-BOM_SG_2026-09-10_T+7_1788471332366_8z7q,DEL-BOM,EaseMyTrip,SG,SG-663,2026-09-10,T+7,5222,1146,6368,2026-09-03T21:13:52.951Z,FALSE,"",22:30,TRUE
fare_DEL-BOM_SG_2026-09-10_T+7_1788471332366_4cbl,DEL-BOM,EaseMyTrip,SG,SG-609,2026-09-10,T+7,5222,1146,6368,2026-09-03T21:13:52.951Z,FALSE,"",22:30,TRUE
fare_DEL-BOM_IX_2026-09-10_T+7_1788471332366_opbr,DEL-BOM,EaseMyTrip,IX,IX-1273,2026-09-10,T+7,5729,1258,6987,2026-09-03T21:13:52.951Z,FALSE,"",12:20,FALSE
fare_DEL-BOM_IX_2026-09-10_T+7_1788471332366_2oh6,DEL-BOM,EaseMyTrip,IX,IX-1001,2026-09-10,T+7,5729,1258,6987,2026-09-03T21:13:52.951Z,FALSE,"",09:00,FALSE
fare_DEL-BOM_IX_2026-09-10_T+7_1788471332366_35u3,DEL-BOM,EaseMyTrip,IX,IX-1067,2026-09-10,T+7,5729,1258,6987,2026-09-03T21:13:52.951Z,FALSE,"",06:10,FALSE
fare_DEL-BOM_6E_2026-09-10_T+7_1788471332366_ajyf,DEL-BOM,EaseMyTrip,6E,6E-446,2026-09-10,T+7,5274,1158,6432,2026-09-03T21:13:52.951Z,FALSE,"",02:25,FALSE
fare_DEL-BOM_6E_2026-09-10_T+7_1788471332366_9a6b,DEL-BOM,EaseMyTrip,6E,6E-542,2026-09-10,T+7,5274,1158,6432,2026-09-03T21:13:52.951Z,FALSE,"",02:25,FALSE
fare_DEL-BOM_6E_2026-09-10_T+7_1788471332366_viwg,DEL-BOM,EaseMyTrip,6E,6E-347,2026-09-10,T+7,5274,1158,6432,2026-09-03T21:13:52.951Z,FALSE,"",23:15,FALSE
fare_DEL-BOM_6E_2026-09-10_T+7_1788471332366_ekak,DEL-BOM,EaseMyTrip,6E,6E-146,2026-09-10,T+7,5274,1158,6432,2026-09-03T21:13:52.951Z,FALSE,"",23:15,FALSE
fare_DEL-BOM_6E_2026-09-10_T+7_1788471332366_l03t,DEL-BOM,EaseMyTrip,6E,6E-434,2026-09-10,T+7,5338,1172,6510,2026-09-03T21:13:52.951Z,FALSE,"",19:30,FALSE
fare_DEL-BOM_6E_2026-09-10_T+7_1788471332366_rwwa,DEL-BOM,EaseMyTrip,6E,6E-609,2026-09-10,T+7,5338,1172,6510,2026-09-03T21:13:52.951Z,FALSE,"",19:30,FALSE
fare_DEL-BOM_6E_2026-09-10_T+7_1788471332366_eeus,DEL-BOM,EaseMyTrip,6E,6E-778,2026-09-10,T+7,5355,1175,6530,2026-09-03T21:13:52.951Z,FALSE,"",05:00,TRUE
fare_DEL-BOM_6E_2026-09-10_T+7_1788471332366_q0ju,DEL-BOM,EaseMyTrip,6E,6E-543,2026-09-10,T+7,5355,1175,6530,2026-09-03T21:13:52.951Z,FALSE,"",05:00,TRUE
fare_DEL-BOM_6E_2026-09-10_T+7_1788471332366_7yjn,DEL-BOM,EaseMyTrip,6E,6E-646,2026-09-10,T+7,5355,1175,6530,2026-09-03T21:13:52.951Z,FALSE,"",23:30,TRUE
fare_DEL-BOM_6E_2026-09-10_T+7_1788471332366_ii21,DEL-BOM,EaseMyTrip,6E,6E-429,2026-09-10,T+7,5355,1175,6530,2026-09-03T21:13:52.951Z,FALSE,"",23:30,TRUE
fare_DEL-BOM_6E_2026-09-10_T+7_1788471332366_48ci,DEL-BOM,EaseMyTrip,6E,6E-163,2026-09-10,T+7,5355,1175,6530,2026-09-03T21:13:52.951Z,FALSE,"",16:15,TRUE
fare_DEL-BOM_6E_2026-09-10_T+7_1788471332366_kt22,DEL-BOM,EaseMyTrip,6E,6E-521,2026-09-10,T+7,5355,1175,6530,2026-09-03T21:13:52.951Z,FALSE,"",16:15,TRUE
fare_DEL-BOM_6E_2026-09-10_T+7_1788471332366_yw0q,DEL-BOM,EaseMyTrip,6E,6E-119,2026-09-10,T+7,5355,1175,6530,2026-09-03T21:13:52.951Z,FALSE,"",15:30,TRUE
fare_DEL-BOM_6E_2026-09-10_T+7_1788471332366_zypc,DEL-BOM,EaseMyTrip,6E,6E-759,2026-09-10,T+7,5355,1175,6530,2026-09-03T21:13:52.951Z,FALSE,"",15:30,TRUE
fare_DEL-BOM_6E_2026-09-10_T+7_1788471332366_1cxb,DEL-BOM,EaseMyTrip,6E,6E-199,2026-09-10,T+7,5355,1175,6530,2026-09-03T21:13:52.951Z,FALSE,"",08:45,TRUE
fare_DEL-BOM_6E_2026-09-10_T+7_1788471332366_vzgk,DEL-BOM,EaseMyTrip,6E,6E-220,2026-09-10,T+7,5355,1175,6530,2026-09-03T21:13:52.951Z,FALSE,"",08:45,TRUE
fare_DEL-BOM_6E_2026-09-10_T+7_1788471332366_xwqb,DEL-BOM,EaseMyTrip,6E,6E-305,2026-09-10,T+7,5355,1175,6530,2026-09-03T21:13:52.951Z,FALSE,"",13:00,TRUE
fare_DEL-BOM_6E_2026-09-10_T+7_1788471332366_osm6,DEL-BOM,EaseMyTrip,6E,6E-534,2026-09-10,T+7,5355,1175,6530,2026-09-03T21:13:52.951Z,FALSE,"",13:00,TRUE
fare_DEL-BOM_6E_2026-09-10_T+7_1788471332366_knl6,DEL-BOM,EaseMyTrip,6E,6E-673,2026-09-10,T+7,5484,1204,6688,2026-09-03T21:13:52.951Z,FALSE,"",21:45,TRUE
fare_DEL-BOM_6E_2026-09-10_T+7_1788471332366_i1o9,DEL-BOM,EaseMyTrip,6E,6E-191,2026-09-10,T+7,5484,1204,6688,2026-09-03T21:13:52.951Z,FALSE,"",21:45,TRUE
fare_DEL-BOM_6E_2026-09-10_T+7_1788471332366_11tb,DEL-BOM,EaseMyTrip,6E,6E-891,2026-09-10,T+7,5484,1204,6688,2026-09-03T21:13:52.951Z,FALSE,"",18:00,TRUE
fare_DEL-BOM_6E_2026-09-10_T+7_1788471332366_pxp5,DEL-BOM,EaseMyTrip,6E,6E-685,2026-09-10,T+7,5484,1204,6688,2026-09-03T21:13:52.951Z,FALSE,"",18:00,TRUE
fare_DEL-BOM_6E_2026-09-10_T+7_1788471332366_dljp,DEL-BOM,EaseMyTrip,6E,6E-939,2026-09-10,T+7,5656,1242,6898,2026-09-03T21:13:52.951Z,FALSE,"",20:00,TRUE
fare_DEL-BOM_6E_2026-09-10_T+7_1788471332366_usol,DEL-BOM,EaseMyTrip,6E,6E-518,2026-09-10,T+7,5656,1242,6898,2026-09-03T21:13:52.951Z,FALSE,"",20:00,TRUE
fare_DEL-BOM_6E_2026-09-10_T+7_1788471332366_wd4l,DEL-BOM,EaseMyTrip,6E,6E-388,2026-09-10,T+7,5656,1242,6898,2026-09-03T21:13:52.951Z,FALSE,"",19:00,TRUE
fare_DEL-BOM_6E_2026-09-10_T+7_1788471332366_opw8,DEL-BOM,EaseMyTrip,6E,6E-248,2026-09-10,T+7,5656,1242,6898,2026-09-03T21:13:52.951Z,FALSE,"",19:00,TRUE
fare_DEL-BOM_6E_2026-09-10_T+7_1788471332366_zkom,DEL-BOM,EaseMyTrip,6E,6E-339,2026-09-10,T+7,5656,1242,6898,2026-09-03T21:13:52.951Z,FALSE,"",20:45,TRUE
fare_DEL-BOM_6E_2026-09-10_T+7_1788471332366_e4rk,DEL-BOM,EaseMyTrip,6E,6E-386,2026-09-10,T+7,5656,1242,6898,2026-09-03T21:13:52.951Z,FALSE,"",08:00,TRUE
fare_DEL-BOM_6E_2026-09-10_T+7_1788471332366_4ymg,DEL-BOM,EaseMyTrip,6E,6E-688,2026-09-10,T+7,5656,1242,6898,2026-09-03T21:13:52.951Z,FALSE,"",08:00,TRUE
fare_DEL-BOM_6E_2026-09-10_T+7_1788471332366_9q43,DEL-BOM,EaseMyTrip,6E,6E-753,2026-09-10,T+7,5698,1251,6949,2026-09-03T21:13:52.951Z,FALSE,"",20:20,TRUE
fare_DEL-BOM_6E_2026-09-10_T+7_1788471332366_3q10,DEL-BOM,EaseMyTrip,6E,6E-699,2026-09-10,T+7,5698,1251,6949,2026-09-03T21:13:52.951Z,FALSE,"",20:20,TRUE
fare_DEL-BOM_6E_2026-09-10_T+7_1788471332366_zk4b,DEL-BOM,EaseMyTrip,6E,6E-444,2026-09-10,T+7,5978,1312,7290,2026-09-03T21:13:52.951Z,FALSE,"",16:10,FALSE
fare_DEL-BOM_6E_2026-09-10_T+7_1788471332366_e77f,DEL-BOM,EaseMyTrip,6E,6E-551,2026-09-10,T+7,5978,1312,7290,2026-09-03T21:13:52.951Z,FALSE,"",16:10,FALSE
fare_DEL-BOM_SG_2026-09-10_T+7_1788471332366_o8yn,DEL-BOM,EaseMyTrip,SG,SG-566,2026-09-10,T+7,7256,1593,8849,2026-09-03T21:13:52.951Z,FALSE,"",20:10,TRUE
fare_DEL-BOM_SG_2026-09-10_T+7_1788471332366_liap,DEL-BOM,EaseMyTrip,SG,SG-605,2026-09-10,T+7,7256,1593,8849,2026-09-03T21:13:52.951Z,FALSE,"",20:10,TRUE
fare_DEL-BOM_6E_2026-09-10_T+7_1788471332366_0ivb,DEL-BOM,EaseMyTrip,6E,6E-212,2026-09-10,T+7,8999,1975,10974,2026-09-03T21:13:52.951Z,FALSE,"",12:15,FALSE
fare_DEL-BOM_6E_2026-09-10_T+7_1788471332366_hdhp,DEL-BOM,EaseMyTrip,6E,6E-421,2026-09-10,T+7,8999,1975,10974,2026-09-03T21:13:52.951Z,FALSE,"",12:15,FALSE
fare_DEL-BOM_6E_2026-09-10_T+7_1788471332366_tyzh,DEL-BOM,EaseMyTrip,6E,6E-114,2026-09-10,T+7,9071,1991,11062,2026-09-03T21:13:52.951Z,FALSE,"",19:35,FALSE
fare_DEL-BOM_6E_2026-09-10_T+7_1788471332366_v6o5,DEL-BOM,EaseMyTrip,6E,6E-131,2026-09-10,T+7,9071,1991,11062,2026-09-03T21:13:52.951Z,FALSE,"",19:35,FALSE
fare_DEL-BOM_IX_2026-09-10_T+7_1788471332366_u8sl,DEL-BOM,EaseMyTrip,IX,IX-1812,2026-09-10,T+7,9783,2147,11930,2026-09-03T21:13:52.951Z,FALSE,"",11:15,FALSE
fare_DEL-BOM_IX_2026-09-10_T+7_1788471332366_opbe,DEL-BOM,EaseMyTrip,IX,IX-1811,2026-09-10,T+7,9783,2147,11930,2026-09-03T21:13:52.951Z,FALSE,"",06:50,FALSE
fare_DEL-BOM_AI_2026-09-10_T+7_1788471332366_ltki,DEL-BOM,EaseMyTrip,AI,AI-9759,2026-09-10,T+7,9551,2097,11648,2026-09-03T21:13:52.951Z,FALSE,"",05:45,FALSE
fare_DEL-BOM_6E_2026-09-10_T+7_1788471332366_aet9,DEL-BOM,EaseMyTrip,6E,6E-883,2026-09-10,T+7,11936,2620,14556,2026-09-03T21:13:52.951Z,FALSE,"",08:30,FALSE
fare_DEL-BOM_AI_2026-09-10_T+7_1788471332366_pg78,DEL-BOM,EaseMyTrip,AI,AI-1757,2026-09-10,T+7,12505,2745,15250,2026-09-03T21:13:52.951Z,FALSE,"",15:40,FALSE
fare_DEL-BOM_6E_2026-09-10_T+7_1788471332366_lkwd,DEL-BOM,EaseMyTrip,6E,6E-310,2026-09-10,T+7,12864,2824,15688,2026-09-03T21:13:52.951Z,FALSE,"",10:00,FALSE
fare_DEL-BOM_IX_2026-09-10_T+7_1788471332366_ds4j,DEL-BOM,EaseMyTrip,IX,IX-1815,2026-09-10,T+7,14603,3205,17808,2026-09-03T21:13:52.951Z,TRUE,"High outlier: ₹17808 > upper fence ₹17093 (Q3: ₹10755, IQR: ₹4225)",19:05,FALSE
fare_DEL-BOM_AI_2026-09-10_T+7_1788471332366_shj2,DEL-BOM,EaseMyTrip,AI,AI-2535,2026-09-10,T+7,17451,3831,21282,2026-09-03T21:13:52.951Z,TRUE,"High outlier: ₹21282 > upper fence ₹17093 (Q3: ₹10755, IQR: ₹4225)",06:40,FALSE
fare_DEL-BOM_AI_2026-09-10_T+7_1788471332366_n7en,DEL-BOM,EaseMyTrip,AI,AI-2473,2026-09-10,T+7,33217,7292,40509,2026-09-03T21:13:52.951Z,TRUE,"High outlier: ₹40509 > upper fence ₹17093 (Q3: ₹10755, IQR: ₹4225)",15:25,FALSE