id,route_id,source,carrier,flight_number,flight_date,booking_window,base_fare,taxes,total_fare,scraped_at,is_outlier,outlier_reason,departure_time,is_nonstop
fare_BOM-DEL_IX_2026-09-18_T+15_1788404009197_ewn8,BOM-DEL,EaseMyTrip,IX,IX-1787,2026-09-18,T+15,5595,1228,6823,2026-09-03T02:32:33.222Z,FALSE,"",13:10,FALSE
fare_BOM-DEL_IX_2026-09-18_T+15_1788404009197_zyce,BOM-DEL,EaseMyTrip,IX,IX-1809,2026-09-18,T+15,5380,1181,6561,2026-09-03T02:32:33.222Z,FALSE,"",07:30,FALSE
fare_BOM-DEL_6E_2026-09-18_T+15_1788404009197_8pcn,BOM-DEL,EaseMyTrip,6E,6E-5095,2026-09-18,T+15,5014,1101,6115,2026-09-03T02:32:33.222Z,FALSE,"",09:20,TRUE
fare_BOM-DEL_IX_2026-09-18_T+15_1788404009197_21bh,BOM-DEL,EaseMyTrip,IX,IX-1050,2026-09-18,T+15,5380,1181,6561,2026-09-03T02:32:33.222Z,FALSE,"",08:55,TRUE
fare_BOM-DEL_IX_2026-09-18_T+15_1788404009197_5art,BOM-DEL,EaseMyTrip,IX,IX-1364,2026-09-18,T+15,5380,1181,6561,2026-09-03T02:32:33.222Z,FALSE,"",21:55,TRUE
fare_BOM-DEL_IX_2026-09-18_T+15_1788404009197_34ps,BOM-DEL,EaseMyTrip,IX,IX-1026,2026-09-18,T+15,5930,1302,7232,2026-09-03T02:32:33.222Z,FALSE,"",05:45,FALSE
fare_BOM-DEL_IX_2026-09-18_T+15_1788404009197_3nl0,BOM-DEL,EaseMyTrip,IX,IX-2153,2026-09-18,T+15,5552,1219,6771,2026-09-03T02:32:33.222Z,FALSE,"",20:25,TRUE
fare_BOM-DEL_QP_2026-09-18_T+15_1788404009197_oc6w,BOM-DEL,EaseMyTrip,QP,QP-2071,2026-09-18,T+15,5330,1170,6500,2026-09-03T02:32:33.222Z,FALSE,"",06:05,TRUE
fare_BOM-DEL_IX_2026-09-18_T+15_1788404009197_gyow,BOM-DEL,EaseMyTrip,IX,IX-1671,2026-09-18,T+15,5626,1235,6861,2026-09-03T02:32:33.222Z,FALSE,"",16:45,TRUE
fare_BOM-DEL_6E_2026-09-18_T+15_1788404009197_opd6,BOM-DEL,EaseMyTrip,6E,6E-2090,2026-09-18,T+15,5380,1181,6561,2026-09-03T02:32:33.222Z,FALSE,"",06:25,TRUE
fare_BOM-DEL_QP_2026-09-18_T+15_1788404009197_tocp,BOM-DEL,EaseMyTrip,QP,QP-1111,2026-09-18,T+15,5381,1181,6562,2026-09-03T02:32:33.222Z,FALSE,"",05:25,TRUE
fare_BOM-DEL_QP_2026-09-18_T+15_1788404009197_0cdw,BOM-DEL,EaseMyTrip,QP,QP-1819,2026-09-18,T+15,5381,1181,6562,2026-09-03T02:32:33.222Z,FALSE,"",14:30,TRUE
fare_BOM-DEL_QP_2026-09-18_T+15_1788404009197_xh6g,BOM-DEL,EaseMyTrip,QP,QP-1834,2026-09-18,T+15,5381,1181,6562,2026-09-03T02:32:33.222Z,FALSE,"",10:20,TRUE
fare_BOM-DEL_QP_2026-09-18_T+15_1788404009197_009b,BOM-DEL,EaseMyTrip,QP,QP-1127,2026-09-18,T+15,5381,1181,6562,2026-09-03T02:32:33.222Z,FALSE,"",12:55,TRUE
fare_BOM-DEL_QP_2026-09-18_T+15_1788404009197_2jpq,BOM-DEL,EaseMyTrip,QP,QP-1825,2026-09-18,T+15,5381,1181,6562,2026-09-03T02:32:33.222Z,FALSE,"",16:50,TRUE
fare_BOM-DEL_QP_2026-09-18_T+15_1788404009197_kf17,BOM-DEL,EaseMyTrip,QP,QP-1835,2026-09-18,T+15,5381,1181,6562,2026-09-03T02:32:33.222Z,FALSE,"",11:50,TRUE
fare_BOM-DEL_6E_2026-09-18_T+15_1788404009197_ssyb,BOM-DEL,EaseMyTrip,6E,6E-107,2026-09-18,T+15,5381,1181,6562,2026-09-03T02:32:33.222Z,FALSE,"",05:00,TRUE
fare_BOM-DEL_6E_2026-09-18_T+15_1788404009197_bn45,BOM-DEL,EaseMyTrip,6E,6E-770,2026-09-18,T+15,5381,1181,6562,2026-09-03T02:32:33.222Z,FALSE,"",05:00,TRUE
fare_BOM-DEL_6E_2026-09-18_T+15_1788404009197_wuaa,BOM-DEL,EaseMyTrip,6E,6E-442,2026-09-18,T+15,5381,1181,6562,2026-09-03T02:32:33.222Z,FALSE,"",16:00,TRUE
fare_BOM-DEL_6E_2026-09-18_T+15_1788404009197_ty4p,BOM-DEL,EaseMyTrip,6E,6E-810,2026-09-18,T+15,5381,1181,6562,2026-09-03T02:32:33.222Z,FALSE,"",16:00,TRUE
fare_BOM-DEL_6E_2026-09-18_T+15_1788404009197_el6p,BOM-DEL,EaseMyTrip,6E,6E-967,2026-09-18,T+15,5381,1181,6562,2026-09-03T02:32:33.222Z,FALSE,"",15:00,TRUE
fare_BOM-DEL_6E_2026-09-18_T+15_1788404009197_xll5,BOM-DEL,EaseMyTrip,6E,6E-411,2026-09-18,T+15,5381,1181,6562,2026-09-03T02:32:33.222Z,FALSE,"",15:00,TRUE
fare_BOM-DEL_6E_2026-09-18_T+15_1788404009197_ahgh,BOM-DEL,EaseMyTrip,6E,6E-6704,2026-09-18,T+15,5381,1181,6562,2026-09-03T02:32:33.222Z,FALSE,"",14:00,TRUE
fare_BOM-DEL_6E_2026-09-18_T+15_1788404009197_g7dt,BOM-DEL,EaseMyTrip,6E,6E-6028,2026-09-18,T+15,5381,1181,6562,2026-09-03T02:32:33.222Z,FALSE,"",12:15,TRUE
fare_BOM-DEL_6E_2026-09-18_T+15_1788404009197_30yk,BOM-DEL,EaseMyTrip,6E,6E-482,2026-09-18,T+15,5381,1181,6562,2026-09-03T02:32:33.222Z,FALSE,"",13:00,TRUE
fare_BOM-DEL_6E_2026-09-18_T+15_1788404009197_air3,BOM-DEL,EaseMyTrip,6E,6E-175,2026-09-18,T+15,5381,1181,6562,2026-09-03T02:32:33.222Z,FALSE,"",13:00,TRUE
fare_BOM-DEL_6E_2026-09-18_T+15_1788404009197_70wq,BOM-DEL,EaseMyTrip,6E,6E-6052,2026-09-18,T+15,5381,1181,6562,2026-09-03T02:32:33.222Z,FALSE,"",10:00,TRUE
fare_BOM-DEL_6E_2026-09-18_T+15_1788404009197_ze7s,BOM-DEL,EaseMyTrip,6E,6E-690,2026-09-18,T+15,5381,1181,6562,2026-09-03T02:32:33.222Z,FALSE,"",10:35,TRUE
fare_BOM-DEL_6E_2026-09-18_T+15_1788404009197_y0xs,BOM-DEL,EaseMyTrip,6E,6E-536,2026-09-18,T+15,5381,1181,6562,2026-09-03T02:32:33.222Z,FALSE,"",10:35,TRUE
fare_BOM-DEL_6E_2026-09-18_T+15_1788404009197_q4ew,BOM-DEL,EaseMyTrip,6E,6E-6827,2026-09-18,T+15,5381,1181,6562,2026-09-03T02:32:33.222Z,FALSE,"",11:30,TRUE
fare_BOM-DEL_6E_2026-09-18_T+15_1788404009197_r0dz,BOM-DEL,EaseMyTrip,6E,6E-983,2026-09-18,T+15,5381,1181,6562,2026-09-03T02:32:33.222Z,FALSE,"",09:00,TRUE
fare_BOM-DEL_6E_2026-09-18_T+15_1788404009197_lp2i,BOM-DEL,EaseMyTrip,6E,6E-679,2026-09-18,T+15,5381,1181,6562,2026-09-03T02:32:33.222Z,FALSE,"",09:00,TRUE
fare_BOM-DEL_QP_2026-09-18_T+15_1788404009197_qi2t,BOM-DEL,EaseMyTrip,QP,QP-1939,2026-09-18,T+15,5423,1191,6614,2026-09-03T02:32:33.222Z,FALSE,"",10:10,TRUE
fare_BOM-DEL_6E_2026-09-18_T+15_1788404009197_4tti,BOM-DEL,EaseMyTrip,6E,6E-5197,2026-09-18,T+15,5423,1191,6614,2026-09-03T02:32:33.222Z,FALSE,"",06:40,TRUE
fare_BOM-DEL_6E_2026-09-18_T+15_1788404009197_cg0a,BOM-DEL,EaseMyTrip,6E,6E-2237,2026-09-18,T+15,5457,1198,6655,2026-09-03T02:32:33.222Z,FALSE,"",18:40,FALSE
fare_BOM-DEL_6E_2026-09-18_T+15_1788404009197_wfrb,BOM-DEL,EaseMyTrip,6E,6E-5059,2026-09-18,T+15,5457,1198,6655,2026-09-03T02:32:33.222Z,FALSE,"",05:45,FALSE
fare_BOM-DEL_6E_2026-09-18_T+15_1788404009197_oi52,BOM-DEL,EaseMyTrip,6E,6E-105,2026-09-18,T+15,5457,1198,6655,2026-09-03T02:32:33.222Z,FALSE,"",14:40,FALSE
fare_BOM-DEL_6E_2026-09-18_T+15_1788404009197_ueg2,BOM-DEL,EaseMyTrip,6E,6E-564,2026-09-18,T+15,5457,1198,6655,2026-09-03T02:32:33.222Z,FALSE,"",14:40,FALSE
fare_BOM-DEL_6E_2026-09-18_T+15_1788404009197_iki5,BOM-DEL,EaseMyTrip,6E,6E-247,2026-09-18,T+15,5457,1198,6655,2026-09-03T02:32:33.222Z,FALSE,"",01:30,FALSE
fare_BOM-DEL_6E_2026-09-18_T+15_1788404009197_ajap,BOM-DEL,EaseMyTrip,6E,6E-358,2026-09-18,T+15,5457,1198,6655,2026-09-03T02:32:33.222Z,FALSE,"",01:30,FALSE
fare_BOM-DEL_6E_2026-09-18_T+15_1788404009197_511l,BOM-DEL,EaseMyTrip,6E,6E-512,2026-09-18,T+15,5457,1198,6655,2026-09-03T02:32:33.222Z,FALSE,"",04:00,FALSE
fare_BOM-DEL_6E_2026-09-18_T+15_1788404009197_xoac,BOM-DEL,EaseMyTrip,6E,6E-422,2026-09-18,T+15,5457,1198,6655,2026-09-03T02:32:33.222Z,FALSE,"",04:00,FALSE
fare_BOM-DEL_6E_2026-09-18_T+15_1788404009197_ksyd,BOM-DEL,EaseMyTrip,6E,6E-5144,2026-09-18,T+15,5457,1198,6655,2026-09-03T02:32:33.222Z,FALSE,"",06:10,FALSE
fare_BOM-DEL_6E_2026-09-18_T+15_1788404009197_oif2,BOM-DEL,EaseMyTrip,6E,6E-2347,2026-09-18,T+15,5457,1198,6655,2026-09-03T02:32:33.222Z,FALSE,"",08:50,FALSE
fare_BOM-DEL_6E_2026-09-18_T+15_1788404009197_xgk1,BOM-DEL,EaseMyTrip,6E,6E-5107,2026-09-18,T+15,5457,1198,6655,2026-09-03T02:32:33.222Z,FALSE,"",20:00,FALSE
fare_BOM-DEL_6E_2026-09-18_T+15_1788404009197_w6uf,BOM-DEL,EaseMyTrip,6E,6E-5201,2026-09-18,T+15,5457,1198,6655,2026-09-03T02:32:33.222Z,FALSE,"",14:55,FALSE
fare_BOM-DEL_6E_2026-09-18_T+15_1788404009197_4gov,BOM-DEL,EaseMyTrip,6E,6E-196,2026-09-18,T+15,5510,1210,6720,2026-09-03T02:32:33.222Z,FALSE,"",23:45,TRUE
fare_BOM-DEL_6E_2026-09-18_T+15_1788404009197_4zwe,BOM-DEL,EaseMyTrip,6E,6E-597,2026-09-18,T+15,5510,1210,6720,2026-09-03T02:32:33.222Z,FALSE,"",23:45,TRUE
fare_BOM-DEL_6E_2026-09-18_T+15_1788404009197_9a1l,BOM-DEL,EaseMyTrip,6E,6E-6082,2026-09-18,T+15,5510,1210,6720,2026-09-03T02:32:33.222Z,FALSE,"",16:45,TRUE
fare_BOM-DEL_6E_2026-09-18_T+15_1788404009197_2qzf,BOM-DEL,EaseMyTrip,6E,6E-497,2026-09-18,T+15,5510,1210,6720,2026-09-03T02:32:33.222Z,FALSE,"",06:00,TRUE
fare_BOM-DEL_6E_2026-09-18_T+15_1788404009197_a7kx,BOM-DEL,EaseMyTrip,6E,6E-252,2026-09-18,T+15,5510,1210,6720,2026-09-03T02:32:33.222Z,FALSE,"",06:00,TRUE
fare_BOM-DEL_6E_2026-09-18_T+15_1788404009197_b2ba,BOM-DEL,EaseMyTrip,6E,6E-6027,2026-09-18,T+15,5565,1221,6786,2026-09-03T02:32:33.222Z,FALSE,"",17:35,FALSE
fare_BOM-DEL_6E_2026-09-18_T+15_1788404009197_swmb,BOM-DEL,EaseMyTrip,6E,6E-6599,2026-09-18,T+15,5565,1221,6786,2026-09-03T02:32:33.222Z,FALSE,"",16:50,FALSE
fare_BOM-DEL_6E_2026-09-18_T+15_1788404009197_avtm,BOM-DEL,EaseMyTrip,6E,6E-5147,2026-09-18,T+15,5565,1221,6786,2026-09-03T02:32:33.222Z,FALSE,"",18:35,FALSE
fare_BOM-DEL_6E_2026-09-18_T+15_1788404009197_crbu,BOM-DEL,EaseMyTrip,6E,6E-5164,2026-09-18,T+15,5565,1221,6786,2026-09-03T02:32:33.222Z,FALSE,"",20:20,FALSE
fare_BOM-DEL_6E_2026-09-18_T+15_1788404009197_4hjc,BOM-DEL,EaseMyTrip,6E,6E-6058,2026-09-18,T+15,5565,1221,6786,2026-09-03T02:32:33.222Z,FALSE,"",08:05,FALSE
fare_BOM-DEL_6E_2026-09-18_T+15_1788404009197_wjx1,BOM-DEL,EaseMyTrip,6E,6E-5181,2026-09-18,T+15,5565,1221,6786,2026-09-03T02:32:33.222Z,FALSE,"",10:25,FALSE
fare_BOM-DEL_6E_2026-09-18_T+15_1788404009197_l295,BOM-DEL,EaseMyTrip,6E,6E-5154,2026-09-18,T+15,5565,1221,6786,2026-09-03T02:32:33.222Z,FALSE,"",15:45,FALSE
fare_BOM-DEL_6E_2026-09-18_T+15_1788404009197_cifd,BOM-DEL,EaseMyTrip,6E,6E-5131,2026-09-18,T+15,5565,1221,6786,2026-09-03T02:32:33.222Z,FALSE,"",15:50,FALSE
fare_BOM-DEL_6E_2026-09-18_T+15_1788404009197_l5ux,BOM-DEL,EaseMyTrip,6E,6E-5273,2026-09-18,T+15,5565,1221,6786,2026-09-03T02:32:33.222Z,FALSE,"",18:35,FALSE
fare_BOM-DEL_6E_2026-09-18_T+15_1788404009197_skmb,BOM-DEL,EaseMyTrip,6E,6E-6122,2026-09-18,T+15,5565,1221,6786,2026-09-03T02:32:33.222Z,FALSE,"",12:25,FALSE
fare_BOM-DEL_6E_2026-09-18_T+15_1788404009197_chp7,BOM-DEL,EaseMyTrip,6E,6E-5345,2026-09-18,T+15,5565,1221,6786,2026-09-03T02:32:33.222Z,FALSE,"",14:25,FALSE
fare_BOM-DEL_QP_2026-09-18_T+15_1788404009197_lru5,BOM-DEL,EaseMyTrip,QP,QP-1109,2026-09-18,T+15,5578,1224,6802,2026-09-03T02:32:33.222Z,FALSE,"",07:00,TRUE
fare_BOM-DEL_AI_2026-09-18_T+15_1788404009197_oj57,BOM-DEL,EaseMyTrip,AI,AI-2677,2026-09-18,T+15,5766,1266,7032,2026-09-03T02:32:33.222Z,FALSE,"",13:00,TRUE
fare_BOM-DEL_AI_2026-09-18_T+15_1788404009197_hvrr,BOM-DEL,EaseMyTrip,AI,AI-2422,2026-09-18,T+15,5766,1266,7032,2026-09-03T02:32:33.222Z,FALSE,"",01:00,TRUE
fare_BOM-DEL_AI_2026-09-18_T+15_1788404009197_xviw,BOM-DEL,EaseMyTrip,AI,AI-2452,2026-09-18,T+15,5766,1266,7032,2026-09-03T02:32:33.222Z,FALSE,"",03:05,TRUE
fare_BOM-DEL_AI_2026-09-18_T+15_1788404009197_p06j,BOM-DEL,EaseMyTrip,AI,AI-2432,2026-09-18,T+15,5766,1266,7032,2026-09-03T02:32:33.222Z,FALSE,"",09:30,TRUE
fare_BOM-DEL_AI_2026-09-18_T+15_1788404009197_m8os,BOM-DEL,EaseMyTrip,AI,AI-2430,2026-09-18,T+15,5766,1266,7032,2026-09-03T02:32:33.222Z,FALSE,"",10:00,TRUE
fare_BOM-DEL_AI_2026-09-18_T+15_1788404009197_615t,BOM-DEL,EaseMyTrip,AI,AI-2952,2026-09-18,T+15,5766,1266,7032,2026-09-03T02:32:33.222Z,FALSE,"",11:25,TRUE
fare_BOM-DEL_AI_2026-09-18_T+15_1788404009197_jlpq,BOM-DEL,EaseMyTrip,AI,AI-2960,2026-09-18,T+15,5766,1266,7032,2026-09-03T02:32:33.222Z,FALSE,"",14:05,TRUE
fare_BOM-DEL_AI_2026-09-18_T+15_1788404009197_ipud,BOM-DEL,EaseMyTrip,AI,AI-2944,2026-09-18,T+15,5766,1266,7032,2026-09-03T02:32:33.222Z,FALSE,"",14:35,TRUE
fare_BOM-DEL_AI_2026-09-18_T+15_1788404009197_xrrd,BOM-DEL,EaseMyTrip,AI,AI-2442,2026-09-18,T+15,5766,1266,7032,2026-09-03T02:32:33.222Z,FALSE,"",15:00,TRUE
fare_BOM-DEL_AI_2026-09-18_T+15_1788404009197_g7sx,BOM-DEL,EaseMyTrip,AI,AI-1851,2026-09-18,T+15,5766,1266,7032,2026-09-03T02:32:33.222Z,FALSE,"",15:30,TRUE
fare_BOM-DEL_AI_2026-09-18_T+15_1788404009197_ibgh,BOM-DEL,EaseMyTrip,AI,AI-2687,2026-09-18,T+15,5766,1266,7032,2026-09-03T02:32:33.222Z,FALSE,"",11:25,TRUE
fare_BOM-DEL_6E_2026-09-18_T+15_1788404009197_m8r8,BOM-DEL,EaseMyTrip,6E,6E-5028,2026-09-18,T+15,5629,1236,6865,2026-09-03T02:32:33.222Z,FALSE,"",19:35,FALSE
fare_BOM-DEL_6E_2026-09-18_T+15_1788404009197_blc7,BOM-DEL,EaseMyTrip,6E,6E-2138,2026-09-18,T+15,5638,1238,6876,2026-09-03T02:32:33.222Z,FALSE,"",16:20,FALSE
fare_BOM-DEL_6E_2026-09-18_T+15_1788404009197_3078,BOM-DEL,EaseMyTrip,6E,6E-5238,2026-09-18,T+15,5638,1238,6876,2026-09-03T02:32:33.222Z,FALSE,"",18:25,FALSE
fare_BOM-DEL_6E_2026-09-18_T+15_1788404009197_fqdk,BOM-DEL,EaseMyTrip,6E,6E-224,2026-09-18,T+15,5683,1247,6930,2026-09-03T02:32:33.222Z,FALSE,"",22:15,TRUE
fare_BOM-DEL_6E_2026-09-18_T+15_1788404009197_cm0m,BOM-DEL,EaseMyTrip,6E,6E-101,2026-09-18,T+15,5683,1247,6930,2026-09-03T02:32:33.222Z,FALSE,"",21:15,TRUE
fare_BOM-DEL_6E_2026-09-18_T+15_1788404009197_kl4t,BOM-DEL,EaseMyTrip,6E,6E-759,2026-09-18,T+15,5683,1247,6930,2026-09-03T02:32:33.222Z,FALSE,"",21:15,TRUE
fare_BOM-DEL_6E_2026-09-18_T+15_1788404009197_4hxa,BOM-DEL,EaseMyTrip,6E,6E-766,2026-09-18,T+15,5683,1247,6930,2026-09-03T02:32:33.222Z,FALSE,"",17:20,TRUE
fare_BOM-DEL_6E_2026-09-18_T+15_1788404009197_leqz,BOM-DEL,EaseMyTrip,6E,6E-424,2026-09-18,T+15,5683,1247,6930,2026-09-03T02:32:33.222Z,FALSE,"",17:20,TRUE
fare_BOM-DEL_6E_2026-09-18_T+15_1788404009197_yijf,BOM-DEL,EaseMyTrip,6E,6E-126,2026-09-18,T+15,5683,1247,6930,2026-09-03T02:32:33.222Z,FALSE,"",07:00,TRUE
fare_BOM-DEL_6E_2026-09-18_T+15_1788404009197_1eyr,BOM-DEL,EaseMyTrip,6E,6E-557,2026-09-18,T+15,5683,1247,6930,2026-09-03T02:32:33.222Z,FALSE,"",07:00,TRUE
fare_BOM-DEL_6E_2026-09-18_T+15_1788404009197_2dlm,BOM-DEL,EaseMyTrip,6E,6E-226,2026-09-18,T+15,5683,1247,6930,2026-09-03T02:32:33.222Z,FALSE,"",08:00,TRUE
fare_BOM-DEL_6E_2026-09-18_T+15_1788404009197_0yxb,BOM-DEL,EaseMyTrip,6E,6E-232,2026-09-18,T+15,5683,1247,6930,2026-09-03T02:32:33.222Z,FALSE,"",08:00,TRUE
fare_BOM-DEL_6E_2026-09-18_T+15_1788404009197_yr8e,BOM-DEL,EaseMyTrip,6E,6E-6543,2026-09-18,T+15,5718,1255,6973,2026-09-03T02:32:33.222Z,FALSE,"",07:50,FALSE
fare_BOM-DEL_SG_2026-09-18_T+15_1788404009197_koam,BOM-DEL,EaseMyTrip,SG,SG-128,2026-09-18,T+15,6445,1415,7860,2026-09-03T02:32:33.222Z,FALSE,"",23:25,TRUE
fare_BOM-DEL_SG_2026-09-18_T+15_1788404009197_d55t,BOM-DEL,EaseMyTrip,SG,SG-764,2026-09-18,T+15,6445,1415,7860,2026-09-03T02:32:33.222Z,FALSE,"",23:25,TRUE
fare_BOM-DEL_6E_2026-09-18_T+15_1788404009197_ahiz,BOM-DEL,EaseMyTrip,6E,6E-868,2026-09-18,T+15,5724,1257,6981,2026-09-03T02:32:33.222Z,FALSE,"",17:20,TRUE
fare_BOM-DEL_6E_2026-09-18_T+15_1788404009197_40rw,BOM-DEL,EaseMyTrip,6E,6E-488,2026-09-18,T+15,5724,1257,6981,2026-09-03T02:32:33.222Z,FALSE,"",17:20,TRUE
fare_BOM-DEL_AI_2026-09-18_T+15_1788404009197_9ph9,BOM-DEL,EaseMyTrip,AI,AI-2928,2026-09-18,T+15,5897,1294,7191,2026-09-03T02:32:33.222Z,FALSE,"",06:30,TRUE
fare_BOM-DEL_AI_2026-09-18_T+15_1788404009197_xhnw,BOM-DEL,EaseMyTrip,AI,AI-2970,2026-09-18,T+15,5897,1294,7191,2026-09-03T02:32:33.222Z,FALSE,"",08:30,TRUE
fare_BOM-DEL_6E_2026-09-18_T+15_1788404009197_tix5,BOM-DEL,EaseMyTrip,6E,6E-5318,2026-09-18,T+15,5737,1259,6996,2026-09-03T02:32:33.222Z,FALSE,"",10:15,FALSE
fare_BOM-DEL_6E_2026-09-18_T+15_1788404009197_8rkb,BOM-DEL,EaseMyTrip,6E,6E-6195,2026-09-18,T+15,5737,1259,6996,2026-09-03T02:32:33.222Z,FALSE,"",23:00,FALSE
fare_BOM-DEL_QP_2026-09-18_T+15_1788404009197_90xe,BOM-DEL,EaseMyTrip,QP,QP-1120,2026-09-18,T+15,5782,1269,7051,2026-09-03T02:32:33.222Z,FALSE,"",18:45,TRUE
fare_BOM-DEL_6E_2026-09-18_T+15_1788404009197_h9r4,BOM-DEL,EaseMyTrip,6E,6E-6049,2026-09-18,T+15,5897,1295,7192,2026-09-03T02:32:33.222Z,FALSE,"",19:45,TRUE
fare_BOM-DEL_6E_2026-09-18_T+15_1788404009197_f5nq,BOM-DEL,EaseMyTrip,6E,6E-434,2026-09-18,T+15,5897,1295,7192,2026-09-03T02:32:33.222Z,FALSE,"",19:00,TRUE
fare_BOM-DEL_6E_2026-09-18_T+15_1788404009197_gmft,BOM-DEL,EaseMyTrip,6E,6E-922,2026-09-18,T+15,5897,1295,7192,2026-09-03T02:32:33.222Z,FALSE,"",19:00,TRUE
fare_BOM-DEL_6E_2026-09-18_T+15_1788404009197_p83p,BOM-DEL,EaseMyTrip,6E,6E-6613,2026-09-18,T+15,5897,1295,7192,2026-09-03T02:32:33.222Z,FALSE,"",18:15,TRUE
fare_BOM-DEL_6E_2026-09-18_T+15_1788404009197_g1mn,BOM-DEL,EaseMyTrip,6E,6E-166,2026-09-18,T+15,5897,1295,7192,2026-09-03T02:32:33.222Z,FALSE,"",20:20,TRUE
fare_BOM-DEL_6E_2026-09-18_T+15_1788404009197_sbpo,BOM-DEL,EaseMyTrip,6E,6E-118,2026-09-18,T+15,5897,1295,7192,2026-09-03T02:32:33.222Z,FALSE,"",20:20,TRUE
fare_BOM-DEL_AI_2026-09-18_T+15_1788404009197_9ids,BOM-DEL,EaseMyTrip,AI,AI-2424,2026-09-18,T+15,6069,1332,7401,2026-09-03T02:32:33.222Z,FALSE,"",07:00,TRUE
fare_BOM-DEL_AI_2026-09-18_T+15_1788404009197_o2zv,BOM-DEL,EaseMyTrip,AI,AI-2930,2026-09-18,T+15,6069,1332,7401,2026-09-03T02:32:33.222Z,FALSE,"",07:30,TRUE
fare_BOM-DEL_AI_2026-09-18_T+15_1788404009197_17io,BOM-DEL,EaseMyTrip,AI,AI-2428,2026-09-18,T+15,6069,1332,7401,2026-09-03T02:32:33.222Z,FALSE,"",08:00,TRUE
fare_BOM-DEL_IX_2026-09-18_T+15_1788404009197_fuj2,BOM-DEL,EaseMyTrip,IX,IX-1237,2026-09-18,T+15,6857,1505,8362,2026-09-03T02:32:33.222Z,FALSE,"",05:55,FALSE
fare_BOM-DEL_AI_2026-09-18_T+15_1788404009197_gpes,BOM-DEL,EaseMyTrip,AI,AI-1882,2026-09-18,T+15,6220,1365,7585,2026-09-03T02:32:33.222Z,FALSE,"",23:55,TRUE
fare_BOM-DEL_AI_2026-09-18_T+15_1788404009197_e2da,BOM-DEL,EaseMyTrip,AI,AI-2988,2026-09-18,T+15,6220,1365,7585,2026-09-03T02:32:33.222Z,FALSE,"",20:30,TRUE
fare_BOM-DEL_AI_2026-09-18_T+15_1788404009197_v5ld,BOM-DEL,EaseMyTrip,AI,AI-816,2026-09-18,T+15,6220,1365,7585,2026-09-03T02:32:33.222Z,FALSE,"",21:00,TRUE
fare_BOM-DEL_6E_2026-09-18_T+15_1788404009197_8bs9,BOM-DEL,EaseMyTrip,6E,6E-2703,2026-09-18,T+15,6075,1334,7409,2026-09-03T02:32:33.222Z,FALSE,"",10:20,FALSE
fare_BOM-DEL_6E_2026-09-18_T+15_1788404009197_yf45,BOM-DEL,EaseMyTrip,6E,6E-5135,2026-09-18,T+15,6075,1334,7409,2026-09-03T02:32:33.222Z,FALSE,"",23:20,FALSE
fare_BOM-DEL_AI_2026-09-18_T+15_1788404009197_l6x6,BOM-DEL,EaseMyTrip,AI,AI-2986,2026-09-18,T+15,6541,1436,7977,2026-09-03T02:32:33.222Z,FALSE,"",22:35,TRUE
fare_BOM-DEL_AI_2026-09-18_T+15_1788404009197_34tb,BOM-DEL,EaseMyTrip,AI,AI-1891,2026-09-18,T+15,6625,1454,8079,2026-09-03T02:32:33.222Z,FALSE,"",08:10,TRUE
fare_BOM-DEL_6E_2026-09-18_T+15_1788404009197_mnzr,BOM-DEL,EaseMyTrip,6E,6E-6802,2026-09-18,T+15,6467,1419,7886,2026-09-03T02:32:33.222Z,FALSE,"",16:55,FALSE
fare_BOM-DEL_6E_2026-09-18_T+15_1788404009197_fl03,BOM-DEL,EaseMyTrip,6E,6E-7017,2026-09-18,T+15,6498,1426,7924,2026-09-03T02:32:33.222Z,FALSE,"",21:30,FALSE
fare_BOM-DEL_6E_2026-09-18_T+15_1788404009197_5hpv,BOM-DEL,EaseMyTrip,6E,6E-626,2026-09-18,T+15,6531,1434,7965,2026-09-03T02:32:33.222Z,FALSE,"",19:20,FALSE
fare_BOM-DEL_6E_2026-09-18_T+15_1788404009197_o861,BOM-DEL,EaseMyTrip,6E,6E-907,2026-09-18,T+15,6531,1434,7965,2026-09-03T02:32:33.222Z,FALSE,"",19:20,FALSE
fare_BOM-DEL_AI_2026-09-18_T+15_1788404009197_pruc,BOM-DEL,EaseMyTrip,AI,AI-2940,2026-09-18,T+15,6707,1472,8179,2026-09-03T02:32:33.222Z,FALSE,"",20:00,TRUE
fare_BOM-DEL_AI_2026-09-18_T+15_1788404009197_16p3,BOM-DEL,EaseMyTrip,AI,AI-2440,2026-09-18,T+15,6762,1484,8246,2026-09-03T02:32:33.222Z,FALSE,"",18:00,TRUE
fare_BOM-DEL_AI_2026-09-18_T+15_1788404009197_8pm2,BOM-DEL,EaseMyTrip,AI,AI-1895,2026-09-18,T+15,6799,1493,8292,2026-09-03T02:32:33.222Z,FALSE,"",21:30,TRUE
fare_BOM-DEL_IX_2026-09-18_T+15_1788404009197_omz2,BOM-DEL,EaseMyTrip,IX,IX-1023,2026-09-18,T+15,7155,1571,8726,2026-09-03T02:32:33.222Z,FALSE,"",11:25,FALSE
fare_BOM-DEL_6E_2026-09-18_T+15_1788404009197_ufjm,BOM-DEL,EaseMyTrip,6E,6E-2024,2026-09-18,T+15,7159,1572,8731,2026-09-03T02:32:33.222Z,FALSE,"",09:15,FALSE
fare_BOM-DEL_6E_2026-09-18_T+15_1788404009197_5m3m,BOM-DEL,EaseMyTrip,6E,6E-5281,2026-09-18,T+15,7651,1679,9330,2026-09-03T02:32:33.222Z,FALSE,"",08:40,FALSE
fare_BOM-DEL_AI_2026-09-18_T+15_1788404009197_sbsl,BOM-DEL,EaseMyTrip,AI,AI-9716,2026-09-18,T+15,7911,1736,9647,2026-09-03T02:32:33.222Z,FALSE,"",06:05,FALSE
fare_BOM-DEL_6E_2026-09-18_T+15_1788404009197_t6fp,BOM-DEL,EaseMyTrip,6E,6E-6361,2026-09-18,T+15,7794,1711,9505,2026-09-03T02:32:33.222Z,FALSE,"",05:00,FALSE
fare_BOM-DEL_6E_2026-09-18_T+15_1788404009197_z76u,BOM-DEL,EaseMyTrip,6E,6E-349,2026-09-18,T+15,7988,1754,9742,2026-09-03T02:32:33.222Z,FALSE,"",12:40,FALSE
fare_BOM-DEL_AI_2026-09-18_T+15_1788404009197_3ect,BOM-DEL,EaseMyTrip,AI,AI-9558,2026-09-18,T+15,8225,1805,10030,2026-09-03T02:32:33.222Z,FALSE,"",07:30,FALSE
fare_BOM-DEL_6E_2026-09-18_T+15_1788404009197_pp2v,BOM-DEL,EaseMyTrip,6E,6E-319,2026-09-18,T+15,8250,1811,10061,2026-09-03T02:32:33.222Z,FALSE,"",04:30,FALSE
fare_BOM-DEL_6E_2026-09-18_T+15_1788404009197_67uc,BOM-DEL,EaseMyTrip,6E,6E-768,2026-09-18,T+15,8250,1811,10061,2026-09-03T02:32:33.222Z,FALSE,"",04:30,FALSE
fare_BOM-DEL_AI_2026-09-18_T+15_1788404009197_bvsb,BOM-DEL,EaseMyTrip,AI,AI-2491,2026-09-18,T+15,9347,2052,11399,2026-09-03T02:32:33.222Z,FALSE,"",11:15,FALSE
fare_BOM-DEL_AI_2026-09-18_T+15_1788404009197_rfze,BOM-DEL,EaseMyTrip,AI,AI-9753,2026-09-18,T+15,9577,2102,11679,2026-09-03T02:32:33.222Z,FALSE,"",05:45,FALSE
fare_BOM-DEL_AI_2026-09-18_T+15_1788404009197_alda,BOM-DEL,EaseMyTrip,AI,AI-9891,2026-09-18,T+15,9966,2188,12154,2026-09-03T02:32:33.222Z,FALSE,"",13:10,FALSE
fare_BOM-DEL_6E_2026-09-18_T+15_1788404009197_vl8w,BOM-DEL,EaseMyTrip,6E,6E-5056,2026-09-18,T+15,9943,2182,12125,2026-09-03T02:32:33.222Z,FALSE,"",21:10,FALSE
fare_BOM-DEL_6E_2026-09-18_T+15_1788404009197_imqi,BOM-DEL,EaseMyTrip,6E,6E-5326,2026-09-18,T+15,9943,2182,12125,2026-09-03T02:32:33.222Z,FALSE,"",19:40,FALSE
fare_BOM-DEL_IX_2026-09-18_T+15_1788404009197_209c,BOM-DEL,EaseMyTrip,IX,IX-1347,2026-09-18,T+15,10350,2272,12622,2026-09-03T02:32:33.222Z,FALSE,"",06:00,FALSE
fare_BOM-DEL_6E_2026-09-18_T+15_1788404009197_zf1v,BOM-DEL,EaseMyTrip,6E,6E-5178,2026-09-18,T+15,10229,2245,12474,2026-09-03T02:32:33.222Z,FALSE,"",11:45,FALSE
fare_BOM-DEL_IX_2026-09-18_T+15_1788404009197_122l,BOM-DEL,EaseMyTrip,IX,IX-1626,2026-09-18,T+15,10719,2353,13072,2026-09-03T02:32:33.222Z,FALSE,"",12:00,FALSE
fare_BOM-DEL_IX_2026-09-18_T+15_1788404009197_t3kb,BOM-DEL,EaseMyTrip,IX,IX-1640,2026-09-18,T+15,10964,2407,13371,2026-09-03T02:32:33.222Z,FALSE,"",21:10,FALSE
fare_BOM-DEL_6E_2026-09-18_T+15_1788404009197_mwx6,BOM-DEL,EaseMyTrip,6E,6E-5386,2026-09-18,T+15,10641,2336,12977,2026-09-03T02:32:33.222Z,FALSE,"",15:10,FALSE
fare_BOM-DEL_6E_2026-09-18_T+15_1788404009197_hehy,BOM-DEL,EaseMyTrip,6E,6E-5246,2026-09-18,T+15,10949,2403,13352,2026-09-03T02:32:33.222Z,FALSE,"",07:15,FALSE
fare_BOM-DEL_AI_2026-09-18_T+15_1788404009197_z4ro,BOM-DEL,EaseMyTrip,AI,AI-2919,2026-09-18,T+15,11126,2442,13568,2026-09-03T02:32:33.222Z,FALSE,"",21:35,FALSE
fare_BOM-DEL_AI_2026-09-18_T+15_1788404009197_46vv,BOM-DEL,EaseMyTrip,AI,AI-2847,2026-09-18,T+15,11214,2461,13675,2026-09-03T02:32:33.222Z,FALSE,"",09:55,FALSE
fare_BOM-DEL_AI_2026-09-18_T+15_1788404009197_xjvt,BOM-DEL,EaseMyTrip,AI,AI-2493,2026-09-18,T+15,11214,2461,13675,2026-09-03T02:32:33.222Z,FALSE,"",18:25,FALSE
fare_BOM-DEL_AI_2026-09-18_T+15_1788404009197_qr9m,BOM-DEL,EaseMyTrip,AI,AI-2408,2026-09-18,T+15,11334,2488,13822,2026-09-03T02:32:33.222Z,FALSE,"",19:30,TRUE
fare_BOM-DEL_AI_2026-09-18_T+15_1788404009197_g7ms,BOM-DEL,EaseMyTrip,AI,AI-493,2026-09-18,T+15,11399,2502,13901,2026-09-03T02:32:33.222Z,FALSE,"",06:40,FALSE
fare_BOM-DEL_AI_2026-09-18_T+15_1788404009197_u6th,BOM-DEL,EaseMyTrip,AI,AI-2931,2026-09-18,T+15,11737,2577,14314,2026-09-03T02:32:33.222Z,TRUE,"High outlier: ₹14314 > upper fence ₹14206 (Q3: ₹9695, IQR: ₹3007)",04:30,FALSE
fare_BOM-DEL_QP_2026-09-18_T+15_1788404009197_eb2v,BOM-DEL,EaseMyTrip,QP,QP-1516,2026-09-18,T+15,11804,2591,14395,2026-09-03T02:32:33.222Z,TRUE,"High outlier: ₹14395 > upper fence ₹14206 (Q3: ₹9695, IQR: ₹3007)",00:40,FALSE
fare_BOM-DEL_IX_2026-09-18_T+15_1788404009197_k1w2,BOM-DEL,EaseMyTrip,IX,IX-1164,2026-09-18,T+15,12888,2829,15717,2026-09-03T02:32:33.222Z,TRUE,"High outlier: ₹15717 > upper fence ₹14206 (Q3: ₹9695, IQR: ₹3007)",17:35,FALSE
fare_BOM-DEL_AI_2026-09-18_T+15_1788404009197_3mar,BOM-DEL,EaseMyTrip,AI,AI-2785,2026-09-18,T+15,12656,2778,15434,2026-09-03T02:32:33.222Z,TRUE,"High outlier: ₹15434 > upper fence ₹14206 (Q3: ₹9695, IQR: ₹3007)",06:40,FALSE
fare_BOM-DEL_IX_2026-09-18_T+15_1788404009197_lz4w,BOM-DEL,EaseMyTrip,IX,IX-1283,2026-09-18,T+15,13063,2868,15931,2026-09-03T02:32:33.222Z,TRUE,"High outlier: ₹15931 > upper fence ₹14206 (Q3: ₹9695, IQR: ₹3007)",09:05,FALSE
fare_BOM-DEL_QP_2026-09-18_T+15_1788404009197_o4wf,BOM-DEL,EaseMyTrip,QP,QP-1384,2026-09-18,T+15,12841,2819,15660,2026-09-03T02:32:33.222Z,TRUE,"High outlier: ₹15660 > upper fence ₹14206 (Q3: ₹9695, IQR: ₹3007)",23:10,FALSE
fare_BOM-DEL_AI_2026-09-18_T+15_1788404009197_p25q,BOM-DEL,EaseMyTrip,AI,AI-2659,2026-09-18,T+15,13091,2874,15965,2026-09-03T02:32:33.222Z,TRUE,"High outlier: ₹15965 > upper fence ₹14206 (Q3: ₹9695, IQR: ₹3007)",14:35,FALSE
fare_BOM-DEL_AI_2026-09-18_T+15_1788404009197_trvv,BOM-DEL,EaseMyTrip,AI,AI-603,2026-09-18,T+15,13531,2970,16501,2026-09-03T02:32:33.222Z,TRUE,"High outlier: ₹16501 > upper fence ₹14206 (Q3: ₹9695, IQR: ₹3007)",05:10,FALSE
fare_BOM-DEL_AI_2026-09-18_T+15_1788404009197_rve5,BOM-DEL,EaseMyTrip,AI,AI-2753,2026-09-18,T+15,13595,2984,16579,2026-09-03T02:32:33.222Z,TRUE,"High outlier: ₹16579 > upper fence ₹14206 (Q3: ₹9695, IQR: ₹3007)",13:50,FALSE
fare_BOM-DEL_AI_2026-09-18_T+15_1788404009197_9ec5,BOM-DEL,EaseMyTrip,AI,AI-2749,2026-09-18,T+15,14173,3111,17284,2026-09-03T02:32:33.222Z,TRUE,"High outlier: ₹17284 > upper fence ₹14206 (Q3: ₹9695, IQR: ₹3007)",17:35,FALSE
fare_BOM-DEL_AI_2026-09-18_T+15_1788404009197_r5ke,BOM-DEL,EaseMyTrip,AI,AI-2741,2026-09-18,T+15,14403,3162,17565,2026-09-03T02:32:33.222Z,TRUE,"High outlier: ₹17565 > upper fence ₹14206 (Q3: ₹9695, IQR: ₹3007)",07:40,FALSE
fare_BOM-DEL_AI_2026-09-18_T+15_1788404009197_b4pg,BOM-DEL,EaseMyTrip,AI,AI-2728,2026-09-18,T+15,14523,3188,17711,2026-09-03T02:32:33.222Z,TRUE,"High outlier: ₹17711 > upper fence ₹14206 (Q3: ₹9695, IQR: ₹3007)",05:20,FALSE
fare_BOM-DEL_AI_2026-09-18_T+15_1788404009197_1tf9,BOM-DEL,EaseMyTrip,AI,AI-2625,2026-09-18,T+15,14755,3239,17994,2026-09-03T02:32:33.222Z,TRUE,"High outlier: ₹17994 > upper fence ₹14206 (Q3: ₹9695, IQR: ₹3007)",06:00,FALSE
fare_BOM-DEL_AI_2026-09-18_T+15_1788404009197_5xro,BOM-DEL,EaseMyTrip,AI,AI-2444,2026-09-18,T+15,14881,3266,18147,2026-09-03T02:32:33.222Z,TRUE,"High outlier: ₹18147 > upper fence ₹14206 (Q3: ₹9695, IQR: ₹3007)",10:50,FALSE
fare_BOM-DEL_AI_2026-09-18_T+15_1788404009197_b0g1,BOM-DEL,EaseMyTrip,AI,AI-2997,2026-09-18,T+15,14958,3283,18241,2026-09-03T02:32:33.222Z,TRUE,"High outlier: ₹18241 > upper fence ₹14206 (Q3: ₹9695, IQR: ₹3007)",10:10,FALSE
fare_BOM-DEL_AI_2026-09-18_T+15_1788404009197_jegf,BOM-DEL,EaseMyTrip,AI,AI-2531,2026-09-18,T+15,15132,3322,18454,2026-09-03T02:32:33.222Z,TRUE,"High outlier: ₹18454 > upper fence ₹14206 (Q3: ₹9695, IQR: ₹3007)",15:05,FALSE
fare_BOM-DEL_IX_2026-09-18_T+15_1788404009197_guk7,BOM-DEL,EaseMyTrip,IX,IX-1238,2026-09-18,T+15,15915,3494,19409,2026-09-03T02:32:33.222Z,TRUE,"High outlier: ₹19409 > upper fence ₹14206 (Q3: ₹9695, IQR: ₹3007)",12:25,FALSE
fare_BOM-DEL_AI_2026-09-18_T+15_1788404009197_axc2,BOM-DEL,EaseMyTrip,AI,AI-2853,2026-09-18,T+15,16671,3660,20331,2026-09-03T02:32:33.222Z,TRUE,"High outlier: ₹20331 > upper fence ₹14206 (Q3: ₹9695, IQR: ₹3007)",15:25,FALSE
fare_BOM-DEL_SG_2026-09-18_T+15_1788404009197_6nof,BOM-DEL,EaseMyTrip,SG,SG-334,2026-09-18,T+15,18307,4019,22326,2026-09-03T02:32:33.222Z,TRUE,"High outlier: ₹22326 > upper fence ₹14206 (Q3: ₹9695, IQR: ₹3007)",01:50,TRUE
fare_BOM-DEL_SG_2026-09-18_T+15_1788404009197_g6z2,BOM-DEL,EaseMyTrip,SG,SG-323,2026-09-18,T+15,18307,4019,22326,2026-09-03T02:32:33.222Z,TRUE,"High outlier: ₹22326 > upper fence ₹14206 (Q3: ₹9695, IQR: ₹3007)",01:50,TRUE
fare_BOM-DEL_AI_2026-09-18_T+15_1788404009197_s2vu,BOM-DEL,EaseMyTrip,AI,AI-2781,2026-09-18,T+15,20541,4509,25050,2026-09-03T02:32:33.222Z,TRUE,"High outlier: ₹25050 > upper fence ₹14206 (Q3: ₹9695, IQR: ₹3007)",10:45,FALSE
fare_BOM-DEL_AI_2026-09-18_T+15_1788404009197_nyio,BOM-DEL,EaseMyTrip,AI,AI-2579,2026-09-18,T+15,27191,5969,33160,2026-09-03T02:32:33.222Z,TRUE,"High outlier: ₹33160 > upper fence ₹14206 (Q3: ₹9695, IQR: ₹3007)",10:35,FALSE
fare_BOM-DEL_6E_2026-09-04_T+1_1788404009198_rlrz,BOM-DEL,EaseMyTrip,6E,6E-571,2026-09-04,T+1,4795,1053,5848,2026-09-03T02:32:19.113Z,FALSE,"",14:40,FALSE
fare_BOM-DEL_6E_2026-09-04_T+1_1788404009198_dt9r,BOM-DEL,EaseMyTrip,6E,6E-282,2026-09-04,T+1,4795,1053,5848,2026-09-03T02:32:19.113Z,FALSE,"",14:40,FALSE
fare_BOM-DEL_IX_2026-09-04_T+1_1788404009198_177i,BOM-DEL,EaseMyTrip,IX,IX-1787,2026-09-04,T+1,5595,1228,6823,2026-09-03T02:32:19.113Z,FALSE,"",13:10,FALSE
fare_BOM-DEL_6E_2026-09-04_T+1_1788404009198_858z,BOM-DEL,EaseMyTrip,6E,6E-6027,2026-09-04,T+1,4904,1076,5980,2026-09-03T02:32:19.113Z,FALSE,"",17:35,FALSE
fare_BOM-DEL_6E_2026-09-04_T+1_1788404009198_s7wf,BOM-DEL,EaseMyTrip,6E,6E-5164,2026-09-04,T+1,4904,1076,5980,2026-09-03T02:32:19.113Z,FALSE,"",20:20,FALSE
fare_BOM-DEL_6E_2026-09-04_T+1_1788404009198_dxz0,BOM-DEL,EaseMyTrip,6E,6E-6058,2026-09-04,T+1,4904,1076,5980,2026-09-03T02:32:19.113Z,FALSE,"",08:05,FALSE
fare_BOM-DEL_6E_2026-09-04_T+1_1788404009198_7b17,BOM-DEL,EaseMyTrip,6E,6E-5181,2026-09-04,T+1,4904,1076,5980,2026-09-03T02:32:19.113Z,FALSE,"",10:25,FALSE
fare_BOM-DEL_6E_2026-09-04_T+1_1788404009198_hit9,BOM-DEL,EaseMyTrip,6E,6E-5154,2026-09-04,T+1,4904,1076,5980,2026-09-03T02:32:19.113Z,FALSE,"",15:45,FALSE
fare_BOM-DEL_6E_2026-09-04_T+1_1788404009198_zesj,BOM-DEL,EaseMyTrip,6E,6E-5273,2026-09-04,T+1,4904,1076,5980,2026-09-03T02:32:19.113Z,FALSE,"",18:35,FALSE
fare_BOM-DEL_6E_2026-09-04_T+1_1788404009198_wr8x,BOM-DEL,EaseMyTrip,6E,6E-6122,2026-09-04,T+1,4904,1076,5980,2026-09-03T02:32:19.113Z,FALSE,"",12:25,FALSE
fare_BOM-DEL_6E_2026-09-04_T+1_1788404009198_kut1,BOM-DEL,EaseMyTrip,6E,6E-5345,2026-09-04,T+1,4904,1076,5980,2026-09-03T02:32:19.113Z,FALSE,"",14:25,FALSE
fare_BOM-DEL_SG_2026-09-04_T+1_1788404009198_t8b1,BOM-DEL,EaseMyTrip,SG,SG-774,2026-09-04,T+1,5242,1151,6393,2026-09-03T02:32:19.113Z,FALSE,"",23:55,TRUE
fare_BOM-DEL_SG_2026-09-04_T+1_1788404009198_c9zz,BOM-DEL,EaseMyTrip,SG,SG-548,2026-09-04,T+1,5242,1151,6393,2026-09-03T02:32:19.113Z,FALSE,"",23:55,TRUE
fare_BOM-DEL_6E_2026-09-04_T+1_1788404009198_9ll9,BOM-DEL,EaseMyTrip,6E,6E-5028,2026-09-04,T+1,4968,1090,6058,2026-09-03T02:32:19.113Z,FALSE,"",19:35,FALSE
fare_BOM-DEL_6E_2026-09-04_T+1_1788404009198_9mrx,BOM-DEL,EaseMyTrip,6E,6E-975,2026-09-04,T+1,4968,1090,6058,2026-09-03T02:32:19.113Z,FALSE,"",19:20,FALSE
fare_BOM-DEL_6E_2026-09-04_T+1_1788404009198_stvh,BOM-DEL,EaseMyTrip,6E,6E-788,2026-09-04,T+1,4968,1090,6058,2026-09-03T02:32:19.113Z,FALSE,"",19:20,FALSE
fare_BOM-DEL_6E_2026-09-04_T+1_1788404009198_du4d,BOM-DEL,EaseMyTrip,6E,6E-920,2026-09-04,T+1,4968,1090,6058,2026-09-03T02:32:19.113Z,FALSE,"",04:45,FALSE
fare_BOM-DEL_6E_2026-09-04_T+1_1788404009198_4a0w,BOM-DEL,EaseMyTrip,6E,6E-875,2026-09-04,T+1,4968,1090,6058,2026-09-03T02:32:19.113Z,FALSE,"",04:45,FALSE
fare_BOM-DEL_6E_2026-09-04_T+1_1788404009198_ke8q,BOM-DEL,EaseMyTrip,6E,6E-5095,2026-09-04,T+1,5014,1101,6115,2026-09-03T02:32:19.113Z,FALSE,"",09:20,TRUE
fare_BOM-DEL_SG_2026-09-04_T+1_1788404009198_tmk9,BOM-DEL,EaseMyTrip,SG,SG-716,2026-09-04,T+1,5307,1165,6472,2026-09-03T02:32:19.113Z,FALSE,"",01:50,TRUE
fare_BOM-DEL_SG_2026-09-04_T+1_1788404009198_8clk,BOM-DEL,EaseMyTrip,SG,SG-313,2026-09-04,T+1,5307,1165,6472,2026-09-03T02:32:19.113Z,FALSE,"",01:50,TRUE
fare_BOM-DEL_6E_2026-09-04_T+1_1788404009198_vgjy,BOM-DEL,EaseMyTrip,6E,6E-6195,2026-09-04,T+1,5076,1114,6190,2026-09-03T02:32:19.113Z,FALSE,"",23:00,FALSE
fare_BOM-DEL_IX_2026-09-04_T+1_1788404009198_8o6e,BOM-DEL,EaseMyTrip,IX,IX-1050,2026-09-04,T+1,5380,1181,6561,2026-09-03T02:32:19.113Z,FALSE,"",08:55,TRUE
fare_BOM-DEL_IX_2026-09-04_T+1_1788404009198_3gbj,BOM-DEL,EaseMyTrip,IX,IX-1671,2026-09-04,T+1,5380,1181,6561,2026-09-03T02:32:19.113Z,FALSE,"",16:45,TRUE
fare_BOM-DEL_IX_2026-09-04_T+1_1788404009198_dzx1,BOM-DEL,EaseMyTrip,IX,IX-2153,2026-09-04,T+1,5380,1181,6561,2026-09-03T02:32:19.113Z,FALSE,"",20:25,TRUE
fare_BOM-DEL_6E_2026-09-04_T+1_1788404009198_j7b5,BOM-DEL,EaseMyTrip,6E,6E-5059,2026-09-04,T+1,5160,1133,6293,2026-09-03T02:32:19.113Z,FALSE,"",05:45,FALSE
fare_BOM-DEL_6E_2026-09-04_T+1_1788404009198_cd2s,BOM-DEL,EaseMyTrip,6E,6E-380,2026-09-04,T+1,5160,1133,6293,2026-09-03T02:32:19.113Z,FALSE,"",01:30,FALSE
fare_BOM-DEL_6E_2026-09-04_T+1_1788404009198_dqyv,BOM-DEL,EaseMyTrip,6E,6E-352,2026-09-04,T+1,5160,1133,6293,2026-09-03T02:32:19.113Z,FALSE,"",01:30,FALSE
fare_BOM-DEL_6E_2026-09-04_T+1_1788404009198_1pzz,BOM-DEL,EaseMyTrip,6E,6E-586,2026-09-04,T+1,5160,1133,6293,2026-09-03T02:32:19.113Z,FALSE,"",04:00,FALSE
fare_BOM-DEL_6E_2026-09-04_T+1_1788404009198_pfs5,BOM-DEL,EaseMyTrip,6E,6E-355,2026-09-04,T+1,5160,1133,6293,2026-09-03T02:32:19.113Z,FALSE,"",04:00,FALSE
fare_BOM-DEL_6E_2026-09-04_T+1_1788404009198_r74w,BOM-DEL,EaseMyTrip,6E,6E-5144,2026-09-04,T+1,5160,1133,6293,2026-09-03T02:32:19.113Z,FALSE,"",06:10,FALSE
fare_BOM-DEL_6E_2026-09-04_T+1_1788404009198_i9ym,BOM-DEL,EaseMyTrip,6E,6E-5107,2026-09-04,T+1,5160,1133,6293,2026-09-03T02:32:19.113Z,FALSE,"",20:00,FALSE
fare_BOM-DEL_IX_2026-09-04_T+1_1788404009198_dtuw,BOM-DEL,EaseMyTrip,IX,IX-1026,2026-09-04,T+1,5930,1302,7232,2026-09-03T02:32:19.113Z,FALSE,"",05:45,FALSE
fare_BOM-DEL_6E_2026-09-04_T+1_1788404009198_bkva,BOM-DEL,EaseMyTrip,6E,6E-5131,2026-09-04,T+1,5269,1156,6425,2026-09-03T02:32:19.113Z,FALSE,"",15:50,FALSE
fare_BOM-DEL_6E_2026-09-04_T+1_1788404009198_xr4k,BOM-DEL,EaseMyTrip,6E,6E-6802,2026-09-04,T+1,5269,1156,6425,2026-09-03T02:32:19.113Z,FALSE,"",16:55,FALSE
fare_BOM-DEL_QP_2026-09-04_T+1_1788404009198_9s57,BOM-DEL,EaseMyTrip,QP,QP-2071,2026-09-04,T+1,5330,1170,6500,2026-09-03T02:32:19.113Z,FALSE,"",06:05,TRUE
fare_BOM-DEL_6E_2026-09-04_T+1_1788404009198_zkd1,BOM-DEL,EaseMyTrip,6E,6E-714,2026-09-04,T+1,5334,1171,6505,2026-09-03T02:32:19.113Z,FALSE,"",12:40,FALSE
fare_BOM-DEL_6E_2026-09-04_T+1_1788404009198_m8yk,BOM-DEL,EaseMyTrip,6E,6E-941,2026-09-04,T+1,5334,1171,6505,2026-09-03T02:32:19.113Z,FALSE,"",12:40,FALSE
fare_BOM-DEL_6E_2026-09-04_T+1_1788404009198_c7an,BOM-DEL,EaseMyTrip,6E,6E-2090,2026-09-04,T+1,5380,1181,6561,2026-09-03T02:32:19.113Z,FALSE,"",06:25,TRUE
fare_BOM-DEL_QP_2026-09-04_T+1_1788404009198_g3zq,BOM-DEL,EaseMyTrip,QP,QP-1111,2026-09-04,T+1,5381,1181,6562,2026-09-03T02:32:19.113Z,FALSE,"",05:25,TRUE
fare_BOM-DEL_QP_2026-09-04_T+1_1788404009198_n3d1,BOM-DEL,EaseMyTrip,QP,QP-1109,2026-09-04,T+1,5381,1181,6562,2026-09-03T02:32:19.113Z,FALSE,"",07:00,TRUE
fare_BOM-DEL_QP_2026-09-04_T+1_1788404009198_7dj4,BOM-DEL,EaseMyTrip,QP,QP-1819,2026-09-04,T+1,5381,1181,6562,2026-09-03T02:32:19.113Z,FALSE,"",14:30,TRUE
fare_BOM-DEL_QP_2026-09-04_T+1_1788404009198_2w55,BOM-DEL,EaseMyTrip,QP,QP-1834,2026-09-04,T+1,5381,1181,6562,2026-09-03T02:32:19.113Z,FALSE,"",10:20,TRUE
fare_BOM-DEL_QP_2026-09-04_T+1_1788404009198_mand,BOM-DEL,EaseMyTrip,QP,QP-1127,2026-09-04,T+1,5381,1181,6562,2026-09-03T02:32:19.113Z,FALSE,"",12:55,TRUE
fare_BOM-DEL_QP_2026-09-04_T+1_1788404009198_mkf8,BOM-DEL,EaseMyTrip,QP,QP-1825,2026-09-04,T+1,5381,1181,6562,2026-09-03T02:32:19.113Z,FALSE,"",16:50,TRUE
fare_BOM-DEL_QP_2026-09-04_T+1_1788404009198_34wn,BOM-DEL,EaseMyTrip,QP,QP-1835,2026-09-04,T+1,5381,1181,6562,2026-09-03T02:32:19.113Z,FALSE,"",11:50,TRUE
fare_BOM-DEL_QP_2026-09-04_T+1_1788404009198_yurh,BOM-DEL,EaseMyTrip,QP,QP-1120,2026-09-04,T+1,5381,1181,6562,2026-09-03T02:32:19.113Z,FALSE,"",18:45,TRUE
fare_BOM-DEL_6E_2026-09-04_T+1_1788404009198_gy5y,BOM-DEL,EaseMyTrip,6E,6E-495,2026-09-04,T+1,5381,1181,6562,2026-09-03T02:32:19.113Z,FALSE,"",05:00,TRUE
fare_BOM-DEL_6E_2026-09-04_T+1_1788404009198_582m,BOM-DEL,EaseMyTrip,6E,6E-723,2026-09-04,T+1,5381,1181,6562,2026-09-03T02:32:19.113Z,FALSE,"",05:00,TRUE
fare_BOM-DEL_6E_2026-09-04_T+1_1788404009198_rote,BOM-DEL,EaseMyTrip,6E,6E-363,2026-09-04,T+1,5381,1181,6562,2026-09-03T02:32:19.113Z,FALSE,"",17:20,TRUE
fare_BOM-DEL_6E_2026-09-04_T+1_1788404009198_k0hi,BOM-DEL,EaseMyTrip,6E,6E-342,2026-09-04,T+1,5381,1181,6562,2026-09-03T02:32:19.113Z,FALSE,"",17:20,TRUE
fare_BOM-DEL_6E_2026-09-04_T+1_1788404009198_9640,BOM-DEL,EaseMyTrip,6E,6E-6082,2026-09-04,T+1,5381,1181,6562,2026-09-03T02:32:19.113Z,FALSE,"",16:45,TRUE
fare_BOM-DEL_6E_2026-09-04_T+1_1788404009198_vkz8,BOM-DEL,EaseMyTrip,6E,6E-107,2026-09-04,T+1,5381,1181,6562,2026-09-03T02:32:19.113Z,FALSE,"",16:00,TRUE
fare_BOM-DEL_6E_2026-09-04_T+1_1788404009198_10mb,BOM-DEL,EaseMyTrip,6E,6E-789,2026-09-04,T+1,5381,1181,6562,2026-09-03T02:32:19.113Z,FALSE,"",16:00,TRUE
fare_BOM-DEL_6E_2026-09-04_T+1_1788404009198_w3gk,BOM-DEL,EaseMyTrip,6E,6E-806,2026-09-04,T+1,5381,1181,6562,2026-09-03T02:32:19.113Z,FALSE,"",15:00,TRUE
fare_BOM-DEL_6E_2026-09-04_T+1_1788404009198_0bkz,BOM-DEL,EaseMyTrip,6E,6E-247,2026-09-04,T+1,5381,1181,6562,2026-09-03T02:32:19.113Z,FALSE,"",15:00,TRUE
fare_BOM-DEL_6E_2026-09-04_T+1_1788404009198_gynh,BOM-DEL,EaseMyTrip,6E,6E-6704,2026-09-04,T+1,5381,1181,6562,2026-09-03T02:32:19.113Z,FALSE,"",14:00,TRUE
fare_BOM-DEL_6E_2026-09-04_T+1_1788404009198_bfyx,BOM-DEL,EaseMyTrip,6E,6E-6028,2026-09-04,T+1,5381,1181,6562,2026-09-03T02:32:19.113Z,FALSE,"",12:15,TRUE
fare_BOM-DEL_6E_2026-09-04_T+1_1788404009198_4isz,BOM-DEL,EaseMyTrip,6E,6E-130,2026-09-04,T+1,5381,1181,6562,2026-09-03T02:32:19.113Z,FALSE,"",13:00,TRUE
fare_BOM-DEL_6E_2026-09-04_T+1_1788404009198_3c2l,BOM-DEL,EaseMyTrip,6E,6E-135,2026-09-04,T+1,5381,1181,6562,2026-09-03T02:32:19.113Z,FALSE,"",13:00,TRUE
fare_BOM-DEL_6E_2026-09-04_T+1_1788404009198_uqmj,BOM-DEL,EaseMyTrip,6E,6E-128,2026-09-04,T+1,5381,1181,6562,2026-09-03T02:32:19.113Z,FALSE,"",06:00,TRUE
fare_BOM-DEL_6E_2026-09-04_T+1_1788404009198_23qr,BOM-DEL,EaseMyTrip,6E,6E-563,2026-09-04,T+1,5381,1181,6562,2026-09-03T02:32:19.113Z,FALSE,"",06:00,TRUE
fare_BOM-DEL_6E_2026-09-04_T+1_1788404009198_k1fu,BOM-DEL,EaseMyTrip,6E,6E-439,2026-09-04,T+1,5381,1181,6562,2026-09-03T02:32:19.113Z,FALSE,"",08:00,TRUE
fare_BOM-DEL_6E_2026-09-04_T+1_1788404009198_yd33,BOM-DEL,EaseMyTrip,6E,6E-777,2026-09-04,T+1,5381,1181,6562,2026-09-03T02:32:19.113Z,FALSE,"",08:00,TRUE
fare_BOM-DEL_6E_2026-09-04_T+1_1788404009198_usb6,BOM-DEL,EaseMyTrip,6E,6E-6052,2026-09-04,T+1,5381,1181,6562,2026-09-03T02:32:19.113Z,FALSE,"",10:00,TRUE
fare_BOM-DEL_6E_2026-09-04_T+1_1788404009198_cehi,BOM-DEL,EaseMyTrip,6E,6E-978,2026-09-04,T+1,5381,1181,6562,2026-09-03T02:32:19.113Z,FALSE,"",10:35,TRUE
fare_BOM-DEL_6E_2026-09-04_T+1_1788404009198_19k8,BOM-DEL,EaseMyTrip,6E,6E-465,2026-09-04,T+1,5381,1181,6562,2026-09-03T02:32:19.113Z,FALSE,"",10:35,TRUE
fare_BOM-DEL_6E_2026-09-04_T+1_1788404009198_uhge,BOM-DEL,EaseMyTrip,6E,6E-6827,2026-09-04,T+1,5381,1181,6562,2026-09-03T02:32:19.113Z,FALSE,"",11:30,TRUE
fare_BOM-DEL_6E_2026-09-04_T+1_1788404009198_8z5h,BOM-DEL,EaseMyTrip,6E,6E-187,2026-09-04,T+1,5381,1181,6562,2026-09-03T02:32:19.113Z,FALSE,"",09:00,TRUE
fare_BOM-DEL_6E_2026-09-04_T+1_1788404009198_voen,BOM-DEL,EaseMyTrip,6E,6E-741,2026-09-04,T+1,5381,1181,6562,2026-09-03T02:32:19.113Z,FALSE,"",09:00,TRUE
fare_BOM-DEL_QP_2026-09-04_T+1_1788404009198_47d0,BOM-DEL,EaseMyTrip,QP,QP-1939,2026-09-04,T+1,5423,1191,6614,2026-09-03T02:32:19.113Z,FALSE,"",10:10,TRUE
fare_BOM-DEL_6E_2026-09-04_T+1_1788404009198_8kng,BOM-DEL,EaseMyTrip,6E,6E-5197,2026-09-04,T+1,5423,1191,6614,2026-09-03T02:32:19.113Z,FALSE,"",06:40,TRUE
fare_BOM-DEL_6E_2026-09-04_T+1_1788404009198_nl2q,BOM-DEL,EaseMyTrip,6E,6E-339,2026-09-04,T+1,5441,1194,6635,2026-09-03T02:32:19.113Z,FALSE,"",17:45,FALSE
fare_BOM-DEL_6E_2026-09-04_T+1_1788404009198_kqf6,BOM-DEL,EaseMyTrip,6E,6E-109,2026-09-04,T+1,5441,1194,6635,2026-09-03T02:32:19.113Z,FALSE,"",17:45,FALSE
fare_BOM-DEL_6E_2026-09-04_T+1_1788404009198_7lzi,BOM-DEL,EaseMyTrip,6E,6E-5326,2026-09-04,T+1,5441,1194,6635,2026-09-03T02:32:19.113Z,FALSE,"",19:40,FALSE
fare_BOM-DEL_6E_2026-09-04_T+1_1788404009198_cwlb,BOM-DEL,EaseMyTrip,6E,6E-323,2026-09-04,T+1,5510,1210,6720,2026-09-03T02:32:19.113Z,FALSE,"",23:45,TRUE
fare_BOM-DEL_6E_2026-09-04_T+1_1788404009198_whic,BOM-DEL,EaseMyTrip,6E,6E-421,2026-09-04,T+1,5510,1210,6720,2026-09-03T02:32:19.113Z,FALSE,"",23:45,TRUE
fare_BOM-DEL_6E_2026-09-04_T+1_1788404009198_dlpa,BOM-DEL,EaseMyTrip,6E,6E-960,2026-09-04,T+1,5510,1210,6720,2026-09-03T02:32:19.113Z,FALSE,"",22:15,TRUE
fare_BOM-DEL_6E_2026-09-04_T+1_1788404009198_u5uh,BOM-DEL,EaseMyTrip,6E,6E-388,2026-09-04,T+1,5510,1210,6720,2026-09-03T02:32:19.113Z,FALSE,"",22:15,TRUE
fare_BOM-DEL_6E_2026-09-04_T+1_1788404009198_bee5,BOM-DEL,EaseMyTrip,6E,6E-343,2026-09-04,T+1,5510,1210,6720,2026-09-03T02:32:19.113Z,FALSE,"",07:00,TRUE
fare_BOM-DEL_6E_2026-09-04_T+1_1788404009198_4bmn,BOM-DEL,EaseMyTrip,6E,6E-261,2026-09-04,T+1,5510,1210,6720,2026-09-03T02:32:19.113Z,FALSE,"",07:00,TRUE
fare_BOM-DEL_6E_2026-09-04_T+1_1788404009198_u18g,BOM-DEL,EaseMyTrip,6E,6E-5201,2026-09-04,T+1,5561,1221,6782,2026-09-03T02:32:19.113Z,FALSE,"",14:55,FALSE
fare_BOM-DEL_AI_2026-09-04_T+1_1788404009198_yspb,BOM-DEL,EaseMyTrip,AI,AI-2677,2026-09-04,T+1,5766,1266,7032,2026-09-03T02:32:19.113Z,FALSE,"",13:00,TRUE
fare_BOM-DEL_AI_2026-09-04_T+1_1788404009198_r681,BOM-DEL,EaseMyTrip,AI,AI-2422,2026-09-04,T+1,5766,1266,7032,2026-09-03T02:32:19.113Z,FALSE,"",01:00,TRUE
fare_BOM-DEL_AI_2026-09-04_T+1_1788404009198_3rx2,BOM-DEL,EaseMyTrip,AI,AI-2952,2026-09-04,T+1,5766,1266,7032,2026-09-03T02:32:19.113Z,FALSE,"",11:25,TRUE
fare_BOM-DEL_AI_2026-09-04_T+1_1788404009198_0y7z,BOM-DEL,EaseMyTrip,AI,AI-2419,2026-09-04,T+1,5766,1266,7032,2026-09-03T02:32:19.113Z,FALSE,"",12:00,TRUE
fare_BOM-DEL_AI_2026-09-04_T+1_1788404009198_2gde,BOM-DEL,EaseMyTrip,AI,AI-2960,2026-09-04,T+1,5766,1266,7032,2026-09-03T02:32:19.113Z,FALSE,"",14:05,TRUE
fare_BOM-DEL_AI_2026-09-04_T+1_1788404009198_1jzu,BOM-DEL,EaseMyTrip,AI,AI-2944,2026-09-04,T+1,5766,1266,7032,2026-09-03T02:32:19.113Z,FALSE,"",14:35,TRUE
fare_BOM-DEL_AI_2026-09-04_T+1_1788404009198_yepg,BOM-DEL,EaseMyTrip,AI,AI-2442,2026-09-04,T+1,5766,1266,7032,2026-09-03T02:32:19.113Z,FALSE,"",15:00,TRUE
fare_BOM-DEL_AI_2026-09-04_T+1_1788404009198_prsd,BOM-DEL,EaseMyTrip,AI,AI-1882,2026-09-04,T+1,5766,1266,7032,2026-09-03T02:32:19.113Z,FALSE,"",23:55,TRUE
fare_BOM-DEL_AI_2026-09-04_T+1_1788404009198_gi9a,BOM-DEL,EaseMyTrip,AI,AI-2687,2026-09-04,T+1,5766,1266,7032,2026-09-03T02:32:19.113Z,FALSE,"",11:25,TRUE
fare_BOM-DEL_6E_2026-09-04_T+1_1788404009198_01nj,BOM-DEL,EaseMyTrip,6E,6E-5147,2026-09-04,T+1,5669,1244,6913,2026-09-03T02:32:19.113Z,FALSE,"",18:35,FALSE
fare_BOM-DEL_6E_2026-09-04_T+1_1788404009198_90h8,BOM-DEL,EaseMyTrip,6E,6E-148,2026-09-04,T+1,5683,1247,6930,2026-09-03T02:32:19.113Z,FALSE,"",21:15,TRUE
fare_BOM-DEL_6E_2026-09-04_T+1_1788404009198_8d5q,BOM-DEL,EaseMyTrip,6E,6E-480,2026-09-04,T+1,5683,1247,6930,2026-09-03T02:32:19.113Z,FALSE,"",21:15,TRUE
fare_BOM-DEL_6E_2026-09-04_T+1_1788404009198_76nr,BOM-DEL,EaseMyTrip,6E,6E-6049,2026-09-04,T+1,5683,1247,6930,2026-09-03T02:32:19.113Z,FALSE,"",19:45,TRUE
fare_BOM-DEL_6E_2026-09-04_T+1_1788404009198_8q37,BOM-DEL,EaseMyTrip,6E,6E-6613,2026-09-04,T+1,5683,1247,6930,2026-09-03T02:32:19.113Z,FALSE,"",18:15,TRUE
fare_BOM-DEL_6E_2026-09-04_T+1_1788404009198_dhvh,BOM-DEL,EaseMyTrip,6E,6E-229,2026-09-04,T+1,5683,1247,6930,2026-09-03T02:32:19.113Z,FALSE,"",20:20,TRUE
fare_BOM-DEL_6E_2026-09-04_T+1_1788404009198_690g,BOM-DEL,EaseMyTrip,6E,6E-922,2026-09-04,T+1,5683,1247,6930,2026-09-03T02:32:19.113Z,FALSE,"",20:20,TRUE
fare_BOM-DEL_6E_2026-09-04_T+1_1788404009198_4dub,BOM-DEL,EaseMyTrip,6E,6E-459,2026-09-04,T+1,5724,1257,6981,2026-09-03T02:32:19.113Z,FALSE,"",17:20,TRUE
fare_BOM-DEL_6E_2026-09-04_T+1_1788404009198_vugs,BOM-DEL,EaseMyTrip,6E,6E-299,2026-09-04,T+1,5724,1257,6981,2026-09-03T02:32:19.113Z,FALSE,"",17:20,TRUE
fare_BOM-DEL_AI_2026-09-04_T+1_1788404009198_8g46,BOM-DEL,EaseMyTrip,AI,AI-2928,2026-09-04,T+1,5897,1294,7191,2026-09-03T02:32:19.113Z,FALSE,"",06:30,TRUE
fare_BOM-DEL_AI_2026-09-04_T+1_1788404009198_tezq,BOM-DEL,EaseMyTrip,AI,AI-2424,2026-09-04,T+1,5897,1294,7191,2026-09-03T02:32:19.113Z,FALSE,"",07:00,TRUE
fare_BOM-DEL_AI_2026-09-04_T+1_1788404009198_horz,BOM-DEL,EaseMyTrip,AI,AI-2930,2026-09-04,T+1,5897,1294,7191,2026-09-03T02:32:19.113Z,FALSE,"",07:30,TRUE
fare_BOM-DEL_AI_2026-09-04_T+1_1788404009198_e8hy,BOM-DEL,EaseMyTrip,AI,AI-2452,2026-09-04,T+1,5897,1294,7191,2026-09-03T02:32:19.113Z,FALSE,"",03:05,TRUE
fare_BOM-DEL_AI_2026-09-04_T+1_1788404009198_gjzc,BOM-DEL,EaseMyTrip,AI,AI-2428,2026-09-04,T+1,5897,1294,7191,2026-09-03T02:32:19.113Z,FALSE,"",08:00,TRUE
fare_BOM-DEL_AI_2026-09-04_T+1_1788404009198_dsns,BOM-DEL,EaseMyTrip,AI,AI-2970,2026-09-04,T+1,5897,1294,7191,2026-09-03T02:32:19.113Z,FALSE,"",08:30,TRUE
fare_BOM-DEL_AI_2026-09-04_T+1_1788404009198_tdlm,BOM-DEL,EaseMyTrip,AI,AI-2432,2026-09-04,T+1,5897,1294,7191,2026-09-03T02:32:19.113Z,FALSE,"",09:30,TRUE
fare_BOM-DEL_AI_2026-09-04_T+1_1788404009198_m0wi,BOM-DEL,EaseMyTrip,AI,AI-2430,2026-09-04,T+1,5897,1294,7191,2026-09-03T02:32:19.113Z,FALSE,"",10:00,TRUE
fare_BOM-DEL_AI_2026-09-04_T+1_1788404009198_jw8h,BOM-DEL,EaseMyTrip,AI,AI-1851,2026-09-04,T+1,5897,1294,7191,2026-09-03T02:32:19.113Z,FALSE,"",15:30,TRUE
fare_BOM-DEL_AI_2026-09-04_T+1_1788404009198_rmxp,BOM-DEL,EaseMyTrip,AI,AI-2986,2026-09-04,T+1,5897,1294,7191,2026-09-03T02:32:19.113Z,FALSE,"",22:35,TRUE
fare_BOM-DEL_6E_2026-09-04_T+1_1788404009198_h42z,BOM-DEL,EaseMyTrip,6E,6E-7017,2026-09-04,T+1,5737,1259,6996,2026-09-03T02:32:19.113Z,FALSE,"",21:30,FALSE
fare_BOM-DEL_6E_2026-09-04_T+1_1788404009198_9do9,BOM-DEL,EaseMyTrip,6E,6E-6543,2026-09-04,T+1,5787,1270,7057,2026-09-03T02:32:19.113Z,FALSE,"",07:50,FALSE
fare_BOM-DEL_6E_2026-09-04_T+1_1788404009198_r9zu,BOM-DEL,EaseMyTrip,6E,6E-5056,2026-09-04,T+1,5841,1282,7123,2026-09-03T02:32:19.113Z,FALSE,"",21:10,FALSE
fare_BOM-DEL_6E_2026-09-04_T+1_1788404009198_x6la,BOM-DEL,EaseMyTrip,6E,6E-5386,2026-09-04,T+1,5841,1282,7123,2026-09-03T02:32:19.113Z,FALSE,"",15:10,FALSE
fare_BOM-DEL_6E_2026-09-04_T+1_1788404009198_x1t7,BOM-DEL,EaseMyTrip,6E,6E-2024,2026-09-04,T+1,5841,1282,7123,2026-09-03T02:32:19.113Z,FALSE,"",09:15,FALSE
fare_BOM-DEL_6E_2026-09-04_T+1_1788404009198_7x79,BOM-DEL,EaseMyTrip,6E,6E-997,2026-09-04,T+1,5897,1295,7192,2026-09-03T02:32:19.113Z,FALSE,"",19:00,TRUE
fare_BOM-DEL_AI_2026-09-04_T+1_1788404009198_we79,BOM-DEL,EaseMyTrip,AI,AI-1895,2026-09-04,T+1,6069,1332,7401,2026-09-03T02:32:19.113Z,FALSE,"",21:30,TRUE
fare_BOM-DEL_SG_2026-09-04_T+1_1788404009198_97c6,BOM-DEL,EaseMyTrip,SG,SG-506,2026-09-04,T+1,6145,1349,7494,2026-09-03T02:32:19.113Z,FALSE,"",17:55,TRUE
fare_BOM-DEL_SG_2026-09-04_T+1_1788404009198_ctu5,BOM-DEL,EaseMyTrip,SG,SG-404,2026-09-04,T+1,6145,1349,7494,2026-09-03T02:32:19.113Z,FALSE,"",17:55,TRUE
fare_BOM-DEL_IX_2026-09-04_T+1_1788404009198_ya0w,BOM-DEL,EaseMyTrip,IX,IX-1237,2026-09-04,T+1,6857,1505,8362,2026-09-03T02:32:19.113Z,FALSE,"",05:55,FALSE
fare_BOM-DEL_AI_2026-09-04_T+1_1788404009198_wnmf,BOM-DEL,EaseMyTrip,AI,AI-816,2026-09-04,T+1,6220,1365,7585,2026-09-03T02:32:19.113Z,FALSE,"",21:00,TRUE
fare_BOM-DEL_AI_2026-09-04_T+1_1788404009198_yi1h,BOM-DEL,EaseMyTrip,AI,AI-2988,2026-09-04,T+1,6220,1365,7585,2026-09-03T02:32:19.113Z,FALSE,"",20:30,TRUE
fare_BOM-DEL_6E_2026-09-04_T+1_1788404009198_q5fx,BOM-DEL,EaseMyTrip,6E,6E-5238,2026-09-04,T+1,6156,1351,7507,2026-09-03T02:32:19.113Z,FALSE,"",18:25,FALSE
fare_BOM-DEL_AI_2026-09-04_T+1_1788404009198_vzw6,BOM-DEL,EaseMyTrip,AI,AI-1891,2026-09-04,T+1,6625,1454,8079,2026-09-03T02:32:19.113Z,FALSE,"",08:10,TRUE
fare_BOM-DEL_6E_2026-09-04_T+1_1788404009198_anzl,BOM-DEL,EaseMyTrip,6E,6E-2347,2026-09-04,T+1,6485,1423,7908,2026-09-03T02:32:19.113Z,FALSE,"",08:50,FALSE
fare_BOM-DEL_6E_2026-09-04_T+1_1788404009198_yop7,BOM-DEL,EaseMyTrip,6E,6E-6361,2026-09-04,T+1,6829,1499,8328,2026-09-03T02:32:19.113Z,FALSE,"",05:00,FALSE
fare_BOM-DEL_AI_2026-09-04_T+1_1788404009198_1jh4,BOM-DEL,EaseMyTrip,AI,AI-2408,2026-09-04,T+1,7030,1543,8573,2026-09-03T02:32:19.113Z,FALSE,"",19:30,TRUE
fare_BOM-DEL_AI_2026-09-04_T+1_1788404009198_5err,BOM-DEL,EaseMyTrip,AI,AI-2940,2026-09-04,T+1,7284,1599,8883,2026-09-03T02:32:19.113Z,FALSE,"",20:00,TRUE
fare_BOM-DEL_6E_2026-09-04_T+1_1788404009198_kk6j,BOM-DEL,EaseMyTrip,6E,6E-6599,2026-09-04,T+1,7709,1692,9401,2026-09-03T02:32:19.113Z,FALSE,"",16:50,FALSE
fare_BOM-DEL_6E_2026-09-04_T+1_1788404009198_jut3,BOM-DEL,EaseMyTrip,6E,6E-5135,2026-09-04,T+1,7751,1701,9452,2026-09-03T02:32:19.113Z,FALSE,"",23:20,FALSE
fare_BOM-DEL_IX_2026-09-04_T+1_1788404009198_atqw,BOM-DEL,EaseMyTrip,IX,IX-1809,2026-09-04,T+1,8322,1827,10149,2026-09-03T02:32:19.113Z,FALSE,"",07:30,FALSE
fare_BOM-DEL_6E_2026-09-04_T+1_1788404009198_z081,BOM-DEL,EaseMyTrip,6E,6E-2237,2026-09-04,T+1,8245,1810,10055,2026-09-03T02:32:19.113Z,FALSE,"",18:40,FALSE
fare_BOM-DEL_AI_2026-09-04_T+1_1788404009198_gcud,BOM-DEL,EaseMyTrip,AI,AI-2440,2026-09-04,T+1,8845,1942,10787,2026-09-03T02:32:19.113Z,FALSE,"",18:00,TRUE
fare_BOM-DEL_6E_2026-09-04_T+1_1788404009198_inhc,BOM-DEL,EaseMyTrip,6E,6E-2138,2026-09-04,T+1,8966,1968,10934,2026-09-03T02:32:19.113Z,FALSE,"",16:20,FALSE
fare_BOM-DEL_AI_2026-09-04_T+1_1788404009198_o5i5,BOM-DEL,EaseMyTrip,AI,AI-2491,2026-09-04,T+1,9347,2052,11399,2026-09-03T02:32:19.113Z,TRUE,"High outlier: ₹11399 > upper fence ₹11020 (Q3: ₹8345, IQR: ₹1783)",11:15,FALSE
fare_BOM-DEL_AI_2026-09-04_T+1_1788404009198_gi3v,BOM-DEL,EaseMyTrip,AI,AI-9753,2026-09-04,T+1,9577,2102,11679,2026-09-03T02:32:19.113Z,TRUE,"High outlier: ₹11679 > upper fence ₹11020 (Q3: ₹8345, IQR: ₹1783)",05:45,FALSE
fare_BOM-DEL_AI_2026-09-04_T+1_1788404009198_9iwc,BOM-DEL,EaseMyTrip,AI,AI-9558,2026-09-04,T+1,9692,2128,11820,2026-09-03T02:32:19.113Z,TRUE,"High outlier: ₹11820 > upper fence ₹11020 (Q3: ₹8345, IQR: ₹1783)",07:30,FALSE
fare_BOM-DEL_6E_2026-09-04_T+1_1788404009198_k7q7,BOM-DEL,EaseMyTrip,6E,6E-5178,2026-09-04,T+1,10307,2263,12570,2026-09-03T02:32:19.113Z,TRUE,"High outlier: ₹12570 > upper fence ₹11020 (Q3: ₹8345, IQR: ₹1783)",11:45,FALSE
fare_BOM-DEL_AI_2026-09-04_T+1_1788404009198_npxf,BOM-DEL,EaseMyTrip,AI,AI-2915,2026-09-04,T+1,11126,2442,13568,2026-09-03T02:32:19.113Z,TRUE,"High outlier: ₹13568 > upper fence ₹11020 (Q3: ₹8345, IQR: ₹1783)",15:30,FALSE
fare_BOM-DEL_AI_2026-09-04_T+1_1788404009198_8vo5,BOM-DEL,EaseMyTrip,AI,AI-2919,2026-09-04,T+1,11126,2442,13568,2026-09-03T02:32:19.113Z,TRUE,"High outlier: ₹13568 > upper fence ₹11020 (Q3: ₹8345, IQR: ₹1783)",21:35,FALSE
fare_BOM-DEL_AI_2026-09-04_T+1_1788404009198_r0px,BOM-DEL,EaseMyTrip,AI,AI-2493,2026-09-04,T+1,11214,2461,13675,2026-09-03T02:32:19.113Z,TRUE,"High outlier: ₹13675 > upper fence ₹11020 (Q3: ₹8345, IQR: ₹1783)",18:25,FALSE
fare_BOM-DEL_AI_2026-09-04_T+1_1788404009198_g1e4,BOM-DEL,EaseMyTrip,AI,AI-2847,2026-09-04,T+1,11214,2461,13675,2026-09-03T02:32:19.113Z,TRUE,"High outlier: ₹13675 > upper fence ₹11020 (Q3: ₹8345, IQR: ₹1783)",09:55,FALSE
fare_BOM-DEL_AI_2026-09-04_T+1_1788404009199_mhja,BOM-DEL,EaseMyTrip,AI,AI-2931,2026-09-04,T+1,11737,2577,14314,2026-09-03T02:32:19.113Z,TRUE,"High outlier: ₹14314 > upper fence ₹11020 (Q3: ₹8345, IQR: ₹1783)",04:30,FALSE
fare_BOM-DEL_6E_2026-09-04_T+1_1788404009199_83hb,BOM-DEL,EaseMyTrip,6E,6E-5281,2026-09-04,T+1,11670,2562,14232,2026-09-03T02:32:19.113Z,TRUE,"High outlier: ₹14232 > upper fence ₹11020 (Q3: ₹8345, IQR: ₹1783)",08:40,FALSE
fare_BOM-DEL_6E_2026-09-04_T+1_1788404009199_2m13,BOM-DEL,EaseMyTrip,6E,6E-5318,2026-09-04,T+1,11796,2589,14385,2026-09-03T02:32:19.113Z,TRUE,"High outlier: ₹14385 > upper fence ₹11020 (Q3: ₹8345, IQR: ₹1783)",10:15,FALSE
fare_BOM-DEL_QP_2026-09-04_T+1_1788404009199_xgxq,BOM-DEL,EaseMyTrip,QP,QP-1384,2026-09-04,T+1,11860,2603,14463,2026-09-03T02:32:19.113Z,TRUE,"High outlier: ₹14463 > upper fence ₹11020 (Q3: ₹8345, IQR: ₹1783)",23:10,FALSE
fare_BOM-DEL_AI_2026-09-04_T+1_1788404009199_2g7a,BOM-DEL,EaseMyTrip,AI,AI-603,2026-09-04,T+1,12591,2764,15355,2026-09-03T02:32:19.113Z,TRUE,"High outlier: ₹15355 > upper fence ₹11020 (Q3: ₹8345, IQR: ₹1783)",05:10,FALSE
fare_BOM-DEL_AI_2026-09-04_T+1_1788404009199_45kg,BOM-DEL,EaseMyTrip,AI,AI-2785,2026-09-04,T+1,12656,2778,15434,2026-09-03T02:32:19.113Z,TRUE,"High outlier: ₹15434 > upper fence ₹11020 (Q3: ₹8345, IQR: ₹1783)",06:40,FALSE
fare_BOM-DEL_AI_2026-09-04_T+1_1788404009199_5ii3,BOM-DEL,EaseMyTrip,AI,AI-2659,2026-09-04,T+1,13091,2874,15965,2026-09-03T02:32:19.113Z,TRUE,"High outlier: ₹15965 > upper fence ₹11020 (Q3: ₹8345, IQR: ₹1783)",14:35,FALSE
fare_BOM-DEL_IX_2026-09-04_T+1_1788404009199_n9q2,BOM-DEL,EaseMyTrip,IX,IX-1163,2026-09-04,T+1,13586,2982,16568,2026-09-03T02:32:19.113Z,TRUE,"High outlier: ₹16568 > upper fence ₹11020 (Q3: ₹8345, IQR: ₹1783)",20:45,FALSE
fare_BOM-DEL_AI_2026-09-04_T+1_1788404009199_hn66,BOM-DEL,EaseMyTrip,AI,AI-2753,2026-09-04,T+1,13595,2984,16579,2026-09-03T02:32:19.113Z,TRUE,"High outlier: ₹16579 > upper fence ₹11020 (Q3: ₹8345, IQR: ₹1783)",13:50,FALSE
fare_BOM-DEL_AI_2026-09-04_T+1_1788404009199_6qd7,BOM-DEL,EaseMyTrip,AI,AI-9891,2026-09-04,T+1,13751,3018,16769,2026-09-03T02:32:19.113Z,TRUE,"High outlier: ₹16769 > upper fence ₹11020 (Q3: ₹8345, IQR: ₹1783)",13:10,FALSE
fare_BOM-DEL_QP_2026-09-04_T+1_1788404009199_o9b6,BOM-DEL,EaseMyTrip,QP,QP-1516,2026-09-04,T+1,13729,3014,16743,2026-09-03T02:32:19.113Z,TRUE,"High outlier: ₹16743 > upper fence ₹11020 (Q3: ₹8345, IQR: ₹1783)",00:40,FALSE
fare_BOM-DEL_6E_2026-09-04_T+1_1788404009199_nmd9,BOM-DEL,EaseMyTrip,6E,6E-5246,2026-09-04,T+1,13967,3066,17033,2026-09-03T02:32:19.113Z,TRUE,"High outlier: ₹17033 > upper fence ₹11020 (Q3: ₹8345, IQR: ₹1783)",07:15,FALSE
fare_BOM-DEL_AI_2026-09-04_T+1_1788404009199_wr8y,BOM-DEL,EaseMyTrip,AI,AI-2749,2026-09-04,T+1,14173,3111,17284,2026-09-03T02:32:19.113Z,TRUE,"High outlier: ₹17284 > upper fence ₹11020 (Q3: ₹8345, IQR: ₹1783)",17:35,FALSE
fare_BOM-DEL_AI_2026-09-04_T+1_1788404009199_muk7,BOM-DEL,EaseMyTrip,AI,AI-2741,2026-09-04,T+1,14403,3162,17565,2026-09-03T02:32:19.113Z,TRUE,"High outlier: ₹17565 > upper fence ₹11020 (Q3: ₹8345, IQR: ₹1783)",07:40,FALSE
fare_BOM-DEL_IX_2026-09-04_T+1_1788404009199_ngbp,BOM-DEL,EaseMyTrip,IX,IX-1283,2026-09-04,T+1,15045,3302,18347,2026-09-03T02:32:19.113Z,TRUE,"High outlier: ₹18347 > upper fence ₹11020 (Q3: ₹8345, IQR: ₹1783)",09:05,FALSE
fare_BOM-DEL_AI_2026-09-04_T+1_1788404009199_mgki,BOM-DEL,EaseMyTrip,AI,AI-2625,2026-09-04,T+1,14755,3239,17994,2026-09-03T02:32:19.113Z,TRUE,"High outlier: ₹17994 > upper fence ₹11020 (Q3: ₹8345, IQR: ₹1783)",06:00,FALSE
fare_BOM-DEL_AI_2026-09-04_T+1_1788404009199_41cx,BOM-DEL,EaseMyTrip,AI,AI-2444,2026-09-04,T+1,14881,3266,18147,2026-09-03T02:32:19.113Z,TRUE,"High outlier: ₹18147 > upper fence ₹11020 (Q3: ₹8345, IQR: ₹1783)",10:50,FALSE
fare_BOM-DEL_AI_2026-09-04_T+1_1788404009199_ecyi,BOM-DEL,EaseMyTrip,AI,AI-2531,2026-09-04,T+1,15132,3322,18454,2026-09-03T02:32:19.113Z,TRUE,"High outlier: ₹18454 > upper fence ₹11020 (Q3: ₹8345, IQR: ₹1783)",15:05,FALSE
fare_BOM-DEL_IX_2026-09-04_T+1_1788404009199_gjt0,BOM-DEL,EaseMyTrip,IX,IX-1347,2026-09-04,T+1,16612,3647,20259,2026-09-03T02:32:19.113Z,TRUE,"High outlier: ₹20259 > upper fence ₹11020 (Q3: ₹8345, IQR: ₹1783)",06:00,FALSE
fare_BOM-DEL_AI_2026-09-04_T+1_1788404009199_qw1f,BOM-DEL,EaseMyTrip,AI,AI-2853,2026-09-04,T+1,16671,3660,20331,2026-09-03T02:32:19.113Z,TRUE,"High outlier: ₹20331 > upper fence ₹11020 (Q3: ₹8345, IQR: ₹1783)",15:25,FALSE
fare_BOM-DEL_AI_2026-09-04_T+1_1788404009199_yqmd,BOM-DEL,EaseMyTrip,AI,AI-2579,2026-09-04,T+1,17018,3736,20754,2026-09-03T02:32:19.113Z,TRUE,"High outlier: ₹20754 > upper fence ₹11020 (Q3: ₹8345, IQR: ₹1783)",10:35,FALSE
fare_BOM-DEL_AI_2026-09-04_T+1_1788404009199_at69,BOM-DEL,EaseMyTrip,AI,AI-2728,2026-09-04,T+1,17405,3820,21225,2026-09-03T02:32:19.113Z,TRUE,"High outlier: ₹21225 > upper fence ₹11020 (Q3: ₹8345, IQR: ₹1783)",05:20,FALSE
fare_BOM-DEL_IX_2026-09-04_T+1_1788404009199_22fz,BOM-DEL,EaseMyTrip,IX,IX-1238,2026-09-04,T+1,19503,4281,23784,2026-09-03T02:32:19.113Z,TRUE,"High outlier: ₹23784 > upper fence ₹11020 (Q3: ₹8345, IQR: ₹1783)",12:25,FALSE
fare_BOM-DEL_AI_2026-09-04_T+1_1788404009199_kcye,BOM-DEL,EaseMyTrip,AI,AI-9533,2026-09-04,T+1,23187,5090,28277,2026-09-03T02:32:19.113Z,TRUE,"High outlier: ₹28277 > upper fence ₹11020 (Q3: ₹8345, IQR: ₹1783)",16:30,FALSE
fare_BOM-DEL_AI_2026-09-04_T+1_1788404009199_vu52,BOM-DEL,EaseMyTrip,AI,AI-2781,2026-09-04,T+1,28357,6225,34582,2026-09-03T02:32:19.113Z,TRUE,"High outlier: ₹34582 > upper fence ₹11020 (Q3: ₹8345, IQR: ₹1783)",10:45,FALSE
fare_BOM-DEL_6E_2026-09-10_T+7_1788404009199_opb4,BOM-DEL,EaseMyTrip,6E,6E-866,2026-09-10,T+7,5076,1114,6190,2026-09-03T02:32:26.151Z,FALSE,"",17:45,FALSE
fare_BOM-DEL_6E_2026-09-10_T+7_1788404009199_h4t3,BOM-DEL,EaseMyTrip,6E,6E-538,2026-09-10,T+7,5076,1114,6190,2026-09-03T02:32:26.151Z,FALSE,"",17:45,FALSE
fare_BOM-DEL_6E_2026-09-10_T+7_1788404009199_3m4p,BOM-DEL,EaseMyTrip,6E,6E-6195,2026-09-10,T+7,5076,1114,6190,2026-09-03T02:32:26.151Z,FALSE,"",23:00,FALSE
fare_BOM-DEL_IX_2026-09-10_T+7_1788404009199_medc,BOM-DEL,EaseMyTrip,IX,IX-1050,2026-09-10,T+7,5380,1181,6561,2026-09-03T02:32:26.151Z,FALSE,"",08:55,TRUE
fare_BOM-DEL_IX_2026-09-10_T+7_1788404009199_vk7b,BOM-DEL,EaseMyTrip,IX,IX-1671,2026-09-10,T+7,5380,1181,6561,2026-09-03T02:32:26.151Z,FALSE,"",16:45,TRUE
fare_BOM-DEL_IX_2026-09-10_T+7_1788404009199_nyko,BOM-DEL,EaseMyTrip,IX,IX-1364,2026-09-10,T+7,5380,1181,6561,2026-09-03T02:32:26.151Z,FALSE,"",21:55,TRUE
fare_BOM-DEL_6E_2026-09-10_T+7_1788404009199_041h,BOM-DEL,EaseMyTrip,6E,6E-2237,2026-09-10,T+7,5160,1133,6293,2026-09-03T02:32:26.151Z,FALSE,"",18:40,FALSE
fare_BOM-DEL_6E_2026-09-10_T+7_1788404009199_q0ni,BOM-DEL,EaseMyTrip,6E,6E-5107,2026-09-10,T+7,5160,1133,6293,2026-09-03T02:32:26.151Z,FALSE,"",20:00,FALSE
fare_BOM-DEL_SG_2026-09-10_T+7_1788404009199_gnn6,BOM-DEL,EaseMyTrip,SG,SG-9401,2026-09-10,T+7,5528,1213,6741,2026-09-03T02:32:26.151Z,FALSE,"",09:50,TRUE
fare_BOM-DEL_6E_2026-09-10_T+7_1788404009199_s04m,BOM-DEL,EaseMyTrip,6E,6E-6027,2026-09-10,T+7,5269,1156,6425,2026-09-03T02:32:26.151Z,FALSE,"",17:35,FALSE
fare_BOM-DEL_6E_2026-09-10_T+7_1788404009199_xehk,BOM-DEL,EaseMyTrip,6E,6E-6599,2026-09-10,T+7,5269,1156,6425,2026-09-03T02:32:26.151Z,FALSE,"",16:50,FALSE
fare_BOM-DEL_6E_2026-09-10_T+7_1788404009199_h39w,BOM-DEL,EaseMyTrip,6E,6E-5164,2026-09-10,T+7,5269,1156,6425,2026-09-03T02:32:26.151Z,FALSE,"",20:35,FALSE
fare_BOM-DEL_6E_2026-09-10_T+7_1788404009199_xvel,BOM-DEL,EaseMyTrip,6E,6E-5147,2026-09-10,T+7,5269,1156,6425,2026-09-03T02:32:26.151Z,FALSE,"",18:35,FALSE
fare_BOM-DEL_6E_2026-09-10_T+7_1788404009199_e79h,BOM-DEL,EaseMyTrip,6E,6E-6058,2026-09-10,T+7,5269,1156,6425,2026-09-03T02:32:26.151Z,FALSE,"",08:05,FALSE
fare_BOM-DEL_6E_2026-09-10_T+7_1788404009199_rl5a,BOM-DEL,EaseMyTrip,6E,6E-5181,2026-09-10,T+7,5269,1156,6425,2026-09-03T02:32:26.151Z,FALSE,"",10:25,FALSE
fare_BOM-DEL_6E_2026-09-10_T+7_1788404009199_7i48,BOM-DEL,EaseMyTrip,6E,6E-5154,2026-09-10,T+7,5269,1156,6425,2026-09-03T02:32:26.151Z,FALSE,"",15:45,FALSE
fare_BOM-DEL_6E_2026-09-10_T+7_1788404009199_s4bk,BOM-DEL,EaseMyTrip,6E,6E-5131,2026-09-10,T+7,5269,1156,6425,2026-09-03T02:32:26.151Z,FALSE,"",15:50,FALSE
fare_BOM-DEL_6E_2026-09-10_T+7_1788404009199_vr64,BOM-DEL,EaseMyTrip,6E,6E-6802,2026-09-10,T+7,5269,1156,6425,2026-09-03T02:32:26.151Z,FALSE,"",16:55,FALSE
fare_BOM-DEL_6E_2026-09-10_T+7_1788404009199_qwvx,BOM-DEL,EaseMyTrip,6E,6E-5273,2026-09-10,T+7,5269,1156,6425,2026-09-03T02:32:26.151Z,FALSE,"",18:35,FALSE
fare_BOM-DEL_6E_2026-09-10_T+7_1788404009199_zfav,BOM-DEL,EaseMyTrip,6E,6E-6122,2026-09-10,T+7,5269,1156,6425,2026-09-03T02:32:26.151Z,FALSE,"",12:25,FALSE
fare_BOM-DEL_6E_2026-09-10_T+7_1788404009199_vmev,BOM-DEL,EaseMyTrip,6E,6E-5345,2026-09-10,T+7,5269,1156,6425,2026-09-03T02:32:26.151Z,FALSE,"",14:25,FALSE
fare_BOM-DEL_IX_2026-09-10_T+7_1788404009199_8l51,BOM-DEL,EaseMyTrip,IX,IX-2153,2026-09-10,T+7,5552,1219,6771,2026-09-03T02:32:26.151Z,FALSE,"",20:25,TRUE
fare_BOM-DEL_6E_2026-09-10_T+7_1788404009199_7jc6,BOM-DEL,EaseMyTrip,6E,6E-461,2026-09-10,T+7,5332,1171,6503,2026-09-03T02:32:26.151Z,FALSE,"",19:20,FALSE
fare_BOM-DEL_6E_2026-09-10_T+7_1788404009199_m5tg,BOM-DEL,EaseMyTrip,6E,6E-822,2026-09-10,T+7,5332,1171,6503,2026-09-03T02:32:26.151Z,FALSE,"",19:20,FALSE
fare_BOM-DEL_6E_2026-09-10_T+7_1788404009199_tb68,BOM-DEL,EaseMyTrip,6E,6E-361,2026-09-10,T+7,5332,1171,6503,2026-09-03T02:32:26.151Z,FALSE,"",04:30,FALSE
fare_BOM-DEL_6E_2026-09-10_T+7_1788404009199_lwdj,BOM-DEL,EaseMyTrip,6E,6E-394,2026-09-10,T+7,5332,1171,6503,2026-09-03T02:32:26.151Z,FALSE,"",04:30,FALSE
fare_BOM-DEL_6E_2026-09-10_T+7_1788404009199_9tjx,BOM-DEL,EaseMyTrip,6E,6E-2090,2026-09-10,T+7,5380,1181,6561,2026-09-03T02:32:26.151Z,FALSE,"",06:25,TRUE
fare_BOM-DEL_QP_2026-09-10_T+7_1788404009199_n1op,BOM-DEL,EaseMyTrip,QP,QP-1111,2026-09-10,T+7,5381,1181,6562,2026-09-03T02:32:26.151Z,FALSE,"",05:25,TRUE
fare_BOM-DEL_QP_2026-09-10_T+7_1788404009199_l7sk,BOM-DEL,EaseMyTrip,QP,QP-1127,2026-09-10,T+7,5381,1181,6562,2026-09-03T02:32:26.151Z,FALSE,"",13:00,TRUE
fare_BOM-DEL_QP_2026-09-10_T+7_1788404009199_b9bg,BOM-DEL,EaseMyTrip,QP,QP-1819,2026-09-10,T+7,5381,1181,6562,2026-09-03T02:32:26.151Z,FALSE,"",14:30,TRUE
fare_BOM-DEL_QP_2026-09-10_T+7_1788404009199_e5vo,BOM-DEL,EaseMyTrip,QP,QP-1834,2026-09-10,T+7,5381,1181,6562,2026-09-03T02:32:26.151Z,FALSE,"",10:20,TRUE
fare_BOM-DEL_QP_2026-09-10_T+7_1788404009199_i85f,BOM-DEL,EaseMyTrip,QP,QP-1825,2026-09-10,T+7,5381,1181,6562,2026-09-03T02:32:26.151Z,FALSE,"",16:50,TRUE
fare_BOM-DEL_QP_2026-09-10_T+7_1788404009199_41w9,BOM-DEL,EaseMyTrip,QP,QP-1835,2026-09-10,T+7,5381,1181,6562,2026-09-03T02:32:26.151Z,FALSE,"",11:50,TRUE
fare_BOM-DEL_6E_2026-09-10_T+7_1788404009199_ypdc,BOM-DEL,EaseMyTrip,6E,6E-605,2026-09-10,T+7,5381,1181,6562,2026-09-03T02:32:26.151Z,FALSE,"",05:00,TRUE
fare_BOM-DEL_6E_2026-09-10_T+7_1788404009199_m4il,BOM-DEL,EaseMyTrip,6E,6E-645,2026-09-10,T+7,5381,1181,6562,2026-09-03T02:32:26.151Z,FALSE,"",05:00,TRUE
fare_BOM-DEL_6E_2026-09-10_T+7_1788404009199_2ech,BOM-DEL,EaseMyTrip,6E,6E-6082,2026-09-10,T+7,5381,1181,6562,2026-09-03T02:32:26.151Z,FALSE,"",16:45,TRUE
fare_BOM-DEL_6E_2026-09-10_T+7_1788404009199_xuzs,BOM-DEL,EaseMyTrip,6E,6E-620,2026-09-10,T+7,5381,1181,6562,2026-09-03T02:32:26.151Z,FALSE,"",16:00,TRUE
fare_BOM-DEL_6E_2026-09-10_T+7_1788404009199_bv9h,BOM-DEL,EaseMyTrip,6E,6E-912,2026-09-10,T+7,5381,1181,6562,2026-09-03T02:32:26.151Z,FALSE,"",16:00,TRUE
fare_BOM-DEL_6E_2026-09-10_T+7_1788404009199_7p9q,BOM-DEL,EaseMyTrip,6E,6E-663,2026-09-10,T+7,5381,1181,6562,2026-09-03T02:32:26.151Z,FALSE,"",15:00,TRUE
fare_BOM-DEL_6E_2026-09-10_T+7_1788404009199_2u07,BOM-DEL,EaseMyTrip,6E,6E-255,2026-09-10,T+7,5381,1181,6562,2026-09-03T02:32:26.151Z,FALSE,"",15:00,TRUE
fare_BOM-DEL_6E_2026-09-10_T+7_1788404009199_x3c2,BOM-DEL,EaseMyTrip,6E,6E-656,2026-09-10,T+7,5381,1181,6562,2026-09-03T02:32:26.151Z,FALSE,"",13:00,TRUE
fare_BOM-DEL_6E_2026-09-10_T+7_1788404009199_29ek,BOM-DEL,EaseMyTrip,6E,6E-604,2026-09-10,T+7,5381,1181,6562,2026-09-03T02:32:26.151Z,FALSE,"",13:00,TRUE
fare_BOM-DEL_6E_2026-09-10_T+7_1788404009199_gk13,BOM-DEL,EaseMyTrip,6E,6E-6704,2026-09-10,T+7,5381,1181,6562,2026-09-03T02:32:26.151Z,FALSE,"",14:00,TRUE
fare_BOM-DEL_6E_2026-09-10_T+7_1788404009199_o7uq,BOM-DEL,EaseMyTrip,6E,6E-6052,2026-09-10,T+7,5381,1181,6562,2026-09-03T02:32:26.151Z,FALSE,"",10:00,TRUE
fare_BOM-DEL_6E_2026-09-10_T+7_1788404009199_zj1e,BOM-DEL,EaseMyTrip,6E,6E-888,2026-09-10,T+7,5381,1181,6562,2026-09-03T02:32:26.151Z,FALSE,"",10:35,TRUE
fare_BOM-DEL_6E_2026-09-10_T+7_1788404009199_27gw,BOM-DEL,EaseMyTrip,6E,6E-468,2026-09-10,T+7,5381,1181,6562,2026-09-03T02:32:26.151Z,FALSE,"",10:35,TRUE
fare_BOM-DEL_6E_2026-09-10_T+7_1788404009199_mjn8,BOM-DEL,EaseMyTrip,6E,6E-6827,2026-09-10,T+7,5381,1181,6562,2026-09-03T02:32:26.151Z,FALSE,"",11:30,TRUE
fare_BOM-DEL_6E_2026-09-10_T+7_1788404009199_u76o,BOM-DEL,EaseMyTrip,6E,6E-6028,2026-09-10,T+7,5381,1181,6562,2026-09-03T02:32:26.151Z,FALSE,"",12:15,TRUE
fare_BOM-DEL_6E_2026-09-10_T+7_1788404009199_4djv,BOM-DEL,EaseMyTrip,6E,6E-967,2026-09-10,T+7,5381,1181,6562,2026-09-03T02:32:26.151Z,FALSE,"",09:00,TRUE
fare_BOM-DEL_6E_2026-09-10_T+7_1788404009199_a8gk,BOM-DEL,EaseMyTrip,6E,6E-391,2026-09-10,T+7,5381,1181,6562,2026-09-03T02:32:26.151Z,FALSE,"",09:00,TRUE
fare_BOM-DEL_QP_2026-09-10_T+7_1788404009199_k6s5,BOM-DEL,EaseMyTrip,QP,QP-1939,2026-09-10,T+7,5423,1191,6614,2026-09-03T02:32:26.151Z,FALSE,"",10:10,TRUE
fare_BOM-DEL_6E_2026-09-10_T+7_1788404009199_mb7a,BOM-DEL,EaseMyTrip,6E,6E-5197,2026-09-10,T+7,5423,1191,6614,2026-09-03T02:32:26.151Z,FALSE,"",06:40,TRUE
fare_BOM-DEL_6E_2026-09-10_T+7_1788404009199_aw80,BOM-DEL,EaseMyTrip,6E,6E-791,2026-09-10,T+7,5510,1210,6720,2026-09-03T02:32:26.151Z,FALSE,"",23:45,TRUE
fare_BOM-DEL_6E_2026-09-10_T+7_1788404009199_zy2h,BOM-DEL,EaseMyTrip,6E,6E-599,2026-09-10,T+7,5510,1210,6720,2026-09-03T02:32:26.151Z,FALSE,"",23:45,TRUE
fare_BOM-DEL_6E_2026-09-10_T+7_1788404009199_8ndt,BOM-DEL,EaseMyTrip,6E,6E-816,2026-09-10,T+7,5510,1210,6720,2026-09-03T02:32:26.151Z,FALSE,"",22:15,TRUE
fare_BOM-DEL_6E_2026-09-10_T+7_1788404009199_lycg,BOM-DEL,EaseMyTrip,6E,6E-681,2026-09-10,T+7,5510,1210,6720,2026-09-03T02:32:26.151Z,FALSE,"",22:15,TRUE
fare_BOM-DEL_6E_2026-09-10_T+7_1788404009199_x4z1,BOM-DEL,EaseMyTrip,6E,6E-796,2026-09-10,T+7,5510,1210,6720,2026-09-03T02:32:26.151Z,FALSE,"",21:15,TRUE
fare_BOM-DEL_6E_2026-09-10_T+7_1788404009199_7efs,BOM-DEL,EaseMyTrip,6E,6E-427,2026-09-10,T+7,5510,1210,6720,2026-09-03T02:32:26.151Z,FALSE,"",21:15,TRUE
fare_BOM-DEL_6E_2026-09-10_T+7_1788404009199_t82a,BOM-DEL,EaseMyTrip,6E,6E-629,2026-09-10,T+7,5510,1210,6720,2026-09-03T02:32:26.151Z,FALSE,"",17:20,TRUE
fare_BOM-DEL_6E_2026-09-10_T+7_1788404009199_4pmu,BOM-DEL,EaseMyTrip,6E,6E-133,2026-09-10,T+7,5510,1210,6720,2026-09-03T02:32:26.151Z,FALSE,"",17:20,TRUE
fare_BOM-DEL_6E_2026-09-10_T+7_1788404009199_tudl,BOM-DEL,EaseMyTrip,6E,6E-880,2026-09-10,T+7,5510,1210,6720,2026-09-03T02:32:26.151Z,FALSE,"",06:00,TRUE
fare_BOM-DEL_6E_2026-09-10_T+7_1788404009199_3t43,BOM-DEL,EaseMyTrip,6E,6E-225,2026-09-10,T+7,5510,1210,6720,2026-09-03T02:32:26.151Z,FALSE,"",06:00,TRUE
fare_BOM-DEL_6E_2026-09-10_T+7_1788404009199_2s48,BOM-DEL,EaseMyTrip,6E,6E-5059,2026-09-10,T+7,5561,1221,6782,2026-09-03T02:32:26.151Z,FALSE,"",05:45,FALSE
fare_BOM-DEL_6E_2026-09-10_T+7_1788404009199_repn,BOM-DEL,EaseMyTrip,6E,6E-602,2026-09-10,T+7,5561,1221,6782,2026-09-03T02:32:26.151Z,FALSE,"",04:00,FALSE
fare_BOM-DEL_6E_2026-09-10_T+7_1788404009199_jkvn,BOM-DEL,EaseMyTrip,6E,6E-507,2026-09-10,T+7,5561,1221,6782,2026-09-03T02:32:26.151Z,FALSE,"",04:00,FALSE
fare_BOM-DEL_6E_2026-09-10_T+7_1788404009199_ygwx,BOM-DEL,EaseMyTrip,6E,6E-5144,2026-09-10,T+7,5561,1221,6782,2026-09-03T02:32:26.151Z,FALSE,"",06:10,FALSE
fare_BOM-DEL_QP_2026-09-10_T+7_1788404009199_sx6o,BOM-DEL,EaseMyTrip,QP,QP-1109,2026-09-10,T+7,5578,1224,6802,2026-09-03T02:32:26.151Z,FALSE,"",07:00,TRUE
fare_BOM-DEL_AI_2026-09-10_T+7_1788404009199_78k6,BOM-DEL,EaseMyTrip,AI,AI-2677,2026-09-10,T+7,5766,1266,7032,2026-09-03T02:32:26.151Z,FALSE,"",13:00,TRUE
fare_BOM-DEL_AI_2026-09-10_T+7_1788404009199_al57,BOM-DEL,EaseMyTrip,AI,AI-2422,2026-09-10,T+7,5766,1266,7032,2026-09-03T02:32:26.151Z,FALSE,"",01:00,TRUE
fare_BOM-DEL_AI_2026-09-10_T+7_1788404009199_53it,BOM-DEL,EaseMyTrip,AI,AI-2432,2026-09-10,T+7,5766,1266,7032,2026-09-03T02:32:26.151Z,FALSE,"",09:30,TRUE
fare_BOM-DEL_AI_2026-09-10_T+7_1788404009199_05gn,BOM-DEL,EaseMyTrip,AI,AI-2952,2026-09-10,T+7,5766,1266,7032,2026-09-03T02:32:26.151Z,FALSE,"",11:25,TRUE
fare_BOM-DEL_AI_2026-09-10_T+7_1788404009199_as2j,BOM-DEL,EaseMyTrip,AI,AI-2419,2026-09-10,T+7,5766,1266,7032,2026-09-03T02:32:26.151Z,FALSE,"",12:00,TRUE
fare_BOM-DEL_AI_2026-09-10_T+7_1788404009199_5gze,BOM-DEL,EaseMyTrip,AI,AI-864,2026-09-10,T+7,5766,1266,7032,2026-09-03T02:32:26.151Z,FALSE,"",13:30,TRUE
fare_BOM-DEL_AI_2026-09-10_T+7_1788404009199_5f8s,BOM-DEL,EaseMyTrip,AI,AI-2960,2026-09-10,T+7,5766,1266,7032,2026-09-03T02:32:26.151Z,FALSE,"",14:05,TRUE
fare_BOM-DEL_AI_2026-09-10_T+7_1788404009199_l1tv,BOM-DEL,EaseMyTrip,AI,AI-2944,2026-09-10,T+7,5766,1266,7032,2026-09-03T02:32:26.151Z,FALSE,"",14:35,TRUE
fare_BOM-DEL_AI_2026-09-10_T+7_1788404009199_49or,BOM-DEL,EaseMyTrip,AI,AI-1851,2026-09-10,T+7,5766,1266,7032,2026-09-03T02:32:26.151Z,FALSE,"",15:30,TRUE
fare_BOM-DEL_AI_2026-09-10_T+7_1788404009199_8ji5,BOM-DEL,EaseMyTrip,AI,AI-1882,2026-09-10,T+7,5766,1266,7032,2026-09-03T02:32:26.151Z,FALSE,"",23:55,TRUE
fare_BOM-DEL_6E_2026-09-10_T+7_1788404009199_qkf2,BOM-DEL,EaseMyTrip,6E,6E-516,2026-09-10,T+7,5683,1247,6930,2026-09-03T02:32:26.151Z,FALSE,"",07:00,TRUE
fare_BOM-DEL_6E_2026-09-10_T+7_1788404009199_xu5p,BOM-DEL,EaseMyTrip,6E,6E-746,2026-09-10,T+7,5683,1247,6930,2026-09-03T02:32:26.151Z,FALSE,"",07:00,TRUE
fare_BOM-DEL_6E_2026-09-10_T+7_1788404009199_3xan,BOM-DEL,EaseMyTrip,6E,6E-777,2026-09-10,T+7,5683,1247,6930,2026-09-03T02:32:26.151Z,FALSE,"",08:00,TRUE
fare_BOM-DEL_6E_2026-09-10_T+7_1788404009199_yki2,BOM-DEL,EaseMyTrip,6E,6E-457,2026-09-10,T+7,5683,1247,6930,2026-09-03T02:32:26.151Z,FALSE,"",08:00,TRUE
fare_BOM-DEL_SG_2026-09-10_T+7_1788404009199_jbaa,BOM-DEL,EaseMyTrip,SG,SG-670,2026-09-10,T+7,6077,1334,7411,2026-09-03T02:32:26.151Z,FALSE,"",01:50,TRUE
fare_BOM-DEL_SG_2026-09-10_T+7_1788404009199_dcyg,BOM-DEL,EaseMyTrip,SG,SG-174,2026-09-10,T+7,6077,1334,7411,2026-09-03T02:32:26.151Z,FALSE,"",01:50,TRUE
fare_BOM-DEL_IX_2026-09-10_T+7_1788404009199_dq4s,BOM-DEL,EaseMyTrip,IX,IX-1787,2026-09-10,T+7,5897,1294,7191,2026-09-03T02:32:26.151Z,FALSE,"",13:10,FALSE
fare_BOM-DEL_AI_2026-09-10_T+7_1788404009199_m9su,BOM-DEL,EaseMyTrip,AI,AI-2970,2026-09-10,T+7,5897,1294,7191,2026-09-03T02:32:26.151Z,FALSE,"",08:30,TRUE
fare_BOM-DEL_AI_2026-09-10_T+7_1788404009199_l9kz,BOM-DEL,EaseMyTrip,AI,AI-2430,2026-09-10,T+7,5897,1294,7191,2026-09-03T02:32:26.151Z,FALSE,"",10:00,TRUE
fare_BOM-DEL_6E_2026-09-10_T+7_1788404009199_brnw,BOM-DEL,EaseMyTrip,6E,6E-7017,2026-09-10,T+7,5737,1259,6996,2026-09-03T02:32:26.151Z,FALSE,"",21:30,FALSE
fare_BOM-DEL_6E_2026-09-10_T+7_1788404009199_yz1p,BOM-DEL,EaseMyTrip,6E,6E-190,2026-09-10,T+7,5897,1295,7192,2026-09-03T02:32:26.151Z,FALSE,"",19:00,TRUE
fare_BOM-DEL_6E_2026-09-10_T+7_1788404009199_ddw8,BOM-DEL,EaseMyTrip,6E,6E-615,2026-09-10,T+7,5897,1295,7192,2026-09-03T02:32:26.151Z,FALSE,"",19:00,TRUE
fare_BOM-DEL_AI_2026-09-10_T+7_1788404009199_4fg7,BOM-DEL,EaseMyTrip,AI,AI-2930,2026-09-10,T+7,6069,1332,7401,2026-09-03T02:32:26.151Z,FALSE,"",07:30,TRUE
fare_BOM-DEL_6E_2026-09-10_T+7_1788404009199_a50b,BOM-DEL,EaseMyTrip,6E,6E-6361,2026-09-10,T+7,5906,1296,7202,2026-09-03T02:32:26.151Z,FALSE,"",05:00,FALSE
fare_BOM-DEL_6E_2026-09-10_T+7_1788404009199_tq2g,BOM-DEL,EaseMyTrip,6E,6E-776,2026-09-10,T+7,6001,1317,7318,2026-09-03T02:32:26.151Z,FALSE,"",01:30,FALSE
fare_BOM-DEL_6E_2026-09-10_T+7_1788404009199_dmfg,BOM-DEL,EaseMyTrip,6E,6E-562,2026-09-10,T+7,6001,1317,7318,2026-09-03T02:32:26.151Z,FALSE,"",01:30,FALSE
fare_BOM-DEL_AI_2026-09-10_T+7_1788404009199_fcxe,BOM-DEL,EaseMyTrip,AI,AI-2928,2026-09-10,T+7,6220,1365,7585,2026-09-03T02:32:26.151Z,FALSE,"",06:30,TRUE
fare_BOM-DEL_AI_2026-09-10_T+7_1788404009199_br98,BOM-DEL,EaseMyTrip,AI,AI-2428,2026-09-10,T+7,6270,1376,7646,2026-09-03T02:32:26.151Z,FALSE,"",08:00,TRUE
fare_BOM-DEL_AI_2026-09-10_T+7_1788404009199_sz08,BOM-DEL,EaseMyTrip,AI,AI-2424,2026-09-10,T+7,6270,1376,7646,2026-09-03T02:32:26.151Z,FALSE,"",07:00,TRUE
fare_BOM-DEL_AI_2026-09-10_T+7_1788404009199_9h7p,BOM-DEL,EaseMyTrip,AI,AI-2986,2026-09-10,T+7,6283,1379,7662,2026-09-03T02:32:26.151Z,FALSE,"",22:35,TRUE
fare_BOM-DEL_AI_2026-09-10_T+7_1788404009199_yfx3,BOM-DEL,EaseMyTrip,AI,AI-2687,2026-09-10,T+7,6283,1379,7662,2026-09-03T02:32:26.151Z,FALSE,"",16:35,TRUE
fare_BOM-DEL_6E_2026-09-10_T+7_1788404009199_gzvz,BOM-DEL,EaseMyTrip,6E,6E-6049,2026-09-10,T+7,6156,1351,7507,2026-09-03T02:32:26.151Z,FALSE,"",19:45,TRUE
fare_BOM-DEL_6E_2026-09-10_T+7_1788404009199_2pv3,BOM-DEL,EaseMyTrip,6E,6E-159,2026-09-10,T+7,6156,1351,7507,2026-09-03T02:32:26.151Z,FALSE,"",20:20,TRUE
fare_BOM-DEL_6E_2026-09-10_T+7_1788404009199_q6jb,BOM-DEL,EaseMyTrip,6E,6E-127,2026-09-10,T+7,6156,1351,7507,2026-09-03T02:32:26.151Z,FALSE,"",20:20,TRUE
fare_BOM-DEL_6E_2026-09-10_T+7_1788404009199_7qm7,BOM-DEL,EaseMyTrip,6E,6E-5028,2026-09-10,T+7,6173,1355,7528,2026-09-03T02:32:26.151Z,FALSE,"",19:35,FALSE
fare_BOM-DEL_6E_2026-09-10_T+7_1788404009199_ww5b,BOM-DEL,EaseMyTrip,6E,6E-740,2026-09-10,T+7,6198,1361,7559,2026-09-03T02:32:26.151Z,FALSE,"",17:20,TRUE
fare_BOM-DEL_6E_2026-09-10_T+7_1788404009199_i0mm,BOM-DEL,EaseMyTrip,6E,6E-701,2026-09-10,T+7,6198,1361,7559,2026-09-03T02:32:26.151Z,FALSE,"",17:20,TRUE
fare_BOM-DEL_IX_2026-09-10_T+7_1788404009199_cima,BOM-DEL,EaseMyTrip,IX,IX-1026,2026-09-10,T+7,6447,1415,7862,2026-09-03T02:32:26.151Z,FALSE,"",05:45,FALSE
fare_BOM-DEL_6E_2026-09-10_T+7_1788404009199_f0zp,BOM-DEL,EaseMyTrip,6E,6E-5318,2026-09-10,T+7,6281,1379,7660,2026-09-03T02:32:26.151Z,FALSE,"",10:15,FALSE
fare_BOM-DEL_AI_2026-09-10_T+7_1788404009199_gl0o,BOM-DEL,EaseMyTrip,AI,AI-816,2026-09-10,T+7,6541,1436,7977,2026-09-03T02:32:26.151Z,FALSE,"",21:00,TRUE
fare_BOM-DEL_AI_2026-09-10_T+7_1788404009199_0vxh,BOM-DEL,EaseMyTrip,AI,AI-1891,2026-09-10,T+7,6625,1454,8079,2026-09-03T02:32:26.151Z,FALSE,"",08:10,TRUE
fare_BOM-DEL_6E_2026-09-10_T+7_1788404009199_ngyu,BOM-DEL,EaseMyTrip,6E,6E-976,2026-09-10,T+7,6540,1435,7975,2026-09-03T02:32:26.151Z,FALSE,"",12:40,FALSE
fare_BOM-DEL_6E_2026-09-10_T+7_1788404009199_sv24,BOM-DEL,EaseMyTrip,6E,6E-559,2026-09-10,T+7,6540,1435,7975,2026-09-03T02:32:26.151Z,FALSE,"",12:40,FALSE
fare_BOM-DEL_6E_2026-09-10_T+7_1788404009199_mxdp,BOM-DEL,EaseMyTrip,6E,6E-5281,2026-09-10,T+7,6634,1456,8090,2026-09-03T02:32:26.151Z,FALSE,"",08:40,FALSE
fare_BOM-DEL_6E_2026-09-10_T+7_1788404009199_g07z,BOM-DEL,EaseMyTrip,6E,6E-6613,2026-09-10,T+7,6716,1474,8190,2026-09-03T02:32:26.151Z,FALSE,"",18:15,TRUE
fare_BOM-DEL_AI_2026-09-10_T+7_1788404009199_ezoe,BOM-DEL,EaseMyTrip,AI,AI-2440,2026-09-10,T+7,7030,1543,8573,2026-09-03T02:32:26.151Z,FALSE,"",18:00,TRUE
fare_BOM-DEL_AI_2026-09-10_T+7_1788404009199_1ag8,BOM-DEL,EaseMyTrip,AI,AI-2988,2026-09-10,T+7,7102,1559,8661,2026-09-03T02:32:26.151Z,FALSE,"",20:30,TRUE
fare_BOM-DEL_IX_2026-09-10_T+7_1788404009199_8v1p,BOM-DEL,EaseMyTrip,IX,IX-1809,2026-09-10,T+7,7318,1606,8924,2026-09-03T02:32:26.151Z,FALSE,"",07:30,FALSE
fare_BOM-DEL_IX_2026-09-10_T+7_1788404009199_7a59,BOM-DEL,EaseMyTrip,IX,IX-1237,2026-09-10,T+7,7373,1619,8992,2026-09-03T02:32:26.151Z,FALSE,"",05:55,FALSE
fare_BOM-DEL_6E_2026-09-10_T+7_1788404009199_pcj7,BOM-DEL,EaseMyTrip,6E,6E-2024,2026-09-10,T+7,7297,1602,8899,2026-09-03T02:32:26.151Z,FALSE,"",09:15,FALSE
fare_BOM-DEL_AI_2026-09-10_T+7_1788404009199_rnsc,BOM-DEL,EaseMyTrip,AI,AI-1895,2026-09-10,T+7,7660,1682,9342,2026-09-03T02:32:26.151Z,FALSE,"",21:30,TRUE
fare_BOM-DEL_6E_2026-09-10_T+7_1788404009199_1f9j,BOM-DEL,EaseMyTrip,6E,6E-553,2026-09-10,T+7,7601,1669,9270,2026-09-03T02:32:26.151Z,FALSE,"",14:40,FALSE
fare_BOM-DEL_6E_2026-09-10_T+7_1788404009199_yx34,BOM-DEL,EaseMyTrip,6E,6E-349,2026-09-10,T+7,7601,1669,9270,2026-09-03T02:32:26.151Z,FALSE,"",14:40,FALSE
fare_BOM-DEL_6E_2026-09-10_T+7_1788404009199_0dmb,BOM-DEL,EaseMyTrip,6E,6E-5135,2026-09-10,T+7,7751,1701,9452,2026-09-03T02:32:26.151Z,FALSE,"",23:20,FALSE
fare_BOM-DEL_QP_2026-09-10_T+7_1788404009199_4431,BOM-DEL,EaseMyTrip,QP,QP-1120,2026-09-10,T+7,8032,1763,9795,2026-09-03T02:32:26.151Z,FALSE,"",18:45,TRUE
fare_BOM-DEL_AI_2026-09-10_T+7_1788404009199_pzbj,BOM-DEL,EaseMyTrip,AI,AI-9558,2026-09-10,T+7,8388,1841,10229,2026-09-03T02:32:26.151Z,FALSE,"",07:30,FALSE
fare_BOM-DEL_6E_2026-09-10_T+7_1788404009199_asyq,BOM-DEL,EaseMyTrip,6E,6E-2347,2026-09-10,T+7,8245,1810,10055,2026-09-03T02:32:26.151Z,FALSE,"",08:50,FALSE
fare_BOM-DEL_6E_2026-09-10_T+7_1788404009199_xp76,BOM-DEL,EaseMyTrip,6E,6E-6543,2026-09-10,T+7,8525,1871,10396,2026-09-03T02:32:26.151Z,FALSE,"",07:50,FALSE
fare_BOM-DEL_AI_2026-09-10_T+7_1788404009199_jjzf,BOM-DEL,EaseMyTrip,AI,AI-2940,2026-09-10,T+7,8770,1925,10695,2026-09-03T02:32:26.151Z,FALSE,"",20:00,TRUE
fare_BOM-DEL_AI_2026-09-10_T+7_1788404009199_e1yc,BOM-DEL,EaseMyTrip,AI,AI-9891,2026-09-10,T+7,8798,1931,10729,2026-09-03T02:32:26.151Z,FALSE,"",13:10,FALSE
fare_BOM-DEL_6E_2026-09-10_T+7_1788404009199_a9l0,BOM-DEL,EaseMyTrip,6E,6E-5101,2026-09-10,T+7,8928,1960,10888,2026-09-03T02:32:26.151Z,FALSE,"",10:20,FALSE
fare_BOM-DEL_AI_2026-09-10_T+7_1788404009199_3uzt,BOM-DEL,EaseMyTrip,AI,AI-2491,2026-09-10,T+7,9347,2052,11399,2026-09-03T02:32:26.151Z,FALSE,"",11:15,FALSE
fare_BOM-DEL_AI_2026-09-10_T+7_1788404009199_z793,BOM-DEL,EaseMyTrip,AI,AI-9753,2026-09-10,T+7,9577,2102,11679,2026-09-03T02:32:26.151Z,FALSE,"",05:45,FALSE
fare_BOM-DEL_IX_2026-09-10_T+7_1788404009199_s2t7,BOM-DEL,EaseMyTrip,IX,IX-1347,2026-09-10,T+7,9975,2190,12165,2026-09-03T02:32:26.151Z,FALSE,"",06:00,FALSE
fare_BOM-DEL_6E_2026-09-10_T+7_1788404009199_j5a6,BOM-DEL,EaseMyTrip,6E,6E-972,2026-09-10,T+7,10073,2211,12284,2026-09-03T02:32:26.151Z,FALSE,"",11:20,FALSE
fare_BOM-DEL_6E_2026-09-10_T+7_1788404009199_4fck,BOM-DEL,EaseMyTrip,6E,6E-374,2026-09-10,T+7,10073,2211,12284,2026-09-03T02:32:26.151Z,FALSE,"",11:20,FALSE
fare_BOM-DEL_6E_2026-09-10_T+7_1788404009200_12qf,BOM-DEL,EaseMyTrip,6E,6E-5056,2026-09-10,T+7,10240,2248,12488,2026-09-03T02:32:26.151Z,FALSE,"",21:10,FALSE
fare_BOM-DEL_QP_2026-09-10_T+7_1788404009200_3lgm,BOM-DEL,EaseMyTrip,QP,QP-1516,2026-09-10,T+7,10330,2267,12597,2026-09-03T02:32:26.151Z,FALSE,"",00:40,FALSE
fare_BOM-DEL_6E_2026-09-10_T+7_1788404009200_v00z,BOM-DEL,EaseMyTrip,6E,6E-5178,2026-09-10,T+7,10788,2368,13156,2026-09-03T02:32:26.151Z,FALSE,"",11:45,FALSE
fare_BOM-DEL_6E_2026-09-10_T+7_1788404009200_vcc7,BOM-DEL,EaseMyTrip,6E,6E-5326,2026-09-10,T+7,10862,2384,13246,2026-09-03T02:32:26.151Z,FALSE,"",19:40,FALSE
fare_BOM-DEL_6E_2026-09-10_T+7_1788404009200_4fbq,BOM-DEL,EaseMyTrip,6E,6E-5246,2026-09-10,T+7,10929,2399,13328,2026-09-03T02:32:26.151Z,FALSE,"",07:15,FALSE
fare_BOM-DEL_AI_2026-09-10_T+7_1788404009200_yk5u,BOM-DEL,EaseMyTrip,AI,AI-2493,2026-09-10,T+7,11126,2442,13568,2026-09-03T02:32:26.151Z,FALSE,"",18:25,FALSE
fare_BOM-DEL_AI_2026-09-10_T+7_1788404009200_xo2v,BOM-DEL,EaseMyTrip,AI,AI-2919,2026-09-10,T+7,11126,2442,13568,2026-09-03T02:32:26.151Z,FALSE,"",21:35,FALSE
fare_BOM-DEL_AI_2026-09-10_T+7_1788404009200_peuq,BOM-DEL,EaseMyTrip,AI,AI-493,2026-09-10,T+7,11214,2461,13675,2026-09-03T02:32:26.151Z,FALSE,"",06:40,FALSE
fare_BOM-DEL_AI_2026-09-10_T+7_1788404009200_czby,BOM-DEL,EaseMyTrip,AI,AI-2503,2026-09-10,T+7,12577,2761,15338,2026-09-03T02:32:26.151Z,TRUE,"High outlier: ₹15338 > upper fence ₹14970 (Q3: ₹9925, IQR: ₹3363)",12:55,FALSE
fare_BOM-DEL_AI_2026-09-10_T+7_1788404009200_w7c8,BOM-DEL,EaseMyTrip,AI,AI-2785,2026-09-10,T+7,12656,2778,15434,2026-09-03T02:32:26.151Z,TRUE,"High outlier: ₹15434 > upper fence ₹14970 (Q3: ₹9925, IQR: ₹3363)",06:40,FALSE
fare_BOM-DEL_IX_2026-09-10_T+7_1788404009200_wukn,BOM-DEL,EaseMyTrip,IX,IX-5985,2026-09-10,T+7,13200,2897,16097,2026-09-03T02:32:26.151Z,TRUE,"High outlier: ₹16097 > upper fence ₹14970 (Q3: ₹9925, IQR: ₹3363)",15:35,FALSE
fare_BOM-DEL_AI_2026-09-10_T+7_1788404009200_3qt0,BOM-DEL,EaseMyTrip,AI,AI-2659,2026-09-10,T+7,13311,2922,16233,2026-09-03T02:32:26.151Z,TRUE,"High outlier: ₹16233 > upper fence ₹14970 (Q3: ₹9925, IQR: ₹3363)",14:35,FALSE
fare_BOM-DEL_IX_2026-09-10_T+7_1788404009200_5qqy,BOM-DEL,EaseMyTrip,IX,IX-1283,2026-09-10,T+7,13752,3019,16771,2026-09-03T02:32:26.151Z,TRUE,"High outlier: ₹16771 > upper fence ₹14970 (Q3: ₹9925, IQR: ₹3363)",09:05,FALSE
fare_BOM-DEL_AI_2026-09-10_T+7_1788404009200_nglg,BOM-DEL,EaseMyTrip,AI,AI-2753,2026-09-10,T+7,13595,2984,16579,2026-09-03T02:32:26.151Z,TRUE,"High outlier: ₹16579 > upper fence ₹14970 (Q3: ₹9925, IQR: ₹3363)",13:50,FALSE
fare_BOM-DEL_AI_2026-09-10_T+7_1788404009200_hp25,BOM-DEL,EaseMyTrip,AI,AI-2741,2026-09-10,T+7,13953,3063,17016,2026-09-03T02:32:26.151Z,TRUE,"High outlier: ₹17016 > upper fence ₹14970 (Q3: ₹9925, IQR: ₹3363)",07:40,FALSE
fare_BOM-DEL_AI_2026-09-10_T+7_1788404009200_a916,BOM-DEL,EaseMyTrip,AI,AI-2915,2026-09-10,T+7,14072,3089,17161,2026-09-03T02:32:26.151Z,TRUE,"High outlier: ₹17161 > upper fence ₹14970 (Q3: ₹9925, IQR: ₹3363)",15:30,FALSE
fare_BOM-DEL_AI_2026-09-10_T+7_1788404009200_5wxo,BOM-DEL,EaseMyTrip,AI,AI-2749,2026-09-10,T+7,14173,3111,17284,2026-09-03T02:32:26.151Z,TRUE,"High outlier: ₹17284 > upper fence ₹14970 (Q3: ₹9925, IQR: ₹3363)",17:35,FALSE
fare_BOM-DEL_AI_2026-09-10_T+7_1788404009200_zsjd,BOM-DEL,EaseMyTrip,AI,AI-2728,2026-09-10,T+7,14523,3188,17711,2026-09-03T02:32:26.151Z,TRUE,"High outlier: ₹17711 > upper fence ₹14970 (Q3: ₹9925, IQR: ₹3363)",05:20,FALSE
fare_BOM-DEL_AI_2026-09-10_T+7_1788404009200_ikkp,BOM-DEL,EaseMyTrip,AI,AI-2444,2026-09-10,T+7,14603,3206,17809,2026-09-03T02:32:26.151Z,TRUE,"High outlier: ₹17809 > upper fence ₹14970 (Q3: ₹9925, IQR: ₹3363)",10:50,FALSE
fare_BOM-DEL_AI_2026-09-10_T+7_1788404009200_3ml4,BOM-DEL,EaseMyTrip,AI,AI-2531,2026-09-10,T+7,14755,3239,17994,2026-09-03T02:32:26.151Z,TRUE,"High outlier: ₹17994 > upper fence ₹14970 (Q3: ₹9925, IQR: ₹3363)",15:05,FALSE
fare_BOM-DEL_AI_2026-09-10_T+7_1788404009200_wwde,BOM-DEL,EaseMyTrip,AI,AI-2625,2026-09-10,T+7,14755,3239,17994,2026-09-03T02:32:26.151Z,TRUE,"High outlier: ₹17994 > upper fence ₹14970 (Q3: ₹9925, IQR: ₹3363)",06:00,FALSE
fare_BOM-DEL_AI_2026-09-10_T+7_1788404009200_ioru,BOM-DEL,EaseMyTrip,AI,AI-603,2026-09-10,T+7,15023,3298,18321,2026-09-03T02:32:26.151Z,TRUE,"High outlier: ₹18321 > upper fence ₹14970 (Q3: ₹9925, IQR: ₹3363)",05:10,FALSE
fare_BOM-DEL_IX_2026-09-10_T+7_1788404009200_1f9z,BOM-DEL,EaseMyTrip,IX,IX-1163,2026-09-10,T+7,15826,3474,19300,2026-09-03T02:32:26.151Z,TRUE,"High outlier: ₹19300 > upper fence ₹14970 (Q3: ₹9925, IQR: ₹3363)",20:45,FALSE
fare_BOM-DEL_6E_2026-09-10_T+7_1788404009200_qqrz,BOM-DEL,EaseMyTrip,6E,6E-5228,2026-09-10,T+7,15658,3437,19095,2026-09-03T02:32:26.151Z,TRUE,"High outlier: ₹19095 > upper fence ₹14970 (Q3: ₹9925, IQR: ₹3363)",16:45,FALSE
fare_BOM-DEL_6E_2026-09-10_T+7_1788404009200_pfov,BOM-DEL,EaseMyTrip,6E,6E-5386,2026-09-10,T+7,16372,3594,19966,2026-09-03T02:32:26.151Z,TRUE,"High outlier: ₹19966 > upper fence ₹14970 (Q3: ₹9925, IQR: ₹3363)",15:10,FALSE
fare_BOM-DEL_SG_2026-09-10_T+7_1788404009200_6dji,BOM-DEL,EaseMyTrip,SG,SG-872,2026-09-10,T+7,16585,3641,20226,2026-09-03T02:32:26.151Z,TRUE,"High outlier: ₹20226 > upper fence ₹14970 (Q3: ₹9925, IQR: ₹3363)",23:25,TRUE
fare_BOM-DEL_SG_2026-09-10_T+7_1788404009200_hwr5,BOM-DEL,EaseMyTrip,SG,SG-554,2026-09-10,T+7,16585,3641,20226,2026-09-03T02:32:26.151Z,TRUE,"High outlier: ₹20226 > upper fence ₹14970 (Q3: ₹9925, IQR: ₹3363)",23:25,TRUE
fare_BOM-DEL_IX_2026-09-10_T+7_1788404009200_90uo,BOM-DEL,EaseMyTrip,IX,IX-1238,2026-09-10,T+7,19854,4358,24212,2026-09-03T02:32:26.151Z,TRUE,"High outlier: ₹24212 > upper fence ₹14970 (Q3: ₹9925, IQR: ₹3363)",12:25,FALSE
fare_BOM-DEL_AI_2026-09-10_T+7_1788404009200_w8mp,BOM-DEL,EaseMyTrip,AI,AI-9533,2026-09-10,T+7,19520,4285,23805,2026-09-03T02:32:26.151Z,TRUE,"High outlier: ₹23805 > upper fence ₹14970 (Q3: ₹9925, IQR: ₹3363)",16:30,FALSE
fare_BOM-DEL_AI_2026-09-10_T+7_1788404009200_u74m,BOM-DEL,EaseMyTrip,AI,AI-2781,2026-09-10,T+7,24433,5363,29796,2026-09-03T02:32:26.151Z,TRUE,"High outlier: ₹29796 > upper fence ₹14970 (Q3: ₹9925, IQR: ₹3363)",10:45,FALSE
fare_DEL-BOM_SG_2026-09-04_T+1_1788404009201_75o6,DEL-BOM,EaseMyTrip,SG,SG-580,2026-09-04,T+1,5255,1153,6408,2026-09-03T02:31:47.635Z,FALSE,"",21:00,TRUE
fare_DEL-BOM_SG_2026-09-04_T+1_1788404009201_xm1j,DEL-BOM,EaseMyTrip,SG,SG-918,2026-09-04,T+1,5255,1153,6408,2026-09-03T02:31:47.635Z,FALSE,"",21:00,TRUE
fare_DEL-BOM_SG_2026-09-04_T+1_1788404009201_0irq,DEL-BOM,EaseMyTrip,SG,SG-557,2026-09-04,T+1,5255,1153,6408,2026-09-03T02:31:47.635Z,FALSE,"",22:30,TRUE
fare_DEL-BOM_SG_2026-09-04_T+1_1788404009201_rp9z,DEL-BOM,EaseMyTrip,SG,SG-574,2026-09-04,T+1,5255,1153,6408,2026-09-03T02:31:47.635Z,FALSE,"",22:30,TRUE
fare_DEL-BOM_6E_2026-09-04_T+1_1788404009201_27mg,DEL-BOM,EaseMyTrip,6E,6E-991,2026-09-04,T+1,4994,1096,6090,2026-09-03T02:31:47.635Z,FALSE,"",19:35,FALSE
fare_DEL-BOM_6E_2026-09-04_T+1_1788404009201_dsj4,DEL-BOM,EaseMyTrip,6E,6E-870,2026-09-04,T+1,4994,1096,6090,2026-09-03T02:31:47.635Z,FALSE,"",19:35,FALSE
fare_DEL-BOM_6E_2026-09-04_T+1_1788404009201_0yv7,DEL-BOM,EaseMyTrip,6E,6E-6171,2026-09-04,T+1,4994,1096,6090,2026-09-03T02:31:47.635Z,FALSE,"",05:40,FALSE
fare_DEL-BOM_6E_2026-09-04_T+1_1788404009201_pv2q,DEL-BOM,EaseMyTrip,6E,6E-5073,2026-09-04,T+1,4994,1096,6090,2026-09-03T02:31:47.635Z,FALSE,"",17:05,FALSE
fare_DEL-BOM_6E_2026-09-04_T+1_1788404009201_045t,DEL-BOM,EaseMyTrip,6E,6E-6983,2026-09-04,T+1,4994,1096,6090,2026-09-03T02:31:47.635Z,FALSE,"",15:35,FALSE
fare_DEL-BOM_6E_2026-09-04_T+1_1788404009201_455t,DEL-BOM,EaseMyTrip,6E,6E-5119,2026-09-04,T+1,4994,1096,6090,2026-09-03T02:31:47.635Z,FALSE,"",05:10,FALSE
fare_DEL-BOM_6E_2026-09-04_T+1_1788404009201_5in8,DEL-BOM,EaseMyTrip,6E,6E-2013,2026-09-04,T+1,4994,1096,6090,2026-09-03T02:31:47.635Z,FALSE,"",21:50,FALSE
fare_DEL-BOM_IX_2026-09-04_T+1_1788404009201_mbyg,DEL-BOM,EaseMyTrip,IX,IX-1165,2026-09-04,T+1,5354,1175,6529,2026-09-03T02:31:47.635Z,FALSE,"",05:45,FALSE
fare_DEL-BOM_IX_2026-09-04_T+1_1788404009201_onw1,DEL-BOM,EaseMyTrip,IX,IX-1392,2026-09-04,T+1,5354,1175,6529,2026-09-03T02:31:47.635Z,FALSE,"",23:25,FALSE
fare_DEL-BOM_IX_2026-09-04_T+1_1788404009201_vw1a,DEL-BOM,EaseMyTrip,IX,IX-1235,2026-09-04,T+1,5354,1175,6529,2026-09-03T02:31:47.635Z,FALSE,"",23:25,TRUE
fare_DEL-BOM_IX_2026-09-04_T+1_1788404009201_vqjf,DEL-BOM,EaseMyTrip,IX,IX-1056,2026-09-04,T+1,5354,1175,6529,2026-09-03T02:31:47.635Z,FALSE,"",05:35,TRUE
fare_DEL-BOM_IX_2026-09-04_T+1_1788404009201_1dne,DEL-BOM,EaseMyTrip,IX,IX-1038,2026-09-04,T+1,5354,1175,6529,2026-09-03T02:31:47.635Z,FALSE,"",17:35,TRUE
fare_DEL-BOM_6E_2026-09-04_T+1_1788404009201_lg7w,DEL-BOM,EaseMyTrip,6E,6E-2169,2026-09-04,T+1,5102,1120,6222,2026-09-03T02:31:47.635Z,FALSE,"",19:40,FALSE
fare_DEL-BOM_6E_2026-09-04_T+1_1788404009201_ke27,DEL-BOM,EaseMyTrip,6E,6E-6829,2026-09-04,T+1,5102,1120,6222,2026-09-03T02:31:47.635Z,FALSE,"",17:20,FALSE
fare_DEL-BOM_6E_2026-09-04_T+1_1788404009201_45r3,DEL-BOM,EaseMyTrip,6E,6E-6433,2026-09-04,T+1,5102,1120,6222,2026-09-03T02:31:47.635Z,FALSE,"",16:30,FALSE
fare_DEL-BOM_6E_2026-09-04_T+1_1788404009201_kz4r,DEL-BOM,EaseMyTrip,6E,6E-5138,2026-09-04,T+1,5102,1120,6222,2026-09-03T02:31:47.635Z,FALSE,"",19:10,FALSE
fare_DEL-BOM_6E_2026-09-04_T+1_1788404009201_a0f3,DEL-BOM,EaseMyTrip,6E,6E-6459,2026-09-04,T+1,5102,1120,6222,2026-09-03T02:31:47.635Z,FALSE,"",05:55,FALSE
fare_DEL-BOM_6E_2026-09-04_T+1_1788404009201_b8wr,DEL-BOM,EaseMyTrip,6E,6E-6479,2026-09-04,T+1,5166,1134,6300,2026-09-03T02:31:47.635Z,FALSE,"",21:25,FALSE
fare_DEL-BOM_6E_2026-09-04_T+1_1788404009201_ixi0,DEL-BOM,EaseMyTrip,6E,6E-5298,2026-09-04,T+1,5166,1134,6300,2026-09-03T02:31:47.635Z,FALSE,"",09:00,FALSE
fare_DEL-BOM_6E_2026-09-04_T+1_1788404009201_oa2j,DEL-BOM,EaseMyTrip,6E,6E-5038,2026-09-04,T+1,5166,1134,6300,2026-09-03T02:31:47.635Z,FALSE,"",14:00,FALSE
fare_DEL-BOM_6E_2026-09-04_T+1_1788404009201_lbyi,DEL-BOM,EaseMyTrip,6E,6E-6050,2026-09-04,T+1,5166,1134,6300,2026-09-03T02:31:47.635Z,FALSE,"",08:15,FALSE
fare_DEL-BOM_6E_2026-09-04_T+1_1788404009201_7ky3,DEL-BOM,EaseMyTrip,6E,6E-5206,2026-09-04,T+1,5166,1134,6300,2026-09-03T02:31:47.635Z,FALSE,"",13:20,FALSE
fare_DEL-BOM_SG_2026-09-04_T+1_1788404009201_wrfm,DEL-BOM,EaseMyTrip,SG,SG-729,2026-09-04,T+1,5525,1213,6738,2026-09-03T02:31:47.635Z,FALSE,"",14:30,TRUE
fare_DEL-BOM_SG_2026-09-04_T+1_1788404009201_tdzu,DEL-BOM,EaseMyTrip,SG,SG-348,2026-09-04,T+1,5525,1213,6738,2026-09-03T02:31:47.635Z,FALSE,"",14:30,TRUE
fare_DEL-BOM_6E_2026-09-04_T+1_1788404009201_hudg,DEL-BOM,EaseMyTrip,6E,6E-6601,2026-09-04,T+1,5274,1158,6432,2026-09-03T02:31:47.635Z,FALSE,"",19:45,FALSE
fare_DEL-BOM_6E_2026-09-04_T+1_1788404009201_f5cq,DEL-BOM,EaseMyTrip,6E,6E-668,2026-09-04,T+1,5274,1158,6432,2026-09-03T02:31:47.635Z,FALSE,"",23:15,FALSE
fare_DEL-BOM_6E_2026-09-04_T+1_1788404009201_0d29,DEL-BOM,EaseMyTrip,6E,6E-830,2026-09-04,T+1,5274,1158,6432,2026-09-03T02:31:47.635Z,FALSE,"",23:15,FALSE
fare_DEL-BOM_6E_2026-09-04_T+1_1788404009201_jr63,DEL-BOM,EaseMyTrip,6E,6E-6497,2026-09-04,T+1,5274,1158,6432,2026-09-03T02:31:47.635Z,FALSE,"",18:40,FALSE
fare_DEL-BOM_6E_2026-09-04_T+1_1788404009201_uijd,DEL-BOM,EaseMyTrip,6E,6E-5096,2026-09-04,T+1,5282,1160,6442,2026-09-03T02:31:47.635Z,FALSE,"",17:00,TRUE
fare_DEL-BOM_QP_2026-09-04_T+1_1788404009201_3whd,DEL-BOM,EaseMyTrip,QP,QP-2074,2026-09-04,T+1,5330,1170,6500,2026-09-03T02:31:47.635Z,FALSE,"",14:10,TRUE
fare_DEL-BOM_QP_2026-09-04_T+1_1788404009201_c1o1,DEL-BOM,EaseMyTrip,QP,QP-1110,2026-09-04,T+1,5355,1175,6530,2026-09-03T02:31:47.635Z,FALSE,"",10:30,TRUE
fare_DEL-BOM_QP_2026-09-04_T+1_1788404009201_p8pk,DEL-BOM,EaseMyTrip,QP,QP-1820,2026-09-04,T+1,5355,1175,6530,2026-09-03T02:31:47.635Z,FALSE,"",17:30,TRUE
fare_DEL-BOM_QP_2026-09-04_T+1_1788404009201_tar4,DEL-BOM,EaseMyTrip,QP,QP-1833,2026-09-04,T+1,5355,1175,6530,2026-09-03T02:31:47.635Z,FALSE,"",06:50,TRUE
fare_DEL-BOM_QP_2026-09-04_T+1_1788404009201_dwlp,DEL-BOM,EaseMyTrip,QP,QP-1112,2026-09-04,T+1,5355,1175,6530,2026-09-03T02:31:47.635Z,FALSE,"",09:20,TRUE
fare_DEL-BOM_QP_2026-09-04_T+1_1788404009201_8mz0,DEL-BOM,EaseMyTrip,QP,QP-1128,2026-09-04,T+1,5355,1175,6530,2026-09-03T02:31:47.635Z,FALSE,"",16:00,TRUE
fare_DEL-BOM_QP_2026-09-04_T+1_1788404009201_99f5,DEL-BOM,EaseMyTrip,QP,QP-1119,2026-09-04,T+1,5355,1175,6530,2026-09-03T02:31:47.635Z,FALSE,"",08:40,TRUE
fare_DEL-BOM_QP_2026-09-04_T+1_1788404009201_o6ip,DEL-BOM,EaseMyTrip,QP,QP-1836,2026-09-04,T+1,5355,1175,6530,2026-09-03T02:31:47.635Z,FALSE,"",12:30,TRUE
fare_DEL-BOM_QP_2026-09-04_T+1_1788404009201_siam,DEL-BOM,EaseMyTrip,QP,QP-1826,2026-09-04,T+1,5355,1175,6530,2026-09-03T02:31:47.635Z,FALSE,"",19:55,TRUE
fare_DEL-BOM_6E_2026-09-04_T+1_1788404009201_655n,DEL-BOM,EaseMyTrip,6E,6E-451,2026-09-04,T+1,5355,1175,6530,2026-09-03T02:31:47.635Z,FALSE,"",05:00,TRUE
fare_DEL-BOM_6E_2026-09-04_T+1_1788404009201_h5kb,DEL-BOM,EaseMyTrip,6E,6E-105,2026-09-04,T+1,5355,1175,6530,2026-09-03T02:31:47.635Z,FALSE,"",05:00,TRUE
fare_DEL-BOM_6E_2026-09-04_T+1_1788404009201_tlif,DEL-BOM,EaseMyTrip,6E,6E-769,2026-09-04,T+1,5355,1175,6530,2026-09-03T02:31:47.635Z,FALSE,"",23:30,TRUE
fare_DEL-BOM_6E_2026-09-04_T+1_1788404009201_b9ew,DEL-BOM,EaseMyTrip,6E,6E-6114,2026-09-04,T+1,5355,1175,6530,2026-09-03T02:31:47.635Z,FALSE,"",22:45,TRUE
fare_DEL-BOM_6E_2026-09-04_T+1_1788404009201_c587,DEL-BOM,EaseMyTrip,6E,6E-6706,2026-09-04,T+1,5355,1175,6530,2026-09-03T02:31:47.635Z,FALSE,"",17:00,TRUE
fare_DEL-BOM_6E_2026-09-04_T+1_1788404009201_bq35,DEL-BOM,EaseMyTrip,6E,6E-196,2026-09-04,T+1,5355,1175,6530,2026-09-03T02:31:47.635Z,FALSE,"",16:15,TRUE
fare_DEL-BOM_6E_2026-09-04_T+1_1788404009201_1kso,DEL-BOM,EaseMyTrip,6E,6E-267,2026-09-04,T+1,5355,1175,6530,2026-09-03T02:31:47.635Z,FALSE,"",16:15,TRUE
fare_DEL-BOM_6E_2026-09-04_T+1_1788404009201_nqgi,DEL-BOM,EaseMyTrip,6E,6E-717,2026-09-04,T+1,5355,1175,6530,2026-09-03T02:31:47.635Z,FALSE,"",15:30,TRUE
fare_DEL-BOM_6E_2026-09-04_T+1_1788404009201_34nq,DEL-BOM,EaseMyTrip,6E,6E-152,2026-09-04,T+1,5355,1175,6530,2026-09-03T02:31:47.635Z,FALSE,"",15:30,TRUE
fare_DEL-BOM_6E_2026-09-04_T+1_1788404009201_f154,DEL-BOM,EaseMyTrip,6E,6E-6022,2026-09-04,T+1,5355,1175,6530,2026-09-03T02:31:47.635Z,FALSE,"",14:00,TRUE
fare_DEL-BOM_6E_2026-09-04_T+1_1788404009201_q2ng,DEL-BOM,EaseMyTrip,6E,6E-6318,2026-09-04,T+1,5355,1175,6530,2026-09-03T02:31:47.635Z,FALSE,"",14:45,TRUE
fare_DEL-BOM_6E_2026-09-04_T+1_1788404009201_ed7k,DEL-BOM,EaseMyTrip,6E,6E-6218,2026-09-04,T+1,5355,1175,6530,2026-09-03T02:31:47.635Z,FALSE,"",06:05,TRUE
fare_DEL-BOM_6E_2026-09-04_T+1_1788404009201_5skp,DEL-BOM,EaseMyTrip,6E,6E-284,2026-09-04,T+1,5355,1175,6530,2026-09-03T02:31:47.635Z,FALSE,"",08:45,TRUE
fare_DEL-BOM_6E_2026-09-04_T+1_1788404009201_athb,DEL-BOM,EaseMyTrip,6E,6E-592,2026-09-04,T+1,5355,1175,6530,2026-09-03T02:31:47.635Z,FALSE,"",08:45,TRUE
fare_DEL-BOM_6E_2026-09-04_T+1_1788404009201_owuy,DEL-BOM,EaseMyTrip,6E,6E-6328,2026-09-04,T+1,5355,1175,6530,2026-09-03T02:31:47.635Z,FALSE,"",10:15,TRUE
fare_DEL-BOM_6E_2026-09-04_T+1_1788404009201_kt5i,DEL-BOM,EaseMyTrip,6E,6E-6047,2026-09-04,T+1,5355,1175,6530,2026-09-03T02:31:47.635Z,FALSE,"",11:00,TRUE
fare_DEL-BOM_6E_2026-09-04_T+1_1788404009201_z8ng,DEL-BOM,EaseMyTrip,6E,6E-6676,2026-09-04,T+1,5355,1175,6530,2026-09-03T02:31:47.635Z,FALSE,"",12:00,TRUE
fare_DEL-BOM_6E_2026-09-04_T+1_1788404009201_29l2,DEL-BOM,EaseMyTrip,6E,6E-455,2026-09-04,T+1,5355,1175,6530,2026-09-03T02:31:47.635Z,FALSE,"",13:00,TRUE
fare_DEL-BOM_6E_2026-09-04_T+1_1788404009201_xlpb,DEL-BOM,EaseMyTrip,6E,6E-369,2026-09-04,T+1,5355,1175,6530,2026-09-03T02:31:47.635Z,FALSE,"",13:00,TRUE
fare_DEL-BOM_6E_2026-09-04_T+1_1788404009201_ba7b,DEL-BOM,EaseMyTrip,6E,6E-6107,2026-09-04,T+1,5355,1175,6530,2026-09-03T02:31:47.635Z,FALSE,"",09:30,TRUE
fare_DEL-BOM_QP_2026-09-04_T+1_1788404009201_fufu,DEL-BOM,EaseMyTrip,QP,QP-1940,2026-09-04,T+1,5427,1191,6618,2026-09-03T02:31:47.635Z,FALSE,"",14:05,TRUE
fare_DEL-BOM_6E_2026-09-04_T+1_1788404009201_wf3p,DEL-BOM,EaseMyTrip,6E,6E-5198,2026-09-04,T+1,5427,1191,6618,2026-09-03T02:31:47.635Z,FALSE,"",15:00,TRUE
fare_DEL-BOM_6E_2026-09-04_T+1_1788404009201_jluz,DEL-BOM,EaseMyTrip,6E,6E-879,2026-09-04,T+1,5484,1204,6688,2026-09-03T02:31:47.635Z,FALSE,"",21:45,TRUE
fare_DEL-BOM_6E_2026-09-04_T+1_1788404009201_un4x,DEL-BOM,EaseMyTrip,6E,6E-631,2026-09-04,T+1,5484,1204,6688,2026-09-03T02:31:47.635Z,FALSE,"",21:45,TRUE
fare_DEL-BOM_6E_2026-09-04_T+1_1788404009201_5fe1,DEL-BOM,EaseMyTrip,6E,6E-731,2026-09-04,T+1,5484,1204,6688,2026-09-03T02:31:47.635Z,FALSE,"",20:00,TRUE
fare_DEL-BOM_6E_2026-09-04_T+1_1788404009201_0wup,DEL-BOM,EaseMyTrip,6E,6E-878,2026-09-04,T+1,5484,1204,6688,2026-09-03T02:31:47.635Z,FALSE,"",20:00,TRUE
fare_DEL-BOM_6E_2026-09-04_T+1_1788404009201_hm5l,DEL-BOM,EaseMyTrip,6E,6E-487,2026-09-04,T+1,5484,1204,6688,2026-09-03T02:31:47.635Z,FALSE,"",20:45,TRUE
fare_DEL-BOM_6E_2026-09-04_T+1_1788404009201_u5y8,DEL-BOM,EaseMyTrip,6E,6E-633,2026-09-04,T+1,5484,1204,6688,2026-09-03T02:31:47.635Z,FALSE,"",20:45,TRUE
fare_DEL-BOM_6E_2026-09-04_T+1_1788404009201_5wcg,DEL-BOM,EaseMyTrip,6E,6E-979,2026-09-04,T+1,5484,1204,6688,2026-09-03T02:31:47.635Z,FALSE,"",08:00,TRUE
fare_DEL-BOM_6E_2026-09-04_T+1_1788404009201_cj9f,DEL-BOM,EaseMyTrip,6E,6E-347,2026-09-04,T+1,5484,1204,6688,2026-09-03T02:31:47.635Z,FALSE,"",08:00,TRUE
fare_DEL-BOM_6E_2026-09-04_T+1_1788404009201_okfl,DEL-BOM,EaseMyTrip,6E,6E-6814,2026-09-04,T+1,5484,1204,6688,2026-09-03T02:31:47.635Z,FALSE,"",07:15,TRUE
fare_DEL-BOM_6E_2026-09-04_T+1_1788404009201_4mmy,DEL-BOM,EaseMyTrip,6E,6E-6470,2026-09-04,T+1,5526,1213,6739,2026-09-03T02:31:47.635Z,FALSE,"",06:55,TRUE
fare_DEL-BOM_AI_2026-09-04_T+1_1788404009201_r4gs,DEL-BOM,EaseMyTrip,AI,AI-2963,2026-09-04,T+1,5740,1260,7000,2026-09-03T02:31:47.635Z,FALSE,"",09:00,TRUE
fare_DEL-BOM_AI_2026-09-04_T+1_1788404009201_ua90,DEL-BOM,EaseMyTrip,AI,AI-1745,2026-09-04,T+1,5740,1260,7000,2026-09-03T02:31:47.635Z,FALSE,"",05:00,TRUE
fare_DEL-BOM_AI_2026-09-04_T+1_1788404009201_vzpz,DEL-BOM,EaseMyTrip,AI,AI-2975,2026-09-04,T+1,5740,1260,7000,2026-09-03T02:31:47.635Z,FALSE,"",06:30,TRUE
fare_DEL-BOM_AI_2026-09-04_T+1_1788404009201_jyy3,DEL-BOM,EaseMyTrip,AI,AI-2425,2026-09-04,T+1,5740,1260,7000,2026-09-03T02:31:47.635Z,FALSE,"",10:30,TRUE
fare_DEL-BOM_AI_2026-09-04_T+1_1788404009201_duz3,DEL-BOM,EaseMyTrip,AI,AI-2951,2026-09-04,T+1,5740,1260,7000,2026-09-03T02:31:47.635Z,FALSE,"",13:30,TRUE
fare_DEL-BOM_AI_2026-09-04_T+1_1788404009201_y8ia,DEL-BOM,EaseMyTrip,AI,AI-2441,2026-09-04,T+1,5740,1260,7000,2026-09-03T02:31:47.635Z,FALSE,"",14:10,TRUE
fare_DEL-BOM_AI_2026-09-04_T+1_1788404009201_nvpd,DEL-BOM,EaseMyTrip,AI,AI-2941,2026-09-04,T+1,5740,1260,7000,2026-09-03T02:31:47.635Z,FALSE,"",16:30,TRUE
fare_DEL-BOM_AI_2026-09-04_T+1_1788404009201_aqi8,DEL-BOM,EaseMyTrip,AI,AI-2995,2026-09-04,T+1,5740,1260,7000,2026-09-03T02:31:47.635Z,FALSE,"",10:00,TRUE
fare_DEL-BOM_AI_2026-09-04_T+1_1788404009201_vslf,DEL-BOM,EaseMyTrip,AI,AI-2945,2026-09-04,T+1,5740,1260,7000,2026-09-03T02:31:47.635Z,FALSE,"",11:00,TRUE
fare_DEL-BOM_AI_2026-09-04_T+1_1788404009201_pdr0,DEL-BOM,EaseMyTrip,AI,AI-1785,2026-09-04,T+1,5740,1260,7000,2026-09-03T02:31:47.635Z,FALSE,"",12:00,TRUE
fare_DEL-BOM_AI_2026-09-04_T+1_1788404009201_cabf,DEL-BOM,EaseMyTrip,AI,AI-2933,2026-09-04,T+1,5740,1260,7000,2026-09-03T02:31:47.635Z,FALSE,"",15:30,TRUE
fare_DEL-BOM_AI_2026-09-04_T+1_1788404009201_qd85,DEL-BOM,EaseMyTrip,AI,AI-1777,2026-09-04,T+1,5740,1260,7000,2026-09-03T02:31:47.635Z,FALSE,"",16:00,TRUE
fare_DEL-BOM_AI_2026-09-04_T+1_1788404009201_t23p,DEL-BOM,EaseMyTrip,AI,AI-441,2026-09-04,T+1,5740,1260,7000,2026-09-03T02:31:47.635Z,FALSE,"",17:00,TRUE
fare_DEL-BOM_AI_2026-09-04_T+1_1788404009201_gadg,DEL-BOM,EaseMyTrip,AI,AI-2439,2026-09-04,T+1,5740,1260,7000,2026-09-03T02:31:47.635Z,FALSE,"",23:00,TRUE
fare_DEL-BOM_AI_2026-09-04_T+1_1788404009201_8u8b,DEL-BOM,EaseMyTrip,AI,AI-2927,2026-09-04,T+1,5740,1260,7000,2026-09-03T02:31:47.635Z,FALSE,"",09:30,TRUE
fare_DEL-BOM_AI_2026-09-04_T+1_1788404009201_r2bx,DEL-BOM,EaseMyTrip,AI,AI-1780,2026-09-04,T+1,5740,1260,7000,2026-09-03T02:31:47.635Z,FALSE,"",16:10,TRUE
fare_DEL-BOM_6E_2026-09-04_T+1_1788404009201_jlxy,DEL-BOM,EaseMyTrip,6E,6E-639,2026-09-04,T+1,5656,1242,6898,2026-09-03T02:31:47.635Z,FALSE,"",18:00,TRUE
fare_DEL-BOM_6E_2026-09-04_T+1_1788404009201_suv5,DEL-BOM,EaseMyTrip,6E,6E-341,2026-09-04,T+1,5656,1242,6898,2026-09-03T02:31:47.635Z,FALSE,"",18:00,TRUE
fare_DEL-BOM_6E_2026-09-04_T+1_1788404009201_vp5k,DEL-BOM,EaseMyTrip,6E,6E-300,2026-09-04,T+1,5698,1251,6949,2026-09-03T02:31:47.635Z,FALSE,"",20:20,TRUE
fare_DEL-BOM_6E_2026-09-04_T+1_1788404009201_kwd1,DEL-BOM,EaseMyTrip,6E,6E-944,2026-09-04,T+1,5698,1251,6949,2026-09-03T02:31:47.635Z,FALSE,"",20:20,TRUE
fare_DEL-BOM_AI_2026-09-04_T+1_1788404009201_5em7,DEL-BOM,EaseMyTrip,AI,AI-2981,2026-09-04,T+1,5870,1289,7159,2026-09-03T02:31:47.635Z,FALSE,"",21:00,TRUE
fare_DEL-BOM_AI_2026-09-04_T+1_1788404009201_te6t,DEL-BOM,EaseMyTrip,AI,AI-2429,2026-09-04,T+1,5870,1289,7159,2026-09-03T02:31:47.635Z,FALSE,"",07:00,TRUE
fare_DEL-BOM_AI_2026-09-04_T+1_1788404009201_0loj,DEL-BOM,EaseMyTrip,AI,AI-2943,2026-09-04,T+1,5870,1289,7159,2026-09-03T02:31:47.635Z,FALSE,"",07:30,TRUE
fare_DEL-BOM_AI_2026-09-04_T+1_1788404009201_0fv3,DEL-BOM,EaseMyTrip,AI,AI-2433,2026-09-04,T+1,5870,1289,7159,2026-09-03T02:31:47.635Z,FALSE,"",21:30,TRUE
fare_DEL-BOM_AI_2026-09-04_T+1_1788404009201_lt17,DEL-BOM,EaseMyTrip,AI,AI-2957,2026-09-04,T+1,5870,1289,7159,2026-09-03T02:31:47.635Z,FALSE,"",20:30,TRUE
fare_DEL-BOM_6E_2026-09-04_T+1_1788404009201_v56i,DEL-BOM,EaseMyTrip,6E,6E-5014,2026-09-04,T+1,5806,1274,7080,2026-09-03T02:31:47.635Z,FALSE,"",18:30,FALSE
fare_DEL-BOM_6E_2026-09-04_T+1_1788404009201_vnaf,DEL-BOM,EaseMyTrip,6E,6E-2331,2026-09-04,T+1,5806,1274,7080,2026-09-03T02:31:47.635Z,FALSE,"",12:20,FALSE
fare_DEL-BOM_6E_2026-09-04_T+1_1788404009201_skkg,DEL-BOM,EaseMyTrip,6E,6E-224,2026-09-04,T+1,5871,1289,7160,2026-09-03T02:31:47.635Z,FALSE,"",19:00,TRUE
fare_DEL-BOM_6E_2026-09-04_T+1_1788404009201_cegn,DEL-BOM,EaseMyTrip,6E,6E-752,2026-09-04,T+1,5871,1289,7160,2026-09-03T02:31:47.635Z,FALSE,"",19:00,TRUE
fare_DEL-BOM_AI_2026-09-04_T+1_1788404009201_onch,DEL-BOM,EaseMyTrip,AI,AI-2985,2026-09-04,T+1,6243,1371,7614,2026-09-03T02:31:47.635Z,FALSE,"",19:30,TRUE
fare_DEL-BOM_AI_2026-09-04_T+1_1788404009201_1d8k,DEL-BOM,EaseMyTrip,AI,AI-2678,2026-09-04,T+1,6257,1373,7630,2026-09-03T02:31:47.635Z,FALSE,"",08:30,TRUE
fare_DEL-BOM_6E_2026-09-04_T+1_1788404009201_5bws,DEL-BOM,EaseMyTrip,6E,6E-7646,2026-09-04,T+1,6120,1343,7463,2026-09-03T02:31:47.635Z,FALSE,"",06:15,FALSE
fare_DEL-BOM_AI_2026-09-04_T+1_1788404009201_f1fz,DEL-BOM,EaseMyTrip,AI,AI-2955,2026-09-04,T+1,6446,1415,7861,2026-09-03T02:31:47.635Z,FALSE,"",18:00,TRUE
fare_DEL-BOM_6E_2026-09-04_T+1_1788404009201_x0wu,DEL-BOM,EaseMyTrip,6E,6E-7626,2026-09-04,T+1,6292,1381,7673,2026-09-03T02:31:47.635Z,FALSE,"",10:30,FALSE
fare_DEL-BOM_6E_2026-09-04_T+1_1788404009201_ck8s,DEL-BOM,EaseMyTrip,6E,6E-6443,2026-09-04,T+1,6380,1401,7781,2026-09-03T02:31:47.635Z,FALSE,"",09:00,FALSE
fare_DEL-BOM_AI_2026-09-04_T+1_1788404009201_bup9,DEL-BOM,EaseMyTrip,AI,AI-2977,2026-09-04,T+1,6676,1466,8142,2026-09-03T02:31:47.635Z,FALSE,"",19:00,TRUE
fare_DEL-BOM_6E_2026-09-04_T+1_1788404009201_86wg,DEL-BOM,EaseMyTrip,6E,6E-6490,2026-09-04,T+1,6812,1495,8307,2026-09-03T02:31:47.635Z,FALSE,"",04:55,FALSE
fare_DEL-BOM_6E_2026-09-04_T+1_1788404009201_r03p,DEL-BOM,EaseMyTrip,6E,6E-2381,2026-09-04,T+1,7067,1551,8618,2026-09-03T02:31:47.635Z,FALSE,"",13:45,FALSE
fare_DEL-BOM_6E_2026-09-04_T+1_1788404009201_8fif,DEL-BOM,EaseMyTrip,6E,6E-201,2026-09-04,T+1,7131,1565,8696,2026-09-03T02:31:47.635Z,FALSE,"",19:30,FALSE
fare_DEL-BOM_6E_2026-09-04_T+1_1788404009201_hubl,DEL-BOM,EaseMyTrip,6E,6E-452,2026-09-04,T+1,7131,1565,8696,2026-09-03T02:31:47.635Z,FALSE,"",19:30,FALSE
fare_DEL-BOM_6E_2026-09-04_T+1_1788404009201_u5gx,DEL-BOM,EaseMyTrip,6E,6E-2341,2026-09-04,T+1,7242,1590,8832,2026-09-03T02:31:47.635Z,FALSE,"",14:50,FALSE
fare_DEL-BOM_6E_2026-09-04_T+1_1788404009201_1m0a,DEL-BOM,EaseMyTrip,6E,6E-964,2026-09-04,T+1,7242,1590,8832,2026-09-03T02:31:47.635Z,FALSE,"",10:00,FALSE
fare_DEL-BOM_6E_2026-09-04_T+1_1788404009201_28lr,DEL-BOM,EaseMyTrip,6E,6E-794,2026-09-04,T+1,7242,1590,8832,2026-09-03T02:31:47.635Z,FALSE,"",10:00,FALSE
fare_DEL-BOM_IX_2026-09-04_T+1_1788404009201_8yg4,DEL-BOM,EaseMyTrip,IX,IX-1003,2026-09-04,T+1,8142,1787,9929,2026-09-03T02:31:47.635Z,FALSE,"",19:10,FALSE
fare_DEL-BOM_6E_2026-09-04_T+1_1788404009201_wly6,DEL-BOM,EaseMyTrip,6E,6E-6282,2026-09-04,T+1,7630,1675,9305,2026-09-03T02:31:47.635Z,FALSE,"",13:30,FALSE
fare_DEL-BOM_6E_2026-09-04_T+1_1788404009201_lr5z,DEL-BOM,EaseMyTrip,6E,6E-6190,2026-09-04,T+1,7833,1719,9552,2026-09-03T02:31:47.635Z,FALSE,"",07:40,FALSE
fare_DEL-BOM_AI_2026-09-04_T+1_1788404009201_ce21,DEL-BOM,EaseMyTrip,AI,AI-2569,2026-09-04,T+1,8129,1785,9914,2026-09-03T02:31:47.635Z,FALSE,"",20:25,FALSE
fare_DEL-BOM_AI_2026-09-04_T+1_1788404009201_pgpc,DEL-BOM,EaseMyTrip,AI,AI-1710,2026-09-04,T+1,8129,1785,9914,2026-09-03T02:31:47.635Z,FALSE,"",18:35,FALSE
fare_DEL-BOM_AI_2026-09-04_T+1_1788404009201_5y8w,DEL-BOM,EaseMyTrip,AI,AI-1717,2026-09-04,T+1,8129,1785,9914,2026-09-03T02:31:47.635Z,FALSE,"",14:20,FALSE
fare_DEL-BOM_6E_2026-09-04_T+1_1788404009201_tdtj,DEL-BOM,EaseMyTrip,6E,6E-2571,2026-09-04,T+1,8220,1804,10024,2026-09-03T02:31:47.635Z,FALSE,"",12:30,FALSE
fare_DEL-BOM_6E_2026-09-04_T+1_1788404009201_5hic,DEL-BOM,EaseMyTrip,6E,6E-7642,2026-09-04,T+1,8321,1826,10147,2026-09-03T02:31:47.635Z,FALSE,"",15:45,FALSE
fare_DEL-BOM_AI_2026-09-04_T+1_1788404009201_feep,DEL-BOM,EaseMyTrip,AI,AI-2761,2026-09-04,T+1,8672,1904,10576,2026-09-03T02:31:47.635Z,FALSE,"",16:25,FALSE
fare_DEL-BOM_AI_2026-09-04_T+1_1788404009201_0eqz,DEL-BOM,EaseMyTrip,AI,AI-1719,2026-09-04,T+1,8739,1918,10657,2026-09-03T02:31:47.635Z,FALSE,"",11:55,FALSE
fare_DEL-BOM_6E_2026-09-04_T+1_1788404009201_zvnn,DEL-BOM,EaseMyTrip,6E,6E-2349,2026-09-04,T+1,8969,1969,10938,2026-09-03T02:31:47.635Z,FALSE,"",10:55,FALSE
fare_DEL-BOM_AI_2026-09-04_T+1_1788404009201_95go,DEL-BOM,EaseMyTrip,AI,AI-9757,2026-09-04,T+1,9551,2097,11648,2026-09-03T02:31:47.635Z,FALSE,"",11:50,FALSE
fare_DEL-BOM_AI_2026-09-04_T+1_1788404009201_zvhh,DEL-BOM,EaseMyTrip,AI,AI-9759,2026-09-04,T+1,9551,2097,11648,2026-09-03T02:31:47.635Z,FALSE,"",05:45,FALSE
fare_DEL-BOM_6E_2026-09-04_T+1_1788404009201_naup,DEL-BOM,EaseMyTrip,6E,6E-6212,2026-09-04,T+1,9684,2126,11810,2026-09-03T02:31:47.635Z,FALSE,"",14:45,FALSE
fare_DEL-BOM_AI_2026-09-04_T+1_1788404009201_psf3,DEL-BOM,EaseMyTrip,AI,AI-9674,2026-09-04,T+1,10275,2255,12530,2026-09-03T02:31:47.635Z,FALSE,"",16:40,FALSE
fare_DEL-BOM_6E_2026-09-04_T+1_1788404009201_rc02,DEL-BOM,EaseMyTrip,6E,6E-6261,2026-09-04,T+1,10297,2260,12557,2026-09-03T02:31:47.635Z,FALSE,"",00:15,FALSE
fare_DEL-BOM_6E_2026-09-04_T+1_1788404009201_jhyg,DEL-BOM,EaseMyTrip,6E,6E-6569,2026-09-04,T+1,10336,2269,12605,2026-09-03T02:31:47.635Z,FALSE,"",05:00,FALSE
fare_DEL-BOM_IX_2026-09-04_T+1_1788404009201_injt,DEL-BOM,EaseMyTrip,IX,IX-1049,2026-09-04,T+1,11043,2424,13467,2026-09-03T02:31:47.635Z,FALSE,"",18:40,FALSE
fare_DEL-BOM_AI_2026-09-04_T+1_1788404009201_jr81,DEL-BOM,EaseMyTrip,AI,AI-2959,2026-09-04,T+1,11186,2455,13641,2026-09-03T02:31:47.635Z,FALSE,"",07:10,FALSE
fare_DEL-BOM_AI_2026-09-04_T+1_1788404009201_j198,DEL-BOM,EaseMyTrip,AI,AI-531,2026-09-04,T+1,11273,2475,13748,2026-09-03T02:31:47.635Z,FALSE,"",19:20,FALSE
fare_DEL-BOM_AI_2026-09-04_T+1_1788404009201_c96a,DEL-BOM,EaseMyTrip,AI,AI-817,2026-09-04,T+1,11463,2516,13979,2026-09-03T02:31:47.635Z,FALSE,"",05:55,FALSE
fare_DEL-BOM_AI_2026-09-04_T+1_1788404009201_p7fw,DEL-BOM,EaseMyTrip,AI,AI-1705,2026-09-04,T+1,11651,2558,14209,2026-09-03T02:31:47.635Z,FALSE,"",06:30,FALSE
fare_DEL-BOM_6E_2026-09-04_T+1_1788404009201_kn4a,DEL-BOM,EaseMyTrip,6E,6E-2076,2026-09-04,T+1,12131,2663,14794,2026-09-03T02:31:47.635Z,FALSE,"",07:30,FALSE
fare_DEL-BOM_AI_2026-09-04_T+1_1788404009201_bm4f,DEL-BOM,EaseMyTrip,AI,AI-2715,2026-09-04,T+1,12336,2708,15044,2026-09-03T02:31:47.635Z,FALSE,"",11:40,FALSE
fare_DEL-BOM_6E_2026-09-04_T+1_1788404009201_pyth,DEL-BOM,EaseMyTrip,6E,6E-6293,2026-09-04,T+1,12223,2683,14906,2026-09-03T02:31:47.635Z,FALSE,"",09:55,FALSE
fare_DEL-BOM_IX_2026-09-04_T+1_1788404009201_635f,DEL-BOM,EaseMyTrip,IX,IX-1051,2026-09-04,T+1,12791,2808,15599,2026-09-03T02:31:47.635Z,FALSE,"",19:05,FALSE
fare_DEL-BOM_AI_2026-09-04_T+1_1788404009201_8jlw,DEL-BOM,EaseMyTrip,AI,AI-1757,2026-09-04,T+1,12505,2745,15250,2026-09-03T02:31:47.635Z,FALSE,"",15:40,FALSE
fare_DEL-BOM_AI_2026-09-04_T+1_1788404009201_v3f6,DEL-BOM,EaseMyTrip,AI,AI-2907,2026-09-04,T+1,12612,2768,15380,2026-09-03T02:31:47.635Z,FALSE,"",12:00,FALSE
fare_DEL-BOM_QP_2026-09-04_T+1_1788404009201_w5tx,DEL-BOM,EaseMyTrip,QP,QP-1812,2026-09-04,T+1,12547,2754,15301,2026-09-03T02:31:47.635Z,FALSE,"",22:55,FALSE
fare_DEL-BOM_6E_2026-09-04_T+1_1788404009201_aube,DEL-BOM,EaseMyTrip,6E,6E-779,2026-09-04,T+1,12653,2778,15431,2026-09-03T02:31:47.635Z,FALSE,"",08:30,FALSE
fare_DEL-BOM_6E_2026-09-04_T+1_1788404009201_4gns,DEL-BOM,EaseMyTrip,6E,6E-980,2026-09-04,T+1,12653,2778,15431,2026-09-03T02:31:47.635Z,FALSE,"",08:30,FALSE
fare_DEL-BOM_AI_2026-09-04_T+1_1788404009201_1bhy,DEL-BOM,EaseMyTrip,AI,AI-1743,2026-09-04,T+1,13065,2868,15933,2026-09-03T02:31:47.635Z,FALSE,"",06:20,FALSE
fare_DEL-BOM_AI_2026-09-04_T+1_1788404009201_e9uz,DEL-BOM,EaseMyTrip,AI,AI-1742,2026-09-04,T+1,13065,2868,15933,2026-09-03T02:31:47.635Z,FALSE,"",20:00,FALSE
fare_DEL-BOM_AI_2026-09-04_T+1_1788404009201_lir1,DEL-BOM,EaseMyTrip,AI,AI-2532,2026-09-04,T+1,13285,2916,16201,2026-09-03T02:31:47.635Z,FALSE,"",11:20,FALSE
fare_DEL-BOM_6E_2026-09-04_T+1_1788404009201_gfep,DEL-BOM,EaseMyTrip,6E,6E-2249,2026-09-04,T+1,13227,2904,16131,2026-09-03T02:31:47.635Z,FALSE,"",15:00,FALSE
fare_DEL-BOM_IX_2026-09-04_T+1_1788404009201_5jav,DEL-BOM,EaseMyTrip,IX,IX-1108,2026-09-04,T+1,14298,3138,17436,2026-09-03T02:31:47.635Z,TRUE,"High outlier: ₹17436 > upper fence ₹16695 (Q3: ₹10596, IQR: ₹4066)",05:00,FALSE
fare_DEL-BOM_AI_2026-09-04_T+1_1788404009201_bx93,DEL-BOM,EaseMyTrip,AI,AI-491,2026-09-04,T+1,14497,3182,17679,2026-09-03T02:31:47.635Z,TRUE,"High outlier: ₹17679 > upper fence ₹16695 (Q3: ₹10596, IQR: ₹4066)",11:15,FALSE
fare_DEL-BOM_QP_2026-09-04_T+1_1788404009201_7b3h,DEL-BOM,EaseMyTrip,QP,QP-1817,2026-09-04,T+1,14680,3223,17903,2026-09-03T02:31:47.635Z,TRUE,"High outlier: ₹17903 > upper fence ₹16695 (Q3: ₹10596, IQR: ₹4066)",10:30,FALSE
fare_DEL-BOM_AI_2026-09-04_T+1_1788404009201_x2a7,DEL-BOM,EaseMyTrip,AI,AI-2465,2026-09-04,T+1,14880,3266,18146,2026-09-03T02:31:47.635Z,TRUE,"High outlier: ₹18146 > upper fence ₹16695 (Q3: ₹10596, IQR: ₹4066)",14:30,FALSE
fare_DEL-BOM_AI_2026-09-04_T+1_1788404009201_ta9y,DEL-BOM,EaseMyTrip,AI,AI-2509,2026-09-04,T+1,14902,3271,18173,2026-09-03T02:31:47.635Z,TRUE,"High outlier: ₹18173 > upper fence ₹16695 (Q3: ₹10596, IQR: ₹4066)",06:55,FALSE
fare_DEL-BOM_6E_2026-09-04_T+1_1788404009201_j60f,DEL-BOM,EaseMyTrip,6E,6E-703,2026-09-04,T+1,14774,3243,18017,2026-09-03T02:31:47.635Z,TRUE,"High outlier: ₹18017 > upper fence ₹16695 (Q3: ₹10596, IQR: ₹4066)",12:15,FALSE
fare_DEL-BOM_6E_2026-09-04_T+1_1788404009201_vkyo,DEL-BOM,EaseMyTrip,6E,6E-493,2026-09-04,T+1,14774,3243,18017,2026-09-03T02:31:47.635Z,TRUE,"High outlier: ₹18017 > upper fence ₹16695 (Q3: ₹10596, IQR: ₹4066)",12:15,FALSE
fare_DEL-BOM_IX_2026-09-04_T+1_1788404009201_thiw,DEL-BOM,EaseMyTrip,IX,IX-1068,2026-09-04,T+1,15588,3422,19010,2026-09-03T02:31:47.635Z,TRUE,"High outlier: ₹19010 > upper fence ₹16695 (Q3: ₹10596, IQR: ₹4066)",11:55,FALSE
fare_DEL-BOM_QP_2026-09-04_T+1_1788404009201_odn7,DEL-BOM,EaseMyTrip,QP,QP-1815,2026-09-04,T+1,15675,3441,19116,2026-09-03T02:31:47.635Z,TRUE,"High outlier: ₹19116 > upper fence ₹16695 (Q3: ₹10596, IQR: ₹4066)",14:55,FALSE
fare_DEL-BOM_AI_2026-09-04_T+1_1788404009201_cuml,DEL-BOM,EaseMyTrip,AI,AI-427,2026-09-04,T+1,16494,3621,20115,2026-09-03T02:31:47.635Z,TRUE,"High outlier: ₹20115 > upper fence ₹16695 (Q3: ₹10596, IQR: ₹4066)",08:30,FALSE
fare_DEL-BOM_AI_2026-09-04_T+1_1788404009201_yazo,DEL-BOM,EaseMyTrip,AI,AI-1779,2026-09-04,T+1,16661,3657,20318,2026-09-03T02:31:47.635Z,TRUE,"High outlier: ₹20318 > upper fence ₹16695 (Q3: ₹10596, IQR: ₹4066)",13:50,FALSE
fare_DEL-BOM_AI_2026-09-04_T+1_1788404009201_v9mh,DEL-BOM,EaseMyTrip,AI,AI-809,2026-09-04,T+1,17038,3740,20778,2026-09-03T02:31:47.635Z,TRUE,"High outlier: ₹20778 > upper fence ₹16695 (Q3: ₹10596, IQR: ₹4066)",17:40,FALSE
fare_DEL-BOM_AI_2026-09-04_T+1_1788404009201_fimq,DEL-BOM,EaseMyTrip,AI,AI-2535,2026-09-04,T+1,17451,3831,21282,2026-09-03T02:31:47.635Z,TRUE,"High outlier: ₹21282 > upper fence ₹16695 (Q3: ₹10596, IQR: ₹4066)",06:40,FALSE
fare_DEL-BOM_AI_2026-09-04_T+1_1788404009201_yat2,DEL-BOM,EaseMyTrip,AI,AI-2525,2026-09-04,T+1,18475,4056,22531,2026-09-03T02:31:47.635Z,TRUE,"High outlier: ₹22531 > upper fence ₹16695 (Q3: ₹10596, IQR: ₹4066)",06:00,FALSE
fare_DEL-BOM_AI_2026-09-04_T+1_1788404009201_5fyr,DEL-BOM,EaseMyTrip,AI,AI-1739,2026-09-04,T+1,21636,4749,26385,2026-09-03T02:31:47.635Z,TRUE,"High outlier: ₹26385 > upper fence ₹16695 (Q3: ₹10596, IQR: ₹4066)",11:30,FALSE
fare_DEL-BOM_AI_2026-09-04_T+1_1788404009201_4l87,DEL-BOM,EaseMyTrip,AI,AI-2627,2026-09-04,T+1,34897,7660,42557,2026-09-03T02:31:47.635Z,TRUE,"High outlier: ₹42557 > upper fence ₹16695 (Q3: ₹10596, IQR: ₹4066)",10:45,FALSE
fare_DEL-BOM_SG_2026-10-03_T+30_1788404009202_8ts6,DEL-BOM,EaseMyTrip,SG,SG-853,2026-10-03,T+30,5255,1153,6408,2026-09-03T02:32:06.524Z,FALSE,"",09:15,TRUE
fare_DEL-BOM_SG_2026-10-03_T+30_1788404009202_l566,DEL-BOM,EaseMyTrip,SG,SG-627,2026-10-03,T+30,5255,1153,6408,2026-09-03T02:32:06.524Z,FALSE,"",09:15,TRUE
fare_DEL-BOM_SG_2026-10-03_T+30_1788404009202_50wi,DEL-BOM,EaseMyTrip,SG,SG-417,2026-10-03,T+30,5255,1153,6408,2026-09-03T02:32:06.524Z,FALSE,"",22:30,TRUE
fare_DEL-BOM_SG_2026-10-03_T+30_1788404009202_6o2j,DEL-BOM,EaseMyTrip,SG,SG-537,2026-10-03,T+30,5255,1153,6408,2026-09-03T02:32:06.524Z,FALSE,"",22:30,TRUE
fare_DEL-BOM_6E_2026-10-03_T+30_1788404009202_19bl,DEL-BOM,EaseMyTrip,6E,6E-6454,2026-10-03,T+30,4994,1096,6090,2026-09-03T02:32:06.524Z,FALSE,"",13:50,FALSE
fare_DEL-BOM_6E_2026-10-03_T+30_1788404009202_ptx6,DEL-BOM,EaseMyTrip,6E,6E-5119,2026-10-03,T+30,4994,1096,6090,2026-09-03T02:32:06.524Z,FALSE,"",05:10,FALSE
fare_DEL-BOM_6E_2026-10-03_T+30_1788404009202_vzp2,DEL-BOM,EaseMyTrip,6E,6E-2076,2026-10-03,T+30,4994,1096,6090,2026-09-03T02:32:06.524Z,FALSE,"",07:30,FALSE
fare_DEL-BOM_6E_2026-10-03_T+30_1788404009202_0pfg,DEL-BOM,EaseMyTrip,6E,6E-6261,2026-10-03,T+30,4994,1096,6090,2026-09-03T02:32:06.524Z,FALSE,"",00:15,FALSE
fare_DEL-BOM_6E_2026-10-03_T+30_1788404009202_pdt7,DEL-BOM,EaseMyTrip,6E,6E-2013,2026-10-03,T+30,4994,1096,6090,2026-09-03T02:32:06.524Z,FALSE,"",21:50,FALSE
fare_DEL-BOM_6E_2026-10-03_T+30_1788404009202_awux,DEL-BOM,EaseMyTrip,6E,6E-6190,2026-10-03,T+30,4998,1097,6095,2026-09-03T02:32:06.524Z,FALSE,"",07:40,FALSE
fare_DEL-BOM_6E_2026-10-03_T+30_1788404009202_a6s5,DEL-BOM,EaseMyTrip,6E,6E-259,2026-10-03,T+30,4998,1097,6095,2026-09-03T02:32:06.524Z,FALSE,"",10:00,FALSE
fare_DEL-BOM_6E_2026-10-03_T+30_1788404009202_yy0p,DEL-BOM,EaseMyTrip,6E,6E-889,2026-10-03,T+30,4998,1097,6095,2026-09-03T02:32:06.524Z,FALSE,"",10:00,FALSE
fare_DEL-BOM_6E_2026-10-03_T+30_1788404009202_eiwz,DEL-BOM,EaseMyTrip,6E,6E-2341,2026-10-03,T+30,4998,1097,6095,2026-09-03T02:32:06.524Z,FALSE,"",14:50,FALSE
fare_DEL-BOM_6E_2026-10-03_T+30_1788404009202_8yit,DEL-BOM,EaseMyTrip,6E,6E-2037,2026-10-03,T+30,4998,1097,6095,2026-09-03T02:32:06.524Z,FALSE,"",10:55,FALSE
fare_DEL-BOM_6E_2026-10-03_T+30_1788404009202_v27n,DEL-BOM,EaseMyTrip,6E,6E-2331,2026-10-03,T+30,4998,1097,6095,2026-09-03T02:32:06.524Z,FALSE,"",12:20,FALSE
fare_DEL-BOM_6E_2026-10-03_T+30_1788404009202_eykg,DEL-BOM,EaseMyTrip,6E,6E-878,2026-10-03,T+30,4998,1097,6095,2026-09-03T02:32:06.524Z,FALSE,"",10:00,FALSE
fare_DEL-BOM_6E_2026-10-03_T+30_1788404009202_yd1q,DEL-BOM,EaseMyTrip,6E,6E-110,2026-10-03,T+30,4998,1097,6095,2026-09-03T02:32:06.524Z,FALSE,"",10:00,FALSE
fare_DEL-BOM_IX_2026-10-03_T+30_1788404009202_ez32,DEL-BOM,EaseMyTrip,IX,IX-1165,2026-10-03,T+30,5568,1222,6790,2026-09-03T02:32:06.524Z,FALSE,"",06:00,FALSE
fare_DEL-BOM_IX_2026-10-03_T+30_1788404009202_voad,DEL-BOM,EaseMyTrip,IX,IX-1056,2026-10-03,T+30,5354,1175,6529,2026-09-03T02:32:06.524Z,FALSE,"",17:50,TRUE
fare_DEL-BOM_IX_2026-10-03_T+30_1788404009202_rjh1,DEL-BOM,EaseMyTrip,IX,IX-1235,2026-10-03,T+30,5354,1175,6529,2026-09-03T02:32:06.524Z,FALSE,"",23:25,TRUE
fare_DEL-BOM_IX_2026-10-03_T+30_1788404009202_vjeq,DEL-BOM,EaseMyTrip,IX,IX-1463,2026-10-03,T+30,5354,1175,6529,2026-09-03T02:32:06.524Z,FALSE,"",11:15,TRUE
fare_DEL-BOM_IX_2026-10-03_T+30_1788404009202_3u48,DEL-BOM,EaseMyTrip,IX,IX-1038,2026-10-03,T+30,5354,1175,6529,2026-09-03T02:32:06.524Z,FALSE,"",17:35,TRUE
fare_DEL-BOM_IX_2026-10-03_T+30_1788404009202_z5hq,DEL-BOM,EaseMyTrip,IX,IX-1024,2026-10-03,T+30,5354,1175,6529,2026-09-03T02:32:06.524Z,FALSE,"",18:40,TRUE
fare_DEL-BOM_6E_2026-10-03_T+30_1788404009202_wa77,DEL-BOM,EaseMyTrip,6E,6E-2249,2026-10-03,T+30,5102,1120,6222,2026-09-03T02:32:06.524Z,FALSE,"",15:00,FALSE
fare_DEL-BOM_6E_2026-10-03_T+30_1788404009202_wfjb,DEL-BOM,EaseMyTrip,6E,6E-2169,2026-10-03,T+30,5102,1120,6222,2026-09-03T02:32:06.524Z,FALSE,"",19:40,FALSE
fare_DEL-BOM_6E_2026-10-03_T+30_1788404009202_90h2,DEL-BOM,EaseMyTrip,6E,6E-6490,2026-10-03,T+30,5105,1121,6226,2026-09-03T02:32:06.524Z,FALSE,"",04:55,FALSE
fare_DEL-BOM_6E_2026-10-03_T+30_1788404009202_5szd,DEL-BOM,EaseMyTrip,6E,6E-6479,2026-10-03,T+30,5166,1134,6300,2026-09-03T02:32:06.524Z,FALSE,"",21:25,FALSE
fare_DEL-BOM_6E_2026-10-03_T+30_1788404009202_xgbb,DEL-BOM,EaseMyTrip,6E,6E-855,2026-10-03,T+30,5166,1134,6300,2026-09-03T02:32:06.524Z,FALSE,"",16:10,FALSE
fare_DEL-BOM_6E_2026-10-03_T+30_1788404009202_ir6s,DEL-BOM,EaseMyTrip,6E,6E-884,2026-10-03,T+30,5166,1134,6300,2026-09-03T02:32:06.524Z,FALSE,"",16:10,FALSE
fare_DEL-BOM_6E_2026-10-03_T+30_1788404009202_qyzh,DEL-BOM,EaseMyTrip,6E,6E-2113,2026-10-03,T+30,5166,1134,6300,2026-09-03T02:32:06.524Z,FALSE,"",13:20,FALSE
fare_DEL-BOM_6E_2026-10-03_T+30_1788404009202_tinf,DEL-BOM,EaseMyTrip,6E,6E-6050,2026-10-03,T+30,5166,1134,6300,2026-09-03T02:32:06.524Z,FALSE,"",08:15,FALSE
fare_DEL-BOM_6E_2026-10-03_T+30_1788404009202_8buj,DEL-BOM,EaseMyTrip,6E,6E-2147,2026-10-03,T+30,5166,1134,6300,2026-09-03T02:32:06.524Z,FALSE,"",11:10,FALSE
fare_DEL-BOM_6E_2026-10-03_T+30_1788404009202_egjw,DEL-BOM,EaseMyTrip,6E,6E-6212,2026-10-03,T+30,5274,1158,6432,2026-09-03T02:32:06.524Z,FALSE,"",14:45,FALSE
fare_DEL-BOM_6E_2026-10-03_T+30_1788404009202_5qia,DEL-BOM,EaseMyTrip,6E,6E-703,2026-10-03,T+30,5274,1158,6432,2026-09-03T02:32:06.524Z,FALSE,"",17:55,FALSE
fare_DEL-BOM_6E_2026-10-03_T+30_1788404009202_1y3y,DEL-BOM,EaseMyTrip,6E,6E-926,2026-10-03,T+30,5274,1158,6432,2026-09-03T02:32:06.524Z,FALSE,"",17:55,FALSE
fare_DEL-BOM_6E_2026-10-03_T+30_1788404009202_inzx,DEL-BOM,EaseMyTrip,6E,6E-6282,2026-10-03,T+30,5274,1158,6432,2026-09-03T02:32:06.524Z,FALSE,"",13:30,FALSE
fare_DEL-BOM_6E_2026-10-03_T+30_1788404009202_rvjf,DEL-BOM,EaseMyTrip,6E,6E-5096,2026-10-03,T+30,5282,1160,6442,2026-09-03T02:32:06.524Z,FALSE,"",17:00,TRUE
fare_DEL-BOM_QP_2026-10-03_T+30_1788404009202_pyxm,DEL-BOM,EaseMyTrip,QP,QP-2018,2026-10-03,T+30,5295,1162,6457,2026-09-03T02:32:06.524Z,FALSE,"",11:00,TRUE
fare_DEL-BOM_QP_2026-10-03_T+30_1788404009202_4va7,DEL-BOM,EaseMyTrip,QP,QP-2012,2026-10-03,T+30,5330,1170,6500,2026-09-03T02:32:06.524Z,FALSE,"",08:55,TRUE
fare_DEL-BOM_6E_2026-10-03_T+30_1788404009202_b2l0,DEL-BOM,EaseMyTrip,6E,6E-635,2026-10-03,T+30,5338,1172,6510,2026-09-03T02:32:06.524Z,FALSE,"",19:30,FALSE
fare_DEL-BOM_6E_2026-10-03_T+30_1788404009202_ib0l,DEL-BOM,EaseMyTrip,6E,6E-716,2026-10-03,T+30,5338,1172,6510,2026-09-03T02:32:06.524Z,FALSE,"",19:30,FALSE
fare_DEL-BOM_6E_2026-10-03_T+30_1788404009202_yiia,DEL-BOM,EaseMyTrip,6E,6E-7642,2026-10-03,T+30,5343,1173,6516,2026-09-03T02:32:06.524Z,FALSE,"",15:45,FALSE
fare_DEL-BOM_6E_2026-10-03_T+30_1788404009202_fjem,DEL-BOM,EaseMyTrip,6E,6E-7646,2026-10-03,T+30,5347,1174,6521,2026-09-03T02:32:06.524Z,FALSE,"",06:15,FALSE
fare_DEL-BOM_6E_2026-10-03_T+30_1788404009202_8mop,DEL-BOM,EaseMyTrip,6E,6E-6470,2026-10-03,T+30,5354,1175,6529,2026-09-03T02:32:06.524Z,FALSE,"",06:55,TRUE
fare_DEL-BOM_QP_2026-10-03_T+30_1788404009202_om89,DEL-BOM,EaseMyTrip,QP,QP-1833,2026-10-03,T+30,5355,1175,6530,2026-09-03T02:32:06.524Z,FALSE,"",06:50,TRUE
fare_DEL-BOM_QP_2026-10-03_T+30_1788404009202_848e,DEL-BOM,EaseMyTrip,QP,QP-1110,2026-10-03,T+30,5355,1175,6530,2026-09-03T02:32:06.524Z,FALSE,"",10:00,TRUE
fare_DEL-BOM_QP_2026-10-03_T+30_1788404009202_3xsb,DEL-BOM,EaseMyTrip,QP,QP-1128,2026-10-03,T+30,5355,1175,6530,2026-09-03T02:32:06.524Z,FALSE,"",16:00,TRUE
fare_DEL-BOM_QP_2026-10-03_T+30_1788404009202_gx3j,DEL-BOM,EaseMyTrip,QP,QP-1820,2026-10-03,T+30,5355,1175,6530,2026-09-03T02:32:06.524Z,FALSE,"",17:30,TRUE
fare_DEL-BOM_QP_2026-10-03_T+30_1788404009202_rv3c,DEL-BOM,EaseMyTrip,QP,QP-1119,2026-10-03,T+30,5355,1175,6530,2026-09-03T02:32:06.524Z,FALSE,"",08:40,TRUE
fare_DEL-BOM_QP_2026-10-03_T+30_1788404009202_fjm9,DEL-BOM,EaseMyTrip,QP,QP-1826,2026-10-03,T+30,5355,1175,6530,2026-09-03T02:32:06.524Z,FALSE,"",19:55,TRUE
fare_DEL-BOM_6E_2026-10-03_T+30_1788404009202_5ob5,DEL-BOM,EaseMyTrip,6E,6E-400,2026-10-03,T+30,5355,1175,6530,2026-09-03T02:32:06.524Z,FALSE,"",03:00,TRUE
fare_DEL-BOM_6E_2026-10-03_T+30_1788404009202_clbb,DEL-BOM,EaseMyTrip,6E,6E-536,2026-10-03,T+30,5355,1175,6530,2026-09-03T02:32:06.524Z,FALSE,"",03:00,TRUE
fare_DEL-BOM_6E_2026-10-03_T+30_1788404009202_2akv,DEL-BOM,EaseMyTrip,6E,6E-817,2026-10-03,T+30,5355,1175,6530,2026-09-03T02:32:06.524Z,FALSE,"",23:30,TRUE
fare_DEL-BOM_6E_2026-10-03_T+30_1788404009202_ezsq,DEL-BOM,EaseMyTrip,6E,6E-918,2026-10-03,T+30,5355,1175,6530,2026-09-03T02:32:06.524Z,FALSE,"",23:30,TRUE
fare_DEL-BOM_6E_2026-10-03_T+30_1788404009202_s5th,DEL-BOM,EaseMyTrip,6E,6E-6114,2026-10-03,T+30,5355,1175,6530,2026-09-03T02:32:06.524Z,FALSE,"",22:45,TRUE
fare_DEL-BOM_6E_2026-10-03_T+30_1788404009202_8o1y,DEL-BOM,EaseMyTrip,6E,6E-422,2026-10-03,T+30,5355,1175,6530,2026-09-03T02:32:06.524Z,FALSE,"",20:00,TRUE
fare_DEL-BOM_6E_2026-10-03_T+30_1788404009202_b5aj,DEL-BOM,EaseMyTrip,6E,6E-934,2026-10-03,T+30,5355,1175,6530,2026-09-03T02:32:06.524Z,FALSE,"",20:00,TRUE
fare_DEL-BOM_6E_2026-10-03_T+30_1788404009202_cqxs,DEL-BOM,EaseMyTrip,6E,6E-807,2026-10-03,T+30,5355,1175,6530,2026-09-03T02:32:06.524Z,FALSE,"",19:00,TRUE
fare_DEL-BOM_6E_2026-10-03_T+30_1788404009202_vk30,DEL-BOM,EaseMyTrip,6E,6E-365,2026-10-03,T+30,5355,1175,6530,2026-09-03T02:32:06.524Z,FALSE,"",19:00,TRUE
fare_DEL-BOM_6E_2026-10-03_T+30_1788404009202_swwo,DEL-BOM,EaseMyTrip,6E,6E-6706,2026-10-03,T+30,5355,1175,6530,2026-09-03T02:32:06.524Z,FALSE,"",17:00,TRUE
fare_DEL-BOM_6E_2026-10-03_T+30_1788404009202_r393,DEL-BOM,EaseMyTrip,6E,6E-916,2026-10-03,T+30,5355,1175,6530,2026-09-03T02:32:06.524Z,FALSE,"",15:30,TRUE
fare_DEL-BOM_6E_2026-10-03_T+30_1788404009202_nkjj,DEL-BOM,EaseMyTrip,6E,6E-851,2026-10-03,T+30,5355,1175,6530,2026-09-03T02:32:06.524Z,FALSE,"",15:30,TRUE
fare_DEL-BOM_6E_2026-10-03_T+30_1788404009202_6hlt,DEL-BOM,EaseMyTrip,6E,6E-6022,2026-10-03,T+30,5355,1175,6530,2026-09-03T02:32:06.524Z,FALSE,"",14:00,TRUE
fare_DEL-BOM_6E_2026-10-03_T+30_1788404009202_q77f,DEL-BOM,EaseMyTrip,6E,6E-6318,2026-10-03,T+30,5355,1175,6530,2026-09-03T02:32:06.524Z,FALSE,"",14:45,TRUE
fare_DEL-BOM_6E_2026-10-03_T+30_1788404009202_lxqa,DEL-BOM,EaseMyTrip,6E,6E-563,2026-10-03,T+30,5355,1175,6530,2026-09-03T02:32:06.524Z,FALSE,"",08:00,TRUE
fare_DEL-BOM_6E_2026-10-03_T+30_1788404009202_ciw2,DEL-BOM,EaseMyTrip,6E,6E-876,2026-10-03,T+30,5355,1175,6530,2026-09-03T02:32:06.524Z,FALSE,"",08:00,TRUE
fare_DEL-BOM_6E_2026-10-03_T+30_1788404009202_2sh2,DEL-BOM,EaseMyTrip,6E,6E-6328,2026-10-03,T+30,5355,1175,6530,2026-09-03T02:32:06.524Z,FALSE,"",10:15,TRUE
fare_DEL-BOM_6E_2026-10-03_T+30_1788404009202_hta0,DEL-BOM,EaseMyTrip,6E,6E-6047,2026-10-03,T+30,5355,1175,6530,2026-09-03T02:32:06.524Z,FALSE,"",11:00,TRUE
fare_DEL-BOM_6E_2026-10-03_T+30_1788404009202_qs2o,DEL-BOM,EaseMyTrip,6E,6E-828,2026-10-03,T+30,5355,1175,6530,2026-09-03T02:32:06.524Z,FALSE,"",13:00,TRUE
fare_DEL-BOM_6E_2026-10-03_T+30_1788404009202_6315,DEL-BOM,EaseMyTrip,6E,6E-836,2026-10-03,T+30,5355,1175,6530,2026-09-03T02:32:06.524Z,FALSE,"",13:00,TRUE
fare_DEL-BOM_6E_2026-10-03_T+30_1788404009202_29ht,DEL-BOM,EaseMyTrip,6E,6E-309,2026-10-03,T+30,5355,1175,6530,2026-09-03T02:32:06.524Z,FALSE,"",08:45,TRUE
fare_DEL-BOM_6E_2026-10-03_T+30_1788404009202_ifkb,DEL-BOM,EaseMyTrip,6E,6E-332,2026-10-03,T+30,5355,1175,6530,2026-09-03T02:32:06.524Z,FALSE,"",08:45,TRUE
fare_DEL-BOM_6E_2026-10-03_T+30_1788404009202_sr0h,DEL-BOM,EaseMyTrip,6E,6E-548,2026-10-03,T+30,5366,1178,6544,2026-09-03T02:32:06.524Z,FALSE,"",14:50,FALSE
fare_DEL-BOM_6E_2026-10-03_T+30_1788404009202_73r0,DEL-BOM,EaseMyTrip,6E,6E-340,2026-10-03,T+30,5366,1178,6544,2026-09-03T02:32:06.524Z,FALSE,"",14:50,FALSE
fare_DEL-BOM_6E_2026-10-03_T+30_1788404009202_8b4d,DEL-BOM,EaseMyTrip,6E,6E-6983,2026-10-03,T+30,5381,1181,6562,2026-09-03T02:32:06.524Z,FALSE,"",15:35,FALSE
fare_DEL-BOM_6E_2026-10-03_T+30_1788404009202_a53x,DEL-BOM,EaseMyTrip,6E,6E-449,2026-10-03,T+30,5484,1204,6688,2026-09-03T02:32:06.524Z,FALSE,"",21:45,TRUE
fare_DEL-BOM_6E_2026-10-03_T+30_1788404009202_rwlt,DEL-BOM,EaseMyTrip,6E,6E-633,2026-10-03,T+30,5484,1204,6688,2026-09-03T02:32:06.524Z,FALSE,"",21:45,TRUE
fare_DEL-BOM_6E_2026-10-03_T+30_1788404009202_fo6b,DEL-BOM,EaseMyTrip,6E,6E-940,2026-10-03,T+30,5484,1204,6688,2026-09-03T02:32:06.524Z,FALSE,"",20:45,TRUE
fare_DEL-BOM_6E_2026-10-03_T+30_1788404009202_6jp2,DEL-BOM,EaseMyTrip,6E,6E-654,2026-10-03,T+30,5484,1204,6688,2026-09-03T02:32:06.524Z,FALSE,"",20:45,TRUE
fare_DEL-BOM_6E_2026-10-03_T+30_1788404009202_zn8a,DEL-BOM,EaseMyTrip,6E,6E-383,2026-10-03,T+30,5484,1204,6688,2026-09-03T02:32:06.524Z,FALSE,"",05:00,TRUE
fare_DEL-BOM_6E_2026-10-03_T+30_1788404009202_h3a7,DEL-BOM,EaseMyTrip,6E,6E-177,2026-10-03,T+30,5484,1204,6688,2026-09-03T02:32:06.524Z,FALSE,"",05:00,TRUE
fare_DEL-BOM_6E_2026-10-03_T+30_1788404009202_jtj4,DEL-BOM,EaseMyTrip,6E,6E-6218,2026-10-03,T+30,5484,1204,6688,2026-09-03T02:32:06.524Z,FALSE,"",06:05,TRUE
fare_DEL-BOM_6E_2026-10-03_T+30_1788404009202_mua4,DEL-BOM,EaseMyTrip,6E,6E-5138,2026-10-03,T+30,5488,1205,6693,2026-09-03T02:32:06.524Z,FALSE,"",19:10,FALSE
fare_DEL-BOM_6E_2026-10-03_T+30_1788404009202_kk04,DEL-BOM,EaseMyTrip,6E,6E-6459,2026-10-03,T+30,5488,1205,6693,2026-09-03T02:32:06.524Z,FALSE,"",05:55,FALSE
fare_DEL-BOM_AI_2026-10-03_T+30_1788404009202_rv3p,DEL-BOM,EaseMyTrip,AI,AI-2678,2026-10-03,T+30,5740,1260,7000,2026-09-03T02:32:06.524Z,FALSE,"",08:30,TRUE
fare_DEL-BOM_AI_2026-10-03_T+30_1788404009202_wohd,DEL-BOM,EaseMyTrip,AI,AI-2963,2026-10-03,T+30,5740,1260,7000,2026-09-03T02:32:06.524Z,FALSE,"",09:00,TRUE
fare_DEL-BOM_AI_2026-10-03_T+30_1788404009202_i9fc,DEL-BOM,EaseMyTrip,AI,AI-2425,2026-10-03,T+30,5740,1260,7000,2026-09-03T02:32:06.524Z,FALSE,"",10:30,TRUE
fare_DEL-BOM_AI_2026-10-03_T+30_1788404009202_m82t,DEL-BOM,EaseMyTrip,AI,AI-2995,2026-10-03,T+30,5740,1260,7000,2026-09-03T02:32:06.524Z,FALSE,"",10:00,TRUE
fare_DEL-BOM_AI_2026-10-03_T+30_1788404009202_jjuh,DEL-BOM,EaseMyTrip,AI,AI-2945,2026-10-03,T+30,5740,1260,7000,2026-09-03T02:32:06.524Z,FALSE,"",11:00,TRUE
fare_DEL-BOM_AI_2026-10-03_T+30_1788404009202_dy9s,DEL-BOM,EaseMyTrip,AI,AI-2441,2026-10-03,T+30,5740,1260,7000,2026-09-03T02:32:06.524Z,FALSE,"",14:10,TRUE
fare_DEL-BOM_AI_2026-10-03_T+30_1788404009202_cv9y,DEL-BOM,EaseMyTrip,AI,AI-441,2026-10-03,T+30,5740,1260,7000,2026-09-03T02:32:06.524Z,FALSE,"",17:00,TRUE
fare_DEL-BOM_AI_2026-10-03_T+30_1788404009202_noy1,DEL-BOM,EaseMyTrip,AI,AI-2957,2026-10-03,T+30,5740,1260,7000,2026-09-03T02:32:06.524Z,FALSE,"",20:30,TRUE
fare_DEL-BOM_AI_2026-10-03_T+30_1788404009202_0r5g,DEL-BOM,EaseMyTrip,AI,AI-1780,2026-10-03,T+30,5740,1260,7000,2026-09-03T02:32:06.524Z,FALSE,"",14:30,TRUE
fare_DEL-BOM_6E_2026-10-03_T+30_1788404009202_xst7,DEL-BOM,EaseMyTrip,6E,6E-391,2026-10-03,T+30,5656,1242,6898,2026-09-03T02:32:06.524Z,FALSE,"",16:15,TRUE
fare_DEL-BOM_6E_2026-10-03_T+30_1788404009202_574f,DEL-BOM,EaseMyTrip,6E,6E-286,2026-10-03,T+30,5656,1242,6898,2026-09-03T02:32:06.524Z,FALSE,"",16:15,TRUE
fare_DEL-BOM_AI_2026-10-03_T+30_1788404009202_1nrw,DEL-BOM,EaseMyTrip,AI,AI-2975,2026-10-03,T+30,5870,1289,7159,2026-09-03T02:32:06.524Z,FALSE,"",06:30,TRUE
fare_DEL-BOM_AI_2026-10-03_T+30_1788404009202_np8z,DEL-BOM,EaseMyTrip,AI,AI-2981,2026-10-03,T+30,5870,1289,7159,2026-09-03T02:32:06.524Z,FALSE,"",21:00,TRUE
fare_DEL-BOM_AI_2026-10-03_T+30_1788404009202_yw21,DEL-BOM,EaseMyTrip,AI,AI-1745,2026-10-03,T+30,5870,1289,7159,2026-09-03T02:32:06.524Z,FALSE,"",05:00,TRUE
fare_DEL-BOM_AI_2026-10-03_T+30_1788404009202_m41w,DEL-BOM,EaseMyTrip,AI,AI-2985,2026-10-03,T+30,5882,1291,7173,2026-09-03T02:32:06.524Z,FALSE,"",19:30,TRUE
fare_DEL-BOM_AI_2026-10-03_T+30_1788404009202_zll9,DEL-BOM,EaseMyTrip,AI,AI-1777,2026-10-03,T+30,5882,1291,7173,2026-09-03T02:32:06.524Z,FALSE,"",16:00,TRUE
fare_DEL-BOM_AI_2026-10-03_T+30_1788404009202_sya6,DEL-BOM,EaseMyTrip,AI,AI-2943,2026-10-03,T+30,5882,1291,7173,2026-09-03T02:32:06.524Z,FALSE,"",07:30,TRUE
fare_DEL-BOM_IX_2026-10-03_T+30_1788404009202_vrf0,DEL-BOM,EaseMyTrip,IX,IX-1049,2026-10-03,T+30,6339,1391,7730,2026-09-03T02:32:06.524Z,FALSE,"",18:40,FALSE
fare_DEL-BOM_6E_2026-10-03_T+30_1788404009202_ifn5,DEL-BOM,EaseMyTrip,6E,6E-5014,2026-10-03,T+30,5806,1274,7080,2026-09-03T02:32:06.524Z,FALSE,"",18:30,FALSE
fare_DEL-BOM_6E_2026-10-03_T+30_1788404009202_yi7n,DEL-BOM,EaseMyTrip,6E,6E-6171,2026-10-03,T+30,5806,1274,7080,2026-09-03T02:32:06.524Z,FALSE,"",05:40,FALSE
fare_DEL-BOM_6E_2026-10-03_T+30_1788404009202_yj3n,DEL-BOM,EaseMyTrip,6E,6E-377,2026-10-03,T+30,5806,1274,7080,2026-09-03T02:32:06.524Z,FALSE,"",19:30,FALSE
fare_DEL-BOM_6E_2026-10-03_T+30_1788404009202_874w,DEL-BOM,EaseMyTrip,6E,6E-662,2026-10-03,T+30,5806,1274,7080,2026-09-03T02:32:06.524Z,FALSE,"",19:30,FALSE
fare_DEL-BOM_AI_2026-10-03_T+30_1788404009202_3f7p,DEL-BOM,EaseMyTrip,AI,AI-2439,2026-10-03,T+30,5977,1312,7289,2026-09-03T02:32:06.524Z,FALSE,"",23:00,TRUE
fare_DEL-BOM_AI_2026-10-03_T+30_1788404009202_3ms3,DEL-BOM,EaseMyTrip,AI,AI-2433,2026-10-03,T+30,6016,1321,7337,2026-09-03T02:32:06.524Z,FALSE,"",21:30,TRUE
fare_DEL-BOM_AI_2026-10-03_T+30_1788404009202_sxp9,DEL-BOM,EaseMyTrip,AI,AI-2977,2026-10-03,T+30,6025,1322,7347,2026-09-03T02:32:06.524Z,FALSE,"",19:00,TRUE
fare_DEL-BOM_6E_2026-10-03_T+30_1788404009202_lb53,DEL-BOM,EaseMyTrip,6E,6E-2571,2026-10-03,T+30,5863,1287,7150,2026-09-03T02:32:06.524Z,FALSE,"",12:30,FALSE
fare_DEL-BOM_6E_2026-10-03_T+30_1788404009202_tusd,DEL-BOM,EaseMyTrip,6E,6E-6676,2026-10-03,T+30,5871,1289,7160,2026-09-03T02:32:06.524Z,FALSE,"",12:00,TRUE
fare_DEL-BOM_AI_2026-10-03_T+30_1788404009202_e0ry,DEL-BOM,EaseMyTrip,AI,AI-1785,2026-10-03,T+30,6043,1326,7369,2026-09-03T02:32:06.524Z,FALSE,"",12:00,TRUE
fare_DEL-BOM_AI_2026-10-03_T+30_1788404009202_5r1t,DEL-BOM,EaseMyTrip,AI,AI-2927,2026-10-03,T+30,6043,1326,7369,2026-09-03T02:32:06.524Z,FALSE,"",09:30,TRUE
fare_DEL-BOM_6E_2026-10-03_T+30_1788404009202_uqc9,DEL-BOM,EaseMyTrip,6E,6E-330,2026-10-03,T+30,5914,1298,7212,2026-09-03T02:32:06.524Z,FALSE,"",20:20,TRUE
fare_DEL-BOM_6E_2026-10-03_T+30_1788404009202_6o8h,DEL-BOM,EaseMyTrip,6E,6E-136,2026-10-03,T+30,5914,1298,7212,2026-09-03T02:32:06.524Z,FALSE,"",20:20,TRUE
fare_DEL-BOM_6E_2026-10-03_T+30_1788404009202_5ccz,DEL-BOM,EaseMyTrip,6E,6E-6829,2026-10-03,T+30,5914,1298,7212,2026-09-03T02:32:06.524Z,FALSE,"",17:20,FALSE
fare_DEL-BOM_6E_2026-10-03_T+30_1788404009202_vrba,DEL-BOM,EaseMyTrip,6E,6E-6443,2026-10-03,T+30,5914,1298,7212,2026-09-03T02:32:06.524Z,FALSE,"",09:00,FALSE
fare_DEL-BOM_6E_2026-10-03_T+30_1788404009202_rn3e,DEL-BOM,EaseMyTrip,6E,6E-6433,2026-10-03,T+30,5914,1298,7212,2026-09-03T02:32:06.524Z,FALSE,"",16:30,FALSE
fare_DEL-BOM_6E_2026-10-03_T+30_1788404009202_8bk1,DEL-BOM,EaseMyTrip,6E,6E-6601,2026-10-03,T+30,6086,1336,7422,2026-09-03T02:32:06.524Z,FALSE,"",19:45,FALSE
fare_DEL-BOM_6E_2026-10-03_T+30_1788404009202_baow,DEL-BOM,EaseMyTrip,6E,6E-6026,2026-10-03,T+30,6086,1336,7422,2026-09-03T02:32:06.524Z,FALSE,"",05:30,FALSE
fare_DEL-BOM_6E_2026-10-03_T+30_1788404009202_0ch3,DEL-BOM,EaseMyTrip,6E,6E-472,2026-10-03,T+30,6086,1336,7422,2026-09-03T02:32:06.524Z,FALSE,"",23:15,FALSE
fare_DEL-BOM_6E_2026-10-03_T+30_1788404009202_f983,DEL-BOM,EaseMyTrip,6E,6E-134,2026-10-03,T+30,6086,1336,7422,2026-09-03T02:32:06.524Z,FALSE,"",23:15,FALSE
fare_DEL-BOM_6E_2026-10-03_T+30_1788404009202_usj9,DEL-BOM,EaseMyTrip,6E,6E-6107,2026-10-03,T+30,6130,1345,7475,2026-09-03T02:32:06.524Z,FALSE,"",09:30,TRUE
fare_DEL-BOM_6E_2026-10-03_T+30_1788404009202_7gyw,DEL-BOM,EaseMyTrip,6E,6E-667,2026-10-03,T+30,6150,1350,7500,2026-09-03T02:32:06.524Z,FALSE,"",12:10,FALSE
fare_DEL-BOM_6E_2026-10-03_T+30_1788404009202_flvq,DEL-BOM,EaseMyTrip,6E,6E-615,2026-10-03,T+30,6150,1350,7500,2026-09-03T02:32:06.524Z,FALSE,"",12:10,FALSE
fare_DEL-BOM_6E_2026-10-03_T+30_1788404009202_6oqz,DEL-BOM,EaseMyTrip,6E,6E-5073,2026-10-03,T+30,6273,1377,7650,2026-09-03T02:32:06.524Z,FALSE,"",17:05,FALSE
fare_DEL-BOM_AI_2026-10-03_T+30_1788404009202_66q8,DEL-BOM,EaseMyTrip,AI,AI-2933,2026-10-03,T+30,6515,1430,7945,2026-09-03T02:32:06.524Z,FALSE,"",15:30,TRUE
fare_DEL-BOM_6E_2026-10-03_T+30_1788404009202_npi4,DEL-BOM,EaseMyTrip,6E,6E-5198,2026-10-03,T+30,6848,1503,8351,2026-09-03T02:32:06.524Z,FALSE,"",15:00,TRUE
fare_DEL-BOM_6E_2026-10-03_T+30_1788404009202_wclx,DEL-BOM,EaseMyTrip,6E,6E-5038,2026-10-03,T+30,6959,1527,8486,2026-09-03T02:32:06.524Z,FALSE,"",14:00,FALSE
fare_DEL-BOM_6E_2026-10-03_T+30_1788404009202_ptya,DEL-BOM,EaseMyTrip,6E,6E-129,2026-10-03,T+30,7034,1544,8578,2026-09-03T02:32:06.524Z,FALSE,"",18:00,TRUE
fare_DEL-BOM_6E_2026-10-03_T+30_1788404009202_b72o,DEL-BOM,EaseMyTrip,6E,6E-501,2026-10-03,T+30,7034,1544,8578,2026-09-03T02:32:06.524Z,FALSE,"",18:00,TRUE
fare_DEL-BOM_6E_2026-10-03_T+30_1788404009202_jtll,DEL-BOM,EaseMyTrip,6E,6E-605,2026-10-03,T+30,7067,1551,8618,2026-09-03T02:32:06.524Z,FALSE,"",02:25,FALSE
fare_DEL-BOM_6E_2026-10-03_T+30_1788404009202_sh1r,DEL-BOM,EaseMyTrip,6E,6E-627,2026-10-03,T+30,7067,1551,8618,2026-09-03T02:32:06.524Z,FALSE,"",02:25,FALSE
fare_DEL-BOM_6E_2026-10-03_T+30_1788404009202_mnqu,DEL-BOM,EaseMyTrip,6E,6E-6814,2026-10-03,T+30,7464,1639,9103,2026-09-03T02:32:06.524Z,FALSE,"",07:15,TRUE
fare_DEL-BOM_IX_2026-10-03_T+30_1788404009202_f8x3,DEL-BOM,EaseMyTrip,IX,IX-2749,2026-10-03,T+30,8189,1797,9986,2026-09-03T02:32:06.524Z,FALSE,"",10:25,FALSE
fare_DEL-BOM_AI_2026-10-03_T+30_1788404009202_6t7r,DEL-BOM,EaseMyTrip,AI,AI-2429,2026-10-03,T+30,8190,1798,9988,2026-09-03T02:32:06.524Z,FALSE,"",07:00,TRUE
fare_DEL-BOM_AI_2026-10-03_T+30_1788404009202_0lho,DEL-BOM,EaseMyTrip,AI,AI-2951,2026-10-03,T+30,8407,1845,10252,2026-09-03T02:32:06.524Z,FALSE,"",13:30,TRUE
fare_DEL-BOM_IX_2026-10-03_T+30_1788404009202_drjq,DEL-BOM,EaseMyTrip,IX,IX-1783,2026-10-03,T+30,8963,1967,10930,2026-09-03T02:32:06.524Z,FALSE,"",07:20,FALSE
fare_DEL-BOM_IX_2026-10-03_T+30_1788404009202_5ezw,DEL-BOM,EaseMyTrip,IX,IX-1057,2026-10-03,T+30,8963,1967,10930,2026-09-03T02:32:06.524Z,FALSE,"",06:20,FALSE
fare_DEL-BOM_AI_2026-10-03_T+30_1788404009202_8oc5,DEL-BOM,EaseMyTrip,AI,AI-2499,2026-10-03,T+30,8603,1888,10491,2026-09-03T02:32:06.524Z,FALSE,"",06:00,FALSE
fare_DEL-BOM_AI_2026-10-03_T+30_1788404009202_bnmc,DEL-BOM,EaseMyTrip,AI,AI-2569,2026-10-03,T+30,8603,1888,10491,2026-09-03T02:32:06.524Z,FALSE,"",20:30,FALSE
fare_DEL-BOM_AI_2026-10-03_T+30_1788404009202_2i55,DEL-BOM,EaseMyTrip,AI,AI-1710,2026-10-03,T+30,8603,1888,10491,2026-09-03T02:32:06.524Z,FALSE,"",18:35,FALSE
fare_DEL-BOM_AI_2026-10-03_T+30_1788404009202_t2w0,DEL-BOM,EaseMyTrip,AI,AI-2955,2026-10-03,T+30,8621,1893,10514,2026-09-03T02:32:06.524Z,FALSE,"",18:00,TRUE
fare_DEL-BOM_AI_2026-10-03_T+30_1788404009202_k544,DEL-BOM,EaseMyTrip,AI,AI-1717,2026-10-03,T+30,8735,1917,10652,2026-09-03T02:32:06.524Z,FALSE,"",14:20,FALSE
fare_DEL-BOM_IX_2026-10-03_T+30_1788404009202_deur,DEL-BOM,EaseMyTrip,IX,IX-1082,2026-10-03,T+30,9752,2141,11893,2026-09-03T02:32:06.524Z,FALSE,"",21:25,FALSE
fare_DEL-BOM_IX_2026-10-03_T+30_1788404009202_02qo,DEL-BOM,EaseMyTrip,IX,IX-1817,2026-10-03,T+30,9752,2141,11893,2026-09-03T02:32:06.524Z,FALSE,"",19:30,FALSE
fare_DEL-BOM_IX_2026-10-03_T+30_1788404009202_g3hh,DEL-BOM,EaseMyTrip,IX,IX-1059,2026-10-03,T+30,9783,2147,11930,2026-09-03T02:32:06.524Z,FALSE,"",12:15,FALSE
fare_DEL-BOM_AI_2026-10-03_T+30_1788404009202_bqvm,DEL-BOM,EaseMyTrip,AI,AI-2509,2026-10-03,T+30,9569,2101,11670,2026-09-03T02:32:06.524Z,FALSE,"",07:00,FALSE
fare_DEL-BOM_IX_2026-10-03_T+30_1788404009202_ss5c,DEL-BOM,EaseMyTrip,IX,IX-1070,2026-10-03,T+30,9929,2179,12108,2026-09-03T02:32:06.524Z,FALSE,"",21:15,FALSE
fare_DEL-BOM_IX_2026-10-03_T+30_1788404009202_ygzd,DEL-BOM,EaseMyTrip,IX,IX-1068,2026-10-03,T+30,10871,2386,13257,2026-09-03T02:32:06.524Z,FALSE,"",11:55,FALSE
fare_DEL-BOM_QP_2026-10-03_T+30_1788404009202_fa0w,DEL-BOM,EaseMyTrip,QP,QP-1822,2026-10-03,T+30,10127,2223,12350,2026-09-03T02:32:06.524Z,FALSE,"",16:40,FALSE
fare_DEL-BOM_QP_2026-10-03_T+30_1788404009202_m43h,DEL-BOM,EaseMyTrip,QP,QP-1817,2026-10-03,T+30,10366,2275,12641,2026-09-03T02:32:06.524Z,FALSE,"",10:30,FALSE
fare_DEL-BOM_IX_2026-10-03_T+30_1788404009202_9jlb,DEL-BOM,EaseMyTrip,IX,IX-1064,2026-10-03,T+30,11012,2417,13429,2026-09-03T02:32:06.524Z,FALSE,"",19:10,FALSE
fare_DEL-BOM_AI_2026-10-03_T+30_1788404009202_dg2v,DEL-BOM,EaseMyTrip,AI,AI-9757,2026-10-03,T+30,10584,2323,12907,2026-09-03T02:32:06.524Z,FALSE,"",11:50,FALSE
fare_DEL-BOM_AI_2026-10-03_T+30_1788404009202_ohks,DEL-BOM,EaseMyTrip,AI,AI-9759,2026-10-03,T+30,10584,2323,12907,2026-09-03T02:32:06.524Z,FALSE,"",06:00,FALSE
fare_DEL-BOM_AI_2026-10-03_T+30_1788404009202_p7y8,DEL-BOM,EaseMyTrip,AI,AI-9418,2026-10-03,T+30,11036,2422,13458,2026-09-03T02:32:06.524Z,FALSE,"",13:10,FALSE
fare_DEL-BOM_AI_2026-10-03_T+30_1788404009202_yitv,DEL-BOM,EaseMyTrip,AI,AI-2715,2026-10-03,T+30,11186,2455,13641,2026-09-03T02:32:06.524Z,FALSE,"",11:40,FALSE
fare_DEL-BOM_AI_2026-10-03_T+30_1788404009202_dkna,DEL-BOM,EaseMyTrip,AI,AI-2959,2026-10-03,T+30,11186,2455,13641,2026-09-03T02:32:06.524Z,FALSE,"",07:10,FALSE
fare_DEL-BOM_AI_2026-10-03_T+30_1788404009202_c75s,DEL-BOM,EaseMyTrip,AI,AI-423,2026-10-03,T+30,11186,2455,13641,2026-09-03T02:32:06.524Z,FALSE,"",09:50,FALSE
fare_DEL-BOM_AI_2026-10-03_T+30_1788404009202_9ci3,DEL-BOM,EaseMyTrip,AI,AI-809,2026-10-03,T+30,11273,2475,13748,2026-09-03T02:32:06.524Z,FALSE,"",17:40,FALSE
fare_DEL-BOM_AI_2026-10-03_T+30_1788404009202_djya,DEL-BOM,EaseMyTrip,AI,AI-2939,2026-10-03,T+30,11273,2475,13748,2026-09-03T02:32:06.524Z,FALSE,"",16:40,FALSE
fare_DEL-BOM_AI_2026-10-03_T+30_1788404009202_7yti,DEL-BOM,EaseMyTrip,AI,AI-881,2026-10-03,T+30,11273,2475,13748,2026-09-03T02:32:06.524Z,FALSE,"",13:35,FALSE
fare_DEL-BOM_AI_2026-10-03_T+30_1788404009202_5d78,DEL-BOM,EaseMyTrip,AI,AI-1705,2026-10-03,T+30,11766,2583,14349,2026-09-03T02:32:06.524Z,FALSE,"",06:30,FALSE
fare_DEL-BOM_AI_2026-10-03_T+30_1788404009202_ci92,DEL-BOM,EaseMyTrip,AI,AI-9920,2026-10-03,T+30,11784,2587,14371,2026-09-03T02:32:06.524Z,FALSE,"",10:50,FALSE
fare_DEL-BOM_AI_2026-10-03_T+30_1788404009202_ivus,DEL-BOM,EaseMyTrip,AI,AI-2537,2026-10-03,T+30,12630,2772,15402,2026-09-03T02:32:06.524Z,FALSE,"",17:30,FALSE
fare_DEL-BOM_AI_2026-10-03_T+30_1788404009202_zpmu,DEL-BOM,EaseMyTrip,AI,AI-885,2026-10-03,T+30,12761,2801,15562,2026-09-03T02:32:06.524Z,FALSE,"",07:25,FALSE
fare_DEL-BOM_AI_2026-10-03_T+30_1788404009202_14y4,DEL-BOM,EaseMyTrip,AI,AI-9584,2026-10-03,T+30,12908,2833,15741,2026-09-03T02:32:06.524Z,FALSE,"",11:15,FALSE
fare_DEL-BOM_AI_2026-10-03_T+30_1788404009202_30nh,DEL-BOM,EaseMyTrip,AI,AI-1743,2026-10-03,T+30,13065,2868,15933,2026-09-03T02:32:06.524Z,FALSE,"",06:15,FALSE
fare_DEL-BOM_QP_2026-10-03_T+30_1788404009202_ahe2,DEL-BOM,EaseMyTrip,QP,QP-1803,2026-10-03,T+30,13478,2959,16437,2026-09-03T02:32:06.524Z,TRUE,"High outlier: ₹16437 > upper fence ₹16433 (Q3: ₹10491, IQR: ₹3961)",17:00,FALSE
fare_DEL-BOM_AI_2026-10-03_T+30_1788404009202_8yvw,DEL-BOM,EaseMyTrip,AI,AI-2515,2026-10-03,T+30,14147,3105,17252,2026-09-03T02:32:06.524Z,TRUE,"High outlier: ₹17252 > upper fence ₹16433 (Q3: ₹10491, IQR: ₹3961)",12:10,FALSE
fare_DEL-BOM_AI_2026-10-03_T+30_1788404009202_xpli,DEL-BOM,EaseMyTrip,AI,AI-1773,2026-10-03,T+30,14497,3182,17679,2026-09-03T02:32:06.524Z,TRUE,"High outlier: ₹17679 > upper fence ₹16433 (Q3: ₹10491, IQR: ₹3961)",10:30,FALSE
fare_DEL-BOM_AI_2026-10-03_T+30_1788404009202_uqxx,DEL-BOM,EaseMyTrip,AI,AI-1703,2026-10-03,T+30,14497,3182,17679,2026-09-03T02:32:06.524Z,TRUE,"High outlier: ₹17679 > upper fence ₹16433 (Q3: ₹10491, IQR: ₹3961)",05:10,FALSE
fare_DEL-BOM_AI_2026-10-03_T+30_1788404009202_zai8,DEL-BOM,EaseMyTrip,AI,AI-2577,2026-10-03,T+30,14577,3200,17777,2026-09-03T02:32:06.524Z,TRUE,"High outlier: ₹17777 > upper fence ₹16433 (Q3: ₹10491, IQR: ₹3961)",02:00,FALSE
fare_DEL-BOM_AI_2026-10-03_T+30_1788404009202_b7m3,DEL-BOM,EaseMyTrip,AI,AI-2859,2026-10-03,T+30,14577,3200,17777,2026-09-03T02:32:06.524Z,TRUE,"High outlier: ₹17777 > upper fence ₹16433 (Q3: ₹10491, IQR: ₹3961)",10:30,FALSE
fare_DEL-BOM_AI_2026-10-03_T+30_1788404009202_38p8,DEL-BOM,EaseMyTrip,AI,AI-2465,2026-10-03,T+30,14880,3266,18146,2026-09-03T02:32:06.524Z,TRUE,"High outlier: ₹18146 > upper fence ₹16433 (Q3: ₹10491, IQR: ₹3961)",14:30,FALSE
fare_DEL-BOM_AI_2026-10-03_T+30_1788404009202_36qy,DEL-BOM,EaseMyTrip,AI,AI-2761,2026-10-03,T+30,15193,3335,18528,2026-09-03T02:32:06.524Z,TRUE,"High outlier: ₹18528 > upper fence ₹16433 (Q3: ₹10491, IQR: ₹3961)",16:25,FALSE
fare_DEL-BOM_AI_2026-10-03_T+30_1788404009202_27y0,DEL-BOM,EaseMyTrip,AI,AI-2817,2026-10-03,T+30,16609,3646,20255,2026-09-03T02:32:06.524Z,TRUE,"High outlier: ₹20255 > upper fence ₹16433 (Q3: ₹10491, IQR: ₹3961)",16:30,FALSE
fare_DEL-BOM_AI_2026-10-03_T+30_1788404009202_w2dy,DEL-BOM,EaseMyTrip,AI,AI-427,2026-10-03,T+30,16653,3656,20309,2026-09-03T02:32:06.524Z,TRUE,"High outlier: ₹20309 > upper fence ₹16433 (Q3: ₹10491, IQR: ₹3961)",08:30,FALSE
fare_DEL-BOM_AI_2026-10-03_T+30_1788404009202_0mu1,DEL-BOM,EaseMyTrip,AI,AI-2803,2026-10-03,T+30,16672,3660,20332,2026-09-03T02:32:06.524Z,TRUE,"High outlier: ₹20332 > upper fence ₹16433 (Q3: ₹10491, IQR: ₹3961)",06:30,FALSE
fare_DEL-BOM_AI_2026-10-03_T+30_1788404009202_zvgz,DEL-BOM,EaseMyTrip,AI,AI-1739,2026-10-03,T+30,17263,3790,21053,2026-09-03T02:32:06.524Z,TRUE,"High outlier: ₹21053 > upper fence ₹16433 (Q3: ₹10491, IQR: ₹3961)",11:30,FALSE
fare_DEL-BOM_AI_2026-10-03_T+30_1788404009202_u5q8,DEL-BOM,EaseMyTrip,AI,AI-2819,2026-10-03,T+30,19921,4373,24294,2026-09-03T02:32:06.524Z,TRUE,"High outlier: ₹24294 > upper fence ₹16433 (Q3: ₹10491, IQR: ₹3961)",15:00,FALSE
fare_DEL-BOM_AI_2026-10-03_T+30_1788404009202_v43r,DEL-BOM,EaseMyTrip,AI,AI-2627,2026-10-03,T+30,20725,4549,25274,2026-09-03T02:32:06.524Z,TRUE,"High outlier: ₹25274 > upper fence ₹16433 (Q3: ₹10491, IQR: ₹3961)",10:45,FALSE
fare_DEL-BOM_AI_2026-10-03_T+30_1788404009202_xfz2,DEL-BOM,EaseMyTrip,AI,AI-1779,2026-10-03,T+30,21138,4640,25778,2026-09-03T02:32:06.524Z,TRUE,"High outlier: ₹25778 > upper fence ₹16433 (Q3: ₹10491, IQR: ₹3961)",13:45,FALSE
fare_DEL-BOM_AI_2026-10-03_T+30_1788404009202_ikk4,DEL-BOM,EaseMyTrip,AI,AI-2907,2026-10-03,T+30,21529,4726,26255,2026-09-03T02:32:06.524Z,TRUE,"High outlier: ₹26255 > upper fence ₹16433 (Q3: ₹10491, IQR: ₹3961)",12:00,FALSE
fare_DEL-BOM_6E_2026-10-03_T+30_1788404009202_c8ew,DEL-BOM,EaseMyTrip,6E,6E-5298,2026-10-03,T+30,22329,4902,27231,2026-09-03T02:32:06.524Z,TRUE,"High outlier: ₹27231 > upper fence ₹16433 (Q3: ₹10491, IQR: ₹3961)",09:00,FALSE
fare_DEL-BOM_IX_2026-10-18_T+45_1788404009203_fpgr,DEL-BOM,EaseMyTrip,IX,IX-1165,2026-10-18,T+45,5568,1222,6790,2026-09-03T02:32:13.255Z,FALSE,"",06:00,FALSE
fare_DEL-BOM_IX_2026-10-18_T+45_1788404009203_h9kg,DEL-BOM,EaseMyTrip,IX,IX-1392,2026-10-18,T+45,5568,1222,6790,2026-09-03T02:32:13.255Z,FALSE,"",23:25,FALSE
fare_DEL-BOM_IX_2026-10-18_T+45_1788404009203_oxpe,DEL-BOM,EaseMyTrip,IX,IX-1024,2026-10-18,T+45,5354,1175,6529,2026-09-03T02:32:13.255Z,FALSE,"",18:40,TRUE
fare_DEL-BOM_SG_2026-10-18_T+45_1788404009203_gp4y,DEL-BOM,EaseMyTrip,SG,SG-763,2026-10-18,T+45,5353,1175,6528,2026-09-03T02:32:13.255Z,FALSE,"",20:10,TRUE
fare_DEL-BOM_SG_2026-10-18_T+45_1788404009203_whhm,DEL-BOM,EaseMyTrip,SG,SG-443,2026-10-18,T+45,5353,1175,6528,2026-09-03T02:32:13.255Z,FALSE,"",20:10,TRUE
fare_DEL-BOM_SG_2026-10-18_T+45_1788404009203_nonj,DEL-BOM,EaseMyTrip,SG,SG-305,2026-10-18,T+45,5353,1175,6528,2026-09-03T02:32:13.255Z,FALSE,"",22:30,TRUE
fare_DEL-BOM_SG_2026-10-18_T+45_1788404009203_jp0u,DEL-BOM,EaseMyTrip,SG,SG-673,2026-10-18,T+45,5353,1175,6528,2026-09-03T02:32:13.255Z,FALSE,"",22:30,TRUE
fare_DEL-BOM_IX_2026-10-18_T+45_1788404009203_evoj,DEL-BOM,EaseMyTrip,IX,IX-1463,2026-10-18,T+45,5526,1213,6739,2026-09-03T02:32:13.255Z,FALSE,"",11:15,TRUE
fare_DEL-BOM_QP_2026-10-18_T+45_1788404009203_wou4,DEL-BOM,EaseMyTrip,QP,QP-2012,2026-10-18,T+45,5330,1170,6500,2026-09-03T02:32:13.255Z,FALSE,"",08:55,TRUE
fare_DEL-BOM_QP_2026-10-18_T+45_1788404009203_tizp,DEL-BOM,EaseMyTrip,QP,QP-1833,2026-10-18,T+45,5355,1175,6530,2026-09-03T02:32:13.255Z,FALSE,"",06:50,TRUE
fare_DEL-BOM_IX_2026-10-18_T+45_1788404009203_wusk,DEL-BOM,EaseMyTrip,IX,IX-1038,2026-10-18,T+45,5755,1263,7018,2026-09-03T02:32:13.255Z,FALSE,"",17:35,TRUE
fare_DEL-BOM_IX_2026-10-18_T+45_1788404009203_hrn2,DEL-BOM,EaseMyTrip,IX,IX-1056,2026-10-18,T+45,5863,1287,7150,2026-09-03T02:32:13.255Z,FALSE,"",17:50,TRUE
fare_DEL-BOM_6E_2026-10-18_T+45_1788404009203_yh85,DEL-BOM,EaseMyTrip,6E,6E-453,2026-10-18,T+45,5756,1263,7019,2026-09-03T02:32:13.255Z,FALSE,"",03:00,TRUE
fare_DEL-BOM_6E_2026-10-18_T+45_1788404009203_5y9h,DEL-BOM,EaseMyTrip,6E,6E-807,2026-10-18,T+45,5756,1263,7019,2026-09-03T02:32:13.255Z,FALSE,"",03:00,TRUE
fare_DEL-BOM_6E_2026-10-18_T+45_1788404009203_1uo8,DEL-BOM,EaseMyTrip,6E,6E-415,2026-10-18,T+45,5756,1263,7019,2026-09-03T02:32:13.255Z,FALSE,"",05:00,TRUE
fare_DEL-BOM_6E_2026-10-18_T+45_1788404009203_y70s,DEL-BOM,EaseMyTrip,6E,6E-496,2026-10-18,T+45,5756,1263,7019,2026-09-03T02:32:13.255Z,FALSE,"",05:00,TRUE
fare_DEL-BOM_6E_2026-10-18_T+45_1788404009203_mc2k,DEL-BOM,EaseMyTrip,6E,6E-6218,2026-10-18,T+45,5756,1263,7019,2026-09-03T02:32:13.255Z,FALSE,"",06:05,TRUE
fare_DEL-BOM_6E_2026-10-18_T+45_1788404009203_83iw,DEL-BOM,EaseMyTrip,6E,6E-6814,2026-10-18,T+45,5756,1263,7019,2026-09-03T02:32:13.255Z,FALSE,"",07:15,TRUE
fare_DEL-BOM_6E_2026-10-18_T+45_1788404009203_8gqe,DEL-BOM,EaseMyTrip,6E,6E-485,2026-10-18,T+45,5756,1263,7019,2026-09-03T02:32:13.255Z,FALSE,"",08:00,TRUE
fare_DEL-BOM_6E_2026-10-18_T+45_1788404009203_i61t,DEL-BOM,EaseMyTrip,6E,6E-612,2026-10-18,T+45,5756,1263,7019,2026-09-03T02:32:13.255Z,FALSE,"",08:00,TRUE
fare_DEL-BOM_6E_2026-10-18_T+45_1788404009203_t25e,DEL-BOM,EaseMyTrip,6E,6E-6470,2026-10-18,T+45,5756,1263,7019,2026-09-03T02:32:13.255Z,FALSE,"",06:55,TRUE
fare_DEL-BOM_6E_2026-10-18_T+45_1788404009203_emk4,DEL-BOM,EaseMyTrip,6E,6E-6107,2026-10-18,T+45,5756,1263,7019,2026-09-03T02:32:13.255Z,FALSE,"",09:30,TRUE
fare_DEL-BOM_6E_2026-10-18_T+45_1788404009203_gx57,DEL-BOM,EaseMyTrip,6E,6E-6328,2026-10-18,T+45,5756,1263,7019,2026-09-03T02:32:13.255Z,FALSE,"",10:15,TRUE
fare_DEL-BOM_6E_2026-10-18_T+45_1788404009203_gfax,DEL-BOM,EaseMyTrip,6E,6E-6047,2026-10-18,T+45,5756,1263,7019,2026-09-03T02:32:13.255Z,FALSE,"",11:00,TRUE
fare_DEL-BOM_6E_2026-10-18_T+45_1788404009203_o2ds,DEL-BOM,EaseMyTrip,6E,6E-6676,2026-10-18,T+45,5756,1263,7019,2026-09-03T02:32:13.255Z,FALSE,"",12:00,TRUE
fare_DEL-BOM_6E_2026-10-18_T+45_1788404009203_lmbo,DEL-BOM,EaseMyTrip,6E,6E-754,2026-10-18,T+45,5756,1263,7019,2026-09-03T02:32:13.255Z,FALSE,"",08:45,TRUE
fare_DEL-BOM_6E_2026-10-18_T+45_1788404009203_73ev,DEL-BOM,EaseMyTrip,6E,6E-605,2026-10-18,T+45,5756,1263,7019,2026-09-03T02:32:13.255Z,FALSE,"",08:45,TRUE
fare_DEL-BOM_6E_2026-10-18_T+45_1788404009203_0ar5,DEL-BOM,EaseMyTrip,6E,6E-125,2026-10-18,T+45,5802,1273,7075,2026-09-03T02:32:13.255Z,FALSE,"",14:50,FALSE
fare_DEL-BOM_6E_2026-10-18_T+45_1788404009203_vp9j,DEL-BOM,EaseMyTrip,6E,6E-625,2026-10-18,T+45,5802,1273,7075,2026-09-03T02:32:13.255Z,FALSE,"",14:50,FALSE
fare_DEL-BOM_6E_2026-10-18_T+45_1788404009203_g7en,DEL-BOM,EaseMyTrip,6E,6E-5119,2026-10-18,T+45,5802,1273,7075,2026-09-03T02:32:13.255Z,FALSE,"",05:10,FALSE
fare_DEL-BOM_6E_2026-10-18_T+45_1788404009203_1ni3,DEL-BOM,EaseMyTrip,6E,6E-6190,2026-10-18,T+45,5802,1273,7075,2026-09-03T02:32:13.255Z,FALSE,"",07:40,FALSE
fare_DEL-BOM_6E_2026-10-18_T+45_1788404009203_u0do,DEL-BOM,EaseMyTrip,6E,6E-2341,2026-10-18,T+45,5802,1273,7075,2026-09-03T02:32:13.255Z,FALSE,"",14:50,FALSE
fare_DEL-BOM_6E_2026-10-18_T+45_1788404009203_g1mq,DEL-BOM,EaseMyTrip,6E,6E-2331,2026-10-18,T+45,5802,1273,7075,2026-09-03T02:32:13.255Z,FALSE,"",12:20,FALSE
fare_DEL-BOM_6E_2026-10-18_T+45_1788404009203_hmti,DEL-BOM,EaseMyTrip,6E,6E-6261,2026-10-18,T+45,5802,1273,7075,2026-09-03T02:32:13.255Z,FALSE,"",00:15,FALSE
fare_DEL-BOM_6E_2026-10-18_T+45_1788404009203_yb78,DEL-BOM,EaseMyTrip,6E,6E-5014,2026-10-18,T+45,5838,1282,7120,2026-09-03T02:32:13.255Z,FALSE,"",18:30,FALSE
fare_DEL-BOM_6E_2026-10-18_T+45_1788404009203_xj0m,DEL-BOM,EaseMyTrip,6E,6E-5073,2026-10-18,T+45,5838,1282,7120,2026-09-03T02:32:13.255Z,FALSE,"",17:05,FALSE
fare_DEL-BOM_6E_2026-10-18_T+45_1788404009203_f1ie,DEL-BOM,EaseMyTrip,6E,6E-6171,2026-10-18,T+45,5838,1282,7120,2026-09-03T02:32:13.255Z,FALSE,"",05:40,FALSE
fare_DEL-BOM_6E_2026-10-18_T+45_1788404009203_t5uw,DEL-BOM,EaseMyTrip,6E,6E-2076,2026-10-18,T+45,5838,1282,7120,2026-09-03T02:32:13.255Z,FALSE,"",07:30,FALSE
fare_DEL-BOM_6E_2026-10-18_T+45_1788404009203_rsz5,DEL-BOM,EaseMyTrip,6E,6E-6983,2026-10-18,T+45,5838,1282,7120,2026-09-03T02:32:13.255Z,FALSE,"",15:35,FALSE
fare_DEL-BOM_6E_2026-10-18_T+45_1788404009203_pkm3,DEL-BOM,EaseMyTrip,6E,6E-360,2026-10-18,T+45,5838,1282,7120,2026-09-03T02:32:13.255Z,FALSE,"",19:30,FALSE
fare_DEL-BOM_6E_2026-10-18_T+45_1788404009203_ndao,DEL-BOM,EaseMyTrip,6E,6E-735,2026-10-18,T+45,5838,1282,7120,2026-09-03T02:32:13.255Z,FALSE,"",19:30,FALSE
fare_DEL-BOM_6E_2026-10-18_T+45_1788404009203_pgw0,DEL-BOM,EaseMyTrip,6E,6E-2013,2026-10-18,T+45,5838,1282,7120,2026-09-03T02:32:13.255Z,FALSE,"",21:50,FALSE
fare_DEL-BOM_IX_2026-10-18_T+45_1788404009203_n9ff,DEL-BOM,EaseMyTrip,IX,IX-1235,2026-10-18,T+45,6130,1345,7475,2026-09-03T02:32:13.255Z,FALSE,"",23:25,TRUE
fare_DEL-BOM_QP_2026-10-18_T+45_1788404009203_dpqy,DEL-BOM,EaseMyTrip,QP,QP-1110,2026-10-18,T+45,5861,1286,7147,2026-09-03T02:32:13.255Z,FALSE,"",10:00,TRUE
fare_DEL-BOM_QP_2026-10-18_T+45_1788404009203_zues,DEL-BOM,EaseMyTrip,QP,QP-1820,2026-10-18,T+45,5861,1286,7147,2026-09-03T02:32:13.255Z,FALSE,"",17:30,TRUE
fare_DEL-BOM_QP_2026-10-18_T+45_1788404009203_i42c,DEL-BOM,EaseMyTrip,QP,QP-1119,2026-10-18,T+45,5861,1286,7147,2026-09-03T02:32:13.255Z,FALSE,"",08:40,TRUE
fare_DEL-BOM_6E_2026-10-18_T+45_1788404009203_fsxb,DEL-BOM,EaseMyTrip,6E,6E-500,2026-10-18,T+45,5879,1290,7169,2026-09-03T02:32:13.255Z,FALSE,"",13:00,TRUE
fare_DEL-BOM_6E_2026-10-18_T+45_1788404009203_zjsn,DEL-BOM,EaseMyTrip,6E,6E-864,2026-10-18,T+45,5879,1290,7169,2026-09-03T02:32:13.255Z,FALSE,"",13:00,TRUE
fare_DEL-BOM_6E_2026-10-18_T+45_1788404009203_6gpz,DEL-BOM,EaseMyTrip,6E,6E-6490,2026-10-18,T+45,5910,1297,7207,2026-09-03T02:32:13.255Z,FALSE,"",04:55,FALSE
fare_DEL-BOM_6E_2026-10-18_T+45_1788404009203_x89u,DEL-BOM,EaseMyTrip,6E,6E-2249,2026-10-18,T+45,5910,1297,7207,2026-09-03T02:32:13.255Z,FALSE,"",15:00,FALSE
fare_DEL-BOM_6E_2026-10-18_T+45_1788404009203_72de,DEL-BOM,EaseMyTrip,6E,6E-386,2026-10-18,T+45,5928,1301,7229,2026-09-03T02:32:13.255Z,FALSE,"",20:20,TRUE
fare_DEL-BOM_6E_2026-10-18_T+45_1788404009203_o7xi,DEL-BOM,EaseMyTrip,6E,6E-146,2026-10-18,T+45,5928,1301,7229,2026-09-03T02:32:13.255Z,FALSE,"",20:20,TRUE
fare_DEL-BOM_6E_2026-10-18_T+45_1788404009203_e2k0,DEL-BOM,EaseMyTrip,6E,6E-5198,2026-10-18,T+45,5933,1302,7235,2026-09-03T02:32:13.255Z,FALSE,"",15:00,TRUE
fare_DEL-BOM_6E_2026-10-18_T+45_1788404009203_7uaf,DEL-BOM,EaseMyTrip,6E,6E-2169,2026-10-18,T+45,5947,1305,7252,2026-09-03T02:32:13.255Z,FALSE,"",19:40,FALSE
fare_DEL-BOM_6E_2026-10-18_T+45_1788404009203_inea,DEL-BOM,EaseMyTrip,6E,6E-6829,2026-10-18,T+45,5947,1305,7252,2026-09-03T02:32:13.255Z,FALSE,"",17:20,FALSE
fare_DEL-BOM_6E_2026-10-18_T+45_1788404009203_wfw4,DEL-BOM,EaseMyTrip,6E,6E-6443,2026-10-18,T+45,5947,1305,7252,2026-09-03T02:32:13.255Z,FALSE,"",09:00,FALSE
fare_DEL-BOM_6E_2026-10-18_T+45_1788404009203_1txg,DEL-BOM,EaseMyTrip,6E,6E-6433,2026-10-18,T+45,5947,1305,7252,2026-09-03T02:32:13.255Z,FALSE,"",16:30,FALSE
fare_DEL-BOM_6E_2026-10-18_T+45_1788404009203_e0mo,DEL-BOM,EaseMyTrip,6E,6E-5138,2026-10-18,T+45,5947,1305,7252,2026-09-03T02:32:13.255Z,FALSE,"",19:10,FALSE
fare_DEL-BOM_6E_2026-10-18_T+45_1788404009203_6cxs,DEL-BOM,EaseMyTrip,6E,6E-6459,2026-10-18,T+45,5947,1305,7252,2026-09-03T02:32:13.255Z,FALSE,"",05:55,FALSE
fare_DEL-BOM_AI_2026-10-18_T+45_1788404009203_em20,DEL-BOM,EaseMyTrip,AI,AI-2975,2026-10-18,T+45,6141,1348,7489,2026-09-03T02:32:13.255Z,FALSE,"",06:30,TRUE
fare_DEL-BOM_AI_2026-10-18_T+45_1788404009203_o610,DEL-BOM,EaseMyTrip,AI,AI-1745,2026-10-18,T+45,6141,1348,7489,2026-09-03T02:32:13.255Z,FALSE,"",05:00,TRUE
fare_DEL-BOM_AI_2026-10-18_T+45_1788404009203_fo9e,DEL-BOM,EaseMyTrip,AI,AI-2429,2026-10-18,T+45,6141,1348,7489,2026-09-03T02:32:13.255Z,FALSE,"",07:00,TRUE
fare_DEL-BOM_AI_2026-10-18_T+45_1788404009203_mqmq,DEL-BOM,EaseMyTrip,AI,AI-1780,2026-10-18,T+45,6141,1348,7489,2026-09-03T02:32:13.255Z,FALSE,"",14:30,TRUE
fare_DEL-BOM_6E_2026-10-18_T+45_1788404009203_0a8f,DEL-BOM,EaseMyTrip,6E,6E-6479,2026-10-18,T+45,6011,1319,7330,2026-09-03T02:32:13.255Z,FALSE,"",21:25,FALSE
fare_DEL-BOM_6E_2026-10-18_T+45_1788404009203_ngok,DEL-BOM,EaseMyTrip,6E,6E-389,2026-10-18,T+45,6011,1319,7330,2026-09-03T02:32:13.255Z,FALSE,"",16:10,FALSE
fare_DEL-BOM_6E_2026-10-18_T+45_1788404009203_w2ux,DEL-BOM,EaseMyTrip,6E,6E-844,2026-10-18,T+45,6011,1319,7330,2026-09-03T02:32:13.255Z,FALSE,"",16:10,FALSE
fare_DEL-BOM_6E_2026-10-18_T+45_1788404009203_1j7k,DEL-BOM,EaseMyTrip,6E,6E-2113,2026-10-18,T+45,6011,1319,7330,2026-09-03T02:32:13.255Z,FALSE,"",13:20,FALSE
fare_DEL-BOM_QP_2026-10-18_T+45_1788404009203_xled,DEL-BOM,EaseMyTrip,QP,QP-1128,2026-10-18,T+45,6077,1334,7411,2026-09-03T02:32:13.255Z,FALSE,"",16:00,TRUE
fare_DEL-BOM_6E_2026-10-18_T+45_1788404009203_sst8,DEL-BOM,EaseMyTrip,6E,6E-6212,2026-10-18,T+45,6119,1343,7462,2026-09-03T02:32:13.255Z,FALSE,"",14:45,FALSE
fare_DEL-BOM_6E_2026-10-18_T+45_1788404009203_eyhy,DEL-BOM,EaseMyTrip,6E,6E-635,2026-10-18,T+45,6119,1343,7462,2026-09-03T02:32:13.255Z,FALSE,"",08:30,FALSE
fare_DEL-BOM_6E_2026-10-18_T+45_1788404009203_t8yh,DEL-BOM,EaseMyTrip,6E,6E-462,2026-10-18,T+45,6119,1343,7462,2026-09-03T02:32:13.255Z,FALSE,"",08:30,FALSE
fare_DEL-BOM_6E_2026-10-18_T+45_1788404009203_v7r7,DEL-BOM,EaseMyTrip,6E,6E-328,2026-10-18,T+45,6125,1344,7469,2026-09-03T02:32:13.255Z,FALSE,"",23:30,TRUE
fare_DEL-BOM_6E_2026-10-18_T+45_1788404009203_gctz,DEL-BOM,EaseMyTrip,6E,6E-861,2026-10-18,T+45,6125,1344,7469,2026-09-03T02:32:13.255Z,FALSE,"",23:30,TRUE
fare_DEL-BOM_6E_2026-10-18_T+45_1788404009203_ko8v,DEL-BOM,EaseMyTrip,6E,6E-6114,2026-10-18,T+45,6125,1344,7469,2026-09-03T02:32:13.255Z,FALSE,"",22:45,TRUE
fare_DEL-BOM_6E_2026-10-18_T+45_1788404009203_oc88,DEL-BOM,EaseMyTrip,6E,6E-973,2026-10-18,T+45,6125,1344,7469,2026-09-03T02:32:13.255Z,FALSE,"",21:45,TRUE
fare_DEL-BOM_6E_2026-10-18_T+45_1788404009203_hw67,DEL-BOM,EaseMyTrip,6E,6E-475,2026-10-18,T+45,6125,1344,7469,2026-09-03T02:32:13.255Z,FALSE,"",21:45,TRUE
fare_DEL-BOM_6E_2026-10-18_T+45_1788404009203_34vr,DEL-BOM,EaseMyTrip,6E,6E-503,2026-10-18,T+45,6125,1344,7469,2026-09-03T02:32:13.255Z,FALSE,"",20:45,TRUE
fare_DEL-BOM_6E_2026-10-18_T+45_1788404009203_aegd,DEL-BOM,EaseMyTrip,6E,6E-532,2026-10-18,T+45,6125,1344,7469,2026-09-03T02:32:13.255Z,FALSE,"",20:45,TRUE
fare_DEL-BOM_6E_2026-10-18_T+45_1788404009203_tz16,DEL-BOM,EaseMyTrip,6E,6E-136,2026-10-18,T+45,6125,1344,7469,2026-09-03T02:32:13.255Z,FALSE,"",20:00,TRUE
fare_DEL-BOM_6E_2026-10-18_T+45_1788404009203_uumj,DEL-BOM,EaseMyTrip,6E,6E-847,2026-10-18,T+45,6125,1344,7469,2026-09-03T02:32:13.255Z,FALSE,"",20:00,TRUE
fare_DEL-BOM_6E_2026-10-18_T+45_1788404009203_d5he,DEL-BOM,EaseMyTrip,6E,6E-677,2026-10-18,T+45,6125,1344,7469,2026-09-03T02:32:13.255Z,FALSE,"",19:00,TRUE
fare_DEL-BOM_6E_2026-10-18_T+45_1788404009203_gx18,DEL-BOM,EaseMyTrip,6E,6E-829,2026-10-18,T+45,6125,1344,7469,2026-09-03T02:32:13.255Z,FALSE,"",19:00,TRUE
fare_DEL-BOM_6E_2026-10-18_T+45_1788404009203_ubql,DEL-BOM,EaseMyTrip,6E,6E-450,2026-10-18,T+45,6125,1344,7469,2026-09-03T02:32:13.255Z,FALSE,"",18:00,TRUE
fare_DEL-BOM_6E_2026-10-18_T+45_1788404009203_3i71,DEL-BOM,EaseMyTrip,6E,6E-269,2026-10-18,T+45,6125,1344,7469,2026-09-03T02:32:13.255Z,FALSE,"",18:00,TRUE
fare_DEL-BOM_6E_2026-10-18_T+45_1788404009203_3czl,DEL-BOM,EaseMyTrip,6E,6E-6706,2026-10-18,T+45,6125,1344,7469,2026-09-03T02:32:13.255Z,FALSE,"",17:00,TRUE
fare_DEL-BOM_6E_2026-10-18_T+45_1788404009203_85ow,DEL-BOM,EaseMyTrip,6E,6E-505,2026-10-18,T+45,6125,1344,7469,2026-09-03T02:32:13.255Z,FALSE,"",16:15,TRUE
fare_DEL-BOM_6E_2026-10-18_T+45_1788404009203_5w16,DEL-BOM,EaseMyTrip,6E,6E-884,2026-10-18,T+45,6125,1344,7469,2026-09-03T02:32:13.255Z,FALSE,"",16:15,TRUE
fare_DEL-BOM_6E_2026-10-18_T+45_1788404009203_2q5k,DEL-BOM,EaseMyTrip,6E,6E-112,2026-10-18,T+45,6125,1344,7469,2026-09-03T02:32:13.255Z,FALSE,"",15:30,TRUE
fare_DEL-BOM_6E_2026-10-18_T+45_1788404009203_ao4j,DEL-BOM,EaseMyTrip,6E,6E-967,2026-10-18,T+45,6125,1344,7469,2026-09-03T02:32:13.255Z,FALSE,"",15:30,TRUE
fare_DEL-BOM_6E_2026-10-18_T+45_1788404009203_bu0r,DEL-BOM,EaseMyTrip,6E,6E-6318,2026-10-18,T+45,6125,1344,7469,2026-09-03T02:32:13.255Z,FALSE,"",14:45,TRUE
fare_DEL-BOM_6E_2026-10-18_T+45_1788404009203_d6i0,DEL-BOM,EaseMyTrip,6E,6E-6022,2026-10-18,T+45,6125,1344,7469,2026-09-03T02:32:13.255Z,FALSE,"",14:00,TRUE
fare_DEL-BOM_AI_2026-10-18_T+45_1788404009203_qc7e,DEL-BOM,EaseMyTrip,AI,AI-2943,2026-10-18,T+45,6295,1382,7677,2026-09-03T02:32:13.255Z,FALSE,"",07:30,TRUE
fare_DEL-BOM_6E_2026-10-18_T+45_1788404009203_epo3,DEL-BOM,EaseMyTrip,6E,6E-7646,2026-10-18,T+45,6151,1350,7501,2026-09-03T02:32:13.255Z,FALSE,"",06:15,FALSE
fare_DEL-BOM_6E_2026-10-18_T+45_1788404009203_bl6v,DEL-BOM,EaseMyTrip,6E,6E-5096,2026-10-18,T+45,6152,1350,7502,2026-09-03T02:32:13.255Z,FALSE,"",12:30,TRUE
fare_DEL-BOM_QP_2026-10-18_T+45_1788404009203_tdl5,DEL-BOM,EaseMyTrip,QP,QP-1826,2026-10-18,T+45,6188,1358,7546,2026-09-03T02:32:13.255Z,FALSE,"",19:55,TRUE
fare_DEL-BOM_6E_2026-10-18_T+45_1788404009203_9qf9,DEL-BOM,EaseMyTrip,6E,6E-7642,2026-10-18,T+45,6227,1367,7594,2026-09-03T02:32:13.255Z,FALSE,"",15:45,FALSE
fare_DEL-BOM_6E_2026-10-18_T+45_1788404009203_qmig,DEL-BOM,EaseMyTrip,6E,6E-7653,2026-10-18,T+45,6259,1374,7633,2026-09-03T02:32:13.255Z,FALSE,"",17:20,FALSE
fare_DEL-BOM_AI_2026-10-18_T+45_1788404009203_e4i7,DEL-BOM,EaseMyTrip,AI,AI-2678,2026-10-18,T+45,6511,1429,7940,2026-09-03T02:32:13.255Z,FALSE,"",08:30,TRUE
fare_DEL-BOM_AI_2026-10-18_T+45_1788404009203_5f9m,DEL-BOM,EaseMyTrip,AI,AI-2963,2026-10-18,T+45,6511,1429,7940,2026-09-03T02:32:13.255Z,FALSE,"",09:00,TRUE
fare_DEL-BOM_AI_2026-10-18_T+45_1788404009203_tnds,DEL-BOM,EaseMyTrip,AI,AI-2425,2026-10-18,T+45,6511,1429,7940,2026-09-03T02:32:13.255Z,FALSE,"",10:30,TRUE
fare_DEL-BOM_AI_2026-10-18_T+45_1788404009203_ppo2,DEL-BOM,EaseMyTrip,AI,AI-2995,2026-10-18,T+45,6511,1429,7940,2026-09-03T02:32:13.255Z,FALSE,"",10:00,TRUE
fare_DEL-BOM_AI_2026-10-18_T+45_1788404009203_qjeo,DEL-BOM,EaseMyTrip,AI,AI-2945,2026-10-18,T+45,6511,1429,7940,2026-09-03T02:32:13.255Z,FALSE,"",11:00,TRUE
fare_DEL-BOM_AI_2026-10-18_T+45_1788404009203_zl6v,DEL-BOM,EaseMyTrip,AI,AI-2927,2026-10-18,T+45,6511,1429,7940,2026-09-03T02:32:13.255Z,FALSE,"",09:30,TRUE
fare_DEL-BOM_AI_2026-10-18_T+45_1788404009203_zxv4,DEL-BOM,EaseMyTrip,AI,AI-2441,2026-10-18,T+45,6566,1441,8007,2026-09-03T02:32:13.255Z,FALSE,"",14:10,TRUE
fare_DEL-BOM_6E_2026-10-18_T+45_1788404009203_bqmi,DEL-BOM,EaseMyTrip,6E,6E-5038,2026-10-18,T+45,6482,1423,7905,2026-09-03T02:32:13.255Z,FALSE,"",14:00,FALSE
fare_DEL-BOM_6E_2026-10-18_T+45_1788404009203_g8y4,DEL-BOM,EaseMyTrip,6E,6E-6026,2026-10-18,T+45,6590,1446,8036,2026-09-03T02:32:13.255Z,FALSE,"",05:30,FALSE
fare_DEL-BOM_6E_2026-10-18_T+45_1788404009203_21fw,DEL-BOM,EaseMyTrip,6E,6E-513,2026-10-18,T+45,6590,1446,8036,2026-09-03T02:32:13.255Z,FALSE,"",02:25,FALSE
fare_DEL-BOM_6E_2026-10-18_T+45_1788404009203_c4pf,DEL-BOM,EaseMyTrip,6E,6E-194,2026-10-18,T+45,6590,1446,8036,2026-09-03T02:32:13.255Z,FALSE,"",02:25,FALSE
fare_DEL-BOM_6E_2026-10-18_T+45_1788404009203_vx8u,DEL-BOM,EaseMyTrip,6E,6E-6282,2026-10-18,T+45,6590,1446,8036,2026-09-03T02:32:13.255Z,FALSE,"",13:30,FALSE
fare_DEL-BOM_6E_2026-10-18_T+45_1788404009203_ofja,DEL-BOM,EaseMyTrip,6E,6E-6293,2026-10-18,T+45,6590,1446,8036,2026-09-03T02:32:13.255Z,FALSE,"",09:55,FALSE
fare_DEL-BOM_AI_2026-10-18_T+45_1788404009203_eo8a,DEL-BOM,EaseMyTrip,AI,AI-2957,2026-10-18,T+45,6786,1490,8276,2026-09-03T02:32:13.255Z,FALSE,"",20:30,TRUE
fare_DEL-BOM_AI_2026-10-18_T+45_1788404009203_2x10,DEL-BOM,EaseMyTrip,AI,AI-441,2026-10-18,T+45,6786,1490,8276,2026-09-03T02:32:13.255Z,FALSE,"",17:00,TRUE
fare_DEL-BOM_AI_2026-10-18_T+45_1788404009203_gd9q,DEL-BOM,EaseMyTrip,AI,AI-2805,2026-10-18,T+45,6786,1490,8276,2026-09-03T02:32:13.255Z,FALSE,"",20:00,TRUE
fare_DEL-BOM_AI_2026-10-18_T+45_1788404009203_svqa,DEL-BOM,EaseMyTrip,AI,AI-1785,2026-10-18,T+45,6806,1494,8300,2026-09-03T02:32:13.255Z,FALSE,"",12:00,TRUE
fare_DEL-BOM_AI_2026-10-18_T+45_1788404009203_00d9,DEL-BOM,EaseMyTrip,AI,AI-2439,2026-10-18,T+45,6806,1494,8300,2026-09-03T02:32:13.255Z,FALSE,"",23:00,TRUE
fare_DEL-BOM_6E_2026-10-18_T+45_1788404009203_3x30,DEL-BOM,EaseMyTrip,6E,6E-277,2026-10-18,T+45,6654,1461,8115,2026-09-03T02:32:13.255Z,FALSE,"",19:30,FALSE
fare_DEL-BOM_6E_2026-10-18_T+45_1788404009203_mpro,DEL-BOM,EaseMyTrip,6E,6E-695,2026-10-18,T+45,6654,1461,8115,2026-09-03T02:32:13.255Z,FALSE,"",19:30,FALSE
fare_DEL-BOM_6E_2026-10-18_T+45_1788404009203_5vwa,DEL-BOM,EaseMyTrip,6E,6E-198,2026-10-18,T+45,6654,1461,8115,2026-09-03T02:32:13.255Z,FALSE,"",12:10,FALSE
fare_DEL-BOM_6E_2026-10-18_T+45_1788404009203_9v9m,DEL-BOM,EaseMyTrip,6E,6E-791,2026-10-18,T+45,6654,1461,8115,2026-09-03T02:32:13.255Z,FALSE,"",12:10,FALSE
fare_DEL-BOM_AI_2026-10-18_T+45_1788404009203_bqf4,DEL-BOM,EaseMyTrip,AI,AI-2433,2026-10-18,T+45,6841,1502,8343,2026-09-03T02:32:13.255Z,FALSE,"",21:30,TRUE
fare_DEL-BOM_AI_2026-10-18_T+45_1788404009203_plo4,DEL-BOM,EaseMyTrip,AI,AI-2981,2026-10-18,T+45,6841,1502,8343,2026-09-03T02:32:13.255Z,FALSE,"",21:00,TRUE
fare_DEL-BOM_AI_2026-10-18_T+45_1788404009203_7o5d,DEL-BOM,EaseMyTrip,AI,AI-1777,2026-10-18,T+45,6841,1502,8343,2026-09-03T02:32:13.255Z,FALSE,"",16:00,TRUE
fare_DEL-BOM_AI_2026-10-18_T+45_1788404009203_pqw0,DEL-BOM,EaseMyTrip,AI,AI-2955,2026-10-18,T+45,6951,1526,8477,2026-09-03T02:32:13.255Z,FALSE,"",18:00,TRUE
fare_DEL-BOM_AI_2026-10-18_T+45_1788404009203_lck1,DEL-BOM,EaseMyTrip,AI,AI-2985,2026-10-18,T+45,6980,1532,8512,2026-09-03T02:32:13.255Z,FALSE,"",19:30,TRUE
fare_DEL-BOM_AI_2026-10-18_T+45_1788404009203_dc1v,DEL-BOM,EaseMyTrip,AI,AI-2951,2026-10-18,T+45,7067,1551,8618,2026-09-03T02:32:13.255Z,FALSE,"",13:30,TRUE
fare_DEL-BOM_6E_2026-10-18_T+45_1788404009203_renn,DEL-BOM,EaseMyTrip,6E,6E-5298,2026-10-18,T+45,7568,1661,9229,2026-09-03T02:32:13.255Z,FALSE,"",09:00,FALSE
fare_DEL-BOM_6E_2026-10-18_T+45_1788404009203_yolq,DEL-BOM,EaseMyTrip,6E,6E-2349,2026-10-18,T+45,7687,1687,9374,2026-09-03T02:32:13.255Z,FALSE,"",10:55,FALSE
fare_DEL-BOM_AI_2026-10-18_T+45_1788404009203_iwlj,DEL-BOM,EaseMyTrip,AI,AI-2933,2026-10-18,T+45,8205,1801,10006,2026-09-03T02:32:13.255Z,FALSE,"",15:30,TRUE
fare_DEL-BOM_6E_2026-10-18_T+45_1788404009203_k7am,DEL-BOM,EaseMyTrip,6E,6E-275,2026-10-18,T+45,8299,1822,10121,2026-09-03T02:32:13.255Z,FALSE,"",17:55,FALSE
fare_DEL-BOM_6E_2026-10-18_T+45_1788404009203_0b5x,DEL-BOM,EaseMyTrip,6E,6E-591,2026-10-18,T+45,8299,1822,10121,2026-09-03T02:32:13.255Z,FALSE,"",17:55,FALSE
fare_DEL-BOM_6E_2026-10-18_T+45_1788404009203_gtkf,DEL-BOM,EaseMyTrip,6E,6E-6601,2026-10-18,T+45,8299,1822,10121,2026-09-03T02:32:13.255Z,FALSE,"",19:45,FALSE
fare_DEL-BOM_IX_2026-10-18_T+45_1788404009203_805a,DEL-BOM,EaseMyTrip,IX,IX-1057,2026-10-18,T+45,8963,1967,10930,2026-09-03T02:32:13.255Z,FALSE,"",06:20,FALSE
fare_DEL-BOM_AI_2026-10-18_T+45_1788404009203_kkzt,DEL-BOM,EaseMyTrip,AI,AI-2499,2026-10-18,T+45,8603,1888,10491,2026-09-03T02:32:13.255Z,FALSE,"",06:00,FALSE
fare_DEL-BOM_AI_2026-10-18_T+45_1788404009203_cp7h,DEL-BOM,EaseMyTrip,AI,AI-2569,2026-10-18,T+45,8603,1888,10491,2026-09-03T02:32:13.255Z,FALSE,"",20:30,FALSE
fare_DEL-BOM_AI_2026-10-18_T+45_1788404009203_svsj,DEL-BOM,EaseMyTrip,AI,AI-1710,2026-10-18,T+45,8603,1888,10491,2026-09-03T02:32:13.255Z,FALSE,"",18:35,FALSE
fare_DEL-BOM_AI_2026-10-18_T+45_1788404009203_grpb,DEL-BOM,EaseMyTrip,AI,AI-1717,2026-10-18,T+45,8907,1955,10862,2026-09-03T02:32:13.255Z,FALSE,"",14:20,FALSE
fare_DEL-BOM_IX_2026-10-18_T+45_1788404009203_kwlr,DEL-BOM,EaseMyTrip,IX,IX-1049,2026-10-18,T+45,10578,2322,12900,2026-09-03T02:32:13.255Z,FALSE,"",18:40,FALSE
fare_DEL-BOM_IX_2026-10-18_T+45_1788404009203_e70d,DEL-BOM,EaseMyTrip,IX,IX-1059,2026-10-18,T+45,9783,2147,11930,2026-09-03T02:32:13.255Z,FALSE,"",12:15,FALSE
fare_DEL-BOM_IX_2026-10-18_T+45_1788404009203_x7zg,DEL-BOM,EaseMyTrip,IX,IX-1064,2026-10-18,T+45,9783,2147,11930,2026-09-03T02:32:13.255Z,FALSE,"",19:10,FALSE
fare_DEL-BOM_IX_2026-10-18_T+45_1788404009203_0rlk,DEL-BOM,EaseMyTrip,IX,IX-1783,2026-10-18,T+45,9783,2147,11930,2026-09-03T02:32:13.255Z,FALSE,"",07:20,FALSE
fare_DEL-BOM_IX_2026-10-18_T+45_1788404009203_74wi,DEL-BOM,EaseMyTrip,IX,IX-2749,2026-10-18,T+45,10321,2265,12586,2026-09-03T02:32:13.255Z,FALSE,"",10:25,FALSE
fare_DEL-BOM_6E_2026-10-18_T+45_1788404009203_84ak,DEL-BOM,EaseMyTrip,6E,6E-628,2026-10-18,T+45,9742,2138,11880,2026-09-03T02:32:13.255Z,FALSE,"",23:15,FALSE
fare_DEL-BOM_6E_2026-10-18_T+45_1788404009203_iso8,DEL-BOM,EaseMyTrip,6E,6E-459,2026-10-18,T+45,9742,2138,11880,2026-09-03T02:32:13.255Z,FALSE,"",23:15,FALSE
fare_DEL-BOM_IX_2026-10-18_T+45_1788404009203_ko3w,DEL-BOM,EaseMyTrip,IX,IX-1108,2026-10-18,T+45,11560,2537,14097,2026-09-03T02:32:13.255Z,FALSE,"",05:00,FALSE
fare_DEL-BOM_IX_2026-10-18_T+45_1788404009203_i61i,DEL-BOM,EaseMyTrip,IX,IX-1082,2026-10-18,T+45,11919,2616,14535,2026-09-03T02:32:13.255Z,FALSE,"",21:25,FALSE
fare_DEL-BOM_IX_2026-10-18_T+45_1788404009203_udyc,DEL-BOM,EaseMyTrip,IX,IX-1817,2026-10-18,T+45,11919,2616,14535,2026-09-03T02:32:13.255Z,FALSE,"",19:30,FALSE
fare_DEL-BOM_AI_2026-10-18_T+45_1788404009203_dba5,DEL-BOM,EaseMyTrip,AI,AI-2509,2026-10-18,T+45,11042,2424,13466,2026-09-03T02:32:13.255Z,FALSE,"",07:00,FALSE
fare_DEL-BOM_AI_2026-10-18_T+45_1788404009203_z5y6,DEL-BOM,EaseMyTrip,AI,AI-2715,2026-10-18,T+45,11186,2455,13641,2026-09-03T02:32:13.255Z,FALSE,"",11:40,FALSE
fare_DEL-BOM_AI_2026-10-18_T+45_1788404009203_brzh,DEL-BOM,EaseMyTrip,AI,AI-2959,2026-10-18,T+45,11186,2455,13641,2026-09-03T02:32:13.255Z,FALSE,"",07:10,FALSE
fare_DEL-BOM_AI_2026-10-18_T+45_1788404009203_4w5a,DEL-BOM,EaseMyTrip,AI,AI-2939,2026-10-18,T+45,11273,2475,13748,2026-09-03T02:32:13.255Z,FALSE,"",16:40,FALSE
fare_DEL-BOM_AI_2026-10-18_T+45_1788404009203_tgvq,DEL-BOM,EaseMyTrip,AI,AI-881,2026-10-18,T+45,11273,2475,13748,2026-09-03T02:32:13.255Z,FALSE,"",13:35,FALSE
fare_DEL-BOM_AI_2026-10-18_T+45_1788404009203_xa3v,DEL-BOM,EaseMyTrip,AI,AI-809,2026-10-18,T+45,11463,2516,13979,2026-09-03T02:32:13.255Z,FALSE,"",17:40,FALSE
fare_DEL-BOM_AI_2026-10-18_T+45_1788404009203_9pjc,DEL-BOM,EaseMyTrip,AI,AI-817,2026-10-18,T+45,11463,2516,13979,2026-09-03T02:32:13.255Z,FALSE,"",05:55,FALSE
fare_DEL-BOM_AI_2026-10-18_T+45_1788404009203_ru40,DEL-BOM,EaseMyTrip,AI,AI-9418,2026-10-18,T+45,11604,2547,14151,2026-09-03T02:32:13.255Z,FALSE,"",13:10,FALSE
fare_DEL-BOM_AI_2026-10-18_T+45_1788404009203_s4j0,DEL-BOM,EaseMyTrip,AI,AI-1705,2026-10-18,T+45,11643,2556,14199,2026-09-03T02:32:13.255Z,FALSE,"",06:30,FALSE
fare_DEL-BOM_IX_2026-10-18_T+45_1788404009203_cazs,DEL-BOM,EaseMyTrip,IX,IX-1070,2026-10-18,T+45,12012,2637,14649,2026-09-03T02:32:13.255Z,FALSE,"",21:15,FALSE
fare_DEL-BOM_IX_2026-10-18_T+45_1788404009203_izel,DEL-BOM,EaseMyTrip,IX,IX-5975,2026-10-18,T+45,12012,2637,14649,2026-09-03T02:32:13.255Z,FALSE,"",21:00,FALSE
fare_DEL-BOM_QP_2026-10-18_T+45_1788404009203_dg91,DEL-BOM,EaseMyTrip,QP,QP-1817,2026-10-18,T+45,11679,2564,14243,2026-09-03T02:32:13.255Z,FALSE,"",10:30,FALSE
fare_DEL-BOM_AI_2026-10-18_T+45_1788404009203_tkpd,DEL-BOM,EaseMyTrip,AI,AI-2761,2026-10-18,T+45,12325,2705,15030,2026-09-03T02:32:13.255Z,FALSE,"",16:25,FALSE
fare_DEL-BOM_IX_2026-10-18_T+45_1788404009203_ikqz,DEL-BOM,EaseMyTrip,IX,IX-1068,2026-10-18,T+45,14229,3124,17353,2026-09-03T02:32:13.255Z,FALSE,"",11:55,FALSE
fare_DEL-BOM_AI_2026-10-18_T+45_1788404009203_iteh,DEL-BOM,EaseMyTrip,AI,AI-1743,2026-10-18,T+45,13285,2916,16201,2026-09-03T02:32:13.255Z,FALSE,"",06:15,FALSE
fare_DEL-BOM_AI_2026-10-18_T+45_1788404009203_majc,DEL-BOM,EaseMyTrip,AI,AI-2601,2026-10-18,T+45,13285,2916,16201,2026-09-03T02:32:13.255Z,FALSE,"",17:00,FALSE
fare_DEL-BOM_AI_2026-10-18_T+45_1788404009203_tpl7,DEL-BOM,EaseMyTrip,AI,AI-9584,2026-10-18,T+45,13537,2972,16509,2026-09-03T02:32:13.255Z,FALSE,"",11:15,FALSE
fare_DEL-BOM_AI_2026-10-18_T+45_1788404009203_wpra,DEL-BOM,EaseMyTrip,AI,AI-2515,2026-10-18,T+45,14147,3105,17252,2026-09-03T02:32:13.255Z,FALSE,"",12:10,FALSE
fare_DEL-BOM_AI_2026-10-18_T+45_1788404009203_45hz,DEL-BOM,EaseMyTrip,AI,AI-9757,2026-10-18,T+45,14191,3115,17306,2026-09-03T02:32:13.255Z,FALSE,"",11:50,FALSE
fare_DEL-BOM_QP_2026-10-18_T+45_1788404009203_551e,DEL-BOM,EaseMyTrip,QP,QP-1822,2026-10-18,T+45,14380,3156,17536,2026-09-03T02:32:13.255Z,FALSE,"",16:40,FALSE
fare_DEL-BOM_AI_2026-10-18_T+45_1788404009203_88cq,DEL-BOM,EaseMyTrip,AI,AI-2577,2026-10-18,T+45,14577,3200,17777,2026-09-03T02:32:13.255Z,FALSE,"",02:00,FALSE
fare_DEL-BOM_AI_2026-10-18_T+45_1788404009203_ieig,DEL-BOM,EaseMyTrip,AI,AI-2560,2026-10-18,T+45,14577,3200,17777,2026-09-03T02:32:13.255Z,FALSE,"",07:00,FALSE
fare_DEL-BOM_AI_2026-10-18_T+45_1788404009203_cfiu,DEL-BOM,EaseMyTrip,AI,AI-2859,2026-10-18,T+45,14854,3261,18115,2026-09-03T02:32:13.255Z,FALSE,"",10:30,FALSE
fare_DEL-BOM_AI_2026-10-18_T+45_1788404009203_y6jy,DEL-BOM,EaseMyTrip,AI,AI-1773,2026-10-18,T+45,14931,3278,18209,2026-09-03T02:32:13.255Z,FALSE,"",10:30,FALSE
fare_DEL-BOM_AI_2026-10-18_T+45_1788404009203_i488,DEL-BOM,EaseMyTrip,AI,AI-421,2026-10-18,T+45,14931,3278,18209,2026-09-03T02:32:13.255Z,FALSE,"",08:00,FALSE
fare_DEL-BOM_AI_2026-10-18_T+45_1788404009203_gl9g,DEL-BOM,EaseMyTrip,AI,AI-495,2026-10-18,T+45,14931,3278,18209,2026-09-03T02:32:13.255Z,FALSE,"",07:15,FALSE
fare_DEL-BOM_AI_2026-10-18_T+45_1788404009203_91g1,DEL-BOM,EaseMyTrip,AI,AI-1703,2026-10-18,T+45,17378,3815,21193,2026-09-03T02:32:13.255Z,TRUE,"High outlier: ₹21193 > upper fence ₹19072 (Q3: ₹11930, IQR: ₹4761)",05:10,FALSE
fare_DEL-BOM_AI_2026-10-18_T+45_1788404009203_v7pa,DEL-BOM,EaseMyTrip,AI,AI-2465,2026-10-18,T+45,18040,3960,22000,2026-09-03T02:32:13.255Z,TRUE,"High outlier: ₹22000 > upper fence ₹19072 (Q3: ₹11930, IQR: ₹4761)",14:30,FALSE
fare_DEL-BOM_AI_2026-10-18_T+45_1788404009204_z2bs,DEL-BOM,EaseMyTrip,AI,AI-2483,2026-10-18,T+45,18945,4159,23104,2026-09-03T02:32:13.255Z,TRUE,"High outlier: ₹23104 > upper fence ₹19072 (Q3: ₹11930, IQR: ₹4761)",12:20,FALSE
fare_DEL-BOM_AI_2026-10-18_T+45_1788404009204_91d6,DEL-BOM,EaseMyTrip,AI,AI-2907,2026-10-18,T+45,19268,4229,23497,2026-09-03T02:32:13.255Z,TRUE,"High outlier: ₹23497 > upper fence ₹19072 (Q3: ₹11930, IQR: ₹4761)",12:00,FALSE
fare_DEL-BOM_AI_2026-10-18_T+45_1788404009204_e32m,DEL-BOM,EaseMyTrip,AI,AI-2706,2026-10-18,T+45,19363,4250,23613,2026-09-03T02:32:13.255Z,TRUE,"High outlier: ₹23613 > upper fence ₹19072 (Q3: ₹11930, IQR: ₹4761)",14:10,FALSE
fare_DEL-BOM_AI_2026-10-18_T+45_1788404009204_3a15,DEL-BOM,EaseMyTrip,AI,AI-1739,2026-10-18,T+45,19624,4308,23932,2026-09-03T02:32:13.255Z,TRUE,"High outlier: ₹23932 > upper fence ₹19072 (Q3: ₹11930, IQR: ₹4761)",11:30,FALSE
fare_DEL-BOM_AI_2026-10-18_T+45_1788404009204_7q9f,DEL-BOM,EaseMyTrip,AI,AI-2803,2026-10-18,T+45,19764,4338,24102,2026-09-03T02:32:13.255Z,TRUE,"High outlier: ₹24102 > upper fence ₹19072 (Q3: ₹11930, IQR: ₹4761)",06:30,FALSE
fare_DEL-BOM_AI_2026-10-18_T+45_1788404009204_zufc,DEL-BOM,EaseMyTrip,AI,AI-1779,2026-10-18,T+45,19837,4354,24191,2026-09-03T02:32:13.255Z,TRUE,"High outlier: ₹24191 > upper fence ₹19072 (Q3: ₹11930, IQR: ₹4761)",13:45,FALSE
fare_DEL-BOM_AI_2026-10-18_T+45_1788404009204_1u4o,DEL-BOM,EaseMyTrip,AI,AI-2627,2026-10-18,T+45,19944,4378,24322,2026-09-03T02:32:13.255Z,TRUE,"High outlier: ₹24322 > upper fence ₹19072 (Q3: ₹11930, IQR: ₹4761)",10:45,FALSE
fare_DEL-BOM_AI_2026-10-18_T+45_1788404009204_pubv,DEL-BOM,EaseMyTrip,AI,AI-427,2026-10-18,T+45,20078,4407,24485,2026-09-03T02:32:13.255Z,TRUE,"High outlier: ₹24485 > upper fence ₹19072 (Q3: ₹11930, IQR: ₹4761)",08:30,FALSE
fare_DEL-BOM_QP_2026-10-18_T+45_1788404009204_xzro,DEL-BOM,EaseMyTrip,QP,QP-1803,2026-10-18,T+45,21397,4697,26094,2026-09-03T02:32:13.255Z,TRUE,"High outlier: ₹26094 > upper fence ₹19072 (Q3: ₹11930, IQR: ₹4761)",17:00,FALSE
fare_DEL-BOM_AI_2026-10-18_T+45_1788404009204_8tl2,DEL-BOM,EaseMyTrip,AI,AI-2817,2026-10-18,T+45,23131,5077,28208,2026-09-03T02:32:13.255Z,TRUE,"High outlier: ₹28208 > upper fence ₹19072 (Q3: ₹11930, IQR: ₹4761)",16:30,FALSE
fare_DEL-BOM_AI_2026-10-18_T+45_1788404009204_3hzm,DEL-BOM,EaseMyTrip,AI,AI-2819,2026-10-18,T+45,23360,5128,28488,2026-09-03T02:32:13.255Z,TRUE,"High outlier: ₹28488 > upper fence ₹19072 (Q3: ₹11930, IQR: ₹4761)",15:00,FALSE
fare_DEL-BOM_6E_2026-09-10_T+7_1788404009204_77pk,DEL-BOM,EaseMyTrip,6E,6E-6261,2026-09-10,T+7,4994,1096,6090,2026-09-03T02:31:53.921Z,FALSE,"",00:15,FALSE
fare_DEL-BOM_6E_2026-09-10_T+7_1788404009204_088k,DEL-BOM,EaseMyTrip,6E,6E-5119,2026-09-10,T+7,4994,1096,6090,2026-09-03T02:31:53.921Z,FALSE,"",05:10,FALSE
fare_DEL-BOM_6E_2026-09-10_T+7_1788404009204_ynh0,DEL-BOM,EaseMyTrip,6E,6E-2013,2026-09-10,T+7,4994,1096,6090,2026-09-03T02:31:53.921Z,FALSE,"",21:50,FALSE
fare_DEL-BOM_6E_2026-09-10_T+7_1788404009204_43yb,DEL-BOM,EaseMyTrip,6E,6E-6190,2026-09-10,T+7,4998,1097,6095,2026-09-03T02:31:53.921Z,FALSE,"",07:40,FALSE
fare_DEL-BOM_IX_2026-09-10_T+7_1788404009204_urmv,DEL-BOM,EaseMyTrip,IX,IX-1165,2026-09-10,T+7,5354,1175,6529,2026-09-03T02:31:53.921Z,FALSE,"",05:45,FALSE
fare_DEL-BOM_IX_2026-09-10_T+7_1788404009204_k4oc,DEL-BOM,EaseMyTrip,IX,IX-1235,2026-09-10,T+7,5354,1175,6529,2026-09-03T02:31:53.921Z,FALSE,"",23:25,TRUE
fare_DEL-BOM_IX_2026-09-10_T+7_1788404009204_3eha,DEL-BOM,EaseMyTrip,IX,IX-1056,2026-09-10,T+7,5354,1175,6529,2026-09-03T02:31:53.921Z,FALSE,"",05:35,TRUE
fare_DEL-BOM_IX_2026-09-10_T+7_1788404009204_3kzf,DEL-BOM,EaseMyTrip,IX,IX-1080,2026-09-10,T+7,5354,1175,6529,2026-09-03T02:31:53.921Z,FALSE,"",18:40,TRUE
fare_DEL-BOM_6E_2026-09-10_T+7_1788404009204_uqk4,DEL-BOM,EaseMyTrip,6E,6E-2249,2026-09-10,T+7,5102,1120,6222,2026-09-03T02:31:53.921Z,FALSE,"",15:00,FALSE
fare_DEL-BOM_6E_2026-09-10_T+7_1788404009204_8v4y,DEL-BOM,EaseMyTrip,6E,6E-6829,2026-09-10,T+7,5102,1120,6222,2026-09-03T02:31:53.921Z,FALSE,"",17:20,FALSE
fare_DEL-BOM_6E_2026-09-10_T+7_1788404009204_k3i9,DEL-BOM,EaseMyTrip,6E,6E-6443,2026-09-10,T+7,5102,1120,6222,2026-09-03T02:31:53.921Z,FALSE,"",09:00,FALSE
fare_DEL-BOM_6E_2026-09-10_T+7_1788404009204_8rsu,DEL-BOM,EaseMyTrip,6E,6E-6433,2026-09-10,T+7,5102,1120,6222,2026-09-03T02:31:53.921Z,FALSE,"",16:30,FALSE
fare_DEL-BOM_6E_2026-09-10_T+7_1788404009204_h8vq,DEL-BOM,EaseMyTrip,6E,6E-5138,2026-09-10,T+7,5102,1120,6222,2026-09-03T02:31:53.921Z,FALSE,"",19:10,FALSE
fare_DEL-BOM_6E_2026-09-10_T+7_1788404009204_1fzq,DEL-BOM,EaseMyTrip,6E,6E-6459,2026-09-10,T+7,5102,1120,6222,2026-09-03T02:31:53.921Z,FALSE,"",05:55,FALSE
fare_DEL-BOM_6E_2026-09-10_T+7_1788404009204_gvni,DEL-BOM,EaseMyTrip,6E,6E-6490,2026-09-10,T+7,5105,1121,6226,2026-09-03T02:31:53.921Z,FALSE,"",04:55,FALSE
fare_DEL-BOM_6E_2026-09-10_T+7_1788404009204_s3i2,DEL-BOM,EaseMyTrip,6E,6E-5298,2026-09-10,T+7,5166,1134,6300,2026-09-03T02:31:53.921Z,FALSE,"",09:00,FALSE
fare_DEL-BOM_6E_2026-09-10_T+7_1788404009204_dob2,DEL-BOM,EaseMyTrip,6E,6E-5206,2026-09-10,T+7,5166,1134,6300,2026-09-03T02:31:53.921Z,FALSE,"",13:20,FALSE
fare_DEL-BOM_SG_2026-09-10_T+7_1788404009204_8x0e,DEL-BOM,EaseMyTrip,SG,SG-189,2026-09-10,T+7,5525,1213,6738,2026-09-03T02:31:53.921Z,FALSE,"",22:30,TRUE
fare_DEL-BOM_SG_2026-09-10_T+7_1788404009204_a4gm,DEL-BOM,EaseMyTrip,SG,SG-460,2026-09-10,T+7,5525,1213,6738,2026-09-03T02:31:53.921Z,FALSE,"",22:30,TRUE
fare_DEL-BOM_IX_2026-09-10_T+7_1788404009204_6yqo,DEL-BOM,EaseMyTrip,IX,IX-1038,2026-09-10,T+7,5526,1213,6739,2026-09-03T02:31:53.921Z,FALSE,"",17:35,TRUE
fare_DEL-BOM_6E_2026-09-10_T+7_1788404009204_m07y,DEL-BOM,EaseMyTrip,6E,6E-397,2026-09-10,T+7,5274,1158,6432,2026-09-03T02:31:53.921Z,FALSE,"",02:25,FALSE
fare_DEL-BOM_6E_2026-09-10_T+7_1788404009204_l5dh,DEL-BOM,EaseMyTrip,6E,6E-144,2026-09-10,T+7,5274,1158,6432,2026-09-03T02:31:53.921Z,FALSE,"",02:25,FALSE
fare_DEL-BOM_6E_2026-09-10_T+7_1788404009204_gvs3,DEL-BOM,EaseMyTrip,6E,6E-238,2026-09-10,T+7,5274,1158,6432,2026-09-03T02:31:53.921Z,FALSE,"",23:15,FALSE
fare_DEL-BOM_6E_2026-09-10_T+7_1788404009204_9vzu,DEL-BOM,EaseMyTrip,6E,6E-150,2026-09-10,T+7,5274,1158,6432,2026-09-03T02:31:53.921Z,FALSE,"",23:15,FALSE
fare_DEL-BOM_6E_2026-09-10_T+7_1788404009204_2v6c,DEL-BOM,EaseMyTrip,6E,6E-6497,2026-09-10,T+7,5274,1158,6432,2026-09-03T02:31:53.921Z,FALSE,"",18:40,FALSE
fare_DEL-BOM_6E_2026-09-10_T+7_1788404009204_tzz8,DEL-BOM,EaseMyTrip,6E,6E-946,2026-09-10,T+7,5338,1172,6510,2026-09-03T02:31:53.921Z,FALSE,"",19:30,FALSE
fare_DEL-BOM_6E_2026-09-10_T+7_1788404009204_y2pm,DEL-BOM,EaseMyTrip,6E,6E-566,2026-09-10,T+7,5338,1172,6510,2026-09-03T02:31:53.921Z,FALSE,"",19:30,FALSE
fare_DEL-BOM_QP_2026-09-10_T+7_1788404009204_nbwn,DEL-BOM,EaseMyTrip,QP,QP-1119,2026-09-10,T+7,5355,1175,6530,2026-09-03T02:31:53.921Z,FALSE,"",08:40,TRUE
fare_DEL-BOM_QP_2026-09-10_T+7_1788404009204_as15,DEL-BOM,EaseMyTrip,QP,QP-1110,2026-09-10,T+7,5355,1175,6530,2026-09-03T02:31:53.921Z,FALSE,"",10:30,TRUE
fare_DEL-BOM_QP_2026-09-10_T+7_1788404009204_ffb4,DEL-BOM,EaseMyTrip,QP,QP-1820,2026-09-10,T+7,5355,1175,6530,2026-09-03T02:31:53.921Z,FALSE,"",17:30,TRUE
fare_DEL-BOM_QP_2026-09-10_T+7_1788404009204_dejn,DEL-BOM,EaseMyTrip,QP,QP-1833,2026-09-10,T+7,5355,1175,6530,2026-09-03T02:31:53.921Z,FALSE,"",06:50,TRUE
fare_DEL-BOM_QP_2026-09-10_T+7_1788404009204_ztec,DEL-BOM,EaseMyTrip,QP,QP-1112,2026-09-10,T+7,5355,1175,6530,2026-09-03T02:31:53.921Z,FALSE,"",09:20,TRUE
fare_DEL-BOM_QP_2026-09-10_T+7_1788404009204_lm8g,DEL-BOM,EaseMyTrip,QP,QP-1128,2026-09-10,T+7,5355,1175,6530,2026-09-03T02:31:53.921Z,FALSE,"",16:00,TRUE
fare_DEL-BOM_QP_2026-09-10_T+7_1788404009204_wa1e,DEL-BOM,EaseMyTrip,QP,QP-1836,2026-09-10,T+7,5355,1175,6530,2026-09-03T02:31:53.921Z,FALSE,"",12:30,TRUE
fare_DEL-BOM_6E_2026-09-10_T+7_1788404009204_w09w,DEL-BOM,EaseMyTrip,6E,6E-813,2026-09-10,T+7,5355,1175,6530,2026-09-03T02:31:53.921Z,FALSE,"",05:00,TRUE
fare_DEL-BOM_6E_2026-09-10_T+7_1788404009204_82sl,DEL-BOM,EaseMyTrip,6E,6E-539,2026-09-10,T+7,5355,1175,6530,2026-09-03T02:31:53.921Z,FALSE,"",05:00,TRUE
fare_DEL-BOM_6E_2026-09-10_T+7_1788404009204_5r6p,DEL-BOM,EaseMyTrip,6E,6E-635,2026-09-10,T+7,5355,1175,6530,2026-09-03T02:31:53.921Z,FALSE,"",23:30,TRUE
fare_DEL-BOM_6E_2026-09-10_T+7_1788404009204_ap57,DEL-BOM,EaseMyTrip,6E,6E-495,2026-09-10,T+7,5355,1175,6530,2026-09-03T02:31:53.921Z,FALSE,"",23:30,TRUE
fare_DEL-BOM_6E_2026-09-10_T+7_1788404009204_fg0v,DEL-BOM,EaseMyTrip,6E,6E-6114,2026-09-10,T+7,5355,1175,6530,2026-09-03T02:31:53.921Z,FALSE,"",22:45,TRUE
fare_DEL-BOM_6E_2026-09-10_T+7_1788404009204_8ltu,DEL-BOM,EaseMyTrip,6E,6E-6706,2026-09-10,T+7,5355,1175,6530,2026-09-03T02:31:53.921Z,FALSE,"",17:00,TRUE
fare_DEL-BOM_6E_2026-09-10_T+7_1788404009204_7c5i,DEL-BOM,EaseMyTrip,6E,6E-878,2026-09-10,T+7,5355,1175,6530,2026-09-03T02:31:53.921Z,FALSE,"",16:15,TRUE
fare_DEL-BOM_6E_2026-09-10_T+7_1788404009204_4nr0,DEL-BOM,EaseMyTrip,6E,6E-730,2026-09-10,T+7,5355,1175,6530,2026-09-03T02:31:53.921Z,FALSE,"",16:15,TRUE
fare_DEL-BOM_6E_2026-09-10_T+7_1788404009204_yjip,DEL-BOM,EaseMyTrip,6E,6E-832,2026-09-10,T+7,5355,1175,6530,2026-09-03T02:31:53.921Z,FALSE,"",15:30,TRUE
fare_DEL-BOM_6E_2026-09-10_T+7_1788404009204_ka9s,DEL-BOM,EaseMyTrip,6E,6E-957,2026-09-10,T+7,5355,1175,6530,2026-09-03T02:31:53.921Z,FALSE,"",15:30,TRUE
fare_DEL-BOM_6E_2026-09-10_T+7_1788404009204_irtr,DEL-BOM,EaseMyTrip,6E,6E-6022,2026-09-10,T+7,5355,1175,6530,2026-09-03T02:31:53.921Z,FALSE,"",14:00,TRUE
fare_DEL-BOM_6E_2026-09-10_T+7_1788404009204_vv7f,DEL-BOM,EaseMyTrip,6E,6E-6318,2026-09-10,T+7,5355,1175,6530,2026-09-03T02:31:53.921Z,FALSE,"",14:45,TRUE
fare_DEL-BOM_6E_2026-09-10_T+7_1788404009204_hwbb,DEL-BOM,EaseMyTrip,6E,6E-120,2026-09-10,T+7,5355,1175,6530,2026-09-03T02:31:53.921Z,FALSE,"",08:45,TRUE
fare_DEL-BOM_6E_2026-09-10_T+7_1788404009204_4r64,DEL-BOM,EaseMyTrip,6E,6E-229,2026-09-10,T+7,5355,1175,6530,2026-09-03T02:31:53.921Z,FALSE,"",08:45,TRUE
fare_DEL-BOM_6E_2026-09-10_T+7_1788404009204_fyo3,DEL-BOM,EaseMyTrip,6E,6E-6328,2026-09-10,T+7,5355,1175,6530,2026-09-03T02:31:53.921Z,FALSE,"",10:15,TRUE
fare_DEL-BOM_6E_2026-09-10_T+7_1788404009204_73w4,DEL-BOM,EaseMyTrip,6E,6E-6047,2026-09-10,T+7,5355,1175,6530,2026-09-03T02:31:53.921Z,FALSE,"",11:00,TRUE
fare_DEL-BOM_6E_2026-09-10_T+7_1788404009204_9lep,DEL-BOM,EaseMyTrip,6E,6E-6676,2026-09-10,T+7,5355,1175,6530,2026-09-03T02:31:53.921Z,FALSE,"",12:00,TRUE
fare_DEL-BOM_6E_2026-09-10_T+7_1788404009204_5uny,DEL-BOM,EaseMyTrip,6E,6E-858,2026-09-10,T+7,5355,1175,6530,2026-09-03T02:31:53.921Z,FALSE,"",13:00,TRUE
fare_DEL-BOM_6E_2026-09-10_T+7_1788404009204_q8mj,DEL-BOM,EaseMyTrip,6E,6E-868,2026-09-10,T+7,5355,1175,6530,2026-09-03T02:31:53.921Z,FALSE,"",13:00,TRUE
fare_DEL-BOM_6E_2026-09-10_T+7_1788404009204_4k2o,DEL-BOM,EaseMyTrip,6E,6E-6107,2026-09-10,T+7,5355,1175,6530,2026-09-03T02:31:53.921Z,FALSE,"",09:30,TRUE
fare_DEL-BOM_6E_2026-09-10_T+7_1788404009204_tk2w,DEL-BOM,EaseMyTrip,6E,6E-2076,2026-09-10,T+7,5381,1181,6562,2026-09-03T02:31:53.921Z,FALSE,"",07:30,FALSE
fare_DEL-BOM_6E_2026-09-10_T+7_1788404009204_b6go,DEL-BOM,EaseMyTrip,6E,6E-6983,2026-09-10,T+7,5381,1181,6562,2026-09-03T02:31:53.921Z,FALSE,"",15:35,FALSE
fare_DEL-BOM_6E_2026-09-10_T+7_1788404009204_0h2c,DEL-BOM,EaseMyTrip,6E,6E-2331,2026-09-10,T+7,5381,1181,6562,2026-09-03T02:31:53.921Z,FALSE,"",12:20,FALSE
fare_DEL-BOM_QP_2026-09-10_T+7_1788404009204_7db7,DEL-BOM,EaseMyTrip,QP,QP-1940,2026-09-10,T+7,5427,1191,6618,2026-09-03T02:31:53.921Z,FALSE,"",14:05,TRUE
fare_DEL-BOM_6E_2026-09-10_T+7_1788404009204_3k17,DEL-BOM,EaseMyTrip,6E,6E-5198,2026-09-10,T+7,5427,1191,6618,2026-09-03T02:31:53.921Z,FALSE,"",15:00,TRUE
fare_DEL-BOM_6E_2026-09-10_T+7_1788404009204_z43l,DEL-BOM,EaseMyTrip,6E,6E-6218,2026-09-10,T+7,5484,1204,6688,2026-09-03T02:31:53.921Z,FALSE,"",06:05,TRUE
fare_DEL-BOM_6E_2026-09-10_T+7_1788404009204_qdy9,DEL-BOM,EaseMyTrip,6E,6E-6470,2026-09-10,T+7,5526,1213,6739,2026-09-03T02:31:53.921Z,FALSE,"",06:55,TRUE
fare_DEL-BOM_6E_2026-09-10_T+7_1788404009204_8c1d,DEL-BOM,EaseMyTrip,6E,6E-6479,2026-09-10,T+7,5553,1219,6772,2026-09-03T02:31:53.921Z,FALSE,"",21:25,FALSE
fare_DEL-BOM_6E_2026-09-10_T+7_1788404009204_wker,DEL-BOM,EaseMyTrip,6E,6E-6050,2026-09-10,T+7,5553,1219,6772,2026-09-03T02:31:53.921Z,FALSE,"",08:15,FALSE
fare_DEL-BOM_AI_2026-09-10_T+7_1788404009204_7jgc,DEL-BOM,EaseMyTrip,AI,AI-2678,2026-09-10,T+7,5740,1260,7000,2026-09-03T02:31:53.921Z,FALSE,"",08:30,TRUE
fare_DEL-BOM_AI_2026-09-10_T+7_1788404009204_hpbg,DEL-BOM,EaseMyTrip,AI,AI-2963,2026-09-10,T+7,5740,1260,7000,2026-09-03T02:31:53.921Z,FALSE,"",09:00,TRUE
fare_DEL-BOM_AI_2026-09-10_T+7_1788404009204_p9a0,DEL-BOM,EaseMyTrip,AI,AI-1745,2026-09-10,T+7,5740,1260,7000,2026-09-03T02:31:53.921Z,FALSE,"",05:00,TRUE
fare_DEL-BOM_AI_2026-09-10_T+7_1788404009204_ul07,DEL-BOM,EaseMyTrip,AI,AI-2941,2026-09-10,T+7,5740,1260,7000,2026-09-03T02:31:53.921Z,FALSE,"",16:30,TRUE
fare_DEL-BOM_AI_2026-09-10_T+7_1788404009204_55ut,DEL-BOM,EaseMyTrip,AI,AI-2995,2026-09-10,T+7,5740,1260,7000,2026-09-03T02:31:53.921Z,FALSE,"",10:00,TRUE
fare_DEL-BOM_AI_2026-09-10_T+7_1788404009204_fhci,DEL-BOM,EaseMyTrip,AI,AI-1785,2026-09-10,T+7,5740,1260,7000,2026-09-03T02:31:53.921Z,FALSE,"",12:00,TRUE
fare_DEL-BOM_AI_2026-09-10_T+7_1788404009204_vxje,DEL-BOM,EaseMyTrip,AI,AI-1777,2026-09-10,T+7,5740,1260,7000,2026-09-03T02:31:53.921Z,FALSE,"",16:00,TRUE
fare_DEL-BOM_AI_2026-09-10_T+7_1788404009204_tw2t,DEL-BOM,EaseMyTrip,AI,AI-441,2026-09-10,T+7,5740,1260,7000,2026-09-03T02:31:53.921Z,FALSE,"",17:00,TRUE
fare_DEL-BOM_AI_2026-09-10_T+7_1788404009204_f1rd,DEL-BOM,EaseMyTrip,AI,AI-2439,2026-09-10,T+7,5740,1260,7000,2026-09-03T02:31:53.921Z,FALSE,"",23:00,TRUE
fare_DEL-BOM_AI_2026-09-10_T+7_1788404009204_wm1j,DEL-BOM,EaseMyTrip,AI,AI-2927,2026-09-10,T+7,5740,1260,7000,2026-09-03T02:31:53.921Z,FALSE,"",09:30,TRUE
fare_DEL-BOM_AI_2026-09-10_T+7_1788404009204_5k51,DEL-BOM,EaseMyTrip,AI,AI-1780,2026-09-10,T+7,5740,1260,7000,2026-09-03T02:31:53.921Z,FALSE,"",16:10,TRUE
fare_DEL-BOM_QP_2026-09-10_T+7_1788404009204_g5a5,DEL-BOM,EaseMyTrip,QP,QP-1826,2026-09-10,T+7,5652,1241,6893,2026-09-03T02:31:53.921Z,FALSE,"",19:55,TRUE
fare_DEL-BOM_6E_2026-09-10_T+7_1788404009204_70gq,DEL-BOM,EaseMyTrip,6E,6E-213,2026-09-10,T+7,5656,1242,6898,2026-09-03T02:31:53.921Z,FALSE,"",21:45,TRUE
fare_DEL-BOM_6E_2026-09-10_T+7_1788404009204_6tg0,DEL-BOM,EaseMyTrip,6E,6E-174,2026-09-10,T+7,5656,1242,6898,2026-09-03T02:31:53.921Z,FALSE,"",21:45,TRUE
fare_DEL-BOM_6E_2026-09-10_T+7_1788404009204_pcvt,DEL-BOM,EaseMyTrip,6E,6E-663,2026-09-10,T+7,5656,1242,6898,2026-09-03T02:31:53.921Z,FALSE,"",20:00,TRUE
fare_DEL-BOM_6E_2026-09-10_T+7_1788404009204_yf6h,DEL-BOM,EaseMyTrip,6E,6E-964,2026-09-10,T+7,5656,1242,6898,2026-09-03T02:31:53.921Z,FALSE,"",20:00,TRUE
fare_DEL-BOM_6E_2026-09-10_T+7_1788404009204_7h7f,DEL-BOM,EaseMyTrip,6E,6E-782,2026-09-10,T+7,5656,1242,6898,2026-09-03T02:31:53.921Z,FALSE,"",19:00,TRUE
fare_DEL-BOM_6E_2026-09-10_T+7_1788404009204_99hi,DEL-BOM,EaseMyTrip,6E,6E-187,2026-09-10,T+7,5656,1242,6898,2026-09-03T02:31:53.921Z,FALSE,"",19:00,TRUE
fare_DEL-BOM_6E_2026-09-10_T+7_1788404009204_6x5q,DEL-BOM,EaseMyTrip,6E,6E-695,2026-09-10,T+7,5656,1242,6898,2026-09-03T02:31:53.921Z,FALSE,"",18:00,TRUE
fare_DEL-BOM_6E_2026-09-10_T+7_1788404009204_qemb,DEL-BOM,EaseMyTrip,6E,6E-383,2026-09-10,T+7,5656,1242,6898,2026-09-03T02:31:53.921Z,FALSE,"",20:45,TRUE
fare_DEL-BOM_6E_2026-09-10_T+7_1788404009204_nixy,DEL-BOM,EaseMyTrip,6E,6E-669,2026-09-10,T+7,5656,1242,6898,2026-09-03T02:31:53.921Z,FALSE,"",20:45,TRUE
fare_DEL-BOM_6E_2026-09-10_T+7_1788404009204_4lii,DEL-BOM,EaseMyTrip,6E,6E-463,2026-09-10,T+7,5656,1242,6898,2026-09-03T02:31:53.921Z,FALSE,"",08:00,TRUE
fare_DEL-BOM_6E_2026-09-10_T+7_1788404009204_pb6x,DEL-BOM,EaseMyTrip,6E,6E-901,2026-09-10,T+7,5656,1242,6898,2026-09-03T02:31:53.921Z,FALSE,"",08:00,TRUE
fare_DEL-BOM_6E_2026-09-10_T+7_1788404009204_y5hk,DEL-BOM,EaseMyTrip,6E,6E-6814,2026-09-10,T+7,5656,1242,6898,2026-09-03T02:31:53.921Z,FALSE,"",07:15,TRUE
fare_DEL-BOM_6E_2026-09-10_T+7_1788404009204_2t64,DEL-BOM,EaseMyTrip,6E,6E-6282,2026-09-10,T+7,5660,1243,6903,2026-09-03T02:31:53.921Z,FALSE,"",13:30,FALSE
fare_DEL-BOM_6E_2026-09-10_T+7_1788404009204_df6d,DEL-BOM,EaseMyTrip,6E,6E-345,2026-09-10,T+7,5698,1251,6949,2026-09-03T02:31:53.921Z,FALSE,"",20:20,TRUE
fare_DEL-BOM_6E_2026-09-10_T+7_1788404009204_bhsu,DEL-BOM,EaseMyTrip,6E,6E-525,2026-09-10,T+7,5698,1251,6949,2026-09-03T02:31:53.921Z,FALSE,"",20:20,TRUE
fare_DEL-BOM_AI_2026-09-10_T+7_1788404009204_lh07,DEL-BOM,EaseMyTrip,AI,AI-2975,2026-09-10,T+7,5870,1289,7159,2026-09-03T02:31:53.921Z,FALSE,"",06:30,TRUE
fare_DEL-BOM_AI_2026-09-10_T+7_1788404009204_0nfx,DEL-BOM,EaseMyTrip,AI,AI-2951,2026-09-10,T+7,6043,1326,7369,2026-09-03T02:31:53.921Z,FALSE,"",13:30,TRUE
fare_DEL-BOM_AI_2026-09-10_T+7_1788404009204_dizu,DEL-BOM,EaseMyTrip,AI,AI-887,2026-09-10,T+7,6043,1326,7369,2026-09-03T02:31:53.921Z,FALSE,"",21:00,TRUE
fare_DEL-BOM_AI_2026-09-10_T+7_1788404009204_cydf,DEL-BOM,EaseMyTrip,AI,AI-2981,2026-09-10,T+7,6043,1326,7369,2026-09-03T02:31:53.921Z,FALSE,"",21:00,TRUE
fare_DEL-BOM_AI_2026-09-10_T+7_1788404009204_18u6,DEL-BOM,EaseMyTrip,AI,AI-2429,2026-09-10,T+7,6043,1326,7369,2026-09-03T02:31:53.921Z,FALSE,"",07:00,TRUE
fare_DEL-BOM_AI_2026-09-10_T+7_1788404009204_x0ou,DEL-BOM,EaseMyTrip,AI,AI-2943,2026-09-10,T+7,6043,1326,7369,2026-09-03T02:31:53.921Z,FALSE,"",07:30,TRUE
fare_DEL-BOM_AI_2026-09-10_T+7_1788404009204_tqpz,DEL-BOM,EaseMyTrip,AI,AI-2945,2026-09-10,T+7,6043,1326,7369,2026-09-03T02:31:53.921Z,FALSE,"",11:00,TRUE
fare_DEL-BOM_AI_2026-09-10_T+7_1788404009204_41l1,DEL-BOM,EaseMyTrip,AI,AI-2933,2026-09-10,T+7,6043,1326,7369,2026-09-03T02:31:53.921Z,FALSE,"",15:30,TRUE
fare_DEL-BOM_6E_2026-09-10_T+7_1788404009204_ud93,DEL-BOM,EaseMyTrip,6E,6E-5038,2026-09-10,T+7,5978,1312,7290,2026-09-03T02:31:53.921Z,FALSE,"",14:00,FALSE
fare_DEL-BOM_AI_2026-09-10_T+7_1788404009204_5m3p,DEL-BOM,EaseMyTrip,AI,AI-2433,2026-09-10,T+7,6193,1360,7553,2026-09-03T02:31:53.921Z,FALSE,"",21:30,TRUE
fare_DEL-BOM_AI_2026-09-10_T+7_1788404009204_z4v4,DEL-BOM,EaseMyTrip,AI,AI-2985,2026-09-10,T+7,6257,1373,7630,2026-09-03T02:31:53.921Z,FALSE,"",19:30,TRUE
fare_DEL-BOM_AI_2026-09-10_T+7_1788404009204_lrbk,DEL-BOM,EaseMyTrip,AI,AI-2957,2026-09-10,T+7,6257,1373,7630,2026-09-03T02:31:53.921Z,FALSE,"",20:30,TRUE
fare_DEL-BOM_6E_2026-09-10_T+7_1788404009204_1pna,DEL-BOM,EaseMyTrip,6E,6E-7646,2026-09-10,T+7,6120,1343,7463,2026-09-03T02:31:53.921Z,FALSE,"",06:15,FALSE
fare_DEL-BOM_6E_2026-09-10_T+7_1788404009204_ms2j,DEL-BOM,EaseMyTrip,6E,6E-7642,2026-09-10,T+7,6155,1351,7506,2026-09-03T02:31:53.921Z,FALSE,"",15:45,FALSE
fare_DEL-BOM_AI_2026-09-10_T+7_1788404009204_2ag4,DEL-BOM,EaseMyTrip,AI,AI-2955,2026-09-10,T+7,6395,1404,7799,2026-09-03T02:31:53.921Z,FALSE,"",18:00,TRUE
fare_DEL-BOM_AI_2026-09-10_T+7_1788404009204_fvu6,DEL-BOM,EaseMyTrip,AI,AI-2805,2026-09-10,T+7,6467,1419,7886,2026-09-03T02:31:53.921Z,FALSE,"",20:00,TRUE
fare_DEL-BOM_AI_2026-09-10_T+7_1788404009204_o8ut,DEL-BOM,EaseMyTrip,AI,AI-2977,2026-09-10,T+7,6519,1431,7950,2026-09-03T02:31:53.921Z,FALSE,"",19:00,TRUE
fare_DEL-BOM_6E_2026-09-10_T+7_1788404009204_anlo,DEL-BOM,EaseMyTrip,6E,6E-2169,2026-09-10,T+7,6380,1401,7781,2026-09-03T02:31:53.921Z,FALSE,"",19:40,FALSE
fare_DEL-BOM_6E_2026-09-10_T+7_1788404009204_kqqk,DEL-BOM,EaseMyTrip,6E,6E-177,2026-09-10,T+7,6445,1415,7860,2026-09-03T02:31:53.921Z,FALSE,"",16:10,FALSE
fare_DEL-BOM_6E_2026-09-10_T+7_1788404009204_67hs,DEL-BOM,EaseMyTrip,6E,6E-717,2026-09-10,T+7,6445,1415,7860,2026-09-03T02:31:53.921Z,FALSE,"",16:10,FALSE
fare_DEL-BOM_6E_2026-09-10_T+7_1788404009204_13pd,DEL-BOM,EaseMyTrip,6E,6E-6293,2026-09-10,T+7,7067,1551,8618,2026-09-03T02:31:53.921Z,FALSE,"",09:55,FALSE
fare_DEL-BOM_6E_2026-09-10_T+7_1788404009204_ylxk,DEL-BOM,EaseMyTrip,6E,6E-6171,2026-09-10,T+7,7350,1614,8964,2026-09-03T02:31:53.921Z,FALSE,"",05:40,FALSE
fare_DEL-BOM_IX_2026-09-10_T+7_1788404009204_wk1n,DEL-BOM,EaseMyTrip,IX,IX-1049,2026-09-10,T+7,8142,1787,9929,2026-09-03T02:31:53.921Z,FALSE,"",18:40,FALSE
fare_DEL-BOM_6E_2026-09-10_T+7_1788404009204_3mld,DEL-BOM,EaseMyTrip,6E,6E-2349,2026-09-10,T+7,7637,1677,9314,2026-09-03T02:31:53.921Z,FALSE,"",10:55,FALSE
fare_DEL-BOM_AI_2026-09-10_T+7_1788404009204_4q9d,DEL-BOM,EaseMyTrip,AI,AI-2509,2026-09-10,T+7,7847,1722,9569,2026-09-03T02:31:53.921Z,FALSE,"",06:55,FALSE
fare_DEL-BOM_6E_2026-09-10_T+7_1788404009204_ulel,DEL-BOM,EaseMyTrip,6E,6E-2496,2026-09-10,T+7,7888,1732,9620,2026-09-03T02:31:53.921Z,FALSE,"",12:40,FALSE
fare_DEL-BOM_AI_2026-09-10_T+7_1788404009204_h7i1,DEL-BOM,EaseMyTrip,AI,AI-2499,2026-09-10,T+7,8129,1785,9914,2026-09-03T02:31:53.921Z,FALSE,"",05:55,FALSE
fare_DEL-BOM_AI_2026-09-10_T+7_1788404009204_xmxz,DEL-BOM,EaseMyTrip,AI,AI-2569,2026-09-10,T+7,8129,1785,9914,2026-09-03T02:31:53.921Z,FALSE,"",20:25,FALSE
fare_DEL-BOM_AI_2026-09-10_T+7_1788404009204_x03n,DEL-BOM,EaseMyTrip,AI,AI-1717,2026-09-10,T+7,8129,1785,9914,2026-09-03T02:31:53.921Z,FALSE,"",14:20,FALSE
fare_DEL-BOM_6E_2026-09-10_T+7_1788404009204_9rz5,DEL-BOM,EaseMyTrip,6E,6E-952,2026-09-10,T+7,7995,1755,9750,2026-09-03T02:31:53.921Z,FALSE,"",19:35,FALSE
fare_DEL-BOM_6E_2026-09-10_T+7_1788404009204_su5h,DEL-BOM,EaseMyTrip,6E,6E-227,2026-09-10,T+7,7995,1755,9750,2026-09-03T02:31:53.921Z,FALSE,"",19:35,FALSE
fare_DEL-BOM_AI_2026-09-10_T+7_1788404009204_4dq8,DEL-BOM,EaseMyTrip,AI,AI-1710,2026-09-10,T+7,8646,1898,10544,2026-09-03T02:31:53.921Z,FALSE,"",18:35,FALSE
fare_DEL-BOM_AI_2026-09-10_T+7_1788404009204_ynij,DEL-BOM,EaseMyTrip,AI,AI-9920,2026-09-10,T+7,8718,1914,10632,2026-09-03T02:31:53.921Z,FALSE,"",10:50,FALSE
fare_DEL-BOM_AI_2026-09-10_T+7_1788404009204_w1xd,DEL-BOM,EaseMyTrip,AI,AI-1705,2026-09-10,T+7,8895,1952,10847,2026-09-03T02:31:53.921Z,FALSE,"",06:30,FALSE
fare_DEL-BOM_6E_2026-09-10_T+7_1788404009204_3loh,DEL-BOM,EaseMyTrip,6E,6E-5073,2026-09-10,T+7,8744,1919,10663,2026-09-03T02:31:53.921Z,FALSE,"",17:05,FALSE
fare_DEL-BOM_6E_2026-09-10_T+7_1788404009204_dq7s,DEL-BOM,EaseMyTrip,6E,6E-188,2026-09-10,T+7,8999,1975,10974,2026-09-03T02:31:53.921Z,FALSE,"",12:15,FALSE
fare_DEL-BOM_6E_2026-09-10_T+7_1788404009204_ujke,DEL-BOM,EaseMyTrip,6E,6E-257,2026-09-10,T+7,8999,1975,10974,2026-09-03T02:31:53.921Z,FALSE,"",12:15,FALSE
fare_DEL-BOM_AI_2026-09-10_T+7_1788404009204_ehte,DEL-BOM,EaseMyTrip,AI,AI-9757,2026-09-10,T+7,9551,2097,11648,2026-09-03T02:31:53.921Z,FALSE,"",11:50,FALSE
fare_DEL-BOM_6E_2026-09-10_T+7_1788404009204_kvy6,DEL-BOM,EaseMyTrip,6E,6E-379,2026-09-10,T+7,9420,2068,11488,2026-09-03T02:31:53.921Z,FALSE,"",10:00,FALSE
fare_DEL-BOM_6E_2026-09-10_T+7_1788404009204_t1z4,DEL-BOM,EaseMyTrip,6E,6E-218,2026-09-10,T+7,9420,2068,11488,2026-09-03T02:31:53.921Z,FALSE,"",10:00,FALSE
fare_DEL-BOM_6E_2026-09-10_T+7_1788404009204_dxyv,DEL-BOM,EaseMyTrip,6E,6E-2341,2026-09-10,T+7,10348,2272,12620,2026-09-03T02:31:53.921Z,FALSE,"",14:50,FALSE
fare_DEL-BOM_6E_2026-09-10_T+7_1788404009204_37jz,DEL-BOM,EaseMyTrip,6E,6E-6601,2026-09-10,T+7,10508,2307,12815,2026-09-03T02:31:53.921Z,FALSE,"",19:45,FALSE
fare_DEL-BOM_AI_2026-09-10_T+7_1788404009204_y0l9,DEL-BOM,EaseMyTrip,AI,AI-2715,2026-09-10,T+7,11186,2455,13641,2026-09-03T02:31:53.921Z,FALSE,"",11:40,FALSE
fare_DEL-BOM_AI_2026-09-10_T+7_1788404009204_6ahd,DEL-BOM,EaseMyTrip,AI,AI-2909,2026-09-10,T+7,11186,2455,13641,2026-09-03T02:31:53.921Z,FALSE,"",22:30,FALSE
fare_DEL-BOM_AI_2026-09-10_T+7_1788404009204_w6sd,DEL-BOM,EaseMyTrip,AI,AI-2545,2026-09-10,T+7,11186,2455,13641,2026-09-03T02:31:53.921Z,FALSE,"",20:30,FALSE
fare_DEL-BOM_AI_2026-09-10_T+7_1788404009204_4k1p,DEL-BOM,EaseMyTrip,AI,AI-531,2026-09-10,T+7,11186,2455,13641,2026-09-03T02:31:53.921Z,FALSE,"",19:20,FALSE
fare_DEL-BOM_AI_2026-09-10_T+7_1788404009204_l71m,DEL-BOM,EaseMyTrip,AI,AI-809,2026-09-10,T+7,11186,2455,13641,2026-09-03T02:31:53.921Z,FALSE,"",17:40,FALSE
fare_DEL-BOM_AI_2026-09-10_T+7_1788404009204_pcbq,DEL-BOM,EaseMyTrip,AI,AI-2939,2026-09-10,T+7,11273,2475,13748,2026-09-03T02:31:53.921Z,FALSE,"",16:40,FALSE
fare_DEL-BOM_IX_2026-09-10_T+7_1788404009204_nspn,DEL-BOM,EaseMyTrip,IX,IX-5975,2026-09-10,T+7,11595,2545,14140,2026-09-03T02:31:53.921Z,FALSE,"",21:00,FALSE
fare_DEL-BOM_IX_2026-09-10_T+7_1788404009204_83h2,DEL-BOM,EaseMyTrip,IX,IX-1070,2026-09-10,T+7,11595,2545,14140,2026-09-03T02:31:53.921Z,FALSE,"",18:20,FALSE
fare_DEL-BOM_6E_2026-09-10_T+7_1788404009204_fbpr,DEL-BOM,EaseMyTrip,6E,6E-371,2026-09-10,T+7,11414,2506,13920,2026-09-03T02:31:53.921Z,FALSE,"",08:30,FALSE
fare_DEL-BOM_6E_2026-09-10_T+7_1788404009204_ked4,DEL-BOM,EaseMyTrip,6E,6E-249,2026-09-10,T+7,11414,2506,13920,2026-09-03T02:31:53.921Z,FALSE,"",08:30,FALSE
fare_DEL-BOM_6E_2026-09-10_T+7_1788404009204_fktp,DEL-BOM,EaseMyTrip,6E,6E-5014,2026-09-10,T+7,11530,2531,14061,2026-09-03T02:31:53.921Z,FALSE,"",18:30,FALSE
fare_DEL-BOM_QP_2026-09-10_T+7_1788404009204_zgx0,DEL-BOM,EaseMyTrip,QP,QP-1815,2026-09-10,T+7,11888,2609,14497,2026-09-03T02:31:53.921Z,FALSE,"",14:55,FALSE
fare_DEL-BOM_AI_2026-09-10_T+7_1788404009204_dfet,DEL-BOM,EaseMyTrip,AI,AI-2761,2026-09-10,T+7,12103,2657,14760,2026-09-03T02:31:53.921Z,FALSE,"",16:25,FALSE
fare_DEL-BOM_QP_2026-09-10_T+7_1788404009204_u6y5,DEL-BOM,EaseMyTrip,QP,QP-1812,2026-09-10,T+7,12313,2703,15016,2026-09-03T02:31:53.921Z,FALSE,"",22:55,FALSE
fare_DEL-BOM_AI_2026-09-10_T+7_1788404009204_frcr,DEL-BOM,EaseMyTrip,AI,AI-2907,2026-09-10,T+7,12505,2745,15250,2026-09-03T02:31:53.921Z,FALSE,"",12:00,FALSE
fare_DEL-BOM_AI_2026-09-10_T+7_1788404009204_dw14,DEL-BOM,EaseMyTrip,AI,AI-1743,2026-09-10,T+7,13065,2868,15933,2026-09-03T02:31:53.921Z,FALSE,"",06:20,FALSE
fare_DEL-BOM_IX_2026-09-10_T+7_1788404009204_b145,DEL-BOM,EaseMyTrip,IX,IX-1108,2026-09-10,T+7,14746,3237,17983,2026-09-03T02:31:53.921Z,TRUE,"High outlier: ₹17983 > upper fence ₹17208 (Q3: ₹10801, IQR: ₹4271)",05:00,FALSE
fare_DEL-BOM_AI_2026-09-10_T+7_1788404009204_glju,DEL-BOM,EaseMyTrip,AI,AI-491,2026-09-10,T+7,14497,3182,17679,2026-09-03T02:31:53.921Z,TRUE,"High outlier: ₹17679 > upper fence ₹17208 (Q3: ₹10801, IQR: ₹4271)",11:15,FALSE
fare_DEL-BOM_AI_2026-09-10_T+7_1788404009204_0j8n,DEL-BOM,EaseMyTrip,AI,AI-1773,2026-09-10,T+7,14497,3182,17679,2026-09-03T02:31:53.921Z,TRUE,"High outlier: ₹17679 > upper fence ₹17208 (Q3: ₹10801, IQR: ₹4271)",10:30,FALSE
fare_DEL-BOM_AI_2026-09-10_T+7_1788404009204_gszj,DEL-BOM,EaseMyTrip,AI,AI-9584,2026-09-10,T+7,14501,3183,17684,2026-09-03T02:31:53.921Z,TRUE,"High outlier: ₹17684 > upper fence ₹17208 (Q3: ₹10801, IQR: ₹4271)",11:15,FALSE
fare_DEL-BOM_AI_2026-09-10_T+7_1788404009204_d85b,DEL-BOM,EaseMyTrip,AI,AI-2577,2026-09-10,T+7,14577,3200,17777,2026-09-03T02:31:53.921Z,TRUE,"High outlier: ₹17777 > upper fence ₹17208 (Q3: ₹10801, IQR: ₹4271)",02:00,FALSE
fare_DEL-BOM_AI_2026-09-10_T+7_1788404009204_mp5p,DEL-BOM,EaseMyTrip,AI,AI-2859,2026-09-10,T+7,14577,3200,17777,2026-09-03T02:31:53.921Z,TRUE,"High outlier: ₹17777 > upper fence ₹17208 (Q3: ₹10801, IQR: ₹4271)",10:30,FALSE
fare_DEL-BOM_AI_2026-09-10_T+7_1788404009204_bnvy,DEL-BOM,EaseMyTrip,AI,AI-2465,2026-09-10,T+7,14880,3266,18146,2026-09-03T02:31:53.921Z,TRUE,"High outlier: ₹18146 > upper fence ₹17208 (Q3: ₹10801, IQR: ₹4271)",14:30,FALSE
fare_DEL-BOM_IX_2026-09-10_T+7_1788404009204_dseh,DEL-BOM,EaseMyTrip,IX,IX-1003,2026-09-10,T+7,15856,3481,19337,2026-09-03T02:31:53.921Z,TRUE,"High outlier: ₹19337 > upper fence ₹17208 (Q3: ₹10801, IQR: ₹4271)",19:10,FALSE
fare_DEL-BOM_AI_2026-09-10_T+7_1788404009204_wkwd,DEL-BOM,EaseMyTrip,AI,AI-2803,2026-09-10,T+7,16370,3593,19963,2026-09-03T02:31:53.921Z,TRUE,"High outlier: ₹19963 > upper fence ₹17208 (Q3: ₹10801, IQR: ₹4271)",06:30,FALSE
fare_DEL-BOM_AI_2026-09-10_T+7_1788404009204_9gai,DEL-BOM,EaseMyTrip,AI,AI-427,2026-09-10,T+7,16494,3621,20115,2026-09-03T02:31:53.921Z,TRUE,"High outlier: ₹20115 > upper fence ₹17208 (Q3: ₹10801, IQR: ₹4271)",08:30,FALSE
fare_DEL-BOM_AI_2026-09-10_T+7_1788404009204_1ftk,DEL-BOM,EaseMyTrip,AI,AI-1739,2026-09-10,T+7,17263,3790,21053,2026-09-03T02:31:53.921Z,TRUE,"High outlier: ₹21053 > upper fence ₹17208 (Q3: ₹10801, IQR: ₹4271)",11:30,FALSE
fare_DEL-BOM_QP_2026-09-10_T+7_1788404009204_w6bl,DEL-BOM,EaseMyTrip,QP,QP-1817,2026-09-10,T+7,17425,3825,21250,2026-09-03T02:31:53.921Z,TRUE,"High outlier: ₹21250 > upper fence ₹17208 (Q3: ₹10801, IQR: ₹4271)",10:30,FALSE
fare_DEL-BOM_SG_2026-09-10_T+7_1788404009204_apq7,DEL-BOM,EaseMyTrip,SG,SG-403,2026-09-10,T+7,18287,4014,22301,2026-09-03T02:31:53.921Z,TRUE,"High outlier: ₹22301 > upper fence ₹17208 (Q3: ₹10801, IQR: ₹4271)",20:10,TRUE
fare_DEL-BOM_SG_2026-09-10_T+7_1788404009204_ronb,DEL-BOM,EaseMyTrip,SG,SG-499,2026-09-10,T+7,18287,4014,22301,2026-09-03T02:31:53.921Z,TRUE,"High outlier: ₹22301 > upper fence ₹17208 (Q3: ₹10801, IQR: ₹4271)",20:10,TRUE
fare_DEL-BOM_AI_2026-09-10_T+7_1788404009204_2lb0,DEL-BOM,EaseMyTrip,AI,AI-2483,2026-09-10,T+7,18475,4056,22531,2026-09-03T02:31:53.921Z,TRUE,"High outlier: ₹22531 > upper fence ₹17208 (Q3: ₹10801, IQR: ₹4271)",12:20,FALSE
fare_DEL-BOM_AI_2026-09-10_T+7_1788404009204_eg33,DEL-BOM,EaseMyTrip,AI,AI-2525,2026-09-10,T+7,19433,4266,23699,2026-09-03T02:31:53.921Z,TRUE,"High outlier: ₹23699 > upper fence ₹17208 (Q3: ₹10801, IQR: ₹4271)",06:00,FALSE
fare_DEL-BOM_IX_2026-09-10_T+7_1788404009204_t2yi,DEL-BOM,EaseMyTrip,IX,IX-1068,2026-09-10,T+7,21400,4697,26097,2026-09-03T02:31:53.921Z,TRUE,"High outlier: ₹26097 > upper fence ₹17208 (Q3: ₹10801, IQR: ₹4271)",11:55,FALSE
fare_DEL-BOM_AI_2026-09-10_T+7_1788404009204_ob9o,DEL-BOM,EaseMyTrip,AI,AI-2627,2026-09-10,T+7,34897,7660,42557,2026-09-03T02:31:53.921Z,TRUE,"High outlier: ₹42557 > upper fence ₹17208 (Q3: ₹10801, IQR: ₹4271)",10:45,FALSE