id,route_id,source,carrier,flight_number,flight_date,booking_window,base_fare,taxes,total_fare,scraped_at,is_outlier,outlier_reason,departure_time,is_nonstop
fare_BOM-DEL_6E_2026-09-09_T+15_1787686351377_yo9c,BOM-DEL,EaseMyTrip,6E,6E-5095,2026-09-09,T+15,5014,1101,6115,2026-08-25T19:11:20.254Z,FALSE,"",09:20,TRUE
fare_BOM-DEL_SG_2026-09-09_T+15_1787686351377_sapa,BOM-DEL,EaseMyTrip,SG,SG-576,2026-09-09,T+15,5231,1148,6379,2026-08-25T19:11:20.254Z,FALSE,"",01:50,TRUE
fare_BOM-DEL_SG_2026-09-09_T+15_1787686351377_xhq6,BOM-DEL,EaseMyTrip,SG,SG-102,2026-09-09,T+15,5231,1148,6379,2026-08-25T19:11:20.254Z,FALSE,"",01:50,TRUE
fare_BOM-DEL_SG_2026-09-09_T+15_1787686351377_ocp3,BOM-DEL,EaseMyTrip,SG,SG-997,2026-09-09,T+15,5231,1148,6379,2026-08-25T19:11:20.254Z,FALSE,"",23:25,TRUE
fare_BOM-DEL_SG_2026-09-09_T+15_1787686351377_xfpu,BOM-DEL,EaseMyTrip,SG,SG-995,2026-09-09,T+15,5231,1148,6379,2026-08-25T19:11:20.254Z,FALSE,"",23:25,TRUE
fare_BOM-DEL_SG_2026-09-09_T+15_1787686351377_qy0y,BOM-DEL,EaseMyTrip,SG,SG-527,2026-09-09,T+15,5231,1148,6379,2026-08-25T19:11:20.254Z,FALSE,"",23:55,TRUE
fare_BOM-DEL_SG_2026-09-09_T+15_1787686351377_1muk,BOM-DEL,EaseMyTrip,SG,SG-883,2026-09-09,T+15,5231,1148,6379,2026-08-25T19:11:20.254Z,FALSE,"",23:55,TRUE
fare_BOM-DEL_SG_2026-09-09_T+15_1787686351377_9z7c,BOM-DEL,EaseMyTrip,SG,SG-709,2026-09-09,T+15,5231,1148,6379,2026-08-25T19:11:20.254Z,FALSE,"",06:25,TRUE
fare_BOM-DEL_SG_2026-09-09_T+15_1787686351377_6xte,BOM-DEL,EaseMyTrip,SG,SG-282,2026-09-09,T+15,5231,1148,6379,2026-08-25T19:11:20.254Z,FALSE,"",06:25,TRUE
fare_BOM-DEL_SG_2026-09-09_T+15_1787686351377_o62g,BOM-DEL,EaseMyTrip,SG,SG-185,2026-09-09,T+15,5231,1148,6379,2026-08-25T19:11:20.254Z,FALSE,"",22:30,TRUE
fare_BOM-DEL_SG_2026-09-09_T+15_1787686351377_yx12,BOM-DEL,EaseMyTrip,SG,SG-450,2026-09-09,T+15,5231,1148,6379,2026-08-25T19:11:20.254Z,FALSE,"",22:30,TRUE
fare_BOM-DEL_6E_2026-09-09_T+15_1787686351377_wvk8,BOM-DEL,EaseMyTrip,6E,6E-6599,2026-09-09,T+15,5145,1129,6274,2026-08-25T19:11:20.254Z,FALSE,"",16:50,FALSE
fare_BOM-DEL_6E_2026-09-09_T+15_1787686351377_o134,BOM-DEL,EaseMyTrip,6E,6E-5147,2026-09-09,T+15,5145,1129,6274,2026-08-25T19:11:20.254Z,FALSE,"",18:35,FALSE
fare_BOM-DEL_6E_2026-09-09_T+15_1787686351377_vap0,BOM-DEL,EaseMyTrip,6E,6E-5164,2026-09-09,T+15,5145,1129,6274,2026-08-25T19:11:20.254Z,FALSE,"",20:20,FALSE
fare_BOM-DEL_6E_2026-09-09_T+15_1787686351377_zzsq,BOM-DEL,EaseMyTrip,6E,6E-6058,2026-09-09,T+15,5145,1129,6274,2026-08-25T19:11:20.254Z,FALSE,"",08:05,FALSE
fare_BOM-DEL_6E_2026-09-09_T+15_1787686351377_2cme,BOM-DEL,EaseMyTrip,6E,6E-5131,2026-09-09,T+15,5145,1129,6274,2026-08-25T19:11:20.254Z,FALSE,"",15:50,FALSE
fare_BOM-DEL_6E_2026-09-09_T+15_1787686351377_lntr,BOM-DEL,EaseMyTrip,6E,6E-5273,2026-09-09,T+15,5145,1129,6274,2026-08-25T19:11:20.254Z,FALSE,"",18:35,FALSE
fare_BOM-DEL_6E_2026-09-09_T+15_1787686351377_rdo7,BOM-DEL,EaseMyTrip,6E,6E-6122,2026-09-09,T+15,5145,1129,6274,2026-08-25T19:11:20.254Z,FALSE,"",12:25,FALSE
fare_BOM-DEL_6E_2026-09-09_T+15_1787686351377_nqzi,BOM-DEL,EaseMyTrip,6E,6E-5345,2026-09-09,T+15,5145,1129,6274,2026-08-25T19:11:20.254Z,FALSE,"",14:25,FALSE
fare_BOM-DEL_IX_2026-09-09_T+15_1787686351377_e99o,BOM-DEL,EaseMyTrip,IX,IX-1050,2026-09-09,T+15,5380,1181,6561,2026-08-25T19:11:20.254Z,FALSE,"",08:55,TRUE
fare_BOM-DEL_IX_2026-09-09_T+15_1787686351377_ztp0,BOM-DEL,EaseMyTrip,IX,IX-1809,2026-09-09,T+15,5380,1181,6561,2026-08-25T19:11:20.254Z,FALSE,"",07:30,FALSE
fare_BOM-DEL_IX_2026-09-09_T+15_1787686351377_02l4,BOM-DEL,EaseMyTrip,IX,IX-2153,2026-09-09,T+15,5381,1181,6562,2026-08-25T19:11:20.254Z,FALSE,"",20:25,TRUE
fare_BOM-DEL_IX_2026-09-09_T+15_1787686351377_4ce5,BOM-DEL,EaseMyTrip,IX,IX-1787,2026-09-09,T+15,5595,1228,6823,2026-08-25T19:11:20.254Z,FALSE,"",13:10,FALSE
fare_BOM-DEL_6E_2026-09-09_T+15_1787686351377_tcvz,BOM-DEL,EaseMyTrip,6E,6E-5028,2026-09-09,T+15,5209,1143,6352,2026-08-25T19:11:20.254Z,FALSE,"",19:35,FALSE
fare_BOM-DEL_6E_2026-09-09_T+15_1787686351377_vka6,BOM-DEL,EaseMyTrip,6E,6E-823,2026-09-09,T+15,5209,1143,6352,2026-08-25T19:11:20.254Z,FALSE,"",19:20,FALSE
fare_BOM-DEL_6E_2026-09-09_T+15_1787686351377_xtp6,BOM-DEL,EaseMyTrip,6E,6E-428,2026-09-09,T+15,5209,1143,6352,2026-08-25T19:11:20.254Z,FALSE,"",19:20,FALSE
fare_BOM-DEL_6E_2026-09-09_T+15_1787686351377_rzbc,BOM-DEL,EaseMyTrip,6E,6E-2138,2026-09-09,T+15,5238,1150,6388,2026-08-25T19:11:20.254Z,FALSE,"",16:20,FALSE
fare_BOM-DEL_6E_2026-09-09_T+15_1787686351377_9zmk,BOM-DEL,EaseMyTrip,6E,6E-5238,2026-09-09,T+15,5238,1150,6388,2026-08-25T19:11:20.254Z,FALSE,"",18:25,FALSE
fare_BOM-DEL_6E_2026-09-09_T+15_1787686351377_2rbm,BOM-DEL,EaseMyTrip,6E,6E-6543,2026-09-09,T+15,5263,1155,6418,2026-08-25T19:11:20.254Z,FALSE,"",07:50,FALSE
fare_BOM-DEL_IX_2026-09-09_T+15_1787686351377_xok6,BOM-DEL,EaseMyTrip,IX,IX-1671,2026-09-09,T+15,5510,1209,6719,2026-08-25T19:11:20.254Z,FALSE,"",16:45,TRUE
fare_BOM-DEL_6E_2026-09-09_T+15_1787686351377_d9w6,BOM-DEL,EaseMyTrip,6E,6E-638,2026-09-09,T+15,5317,1167,6484,2026-08-25T19:11:20.254Z,FALSE,"",17:45,FALSE
fare_BOM-DEL_6E_2026-09-09_T+15_1787686351377_v2dc,BOM-DEL,EaseMyTrip,6E,6E-550,2026-09-09,T+15,5317,1167,6484,2026-08-25T19:11:20.254Z,FALSE,"",17:45,FALSE
fare_BOM-DEL_6E_2026-09-09_T+15_1787686351377_b74i,BOM-DEL,EaseMyTrip,6E,6E-5056,2026-09-09,T+15,5317,1167,6484,2026-08-25T19:11:20.254Z,FALSE,"",21:10,FALSE
fare_BOM-DEL_6E_2026-09-09_T+15_1787686351377_mtio,BOM-DEL,EaseMyTrip,6E,6E-5246,2026-09-09,T+15,5317,1167,6484,2026-08-25T19:11:20.254Z,FALSE,"",07:15,FALSE
fare_BOM-DEL_6E_2026-09-09_T+15_1787686351377_8r3r,BOM-DEL,EaseMyTrip,6E,6E-5318,2026-09-09,T+15,5317,1167,6484,2026-08-25T19:11:20.254Z,FALSE,"",10:15,FALSE
fare_BOM-DEL_6E_2026-09-09_T+15_1787686351377_3n0q,BOM-DEL,EaseMyTrip,6E,6E-6195,2026-09-09,T+15,5317,1167,6484,2026-08-25T19:11:20.254Z,FALSE,"",23:00,FALSE
fare_BOM-DEL_6E_2026-09-09_T+15_1787686351377_q2vh,BOM-DEL,EaseMyTrip,6E,6E-5326,2026-09-09,T+15,5317,1167,6484,2026-08-25T19:11:20.254Z,FALSE,"",19:40,FALSE
fare_BOM-DEL_6E_2026-09-09_T+15_1787686351377_6bb5,BOM-DEL,EaseMyTrip,6E,6E-2024,2026-09-09,T+15,5317,1167,6484,2026-08-25T19:11:20.254Z,FALSE,"",09:15,FALSE
fare_BOM-DEL_6E_2026-09-09_T+15_1787686351377_x4y1,BOM-DEL,EaseMyTrip,6E,6E-652,2026-09-09,T+15,5380,1181,6561,2026-08-25T19:11:20.254Z,FALSE,"",17:20,TRUE
fare_BOM-DEL_6E_2026-09-09_T+15_1787686351377_2vf4,BOM-DEL,EaseMyTrip,6E,6E-197,2026-09-09,T+15,5380,1181,6561,2026-08-25T19:11:20.254Z,FALSE,"",17:20,TRUE
fare_BOM-DEL_6E_2026-09-09_T+15_1787686351377_s8dy,BOM-DEL,EaseMyTrip,6E,6E-2243,2026-09-09,T+15,5380,1181,6561,2026-08-25T19:11:20.254Z,FALSE,"",14:15,TRUE
fare_BOM-DEL_6E_2026-09-09_T+15_1787686351377_h3b7,BOM-DEL,EaseMyTrip,6E,6E-2090,2026-09-09,T+15,5380,1181,6561,2026-08-25T19:11:20.254Z,FALSE,"",06:25,TRUE
fare_BOM-DEL_QP_2026-09-09_T+15_1787686351377_l8ib,BOM-DEL,EaseMyTrip,QP,QP-1109,2026-09-09,T+15,5381,1181,6562,2026-08-25T19:11:20.254Z,FALSE,"",07:00,TRUE
fare_BOM-DEL_QP_2026-09-09_T+15_1787686351377_btgl,BOM-DEL,EaseMyTrip,QP,QP-1127,2026-09-09,T+15,5381,1181,6562,2026-08-25T19:11:20.254Z,FALSE,"",13:00,TRUE
fare_BOM-DEL_QP_2026-09-09_T+15_1787686351377_804v,BOM-DEL,EaseMyTrip,QP,QP-1819,2026-09-09,T+15,5381,1181,6562,2026-08-25T19:11:20.254Z,FALSE,"",14:30,TRUE
fare_BOM-DEL_QP_2026-09-09_T+15_1787686351377_07qv,BOM-DEL,EaseMyTrip,QP,QP-1834,2026-09-09,T+15,5381,1181,6562,2026-08-25T19:11:20.254Z,FALSE,"",10:20,TRUE
fare_BOM-DEL_QP_2026-09-09_T+15_1787686351377_055r,BOM-DEL,EaseMyTrip,QP,QP-1825,2026-09-09,T+15,5381,1181,6562,2026-08-25T19:11:20.254Z,FALSE,"",16:50,TRUE
fare_BOM-DEL_QP_2026-09-09_T+15_1787686351377_h7ms,BOM-DEL,EaseMyTrip,QP,QP-1111,2026-09-09,T+15,5381,1181,6562,2026-08-25T19:11:20.254Z,FALSE,"",05:10,TRUE
fare_BOM-DEL_QP_2026-09-09_T+15_1787686351377_6185,BOM-DEL,EaseMyTrip,QP,QP-1835,2026-09-09,T+15,5381,1181,6562,2026-08-25T19:11:20.254Z,FALSE,"",11:50,TRUE
fare_BOM-DEL_QP_2026-09-09_T+15_1787686351377_csph,BOM-DEL,EaseMyTrip,QP,QP-1120,2026-09-09,T+15,5381,1181,6562,2026-08-25T19:11:20.254Z,FALSE,"",18:45,TRUE
fare_BOM-DEL_6E_2026-09-09_T+15_1787686351377_dozb,BOM-DEL,EaseMyTrip,6E,6E-304,2026-09-09,T+15,5381,1181,6562,2026-08-25T19:11:20.254Z,FALSE,"",17:20,TRUE
fare_BOM-DEL_6E_2026-09-09_T+15_1787686351377_bule,BOM-DEL,EaseMyTrip,6E,6E-972,2026-09-09,T+15,5381,1181,6562,2026-08-25T19:11:20.254Z,FALSE,"",17:20,TRUE
fare_BOM-DEL_6E_2026-09-09_T+15_1787686351377_vi63,BOM-DEL,EaseMyTrip,6E,6E-6082,2026-09-09,T+15,5381,1181,6562,2026-08-25T19:11:20.254Z,FALSE,"",16:45,TRUE
fare_BOM-DEL_6E_2026-09-09_T+15_1787686351377_drs6,BOM-DEL,EaseMyTrip,6E,6E-335,2026-09-09,T+15,5381,1181,6562,2026-08-25T19:11:20.254Z,FALSE,"",16:00,TRUE
fare_BOM-DEL_6E_2026-09-09_T+15_1787686351377_i9xf,BOM-DEL,EaseMyTrip,6E,6E-836,2026-09-09,T+15,5381,1181,6562,2026-08-25T19:11:20.254Z,FALSE,"",16:00,TRUE
fare_BOM-DEL_6E_2026-09-09_T+15_1787686351377_j9qf,BOM-DEL,EaseMyTrip,6E,6E-925,2026-09-09,T+15,5381,1181,6562,2026-08-25T19:11:20.254Z,FALSE,"",15:00,TRUE
fare_BOM-DEL_6E_2026-09-09_T+15_1787686351377_3d7d,BOM-DEL,EaseMyTrip,6E,6E-454,2026-09-09,T+15,5381,1181,6562,2026-08-25T19:11:20.254Z,FALSE,"",13:00,TRUE
fare_BOM-DEL_6E_2026-09-09_T+15_1787686351377_1xfe,BOM-DEL,EaseMyTrip,6E,6E-589,2026-09-09,T+15,5381,1181,6562,2026-08-25T19:11:20.254Z,FALSE,"",13:00,TRUE
fare_BOM-DEL_6E_2026-09-09_T+15_1787686351377_n1fx,BOM-DEL,EaseMyTrip,6E,6E-6704,2026-09-09,T+15,5381,1181,6562,2026-08-25T19:11:20.254Z,FALSE,"",14:00,TRUE
fare_BOM-DEL_6E_2026-09-09_T+15_1787686351377_ccsz,BOM-DEL,EaseMyTrip,6E,6E-6052,2026-09-09,T+15,5381,1181,6562,2026-08-25T19:11:20.254Z,FALSE,"",10:00,TRUE
fare_BOM-DEL_6E_2026-09-09_T+15_1787686351377_yiub,BOM-DEL,EaseMyTrip,6E,6E-172,2026-09-09,T+15,5381,1181,6562,2026-08-25T19:11:20.254Z,FALSE,"",10:35,TRUE
fare_BOM-DEL_6E_2026-09-09_T+15_1787686351377_togj,BOM-DEL,EaseMyTrip,6E,6E-109,2026-09-09,T+15,5381,1181,6562,2026-08-25T19:11:20.254Z,FALSE,"",10:35,TRUE
fare_BOM-DEL_6E_2026-09-09_T+15_1787686351377_ufeq,BOM-DEL,EaseMyTrip,6E,6E-6827,2026-09-09,T+15,5381,1181,6562,2026-08-25T19:11:20.254Z,FALSE,"",11:30,TRUE
fare_BOM-DEL_6E_2026-09-09_T+15_1787686351377_bdtp,BOM-DEL,EaseMyTrip,6E,6E-6028,2026-09-09,T+15,5381,1181,6562,2026-08-25T19:11:20.254Z,FALSE,"",12:15,TRUE
fare_BOM-DEL_QP_2026-09-09_T+15_1787686351377_bq16,BOM-DEL,EaseMyTrip,QP,QP-1939,2026-09-09,T+15,5423,1191,6614,2026-08-25T19:11:20.254Z,FALSE,"",10:10,TRUE
fare_BOM-DEL_6E_2026-09-09_T+15_1787686351377_owjq,BOM-DEL,EaseMyTrip,6E,6E-5197,2026-09-09,T+15,5423,1191,6614,2026-08-25T19:11:20.254Z,FALSE,"",06:40,TRUE
fare_BOM-DEL_6E_2026-09-09_T+15_1787686351377_c0u0,BOM-DEL,EaseMyTrip,6E,6E-878,2026-09-09,T+15,5425,1191,6616,2026-08-25T19:11:20.254Z,FALSE,"",04:00,FALSE
fare_BOM-DEL_6E_2026-09-09_T+15_1787686351377_o08v,BOM-DEL,EaseMyTrip,6E,6E-622,2026-09-09,T+15,5425,1191,6616,2026-08-25T19:11:20.254Z,FALSE,"",04:00,FALSE
fare_BOM-DEL_6E_2026-09-09_T+15_1787686351377_japi,BOM-DEL,EaseMyTrip,6E,6E-5107,2026-09-09,T+15,5425,1191,6616,2026-08-25T19:11:20.254Z,FALSE,"",20:00,FALSE
fare_BOM-DEL_6E_2026-09-09_T+15_1787686351377_x26g,BOM-DEL,EaseMyTrip,6E,6E-350,2026-09-09,T+15,5510,1210,6720,2026-08-25T19:11:20.254Z,FALSE,"",05:00,TRUE
fare_BOM-DEL_6E_2026-09-09_T+15_1787686351377_9b90,BOM-DEL,EaseMyTrip,6E,6E-149,2026-09-09,T+15,5510,1210,6720,2026-08-25T19:11:20.254Z,FALSE,"",05:00,TRUE
fare_BOM-DEL_6E_2026-09-09_T+15_1787686351377_kdhh,BOM-DEL,EaseMyTrip,6E,6E-231,2026-09-09,T+15,5510,1210,6720,2026-08-25T19:11:20.254Z,FALSE,"",23:45,TRUE
fare_BOM-DEL_6E_2026-09-09_T+15_1787686351377_z9oz,BOM-DEL,EaseMyTrip,6E,6E-961,2026-09-09,T+15,5510,1210,6720,2026-08-25T19:11:20.254Z,FALSE,"",23:45,TRUE
fare_BOM-DEL_6E_2026-09-09_T+15_1787686351377_t8nc,BOM-DEL,EaseMyTrip,6E,6E-605,2026-09-09,T+15,5510,1210,6720,2026-08-25T19:11:20.254Z,FALSE,"",22:15,TRUE
fare_BOM-DEL_6E_2026-09-09_T+15_1787686351377_6m4i,BOM-DEL,EaseMyTrip,6E,6E-927,2026-09-09,T+15,5510,1210,6720,2026-08-25T19:11:20.254Z,FALSE,"",22:15,TRUE
fare_BOM-DEL_6E_2026-09-09_T+15_1787686351377_h00b,BOM-DEL,EaseMyTrip,6E,6E-994,2026-09-09,T+15,5510,1210,6720,2026-08-25T19:11:20.254Z,FALSE,"",06:00,TRUE
fare_BOM-DEL_6E_2026-09-09_T+15_1787686351377_cfsx,BOM-DEL,EaseMyTrip,6E,6E-650,2026-09-09,T+15,5510,1210,6720,2026-08-25T19:11:20.254Z,FALSE,"",06:00,TRUE
fare_BOM-DEL_6E_2026-09-09_T+15_1787686351377_7w6i,BOM-DEL,EaseMyTrip,6E,6E-320,2026-09-09,T+15,5510,1210,6720,2026-08-25T19:11:20.254Z,FALSE,"",09:00,TRUE
fare_BOM-DEL_6E_2026-09-09_T+15_1787686351377_7qbt,BOM-DEL,EaseMyTrip,6E,6E-902,2026-09-09,T+15,5510,1210,6720,2026-08-25T19:11:20.254Z,FALSE,"",09:00,TRUE
fare_BOM-DEL_6E_2026-09-09_T+15_1787686351377_3g44,BOM-DEL,EaseMyTrip,6E,6E-5181,2026-09-09,T+15,5533,1214,6747,2026-08-25T19:11:20.254Z,FALSE,"",10:25,FALSE
fare_BOM-DEL_IX_2026-09-09_T+15_1787686351377_kd3d,BOM-DEL,EaseMyTrip,IX,IX-1026,2026-09-09,T+15,5930,1302,7232,2026-08-25T19:11:20.254Z,FALSE,"",05:45,FALSE
fare_BOM-DEL_QP_2026-09-09_T+15_1787686351377_rzsi,BOM-DEL,EaseMyTrip,QP,QP-2071,2026-09-09,T+15,5560,1221,6781,2026-08-25T19:11:20.254Z,FALSE,"",05:45,TRUE
fare_BOM-DEL_AI_2026-09-09_T+15_1787686351377_asld,BOM-DEL,EaseMyTrip,AI,AI-2928,2026-09-09,T+15,5766,1266,7032,2026-08-25T19:11:20.254Z,FALSE,"",06:30,TRUE
fare_BOM-DEL_AI_2026-09-09_T+15_1787686351377_lb3l,BOM-DEL,EaseMyTrip,AI,AI-2677,2026-09-09,T+15,5766,1266,7032,2026-08-25T19:11:20.254Z,FALSE,"",13:00,TRUE
fare_BOM-DEL_AI_2026-09-09_T+15_1787686351377_at0j,BOM-DEL,EaseMyTrip,AI,AI-2422,2026-09-09,T+15,5766,1266,7032,2026-08-25T19:11:20.254Z,FALSE,"",01:00,TRUE
fare_BOM-DEL_AI_2026-09-09_T+15_1787686351377_vomd,BOM-DEL,EaseMyTrip,AI,AI-2432,2026-09-09,T+15,5766,1266,7032,2026-08-25T19:11:20.254Z,FALSE,"",09:30,TRUE
fare_BOM-DEL_AI_2026-09-09_T+15_1787686351377_xyot,BOM-DEL,EaseMyTrip,AI,AI-2430,2026-09-09,T+15,5766,1266,7032,2026-08-25T19:11:20.254Z,FALSE,"",10:00,TRUE
fare_BOM-DEL_AI_2026-09-09_T+15_1787686351377_kkhw,BOM-DEL,EaseMyTrip,AI,AI-2952,2026-09-09,T+15,5766,1266,7032,2026-08-25T19:11:20.254Z,FALSE,"",11:25,TRUE
fare_BOM-DEL_AI_2026-09-09_T+15_1787686351377_odgc,BOM-DEL,EaseMyTrip,AI,AI-2419,2026-09-09,T+15,5766,1266,7032,2026-08-25T19:11:20.254Z,FALSE,"",12:00,TRUE
fare_BOM-DEL_AI_2026-09-09_T+15_1787686351377_xf8g,BOM-DEL,EaseMyTrip,AI,AI-2944,2026-09-09,T+15,5766,1266,7032,2026-08-25T19:11:20.254Z,FALSE,"",14:35,TRUE
fare_BOM-DEL_AI_2026-09-09_T+15_1787686351377_s2jd,BOM-DEL,EaseMyTrip,AI,AI-2442,2026-09-09,T+15,5766,1266,7032,2026-08-25T19:11:20.254Z,FALSE,"",15:00,TRUE
fare_BOM-DEL_AI_2026-09-09_T+15_1787686351377_pivs,BOM-DEL,EaseMyTrip,AI,AI-1851,2026-09-09,T+15,5766,1266,7032,2026-08-25T19:11:20.254Z,FALSE,"",15:30,TRUE
fare_BOM-DEL_AI_2026-09-09_T+15_1787686351377_kr7y,BOM-DEL,EaseMyTrip,AI,AI-2687,2026-09-09,T+15,5766,1266,7032,2026-08-25T19:11:20.254Z,FALSE,"",16:40,TRUE
fare_BOM-DEL_AI_2026-09-09_T+15_1787686351377_6rkc,BOM-DEL,EaseMyTrip,AI,AI-1882,2026-09-09,T+15,5766,1266,7032,2026-08-25T19:11:20.254Z,FALSE,"",23:55,TRUE
fare_BOM-DEL_AI_2026-09-09_T+15_1787686351377_db6c,BOM-DEL,EaseMyTrip,AI,AI-2986,2026-09-09,T+15,5766,1266,7032,2026-08-25T19:11:20.254Z,FALSE,"",22:35,TRUE
fare_BOM-DEL_6E_2026-09-09_T+15_1787686351377_p0f4,BOM-DEL,EaseMyTrip,6E,6E-348,2026-09-09,T+15,5683,1247,6930,2026-08-25T19:11:20.254Z,FALSE,"",21:15,TRUE
fare_BOM-DEL_6E_2026-09-09_T+15_1787686351377_t2k4,BOM-DEL,EaseMyTrip,6E,6E-575,2026-09-09,T+15,5683,1247,6930,2026-08-25T19:11:20.254Z,FALSE,"",21:15,TRUE
fare_BOM-DEL_6E_2026-09-09_T+15_1787686351377_k0bw,BOM-DEL,EaseMyTrip,6E,6E-773,2026-09-09,T+15,5683,1247,6930,2026-08-25T19:11:20.254Z,FALSE,"",19:00,TRUE
fare_BOM-DEL_6E_2026-09-09_T+15_1787686351377_pgtn,BOM-DEL,EaseMyTrip,6E,6E-544,2026-09-09,T+15,5683,1247,6930,2026-08-25T19:11:20.254Z,FALSE,"",19:00,TRUE
fare_BOM-DEL_6E_2026-09-09_T+15_1787686351377_c5am,BOM-DEL,EaseMyTrip,6E,6E-6613,2026-09-09,T+15,5683,1247,6930,2026-08-25T19:11:20.254Z,FALSE,"",18:15,TRUE
fare_BOM-DEL_6E_2026-09-09_T+15_1787686351377_4ueu,BOM-DEL,EaseMyTrip,6E,6E-6049,2026-09-09,T+15,5683,1247,6930,2026-08-25T19:11:20.254Z,FALSE,"",19:45,TRUE
fare_BOM-DEL_6E_2026-09-09_T+15_1787686351377_2mof,BOM-DEL,EaseMyTrip,6E,6E-729,2026-09-09,T+15,5683,1247,6930,2026-08-25T19:11:20.254Z,FALSE,"",07:00,TRUE
fare_BOM-DEL_6E_2026-09-09_T+15_1787686351377_2d9j,BOM-DEL,EaseMyTrip,6E,6E-713,2026-09-09,T+15,5683,1247,6930,2026-08-25T19:11:20.254Z,FALSE,"",07:00,TRUE
fare_BOM-DEL_6E_2026-09-09_T+15_1787686351377_cqug,BOM-DEL,EaseMyTrip,6E,6E-774,2026-09-09,T+15,5683,1247,6930,2026-08-25T19:11:20.254Z,FALSE,"",08:00,TRUE
fare_BOM-DEL_6E_2026-09-09_T+15_1787686351377_rww1,BOM-DEL,EaseMyTrip,6E,6E-296,2026-09-09,T+15,5683,1247,6930,2026-08-25T19:11:20.254Z,FALSE,"",08:00,TRUE
fare_BOM-DEL_AI_2026-09-09_T+15_1787686351377_5y6o,BOM-DEL,EaseMyTrip,AI,AI-2424,2026-09-09,T+15,5897,1294,7191,2026-08-25T19:11:20.254Z,FALSE,"",07:00,TRUE
fare_BOM-DEL_AI_2026-09-09_T+15_1787686351377_vgph,BOM-DEL,EaseMyTrip,AI,AI-2930,2026-09-09,T+15,5897,1294,7191,2026-08-25T19:11:20.254Z,FALSE,"",07:30,TRUE
fare_BOM-DEL_AI_2026-09-09_T+15_1787686351377_g3tw,BOM-DEL,EaseMyTrip,AI,AI-2408,2026-09-09,T+15,5897,1294,7191,2026-08-25T19:11:20.254Z,FALSE,"",19:30,TRUE
fare_BOM-DEL_AI_2026-09-09_T+15_1787686351377_drjj,BOM-DEL,EaseMyTrip,AI,AI-816,2026-09-09,T+15,5897,1294,7191,2026-08-25T19:11:20.254Z,FALSE,"",21:00,TRUE
fare_BOM-DEL_AI_2026-09-09_T+15_1787686351377_8ln6,BOM-DEL,EaseMyTrip,AI,AI-1895,2026-09-09,T+15,5897,1294,7191,2026-08-25T19:11:20.254Z,FALSE,"",21:30,TRUE
fare_BOM-DEL_AI_2026-09-09_T+15_1787686351377_s2kn,BOM-DEL,EaseMyTrip,AI,AI-2428,2026-09-09,T+15,5897,1294,7191,2026-08-25T19:11:20.254Z,FALSE,"",08:00,TRUE
fare_BOM-DEL_AI_2026-09-09_T+15_1787686351377_w787,BOM-DEL,EaseMyTrip,AI,AI-2970,2026-09-09,T+15,5897,1294,7191,2026-08-25T19:11:20.254Z,FALSE,"",08:30,TRUE
fare_BOM-DEL_AI_2026-09-09_T+15_1787686351377_8ejw,BOM-DEL,EaseMyTrip,AI,AI-2440,2026-09-09,T+15,5897,1294,7191,2026-08-25T19:11:20.254Z,FALSE,"",18:00,TRUE
fare_BOM-DEL_6E_2026-09-09_T+15_1787686351377_5orm,BOM-DEL,EaseMyTrip,6E,6E-2237,2026-09-09,T+15,5852,1284,7136,2026-08-25T19:11:20.254Z,FALSE,"",18:40,FALSE
fare_BOM-DEL_6E_2026-09-09_T+15_1787686351377_c3yk,BOM-DEL,EaseMyTrip,6E,6E-5059,2026-09-09,T+15,5852,1284,7136,2026-08-25T19:11:20.254Z,FALSE,"",05:45,FALSE
fare_BOM-DEL_6E_2026-09-09_T+15_1787686351377_htre,BOM-DEL,EaseMyTrip,6E,6E-971,2026-09-09,T+15,5852,1284,7136,2026-08-25T19:11:20.254Z,FALSE,"",01:30,FALSE
fare_BOM-DEL_6E_2026-09-09_T+15_1787686351377_b6t2,BOM-DEL,EaseMyTrip,6E,6E-898,2026-09-09,T+15,5852,1284,7136,2026-08-25T19:11:20.254Z,FALSE,"",01:30,FALSE
fare_BOM-DEL_6E_2026-09-09_T+15_1787686351377_13iv,BOM-DEL,EaseMyTrip,6E,6E-5144,2026-09-09,T+15,5852,1284,7136,2026-08-25T19:11:20.254Z,FALSE,"",06:10,FALSE
fare_BOM-DEL_6E_2026-09-09_T+15_1787686351377_57jl,BOM-DEL,EaseMyTrip,6E,6E-5201,2026-09-09,T+15,5852,1284,7136,2026-08-25T19:11:20.254Z,FALSE,"",14:55,FALSE
fare_BOM-DEL_6E_2026-09-09_T+15_1787686351377_6r9g,BOM-DEL,EaseMyTrip,6E,6E-645,2026-09-09,T+15,5897,1295,7192,2026-08-25T19:11:20.254Z,FALSE,"",20:20,TRUE
fare_BOM-DEL_6E_2026-09-09_T+15_1787686351377_s212,BOM-DEL,EaseMyTrip,6E,6E-778,2026-09-09,T+15,5897,1295,7192,2026-08-25T19:11:20.254Z,FALSE,"",20:20,TRUE
fare_BOM-DEL_AI_2026-09-09_T+15_1787686351377_bsnw,BOM-DEL,EaseMyTrip,AI,AI-2988,2026-09-09,T+15,6069,1332,7401,2026-08-25T19:11:20.254Z,FALSE,"",20:30,TRUE
fare_BOM-DEL_SG_2026-09-09_T+15_1787686351377_7zur,BOM-DEL,EaseMyTrip,SG,SG-295,2026-09-09,T+15,6101,1339,7440,2026-08-25T19:11:20.254Z,FALSE,"",15:55,TRUE
fare_BOM-DEL_SG_2026-09-09_T+15_1787686351377_9x1o,BOM-DEL,EaseMyTrip,SG,SG-536,2026-09-09,T+15,6101,1339,7440,2026-08-25T19:11:20.254Z,FALSE,"",15:55,TRUE
fare_BOM-DEL_IX_2026-09-09_T+15_1787686351377_pe6v,BOM-DEL,EaseMyTrip,IX,IX-1163,2026-09-09,T+15,6365,1397,7762,2026-08-25T19:11:20.254Z,FALSE,"",20:45,FALSE
fare_BOM-DEL_6E_2026-09-09_T+15_1787686351377_dk8f,BOM-DEL,EaseMyTrip,6E,6E-5135,2026-09-09,T+15,6001,1317,7318,2026-08-25T19:11:20.254Z,FALSE,"",23:20,FALSE
fare_BOM-DEL_6E_2026-09-09_T+15_1787686351377_sf2b,BOM-DEL,EaseMyTrip,6E,6E-5386,2026-09-09,T+15,6131,1346,7477,2026-08-25T19:11:20.254Z,FALSE,"",15:10,FALSE
fare_BOM-DEL_6E_2026-09-09_T+15_1787686351377_ddrs,BOM-DEL,EaseMyTrip,6E,6E-6361,2026-09-09,T+15,6196,1360,7556,2026-08-25T19:11:20.254Z,FALSE,"",05:00,FALSE
fare_BOM-DEL_AI_2026-09-09_T+15_1787686351377_vujj,BOM-DEL,EaseMyTrip,AI,AI-2940,2026-09-09,T+15,6440,1414,7854,2026-08-25T19:11:20.254Z,FALSE,"",20:00,TRUE
fare_BOM-DEL_IX_2026-09-09_T+15_1787686351377_755h,BOM-DEL,EaseMyTrip,IX,IX-1237,2026-09-09,T+15,6857,1505,8362,2026-08-25T19:11:20.254Z,FALSE,"",05:55,FALSE
fare_BOM-DEL_6E_2026-09-09_T+15_1787686351377_4fg2,BOM-DEL,EaseMyTrip,6E,6E-7017,2026-09-09,T+15,6461,1418,7879,2026-08-25T19:11:20.254Z,FALSE,"",21:30,FALSE
fare_BOM-DEL_6E_2026-09-09_T+15_1787686351377_iq93,BOM-DEL,EaseMyTrip,6E,6E-609,2026-09-09,T+15,6836,1501,8337,2026-08-25T19:11:20.254Z,FALSE,"",14:40,FALSE
fare_BOM-DEL_6E_2026-09-09_T+15_1787686351377_grhv,BOM-DEL,EaseMyTrip,6E,6E-736,2026-09-09,T+15,6836,1501,8337,2026-08-25T19:11:20.254Z,FALSE,"",14:40,FALSE
fare_BOM-DEL_AI_2026-09-09_T+15_1787686351377_ss9t,BOM-DEL,EaseMyTrip,AI,AI-1891,2026-09-09,T+15,7093,1557,8650,2026-08-25T19:11:20.254Z,FALSE,"",08:10,TRUE
fare_BOM-DEL_6E_2026-09-09_T+15_1787686351377_6hbh,BOM-DEL,EaseMyTrip,6E,6E-446,2026-09-09,T+15,7009,1538,8547,2026-08-25T19:11:20.254Z,FALSE,"",04:30,FALSE
fare_BOM-DEL_6E_2026-09-09_T+15_1787686351377_96gt,BOM-DEL,EaseMyTrip,6E,6E-381,2026-09-09,T+15,7009,1538,8547,2026-08-25T19:11:20.254Z,FALSE,"",04:30,FALSE
fare_BOM-DEL_6E_2026-09-09_T+15_1787686351377_ljih,BOM-DEL,EaseMyTrip,6E,6E-6802,2026-09-09,T+15,7510,1649,9159,2026-08-25T19:11:20.254Z,TRUE,"High outlier: ₹9159 > upper fence ₹9047 (Q3: ₹7556, IQR: ₹994)",16:55,FALSE
fare_BOM-DEL_6E_2026-09-09_T+15_1787686351377_lil0,BOM-DEL,EaseMyTrip,6E,6E-5178,2026-09-09,T+15,8645,1898,10543,2026-08-25T19:11:20.254Z,TRUE,"High outlier: ₹10543 > upper fence ₹9047 (Q3: ₹7556, IQR: ₹994)",11:45,FALSE
fare_BOM-DEL_6E_2026-09-09_T+15_1787686351377_gwx5,BOM-DEL,EaseMyTrip,6E,6E-5281,2026-09-09,T+15,8711,1912,10623,2026-08-25T19:11:20.254Z,TRUE,"High outlier: ₹10623 > upper fence ₹9047 (Q3: ₹7556, IQR: ₹994)",08:40,FALSE
fare_BOM-DEL_IX_2026-09-09_T+15_1787686351377_9j7m,BOM-DEL,EaseMyTrip,IX,IX-1283,2026-09-09,T+15,9809,2153,11962,2026-08-25T19:11:20.254Z,TRUE,"High outlier: ₹11962 > upper fence ₹9047 (Q3: ₹7556, IQR: ₹994)",09:05,FALSE
fare_BOM-DEL_AI_2026-09-09_T+15_1787686351377_h92t,BOM-DEL,EaseMyTrip,AI,AI-9753,2026-09-09,T+15,9577,2102,11679,2026-08-25T19:11:20.254Z,TRUE,"High outlier: ₹11679 > upper fence ₹9047 (Q3: ₹7556, IQR: ₹994)",05:45,FALSE
fare_BOM-DEL_AI_2026-09-09_T+15_1787686351377_9bro,BOM-DEL,EaseMyTrip,AI,AI-603,2026-09-09,T+15,9846,2161,12007,2026-08-25T19:11:20.254Z,TRUE,"High outlier: ₹12007 > upper fence ₹9047 (Q3: ₹7556, IQR: ₹994)",05:10,FALSE
fare_BOM-DEL_IX_2026-09-09_T+15_1787686351378_wvp9,BOM-DEL,EaseMyTrip,IX,IX-1626,2026-09-09,T+15,9975,2190,12165,2026-08-25T19:11:20.254Z,TRUE,"High outlier: ₹12165 > upper fence ₹9047 (Q3: ₹7556, IQR: ₹994)",12:00,FALSE
fare_BOM-DEL_IX_2026-09-09_T+15_1787686351378_qg9i,BOM-DEL,EaseMyTrip,IX,IX-1347,2026-09-09,T+15,9975,2190,12165,2026-08-25T19:11:20.254Z,TRUE,"High outlier: ₹12165 > upper fence ₹9047 (Q3: ₹7556, IQR: ₹994)",06:00,FALSE
fare_BOM-DEL_AI_2026-09-09_T+15_1787686351378_4wid,BOM-DEL,EaseMyTrip,AI,AI-2491,2026-09-09,T+15,10765,2363,13128,2026-08-25T19:11:20.254Z,TRUE,"High outlier: ₹13128 > upper fence ₹9047 (Q3: ₹7556, IQR: ₹994)",11:15,FALSE
fare_BOM-DEL_6E_2026-09-09_T+15_1787686351378_rd4b,BOM-DEL,EaseMyTrip,6E,6E-181,2026-09-09,T+15,10830,2377,13207,2026-08-25T19:11:20.254Z,TRUE,"High outlier: ₹13207 > upper fence ₹9047 (Q3: ₹7556, IQR: ₹994)",12:40,FALSE
fare_BOM-DEL_6E_2026-09-09_T+15_1787686351378_8ps0,BOM-DEL,EaseMyTrip,6E,6E-788,2026-09-09,T+15,10830,2377,13207,2026-08-25T19:11:20.254Z,TRUE,"High outlier: ₹13207 > upper fence ₹9047 (Q3: ₹7556, IQR: ₹994)",12:40,FALSE
fare_BOM-DEL_AI_2026-09-09_T+15_1787686351378_99oa,BOM-DEL,EaseMyTrip,AI,AI-2493,2026-09-09,T+15,11126,2442,13568,2026-08-25T19:11:20.254Z,TRUE,"High outlier: ₹13568 > upper fence ₹9047 (Q3: ₹7556, IQR: ₹994)",18:25,FALSE
fare_BOM-DEL_AI_2026-09-09_T+15_1787686351378_8afd,BOM-DEL,EaseMyTrip,AI,AI-2919,2026-09-09,T+15,11126,2442,13568,2026-08-25T19:11:20.254Z,TRUE,"High outlier: ₹13568 > upper fence ₹9047 (Q3: ₹7556, IQR: ₹994)",21:35,FALSE
fare_BOM-DEL_AI_2026-09-09_T+15_1787686351378_83dt,BOM-DEL,EaseMyTrip,AI,AI-2915,2026-09-09,T+15,11236,2466,13702,2026-08-25T19:11:20.254Z,TRUE,"High outlier: ₹13702 > upper fence ₹9047 (Q3: ₹7556, IQR: ₹994)",15:30,FALSE
fare_BOM-DEL_IX_2026-09-09_T+15_1787686351378_1ujo,BOM-DEL,EaseMyTrip,IX,IX-1640,2026-09-09,T+15,11516,2528,14044,2026-08-25T19:11:20.254Z,TRUE,"High outlier: ₹14044 > upper fence ₹9047 (Q3: ₹7556, IQR: ₹994)",21:10,FALSE
fare_BOM-DEL_AI_2026-09-09_T+15_1787686351378_0u0m,BOM-DEL,EaseMyTrip,AI,AI-1726,2026-09-09,T+15,11460,2515,13975,2026-08-25T19:11:20.254Z,TRUE,"High outlier: ₹13975 > upper fence ₹9047 (Q3: ₹7556, IQR: ₹994)",19:25,FALSE
fare_BOM-DEL_6E_2026-09-09_T+15_1787686351378_851y,BOM-DEL,EaseMyTrip,6E,6E-6027,2026-09-09,T+15,11309,2483,13792,2026-08-25T19:11:20.254Z,TRUE,"High outlier: ₹13792 > upper fence ₹9047 (Q3: ₹7556, IQR: ₹994)",17:35,FALSE
fare_BOM-DEL_6E_2026-09-09_T+15_1787686351378_54e8,BOM-DEL,EaseMyTrip,6E,6E-5154,2026-09-09,T+15,11309,2483,13792,2026-08-25T19:11:20.254Z,TRUE,"High outlier: ₹13792 > upper fence ₹9047 (Q3: ₹7556, IQR: ₹994)",15:45,FALSE
fare_BOM-DEL_AI_2026-09-09_T+15_1787686351378_a93b,BOM-DEL,EaseMyTrip,AI,AI-2781,2026-09-09,T+15,12440,2731,15171,2026-08-25T19:11:20.254Z,TRUE,"High outlier: ₹15171 > upper fence ₹9047 (Q3: ₹7556, IQR: ₹994)",10:50,FALSE
fare_BOM-DEL_AI_2026-09-09_T+15_1787686351378_las9,BOM-DEL,EaseMyTrip,AI,AI-2785,2026-09-09,T+15,12656,2778,15434,2026-08-25T19:11:20.254Z,TRUE,"High outlier: ₹15434 > upper fence ₹9047 (Q3: ₹7556, IQR: ₹994)",06:40,FALSE
fare_BOM-DEL_AI_2026-09-09_T+15_1787686351378_yjpt,BOM-DEL,EaseMyTrip,AI,AI-9891,2026-09-09,T+15,12803,2810,15613,2026-08-25T19:11:20.254Z,TRUE,"High outlier: ₹15613 > upper fence ₹9047 (Q3: ₹7556, IQR: ₹994)",13:10,FALSE
fare_BOM-DEL_AI_2026-09-09_T+15_1787686351378_ws74,BOM-DEL,EaseMyTrip,AI,AI-2659,2026-09-09,T+15,13091,2874,15965,2026-08-25T19:11:20.254Z,TRUE,"High outlier: ₹15965 > upper fence ₹9047 (Q3: ₹7556, IQR: ₹994)",14:35,FALSE
fare_BOM-DEL_AI_2026-09-09_T+15_1787686351378_7w1j,BOM-DEL,EaseMyTrip,AI,AI-9558,2026-09-09,T+15,13411,2944,16355,2026-08-25T19:11:20.254Z,TRUE,"High outlier: ₹16355 > upper fence ₹9047 (Q3: ₹7556, IQR: ₹994)",07:30,FALSE
fare_BOM-DEL_AI_2026-09-09_T+15_1787686351378_inav,BOM-DEL,EaseMyTrip,AI,AI-2753,2026-09-09,T+15,13595,2984,16579,2026-08-25T19:11:20.254Z,TRUE,"High outlier: ₹16579 > upper fence ₹9047 (Q3: ₹7556, IQR: ₹994)",13:50,FALSE
fare_BOM-DEL_AI_2026-09-09_T+15_1787686351378_q7ub,BOM-DEL,EaseMyTrip,AI,AI-2741,2026-09-09,T+15,13953,3063,17016,2026-08-25T19:11:20.254Z,TRUE,"High outlier: ₹17016 > upper fence ₹9047 (Q3: ₹7556, IQR: ₹994)",07:40,FALSE
fare_BOM-DEL_AI_2026-09-09_T+15_1787686351378_ka8q,BOM-DEL,EaseMyTrip,AI,AI-2749,2026-09-09,T+15,14173,3111,17284,2026-08-25T19:11:20.254Z,TRUE,"High outlier: ₹17284 > upper fence ₹9047 (Q3: ₹7556, IQR: ₹994)",17:35,FALSE
fare_BOM-DEL_AI_2026-09-09_T+15_1787686351378_f5nq,BOM-DEL,EaseMyTrip,AI,AI-9533,2026-09-09,T+15,14486,3180,17666,2026-08-25T19:11:20.254Z,TRUE,"High outlier: ₹17666 > upper fence ₹9047 (Q3: ₹7556, IQR: ₹994)",16:30,FALSE
fare_BOM-DEL_AI_2026-09-09_T+15_1787686351378_12gv,BOM-DEL,EaseMyTrip,AI,AI-2444,2026-09-09,T+15,14603,3206,17809,2026-08-25T19:11:20.254Z,TRUE,"High outlier: ₹17809 > upper fence ₹9047 (Q3: ₹7556, IQR: ₹994)",10:50,FALSE
fare_BOM-DEL_AI_2026-09-09_T+15_1787686351378_wu3s,BOM-DEL,EaseMyTrip,AI,AI-2531,2026-09-09,T+15,14715,3230,17945,2026-08-25T19:11:20.254Z,TRUE,"High outlier: ₹17945 > upper fence ₹9047 (Q3: ₹7556, IQR: ₹994)",15:05,FALSE
fare_BOM-DEL_AI_2026-09-09_T+15_1787686351378_c5pu,BOM-DEL,EaseMyTrip,AI,AI-2625,2026-09-09,T+15,14755,3239,17994,2026-08-25T19:11:20.254Z,TRUE,"High outlier: ₹17994 > upper fence ₹9047 (Q3: ₹7556, IQR: ₹994)",06:00,FALSE
fare_BOM-DEL_IX_2026-09-09_T+15_1787686351378_hd9q,BOM-DEL,EaseMyTrip,IX,IX-1238,2026-09-09,T+15,18585,4080,22665,2026-08-25T19:11:20.254Z,TRUE,"High outlier: ₹22665 > upper fence ₹9047 (Q3: ₹7556, IQR: ₹994)",12:25,FALSE
fare_BOM-DEL_AI_2026-09-09_T+15_1787686351378_zw6c,BOM-DEL,EaseMyTrip,AI,AI-2663,2026-09-09,T+15,19646,4313,23959,2026-08-25T19:11:20.254Z,TRUE,"High outlier: ₹23959 > upper fence ₹9047 (Q3: ₹7556, IQR: ₹994)",10:25,FALSE
fare_BOM-DEL_AI_2026-09-09_T+15_1787686351378_7vln,BOM-DEL,EaseMyTrip,AI,AI-2579,2026-09-09,T+15,31627,6943,38570,2026-08-25T19:11:20.254Z,TRUE,"High outlier: ₹38570 > upper fence ₹9047 (Q3: ₹7556, IQR: ₹994)",10:35,FALSE
fare_BOM-DEL_IX_2026-08-26_T+1_1787686351378_gf9h,BOM-DEL,EaseMyTrip,IX,IX-1389,2026-08-26,T+1,5380,1181,6561,2026-08-25T00:56:01.707Z,FALSE,"",22:20,TRUE
fare_BOM-DEL_IX_2026-08-26_T+1_1787686351378_9roj,BOM-DEL,EaseMyTrip,IX,IX-1050,2026-08-26,T+1,5380,1181,6561,2026-08-25T00:56:01.707Z,FALSE,"",14:45,TRUE
fare_BOM-DEL_6E_2026-08-26_T+1_1787686351378_t2vz,BOM-DEL,EaseMyTrip,6E,6E-5095,2026-08-26,T+1,5187,1138,6325,2026-08-25T00:56:01.707Z,FALSE,"",09:20,TRUE
fare_BOM-DEL_QP_2026-08-26_T+1_1787686351378_b58j,BOM-DEL,EaseMyTrip,QP,QP-1834,2026-08-26,T+1,5381,1181,6562,2026-08-25T00:56:01.707Z,FALSE,"",10:00,TRUE
fare_BOM-DEL_QP_2026-08-26_T+1_1787686351378_65yg,BOM-DEL,EaseMyTrip,QP,QP-1819,2026-08-26,T+1,5381,1181,6562,2026-08-25T00:56:01.707Z,FALSE,"",14:30,TRUE
fare_BOM-DEL_QP_2026-08-26_T+1_1787686351378_dact,BOM-DEL,EaseMyTrip,QP,QP-1825,2026-08-26,T+1,5381,1181,6562,2026-08-25T00:56:01.707Z,FALSE,"",16:50,TRUE
fare_BOM-DEL_QP_2026-08-26_T+1_1787686351378_0o18,BOM-DEL,EaseMyTrip,QP,QP-1111,2026-08-26,T+1,5381,1181,6562,2026-08-25T00:56:01.707Z,FALSE,"",05:25,TRUE
fare_BOM-DEL_QP_2026-08-26_T+1_1787686351378_xioa,BOM-DEL,EaseMyTrip,QP,QP-1127,2026-08-26,T+1,5381,1181,6562,2026-08-25T00:56:01.707Z,FALSE,"",12:55,TRUE
fare_BOM-DEL_QP_2026-08-26_T+1_1787686351378_ey1c,BOM-DEL,EaseMyTrip,QP,QP-1835,2026-08-26,T+1,5381,1181,6562,2026-08-25T00:56:01.707Z,FALSE,"",11:50,TRUE
fare_BOM-DEL_6E_2026-08-26_T+1_1787686351378_30o6,BOM-DEL,EaseMyTrip,6E,6E-314,2026-08-26,T+1,5381,1181,6562,2026-08-25T00:56:01.707Z,FALSE,"",05:00,TRUE
fare_BOM-DEL_6E_2026-08-26_T+1_1787686351378_7rp0,BOM-DEL,EaseMyTrip,6E,6E-385,2026-08-26,T+1,5381,1181,6562,2026-08-25T00:56:01.707Z,FALSE,"",05:00,TRUE
fare_BOM-DEL_6E_2026-08-26_T+1_1787686351378_ug17,BOM-DEL,EaseMyTrip,6E,6E-742,2026-08-26,T+1,5381,1181,6562,2026-08-25T00:56:01.707Z,FALSE,"",17:20,TRUE
fare_BOM-DEL_6E_2026-08-26_T+1_1787686351378_mppv,BOM-DEL,EaseMyTrip,6E,6E-833,2026-08-26,T+1,5381,1181,6562,2026-08-25T00:56:01.707Z,FALSE,"",17:20,TRUE
fare_BOM-DEL_6E_2026-08-26_T+1_1787686351378_q1xk,BOM-DEL,EaseMyTrip,6E,6E-6082,2026-08-26,T+1,5381,1181,6562,2026-08-25T00:56:01.707Z,FALSE,"",16:45,TRUE
fare_BOM-DEL_6E_2026-08-26_T+1_1787686351378_3flp,BOM-DEL,EaseMyTrip,6E,6E-517,2026-08-26,T+1,5381,1181,6562,2026-08-25T00:56:01.707Z,FALSE,"",16:00,TRUE
fare_BOM-DEL_6E_2026-08-26_T+1_1787686351378_rirc,BOM-DEL,EaseMyTrip,6E,6E-232,2026-08-26,T+1,5381,1181,6562,2026-08-25T00:56:01.707Z,FALSE,"",16:00,TRUE
fare_BOM-DEL_6E_2026-08-26_T+1_1787686351378_zgle,BOM-DEL,EaseMyTrip,6E,6E-983,2026-08-26,T+1,5381,1181,6562,2026-08-25T00:56:01.707Z,FALSE,"",15:00,TRUE
fare_BOM-DEL_6E_2026-08-26_T+1_1787686351378_v3ia,BOM-DEL,EaseMyTrip,6E,6E-757,2026-08-26,T+1,5381,1181,6562,2026-08-25T00:56:01.707Z,FALSE,"",15:00,TRUE
fare_BOM-DEL_6E_2026-08-26_T+1_1787686351378_9s0c,BOM-DEL,EaseMyTrip,6E,6E-688,2026-08-26,T+1,5381,1181,6562,2026-08-25T00:56:01.707Z,FALSE,"",13:00,TRUE
fare_BOM-DEL_6E_2026-08-26_T+1_1787686351378_jzd5,BOM-DEL,EaseMyTrip,6E,6E-584,2026-08-26,T+1,5381,1181,6562,2026-08-25T00:56:01.707Z,FALSE,"",13:00,TRUE
fare_BOM-DEL_6E_2026-08-26_T+1_1787686351378_2wmp,BOM-DEL,EaseMyTrip,6E,6E-6704,2026-08-26,T+1,5381,1181,6562,2026-08-25T00:56:01.707Z,FALSE,"",14:00,TRUE
fare_BOM-DEL_6E_2026-08-26_T+1_1787686351378_iyed,BOM-DEL,EaseMyTrip,6E,6E-692,2026-08-26,T+1,5381,1181,6562,2026-08-25T00:56:01.707Z,FALSE,"",06:00,TRUE
fare_BOM-DEL_6E_2026-08-26_T+1_1787686351378_sx8s,BOM-DEL,EaseMyTrip,6E,6E-607,2026-08-26,T+1,5381,1181,6562,2026-08-25T00:56:01.707Z,FALSE,"",06:00,TRUE
fare_BOM-DEL_6E_2026-08-26_T+1_1787686351378_na5o,BOM-DEL,EaseMyTrip,6E,6E-6052,2026-08-26,T+1,5381,1181,6562,2026-08-25T00:56:01.707Z,FALSE,"",10:00,TRUE
fare_BOM-DEL_6E_2026-08-26_T+1_1787686351378_gnyu,BOM-DEL,EaseMyTrip,6E,6E-450,2026-08-26,T+1,5381,1181,6562,2026-08-25T00:56:01.707Z,FALSE,"",10:35,TRUE
fare_BOM-DEL_6E_2026-08-26_T+1_1787686351378_2r28,BOM-DEL,EaseMyTrip,6E,6E-370,2026-08-26,T+1,5381,1181,6562,2026-08-25T00:56:01.707Z,FALSE,"",10:35,TRUE
fare_BOM-DEL_6E_2026-08-26_T+1_1787686351378_fszi,BOM-DEL,EaseMyTrip,6E,6E-6827,2026-08-26,T+1,5381,1181,6562,2026-08-25T00:56:01.707Z,FALSE,"",11:30,TRUE
fare_BOM-DEL_6E_2026-08-26_T+1_1787686351378_jerb,BOM-DEL,EaseMyTrip,6E,6E-6028,2026-08-26,T+1,5381,1181,6562,2026-08-25T00:56:01.707Z,FALSE,"",12:15,TRUE
fare_BOM-DEL_QP_2026-08-26_T+1_1787686351378_jp79,BOM-DEL,EaseMyTrip,QP,QP-1941,2026-08-26,T+1,5423,1191,6614,2026-08-25T00:56:01.707Z,FALSE,"",18:05,TRUE
fare_BOM-DEL_QP_2026-08-26_T+1_1787686351378_vvst,BOM-DEL,EaseMyTrip,QP,QP-1939,2026-08-26,T+1,5423,1191,6614,2026-08-25T00:56:01.707Z,FALSE,"",10:10,TRUE
fare_BOM-DEL_6E_2026-08-26_T+1_1787686351378_ger0,BOM-DEL,EaseMyTrip,6E,6E-180,2026-08-26,T+1,5510,1210,6720,2026-08-25T00:56:01.707Z,FALSE,"",23:45,TRUE
fare_BOM-DEL_6E_2026-08-26_T+1_1787686351378_trnk,BOM-DEL,EaseMyTrip,6E,6E-456,2026-08-26,T+1,5510,1210,6720,2026-08-25T00:56:01.707Z,FALSE,"",23:45,TRUE
fare_BOM-DEL_6E_2026-08-26_T+1_1787686351378_0vst,BOM-DEL,EaseMyTrip,6E,6E-892,2026-08-26,T+1,5510,1210,6720,2026-08-25T00:56:01.707Z,FALSE,"",07:00,TRUE
fare_BOM-DEL_6E_2026-08-26_T+1_1787686351378_y6wz,BOM-DEL,EaseMyTrip,6E,6E-365,2026-08-26,T+1,5510,1210,6720,2026-08-25T00:56:01.707Z,FALSE,"",07:00,TRUE
fare_BOM-DEL_IX_2026-08-26_T+1_1787686351378_uawu,BOM-DEL,EaseMyTrip,IX,IX-2153,2026-08-26,T+1,5769,1266,7035,2026-08-25T00:56:01.707Z,FALSE,"",21:15,TRUE
fare_BOM-DEL_6E_2026-08-26_T+1_1787686351378_0cin,BOM-DEL,EaseMyTrip,6E,6E-2090,2026-08-26,T+1,5552,1219,6771,2026-08-25T00:56:01.707Z,FALSE,"",06:25,TRUE
fare_BOM-DEL_QP_2026-08-26_T+1_1787686351378_q4yz,BOM-DEL,EaseMyTrip,QP,QP-2071,2026-08-26,T+1,5560,1221,6781,2026-08-25T00:56:01.707Z,FALSE,"",05:45,TRUE
fare_BOM-DEL_AI_2026-08-26_T+1_1787686351378_vjuz,BOM-DEL,EaseMyTrip,AI,AI-2419,2026-08-26,T+1,5766,1266,7032,2026-08-25T00:56:01.707Z,FALSE,"",12:00,TRUE
fare_BOM-DEL_AI_2026-08-26_T+1_1787686351378_ukv5,BOM-DEL,EaseMyTrip,AI,AI-2442,2026-08-26,T+1,5766,1266,7032,2026-08-25T00:56:01.707Z,FALSE,"",15:00,TRUE
fare_BOM-DEL_AI_2026-08-26_T+1_1787686351378_slt4,BOM-DEL,EaseMyTrip,AI,AI-2614,2026-08-26,T+1,5766,1266,7032,2026-08-25T00:56:01.707Z,FALSE,"",23:30,TRUE
fare_BOM-DEL_AI_2026-08-26_T+1_1787686351378_kqza,BOM-DEL,EaseMyTrip,AI,AI-2952,2026-08-26,T+1,5766,1266,7032,2026-08-25T00:56:01.707Z,FALSE,"",11:25,TRUE
fare_BOM-DEL_AI_2026-08-26_T+1_1787686351378_wn5i,BOM-DEL,EaseMyTrip,AI,AI-2986,2026-08-26,T+1,5766,1266,7032,2026-08-25T00:56:01.707Z,FALSE,"",22:50,TRUE
fare_BOM-DEL_AI_2026-08-26_T+1_1787686351378_nzdi,BOM-DEL,EaseMyTrip,AI,AI-1851,2026-08-26,T+1,5766,1266,7032,2026-08-25T00:56:01.707Z,FALSE,"",15:30,TRUE
fare_BOM-DEL_AI_2026-08-26_T+1_1787686351378_ysel,BOM-DEL,EaseMyTrip,AI,AI-2687,2026-08-26,T+1,5766,1266,7032,2026-08-25T00:56:01.707Z,FALSE,"",16:30,TRUE
fare_BOM-DEL_6E_2026-08-26_T+1_1787686351378_vnl1,BOM-DEL,EaseMyTrip,6E,6E-205,2026-08-26,T+1,5683,1247,6930,2026-08-25T00:56:01.707Z,FALSE,"",22:15,TRUE
fare_BOM-DEL_6E_2026-08-26_T+1_1787686351378_d275,BOM-DEL,EaseMyTrip,6E,6E-544,2026-08-26,T+1,5683,1247,6930,2026-08-25T00:56:01.707Z,FALSE,"",22:15,TRUE
fare_BOM-DEL_6E_2026-08-26_T+1_1787686351378_12dt,BOM-DEL,EaseMyTrip,6E,6E-321,2026-08-26,T+1,5683,1247,6930,2026-08-25T00:56:01.707Z,FALSE,"",09:00,TRUE
fare_BOM-DEL_6E_2026-08-26_T+1_1787686351378_4kdn,BOM-DEL,EaseMyTrip,6E,6E-956,2026-08-26,T+1,5683,1247,6930,2026-08-25T00:56:01.707Z,FALSE,"",09:00,TRUE
fare_BOM-DEL_6E_2026-08-26_T+1_1787686351378_go6p,BOM-DEL,EaseMyTrip,6E,6E-2243,2026-08-26,T+1,5724,1257,6981,2026-08-25T00:56:01.707Z,FALSE,"",14:15,TRUE
fare_BOM-DEL_6E_2026-08-26_T+1_1787686351378_aphj,BOM-DEL,EaseMyTrip,6E,6E-5197,2026-08-26,T+1,5725,1257,6982,2026-08-25T00:56:01.707Z,FALSE,"",06:40,TRUE
fare_BOM-DEL_AI_2026-08-26_T+1_1787686351378_0h2g,BOM-DEL,EaseMyTrip,AI,AI-1882,2026-08-26,T+1,5897,1294,7191,2026-08-25T00:56:01.707Z,FALSE,"",23:55,TRUE
fare_BOM-DEL_6E_2026-08-26_T+1_1787686351378_gjvx,BOM-DEL,EaseMyTrip,6E,6E-5147,2026-08-26,T+1,5847,1283,7130,2026-08-25T00:56:01.707Z,FALSE,"",18:35,FALSE
fare_BOM-DEL_6E_2026-08-26_T+1_1787686351378_85b4,BOM-DEL,EaseMyTrip,6E,6E-6802,2026-08-26,T+1,5847,1283,7130,2026-08-25T00:56:01.707Z,FALSE,"",16:55,FALSE
fare_BOM-DEL_6E_2026-08-26_T+1_1787686351378_1yn8,BOM-DEL,EaseMyTrip,6E,6E-258,2026-08-26,T+1,5897,1295,7192,2026-08-25T00:56:01.707Z,FALSE,"",20:20,TRUE
fare_BOM-DEL_6E_2026-08-26_T+1_1787686351378_3ksn,BOM-DEL,EaseMyTrip,6E,6E-217,2026-08-26,T+1,5897,1295,7192,2026-08-25T00:56:01.707Z,FALSE,"",20:20,TRUE
fare_BOM-DEL_6E_2026-08-26_T+1_1787686351378_p1kt,BOM-DEL,EaseMyTrip,6E,6E-316,2026-08-26,T+1,5897,1295,7192,2026-08-25T00:56:01.707Z,FALSE,"",19:00,TRUE
fare_BOM-DEL_6E_2026-08-26_T+1_1787686351378_sii0,BOM-DEL,EaseMyTrip,6E,6E-539,2026-08-26,T+1,5897,1295,7192,2026-08-25T00:56:01.707Z,FALSE,"",19:00,TRUE
fare_BOM-DEL_6E_2026-08-26_T+1_1787686351378_3n05,BOM-DEL,EaseMyTrip,6E,6E-6613,2026-08-26,T+1,5897,1295,7192,2026-08-25T00:56:01.707Z,FALSE,"",18:15,TRUE
fare_BOM-DEL_6E_2026-08-26_T+1_1787686351378_y8e6,BOM-DEL,EaseMyTrip,6E,6E-6049,2026-08-26,T+1,5897,1295,7192,2026-08-25T00:56:01.707Z,FALSE,"",19:45,TRUE
fare_BOM-DEL_AI_2026-08-26_T+1_1787686351378_utwc,BOM-DEL,EaseMyTrip,AI,AI-2422,2026-08-26,T+1,6069,1332,7401,2026-08-25T00:56:01.707Z,FALSE,"",22:00,TRUE
fare_BOM-DEL_6E_2026-08-26_T+1_1787686351378_kkdu,BOM-DEL,EaseMyTrip,6E,6E-130,2026-08-26,T+1,5940,1304,7244,2026-08-25T00:56:01.707Z,FALSE,"",17:20,TRUE
fare_BOM-DEL_6E_2026-08-26_T+1_1787686351378_8owt,BOM-DEL,EaseMyTrip,6E,6E-191,2026-08-26,T+1,5940,1304,7244,2026-08-25T00:56:01.707Z,FALSE,"",17:20,TRUE
fare_BOM-DEL_QP_2026-08-26_T+1_1787686351378_xtf4,BOM-DEL,EaseMyTrip,QP,QP-1109,2026-08-26,T+1,6103,1340,7443,2026-08-25T00:56:01.707Z,FALSE,"",07:00,TRUE
fare_BOM-DEL_AI_2026-08-26_T+1_1787686351378_21ey,BOM-DEL,EaseMyTrip,AI,AI-2677,2026-08-26,T+1,6283,1379,7662,2026-08-25T00:56:01.707Z,FALSE,"",13:00,TRUE
fare_BOM-DEL_AI_2026-08-26_T+1_1787686351378_n1j1,BOM-DEL,EaseMyTrip,AI,AI-816,2026-08-26,T+1,6283,1379,7662,2026-08-25T00:56:01.707Z,FALSE,"",21:00,TRUE
fare_BOM-DEL_AI_2026-08-26_T+1_1787686351378_2hr1,BOM-DEL,EaseMyTrip,AI,AI-2748,2026-08-26,T+1,6283,1379,7662,2026-08-25T00:56:01.707Z,FALSE,"",21:30,TRUE
fare_BOM-DEL_AI_2026-08-26_T+1_1787686351378_xt4j,BOM-DEL,EaseMyTrip,AI,AI-2910,2026-08-26,T+1,6283,1379,7662,2026-08-25T00:56:01.707Z,FALSE,"",17:30,TRUE
fare_BOM-DEL_6E_2026-08-26_T+1_1787686351378_fwq7,BOM-DEL,EaseMyTrip,6E,6E-652,2026-08-26,T+1,6156,1351,7507,2026-08-25T00:56:01.707Z,FALSE,"",21:15,TRUE
fare_BOM-DEL_6E_2026-08-26_T+1_1787686351378_55ti,BOM-DEL,EaseMyTrip,6E,6E-406,2026-08-26,T+1,6156,1351,7507,2026-08-25T00:56:01.707Z,FALSE,"",21:15,TRUE
fare_BOM-DEL_IX_2026-08-26_T+1_1787686351378_xqzh,BOM-DEL,EaseMyTrip,IX,IX-2952,2026-08-26,T+1,6413,1408,7821,2026-08-25T00:56:01.707Z,FALSE,"",09:05,TRUE
fare_BOM-DEL_6E_2026-08-26_T+1_1787686351378_ugnu,BOM-DEL,EaseMyTrip,6E,6E-867,2026-08-26,T+1,6198,1360,7558,2026-08-25T00:56:01.707Z,FALSE,"",14:40,FALSE
fare_BOM-DEL_6E_2026-08-26_T+1_1787686351378_3egk,BOM-DEL,EaseMyTrip,6E,6E-372,2026-08-26,T+1,6198,1360,7558,2026-08-25T00:56:01.707Z,FALSE,"",14:40,FALSE
fare_BOM-DEL_6E_2026-08-26_T+1_1787686351378_mil4,BOM-DEL,EaseMyTrip,6E,6E-6195,2026-08-26,T+1,6477,1422,7899,2026-08-25T00:56:01.707Z,FALSE,"",23:00,FALSE
fare_BOM-DEL_6E_2026-08-26_T+1_1787686351378_6lzn,BOM-DEL,EaseMyTrip,6E,6E-6361,2026-08-26,T+1,6542,1436,7978,2026-08-25T00:56:01.707Z,FALSE,"",05:00,FALSE
fare_BOM-DEL_SG_2026-08-26_T+1_1787686351378_7azp,BOM-DEL,EaseMyTrip,SG,SG-389,2026-08-26,T+1,6775,1487,8262,2026-08-25T00:56:01.707Z,FALSE,"",23:55,TRUE
fare_BOM-DEL_SG_2026-08-26_T+1_1787686351378_0luz,BOM-DEL,EaseMyTrip,SG,SG-788,2026-08-26,T+1,6775,1487,8262,2026-08-25T00:56:01.707Z,FALSE,"",23:55,TRUE
fare_BOM-DEL_6E_2026-08-26_T+1_1787686351378_z7dv,BOM-DEL,EaseMyTrip,6E,6E-2138,2026-08-26,T+1,6822,1498,8320,2026-08-25T00:56:01.707Z,FALSE,"",16:20,FALSE
fare_BOM-DEL_6E_2026-08-26_T+1_1787686351378_fuqx,BOM-DEL,EaseMyTrip,6E,6E-5028,2026-08-26,T+1,6872,1509,8381,2026-08-25T00:56:01.707Z,FALSE,"",19:35,FALSE
fare_BOM-DEL_6E_2026-08-26_T+1_1787686351378_m4z1,BOM-DEL,EaseMyTrip,6E,6E-840,2026-08-26,T+1,7060,1550,8610,2026-08-25T00:56:01.707Z,FALSE,"",08:00,TRUE
fare_BOM-DEL_6E_2026-08-26_T+1_1787686351378_51z3,BOM-DEL,EaseMyTrip,6E,6E-641,2026-08-26,T+1,7060,1550,8610,2026-08-25T00:56:01.707Z,FALSE,"",08:00,TRUE
fare_BOM-DEL_QP_2026-08-26_T+1_1787686351378_czwu,BOM-DEL,EaseMyTrip,QP,QP-1120,2026-08-26,T+1,7061,1550,8611,2026-08-25T00:56:01.707Z,FALSE,"",18:45,TRUE
fare_BOM-DEL_AI_2026-08-26_T+1_1787686351378_0uvk,BOM-DEL,EaseMyTrip,AI,AI-2408,2026-08-26,T+1,7540,1655,9195,2026-08-25T00:56:01.707Z,FALSE,"",19:30,TRUE
fare_BOM-DEL_AI_2026-08-26_T+1_1787686351378_iw7n,BOM-DEL,EaseMyTrip,AI,AI-2988,2026-08-26,T+1,7540,1655,9195,2026-08-25T00:56:01.707Z,FALSE,"",20:30,TRUE
fare_BOM-DEL_SG_2026-08-26_T+1_1787686351378_x597,BOM-DEL,EaseMyTrip,SG,SG-717,2026-08-26,T+1,9293,2040,11333,2026-08-25T00:56:01.707Z,FALSE,"",01:50,TRUE
fare_BOM-DEL_SG_2026-08-26_T+1_1787686351378_7ppu,BOM-DEL,EaseMyTrip,SG,SG-737,2026-08-26,T+1,9293,2040,11333,2026-08-25T00:56:01.707Z,FALSE,"",01:50,TRUE
fare_BOM-DEL_6E_2026-08-26_T+1_1787686351378_ibw3,BOM-DEL,EaseMyTrip,6E,6E-762,2026-08-26,T+1,7426,1630,9056,2026-08-25T00:56:01.707Z,FALSE,"",19:20,FALSE
fare_BOM-DEL_6E_2026-08-26_T+1_1787686351378_x9zd,BOM-DEL,EaseMyTrip,6E,6E-184,2026-08-26,T+1,7426,1630,9056,2026-08-25T00:56:01.707Z,FALSE,"",19:20,FALSE
fare_BOM-DEL_6E_2026-08-26_T+1_1787686351378_lzbt,BOM-DEL,EaseMyTrip,6E,6E-6543,2026-08-26,T+1,7479,1642,9121,2026-08-25T00:56:01.707Z,FALSE,"",07:50,FALSE
fare_BOM-DEL_AI_2026-08-26_T+1_1787686351378_g54s,BOM-DEL,EaseMyTrip,AI,AI-2940,2026-08-26,T+1,7735,1698,9433,2026-08-25T00:56:01.707Z,FALSE,"",20:00,TRUE
fare_BOM-DEL_AI_2026-08-26_T+1_1787686351378_kn2q,BOM-DEL,EaseMyTrip,AI,AI-2426,2026-08-26,T+1,7801,1712,9513,2026-08-25T00:56:01.707Z,FALSE,"",19:00,TRUE
fare_BOM-DEL_AI_2026-08-26_T+1_1787686351378_3rh7,BOM-DEL,EaseMyTrip,AI,AI-2440,2026-08-26,T+1,7801,1712,9513,2026-08-25T00:56:01.707Z,FALSE,"",18:00,TRUE
fare_BOM-DEL_6E_2026-08-26_T+1_1787686351378_wvki,BOM-DEL,EaseMyTrip,6E,6E-708,2026-08-26,T+1,7728,1697,9425,2026-08-25T00:56:01.707Z,FALSE,"",17:45,FALSE
fare_BOM-DEL_6E_2026-08-26_T+1_1787686351378_k1vy,BOM-DEL,EaseMyTrip,6E,6E-562,2026-08-26,T+1,7728,1697,9425,2026-08-25T00:56:01.707Z,FALSE,"",17:45,FALSE
fare_BOM-DEL_6E_2026-08-26_T+1_1787686351378_uqb0,BOM-DEL,EaseMyTrip,6E,6E-5059,2026-08-26,T+1,7861,1726,9587,2026-08-25T00:56:01.707Z,FALSE,"",05:45,FALSE
fare_BOM-DEL_AI_2026-08-26_T+1_1787686351378_uync,BOM-DEL,EaseMyTrip,AI,AI-1890,2026-08-26,T+1,8090,1776,9866,2026-08-25T00:56:01.707Z,FALSE,"",09:00,TRUE
fare_BOM-DEL_AI_2026-08-26_T+1_1787686351378_noyg,BOM-DEL,EaseMyTrip,AI,AI-2928,2026-08-26,T+1,8090,1776,9866,2026-08-25T00:56:01.707Z,FALSE,"",06:30,TRUE
fare_BOM-DEL_AI_2026-08-26_T+1_1787686351378_jved,BOM-DEL,EaseMyTrip,AI,AI-2996,2026-08-26,T+1,8315,1825,10140,2026-08-25T00:56:01.707Z,FALSE,"",18:30,TRUE
fare_BOM-DEL_IX_2026-08-26_T+1_1787686351378_x2yr,BOM-DEL,EaseMyTrip,IX,IX-1237,2026-08-26,T+1,8989,1973,10962,2026-08-25T00:56:01.707Z,FALSE,"",05:55,FALSE
fare_BOM-DEL_AI_2026-08-26_T+1_1787686351378_46oo,BOM-DEL,EaseMyTrip,AI,AI-2591,2026-08-26,T+1,9348,2052,11400,2026-08-25T00:56:01.707Z,FALSE,"",07:25,TRUE
fare_BOM-DEL_6E_2026-08-26_T+1_1787686351378_f4io,BOM-DEL,EaseMyTrip,6E,6E-5154,2026-08-26,T+1,9373,2058,11431,2026-08-25T00:56:01.707Z,FALSE,"",15:45,FALSE
fare_BOM-DEL_AI_2026-08-26_T+1_1787686351378_t0d1,BOM-DEL,EaseMyTrip,AI,AI-2970,2026-08-26,T+1,9598,2107,11705,2026-08-25T00:56:01.707Z,FALSE,"",08:30,TRUE
fare_BOM-DEL_AI_2026-08-26_T+1_1787686351378_776q,BOM-DEL,EaseMyTrip,AI,AI-2424,2026-08-26,T+1,9681,2125,11806,2026-08-25T00:56:01.707Z,FALSE,"",07:00,TRUE
fare_BOM-DEL_6E_2026-08-26_T+1_1787686351378_oakl,BOM-DEL,EaseMyTrip,6E,6E-5131,2026-08-26,T+1,9523,2090,11613,2026-08-25T00:56:01.707Z,FALSE,"",15:50,FALSE
fare_BOM-DEL_AI_2026-08-26_T+1_1787686351378_rbuk,BOM-DEL,EaseMyTrip,AI,AI-9518,2026-08-26,T+1,9763,2143,11906,2026-08-25T00:56:01.707Z,FALSE,"",16:15,FALSE
fare_BOM-DEL_6E_2026-08-26_T+1_1787686351378_1d72,BOM-DEL,EaseMyTrip,6E,6E-6058,2026-08-26,T+1,10321,2265,12586,2026-08-25T00:56:01.707Z,FALSE,"",08:05,FALSE
fare_BOM-DEL_AI_2026-08-26_T+1_1787686351378_pll8,BOM-DEL,EaseMyTrip,AI,AI-2477,2026-08-26,T+1,10530,2312,12842,2026-08-25T00:56:01.707Z,FALSE,"",13:05,FALSE
fare_BOM-DEL_AI_2026-08-26_T+1_1787686351378_sxv7,BOM-DEL,EaseMyTrip,AI,AI-9558,2026-08-26,T+1,10709,2351,13060,2026-08-25T00:56:01.707Z,FALSE,"",08:30,FALSE
fare_BOM-DEL_IX_2026-08-26_T+1_1787686351378_d7ni,BOM-DEL,EaseMyTrip,IX,IX-1238,2026-08-26,T+1,10902,2393,13295,2026-08-25T00:56:01.707Z,FALSE,"",12:25,FALSE
fare_BOM-DEL_AI_2026-08-26_T+1_1787686351378_ziis,BOM-DEL,EaseMyTrip,AI,AI-2505,2026-08-26,T+1,10879,2388,13267,2026-08-25T00:56:01.707Z,FALSE,"",19:25,FALSE
fare_BOM-DEL_6E_2026-08-26_T+1_1787686351378_1nq1,BOM-DEL,EaseMyTrip,6E,6E-5056,2026-08-26,T+1,10788,2368,13156,2026-08-25T00:56:01.707Z,FALSE,"",21:10,FALSE
fare_BOM-DEL_6E_2026-08-26_T+1_1787686351378_busu,BOM-DEL,EaseMyTrip,6E,6E-5238,2026-08-26,T+1,10881,2389,13270,2026-08-25T00:56:01.707Z,FALSE,"",18:25,FALSE
fare_BOM-DEL_6E_2026-08-26_T+1_1787686351378_hers,BOM-DEL,EaseMyTrip,6E,6E-5345,2026-08-26,T+1,11070,2430,13500,2026-08-25T00:56:01.707Z,FALSE,"",14:25,FALSE
fare_BOM-DEL_6E_2026-08-26_T+1_1787686351378_ota8,BOM-DEL,EaseMyTrip,6E,6E-5273,2026-08-26,T+1,11091,2435,13526,2026-08-25T00:56:01.707Z,FALSE,"",18:35,FALSE
fare_BOM-DEL_AI_2026-08-26_T+1_1787686351378_awik,BOM-DEL,EaseMyTrip,AI,AI-2428,2026-08-26,T+1,11334,2488,13822,2026-08-25T00:56:01.707Z,FALSE,"",08:00,TRUE
fare_BOM-DEL_IX_2026-08-26_T+1_1787686351378_iaf5,BOM-DEL,EaseMyTrip,IX,IX-1798,2026-08-26,T+1,11453,2514,13967,2026-08-25T00:56:01.707Z,FALSE,"",11:20,FALSE
fare_BOM-DEL_6E_2026-08-26_T+1_1787686351378_iona,BOM-DEL,EaseMyTrip,6E,6E-6122,2026-08-26,T+1,11379,2498,13877,2026-08-25T00:56:01.707Z,FALSE,"",15:45,FALSE
fare_BOM-DEL_AI_2026-08-26_T+1_1787686351378_kb0d,BOM-DEL,EaseMyTrip,AI,AI-9753,2026-08-26,T+1,11644,2556,14200,2026-08-25T00:56:01.707Z,FALSE,"",17:05,FALSE
fare_BOM-DEL_6E_2026-08-26_T+1_1787686351378_jof0,BOM-DEL,EaseMyTrip,6E,6E-5164,2026-08-26,T+1,11490,2522,14012,2026-08-25T00:56:01.707Z,FALSE,"",20:35,FALSE
fare_BOM-DEL_AI_2026-08-26_T+1_1787686351378_2gv5,BOM-DEL,EaseMyTrip,AI,AI-2823,2026-08-26,T+1,12137,2664,14801,2026-08-25T00:56:01.707Z,FALSE,"",22:45,FALSE
fare_BOM-DEL_6E_2026-08-26_T+1_1787686351378_ulm1,BOM-DEL,EaseMyTrip,6E,6E-5135,2026-08-26,T+1,12028,2640,14668,2026-08-25T00:56:01.707Z,FALSE,"",23:20,FALSE
fare_BOM-DEL_6E_2026-08-26_T+1_1787686351378_9zcd,BOM-DEL,EaseMyTrip,6E,6E-6599,2026-08-26,T+1,12046,2644,14690,2026-08-25T00:56:01.707Z,FALSE,"",16:50,FALSE
fare_BOM-DEL_6E_2026-08-26_T+1_1787686351378_qarx,BOM-DEL,EaseMyTrip,6E,6E-5178,2026-08-26,T+1,12129,2662,14791,2026-08-25T00:56:01.707Z,FALSE,"",11:45,FALSE
fare_BOM-DEL_AI_2026-08-26_T+1_1787686351378_wn44,BOM-DEL,EaseMyTrip,AI,AI-2672,2026-08-26,T+1,13091,2874,15965,2026-08-25T00:56:01.707Z,FALSE,"",18:00,FALSE
fare_BOM-DEL_AI_2026-08-26_T+1_1787686351378_2m0c,BOM-DEL,EaseMyTrip,AI,AI-2841,2026-08-26,T+1,13192,2896,16088,2026-08-25T00:56:01.707Z,FALSE,"",11:20,FALSE
fare_BOM-DEL_6E_2026-08-26_T+1_1787686351378_zp0z,BOM-DEL,EaseMyTrip,6E,6E-5181,2026-08-26,T+1,13039,2862,15901,2026-08-25T00:56:01.707Z,FALSE,"",10:25,FALSE
fare_BOM-DEL_6E_2026-08-26_T+1_1787686351378_yczf,BOM-DEL,EaseMyTrip,6E,6E-5386,2026-08-26,T+1,13292,2918,16210,2026-08-25T00:56:01.707Z,FALSE,"",15:10,FALSE
fare_BOM-DEL_6E_2026-08-26_T+1_1787686351378_3qur,BOM-DEL,EaseMyTrip,6E,6E-483,2026-08-26,T+1,13340,2928,16268,2026-08-25T00:56:01.707Z,FALSE,"",01:30,FALSE
fare_BOM-DEL_6E_2026-08-26_T+1_1787686351378_bv8l,BOM-DEL,EaseMyTrip,6E,6E-334,2026-08-26,T+1,13340,2928,16268,2026-08-25T00:56:01.707Z,FALSE,"",01:30,FALSE
fare_BOM-DEL_6E_2026-08-26_T+1_1787686351378_9bih,BOM-DEL,EaseMyTrip,6E,6E-790,2026-08-26,T+1,13361,2933,16294,2026-08-25T00:56:01.707Z,FALSE,"",04:45,FALSE
fare_BOM-DEL_6E_2026-08-26_T+1_1787686351378_w4f3,BOM-DEL,EaseMyTrip,6E,6E-898,2026-08-26,T+1,13361,2933,16294,2026-08-25T00:56:01.707Z,FALSE,"",04:45,FALSE
fare_BOM-DEL_AI_2026-08-26_T+1_1787686351378_shht,BOM-DEL,EaseMyTrip,AI,AI-2753,2026-08-26,T+1,13595,2984,16579,2026-08-25T00:56:01.707Z,FALSE,"",13:50,FALSE
fare_BOM-DEL_6E_2026-08-26_T+1_1787686351378_3tmu,BOM-DEL,EaseMyTrip,6E,6E-5318,2026-08-26,T+1,13434,2949,16383,2026-08-25T00:56:01.707Z,FALSE,"",10:15,FALSE
fare_BOM-DEL_AI_2026-08-26_T+1_1787686351378_5ax6,BOM-DEL,EaseMyTrip,AI,AI-2741,2026-08-26,T+1,13953,3063,17016,2026-08-25T00:56:01.707Z,FALSE,"",07:40,FALSE
fare_BOM-DEL_IX_2026-08-26_T+1_1787686351378_ehq3,BOM-DEL,EaseMyTrip,IX,IX-2367,2026-08-26,T+1,14256,3129,17385,2026-08-25T00:56:01.707Z,FALSE,"",07:20,FALSE
fare_BOM-DEL_AI_2026-08-26_T+1_1787686351378_4pg1,BOM-DEL,EaseMyTrip,AI,AI-2997,2026-08-26,T+1,14242,3126,17368,2026-08-25T00:56:01.707Z,FALSE,"",10:10,FALSE
fare_BOM-DEL_6E_2026-08-26_T+1_1787686351378_2ei0,BOM-DEL,EaseMyTrip,6E,6E-131,2026-08-26,T+1,14144,3105,17249,2026-08-25T00:56:01.707Z,FALSE,"",04:00,FALSE
fare_BOM-DEL_6E_2026-08-26_T+1_1787686351378_sr5a,BOM-DEL,EaseMyTrip,6E,6E-716,2026-08-26,T+1,14144,3105,17249,2026-08-25T00:56:01.707Z,FALSE,"",04:00,FALSE
fare_BOM-DEL_IX_2026-08-26_T+1_1787686351378_7o5a,BOM-DEL,EaseMyTrip,IX,IX-1283,2026-08-26,T+1,14528,3189,17717,2026-08-25T00:56:01.707Z,FALSE,"",06:05,FALSE
fare_BOM-DEL_AI_2026-08-26_T+1_1787686351378_ul3m,BOM-DEL,EaseMyTrip,AI,AI-2531,2026-08-26,T+1,14755,3239,17994,2026-08-25T00:56:01.707Z,FALSE,"",15:05,FALSE
fare_BOM-DEL_6E_2026-08-26_T+1_1787686351378_xbu6,BOM-DEL,EaseMyTrip,6E,6E-617,2026-08-26,T+1,14753,3239,17992,2026-08-25T00:56:01.707Z,FALSE,"",12:40,FALSE
fare_BOM-DEL_6E_2026-08-26_T+1_1787686351378_mutd,BOM-DEL,EaseMyTrip,6E,6E-220,2026-08-26,T+1,14753,3239,17992,2026-08-25T00:56:01.707Z,FALSE,"",12:40,FALSE
fare_BOM-DEL_6E_2026-08-26_T+1_1787686351378_cow6,BOM-DEL,EaseMyTrip,6E,6E-7017,2026-08-26,T+1,14881,3266,18147,2026-08-25T00:56:01.707Z,FALSE,"",21:30,FALSE
fare_BOM-DEL_IX_2026-08-26_T+1_1787686351378_05l2,BOM-DEL,EaseMyTrip,IX,IX-1640,2026-08-26,T+1,15208,3338,18546,2026-08-25T00:56:01.707Z,FALSE,"",20:55,FALSE
fare_BOM-DEL_6E_2026-08-26_T+1_1787686351378_obu1,BOM-DEL,EaseMyTrip,6E,6E-5326,2026-08-26,T+1,15127,3320,18447,2026-08-25T00:56:01.707Z,FALSE,"",19:40,FALSE
fare_BOM-DEL_AI_2026-08-26_T+1_1787686351378_ng4s,BOM-DEL,EaseMyTrip,AI,AI-2625,2026-08-26,T+1,15853,3480,19333,2026-08-25T00:56:01.707Z,FALSE,"",06:00,FALSE
fare_BOM-DEL_AI_2026-08-26_T+1_1787686351378_2f5q,BOM-DEL,EaseMyTrip,AI,AI-2663,2026-08-26,T+1,15954,3502,19456,2026-08-25T00:56:01.707Z,FALSE,"",10:25,FALSE
fare_BOM-DEL_AI_2026-08-26_T+1_1787686351378_5ecq,BOM-DEL,EaseMyTrip,AI,AI-2632,2026-08-26,T+1,16528,3628,20156,2026-08-25T00:56:01.707Z,FALSE,"",12:00,FALSE
fare_BOM-DEL_AI_2026-08-26_T+1_1787686351378_gerb,BOM-DEL,EaseMyTrip,AI,AI-2593,2026-08-26,T+1,16601,3644,20245,2026-08-25T00:56:01.707Z,FALSE,"",12:30,FALSE
fare_BOM-DEL_AI_2026-08-26_T+1_1787686351378_3ot9,BOM-DEL,EaseMyTrip,AI,AI-2493,2026-08-26,T+1,16645,3654,20299,2026-08-25T00:56:01.707Z,FALSE,"",18:05,FALSE
fare_BOM-DEL_IX_2026-08-26_T+1_1787686351378_7on0,BOM-DEL,EaseMyTrip,IX,IX-2915,2026-08-26,T+1,16780,3684,20464,2026-08-25T00:56:01.707Z,FALSE,"",11:50,FALSE
fare_BOM-DEL_AI_2026-08-26_T+1_1787686351378_gen5,BOM-DEL,EaseMyTrip,AI,AI-2579,2026-08-26,T+1,16841,3697,20538,2026-08-25T00:56:01.707Z,FALSE,"",10:35,FALSE
fare_BOM-DEL_6E_2026-08-26_T+1_1787686351378_rbc9,BOM-DEL,EaseMyTrip,6E,6E-5107,2026-08-26,T+1,16916,3713,20629,2026-08-25T00:56:01.707Z,FALSE,"",20:00,FALSE
fare_BOM-DEL_6E_2026-08-26_T+1_1787686351378_0fq8,BOM-DEL,EaseMyTrip,6E,6E-2024,2026-08-26,T+1,16949,3721,20670,2026-08-25T00:56:01.707Z,FALSE,"",09:15,FALSE
fare_BOM-DEL_6E_2026-08-26_T+1_1787686351378_63qf,BOM-DEL,EaseMyTrip,6E,6E-5281,2026-08-26,T+1,17065,3746,20811,2026-08-25T00:56:01.707Z,FALSE,"",08:40,FALSE
fare_BOM-DEL_AI_2026-08-26_T+1_1787686351378_f1g4,BOM-DEL,EaseMyTrip,AI,AI-2749,2026-08-26,T+1,18418,4043,22461,2026-08-25T00:56:01.707Z,FALSE,"",17:35,FALSE
fare_BOM-DEL_6E_2026-08-26_T+1_1787686351378_xt3n,BOM-DEL,EaseMyTrip,6E,6E-5246,2026-08-26,T+1,18338,4026,22364,2026-08-25T00:56:01.707Z,FALSE,"",07:15,FALSE
fare_BOM-DEL_6E_2026-08-26_T+1_1787686351378_pnp1,BOM-DEL,EaseMyTrip,6E,6E-5144,2026-08-26,T+1,19007,4172,23179,2026-08-25T00:56:01.707Z,FALSE,"",05:55,FALSE
fare_BOM-DEL_6E_2026-08-26_T+1_1787686351378_vyye,BOM-DEL,EaseMyTrip,6E,6E-6027,2026-08-26,T+1,19489,4278,23767,2026-08-25T00:56:01.707Z,FALSE,"",17:35,FALSE
fare_BOM-DEL_AI_2026-08-26_T+1_1787686351378_rqpb,BOM-DEL,EaseMyTrip,AI,AI-9891,2026-08-26,T+1,20458,4491,24949,2026-08-25T00:56:01.707Z,FALSE,"",11:20,FALSE
fare_BOM-DEL_6E_2026-08-26_T+1_1787686351378_ts87,BOM-DEL,EaseMyTrip,6E,6E-2237,2026-08-26,T+1,21322,4681,26003,2026-08-25T00:56:01.707Z,TRUE,"High outlier: ₹26003 > upper fence ₹25038 (Q3: ₹14173, IQR: ₹7243)",18:40,FALSE
fare_BOM-DEL_6E_2026-08-26_T+1_1787686351378_xp8v,BOM-DEL,EaseMyTrip,6E,6E-5201,2026-08-26,T+1,23520,5163,28683,2026-08-25T00:56:01.707Z,TRUE,"High outlier: ₹28683 > upper fence ₹25038 (Q3: ₹14173, IQR: ₹7243)",14:55,FALSE
fare_BOM-DEL_AI_2026-08-26_T+1_1787686351378_o9iw,BOM-DEL,EaseMyTrip,AI,AI-9533,2026-08-26,T+1,24570,5393,29963,2026-08-25T00:56:01.707Z,TRUE,"High outlier: ₹29963 > upper fence ₹25038 (Q3: ₹14173, IQR: ₹7243)",16:30,FALSE
fare_BOM-DEL_AI_2026-08-26_T+1_1787686351378_g6r1,BOM-DEL,EaseMyTrip,AI,AI-2718,2026-08-26,T+1,25703,5642,31345,2026-08-25T00:56:01.707Z,TRUE,"High outlier: ₹31345 > upper fence ₹25038 (Q3: ₹14173, IQR: ₹7243)",05:55,FALSE
fare_BOM-DEL_AI_2026-08-26_T+1_1787686351378_hvxi,BOM-DEL,EaseMyTrip,AI,AI-645,2026-08-26,T+1,27990,6144,34134,2026-08-25T00:56:01.707Z,TRUE,"High outlier: ₹34134 > upper fence ₹25038 (Q3: ₹14173, IQR: ₹7243)",10:55,FALSE
fare_BOM-DEL_SG_2026-08-26_T+1_1787686351379_7dml,BOM-DEL,EaseMyTrip,SG,SG-334,2026-08-26,T+1,5188,1139,6327,2026-08-25T19:11:06.336Z,FALSE,"",04:35,TRUE
fare_BOM-DEL_SG_2026-08-26_T+1_1787686351379_ro9u,BOM-DEL,EaseMyTrip,SG,SG-521,2026-08-26,T+1,5188,1139,6327,2026-08-25T19:11:06.336Z,FALSE,"",04:35,TRUE
fare_BOM-DEL_6E_2026-08-26_T+1_1787686351379_5sd9,BOM-DEL,EaseMyTrip,6E,6E-561,2026-08-26,T+1,5381,1181,6562,2026-08-25T19:11:06.336Z,FALSE,"",16:00,TRUE
fare_BOM-DEL_6E_2026-08-26_T+1_1787686351379_jr01,BOM-DEL,EaseMyTrip,6E,6E-877,2026-08-26,T+1,5381,1181,6562,2026-08-25T19:11:06.336Z,FALSE,"",16:00,TRUE
fare_BOM-DEL_6E_2026-08-26_T+1_1787686351379_lawx,BOM-DEL,EaseMyTrip,6E,6E-437,2026-08-26,T+1,5381,1181,6562,2026-08-25T19:11:06.336Z,FALSE,"",15:00,TRUE
fare_BOM-DEL_6E_2026-08-26_T+1_1787686351379_nlmg,BOM-DEL,EaseMyTrip,6E,6E-636,2026-08-26,T+1,5381,1181,6562,2026-08-25T19:11:06.336Z,FALSE,"",15:00,TRUE
fare_BOM-DEL_6E_2026-08-26_T+1_1787686351379_pp95,BOM-DEL,EaseMyTrip,6E,6E-471,2026-08-26,T+1,5381,1181,6562,2026-08-25T19:11:06.336Z,FALSE,"",10:35,TRUE
fare_BOM-DEL_6E_2026-08-26_T+1_1787686351379_mxc4,BOM-DEL,EaseMyTrip,6E,6E-830,2026-08-26,T+1,5381,1181,6562,2026-08-25T19:11:06.336Z,FALSE,"",10:35,TRUE
fare_BOM-DEL_6E_2026-08-26_T+1_1787686351379_86yf,BOM-DEL,EaseMyTrip,6E,6E-250,2026-08-26,T+1,5381,1181,6562,2026-08-25T19:11:06.336Z,FALSE,"",13:00,TRUE
fare_BOM-DEL_6E_2026-08-26_T+1_1787686351379_jeee,BOM-DEL,EaseMyTrip,6E,6E-619,2026-08-26,T+1,5381,1181,6562,2026-08-25T19:11:06.336Z,FALSE,"",13:00,TRUE
fare_BOM-DEL_6E_2026-08-26_T+1_1787686351379_ilk2,BOM-DEL,EaseMyTrip,6E,6E-470,2026-08-26,T+1,5510,1210,6720,2026-08-25T19:11:06.336Z,FALSE,"",17:20,TRUE
fare_BOM-DEL_6E_2026-08-26_T+1_1787686351379_s4mk,BOM-DEL,EaseMyTrip,6E,6E-212,2026-08-26,T+1,5510,1210,6720,2026-08-25T19:11:06.336Z,FALSE,"",17:20,TRUE
fare_BOM-DEL_6E_2026-08-26_T+1_1787686351379_3qem,BOM-DEL,EaseMyTrip,6E,6E-106,2026-08-26,T+1,5683,1247,6930,2026-08-25T19:11:06.336Z,FALSE,"",23:45,TRUE
fare_BOM-DEL_6E_2026-08-26_T+1_1787686351379_af3m,BOM-DEL,EaseMyTrip,6E,6E-990,2026-08-26,T+1,5683,1247,6930,2026-08-25T19:11:06.336Z,FALSE,"",23:45,TRUE
fare_BOM-DEL_6E_2026-08-26_T+1_1787686351379_9dmu,BOM-DEL,EaseMyTrip,6E,6E-773,2026-08-26,T+1,6156,1351,7507,2026-08-25T19:11:06.336Z,FALSE,"",07:00,TRUE
fare_BOM-DEL_6E_2026-08-26_T+1_1787686351379_it19,BOM-DEL,EaseMyTrip,6E,6E-395,2026-08-26,T+1,6156,1351,7507,2026-08-25T19:11:06.336Z,FALSE,"",09:00,TRUE
fare_BOM-DEL_6E_2026-08-26_T+1_1787686351379_mkkh,BOM-DEL,EaseMyTrip,6E,6E-906,2026-08-26,T+1,6156,1351,7507,2026-08-25T19:11:06.336Z,FALSE,"",09:00,TRUE
fare_BOM-DEL_6E_2026-08-26_T+1_1787686351379_7fvz,BOM-DEL,EaseMyTrip,6E,6E-283,2026-08-26,T+1,6156,1351,7507,2026-08-25T19:11:06.336Z,FALSE,"",08:00,TRUE
fare_BOM-DEL_6E_2026-08-26_T+1_1787686351379_sqxz,BOM-DEL,EaseMyTrip,6E,6E-244,2026-08-26,T+1,6156,1351,7507,2026-08-25T19:11:06.336Z,FALSE,"",08:00,TRUE
fare_BOM-DEL_6E_2026-08-26_T+1_1787686351379_uem0,BOM-DEL,EaseMyTrip,6E,6E-221,2026-08-26,T+1,6370,1398,7768,2026-08-25T19:11:06.336Z,FALSE,"",19:20,FALSE
fare_BOM-DEL_6E_2026-08-26_T+1_1787686351379_g4m1,BOM-DEL,EaseMyTrip,6E,6E-555,2026-08-26,T+1,6716,1474,8190,2026-08-25T19:11:06.336Z,FALSE,"",21:15,TRUE
fare_BOM-DEL_6E_2026-08-26_T+1_1787686351379_v6v3,BOM-DEL,EaseMyTrip,6E,6E-816,2026-08-26,T+1,6716,1474,8190,2026-08-25T19:11:06.336Z,FALSE,"",21:15,TRUE
fare_BOM-DEL_6E_2026-08-26_T+1_1787686351379_9mur,BOM-DEL,EaseMyTrip,6E,6E-964,2026-08-26,T+1,6716,1474,8190,2026-08-25T19:11:06.336Z,FALSE,"",19:00,TRUE
fare_BOM-DEL_6E_2026-08-26_T+1_1787686351379_fkhj,BOM-DEL,EaseMyTrip,6E,6E-722,2026-08-26,T+1,6716,1474,8190,2026-08-25T19:11:06.336Z,FALSE,"",19:00,TRUE
fare_BOM-DEL_6E_2026-08-26_T+1_1787686351379_rjdz,BOM-DEL,EaseMyTrip,6E,6E-391,2026-08-26,T+1,6716,1474,8190,2026-08-25T19:11:06.336Z,FALSE,"",20:20,TRUE
fare_BOM-DEL_6E_2026-08-26_T+1_1787686351379_y7xk,BOM-DEL,EaseMyTrip,6E,6E-133,2026-08-26,T+1,6716,1474,8190,2026-08-25T19:11:06.336Z,FALSE,"",20:20,TRUE
fare_BOM-DEL_6E_2026-08-26_T+1_1787686351379_lrra,BOM-DEL,EaseMyTrip,6E,6E-252,2026-08-26,T+1,6844,1502,8346,2026-08-25T19:11:06.336Z,FALSE,"",17:20,TRUE
fare_BOM-DEL_6E_2026-08-26_T+1_1787686351379_m1ue,BOM-DEL,EaseMyTrip,6E,6E-734,2026-08-26,T+1,6844,1502,8346,2026-08-25T19:11:06.336Z,FALSE,"",17:20,TRUE
fare_BOM-DEL_6E_2026-08-26_T+1_1787686351379_rfw7,BOM-DEL,EaseMyTrip,6E,6E-765,2026-08-26,T+1,7060,1550,8610,2026-08-25T19:11:06.336Z,FALSE,"",22:15,TRUE
fare_BOM-DEL_6E_2026-08-26_T+1_1787686351379_528z,BOM-DEL,EaseMyTrip,6E,6E-122,2026-08-26,T+1,7060,1550,8610,2026-08-25T19:11:06.336Z,FALSE,"",22:15,TRUE
fare_BOM-DEL_6E_2026-08-26_T+1_1787686351379_bgdv,BOM-DEL,EaseMyTrip,6E,6E-166,2026-08-26,T+1,7254,1592,8846,2026-08-25T19:11:06.336Z,FALSE,"",14:40,FALSE
fare_BOM-DEL_6E_2026-08-26_T+1_1787686351379_7xcx,BOM-DEL,EaseMyTrip,6E,6E-460,2026-08-26,T+1,7254,1592,8846,2026-08-25T19:11:06.336Z,FALSE,"",14:40,FALSE
fare_BOM-DEL_6E_2026-08-26_T+1_1787686351379_9nrw,BOM-DEL,EaseMyTrip,6E,6E-600,2026-08-26,T+1,9068,1991,11059,2026-08-25T19:11:06.336Z,FALSE,"",12:40,FALSE
fare_BOM-DEL_6E_2026-08-26_T+1_1787686351379_moya,BOM-DEL,EaseMyTrip,6E,6E-646,2026-08-26,T+1,9068,1991,11059,2026-08-25T19:11:06.336Z,FALSE,"",12:40,FALSE
fare_BOM-DEL_SG_2026-08-26_T+1_1787686351379_ztni,BOM-DEL,EaseMyTrip,SG,SG-709,2026-08-26,T+1,10571,2321,12892,2026-08-25T19:11:06.336Z,FALSE,"",23:55,TRUE
fare_BOM-DEL_SG_2026-08-26_T+1_1787686351379_ui0o,BOM-DEL,EaseMyTrip,SG,SG-940,2026-08-26,T+1,10571,2321,12892,2026-08-25T19:11:06.336Z,FALSE,"",23:55,TRUE
fare_BOM-DEL_6E_2026-08-26_T+1_1787686351379_kzel,BOM-DEL,EaseMyTrip,6E,6E-739,2026-08-26,T+1,11622,2551,14173,2026-08-25T19:11:06.336Z,FALSE,"",17:45,FALSE
fare_BOM-DEL_6E_2026-08-26_T+1_1787686351379_ly97,BOM-DEL,EaseMyTrip,6E,6E-373,2026-08-26,T+1,11622,2551,14173,2026-08-25T19:11:06.336Z,FALSE,"",17:45,FALSE
fare_BOM-DEL_AI_2026-08-26_T+1_1787686351379_692c,BOM-DEL,EaseMyTrip,AI,AI-2659,2026-08-26,T+1,13091,2874,15965,2026-08-25T19:11:06.336Z,FALSE,"",14:35,FALSE
fare_BOM-DEL_6E_2026-08-26_T+1_1787686351379_8xe1,BOM-DEL,EaseMyTrip,6E,6E-516,2026-08-26,T+1,28807,6323,35130,2026-08-25T19:11:06.336Z,TRUE,"High outlier: ₹35130 > upper fence ₹25038 (Q3: ₹14173, IQR: ₹7243)",04:45,FALSE
fare_BOM-DEL_6E_2026-08-26_T+1_1787686351379_ane9,BOM-DEL,EaseMyTrip,6E,6E-588,2026-08-26,T+1,28807,6323,35130,2026-08-25T19:11:06.336Z,TRUE,"High outlier: ₹35130 > upper fence ₹25038 (Q3: ₹14173, IQR: ₹7243)",04:45,FALSE
fare_BOM-DEL_SG_2026-09-01_T+7_1787686351380_qii3,BOM-DEL,EaseMyTrip,SG,SG-813,2026-09-01,T+7,5188,1139,6327,2026-08-25T19:11:13.326Z,FALSE,"",01:50,TRUE
fare_BOM-DEL_SG_2026-09-01_T+7_1787686351380_hvit,BOM-DEL,EaseMyTrip,SG,SG-170,2026-09-01,T+7,5188,1139,6327,2026-08-25T19:11:13.326Z,FALSE,"",01:50,TRUE
fare_BOM-DEL_SG_2026-09-01_T+7_1787686351380_cukn,BOM-DEL,EaseMyTrip,SG,SG-9090,2026-09-01,T+7,5275,1158,6433,2026-08-25T19:11:13.326Z,FALSE,"",18:00,TRUE
fare_BOM-DEL_6E_2026-09-01_T+7_1787686351380_83l0,BOM-DEL,EaseMyTrip,6E,6E-6027,2026-09-01,T+7,5145,1129,6274,2026-08-25T19:11:13.326Z,FALSE,"",17:35,FALSE
fare_BOM-DEL_6E_2026-09-01_T+7_1787686351380_uemf,BOM-DEL,EaseMyTrip,6E,6E-5147,2026-09-01,T+7,5145,1129,6274,2026-08-25T19:11:13.326Z,FALSE,"",18:35,FALSE
fare_BOM-DEL_6E_2026-09-01_T+7_1787686351380_l8fa,BOM-DEL,EaseMyTrip,6E,6E-5131,2026-09-01,T+7,5145,1129,6274,2026-08-25T19:11:13.326Z,FALSE,"",15:50,FALSE
fare_BOM-DEL_6E_2026-09-01_T+7_1787686351380_pjeu,BOM-DEL,EaseMyTrip,6E,6E-6122,2026-09-01,T+7,5145,1129,6274,2026-08-25T19:11:13.326Z,FALSE,"",12:25,FALSE
fare_BOM-DEL_6E_2026-09-01_T+7_1787686351380_zvem,BOM-DEL,EaseMyTrip,6E,6E-5345,2026-09-01,T+7,5145,1129,6274,2026-08-25T19:11:13.326Z,FALSE,"",14:25,FALSE
fare_BOM-DEL_IX_2026-09-01_T+7_1787686351380_2psy,BOM-DEL,EaseMyTrip,IX,IX-1026,2026-09-01,T+7,5380,1181,6561,2026-08-25T19:11:13.326Z,FALSE,"",05:45,FALSE
fare_BOM-DEL_IX_2026-09-01_T+7_1787686351380_v0hx,BOM-DEL,EaseMyTrip,IX,IX-1809,2026-09-01,T+7,5380,1181,6561,2026-08-25T19:11:13.326Z,FALSE,"",07:30,FALSE
fare_BOM-DEL_IX_2026-09-01_T+7_1787686351380_in6m,BOM-DEL,EaseMyTrip,IX,IX-2153,2026-09-01,T+7,5381,1181,6562,2026-08-25T19:11:13.326Z,FALSE,"",20:25,TRUE
fare_BOM-DEL_IX_2026-09-01_T+7_1787686351380_5c6y,BOM-DEL,EaseMyTrip,IX,IX-1163,2026-09-01,T+7,5595,1228,6823,2026-08-25T19:11:13.326Z,FALSE,"",20:45,FALSE
fare_BOM-DEL_IX_2026-09-01_T+7_1787686351380_8ev3,BOM-DEL,EaseMyTrip,IX,IX-1787,2026-09-01,T+7,5595,1228,6823,2026-08-25T19:11:13.326Z,FALSE,"",13:10,FALSE
fare_BOM-DEL_6E_2026-09-01_T+7_1787686351380_zae2,BOM-DEL,EaseMyTrip,6E,6E-343,2026-09-01,T+7,5209,1143,6352,2026-08-25T19:11:13.326Z,FALSE,"",19:20,FALSE
fare_BOM-DEL_6E_2026-09-01_T+7_1787686351380_55pb,BOM-DEL,EaseMyTrip,6E,6E-431,2026-09-01,T+7,5209,1143,6352,2026-08-25T19:11:13.326Z,FALSE,"",19:20,FALSE
fare_BOM-DEL_6E_2026-09-01_T+7_1787686351380_n9dm,BOM-DEL,EaseMyTrip,6E,6E-420,2026-09-01,T+7,5209,1143,6352,2026-08-25T19:11:13.326Z,FALSE,"",04:45,FALSE
fare_BOM-DEL_6E_2026-09-01_T+7_1787686351380_a4t5,BOM-DEL,EaseMyTrip,6E,6E-222,2026-09-01,T+7,5209,1143,6352,2026-08-25T19:11:13.326Z,FALSE,"",04:45,FALSE
fare_BOM-DEL_6E_2026-09-01_T+7_1787686351380_dda3,BOM-DEL,EaseMyTrip,6E,6E-2138,2026-09-01,T+7,5238,1150,6388,2026-08-25T19:11:13.326Z,FALSE,"",16:20,FALSE
fare_BOM-DEL_6E_2026-09-01_T+7_1787686351380_350l,BOM-DEL,EaseMyTrip,6E,6E-415,2026-09-01,T+7,5317,1167,6484,2026-08-25T19:11:13.326Z,FALSE,"",17:45,FALSE
fare_BOM-DEL_6E_2026-09-01_T+7_1787686351380_azml,BOM-DEL,EaseMyTrip,6E,6E-505,2026-09-01,T+7,5317,1167,6484,2026-08-25T19:11:13.326Z,FALSE,"",17:45,FALSE
fare_BOM-DEL_6E_2026-09-01_T+7_1787686351380_fthr,BOM-DEL,EaseMyTrip,6E,6E-5056,2026-09-01,T+7,5317,1167,6484,2026-08-25T19:11:13.326Z,FALSE,"",21:10,FALSE
fare_BOM-DEL_6E_2026-09-01_T+7_1787686351380_gvo6,BOM-DEL,EaseMyTrip,6E,6E-5318,2026-09-01,T+7,5317,1167,6484,2026-08-25T19:11:13.326Z,FALSE,"",10:15,FALSE
fare_BOM-DEL_6E_2026-09-01_T+7_1787686351380_z1cu,BOM-DEL,EaseMyTrip,6E,6E-6195,2026-09-01,T+7,5317,1167,6484,2026-08-25T19:11:13.326Z,FALSE,"",23:00,FALSE
fare_BOM-DEL_6E_2026-09-01_T+7_1787686351380_5aq2,BOM-DEL,EaseMyTrip,6E,6E-5326,2026-09-01,T+7,5317,1167,6484,2026-08-25T19:11:13.326Z,FALSE,"",19:40,FALSE
fare_BOM-DEL_6E_2026-09-01_T+7_1787686351380_s006,BOM-DEL,EaseMyTrip,6E,6E-2024,2026-09-01,T+7,5317,1167,6484,2026-08-25T19:11:13.326Z,FALSE,"",09:15,FALSE
fare_BOM-DEL_6E_2026-09-01_T+7_1787686351380_xjqo,BOM-DEL,EaseMyTrip,6E,6E-2090,2026-09-01,T+7,5380,1181,6561,2026-08-25T19:11:13.326Z,FALSE,"",06:25,TRUE
fare_BOM-DEL_QP_2026-09-01_T+7_1787686351380_wbvg,BOM-DEL,EaseMyTrip,QP,QP-1109,2026-09-01,T+7,5381,1181,6562,2026-08-25T19:11:13.326Z,FALSE,"",07:00,TRUE
fare_BOM-DEL_QP_2026-09-01_T+7_1787686351380_y2ld,BOM-DEL,EaseMyTrip,QP,QP-1127,2026-09-01,T+7,5381,1181,6562,2026-08-25T19:11:13.326Z,FALSE,"",13:00,TRUE
fare_BOM-DEL_QP_2026-09-01_T+7_1787686351380_1x1a,BOM-DEL,EaseMyTrip,QP,QP-1819,2026-09-01,T+7,5381,1181,6562,2026-08-25T19:11:13.326Z,FALSE,"",14:30,TRUE
fare_BOM-DEL_QP_2026-09-01_T+7_1787686351380_zs0o,BOM-DEL,EaseMyTrip,QP,QP-1834,2026-09-01,T+7,5381,1181,6562,2026-08-25T19:11:13.326Z,FALSE,"",10:20,TRUE
fare_BOM-DEL_QP_2026-09-01_T+7_1787686351380_rjpf,BOM-DEL,EaseMyTrip,QP,QP-1825,2026-09-01,T+7,5381,1181,6562,2026-08-25T19:11:13.326Z,FALSE,"",16:50,TRUE
fare_BOM-DEL_QP_2026-09-01_T+7_1787686351380_r20m,BOM-DEL,EaseMyTrip,QP,QP-1111,2026-09-01,T+7,5381,1181,6562,2026-08-25T19:11:13.326Z,FALSE,"",05:10,TRUE
fare_BOM-DEL_QP_2026-09-01_T+7_1787686351380_qwi3,BOM-DEL,EaseMyTrip,QP,QP-1835,2026-09-01,T+7,5381,1181,6562,2026-08-25T19:11:13.326Z,FALSE,"",11:50,TRUE
fare_BOM-DEL_QP_2026-09-01_T+7_1787686351380_6t7h,BOM-DEL,EaseMyTrip,QP,QP-1808,2026-09-01,T+7,5381,1181,6562,2026-08-25T19:11:13.326Z,FALSE,"",16:50,TRUE
fare_BOM-DEL_QP_2026-09-01_T+7_1787686351380_ra9d,BOM-DEL,EaseMyTrip,QP,QP-1120,2026-09-01,T+7,5381,1181,6562,2026-08-25T19:11:13.326Z,FALSE,"",18:45,TRUE
fare_BOM-DEL_6E_2026-09-01_T+7_1787686351380_uykn,BOM-DEL,EaseMyTrip,6E,6E-171,2026-09-01,T+7,5381,1181,6562,2026-08-25T19:11:13.326Z,FALSE,"",05:00,TRUE
fare_BOM-DEL_6E_2026-09-01_T+7_1787686351380_35iy,BOM-DEL,EaseMyTrip,6E,6E-699,2026-09-01,T+7,5381,1181,6562,2026-08-25T19:11:13.326Z,FALSE,"",05:00,TRUE
fare_BOM-DEL_6E_2026-09-01_T+7_1787686351380_pru1,BOM-DEL,EaseMyTrip,6E,6E-449,2026-09-01,T+7,5381,1181,6562,2026-08-25T19:11:13.326Z,FALSE,"",19:00,TRUE
fare_BOM-DEL_6E_2026-09-01_T+7_1787686351380_s9pn,BOM-DEL,EaseMyTrip,6E,6E-717,2026-09-01,T+7,5381,1181,6562,2026-08-25T19:11:13.326Z,FALSE,"",19:00,TRUE
fare_BOM-DEL_6E_2026-09-01_T+7_1787686351380_oimb,BOM-DEL,EaseMyTrip,6E,6E-6613,2026-09-01,T+7,5381,1181,6562,2026-08-25T19:11:13.326Z,FALSE,"",18:15,TRUE
fare_BOM-DEL_6E_2026-09-01_T+7_1787686351380_6poy,BOM-DEL,EaseMyTrip,6E,6E-356,2026-09-01,T+7,5381,1181,6562,2026-08-25T19:11:13.326Z,FALSE,"",17:20,TRUE
fare_BOM-DEL_6E_2026-09-01_T+7_1787686351380_dyhz,BOM-DEL,EaseMyTrip,6E,6E-317,2026-09-01,T+7,5381,1181,6562,2026-08-25T19:11:13.326Z,FALSE,"",17:20,TRUE
fare_BOM-DEL_6E_2026-09-01_T+7_1787686351380_8ems,BOM-DEL,EaseMyTrip,6E,6E-6082,2026-09-01,T+7,5381,1181,6562,2026-08-25T19:11:13.326Z,FALSE,"",16:45,TRUE
fare_BOM-DEL_6E_2026-09-01_T+7_1787686351380_1gkq,BOM-DEL,EaseMyTrip,6E,6E-700,2026-09-01,T+7,5381,1181,6562,2026-08-25T19:11:13.326Z,FALSE,"",16:00,TRUE
fare_BOM-DEL_6E_2026-09-01_T+7_1787686351380_unys,BOM-DEL,EaseMyTrip,6E,6E-338,2026-09-01,T+7,5381,1181,6562,2026-08-25T19:11:13.326Z,FALSE,"",16:00,TRUE
fare_BOM-DEL_6E_2026-09-01_T+7_1787686351380_xago,BOM-DEL,EaseMyTrip,6E,6E-562,2026-09-01,T+7,5381,1181,6562,2026-08-25T19:11:13.326Z,FALSE,"",15:00,TRUE
fare_BOM-DEL_6E_2026-09-01_T+7_1787686351380_tm8j,BOM-DEL,EaseMyTrip,6E,6E-283,2026-09-01,T+7,5381,1181,6562,2026-08-25T19:11:13.326Z,FALSE,"",15:00,TRUE
fare_BOM-DEL_6E_2026-09-01_T+7_1787686351380_4avk,BOM-DEL,EaseMyTrip,6E,6E-6704,2026-09-01,T+7,5381,1181,6562,2026-08-25T19:11:13.326Z,FALSE,"",14:00,TRUE
fare_BOM-DEL_6E_2026-09-01_T+7_1787686351380_3xox,BOM-DEL,EaseMyTrip,6E,6E-6028,2026-09-01,T+7,5381,1181,6562,2026-08-25T19:11:13.326Z,FALSE,"",12:15,TRUE
fare_BOM-DEL_6E_2026-09-01_T+7_1787686351380_fhwk,BOM-DEL,EaseMyTrip,6E,6E-946,2026-09-01,T+7,5381,1181,6562,2026-08-25T19:11:13.326Z,FALSE,"",13:00,TRUE
fare_BOM-DEL_6E_2026-09-01_T+7_1787686351380_b4cw,BOM-DEL,EaseMyTrip,6E,6E-654,2026-09-01,T+7,5381,1181,6562,2026-08-25T19:11:13.326Z,FALSE,"",13:00,TRUE
fare_BOM-DEL_6E_2026-09-01_T+7_1787686351380_u4x8,BOM-DEL,EaseMyTrip,6E,6E-792,2026-09-01,T+7,5381,1181,6562,2026-08-25T19:11:13.326Z,FALSE,"",06:00,TRUE
fare_BOM-DEL_6E_2026-09-01_T+7_1787686351380_ladj,BOM-DEL,EaseMyTrip,6E,6E-681,2026-09-01,T+7,5381,1181,6562,2026-08-25T19:11:13.326Z,FALSE,"",06:00,TRUE
fare_BOM-DEL_6E_2026-09-01_T+7_1787686351380_j0ct,BOM-DEL,EaseMyTrip,6E,6E-543,2026-09-01,T+7,5381,1181,6562,2026-08-25T19:11:13.326Z,FALSE,"",07:00,TRUE
fare_BOM-DEL_6E_2026-09-01_T+7_1787686351380_7yfx,BOM-DEL,EaseMyTrip,6E,6E-312,2026-09-01,T+7,5381,1181,6562,2026-08-25T19:11:13.326Z,FALSE,"",07:00,TRUE
fare_BOM-DEL_6E_2026-09-01_T+7_1787686351380_e2do,BOM-DEL,EaseMyTrip,6E,6E-193,2026-09-01,T+7,5381,1181,6562,2026-08-25T19:11:13.326Z,FALSE,"",09:00,TRUE
fare_BOM-DEL_6E_2026-09-01_T+7_1787686351380_fzal,BOM-DEL,EaseMyTrip,6E,6E-6052,2026-09-01,T+7,5381,1181,6562,2026-08-25T19:11:13.326Z,FALSE,"",10:00,TRUE
fare_BOM-DEL_6E_2026-09-01_T+7_1787686351380_km5u,BOM-DEL,EaseMyTrip,6E,6E-284,2026-09-01,T+7,5381,1181,6562,2026-08-25T19:11:13.326Z,FALSE,"",10:35,TRUE
fare_BOM-DEL_6E_2026-09-01_T+7_1787686351380_ffwp,BOM-DEL,EaseMyTrip,6E,6E-997,2026-09-01,T+7,5381,1181,6562,2026-08-25T19:11:13.326Z,FALSE,"",10:35,TRUE
fare_BOM-DEL_6E_2026-09-01_T+7_1787686351380_1pfd,BOM-DEL,EaseMyTrip,6E,6E-6827,2026-09-01,T+7,5381,1181,6562,2026-08-25T19:11:13.326Z,FALSE,"",11:30,TRUE
fare_BOM-DEL_QP_2026-09-01_T+7_1787686351380_fpte,BOM-DEL,EaseMyTrip,QP,QP-1939,2026-09-01,T+7,5423,1191,6614,2026-08-25T19:11:13.326Z,FALSE,"",10:10,TRUE
fare_BOM-DEL_6E_2026-09-01_T+7_1787686351380_tugc,BOM-DEL,EaseMyTrip,6E,6E-5197,2026-09-01,T+7,5423,1191,6614,2026-08-25T19:11:13.326Z,FALSE,"",06:40,TRUE
fare_BOM-DEL_6E_2026-09-01_T+7_1787686351380_9jkq,BOM-DEL,EaseMyTrip,6E,6E-2237,2026-09-01,T+7,5425,1191,6616,2026-08-25T19:11:13.326Z,FALSE,"",18:40,FALSE
fare_BOM-DEL_6E_2026-09-01_T+7_1787686351380_nhxf,BOM-DEL,EaseMyTrip,6E,6E-5107,2026-09-01,T+7,5425,1191,6616,2026-08-25T19:11:13.326Z,FALSE,"",20:00,FALSE
fare_BOM-DEL_IX_2026-09-01_T+7_1787686351380_5w9d,BOM-DEL,EaseMyTrip,IX,IX-1671,2026-09-01,T+7,5682,1247,6929,2026-08-25T19:11:13.326Z,FALSE,"",16:45,TRUE
fare_BOM-DEL_6E_2026-09-01_T+7_1787686351380_jzj4,BOM-DEL,EaseMyTrip,6E,6E-890,2026-09-01,T+7,5510,1210,6720,2026-08-25T19:11:13.326Z,FALSE,"",23:45,TRUE
fare_BOM-DEL_6E_2026-09-01_T+7_1787686351380_iu4t,BOM-DEL,EaseMyTrip,6E,6E-669,2026-09-01,T+7,5510,1210,6720,2026-08-25T19:11:13.326Z,FALSE,"",23:45,TRUE
fare_BOM-DEL_6E_2026-09-01_T+7_1787686351380_dq41,BOM-DEL,EaseMyTrip,6E,6E-495,2026-09-01,T+7,5510,1210,6720,2026-08-25T19:11:13.326Z,FALSE,"",22:15,TRUE
fare_BOM-DEL_6E_2026-09-01_T+7_1787686351380_7lp2,BOM-DEL,EaseMyTrip,6E,6E-607,2026-09-01,T+7,5510,1210,6720,2026-08-25T19:11:13.326Z,FALSE,"",22:15,TRUE
fare_BOM-DEL_6E_2026-09-01_T+7_1787686351380_fivc,BOM-DEL,EaseMyTrip,6E,6E-279,2026-09-01,T+7,5510,1210,6720,2026-08-25T19:11:13.326Z,FALSE,"",21:15,TRUE
fare_BOM-DEL_6E_2026-09-01_T+7_1787686351380_8emf,BOM-DEL,EaseMyTrip,6E,6E-296,2026-09-01,T+7,5510,1210,6720,2026-08-25T19:11:13.326Z,FALSE,"",21:15,TRUE
fare_BOM-DEL_6E_2026-09-01_T+7_1787686351380_3whe,BOM-DEL,EaseMyTrip,6E,6E-694,2026-09-01,T+7,5510,1210,6720,2026-08-25T19:11:13.326Z,FALSE,"",08:00,TRUE
fare_BOM-DEL_6E_2026-09-01_T+7_1787686351380_znn7,BOM-DEL,EaseMyTrip,6E,6E-901,2026-09-01,T+7,5510,1210,6720,2026-08-25T19:11:13.326Z,FALSE,"",08:00,TRUE
fare_BOM-DEL_6E_2026-09-01_T+7_1787686351380_7pxw,BOM-DEL,EaseMyTrip,6E,6E-5164,2026-09-01,T+7,5533,1214,6747,2026-08-25T19:11:13.326Z,FALSE,"",20:20,FALSE
fare_BOM-DEL_6E_2026-09-01_T+7_1787686351380_f2kr,BOM-DEL,EaseMyTrip,6E,6E-6058,2026-09-01,T+7,5533,1214,6747,2026-08-25T19:11:13.326Z,FALSE,"",08:05,FALSE
fare_BOM-DEL_6E_2026-09-01_T+7_1787686351380_0nnp,BOM-DEL,EaseMyTrip,6E,6E-5273,2026-09-01,T+7,5533,1214,6747,2026-08-25T19:11:13.326Z,FALSE,"",18:35,FALSE
fare_BOM-DEL_AI_2026-09-01_T+7_1787686351380_a0dg,BOM-DEL,EaseMyTrip,AI,AI-2928,2026-09-01,T+7,5766,1266,7032,2026-08-25T19:11:13.326Z,FALSE,"",06:30,TRUE
fare_BOM-DEL_AI_2026-09-01_T+7_1787686351380_70c8,BOM-DEL,EaseMyTrip,AI,AI-2424,2026-09-01,T+7,5766,1266,7032,2026-08-25T19:11:13.326Z,FALSE,"",07:00,TRUE
fare_BOM-DEL_AI_2026-09-01_T+7_1787686351380_7poj,BOM-DEL,EaseMyTrip,AI,AI-2677,2026-09-01,T+7,5766,1266,7032,2026-08-25T19:11:13.326Z,FALSE,"",13:00,TRUE
fare_BOM-DEL_AI_2026-09-01_T+7_1787686351380_iy3b,BOM-DEL,EaseMyTrip,AI,AI-2408,2026-09-01,T+7,5766,1266,7032,2026-08-25T19:11:13.326Z,FALSE,"",19:30,TRUE
fare_BOM-DEL_AI_2026-09-01_T+7_1787686351380_0ulv,BOM-DEL,EaseMyTrip,AI,AI-816,2026-09-01,T+7,5766,1266,7032,2026-08-25T19:11:13.326Z,FALSE,"",21:00,TRUE
fare_BOM-DEL_AI_2026-09-01_T+7_1787686351380_okly,BOM-DEL,EaseMyTrip,AI,AI-2422,2026-09-01,T+7,5766,1266,7032,2026-08-25T19:11:13.326Z,FALSE,"",01:00,TRUE
fare_BOM-DEL_AI_2026-09-01_T+7_1787686351380_nigl,BOM-DEL,EaseMyTrip,AI,AI-2432,2026-09-01,T+7,5766,1266,7032,2026-08-25T19:11:13.326Z,FALSE,"",09:30,TRUE
fare_BOM-DEL_AI_2026-09-01_T+7_1787686351380_qsdj,BOM-DEL,EaseMyTrip,AI,AI-2430,2026-09-01,T+7,5766,1266,7032,2026-08-25T19:11:13.326Z,FALSE,"",10:00,TRUE
fare_BOM-DEL_AI_2026-09-01_T+7_1787686351380_c8y7,BOM-DEL,EaseMyTrip,AI,AI-2952,2026-09-01,T+7,5766,1266,7032,2026-08-25T19:11:13.326Z,FALSE,"",11:25,TRUE
fare_BOM-DEL_AI_2026-09-01_T+7_1787686351380_u61o,BOM-DEL,EaseMyTrip,AI,AI-2419,2026-09-01,T+7,5766,1266,7032,2026-08-25T19:11:13.326Z,FALSE,"",12:00,TRUE
fare_BOM-DEL_AI_2026-09-01_T+7_1787686351380_7342,BOM-DEL,EaseMyTrip,AI,AI-2960,2026-09-01,T+7,5766,1266,7032,2026-08-25T19:11:13.326Z,FALSE,"",14:05,TRUE
fare_BOM-DEL_AI_2026-09-01_T+7_1787686351380_tgxl,BOM-DEL,EaseMyTrip,AI,AI-2944,2026-09-01,T+7,5766,1266,7032,2026-08-25T19:11:13.326Z,FALSE,"",14:35,TRUE
fare_BOM-DEL_AI_2026-09-01_T+7_1787686351380_ifw2,BOM-DEL,EaseMyTrip,AI,AI-2442,2026-09-01,T+7,5766,1266,7032,2026-08-25T19:11:13.326Z,FALSE,"",15:00,TRUE
fare_BOM-DEL_AI_2026-09-01_T+7_1787686351380_v0li,BOM-DEL,EaseMyTrip,AI,AI-1851,2026-09-01,T+7,5766,1266,7032,2026-08-25T19:11:13.326Z,FALSE,"",15:30,TRUE
fare_BOM-DEL_AI_2026-09-01_T+7_1787686351380_7hdr,BOM-DEL,EaseMyTrip,AI,AI-2687,2026-09-01,T+7,5766,1266,7032,2026-08-25T19:11:13.326Z,FALSE,"",16:40,TRUE
fare_BOM-DEL_AI_2026-09-01_T+7_1787686351380_ut5s,BOM-DEL,EaseMyTrip,AI,AI-1882,2026-09-01,T+7,5766,1266,7032,2026-08-25T19:11:13.326Z,FALSE,"",23:55,TRUE
fare_BOM-DEL_AI_2026-09-01_T+7_1787686351380_oirj,BOM-DEL,EaseMyTrip,AI,AI-2986,2026-09-01,T+7,5766,1266,7032,2026-08-25T19:11:13.326Z,FALSE,"",22:35,TRUE
fare_BOM-DEL_6E_2026-09-01_T+7_1787686351380_ucjl,BOM-DEL,EaseMyTrip,6E,6E-465,2026-09-01,T+7,5683,1247,6930,2026-08-25T19:11:13.326Z,FALSE,"",20:20,TRUE
fare_BOM-DEL_6E_2026-09-01_T+7_1787686351380_17ab,BOM-DEL,EaseMyTrip,6E,6E-205,2026-09-01,T+7,5683,1247,6930,2026-08-25T19:11:13.326Z,FALSE,"",20:20,TRUE
fare_BOM-DEL_6E_2026-09-01_T+7_1787686351380_pmnq,BOM-DEL,EaseMyTrip,6E,6E-696,2026-09-01,T+7,5724,1257,6981,2026-08-25T19:11:13.326Z,FALSE,"",17:20,TRUE
fare_BOM-DEL_6E_2026-09-01_T+7_1787686351380_tfk6,BOM-DEL,EaseMyTrip,6E,6E-541,2026-09-01,T+7,5724,1257,6981,2026-08-25T19:11:13.326Z,FALSE,"",17:20,TRUE
fare_BOM-DEL_AI_2026-09-01_T+7_1787686351380_vh2f,BOM-DEL,EaseMyTrip,AI,AI-1895,2026-09-01,T+7,5897,1294,7191,2026-08-25T19:11:13.326Z,FALSE,"",21:30,TRUE
fare_BOM-DEL_AI_2026-09-01_T+7_1787686351380_b266,BOM-DEL,EaseMyTrip,AI,AI-2940,2026-09-01,T+7,5897,1294,7191,2026-08-25T19:11:13.326Z,FALSE,"",20:00,TRUE
fare_BOM-DEL_AI_2026-09-01_T+7_1787686351380_cpei,BOM-DEL,EaseMyTrip,AI,AI-2988,2026-09-01,T+7,5897,1294,7191,2026-08-25T19:11:13.326Z,FALSE,"",20:30,TRUE
fare_BOM-DEL_6E_2026-09-01_T+7_1787686351380_xfve,BOM-DEL,EaseMyTrip,6E,6E-5181,2026-09-01,T+7,5959,1308,7267,2026-08-25T19:11:13.326Z,FALSE,"",10:25,FALSE
fare_BOM-DEL_IX_2026-09-01_T+7_1787686351380_joaw,BOM-DEL,EaseMyTrip,IX,IX-1237,2026-09-01,T+7,6365,1397,7762,2026-08-25T19:11:13.326Z,FALSE,"",05:55,FALSE
fare_BOM-DEL_6E_2026-09-01_T+7_1787686351380_hewe,BOM-DEL,EaseMyTrip,6E,6E-5135,2026-09-01,T+7,6001,1317,7318,2026-08-25T19:11:13.326Z,FALSE,"",23:20,FALSE
fare_BOM-DEL_6E_2026-09-01_T+7_1787686351380_a5x2,BOM-DEL,EaseMyTrip,6E,6E-7017,2026-09-01,T+7,6014,1320,7334,2026-08-25T19:11:13.326Z,FALSE,"",21:30,FALSE
fare_BOM-DEL_6E_2026-09-01_T+7_1787686351380_uqyi,BOM-DEL,EaseMyTrip,6E,6E-5028,2026-09-01,T+7,6024,1322,7346,2026-08-25T19:11:13.326Z,FALSE,"",19:35,FALSE
fare_BOM-DEL_6E_2026-09-01_T+7_1787686351380_jwoi,BOM-DEL,EaseMyTrip,6E,6E-5228,2026-09-01,T+7,6131,1346,7477,2026-08-25T19:11:13.326Z,FALSE,"",16:45,FALSE
fare_BOM-DEL_AI_2026-09-01_T+7_1787686351380_vell,BOM-DEL,EaseMyTrip,AI,AI-2970,2026-09-01,T+7,6440,1414,7854,2026-08-25T19:11:13.326Z,FALSE,"",08:30,TRUE
fare_BOM-DEL_AI_2026-09-01_T+7_1787686351380_v1et,BOM-DEL,EaseMyTrip,AI,AI-2428,2026-09-01,T+7,6493,1425,7918,2026-08-25T19:11:13.326Z,FALSE,"",08:00,TRUE
fare_BOM-DEL_6E_2026-09-01_T+7_1787686351380_j0m3,BOM-DEL,EaseMyTrip,6E,6E-5144,2026-09-01,T+7,6395,1404,7799,2026-08-25T19:11:13.326Z,FALSE,"",05:55,FALSE
fare_BOM-DEL_6E_2026-09-01_T+7_1787686351380_xlkb,BOM-DEL,EaseMyTrip,6E,6E-6543,2026-09-01,T+7,6600,1449,8049,2026-08-25T19:11:13.326Z,FALSE,"",07:50,FALSE
fare_BOM-DEL_6E_2026-09-01_T+7_1787686351380_z007,BOM-DEL,EaseMyTrip,6E,6E-736,2026-09-01,T+7,6715,1474,8189,2026-08-25T19:11:13.326Z,FALSE,"",01:30,FALSE
fare_BOM-DEL_6E_2026-09-01_T+7_1787686351380_3m4p,BOM-DEL,EaseMyTrip,6E,6E-488,2026-09-01,T+7,6715,1474,8189,2026-08-25T19:11:13.326Z,FALSE,"",01:30,FALSE
fare_BOM-DEL_6E_2026-09-01_T+7_1787686351380_smke,BOM-DEL,EaseMyTrip,6E,6E-6599,2026-09-01,T+7,6944,1524,8468,2026-08-25T19:11:13.326Z,FALSE,"",16:50,FALSE
fare_BOM-DEL_AI_2026-09-01_T+7_1787686351380_541i,BOM-DEL,EaseMyTrip,AI,AI-1891,2026-09-01,T+7,7314,1606,8920,2026-08-25T19:11:13.326Z,FALSE,"",08:10,TRUE
fare_BOM-DEL_6E_2026-09-01_T+7_1787686351380_lxil,BOM-DEL,EaseMyTrip,6E,6E-265,2026-09-01,T+7,7403,1625,9028,2026-08-25T19:11:13.326Z,FALSE,"",04:00,FALSE
fare_BOM-DEL_6E_2026-09-01_T+7_1787686351380_dppb,BOM-DEL,EaseMyTrip,6E,6E-387,2026-09-01,T+7,7403,1625,9028,2026-08-25T19:11:13.326Z,FALSE,"",04:00,FALSE
fare_BOM-DEL_6E_2026-09-01_T+7_1787686351380_wo2n,BOM-DEL,EaseMyTrip,6E,6E-6802,2026-09-01,T+7,7510,1649,9159,2026-08-25T19:11:13.326Z,FALSE,"",16:55,FALSE
fare_BOM-DEL_6E_2026-09-01_T+7_1787686351380_ts51,BOM-DEL,EaseMyTrip,6E,6E-5201,2026-09-01,T+7,7637,1676,9313,2026-08-25T19:11:13.326Z,FALSE,"",14:55,FALSE
fare_BOM-DEL_AI_2026-09-01_T+7_1787686351380_yga8,BOM-DEL,EaseMyTrip,AI,AI-9718,2026-09-01,T+7,8075,1772,9847,2026-08-25T19:11:13.326Z,FALSE,"",20:05,FALSE
fare_BOM-DEL_AI_2026-09-01_T+7_1787686351380_tehh,BOM-DEL,EaseMyTrip,AI,AI-2440,2026-09-01,T+7,8504,1867,10371,2026-08-25T19:11:13.326Z,FALSE,"",18:00,TRUE
fare_BOM-DEL_6E_2026-09-01_T+7_1787686351380_6why,BOM-DEL,EaseMyTrip,6E,6E-6361,2026-09-01,T+7,8371,1837,10208,2026-08-25T19:11:13.326Z,FALSE,"",05:00,FALSE
fare_BOM-DEL_6E_2026-09-01_T+7_1787686351380_gts1,BOM-DEL,EaseMyTrip,6E,6E-833,2026-09-01,T+7,8694,1909,10603,2026-08-25T19:11:13.326Z,FALSE,"",14:40,FALSE
fare_BOM-DEL_6E_2026-09-01_T+7_1787686351380_quj3,BOM-DEL,EaseMyTrip,6E,6E-300,2026-09-01,T+7,8694,1909,10603,2026-08-25T19:11:13.326Z,FALSE,"",14:40,FALSE
fare_BOM-DEL_6E_2026-09-01_T+7_1787686351380_sc3i,BOM-DEL,EaseMyTrip,6E,6E-5059,2026-09-01,T+7,8711,1912,10623,2026-08-25T19:11:13.326Z,FALSE,"",05:45,FALSE
fare_BOM-DEL_6E_2026-09-01_T+7_1787686351380_cay5,BOM-DEL,EaseMyTrip,6E,6E-5281,2026-09-01,T+7,8860,1945,10805,2026-08-25T19:11:13.326Z,FALSE,"",08:40,FALSE
fare_BOM-DEL_6E_2026-09-01_T+7_1787686351380_9oi2,BOM-DEL,EaseMyTrip,6E,6E-5178,2026-09-01,T+7,9009,1977,10986,2026-08-25T19:11:13.326Z,FALSE,"",11:40,FALSE
fare_BOM-DEL_6E_2026-09-01_T+7_1787686351380_8c5k,BOM-DEL,EaseMyTrip,6E,6E-5246,2026-09-01,T+7,9364,2056,11420,2026-08-25T19:11:13.326Z,FALSE,"",07:15,FALSE
fare_BOM-DEL_6E_2026-09-01_T+7_1787686351380_9hsu,BOM-DEL,EaseMyTrip,6E,6E-5386,2026-09-01,T+7,9407,2065,11472,2026-08-25T19:11:13.326Z,FALSE,"",15:10,FALSE
fare_BOM-DEL_AI_2026-09-01_T+7_1787686351380_gnpm,BOM-DEL,EaseMyTrip,AI,AI-9753,2026-09-01,T+7,9577,2102,11679,2026-08-25T19:11:13.326Z,FALSE,"",05:45,FALSE
fare_BOM-DEL_AI_2026-09-01_T+7_1787686351380_h0tq,BOM-DEL,EaseMyTrip,AI,AI-9716,2026-09-01,T+7,9854,2163,12017,2026-08-25T19:11:13.326Z,FALSE,"",06:05,FALSE
fare_BOM-DEL_6E_2026-09-01_T+7_1787686351380_ncbt,BOM-DEL,EaseMyTrip,6E,6E-2347,2026-09-01,T+7,9863,2165,12028,2026-08-25T19:11:13.326Z,FALSE,"",08:50,FALSE
fare_BOM-DEL_6E_2026-09-01_T+7_1787686351380_u6ty,BOM-DEL,EaseMyTrip,6E,6E-5154,2026-09-01,T+7,10137,2225,12362,2026-08-25T19:11:13.326Z,FALSE,"",15:45,FALSE
fare_BOM-DEL_IX_2026-09-01_T+7_1787686351380_grh0,BOM-DEL,EaseMyTrip,IX,IX-1347,2026-09-01,T+7,10514,2308,12822,2026-08-25T19:11:13.326Z,FALSE,"",06:00,FALSE
fare_BOM-DEL_AI_2026-09-01_T+7_1787686351380_54g9,BOM-DEL,EaseMyTrip,AI,AI-603,2026-09-01,T+7,10621,2331,12952,2026-08-25T19:11:13.326Z,TRUE,"High outlier: ₹12952 > upper fence ₹12892 (Q3: ₹9094, IQR: ₹2532)",05:10,FALSE
fare_BOM-DEL_AI_2026-09-01_T+7_1787686351380_klkf,BOM-DEL,EaseMyTrip,AI,AI-1726,2026-09-01,T+7,10857,2383,13240,2026-08-25T19:11:13.326Z,TRUE,"High outlier: ₹13240 > upper fence ₹12892 (Q3: ₹9094, IQR: ₹2532)",19:25,FALSE
fare_BOM-DEL_AI_2026-09-01_T+7_1787686351380_9v3j,BOM-DEL,EaseMyTrip,AI,AI-2503,2026-09-01,T+7,11126,2442,13568,2026-08-25T19:11:13.326Z,TRUE,"High outlier: ₹13568 > upper fence ₹12892 (Q3: ₹9094, IQR: ₹2532)",12:55,FALSE
fare_BOM-DEL_AI_2026-09-01_T+7_1787686351380_ol18,BOM-DEL,EaseMyTrip,AI,AI-2493,2026-09-01,T+7,11126,2442,13568,2026-08-25T19:11:13.326Z,TRUE,"High outlier: ₹13568 > upper fence ₹12892 (Q3: ₹9094, IQR: ₹2532)",18:25,FALSE
fare_BOM-DEL_AI_2026-09-01_T+7_1787686351380_h0f2,BOM-DEL,EaseMyTrip,AI,AI-2919,2026-09-01,T+7,11236,2466,13702,2026-08-25T19:11:13.326Z,TRUE,"High outlier: ₹13702 > upper fence ₹12892 (Q3: ₹9094, IQR: ₹2532)",21:35,FALSE
fare_BOM-DEL_AI_2026-09-01_T+7_1787686351380_r58m,BOM-DEL,EaseMyTrip,AI,AI-2915,2026-09-01,T+7,12257,2691,14948,2026-08-25T19:11:13.326Z,TRUE,"High outlier: ₹14948 > upper fence ₹12892 (Q3: ₹9094, IQR: ₹2532)",15:30,FALSE
fare_BOM-DEL_IX_2026-09-01_T+7_1787686351380_xkr8,BOM-DEL,EaseMyTrip,IX,IX-1283,2026-09-01,T+7,12630,2773,15403,2026-08-25T19:11:13.326Z,TRUE,"High outlier: ₹15403 > upper fence ₹12892 (Q3: ₹9094, IQR: ₹2532)",09:05,FALSE
fare_BOM-DEL_AI_2026-09-01_T+7_1787686351380_v3cc,BOM-DEL,EaseMyTrip,AI,AI-2491,2026-09-01,T+7,12856,2822,15678,2026-08-25T19:11:13.326Z,TRUE,"High outlier: ₹15678 > upper fence ₹12892 (Q3: ₹9094, IQR: ₹2532)",11:15,FALSE
fare_BOM-DEL_AI_2026-09-01_T+7_1787686351380_wwae,BOM-DEL,EaseMyTrip,AI,AI-2659,2026-09-01,T+7,13091,2874,15965,2026-08-25T19:11:13.326Z,TRUE,"High outlier: ₹15965 > upper fence ₹12892 (Q3: ₹9094, IQR: ₹2532)",14:35,FALSE
fare_BOM-DEL_AI_2026-09-01_T+7_1787686351380_b3vs,BOM-DEL,EaseMyTrip,AI,AI-2785,2026-09-01,T+7,13794,3028,16822,2026-08-25T19:11:13.326Z,TRUE,"High outlier: ₹16822 > upper fence ₹12892 (Q3: ₹9094, IQR: ₹2532)",06:40,FALSE
fare_BOM-DEL_AI_2026-09-01_T+7_1787686351380_yutm,BOM-DEL,EaseMyTrip,AI,AI-2741,2026-09-01,T+7,13953,3063,17016,2026-08-25T19:11:13.326Z,TRUE,"High outlier: ₹17016 > upper fence ₹12892 (Q3: ₹9094, IQR: ₹2532)",07:40,FALSE
fare_BOM-DEL_AI_2026-09-01_T+7_1787686351380_9f7n,BOM-DEL,EaseMyTrip,AI,AI-2931,2026-09-01,T+7,14147,3105,17252,2026-08-25T19:11:13.326Z,TRUE,"High outlier: ₹17252 > upper fence ₹12892 (Q3: ₹9094, IQR: ₹2532)",04:30,FALSE
fare_BOM-DEL_AI_2026-09-01_T+7_1787686351380_bbps,BOM-DEL,EaseMyTrip,AI,AI-2749,2026-09-01,T+7,14173,3111,17284,2026-08-25T19:11:13.326Z,TRUE,"High outlier: ₹17284 > upper fence ₹12892 (Q3: ₹9094, IQR: ₹2532)",17:35,FALSE
fare_BOM-DEL_AI_2026-09-01_T+7_1787686351380_deub,BOM-DEL,EaseMyTrip,AI,AI-2444,2026-09-01,T+7,14603,3206,17809,2026-08-25T19:11:13.326Z,TRUE,"High outlier: ₹17809 > upper fence ₹12892 (Q3: ₹9094, IQR: ₹2532)",10:50,FALSE
fare_BOM-DEL_AI_2026-09-01_T+7_1787686351380_7k9r,BOM-DEL,EaseMyTrip,AI,AI-2531,2026-09-01,T+7,14755,3239,17994,2026-08-25T19:11:13.326Z,TRUE,"High outlier: ₹17994 > upper fence ₹12892 (Q3: ₹9094, IQR: ₹2532)",15:05,FALSE
fare_BOM-DEL_AI_2026-09-01_T+7_1787686351380_ah3p,BOM-DEL,EaseMyTrip,AI,AI-2625,2026-09-01,T+7,14755,3239,17994,2026-08-25T19:11:13.326Z,TRUE,"High outlier: ₹17994 > upper fence ₹12892 (Q3: ₹9094, IQR: ₹2532)",06:00,FALSE
fare_BOM-DEL_AI_2026-09-01_T+7_1787686351380_goux,BOM-DEL,EaseMyTrip,AI,AI-9558,2026-09-01,T+7,15001,3293,18294,2026-08-25T19:11:13.326Z,TRUE,"High outlier: ₹18294 > upper fence ₹12892 (Q3: ₹9094, IQR: ₹2532)",07:30,FALSE
fare_BOM-DEL_AI_2026-09-01_T+7_1787686351380_pxsj,BOM-DEL,EaseMyTrip,AI,AI-2745,2026-09-01,T+7,15204,3337,18541,2026-08-25T19:11:13.326Z,TRUE,"High outlier: ₹18541 > upper fence ₹12892 (Q3: ₹9094, IQR: ₹2532)",15:30,FALSE
fare_BOM-DEL_AI_2026-09-01_T+7_1787686351380_phhp,BOM-DEL,EaseMyTrip,AI,AI-2781,2026-09-01,T+7,15493,3401,18894,2026-08-25T19:11:13.326Z,TRUE,"High outlier: ₹18894 > upper fence ₹12892 (Q3: ₹9094, IQR: ₹2532)",10:50,FALSE
fare_BOM-DEL_AI_2026-09-01_T+7_1787686351380_cv44,BOM-DEL,EaseMyTrip,AI,AI-2632,2026-09-01,T+7,16528,3628,20156,2026-08-25T19:11:13.326Z,TRUE,"High outlier: ₹20156 > upper fence ₹12892 (Q3: ₹9094, IQR: ₹2532)",12:00,FALSE
fare_BOM-DEL_AI_2026-09-01_T+7_1787686351380_zbqj,BOM-DEL,EaseMyTrip,AI,AI-2579,2026-09-01,T+7,16841,3697,20538,2026-08-25T19:11:13.326Z,TRUE,"High outlier: ₹20538 > upper fence ₹12892 (Q3: ₹9094, IQR: ₹2532)",10:35,FALSE
fare_BOM-DEL_IX_2026-09-01_T+7_1787686351380_uht3,BOM-DEL,EaseMyTrip,IX,IX-1238,2026-09-01,T+7,20917,4592,25509,2026-08-25T19:11:13.326Z,TRUE,"High outlier: ₹25509 > upper fence ₹12892 (Q3: ₹9094, IQR: ₹2532)",12:25,FALSE
fare_DEL-BOM_SG_2026-09-09_T+15_1787686351382_otj4,DEL-BOM,EaseMyTrip,SG,SG-9091,2026-09-09,T+15,5099,1119,6218,2026-08-25T00:55:43.237Z,FALSE,"",05:30,TRUE
fare_DEL-BOM_SG_2026-09-09_T+15_1787686351382_te99,DEL-BOM,EaseMyTrip,SG,SG-955,2026-09-09,T+15,5186,1138,6324,2026-08-25T00:55:43.237Z,FALSE,"",18:35,TRUE
fare_DEL-BOM_SG_2026-09-09_T+15_1787686351382_d270,DEL-BOM,EaseMyTrip,SG,SG-792,2026-09-09,T+15,5186,1138,6324,2026-08-25T00:55:43.237Z,FALSE,"",18:35,TRUE
fare_DEL-BOM_SG_2026-09-09_T+15_1787686351382_9bos,DEL-BOM,EaseMyTrip,SG,SG-663,2026-09-09,T+15,5186,1138,6324,2026-08-25T00:55:43.237Z,FALSE,"",20:10,TRUE
fare_DEL-BOM_SG_2026-09-09_T+15_1787686351382_sleq,DEL-BOM,EaseMyTrip,SG,SG-711,2026-09-09,T+15,5186,1138,6324,2026-08-25T00:55:43.237Z,FALSE,"",20:10,TRUE
fare_DEL-BOM_SG_2026-09-09_T+15_1787686351382_f0lh,DEL-BOM,EaseMyTrip,SG,SG-549,2026-09-09,T+15,5186,1138,6324,2026-08-25T00:55:43.237Z,FALSE,"",21:00,TRUE
fare_DEL-BOM_SG_2026-09-09_T+15_1787686351382_w5v2,DEL-BOM,EaseMyTrip,SG,SG-936,2026-09-09,T+15,5186,1138,6324,2026-08-25T00:55:43.237Z,FALSE,"",21:00,TRUE
fare_DEL-BOM_SG_2026-09-09_T+15_1787686351382_9s04,DEL-BOM,EaseMyTrip,SG,SG-166,2026-09-09,T+15,5186,1138,6324,2026-08-25T00:55:43.237Z,FALSE,"",22:30,TRUE
fare_DEL-BOM_SG_2026-09-09_T+15_1787686351382_2q4p,DEL-BOM,EaseMyTrip,SG,SG-744,2026-09-09,T+15,5186,1138,6324,2026-08-25T00:55:43.237Z,FALSE,"",22:30,TRUE
fare_DEL-BOM_6E_2026-09-09_T+15_1787686351382_0j80,DEL-BOM,EaseMyTrip,6E,6E-5073,2026-09-09,T+15,5067,1112,6179,2026-08-25T00:55:43.237Z,FALSE,"",17:05,FALSE
fare_DEL-BOM_6E_2026-09-09_T+15_1787686351382_acu9,DEL-BOM,EaseMyTrip,6E,6E-2076,2026-09-09,T+15,5067,1112,6179,2026-08-25T00:55:43.237Z,FALSE,"",07:30,FALSE
fare_DEL-BOM_6E_2026-09-09_T+15_1787686351382_2c9i,DEL-BOM,EaseMyTrip,6E,6E-5119,2026-09-09,T+15,5067,1112,6179,2026-08-25T00:55:43.237Z,FALSE,"",05:10,FALSE
fare_DEL-BOM_6E_2026-09-09_T+15_1787686351382_r3ky,DEL-BOM,EaseMyTrip,6E,6E-6171,2026-09-09,T+15,5067,1112,6179,2026-08-25T00:55:43.237Z,FALSE,"",05:40,FALSE
fare_DEL-BOM_6E_2026-09-09_T+15_1787686351382_ac0u,DEL-BOM,EaseMyTrip,6E,6E-6983,2026-09-09,T+15,5067,1112,6179,2026-08-25T00:55:43.237Z,FALSE,"",15:35,FALSE
fare_DEL-BOM_6E_2026-09-09_T+15_1787686351382_zexb,DEL-BOM,EaseMyTrip,6E,6E-6261,2026-09-09,T+15,5067,1112,6179,2026-08-25T00:55:43.237Z,FALSE,"",00:15,FALSE
fare_DEL-BOM_6E_2026-09-09_T+15_1787686351382_krwn,DEL-BOM,EaseMyTrip,6E,6E-2341,2026-09-09,T+15,5067,1112,6179,2026-08-25T00:55:43.237Z,FALSE,"",14:50,FALSE
fare_DEL-BOM_IX_2026-09-09_T+15_1787686351382_w2wu,DEL-BOM,EaseMyTrip,IX,IX-1056,2026-09-09,T+15,5354,1175,6529,2026-08-25T00:55:43.237Z,FALSE,"",05:45,TRUE
fare_DEL-BOM_IX_2026-09-09_T+15_1787686351382_l46b,DEL-BOM,EaseMyTrip,IX,IX-1235,2026-09-09,T+15,5354,1175,6529,2026-08-25T00:55:43.237Z,FALSE,"",23:25,TRUE
fare_DEL-BOM_6E_2026-09-09_T+15_1787686351382_j593,DEL-BOM,EaseMyTrip,6E,6E-2249,2026-09-09,T+15,5174,1136,6310,2026-08-25T00:55:43.237Z,FALSE,"",15:00,FALSE
fare_DEL-BOM_6E_2026-09-09_T+15_1787686351382_um0w,DEL-BOM,EaseMyTrip,6E,6E-2169,2026-09-09,T+15,5174,1136,6310,2026-08-25T00:55:43.237Z,FALSE,"",19:40,FALSE
fare_DEL-BOM_6E_2026-09-09_T+15_1787686351382_a9q1,DEL-BOM,EaseMyTrip,6E,6E-6829,2026-09-09,T+15,5174,1136,6310,2026-08-25T00:55:43.237Z,FALSE,"",17:20,FALSE
fare_DEL-BOM_6E_2026-09-09_T+15_1787686351382_gn8g,DEL-BOM,EaseMyTrip,6E,6E-6443,2026-09-09,T+15,5174,1136,6310,2026-08-25T00:55:43.237Z,FALSE,"",09:00,FALSE
fare_DEL-BOM_6E_2026-09-09_T+15_1787686351382_sown,DEL-BOM,EaseMyTrip,6E,6E-6433,2026-09-09,T+15,5174,1136,6310,2026-08-25T00:55:43.237Z,FALSE,"",16:30,FALSE
fare_DEL-BOM_6E_2026-09-09_T+15_1787686351382_p0t4,DEL-BOM,EaseMyTrip,6E,6E-6490,2026-09-09,T+15,5174,1136,6310,2026-08-25T00:55:43.237Z,FALSE,"",04:55,FALSE
fare_DEL-BOM_6E_2026-09-09_T+15_1787686351382_pyyr,DEL-BOM,EaseMyTrip,6E,6E-2345,2026-09-09,T+15,5174,1136,6310,2026-08-25T00:55:43.237Z,FALSE,"",05:55,FALSE
fare_DEL-BOM_6E_2026-09-09_T+15_1787686351382_5fl4,DEL-BOM,EaseMyTrip,6E,6E-6488,2026-09-09,T+15,5174,1136,6310,2026-08-25T00:55:43.237Z,FALSE,"",11:20,FALSE
fare_DEL-BOM_6E_2026-09-09_T+15_1787686351382_1352,DEL-BOM,EaseMyTrip,6E,6E-6479,2026-09-09,T+15,5239,1150,6389,2026-08-25T00:55:43.237Z,FALSE,"",21:25,FALSE
fare_DEL-BOM_6E_2026-09-09_T+15_1787686351382_ly58,DEL-BOM,EaseMyTrip,6E,6E-5298,2026-09-09,T+15,5239,1150,6389,2026-08-25T00:55:43.237Z,FALSE,"",09:00,FALSE
fare_DEL-BOM_6E_2026-09-09_T+15_1787686351382_qnh1,DEL-BOM,EaseMyTrip,6E,6E-5038,2026-09-09,T+15,5239,1150,6389,2026-08-25T00:55:43.237Z,FALSE,"",14:00,FALSE
fare_DEL-BOM_6E_2026-09-09_T+15_1787686351382_x7x4,DEL-BOM,EaseMyTrip,6E,6E-6050,2026-09-09,T+15,5239,1150,6389,2026-08-25T00:55:43.237Z,FALSE,"",08:15,FALSE
fare_DEL-BOM_6E_2026-09-09_T+15_1787686351382_e25a,DEL-BOM,EaseMyTrip,6E,6E-5096,2026-09-09,T+15,5282,1160,6442,2026-08-25T00:55:43.237Z,FALSE,"",17:00,TRUE
fare_DEL-BOM_6E_2026-09-09_T+15_1787686351382_q6ni,DEL-BOM,EaseMyTrip,6E,6E-6212,2026-09-09,T+15,5346,1174,6520,2026-08-25T00:55:43.237Z,FALSE,"",14:45,FALSE
fare_DEL-BOM_6E_2026-09-09_T+15_1787686351382_uipx,DEL-BOM,EaseMyTrip,6E,6E-6282,2026-09-09,T+15,5346,1174,6520,2026-08-25T00:55:43.237Z,FALSE,"",13:30,FALSE
fare_DEL-BOM_6E_2026-09-09_T+15_1787686351382_yvgf,DEL-BOM,EaseMyTrip,6E,6E-131,2026-09-09,T+15,5346,1174,6520,2026-08-25T00:55:43.237Z,FALSE,"",08:30,FALSE
fare_DEL-BOM_6E_2026-09-09_T+15_1787686351382_q6y9,DEL-BOM,EaseMyTrip,6E,6E-414,2026-09-09,T+15,5346,1174,6520,2026-08-25T00:55:43.237Z,FALSE,"",08:30,FALSE
fare_DEL-BOM_6E_2026-09-09_T+15_1787686351382_hud0,DEL-BOM,EaseMyTrip,6E,6E-639,2026-09-09,T+15,5346,1174,6520,2026-08-25T00:55:43.237Z,FALSE,"",23:15,FALSE
fare_DEL-BOM_6E_2026-09-09_T+15_1787686351382_q7gd,DEL-BOM,EaseMyTrip,6E,6E-728,2026-09-09,T+15,5346,1174,6520,2026-08-25T00:55:43.237Z,FALSE,"",23:15,FALSE
fare_DEL-BOM_6E_2026-09-09_T+15_1787686351382_f8am,DEL-BOM,EaseMyTrip,6E,6E-6497,2026-09-09,T+15,5346,1174,6520,2026-08-25T00:55:43.237Z,FALSE,"",18:45,FALSE
fare_DEL-BOM_6E_2026-09-09_T+15_1787686351382_1hqk,DEL-BOM,EaseMyTrip,6E,6E-6293,2026-09-09,T+15,5346,1174,6520,2026-08-25T00:55:43.237Z,FALSE,"",09:55,FALSE
fare_DEL-BOM_6E_2026-09-09_T+15_1787686351382_2jb2,DEL-BOM,EaseMyTrip,6E,6E-6470,2026-09-09,T+15,5354,1175,6529,2026-08-25T00:55:43.237Z,FALSE,"",06:55,TRUE
fare_DEL-BOM_6E_2026-09-09_T+15_1787686351382_fhky,DEL-BOM,EaseMyTrip,6E,6E-2721,2026-09-09,T+15,5354,1175,6529,2026-08-25T00:55:43.237Z,FALSE,"",09:55,TRUE
fare_DEL-BOM_QP_2026-09-09_T+15_1787686351382_tku0,DEL-BOM,EaseMyTrip,QP,QP-1833,2026-09-09,T+15,5355,1175,6530,2026-08-25T00:55:43.237Z,FALSE,"",06:50,TRUE
fare_DEL-BOM_QP_2026-09-09_T+15_1787686351382_4uqj,DEL-BOM,EaseMyTrip,QP,QP-1112,2026-09-09,T+15,5355,1175,6530,2026-08-25T00:55:43.237Z,FALSE,"",09:20,TRUE
fare_DEL-BOM_QP_2026-09-09_T+15_1787686351382_j4sw,DEL-BOM,EaseMyTrip,QP,QP-1836,2026-09-09,T+15,5355,1175,6530,2026-08-25T00:55:43.237Z,FALSE,"",12:30,TRUE
fare_DEL-BOM_QP_2026-09-09_T+15_1787686351382_yq31,DEL-BOM,EaseMyTrip,QP,QP-1128,2026-09-09,T+15,5355,1175,6530,2026-08-25T00:55:43.237Z,FALSE,"",16:00,TRUE
fare_DEL-BOM_QP_2026-09-09_T+15_1787686351382_lbq9,DEL-BOM,EaseMyTrip,QP,QP-1820,2026-09-09,T+15,5355,1175,6530,2026-08-25T00:55:43.237Z,FALSE,"",17:30,TRUE
fare_DEL-BOM_QP_2026-09-09_T+15_1787686351382_4ohe,DEL-BOM,EaseMyTrip,QP,QP-1119,2026-09-09,T+15,5355,1175,6530,2026-08-25T00:55:43.237Z,FALSE,"",08:40,TRUE
fare_DEL-BOM_QP_2026-09-09_T+15_1787686351382_mm6o,DEL-BOM,EaseMyTrip,QP,QP-1110,2026-09-09,T+15,5355,1175,6530,2026-08-25T00:55:43.237Z,FALSE,"",10:30,TRUE
fare_DEL-BOM_6E_2026-09-09_T+15_1787686351382_s3j4,DEL-BOM,EaseMyTrip,6E,6E-6706,2026-09-09,T+15,5355,1175,6530,2026-08-25T00:55:43.237Z,FALSE,"",17:00,TRUE
fare_DEL-BOM_6E_2026-09-09_T+15_1787686351382_qz7r,DEL-BOM,EaseMyTrip,6E,6E-560,2026-09-09,T+15,5355,1175,6530,2026-08-25T00:55:43.237Z,FALSE,"",16:15,TRUE
fare_DEL-BOM_6E_2026-09-09_T+15_1787686351382_jgr6,DEL-BOM,EaseMyTrip,6E,6E-288,2026-09-09,T+15,5355,1175,6530,2026-08-25T00:55:43.237Z,FALSE,"",16:15,TRUE
fare_DEL-BOM_6E_2026-09-09_T+15_1787686351382_m11e,DEL-BOM,EaseMyTrip,6E,6E-515,2026-09-09,T+15,5355,1175,6530,2026-08-25T00:55:43.237Z,FALSE,"",15:30,TRUE
fare_DEL-BOM_6E_2026-09-09_T+15_1787686351382_5fgs,DEL-BOM,EaseMyTrip,6E,6E-829,2026-09-09,T+15,5355,1175,6530,2026-08-25T00:55:43.237Z,FALSE,"",15:30,TRUE
fare_DEL-BOM_6E_2026-09-09_T+15_1787686351382_832b,DEL-BOM,EaseMyTrip,6E,6E-6022,2026-09-09,T+15,5355,1175,6530,2026-08-25T00:55:43.237Z,FALSE,"",14:00,TRUE
fare_DEL-BOM_6E_2026-09-09_T+15_1787686351382_1f7t,DEL-BOM,EaseMyTrip,6E,6E-6318,2026-09-09,T+15,5355,1175,6530,2026-08-25T00:55:43.237Z,FALSE,"",14:45,TRUE
fare_DEL-BOM_6E_2026-09-09_T+15_1787686351382_hujk,DEL-BOM,EaseMyTrip,6E,6E-6328,2026-09-09,T+15,5355,1175,6530,2026-08-25T00:55:43.237Z,FALSE,"",10:15,TRUE
fare_DEL-BOM_6E_2026-09-09_T+15_1787686351382_3rup,DEL-BOM,EaseMyTrip,6E,6E-6047,2026-09-09,T+15,5355,1175,6530,2026-08-25T00:55:43.237Z,FALSE,"",11:00,TRUE
fare_DEL-BOM_6E_2026-09-09_T+15_1787686351382_sr6k,DEL-BOM,EaseMyTrip,6E,6E-6676,2026-09-09,T+15,5355,1175,6530,2026-08-25T00:55:43.237Z,FALSE,"",12:00,TRUE
fare_DEL-BOM_6E_2026-09-09_T+15_1787686351382_bi4s,DEL-BOM,EaseMyTrip,6E,6E-624,2026-09-09,T+15,5355,1175,6530,2026-08-25T00:55:43.237Z,FALSE,"",13:00,TRUE
fare_DEL-BOM_6E_2026-09-09_T+15_1787686351382_p6e9,DEL-BOM,EaseMyTrip,6E,6E-379,2026-09-09,T+15,5355,1175,6530,2026-08-25T00:55:43.237Z,FALSE,"",13:00,TRUE
fare_DEL-BOM_6E_2026-09-09_T+15_1787686351382_nna6,DEL-BOM,EaseMyTrip,6E,6E-6107,2026-09-09,T+15,5355,1175,6530,2026-08-25T00:55:43.237Z,FALSE,"",09:30,TRUE
fare_DEL-BOM_QP_2026-09-09_T+15_1787686351382_n2cm,DEL-BOM,EaseMyTrip,QP,QP-2074,2026-09-09,T+15,5416,1189,6605,2026-08-25T00:55:43.237Z,FALSE,"",09:20,TRUE
fare_DEL-BOM_QP_2026-09-09_T+15_1787686351382_zx2s,DEL-BOM,EaseMyTrip,QP,QP-1940,2026-09-09,T+15,5427,1191,6618,2026-08-25T00:55:43.237Z,FALSE,"",14:00,TRUE
fare_DEL-BOM_6E_2026-09-09_T+15_1787686351382_t7ub,DEL-BOM,EaseMyTrip,6E,6E-5198,2026-09-09,T+15,5427,1191,6618,2026-08-25T00:55:43.237Z,FALSE,"",15:00,TRUE
fare_DEL-BOM_6E_2026-09-09_T+15_1787686351382_l219,DEL-BOM,EaseMyTrip,6E,6E-6190,2026-09-09,T+15,5442,1194,6636,2026-08-25T00:55:43.237Z,FALSE,"",07:40,FALSE
fare_DEL-BOM_6E_2026-09-09_T+15_1787686351382_i4z8,DEL-BOM,EaseMyTrip,6E,6E-736,2026-09-09,T+15,5460,1199,6659,2026-08-25T00:55:43.237Z,FALSE,"",19:35,FALSE
fare_DEL-BOM_6E_2026-09-09_T+15_1787686351382_eoer,DEL-BOM,EaseMyTrip,6E,6E-744,2026-09-09,T+15,5460,1199,6659,2026-08-25T00:55:43.237Z,FALSE,"",19:35,FALSE
fare_DEL-BOM_6E_2026-09-09_T+15_1787686351382_dxjw,DEL-BOM,EaseMyTrip,6E,6E-688,2026-09-09,T+15,5484,1204,6688,2026-08-25T00:55:43.237Z,FALSE,"",05:00,TRUE
fare_DEL-BOM_6E_2026-09-09_T+15_1787686351382_ki12,DEL-BOM,EaseMyTrip,6E,6E-462,2026-09-09,T+15,5484,1204,6688,2026-08-25T00:55:43.237Z,FALSE,"",05:00,TRUE
fare_DEL-BOM_6E_2026-09-09_T+15_1787686351382_fpal,DEL-BOM,EaseMyTrip,6E,6E-355,2026-09-09,T+15,5484,1204,6688,2026-08-25T00:55:43.237Z,FALSE,"",23:30,TRUE
fare_DEL-BOM_6E_2026-09-09_T+15_1787686351382_mkvq,DEL-BOM,EaseMyTrip,6E,6E-699,2026-09-09,T+15,5484,1204,6688,2026-08-25T00:55:43.237Z,FALSE,"",23:30,TRUE
fare_DEL-BOM_6E_2026-09-09_T+15_1787686351382_yr4d,DEL-BOM,EaseMyTrip,6E,6E-6114,2026-09-09,T+15,5484,1204,6688,2026-08-25T00:55:43.237Z,FALSE,"",22:45,TRUE
fare_DEL-BOM_6E_2026-09-09_T+15_1787686351382_95s8,DEL-BOM,EaseMyTrip,6E,6E-6218,2026-09-09,T+15,5484,1204,6688,2026-08-25T00:55:43.237Z,FALSE,"",06:05,TRUE
fare_DEL-BOM_6E_2026-09-09_T+15_1787686351382_tw0h,DEL-BOM,EaseMyTrip,6E,6E-347,2026-09-09,T+15,5484,1204,6688,2026-08-25T00:55:43.237Z,FALSE,"",08:45,TRUE
fare_DEL-BOM_6E_2026-09-09_T+15_1787686351382_y4ph,DEL-BOM,EaseMyTrip,6E,6E-658,2026-09-09,T+15,5484,1204,6688,2026-08-25T00:55:43.237Z,FALSE,"",08:45,TRUE
fare_DEL-BOM_6E_2026-09-09_T+15_1787686351382_byqv,DEL-BOM,EaseMyTrip,6E,6E-5138,2026-09-09,T+15,5569,1222,6791,2026-08-25T00:55:43.237Z,FALSE,"",19:10,FALSE
fare_DEL-BOM_AI_2026-09-09_T+15_1787686351382_6lz4,DEL-BOM,EaseMyTrip,AI,AI-2963,2026-09-09,T+15,5740,1260,7000,2026-08-25T00:55:43.237Z,FALSE,"",09:00,TRUE
fare_DEL-BOM_AI_2026-09-09_T+15_1787686351382_6dfk,DEL-BOM,EaseMyTrip,AI,AI-865,2026-09-09,T+15,5740,1260,7000,2026-08-25T00:55:43.237Z,FALSE,"",09:00,TRUE
fare_DEL-BOM_AI_2026-09-09_T+15_1787686351382_epfg,DEL-BOM,EaseMyTrip,AI,AI-2425,2026-09-09,T+15,5740,1260,7000,2026-08-25T00:55:43.237Z,FALSE,"",10:30,TRUE
fare_DEL-BOM_AI_2026-09-09_T+15_1787686351382_znp3,DEL-BOM,EaseMyTrip,AI,AI-2951,2026-09-09,T+15,5740,1260,7000,2026-08-25T00:55:43.237Z,FALSE,"",13:30,TRUE
fare_DEL-BOM_AI_2026-09-09_T+15_1787686351382_twry,DEL-BOM,EaseMyTrip,AI,AI-2941,2026-09-09,T+15,5740,1260,7000,2026-08-25T00:55:43.237Z,FALSE,"",16:30,TRUE
fare_DEL-BOM_AI_2026-09-09_T+15_1787686351382_ide5,DEL-BOM,EaseMyTrip,AI,AI-2995,2026-09-09,T+15,5740,1260,7000,2026-08-25T00:55:43.237Z,FALSE,"",10:00,TRUE
fare_DEL-BOM_AI_2026-09-09_T+15_1787686351382_48f4,DEL-BOM,EaseMyTrip,AI,AI-2945,2026-09-09,T+15,5740,1260,7000,2026-08-25T00:55:43.237Z,FALSE,"",11:00,TRUE
fare_DEL-BOM_AI_2026-09-09_T+15_1787686351382_7va2,DEL-BOM,EaseMyTrip,AI,AI-1785,2026-09-09,T+15,5740,1260,7000,2026-08-25T00:55:43.237Z,FALSE,"",12:00,TRUE
fare_DEL-BOM_AI_2026-09-09_T+15_1787686351382_2jff,DEL-BOM,EaseMyTrip,AI,AI-2933,2026-09-09,T+15,5740,1260,7000,2026-08-25T00:55:43.237Z,FALSE,"",15:30,TRUE
fare_DEL-BOM_AI_2026-09-09_T+15_1787686351382_kz5x,DEL-BOM,EaseMyTrip,AI,AI-1777,2026-09-09,T+15,5740,1260,7000,2026-08-25T00:55:43.237Z,FALSE,"",16:00,TRUE
fare_DEL-BOM_AI_2026-09-09_T+15_1787686351382_t49w,DEL-BOM,EaseMyTrip,AI,AI-441,2026-09-09,T+15,5740,1260,7000,2026-08-25T00:55:43.237Z,FALSE,"",17:00,TRUE
fare_DEL-BOM_AI_2026-09-09_T+15_1787686351382_gftf,DEL-BOM,EaseMyTrip,AI,AI-2927,2026-09-09,T+15,5740,1260,7000,2026-08-25T00:55:43.237Z,FALSE,"",09:30,TRUE
fare_DEL-BOM_6E_2026-09-09_T+15_1787686351382_la0m,DEL-BOM,EaseMyTrip,6E,6E-5206,2026-09-09,T+15,5633,1236,6869,2026-08-25T00:55:43.237Z,FALSE,"",13:20,FALSE
fare_DEL-BOM_QP_2026-09-09_T+15_1787686351382_7a8b,DEL-BOM,EaseMyTrip,QP,QP-1826,2026-09-09,T+15,5652,1241,6893,2026-08-25T00:55:43.237Z,FALSE,"",19:55,TRUE
fare_DEL-BOM_6E_2026-09-09_T+15_1787686351382_2rrp,DEL-BOM,EaseMyTrip,6E,6E-188,2026-09-09,T+15,5656,1242,6898,2026-08-25T00:55:43.237Z,FALSE,"",21:45,TRUE
fare_DEL-BOM_6E_2026-09-09_T+15_1787686351382_igwq,DEL-BOM,EaseMyTrip,6E,6E-378,2026-09-09,T+15,5656,1242,6898,2026-08-25T00:55:43.237Z,FALSE,"",21:45,TRUE
fare_DEL-BOM_6E_2026-09-09_T+15_1787686351382_xozc,DEL-BOM,EaseMyTrip,6E,6E-965,2026-09-09,T+15,5656,1242,6898,2026-08-25T00:55:43.237Z,FALSE,"",18:00,TRUE
fare_DEL-BOM_6E_2026-09-09_T+15_1787686351382_t2v9,DEL-BOM,EaseMyTrip,6E,6E-834,2026-09-09,T+15,5656,1242,6898,2026-08-25T00:55:43.237Z,FALSE,"",18:00,TRUE
fare_DEL-BOM_6E_2026-09-09_T+15_1787686351382_hth4,DEL-BOM,EaseMyTrip,6E,6E-301,2026-09-09,T+15,5656,1242,6898,2026-08-25T00:55:43.237Z,FALSE,"",08:00,TRUE
fare_DEL-BOM_6E_2026-09-09_T+15_1787686351382_8am1,DEL-BOM,EaseMyTrip,6E,6E-281,2026-09-09,T+15,5656,1242,6898,2026-08-25T00:55:43.237Z,FALSE,"",08:00,TRUE
fare_DEL-BOM_6E_2026-09-09_T+15_1787686351382_g87v,DEL-BOM,EaseMyTrip,6E,6E-668,2026-09-09,T+15,5698,1251,6949,2026-08-25T00:55:43.237Z,FALSE,"",20:20,TRUE
fare_DEL-BOM_6E_2026-09-09_T+15_1787686351382_fs40,DEL-BOM,EaseMyTrip,6E,6E-492,2026-09-09,T+15,5698,1251,6949,2026-08-25T00:55:43.237Z,FALSE,"",20:20,TRUE
fare_DEL-BOM_AI_2026-09-09_T+15_1787686351382_ieuu,DEL-BOM,EaseMyTrip,AI,AI-2678,2026-09-09,T+15,5870,1289,7159,2026-08-25T00:55:43.237Z,FALSE,"",08:30,TRUE
fare_DEL-BOM_AI_2026-09-09_T+15_1787686351382_1p67,DEL-BOM,EaseMyTrip,AI,AI-2975,2026-09-09,T+15,5870,1289,7159,2026-08-25T00:55:43.237Z,FALSE,"",06:30,TRUE
fare_DEL-BOM_AI_2026-09-09_T+15_1787686351382_ldci,DEL-BOM,EaseMyTrip,AI,AI-1745,2026-09-09,T+15,5870,1289,7159,2026-08-25T00:55:43.237Z,FALSE,"",05:00,TRUE
fare_DEL-BOM_AI_2026-09-09_T+15_1787686351382_9pen,DEL-BOM,EaseMyTrip,AI,AI-2439,2026-09-09,T+15,5870,1289,7159,2026-08-25T00:55:43.237Z,FALSE,"",23:00,TRUE
fare_DEL-BOM_6E_2026-09-09_T+15_1787686351382_x0oa,DEL-BOM,EaseMyTrip,6E,6E-835,2026-09-09,T+15,5805,1274,7079,2026-08-25T00:55:43.237Z,FALSE,"",19:30,FALSE
fare_DEL-BOM_6E_2026-09-09_T+15_1787686351382_ycq0,DEL-BOM,EaseMyTrip,6E,6E-581,2026-09-09,T+15,5805,1274,7079,2026-08-25T00:55:43.237Z,FALSE,"",19:30,FALSE
fare_DEL-BOM_6E_2026-09-09_T+15_1787686351382_j0r5,DEL-BOM,EaseMyTrip,6E,6E-397,2026-09-09,T+15,5871,1289,7160,2026-08-25T00:55:43.237Z,FALSE,"",20:45,TRUE
fare_DEL-BOM_6E_2026-09-09_T+15_1787686351382_901f,DEL-BOM,EaseMyTrip,6E,6E-650,2026-09-09,T+15,5871,1289,7160,2026-08-25T00:55:43.237Z,FALSE,"",20:45,TRUE
fare_DEL-BOM_6E_2026-09-09_T+15_1787686351382_xaz4,DEL-BOM,EaseMyTrip,6E,6E-882,2026-09-09,T+15,5871,1289,7160,2026-08-25T00:55:43.237Z,FALSE,"",20:00,TRUE
fare_DEL-BOM_6E_2026-09-09_T+15_1787686351382_o2u4,DEL-BOM,EaseMyTrip,6E,6E-700,2026-09-09,T+15,5871,1289,7160,2026-08-25T00:55:43.237Z,FALSE,"",20:00,TRUE
fare_DEL-BOM_6E_2026-09-09_T+15_1787686351382_ngl9,DEL-BOM,EaseMyTrip,6E,6E-703,2026-09-09,T+15,5871,1289,7160,2026-08-25T00:55:43.237Z,FALSE,"",19:00,TRUE
fare_DEL-BOM_6E_2026-09-09_T+15_1787686351382_a3ql,DEL-BOM,EaseMyTrip,6E,6E-6814,2026-09-09,T+15,5871,1289,7160,2026-08-25T00:55:43.237Z,FALSE,"",07:15,TRUE
fare_DEL-BOM_6E_2026-09-09_T+15_1787686351382_dcyn,DEL-BOM,EaseMyTrip,6E,6E-2571,2026-09-09,T+15,5935,1303,7238,2026-08-25T00:55:43.237Z,FALSE,"",12:30,FALSE
fare_DEL-BOM_6E_2026-09-09_T+15_1787686351382_pbgn,DEL-BOM,EaseMyTrip,6E,6E-2496,2026-09-09,T+15,5999,1317,7316,2026-08-25T00:55:43.237Z,FALSE,"",12:40,FALSE
fare_DEL-BOM_SG_2026-09-09_T+15_1787686351382_50f9,DEL-BOM,EaseMyTrip,SG,SG-720,2026-09-09,T+15,6470,1420,7890,2026-08-25T00:55:43.237Z,FALSE,"",09:15,TRUE
fare_DEL-BOM_SG_2026-09-09_T+15_1787686351382_cpy0,DEL-BOM,EaseMyTrip,SG,SG-961,2026-09-09,T+15,6470,1420,7890,2026-08-25T00:55:43.237Z,FALSE,"",09:15,TRUE
fare_DEL-BOM_AI_2026-09-09_T+15_1787686351382_wury,DEL-BOM,EaseMyTrip,AI,AI-2981,2026-09-09,T+15,6257,1373,7630,2026-08-25T00:55:43.237Z,FALSE,"",21:00,TRUE
fare_DEL-BOM_AI_2026-09-09_T+15_1787686351382_y626,DEL-BOM,EaseMyTrip,AI,AI-2429,2026-09-09,T+15,6257,1373,7630,2026-08-25T00:55:43.237Z,FALSE,"",07:00,TRUE
fare_DEL-BOM_AI_2026-09-09_T+15_1787686351382_g8ix,DEL-BOM,EaseMyTrip,AI,AI-2943,2026-09-09,T+15,6257,1373,7630,2026-08-25T00:55:43.237Z,FALSE,"",07:30,TRUE
fare_DEL-BOM_AI_2026-09-09_T+15_1787686351382_0np5,DEL-BOM,EaseMyTrip,AI,AI-2433,2026-09-09,T+15,6257,1373,7630,2026-08-25T00:55:43.237Z,FALSE,"",21:30,TRUE
fare_DEL-BOM_AI_2026-09-09_T+15_1787686351382_ejra,DEL-BOM,EaseMyTrip,AI,AI-2957,2026-09-09,T+15,6257,1373,7630,2026-08-25T00:55:43.237Z,FALSE,"",20:30,TRUE
fare_DEL-BOM_IX_2026-09-09_T+15_1787686351382_63jj,DEL-BOM,EaseMyTrip,IX,IX-1051,2026-09-09,T+15,6339,1391,7730,2026-08-25T00:55:43.237Z,FALSE,"",19:05,FALSE
fare_DEL-BOM_6E_2026-09-09_T+15_1787686351382_sawl,DEL-BOM,EaseMyTrip,6E,6E-7646,2026-09-09,T+15,6202,1362,7564,2026-08-25T00:55:43.237Z,FALSE,"",06:15,FALSE
fare_DEL-BOM_IX_2026-09-09_T+15_1787686351382_ykfp,DEL-BOM,EaseMyTrip,IX,IX-1038,2026-09-09,T+15,6454,1417,7871,2026-08-25T00:55:43.237Z,FALSE,"",17:35,TRUE
fare_DEL-BOM_AI_2026-09-09_T+15_1787686351382_kndl,DEL-BOM,EaseMyTrip,AI,AI-2955,2026-09-09,T+15,6624,1454,8078,2026-08-25T00:55:43.237Z,FALSE,"",18:00,TRUE
fare_DEL-BOM_IX_2026-09-09_T+15_1787686351382_mdyy,DEL-BOM,EaseMyTrip,IX,IX-1049,2026-09-09,T+15,6831,1499,8330,2026-08-25T00:55:43.237Z,FALSE,"",18:40,FALSE
fare_DEL-BOM_AI_2026-09-09_T+15_1787686351382_wxem,DEL-BOM,EaseMyTrip,AI,AI-2985,2026-09-09,T+15,6836,1500,8336,2026-08-25T00:55:43.237Z,FALSE,"",19:30,TRUE
fare_DEL-BOM_6E_2026-09-09_T+15_1787686351382_6b1h,DEL-BOM,EaseMyTrip,6E,6E-2013,2026-09-09,T+15,6892,1513,8405,2026-08-25T00:55:43.237Z,FALSE,"",21:50,FALSE
fare_DEL-BOM_AI_2026-09-09_T+15_1787686351382_ztit,DEL-BOM,EaseMyTrip,AI,AI-2805,2026-09-09,T+15,7068,1552,8620,2026-08-25T00:55:43.237Z,FALSE,"",20:00,TRUE
fare_DEL-BOM_AI_2026-09-09_T+15_1787686351382_lfse,DEL-BOM,EaseMyTrip,AI,AI-2977,2026-09-09,T+15,7243,1590,8833,2026-08-25T00:55:43.237Z,FALSE,"",19:00,TRUE
fare_DEL-BOM_6E_2026-09-09_T+15_1787686351382_glsc,DEL-BOM,EaseMyTrip,6E,6E-7642,2026-09-09,T+15,7624,1673,9297,2026-08-25T00:55:43.237Z,FALSE,"",15:45,FALSE
fare_DEL-BOM_6E_2026-09-09_T+15_1787686351382_lnx0,DEL-BOM,EaseMyTrip,6E,6E-291,2026-09-09,T+15,7811,1715,9526,2026-08-25T00:55:43.237Z,FALSE,"",12:15,FALSE
fare_DEL-BOM_6E_2026-09-09_T+15_1787686351382_bb5k,DEL-BOM,EaseMyTrip,6E,6E-927,2026-09-09,T+15,7811,1715,9526,2026-08-25T00:55:43.237Z,FALSE,"",12:15,FALSE
fare_DEL-BOM_IX_2026-09-09_T+15_1787686351382_y7oj,DEL-BOM,EaseMyTrip,IX,IX-1392,2026-09-09,T+15,8243,1809,10052,2026-08-25T00:55:43.237Z,FALSE,"",23:25,FALSE
fare_DEL-BOM_AI_2026-09-09_T+15_1787686351382_i2r1,DEL-BOM,EaseMyTrip,AI,AI-2509,2026-09-09,T+15,8512,1869,10381,2026-08-25T00:55:43.237Z,FALSE,"",07:00,FALSE
fare_DEL-BOM_6E_2026-09-09_T+15_1787686351382_kbta,DEL-BOM,EaseMyTrip,6E,6E-6601,2026-09-09,T+15,8379,1839,10218,2026-08-25T00:55:43.237Z,FALSE,"",19:45,FALSE
fare_DEL-BOM_AI_2026-09-09_T+15_1787686351382_hs36,DEL-BOM,EaseMyTrip,AI,AI-1780,2026-09-09,T+15,8719,1914,10633,2026-08-25T00:55:43.237Z,FALSE,"",16:10,TRUE
fare_DEL-BOM_IX_2026-09-09_T+15_1787686351382_cz3b,DEL-BOM,EaseMyTrip,IX,IX-1108,2026-09-09,T+15,8963,1967,10930,2026-08-25T00:55:43.237Z,FALSE,"",05:00,FALSE
fare_DEL-BOM_AI_2026-09-09_T+15_1787686351382_ou9p,DEL-BOM,EaseMyTrip,AI,AI-1705,2026-09-09,T+15,8895,1952,10847,2026-08-25T00:55:43.237Z,FALSE,"",06:30,FALSE
fare_DEL-BOM_AI_2026-09-09_T+15_1787686351382_etqb,DEL-BOM,EaseMyTrip,AI,AI-2569,2026-09-09,T+15,8990,1974,10964,2026-08-25T00:55:43.237Z,FALSE,"",20:30,FALSE
fare_DEL-BOM_AI_2026-09-09_T+15_1787686351382_0l6l,DEL-BOM,EaseMyTrip,AI,AI-1710,2026-09-09,T+15,8990,1974,10964,2026-08-25T00:55:43.237Z,FALSE,"",18:35,FALSE
fare_DEL-BOM_AI_2026-09-09_T+15_1787686351382_vsgq,DEL-BOM,EaseMyTrip,AI,AI-1719,2026-09-09,T+15,9043,1985,11028,2026-08-25T00:55:43.237Z,FALSE,"",11:55,FALSE
fare_DEL-BOM_IX_2026-09-09_T+15_1787686351382_m3im,DEL-BOM,EaseMyTrip,IX,IX-1165,2026-09-09,T+15,9581,2103,11684,2026-08-25T00:55:43.237Z,TRUE,"High outlier: ₹11684 > upper fence ₹11030 (Q3: ₹8330, IQR: ₹1800)",06:00,FALSE
fare_DEL-BOM_AI_2026-09-09_T+15_1787686351382_x5qm,DEL-BOM,EaseMyTrip,AI,AI-2761,2026-09-09,T+15,9631,2114,11745,2026-08-25T00:55:43.237Z,TRUE,"High outlier: ₹11745 > upper fence ₹11030 (Q3: ₹8330, IQR: ₹1800)",16:25,FALSE
fare_DEL-BOM_6E_2026-09-09_T+15_1787686351382_o58a,DEL-BOM,EaseMyTrip,6E,6E-5014,2026-09-09,T+15,9469,2078,11547,2026-08-25T00:55:43.237Z,TRUE,"High outlier: ₹11547 > upper fence ₹11030 (Q3: ₹8330, IQR: ₹1800)",18:30,FALSE
fare_DEL-BOM_AI_2026-09-09_T+15_1787686351382_s6hu,DEL-BOM,EaseMyTrip,AI,AI-2499,2026-09-09,T+15,9851,2163,12014,2026-08-25T00:55:43.237Z,TRUE,"High outlier: ₹12014 > upper fence ₹11030 (Q3: ₹8330, IQR: ₹1800)",06:00,FALSE
fare_DEL-BOM_AI_2026-09-09_T+15_1787686351382_tmg6,DEL-BOM,EaseMyTrip,AI,AI-9674,2026-09-09,T+15,10275,2255,12530,2026-08-25T00:55:43.237Z,TRUE,"High outlier: ₹12530 > upper fence ₹11030 (Q3: ₹8330, IQR: ₹1800)",16:40,FALSE
fare_DEL-BOM_AI_2026-09-09_T+15_1787686351382_3ov9,DEL-BOM,EaseMyTrip,AI,AI-9757,2026-09-09,T+15,10761,2362,13123,2026-08-25T00:55:43.237Z,TRUE,"High outlier: ₹13123 > upper fence ₹11030 (Q3: ₹8330, IQR: ₹1800)",11:50,FALSE
fare_DEL-BOM_AI_2026-09-09_T+15_1787686351382_cd8l,DEL-BOM,EaseMyTrip,AI,AI-809,2026-09-09,T+15,11273,2475,13748,2026-08-25T00:55:43.237Z,TRUE,"High outlier: ₹13748 > upper fence ₹11030 (Q3: ₹8330, IQR: ₹1800)",17:40,FALSE
fare_DEL-BOM_AI_2026-09-09_T+15_1787686351382_3nut,DEL-BOM,EaseMyTrip,AI,AI-2939,2026-09-09,T+15,11273,2475,13748,2026-08-25T00:55:43.237Z,TRUE,"High outlier: ₹13748 > upper fence ₹11030 (Q3: ₹8330, IQR: ₹1800)",16:40,FALSE
fare_DEL-BOM_AI_2026-09-09_T+15_1787686351382_8sya,DEL-BOM,EaseMyTrip,AI,AI-2909,2026-09-09,T+15,11273,2475,13748,2026-08-25T00:55:43.237Z,TRUE,"High outlier: ₹13748 > upper fence ₹11030 (Q3: ₹8330, IQR: ₹1800)",22:30,FALSE
fare_DEL-BOM_AI_2026-09-09_T+15_1787686351382_7p4b,DEL-BOM,EaseMyTrip,AI,AI-1743,2026-09-09,T+15,13065,2868,15933,2026-08-25T00:55:43.237Z,TRUE,"High outlier: ₹15933 > upper fence ₹11030 (Q3: ₹8330, IQR: ₹1800)",06:15,FALSE
fare_DEL-BOM_AI_2026-09-09_T+15_1787686351382_xsro,DEL-BOM,EaseMyTrip,AI,AI-2601,2026-09-09,T+15,13065,2868,15933,2026-08-25T00:55:43.237Z,TRUE,"High outlier: ₹15933 > upper fence ₹11030 (Q3: ₹8330, IQR: ₹1800)",17:00,FALSE
fare_DEL-BOM_IX_2026-09-09_T+15_1787686351382_02u4,DEL-BOM,EaseMyTrip,IX,IX-1003,2026-09-09,T+15,13273,2914,16187,2026-08-25T00:55:43.237Z,TRUE,"High outlier: ₹16187 > upper fence ₹11030 (Q3: ₹8330, IQR: ₹1800)",19:10,FALSE
fare_DEL-BOM_IX_2026-09-09_T+15_1787686351382_s2wi,DEL-BOM,EaseMyTrip,IX,IX-1068,2026-09-09,T+15,13719,3011,16730,2026-08-25T00:55:43.237Z,TRUE,"High outlier: ₹16730 > upper fence ₹11030 (Q3: ₹8330, IQR: ₹1800)",11:55,FALSE
fare_DEL-BOM_6E_2026-09-09_T+15_1787686351382_erhv,DEL-BOM,EaseMyTrip,6E,6E-2381,2026-09-09,T+15,13567,2978,16545,2026-08-25T00:55:43.237Z,TRUE,"High outlier: ₹16545 > upper fence ₹11030 (Q3: ₹8330, IQR: ₹1800)",13:45,FALSE
fare_DEL-BOM_AI_2026-09-09_T+15_1787686351382_qwtj,DEL-BOM,EaseMyTrip,AI,AI-491,2026-09-09,T+15,13815,3033,16848,2026-08-25T00:55:43.237Z,TRUE,"High outlier: ₹16848 > upper fence ₹11030 (Q3: ₹8330, IQR: ₹1800)",11:15,FALSE
fare_DEL-BOM_AI_2026-09-09_T+15_1787686351382_skli,DEL-BOM,EaseMyTrip,AI,AI-1773,2026-09-09,T+15,13815,3033,16848,2026-08-25T00:55:43.237Z,TRUE,"High outlier: ₹16848 > upper fence ₹11030 (Q3: ₹8330, IQR: ₹1800)",10:30,FALSE
fare_DEL-BOM_AI_2026-09-09_T+15_1787686351382_xnlg,DEL-BOM,EaseMyTrip,AI,AI-479,2026-09-09,T+15,13815,3033,16848,2026-08-25T00:55:43.237Z,TRUE,"High outlier: ₹16848 > upper fence ₹11030 (Q3: ₹8330, IQR: ₹1800)",21:15,FALSE
fare_DEL-BOM_AI_2026-09-09_T+15_1787686351382_sn7l,DEL-BOM,EaseMyTrip,AI,AI-2907,2026-09-09,T+15,13927,3057,16984,2026-08-25T00:55:43.237Z,TRUE,"High outlier: ₹16984 > upper fence ₹11030 (Q3: ₹8330, IQR: ₹1800)",12:00,FALSE
fare_DEL-BOM_AI_2026-09-09_T+15_1787686351382_os38,DEL-BOM,EaseMyTrip,AI,AI-2577,2026-09-09,T+15,14577,3200,17777,2026-08-25T00:55:43.237Z,TRUE,"High outlier: ₹17777 > upper fence ₹11030 (Q3: ₹8330, IQR: ₹1800)",02:00,FALSE
fare_DEL-BOM_AI_2026-09-09_T+15_1787686351383_jnpv,DEL-BOM,EaseMyTrip,AI,AI-2859,2026-09-09,T+15,14577,3200,17777,2026-08-25T00:55:43.237Z,TRUE,"High outlier: ₹17777 > upper fence ₹11030 (Q3: ₹8330, IQR: ₹1800)",10:30,FALSE
fare_DEL-BOM_AI_2026-09-09_T+15_1787686351383_ep3n,DEL-BOM,EaseMyTrip,AI,AI-2465,2026-09-09,T+15,14880,3266,18146,2026-08-25T00:55:43.237Z,TRUE,"High outlier: ₹18146 > upper fence ₹11030 (Q3: ₹8330, IQR: ₹1800)",14:30,FALSE
fare_DEL-BOM_AI_2026-09-09_T+15_1787686351383_1jsp,DEL-BOM,EaseMyTrip,AI,AI-9584,2026-09-09,T+15,15190,3334,18524,2026-08-25T00:55:43.237Z,TRUE,"High outlier: ₹18524 > upper fence ₹11030 (Q3: ₹8330, IQR: ₹1800)",11:15,FALSE
fare_DEL-BOM_AI_2026-09-09_T+15_1787686351383_m3kh,DEL-BOM,EaseMyTrip,AI,AI-1779,2026-09-09,T+15,17393,3818,21211,2026-08-25T00:55:43.237Z,TRUE,"High outlier: ₹21211 > upper fence ₹11030 (Q3: ₹8330, IQR: ₹1800)",13:45,FALSE
fare_DEL-BOM_AI_2026-09-09_T+15_1787686351383_v627,DEL-BOM,EaseMyTrip,AI,AI-1739,2026-09-09,T+15,17408,3821,21229,2026-08-25T00:55:43.237Z,TRUE,"High outlier: ₹21229 > upper fence ₹11030 (Q3: ₹8330, IQR: ₹1800)",11:30,FALSE
fare_DEL-BOM_AI_2026-09-09_T+15_1787686351383_3yuv,DEL-BOM,EaseMyTrip,AI,AI-2627,2026-09-09,T+15,27957,6137,34094,2026-08-25T00:55:43.237Z,TRUE,"High outlier: ₹34094 > upper fence ₹11030 (Q3: ₹8330, IQR: ₹1800)",10:45,FALSE
fare_DEL-BOM_SG_2026-08-26_T+1_1787686351383_oyaw,DEL-BOM,EaseMyTrip,SG,SG-9091,2026-08-26,T+1,5168,1134,6302,2026-08-25T19:10:33.976Z,FALSE,"",14:00,TRUE
fare_DEL-BOM_SG_2026-08-26_T+1_1787686351383_1k6z,DEL-BOM,EaseMyTrip,SG,SG-341,2026-08-26,T+1,5255,1153,6408,2026-08-25T19:10:33.976Z,FALSE,"",21:00,TRUE
fare_DEL-BOM_SG_2026-08-26_T+1_1787686351383_4v4c,DEL-BOM,EaseMyTrip,SG,SG-291,2026-08-26,T+1,5255,1153,6408,2026-08-25T19:10:33.976Z,FALSE,"",21:00,TRUE
fare_DEL-BOM_SG_2026-08-26_T+1_1787686351383_rhuh,DEL-BOM,EaseMyTrip,SG,SG-752,2026-08-26,T+1,5255,1153,6408,2026-08-25T19:10:33.976Z,FALSE,"",22:30,TRUE
fare_DEL-BOM_SG_2026-08-26_T+1_1787686351383_ij6i,DEL-BOM,EaseMyTrip,SG,SG-675,2026-08-26,T+1,5255,1153,6408,2026-08-25T19:10:33.976Z,FALSE,"",22:30,TRUE
fare_DEL-BOM_IX_2026-08-26_T+1_1787686351383_i2kh,DEL-BOM,EaseMyTrip,IX,IX-1605,2026-08-26,T+1,5483,1204,6687,2026-08-25T19:10:33.976Z,FALSE,"",06:00,TRUE
fare_DEL-BOM_IX_2026-08-26_T+1_1787686351383_42zd,DEL-BOM,EaseMyTrip,IX,IX-1056,2026-08-26,T+1,5483,1204,6687,2026-08-25T19:10:33.976Z,FALSE,"",17:50,TRUE
fare_DEL-BOM_6E_2026-08-26_T+1_1787686351383_dxdd,DEL-BOM,EaseMyTrip,6E,6E-5096,2026-08-26,T+1,5282,1160,6442,2026-08-25T19:10:33.976Z,FALSE,"",17:00,TRUE
fare_DEL-BOM_6E_2026-08-26_T+1_1787686351383_kyem,DEL-BOM,EaseMyTrip,6E,6E-6470,2026-08-26,T+1,5354,1175,6529,2026-08-25T19:10:33.976Z,FALSE,"",06:55,TRUE
fare_DEL-BOM_6E_2026-08-26_T+1_1787686351383_k8j9,DEL-BOM,EaseMyTrip,6E,6E-2721,2026-08-26,T+1,5354,1175,6529,2026-08-25T19:10:33.976Z,FALSE,"",09:55,TRUE
fare_DEL-BOM_QP_2026-08-26_T+1_1787686351383_e5mt,DEL-BOM,EaseMyTrip,QP,QP-1110,2026-08-26,T+1,5355,1175,6530,2026-08-25T19:10:33.976Z,FALSE,"",10:30,TRUE
fare_DEL-BOM_QP_2026-08-26_T+1_1787686351383_wl4h,DEL-BOM,EaseMyTrip,QP,QP-1820,2026-08-26,T+1,5355,1175,6530,2026-08-25T19:10:33.976Z,FALSE,"",17:30,TRUE
fare_DEL-BOM_QP_2026-08-26_T+1_1787686351383_2g2b,DEL-BOM,EaseMyTrip,QP,QP-1833,2026-08-26,T+1,5355,1175,6530,2026-08-25T19:10:33.976Z,FALSE,"",06:50,TRUE
fare_DEL-BOM_QP_2026-08-26_T+1_1787686351383_5o8t,DEL-BOM,EaseMyTrip,QP,QP-1119,2026-08-26,T+1,5355,1175,6530,2026-08-25T19:10:33.976Z,FALSE,"",08:40,TRUE
fare_DEL-BOM_QP_2026-08-26_T+1_1787686351383_8ip6,DEL-BOM,EaseMyTrip,QP,QP-1128,2026-08-26,T+1,5355,1175,6530,2026-08-25T19:10:33.976Z,FALSE,"",16:00,TRUE
fare_DEL-BOM_QP_2026-08-26_T+1_1787686351383_e5d1,DEL-BOM,EaseMyTrip,QP,QP-1112,2026-08-26,T+1,5355,1175,6530,2026-08-25T19:10:33.976Z,FALSE,"",09:20,TRUE
fare_DEL-BOM_QP_2026-08-26_T+1_1787686351383_087p,DEL-BOM,EaseMyTrip,QP,QP-1836,2026-08-26,T+1,5355,1175,6530,2026-08-25T19:10:33.976Z,FALSE,"",12:05,TRUE
fare_DEL-BOM_QP_2026-08-26_T+1_1787686351383_vhsm,DEL-BOM,EaseMyTrip,QP,QP-1826,2026-08-26,T+1,5355,1175,6530,2026-08-25T19:10:33.976Z,FALSE,"",19:55,TRUE
fare_DEL-BOM_6E_2026-08-26_T+1_1787686351383_ai0x,DEL-BOM,EaseMyTrip,6E,6E-250,2026-08-26,T+1,5355,1175,6530,2026-08-25T19:10:33.976Z,FALSE,"",05:00,TRUE
fare_DEL-BOM_6E_2026-08-26_T+1_1787686351383_h7gy,DEL-BOM,EaseMyTrip,6E,6E-210,2026-08-26,T+1,5355,1175,6530,2026-08-25T19:10:33.976Z,FALSE,"",05:00,TRUE
fare_DEL-BOM_6E_2026-08-26_T+1_1787686351383_50zv,DEL-BOM,EaseMyTrip,6E,6E-6114,2026-08-26,T+1,5355,1175,6530,2026-08-25T19:10:33.976Z,FALSE,"",22:45,TRUE
fare_DEL-BOM_6E_2026-08-26_T+1_1787686351383_vf5v,DEL-BOM,EaseMyTrip,6E,6E-759,2026-08-26,T+1,5355,1175,6530,2026-08-25T19:10:33.976Z,FALSE,"",21:45,TRUE
fare_DEL-BOM_6E_2026-08-26_T+1_1787686351383_garw,DEL-BOM,EaseMyTrip,6E,6E-939,2026-08-26,T+1,5355,1175,6530,2026-08-25T19:10:33.976Z,FALSE,"",21:45,TRUE
fare_DEL-BOM_6E_2026-08-26_T+1_1787686351383_3jyv,DEL-BOM,EaseMyTrip,6E,6E-334,2026-08-26,T+1,5355,1175,6530,2026-08-25T19:10:33.976Z,FALSE,"",20:45,TRUE
fare_DEL-BOM_6E_2026-08-26_T+1_1787686351383_yysw,DEL-BOM,EaseMyTrip,6E,6E-829,2026-08-26,T+1,5355,1175,6530,2026-08-25T19:10:33.976Z,FALSE,"",20:45,TRUE
fare_DEL-BOM_6E_2026-08-26_T+1_1787686351383_8pv1,DEL-BOM,EaseMyTrip,6E,6E-300,2026-08-26,T+1,5355,1175,6530,2026-08-25T19:10:33.976Z,FALSE,"",20:00,TRUE
fare_DEL-BOM_6E_2026-08-26_T+1_1787686351383_dphg,DEL-BOM,EaseMyTrip,6E,6E-315,2026-08-26,T+1,5355,1175,6530,2026-08-25T19:10:33.976Z,FALSE,"",20:00,TRUE
fare_DEL-BOM_6E_2026-08-26_T+1_1787686351383_ohzz,DEL-BOM,EaseMyTrip,6E,6E-546,2026-08-26,T+1,5355,1175,6530,2026-08-25T19:10:33.976Z,FALSE,"",19:00,TRUE
fare_DEL-BOM_6E_2026-08-26_T+1_1787686351383_0nm1,DEL-BOM,EaseMyTrip,6E,6E-176,2026-08-26,T+1,5355,1175,6530,2026-08-25T19:10:33.976Z,FALSE,"",19:00,TRUE
fare_DEL-BOM_6E_2026-08-26_T+1_1787686351383_ww4e,DEL-BOM,EaseMyTrip,6E,6E-327,2026-08-26,T+1,5355,1175,6530,2026-08-25T19:10:33.976Z,FALSE,"",18:00,TRUE
fare_DEL-BOM_6E_2026-08-26_T+1_1787686351383_0itf,DEL-BOM,EaseMyTrip,6E,6E-486,2026-08-26,T+1,5355,1175,6530,2026-08-25T19:10:33.976Z,FALSE,"",18:00,TRUE
fare_DEL-BOM_6E_2026-08-26_T+1_1787686351383_ou4z,DEL-BOM,EaseMyTrip,6E,6E-6706,2026-08-26,T+1,5355,1175,6530,2026-08-25T19:10:33.976Z,FALSE,"",17:00,TRUE
fare_DEL-BOM_6E_2026-08-26_T+1_1787686351383_mq2x,DEL-BOM,EaseMyTrip,6E,6E-534,2026-08-26,T+1,5355,1175,6530,2026-08-25T19:10:33.976Z,FALSE,"",16:15,TRUE
fare_DEL-BOM_6E_2026-08-26_T+1_1787686351383_ldws,DEL-BOM,EaseMyTrip,6E,6E-269,2026-08-26,T+1,5355,1175,6530,2026-08-25T19:10:33.976Z,FALSE,"",16:15,TRUE
fare_DEL-BOM_6E_2026-08-26_T+1_1787686351383_oyic,DEL-BOM,EaseMyTrip,6E,6E-655,2026-08-26,T+1,5355,1175,6530,2026-08-25T19:10:33.976Z,FALSE,"",15:30,TRUE
fare_DEL-BOM_6E_2026-08-26_T+1_1787686351383_htmi,DEL-BOM,EaseMyTrip,6E,6E-827,2026-08-26,T+1,5355,1175,6530,2026-08-25T19:10:33.976Z,FALSE,"",15:30,TRUE
fare_DEL-BOM_6E_2026-08-26_T+1_1787686351383_04t8,DEL-BOM,EaseMyTrip,6E,6E-6022,2026-08-26,T+1,5355,1175,6530,2026-08-25T19:10:33.976Z,FALSE,"",14:00,TRUE
fare_DEL-BOM_6E_2026-08-26_T+1_1787686351383_g5ri,DEL-BOM,EaseMyTrip,6E,6E-6318,2026-08-26,T+1,5355,1175,6530,2026-08-25T19:10:33.976Z,FALSE,"",14:45,TRUE
fare_DEL-BOM_6E_2026-08-26_T+1_1787686351383_k0q2,DEL-BOM,EaseMyTrip,6E,6E-6218,2026-08-26,T+1,5355,1175,6530,2026-08-25T19:10:33.976Z,FALSE,"",06:05,TRUE
fare_DEL-BOM_6E_2026-08-26_T+1_1787686351383_1ft4,DEL-BOM,EaseMyTrip,6E,6E-563,2026-08-26,T+1,5355,1175,6530,2026-08-25T19:10:33.976Z,FALSE,"",08:45,TRUE
fare_DEL-BOM_6E_2026-08-26_T+1_1787686351383_5fsj,DEL-BOM,EaseMyTrip,6E,6E-791,2026-08-26,T+1,5355,1175,6530,2026-08-25T19:10:33.976Z,FALSE,"",08:45,TRUE
fare_DEL-BOM_6E_2026-08-26_T+1_1787686351383_e8x5,DEL-BOM,EaseMyTrip,6E,6E-6814,2026-08-26,T+1,5355,1175,6530,2026-08-25T19:10:33.976Z,FALSE,"",07:15,TRUE
fare_DEL-BOM_6E_2026-08-26_T+1_1787686351383_c4zf,DEL-BOM,EaseMyTrip,6E,6E-6328,2026-08-26,T+1,5355,1175,6530,2026-08-25T19:10:33.976Z,FALSE,"",10:15,TRUE
fare_DEL-BOM_6E_2026-08-26_T+1_1787686351383_omzp,DEL-BOM,EaseMyTrip,6E,6E-6047,2026-08-26,T+1,5355,1175,6530,2026-08-25T19:10:33.976Z,FALSE,"",11:00,TRUE
fare_DEL-BOM_6E_2026-08-26_T+1_1787686351383_zb0i,DEL-BOM,EaseMyTrip,6E,6E-6676,2026-08-26,T+1,5355,1175,6530,2026-08-25T19:10:33.976Z,FALSE,"",12:00,TRUE
fare_DEL-BOM_6E_2026-08-26_T+1_1787686351383_dfhm,DEL-BOM,EaseMyTrip,6E,6E-598,2026-08-26,T+1,5355,1175,6530,2026-08-25T19:10:33.976Z,FALSE,"",13:00,TRUE
fare_DEL-BOM_6E_2026-08-26_T+1_1787686351383_oh0g,DEL-BOM,EaseMyTrip,6E,6E-579,2026-08-26,T+1,5355,1175,6530,2026-08-25T19:10:33.976Z,FALSE,"",13:00,TRUE
fare_DEL-BOM_6E_2026-08-26_T+1_1787686351383_8fog,DEL-BOM,EaseMyTrip,6E,6E-6107,2026-08-26,T+1,5355,1175,6530,2026-08-25T19:10:33.976Z,FALSE,"",09:30,TRUE
fare_DEL-BOM_QP_2026-08-26_T+1_1787686351383_i1dw,DEL-BOM,EaseMyTrip,QP,QP-2074,2026-08-26,T+1,5416,1189,6605,2026-08-25T19:10:33.976Z,FALSE,"",09:20,TRUE
fare_DEL-BOM_QP_2026-08-26_T+1_1787686351383_99g4,DEL-BOM,EaseMyTrip,QP,QP-1940,2026-08-26,T+1,5427,1191,6618,2026-08-25T19:10:33.976Z,FALSE,"",14:10,TRUE
fare_DEL-BOM_QP_2026-08-26_T+1_1787686351383_uazi,DEL-BOM,EaseMyTrip,QP,QP-1942,2026-08-26,T+1,5427,1191,6618,2026-08-25T19:10:33.976Z,FALSE,"",21:05,TRUE
fare_DEL-BOM_6E_2026-08-26_T+1_1787686351383_iqyz,DEL-BOM,EaseMyTrip,6E,6E-5198,2026-08-26,T+1,5427,1191,6618,2026-08-25T19:10:33.976Z,FALSE,"",15:00,TRUE
fare_DEL-BOM_IX_2026-08-26_T+1_1787686351383_ob0d,DEL-BOM,EaseMyTrip,IX,IX-1395,2026-08-26,T+1,5690,1249,6939,2026-08-25T19:10:33.976Z,FALSE,"",19:15,TRUE
fare_DEL-BOM_6E_2026-08-26_T+1_1787686351383_k1bl,DEL-BOM,EaseMyTrip,6E,6E-457,2026-08-26,T+1,5484,1204,6688,2026-08-25T19:10:33.976Z,FALSE,"",23:30,TRUE
fare_DEL-BOM_6E_2026-08-26_T+1_1787686351383_7x8f,DEL-BOM,EaseMyTrip,6E,6E-273,2026-08-26,T+1,5484,1204,6688,2026-08-25T19:10:33.976Z,FALSE,"",23:30,TRUE
fare_DEL-BOM_6E_2026-08-26_T+1_1787686351383_1g0b,DEL-BOM,EaseMyTrip,6E,6E-108,2026-08-26,T+1,5484,1204,6688,2026-08-25T19:10:33.976Z,FALSE,"",08:00,TRUE
fare_DEL-BOM_6E_2026-08-26_T+1_1787686351383_iamv,DEL-BOM,EaseMyTrip,6E,6E-651,2026-08-26,T+1,5484,1204,6688,2026-08-25T19:10:33.976Z,FALSE,"",08:00,TRUE
fare_DEL-BOM_AI_2026-08-26_T+1_1787686351383_x973,DEL-BOM,EaseMyTrip,AI,AI-2941,2026-08-26,T+1,5740,1260,7000,2026-08-25T19:10:33.976Z,FALSE,"",16:30,TRUE
fare_DEL-BOM_AI_2026-08-26_T+1_1787686351383_evhc,DEL-BOM,EaseMyTrip,AI,AI-2429,2026-08-26,T+1,5740,1260,7000,2026-08-25T19:10:33.976Z,FALSE,"",07:00,TRUE
fare_DEL-BOM_AI_2026-08-26_T+1_1787686351383_6a1d,DEL-BOM,EaseMyTrip,AI,AI-2943,2026-08-26,T+1,5740,1260,7000,2026-08-25T19:10:33.976Z,FALSE,"",07:30,TRUE
fare_DEL-BOM_AI_2026-08-26_T+1_1787686351383_erv6,DEL-BOM,EaseMyTrip,AI,AI-2945,2026-08-26,T+1,5740,1260,7000,2026-08-25T19:10:33.976Z,FALSE,"",11:00,TRUE
fare_DEL-BOM_AI_2026-08-26_T+1_1787686351383_j0du,DEL-BOM,EaseMyTrip,AI,AI-1785,2026-08-26,T+1,5740,1260,7000,2026-08-25T19:10:33.976Z,FALSE,"",12:00,TRUE
fare_DEL-BOM_AI_2026-08-26_T+1_1787686351383_0bv6,DEL-BOM,EaseMyTrip,AI,AI-1777,2026-08-26,T+1,5740,1260,7000,2026-08-25T19:10:33.976Z,FALSE,"",16:00,TRUE
fare_DEL-BOM_AI_2026-08-26_T+1_1787686351383_2jdm,DEL-BOM,EaseMyTrip,AI,AI-441,2026-08-26,T+1,5740,1260,7000,2026-08-25T19:10:33.976Z,FALSE,"",17:00,TRUE
fare_DEL-BOM_AI_2026-08-26_T+1_1787686351383_fkkc,DEL-BOM,EaseMyTrip,AI,AI-2751,2026-08-26,T+1,5740,1260,7000,2026-08-25T19:10:33.976Z,FALSE,"",17:30,TRUE
fare_DEL-BOM_AI_2026-08-26_T+1_1787686351383_dmyo,DEL-BOM,EaseMyTrip,AI,AI-2955,2026-08-26,T+1,5740,1260,7000,2026-08-25T19:10:33.976Z,FALSE,"",18:00,TRUE
fare_DEL-BOM_AI_2026-08-26_T+1_1787686351383_a9ns,DEL-BOM,EaseMyTrip,AI,AI-2977,2026-08-26,T+1,5740,1260,7000,2026-08-25T19:10:33.976Z,FALSE,"",19:00,TRUE
fare_DEL-BOM_AI_2026-08-26_T+1_1787686351383_d65c,DEL-BOM,EaseMyTrip,AI,AI-2985,2026-08-26,T+1,5740,1260,7000,2026-08-25T19:10:33.976Z,FALSE,"",19:30,TRUE
fare_DEL-BOM_AI_2026-08-26_T+1_1787686351383_obhc,DEL-BOM,EaseMyTrip,AI,AI-2433,2026-08-26,T+1,5740,1260,7000,2026-08-25T19:10:33.976Z,FALSE,"",21:30,TRUE
fare_DEL-BOM_AI_2026-08-26_T+1_1787686351383_hx5d,DEL-BOM,EaseMyTrip,AI,AI-2999,2026-08-26,T+1,5740,1260,7000,2026-08-25T19:10:33.976Z,FALSE,"",22:00,TRUE
fare_DEL-BOM_AI_2026-08-26_T+1_1787686351383_k6yv,DEL-BOM,EaseMyTrip,AI,AI-2437,2026-08-26,T+1,5740,1260,7000,2026-08-25T19:10:33.976Z,FALSE,"",22:30,TRUE
fare_DEL-BOM_AI_2026-08-26_T+1_1787686351383_s57e,DEL-BOM,EaseMyTrip,AI,AI-2439,2026-08-26,T+1,5740,1260,7000,2026-08-25T19:10:33.976Z,FALSE,"",23:00,TRUE
fare_DEL-BOM_AI_2026-08-26_T+1_1787686351383_ywqp,DEL-BOM,EaseMyTrip,AI,AI-2927,2026-08-26,T+1,5740,1260,7000,2026-08-25T19:10:33.976Z,FALSE,"",09:30,TRUE
fare_DEL-BOM_AI_2026-08-26_T+1_1787686351383_65kb,DEL-BOM,EaseMyTrip,AI,AI-2441,2026-08-26,T+1,5740,1260,7000,2026-08-25T19:10:33.976Z,FALSE,"",18:25,TRUE
fare_DEL-BOM_AI_2026-08-26_T+1_1787686351383_39qh,DEL-BOM,EaseMyTrip,AI,AI-2805,2026-08-26,T+1,5740,1260,7000,2026-08-25T19:10:33.976Z,FALSE,"",20:00,TRUE
fare_DEL-BOM_AI_2026-08-26_T+1_1787686351383_nrgp,DEL-BOM,EaseMyTrip,AI,AI-2933,2026-08-26,T+1,5870,1289,7159,2026-08-25T19:10:33.976Z,FALSE,"",15:30,TRUE
fare_DEL-BOM_AI_2026-08-26_T+1_1787686351383_gre8,DEL-BOM,EaseMyTrip,AI,AI-2957,2026-08-26,T+1,5870,1289,7159,2026-08-25T19:10:33.976Z,FALSE,"",20:30,TRUE
fare_DEL-BOM_AI_2026-08-26_T+1_1787686351383_2z3n,DEL-BOM,EaseMyTrip,AI,AI-2425,2026-08-26,T+1,6043,1326,7369,2026-08-25T19:10:33.976Z,FALSE,"",10:30,TRUE
fare_DEL-BOM_AI_2026-08-26_T+1_1787686351383_w5ax,DEL-BOM,EaseMyTrip,AI,AI-2981,2026-08-26,T+1,6043,1326,7369,2026-08-25T19:10:33.976Z,FALSE,"",21:00,TRUE
fare_DEL-BOM_AI_2026-08-26_T+1_1787686351383_zhop,DEL-BOM,EaseMyTrip,AI,AI-2615,2026-08-26,T+1,6043,1326,7369,2026-08-25T19:10:33.976Z,FALSE,"",02:45,TRUE
fare_DEL-BOM_6E_2026-08-26_T+1_1787686351383_mtec,DEL-BOM,EaseMyTrip,6E,6E-6983,2026-08-26,T+1,5963,1309,7272,2026-08-25T19:10:33.976Z,FALSE,"",15:35,FALSE
fare_DEL-BOM_AI_2026-08-26_T+1_1787686351383_7zes,DEL-BOM,EaseMyTrip,AI,AI-2963,2026-08-26,T+1,6193,1360,7553,2026-08-25T19:10:33.976Z,FALSE,"",09:00,TRUE
fare_DEL-BOM_6E_2026-08-26_T+1_1787686351383_fe2i,DEL-BOM,EaseMyTrip,6E,6E-6433,2026-08-26,T+1,6070,1333,7403,2026-08-25T19:10:33.976Z,FALSE,"",16:30,FALSE
fare_DEL-BOM_AI_2026-08-26_T+1_1787686351383_5qgt,DEL-BOM,EaseMyTrip,AI,AI-2975,2026-08-26,T+1,6257,1373,7630,2026-08-25T19:10:33.976Z,FALSE,"",06:30,TRUE
fare_DEL-BOM_6E_2026-08-26_T+1_1787686351383_t6rf,DEL-BOM,EaseMyTrip,6E,6E-6479,2026-08-26,T+1,6135,1347,7482,2026-08-25T19:10:33.976Z,FALSE,"",21:25,FALSE
fare_DEL-BOM_6E_2026-08-26_T+1_1787686351383_ixpe,DEL-BOM,EaseMyTrip,6E,6E-5298,2026-08-26,T+1,6135,1347,7482,2026-08-25T19:10:33.976Z,FALSE,"",09:00,FALSE
fare_DEL-BOM_6E_2026-08-26_T+1_1787686351383_ab2c,DEL-BOM,EaseMyTrip,6E,6E-5038,2026-08-26,T+1,6135,1347,7482,2026-08-25T19:10:33.976Z,FALSE,"",14:00,FALSE
fare_DEL-BOM_6E_2026-08-26_T+1_1787686351383_6ptw,DEL-BOM,EaseMyTrip,6E,6E-180,2026-08-26,T+1,6172,1355,7527,2026-08-25T19:10:33.976Z,FALSE,"",20:20,TRUE
fare_DEL-BOM_6E_2026-08-26_T+1_1787686351383_s86m,DEL-BOM,EaseMyTrip,6E,6E-248,2026-08-26,T+1,6172,1355,7527,2026-08-25T19:10:33.976Z,FALSE,"",20:20,TRUE
fare_DEL-BOM_IX_2026-08-26_T+1_1787686351383_jue7,DEL-BOM,EaseMyTrip,IX,IX-1038,2026-08-26,T+1,6454,1417,7871,2026-08-25T19:10:33.976Z,FALSE,"",18:40,TRUE
fare_DEL-BOM_6E_2026-08-26_T+1_1787686351383_98nw,DEL-BOM,EaseMyTrip,6E,6E-6282,2026-08-26,T+1,6243,1370,7613,2026-08-25T19:10:33.976Z,FALSE,"",13:30,FALSE
fare_DEL-BOM_6E_2026-08-26_T+1_1787686351383_si9w,DEL-BOM,EaseMyTrip,6E,6E-286,2026-08-26,T+1,6243,1370,7613,2026-08-25T19:10:33.976Z,FALSE,"",23:15,FALSE
fare_DEL-BOM_6E_2026-08-26_T+1_1787686351383_7sn3,DEL-BOM,EaseMyTrip,6E,6E-472,2026-08-26,T+1,6243,1370,7613,2026-08-25T19:10:33.976Z,FALSE,"",23:15,FALSE
fare_DEL-BOM_6E_2026-08-26_T+1_1787686351383_rwpr,DEL-BOM,EaseMyTrip,6E,6E-581,2026-08-26,T+1,6307,1385,7692,2026-08-25T19:10:33.976Z,FALSE,"",19:30,FALSE
fare_DEL-BOM_6E_2026-08-26_T+1_1787686351383_uv0w,DEL-BOM,EaseMyTrip,6E,6E-567,2026-08-26,T+1,6307,1385,7692,2026-08-25T19:10:33.976Z,FALSE,"",19:30,FALSE
fare_DEL-BOM_6E_2026-08-26_T+1_1787686351383_dbcw,DEL-BOM,EaseMyTrip,6E,6E-6443,2026-08-26,T+1,6553,1438,7991,2026-08-25T19:10:33.976Z,FALSE,"",09:00,FALSE
fare_DEL-BOM_6E_2026-08-26_T+1_1787686351383_dgvz,DEL-BOM,EaseMyTrip,6E,6E-6829,2026-08-26,T+1,6553,1438,7991,2026-08-25T19:10:33.976Z,FALSE,"",17:20,FALSE
fare_DEL-BOM_AI_2026-08-26_T+1_1787686351383_r8cg,DEL-BOM,EaseMyTrip,AI,AI-2678,2026-08-26,T+1,7010,1539,8549,2026-08-25T19:10:33.976Z,FALSE,"",08:30,TRUE
fare_DEL-BOM_6E_2026-08-26_T+1_1787686351383_ha1t,DEL-BOM,EaseMyTrip,6E,6E-2169,2026-08-26,T+1,7084,1555,8639,2026-08-25T19:10:33.976Z,FALSE,"",19:40,FALSE
fare_DEL-BOM_6E_2026-08-26_T+1_1787686351383_z402,DEL-BOM,EaseMyTrip,6E,6E-2151,2026-08-26,T+1,7148,1569,8717,2026-08-25T19:10:33.976Z,FALSE,"",19:45,FALSE
fare_DEL-BOM_6E_2026-08-26_T+1_1787686351383_wsfh,DEL-BOM,EaseMyTrip,6E,6E-375,2026-08-26,T+1,7320,1607,8927,2026-08-25T19:10:33.976Z,FALSE,"",12:15,FALSE
fare_DEL-BOM_6E_2026-08-26_T+1_1787686351383_wp77,DEL-BOM,EaseMyTrip,6E,6E-794,2026-08-26,T+1,7320,1607,8927,2026-08-25T19:10:33.976Z,FALSE,"",12:15,FALSE
fare_DEL-BOM_6E_2026-08-26_T+1_1787686351383_u17u,DEL-BOM,EaseMyTrip,6E,6E-7646,2026-08-26,T+1,7789,1710,9499,2026-08-25T19:10:33.976Z,FALSE,"",06:15,FALSE
fare_DEL-BOM_AI_2026-08-26_T+1_1787686351383_ghcj,DEL-BOM,EaseMyTrip,AI,AI-1780,2026-08-26,T+1,8190,1798,9988,2026-08-25T19:10:33.976Z,FALSE,"",14:30,TRUE
fare_DEL-BOM_IX_2026-08-26_T+1_1787686351383_x4gh,DEL-BOM,EaseMyTrip,IX,IX-2820,2026-08-26,T+1,8307,1823,10130,2026-08-25T19:10:33.976Z,FALSE,"",21:00,FALSE
fare_DEL-BOM_IX_2026-08-26_T+1_1787686351383_s2r0,DEL-BOM,EaseMyTrip,IX,IX-1817,2026-08-26,T+1,8307,1823,10130,2026-08-25T19:10:33.976Z,FALSE,"",19:30,FALSE
fare_DEL-BOM_6E_2026-08-26_T+1_1787686351383_gv3n,DEL-BOM,EaseMyTrip,6E,6E-6171,2026-08-26,T+1,8201,1800,10001,2026-08-25T19:10:33.976Z,FALSE,"",05:40,FALSE
fare_DEL-BOM_6E_2026-08-26_T+1_1787686351383_i77m,DEL-BOM,EaseMyTrip,6E,6E-2571,2026-08-26,T+1,8428,1850,10278,2026-08-25T19:10:33.976Z,FALSE,"",12:30,FALSE
fare_DEL-BOM_6E_2026-08-26_T+1_1787686351383_sjxk,DEL-BOM,EaseMyTrip,6E,6E-2496,2026-08-26,T+1,8739,1918,10657,2026-08-25T19:10:33.976Z,FALSE,"",12:40,FALSE
fare_DEL-BOM_6E_2026-08-26_T+1_1787686351383_if87,DEL-BOM,EaseMyTrip,6E,6E-5138,2026-08-26,T+1,9013,1979,10992,2026-08-25T19:10:33.976Z,FALSE,"",19:10,FALSE
fare_DEL-BOM_IX_2026-08-26_T+1_1787686351383_2c4w,DEL-BOM,EaseMyTrip,IX,IX-1068,2026-08-26,T+1,9329,2048,11377,2026-08-25T19:10:33.976Z,FALSE,"",12:00,FALSE
fare_DEL-BOM_IX_2026-08-26_T+1_1787686351383_eex7,DEL-BOM,EaseMyTrip,IX,IX-1108,2026-08-26,T+1,10032,2202,12234,2026-08-25T19:10:33.976Z,FALSE,"",05:00,FALSE
fare_DEL-BOM_6E_2026-08-26_T+1_1787686351383_bax8,DEL-BOM,EaseMyTrip,6E,6E-6212,2026-08-26,T+1,9961,2186,12147,2026-08-25T19:10:33.976Z,FALSE,"",14:45,FALSE
fare_DEL-BOM_6E_2026-08-26_T+1_1787686351383_hkss,DEL-BOM,EaseMyTrip,6E,6E-6601,2026-08-26,T+1,10113,2220,12333,2026-08-25T19:10:33.976Z,FALSE,"",19:45,FALSE
fare_DEL-BOM_AI_2026-08-26_T+1_1787686351383_6jx8,DEL-BOM,EaseMyTrip,AI,AI-9722,2026-08-26,T+1,10426,2289,12715,2026-08-25T19:10:33.976Z,FALSE,"",12:00,FALSE
fare_DEL-BOM_6E_2026-08-26_T+1_1787686351383_tku5,DEL-BOM,EaseMyTrip,6E,6E-6293,2026-08-26,T+1,10532,2312,12844,2026-08-25T19:10:33.976Z,FALSE,"",09:55,FALSE
fare_DEL-BOM_6E_2026-08-26_T+1_1787686351383_54gc,DEL-BOM,EaseMyTrip,6E,6E-6190,2026-08-26,T+1,10607,2328,12935,2026-08-25T19:10:33.976Z,FALSE,"",07:40,FALSE
fare_DEL-BOM_AI_2026-08-26_T+1_1787686351383_nah4,DEL-BOM,EaseMyTrip,AI,AI-2627,2026-08-26,T+1,10901,2393,13294,2026-08-25T19:10:33.976Z,FALSE,"",10:45,FALSE
fare_DEL-BOM_6E_2026-08-26_T+1_1787686351383_4a9x,DEL-BOM,EaseMyTrip,6E,6E-6050,2026-08-26,T+1,10914,2396,13310,2026-08-25T19:10:33.976Z,FALSE,"",08:15,FALSE
fare_DEL-BOM_AI_2026-08-26_T+1_1787686351384_wym8,DEL-BOM,EaseMyTrip,AI,AI-9540,2026-08-26,T+1,11728,2575,14303,2026-08-25T19:10:33.976Z,FALSE,"",05:00,FALSE
fare_DEL-BOM_6E_2026-08-26_T+1_1787686351384_46s7,DEL-BOM,EaseMyTrip,6E,6E-6312,2026-08-26,T+1,11577,2541,14118,2026-08-25T19:10:33.976Z,FALSE,"",14:25,FALSE
fare_DEL-BOM_IX_2026-08-26_T+1_1787686351384_dgpy,DEL-BOM,EaseMyTrip,IX,IX-1789,2026-08-26,T+1,12075,2650,14725,2026-08-25T19:10:33.976Z,FALSE,"",10:40,FALSE
fare_DEL-BOM_6E_2026-08-26_T+1_1787686351384_9zg3,DEL-BOM,EaseMyTrip,6E,6E-854,2026-08-26,T+1,11947,2623,14570,2026-08-25T19:10:33.976Z,FALSE,"",08:30,FALSE
fare_DEL-BOM_6E_2026-08-26_T+1_1787686351384_nie4,DEL-BOM,EaseMyTrip,6E,6E-484,2026-08-26,T+1,11947,2623,14570,2026-08-25T19:10:33.976Z,FALSE,"",08:30,FALSE
fare_DEL-BOM_6E_2026-08-26_T+1_1787686351384_y9r0,DEL-BOM,EaseMyTrip,6E,6E-2298,2026-08-26,T+1,12498,2743,15241,2026-08-25T19:10:33.976Z,FALSE,"",09:45,FALSE
fare_DEL-BOM_6E_2026-08-26_T+1_1787686351384_2qha,DEL-BOM,EaseMyTrip,6E,6E-5014,2026-08-26,T+1,12566,2758,15324,2026-08-25T19:10:33.976Z,FALSE,"",18:30,FALSE
fare_DEL-BOM_AI_2026-08-26_T+1_1787686351384_fjs4,DEL-BOM,EaseMyTrip,AI,AI-487,2026-08-26,T+1,12895,2831,15726,2026-08-25T19:10:33.976Z,FALSE,"",16:00,FALSE
fare_DEL-BOM_6E_2026-08-26_T+1_1787686351384_1t9m,DEL-BOM,EaseMyTrip,6E,6E-7642,2026-08-26,T+1,12847,2820,15667,2026-08-25T19:10:33.976Z,FALSE,"",15:45,FALSE
fare_DEL-BOM_AI_2026-08-26_T+1_1787686351384_i3kx,DEL-BOM,EaseMyTrip,AI,AI-1743,2026-08-26,T+1,13065,2868,15933,2026-08-25T19:10:33.976Z,FALSE,"",06:50,FALSE
fare_DEL-BOM_IX_2026-08-26_T+1_1787686351384_4el6,DEL-BOM,EaseMyTrip,IX,IX-1070,2026-08-26,T+1,13210,2900,16110,2026-08-25T19:10:33.976Z,FALSE,"",18:40,FALSE
fare_DEL-BOM_6E_2026-08-26_T+1_1787686351384_s8tr,DEL-BOM,EaseMyTrip,6E,6E-2249,2026-08-26,T+1,13058,2866,15924,2026-08-25T19:10:33.976Z,FALSE,"",15:00,FALSE
fare_DEL-BOM_IX_2026-08-26_T+1_1787686351384_c4n6,DEL-BOM,EaseMyTrip,IX,IX-1003,2026-08-26,T+1,13476,2958,16434,2026-08-25T19:10:33.976Z,FALSE,"",19:10,FALSE
fare_DEL-BOM_6E_2026-08-26_T+1_1787686351384_h4tt,DEL-BOM,EaseMyTrip,6E,6E-6488,2026-08-26,T+1,13737,3016,16753,2026-08-25T19:10:33.976Z,FALSE,"",11:20,FALSE
fare_DEL-BOM_AI_2026-08-26_T+1_1787686351384_xjuu,DEL-BOM,EaseMyTrip,AI,AI-2907,2026-08-26,T+1,13927,3057,16984,2026-08-25T19:10:33.976Z,FALSE,"",11:55,FALSE
fare_DEL-BOM_AI_2026-08-26_T+1_1787686351384_unim,DEL-BOM,EaseMyTrip,AI,AI-1711,2026-08-26,T+1,14497,3182,17679,2026-08-25T19:10:33.976Z,FALSE,"",10:25,FALSE
fare_DEL-BOM_AI_2026-08-26_T+1_1787686351384_gmyy,DEL-BOM,EaseMyTrip,AI,AI-1706,2026-08-26,T+1,14577,3200,17777,2026-08-25T19:10:33.976Z,FALSE,"",23:00,FALSE
fare_DEL-BOM_6E_2026-08-26_T+1_1787686351384_v874,DEL-BOM,EaseMyTrip,6E,6E-2013,2026-08-26,T+1,14455,3173,17628,2026-08-25T19:10:33.976Z,FALSE,"",21:50,FALSE
fare_DEL-BOM_AI_2026-08-26_T+1_1787686351384_adxx,DEL-BOM,EaseMyTrip,AI,AI-2465,2026-08-26,T+1,14880,3266,18146,2026-08-25T19:10:33.976Z,FALSE,"",14:30,FALSE
fare_DEL-BOM_6E_2026-08-26_T+1_1787686351384_5oo9,DEL-BOM,EaseMyTrip,6E,6E-5206,2026-08-26,T+1,15046,3303,18349,2026-08-25T19:10:33.976Z,FALSE,"",13:20,FALSE
fare_DEL-BOM_AI_2026-08-26_T+1_1787686351384_7mcq,DEL-BOM,EaseMyTrip,AI,AI-1779,2026-08-26,T+1,16144,3544,19688,2026-08-25T19:10:33.976Z,FALSE,"",13:55,FALSE
fare_DEL-BOM_AI_2026-08-26_T+1_1787686351384_273d,DEL-BOM,EaseMyTrip,AI,AI-1737,2026-08-26,T+1,16144,3544,19688,2026-08-25T19:10:33.976Z,FALSE,"",11:50,FALSE
fare_DEL-BOM_IX_2026-08-26_T+1_1787686351384_nx3s,DEL-BOM,EaseMyTrip,IX,IX-1057,2026-08-26,T+1,16804,3689,20493,2026-08-25T19:10:33.976Z,FALSE,"",05:25,FALSE
fare_DEL-BOM_AI_2026-08-26_T+1_1787686351384_qdrj,DEL-BOM,EaseMyTrip,AI,AI-1739,2026-08-26,T+1,17408,3821,21229,2026-08-25T19:10:33.976Z,FALSE,"",11:30,FALSE
fare_DEL-BOM_6E_2026-08-26_T+1_1787686351384_dz4g,DEL-BOM,EaseMyTrip,6E,6E-2345,2026-08-26,T+1,17852,3919,21771,2026-08-25T19:10:33.976Z,FALSE,"",05:55,FALSE
fare_DEL-BOM_6E_2026-08-26_T+1_1787686351384_vop1,DEL-BOM,EaseMyTrip,6E,6E-308,2026-08-26,T+1,18166,3988,22154,2026-08-25T19:10:33.976Z,FALSE,"",19:35,FALSE
fare_DEL-BOM_6E_2026-08-26_T+1_1787686351384_edt2,DEL-BOM,EaseMyTrip,6E,6E-976,2026-08-26,T+1,18166,3988,22154,2026-08-25T19:10:33.976Z,FALSE,"",19:35,FALSE
fare_DEL-BOM_6E_2026-08-26_T+1_1787686351384_yanp,DEL-BOM,EaseMyTrip,6E,6E-6497,2026-08-26,T+1,18253,4007,22260,2026-08-25T19:10:33.976Z,FALSE,"",18:45,FALSE
fare_DEL-BOM_AI_2026-08-26_T+1_1787686351384_1mlv,DEL-BOM,EaseMyTrip,AI,AI-9418,2026-08-26,T+1,18434,4046,22480,2026-08-25T19:10:33.976Z,TRUE,"High outlier: ₹22480 > upper fence ₹22430 (Q3: ₹12890, IQR: ₹6360)",13:10,FALSE
fare_DEL-BOM_IX_2026-08-26_T+1_1787686351384_4tzt,DEL-BOM,EaseMyTrip,IX,IX-1482,2026-08-26,T+1,18916,4152,23068,2026-08-25T19:10:33.976Z,TRUE,"High outlier: ₹23068 > upper fence ₹22430 (Q3: ₹12890, IQR: ₹6360)",08:30,FALSE
fare_DEL-BOM_IX_2026-08-26_T+1_1787686351384_zvp8,DEL-BOM,EaseMyTrip,IX,IX-2146,2026-08-26,T+1,21246,4664,25910,2026-08-25T19:10:33.976Z,TRUE,"High outlier: ₹25910 > upper fence ₹22430 (Q3: ₹12890, IQR: ₹6360)",06:20,FALSE
fare_DEL-BOM_6E_2026-08-26_T+1_1787686351384_zlbz,DEL-BOM,EaseMyTrip,6E,6E-5073,2026-08-26,T+1,21214,4657,25871,2026-08-25T19:10:33.976Z,TRUE,"High outlier: ₹25871 > upper fence ₹22430 (Q3: ₹12890, IQR: ₹6360)",17:05,FALSE
fare_DEL-BOM_6E_2026-08-26_T+1_1787686351384_x7p6,DEL-BOM,EaseMyTrip,6E,6E-2341,2026-08-26,T+1,21458,4710,26168,2026-08-25T19:10:33.976Z,TRUE,"High outlier: ₹26168 > upper fence ₹22430 (Q3: ₹12890, IQR: ₹6360)",14:50,FALSE
fare_DEL-BOM_6E_2026-08-26_T+1_1787686351384_1clr,DEL-BOM,EaseMyTrip,6E,6E-2076,2026-08-26,T+1,26024,5712,31736,2026-08-25T19:10:33.976Z,TRUE,"High outlier: ₹31736 > upper fence ₹22430 (Q3: ₹12890, IQR: ₹6360)",07:30,FALSE
fare_DEL-BOM_AI_2026-08-26_T+1_1787686351384_7vs2,DEL-BOM,EaseMyTrip,AI,AI-429,2026-08-26,T+1,28331,6219,34550,2026-08-25T19:10:33.976Z,TRUE,"High outlier: ₹34550 > upper fence ₹22430 (Q3: ₹12890, IQR: ₹6360)",10:20,FALSE
fare_DEL-BOM_AI_2026-08-26_T+1_1787686351384_rl32,DEL-BOM,EaseMyTrip,AI,AI-2417,2026-08-26,T+1,35845,7869,43714,2026-08-25T19:10:33.976Z,TRUE,"High outlier: ₹43714 > upper fence ₹22430 (Q3: ₹12890, IQR: ₹6360)",13:00,FALSE
fare_DEL-BOM_SG_2026-09-24_T+30_1787686351385_8uay,DEL-BOM,EaseMyTrip,SG,SG-934,2026-09-24,T+30,5186,1138,6324,2026-08-25T00:55:49.570Z,FALSE,"",04:00,TRUE
fare_DEL-BOM_SG_2026-09-24_T+30_1787686351385_dyz5,DEL-BOM,EaseMyTrip,SG,SG-510,2026-09-24,T+30,5186,1138,6324,2026-08-25T00:55:49.570Z,FALSE,"",04:00,TRUE
fare_DEL-BOM_SG_2026-09-24_T+30_1787686351385_rqv5,DEL-BOM,EaseMyTrip,SG,SG-918,2026-09-24,T+30,5186,1138,6324,2026-08-25T00:55:49.570Z,FALSE,"",09:15,TRUE
fare_DEL-BOM_SG_2026-09-24_T+30_1787686351385_w7vx,DEL-BOM,EaseMyTrip,SG,SG-227,2026-09-24,T+30,5186,1138,6324,2026-08-25T00:55:49.570Z,FALSE,"",09:15,TRUE
fare_DEL-BOM_SG_2026-09-24_T+30_1787686351385_psdf,DEL-BOM,EaseMyTrip,SG,SG-270,2026-09-24,T+30,5186,1138,6324,2026-08-25T00:55:49.570Z,FALSE,"",14:30,TRUE
fare_DEL-BOM_SG_2026-09-24_T+30_1787686351385_lzr3,DEL-BOM,EaseMyTrip,SG,SG-401,2026-09-24,T+30,5186,1138,6324,2026-08-25T00:55:49.570Z,FALSE,"",14:30,TRUE
fare_DEL-BOM_SG_2026-09-24_T+30_1787686351385_t40i,DEL-BOM,EaseMyTrip,SG,SG-870,2026-09-24,T+30,5186,1138,6324,2026-08-25T00:55:49.570Z,FALSE,"",18:35,TRUE
fare_DEL-BOM_SG_2026-09-24_T+30_1787686351385_6dp4,DEL-BOM,EaseMyTrip,SG,SG-628,2026-09-24,T+30,5186,1138,6324,2026-08-25T00:55:49.570Z,FALSE,"",18:35,TRUE
fare_DEL-BOM_SG_2026-09-24_T+30_1787686351385_btj2,DEL-BOM,EaseMyTrip,SG,SG-874,2026-09-24,T+30,5186,1138,6324,2026-08-25T00:55:49.570Z,FALSE,"",20:10,TRUE
fare_DEL-BOM_SG_2026-09-24_T+30_1787686351385_hokh,DEL-BOM,EaseMyTrip,SG,SG-237,2026-09-24,T+30,5186,1138,6324,2026-08-25T00:55:49.570Z,FALSE,"",20:10,TRUE
fare_DEL-BOM_6E_2026-09-24_T+30_1787686351385_60vc,DEL-BOM,EaseMyTrip,6E,6E-5014,2026-09-24,T+30,5067,1112,6179,2026-08-25T00:55:49.570Z,FALSE,"",18:30,FALSE
fare_DEL-BOM_6E_2026-09-24_T+30_1787686351385_kkwo,DEL-BOM,EaseMyTrip,6E,6E-569,2026-09-24,T+30,5067,1112,6179,2026-08-25T00:55:49.570Z,FALSE,"",19:35,FALSE
fare_DEL-BOM_6E_2026-09-24_T+30_1787686351385_ym2z,DEL-BOM,EaseMyTrip,6E,6E-661,2026-09-24,T+30,5067,1112,6179,2026-08-25T00:55:49.570Z,FALSE,"",19:35,FALSE
fare_DEL-BOM_6E_2026-09-24_T+30_1787686351385_vbql,DEL-BOM,EaseMyTrip,6E,6E-2076,2026-09-24,T+30,5067,1112,6179,2026-08-25T00:55:49.570Z,FALSE,"",07:30,FALSE
fare_DEL-BOM_6E_2026-09-24_T+30_1787686351385_6st7,DEL-BOM,EaseMyTrip,6E,6E-5119,2026-09-24,T+30,5067,1112,6179,2026-08-25T00:55:49.570Z,FALSE,"",05:10,FALSE
fare_DEL-BOM_6E_2026-09-24_T+30_1787686351385_zd3q,DEL-BOM,EaseMyTrip,6E,6E-6171,2026-09-24,T+30,5067,1112,6179,2026-08-25T00:55:49.570Z,FALSE,"",05:40,FALSE
fare_DEL-BOM_6E_2026-09-24_T+30_1787686351385_d2z0,DEL-BOM,EaseMyTrip,6E,6E-5073,2026-09-24,T+30,5067,1112,6179,2026-08-25T00:55:49.570Z,FALSE,"",17:05,FALSE
fare_DEL-BOM_6E_2026-09-24_T+30_1787686351385_vb4r,DEL-BOM,EaseMyTrip,6E,6E-6261,2026-09-24,T+30,5067,1112,6179,2026-08-25T00:55:49.570Z,FALSE,"",00:15,FALSE
fare_DEL-BOM_6E_2026-09-24_T+30_1787686351385_9vn3,DEL-BOM,EaseMyTrip,6E,6E-2013,2026-09-24,T+30,5067,1112,6179,2026-08-25T00:55:49.570Z,FALSE,"",21:50,FALSE
fare_DEL-BOM_6E_2026-09-24_T+30_1787686351385_kyr7,DEL-BOM,EaseMyTrip,6E,6E-6190,2026-09-24,T+30,5067,1112,6179,2026-08-25T00:55:49.570Z,FALSE,"",07:40,FALSE
fare_DEL-BOM_6E_2026-09-24_T+30_1787686351385_y1q9,DEL-BOM,EaseMyTrip,6E,6E-2341,2026-09-24,T+30,5067,1112,6179,2026-08-25T00:55:49.570Z,FALSE,"",14:50,FALSE
fare_DEL-BOM_6E_2026-09-24_T+30_1787686351385_6sxn,DEL-BOM,EaseMyTrip,6E,6E-2331,2026-09-24,T+30,5067,1112,6179,2026-08-25T00:55:49.570Z,FALSE,"",12:20,FALSE
fare_DEL-BOM_6E_2026-09-24_T+30_1787686351385_vzjj,DEL-BOM,EaseMyTrip,6E,6E-476,2026-09-24,T+30,5067,1112,6179,2026-08-25T00:55:49.570Z,FALSE,"",10:00,FALSE
fare_DEL-BOM_6E_2026-09-24_T+30_1787686351385_62qc,DEL-BOM,EaseMyTrip,6E,6E-894,2026-09-24,T+30,5067,1112,6179,2026-08-25T00:55:49.570Z,FALSE,"",10:00,FALSE
fare_DEL-BOM_IX_2026-09-24_T+30_1787686351385_pjfg,DEL-BOM,EaseMyTrip,IX,IX-1056,2026-09-24,T+30,5354,1175,6529,2026-08-25T00:55:49.570Z,FALSE,"",05:45,TRUE
fare_DEL-BOM_IX_2026-09-24_T+30_1787686351385_a2q7,DEL-BOM,EaseMyTrip,IX,IX-1235,2026-09-24,T+30,5354,1175,6529,2026-08-25T00:55:49.570Z,FALSE,"",23:25,TRUE
fare_DEL-BOM_IX_2026-09-24_T+30_1787686351385_2pyt,DEL-BOM,EaseMyTrip,IX,IX-1038,2026-09-24,T+30,5354,1175,6529,2026-08-25T00:55:49.570Z,FALSE,"",17:35,TRUE
fare_DEL-BOM_IX_2026-09-24_T+30_1787686351385_fjz5,DEL-BOM,EaseMyTrip,IX,IX-1080,2026-09-24,T+30,5354,1175,6529,2026-08-25T00:55:49.570Z,FALSE,"",18:40,TRUE
fare_DEL-BOM_IX_2026-09-24_T+30_1787686351385_52b2,DEL-BOM,EaseMyTrip,IX,IX-1165,2026-09-24,T+30,5354,1175,6529,2026-08-25T00:55:49.570Z,FALSE,"",06:00,FALSE
fare_DEL-BOM_6E_2026-09-24_T+30_1787686351385_6pbv,DEL-BOM,EaseMyTrip,6E,6E-2249,2026-09-24,T+30,5174,1136,6310,2026-08-25T00:55:49.570Z,FALSE,"",15:00,FALSE
fare_DEL-BOM_6E_2026-09-24_T+30_1787686351385_fcu5,DEL-BOM,EaseMyTrip,6E,6E-2169,2026-09-24,T+30,5174,1136,6310,2026-08-25T00:55:49.570Z,FALSE,"",19:40,FALSE
fare_DEL-BOM_6E_2026-09-24_T+30_1787686351385_qc72,DEL-BOM,EaseMyTrip,6E,6E-6829,2026-09-24,T+30,5174,1136,6310,2026-08-25T00:55:49.570Z,FALSE,"",17:20,FALSE
fare_DEL-BOM_6E_2026-09-24_T+30_1787686351385_l5n7,DEL-BOM,EaseMyTrip,6E,6E-6443,2026-09-24,T+30,5174,1136,6310,2026-08-25T00:55:49.570Z,FALSE,"",09:00,FALSE
fare_DEL-BOM_6E_2026-09-24_T+30_1787686351385_7fn4,DEL-BOM,EaseMyTrip,6E,6E-6433,2026-09-24,T+30,5174,1136,6310,2026-08-25T00:55:49.570Z,FALSE,"",16:30,FALSE
fare_DEL-BOM_6E_2026-09-24_T+30_1787686351385_2uom,DEL-BOM,EaseMyTrip,6E,6E-6490,2026-09-24,T+30,5174,1136,6310,2026-08-25T00:55:49.570Z,FALSE,"",04:55,FALSE
fare_DEL-BOM_6E_2026-09-24_T+30_1787686351385_mreb,DEL-BOM,EaseMyTrip,6E,6E-908,2026-09-24,T+30,5239,1150,6389,2026-08-25T00:55:49.570Z,FALSE,"",16:30,FALSE
fare_DEL-BOM_6E_2026-09-24_T+30_1787686351385_bicr,DEL-BOM,EaseMyTrip,6E,6E-671,2026-09-24,T+30,5239,1150,6389,2026-08-25T00:55:49.570Z,FALSE,"",16:30,FALSE
fare_DEL-BOM_6E_2026-09-24_T+30_1787686351385_mpv1,DEL-BOM,EaseMyTrip,6E,6E-6479,2026-09-24,T+30,5239,1150,6389,2026-08-25T00:55:49.570Z,FALSE,"",21:25,FALSE
fare_DEL-BOM_6E_2026-09-24_T+30_1787686351385_75fg,DEL-BOM,EaseMyTrip,6E,6E-5038,2026-09-24,T+30,5239,1150,6389,2026-08-25T00:55:49.570Z,FALSE,"",14:00,FALSE
fare_DEL-BOM_6E_2026-09-24_T+30_1787686351385_y7az,DEL-BOM,EaseMyTrip,6E,6E-5206,2026-09-24,T+30,5239,1150,6389,2026-08-25T00:55:49.570Z,FALSE,"",13:20,FALSE
fare_DEL-BOM_6E_2026-09-24_T+30_1787686351385_u8j0,DEL-BOM,EaseMyTrip,6E,6E-6601,2026-09-24,T+30,5346,1174,6520,2026-08-25T00:55:49.570Z,FALSE,"",19:45,FALSE
fare_DEL-BOM_6E_2026-09-24_T+30_1787686351385_evfz,DEL-BOM,EaseMyTrip,6E,6E-6282,2026-09-24,T+30,5346,1174,6520,2026-08-25T00:55:49.570Z,FALSE,"",13:30,FALSE
fare_DEL-BOM_6E_2026-09-24_T+30_1787686351385_5bqa,DEL-BOM,EaseMyTrip,6E,6E-947,2026-09-24,T+30,5354,1175,6529,2026-08-25T00:55:49.570Z,FALSE,"",20:20,TRUE
fare_DEL-BOM_6E_2026-09-24_T+30_1787686351385_4r9f,DEL-BOM,EaseMyTrip,6E,6E-598,2026-09-24,T+30,5354,1175,6529,2026-08-25T00:55:49.570Z,FALSE,"",20:20,TRUE
fare_DEL-BOM_QP_2026-09-24_T+30_1787686351385_bhhb,DEL-BOM,EaseMyTrip,QP,QP-1833,2026-09-24,T+30,5355,1175,6530,2026-08-25T00:55:49.570Z,FALSE,"",06:50,TRUE
fare_DEL-BOM_QP_2026-09-24_T+30_1787686351385_9twx,DEL-BOM,EaseMyTrip,QP,QP-1112,2026-09-24,T+30,5355,1175,6530,2026-08-25T00:55:49.570Z,FALSE,"",09:20,TRUE
fare_DEL-BOM_QP_2026-09-24_T+30_1787686351385_r9zk,DEL-BOM,EaseMyTrip,QP,QP-1836,2026-09-24,T+30,5355,1175,6530,2026-08-25T00:55:49.570Z,FALSE,"",12:30,TRUE
fare_DEL-BOM_QP_2026-09-24_T+30_1787686351385_mpfn,DEL-BOM,EaseMyTrip,QP,QP-1128,2026-09-24,T+30,5355,1175,6530,2026-08-25T00:55:49.570Z,FALSE,"",16:00,TRUE
fare_DEL-BOM_QP_2026-09-24_T+30_1787686351385_ygbk,DEL-BOM,EaseMyTrip,QP,QP-1820,2026-09-24,T+30,5355,1175,6530,2026-08-25T00:55:49.570Z,FALSE,"",17:30,TRUE
fare_DEL-BOM_QP_2026-09-24_T+30_1787686351385_rvf5,DEL-BOM,EaseMyTrip,QP,QP-1119,2026-09-24,T+30,5355,1175,6530,2026-08-25T00:55:49.570Z,FALSE,"",08:40,TRUE
fare_DEL-BOM_QP_2026-09-24_T+30_1787686351385_7bn9,DEL-BOM,EaseMyTrip,QP,QP-1110,2026-09-24,T+30,5355,1175,6530,2026-08-25T00:55:49.570Z,FALSE,"",10:30,TRUE
fare_DEL-BOM_QP_2026-09-24_T+30_1787686351385_ua8k,DEL-BOM,EaseMyTrip,QP,QP-1826,2026-09-24,T+30,5355,1175,6530,2026-08-25T00:55:49.570Z,FALSE,"",19:55,TRUE
fare_DEL-BOM_6E_2026-09-24_T+30_1787686351385_gupm,DEL-BOM,EaseMyTrip,6E,6E-6706,2026-09-24,T+30,5355,1175,6530,2026-08-25T00:55:49.570Z,FALSE,"",17:00,TRUE
fare_DEL-BOM_6E_2026-09-24_T+30_1787686351385_ewec,DEL-BOM,EaseMyTrip,6E,6E-313,2026-09-24,T+30,5355,1175,6530,2026-08-25T00:55:49.570Z,FALSE,"",16:15,TRUE
fare_DEL-BOM_6E_2026-09-24_T+30_1787686351385_l605,DEL-BOM,EaseMyTrip,6E,6E-953,2026-09-24,T+30,5355,1175,6530,2026-08-25T00:55:49.570Z,FALSE,"",16:15,TRUE
fare_DEL-BOM_6E_2026-09-24_T+30_1787686351385_a0h0,DEL-BOM,EaseMyTrip,6E,6E-772,2026-09-24,T+30,5355,1175,6530,2026-08-25T00:55:49.570Z,FALSE,"",15:30,TRUE
fare_DEL-BOM_6E_2026-09-24_T+30_1787686351385_ydkk,DEL-BOM,EaseMyTrip,6E,6E-573,2026-09-24,T+30,5355,1175,6530,2026-08-25T00:55:49.570Z,FALSE,"",15:30,TRUE
fare_DEL-BOM_6E_2026-09-24_T+30_1787686351385_nznb,DEL-BOM,EaseMyTrip,6E,6E-6022,2026-09-24,T+30,5355,1175,6530,2026-08-25T00:55:49.570Z,FALSE,"",14:00,TRUE
fare_DEL-BOM_6E_2026-09-24_T+30_1787686351385_6npb,DEL-BOM,EaseMyTrip,6E,6E-6318,2026-09-24,T+30,5355,1175,6530,2026-08-25T00:55:49.570Z,FALSE,"",14:45,TRUE
fare_DEL-BOM_6E_2026-09-24_T+30_1787686351385_ocz2,DEL-BOM,EaseMyTrip,6E,6E-6328,2026-09-24,T+30,5355,1175,6530,2026-08-25T00:55:49.570Z,FALSE,"",10:15,TRUE
fare_DEL-BOM_6E_2026-09-24_T+30_1787686351385_ux1t,DEL-BOM,EaseMyTrip,6E,6E-6047,2026-09-24,T+30,5355,1175,6530,2026-08-25T00:55:49.570Z,FALSE,"",11:00,TRUE
fare_DEL-BOM_6E_2026-09-24_T+30_1787686351385_ingd,DEL-BOM,EaseMyTrip,6E,6E-6676,2026-09-24,T+30,5355,1175,6530,2026-08-25T00:55:49.570Z,FALSE,"",12:00,TRUE
fare_DEL-BOM_6E_2026-09-24_T+30_1787686351385_e2xe,DEL-BOM,EaseMyTrip,6E,6E-790,2026-09-24,T+30,5355,1175,6530,2026-08-25T00:55:49.570Z,FALSE,"",13:00,TRUE
fare_DEL-BOM_6E_2026-09-24_T+30_1787686351385_6zma,DEL-BOM,EaseMyTrip,6E,6E-952,2026-09-24,T+30,5355,1175,6530,2026-08-25T00:55:49.570Z,FALSE,"",13:00,TRUE
fare_DEL-BOM_6E_2026-09-24_T+30_1787686351385_2c1z,DEL-BOM,EaseMyTrip,6E,6E-6107,2026-09-24,T+30,5355,1175,6530,2026-08-25T00:55:49.570Z,FALSE,"",09:30,TRUE
fare_DEL-BOM_SG_2026-09-24_T+30_1787686351385_j5x9,DEL-BOM,EaseMyTrip,SG,SG-823,2026-09-24,T+30,5525,1213,6738,2026-08-25T00:55:49.570Z,FALSE,"",22:30,TRUE
fare_DEL-BOM_SG_2026-09-24_T+30_1787686351385_8db3,DEL-BOM,EaseMyTrip,SG,SG-665,2026-09-24,T+30,5525,1213,6738,2026-08-25T00:55:49.570Z,FALSE,"",22:30,TRUE
fare_DEL-BOM_6E_2026-09-24_T+30_1787686351385_ic50,DEL-BOM,EaseMyTrip,6E,6E-7646,2026-09-24,T+30,5416,1189,6605,2026-08-25T00:55:49.570Z,FALSE,"",06:15,FALSE
fare_DEL-BOM_6E_2026-09-24_T+30_1787686351385_73bg,DEL-BOM,EaseMyTrip,6E,6E-7642,2026-09-24,T+30,5416,1189,6605,2026-08-25T00:55:49.570Z,FALSE,"",15:45,FALSE
fare_DEL-BOM_QP_2026-09-24_T+30_1787686351385_0tr1,DEL-BOM,EaseMyTrip,QP,QP-1940,2026-09-24,T+30,5427,1191,6618,2026-08-25T00:55:49.570Z,FALSE,"",14:00,TRUE
fare_DEL-BOM_6E_2026-09-24_T+30_1787686351385_xao1,DEL-BOM,EaseMyTrip,6E,6E-5198,2026-09-24,T+30,5427,1191,6618,2026-08-25T00:55:49.570Z,FALSE,"",15:00,TRUE
fare_DEL-BOM_6E_2026-09-24_T+30_1787686351385_pvaq,DEL-BOM,EaseMyTrip,6E,6E-6983,2026-09-24,T+30,5460,1199,6659,2026-08-25T00:55:49.570Z,FALSE,"",15:35,FALSE
fare_DEL-BOM_6E_2026-09-24_T+30_1787686351385_y0q4,DEL-BOM,EaseMyTrip,6E,6E-568,2026-09-24,T+30,5484,1204,6688,2026-08-25T00:55:49.570Z,FALSE,"",05:00,TRUE
fare_DEL-BOM_6E_2026-09-24_T+30_1787686351385_qdlo,DEL-BOM,EaseMyTrip,6E,6E-637,2026-09-24,T+30,5484,1204,6688,2026-08-25T00:55:49.570Z,FALSE,"",23:30,TRUE
fare_DEL-BOM_6E_2026-09-24_T+30_1787686351385_34pi,DEL-BOM,EaseMyTrip,6E,6E-206,2026-09-24,T+30,5484,1204,6688,2026-08-25T00:55:49.570Z,FALSE,"",23:30,TRUE
fare_DEL-BOM_6E_2026-09-24_T+30_1787686351385_9zt6,DEL-BOM,EaseMyTrip,6E,6E-6114,2026-09-24,T+30,5484,1204,6688,2026-08-25T00:55:49.570Z,FALSE,"",22:45,TRUE
fare_DEL-BOM_6E_2026-09-24_T+30_1787686351385_c1m2,DEL-BOM,EaseMyTrip,6E,6E-6218,2026-09-24,T+30,5484,1204,6688,2026-08-25T00:55:49.570Z,FALSE,"",06:05,TRUE
fare_DEL-BOM_6E_2026-09-24_T+30_1787686351385_g7jk,DEL-BOM,EaseMyTrip,6E,6E-194,2026-09-24,T+30,5484,1204,6688,2026-08-25T00:55:49.570Z,FALSE,"",08:45,TRUE
fare_DEL-BOM_6E_2026-09-24_T+30_1787686351385_lzu9,DEL-BOM,EaseMyTrip,6E,6E-322,2026-09-24,T+30,5484,1204,6688,2026-08-25T00:55:49.570Z,FALSE,"",08:45,TRUE
fare_DEL-BOM_6E_2026-09-24_T+30_1787686351385_qz4s,DEL-BOM,EaseMyTrip,6E,6E-6470,2026-09-24,T+30,5526,1213,6739,2026-08-25T00:55:49.570Z,FALSE,"",06:55,TRUE
fare_DEL-BOM_6E_2026-09-24_T+30_1787686351385_9pyc,DEL-BOM,EaseMyTrip,6E,6E-5138,2026-09-24,T+30,5569,1222,6791,2026-08-25T00:55:49.570Z,FALSE,"",19:10,FALSE
fare_DEL-BOM_6E_2026-09-24_T+30_1787686351385_rz4p,DEL-BOM,EaseMyTrip,6E,6E-6459,2026-09-24,T+30,5569,1222,6791,2026-08-25T00:55:49.570Z,FALSE,"",05:55,FALSE
fare_DEL-BOM_AI_2026-09-24_T+30_1787686351385_q5aa,DEL-BOM,EaseMyTrip,AI,AI-2963,2026-09-24,T+30,5740,1260,7000,2026-08-25T00:55:49.570Z,FALSE,"",09:00,TRUE
fare_DEL-BOM_AI_2026-09-24_T+30_1787686351385_q2tx,DEL-BOM,EaseMyTrip,AI,AI-2425,2026-09-24,T+30,5740,1260,7000,2026-08-25T00:55:49.570Z,FALSE,"",10:30,TRUE
fare_DEL-BOM_AI_2026-09-24_T+30_1787686351385_hcu3,DEL-BOM,EaseMyTrip,AI,AI-2951,2026-09-24,T+30,5740,1260,7000,2026-08-25T00:55:49.570Z,FALSE,"",13:30,TRUE
fare_DEL-BOM_AI_2026-09-24_T+30_1787686351385_lpes,DEL-BOM,EaseMyTrip,AI,AI-2941,2026-09-24,T+30,5740,1260,7000,2026-08-25T00:55:49.570Z,FALSE,"",16:30,TRUE
fare_DEL-BOM_AI_2026-09-24_T+30_1787686351385_dqse,DEL-BOM,EaseMyTrip,AI,AI-2995,2026-09-24,T+30,5740,1260,7000,2026-08-25T00:55:49.570Z,FALSE,"",10:00,TRUE
fare_DEL-BOM_AI_2026-09-24_T+30_1787686351385_tzjm,DEL-BOM,EaseMyTrip,AI,AI-2945,2026-09-24,T+30,5740,1260,7000,2026-08-25T00:55:49.570Z,FALSE,"",11:00,TRUE
fare_DEL-BOM_AI_2026-09-24_T+30_1787686351385_jeni,DEL-BOM,EaseMyTrip,AI,AI-1785,2026-09-24,T+30,5740,1260,7000,2026-08-25T00:55:49.570Z,FALSE,"",12:00,TRUE
fare_DEL-BOM_AI_2026-09-24_T+30_1787686351385_fkce,DEL-BOM,EaseMyTrip,AI,AI-2933,2026-09-24,T+30,5740,1260,7000,2026-08-25T00:55:49.570Z,FALSE,"",15:30,TRUE
fare_DEL-BOM_AI_2026-09-24_T+30_1787686351385_zi9s,DEL-BOM,EaseMyTrip,AI,AI-1777,2026-09-24,T+30,5740,1260,7000,2026-08-25T00:55:49.570Z,FALSE,"",16:00,TRUE
fare_DEL-BOM_AI_2026-09-24_T+30_1787686351385_e655,DEL-BOM,EaseMyTrip,AI,AI-441,2026-09-24,T+30,5740,1260,7000,2026-08-25T00:55:49.570Z,FALSE,"",17:00,TRUE
fare_DEL-BOM_AI_2026-09-24_T+30_1787686351385_r4ck,DEL-BOM,EaseMyTrip,AI,AI-2927,2026-09-24,T+30,5740,1260,7000,2026-08-25T00:55:49.570Z,FALSE,"",09:30,TRUE
fare_DEL-BOM_6E_2026-09-24_T+30_1787686351385_pwjj,DEL-BOM,EaseMyTrip,6E,6E-6050,2026-09-24,T+30,5633,1236,6869,2026-08-25T00:55:49.570Z,FALSE,"",08:15,FALSE
fare_DEL-BOM_6E_2026-09-24_T+30_1787686351385_k3kj,DEL-BOM,EaseMyTrip,6E,6E-395,2026-09-24,T+30,5656,1242,6898,2026-08-25T00:55:49.570Z,FALSE,"",21:45,TRUE
fare_DEL-BOM_6E_2026-09-24_T+30_1787686351385_cz5p,DEL-BOM,EaseMyTrip,6E,6E-607,2026-09-24,T+30,5656,1242,6898,2026-08-25T00:55:49.570Z,FALSE,"",21:45,TRUE
fare_DEL-BOM_6E_2026-09-24_T+30_1787686351385_43j7,DEL-BOM,EaseMyTrip,6E,6E-842,2026-09-24,T+30,5656,1242,6898,2026-08-25T00:55:49.570Z,FALSE,"",20:00,TRUE
fare_DEL-BOM_6E_2026-09-24_T+30_1787686351385_jpfj,DEL-BOM,EaseMyTrip,6E,6E-543,2026-09-24,T+30,5656,1242,6898,2026-08-25T00:55:49.570Z,FALSE,"",20:00,TRUE
fare_DEL-BOM_6E_2026-09-24_T+30_1787686351385_gejh,DEL-BOM,EaseMyTrip,6E,6E-883,2026-09-24,T+30,5656,1242,6898,2026-08-25T00:55:49.570Z,FALSE,"",19:00,TRUE
fare_DEL-BOM_6E_2026-09-24_T+30_1787686351385_hnyv,DEL-BOM,EaseMyTrip,6E,6E-110,2026-09-24,T+30,5656,1242,6898,2026-08-25T00:55:49.570Z,FALSE,"",19:00,TRUE
fare_DEL-BOM_6E_2026-09-24_T+30_1787686351385_td2u,DEL-BOM,EaseMyTrip,6E,6E-783,2026-09-24,T+30,5656,1242,6898,2026-08-25T00:55:49.570Z,FALSE,"",18:00,TRUE
fare_DEL-BOM_6E_2026-09-24_T+30_1787686351385_8ers,DEL-BOM,EaseMyTrip,6E,6E-295,2026-09-24,T+30,5656,1242,6898,2026-08-25T00:55:49.570Z,FALSE,"",18:00,TRUE
fare_DEL-BOM_6E_2026-09-24_T+30_1787686351385_vw7x,DEL-BOM,EaseMyTrip,6E,6E-249,2026-09-24,T+30,5656,1242,6898,2026-08-25T00:55:49.570Z,FALSE,"",20:45,TRUE
fare_DEL-BOM_6E_2026-09-24_T+30_1787686351385_9h23,DEL-BOM,EaseMyTrip,6E,6E-685,2026-09-24,T+30,5656,1242,6898,2026-08-25T00:55:49.570Z,FALSE,"",20:45,TRUE
fare_DEL-BOM_6E_2026-09-24_T+30_1787686351385_u5q7,DEL-BOM,EaseMyTrip,6E,6E-373,2026-09-24,T+30,5656,1242,6898,2026-08-25T00:55:49.570Z,FALSE,"",08:00,TRUE
fare_DEL-BOM_6E_2026-09-24_T+30_1787686351385_5qtn,DEL-BOM,EaseMyTrip,6E,6E-618,2026-09-24,T+30,5656,1242,6898,2026-08-25T00:55:49.570Z,FALSE,"",08:00,TRUE
fare_DEL-BOM_6E_2026-09-24_T+30_1787686351385_s3si,DEL-BOM,EaseMyTrip,6E,6E-6814,2026-09-24,T+30,5656,1242,6898,2026-08-25T00:55:49.570Z,FALSE,"",07:15,TRUE
fare_DEL-BOM_AI_2026-09-24_T+30_1787686351385_19s6,DEL-BOM,EaseMyTrip,AI,AI-2678,2026-09-24,T+30,5870,1289,7159,2026-08-25T00:55:49.570Z,FALSE,"",08:30,TRUE
fare_DEL-BOM_AI_2026-09-24_T+30_1787686351385_8l9x,DEL-BOM,EaseMyTrip,AI,AI-2975,2026-09-24,T+30,5870,1289,7159,2026-08-25T00:55:49.570Z,FALSE,"",06:30,TRUE
fare_DEL-BOM_AI_2026-09-24_T+30_1787686351385_o675,DEL-BOM,EaseMyTrip,AI,AI-1745,2026-09-24,T+30,5870,1289,7159,2026-08-25T00:55:49.570Z,FALSE,"",05:00,TRUE
fare_DEL-BOM_AI_2026-09-24_T+30_1787686351385_40uf,DEL-BOM,EaseMyTrip,AI,AI-2439,2026-09-24,T+30,5870,1289,7159,2026-08-25T00:55:49.570Z,FALSE,"",23:00,TRUE
fare_DEL-BOM_6E_2026-09-24_T+30_1787686351385_7g7s,DEL-BOM,EaseMyTrip,6E,6E-6293,2026-09-24,T+30,5741,1260,7001,2026-08-25T00:55:49.570Z,FALSE,"",09:55,FALSE
fare_DEL-BOM_6E_2026-09-24_T+30_1787686351385_doiq,DEL-BOM,EaseMyTrip,6E,6E-965,2026-09-24,T+30,5805,1274,7079,2026-08-25T00:55:49.570Z,FALSE,"",19:30,FALSE
fare_DEL-BOM_6E_2026-09-24_T+30_1787686351385_41ds,DEL-BOM,EaseMyTrip,6E,6E-859,2026-09-24,T+30,5805,1274,7079,2026-08-25T00:55:49.570Z,FALSE,"",19:30,FALSE
fare_DEL-BOM_AI_2026-09-24_T+30_1787686351385_1jui,DEL-BOM,EaseMyTrip,AI,AI-887,2026-09-24,T+30,6043,1326,7369,2026-08-25T00:55:49.570Z,FALSE,"",21:00,TRUE
fare_DEL-BOM_AI_2026-09-24_T+30_1787686351385_l2df,DEL-BOM,EaseMyTrip,AI,AI-2981,2026-09-24,T+30,6043,1326,7369,2026-08-25T00:55:49.570Z,FALSE,"",21:00,TRUE
fare_DEL-BOM_AI_2026-09-24_T+30_1787686351385_tx02,DEL-BOM,EaseMyTrip,AI,AI-2429,2026-09-24,T+30,6043,1326,7369,2026-08-25T00:55:49.570Z,FALSE,"",07:00,TRUE
fare_DEL-BOM_AI_2026-09-24_T+30_1787686351385_3e5p,DEL-BOM,EaseMyTrip,AI,AI-2943,2026-09-24,T+30,6043,1326,7369,2026-08-25T00:55:49.570Z,FALSE,"",07:30,TRUE
fare_DEL-BOM_AI_2026-09-24_T+30_1787686351385_2q4x,DEL-BOM,EaseMyTrip,AI,AI-2985,2026-09-24,T+30,6043,1326,7369,2026-08-25T00:55:49.570Z,FALSE,"",19:30,TRUE
fare_DEL-BOM_AI_2026-09-24_T+30_1787686351385_dtd1,DEL-BOM,EaseMyTrip,AI,AI-2957,2026-09-24,T+30,6043,1326,7369,2026-08-25T00:55:49.570Z,FALSE,"",20:30,TRUE
fare_DEL-BOM_AI_2026-09-24_T+30_1787686351385_ggos,DEL-BOM,EaseMyTrip,AI,AI-2433,2026-09-24,T+30,6193,1360,7553,2026-08-25T00:55:49.570Z,FALSE,"",21:30,TRUE
fare_DEL-BOM_AI_2026-09-24_T+30_1787686351385_zr83,DEL-BOM,EaseMyTrip,AI,AI-2805,2026-09-24,T+30,6243,1371,7614,2026-08-25T00:55:49.570Z,FALSE,"",20:00,TRUE
fare_DEL-BOM_AI_2026-09-24_T+30_1787686351385_etcd,DEL-BOM,EaseMyTrip,AI,AI-2977,2026-09-24,T+30,6294,1382,7676,2026-08-25T00:55:49.570Z,FALSE,"",19:00,TRUE
fare_DEL-BOM_6E_2026-09-24_T+30_1787686351385_5akl,DEL-BOM,EaseMyTrip,6E,6E-2381,2026-09-24,T+30,6173,1355,7528,2026-08-25T00:55:49.570Z,FALSE,"",13:45,FALSE
fare_DEL-BOM_6E_2026-09-24_T+30_1787686351385_xt7r,DEL-BOM,EaseMyTrip,6E,6E-636,2026-09-24,T+30,6173,1355,7528,2026-08-25T00:55:49.570Z,FALSE,"",02:25,FALSE
fare_DEL-BOM_6E_2026-09-24_T+30_1787686351385_i9q1,DEL-BOM,EaseMyTrip,6E,6E-659,2026-09-24,T+30,6173,1355,7528,2026-08-25T00:55:49.570Z,FALSE,"",02:25,FALSE
fare_DEL-BOM_6E_2026-09-24_T+30_1787686351385_amo4,DEL-BOM,EaseMyTrip,6E,6E-288,2026-09-24,T+30,6173,1355,7528,2026-08-25T00:55:49.570Z,FALSE,"",08:30,FALSE
fare_DEL-BOM_6E_2026-09-24_T+30_1787686351385_o2p7,DEL-BOM,EaseMyTrip,6E,6E-872,2026-09-24,T+30,6173,1355,7528,2026-08-25T00:55:49.570Z,FALSE,"",08:30,FALSE
fare_DEL-BOM_6E_2026-09-24_T+30_1787686351385_vs9r,DEL-BOM,EaseMyTrip,6E,6E-436,2026-09-24,T+30,6173,1355,7528,2026-08-25T00:55:49.570Z,FALSE,"",23:15,FALSE
fare_DEL-BOM_6E_2026-09-24_T+30_1787686351385_rglu,DEL-BOM,EaseMyTrip,6E,6E-686,2026-09-24,T+30,6173,1355,7528,2026-08-25T00:55:49.570Z,FALSE,"",23:15,FALSE
fare_DEL-BOM_AI_2026-09-24_T+30_1787686351385_9zud,DEL-BOM,EaseMyTrip,AI,AI-2955,2026-09-24,T+30,6395,1404,7799,2026-08-25T00:55:49.570Z,FALSE,"",18:00,TRUE
fare_DEL-BOM_IX_2026-09-24_T+30_1787686351385_j1z8,DEL-BOM,EaseMyTrip,IX,IX-1082,2026-09-24,T+30,6831,1499,8330,2026-08-25T00:55:49.570Z,FALSE,"",21:25,FALSE
fare_DEL-BOM_6E_2026-09-24_T+30_1787686351385_dnum,DEL-BOM,EaseMyTrip,6E,6E-6497,2026-09-24,T+30,6649,1459,8108,2026-08-25T00:55:49.570Z,FALSE,"",18:45,FALSE
fare_DEL-BOM_6E_2026-09-24_T+30_1787686351385_p0ma,DEL-BOM,EaseMyTrip,6E,6E-5298,2026-09-24,T+30,7064,1551,8615,2026-08-25T00:55:49.570Z,FALSE,"",09:00,FALSE
fare_DEL-BOM_IX_2026-09-24_T+30_1787686351385_xmit,DEL-BOM,EaseMyTrip,IX,IX-1059,2026-09-24,T+30,8142,1787,9929,2026-08-25T00:55:49.570Z,TRUE,"High outlier: ₹9929 > upper fence ₹9030 (Q3: ₹7528, IQR: ₹1001)",12:15,FALSE
fare_DEL-BOM_IX_2026-09-24_T+30_1787686351385_405j,DEL-BOM,EaseMyTrip,IX,IX-1003,2026-09-24,T+30,8142,1787,9929,2026-08-25T00:55:49.570Z,TRUE,"High outlier: ₹9929 > upper fence ₹9030 (Q3: ₹7528, IQR: ₹1001)",19:10,FALSE
fare_DEL-BOM_IX_2026-09-24_T+30_1787686351385_41yi,DEL-BOM,EaseMyTrip,IX,IX-1783,2026-09-24,T+30,8142,1787,9929,2026-08-25T00:55:49.570Z,TRUE,"High outlier: ₹9929 > upper fence ₹9030 (Q3: ₹7528, IQR: ₹1001)",07:20,FALSE
fare_DEL-BOM_AI_2026-09-24_T+30_1787686351385_jgd4,DEL-BOM,EaseMyTrip,AI,AI-1780,2026-09-24,T+30,8289,1819,10108,2026-08-25T00:55:49.570Z,TRUE,"High outlier: ₹10108 > upper fence ₹9030 (Q3: ₹7528, IQR: ₹1001)",16:10,TRUE
fare_DEL-BOM_AI_2026-09-24_T+30_1787686351385_vz04,DEL-BOM,EaseMyTrip,AI,AI-2569,2026-09-24,T+30,8646,1898,10544,2026-08-25T00:55:49.570Z,TRUE,"High outlier: ₹10544 > upper fence ₹9030 (Q3: ₹7528, IQR: ₹1001)",20:30,FALSE
fare_DEL-BOM_AI_2026-09-24_T+30_1787686351385_qz99,DEL-BOM,EaseMyTrip,AI,AI-1710,2026-09-24,T+30,8646,1898,10544,2026-08-25T00:55:49.570Z,TRUE,"High outlier: ₹10544 > upper fence ₹9030 (Q3: ₹7528, IQR: ₹1001)",18:35,FALSE
fare_DEL-BOM_6E_2026-09-24_T+30_1787686351385_jcrs,DEL-BOM,EaseMyTrip,6E,6E-2349,2026-09-24,T+30,8512,1868,10380,2026-08-25T00:55:49.570Z,TRUE,"High outlier: ₹10380 > upper fence ₹9030 (Q3: ₹7528, IQR: ₹1001)",10:55,FALSE
fare_DEL-BOM_AI_2026-09-24_T+30_1787686351385_v0jk,DEL-BOM,EaseMyTrip,AI,AI-1705,2026-09-24,T+30,8895,1952,10847,2026-08-25T00:55:49.570Z,TRUE,"High outlier: ₹10847 > upper fence ₹9030 (Q3: ₹7528, IQR: ₹1001)",06:30,FALSE
fare_DEL-BOM_AI_2026-09-24_T+30_1787686351385_cf4q,DEL-BOM,EaseMyTrip,AI,AI-1719,2026-09-24,T+30,9210,2022,11232,2026-08-25T00:55:49.570Z,TRUE,"High outlier: ₹11232 > upper fence ₹9030 (Q3: ₹7528, IQR: ₹1001)",11:55,FALSE
fare_DEL-BOM_AI_2026-09-24_T+30_1787686351385_ecqu,DEL-BOM,EaseMyTrip,AI,AI-1717,2026-09-24,T+30,9447,2074,11521,2026-08-25T00:55:49.570Z,TRUE,"High outlier: ₹11521 > upper fence ₹9030 (Q3: ₹7528, IQR: ₹1001)",14:20,FALSE
fare_DEL-BOM_IX_2026-09-24_T+30_1787686351385_rhv9,DEL-BOM,EaseMyTrip,IX,IX-1049,2026-09-24,T+30,9888,2171,12059,2026-08-25T00:55:49.570Z,TRUE,"High outlier: ₹12059 > upper fence ₹9030 (Q3: ₹7528, IQR: ₹1001)",18:40,FALSE
fare_DEL-BOM_IX_2026-09-24_T+30_1787686351385_i29s,DEL-BOM,EaseMyTrip,IX,IX-1817,2026-09-24,T+30,10491,2303,12794,2026-08-25T00:55:49.570Z,TRUE,"High outlier: ₹12794 > upper fence ₹9030 (Q3: ₹7528, IQR: ₹1001)",19:30,FALSE
fare_DEL-BOM_AI_2026-09-24_T+30_1787686351385_myho,DEL-BOM,EaseMyTrip,AI,AI-2509,2026-09-24,T+30,10565,2319,12884,2026-08-25T00:55:49.570Z,TRUE,"High outlier: ₹12884 > upper fence ₹9030 (Q3: ₹7528, IQR: ₹1001)",07:00,FALSE
fare_DEL-BOM_AI_2026-09-24_T+30_1787686351385_l2yv,DEL-BOM,EaseMyTrip,AI,AI-9920,2026-09-24,T+30,10699,2348,13047,2026-08-25T00:55:49.570Z,TRUE,"High outlier: ₹13047 > upper fence ₹9030 (Q3: ₹7528, IQR: ₹1001)",10:50,FALSE
fare_DEL-BOM_IX_2026-09-24_T+30_1787686351385_ltyp,DEL-BOM,EaseMyTrip,IX,IX-1051,2026-09-24,T+30,11184,2455,13639,2026-08-25T00:55:49.570Z,TRUE,"High outlier: ₹13639 > upper fence ₹9030 (Q3: ₹7528, IQR: ₹1001)",19:05,FALSE
fare_DEL-BOM_AI_2026-09-24_T+30_1787686351385_3t7s,DEL-BOM,EaseMyTrip,AI,AI-2715,2026-09-24,T+30,11186,2455,13641,2026-08-25T00:55:49.570Z,TRUE,"High outlier: ₹13641 > upper fence ₹9030 (Q3: ₹7528, IQR: ₹1001)",11:40,FALSE
fare_DEL-BOM_AI_2026-09-24_T+30_1787686351385_dqjg,DEL-BOM,EaseMyTrip,AI,AI-809,2026-09-24,T+30,11273,2475,13748,2026-08-25T00:55:49.570Z,TRUE,"High outlier: ₹13748 > upper fence ₹9030 (Q3: ₹7528, IQR: ₹1001)",17:40,FALSE
fare_DEL-BOM_AI_2026-09-24_T+30_1787686351385_4kix,DEL-BOM,EaseMyTrip,AI,AI-2909,2026-09-24,T+30,11273,2475,13748,2026-08-25T00:55:49.570Z,TRUE,"High outlier: ₹13748 > upper fence ₹9030 (Q3: ₹7528, IQR: ₹1001)",22:30,FALSE
fare_DEL-BOM_AI_2026-09-24_T+30_1787686351385_3cpx,DEL-BOM,EaseMyTrip,AI,AI-2499,2026-09-24,T+30,11660,2559,14219,2026-08-25T00:55:49.570Z,TRUE,"High outlier: ₹14219 > upper fence ₹9030 (Q3: ₹7528, IQR: ₹1001)",06:00,FALSE
fare_DEL-BOM_AI_2026-09-24_T+30_1787686351385_esqt,DEL-BOM,EaseMyTrip,AI,AI-2761,2026-09-24,T+30,12103,2657,14760,2026-08-25T00:55:49.570Z,TRUE,"High outlier: ₹14760 > upper fence ₹9030 (Q3: ₹7528, IQR: ₹1001)",16:25,FALSE
fare_DEL-BOM_IX_2026-09-24_T+30_1787686351385_y5ae,DEL-BOM,EaseMyTrip,IX,IX-1108,2026-09-24,T+30,12335,2708,15043,2026-08-25T00:55:49.570Z,TRUE,"High outlier: ₹15043 > upper fence ₹9030 (Q3: ₹7528, IQR: ₹1001)",05:00,FALSE
fare_DEL-BOM_AI_2026-09-24_T+30_1787686351385_5nzw,DEL-BOM,EaseMyTrip,AI,AI-9584,2026-09-24,T+30,12951,2843,15794,2026-08-25T00:55:49.570Z,TRUE,"High outlier: ₹15794 > upper fence ₹9030 (Q3: ₹7528, IQR: ₹1001)",11:15,FALSE
fare_DEL-BOM_AI_2026-09-24_T+30_1787686351385_a5gp,DEL-BOM,EaseMyTrip,AI,AI-1743,2026-09-24,T+30,13065,2868,15933,2026-08-25T00:55:49.570Z,TRUE,"High outlier: ₹15933 > upper fence ₹9030 (Q3: ₹7528, IQR: ₹1001)",06:15,FALSE
fare_DEL-BOM_AI_2026-09-24_T+30_1787686351385_3zsc,DEL-BOM,EaseMyTrip,AI,AI-1773,2026-09-24,T+30,13815,3033,16848,2026-08-25T00:55:49.570Z,TRUE,"High outlier: ₹16848 > upper fence ₹9030 (Q3: ₹7528, IQR: ₹1001)",10:30,FALSE
fare_DEL-BOM_AI_2026-09-24_T+30_1787686351385_zljb,DEL-BOM,EaseMyTrip,AI,AI-2907,2026-09-24,T+30,13927,3057,16984,2026-08-25T00:55:49.570Z,TRUE,"High outlier: ₹16984 > upper fence ₹9030 (Q3: ₹7528, IQR: ₹1001)",12:00,FALSE
fare_DEL-BOM_AI_2026-09-24_T+30_1787686351385_inz0,DEL-BOM,EaseMyTrip,AI,AI-2465,2026-09-24,T+30,14880,3266,18146,2026-08-25T00:55:49.570Z,TRUE,"High outlier: ₹18146 > upper fence ₹9030 (Q3: ₹7528, IQR: ₹1001)",14:30,FALSE
fare_DEL-BOM_6E_2026-09-24_T+30_1787686351385_8z87,DEL-BOM,EaseMyTrip,6E,6E-801,2026-09-24,T+30,15022,3298,18320,2026-08-25T00:55:49.570Z,TRUE,"High outlier: ₹18320 > upper fence ₹9030 (Q3: ₹7528, IQR: ₹1001)",12:15,FALSE
fare_DEL-BOM_6E_2026-09-24_T+30_1787686351385_33fm,DEL-BOM,EaseMyTrip,6E,6E-940,2026-09-24,T+30,15022,3298,18320,2026-08-25T00:55:49.570Z,TRUE,"High outlier: ₹18320 > upper fence ₹9030 (Q3: ₹7528, IQR: ₹1001)",12:15,FALSE
fare_DEL-BOM_AI_2026-09-24_T+30_1787686351385_bk4j,DEL-BOM,EaseMyTrip,AI,AI-2803,2026-09-24,T+30,16370,3593,19963,2026-08-25T00:55:49.570Z,TRUE,"High outlier: ₹19963 > upper fence ₹9030 (Q3: ₹7528, IQR: ₹1001)",06:30,FALSE
fare_DEL-BOM_IX_2026-09-24_T+30_1787686351385_xq9y,DEL-BOM,EaseMyTrip,IX,IX-1068,2026-09-24,T+30,17157,3766,20923,2026-08-25T00:55:49.570Z,TRUE,"High outlier: ₹20923 > upper fence ₹9030 (Q3: ₹7528, IQR: ₹1001)",11:55,FALSE
fare_DEL-BOM_AI_2026-09-24_T+30_1787686351385_x3pn,DEL-BOM,EaseMyTrip,AI,AI-1739,2026-09-24,T+30,17408,3821,21229,2026-08-25T00:55:49.570Z,TRUE,"High outlier: ₹21229 > upper fence ₹9030 (Q3: ₹7528, IQR: ₹1001)",11:30,FALSE
fare_DEL-BOM_AI_2026-09-24_T+30_1787686351385_fxt5,DEL-BOM,EaseMyTrip,AI,AI-2525,2026-09-24,T+30,18285,4014,22299,2026-08-25T00:55:49.570Z,TRUE,"High outlier: ₹22299 > upper fence ₹9030 (Q3: ₹7528, IQR: ₹1001)",06:00,FALSE
fare_DEL-BOM_AI_2026-09-24_T+30_1787686351385_7yir,DEL-BOM,EaseMyTrip,AI,AI-9757,2026-09-24,T+30,18728,4111,22839,2026-08-25T00:55:49.570Z,TRUE,"High outlier: ₹22839 > upper fence ₹9030 (Q3: ₹7528, IQR: ₹1001)",11:50,FALSE
fare_DEL-BOM_6E_2026-09-24_T+30_1787686351385_h1na,DEL-BOM,EaseMyTrip,6E,6E-2496,2026-09-24,T+30,19675,4319,23994,2026-08-25T00:55:49.570Z,TRUE,"High outlier: ₹23994 > upper fence ₹9030 (Q3: ₹7528, IQR: ₹1001)",12:40,FALSE
fare_DEL-BOM_AI_2026-09-24_T+30_1787686351385_d2ib,DEL-BOM,EaseMyTrip,AI,AI-2627,2026-09-24,T+30,23105,5072,28177,2026-08-25T00:55:49.570Z,TRUE,"High outlier: ₹28177 > upper fence ₹9030 (Q3: ₹7528, IQR: ₹1001)",10:45,FALSE
fare_DEL-BOM_SG_2026-09-24_T+30_1787686351385_cxqb,DEL-BOM,EaseMyTrip,SG,SG-297,2026-09-24,T+30,5186,1138,6324,2026-08-25T19:10:54.073Z,FALSE,"",04:00,TRUE
fare_DEL-BOM_SG_2026-09-24_T+30_1787686351385_ozm1,DEL-BOM,EaseMyTrip,SG,SG-244,2026-09-24,T+30,5186,1138,6324,2026-08-25T19:10:54.073Z,FALSE,"",04:00,TRUE
fare_DEL-BOM_SG_2026-09-24_T+30_1787686351385_tu0n,DEL-BOM,EaseMyTrip,SG,SG-403,2026-09-24,T+30,5186,1138,6324,2026-08-25T19:10:54.073Z,FALSE,"",09:15,TRUE
fare_DEL-BOM_SG_2026-09-24_T+30_1787686351385_vr0s,DEL-BOM,EaseMyTrip,SG,SG-409,2026-09-24,T+30,5186,1138,6324,2026-08-25T19:10:54.073Z,FALSE,"",09:15,TRUE
fare_DEL-BOM_SG_2026-09-24_T+30_1787686351385_l3k0,DEL-BOM,EaseMyTrip,SG,SG-530,2026-09-24,T+30,5186,1138,6324,2026-08-25T19:10:54.073Z,FALSE,"",14:30,TRUE
fare_DEL-BOM_SG_2026-09-24_T+30_1787686351385_4k8k,DEL-BOM,EaseMyTrip,SG,SG-474,2026-09-24,T+30,5186,1138,6324,2026-08-25T19:10:54.073Z,FALSE,"",14:30,TRUE
fare_DEL-BOM_SG_2026-09-24_T+30_1787686351385_av8e,DEL-BOM,EaseMyTrip,SG,SG-680,2026-09-24,T+30,5186,1138,6324,2026-08-25T19:10:54.073Z,FALSE,"",18:35,TRUE
fare_DEL-BOM_SG_2026-09-24_T+30_1787686351385_3hq7,DEL-BOM,EaseMyTrip,SG,SG-440,2026-09-24,T+30,5186,1138,6324,2026-08-25T19:10:54.073Z,FALSE,"",18:35,TRUE
fare_DEL-BOM_SG_2026-09-24_T+30_1787686351385_14w1,DEL-BOM,EaseMyTrip,SG,SG-367,2026-09-24,T+30,5186,1138,6324,2026-08-25T19:10:54.073Z,FALSE,"",20:10,TRUE
fare_DEL-BOM_SG_2026-09-24_T+30_1787686351385_ggi8,DEL-BOM,EaseMyTrip,SG,SG-295,2026-09-24,T+30,5186,1138,6324,2026-08-25T19:10:54.073Z,FALSE,"",20:10,TRUE
fare_DEL-BOM_SG_2026-09-24_T+30_1787686351385_7t77,DEL-BOM,EaseMyTrip,SG,SG-633,2026-09-24,T+30,5186,1138,6324,2026-08-25T19:10:54.073Z,FALSE,"",22:30,TRUE
fare_DEL-BOM_SG_2026-09-24_T+30_1787686351385_sjvz,DEL-BOM,EaseMyTrip,SG,SG-197,2026-09-24,T+30,5186,1138,6324,2026-08-25T19:10:54.073Z,FALSE,"",22:30,TRUE
fare_DEL-BOM_6E_2026-09-24_T+30_1787686351385_qw04,DEL-BOM,EaseMyTrip,6E,6E-490,2026-09-24,T+30,5067,1112,6179,2026-08-25T19:10:54.073Z,FALSE,"",19:35,FALSE
fare_DEL-BOM_6E_2026-09-24_T+30_1787686351385_tjyk,DEL-BOM,EaseMyTrip,6E,6E-462,2026-09-24,T+30,5067,1112,6179,2026-08-25T19:10:54.073Z,FALSE,"",19:35,FALSE
fare_DEL-BOM_6E_2026-09-24_T+30_1787686351385_029v,DEL-BOM,EaseMyTrip,6E,6E-139,2026-09-24,T+30,5239,1150,6389,2026-08-25T19:10:54.073Z,FALSE,"",16:30,FALSE
fare_DEL-BOM_6E_2026-09-24_T+30_1787686351385_ottx,DEL-BOM,EaseMyTrip,6E,6E-720,2026-09-24,T+30,5239,1150,6389,2026-08-25T19:10:54.073Z,FALSE,"",16:30,FALSE
fare_DEL-BOM_6E_2026-09-24_T+30_1787686351385_ix47,DEL-BOM,EaseMyTrip,6E,6E-198,2026-09-24,T+30,5346,1174,6520,2026-08-25T19:10:54.073Z,FALSE,"",02:25,FALSE
fare_DEL-BOM_6E_2026-09-24_T+30_1787686351385_7vaz,DEL-BOM,EaseMyTrip,6E,6E-481,2026-09-24,T+30,5346,1174,6520,2026-08-25T19:10:54.073Z,FALSE,"",02:25,FALSE
fare_DEL-BOM_6E_2026-09-24_T+30_1787686351385_ou49,DEL-BOM,EaseMyTrip,6E,6E-408,2026-09-24,T+30,5346,1174,6520,2026-08-25T19:10:54.073Z,FALSE,"",08:30,FALSE
fare_DEL-BOM_6E_2026-09-24_T+30_1787686351385_xtso,DEL-BOM,EaseMyTrip,6E,6E-830,2026-09-24,T+30,5346,1174,6520,2026-08-25T19:10:54.073Z,FALSE,"",08:30,FALSE
fare_DEL-BOM_6E_2026-09-24_T+30_1787686351385_bnuo,DEL-BOM,EaseMyTrip,6E,6E-154,2026-09-24,T+30,5354,1175,6529,2026-08-25T19:10:54.073Z,FALSE,"",20:20,TRUE
fare_DEL-BOM_6E_2026-09-24_T+30_1787686351385_uf3e,DEL-BOM,EaseMyTrip,6E,6E-556,2026-09-24,T+30,5354,1175,6529,2026-08-25T19:10:54.073Z,FALSE,"",20:20,TRUE
fare_DEL-BOM_6E_2026-09-24_T+30_1787686351385_nkuv,DEL-BOM,EaseMyTrip,6E,6E-942,2026-09-24,T+30,5355,1175,6530,2026-08-25T19:10:54.073Z,FALSE,"",16:15,TRUE
fare_DEL-BOM_6E_2026-09-24_T+30_1787686351385_xizk,DEL-BOM,EaseMyTrip,6E,6E-870,2026-09-24,T+30,5355,1175,6530,2026-08-25T19:10:54.073Z,FALSE,"",16:15,TRUE
fare_DEL-BOM_6E_2026-09-24_T+30_1787686351385_6tle,DEL-BOM,EaseMyTrip,6E,6E-368,2026-09-24,T+30,5355,1175,6530,2026-08-25T19:10:54.073Z,FALSE,"",15:30,TRUE
fare_DEL-BOM_6E_2026-09-24_T+30_1787686351385_u8ob,DEL-BOM,EaseMyTrip,6E,6E-779,2026-09-24,T+30,5355,1175,6530,2026-08-25T19:10:54.073Z,FALSE,"",15:30,TRUE
fare_DEL-BOM_6E_2026-09-24_T+30_1787686351385_zu3k,DEL-BOM,EaseMyTrip,6E,6E-804,2026-09-24,T+30,5355,1175,6530,2026-08-25T19:10:54.073Z,FALSE,"",13:00,TRUE
fare_DEL-BOM_6E_2026-09-24_T+30_1787686351385_j5gh,DEL-BOM,EaseMyTrip,6E,6E-183,2026-09-24,T+30,5355,1175,6530,2026-08-25T19:10:54.073Z,FALSE,"",13:00,TRUE
fare_DEL-BOM_6E_2026-09-24_T+30_1787686351385_omgw,DEL-BOM,EaseMyTrip,6E,6E-360,2026-09-24,T+30,5411,1188,6599,2026-08-25T19:10:54.073Z,FALSE,"",12:15,FALSE
fare_DEL-BOM_6E_2026-09-24_T+30_1787686351385_veva,DEL-BOM,EaseMyTrip,6E,6E-639,2026-09-24,T+30,5411,1188,6599,2026-08-25T19:10:54.073Z,FALSE,"",12:15,FALSE
fare_DEL-BOM_6E_2026-09-24_T+30_1787686351386_o5iz,DEL-BOM,EaseMyTrip,6E,6E-111,2026-09-24,T+30,5484,1204,6688,2026-08-25T19:10:54.073Z,FALSE,"",05:00,TRUE
fare_DEL-BOM_6E_2026-09-24_T+30_1787686351386_m0ct,DEL-BOM,EaseMyTrip,6E,6E-164,2026-09-24,T+30,5484,1204,6688,2026-08-25T19:10:54.073Z,FALSE,"",05:00,TRUE
fare_DEL-BOM_6E_2026-09-24_T+30_1787686351386_hp20,DEL-BOM,EaseMyTrip,6E,6E-754,2026-09-24,T+30,5484,1204,6688,2026-08-25T19:10:54.073Z,FALSE,"",23:30,TRUE
fare_DEL-BOM_6E_2026-09-24_T+30_1787686351386_jne6,DEL-BOM,EaseMyTrip,6E,6E-970,2026-09-24,T+30,5484,1204,6688,2026-08-25T19:10:54.073Z,FALSE,"",23:30,TRUE
fare_DEL-BOM_6E_2026-09-24_T+30_1787686351386_egum,DEL-BOM,EaseMyTrip,6E,6E-623,2026-09-24,T+30,5484,1204,6688,2026-08-25T19:10:54.073Z,FALSE,"",08:45,TRUE
fare_DEL-BOM_6E_2026-09-24_T+30_1787686351386_4n2u,DEL-BOM,EaseMyTrip,6E,6E-584,2026-09-24,T+30,5484,1204,6688,2026-08-25T19:10:54.073Z,FALSE,"",08:45,TRUE
fare_DEL-BOM_6E_2026-09-24_T+30_1787686351386_xxkp,DEL-BOM,EaseMyTrip,6E,6E-430,2026-09-24,T+30,5656,1242,6898,2026-08-25T19:10:54.073Z,FALSE,"",21:45,TRUE
fare_DEL-BOM_6E_2026-09-24_T+30_1787686351386_w6ly,DEL-BOM,EaseMyTrip,6E,6E-558,2026-09-24,T+30,5656,1242,6898,2026-08-25T19:10:54.073Z,FALSE,"",21:45,TRUE
fare_DEL-BOM_6E_2026-09-24_T+30_1787686351386_b3yr,DEL-BOM,EaseMyTrip,6E,6E-522,2026-09-24,T+30,5656,1242,6898,2026-08-25T19:10:54.073Z,FALSE,"",20:00,TRUE
fare_DEL-BOM_6E_2026-09-24_T+30_1787686351386_88l9,DEL-BOM,EaseMyTrip,6E,6E-518,2026-09-24,T+30,5656,1242,6898,2026-08-25T19:10:54.073Z,FALSE,"",20:00,TRUE
fare_DEL-BOM_6E_2026-09-24_T+30_1787686351386_w5oy,DEL-BOM,EaseMyTrip,6E,6E-667,2026-09-24,T+30,5656,1242,6898,2026-08-25T19:10:54.073Z,FALSE,"",19:00,TRUE
fare_DEL-BOM_6E_2026-09-24_T+30_1787686351386_wyy5,DEL-BOM,EaseMyTrip,6E,6E-694,2026-09-24,T+30,5656,1242,6898,2026-08-25T19:10:54.073Z,FALSE,"",19:00,TRUE
fare_DEL-BOM_6E_2026-09-24_T+30_1787686351386_1rui,DEL-BOM,EaseMyTrip,6E,6E-632,2026-09-24,T+30,5656,1242,6898,2026-08-25T19:10:54.073Z,FALSE,"",18:00,TRUE
fare_DEL-BOM_6E_2026-09-24_T+30_1787686351386_73tb,DEL-BOM,EaseMyTrip,6E,6E-277,2026-09-24,T+30,5656,1242,6898,2026-08-25T19:10:54.073Z,FALSE,"",18:00,TRUE
fare_DEL-BOM_6E_2026-09-24_T+30_1787686351386_fg0b,DEL-BOM,EaseMyTrip,6E,6E-552,2026-09-24,T+30,5656,1242,6898,2026-08-25T19:10:54.073Z,FALSE,"",20:45,TRUE
fare_DEL-BOM_6E_2026-09-24_T+30_1787686351386_k7h2,DEL-BOM,EaseMyTrip,6E,6E-479,2026-09-24,T+30,5656,1242,6898,2026-08-25T19:10:54.073Z,FALSE,"",20:45,TRUE
fare_DEL-BOM_6E_2026-09-24_T+30_1787686351386_1q0m,DEL-BOM,EaseMyTrip,6E,6E-488,2026-09-24,T+30,5656,1242,6898,2026-08-25T19:10:54.073Z,FALSE,"",08:00,TRUE
fare_DEL-BOM_6E_2026-09-24_T+30_1787686351386_0zx9,DEL-BOM,EaseMyTrip,6E,6E-869,2026-09-24,T+30,5853,1285,7138,2026-08-25T19:10:54.073Z,FALSE,"",10:00,FALSE
fare_DEL-BOM_6E_2026-09-24_T+30_1787686351386_a9jz,DEL-BOM,EaseMyTrip,6E,6E-389,2026-09-24,T+30,5853,1285,7138,2026-08-25T19:10:54.073Z,FALSE,"",10:00,FALSE
fare_DEL-BOM_6E_2026-09-24_T+30_1787686351386_j2ia,DEL-BOM,EaseMyTrip,6E,6E-145,2026-09-24,T+30,8971,1969,10940,2026-08-25T19:10:54.073Z,TRUE,"High outlier: ₹10940 > upper fence ₹9030 (Q3: ₹7528, IQR: ₹1001)",19:30,FALSE
fare_DEL-BOM_6E_2026-09-24_T+30_1787686351386_em8n,DEL-BOM,EaseMyTrip,6E,6E-435,2026-09-24,T+30,8971,1969,10940,2026-08-25T19:10:54.073Z,TRUE,"High outlier: ₹10940 > upper fence ₹9030 (Q3: ₹7528, IQR: ₹1001)",19:30,FALSE
fare_DEL-BOM_6E_2026-09-24_T+30_1787686351386_nf0d,DEL-BOM,EaseMyTrip,6E,6E-340,2026-09-24,T+30,9068,1990,11058,2026-08-25T19:10:54.073Z,TRUE,"High outlier: ₹11058 > upper fence ₹9030 (Q3: ₹7528, IQR: ₹1001)",23:15,FALSE
fare_DEL-BOM_6E_2026-09-24_T+30_1787686351386_5b5z,DEL-BOM,EaseMyTrip,6E,6E-755,2026-09-24,T+30,9068,1990,11058,2026-08-25T19:10:54.073Z,TRUE,"High outlier: ₹11058 > upper fence ₹9030 (Q3: ₹7528, IQR: ₹1001)",23:15,FALSE
fare_DEL-BOM_AI_2026-09-24_T+30_1787686351386_o9vh,DEL-BOM,EaseMyTrip,AI,AI-9418,2026-09-24,T+30,11252,2470,13722,2026-08-25T19:10:54.073Z,TRUE,"High outlier: ₹13722 > upper fence ₹9030 (Q3: ₹7528, IQR: ₹1001)",13:10,FALSE
fare_DEL-BOM_AI_2026-09-24_T+30_1787686351386_np0d,DEL-BOM,EaseMyTrip,AI,AI-2939,2026-09-24,T+30,11273,2475,13748,2026-08-25T19:10:54.073Z,TRUE,"High outlier: ₹13748 > upper fence ₹9030 (Q3: ₹7528, IQR: ₹1001)",16:40,FALSE
fare_DEL-BOM_AI_2026-09-24_T+30_1787686351386_httw,DEL-BOM,EaseMyTrip,AI,AI-1703,2026-09-24,T+30,14497,3182,17679,2026-08-25T19:10:54.073Z,TRUE,"High outlier: ₹17679 > upper fence ₹9030 (Q3: ₹7528, IQR: ₹1001)",05:10,FALSE
fare_DEL-BOM_AI_2026-09-24_T+30_1787686351386_g4w4,DEL-BOM,EaseMyTrip,AI,AI-2577,2026-09-24,T+30,14577,3200,17777,2026-08-25T19:10:54.073Z,TRUE,"High outlier: ₹17777 > upper fence ₹9030 (Q3: ₹7528, IQR: ₹1001)",02:00,FALSE
fare_DEL-BOM_AI_2026-09-24_T+30_1787686351386_xguy,DEL-BOM,EaseMyTrip,AI,AI-2859,2026-09-24,T+30,14577,3200,17777,2026-08-25T19:10:54.073Z,TRUE,"High outlier: ₹17777 > upper fence ₹9030 (Q3: ₹7528, IQR: ₹1001)",10:30,FALSE
fare_DEL-BOM_AI_2026-09-24_T+30_1787686351386_lgsp,DEL-BOM,EaseMyTrip,AI,AI-2483,2026-09-24,T+30,18475,4056,22531,2026-08-25T19:10:54.073Z,TRUE,"High outlier: ₹22531 > upper fence ₹9030 (Q3: ₹7528, IQR: ₹1001)",12:20,FALSE
fare_DEL-BOM_IX_2026-10-09_T+45_1787686351386_jnux,DEL-BOM,EaseMyTrip,IX,IX-1056,2026-10-09,T+45,5354,1175,6529,2026-08-25T00:55:55.661Z,FALSE,"",17:50,TRUE
fare_DEL-BOM_IX_2026-10-09_T+45_1787686351386_qpjq,DEL-BOM,EaseMyTrip,IX,IX-1235,2026-10-09,T+45,5354,1175,6529,2026-08-25T00:55:55.661Z,FALSE,"",23:25,TRUE
fare_DEL-BOM_IX_2026-10-09_T+45_1787686351386_kffe,DEL-BOM,EaseMyTrip,IX,IX-1165,2026-10-09,T+45,5354,1175,6529,2026-08-25T00:55:55.661Z,FALSE,"",06:00,FALSE
fare_DEL-BOM_IX_2026-10-09_T+45_1787686351386_gvb2,DEL-BOM,EaseMyTrip,IX,IX-1392,2026-10-09,T+45,5354,1175,6529,2026-08-25T00:55:55.661Z,FALSE,"",23:25,FALSE
fare_DEL-BOM_IX_2026-10-09_T+45_1787686351386_8hk5,DEL-BOM,EaseMyTrip,IX,IX-1463,2026-10-09,T+45,5355,1175,6530,2026-08-25T00:55:55.661Z,FALSE,"",11:15,TRUE
fare_DEL-BOM_IX_2026-10-09_T+45_1787686351386_selt,DEL-BOM,EaseMyTrip,IX,IX-1038,2026-10-09,T+45,5355,1175,6530,2026-08-25T00:55:55.661Z,FALSE,"",17:35,TRUE
fare_DEL-BOM_IX_2026-10-09_T+45_1787686351386_ru1k,DEL-BOM,EaseMyTrip,IX,IX-1024,2026-10-09,T+45,5355,1175,6530,2026-08-25T00:55:55.661Z,FALSE,"",18:40,TRUE
fare_DEL-BOM_SG_2026-10-09_T+45_1787686351386_xmzh,DEL-BOM,EaseMyTrip,SG,SG-389,2026-10-09,T+45,5353,1175,6528,2026-08-25T00:55:55.661Z,FALSE,"",04:00,TRUE
fare_DEL-BOM_SG_2026-10-09_T+45_1787686351386_zt2n,DEL-BOM,EaseMyTrip,SG,SG-243,2026-10-09,T+45,5353,1175,6528,2026-08-25T00:55:55.661Z,FALSE,"",04:00,TRUE
fare_DEL-BOM_SG_2026-10-09_T+45_1787686351386_4q3v,DEL-BOM,EaseMyTrip,SG,SG-478,2026-10-09,T+45,5353,1175,6528,2026-08-25T00:55:55.661Z,FALSE,"",09:15,TRUE
fare_DEL-BOM_SG_2026-10-09_T+45_1787686351386_rdpg,DEL-BOM,EaseMyTrip,SG,SG-175,2026-10-09,T+45,5353,1175,6528,2026-08-25T00:55:55.661Z,FALSE,"",09:15,TRUE
fare_DEL-BOM_SG_2026-10-09_T+45_1787686351386_5uqg,DEL-BOM,EaseMyTrip,SG,SG-115,2026-10-09,T+45,5353,1175,6528,2026-08-25T00:55:55.661Z,FALSE,"",14:45,TRUE
fare_DEL-BOM_SG_2026-10-09_T+45_1787686351386_ladd,DEL-BOM,EaseMyTrip,SG,SG-271,2026-10-09,T+45,5353,1175,6528,2026-08-25T00:55:55.661Z,FALSE,"",14:45,TRUE
fare_DEL-BOM_SG_2026-10-09_T+45_1787686351386_4phx,DEL-BOM,EaseMyTrip,SG,SG-543,2026-10-09,T+45,5353,1175,6528,2026-08-25T00:55:55.661Z,FALSE,"",18:35,TRUE
fare_DEL-BOM_SG_2026-10-09_T+45_1787686351386_7qgb,DEL-BOM,EaseMyTrip,SG,SG-713,2026-10-09,T+45,5353,1175,6528,2026-08-25T00:55:55.661Z,FALSE,"",18:35,TRUE
fare_DEL-BOM_SG_2026-10-09_T+45_1787686351386_n92y,DEL-BOM,EaseMyTrip,SG,SG-552,2026-10-09,T+45,5353,1175,6528,2026-08-25T00:55:55.661Z,FALSE,"",20:10,TRUE
fare_DEL-BOM_SG_2026-10-09_T+45_1787686351386_u1h4,DEL-BOM,EaseMyTrip,SG,SG-683,2026-10-09,T+45,5353,1175,6528,2026-08-25T00:55:55.661Z,FALSE,"",20:10,TRUE
fare_DEL-BOM_SG_2026-10-09_T+45_1787686351386_pbnm,DEL-BOM,EaseMyTrip,SG,SG-466,2026-10-09,T+45,5353,1175,6528,2026-08-25T00:55:55.661Z,FALSE,"",21:00,TRUE
fare_DEL-BOM_SG_2026-10-09_T+45_1787686351386_bouh,DEL-BOM,EaseMyTrip,SG,SG-187,2026-10-09,T+45,5353,1175,6528,2026-08-25T00:55:55.661Z,FALSE,"",21:00,TRUE
fare_DEL-BOM_SG_2026-10-09_T+45_1787686351386_78i8,DEL-BOM,EaseMyTrip,SG,SG-179,2026-10-09,T+45,5353,1175,6528,2026-08-25T00:55:55.661Z,FALSE,"",22:30,TRUE
fare_DEL-BOM_SG_2026-10-09_T+45_1787686351386_o9ab,DEL-BOM,EaseMyTrip,SG,SG-916,2026-10-09,T+45,5353,1175,6528,2026-08-25T00:55:55.661Z,FALSE,"",22:30,TRUE
fare_DEL-BOM_6E_2026-10-09_T+45_1787686351386_zy9u,DEL-BOM,EaseMyTrip,6E,6E-5096,2026-10-09,T+45,5282,1160,6442,2026-08-25T00:55:55.661Z,FALSE,"",17:00,TRUE
fare_DEL-BOM_6E_2026-10-09_T+45_1787686351386_7ces,DEL-BOM,EaseMyTrip,6E,6E-6470,2026-10-09,T+45,5354,1175,6529,2026-08-25T00:55:55.661Z,FALSE,"",06:55,TRUE
fare_DEL-BOM_QP_2026-10-09_T+45_1787686351386_d39o,DEL-BOM,EaseMyTrip,QP,QP-1833,2026-10-09,T+45,5355,1175,6530,2026-08-25T00:55:55.661Z,FALSE,"",06:50,TRUE
fare_DEL-BOM_QP_2026-10-09_T+45_1787686351386_6f4a,DEL-BOM,EaseMyTrip,QP,QP-1110,2026-10-09,T+45,5355,1175,6530,2026-08-25T00:55:55.661Z,FALSE,"",10:00,TRUE
fare_DEL-BOM_QP_2026-10-09_T+45_1787686351386_zhj1,DEL-BOM,EaseMyTrip,QP,QP-1128,2026-10-09,T+45,5355,1175,6530,2026-08-25T00:55:55.661Z,FALSE,"",16:00,TRUE
fare_DEL-BOM_QP_2026-10-09_T+45_1787686351386_x36o,DEL-BOM,EaseMyTrip,QP,QP-1820,2026-10-09,T+45,5355,1175,6530,2026-08-25T00:55:55.661Z,FALSE,"",17:30,TRUE
fare_DEL-BOM_QP_2026-10-09_T+45_1787686351386_i5i2,DEL-BOM,EaseMyTrip,QP,QP-1119,2026-10-09,T+45,5355,1175,6530,2026-08-25T00:55:55.661Z,FALSE,"",08:40,TRUE
fare_DEL-BOM_6E_2026-10-09_T+45_1787686351386_1rb7,DEL-BOM,EaseMyTrip,6E,6E-686,2026-10-09,T+45,5355,1175,6530,2026-08-25T00:55:55.661Z,FALSE,"",16:15,TRUE
fare_DEL-BOM_6E_2026-10-09_T+45_1787686351386_cv4k,DEL-BOM,EaseMyTrip,6E,6E-607,2026-10-09,T+45,5355,1175,6530,2026-08-25T00:55:55.661Z,FALSE,"",16:15,TRUE
fare_DEL-BOM_6E_2026-10-09_T+45_1787686351386_vt8h,DEL-BOM,EaseMyTrip,6E,6E-127,2026-10-09,T+45,5355,1175,6530,2026-08-25T00:55:55.661Z,FALSE,"",15:30,TRUE
fare_DEL-BOM_6E_2026-10-09_T+45_1787686351386_68k4,DEL-BOM,EaseMyTrip,6E,6E-461,2026-10-09,T+45,5355,1175,6530,2026-08-25T00:55:55.661Z,FALSE,"",15:30,TRUE
fare_DEL-BOM_6E_2026-10-09_T+45_1787686351386_drim,DEL-BOM,EaseMyTrip,6E,6E-6328,2026-10-09,T+45,5355,1175,6530,2026-08-25T00:55:55.661Z,FALSE,"",10:15,TRUE
fare_DEL-BOM_6E_2026-10-09_T+45_1787686351386_hr7n,DEL-BOM,EaseMyTrip,6E,6E-131,2026-10-09,T+45,5355,1175,6530,2026-08-25T00:55:55.661Z,FALSE,"",08:45,TRUE
fare_DEL-BOM_6E_2026-10-09_T+45_1787686351386_07wh,DEL-BOM,EaseMyTrip,6E,6E-624,2026-10-09,T+45,5355,1175,6530,2026-08-25T00:55:55.661Z,FALSE,"",08:45,TRUE
fare_DEL-BOM_QP_2026-10-09_T+45_1787686351386_9o12,DEL-BOM,EaseMyTrip,QP,QP-2012,2026-10-09,T+45,5416,1189,6605,2026-08-25T00:55:55.661Z,FALSE,"",08:55,TRUE
fare_DEL-BOM_QP_2026-10-09_T+45_1787686351386_1ylx,DEL-BOM,EaseMyTrip,QP,QP-1826,2026-10-09,T+45,5452,1197,6649,2026-08-25T00:55:55.661Z,FALSE,"",19:55,TRUE
fare_DEL-BOM_6E_2026-10-09_T+45_1787686351386_rhym,DEL-BOM,EaseMyTrip,6E,6E-625,2026-10-09,T+45,5484,1204,6688,2026-08-25T00:55:55.661Z,FALSE,"",23:30,TRUE
fare_DEL-BOM_6E_2026-10-09_T+45_1787686351386_2kf4,DEL-BOM,EaseMyTrip,6E,6E-206,2026-10-09,T+45,5484,1204,6688,2026-08-25T00:55:55.661Z,FALSE,"",23:30,TRUE
fare_DEL-BOM_AI_2026-10-09_T+45_1787686351386_0z73,DEL-BOM,EaseMyTrip,AI,AI-2678,2026-10-09,T+45,5671,1245,6916,2026-08-25T00:55:55.661Z,FALSE,"",08:30,TRUE
fare_DEL-BOM_AI_2026-10-09_T+45_1787686351386_ga7u,DEL-BOM,EaseMyTrip,AI,AI-2963,2026-10-09,T+45,5671,1245,6916,2026-08-25T00:55:55.661Z,FALSE,"",09:00,TRUE
fare_DEL-BOM_AI_2026-10-09_T+45_1787686351386_kzyi,DEL-BOM,EaseMyTrip,AI,AI-2425,2026-10-09,T+45,5671,1245,6916,2026-08-25T00:55:55.661Z,FALSE,"",10:30,TRUE
fare_DEL-BOM_AI_2026-10-09_T+45_1787686351386_rkl5,DEL-BOM,EaseMyTrip,AI,AI-2995,2026-10-09,T+45,5671,1245,6916,2026-08-25T00:55:55.661Z,FALSE,"",10:00,TRUE
fare_DEL-BOM_AI_2026-10-09_T+45_1787686351386_m3ae,DEL-BOM,EaseMyTrip,AI,AI-2933,2026-10-09,T+45,5671,1245,6916,2026-08-25T00:55:55.661Z,FALSE,"",15:30,TRUE
fare_DEL-BOM_6E_2026-10-09_T+45_1787686351386_enwv,DEL-BOM,EaseMyTrip,6E,6E-5198,2026-10-09,T+45,5556,1220,6776,2026-08-25T00:55:55.661Z,FALSE,"",15:00,TRUE
fare_DEL-BOM_AI_2026-10-09_T+45_1787686351386_fxaq,DEL-BOM,EaseMyTrip,AI,AI-1777,2026-10-09,T+45,5811,1276,7087,2026-08-25T00:55:55.661Z,FALSE,"",16:00,TRUE
fare_DEL-BOM_6E_2026-10-09_T+45_1787686351386_ro72,DEL-BOM,EaseMyTrip,6E,6E-209,2026-10-09,T+45,5656,1242,6898,2026-08-25T00:55:55.661Z,FALSE,"",03:00,TRUE
fare_DEL-BOM_6E_2026-10-09_T+45_1787686351386_px2i,DEL-BOM,EaseMyTrip,6E,6E-869,2026-10-09,T+45,5656,1242,6898,2026-08-25T00:55:55.661Z,FALSE,"",03:00,TRUE
fare_DEL-BOM_6E_2026-10-09_T+45_1787686351386_ikd3,DEL-BOM,EaseMyTrip,6E,6E-6114,2026-10-09,T+45,5656,1242,6898,2026-08-25T00:55:55.661Z,FALSE,"",22:45,TRUE
fare_DEL-BOM_6E_2026-10-09_T+45_1787686351386_20ik,DEL-BOM,EaseMyTrip,6E,6E-6706,2026-10-09,T+45,5656,1242,6898,2026-08-25T00:55:55.661Z,FALSE,"",17:00,TRUE
fare_DEL-BOM_6E_2026-10-09_T+45_1787686351386_5ff1,DEL-BOM,EaseMyTrip,6E,6E-6022,2026-10-09,T+45,5656,1242,6898,2026-08-25T00:55:55.661Z,FALSE,"",14:00,TRUE
fare_DEL-BOM_6E_2026-10-09_T+45_1787686351386_p2ra,DEL-BOM,EaseMyTrip,6E,6E-6318,2026-10-09,T+45,5656,1242,6898,2026-08-25T00:55:55.661Z,FALSE,"",14:45,TRUE
fare_DEL-BOM_6E_2026-10-09_T+45_1787686351386_dymw,DEL-BOM,EaseMyTrip,6E,6E-958,2026-10-09,T+45,5656,1242,6898,2026-08-25T00:55:55.661Z,FALSE,"",05:00,TRUE
fare_DEL-BOM_6E_2026-10-09_T+45_1787686351386_6fk0,DEL-BOM,EaseMyTrip,6E,6E-608,2026-10-09,T+45,5656,1242,6898,2026-08-25T00:55:55.661Z,FALSE,"",05:00,TRUE
fare_DEL-BOM_6E_2026-10-09_T+45_1787686351386_5rix,DEL-BOM,EaseMyTrip,6E,6E-6218,2026-10-09,T+45,5656,1242,6898,2026-08-25T00:55:55.661Z,FALSE,"",06:05,TRUE
fare_DEL-BOM_6E_2026-10-09_T+45_1787686351386_rsm7,DEL-BOM,EaseMyTrip,6E,6E-6814,2026-10-09,T+45,5656,1242,6898,2026-08-25T00:55:55.661Z,FALSE,"",07:15,TRUE
fare_DEL-BOM_6E_2026-10-09_T+45_1787686351386_wm17,DEL-BOM,EaseMyTrip,6E,6E-754,2026-10-09,T+45,5656,1242,6898,2026-08-25T00:55:55.661Z,FALSE,"",08:00,TRUE
fare_DEL-BOM_6E_2026-10-09_T+45_1787686351386_z8ij,DEL-BOM,EaseMyTrip,6E,6E-344,2026-10-09,T+45,5656,1242,6898,2026-08-25T00:55:55.661Z,FALSE,"",08:00,TRUE
fare_DEL-BOM_6E_2026-10-09_T+45_1787686351386_gf6q,DEL-BOM,EaseMyTrip,6E,6E-6107,2026-10-09,T+45,5656,1242,6898,2026-08-25T00:55:55.661Z,FALSE,"",09:30,TRUE
fare_DEL-BOM_6E_2026-10-09_T+45_1787686351386_cinl,DEL-BOM,EaseMyTrip,6E,6E-6047,2026-10-09,T+45,5656,1242,6898,2026-08-25T00:55:55.661Z,FALSE,"",11:00,TRUE
fare_DEL-BOM_6E_2026-10-09_T+45_1787686351386_jyah,DEL-BOM,EaseMyTrip,6E,6E-6676,2026-10-09,T+45,5656,1242,6898,2026-08-25T00:55:55.661Z,FALSE,"",12:00,TRUE
fare_DEL-BOM_6E_2026-10-09_T+45_1787686351386_ghv6,DEL-BOM,EaseMyTrip,6E,6E-383,2026-10-09,T+45,5656,1242,6898,2026-08-25T00:55:55.661Z,FALSE,"",13:00,TRUE
fare_DEL-BOM_6E_2026-10-09_T+45_1787686351386_nckq,DEL-BOM,EaseMyTrip,6E,6E-535,2026-10-09,T+45,5656,1242,6898,2026-08-25T00:55:55.661Z,FALSE,"",13:00,TRUE
fare_DEL-BOM_6E_2026-10-09_T+45_1787686351386_mfrl,DEL-BOM,EaseMyTrip,6E,6E-415,2026-10-09,T+45,5871,1289,7160,2026-08-25T00:55:55.661Z,FALSE,"",21:45,TRUE
fare_DEL-BOM_6E_2026-10-09_T+45_1787686351386_l4ai,DEL-BOM,EaseMyTrip,6E,6E-594,2026-10-09,T+45,5871,1289,7160,2026-08-25T00:55:55.661Z,FALSE,"",21:45,TRUE
fare_DEL-BOM_6E_2026-10-09_T+45_1787686351386_zal4,DEL-BOM,EaseMyTrip,6E,6E-598,2026-10-09,T+45,5871,1289,7160,2026-08-25T00:55:55.661Z,FALSE,"",20:45,TRUE
fare_DEL-BOM_6E_2026-10-09_T+45_1787686351386_6axk,DEL-BOM,EaseMyTrip,6E,6E-874,2026-10-09,T+45,5871,1289,7160,2026-08-25T00:55:55.661Z,FALSE,"",20:45,TRUE
fare_DEL-BOM_6E_2026-10-09_T+45_1787686351386_fw1k,DEL-BOM,EaseMyTrip,6E,6E-779,2026-10-09,T+45,5871,1289,7160,2026-08-25T00:55:55.661Z,FALSE,"",20:00,TRUE
fare_DEL-BOM_6E_2026-10-09_T+45_1787686351386_6zj0,DEL-BOM,EaseMyTrip,6E,6E-308,2026-10-09,T+45,5871,1289,7160,2026-08-25T00:55:55.661Z,FALSE,"",20:00,TRUE
fare_DEL-BOM_6E_2026-10-09_T+45_1787686351386_mfe4,DEL-BOM,EaseMyTrip,6E,6E-982,2026-10-09,T+45,5871,1289,7160,2026-08-25T00:55:55.661Z,FALSE,"",19:00,TRUE
fare_DEL-BOM_6E_2026-10-09_T+45_1787686351386_1m92,DEL-BOM,EaseMyTrip,6E,6E-153,2026-10-09,T+45,5871,1289,7160,2026-08-25T00:55:55.661Z,FALSE,"",19:00,TRUE
fare_DEL-BOM_6E_2026-10-09_T+45_1787686351386_x8yq,DEL-BOM,EaseMyTrip,6E,6E-302,2026-10-09,T+45,5871,1289,7160,2026-08-25T00:55:55.661Z,FALSE,"",18:00,TRUE
fare_DEL-BOM_6E_2026-10-09_T+45_1787686351386_fx8b,DEL-BOM,EaseMyTrip,6E,6E-544,2026-10-09,T+45,5871,1289,7160,2026-08-25T00:55:55.661Z,FALSE,"",18:00,TRUE
fare_DEL-BOM_AI_2026-10-09_T+45_1787686351386_j1t4,DEL-BOM,EaseMyTrip,AI,AI-2975,2026-10-09,T+45,6043,1326,7369,2026-08-25T00:55:55.661Z,FALSE,"",06:30,TRUE
fare_DEL-BOM_AI_2026-10-09_T+45_1787686351386_73fz,DEL-BOM,EaseMyTrip,AI,AI-2981,2026-10-09,T+45,6043,1326,7369,2026-08-25T00:55:55.661Z,FALSE,"",21:00,TRUE
fare_DEL-BOM_AI_2026-10-09_T+45_1787686351386_p9sw,DEL-BOM,EaseMyTrip,AI,AI-1745,2026-10-09,T+45,6043,1326,7369,2026-08-25T00:55:55.661Z,FALSE,"",05:00,TRUE
fare_DEL-BOM_AI_2026-10-09_T+45_1787686351386_0ytt,DEL-BOM,EaseMyTrip,AI,AI-2429,2026-10-09,T+45,6043,1326,7369,2026-08-25T00:55:55.661Z,FALSE,"",07:00,TRUE
fare_DEL-BOM_AI_2026-10-09_T+45_1787686351386_06en,DEL-BOM,EaseMyTrip,AI,AI-2943,2026-10-09,T+45,6043,1326,7369,2026-08-25T00:55:55.661Z,FALSE,"",07:30,TRUE
fare_DEL-BOM_AI_2026-10-09_T+45_1787686351386_q8m7,DEL-BOM,EaseMyTrip,AI,AI-2945,2026-10-09,T+45,6043,1326,7369,2026-08-25T00:55:55.661Z,FALSE,"",11:00,TRUE
fare_DEL-BOM_AI_2026-10-09_T+45_1787686351386_tjw8,DEL-BOM,EaseMyTrip,AI,AI-1785,2026-10-09,T+45,6043,1326,7369,2026-08-25T00:55:55.661Z,FALSE,"",12:00,TRUE
fare_DEL-BOM_AI_2026-10-09_T+45_1787686351386_b5cr,DEL-BOM,EaseMyTrip,AI,AI-2441,2026-10-09,T+45,6043,1326,7369,2026-08-25T00:55:55.661Z,FALSE,"",14:10,TRUE
fare_DEL-BOM_AI_2026-10-09_T+45_1787686351386_3i4o,DEL-BOM,EaseMyTrip,AI,AI-441,2026-10-09,T+45,6043,1326,7369,2026-08-25T00:55:55.661Z,FALSE,"",17:00,TRUE
fare_DEL-BOM_AI_2026-10-09_T+45_1787686351386_afdp,DEL-BOM,EaseMyTrip,AI,AI-2433,2026-10-09,T+45,6043,1326,7369,2026-08-25T00:55:55.661Z,FALSE,"",21:30,TRUE
fare_DEL-BOM_AI_2026-10-09_T+45_1787686351386_yh7e,DEL-BOM,EaseMyTrip,AI,AI-2439,2026-10-09,T+45,6043,1326,7369,2026-08-25T00:55:55.661Z,FALSE,"",23:00,TRUE
fare_DEL-BOM_AI_2026-10-09_T+45_1787686351386_tfr1,DEL-BOM,EaseMyTrip,AI,AI-2927,2026-10-09,T+45,6043,1326,7369,2026-08-25T00:55:55.661Z,FALSE,"",09:30,TRUE
fare_DEL-BOM_AI_2026-10-09_T+45_1787686351386_cjoq,DEL-BOM,EaseMyTrip,AI,AI-1780,2026-10-09,T+45,6043,1326,7369,2026-08-25T00:55:55.661Z,FALSE,"",14:30,TRUE
fare_DEL-BOM_6E_2026-10-09_T+45_1787686351386_eybz,DEL-BOM,EaseMyTrip,6E,6E-195,2026-10-09,T+45,5920,1299,7219,2026-08-25T00:55:55.661Z,FALSE,"",14:50,FALSE
fare_DEL-BOM_6E_2026-10-09_T+45_1787686351386_d9lj,DEL-BOM,EaseMyTrip,6E,6E-531,2026-10-09,T+45,5920,1299,7219,2026-08-25T00:55:55.661Z,FALSE,"",14:50,FALSE
fare_DEL-BOM_6E_2026-10-09_T+45_1787686351386_hpgn,DEL-BOM,EaseMyTrip,6E,6E-5119,2026-10-09,T+45,5920,1299,7219,2026-08-25T00:55:55.661Z,FALSE,"",05:10,FALSE
fare_DEL-BOM_6E_2026-10-09_T+45_1787686351386_h6ab,DEL-BOM,EaseMyTrip,6E,6E-6190,2026-10-09,T+45,5920,1299,7219,2026-08-25T00:55:55.661Z,FALSE,"",07:40,FALSE
fare_DEL-BOM_6E_2026-10-09_T+45_1787686351386_3eto,DEL-BOM,EaseMyTrip,6E,6E-2341,2026-10-09,T+45,5920,1299,7219,2026-08-25T00:55:55.661Z,FALSE,"",14:50,FALSE
fare_DEL-BOM_6E_2026-10-09_T+45_1787686351386_5tzu,DEL-BOM,EaseMyTrip,6E,6E-2331,2026-10-09,T+45,5920,1299,7219,2026-08-25T00:55:55.661Z,FALSE,"",12:20,FALSE
fare_DEL-BOM_6E_2026-10-09_T+45_1787686351386_nshq,DEL-BOM,EaseMyTrip,6E,6E-6261,2026-10-09,T+45,5920,1299,7219,2026-08-25T00:55:55.661Z,FALSE,"",00:15,FALSE
fare_DEL-BOM_6E_2026-10-09_T+45_1787686351386_1jra,DEL-BOM,EaseMyTrip,6E,6E-318,2026-10-09,T+45,5920,1299,7219,2026-08-25T00:55:55.661Z,FALSE,"",10:00,FALSE
fare_DEL-BOM_6E_2026-10-09_T+45_1787686351386_1yi3,DEL-BOM,EaseMyTrip,6E,6E-716,2026-10-09,T+45,5920,1299,7219,2026-08-25T00:55:55.661Z,FALSE,"",10:00,FALSE
fare_DEL-BOM_6E_2026-10-09_T+45_1787686351386_3nnu,DEL-BOM,EaseMyTrip,6E,6E-5014,2026-10-09,T+45,5963,1309,7272,2026-08-25T00:55:55.661Z,FALSE,"",18:30,FALSE
fare_DEL-BOM_6E_2026-10-09_T+45_1787686351386_fvw6,DEL-BOM,EaseMyTrip,6E,6E-5073,2026-10-09,T+45,5963,1309,7272,2026-08-25T00:55:55.661Z,FALSE,"",17:05,FALSE
fare_DEL-BOM_6E_2026-10-09_T+45_1787686351386_3i72,DEL-BOM,EaseMyTrip,6E,6E-6171,2026-10-09,T+45,5963,1309,7272,2026-08-25T00:55:55.661Z,FALSE,"",05:40,FALSE
fare_DEL-BOM_6E_2026-10-09_T+45_1787686351386_6itf,DEL-BOM,EaseMyTrip,6E,6E-2076,2026-10-09,T+45,5963,1309,7272,2026-08-25T00:55:55.661Z,FALSE,"",07:30,FALSE
fare_DEL-BOM_6E_2026-10-09_T+45_1787686351386_qixb,DEL-BOM,EaseMyTrip,6E,6E-6983,2026-10-09,T+45,5963,1309,7272,2026-08-25T00:55:55.661Z,FALSE,"",15:35,FALSE
fare_DEL-BOM_6E_2026-10-09_T+45_1787686351386_ti4x,DEL-BOM,EaseMyTrip,6E,6E-682,2026-10-09,T+45,5963,1309,7272,2026-08-25T00:55:55.661Z,FALSE,"",19:30,FALSE
fare_DEL-BOM_6E_2026-10-09_T+45_1787686351386_jqvl,DEL-BOM,EaseMyTrip,6E,6E-800,2026-10-09,T+45,5963,1309,7272,2026-08-25T00:55:55.661Z,FALSE,"",19:30,FALSE
fare_DEL-BOM_6E_2026-10-09_T+45_1787686351386_k2wt,DEL-BOM,EaseMyTrip,6E,6E-2013,2026-10-09,T+45,5963,1309,7272,2026-08-25T00:55:55.661Z,FALSE,"",21:50,FALSE
fare_DEL-BOM_6E_2026-10-09_T+45_1787686351386_2xil,DEL-BOM,EaseMyTrip,6E,6E-6490,2026-10-09,T+45,6027,1323,7350,2026-08-25T00:55:55.661Z,FALSE,"",04:55,FALSE
fare_DEL-BOM_6E_2026-10-09_T+45_1787686351386_o43l,DEL-BOM,EaseMyTrip,6E,6E-2249,2026-10-09,T+45,6027,1323,7350,2026-08-25T00:55:55.661Z,FALSE,"",15:00,FALSE
fare_DEL-BOM_6E_2026-10-09_T+45_1787686351386_po81,DEL-BOM,EaseMyTrip,6E,6E-2169,2026-10-09,T+45,6070,1333,7403,2026-08-25T00:55:55.661Z,FALSE,"",19:40,FALSE
fare_DEL-BOM_6E_2026-10-09_T+45_1787686351386_zqf8,DEL-BOM,EaseMyTrip,6E,6E-6829,2026-10-09,T+45,6070,1333,7403,2026-08-25T00:55:55.661Z,FALSE,"",17:20,FALSE
fare_DEL-BOM_6E_2026-10-09_T+45_1787686351386_aonk,DEL-BOM,EaseMyTrip,6E,6E-6443,2026-10-09,T+45,6070,1333,7403,2026-08-25T00:55:55.661Z,FALSE,"",09:00,FALSE
fare_DEL-BOM_6E_2026-10-09_T+45_1787686351386_953c,DEL-BOM,EaseMyTrip,6E,6E-6433,2026-10-09,T+45,6070,1333,7403,2026-08-25T00:55:55.661Z,FALSE,"",16:30,FALSE
fare_DEL-BOM_6E_2026-10-09_T+45_1787686351386_wve8,DEL-BOM,EaseMyTrip,6E,6E-5138,2026-10-09,T+45,6070,1333,7403,2026-08-25T00:55:55.661Z,FALSE,"",19:10,FALSE
fare_DEL-BOM_6E_2026-10-09_T+45_1787686351386_wz8i,DEL-BOM,EaseMyTrip,6E,6E-6459,2026-10-09,T+45,6070,1333,7403,2026-08-25T00:55:55.661Z,FALSE,"",05:55,FALSE
fare_DEL-BOM_AI_2026-10-09_T+45_1787686351386_1yue,DEL-BOM,EaseMyTrip,AI,AI-2805,2026-10-09,T+45,6243,1371,7614,2026-08-25T00:55:55.661Z,FALSE,"",20:00,TRUE
fare_DEL-BOM_AI_2026-10-09_T+45_1787686351386_fe4d,DEL-BOM,EaseMyTrip,AI,AI-2985,2026-10-09,T+45,6243,1371,7614,2026-08-25T00:55:55.661Z,FALSE,"",19:30,TRUE
fare_DEL-BOM_AI_2026-10-09_T+45_1787686351386_suof,DEL-BOM,EaseMyTrip,AI,AI-2957,2026-10-09,T+45,6257,1373,7630,2026-08-25T00:55:55.661Z,FALSE,"",20:30,TRUE
fare_DEL-BOM_6E_2026-10-09_T+45_1787686351386_4k2u,DEL-BOM,EaseMyTrip,6E,6E-485,2026-10-09,T+45,6135,1347,7482,2026-08-25T00:55:55.661Z,FALSE,"",16:30,FALSE
fare_DEL-BOM_6E_2026-10-09_T+45_1787686351386_oivd,DEL-BOM,EaseMyTrip,6E,6E-621,2026-10-09,T+45,6135,1347,7482,2026-08-25T00:55:55.661Z,FALSE,"",16:30,FALSE
fare_DEL-BOM_6E_2026-10-09_T+45_1787686351386_ayi3,DEL-BOM,EaseMyTrip,6E,6E-6479,2026-10-09,T+45,6135,1347,7482,2026-08-25T00:55:55.661Z,FALSE,"",21:25,FALSE
fare_DEL-BOM_6E_2026-10-09_T+45_1787686351386_8148,DEL-BOM,EaseMyTrip,6E,6E-5038,2026-10-09,T+45,6135,1347,7482,2026-08-25T00:55:55.661Z,FALSE,"",14:00,FALSE
fare_DEL-BOM_6E_2026-10-09_T+45_1787686351386_t06g,DEL-BOM,EaseMyTrip,6E,6E-6050,2026-10-09,T+45,6135,1347,7482,2026-08-25T00:55:55.661Z,FALSE,"",08:15,FALSE
fare_DEL-BOM_6E_2026-10-09_T+45_1787686351386_r0fv,DEL-BOM,EaseMyTrip,6E,6E-2113,2026-10-09,T+45,6135,1347,7482,2026-08-25T00:55:55.661Z,FALSE,"",13:20,FALSE
fare_DEL-BOM_6E_2026-10-09_T+45_1787686351386_84xd,DEL-BOM,EaseMyTrip,6E,6E-815,2026-10-09,T+45,6243,1370,7613,2026-08-25T00:55:55.661Z,FALSE,"",17:55,FALSE
fare_DEL-BOM_6E_2026-10-09_T+45_1787686351386_hfqz,DEL-BOM,EaseMyTrip,6E,6E-887,2026-10-09,T+45,6243,1370,7613,2026-08-25T00:55:55.661Z,FALSE,"",17:55,FALSE
fare_DEL-BOM_6E_2026-10-09_T+45_1787686351386_rnva,DEL-BOM,EaseMyTrip,6E,6E-6026,2026-10-09,T+45,6243,1370,7613,2026-08-25T00:55:55.661Z,FALSE,"",05:30,FALSE
fare_DEL-BOM_6E_2026-10-09_T+45_1787686351386_1qkg,DEL-BOM,EaseMyTrip,6E,6E-654,2026-10-09,T+45,6243,1370,7613,2026-08-25T00:55:55.661Z,FALSE,"",02:25,FALSE
fare_DEL-BOM_6E_2026-10-09_T+45_1787686351386_mpmy,DEL-BOM,EaseMyTrip,6E,6E-723,2026-10-09,T+45,6243,1370,7613,2026-08-25T00:55:55.661Z,FALSE,"",02:25,FALSE
fare_DEL-BOM_6E_2026-10-09_T+45_1787686351386_90fg,DEL-BOM,EaseMyTrip,6E,6E-950,2026-10-09,T+45,6243,1370,7613,2026-08-25T00:55:55.661Z,FALSE,"",23:15,FALSE
fare_DEL-BOM_6E_2026-10-09_T+45_1787686351386_94n4,DEL-BOM,EaseMyTrip,6E,6E-7646,2026-10-09,T+45,6269,1376,7645,2026-08-25T00:55:55.661Z,FALSE,"",06:15,FALSE
fare_DEL-BOM_6E_2026-10-09_T+45_1787686351386_yd94,DEL-BOM,EaseMyTrip,6E,6E-7653,2026-10-09,T+45,6376,1400,7776,2026-08-25T00:55:55.661Z,FALSE,"",17:20,FALSE
fare_DEL-BOM_AI_2026-10-09_T+45_1787686351386_651x,DEL-BOM,EaseMyTrip,AI,AI-2977,2026-10-09,T+45,6699,1470,8169,2026-08-25T00:55:55.661Z,FALSE,"",19:00,TRUE
fare_DEL-BOM_AI_2026-10-09_T+45_1787686351386_4akr,DEL-BOM,EaseMyTrip,AI,AI-2955,2026-10-09,T+45,6699,1470,8169,2026-08-25T00:55:55.661Z,FALSE,"",18:00,TRUE
fare_DEL-BOM_IX_2026-10-09_T+45_1787686351386_mmvo,DEL-BOM,EaseMyTrip,IX,IX-1082,2026-10-09,T+45,6831,1499,8330,2026-08-25T00:55:55.661Z,FALSE,"",21:25,FALSE
fare_DEL-BOM_6E_2026-10-09_T+45_1787686351386_i6fm,DEL-BOM,EaseMyTrip,6E,6E-5298,2026-10-09,T+45,6617,1453,8070,2026-08-25T00:55:55.661Z,FALSE,"",09:00,FALSE
fare_DEL-BOM_AI_2026-10-09_T+45_1787686351386_zjwh,DEL-BOM,EaseMyTrip,AI,AI-2951,2026-10-09,T+45,6836,1500,8336,2026-08-25T00:55:55.661Z,FALSE,"",13:30,TRUE
fare_DEL-BOM_6E_2026-10-09_T+45_1787686351386_wz9v,DEL-BOM,EaseMyTrip,6E,6E-6601,2026-10-09,T+45,6725,1476,8201,2026-08-25T00:55:55.661Z,FALSE,"",19:45,FALSE
fare_DEL-BOM_6E_2026-10-09_T+45_1787686351386_ccnb,DEL-BOM,EaseMyTrip,6E,6E-6212,2026-10-09,T+45,6725,1476,8201,2026-08-25T00:55:55.661Z,FALSE,"",14:45,FALSE
fare_DEL-BOM_6E_2026-10-09_T+45_1787686351386_7x7g,DEL-BOM,EaseMyTrip,6E,6E-6282,2026-10-09,T+45,6725,1476,8201,2026-08-25T00:55:55.661Z,FALSE,"",13:30,FALSE
fare_DEL-BOM_6E_2026-10-09_T+45_1787686351386_d3v9,DEL-BOM,EaseMyTrip,6E,6E-2571,2026-10-09,T+45,6831,1500,8331,2026-08-25T00:55:55.661Z,FALSE,"",12:30,FALSE
fare_DEL-BOM_6E_2026-10-09_T+45_1787686351386_8eqr,DEL-BOM,EaseMyTrip,6E,6E-385,2026-10-09,T+45,7248,1591,8839,2026-08-25T00:55:55.661Z,FALSE,"",20:20,TRUE
fare_DEL-BOM_6E_2026-10-09_T+45_1787686351386_abjw,DEL-BOM,EaseMyTrip,6E,6E-702,2026-10-09,T+45,7248,1591,8839,2026-08-25T00:55:55.661Z,FALSE,"",20:20,TRUE
fare_DEL-BOM_6E_2026-10-09_T+45_1787686351386_g4rg,DEL-BOM,EaseMyTrip,6E,6E-2381,2026-10-09,T+45,7256,1593,8849,2026-08-25T00:55:55.661Z,FALSE,"",13:45,FALSE
fare_DEL-BOM_6E_2026-10-09_T+45_1787686351386_5p24,DEL-BOM,EaseMyTrip,6E,6E-7642,2026-10-09,T+45,7325,1608,8933,2026-08-25T00:55:55.661Z,FALSE,"",15:45,FALSE
fare_DEL-BOM_6E_2026-10-09_T+45_1787686351386_zq33,DEL-BOM,EaseMyTrip,6E,6E-2349,2026-10-09,T+45,7594,1667,9261,2026-08-25T00:55:55.661Z,FALSE,"",10:55,FALSE
fare_DEL-BOM_IX_2026-10-09_T+45_1787686351386_t8b7,DEL-BOM,EaseMyTrip,IX,IX-1049,2026-10-09,T+45,8142,1787,9929,2026-08-25T00:55:55.661Z,FALSE,"",18:40,FALSE
fare_DEL-BOM_IX_2026-10-09_T+45_1787686351386_v5y5,DEL-BOM,EaseMyTrip,IX,IX-1064,2026-10-09,T+45,8142,1787,9929,2026-08-25T00:55:55.661Z,FALSE,"",19:10,FALSE
fare_DEL-BOM_IX_2026-10-09_T+45_1787686351386_tkhp,DEL-BOM,EaseMyTrip,IX,IX-1817,2026-10-09,T+45,8142,1787,9929,2026-08-25T00:55:55.661Z,FALSE,"",19:30,FALSE
fare_DEL-BOM_IX_2026-10-09_T+45_1787686351386_vres,DEL-BOM,EaseMyTrip,IX,IX-1057,2026-10-09,T+45,8142,1787,9929,2026-08-25T00:55:55.661Z,FALSE,"",06:20,FALSE
fare_DEL-BOM_AI_2026-10-09_T+45_1787686351386_7f69,DEL-BOM,EaseMyTrip,AI,AI-2761,2026-10-09,T+45,8673,1904,10577,2026-08-25T00:55:55.661Z,FALSE,"",16:25,FALSE
fare_DEL-BOM_IX_2026-10-09_T+45_1787686351386_ueqn,DEL-BOM,EaseMyTrip,IX,IX-1051,2026-10-09,T+45,8963,1967,10930,2026-08-25T00:55:55.661Z,FALSE,"",19:05,FALSE
fare_DEL-BOM_AI_2026-10-09_T+45_1787686351386_vfa9,DEL-BOM,EaseMyTrip,AI,AI-1705,2026-10-09,T+45,9120,2002,11122,2026-08-25T00:55:55.661Z,TRUE,"High outlier: ₹11122 > upper fence ₹11004 (Q3: ₹8331, IQR: ₹1782)",06:30,FALSE
fare_DEL-BOM_AI_2026-10-09_T+45_1787686351386_03jf,DEL-BOM,EaseMyTrip,AI,AI-2569,2026-10-09,T+45,9447,2074,11521,2026-08-25T00:55:55.661Z,TRUE,"High outlier: ₹11521 > upper fence ₹11004 (Q3: ₹8331, IQR: ₹1782)",20:30,FALSE
fare_DEL-BOM_AI_2026-10-09_T+45_1787686351386_w4j9,DEL-BOM,EaseMyTrip,AI,AI-1710,2026-10-09,T+45,9447,2074,11521,2026-08-25T00:55:55.661Z,TRUE,"High outlier: ₹11521 > upper fence ₹11004 (Q3: ₹8331, IQR: ₹1782)",18:35,FALSE
fare_DEL-BOM_AI_2026-10-09_T+45_1787686351386_jmqc,DEL-BOM,EaseMyTrip,AI,AI-1719,2026-10-09,T+45,10008,2197,12205,2026-08-25T00:55:55.661Z,TRUE,"High outlier: ₹12205 > upper fence ₹11004 (Q3: ₹8331, IQR: ₹1782)",11:55,FALSE
fare_DEL-BOM_6E_2026-10-09_T+45_1787686351386_8j39,DEL-BOM,EaseMyTrip,6E,6E-510,2026-10-09,T+45,10919,2397,13316,2026-08-25T00:55:55.661Z,TRUE,"High outlier: ₹13316 > upper fence ₹11004 (Q3: ₹8331, IQR: ₹1782)",12:10,FALSE
fare_DEL-BOM_6E_2026-10-09_T+45_1787686351386_o482,DEL-BOM,EaseMyTrip,6E,6E-910,2026-10-09,T+45,10919,2397,13316,2026-08-25T00:55:55.661Z,TRUE,"High outlier: ₹13316 > upper fence ₹11004 (Q3: ₹8331, IQR: ₹1782)",12:10,FALSE
fare_DEL-BOM_AI_2026-10-09_T+45_1787686351386_nysm,DEL-BOM,EaseMyTrip,AI,AI-2715,2026-10-09,T+45,11186,2455,13641,2026-08-25T00:55:55.661Z,TRUE,"High outlier: ₹13641 > upper fence ₹11004 (Q3: ₹8331, IQR: ₹1782)",11:40,FALSE
fare_DEL-BOM_AI_2026-10-09_T+45_1787686351386_0vnx,DEL-BOM,EaseMyTrip,AI,AI-2909,2026-10-09,T+45,11186,2455,13641,2026-08-25T00:55:55.661Z,TRUE,"High outlier: ₹13641 > upper fence ₹11004 (Q3: ₹8331, IQR: ₹1782)",22:30,FALSE
fare_DEL-BOM_AI_2026-10-09_T+45_1787686351386_ebxy,DEL-BOM,EaseMyTrip,AI,AI-2959,2026-10-09,T+45,11186,2455,13641,2026-08-25T00:55:55.661Z,TRUE,"High outlier: ₹13641 > upper fence ₹11004 (Q3: ₹8331, IQR: ₹1782)",07:10,FALSE
fare_DEL-BOM_AI_2026-10-09_T+45_1787686351386_xxj9,DEL-BOM,EaseMyTrip,AI,AI-2545,2026-10-09,T+45,11186,2455,13641,2026-08-25T00:55:55.661Z,TRUE,"High outlier: ₹13641 > upper fence ₹11004 (Q3: ₹8331, IQR: ₹1782)",20:30,FALSE
fare_DEL-BOM_AI_2026-10-09_T+45_1787686351386_9vm8,DEL-BOM,EaseMyTrip,AI,AI-531,2026-10-09,T+45,11186,2455,13641,2026-08-25T00:55:55.661Z,TRUE,"High outlier: ₹13641 > upper fence ₹11004 (Q3: ₹8331, IQR: ₹1782)",19:20,FALSE
fare_DEL-BOM_AI_2026-10-09_T+45_1787686351386_m75w,DEL-BOM,EaseMyTrip,AI,AI-809,2026-10-09,T+45,11463,2516,13979,2026-08-25T00:55:55.661Z,TRUE,"High outlier: ₹13979 > upper fence ₹11004 (Q3: ₹8331, IQR: ₹1782)",17:40,FALSE
fare_DEL-BOM_6E_2026-10-09_T+45_1787686351386_de4z,DEL-BOM,EaseMyTrip,6E,6E-593,2026-10-09,T+45,11370,2496,13866,2026-08-25T00:55:55.661Z,TRUE,"High outlier: ₹13866 > upper fence ₹11004 (Q3: ₹8331, IQR: ₹1782)",19:30,FALSE
fare_DEL-BOM_6E_2026-10-09_T+45_1787686351386_i9zu,DEL-BOM,EaseMyTrip,6E,6E-265,2026-10-09,T+45,11370,2496,13866,2026-08-25T00:55:55.661Z,TRUE,"High outlier: ₹13866 > upper fence ₹11004 (Q3: ₹8331, IQR: ₹1782)",19:30,FALSE
fare_DEL-BOM_IX_2026-10-09_T+45_1787686351386_ug5f,DEL-BOM,EaseMyTrip,IX,IX-2749,2026-10-09,T+45,12153,2668,14821,2026-08-25T00:55:55.661Z,TRUE,"High outlier: ₹14821 > upper fence ₹11004 (Q3: ₹8331, IQR: ₹1782)",10:25,FALSE
fare_DEL-BOM_IX_2026-10-09_T+45_1787686351386_n2tn,DEL-BOM,EaseMyTrip,IX,IX-5975,2026-10-09,T+45,12153,2668,14821,2026-08-25T00:55:55.661Z,TRUE,"High outlier: ₹14821 > upper fence ₹11004 (Q3: ₹8331, IQR: ₹1782)",21:00,FALSE
fare_DEL-BOM_AI_2026-10-09_T+45_1787686351386_g8am,DEL-BOM,EaseMyTrip,AI,AI-9584,2026-10-09,T+45,12090,2654,14744,2026-08-25T00:55:55.661Z,TRUE,"High outlier: ₹14744 > upper fence ₹11004 (Q3: ₹8331, IQR: ₹1782)",11:15,FALSE
fare_DEL-BOM_AI_2026-10-09_T+45_1787686351386_uef1,DEL-BOM,EaseMyTrip,AI,AI-2499,2026-10-09,T+45,12202,2679,14881,2026-08-25T00:55:55.661Z,TRUE,"High outlier: ₹14881 > upper fence ₹11004 (Q3: ₹8331, IQR: ₹1782)",06:00,FALSE
fare_DEL-BOM_IX_2026-10-09_T+45_1787686351386_u2xg,DEL-BOM,EaseMyTrip,IX,IX-1059,2026-10-09,T+45,12412,2725,15137,2026-08-25T00:55:55.661Z,TRUE,"High outlier: ₹15137 > upper fence ₹11004 (Q3: ₹8331, IQR: ₹1782)",12:15,FALSE
fare_DEL-BOM_IX_2026-10-09_T+45_1787686351386_7ssa,DEL-BOM,EaseMyTrip,IX,IX-1783,2026-10-09,T+45,12412,2725,15137,2026-08-25T00:55:55.661Z,TRUE,"High outlier: ₹15137 > upper fence ₹11004 (Q3: ₹8331, IQR: ₹1782)",07:20,FALSE
fare_DEL-BOM_AI_2026-10-09_T+45_1787686351386_etj1,DEL-BOM,EaseMyTrip,AI,AI-9757,2026-10-09,T+45,12393,2720,15113,2026-08-25T00:55:55.661Z,TRUE,"High outlier: ₹15113 > upper fence ₹11004 (Q3: ₹8331, IQR: ₹1782)",11:50,FALSE
fare_DEL-BOM_AI_2026-10-09_T+45_1787686351386_j6u1,DEL-BOM,EaseMyTrip,AI,AI-9674,2026-10-09,T+45,12398,2722,15120,2026-08-25T00:55:55.661Z,TRUE,"High outlier: ₹15120 > upper fence ₹11004 (Q3: ₹8331, IQR: ₹1782)",16:40,FALSE
fare_DEL-BOM_AI_2026-10-09_T+45_1787686351386_re52,DEL-BOM,EaseMyTrip,AI,AI-9418,2026-10-09,T+45,12398,2722,15120,2026-08-25T00:55:55.661Z,TRUE,"High outlier: ₹15120 > upper fence ₹11004 (Q3: ₹8331, IQR: ₹1782)",13:10,FALSE
fare_DEL-BOM_IX_2026-10-09_T+45_1787686351386_06e5,DEL-BOM,EaseMyTrip,IX,IX-1070,2026-10-09,T+45,12731,2795,15526,2026-08-25T00:55:55.661Z,TRUE,"High outlier: ₹15526 > upper fence ₹11004 (Q3: ₹8331, IQR: ₹1782)",21:15,FALSE
fare_DEL-BOM_AI_2026-10-09_T+45_1787686351386_zpj1,DEL-BOM,EaseMyTrip,AI,AI-2601,2026-10-09,T+45,13065,2868,15933,2026-08-25T00:55:55.661Z,TRUE,"High outlier: ₹15933 > upper fence ₹11004 (Q3: ₹8331, IQR: ₹1782)",17:00,FALSE
fare_DEL-BOM_AI_2026-10-09_T+45_1787686351386_ngbv,DEL-BOM,EaseMyTrip,AI,AI-1773,2026-10-09,T+45,13815,3033,16848,2026-08-25T00:55:55.661Z,TRUE,"High outlier: ₹16848 > upper fence ₹11004 (Q3: ₹8331, IQR: ₹1782)",10:30,FALSE
fare_DEL-BOM_QP_2026-10-09_T+45_1787686351386_a6cr,DEL-BOM,EaseMyTrip,QP,QP-1526,2026-10-09,T+45,14049,3084,17133,2026-08-25T00:55:55.661Z,TRUE,"High outlier: ₹17133 > upper fence ₹11004 (Q3: ₹8331, IQR: ₹1782)",16:30,FALSE
fare_DEL-BOM_AI_2026-10-09_T+45_1787686351386_nctn,DEL-BOM,EaseMyTrip,AI,AI-1743,2026-10-09,T+45,14443,3170,17613,2026-08-25T00:55:55.661Z,TRUE,"High outlier: ₹17613 > upper fence ₹11004 (Q3: ₹8331, IQR: ₹1782)",06:15,FALSE
fare_DEL-BOM_AI_2026-10-09_T+45_1787686351386_8ayi,DEL-BOM,EaseMyTrip,AI,AI-2577,2026-10-09,T+45,14577,3200,17777,2026-08-25T00:55:55.661Z,TRUE,"High outlier: ₹17777 > upper fence ₹11004 (Q3: ₹8331, IQR: ₹1782)",02:00,FALSE
fare_DEL-BOM_IX_2026-10-09_T+45_1787686351386_7mq4,DEL-BOM,EaseMyTrip,IX,IX-1068,2026-10-09,T+45,14926,3277,18203,2026-08-25T00:55:55.661Z,TRUE,"High outlier: ₹18203 > upper fence ₹11004 (Q3: ₹8331, IQR: ₹1782)",11:55,FALSE
fare_DEL-BOM_AI_2026-10-09_T+45_1787686351386_0ypw,DEL-BOM,EaseMyTrip,AI,AI-2465,2026-10-09,T+45,14880,3266,18146,2026-08-25T00:55:55.661Z,TRUE,"High outlier: ₹18146 > upper fence ₹11004 (Q3: ₹8331, IQR: ₹1782)",14:30,FALSE
fare_DEL-BOM_AI_2026-10-09_T+45_1787686351386_e9wd,DEL-BOM,EaseMyTrip,AI,AI-2907,2026-10-09,T+45,16747,3676,20423,2026-08-25T00:55:55.661Z,TRUE,"High outlier: ₹20423 > upper fence ₹11004 (Q3: ₹8331, IQR: ₹1782)",12:00,FALSE
fare_DEL-BOM_AI_2026-10-09_T+45_1787686351386_sraw,DEL-BOM,EaseMyTrip,AI,AI-1779,2026-10-09,T+45,17065,3746,20811,2026-08-25T00:55:55.661Z,TRUE,"High outlier: ₹20811 > upper fence ₹11004 (Q3: ₹8331, IQR: ₹1782)",13:45,FALSE
fare_DEL-BOM_IX_2026-10-09_T+45_1787686351386_yqwl,DEL-BOM,EaseMyTrip,IX,IX-1108,2026-10-09,T+45,17257,3788,21045,2026-08-25T00:55:55.661Z,TRUE,"High outlier: ₹21045 > upper fence ₹11004 (Q3: ₹8331, IQR: ₹1782)",05:00,FALSE
fare_DEL-BOM_AI_2026-10-09_T+45_1787686351386_e7kx,DEL-BOM,EaseMyTrip,AI,AI-1739,2026-10-09,T+45,17408,3821,21229,2026-08-25T00:55:55.661Z,TRUE,"High outlier: ₹21229 > upper fence ₹11004 (Q3: ₹8331, IQR: ₹1782)",11:30,FALSE
fare_DEL-BOM_AI_2026-10-09_T+45_1787686351386_stbu,DEL-BOM,EaseMyTrip,AI,AI-2513,2026-10-09,T+45,17451,3831,21282,2026-08-25T00:55:55.661Z,TRUE,"High outlier: ₹21282 > upper fence ₹11004 (Q3: ₹8331, IQR: ₹1782)",12:10,FALSE
fare_DEL-BOM_AI_2026-10-09_T+45_1787686351387_j51o,DEL-BOM,EaseMyTrip,AI,AI-427,2026-10-09,T+45,17722,3890,21612,2026-08-25T00:55:55.661Z,TRUE,"High outlier: ₹21612 > upper fence ₹11004 (Q3: ₹8331, IQR: ₹1782)",08:30,FALSE
fare_DEL-BOM_AI_2026-10-09_T+45_1787686351387_o60p,DEL-BOM,EaseMyTrip,AI,AI-2859,2026-10-09,T+45,17792,3905,21697,2026-08-25T00:55:55.661Z,TRUE,"High outlier: ₹21697 > upper fence ₹11004 (Q3: ₹8331, IQR: ₹1782)",10:30,FALSE
fare_DEL-BOM_AI_2026-10-09_T+45_1787686351387_hccq,DEL-BOM,EaseMyTrip,AI,AI-2525,2026-10-09,T+45,18285,4014,22299,2026-08-25T00:55:55.661Z,TRUE,"High outlier: ₹22299 > upper fence ₹11004 (Q3: ₹8331, IQR: ₹1782)",06:00,FALSE
fare_DEL-BOM_AI_2026-10-09_T+45_1787686351387_w7ah,DEL-BOM,EaseMyTrip,AI,AI-2483,2026-10-09,T+45,18576,4078,22654,2026-08-25T00:55:55.661Z,TRUE,"High outlier: ₹22654 > upper fence ₹11004 (Q3: ₹8331, IQR: ₹1782)",12:20,FALSE
fare_DEL-BOM_AI_2026-10-09_T+45_1787686351387_y7s1,DEL-BOM,EaseMyTrip,AI,AI-2509,2026-10-09,T+45,20903,4589,25492,2026-08-25T00:55:55.661Z,TRUE,"High outlier: ₹25492 > upper fence ₹11004 (Q3: ₹8331, IQR: ₹1782)",07:00,FALSE
fare_DEL-BOM_AI_2026-10-09_T+45_1787686351387_69x9,DEL-BOM,EaseMyTrip,AI,AI-2627,2026-10-09,T+45,34897,7660,42557,2026-08-25T00:55:55.661Z,TRUE,"High outlier: ₹42557 > upper fence ₹11004 (Q3: ₹8331, IQR: ₹1782)",10:45,FALSE
fare_DEL-BOM_6E_2026-10-09_T+45_1787686351387_vr4j,DEL-BOM,EaseMyTrip,6E,6E-675,2026-10-09,T+45,4985,1094,6079,2026-08-25T19:11:00.261Z,FALSE,"",23:30,TRUE
fare_DEL-BOM_6E_2026-10-09_T+45_1787686351387_jqn4,DEL-BOM,EaseMyTrip,6E,6E-145,2026-10-09,T+45,4985,1094,6079,2026-08-25T19:11:00.261Z,FALSE,"",23:30,TRUE
fare_DEL-BOM_6E_2026-10-09_T+45_1787686351387_emr7,DEL-BOM,EaseMyTrip,6E,6E-699,2026-10-09,T+45,4985,1094,6079,2026-08-25T19:11:00.261Z,FALSE,"",16:15,TRUE
fare_DEL-BOM_6E_2026-10-09_T+45_1787686351387_hw36,DEL-BOM,EaseMyTrip,6E,6E-725,2026-10-09,T+45,4985,1094,6079,2026-08-25T19:11:00.261Z,FALSE,"",16:15,TRUE
fare_DEL-BOM_6E_2026-10-09_T+45_1787686351387_ulq9,DEL-BOM,EaseMyTrip,6E,6E-647,2026-10-09,T+45,4985,1094,6079,2026-08-25T19:11:00.261Z,FALSE,"",15:30,TRUE
fare_DEL-BOM_6E_2026-10-09_T+45_1787686351387_ajgn,DEL-BOM,EaseMyTrip,6E,6E-914,2026-10-09,T+45,4985,1094,6079,2026-08-25T19:11:00.261Z,FALSE,"",15:30,TRUE
fare_DEL-BOM_6E_2026-10-09_T+45_1787686351387_0t8y,DEL-BOM,EaseMyTrip,6E,6E-822,2026-10-09,T+45,4985,1094,6079,2026-08-25T19:11:00.261Z,FALSE,"",08:45,TRUE
fare_DEL-BOM_6E_2026-10-09_T+45_1787686351387_go3x,DEL-BOM,EaseMyTrip,6E,6E-133,2026-10-09,T+45,4985,1094,6079,2026-08-25T19:11:00.261Z,FALSE,"",08:45,TRUE
fare_DEL-BOM_SG_2026-10-09_T+45_1787686351387_9366,DEL-BOM,EaseMyTrip,SG,SG-637,2026-10-09,T+45,5353,1175,6528,2026-08-25T19:11:00.261Z,FALSE,"",04:00,TRUE
fare_DEL-BOM_SG_2026-10-09_T+45_1787686351387_caxx,DEL-BOM,EaseMyTrip,SG,SG-241,2026-10-09,T+45,5353,1175,6528,2026-08-25T19:11:00.261Z,FALSE,"",04:00,TRUE
fare_DEL-BOM_SG_2026-10-09_T+45_1787686351387_ybej,DEL-BOM,EaseMyTrip,SG,SG-463,2026-10-09,T+45,5353,1175,6528,2026-08-25T19:11:00.261Z,FALSE,"",09:15,TRUE
fare_DEL-BOM_SG_2026-10-09_T+45_1787686351387_1erg,DEL-BOM,EaseMyTrip,SG,SG-730,2026-10-09,T+45,5353,1175,6528,2026-08-25T19:11:00.261Z,FALSE,"",09:15,TRUE
fare_DEL-BOM_SG_2026-10-09_T+45_1787686351387_bg8v,DEL-BOM,EaseMyTrip,SG,SG-137,2026-10-09,T+45,5353,1175,6528,2026-08-25T19:11:00.261Z,FALSE,"",14:45,TRUE
fare_DEL-BOM_SG_2026-10-09_T+45_1787686351387_t4rm,DEL-BOM,EaseMyTrip,SG,SG-616,2026-10-09,T+45,5353,1175,6528,2026-08-25T19:11:00.261Z,FALSE,"",14:45,TRUE
fare_DEL-BOM_SG_2026-10-09_T+45_1787686351387_ccs0,DEL-BOM,EaseMyTrip,SG,SG-210,2026-10-09,T+45,5353,1175,6528,2026-08-25T19:11:00.261Z,FALSE,"",18:35,TRUE
fare_DEL-BOM_SG_2026-10-09_T+45_1787686351387_7x26,DEL-BOM,EaseMyTrip,SG,SG-909,2026-10-09,T+45,5353,1175,6528,2026-08-25T19:11:00.261Z,FALSE,"",18:35,TRUE
fare_DEL-BOM_SG_2026-10-09_T+45_1787686351387_zq56,DEL-BOM,EaseMyTrip,SG,SG-227,2026-10-09,T+45,5353,1175,6528,2026-08-25T19:11:00.261Z,FALSE,"",20:10,TRUE
fare_DEL-BOM_SG_2026-10-09_T+45_1787686351387_dl8a,DEL-BOM,EaseMyTrip,SG,SG-250,2026-10-09,T+45,5353,1175,6528,2026-08-25T19:11:00.261Z,FALSE,"",21:00,TRUE
fare_DEL-BOM_SG_2026-10-09_T+45_1787686351387_n2wr,DEL-BOM,EaseMyTrip,SG,SG-658,2026-10-09,T+45,5353,1175,6528,2026-08-25T19:11:00.261Z,FALSE,"",21:00,TRUE
fare_DEL-BOM_SG_2026-10-09_T+45_1787686351387_ktzm,DEL-BOM,EaseMyTrip,SG,SG-999,2026-10-09,T+45,5353,1175,6528,2026-08-25T19:11:00.261Z,FALSE,"",22:30,TRUE
fare_DEL-BOM_SG_2026-10-09_T+45_1787686351387_y26m,DEL-BOM,EaseMyTrip,SG,SG-994,2026-10-09,T+45,5353,1175,6528,2026-08-25T19:11:00.261Z,FALSE,"",22:30,TRUE
fare_DEL-BOM_6E_2026-10-09_T+45_1787686351387_u2ae,DEL-BOM,EaseMyTrip,6E,6E-121,2026-10-09,T+45,5286,1160,6446,2026-08-25T19:11:00.261Z,FALSE,"",03:00,TRUE
fare_DEL-BOM_6E_2026-10-09_T+45_1787686351387_475n,DEL-BOM,EaseMyTrip,6E,6E-797,2026-10-09,T+45,5286,1160,6446,2026-08-25T19:11:00.261Z,FALSE,"",03:00,TRUE
fare_DEL-BOM_6E_2026-10-09_T+45_1787686351387_3ngd,DEL-BOM,EaseMyTrip,6E,6E-115,2026-10-09,T+45,5286,1160,6446,2026-08-25T19:11:00.261Z,FALSE,"",05:00,TRUE
fare_DEL-BOM_6E_2026-10-09_T+45_1787686351387_4cjr,DEL-BOM,EaseMyTrip,6E,6E-407,2026-10-09,T+45,5286,1160,6446,2026-08-25T19:11:00.261Z,FALSE,"",08:00,TRUE
fare_DEL-BOM_6E_2026-10-09_T+45_1787686351387_h31o,DEL-BOM,EaseMyTrip,6E,6E-466,2026-10-09,T+45,5286,1160,6446,2026-08-25T19:11:00.261Z,FALSE,"",13:00,TRUE
fare_DEL-BOM_6E_2026-10-09_T+45_1787686351387_astd,DEL-BOM,EaseMyTrip,6E,6E-273,2026-10-09,T+45,5286,1160,6446,2026-08-25T19:11:00.261Z,FALSE,"",13:00,TRUE
fare_DEL-BOM_6E_2026-10-09_T+45_1787686351387_itwt,DEL-BOM,EaseMyTrip,6E,6E-110,2026-10-09,T+45,5501,1208,6709,2026-08-25T19:11:00.261Z,FALSE,"",21:45,TRUE
fare_DEL-BOM_6E_2026-10-09_T+45_1787686351387_vf0e,DEL-BOM,EaseMyTrip,6E,6E-345,2026-10-09,T+45,5501,1208,6709,2026-08-25T19:11:00.261Z,FALSE,"",21:45,TRUE
fare_DEL-BOM_6E_2026-10-09_T+45_1787686351387_zc52,DEL-BOM,EaseMyTrip,6E,6E-506,2026-10-09,T+45,5501,1208,6709,2026-08-25T19:11:00.261Z,FALSE,"",20:45,TRUE
fare_DEL-BOM_6E_2026-10-09_T+45_1787686351387_b727,DEL-BOM,EaseMyTrip,6E,6E-480,2026-10-09,T+45,5501,1208,6709,2026-08-25T19:11:00.261Z,FALSE,"",20:45,TRUE
fare_DEL-BOM_6E_2026-10-09_T+45_1787686351387_9q3r,DEL-BOM,EaseMyTrip,6E,6E-165,2026-10-09,T+45,5501,1208,6709,2026-08-25T19:11:00.261Z,FALSE,"",20:00,TRUE
fare_DEL-BOM_6E_2026-10-09_T+45_1787686351387_26k2,DEL-BOM,EaseMyTrip,6E,6E-999,2026-10-09,T+45,5501,1208,6709,2026-08-25T19:11:00.261Z,FALSE,"",20:00,TRUE
fare_DEL-BOM_6E_2026-10-09_T+45_1787686351387_0jh6,DEL-BOM,EaseMyTrip,6E,6E-130,2026-10-09,T+45,5501,1208,6709,2026-08-25T19:11:00.261Z,FALSE,"",19:00,TRUE
fare_DEL-BOM_6E_2026-10-09_T+45_1787686351387_7i5c,DEL-BOM,EaseMyTrip,6E,6E-440,2026-10-09,T+45,5501,1208,6709,2026-08-25T19:11:00.261Z,FALSE,"",19:00,TRUE
fare_DEL-BOM_6E_2026-10-09_T+45_1787686351387_we37,DEL-BOM,EaseMyTrip,6E,6E-600,2026-10-09,T+45,5501,1208,6709,2026-08-25T19:11:00.261Z,FALSE,"",18:00,TRUE
fare_DEL-BOM_6E_2026-10-09_T+45_1787686351387_zg3v,DEL-BOM,EaseMyTrip,6E,6E-212,2026-10-09,T+45,5501,1208,6709,2026-08-25T19:11:00.261Z,FALSE,"",18:00,TRUE
fare_DEL-BOM_6E_2026-10-09_T+45_1787686351387_vewc,DEL-BOM,EaseMyTrip,6E,6E-677,2026-10-09,T+45,5920,1299,7219,2026-08-25T19:11:00.261Z,FALSE,"",14:50,FALSE
fare_DEL-BOM_6E_2026-10-09_T+45_1787686351387_23sq,DEL-BOM,EaseMyTrip,6E,6E-136,2026-10-09,T+45,5920,1299,7219,2026-08-25T19:11:00.261Z,FALSE,"",14:50,FALSE
fare_DEL-BOM_6E_2026-10-09_T+45_1787686351387_tut4,DEL-BOM,EaseMyTrip,6E,6E-536,2026-10-09,T+45,5920,1299,7219,2026-08-25T19:11:00.261Z,FALSE,"",10:00,FALSE
fare_DEL-BOM_6E_2026-10-09_T+45_1787686351387_ro8t,DEL-BOM,EaseMyTrip,6E,6E-450,2026-10-09,T+45,5920,1299,7219,2026-08-25T19:11:00.261Z,FALSE,"",10:00,FALSE
fare_DEL-BOM_6E_2026-10-09_T+45_1787686351387_sfeu,DEL-BOM,EaseMyTrip,6E,6E-552,2026-10-09,T+45,5963,1309,7272,2026-08-25T19:11:00.261Z,FALSE,"",19:30,FALSE
fare_DEL-BOM_6E_2026-10-09_T+45_1787686351387_tpir,DEL-BOM,EaseMyTrip,6E,6E-966,2026-10-09,T+45,5963,1309,7272,2026-08-25T19:11:00.261Z,FALSE,"",19:30,FALSE
fare_DEL-BOM_6E_2026-10-09_T+45_1787686351387_ygog,DEL-BOM,EaseMyTrip,6E,6E-814,2026-10-09,T+45,6135,1347,7482,2026-08-25T19:11:00.261Z,FALSE,"",16:30,FALSE
fare_DEL-BOM_6E_2026-10-09_T+45_1787686351387_kwsh,DEL-BOM,EaseMyTrip,6E,6E-463,2026-10-09,T+45,6135,1347,7482,2026-08-25T19:11:00.261Z,FALSE,"",16:30,FALSE
fare_DEL-BOM_6E_2026-10-09_T+45_1787686351387_vpv4,DEL-BOM,EaseMyTrip,6E,6E-684,2026-10-09,T+45,6243,1370,7613,2026-08-25T19:11:00.261Z,FALSE,"",02:25,FALSE
fare_DEL-BOM_6E_2026-10-09_T+45_1787686351387_mzsz,DEL-BOM,EaseMyTrip,6E,6E-986,2026-10-09,T+45,6243,1370,7613,2026-08-25T19:11:00.261Z,FALSE,"",02:25,FALSE
fare_DEL-BOM_6E_2026-10-09_T+45_1787686351387_7k70,DEL-BOM,EaseMyTrip,6E,6E-367,2026-10-09,T+45,6243,1370,7613,2026-08-25T19:11:00.261Z,FALSE,"",23:15,FALSE
fare_DEL-BOM_6E_2026-10-09_T+45_1787686351387_gfku,DEL-BOM,EaseMyTrip,6E,6E-161,2026-10-09,T+45,6243,1370,7613,2026-08-25T19:11:00.261Z,FALSE,"",23:15,FALSE
fare_DEL-BOM_6E_2026-10-09_T+45_1787686351387_85bc,DEL-BOM,EaseMyTrip,6E,6E-605,2026-10-09,T+45,7248,1591,8839,2026-08-25T19:11:00.261Z,FALSE,"",20:20,TRUE
fare_DEL-BOM_6E_2026-10-09_T+45_1787686351387_2hfv,DEL-BOM,EaseMyTrip,6E,6E-862,2026-10-09,T+45,7248,1591,8839,2026-08-25T19:11:00.261Z,FALSE,"",20:20,TRUE
fare_DEL-BOM_6E_2026-10-09_T+45_1787686351387_hth5,DEL-BOM,EaseMyTrip,6E,6E-464,2026-10-09,T+45,11143,2446,13589,2026-08-25T19:11:00.261Z,TRUE,"High outlier: ₹13589 > upper fence ₹11004 (Q3: ₹8331, IQR: ₹1782)",12:10,FALSE
fare_DEL-BOM_6E_2026-10-09_T+45_1787686351387_88a7,DEL-BOM,EaseMyTrip,6E,6E-688,2026-10-09,T+45,11143,2446,13589,2026-08-25T19:11:00.261Z,TRUE,"High outlier: ₹13589 > upper fence ₹11004 (Q3: ₹8331, IQR: ₹1782)",12:10,FALSE
fare_DEL-BOM_6E_2026-10-09_T+45_1787686351387_rbue,DEL-BOM,EaseMyTrip,6E,6E-660,2026-10-09,T+45,11370,2496,13866,2026-08-25T19:11:00.261Z,TRUE,"High outlier: ₹13866 > upper fence ₹11004 (Q3: ₹8331, IQR: ₹1782)",19:30,FALSE
fare_DEL-BOM_6E_2026-10-09_T+45_1787686351387_me45,DEL-BOM,EaseMyTrip,6E,6E-497,2026-10-09,T+45,11370,2496,13866,2026-08-25T19:11:00.261Z,TRUE,"High outlier: ₹13866 > upper fence ₹11004 (Q3: ₹8331, IQR: ₹1782)",19:30,FALSE
fare_DEL-BOM_AI_2026-10-09_T+45_1787686351387_52w2,DEL-BOM,EaseMyTrip,AI,AI-9447,2026-10-09,T+45,12393,2720,15113,2026-08-25T19:11:00.261Z,TRUE,"High outlier: ₹15113 > upper fence ₹11004 (Q3: ₹8331, IQR: ₹1782)",23:25,FALSE
fare_DEL-BOM_6E_2026-09-01_T+7_1787686351388_76ft,DEL-BOM,EaseMyTrip,6E,6E-5014,2026-09-01,T+7,5067,1112,6179,2026-08-25T00:55:37.205Z,FALSE,"",18:30,FALSE
fare_DEL-BOM_6E_2026-09-01_T+7_1787686351388_09q7,DEL-BOM,EaseMyTrip,6E,6E-6261,2026-09-01,T+7,5067,1112,6179,2026-08-25T00:55:37.205Z,FALSE,"",00:15,FALSE
fare_DEL-BOM_6E_2026-09-01_T+7_1787686351388_eop3,DEL-BOM,EaseMyTrip,6E,6E-5119,2026-09-01,T+7,5067,1112,6179,2026-08-25T00:55:37.205Z,FALSE,"",05:10,FALSE
fare_DEL-BOM_6E_2026-09-01_T+7_1787686351388_fd2n,DEL-BOM,EaseMyTrip,6E,6E-2331,2026-09-01,T+7,5067,1112,6179,2026-08-25T00:55:37.205Z,FALSE,"",12:20,FALSE
fare_DEL-BOM_SG_2026-09-01_T+7_1787686351388_chw7,DEL-BOM,EaseMyTrip,SG,SG-997,2026-09-01,T+7,5242,1151,6393,2026-08-25T00:55:37.205Z,FALSE,"",22:30,TRUE
fare_DEL-BOM_SG_2026-09-01_T+7_1787686351388_hh1g,DEL-BOM,EaseMyTrip,SG,SG-337,2026-09-01,T+7,5242,1151,6393,2026-08-25T00:55:37.205Z,FALSE,"",22:30,TRUE
fare_DEL-BOM_IX_2026-09-01_T+7_1787686351388_qfvd,DEL-BOM,EaseMyTrip,IX,IX-1235,2026-09-01,T+7,5354,1175,6529,2026-08-25T00:55:37.205Z,FALSE,"",23:25,TRUE
fare_DEL-BOM_IX_2026-09-01_T+7_1787686351388_t5x7,DEL-BOM,EaseMyTrip,IX,IX-1165,2026-09-01,T+7,5354,1175,6529,2026-08-25T00:55:37.205Z,FALSE,"",06:00,FALSE
fare_DEL-BOM_6E_2026-09-01_T+7_1787686351388_55dg,DEL-BOM,EaseMyTrip,6E,6E-2169,2026-09-01,T+7,5174,1136,6310,2026-08-25T00:55:37.205Z,FALSE,"",19:40,FALSE
fare_DEL-BOM_6E_2026-09-01_T+7_1787686351388_mmur,DEL-BOM,EaseMyTrip,6E,6E-6829,2026-09-01,T+7,5174,1136,6310,2026-08-25T00:55:37.205Z,FALSE,"",17:20,FALSE
fare_DEL-BOM_6E_2026-09-01_T+7_1787686351388_4r5s,DEL-BOM,EaseMyTrip,6E,6E-6443,2026-09-01,T+7,5174,1136,6310,2026-08-25T00:55:37.205Z,FALSE,"",09:00,FALSE
fare_DEL-BOM_6E_2026-09-01_T+7_1787686351388_i7va,DEL-BOM,EaseMyTrip,6E,6E-6433,2026-09-01,T+7,5174,1136,6310,2026-08-25T00:55:37.205Z,FALSE,"",16:30,FALSE
fare_DEL-BOM_6E_2026-09-01_T+7_1787686351388_oh0m,DEL-BOM,EaseMyTrip,6E,6E-5138,2026-09-01,T+7,5174,1136,6310,2026-08-25T00:55:37.205Z,FALSE,"",19:10,FALSE
fare_DEL-BOM_6E_2026-09-01_T+7_1787686351388_kcms,DEL-BOM,EaseMyTrip,6E,6E-6490,2026-09-01,T+7,5174,1136,6310,2026-08-25T00:55:37.205Z,FALSE,"",04:55,FALSE
fare_DEL-BOM_6E_2026-09-01_T+7_1787686351388_icee,DEL-BOM,EaseMyTrip,6E,6E-6459,2026-09-01,T+7,5174,1136,6310,2026-08-25T00:55:37.205Z,FALSE,"",05:55,FALSE
fare_DEL-BOM_6E_2026-09-01_T+7_1787686351388_59km,DEL-BOM,EaseMyTrip,6E,6E-999,2026-09-01,T+7,5239,1150,6389,2026-08-25T00:55:37.205Z,FALSE,"",16:30,FALSE
fare_DEL-BOM_6E_2026-09-01_T+7_1787686351388_vu8k,DEL-BOM,EaseMyTrip,6E,6E-100,2026-09-01,T+7,5239,1150,6389,2026-08-25T00:55:37.205Z,FALSE,"",16:30,FALSE
fare_DEL-BOM_6E_2026-09-01_T+7_1787686351388_kbbm,DEL-BOM,EaseMyTrip,6E,6E-6479,2026-09-01,T+7,5239,1150,6389,2026-08-25T00:55:37.205Z,FALSE,"",21:25,FALSE
fare_DEL-BOM_6E_2026-09-01_T+7_1787686351388_pq6x,DEL-BOM,EaseMyTrip,6E,6E-5298,2026-09-01,T+7,5239,1150,6389,2026-08-25T00:55:37.205Z,FALSE,"",09:00,FALSE
fare_DEL-BOM_6E_2026-09-01_T+7_1787686351388_5jid,DEL-BOM,EaseMyTrip,6E,6E-6050,2026-09-01,T+7,5239,1150,6389,2026-08-25T00:55:37.205Z,FALSE,"",08:15,FALSE
fare_DEL-BOM_6E_2026-09-01_T+7_1787686351388_12vm,DEL-BOM,EaseMyTrip,6E,6E-6601,2026-09-01,T+7,5346,1174,6520,2026-08-25T00:55:37.205Z,FALSE,"",19:45,FALSE
fare_DEL-BOM_6E_2026-09-01_T+7_1787686351388_blfd,DEL-BOM,EaseMyTrip,6E,6E-6282,2026-09-01,T+7,5346,1174,6520,2026-08-25T00:55:37.205Z,FALSE,"",13:30,FALSE
fare_DEL-BOM_6E_2026-09-01_T+7_1787686351388_h8tp,DEL-BOM,EaseMyTrip,6E,6E-200,2026-09-01,T+7,5346,1174,6520,2026-08-25T00:55:37.205Z,FALSE,"",02:25,FALSE
fare_DEL-BOM_6E_2026-09-01_T+7_1787686351388_w92d,DEL-BOM,EaseMyTrip,6E,6E-398,2026-09-01,T+7,5346,1174,6520,2026-08-25T00:55:37.205Z,FALSE,"",02:25,FALSE
fare_DEL-BOM_6E_2026-09-01_T+7_1787686351388_0fy8,DEL-BOM,EaseMyTrip,6E,6E-660,2026-09-01,T+7,5346,1174,6520,2026-08-25T00:55:37.205Z,FALSE,"",23:15,FALSE
fare_DEL-BOM_6E_2026-09-01_T+7_1787686351388_5fgu,DEL-BOM,EaseMyTrip,6E,6E-963,2026-09-01,T+7,5346,1174,6520,2026-08-25T00:55:37.205Z,FALSE,"",23:15,FALSE
fare_DEL-BOM_6E_2026-09-01_T+7_1787686351388_0gg3,DEL-BOM,EaseMyTrip,6E,6E-6497,2026-09-01,T+7,5346,1174,6520,2026-08-25T00:55:37.205Z,FALSE,"",18:45,FALSE
fare_DEL-BOM_6E_2026-09-01_T+7_1787686351388_jrli,DEL-BOM,EaseMyTrip,6E,6E-6293,2026-09-01,T+7,5346,1174,6520,2026-08-25T00:55:37.205Z,FALSE,"",09:55,FALSE
fare_DEL-BOM_QP_2026-09-01_T+7_1787686351388_9ztz,DEL-BOM,EaseMyTrip,QP,QP-1807,2026-09-01,T+7,5355,1175,6530,2026-08-25T00:55:37.205Z,FALSE,"",13:40,TRUE
fare_DEL-BOM_QP_2026-09-01_T+7_1787686351388_pfxr,DEL-BOM,EaseMyTrip,QP,QP-1112,2026-09-01,T+7,5355,1175,6530,2026-08-25T00:55:37.205Z,FALSE,"",09:20,TRUE
fare_DEL-BOM_QP_2026-09-01_T+7_1787686351388_ddg0,DEL-BOM,EaseMyTrip,QP,QP-1836,2026-09-01,T+7,5355,1175,6530,2026-08-25T00:55:37.205Z,FALSE,"",12:30,TRUE
fare_DEL-BOM_QP_2026-09-01_T+7_1787686351388_r1uv,DEL-BOM,EaseMyTrip,QP,QP-1128,2026-09-01,T+7,5355,1175,6530,2026-08-25T00:55:37.205Z,FALSE,"",16:00,TRUE
fare_DEL-BOM_QP_2026-09-01_T+7_1787686351388_b96o,DEL-BOM,EaseMyTrip,QP,QP-1820,2026-09-01,T+7,5355,1175,6530,2026-08-25T00:55:37.205Z,FALSE,"",17:30,TRUE
fare_DEL-BOM_QP_2026-09-01_T+7_1787686351388_qzeu,DEL-BOM,EaseMyTrip,QP,QP-1119,2026-09-01,T+7,5355,1175,6530,2026-08-25T00:55:37.205Z,FALSE,"",08:40,TRUE
fare_DEL-BOM_QP_2026-09-01_T+7_1787686351388_o1ov,DEL-BOM,EaseMyTrip,QP,QP-1110,2026-09-01,T+7,5355,1175,6530,2026-08-25T00:55:37.205Z,FALSE,"",10:30,TRUE
fare_DEL-BOM_QP_2026-09-01_T+7_1787686351388_f9qt,DEL-BOM,EaseMyTrip,QP,QP-1826,2026-09-01,T+7,5355,1175,6530,2026-08-25T00:55:37.205Z,FALSE,"",19:55,TRUE
fare_DEL-BOM_6E_2026-09-01_T+7_1787686351388_3ed8,DEL-BOM,EaseMyTrip,6E,6E-6706,2026-09-01,T+7,5355,1175,6530,2026-08-25T00:55:37.205Z,FALSE,"",17:00,TRUE
fare_DEL-BOM_6E_2026-09-01_T+7_1787686351388_e7eg,DEL-BOM,EaseMyTrip,6E,6E-973,2026-09-01,T+7,5355,1175,6530,2026-08-25T00:55:37.205Z,FALSE,"",16:15,TRUE
fare_DEL-BOM_6E_2026-09-01_T+7_1787686351388_kzq2,DEL-BOM,EaseMyTrip,6E,6E-848,2026-09-01,T+7,5355,1175,6530,2026-08-25T00:55:37.205Z,FALSE,"",16:15,TRUE
fare_DEL-BOM_6E_2026-09-01_T+7_1787686351388_ckgs,DEL-BOM,EaseMyTrip,6E,6E-395,2026-09-01,T+7,5355,1175,6530,2026-08-25T00:55:37.205Z,FALSE,"",15:30,TRUE
fare_DEL-BOM_6E_2026-09-01_T+7_1787686351388_img4,DEL-BOM,EaseMyTrip,6E,6E-511,2026-09-01,T+7,5355,1175,6530,2026-08-25T00:55:37.205Z,FALSE,"",15:30,TRUE
fare_DEL-BOM_6E_2026-09-01_T+7_1787686351388_u64h,DEL-BOM,EaseMyTrip,6E,6E-6318,2026-09-01,T+7,5355,1175,6530,2026-08-25T00:55:37.205Z,FALSE,"",14:45,TRUE
fare_DEL-BOM_6E_2026-09-01_T+7_1787686351388_zjik,DEL-BOM,EaseMyTrip,6E,6E-264,2026-09-01,T+7,5355,1175,6530,2026-08-25T00:55:37.205Z,FALSE,"",13:00,TRUE
fare_DEL-BOM_6E_2026-09-01_T+7_1787686351388_4pv1,DEL-BOM,EaseMyTrip,6E,6E-208,2026-09-01,T+7,5355,1175,6530,2026-08-25T00:55:37.205Z,FALSE,"",13:00,TRUE
fare_DEL-BOM_6E_2026-09-01_T+7_1787686351388_qnyv,DEL-BOM,EaseMyTrip,6E,6E-6022,2026-09-01,T+7,5355,1175,6530,2026-08-25T00:55:37.205Z,FALSE,"",14:00,TRUE
fare_DEL-BOM_6E_2026-09-01_T+7_1787686351388_vchl,DEL-BOM,EaseMyTrip,6E,6E-6328,2026-09-01,T+7,5355,1175,6530,2026-08-25T00:55:37.205Z,FALSE,"",10:15,TRUE
fare_DEL-BOM_6E_2026-09-01_T+7_1787686351388_yfso,DEL-BOM,EaseMyTrip,6E,6E-6047,2026-09-01,T+7,5355,1175,6530,2026-08-25T00:55:37.205Z,FALSE,"",11:00,TRUE
fare_DEL-BOM_6E_2026-09-01_T+7_1787686351388_kto8,DEL-BOM,EaseMyTrip,6E,6E-6676,2026-09-01,T+7,5355,1175,6530,2026-08-25T00:55:37.205Z,FALSE,"",12:00,TRUE
fare_DEL-BOM_6E_2026-09-01_T+7_1787686351388_5css,DEL-BOM,EaseMyTrip,6E,6E-584,2026-09-01,T+7,5411,1188,6599,2026-08-25T00:55:37.205Z,FALSE,"",19:30,FALSE
fare_DEL-BOM_6E_2026-09-01_T+7_1787686351388_5e7u,DEL-BOM,EaseMyTrip,6E,6E-814,2026-09-01,T+7,5411,1188,6599,2026-08-25T00:55:37.205Z,FALSE,"",19:30,FALSE
fare_DEL-BOM_QP_2026-09-01_T+7_1787686351388_7ukb,DEL-BOM,EaseMyTrip,QP,QP-1940,2026-09-01,T+7,5427,1191,6618,2026-08-25T00:55:37.205Z,FALSE,"",14:00,TRUE
fare_DEL-BOM_QP_2026-09-01_T+7_1787686351388_ekhj,DEL-BOM,EaseMyTrip,QP,QP-1833,2026-09-01,T+7,5452,1197,6649,2026-08-25T00:55:37.205Z,FALSE,"",06:50,TRUE
fare_DEL-BOM_6E_2026-09-01_T+7_1787686351388_cxjh,DEL-BOM,EaseMyTrip,6E,6E-5073,2026-09-01,T+7,5460,1199,6659,2026-08-25T00:55:37.205Z,FALSE,"",17:05,FALSE
fare_DEL-BOM_6E_2026-09-01_T+7_1787686351388_3y6u,DEL-BOM,EaseMyTrip,6E,6E-791,2026-09-01,T+7,5484,1204,6688,2026-08-25T00:55:37.205Z,FALSE,"",05:00,TRUE
fare_DEL-BOM_6E_2026-09-01_T+7_1787686351388_6jhv,DEL-BOM,EaseMyTrip,6E,6E-673,2026-09-01,T+7,5484,1204,6688,2026-08-25T00:55:37.205Z,FALSE,"",05:00,TRUE
fare_DEL-BOM_6E_2026-09-01_T+7_1787686351388_0h8r,DEL-BOM,EaseMyTrip,6E,6E-618,2026-09-01,T+7,5484,1204,6688,2026-08-25T00:55:37.205Z,FALSE,"",23:30,TRUE
fare_DEL-BOM_6E_2026-09-01_T+7_1787686351388_h8mp,DEL-BOM,EaseMyTrip,6E,6E-986,2026-09-01,T+7,5484,1204,6688,2026-08-25T00:55:37.205Z,FALSE,"",23:30,TRUE
fare_DEL-BOM_6E_2026-09-01_T+7_1787686351388_3hww,DEL-BOM,EaseMyTrip,6E,6E-6114,2026-09-01,T+7,5484,1204,6688,2026-08-25T00:55:37.205Z,FALSE,"",22:45,TRUE
fare_DEL-BOM_6E_2026-09-01_T+7_1787686351388_jd35,DEL-BOM,EaseMyTrip,6E,6E-6218,2026-09-01,T+7,5484,1204,6688,2026-08-25T00:55:37.205Z,FALSE,"",06:05,TRUE
fare_DEL-BOM_6E_2026-09-01_T+7_1787686351388_2s49,DEL-BOM,EaseMyTrip,6E,6E-6107,2026-09-01,T+7,5484,1204,6688,2026-08-25T00:55:37.205Z,FALSE,"",09:30,TRUE
fare_DEL-BOM_6E_2026-09-01_T+7_1787686351388_wl65,DEL-BOM,EaseMyTrip,6E,6E-107,2026-09-01,T+7,5484,1204,6688,2026-08-25T00:55:37.205Z,FALSE,"",08:45,TRUE
fare_DEL-BOM_6E_2026-09-01_T+7_1787686351388_i8ix,DEL-BOM,EaseMyTrip,6E,6E-570,2026-09-01,T+7,5484,1204,6688,2026-08-25T00:55:37.205Z,FALSE,"",08:45,TRUE
fare_DEL-BOM_6E_2026-09-01_T+7_1787686351388_v6wd,DEL-BOM,EaseMyTrip,6E,6E-713,2026-09-01,T+7,5526,1213,6739,2026-08-25T00:55:37.205Z,FALSE,"",20:20,TRUE
fare_DEL-BOM_6E_2026-09-01_T+7_1787686351388_0i0x,DEL-BOM,EaseMyTrip,6E,6E-402,2026-09-01,T+7,5526,1213,6739,2026-08-25T00:55:37.205Z,FALSE,"",20:20,TRUE
fare_DEL-BOM_6E_2026-09-01_T+7_1787686351388_9de0,DEL-BOM,EaseMyTrip,6E,6E-5198,2026-09-01,T+7,5556,1220,6776,2026-08-25T00:55:37.205Z,FALSE,"",15:00,TRUE
fare_DEL-BOM_AI_2026-09-01_T+7_1787686351388_qunr,DEL-BOM,EaseMyTrip,AI,AI-2951,2026-09-01,T+7,5740,1260,7000,2026-08-25T00:55:37.205Z,FALSE,"",13:30,TRUE
fare_DEL-BOM_AI_2026-09-01_T+7_1787686351388_1q5n,DEL-BOM,EaseMyTrip,AI,AI-2941,2026-09-01,T+7,5740,1260,7000,2026-08-25T00:55:37.205Z,FALSE,"",16:30,TRUE
fare_DEL-BOM_AI_2026-09-01_T+7_1787686351388_gv8s,DEL-BOM,EaseMyTrip,AI,AI-2981,2026-09-01,T+7,5740,1260,7000,2026-08-25T00:55:37.205Z,FALSE,"",21:00,TRUE
fare_DEL-BOM_AI_2026-09-01_T+7_1787686351388_xycf,DEL-BOM,EaseMyTrip,AI,AI-3307,2026-09-01,T+7,5740,1260,7000,2026-08-25T00:55:37.205Z,FALSE,"",04:00,TRUE
fare_DEL-BOM_AI_2026-09-01_T+7_1787686351388_z2mz,DEL-BOM,EaseMyTrip,AI,AI-2995,2026-09-01,T+7,5740,1260,7000,2026-08-25T00:55:37.205Z,FALSE,"",10:00,TRUE
fare_DEL-BOM_AI_2026-09-01_T+7_1787686351388_xo95,DEL-BOM,EaseMyTrip,AI,AI-2945,2026-09-01,T+7,5740,1260,7000,2026-08-25T00:55:37.205Z,FALSE,"",11:00,TRUE
fare_DEL-BOM_AI_2026-09-01_T+7_1787686351388_k7c6,DEL-BOM,EaseMyTrip,AI,AI-1785,2026-09-01,T+7,5740,1260,7000,2026-08-25T00:55:37.205Z,FALSE,"",12:00,TRUE
fare_DEL-BOM_AI_2026-09-01_T+7_1787686351388_ifix,DEL-BOM,EaseMyTrip,AI,AI-2933,2026-09-01,T+7,5740,1260,7000,2026-08-25T00:55:37.205Z,FALSE,"",15:30,TRUE
fare_DEL-BOM_AI_2026-09-01_T+7_1787686351388_akhy,DEL-BOM,EaseMyTrip,AI,AI-1777,2026-09-01,T+7,5740,1260,7000,2026-08-25T00:55:37.205Z,FALSE,"",16:00,TRUE
fare_DEL-BOM_AI_2026-09-01_T+7_1787686351388_4aqt,DEL-BOM,EaseMyTrip,AI,AI-441,2026-09-01,T+7,5740,1260,7000,2026-08-25T00:55:37.205Z,FALSE,"",17:00,TRUE
fare_DEL-BOM_AI_2026-09-01_T+7_1787686351389_c264,DEL-BOM,EaseMyTrip,AI,AI-2927,2026-09-01,T+7,5740,1260,7000,2026-08-25T00:55:37.205Z,FALSE,"",09:30,TRUE
fare_DEL-BOM_6E_2026-09-01_T+7_1787686351389_w4nk,DEL-BOM,EaseMyTrip,6E,6E-6010,2026-09-01,T+7,5605,1230,6835,2026-08-25T00:55:37.205Z,FALSE,"",11:20,FALSE
fare_DEL-BOM_6E_2026-09-01_T+7_1787686351389_d2mf,DEL-BOM,EaseMyTrip,6E,6E-5206,2026-09-01,T+7,5633,1236,6869,2026-08-25T00:55:37.205Z,FALSE,"",13:20,FALSE
fare_DEL-BOM_6E_2026-09-01_T+7_1787686351389_0i2n,DEL-BOM,EaseMyTrip,6E,6E-147,2026-09-01,T+7,5656,1242,6898,2026-08-25T00:55:37.205Z,FALSE,"",19:00,TRUE
fare_DEL-BOM_6E_2026-09-01_T+7_1787686351389_iydk,DEL-BOM,EaseMyTrip,6E,6E-627,2026-09-01,T+7,5656,1242,6898,2026-08-25T00:55:37.205Z,FALSE,"",19:00,TRUE
fare_DEL-BOM_6E_2026-09-01_T+7_1787686351389_qmy3,DEL-BOM,EaseMyTrip,6E,6E-950,2026-09-01,T+7,5656,1242,6898,2026-08-25T00:55:37.205Z,FALSE,"",18:00,TRUE
fare_DEL-BOM_6E_2026-09-01_T+7_1787686351389_pmw3,DEL-BOM,EaseMyTrip,6E,6E-931,2026-09-01,T+7,5656,1242,6898,2026-08-25T00:55:37.205Z,FALSE,"",18:00,TRUE
fare_DEL-BOM_6E_2026-09-01_T+7_1787686351389_un1k,DEL-BOM,EaseMyTrip,6E,6E-204,2026-09-01,T+7,5656,1242,6898,2026-08-25T00:55:37.205Z,FALSE,"",21:45,TRUE
fare_DEL-BOM_6E_2026-09-01_T+7_1787686351389_zz95,DEL-BOM,EaseMyTrip,6E,6E-854,2026-09-01,T+7,5656,1242,6898,2026-08-25T00:55:37.205Z,FALSE,"",21:45,TRUE
fare_DEL-BOM_6E_2026-09-01_T+7_1787686351389_psbn,DEL-BOM,EaseMyTrip,6E,6E-6814,2026-09-01,T+7,5656,1242,6898,2026-08-25T00:55:37.205Z,FALSE,"",07:15,TRUE
fare_DEL-BOM_6E_2026-09-01_T+7_1787686351389_11he,DEL-BOM,EaseMyTrip,6E,6E-421,2026-09-01,T+7,5656,1242,6898,2026-08-25T00:55:37.205Z,FALSE,"",08:00,TRUE
fare_DEL-BOM_6E_2026-09-01_T+7_1787686351389_spfb,DEL-BOM,EaseMyTrip,6E,6E-349,2026-09-01,T+7,5656,1242,6898,2026-08-25T00:55:37.205Z,FALSE,"",08:00,TRUE
fare_DEL-BOM_AI_2026-09-01_T+7_1787686351389_s92a,DEL-BOM,EaseMyTrip,AI,AI-2678,2026-09-01,T+7,5870,1289,7159,2026-08-25T00:55:37.205Z,FALSE,"",08:30,TRUE
fare_DEL-BOM_AI_2026-09-01_T+7_1787686351389_z90k,DEL-BOM,EaseMyTrip,AI,AI-2975,2026-09-01,T+7,5870,1289,7159,2026-08-25T00:55:37.205Z,FALSE,"",06:30,TRUE
fare_DEL-BOM_AI_2026-09-01_T+7_1787686351389_dl1r,DEL-BOM,EaseMyTrip,AI,AI-2510,2026-09-01,T+7,5870,1289,7159,2026-08-25T00:55:37.205Z,FALSE,"",02:45,TRUE
fare_DEL-BOM_AI_2026-09-01_T+7_1787686351389_n3of,DEL-BOM,EaseMyTrip,AI,AI-1745,2026-09-01,T+7,5870,1289,7159,2026-08-25T00:55:37.205Z,FALSE,"",05:00,TRUE
fare_DEL-BOM_AI_2026-09-01_T+7_1787686351389_uc5g,DEL-BOM,EaseMyTrip,AI,AI-2439,2026-09-01,T+7,5870,1289,7159,2026-08-25T00:55:37.205Z,FALSE,"",23:00,TRUE
fare_DEL-BOM_IX_2026-09-01_T+7_1787686351389_86u5,DEL-BOM,EaseMyTrip,IX,IX-1038,2026-09-01,T+7,6057,1329,7386,2026-08-25T00:55:37.205Z,FALSE,"",17:35,TRUE
fare_DEL-BOM_6E_2026-09-01_T+7_1787686351389_dbys,DEL-BOM,EaseMyTrip,6E,6E-6190,2026-09-01,T+7,5853,1285,7138,2026-08-25T00:55:37.205Z,FALSE,"",07:40,FALSE
fare_DEL-BOM_6E_2026-09-01_T+7_1787686351389_kjdk,DEL-BOM,EaseMyTrip,6E,6E-5137,2026-09-01,T+7,5853,1285,7138,2026-08-25T00:55:37.205Z,FALSE,"",10:50,FALSE
fare_DEL-BOM_6E_2026-09-01_T+7_1787686351389_1xua,DEL-BOM,EaseMyTrip,6E,6E-412,2026-09-01,T+7,5871,1289,7160,2026-08-25T00:55:37.205Z,FALSE,"",20:00,TRUE
fare_DEL-BOM_6E_2026-09-01_T+7_1787686351389_42y8,DEL-BOM,EaseMyTrip,6E,6E-382,2026-09-01,T+7,5871,1289,7160,2026-08-25T00:55:37.205Z,FALSE,"",20:00,TRUE
fare_DEL-BOM_AI_2026-09-01_T+7_1787686351389_k27g,DEL-BOM,EaseMyTrip,AI,AI-2963,2026-09-01,T+7,6043,1326,7369,2026-08-25T00:55:37.205Z,FALSE,"",09:00,TRUE
fare_DEL-BOM_6E_2026-09-01_T+7_1787686351389_zrgr,DEL-BOM,EaseMyTrip,6E,6E-2076,2026-09-01,T+7,5893,1294,7187,2026-08-25T00:55:37.205Z,FALSE,"",07:30,FALSE
fare_DEL-BOM_6E_2026-09-01_T+7_1787686351389_027s,DEL-BOM,EaseMyTrip,6E,6E-2013,2026-09-01,T+7,5893,1294,7187,2026-08-25T00:55:37.205Z,FALSE,"",21:50,FALSE
fare_DEL-BOM_6E_2026-09-01_T+7_1787686351389_7h06,DEL-BOM,EaseMyTrip,6E,6E-5038,2026-09-01,T+7,6066,1331,7397,2026-08-25T00:55:37.205Z,FALSE,"",14:00,FALSE
fare_DEL-BOM_AI_2026-09-01_T+7_1787686351389_qibk,DEL-BOM,EaseMyTrip,AI,AI-2429,2026-09-01,T+7,6257,1373,7630,2026-08-25T00:55:37.205Z,FALSE,"",07:00,TRUE
fare_DEL-BOM_AI_2026-09-01_T+7_1787686351389_5dct,DEL-BOM,EaseMyTrip,AI,AI-2943,2026-09-01,T+7,6257,1373,7630,2026-08-25T00:55:37.205Z,FALSE,"",07:30,TRUE
fare_DEL-BOM_AI_2026-09-01_T+7_1787686351389_978h,DEL-BOM,EaseMyTrip,AI,AI-2433,2026-09-01,T+7,6257,1373,7630,2026-08-25T00:55:37.205Z,FALSE,"",21:30,TRUE
fare_DEL-BOM_6E_2026-09-01_T+7_1787686351389_t5mb,DEL-BOM,EaseMyTrip,6E,6E-6470,2026-09-01,T+7,6172,1355,7527,2026-08-25T00:55:37.205Z,FALSE,"",06:55,TRUE
fare_DEL-BOM_AI_2026-09-01_T+7_1787686351389_9npx,DEL-BOM,EaseMyTrip,AI,AI-2985,2026-09-01,T+7,6414,1408,7822,2026-08-25T00:55:37.205Z,FALSE,"",19:30,TRUE
fare_DEL-BOM_6E_2026-09-01_T+7_1787686351389_zmb2,DEL-BOM,EaseMyTrip,6E,6E-6983,2026-09-01,T+7,6369,1398,7767,2026-08-25T00:55:37.205Z,FALSE,"",15:35,FALSE
fare_DEL-BOM_AI_2026-09-01_T+7_1787686351389_u0tk,DEL-BOM,EaseMyTrip,AI,AI-2977,2026-09-01,T+7,6624,1454,8078,2026-08-25T00:55:37.205Z,FALSE,"",19:00,TRUE
fare_DEL-BOM_AI_2026-09-01_T+7_1787686351389_ksvs,DEL-BOM,EaseMyTrip,AI,AI-2955,2026-09-01,T+7,6624,1454,8078,2026-08-25T00:55:37.205Z,FALSE,"",18:00,TRUE
fare_DEL-BOM_IX_2026-09-01_T+7_1787686351389_hpay,DEL-BOM,EaseMyTrip,IX,IX-1108,2026-09-01,T+7,6831,1499,8330,2026-08-25T00:55:37.205Z,FALSE,"",05:00,FALSE
fare_DEL-BOM_AI_2026-09-01_T+7_1787686351389_u8bi,DEL-BOM,EaseMyTrip,AI,AI-2957,2026-09-01,T+7,6836,1500,8336,2026-08-25T00:55:37.205Z,FALSE,"",20:30,TRUE
fare_DEL-BOM_6E_2026-09-01_T+7_1787686351389_40v3,DEL-BOM,EaseMyTrip,6E,6E-6171,2026-09-01,T+7,6892,1513,8405,2026-08-25T00:55:37.205Z,FALSE,"",05:40,FALSE
fare_DEL-BOM_6E_2026-09-01_T+7_1787686351389_ef7n,DEL-BOM,EaseMyTrip,6E,6E-2381,2026-09-01,T+7,7172,1574,8746,2026-08-25T00:55:37.205Z,FALSE,"",13:45,FALSE
fare_DEL-BOM_6E_2026-09-01_T+7_1787686351389_pshp,DEL-BOM,EaseMyTrip,6E,6E-599,2026-09-01,T+7,7237,1588,8825,2026-08-25T00:55:37.205Z,FALSE,"",12:15,FALSE
fare_DEL-BOM_6E_2026-09-01_T+7_1787686351389_ad4n,DEL-BOM,EaseMyTrip,6E,6E-630,2026-09-01,T+7,7237,1588,8825,2026-08-25T00:55:37.205Z,FALSE,"",12:15,FALSE
fare_DEL-BOM_IX_2026-09-01_T+7_1787686351389_kbob,DEL-BOM,EaseMyTrip,IX,IX-1003,2026-09-01,T+7,7486,1643,9129,2026-08-25T00:55:37.205Z,FALSE,"",19:10,FALSE
fare_DEL-BOM_IX_2026-09-01_T+7_1787686351389_b3l9,DEL-BOM,EaseMyTrip,IX,IX-1051,2026-09-01,T+7,7486,1643,9129,2026-08-25T00:55:37.205Z,FALSE,"",19:05,FALSE
fare_DEL-BOM_6E_2026-09-01_T+7_1787686351389_6und,DEL-BOM,EaseMyTrip,6E,6E-7642,2026-09-01,T+7,7624,1673,9297,2026-08-25T00:55:37.205Z,FALSE,"",15:45,FALSE
fare_DEL-BOM_6E_2026-09-01_T+7_1787686351389_3gp3,DEL-BOM,EaseMyTrip,6E,6E-7646,2026-09-01,T+7,8303,1823,10126,2026-08-25T00:55:37.205Z,FALSE,"",06:15,FALSE
fare_DEL-BOM_AI_2026-09-01_T+7_1787686351389_2cav,DEL-BOM,EaseMyTrip,AI,AI-2499,2026-09-01,T+7,8646,1898,10544,2026-08-25T00:55:37.205Z,FALSE,"",06:00,FALSE
fare_DEL-BOM_6E_2026-09-01_T+7_1787686351389_6kue,DEL-BOM,EaseMyTrip,6E,6E-2349,2026-09-01,T+7,8512,1868,10380,2026-08-25T00:55:37.205Z,FALSE,"",10:55,FALSE
fare_DEL-BOM_AI_2026-09-01_T+7_1787686351389_ykfm,DEL-BOM,EaseMyTrip,AI,AI-1780,2026-09-01,T+7,8719,1914,10633,2026-08-25T00:55:37.205Z,FALSE,"",16:10,TRUE
fare_DEL-BOM_6E_2026-09-01_T+7_1787686351389_f6bf,DEL-BOM,EaseMyTrip,6E,6E-638,2026-09-01,T+7,8668,1903,10571,2026-08-25T00:55:37.205Z,FALSE,"",19:35,FALSE
fare_DEL-BOM_6E_2026-09-01_T+7_1787686351389_2z3v,DEL-BOM,EaseMyTrip,6E,6E-876,2026-09-01,T+7,8668,1903,10571,2026-08-25T00:55:37.205Z,FALSE,"",19:35,FALSE
fare_DEL-BOM_AI_2026-09-01_T+7_1787686351389_nv4z,DEL-BOM,EaseMyTrip,AI,AI-9920,2026-09-01,T+7,9164,2012,11176,2026-08-25T00:55:37.205Z,FALSE,"",10:50,FALSE
fare_DEL-BOM_AI_2026-09-01_T+7_1787686351389_96yu,DEL-BOM,EaseMyTrip,AI,AI-2509,2026-09-01,T+7,9186,2016,11202,2026-08-25T00:55:37.205Z,FALSE,"",07:00,FALSE
fare_DEL-BOM_AI_2026-09-01_T+7_1787686351389_hv9e,DEL-BOM,EaseMyTrip,AI,AI-2761,2026-09-01,T+7,9210,2022,11232,2026-08-25T00:55:37.205Z,FALSE,"",16:25,FALSE
fare_DEL-BOM_6E_2026-09-01_T+7_1787686351389_z5nh,DEL-BOM,EaseMyTrip,6E,6E-2341,2026-09-01,T+7,9127,2004,11131,2026-08-25T00:55:37.205Z,FALSE,"",14:50,FALSE
fare_DEL-BOM_6E_2026-09-01_T+7_1787686351389_shjt,DEL-BOM,EaseMyTrip,6E,6E-944,2026-09-01,T+7,9127,2004,11131,2026-08-25T00:55:37.205Z,FALSE,"",10:00,FALSE
fare_DEL-BOM_6E_2026-09-01_T+7_1787686351389_3z1k,DEL-BOM,EaseMyTrip,6E,6E-184,2026-09-01,T+7,9324,2047,11371,2026-08-25T00:55:37.205Z,FALSE,"",08:30,FALSE
fare_DEL-BOM_6E_2026-09-01_T+7_1787686351389_4qbn,DEL-BOM,EaseMyTrip,6E,6E-696,2026-09-01,T+7,9324,2047,11371,2026-08-25T00:55:37.205Z,FALSE,"",08:30,FALSE
fare_DEL-BOM_IX_2026-09-01_T+7_1787686351389_m3au,DEL-BOM,EaseMyTrip,IX,IX-1049,2026-09-01,T+7,9888,2171,12059,2026-08-25T00:55:37.205Z,FALSE,"",18:40,FALSE
fare_DEL-BOM_AI_2026-09-01_T+7_1787686351389_gxyx,DEL-BOM,EaseMyTrip,AI,AI-1710,2026-09-01,T+7,9851,2163,12014,2026-08-25T00:55:37.205Z,FALSE,"",18:35,FALSE
fare_DEL-BOM_AI_2026-09-01_T+7_1787686351389_sxii,DEL-BOM,EaseMyTrip,AI,AI-1717,2026-09-01,T+7,9851,2163,12014,2026-08-25T00:55:37.205Z,FALSE,"",14:20,FALSE
fare_DEL-BOM_AI_2026-09-01_T+7_1787686351389_du3w,DEL-BOM,EaseMyTrip,AI,AI-1705,2026-09-01,T+7,10376,2278,12654,2026-08-25T00:55:37.205Z,FALSE,"",06:30,FALSE
fare_DEL-BOM_AI_2026-09-01_T+7_1787686351389_u4nm,DEL-BOM,EaseMyTrip,AI,AI-9757,2026-09-01,T+7,10456,2295,12751,2026-08-25T00:55:37.205Z,FALSE,"",11:50,FALSE
fare_DEL-BOM_6E_2026-09-01_T+7_1787686351389_epaa,DEL-BOM,EaseMyTrip,6E,6E-2249,2026-09-01,T+7,10396,2282,12678,2026-08-25T00:55:37.205Z,FALSE,"",15:00,FALSE
fare_DEL-BOM_AI_2026-09-01_T+7_1787686351389_m692,DEL-BOM,EaseMyTrip,AI,AI-1719,2026-09-01,T+7,10578,2322,12900,2026-08-25T00:55:37.205Z,FALSE,"",11:55,FALSE
fare_DEL-BOM_AI_2026-09-01_T+7_1787686351389_aruo,DEL-BOM,EaseMyTrip,AI,AI-809,2026-09-01,T+7,11273,2475,13748,2026-08-25T00:55:37.205Z,TRUE,"High outlier: ₹13748 > upper fence ₹13133 (Q3: ₹9171, IQR: ₹2641)",17:40,FALSE
fare_DEL-BOM_AI_2026-09-01_T+7_1787686351389_ljtd,DEL-BOM,EaseMyTrip,AI,AI-2939,2026-09-01,T+7,11273,2475,13748,2026-08-25T00:55:37.205Z,TRUE,"High outlier: ₹13748 > upper fence ₹13133 (Q3: ₹9171, IQR: ₹2641)",16:40,FALSE
fare_DEL-BOM_AI_2026-09-01_T+7_1787686351389_r6ab,DEL-BOM,EaseMyTrip,AI,AI-881,2026-09-01,T+7,11273,2475,13748,2026-08-25T00:55:37.205Z,TRUE,"High outlier: ₹13748 > upper fence ₹13133 (Q3: ₹9171, IQR: ₹2641)",13:35,FALSE
fare_DEL-BOM_AI_2026-09-01_T+7_1787686351389_s664,DEL-BOM,EaseMyTrip,AI,AI-2715,2026-09-01,T+7,12197,2677,14874,2026-08-25T00:55:37.205Z,TRUE,"High outlier: ₹14874 > upper fence ₹13133 (Q3: ₹9171, IQR: ₹2641)",11:40,FALSE
fare_DEL-BOM_AI_2026-09-01_T+7_1787686351389_guea,DEL-BOM,EaseMyTrip,AI,AI-1743,2026-09-01,T+7,13065,2868,15933,2026-08-25T00:55:37.205Z,TRUE,"High outlier: ₹15933 > upper fence ₹13133 (Q3: ₹9171, IQR: ₹2641)",06:15,FALSE
fare_DEL-BOM_AI_2026-09-01_T+7_1787686351389_3dc0,DEL-BOM,EaseMyTrip,AI,AI-491,2026-09-01,T+7,13815,3033,16848,2026-08-25T00:55:37.205Z,TRUE,"High outlier: ₹16848 > upper fence ₹13133 (Q3: ₹9171, IQR: ₹2641)",11:15,FALSE
fare_DEL-BOM_AI_2026-09-01_T+7_1787686351389_2u5y,DEL-BOM,EaseMyTrip,AI,AI-1773,2026-09-01,T+7,13815,3033,16848,2026-08-25T00:55:37.205Z,TRUE,"High outlier: ₹16848 > upper fence ₹13133 (Q3: ₹9171, IQR: ₹2641)",10:30,FALSE
fare_DEL-BOM_AI_2026-09-01_T+7_1787686351389_fa6e,DEL-BOM,EaseMyTrip,AI,AI-9584,2026-09-01,T+7,13898,3051,16949,2026-08-25T00:55:37.205Z,TRUE,"High outlier: ₹16949 > upper fence ₹13133 (Q3: ₹9171, IQR: ₹2641)",11:15,FALSE
fare_DEL-BOM_AI_2026-09-01_T+7_1787686351389_n4c0,DEL-BOM,EaseMyTrip,AI,AI-2907,2026-09-01,T+7,13927,3057,16984,2026-08-25T00:55:37.205Z,TRUE,"High outlier: ₹16984 > upper fence ₹13133 (Q3: ₹9171, IQR: ₹2641)",12:00,FALSE
fare_DEL-BOM_IX_2026-09-01_T+7_1787686351389_v2fq,DEL-BOM,EaseMyTrip,IX,IX-1068,2026-09-01,T+7,14426,3167,17593,2026-08-25T00:55:37.205Z,TRUE,"High outlier: ₹17593 > upper fence ₹13133 (Q3: ₹9171, IQR: ₹2641)",11:55,FALSE
fare_DEL-BOM_AI_2026-09-01_T+7_1787686351389_etaw,DEL-BOM,EaseMyTrip,AI,AI-2577,2026-09-01,T+7,14577,3200,17777,2026-08-25T00:55:37.205Z,TRUE,"High outlier: ₹17777 > upper fence ₹13133 (Q3: ₹9171, IQR: ₹2641)",02:00,FALSE
fare_DEL-BOM_AI_2026-09-01_T+7_1787686351389_s6id,DEL-BOM,EaseMyTrip,AI,AI-2859,2026-09-01,T+7,14577,3200,17777,2026-08-25T00:55:37.205Z,TRUE,"High outlier: ₹17777 > upper fence ₹13133 (Q3: ₹9171, IQR: ₹2641)",10:30,FALSE
fare_DEL-BOM_AI_2026-09-01_T+7_1787686351389_04dv,DEL-BOM,EaseMyTrip,AI,AI-2465,2026-09-01,T+7,14880,3266,18146,2026-08-25T00:55:37.205Z,TRUE,"High outlier: ₹18146 > upper fence ₹13133 (Q3: ₹9171, IQR: ₹2641)",14:30,FALSE
fare_DEL-BOM_AI_2026-09-01_T+7_1787686351389_udgx,DEL-BOM,EaseMyTrip,AI,AI-1779,2026-09-01,T+7,16489,3619,20108,2026-08-25T00:55:37.205Z,TRUE,"High outlier: ₹20108 > upper fence ₹13133 (Q3: ₹9171, IQR: ₹2641)",13:45,FALSE
fare_DEL-BOM_AI_2026-09-01_T+7_1787686351389_7mnn,DEL-BOM,EaseMyTrip,AI,AI-1739,2026-09-01,T+7,17408,3821,21229,2026-08-25T00:55:37.205Z,TRUE,"High outlier: ₹21229 > upper fence ₹13133 (Q3: ₹9171, IQR: ₹2641)",11:30,FALSE
fare_DEL-BOM_AI_2026-09-01_T+7_1787686351389_jf4k,DEL-BOM,EaseMyTrip,AI,AI-2525,2026-09-01,T+7,19250,4225,23475,2026-08-25T00:55:37.205Z,TRUE,"High outlier: ₹23475 > upper fence ₹13133 (Q3: ₹9171, IQR: ₹2641)",06:00,FALSE
fare_DEL-BOM_AI_2026-09-01_T+7_1787686351389_609n,DEL-BOM,EaseMyTrip,AI,AI-2483,2026-09-01,T+7,19250,4225,23475,2026-08-25T00:55:37.205Z,TRUE,"High outlier: ₹23475 > upper fence ₹13133 (Q3: ₹9171, IQR: ₹2641)",12:20,FALSE
fare_DEL-BOM_AI_2026-09-01_T+7_1787686351389_g04z,DEL-BOM,EaseMyTrip,AI,AI-2627,2026-09-01,T+7,19944,4378,24322,2026-08-25T00:55:37.205Z,TRUE,"High outlier: ₹24322 > upper fence ₹13133 (Q3: ₹9171, IQR: ₹2641)",10:45,FALSE