id,route_id,source,carrier,flight_number,flight_date,booking_window,base_fare,taxes,total_fare,scraped_at,is_outlier,outlier_reason,departure_time,is_nonstop
fare_BOM-DEL_IX_2026-08-26_T+1_1787620649578_erru,BOM-DEL,EaseMyTrip,IX,IX-1389,2026-08-26,T+1,5380,1181,6561,2026-08-25T00:56:01.707Z,FALSE,"",22:20,TRUE
fare_BOM-DEL_IX_2026-08-26_T+1_1787620649578_si25,BOM-DEL,EaseMyTrip,IX,IX-1050,2026-08-26,T+1,5380,1181,6561,2026-08-25T00:56:01.707Z,FALSE,"",14:45,TRUE
fare_BOM-DEL_6E_2026-08-26_T+1_1787620649578_ibig,BOM-DEL,EaseMyTrip,6E,6E-5095,2026-08-26,T+1,5187,1138,6325,2026-08-25T00:56:01.707Z,FALSE,"",09:20,TRUE
fare_BOM-DEL_QP_2026-08-26_T+1_1787620649578_yere,BOM-DEL,EaseMyTrip,QP,QP-1834,2026-08-26,T+1,5381,1181,6562,2026-08-25T00:56:01.707Z,FALSE,"",10:00,TRUE
fare_BOM-DEL_QP_2026-08-26_T+1_1787620649578_1stj,BOM-DEL,EaseMyTrip,QP,QP-1819,2026-08-26,T+1,5381,1181,6562,2026-08-25T00:56:01.707Z,FALSE,"",14:30,TRUE
fare_BOM-DEL_QP_2026-08-26_T+1_1787620649578_ulpk,BOM-DEL,EaseMyTrip,QP,QP-1825,2026-08-26,T+1,5381,1181,6562,2026-08-25T00:56:01.707Z,FALSE,"",16:50,TRUE
fare_BOM-DEL_QP_2026-08-26_T+1_1787620649578_u1y3,BOM-DEL,EaseMyTrip,QP,QP-1111,2026-08-26,T+1,5381,1181,6562,2026-08-25T00:56:01.707Z,FALSE,"",05:25,TRUE
fare_BOM-DEL_QP_2026-08-26_T+1_1787620649578_ofy7,BOM-DEL,EaseMyTrip,QP,QP-1127,2026-08-26,T+1,5381,1181,6562,2026-08-25T00:56:01.707Z,FALSE,"",12:55,TRUE
fare_BOM-DEL_QP_2026-08-26_T+1_1787620649578_d1m0,BOM-DEL,EaseMyTrip,QP,QP-1835,2026-08-26,T+1,5381,1181,6562,2026-08-25T00:56:01.707Z,FALSE,"",11:50,TRUE
fare_BOM-DEL_6E_2026-08-26_T+1_1787620649578_dwdl,BOM-DEL,EaseMyTrip,6E,6E-314,2026-08-26,T+1,5381,1181,6562,2026-08-25T00:56:01.707Z,FALSE,"",05:00,TRUE
fare_BOM-DEL_6E_2026-08-26_T+1_1787620649578_mrf6,BOM-DEL,EaseMyTrip,6E,6E-385,2026-08-26,T+1,5381,1181,6562,2026-08-25T00:56:01.707Z,FALSE,"",05:00,TRUE
fare_BOM-DEL_6E_2026-08-26_T+1_1787620649578_47yb,BOM-DEL,EaseMyTrip,6E,6E-742,2026-08-26,T+1,5381,1181,6562,2026-08-25T00:56:01.707Z,FALSE,"",17:20,TRUE
fare_BOM-DEL_6E_2026-08-26_T+1_1787620649578_48by,BOM-DEL,EaseMyTrip,6E,6E-833,2026-08-26,T+1,5381,1181,6562,2026-08-25T00:56:01.707Z,FALSE,"",17:20,TRUE
fare_BOM-DEL_6E_2026-08-26_T+1_1787620649578_muli,BOM-DEL,EaseMyTrip,6E,6E-6082,2026-08-26,T+1,5381,1181,6562,2026-08-25T00:56:01.707Z,FALSE,"",16:45,TRUE
fare_BOM-DEL_6E_2026-08-26_T+1_1787620649578_qi38,BOM-DEL,EaseMyTrip,6E,6E-517,2026-08-26,T+1,5381,1181,6562,2026-08-25T00:56:01.707Z,FALSE,"",16:00,TRUE
fare_BOM-DEL_6E_2026-08-26_T+1_1787620649578_bpvt,BOM-DEL,EaseMyTrip,6E,6E-232,2026-08-26,T+1,5381,1181,6562,2026-08-25T00:56:01.707Z,FALSE,"",16:00,TRUE
fare_BOM-DEL_6E_2026-08-26_T+1_1787620649578_dod3,BOM-DEL,EaseMyTrip,6E,6E-983,2026-08-26,T+1,5381,1181,6562,2026-08-25T00:56:01.707Z,FALSE,"",15:00,TRUE
fare_BOM-DEL_6E_2026-08-26_T+1_1787620649578_shzs,BOM-DEL,EaseMyTrip,6E,6E-757,2026-08-26,T+1,5381,1181,6562,2026-08-25T00:56:01.707Z,FALSE,"",15:00,TRUE
fare_BOM-DEL_6E_2026-08-26_T+1_1787620649578_rzhz,BOM-DEL,EaseMyTrip,6E,6E-688,2026-08-26,T+1,5381,1181,6562,2026-08-25T00:56:01.707Z,FALSE,"",13:00,TRUE
fare_BOM-DEL_6E_2026-08-26_T+1_1787620649578_miqu,BOM-DEL,EaseMyTrip,6E,6E-584,2026-08-26,T+1,5381,1181,6562,2026-08-25T00:56:01.707Z,FALSE,"",13:00,TRUE
fare_BOM-DEL_6E_2026-08-26_T+1_1787620649578_ollg,BOM-DEL,EaseMyTrip,6E,6E-6704,2026-08-26,T+1,5381,1181,6562,2026-08-25T00:56:01.707Z,FALSE,"",14:00,TRUE
fare_BOM-DEL_6E_2026-08-26_T+1_1787620649578_moht,BOM-DEL,EaseMyTrip,6E,6E-692,2026-08-26,T+1,5381,1181,6562,2026-08-25T00:56:01.707Z,FALSE,"",06:00,TRUE
fare_BOM-DEL_6E_2026-08-26_T+1_1787620649578_30e1,BOM-DEL,EaseMyTrip,6E,6E-607,2026-08-26,T+1,5381,1181,6562,2026-08-25T00:56:01.707Z,FALSE,"",06:00,TRUE
fare_BOM-DEL_6E_2026-08-26_T+1_1787620649578_7tyt,BOM-DEL,EaseMyTrip,6E,6E-6052,2026-08-26,T+1,5381,1181,6562,2026-08-25T00:56:01.707Z,FALSE,"",10:00,TRUE
fare_BOM-DEL_6E_2026-08-26_T+1_1787620649578_dhj5,BOM-DEL,EaseMyTrip,6E,6E-450,2026-08-26,T+1,5381,1181,6562,2026-08-25T00:56:01.707Z,FALSE,"",10:35,TRUE
fare_BOM-DEL_6E_2026-08-26_T+1_1787620649578_kmxv,BOM-DEL,EaseMyTrip,6E,6E-370,2026-08-26,T+1,5381,1181,6562,2026-08-25T00:56:01.707Z,FALSE,"",10:35,TRUE
fare_BOM-DEL_6E_2026-08-26_T+1_1787620649578_xhp4,BOM-DEL,EaseMyTrip,6E,6E-6827,2026-08-26,T+1,5381,1181,6562,2026-08-25T00:56:01.707Z,FALSE,"",11:30,TRUE
fare_BOM-DEL_6E_2026-08-26_T+1_1787620649578_aqlo,BOM-DEL,EaseMyTrip,6E,6E-6028,2026-08-26,T+1,5381,1181,6562,2026-08-25T00:56:01.707Z,FALSE,"",12:15,TRUE
fare_BOM-DEL_QP_2026-08-26_T+1_1787620649578_z8qr,BOM-DEL,EaseMyTrip,QP,QP-1941,2026-08-26,T+1,5423,1191,6614,2026-08-25T00:56:01.707Z,FALSE,"",18:05,TRUE
fare_BOM-DEL_QP_2026-08-26_T+1_1787620649578_qxwl,BOM-DEL,EaseMyTrip,QP,QP-1939,2026-08-26,T+1,5423,1191,6614,2026-08-25T00:56:01.707Z,FALSE,"",10:10,TRUE
fare_BOM-DEL_6E_2026-08-26_T+1_1787620649578_txjw,BOM-DEL,EaseMyTrip,6E,6E-180,2026-08-26,T+1,5510,1210,6720,2026-08-25T00:56:01.707Z,FALSE,"",23:45,TRUE
fare_BOM-DEL_6E_2026-08-26_T+1_1787620649578_tsf1,BOM-DEL,EaseMyTrip,6E,6E-456,2026-08-26,T+1,5510,1210,6720,2026-08-25T00:56:01.707Z,FALSE,"",23:45,TRUE
fare_BOM-DEL_6E_2026-08-26_T+1_1787620649578_mj56,BOM-DEL,EaseMyTrip,6E,6E-892,2026-08-26,T+1,5510,1210,6720,2026-08-25T00:56:01.707Z,FALSE,"",07:00,TRUE
fare_BOM-DEL_6E_2026-08-26_T+1_1787620649578_tcrt,BOM-DEL,EaseMyTrip,6E,6E-365,2026-08-26,T+1,5510,1210,6720,2026-08-25T00:56:01.707Z,FALSE,"",07:00,TRUE
fare_BOM-DEL_IX_2026-08-26_T+1_1787620649578_dnqu,BOM-DEL,EaseMyTrip,IX,IX-2153,2026-08-26,T+1,5769,1266,7035,2026-08-25T00:56:01.707Z,FALSE,"",21:15,TRUE
fare_BOM-DEL_6E_2026-08-26_T+1_1787620649578_wtex,BOM-DEL,EaseMyTrip,6E,6E-2090,2026-08-26,T+1,5552,1219,6771,2026-08-25T00:56:01.707Z,FALSE,"",06:25,TRUE
fare_BOM-DEL_QP_2026-08-26_T+1_1787620649578_onjj,BOM-DEL,EaseMyTrip,QP,QP-2071,2026-08-26,T+1,5560,1221,6781,2026-08-25T00:56:01.707Z,FALSE,"",05:45,TRUE
fare_BOM-DEL_AI_2026-08-26_T+1_1787620649579_90xq,BOM-DEL,EaseMyTrip,AI,AI-2419,2026-08-26,T+1,5766,1266,7032,2026-08-25T00:56:01.707Z,FALSE,"",12:00,TRUE
fare_BOM-DEL_AI_2026-08-26_T+1_1787620649579_8nlt,BOM-DEL,EaseMyTrip,AI,AI-2442,2026-08-26,T+1,5766,1266,7032,2026-08-25T00:56:01.707Z,FALSE,"",15:00,TRUE
fare_BOM-DEL_AI_2026-08-26_T+1_1787620649579_nqqr,BOM-DEL,EaseMyTrip,AI,AI-2614,2026-08-26,T+1,5766,1266,7032,2026-08-25T00:56:01.707Z,FALSE,"",23:30,TRUE
fare_BOM-DEL_AI_2026-08-26_T+1_1787620649579_kbe1,BOM-DEL,EaseMyTrip,AI,AI-2952,2026-08-26,T+1,5766,1266,7032,2026-08-25T00:56:01.707Z,FALSE,"",11:25,TRUE
fare_BOM-DEL_AI_2026-08-26_T+1_1787620649579_pj2v,BOM-DEL,EaseMyTrip,AI,AI-2986,2026-08-26,T+1,5766,1266,7032,2026-08-25T00:56:01.707Z,FALSE,"",22:50,TRUE
fare_BOM-DEL_AI_2026-08-26_T+1_1787620649579_02z8,BOM-DEL,EaseMyTrip,AI,AI-1851,2026-08-26,T+1,5766,1266,7032,2026-08-25T00:56:01.707Z,FALSE,"",15:30,TRUE
fare_BOM-DEL_AI_2026-08-26_T+1_1787620649579_qufj,BOM-DEL,EaseMyTrip,AI,AI-2687,2026-08-26,T+1,5766,1266,7032,2026-08-25T00:56:01.707Z,FALSE,"",16:30,TRUE
fare_BOM-DEL_6E_2026-08-26_T+1_1787620649579_aesa,BOM-DEL,EaseMyTrip,6E,6E-205,2026-08-26,T+1,5683,1247,6930,2026-08-25T00:56:01.707Z,FALSE,"",22:15,TRUE
fare_BOM-DEL_6E_2026-08-26_T+1_1787620649579_7qj6,BOM-DEL,EaseMyTrip,6E,6E-544,2026-08-26,T+1,5683,1247,6930,2026-08-25T00:56:01.707Z,FALSE,"",22:15,TRUE
fare_BOM-DEL_6E_2026-08-26_T+1_1787620649579_addf,BOM-DEL,EaseMyTrip,6E,6E-321,2026-08-26,T+1,5683,1247,6930,2026-08-25T00:56:01.707Z,FALSE,"",09:00,TRUE
fare_BOM-DEL_6E_2026-08-26_T+1_1787620649579_ep94,BOM-DEL,EaseMyTrip,6E,6E-956,2026-08-26,T+1,5683,1247,6930,2026-08-25T00:56:01.707Z,FALSE,"",09:00,TRUE
fare_BOM-DEL_6E_2026-08-26_T+1_1787620649579_9ncz,BOM-DEL,EaseMyTrip,6E,6E-2243,2026-08-26,T+1,5724,1257,6981,2026-08-25T00:56:01.707Z,FALSE,"",14:15,TRUE
fare_BOM-DEL_6E_2026-08-26_T+1_1787620649579_equ7,BOM-DEL,EaseMyTrip,6E,6E-5197,2026-08-26,T+1,5725,1257,6982,2026-08-25T00:56:01.707Z,FALSE,"",06:40,TRUE
fare_BOM-DEL_AI_2026-08-26_T+1_1787620649579_x6gf,BOM-DEL,EaseMyTrip,AI,AI-1882,2026-08-26,T+1,5897,1294,7191,2026-08-25T00:56:01.707Z,FALSE,"",23:55,TRUE
fare_BOM-DEL_6E_2026-08-26_T+1_1787620649579_iprd,BOM-DEL,EaseMyTrip,6E,6E-5147,2026-08-26,T+1,5847,1283,7130,2026-08-25T00:56:01.707Z,FALSE,"",18:35,FALSE
fare_BOM-DEL_6E_2026-08-26_T+1_1787620649579_qs7u,BOM-DEL,EaseMyTrip,6E,6E-6802,2026-08-26,T+1,5847,1283,7130,2026-08-25T00:56:01.707Z,FALSE,"",16:55,FALSE
fare_BOM-DEL_6E_2026-08-26_T+1_1787620649579_j289,BOM-DEL,EaseMyTrip,6E,6E-258,2026-08-26,T+1,5897,1295,7192,2026-08-25T00:56:01.707Z,FALSE,"",20:20,TRUE
fare_BOM-DEL_6E_2026-08-26_T+1_1787620649579_cj6b,BOM-DEL,EaseMyTrip,6E,6E-217,2026-08-26,T+1,5897,1295,7192,2026-08-25T00:56:01.707Z,FALSE,"",20:20,TRUE
fare_BOM-DEL_6E_2026-08-26_T+1_1787620649579_o23p,BOM-DEL,EaseMyTrip,6E,6E-316,2026-08-26,T+1,5897,1295,7192,2026-08-25T00:56:01.707Z,FALSE,"",19:00,TRUE
fare_BOM-DEL_6E_2026-08-26_T+1_1787620649579_yrdx,BOM-DEL,EaseMyTrip,6E,6E-539,2026-08-26,T+1,5897,1295,7192,2026-08-25T00:56:01.707Z,FALSE,"",19:00,TRUE
fare_BOM-DEL_6E_2026-08-26_T+1_1787620649579_cxln,BOM-DEL,EaseMyTrip,6E,6E-6613,2026-08-26,T+1,5897,1295,7192,2026-08-25T00:56:01.707Z,FALSE,"",18:15,TRUE
fare_BOM-DEL_6E_2026-08-26_T+1_1787620649579_3t3p,BOM-DEL,EaseMyTrip,6E,6E-6049,2026-08-26,T+1,5897,1295,7192,2026-08-25T00:56:01.707Z,FALSE,"",19:45,TRUE
fare_BOM-DEL_AI_2026-08-26_T+1_1787620649579_98yd,BOM-DEL,EaseMyTrip,AI,AI-2422,2026-08-26,T+1,6069,1332,7401,2026-08-25T00:56:01.707Z,FALSE,"",22:00,TRUE
fare_BOM-DEL_6E_2026-08-26_T+1_1787620649579_b7io,BOM-DEL,EaseMyTrip,6E,6E-130,2026-08-26,T+1,5940,1304,7244,2026-08-25T00:56:01.707Z,FALSE,"",17:20,TRUE
fare_BOM-DEL_6E_2026-08-26_T+1_1787620649579_q244,BOM-DEL,EaseMyTrip,6E,6E-191,2026-08-26,T+1,5940,1304,7244,2026-08-25T00:56:01.707Z,FALSE,"",17:20,TRUE
fare_BOM-DEL_QP_2026-08-26_T+1_1787620649579_lhl8,BOM-DEL,EaseMyTrip,QP,QP-1109,2026-08-26,T+1,6103,1340,7443,2026-08-25T00:56:01.707Z,FALSE,"",07:00,TRUE
fare_BOM-DEL_AI_2026-08-26_T+1_1787620649579_ntwc,BOM-DEL,EaseMyTrip,AI,AI-2677,2026-08-26,T+1,6283,1379,7662,2026-08-25T00:56:01.707Z,FALSE,"",13:00,TRUE
fare_BOM-DEL_AI_2026-08-26_T+1_1787620649579_fjrt,BOM-DEL,EaseMyTrip,AI,AI-816,2026-08-26,T+1,6283,1379,7662,2026-08-25T00:56:01.707Z,FALSE,"",21:00,TRUE
fare_BOM-DEL_AI_2026-08-26_T+1_1787620649579_v0bo,BOM-DEL,EaseMyTrip,AI,AI-2748,2026-08-26,T+1,6283,1379,7662,2026-08-25T00:56:01.707Z,FALSE,"",21:30,TRUE
fare_BOM-DEL_AI_2026-08-26_T+1_1787620649579_0deo,BOM-DEL,EaseMyTrip,AI,AI-2910,2026-08-26,T+1,6283,1379,7662,2026-08-25T00:56:01.707Z,FALSE,"",17:30,TRUE
fare_BOM-DEL_6E_2026-08-26_T+1_1787620649579_9h7t,BOM-DEL,EaseMyTrip,6E,6E-652,2026-08-26,T+1,6156,1351,7507,2026-08-25T00:56:01.707Z,FALSE,"",21:15,TRUE
fare_BOM-DEL_6E_2026-08-26_T+1_1787620649579_1x3w,BOM-DEL,EaseMyTrip,6E,6E-406,2026-08-26,T+1,6156,1351,7507,2026-08-25T00:56:01.707Z,FALSE,"",21:15,TRUE
fare_BOM-DEL_IX_2026-08-26_T+1_1787620649579_o9rm,BOM-DEL,EaseMyTrip,IX,IX-2952,2026-08-26,T+1,6413,1408,7821,2026-08-25T00:56:01.707Z,FALSE,"",09:05,TRUE
fare_BOM-DEL_6E_2026-08-26_T+1_1787620649579_r3ks,BOM-DEL,EaseMyTrip,6E,6E-867,2026-08-26,T+1,6198,1360,7558,2026-08-25T00:56:01.707Z,FALSE,"",14:40,FALSE
fare_BOM-DEL_6E_2026-08-26_T+1_1787620649579_980v,BOM-DEL,EaseMyTrip,6E,6E-372,2026-08-26,T+1,6198,1360,7558,2026-08-25T00:56:01.707Z,FALSE,"",14:40,FALSE
fare_BOM-DEL_6E_2026-08-26_T+1_1787620649579_czig,BOM-DEL,EaseMyTrip,6E,6E-6195,2026-08-26,T+1,6477,1422,7899,2026-08-25T00:56:01.707Z,FALSE,"",23:00,FALSE
fare_BOM-DEL_6E_2026-08-26_T+1_1787620649579_wdor,BOM-DEL,EaseMyTrip,6E,6E-6361,2026-08-26,T+1,6542,1436,7978,2026-08-25T00:56:01.707Z,FALSE,"",05:00,FALSE
fare_BOM-DEL_SG_2026-08-26_T+1_1787620649579_4kj9,BOM-DEL,EaseMyTrip,SG,SG-389,2026-08-26,T+1,6775,1487,8262,2026-08-25T00:56:01.707Z,FALSE,"",23:55,TRUE
fare_BOM-DEL_SG_2026-08-26_T+1_1787620649579_9729,BOM-DEL,EaseMyTrip,SG,SG-788,2026-08-26,T+1,6775,1487,8262,2026-08-25T00:56:01.707Z,FALSE,"",23:55,TRUE
fare_BOM-DEL_6E_2026-08-26_T+1_1787620649579_clku,BOM-DEL,EaseMyTrip,6E,6E-2138,2026-08-26,T+1,6822,1498,8320,2026-08-25T00:56:01.707Z,FALSE,"",16:20,FALSE
fare_BOM-DEL_6E_2026-08-26_T+1_1787620649579_sgsd,BOM-DEL,EaseMyTrip,6E,6E-5028,2026-08-26,T+1,6872,1509,8381,2026-08-25T00:56:01.707Z,FALSE,"",19:35,FALSE
fare_BOM-DEL_6E_2026-08-26_T+1_1787620649579_2tfl,BOM-DEL,EaseMyTrip,6E,6E-840,2026-08-26,T+1,7060,1550,8610,2026-08-25T00:56:01.707Z,FALSE,"",08:00,TRUE
fare_BOM-DEL_6E_2026-08-26_T+1_1787620649579_dvxh,BOM-DEL,EaseMyTrip,6E,6E-641,2026-08-26,T+1,7060,1550,8610,2026-08-25T00:56:01.707Z,FALSE,"",08:00,TRUE
fare_BOM-DEL_QP_2026-08-26_T+1_1787620649579_j65r,BOM-DEL,EaseMyTrip,QP,QP-1120,2026-08-26,T+1,7061,1550,8611,2026-08-25T00:56:01.707Z,FALSE,"",18:45,TRUE
fare_BOM-DEL_AI_2026-08-26_T+1_1787620649579_h2bk,BOM-DEL,EaseMyTrip,AI,AI-2408,2026-08-26,T+1,7540,1655,9195,2026-08-25T00:56:01.707Z,FALSE,"",19:30,TRUE
fare_BOM-DEL_AI_2026-08-26_T+1_1787620649579_8p6u,BOM-DEL,EaseMyTrip,AI,AI-2988,2026-08-26,T+1,7540,1655,9195,2026-08-25T00:56:01.707Z,FALSE,"",20:30,TRUE
fare_BOM-DEL_SG_2026-08-26_T+1_1787620649579_521a,BOM-DEL,EaseMyTrip,SG,SG-717,2026-08-26,T+1,9293,2040,11333,2026-08-25T00:56:01.707Z,FALSE,"",01:50,TRUE
fare_BOM-DEL_SG_2026-08-26_T+1_1787620649579_l13h,BOM-DEL,EaseMyTrip,SG,SG-737,2026-08-26,T+1,9293,2040,11333,2026-08-25T00:56:01.707Z,FALSE,"",01:50,TRUE
fare_BOM-DEL_6E_2026-08-26_T+1_1787620649579_t44x,BOM-DEL,EaseMyTrip,6E,6E-762,2026-08-26,T+1,7426,1630,9056,2026-08-25T00:56:01.707Z,FALSE,"",19:20,FALSE
fare_BOM-DEL_6E_2026-08-26_T+1_1787620649579_6a2m,BOM-DEL,EaseMyTrip,6E,6E-184,2026-08-26,T+1,7426,1630,9056,2026-08-25T00:56:01.707Z,FALSE,"",19:20,FALSE
fare_BOM-DEL_6E_2026-08-26_T+1_1787620649579_lkom,BOM-DEL,EaseMyTrip,6E,6E-6543,2026-08-26,T+1,7479,1642,9121,2026-08-25T00:56:01.707Z,FALSE,"",07:50,FALSE
fare_BOM-DEL_AI_2026-08-26_T+1_1787620649579_juhk,BOM-DEL,EaseMyTrip,AI,AI-2940,2026-08-26,T+1,7735,1698,9433,2026-08-25T00:56:01.707Z,FALSE,"",20:00,TRUE
fare_BOM-DEL_AI_2026-08-26_T+1_1787620649579_gwjh,BOM-DEL,EaseMyTrip,AI,AI-2426,2026-08-26,T+1,7801,1712,9513,2026-08-25T00:56:01.707Z,FALSE,"",19:00,TRUE
fare_BOM-DEL_AI_2026-08-26_T+1_1787620649579_avj4,BOM-DEL,EaseMyTrip,AI,AI-2440,2026-08-26,T+1,7801,1712,9513,2026-08-25T00:56:01.707Z,FALSE,"",18:00,TRUE
fare_BOM-DEL_6E_2026-08-26_T+1_1787620649579_lnul,BOM-DEL,EaseMyTrip,6E,6E-708,2026-08-26,T+1,7728,1697,9425,2026-08-25T00:56:01.707Z,FALSE,"",17:45,FALSE
fare_BOM-DEL_6E_2026-08-26_T+1_1787620649579_oql6,BOM-DEL,EaseMyTrip,6E,6E-562,2026-08-26,T+1,7728,1697,9425,2026-08-25T00:56:01.707Z,FALSE,"",17:45,FALSE
fare_BOM-DEL_6E_2026-08-26_T+1_1787620649579_oiww,BOM-DEL,EaseMyTrip,6E,6E-5059,2026-08-26,T+1,7861,1726,9587,2026-08-25T00:56:01.707Z,FALSE,"",05:45,FALSE
fare_BOM-DEL_AI_2026-08-26_T+1_1787620649579_uvio,BOM-DEL,EaseMyTrip,AI,AI-1890,2026-08-26,T+1,8090,1776,9866,2026-08-25T00:56:01.707Z,FALSE,"",09:00,TRUE
fare_BOM-DEL_AI_2026-08-26_T+1_1787620649579_td0t,BOM-DEL,EaseMyTrip,AI,AI-2928,2026-08-26,T+1,8090,1776,9866,2026-08-25T00:56:01.707Z,FALSE,"",06:30,TRUE
fare_BOM-DEL_AI_2026-08-26_T+1_1787620649579_e3vn,BOM-DEL,EaseMyTrip,AI,AI-2996,2026-08-26,T+1,8315,1825,10140,2026-08-25T00:56:01.707Z,FALSE,"",18:30,TRUE
fare_BOM-DEL_IX_2026-08-26_T+1_1787620649579_ftd8,BOM-DEL,EaseMyTrip,IX,IX-1237,2026-08-26,T+1,8989,1973,10962,2026-08-25T00:56:01.707Z,FALSE,"",05:55,FALSE
fare_BOM-DEL_AI_2026-08-26_T+1_1787620649579_xn5q,BOM-DEL,EaseMyTrip,AI,AI-2591,2026-08-26,T+1,9348,2052,11400,2026-08-25T00:56:01.707Z,FALSE,"",07:25,TRUE
fare_BOM-DEL_6E_2026-08-26_T+1_1787620649579_kbl4,BOM-DEL,EaseMyTrip,6E,6E-5154,2026-08-26,T+1,9373,2058,11431,2026-08-25T00:56:01.707Z,FALSE,"",15:45,FALSE
fare_BOM-DEL_AI_2026-08-26_T+1_1787620649579_tc41,BOM-DEL,EaseMyTrip,AI,AI-2970,2026-08-26,T+1,9598,2107,11705,2026-08-25T00:56:01.707Z,FALSE,"",08:30,TRUE
fare_BOM-DEL_AI_2026-08-26_T+1_1787620649579_kvts,BOM-DEL,EaseMyTrip,AI,AI-2424,2026-08-26,T+1,9681,2125,11806,2026-08-25T00:56:01.707Z,FALSE,"",07:00,TRUE
fare_BOM-DEL_6E_2026-08-26_T+1_1787620649579_sh6e,BOM-DEL,EaseMyTrip,6E,6E-5131,2026-08-26,T+1,9523,2090,11613,2026-08-25T00:56:01.707Z,FALSE,"",15:50,FALSE
fare_BOM-DEL_AI_2026-08-26_T+1_1787620649579_kghq,BOM-DEL,EaseMyTrip,AI,AI-9518,2026-08-26,T+1,9763,2143,11906,2026-08-25T00:56:01.707Z,FALSE,"",16:15,FALSE
fare_BOM-DEL_6E_2026-08-26_T+1_1787620649579_sgjh,BOM-DEL,EaseMyTrip,6E,6E-6058,2026-08-26,T+1,10321,2265,12586,2026-08-25T00:56:01.707Z,FALSE,"",08:05,FALSE
fare_BOM-DEL_AI_2026-08-26_T+1_1787620649579_zgir,BOM-DEL,EaseMyTrip,AI,AI-2477,2026-08-26,T+1,10530,2312,12842,2026-08-25T00:56:01.707Z,FALSE,"",13:05,FALSE
fare_BOM-DEL_AI_2026-08-26_T+1_1787620649579_sxfb,BOM-DEL,EaseMyTrip,AI,AI-9558,2026-08-26,T+1,10709,2351,13060,2026-08-25T00:56:01.707Z,FALSE,"",08:30,FALSE
fare_BOM-DEL_IX_2026-08-26_T+1_1787620649579_ah7j,BOM-DEL,EaseMyTrip,IX,IX-1238,2026-08-26,T+1,10902,2393,13295,2026-08-25T00:56:01.707Z,FALSE,"",12:25,FALSE
fare_BOM-DEL_AI_2026-08-26_T+1_1787620649579_9nnf,BOM-DEL,EaseMyTrip,AI,AI-2505,2026-08-26,T+1,10879,2388,13267,2026-08-25T00:56:01.707Z,FALSE,"",19:25,FALSE
fare_BOM-DEL_6E_2026-08-26_T+1_1787620649579_u84h,BOM-DEL,EaseMyTrip,6E,6E-5056,2026-08-26,T+1,10788,2368,13156,2026-08-25T00:56:01.707Z,FALSE,"",21:10,FALSE
fare_BOM-DEL_6E_2026-08-26_T+1_1787620649579_bcww,BOM-DEL,EaseMyTrip,6E,6E-5238,2026-08-26,T+1,10881,2389,13270,2026-08-25T00:56:01.707Z,FALSE,"",18:25,FALSE
fare_BOM-DEL_6E_2026-08-26_T+1_1787620649579_ajkb,BOM-DEL,EaseMyTrip,6E,6E-5345,2026-08-26,T+1,11070,2430,13500,2026-08-25T00:56:01.707Z,FALSE,"",14:25,FALSE
fare_BOM-DEL_6E_2026-08-26_T+1_1787620649579_2wzz,BOM-DEL,EaseMyTrip,6E,6E-5273,2026-08-26,T+1,11091,2435,13526,2026-08-25T00:56:01.707Z,FALSE,"",18:35,FALSE
fare_BOM-DEL_AI_2026-08-26_T+1_1787620649579_4lvt,BOM-DEL,EaseMyTrip,AI,AI-2428,2026-08-26,T+1,11334,2488,13822,2026-08-25T00:56:01.707Z,FALSE,"",08:00,TRUE
fare_BOM-DEL_IX_2026-08-26_T+1_1787620649579_6utw,BOM-DEL,EaseMyTrip,IX,IX-1798,2026-08-26,T+1,11453,2514,13967,2026-08-25T00:56:01.707Z,FALSE,"",11:20,FALSE
fare_BOM-DEL_6E_2026-08-26_T+1_1787620649579_gzey,BOM-DEL,EaseMyTrip,6E,6E-6122,2026-08-26,T+1,11379,2498,13877,2026-08-25T00:56:01.707Z,FALSE,"",15:45,FALSE
fare_BOM-DEL_AI_2026-08-26_T+1_1787620649579_z76d,BOM-DEL,EaseMyTrip,AI,AI-9753,2026-08-26,T+1,11644,2556,14200,2026-08-25T00:56:01.707Z,FALSE,"",17:05,FALSE
fare_BOM-DEL_6E_2026-08-26_T+1_1787620649579_3ye0,BOM-DEL,EaseMyTrip,6E,6E-5164,2026-08-26,T+1,11490,2522,14012,2026-08-25T00:56:01.707Z,FALSE,"",20:35,FALSE
fare_BOM-DEL_AI_2026-08-26_T+1_1787620649579_nmhv,BOM-DEL,EaseMyTrip,AI,AI-2823,2026-08-26,T+1,12137,2664,14801,2026-08-25T00:56:01.707Z,FALSE,"",22:45,FALSE
fare_BOM-DEL_6E_2026-08-26_T+1_1787620649579_qbri,BOM-DEL,EaseMyTrip,6E,6E-5135,2026-08-26,T+1,12028,2640,14668,2026-08-25T00:56:01.707Z,FALSE,"",23:20,FALSE
fare_BOM-DEL_6E_2026-08-26_T+1_1787620649579_166t,BOM-DEL,EaseMyTrip,6E,6E-6599,2026-08-26,T+1,12046,2644,14690,2026-08-25T00:56:01.707Z,FALSE,"",16:50,FALSE
fare_BOM-DEL_6E_2026-08-26_T+1_1787620649579_cveu,BOM-DEL,EaseMyTrip,6E,6E-5178,2026-08-26,T+1,12129,2662,14791,2026-08-25T00:56:01.707Z,FALSE,"",11:45,FALSE
fare_BOM-DEL_AI_2026-08-26_T+1_1787620649579_wjdr,BOM-DEL,EaseMyTrip,AI,AI-2672,2026-08-26,T+1,13091,2874,15965,2026-08-25T00:56:01.707Z,FALSE,"",18:00,FALSE
fare_BOM-DEL_AI_2026-08-26_T+1_1787620649579_fnh7,BOM-DEL,EaseMyTrip,AI,AI-2841,2026-08-26,T+1,13192,2896,16088,2026-08-25T00:56:01.707Z,FALSE,"",11:20,FALSE
fare_BOM-DEL_6E_2026-08-26_T+1_1787620649579_j4kn,BOM-DEL,EaseMyTrip,6E,6E-5181,2026-08-26,T+1,13039,2862,15901,2026-08-25T00:56:01.707Z,FALSE,"",10:25,FALSE
fare_BOM-DEL_6E_2026-08-26_T+1_1787620649579_mte8,BOM-DEL,EaseMyTrip,6E,6E-5386,2026-08-26,T+1,13292,2918,16210,2026-08-25T00:56:01.707Z,FALSE,"",15:10,FALSE
fare_BOM-DEL_6E_2026-08-26_T+1_1787620649579_vigk,BOM-DEL,EaseMyTrip,6E,6E-483,2026-08-26,T+1,13340,2928,16268,2026-08-25T00:56:01.707Z,FALSE,"",01:30,FALSE
fare_BOM-DEL_6E_2026-08-26_T+1_1787620649579_23na,BOM-DEL,EaseMyTrip,6E,6E-334,2026-08-26,T+1,13340,2928,16268,2026-08-25T00:56:01.707Z,FALSE,"",01:30,FALSE
fare_BOM-DEL_6E_2026-08-26_T+1_1787620649579_vxef,BOM-DEL,EaseMyTrip,6E,6E-790,2026-08-26,T+1,13361,2933,16294,2026-08-25T00:56:01.707Z,FALSE,"",04:45,FALSE
fare_BOM-DEL_6E_2026-08-26_T+1_1787620649579_mfbw,BOM-DEL,EaseMyTrip,6E,6E-898,2026-08-26,T+1,13361,2933,16294,2026-08-25T00:56:01.707Z,FALSE,"",04:45,FALSE
fare_BOM-DEL_AI_2026-08-26_T+1_1787620649579_1fa4,BOM-DEL,EaseMyTrip,AI,AI-2753,2026-08-26,T+1,13595,2984,16579,2026-08-25T00:56:01.707Z,FALSE,"",13:50,FALSE
fare_BOM-DEL_6E_2026-08-26_T+1_1787620649579_9s20,BOM-DEL,EaseMyTrip,6E,6E-5318,2026-08-26,T+1,13434,2949,16383,2026-08-25T00:56:01.707Z,FALSE,"",10:15,FALSE
fare_BOM-DEL_AI_2026-08-26_T+1_1787620649579_9zo5,BOM-DEL,EaseMyTrip,AI,AI-2741,2026-08-26,T+1,13953,3063,17016,2026-08-25T00:56:01.707Z,FALSE,"",07:40,FALSE
fare_BOM-DEL_IX_2026-08-26_T+1_1787620649579_lzjh,BOM-DEL,EaseMyTrip,IX,IX-2367,2026-08-26,T+1,14256,3129,17385,2026-08-25T00:56:01.707Z,FALSE,"",07:20,FALSE
fare_BOM-DEL_AI_2026-08-26_T+1_1787620649579_mgut,BOM-DEL,EaseMyTrip,AI,AI-2997,2026-08-26,T+1,14242,3126,17368,2026-08-25T00:56:01.707Z,FALSE,"",10:10,FALSE
fare_BOM-DEL_6E_2026-08-26_T+1_1787620649579_uafi,BOM-DEL,EaseMyTrip,6E,6E-131,2026-08-26,T+1,14144,3105,17249,2026-08-25T00:56:01.707Z,FALSE,"",04:00,FALSE
fare_BOM-DEL_6E_2026-08-26_T+1_1787620649579_3gfu,BOM-DEL,EaseMyTrip,6E,6E-716,2026-08-26,T+1,14144,3105,17249,2026-08-25T00:56:01.707Z,FALSE,"",04:00,FALSE
fare_BOM-DEL_IX_2026-08-26_T+1_1787620649579_zr70,BOM-DEL,EaseMyTrip,IX,IX-1283,2026-08-26,T+1,14528,3189,17717,2026-08-25T00:56:01.707Z,FALSE,"",06:05,FALSE
fare_BOM-DEL_AI_2026-08-26_T+1_1787620649579_p4np,BOM-DEL,EaseMyTrip,AI,AI-2531,2026-08-26,T+1,14755,3239,17994,2026-08-25T00:56:01.707Z,FALSE,"",15:05,FALSE
fare_BOM-DEL_6E_2026-08-26_T+1_1787620649579_fo05,BOM-DEL,EaseMyTrip,6E,6E-617,2026-08-26,T+1,14753,3239,17992,2026-08-25T00:56:01.707Z,FALSE,"",12:40,FALSE
fare_BOM-DEL_6E_2026-08-26_T+1_1787620649579_pkff,BOM-DEL,EaseMyTrip,6E,6E-220,2026-08-26,T+1,14753,3239,17992,2026-08-25T00:56:01.707Z,FALSE,"",12:40,FALSE
fare_BOM-DEL_6E_2026-08-26_T+1_1787620649579_7xsw,BOM-DEL,EaseMyTrip,6E,6E-7017,2026-08-26,T+1,14881,3266,18147,2026-08-25T00:56:01.707Z,FALSE,"",21:30,FALSE
fare_BOM-DEL_IX_2026-08-26_T+1_1787620649579_vjkv,BOM-DEL,EaseMyTrip,IX,IX-1640,2026-08-26,T+1,15208,3338,18546,2026-08-25T00:56:01.707Z,FALSE,"",20:55,FALSE
fare_BOM-DEL_6E_2026-08-26_T+1_1787620649579_n214,BOM-DEL,EaseMyTrip,6E,6E-5326,2026-08-26,T+1,15127,3320,18447,2026-08-25T00:56:01.707Z,FALSE,"",19:40,FALSE
fare_BOM-DEL_AI_2026-08-26_T+1_1787620649579_6xhp,BOM-DEL,EaseMyTrip,AI,AI-2625,2026-08-26,T+1,15853,3480,19333,2026-08-25T00:56:01.707Z,FALSE,"",06:00,FALSE
fare_BOM-DEL_AI_2026-08-26_T+1_1787620649579_6zwd,BOM-DEL,EaseMyTrip,AI,AI-2663,2026-08-26,T+1,15954,3502,19456,2026-08-25T00:56:01.707Z,FALSE,"",10:25,FALSE
fare_BOM-DEL_AI_2026-08-26_T+1_1787620649579_mtmt,BOM-DEL,EaseMyTrip,AI,AI-2632,2026-08-26,T+1,16528,3628,20156,2026-08-25T00:56:01.707Z,FALSE,"",12:00,FALSE
fare_BOM-DEL_AI_2026-08-26_T+1_1787620649579_eyxf,BOM-DEL,EaseMyTrip,AI,AI-2593,2026-08-26,T+1,16601,3644,20245,2026-08-25T00:56:01.707Z,FALSE,"",12:30,FALSE
fare_BOM-DEL_AI_2026-08-26_T+1_1787620649579_ye3r,BOM-DEL,EaseMyTrip,AI,AI-2493,2026-08-26,T+1,16645,3654,20299,2026-08-25T00:56:01.707Z,FALSE,"",18:05,FALSE
fare_BOM-DEL_IX_2026-08-26_T+1_1787620649579_wxhr,BOM-DEL,EaseMyTrip,IX,IX-2915,2026-08-26,T+1,16780,3684,20464,2026-08-25T00:56:01.707Z,FALSE,"",11:50,FALSE
fare_BOM-DEL_AI_2026-08-26_T+1_1787620649579_vg1z,BOM-DEL,EaseMyTrip,AI,AI-2579,2026-08-26,T+1,16841,3697,20538,2026-08-25T00:56:01.707Z,FALSE,"",10:35,FALSE
fare_BOM-DEL_6E_2026-08-26_T+1_1787620649579_89f1,BOM-DEL,EaseMyTrip,6E,6E-5107,2026-08-26,T+1,16916,3713,20629,2026-08-25T00:56:01.707Z,FALSE,"",20:00,FALSE
fare_BOM-DEL_6E_2026-08-26_T+1_1787620649579_zg04,BOM-DEL,EaseMyTrip,6E,6E-2024,2026-08-26,T+1,16949,3721,20670,2026-08-25T00:56:01.707Z,FALSE,"",09:15,FALSE
fare_BOM-DEL_6E_2026-08-26_T+1_1787620649579_kj7s,BOM-DEL,EaseMyTrip,6E,6E-5281,2026-08-26,T+1,17065,3746,20811,2026-08-25T00:56:01.707Z,FALSE,"",08:40,FALSE
fare_BOM-DEL_AI_2026-08-26_T+1_1787620649579_a4vy,BOM-DEL,EaseMyTrip,AI,AI-2749,2026-08-26,T+1,18418,4043,22461,2026-08-25T00:56:01.707Z,FALSE,"",17:35,FALSE
fare_BOM-DEL_6E_2026-08-26_T+1_1787620649579_ucar,BOM-DEL,EaseMyTrip,6E,6E-5246,2026-08-26,T+1,18338,4026,22364,2026-08-25T00:56:01.707Z,FALSE,"",07:15,FALSE
fare_BOM-DEL_6E_2026-08-26_T+1_1787620649579_yfle,BOM-DEL,EaseMyTrip,6E,6E-5144,2026-08-26,T+1,19007,4172,23179,2026-08-25T00:56:01.707Z,FALSE,"",05:55,FALSE
fare_BOM-DEL_6E_2026-08-26_T+1_1787620649579_e0zc,BOM-DEL,EaseMyTrip,6E,6E-6027,2026-08-26,T+1,19489,4278,23767,2026-08-25T00:56:01.707Z,FALSE,"",17:35,FALSE
fare_BOM-DEL_AI_2026-08-26_T+1_1787620649579_kx7u,BOM-DEL,EaseMyTrip,AI,AI-9891,2026-08-26,T+1,20458,4491,24949,2026-08-25T00:56:01.707Z,FALSE,"",11:20,FALSE
fare_BOM-DEL_6E_2026-08-26_T+1_1787620649579_25st,BOM-DEL,EaseMyTrip,6E,6E-2237,2026-08-26,T+1,21322,4681,26003,2026-08-25T00:56:01.707Z,FALSE,"",18:40,FALSE
fare_BOM-DEL_6E_2026-08-26_T+1_1787620649579_8nhn,BOM-DEL,EaseMyTrip,6E,6E-5201,2026-08-26,T+1,23520,5163,28683,2026-08-25T00:56:01.707Z,FALSE,"",14:55,FALSE
fare_BOM-DEL_AI_2026-08-26_T+1_1787620649579_0qpw,BOM-DEL,EaseMyTrip,AI,AI-9533,2026-08-26,T+1,24570,5393,29963,2026-08-25T00:56:01.707Z,TRUE,"High outlier: ₹29963 > upper fence ₹29320 (Q3: ₹15917, IQR: ₹8935)",16:30,FALSE
fare_BOM-DEL_AI_2026-08-26_T+1_1787620649579_3nzp,BOM-DEL,EaseMyTrip,AI,AI-2718,2026-08-26,T+1,25703,5642,31345,2026-08-25T00:56:01.707Z,TRUE,"High outlier: ₹31345 > upper fence ₹29320 (Q3: ₹15917, IQR: ₹8935)",05:55,FALSE
fare_BOM-DEL_AI_2026-08-26_T+1_1787620649579_qirh,BOM-DEL,EaseMyTrip,AI,AI-645,2026-08-26,T+1,27990,6144,34134,2026-08-25T00:56:01.707Z,TRUE,"High outlier: ₹34134 > upper fence ₹29320 (Q3: ₹15917, IQR: ₹8935)",10:55,FALSE
fare_DEL-BOM_SG_2026-09-09_T+15_1787620649580_2jh6,DEL-BOM,EaseMyTrip,SG,SG-9091,2026-09-09,T+15,5099,1119,6218,2026-08-25T00:55:43.237Z,FALSE,"",05:30,TRUE
fare_DEL-BOM_SG_2026-09-09_T+15_1787620649580_9mv1,DEL-BOM,EaseMyTrip,SG,SG-955,2026-09-09,T+15,5186,1138,6324,2026-08-25T00:55:43.237Z,FALSE,"",18:35,TRUE
fare_DEL-BOM_SG_2026-09-09_T+15_1787620649580_02vn,DEL-BOM,EaseMyTrip,SG,SG-792,2026-09-09,T+15,5186,1138,6324,2026-08-25T00:55:43.237Z,FALSE,"",18:35,TRUE
fare_DEL-BOM_SG_2026-09-09_T+15_1787620649580_2rzj,DEL-BOM,EaseMyTrip,SG,SG-663,2026-09-09,T+15,5186,1138,6324,2026-08-25T00:55:43.237Z,FALSE,"",20:10,TRUE
fare_DEL-BOM_SG_2026-09-09_T+15_1787620649580_km8a,DEL-BOM,EaseMyTrip,SG,SG-711,2026-09-09,T+15,5186,1138,6324,2026-08-25T00:55:43.237Z,FALSE,"",20:10,TRUE
fare_DEL-BOM_SG_2026-09-09_T+15_1787620649580_i5d3,DEL-BOM,EaseMyTrip,SG,SG-549,2026-09-09,T+15,5186,1138,6324,2026-08-25T00:55:43.237Z,FALSE,"",21:00,TRUE
fare_DEL-BOM_SG_2026-09-09_T+15_1787620649580_4bsn,DEL-BOM,EaseMyTrip,SG,SG-936,2026-09-09,T+15,5186,1138,6324,2026-08-25T00:55:43.237Z,FALSE,"",21:00,TRUE
fare_DEL-BOM_SG_2026-09-09_T+15_1787620649580_surw,DEL-BOM,EaseMyTrip,SG,SG-166,2026-09-09,T+15,5186,1138,6324,2026-08-25T00:55:43.237Z,FALSE,"",22:30,TRUE
fare_DEL-BOM_SG_2026-09-09_T+15_1787620649580_vaj0,DEL-BOM,EaseMyTrip,SG,SG-744,2026-09-09,T+15,5186,1138,6324,2026-08-25T00:55:43.237Z,FALSE,"",22:30,TRUE
fare_DEL-BOM_6E_2026-09-09_T+15_1787620649580_qmm5,DEL-BOM,EaseMyTrip,6E,6E-5073,2026-09-09,T+15,5067,1112,6179,2026-08-25T00:55:43.237Z,FALSE,"",17:05,FALSE
fare_DEL-BOM_6E_2026-09-09_T+15_1787620649580_uaas,DEL-BOM,EaseMyTrip,6E,6E-2076,2026-09-09,T+15,5067,1112,6179,2026-08-25T00:55:43.237Z,FALSE,"",07:30,FALSE
fare_DEL-BOM_6E_2026-09-09_T+15_1787620649580_gbnm,DEL-BOM,EaseMyTrip,6E,6E-5119,2026-09-09,T+15,5067,1112,6179,2026-08-25T00:55:43.237Z,FALSE,"",05:10,FALSE
fare_DEL-BOM_6E_2026-09-09_T+15_1787620649580_o2re,DEL-BOM,EaseMyTrip,6E,6E-6171,2026-09-09,T+15,5067,1112,6179,2026-08-25T00:55:43.237Z,FALSE,"",05:40,FALSE
fare_DEL-BOM_6E_2026-09-09_T+15_1787620649580_kfdn,DEL-BOM,EaseMyTrip,6E,6E-6983,2026-09-09,T+15,5067,1112,6179,2026-08-25T00:55:43.237Z,FALSE,"",15:35,FALSE
fare_DEL-BOM_6E_2026-09-09_T+15_1787620649580_zqzh,DEL-BOM,EaseMyTrip,6E,6E-6261,2026-09-09,T+15,5067,1112,6179,2026-08-25T00:55:43.237Z,FALSE,"",00:15,FALSE
fare_DEL-BOM_6E_2026-09-09_T+15_1787620649580_8l6y,DEL-BOM,EaseMyTrip,6E,6E-2341,2026-09-09,T+15,5067,1112,6179,2026-08-25T00:55:43.237Z,FALSE,"",14:50,FALSE
fare_DEL-BOM_IX_2026-09-09_T+15_1787620649580_szku,DEL-BOM,EaseMyTrip,IX,IX-1056,2026-09-09,T+15,5354,1175,6529,2026-08-25T00:55:43.237Z,FALSE,"",05:45,TRUE
fare_DEL-BOM_IX_2026-09-09_T+15_1787620649580_yr7r,DEL-BOM,EaseMyTrip,IX,IX-1235,2026-09-09,T+15,5354,1175,6529,2026-08-25T00:55:43.237Z,FALSE,"",23:25,TRUE
fare_DEL-BOM_6E_2026-09-09_T+15_1787620649580_mjg2,DEL-BOM,EaseMyTrip,6E,6E-2249,2026-09-09,T+15,5174,1136,6310,2026-08-25T00:55:43.237Z,FALSE,"",15:00,FALSE
fare_DEL-BOM_6E_2026-09-09_T+15_1787620649580_90h5,DEL-BOM,EaseMyTrip,6E,6E-2169,2026-09-09,T+15,5174,1136,6310,2026-08-25T00:55:43.237Z,FALSE,"",19:40,FALSE
fare_DEL-BOM_6E_2026-09-09_T+15_1787620649580_jqev,DEL-BOM,EaseMyTrip,6E,6E-6829,2026-09-09,T+15,5174,1136,6310,2026-08-25T00:55:43.237Z,FALSE,"",17:20,FALSE
fare_DEL-BOM_6E_2026-09-09_T+15_1787620649580_xi5z,DEL-BOM,EaseMyTrip,6E,6E-6443,2026-09-09,T+15,5174,1136,6310,2026-08-25T00:55:43.237Z,FALSE,"",09:00,FALSE
fare_DEL-BOM_6E_2026-09-09_T+15_1787620649580_whi1,DEL-BOM,EaseMyTrip,6E,6E-6433,2026-09-09,T+15,5174,1136,6310,2026-08-25T00:55:43.237Z,FALSE,"",16:30,FALSE
fare_DEL-BOM_6E_2026-09-09_T+15_1787620649580_t1no,DEL-BOM,EaseMyTrip,6E,6E-6490,2026-09-09,T+15,5174,1136,6310,2026-08-25T00:55:43.237Z,FALSE,"",04:55,FALSE
fare_DEL-BOM_6E_2026-09-09_T+15_1787620649580_y0en,DEL-BOM,EaseMyTrip,6E,6E-2345,2026-09-09,T+15,5174,1136,6310,2026-08-25T00:55:43.237Z,FALSE,"",05:55,FALSE
fare_DEL-BOM_6E_2026-09-09_T+15_1787620649580_8ecv,DEL-BOM,EaseMyTrip,6E,6E-6488,2026-09-09,T+15,5174,1136,6310,2026-08-25T00:55:43.237Z,FALSE,"",11:20,FALSE
fare_DEL-BOM_6E_2026-09-09_T+15_1787620649580_tb5t,DEL-BOM,EaseMyTrip,6E,6E-6479,2026-09-09,T+15,5239,1150,6389,2026-08-25T00:55:43.237Z,FALSE,"",21:25,FALSE
fare_DEL-BOM_6E_2026-09-09_T+15_1787620649580_0om5,DEL-BOM,EaseMyTrip,6E,6E-5298,2026-09-09,T+15,5239,1150,6389,2026-08-25T00:55:43.237Z,FALSE,"",09:00,FALSE
fare_DEL-BOM_6E_2026-09-09_T+15_1787620649580_otzc,DEL-BOM,EaseMyTrip,6E,6E-5038,2026-09-09,T+15,5239,1150,6389,2026-08-25T00:55:43.237Z,FALSE,"",14:00,FALSE
fare_DEL-BOM_6E_2026-09-09_T+15_1787620649580_zyoq,DEL-BOM,EaseMyTrip,6E,6E-6050,2026-09-09,T+15,5239,1150,6389,2026-08-25T00:55:43.237Z,FALSE,"",08:15,FALSE
fare_DEL-BOM_6E_2026-09-09_T+15_1787620649580_554z,DEL-BOM,EaseMyTrip,6E,6E-5096,2026-09-09,T+15,5282,1160,6442,2026-08-25T00:55:43.237Z,FALSE,"",17:00,TRUE
fare_DEL-BOM_6E_2026-09-09_T+15_1787620649580_fk68,DEL-BOM,EaseMyTrip,6E,6E-6212,2026-09-09,T+15,5346,1174,6520,2026-08-25T00:55:43.237Z,FALSE,"",14:45,FALSE
fare_DEL-BOM_6E_2026-09-09_T+15_1787620649580_nhjn,DEL-BOM,EaseMyTrip,6E,6E-6282,2026-09-09,T+15,5346,1174,6520,2026-08-25T00:55:43.237Z,FALSE,"",13:30,FALSE
fare_DEL-BOM_6E_2026-09-09_T+15_1787620649580_bzjw,DEL-BOM,EaseMyTrip,6E,6E-131,2026-09-09,T+15,5346,1174,6520,2026-08-25T00:55:43.237Z,FALSE,"",08:30,FALSE
fare_DEL-BOM_6E_2026-09-09_T+15_1787620649580_j41h,DEL-BOM,EaseMyTrip,6E,6E-414,2026-09-09,T+15,5346,1174,6520,2026-08-25T00:55:43.237Z,FALSE,"",08:30,FALSE
fare_DEL-BOM_6E_2026-09-09_T+15_1787620649580_sgcz,DEL-BOM,EaseMyTrip,6E,6E-639,2026-09-09,T+15,5346,1174,6520,2026-08-25T00:55:43.237Z,FALSE,"",23:15,FALSE
fare_DEL-BOM_6E_2026-09-09_T+15_1787620649580_oeow,DEL-BOM,EaseMyTrip,6E,6E-728,2026-09-09,T+15,5346,1174,6520,2026-08-25T00:55:43.237Z,FALSE,"",23:15,FALSE
fare_DEL-BOM_6E_2026-09-09_T+15_1787620649580_fnsz,DEL-BOM,EaseMyTrip,6E,6E-6497,2026-09-09,T+15,5346,1174,6520,2026-08-25T00:55:43.237Z,FALSE,"",18:45,FALSE
fare_DEL-BOM_6E_2026-09-09_T+15_1787620649580_fkhx,DEL-BOM,EaseMyTrip,6E,6E-6293,2026-09-09,T+15,5346,1174,6520,2026-08-25T00:55:43.237Z,FALSE,"",09:55,FALSE
fare_DEL-BOM_6E_2026-09-09_T+15_1787620649580_g4je,DEL-BOM,EaseMyTrip,6E,6E-6470,2026-09-09,T+15,5354,1175,6529,2026-08-25T00:55:43.237Z,FALSE,"",06:55,TRUE
fare_DEL-BOM_6E_2026-09-09_T+15_1787620649580_8mx6,DEL-BOM,EaseMyTrip,6E,6E-2721,2026-09-09,T+15,5354,1175,6529,2026-08-25T00:55:43.237Z,FALSE,"",09:55,TRUE
fare_DEL-BOM_QP_2026-09-09_T+15_1787620649580_l5tp,DEL-BOM,EaseMyTrip,QP,QP-1833,2026-09-09,T+15,5355,1175,6530,2026-08-25T00:55:43.237Z,FALSE,"",06:50,TRUE
fare_DEL-BOM_QP_2026-09-09_T+15_1787620649580_b3yv,DEL-BOM,EaseMyTrip,QP,QP-1112,2026-09-09,T+15,5355,1175,6530,2026-08-25T00:55:43.237Z,FALSE,"",09:20,TRUE
fare_DEL-BOM_QP_2026-09-09_T+15_1787620649580_n02h,DEL-BOM,EaseMyTrip,QP,QP-1836,2026-09-09,T+15,5355,1175,6530,2026-08-25T00:55:43.237Z,FALSE,"",12:30,TRUE
fare_DEL-BOM_QP_2026-09-09_T+15_1787620649580_v8zh,DEL-BOM,EaseMyTrip,QP,QP-1128,2026-09-09,T+15,5355,1175,6530,2026-08-25T00:55:43.237Z,FALSE,"",16:00,TRUE
fare_DEL-BOM_QP_2026-09-09_T+15_1787620649580_bfdn,DEL-BOM,EaseMyTrip,QP,QP-1820,2026-09-09,T+15,5355,1175,6530,2026-08-25T00:55:43.237Z,FALSE,"",17:30,TRUE
fare_DEL-BOM_QP_2026-09-09_T+15_1787620649580_si00,DEL-BOM,EaseMyTrip,QP,QP-1119,2026-09-09,T+15,5355,1175,6530,2026-08-25T00:55:43.237Z,FALSE,"",08:40,TRUE
fare_DEL-BOM_QP_2026-09-09_T+15_1787620649580_sjbx,DEL-BOM,EaseMyTrip,QP,QP-1110,2026-09-09,T+15,5355,1175,6530,2026-08-25T00:55:43.237Z,FALSE,"",10:30,TRUE
fare_DEL-BOM_6E_2026-09-09_T+15_1787620649580_yten,DEL-BOM,EaseMyTrip,6E,6E-6706,2026-09-09,T+15,5355,1175,6530,2026-08-25T00:55:43.237Z,FALSE,"",17:00,TRUE
fare_DEL-BOM_6E_2026-09-09_T+15_1787620649580_seri,DEL-BOM,EaseMyTrip,6E,6E-560,2026-09-09,T+15,5355,1175,6530,2026-08-25T00:55:43.237Z,FALSE,"",16:15,TRUE
fare_DEL-BOM_6E_2026-09-09_T+15_1787620649580_p6o7,DEL-BOM,EaseMyTrip,6E,6E-288,2026-09-09,T+15,5355,1175,6530,2026-08-25T00:55:43.237Z,FALSE,"",16:15,TRUE
fare_DEL-BOM_6E_2026-09-09_T+15_1787620649580_ya0e,DEL-BOM,EaseMyTrip,6E,6E-515,2026-09-09,T+15,5355,1175,6530,2026-08-25T00:55:43.237Z,FALSE,"",15:30,TRUE
fare_DEL-BOM_6E_2026-09-09_T+15_1787620649580_xzb4,DEL-BOM,EaseMyTrip,6E,6E-829,2026-09-09,T+15,5355,1175,6530,2026-08-25T00:55:43.237Z,FALSE,"",15:30,TRUE
fare_DEL-BOM_6E_2026-09-09_T+15_1787620649580_tjv9,DEL-BOM,EaseMyTrip,6E,6E-6022,2026-09-09,T+15,5355,1175,6530,2026-08-25T00:55:43.237Z,FALSE,"",14:00,TRUE
fare_DEL-BOM_6E_2026-09-09_T+15_1787620649580_v65l,DEL-BOM,EaseMyTrip,6E,6E-6318,2026-09-09,T+15,5355,1175,6530,2026-08-25T00:55:43.237Z,FALSE,"",14:45,TRUE
fare_DEL-BOM_6E_2026-09-09_T+15_1787620649580_xibk,DEL-BOM,EaseMyTrip,6E,6E-6328,2026-09-09,T+15,5355,1175,6530,2026-08-25T00:55:43.237Z,FALSE,"",10:15,TRUE
fare_DEL-BOM_6E_2026-09-09_T+15_1787620649580_trtx,DEL-BOM,EaseMyTrip,6E,6E-6047,2026-09-09,T+15,5355,1175,6530,2026-08-25T00:55:43.237Z,FALSE,"",11:00,TRUE
fare_DEL-BOM_6E_2026-09-09_T+15_1787620649580_hrg1,DEL-BOM,EaseMyTrip,6E,6E-6676,2026-09-09,T+15,5355,1175,6530,2026-08-25T00:55:43.237Z,FALSE,"",12:00,TRUE
fare_DEL-BOM_6E_2026-09-09_T+15_1787620649580_ym8i,DEL-BOM,EaseMyTrip,6E,6E-624,2026-09-09,T+15,5355,1175,6530,2026-08-25T00:55:43.237Z,FALSE,"",13:00,TRUE
fare_DEL-BOM_6E_2026-09-09_T+15_1787620649580_r6co,DEL-BOM,EaseMyTrip,6E,6E-379,2026-09-09,T+15,5355,1175,6530,2026-08-25T00:55:43.237Z,FALSE,"",13:00,TRUE
fare_DEL-BOM_6E_2026-09-09_T+15_1787620649580_3j00,DEL-BOM,EaseMyTrip,6E,6E-6107,2026-09-09,T+15,5355,1175,6530,2026-08-25T00:55:43.237Z,FALSE,"",09:30,TRUE
fare_DEL-BOM_QP_2026-09-09_T+15_1787620649580_be6x,DEL-BOM,EaseMyTrip,QP,QP-2074,2026-09-09,T+15,5416,1189,6605,2026-08-25T00:55:43.237Z,FALSE,"",09:20,TRUE
fare_DEL-BOM_QP_2026-09-09_T+15_1787620649580_x2lb,DEL-BOM,EaseMyTrip,QP,QP-1940,2026-09-09,T+15,5427,1191,6618,2026-08-25T00:55:43.237Z,FALSE,"",14:00,TRUE
fare_DEL-BOM_6E_2026-09-09_T+15_1787620649580_1cwy,DEL-BOM,EaseMyTrip,6E,6E-5198,2026-09-09,T+15,5427,1191,6618,2026-08-25T00:55:43.237Z,FALSE,"",15:00,TRUE
fare_DEL-BOM_6E_2026-09-09_T+15_1787620649580_qv1e,DEL-BOM,EaseMyTrip,6E,6E-6190,2026-09-09,T+15,5442,1194,6636,2026-08-25T00:55:43.237Z,FALSE,"",07:40,FALSE
fare_DEL-BOM_6E_2026-09-09_T+15_1787620649580_mat3,DEL-BOM,EaseMyTrip,6E,6E-736,2026-09-09,T+15,5460,1199,6659,2026-08-25T00:55:43.237Z,FALSE,"",19:35,FALSE
fare_DEL-BOM_6E_2026-09-09_T+15_1787620649580_nhax,DEL-BOM,EaseMyTrip,6E,6E-744,2026-09-09,T+15,5460,1199,6659,2026-08-25T00:55:43.237Z,FALSE,"",19:35,FALSE
fare_DEL-BOM_6E_2026-09-09_T+15_1787620649580_lzdg,DEL-BOM,EaseMyTrip,6E,6E-688,2026-09-09,T+15,5484,1204,6688,2026-08-25T00:55:43.237Z,FALSE,"",05:00,TRUE
fare_DEL-BOM_6E_2026-09-09_T+15_1787620649580_y5ug,DEL-BOM,EaseMyTrip,6E,6E-462,2026-09-09,T+15,5484,1204,6688,2026-08-25T00:55:43.237Z,FALSE,"",05:00,TRUE
fare_DEL-BOM_6E_2026-09-09_T+15_1787620649580_ueje,DEL-BOM,EaseMyTrip,6E,6E-355,2026-09-09,T+15,5484,1204,6688,2026-08-25T00:55:43.237Z,FALSE,"",23:30,TRUE
fare_DEL-BOM_6E_2026-09-09_T+15_1787620649580_tur4,DEL-BOM,EaseMyTrip,6E,6E-699,2026-09-09,T+15,5484,1204,6688,2026-08-25T00:55:43.237Z,FALSE,"",23:30,TRUE
fare_DEL-BOM_6E_2026-09-09_T+15_1787620649580_bvax,DEL-BOM,EaseMyTrip,6E,6E-6114,2026-09-09,T+15,5484,1204,6688,2026-08-25T00:55:43.237Z,FALSE,"",22:45,TRUE
fare_DEL-BOM_6E_2026-09-09_T+15_1787620649580_fesf,DEL-BOM,EaseMyTrip,6E,6E-6218,2026-09-09,T+15,5484,1204,6688,2026-08-25T00:55:43.237Z,FALSE,"",06:05,TRUE
fare_DEL-BOM_6E_2026-09-09_T+15_1787620649580_4vhq,DEL-BOM,EaseMyTrip,6E,6E-347,2026-09-09,T+15,5484,1204,6688,2026-08-25T00:55:43.237Z,FALSE,"",08:45,TRUE
fare_DEL-BOM_6E_2026-09-09_T+15_1787620649580_lrnr,DEL-BOM,EaseMyTrip,6E,6E-658,2026-09-09,T+15,5484,1204,6688,2026-08-25T00:55:43.237Z,FALSE,"",08:45,TRUE
fare_DEL-BOM_6E_2026-09-09_T+15_1787620649580_mvny,DEL-BOM,EaseMyTrip,6E,6E-5138,2026-09-09,T+15,5569,1222,6791,2026-08-25T00:55:43.237Z,FALSE,"",19:10,FALSE
fare_DEL-BOM_AI_2026-09-09_T+15_1787620649580_692b,DEL-BOM,EaseMyTrip,AI,AI-2963,2026-09-09,T+15,5740,1260,7000,2026-08-25T00:55:43.237Z,FALSE,"",09:00,TRUE
fare_DEL-BOM_AI_2026-09-09_T+15_1787620649580_0pjj,DEL-BOM,EaseMyTrip,AI,AI-865,2026-09-09,T+15,5740,1260,7000,2026-08-25T00:55:43.237Z,FALSE,"",09:00,TRUE
fare_DEL-BOM_AI_2026-09-09_T+15_1787620649580_9wqo,DEL-BOM,EaseMyTrip,AI,AI-2425,2026-09-09,T+15,5740,1260,7000,2026-08-25T00:55:43.237Z,FALSE,"",10:30,TRUE
fare_DEL-BOM_AI_2026-09-09_T+15_1787620649580_r1xe,DEL-BOM,EaseMyTrip,AI,AI-2951,2026-09-09,T+15,5740,1260,7000,2026-08-25T00:55:43.237Z,FALSE,"",13:30,TRUE
fare_DEL-BOM_AI_2026-09-09_T+15_1787620649580_nxv3,DEL-BOM,EaseMyTrip,AI,AI-2941,2026-09-09,T+15,5740,1260,7000,2026-08-25T00:55:43.237Z,FALSE,"",16:30,TRUE
fare_DEL-BOM_AI_2026-09-09_T+15_1787620649580_6wno,DEL-BOM,EaseMyTrip,AI,AI-2995,2026-09-09,T+15,5740,1260,7000,2026-08-25T00:55:43.237Z,FALSE,"",10:00,TRUE
fare_DEL-BOM_AI_2026-09-09_T+15_1787620649580_c34d,DEL-BOM,EaseMyTrip,AI,AI-2945,2026-09-09,T+15,5740,1260,7000,2026-08-25T00:55:43.237Z,FALSE,"",11:00,TRUE
fare_DEL-BOM_AI_2026-09-09_T+15_1787620649580_28t5,DEL-BOM,EaseMyTrip,AI,AI-1785,2026-09-09,T+15,5740,1260,7000,2026-08-25T00:55:43.237Z,FALSE,"",12:00,TRUE
fare_DEL-BOM_AI_2026-09-09_T+15_1787620649580_1j20,DEL-BOM,EaseMyTrip,AI,AI-2933,2026-09-09,T+15,5740,1260,7000,2026-08-25T00:55:43.237Z,FALSE,"",15:30,TRUE
fare_DEL-BOM_AI_2026-09-09_T+15_1787620649580_ohoh,DEL-BOM,EaseMyTrip,AI,AI-1777,2026-09-09,T+15,5740,1260,7000,2026-08-25T00:55:43.237Z,FALSE,"",16:00,TRUE
fare_DEL-BOM_AI_2026-09-09_T+15_1787620649580_e0e7,DEL-BOM,EaseMyTrip,AI,AI-441,2026-09-09,T+15,5740,1260,7000,2026-08-25T00:55:43.237Z,FALSE,"",17:00,TRUE
fare_DEL-BOM_AI_2026-09-09_T+15_1787620649580_0gjb,DEL-BOM,EaseMyTrip,AI,AI-2927,2026-09-09,T+15,5740,1260,7000,2026-08-25T00:55:43.237Z,FALSE,"",09:30,TRUE
fare_DEL-BOM_6E_2026-09-09_T+15_1787620649580_uca2,DEL-BOM,EaseMyTrip,6E,6E-5206,2026-09-09,T+15,5633,1236,6869,2026-08-25T00:55:43.237Z,FALSE,"",13:20,FALSE
fare_DEL-BOM_QP_2026-09-09_T+15_1787620649580_20tr,DEL-BOM,EaseMyTrip,QP,QP-1826,2026-09-09,T+15,5652,1241,6893,2026-08-25T00:55:43.237Z,FALSE,"",19:55,TRUE
fare_DEL-BOM_6E_2026-09-09_T+15_1787620649580_otk3,DEL-BOM,EaseMyTrip,6E,6E-188,2026-09-09,T+15,5656,1242,6898,2026-08-25T00:55:43.237Z,FALSE,"",21:45,TRUE
fare_DEL-BOM_6E_2026-09-09_T+15_1787620649580_a7zr,DEL-BOM,EaseMyTrip,6E,6E-378,2026-09-09,T+15,5656,1242,6898,2026-08-25T00:55:43.237Z,FALSE,"",21:45,TRUE
fare_DEL-BOM_6E_2026-09-09_T+15_1787620649580_4gfr,DEL-BOM,EaseMyTrip,6E,6E-965,2026-09-09,T+15,5656,1242,6898,2026-08-25T00:55:43.237Z,FALSE,"",18:00,TRUE
fare_DEL-BOM_6E_2026-09-09_T+15_1787620649580_940x,DEL-BOM,EaseMyTrip,6E,6E-834,2026-09-09,T+15,5656,1242,6898,2026-08-25T00:55:43.237Z,FALSE,"",18:00,TRUE
fare_DEL-BOM_6E_2026-09-09_T+15_1787620649580_2hed,DEL-BOM,EaseMyTrip,6E,6E-301,2026-09-09,T+15,5656,1242,6898,2026-08-25T00:55:43.237Z,FALSE,"",08:00,TRUE
fare_DEL-BOM_6E_2026-09-09_T+15_1787620649580_84sg,DEL-BOM,EaseMyTrip,6E,6E-281,2026-09-09,T+15,5656,1242,6898,2026-08-25T00:55:43.237Z,FALSE,"",08:00,TRUE
fare_DEL-BOM_6E_2026-09-09_T+15_1787620649580_h35q,DEL-BOM,EaseMyTrip,6E,6E-668,2026-09-09,T+15,5698,1251,6949,2026-08-25T00:55:43.237Z,FALSE,"",20:20,TRUE
fare_DEL-BOM_6E_2026-09-09_T+15_1787620649580_cj4i,DEL-BOM,EaseMyTrip,6E,6E-492,2026-09-09,T+15,5698,1251,6949,2026-08-25T00:55:43.237Z,FALSE,"",20:20,TRUE
fare_DEL-BOM_AI_2026-09-09_T+15_1787620649580_ipsn,DEL-BOM,EaseMyTrip,AI,AI-2678,2026-09-09,T+15,5870,1289,7159,2026-08-25T00:55:43.237Z,FALSE,"",08:30,TRUE
fare_DEL-BOM_AI_2026-09-09_T+15_1787620649580_poj6,DEL-BOM,EaseMyTrip,AI,AI-2975,2026-09-09,T+15,5870,1289,7159,2026-08-25T00:55:43.237Z,FALSE,"",06:30,TRUE
fare_DEL-BOM_AI_2026-09-09_T+15_1787620649580_sfz2,DEL-BOM,EaseMyTrip,AI,AI-1745,2026-09-09,T+15,5870,1289,7159,2026-08-25T00:55:43.237Z,FALSE,"",05:00,TRUE
fare_DEL-BOM_AI_2026-09-09_T+15_1787620649580_oq0e,DEL-BOM,EaseMyTrip,AI,AI-2439,2026-09-09,T+15,5870,1289,7159,2026-08-25T00:55:43.237Z,FALSE,"",23:00,TRUE
fare_DEL-BOM_6E_2026-09-09_T+15_1787620649580_9y8m,DEL-BOM,EaseMyTrip,6E,6E-835,2026-09-09,T+15,5805,1274,7079,2026-08-25T00:55:43.237Z,FALSE,"",19:30,FALSE
fare_DEL-BOM_6E_2026-09-09_T+15_1787620649580_3ulz,DEL-BOM,EaseMyTrip,6E,6E-581,2026-09-09,T+15,5805,1274,7079,2026-08-25T00:55:43.237Z,FALSE,"",19:30,FALSE
fare_DEL-BOM_6E_2026-09-09_T+15_1787620649580_bhqg,DEL-BOM,EaseMyTrip,6E,6E-397,2026-09-09,T+15,5871,1289,7160,2026-08-25T00:55:43.237Z,FALSE,"",20:45,TRUE
fare_DEL-BOM_6E_2026-09-09_T+15_1787620649580_et1d,DEL-BOM,EaseMyTrip,6E,6E-650,2026-09-09,T+15,5871,1289,7160,2026-08-25T00:55:43.237Z,FALSE,"",20:45,TRUE
fare_DEL-BOM_6E_2026-09-09_T+15_1787620649580_6gjg,DEL-BOM,EaseMyTrip,6E,6E-882,2026-09-09,T+15,5871,1289,7160,2026-08-25T00:55:43.237Z,FALSE,"",20:00,TRUE
fare_DEL-BOM_6E_2026-09-09_T+15_1787620649580_ee8d,DEL-BOM,EaseMyTrip,6E,6E-700,2026-09-09,T+15,5871,1289,7160,2026-08-25T00:55:43.237Z,FALSE,"",20:00,TRUE
fare_DEL-BOM_6E_2026-09-09_T+15_1787620649580_0vuy,DEL-BOM,EaseMyTrip,6E,6E-703,2026-09-09,T+15,5871,1289,7160,2026-08-25T00:55:43.237Z,FALSE,"",19:00,TRUE
fare_DEL-BOM_6E_2026-09-09_T+15_1787620649580_vpx2,DEL-BOM,EaseMyTrip,6E,6E-6814,2026-09-09,T+15,5871,1289,7160,2026-08-25T00:55:43.237Z,FALSE,"",07:15,TRUE
fare_DEL-BOM_6E_2026-09-09_T+15_1787620649580_cqy5,DEL-BOM,EaseMyTrip,6E,6E-2571,2026-09-09,T+15,5935,1303,7238,2026-08-25T00:55:43.237Z,FALSE,"",12:30,FALSE
fare_DEL-BOM_6E_2026-09-09_T+15_1787620649580_nwl2,DEL-BOM,EaseMyTrip,6E,6E-2496,2026-09-09,T+15,5999,1317,7316,2026-08-25T00:55:43.237Z,FALSE,"",12:40,FALSE
fare_DEL-BOM_SG_2026-09-09_T+15_1787620649580_4kya,DEL-BOM,EaseMyTrip,SG,SG-720,2026-09-09,T+15,6470,1420,7890,2026-08-25T00:55:43.237Z,FALSE,"",09:15,TRUE
fare_DEL-BOM_SG_2026-09-09_T+15_1787620649580_mwp5,DEL-BOM,EaseMyTrip,SG,SG-961,2026-09-09,T+15,6470,1420,7890,2026-08-25T00:55:43.237Z,FALSE,"",09:15,TRUE
fare_DEL-BOM_AI_2026-09-09_T+15_1787620649580_1n55,DEL-BOM,EaseMyTrip,AI,AI-2981,2026-09-09,T+15,6257,1373,7630,2026-08-25T00:55:43.237Z,FALSE,"",21:00,TRUE
fare_DEL-BOM_AI_2026-09-09_T+15_1787620649580_pds5,DEL-BOM,EaseMyTrip,AI,AI-2429,2026-09-09,T+15,6257,1373,7630,2026-08-25T00:55:43.237Z,FALSE,"",07:00,TRUE
fare_DEL-BOM_AI_2026-09-09_T+15_1787620649580_tr75,DEL-BOM,EaseMyTrip,AI,AI-2943,2026-09-09,T+15,6257,1373,7630,2026-08-25T00:55:43.237Z,FALSE,"",07:30,TRUE
fare_DEL-BOM_AI_2026-09-09_T+15_1787620649580_mxtf,DEL-BOM,EaseMyTrip,AI,AI-2433,2026-09-09,T+15,6257,1373,7630,2026-08-25T00:55:43.237Z,FALSE,"",21:30,TRUE
fare_DEL-BOM_AI_2026-09-09_T+15_1787620649580_mw6a,DEL-BOM,EaseMyTrip,AI,AI-2957,2026-09-09,T+15,6257,1373,7630,2026-08-25T00:55:43.237Z,FALSE,"",20:30,TRUE
fare_DEL-BOM_IX_2026-09-09_T+15_1787620649580_psje,DEL-BOM,EaseMyTrip,IX,IX-1051,2026-09-09,T+15,6339,1391,7730,2026-08-25T00:55:43.237Z,FALSE,"",19:05,FALSE
fare_DEL-BOM_6E_2026-09-09_T+15_1787620649580_vv3y,DEL-BOM,EaseMyTrip,6E,6E-7646,2026-09-09,T+15,6202,1362,7564,2026-08-25T00:55:43.237Z,FALSE,"",06:15,FALSE
fare_DEL-BOM_IX_2026-09-09_T+15_1787620649580_ens8,DEL-BOM,EaseMyTrip,IX,IX-1038,2026-09-09,T+15,6454,1417,7871,2026-08-25T00:55:43.237Z,FALSE,"",17:35,TRUE
fare_DEL-BOM_AI_2026-09-09_T+15_1787620649580_0dr0,DEL-BOM,EaseMyTrip,AI,AI-2955,2026-09-09,T+15,6624,1454,8078,2026-08-25T00:55:43.237Z,FALSE,"",18:00,TRUE
fare_DEL-BOM_IX_2026-09-09_T+15_1787620649580_fwhw,DEL-BOM,EaseMyTrip,IX,IX-1049,2026-09-09,T+15,6831,1499,8330,2026-08-25T00:55:43.237Z,FALSE,"",18:40,FALSE
fare_DEL-BOM_AI_2026-09-09_T+15_1787620649580_ay47,DEL-BOM,EaseMyTrip,AI,AI-2985,2026-09-09,T+15,6836,1500,8336,2026-08-25T00:55:43.237Z,FALSE,"",19:30,TRUE
fare_DEL-BOM_6E_2026-09-09_T+15_1787620649580_xe2o,DEL-BOM,EaseMyTrip,6E,6E-2013,2026-09-09,T+15,6892,1513,8405,2026-08-25T00:55:43.237Z,FALSE,"",21:50,FALSE
fare_DEL-BOM_AI_2026-09-09_T+15_1787620649580_r4f5,DEL-BOM,EaseMyTrip,AI,AI-2805,2026-09-09,T+15,7068,1552,8620,2026-08-25T00:55:43.237Z,FALSE,"",20:00,TRUE
fare_DEL-BOM_AI_2026-09-09_T+15_1787620649580_enln,DEL-BOM,EaseMyTrip,AI,AI-2977,2026-09-09,T+15,7243,1590,8833,2026-08-25T00:55:43.237Z,FALSE,"",19:00,TRUE
fare_DEL-BOM_6E_2026-09-09_T+15_1787620649580_4vp2,DEL-BOM,EaseMyTrip,6E,6E-7642,2026-09-09,T+15,7624,1673,9297,2026-08-25T00:55:43.237Z,FALSE,"",15:45,FALSE
fare_DEL-BOM_6E_2026-09-09_T+15_1787620649580_43q6,DEL-BOM,EaseMyTrip,6E,6E-291,2026-09-09,T+15,7811,1715,9526,2026-08-25T00:55:43.237Z,FALSE,"",12:15,FALSE
fare_DEL-BOM_6E_2026-09-09_T+15_1787620649580_sg2h,DEL-BOM,EaseMyTrip,6E,6E-927,2026-09-09,T+15,7811,1715,9526,2026-08-25T00:55:43.237Z,FALSE,"",12:15,FALSE
fare_DEL-BOM_IX_2026-09-09_T+15_1787620649580_20x6,DEL-BOM,EaseMyTrip,IX,IX-1392,2026-09-09,T+15,8243,1809,10052,2026-08-25T00:55:43.237Z,FALSE,"",23:25,FALSE
fare_DEL-BOM_AI_2026-09-09_T+15_1787620649580_ir2m,DEL-BOM,EaseMyTrip,AI,AI-2509,2026-09-09,T+15,8512,1869,10381,2026-08-25T00:55:43.237Z,FALSE,"",07:00,FALSE
fare_DEL-BOM_6E_2026-09-09_T+15_1787620649580_vm0a,DEL-BOM,EaseMyTrip,6E,6E-6601,2026-09-09,T+15,8379,1839,10218,2026-08-25T00:55:43.237Z,FALSE,"",19:45,FALSE
fare_DEL-BOM_AI_2026-09-09_T+15_1787620649580_a7ey,DEL-BOM,EaseMyTrip,AI,AI-1780,2026-09-09,T+15,8719,1914,10633,2026-08-25T00:55:43.237Z,FALSE,"",16:10,TRUE
fare_DEL-BOM_IX_2026-09-09_T+15_1787620649580_lylh,DEL-BOM,EaseMyTrip,IX,IX-1108,2026-09-09,T+15,8963,1967,10930,2026-08-25T00:55:43.237Z,FALSE,"",05:00,FALSE
fare_DEL-BOM_AI_2026-09-09_T+15_1787620649580_znz8,DEL-BOM,EaseMyTrip,AI,AI-1705,2026-09-09,T+15,8895,1952,10847,2026-08-25T00:55:43.237Z,FALSE,"",06:30,FALSE
fare_DEL-BOM_AI_2026-09-09_T+15_1787620649580_go3i,DEL-BOM,EaseMyTrip,AI,AI-2569,2026-09-09,T+15,8990,1974,10964,2026-08-25T00:55:43.237Z,FALSE,"",20:30,FALSE
fare_DEL-BOM_AI_2026-09-09_T+15_1787620649580_zaha,DEL-BOM,EaseMyTrip,AI,AI-1710,2026-09-09,T+15,8990,1974,10964,2026-08-25T00:55:43.237Z,FALSE,"",18:35,FALSE
fare_DEL-BOM_AI_2026-09-09_T+15_1787620649580_uf4e,DEL-BOM,EaseMyTrip,AI,AI-1719,2026-09-09,T+15,9043,1985,11028,2026-08-25T00:55:43.237Z,FALSE,"",11:55,FALSE
fare_DEL-BOM_IX_2026-09-09_T+15_1787620649580_sey5,DEL-BOM,EaseMyTrip,IX,IX-1165,2026-09-09,T+15,9581,2103,11684,2026-08-25T00:55:43.237Z,TRUE,"High outlier: ₹11684 > upper fence ₹11030 (Q3: ₹8330, IQR: ₹1800)",06:00,FALSE
fare_DEL-BOM_AI_2026-09-09_T+15_1787620649580_p4y2,DEL-BOM,EaseMyTrip,AI,AI-2761,2026-09-09,T+15,9631,2114,11745,2026-08-25T00:55:43.237Z,TRUE,"High outlier: ₹11745 > upper fence ₹11030 (Q3: ₹8330, IQR: ₹1800)",16:25,FALSE
fare_DEL-BOM_6E_2026-09-09_T+15_1787620649580_ltkb,DEL-BOM,EaseMyTrip,6E,6E-5014,2026-09-09,T+15,9469,2078,11547,2026-08-25T00:55:43.237Z,TRUE,"High outlier: ₹11547 > upper fence ₹11030 (Q3: ₹8330, IQR: ₹1800)",18:30,FALSE
fare_DEL-BOM_AI_2026-09-09_T+15_1787620649580_kqdr,DEL-BOM,EaseMyTrip,AI,AI-2499,2026-09-09,T+15,9851,2163,12014,2026-08-25T00:55:43.237Z,TRUE,"High outlier: ₹12014 > upper fence ₹11030 (Q3: ₹8330, IQR: ₹1800)",06:00,FALSE
fare_DEL-BOM_AI_2026-09-09_T+15_1787620649580_v7k4,DEL-BOM,EaseMyTrip,AI,AI-9674,2026-09-09,T+15,10275,2255,12530,2026-08-25T00:55:43.237Z,TRUE,"High outlier: ₹12530 > upper fence ₹11030 (Q3: ₹8330, IQR: ₹1800)",16:40,FALSE
fare_DEL-BOM_AI_2026-09-09_T+15_1787620649580_2dy1,DEL-BOM,EaseMyTrip,AI,AI-9757,2026-09-09,T+15,10761,2362,13123,2026-08-25T00:55:43.237Z,TRUE,"High outlier: ₹13123 > upper fence ₹11030 (Q3: ₹8330, IQR: ₹1800)",11:50,FALSE
fare_DEL-BOM_AI_2026-09-09_T+15_1787620649580_9x2q,DEL-BOM,EaseMyTrip,AI,AI-809,2026-09-09,T+15,11273,2475,13748,2026-08-25T00:55:43.237Z,TRUE,"High outlier: ₹13748 > upper fence ₹11030 (Q3: ₹8330, IQR: ₹1800)",17:40,FALSE
fare_DEL-BOM_AI_2026-09-09_T+15_1787620649580_if47,DEL-BOM,EaseMyTrip,AI,AI-2939,2026-09-09,T+15,11273,2475,13748,2026-08-25T00:55:43.237Z,TRUE,"High outlier: ₹13748 > upper fence ₹11030 (Q3: ₹8330, IQR: ₹1800)",16:40,FALSE
fare_DEL-BOM_AI_2026-09-09_T+15_1787620649580_oen7,DEL-BOM,EaseMyTrip,AI,AI-2909,2026-09-09,T+15,11273,2475,13748,2026-08-25T00:55:43.237Z,TRUE,"High outlier: ₹13748 > upper fence ₹11030 (Q3: ₹8330, IQR: ₹1800)",22:30,FALSE
fare_DEL-BOM_AI_2026-09-09_T+15_1787620649580_ewnr,DEL-BOM,EaseMyTrip,AI,AI-1743,2026-09-09,T+15,13065,2868,15933,2026-08-25T00:55:43.237Z,TRUE,"High outlier: ₹15933 > upper fence ₹11030 (Q3: ₹8330, IQR: ₹1800)",06:15,FALSE
fare_DEL-BOM_AI_2026-09-09_T+15_1787620649580_rpmv,DEL-BOM,EaseMyTrip,AI,AI-2601,2026-09-09,T+15,13065,2868,15933,2026-08-25T00:55:43.237Z,TRUE,"High outlier: ₹15933 > upper fence ₹11030 (Q3: ₹8330, IQR: ₹1800)",17:00,FALSE
fare_DEL-BOM_IX_2026-09-09_T+15_1787620649580_ck2x,DEL-BOM,EaseMyTrip,IX,IX-1003,2026-09-09,T+15,13273,2914,16187,2026-08-25T00:55:43.237Z,TRUE,"High outlier: ₹16187 > upper fence ₹11030 (Q3: ₹8330, IQR: ₹1800)",19:10,FALSE
fare_DEL-BOM_IX_2026-09-09_T+15_1787620649580_ayyb,DEL-BOM,EaseMyTrip,IX,IX-1068,2026-09-09,T+15,13719,3011,16730,2026-08-25T00:55:43.237Z,TRUE,"High outlier: ₹16730 > upper fence ₹11030 (Q3: ₹8330, IQR: ₹1800)",11:55,FALSE
fare_DEL-BOM_6E_2026-09-09_T+15_1787620649580_asfz,DEL-BOM,EaseMyTrip,6E,6E-2381,2026-09-09,T+15,13567,2978,16545,2026-08-25T00:55:43.237Z,TRUE,"High outlier: ₹16545 > upper fence ₹11030 (Q3: ₹8330, IQR: ₹1800)",13:45,FALSE
fare_DEL-BOM_AI_2026-09-09_T+15_1787620649580_ojgm,DEL-BOM,EaseMyTrip,AI,AI-491,2026-09-09,T+15,13815,3033,16848,2026-08-25T00:55:43.237Z,TRUE,"High outlier: ₹16848 > upper fence ₹11030 (Q3: ₹8330, IQR: ₹1800)",11:15,FALSE
fare_DEL-BOM_AI_2026-09-09_T+15_1787620649580_4zj5,DEL-BOM,EaseMyTrip,AI,AI-1773,2026-09-09,T+15,13815,3033,16848,2026-08-25T00:55:43.237Z,TRUE,"High outlier: ₹16848 > upper fence ₹11030 (Q3: ₹8330, IQR: ₹1800)",10:30,FALSE
fare_DEL-BOM_AI_2026-09-09_T+15_1787620649580_vzuk,DEL-BOM,EaseMyTrip,AI,AI-479,2026-09-09,T+15,13815,3033,16848,2026-08-25T00:55:43.237Z,TRUE,"High outlier: ₹16848 > upper fence ₹11030 (Q3: ₹8330, IQR: ₹1800)",21:15,FALSE
fare_DEL-BOM_AI_2026-09-09_T+15_1787620649580_emt3,DEL-BOM,EaseMyTrip,AI,AI-2907,2026-09-09,T+15,13927,3057,16984,2026-08-25T00:55:43.237Z,TRUE,"High outlier: ₹16984 > upper fence ₹11030 (Q3: ₹8330, IQR: ₹1800)",12:00,FALSE
fare_DEL-BOM_AI_2026-09-09_T+15_1787620649580_h27q,DEL-BOM,EaseMyTrip,AI,AI-2577,2026-09-09,T+15,14577,3200,17777,2026-08-25T00:55:43.237Z,TRUE,"High outlier: ₹17777 > upper fence ₹11030 (Q3: ₹8330, IQR: ₹1800)",02:00,FALSE
fare_DEL-BOM_AI_2026-09-09_T+15_1787620649580_jiah,DEL-BOM,EaseMyTrip,AI,AI-2859,2026-09-09,T+15,14577,3200,17777,2026-08-25T00:55:43.237Z,TRUE,"High outlier: ₹17777 > upper fence ₹11030 (Q3: ₹8330, IQR: ₹1800)",10:30,FALSE
fare_DEL-BOM_AI_2026-09-09_T+15_1787620649580_zfwt,DEL-BOM,EaseMyTrip,AI,AI-2465,2026-09-09,T+15,14880,3266,18146,2026-08-25T00:55:43.237Z,TRUE,"High outlier: ₹18146 > upper fence ₹11030 (Q3: ₹8330, IQR: ₹1800)",14:30,FALSE
fare_DEL-BOM_AI_2026-09-09_T+15_1787620649580_dzee,DEL-BOM,EaseMyTrip,AI,AI-9584,2026-09-09,T+15,15190,3334,18524,2026-08-25T00:55:43.237Z,TRUE,"High outlier: ₹18524 > upper fence ₹11030 (Q3: ₹8330, IQR: ₹1800)",11:15,FALSE
fare_DEL-BOM_AI_2026-09-09_T+15_1787620649580_3knv,DEL-BOM,EaseMyTrip,AI,AI-1779,2026-09-09,T+15,17393,3818,21211,2026-08-25T00:55:43.237Z,TRUE,"High outlier: ₹21211 > upper fence ₹11030 (Q3: ₹8330, IQR: ₹1800)",13:45,FALSE
fare_DEL-BOM_AI_2026-09-09_T+15_1787620649580_okj0,DEL-BOM,EaseMyTrip,AI,AI-1739,2026-09-09,T+15,17408,3821,21229,2026-08-25T00:55:43.237Z,TRUE,"High outlier: ₹21229 > upper fence ₹11030 (Q3: ₹8330, IQR: ₹1800)",11:30,FALSE
fare_DEL-BOM_AI_2026-09-09_T+15_1787620649580_w0z2,DEL-BOM,EaseMyTrip,AI,AI-2627,2026-09-09,T+15,27957,6137,34094,2026-08-25T00:55:43.237Z,TRUE,"High outlier: ₹34094 > upper fence ₹11030 (Q3: ₹8330, IQR: ₹1800)",10:45,FALSE
fare_DEL-BOM_SG_2026-09-24_T+30_1787620649581_cxw4,DEL-BOM,EaseMyTrip,SG,SG-934,2026-09-24,T+30,5186,1138,6324,2026-08-25T00:55:49.570Z,FALSE,"",04:00,TRUE
fare_DEL-BOM_SG_2026-09-24_T+30_1787620649581_c2h9,DEL-BOM,EaseMyTrip,SG,SG-510,2026-09-24,T+30,5186,1138,6324,2026-08-25T00:55:49.570Z,FALSE,"",04:00,TRUE
fare_DEL-BOM_SG_2026-09-24_T+30_1787620649581_g5ac,DEL-BOM,EaseMyTrip,SG,SG-918,2026-09-24,T+30,5186,1138,6324,2026-08-25T00:55:49.570Z,FALSE,"",09:15,TRUE
fare_DEL-BOM_SG_2026-09-24_T+30_1787620649581_8cb5,DEL-BOM,EaseMyTrip,SG,SG-227,2026-09-24,T+30,5186,1138,6324,2026-08-25T00:55:49.570Z,FALSE,"",09:15,TRUE
fare_DEL-BOM_SG_2026-09-24_T+30_1787620649581_r56f,DEL-BOM,EaseMyTrip,SG,SG-270,2026-09-24,T+30,5186,1138,6324,2026-08-25T00:55:49.570Z,FALSE,"",14:30,TRUE
fare_DEL-BOM_SG_2026-09-24_T+30_1787620649581_sttn,DEL-BOM,EaseMyTrip,SG,SG-401,2026-09-24,T+30,5186,1138,6324,2026-08-25T00:55:49.570Z,FALSE,"",14:30,TRUE
fare_DEL-BOM_SG_2026-09-24_T+30_1787620649581_05hw,DEL-BOM,EaseMyTrip,SG,SG-870,2026-09-24,T+30,5186,1138,6324,2026-08-25T00:55:49.570Z,FALSE,"",18:35,TRUE
fare_DEL-BOM_SG_2026-09-24_T+30_1787620649581_i5n2,DEL-BOM,EaseMyTrip,SG,SG-628,2026-09-24,T+30,5186,1138,6324,2026-08-25T00:55:49.570Z,FALSE,"",18:35,TRUE
fare_DEL-BOM_SG_2026-09-24_T+30_1787620649581_qmz7,DEL-BOM,EaseMyTrip,SG,SG-874,2026-09-24,T+30,5186,1138,6324,2026-08-25T00:55:49.570Z,FALSE,"",20:10,TRUE
fare_DEL-BOM_SG_2026-09-24_T+30_1787620649581_i2pc,DEL-BOM,EaseMyTrip,SG,SG-237,2026-09-24,T+30,5186,1138,6324,2026-08-25T00:55:49.570Z,FALSE,"",20:10,TRUE
fare_DEL-BOM_6E_2026-09-24_T+30_1787620649581_uvj0,DEL-BOM,EaseMyTrip,6E,6E-5014,2026-09-24,T+30,5067,1112,6179,2026-08-25T00:55:49.570Z,FALSE,"",18:30,FALSE
fare_DEL-BOM_6E_2026-09-24_T+30_1787620649581_zlyv,DEL-BOM,EaseMyTrip,6E,6E-569,2026-09-24,T+30,5067,1112,6179,2026-08-25T00:55:49.570Z,FALSE,"",19:35,FALSE
fare_DEL-BOM_6E_2026-09-24_T+30_1787620649581_q0m1,DEL-BOM,EaseMyTrip,6E,6E-661,2026-09-24,T+30,5067,1112,6179,2026-08-25T00:55:49.570Z,FALSE,"",19:35,FALSE
fare_DEL-BOM_6E_2026-09-24_T+30_1787620649581_imwr,DEL-BOM,EaseMyTrip,6E,6E-2076,2026-09-24,T+30,5067,1112,6179,2026-08-25T00:55:49.570Z,FALSE,"",07:30,FALSE
fare_DEL-BOM_6E_2026-09-24_T+30_1787620649581_u8n3,DEL-BOM,EaseMyTrip,6E,6E-5119,2026-09-24,T+30,5067,1112,6179,2026-08-25T00:55:49.570Z,FALSE,"",05:10,FALSE
fare_DEL-BOM_6E_2026-09-24_T+30_1787620649581_4ghc,DEL-BOM,EaseMyTrip,6E,6E-6171,2026-09-24,T+30,5067,1112,6179,2026-08-25T00:55:49.570Z,FALSE,"",05:40,FALSE
fare_DEL-BOM_6E_2026-09-24_T+30_1787620649581_04f8,DEL-BOM,EaseMyTrip,6E,6E-5073,2026-09-24,T+30,5067,1112,6179,2026-08-25T00:55:49.570Z,FALSE,"",17:05,FALSE
fare_DEL-BOM_6E_2026-09-24_T+30_1787620649581_2u5e,DEL-BOM,EaseMyTrip,6E,6E-6261,2026-09-24,T+30,5067,1112,6179,2026-08-25T00:55:49.570Z,FALSE,"",00:15,FALSE
fare_DEL-BOM_6E_2026-09-24_T+30_1787620649581_r0ci,DEL-BOM,EaseMyTrip,6E,6E-2013,2026-09-24,T+30,5067,1112,6179,2026-08-25T00:55:49.570Z,FALSE,"",21:50,FALSE
fare_DEL-BOM_6E_2026-09-24_T+30_1787620649581_s83w,DEL-BOM,EaseMyTrip,6E,6E-6190,2026-09-24,T+30,5067,1112,6179,2026-08-25T00:55:49.570Z,FALSE,"",07:40,FALSE
fare_DEL-BOM_6E_2026-09-24_T+30_1787620649581_q8dk,DEL-BOM,EaseMyTrip,6E,6E-2341,2026-09-24,T+30,5067,1112,6179,2026-08-25T00:55:49.570Z,FALSE,"",14:50,FALSE
fare_DEL-BOM_6E_2026-09-24_T+30_1787620649581_7txt,DEL-BOM,EaseMyTrip,6E,6E-2331,2026-09-24,T+30,5067,1112,6179,2026-08-25T00:55:49.570Z,FALSE,"",12:20,FALSE
fare_DEL-BOM_6E_2026-09-24_T+30_1787620649581_5jv8,DEL-BOM,EaseMyTrip,6E,6E-476,2026-09-24,T+30,5067,1112,6179,2026-08-25T00:55:49.570Z,FALSE,"",10:00,FALSE
fare_DEL-BOM_6E_2026-09-24_T+30_1787620649581_c8rk,DEL-BOM,EaseMyTrip,6E,6E-894,2026-09-24,T+30,5067,1112,6179,2026-08-25T00:55:49.570Z,FALSE,"",10:00,FALSE
fare_DEL-BOM_IX_2026-09-24_T+30_1787620649581_crkg,DEL-BOM,EaseMyTrip,IX,IX-1056,2026-09-24,T+30,5354,1175,6529,2026-08-25T00:55:49.570Z,FALSE,"",05:45,TRUE
fare_DEL-BOM_IX_2026-09-24_T+30_1787620649581_8rur,DEL-BOM,EaseMyTrip,IX,IX-1235,2026-09-24,T+30,5354,1175,6529,2026-08-25T00:55:49.570Z,FALSE,"",23:25,TRUE
fare_DEL-BOM_IX_2026-09-24_T+30_1787620649581_d6ie,DEL-BOM,EaseMyTrip,IX,IX-1038,2026-09-24,T+30,5354,1175,6529,2026-08-25T00:55:49.570Z,FALSE,"",17:35,TRUE
fare_DEL-BOM_IX_2026-09-24_T+30_1787620649581_5upu,DEL-BOM,EaseMyTrip,IX,IX-1080,2026-09-24,T+30,5354,1175,6529,2026-08-25T00:55:49.570Z,FALSE,"",18:40,TRUE
fare_DEL-BOM_IX_2026-09-24_T+30_1787620649581_9cr1,DEL-BOM,EaseMyTrip,IX,IX-1165,2026-09-24,T+30,5354,1175,6529,2026-08-25T00:55:49.570Z,FALSE,"",06:00,FALSE
fare_DEL-BOM_6E_2026-09-24_T+30_1787620649581_h6oi,DEL-BOM,EaseMyTrip,6E,6E-2249,2026-09-24,T+30,5174,1136,6310,2026-08-25T00:55:49.570Z,FALSE,"",15:00,FALSE
fare_DEL-BOM_6E_2026-09-24_T+30_1787620649581_xkxi,DEL-BOM,EaseMyTrip,6E,6E-2169,2026-09-24,T+30,5174,1136,6310,2026-08-25T00:55:49.570Z,FALSE,"",19:40,FALSE
fare_DEL-BOM_6E_2026-09-24_T+30_1787620649581_7y7r,DEL-BOM,EaseMyTrip,6E,6E-6829,2026-09-24,T+30,5174,1136,6310,2026-08-25T00:55:49.570Z,FALSE,"",17:20,FALSE
fare_DEL-BOM_6E_2026-09-24_T+30_1787620649581_5bg0,DEL-BOM,EaseMyTrip,6E,6E-6443,2026-09-24,T+30,5174,1136,6310,2026-08-25T00:55:49.570Z,FALSE,"",09:00,FALSE
fare_DEL-BOM_6E_2026-09-24_T+30_1787620649581_elbj,DEL-BOM,EaseMyTrip,6E,6E-6433,2026-09-24,T+30,5174,1136,6310,2026-08-25T00:55:49.570Z,FALSE,"",16:30,FALSE
fare_DEL-BOM_6E_2026-09-24_T+30_1787620649581_r0iv,DEL-BOM,EaseMyTrip,6E,6E-6490,2026-09-24,T+30,5174,1136,6310,2026-08-25T00:55:49.570Z,FALSE,"",04:55,FALSE
fare_DEL-BOM_6E_2026-09-24_T+30_1787620649581_ohxn,DEL-BOM,EaseMyTrip,6E,6E-908,2026-09-24,T+30,5239,1150,6389,2026-08-25T00:55:49.570Z,FALSE,"",16:30,FALSE
fare_DEL-BOM_6E_2026-09-24_T+30_1787620649581_bsr6,DEL-BOM,EaseMyTrip,6E,6E-671,2026-09-24,T+30,5239,1150,6389,2026-08-25T00:55:49.570Z,FALSE,"",16:30,FALSE
fare_DEL-BOM_6E_2026-09-24_T+30_1787620649581_gu2v,DEL-BOM,EaseMyTrip,6E,6E-6479,2026-09-24,T+30,5239,1150,6389,2026-08-25T00:55:49.570Z,FALSE,"",21:25,FALSE
fare_DEL-BOM_6E_2026-09-24_T+30_1787620649581_5yxl,DEL-BOM,EaseMyTrip,6E,6E-5038,2026-09-24,T+30,5239,1150,6389,2026-08-25T00:55:49.570Z,FALSE,"",14:00,FALSE
fare_DEL-BOM_6E_2026-09-24_T+30_1787620649581_kw4u,DEL-BOM,EaseMyTrip,6E,6E-5206,2026-09-24,T+30,5239,1150,6389,2026-08-25T00:55:49.570Z,FALSE,"",13:20,FALSE
fare_DEL-BOM_6E_2026-09-24_T+30_1787620649581_7wyt,DEL-BOM,EaseMyTrip,6E,6E-6601,2026-09-24,T+30,5346,1174,6520,2026-08-25T00:55:49.570Z,FALSE,"",19:45,FALSE
fare_DEL-BOM_6E_2026-09-24_T+30_1787620649581_4yzb,DEL-BOM,EaseMyTrip,6E,6E-6282,2026-09-24,T+30,5346,1174,6520,2026-08-25T00:55:49.570Z,FALSE,"",13:30,FALSE
fare_DEL-BOM_6E_2026-09-24_T+30_1787620649581_pke4,DEL-BOM,EaseMyTrip,6E,6E-947,2026-09-24,T+30,5354,1175,6529,2026-08-25T00:55:49.570Z,FALSE,"",20:20,TRUE
fare_DEL-BOM_6E_2026-09-24_T+30_1787620649581_qzff,DEL-BOM,EaseMyTrip,6E,6E-598,2026-09-24,T+30,5354,1175,6529,2026-08-25T00:55:49.570Z,FALSE,"",20:20,TRUE
fare_DEL-BOM_QP_2026-09-24_T+30_1787620649581_4wmo,DEL-BOM,EaseMyTrip,QP,QP-1833,2026-09-24,T+30,5355,1175,6530,2026-08-25T00:55:49.570Z,FALSE,"",06:50,TRUE
fare_DEL-BOM_QP_2026-09-24_T+30_1787620649581_bat3,DEL-BOM,EaseMyTrip,QP,QP-1112,2026-09-24,T+30,5355,1175,6530,2026-08-25T00:55:49.570Z,FALSE,"",09:20,TRUE
fare_DEL-BOM_QP_2026-09-24_T+30_1787620649581_fdau,DEL-BOM,EaseMyTrip,QP,QP-1836,2026-09-24,T+30,5355,1175,6530,2026-08-25T00:55:49.570Z,FALSE,"",12:30,TRUE
fare_DEL-BOM_QP_2026-09-24_T+30_1787620649581_z9h3,DEL-BOM,EaseMyTrip,QP,QP-1128,2026-09-24,T+30,5355,1175,6530,2026-08-25T00:55:49.570Z,FALSE,"",16:00,TRUE
fare_DEL-BOM_QP_2026-09-24_T+30_1787620649581_dieb,DEL-BOM,EaseMyTrip,QP,QP-1820,2026-09-24,T+30,5355,1175,6530,2026-08-25T00:55:49.570Z,FALSE,"",17:30,TRUE
fare_DEL-BOM_QP_2026-09-24_T+30_1787620649581_rsh6,DEL-BOM,EaseMyTrip,QP,QP-1119,2026-09-24,T+30,5355,1175,6530,2026-08-25T00:55:49.570Z,FALSE,"",08:40,TRUE
fare_DEL-BOM_QP_2026-09-24_T+30_1787620649581_fkg5,DEL-BOM,EaseMyTrip,QP,QP-1110,2026-09-24,T+30,5355,1175,6530,2026-08-25T00:55:49.570Z,FALSE,"",10:30,TRUE
fare_DEL-BOM_QP_2026-09-24_T+30_1787620649581_na3x,DEL-BOM,EaseMyTrip,QP,QP-1826,2026-09-24,T+30,5355,1175,6530,2026-08-25T00:55:49.570Z,FALSE,"",19:55,TRUE
fare_DEL-BOM_6E_2026-09-24_T+30_1787620649581_xpdz,DEL-BOM,EaseMyTrip,6E,6E-6706,2026-09-24,T+30,5355,1175,6530,2026-08-25T00:55:49.570Z,FALSE,"",17:00,TRUE
fare_DEL-BOM_6E_2026-09-24_T+30_1787620649581_u3d7,DEL-BOM,EaseMyTrip,6E,6E-313,2026-09-24,T+30,5355,1175,6530,2026-08-25T00:55:49.570Z,FALSE,"",16:15,TRUE
fare_DEL-BOM_6E_2026-09-24_T+30_1787620649581_swx3,DEL-BOM,EaseMyTrip,6E,6E-953,2026-09-24,T+30,5355,1175,6530,2026-08-25T00:55:49.570Z,FALSE,"",16:15,TRUE
fare_DEL-BOM_6E_2026-09-24_T+30_1787620649581_zcak,DEL-BOM,EaseMyTrip,6E,6E-772,2026-09-24,T+30,5355,1175,6530,2026-08-25T00:55:49.570Z,FALSE,"",15:30,TRUE
fare_DEL-BOM_6E_2026-09-24_T+30_1787620649581_k5tj,DEL-BOM,EaseMyTrip,6E,6E-573,2026-09-24,T+30,5355,1175,6530,2026-08-25T00:55:49.570Z,FALSE,"",15:30,TRUE
fare_DEL-BOM_6E_2026-09-24_T+30_1787620649581_twgw,DEL-BOM,EaseMyTrip,6E,6E-6022,2026-09-24,T+30,5355,1175,6530,2026-08-25T00:55:49.570Z,FALSE,"",14:00,TRUE
fare_DEL-BOM_6E_2026-09-24_T+30_1787620649581_j3y0,DEL-BOM,EaseMyTrip,6E,6E-6318,2026-09-24,T+30,5355,1175,6530,2026-08-25T00:55:49.570Z,FALSE,"",14:45,TRUE
fare_DEL-BOM_6E_2026-09-24_T+30_1787620649581_euij,DEL-BOM,EaseMyTrip,6E,6E-6328,2026-09-24,T+30,5355,1175,6530,2026-08-25T00:55:49.570Z,FALSE,"",10:15,TRUE
fare_DEL-BOM_6E_2026-09-24_T+30_1787620649581_ncqa,DEL-BOM,EaseMyTrip,6E,6E-6047,2026-09-24,T+30,5355,1175,6530,2026-08-25T00:55:49.570Z,FALSE,"",11:00,TRUE
fare_DEL-BOM_6E_2026-09-24_T+30_1787620649581_3w0e,DEL-BOM,EaseMyTrip,6E,6E-6676,2026-09-24,T+30,5355,1175,6530,2026-08-25T00:55:49.570Z,FALSE,"",12:00,TRUE
fare_DEL-BOM_6E_2026-09-24_T+30_1787620649581_3rnp,DEL-BOM,EaseMyTrip,6E,6E-790,2026-09-24,T+30,5355,1175,6530,2026-08-25T00:55:49.570Z,FALSE,"",13:00,TRUE
fare_DEL-BOM_6E_2026-09-24_T+30_1787620649581_mbpg,DEL-BOM,EaseMyTrip,6E,6E-952,2026-09-24,T+30,5355,1175,6530,2026-08-25T00:55:49.570Z,FALSE,"",13:00,TRUE
fare_DEL-BOM_6E_2026-09-24_T+30_1787620649581_gtzf,DEL-BOM,EaseMyTrip,6E,6E-6107,2026-09-24,T+30,5355,1175,6530,2026-08-25T00:55:49.570Z,FALSE,"",09:30,TRUE
fare_DEL-BOM_SG_2026-09-24_T+30_1787620649581_pn93,DEL-BOM,EaseMyTrip,SG,SG-823,2026-09-24,T+30,5525,1213,6738,2026-08-25T00:55:49.570Z,FALSE,"",22:30,TRUE
fare_DEL-BOM_SG_2026-09-24_T+30_1787620649581_290r,DEL-BOM,EaseMyTrip,SG,SG-665,2026-09-24,T+30,5525,1213,6738,2026-08-25T00:55:49.570Z,FALSE,"",22:30,TRUE
fare_DEL-BOM_6E_2026-09-24_T+30_1787620649581_btga,DEL-BOM,EaseMyTrip,6E,6E-7646,2026-09-24,T+30,5416,1189,6605,2026-08-25T00:55:49.570Z,FALSE,"",06:15,FALSE
fare_DEL-BOM_6E_2026-09-24_T+30_1787620649581_6r8n,DEL-BOM,EaseMyTrip,6E,6E-7642,2026-09-24,T+30,5416,1189,6605,2026-08-25T00:55:49.570Z,FALSE,"",15:45,FALSE
fare_DEL-BOM_QP_2026-09-24_T+30_1787620649581_4rmc,DEL-BOM,EaseMyTrip,QP,QP-1940,2026-09-24,T+30,5427,1191,6618,2026-08-25T00:55:49.570Z,FALSE,"",14:00,TRUE
fare_DEL-BOM_6E_2026-09-24_T+30_1787620649581_6kjw,DEL-BOM,EaseMyTrip,6E,6E-5198,2026-09-24,T+30,5427,1191,6618,2026-08-25T00:55:49.570Z,FALSE,"",15:00,TRUE
fare_DEL-BOM_6E_2026-09-24_T+30_1787620649581_vtme,DEL-BOM,EaseMyTrip,6E,6E-6983,2026-09-24,T+30,5460,1199,6659,2026-08-25T00:55:49.570Z,FALSE,"",15:35,FALSE
fare_DEL-BOM_6E_2026-09-24_T+30_1787620649581_yu57,DEL-BOM,EaseMyTrip,6E,6E-568,2026-09-24,T+30,5484,1204,6688,2026-08-25T00:55:49.570Z,FALSE,"",05:00,TRUE
fare_DEL-BOM_6E_2026-09-24_T+30_1787620649581_bp1b,DEL-BOM,EaseMyTrip,6E,6E-637,2026-09-24,T+30,5484,1204,6688,2026-08-25T00:55:49.570Z,FALSE,"",23:30,TRUE
fare_DEL-BOM_6E_2026-09-24_T+30_1787620649581_d0q2,DEL-BOM,EaseMyTrip,6E,6E-206,2026-09-24,T+30,5484,1204,6688,2026-08-25T00:55:49.570Z,FALSE,"",23:30,TRUE
fare_DEL-BOM_6E_2026-09-24_T+30_1787620649581_q42g,DEL-BOM,EaseMyTrip,6E,6E-6114,2026-09-24,T+30,5484,1204,6688,2026-08-25T00:55:49.570Z,FALSE,"",22:45,TRUE
fare_DEL-BOM_6E_2026-09-24_T+30_1787620649581_7qka,DEL-BOM,EaseMyTrip,6E,6E-6218,2026-09-24,T+30,5484,1204,6688,2026-08-25T00:55:49.570Z,FALSE,"",06:05,TRUE
fare_DEL-BOM_6E_2026-09-24_T+30_1787620649581_4vbm,DEL-BOM,EaseMyTrip,6E,6E-194,2026-09-24,T+30,5484,1204,6688,2026-08-25T00:55:49.570Z,FALSE,"",08:45,TRUE
fare_DEL-BOM_6E_2026-09-24_T+30_1787620649581_x7dw,DEL-BOM,EaseMyTrip,6E,6E-322,2026-09-24,T+30,5484,1204,6688,2026-08-25T00:55:49.570Z,FALSE,"",08:45,TRUE
fare_DEL-BOM_6E_2026-09-24_T+30_1787620649581_7gm4,DEL-BOM,EaseMyTrip,6E,6E-6470,2026-09-24,T+30,5526,1213,6739,2026-08-25T00:55:49.570Z,FALSE,"",06:55,TRUE
fare_DEL-BOM_6E_2026-09-24_T+30_1787620649581_mmky,DEL-BOM,EaseMyTrip,6E,6E-5138,2026-09-24,T+30,5569,1222,6791,2026-08-25T00:55:49.570Z,FALSE,"",19:10,FALSE
fare_DEL-BOM_6E_2026-09-24_T+30_1787620649581_usuz,DEL-BOM,EaseMyTrip,6E,6E-6459,2026-09-24,T+30,5569,1222,6791,2026-08-25T00:55:49.570Z,FALSE,"",05:55,FALSE
fare_DEL-BOM_AI_2026-09-24_T+30_1787620649581_gffi,DEL-BOM,EaseMyTrip,AI,AI-2963,2026-09-24,T+30,5740,1260,7000,2026-08-25T00:55:49.570Z,FALSE,"",09:00,TRUE
fare_DEL-BOM_AI_2026-09-24_T+30_1787620649581_igq8,DEL-BOM,EaseMyTrip,AI,AI-2425,2026-09-24,T+30,5740,1260,7000,2026-08-25T00:55:49.570Z,FALSE,"",10:30,TRUE
fare_DEL-BOM_AI_2026-09-24_T+30_1787620649581_4a6v,DEL-BOM,EaseMyTrip,AI,AI-2951,2026-09-24,T+30,5740,1260,7000,2026-08-25T00:55:49.570Z,FALSE,"",13:30,TRUE
fare_DEL-BOM_AI_2026-09-24_T+30_1787620649581_ri7n,DEL-BOM,EaseMyTrip,AI,AI-2941,2026-09-24,T+30,5740,1260,7000,2026-08-25T00:55:49.570Z,FALSE,"",16:30,TRUE
fare_DEL-BOM_AI_2026-09-24_T+30_1787620649581_tw3m,DEL-BOM,EaseMyTrip,AI,AI-2995,2026-09-24,T+30,5740,1260,7000,2026-08-25T00:55:49.570Z,FALSE,"",10:00,TRUE
fare_DEL-BOM_AI_2026-09-24_T+30_1787620649581_lsub,DEL-BOM,EaseMyTrip,AI,AI-2945,2026-09-24,T+30,5740,1260,7000,2026-08-25T00:55:49.570Z,FALSE,"",11:00,TRUE
fare_DEL-BOM_AI_2026-09-24_T+30_1787620649581_0fii,DEL-BOM,EaseMyTrip,AI,AI-1785,2026-09-24,T+30,5740,1260,7000,2026-08-25T00:55:49.570Z,FALSE,"",12:00,TRUE
fare_DEL-BOM_AI_2026-09-24_T+30_1787620649581_slsi,DEL-BOM,EaseMyTrip,AI,AI-2933,2026-09-24,T+30,5740,1260,7000,2026-08-25T00:55:49.570Z,FALSE,"",15:30,TRUE
fare_DEL-BOM_AI_2026-09-24_T+30_1787620649581_kg02,DEL-BOM,EaseMyTrip,AI,AI-1777,2026-09-24,T+30,5740,1260,7000,2026-08-25T00:55:49.570Z,FALSE,"",16:00,TRUE
fare_DEL-BOM_AI_2026-09-24_T+30_1787620649581_h9e3,DEL-BOM,EaseMyTrip,AI,AI-441,2026-09-24,T+30,5740,1260,7000,2026-08-25T00:55:49.570Z,FALSE,"",17:00,TRUE
fare_DEL-BOM_AI_2026-09-24_T+30_1787620649581_ot8u,DEL-BOM,EaseMyTrip,AI,AI-2927,2026-09-24,T+30,5740,1260,7000,2026-08-25T00:55:49.570Z,FALSE,"",09:30,TRUE
fare_DEL-BOM_6E_2026-09-24_T+30_1787620649581_nmrx,DEL-BOM,EaseMyTrip,6E,6E-6050,2026-09-24,T+30,5633,1236,6869,2026-08-25T00:55:49.570Z,FALSE,"",08:15,FALSE
fare_DEL-BOM_6E_2026-09-24_T+30_1787620649581_vg5q,DEL-BOM,EaseMyTrip,6E,6E-395,2026-09-24,T+30,5656,1242,6898,2026-08-25T00:55:49.570Z,FALSE,"",21:45,TRUE
fare_DEL-BOM_6E_2026-09-24_T+30_1787620649581_7f0b,DEL-BOM,EaseMyTrip,6E,6E-607,2026-09-24,T+30,5656,1242,6898,2026-08-25T00:55:49.570Z,FALSE,"",21:45,TRUE
fare_DEL-BOM_6E_2026-09-24_T+30_1787620649581_w9zo,DEL-BOM,EaseMyTrip,6E,6E-842,2026-09-24,T+30,5656,1242,6898,2026-08-25T00:55:49.570Z,FALSE,"",20:00,TRUE
fare_DEL-BOM_6E_2026-09-24_T+30_1787620649581_m1xx,DEL-BOM,EaseMyTrip,6E,6E-543,2026-09-24,T+30,5656,1242,6898,2026-08-25T00:55:49.570Z,FALSE,"",20:00,TRUE
fare_DEL-BOM_6E_2026-09-24_T+30_1787620649581_x8p3,DEL-BOM,EaseMyTrip,6E,6E-883,2026-09-24,T+30,5656,1242,6898,2026-08-25T00:55:49.570Z,FALSE,"",19:00,TRUE
fare_DEL-BOM_6E_2026-09-24_T+30_1787620649581_k477,DEL-BOM,EaseMyTrip,6E,6E-110,2026-09-24,T+30,5656,1242,6898,2026-08-25T00:55:49.570Z,FALSE,"",19:00,TRUE
fare_DEL-BOM_6E_2026-09-24_T+30_1787620649581_2dw7,DEL-BOM,EaseMyTrip,6E,6E-783,2026-09-24,T+30,5656,1242,6898,2026-08-25T00:55:49.570Z,FALSE,"",18:00,TRUE
fare_DEL-BOM_6E_2026-09-24_T+30_1787620649581_dwtf,DEL-BOM,EaseMyTrip,6E,6E-295,2026-09-24,T+30,5656,1242,6898,2026-08-25T00:55:49.570Z,FALSE,"",18:00,TRUE
fare_DEL-BOM_6E_2026-09-24_T+30_1787620649581_xbng,DEL-BOM,EaseMyTrip,6E,6E-249,2026-09-24,T+30,5656,1242,6898,2026-08-25T00:55:49.570Z,FALSE,"",20:45,TRUE
fare_DEL-BOM_6E_2026-09-24_T+30_1787620649581_rv4p,DEL-BOM,EaseMyTrip,6E,6E-685,2026-09-24,T+30,5656,1242,6898,2026-08-25T00:55:49.570Z,FALSE,"",20:45,TRUE
fare_DEL-BOM_6E_2026-09-24_T+30_1787620649581_s91c,DEL-BOM,EaseMyTrip,6E,6E-373,2026-09-24,T+30,5656,1242,6898,2026-08-25T00:55:49.570Z,FALSE,"",08:00,TRUE
fare_DEL-BOM_6E_2026-09-24_T+30_1787620649581_my6g,DEL-BOM,EaseMyTrip,6E,6E-618,2026-09-24,T+30,5656,1242,6898,2026-08-25T00:55:49.570Z,FALSE,"",08:00,TRUE
fare_DEL-BOM_6E_2026-09-24_T+30_1787620649581_zeuk,DEL-BOM,EaseMyTrip,6E,6E-6814,2026-09-24,T+30,5656,1242,6898,2026-08-25T00:55:49.570Z,FALSE,"",07:15,TRUE
fare_DEL-BOM_AI_2026-09-24_T+30_1787620649581_6e0e,DEL-BOM,EaseMyTrip,AI,AI-2678,2026-09-24,T+30,5870,1289,7159,2026-08-25T00:55:49.570Z,FALSE,"",08:30,TRUE
fare_DEL-BOM_AI_2026-09-24_T+30_1787620649581_hmf8,DEL-BOM,EaseMyTrip,AI,AI-2975,2026-09-24,T+30,5870,1289,7159,2026-08-25T00:55:49.570Z,FALSE,"",06:30,TRUE
fare_DEL-BOM_AI_2026-09-24_T+30_1787620649581_e6ba,DEL-BOM,EaseMyTrip,AI,AI-1745,2026-09-24,T+30,5870,1289,7159,2026-08-25T00:55:49.570Z,FALSE,"",05:00,TRUE
fare_DEL-BOM_AI_2026-09-24_T+30_1787620649581_nhlv,DEL-BOM,EaseMyTrip,AI,AI-2439,2026-09-24,T+30,5870,1289,7159,2026-08-25T00:55:49.570Z,FALSE,"",23:00,TRUE
fare_DEL-BOM_6E_2026-09-24_T+30_1787620649581_5lhv,DEL-BOM,EaseMyTrip,6E,6E-6293,2026-09-24,T+30,5741,1260,7001,2026-08-25T00:55:49.570Z,FALSE,"",09:55,FALSE
fare_DEL-BOM_6E_2026-09-24_T+30_1787620649581_9leo,DEL-BOM,EaseMyTrip,6E,6E-965,2026-09-24,T+30,5805,1274,7079,2026-08-25T00:55:49.570Z,FALSE,"",19:30,FALSE
fare_DEL-BOM_6E_2026-09-24_T+30_1787620649581_nijh,DEL-BOM,EaseMyTrip,6E,6E-859,2026-09-24,T+30,5805,1274,7079,2026-08-25T00:55:49.570Z,FALSE,"",19:30,FALSE
fare_DEL-BOM_AI_2026-09-24_T+30_1787620649581_p5oo,DEL-BOM,EaseMyTrip,AI,AI-887,2026-09-24,T+30,6043,1326,7369,2026-08-25T00:55:49.570Z,FALSE,"",21:00,TRUE
fare_DEL-BOM_AI_2026-09-24_T+30_1787620649581_t5z6,DEL-BOM,EaseMyTrip,AI,AI-2981,2026-09-24,T+30,6043,1326,7369,2026-08-25T00:55:49.570Z,FALSE,"",21:00,TRUE
fare_DEL-BOM_AI_2026-09-24_T+30_1787620649581_8g5x,DEL-BOM,EaseMyTrip,AI,AI-2429,2026-09-24,T+30,6043,1326,7369,2026-08-25T00:55:49.570Z,FALSE,"",07:00,TRUE
fare_DEL-BOM_AI_2026-09-24_T+30_1787620649581_ikwn,DEL-BOM,EaseMyTrip,AI,AI-2943,2026-09-24,T+30,6043,1326,7369,2026-08-25T00:55:49.570Z,FALSE,"",07:30,TRUE
fare_DEL-BOM_AI_2026-09-24_T+30_1787620649581_17n9,DEL-BOM,EaseMyTrip,AI,AI-2985,2026-09-24,T+30,6043,1326,7369,2026-08-25T00:55:49.570Z,FALSE,"",19:30,TRUE
fare_DEL-BOM_AI_2026-09-24_T+30_1787620649581_iri8,DEL-BOM,EaseMyTrip,AI,AI-2957,2026-09-24,T+30,6043,1326,7369,2026-08-25T00:55:49.570Z,FALSE,"",20:30,TRUE
fare_DEL-BOM_AI_2026-09-24_T+30_1787620649581_sgq2,DEL-BOM,EaseMyTrip,AI,AI-2433,2026-09-24,T+30,6193,1360,7553,2026-08-25T00:55:49.570Z,FALSE,"",21:30,TRUE
fare_DEL-BOM_AI_2026-09-24_T+30_1787620649581_tn0x,DEL-BOM,EaseMyTrip,AI,AI-2805,2026-09-24,T+30,6243,1371,7614,2026-08-25T00:55:49.570Z,FALSE,"",20:00,TRUE
fare_DEL-BOM_AI_2026-09-24_T+30_1787620649581_8f9x,DEL-BOM,EaseMyTrip,AI,AI-2977,2026-09-24,T+30,6294,1382,7676,2026-08-25T00:55:49.570Z,FALSE,"",19:00,TRUE
fare_DEL-BOM_6E_2026-09-24_T+30_1787620649581_peib,DEL-BOM,EaseMyTrip,6E,6E-2381,2026-09-24,T+30,6173,1355,7528,2026-08-25T00:55:49.570Z,FALSE,"",13:45,FALSE
fare_DEL-BOM_6E_2026-09-24_T+30_1787620649581_ubq9,DEL-BOM,EaseMyTrip,6E,6E-636,2026-09-24,T+30,6173,1355,7528,2026-08-25T00:55:49.570Z,FALSE,"",02:25,FALSE
fare_DEL-BOM_6E_2026-09-24_T+30_1787620649581_l4p1,DEL-BOM,EaseMyTrip,6E,6E-659,2026-09-24,T+30,6173,1355,7528,2026-08-25T00:55:49.570Z,FALSE,"",02:25,FALSE
fare_DEL-BOM_6E_2026-09-24_T+30_1787620649581_a6sh,DEL-BOM,EaseMyTrip,6E,6E-288,2026-09-24,T+30,6173,1355,7528,2026-08-25T00:55:49.570Z,FALSE,"",08:30,FALSE
fare_DEL-BOM_6E_2026-09-24_T+30_1787620649581_jejc,DEL-BOM,EaseMyTrip,6E,6E-872,2026-09-24,T+30,6173,1355,7528,2026-08-25T00:55:49.570Z,FALSE,"",08:30,FALSE
fare_DEL-BOM_6E_2026-09-24_T+30_1787620649581_k14l,DEL-BOM,EaseMyTrip,6E,6E-436,2026-09-24,T+30,6173,1355,7528,2026-08-25T00:55:49.570Z,FALSE,"",23:15,FALSE
fare_DEL-BOM_6E_2026-09-24_T+30_1787620649581_xg5r,DEL-BOM,EaseMyTrip,6E,6E-686,2026-09-24,T+30,6173,1355,7528,2026-08-25T00:55:49.570Z,FALSE,"",23:15,FALSE
fare_DEL-BOM_AI_2026-09-24_T+30_1787620649581_ilv4,DEL-BOM,EaseMyTrip,AI,AI-2955,2026-09-24,T+30,6395,1404,7799,2026-08-25T00:55:49.570Z,FALSE,"",18:00,TRUE
fare_DEL-BOM_IX_2026-09-24_T+30_1787620649581_4uor,DEL-BOM,EaseMyTrip,IX,IX-1082,2026-09-24,T+30,6831,1499,8330,2026-08-25T00:55:49.570Z,FALSE,"",21:25,FALSE
fare_DEL-BOM_6E_2026-09-24_T+30_1787620649581_n7fn,DEL-BOM,EaseMyTrip,6E,6E-6497,2026-09-24,T+30,6649,1459,8108,2026-08-25T00:55:49.570Z,FALSE,"",18:45,FALSE
fare_DEL-BOM_6E_2026-09-24_T+30_1787620649581_grr2,DEL-BOM,EaseMyTrip,6E,6E-5298,2026-09-24,T+30,7064,1551,8615,2026-08-25T00:55:49.570Z,FALSE,"",09:00,FALSE
fare_DEL-BOM_IX_2026-09-24_T+30_1787620649581_9bwa,DEL-BOM,EaseMyTrip,IX,IX-1059,2026-09-24,T+30,8142,1787,9929,2026-08-25T00:55:49.570Z,TRUE,"High outlier: ₹9929 > upper fence ₹9027 (Q3: ₹7528, IQR: ₹999)",12:15,FALSE
fare_DEL-BOM_IX_2026-09-24_T+30_1787620649581_wm8y,DEL-BOM,EaseMyTrip,IX,IX-1003,2026-09-24,T+30,8142,1787,9929,2026-08-25T00:55:49.570Z,TRUE,"High outlier: ₹9929 > upper fence ₹9027 (Q3: ₹7528, IQR: ₹999)",19:10,FALSE
fare_DEL-BOM_IX_2026-09-24_T+30_1787620649581_nshw,DEL-BOM,EaseMyTrip,IX,IX-1783,2026-09-24,T+30,8142,1787,9929,2026-08-25T00:55:49.570Z,TRUE,"High outlier: ₹9929 > upper fence ₹9027 (Q3: ₹7528, IQR: ₹999)",07:20,FALSE
fare_DEL-BOM_AI_2026-09-24_T+30_1787620649581_wbpe,DEL-BOM,EaseMyTrip,AI,AI-1780,2026-09-24,T+30,8289,1819,10108,2026-08-25T00:55:49.570Z,TRUE,"High outlier: ₹10108 > upper fence ₹9027 (Q3: ₹7528, IQR: ₹999)",16:10,TRUE
fare_DEL-BOM_AI_2026-09-24_T+30_1787620649581_3r60,DEL-BOM,EaseMyTrip,AI,AI-2569,2026-09-24,T+30,8646,1898,10544,2026-08-25T00:55:49.570Z,TRUE,"High outlier: ₹10544 > upper fence ₹9027 (Q3: ₹7528, IQR: ₹999)",20:30,FALSE
fare_DEL-BOM_AI_2026-09-24_T+30_1787620649581_gsol,DEL-BOM,EaseMyTrip,AI,AI-1710,2026-09-24,T+30,8646,1898,10544,2026-08-25T00:55:49.570Z,TRUE,"High outlier: ₹10544 > upper fence ₹9027 (Q3: ₹7528, IQR: ₹999)",18:35,FALSE
fare_DEL-BOM_6E_2026-09-24_T+30_1787620649581_9mt9,DEL-BOM,EaseMyTrip,6E,6E-2349,2026-09-24,T+30,8512,1868,10380,2026-08-25T00:55:49.570Z,TRUE,"High outlier: ₹10380 > upper fence ₹9027 (Q3: ₹7528, IQR: ₹999)",10:55,FALSE
fare_DEL-BOM_AI_2026-09-24_T+30_1787620649581_wgf1,DEL-BOM,EaseMyTrip,AI,AI-1705,2026-09-24,T+30,8895,1952,10847,2026-08-25T00:55:49.570Z,TRUE,"High outlier: ₹10847 > upper fence ₹9027 (Q3: ₹7528, IQR: ₹999)",06:30,FALSE
fare_DEL-BOM_AI_2026-09-24_T+30_1787620649581_uy5b,DEL-BOM,EaseMyTrip,AI,AI-1719,2026-09-24,T+30,9210,2022,11232,2026-08-25T00:55:49.570Z,TRUE,"High outlier: ₹11232 > upper fence ₹9027 (Q3: ₹7528, IQR: ₹999)",11:55,FALSE
fare_DEL-BOM_AI_2026-09-24_T+30_1787620649581_as31,DEL-BOM,EaseMyTrip,AI,AI-1717,2026-09-24,T+30,9447,2074,11521,2026-08-25T00:55:49.570Z,TRUE,"High outlier: ₹11521 > upper fence ₹9027 (Q3: ₹7528, IQR: ₹999)",14:20,FALSE
fare_DEL-BOM_IX_2026-09-24_T+30_1787620649581_g39e,DEL-BOM,EaseMyTrip,IX,IX-1049,2026-09-24,T+30,9888,2171,12059,2026-08-25T00:55:49.570Z,TRUE,"High outlier: ₹12059 > upper fence ₹9027 (Q3: ₹7528, IQR: ₹999)",18:40,FALSE
fare_DEL-BOM_IX_2026-09-24_T+30_1787620649581_xg2w,DEL-BOM,EaseMyTrip,IX,IX-1817,2026-09-24,T+30,10491,2303,12794,2026-08-25T00:55:49.570Z,TRUE,"High outlier: ₹12794 > upper fence ₹9027 (Q3: ₹7528, IQR: ₹999)",19:30,FALSE
fare_DEL-BOM_AI_2026-09-24_T+30_1787620649581_thbz,DEL-BOM,EaseMyTrip,AI,AI-2509,2026-09-24,T+30,10565,2319,12884,2026-08-25T00:55:49.570Z,TRUE,"High outlier: ₹12884 > upper fence ₹9027 (Q3: ₹7528, IQR: ₹999)",07:00,FALSE
fare_DEL-BOM_AI_2026-09-24_T+30_1787620649581_fo71,DEL-BOM,EaseMyTrip,AI,AI-9920,2026-09-24,T+30,10699,2348,13047,2026-08-25T00:55:49.570Z,TRUE,"High outlier: ₹13047 > upper fence ₹9027 (Q3: ₹7528, IQR: ₹999)",10:50,FALSE
fare_DEL-BOM_IX_2026-09-24_T+30_1787620649581_sji4,DEL-BOM,EaseMyTrip,IX,IX-1051,2026-09-24,T+30,11184,2455,13639,2026-08-25T00:55:49.570Z,TRUE,"High outlier: ₹13639 > upper fence ₹9027 (Q3: ₹7528, IQR: ₹999)",19:05,FALSE
fare_DEL-BOM_AI_2026-09-24_T+30_1787620649581_3wcc,DEL-BOM,EaseMyTrip,AI,AI-2715,2026-09-24,T+30,11186,2455,13641,2026-08-25T00:55:49.570Z,TRUE,"High outlier: ₹13641 > upper fence ₹9027 (Q3: ₹7528, IQR: ₹999)",11:40,FALSE
fare_DEL-BOM_AI_2026-09-24_T+30_1787620649581_r6lb,DEL-BOM,EaseMyTrip,AI,AI-809,2026-09-24,T+30,11273,2475,13748,2026-08-25T00:55:49.570Z,TRUE,"High outlier: ₹13748 > upper fence ₹9027 (Q3: ₹7528, IQR: ₹999)",17:40,FALSE
fare_DEL-BOM_AI_2026-09-24_T+30_1787620649581_ldh0,DEL-BOM,EaseMyTrip,AI,AI-2909,2026-09-24,T+30,11273,2475,13748,2026-08-25T00:55:49.570Z,TRUE,"High outlier: ₹13748 > upper fence ₹9027 (Q3: ₹7528, IQR: ₹999)",22:30,FALSE
fare_DEL-BOM_AI_2026-09-24_T+30_1787620649581_l89a,DEL-BOM,EaseMyTrip,AI,AI-2499,2026-09-24,T+30,11660,2559,14219,2026-08-25T00:55:49.570Z,TRUE,"High outlier: ₹14219 > upper fence ₹9027 (Q3: ₹7528, IQR: ₹999)",06:00,FALSE
fare_DEL-BOM_AI_2026-09-24_T+30_1787620649581_lh1o,DEL-BOM,EaseMyTrip,AI,AI-2761,2026-09-24,T+30,12103,2657,14760,2026-08-25T00:55:49.570Z,TRUE,"High outlier: ₹14760 > upper fence ₹9027 (Q3: ₹7528, IQR: ₹999)",16:25,FALSE
fare_DEL-BOM_IX_2026-09-24_T+30_1787620649581_njr6,DEL-BOM,EaseMyTrip,IX,IX-1108,2026-09-24,T+30,12335,2708,15043,2026-08-25T00:55:49.570Z,TRUE,"High outlier: ₹15043 > upper fence ₹9027 (Q3: ₹7528, IQR: ₹999)",05:00,FALSE
fare_DEL-BOM_AI_2026-09-24_T+30_1787620649581_ue5n,DEL-BOM,EaseMyTrip,AI,AI-9584,2026-09-24,T+30,12951,2843,15794,2026-08-25T00:55:49.570Z,TRUE,"High outlier: ₹15794 > upper fence ₹9027 (Q3: ₹7528, IQR: ₹999)",11:15,FALSE
fare_DEL-BOM_AI_2026-09-24_T+30_1787620649581_0skz,DEL-BOM,EaseMyTrip,AI,AI-1743,2026-09-24,T+30,13065,2868,15933,2026-08-25T00:55:49.570Z,TRUE,"High outlier: ₹15933 > upper fence ₹9027 (Q3: ₹7528, IQR: ₹999)",06:15,FALSE
fare_DEL-BOM_AI_2026-09-24_T+30_1787620649581_1ghc,DEL-BOM,EaseMyTrip,AI,AI-1773,2026-09-24,T+30,13815,3033,16848,2026-08-25T00:55:49.570Z,TRUE,"High outlier: ₹16848 > upper fence ₹9027 (Q3: ₹7528, IQR: ₹999)",10:30,FALSE
fare_DEL-BOM_AI_2026-09-24_T+30_1787620649581_dfff,DEL-BOM,EaseMyTrip,AI,AI-2907,2026-09-24,T+30,13927,3057,16984,2026-08-25T00:55:49.570Z,TRUE,"High outlier: ₹16984 > upper fence ₹9027 (Q3: ₹7528, IQR: ₹999)",12:00,FALSE
fare_DEL-BOM_AI_2026-09-24_T+30_1787620649581_u144,DEL-BOM,EaseMyTrip,AI,AI-2465,2026-09-24,T+30,14880,3266,18146,2026-08-25T00:55:49.570Z,TRUE,"High outlier: ₹18146 > upper fence ₹9027 (Q3: ₹7528, IQR: ₹999)",14:30,FALSE
fare_DEL-BOM_6E_2026-09-24_T+30_1787620649581_rr0m,DEL-BOM,EaseMyTrip,6E,6E-801,2026-09-24,T+30,15022,3298,18320,2026-08-25T00:55:49.570Z,TRUE,"High outlier: ₹18320 > upper fence ₹9027 (Q3: ₹7528, IQR: ₹999)",12:15,FALSE
fare_DEL-BOM_6E_2026-09-24_T+30_1787620649581_a0ro,DEL-BOM,EaseMyTrip,6E,6E-940,2026-09-24,T+30,15022,3298,18320,2026-08-25T00:55:49.570Z,TRUE,"High outlier: ₹18320 > upper fence ₹9027 (Q3: ₹7528, IQR: ₹999)",12:15,FALSE
fare_DEL-BOM_AI_2026-09-24_T+30_1787620649581_km0d,DEL-BOM,EaseMyTrip,AI,AI-2803,2026-09-24,T+30,16370,3593,19963,2026-08-25T00:55:49.570Z,TRUE,"High outlier: ₹19963 > upper fence ₹9027 (Q3: ₹7528, IQR: ₹999)",06:30,FALSE
fare_DEL-BOM_IX_2026-09-24_T+30_1787620649581_fw6f,DEL-BOM,EaseMyTrip,IX,IX-1068,2026-09-24,T+30,17157,3766,20923,2026-08-25T00:55:49.570Z,TRUE,"High outlier: ₹20923 > upper fence ₹9027 (Q3: ₹7528, IQR: ₹999)",11:55,FALSE
fare_DEL-BOM_AI_2026-09-24_T+30_1787620649581_izuz,DEL-BOM,EaseMyTrip,AI,AI-1739,2026-09-24,T+30,17408,3821,21229,2026-08-25T00:55:49.570Z,TRUE,"High outlier: ₹21229 > upper fence ₹9027 (Q3: ₹7528, IQR: ₹999)",11:30,FALSE
fare_DEL-BOM_AI_2026-09-24_T+30_1787620649581_okbh,DEL-BOM,EaseMyTrip,AI,AI-2525,2026-09-24,T+30,18285,4014,22299,2026-08-25T00:55:49.570Z,TRUE,"High outlier: ₹22299 > upper fence ₹9027 (Q3: ₹7528, IQR: ₹999)",06:00,FALSE
fare_DEL-BOM_AI_2026-09-24_T+30_1787620649581_lo4j,DEL-BOM,EaseMyTrip,AI,AI-9757,2026-09-24,T+30,18728,4111,22839,2026-08-25T00:55:49.570Z,TRUE,"High outlier: ₹22839 > upper fence ₹9027 (Q3: ₹7528, IQR: ₹999)",11:50,FALSE
fare_DEL-BOM_6E_2026-09-24_T+30_1787620649581_py4e,DEL-BOM,EaseMyTrip,6E,6E-2496,2026-09-24,T+30,19675,4319,23994,2026-08-25T00:55:49.570Z,TRUE,"High outlier: ₹23994 > upper fence ₹9027 (Q3: ₹7528, IQR: ₹999)",12:40,FALSE
fare_DEL-BOM_AI_2026-09-24_T+30_1787620649581_668e,DEL-BOM,EaseMyTrip,AI,AI-2627,2026-09-24,T+30,23105,5072,28177,2026-08-25T00:55:49.570Z,TRUE,"High outlier: ₹28177 > upper fence ₹9027 (Q3: ₹7528, IQR: ₹999)",10:45,FALSE
fare_DEL-BOM_IX_2026-10-09_T+45_1787620649582_w4p4,DEL-BOM,EaseMyTrip,IX,IX-1056,2026-10-09,T+45,5354,1175,6529,2026-08-25T00:55:55.661Z,FALSE,"",17:50,TRUE
fare_DEL-BOM_IX_2026-10-09_T+45_1787620649582_dvku,DEL-BOM,EaseMyTrip,IX,IX-1235,2026-10-09,T+45,5354,1175,6529,2026-08-25T00:55:55.661Z,FALSE,"",23:25,TRUE
fare_DEL-BOM_IX_2026-10-09_T+45_1787620649582_ktzo,DEL-BOM,EaseMyTrip,IX,IX-1165,2026-10-09,T+45,5354,1175,6529,2026-08-25T00:55:55.661Z,FALSE,"",06:00,FALSE
fare_DEL-BOM_IX_2026-10-09_T+45_1787620649582_pjca,DEL-BOM,EaseMyTrip,IX,IX-1392,2026-10-09,T+45,5354,1175,6529,2026-08-25T00:55:55.661Z,FALSE,"",23:25,FALSE
fare_DEL-BOM_IX_2026-10-09_T+45_1787620649582_wqhu,DEL-BOM,EaseMyTrip,IX,IX-1463,2026-10-09,T+45,5355,1175,6530,2026-08-25T00:55:55.661Z,FALSE,"",11:15,TRUE
fare_DEL-BOM_IX_2026-10-09_T+45_1787620649582_uiu2,DEL-BOM,EaseMyTrip,IX,IX-1038,2026-10-09,T+45,5355,1175,6530,2026-08-25T00:55:55.661Z,FALSE,"",17:35,TRUE
fare_DEL-BOM_IX_2026-10-09_T+45_1787620649582_qeun,DEL-BOM,EaseMyTrip,IX,IX-1024,2026-10-09,T+45,5355,1175,6530,2026-08-25T00:55:55.661Z,FALSE,"",18:40,TRUE
fare_DEL-BOM_SG_2026-10-09_T+45_1787620649582_0kou,DEL-BOM,EaseMyTrip,SG,SG-389,2026-10-09,T+45,5353,1175,6528,2026-08-25T00:55:55.661Z,FALSE,"",04:00,TRUE
fare_DEL-BOM_SG_2026-10-09_T+45_1787620649582_6hot,DEL-BOM,EaseMyTrip,SG,SG-243,2026-10-09,T+45,5353,1175,6528,2026-08-25T00:55:55.661Z,FALSE,"",04:00,TRUE
fare_DEL-BOM_SG_2026-10-09_T+45_1787620649582_ouw4,DEL-BOM,EaseMyTrip,SG,SG-478,2026-10-09,T+45,5353,1175,6528,2026-08-25T00:55:55.661Z,FALSE,"",09:15,TRUE
fare_DEL-BOM_SG_2026-10-09_T+45_1787620649582_xcbk,DEL-BOM,EaseMyTrip,SG,SG-175,2026-10-09,T+45,5353,1175,6528,2026-08-25T00:55:55.661Z,FALSE,"",09:15,TRUE
fare_DEL-BOM_SG_2026-10-09_T+45_1787620649582_qpec,DEL-BOM,EaseMyTrip,SG,SG-115,2026-10-09,T+45,5353,1175,6528,2026-08-25T00:55:55.661Z,FALSE,"",14:45,TRUE
fare_DEL-BOM_SG_2026-10-09_T+45_1787620649582_3fhw,DEL-BOM,EaseMyTrip,SG,SG-271,2026-10-09,T+45,5353,1175,6528,2026-08-25T00:55:55.661Z,FALSE,"",14:45,TRUE
fare_DEL-BOM_SG_2026-10-09_T+45_1787620649582_wmnq,DEL-BOM,EaseMyTrip,SG,SG-543,2026-10-09,T+45,5353,1175,6528,2026-08-25T00:55:55.661Z,FALSE,"",18:35,TRUE
fare_DEL-BOM_SG_2026-10-09_T+45_1787620649582_dtbr,DEL-BOM,EaseMyTrip,SG,SG-713,2026-10-09,T+45,5353,1175,6528,2026-08-25T00:55:55.661Z,FALSE,"",18:35,TRUE
fare_DEL-BOM_SG_2026-10-09_T+45_1787620649582_de2y,DEL-BOM,EaseMyTrip,SG,SG-552,2026-10-09,T+45,5353,1175,6528,2026-08-25T00:55:55.661Z,FALSE,"",20:10,TRUE
fare_DEL-BOM_SG_2026-10-09_T+45_1787620649582_fgdm,DEL-BOM,EaseMyTrip,SG,SG-683,2026-10-09,T+45,5353,1175,6528,2026-08-25T00:55:55.661Z,FALSE,"",20:10,TRUE
fare_DEL-BOM_SG_2026-10-09_T+45_1787620649582_bwq2,DEL-BOM,EaseMyTrip,SG,SG-466,2026-10-09,T+45,5353,1175,6528,2026-08-25T00:55:55.661Z,FALSE,"",21:00,TRUE
fare_DEL-BOM_SG_2026-10-09_T+45_1787620649582_sfj2,DEL-BOM,EaseMyTrip,SG,SG-187,2026-10-09,T+45,5353,1175,6528,2026-08-25T00:55:55.661Z,FALSE,"",21:00,TRUE
fare_DEL-BOM_SG_2026-10-09_T+45_1787620649582_py44,DEL-BOM,EaseMyTrip,SG,SG-179,2026-10-09,T+45,5353,1175,6528,2026-08-25T00:55:55.661Z,FALSE,"",22:30,TRUE
fare_DEL-BOM_SG_2026-10-09_T+45_1787620649582_23ji,DEL-BOM,EaseMyTrip,SG,SG-916,2026-10-09,T+45,5353,1175,6528,2026-08-25T00:55:55.661Z,FALSE,"",22:30,TRUE
fare_DEL-BOM_6E_2026-10-09_T+45_1787620649582_110w,DEL-BOM,EaseMyTrip,6E,6E-5096,2026-10-09,T+45,5282,1160,6442,2026-08-25T00:55:55.661Z,FALSE,"",17:00,TRUE
fare_DEL-BOM_6E_2026-10-09_T+45_1787620649582_scn1,DEL-BOM,EaseMyTrip,6E,6E-6470,2026-10-09,T+45,5354,1175,6529,2026-08-25T00:55:55.661Z,FALSE,"",06:55,TRUE
fare_DEL-BOM_QP_2026-10-09_T+45_1787620649582_yh68,DEL-BOM,EaseMyTrip,QP,QP-1833,2026-10-09,T+45,5355,1175,6530,2026-08-25T00:55:55.661Z,FALSE,"",06:50,TRUE
fare_DEL-BOM_QP_2026-10-09_T+45_1787620649582_6xf3,DEL-BOM,EaseMyTrip,QP,QP-1110,2026-10-09,T+45,5355,1175,6530,2026-08-25T00:55:55.661Z,FALSE,"",10:00,TRUE
fare_DEL-BOM_QP_2026-10-09_T+45_1787620649582_jp50,DEL-BOM,EaseMyTrip,QP,QP-1128,2026-10-09,T+45,5355,1175,6530,2026-08-25T00:55:55.661Z,FALSE,"",16:00,TRUE
fare_DEL-BOM_QP_2026-10-09_T+45_1787620649582_hwyq,DEL-BOM,EaseMyTrip,QP,QP-1820,2026-10-09,T+45,5355,1175,6530,2026-08-25T00:55:55.661Z,FALSE,"",17:30,TRUE
fare_DEL-BOM_QP_2026-10-09_T+45_1787620649582_bodo,DEL-BOM,EaseMyTrip,QP,QP-1119,2026-10-09,T+45,5355,1175,6530,2026-08-25T00:55:55.661Z,FALSE,"",08:40,TRUE
fare_DEL-BOM_6E_2026-10-09_T+45_1787620649582_ctat,DEL-BOM,EaseMyTrip,6E,6E-686,2026-10-09,T+45,5355,1175,6530,2026-08-25T00:55:55.661Z,FALSE,"",16:15,TRUE
fare_DEL-BOM_6E_2026-10-09_T+45_1787620649582_7sc2,DEL-BOM,EaseMyTrip,6E,6E-607,2026-10-09,T+45,5355,1175,6530,2026-08-25T00:55:55.661Z,FALSE,"",16:15,TRUE
fare_DEL-BOM_6E_2026-10-09_T+45_1787620649582_2fo8,DEL-BOM,EaseMyTrip,6E,6E-127,2026-10-09,T+45,5355,1175,6530,2026-08-25T00:55:55.661Z,FALSE,"",15:30,TRUE
fare_DEL-BOM_6E_2026-10-09_T+45_1787620649582_t88x,DEL-BOM,EaseMyTrip,6E,6E-461,2026-10-09,T+45,5355,1175,6530,2026-08-25T00:55:55.661Z,FALSE,"",15:30,TRUE
fare_DEL-BOM_6E_2026-10-09_T+45_1787620649582_zruz,DEL-BOM,EaseMyTrip,6E,6E-6328,2026-10-09,T+45,5355,1175,6530,2026-08-25T00:55:55.661Z,FALSE,"",10:15,TRUE
fare_DEL-BOM_6E_2026-10-09_T+45_1787620649582_oxxv,DEL-BOM,EaseMyTrip,6E,6E-131,2026-10-09,T+45,5355,1175,6530,2026-08-25T00:55:55.661Z,FALSE,"",08:45,TRUE
fare_DEL-BOM_6E_2026-10-09_T+45_1787620649582_u1my,DEL-BOM,EaseMyTrip,6E,6E-624,2026-10-09,T+45,5355,1175,6530,2026-08-25T00:55:55.661Z,FALSE,"",08:45,TRUE
fare_DEL-BOM_QP_2026-10-09_T+45_1787620649582_2ml3,DEL-BOM,EaseMyTrip,QP,QP-2012,2026-10-09,T+45,5416,1189,6605,2026-08-25T00:55:55.661Z,FALSE,"",08:55,TRUE
fare_DEL-BOM_QP_2026-10-09_T+45_1787620649582_oy2l,DEL-BOM,EaseMyTrip,QP,QP-1826,2026-10-09,T+45,5452,1197,6649,2026-08-25T00:55:55.661Z,FALSE,"",19:55,TRUE
fare_DEL-BOM_6E_2026-10-09_T+45_1787620649582_cn6h,DEL-BOM,EaseMyTrip,6E,6E-625,2026-10-09,T+45,5484,1204,6688,2026-08-25T00:55:55.661Z,FALSE,"",23:30,TRUE
fare_DEL-BOM_6E_2026-10-09_T+45_1787620649582_z94c,DEL-BOM,EaseMyTrip,6E,6E-206,2026-10-09,T+45,5484,1204,6688,2026-08-25T00:55:55.661Z,FALSE,"",23:30,TRUE
fare_DEL-BOM_AI_2026-10-09_T+45_1787620649582_hpuc,DEL-BOM,EaseMyTrip,AI,AI-2678,2026-10-09,T+45,5671,1245,6916,2026-08-25T00:55:55.661Z,FALSE,"",08:30,TRUE
fare_DEL-BOM_AI_2026-10-09_T+45_1787620649582_ejln,DEL-BOM,EaseMyTrip,AI,AI-2963,2026-10-09,T+45,5671,1245,6916,2026-08-25T00:55:55.661Z,FALSE,"",09:00,TRUE
fare_DEL-BOM_AI_2026-10-09_T+45_1787620649582_ycbg,DEL-BOM,EaseMyTrip,AI,AI-2425,2026-10-09,T+45,5671,1245,6916,2026-08-25T00:55:55.661Z,FALSE,"",10:30,TRUE
fare_DEL-BOM_AI_2026-10-09_T+45_1787620649582_8oxz,DEL-BOM,EaseMyTrip,AI,AI-2995,2026-10-09,T+45,5671,1245,6916,2026-08-25T00:55:55.661Z,FALSE,"",10:00,TRUE
fare_DEL-BOM_AI_2026-10-09_T+45_1787620649582_4153,DEL-BOM,EaseMyTrip,AI,AI-2933,2026-10-09,T+45,5671,1245,6916,2026-08-25T00:55:55.661Z,FALSE,"",15:30,TRUE
fare_DEL-BOM_6E_2026-10-09_T+45_1787620649582_qxkl,DEL-BOM,EaseMyTrip,6E,6E-5198,2026-10-09,T+45,5556,1220,6776,2026-08-25T00:55:55.661Z,FALSE,"",15:00,TRUE
fare_DEL-BOM_AI_2026-10-09_T+45_1787620649582_hbaq,DEL-BOM,EaseMyTrip,AI,AI-1777,2026-10-09,T+45,5811,1276,7087,2026-08-25T00:55:55.661Z,FALSE,"",16:00,TRUE
fare_DEL-BOM_6E_2026-10-09_T+45_1787620649582_jn8x,DEL-BOM,EaseMyTrip,6E,6E-209,2026-10-09,T+45,5656,1242,6898,2026-08-25T00:55:55.661Z,FALSE,"",03:00,TRUE
fare_DEL-BOM_6E_2026-10-09_T+45_1787620649582_h7l8,DEL-BOM,EaseMyTrip,6E,6E-869,2026-10-09,T+45,5656,1242,6898,2026-08-25T00:55:55.661Z,FALSE,"",03:00,TRUE
fare_DEL-BOM_6E_2026-10-09_T+45_1787620649582_n07h,DEL-BOM,EaseMyTrip,6E,6E-6114,2026-10-09,T+45,5656,1242,6898,2026-08-25T00:55:55.661Z,FALSE,"",22:45,TRUE
fare_DEL-BOM_6E_2026-10-09_T+45_1787620649582_jg1m,DEL-BOM,EaseMyTrip,6E,6E-6706,2026-10-09,T+45,5656,1242,6898,2026-08-25T00:55:55.661Z,FALSE,"",17:00,TRUE
fare_DEL-BOM_6E_2026-10-09_T+45_1787620649582_o54j,DEL-BOM,EaseMyTrip,6E,6E-6022,2026-10-09,T+45,5656,1242,6898,2026-08-25T00:55:55.661Z,FALSE,"",14:00,TRUE
fare_DEL-BOM_6E_2026-10-09_T+45_1787620649582_l026,DEL-BOM,EaseMyTrip,6E,6E-6318,2026-10-09,T+45,5656,1242,6898,2026-08-25T00:55:55.661Z,FALSE,"",14:45,TRUE
fare_DEL-BOM_6E_2026-10-09_T+45_1787620649582_e9le,DEL-BOM,EaseMyTrip,6E,6E-958,2026-10-09,T+45,5656,1242,6898,2026-08-25T00:55:55.661Z,FALSE,"",05:00,TRUE
fare_DEL-BOM_6E_2026-10-09_T+45_1787620649582_vr7d,DEL-BOM,EaseMyTrip,6E,6E-608,2026-10-09,T+45,5656,1242,6898,2026-08-25T00:55:55.661Z,FALSE,"",05:00,TRUE
fare_DEL-BOM_6E_2026-10-09_T+45_1787620649582_2am6,DEL-BOM,EaseMyTrip,6E,6E-6218,2026-10-09,T+45,5656,1242,6898,2026-08-25T00:55:55.661Z,FALSE,"",06:05,TRUE
fare_DEL-BOM_6E_2026-10-09_T+45_1787620649582_64cl,DEL-BOM,EaseMyTrip,6E,6E-6814,2026-10-09,T+45,5656,1242,6898,2026-08-25T00:55:55.661Z,FALSE,"",07:15,TRUE
fare_DEL-BOM_6E_2026-10-09_T+45_1787620649582_hwi0,DEL-BOM,EaseMyTrip,6E,6E-754,2026-10-09,T+45,5656,1242,6898,2026-08-25T00:55:55.661Z,FALSE,"",08:00,TRUE
fare_DEL-BOM_6E_2026-10-09_T+45_1787620649582_9jvw,DEL-BOM,EaseMyTrip,6E,6E-344,2026-10-09,T+45,5656,1242,6898,2026-08-25T00:55:55.661Z,FALSE,"",08:00,TRUE
fare_DEL-BOM_6E_2026-10-09_T+45_1787620649582_l3qp,DEL-BOM,EaseMyTrip,6E,6E-6107,2026-10-09,T+45,5656,1242,6898,2026-08-25T00:55:55.661Z,FALSE,"",09:30,TRUE
fare_DEL-BOM_6E_2026-10-09_T+45_1787620649582_zhii,DEL-BOM,EaseMyTrip,6E,6E-6047,2026-10-09,T+45,5656,1242,6898,2026-08-25T00:55:55.661Z,FALSE,"",11:00,TRUE
fare_DEL-BOM_6E_2026-10-09_T+45_1787620649582_fe7d,DEL-BOM,EaseMyTrip,6E,6E-6676,2026-10-09,T+45,5656,1242,6898,2026-08-25T00:55:55.661Z,FALSE,"",12:00,TRUE
fare_DEL-BOM_6E_2026-10-09_T+45_1787620649582_s5jm,DEL-BOM,EaseMyTrip,6E,6E-383,2026-10-09,T+45,5656,1242,6898,2026-08-25T00:55:55.661Z,FALSE,"",13:00,TRUE
fare_DEL-BOM_6E_2026-10-09_T+45_1787620649582_xut3,DEL-BOM,EaseMyTrip,6E,6E-535,2026-10-09,T+45,5656,1242,6898,2026-08-25T00:55:55.661Z,FALSE,"",13:00,TRUE
fare_DEL-BOM_6E_2026-10-09_T+45_1787620649582_ol8x,DEL-BOM,EaseMyTrip,6E,6E-415,2026-10-09,T+45,5871,1289,7160,2026-08-25T00:55:55.661Z,FALSE,"",21:45,TRUE
fare_DEL-BOM_6E_2026-10-09_T+45_1787620649582_kqzk,DEL-BOM,EaseMyTrip,6E,6E-594,2026-10-09,T+45,5871,1289,7160,2026-08-25T00:55:55.661Z,FALSE,"",21:45,TRUE
fare_DEL-BOM_6E_2026-10-09_T+45_1787620649582_b0o7,DEL-BOM,EaseMyTrip,6E,6E-598,2026-10-09,T+45,5871,1289,7160,2026-08-25T00:55:55.661Z,FALSE,"",20:45,TRUE
fare_DEL-BOM_6E_2026-10-09_T+45_1787620649582_v5zg,DEL-BOM,EaseMyTrip,6E,6E-874,2026-10-09,T+45,5871,1289,7160,2026-08-25T00:55:55.661Z,FALSE,"",20:45,TRUE
fare_DEL-BOM_6E_2026-10-09_T+45_1787620649582_u9l6,DEL-BOM,EaseMyTrip,6E,6E-779,2026-10-09,T+45,5871,1289,7160,2026-08-25T00:55:55.661Z,FALSE,"",20:00,TRUE
fare_DEL-BOM_6E_2026-10-09_T+45_1787620649582_zbp0,DEL-BOM,EaseMyTrip,6E,6E-308,2026-10-09,T+45,5871,1289,7160,2026-08-25T00:55:55.661Z,FALSE,"",20:00,TRUE
fare_DEL-BOM_6E_2026-10-09_T+45_1787620649582_k2s4,DEL-BOM,EaseMyTrip,6E,6E-982,2026-10-09,T+45,5871,1289,7160,2026-08-25T00:55:55.661Z,FALSE,"",19:00,TRUE
fare_DEL-BOM_6E_2026-10-09_T+45_1787620649582_144u,DEL-BOM,EaseMyTrip,6E,6E-153,2026-10-09,T+45,5871,1289,7160,2026-08-25T00:55:55.661Z,FALSE,"",19:00,TRUE
fare_DEL-BOM_6E_2026-10-09_T+45_1787620649582_kxa0,DEL-BOM,EaseMyTrip,6E,6E-302,2026-10-09,T+45,5871,1289,7160,2026-08-25T00:55:55.661Z,FALSE,"",18:00,TRUE
fare_DEL-BOM_6E_2026-10-09_T+45_1787620649582_6vp7,DEL-BOM,EaseMyTrip,6E,6E-544,2026-10-09,T+45,5871,1289,7160,2026-08-25T00:55:55.661Z,FALSE,"",18:00,TRUE
fare_DEL-BOM_AI_2026-10-09_T+45_1787620649582_yyth,DEL-BOM,EaseMyTrip,AI,AI-2975,2026-10-09,T+45,6043,1326,7369,2026-08-25T00:55:55.661Z,FALSE,"",06:30,TRUE
fare_DEL-BOM_AI_2026-10-09_T+45_1787620649582_lbjz,DEL-BOM,EaseMyTrip,AI,AI-2981,2026-10-09,T+45,6043,1326,7369,2026-08-25T00:55:55.661Z,FALSE,"",21:00,TRUE
fare_DEL-BOM_AI_2026-10-09_T+45_1787620649582_idt4,DEL-BOM,EaseMyTrip,AI,AI-1745,2026-10-09,T+45,6043,1326,7369,2026-08-25T00:55:55.661Z,FALSE,"",05:00,TRUE
fare_DEL-BOM_AI_2026-10-09_T+45_1787620649582_3ns0,DEL-BOM,EaseMyTrip,AI,AI-2429,2026-10-09,T+45,6043,1326,7369,2026-08-25T00:55:55.661Z,FALSE,"",07:00,TRUE
fare_DEL-BOM_AI_2026-10-09_T+45_1787620649582_3o5b,DEL-BOM,EaseMyTrip,AI,AI-2943,2026-10-09,T+45,6043,1326,7369,2026-08-25T00:55:55.661Z,FALSE,"",07:30,TRUE
fare_DEL-BOM_AI_2026-10-09_T+45_1787620649582_cgyo,DEL-BOM,EaseMyTrip,AI,AI-2945,2026-10-09,T+45,6043,1326,7369,2026-08-25T00:55:55.661Z,FALSE,"",11:00,TRUE
fare_DEL-BOM_AI_2026-10-09_T+45_1787620649582_m5pp,DEL-BOM,EaseMyTrip,AI,AI-1785,2026-10-09,T+45,6043,1326,7369,2026-08-25T00:55:55.661Z,FALSE,"",12:00,TRUE
fare_DEL-BOM_AI_2026-10-09_T+45_1787620649582_4q8z,DEL-BOM,EaseMyTrip,AI,AI-2441,2026-10-09,T+45,6043,1326,7369,2026-08-25T00:55:55.661Z,FALSE,"",14:10,TRUE
fare_DEL-BOM_AI_2026-10-09_T+45_1787620649582_o9qu,DEL-BOM,EaseMyTrip,AI,AI-441,2026-10-09,T+45,6043,1326,7369,2026-08-25T00:55:55.661Z,FALSE,"",17:00,TRUE
fare_DEL-BOM_AI_2026-10-09_T+45_1787620649582_0ta0,DEL-BOM,EaseMyTrip,AI,AI-2433,2026-10-09,T+45,6043,1326,7369,2026-08-25T00:55:55.661Z,FALSE,"",21:30,TRUE
fare_DEL-BOM_AI_2026-10-09_T+45_1787620649582_2a5n,DEL-BOM,EaseMyTrip,AI,AI-2439,2026-10-09,T+45,6043,1326,7369,2026-08-25T00:55:55.661Z,FALSE,"",23:00,TRUE
fare_DEL-BOM_AI_2026-10-09_T+45_1787620649582_51rc,DEL-BOM,EaseMyTrip,AI,AI-2927,2026-10-09,T+45,6043,1326,7369,2026-08-25T00:55:55.661Z,FALSE,"",09:30,TRUE
fare_DEL-BOM_AI_2026-10-09_T+45_1787620649582_ig9v,DEL-BOM,EaseMyTrip,AI,AI-1780,2026-10-09,T+45,6043,1326,7369,2026-08-25T00:55:55.661Z,FALSE,"",14:30,TRUE
fare_DEL-BOM_6E_2026-10-09_T+45_1787620649582_d4ui,DEL-BOM,EaseMyTrip,6E,6E-195,2026-10-09,T+45,5920,1299,7219,2026-08-25T00:55:55.661Z,FALSE,"",14:50,FALSE
fare_DEL-BOM_6E_2026-10-09_T+45_1787620649582_3o60,DEL-BOM,EaseMyTrip,6E,6E-531,2026-10-09,T+45,5920,1299,7219,2026-08-25T00:55:55.661Z,FALSE,"",14:50,FALSE
fare_DEL-BOM_6E_2026-10-09_T+45_1787620649582_4h10,DEL-BOM,EaseMyTrip,6E,6E-5119,2026-10-09,T+45,5920,1299,7219,2026-08-25T00:55:55.661Z,FALSE,"",05:10,FALSE
fare_DEL-BOM_6E_2026-10-09_T+45_1787620649582_2nuz,DEL-BOM,EaseMyTrip,6E,6E-6190,2026-10-09,T+45,5920,1299,7219,2026-08-25T00:55:55.661Z,FALSE,"",07:40,FALSE
fare_DEL-BOM_6E_2026-10-09_T+45_1787620649582_0gaj,DEL-BOM,EaseMyTrip,6E,6E-2341,2026-10-09,T+45,5920,1299,7219,2026-08-25T00:55:55.661Z,FALSE,"",14:50,FALSE
fare_DEL-BOM_6E_2026-10-09_T+45_1787620649582_yc1b,DEL-BOM,EaseMyTrip,6E,6E-2331,2026-10-09,T+45,5920,1299,7219,2026-08-25T00:55:55.661Z,FALSE,"",12:20,FALSE
fare_DEL-BOM_6E_2026-10-09_T+45_1787620649582_ugvo,DEL-BOM,EaseMyTrip,6E,6E-6261,2026-10-09,T+45,5920,1299,7219,2026-08-25T00:55:55.661Z,FALSE,"",00:15,FALSE
fare_DEL-BOM_6E_2026-10-09_T+45_1787620649582_mbhq,DEL-BOM,EaseMyTrip,6E,6E-318,2026-10-09,T+45,5920,1299,7219,2026-08-25T00:55:55.661Z,FALSE,"",10:00,FALSE
fare_DEL-BOM_6E_2026-10-09_T+45_1787620649582_pate,DEL-BOM,EaseMyTrip,6E,6E-716,2026-10-09,T+45,5920,1299,7219,2026-08-25T00:55:55.661Z,FALSE,"",10:00,FALSE
fare_DEL-BOM_6E_2026-10-09_T+45_1787620649582_hf0f,DEL-BOM,EaseMyTrip,6E,6E-5014,2026-10-09,T+45,5963,1309,7272,2026-08-25T00:55:55.661Z,FALSE,"",18:30,FALSE
fare_DEL-BOM_6E_2026-10-09_T+45_1787620649582_qqou,DEL-BOM,EaseMyTrip,6E,6E-5073,2026-10-09,T+45,5963,1309,7272,2026-08-25T00:55:55.661Z,FALSE,"",17:05,FALSE
fare_DEL-BOM_6E_2026-10-09_T+45_1787620649582_va3y,DEL-BOM,EaseMyTrip,6E,6E-6171,2026-10-09,T+45,5963,1309,7272,2026-08-25T00:55:55.661Z,FALSE,"",05:40,FALSE
fare_DEL-BOM_6E_2026-10-09_T+45_1787620649582_xjrz,DEL-BOM,EaseMyTrip,6E,6E-2076,2026-10-09,T+45,5963,1309,7272,2026-08-25T00:55:55.661Z,FALSE,"",07:30,FALSE
fare_DEL-BOM_6E_2026-10-09_T+45_1787620649582_lcld,DEL-BOM,EaseMyTrip,6E,6E-6983,2026-10-09,T+45,5963,1309,7272,2026-08-25T00:55:55.661Z,FALSE,"",15:35,FALSE
fare_DEL-BOM_6E_2026-10-09_T+45_1787620649582_lyyn,DEL-BOM,EaseMyTrip,6E,6E-682,2026-10-09,T+45,5963,1309,7272,2026-08-25T00:55:55.661Z,FALSE,"",19:30,FALSE
fare_DEL-BOM_6E_2026-10-09_T+45_1787620649582_dql0,DEL-BOM,EaseMyTrip,6E,6E-800,2026-10-09,T+45,5963,1309,7272,2026-08-25T00:55:55.661Z,FALSE,"",19:30,FALSE
fare_DEL-BOM_6E_2026-10-09_T+45_1787620649582_szxz,DEL-BOM,EaseMyTrip,6E,6E-2013,2026-10-09,T+45,5963,1309,7272,2026-08-25T00:55:55.661Z,FALSE,"",21:50,FALSE
fare_DEL-BOM_6E_2026-10-09_T+45_1787620649582_inqi,DEL-BOM,EaseMyTrip,6E,6E-6490,2026-10-09,T+45,6027,1323,7350,2026-08-25T00:55:55.661Z,FALSE,"",04:55,FALSE
fare_DEL-BOM_6E_2026-10-09_T+45_1787620649582_fgkq,DEL-BOM,EaseMyTrip,6E,6E-2249,2026-10-09,T+45,6027,1323,7350,2026-08-25T00:55:55.661Z,FALSE,"",15:00,FALSE
fare_DEL-BOM_6E_2026-10-09_T+45_1787620649582_svkg,DEL-BOM,EaseMyTrip,6E,6E-2169,2026-10-09,T+45,6070,1333,7403,2026-08-25T00:55:55.661Z,FALSE,"",19:40,FALSE
fare_DEL-BOM_6E_2026-10-09_T+45_1787620649582_exj1,DEL-BOM,EaseMyTrip,6E,6E-6829,2026-10-09,T+45,6070,1333,7403,2026-08-25T00:55:55.661Z,FALSE,"",17:20,FALSE
fare_DEL-BOM_6E_2026-10-09_T+45_1787620649582_6lad,DEL-BOM,EaseMyTrip,6E,6E-6443,2026-10-09,T+45,6070,1333,7403,2026-08-25T00:55:55.661Z,FALSE,"",09:00,FALSE
fare_DEL-BOM_6E_2026-10-09_T+45_1787620649582_q4i2,DEL-BOM,EaseMyTrip,6E,6E-6433,2026-10-09,T+45,6070,1333,7403,2026-08-25T00:55:55.661Z,FALSE,"",16:30,FALSE
fare_DEL-BOM_6E_2026-10-09_T+45_1787620649582_u5mf,DEL-BOM,EaseMyTrip,6E,6E-5138,2026-10-09,T+45,6070,1333,7403,2026-08-25T00:55:55.661Z,FALSE,"",19:10,FALSE
fare_DEL-BOM_6E_2026-10-09_T+45_1787620649582_yvlg,DEL-BOM,EaseMyTrip,6E,6E-6459,2026-10-09,T+45,6070,1333,7403,2026-08-25T00:55:55.661Z,FALSE,"",05:55,FALSE
fare_DEL-BOM_AI_2026-10-09_T+45_1787620649582_t9ye,DEL-BOM,EaseMyTrip,AI,AI-2805,2026-10-09,T+45,6243,1371,7614,2026-08-25T00:55:55.661Z,FALSE,"",20:00,TRUE
fare_DEL-BOM_AI_2026-10-09_T+45_1787620649582_q445,DEL-BOM,EaseMyTrip,AI,AI-2985,2026-10-09,T+45,6243,1371,7614,2026-08-25T00:55:55.661Z,FALSE,"",19:30,TRUE
fare_DEL-BOM_AI_2026-10-09_T+45_1787620649582_mqte,DEL-BOM,EaseMyTrip,AI,AI-2957,2026-10-09,T+45,6257,1373,7630,2026-08-25T00:55:55.661Z,FALSE,"",20:30,TRUE
fare_DEL-BOM_6E_2026-10-09_T+45_1787620649582_4xx6,DEL-BOM,EaseMyTrip,6E,6E-485,2026-10-09,T+45,6135,1347,7482,2026-08-25T00:55:55.661Z,FALSE,"",16:30,FALSE
fare_DEL-BOM_6E_2026-10-09_T+45_1787620649582_z1mi,DEL-BOM,EaseMyTrip,6E,6E-621,2026-10-09,T+45,6135,1347,7482,2026-08-25T00:55:55.661Z,FALSE,"",16:30,FALSE
fare_DEL-BOM_6E_2026-10-09_T+45_1787620649582_u67s,DEL-BOM,EaseMyTrip,6E,6E-6479,2026-10-09,T+45,6135,1347,7482,2026-08-25T00:55:55.661Z,FALSE,"",21:25,FALSE
fare_DEL-BOM_6E_2026-10-09_T+45_1787620649582_1oje,DEL-BOM,EaseMyTrip,6E,6E-5038,2026-10-09,T+45,6135,1347,7482,2026-08-25T00:55:55.661Z,FALSE,"",14:00,FALSE
fare_DEL-BOM_6E_2026-10-09_T+45_1787620649582_aitt,DEL-BOM,EaseMyTrip,6E,6E-6050,2026-10-09,T+45,6135,1347,7482,2026-08-25T00:55:55.661Z,FALSE,"",08:15,FALSE
fare_DEL-BOM_6E_2026-10-09_T+45_1787620649582_i7bk,DEL-BOM,EaseMyTrip,6E,6E-2113,2026-10-09,T+45,6135,1347,7482,2026-08-25T00:55:55.661Z,FALSE,"",13:20,FALSE
fare_DEL-BOM_6E_2026-10-09_T+45_1787620649582_98wm,DEL-BOM,EaseMyTrip,6E,6E-815,2026-10-09,T+45,6243,1370,7613,2026-08-25T00:55:55.661Z,FALSE,"",17:55,FALSE
fare_DEL-BOM_6E_2026-10-09_T+45_1787620649582_yoh3,DEL-BOM,EaseMyTrip,6E,6E-887,2026-10-09,T+45,6243,1370,7613,2026-08-25T00:55:55.661Z,FALSE,"",17:55,FALSE
fare_DEL-BOM_6E_2026-10-09_T+45_1787620649582_z9r1,DEL-BOM,EaseMyTrip,6E,6E-6026,2026-10-09,T+45,6243,1370,7613,2026-08-25T00:55:55.661Z,FALSE,"",05:30,FALSE
fare_DEL-BOM_6E_2026-10-09_T+45_1787620649582_rju2,DEL-BOM,EaseMyTrip,6E,6E-654,2026-10-09,T+45,6243,1370,7613,2026-08-25T00:55:55.661Z,FALSE,"",02:25,FALSE
fare_DEL-BOM_6E_2026-10-09_T+45_1787620649582_cm6y,DEL-BOM,EaseMyTrip,6E,6E-723,2026-10-09,T+45,6243,1370,7613,2026-08-25T00:55:55.661Z,FALSE,"",02:25,FALSE
fare_DEL-BOM_6E_2026-10-09_T+45_1787620649582_h3fm,DEL-BOM,EaseMyTrip,6E,6E-950,2026-10-09,T+45,6243,1370,7613,2026-08-25T00:55:55.661Z,FALSE,"",23:15,FALSE
fare_DEL-BOM_6E_2026-10-09_T+45_1787620649582_6m4s,DEL-BOM,EaseMyTrip,6E,6E-7646,2026-10-09,T+45,6269,1376,7645,2026-08-25T00:55:55.661Z,FALSE,"",06:15,FALSE
fare_DEL-BOM_6E_2026-10-09_T+45_1787620649582_jxx2,DEL-BOM,EaseMyTrip,6E,6E-7653,2026-10-09,T+45,6376,1400,7776,2026-08-25T00:55:55.661Z,FALSE,"",17:20,FALSE
fare_DEL-BOM_AI_2026-10-09_T+45_1787620649582_edl5,DEL-BOM,EaseMyTrip,AI,AI-2977,2026-10-09,T+45,6699,1470,8169,2026-08-25T00:55:55.661Z,FALSE,"",19:00,TRUE
fare_DEL-BOM_AI_2026-10-09_T+45_1787620649582_9cm0,DEL-BOM,EaseMyTrip,AI,AI-2955,2026-10-09,T+45,6699,1470,8169,2026-08-25T00:55:55.661Z,FALSE,"",18:00,TRUE
fare_DEL-BOM_IX_2026-10-09_T+45_1787620649582_4udt,DEL-BOM,EaseMyTrip,IX,IX-1082,2026-10-09,T+45,6831,1499,8330,2026-08-25T00:55:55.661Z,FALSE,"",21:25,FALSE
fare_DEL-BOM_6E_2026-10-09_T+45_1787620649582_783x,DEL-BOM,EaseMyTrip,6E,6E-5298,2026-10-09,T+45,6617,1453,8070,2026-08-25T00:55:55.661Z,FALSE,"",09:00,FALSE
fare_DEL-BOM_AI_2026-10-09_T+45_1787620649582_495r,DEL-BOM,EaseMyTrip,AI,AI-2951,2026-10-09,T+45,6836,1500,8336,2026-08-25T00:55:55.661Z,FALSE,"",13:30,TRUE
fare_DEL-BOM_6E_2026-10-09_T+45_1787620649582_icxp,DEL-BOM,EaseMyTrip,6E,6E-6601,2026-10-09,T+45,6725,1476,8201,2026-08-25T00:55:55.661Z,FALSE,"",19:45,FALSE
fare_DEL-BOM_6E_2026-10-09_T+45_1787620649582_hmdx,DEL-BOM,EaseMyTrip,6E,6E-6212,2026-10-09,T+45,6725,1476,8201,2026-08-25T00:55:55.661Z,FALSE,"",14:45,FALSE
fare_DEL-BOM_6E_2026-10-09_T+45_1787620649582_zbbc,DEL-BOM,EaseMyTrip,6E,6E-6282,2026-10-09,T+45,6725,1476,8201,2026-08-25T00:55:55.661Z,FALSE,"",13:30,FALSE
fare_DEL-BOM_6E_2026-10-09_T+45_1787620649582_0g5h,DEL-BOM,EaseMyTrip,6E,6E-2571,2026-10-09,T+45,6831,1500,8331,2026-08-25T00:55:55.661Z,FALSE,"",12:30,FALSE
fare_DEL-BOM_6E_2026-10-09_T+45_1787620649582_2rwm,DEL-BOM,EaseMyTrip,6E,6E-385,2026-10-09,T+45,7248,1591,8839,2026-08-25T00:55:55.661Z,FALSE,"",20:20,TRUE
fare_DEL-BOM_6E_2026-10-09_T+45_1787620649582_fd0u,DEL-BOM,EaseMyTrip,6E,6E-702,2026-10-09,T+45,7248,1591,8839,2026-08-25T00:55:55.661Z,FALSE,"",20:20,TRUE
fare_DEL-BOM_6E_2026-10-09_T+45_1787620649582_t0fj,DEL-BOM,EaseMyTrip,6E,6E-2381,2026-10-09,T+45,7256,1593,8849,2026-08-25T00:55:55.661Z,FALSE,"",13:45,FALSE
fare_DEL-BOM_6E_2026-10-09_T+45_1787620649582_0jc9,DEL-BOM,EaseMyTrip,6E,6E-7642,2026-10-09,T+45,7325,1608,8933,2026-08-25T00:55:55.661Z,FALSE,"",15:45,FALSE
fare_DEL-BOM_6E_2026-10-09_T+45_1787620649582_xikx,DEL-BOM,EaseMyTrip,6E,6E-2349,2026-10-09,T+45,7594,1667,9261,2026-08-25T00:55:55.661Z,FALSE,"",10:55,FALSE
fare_DEL-BOM_IX_2026-10-09_T+45_1787620649582_59ae,DEL-BOM,EaseMyTrip,IX,IX-1049,2026-10-09,T+45,8142,1787,9929,2026-08-25T00:55:55.661Z,FALSE,"",18:40,FALSE
fare_DEL-BOM_IX_2026-10-09_T+45_1787620649582_8ixt,DEL-BOM,EaseMyTrip,IX,IX-1064,2026-10-09,T+45,8142,1787,9929,2026-08-25T00:55:55.661Z,FALSE,"",19:10,FALSE
fare_DEL-BOM_IX_2026-10-09_T+45_1787620649582_8tuk,DEL-BOM,EaseMyTrip,IX,IX-1817,2026-10-09,T+45,8142,1787,9929,2026-08-25T00:55:55.661Z,FALSE,"",19:30,FALSE
fare_DEL-BOM_IX_2026-10-09_T+45_1787620649582_bjkp,DEL-BOM,EaseMyTrip,IX,IX-1057,2026-10-09,T+45,8142,1787,9929,2026-08-25T00:55:55.661Z,FALSE,"",06:20,FALSE
fare_DEL-BOM_AI_2026-10-09_T+45_1787620649582_e07v,DEL-BOM,EaseMyTrip,AI,AI-2761,2026-10-09,T+45,8673,1904,10577,2026-08-25T00:55:55.661Z,FALSE,"",16:25,FALSE
fare_DEL-BOM_IX_2026-10-09_T+45_1787620649582_bsff,DEL-BOM,EaseMyTrip,IX,IX-1051,2026-10-09,T+45,8963,1967,10930,2026-08-25T00:55:55.661Z,FALSE,"",19:05,FALSE
fare_DEL-BOM_AI_2026-10-09_T+45_1787620649582_x92s,DEL-BOM,EaseMyTrip,AI,AI-1705,2026-10-09,T+45,9120,2002,11122,2026-08-25T00:55:55.661Z,FALSE,"",06:30,FALSE
fare_DEL-BOM_AI_2026-10-09_T+45_1787620649582_p1o8,DEL-BOM,EaseMyTrip,AI,AI-2569,2026-10-09,T+45,9447,2074,11521,2026-08-25T00:55:55.661Z,FALSE,"",20:30,FALSE
fare_DEL-BOM_AI_2026-10-09_T+45_1787620649582_6lit,DEL-BOM,EaseMyTrip,AI,AI-1710,2026-10-09,T+45,9447,2074,11521,2026-08-25T00:55:55.661Z,FALSE,"",18:35,FALSE
fare_DEL-BOM_AI_2026-10-09_T+45_1787620649582_6cok,DEL-BOM,EaseMyTrip,AI,AI-1719,2026-10-09,T+45,10008,2197,12205,2026-08-25T00:55:55.661Z,FALSE,"",11:55,FALSE
fare_DEL-BOM_6E_2026-10-09_T+45_1787620649582_qoe8,DEL-BOM,EaseMyTrip,6E,6E-510,2026-10-09,T+45,10919,2397,13316,2026-08-25T00:55:55.661Z,FALSE,"",12:10,FALSE
fare_DEL-BOM_6E_2026-10-09_T+45_1787620649582_uzr8,DEL-BOM,EaseMyTrip,6E,6E-910,2026-10-09,T+45,10919,2397,13316,2026-08-25T00:55:55.661Z,FALSE,"",12:10,FALSE
fare_DEL-BOM_AI_2026-10-09_T+45_1787620649582_gnz5,DEL-BOM,EaseMyTrip,AI,AI-2715,2026-10-09,T+45,11186,2455,13641,2026-08-25T00:55:55.661Z,FALSE,"",11:40,FALSE
fare_DEL-BOM_AI_2026-10-09_T+45_1787620649582_6nkt,DEL-BOM,EaseMyTrip,AI,AI-2909,2026-10-09,T+45,11186,2455,13641,2026-08-25T00:55:55.661Z,FALSE,"",22:30,FALSE
fare_DEL-BOM_AI_2026-10-09_T+45_1787620649582_d2cf,DEL-BOM,EaseMyTrip,AI,AI-2959,2026-10-09,T+45,11186,2455,13641,2026-08-25T00:55:55.661Z,FALSE,"",07:10,FALSE
fare_DEL-BOM_AI_2026-10-09_T+45_1787620649582_0yan,DEL-BOM,EaseMyTrip,AI,AI-2545,2026-10-09,T+45,11186,2455,13641,2026-08-25T00:55:55.661Z,FALSE,"",20:30,FALSE
fare_DEL-BOM_AI_2026-10-09_T+45_1787620649582_0de6,DEL-BOM,EaseMyTrip,AI,AI-531,2026-10-09,T+45,11186,2455,13641,2026-08-25T00:55:55.661Z,FALSE,"",19:20,FALSE
fare_DEL-BOM_AI_2026-10-09_T+45_1787620649582_kq1z,DEL-BOM,EaseMyTrip,AI,AI-809,2026-10-09,T+45,11463,2516,13979,2026-08-25T00:55:55.661Z,FALSE,"",17:40,FALSE
fare_DEL-BOM_6E_2026-10-09_T+45_1787620649582_bxmm,DEL-BOM,EaseMyTrip,6E,6E-593,2026-10-09,T+45,11370,2496,13866,2026-08-25T00:55:55.661Z,FALSE,"",19:30,FALSE
fare_DEL-BOM_6E_2026-10-09_T+45_1787620649582_m72e,DEL-BOM,EaseMyTrip,6E,6E-265,2026-10-09,T+45,11370,2496,13866,2026-08-25T00:55:55.661Z,FALSE,"",19:30,FALSE
fare_DEL-BOM_IX_2026-10-09_T+45_1787620649582_95zf,DEL-BOM,EaseMyTrip,IX,IX-2749,2026-10-09,T+45,12153,2668,14821,2026-08-25T00:55:55.661Z,TRUE,"High outlier: ₹14821 > upper fence ₹14058 (Q3: ₹9762, IQR: ₹2864)",10:25,FALSE
fare_DEL-BOM_IX_2026-10-09_T+45_1787620649582_anvo,DEL-BOM,EaseMyTrip,IX,IX-5975,2026-10-09,T+45,12153,2668,14821,2026-08-25T00:55:55.661Z,TRUE,"High outlier: ₹14821 > upper fence ₹14058 (Q3: ₹9762, IQR: ₹2864)",21:00,FALSE
fare_DEL-BOM_AI_2026-10-09_T+45_1787620649582_0zvp,DEL-BOM,EaseMyTrip,AI,AI-9584,2026-10-09,T+45,12090,2654,14744,2026-08-25T00:55:55.661Z,TRUE,"High outlier: ₹14744 > upper fence ₹14058 (Q3: ₹9762, IQR: ₹2864)",11:15,FALSE
fare_DEL-BOM_AI_2026-10-09_T+45_1787620649582_6z9t,DEL-BOM,EaseMyTrip,AI,AI-2499,2026-10-09,T+45,12202,2679,14881,2026-08-25T00:55:55.661Z,TRUE,"High outlier: ₹14881 > upper fence ₹14058 (Q3: ₹9762, IQR: ₹2864)",06:00,FALSE
fare_DEL-BOM_IX_2026-10-09_T+45_1787620649582_nga3,DEL-BOM,EaseMyTrip,IX,IX-1059,2026-10-09,T+45,12412,2725,15137,2026-08-25T00:55:55.661Z,TRUE,"High outlier: ₹15137 > upper fence ₹14058 (Q3: ₹9762, IQR: ₹2864)",12:15,FALSE
fare_DEL-BOM_IX_2026-10-09_T+45_1787620649582_eewr,DEL-BOM,EaseMyTrip,IX,IX-1783,2026-10-09,T+45,12412,2725,15137,2026-08-25T00:55:55.661Z,TRUE,"High outlier: ₹15137 > upper fence ₹14058 (Q3: ₹9762, IQR: ₹2864)",07:20,FALSE
fare_DEL-BOM_AI_2026-10-09_T+45_1787620649582_aebk,DEL-BOM,EaseMyTrip,AI,AI-9757,2026-10-09,T+45,12393,2720,15113,2026-08-25T00:55:55.661Z,TRUE,"High outlier: ₹15113 > upper fence ₹14058 (Q3: ₹9762, IQR: ₹2864)",11:50,FALSE
fare_DEL-BOM_AI_2026-10-09_T+45_1787620649582_3xsg,DEL-BOM,EaseMyTrip,AI,AI-9674,2026-10-09,T+45,12398,2722,15120,2026-08-25T00:55:55.661Z,TRUE,"High outlier: ₹15120 > upper fence ₹14058 (Q3: ₹9762, IQR: ₹2864)",16:40,FALSE
fare_DEL-BOM_AI_2026-10-09_T+45_1787620649582_895g,DEL-BOM,EaseMyTrip,AI,AI-9418,2026-10-09,T+45,12398,2722,15120,2026-08-25T00:55:55.661Z,TRUE,"High outlier: ₹15120 > upper fence ₹14058 (Q3: ₹9762, IQR: ₹2864)",13:10,FALSE
fare_DEL-BOM_IX_2026-10-09_T+45_1787620649582_cmf9,DEL-BOM,EaseMyTrip,IX,IX-1070,2026-10-09,T+45,12731,2795,15526,2026-08-25T00:55:55.661Z,TRUE,"High outlier: ₹15526 > upper fence ₹14058 (Q3: ₹9762, IQR: ₹2864)",21:15,FALSE
fare_DEL-BOM_AI_2026-10-09_T+45_1787620649582_0zgh,DEL-BOM,EaseMyTrip,AI,AI-2601,2026-10-09,T+45,13065,2868,15933,2026-08-25T00:55:55.661Z,TRUE,"High outlier: ₹15933 > upper fence ₹14058 (Q3: ₹9762, IQR: ₹2864)",17:00,FALSE
fare_DEL-BOM_AI_2026-10-09_T+45_1787620649582_f92o,DEL-BOM,EaseMyTrip,AI,AI-1773,2026-10-09,T+45,13815,3033,16848,2026-08-25T00:55:55.661Z,TRUE,"High outlier: ₹16848 > upper fence ₹14058 (Q3: ₹9762, IQR: ₹2864)",10:30,FALSE
fare_DEL-BOM_QP_2026-10-09_T+45_1787620649582_i2gn,DEL-BOM,EaseMyTrip,QP,QP-1526,2026-10-09,T+45,14049,3084,17133,2026-08-25T00:55:55.661Z,TRUE,"High outlier: ₹17133 > upper fence ₹14058 (Q3: ₹9762, IQR: ₹2864)",16:30,FALSE
fare_DEL-BOM_AI_2026-10-09_T+45_1787620649582_r677,DEL-BOM,EaseMyTrip,AI,AI-1743,2026-10-09,T+45,14443,3170,17613,2026-08-25T00:55:55.661Z,TRUE,"High outlier: ₹17613 > upper fence ₹14058 (Q3: ₹9762, IQR: ₹2864)",06:15,FALSE
fare_DEL-BOM_AI_2026-10-09_T+45_1787620649582_qnht,DEL-BOM,EaseMyTrip,AI,AI-2577,2026-10-09,T+45,14577,3200,17777,2026-08-25T00:55:55.661Z,TRUE,"High outlier: ₹17777 > upper fence ₹14058 (Q3: ₹9762, IQR: ₹2864)",02:00,FALSE
fare_DEL-BOM_IX_2026-10-09_T+45_1787620649582_stu2,DEL-BOM,EaseMyTrip,IX,IX-1068,2026-10-09,T+45,14926,3277,18203,2026-08-25T00:55:55.661Z,TRUE,"High outlier: ₹18203 > upper fence ₹14058 (Q3: ₹9762, IQR: ₹2864)",11:55,FALSE
fare_DEL-BOM_AI_2026-10-09_T+45_1787620649582_gxd9,DEL-BOM,EaseMyTrip,AI,AI-2465,2026-10-09,T+45,14880,3266,18146,2026-08-25T00:55:55.661Z,TRUE,"High outlier: ₹18146 > upper fence ₹14058 (Q3: ₹9762, IQR: ₹2864)",14:30,FALSE
fare_DEL-BOM_AI_2026-10-09_T+45_1787620649582_0o2a,DEL-BOM,EaseMyTrip,AI,AI-2907,2026-10-09,T+45,16747,3676,20423,2026-08-25T00:55:55.661Z,TRUE,"High outlier: ₹20423 > upper fence ₹14058 (Q3: ₹9762, IQR: ₹2864)",12:00,FALSE
fare_DEL-BOM_AI_2026-10-09_T+45_1787620649582_ffye,DEL-BOM,EaseMyTrip,AI,AI-1779,2026-10-09,T+45,17065,3746,20811,2026-08-25T00:55:55.661Z,TRUE,"High outlier: ₹20811 > upper fence ₹14058 (Q3: ₹9762, IQR: ₹2864)",13:45,FALSE
fare_DEL-BOM_IX_2026-10-09_T+45_1787620649582_4gfm,DEL-BOM,EaseMyTrip,IX,IX-1108,2026-10-09,T+45,17257,3788,21045,2026-08-25T00:55:55.661Z,TRUE,"High outlier: ₹21045 > upper fence ₹14058 (Q3: ₹9762, IQR: ₹2864)",05:00,FALSE
fare_DEL-BOM_AI_2026-10-09_T+45_1787620649582_3pfq,DEL-BOM,EaseMyTrip,AI,AI-1739,2026-10-09,T+45,17408,3821,21229,2026-08-25T00:55:55.661Z,TRUE,"High outlier: ₹21229 > upper fence ₹14058 (Q3: ₹9762, IQR: ₹2864)",11:30,FALSE
fare_DEL-BOM_AI_2026-10-09_T+45_1787620649582_c4j2,DEL-BOM,EaseMyTrip,AI,AI-2513,2026-10-09,T+45,17451,3831,21282,2026-08-25T00:55:55.661Z,TRUE,"High outlier: ₹21282 > upper fence ₹14058 (Q3: ₹9762, IQR: ₹2864)",12:10,FALSE
fare_DEL-BOM_AI_2026-10-09_T+45_1787620649582_bj9m,DEL-BOM,EaseMyTrip,AI,AI-427,2026-10-09,T+45,17722,3890,21612,2026-08-25T00:55:55.661Z,TRUE,"High outlier: ₹21612 > upper fence ₹14058 (Q3: ₹9762, IQR: ₹2864)",08:30,FALSE
fare_DEL-BOM_AI_2026-10-09_T+45_1787620649582_sk4i,DEL-BOM,EaseMyTrip,AI,AI-2859,2026-10-09,T+45,17792,3905,21697,2026-08-25T00:55:55.661Z,TRUE,"High outlier: ₹21697 > upper fence ₹14058 (Q3: ₹9762, IQR: ₹2864)",10:30,FALSE
fare_DEL-BOM_AI_2026-10-09_T+45_1787620649582_i5dr,DEL-BOM,EaseMyTrip,AI,AI-2525,2026-10-09,T+45,18285,4014,22299,2026-08-25T00:55:55.661Z,TRUE,"High outlier: ₹22299 > upper fence ₹14058 (Q3: ₹9762, IQR: ₹2864)",06:00,FALSE
fare_DEL-BOM_AI_2026-10-09_T+45_1787620649582_5gtj,DEL-BOM,EaseMyTrip,AI,AI-2483,2026-10-09,T+45,18576,4078,22654,2026-08-25T00:55:55.661Z,TRUE,"High outlier: ₹22654 > upper fence ₹14058 (Q3: ₹9762, IQR: ₹2864)",12:20,FALSE
fare_DEL-BOM_AI_2026-10-09_T+45_1787620649582_j2nf,DEL-BOM,EaseMyTrip,AI,AI-2509,2026-10-09,T+45,20903,4589,25492,2026-08-25T00:55:55.661Z,TRUE,"High outlier: ₹25492 > upper fence ₹14058 (Q3: ₹9762, IQR: ₹2864)",07:00,FALSE
fare_DEL-BOM_AI_2026-10-09_T+45_1787620649582_9tqx,DEL-BOM,EaseMyTrip,AI,AI-2627,2026-10-09,T+45,34897,7660,42557,2026-08-25T00:55:55.661Z,TRUE,"High outlier: ₹42557 > upper fence ₹14058 (Q3: ₹9762, IQR: ₹2864)",10:45,FALSE
fare_DEL-BOM_6E_2026-09-01_T+7_1787620649583_vnqx,DEL-BOM,EaseMyTrip,6E,6E-5014,2026-09-01,T+7,5067,1112,6179,2026-08-25T00:55:37.205Z,FALSE,"",18:30,FALSE
fare_DEL-BOM_6E_2026-09-01_T+7_1787620649583_59y7,DEL-BOM,EaseMyTrip,6E,6E-6261,2026-09-01,T+7,5067,1112,6179,2026-08-25T00:55:37.205Z,FALSE,"",00:15,FALSE
fare_DEL-BOM_6E_2026-09-01_T+7_1787620649583_rqbs,DEL-BOM,EaseMyTrip,6E,6E-5119,2026-09-01,T+7,5067,1112,6179,2026-08-25T00:55:37.205Z,FALSE,"",05:10,FALSE
fare_DEL-BOM_6E_2026-09-01_T+7_1787620649583_f5kk,DEL-BOM,EaseMyTrip,6E,6E-2331,2026-09-01,T+7,5067,1112,6179,2026-08-25T00:55:37.205Z,FALSE,"",12:20,FALSE
fare_DEL-BOM_SG_2026-09-01_T+7_1787620649583_x0jc,DEL-BOM,EaseMyTrip,SG,SG-997,2026-09-01,T+7,5242,1151,6393,2026-08-25T00:55:37.205Z,FALSE,"",22:30,TRUE
fare_DEL-BOM_SG_2026-09-01_T+7_1787620649583_i5m3,DEL-BOM,EaseMyTrip,SG,SG-337,2026-09-01,T+7,5242,1151,6393,2026-08-25T00:55:37.205Z,FALSE,"",22:30,TRUE
fare_DEL-BOM_IX_2026-09-01_T+7_1787620649583_f3mv,DEL-BOM,EaseMyTrip,IX,IX-1235,2026-09-01,T+7,5354,1175,6529,2026-08-25T00:55:37.205Z,FALSE,"",23:25,TRUE
fare_DEL-BOM_IX_2026-09-01_T+7_1787620649583_q4mu,DEL-BOM,EaseMyTrip,IX,IX-1165,2026-09-01,T+7,5354,1175,6529,2026-08-25T00:55:37.205Z,FALSE,"",06:00,FALSE
fare_DEL-BOM_6E_2026-09-01_T+7_1787620649583_y5f1,DEL-BOM,EaseMyTrip,6E,6E-2169,2026-09-01,T+7,5174,1136,6310,2026-08-25T00:55:37.205Z,FALSE,"",19:40,FALSE
fare_DEL-BOM_6E_2026-09-01_T+7_1787620649583_2thc,DEL-BOM,EaseMyTrip,6E,6E-6829,2026-09-01,T+7,5174,1136,6310,2026-08-25T00:55:37.205Z,FALSE,"",17:20,FALSE
fare_DEL-BOM_6E_2026-09-01_T+7_1787620649583_kp93,DEL-BOM,EaseMyTrip,6E,6E-6443,2026-09-01,T+7,5174,1136,6310,2026-08-25T00:55:37.205Z,FALSE,"",09:00,FALSE
fare_DEL-BOM_6E_2026-09-01_T+7_1787620649583_r5p2,DEL-BOM,EaseMyTrip,6E,6E-6433,2026-09-01,T+7,5174,1136,6310,2026-08-25T00:55:37.205Z,FALSE,"",16:30,FALSE
fare_DEL-BOM_6E_2026-09-01_T+7_1787620649583_wuvn,DEL-BOM,EaseMyTrip,6E,6E-5138,2026-09-01,T+7,5174,1136,6310,2026-08-25T00:55:37.205Z,FALSE,"",19:10,FALSE
fare_DEL-BOM_6E_2026-09-01_T+7_1787620649583_g9mn,DEL-BOM,EaseMyTrip,6E,6E-6490,2026-09-01,T+7,5174,1136,6310,2026-08-25T00:55:37.205Z,FALSE,"",04:55,FALSE
fare_DEL-BOM_6E_2026-09-01_T+7_1787620649583_2tdz,DEL-BOM,EaseMyTrip,6E,6E-6459,2026-09-01,T+7,5174,1136,6310,2026-08-25T00:55:37.205Z,FALSE,"",05:55,FALSE
fare_DEL-BOM_6E_2026-09-01_T+7_1787620649583_ls9p,DEL-BOM,EaseMyTrip,6E,6E-999,2026-09-01,T+7,5239,1150,6389,2026-08-25T00:55:37.205Z,FALSE,"",16:30,FALSE
fare_DEL-BOM_6E_2026-09-01_T+7_1787620649583_6wng,DEL-BOM,EaseMyTrip,6E,6E-100,2026-09-01,T+7,5239,1150,6389,2026-08-25T00:55:37.205Z,FALSE,"",16:30,FALSE
fare_DEL-BOM_6E_2026-09-01_T+7_1787620649583_8u1z,DEL-BOM,EaseMyTrip,6E,6E-6479,2026-09-01,T+7,5239,1150,6389,2026-08-25T00:55:37.205Z,FALSE,"",21:25,FALSE
fare_DEL-BOM_6E_2026-09-01_T+7_1787620649583_yc4b,DEL-BOM,EaseMyTrip,6E,6E-5298,2026-09-01,T+7,5239,1150,6389,2026-08-25T00:55:37.205Z,FALSE,"",09:00,FALSE
fare_DEL-BOM_6E_2026-09-01_T+7_1787620649583_nbpo,DEL-BOM,EaseMyTrip,6E,6E-6050,2026-09-01,T+7,5239,1150,6389,2026-08-25T00:55:37.205Z,FALSE,"",08:15,FALSE
fare_DEL-BOM_6E_2026-09-01_T+7_1787620649583_5y6g,DEL-BOM,EaseMyTrip,6E,6E-6601,2026-09-01,T+7,5346,1174,6520,2026-08-25T00:55:37.205Z,FALSE,"",19:45,FALSE
fare_DEL-BOM_6E_2026-09-01_T+7_1787620649583_kuct,DEL-BOM,EaseMyTrip,6E,6E-6282,2026-09-01,T+7,5346,1174,6520,2026-08-25T00:55:37.205Z,FALSE,"",13:30,FALSE
fare_DEL-BOM_6E_2026-09-01_T+7_1787620649584_xcng,DEL-BOM,EaseMyTrip,6E,6E-200,2026-09-01,T+7,5346,1174,6520,2026-08-25T00:55:37.205Z,FALSE,"",02:25,FALSE
fare_DEL-BOM_6E_2026-09-01_T+7_1787620649584_m0uh,DEL-BOM,EaseMyTrip,6E,6E-398,2026-09-01,T+7,5346,1174,6520,2026-08-25T00:55:37.205Z,FALSE,"",02:25,FALSE
fare_DEL-BOM_6E_2026-09-01_T+7_1787620649584_egqy,DEL-BOM,EaseMyTrip,6E,6E-660,2026-09-01,T+7,5346,1174,6520,2026-08-25T00:55:37.205Z,FALSE,"",23:15,FALSE
fare_DEL-BOM_6E_2026-09-01_T+7_1787620649584_bif4,DEL-BOM,EaseMyTrip,6E,6E-963,2026-09-01,T+7,5346,1174,6520,2026-08-25T00:55:37.205Z,FALSE,"",23:15,FALSE
fare_DEL-BOM_6E_2026-09-01_T+7_1787620649584_zn9o,DEL-BOM,EaseMyTrip,6E,6E-6497,2026-09-01,T+7,5346,1174,6520,2026-08-25T00:55:37.205Z,FALSE,"",18:45,FALSE
fare_DEL-BOM_6E_2026-09-01_T+7_1787620649584_8eg8,DEL-BOM,EaseMyTrip,6E,6E-6293,2026-09-01,T+7,5346,1174,6520,2026-08-25T00:55:37.205Z,FALSE,"",09:55,FALSE
fare_DEL-BOM_QP_2026-09-01_T+7_1787620649584_hrgp,DEL-BOM,EaseMyTrip,QP,QP-1807,2026-09-01,T+7,5355,1175,6530,2026-08-25T00:55:37.205Z,FALSE,"",13:40,TRUE
fare_DEL-BOM_QP_2026-09-01_T+7_1787620649584_kjbm,DEL-BOM,EaseMyTrip,QP,QP-1112,2026-09-01,T+7,5355,1175,6530,2026-08-25T00:55:37.205Z,FALSE,"",09:20,TRUE
fare_DEL-BOM_QP_2026-09-01_T+7_1787620649584_dc85,DEL-BOM,EaseMyTrip,QP,QP-1836,2026-09-01,T+7,5355,1175,6530,2026-08-25T00:55:37.205Z,FALSE,"",12:30,TRUE
fare_DEL-BOM_QP_2026-09-01_T+7_1787620649584_n2rf,DEL-BOM,EaseMyTrip,QP,QP-1128,2026-09-01,T+7,5355,1175,6530,2026-08-25T00:55:37.205Z,FALSE,"",16:00,TRUE
fare_DEL-BOM_QP_2026-09-01_T+7_1787620649584_rnvd,DEL-BOM,EaseMyTrip,QP,QP-1820,2026-09-01,T+7,5355,1175,6530,2026-08-25T00:55:37.205Z,FALSE,"",17:30,TRUE
fare_DEL-BOM_QP_2026-09-01_T+7_1787620649584_gtf8,DEL-BOM,EaseMyTrip,QP,QP-1119,2026-09-01,T+7,5355,1175,6530,2026-08-25T00:55:37.205Z,FALSE,"",08:40,TRUE
fare_DEL-BOM_QP_2026-09-01_T+7_1787620649584_82ir,DEL-BOM,EaseMyTrip,QP,QP-1110,2026-09-01,T+7,5355,1175,6530,2026-08-25T00:55:37.205Z,FALSE,"",10:30,TRUE
fare_DEL-BOM_QP_2026-09-01_T+7_1787620649584_daj2,DEL-BOM,EaseMyTrip,QP,QP-1826,2026-09-01,T+7,5355,1175,6530,2026-08-25T00:55:37.205Z,FALSE,"",19:55,TRUE
fare_DEL-BOM_6E_2026-09-01_T+7_1787620649584_aaus,DEL-BOM,EaseMyTrip,6E,6E-6706,2026-09-01,T+7,5355,1175,6530,2026-08-25T00:55:37.205Z,FALSE,"",17:00,TRUE
fare_DEL-BOM_6E_2026-09-01_T+7_1787620649584_7h3b,DEL-BOM,EaseMyTrip,6E,6E-973,2026-09-01,T+7,5355,1175,6530,2026-08-25T00:55:37.205Z,FALSE,"",16:15,TRUE
fare_DEL-BOM_6E_2026-09-01_T+7_1787620649584_tsv3,DEL-BOM,EaseMyTrip,6E,6E-848,2026-09-01,T+7,5355,1175,6530,2026-08-25T00:55:37.205Z,FALSE,"",16:15,TRUE
fare_DEL-BOM_6E_2026-09-01_T+7_1787620649584_vxpn,DEL-BOM,EaseMyTrip,6E,6E-395,2026-09-01,T+7,5355,1175,6530,2026-08-25T00:55:37.205Z,FALSE,"",15:30,TRUE
fare_DEL-BOM_6E_2026-09-01_T+7_1787620649584_naoh,DEL-BOM,EaseMyTrip,6E,6E-511,2026-09-01,T+7,5355,1175,6530,2026-08-25T00:55:37.205Z,FALSE,"",15:30,TRUE
fare_DEL-BOM_6E_2026-09-01_T+7_1787620649584_3cpt,DEL-BOM,EaseMyTrip,6E,6E-6318,2026-09-01,T+7,5355,1175,6530,2026-08-25T00:55:37.205Z,FALSE,"",14:45,TRUE
fare_DEL-BOM_6E_2026-09-01_T+7_1787620649584_uc1g,DEL-BOM,EaseMyTrip,6E,6E-264,2026-09-01,T+7,5355,1175,6530,2026-08-25T00:55:37.205Z,FALSE,"",13:00,TRUE
fare_DEL-BOM_6E_2026-09-01_T+7_1787620649584_vfad,DEL-BOM,EaseMyTrip,6E,6E-208,2026-09-01,T+7,5355,1175,6530,2026-08-25T00:55:37.205Z,FALSE,"",13:00,TRUE
fare_DEL-BOM_6E_2026-09-01_T+7_1787620649584_v8yj,DEL-BOM,EaseMyTrip,6E,6E-6022,2026-09-01,T+7,5355,1175,6530,2026-08-25T00:55:37.205Z,FALSE,"",14:00,TRUE
fare_DEL-BOM_6E_2026-09-01_T+7_1787620649584_s38v,DEL-BOM,EaseMyTrip,6E,6E-6328,2026-09-01,T+7,5355,1175,6530,2026-08-25T00:55:37.205Z,FALSE,"",10:15,TRUE
fare_DEL-BOM_6E_2026-09-01_T+7_1787620649584_tjni,DEL-BOM,EaseMyTrip,6E,6E-6047,2026-09-01,T+7,5355,1175,6530,2026-08-25T00:55:37.205Z,FALSE,"",11:00,TRUE
fare_DEL-BOM_6E_2026-09-01_T+7_1787620649584_8n1m,DEL-BOM,EaseMyTrip,6E,6E-6676,2026-09-01,T+7,5355,1175,6530,2026-08-25T00:55:37.205Z,FALSE,"",12:00,TRUE
fare_DEL-BOM_6E_2026-09-01_T+7_1787620649584_f810,DEL-BOM,EaseMyTrip,6E,6E-584,2026-09-01,T+7,5411,1188,6599,2026-08-25T00:55:37.205Z,FALSE,"",19:30,FALSE
fare_DEL-BOM_6E_2026-09-01_T+7_1787620649584_kq82,DEL-BOM,EaseMyTrip,6E,6E-814,2026-09-01,T+7,5411,1188,6599,2026-08-25T00:55:37.205Z,FALSE,"",19:30,FALSE
fare_DEL-BOM_QP_2026-09-01_T+7_1787620649584_fnz1,DEL-BOM,EaseMyTrip,QP,QP-1940,2026-09-01,T+7,5427,1191,6618,2026-08-25T00:55:37.205Z,FALSE,"",14:00,TRUE
fare_DEL-BOM_QP_2026-09-01_T+7_1787620649584_p93w,DEL-BOM,EaseMyTrip,QP,QP-1833,2026-09-01,T+7,5452,1197,6649,2026-08-25T00:55:37.205Z,FALSE,"",06:50,TRUE
fare_DEL-BOM_6E_2026-09-01_T+7_1787620649584_oppt,DEL-BOM,EaseMyTrip,6E,6E-5073,2026-09-01,T+7,5460,1199,6659,2026-08-25T00:55:37.205Z,FALSE,"",17:05,FALSE
fare_DEL-BOM_6E_2026-09-01_T+7_1787620649584_a4rk,DEL-BOM,EaseMyTrip,6E,6E-791,2026-09-01,T+7,5484,1204,6688,2026-08-25T00:55:37.205Z,FALSE,"",05:00,TRUE
fare_DEL-BOM_6E_2026-09-01_T+7_1787620649584_eork,DEL-BOM,EaseMyTrip,6E,6E-673,2026-09-01,T+7,5484,1204,6688,2026-08-25T00:55:37.205Z,FALSE,"",05:00,TRUE
fare_DEL-BOM_6E_2026-09-01_T+7_1787620649584_pa3h,DEL-BOM,EaseMyTrip,6E,6E-618,2026-09-01,T+7,5484,1204,6688,2026-08-25T00:55:37.205Z,FALSE,"",23:30,TRUE
fare_DEL-BOM_6E_2026-09-01_T+7_1787620649584_4bze,DEL-BOM,EaseMyTrip,6E,6E-986,2026-09-01,T+7,5484,1204,6688,2026-08-25T00:55:37.205Z,FALSE,"",23:30,TRUE
fare_DEL-BOM_6E_2026-09-01_T+7_1787620649584_lta4,DEL-BOM,EaseMyTrip,6E,6E-6114,2026-09-01,T+7,5484,1204,6688,2026-08-25T00:55:37.205Z,FALSE,"",22:45,TRUE
fare_DEL-BOM_6E_2026-09-01_T+7_1787620649584_87j4,DEL-BOM,EaseMyTrip,6E,6E-6218,2026-09-01,T+7,5484,1204,6688,2026-08-25T00:55:37.205Z,FALSE,"",06:05,TRUE
fare_DEL-BOM_6E_2026-09-01_T+7_1787620649584_0976,DEL-BOM,EaseMyTrip,6E,6E-6107,2026-09-01,T+7,5484,1204,6688,2026-08-25T00:55:37.205Z,FALSE,"",09:30,TRUE
fare_DEL-BOM_6E_2026-09-01_T+7_1787620649584_z5y0,DEL-BOM,EaseMyTrip,6E,6E-107,2026-09-01,T+7,5484,1204,6688,2026-08-25T00:55:37.205Z,FALSE,"",08:45,TRUE
fare_DEL-BOM_6E_2026-09-01_T+7_1787620649584_u1vf,DEL-BOM,EaseMyTrip,6E,6E-570,2026-09-01,T+7,5484,1204,6688,2026-08-25T00:55:37.205Z,FALSE,"",08:45,TRUE
fare_DEL-BOM_6E_2026-09-01_T+7_1787620649584_z2m3,DEL-BOM,EaseMyTrip,6E,6E-713,2026-09-01,T+7,5526,1213,6739,2026-08-25T00:55:37.205Z,FALSE,"",20:20,TRUE
fare_DEL-BOM_6E_2026-09-01_T+7_1787620649584_lqgp,DEL-BOM,EaseMyTrip,6E,6E-402,2026-09-01,T+7,5526,1213,6739,2026-08-25T00:55:37.205Z,FALSE,"",20:20,TRUE
fare_DEL-BOM_6E_2026-09-01_T+7_1787620649584_nyma,DEL-BOM,EaseMyTrip,6E,6E-5198,2026-09-01,T+7,5556,1220,6776,2026-08-25T00:55:37.205Z,FALSE,"",15:00,TRUE
fare_DEL-BOM_AI_2026-09-01_T+7_1787620649584_y3ot,DEL-BOM,EaseMyTrip,AI,AI-2951,2026-09-01,T+7,5740,1260,7000,2026-08-25T00:55:37.205Z,FALSE,"",13:30,TRUE
fare_DEL-BOM_AI_2026-09-01_T+7_1787620649584_oewv,DEL-BOM,EaseMyTrip,AI,AI-2941,2026-09-01,T+7,5740,1260,7000,2026-08-25T00:55:37.205Z,FALSE,"",16:30,TRUE
fare_DEL-BOM_AI_2026-09-01_T+7_1787620649584_wo3y,DEL-BOM,EaseMyTrip,AI,AI-2981,2026-09-01,T+7,5740,1260,7000,2026-08-25T00:55:37.205Z,FALSE,"",21:00,TRUE
fare_DEL-BOM_AI_2026-09-01_T+7_1787620649584_nuz0,DEL-BOM,EaseMyTrip,AI,AI-3307,2026-09-01,T+7,5740,1260,7000,2026-08-25T00:55:37.205Z,FALSE,"",04:00,TRUE
fare_DEL-BOM_AI_2026-09-01_T+7_1787620649584_2iny,DEL-BOM,EaseMyTrip,AI,AI-2995,2026-09-01,T+7,5740,1260,7000,2026-08-25T00:55:37.205Z,FALSE,"",10:00,TRUE
fare_DEL-BOM_AI_2026-09-01_T+7_1787620649584_sh9b,DEL-BOM,EaseMyTrip,AI,AI-2945,2026-09-01,T+7,5740,1260,7000,2026-08-25T00:55:37.205Z,FALSE,"",11:00,TRUE
fare_DEL-BOM_AI_2026-09-01_T+7_1787620649584_z475,DEL-BOM,EaseMyTrip,AI,AI-1785,2026-09-01,T+7,5740,1260,7000,2026-08-25T00:55:37.205Z,FALSE,"",12:00,TRUE
fare_DEL-BOM_AI_2026-09-01_T+7_1787620649584_dhoi,DEL-BOM,EaseMyTrip,AI,AI-2933,2026-09-01,T+7,5740,1260,7000,2026-08-25T00:55:37.205Z,FALSE,"",15:30,TRUE
fare_DEL-BOM_AI_2026-09-01_T+7_1787620649584_k9g0,DEL-BOM,EaseMyTrip,AI,AI-1777,2026-09-01,T+7,5740,1260,7000,2026-08-25T00:55:37.205Z,FALSE,"",16:00,TRUE
fare_DEL-BOM_AI_2026-09-01_T+7_1787620649584_03uq,DEL-BOM,EaseMyTrip,AI,AI-441,2026-09-01,T+7,5740,1260,7000,2026-08-25T00:55:37.205Z,FALSE,"",17:00,TRUE
fare_DEL-BOM_AI_2026-09-01_T+7_1787620649584_tnid,DEL-BOM,EaseMyTrip,AI,AI-2927,2026-09-01,T+7,5740,1260,7000,2026-08-25T00:55:37.205Z,FALSE,"",09:30,TRUE
fare_DEL-BOM_6E_2026-09-01_T+7_1787620649584_25zb,DEL-BOM,EaseMyTrip,6E,6E-6010,2026-09-01,T+7,5605,1230,6835,2026-08-25T00:55:37.205Z,FALSE,"",11:20,FALSE
fare_DEL-BOM_6E_2026-09-01_T+7_1787620649584_08zp,DEL-BOM,EaseMyTrip,6E,6E-5206,2026-09-01,T+7,5633,1236,6869,2026-08-25T00:55:37.205Z,FALSE,"",13:20,FALSE
fare_DEL-BOM_6E_2026-09-01_T+7_1787620649584_tuee,DEL-BOM,EaseMyTrip,6E,6E-147,2026-09-01,T+7,5656,1242,6898,2026-08-25T00:55:37.205Z,FALSE,"",19:00,TRUE
fare_DEL-BOM_6E_2026-09-01_T+7_1787620649584_ywue,DEL-BOM,EaseMyTrip,6E,6E-627,2026-09-01,T+7,5656,1242,6898,2026-08-25T00:55:37.205Z,FALSE,"",19:00,TRUE
fare_DEL-BOM_6E_2026-09-01_T+7_1787620649584_wlj7,DEL-BOM,EaseMyTrip,6E,6E-950,2026-09-01,T+7,5656,1242,6898,2026-08-25T00:55:37.205Z,FALSE,"",18:00,TRUE
fare_DEL-BOM_6E_2026-09-01_T+7_1787620649584_jkp5,DEL-BOM,EaseMyTrip,6E,6E-931,2026-09-01,T+7,5656,1242,6898,2026-08-25T00:55:37.205Z,FALSE,"",18:00,TRUE
fare_DEL-BOM_6E_2026-09-01_T+7_1787620649584_6brh,DEL-BOM,EaseMyTrip,6E,6E-204,2026-09-01,T+7,5656,1242,6898,2026-08-25T00:55:37.205Z,FALSE,"",21:45,TRUE
fare_DEL-BOM_6E_2026-09-01_T+7_1787620649584_6uul,DEL-BOM,EaseMyTrip,6E,6E-854,2026-09-01,T+7,5656,1242,6898,2026-08-25T00:55:37.205Z,FALSE,"",21:45,TRUE
fare_DEL-BOM_6E_2026-09-01_T+7_1787620649584_9ieg,DEL-BOM,EaseMyTrip,6E,6E-6814,2026-09-01,T+7,5656,1242,6898,2026-08-25T00:55:37.205Z,FALSE,"",07:15,TRUE
fare_DEL-BOM_6E_2026-09-01_T+7_1787620649584_5w6j,DEL-BOM,EaseMyTrip,6E,6E-421,2026-09-01,T+7,5656,1242,6898,2026-08-25T00:55:37.205Z,FALSE,"",08:00,TRUE
fare_DEL-BOM_6E_2026-09-01_T+7_1787620649584_x6ni,DEL-BOM,EaseMyTrip,6E,6E-349,2026-09-01,T+7,5656,1242,6898,2026-08-25T00:55:37.205Z,FALSE,"",08:00,TRUE
fare_DEL-BOM_AI_2026-09-01_T+7_1787620649584_ji3r,DEL-BOM,EaseMyTrip,AI,AI-2678,2026-09-01,T+7,5870,1289,7159,2026-08-25T00:55:37.205Z,FALSE,"",08:30,TRUE
fare_DEL-BOM_AI_2026-09-01_T+7_1787620649584_1eu1,DEL-BOM,EaseMyTrip,AI,AI-2975,2026-09-01,T+7,5870,1289,7159,2026-08-25T00:55:37.205Z,FALSE,"",06:30,TRUE
fare_DEL-BOM_AI_2026-09-01_T+7_1787620649584_4ao6,DEL-BOM,EaseMyTrip,AI,AI-2510,2026-09-01,T+7,5870,1289,7159,2026-08-25T00:55:37.205Z,FALSE,"",02:45,TRUE
fare_DEL-BOM_AI_2026-09-01_T+7_1787620649584_5fsu,DEL-BOM,EaseMyTrip,AI,AI-1745,2026-09-01,T+7,5870,1289,7159,2026-08-25T00:55:37.205Z,FALSE,"",05:00,TRUE
fare_DEL-BOM_AI_2026-09-01_T+7_1787620649584_xnl3,DEL-BOM,EaseMyTrip,AI,AI-2439,2026-09-01,T+7,5870,1289,7159,2026-08-25T00:55:37.205Z,FALSE,"",23:00,TRUE
fare_DEL-BOM_IX_2026-09-01_T+7_1787620649584_qhwy,DEL-BOM,EaseMyTrip,IX,IX-1038,2026-09-01,T+7,6057,1329,7386,2026-08-25T00:55:37.205Z,FALSE,"",17:35,TRUE
fare_DEL-BOM_6E_2026-09-01_T+7_1787620649584_xj2a,DEL-BOM,EaseMyTrip,6E,6E-6190,2026-09-01,T+7,5853,1285,7138,2026-08-25T00:55:37.205Z,FALSE,"",07:40,FALSE
fare_DEL-BOM_6E_2026-09-01_T+7_1787620649584_9mou,DEL-BOM,EaseMyTrip,6E,6E-5137,2026-09-01,T+7,5853,1285,7138,2026-08-25T00:55:37.205Z,FALSE,"",10:50,FALSE
fare_DEL-BOM_6E_2026-09-01_T+7_1787620649584_f3xs,DEL-BOM,EaseMyTrip,6E,6E-412,2026-09-01,T+7,5871,1289,7160,2026-08-25T00:55:37.205Z,FALSE,"",20:00,TRUE
fare_DEL-BOM_6E_2026-09-01_T+7_1787620649584_s4l2,DEL-BOM,EaseMyTrip,6E,6E-382,2026-09-01,T+7,5871,1289,7160,2026-08-25T00:55:37.205Z,FALSE,"",20:00,TRUE
fare_DEL-BOM_AI_2026-09-01_T+7_1787620649584_eabq,DEL-BOM,EaseMyTrip,AI,AI-2963,2026-09-01,T+7,6043,1326,7369,2026-08-25T00:55:37.205Z,FALSE,"",09:00,TRUE
fare_DEL-BOM_6E_2026-09-01_T+7_1787620649584_87jr,DEL-BOM,EaseMyTrip,6E,6E-2076,2026-09-01,T+7,5893,1294,7187,2026-08-25T00:55:37.205Z,FALSE,"",07:30,FALSE
fare_DEL-BOM_6E_2026-09-01_T+7_1787620649584_v3e8,DEL-BOM,EaseMyTrip,6E,6E-2013,2026-09-01,T+7,5893,1294,7187,2026-08-25T00:55:37.205Z,FALSE,"",21:50,FALSE
fare_DEL-BOM_6E_2026-09-01_T+7_1787620649584_r4ns,DEL-BOM,EaseMyTrip,6E,6E-5038,2026-09-01,T+7,6066,1331,7397,2026-08-25T00:55:37.205Z,FALSE,"",14:00,FALSE
fare_DEL-BOM_AI_2026-09-01_T+7_1787620649584_ryyj,DEL-BOM,EaseMyTrip,AI,AI-2429,2026-09-01,T+7,6257,1373,7630,2026-08-25T00:55:37.205Z,FALSE,"",07:00,TRUE
fare_DEL-BOM_AI_2026-09-01_T+7_1787620649584_iivf,DEL-BOM,EaseMyTrip,AI,AI-2943,2026-09-01,T+7,6257,1373,7630,2026-08-25T00:55:37.205Z,FALSE,"",07:30,TRUE
fare_DEL-BOM_AI_2026-09-01_T+7_1787620649584_mi54,DEL-BOM,EaseMyTrip,AI,AI-2433,2026-09-01,T+7,6257,1373,7630,2026-08-25T00:55:37.205Z,FALSE,"",21:30,TRUE
fare_DEL-BOM_6E_2026-09-01_T+7_1787620649584_nxdn,DEL-BOM,EaseMyTrip,6E,6E-6470,2026-09-01,T+7,6172,1355,7527,2026-08-25T00:55:37.205Z,FALSE,"",06:55,TRUE
fare_DEL-BOM_AI_2026-09-01_T+7_1787620649584_rg5o,DEL-BOM,EaseMyTrip,AI,AI-2985,2026-09-01,T+7,6414,1408,7822,2026-08-25T00:55:37.205Z,FALSE,"",19:30,TRUE
fare_DEL-BOM_6E_2026-09-01_T+7_1787620649584_i2fq,DEL-BOM,EaseMyTrip,6E,6E-6983,2026-09-01,T+7,6369,1398,7767,2026-08-25T00:55:37.205Z,FALSE,"",15:35,FALSE
fare_DEL-BOM_AI_2026-09-01_T+7_1787620649584_a8yl,DEL-BOM,EaseMyTrip,AI,AI-2977,2026-09-01,T+7,6624,1454,8078,2026-08-25T00:55:37.205Z,FALSE,"",19:00,TRUE
fare_DEL-BOM_AI_2026-09-01_T+7_1787620649584_v6q0,DEL-BOM,EaseMyTrip,AI,AI-2955,2026-09-01,T+7,6624,1454,8078,2026-08-25T00:55:37.205Z,FALSE,"",18:00,TRUE
fare_DEL-BOM_IX_2026-09-01_T+7_1787620649584_cwqc,DEL-BOM,EaseMyTrip,IX,IX-1108,2026-09-01,T+7,6831,1499,8330,2026-08-25T00:55:37.205Z,FALSE,"",05:00,FALSE
fare_DEL-BOM_AI_2026-09-01_T+7_1787620649584_aorc,DEL-BOM,EaseMyTrip,AI,AI-2957,2026-09-01,T+7,6836,1500,8336,2026-08-25T00:55:37.205Z,FALSE,"",20:30,TRUE
fare_DEL-BOM_6E_2026-09-01_T+7_1787620649584_nzs8,DEL-BOM,EaseMyTrip,6E,6E-6171,2026-09-01,T+7,6892,1513,8405,2026-08-25T00:55:37.205Z,FALSE,"",05:40,FALSE
fare_DEL-BOM_6E_2026-09-01_T+7_1787620649584_4gtu,DEL-BOM,EaseMyTrip,6E,6E-2381,2026-09-01,T+7,7172,1574,8746,2026-08-25T00:55:37.205Z,FALSE,"",13:45,FALSE
fare_DEL-BOM_6E_2026-09-01_T+7_1787620649584_xt20,DEL-BOM,EaseMyTrip,6E,6E-599,2026-09-01,T+7,7237,1588,8825,2026-08-25T00:55:37.205Z,FALSE,"",12:15,FALSE
fare_DEL-BOM_6E_2026-09-01_T+7_1787620649584_jgw7,DEL-BOM,EaseMyTrip,6E,6E-630,2026-09-01,T+7,7237,1588,8825,2026-08-25T00:55:37.205Z,FALSE,"",12:15,FALSE
fare_DEL-BOM_IX_2026-09-01_T+7_1787620649584_puoj,DEL-BOM,EaseMyTrip,IX,IX-1003,2026-09-01,T+7,7486,1643,9129,2026-08-25T00:55:37.205Z,FALSE,"",19:10,FALSE
fare_DEL-BOM_IX_2026-09-01_T+7_1787620649584_bqh5,DEL-BOM,EaseMyTrip,IX,IX-1051,2026-09-01,T+7,7486,1643,9129,2026-08-25T00:55:37.205Z,FALSE,"",19:05,FALSE
fare_DEL-BOM_6E_2026-09-01_T+7_1787620649584_70fz,DEL-BOM,EaseMyTrip,6E,6E-7642,2026-09-01,T+7,7624,1673,9297,2026-08-25T00:55:37.205Z,FALSE,"",15:45,FALSE
fare_DEL-BOM_6E_2026-09-01_T+7_1787620649584_qwpb,DEL-BOM,EaseMyTrip,6E,6E-7646,2026-09-01,T+7,8303,1823,10126,2026-08-25T00:55:37.205Z,FALSE,"",06:15,FALSE
fare_DEL-BOM_AI_2026-09-01_T+7_1787620649584_eesr,DEL-BOM,EaseMyTrip,AI,AI-2499,2026-09-01,T+7,8646,1898,10544,2026-08-25T00:55:37.205Z,FALSE,"",06:00,FALSE
fare_DEL-BOM_6E_2026-09-01_T+7_1787620649584_valh,DEL-BOM,EaseMyTrip,6E,6E-2349,2026-09-01,T+7,8512,1868,10380,2026-08-25T00:55:37.205Z,FALSE,"",10:55,FALSE
fare_DEL-BOM_AI_2026-09-01_T+7_1787620649584_hmai,DEL-BOM,EaseMyTrip,AI,AI-1780,2026-09-01,T+7,8719,1914,10633,2026-08-25T00:55:37.205Z,FALSE,"",16:10,TRUE
fare_DEL-BOM_6E_2026-09-01_T+7_1787620649584_joyp,DEL-BOM,EaseMyTrip,6E,6E-638,2026-09-01,T+7,8668,1903,10571,2026-08-25T00:55:37.205Z,FALSE,"",19:35,FALSE
fare_DEL-BOM_6E_2026-09-01_T+7_1787620649584_wf5w,DEL-BOM,EaseMyTrip,6E,6E-876,2026-09-01,T+7,8668,1903,10571,2026-08-25T00:55:37.205Z,FALSE,"",19:35,FALSE
fare_DEL-BOM_AI_2026-09-01_T+7_1787620649584_jhlg,DEL-BOM,EaseMyTrip,AI,AI-9920,2026-09-01,T+7,9164,2012,11176,2026-08-25T00:55:37.205Z,FALSE,"",10:50,FALSE
fare_DEL-BOM_AI_2026-09-01_T+7_1787620649584_7s54,DEL-BOM,EaseMyTrip,AI,AI-2509,2026-09-01,T+7,9186,2016,11202,2026-08-25T00:55:37.205Z,FALSE,"",07:00,FALSE
fare_DEL-BOM_AI_2026-09-01_T+7_1787620649584_idl3,DEL-BOM,EaseMyTrip,AI,AI-2761,2026-09-01,T+7,9210,2022,11232,2026-08-25T00:55:37.205Z,FALSE,"",16:25,FALSE
fare_DEL-BOM_6E_2026-09-01_T+7_1787620649584_8bh0,DEL-BOM,EaseMyTrip,6E,6E-2341,2026-09-01,T+7,9127,2004,11131,2026-08-25T00:55:37.205Z,FALSE,"",14:50,FALSE
fare_DEL-BOM_6E_2026-09-01_T+7_1787620649584_e26k,DEL-BOM,EaseMyTrip,6E,6E-944,2026-09-01,T+7,9127,2004,11131,2026-08-25T00:55:37.205Z,FALSE,"",10:00,FALSE
fare_DEL-BOM_6E_2026-09-01_T+7_1787620649584_lzzc,DEL-BOM,EaseMyTrip,6E,6E-184,2026-09-01,T+7,9324,2047,11371,2026-08-25T00:55:37.205Z,FALSE,"",08:30,FALSE
fare_DEL-BOM_6E_2026-09-01_T+7_1787620649584_6kp3,DEL-BOM,EaseMyTrip,6E,6E-696,2026-09-01,T+7,9324,2047,11371,2026-08-25T00:55:37.205Z,FALSE,"",08:30,FALSE
fare_DEL-BOM_IX_2026-09-01_T+7_1787620649584_5ver,DEL-BOM,EaseMyTrip,IX,IX-1049,2026-09-01,T+7,9888,2171,12059,2026-08-25T00:55:37.205Z,FALSE,"",18:40,FALSE
fare_DEL-BOM_AI_2026-09-01_T+7_1787620649584_p976,DEL-BOM,EaseMyTrip,AI,AI-1710,2026-09-01,T+7,9851,2163,12014,2026-08-25T00:55:37.205Z,FALSE,"",18:35,FALSE
fare_DEL-BOM_AI_2026-09-01_T+7_1787620649584_p6pa,DEL-BOM,EaseMyTrip,AI,AI-1717,2026-09-01,T+7,9851,2163,12014,2026-08-25T00:55:37.205Z,FALSE,"",14:20,FALSE
fare_DEL-BOM_AI_2026-09-01_T+7_1787620649584_bwky,DEL-BOM,EaseMyTrip,AI,AI-1705,2026-09-01,T+7,10376,2278,12654,2026-08-25T00:55:37.205Z,FALSE,"",06:30,FALSE
fare_DEL-BOM_AI_2026-09-01_T+7_1787620649584_30ad,DEL-BOM,EaseMyTrip,AI,AI-9757,2026-09-01,T+7,10456,2295,12751,2026-08-25T00:55:37.205Z,FALSE,"",11:50,FALSE
fare_DEL-BOM_6E_2026-09-01_T+7_1787620649584_lbl3,DEL-BOM,EaseMyTrip,6E,6E-2249,2026-09-01,T+7,10396,2282,12678,2026-08-25T00:55:37.205Z,FALSE,"",15:00,FALSE
fare_DEL-BOM_AI_2026-09-01_T+7_1787620649584_gbn0,DEL-BOM,EaseMyTrip,AI,AI-1719,2026-09-01,T+7,10578,2322,12900,2026-08-25T00:55:37.205Z,FALSE,"",11:55,FALSE
fare_DEL-BOM_AI_2026-09-01_T+7_1787620649584_eex1,DEL-BOM,EaseMyTrip,AI,AI-809,2026-09-01,T+7,11273,2475,13748,2026-08-25T00:55:37.205Z,TRUE,"High outlier: ₹13748 > upper fence ₹13133 (Q3: ₹9171, IQR: ₹2641)",17:40,FALSE
fare_DEL-BOM_AI_2026-09-01_T+7_1787620649584_pbgs,DEL-BOM,EaseMyTrip,AI,AI-2939,2026-09-01,T+7,11273,2475,13748,2026-08-25T00:55:37.205Z,TRUE,"High outlier: ₹13748 > upper fence ₹13133 (Q3: ₹9171, IQR: ₹2641)",16:40,FALSE
fare_DEL-BOM_AI_2026-09-01_T+7_1787620649584_hyz3,DEL-BOM,EaseMyTrip,AI,AI-881,2026-09-01,T+7,11273,2475,13748,2026-08-25T00:55:37.205Z,TRUE,"High outlier: ₹13748 > upper fence ₹13133 (Q3: ₹9171, IQR: ₹2641)",13:35,FALSE
fare_DEL-BOM_AI_2026-09-01_T+7_1787620649584_utbl,DEL-BOM,EaseMyTrip,AI,AI-2715,2026-09-01,T+7,12197,2677,14874,2026-08-25T00:55:37.205Z,TRUE,"High outlier: ₹14874 > upper fence ₹13133 (Q3: ₹9171, IQR: ₹2641)",11:40,FALSE
fare_DEL-BOM_AI_2026-09-01_T+7_1787620649584_i8nh,DEL-BOM,EaseMyTrip,AI,AI-1743,2026-09-01,T+7,13065,2868,15933,2026-08-25T00:55:37.205Z,TRUE,"High outlier: ₹15933 > upper fence ₹13133 (Q3: ₹9171, IQR: ₹2641)",06:15,FALSE
fare_DEL-BOM_AI_2026-09-01_T+7_1787620649584_khvm,DEL-BOM,EaseMyTrip,AI,AI-491,2026-09-01,T+7,13815,3033,16848,2026-08-25T00:55:37.205Z,TRUE,"High outlier: ₹16848 > upper fence ₹13133 (Q3: ₹9171, IQR: ₹2641)",11:15,FALSE
fare_DEL-BOM_AI_2026-09-01_T+7_1787620649584_yr36,DEL-BOM,EaseMyTrip,AI,AI-1773,2026-09-01,T+7,13815,3033,16848,2026-08-25T00:55:37.205Z,TRUE,"High outlier: ₹16848 > upper fence ₹13133 (Q3: ₹9171, IQR: ₹2641)",10:30,FALSE
fare_DEL-BOM_AI_2026-09-01_T+7_1787620649584_82dp,DEL-BOM,EaseMyTrip,AI,AI-9584,2026-09-01,T+7,13898,3051,16949,2026-08-25T00:55:37.205Z,TRUE,"High outlier: ₹16949 > upper fence ₹13133 (Q3: ₹9171, IQR: ₹2641)",11:15,FALSE
fare_DEL-BOM_AI_2026-09-01_T+7_1787620649584_jq5i,DEL-BOM,EaseMyTrip,AI,AI-2907,2026-09-01,T+7,13927,3057,16984,2026-08-25T00:55:37.205Z,TRUE,"High outlier: ₹16984 > upper fence ₹13133 (Q3: ₹9171, IQR: ₹2641)",12:00,FALSE
fare_DEL-BOM_IX_2026-09-01_T+7_1787620649584_asg3,DEL-BOM,EaseMyTrip,IX,IX-1068,2026-09-01,T+7,14426,3167,17593,2026-08-25T00:55:37.205Z,TRUE,"High outlier: ₹17593 > upper fence ₹13133 (Q3: ₹9171, IQR: ₹2641)",11:55,FALSE
fare_DEL-BOM_AI_2026-09-01_T+7_1787620649584_11qa,DEL-BOM,EaseMyTrip,AI,AI-2577,2026-09-01,T+7,14577,3200,17777,2026-08-25T00:55:37.205Z,TRUE,"High outlier: ₹17777 > upper fence ₹13133 (Q3: ₹9171, IQR: ₹2641)",02:00,FALSE
fare_DEL-BOM_AI_2026-09-01_T+7_1787620649584_hep8,DEL-BOM,EaseMyTrip,AI,AI-2859,2026-09-01,T+7,14577,3200,17777,2026-08-25T00:55:37.205Z,TRUE,"High outlier: ₹17777 > upper fence ₹13133 (Q3: ₹9171, IQR: ₹2641)",10:30,FALSE
fare_DEL-BOM_AI_2026-09-01_T+7_1787620649584_8ua0,DEL-BOM,EaseMyTrip,AI,AI-2465,2026-09-01,T+7,14880,3266,18146,2026-08-25T00:55:37.205Z,TRUE,"High outlier: ₹18146 > upper fence ₹13133 (Q3: ₹9171, IQR: ₹2641)",14:30,FALSE
fare_DEL-BOM_AI_2026-09-01_T+7_1787620649584_ttuw,DEL-BOM,EaseMyTrip,AI,AI-1779,2026-09-01,T+7,16489,3619,20108,2026-08-25T00:55:37.205Z,TRUE,"High outlier: ₹20108 > upper fence ₹13133 (Q3: ₹9171, IQR: ₹2641)",13:45,FALSE
fare_DEL-BOM_AI_2026-09-01_T+7_1787620649584_j9hs,DEL-BOM,EaseMyTrip,AI,AI-1739,2026-09-01,T+7,17408,3821,21229,2026-08-25T00:55:37.205Z,TRUE,"High outlier: ₹21229 > upper fence ₹13133 (Q3: ₹9171, IQR: ₹2641)",11:30,FALSE
fare_DEL-BOM_AI_2026-09-01_T+7_1787620649584_hl63,DEL-BOM,EaseMyTrip,AI,AI-2525,2026-09-01,T+7,19250,4225,23475,2026-08-25T00:55:37.205Z,TRUE,"High outlier: ₹23475 > upper fence ₹13133 (Q3: ₹9171, IQR: ₹2641)",06:00,FALSE
fare_DEL-BOM_AI_2026-09-01_T+7_1787620649584_ukj8,DEL-BOM,EaseMyTrip,AI,AI-2483,2026-09-01,T+7,19250,4225,23475,2026-08-25T00:55:37.205Z,TRUE,"High outlier: ₹23475 > upper fence ₹13133 (Q3: ₹9171, IQR: ₹2641)",12:20,FALSE
fare_DEL-BOM_AI_2026-09-01_T+7_1787620649584_q2y5,DEL-BOM,EaseMyTrip,AI,AI-2627,2026-09-01,T+7,19944,4378,24322,2026-08-25T00:55:37.205Z,TRUE,"High outlier: ₹24322 > upper fence ₹13133 (Q3: ₹9171, IQR: ₹2641)",10:45,FALSE