id,route_id,source,carrier,flight_number,flight_date,booking_window,base_fare,taxes,total_fare,scraped_at,is_outlier,outlier_reason,departure_time,is_nonstop
fare_BOM-DEL_IX_2026-09-08_T+15_1787534246742_5sg8,BOM-DEL,EaseMyTrip,IX,IX-1809,2026-09-08,T+15,4939,1084,6023,2026-08-24T00:56:25.668Z,FALSE,"",07:30,FALSE
fare_BOM-DEL_IX_2026-09-08_T+15_1787534246742_y2r7,BOM-DEL,EaseMyTrip,IX,IX-1163,2026-09-08,T+15,5136,1128,6264,2026-08-24T00:56:25.668Z,FALSE,"",20:45,FALSE
fare_BOM-DEL_IX_2026-09-08_T+15_1787534246742_uioz,BOM-DEL,EaseMyTrip,IX,IX-1787,2026-09-08,T+15,5136,1128,6264,2026-08-24T00:56:25.668Z,FALSE,"",13:10,FALSE
fare_BOM-DEL_6E_2026-09-08_T+15_1787534246742_2gj9,BOM-DEL,EaseMyTrip,6E,6E-5059,2026-09-08,T+15,5036,1106,6142,2026-08-24T00:56:25.668Z,FALSE,"",05:45,FALSE
fare_BOM-DEL_6E_2026-09-08_T+15_1787534246742_fbd0,BOM-DEL,EaseMyTrip,6E,6E-272,2026-09-08,T+15,5036,1106,6142,2026-08-24T00:56:25.668Z,FALSE,"",01:30,FALSE
fare_BOM-DEL_6E_2026-09-08_T+15_1787534246742_qpia,BOM-DEL,EaseMyTrip,6E,6E-707,2026-09-08,T+15,5036,1106,6142,2026-08-24T00:56:25.668Z,FALSE,"",01:30,FALSE
fare_BOM-DEL_6E_2026-09-08_T+15_1787534246742_xnbz,BOM-DEL,EaseMyTrip,6E,6E-5144,2026-09-08,T+15,5036,1106,6142,2026-08-24T00:56:25.668Z,FALSE,"",06:10,FALSE
fare_BOM-DEL_6E_2026-09-08_T+15_1787534246742_p4w2,BOM-DEL,EaseMyTrip,6E,6E-5107,2026-09-08,T+15,5036,1106,6142,2026-08-24T00:56:25.668Z,FALSE,"",20:00,FALSE
fare_BOM-DEL_6E_2026-09-08_T+15_1787534246742_qx37,BOM-DEL,EaseMyTrip,6E,6E-5201,2026-09-08,T+15,5036,1106,6142,2026-08-24T00:56:25.668Z,FALSE,"",14:55,FALSE
fare_BOM-DEL_SG_2026-09-08_T+15_1787534246742_pxev,BOM-DEL,EaseMyTrip,SG,SG-447,2026-09-08,T+15,5231,1148,6379,2026-08-24T00:56:25.668Z,FALSE,"",01:50,TRUE
fare_BOM-DEL_SG_2026-09-08_T+15_1787534246742_avyg,BOM-DEL,EaseMyTrip,SG,SG-637,2026-09-08,T+15,5231,1148,6379,2026-08-24T00:56:25.668Z,FALSE,"",01:50,TRUE
fare_BOM-DEL_SG_2026-09-08_T+15_1787534246742_xca8,BOM-DEL,EaseMyTrip,SG,SG-108,2026-09-08,T+15,5231,1148,6379,2026-08-24T00:56:25.668Z,FALSE,"",06:25,TRUE
fare_BOM-DEL_SG_2026-09-08_T+15_1787534246742_pzpp,BOM-DEL,EaseMyTrip,SG,SG-618,2026-09-08,T+15,5231,1148,6379,2026-08-24T00:56:25.668Z,FALSE,"",06:25,TRUE
fare_BOM-DEL_SG_2026-09-08_T+15_1787534246742_31jm,BOM-DEL,EaseMyTrip,SG,SG-9090,2026-09-08,T+15,5231,1148,6379,2026-08-24T00:56:25.668Z,FALSE,"",18:00,TRUE
fare_BOM-DEL_SG_2026-09-08_T+15_1787534246742_4mud,BOM-DEL,EaseMyTrip,SG,SG-418,2026-09-08,T+15,5231,1148,6379,2026-08-24T00:56:25.668Z,FALSE,"",22:30,TRUE
fare_BOM-DEL_SG_2026-09-08_T+15_1787534246742_35wo,BOM-DEL,EaseMyTrip,SG,SG-317,2026-09-08,T+15,5231,1148,6379,2026-08-24T00:56:25.668Z,FALSE,"",22:30,TRUE
fare_BOM-DEL_6E_2026-09-08_T+15_1787534246742_r9ww,BOM-DEL,EaseMyTrip,6E,6E-6599,2026-09-08,T+15,5145,1129,6274,2026-08-24T00:56:25.668Z,FALSE,"",16:50,FALSE
fare_BOM-DEL_6E_2026-09-08_T+15_1787534246742_89hq,BOM-DEL,EaseMyTrip,6E,6E-5147,2026-09-08,T+15,5145,1129,6274,2026-08-24T00:56:25.668Z,FALSE,"",18:35,FALSE
fare_BOM-DEL_6E_2026-09-08_T+15_1787534246742_1jrk,BOM-DEL,EaseMyTrip,6E,6E-5164,2026-09-08,T+15,5145,1129,6274,2026-08-24T00:56:25.668Z,FALSE,"",20:20,FALSE
fare_BOM-DEL_6E_2026-09-08_T+15_1787534246742_ovuw,BOM-DEL,EaseMyTrip,6E,6E-6058,2026-09-08,T+15,5145,1129,6274,2026-08-24T00:56:25.668Z,FALSE,"",08:05,FALSE
fare_BOM-DEL_6E_2026-09-08_T+15_1787534246742_ciil,BOM-DEL,EaseMyTrip,6E,6E-5181,2026-09-08,T+15,5145,1129,6274,2026-08-24T00:56:25.668Z,FALSE,"",10:25,FALSE
fare_BOM-DEL_6E_2026-09-08_T+15_1787534246742_072h,BOM-DEL,EaseMyTrip,6E,6E-5131,2026-09-08,T+15,5145,1129,6274,2026-08-24T00:56:25.668Z,FALSE,"",15:50,FALSE
fare_BOM-DEL_6E_2026-09-08_T+15_1787534246742_ir9v,BOM-DEL,EaseMyTrip,6E,6E-6802,2026-09-08,T+15,5145,1129,6274,2026-08-24T00:56:25.668Z,FALSE,"",16:55,FALSE
fare_BOM-DEL_6E_2026-09-08_T+15_1787534246742_efab,BOM-DEL,EaseMyTrip,6E,6E-5273,2026-09-08,T+15,5145,1129,6274,2026-08-24T00:56:25.668Z,FALSE,"",18:35,FALSE
fare_BOM-DEL_6E_2026-09-08_T+15_1787534246742_k1nc,BOM-DEL,EaseMyTrip,6E,6E-6122,2026-09-08,T+15,5145,1129,6274,2026-08-24T00:56:25.668Z,FALSE,"",12:25,FALSE
fare_BOM-DEL_6E_2026-09-08_T+15_1787534246742_5yak,BOM-DEL,EaseMyTrip,6E,6E-5345,2026-09-08,T+15,5145,1129,6274,2026-08-24T00:56:25.668Z,FALSE,"",14:25,FALSE
fare_BOM-DEL_IX_2026-09-08_T+15_1787534246742_eqyv,BOM-DEL,EaseMyTrip,IX,IX-1050,2026-09-08,T+15,5380,1181,6561,2026-08-24T00:56:25.668Z,FALSE,"",08:55,TRUE
fare_BOM-DEL_IX_2026-09-08_T+15_1787534246742_x00i,BOM-DEL,EaseMyTrip,IX,IX-1671,2026-09-08,T+15,5380,1181,6561,2026-08-24T00:56:25.668Z,FALSE,"",16:45,TRUE
fare_BOM-DEL_IX_2026-09-08_T+15_1787534246742_pdod,BOM-DEL,EaseMyTrip,IX,IX-2153,2026-09-08,T+15,5381,1181,6562,2026-08-24T00:56:25.668Z,FALSE,"",20:25,TRUE
fare_BOM-DEL_6E_2026-09-08_T+15_1787534246742_10ec,BOM-DEL,EaseMyTrip,6E,6E-5028,2026-09-08,T+15,5209,1143,6352,2026-08-24T00:56:25.668Z,FALSE,"",19:35,FALSE
fare_BOM-DEL_6E_2026-09-08_T+15_1787534246742_173w,BOM-DEL,EaseMyTrip,6E,6E-526,2026-09-08,T+15,5209,1143,6352,2026-08-24T00:56:25.668Z,FALSE,"",04:45,FALSE
fare_BOM-DEL_6E_2026-09-08_T+15_1787534246742_f041,BOM-DEL,EaseMyTrip,6E,6E-928,2026-09-08,T+15,5209,1143,6352,2026-08-24T00:56:25.668Z,FALSE,"",04:45,FALSE
fare_BOM-DEL_IX_2026-09-08_T+15_1787534246742_4px3,BOM-DEL,EaseMyTrip,IX,IX-1026,2026-09-08,T+15,5446,1195,6641,2026-08-24T00:56:25.668Z,FALSE,"",05:45,FALSE
fare_BOM-DEL_6E_2026-09-08_T+15_1787534246742_k43f,BOM-DEL,EaseMyTrip,6E,6E-2138,2026-09-08,T+15,5238,1150,6388,2026-08-24T00:56:25.668Z,FALSE,"",16:20,FALSE
fare_BOM-DEL_6E_2026-09-08_T+15_1787534246742_zceh,BOM-DEL,EaseMyTrip,6E,6E-427,2026-09-08,T+15,5317,1167,6484,2026-08-24T00:56:25.668Z,FALSE,"",17:45,FALSE
fare_BOM-DEL_6E_2026-09-08_T+15_1787534246742_ws2p,BOM-DEL,EaseMyTrip,6E,6E-600,2026-09-08,T+15,5317,1167,6484,2026-08-24T00:56:25.668Z,FALSE,"",17:45,FALSE
fare_BOM-DEL_6E_2026-09-08_T+15_1787534246742_vlxt,BOM-DEL,EaseMyTrip,6E,6E-5056,2026-09-08,T+15,5317,1167,6484,2026-08-24T00:56:25.668Z,FALSE,"",21:10,FALSE
fare_BOM-DEL_6E_2026-09-08_T+15_1787534246742_dz8w,BOM-DEL,EaseMyTrip,6E,6E-6543,2026-09-08,T+15,5317,1167,6484,2026-08-24T00:56:25.668Z,FALSE,"",07:50,FALSE
fare_BOM-DEL_6E_2026-09-08_T+15_1787534246742_oeox,BOM-DEL,EaseMyTrip,6E,6E-5246,2026-09-08,T+15,5317,1167,6484,2026-08-24T00:56:25.668Z,FALSE,"",07:15,FALSE
fare_BOM-DEL_6E_2026-09-08_T+15_1787534246742_7zhg,BOM-DEL,EaseMyTrip,6E,6E-5318,2026-09-08,T+15,5317,1167,6484,2026-08-24T00:56:25.668Z,FALSE,"",10:15,FALSE
fare_BOM-DEL_6E_2026-09-08_T+15_1787534246742_vrgr,BOM-DEL,EaseMyTrip,6E,6E-5178,2026-09-08,T+15,5317,1167,6484,2026-08-24T00:56:25.668Z,FALSE,"",11:40,FALSE
fare_BOM-DEL_6E_2026-09-08_T+15_1787534246742_41gj,BOM-DEL,EaseMyTrip,6E,6E-6195,2026-09-08,T+15,5317,1167,6484,2026-08-24T00:56:25.668Z,FALSE,"",23:00,FALSE
fare_BOM-DEL_6E_2026-09-08_T+15_1787534246742_orc0,BOM-DEL,EaseMyTrip,6E,6E-5228,2026-09-08,T+15,5317,1167,6484,2026-08-24T00:56:25.668Z,FALSE,"",16:45,FALSE
fare_BOM-DEL_6E_2026-09-08_T+15_1787534246742_obcv,BOM-DEL,EaseMyTrip,6E,6E-5326,2026-09-08,T+15,5317,1167,6484,2026-08-24T00:56:25.668Z,FALSE,"",19:40,FALSE
fare_BOM-DEL_SG_2026-09-08_T+15_1787534246742_7mz4,BOM-DEL,EaseMyTrip,SG,SG-243,2026-09-08,T+15,5502,1208,6710,2026-08-24T00:56:25.668Z,FALSE,"",15:55,TRUE
fare_BOM-DEL_6E_2026-09-08_T+15_1787534246742_xs2i,BOM-DEL,EaseMyTrip,6E,6E-305,2026-09-08,T+15,5380,1181,6561,2026-08-24T00:56:25.668Z,FALSE,"",17:20,TRUE
fare_BOM-DEL_6E_2026-09-08_T+15_1787534246742_5662,BOM-DEL,EaseMyTrip,6E,6E-729,2026-09-08,T+15,5380,1181,6561,2026-08-24T00:56:25.668Z,FALSE,"",17:20,TRUE
fare_BOM-DEL_6E_2026-09-08_T+15_1787534246742_vxa5,BOM-DEL,EaseMyTrip,6E,6E-2090,2026-09-08,T+15,5380,1181,6561,2026-08-24T00:56:25.668Z,FALSE,"",06:25,TRUE
fare_BOM-DEL_QP_2026-09-08_T+15_1787534246742_dngh,BOM-DEL,EaseMyTrip,QP,QP-1825,2026-09-08,T+15,5381,1181,6562,2026-08-24T00:56:25.668Z,FALSE,"",17:00,TRUE
fare_BOM-DEL_QP_2026-09-08_T+15_1787534246742_t4ys,BOM-DEL,EaseMyTrip,QP,QP-1127,2026-09-08,T+15,5381,1181,6562,2026-08-24T00:56:25.668Z,FALSE,"",13:00,TRUE
fare_BOM-DEL_QP_2026-09-08_T+15_1787534246742_xmmu,BOM-DEL,EaseMyTrip,QP,QP-1819,2026-09-08,T+15,5381,1181,6562,2026-08-24T00:56:25.668Z,FALSE,"",14:30,TRUE
fare_BOM-DEL_QP_2026-09-08_T+15_1787534246742_8w63,BOM-DEL,EaseMyTrip,QP,QP-1111,2026-09-08,T+15,5381,1181,6562,2026-08-24T00:56:25.668Z,FALSE,"",05:10,TRUE
fare_BOM-DEL_QP_2026-09-08_T+15_1787534246742_fo9m,BOM-DEL,EaseMyTrip,QP,QP-1835,2026-09-08,T+15,5381,1181,6562,2026-08-24T00:56:25.668Z,FALSE,"",11:50,TRUE
fare_BOM-DEL_QP_2026-09-08_T+15_1787534246742_il2i,BOM-DEL,EaseMyTrip,QP,QP-1808,2026-09-08,T+15,5381,1181,6562,2026-08-24T00:56:25.668Z,FALSE,"",16:50,TRUE
fare_BOM-DEL_6E_2026-09-08_T+15_1787534246742_bxqf,BOM-DEL,EaseMyTrip,6E,6E-152,2026-09-08,T+15,5381,1181,6562,2026-08-24T00:56:25.668Z,FALSE,"",17:20,TRUE
fare_BOM-DEL_6E_2026-09-08_T+15_1787534246742_dl2x,BOM-DEL,EaseMyTrip,6E,6E-280,2026-09-08,T+15,5381,1181,6562,2026-08-24T00:56:25.668Z,FALSE,"",17:20,TRUE
fare_BOM-DEL_6E_2026-09-08_T+15_1787534246742_qcyy,BOM-DEL,EaseMyTrip,6E,6E-6082,2026-09-08,T+15,5381,1181,6562,2026-08-24T00:56:25.668Z,FALSE,"",16:45,TRUE
fare_BOM-DEL_6E_2026-09-08_T+15_1787534246742_grda,BOM-DEL,EaseMyTrip,6E,6E-913,2026-09-08,T+15,5381,1181,6562,2026-08-24T00:56:25.668Z,FALSE,"",16:00,TRUE
fare_BOM-DEL_6E_2026-09-08_T+15_1787534246742_uqec,BOM-DEL,EaseMyTrip,6E,6E-447,2026-09-08,T+15,5381,1181,6562,2026-08-24T00:56:25.668Z,FALSE,"",16:00,TRUE
fare_BOM-DEL_6E_2026-09-08_T+15_1787534246742_bbx4,BOM-DEL,EaseMyTrip,6E,6E-216,2026-09-08,T+15,5381,1181,6562,2026-08-24T00:56:25.668Z,FALSE,"",15:00,TRUE
fare_BOM-DEL_6E_2026-09-08_T+15_1787534246742_w89q,BOM-DEL,EaseMyTrip,6E,6E-849,2026-09-08,T+15,5381,1181,6562,2026-08-24T00:56:25.668Z,FALSE,"",15:00,TRUE
fare_BOM-DEL_6E_2026-09-08_T+15_1787534246742_624q,BOM-DEL,EaseMyTrip,6E,6E-6704,2026-09-08,T+15,5381,1181,6562,2026-08-24T00:56:25.668Z,FALSE,"",14:00,TRUE
fare_BOM-DEL_6E_2026-09-08_T+15_1787534246742_d1l0,BOM-DEL,EaseMyTrip,6E,6E-6028,2026-09-08,T+15,5381,1181,6562,2026-08-24T00:56:25.668Z,FALSE,"",12:15,TRUE
fare_BOM-DEL_6E_2026-09-08_T+15_1787534246742_v0gn,BOM-DEL,EaseMyTrip,6E,6E-976,2026-09-08,T+15,5381,1181,6562,2026-08-24T00:56:25.668Z,FALSE,"",13:00,TRUE
fare_BOM-DEL_6E_2026-09-08_T+15_1787534246742_4dx4,BOM-DEL,EaseMyTrip,6E,6E-374,2026-09-08,T+15,5381,1181,6562,2026-08-24T00:56:25.668Z,FALSE,"",13:00,TRUE
fare_BOM-DEL_6E_2026-09-08_T+15_1787534246742_brq5,BOM-DEL,EaseMyTrip,6E,6E-6052,2026-09-08,T+15,5381,1181,6562,2026-08-24T00:56:25.668Z,FALSE,"",10:00,TRUE
fare_BOM-DEL_6E_2026-09-08_T+15_1787534246742_v4hp,BOM-DEL,EaseMyTrip,6E,6E-346,2026-09-08,T+15,5381,1181,6562,2026-08-24T00:56:25.668Z,FALSE,"",10:35,TRUE
fare_BOM-DEL_6E_2026-09-08_T+15_1787534246742_488d,BOM-DEL,EaseMyTrip,6E,6E-265,2026-09-08,T+15,5381,1181,6562,2026-08-24T00:56:25.668Z,FALSE,"",10:35,TRUE
fare_BOM-DEL_6E_2026-09-08_T+15_1787534246742_fy0o,BOM-DEL,EaseMyTrip,6E,6E-6827,2026-09-08,T+15,5381,1181,6562,2026-08-24T00:56:25.668Z,FALSE,"",11:30,TRUE
fare_BOM-DEL_QP_2026-09-08_T+15_1787534246742_daa0,BOM-DEL,EaseMyTrip,QP,QP-1939,2026-09-08,T+15,5423,1191,6614,2026-08-24T00:56:25.668Z,FALSE,"",10:10,TRUE
fare_BOM-DEL_6E_2026-09-08_T+15_1787534246742_82zp,BOM-DEL,EaseMyTrip,6E,6E-5197,2026-09-08,T+15,5423,1191,6614,2026-08-24T00:56:25.668Z,FALSE,"",06:40,TRUE
fare_BOM-DEL_6E_2026-09-08_T+15_1787534246742_b3ed,BOM-DEL,EaseMyTrip,6E,6E-263,2026-09-08,T+15,5510,1210,6720,2026-08-24T00:56:25.668Z,FALSE,"",05:00,TRUE
fare_BOM-DEL_6E_2026-09-08_T+15_1787534246742_ttpr,BOM-DEL,EaseMyTrip,6E,6E-873,2026-09-08,T+15,5510,1210,6720,2026-08-24T00:56:25.668Z,FALSE,"",05:00,TRUE
fare_BOM-DEL_6E_2026-09-08_T+15_1787534246742_2ebu,BOM-DEL,EaseMyTrip,6E,6E-960,2026-09-08,T+15,5510,1210,6720,2026-08-24T00:56:25.668Z,FALSE,"",23:45,TRUE
fare_BOM-DEL_6E_2026-09-08_T+15_1787534246742_guud,BOM-DEL,EaseMyTrip,6E,6E-900,2026-09-08,T+15,5510,1210,6720,2026-08-24T00:56:25.668Z,FALSE,"",23:45,TRUE
fare_BOM-DEL_6E_2026-09-08_T+15_1787534246742_9v5y,BOM-DEL,EaseMyTrip,6E,6E-814,2026-09-08,T+15,5510,1210,6720,2026-08-24T00:56:25.668Z,FALSE,"",22:15,TRUE
fare_BOM-DEL_6E_2026-09-08_T+15_1787534246742_4j1z,BOM-DEL,EaseMyTrip,6E,6E-493,2026-09-08,T+15,5510,1210,6720,2026-08-24T00:56:25.668Z,FALSE,"",22:15,TRUE
fare_BOM-DEL_6E_2026-09-08_T+15_1787534246742_5anb,BOM-DEL,EaseMyTrip,6E,6E-357,2026-09-08,T+15,5510,1210,6720,2026-08-24T00:56:25.668Z,FALSE,"",06:00,TRUE
fare_BOM-DEL_6E_2026-09-08_T+15_1787534246742_ye7w,BOM-DEL,EaseMyTrip,6E,6E-927,2026-09-08,T+15,5510,1210,6720,2026-08-24T00:56:25.668Z,FALSE,"",06:00,TRUE
fare_BOM-DEL_6E_2026-09-08_T+15_1787534246742_cex2,BOM-DEL,EaseMyTrip,6E,6E-134,2026-09-08,T+15,5510,1210,6720,2026-08-24T00:56:25.668Z,FALSE,"",09:00,TRUE
fare_BOM-DEL_6E_2026-09-08_T+15_1787534246742_2lh4,BOM-DEL,EaseMyTrip,6E,6E-888,2026-09-08,T+15,5510,1210,6720,2026-08-24T00:56:25.668Z,FALSE,"",09:00,TRUE
fare_BOM-DEL_AI_2026-09-08_T+15_1787534246742_wjv0,BOM-DEL,EaseMyTrip,AI,AI-2677,2026-09-08,T+15,5766,1266,7032,2026-08-24T00:56:25.668Z,FALSE,"",13:00,TRUE
fare_BOM-DEL_AI_2026-09-08_T+15_1787534246742_atbp,BOM-DEL,EaseMyTrip,AI,AI-2422,2026-09-08,T+15,5766,1266,7032,2026-08-24T00:56:25.668Z,FALSE,"",01:00,TRUE
fare_BOM-DEL_AI_2026-09-08_T+15_1787534246742_6dbf,BOM-DEL,EaseMyTrip,AI,AI-2432,2026-09-08,T+15,5766,1266,7032,2026-08-24T00:56:25.668Z,FALSE,"",09:30,TRUE
fare_BOM-DEL_AI_2026-09-08_T+15_1787534246742_24tg,BOM-DEL,EaseMyTrip,AI,AI-2430,2026-09-08,T+15,5766,1266,7032,2026-08-24T00:56:25.668Z,FALSE,"",10:00,TRUE
fare_BOM-DEL_AI_2026-09-08_T+15_1787534246742_m4ko,BOM-DEL,EaseMyTrip,AI,AI-2952,2026-09-08,T+15,5766,1266,7032,2026-08-24T00:56:25.668Z,FALSE,"",11:25,TRUE
fare_BOM-DEL_AI_2026-09-08_T+15_1787534246742_vcbm,BOM-DEL,EaseMyTrip,AI,AI-2419,2026-09-08,T+15,5766,1266,7032,2026-08-24T00:56:25.668Z,FALSE,"",12:00,TRUE
fare_BOM-DEL_AI_2026-09-08_T+15_1787534246742_ncd7,BOM-DEL,EaseMyTrip,AI,AI-2960,2026-09-08,T+15,5766,1266,7032,2026-08-24T00:56:25.668Z,FALSE,"",14:05,TRUE
fare_BOM-DEL_AI_2026-09-08_T+15_1787534246742_052z,BOM-DEL,EaseMyTrip,AI,AI-2944,2026-09-08,T+15,5766,1266,7032,2026-08-24T00:56:25.668Z,FALSE,"",14:35,TRUE
fare_BOM-DEL_AI_2026-09-08_T+15_1787534246742_5k4v,BOM-DEL,EaseMyTrip,AI,AI-2442,2026-09-08,T+15,5766,1266,7032,2026-08-24T00:56:25.668Z,FALSE,"",15:00,TRUE
fare_BOM-DEL_AI_2026-09-08_T+15_1787534246742_q34w,BOM-DEL,EaseMyTrip,AI,AI-1851,2026-09-08,T+15,5766,1266,7032,2026-08-24T00:56:25.668Z,FALSE,"",15:30,TRUE
fare_BOM-DEL_QP_2026-09-08_T+15_1787534246743_a3ya,BOM-DEL,EaseMyTrip,QP,QP-1120,2026-09-08,T+15,5679,1246,6925,2026-08-24T00:56:25.668Z,FALSE,"",19:00,TRUE
fare_BOM-DEL_QP_2026-09-08_T+15_1787534246743_c79p,BOM-DEL,EaseMyTrip,QP,QP-1109,2026-09-08,T+15,5679,1246,6925,2026-08-24T00:56:25.668Z,FALSE,"",07:00,TRUE
fare_BOM-DEL_QP_2026-09-08_T+15_1787534246743_k6fh,BOM-DEL,EaseMyTrip,QP,QP-1834,2026-09-08,T+15,5679,1246,6925,2026-08-24T00:56:25.668Z,FALSE,"",10:20,TRUE
fare_BOM-DEL_6E_2026-09-08_T+15_1787534246743_xlf8,BOM-DEL,EaseMyTrip,6E,6E-162,2026-09-08,T+15,5683,1247,6930,2026-08-24T00:56:25.668Z,FALSE,"",19:00,TRUE
fare_BOM-DEL_6E_2026-09-08_T+15_1787534246743_q4vr,BOM-DEL,EaseMyTrip,6E,6E-115,2026-09-08,T+15,5683,1247,6930,2026-08-24T00:56:25.668Z,FALSE,"",19:00,TRUE
fare_BOM-DEL_6E_2026-09-08_T+15_1787534246743_6akg,BOM-DEL,EaseMyTrip,6E,6E-6613,2026-09-08,T+15,5683,1247,6930,2026-08-24T00:56:25.668Z,FALSE,"",18:15,TRUE
fare_BOM-DEL_6E_2026-09-08_T+15_1787534246743_ht67,BOM-DEL,EaseMyTrip,6E,6E-466,2026-09-08,T+15,5683,1247,6930,2026-08-24T00:56:25.668Z,FALSE,"",07:00,TRUE
fare_BOM-DEL_6E_2026-09-08_T+15_1787534246743_2qcj,BOM-DEL,EaseMyTrip,6E,6E-567,2026-09-08,T+15,5683,1247,6930,2026-08-24T00:56:25.668Z,FALSE,"",07:00,TRUE
fare_BOM-DEL_6E_2026-09-08_T+15_1787534246743_edcj,BOM-DEL,EaseMyTrip,6E,6E-521,2026-09-08,T+15,5683,1247,6930,2026-08-24T00:56:25.668Z,FALSE,"",08:00,TRUE
fare_BOM-DEL_6E_2026-09-08_T+15_1787534246743_pwxt,BOM-DEL,EaseMyTrip,6E,6E-611,2026-09-08,T+15,5683,1247,6930,2026-08-24T00:56:25.668Z,FALSE,"",08:00,TRUE
fare_BOM-DEL_AI_2026-09-08_T+15_1787534246743_q1rx,BOM-DEL,EaseMyTrip,AI,AI-2928,2026-09-08,T+15,5897,1294,7191,2026-08-24T00:56:25.668Z,FALSE,"",06:30,TRUE
fare_BOM-DEL_AI_2026-09-08_T+15_1787534246743_jz4p,BOM-DEL,EaseMyTrip,AI,AI-2970,2026-09-08,T+15,5897,1294,7191,2026-08-24T00:56:25.668Z,FALSE,"",08:30,TRUE
fare_BOM-DEL_AI_2026-09-08_T+15_1787534246743_tj1v,BOM-DEL,EaseMyTrip,AI,AI-1882,2026-09-08,T+15,5897,1294,7191,2026-08-24T00:56:25.668Z,FALSE,"",23:55,TRUE
fare_BOM-DEL_AI_2026-09-08_T+15_1787534246743_uc8m,BOM-DEL,EaseMyTrip,AI,AI-2986,2026-09-08,T+15,5897,1294,7191,2026-08-24T00:56:25.668Z,FALSE,"",22:35,TRUE
fare_BOM-DEL_6E_2026-09-08_T+15_1787534246743_2vlm,BOM-DEL,EaseMyTrip,6E,6E-128,2026-09-08,T+15,5852,1284,7136,2026-08-24T00:56:25.668Z,FALSE,"",04:00,FALSE
fare_BOM-DEL_6E_2026-09-08_T+15_1787534246743_qbqs,BOM-DEL,EaseMyTrip,6E,6E-636,2026-09-08,T+15,5852,1284,7136,2026-08-24T00:56:25.668Z,FALSE,"",04:00,FALSE
fare_BOM-DEL_6E_2026-09-08_T+15_1787534246743_3hfw,BOM-DEL,EaseMyTrip,6E,6E-666,2026-09-08,T+15,5897,1295,7192,2026-08-24T00:56:25.668Z,FALSE,"",20:20,TRUE
fare_BOM-DEL_6E_2026-09-08_T+15_1787534246743_hw0k,BOM-DEL,EaseMyTrip,6E,6E-865,2026-09-08,T+15,5897,1295,7192,2026-08-24T00:56:25.668Z,FALSE,"",20:20,TRUE
fare_BOM-DEL_6E_2026-09-08_T+15_1787534246743_0qv2,BOM-DEL,EaseMyTrip,6E,6E-181,2026-09-08,T+15,5897,1295,7192,2026-08-24T00:56:25.668Z,FALSE,"",21:15,TRUE
fare_BOM-DEL_6E_2026-09-08_T+15_1787534246743_ddlx,BOM-DEL,EaseMyTrip,6E,6E-183,2026-09-08,T+15,5897,1295,7192,2026-08-24T00:56:25.668Z,FALSE,"",21:15,TRUE
fare_BOM-DEL_AI_2026-09-08_T+15_1787534246743_ogg7,BOM-DEL,EaseMyTrip,AI,AI-2930,2026-09-08,T+15,6069,1332,7401,2026-08-24T00:56:25.668Z,FALSE,"",07:30,TRUE
fare_BOM-DEL_AI_2026-09-08_T+15_1787534246743_i79a,BOM-DEL,EaseMyTrip,AI,AI-2408,2026-09-08,T+15,6069,1332,7401,2026-08-24T00:56:25.668Z,FALSE,"",19:30,TRUE
fare_BOM-DEL_AI_2026-09-08_T+15_1787534246743_3f1b,BOM-DEL,EaseMyTrip,AI,AI-816,2026-09-08,T+15,6069,1332,7401,2026-08-24T00:56:25.668Z,FALSE,"",21:00,TRUE
fare_BOM-DEL_AI_2026-09-08_T+15_1787534246743_poet,BOM-DEL,EaseMyTrip,AI,AI-1895,2026-09-08,T+15,6069,1332,7401,2026-08-24T00:56:25.668Z,FALSE,"",21:30,TRUE
fare_BOM-DEL_AI_2026-09-08_T+15_1787534246743_ygv5,BOM-DEL,EaseMyTrip,AI,AI-2940,2026-09-08,T+15,6069,1332,7401,2026-08-24T00:56:25.668Z,FALSE,"",20:00,TRUE
fare_BOM-DEL_AI_2026-09-08_T+15_1787534246743_ul3d,BOM-DEL,EaseMyTrip,AI,AI-2988,2026-09-08,T+15,6069,1332,7401,2026-08-24T00:56:25.668Z,FALSE,"",20:30,TRUE
fare_BOM-DEL_6E_2026-09-08_T+15_1787534246743_q939,BOM-DEL,EaseMyTrip,6E,6E-5135,2026-09-08,T+15,6001,1317,7318,2026-08-24T00:56:25.668Z,FALSE,"",23:20,FALSE
fare_BOM-DEL_AI_2026-09-08_T+15_1787534246743_006y,BOM-DEL,EaseMyTrip,AI,AI-2440,2026-09-08,T+15,6270,1376,7646,2026-08-24T00:56:25.668Z,FALSE,"",18:00,TRUE
fare_BOM-DEL_AI_2026-09-08_T+15_1787534246743_k6po,BOM-DEL,EaseMyTrip,AI,AI-2424,2026-09-08,T+15,6270,1376,7646,2026-08-24T00:56:25.668Z,FALSE,"",07:00,TRUE
fare_BOM-DEL_AI_2026-09-08_T+15_1787534246743_i21o,BOM-DEL,EaseMyTrip,AI,AI-2428,2026-09-08,T+15,6270,1376,7646,2026-08-24T00:56:25.668Z,FALSE,"",08:00,TRUE
fare_BOM-DEL_IX_2026-09-08_T+15_1787534246743_1g46,BOM-DEL,EaseMyTrip,IX,IX-1237,2026-09-08,T+15,6351,1394,7745,2026-08-24T00:56:25.668Z,FALSE,"",05:55,FALSE
fare_BOM-DEL_6E_2026-09-08_T+15_1787534246743_c10u,BOM-DEL,EaseMyTrip,6E,6E-2237,2026-09-08,T+15,6321,1387,7708,2026-08-24T00:56:25.668Z,FALSE,"",18:40,FALSE
fare_BOM-DEL_6E_2026-09-08_T+15_1787534246743_grx1,BOM-DEL,EaseMyTrip,6E,6E-2347,2026-09-08,T+15,6321,1387,7708,2026-08-24T00:56:25.668Z,FALSE,"",08:50,FALSE
fare_BOM-DEL_6E_2026-09-08_T+15_1787534246743_awlg,BOM-DEL,EaseMyTrip,6E,6E-7017,2026-09-08,T+15,6461,1418,7879,2026-08-24T00:56:25.668Z,FALSE,"",21:30,FALSE
fare_BOM-DEL_6E_2026-09-08_T+15_1787534246743_ljfz,BOM-DEL,EaseMyTrip,6E,6E-5386,2026-09-08,T+15,6600,1449,8049,2026-08-24T00:56:25.668Z,FALSE,"",15:10,FALSE
fare_BOM-DEL_IX_2026-09-08_T+15_1787534246743_z8wg,BOM-DEL,EaseMyTrip,IX,IX-1283,2026-09-08,T+15,6987,1534,8521,2026-08-24T00:56:25.668Z,FALSE,"",09:05,FALSE
fare_BOM-DEL_6E_2026-09-08_T+15_1787534246743_vvvc,BOM-DEL,EaseMyTrip,6E,6E-5281,2026-09-08,T+15,6986,1533,8519,2026-08-24T00:56:25.668Z,FALSE,"",08:40,FALSE
fare_BOM-DEL_AI_2026-09-08_T+15_1787534246743_ffc5,BOM-DEL,EaseMyTrip,AI,AI-1891,2026-09-08,T+15,7193,1579,8772,2026-08-24T00:56:25.668Z,FALSE,"",08:10,TRUE
fare_BOM-DEL_6E_2026-09-08_T+15_1787534246743_mg3o,BOM-DEL,EaseMyTrip,6E,6E-6361,2026-09-08,T+15,7747,1701,9448,2026-08-24T00:56:25.668Z,TRUE,"High outlier: ₹9448 > upper fence ₹9429 (Q3: ₹7708, IQR: ₹1147)",05:00,FALSE
fare_BOM-DEL_AI_2026-09-08_T+15_1787534246743_6vno,BOM-DEL,EaseMyTrip,AI,AI-9716,2026-09-08,T+15,8215,1803,10018,2026-08-24T00:56:25.668Z,TRUE,"High outlier: ₹10018 > upper fence ₹9429 (Q3: ₹7708, IQR: ₹1147)",06:05,FALSE
fare_BOM-DEL_AI_2026-09-08_T+15_1787534246743_lp3y,BOM-DEL,EaseMyTrip,AI,AI-9718,2026-09-08,T+15,8215,1803,10018,2026-08-24T00:56:25.668Z,TRUE,"High outlier: ₹10018 > upper fence ₹9429 (Q3: ₹7708, IQR: ₹1147)",20:05,FALSE
fare_BOM-DEL_6E_2026-09-08_T+15_1787534246743_07ok,BOM-DEL,EaseMyTrip,6E,6E-195,2026-09-08,T+15,8198,1800,9998,2026-08-24T00:56:25.668Z,TRUE,"High outlier: ₹9998 > upper fence ₹9429 (Q3: ₹7708, IQR: ₹1147)",19:20,FALSE
fare_BOM-DEL_6E_2026-09-08_T+15_1787534246743_lo0j,BOM-DEL,EaseMyTrip,6E,6E-388,2026-09-08,T+15,8198,1800,9998,2026-08-24T00:56:25.668Z,TRUE,"High outlier: ₹9998 > upper fence ₹9429 (Q3: ₹7708, IQR: ₹1147)",19:20,FALSE
fare_BOM-DEL_6E_2026-09-08_T+15_1787534246743_zjyh,BOM-DEL,EaseMyTrip,6E,6E-791,2026-09-08,T+15,8711,1912,10623,2026-08-24T00:56:25.668Z,TRUE,"High outlier: ₹10623 > upper fence ₹9429 (Q3: ₹7708, IQR: ₹1147)",14:40,FALSE
fare_BOM-DEL_6E_2026-09-08_T+15_1787534246743_7vwh,BOM-DEL,EaseMyTrip,6E,6E-912,2026-09-08,T+15,8711,1912,10623,2026-08-24T00:56:25.668Z,TRUE,"High outlier: ₹10623 > upper fence ₹9429 (Q3: ₹7708, IQR: ₹1147)",14:40,FALSE
fare_BOM-DEL_6E_2026-09-08_T+15_1787534246743_s29z,BOM-DEL,EaseMyTrip,6E,6E-2024,2026-09-08,T+15,8990,1974,10964,2026-08-24T00:56:25.668Z,TRUE,"High outlier: ₹10964 > upper fence ₹9429 (Q3: ₹7708, IQR: ₹1147)",09:15,FALSE
fare_BOM-DEL_AI_2026-09-08_T+15_1787534246743_vruw,BOM-DEL,EaseMyTrip,AI,AI-9891,2026-09-08,T+15,9371,2057,11428,2026-08-24T00:56:25.668Z,TRUE,"High outlier: ₹11428 > upper fence ₹9429 (Q3: ₹7708, IQR: ₹1147)",13:10,FALSE
fare_BOM-DEL_AI_2026-09-08_T+15_1787534246743_yftu,BOM-DEL,EaseMyTrip,AI,AI-9753,2026-09-08,T+15,9577,2102,11679,2026-08-24T00:56:25.668Z,TRUE,"High outlier: ₹11679 > upper fence ₹9429 (Q3: ₹7708, IQR: ₹1147)",05:45,FALSE
fare_BOM-DEL_IX_2026-09-08_T+15_1787534246743_1sud,BOM-DEL,EaseMyTrip,IX,IX-1347,2026-09-08,T+15,10139,2226,12365,2026-08-24T00:56:25.668Z,TRUE,"High outlier: ₹12365 > upper fence ₹9429 (Q3: ₹7708, IQR: ₹1147)",06:00,FALSE
fare_BOM-DEL_AI_2026-09-08_T+15_1787534246743_9fy3,BOM-DEL,EaseMyTrip,AI,AI-2503,2026-09-08,T+15,11357,2493,13850,2026-08-24T00:56:25.668Z,TRUE,"High outlier: ₹13850 > upper fence ₹9429 (Q3: ₹7708, IQR: ₹1147)",12:55,FALSE
fare_BOM-DEL_AI_2026-09-08_T+15_1787534246743_fbpq,BOM-DEL,EaseMyTrip,AI,AI-2493,2026-09-08,T+15,11357,2493,13850,2026-08-24T00:56:25.668Z,TRUE,"High outlier: ₹13850 > upper fence ₹9429 (Q3: ₹7708, IQR: ₹1147)",18:25,FALSE
fare_BOM-DEL_AI_2026-09-08_T+15_1787534246743_3so7,BOM-DEL,EaseMyTrip,AI,AI-2915,2026-09-08,T+15,11466,2517,13983,2026-08-24T00:56:25.668Z,TRUE,"High outlier: ₹13983 > upper fence ₹9429 (Q3: ₹7708, IQR: ₹1147)",15:30,FALSE
fare_BOM-DEL_AI_2026-09-08_T+15_1787534246743_mm30,BOM-DEL,EaseMyTrip,AI,AI-2919,2026-09-08,T+15,11466,2517,13983,2026-08-24T00:56:25.668Z,TRUE,"High outlier: ₹13983 > upper fence ₹9429 (Q3: ₹7708, IQR: ₹1147)",21:35,FALSE
fare_BOM-DEL_6E_2026-09-08_T+15_1787534246743_h6ls,BOM-DEL,EaseMyTrip,6E,6E-5154,2026-09-08,T+15,11309,2483,13792,2026-08-24T00:56:25.668Z,TRUE,"High outlier: ₹13792 > upper fence ₹9429 (Q3: ₹7708, IQR: ₹1147)",15:45,FALSE
fare_BOM-DEL_AI_2026-09-08_T+15_1787534246743_8b68,BOM-DEL,EaseMyTrip,AI,AI-2812,2026-09-08,T+15,11941,2621,14562,2026-08-24T00:56:25.668Z,TRUE,"High outlier: ₹14562 > upper fence ₹9429 (Q3: ₹7708, IQR: ₹1147)",02:05,FALSE
fare_BOM-DEL_AI_2026-09-08_T+15_1787534246743_wxp9,BOM-DEL,EaseMyTrip,AI,AI-9533,2026-09-08,T+15,11967,2627,14594,2026-08-24T00:56:25.668Z,TRUE,"High outlier: ₹14594 > upper fence ₹9429 (Q3: ₹7708, IQR: ₹1147)",16:30,FALSE
fare_BOM-DEL_AI_2026-09-08_T+15_1787534246743_bxtx,BOM-DEL,EaseMyTrip,AI,AI-9558,2026-09-08,T+15,12071,2650,14721,2026-08-24T00:56:25.668Z,TRUE,"High outlier: ₹14721 > upper fence ₹9429 (Q3: ₹7708, IQR: ₹1147)",07:30,FALSE
fare_BOM-DEL_AI_2026-09-08_T+15_1787534246743_4r1d,BOM-DEL,EaseMyTrip,AI,AI-413,2026-09-08,T+15,12216,2681,14897,2026-08-24T00:56:25.668Z,TRUE,"High outlier: ₹14897 > upper fence ₹9429 (Q3: ₹7708, IQR: ₹1147)",21:15,FALSE
fare_BOM-DEL_AI_2026-09-08_T+15_1787534246743_4ee3,BOM-DEL,EaseMyTrip,AI,AI-621,2026-09-08,T+15,12216,2681,14897,2026-08-24T00:56:25.668Z,TRUE,"High outlier: ₹14897 > upper fence ₹9429 (Q3: ₹7708, IQR: ₹1147)",16:55,FALSE
fare_BOM-DEL_6E_2026-09-08_T+15_1787534246743_n456,BOM-DEL,EaseMyTrip,6E,6E-6027,2026-09-08,T+15,12310,2702,15012,2026-08-24T00:56:25.668Z,TRUE,"High outlier: ₹15012 > upper fence ₹9429 (Q3: ₹7708, IQR: ₹1147)",17:35,FALSE
fare_BOM-DEL_AI_2026-09-08_T+15_1787534246743_3q9t,BOM-DEL,EaseMyTrip,AI,AI-2659,2026-09-08,T+15,13091,2874,15965,2026-08-24T00:56:25.668Z,TRUE,"High outlier: ₹15965 > upper fence ₹9429 (Q3: ₹7708, IQR: ₹1147)",14:35,FALSE
fare_BOM-DEL_AI_2026-09-08_T+15_1787534246743_n6bj,BOM-DEL,EaseMyTrip,AI,AI-2785,2026-09-08,T+15,13136,2884,16020,2026-08-24T00:56:25.668Z,TRUE,"High outlier: ₹16020 > upper fence ₹9429 (Q3: ₹7708, IQR: ₹1147)",06:40,FALSE
fare_BOM-DEL_AI_2026-09-08_T+15_1787534246743_yki6,BOM-DEL,EaseMyTrip,AI,AI-2753,2026-09-08,T+15,13595,2984,16579,2026-08-24T00:56:25.668Z,TRUE,"High outlier: ₹16579 > upper fence ₹9429 (Q3: ₹7708, IQR: ₹1147)",13:50,FALSE
fare_BOM-DEL_AI_2026-09-08_T+15_1787534246743_yv94,BOM-DEL,EaseMyTrip,AI,AI-2728,2026-09-08,T+15,13842,3038,16880,2026-08-24T00:56:25.668Z,TRUE,"High outlier: ₹16880 > upper fence ₹9429 (Q3: ₹7708, IQR: ₹1147)",05:20,FALSE
fare_BOM-DEL_AI_2026-09-08_T+15_1787534246743_pv6d,BOM-DEL,EaseMyTrip,AI,AI-2741,2026-09-08,T+15,13953,3063,17016,2026-08-24T00:56:25.668Z,TRUE,"High outlier: ₹17016 > upper fence ₹9429 (Q3: ₹7708, IQR: ₹1147)",07:40,FALSE
fare_BOM-DEL_AI_2026-09-08_T+15_1787534246743_frvj,BOM-DEL,EaseMyTrip,AI,AI-2749,2026-09-08,T+15,14173,3111,17284,2026-08-24T00:56:25.668Z,TRUE,"High outlier: ₹17284 > upper fence ₹9429 (Q3: ₹7708, IQR: ₹1147)",17:35,FALSE
fare_BOM-DEL_AI_2026-09-08_T+15_1787534246743_hd0f,BOM-DEL,EaseMyTrip,AI,AI-2444,2026-09-08,T+15,14603,3206,17809,2026-08-24T00:56:25.668Z,TRUE,"High outlier: ₹17809 > upper fence ₹9429 (Q3: ₹7708, IQR: ₹1147)",10:50,FALSE
fare_BOM-DEL_AI_2026-09-08_T+15_1787534246743_x0z7,BOM-DEL,EaseMyTrip,AI,AI-2531,2026-09-08,T+15,14755,3239,17994,2026-08-24T00:56:25.668Z,TRUE,"High outlier: ₹17994 > upper fence ₹9429 (Q3: ₹7708, IQR: ₹1147)",15:05,FALSE
fare_BOM-DEL_AI_2026-09-08_T+15_1787534246743_njx9,BOM-DEL,EaseMyTrip,AI,AI-2625,2026-09-08,T+15,14755,3239,17994,2026-08-24T00:56:25.668Z,TRUE,"High outlier: ₹17994 > upper fence ₹9429 (Q3: ₹7708, IQR: ₹1147)",06:00,FALSE
fare_BOM-DEL_AI_2026-09-08_T+15_1787534246743_4yxe,BOM-DEL,EaseMyTrip,AI,AI-2781,2026-09-08,T+15,15493,3401,18894,2026-08-24T00:56:25.668Z,TRUE,"High outlier: ₹18894 > upper fence ₹9429 (Q3: ₹7708, IQR: ₹1147)",10:50,FALSE
fare_BOM-DEL_AI_2026-09-08_T+15_1787534246743_su6p,BOM-DEL,EaseMyTrip,AI,AI-2579,2026-09-08,T+15,16841,3697,20538,2026-08-24T00:56:25.668Z,TRUE,"High outlier: ₹20538 > upper fence ₹9429 (Q3: ₹7708, IQR: ₹1147)",10:35,FALSE
fare_BOM-DEL_IX_2026-09-08_T+15_1787534246743_9mju,BOM-DEL,EaseMyTrip,IX,IX-1238,2026-09-08,T+15,17168,3768,20936,2026-08-24T00:56:25.668Z,TRUE,"High outlier: ₹20936 > upper fence ₹9429 (Q3: ₹7708, IQR: ₹1147)",12:25,FALSE
fare_BOM-DEL_6E_2026-08-25_T+1_1787534246743_jcit,BOM-DEL,EaseMyTrip,6E,6E-5095,2026-08-25,T+1,5014,1101,6115,2026-08-24T00:56:13.230Z,FALSE,"",09:20,TRUE
fare_BOM-DEL_SG_2026-08-25_T+1_1787534246743_xn2u,BOM-DEL,EaseMyTrip,SG,SG-735,2026-08-25,T+1,5188,1139,6327,2026-08-24T00:56:13.230Z,FALSE,"",01:50,TRUE
fare_BOM-DEL_SG_2026-08-25_T+1_1787534246743_tnvi,BOM-DEL,EaseMyTrip,SG,SG-103,2026-08-25,T+1,5188,1139,6327,2026-08-24T00:56:13.230Z,FALSE,"",01:50,TRUE
fare_BOM-DEL_SG_2026-08-25_T+1_1787534246743_tvp9,BOM-DEL,EaseMyTrip,SG,SG-570,2026-08-25,T+1,5275,1158,6433,2026-08-24T00:56:13.230Z,FALSE,"",15:55,TRUE
fare_BOM-DEL_SG_2026-08-25_T+1_1787534246743_8l5g,BOM-DEL,EaseMyTrip,SG,SG-382,2026-08-25,T+1,5275,1158,6433,2026-08-24T00:56:13.230Z,FALSE,"",15:55,TRUE
fare_BOM-DEL_SG_2026-08-25_T+1_1787534246743_li3w,BOM-DEL,EaseMyTrip,SG,SG-9090,2026-08-25,T+1,5275,1158,6433,2026-08-24T00:56:13.230Z,FALSE,"",18:00,TRUE
fare_BOM-DEL_IX_2026-08-25_T+1_1787534246743_rgc0,BOM-DEL,EaseMyTrip,IX,IX-1389,2026-08-25,T+1,5380,1181,6561,2026-08-24T00:56:13.230Z,FALSE,"",22:20,TRUE
fare_BOM-DEL_IX_2026-08-25_T+1_1787534246743_wdpo,BOM-DEL,EaseMyTrip,IX,IX-1050,2026-08-25,T+1,5380,1181,6561,2026-08-24T00:56:13.230Z,FALSE,"",14:45,TRUE
fare_BOM-DEL_6E_2026-08-25_T+1_1787534246743_6hq8,BOM-DEL,EaseMyTrip,6E,6E-2090,2026-08-25,T+1,5380,1181,6561,2026-08-24T00:56:13.230Z,FALSE,"",06:25,TRUE
fare_BOM-DEL_QP_2026-08-25_T+1_1787534246743_jauk,BOM-DEL,EaseMyTrip,QP,QP-1819,2026-08-25,T+1,5381,1181,6562,2026-08-24T00:56:13.230Z,FALSE,"",14:30,TRUE
fare_BOM-DEL_QP_2026-08-25_T+1_1787534246743_8q8x,BOM-DEL,EaseMyTrip,QP,QP-1111,2026-08-25,T+1,5381,1181,6562,2026-08-24T00:56:13.230Z,FALSE,"",05:25,TRUE
fare_BOM-DEL_QP_2026-08-25_T+1_1787534246743_jo4z,BOM-DEL,EaseMyTrip,QP,QP-1127,2026-08-25,T+1,5381,1181,6562,2026-08-24T00:56:13.230Z,FALSE,"",12:55,TRUE
fare_BOM-DEL_QP_2026-08-25_T+1_1787534246743_s037,BOM-DEL,EaseMyTrip,QP,QP-1835,2026-08-25,T+1,5381,1181,6562,2026-08-24T00:56:13.230Z,FALSE,"",11:50,TRUE
fare_BOM-DEL_QP_2026-08-25_T+1_1787534246743_rn5d,BOM-DEL,EaseMyTrip,QP,QP-1808,2026-08-25,T+1,5381,1181,6562,2026-08-24T00:56:13.230Z,FALSE,"",16:50,TRUE
fare_BOM-DEL_QP_2026-08-25_T+1_1787534246743_bdpw,BOM-DEL,EaseMyTrip,QP,QP-1825,2026-08-25,T+1,5381,1181,6562,2026-08-24T00:56:13.230Z,FALSE,"",16:35,TRUE
fare_BOM-DEL_6E_2026-08-25_T+1_1787534246743_ozeg,BOM-DEL,EaseMyTrip,6E,6E-826,2026-08-25,T+1,5381,1181,6562,2026-08-24T00:56:13.230Z,FALSE,"",05:00,TRUE
fare_BOM-DEL_6E_2026-08-25_T+1_1787534246743_zmru,BOM-DEL,EaseMyTrip,6E,6E-960,2026-08-25,T+1,5381,1181,6562,2026-08-24T00:56:13.230Z,FALSE,"",05:00,TRUE
fare_BOM-DEL_6E_2026-08-25_T+1_1787534246743_1owm,BOM-DEL,EaseMyTrip,6E,6E-403,2026-08-25,T+1,5381,1181,6562,2026-08-24T00:56:13.230Z,FALSE,"",17:20,TRUE
fare_BOM-DEL_6E_2026-08-25_T+1_1787534246743_ll8s,BOM-DEL,EaseMyTrip,6E,6E-759,2026-08-25,T+1,5381,1181,6562,2026-08-24T00:56:13.230Z,FALSE,"",17:20,TRUE
fare_BOM-DEL_6E_2026-08-25_T+1_1787534246743_g9vc,BOM-DEL,EaseMyTrip,6E,6E-6082,2026-08-25,T+1,5381,1181,6562,2026-08-24T00:56:13.230Z,FALSE,"",16:45,TRUE
fare_BOM-DEL_6E_2026-08-25_T+1_1787534246743_20zr,BOM-DEL,EaseMyTrip,6E,6E-881,2026-08-25,T+1,5381,1181,6562,2026-08-24T00:56:13.230Z,FALSE,"",16:00,TRUE
fare_BOM-DEL_6E_2026-08-25_T+1_1787534246743_2jrt,BOM-DEL,EaseMyTrip,6E,6E-609,2026-08-25,T+1,5381,1181,6562,2026-08-24T00:56:13.230Z,FALSE,"",16:00,TRUE
fare_BOM-DEL_6E_2026-08-25_T+1_1787534246743_ydel,BOM-DEL,EaseMyTrip,6E,6E-821,2026-08-25,T+1,5381,1181,6562,2026-08-24T00:56:13.230Z,FALSE,"",15:00,TRUE
fare_BOM-DEL_6E_2026-08-25_T+1_1787534246743_b6up,BOM-DEL,EaseMyTrip,6E,6E-137,2026-08-25,T+1,5381,1181,6562,2026-08-24T00:56:13.230Z,FALSE,"",15:00,TRUE
fare_BOM-DEL_6E_2026-08-25_T+1_1787534246743_wyc8,BOM-DEL,EaseMyTrip,6E,6E-6704,2026-08-25,T+1,5381,1181,6562,2026-08-24T00:56:13.230Z,FALSE,"",14:00,TRUE
fare_BOM-DEL_6E_2026-08-25_T+1_1787534246743_lpc5,BOM-DEL,EaseMyTrip,6E,6E-6028,2026-08-25,T+1,5381,1181,6562,2026-08-24T00:56:13.230Z,FALSE,"",12:15,TRUE
fare_BOM-DEL_6E_2026-08-25_T+1_1787534246743_50b4,BOM-DEL,EaseMyTrip,6E,6E-454,2026-08-25,T+1,5381,1181,6562,2026-08-24T00:56:13.230Z,FALSE,"",13:00,TRUE
fare_BOM-DEL_6E_2026-08-25_T+1_1787534246743_x7bi,BOM-DEL,EaseMyTrip,6E,6E-655,2026-08-25,T+1,5381,1181,6562,2026-08-24T00:56:13.230Z,FALSE,"",13:00,TRUE
fare_BOM-DEL_6E_2026-08-25_T+1_1787534246743_bh27,BOM-DEL,EaseMyTrip,6E,6E-368,2026-08-25,T+1,5381,1181,6562,2026-08-24T00:56:13.230Z,FALSE,"",10:35,TRUE
fare_BOM-DEL_6E_2026-08-25_T+1_1787534246743_l9b0,BOM-DEL,EaseMyTrip,6E,6E-641,2026-08-25,T+1,5381,1181,6562,2026-08-24T00:56:13.230Z,FALSE,"",10:35,TRUE
fare_BOM-DEL_6E_2026-08-25_T+1_1787534246743_z8ip,BOM-DEL,EaseMyTrip,6E,6E-6827,2026-08-25,T+1,5381,1181,6562,2026-08-24T00:56:13.230Z,FALSE,"",11:30,TRUE
fare_BOM-DEL_QP_2026-08-25_T+1_1787534246743_xt0j,BOM-DEL,EaseMyTrip,QP,QP-1941,2026-08-25,T+1,5423,1191,6614,2026-08-24T00:56:13.230Z,FALSE,"",18:05,TRUE
fare_BOM-DEL_QP_2026-08-25_T+1_1787534246743_j27p,BOM-DEL,EaseMyTrip,QP,QP-1939,2026-08-25,T+1,5423,1191,6614,2026-08-24T00:56:13.230Z,FALSE,"",10:10,TRUE
fare_BOM-DEL_6E_2026-08-25_T+1_1787534246743_n7cp,BOM-DEL,EaseMyTrip,6E,6E-5197,2026-08-25,T+1,5423,1191,6614,2026-08-24T00:56:13.230Z,FALSE,"",06:40,TRUE
fare_BOM-DEL_6E_2026-08-25_T+1_1787534246743_cg57,BOM-DEL,EaseMyTrip,6E,6E-326,2026-08-25,T+1,5510,1210,6720,2026-08-24T00:56:13.230Z,FALSE,"",23:45,TRUE
fare_BOM-DEL_6E_2026-08-25_T+1_1787534246743_vfqw,BOM-DEL,EaseMyTrip,6E,6E-476,2026-08-25,T+1,5510,1210,6720,2026-08-24T00:56:13.230Z,FALSE,"",23:45,TRUE
fare_BOM-DEL_6E_2026-08-25_T+1_1787534246743_nldr,BOM-DEL,EaseMyTrip,6E,6E-436,2026-08-25,T+1,5510,1210,6720,2026-08-24T00:56:13.230Z,FALSE,"",06:00,TRUE
fare_BOM-DEL_6E_2026-08-25_T+1_1787534246743_4ccg,BOM-DEL,EaseMyTrip,6E,6E-385,2026-08-25,T+1,5510,1210,6720,2026-08-24T00:56:13.230Z,FALSE,"",06:00,TRUE
fare_BOM-DEL_AI_2026-08-25_T+1_1787534246743_byfe,BOM-DEL,EaseMyTrip,AI,AI-2677,2026-08-25,T+1,5766,1266,7032,2026-08-24T00:56:13.230Z,FALSE,"",13:00,TRUE
fare_BOM-DEL_AI_2026-08-25_T+1_1787534246743_n460,BOM-DEL,EaseMyTrip,AI,AI-2960,2026-08-25,T+1,5766,1266,7032,2026-08-24T00:56:13.230Z,FALSE,"",14:05,TRUE
fare_BOM-DEL_AI_2026-08-25_T+1_1787534246743_ek1g,BOM-DEL,EaseMyTrip,AI,AI-2738,2026-08-25,T+1,5766,1266,7032,2026-08-24T00:56:13.230Z,FALSE,"",10:30,TRUE
fare_BOM-DEL_AI_2026-08-25_T+1_1787534246743_whn5,BOM-DEL,EaseMyTrip,AI,AI-2419,2026-08-25,T+1,5766,1266,7032,2026-08-24T00:56:13.230Z,FALSE,"",12:00,TRUE
fare_BOM-DEL_AI_2026-08-25_T+1_1787534246743_lnt4,BOM-DEL,EaseMyTrip,AI,AI-2442,2026-08-25,T+1,5766,1266,7032,2026-08-24T00:56:13.230Z,FALSE,"",15:00,TRUE
fare_BOM-DEL_AI_2026-08-25_T+1_1787534246743_r5qi,BOM-DEL,EaseMyTrip,AI,AI-2952,2026-08-25,T+1,5766,1266,7032,2026-08-24T00:56:13.230Z,FALSE,"",11:25,TRUE
fare_BOM-DEL_AI_2026-08-25_T+1_1787534246743_x8ra,BOM-DEL,EaseMyTrip,AI,AI-1851,2026-08-25,T+1,5766,1266,7032,2026-08-24T00:56:13.230Z,FALSE,"",15:30,TRUE
fare_BOM-DEL_AI_2026-08-25_T+1_1787534246743_k2fb,BOM-DEL,EaseMyTrip,AI,AI-2687,2026-08-25,T+1,5766,1266,7032,2026-08-24T00:56:13.230Z,FALSE,"",16:30,TRUE
fare_BOM-DEL_QP_2026-08-25_T+1_1787534246743_a93v,BOM-DEL,EaseMyTrip,QP,QP-1109,2026-08-25,T+1,5679,1246,6925,2026-08-24T00:56:13.230Z,FALSE,"",07:00,TRUE
fare_BOM-DEL_QP_2026-08-25_T+1_1787534246743_zir2,BOM-DEL,EaseMyTrip,QP,QP-1834,2026-08-25,T+1,5679,1246,6925,2026-08-24T00:56:13.230Z,FALSE,"",10:00,TRUE
fare_BOM-DEL_QP_2026-08-25_T+1_1787534246743_mbex,BOM-DEL,EaseMyTrip,QP,QP-1120,2026-08-25,T+1,5679,1246,6925,2026-08-24T00:56:13.230Z,FALSE,"",18:45,TRUE
fare_BOM-DEL_6E_2026-08-25_T+1_1787534246743_vcvl,BOM-DEL,EaseMyTrip,6E,6E-244,2026-08-25,T+1,5683,1247,6930,2026-08-24T00:56:13.230Z,FALSE,"",07:00,TRUE
fare_BOM-DEL_6E_2026-08-25_T+1_1787534246743_zy5e,BOM-DEL,EaseMyTrip,6E,6E-6052,2026-08-25,T+1,5683,1247,6930,2026-08-24T00:56:13.230Z,FALSE,"",10:00,TRUE
fare_BOM-DEL_6E_2026-08-25_T+1_1787534246743_arp0,BOM-DEL,EaseMyTrip,6E,6E-560,2026-08-25,T+1,5724,1257,6981,2026-08-24T00:56:13.230Z,FALSE,"",17:20,TRUE
fare_BOM-DEL_6E_2026-08-25_T+1_1787534246743_6hvv,BOM-DEL,EaseMyTrip,6E,6E-321,2026-08-25,T+1,5724,1257,6981,2026-08-24T00:56:13.230Z,FALSE,"",17:20,TRUE
fare_BOM-DEL_AI_2026-08-25_T+1_1787534246743_vupb,BOM-DEL,EaseMyTrip,AI,AI-2910,2026-08-25,T+1,5897,1294,7191,2026-08-24T00:56:13.230Z,FALSE,"",17:30,TRUE
fare_BOM-DEL_AI_2026-08-25_T+1_1787534246743_o5fg,BOM-DEL,EaseMyTrip,AI,AI-2614,2026-08-25,T+1,5897,1294,7191,2026-08-24T00:56:13.230Z,FALSE,"",23:30,TRUE
fare_BOM-DEL_AI_2026-08-25_T+1_1787534246743_9voj,BOM-DEL,EaseMyTrip,AI,AI-1882,2026-08-25,T+1,5897,1294,7191,2026-08-24T00:56:13.230Z,FALSE,"",23:55,TRUE
fare_BOM-DEL_6E_2026-08-25_T+1_1787534246743_j7wi,BOM-DEL,EaseMyTrip,6E,6E-5147,2026-08-25,T+1,5847,1283,7130,2026-08-24T00:56:13.230Z,FALSE,"",18:35,FALSE
fare_BOM-DEL_6E_2026-08-25_T+1_1787534246743_7914,BOM-DEL,EaseMyTrip,6E,6E-6122,2026-08-25,T+1,5847,1283,7130,2026-08-24T00:56:13.230Z,FALSE,"",15:45,FALSE
fare_BOM-DEL_6E_2026-08-25_T+1_1787534246743_5aek,BOM-DEL,EaseMyTrip,6E,6E-5181,2026-08-25,T+1,5847,1283,7130,2026-08-24T00:56:13.230Z,FALSE,"",10:25,FALSE
fare_BOM-DEL_6E_2026-08-25_T+1_1787534246743_tyog,BOM-DEL,EaseMyTrip,6E,6E-6802,2026-08-25,T+1,5847,1283,7130,2026-08-24T00:56:13.230Z,FALSE,"",16:55,FALSE
fare_BOM-DEL_6E_2026-08-25_T+1_1787534246743_uica,BOM-DEL,EaseMyTrip,6E,6E-430,2026-08-25,T+1,5897,1295,7192,2026-08-24T00:56:13.230Z,FALSE,"",22:15,TRUE
fare_BOM-DEL_6E_2026-08-25_T+1_1787534246743_eq2h,BOM-DEL,EaseMyTrip,6E,6E-947,2026-08-25,T+1,5897,1295,7192,2026-08-24T00:56:13.230Z,FALSE,"",22:15,TRUE
fare_BOM-DEL_6E_2026-08-25_T+1_1787534246743_sdkr,BOM-DEL,EaseMyTrip,6E,6E-6613,2026-08-25,T+1,5897,1295,7192,2026-08-24T00:56:13.230Z,FALSE,"",18:15,TRUE
fare_BOM-DEL_6E_2026-08-25_T+1_1787534246743_sury,BOM-DEL,EaseMyTrip,6E,6E-178,2026-08-25,T+1,5897,1295,7192,2026-08-24T00:56:13.230Z,FALSE,"",09:00,TRUE
fare_BOM-DEL_6E_2026-08-25_T+1_1787534246743_w1bb,BOM-DEL,EaseMyTrip,6E,6E-418,2026-08-25,T+1,5897,1295,7192,2026-08-24T00:56:13.230Z,FALSE,"",09:00,TRUE
fare_BOM-DEL_AI_2026-08-25_T+1_1787534246743_o9bv,BOM-DEL,EaseMyTrip,AI,AI-2422,2026-08-25,T+1,6069,1332,7401,2026-08-24T00:56:13.230Z,FALSE,"",22:00,TRUE
fare_BOM-DEL_AI_2026-08-25_T+1_1787534246743_j30m,BOM-DEL,EaseMyTrip,AI,AI-2986,2026-08-25,T+1,6069,1332,7401,2026-08-24T00:56:13.230Z,FALSE,"",22:50,TRUE
fare_BOM-DEL_6E_2026-08-25_T+1_1787534246743_3qyt,BOM-DEL,EaseMyTrip,6E,6E-2138,2026-08-25,T+1,5907,1297,7204,2026-08-24T00:56:13.230Z,FALSE,"",16:20,FALSE
fare_BOM-DEL_6E_2026-08-25_T+1_1787534246743_2vk8,BOM-DEL,EaseMyTrip,6E,6E-125,2026-08-25,T+1,5911,1298,7209,2026-08-24T00:56:13.230Z,FALSE,"",04:45,FALSE
fare_BOM-DEL_6E_2026-08-25_T+1_1787534246743_84p4,BOM-DEL,EaseMyTrip,6E,6E-180,2026-08-25,T+1,5911,1298,7209,2026-08-24T00:56:13.230Z,FALSE,"",04:45,FALSE
fare_BOM-DEL_IX_2026-08-25_T+1_1787534246743_dh1z,BOM-DEL,EaseMyTrip,IX,IX-2952,2026-08-25,T+1,6156,1351,7507,2026-08-24T00:56:13.230Z,FALSE,"",09:05,TRUE
fare_BOM-DEL_6E_2026-08-25_T+1_1787534246743_gweh,BOM-DEL,EaseMyTrip,6E,6E-6543,2026-08-25,T+1,5965,1309,7274,2026-08-24T00:56:13.230Z,FALSE,"",07:50,FALSE
fare_BOM-DEL_6E_2026-08-25_T+1_1787534246743_899e,BOM-DEL,EaseMyTrip,6E,6E-823,2026-08-25,T+1,6019,1321,7340,2026-08-24T00:56:13.230Z,FALSE,"",17:45,FALSE
fare_BOM-DEL_6E_2026-08-25_T+1_1787534246743_yqio,BOM-DEL,EaseMyTrip,6E,6E-582,2026-08-25,T+1,6019,1321,7340,2026-08-24T00:56:13.230Z,FALSE,"",17:45,FALSE
fare_BOM-DEL_6E_2026-08-25_T+1_1787534246743_nrv1,BOM-DEL,EaseMyTrip,6E,6E-6361,2026-08-25,T+1,6084,1335,7419,2026-08-24T00:56:13.230Z,FALSE,"",05:00,FALSE
fare_BOM-DEL_6E_2026-08-25_T+1_1787534246743_xu67,BOM-DEL,EaseMyTrip,6E,6E-980,2026-08-25,T+1,6084,1335,7419,2026-08-24T00:56:13.230Z,FALSE,"",11:20,FALSE
fare_BOM-DEL_6E_2026-08-25_T+1_1787534246743_fsmk,BOM-DEL,EaseMyTrip,6E,6E-693,2026-08-25,T+1,6084,1335,7419,2026-08-24T00:56:13.230Z,FALSE,"",11:20,FALSE
fare_BOM-DEL_6E_2026-08-25_T+1_1787534246743_2ghc,BOM-DEL,EaseMyTrip,6E,6E-144,2026-08-25,T+1,6156,1351,7507,2026-08-24T00:56:13.230Z,FALSE,"",08:00,TRUE
fare_BOM-DEL_6E_2026-08-25_T+1_1787534246743_7rc9,BOM-DEL,EaseMyTrip,6E,6E-247,2026-08-25,T+1,6156,1351,7507,2026-08-24T00:56:13.230Z,FALSE,"",08:00,TRUE
fare_BOM-DEL_6E_2026-08-25_T+1_1787534246743_3td5,BOM-DEL,EaseMyTrip,6E,6E-490,2026-08-25,T+1,6198,1360,7558,2026-08-24T00:56:13.230Z,FALSE,"",14:40,FALSE
fare_BOM-DEL_6E_2026-08-25_T+1_1787534246743_fkf8,BOM-DEL,EaseMyTrip,6E,6E-676,2026-08-25,T+1,6198,1360,7558,2026-08-24T00:56:13.230Z,FALSE,"",14:40,FALSE
fare_BOM-DEL_AI_2026-08-25_T+1_1787534246743_hp5j,BOM-DEL,EaseMyTrip,AI,AI-1890,2026-08-25,T+1,6440,1414,7854,2026-08-24T00:56:13.230Z,FALSE,"",09:00,TRUE
fare_BOM-DEL_6E_2026-08-25_T+1_1787534246743_f7il,BOM-DEL,EaseMyTrip,6E,6E-7017,2026-08-25,T+1,6343,1392,7735,2026-08-24T00:56:13.230Z,FALSE,"",21:30,FALSE
fare_BOM-DEL_6E_2026-08-25_T+1_1787534246743_kbqg,BOM-DEL,EaseMyTrip,6E,6E-5028,2026-08-25,T+1,6370,1398,7768,2026-08-24T00:56:13.230Z,FALSE,"",19:35,FALSE
fare_BOM-DEL_IX_2026-08-25_T+1_1787534246743_gv6k,BOM-DEL,EaseMyTrip,IX,IX-2153,2026-08-25,T+1,6646,1459,8105,2026-08-24T00:56:13.230Z,FALSE,"",21:15,TRUE
fare_BOM-DEL_IX_2026-08-25_T+1_1787534246743_ag20,BOM-DEL,EaseMyTrip,IX,IX-1283,2026-08-25,T+1,6987,1534,8521,2026-08-24T00:56:13.230Z,FALSE,"",06:05,FALSE
fare_BOM-DEL_6E_2026-08-25_T+1_1787534246743_9110,BOM-DEL,EaseMyTrip,6E,6E-5154,2026-08-25,T+1,7361,1616,8977,2026-08-24T00:56:13.230Z,FALSE,"",15:45,FALSE
fare_BOM-DEL_AI_2026-08-25_T+1_1787534246743_s2vf,BOM-DEL,EaseMyTrip,AI,AI-816,2026-08-25,T+1,7540,1655,9195,2026-08-24T00:56:13.230Z,FALSE,"",21:00,TRUE
fare_BOM-DEL_AI_2026-08-25_T+1_1787534246743_2txo,BOM-DEL,EaseMyTrip,AI,AI-2748,2026-08-25,T+1,7540,1655,9195,2026-08-24T00:56:13.230Z,FALSE,"",21:30,TRUE
fare_BOM-DEL_AI_2026-08-25_T+1_1787534246743_hx12,BOM-DEL,EaseMyTrip,AI,AI-2996,2026-08-25,T+1,7540,1655,9195,2026-08-24T00:56:13.230Z,FALSE,"",18:30,TRUE
fare_BOM-DEL_AI_2026-08-25_T+1_1787534246743_xsmd,BOM-DEL,EaseMyTrip,AI,AI-2988,2026-08-25,T+1,7540,1655,9195,2026-08-24T00:56:13.230Z,FALSE,"",20:30,TRUE
fare_BOM-DEL_AI_2026-08-25_T+1_1787534246743_xgd0,BOM-DEL,EaseMyTrip,AI,AI-2591,2026-08-25,T+1,7540,1655,9195,2026-08-24T00:56:13.230Z,FALSE,"",07:25,TRUE
fare_BOM-DEL_IX_2026-08-25_T+1_1787534246743_v550,BOM-DEL,EaseMyTrip,IX,IX-1237,2026-08-25,T+1,7685,1687,9372,2026-08-24T00:56:13.230Z,FALSE,"",05:55,FALSE
fare_BOM-DEL_6E_2026-08-25_T+1_1787534246743_40fk,BOM-DEL,EaseMyTrip,6E,6E-617,2026-08-25,T+1,7491,1644,9135,2026-08-24T00:56:13.230Z,FALSE,"",21:15,TRUE
fare_BOM-DEL_6E_2026-08-25_T+1_1787534246743_gqhu,BOM-DEL,EaseMyTrip,6E,6E-682,2026-08-25,T+1,7491,1644,9135,2026-08-24T00:56:13.230Z,FALSE,"",21:15,TRUE
fare_BOM-DEL_6E_2026-08-25_T+1_1787534246743_sloj,BOM-DEL,EaseMyTrip,6E,6E-2024,2026-08-25,T+1,7533,1654,9187,2026-08-24T00:56:13.230Z,FALSE,"",09:15,FALSE
fare_BOM-DEL_AI_2026-08-25_T+1_1787534246743_6144,BOM-DEL,EaseMyTrip,AI,AI-2970,2026-08-25,T+1,7735,1698,9433,2026-08-24T00:56:13.230Z,FALSE,"",08:30,TRUE
fare_BOM-DEL_AI_2026-08-25_T+1_1787534246743_aa9q,BOM-DEL,EaseMyTrip,AI,AI-2928,2026-08-25,T+1,7735,1698,9433,2026-08-24T00:56:13.230Z,FALSE,"",06:30,TRUE
fare_BOM-DEL_AI_2026-08-25_T+1_1787534246743_gaf1,BOM-DEL,EaseMyTrip,AI,AI-2440,2026-08-25,T+1,7801,1712,9513,2026-08-24T00:56:13.230Z,FALSE,"",18:00,TRUE
fare_BOM-DEL_AI_2026-08-25_T+1_1787534246743_z047,BOM-DEL,EaseMyTrip,AI,AI-2424,2026-08-25,T+1,7801,1712,9513,2026-08-24T00:56:13.230Z,FALSE,"",07:00,TRUE
fare_BOM-DEL_AI_2026-08-25_T+1_1787534246743_8g4b,BOM-DEL,EaseMyTrip,AI,AI-2428,2026-08-25,T+1,7801,1712,9513,2026-08-24T00:56:13.230Z,FALSE,"",08:00,TRUE
fare_BOM-DEL_6E_2026-08-25_T+1_1787534246743_sxu7,BOM-DEL,EaseMyTrip,6E,6E-6058,2026-08-25,T+1,7970,1749,9719,2026-08-24T00:56:13.230Z,FALSE,"",08:05,FALSE
fare_BOM-DEL_AI_2026-08-25_T+1_1787534246743_b60d,BOM-DEL,EaseMyTrip,AI,AI-2426,2026-08-25,T+1,8159,1791,9950,2026-08-24T00:56:13.230Z,FALSE,"",19:00,TRUE
fare_BOM-DEL_6E_2026-08-25_T+1_1787534246743_pga6,BOM-DEL,EaseMyTrip,6E,6E-923,2026-08-25,T+1,8007,1758,9765,2026-08-24T00:56:13.230Z,FALSE,"",20:20,TRUE
fare_BOM-DEL_6E_2026-08-25_T+1_1787534246743_37v8,BOM-DEL,EaseMyTrip,6E,6E-914,2026-08-25,T+1,8007,1758,9765,2026-08-24T00:56:13.230Z,FALSE,"",20:20,TRUE
fare_BOM-DEL_AI_2026-08-25_T+1_1787534246743_wtr4,BOM-DEL,EaseMyTrip,AI,AI-9518,2026-08-25,T+1,8225,1805,10030,2026-08-24T00:56:13.230Z,FALSE,"",16:15,FALSE
fare_BOM-DEL_AI_2026-08-25_T+1_1787534246743_uyl6,BOM-DEL,EaseMyTrip,AI,AI-2408,2026-08-25,T+1,8315,1825,10140,2026-08-24T00:56:13.230Z,FALSE,"",19:30,TRUE
fare_BOM-DEL_6E_2026-08-25_T+1_1787534246743_lywd,BOM-DEL,EaseMyTrip,6E,6E-338,2026-08-25,T+1,8610,1890,10500,2026-08-24T00:56:13.230Z,FALSE,"",19:00,TRUE
fare_BOM-DEL_6E_2026-08-25_T+1_1787534246743_rmgx,BOM-DEL,EaseMyTrip,6E,6E-299,2026-08-25,T+1,8610,1890,10500,2026-08-24T00:56:13.230Z,FALSE,"",19:00,TRUE
fare_BOM-DEL_IX_2026-08-25_T+1_1787534246743_lez1,BOM-DEL,EaseMyTrip,IX,IX-2367,2026-08-25,T+1,9328,2048,11376,2026-08-24T00:56:13.230Z,FALSE,"",07:20,FALSE
fare_BOM-DEL_AI_2026-08-25_T+1_1787534246743_0beh,BOM-DEL,EaseMyTrip,AI,AI-2940,2026-08-25,T+1,9348,2052,11400,2026-08-24T00:56:13.230Z,FALSE,"",20:00,TRUE
fare_BOM-DEL_6E_2026-08-25_T+1_1787534246743_v8vn,BOM-DEL,EaseMyTrip,6E,6E-396,2026-08-25,T+1,9373,2057,11430,2026-08-24T00:56:13.230Z,FALSE,"",19:20,FALSE
fare_BOM-DEL_6E_2026-08-25_T+1_1787534246743_8hzz,BOM-DEL,EaseMyTrip,6E,6E-366,2026-08-25,T+1,9373,2057,11430,2026-08-24T00:56:13.230Z,FALSE,"",19:20,FALSE
fare_BOM-DEL_6E_2026-08-25_T+1_1787534246743_7nin,BOM-DEL,EaseMyTrip,6E,6E-5345,2026-08-25,T+1,10181,2235,12416,2026-08-24T00:56:13.230Z,FALSE,"",14:25,FALSE
fare_BOM-DEL_6E_2026-08-25_T+1_1787534246743_t0al,BOM-DEL,EaseMyTrip,6E,6E-919,2026-08-25,T+1,10407,2284,12691,2026-08-24T00:56:13.230Z,FALSE,"",01:30,FALSE
fare_BOM-DEL_6E_2026-08-25_T+1_1787534246743_jen5,BOM-DEL,EaseMyTrip,6E,6E-470,2026-08-25,T+1,10407,2284,12691,2026-08-24T00:56:13.230Z,FALSE,"",01:30,FALSE
fare_BOM-DEL_AI_2026-08-25_T+1_1787534246743_7vwq,BOM-DEL,EaseMyTrip,AI,AI-9753,2026-08-25,T+1,10825,2376,13201,2026-08-24T00:56:13.230Z,FALSE,"",17:05,FALSE
fare_BOM-DEL_6E_2026-08-25_T+1_1787534246743_3xe9,BOM-DEL,EaseMyTrip,6E,6E-6195,2026-08-25,T+1,10671,2342,13013,2026-08-24T00:56:13.230Z,FALSE,"",23:00,FALSE
fare_BOM-DEL_IX_2026-08-25_T+1_1787534246743_srvp,BOM-DEL,EaseMyTrip,IX,IX-1238,2026-08-25,T+1,10902,2393,13295,2026-08-24T00:56:13.230Z,FALSE,"",12:25,FALSE
fare_BOM-DEL_6E_2026-08-25_T+1_1787534246743_688b,BOM-DEL,EaseMyTrip,6E,6E-5059,2026-08-25,T+1,10962,2406,13368,2026-08-24T00:56:13.230Z,FALSE,"",05:45,FALSE
fare_BOM-DEL_6E_2026-08-25_T+1_1787534246743_qrci,BOM-DEL,EaseMyTrip,6E,6E-5273,2026-08-25,T+1,11070,2430,13500,2026-08-24T00:56:13.230Z,FALSE,"",18:35,FALSE
fare_BOM-DEL_AI_2026-08-25_T+1_1787534246743_d1fn,BOM-DEL,EaseMyTrip,AI,AI-2505,2026-08-25,T+1,11244,2468,13712,2026-08-24T00:56:13.230Z,FALSE,"",19:25,FALSE
fare_BOM-DEL_IX_2026-08-25_T+1_1787534246743_nvfu,BOM-DEL,EaseMyTrip,IX,IX-1798,2026-08-25,T+1,11574,2541,14115,2026-08-24T00:56:13.230Z,FALSE,"",11:20,FALSE
fare_BOM-DEL_AI_2026-08-25_T+1_1787534246743_08ro,BOM-DEL,EaseMyTrip,AI,AI-2841,2026-08-25,T+1,11591,2544,14135,2026-08-24T00:56:13.230Z,FALSE,"",11:20,FALSE
fare_BOM-DEL_6E_2026-08-25_T+1_1787534246743_wd70,BOM-DEL,EaseMyTrip,6E,6E-373,2026-08-25,T+1,11906,2613,14519,2026-08-24T00:56:13.230Z,FALSE,"",04:00,FALSE
fare_BOM-DEL_6E_2026-08-25_T+1_1787534246743_iba6,BOM-DEL,EaseMyTrip,6E,6E-777,2026-08-25,T+1,11906,2613,14519,2026-08-24T00:56:13.230Z,FALSE,"",04:00,FALSE
fare_BOM-DEL_6E_2026-08-25_T+1_1787534246743_zsvy,BOM-DEL,EaseMyTrip,6E,6E-5056,2026-08-25,T+1,12457,2735,15192,2026-08-24T00:56:13.230Z,FALSE,"",21:10,FALSE
fare_BOM-DEL_6E_2026-08-25_T+1_1787534246743_a153,BOM-DEL,EaseMyTrip,6E,6E-6599,2026-08-25,T+1,12614,2769,15383,2026-08-24T00:56:13.230Z,FALSE,"",16:50,FALSE
fare_BOM-DEL_AI_2026-08-25_T+1_1787534246743_zfuh,BOM-DEL,EaseMyTrip,AI,AI-2491,2026-08-25,T+1,12856,2822,15678,2026-08-24T00:56:13.230Z,FALSE,"",11:15,FALSE
fare_BOM-DEL_AI_2026-08-25_T+1_1787534246743_p4l2,BOM-DEL,EaseMyTrip,AI,AI-2745,2026-08-25,T+1,12922,2836,15758,2026-08-24T00:56:13.230Z,FALSE,"",15:30,FALSE
fare_BOM-DEL_6E_2026-08-25_T+1_1787534246743_7ebb,BOM-DEL,EaseMyTrip,6E,6E-5164,2026-08-25,T+1,12880,2827,15707,2026-08-24T00:56:13.230Z,FALSE,"",20:35,FALSE
fare_BOM-DEL_6E_2026-08-25_T+1_1787534246743_w8fs,BOM-DEL,EaseMyTrip,6E,6E-5326,2026-08-25,T+1,12888,2829,15717,2026-08-24T00:56:13.230Z,FALSE,"",19:40,FALSE
fare_BOM-DEL_AI_2026-08-25_T+1_1787534246743_5ech,BOM-DEL,EaseMyTrip,AI,AI-2659,2026-08-25,T+1,13091,2874,15965,2026-08-24T00:56:13.230Z,FALSE,"",14:35,FALSE
fare_BOM-DEL_AI_2026-08-25_T+1_1787534246743_91t3,BOM-DEL,EaseMyTrip,AI,AI-603,2026-08-25,T+1,13458,2954,16412,2026-08-24T00:56:13.230Z,FALSE,"",05:10,FALSE
fare_BOM-DEL_AI_2026-08-25_T+1_1787534246743_d3mv,BOM-DEL,EaseMyTrip,AI,AI-2753,2026-08-25,T+1,13595,2984,16579,2026-08-24T00:56:13.230Z,FALSE,"",13:50,FALSE
fare_BOM-DEL_6E_2026-08-25_T+1_1787534246743_7lk9,BOM-DEL,EaseMyTrip,6E,6E-5178,2026-08-25,T+1,13434,2949,16383,2026-08-24T00:56:13.230Z,FALSE,"",11:40,FALSE
fare_BOM-DEL_6E_2026-08-25_T+1_1787534246743_1ou0,BOM-DEL,EaseMyTrip,6E,6E-5135,2026-08-25,T+1,13922,3056,16978,2026-08-24T00:56:13.230Z,FALSE,"",23:20,FALSE
fare_BOM-DEL_AI_2026-08-25_T+1_1787534246743_j99z,BOM-DEL,EaseMyTrip,AI,AI-2749,2026-08-25,T+1,14173,3111,17284,2026-08-24T00:56:13.230Z,FALSE,"",17:35,FALSE
fare_BOM-DEL_AI_2026-08-25_T+1_1787534246743_g8gw,BOM-DEL,EaseMyTrip,AI,AI-2997,2026-08-25,T+1,14242,3126,17368,2026-08-24T00:56:13.230Z,FALSE,"",10:10,FALSE
fare_BOM-DEL_6E_2026-08-25_T+1_1787534246744_qf94,BOM-DEL,EaseMyTrip,6E,6E-5107,2026-08-25,T+1,14193,3115,17308,2026-08-24T00:56:13.230Z,FALSE,"",20:00,FALSE
fare_BOM-DEL_IX_2026-08-25_T+1_1787534246744_sdb2,BOM-DEL,EaseMyTrip,IX,IX-1640,2026-08-25,T+1,14721,3232,17953,2026-08-24T00:56:13.230Z,FALSE,"",20:55,FALSE
fare_BOM-DEL_AI_2026-08-25_T+1_1787534246744_ldv7,BOM-DEL,EaseMyTrip,AI,AI-2531,2026-08-25,T+1,14715,3230,17945,2026-08-24T00:56:13.230Z,FALSE,"",15:05,FALSE
fare_BOM-DEL_6E_2026-08-25_T+1_1787534246744_rc3j,BOM-DEL,EaseMyTrip,6E,6E-6027,2026-08-25,T+1,14616,3208,17824,2026-08-24T00:56:13.230Z,FALSE,"",17:35,FALSE
fare_BOM-DEL_6E_2026-08-25_T+1_1787534246744_71zw,BOM-DEL,EaseMyTrip,6E,6E-5318,2026-08-25,T+1,14630,3212,17842,2026-08-24T00:56:13.230Z,FALSE,"",10:15,FALSE
fare_BOM-DEL_AI_2026-08-25_T+1_1787534246744_wgn7,BOM-DEL,EaseMyTrip,AI,AI-2741,2026-08-25,T+1,15077,3310,18387,2026-08-24T00:56:13.230Z,FALSE,"",07:40,FALSE
fare_BOM-DEL_AI_2026-08-25_T+1_1787534246744_13yh,BOM-DEL,EaseMyTrip,AI,AI-2493,2026-08-25,T+1,16409,3602,20011,2026-08-24T00:56:13.230Z,FALSE,"",18:05,FALSE
fare_BOM-DEL_AI_2026-08-25_T+1_1787534246744_90kz,BOM-DEL,EaseMyTrip,AI,AI-2632,2026-08-25,T+1,16528,3628,20156,2026-08-24T00:56:13.230Z,FALSE,"",12:00,FALSE
fare_BOM-DEL_AI_2026-08-25_T+1_1787534246744_6mpb,BOM-DEL,EaseMyTrip,AI,AI-2593,2026-08-25,T+1,16601,3644,20245,2026-08-24T00:56:13.230Z,FALSE,"",12:30,FALSE
fare_BOM-DEL_AI_2026-08-25_T+1_1787534246744_d5ys,BOM-DEL,EaseMyTrip,AI,AI-2579,2026-08-25,T+1,16841,3697,20538,2026-08-24T00:56:13.230Z,FALSE,"",10:35,FALSE
fare_BOM-DEL_6E_2026-08-25_T+1_1787534246744_2vce,BOM-DEL,EaseMyTrip,6E,6E-5281,2026-08-25,T+1,17065,3746,20811,2026-08-24T00:56:13.230Z,FALSE,"",08:40,FALSE
fare_BOM-DEL_AI_2026-08-25_T+1_1787534246744_2ywc,BOM-DEL,EaseMyTrip,AI,AI-2625,2026-08-25,T+1,17631,3870,21501,2026-08-24T00:56:13.230Z,FALSE,"",06:00,FALSE
fare_BOM-DEL_6E_2026-08-25_T+1_1787534246744_9s8k,BOM-DEL,EaseMyTrip,6E,6E-5246,2026-08-25,T+1,17558,3854,21412,2026-08-24T00:56:13.230Z,FALSE,"",07:15,FALSE
fare_BOM-DEL_6E_2026-08-25_T+1_1787534246744_1c5n,BOM-DEL,EaseMyTrip,6E,6E-5131,2026-08-25,T+1,17674,3880,21554,2026-08-24T00:56:13.230Z,FALSE,"",15:50,FALSE
fare_BOM-DEL_6E_2026-08-25_T+1_1787534246744_fjjp,BOM-DEL,EaseMyTrip,6E,6E-5386,2026-08-25,T+1,17763,3899,21662,2026-08-24T00:56:13.230Z,FALSE,"",15:10,FALSE
fare_BOM-DEL_6E_2026-08-25_T+1_1787534246744_exrq,BOM-DEL,EaseMyTrip,6E,6E-5228,2026-08-25,T+1,17935,3937,21872,2026-08-24T00:56:13.230Z,FALSE,"",16:45,FALSE
fare_BOM-DEL_AI_2026-08-25_T+1_1787534246744_92at,BOM-DEL,EaseMyTrip,AI,AI-2812,2026-08-25,T+1,18266,4009,22275,2026-08-24T00:56:13.230Z,FALSE,"",02:05,FALSE
fare_BOM-DEL_6E_2026-08-25_T+1_1787534246744_1b1s,BOM-DEL,EaseMyTrip,6E,6E-5144,2026-08-25,T+1,18325,4022,22347,2026-08-24T00:56:13.230Z,FALSE,"",05:55,FALSE
fare_BOM-DEL_6E_2026-08-25_T+1_1787534246744_iirt,BOM-DEL,EaseMyTrip,6E,6E-2237,2026-08-25,T+1,20289,4454,24743,2026-08-24T00:56:13.230Z,TRUE,"High outlier: ₹24743 > upper fence ₹24393 (Q3: ₹13914, IQR: ₹6986)",18:40,FALSE
fare_BOM-DEL_6E_2026-08-25_T+1_1787534246744_onss,BOM-DEL,EaseMyTrip,6E,6E-5201,2026-08-25,T+1,21328,4682,26010,2026-08-24T00:56:13.230Z,TRUE,"High outlier: ₹26010 > upper fence ₹24393 (Q3: ₹13914, IQR: ₹6986)",14:55,FALSE
fare_BOM-DEL_AI_2026-08-25_T+1_1787534246744_wxql,BOM-DEL,EaseMyTrip,AI,AI-9533,2026-08-25,T+1,22385,4914,27299,2026-08-24T00:56:13.230Z,TRUE,"High outlier: ₹27299 > upper fence ₹24393 (Q3: ₹13914, IQR: ₹6986)",16:30,FALSE
fare_BOM-DEL_AI_2026-08-25_T+1_1787534246744_9j4c,BOM-DEL,EaseMyTrip,AI,AI-9531,2026-08-25,T+1,22385,4914,27299,2026-08-24T00:56:13.230Z,TRUE,"High outlier: ₹27299 > upper fence ₹24393 (Q3: ₹13914, IQR: ₹6986)",12:25,FALSE
fare_BOM-DEL_AI_2026-08-25_T+1_1787534246744_e62j,BOM-DEL,EaseMyTrip,AI,AI-645,2026-08-25,T+1,27990,6144,34134,2026-08-24T00:56:13.230Z,TRUE,"High outlier: ₹34134 > upper fence ₹24393 (Q3: ₹13914, IQR: ₹6986)",10:55,FALSE
fare_BOM-DEL_AI_2026-08-25_T+1_1787534246744_cl0v,BOM-DEL,EaseMyTrip,AI,AI-2847,2026-08-25,T+1,29827,6547,36374,2026-08-24T00:56:13.230Z,TRUE,"High outlier: ₹36374 > upper fence ₹24393 (Q3: ₹13914, IQR: ₹6986)",10:20,FALSE
fare_BOM-DEL_IX_2026-09-23_T+30_1787534246745_98j7,BOM-DEL,EaseMyTrip,IX,IX-1787,2026-09-23,T+30,5136,1128,6264,2026-08-24T00:56:31.764Z,FALSE,"",13:10,FALSE
fare_BOM-DEL_6E_2026-09-23_T+30_1787534246745_mxn2,BOM-DEL,EaseMyTrip,6E,6E-5095,2026-09-23,T+30,5014,1101,6115,2026-08-24T00:56:31.764Z,FALSE,"",09:20,TRUE
fare_BOM-DEL_6E_2026-09-23_T+30_1787534246745_3zee,BOM-DEL,EaseMyTrip,6E,6E-2237,2026-09-23,T+30,5036,1106,6142,2026-08-24T00:56:31.764Z,FALSE,"",18:40,FALSE
fare_BOM-DEL_6E_2026-09-23_T+30_1787534246745_2vwf,BOM-DEL,EaseMyTrip,6E,6E-5059,2026-09-23,T+30,5036,1106,6142,2026-08-24T00:56:31.764Z,FALSE,"",05:45,FALSE
fare_BOM-DEL_6E_2026-09-23_T+30_1787534246745_ot3h,BOM-DEL,EaseMyTrip,6E,6E-146,2026-09-23,T+30,5036,1106,6142,2026-08-24T00:56:31.764Z,FALSE,"",14:40,FALSE
fare_BOM-DEL_6E_2026-09-23_T+30_1787534246745_q4mw,BOM-DEL,EaseMyTrip,6E,6E-280,2026-09-23,T+30,5036,1106,6142,2026-08-24T00:56:31.764Z,FALSE,"",14:40,FALSE
fare_BOM-DEL_6E_2026-09-23_T+30_1787534246745_mebz,BOM-DEL,EaseMyTrip,6E,6E-965,2026-09-23,T+30,5036,1106,6142,2026-08-24T00:56:31.764Z,FALSE,"",01:30,FALSE
fare_BOM-DEL_6E_2026-09-23_T+30_1787534246745_g44z,BOM-DEL,EaseMyTrip,6E,6E-603,2026-09-23,T+30,5036,1106,6142,2026-08-24T00:56:31.764Z,FALSE,"",01:30,FALSE
fare_BOM-DEL_6E_2026-09-23_T+30_1787534246745_jsh3,BOM-DEL,EaseMyTrip,6E,6E-868,2026-09-23,T+30,5036,1106,6142,2026-08-24T00:56:31.764Z,FALSE,"",04:00,FALSE
fare_BOM-DEL_6E_2026-09-23_T+30_1787534246745_xhi6,BOM-DEL,EaseMyTrip,6E,6E-822,2026-09-23,T+30,5036,1106,6142,2026-08-24T00:56:31.764Z,FALSE,"",04:00,FALSE
fare_BOM-DEL_6E_2026-09-23_T+30_1787534246745_8ln7,BOM-DEL,EaseMyTrip,6E,6E-5144,2026-09-23,T+30,5036,1106,6142,2026-08-24T00:56:31.764Z,FALSE,"",06:10,FALSE
fare_BOM-DEL_6E_2026-09-23_T+30_1787534246745_bmy1,BOM-DEL,EaseMyTrip,6E,6E-5281,2026-09-23,T+30,5036,1106,6142,2026-08-24T00:56:31.764Z,FALSE,"",08:40,FALSE
fare_BOM-DEL_6E_2026-09-23_T+30_1787534246745_1hwe,BOM-DEL,EaseMyTrip,6E,6E-5107,2026-09-23,T+30,5036,1106,6142,2026-08-24T00:56:31.764Z,FALSE,"",20:00,FALSE
fare_BOM-DEL_6E_2026-09-23_T+30_1787534246745_txut,BOM-DEL,EaseMyTrip,6E,6E-5201,2026-09-23,T+30,5036,1106,6142,2026-08-24T00:56:31.764Z,FALSE,"",14:55,FALSE
fare_BOM-DEL_SG_2026-09-23_T+30_1787534246745_nc7h,BOM-DEL,EaseMyTrip,SG,SG-880,2026-09-23,T+30,5231,1148,6379,2026-08-24T00:56:31.764Z,FALSE,"",01:50,TRUE
fare_BOM-DEL_SG_2026-09-23_T+30_1787534246745_9ky2,BOM-DEL,EaseMyTrip,SG,SG-111,2026-09-23,T+30,5231,1148,6379,2026-08-24T00:56:31.764Z,FALSE,"",01:50,TRUE
fare_BOM-DEL_SG_2026-09-23_T+30_1787534246745_6q1g,BOM-DEL,EaseMyTrip,SG,SG-218,2026-09-23,T+30,5231,1148,6379,2026-08-24T00:56:31.764Z,FALSE,"",06:25,TRUE
fare_BOM-DEL_SG_2026-09-23_T+30_1787534246745_3fh5,BOM-DEL,EaseMyTrip,SG,SG-515,2026-09-23,T+30,5231,1148,6379,2026-08-24T00:56:31.764Z,FALSE,"",06:25,TRUE
fare_BOM-DEL_SG_2026-09-23_T+30_1787534246745_bfgy,BOM-DEL,EaseMyTrip,SG,SG-444,2026-09-23,T+30,5231,1148,6379,2026-08-24T00:56:31.764Z,FALSE,"",22:30,TRUE
fare_BOM-DEL_SG_2026-09-23_T+30_1787534246745_67vs,BOM-DEL,EaseMyTrip,SG,SG-809,2026-09-23,T+30,5231,1148,6379,2026-08-24T00:56:31.764Z,FALSE,"",22:30,TRUE
fare_BOM-DEL_SG_2026-09-23_T+30_1787534246745_tbjh,BOM-DEL,EaseMyTrip,SG,SG-682,2026-09-23,T+30,5231,1148,6379,2026-08-24T00:56:31.764Z,FALSE,"",23:25,TRUE
fare_BOM-DEL_SG_2026-09-23_T+30_1787534246745_u0is,BOM-DEL,EaseMyTrip,SG,SG-933,2026-09-23,T+30,5231,1148,6379,2026-08-24T00:56:31.764Z,FALSE,"",23:25,TRUE
fare_BOM-DEL_SG_2026-09-23_T+30_1787534246745_yqcw,BOM-DEL,EaseMyTrip,SG,SG-999,2026-09-23,T+30,5231,1148,6379,2026-08-24T00:56:31.764Z,FALSE,"",23:55,TRUE
fare_BOM-DEL_SG_2026-09-23_T+30_1787534246745_hktl,BOM-DEL,EaseMyTrip,SG,SG-395,2026-09-23,T+30,5231,1148,6379,2026-08-24T00:56:31.764Z,FALSE,"",23:55,TRUE
fare_BOM-DEL_6E_2026-09-23_T+30_1787534246745_974u,BOM-DEL,EaseMyTrip,6E,6E-5131,2026-09-23,T+30,5145,1129,6274,2026-08-24T00:56:31.764Z,FALSE,"",15:50,FALSE
fare_BOM-DEL_IX_2026-09-23_T+30_1787534246745_tgo0,BOM-DEL,EaseMyTrip,IX,IX-1050,2026-09-23,T+30,5380,1181,6561,2026-08-24T00:56:31.764Z,FALSE,"",08:55,TRUE
fare_BOM-DEL_IX_2026-09-23_T+30_1787534246745_5zsz,BOM-DEL,EaseMyTrip,IX,IX-1671,2026-09-23,T+30,5380,1181,6561,2026-08-24T00:56:31.764Z,FALSE,"",16:45,TRUE
fare_BOM-DEL_6E_2026-09-23_T+30_1787534246745_86st,BOM-DEL,EaseMyTrip,6E,6E-5135,2026-09-23,T+30,5186,1138,6324,2026-08-24T00:56:31.764Z,FALSE,"",23:20,FALSE
fare_BOM-DEL_6E_2026-09-23_T+30_1787534246745_jsol,BOM-DEL,EaseMyTrip,6E,6E-5028,2026-09-23,T+30,5209,1143,6352,2026-08-24T00:56:31.764Z,FALSE,"",19:35,FALSE
fare_BOM-DEL_6E_2026-09-23_T+30_1787534246745_000r,BOM-DEL,EaseMyTrip,6E,6E-326,2026-09-23,T+30,5209,1143,6352,2026-08-24T00:56:31.764Z,FALSE,"",04:30,FALSE
fare_BOM-DEL_6E_2026-09-23_T+30_1787534246745_di12,BOM-DEL,EaseMyTrip,6E,6E-560,2026-09-23,T+30,5209,1143,6352,2026-08-24T00:56:31.764Z,FALSE,"",04:30,FALSE
fare_BOM-DEL_6E_2026-09-23_T+30_1787534246745_zawk,BOM-DEL,EaseMyTrip,6E,6E-7017,2026-09-23,T+30,5238,1150,6388,2026-08-24T00:56:31.764Z,FALSE,"",21:30,FALSE
fare_BOM-DEL_6E_2026-09-23_T+30_1787534246745_vvr8,BOM-DEL,EaseMyTrip,6E,6E-2138,2026-09-23,T+30,5238,1150,6388,2026-08-24T00:56:31.764Z,FALSE,"",16:20,FALSE
fare_BOM-DEL_6E_2026-09-23_T+30_1787534246745_bibp,BOM-DEL,EaseMyTrip,6E,6E-5238,2026-09-23,T+30,5238,1150,6388,2026-08-24T00:56:31.764Z,FALSE,"",18:25,FALSE
fare_BOM-DEL_6E_2026-09-23_T+30_1787534246745_j6vq,BOM-DEL,EaseMyTrip,6E,6E-6543,2026-09-23,T+30,5263,1155,6418,2026-08-24T00:56:31.764Z,FALSE,"",07:50,FALSE
fare_BOM-DEL_6E_2026-09-23_T+30_1787534246745_80mc,BOM-DEL,EaseMyTrip,6E,6E-5246,2026-09-23,T+30,5317,1167,6484,2026-08-24T00:56:31.764Z,FALSE,"",07:15,FALSE
fare_BOM-DEL_6E_2026-09-23_T+30_1787534246745_ilkf,BOM-DEL,EaseMyTrip,6E,6E-5318,2026-09-23,T+30,5317,1167,6484,2026-08-24T00:56:31.764Z,FALSE,"",10:15,FALSE
fare_BOM-DEL_6E_2026-09-23_T+30_1787534246745_ebuq,BOM-DEL,EaseMyTrip,6E,6E-5178,2026-09-23,T+30,5317,1167,6484,2026-08-24T00:56:31.764Z,FALSE,"",11:45,FALSE
fare_BOM-DEL_6E_2026-09-23_T+30_1787534246745_jl33,BOM-DEL,EaseMyTrip,6E,6E-181,2026-09-23,T+30,5380,1181,6561,2026-08-24T00:56:31.764Z,FALSE,"",17:20,TRUE
fare_BOM-DEL_6E_2026-09-23_T+30_1787534246745_jio2,BOM-DEL,EaseMyTrip,6E,6E-212,2026-09-23,T+30,5380,1181,6561,2026-08-24T00:56:31.764Z,FALSE,"",17:20,TRUE
fare_BOM-DEL_6E_2026-09-23_T+30_1787534246745_bopk,BOM-DEL,EaseMyTrip,6E,6E-2090,2026-09-23,T+30,5380,1181,6561,2026-08-24T00:56:31.764Z,FALSE,"",06:25,TRUE
fare_BOM-DEL_QP_2026-09-23_T+30_1787534246745_3pic,BOM-DEL,EaseMyTrip,QP,QP-1825,2026-09-23,T+30,5381,1181,6562,2026-08-24T00:56:31.764Z,FALSE,"",17:00,TRUE
fare_BOM-DEL_QP_2026-09-23_T+30_1787534246745_meql,BOM-DEL,EaseMyTrip,QP,QP-1819,2026-09-23,T+30,5381,1181,6562,2026-08-24T00:56:31.764Z,FALSE,"",14:30,TRUE
fare_BOM-DEL_QP_2026-09-23_T+30_1787534246745_8m6b,BOM-DEL,EaseMyTrip,QP,QP-1111,2026-09-23,T+30,5381,1181,6562,2026-08-24T00:56:31.764Z,FALSE,"",05:10,TRUE
fare_BOM-DEL_QP_2026-09-23_T+30_1787534246745_r79y,BOM-DEL,EaseMyTrip,QP,QP-1835,2026-09-23,T+30,5381,1181,6562,2026-08-24T00:56:31.764Z,FALSE,"",11:50,TRUE
fare_BOM-DEL_6E_2026-09-23_T+30_1787534246745_4os1,BOM-DEL,EaseMyTrip,6E,6E-173,2026-09-23,T+30,5381,1181,6562,2026-08-24T00:56:31.764Z,FALSE,"",17:20,TRUE
fare_BOM-DEL_6E_2026-09-23_T+30_1787534246745_4mhv,BOM-DEL,EaseMyTrip,6E,6E-551,2026-09-23,T+30,5381,1181,6562,2026-08-24T00:56:31.764Z,FALSE,"",17:20,TRUE
fare_BOM-DEL_6E_2026-09-23_T+30_1787534246745_8wfy,BOM-DEL,EaseMyTrip,6E,6E-6082,2026-09-23,T+30,5381,1181,6562,2026-08-24T00:56:31.764Z,FALSE,"",16:45,TRUE
fare_BOM-DEL_6E_2026-09-23_T+30_1787534246745_cdhh,BOM-DEL,EaseMyTrip,6E,6E-749,2026-09-23,T+30,5381,1181,6562,2026-08-24T00:56:31.764Z,FALSE,"",16:00,TRUE
fare_BOM-DEL_6E_2026-09-23_T+30_1787534246745_2xwd,BOM-DEL,EaseMyTrip,6E,6E-383,2026-09-23,T+30,5381,1181,6562,2026-08-24T00:56:31.764Z,FALSE,"",16:00,TRUE
fare_BOM-DEL_6E_2026-09-23_T+30_1787534246745_w28e,BOM-DEL,EaseMyTrip,6E,6E-793,2026-09-23,T+30,5381,1181,6562,2026-08-24T00:56:31.764Z,FALSE,"",15:00,TRUE
fare_BOM-DEL_6E_2026-09-23_T+30_1787534246745_outh,BOM-DEL,EaseMyTrip,6E,6E-564,2026-09-23,T+30,5381,1181,6562,2026-08-24T00:56:31.764Z,FALSE,"",15:00,TRUE
fare_BOM-DEL_6E_2026-09-23_T+30_1787534246745_ntqu,BOM-DEL,EaseMyTrip,6E,6E-909,2026-09-23,T+30,5381,1181,6562,2026-08-24T00:56:31.764Z,FALSE,"",13:00,TRUE
fare_BOM-DEL_6E_2026-09-23_T+30_1787534246745_geme,BOM-DEL,EaseMyTrip,6E,6E-176,2026-09-23,T+30,5381,1181,6562,2026-08-24T00:56:31.764Z,FALSE,"",13:00,TRUE
fare_BOM-DEL_6E_2026-09-23_T+30_1787534246745_1evu,BOM-DEL,EaseMyTrip,6E,6E-6704,2026-09-23,T+30,5381,1181,6562,2026-08-24T00:56:31.764Z,FALSE,"",14:00,TRUE
fare_BOM-DEL_6E_2026-09-23_T+30_1787534246745_4a51,BOM-DEL,EaseMyTrip,6E,6E-963,2026-09-23,T+30,5381,1181,6562,2026-08-24T00:56:31.764Z,FALSE,"",10:35,TRUE
fare_BOM-DEL_6E_2026-09-23_T+30_1787534246745_6b2w,BOM-DEL,EaseMyTrip,6E,6E-574,2026-09-23,T+30,5381,1181,6562,2026-08-24T00:56:31.764Z,FALSE,"",10:35,TRUE
fare_BOM-DEL_6E_2026-09-23_T+30_1787534246745_jtg0,BOM-DEL,EaseMyTrip,6E,6E-6827,2026-09-23,T+30,5381,1181,6562,2026-08-24T00:56:31.764Z,FALSE,"",11:30,TRUE
fare_BOM-DEL_6E_2026-09-23_T+30_1787534246745_o8p6,BOM-DEL,EaseMyTrip,6E,6E-6028,2026-09-23,T+30,5381,1181,6562,2026-08-24T00:56:31.764Z,FALSE,"",12:15,TRUE
fare_BOM-DEL_QP_2026-09-23_T+30_1787534246745_piju,BOM-DEL,EaseMyTrip,QP,QP-1939,2026-09-23,T+30,5423,1191,6614,2026-08-24T00:56:31.764Z,FALSE,"",10:10,TRUE
fare_BOM-DEL_6E_2026-09-23_T+30_1787534246745_wg4b,BOM-DEL,EaseMyTrip,6E,6E-5197,2026-09-23,T+30,5423,1191,6614,2026-08-24T00:56:31.764Z,FALSE,"",06:40,TRUE
fare_BOM-DEL_6E_2026-09-23_T+30_1787534246745_9r1n,BOM-DEL,EaseMyTrip,6E,6E-472,2026-09-23,T+30,5510,1210,6720,2026-08-24T00:56:31.764Z,FALSE,"",23:45,TRUE
fare_BOM-DEL_6E_2026-09-23_T+30_1787534246745_edy3,BOM-DEL,EaseMyTrip,6E,6E-948,2026-09-23,T+30,5510,1210,6720,2026-08-24T00:56:31.764Z,FALSE,"",23:45,TRUE
fare_BOM-DEL_6E_2026-09-23_T+30_1787534246745_0a0g,BOM-DEL,EaseMyTrip,6E,6E-990,2026-09-23,T+30,5510,1210,6720,2026-08-24T00:56:31.764Z,FALSE,"",22:15,TRUE
fare_BOM-DEL_6E_2026-09-23_T+30_1787534246745_mxk2,BOM-DEL,EaseMyTrip,6E,6E-819,2026-09-23,T+30,5510,1210,6720,2026-08-24T00:56:31.764Z,FALSE,"",22:15,TRUE
fare_BOM-DEL_6E_2026-09-23_T+30_1787534246745_rfk2,BOM-DEL,EaseMyTrip,6E,6E-524,2026-09-23,T+30,5510,1210,6720,2026-08-24T00:56:31.764Z,FALSE,"",06:00,TRUE
fare_BOM-DEL_6E_2026-09-23_T+30_1787534246745_k628,BOM-DEL,EaseMyTrip,6E,6E-198,2026-09-23,T+30,5510,1210,6720,2026-08-24T00:56:31.764Z,FALSE,"",06:00,TRUE
fare_BOM-DEL_6E_2026-09-23_T+30_1787534246745_ama7,BOM-DEL,EaseMyTrip,6E,6E-559,2026-09-23,T+30,5510,1210,6720,2026-08-24T00:56:31.764Z,FALSE,"",09:00,TRUE
fare_BOM-DEL_6E_2026-09-23_T+30_1787534246745_prnt,BOM-DEL,EaseMyTrip,6E,6E-782,2026-09-23,T+30,5510,1210,6720,2026-08-24T00:56:31.764Z,FALSE,"",09:00,TRUE
fare_BOM-DEL_6E_2026-09-23_T+30_1787534246745_p6xm,BOM-DEL,EaseMyTrip,6E,6E-5164,2026-09-23,T+30,5533,1214,6747,2026-08-24T00:56:31.764Z,FALSE,"",20:20,FALSE
fare_BOM-DEL_6E_2026-09-23_T+30_1787534246745_fjil,BOM-DEL,EaseMyTrip,6E,6E-5181,2026-09-23,T+30,5533,1214,6747,2026-08-24T00:56:31.764Z,FALSE,"",10:25,FALSE
fare_BOM-DEL_6E_2026-09-23_T+30_1787534246745_5xyk,BOM-DEL,EaseMyTrip,6E,6E-5273,2026-09-23,T+30,5533,1214,6747,2026-08-24T00:56:31.764Z,FALSE,"",18:35,FALSE
fare_BOM-DEL_6E_2026-09-23_T+30_1787534246745_x13y,BOM-DEL,EaseMyTrip,6E,6E-5345,2026-09-23,T+30,5533,1214,6747,2026-08-24T00:56:31.764Z,FALSE,"",14:25,FALSE
fare_BOM-DEL_QP_2026-09-23_T+30_1787534246745_d01x,BOM-DEL,EaseMyTrip,QP,QP-2071,2026-09-23,T+30,5560,1221,6781,2026-08-24T00:56:31.764Z,FALSE,"",05:45,TRUE
fare_BOM-DEL_AI_2026-09-23_T+30_1787534246745_ri8l,BOM-DEL,EaseMyTrip,AI,AI-2677,2026-09-23,T+30,5766,1266,7032,2026-08-24T00:56:31.764Z,FALSE,"",13:00,TRUE
fare_BOM-DEL_AI_2026-09-23_T+30_1787534246745_awac,BOM-DEL,EaseMyTrip,AI,AI-2422,2026-09-23,T+30,5766,1266,7032,2026-08-24T00:56:31.764Z,FALSE,"",01:00,TRUE
fare_BOM-DEL_AI_2026-09-23_T+30_1787534246745_ilcx,BOM-DEL,EaseMyTrip,AI,AI-2952,2026-09-23,T+30,5766,1266,7032,2026-08-24T00:56:31.764Z,FALSE,"",11:25,TRUE
fare_BOM-DEL_AI_2026-09-23_T+30_1787534246745_a4q5,BOM-DEL,EaseMyTrip,AI,AI-2419,2026-09-23,T+30,5766,1266,7032,2026-08-24T00:56:31.764Z,FALSE,"",12:00,TRUE
fare_BOM-DEL_AI_2026-09-23_T+30_1787534246745_tkmk,BOM-DEL,EaseMyTrip,AI,AI-2944,2026-09-23,T+30,5766,1266,7032,2026-08-24T00:56:31.764Z,FALSE,"",14:35,TRUE
fare_BOM-DEL_AI_2026-09-23_T+30_1787534246745_q0di,BOM-DEL,EaseMyTrip,AI,AI-2442,2026-09-23,T+30,5766,1266,7032,2026-08-24T00:56:31.764Z,FALSE,"",15:00,TRUE
fare_BOM-DEL_AI_2026-09-23_T+30_1787534246745_vvuf,BOM-DEL,EaseMyTrip,AI,AI-1851,2026-09-23,T+30,5766,1266,7032,2026-08-24T00:56:31.764Z,FALSE,"",15:30,TRUE
fare_BOM-DEL_AI_2026-09-23_T+30_1787534246745_e0wp,BOM-DEL,EaseMyTrip,AI,AI-2687,2026-09-23,T+30,5766,1266,7032,2026-08-24T00:56:31.764Z,FALSE,"",16:40,TRUE
fare_BOM-DEL_SG_2026-09-23_T+30_1787534246745_8o04,BOM-DEL,EaseMyTrip,SG,SG-101,2026-09-23,T+30,5785,1270,7055,2026-08-24T00:56:31.764Z,FALSE,"",15:55,TRUE
fare_BOM-DEL_SG_2026-09-23_T+30_1787534246745_k6rc,BOM-DEL,EaseMyTrip,SG,SG-898,2026-09-23,T+30,5785,1270,7055,2026-08-24T00:56:31.764Z,FALSE,"",15:55,TRUE
fare_BOM-DEL_QP_2026-09-23_T+30_1787534246745_y7po,BOM-DEL,EaseMyTrip,QP,QP-1120,2026-09-23,T+30,5679,1246,6925,2026-08-24T00:56:31.764Z,FALSE,"",19:00,TRUE
fare_BOM-DEL_QP_2026-09-23_T+30_1787534246745_7kmo,BOM-DEL,EaseMyTrip,QP,QP-1109,2026-09-23,T+30,5679,1246,6925,2026-08-24T00:56:31.764Z,FALSE,"",07:00,TRUE
fare_BOM-DEL_QP_2026-09-23_T+30_1787534246745_5quy,BOM-DEL,EaseMyTrip,QP,QP-1834,2026-09-23,T+30,5679,1246,6925,2026-08-24T00:56:31.764Z,FALSE,"",10:20,TRUE
fare_BOM-DEL_6E_2026-09-23_T+30_1787534246745_y9k6,BOM-DEL,EaseMyTrip,6E,6E-171,2026-09-23,T+30,5683,1247,6930,2026-08-24T00:56:31.764Z,FALSE,"",05:00,TRUE
fare_BOM-DEL_6E_2026-09-23_T+30_1787534246745_2731,BOM-DEL,EaseMyTrip,6E,6E-719,2026-09-23,T+30,5683,1247,6930,2026-08-24T00:56:31.764Z,FALSE,"",05:00,TRUE
fare_BOM-DEL_6E_2026-09-23_T+30_1787534246745_hwp5,BOM-DEL,EaseMyTrip,6E,6E-325,2026-09-23,T+30,5683,1247,6930,2026-08-24T00:56:31.764Z,FALSE,"",19:00,TRUE
fare_BOM-DEL_6E_2026-09-23_T+30_1787534246745_bwv3,BOM-DEL,EaseMyTrip,6E,6E-812,2026-09-23,T+30,5683,1247,6930,2026-08-24T00:56:31.764Z,FALSE,"",19:00,TRUE
fare_BOM-DEL_6E_2026-09-23_T+30_1787534246745_4tdb,BOM-DEL,EaseMyTrip,6E,6E-6613,2026-09-23,T+30,5683,1247,6930,2026-08-24T00:56:31.764Z,FALSE,"",18:15,TRUE
fare_BOM-DEL_6E_2026-09-23_T+30_1787534246745_9ubv,BOM-DEL,EaseMyTrip,6E,6E-6049,2026-09-23,T+30,5683,1247,6930,2026-08-24T00:56:31.764Z,FALSE,"",19:45,TRUE
fare_BOM-DEL_6E_2026-09-23_T+30_1787534246745_vxdu,BOM-DEL,EaseMyTrip,6E,6E-591,2026-09-23,T+30,5683,1247,6930,2026-08-24T00:56:31.764Z,FALSE,"",07:00,TRUE
fare_BOM-DEL_6E_2026-09-23_T+30_1787534246745_27d5,BOM-DEL,EaseMyTrip,6E,6E-417,2026-09-23,T+30,5683,1247,6930,2026-08-24T00:56:31.764Z,FALSE,"",07:00,TRUE
fare_BOM-DEL_6E_2026-09-23_T+30_1787534246745_x984,BOM-DEL,EaseMyTrip,6E,6E-931,2026-09-23,T+30,5683,1247,6930,2026-08-24T00:56:31.764Z,FALSE,"",08:00,TRUE
fare_BOM-DEL_6E_2026-09-23_T+30_1787534246745_zq4i,BOM-DEL,EaseMyTrip,6E,6E-238,2026-09-23,T+30,5683,1247,6930,2026-08-24T00:56:31.764Z,FALSE,"",08:00,TRUE
fare_BOM-DEL_6E_2026-09-23_T+30_1787534246745_lqc3,BOM-DEL,EaseMyTrip,6E,6E-6052,2026-09-23,T+30,5683,1247,6930,2026-08-24T00:56:31.764Z,FALSE,"",10:00,TRUE
fare_BOM-DEL_6E_2026-09-23_T+30_1787534246745_r09l,BOM-DEL,EaseMyTrip,6E,6E-5056,2026-09-23,T+30,5705,1252,6957,2026-08-24T00:56:31.764Z,FALSE,"",21:10,FALSE
fare_BOM-DEL_6E_2026-09-23_T+30_1787534246745_52jx,BOM-DEL,EaseMyTrip,6E,6E-5326,2026-09-23,T+30,5705,1252,6957,2026-08-24T00:56:31.764Z,FALSE,"",19:40,FALSE
fare_BOM-DEL_AI_2026-09-23_T+30_1787534246745_hm43,BOM-DEL,EaseMyTrip,AI,AI-2928,2026-09-23,T+30,5897,1294,7191,2026-08-24T00:56:31.764Z,FALSE,"",06:30,TRUE
fare_BOM-DEL_AI_2026-09-23_T+30_1787534246745_blkt,BOM-DEL,EaseMyTrip,AI,AI-2970,2026-09-23,T+30,5897,1294,7191,2026-08-24T00:56:31.764Z,FALSE,"",08:30,TRUE
fare_BOM-DEL_AI_2026-09-23_T+30_1787534246745_61z0,BOM-DEL,EaseMyTrip,AI,AI-2432,2026-09-23,T+30,5897,1294,7191,2026-08-24T00:56:31.764Z,FALSE,"",09:30,TRUE
fare_BOM-DEL_AI_2026-09-23_T+30_1787534246745_8gug,BOM-DEL,EaseMyTrip,AI,AI-1882,2026-09-23,T+30,5897,1294,7191,2026-08-24T00:56:31.764Z,FALSE,"",23:55,TRUE
fare_BOM-DEL_AI_2026-09-23_T+30_1787534246745_95ap,BOM-DEL,EaseMyTrip,AI,AI-2986,2026-09-23,T+30,5897,1294,7191,2026-08-24T00:56:31.764Z,FALSE,"",22:35,TRUE
fare_BOM-DEL_6E_2026-09-23_T+30_1787534246745_50zi,BOM-DEL,EaseMyTrip,6E,6E-6361,2026-09-23,T+30,5770,1266,7036,2026-08-24T00:56:31.764Z,FALSE,"",05:00,FALSE
fare_BOM-DEL_6E_2026-09-23_T+30_1787534246745_1n82,BOM-DEL,EaseMyTrip,6E,6E-285,2026-09-23,T+30,5897,1295,7192,2026-08-24T00:56:31.764Z,FALSE,"",21:15,TRUE
fare_BOM-DEL_6E_2026-09-23_T+30_1787534246745_vpco,BOM-DEL,EaseMyTrip,6E,6E-301,2026-09-23,T+30,5897,1295,7192,2026-08-24T00:56:31.764Z,FALSE,"",21:15,TRUE
fare_BOM-DEL_AI_2026-09-23_T+30_1787534246745_i46e,BOM-DEL,EaseMyTrip,AI,AI-2930,2026-09-23,T+30,6069,1332,7401,2026-08-24T00:56:31.764Z,FALSE,"",07:30,TRUE
fare_BOM-DEL_AI_2026-09-23_T+30_1787534246745_atf0,BOM-DEL,EaseMyTrip,AI,AI-2408,2026-09-23,T+30,6069,1332,7401,2026-08-24T00:56:31.764Z,FALSE,"",19:30,TRUE
fare_BOM-DEL_AI_2026-09-23_T+30_1787534246745_fvcf,BOM-DEL,EaseMyTrip,AI,AI-816,2026-09-23,T+30,6069,1332,7401,2026-08-24T00:56:31.764Z,FALSE,"",21:00,TRUE
fare_BOM-DEL_AI_2026-09-23_T+30_1787534246745_wpdi,BOM-DEL,EaseMyTrip,AI,AI-1895,2026-09-23,T+30,6069,1332,7401,2026-08-24T00:56:31.764Z,FALSE,"",21:30,TRUE
fare_BOM-DEL_AI_2026-09-23_T+30_1787534246745_lrty,BOM-DEL,EaseMyTrip,AI,AI-2430,2026-09-23,T+30,6069,1332,7401,2026-08-24T00:56:31.764Z,FALSE,"",10:00,TRUE
fare_BOM-DEL_AI_2026-09-23_T+30_1787534246745_ha92,BOM-DEL,EaseMyTrip,AI,AI-2988,2026-09-23,T+30,6069,1332,7401,2026-08-24T00:56:31.764Z,FALSE,"",20:30,TRUE
fare_BOM-DEL_6E_2026-09-23_T+30_1787534246745_t39q,BOM-DEL,EaseMyTrip,6E,6E-6599,2026-09-23,T+30,5959,1308,7267,2026-08-24T00:56:31.764Z,FALSE,"",16:50,FALSE
fare_BOM-DEL_6E_2026-09-23_T+30_1787534246745_kx96,BOM-DEL,EaseMyTrip,6E,6E-5147,2026-09-23,T+30,5959,1308,7267,2026-08-24T00:56:31.764Z,FALSE,"",18:35,FALSE
fare_BOM-DEL_6E_2026-09-23_T+30_1787534246745_fyux,BOM-DEL,EaseMyTrip,6E,6E-6058,2026-09-23,T+30,5959,1308,7267,2026-08-24T00:56:31.764Z,FALSE,"",08:05,FALSE
fare_BOM-DEL_6E_2026-09-23_T+30_1787534246745_puyb,BOM-DEL,EaseMyTrip,6E,6E-6802,2026-09-23,T+30,5959,1308,7267,2026-08-24T00:56:31.764Z,FALSE,"",16:55,FALSE
fare_BOM-DEL_6E_2026-09-23_T+30_1787534246745_ipvs,BOM-DEL,EaseMyTrip,6E,6E-6122,2026-09-23,T+30,5959,1308,7267,2026-08-24T00:56:31.764Z,FALSE,"",12:25,FALSE
fare_BOM-DEL_AI_2026-09-23_T+30_1787534246745_9l7t,BOM-DEL,EaseMyTrip,AI,AI-2940,2026-09-23,T+30,6220,1365,7585,2026-08-24T00:56:31.764Z,FALSE,"",20:00,TRUE
fare_BOM-DEL_AI_2026-09-23_T+30_1787534246745_eqjh,BOM-DEL,EaseMyTrip,AI,AI-2440,2026-09-23,T+30,6270,1376,7646,2026-08-24T00:56:31.764Z,FALSE,"",18:00,TRUE
fare_BOM-DEL_AI_2026-09-23_T+30_1787534246745_8s14,BOM-DEL,EaseMyTrip,AI,AI-2424,2026-09-23,T+30,6270,1376,7646,2026-08-24T00:56:31.764Z,FALSE,"",07:00,TRUE
fare_BOM-DEL_AI_2026-09-23_T+30_1787534246745_uaty,BOM-DEL,EaseMyTrip,AI,AI-2428,2026-09-23,T+30,6270,1376,7646,2026-08-24T00:56:31.764Z,FALSE,"",08:00,TRUE
fare_BOM-DEL_IX_2026-09-23_T+30_1787534246745_qxoi,BOM-DEL,EaseMyTrip,IX,IX-1026,2026-09-23,T+30,6351,1394,7745,2026-08-24T00:56:31.764Z,FALSE,"",05:45,FALSE
fare_BOM-DEL_6E_2026-09-23_T+30_1787534246745_7bfk,BOM-DEL,EaseMyTrip,6E,6E-6195,2026-09-23,T+30,6131,1346,7477,2026-08-24T00:56:31.764Z,FALSE,"",23:00,FALSE
fare_BOM-DEL_6E_2026-09-23_T+30_1787534246745_8bd7,BOM-DEL,EaseMyTrip,6E,6E-852,2026-09-23,T+30,6156,1351,7507,2026-08-24T00:56:31.764Z,FALSE,"",20:20,TRUE
fare_BOM-DEL_6E_2026-09-23_T+30_1787534246745_0vjg,BOM-DEL,EaseMyTrip,6E,6E-397,2026-09-23,T+30,6156,1351,7507,2026-08-24T00:56:31.764Z,FALSE,"",20:20,TRUE
fare_BOM-DEL_IX_2026-09-23_T+30_1787534246745_o47e,BOM-DEL,EaseMyTrip,IX,IX-2153,2026-09-23,T+30,6646,1459,8105,2026-08-24T00:56:31.764Z,FALSE,"",20:25,TRUE
fare_BOM-DEL_6E_2026-09-23_T+30_1787534246745_87ut,BOM-DEL,EaseMyTrip,6E,6E-2243,2026-09-23,T+30,6499,1427,7926,2026-08-24T00:56:31.764Z,FALSE,"",14:15,TRUE
fare_BOM-DEL_IX_2026-09-23_T+30_1787534246745_w1dm,BOM-DEL,EaseMyTrip,IX,IX-1237,2026-09-23,T+30,6987,1534,8521,2026-08-24T00:56:31.764Z,FALSE,"",05:55,FALSE
fare_BOM-DEL_6E_2026-09-23_T+30_1787534246745_ftmy,BOM-DEL,EaseMyTrip,6E,6E-6027,2026-09-23,T+30,6944,1524,8468,2026-08-24T00:56:31.764Z,FALSE,"",17:35,FALSE
fare_BOM-DEL_IX_2026-09-23_T+30_1787534246745_hbul,BOM-DEL,EaseMyTrip,IX,IX-1640,2026-09-23,T+30,7355,1615,8970,2026-08-24T00:56:31.764Z,FALSE,"",21:10,FALSE
fare_BOM-DEL_IX_2026-09-23_T+30_1787534246745_vph9,BOM-DEL,EaseMyTrip,IX,IX-1347,2026-09-23,T+30,7355,1615,8970,2026-08-24T00:56:31.764Z,FALSE,"",06:00,FALSE
fare_BOM-DEL_AI_2026-09-23_T+30_1787534246745_e61x,BOM-DEL,EaseMyTrip,AI,AI-1891,2026-09-23,T+30,7348,1613,8961,2026-08-24T00:56:31.764Z,FALSE,"",08:10,TRUE
fare_BOM-DEL_IX_2026-09-23_T+30_1787534246745_y28a,BOM-DEL,EaseMyTrip,IX,IX-1163,2026-09-23,T+30,7685,1687,9372,2026-08-24T00:56:31.764Z,FALSE,"",20:45,FALSE
fare_BOM-DEL_IX_2026-09-23_T+30_1787534246745_z7t7,BOM-DEL,EaseMyTrip,IX,IX-1164,2026-09-23,T+30,7685,1687,9372,2026-08-24T00:56:31.764Z,FALSE,"",17:35,FALSE
fare_BOM-DEL_IX_2026-09-23_T+30_1787534246745_adxh,BOM-DEL,EaseMyTrip,IX,IX-1283,2026-09-23,T+30,7685,1687,9372,2026-08-24T00:56:31.764Z,FALSE,"",09:05,FALSE
fare_BOM-DEL_IX_2026-09-23_T+30_1787534246745_phzj,BOM-DEL,EaseMyTrip,IX,IX-1023,2026-09-23,T+30,7711,1693,9404,2026-08-24T00:56:31.764Z,FALSE,"",11:25,FALSE
fare_BOM-DEL_IX_2026-09-23_T+30_1787534246745_l3u4,BOM-DEL,EaseMyTrip,IX,IX-1809,2026-09-23,T+30,7711,1693,9404,2026-08-24T00:56:31.764Z,FALSE,"",07:30,FALSE
fare_BOM-DEL_AI_2026-09-23_T+30_1787534246745_mwza,BOM-DEL,EaseMyTrip,AI,AI-9718,2026-09-23,T+30,8075,1772,9847,2026-08-24T00:56:31.764Z,FALSE,"",20:05,FALSE
fare_BOM-DEL_6E_2026-09-23_T+30_1787534246745_p778,BOM-DEL,EaseMyTrip,6E,6E-644,2026-09-23,T+30,7941,1743,9684,2026-08-24T00:56:31.764Z,FALSE,"",12:40,FALSE
fare_BOM-DEL_6E_2026-09-23_T+30_1787534246745_i9wl,BOM-DEL,EaseMyTrip,6E,6E-776,2026-09-23,T+30,7941,1743,9684,2026-08-24T00:56:31.764Z,FALSE,"",12:40,FALSE
fare_BOM-DEL_AI_2026-09-23_T+30_1787534246745_emfw,BOM-DEL,EaseMyTrip,AI,AI-9716,2026-09-23,T+30,8215,1803,10018,2026-08-24T00:56:31.764Z,TRUE,"High outlier: ₹10018 > upper fence ₹9860 (Q3: ₹7881, IQR: ₹1319)",06:05,FALSE
fare_BOM-DEL_6E_2026-09-23_T+30_1787534246745_9e40,BOM-DEL,EaseMyTrip,6E,6E-5386,2026-09-23,T+30,8645,1898,10543,2026-08-24T00:56:31.764Z,TRUE,"High outlier: ₹10543 > upper fence ₹9860 (Q3: ₹7881, IQR: ₹1319)",15:10,FALSE
fare_BOM-DEL_6E_2026-09-23_T+30_1787534246745_d8sl,BOM-DEL,EaseMyTrip,6E,6E-404,2026-09-23,T+30,8883,1950,10833,2026-08-24T00:56:31.764Z,TRUE,"High outlier: ₹10833 > upper fence ₹9860 (Q3: ₹7881, IQR: ₹1319)",19:20,FALSE
fare_BOM-DEL_6E_2026-09-23_T+30_1787534246745_8jod,BOM-DEL,EaseMyTrip,6E,6E-442,2026-09-23,T+30,8883,1950,10833,2026-08-24T00:56:31.764Z,TRUE,"High outlier: ₹10833 > upper fence ₹9860 (Q3: ₹7881, IQR: ₹1319)",19:20,FALSE
fare_BOM-DEL_6E_2026-09-23_T+30_1787534246745_yfkz,BOM-DEL,EaseMyTrip,6E,6E-2024,2026-09-23,T+30,8990,1974,10964,2026-08-24T00:56:31.764Z,TRUE,"High outlier: ₹10964 > upper fence ₹9860 (Q3: ₹7881, IQR: ₹1319)",09:15,FALSE
fare_BOM-DEL_AI_2026-09-23_T+30_1787534246745_g1q9,BOM-DEL,EaseMyTrip,AI,AI-9753,2026-09-23,T+30,9577,2102,11679,2026-08-24T00:56:31.764Z,TRUE,"High outlier: ₹11679 > upper fence ₹9860 (Q3: ₹7881, IQR: ₹1319)",05:45,FALSE
fare_BOM-DEL_IX_2026-09-23_T+30_1787534246745_wcl2,BOM-DEL,EaseMyTrip,IX,IX-1626,2026-09-23,T+30,9975,2190,12165,2026-08-24T00:56:31.764Z,TRUE,"High outlier: ₹12165 > upper fence ₹9860 (Q3: ₹7881, IQR: ₹1319)",12:00,FALSE
fare_BOM-DEL_AI_2026-09-23_T+30_1787534246745_w227,BOM-DEL,EaseMyTrip,AI,AI-9891,2026-09-23,T+30,9966,2188,12154,2026-08-24T00:56:31.764Z,TRUE,"High outlier: ₹12154 > upper fence ₹9860 (Q3: ₹7881, IQR: ₹1319)",13:10,FALSE
fare_BOM-DEL_6E_2026-09-23_T+30_1787534246745_dn0e,BOM-DEL,EaseMyTrip,6E,6E-5154,2026-09-23,T+30,10399,2283,12682,2026-08-24T00:56:31.764Z,TRUE,"High outlier: ₹12682 > upper fence ₹9860 (Q3: ₹7881, IQR: ₹1319)",15:45,FALSE
fare_BOM-DEL_AI_2026-09-23_T+30_1787534246745_dp4h,BOM-DEL,EaseMyTrip,AI,AI-2491,2026-09-23,T+30,11284,2477,13761,2026-08-24T00:56:31.764Z,TRUE,"High outlier: ₹13761 > upper fence ₹9860 (Q3: ₹7881, IQR: ₹1319)",11:15,FALSE
fare_BOM-DEL_AI_2026-09-23_T+30_1787534246745_gs1v,BOM-DEL,EaseMyTrip,AI,AI-2493,2026-09-23,T+30,11357,2493,13850,2026-08-24T00:56:31.764Z,TRUE,"High outlier: ₹13850 > upper fence ₹9860 (Q3: ₹7881, IQR: ₹1319)",18:25,FALSE
fare_BOM-DEL_AI_2026-09-23_T+30_1787534246745_j8no,BOM-DEL,EaseMyTrip,AI,AI-2915,2026-09-23,T+30,11466,2517,13983,2026-08-24T00:56:31.764Z,TRUE,"High outlier: ₹13983 > upper fence ₹9860 (Q3: ₹7881, IQR: ₹1319)",15:30,FALSE
fare_BOM-DEL_AI_2026-09-23_T+30_1787534246745_95tm,BOM-DEL,EaseMyTrip,AI,AI-2663,2026-09-23,T+30,12193,2677,14870,2026-08-24T00:56:31.764Z,TRUE,"High outlier: ₹14870 > upper fence ₹9860 (Q3: ₹7881, IQR: ₹1319)",10:25,FALSE
fare_BOM-DEL_AI_2026-09-23_T+30_1787534246745_uttm,BOM-DEL,EaseMyTrip,AI,AI-2785,2026-09-23,T+30,12656,2778,15434,2026-08-24T00:56:31.764Z,TRUE,"High outlier: ₹15434 > upper fence ₹9860 (Q3: ₹7881, IQR: ₹1319)",06:40,FALSE
fare_BOM-DEL_AI_2026-09-23_T+30_1787534246745_ibo1,BOM-DEL,EaseMyTrip,AI,AI-2659,2026-09-23,T+30,13091,2874,15965,2026-08-24T00:56:31.764Z,TRUE,"High outlier: ₹15965 > upper fence ₹9860 (Q3: ₹7881, IQR: ₹1319)",14:35,FALSE
fare_BOM-DEL_AI_2026-09-23_T+30_1787534246745_cogd,BOM-DEL,EaseMyTrip,AI,AI-2997,2026-09-23,T+30,13842,3038,16880,2026-08-24T00:56:31.764Z,TRUE,"High outlier: ₹16880 > upper fence ₹9860 (Q3: ₹7881, IQR: ₹1319)",10:10,FALSE
fare_BOM-DEL_AI_2026-09-23_T+30_1787534246745_vi8x,BOM-DEL,EaseMyTrip,AI,AI-2741,2026-09-23,T+30,13953,3063,17016,2026-08-24T00:56:31.764Z,TRUE,"High outlier: ₹17016 > upper fence ₹9860 (Q3: ₹7881, IQR: ₹1319)",07:40,FALSE
fare_BOM-DEL_AI_2026-09-23_T+30_1787534246745_ue6s,BOM-DEL,EaseMyTrip,AI,AI-431,2026-09-23,T+30,13953,3063,17016,2026-08-24T00:56:31.764Z,TRUE,"High outlier: ₹17016 > upper fence ₹9860 (Q3: ₹7881, IQR: ₹1319)",12:10,FALSE
fare_BOM-DEL_AI_2026-09-23_T+30_1787534246745_ysqd,BOM-DEL,EaseMyTrip,AI,AI-9558,2026-09-23,T+30,13967,3066,17033,2026-08-24T00:56:31.764Z,TRUE,"High outlier: ₹17033 > upper fence ₹9860 (Q3: ₹7881, IQR: ₹1319)",07:30,FALSE
fare_BOM-DEL_AI_2026-09-23_T+30_1787534246745_ip3p,BOM-DEL,EaseMyTrip,AI,AI-2749,2026-09-23,T+30,14173,3111,17284,2026-08-24T00:56:31.764Z,TRUE,"High outlier: ₹17284 > upper fence ₹9860 (Q3: ₹7881, IQR: ₹1319)",17:35,FALSE
fare_BOM-DEL_AI_2026-09-23_T+30_1787534246745_ih2n,BOM-DEL,EaseMyTrip,AI,AI-2444,2026-09-23,T+30,14603,3206,17809,2026-08-24T00:56:31.764Z,TRUE,"High outlier: ₹17809 > upper fence ₹9860 (Q3: ₹7881, IQR: ₹1319)",10:50,FALSE
fare_BOM-DEL_AI_2026-09-23_T+30_1787534246745_3mqg,BOM-DEL,EaseMyTrip,AI,AI-2875,2026-09-23,T+30,14603,3206,17809,2026-08-24T00:56:31.764Z,TRUE,"High outlier: ₹17809 > upper fence ₹9860 (Q3: ₹7881, IQR: ₹1319)",19:35,FALSE
fare_BOM-DEL_AI_2026-09-23_T+30_1787534246745_pivs,BOM-DEL,EaseMyTrip,AI,AI-2531,2026-09-23,T+30,14715,3230,17945,2026-08-24T00:56:31.764Z,TRUE,"High outlier: ₹17945 > upper fence ₹9860 (Q3: ₹7881, IQR: ₹1319)",15:05,FALSE
fare_BOM-DEL_AI_2026-09-23_T+30_1787534246745_ysb2,BOM-DEL,EaseMyTrip,AI,AI-417,2026-09-23,T+30,14715,3230,17945,2026-08-24T00:56:31.764Z,TRUE,"High outlier: ₹17945 > upper fence ₹9860 (Q3: ₹7881, IQR: ₹1319)",08:55,FALSE
fare_BOM-DEL_AI_2026-09-23_T+30_1787534246745_qtj1,BOM-DEL,EaseMyTrip,AI,AI-2625,2026-09-23,T+30,14755,3239,17994,2026-08-24T00:56:31.764Z,TRUE,"High outlier: ₹17994 > upper fence ₹9860 (Q3: ₹7881, IQR: ₹1319)",06:00,FALSE
fare_BOM-DEL_AI_2026-09-23_T+30_1787534246745_2h4s,BOM-DEL,EaseMyTrip,AI,AI-2781,2026-09-23,T+30,15493,3401,18894,2026-08-24T00:56:31.764Z,TRUE,"High outlier: ₹18894 > upper fence ₹9860 (Q3: ₹7881, IQR: ₹1319)",10:50,FALSE
fare_BOM-DEL_IX_2026-09-23_T+30_1787534246745_vpp6,BOM-DEL,EaseMyTrip,IX,IX-1238,2026-09-23,T+30,17121,3758,20879,2026-08-24T00:56:31.764Z,TRUE,"High outlier: ₹20879 > upper fence ₹9860 (Q3: ₹7881, IQR: ₹1319)",12:25,FALSE
fare_BOM-DEL_AI_2026-09-23_T+30_1787534246745_3s5y,BOM-DEL,EaseMyTrip,AI,AI-2579,2026-09-23,T+30,27191,5969,33160,2026-08-24T00:56:31.764Z,TRUE,"High outlier: ₹33160 > upper fence ₹9860 (Q3: ₹7881, IQR: ₹1319)",10:35,FALSE
fare_BOM-DEL_IX_2026-08-31_T+7_1787534246746_t9q2,BOM-DEL,EaseMyTrip,IX,IX-1798,2026-08-31,T+7,5136,1128,6264,2026-08-24T00:56:19.403Z,FALSE,"",11:20,FALSE
fare_BOM-DEL_6E_2026-08-31_T+7_1787534246746_do3f,BOM-DEL,EaseMyTrip,6E,6E-5095,2026-08-31,T+7,5014,1101,6115,2026-08-24T00:56:19.403Z,FALSE,"",09:20,TRUE
fare_BOM-DEL_SG_2026-08-31_T+7_1787534246746_fkir,BOM-DEL,EaseMyTrip,SG,SG-386,2026-08-31,T+7,5188,1139,6327,2026-08-24T00:56:19.403Z,FALSE,"",01:50,TRUE
fare_BOM-DEL_SG_2026-08-31_T+7_1787534246746_6ek1,BOM-DEL,EaseMyTrip,SG,SG-582,2026-08-31,T+7,5188,1139,6327,2026-08-24T00:56:19.403Z,FALSE,"",01:50,TRUE
fare_BOM-DEL_SG_2026-08-31_T+7_1787534246746_o8oi,BOM-DEL,EaseMyTrip,SG,SG-414,2026-08-31,T+7,5188,1139,6327,2026-08-24T00:56:19.403Z,FALSE,"",23:55,TRUE
fare_BOM-DEL_SG_2026-08-31_T+7_1787534246746_omki,BOM-DEL,EaseMyTrip,SG,SG-969,2026-08-31,T+7,5188,1139,6327,2026-08-24T00:56:19.403Z,FALSE,"",23:55,TRUE
fare_BOM-DEL_SG_2026-08-31_T+7_1787534246746_kykr,BOM-DEL,EaseMyTrip,SG,SG-510,2026-08-31,T+7,5275,1158,6433,2026-08-24T00:56:19.403Z,FALSE,"",06:25,TRUE
fare_BOM-DEL_SG_2026-08-31_T+7_1787534246746_czxe,BOM-DEL,EaseMyTrip,SG,SG-394,2026-08-31,T+7,5275,1158,6433,2026-08-24T00:56:19.403Z,FALSE,"",06:25,TRUE
fare_BOM-DEL_IX_2026-08-31_T+7_1787534246746_mno3,BOM-DEL,EaseMyTrip,IX,IX-1389,2026-08-31,T+7,5380,1181,6561,2026-08-24T00:56:19.403Z,FALSE,"",22:20,TRUE
fare_BOM-DEL_IX_2026-08-31_T+7_1787534246746_rmrx,BOM-DEL,EaseMyTrip,IX,IX-2153,2026-08-31,T+7,5380,1181,6561,2026-08-24T00:56:19.403Z,FALSE,"",21:15,TRUE
fare_BOM-DEL_IX_2026-08-31_T+7_1787534246746_ijag,BOM-DEL,EaseMyTrip,IX,IX-2952,2026-08-31,T+7,5510,1209,6719,2026-08-24T00:56:19.403Z,FALSE,"",09:05,TRUE
fare_BOM-DEL_IX_2026-08-31_T+7_1787534246746_bq8g,BOM-DEL,EaseMyTrip,IX,IX-1050,2026-08-31,T+7,5510,1209,6719,2026-08-24T00:56:19.403Z,FALSE,"",14:45,TRUE
fare_BOM-DEL_SG_2026-08-31_T+7_1787534246746_9aos,BOM-DEL,EaseMyTrip,SG,SG-752,2026-08-31,T+7,5528,1213,6741,2026-08-24T00:56:19.403Z,FALSE,"",15:55,TRUE
fare_BOM-DEL_SG_2026-08-31_T+7_1787534246746_57vb,BOM-DEL,EaseMyTrip,SG,SG-662,2026-08-31,T+7,5528,1213,6741,2026-08-24T00:56:19.403Z,FALSE,"",15:55,TRUE
fare_BOM-DEL_6E_2026-08-31_T+7_1787534246746_w26n,BOM-DEL,EaseMyTrip,6E,6E-281,2026-08-31,T+7,5380,1181,6561,2026-08-24T00:56:19.403Z,FALSE,"",17:20,TRUE
fare_BOM-DEL_6E_2026-08-31_T+7_1787534246746_xgjn,BOM-DEL,EaseMyTrip,6E,6E-728,2026-08-31,T+7,5380,1181,6561,2026-08-24T00:56:19.403Z,FALSE,"",17:20,TRUE
fare_BOM-DEL_QP_2026-08-31_T+7_1787534246746_i5he,BOM-DEL,EaseMyTrip,QP,QP-1819,2026-08-31,T+7,5381,1181,6562,2026-08-24T00:56:19.403Z,FALSE,"",14:30,TRUE
fare_BOM-DEL_QP_2026-08-31_T+7_1787534246746_imgh,BOM-DEL,EaseMyTrip,QP,QP-1825,2026-08-31,T+7,5381,1181,6562,2026-08-24T00:56:19.403Z,FALSE,"",16:50,TRUE
fare_BOM-DEL_QP_2026-08-31_T+7_1787534246746_wtdf,BOM-DEL,EaseMyTrip,QP,QP-1111,2026-08-31,T+7,5381,1181,6562,2026-08-24T00:56:19.403Z,FALSE,"",05:25,TRUE
fare_BOM-DEL_QP_2026-08-31_T+7_1787534246746_u4co,BOM-DEL,EaseMyTrip,QP,QP-1127,2026-08-31,T+7,5381,1181,6562,2026-08-24T00:56:19.403Z,FALSE,"",12:55,TRUE
fare_BOM-DEL_QP_2026-08-31_T+7_1787534246746_3wfe,BOM-DEL,EaseMyTrip,QP,QP-1835,2026-08-31,T+7,5381,1181,6562,2026-08-24T00:56:19.403Z,FALSE,"",11:50,TRUE
fare_BOM-DEL_6E_2026-08-31_T+7_1787534246746_0yq2,BOM-DEL,EaseMyTrip,6E,6E-684,2026-08-31,T+7,5381,1181,6562,2026-08-24T00:56:19.403Z,FALSE,"",19:00,TRUE
fare_BOM-DEL_6E_2026-08-31_T+7_1787534246746_o2qu,BOM-DEL,EaseMyTrip,6E,6E-489,2026-08-31,T+7,5381,1181,6562,2026-08-24T00:56:19.403Z,FALSE,"",19:00,TRUE
fare_BOM-DEL_6E_2026-08-31_T+7_1787534246746_ye9z,BOM-DEL,EaseMyTrip,6E,6E-6613,2026-08-31,T+7,5381,1181,6562,2026-08-24T00:56:19.403Z,FALSE,"",18:15,TRUE
fare_BOM-DEL_6E_2026-08-31_T+7_1787534246746_g2ny,BOM-DEL,EaseMyTrip,6E,6E-619,2026-08-31,T+7,5381,1181,6562,2026-08-24T00:56:19.403Z,FALSE,"",17:20,TRUE
fare_BOM-DEL_6E_2026-08-31_T+7_1787534246746_bp0o,BOM-DEL,EaseMyTrip,6E,6E-250,2026-08-31,T+7,5381,1181,6562,2026-08-24T00:56:19.403Z,FALSE,"",17:20,TRUE
fare_BOM-DEL_6E_2026-08-31_T+7_1787534246746_xvle,BOM-DEL,EaseMyTrip,6E,6E-6082,2026-08-31,T+7,5381,1181,6562,2026-08-24T00:56:19.403Z,FALSE,"",16:45,TRUE
fare_BOM-DEL_6E_2026-08-31_T+7_1787534246746_8dwt,BOM-DEL,EaseMyTrip,6E,6E-297,2026-08-31,T+7,5381,1181,6562,2026-08-24T00:56:19.403Z,FALSE,"",16:00,TRUE
fare_BOM-DEL_6E_2026-08-31_T+7_1787534246746_n8zq,BOM-DEL,EaseMyTrip,6E,6E-912,2026-08-31,T+7,5381,1181,6562,2026-08-24T00:56:19.403Z,FALSE,"",16:00,TRUE
fare_BOM-DEL_6E_2026-08-31_T+7_1787534246746_6mlb,BOM-DEL,EaseMyTrip,6E,6E-6704,2026-08-31,T+7,5381,1181,6562,2026-08-24T00:56:19.403Z,FALSE,"",13:50,TRUE
fare_BOM-DEL_6E_2026-08-31_T+7_1787534246746_jufh,BOM-DEL,EaseMyTrip,6E,6E-6028,2026-08-31,T+7,5381,1181,6562,2026-08-24T00:56:19.403Z,FALSE,"",12:15,TRUE
fare_BOM-DEL_6E_2026-08-31_T+7_1787534246746_578u,BOM-DEL,EaseMyTrip,6E,6E-799,2026-08-31,T+7,5381,1181,6562,2026-08-24T00:56:19.403Z,FALSE,"",13:00,TRUE
fare_BOM-DEL_6E_2026-08-31_T+7_1787534246746_4p6t,BOM-DEL,EaseMyTrip,6E,6E-542,2026-08-31,T+7,5381,1181,6562,2026-08-24T00:56:19.403Z,FALSE,"",13:00,TRUE
fare_BOM-DEL_6E_2026-08-31_T+7_1787534246746_h5na,BOM-DEL,EaseMyTrip,6E,6E-6827,2026-08-31,T+7,5381,1181,6562,2026-08-24T00:56:19.403Z,FALSE,"",11:30,TRUE
fare_BOM-DEL_QP_2026-08-31_T+7_1787534246746_3d7s,BOM-DEL,EaseMyTrip,QP,QP-1941,2026-08-31,T+7,5423,1191,6614,2026-08-24T00:56:19.403Z,FALSE,"",18:05,TRUE
fare_BOM-DEL_QP_2026-08-31_T+7_1787534246746_jbtf,BOM-DEL,EaseMyTrip,QP,QP-1939,2026-08-31,T+7,5423,1191,6614,2026-08-24T00:56:19.403Z,FALSE,"",10:10,TRUE
fare_BOM-DEL_6E_2026-08-31_T+7_1787534246746_5nwf,BOM-DEL,EaseMyTrip,6E,6E-5197,2026-08-31,T+7,5423,1191,6614,2026-08-24T00:56:19.403Z,FALSE,"",06:40,TRUE
fare_BOM-DEL_6E_2026-08-31_T+7_1787534246746_vwyq,BOM-DEL,EaseMyTrip,6E,6E-652,2026-08-31,T+7,5510,1210,6720,2026-08-24T00:56:19.403Z,FALSE,"",23:45,TRUE
fare_BOM-DEL_6E_2026-08-31_T+7_1787534246746_nb4d,BOM-DEL,EaseMyTrip,6E,6E-136,2026-08-31,T+7,5510,1210,6720,2026-08-24T00:56:19.403Z,FALSE,"",23:45,TRUE
fare_BOM-DEL_6E_2026-08-31_T+7_1787534246746_q9xk,BOM-DEL,EaseMyTrip,6E,6E-736,2026-08-31,T+7,5510,1210,6720,2026-08-24T00:56:19.403Z,FALSE,"",22:15,TRUE
fare_BOM-DEL_6E_2026-08-31_T+7_1787534246746_owhu,BOM-DEL,EaseMyTrip,6E,6E-294,2026-08-31,T+7,5510,1210,6720,2026-08-24T00:56:19.403Z,FALSE,"",22:15,TRUE
fare_BOM-DEL_6E_2026-08-31_T+7_1787534246746_1q66,BOM-DEL,EaseMyTrip,6E,6E-564,2026-08-31,T+7,5510,1210,6720,2026-08-24T00:56:19.403Z,FALSE,"",15:00,TRUE
fare_BOM-DEL_6E_2026-08-31_T+7_1787534246746_j8mw,BOM-DEL,EaseMyTrip,6E,6E-919,2026-08-31,T+7,5510,1210,6720,2026-08-24T00:56:19.403Z,FALSE,"",15:00,TRUE
fare_BOM-DEL_6E_2026-08-31_T+7_1787534246746_2b3b,BOM-DEL,EaseMyTrip,6E,6E-120,2026-08-31,T+7,5510,1210,6720,2026-08-24T00:56:19.403Z,FALSE,"",10:35,TRUE
fare_BOM-DEL_6E_2026-08-31_T+7_1787534246746_nyfq,BOM-DEL,EaseMyTrip,6E,6E-295,2026-08-31,T+7,5510,1210,6720,2026-08-24T00:56:19.403Z,FALSE,"",10:35,TRUE
fare_BOM-DEL_6E_2026-08-31_T+7_1787534246746_gzik,BOM-DEL,EaseMyTrip,6E,6E-2090,2026-08-31,T+7,5552,1219,6771,2026-08-24T00:56:19.403Z,FALSE,"",06:25,TRUE
fare_BOM-DEL_QP_2026-08-31_T+7_1787534246746_mnsp,BOM-DEL,EaseMyTrip,QP,QP-2071,2026-08-31,T+7,5560,1221,6781,2026-08-24T00:56:19.403Z,FALSE,"",06:05,TRUE
fare_BOM-DEL_AI_2026-08-31_T+7_1787534246746_1r1a,BOM-DEL,EaseMyTrip,AI,AI-2677,2026-08-31,T+7,5766,1266,7032,2026-08-24T00:56:19.403Z,FALSE,"",13:00,TRUE
fare_BOM-DEL_AI_2026-08-31_T+7_1787534246746_eaq2,BOM-DEL,EaseMyTrip,AI,AI-2960,2026-08-31,T+7,5766,1266,7032,2026-08-24T00:56:19.403Z,FALSE,"",14:05,TRUE
fare_BOM-DEL_AI_2026-08-31_T+7_1787534246746_p1mo,BOM-DEL,EaseMyTrip,AI,AI-2965,2026-08-31,T+7,5766,1266,7032,2026-08-24T00:56:19.403Z,FALSE,"",14:05,TRUE
fare_BOM-DEL_AI_2026-08-31_T+7_1787534246746_5jgl,BOM-DEL,EaseMyTrip,AI,AI-2408,2026-08-31,T+7,5766,1266,7032,2026-08-24T00:56:19.403Z,FALSE,"",19:30,TRUE
fare_BOM-DEL_AI_2026-08-31_T+7_1787534246746_ae8n,BOM-DEL,EaseMyTrip,AI,AI-2419,2026-08-31,T+7,5766,1266,7032,2026-08-24T00:56:19.403Z,FALSE,"",12:00,TRUE
fare_BOM-DEL_AI_2026-08-31_T+7_1787534246746_dhyt,BOM-DEL,EaseMyTrip,AI,AI-2944,2026-08-31,T+7,5766,1266,7032,2026-08-24T00:56:19.403Z,FALSE,"",14:35,TRUE
fare_BOM-DEL_AI_2026-08-31_T+7_1787534246746_bqn4,BOM-DEL,EaseMyTrip,AI,AI-2442,2026-08-31,T+7,5766,1266,7032,2026-08-24T00:56:19.403Z,FALSE,"",15:00,TRUE
fare_BOM-DEL_AI_2026-08-31_T+7_1787534246746_r55q,BOM-DEL,EaseMyTrip,AI,AI-2910,2026-08-31,T+7,5766,1266,7032,2026-08-24T00:56:19.403Z,FALSE,"",17:30,TRUE
fare_BOM-DEL_AI_2026-08-31_T+7_1787534246746_1kzn,BOM-DEL,EaseMyTrip,AI,AI-2440,2026-08-31,T+7,5766,1266,7032,2026-08-24T00:56:19.403Z,FALSE,"",18:00,TRUE
fare_BOM-DEL_AI_2026-08-31_T+7_1787534246746_w13s,BOM-DEL,EaseMyTrip,AI,AI-2996,2026-08-31,T+7,5766,1266,7032,2026-08-24T00:56:19.403Z,FALSE,"",18:30,TRUE
fare_BOM-DEL_AI_2026-08-31_T+7_1787534246746_t7s4,BOM-DEL,EaseMyTrip,AI,AI-2426,2026-08-31,T+7,5766,1266,7032,2026-08-24T00:56:19.403Z,FALSE,"",19:00,TRUE
fare_BOM-DEL_AI_2026-08-31_T+7_1787534246746_j6wj,BOM-DEL,EaseMyTrip,AI,AI-2952,2026-08-31,T+7,5766,1266,7032,2026-08-24T00:56:19.403Z,FALSE,"",11:25,TRUE
fare_BOM-DEL_AI_2026-08-31_T+7_1787534246746_din1,BOM-DEL,EaseMyTrip,AI,AI-2687,2026-08-31,T+7,5766,1266,7032,2026-08-24T00:56:19.403Z,FALSE,"",16:30,TRUE
fare_BOM-DEL_QP_2026-08-31_T+7_1787534246746_qfqr,BOM-DEL,EaseMyTrip,QP,QP-1109,2026-08-31,T+7,5679,1246,6925,2026-08-24T00:56:19.403Z,FALSE,"",07:00,TRUE
fare_BOM-DEL_QP_2026-08-31_T+7_1787534246746_um01,BOM-DEL,EaseMyTrip,QP,QP-1834,2026-08-31,T+7,5679,1246,6925,2026-08-24T00:56:19.403Z,FALSE,"",10:00,TRUE
fare_BOM-DEL_QP_2026-08-31_T+7_1787534246746_brvz,BOM-DEL,EaseMyTrip,QP,QP-1120,2026-08-31,T+7,5679,1246,6925,2026-08-24T00:56:19.403Z,FALSE,"",18:45,TRUE
fare_BOM-DEL_6E_2026-08-31_T+7_1787534246746_ctyf,BOM-DEL,EaseMyTrip,6E,6E-991,2026-08-31,T+7,5683,1247,6930,2026-08-24T00:56:19.403Z,FALSE,"",05:00,TRUE
fare_BOM-DEL_6E_2026-08-31_T+7_1787534246746_f3b0,BOM-DEL,EaseMyTrip,6E,6E-467,2026-08-31,T+7,5683,1247,6930,2026-08-24T00:56:19.403Z,FALSE,"",05:00,TRUE
fare_BOM-DEL_6E_2026-08-31_T+7_1787534246746_l8zn,BOM-DEL,EaseMyTrip,6E,6E-326,2026-08-31,T+7,5683,1247,6930,2026-08-24T00:56:19.403Z,FALSE,"",21:15,TRUE
fare_BOM-DEL_6E_2026-08-31_T+7_1787534246746_wav0,BOM-DEL,EaseMyTrip,6E,6E-940,2026-08-31,T+7,5683,1247,6930,2026-08-24T00:56:19.403Z,FALSE,"",21:15,TRUE
fare_BOM-DEL_6E_2026-08-31_T+7_1787534246746_8m9p,BOM-DEL,EaseMyTrip,6E,6E-6049,2026-08-31,T+7,5683,1247,6930,2026-08-24T00:56:19.403Z,FALSE,"",19:45,TRUE
fare_BOM-DEL_6E_2026-08-31_T+7_1787534246746_urn9,BOM-DEL,EaseMyTrip,6E,6E-454,2026-08-31,T+7,5683,1247,6930,2026-08-24T00:56:19.403Z,FALSE,"",20:20,TRUE
fare_BOM-DEL_6E_2026-08-31_T+7_1787534246746_6pdu,BOM-DEL,EaseMyTrip,6E,6E-973,2026-08-31,T+7,5683,1247,6930,2026-08-24T00:56:19.403Z,FALSE,"",20:20,TRUE
fare_BOM-DEL_6E_2026-08-31_T+7_1787534246746_i4pu,BOM-DEL,EaseMyTrip,6E,6E-322,2026-08-31,T+7,5683,1247,6930,2026-08-24T00:56:19.403Z,FALSE,"",06:00,TRUE
fare_BOM-DEL_6E_2026-08-31_T+7_1787534246746_ju5b,BOM-DEL,EaseMyTrip,6E,6E-226,2026-08-31,T+7,5683,1247,6930,2026-08-24T00:56:19.403Z,FALSE,"",06:00,TRUE
fare_BOM-DEL_6E_2026-08-31_T+7_1787534246746_118s,BOM-DEL,EaseMyTrip,6E,6E-6052,2026-08-31,T+7,5683,1247,6930,2026-08-24T00:56:19.403Z,FALSE,"",10:00,TRUE
fare_BOM-DEL_6E_2026-08-31_T+7_1787534246746_1v3l,BOM-DEL,EaseMyTrip,6E,6E-128,2026-08-31,T+7,5683,1247,6930,2026-08-24T00:56:19.403Z,FALSE,"",09:00,TRUE
fare_BOM-DEL_6E_2026-08-31_T+7_1787534246746_kuuz,BOM-DEL,EaseMyTrip,6E,6E-609,2026-08-31,T+7,5683,1247,6930,2026-08-24T00:56:19.403Z,FALSE,"",09:00,TRUE
fare_BOM-DEL_AI_2026-08-31_T+7_1787534246746_3sfz,BOM-DEL,EaseMyTrip,AI,AI-2738,2026-08-31,T+7,5897,1294,7191,2026-08-24T00:56:19.403Z,FALSE,"",10:30,TRUE
fare_BOM-DEL_AI_2026-08-31_T+7_1787534246746_f38q,BOM-DEL,EaseMyTrip,AI,AI-2423,2026-08-31,T+7,5897,1294,7191,2026-08-24T00:56:19.403Z,FALSE,"",22:00,TRUE
fare_BOM-DEL_AI_2026-08-31_T+7_1787534246746_89rc,BOM-DEL,EaseMyTrip,AI,AI-2614,2026-08-31,T+7,5897,1294,7191,2026-08-24T00:56:19.403Z,FALSE,"",23:30,TRUE
fare_BOM-DEL_AI_2026-08-31_T+7_1787534246746_tiy9,BOM-DEL,EaseMyTrip,AI,AI-1882,2026-08-31,T+7,5897,1294,7191,2026-08-24T00:56:19.403Z,FALSE,"",23:55,TRUE
fare_BOM-DEL_AI_2026-08-31_T+7_1787534246746_dd8i,BOM-DEL,EaseMyTrip,AI,AI-2986,2026-08-31,T+7,5897,1294,7191,2026-08-24T00:56:19.403Z,FALSE,"",22:50,TRUE
fare_BOM-DEL_6E_2026-08-31_T+7_1787534246746_z8q4,BOM-DEL,EaseMyTrip,6E,6E-687,2026-08-31,T+7,5739,1260,6999,2026-08-24T00:56:19.403Z,FALSE,"",01:30,FALSE
fare_BOM-DEL_6E_2026-08-31_T+7_1787534246746_6i5l,BOM-DEL,EaseMyTrip,6E,6E-629,2026-08-31,T+7,5739,1260,6999,2026-08-24T00:56:19.403Z,FALSE,"",01:30,FALSE
fare_BOM-DEL_6E_2026-08-31_T+7_1787534246746_f22b,BOM-DEL,EaseMyTrip,6E,6E-878,2026-08-31,T+7,5739,1260,6999,2026-08-24T00:56:19.403Z,FALSE,"",14:40,FALSE
fare_BOM-DEL_6E_2026-08-31_T+7_1787534246746_o2ir,BOM-DEL,EaseMyTrip,6E,6E-676,2026-08-31,T+7,5739,1260,6999,2026-08-24T00:56:19.403Z,FALSE,"",14:40,FALSE
fare_BOM-DEL_6E_2026-08-31_T+7_1787534246746_bvyl,BOM-DEL,EaseMyTrip,6E,6E-5107,2026-08-31,T+7,5739,1260,6999,2026-08-24T00:56:19.403Z,FALSE,"",20:00,FALSE
fare_BOM-DEL_6E_2026-08-31_T+7_1787534246746_rjbp,BOM-DEL,EaseMyTrip,6E,6E-6027,2026-08-31,T+7,5847,1283,7130,2026-08-24T00:56:19.403Z,FALSE,"",17:35,FALSE
fare_BOM-DEL_6E_2026-08-31_T+7_1787534246746_8o29,BOM-DEL,EaseMyTrip,6E,6E-5164,2026-08-31,T+7,5847,1283,7130,2026-08-24T00:56:19.403Z,FALSE,"",20:35,FALSE
fare_BOM-DEL_6E_2026-08-31_T+7_1787534246746_k3ip,BOM-DEL,EaseMyTrip,6E,6E-5147,2026-08-31,T+7,5847,1283,7130,2026-08-24T00:56:19.403Z,FALSE,"",18:35,FALSE
fare_BOM-DEL_6E_2026-08-31_T+7_1787534246746_v4gk,BOM-DEL,EaseMyTrip,6E,6E-6058,2026-08-31,T+7,5847,1283,7130,2026-08-24T00:56:19.403Z,FALSE,"",08:05,FALSE
fare_BOM-DEL_6E_2026-08-31_T+7_1787534246746_5737,BOM-DEL,EaseMyTrip,6E,6E-5131,2026-08-31,T+7,5847,1283,7130,2026-08-24T00:56:19.403Z,FALSE,"",15:50,FALSE
fare_BOM-DEL_6E_2026-08-31_T+7_1787534246746_hg7i,BOM-DEL,EaseMyTrip,6E,6E-6802,2026-08-31,T+7,5847,1283,7130,2026-08-24T00:56:19.403Z,FALSE,"",16:55,FALSE
fare_BOM-DEL_6E_2026-08-31_T+7_1787534246746_yzb2,BOM-DEL,EaseMyTrip,6E,6E-5273,2026-08-31,T+7,5847,1283,7130,2026-08-24T00:56:19.403Z,FALSE,"",18:35,FALSE
fare_BOM-DEL_6E_2026-08-31_T+7_1787534246746_7lb8,BOM-DEL,EaseMyTrip,6E,6E-639,2026-08-31,T+7,5897,1295,7192,2026-08-24T00:56:19.403Z,FALSE,"",07:00,TRUE
fare_BOM-DEL_6E_2026-08-31_T+7_1787534246746_nyz0,BOM-DEL,EaseMyTrip,6E,6E-604,2026-08-31,T+7,5897,1295,7192,2026-08-24T00:56:19.403Z,FALSE,"",08:00,TRUE
fare_BOM-DEL_6E_2026-08-31_T+7_1787534246746_7nak,BOM-DEL,EaseMyTrip,6E,6E-974,2026-08-31,T+7,5897,1295,7192,2026-08-24T00:56:19.403Z,FALSE,"",08:00,TRUE
fare_BOM-DEL_AI_2026-08-31_T+7_1787534246746_5to2,BOM-DEL,EaseMyTrip,AI,AI-2748,2026-08-31,T+7,6069,1332,7401,2026-08-24T00:56:19.403Z,FALSE,"",21:30,TRUE
fare_BOM-DEL_AI_2026-08-31_T+7_1787534246746_4h8u,BOM-DEL,EaseMyTrip,AI,AI-2988,2026-08-31,T+7,6069,1332,7401,2026-08-24T00:56:19.403Z,FALSE,"",20:30,TRUE
fare_BOM-DEL_6E_2026-08-31_T+7_1787534246746_u9tf,BOM-DEL,EaseMyTrip,6E,6E-5238,2026-08-31,T+7,5907,1297,7204,2026-08-24T00:56:19.403Z,FALSE,"",18:25,FALSE
fare_BOM-DEL_6E_2026-08-31_T+7_1787534246746_iov8,BOM-DEL,EaseMyTrip,6E,6E-5028,2026-08-31,T+7,5911,1298,7209,2026-08-24T00:56:19.403Z,FALSE,"",19:35,FALSE
fare_BOM-DEL_6E_2026-08-31_T+7_1787534246746_7q0c,BOM-DEL,EaseMyTrip,6E,6E-765,2026-08-31,T+7,5911,1298,7209,2026-08-24T00:56:19.403Z,FALSE,"",04:45,FALSE
fare_BOM-DEL_6E_2026-08-31_T+7_1787534246746_ix14,BOM-DEL,EaseMyTrip,6E,6E-138,2026-08-31,T+7,5911,1298,7209,2026-08-24T00:56:19.403Z,FALSE,"",04:45,FALSE
fare_BOM-DEL_6E_2026-08-31_T+7_1787534246746_ew0q,BOM-DEL,EaseMyTrip,6E,6E-6543,2026-08-31,T+7,5965,1309,7274,2026-08-24T00:56:19.403Z,FALSE,"",07:50,FALSE
fare_BOM-DEL_6E_2026-08-31_T+7_1787534246746_kas1,BOM-DEL,EaseMyTrip,6E,6E-142,2026-08-31,T+7,6019,1321,7340,2026-08-24T00:56:19.403Z,FALSE,"",17:45,FALSE
fare_BOM-DEL_6E_2026-08-31_T+7_1787534246746_xpnl,BOM-DEL,EaseMyTrip,6E,6E-274,2026-08-31,T+7,6019,1321,7340,2026-08-24T00:56:19.403Z,FALSE,"",17:45,FALSE
fare_BOM-DEL_6E_2026-08-31_T+7_1787534246746_z2o5,BOM-DEL,EaseMyTrip,6E,6E-5056,2026-08-31,T+7,6019,1321,7340,2026-08-24T00:56:19.403Z,FALSE,"",21:10,FALSE
fare_BOM-DEL_6E_2026-08-31_T+7_1787534246746_vfax,BOM-DEL,EaseMyTrip,6E,6E-6195,2026-08-31,T+7,6019,1321,7340,2026-08-24T00:56:19.403Z,FALSE,"",23:00,FALSE
fare_BOM-DEL_6E_2026-08-31_T+7_1787534246746_lbwe,BOM-DEL,EaseMyTrip,6E,6E-5326,2026-08-31,T+7,6019,1321,7340,2026-08-24T00:56:19.403Z,FALSE,"",19:40,FALSE
fare_BOM-DEL_AI_2026-08-31_T+7_1787534246746_i92m,BOM-DEL,EaseMyTrip,AI,AI-1890,2026-08-31,T+7,6220,1365,7585,2026-08-24T00:56:19.403Z,FALSE,"",09:00,TRUE
fare_BOM-DEL_AI_2026-08-31_T+7_1787534246746_5i41,BOM-DEL,EaseMyTrip,AI,AI-2928,2026-08-31,T+7,6220,1365,7585,2026-08-24T00:56:19.403Z,FALSE,"",06:30,TRUE
fare_BOM-DEL_AI_2026-08-31_T+7_1787534246746_nd1q,BOM-DEL,EaseMyTrip,AI,AI-2970,2026-08-31,T+7,6220,1365,7585,2026-08-24T00:56:19.403Z,FALSE,"",08:30,TRUE
fare_BOM-DEL_6E_2026-08-31_T+7_1787534246746_98gd,BOM-DEL,EaseMyTrip,6E,6E-6599,2026-08-31,T+7,6305,1384,7689,2026-08-24T00:56:19.403Z,FALSE,"",16:50,FALSE
fare_BOM-DEL_6E_2026-08-31_T+7_1787534246746_5vri,BOM-DEL,EaseMyTrip,6E,6E-5181,2026-08-31,T+7,6305,1384,7689,2026-08-24T00:56:19.403Z,FALSE,"",10:25,FALSE
fare_BOM-DEL_6E_2026-08-31_T+7_1787534246746_cvx4,BOM-DEL,EaseMyTrip,6E,6E-5154,2026-08-31,T+7,6305,1384,7689,2026-08-24T00:56:19.403Z,FALSE,"",15:45,FALSE
fare_BOM-DEL_6E_2026-08-31_T+7_1787534246746_46wa,BOM-DEL,EaseMyTrip,6E,6E-7017,2026-08-31,T+7,6343,1392,7735,2026-08-24T00:56:19.403Z,FALSE,"",21:30,FALSE
fare_BOM-DEL_6E_2026-08-31_T+7_1787534246746_dgi7,BOM-DEL,EaseMyTrip,6E,6E-5135,2026-08-31,T+7,6347,1393,7740,2026-08-24T00:56:19.403Z,FALSE,"",23:20,FALSE
fare_BOM-DEL_IX_2026-08-31_T+7_1787534246746_4igk,BOM-DEL,EaseMyTrip,IX,IX-1237,2026-08-31,T+7,6987,1534,8521,2026-08-24T00:56:19.403Z,FALSE,"",05:55,FALSE
fare_BOM-DEL_6E_2026-08-31_T+7_1787534246746_4dgn,BOM-DEL,EaseMyTrip,6E,6E-621,2026-08-31,T+7,6872,1509,8381,2026-08-24T00:56:19.403Z,FALSE,"",19:20,FALSE
fare_BOM-DEL_6E_2026-08-31_T+7_1787534246746_143u,BOM-DEL,EaseMyTrip,6E,6E-328,2026-08-31,T+7,6872,1509,8381,2026-08-24T00:56:19.403Z,FALSE,"",19:20,FALSE
fare_BOM-DEL_6E_2026-08-31_T+7_1787534246746_11zh,BOM-DEL,EaseMyTrip,6E,6E-2237,2026-08-31,T+7,7254,1592,8846,2026-08-24T00:56:19.403Z,FALSE,"",18:40,FALSE
fare_BOM-DEL_AI_2026-08-31_T+7_1787534246746_8qhy,BOM-DEL,EaseMyTrip,AI,AI-2591,2026-08-31,T+7,7540,1655,9195,2026-08-24T00:56:19.403Z,FALSE,"",07:25,TRUE
fare_BOM-DEL_6E_2026-08-31_T+7_1787534246746_kr0g,BOM-DEL,EaseMyTrip,6E,6E-5281,2026-08-31,T+7,7403,1625,9028,2026-08-24T00:56:19.403Z,FALSE,"",08:40,FALSE
fare_BOM-DEL_AI_2026-08-31_T+7_1787534246746_ztiy,BOM-DEL,EaseMyTrip,AI,AI-2428,2026-08-31,T+7,7801,1712,9513,2026-08-24T00:56:19.403Z,FALSE,"",08:00,TRUE
fare_BOM-DEL_AI_2026-08-31_T+7_1787534246746_km98,BOM-DEL,EaseMyTrip,AI,AI-2424,2026-08-31,T+7,7801,1712,9513,2026-08-24T00:56:19.403Z,FALSE,"",07:00,TRUE
fare_BOM-DEL_6E_2026-08-31_T+7_1787534246746_83el,BOM-DEL,EaseMyTrip,6E,6E-339,2026-08-31,T+7,7861,1726,9587,2026-08-24T00:56:19.403Z,FALSE,"",04:00,FALSE
fare_BOM-DEL_6E_2026-08-31_T+7_1787534246746_dowo,BOM-DEL,EaseMyTrip,6E,6E-6122,2026-08-31,T+7,7970,1749,9719,2026-08-24T00:56:19.403Z,FALSE,"",15:45,FALSE
fare_BOM-DEL_AI_2026-08-31_T+7_1787534246746_qkii,BOM-DEL,EaseMyTrip,AI,AI-9558,2026-08-31,T+7,8225,1805,10030,2026-08-24T00:56:19.403Z,FALSE,"",08:30,FALSE
fare_BOM-DEL_6E_2026-08-31_T+7_1787534246746_t503,BOM-DEL,EaseMyTrip,6E,6E-6362,2026-08-31,T+7,8810,1934,10744,2026-08-24T00:56:19.403Z,FALSE,"",05:45,FALSE
fare_BOM-DEL_6E_2026-08-31_T+7_1787534246746_pu8l,BOM-DEL,EaseMyTrip,6E,6E-2024,2026-08-31,T+7,8810,1934,10744,2026-08-24T00:56:19.403Z,FALSE,"",09:15,FALSE
fare_BOM-DEL_6E_2026-08-31_T+7_1787534246746_9q88,BOM-DEL,EaseMyTrip,6E,6E-6361,2026-08-31,T+7,8875,1948,10823,2026-08-24T00:56:19.403Z,FALSE,"",05:00,FALSE
fare_BOM-DEL_IX_2026-08-31_T+7_1787534246746_mdmc,BOM-DEL,EaseMyTrip,IX,IX-1283,2026-08-31,T+7,9368,2056,11424,2026-08-24T00:56:19.403Z,FALSE,"",06:05,FALSE
fare_BOM-DEL_AI_2026-08-31_T+7_1787534246746_x7jh,BOM-DEL,EaseMyTrip,AI,AI-2491,2026-08-31,T+7,9605,2109,11714,2026-08-24T00:56:19.403Z,FALSE,"",11:15,FALSE
fare_BOM-DEL_AI_2026-08-31_T+7_1787534246746_l7rj,BOM-DEL,EaseMyTrip,AI,AI-9718,2026-08-31,T+7,9609,2109,11718,2026-08-24T00:56:19.403Z,FALSE,"",20:20,FALSE
fare_BOM-DEL_IX_2026-08-31_T+7_1787534246746_mayu,BOM-DEL,EaseMyTrip,IX,IX-2367,2026-08-31,T+7,9864,2165,12029,2026-08-24T00:56:19.403Z,FALSE,"",07:20,FALSE
fare_BOM-DEL_AI_2026-08-31_T+7_1787534246746_d1ip,BOM-DEL,EaseMyTrip,AI,AI-9753,2026-08-31,T+7,9835,2159,11994,2026-08-24T00:56:19.403Z,FALSE,"",17:05,FALSE
fare_BOM-DEL_IX_2026-08-31_T+7_1787534246746_lg6o,BOM-DEL,EaseMyTrip,IX,IX-1238,2026-08-31,T+7,9908,2175,12083,2026-08-24T00:56:19.403Z,FALSE,"",12:25,FALSE
fare_BOM-DEL_AI_2026-08-31_T+7_1787534246746_nh72,BOM-DEL,EaseMyTrip,AI,AI-603,2026-08-31,T+7,10014,2198,12212,2026-08-24T00:56:19.403Z,FALSE,"",05:10,FALSE
fare_BOM-DEL_6E_2026-08-31_T+7_1787534246746_z35j,BOM-DEL,EaseMyTrip,6E,6E-5059,2026-08-31,T+7,10074,2211,12285,2026-08-24T00:56:19.403Z,FALSE,"",05:45,FALSE
fare_BOM-DEL_AI_2026-08-31_T+7_1787534246746_wzrn,BOM-DEL,EaseMyTrip,AI,AI-9533,2026-08-31,T+7,10359,2274,12633,2026-08-24T00:56:19.403Z,FALSE,"",16:30,FALSE
fare_BOM-DEL_6E_2026-08-31_T+7_1787534246746_ir00,BOM-DEL,EaseMyTrip,6E,6E-5144,2026-08-31,T+7,10480,2301,12781,2026-08-24T00:56:19.403Z,FALSE,"",05:55,FALSE
fare_BOM-DEL_6E_2026-08-31_T+7_1787534246746_roii,BOM-DEL,EaseMyTrip,6E,6E-5345,2026-08-31,T+7,10580,2322,12902,2026-08-24T00:56:19.403Z,FALSE,"",14:25,FALSE
fare_BOM-DEL_6E_2026-08-31_T+7_1787534246746_0orw,BOM-DEL,EaseMyTrip,6E,6E-2347,2026-08-31,T+7,10788,2368,13156,2026-08-24T00:56:19.403Z,FALSE,"",08:50,FALSE
fare_BOM-DEL_AI_2026-08-31_T+7_1787534246746_2var,BOM-DEL,EaseMyTrip,AI,AI-2823,2026-08-31,T+7,11357,2493,13850,2026-08-24T00:56:19.403Z,FALSE,"",22:45,FALSE
fare_BOM-DEL_AI_2026-08-31_T+7_1787534246746_a2uj,BOM-DEL,EaseMyTrip,AI,AI-2919,2026-08-31,T+7,11357,2493,13850,2026-08-24T00:56:19.403Z,FALSE,"",21:35,FALSE
fare_BOM-DEL_AI_2026-08-31_T+7_1787534246746_slkt,BOM-DEL,EaseMyTrip,AI,AI-2847,2026-08-31,T+7,11449,2513,13962,2026-08-24T00:56:19.403Z,FALSE,"",10:20,FALSE
fare_BOM-DEL_6E_2026-08-31_T+7_1787534246746_nrtv,BOM-DEL,EaseMyTrip,6E,6E-5386,2026-08-31,T+7,11510,2527,14037,2026-08-24T00:56:19.403Z,FALSE,"",15:10,FALSE
fare_BOM-DEL_6E_2026-08-31_T+7_1787534246746_qixm,BOM-DEL,EaseMyTrip,6E,6E-5246,2026-08-31,T+7,11510,2527,14037,2026-08-24T00:56:19.403Z,FALSE,"",07:15,FALSE
fare_BOM-DEL_6E_2026-08-31_T+7_1787534246746_ss3m,BOM-DEL,EaseMyTrip,6E,6E-5178,2026-08-31,T+7,11941,2621,14562,2026-08-24T00:56:19.403Z,TRUE,"High outlier: ₹14562 > upper fence ₹14135 (Q3: ₹9686, IQR: ₹2966)",11:45,FALSE
fare_BOM-DEL_6E_2026-08-31_T+7_1787534246746_9rn3,BOM-DEL,EaseMyTrip,6E,6E-5318,2026-08-31,T+7,11961,2626,14587,2026-08-24T00:56:19.403Z,TRUE,"High outlier: ₹14587 > upper fence ₹14135 (Q3: ₹9686, IQR: ₹2966)",10:15,FALSE
fare_BOM-DEL_AI_2026-08-31_T+7_1787534246746_7y4j,BOM-DEL,EaseMyTrip,AI,AI-2781,2026-08-31,T+7,12440,2731,15171,2026-08-24T00:56:19.403Z,TRUE,"High outlier: ₹15171 > upper fence ₹14135 (Q3: ₹9686, IQR: ₹2966)",10:50,FALSE
fare_BOM-DEL_AI_2026-08-31_T+7_1787534246746_svdm,BOM-DEL,EaseMyTrip,AI,AI-9891,2026-08-31,T+7,12803,2810,15613,2026-08-24T00:56:19.403Z,TRUE,"High outlier: ₹15613 > upper fence ₹14135 (Q3: ₹9686, IQR: ₹2966)",11:20,FALSE
fare_BOM-DEL_AI_2026-08-31_T+7_1787534246746_qrlf,BOM-DEL,EaseMyTrip,AI,AI-2505,2026-08-31,T+7,12922,2836,15758,2026-08-24T00:56:19.403Z,TRUE,"High outlier: ₹15758 > upper fence ₹14135 (Q3: ₹9686, IQR: ₹2966)",19:25,FALSE
fare_BOM-DEL_AI_2026-08-31_T+7_1787534246746_oiea,BOM-DEL,EaseMyTrip,AI,AI-2659,2026-08-31,T+7,13091,2874,15965,2026-08-24T00:56:19.403Z,TRUE,"High outlier: ₹15965 > upper fence ₹14135 (Q3: ₹9686, IQR: ₹2966)",14:35,FALSE
fare_BOM-DEL_AI_2026-08-31_T+7_1787534246746_atxs,BOM-DEL,EaseMyTrip,AI,AI-2841,2026-08-31,T+7,13192,2896,16088,2026-08-24T00:56:19.403Z,TRUE,"High outlier: ₹16088 > upper fence ₹14135 (Q3: ₹9686, IQR: ₹2966)",11:20,FALSE
fare_BOM-DEL_AI_2026-08-31_T+7_1787534246746_4dil,BOM-DEL,EaseMyTrip,AI,AI-2753,2026-08-31,T+7,13595,2984,16579,2026-08-24T00:56:19.403Z,TRUE,"High outlier: ₹16579 > upper fence ₹14135 (Q3: ₹9686, IQR: ₹2966)",13:50,FALSE
fare_BOM-DEL_AI_2026-08-31_T+7_1787534246746_dvqu,BOM-DEL,EaseMyTrip,AI,AI-2741,2026-08-31,T+7,13953,3063,17016,2026-08-24T00:56:19.403Z,TRUE,"High outlier: ₹17016 > upper fence ₹14135 (Q3: ₹9686, IQR: ₹2966)",07:40,FALSE
fare_BOM-DEL_AI_2026-08-31_T+7_1787534246746_if3y,BOM-DEL,EaseMyTrip,AI,AI-2997,2026-08-31,T+7,14082,3091,17173,2026-08-24T00:56:19.403Z,TRUE,"High outlier: ₹17173 > upper fence ₹14135 (Q3: ₹9686, IQR: ₹2966)",10:10,FALSE
fare_BOM-DEL_AI_2026-08-31_T+7_1787534246746_9go8,BOM-DEL,EaseMyTrip,AI,AI-2493,2026-08-31,T+7,14128,3101,17229,2026-08-24T00:56:19.403Z,TRUE,"High outlier: ₹17229 > upper fence ₹14135 (Q3: ₹9686, IQR: ₹2966)",18:05,FALSE
fare_BOM-DEL_AI_2026-08-31_T+7_1787534246746_attx,BOM-DEL,EaseMyTrip,AI,AI-2812,2026-08-31,T+7,14147,3105,17252,2026-08-24T00:56:19.403Z,TRUE,"High outlier: ₹17252 > upper fence ₹14135 (Q3: ₹9686, IQR: ₹2966)",02:05,FALSE
fare_BOM-DEL_AI_2026-08-31_T+7_1787534246746_ew12,BOM-DEL,EaseMyTrip,AI,AI-2749,2026-08-31,T+7,14173,3111,17284,2026-08-24T00:56:19.403Z,TRUE,"High outlier: ₹17284 > upper fence ₹14135 (Q3: ₹9686, IQR: ₹2966)",17:35,FALSE
fare_BOM-DEL_AI_2026-08-31_T+7_1787534246746_tvdl,BOM-DEL,EaseMyTrip,AI,AI-2531,2026-08-31,T+7,14715,3230,17945,2026-08-24T00:56:19.403Z,TRUE,"High outlier: ₹17945 > upper fence ₹14135 (Q3: ₹9686, IQR: ₹2966)",15:05,FALSE
fare_BOM-DEL_AI_2026-08-31_T+7_1787534246746_ee5h,BOM-DEL,EaseMyTrip,AI,AI-2625,2026-08-31,T+7,14981,3289,18270,2026-08-24T00:56:19.403Z,TRUE,"High outlier: ₹18270 > upper fence ₹14135 (Q3: ₹9686, IQR: ₹2966)",06:00,FALSE
fare_BOM-DEL_AI_2026-08-31_T+7_1787534246746_bv8i,BOM-DEL,EaseMyTrip,AI,AI-2632,2026-08-31,T+7,16648,3654,20302,2026-08-24T00:56:19.403Z,TRUE,"High outlier: ₹20302 > upper fence ₹14135 (Q3: ₹9686, IQR: ₹2966)",12:00,FALSE
fare_BOM-DEL_AI_2026-08-31_T+7_1787534246746_dmuz,BOM-DEL,EaseMyTrip,AI,AI-2853,2026-08-31,T+7,16767,3681,20448,2026-08-24T00:56:19.403Z,TRUE,"High outlier: ₹20448 > upper fence ₹14135 (Q3: ₹9686, IQR: ₹2966)",15:25,FALSE
fare_BOM-DEL_AI_2026-08-31_T+7_1787534246746_ynss,BOM-DEL,EaseMyTrip,AI,AI-2579,2026-08-31,T+7,16890,3708,20598,2026-08-24T00:56:19.403Z,TRUE,"High outlier: ₹20598 > upper fence ₹14135 (Q3: ₹9686, IQR: ₹2966)",10:35,FALSE
fare_BOM-DEL_AI_2026-08-31_T+7_1787534246746_wxa4,BOM-DEL,EaseMyTrip,AI,AI-9518,2026-08-31,T+7,17181,3772,20953,2026-08-24T00:56:19.403Z,TRUE,"High outlier: ₹20953 > upper fence ₹14135 (Q3: ₹9686, IQR: ₹2966)",16:15,FALSE
fare_BOM-DEL_AI_2026-08-31_T+7_1787534246746_qaky,BOM-DEL,EaseMyTrip,AI,AI-645,2026-08-31,T+7,18388,4036,22424,2026-08-24T00:56:19.403Z,TRUE,"High outlier: ₹22424 > upper fence ₹14135 (Q3: ₹9686, IQR: ₹2966)",10:55,FALSE
fare_DEL-BOM_SG_2026-09-08_T+15_1787534246747_y8k3,DEL-BOM,EaseMyTrip,SG,SG-287,2026-09-08,T+15,5186,1138,6324,2026-08-24T00:55:53.260Z,FALSE,"",04:00,TRUE
fare_DEL-BOM_SG_2026-09-08_T+15_1787534246747_s71p,DEL-BOM,EaseMyTrip,SG,SG-171,2026-09-08,T+15,5186,1138,6324,2026-08-24T00:55:53.260Z,FALSE,"",04:00,TRUE
fare_DEL-BOM_SG_2026-09-08_T+15_1787534246747_oem1,DEL-BOM,EaseMyTrip,SG,SG-921,2026-09-08,T+15,5186,1138,6324,2026-08-24T00:55:53.260Z,FALSE,"",18:35,TRUE
fare_DEL-BOM_SG_2026-09-08_T+15_1787534246747_1huu,DEL-BOM,EaseMyTrip,SG,SG-152,2026-09-08,T+15,5186,1138,6324,2026-08-24T00:55:53.260Z,FALSE,"",18:35,TRUE
fare_DEL-BOM_SG_2026-09-08_T+15_1787534246747_jvw6,DEL-BOM,EaseMyTrip,SG,SG-501,2026-09-08,T+15,5186,1138,6324,2026-08-24T00:55:53.260Z,FALSE,"",22:30,TRUE
fare_DEL-BOM_SG_2026-09-08_T+15_1787534246747_xust,DEL-BOM,EaseMyTrip,SG,SG-401,2026-09-08,T+15,5186,1138,6324,2026-08-24T00:55:53.260Z,FALSE,"",22:30,TRUE
fare_DEL-BOM_6E_2026-09-08_T+15_1787534246747_7iu8,DEL-BOM,EaseMyTrip,6E,6E-5014,2026-09-08,T+15,5067,1112,6179,2026-08-24T00:55:53.260Z,FALSE,"",18:30,FALSE
fare_DEL-BOM_6E_2026-09-08_T+15_1787534246747_ocj9,DEL-BOM,EaseMyTrip,6E,6E-697,2026-09-08,T+15,5067,1112,6179,2026-08-24T00:55:53.260Z,FALSE,"",19:35,FALSE
fare_DEL-BOM_6E_2026-09-08_T+15_1787534246747_634p,DEL-BOM,EaseMyTrip,6E,6E-634,2026-09-08,T+15,5067,1112,6179,2026-08-24T00:55:53.260Z,FALSE,"",19:35,FALSE
fare_DEL-BOM_6E_2026-09-08_T+15_1787534246747_miz9,DEL-BOM,EaseMyTrip,6E,6E-2076,2026-09-08,T+15,5067,1112,6179,2026-08-24T00:55:53.260Z,FALSE,"",07:30,FALSE
fare_DEL-BOM_6E_2026-09-08_T+15_1787534246747_y1vd,DEL-BOM,EaseMyTrip,6E,6E-5119,2026-09-08,T+15,5067,1112,6179,2026-08-24T00:55:53.260Z,FALSE,"",05:10,FALSE
fare_DEL-BOM_6E_2026-09-08_T+15_1787534246747_a26r,DEL-BOM,EaseMyTrip,6E,6E-6171,2026-09-08,T+15,5067,1112,6179,2026-08-24T00:55:53.260Z,FALSE,"",05:40,FALSE
fare_DEL-BOM_6E_2026-09-08_T+15_1787534246747_moeb,DEL-BOM,EaseMyTrip,6E,6E-5073,2026-09-08,T+15,5067,1112,6179,2026-08-24T00:55:53.260Z,FALSE,"",17:05,FALSE
fare_DEL-BOM_6E_2026-09-08_T+15_1787534246747_29qi,DEL-BOM,EaseMyTrip,6E,6E-6261,2026-09-08,T+15,5067,1112,6179,2026-08-24T00:55:53.260Z,FALSE,"",00:15,FALSE
fare_DEL-BOM_6E_2026-09-08_T+15_1787534246747_ykly,DEL-BOM,EaseMyTrip,6E,6E-2013,2026-09-08,T+15,5067,1112,6179,2026-08-24T00:55:53.260Z,FALSE,"",21:50,FALSE
fare_DEL-BOM_6E_2026-09-08_T+15_1787534246747_fd3v,DEL-BOM,EaseMyTrip,6E,6E-6190,2026-09-08,T+15,5067,1112,6179,2026-08-24T00:55:53.260Z,FALSE,"",07:40,FALSE
fare_DEL-BOM_6E_2026-09-08_T+15_1787534246747_uc1j,DEL-BOM,EaseMyTrip,6E,6E-2331,2026-09-08,T+15,5067,1112,6179,2026-08-24T00:55:53.260Z,FALSE,"",12:20,FALSE
fare_DEL-BOM_IX_2026-09-08_T+15_1787534246747_xtnf,DEL-BOM,EaseMyTrip,IX,IX-1056,2026-09-08,T+15,5354,1175,6529,2026-08-24T00:55:53.260Z,FALSE,"",05:45,TRUE
fare_DEL-BOM_IX_2026-09-08_T+15_1787534246747_0exr,DEL-BOM,EaseMyTrip,IX,IX-1235,2026-09-08,T+15,5354,1175,6529,2026-08-24T00:55:53.260Z,FALSE,"",23:25,TRUE
fare_DEL-BOM_6E_2026-09-08_T+15_1787534246747_meey,DEL-BOM,EaseMyTrip,6E,6E-2249,2026-09-08,T+15,5174,1136,6310,2026-08-24T00:55:53.260Z,FALSE,"",15:00,FALSE
fare_DEL-BOM_6E_2026-09-08_T+15_1787534246747_fgz5,DEL-BOM,EaseMyTrip,6E,6E-2169,2026-09-08,T+15,5174,1136,6310,2026-08-24T00:55:53.260Z,FALSE,"",19:40,FALSE
fare_DEL-BOM_6E_2026-09-08_T+15_1787534246747_ck2d,DEL-BOM,EaseMyTrip,6E,6E-6443,2026-09-08,T+15,5174,1136,6310,2026-08-24T00:55:53.260Z,FALSE,"",09:00,FALSE
fare_DEL-BOM_6E_2026-09-08_T+15_1787534246747_di37,DEL-BOM,EaseMyTrip,6E,6E-6433,2026-09-08,T+15,5174,1136,6310,2026-08-24T00:55:53.260Z,FALSE,"",16:30,FALSE
fare_DEL-BOM_6E_2026-09-08_T+15_1787534246747_9nt6,DEL-BOM,EaseMyTrip,6E,6E-5138,2026-09-08,T+15,5174,1136,6310,2026-08-24T00:55:53.260Z,FALSE,"",19:10,FALSE
fare_DEL-BOM_6E_2026-09-08_T+15_1787534246747_sgcc,DEL-BOM,EaseMyTrip,6E,6E-6490,2026-09-08,T+15,5174,1136,6310,2026-08-24T00:55:53.260Z,FALSE,"",04:55,FALSE
fare_DEL-BOM_6E_2026-09-08_T+15_1787534246747_vcxz,DEL-BOM,EaseMyTrip,6E,6E-6459,2026-09-08,T+15,5174,1136,6310,2026-08-24T00:55:53.260Z,FALSE,"",05:55,FALSE
fare_DEL-BOM_6E_2026-09-08_T+15_1787534246747_cd0l,DEL-BOM,EaseMyTrip,6E,6E-839,2026-09-08,T+15,5239,1150,6389,2026-08-24T00:55:53.260Z,FALSE,"",16:30,FALSE
fare_DEL-BOM_6E_2026-09-08_T+15_1787534246747_ocrm,DEL-BOM,EaseMyTrip,6E,6E-834,2026-09-08,T+15,5239,1150,6389,2026-08-24T00:55:53.260Z,FALSE,"",16:30,FALSE
fare_DEL-BOM_6E_2026-09-08_T+15_1787534246747_7yxq,DEL-BOM,EaseMyTrip,6E,6E-5298,2026-09-08,T+15,5239,1150,6389,2026-08-24T00:55:53.260Z,FALSE,"",09:00,FALSE
fare_DEL-BOM_6E_2026-09-08_T+15_1787534246747_1fyt,DEL-BOM,EaseMyTrip,6E,6E-5038,2026-09-08,T+15,5239,1150,6389,2026-08-24T00:55:53.260Z,FALSE,"",14:00,FALSE
fare_DEL-BOM_6E_2026-09-08_T+15_1787534246747_u916,DEL-BOM,EaseMyTrip,6E,6E-6050,2026-09-08,T+15,5239,1150,6389,2026-08-24T00:55:53.260Z,FALSE,"",08:15,FALSE
fare_DEL-BOM_6E_2026-09-08_T+15_1787534246747_i2z2,DEL-BOM,EaseMyTrip,6E,6E-6601,2026-09-08,T+15,5346,1174,6520,2026-08-24T00:55:53.260Z,FALSE,"",19:45,FALSE
fare_DEL-BOM_6E_2026-09-08_T+15_1787534246747_643s,DEL-BOM,EaseMyTrip,6E,6E-6282,2026-09-08,T+15,5346,1174,6520,2026-08-24T00:55:53.260Z,FALSE,"",13:30,FALSE
fare_DEL-BOM_6E_2026-09-08_T+15_1787534246747_hfw6,DEL-BOM,EaseMyTrip,6E,6E-693,2026-09-08,T+15,5346,1174,6520,2026-08-24T00:55:53.260Z,FALSE,"",08:30,FALSE
fare_DEL-BOM_6E_2026-09-08_T+15_1787534246747_f8bd,DEL-BOM,EaseMyTrip,6E,6E-732,2026-09-08,T+15,5346,1174,6520,2026-08-24T00:55:53.260Z,FALSE,"",08:30,FALSE
fare_DEL-BOM_6E_2026-09-08_T+15_1787534246747_242f,DEL-BOM,EaseMyTrip,6E,6E-594,2026-09-08,T+15,5346,1174,6520,2026-08-24T00:55:53.260Z,FALSE,"",23:15,FALSE
fare_DEL-BOM_6E_2026-09-08_T+15_1787534246747_qx1h,DEL-BOM,EaseMyTrip,6E,6E-416,2026-09-08,T+15,5346,1174,6520,2026-08-24T00:55:53.260Z,FALSE,"",23:15,FALSE
fare_DEL-BOM_6E_2026-09-08_T+15_1787534246747_ex3h,DEL-BOM,EaseMyTrip,6E,6E-6497,2026-09-08,T+15,5346,1174,6520,2026-08-24T00:55:53.260Z,FALSE,"",18:45,FALSE
fare_DEL-BOM_6E_2026-09-08_T+15_1787534246747_j3c7,DEL-BOM,EaseMyTrip,6E,6E-6293,2026-09-08,T+15,5346,1174,6520,2026-08-24T00:55:53.260Z,FALSE,"",09:55,FALSE
fare_DEL-BOM_6E_2026-09-08_T+15_1787534246747_wb4n,DEL-BOM,EaseMyTrip,6E,6E-6470,2026-09-08,T+15,5354,1175,6529,2026-08-24T00:55:53.260Z,FALSE,"",06:55,TRUE
fare_DEL-BOM_QP_2026-09-08_T+15_1787534246747_qdf7,DEL-BOM,EaseMyTrip,QP,QP-1807,2026-09-08,T+15,5355,1175,6530,2026-08-24T00:55:53.260Z,FALSE,"",13:40,TRUE
fare_DEL-BOM_QP_2026-09-08_T+15_1787534246747_9o0w,DEL-BOM,EaseMyTrip,QP,QP-1836,2026-09-08,T+15,5355,1175,6530,2026-08-24T00:55:53.260Z,FALSE,"",12:30,TRUE
fare_DEL-BOM_QP_2026-09-08_T+15_1787534246747_q01r,DEL-BOM,EaseMyTrip,QP,QP-1128,2026-09-08,T+15,5355,1175,6530,2026-08-24T00:55:53.260Z,FALSE,"",16:00,TRUE
fare_DEL-BOM_QP_2026-09-08_T+15_1787534246747_luky,DEL-BOM,EaseMyTrip,QP,QP-1820,2026-09-08,T+15,5355,1175,6530,2026-08-24T00:55:53.260Z,FALSE,"",17:30,TRUE
fare_DEL-BOM_6E_2026-09-08_T+15_1787534246747_how1,DEL-BOM,EaseMyTrip,6E,6E-6706,2026-09-08,T+15,5355,1175,6530,2026-08-24T00:55:53.260Z,FALSE,"",17:00,TRUE
fare_DEL-BOM_6E_2026-09-08_T+15_1787534246747_mifx,DEL-BOM,EaseMyTrip,6E,6E-200,2026-09-08,T+15,5355,1175,6530,2026-08-24T00:55:53.260Z,FALSE,"",16:15,TRUE
fare_DEL-BOM_6E_2026-09-08_T+15_1787534246747_diff,DEL-BOM,EaseMyTrip,6E,6E-562,2026-09-08,T+15,5355,1175,6530,2026-08-24T00:55:53.260Z,FALSE,"",16:15,TRUE
fare_DEL-BOM_6E_2026-09-08_T+15_1787534246747_def2,DEL-BOM,EaseMyTrip,6E,6E-418,2026-09-08,T+15,5355,1175,6530,2026-08-24T00:55:53.260Z,FALSE,"",15:30,TRUE
fare_DEL-BOM_6E_2026-09-08_T+15_1787534246747_yawb,DEL-BOM,EaseMyTrip,6E,6E-506,2026-09-08,T+15,5355,1175,6530,2026-08-24T00:55:53.260Z,FALSE,"",15:30,TRUE
fare_DEL-BOM_6E_2026-09-08_T+15_1787534246747_3k72,DEL-BOM,EaseMyTrip,6E,6E-6318,2026-09-08,T+15,5355,1175,6530,2026-08-24T00:55:53.260Z,FALSE,"",14:45,TRUE
fare_DEL-BOM_6E_2026-09-08_T+15_1787534246747_q353,DEL-BOM,EaseMyTrip,6E,6E-6022,2026-09-08,T+15,5355,1175,6530,2026-08-24T00:55:53.260Z,FALSE,"",14:00,TRUE
fare_DEL-BOM_6E_2026-09-08_T+15_1787534246747_rlhk,DEL-BOM,EaseMyTrip,6E,6E-6107,2026-09-08,T+15,5355,1175,6530,2026-08-24T00:55:53.260Z,FALSE,"",09:30,TRUE
fare_DEL-BOM_6E_2026-09-08_T+15_1787534246747_e0sb,DEL-BOM,EaseMyTrip,6E,6E-199,2026-09-08,T+15,5411,1188,6599,2026-08-24T00:55:53.260Z,FALSE,"",19:30,FALSE
fare_DEL-BOM_6E_2026-09-08_T+15_1787534246747_90fy,DEL-BOM,EaseMyTrip,6E,6E-333,2026-09-08,T+15,5411,1188,6599,2026-08-24T00:55:53.260Z,FALSE,"",19:30,FALSE
fare_DEL-BOM_QP_2026-09-08_T+15_1787534246747_0wh2,DEL-BOM,EaseMyTrip,QP,QP-1940,2026-09-08,T+15,5427,1191,6618,2026-08-24T00:55:53.260Z,FALSE,"",14:00,TRUE
fare_DEL-BOM_6E_2026-09-08_T+15_1787534246747_3wgp,DEL-BOM,EaseMyTrip,6E,6E-5198,2026-09-08,T+15,5427,1191,6618,2026-08-24T00:55:53.260Z,FALSE,"",15:00,TRUE
fare_DEL-BOM_6E_2026-09-08_T+15_1787534246747_t3ia,DEL-BOM,EaseMyTrip,6E,6E-391,2026-09-08,T+15,5484,1204,6688,2026-08-24T00:55:53.260Z,FALSE,"",05:00,TRUE
fare_DEL-BOM_6E_2026-09-08_T+15_1787534246747_uwjn,DEL-BOM,EaseMyTrip,6E,6E-477,2026-09-08,T+15,5484,1204,6688,2026-08-24T00:55:53.260Z,FALSE,"",05:00,TRUE
fare_DEL-BOM_6E_2026-09-08_T+15_1787534246747_sqwl,DEL-BOM,EaseMyTrip,6E,6E-750,2026-09-08,T+15,5484,1204,6688,2026-08-24T00:55:53.260Z,FALSE,"",23:30,TRUE
fare_DEL-BOM_6E_2026-09-08_T+15_1787534246747_jfq3,DEL-BOM,EaseMyTrip,6E,6E-626,2026-09-08,T+15,5484,1204,6688,2026-08-24T00:55:53.260Z,FALSE,"",23:30,TRUE
fare_DEL-BOM_6E_2026-09-08_T+15_1787534246747_lv0l,DEL-BOM,EaseMyTrip,6E,6E-6114,2026-09-08,T+15,5484,1204,6688,2026-08-24T00:55:53.260Z,FALSE,"",22:45,TRUE
fare_DEL-BOM_6E_2026-09-08_T+15_1787534246747_55xj,DEL-BOM,EaseMyTrip,6E,6E-124,2026-09-08,T+15,5484,1204,6688,2026-08-24T00:55:53.260Z,FALSE,"",13:00,TRUE
fare_DEL-BOM_6E_2026-09-08_T+15_1787534246747_vnw0,DEL-BOM,EaseMyTrip,6E,6E-347,2026-09-08,T+15,5484,1204,6688,2026-08-24T00:55:53.260Z,FALSE,"",13:00,TRUE
fare_DEL-BOM_6E_2026-09-08_T+15_1787534246747_5bwj,DEL-BOM,EaseMyTrip,6E,6E-6218,2026-09-08,T+15,5484,1204,6688,2026-08-24T00:55:53.260Z,FALSE,"",06:05,TRUE
fare_DEL-BOM_6E_2026-09-08_T+15_1787534246747_5bjd,DEL-BOM,EaseMyTrip,6E,6E-6328,2026-09-08,T+15,5484,1204,6688,2026-08-24T00:55:53.260Z,FALSE,"",10:15,TRUE
fare_DEL-BOM_6E_2026-09-08_T+15_1787534246747_dvt7,DEL-BOM,EaseMyTrip,6E,6E-184,2026-09-08,T+15,5484,1204,6688,2026-08-24T00:55:53.260Z,FALSE,"",08:45,TRUE
fare_DEL-BOM_6E_2026-09-08_T+15_1787534246747_3hfm,DEL-BOM,EaseMyTrip,6E,6E-517,2026-09-08,T+15,5484,1204,6688,2026-08-24T00:55:53.260Z,FALSE,"",08:45,TRUE
fare_DEL-BOM_6E_2026-09-08_T+15_1787534246747_nlkr,DEL-BOM,EaseMyTrip,6E,6E-6829,2026-09-08,T+15,5569,1222,6791,2026-08-24T00:55:53.260Z,FALSE,"",17:20,FALSE
fare_DEL-BOM_AI_2026-09-08_T+15_1787534246747_ryuz,DEL-BOM,EaseMyTrip,AI,AI-2963,2026-09-08,T+15,5740,1260,7000,2026-08-24T00:55:53.260Z,FALSE,"",09:00,TRUE
fare_DEL-BOM_AI_2026-09-08_T+15_1787534246747_7d5m,DEL-BOM,EaseMyTrip,AI,AI-2951,2026-09-08,T+15,5740,1260,7000,2026-08-24T00:55:53.260Z,FALSE,"",13:30,TRUE
fare_DEL-BOM_AI_2026-09-08_T+15_1787534246747_fihg,DEL-BOM,EaseMyTrip,AI,AI-2941,2026-09-08,T+15,5740,1260,7000,2026-08-24T00:55:53.260Z,FALSE,"",16:30,TRUE
fare_DEL-BOM_AI_2026-09-08_T+15_1787534246747_sbzi,DEL-BOM,EaseMyTrip,AI,AI-2981,2026-09-08,T+15,5740,1260,7000,2026-08-24T00:55:53.260Z,FALSE,"",21:00,TRUE
fare_DEL-BOM_AI_2026-09-08_T+15_1787534246747_lvmt,DEL-BOM,EaseMyTrip,AI,AI-2995,2026-09-08,T+15,5740,1260,7000,2026-08-24T00:55:53.260Z,FALSE,"",10:00,TRUE
fare_DEL-BOM_AI_2026-09-08_T+15_1787534246747_9yg6,DEL-BOM,EaseMyTrip,AI,AI-2933,2026-09-08,T+15,5740,1260,7000,2026-08-24T00:55:53.260Z,FALSE,"",15:30,TRUE
fare_DEL-BOM_AI_2026-09-08_T+15_1787534246747_xr15,DEL-BOM,EaseMyTrip,AI,AI-1777,2026-09-08,T+15,5740,1260,7000,2026-08-24T00:55:53.260Z,FALSE,"",16:00,TRUE
fare_DEL-BOM_AI_2026-09-08_T+15_1787534246747_sq2a,DEL-BOM,EaseMyTrip,AI,AI-441,2026-09-08,T+15,5740,1260,7000,2026-08-24T00:55:53.260Z,FALSE,"",17:00,TRUE
fare_DEL-BOM_AI_2026-09-08_T+15_1787534246747_h4b8,DEL-BOM,EaseMyTrip,AI,AI-2927,2026-09-08,T+15,5740,1260,7000,2026-08-24T00:55:53.260Z,FALSE,"",09:30,TRUE
fare_DEL-BOM_6E_2026-09-08_T+15_1787534246747_qu7r,DEL-BOM,EaseMyTrip,6E,6E-6010,2026-09-08,T+15,5605,1230,6835,2026-08-24T00:55:53.260Z,FALSE,"",11:20,FALSE
fare_DEL-BOM_SG_2026-09-08_T+15_1787534246747_yi05,DEL-BOM,EaseMyTrip,SG,SG-774,2026-09-08,T+15,5810,1275,7085,2026-08-24T00:55:53.260Z,FALSE,"",09:15,TRUE
fare_DEL-BOM_SG_2026-09-08_T+15_1787534246747_bmfv,DEL-BOM,EaseMyTrip,SG,SG-960,2026-09-08,T+15,5810,1275,7085,2026-08-24T00:55:53.260Z,FALSE,"",09:15,TRUE
fare_DEL-BOM_QP_2026-09-08_T+15_1787534246747_tsgp,DEL-BOM,EaseMyTrip,QP,QP-1112,2026-09-08,T+15,5652,1241,6893,2026-08-24T00:55:53.260Z,FALSE,"",09:20,TRUE
fare_DEL-BOM_6E_2026-09-08_T+15_1787534246747_9v4e,DEL-BOM,EaseMyTrip,6E,6E-488,2026-09-08,T+15,5656,1242,6898,2026-08-24T00:55:53.260Z,FALSE,"",18:00,TRUE
fare_DEL-BOM_6E_2026-09-08_T+15_1787534246747_gdiu,DEL-BOM,EaseMyTrip,6E,6E-955,2026-09-08,T+15,5656,1242,6898,2026-08-24T00:55:53.260Z,FALSE,"",18:00,TRUE
fare_DEL-BOM_6E_2026-09-08_T+15_1787534246747_vhuq,DEL-BOM,EaseMyTrip,6E,6E-608,2026-09-08,T+15,5656,1242,6898,2026-08-24T00:55:53.260Z,FALSE,"",21:45,TRUE
fare_DEL-BOM_6E_2026-09-08_T+15_1787534246747_rorc,DEL-BOM,EaseMyTrip,6E,6E-217,2026-09-08,T+15,5656,1242,6898,2026-08-24T00:55:53.260Z,FALSE,"",21:45,TRUE
fare_DEL-BOM_6E_2026-09-08_T+15_1787534246747_ftoz,DEL-BOM,EaseMyTrip,6E,6E-6814,2026-09-08,T+15,5656,1242,6898,2026-08-24T00:55:53.260Z,FALSE,"",07:15,TRUE
fare_DEL-BOM_6E_2026-09-08_T+15_1787534246747_g1ct,DEL-BOM,EaseMyTrip,6E,6E-547,2026-09-08,T+15,5656,1242,6898,2026-08-24T00:55:53.260Z,FALSE,"",08:00,TRUE
fare_DEL-BOM_6E_2026-09-08_T+15_1787534246747_ne9d,DEL-BOM,EaseMyTrip,6E,6E-428,2026-09-08,T+15,5656,1242,6898,2026-08-24T00:55:53.260Z,FALSE,"",08:00,TRUE
fare_DEL-BOM_AI_2026-09-08_T+15_1787534246747_tdw6,DEL-BOM,EaseMyTrip,AI,AI-2678,2026-09-08,T+15,5870,1289,7159,2026-08-24T00:55:53.260Z,FALSE,"",08:30,TRUE
fare_DEL-BOM_AI_2026-09-08_T+15_1787534246747_oze0,DEL-BOM,EaseMyTrip,AI,AI-2975,2026-09-08,T+15,5870,1289,7159,2026-08-24T00:55:53.260Z,FALSE,"",06:30,TRUE
fare_DEL-BOM_AI_2026-09-08_T+15_1787534246747_p6mo,DEL-BOM,EaseMyTrip,AI,AI-2425,2026-09-08,T+15,5870,1289,7159,2026-08-24T00:55:53.260Z,FALSE,"",10:30,TRUE
fare_DEL-BOM_AI_2026-09-08_T+15_1787534246747_iean,DEL-BOM,EaseMyTrip,AI,AI-1745,2026-09-08,T+15,5870,1289,7159,2026-08-24T00:55:53.260Z,FALSE,"",05:00,TRUE
fare_DEL-BOM_AI_2026-09-08_T+15_1787534246747_m79o,DEL-BOM,EaseMyTrip,AI,AI-2439,2026-09-08,T+15,5870,1289,7159,2026-08-24T00:55:53.260Z,FALSE,"",23:00,TRUE
fare_DEL-BOM_6E_2026-09-08_T+15_1787534246747_07mf,DEL-BOM,EaseMyTrip,6E,6E-893,2026-09-08,T+15,5741,1260,7001,2026-08-24T00:55:53.260Z,FALSE,"",02:25,FALSE
fare_DEL-BOM_6E_2026-09-08_T+15_1787534246747_zn2k,DEL-BOM,EaseMyTrip,6E,6E-799,2026-09-08,T+15,5741,1260,7001,2026-08-24T00:55:53.260Z,FALSE,"",02:25,FALSE
fare_DEL-BOM_QP_2026-09-08_T+15_1787534246747_vcl9,DEL-BOM,EaseMyTrip,QP,QP-1119,2026-09-08,T+15,5756,1263,7019,2026-08-24T00:55:53.260Z,FALSE,"",08:40,TRUE
fare_DEL-BOM_QP_2026-09-08_T+15_1787534246747_d8in,DEL-BOM,EaseMyTrip,QP,QP-1110,2026-09-08,T+15,5756,1263,7019,2026-08-24T00:55:53.260Z,FALSE,"",10:30,TRUE
fare_DEL-BOM_QP_2026-09-08_T+15_1787534246747_j1ly,DEL-BOM,EaseMyTrip,QP,QP-1833,2026-09-08,T+15,5756,1263,7019,2026-08-24T00:55:53.260Z,FALSE,"",06:50,TRUE
fare_DEL-BOM_IX_2026-09-08_T+15_1787534246747_r2wk,DEL-BOM,EaseMyTrip,IX,IX-1108,2026-09-08,T+15,6044,1327,7371,2026-08-24T00:55:53.260Z,FALSE,"",05:00,FALSE
fare_DEL-BOM_IX_2026-09-08_T+15_1787534246747_jvaa,DEL-BOM,EaseMyTrip,IX,IX-1051,2026-09-08,T+15,6044,1327,7371,2026-08-24T00:55:53.260Z,FALSE,"",19:05,FALSE
fare_DEL-BOM_6E_2026-09-08_T+15_1787534246747_fn1a,DEL-BOM,EaseMyTrip,6E,6E-128,2026-09-08,T+15,5853,1285,7138,2026-08-24T00:55:53.260Z,FALSE,"",10:00,FALSE
fare_DEL-BOM_6E_2026-09-08_T+15_1787534246747_x9p9,DEL-BOM,EaseMyTrip,6E,6E-817,2026-09-08,T+15,5853,1285,7138,2026-08-24T00:55:53.260Z,FALSE,"",10:00,FALSE
fare_DEL-BOM_6E_2026-09-08_T+15_1787534246747_02au,DEL-BOM,EaseMyTrip,6E,6E-5137,2026-09-08,T+15,5853,1285,7138,2026-08-24T00:55:53.260Z,FALSE,"",10:50,FALSE
fare_DEL-BOM_QP_2026-09-08_T+15_1787534246747_92y2,DEL-BOM,EaseMyTrip,QP,QP-1826,2026-09-08,T+15,5861,1286,7147,2026-08-24T00:55:53.260Z,FALSE,"",19:55,TRUE
fare_DEL-BOM_6E_2026-09-08_T+15_1787534246747_4y22,DEL-BOM,EaseMyTrip,6E,6E-224,2026-09-08,T+15,5871,1289,7160,2026-08-24T00:55:53.260Z,FALSE,"",20:00,TRUE
fare_DEL-BOM_6E_2026-09-08_T+15_1787534246747_m2n8,DEL-BOM,EaseMyTrip,6E,6E-987,2026-09-08,T+15,5871,1289,7160,2026-08-24T00:55:53.260Z,FALSE,"",20:00,TRUE
fare_DEL-BOM_6E_2026-09-08_T+15_1787534246747_iy1k,DEL-BOM,EaseMyTrip,6E,6E-902,2026-09-08,T+15,5871,1289,7160,2026-08-24T00:55:53.260Z,FALSE,"",19:00,TRUE
fare_DEL-BOM_6E_2026-09-08_T+15_1787534246747_p7wd,DEL-BOM,EaseMyTrip,6E,6E-308,2026-09-08,T+15,5871,1289,7160,2026-08-24T00:55:53.260Z,FALSE,"",19:00,TRUE
fare_DEL-BOM_6E_2026-09-08_T+15_1787534246747_7vqt,DEL-BOM,EaseMyTrip,6E,6E-6676,2026-09-08,T+15,5871,1289,7160,2026-08-24T00:55:53.260Z,FALSE,"",12:00,TRUE
fare_DEL-BOM_AI_2026-09-08_T+15_1787534246747_zxu7,DEL-BOM,EaseMyTrip,AI,AI-2429,2026-09-08,T+15,6043,1326,7369,2026-08-24T00:55:53.260Z,FALSE,"",07:00,TRUE
fare_DEL-BOM_AI_2026-09-08_T+15_1787534246747_dt6a,DEL-BOM,EaseMyTrip,AI,AI-2943,2026-09-08,T+15,6043,1326,7369,2026-08-24T00:55:53.260Z,FALSE,"",07:30,TRUE
fare_DEL-BOM_AI_2026-09-08_T+15_1787534246747_467r,DEL-BOM,EaseMyTrip,AI,AI-2945,2026-09-08,T+15,6043,1326,7369,2026-08-24T00:55:53.260Z,FALSE,"",11:00,TRUE
fare_DEL-BOM_AI_2026-09-08_T+15_1787534246747_d7jd,DEL-BOM,EaseMyTrip,AI,AI-1785,2026-09-08,T+15,6043,1326,7369,2026-08-24T00:55:53.260Z,FALSE,"",12:00,TRUE
fare_DEL-BOM_AI_2026-09-08_T+15_1787534246747_8mxz,DEL-BOM,EaseMyTrip,AI,AI-2433,2026-09-08,T+15,6043,1326,7369,2026-08-24T00:55:53.260Z,FALSE,"",21:30,TRUE
fare_DEL-BOM_6E_2026-09-08_T+15_1787534246747_z5ub,DEL-BOM,EaseMyTrip,6E,6E-524,2026-09-08,T+15,5914,1298,7212,2026-08-24T00:55:53.260Z,FALSE,"",20:20,TRUE
fare_DEL-BOM_6E_2026-09-08_T+15_1787534246747_3pjz,DEL-BOM,EaseMyTrip,6E,6E-803,2026-09-08,T+15,5914,1298,7212,2026-08-24T00:55:53.260Z,FALSE,"",20:20,TRUE
fare_DEL-BOM_6E_2026-09-08_T+15_1787534246747_vwom,DEL-BOM,EaseMyTrip,6E,6E-6479,2026-09-08,T+15,6066,1331,7397,2026-08-24T00:55:53.260Z,FALSE,"",21:25,FALSE
fare_DEL-BOM_6E_2026-09-08_T+15_1787534246747_3wxb,DEL-BOM,EaseMyTrip,6E,6E-6047,2026-09-08,T+15,6130,1345,7475,2026-08-24T00:55:53.260Z,FALSE,"",11:00,TRUE
fare_DEL-BOM_6E_2026-09-08_T+15_1787534246747_fwuq,DEL-BOM,EaseMyTrip,6E,6E-7646,2026-09-08,T+15,6202,1362,7564,2026-08-24T00:55:53.260Z,FALSE,"",06:15,FALSE
fare_DEL-BOM_IX_2026-09-08_T+15_1787534246747_ekhc,DEL-BOM,EaseMyTrip,IX,IX-1038,2026-09-08,T+15,6454,1417,7871,2026-08-24T00:55:53.260Z,FALSE,"",17:35,TRUE
fare_DEL-BOM_AI_2026-09-08_T+15_1787534246747_1xt3,DEL-BOM,EaseMyTrip,AI,AI-2985,2026-09-08,T+15,6414,1408,7822,2026-08-24T00:55:53.260Z,FALSE,"",19:30,TRUE
fare_DEL-BOM_IX_2026-09-08_T+15_1787534246747_g4xt,DEL-BOM,EaseMyTrip,IX,IX-1049,2026-09-08,T+15,6528,1433,7961,2026-08-24T00:55:53.260Z,FALSE,"",18:40,FALSE
fare_DEL-BOM_6E_2026-09-08_T+15_1787534246747_nk7n,DEL-BOM,EaseMyTrip,6E,6E-2341,2026-09-08,T+15,6447,1415,7862,2026-08-24T00:55:53.260Z,FALSE,"",14:50,FALSE
fare_DEL-BOM_AI_2026-09-08_T+15_1787534246747_vd85,DEL-BOM,EaseMyTrip,AI,AI-2977,2026-09-08,T+15,6624,1454,8078,2026-08-24T00:55:53.260Z,FALSE,"",19:00,TRUE
fare_DEL-BOM_AI_2026-09-08_T+15_1787534246747_ugzr,DEL-BOM,EaseMyTrip,AI,AI-2955,2026-09-08,T+15,6624,1454,8078,2026-08-24T00:55:53.260Z,FALSE,"",18:00,TRUE
fare_DEL-BOM_6E_2026-09-08_T+15_1787534246747_mt0j,DEL-BOM,EaseMyTrip,6E,6E-5206,2026-09-08,T+15,6541,1436,7977,2026-08-24T00:55:53.260Z,FALSE,"",13:20,FALSE
fare_DEL-BOM_AI_2026-09-08_T+15_1787534246747_agkv,DEL-BOM,EaseMyTrip,AI,AI-2957,2026-09-08,T+15,6836,1500,8336,2026-08-24T00:55:53.260Z,FALSE,"",20:30,TRUE
fare_DEL-BOM_IX_2026-09-08_T+15_1787534246747_ai4h,DEL-BOM,EaseMyTrip,IX,IX-1068,2026-09-08,T+15,7181,1576,8757,2026-08-24T00:55:53.260Z,FALSE,"",11:55,FALSE
fare_DEL-BOM_IX_2026-09-08_T+15_1787534246747_m2i6,DEL-BOM,EaseMyTrip,IX,IX-1003,2026-09-08,T+15,7181,1576,8757,2026-08-24T00:55:53.260Z,FALSE,"",19:10,FALSE
fare_DEL-BOM_6E_2026-09-08_T+15_1787534246747_x12f,DEL-BOM,EaseMyTrip,6E,6E-2381,2026-09-08,T+15,7747,1700,9447,2026-08-24T00:55:53.260Z,FALSE,"",13:45,FALSE
fare_DEL-BOM_6E_2026-09-08_T+15_1787534246747_ep9x,DEL-BOM,EaseMyTrip,6E,6E-6983,2026-09-08,T+15,8099,1778,9877,2026-08-24T00:55:53.260Z,FALSE,"",15:35,FALSE
fare_DEL-BOM_AI_2026-09-08_T+15_1787534246747_klaw,DEL-BOM,EaseMyTrip,AI,AI-1780,2026-09-08,T+15,8289,1819,10108,2026-08-24T00:55:53.260Z,FALSE,"",16:10,TRUE
fare_DEL-BOM_IX_2026-09-08_T+15_1787534246747_yqwr,DEL-BOM,EaseMyTrip,IX,IX-1165,2026-09-08,T+15,8587,1885,10472,2026-08-24T00:55:53.260Z,TRUE,"High outlier: ₹10472 > upper fence ₹10148 (Q3: ₹7977, IQR: ₹1447)",06:00,FALSE
fare_DEL-BOM_6E_2026-09-08_T+15_1787534246747_eowm,DEL-BOM,EaseMyTrip,6E,6E-2349,2026-09-08,T+15,8512,1868,10380,2026-08-24T00:55:53.260Z,TRUE,"High outlier: ₹10380 > upper fence ₹10148 (Q3: ₹7977, IQR: ₹1447)",10:55,FALSE
fare_DEL-BOM_AI_2026-09-08_T+15_1787534246747_d0fm,DEL-BOM,EaseMyTrip,AI,AI-1705,2026-09-08,T+15,8895,1952,10847,2026-08-24T00:55:53.260Z,TRUE,"High outlier: ₹10847 > upper fence ₹10148 (Q3: ₹7977, IQR: ₹1447)",06:30,FALSE
fare_DEL-BOM_AI_2026-09-08_T+15_1787534246747_d8uv,DEL-BOM,EaseMyTrip,AI,AI-9920,2026-09-08,T+15,9164,2012,11176,2026-08-24T00:55:53.260Z,TRUE,"High outlier: ₹11176 > upper fence ₹10148 (Q3: ₹7977, IQR: ₹1447)",10:50,FALSE
fare_DEL-BOM_AI_2026-09-08_T+15_1787534246747_ikdp,DEL-BOM,EaseMyTrip,AI,AI-2499,2026-09-08,T+15,9335,2049,11384,2026-08-24T00:55:53.260Z,TRUE,"High outlier: ₹11384 > upper fence ₹10148 (Q3: ₹7977, IQR: ₹1447)",06:00,FALSE
fare_DEL-BOM_AI_2026-09-08_T+15_1787534246747_j245,DEL-BOM,EaseMyTrip,AI,AI-2509,2026-09-08,T+15,9569,2100,11669,2026-08-24T00:55:53.260Z,TRUE,"High outlier: ₹11669 > upper fence ₹10148 (Q3: ₹7977, IQR: ₹1447)",07:00,FALSE
fare_DEL-BOM_AI_2026-09-08_T+15_1787534246747_cmse,DEL-BOM,EaseMyTrip,AI,AI-9757,2026-09-08,T+15,9810,2153,11963,2026-08-24T00:55:53.260Z,TRUE,"High outlier: ₹11963 > upper fence ₹10148 (Q3: ₹7977, IQR: ₹1447)",11:50,FALSE
fare_DEL-BOM_AI_2026-09-08_T+15_1787534246747_c0fo,DEL-BOM,EaseMyTrip,AI,AI-9759,2026-09-08,T+15,9810,2153,11963,2026-08-24T00:55:53.260Z,TRUE,"High outlier: ₹11963 > upper fence ₹10148 (Q3: ₹7977, IQR: ₹1447)",06:00,FALSE
fare_DEL-BOM_IX_2026-09-08_T+15_1787534246747_f028,DEL-BOM,EaseMyTrip,IX,IX-5964,2026-09-08,T+15,10117,2221,12338,2026-08-24T00:55:53.260Z,TRUE,"High outlier: ₹12338 > upper fence ₹10148 (Q3: ₹7977, IQR: ₹1447)",08:00,FALSE
fare_DEL-BOM_6E_2026-09-08_T+15_1787534246747_aevn,DEL-BOM,EaseMyTrip,6E,6E-7642,2026-09-08,T+15,11196,2458,13654,2026-08-24T00:55:53.260Z,TRUE,"High outlier: ₹13654 > upper fence ₹10148 (Q3: ₹7977, IQR: ₹1447)",15:45,FALSE
fare_DEL-BOM_AI_2026-09-08_T+15_1787534246747_mgsz,DEL-BOM,EaseMyTrip,AI,AI-2715,2026-09-08,T+15,11417,2506,13923,2026-08-24T00:55:53.260Z,TRUE,"High outlier: ₹13923 > upper fence ₹10148 (Q3: ₹7977, IQR: ₹1447)",11:40,FALSE
fare_DEL-BOM_AI_2026-09-08_T+15_1787534246747_d4v8,DEL-BOM,EaseMyTrip,AI,AI-531,2026-09-08,T+15,11417,2506,13923,2026-08-24T00:55:53.260Z,TRUE,"High outlier: ₹13923 > upper fence ₹10148 (Q3: ₹7977, IQR: ₹1447)",19:20,FALSE
fare_DEL-BOM_AI_2026-09-08_T+15_1787534246747_z5hu,DEL-BOM,EaseMyTrip,AI,AI-881,2026-09-08,T+15,11417,2506,13923,2026-08-24T00:55:53.260Z,TRUE,"High outlier: ₹13923 > upper fence ₹10148 (Q3: ₹7977, IQR: ₹1447)",13:35,FALSE
fare_DEL-BOM_AI_2026-09-08_T+15_1787534246747_j3vc,DEL-BOM,EaseMyTrip,AI,AI-809,2026-09-08,T+15,11509,2526,14035,2026-08-24T00:55:53.260Z,TRUE,"High outlier: ₹14035 > upper fence ₹10148 (Q3: ₹7977, IQR: ₹1447)",17:40,FALSE
fare_DEL-BOM_AI_2026-09-08_T+15_1787534246748_gvgw,DEL-BOM,EaseMyTrip,AI,AI-9584,2026-09-08,T+15,12607,2767,15374,2026-08-24T00:55:53.260Z,TRUE,"High outlier: ₹15374 > upper fence ₹10148 (Q3: ₹7977, IQR: ₹1447)",11:15,FALSE
fare_DEL-BOM_AI_2026-09-08_T+15_1787534246748_440n,DEL-BOM,EaseMyTrip,AI,AI-1743,2026-09-08,T+15,13065,2868,15933,2026-08-24T00:55:53.260Z,TRUE,"High outlier: ₹15933 > upper fence ₹10148 (Q3: ₹7977, IQR: ₹1447)",06:15,FALSE
fare_DEL-BOM_AI_2026-09-08_T+15_1787534246748_sw2n,DEL-BOM,EaseMyTrip,AI,AI-491,2026-09-08,T+15,13815,3033,16848,2026-08-24T00:55:53.260Z,TRUE,"High outlier: ₹16848 > upper fence ₹10148 (Q3: ₹7977, IQR: ₹1447)",11:15,FALSE
fare_DEL-BOM_AI_2026-09-08_T+15_1787534246748_t4bo,DEL-BOM,EaseMyTrip,AI,AI-1773,2026-09-08,T+15,13815,3033,16848,2026-08-24T00:55:53.260Z,TRUE,"High outlier: ₹16848 > upper fence ₹10148 (Q3: ₹7977, IQR: ₹1447)",10:30,FALSE
fare_DEL-BOM_AI_2026-09-08_T+15_1787534246748_ybcu,DEL-BOM,EaseMyTrip,AI,AI-1703,2026-09-08,T+15,13815,3033,16848,2026-08-24T00:55:53.260Z,TRUE,"High outlier: ₹16848 > upper fence ₹10148 (Q3: ₹7977, IQR: ₹1447)",05:10,FALSE
fare_DEL-BOM_AI_2026-09-08_T+15_1787534246748_qnjq,DEL-BOM,EaseMyTrip,AI,AI-479,2026-09-08,T+15,13815,3033,16848,2026-08-24T00:55:53.260Z,TRUE,"High outlier: ₹16848 > upper fence ₹10148 (Q3: ₹7977, IQR: ₹1447)",21:15,FALSE
fare_DEL-BOM_AI_2026-09-08_T+15_1787534246748_chib,DEL-BOM,EaseMyTrip,AI,AI-2907,2026-09-08,T+15,13927,3057,16984,2026-08-24T00:55:53.260Z,TRUE,"High outlier: ₹16984 > upper fence ₹10148 (Q3: ₹7977, IQR: ₹1447)",12:00,FALSE
fare_DEL-BOM_AI_2026-09-08_T+15_1787534246748_jdif,DEL-BOM,EaseMyTrip,AI,AI-1757,2026-09-08,T+15,13927,3057,16984,2026-08-24T00:55:53.260Z,TRUE,"High outlier: ₹16984 > upper fence ₹10148 (Q3: ₹7977, IQR: ₹1447)",15:40,FALSE
fare_DEL-BOM_AI_2026-09-08_T+15_1787534246748_zge3,DEL-BOM,EaseMyTrip,AI,AI-2577,2026-09-08,T+15,14577,3200,17777,2026-08-24T00:55:53.260Z,TRUE,"High outlier: ₹17777 > upper fence ₹10148 (Q3: ₹7977, IQR: ₹1447)",02:00,FALSE
fare_DEL-BOM_AI_2026-09-08_T+15_1787534246748_95nc,DEL-BOM,EaseMyTrip,AI,AI-2859,2026-09-08,T+15,14577,3200,17777,2026-08-24T00:55:53.260Z,TRUE,"High outlier: ₹17777 > upper fence ₹10148 (Q3: ₹7977, IQR: ₹1447)",10:30,FALSE
fare_DEL-BOM_AI_2026-09-08_T+15_1787534246748_71r0,DEL-BOM,EaseMyTrip,AI,AI-2465,2026-09-08,T+15,14880,3266,18146,2026-08-24T00:55:53.260Z,TRUE,"High outlier: ₹18146 > upper fence ₹10148 (Q3: ₹7977, IQR: ₹1447)",14:30,FALSE
fare_DEL-BOM_AI_2026-09-08_T+15_1787534246748_seey,DEL-BOM,EaseMyTrip,AI,AI-2761,2026-09-08,T+15,15193,3335,18528,2026-08-24T00:55:53.260Z,TRUE,"High outlier: ₹18528 > upper fence ₹10148 (Q3: ₹7977, IQR: ₹1447)",16:25,FALSE
fare_DEL-BOM_AI_2026-09-08_T+15_1787534246748_wl1e,DEL-BOM,EaseMyTrip,AI,AI-1739,2026-09-08,T+15,17408,3821,21229,2026-08-24T00:55:53.260Z,TRUE,"High outlier: ₹21229 > upper fence ₹10148 (Q3: ₹7977, IQR: ₹1447)",11:30,FALSE
fare_DEL-BOM_6E_2026-09-08_T+15_1787534246748_anne,DEL-BOM,EaseMyTrip,6E,6E-112,2026-09-08,T+15,17692,3884,21576,2026-08-24T00:55:53.260Z,TRUE,"High outlier: ₹21576 > upper fence ₹10148 (Q3: ₹7977, IQR: ₹1447)",12:15,FALSE
fare_DEL-BOM_6E_2026-09-08_T+15_1787534246748_n624,DEL-BOM,EaseMyTrip,6E,6E-218,2026-09-08,T+15,17692,3884,21576,2026-08-24T00:55:53.260Z,TRUE,"High outlier: ₹21576 > upper fence ₹10148 (Q3: ₹7977, IQR: ₹1447)",12:15,FALSE
fare_DEL-BOM_AI_2026-09-08_T+15_1787534246748_12bp,DEL-BOM,EaseMyTrip,AI,AI-2483,2026-09-08,T+15,18285,4014,22299,2026-08-24T00:55:53.260Z,TRUE,"High outlier: ₹22299 > upper fence ₹10148 (Q3: ₹7977, IQR: ₹1447)",12:20,FALSE
fare_DEL-BOM_AI_2026-09-08_T+15_1787534246748_yi3g,DEL-BOM,EaseMyTrip,AI,AI-1779,2026-09-08,T+15,18383,4035,22418,2026-08-24T00:55:53.260Z,TRUE,"High outlier: ₹22418 > upper fence ₹10148 (Q3: ₹7977, IQR: ₹1447)",13:45,FALSE
fare_DEL-BOM_AI_2026-09-08_T+15_1787534246748_5li7,DEL-BOM,EaseMyTrip,AI,AI-2627,2026-09-08,T+15,23105,5072,28177,2026-08-24T00:55:53.260Z,TRUE,"High outlier: ₹28177 > upper fence ₹10148 (Q3: ₹7977, IQR: ₹1447)",10:45,FALSE
fare_DEL-BOM_AI_2026-09-08_T+15_1787534246748_rgi5,DEL-BOM,EaseMyTrip,AI,AI-2525,2026-09-08,T+15,30999,6805,37804,2026-08-24T00:55:53.260Z,TRUE,"High outlier: ₹37804 > upper fence ₹10148 (Q3: ₹7977, IQR: ₹1447)",06:00,FALSE
fare_DEL-BOM_IX_2026-09-23_T+30_1787534246748_l0b6,DEL-BOM,EaseMyTrip,IX,IX-1392,2026-09-23,T+30,5077,1114,6191,2026-08-24T00:56:00.446Z,FALSE,"",23:25,FALSE
fare_DEL-BOM_SG_2026-09-23_T+30_1787534246748_nz49,DEL-BOM,EaseMyTrip,SG,SG-9091,2026-09-23,T+30,5099,1119,6218,2026-08-24T00:56:00.446Z,FALSE,"",05:30,TRUE
fare_DEL-BOM_SG_2026-09-23_T+30_1787534246748_rut4,DEL-BOM,EaseMyTrip,SG,SG-293,2026-09-23,T+30,5186,1138,6324,2026-08-24T00:56:00.446Z,FALSE,"",04:00,TRUE
fare_DEL-BOM_SG_2026-09-23_T+30_1787534246748_kx9b,DEL-BOM,EaseMyTrip,SG,SG-548,2026-09-23,T+30,5186,1138,6324,2026-08-24T00:56:00.446Z,FALSE,"",04:00,TRUE
fare_DEL-BOM_SG_2026-09-23_T+30_1787534246748_1ics,DEL-BOM,EaseMyTrip,SG,SG-742,2026-09-23,T+30,5186,1138,6324,2026-08-24T00:56:00.446Z,FALSE,"",18:35,TRUE
fare_DEL-BOM_SG_2026-09-23_T+30_1787534246748_232k,DEL-BOM,EaseMyTrip,SG,SG-175,2026-09-23,T+30,5186,1138,6324,2026-08-24T00:56:00.446Z,FALSE,"",18:35,TRUE
fare_DEL-BOM_SG_2026-09-23_T+30_1787534246748_jplv,DEL-BOM,EaseMyTrip,SG,SG-763,2026-09-23,T+30,5186,1138,6324,2026-08-24T00:56:00.446Z,FALSE,"",20:10,TRUE
fare_DEL-BOM_SG_2026-09-23_T+30_1787534246748_6ugk,DEL-BOM,EaseMyTrip,SG,SG-170,2026-09-23,T+30,5186,1138,6324,2026-08-24T00:56:00.446Z,FALSE,"",20:10,TRUE
fare_DEL-BOM_SG_2026-09-23_T+30_1787534246748_7lhx,DEL-BOM,EaseMyTrip,SG,SG-258,2026-09-23,T+30,5186,1138,6324,2026-08-24T00:56:00.446Z,FALSE,"",21:00,TRUE
fare_DEL-BOM_SG_2026-09-23_T+30_1787534246748_gz5f,DEL-BOM,EaseMyTrip,SG,SG-162,2026-09-23,T+30,5186,1138,6324,2026-08-24T00:56:00.446Z,FALSE,"",21:00,TRUE
fare_DEL-BOM_SG_2026-09-23_T+30_1787534246748_vo6y,DEL-BOM,EaseMyTrip,SG,SG-811,2026-09-23,T+30,5186,1138,6324,2026-08-24T00:56:00.446Z,FALSE,"",22:30,TRUE
fare_DEL-BOM_SG_2026-09-23_T+30_1787534246748_n0nu,DEL-BOM,EaseMyTrip,SG,SG-448,2026-09-23,T+30,5186,1138,6324,2026-08-24T00:56:00.446Z,FALSE,"",22:30,TRUE
fare_DEL-BOM_6E_2026-09-23_T+30_1787534246748_ozaz,DEL-BOM,EaseMyTrip,6E,6E-5014,2026-09-23,T+30,5067,1112,6179,2026-08-24T00:56:00.446Z,FALSE,"",18:30,FALSE
fare_DEL-BOM_6E_2026-09-23_T+30_1787534246748_4xve,DEL-BOM,EaseMyTrip,6E,6E-5073,2026-09-23,T+30,5067,1112,6179,2026-08-24T00:56:00.446Z,FALSE,"",17:05,FALSE
fare_DEL-BOM_6E_2026-09-23_T+30_1787534246748_nw9d,DEL-BOM,EaseMyTrip,6E,6E-386,2026-09-23,T+30,5067,1112,6179,2026-08-24T00:56:00.446Z,FALSE,"",19:35,FALSE
fare_DEL-BOM_6E_2026-09-23_T+30_1787534246748_kod9,DEL-BOM,EaseMyTrip,6E,6E-670,2026-09-23,T+30,5067,1112,6179,2026-08-24T00:56:00.446Z,FALSE,"",19:35,FALSE
fare_DEL-BOM_6E_2026-09-23_T+30_1787534246748_i2dc,DEL-BOM,EaseMyTrip,6E,6E-2076,2026-09-23,T+30,5067,1112,6179,2026-08-24T00:56:00.446Z,FALSE,"",07:30,FALSE
fare_DEL-BOM_6E_2026-09-23_T+30_1787534246748_f0dp,DEL-BOM,EaseMyTrip,6E,6E-5119,2026-09-23,T+30,5067,1112,6179,2026-08-24T00:56:00.446Z,FALSE,"",05:10,FALSE
fare_DEL-BOM_6E_2026-09-23_T+30_1787534246748_8v6l,DEL-BOM,EaseMyTrip,6E,6E-6261,2026-09-23,T+30,5067,1112,6179,2026-08-24T00:56:00.446Z,FALSE,"",00:15,FALSE
fare_DEL-BOM_6E_2026-09-23_T+30_1787534246748_1ou0,DEL-BOM,EaseMyTrip,6E,6E-2013,2026-09-23,T+30,5067,1112,6179,2026-08-24T00:56:00.446Z,FALSE,"",21:50,FALSE
fare_DEL-BOM_6E_2026-09-23_T+30_1787534246748_plrn,DEL-BOM,EaseMyTrip,6E,6E-6190,2026-09-23,T+30,5067,1112,6179,2026-08-24T00:56:00.446Z,FALSE,"",07:40,FALSE
fare_DEL-BOM_6E_2026-09-23_T+30_1787534246748_9deu,DEL-BOM,EaseMyTrip,6E,6E-2341,2026-09-23,T+30,5067,1112,6179,2026-08-24T00:56:00.446Z,FALSE,"",14:50,FALSE
fare_DEL-BOM_IX_2026-09-23_T+30_1787534246748_pyxb,DEL-BOM,EaseMyTrip,IX,IX-1056,2026-09-23,T+30,5354,1175,6529,2026-08-24T00:56:00.446Z,FALSE,"",05:45,TRUE
fare_DEL-BOM_IX_2026-09-23_T+30_1787534246748_4sua,DEL-BOM,EaseMyTrip,IX,IX-1235,2026-09-23,T+30,5354,1175,6529,2026-08-24T00:56:00.446Z,FALSE,"",23:25,TRUE
fare_DEL-BOM_6E_2026-09-23_T+30_1787534246748_f9ja,DEL-BOM,EaseMyTrip,6E,6E-2249,2026-09-23,T+30,5174,1136,6310,2026-08-24T00:56:00.446Z,FALSE,"",15:00,FALSE
fare_DEL-BOM_6E_2026-09-23_T+30_1787534246748_qp1l,DEL-BOM,EaseMyTrip,6E,6E-2169,2026-09-23,T+30,5174,1136,6310,2026-08-24T00:56:00.446Z,FALSE,"",19:40,FALSE
fare_DEL-BOM_6E_2026-09-23_T+30_1787534246748_nq1y,DEL-BOM,EaseMyTrip,6E,6E-6829,2026-09-23,T+30,5174,1136,6310,2026-08-24T00:56:00.446Z,FALSE,"",17:20,FALSE
fare_DEL-BOM_6E_2026-09-23_T+30_1787534246748_xovg,DEL-BOM,EaseMyTrip,6E,6E-6443,2026-09-23,T+30,5174,1136,6310,2026-08-24T00:56:00.446Z,FALSE,"",09:00,FALSE
fare_DEL-BOM_6E_2026-09-23_T+30_1787534246748_3v06,DEL-BOM,EaseMyTrip,6E,6E-6433,2026-09-23,T+30,5174,1136,6310,2026-08-24T00:56:00.446Z,FALSE,"",16:30,FALSE
fare_DEL-BOM_6E_2026-09-23_T+30_1787534246748_ihsi,DEL-BOM,EaseMyTrip,6E,6E-6490,2026-09-23,T+30,5174,1136,6310,2026-08-24T00:56:00.446Z,FALSE,"",04:55,FALSE
fare_DEL-BOM_6E_2026-09-23_T+30_1787534246748_4ohv,DEL-BOM,EaseMyTrip,6E,6E-6479,2026-09-23,T+30,5239,1150,6389,2026-08-24T00:56:00.446Z,FALSE,"",21:25,FALSE
fare_DEL-BOM_6E_2026-09-23_T+30_1787534246748_soj9,DEL-BOM,EaseMyTrip,6E,6E-5298,2026-09-23,T+30,5239,1150,6389,2026-08-24T00:56:00.446Z,FALSE,"",09:00,FALSE
fare_DEL-BOM_6E_2026-09-23_T+30_1787534246748_9ebp,DEL-BOM,EaseMyTrip,6E,6E-5038,2026-09-23,T+30,5239,1150,6389,2026-08-24T00:56:00.446Z,FALSE,"",14:00,FALSE
fare_DEL-BOM_6E_2026-09-23_T+30_1787534246748_ckwa,DEL-BOM,EaseMyTrip,6E,6E-6050,2026-09-23,T+30,5239,1150,6389,2026-08-24T00:56:00.446Z,FALSE,"",08:15,FALSE
fare_DEL-BOM_6E_2026-09-23_T+30_1787534246748_68rd,DEL-BOM,EaseMyTrip,6E,6E-5206,2026-09-23,T+30,5239,1150,6389,2026-08-24T00:56:00.446Z,FALSE,"",13:20,FALSE
fare_DEL-BOM_6E_2026-09-23_T+30_1787534246748_tiqo,DEL-BOM,EaseMyTrip,6E,6E-5096,2026-09-23,T+30,5282,1160,6442,2026-08-24T00:56:00.446Z,FALSE,"",17:00,TRUE
fare_DEL-BOM_6E_2026-09-23_T+30_1787534246748_0b7k,DEL-BOM,EaseMyTrip,6E,6E-6601,2026-09-23,T+30,5346,1174,6520,2026-08-24T00:56:00.446Z,FALSE,"",19:45,FALSE
fare_DEL-BOM_6E_2026-09-23_T+30_1787534246748_r88m,DEL-BOM,EaseMyTrip,6E,6E-6212,2026-09-23,T+30,5346,1174,6520,2026-08-24T00:56:00.446Z,FALSE,"",14:45,FALSE
fare_DEL-BOM_6E_2026-09-23_T+30_1787534246748_ufmj,DEL-BOM,EaseMyTrip,6E,6E-6282,2026-09-23,T+30,5346,1174,6520,2026-08-24T00:56:00.446Z,FALSE,"",13:30,FALSE
fare_DEL-BOM_6E_2026-09-23_T+30_1787534246748_p4nr,DEL-BOM,EaseMyTrip,6E,6E-2381,2026-09-23,T+30,5346,1174,6520,2026-08-24T00:56:00.446Z,FALSE,"",13:45,FALSE
fare_DEL-BOM_6E_2026-09-23_T+30_1787534246748_2lul,DEL-BOM,EaseMyTrip,6E,6E-6293,2026-09-23,T+30,5346,1174,6520,2026-08-24T00:56:00.446Z,FALSE,"",09:55,FALSE
fare_DEL-BOM_6E_2026-09-23_T+30_1787534246748_6kkd,DEL-BOM,EaseMyTrip,6E,6E-685,2026-09-23,T+30,5354,1175,6529,2026-08-24T00:56:00.446Z,FALSE,"",20:20,TRUE
fare_DEL-BOM_6E_2026-09-23_T+30_1787534246748_gu6g,DEL-BOM,EaseMyTrip,6E,6E-757,2026-09-23,T+30,5354,1175,6529,2026-08-24T00:56:00.446Z,FALSE,"",20:20,TRUE
fare_DEL-BOM_QP_2026-09-23_T+30_1787534246748_5g3f,DEL-BOM,EaseMyTrip,QP,QP-1836,2026-09-23,T+30,5355,1175,6530,2026-08-24T00:56:00.446Z,FALSE,"",12:30,TRUE
fare_DEL-BOM_QP_2026-09-23_T+30_1787534246748_8prh,DEL-BOM,EaseMyTrip,QP,QP-1820,2026-09-23,T+30,5355,1175,6530,2026-08-24T00:56:00.446Z,FALSE,"",17:30,TRUE
fare_DEL-BOM_6E_2026-09-23_T+30_1787534246748_9yd8,DEL-BOM,EaseMyTrip,6E,6E-6706,2026-09-23,T+30,5355,1175,6530,2026-08-24T00:56:00.446Z,FALSE,"",17:00,TRUE
fare_DEL-BOM_6E_2026-09-23_T+30_1787534246748_8jxe,DEL-BOM,EaseMyTrip,6E,6E-820,2026-09-23,T+30,5355,1175,6530,2026-08-24T00:56:00.446Z,FALSE,"",16:15,TRUE
fare_DEL-BOM_6E_2026-09-23_T+30_1787534246748_pzxt,DEL-BOM,EaseMyTrip,6E,6E-750,2026-09-23,T+30,5355,1175,6530,2026-08-24T00:56:00.446Z,FALSE,"",16:15,TRUE
fare_DEL-BOM_6E_2026-09-23_T+30_1787534246748_gu8p,DEL-BOM,EaseMyTrip,6E,6E-400,2026-09-23,T+30,5355,1175,6530,2026-08-24T00:56:00.446Z,FALSE,"",15:30,TRUE
fare_DEL-BOM_6E_2026-09-23_T+30_1787534246748_2rl7,DEL-BOM,EaseMyTrip,6E,6E-888,2026-09-23,T+30,5355,1175,6530,2026-08-24T00:56:00.446Z,FALSE,"",15:30,TRUE
fare_DEL-BOM_6E_2026-09-23_T+30_1787534246748_kaa1,DEL-BOM,EaseMyTrip,6E,6E-6022,2026-09-23,T+30,5355,1175,6530,2026-08-24T00:56:00.446Z,FALSE,"",14:00,TRUE
fare_DEL-BOM_6E_2026-09-23_T+30_1787534246748_ibp3,DEL-BOM,EaseMyTrip,6E,6E-6318,2026-09-23,T+30,5355,1175,6530,2026-08-24T00:56:00.446Z,FALSE,"",14:45,TRUE
fare_DEL-BOM_6E_2026-09-23_T+30_1787534246748_bata,DEL-BOM,EaseMyTrip,6E,6E-6328,2026-09-23,T+30,5355,1175,6530,2026-08-24T00:56:00.446Z,FALSE,"",10:15,TRUE
fare_DEL-BOM_6E_2026-09-23_T+30_1787534246748_6e9y,DEL-BOM,EaseMyTrip,6E,6E-6047,2026-09-23,T+30,5355,1175,6530,2026-08-24T00:56:00.446Z,FALSE,"",11:00,TRUE
fare_DEL-BOM_6E_2026-09-23_T+30_1787534246748_1pa5,DEL-BOM,EaseMyTrip,6E,6E-901,2026-09-23,T+30,5355,1175,6530,2026-08-24T00:56:00.446Z,FALSE,"",13:00,TRUE
fare_DEL-BOM_6E_2026-09-23_T+30_1787534246748_uixc,DEL-BOM,EaseMyTrip,6E,6E-866,2026-09-23,T+30,5355,1175,6530,2026-08-24T00:56:00.446Z,FALSE,"",13:00,TRUE
fare_DEL-BOM_6E_2026-09-23_T+30_1787534246748_w6pl,DEL-BOM,EaseMyTrip,6E,6E-6107,2026-09-23,T+30,5355,1175,6530,2026-08-24T00:56:00.446Z,FALSE,"",09:30,TRUE
fare_DEL-BOM_IX_2026-09-23_T+30_1787534246748_u8bc,DEL-BOM,EaseMyTrip,IX,IX-1165,2026-09-23,T+30,5597,1228,6825,2026-08-24T00:56:00.446Z,FALSE,"",06:00,FALSE
fare_DEL-BOM_6E_2026-09-23_T+30_1787534246748_23o6,DEL-BOM,EaseMyTrip,6E,6E-165,2026-09-23,T+30,5411,1188,6599,2026-08-24T00:56:00.446Z,FALSE,"",12:15,FALSE
fare_DEL-BOM_6E_2026-09-23_T+30_1787534246748_5wxo,DEL-BOM,EaseMyTrip,6E,6E-464,2026-09-23,T+30,5411,1188,6599,2026-08-24T00:56:00.446Z,FALSE,"",12:15,FALSE
fare_DEL-BOM_QP_2026-09-23_T+30_1787534246748_2oke,DEL-BOM,EaseMyTrip,QP,QP-2074,2026-09-23,T+30,5416,1189,6605,2026-08-24T00:56:00.446Z,FALSE,"",09:20,TRUE
fare_DEL-BOM_6E_2026-09-23_T+30_1787534246748_pxt8,DEL-BOM,EaseMyTrip,6E,6E-7646,2026-09-23,T+30,5416,1189,6605,2026-08-24T00:56:00.446Z,FALSE,"",06:15,FALSE
fare_DEL-BOM_QP_2026-09-23_T+30_1787534246748_4bnk,DEL-BOM,EaseMyTrip,QP,QP-1940,2026-09-23,T+30,5427,1191,6618,2026-08-24T00:56:00.446Z,FALSE,"",14:00,TRUE
fare_DEL-BOM_6E_2026-09-23_T+30_1787534246748_yxtu,DEL-BOM,EaseMyTrip,6E,6E-5198,2026-09-23,T+30,5427,1191,6618,2026-08-24T00:56:00.446Z,FALSE,"",15:00,TRUE
fare_DEL-BOM_6E_2026-09-23_T+30_1787534246748_9ipl,DEL-BOM,EaseMyTrip,6E,6E-534,2026-09-23,T+30,5484,1204,6688,2026-08-24T00:56:00.446Z,FALSE,"",05:00,TRUE
fare_DEL-BOM_6E_2026-09-23_T+30_1787534246748_dfh8,DEL-BOM,EaseMyTrip,6E,6E-359,2026-09-23,T+30,5484,1204,6688,2026-08-24T00:56:00.446Z,FALSE,"",05:00,TRUE
fare_DEL-BOM_6E_2026-09-23_T+30_1787534246748_3q0k,DEL-BOM,EaseMyTrip,6E,6E-6114,2026-09-23,T+30,5484,1204,6688,2026-08-24T00:56:00.446Z,FALSE,"",22:45,TRUE
fare_DEL-BOM_6E_2026-09-23_T+30_1787534246748_gkhc,DEL-BOM,EaseMyTrip,6E,6E-6218,2026-09-23,T+30,5484,1204,6688,2026-08-24T00:56:00.446Z,FALSE,"",06:05,TRUE
fare_DEL-BOM_6E_2026-09-23_T+30_1787534246748_996b,DEL-BOM,EaseMyTrip,6E,6E-839,2026-09-23,T+30,5484,1204,6688,2026-08-24T00:56:00.446Z,FALSE,"",08:45,TRUE
fare_DEL-BOM_6E_2026-09-23_T+30_1787534246748_9bjp,DEL-BOM,EaseMyTrip,6E,6E-454,2026-09-23,T+30,5484,1204,6688,2026-08-24T00:56:00.446Z,FALSE,"",08:45,TRUE
fare_DEL-BOM_6E_2026-09-23_T+30_1787534246748_5hmz,DEL-BOM,EaseMyTrip,6E,6E-2721,2026-09-23,T+30,5526,1213,6739,2026-08-24T00:56:00.446Z,FALSE,"",09:55,TRUE
fare_DEL-BOM_6E_2026-09-23_T+30_1787534246748_9fxq,DEL-BOM,EaseMyTrip,6E,6E-2345,2026-09-23,T+30,5569,1222,6791,2026-08-24T00:56:00.446Z,FALSE,"",05:55,FALSE
fare_DEL-BOM_AI_2026-09-23_T+30_1787534246748_8ces,DEL-BOM,EaseMyTrip,AI,AI-2963,2026-09-23,T+30,5740,1260,7000,2026-08-24T00:56:00.446Z,FALSE,"",09:00,TRUE
fare_DEL-BOM_AI_2026-09-23_T+30_1787534246748_vp1z,DEL-BOM,EaseMyTrip,AI,AI-2425,2026-09-23,T+30,5740,1260,7000,2026-08-24T00:56:00.446Z,FALSE,"",10:30,TRUE
fare_DEL-BOM_AI_2026-09-23_T+30_1787534246748_cplm,DEL-BOM,EaseMyTrip,AI,AI-2941,2026-09-23,T+30,5740,1260,7000,2026-08-24T00:56:00.446Z,FALSE,"",16:30,TRUE
fare_DEL-BOM_AI_2026-09-23_T+30_1787534246748_g7r5,DEL-BOM,EaseMyTrip,AI,AI-2995,2026-09-23,T+30,5740,1260,7000,2026-08-24T00:56:00.446Z,FALSE,"",10:00,TRUE
fare_DEL-BOM_AI_2026-09-23_T+30_1787534246748_borl,DEL-BOM,EaseMyTrip,AI,AI-2945,2026-09-23,T+30,5740,1260,7000,2026-08-24T00:56:00.446Z,FALSE,"",11:00,TRUE
fare_DEL-BOM_AI_2026-09-23_T+30_1787534246748_uq3v,DEL-BOM,EaseMyTrip,AI,AI-2933,2026-09-23,T+30,5740,1260,7000,2026-08-24T00:56:00.446Z,FALSE,"",15:30,TRUE
fare_DEL-BOM_AI_2026-09-23_T+30_1787534246748_45vr,DEL-BOM,EaseMyTrip,AI,AI-1777,2026-09-23,T+30,5740,1260,7000,2026-08-24T00:56:00.446Z,FALSE,"",16:00,TRUE
fare_DEL-BOM_AI_2026-09-23_T+30_1787534246748_jsnq,DEL-BOM,EaseMyTrip,AI,AI-441,2026-09-23,T+30,5740,1260,7000,2026-08-24T00:56:00.446Z,FALSE,"",17:00,TRUE
fare_DEL-BOM_AI_2026-09-23_T+30_1787534246748_e7bd,DEL-BOM,EaseMyTrip,AI,AI-2927,2026-09-23,T+30,5740,1260,7000,2026-08-24T00:56:00.446Z,FALSE,"",09:30,TRUE
fare_DEL-BOM_SG_2026-09-23_T+30_1787534246748_rkaa,DEL-BOM,EaseMyTrip,SG,SG-676,2026-09-23,T+30,5810,1275,7085,2026-08-24T00:56:00.446Z,FALSE,"",09:15,TRUE
fare_DEL-BOM_SG_2026-09-23_T+30_1787534246748_0sen,DEL-BOM,EaseMyTrip,SG,SG-611,2026-09-23,T+30,5810,1275,7085,2026-08-24T00:56:00.446Z,FALSE,"",09:15,TRUE
fare_DEL-BOM_QP_2026-09-23_T+30_1787534246748_93ss,DEL-BOM,EaseMyTrip,QP,QP-1112,2026-09-23,T+30,5652,1241,6893,2026-08-24T00:56:00.446Z,FALSE,"",09:20,TRUE
fare_DEL-BOM_6E_2026-09-23_T+30_1787534246748_tje7,DEL-BOM,EaseMyTrip,6E,6E-480,2026-09-23,T+30,5656,1242,6898,2026-08-24T00:56:00.446Z,FALSE,"",21:45,TRUE
fare_DEL-BOM_6E_2026-09-23_T+30_1787534246748_tk18,DEL-BOM,EaseMyTrip,6E,6E-795,2026-09-23,T+30,5656,1242,6898,2026-08-24T00:56:00.446Z,FALSE,"",21:45,TRUE
fare_DEL-BOM_6E_2026-09-23_T+30_1787534246748_bgvs,DEL-BOM,EaseMyTrip,6E,6E-744,2026-09-23,T+30,5656,1242,6898,2026-08-24T00:56:00.446Z,FALSE,"",20:45,TRUE
fare_DEL-BOM_6E_2026-09-23_T+30_1787534246748_wgim,DEL-BOM,EaseMyTrip,6E,6E-523,2026-09-23,T+30,5656,1242,6898,2026-08-24T00:56:00.446Z,FALSE,"",20:00,TRUE
fare_DEL-BOM_6E_2026-09-23_T+30_1787534246748_e9l8,DEL-BOM,EaseMyTrip,6E,6E-329,2026-09-23,T+30,5656,1242,6898,2026-08-24T00:56:00.446Z,FALSE,"",20:00,TRUE
fare_DEL-BOM_6E_2026-09-23_T+30_1787534246748_m96j,DEL-BOM,EaseMyTrip,6E,6E-352,2026-09-23,T+30,5656,1242,6898,2026-08-24T00:56:00.446Z,FALSE,"",19:00,TRUE
fare_DEL-BOM_6E_2026-09-23_T+30_1787534246748_gzhi,DEL-BOM,EaseMyTrip,6E,6E-968,2026-09-23,T+30,5656,1242,6898,2026-08-24T00:56:00.446Z,FALSE,"",19:00,TRUE
fare_DEL-BOM_6E_2026-09-23_T+30_1787534246748_i9cl,DEL-BOM,EaseMyTrip,6E,6E-678,2026-09-23,T+30,5656,1242,6898,2026-08-24T00:56:00.446Z,FALSE,"",18:00,TRUE
fare_DEL-BOM_6E_2026-09-23_T+30_1787534246748_bwm1,DEL-BOM,EaseMyTrip,6E,6E-455,2026-09-23,T+30,5656,1242,6898,2026-08-24T00:56:00.446Z,FALSE,"",18:00,TRUE
fare_DEL-BOM_6E_2026-09-23_T+30_1787534246748_4maa,DEL-BOM,EaseMyTrip,6E,6E-300,2026-09-23,T+30,5656,1242,6898,2026-08-24T00:56:00.446Z,FALSE,"",08:00,TRUE
fare_DEL-BOM_6E_2026-09-23_T+30_1787534246748_7blz,DEL-BOM,EaseMyTrip,6E,6E-961,2026-09-23,T+30,5656,1242,6898,2026-08-24T00:56:00.446Z,FALSE,"",08:00,TRUE
fare_DEL-BOM_6E_2026-09-23_T+30_1787534246748_ntue,DEL-BOM,EaseMyTrip,6E,6E-6814,2026-09-23,T+30,5656,1242,6898,2026-08-24T00:56:00.446Z,FALSE,"",07:15,TRUE
fare_DEL-BOM_6E_2026-09-23_T+30_1787534246748_tyqt,DEL-BOM,EaseMyTrip,6E,6E-6676,2026-09-23,T+30,5656,1242,6898,2026-08-24T00:56:00.446Z,FALSE,"",12:00,TRUE
fare_DEL-BOM_6E_2026-09-23_T+30_1787534246748_zmmj,DEL-BOM,EaseMyTrip,6E,6E-6470,2026-09-23,T+30,5698,1251,6949,2026-08-24T00:56:00.446Z,FALSE,"",06:55,TRUE
fare_DEL-BOM_AI_2026-09-23_T+30_1787534246748_f5zj,DEL-BOM,EaseMyTrip,AI,AI-2678,2026-09-23,T+30,5870,1289,7159,2026-08-24T00:56:00.446Z,FALSE,"",08:30,TRUE
fare_DEL-BOM_AI_2026-09-23_T+30_1787534246748_vxyx,DEL-BOM,EaseMyTrip,AI,AI-2975,2026-09-23,T+30,5870,1289,7159,2026-08-24T00:56:00.446Z,FALSE,"",06:30,TRUE
fare_DEL-BOM_AI_2026-09-23_T+30_1787534246748_nl08,DEL-BOM,EaseMyTrip,AI,AI-2951,2026-09-23,T+30,5870,1289,7159,2026-08-24T00:56:00.446Z,FALSE,"",13:30,TRUE
fare_DEL-BOM_AI_2026-09-23_T+30_1787534246748_pmg5,DEL-BOM,EaseMyTrip,AI,AI-1745,2026-09-23,T+30,5870,1289,7159,2026-08-24T00:56:00.446Z,FALSE,"",05:00,TRUE
fare_DEL-BOM_AI_2026-09-23_T+30_1787534246748_hs4l,DEL-BOM,EaseMyTrip,AI,AI-1785,2026-09-23,T+30,5870,1289,7159,2026-08-24T00:56:00.446Z,FALSE,"",12:00,TRUE
fare_DEL-BOM_AI_2026-09-23_T+30_1787534246748_i5yy,DEL-BOM,EaseMyTrip,AI,AI-2439,2026-09-23,T+30,5870,1289,7159,2026-08-24T00:56:00.446Z,FALSE,"",23:00,TRUE
fare_DEL-BOM_QP_2026-09-23_T+30_1787534246748_re2s,DEL-BOM,EaseMyTrip,QP,QP-1119,2026-09-23,T+30,5756,1263,7019,2026-08-24T00:56:00.446Z,FALSE,"",08:40,TRUE
fare_DEL-BOM_QP_2026-09-23_T+30_1787534246748_e4rc,DEL-BOM,EaseMyTrip,QP,QP-1110,2026-09-23,T+30,5756,1263,7019,2026-08-24T00:56:00.446Z,FALSE,"",10:30,TRUE
fare_DEL-BOM_QP_2026-09-23_T+30_1787534246748_ppnh,DEL-BOM,EaseMyTrip,QP,QP-1826,2026-09-23,T+30,5756,1263,7019,2026-08-24T00:56:00.446Z,FALSE,"",19:55,TRUE
fare_DEL-BOM_QP_2026-09-23_T+30_1787534246748_3ju9,DEL-BOM,EaseMyTrip,QP,QP-1833,2026-09-23,T+30,5756,1263,7019,2026-08-24T00:56:00.446Z,FALSE,"",06:50,TRUE
fare_DEL-BOM_6E_2026-09-23_T+30_1787534246748_y4gx,DEL-BOM,EaseMyTrip,6E,6E-584,2026-09-23,T+30,5871,1289,7160,2026-08-24T00:56:00.446Z,FALSE,"",23:30,TRUE
fare_DEL-BOM_AI_2026-09-23_T+30_1787534246748_tf7c,DEL-BOM,EaseMyTrip,AI,AI-2981,2026-09-23,T+30,6043,1326,7369,2026-08-24T00:56:00.446Z,FALSE,"",21:00,TRUE
fare_DEL-BOM_AI_2026-09-23_T+30_1787534246748_dss1,DEL-BOM,EaseMyTrip,AI,AI-2429,2026-09-23,T+30,6043,1326,7369,2026-08-24T00:56:00.446Z,FALSE,"",07:00,TRUE
fare_DEL-BOM_AI_2026-09-23_T+30_1787534246748_7i7n,DEL-BOM,EaseMyTrip,AI,AI-2943,2026-09-23,T+30,6043,1326,7369,2026-08-24T00:56:00.446Z,FALSE,"",07:30,TRUE
fare_DEL-BOM_AI_2026-09-23_T+30_1787534246748_ol16,DEL-BOM,EaseMyTrip,AI,AI-2985,2026-09-23,T+30,6043,1326,7369,2026-08-24T00:56:00.446Z,FALSE,"",19:30,TRUE
fare_DEL-BOM_AI_2026-09-23_T+30_1787534246748_tytt,DEL-BOM,EaseMyTrip,AI,AI-2433,2026-09-23,T+30,6043,1326,7369,2026-08-24T00:56:00.446Z,FALSE,"",21:30,TRUE
fare_DEL-BOM_AI_2026-09-23_T+30_1787534246748_8enn,DEL-BOM,EaseMyTrip,AI,AI-2957,2026-09-23,T+30,6043,1326,7369,2026-08-24T00:56:00.446Z,FALSE,"",20:30,TRUE
fare_DEL-BOM_6E_2026-09-23_T+30_1787534246748_c6sq,DEL-BOM,EaseMyTrip,6E,6E-6171,2026-09-23,T+30,5893,1294,7187,2026-08-24T00:56:00.446Z,FALSE,"",05:40,FALSE
fare_DEL-BOM_6E_2026-09-23_T+30_1787534246748_g4u4,DEL-BOM,EaseMyTrip,6E,6E-6983,2026-09-23,T+30,5893,1294,7187,2026-08-24T00:56:00.446Z,FALSE,"",15:35,FALSE
fare_DEL-BOM_6E_2026-09-23_T+30_1787534246748_sves,DEL-BOM,EaseMyTrip,6E,6E-2571,2026-09-23,T+30,5935,1303,7238,2026-08-24T00:56:00.446Z,FALSE,"",12:30,FALSE
fare_DEL-BOM_6E_2026-09-23_T+30_1787534246748_g70p,DEL-BOM,EaseMyTrip,6E,6E-5138,2026-09-23,T+30,6001,1317,7318,2026-08-24T00:56:00.446Z,FALSE,"",19:10,FALSE
fare_DEL-BOM_6E_2026-09-23_T+30_1787534246748_4r0i,DEL-BOM,EaseMyTrip,6E,6E-6488,2026-09-23,T+30,6001,1317,7318,2026-08-24T00:56:00.446Z,FALSE,"",11:20,FALSE
fare_DEL-BOM_AI_2026-09-23_T+30_1787534246748_6tc6,DEL-BOM,EaseMyTrip,AI,AI-2805,2026-09-23,T+30,6243,1371,7614,2026-08-24T00:56:00.446Z,FALSE,"",20:00,TRUE
fare_DEL-BOM_6E_2026-09-23_T+30_1787534246748_td4y,DEL-BOM,EaseMyTrip,6E,6E-911,2026-09-23,T+30,6173,1355,7528,2026-08-24T00:56:00.446Z,FALSE,"",08:30,FALSE
fare_DEL-BOM_6E_2026-09-23_T+30_1787534246748_mo4m,DEL-BOM,EaseMyTrip,6E,6E-177,2026-09-23,T+30,6173,1355,7528,2026-08-24T00:56:00.446Z,FALSE,"",08:30,FALSE
fare_DEL-BOM_6E_2026-09-23_T+30_1787534246748_jn3j,DEL-BOM,EaseMyTrip,6E,6E-693,2026-09-23,T+30,6173,1355,7528,2026-08-24T00:56:00.446Z,FALSE,"",23:15,FALSE
fare_DEL-BOM_6E_2026-09-23_T+30_1787534246748_ruu2,DEL-BOM,EaseMyTrip,6E,6E-641,2026-09-23,T+30,6173,1355,7528,2026-08-24T00:56:00.446Z,FALSE,"",23:15,FALSE
fare_DEL-BOM_IX_2026-09-23_T+30_1787534246748_rccu,DEL-BOM,EaseMyTrip,IX,IX-1038,2026-09-23,T+30,6454,1417,7871,2026-08-24T00:56:00.446Z,FALSE,"",17:35,TRUE
fare_DEL-BOM_AI_2026-09-23_T+30_1787534246748_s1n4,DEL-BOM,EaseMyTrip,AI,AI-2977,2026-09-23,T+30,6395,1404,7799,2026-08-24T00:56:00.446Z,FALSE,"",19:00,TRUE
fare_DEL-BOM_AI_2026-09-23_T+30_1787534246748_jly1,DEL-BOM,EaseMyTrip,AI,AI-2955,2026-09-23,T+30,6395,1404,7799,2026-08-24T00:56:00.446Z,FALSE,"",18:00,TRUE
fare_DEL-BOM_IX_2026-09-23_T+30_1787534246748_51s5,DEL-BOM,EaseMyTrip,IX,IX-1051,2026-09-23,T+30,6528,1433,7961,2026-08-24T00:56:00.446Z,FALSE,"",19:05,FALSE
fare_DEL-BOM_6E_2026-09-23_T+30_1787534246748_dyfy,DEL-BOM,EaseMyTrip,6E,6E-6497,2026-09-23,T+30,6649,1459,8108,2026-08-24T00:56:00.446Z,FALSE,"",18:45,FALSE
fare_DEL-BOM_6E_2026-09-23_T+30_1787534246748_mct7,DEL-BOM,EaseMyTrip,6E,6E-964,2026-09-23,T+30,6713,1474,8187,2026-08-24T00:56:00.446Z,FALSE,"",19:30,FALSE
fare_DEL-BOM_6E_2026-09-23_T+30_1787534246748_pcms,DEL-BOM,EaseMyTrip,6E,6E-680,2026-09-23,T+30,6713,1474,8187,2026-08-24T00:56:00.446Z,FALSE,"",19:30,FALSE
fare_DEL-BOM_6E_2026-09-23_T+30_1787534246748_zp9y,DEL-BOM,EaseMyTrip,6E,6E-7642,2026-09-23,T+30,6718,1475,8193,2026-08-24T00:56:00.446Z,FALSE,"",15:45,FALSE
fare_DEL-BOM_IX_2026-09-23_T+30_1787534246748_0k6j,DEL-BOM,EaseMyTrip,IX,IX-1059,2026-09-23,T+30,7865,1726,9591,2026-08-24T00:56:00.446Z,FALSE,"",12:15,FALSE
fare_DEL-BOM_IX_2026-09-23_T+30_1787534246748_ztjl,DEL-BOM,EaseMyTrip,IX,IX-1783,2026-09-23,T+30,7865,1726,9591,2026-08-24T00:56:00.446Z,FALSE,"",07:20,FALSE
fare_DEL-BOM_AI_2026-09-23_T+30_1787534246748_kyf1,DEL-BOM,EaseMyTrip,AI,AI-2761,2026-09-23,T+30,8139,1787,9926,2026-08-24T00:56:00.446Z,TRUE,"High outlier: ₹9926 > upper fence ₹9839 (Q3: ₹7853, IQR: ₹1324)",16:25,FALSE
fare_DEL-BOM_AI_2026-09-23_T+30_1787534246748_jj8k,DEL-BOM,EaseMyTrip,AI,AI-1780,2026-09-23,T+30,8289,1819,10108,2026-08-24T00:56:00.446Z,TRUE,"High outlier: ₹10108 > upper fence ₹9839 (Q3: ₹7853, IQR: ₹1324)",16:10,TRUE
fare_DEL-BOM_IX_2026-09-23_T+30_1787534246748_88cn,DEL-BOM,EaseMyTrip,IX,IX-1003,2026-09-23,T+30,8685,1907,10592,2026-08-24T00:56:00.446Z,TRUE,"High outlier: ₹10592 > upper fence ₹9839 (Q3: ₹7853, IQR: ₹1324)",19:10,FALSE
fare_DEL-BOM_AI_2026-09-23_T+30_1787534246748_jb9m,DEL-BOM,EaseMyTrip,AI,AI-2569,2026-09-23,T+30,8646,1898,10544,2026-08-24T00:56:00.446Z,TRUE,"High outlier: ₹10544 > upper fence ₹9839 (Q3: ₹7853, IQR: ₹1324)",20:30,FALSE
fare_DEL-BOM_AI_2026-09-23_T+30_1787534246748_pqr6,DEL-BOM,EaseMyTrip,AI,AI-1705,2026-09-23,T+30,8895,1952,10847,2026-08-24T00:56:00.446Z,TRUE,"High outlier: ₹10847 > upper fence ₹9839 (Q3: ₹7853, IQR: ₹1324)",06:30,FALSE
fare_DEL-BOM_AI_2026-09-23_T+30_1787534246748_gdav,DEL-BOM,EaseMyTrip,AI,AI-2499,2026-09-23,T+30,8990,1974,10964,2026-08-24T00:56:00.446Z,TRUE,"High outlier: ₹10964 > upper fence ₹9839 (Q3: ₹7853, IQR: ₹1324)",06:00,FALSE
fare_DEL-BOM_AI_2026-09-23_T+30_1787534246748_1k1i,DEL-BOM,EaseMyTrip,AI,AI-1719,2026-09-23,T+30,9043,1985,11028,2026-08-24T00:56:00.446Z,TRUE,"High outlier: ₹11028 > upper fence ₹9839 (Q3: ₹7853, IQR: ₹1324)",11:55,FALSE
fare_DEL-BOM_AI_2026-09-23_T+30_1787534246748_fp52,DEL-BOM,EaseMyTrip,AI,AI-1710,2026-09-23,T+30,9122,2002,11124,2026-08-24T00:56:00.446Z,TRUE,"High outlier: ₹11124 > upper fence ₹9839 (Q3: ₹7853, IQR: ₹1324)",18:35,FALSE
fare_DEL-BOM_IX_2026-09-23_T+30_1787534246748_qg7j,DEL-BOM,EaseMyTrip,IX,IX-1082,2026-09-23,T+30,9373,2057,11430,2026-08-24T00:56:00.446Z,TRUE,"High outlier: ₹11430 > upper fence ₹9839 (Q3: ₹7853, IQR: ₹1324)",21:25,FALSE
fare_DEL-BOM_AI_2026-09-23_T+30_1787534246748_m3t2,DEL-BOM,EaseMyTrip,AI,AI-1717,2026-09-23,T+30,9447,2074,11521,2026-08-24T00:56:00.446Z,TRUE,"High outlier: ₹11521 > upper fence ₹9839 (Q3: ₹7853, IQR: ₹1324)",14:20,FALSE
fare_DEL-BOM_AI_2026-09-23_T+30_1787534246748_mn1d,DEL-BOM,EaseMyTrip,AI,AI-9674,2026-09-23,T+30,10116,2220,12336,2026-08-24T00:56:00.446Z,TRUE,"High outlier: ₹12336 > upper fence ₹9839 (Q3: ₹7853, IQR: ₹1324)",16:40,FALSE
fare_DEL-BOM_AI_2026-09-23_T+30_1787534246748_y4vh,DEL-BOM,EaseMyTrip,AI,AI-9759,2026-09-23,T+30,10800,2371,13171,2026-08-24T00:56:00.446Z,TRUE,"High outlier: ₹13171 > upper fence ₹9839 (Q3: ₹7853, IQR: ₹1324)",06:00,FALSE
fare_DEL-BOM_AI_2026-09-23_T+30_1787534246748_0bac,DEL-BOM,EaseMyTrip,AI,AI-9757,2026-09-23,T+30,11277,2476,13753,2026-08-24T00:56:00.446Z,TRUE,"High outlier: ₹13753 > upper fence ₹9839 (Q3: ₹7853, IQR: ₹1324)",11:50,FALSE
fare_DEL-BOM_AI_2026-09-23_T+30_1787534246748_ueeo,DEL-BOM,EaseMyTrip,AI,AI-809,2026-09-23,T+30,11509,2526,14035,2026-08-24T00:56:00.446Z,TRUE,"High outlier: ₹14035 > upper fence ₹9839 (Q3: ₹7853, IQR: ₹1324)",17:40,FALSE
fare_DEL-BOM_AI_2026-09-23_T+30_1787534246748_el3z,DEL-BOM,EaseMyTrip,AI,AI-2939,2026-09-23,T+30,11509,2526,14035,2026-08-24T00:56:00.446Z,TRUE,"High outlier: ₹14035 > upper fence ₹9839 (Q3: ₹7853, IQR: ₹1324)",16:40,FALSE
fare_DEL-BOM_IX_2026-09-23_T+30_1787534246748_1hn5,DEL-BOM,EaseMyTrip,IX,IX-1817,2026-09-23,T+30,11664,2560,14224,2026-08-24T00:56:00.446Z,TRUE,"High outlier: ₹14224 > upper fence ₹9839 (Q3: ₹7853, IQR: ₹1324)",19:30,FALSE
fare_DEL-BOM_IX_2026-09-23_T+30_1787534246748_hu64,DEL-BOM,EaseMyTrip,IX,IX-1049,2026-09-23,T+30,11664,2560,14224,2026-08-24T00:56:00.446Z,TRUE,"High outlier: ₹14224 > upper fence ₹9839 (Q3: ₹7853, IQR: ₹1324)",18:40,FALSE
fare_DEL-BOM_AI_2026-09-23_T+30_1787534246748_ryrc,DEL-BOM,EaseMyTrip,AI,AI-2509,2026-09-23,T+30,11858,2603,14461,2026-08-24T00:56:00.446Z,TRUE,"High outlier: ₹14461 > upper fence ₹9839 (Q3: ₹7853, IQR: ₹1324)",07:00,FALSE
fare_DEL-BOM_AI_2026-09-23_T+30_1787534246748_rx5y,DEL-BOM,EaseMyTrip,AI,AI-9584,2026-09-23,T+30,12348,2711,15059,2026-08-24T00:56:00.446Z,TRUE,"High outlier: ₹15059 > upper fence ₹9839 (Q3: ₹7853, IQR: ₹1324)",11:15,FALSE
fare_DEL-BOM_AI_2026-09-23_T+30_1787534246748_b0xg,DEL-BOM,EaseMyTrip,AI,AI-1743,2026-09-23,T+30,13065,2868,15933,2026-08-24T00:56:00.446Z,TRUE,"High outlier: ₹15933 > upper fence ₹9839 (Q3: ₹7853, IQR: ₹1324)",06:15,FALSE
fare_DEL-BOM_AI_2026-09-23_T+30_1787534246748_jkpi,DEL-BOM,EaseMyTrip,AI,AI-2601,2026-09-23,T+30,13065,2868,15933,2026-08-24T00:56:00.446Z,TRUE,"High outlier: ₹15933 > upper fence ₹9839 (Q3: ₹7853, IQR: ₹1324)",17:00,FALSE
fare_DEL-BOM_IX_2026-09-23_T+30_1787534246748_a0q3,DEL-BOM,EaseMyTrip,IX,IX-1108,2026-09-23,T+30,13653,2997,16650,2026-08-24T00:56:00.446Z,TRUE,"High outlier: ₹16650 > upper fence ₹9839 (Q3: ₹7853, IQR: ₹1324)",05:00,FALSE
fare_DEL-BOM_AI_2026-09-23_T+30_1787534246748_x7ny,DEL-BOM,EaseMyTrip,AI,AI-1773,2026-09-23,T+30,13815,3033,16848,2026-08-24T00:56:00.446Z,TRUE,"High outlier: ₹16848 > upper fence ₹9839 (Q3: ₹7853, IQR: ₹1324)",10:30,FALSE
fare_DEL-BOM_AI_2026-09-23_T+30_1787534246748_m06b,DEL-BOM,EaseMyTrip,AI,AI-2907,2026-09-23,T+30,13927,3057,16984,2026-08-24T00:56:00.446Z,TRUE,"High outlier: ₹16984 > upper fence ₹9839 (Q3: ₹7853, IQR: ₹1324)",12:00,FALSE
fare_DEL-BOM_IX_2026-09-23_T+30_1787534246748_zjth,DEL-BOM,EaseMyTrip,IX,IX-1068,2026-09-23,T+30,14342,3148,17490,2026-08-24T00:56:00.446Z,TRUE,"High outlier: ₹17490 > upper fence ₹9839 (Q3: ₹7853, IQR: ₹1324)",11:55,FALSE
fare_DEL-BOM_AI_2026-09-23_T+30_1787534246748_lmhy,DEL-BOM,EaseMyTrip,AI,AI-2577,2026-09-23,T+30,14577,3200,17777,2026-08-24T00:56:00.446Z,TRUE,"High outlier: ₹17777 > upper fence ₹9839 (Q3: ₹7853, IQR: ₹1324)",02:00,FALSE
fare_DEL-BOM_AI_2026-09-23_T+30_1787534246748_cbpy,DEL-BOM,EaseMyTrip,AI,AI-2859,2026-09-23,T+30,14577,3200,17777,2026-08-24T00:56:00.446Z,TRUE,"High outlier: ₹17777 > upper fence ₹9839 (Q3: ₹7853, IQR: ₹1324)",10:30,FALSE
fare_DEL-BOM_AI_2026-09-23_T+30_1787534246748_8d5s,DEL-BOM,EaseMyTrip,AI,AI-2465,2026-09-23,T+30,14880,3266,18146,2026-08-24T00:56:00.446Z,TRUE,"High outlier: ₹18146 > upper fence ₹9839 (Q3: ₹7853, IQR: ₹1324)",14:30,FALSE
fare_DEL-BOM_AI_2026-09-23_T+30_1787534246748_ftha,DEL-BOM,EaseMyTrip,AI,AI-2803,2026-09-23,T+30,16370,3593,19963,2026-08-24T00:56:00.446Z,TRUE,"High outlier: ₹19963 > upper fence ₹9839 (Q3: ₹7853, IQR: ₹1324)",06:30,FALSE
fare_DEL-BOM_AI_2026-09-23_T+30_1787534246748_m2sy,DEL-BOM,EaseMyTrip,AI,AI-2525,2026-09-23,T+30,18285,4014,22299,2026-08-24T00:56:00.446Z,TRUE,"High outlier: ₹22299 > upper fence ₹9839 (Q3: ₹7853, IQR: ₹1324)",06:00,FALSE
fare_DEL-BOM_AI_2026-09-23_T+30_1787534246748_do2z,DEL-BOM,EaseMyTrip,AI,AI-2483,2026-09-23,T+30,18285,4014,22299,2026-08-24T00:56:00.446Z,TRUE,"High outlier: ₹22299 > upper fence ₹9839 (Q3: ₹7853, IQR: ₹1324)",12:20,FALSE
fare_DEL-BOM_AI_2026-09-23_T+30_1787534246748_96fe,DEL-BOM,EaseMyTrip,AI,AI-1739,2026-09-23,T+30,19624,4308,23932,2026-08-24T00:56:00.446Z,TRUE,"High outlier: ₹23932 > upper fence ₹9839 (Q3: ₹7853, IQR: ₹1324)",11:30,FALSE
fare_DEL-BOM_AI_2026-09-23_T+30_1787534246748_vjex,DEL-BOM,EaseMyTrip,AI,AI-1779,2026-09-23,T+30,19933,4375,24308,2026-08-24T00:56:00.446Z,TRUE,"High outlier: ₹24308 > upper fence ₹9839 (Q3: ₹7853, IQR: ₹1324)",13:45,FALSE
fare_DEL-BOM_AI_2026-09-23_T+30_1787534246748_rpgq,DEL-BOM,EaseMyTrip,AI,AI-2627,2026-09-23,T+30,23105,5072,28177,2026-08-24T00:56:00.446Z,TRUE,"High outlier: ₹28177 > upper fence ₹9839 (Q3: ₹7853, IQR: ₹1324)",10:45,FALSE
fare_DEL-BOM_6E_2026-09-23_T+30_1787534246748_0cp6,DEL-BOM,EaseMyTrip,6E,6E-2496,2026-09-23,T+30,35047,7693,42740,2026-08-24T00:56:00.446Z,TRUE,"High outlier: ₹42740 > upper fence ₹9839 (Q3: ₹7853, IQR: ₹1324)",12:40,FALSE
fare_DEL-BOM_IX_2026-10-08_T+45_1787534246750_aoqy,DEL-BOM,EaseMyTrip,IX,IX-1165,2026-10-08,T+45,5077,1114,6191,2026-08-24T00:56:06.750Z,FALSE,"",06:00,FALSE
fare_DEL-BOM_QP_2026-10-08_T+45_1787534246750_rjba,DEL-BOM,EaseMyTrip,QP,QP-1820,2026-10-08,T+45,4985,1094,6079,2026-08-24T00:56:06.750Z,FALSE,"",17:30,TRUE
fare_DEL-BOM_QP_2026-10-08_T+45_1787534246750_tmme,DEL-BOM,EaseMyTrip,QP,QP-1826,2026-10-08,T+45,4985,1094,6079,2026-08-24T00:56:06.750Z,FALSE,"",19:55,TRUE
fare_DEL-BOM_6E_2026-10-08_T+45_1787534246750_lww0,DEL-BOM,EaseMyTrip,6E,6E-6706,2026-10-08,T+45,4985,1094,6079,2026-08-24T00:56:06.750Z,FALSE,"",17:00,TRUE
fare_DEL-BOM_6E_2026-10-08_T+45_1787534246750_xgqm,DEL-BOM,EaseMyTrip,6E,6E-698,2026-10-08,T+45,4985,1094,6079,2026-08-24T00:56:06.750Z,FALSE,"",15:30,TRUE
fare_DEL-BOM_6E_2026-10-08_T+45_1787534246750_dw3z,DEL-BOM,EaseMyTrip,6E,6E-307,2026-10-08,T+45,4985,1094,6079,2026-08-24T00:56:06.750Z,FALSE,"",15:30,TRUE
fare_DEL-BOM_6E_2026-10-08_T+45_1787534246750_o6gp,DEL-BOM,EaseMyTrip,6E,6E-601,2026-10-08,T+45,4985,1094,6079,2026-08-24T00:56:06.750Z,FALSE,"",08:45,TRUE
fare_DEL-BOM_6E_2026-10-08_T+45_1787534246750_q2rt,DEL-BOM,EaseMyTrip,6E,6E-533,2026-10-08,T+45,4985,1094,6079,2026-08-24T00:56:06.750Z,FALSE,"",08:45,TRUE
fare_DEL-BOM_QP_2026-10-08_T+45_1787534246750_owu7,DEL-BOM,EaseMyTrip,QP,QP-2018,2026-10-08,T+45,4995,1097,6092,2026-08-24T00:56:06.750Z,FALSE,"",11:00,TRUE
fare_DEL-BOM_SG_2026-10-08_T+45_1787534246750_76cb,DEL-BOM,EaseMyTrip,SG,SG-571,2026-10-08,T+45,5186,1138,6324,2026-08-24T00:56:06.750Z,FALSE,"",09:15,TRUE
fare_DEL-BOM_SG_2026-10-08_T+45_1787534246750_n61y,DEL-BOM,EaseMyTrip,SG,SG-778,2026-10-08,T+45,5186,1138,6324,2026-08-24T00:56:06.750Z,FALSE,"",09:15,TRUE
fare_DEL-BOM_SG_2026-10-08_T+45_1787534246750_bjdk,DEL-BOM,EaseMyTrip,SG,SG-743,2026-10-08,T+45,5186,1138,6324,2026-08-24T00:56:06.750Z,FALSE,"",14:45,TRUE
fare_DEL-BOM_SG_2026-10-08_T+45_1787534246750_depg,DEL-BOM,EaseMyTrip,SG,SG-174,2026-10-08,T+45,5186,1138,6324,2026-08-24T00:56:06.750Z,FALSE,"",14:45,TRUE
fare_DEL-BOM_SG_2026-10-08_T+45_1787534246750_50hs,DEL-BOM,EaseMyTrip,SG,SG-824,2026-10-08,T+45,5186,1138,6324,2026-08-24T00:56:06.750Z,FALSE,"",18:35,TRUE
fare_DEL-BOM_SG_2026-10-08_T+45_1787534246750_gf7b,DEL-BOM,EaseMyTrip,SG,SG-868,2026-10-08,T+45,5186,1138,6324,2026-08-24T00:56:06.750Z,FALSE,"",18:35,TRUE
fare_DEL-BOM_SG_2026-10-08_T+45_1787534246750_gj7g,DEL-BOM,EaseMyTrip,SG,SG-721,2026-10-08,T+45,5186,1138,6324,2026-08-24T00:56:06.750Z,FALSE,"",20:10,TRUE
fare_DEL-BOM_SG_2026-10-08_T+45_1787534246750_lcc0,DEL-BOM,EaseMyTrip,SG,SG-742,2026-10-08,T+45,5186,1138,6324,2026-08-24T00:56:06.750Z,FALSE,"",20:10,TRUE
fare_DEL-BOM_SG_2026-10-08_T+45_1787534246750_4vec,DEL-BOM,EaseMyTrip,SG,SG-154,2026-10-08,T+45,5186,1138,6324,2026-08-24T00:56:06.750Z,FALSE,"",22:30,TRUE
fare_DEL-BOM_SG_2026-10-08_T+45_1787534246750_y937,DEL-BOM,EaseMyTrip,SG,SG-132,2026-10-08,T+45,5186,1138,6324,2026-08-24T00:56:06.750Z,FALSE,"",22:30,TRUE
fare_DEL-BOM_6E_2026-10-08_T+45_1787534246750_cpke,DEL-BOM,EaseMyTrip,6E,6E-5073,2026-10-08,T+45,5067,1112,6179,2026-08-24T00:56:06.750Z,FALSE,"",17:05,FALSE
fare_DEL-BOM_6E_2026-10-08_T+45_1787534246750_6r3g,DEL-BOM,EaseMyTrip,6E,6E-6454,2026-10-08,T+45,5067,1112,6179,2026-08-24T00:56:06.750Z,FALSE,"",13:50,FALSE
fare_DEL-BOM_6E_2026-10-08_T+45_1787534246750_60o6,DEL-BOM,EaseMyTrip,6E,6E-5119,2026-10-08,T+45,5067,1112,6179,2026-08-24T00:56:06.750Z,FALSE,"",05:10,FALSE
fare_DEL-BOM_6E_2026-10-08_T+45_1787534246750_pv68,DEL-BOM,EaseMyTrip,6E,6E-2076,2026-10-08,T+45,5067,1112,6179,2026-08-24T00:56:06.750Z,FALSE,"",07:30,FALSE
fare_DEL-BOM_6E_2026-10-08_T+45_1787534246750_tom7,DEL-BOM,EaseMyTrip,6E,6E-437,2026-10-08,T+45,5067,1112,6179,2026-08-24T00:56:06.750Z,FALSE,"",19:30,FALSE
fare_DEL-BOM_6E_2026-10-08_T+45_1787534246750_sxkx,DEL-BOM,EaseMyTrip,6E,6E-209,2026-10-08,T+45,5067,1112,6179,2026-08-24T00:56:06.750Z,FALSE,"",19:30,FALSE
fare_DEL-BOM_6E_2026-10-08_T+45_1787534246750_xjjf,DEL-BOM,EaseMyTrip,6E,6E-6261,2026-10-08,T+45,5067,1112,6179,2026-08-24T00:56:06.750Z,FALSE,"",00:15,FALSE
fare_DEL-BOM_6E_2026-10-08_T+45_1787534246750_s2jb,DEL-BOM,EaseMyTrip,6E,6E-2013,2026-10-08,T+45,5067,1112,6179,2026-08-24T00:56:06.750Z,FALSE,"",21:50,FALSE
fare_DEL-BOM_6E_2026-10-08_T+45_1787534246750_cz4w,DEL-BOM,EaseMyTrip,6E,6E-6190,2026-10-08,T+45,5067,1112,6179,2026-08-24T00:56:06.750Z,FALSE,"",07:40,FALSE
fare_DEL-BOM_6E_2026-10-08_T+45_1787534246750_moq8,DEL-BOM,EaseMyTrip,6E,6E-2341,2026-10-08,T+45,5067,1112,6179,2026-08-24T00:56:06.750Z,FALSE,"",14:50,FALSE
fare_DEL-BOM_6E_2026-10-08_T+45_1787534246750_whur,DEL-BOM,EaseMyTrip,6E,6E-2331,2026-10-08,T+45,5067,1112,6179,2026-08-24T00:56:06.750Z,FALSE,"",12:20,FALSE
fare_DEL-BOM_6E_2026-10-08_T+45_1787534246750_vp44,DEL-BOM,EaseMyTrip,6E,6E-852,2026-10-08,T+45,5067,1112,6179,2026-08-24T00:56:06.750Z,FALSE,"",10:00,FALSE
fare_DEL-BOM_6E_2026-10-08_T+45_1787534246750_wrnk,DEL-BOM,EaseMyTrip,6E,6E-383,2026-10-08,T+45,5067,1112,6179,2026-08-24T00:56:06.750Z,FALSE,"",10:00,FALSE
fare_DEL-BOM_6E_2026-10-08_T+45_1787534246750_fyrn,DEL-BOM,EaseMyTrip,6E,6E-827,2026-10-08,T+45,5114,1122,6236,2026-08-24T00:56:06.750Z,FALSE,"",16:15,TRUE
fare_DEL-BOM_6E_2026-10-08_T+45_1787534246750_8ztm,DEL-BOM,EaseMyTrip,6E,6E-781,2026-10-08,T+45,5114,1122,6236,2026-08-24T00:56:06.750Z,FALSE,"",16:15,TRUE
fare_DEL-BOM_6E_2026-10-08_T+45_1787534246750_r60e,DEL-BOM,EaseMyTrip,6E,6E-6328,2026-10-08,T+45,5114,1122,6236,2026-08-24T00:56:06.750Z,FALSE,"",10:15,TRUE
fare_DEL-BOM_IX_2026-10-08_T+45_1787534246750_r72v,DEL-BOM,EaseMyTrip,IX,IX-1056,2026-10-08,T+45,5354,1175,6529,2026-08-24T00:56:06.750Z,FALSE,"",17:50,TRUE
fare_DEL-BOM_IX_2026-10-08_T+45_1787534246750_ns67,DEL-BOM,EaseMyTrip,IX,IX-1235,2026-10-08,T+45,5354,1175,6529,2026-08-24T00:56:06.750Z,FALSE,"",23:25,TRUE
fare_DEL-BOM_IX_2026-10-08_T+45_1787534246750_iccs,DEL-BOM,EaseMyTrip,IX,IX-1463,2026-10-08,T+45,5355,1175,6530,2026-08-24T00:56:06.750Z,FALSE,"",11:15,TRUE
fare_DEL-BOM_IX_2026-10-08_T+45_1787534246750_ol2e,DEL-BOM,EaseMyTrip,IX,IX-1038,2026-10-08,T+45,5355,1175,6530,2026-08-24T00:56:06.750Z,FALSE,"",17:35,TRUE
fare_DEL-BOM_IX_2026-10-08_T+45_1787534246750_9f9w,DEL-BOM,EaseMyTrip,IX,IX-1024,2026-10-08,T+45,5355,1175,6530,2026-08-24T00:56:06.750Z,FALSE,"",18:40,TRUE
fare_DEL-BOM_6E_2026-10-08_T+45_1787534246750_4u65,DEL-BOM,EaseMyTrip,6E,6E-2249,2026-10-08,T+45,5174,1136,6310,2026-08-24T00:56:06.750Z,FALSE,"",15:00,FALSE
fare_DEL-BOM_6E_2026-10-08_T+45_1787534246750_io0y,DEL-BOM,EaseMyTrip,6E,6E-6490,2026-10-08,T+45,5174,1136,6310,2026-08-24T00:56:06.750Z,FALSE,"",04:55,FALSE
fare_DEL-BOM_AI_2026-10-08_T+45_1787534246750_rzcu,DEL-BOM,EaseMyTrip,AI,AI-2678,2026-10-08,T+45,5371,1179,6550,2026-08-24T00:56:06.750Z,FALSE,"",08:30,TRUE
fare_DEL-BOM_AI_2026-10-08_T+45_1787534246750_n7ni,DEL-BOM,EaseMyTrip,AI,AI-2963,2026-10-08,T+45,5371,1179,6550,2026-08-24T00:56:06.750Z,FALSE,"",09:00,TRUE
fare_DEL-BOM_AI_2026-10-08_T+45_1787534246750_y2yp,DEL-BOM,EaseMyTrip,AI,AI-2975,2026-10-08,T+45,5371,1179,6550,2026-08-24T00:56:06.750Z,FALSE,"",06:30,TRUE
fare_DEL-BOM_AI_2026-10-08_T+45_1787534246750_a89x,DEL-BOM,EaseMyTrip,AI,AI-2425,2026-10-08,T+45,5371,1179,6550,2026-08-24T00:56:06.750Z,FALSE,"",10:30,TRUE
fare_DEL-BOM_AI_2026-10-08_T+45_1787534246750_8tws,DEL-BOM,EaseMyTrip,AI,AI-2951,2026-10-08,T+45,5371,1179,6550,2026-08-24T00:56:06.750Z,FALSE,"",13:30,TRUE
fare_DEL-BOM_AI_2026-10-08_T+45_1787534246750_z0gr,DEL-BOM,EaseMyTrip,AI,AI-2981,2026-10-08,T+45,5371,1179,6550,2026-08-24T00:56:06.750Z,FALSE,"",21:00,TRUE
fare_DEL-BOM_AI_2026-10-08_T+45_1787534246750_moh2,DEL-BOM,EaseMyTrip,AI,AI-1745,2026-10-08,T+45,5371,1179,6550,2026-08-24T00:56:06.750Z,FALSE,"",05:00,TRUE
fare_DEL-BOM_AI_2026-10-08_T+45_1787534246750_n9pg,DEL-BOM,EaseMyTrip,AI,AI-2429,2026-10-08,T+45,5371,1179,6550,2026-08-24T00:56:06.750Z,FALSE,"",07:00,TRUE
fare_DEL-BOM_AI_2026-10-08_T+45_1787534246750_z7f5,DEL-BOM,EaseMyTrip,AI,AI-2995,2026-10-08,T+45,5371,1179,6550,2026-08-24T00:56:06.750Z,FALSE,"",10:00,TRUE
fare_DEL-BOM_AI_2026-10-08_T+45_1787534246750_xpez,DEL-BOM,EaseMyTrip,AI,AI-2945,2026-10-08,T+45,5371,1179,6550,2026-08-24T00:56:06.750Z,FALSE,"",11:00,TRUE
fare_DEL-BOM_AI_2026-10-08_T+45_1787534246750_7hjs,DEL-BOM,EaseMyTrip,AI,AI-2441,2026-10-08,T+45,5371,1179,6550,2026-08-24T00:56:06.750Z,FALSE,"",14:10,TRUE
fare_DEL-BOM_AI_2026-10-08_T+45_1787534246750_f6yj,DEL-BOM,EaseMyTrip,AI,AI-2933,2026-10-08,T+45,5371,1179,6550,2026-08-24T00:56:06.750Z,FALSE,"",15:30,TRUE
fare_DEL-BOM_AI_2026-10-08_T+45_1787534246750_jvec,DEL-BOM,EaseMyTrip,AI,AI-441,2026-10-08,T+45,5371,1179,6550,2026-08-24T00:56:06.750Z,FALSE,"",17:00,TRUE
fare_DEL-BOM_AI_2026-10-08_T+45_1787534246750_s801,DEL-BOM,EaseMyTrip,AI,AI-2805,2026-10-08,T+45,5371,1179,6550,2026-08-24T00:56:06.750Z,FALSE,"",20:00,TRUE
fare_DEL-BOM_AI_2026-10-08_T+45_1787534246750_qzn3,DEL-BOM,EaseMyTrip,AI,AI-2999,2026-10-08,T+45,5371,1179,6550,2026-08-24T00:56:06.750Z,FALSE,"",22:00,TRUE
fare_DEL-BOM_AI_2026-10-08_T+45_1787534246750_t5o4,DEL-BOM,EaseMyTrip,AI,AI-2927,2026-10-08,T+45,5371,1179,6550,2026-08-24T00:56:06.750Z,FALSE,"",09:30,TRUE
fare_DEL-BOM_AI_2026-10-08_T+45_1787534246750_qtka,DEL-BOM,EaseMyTrip,AI,AI-2957,2026-10-08,T+45,5371,1179,6550,2026-08-24T00:56:06.750Z,FALSE,"",20:30,TRUE
fare_DEL-BOM_AI_2026-10-08_T+45_1787534246750_9h34,DEL-BOM,EaseMyTrip,AI,AI-1780,2026-10-08,T+45,5371,1179,6550,2026-08-24T00:56:06.750Z,FALSE,"",14:30,TRUE
fare_DEL-BOM_6E_2026-10-08_T+45_1787534246750_d77o,DEL-BOM,EaseMyTrip,6E,6E-647,2026-10-08,T+45,5239,1150,6389,2026-08-24T00:56:06.750Z,FALSE,"",16:30,FALSE
fare_DEL-BOM_6E_2026-10-08_T+45_1787534246750_uzfp,DEL-BOM,EaseMyTrip,6E,6E-248,2026-10-08,T+45,5239,1150,6389,2026-08-24T00:56:06.750Z,FALSE,"",16:30,FALSE
fare_DEL-BOM_6E_2026-10-08_T+45_1787534246750_77st,DEL-BOM,EaseMyTrip,6E,6E-6479,2026-10-08,T+45,5239,1150,6389,2026-08-24T00:56:06.750Z,FALSE,"",21:25,FALSE
fare_DEL-BOM_6E_2026-10-08_T+45_1787534246750_4bi7,DEL-BOM,EaseMyTrip,6E,6E-2113,2026-10-08,T+45,5239,1150,6389,2026-08-24T00:56:06.750Z,FALSE,"",13:20,FALSE
fare_DEL-BOM_6E_2026-10-08_T+45_1787534246750_nyhh,DEL-BOM,EaseMyTrip,6E,6E-5096,2026-10-08,T+45,5282,1160,6442,2026-08-24T00:56:06.750Z,FALSE,"",17:00,TRUE
fare_DEL-BOM_6E_2026-10-08_T+45_1787534246750_ddhk,DEL-BOM,EaseMyTrip,6E,6E-140,2026-10-08,T+45,5286,1160,6446,2026-08-24T00:56:06.750Z,FALSE,"",03:00,TRUE
fare_DEL-BOM_6E_2026-10-08_T+45_1787534246750_6nbn,DEL-BOM,EaseMyTrip,6E,6E-957,2026-10-08,T+45,5286,1160,6446,2026-08-24T00:56:06.750Z,FALSE,"",03:00,TRUE
fare_DEL-BOM_6E_2026-10-08_T+45_1787534246750_5xki,DEL-BOM,EaseMyTrip,6E,6E-6114,2026-10-08,T+45,5286,1160,6446,2026-08-24T00:56:06.750Z,FALSE,"",22:45,TRUE
fare_DEL-BOM_6E_2026-10-08_T+45_1787534246750_lcm0,DEL-BOM,EaseMyTrip,6E,6E-665,2026-10-08,T+45,5286,1160,6446,2026-08-24T00:56:06.750Z,FALSE,"",21:45,TRUE
fare_DEL-BOM_6E_2026-10-08_T+45_1787534246750_3z52,DEL-BOM,EaseMyTrip,6E,6E-118,2026-10-08,T+45,5286,1160,6446,2026-08-24T00:56:06.750Z,FALSE,"",21:45,TRUE
fare_DEL-BOM_6E_2026-10-08_T+45_1787534246750_d184,DEL-BOM,EaseMyTrip,6E,6E-225,2026-10-08,T+45,5286,1160,6446,2026-08-24T00:56:06.750Z,FALSE,"",20:45,TRUE
fare_DEL-BOM_6E_2026-10-08_T+45_1787534246750_cc3m,DEL-BOM,EaseMyTrip,6E,6E-758,2026-10-08,T+45,5286,1160,6446,2026-08-24T00:56:06.750Z,FALSE,"",20:45,TRUE
fare_DEL-BOM_6E_2026-10-08_T+45_1787534246750_2cmt,DEL-BOM,EaseMyTrip,6E,6E-954,2026-10-08,T+45,5286,1160,6446,2026-08-24T00:56:06.750Z,FALSE,"",20:00,TRUE
fare_DEL-BOM_6E_2026-10-08_T+45_1787534246750_xud7,DEL-BOM,EaseMyTrip,6E,6E-537,2026-10-08,T+45,5286,1160,6446,2026-08-24T00:56:06.750Z,FALSE,"",20:00,TRUE
fare_DEL-BOM_6E_2026-10-08_T+45_1787534246750_6yki,DEL-BOM,EaseMyTrip,6E,6E-499,2026-10-08,T+45,5286,1160,6446,2026-08-24T00:56:06.750Z,FALSE,"",18:00,TRUE
fare_DEL-BOM_6E_2026-10-08_T+45_1787534246750_w6ai,DEL-BOM,EaseMyTrip,6E,6E-539,2026-10-08,T+45,5286,1160,6446,2026-08-24T00:56:06.750Z,FALSE,"",18:00,TRUE
fare_DEL-BOM_6E_2026-10-08_T+45_1787534246750_c1zj,DEL-BOM,EaseMyTrip,6E,6E-6022,2026-10-08,T+45,5286,1160,6446,2026-08-24T00:56:06.750Z,FALSE,"",14:00,TRUE
fare_DEL-BOM_6E_2026-10-08_T+45_1787534246750_zhtu,DEL-BOM,EaseMyTrip,6E,6E-6318,2026-10-08,T+45,5286,1160,6446,2026-08-24T00:56:06.750Z,FALSE,"",14:45,TRUE
fare_DEL-BOM_6E_2026-10-08_T+45_1787534246750_ga52,DEL-BOM,EaseMyTrip,6E,6E-479,2026-10-08,T+45,5286,1160,6446,2026-08-24T00:56:06.750Z,FALSE,"",05:00,TRUE
fare_DEL-BOM_6E_2026-10-08_T+45_1787534246750_zpgu,DEL-BOM,EaseMyTrip,6E,6E-338,2026-10-08,T+45,5286,1160,6446,2026-08-24T00:56:06.750Z,FALSE,"",05:00,TRUE
fare_DEL-BOM_6E_2026-10-08_T+45_1787534246750_z6st,DEL-BOM,EaseMyTrip,6E,6E-6218,2026-10-08,T+45,5286,1160,6446,2026-08-24T00:56:06.750Z,FALSE,"",06:05,TRUE
fare_DEL-BOM_6E_2026-10-08_T+45_1787534246750_km9x,DEL-BOM,EaseMyTrip,6E,6E-6814,2026-10-08,T+45,5286,1160,6446,2026-08-24T00:56:06.750Z,FALSE,"",07:15,TRUE
fare_DEL-BOM_6E_2026-10-08_T+45_1787534246750_h07i,DEL-BOM,EaseMyTrip,6E,6E-618,2026-10-08,T+45,5286,1160,6446,2026-08-24T00:56:06.750Z,FALSE,"",08:00,TRUE
fare_DEL-BOM_6E_2026-10-08_T+45_1787534246750_u9w8,DEL-BOM,EaseMyTrip,6E,6E-804,2026-10-08,T+45,5286,1160,6446,2026-08-24T00:56:06.750Z,FALSE,"",08:00,TRUE
fare_DEL-BOM_6E_2026-10-08_T+45_1787534246750_8314,DEL-BOM,EaseMyTrip,6E,6E-6107,2026-10-08,T+45,5286,1160,6446,2026-08-24T00:56:06.750Z,FALSE,"",09:30,TRUE
fare_DEL-BOM_6E_2026-10-08_T+45_1787534246750_xjk3,DEL-BOM,EaseMyTrip,6E,6E-6047,2026-10-08,T+45,5286,1160,6446,2026-08-24T00:56:06.750Z,FALSE,"",11:00,TRUE
fare_DEL-BOM_6E_2026-10-08_T+45_1787534246750_ma5g,DEL-BOM,EaseMyTrip,6E,6E-6676,2026-10-08,T+45,5286,1160,6446,2026-08-24T00:56:06.750Z,FALSE,"",12:00,TRUE
fare_DEL-BOM_6E_2026-10-08_T+45_1787534246750_xjkc,DEL-BOM,EaseMyTrip,6E,6E-518,2026-10-08,T+45,5286,1160,6446,2026-08-24T00:56:06.750Z,FALSE,"",13:00,TRUE
fare_DEL-BOM_6E_2026-10-08_T+45_1787534246750_nbij,DEL-BOM,EaseMyTrip,6E,6E-130,2026-10-08,T+45,5286,1160,6446,2026-08-24T00:56:06.750Z,FALSE,"",13:00,TRUE
fare_DEL-BOM_AI_2026-10-08_T+45_1787534246750_elxt,DEL-BOM,EaseMyTrip,AI,AI-2985,2026-10-08,T+45,5501,1208,6709,2026-08-24T00:56:06.750Z,FALSE,"",19:30,TRUE
fare_DEL-BOM_AI_2026-10-08_T+45_1787534246750_gcts,DEL-BOM,EaseMyTrip,AI,AI-1777,2026-10-08,T+45,5501,1208,6709,2026-08-24T00:56:06.750Z,FALSE,"",16:00,TRUE
fare_DEL-BOM_AI_2026-10-08_T+45_1787534246750_ozvs,DEL-BOM,EaseMyTrip,AI,AI-2943,2026-10-08,T+45,5501,1208,6709,2026-08-24T00:56:06.750Z,FALSE,"",07:30,TRUE
fare_DEL-BOM_AI_2026-10-08_T+45_1787534246750_2bii,DEL-BOM,EaseMyTrip,AI,AI-1785,2026-10-08,T+45,5501,1208,6709,2026-08-24T00:56:06.750Z,FALSE,"",12:00,TRUE
fare_DEL-BOM_AI_2026-10-08_T+45_1787534246750_m0tr,DEL-BOM,EaseMyTrip,AI,AI-2433,2026-10-08,T+45,5501,1208,6709,2026-08-24T00:56:06.750Z,FALSE,"",21:30,TRUE
fare_DEL-BOM_6E_2026-10-08_T+45_1787534246750_n5ch,DEL-BOM,EaseMyTrip,6E,6E-488,2026-10-08,T+45,5346,1174,6520,2026-08-24T00:56:06.750Z,FALSE,"",17:55,FALSE
fare_DEL-BOM_6E_2026-10-08_T+45_1787534246750_rmib,DEL-BOM,EaseMyTrip,6E,6E-230,2026-10-08,T+45,5346,1174,6520,2026-08-24T00:56:06.750Z,FALSE,"",17:55,FALSE
fare_DEL-BOM_6E_2026-10-08_T+45_1787534246750_hilq,DEL-BOM,EaseMyTrip,6E,6E-6470,2026-10-08,T+45,5354,1175,6529,2026-08-24T00:56:06.750Z,FALSE,"",06:55,TRUE
fare_DEL-BOM_QP_2026-10-08_T+45_1787534246750_j8la,DEL-BOM,EaseMyTrip,QP,QP-1833,2026-10-08,T+45,5355,1175,6530,2026-08-24T00:56:06.750Z,FALSE,"",06:50,TRUE
fare_DEL-BOM_QP_2026-10-08_T+45_1787534246750_8l1c,DEL-BOM,EaseMyTrip,QP,QP-1110,2026-10-08,T+45,5355,1175,6530,2026-08-24T00:56:06.750Z,FALSE,"",10:00,TRUE
fare_DEL-BOM_QP_2026-10-08_T+45_1787534246750_85h0,DEL-BOM,EaseMyTrip,QP,QP-1128,2026-10-08,T+45,5355,1175,6530,2026-08-24T00:56:06.750Z,FALSE,"",16:00,TRUE
fare_DEL-BOM_QP_2026-10-08_T+45_1787534246750_k09b,DEL-BOM,EaseMyTrip,QP,QP-1119,2026-10-08,T+45,5355,1175,6530,2026-08-24T00:56:06.750Z,FALSE,"",08:40,TRUE
fare_DEL-BOM_QP_2026-10-08_T+45_1787534246750_mccd,DEL-BOM,EaseMyTrip,QP,QP-2012,2026-10-08,T+45,5416,1189,6605,2026-08-24T00:56:06.750Z,FALSE,"",08:55,TRUE
fare_DEL-BOM_6E_2026-10-08_T+45_1787534246750_yyho,DEL-BOM,EaseMyTrip,6E,6E-7646,2026-10-08,T+45,5416,1189,6605,2026-08-24T00:56:06.750Z,FALSE,"",06:15,FALSE
fare_DEL-BOM_6E_2026-10-08_T+45_1787534246750_5d1a,DEL-BOM,EaseMyTrip,6E,6E-7642,2026-10-08,T+45,5416,1189,6605,2026-08-24T00:56:06.750Z,FALSE,"",15:45,FALSE
fare_DEL-BOM_AI_2026-10-08_T+45_1787534246750_6rhs,DEL-BOM,EaseMyTrip,AI,AI-2439,2026-10-08,T+45,5589,1227,6816,2026-08-24T00:56:06.750Z,FALSE,"",23:00,TRUE
fare_DEL-BOM_6E_2026-10-08_T+45_1787534246750_64h7,DEL-BOM,EaseMyTrip,6E,6E-5014,2026-10-08,T+45,5460,1199,6659,2026-08-24T00:56:06.750Z,FALSE,"",18:30,FALSE
fare_DEL-BOM_6E_2026-10-08_T+45_1787534246750_jxqx,DEL-BOM,EaseMyTrip,6E,6E-6171,2026-10-08,T+45,5460,1199,6659,2026-08-24T00:56:06.750Z,FALSE,"",05:40,FALSE
fare_DEL-BOM_6E_2026-10-08_T+45_1787534246750_nnrj,DEL-BOM,EaseMyTrip,6E,6E-523,2026-10-08,T+45,5501,1208,6709,2026-08-24T00:56:06.750Z,FALSE,"",23:30,TRUE
fare_DEL-BOM_6E_2026-10-08_T+45_1787534246750_rtrn,DEL-BOM,EaseMyTrip,6E,6E-922,2026-10-08,T+45,5501,1208,6709,2026-08-24T00:56:06.750Z,FALSE,"",23:30,TRUE
fare_DEL-BOM_6E_2026-10-08_T+45_1787534246750_ofii,DEL-BOM,EaseMyTrip,6E,6E-762,2026-10-08,T+45,5501,1208,6709,2026-08-24T00:56:06.750Z,FALSE,"",19:00,TRUE
fare_DEL-BOM_6E_2026-10-08_T+45_1787534246750_yb43,DEL-BOM,EaseMyTrip,6E,6E-127,2026-10-08,T+45,5501,1208,6709,2026-08-24T00:56:06.750Z,FALSE,"",19:00,TRUE
fare_DEL-BOM_AI_2026-10-08_T+45_1787534246750_p3yh,DEL-BOM,EaseMyTrip,AI,AI-2955,2026-10-08,T+45,5720,1256,6976,2026-08-24T00:56:06.750Z,FALSE,"",18:00,TRUE
fare_DEL-BOM_6E_2026-10-08_T+45_1787534246750_hkx6,DEL-BOM,EaseMyTrip,6E,6E-2169,2026-10-08,T+45,5569,1222,6791,2026-08-24T00:56:06.750Z,FALSE,"",19:40,FALSE
fare_DEL-BOM_6E_2026-10-08_T+45_1787534246750_0a3n,DEL-BOM,EaseMyTrip,6E,6E-6829,2026-10-08,T+45,5569,1222,6791,2026-08-24T00:56:06.750Z,FALSE,"",17:20,FALSE
fare_DEL-BOM_6E_2026-10-08_T+45_1787534246750_20js,DEL-BOM,EaseMyTrip,6E,6E-6433,2026-10-08,T+45,5569,1222,6791,2026-08-24T00:56:06.750Z,FALSE,"",16:30,FALSE
fare_DEL-BOM_6E_2026-10-08_T+45_1787534246750_hvm3,DEL-BOM,EaseMyTrip,6E,6E-5138,2026-10-08,T+45,5569,1222,6791,2026-08-24T00:56:06.750Z,FALSE,"",19:10,FALSE
fare_DEL-BOM_6E_2026-10-08_T+45_1787534246750_jaye,DEL-BOM,EaseMyTrip,6E,6E-6459,2026-10-08,T+45,5569,1222,6791,2026-08-24T00:56:06.750Z,FALSE,"",05:55,FALSE
fare_DEL-BOM_6E_2026-10-08_T+45_1787534246750_acfc,DEL-BOM,EaseMyTrip,6E,6E-6050,2026-10-08,T+45,5633,1236,6869,2026-08-24T00:56:06.750Z,FALSE,"",08:15,FALSE
fare_DEL-BOM_6E_2026-10-08_T+45_1787534246750_afki,DEL-BOM,EaseMyTrip,6E,6E-6983,2026-10-08,T+45,5893,1294,7187,2026-08-24T00:56:06.750Z,FALSE,"",15:35,FALSE
fare_DEL-BOM_6E_2026-10-08_T+45_1787534246750_sfn3,DEL-BOM,EaseMyTrip,6E,6E-309,2026-10-08,T+45,5914,1298,7212,2026-08-24T00:56:06.750Z,FALSE,"",20:20,TRUE
fare_DEL-BOM_6E_2026-10-08_T+45_1787534246750_yadv,DEL-BOM,EaseMyTrip,6E,6E-867,2026-10-08,T+45,5914,1298,7212,2026-08-24T00:56:06.750Z,FALSE,"",20:20,TRUE
fare_DEL-BOM_6E_2026-10-08_T+45_1787534246750_1kav,DEL-BOM,EaseMyTrip,6E,6E-2571,2026-10-08,T+45,5935,1303,7238,2026-08-24T00:56:06.750Z,FALSE,"",12:30,FALSE
fare_DEL-BOM_6E_2026-10-08_T+45_1787534246750_o3zk,DEL-BOM,EaseMyTrip,6E,6E-6443,2026-10-08,T+45,6001,1317,7318,2026-08-24T00:56:06.750Z,FALSE,"",09:00,FALSE
fare_DEL-BOM_6E_2026-10-08_T+45_1787534246750_njk8,DEL-BOM,EaseMyTrip,6E,6E-5298,2026-10-08,T+45,6066,1331,7397,2026-08-24T00:56:06.750Z,FALSE,"",09:00,FALSE
fare_DEL-BOM_6E_2026-10-08_T+45_1787534246750_jnzt,DEL-BOM,EaseMyTrip,6E,6E-6601,2026-10-08,T+45,6173,1355,7528,2026-08-24T00:56:06.750Z,FALSE,"",19:45,FALSE
fare_DEL-BOM_6E_2026-10-08_T+45_1787534246750_lcvc,DEL-BOM,EaseMyTrip,6E,6E-2381,2026-10-08,T+45,6173,1355,7528,2026-08-24T00:56:06.750Z,FALSE,"",13:45,FALSE
fare_DEL-BOM_6E_2026-10-08_T+45_1787534246750_59mm,DEL-BOM,EaseMyTrip,6E,6E-6026,2026-10-08,T+45,6173,1355,7528,2026-08-24T00:56:06.750Z,FALSE,"",05:30,FALSE
fare_DEL-BOM_6E_2026-10-08_T+45_1787534246750_8x4g,DEL-BOM,EaseMyTrip,6E,6E-117,2026-10-08,T+45,6173,1355,7528,2026-08-24T00:56:06.750Z,FALSE,"",02:25,FALSE
fare_DEL-BOM_6E_2026-10-08_T+45_1787534246750_0cys,DEL-BOM,EaseMyTrip,6E,6E-823,2026-10-08,T+45,6173,1355,7528,2026-08-24T00:56:06.750Z,FALSE,"",02:25,FALSE
fare_DEL-BOM_6E_2026-10-08_T+45_1787534246750_tg5w,DEL-BOM,EaseMyTrip,6E,6E-295,2026-10-08,T+45,6173,1355,7528,2026-08-24T00:56:06.750Z,FALSE,"",08:30,FALSE
fare_DEL-BOM_6E_2026-10-08_T+45_1787534246750_81fo,DEL-BOM,EaseMyTrip,6E,6E-223,2026-10-08,T+45,6173,1355,7528,2026-08-24T00:56:06.750Z,FALSE,"",08:30,FALSE
fare_DEL-BOM_6E_2026-10-08_T+45_1787534246750_l04g,DEL-BOM,EaseMyTrip,6E,6E-6282,2026-10-08,T+45,6173,1355,7528,2026-08-24T00:56:06.750Z,FALSE,"",13:30,FALSE
fare_DEL-BOM_6E_2026-10-08_T+45_1787534246750_gv5n,DEL-BOM,EaseMyTrip,6E,6E-133,2026-10-08,T+45,6173,1355,7528,2026-08-24T00:56:06.750Z,FALSE,"",23:15,FALSE
fare_DEL-BOM_6E_2026-10-08_T+45_1787534246750_i5bs,DEL-BOM,EaseMyTrip,6E,6E-403,2026-10-08,T+45,6173,1355,7528,2026-08-24T00:56:06.750Z,FALSE,"",23:15,FALSE
fare_DEL-BOM_IX_2026-10-08_T+45_1787534246750_u75o,DEL-BOM,EaseMyTrip,IX,IX-1051,2026-10-08,T+45,6528,1433,7961,2026-08-24T00:56:06.750Z,FALSE,"",19:05,FALSE
fare_DEL-BOM_AI_2026-10-08_T+45_1787534246750_mlph,DEL-BOM,EaseMyTrip,AI,AI-2977,2026-10-08,T+45,6547,1437,7984,2026-08-24T00:56:06.750Z,FALSE,"",19:00,TRUE
fare_DEL-BOM_6E_2026-10-08_T+45_1787534246750_09if,DEL-BOM,EaseMyTrip,6E,6E-5198,2026-10-08,T+45,6503,1428,7931,2026-08-24T00:56:06.750Z,FALSE,"",15:00,TRUE
fare_DEL-BOM_6E_2026-10-08_T+45_1787534246750_ha9s,DEL-BOM,EaseMyTrip,6E,6E-5038,2026-10-08,T+45,6541,1436,7977,2026-08-24T00:56:06.750Z,FALSE,"",14:00,FALSE
fare_DEL-BOM_6E_2026-10-08_T+45_1787534246750_nuw5,DEL-BOM,EaseMyTrip,6E,6E-6212,2026-10-08,T+45,6649,1459,8108,2026-08-24T00:56:06.750Z,FALSE,"",14:45,FALSE
fare_DEL-BOM_6E_2026-10-08_T+45_1787534246750_zn6h,DEL-BOM,EaseMyTrip,6E,6E-2349,2026-10-08,T+45,7526,1652,9178,2026-08-24T00:56:06.750Z,FALSE,"",10:55,FALSE
fare_DEL-BOM_IX_2026-10-08_T+45_1787534246750_gx7b,DEL-BOM,EaseMyTrip,IX,IX-1082,2026-10-08,T+45,7865,1726,9591,2026-08-24T00:56:06.750Z,FALSE,"",21:25,FALSE
fare_DEL-BOM_IX_2026-10-08_T+45_1787534246750_ecjd,DEL-BOM,EaseMyTrip,IX,IX-1817,2026-10-08,T+45,7865,1726,9591,2026-08-24T00:56:06.750Z,FALSE,"",19:30,FALSE
fare_DEL-BOM_IX_2026-10-08_T+45_1787534246750_dvvn,DEL-BOM,EaseMyTrip,IX,IX-1783,2026-10-08,T+45,7865,1726,9591,2026-08-24T00:56:06.750Z,FALSE,"",07:20,FALSE
fare_DEL-BOM_IX_2026-10-08_T+45_1787534246750_3j5d,DEL-BOM,EaseMyTrip,IX,IX-1049,2026-10-08,T+45,7865,1726,9591,2026-08-24T00:56:06.750Z,FALSE,"",18:40,FALSE
fare_DEL-BOM_IX_2026-10-08_T+45_1787534246750_lf3t,DEL-BOM,EaseMyTrip,IX,IX-1057,2026-10-08,T+45,7865,1726,9591,2026-08-24T00:56:06.750Z,FALSE,"",06:20,FALSE
fare_DEL-BOM_IX_2026-10-08_T+45_1787534246750_xwvl,DEL-BOM,EaseMyTrip,IX,IX-2749,2026-10-08,T+45,8011,1759,9770,2026-08-24T00:56:06.750Z,FALSE,"",10:25,FALSE
fare_DEL-BOM_IX_2026-10-08_T+45_1787534246750_gxl2,DEL-BOM,EaseMyTrip,IX,IX-1070,2026-10-08,T+45,8011,1759,9770,2026-08-24T00:56:06.750Z,FALSE,"",21:15,FALSE
fare_DEL-BOM_IX_2026-10-08_T+45_1787534246750_r1l6,DEL-BOM,EaseMyTrip,IX,IX-5975,2026-10-08,T+45,8011,1759,9770,2026-08-24T00:56:06.750Z,FALSE,"",21:00,FALSE
fare_DEL-BOM_AI_2026-10-08_T+45_1787534246750_3k85,DEL-BOM,EaseMyTrip,AI,AI-2761,2026-10-08,T+45,8673,1904,10577,2026-08-24T00:56:06.750Z,FALSE,"",16:25,FALSE
fare_DEL-BOM_IX_2026-10-08_T+45_1787534246750_pdc2,DEL-BOM,EaseMyTrip,IX,IX-1068,2026-10-08,T+45,9505,2087,11592,2026-08-24T00:56:06.750Z,FALSE,"",11:55,FALSE
fare_DEL-BOM_IX_2026-10-08_T+45_1787534246750_ks07,DEL-BOM,EaseMyTrip,IX,IX-1108,2026-10-08,T+45,9505,2087,11592,2026-08-24T00:56:06.750Z,FALSE,"",05:00,FALSE
fare_DEL-BOM_AI_2026-10-08_T+45_1787534246750_7mwc,DEL-BOM,EaseMyTrip,AI,AI-2569,2026-10-08,T+45,9447,2074,11521,2026-08-24T00:56:06.750Z,FALSE,"",20:30,FALSE
fare_DEL-BOM_AI_2026-10-08_T+45_1787534246750_dv1r,DEL-BOM,EaseMyTrip,AI,AI-1710,2026-10-08,T+45,9447,2074,11521,2026-08-24T00:56:06.750Z,FALSE,"",18:35,FALSE
fare_DEL-BOM_6E_2026-10-08_T+45_1787534246750_48xu,DEL-BOM,EaseMyTrip,6E,6E-794,2026-10-08,T+45,9334,2049,11383,2026-08-24T00:56:06.750Z,FALSE,"",19:30,FALSE
fare_DEL-BOM_6E_2026-10-08_T+45_1787534246750_c9xx,DEL-BOM,EaseMyTrip,6E,6E-267,2026-10-08,T+45,9334,2049,11383,2026-08-24T00:56:06.750Z,FALSE,"",19:30,FALSE
fare_DEL-BOM_AI_2026-10-08_T+45_1787534246750_qsgt,DEL-BOM,EaseMyTrip,AI,AI-1719,2026-10-08,T+45,9905,2174,12079,2026-08-24T00:56:06.750Z,FALSE,"",11:55,FALSE
fare_DEL-BOM_AI_2026-10-08_T+45_1787534246750_axao,DEL-BOM,EaseMyTrip,AI,AI-1705,2026-10-08,T+45,10030,2202,12232,2026-08-24T00:56:06.750Z,FALSE,"",06:30,FALSE
fare_DEL-BOM_AI_2026-10-08_T+45_1787534246750_995i,DEL-BOM,EaseMyTrip,AI,AI-2715,2026-10-08,T+45,11417,2506,13923,2026-08-24T00:56:06.750Z,TRUE,"High outlier: ₹13923 > upper fence ₹13794 (Q3: ₹9385, IQR: ₹2939)",11:40,FALSE
fare_DEL-BOM_AI_2026-10-08_T+45_1787534246750_8nm9,DEL-BOM,EaseMyTrip,AI,AI-2959,2026-10-08,T+45,11417,2506,13923,2026-08-24T00:56:06.750Z,TRUE,"High outlier: ₹13923 > upper fence ₹13794 (Q3: ₹9385, IQR: ₹2939)",07:10,FALSE
fare_DEL-BOM_AI_2026-10-08_T+45_1787534246750_ceyg,DEL-BOM,EaseMyTrip,AI,AI-423,2026-10-08,T+45,11417,2506,13923,2026-08-24T00:56:06.750Z,TRUE,"High outlier: ₹13923 > upper fence ₹13794 (Q3: ₹9385, IQR: ₹2939)",09:50,FALSE
fare_DEL-BOM_AI_2026-10-08_T+45_1787534246750_4okq,DEL-BOM,EaseMyTrip,AI,AI-2909,2026-10-08,T+45,11417,2506,13923,2026-08-24T00:56:06.750Z,TRUE,"High outlier: ₹13923 > upper fence ₹13794 (Q3: ₹9385, IQR: ₹2939)",22:30,FALSE
fare_DEL-BOM_AI_2026-10-08_T+45_1787534246750_i4p2,DEL-BOM,EaseMyTrip,AI,AI-2545,2026-10-08,T+45,11417,2506,13923,2026-08-24T00:56:06.750Z,TRUE,"High outlier: ₹13923 > upper fence ₹13794 (Q3: ₹9385, IQR: ₹2939)",20:30,FALSE
fare_DEL-BOM_AI_2026-10-08_T+45_1787534246750_5p63,DEL-BOM,EaseMyTrip,AI,AI-809,2026-10-08,T+45,11509,2526,14035,2026-08-24T00:56:06.750Z,TRUE,"High outlier: ₹14035 > upper fence ₹13794 (Q3: ₹9385, IQR: ₹2939)",17:40,FALSE
fare_DEL-BOM_AI_2026-10-08_T+45_1787534246750_bzq1,DEL-BOM,EaseMyTrip,AI,AI-817,2026-10-08,T+45,11694,2567,14261,2026-08-24T00:56:06.750Z,TRUE,"High outlier: ₹14261 > upper fence ₹13794 (Q3: ₹9385, IQR: ₹2939)",05:55,FALSE
fare_DEL-BOM_IX_2026-10-08_T+45_1787534246750_541r,DEL-BOM,EaseMyTrip,IX,IX-1059,2026-10-08,T+45,12412,2725,15137,2026-08-24T00:56:06.750Z,TRUE,"High outlier: ₹15137 > upper fence ₹13794 (Q3: ₹9385, IQR: ₹2939)",12:15,FALSE
fare_DEL-BOM_IX_2026-10-08_T+45_1787534246750_z39o,DEL-BOM,EaseMyTrip,IX,IX-1064,2026-10-08,T+45,12412,2725,15137,2026-08-24T00:56:06.750Z,TRUE,"High outlier: ₹15137 > upper fence ₹13794 (Q3: ₹9385, IQR: ₹2939)",19:10,FALSE
fare_DEL-BOM_AI_2026-10-08_T+45_1787534246750_h701,DEL-BOM,EaseMyTrip,AI,AI-9584,2026-10-08,T+45,12348,2711,15059,2026-08-24T00:56:06.750Z,TRUE,"High outlier: ₹15059 > upper fence ₹13794 (Q3: ₹9385, IQR: ₹2939)",11:15,FALSE
fare_DEL-BOM_AI_2026-10-08_T+45_1787534246750_im9l,DEL-BOM,EaseMyTrip,AI,AI-9418,2026-10-08,T+45,12594,2765,15359,2026-08-24T00:56:06.750Z,TRUE,"High outlier: ₹15359 > upper fence ₹13794 (Q3: ₹9385, IQR: ₹2939)",13:10,FALSE
fare_DEL-BOM_QP_2026-10-08_T+45_1787534246750_t0lv,DEL-BOM,EaseMyTrip,QP,QP-1526,2026-10-08,T+45,12649,2776,15425,2026-08-24T00:56:06.750Z,TRUE,"High outlier: ₹15425 > upper fence ₹13794 (Q3: ₹9385, IQR: ₹2939)",16:30,FALSE
fare_DEL-BOM_AI_2026-10-08_T+45_1787534246750_2kwe,DEL-BOM,EaseMyTrip,AI,AI-1743,2026-10-08,T+45,13065,2868,15933,2026-08-24T00:56:06.750Z,TRUE,"High outlier: ₹15933 > upper fence ₹13794 (Q3: ₹9385, IQR: ₹2939)",06:15,FALSE
fare_DEL-BOM_AI_2026-10-08_T+45_1787534246750_y1jw,DEL-BOM,EaseMyTrip,AI,AI-2499,2026-10-08,T+45,13515,2967,16482,2026-08-24T00:56:06.750Z,TRUE,"High outlier: ₹16482 > upper fence ₹13794 (Q3: ₹9385, IQR: ₹2939)",06:00,FALSE
fare_DEL-BOM_AI_2026-10-08_T+45_1787534246750_7q5m,DEL-BOM,EaseMyTrip,AI,AI-1773,2026-10-08,T+45,13815,3033,16848,2026-08-24T00:56:06.750Z,TRUE,"High outlier: ₹16848 > upper fence ₹13794 (Q3: ₹9385, IQR: ₹2939)",10:30,FALSE
fare_DEL-BOM_6E_2026-10-08_T+45_1787534246750_2q3x,DEL-BOM,EaseMyTrip,6E,6E-915,2026-10-08,T+45,13742,3016,16758,2026-08-24T00:56:06.750Z,TRUE,"High outlier: ₹16758 > upper fence ₹13794 (Q3: ₹9385, IQR: ₹2939)",12:10,FALSE
fare_DEL-BOM_6E_2026-10-08_T+45_1787534246750_btph,DEL-BOM,EaseMyTrip,6E,6E-232,2026-10-08,T+45,13742,3016,16758,2026-08-24T00:56:06.750Z,TRUE,"High outlier: ₹16758 > upper fence ₹13794 (Q3: ₹9385, IQR: ₹2939)",12:10,FALSE
fare_DEL-BOM_AI_2026-10-08_T+45_1787534246750_1nh6,DEL-BOM,EaseMyTrip,AI,AI-9757,2026-10-08,T+45,14115,3098,17213,2026-08-24T00:56:06.750Z,TRUE,"High outlier: ₹17213 > upper fence ₹13794 (Q3: ₹9385, IQR: ₹2939)",11:50,FALSE
fare_DEL-BOM_AI_2026-10-08_T+45_1787534246750_z0kl,DEL-BOM,EaseMyTrip,AI,AI-2577,2026-10-08,T+45,14577,3200,17777,2026-08-24T00:56:06.750Z,TRUE,"High outlier: ₹17777 > upper fence ₹13794 (Q3: ₹9385, IQR: ₹2939)",02:00,FALSE
fare_DEL-BOM_AI_2026-10-08_T+45_1787534246750_zjdc,DEL-BOM,EaseMyTrip,AI,AI-2859,2026-10-08,T+45,14577,3200,17777,2026-08-24T00:56:06.750Z,TRUE,"High outlier: ₹17777 > upper fence ₹13794 (Q3: ₹9385, IQR: ₹2939)",10:30,FALSE
fare_DEL-BOM_AI_2026-10-08_T+45_1787534246750_wn66,DEL-BOM,EaseMyTrip,AI,AI-9920,2026-10-08,T+45,14808,3251,18059,2026-08-24T00:56:06.750Z,TRUE,"High outlier: ₹18059 > upper fence ₹13794 (Q3: ₹9385, IQR: ₹2939)",10:50,FALSE
fare_DEL-BOM_AI_2026-10-08_T+45_1787534246750_94iy,DEL-BOM,EaseMyTrip,AI,AI-2465,2026-10-08,T+45,14880,3266,18146,2026-08-24T00:56:06.750Z,TRUE,"High outlier: ₹18146 > upper fence ₹13794 (Q3: ₹9385, IQR: ₹2939)",14:30,FALSE
fare_DEL-BOM_AI_2026-10-08_T+45_1787534246750_1ezt,DEL-BOM,EaseMyTrip,AI,AI-2907,2026-10-08,T+45,15051,3304,18355,2026-08-24T00:56:06.750Z,TRUE,"High outlier: ₹18355 > upper fence ₹13794 (Q3: ₹9385, IQR: ₹2939)",12:00,FALSE
fare_DEL-BOM_AI_2026-10-08_T+45_1787534246750_ri07,DEL-BOM,EaseMyTrip,AI,AI-427,2026-10-08,T+45,16483,3618,20101,2026-08-24T00:56:06.750Z,TRUE,"High outlier: ₹20101 > upper fence ₹13794 (Q3: ₹9385, IQR: ₹2939)",08:30,FALSE
fare_DEL-BOM_AI_2026-10-08_T+45_1787534246750_yasc,DEL-BOM,EaseMyTrip,AI,AI-2653,2026-10-08,T+45,16735,3674,20409,2026-08-24T00:56:06.750Z,TRUE,"High outlier: ₹20409 > upper fence ₹13794 (Q3: ₹9385, IQR: ₹2939)",04:30,FALSE
fare_DEL-BOM_AI_2026-10-08_T+45_1787534246750_8hb7,DEL-BOM,EaseMyTrip,AI,AI-1739,2026-10-08,T+45,17408,3821,21229,2026-08-24T00:56:06.750Z,TRUE,"High outlier: ₹21229 > upper fence ₹13794 (Q3: ₹9385, IQR: ₹2939)",11:30,FALSE
fare_DEL-BOM_AI_2026-10-08_T+45_1787534246750_4kvv,DEL-BOM,EaseMyTrip,AI,AI-2513,2026-10-08,T+45,17451,3831,21282,2026-08-24T00:56:06.750Z,TRUE,"High outlier: ₹21282 > upper fence ₹13794 (Q3: ₹9385, IQR: ₹2939)",12:10,FALSE
fare_DEL-BOM_AI_2026-10-08_T+45_1787534246750_7he0,DEL-BOM,EaseMyTrip,AI,AI-2525,2026-10-08,T+45,18285,4014,22299,2026-08-24T00:56:06.750Z,TRUE,"High outlier: ₹22299 > upper fence ₹13794 (Q3: ₹9385, IQR: ₹2939)",06:00,FALSE
fare_DEL-BOM_AI_2026-10-08_T+45_1787534246750_a2jx,DEL-BOM,EaseMyTrip,AI,AI-2509,2026-10-08,T+45,20369,4471,24840,2026-08-24T00:56:06.750Z,TRUE,"High outlier: ₹24840 > upper fence ₹13794 (Q3: ₹9385, IQR: ₹2939)",07:00,FALSE
fare_DEL-BOM_AI_2026-10-08_T+45_1787534246750_2y3c,DEL-BOM,EaseMyTrip,AI,AI-2627,2026-10-08,T+45,23105,5072,28177,2026-08-24T00:56:06.750Z,TRUE,"High outlier: ₹28177 > upper fence ₹13794 (Q3: ₹9385, IQR: ₹2939)",10:45,FALSE