id,route_id,source,carrier,flight_number,flight_date,booking_window,base_fare,taxes,total_fare,scraped_at,is_outlier,outlier_reason,departure_time,is_nonstop
fare_BOM-DEL_SG_2026-09-10_T+15_1787707096937_vf2o,BOM-DEL,EaseMyTrip,SG,SG-557,2026-09-10,T+15,5231,1148,6379,2026-08-26T00:57:18.728Z,FALSE,"",01:50,TRUE
fare_BOM-DEL_SG_2026-09-10_T+15_1787707096937_q9lo,BOM-DEL,EaseMyTrip,SG,SG-427,2026-09-10,T+15,5231,1148,6379,2026-08-26T00:57:18.728Z,FALSE,"",01:50,TRUE
fare_BOM-DEL_SG_2026-09-10_T+15_1787707096937_uv4z,BOM-DEL,EaseMyTrip,SG,SG-239,2026-09-10,T+15,5231,1148,6379,2026-08-26T00:57:18.728Z,FALSE,"",06:25,TRUE
fare_BOM-DEL_SG_2026-09-10_T+15_1787707096937_nqxg,BOM-DEL,EaseMyTrip,SG,SG-364,2026-09-10,T+15,5231,1148,6379,2026-08-26T00:57:18.728Z,FALSE,"",06:25,TRUE
fare_BOM-DEL_SG_2026-09-10_T+15_1787707096937_8tze,BOM-DEL,EaseMyTrip,SG,SG-9401,2026-09-10,T+15,5231,1148,6379,2026-08-26T00:57:18.728Z,FALSE,"",09:50,TRUE
fare_BOM-DEL_SG_2026-09-10_T+15_1787707096937_352j,BOM-DEL,EaseMyTrip,SG,SG-556,2026-09-10,T+15,5231,1148,6379,2026-08-26T00:57:18.728Z,FALSE,"",17:55,TRUE
fare_BOM-DEL_SG_2026-09-10_T+15_1787707096937_xrct,BOM-DEL,EaseMyTrip,SG,SG-862,2026-09-10,T+15,5231,1148,6379,2026-08-26T00:57:18.728Z,FALSE,"",17:55,TRUE
fare_BOM-DEL_SG_2026-09-10_T+15_1787707096937_wr4f,BOM-DEL,EaseMyTrip,SG,SG-749,2026-09-10,T+15,5231,1148,6379,2026-08-26T00:57:18.728Z,FALSE,"",23:25,TRUE
fare_BOM-DEL_SG_2026-09-10_T+15_1787707096937_ss9d,BOM-DEL,EaseMyTrip,SG,SG-850,2026-09-10,T+15,5231,1148,6379,2026-08-26T00:57:18.728Z,FALSE,"",23:25,TRUE
fare_BOM-DEL_6E_2026-09-10_T+15_1787707096937_96zh,BOM-DEL,EaseMyTrip,6E,6E-6599,2026-09-10,T+15,5145,1129,6274,2026-08-26T00:57:18.728Z,FALSE,"",16:50,FALSE
fare_BOM-DEL_6E_2026-09-10_T+15_1787707096937_u5x6,BOM-DEL,EaseMyTrip,6E,6E-5164,2026-09-10,T+15,5145,1129,6274,2026-08-26T00:57:18.728Z,FALSE,"",20:35,FALSE
fare_BOM-DEL_6E_2026-09-10_T+15_1787707096937_6ekc,BOM-DEL,EaseMyTrip,6E,6E-5147,2026-09-10,T+15,5145,1129,6274,2026-08-26T00:57:18.728Z,FALSE,"",18:35,FALSE
fare_BOM-DEL_6E_2026-09-10_T+15_1787707096937_65vo,BOM-DEL,EaseMyTrip,6E,6E-6058,2026-09-10,T+15,5145,1129,6274,2026-08-26T00:57:18.728Z,FALSE,"",08:05,FALSE
fare_BOM-DEL_6E_2026-09-10_T+15_1787707096937_mkim,BOM-DEL,EaseMyTrip,6E,6E-5181,2026-09-10,T+15,5145,1129,6274,2026-08-26T00:57:18.728Z,FALSE,"",10:25,FALSE
fare_BOM-DEL_6E_2026-09-10_T+15_1787707096937_napv,BOM-DEL,EaseMyTrip,6E,6E-5131,2026-09-10,T+15,5145,1129,6274,2026-08-26T00:57:18.728Z,FALSE,"",15:50,FALSE
fare_BOM-DEL_6E_2026-09-10_T+15_1787707096937_b740,BOM-DEL,EaseMyTrip,6E,6E-6122,2026-09-10,T+15,5145,1129,6274,2026-08-26T00:57:18.728Z,FALSE,"",12:25,FALSE
fare_BOM-DEL_6E_2026-09-10_T+15_1787707096937_f19r,BOM-DEL,EaseMyTrip,6E,6E-5345,2026-09-10,T+15,5145,1129,6274,2026-08-26T00:57:18.728Z,FALSE,"",14:25,FALSE
fare_BOM-DEL_IX_2026-09-10_T+15_1787707096937_62kd,BOM-DEL,EaseMyTrip,IX,IX-1050,2026-09-10,T+15,5380,1181,6561,2026-08-26T00:57:18.728Z,FALSE,"",08:55,TRUE
fare_BOM-DEL_IX_2026-09-10_T+15_1787707096937_m7i9,BOM-DEL,EaseMyTrip,IX,IX-1671,2026-09-10,T+15,5380,1181,6561,2026-08-26T00:57:18.728Z,FALSE,"",16:45,TRUE
fare_BOM-DEL_IX_2026-09-10_T+15_1787707096937_sgq9,BOM-DEL,EaseMyTrip,IX,IX-1809,2026-09-10,T+15,5380,1181,6561,2026-08-26T00:57:18.728Z,FALSE,"",07:30,FALSE
fare_BOM-DEL_IX_2026-09-10_T+15_1787707096937_b8bg,BOM-DEL,EaseMyTrip,IX,IX-2153,2026-09-10,T+15,5381,1181,6562,2026-08-26T00:57:18.728Z,FALSE,"",20:25,TRUE
fare_BOM-DEL_IX_2026-09-10_T+15_1787707096937_u13x,BOM-DEL,EaseMyTrip,IX,IX-1364,2026-09-10,T+15,5381,1181,6562,2026-08-26T00:57:18.728Z,FALSE,"",21:55,TRUE
fare_BOM-DEL_IX_2026-09-10_T+15_1787707096937_jv3y,BOM-DEL,EaseMyTrip,IX,IX-1787,2026-09-10,T+15,5595,1228,6823,2026-08-26T00:57:18.728Z,FALSE,"",13:10,FALSE
fare_BOM-DEL_6E_2026-09-10_T+15_1787707096937_r3oo,BOM-DEL,EaseMyTrip,6E,6E-5028,2026-09-10,T+15,5209,1143,6352,2026-08-26T00:57:18.728Z,FALSE,"",19:35,FALSE
fare_BOM-DEL_6E_2026-09-10_T+15_1787707096937_akwp,BOM-DEL,EaseMyTrip,6E,6E-698,2026-09-10,T+15,5209,1143,6352,2026-08-26T00:57:18.728Z,FALSE,"",19:20,FALSE
fare_BOM-DEL_6E_2026-09-10_T+15_1787707096937_hh44,BOM-DEL,EaseMyTrip,6E,6E-873,2026-09-10,T+15,5209,1143,6352,2026-08-26T00:57:18.728Z,FALSE,"",19:20,FALSE
fare_BOM-DEL_6E_2026-09-10_T+15_1787707096937_49mz,BOM-DEL,EaseMyTrip,6E,6E-395,2026-09-10,T+15,5209,1143,6352,2026-08-26T00:57:18.728Z,FALSE,"",04:30,FALSE
fare_BOM-DEL_6E_2026-09-10_T+15_1787707096937_dpyu,BOM-DEL,EaseMyTrip,6E,6E-696,2026-09-10,T+15,5209,1143,6352,2026-08-26T00:57:18.728Z,FALSE,"",04:30,FALSE
fare_BOM-DEL_6E_2026-09-10_T+15_1787707096937_b1e8,BOM-DEL,EaseMyTrip,6E,6E-352,2026-09-10,T+15,5317,1167,6484,2026-08-26T00:57:18.728Z,FALSE,"",17:45,FALSE
fare_BOM-DEL_6E_2026-09-10_T+15_1787707096937_ft5r,BOM-DEL,EaseMyTrip,6E,6E-708,2026-09-10,T+15,5317,1167,6484,2026-08-26T00:57:18.728Z,FALSE,"",17:45,FALSE
fare_BOM-DEL_6E_2026-09-10_T+15_1787707096937_dkyr,BOM-DEL,EaseMyTrip,6E,6E-5056,2026-09-10,T+15,5317,1167,6484,2026-08-26T00:57:18.728Z,FALSE,"",21:10,FALSE
fare_BOM-DEL_6E_2026-09-10_T+15_1787707096937_rgwa,BOM-DEL,EaseMyTrip,6E,6E-6543,2026-09-10,T+15,5317,1167,6484,2026-08-26T00:57:18.728Z,FALSE,"",07:50,FALSE
fare_BOM-DEL_6E_2026-09-10_T+15_1787707096937_njf7,BOM-DEL,EaseMyTrip,6E,6E-5318,2026-09-10,T+15,5317,1167,6484,2026-08-26T00:57:18.728Z,FALSE,"",10:15,FALSE
fare_BOM-DEL_6E_2026-09-10_T+15_1787707096937_l5md,BOM-DEL,EaseMyTrip,6E,6E-6195,2026-09-10,T+15,5317,1167,6484,2026-08-26T00:57:18.728Z,FALSE,"",23:00,FALSE
fare_BOM-DEL_6E_2026-09-10_T+15_1787707096937_cp5g,BOM-DEL,EaseMyTrip,6E,6E-5326,2026-09-10,T+15,5317,1167,6484,2026-08-26T00:57:18.728Z,FALSE,"",19:40,FALSE
fare_BOM-DEL_6E_2026-09-10_T+15_1787707096937_xotb,BOM-DEL,EaseMyTrip,6E,6E-2024,2026-09-10,T+15,5317,1167,6484,2026-08-26T00:57:18.728Z,FALSE,"",09:15,FALSE
fare_BOM-DEL_6E_2026-09-10_T+15_1787707096937_606s,BOM-DEL,EaseMyTrip,6E,6E-2090,2026-09-10,T+15,5380,1181,6561,2026-08-26T00:57:18.728Z,FALSE,"",06:25,TRUE
fare_BOM-DEL_QP_2026-09-10_T+15_1787707096937_k7o1,BOM-DEL,EaseMyTrip,QP,QP-1109,2026-09-10,T+15,5381,1181,6562,2026-08-26T00:57:18.728Z,FALSE,"",07:00,TRUE
fare_BOM-DEL_QP_2026-09-10_T+15_1787707096937_s30k,BOM-DEL,EaseMyTrip,QP,QP-1127,2026-09-10,T+15,5381,1181,6562,2026-08-26T00:57:18.728Z,FALSE,"",13:00,TRUE
fare_BOM-DEL_QP_2026-09-10_T+15_1787707096937_a6r1,BOM-DEL,EaseMyTrip,QP,QP-1819,2026-09-10,T+15,5381,1181,6562,2026-08-26T00:57:18.728Z,FALSE,"",14:30,TRUE
fare_BOM-DEL_QP_2026-09-10_T+15_1787707096937_9uut,BOM-DEL,EaseMyTrip,QP,QP-1834,2026-09-10,T+15,5381,1181,6562,2026-08-26T00:57:18.728Z,FALSE,"",10:20,TRUE
fare_BOM-DEL_QP_2026-09-10_T+15_1787707096937_0lqr,BOM-DEL,EaseMyTrip,QP,QP-1825,2026-09-10,T+15,5381,1181,6562,2026-08-26T00:57:18.728Z,FALSE,"",16:50,TRUE
fare_BOM-DEL_QP_2026-09-10_T+15_1787707096937_agd1,BOM-DEL,EaseMyTrip,QP,QP-1111,2026-09-10,T+15,5381,1181,6562,2026-08-26T00:57:18.728Z,FALSE,"",05:10,TRUE
fare_BOM-DEL_QP_2026-09-10_T+15_1787707096937_pi9d,BOM-DEL,EaseMyTrip,QP,QP-1835,2026-09-10,T+15,5381,1181,6562,2026-08-26T00:57:18.728Z,FALSE,"",11:50,TRUE
fare_BOM-DEL_QP_2026-09-10_T+15_1787707096937_0xyh,BOM-DEL,EaseMyTrip,QP,QP-1120,2026-09-10,T+15,5381,1181,6562,2026-08-26T00:57:18.728Z,FALSE,"",18:45,TRUE
fare_BOM-DEL_6E_2026-09-10_T+15_1787707096937_sxyc,BOM-DEL,EaseMyTrip,6E,6E-255,2026-09-10,T+15,5381,1181,6562,2026-08-26T00:57:18.728Z,FALSE,"",17:20,TRUE
fare_BOM-DEL_6E_2026-09-10_T+15_1787707096937_9pk0,BOM-DEL,EaseMyTrip,6E,6E-730,2026-09-10,T+15,5381,1181,6562,2026-08-26T00:57:18.728Z,FALSE,"",17:20,TRUE
fare_BOM-DEL_6E_2026-09-10_T+15_1787707096937_u98z,BOM-DEL,EaseMyTrip,6E,6E-6082,2026-09-10,T+15,5381,1181,6562,2026-08-26T00:57:18.728Z,FALSE,"",16:45,TRUE
fare_BOM-DEL_6E_2026-09-10_T+15_1787707096937_vt3d,BOM-DEL,EaseMyTrip,6E,6E-535,2026-09-10,T+15,5381,1181,6562,2026-08-26T00:57:18.728Z,FALSE,"",16:00,TRUE
fare_BOM-DEL_6E_2026-09-10_T+15_1787707096937_s6z7,BOM-DEL,EaseMyTrip,6E,6E-118,2026-09-10,T+15,5381,1181,6562,2026-08-26T00:57:18.728Z,FALSE,"",16:00,TRUE
fare_BOM-DEL_6E_2026-09-10_T+15_1787707096937_utch,BOM-DEL,EaseMyTrip,6E,6E-597,2026-09-10,T+15,5381,1181,6562,2026-08-26T00:57:18.728Z,FALSE,"",15:00,TRUE
fare_BOM-DEL_6E_2026-09-10_T+15_1787707096937_2kaf,BOM-DEL,EaseMyTrip,6E,6E-251,2026-09-10,T+15,5381,1181,6562,2026-08-26T00:57:18.728Z,FALSE,"",15:00,TRUE
fare_BOM-DEL_6E_2026-09-10_T+15_1787707096937_duv0,BOM-DEL,EaseMyTrip,6E,6E-205,2026-09-10,T+15,5381,1181,6562,2026-08-26T00:57:18.728Z,FALSE,"",13:00,TRUE
fare_BOM-DEL_6E_2026-09-10_T+15_1787707096937_imcr,BOM-DEL,EaseMyTrip,6E,6E-851,2026-09-10,T+15,5381,1181,6562,2026-08-26T00:57:18.728Z,FALSE,"",13:00,TRUE
fare_BOM-DEL_6E_2026-09-10_T+15_1787707096937_hctw,BOM-DEL,EaseMyTrip,6E,6E-6704,2026-09-10,T+15,5381,1181,6562,2026-08-26T00:57:18.728Z,FALSE,"",14:00,TRUE
fare_BOM-DEL_6E_2026-09-10_T+15_1787707096937_6m82,BOM-DEL,EaseMyTrip,6E,6E-6052,2026-09-10,T+15,5381,1181,6562,2026-08-26T00:57:18.728Z,FALSE,"",10:00,TRUE
fare_BOM-DEL_6E_2026-09-10_T+15_1787707096937_qxp4,BOM-DEL,EaseMyTrip,6E,6E-992,2026-09-10,T+15,5381,1181,6562,2026-08-26T00:57:18.728Z,FALSE,"",10:35,TRUE
fare_BOM-DEL_6E_2026-09-10_T+15_1787707096937_lepn,BOM-DEL,EaseMyTrip,6E,6E-540,2026-09-10,T+15,5381,1181,6562,2026-08-26T00:57:18.728Z,FALSE,"",10:35,TRUE
fare_BOM-DEL_6E_2026-09-10_T+15_1787707096937_cirw,BOM-DEL,EaseMyTrip,6E,6E-6827,2026-09-10,T+15,5381,1181,6562,2026-08-26T00:57:18.728Z,FALSE,"",11:30,TRUE
fare_BOM-DEL_6E_2026-09-10_T+15_1787707096937_44qj,BOM-DEL,EaseMyTrip,6E,6E-6028,2026-09-10,T+15,5381,1181,6562,2026-08-26T00:57:18.728Z,FALSE,"",12:15,TRUE
fare_BOM-DEL_6E_2026-09-10_T+15_1787707096937_g96z,BOM-DEL,EaseMyTrip,6E,6E-6361,2026-09-10,T+15,5381,1181,6562,2026-08-26T00:57:18.728Z,FALSE,"",05:00,FALSE
fare_BOM-DEL_QP_2026-09-10_T+15_1787707096937_vyi3,BOM-DEL,EaseMyTrip,QP,QP-1939,2026-09-10,T+15,5423,1191,6614,2026-08-26T00:57:18.728Z,FALSE,"",10:10,TRUE
fare_BOM-DEL_6E_2026-09-10_T+15_1787707096937_b2u1,BOM-DEL,EaseMyTrip,6E,6E-5197,2026-09-10,T+15,5423,1191,6614,2026-08-26T00:57:18.728Z,FALSE,"",06:40,TRUE
fare_BOM-DEL_6E_2026-09-10_T+15_1787707096937_h0do,BOM-DEL,EaseMyTrip,6E,6E-5059,2026-09-10,T+15,5425,1191,6616,2026-08-26T00:57:18.728Z,FALSE,"",05:45,FALSE
fare_BOM-DEL_6E_2026-09-10_T+15_1787707096937_3drf,BOM-DEL,EaseMyTrip,6E,6E-805,2026-09-10,T+15,5425,1191,6616,2026-08-26T00:57:18.728Z,FALSE,"",01:30,FALSE
fare_BOM-DEL_6E_2026-09-10_T+15_1787707096937_byyn,BOM-DEL,EaseMyTrip,6E,6E-750,2026-09-10,T+15,5425,1191,6616,2026-08-26T00:57:18.728Z,FALSE,"",01:30,FALSE
fare_BOM-DEL_6E_2026-09-10_T+15_1787707096937_trua,BOM-DEL,EaseMyTrip,6E,6E-5107,2026-09-10,T+15,5425,1191,6616,2026-08-26T00:57:18.728Z,FALSE,"",20:00,FALSE
fare_BOM-DEL_6E_2026-09-10_T+15_1787707096937_10lh,BOM-DEL,EaseMyTrip,6E,6E-357,2026-09-10,T+15,5510,1210,6720,2026-08-26T00:57:18.728Z,FALSE,"",05:00,TRUE
fare_BOM-DEL_6E_2026-09-10_T+15_1787707096937_3zfc,BOM-DEL,EaseMyTrip,6E,6E-466,2026-09-10,T+15,5510,1210,6720,2026-08-26T00:57:18.728Z,FALSE,"",23:45,TRUE
fare_BOM-DEL_6E_2026-09-10_T+15_1787707096937_3s8z,BOM-DEL,EaseMyTrip,6E,6E-103,2026-09-10,T+15,5510,1210,6720,2026-08-26T00:57:18.728Z,FALSE,"",23:45,TRUE
fare_BOM-DEL_6E_2026-09-10_T+15_1787707096937_t2la,BOM-DEL,EaseMyTrip,6E,6E-728,2026-09-10,T+15,5510,1210,6720,2026-08-26T00:57:18.728Z,FALSE,"",22:15,TRUE
fare_BOM-DEL_6E_2026-09-10_T+15_1787707096937_4x8j,BOM-DEL,EaseMyTrip,6E,6E-120,2026-09-10,T+15,5510,1210,6720,2026-08-26T00:57:18.728Z,FALSE,"",22:15,TRUE
fare_BOM-DEL_6E_2026-09-10_T+15_1787707096937_vff5,BOM-DEL,EaseMyTrip,6E,6E-869,2026-09-10,T+15,5510,1210,6720,2026-08-26T00:57:18.728Z,FALSE,"",06:00,TRUE
fare_BOM-DEL_6E_2026-09-10_T+15_1787707096937_15tr,BOM-DEL,EaseMyTrip,6E,6E-353,2026-09-10,T+15,5510,1210,6720,2026-08-26T00:57:18.728Z,FALSE,"",06:00,TRUE
fare_BOM-DEL_6E_2026-09-10_T+15_1787707096937_vob9,BOM-DEL,EaseMyTrip,6E,6E-402,2026-09-10,T+15,5510,1210,6720,2026-08-26T00:57:18.728Z,FALSE,"",09:00,TRUE
fare_BOM-DEL_6E_2026-09-10_T+15_1787707096937_rv39,BOM-DEL,EaseMyTrip,6E,6E-516,2026-09-10,T+15,5510,1210,6720,2026-08-26T00:57:18.728Z,FALSE,"",09:00,TRUE
fare_BOM-DEL_IX_2026-09-10_T+15_1787707096937_9dzv,BOM-DEL,EaseMyTrip,IX,IX-1026,2026-09-10,T+15,5930,1302,7232,2026-08-26T00:57:18.728Z,FALSE,"",05:45,FALSE
fare_BOM-DEL_AI_2026-09-10_T+15_1787707096937_filh,BOM-DEL,EaseMyTrip,AI,AI-2928,2026-09-10,T+15,5766,1266,7032,2026-08-26T00:57:18.728Z,FALSE,"",06:30,TRUE
fare_BOM-DEL_AI_2026-09-10_T+15_1787707096937_j8pa,BOM-DEL,EaseMyTrip,AI,AI-2677,2026-09-10,T+15,5766,1266,7032,2026-08-26T00:57:18.728Z,FALSE,"",13:00,TRUE
fare_BOM-DEL_AI_2026-09-10_T+15_1787707096937_1mcp,BOM-DEL,EaseMyTrip,AI,AI-2422,2026-09-10,T+15,5766,1266,7032,2026-08-26T00:57:18.728Z,FALSE,"",01:00,TRUE
fare_BOM-DEL_AI_2026-09-10_T+15_1787707096937_mvw8,BOM-DEL,EaseMyTrip,AI,AI-2970,2026-09-10,T+15,5766,1266,7032,2026-08-26T00:57:18.728Z,FALSE,"",08:30,TRUE
fare_BOM-DEL_AI_2026-09-10_T+15_1787707096937_0dki,BOM-DEL,EaseMyTrip,AI,AI-2432,2026-09-10,T+15,5766,1266,7032,2026-08-26T00:57:18.728Z,FALSE,"",09:30,TRUE
fare_BOM-DEL_AI_2026-09-10_T+15_1787707096937_1neb,BOM-DEL,EaseMyTrip,AI,AI-2430,2026-09-10,T+15,5766,1266,7032,2026-08-26T00:57:18.728Z,FALSE,"",10:00,TRUE
fare_BOM-DEL_AI_2026-09-10_T+15_1787707096937_yjy3,BOM-DEL,EaseMyTrip,AI,AI-2952,2026-09-10,T+15,5766,1266,7032,2026-08-26T00:57:18.728Z,FALSE,"",11:25,TRUE
fare_BOM-DEL_AI_2026-09-10_T+15_1787707096937_fqwj,BOM-DEL,EaseMyTrip,AI,AI-2419,2026-09-10,T+15,5766,1266,7032,2026-08-26T00:57:18.728Z,FALSE,"",12:00,TRUE
fare_BOM-DEL_AI_2026-09-10_T+15_1787707096937_ai9w,BOM-DEL,EaseMyTrip,AI,AI-864,2026-09-10,T+15,5766,1266,7032,2026-08-26T00:57:18.728Z,FALSE,"",13:30,TRUE
fare_BOM-DEL_AI_2026-09-10_T+15_1787707096937_o8g7,BOM-DEL,EaseMyTrip,AI,AI-2960,2026-09-10,T+15,5766,1266,7032,2026-08-26T00:57:18.728Z,FALSE,"",14:05,TRUE
fare_BOM-DEL_AI_2026-09-10_T+15_1787707096937_dat5,BOM-DEL,EaseMyTrip,AI,AI-2944,2026-09-10,T+15,5766,1266,7032,2026-08-26T00:57:18.728Z,FALSE,"",14:35,TRUE
fare_BOM-DEL_AI_2026-09-10_T+15_1787707096937_ueia,BOM-DEL,EaseMyTrip,AI,AI-1851,2026-09-10,T+15,5766,1266,7032,2026-08-26T00:57:18.728Z,FALSE,"",15:30,TRUE
fare_BOM-DEL_AI_2026-09-10_T+15_1787707096937_4ajs,BOM-DEL,EaseMyTrip,AI,AI-2687,2026-09-10,T+15,5766,1266,7032,2026-08-26T00:57:18.728Z,FALSE,"",16:40,TRUE
fare_BOM-DEL_AI_2026-09-10_T+15_1787707096937_d261,BOM-DEL,EaseMyTrip,AI,AI-1882,2026-09-10,T+15,5766,1266,7032,2026-08-26T00:57:18.728Z,FALSE,"",23:55,TRUE
fare_BOM-DEL_AI_2026-09-10_T+15_1787707096937_savo,BOM-DEL,EaseMyTrip,AI,AI-2986,2026-09-10,T+15,5766,1266,7032,2026-08-26T00:57:18.728Z,FALSE,"",22:35,TRUE
fare_BOM-DEL_SG_2026-09-10_T+15_1787707096937_qn8a,BOM-DEL,EaseMyTrip,SG,SG-856,2026-09-10,T+15,5785,1270,7055,2026-08-26T00:57:18.728Z,FALSE,"",15:55,TRUE
fare_BOM-DEL_SG_2026-09-10_T+15_1787707096937_3jju,BOM-DEL,EaseMyTrip,SG,SG-772,2026-09-10,T+15,5785,1270,7055,2026-08-26T00:57:18.728Z,FALSE,"",15:55,TRUE
fare_BOM-DEL_6E_2026-09-10_T+15_1787707096937_1uz5,BOM-DEL,EaseMyTrip,6E,6E-979,2026-09-10,T+15,5683,1247,6930,2026-08-26T00:57:18.728Z,FALSE,"",19:00,TRUE
fare_BOM-DEL_6E_2026-09-10_T+15_1787707096937_cc9s,BOM-DEL,EaseMyTrip,6E,6E-877,2026-09-10,T+15,5683,1247,6930,2026-08-26T00:57:18.728Z,FALSE,"",19:00,TRUE
fare_BOM-DEL_6E_2026-09-10_T+15_1787707096937_dvkv,BOM-DEL,EaseMyTrip,6E,6E-6613,2026-09-10,T+15,5683,1247,6930,2026-08-26T00:57:18.728Z,FALSE,"",18:15,TRUE
fare_BOM-DEL_6E_2026-09-10_T+15_1787707096937_0zw4,BOM-DEL,EaseMyTrip,6E,6E-727,2026-09-10,T+15,5683,1247,6930,2026-08-26T00:57:18.728Z,FALSE,"",07:00,TRUE
fare_BOM-DEL_6E_2026-09-10_T+15_1787707096937_peqk,BOM-DEL,EaseMyTrip,6E,6E-572,2026-09-10,T+15,5683,1247,6930,2026-08-26T00:57:18.728Z,FALSE,"",07:00,TRUE
fare_BOM-DEL_6E_2026-09-10_T+15_1787707096937_rdne,BOM-DEL,EaseMyTrip,6E,6E-365,2026-09-10,T+15,5683,1247,6930,2026-08-26T00:57:18.728Z,FALSE,"",08:00,TRUE
fare_BOM-DEL_6E_2026-09-10_T+15_1787707096937_s01i,BOM-DEL,EaseMyTrip,6E,6E-962,2026-09-10,T+15,5683,1247,6930,2026-08-26T00:57:18.728Z,FALSE,"",08:00,TRUE
fare_BOM-DEL_6E_2026-09-10_T+15_1787707096937_3yl6,BOM-DEL,EaseMyTrip,6E,6E-771,2026-09-10,T+15,5724,1257,6981,2026-08-26T00:57:18.728Z,FALSE,"",17:20,TRUE
fare_BOM-DEL_6E_2026-09-10_T+15_1787707096937_wtj2,BOM-DEL,EaseMyTrip,6E,6E-233,2026-09-10,T+15,5724,1257,6981,2026-08-26T00:57:18.728Z,FALSE,"",17:20,TRUE
fare_BOM-DEL_AI_2026-09-10_T+15_1787707096937_vjnc,BOM-DEL,EaseMyTrip,AI,AI-2424,2026-09-10,T+15,5897,1294,7191,2026-08-26T00:57:18.728Z,FALSE,"",07:00,TRUE
fare_BOM-DEL_AI_2026-09-10_T+15_1787707096937_w1tr,BOM-DEL,EaseMyTrip,AI,AI-2930,2026-09-10,T+15,5897,1294,7191,2026-08-26T00:57:18.728Z,FALSE,"",07:30,TRUE
fare_BOM-DEL_AI_2026-09-10_T+15_1787707096937_io4a,BOM-DEL,EaseMyTrip,AI,AI-2408,2026-09-10,T+15,5897,1294,7191,2026-08-26T00:57:18.728Z,FALSE,"",19:30,TRUE
fare_BOM-DEL_AI_2026-09-10_T+15_1787707096937_h61z,BOM-DEL,EaseMyTrip,AI,AI-2428,2026-09-10,T+15,5897,1294,7191,2026-08-26T00:57:18.728Z,FALSE,"",08:00,TRUE
fare_BOM-DEL_AI_2026-09-10_T+15_1787707096937_0epy,BOM-DEL,EaseMyTrip,AI,AI-2440,2026-09-10,T+15,5897,1294,7191,2026-08-26T00:57:18.728Z,FALSE,"",18:00,TRUE
fare_BOM-DEL_6E_2026-09-10_T+15_1787707096937_1yxv,BOM-DEL,EaseMyTrip,6E,6E-2237,2026-09-10,T+15,5852,1284,7136,2026-08-26T00:57:18.728Z,FALSE,"",18:40,FALSE
fare_BOM-DEL_6E_2026-09-10_T+15_1787707096937_a8pw,BOM-DEL,EaseMyTrip,6E,6E-198,2026-09-10,T+15,5852,1284,7136,2026-08-26T00:57:18.728Z,FALSE,"",04:00,FALSE
fare_BOM-DEL_6E_2026-09-10_T+15_1787707096937_d05e,BOM-DEL,EaseMyTrip,6E,6E-477,2026-09-10,T+15,5852,1284,7136,2026-08-26T00:57:18.728Z,FALSE,"",04:00,FALSE
fare_BOM-DEL_6E_2026-09-10_T+15_1787707096937_pa30,BOM-DEL,EaseMyTrip,6E,6E-5144,2026-09-10,T+15,5852,1284,7136,2026-08-26T00:57:18.728Z,FALSE,"",06:10,FALSE
fare_BOM-DEL_6E_2026-09-10_T+15_1787707096937_oh8q,BOM-DEL,EaseMyTrip,6E,6E-2347,2026-09-10,T+15,5852,1284,7136,2026-08-26T00:57:18.728Z,FALSE,"",08:50,FALSE
fare_BOM-DEL_6E_2026-09-10_T+15_1787707096937_ko6i,BOM-DEL,EaseMyTrip,6E,6E-6049,2026-09-10,T+15,5897,1295,7192,2026-08-26T00:57:18.728Z,FALSE,"",19:45,TRUE
fare_BOM-DEL_AI_2026-09-10_T+15_1787707096937_ymc5,BOM-DEL,EaseMyTrip,AI,AI-816,2026-09-10,T+15,6069,1332,7401,2026-08-26T00:57:18.728Z,FALSE,"",21:00,TRUE
fare_BOM-DEL_AI_2026-09-10_T+15_1787707096937_pxu1,BOM-DEL,EaseMyTrip,AI,AI-1895,2026-09-10,T+15,6069,1332,7401,2026-08-26T00:57:18.728Z,FALSE,"",21:30,TRUE
fare_BOM-DEL_6E_2026-09-10_T+15_1787707096937_n3ud,BOM-DEL,EaseMyTrip,6E,6E-5135,2026-09-10,T+15,6001,1317,7318,2026-08-26T00:57:18.728Z,FALSE,"",23:20,FALSE
fare_BOM-DEL_AI_2026-09-10_T+15_1787707096937_tkij,BOM-DEL,EaseMyTrip,AI,AI-2940,2026-09-10,T+15,6220,1365,7585,2026-08-26T00:57:18.728Z,FALSE,"",20:00,TRUE
fare_BOM-DEL_AI_2026-09-10_T+15_1787707096937_ox0n,BOM-DEL,EaseMyTrip,AI,AI-2988,2026-09-10,T+15,6283,1379,7662,2026-08-26T00:57:18.728Z,FALSE,"",20:30,TRUE
fare_BOM-DEL_6E_2026-09-10_T+15_1787707096937_rzfd,BOM-DEL,EaseMyTrip,6E,6E-408,2026-09-10,T+15,6156,1351,7507,2026-08-26T00:57:18.728Z,FALSE,"",21:15,TRUE
fare_BOM-DEL_6E_2026-09-10_T+15_1787707096937_33io,BOM-DEL,EaseMyTrip,6E,6E-611,2026-09-10,T+15,6156,1351,7507,2026-08-26T00:57:18.728Z,FALSE,"",21:15,TRUE
fare_BOM-DEL_6E_2026-09-10_T+15_1787707096937_mjg8,BOM-DEL,EaseMyTrip,6E,6E-305,2026-09-10,T+15,6156,1351,7507,2026-08-26T00:57:18.728Z,FALSE,"",20:20,TRUE
fare_BOM-DEL_6E_2026-09-10_T+15_1787707096937_zg5s,BOM-DEL,EaseMyTrip,6E,6E-453,2026-09-10,T+15,6156,1351,7507,2026-08-26T00:57:18.728Z,FALSE,"",20:20,TRUE
fare_BOM-DEL_IX_2026-09-10_T+15_1787707096937_qing,BOM-DEL,EaseMyTrip,IX,IX-1237,2026-09-10,T+15,6857,1505,8362,2026-08-26T00:57:18.728Z,FALSE,"",05:55,FALSE
fare_BOM-DEL_6E_2026-09-10_T+15_1787707096937_te6u,BOM-DEL,EaseMyTrip,6E,6E-5101,2026-09-10,T+15,6470,1420,7890,2026-08-26T00:57:18.728Z,FALSE,"",10:20,FALSE
fare_BOM-DEL_6E_2026-09-10_T+15_1787707096937_tli1,BOM-DEL,EaseMyTrip,6E,6E-5386,2026-09-10,T+15,6600,1449,8049,2026-08-26T00:57:18.728Z,FALSE,"",15:10,FALSE
fare_BOM-DEL_AI_2026-09-10_T+15_1787707096937_57w3,BOM-DEL,EaseMyTrip,AI,AI-1891,2026-09-10,T+15,7560,1660,9220,2026-08-26T00:57:18.728Z,FALSE,"",08:10,TRUE
fare_BOM-DEL_6E_2026-09-10_T+15_1787707096937_d70a,BOM-DEL,EaseMyTrip,6E,6E-7017,2026-09-10,T+15,7492,1644,9136,2026-08-26T00:57:18.728Z,FALSE,"",21:30,FALSE
fare_BOM-DEL_6E_2026-09-10_T+15_1787707096937_qgqr,BOM-DEL,EaseMyTrip,6E,6E-6802,2026-09-10,T+15,7510,1649,9159,2026-08-26T00:57:18.728Z,FALSE,"",16:55,FALSE
fare_BOM-DEL_6E_2026-09-10_T+15_1787707096937_n6hi,BOM-DEL,EaseMyTrip,6E,6E-5273,2026-09-10,T+15,7510,1649,9159,2026-08-26T00:57:18.728Z,FALSE,"",18:35,FALSE
fare_BOM-DEL_6E_2026-09-10_T+15_1787707096937_f1g8,BOM-DEL,EaseMyTrip,6E,6E-5178,2026-09-10,T+15,8645,1898,10543,2026-08-26T00:57:18.728Z,FALSE,"",11:45,FALSE
fare_BOM-DEL_6E_2026-09-10_T+15_1787707096937_g42c,BOM-DEL,EaseMyTrip,6E,6E-5246,2026-09-10,T+15,9000,1976,10976,2026-08-26T00:57:18.728Z,FALSE,"",07:15,FALSE
fare_BOM-DEL_AI_2026-09-10_T+15_1787707096937_px04,BOM-DEL,EaseMyTrip,AI,AI-9753,2026-09-10,T+15,9577,2102,11679,2026-08-26T00:57:18.728Z,TRUE,"High outlier: ₹11679 > upper fence ₹11547 (Q3: ₹8556, IQR: ₹1994)",05:45,FALSE
fare_BOM-DEL_6E_2026-09-10_T+15_1787707096937_dyrg,BOM-DEL,EaseMyTrip,6E,6E-5281,2026-09-10,T+15,9531,2092,11623,2026-08-26T00:57:18.728Z,TRUE,"High outlier: ₹11623 > upper fence ₹11547 (Q3: ₹8556, IQR: ₹1994)",08:40,FALSE
fare_BOM-DEL_AI_2026-09-10_T+15_1787707096937_x7ok,BOM-DEL,EaseMyTrip,AI,AI-9891,2026-09-10,T+15,9966,2188,12154,2026-08-26T00:57:18.728Z,TRUE,"High outlier: ₹12154 > upper fence ₹11547 (Q3: ₹8556, IQR: ₹1994)",13:10,FALSE
fare_BOM-DEL_6E_2026-09-10_T+15_1787707096937_qzuy,BOM-DEL,EaseMyTrip,6E,6E-5228,2026-09-10,T+15,9847,2161,12008,2026-08-26T00:57:18.728Z,TRUE,"High outlier: ₹12008 > upper fence ₹11547 (Q3: ₹8556, IQR: ₹1994)",16:45,FALSE
fare_BOM-DEL_IX_2026-09-10_T+15_1787707096937_criu,BOM-DEL,EaseMyTrip,IX,IX-1347,2026-09-10,T+15,10304,2262,12566,2026-08-26T00:57:18.728Z,TRUE,"High outlier: ₹12566 > upper fence ₹11547 (Q3: ₹8556, IQR: ₹1994)",06:00,FALSE
fare_BOM-DEL_6E_2026-09-10_T+15_1787707096937_oq2d,BOM-DEL,EaseMyTrip,6E,6E-5154,2026-09-10,T+15,10399,2283,12682,2026-08-26T00:57:18.728Z,TRUE,"High outlier: ₹12682 > upper fence ₹11547 (Q3: ₹8556, IQR: ₹1994)",15:45,FALSE
fare_BOM-DEL_AI_2026-09-10_T+15_1787707096937_ctyq,BOM-DEL,EaseMyTrip,AI,AI-2493,2026-09-10,T+15,11126,2442,13568,2026-08-26T00:57:18.728Z,TRUE,"High outlier: ₹13568 > upper fence ₹11547 (Q3: ₹8556, IQR: ₹1994)",18:25,FALSE
fare_BOM-DEL_AI_2026-09-10_T+15_1787707096937_cglw,BOM-DEL,EaseMyTrip,AI,AI-2919,2026-09-10,T+15,11126,2442,13568,2026-08-26T00:57:18.728Z,TRUE,"High outlier: ₹13568 > upper fence ₹11547 (Q3: ₹8556, IQR: ₹1994)",21:35,FALSE
fare_BOM-DEL_AI_2026-09-10_T+15_1787707096937_c9dn,BOM-DEL,EaseMyTrip,AI,AI-2915,2026-09-10,T+15,11126,2442,13568,2026-08-26T00:57:18.728Z,TRUE,"High outlier: ₹13568 > upper fence ₹11547 (Q3: ₹8556, IQR: ₹1994)",15:30,FALSE
fare_BOM-DEL_AI_2026-09-10_T+15_1787707096937_t0rm,BOM-DEL,EaseMyTrip,AI,AI-2847,2026-09-10,T+15,11214,2461,13675,2026-08-26T00:57:18.728Z,TRUE,"High outlier: ₹13675 > upper fence ₹11547 (Q3: ₹8556, IQR: ₹1994)",10:00,FALSE
fare_BOM-DEL_AI_2026-09-10_T+15_1787707096937_l8fn,BOM-DEL,EaseMyTrip,AI,AI-2503,2026-09-10,T+15,11399,2502,13901,2026-08-26T00:57:18.728Z,TRUE,"High outlier: ₹13901 > upper fence ₹11547 (Q3: ₹8556, IQR: ₹1994)",12:55,FALSE
fare_BOM-DEL_6E_2026-09-10_T+15_1787707096937_hhae,BOM-DEL,EaseMyTrip,6E,6E-6027,2026-09-10,T+15,11309,2483,13792,2026-08-26T00:57:18.728Z,TRUE,"High outlier: ₹13792 > upper fence ₹11547 (Q3: ₹8556, IQR: ₹1994)",17:35,FALSE
fare_BOM-DEL_IX_2026-09-10_T+15_1787707096937_jxje,BOM-DEL,EaseMyTrip,IX,IX-1163,2026-09-10,T+15,12102,2657,14759,2026-08-26T00:57:18.728Z,TRUE,"High outlier: ₹14759 > upper fence ₹11547 (Q3: ₹8556, IQR: ₹1994)",20:45,FALSE
fare_BOM-DEL_AI_2026-09-10_T+15_1787707096937_9cg4,BOM-DEL,EaseMyTrip,AI,AI-9558,2026-09-10,T+15,12071,2650,14721,2026-08-26T00:57:18.728Z,TRUE,"High outlier: ₹14721 > upper fence ₹11547 (Q3: ₹8556, IQR: ₹1994)",07:30,FALSE
fare_BOM-DEL_6E_2026-09-10_T+15_1787707096937_ozed,BOM-DEL,EaseMyTrip,6E,6E-396,2026-09-10,T+15,12053,2646,14699,2026-08-26T00:57:18.728Z,TRUE,"High outlier: ₹14699 > upper fence ₹11547 (Q3: ₹8556, IQR: ₹1994)",12:40,FALSE
fare_BOM-DEL_6E_2026-09-10_T+15_1787707096937_mq9u,BOM-DEL,EaseMyTrip,6E,6E-248,2026-09-10,T+15,12053,2646,14699,2026-08-26T00:57:18.728Z,TRUE,"High outlier: ₹14699 > upper fence ₹11547 (Q3: ₹8556, IQR: ₹1994)",12:40,FALSE
fare_BOM-DEL_AI_2026-09-10_T+15_1787707096937_4jiw,BOM-DEL,EaseMyTrip,AI,AI-603,2026-09-10,T+15,12591,2764,15355,2026-08-26T00:57:18.728Z,TRUE,"High outlier: ₹15355 > upper fence ₹11547 (Q3: ₹8556, IQR: ₹1994)",05:10,FALSE
fare_BOM-DEL_AI_2026-09-10_T+15_1787707096937_f53h,BOM-DEL,EaseMyTrip,AI,AI-2785,2026-09-10,T+15,12656,2778,15434,2026-08-26T00:57:18.728Z,TRUE,"High outlier: ₹15434 > upper fence ₹11547 (Q3: ₹8556, IQR: ₹1994)",06:40,FALSE
fare_BOM-DEL_6E_2026-09-10_T+15_1787707096937_qqxr,BOM-DEL,EaseMyTrip,6E,6E-935,2026-09-10,T+15,12546,2754,15300,2026-08-26T00:57:18.728Z,TRUE,"High outlier: ₹15300 > upper fence ₹11547 (Q3: ₹8556, IQR: ₹1994)",11:20,FALSE
fare_BOM-DEL_6E_2026-09-10_T+15_1787707096937_53uk,BOM-DEL,EaseMyTrip,6E,6E-675,2026-09-10,T+15,12546,2754,15300,2026-08-26T00:57:18.728Z,TRUE,"High outlier: ₹15300 > upper fence ₹11547 (Q3: ₹8556, IQR: ₹1994)",11:20,FALSE
fare_BOM-DEL_IX_2026-09-10_T+15_1787707096937_icgg,BOM-DEL,EaseMyTrip,IX,IX-1283,2026-09-10,T+15,12891,2830,15721,2026-08-26T00:57:18.728Z,TRUE,"High outlier: ₹15721 > upper fence ₹11547 (Q3: ₹8556, IQR: ₹1994)",09:05,FALSE
fare_BOM-DEL_6E_2026-09-10_T+15_1787707096937_s8qz,BOM-DEL,EaseMyTrip,6E,6E-637,2026-09-10,T+15,12721,2793,15514,2026-08-26T00:57:18.728Z,TRUE,"High outlier: ₹15514 > upper fence ₹11547 (Q3: ₹8556, IQR: ₹1994)",14:40,FALSE
fare_BOM-DEL_6E_2026-09-10_T+15_1787707096937_apzd,BOM-DEL,EaseMyTrip,6E,6E-721,2026-09-10,T+15,12721,2793,15514,2026-08-26T00:57:18.728Z,TRUE,"High outlier: ₹15514 > upper fence ₹11547 (Q3: ₹8556, IQR: ₹1994)",14:40,FALSE
fare_BOM-DEL_AI_2026-09-10_T+15_1787707096937_0w78,BOM-DEL,EaseMyTrip,AI,AI-2730,2026-09-10,T+15,13136,2884,16020,2026-08-26T00:57:18.728Z,TRUE,"High outlier: ₹16020 > upper fence ₹11547 (Q3: ₹8556, IQR: ₹1994)",16:00,FALSE
fare_BOM-DEL_AI_2026-09-10_T+15_1787707096937_okzo,BOM-DEL,EaseMyTrip,AI,AI-2659,2026-09-10,T+15,13311,2922,16233,2026-08-26T00:57:18.728Z,TRUE,"High outlier: ₹16233 > upper fence ₹11547 (Q3: ₹8556, IQR: ₹1994)",14:35,FALSE
fare_BOM-DEL_AI_2026-09-10_T+15_1787707096937_32pb,BOM-DEL,EaseMyTrip,AI,AI-9533,2026-09-10,T+15,13478,2958,16436,2026-08-26T00:57:18.728Z,TRUE,"High outlier: ₹16436 > upper fence ₹11547 (Q3: ₹8556, IQR: ₹1994)",16:30,FALSE
fare_BOM-DEL_AI_2026-09-10_T+15_1787707096937_bayg,BOM-DEL,EaseMyTrip,AI,AI-2753,2026-09-10,T+15,13595,2984,16579,2026-08-26T00:57:18.728Z,TRUE,"High outlier: ₹16579 > upper fence ₹11547 (Q3: ₹8556, IQR: ₹1994)",13:50,FALSE
fare_BOM-DEL_AI_2026-09-10_T+15_1787707096937_vzcg,BOM-DEL,EaseMyTrip,AI,AI-2741,2026-09-10,T+15,13953,3063,17016,2026-08-26T00:57:18.728Z,TRUE,"High outlier: ₹17016 > upper fence ₹11547 (Q3: ₹8556, IQR: ₹1994)",07:40,FALSE
fare_BOM-DEL_AI_2026-09-10_T+15_1787707096937_qz9c,BOM-DEL,EaseMyTrip,AI,AI-2749,2026-09-10,T+15,14173,3111,17284,2026-08-26T00:57:18.728Z,TRUE,"High outlier: ₹17284 > upper fence ₹11547 (Q3: ₹8556, IQR: ₹1994)",17:35,FALSE
fare_BOM-DEL_AI_2026-09-10_T+15_1787707096937_ltzn,BOM-DEL,EaseMyTrip,AI,AI-2728,2026-09-10,T+15,14523,3188,17711,2026-08-26T00:57:18.728Z,TRUE,"High outlier: ₹17711 > upper fence ₹11547 (Q3: ₹8556, IQR: ₹1994)",05:20,FALSE
fare_BOM-DEL_AI_2026-09-10_T+15_1787707096937_ag9b,BOM-DEL,EaseMyTrip,AI,AI-2444,2026-09-10,T+15,14603,3206,17809,2026-08-26T00:57:18.728Z,TRUE,"High outlier: ₹17809 > upper fence ₹11547 (Q3: ₹8556, IQR: ₹1994)",10:50,FALSE
fare_BOM-DEL_AI_2026-09-10_T+15_1787707096937_jl6l,BOM-DEL,EaseMyTrip,AI,AI-2531,2026-09-10,T+15,14755,3239,17994,2026-08-26T00:57:18.728Z,TRUE,"High outlier: ₹17994 > upper fence ₹11547 (Q3: ₹8556, IQR: ₹1994)",15:05,FALSE
fare_BOM-DEL_AI_2026-09-10_T+15_1787707096937_26mh,BOM-DEL,EaseMyTrip,AI,AI-2625,2026-09-10,T+15,14755,3239,17994,2026-08-26T00:57:18.728Z,TRUE,"High outlier: ₹17994 > upper fence ₹11547 (Q3: ₹8556, IQR: ₹1994)",06:00,FALSE
fare_BOM-DEL_IX_2026-09-10_T+15_1787707096937_30pr,BOM-DEL,EaseMyTrip,IX,IX-1238,2026-09-10,T+15,16754,3678,20432,2026-08-26T00:57:18.728Z,TRUE,"High outlier: ₹20432 > upper fence ₹11547 (Q3: ₹8556, IQR: ₹1994)",12:25,FALSE
fare_BOM-DEL_AI_2026-09-10_T+15_1787707096937_0rsa,BOM-DEL,EaseMyTrip,AI,AI-2579,2026-09-10,T+15,23058,5062,28120,2026-08-26T00:57:18.728Z,TRUE,"High outlier: ₹28120 > upper fence ₹11547 (Q3: ₹8556, IQR: ₹1994)",10:35,FALSE
fare_BOM-DEL_AI_2026-09-10_T+15_1787707096937_5g52,BOM-DEL,EaseMyTrip,AI,AI-2781,2026-09-10,T+15,24252,5324,29576,2026-08-26T00:57:18.728Z,TRUE,"High outlier: ₹29576 > upper fence ₹11547 (Q3: ₹8556, IQR: ₹1994)",10:50,FALSE
fare_BOM-DEL_6E_2026-09-25_T+30_1787707096938_jsy7,BOM-DEL,EaseMyTrip,6E,6E-5095,2026-09-25,T+30,5014,1101,6115,2026-08-26T00:57:24.533Z,FALSE,"",09:20,TRUE
fare_BOM-DEL_SG_2026-09-25_T+30_1787707096938_ewm2,BOM-DEL,EaseMyTrip,SG,SG-719,2026-09-25,T+30,5231,1148,6379,2026-08-26T00:57:24.533Z,FALSE,"",01:50,TRUE
fare_BOM-DEL_SG_2026-09-25_T+30_1787707096938_fz4p,BOM-DEL,EaseMyTrip,SG,SG-407,2026-09-25,T+30,5231,1148,6379,2026-08-26T00:57:24.533Z,FALSE,"",01:50,TRUE
fare_BOM-DEL_SG_2026-09-25_T+30_1787707096938_kepv,BOM-DEL,EaseMyTrip,SG,SG-219,2026-09-25,T+30,5231,1148,6379,2026-08-26T00:57:24.533Z,FALSE,"",22:30,TRUE
fare_BOM-DEL_SG_2026-09-25_T+30_1787707096938_adc7,BOM-DEL,EaseMyTrip,SG,SG-590,2026-09-25,T+30,5231,1148,6379,2026-08-26T00:57:24.533Z,FALSE,"",22:30,TRUE
fare_BOM-DEL_SG_2026-09-25_T+30_1787707096938_qv9b,BOM-DEL,EaseMyTrip,SG,SG-831,2026-09-25,T+30,5231,1148,6379,2026-08-26T00:57:24.533Z,FALSE,"",23:25,TRUE
fare_BOM-DEL_SG_2026-09-25_T+30_1787707096938_okct,BOM-DEL,EaseMyTrip,SG,SG-257,2026-09-25,T+30,5231,1148,6379,2026-08-26T00:57:24.533Z,FALSE,"",23:25,TRUE
fare_BOM-DEL_IX_2026-09-25_T+30_1787707096938_xhip,BOM-DEL,EaseMyTrip,IX,IX-1050,2026-09-25,T+30,5380,1181,6561,2026-08-26T00:57:24.533Z,FALSE,"",08:55,TRUE
fare_BOM-DEL_IX_2026-09-25_T+30_1787707096938_6zll,BOM-DEL,EaseMyTrip,IX,IX-1787,2026-09-25,T+30,5595,1228,6823,2026-08-26T00:57:24.533Z,FALSE,"",13:10,FALSE
fare_BOM-DEL_SG_2026-09-25_T+30_1787707096938_w2l0,BOM-DEL,EaseMyTrip,SG,SG-765,2026-09-25,T+30,5502,1208,6710,2026-08-26T00:57:24.533Z,FALSE,"",17:55,TRUE
fare_BOM-DEL_SG_2026-09-25_T+30_1787707096938_wphi,BOM-DEL,EaseMyTrip,SG,SG-266,2026-09-25,T+30,5502,1208,6710,2026-08-26T00:57:24.533Z,FALSE,"",17:55,TRUE
fare_BOM-DEL_SG_2026-09-25_T+30_1787707096938_ibyc,BOM-DEL,EaseMyTrip,SG,SG-689,2026-09-25,T+30,5502,1208,6710,2026-08-26T00:57:24.533Z,FALSE,"",23:55,TRUE
fare_BOM-DEL_SG_2026-09-25_T+30_1787707096938_q5rz,BOM-DEL,EaseMyTrip,SG,SG-226,2026-09-25,T+30,5502,1208,6710,2026-08-26T00:57:24.533Z,FALSE,"",23:55,TRUE
fare_BOM-DEL_QP_2026-09-25_T+30_1787707096938_pzgg,BOM-DEL,EaseMyTrip,QP,QP-1109,2026-09-25,T+30,5381,1181,6562,2026-08-26T00:57:24.533Z,FALSE,"",07:00,TRUE
fare_BOM-DEL_QP_2026-09-25_T+30_1787707096938_mf4t,BOM-DEL,EaseMyTrip,QP,QP-1127,2026-09-25,T+30,5381,1181,6562,2026-08-26T00:57:24.533Z,FALSE,"",13:00,TRUE
fare_BOM-DEL_QP_2026-09-25_T+30_1787707096938_06s7,BOM-DEL,EaseMyTrip,QP,QP-1819,2026-09-25,T+30,5381,1181,6562,2026-08-26T00:57:24.533Z,FALSE,"",14:30,TRUE
fare_BOM-DEL_QP_2026-09-25_T+30_1787707096938_hds7,BOM-DEL,EaseMyTrip,QP,QP-1834,2026-09-25,T+30,5381,1181,6562,2026-08-26T00:57:24.533Z,FALSE,"",10:20,TRUE
fare_BOM-DEL_QP_2026-09-25_T+30_1787707096938_0hs1,BOM-DEL,EaseMyTrip,QP,QP-1825,2026-09-25,T+30,5381,1181,6562,2026-08-26T00:57:24.533Z,FALSE,"",16:50,TRUE
fare_BOM-DEL_QP_2026-09-25_T+30_1787707096938_i4fa,BOM-DEL,EaseMyTrip,QP,QP-1111,2026-09-25,T+30,5381,1181,6562,2026-08-26T00:57:24.533Z,FALSE,"",05:10,TRUE
fare_BOM-DEL_QP_2026-09-25_T+30_1787707096938_nq6r,BOM-DEL,EaseMyTrip,QP,QP-1835,2026-09-25,T+30,5381,1181,6562,2026-08-26T00:57:24.533Z,FALSE,"",11:50,TRUE
fare_BOM-DEL_6E_2026-09-25_T+30_1787707096938_mcly,BOM-DEL,EaseMyTrip,6E,6E-649,2026-09-25,T+30,5381,1181,6562,2026-08-26T00:57:24.533Z,FALSE,"",16:00,TRUE
fare_BOM-DEL_6E_2026-09-25_T+30_1787707096938_jxf3,BOM-DEL,EaseMyTrip,6E,6E-361,2026-09-25,T+30,5381,1181,6562,2026-08-26T00:57:24.533Z,FALSE,"",16:00,TRUE
fare_BOM-DEL_6E_2026-09-25_T+30_1787707096938_hjpd,BOM-DEL,EaseMyTrip,6E,6E-6704,2026-09-25,T+30,5381,1181,6562,2026-08-26T00:57:24.533Z,FALSE,"",14:00,TRUE
fare_BOM-DEL_6E_2026-09-25_T+30_1787707096938_1w8b,BOM-DEL,EaseMyTrip,6E,6E-6028,2026-09-25,T+30,5381,1181,6562,2026-08-26T00:57:24.533Z,FALSE,"",12:15,TRUE
fare_BOM-DEL_6E_2026-09-25_T+30_1787707096938_9azh,BOM-DEL,EaseMyTrip,6E,6E-420,2026-09-25,T+30,5381,1181,6562,2026-08-26T00:57:24.533Z,FALSE,"",13:00,TRUE
fare_BOM-DEL_6E_2026-09-25_T+30_1787707096938_4c4g,BOM-DEL,EaseMyTrip,6E,6E-737,2026-09-25,T+30,5381,1181,6562,2026-08-26T00:57:24.533Z,FALSE,"",13:00,TRUE
fare_BOM-DEL_6E_2026-09-25_T+30_1787707096938_xk74,BOM-DEL,EaseMyTrip,6E,6E-6052,2026-09-25,T+30,5381,1181,6562,2026-08-26T00:57:24.533Z,FALSE,"",10:00,TRUE
fare_BOM-DEL_6E_2026-09-25_T+30_1787707096938_eua4,BOM-DEL,EaseMyTrip,6E,6E-417,2026-09-25,T+30,5381,1181,6562,2026-08-26T00:57:24.533Z,FALSE,"",10:35,TRUE
fare_BOM-DEL_6E_2026-09-25_T+30_1787707096938_rabb,BOM-DEL,EaseMyTrip,6E,6E-363,2026-09-25,T+30,5381,1181,6562,2026-08-26T00:57:24.533Z,FALSE,"",10:35,TRUE
fare_BOM-DEL_QP_2026-09-25_T+30_1787707096938_o7dr,BOM-DEL,EaseMyTrip,QP,QP-1939,2026-09-25,T+30,5423,1191,6614,2026-08-26T00:57:24.533Z,FALSE,"",10:10,TRUE
fare_BOM-DEL_IX_2026-09-25_T+30_1787707096938_5iuo,BOM-DEL,EaseMyTrip,IX,IX-1671,2026-09-25,T+30,5682,1247,6929,2026-08-26T00:57:24.533Z,FALSE,"",16:45,TRUE
fare_BOM-DEL_6E_2026-09-25_T+30_1787707096938_gd86,BOM-DEL,EaseMyTrip,6E,6E-874,2026-09-25,T+30,5510,1210,6720,2026-08-26T00:57:24.533Z,FALSE,"",23:45,TRUE
fare_BOM-DEL_6E_2026-09-25_T+30_1787707096938_frce,BOM-DEL,EaseMyTrip,6E,6E-921,2026-09-25,T+30,5510,1210,6720,2026-08-26T00:57:24.533Z,FALSE,"",23:45,TRUE
fare_BOM-DEL_6E_2026-09-25_T+30_1787707096938_05xs,BOM-DEL,EaseMyTrip,6E,6E-6082,2026-09-25,T+30,5510,1210,6720,2026-08-26T00:57:24.533Z,FALSE,"",16:45,TRUE
fare_BOM-DEL_6E_2026-09-25_T+30_1787707096938_dzsl,BOM-DEL,EaseMyTrip,6E,6E-673,2026-09-25,T+30,5510,1210,6720,2026-08-26T00:57:24.533Z,FALSE,"",06:00,TRUE
fare_BOM-DEL_6E_2026-09-25_T+30_1787707096938_4itm,BOM-DEL,EaseMyTrip,6E,6E-296,2026-09-25,T+30,5510,1210,6720,2026-08-26T00:57:24.533Z,FALSE,"",06:00,TRUE
fare_BOM-DEL_6E_2026-09-25_T+30_1787707096938_3dyk,BOM-DEL,EaseMyTrip,6E,6E-186,2026-09-25,T+30,5510,1210,6720,2026-08-26T00:57:24.533Z,FALSE,"",09:00,TRUE
fare_BOM-DEL_6E_2026-09-25_T+30_1787707096938_0wp3,BOM-DEL,EaseMyTrip,6E,6E-376,2026-09-25,T+30,5510,1210,6720,2026-08-26T00:57:24.533Z,FALSE,"",09:00,TRUE
fare_BOM-DEL_IX_2026-09-25_T+30_1787707096938_6azo,BOM-DEL,EaseMyTrip,IX,IX-1026,2026-09-25,T+30,5930,1302,7232,2026-08-26T00:57:24.533Z,FALSE,"",05:45,FALSE
fare_BOM-DEL_IX_2026-09-25_T+30_1787707096938_ae6k,BOM-DEL,EaseMyTrip,IX,IX-1364,2026-09-25,T+30,5769,1266,7035,2026-08-26T00:57:24.533Z,FALSE,"",21:55,TRUE
fare_BOM-DEL_6E_2026-09-25_T+30_1787707096938_jliu,BOM-DEL,EaseMyTrip,6E,6E-2090,2026-09-25,T+30,5552,1219,6771,2026-08-26T00:57:24.533Z,FALSE,"",06:25,TRUE
fare_BOM-DEL_QP_2026-09-25_T+30_1787707096938_ajdr,BOM-DEL,EaseMyTrip,QP,QP-2071,2026-09-25,T+30,5560,1221,6781,2026-08-26T00:57:24.533Z,FALSE,"",06:05,TRUE
fare_BOM-DEL_QP_2026-09-25_T+30_1787707096938_vnmi,BOM-DEL,EaseMyTrip,QP,QP-1120,2026-09-25,T+30,5578,1224,6802,2026-08-26T00:57:24.533Z,FALSE,"",18:45,TRUE
fare_BOM-DEL_AI_2026-09-25_T+30_1787707096938_20uc,BOM-DEL,EaseMyTrip,AI,AI-2928,2026-09-25,T+30,5766,1266,7032,2026-08-26T00:57:24.533Z,FALSE,"",06:30,TRUE
fare_BOM-DEL_AI_2026-09-25_T+30_1787707096938_5vnz,BOM-DEL,EaseMyTrip,AI,AI-2677,2026-09-25,T+30,5766,1266,7032,2026-08-26T00:57:24.533Z,FALSE,"",13:00,TRUE
fare_BOM-DEL_AI_2026-09-25_T+30_1787707096938_7tog,BOM-DEL,EaseMyTrip,AI,AI-2422,2026-09-25,T+30,5766,1266,7032,2026-08-26T00:57:24.533Z,FALSE,"",01:00,TRUE
fare_BOM-DEL_AI_2026-09-25_T+30_1787707096938_msgc,BOM-DEL,EaseMyTrip,AI,AI-2419,2026-09-25,T+30,5766,1266,7032,2026-08-26T00:57:24.533Z,FALSE,"",12:00,TRUE
fare_BOM-DEL_AI_2026-09-25_T+30_1787707096938_mzwb,BOM-DEL,EaseMyTrip,AI,AI-1851,2026-09-25,T+30,5766,1266,7032,2026-08-26T00:57:24.533Z,FALSE,"",15:30,TRUE
fare_BOM-DEL_AI_2026-09-25_T+30_1787707096938_ywir,BOM-DEL,EaseMyTrip,AI,AI-1882,2026-09-25,T+30,5766,1266,7032,2026-08-26T00:57:24.533Z,FALSE,"",23:55,TRUE
fare_BOM-DEL_SG_2026-09-25_T+30_1787707096938_gnun,BOM-DEL,EaseMyTrip,SG,SG-932,2026-09-25,T+30,5785,1270,7055,2026-08-26T00:57:24.533Z,FALSE,"",06:25,TRUE
fare_BOM-DEL_SG_2026-09-25_T+30_1787707096938_ie83,BOM-DEL,EaseMyTrip,SG,SG-405,2026-09-25,T+30,5785,1270,7055,2026-08-26T00:57:24.533Z,FALSE,"",06:25,TRUE
fare_BOM-DEL_SG_2026-09-25_T+30_1787707096938_3vtc,BOM-DEL,EaseMyTrip,SG,SG-398,2026-09-25,T+30,5785,1270,7055,2026-08-26T00:57:24.533Z,FALSE,"",15:55,TRUE
fare_BOM-DEL_SG_2026-09-25_T+30_1787707096938_4utx,BOM-DEL,EaseMyTrip,SG,SG-500,2026-09-25,T+30,5785,1270,7055,2026-08-26T00:57:24.533Z,FALSE,"",15:55,TRUE
fare_BOM-DEL_6E_2026-09-25_T+30_1787707096938_7uxa,BOM-DEL,EaseMyTrip,6E,6E-472,2026-09-25,T+30,5683,1247,6930,2026-08-26T00:57:24.533Z,FALSE,"",22:15,TRUE
fare_BOM-DEL_6E_2026-09-25_T+30_1787707096938_h5py,BOM-DEL,EaseMyTrip,6E,6E-586,2026-09-25,T+30,5683,1247,6930,2026-08-26T00:57:24.533Z,FALSE,"",17:20,TRUE
fare_BOM-DEL_6E_2026-09-25_T+30_1787707096938_0scq,BOM-DEL,EaseMyTrip,6E,6E-146,2026-09-25,T+30,5683,1247,6930,2026-08-26T00:57:24.533Z,FALSE,"",17:20,TRUE
fare_BOM-DEL_6E_2026-09-25_T+30_1787707096938_jnn8,BOM-DEL,EaseMyTrip,6E,6E-927,2026-09-25,T+30,5683,1247,6930,2026-08-26T00:57:24.533Z,FALSE,"",15:00,TRUE
fare_BOM-DEL_6E_2026-09-25_T+30_1787707096938_040r,BOM-DEL,EaseMyTrip,6E,6E-662,2026-09-25,T+30,5683,1247,6930,2026-08-26T00:57:24.533Z,FALSE,"",15:00,TRUE
fare_BOM-DEL_6E_2026-09-25_T+30_1787707096938_o8i4,BOM-DEL,EaseMyTrip,6E,6E-566,2026-09-25,T+30,5683,1247,6930,2026-08-26T00:57:24.533Z,FALSE,"",07:00,TRUE
fare_BOM-DEL_6E_2026-09-25_T+30_1787707096938_jtxc,BOM-DEL,EaseMyTrip,6E,6E-743,2026-09-25,T+30,5683,1247,6930,2026-08-26T00:57:24.533Z,FALSE,"",07:00,TRUE
fare_BOM-DEL_6E_2026-09-25_T+30_1787707096938_5hrd,BOM-DEL,EaseMyTrip,6E,6E-677,2026-09-25,T+30,5683,1247,6930,2026-08-26T00:57:24.533Z,FALSE,"",08:00,TRUE
fare_BOM-DEL_6E_2026-09-25_T+30_1787707096938_2y2y,BOM-DEL,EaseMyTrip,6E,6E-365,2026-09-25,T+30,5683,1247,6930,2026-08-26T00:57:24.533Z,FALSE,"",08:00,TRUE
fare_BOM-DEL_6E_2026-09-25_T+30_1787707096938_7d44,BOM-DEL,EaseMyTrip,6E,6E-6827,2026-09-25,T+30,5683,1247,6930,2026-08-26T00:57:24.533Z,FALSE,"",11:30,TRUE
fare_BOM-DEL_6E_2026-09-25_T+30_1787707096938_yukl,BOM-DEL,EaseMyTrip,6E,6E-970,2026-09-25,T+30,5724,1257,6981,2026-08-26T00:57:24.533Z,FALSE,"",17:20,TRUE
fare_BOM-DEL_6E_2026-09-25_T+30_1787707096938_7745,BOM-DEL,EaseMyTrip,6E,6E-745,2026-09-25,T+30,5724,1257,6981,2026-08-26T00:57:24.533Z,FALSE,"",17:20,TRUE
fare_BOM-DEL_AI_2026-09-25_T+30_1787707096938_qn98,BOM-DEL,EaseMyTrip,AI,AI-2424,2026-09-25,T+30,5897,1294,7191,2026-08-26T00:57:24.533Z,FALSE,"",07:00,TRUE
fare_BOM-DEL_AI_2026-09-25_T+30_1787707096938_maq8,BOM-DEL,EaseMyTrip,AI,AI-2930,2026-09-25,T+30,5897,1294,7191,2026-08-26T00:57:24.533Z,FALSE,"",07:30,TRUE
fare_BOM-DEL_AI_2026-09-25_T+30_1787707096938_wly4,BOM-DEL,EaseMyTrip,AI,AI-2428,2026-09-25,T+30,5897,1294,7191,2026-08-26T00:57:24.533Z,FALSE,"",08:00,TRUE
fare_BOM-DEL_AI_2026-09-25_T+30_1787707096938_js62,BOM-DEL,EaseMyTrip,AI,AI-2970,2026-09-25,T+30,5897,1294,7191,2026-08-26T00:57:24.533Z,FALSE,"",08:30,TRUE
fare_BOM-DEL_AI_2026-09-25_T+30_1787707096938_7ztc,BOM-DEL,EaseMyTrip,AI,AI-2952,2026-09-25,T+30,5897,1294,7191,2026-08-26T00:57:24.533Z,FALSE,"",11:25,TRUE
fare_BOM-DEL_AI_2026-09-25_T+30_1787707096938_ms7h,BOM-DEL,EaseMyTrip,AI,AI-2944,2026-09-25,T+30,5897,1294,7191,2026-08-26T00:57:24.533Z,FALSE,"",14:35,TRUE
fare_BOM-DEL_AI_2026-09-25_T+30_1787707096938_18m4,BOM-DEL,EaseMyTrip,AI,AI-2442,2026-09-25,T+30,5897,1294,7191,2026-08-26T00:57:24.533Z,FALSE,"",15:00,TRUE
fare_BOM-DEL_AI_2026-09-25_T+30_1787707096938_nqbd,BOM-DEL,EaseMyTrip,AI,AI-2687,2026-09-25,T+30,5897,1294,7191,2026-08-26T00:57:24.533Z,FALSE,"",11:30,TRUE
fare_BOM-DEL_6E_2026-09-25_T+30_1787707096938_qkji,BOM-DEL,EaseMyTrip,6E,6E-2237,2026-09-25,T+30,5739,1260,6999,2026-08-26T00:57:24.533Z,FALSE,"",18:40,FALSE
fare_BOM-DEL_6E_2026-09-25_T+30_1787707096938_64sw,BOM-DEL,EaseMyTrip,6E,6E-5059,2026-09-25,T+30,5739,1260,6999,2026-08-26T00:57:24.533Z,FALSE,"",05:45,FALSE
fare_BOM-DEL_6E_2026-09-25_T+30_1787707096938_x3dn,BOM-DEL,EaseMyTrip,6E,6E-192,2026-09-25,T+30,5739,1260,6999,2026-08-26T00:57:24.533Z,FALSE,"",14:40,FALSE
fare_BOM-DEL_6E_2026-09-25_T+30_1787707096938_hcre,BOM-DEL,EaseMyTrip,6E,6E-598,2026-09-25,T+30,5739,1260,6999,2026-08-26T00:57:24.533Z,FALSE,"",14:40,FALSE
fare_BOM-DEL_6E_2026-09-25_T+30_1787707096938_7uy5,BOM-DEL,EaseMyTrip,6E,6E-910,2026-09-25,T+30,5739,1260,6999,2026-08-26T00:57:24.533Z,FALSE,"",01:30,FALSE
fare_BOM-DEL_6E_2026-09-25_T+30_1787707096938_kvym,BOM-DEL,EaseMyTrip,6E,6E-894,2026-09-25,T+30,5739,1260,6999,2026-08-26T00:57:24.533Z,FALSE,"",01:30,FALSE
fare_BOM-DEL_6E_2026-09-25_T+30_1787707096938_qm3r,BOM-DEL,EaseMyTrip,6E,6E-919,2026-09-25,T+30,5739,1260,6999,2026-08-26T00:57:24.533Z,FALSE,"",04:00,FALSE
fare_BOM-DEL_6E_2026-09-25_T+30_1787707096938_ne72,BOM-DEL,EaseMyTrip,6E,6E-962,2026-09-25,T+30,5739,1260,6999,2026-08-26T00:57:24.533Z,FALSE,"",04:00,FALSE
fare_BOM-DEL_6E_2026-09-25_T+30_1787707096938_rkyd,BOM-DEL,EaseMyTrip,6E,6E-2347,2026-09-25,T+30,5739,1260,6999,2026-08-26T00:57:24.533Z,FALSE,"",08:50,FALSE
fare_BOM-DEL_6E_2026-09-25_T+30_1787707096938_wx2c,BOM-DEL,EaseMyTrip,6E,6E-5107,2026-09-25,T+30,5739,1260,6999,2026-08-26T00:57:24.533Z,FALSE,"",20:00,FALSE
fare_BOM-DEL_6E_2026-09-25_T+30_1787707096938_x1aa,BOM-DEL,EaseMyTrip,6E,6E-5201,2026-09-25,T+30,5739,1260,6999,2026-08-26T00:57:24.533Z,FALSE,"",14:55,FALSE
fare_BOM-DEL_6E_2026-09-25_T+30_1787707096938_9qi0,BOM-DEL,EaseMyTrip,6E,6E-6599,2026-09-25,T+30,5847,1283,7130,2026-08-26T00:57:24.533Z,FALSE,"",16:50,FALSE
fare_BOM-DEL_6E_2026-09-25_T+30_1787707096938_v54z,BOM-DEL,EaseMyTrip,6E,6E-5147,2026-09-25,T+30,5847,1283,7130,2026-08-26T00:57:24.533Z,FALSE,"",18:35,FALSE
fare_BOM-DEL_6E_2026-09-25_T+30_1787707096938_ie1w,BOM-DEL,EaseMyTrip,6E,6E-5164,2026-09-25,T+30,5847,1283,7130,2026-08-26T00:57:24.533Z,FALSE,"",20:20,FALSE
fare_BOM-DEL_6E_2026-09-25_T+30_1787707096938_6l0s,BOM-DEL,EaseMyTrip,6E,6E-5131,2026-09-25,T+30,5847,1283,7130,2026-08-26T00:57:24.533Z,FALSE,"",15:50,FALSE
fare_BOM-DEL_6E_2026-09-25_T+30_1787707096938_9w9r,BOM-DEL,EaseMyTrip,6E,6E-6802,2026-09-25,T+30,5847,1283,7130,2026-08-26T00:57:24.533Z,FALSE,"",16:55,FALSE
fare_BOM-DEL_6E_2026-09-25_T+30_1787707096938_drqp,BOM-DEL,EaseMyTrip,6E,6E-5273,2026-09-25,T+30,5847,1283,7130,2026-08-26T00:57:24.533Z,FALSE,"",18:35,FALSE
fare_BOM-DEL_6E_2026-09-25_T+30_1787707096938_tsif,BOM-DEL,EaseMyTrip,6E,6E-6122,2026-09-25,T+30,5847,1283,7130,2026-08-26T00:57:24.533Z,FALSE,"",12:25,FALSE
fare_BOM-DEL_6E_2026-09-25_T+30_1787707096938_gy9v,BOM-DEL,EaseMyTrip,6E,6E-5345,2026-09-25,T+30,5847,1283,7130,2026-08-26T00:57:24.533Z,FALSE,"",14:25,FALSE
fare_BOM-DEL_6E_2026-09-25_T+30_1787707096938_23kg,BOM-DEL,EaseMyTrip,6E,6E-5135,2026-09-25,T+30,5888,1293,7181,2026-08-26T00:57:24.533Z,FALSE,"",23:20,FALSE
fare_BOM-DEL_6E_2026-09-25_T+30_1787707096938_5n5q,BOM-DEL,EaseMyTrip,6E,6E-6049,2026-09-25,T+30,5897,1295,7192,2026-08-26T00:57:24.533Z,FALSE,"",19:45,TRUE
fare_BOM-DEL_6E_2026-09-25_T+30_1787707096938_10hb,BOM-DEL,EaseMyTrip,6E,6E-107,2026-09-25,T+30,5897,1295,7192,2026-08-26T00:57:24.533Z,FALSE,"",19:00,TRUE
fare_BOM-DEL_6E_2026-09-25_T+30_1787707096938_f2ey,BOM-DEL,EaseMyTrip,6E,6E-204,2026-09-25,T+30,5897,1295,7192,2026-08-26T00:57:24.533Z,FALSE,"",19:00,TRUE
fare_BOM-DEL_6E_2026-09-25_T+30_1787707096938_p2tt,BOM-DEL,EaseMyTrip,6E,6E-6613,2026-09-25,T+30,5897,1295,7192,2026-08-26T00:57:24.533Z,FALSE,"",18:15,TRUE
fare_BOM-DEL_AI_2026-09-25_T+30_1787707096938_czft,BOM-DEL,EaseMyTrip,AI,AI-1895,2026-09-25,T+30,6069,1332,7401,2026-08-26T00:57:24.533Z,FALSE,"",21:30,TRUE
fare_BOM-DEL_AI_2026-09-25_T+30_1787707096938_kc2j,BOM-DEL,EaseMyTrip,AI,AI-2452,2026-09-25,T+30,6069,1332,7401,2026-08-26T00:57:24.533Z,FALSE,"",03:05,TRUE
fare_BOM-DEL_AI_2026-09-25_T+30_1787707096938_zwid,BOM-DEL,EaseMyTrip,AI,AI-2430,2026-09-25,T+30,6069,1332,7401,2026-08-26T00:57:24.533Z,FALSE,"",10:00,TRUE
fare_BOM-DEL_6E_2026-09-25_T+30_1787707096938_mcyr,BOM-DEL,EaseMyTrip,6E,6E-7017,2026-09-25,T+30,5907,1297,7204,2026-08-26T00:57:24.533Z,FALSE,"",21:30,FALSE
fare_BOM-DEL_6E_2026-09-25_T+30_1787707096938_syvl,BOM-DEL,EaseMyTrip,6E,6E-2138,2026-09-25,T+30,5907,1297,7204,2026-08-26T00:57:24.533Z,FALSE,"",16:20,FALSE
fare_BOM-DEL_6E_2026-09-25_T+30_1787707096938_c7bw,BOM-DEL,EaseMyTrip,6E,6E-5238,2026-09-25,T+30,5907,1297,7204,2026-08-26T00:57:24.533Z,FALSE,"",18:25,FALSE
fare_BOM-DEL_6E_2026-09-25_T+30_1787707096938_lnvi,BOM-DEL,EaseMyTrip,6E,6E-5028,2026-09-25,T+30,5911,1298,7209,2026-08-26T00:57:24.533Z,FALSE,"",19:35,FALSE
fare_BOM-DEL_6E_2026-09-25_T+30_1787707096938_ppt9,BOM-DEL,EaseMyTrip,6E,6E-852,2026-09-25,T+30,5911,1298,7209,2026-08-26T00:57:24.533Z,FALSE,"",19:20,FALSE
fare_BOM-DEL_6E_2026-09-25_T+30_1787707096938_3tuu,BOM-DEL,EaseMyTrip,6E,6E-128,2026-09-25,T+30,5911,1298,7209,2026-08-26T00:57:24.533Z,FALSE,"",19:20,FALSE
fare_BOM-DEL_6E_2026-09-25_T+30_1787707096938_wo2a,BOM-DEL,EaseMyTrip,6E,6E-863,2026-09-25,T+30,5911,1298,7209,2026-08-26T00:57:24.533Z,FALSE,"",04:30,FALSE
fare_BOM-DEL_6E_2026-09-25_T+30_1787707096938_ureo,BOM-DEL,EaseMyTrip,6E,6E-606,2026-09-25,T+30,5911,1298,7209,2026-08-26T00:57:24.533Z,FALSE,"",04:30,FALSE
fare_BOM-DEL_6E_2026-09-25_T+30_1787707096938_69hf,BOM-DEL,EaseMyTrip,6E,6E-5197,2026-09-25,T+30,5940,1304,7244,2026-08-26T00:57:24.533Z,FALSE,"",06:40,TRUE
fare_BOM-DEL_6E_2026-09-25_T+30_1787707096938_frz2,BOM-DEL,EaseMyTrip,6E,6E-6543,2026-09-25,T+30,5965,1309,7274,2026-08-26T00:57:24.533Z,FALSE,"",07:50,FALSE
fare_BOM-DEL_6E_2026-09-25_T+30_1787707096938_5tzd,BOM-DEL,EaseMyTrip,6E,6E-5386,2026-09-25,T+30,6019,1321,7340,2026-08-26T00:57:24.533Z,FALSE,"",15:10,FALSE
fare_BOM-DEL_6E_2026-09-25_T+30_1787707096938_yovc,BOM-DEL,EaseMyTrip,6E,6E-5318,2026-09-25,T+30,6019,1321,7340,2026-08-26T00:57:24.533Z,FALSE,"",10:15,FALSE
fare_BOM-DEL_6E_2026-09-25_T+30_1787707096938_fwqw,BOM-DEL,EaseMyTrip,6E,6E-6195,2026-09-25,T+30,6019,1321,7340,2026-08-26T00:57:24.533Z,FALSE,"",23:00,FALSE
fare_BOM-DEL_6E_2026-09-25_T+30_1787707096938_9s9o,BOM-DEL,EaseMyTrip,6E,6E-5326,2026-09-25,T+30,6019,1321,7340,2026-08-26T00:57:24.533Z,FALSE,"",19:40,FALSE
fare_BOM-DEL_AI_2026-09-25_T+30_1787707096938_xb0o,BOM-DEL,EaseMyTrip,AI,AI-816,2026-09-25,T+30,6220,1365,7585,2026-08-26T00:57:24.533Z,FALSE,"",21:00,TRUE
fare_BOM-DEL_AI_2026-09-25_T+30_1787707096938_reif,BOM-DEL,EaseMyTrip,AI,AI-2988,2026-09-25,T+30,6220,1365,7585,2026-08-26T00:57:24.533Z,FALSE,"",20:30,TRUE
fare_BOM-DEL_AI_2026-09-25_T+30_1787707096938_ov82,BOM-DEL,EaseMyTrip,AI,AI-2408,2026-09-25,T+30,6270,1376,7646,2026-08-26T00:57:24.533Z,FALSE,"",19:30,TRUE
fare_BOM-DEL_AI_2026-09-25_T+30_1787707096938_3sle,BOM-DEL,EaseMyTrip,AI,AI-2426,2026-09-25,T+30,6270,1376,7646,2026-08-26T00:57:24.533Z,FALSE,"",19:00,TRUE
fare_BOM-DEL_AI_2026-09-25_T+30_1787707096938_w20e,BOM-DEL,EaseMyTrip,AI,AI-2432,2026-09-25,T+30,6283,1379,7662,2026-08-26T00:57:24.533Z,FALSE,"",09:30,TRUE
fare_BOM-DEL_AI_2026-09-25_T+30_1787707096938_2itu,BOM-DEL,EaseMyTrip,AI,AI-2960,2026-09-25,T+30,6283,1379,7662,2026-08-26T00:57:24.533Z,FALSE,"",14:05,TRUE
fare_BOM-DEL_AI_2026-09-25_T+30_1787707096938_yo42,BOM-DEL,EaseMyTrip,AI,AI-2986,2026-09-25,T+30,6283,1379,7662,2026-08-26T00:57:24.533Z,FALSE,"",22:35,TRUE
fare_BOM-DEL_6E_2026-09-25_T+30_1787707096938_26u1,BOM-DEL,EaseMyTrip,6E,6E-505,2026-09-25,T+30,6156,1351,7507,2026-08-26T00:57:24.533Z,FALSE,"",05:00,TRUE
fare_BOM-DEL_6E_2026-09-25_T+30_1787707096938_9q77,BOM-DEL,EaseMyTrip,6E,6E-600,2026-09-25,T+30,6156,1351,7507,2026-08-26T00:57:24.533Z,FALSE,"",05:00,TRUE
fare_BOM-DEL_6E_2026-09-25_T+30_1787707096938_4g7j,BOM-DEL,EaseMyTrip,6E,6E-255,2026-09-25,T+30,6156,1351,7507,2026-08-26T00:57:24.533Z,FALSE,"",21:15,TRUE
fare_BOM-DEL_6E_2026-09-25_T+30_1787707096938_6v7s,BOM-DEL,EaseMyTrip,6E,6E-455,2026-09-25,T+30,6156,1351,7507,2026-08-26T00:57:24.533Z,FALSE,"",21:15,TRUE
fare_BOM-DEL_6E_2026-09-25_T+30_1787707096938_plta,BOM-DEL,EaseMyTrip,6E,6E-364,2026-09-25,T+30,6156,1351,7507,2026-08-26T00:57:24.533Z,FALSE,"",20:20,TRUE
fare_BOM-DEL_6E_2026-09-25_T+30_1787707096938_twed,BOM-DEL,EaseMyTrip,6E,6E-385,2026-09-25,T+30,6156,1351,7507,2026-08-26T00:57:24.533Z,FALSE,"",20:20,TRUE
fare_BOM-DEL_AI_2026-09-25_T+30_1787707096938_v9dr,BOM-DEL,EaseMyTrip,AI,AI-2940,2026-09-25,T+30,6440,1414,7854,2026-08-26T00:57:24.533Z,FALSE,"",20:00,TRUE
fare_BOM-DEL_6E_2026-09-25_T+30_1787707096938_0tby,BOM-DEL,EaseMyTrip,6E,6E-6058,2026-09-25,T+30,6305,1384,7689,2026-08-26T00:57:24.533Z,FALSE,"",08:05,FALSE
fare_BOM-DEL_AI_2026-09-25_T+30_1787707096938_ajm6,BOM-DEL,EaseMyTrip,AI,AI-2440,2026-09-25,T+30,6493,1425,7918,2026-08-26T00:57:24.533Z,FALSE,"",18:00,TRUE
fare_BOM-DEL_IX_2026-09-25_T+30_1787707096938_0b0y,BOM-DEL,EaseMyTrip,IX,IX-1237,2026-09-25,T+30,6857,1505,8362,2026-08-26T00:57:24.533Z,FALSE,"",05:55,FALSE
fare_BOM-DEL_IX_2026-09-25_T+30_1787707096938_0sl4,BOM-DEL,EaseMyTrip,IX,IX-2153,2026-09-25,T+30,6646,1459,8105,2026-08-26T00:57:24.533Z,FALSE,"",20:25,TRUE
fare_BOM-DEL_6E_2026-09-25_T+30_1787707096938_avto,BOM-DEL,EaseMyTrip,6E,6E-5181,2026-09-25,T+30,6808,1494,8302,2026-08-26T00:57:24.533Z,FALSE,"",10:25,FALSE
fare_BOM-DEL_6E_2026-09-25_T+30_1787707096938_m1pv,BOM-DEL,EaseMyTrip,6E,6E-2703,2026-09-25,T+30,6862,1506,8368,2026-08-26T00:57:24.533Z,FALSE,"",10:20,FALSE
fare_BOM-DEL_6E_2026-09-25_T+30_1787707096938_7lam,BOM-DEL,EaseMyTrip,6E,6E-2024,2026-09-25,T+30,6980,1532,8512,2026-08-26T00:57:24.533Z,FALSE,"",09:15,FALSE
fare_BOM-DEL_6E_2026-09-25_T+30_1787707096938_k5uo,BOM-DEL,EaseMyTrip,6E,6E-5144,2026-09-25,T+30,6990,1534,8524,2026-08-26T00:57:24.533Z,FALSE,"",06:10,FALSE
fare_BOM-DEL_IX_2026-09-25_T+30_1787707096938_e0eg,BOM-DEL,EaseMyTrip,IX,IX-1163,2026-09-25,T+30,7512,1649,9161,2026-08-26T00:57:24.533Z,FALSE,"",20:45,FALSE
fare_BOM-DEL_AI_2026-09-25_T+30_1787707096938_m6id,BOM-DEL,EaseMyTrip,AI,AI-1891,2026-09-25,T+30,7314,1606,8920,2026-08-26T00:57:24.533Z,FALSE,"",08:10,TRUE
fare_BOM-DEL_IX_2026-09-25_T+30_1787707096938_2z2d,BOM-DEL,EaseMyTrip,IX,IX-1023,2026-09-25,T+30,7466,1639,9105,2026-08-26T00:57:24.533Z,FALSE,"",11:25,FALSE
fare_BOM-DEL_IX_2026-09-25_T+30_1787707096938_663c,BOM-DEL,EaseMyTrip,IX,IX-1809,2026-09-25,T+30,7466,1639,9105,2026-08-26T00:57:24.533Z,FALSE,"",07:30,FALSE
fare_BOM-DEL_6E_2026-09-25_T+30_1787707096938_mlq5,BOM-DEL,EaseMyTrip,6E,6E-5178,2026-09-25,T+30,9238,2028,11266,2026-08-26T00:57:24.533Z,TRUE,"High outlier: ₹11266 > upper fence ₹10915 (Q3: ₹8524, IQR: ₹1594)",11:45,FALSE
fare_BOM-DEL_AI_2026-09-25_T+30_1787707096938_cxw2,BOM-DEL,EaseMyTrip,AI,AI-9753,2026-09-25,T+30,9577,2102,11679,2026-08-26T00:57:24.533Z,TRUE,"High outlier: ₹11679 > upper fence ₹10915 (Q3: ₹8524, IQR: ₹1594)",05:45,FALSE
fare_BOM-DEL_6E_2026-09-25_T+30_1787707096938_i5m0,BOM-DEL,EaseMyTrip,6E,6E-5056,2026-09-25,T+30,9715,2133,11848,2026-08-26T00:57:24.533Z,TRUE,"High outlier: ₹11848 > upper fence ₹10915 (Q3: ₹8524, IQR: ₹1594)",21:10,FALSE
fare_BOM-DEL_6E_2026-09-25_T+30_1787707096938_matc,BOM-DEL,EaseMyTrip,6E,6E-486,2026-09-25,T+30,9804,2152,11956,2026-08-26T00:57:24.533Z,TRUE,"High outlier: ₹11956 > upper fence ₹10915 (Q3: ₹8524, IQR: ₹1594)",12:40,FALSE
fare_BOM-DEL_6E_2026-09-25_T+30_1787707096938_vkka,BOM-DEL,EaseMyTrip,6E,6E-802,2026-09-25,T+30,9804,2152,11956,2026-08-26T00:57:24.533Z,TRUE,"High outlier: ₹11956 > upper fence ₹10915 (Q3: ₹8524, IQR: ₹1594)",12:40,FALSE
fare_BOM-DEL_AI_2026-09-25_T+30_1787707096938_zw2b,BOM-DEL,EaseMyTrip,AI,AI-2491,2026-09-25,T+30,10251,2250,12501,2026-08-26T00:57:24.533Z,TRUE,"High outlier: ₹12501 > upper fence ₹10915 (Q3: ₹8524, IQR: ₹1594)",11:15,FALSE
fare_BOM-DEL_IX_2026-09-25_T+30_1787707096938_iwom,BOM-DEL,EaseMyTrip,IX,IX-1347,2026-09-25,T+30,10350,2272,12622,2026-08-26T00:57:24.533Z,TRUE,"High outlier: ₹12622 > upper fence ₹10915 (Q3: ₹8524, IQR: ₹1594)",06:00,FALSE
fare_BOM-DEL_6E_2026-09-25_T+30_1787707096938_ongr,BOM-DEL,EaseMyTrip,6E,6E-5154,2026-09-25,T+30,10181,2235,12416,2026-08-26T00:57:24.533Z,TRUE,"High outlier: ₹12416 > upper fence ₹10915 (Q3: ₹8524, IQR: ₹1594)",15:45,FALSE
fare_BOM-DEL_IX_2026-09-25_T+30_1787707096938_woz4,BOM-DEL,EaseMyTrip,IX,IX-1626,2026-09-25,T+30,10514,2308,12822,2026-08-26T00:57:24.533Z,TRUE,"High outlier: ₹12822 > upper fence ₹10915 (Q3: ₹8524, IQR: ₹1594)",12:00,FALSE
fare_BOM-DEL_6E_2026-09-25_T+30_1787707096938_u625,BOM-DEL,EaseMyTrip,6E,6E-5246,2026-09-25,T+30,10869,2386,13255,2026-08-26T00:57:24.533Z,TRUE,"High outlier: ₹13255 > upper fence ₹10915 (Q3: ₹8524, IQR: ₹1594)",07:15,FALSE
fare_BOM-DEL_AI_2026-09-25_T+30_1787707096938_2stl,BOM-DEL,EaseMyTrip,AI,AI-2847,2026-09-25,T+30,11214,2461,13675,2026-08-26T00:57:24.533Z,TRUE,"High outlier: ₹13675 > upper fence ₹10915 (Q3: ₹8524, IQR: ₹1594)",10:00,FALSE
fare_BOM-DEL_AI_2026-09-25_T+30_1787707096938_hrt1,BOM-DEL,EaseMyTrip,AI,AI-2493,2026-09-25,T+30,11214,2461,13675,2026-08-26T00:57:24.533Z,TRUE,"High outlier: ₹13675 > upper fence ₹10915 (Q3: ₹8524, IQR: ₹1594)",18:25,FALSE
fare_BOM-DEL_AI_2026-09-25_T+30_1787707096938_tb0d,BOM-DEL,EaseMyTrip,AI,AI-2915,2026-09-25,T+30,11236,2466,13702,2026-08-26T00:57:24.533Z,TRUE,"High outlier: ₹13702 > upper fence ₹10915 (Q3: ₹8524, IQR: ₹1594)",15:30,FALSE
fare_BOM-DEL_AI_2026-09-25_T+30_1787707096938_kidu,BOM-DEL,EaseMyTrip,AI,AI-2919,2026-09-25,T+30,11236,2466,13702,2026-08-26T00:57:24.533Z,TRUE,"High outlier: ₹13702 > upper fence ₹10915 (Q3: ₹8524, IQR: ₹1594)",21:35,FALSE
fare_BOM-DEL_AI_2026-09-25_T+30_1787707096938_v0my,BOM-DEL,EaseMyTrip,AI,AI-493,2026-09-25,T+30,11399,2502,13901,2026-08-26T00:57:24.533Z,TRUE,"High outlier: ₹13901 > upper fence ₹10915 (Q3: ₹8524, IQR: ₹1594)",06:40,FALSE
fare_BOM-DEL_AI_2026-09-25_T+30_1787707096938_t62h,BOM-DEL,EaseMyTrip,AI,AI-2503,2026-09-25,T+30,11399,2502,13901,2026-08-26T00:57:24.533Z,TRUE,"High outlier: ₹13901 > upper fence ₹10915 (Q3: ₹8524, IQR: ₹1594)",12:55,FALSE
fare_BOM-DEL_6E_2026-09-25_T+30_1787707096938_kdyo,BOM-DEL,EaseMyTrip,6E,6E-6027,2026-09-25,T+30,12046,2644,14690,2026-08-26T00:57:24.533Z,TRUE,"High outlier: ₹14690 > upper fence ₹10915 (Q3: ₹8524, IQR: ₹1594)",17:35,FALSE
fare_BOM-DEL_AI_2026-09-25_T+30_1787707096938_orzi,BOM-DEL,EaseMyTrip,AI,AI-2931,2026-09-25,T+30,12254,2690,14944,2026-08-26T00:57:24.533Z,TRUE,"High outlier: ₹14944 > upper fence ₹10915 (Q3: ₹8524, IQR: ₹1594)",04:30,FALSE
fare_BOM-DEL_IX_2026-09-25_T+30_1787707096938_phww,BOM-DEL,EaseMyTrip,IX,IX-1164,2026-09-25,T+30,12630,2773,15403,2026-08-26T00:57:24.533Z,TRUE,"High outlier: ₹15403 > upper fence ₹10915 (Q3: ₹8524, IQR: ₹1594)",17:35,FALSE
fare_BOM-DEL_AI_2026-09-25_T+30_1787707096938_36te,BOM-DEL,EaseMyTrip,AI,AI-2785,2026-09-25,T+30,12656,2778,15434,2026-08-26T00:57:24.533Z,TRUE,"High outlier: ₹15434 > upper fence ₹10915 (Q3: ₹8524, IQR: ₹1594)",06:40,FALSE
fare_BOM-DEL_6E_2026-09-25_T+30_1787707096938_5ax5,BOM-DEL,EaseMyTrip,6E,6E-6361,2026-09-25,T+30,12850,2821,15671,2026-08-26T00:57:24.533Z,TRUE,"High outlier: ₹15671 > upper fence ₹10915 (Q3: ₹8524, IQR: ₹1594)",05:00,FALSE
fare_BOM-DEL_AI_2026-09-25_T+30_1787707096938_tglu,BOM-DEL,EaseMyTrip,AI,AI-2659,2026-09-25,T+30,13091,2874,15965,2026-08-26T00:57:24.533Z,TRUE,"High outlier: ₹15965 > upper fence ₹10915 (Q3: ₹8524, IQR: ₹1594)",14:35,FALSE
fare_BOM-DEL_IX_2026-09-25_T+30_1787707096938_1gzz,BOM-DEL,EaseMyTrip,IX,IX-1640,2026-09-25,T+30,13168,2891,16059,2026-08-26T00:57:24.533Z,TRUE,"High outlier: ₹16059 > upper fence ₹10915 (Q3: ₹8524, IQR: ₹1594)",21:10,FALSE
fare_BOM-DEL_AI_2026-09-25_T+30_1787707096938_rd5p,BOM-DEL,EaseMyTrip,AI,AI-2753,2026-09-25,T+30,13595,2984,16579,2026-08-26T00:57:24.533Z,TRUE,"High outlier: ₹16579 > upper fence ₹10915 (Q3: ₹8524, IQR: ₹1594)",13:50,FALSE
fare_BOM-DEL_AI_2026-09-25_T+30_1787707096938_n5wm,BOM-DEL,EaseMyTrip,AI,AI-9558,2026-09-25,T+30,13722,3012,16734,2026-08-26T00:57:24.533Z,TRUE,"High outlier: ₹16734 > upper fence ₹10915 (Q3: ₹8524, IQR: ₹1594)",07:30,FALSE
fare_BOM-DEL_AI_2026-09-25_T+30_1787707096938_gqi3,BOM-DEL,EaseMyTrip,AI,AI-9891,2026-09-25,T+30,13751,3018,16769,2026-08-26T00:57:24.533Z,TRUE,"High outlier: ₹16769 > upper fence ₹10915 (Q3: ₹8524, IQR: ₹1594)",13:10,FALSE
fare_BOM-DEL_AI_2026-09-25_T+30_1787707096938_3ooz,BOM-DEL,EaseMyTrip,AI,AI-2749,2026-09-25,T+30,14173,3111,17284,2026-08-26T00:57:24.533Z,TRUE,"High outlier: ₹17284 > upper fence ₹10915 (Q3: ₹8524, IQR: ₹1594)",17:35,FALSE
fare_BOM-DEL_AI_2026-09-25_T+30_1787707096938_kygy,BOM-DEL,EaseMyTrip,AI,AI-2741,2026-09-25,T+30,14403,3162,17565,2026-08-26T00:57:24.533Z,TRUE,"High outlier: ₹17565 > upper fence ₹10915 (Q3: ₹8524, IQR: ₹1594)",07:40,FALSE
fare_BOM-DEL_6E_2026-09-25_T+30_1787707096938_73cr,BOM-DEL,EaseMyTrip,6E,6E-5281,2026-09-25,T+30,14342,3148,17490,2026-08-26T00:57:24.533Z,TRUE,"High outlier: ₹17490 > upper fence ₹10915 (Q3: ₹8524, IQR: ₹1594)",08:40,FALSE
fare_BOM-DEL_AI_2026-09-25_T+30_1787707096938_72j7,BOM-DEL,EaseMyTrip,AI,AI-2728,2026-09-25,T+30,14523,3188,17711,2026-08-26T00:57:24.533Z,TRUE,"High outlier: ₹17711 > upper fence ₹10915 (Q3: ₹8524, IQR: ₹1594)",05:20,FALSE
fare_BOM-DEL_AI_2026-09-25_T+30_1787707096938_nrp1,BOM-DEL,EaseMyTrip,AI,AI-2875,2026-09-25,T+30,14603,3206,17809,2026-08-26T00:57:24.533Z,TRUE,"High outlier: ₹17809 > upper fence ₹10915 (Q3: ₹8524, IQR: ₹1594)",19:35,FALSE
fare_BOM-DEL_AI_2026-09-25_T+30_1787707096938_32qh,BOM-DEL,EaseMyTrip,AI,AI-2625,2026-09-25,T+30,14755,3239,17994,2026-08-26T00:57:24.533Z,TRUE,"High outlier: ₹17994 > upper fence ₹10915 (Q3: ₹8524, IQR: ₹1594)",06:00,FALSE
fare_BOM-DEL_AI_2026-09-25_T+30_1787707096938_mwhz,BOM-DEL,EaseMyTrip,AI,AI-2444,2026-09-25,T+30,14881,3266,18147,2026-08-26T00:57:24.533Z,TRUE,"High outlier: ₹18147 > upper fence ₹10915 (Q3: ₹8524, IQR: ₹1594)",10:50,FALSE
fare_BOM-DEL_AI_2026-09-25_T+30_1787707096938_z3iz,BOM-DEL,EaseMyTrip,AI,AI-2869,2026-09-25,T+30,14881,3266,18147,2026-08-26T00:57:24.533Z,TRUE,"High outlier: ₹18147 > upper fence ₹10915 (Q3: ₹8524, IQR: ₹1594)",21:25,FALSE
fare_BOM-DEL_AI_2026-09-25_T+30_1787707096938_ftay,BOM-DEL,EaseMyTrip,AI,AI-2997,2026-09-25,T+30,14958,3283,18241,2026-08-26T00:57:24.533Z,TRUE,"High outlier: ₹18241 > upper fence ₹10915 (Q3: ₹8524, IQR: ₹1594)",10:10,FALSE
fare_BOM-DEL_AI_2026-09-25_T+30_1787707096938_nhu6,BOM-DEL,EaseMyTrip,AI,AI-2531,2026-09-25,T+30,15132,3322,18454,2026-08-26T00:57:24.533Z,TRUE,"High outlier: ₹18454 > upper fence ₹10915 (Q3: ₹8524, IQR: ₹1594)",15:05,FALSE
fare_BOM-DEL_IX_2026-09-25_T+30_1787707096938_gyux,BOM-DEL,EaseMyTrip,IX,IX-1283,2026-09-25,T+30,15646,3435,19081,2026-08-26T00:57:24.533Z,TRUE,"High outlier: ₹19081 > upper fence ₹10915 (Q3: ₹8524, IQR: ₹1594)",09:05,FALSE
fare_BOM-DEL_AI_2026-09-25_T+30_1787707096938_xxyn,BOM-DEL,EaseMyTrip,AI,AI-2853,2026-09-25,T+30,16972,3725,20697,2026-08-26T00:57:24.533Z,TRUE,"High outlier: ₹20697 > upper fence ₹10915 (Q3: ₹8524, IQR: ₹1594)",15:25,FALSE
fare_BOM-DEL_AI_2026-09-25_T+30_1787707096938_6hv5,BOM-DEL,EaseMyTrip,AI,AI-2781,2026-09-25,T+30,20541,4509,25050,2026-08-26T00:57:24.533Z,TRUE,"High outlier: ₹25050 > upper fence ₹10915 (Q3: ₹8524, IQR: ₹1594)",10:50,FALSE
fare_BOM-DEL_IX_2026-09-25_T+30_1787707096938_ryk0,BOM-DEL,EaseMyTrip,IX,IX-1238,2026-09-25,T+30,25907,5687,31594,2026-08-26T00:57:24.533Z,TRUE,"High outlier: ₹31594 > upper fence ₹10915 (Q3: ₹8524, IQR: ₹1594)",12:25,FALSE
fare_BOM-DEL_AI_2026-09-25_T+30_1787707096938_pguo,BOM-DEL,EaseMyTrip,AI,AI-2579,2026-09-25,T+30,31627,6943,38570,2026-08-26T00:57:24.533Z,TRUE,"High outlier: ₹38570 > upper fence ₹10915 (Q3: ₹8524, IQR: ₹1594)",10:35,FALSE
fare_BOM-DEL_6E_2026-09-02_T+7_1787707096939_jm90,BOM-DEL,EaseMyTrip,6E,6E-5095,2026-09-02,T+7,5014,1101,6115,2026-08-26T00:57:12.806Z,FALSE,"",09:20,TRUE
fare_BOM-DEL_SG_2026-09-02_T+7_1787707096939_55k0,BOM-DEL,EaseMyTrip,SG,SG-296,2026-09-02,T+7,5188,1139,6327,2026-08-26T00:57:12.806Z,FALSE,"",01:50,TRUE
fare_BOM-DEL_SG_2026-09-02_T+7_1787707096939_zoz5,BOM-DEL,EaseMyTrip,SG,SG-901,2026-09-02,T+7,5188,1139,6327,2026-08-26T00:57:12.806Z,FALSE,"",01:50,TRUE
fare_BOM-DEL_SG_2026-09-02_T+7_1787707096939_x2wd,BOM-DEL,EaseMyTrip,SG,SG-350,2026-09-02,T+7,5188,1139,6327,2026-08-26T00:57:12.806Z,FALSE,"",23:55,TRUE
fare_BOM-DEL_SG_2026-09-02_T+7_1787707096939_2pp3,BOM-DEL,EaseMyTrip,SG,SG-981,2026-09-02,T+7,5188,1139,6327,2026-08-26T00:57:12.806Z,FALSE,"",23:55,TRUE
fare_BOM-DEL_6E_2026-09-02_T+7_1787707096939_ht08,BOM-DEL,EaseMyTrip,6E,6E-6027,2026-09-02,T+7,5145,1129,6274,2026-08-26T00:57:12.806Z,FALSE,"",17:35,FALSE
fare_BOM-DEL_6E_2026-09-02_T+7_1787707096939_q4qu,BOM-DEL,EaseMyTrip,6E,6E-5147,2026-09-02,T+7,5145,1129,6274,2026-08-26T00:57:12.806Z,FALSE,"",18:35,FALSE
fare_BOM-DEL_6E_2026-09-02_T+7_1787707096939_u0mu,BOM-DEL,EaseMyTrip,6E,6E-5164,2026-09-02,T+7,5145,1129,6274,2026-08-26T00:57:12.806Z,FALSE,"",20:20,FALSE
fare_BOM-DEL_6E_2026-09-02_T+7_1787707096939_8xyf,BOM-DEL,EaseMyTrip,6E,6E-6058,2026-09-02,T+7,5145,1129,6274,2026-08-26T00:57:12.806Z,FALSE,"",08:05,FALSE
fare_BOM-DEL_6E_2026-09-02_T+7_1787707096939_hppk,BOM-DEL,EaseMyTrip,6E,6E-5154,2026-09-02,T+7,5145,1129,6274,2026-08-26T00:57:12.806Z,FALSE,"",15:45,FALSE
fare_BOM-DEL_6E_2026-09-02_T+7_1787707096939_zxhy,BOM-DEL,EaseMyTrip,6E,6E-5131,2026-09-02,T+7,5145,1129,6274,2026-08-26T00:57:12.806Z,FALSE,"",15:50,FALSE
fare_BOM-DEL_6E_2026-09-02_T+7_1787707096939_autu,BOM-DEL,EaseMyTrip,6E,6E-6122,2026-09-02,T+7,5145,1129,6274,2026-08-26T00:57:12.806Z,FALSE,"",12:25,FALSE
fare_BOM-DEL_6E_2026-09-02_T+7_1787707096939_9cde,BOM-DEL,EaseMyTrip,6E,6E-5345,2026-09-02,T+7,5145,1129,6274,2026-08-26T00:57:12.806Z,FALSE,"",14:25,FALSE
fare_BOM-DEL_IX_2026-09-02_T+7_1787707096939_c9i5,BOM-DEL,EaseMyTrip,IX,IX-1050,2026-09-02,T+7,5380,1181,6561,2026-08-26T00:57:12.806Z,FALSE,"",08:55,TRUE
fare_BOM-DEL_IX_2026-09-02_T+7_1787707096939_5q0x,BOM-DEL,EaseMyTrip,IX,IX-1364,2026-09-02,T+7,5380,1181,6561,2026-08-26T00:57:12.806Z,FALSE,"",21:55,TRUE
fare_BOM-DEL_IX_2026-09-02_T+7_1787707096939_5tqb,BOM-DEL,EaseMyTrip,IX,IX-2153,2026-09-02,T+7,5381,1181,6562,2026-08-26T00:57:12.806Z,FALSE,"",20:25,TRUE
fare_BOM-DEL_IX_2026-09-02_T+7_1787707096939_6k4r,BOM-DEL,EaseMyTrip,IX,IX-1163,2026-09-02,T+7,5595,1228,6823,2026-08-26T00:57:12.806Z,FALSE,"",20:45,FALSE
fare_BOM-DEL_IX_2026-09-02_T+7_1787707096939_vork,BOM-DEL,EaseMyTrip,IX,IX-1787,2026-09-02,T+7,5595,1228,6823,2026-08-26T00:57:12.806Z,FALSE,"",13:10,FALSE
fare_BOM-DEL_6E_2026-09-02_T+7_1787707096939_72b6,BOM-DEL,EaseMyTrip,6E,6E-5028,2026-09-02,T+7,5209,1143,6352,2026-08-26T00:57:12.806Z,FALSE,"",19:35,FALSE
fare_BOM-DEL_6E_2026-09-02_T+7_1787707096939_frfo,BOM-DEL,EaseMyTrip,6E,6E-405,2026-09-02,T+7,5209,1143,6352,2026-08-26T00:57:12.806Z,FALSE,"",19:20,FALSE
fare_BOM-DEL_6E_2026-09-02_T+7_1787707096939_kqe4,BOM-DEL,EaseMyTrip,6E,6E-617,2026-09-02,T+7,5209,1143,6352,2026-08-26T00:57:12.806Z,FALSE,"",19:20,FALSE
fare_BOM-DEL_6E_2026-09-02_T+7_1787707096939_sslm,BOM-DEL,EaseMyTrip,6E,6E-544,2026-09-02,T+7,5209,1143,6352,2026-08-26T00:57:12.806Z,FALSE,"",04:45,FALSE
fare_BOM-DEL_6E_2026-09-02_T+7_1787707096939_3xft,BOM-DEL,EaseMyTrip,6E,6E-444,2026-09-02,T+7,5209,1143,6352,2026-08-26T00:57:12.806Z,FALSE,"",04:45,FALSE
fare_BOM-DEL_6E_2026-09-02_T+7_1787707096939_2ult,BOM-DEL,EaseMyTrip,6E,6E-2138,2026-09-02,T+7,5238,1150,6388,2026-08-26T00:57:12.806Z,FALSE,"",16:20,FALSE
fare_BOM-DEL_6E_2026-09-02_T+7_1787707096939_udd2,BOM-DEL,EaseMyTrip,6E,6E-5238,2026-09-02,T+7,5238,1150,6388,2026-08-26T00:57:12.806Z,FALSE,"",18:25,FALSE
fare_BOM-DEL_6E_2026-09-02_T+7_1787707096939_xt78,BOM-DEL,EaseMyTrip,6E,6E-6543,2026-09-02,T+7,5263,1155,6418,2026-08-26T00:57:12.806Z,FALSE,"",07:50,FALSE
fare_BOM-DEL_6E_2026-09-02_T+7_1787707096939_asil,BOM-DEL,EaseMyTrip,6E,6E-640,2026-09-02,T+7,5317,1167,6484,2026-08-26T00:57:12.806Z,FALSE,"",17:45,FALSE
fare_BOM-DEL_6E_2026-09-02_T+7_1787707096939_xgeg,BOM-DEL,EaseMyTrip,6E,6E-943,2026-09-02,T+7,5317,1167,6484,2026-08-26T00:57:12.806Z,FALSE,"",17:45,FALSE
fare_BOM-DEL_6E_2026-09-02_T+7_1787707096939_zgmd,BOM-DEL,EaseMyTrip,6E,6E-5056,2026-09-02,T+7,5317,1167,6484,2026-08-26T00:57:12.806Z,FALSE,"",21:10,FALSE
fare_BOM-DEL_6E_2026-09-02_T+7_1787707096939_s3qh,BOM-DEL,EaseMyTrip,6E,6E-5386,2026-09-02,T+7,5317,1167,6484,2026-08-26T00:57:12.806Z,FALSE,"",15:10,FALSE
fare_BOM-DEL_6E_2026-09-02_T+7_1787707096939_z4vg,BOM-DEL,EaseMyTrip,6E,6E-5318,2026-09-02,T+7,5317,1167,6484,2026-08-26T00:57:12.806Z,FALSE,"",10:15,FALSE
fare_BOM-DEL_6E_2026-09-02_T+7_1787707096939_mf9j,BOM-DEL,EaseMyTrip,6E,6E-5326,2026-09-02,T+7,5317,1167,6484,2026-08-26T00:57:12.806Z,FALSE,"",19:40,FALSE
fare_BOM-DEL_6E_2026-09-02_T+7_1787707096939_hyh4,BOM-DEL,EaseMyTrip,6E,6E-364,2026-09-02,T+7,5380,1181,6561,2026-08-26T00:57:12.806Z,FALSE,"",17:20,TRUE
fare_BOM-DEL_6E_2026-09-02_T+7_1787707096939_sv4k,BOM-DEL,EaseMyTrip,6E,6E-109,2026-09-02,T+7,5380,1181,6561,2026-08-26T00:57:12.806Z,FALSE,"",17:20,TRUE
fare_BOM-DEL_6E_2026-09-02_T+7_1787707096939_t6cb,BOM-DEL,EaseMyTrip,6E,6E-2243,2026-09-02,T+7,5380,1181,6561,2026-08-26T00:57:12.806Z,FALSE,"",14:15,TRUE
fare_BOM-DEL_6E_2026-09-02_T+7_1787707096939_5jwp,BOM-DEL,EaseMyTrip,6E,6E-2090,2026-09-02,T+7,5380,1181,6561,2026-08-26T00:57:12.806Z,FALSE,"",06:25,TRUE
fare_BOM-DEL_QP_2026-09-02_T+7_1787707096939_miok,BOM-DEL,EaseMyTrip,QP,QP-1109,2026-09-02,T+7,5381,1181,6562,2026-08-26T00:57:12.806Z,FALSE,"",07:00,TRUE
fare_BOM-DEL_QP_2026-09-02_T+7_1787707096939_iik7,BOM-DEL,EaseMyTrip,QP,QP-1127,2026-09-02,T+7,5381,1181,6562,2026-08-26T00:57:12.806Z,FALSE,"",13:00,TRUE
fare_BOM-DEL_QP_2026-09-02_T+7_1787707096939_nqo8,BOM-DEL,EaseMyTrip,QP,QP-1819,2026-09-02,T+7,5381,1181,6562,2026-08-26T00:57:12.806Z,FALSE,"",14:30,TRUE
fare_BOM-DEL_QP_2026-09-02_T+7_1787707096939_p65k,BOM-DEL,EaseMyTrip,QP,QP-1834,2026-09-02,T+7,5381,1181,6562,2026-08-26T00:57:12.806Z,FALSE,"",10:20,TRUE
fare_BOM-DEL_QP_2026-09-02_T+7_1787707096939_rci0,BOM-DEL,EaseMyTrip,QP,QP-1825,2026-09-02,T+7,5381,1181,6562,2026-08-26T00:57:12.806Z,FALSE,"",16:50,TRUE
fare_BOM-DEL_QP_2026-09-02_T+7_1787707096939_atge,BOM-DEL,EaseMyTrip,QP,QP-1111,2026-09-02,T+7,5381,1181,6562,2026-08-26T00:57:12.806Z,FALSE,"",05:10,TRUE
fare_BOM-DEL_QP_2026-09-02_T+7_1787707096939_abzg,BOM-DEL,EaseMyTrip,QP,QP-1835,2026-09-02,T+7,5381,1181,6562,2026-08-26T00:57:12.806Z,FALSE,"",11:50,TRUE
fare_BOM-DEL_6E_2026-09-02_T+7_1787707096939_y29b,BOM-DEL,EaseMyTrip,6E,6E-140,2026-09-02,T+7,5381,1181,6562,2026-08-26T00:57:12.806Z,FALSE,"",17:20,TRUE
fare_BOM-DEL_6E_2026-09-02_T+7_1787707096939_fg04,BOM-DEL,EaseMyTrip,6E,6E-873,2026-09-02,T+7,5381,1181,6562,2026-08-26T00:57:12.806Z,FALSE,"",17:20,TRUE
fare_BOM-DEL_6E_2026-09-02_T+7_1787707096939_q2he,BOM-DEL,EaseMyTrip,6E,6E-6082,2026-09-02,T+7,5381,1181,6562,2026-08-26T00:57:12.806Z,FALSE,"",16:45,TRUE
fare_BOM-DEL_6E_2026-09-02_T+7_1787707096939_twui,BOM-DEL,EaseMyTrip,6E,6E-321,2026-09-02,T+7,5381,1181,6562,2026-08-26T00:57:12.806Z,FALSE,"",16:00,TRUE
fare_BOM-DEL_6E_2026-09-02_T+7_1787707096939_vo4i,BOM-DEL,EaseMyTrip,6E,6E-952,2026-09-02,T+7,5381,1181,6562,2026-08-26T00:57:12.806Z,FALSE,"",16:00,TRUE
fare_BOM-DEL_6E_2026-09-02_T+7_1787707096939_foxg,BOM-DEL,EaseMyTrip,6E,6E-253,2026-09-02,T+7,5381,1181,6562,2026-08-26T00:57:12.806Z,FALSE,"",15:00,TRUE
fare_BOM-DEL_6E_2026-09-02_T+7_1787707096939_mgud,BOM-DEL,EaseMyTrip,6E,6E-758,2026-09-02,T+7,5381,1181,6562,2026-08-26T00:57:12.806Z,FALSE,"",15:00,TRUE
fare_BOM-DEL_6E_2026-09-02_T+7_1787707096939_nwa3,BOM-DEL,EaseMyTrip,6E,6E-6704,2026-09-02,T+7,5381,1181,6562,2026-08-26T00:57:12.806Z,FALSE,"",14:00,TRUE
fare_BOM-DEL_6E_2026-09-02_T+7_1787707096939_as1b,BOM-DEL,EaseMyTrip,6E,6E-6052,2026-09-02,T+7,5381,1181,6562,2026-08-26T00:57:12.806Z,FALSE,"",10:00,TRUE
fare_BOM-DEL_6E_2026-09-02_T+7_1787707096939_hw9t,BOM-DEL,EaseMyTrip,6E,6E-669,2026-09-02,T+7,5381,1181,6562,2026-08-26T00:57:12.806Z,FALSE,"",10:35,TRUE
fare_BOM-DEL_6E_2026-09-02_T+7_1787707096939_zl9g,BOM-DEL,EaseMyTrip,6E,6E-257,2026-09-02,T+7,5381,1181,6562,2026-08-26T00:57:12.806Z,FALSE,"",10:35,TRUE
fare_BOM-DEL_6E_2026-09-02_T+7_1787707096939_lsm7,BOM-DEL,EaseMyTrip,6E,6E-6827,2026-09-02,T+7,5381,1181,6562,2026-08-26T00:57:12.806Z,FALSE,"",11:30,TRUE
fare_BOM-DEL_6E_2026-09-02_T+7_1787707096939_7f7n,BOM-DEL,EaseMyTrip,6E,6E-6028,2026-09-02,T+7,5381,1181,6562,2026-08-26T00:57:12.806Z,FALSE,"",12:15,TRUE
fare_BOM-DEL_QP_2026-09-02_T+7_1787707096939_7okf,BOM-DEL,EaseMyTrip,QP,QP-1939,2026-09-02,T+7,5423,1191,6614,2026-08-26T00:57:12.806Z,FALSE,"",10:10,TRUE
fare_BOM-DEL_6E_2026-09-02_T+7_1787707096939_4f7c,BOM-DEL,EaseMyTrip,6E,6E-2237,2026-09-02,T+7,5425,1191,6616,2026-08-26T00:57:12.806Z,FALSE,"",18:40,FALSE
fare_BOM-DEL_6E_2026-09-02_T+7_1787707096939_topd,BOM-DEL,EaseMyTrip,6E,6E-629,2026-09-02,T+7,5510,1210,6720,2026-08-26T00:57:12.806Z,FALSE,"",05:00,TRUE
fare_BOM-DEL_6E_2026-09-02_T+7_1787707096939_7nxy,BOM-DEL,EaseMyTrip,6E,6E-691,2026-09-02,T+7,5510,1210,6720,2026-08-26T00:57:12.806Z,FALSE,"",05:00,TRUE
fare_BOM-DEL_6E_2026-09-02_T+7_1787707096939_1806,BOM-DEL,EaseMyTrip,6E,6E-360,2026-09-02,T+7,5510,1210,6720,2026-08-26T00:57:12.806Z,FALSE,"",23:45,TRUE
fare_BOM-DEL_6E_2026-09-02_T+7_1787707096939_z1ss,BOM-DEL,EaseMyTrip,6E,6E-459,2026-09-02,T+7,5510,1210,6720,2026-08-26T00:57:12.806Z,FALSE,"",23:45,TRUE
fare_BOM-DEL_6E_2026-09-02_T+7_1787707096939_7r69,BOM-DEL,EaseMyTrip,6E,6E-915,2026-09-02,T+7,5510,1210,6720,2026-08-26T00:57:12.806Z,FALSE,"",13:00,TRUE
fare_BOM-DEL_6E_2026-09-02_T+7_1787707096939_z6dy,BOM-DEL,EaseMyTrip,6E,6E-468,2026-09-02,T+7,5510,1210,6720,2026-08-26T00:57:12.806Z,FALSE,"",13:00,TRUE
fare_BOM-DEL_6E_2026-09-02_T+7_1787707096939_f44h,BOM-DEL,EaseMyTrip,6E,6E-634,2026-09-02,T+7,5510,1210,6720,2026-08-26T00:57:12.806Z,FALSE,"",06:00,TRUE
fare_BOM-DEL_6E_2026-09-02_T+7_1787707096939_a4f6,BOM-DEL,EaseMyTrip,6E,6E-909,2026-09-02,T+7,5510,1210,6720,2026-08-26T00:57:12.806Z,FALSE,"",06:00,TRUE
fare_BOM-DEL_6E_2026-09-02_T+7_1787707096939_r8ry,BOM-DEL,EaseMyTrip,6E,6E-729,2026-09-02,T+7,5510,1210,6720,2026-08-26T00:57:12.806Z,FALSE,"",09:00,TRUE
fare_BOM-DEL_6E_2026-09-02_T+7_1787707096939_6uux,BOM-DEL,EaseMyTrip,6E,6E-962,2026-09-02,T+7,5510,1210,6720,2026-08-26T00:57:12.806Z,FALSE,"",09:00,TRUE
fare_BOM-DEL_6E_2026-09-02_T+7_1787707096939_yflj,BOM-DEL,EaseMyTrip,6E,6E-6599,2026-09-02,T+7,5533,1214,6747,2026-08-26T00:57:12.806Z,FALSE,"",16:50,FALSE
fare_BOM-DEL_IX_2026-09-02_T+7_1787707096939_41z1,BOM-DEL,EaseMyTrip,IX,IX-1026,2026-09-02,T+7,5930,1302,7232,2026-08-26T00:57:12.806Z,FALSE,"",05:45,FALSE
fare_BOM-DEL_QP_2026-09-02_T+7_1787707096939_bopy,BOM-DEL,EaseMyTrip,QP,QP-2071,2026-09-02,T+7,5560,1221,6781,2026-08-26T00:57:12.806Z,FALSE,"",05:45,TRUE
fare_BOM-DEL_AI_2026-09-02_T+7_1787707096939_3922,BOM-DEL,EaseMyTrip,AI,AI-2677,2026-09-02,T+7,5766,1266,7032,2026-08-26T00:57:12.806Z,FALSE,"",13:00,TRUE
fare_BOM-DEL_AI_2026-09-02_T+7_1787707096939_4fo6,BOM-DEL,EaseMyTrip,AI,AI-2422,2026-09-02,T+7,5766,1266,7032,2026-08-26T00:57:12.806Z,FALSE,"",01:00,TRUE
fare_BOM-DEL_AI_2026-09-02_T+7_1787707096939_7c5u,BOM-DEL,EaseMyTrip,AI,AI-2432,2026-09-02,T+7,5766,1266,7032,2026-08-26T00:57:12.806Z,FALSE,"",09:30,TRUE
fare_BOM-DEL_AI_2026-09-02_T+7_1787707096939_54jw,BOM-DEL,EaseMyTrip,AI,AI-2430,2026-09-02,T+7,5766,1266,7032,2026-08-26T00:57:12.806Z,FALSE,"",10:00,TRUE
fare_BOM-DEL_AI_2026-09-02_T+7_1787707096939_wljz,BOM-DEL,EaseMyTrip,AI,AI-2952,2026-09-02,T+7,5766,1266,7032,2026-08-26T00:57:12.806Z,FALSE,"",11:25,TRUE
fare_BOM-DEL_AI_2026-09-02_T+7_1787707096939_jk2n,BOM-DEL,EaseMyTrip,AI,AI-2419,2026-09-02,T+7,5766,1266,7032,2026-08-26T00:57:12.806Z,FALSE,"",12:00,TRUE
fare_BOM-DEL_AI_2026-09-02_T+7_1787707096939_3x37,BOM-DEL,EaseMyTrip,AI,AI-2944,2026-09-02,T+7,5766,1266,7032,2026-08-26T00:57:12.806Z,FALSE,"",14:35,TRUE
fare_BOM-DEL_AI_2026-09-02_T+7_1787707096939_lu4h,BOM-DEL,EaseMyTrip,AI,AI-2442,2026-09-02,T+7,5766,1266,7032,2026-08-26T00:57:12.806Z,FALSE,"",15:00,TRUE
fare_BOM-DEL_AI_2026-09-02_T+7_1787707096939_vnxx,BOM-DEL,EaseMyTrip,AI,AI-1851,2026-09-02,T+7,5766,1266,7032,2026-08-26T00:57:12.806Z,FALSE,"",15:30,TRUE
fare_BOM-DEL_AI_2026-09-02_T+7_1787707096939_ts8d,BOM-DEL,EaseMyTrip,AI,AI-1882,2026-09-02,T+7,5766,1266,7032,2026-08-26T00:57:12.806Z,FALSE,"",23:55,TRUE
fare_BOM-DEL_IX_2026-09-02_T+7_1787707096939_3g29,BOM-DEL,EaseMyTrip,IX,IX-1671,2026-09-02,T+7,5897,1294,7191,2026-08-26T00:57:12.806Z,FALSE,"",16:45,TRUE
fare_BOM-DEL_QP_2026-09-02_T+7_1787707096939_sozw,BOM-DEL,EaseMyTrip,QP,QP-1120,2026-09-02,T+7,5679,1246,6925,2026-08-26T00:57:12.806Z,FALSE,"",18:45,TRUE
fare_BOM-DEL_6E_2026-09-02_T+7_1787707096939_t2ca,BOM-DEL,EaseMyTrip,6E,6E-399,2026-09-02,T+7,5683,1247,6930,2026-08-26T00:57:12.806Z,FALSE,"",22:15,TRUE
fare_BOM-DEL_6E_2026-09-02_T+7_1787707096939_eoqz,BOM-DEL,EaseMyTrip,6E,6E-583,2026-09-02,T+7,5683,1247,6930,2026-08-26T00:57:12.806Z,FALSE,"",22:15,TRUE
fare_BOM-DEL_6E_2026-09-02_T+7_1787707096939_d5dp,BOM-DEL,EaseMyTrip,6E,6E-334,2026-09-02,T+7,5683,1247,6930,2026-08-26T00:57:12.806Z,FALSE,"",21:15,TRUE
fare_BOM-DEL_6E_2026-09-02_T+7_1787707096939_0u6t,BOM-DEL,EaseMyTrip,6E,6E-523,2026-09-02,T+7,5683,1247,6930,2026-08-26T00:57:12.806Z,FALSE,"",21:15,TRUE
fare_BOM-DEL_6E_2026-09-02_T+7_1787707096939_6cc5,BOM-DEL,EaseMyTrip,6E,6E-245,2026-09-02,T+7,5683,1247,6930,2026-08-26T00:57:12.806Z,FALSE,"",20:20,TRUE
fare_BOM-DEL_6E_2026-09-02_T+7_1787707096939_myfd,BOM-DEL,EaseMyTrip,6E,6E-508,2026-09-02,T+7,5683,1247,6930,2026-08-26T00:57:12.806Z,FALSE,"",20:20,TRUE
fare_BOM-DEL_6E_2026-09-02_T+7_1787707096939_qzyl,BOM-DEL,EaseMyTrip,6E,6E-529,2026-09-02,T+7,5683,1247,6930,2026-08-26T00:57:12.806Z,FALSE,"",19:00,TRUE
fare_BOM-DEL_6E_2026-09-02_T+7_1787707096939_kk5z,BOM-DEL,EaseMyTrip,6E,6E-430,2026-09-02,T+7,5683,1247,6930,2026-08-26T00:57:12.806Z,FALSE,"",19:00,TRUE
fare_BOM-DEL_6E_2026-09-02_T+7_1787707096939_g7ku,BOM-DEL,EaseMyTrip,6E,6E-6049,2026-09-02,T+7,5683,1247,6930,2026-08-26T00:57:12.806Z,FALSE,"",19:45,TRUE
fare_BOM-DEL_6E_2026-09-02_T+7_1787707096939_p4ga,BOM-DEL,EaseMyTrip,6E,6E-145,2026-09-02,T+7,5683,1247,6930,2026-08-26T00:57:12.806Z,FALSE,"",07:00,TRUE
fare_BOM-DEL_6E_2026-09-02_T+7_1787707096939_8nja,BOM-DEL,EaseMyTrip,6E,6E-611,2026-09-02,T+7,5683,1247,6930,2026-08-26T00:57:12.806Z,FALSE,"",07:00,TRUE
fare_BOM-DEL_6E_2026-09-02_T+7_1787707096939_y1ug,BOM-DEL,EaseMyTrip,6E,6E-736,2026-09-02,T+7,5683,1247,6930,2026-08-26T00:57:12.806Z,FALSE,"",08:00,TRUE
fare_BOM-DEL_6E_2026-09-02_T+7_1787707096939_o02u,BOM-DEL,EaseMyTrip,6E,6E-137,2026-09-02,T+7,5683,1247,6930,2026-08-26T00:57:12.806Z,FALSE,"",08:00,TRUE
fare_BOM-DEL_6E_2026-09-02_T+7_1787707096939_atrv,BOM-DEL,EaseMyTrip,6E,6E-5197,2026-09-02,T+7,5725,1257,6982,2026-08-26T00:57:12.806Z,FALSE,"",06:40,TRUE
fare_BOM-DEL_AI_2026-09-02_T+7_1787707096939_hdpr,BOM-DEL,EaseMyTrip,AI,AI-2930,2026-09-02,T+7,5897,1294,7191,2026-08-26T00:57:12.806Z,FALSE,"",07:30,TRUE
fare_BOM-DEL_AI_2026-09-02_T+7_1787707096939_7eta,BOM-DEL,EaseMyTrip,AI,AI-2408,2026-09-02,T+7,5897,1294,7191,2026-08-26T00:57:12.806Z,FALSE,"",19:30,TRUE
fare_BOM-DEL_AI_2026-09-02_T+7_1787707096939_6sem,BOM-DEL,EaseMyTrip,AI,AI-816,2026-09-02,T+7,5897,1294,7191,2026-08-26T00:57:12.806Z,FALSE,"",21:00,TRUE
fare_BOM-DEL_AI_2026-09-02_T+7_1787707096939_2fqs,BOM-DEL,EaseMyTrip,AI,AI-1895,2026-09-02,T+7,5897,1294,7191,2026-08-26T00:57:12.806Z,FALSE,"",21:30,TRUE
fare_BOM-DEL_AI_2026-09-02_T+7_1787707096939_y6w3,BOM-DEL,EaseMyTrip,AI,AI-2428,2026-09-02,T+7,5897,1294,7191,2026-08-26T00:57:12.806Z,FALSE,"",08:00,TRUE
fare_BOM-DEL_AI_2026-09-02_T+7_1787707096939_7rxv,BOM-DEL,EaseMyTrip,AI,AI-2970,2026-09-02,T+7,5897,1294,7191,2026-08-26T00:57:12.806Z,FALSE,"",08:30,TRUE
fare_BOM-DEL_AI_2026-09-02_T+7_1787707096939_murs,BOM-DEL,EaseMyTrip,AI,AI-2687,2026-09-02,T+7,5897,1294,7191,2026-08-26T00:57:12.806Z,FALSE,"",16:40,TRUE
fare_BOM-DEL_AI_2026-09-02_T+7_1787707096939_8fes,BOM-DEL,EaseMyTrip,AI,AI-2940,2026-09-02,T+7,5897,1294,7191,2026-08-26T00:57:12.806Z,FALSE,"",20:00,TRUE
fare_BOM-DEL_AI_2026-09-02_T+7_1787707096939_pnsu,BOM-DEL,EaseMyTrip,AI,AI-2986,2026-09-02,T+7,5897,1294,7191,2026-08-26T00:57:12.806Z,FALSE,"",22:35,TRUE
fare_BOM-DEL_AI_2026-09-02_T+7_1787707096939_hu5m,BOM-DEL,EaseMyTrip,AI,AI-2988,2026-09-02,T+7,6069,1332,7401,2026-08-26T00:57:12.806Z,FALSE,"",20:30,TRUE
fare_BOM-DEL_6E_2026-09-02_T+7_1787707096939_mhe7,BOM-DEL,EaseMyTrip,6E,6E-5181,2026-09-02,T+7,5959,1308,7267,2026-08-26T00:57:12.806Z,FALSE,"",10:25,FALSE
fare_BOM-DEL_6E_2026-09-02_T+7_1787707096939_wqyp,BOM-DEL,EaseMyTrip,6E,6E-5135,2026-09-02,T+7,6001,1317,7318,2026-08-26T00:57:12.806Z,FALSE,"",23:20,FALSE
fare_BOM-DEL_6E_2026-09-02_T+7_1787707096939_rsga,BOM-DEL,EaseMyTrip,6E,6E-5178,2026-09-02,T+7,6131,1346,7477,2026-08-26T00:57:12.806Z,FALSE,"",11:45,FALSE
fare_BOM-DEL_6E_2026-09-02_T+7_1787707096939_6r0u,BOM-DEL,EaseMyTrip,6E,6E-6195,2026-09-02,T+7,6131,1346,7477,2026-08-26T00:57:12.806Z,FALSE,"",23:00,FALSE
fare_BOM-DEL_6E_2026-09-02_T+7_1787707096939_lik4,BOM-DEL,EaseMyTrip,6E,6E-6613,2026-09-02,T+7,6156,1351,7507,2026-08-26T00:57:12.806Z,FALSE,"",18:15,TRUE
fare_BOM-DEL_AI_2026-09-02_T+7_1787707096939_viku,BOM-DEL,EaseMyTrip,AI,AI-2928,2026-09-02,T+7,6440,1414,7854,2026-08-26T00:57:12.806Z,FALSE,"",06:30,TRUE
fare_BOM-DEL_6E_2026-09-02_T+7_1787707096939_rqds,BOM-DEL,EaseMyTrip,6E,6E-5107,2026-09-02,T+7,6321,1387,7708,2026-08-26T00:57:12.806Z,FALSE,"",20:00,FALSE
fare_BOM-DEL_AI_2026-09-02_T+7_1787707096939_gv3b,BOM-DEL,EaseMyTrip,AI,AI-2424,2026-09-02,T+7,6493,1425,7918,2026-08-26T00:57:12.806Z,FALSE,"",07:00,TRUE
fare_BOM-DEL_IX_2026-09-02_T+7_1787707096939_n99r,BOM-DEL,EaseMyTrip,IX,IX-1237,2026-09-02,T+7,6857,1505,8362,2026-08-26T00:57:12.806Z,FALSE,"",05:55,FALSE
fare_BOM-DEL_6E_2026-09-02_T+7_1787707096939_0dc3,BOM-DEL,EaseMyTrip,6E,6E-7017,2026-09-02,T+7,6461,1418,7879,2026-08-26T00:57:12.806Z,FALSE,"",21:30,FALSE
fare_BOM-DEL_6E_2026-09-02_T+7_1787707096939_9t9w,BOM-DEL,EaseMyTrip,6E,6E-995,2026-09-02,T+7,6836,1501,8337,2026-08-26T00:57:12.806Z,FALSE,"",14:40,FALSE
fare_BOM-DEL_6E_2026-09-02_T+7_1787707096939_je6x,BOM-DEL,EaseMyTrip,6E,6E-727,2026-09-02,T+7,6836,1501,8337,2026-08-26T00:57:12.806Z,FALSE,"",14:40,FALSE
fare_BOM-DEL_6E_2026-09-02_T+7_1787707096939_aaxk,BOM-DEL,EaseMyTrip,6E,6E-5201,2026-09-02,T+7,7068,1552,8620,2026-08-26T00:57:12.806Z,FALSE,"",14:55,FALSE
fare_BOM-DEL_IX_2026-09-02_T+7_1787707096939_a6wc,BOM-DEL,EaseMyTrip,IX,IX-1809,2026-09-02,T+7,7466,1639,9105,2026-08-26T00:57:12.806Z,FALSE,"",07:30,FALSE
fare_BOM-DEL_6E_2026-09-02_T+7_1787707096939_488x,BOM-DEL,EaseMyTrip,6E,6E-6802,2026-09-02,T+7,7510,1649,9159,2026-08-26T00:57:12.806Z,FALSE,"",16:55,FALSE
fare_BOM-DEL_6E_2026-09-02_T+7_1787707096939_6wnw,BOM-DEL,EaseMyTrip,6E,6E-5273,2026-09-02,T+7,7510,1649,9159,2026-08-26T00:57:12.806Z,FALSE,"",18:35,FALSE
fare_BOM-DEL_6E_2026-09-02_T+7_1787707096939_1vsu,BOM-DEL,EaseMyTrip,6E,6E-5281,2026-09-02,T+7,7552,1658,9210,2026-08-26T00:57:12.806Z,FALSE,"",08:40,FALSE
fare_BOM-DEL_IX_2026-09-02_T+7_1787707096939_a0yi,BOM-DEL,EaseMyTrip,IX,IX-1283,2026-09-02,T+7,8168,1793,9961,2026-08-26T00:57:12.806Z,FALSE,"",09:05,FALSE
fare_BOM-DEL_AI_2026-09-02_T+7_1787707096939_ty7e,BOM-DEL,EaseMyTrip,AI,AI-1891,2026-09-02,T+7,7888,1732,9620,2026-08-26T00:57:12.806Z,FALSE,"",08:10,TRUE
fare_BOM-DEL_6E_2026-09-02_T+7_1787707096939_gvem,BOM-DEL,EaseMyTrip,6E,6E-6361,2026-09-02,T+7,7747,1701,9448,2026-08-26T00:57:12.806Z,FALSE,"",05:00,FALSE
fare_BOM-DEL_AI_2026-09-02_T+7_1787707096939_qj6l,BOM-DEL,EaseMyTrip,AI,AI-2440,2026-09-02,T+7,8163,1792,9955,2026-08-26T00:57:12.806Z,FALSE,"",18:00,TRUE
fare_BOM-DEL_6E_2026-09-02_T+7_1787707096939_h29o,BOM-DEL,EaseMyTrip,6E,6E-522,2026-09-02,T+7,8026,1762,9788,2026-08-26T00:57:12.806Z,FALSE,"",01:30,FALSE
fare_BOM-DEL_6E_2026-09-02_T+7_1787707096939_elw2,BOM-DEL,EaseMyTrip,6E,6E-967,2026-09-02,T+7,8026,1762,9788,2026-08-26T00:57:12.806Z,FALSE,"",01:30,FALSE
fare_BOM-DEL_6E_2026-09-02_T+7_1787707096939_7yna,BOM-DEL,EaseMyTrip,6E,6E-981,2026-09-02,T+7,8026,1762,9788,2026-08-26T00:57:12.806Z,FALSE,"",04:00,FALSE
fare_BOM-DEL_6E_2026-09-02_T+7_1787707096939_wkq6,BOM-DEL,EaseMyTrip,6E,6E-120,2026-09-02,T+7,8026,1762,9788,2026-08-26T00:57:12.806Z,FALSE,"",04:00,FALSE
fare_BOM-DEL_6E_2026-09-02_T+7_1787707096939_jwx8,BOM-DEL,EaseMyTrip,6E,6E-5144,2026-09-02,T+7,8026,1762,9788,2026-08-26T00:57:12.806Z,FALSE,"",06:10,FALSE
fare_BOM-DEL_6E_2026-09-02_T+7_1787707096939_xrtd,BOM-DEL,EaseMyTrip,6E,6E-5059,2026-09-02,T+7,8711,1912,10623,2026-08-26T00:57:12.806Z,FALSE,"",05:45,FALSE
fare_BOM-DEL_AI_2026-09-02_T+7_1787707096939_1rtk,BOM-DEL,EaseMyTrip,AI,AI-9753,2026-09-02,T+7,9577,2102,11679,2026-08-26T00:57:12.806Z,FALSE,"",05:45,FALSE
fare_BOM-DEL_6E_2026-09-02_T+7_1787707096939_566k,BOM-DEL,EaseMyTrip,6E,6E-2024,2026-09-02,T+7,9744,2139,11883,2026-08-26T00:57:12.806Z,FALSE,"",09:15,FALSE
fare_BOM-DEL_IX_2026-09-02_T+7_1787707096939_qp5u,BOM-DEL,EaseMyTrip,IX,IX-1626,2026-09-02,T+7,10139,2226,12365,2026-08-26T00:57:12.806Z,FALSE,"",12:00,FALSE
fare_BOM-DEL_IX_2026-09-02_T+7_1787707096939_tecl,BOM-DEL,EaseMyTrip,IX,IX-1347,2026-09-02,T+7,10139,2226,12365,2026-08-26T00:57:12.806Z,FALSE,"",06:00,FALSE
fare_BOM-DEL_AI_2026-09-02_T+7_1787707096939_ko5u,BOM-DEL,EaseMyTrip,AI,AI-2493,2026-09-02,T+7,11126,2442,13568,2026-08-26T00:57:12.806Z,TRUE,"High outlier: ₹13568 > upper fence ₹13087 (Q3: ₹9172, IQR: ₹2610)",18:25,FALSE
fare_BOM-DEL_AI_2026-09-02_T+7_1787707096939_u1vf,BOM-DEL,EaseMyTrip,AI,AI-2915,2026-09-02,T+7,11126,2442,13568,2026-08-26T00:57:12.806Z,TRUE,"High outlier: ₹13568 > upper fence ₹13087 (Q3: ₹9172, IQR: ₹2610)",15:30,FALSE
fare_BOM-DEL_AI_2026-09-02_T+7_1787707096939_0f7t,BOM-DEL,EaseMyTrip,AI,AI-2503,2026-09-02,T+7,11126,2442,13568,2026-08-26T00:57:12.806Z,TRUE,"High outlier: ₹13568 > upper fence ₹13087 (Q3: ₹9172, IQR: ₹2610)",13:50,FALSE
fare_BOM-DEL_AI_2026-09-02_T+7_1787707096939_2ztp,BOM-DEL,EaseMyTrip,AI,AI-493,2026-09-02,T+7,11214,2461,13675,2026-08-26T00:57:12.806Z,TRUE,"High outlier: ₹13675 > upper fence ₹13087 (Q3: ₹9172, IQR: ₹2610)",06:40,FALSE
fare_BOM-DEL_6E_2026-09-02_T+7_1787707096939_53hv,BOM-DEL,EaseMyTrip,6E,6E-5246,2026-09-02,T+7,11056,2427,13483,2026-08-26T00:57:12.806Z,TRUE,"High outlier: ₹13483 > upper fence ₹13087 (Q3: ₹9172, IQR: ₹2610)",07:15,FALSE
fare_BOM-DEL_AI_2026-09-02_T+7_1787707096939_i8wt,BOM-DEL,EaseMyTrip,AI,AI-2847,2026-09-02,T+7,11236,2466,13702,2026-08-26T00:57:12.806Z,TRUE,"High outlier: ₹13702 > upper fence ₹13087 (Q3: ₹9172, IQR: ₹2610)",09:25,FALSE
fare_BOM-DEL_IX_2026-09-02_T+7_1787707096939_d8il,BOM-DEL,EaseMyTrip,IX,IX-1640,2026-09-02,T+7,11784,2587,14371,2026-08-26T00:57:12.806Z,TRUE,"High outlier: ₹14371 > upper fence ₹13087 (Q3: ₹9172, IQR: ₹2610)",21:10,FALSE
fare_BOM-DEL_AI_2026-09-02_T+7_1787707096939_f9ms,BOM-DEL,EaseMyTrip,AI,AI-9558,2026-09-02,T+7,12382,2718,15100,2026-08-26T00:57:12.806Z,TRUE,"High outlier: ₹15100 > upper fence ₹13087 (Q3: ₹9172, IQR: ₹2610)",07:30,FALSE
fare_BOM-DEL_AI_2026-09-02_T+7_1787707096939_t2u8,BOM-DEL,EaseMyTrip,AI,AI-2781,2026-09-02,T+7,12440,2731,15171,2026-08-26T00:57:12.806Z,TRUE,"High outlier: ₹15171 > upper fence ₹13087 (Q3: ₹9172, IQR: ₹2610)",10:50,FALSE
fare_BOM-DEL_AI_2026-09-02_T+7_1787707096939_y080,BOM-DEL,EaseMyTrip,AI,AI-2491,2026-09-02,T+7,12856,2822,15678,2026-08-26T00:57:12.806Z,TRUE,"High outlier: ₹15678 > upper fence ₹13087 (Q3: ₹9172, IQR: ₹2610)",11:15,FALSE
fare_BOM-DEL_AI_2026-09-02_T+7_1787707096939_z6vb,BOM-DEL,EaseMyTrip,AI,AI-2659,2026-09-02,T+7,13091,2874,15965,2026-08-26T00:57:12.806Z,TRUE,"High outlier: ₹15965 > upper fence ₹13087 (Q3: ₹9172, IQR: ₹2610)",14:35,FALSE
fare_BOM-DEL_AI_2026-09-02_T+7_1787707096939_lxfl,BOM-DEL,EaseMyTrip,AI,AI-2753,2026-09-02,T+7,13595,2984,16579,2026-08-26T00:57:12.806Z,TRUE,"High outlier: ₹16579 > upper fence ₹13087 (Q3: ₹9172, IQR: ₹2610)",13:50,FALSE
fare_BOM-DEL_AI_2026-09-02_T+7_1787707096939_6tb4,BOM-DEL,EaseMyTrip,AI,AI-2741,2026-09-02,T+7,13953,3063,17016,2026-08-26T00:57:12.806Z,TRUE,"High outlier: ₹17016 > upper fence ₹13087 (Q3: ₹9172, IQR: ₹2610)",07:40,FALSE
fare_BOM-DEL_AI_2026-09-02_T+7_1787707096939_qdfu,BOM-DEL,EaseMyTrip,AI,AI-2749,2026-09-02,T+7,14173,3111,17284,2026-08-26T00:57:12.806Z,TRUE,"High outlier: ₹17284 > upper fence ₹13087 (Q3: ₹9172, IQR: ₹2610)",17:35,FALSE
fare_BOM-DEL_6E_2026-09-02_T+7_1787707096939_2n9z,BOM-DEL,EaseMyTrip,6E,6E-161,2026-09-02,T+7,14266,3131,17397,2026-08-26T00:57:12.806Z,TRUE,"High outlier: ₹17397 > upper fence ₹13087 (Q3: ₹9172, IQR: ₹2610)",12:40,FALSE
fare_BOM-DEL_6E_2026-09-02_T+7_1787707096939_j9ry,BOM-DEL,EaseMyTrip,6E,6E-340,2026-09-02,T+7,14266,3131,17397,2026-08-26T00:57:12.806Z,TRUE,"High outlier: ₹17397 > upper fence ₹13087 (Q3: ₹9172, IQR: ₹2610)",12:40,FALSE
fare_BOM-DEL_AI_2026-09-02_T+7_1787707096939_4993,BOM-DEL,EaseMyTrip,AI,AI-2997,2026-09-02,T+7,14523,3188,17711,2026-08-26T00:57:12.806Z,TRUE,"High outlier: ₹17711 > upper fence ₹13087 (Q3: ₹9172, IQR: ₹2610)",10:10,FALSE
fare_BOM-DEL_AI_2026-09-02_T+7_1787707096939_m0g8,BOM-DEL,EaseMyTrip,AI,AI-2444,2026-09-02,T+7,14603,3206,17809,2026-08-26T00:57:12.806Z,TRUE,"High outlier: ₹17809 > upper fence ₹13087 (Q3: ₹9172, IQR: ₹2610)",10:50,FALSE
fare_BOM-DEL_AI_2026-09-02_T+7_1787707096939_4luq,BOM-DEL,EaseMyTrip,AI,AI-2531,2026-09-02,T+7,14755,3239,17994,2026-08-26T00:57:12.806Z,TRUE,"High outlier: ₹17994 > upper fence ₹13087 (Q3: ₹9172, IQR: ₹2610)",15:05,FALSE
fare_BOM-DEL_AI_2026-09-02_T+7_1787707096939_x9e0,BOM-DEL,EaseMyTrip,AI,AI-2625,2026-09-02,T+7,14755,3239,17994,2026-08-26T00:57:12.806Z,TRUE,"High outlier: ₹17994 > upper fence ₹13087 (Q3: ₹9172, IQR: ₹2610)",06:00,FALSE
fare_BOM-DEL_AI_2026-09-02_T+7_1787707096939_047n,BOM-DEL,EaseMyTrip,AI,AI-9533,2026-09-02,T+7,15692,3444,19136,2026-08-26T00:57:12.806Z,TRUE,"High outlier: ₹19136 > upper fence ₹13087 (Q3: ₹9172, IQR: ₹2610)",16:30,FALSE
fare_BOM-DEL_AI_2026-09-02_T+7_1787707096939_bbn0,BOM-DEL,EaseMyTrip,AI,AI-2579,2026-09-02,T+7,16841,3697,20538,2026-08-26T00:57:12.806Z,TRUE,"High outlier: ₹20538 > upper fence ₹13087 (Q3: ₹9172, IQR: ₹2610)",10:35,FALSE
fare_BOM-DEL_AI_2026-09-02_T+7_1787707096939_afrh,BOM-DEL,EaseMyTrip,AI,AI-1726,2026-09-02,T+7,19073,4187,23260,2026-08-26T00:57:12.806Z,TRUE,"High outlier: ₹23260 > upper fence ₹13087 (Q3: ₹9172, IQR: ₹2610)",19:25,FALSE
fare_BOM-DEL_IX_2026-09-02_T+7_1787707096939_oo2e,BOM-DEL,EaseMyTrip,IX,IX-1238,2026-09-02,T+7,21081,4628,25709,2026-08-26T00:57:12.806Z,TRUE,"High outlier: ₹25709 > upper fence ₹13087 (Q3: ₹9172, IQR: ₹2610)",12:25,FALSE
fare_BOM-DEL_AI_2026-09-02_T+7_1787707096939_u63n,BOM-DEL,EaseMyTrip,AI,AI-2663,2026-09-02,T+7,26033,5715,31748,2026-08-26T00:57:12.806Z,TRUE,"High outlier: ₹31748 > upper fence ₹13087 (Q3: ₹9172, IQR: ₹2610)",10:25,FALSE
fare_BOM-DEL_AI_2026-09-02_T+7_1787707096939_8khy,BOM-DEL,EaseMyTrip,AI,AI-2785,2026-09-02,T+7,26437,5803,32240,2026-08-26T00:57:12.806Z,TRUE,"High outlier: ₹32240 > upper fence ₹13087 (Q3: ₹9172, IQR: ₹2610)",06:40,FALSE
fare_DEL-BOM_SG_2026-09-10_T+15_1787707096940_137t,DEL-BOM,EaseMyTrip,SG,SG-934,2026-09-10,T+15,5186,1138,6324,2026-08-26T00:56:48.985Z,FALSE,"",04:00,TRUE
fare_DEL-BOM_SG_2026-09-10_T+15_1787707096940_952s,DEL-BOM,EaseMyTrip,SG,SG-179,2026-09-10,T+15,5186,1138,6324,2026-08-26T00:56:48.985Z,FALSE,"",04:00,TRUE
fare_DEL-BOM_SG_2026-09-10_T+15_1787707096940_oyrg,DEL-BOM,EaseMyTrip,SG,SG-794,2026-09-10,T+15,5186,1138,6324,2026-08-26T00:56:48.985Z,FALSE,"",14:30,TRUE
fare_DEL-BOM_SG_2026-09-10_T+15_1787707096940_chhm,DEL-BOM,EaseMyTrip,SG,SG-334,2026-09-10,T+15,5186,1138,6324,2026-08-26T00:56:48.985Z,FALSE,"",14:30,TRUE
fare_DEL-BOM_SG_2026-09-10_T+15_1787707096940_udi4,DEL-BOM,EaseMyTrip,SG,SG-887,2026-09-10,T+15,5186,1138,6324,2026-08-26T00:56:48.985Z,FALSE,"",18:35,TRUE
fare_DEL-BOM_SG_2026-09-10_T+15_1787707096940_znug,DEL-BOM,EaseMyTrip,SG,SG-112,2026-09-10,T+15,5186,1138,6324,2026-08-26T00:56:48.985Z,FALSE,"",18:35,TRUE
fare_DEL-BOM_SG_2026-09-10_T+15_1787707096940_3vc9,DEL-BOM,EaseMyTrip,SG,SG-399,2026-09-10,T+15,5186,1138,6324,2026-08-26T00:56:48.985Z,FALSE,"",20:10,TRUE
fare_DEL-BOM_SG_2026-09-10_T+15_1787707096940_lyag,DEL-BOM,EaseMyTrip,SG,SG-691,2026-09-10,T+15,5186,1138,6324,2026-08-26T00:56:48.985Z,FALSE,"",20:10,TRUE
fare_DEL-BOM_SG_2026-09-10_T+15_1787707096940_qegx,DEL-BOM,EaseMyTrip,SG,SG-368,2026-09-10,T+15,5186,1138,6324,2026-08-26T00:56:48.985Z,FALSE,"",22:30,TRUE
fare_DEL-BOM_SG_2026-09-10_T+15_1787707096940_8oh9,DEL-BOM,EaseMyTrip,SG,SG-804,2026-09-10,T+15,5186,1138,6324,2026-08-26T00:56:48.985Z,FALSE,"",22:30,TRUE
fare_DEL-BOM_6E_2026-09-10_T+15_1787707096940_xpig,DEL-BOM,EaseMyTrip,6E,6E-667,2026-09-10,T+15,5067,1112,6179,2026-08-26T00:56:48.985Z,FALSE,"",19:35,FALSE
fare_DEL-BOM_6E_2026-09-10_T+15_1787707096940_y78r,DEL-BOM,EaseMyTrip,6E,6E-775,2026-09-10,T+15,5067,1112,6179,2026-08-26T00:56:48.985Z,FALSE,"",19:35,FALSE
fare_DEL-BOM_6E_2026-09-10_T+15_1787707096940_afpz,DEL-BOM,EaseMyTrip,6E,6E-2076,2026-09-10,T+15,5067,1112,6179,2026-08-26T00:56:48.985Z,FALSE,"",07:30,FALSE
fare_DEL-BOM_6E_2026-09-10_T+15_1787707096940_zd8m,DEL-BOM,EaseMyTrip,6E,6E-6983,2026-09-10,T+15,5067,1112,6179,2026-08-26T00:56:48.985Z,FALSE,"",15:35,FALSE
fare_DEL-BOM_6E_2026-09-10_T+15_1787707096940_1y7n,DEL-BOM,EaseMyTrip,6E,6E-5073,2026-09-10,T+15,5067,1112,6179,2026-08-26T00:56:48.985Z,FALSE,"",17:05,FALSE
fare_DEL-BOM_6E_2026-09-10_T+15_1787707096940_356w,DEL-BOM,EaseMyTrip,6E,6E-6261,2026-09-10,T+15,5067,1112,6179,2026-08-26T00:56:48.985Z,FALSE,"",00:15,FALSE
fare_DEL-BOM_6E_2026-09-10_T+15_1787707096940_pv5o,DEL-BOM,EaseMyTrip,6E,6E-5119,2026-09-10,T+15,5067,1112,6179,2026-08-26T00:56:48.985Z,FALSE,"",05:10,FALSE
fare_DEL-BOM_6E_2026-09-10_T+15_1787707096940_fg19,DEL-BOM,EaseMyTrip,6E,6E-2013,2026-09-10,T+15,5067,1112,6179,2026-08-26T00:56:48.985Z,FALSE,"",21:50,FALSE
fare_DEL-BOM_6E_2026-09-10_T+15_1787707096940_tz47,DEL-BOM,EaseMyTrip,6E,6E-6190,2026-09-10,T+15,5067,1112,6179,2026-08-26T00:56:48.985Z,FALSE,"",07:40,FALSE
fare_DEL-BOM_6E_2026-09-10_T+15_1787707096940_a8dk,DEL-BOM,EaseMyTrip,6E,6E-2331,2026-09-10,T+15,5067,1112,6179,2026-08-26T00:56:48.985Z,FALSE,"",12:20,FALSE
fare_DEL-BOM_IX_2026-09-10_T+15_1787707096940_l4lg,DEL-BOM,EaseMyTrip,IX,IX-1235,2026-09-10,T+15,5354,1175,6529,2026-08-26T00:56:48.985Z,FALSE,"",23:25,TRUE
fare_DEL-BOM_IX_2026-09-10_T+15_1787707096940_nrxb,DEL-BOM,EaseMyTrip,IX,IX-1080,2026-09-10,T+15,5354,1175,6529,2026-08-26T00:56:48.985Z,FALSE,"",18:40,TRUE
fare_DEL-BOM_IX_2026-09-10_T+15_1787707096940_k4kw,DEL-BOM,EaseMyTrip,IX,IX-1165,2026-09-10,T+15,5354,1175,6529,2026-08-26T00:56:48.985Z,FALSE,"",06:00,FALSE
fare_DEL-BOM_6E_2026-09-10_T+15_1787707096940_11m0,DEL-BOM,EaseMyTrip,6E,6E-2249,2026-09-10,T+15,5174,1136,6310,2026-08-26T00:56:48.985Z,FALSE,"",15:00,FALSE
fare_DEL-BOM_6E_2026-09-10_T+15_1787707096940_73iu,DEL-BOM,EaseMyTrip,6E,6E-2169,2026-09-10,T+15,5174,1136,6310,2026-08-26T00:56:48.985Z,FALSE,"",19:40,FALSE
fare_DEL-BOM_6E_2026-09-10_T+15_1787707096940_94s9,DEL-BOM,EaseMyTrip,6E,6E-6829,2026-09-10,T+15,5174,1136,6310,2026-08-26T00:56:48.985Z,FALSE,"",17:20,FALSE
fare_DEL-BOM_6E_2026-09-10_T+15_1787707096940_wqmf,DEL-BOM,EaseMyTrip,6E,6E-6443,2026-09-10,T+15,5174,1136,6310,2026-08-26T00:56:48.985Z,FALSE,"",09:00,FALSE
fare_DEL-BOM_6E_2026-09-10_T+15_1787707096940_c6n1,DEL-BOM,EaseMyTrip,6E,6E-6433,2026-09-10,T+15,5174,1136,6310,2026-08-26T00:56:48.985Z,FALSE,"",16:30,FALSE
fare_DEL-BOM_6E_2026-09-10_T+15_1787707096940_2ebt,DEL-BOM,EaseMyTrip,6E,6E-5138,2026-09-10,T+15,5174,1136,6310,2026-08-26T00:56:48.985Z,FALSE,"",19:10,FALSE
fare_DEL-BOM_6E_2026-09-10_T+15_1787707096940_f2lk,DEL-BOM,EaseMyTrip,6E,6E-6490,2026-09-10,T+15,5174,1136,6310,2026-08-26T00:56:48.985Z,FALSE,"",04:55,FALSE
fare_DEL-BOM_6E_2026-09-10_T+15_1787707096940_os7m,DEL-BOM,EaseMyTrip,6E,6E-6459,2026-09-10,T+15,5174,1136,6310,2026-08-26T00:56:48.985Z,FALSE,"",05:55,FALSE
fare_DEL-BOM_6E_2026-09-10_T+15_1787707096940_skz4,DEL-BOM,EaseMyTrip,6E,6E-745,2026-09-10,T+15,5239,1150,6389,2026-08-26T00:56:48.985Z,FALSE,"",16:30,FALSE
fare_DEL-BOM_6E_2026-09-10_T+15_1787707096940_qs2l,DEL-BOM,EaseMyTrip,6E,6E-977,2026-09-10,T+15,5239,1150,6389,2026-08-26T00:56:48.985Z,FALSE,"",16:30,FALSE
fare_DEL-BOM_6E_2026-09-10_T+15_1787707096940_89r8,DEL-BOM,EaseMyTrip,6E,6E-6479,2026-09-10,T+15,5239,1150,6389,2026-08-26T00:56:48.985Z,FALSE,"",21:25,FALSE
fare_DEL-BOM_6E_2026-09-10_T+15_1787707096940_7lm7,DEL-BOM,EaseMyTrip,6E,6E-5298,2026-09-10,T+15,5239,1150,6389,2026-08-26T00:56:48.985Z,FALSE,"",09:00,FALSE
fare_DEL-BOM_6E_2026-09-10_T+15_1787707096940_z86x,DEL-BOM,EaseMyTrip,6E,6E-5038,2026-09-10,T+15,5239,1150,6389,2026-08-26T00:56:48.985Z,FALSE,"",14:00,FALSE
fare_DEL-BOM_6E_2026-09-10_T+15_1787707096940_9yqo,DEL-BOM,EaseMyTrip,6E,6E-6050,2026-09-10,T+15,5239,1150,6389,2026-08-26T00:56:48.985Z,FALSE,"",08:15,FALSE
fare_DEL-BOM_IX_2026-09-10_T+15_1787707096940_w706,DEL-BOM,EaseMyTrip,IX,IX-1056,2026-09-10,T+15,5483,1204,6687,2026-08-26T00:56:48.985Z,FALSE,"",05:45,TRUE
fare_DEL-BOM_6E_2026-09-10_T+15_1787707096940_jm3x,DEL-BOM,EaseMyTrip,6E,6E-6601,2026-09-10,T+15,5346,1174,6520,2026-08-26T00:56:48.985Z,FALSE,"",19:45,FALSE
fare_DEL-BOM_6E_2026-09-10_T+15_1787707096940_7ez8,DEL-BOM,EaseMyTrip,6E,6E-6282,2026-09-10,T+15,5346,1174,6520,2026-08-26T00:56:48.985Z,FALSE,"",13:30,FALSE
fare_DEL-BOM_6E_2026-09-10_T+15_1787707096940_k0bx,DEL-BOM,EaseMyTrip,6E,6E-933,2026-09-10,T+15,5346,1174,6520,2026-08-26T00:56:48.985Z,FALSE,"",02:25,FALSE
fare_DEL-BOM_6E_2026-09-10_T+15_1787707096940_qc6n,DEL-BOM,EaseMyTrip,6E,6E-422,2026-09-10,T+15,5346,1174,6520,2026-08-26T00:56:48.985Z,FALSE,"",02:25,FALSE
fare_DEL-BOM_6E_2026-09-10_T+15_1787707096940_622m,DEL-BOM,EaseMyTrip,6E,6E-637,2026-09-10,T+15,5346,1174,6520,2026-08-26T00:56:48.985Z,FALSE,"",23:15,FALSE
fare_DEL-BOM_6E_2026-09-10_T+15_1787707096940_ziku,DEL-BOM,EaseMyTrip,6E,6E-309,2026-09-10,T+15,5346,1174,6520,2026-08-26T00:56:48.985Z,FALSE,"",23:15,FALSE
fare_DEL-BOM_6E_2026-09-10_T+15_1787707096940_an1m,DEL-BOM,EaseMyTrip,6E,6E-6293,2026-09-10,T+15,5346,1174,6520,2026-08-26T00:56:48.985Z,FALSE,"",09:55,FALSE
fare_DEL-BOM_6E_2026-09-10_T+15_1787707096940_v4gc,DEL-BOM,EaseMyTrip,6E,6E-6470,2026-09-10,T+15,5354,1175,6529,2026-08-26T00:56:48.985Z,FALSE,"",06:55,TRUE
fare_DEL-BOM_QP_2026-09-10_T+15_1787707096940_gszl,DEL-BOM,EaseMyTrip,QP,QP-1833,2026-09-10,T+15,5355,1175,6530,2026-08-26T00:56:48.985Z,FALSE,"",06:50,TRUE
fare_DEL-BOM_QP_2026-09-10_T+15_1787707096940_2x79,DEL-BOM,EaseMyTrip,QP,QP-1112,2026-09-10,T+15,5355,1175,6530,2026-08-26T00:56:48.985Z,FALSE,"",09:20,TRUE
fare_DEL-BOM_QP_2026-09-10_T+15_1787707096940_70ui,DEL-BOM,EaseMyTrip,QP,QP-1836,2026-09-10,T+15,5355,1175,6530,2026-08-26T00:56:48.985Z,FALSE,"",12:30,TRUE
fare_DEL-BOM_QP_2026-09-10_T+15_1787707096940_7nib,DEL-BOM,EaseMyTrip,QP,QP-1128,2026-09-10,T+15,5355,1175,6530,2026-08-26T00:56:48.985Z,FALSE,"",16:00,TRUE
fare_DEL-BOM_QP_2026-09-10_T+15_1787707096940_a6ca,DEL-BOM,EaseMyTrip,QP,QP-1820,2026-09-10,T+15,5355,1175,6530,2026-08-26T00:56:48.985Z,FALSE,"",17:30,TRUE
fare_DEL-BOM_QP_2026-09-10_T+15_1787707096940_ynb5,DEL-BOM,EaseMyTrip,QP,QP-1119,2026-09-10,T+15,5355,1175,6530,2026-08-26T00:56:48.985Z,FALSE,"",08:40,TRUE
fare_DEL-BOM_QP_2026-09-10_T+15_1787707096940_lnui,DEL-BOM,EaseMyTrip,QP,QP-1110,2026-09-10,T+15,5355,1175,6530,2026-08-26T00:56:48.985Z,FALSE,"",10:30,TRUE
fare_DEL-BOM_QP_2026-09-10_T+15_1787707096940_yttp,DEL-BOM,EaseMyTrip,QP,QP-1826,2026-09-10,T+15,5355,1175,6530,2026-08-26T00:56:48.985Z,FALSE,"",19:55,TRUE
fare_DEL-BOM_6E_2026-09-10_T+15_1787707096940_mhqs,DEL-BOM,EaseMyTrip,6E,6E-6706,2026-09-10,T+15,5355,1175,6530,2026-08-26T00:56:48.985Z,FALSE,"",17:00,TRUE
fare_DEL-BOM_6E_2026-09-10_T+15_1787707096940_opvj,DEL-BOM,EaseMyTrip,6E,6E-355,2026-09-10,T+15,5355,1175,6530,2026-08-26T00:56:48.985Z,FALSE,"",16:15,TRUE
fare_DEL-BOM_6E_2026-09-10_T+15_1787707096940_ship,DEL-BOM,EaseMyTrip,6E,6E-889,2026-09-10,T+15,5355,1175,6530,2026-08-26T00:56:48.985Z,FALSE,"",16:15,TRUE
fare_DEL-BOM_6E_2026-09-10_T+15_1787707096940_znou,DEL-BOM,EaseMyTrip,6E,6E-219,2026-09-10,T+15,5355,1175,6530,2026-08-26T00:56:48.985Z,FALSE,"",15:30,TRUE
fare_DEL-BOM_6E_2026-09-10_T+15_1787707096940_teua,DEL-BOM,EaseMyTrip,6E,6E-766,2026-09-10,T+15,5355,1175,6530,2026-08-26T00:56:48.985Z,FALSE,"",15:30,TRUE
fare_DEL-BOM_6E_2026-09-10_T+15_1787707096940_xlw1,DEL-BOM,EaseMyTrip,6E,6E-6022,2026-09-10,T+15,5355,1175,6530,2026-08-26T00:56:48.985Z,FALSE,"",14:00,TRUE
fare_DEL-BOM_6E_2026-09-10_T+15_1787707096940_ca6a,DEL-BOM,EaseMyTrip,6E,6E-6318,2026-09-10,T+15,5355,1175,6530,2026-08-26T00:56:48.985Z,FALSE,"",14:45,TRUE
fare_DEL-BOM_6E_2026-09-10_T+15_1787707096940_2lp1,DEL-BOM,EaseMyTrip,6E,6E-6328,2026-09-10,T+15,5355,1175,6530,2026-08-26T00:56:48.985Z,FALSE,"",10:15,TRUE
fare_DEL-BOM_6E_2026-09-10_T+15_1787707096940_fk2g,DEL-BOM,EaseMyTrip,6E,6E-6047,2026-09-10,T+15,5355,1175,6530,2026-08-26T00:56:48.985Z,FALSE,"",11:00,TRUE
fare_DEL-BOM_6E_2026-09-10_T+15_1787707096940_frhz,DEL-BOM,EaseMyTrip,6E,6E-6676,2026-09-10,T+15,5355,1175,6530,2026-08-26T00:56:48.985Z,FALSE,"",12:00,TRUE
fare_DEL-BOM_6E_2026-09-10_T+15_1787707096940_st3u,DEL-BOM,EaseMyTrip,6E,6E-231,2026-09-10,T+15,5355,1175,6530,2026-08-26T00:56:48.985Z,FALSE,"",13:00,TRUE
fare_DEL-BOM_6E_2026-09-10_T+15_1787707096940_0zrn,DEL-BOM,EaseMyTrip,6E,6E-230,2026-09-10,T+15,5355,1175,6530,2026-08-26T00:56:48.985Z,FALSE,"",13:00,TRUE
fare_DEL-BOM_6E_2026-09-10_T+15_1787707096940_igwb,DEL-BOM,EaseMyTrip,6E,6E-6107,2026-09-10,T+15,5355,1175,6530,2026-08-26T00:56:48.985Z,FALSE,"",09:30,TRUE
fare_DEL-BOM_QP_2026-09-10_T+15_1787707096940_40b6,DEL-BOM,EaseMyTrip,QP,QP-1940,2026-09-10,T+15,5427,1191,6618,2026-08-26T00:56:48.985Z,FALSE,"",14:00,TRUE
fare_DEL-BOM_6E_2026-09-10_T+15_1787707096940_gkhj,DEL-BOM,EaseMyTrip,6E,6E-5198,2026-09-10,T+15,5427,1191,6618,2026-08-26T00:56:48.985Z,FALSE,"",15:00,TRUE
fare_DEL-BOM_IX_2026-09-10_T+15_1787707096940_0lf1,DEL-BOM,EaseMyTrip,IX,IX-1038,2026-09-10,T+15,5690,1249,6939,2026-08-26T00:56:48.985Z,FALSE,"",17:35,TRUE
fare_DEL-BOM_6E_2026-09-10_T+15_1787707096940_y57u,DEL-BOM,EaseMyTrip,6E,6E-358,2026-09-10,T+15,5484,1204,6688,2026-08-26T00:56:48.985Z,FALSE,"",05:00,TRUE
fare_DEL-BOM_6E_2026-09-10_T+15_1787707096940_h67a,DEL-BOM,EaseMyTrip,6E,6E-425,2026-09-10,T+15,5484,1204,6688,2026-08-26T00:56:48.985Z,FALSE,"",05:00,TRUE
fare_DEL-BOM_6E_2026-09-10_T+15_1787707096940_0r17,DEL-BOM,EaseMyTrip,6E,6E-468,2026-09-10,T+15,5484,1204,6688,2026-08-26T00:56:48.985Z,FALSE,"",23:30,TRUE
fare_DEL-BOM_6E_2026-09-10_T+15_1787707096940_0378,DEL-BOM,EaseMyTrip,6E,6E-187,2026-09-10,T+15,5484,1204,6688,2026-08-26T00:56:48.985Z,FALSE,"",23:30,TRUE
fare_DEL-BOM_6E_2026-09-10_T+15_1787707096940_jxao,DEL-BOM,EaseMyTrip,6E,6E-6114,2026-09-10,T+15,5484,1204,6688,2026-08-26T00:56:48.985Z,FALSE,"",22:45,TRUE
fare_DEL-BOM_6E_2026-09-10_T+15_1787707096940_2c06,DEL-BOM,EaseMyTrip,6E,6E-6218,2026-09-10,T+15,5484,1204,6688,2026-08-26T00:56:48.985Z,FALSE,"",06:05,TRUE
fare_DEL-BOM_6E_2026-09-10_T+15_1787707096940_xa0w,DEL-BOM,EaseMyTrip,6E,6E-475,2026-09-10,T+15,5484,1204,6688,2026-08-26T00:56:48.985Z,FALSE,"",08:45,TRUE
fare_DEL-BOM_6E_2026-09-10_T+15_1787707096940_smns,DEL-BOM,EaseMyTrip,6E,6E-770,2026-09-10,T+15,5484,1204,6688,2026-08-26T00:56:48.985Z,FALSE,"",08:45,TRUE
fare_DEL-BOM_6E_2026-09-10_T+15_1787707096940_70w4,DEL-BOM,EaseMyTrip,6E,6E-993,2026-09-10,T+15,5526,1213,6739,2026-08-26T00:56:48.985Z,FALSE,"",20:20,TRUE
fare_DEL-BOM_6E_2026-09-10_T+15_1787707096940_bkrw,DEL-BOM,EaseMyTrip,6E,6E-506,2026-09-10,T+15,5526,1213,6739,2026-08-26T00:56:48.985Z,FALSE,"",20:20,TRUE
fare_DEL-BOM_AI_2026-09-10_T+15_1787707096940_aewn,DEL-BOM,EaseMyTrip,AI,AI-2678,2026-09-10,T+15,5740,1260,7000,2026-08-26T00:56:48.985Z,FALSE,"",08:30,TRUE
fare_DEL-BOM_AI_2026-09-10_T+15_1787707096940_48io,DEL-BOM,EaseMyTrip,AI,AI-2963,2026-09-10,T+15,5740,1260,7000,2026-08-26T00:56:48.985Z,FALSE,"",09:00,TRUE
fare_DEL-BOM_AI_2026-09-10_T+15_1787707096940_2onu,DEL-BOM,EaseMyTrip,AI,AI-2975,2026-09-10,T+15,5740,1260,7000,2026-08-26T00:56:48.985Z,FALSE,"",06:30,TRUE
fare_DEL-BOM_AI_2026-09-10_T+15_1787707096940_pczn,DEL-BOM,EaseMyTrip,AI,AI-2425,2026-09-10,T+15,5740,1260,7000,2026-08-26T00:56:48.985Z,FALSE,"",10:30,TRUE
fare_DEL-BOM_AI_2026-09-10_T+15_1787707096940_p79l,DEL-BOM,EaseMyTrip,AI,AI-2941,2026-09-10,T+15,5740,1260,7000,2026-08-26T00:56:48.985Z,FALSE,"",16:30,TRUE
fare_DEL-BOM_AI_2026-09-10_T+15_1787707096940_gp4h,DEL-BOM,EaseMyTrip,AI,AI-887,2026-09-10,T+15,5740,1260,7000,2026-08-26T00:56:48.985Z,FALSE,"",21:00,TRUE
fare_DEL-BOM_AI_2026-09-10_T+15_1787707096940_dj8l,DEL-BOM,EaseMyTrip,AI,AI-2981,2026-09-10,T+15,5740,1260,7000,2026-08-26T00:56:48.985Z,FALSE,"",21:00,TRUE
fare_DEL-BOM_AI_2026-09-10_T+15_1787707096940_frxt,DEL-BOM,EaseMyTrip,AI,AI-1745,2026-09-10,T+15,5740,1260,7000,2026-08-26T00:56:48.985Z,FALSE,"",05:00,TRUE
fare_DEL-BOM_AI_2026-09-10_T+15_1787707096940_i5qv,DEL-BOM,EaseMyTrip,AI,AI-2429,2026-09-10,T+15,5740,1260,7000,2026-08-26T00:56:48.985Z,FALSE,"",07:00,TRUE
fare_DEL-BOM_AI_2026-09-10_T+15_1787707096940_qvi4,DEL-BOM,EaseMyTrip,AI,AI-2943,2026-09-10,T+15,5740,1260,7000,2026-08-26T00:56:48.985Z,FALSE,"",07:30,TRUE
fare_DEL-BOM_AI_2026-09-10_T+15_1787707096940_3ot2,DEL-BOM,EaseMyTrip,AI,AI-2995,2026-09-10,T+15,5740,1260,7000,2026-08-26T00:56:48.985Z,FALSE,"",10:00,TRUE
fare_DEL-BOM_AI_2026-09-10_T+15_1787707096940_g7md,DEL-BOM,EaseMyTrip,AI,AI-2945,2026-09-10,T+15,5740,1260,7000,2026-08-26T00:56:48.985Z,FALSE,"",11:00,TRUE
fare_DEL-BOM_AI_2026-09-10_T+15_1787707096940_p1hy,DEL-BOM,EaseMyTrip,AI,AI-1785,2026-09-10,T+15,5740,1260,7000,2026-08-26T00:56:48.985Z,FALSE,"",12:00,TRUE
fare_DEL-BOM_AI_2026-09-10_T+15_1787707096940_59xn,DEL-BOM,EaseMyTrip,AI,AI-2933,2026-09-10,T+15,5740,1260,7000,2026-08-26T00:56:48.985Z,FALSE,"",15:30,TRUE
fare_DEL-BOM_AI_2026-09-10_T+15_1787707096940_xf4m,DEL-BOM,EaseMyTrip,AI,AI-1777,2026-09-10,T+15,5740,1260,7000,2026-08-26T00:56:48.985Z,FALSE,"",16:00,TRUE
fare_DEL-BOM_AI_2026-09-10_T+15_1787707096940_fiud,DEL-BOM,EaseMyTrip,AI,AI-441,2026-09-10,T+15,5740,1260,7000,2026-08-26T00:56:48.985Z,FALSE,"",17:00,TRUE
fare_DEL-BOM_AI_2026-09-10_T+15_1787707096940_bcdn,DEL-BOM,EaseMyTrip,AI,AI-2955,2026-09-10,T+15,5740,1260,7000,2026-08-26T00:56:48.985Z,FALSE,"",18:00,TRUE
fare_DEL-BOM_AI_2026-09-10_T+15_1787707096940_24se,DEL-BOM,EaseMyTrip,AI,AI-2977,2026-09-10,T+15,5740,1260,7000,2026-08-26T00:56:48.985Z,FALSE,"",19:00,TRUE
fare_DEL-BOM_AI_2026-09-10_T+15_1787707096940_qz5p,DEL-BOM,EaseMyTrip,AI,AI-2985,2026-09-10,T+15,5740,1260,7000,2026-08-26T00:56:48.985Z,FALSE,"",19:30,TRUE
fare_DEL-BOM_AI_2026-09-10_T+15_1787707096940_8j7j,DEL-BOM,EaseMyTrip,AI,AI-2805,2026-09-10,T+15,5740,1260,7000,2026-08-26T00:56:48.985Z,FALSE,"",20:00,TRUE
fare_DEL-BOM_AI_2026-09-10_T+15_1787707096940_vkfd,DEL-BOM,EaseMyTrip,AI,AI-2433,2026-09-10,T+15,5740,1260,7000,2026-08-26T00:56:48.985Z,FALSE,"",21:30,TRUE
fare_DEL-BOM_AI_2026-09-10_T+15_1787707096940_xun2,DEL-BOM,EaseMyTrip,AI,AI-2439,2026-09-10,T+15,5740,1260,7000,2026-08-26T00:56:48.985Z,FALSE,"",23:00,TRUE
fare_DEL-BOM_AI_2026-09-10_T+15_1787707096940_kzns,DEL-BOM,EaseMyTrip,AI,AI-2927,2026-09-10,T+15,5740,1260,7000,2026-08-26T00:56:48.985Z,FALSE,"",09:30,TRUE
fare_DEL-BOM_AI_2026-09-10_T+15_1787707096940_04ao,DEL-BOM,EaseMyTrip,AI,AI-2957,2026-09-10,T+15,5740,1260,7000,2026-08-26T00:56:48.985Z,FALSE,"",20:30,TRUE
fare_DEL-BOM_6E_2026-09-10_T+15_1787707096940_lp5s,DEL-BOM,EaseMyTrip,6E,6E-5206,2026-09-10,T+15,5633,1236,6869,2026-08-26T00:56:48.985Z,FALSE,"",13:20,FALSE
fare_DEL-BOM_SG_2026-09-10_T+15_1787707096940_at5h,DEL-BOM,EaseMyTrip,SG,SG-520,2026-09-10,T+15,5810,1275,7085,2026-08-26T00:56:48.985Z,FALSE,"",09:15,TRUE
fare_DEL-BOM_SG_2026-09-10_T+15_1787707096940_gyw7,DEL-BOM,EaseMyTrip,SG,SG-415,2026-09-10,T+15,5810,1275,7085,2026-08-26T00:56:48.985Z,FALSE,"",09:15,TRUE
fare_DEL-BOM_6E_2026-09-10_T+15_1787707096940_uvii,DEL-BOM,EaseMyTrip,6E,6E-327,2026-09-10,T+15,5656,1242,6898,2026-08-26T00:56:48.985Z,FALSE,"",21:45,TRUE
fare_DEL-BOM_6E_2026-09-10_T+15_1787707096940_fsxt,DEL-BOM,EaseMyTrip,6E,6E-172,2026-09-10,T+15,5656,1242,6898,2026-08-26T00:56:48.985Z,FALSE,"",21:45,TRUE
fare_DEL-BOM_6E_2026-09-10_T+15_1787707096940_zilz,DEL-BOM,EaseMyTrip,6E,6E-156,2026-09-10,T+15,5656,1242,6898,2026-08-26T00:56:48.985Z,FALSE,"",20:00,TRUE
fare_DEL-BOM_6E_2026-09-10_T+15_1787707096940_9yz6,DEL-BOM,EaseMyTrip,6E,6E-344,2026-09-10,T+15,5656,1242,6898,2026-08-26T00:56:48.985Z,FALSE,"",20:00,TRUE
fare_DEL-BOM_6E_2026-09-10_T+15_1787707096940_2fkj,DEL-BOM,EaseMyTrip,6E,6E-912,2026-09-10,T+15,5656,1242,6898,2026-08-26T00:56:48.985Z,FALSE,"",19:00,TRUE
fare_DEL-BOM_6E_2026-09-10_T+15_1787707096940_sdcz,DEL-BOM,EaseMyTrip,6E,6E-641,2026-09-10,T+15,5656,1242,6898,2026-08-26T00:56:48.985Z,FALSE,"",19:00,TRUE
fare_DEL-BOM_6E_2026-09-10_T+15_1787707096940_jc29,DEL-BOM,EaseMyTrip,6E,6E-377,2026-09-10,T+15,5656,1242,6898,2026-08-26T00:56:48.985Z,FALSE,"",18:00,TRUE
fare_DEL-BOM_6E_2026-09-10_T+15_1787707096941_ltff,DEL-BOM,EaseMyTrip,6E,6E-297,2026-09-10,T+15,5656,1242,6898,2026-08-26T00:56:48.985Z,FALSE,"",18:00,TRUE
fare_DEL-BOM_6E_2026-09-10_T+15_1787707096941_fwjy,DEL-BOM,EaseMyTrip,6E,6E-473,2026-09-10,T+15,5656,1242,6898,2026-08-26T00:56:48.985Z,FALSE,"",20:45,TRUE
fare_DEL-BOM_6E_2026-09-10_T+15_1787707096941_isjx,DEL-BOM,EaseMyTrip,6E,6E-6814,2026-09-10,T+15,5656,1242,6898,2026-08-26T00:56:48.985Z,FALSE,"",07:15,TRUE
fare_DEL-BOM_6E_2026-09-10_T+15_1787707096941_g66b,DEL-BOM,EaseMyTrip,6E,6E-296,2026-09-10,T+15,5871,1289,7160,2026-08-26T00:56:48.985Z,FALSE,"",08:00,TRUE
fare_DEL-BOM_6E_2026-09-10_T+15_1787707096941_gsdb,DEL-BOM,EaseMyTrip,6E,6E-396,2026-09-10,T+15,5871,1289,7160,2026-08-26T00:56:48.985Z,FALSE,"",08:00,TRUE
fare_DEL-BOM_AI_2026-09-10_T+15_1787707096941_8mk8,DEL-BOM,EaseMyTrip,AI,AI-2951,2026-09-10,T+15,6043,1326,7369,2026-08-26T00:56:48.985Z,FALSE,"",13:30,TRUE
fare_DEL-BOM_6E_2026-09-10_T+15_1787707096941_cmjx,DEL-BOM,EaseMyTrip,6E,6E-6171,2026-09-10,T+15,5893,1294,7187,2026-08-26T00:56:48.985Z,FALSE,"",05:40,FALSE
fare_DEL-BOM_IX_2026-09-10_T+15_1787707096941_83hc,DEL-BOM,EaseMyTrip,IX,IX-1051,2026-09-10,T+15,6339,1391,7730,2026-08-26T00:56:48.985Z,FALSE,"",19:05,FALSE
fare_DEL-BOM_6E_2026-09-10_T+15_1787707096941_76u0,DEL-BOM,EaseMyTrip,6E,6E-7646,2026-09-10,T+15,6202,1362,7564,2026-08-26T00:56:48.985Z,FALSE,"",06:15,FALSE
fare_DEL-BOM_6E_2026-09-10_T+15_1787707096941_00r3,DEL-BOM,EaseMyTrip,6E,6E-2341,2026-09-10,T+15,6619,1453,8072,2026-08-26T00:56:48.985Z,FALSE,"",14:50,FALSE
fare_DEL-BOM_6E_2026-09-10_T+15_1787707096941_1in8,DEL-BOM,EaseMyTrip,6E,6E-803,2026-09-10,T+15,6713,1474,8187,2026-08-26T00:56:48.985Z,FALSE,"",19:30,FALSE
fare_DEL-BOM_6E_2026-09-10_T+15_1787707096941_jbyq,DEL-BOM,EaseMyTrip,6E,6E-206,2026-09-10,T+15,6713,1474,8187,2026-08-26T00:56:48.985Z,FALSE,"",19:30,FALSE
fare_DEL-BOM_6E_2026-09-10_T+15_1787707096941_gsjd,DEL-BOM,EaseMyTrip,6E,6E-6497,2026-09-10,T+15,7172,1574,8746,2026-08-26T00:56:48.985Z,FALSE,"",18:45,FALSE
fare_DEL-BOM_6E_2026-09-10_T+15_1787707096941_r6gf,DEL-BOM,EaseMyTrip,6E,6E-2349,2026-09-10,T+15,7526,1652,9178,2026-08-26T00:56:48.985Z,FALSE,"",10:55,FALSE
fare_DEL-BOM_6E_2026-09-10_T+15_1787707096941_13zg,DEL-BOM,EaseMyTrip,6E,6E-7642,2026-09-10,T+15,7624,1673,9297,2026-08-26T00:56:48.985Z,FALSE,"",15:45,FALSE
fare_DEL-BOM_6E_2026-09-10_T+15_1787707096941_3x2y,DEL-BOM,EaseMyTrip,6E,6E-252,2026-09-10,T+15,7811,1715,9526,2026-08-26T00:56:48.985Z,FALSE,"",12:15,FALSE
fare_DEL-BOM_6E_2026-09-10_T+15_1787707096941_aidu,DEL-BOM,EaseMyTrip,6E,6E-339,2026-09-10,T+15,7811,1715,9526,2026-08-26T00:56:48.985Z,FALSE,"",12:15,FALSE
fare_DEL-BOM_AI_2026-09-10_T+15_1787707096941_hknd,DEL-BOM,EaseMyTrip,AI,AI-1780,2026-09-10,T+15,8518,1870,10388,2026-08-26T00:56:48.985Z,TRUE,"High outlier: ₹10388 > upper fence ₹10387 (Q3: ₹8072, IQR: ₹1543)",16:10,TRUE
fare_DEL-BOM_6E_2026-09-10_T+15_1787707096941_2w0d,DEL-BOM,EaseMyTrip,6E,6E-2381,2026-09-10,T+15,8379,1839,10218,2026-08-26T00:56:48.985Z,FALSE,"",13:45,FALSE
fare_DEL-BOM_AI_2026-09-10_T+15_1787707096941_bjvk,DEL-BOM,EaseMyTrip,AI,AI-1705,2026-09-10,T+15,8895,1952,10847,2026-08-26T00:56:48.985Z,TRUE,"High outlier: ₹10847 > upper fence ₹10387 (Q3: ₹8072, IQR: ₹1543)",06:30,FALSE
fare_DEL-BOM_6E_2026-09-10_T+15_1787707096941_knkk,DEL-BOM,EaseMyTrip,6E,6E-952,2026-09-10,T+15,8877,1948,10825,2026-08-26T00:56:48.985Z,TRUE,"High outlier: ₹10825 > upper fence ₹10387 (Q3: ₹8072, IQR: ₹1543)",08:30,FALSE
fare_DEL-BOM_6E_2026-09-10_T+15_1787707096941_gvpm,DEL-BOM,EaseMyTrip,6E,6E-935,2026-09-10,T+15,8877,1948,10825,2026-08-26T00:56:48.985Z,TRUE,"High outlier: ₹10825 > upper fence ₹10387 (Q3: ₹8072, IQR: ₹1543)",08:30,FALSE
fare_DEL-BOM_AI_2026-09-10_T+15_1787707096941_k9mu,DEL-BOM,EaseMyTrip,AI,AI-2761,2026-09-10,T+15,9043,1985,11028,2026-08-26T00:56:48.985Z,TRUE,"High outlier: ₹11028 > upper fence ₹10387 (Q3: ₹8072, IQR: ₹1543)",16:25,FALSE
fare_DEL-BOM_AI_2026-09-10_T+15_1787707096941_3skh,DEL-BOM,EaseMyTrip,AI,AI-2569,2026-09-10,T+15,9335,2049,11384,2026-08-26T00:56:48.985Z,TRUE,"High outlier: ₹11384 > upper fence ₹10387 (Q3: ₹8072, IQR: ₹1543)",20:30,FALSE
fare_DEL-BOM_6E_2026-09-10_T+15_1787707096941_8l0k,DEL-BOM,EaseMyTrip,6E,6E-2496,2026-09-10,T+15,9332,2048,11380,2026-08-26T00:56:48.985Z,TRUE,"High outlier: ₹11380 > upper fence ₹10387 (Q3: ₹8072, IQR: ₹1543)",12:40,FALSE
fare_DEL-BOM_IX_2026-09-10_T+15_1787707096941_t854,DEL-BOM,EaseMyTrip,IX,IX-1049,2026-09-10,T+15,9783,2147,11930,2026-08-26T00:56:48.985Z,TRUE,"High outlier: ₹11930 > upper fence ₹10387 (Q3: ₹8072, IQR: ₹1543)",18:40,FALSE
fare_DEL-BOM_AI_2026-09-10_T+15_1787707096941_gph7,DEL-BOM,EaseMyTrip,AI,AI-1717,2026-09-10,T+15,9810,2154,11964,2026-08-26T00:56:48.985Z,TRUE,"High outlier: ₹11964 > upper fence ₹10387 (Q3: ₹8072, IQR: ₹1543)",14:20,FALSE
fare_DEL-BOM_AI_2026-09-10_T+15_1787707096941_u9gs,DEL-BOM,EaseMyTrip,AI,AI-9757,2026-09-10,T+15,10111,2220,12331,2026-08-26T00:56:48.985Z,TRUE,"High outlier: ₹12331 > upper fence ₹10387 (Q3: ₹8072, IQR: ₹1543)",11:50,FALSE
fare_DEL-BOM_AI_2026-09-10_T+15_1787707096941_tvxt,DEL-BOM,EaseMyTrip,AI,AI-9759,2026-09-10,T+15,10111,2220,12331,2026-08-26T00:56:48.985Z,TRUE,"High outlier: ₹12331 > upper fence ₹10387 (Q3: ₹8072, IQR: ₹1543)",06:00,FALSE
fare_DEL-BOM_AI_2026-09-10_T+15_1787707096941_jb9r,DEL-BOM,EaseMyTrip,AI,AI-1710,2026-09-10,T+15,10585,2324,12909,2026-08-26T00:56:48.985Z,TRUE,"High outlier: ₹12909 > upper fence ₹10387 (Q3: ₹8072, IQR: ₹1543)",18:35,FALSE
fare_DEL-BOM_AI_2026-09-10_T+15_1787707096941_9bk8,DEL-BOM,EaseMyTrip,AI,AI-2715,2026-09-10,T+15,11186,2455,13641,2026-08-26T00:56:48.985Z,TRUE,"High outlier: ₹13641 > upper fence ₹10387 (Q3: ₹8072, IQR: ₹1543)",11:40,FALSE
fare_DEL-BOM_AI_2026-09-10_T+15_1787707096941_8g2w,DEL-BOM,EaseMyTrip,AI,AI-2545,2026-09-10,T+15,11186,2455,13641,2026-08-26T00:56:48.985Z,TRUE,"High outlier: ₹13641 > upper fence ₹10387 (Q3: ₹8072, IQR: ₹1543)",20:30,FALSE
fare_DEL-BOM_AI_2026-09-10_T+15_1787707096941_qm7s,DEL-BOM,EaseMyTrip,AI,AI-531,2026-09-10,T+15,11186,2455,13641,2026-08-26T00:56:48.985Z,TRUE,"High outlier: ₹13641 > upper fence ₹10387 (Q3: ₹8072, IQR: ₹1543)",19:20,FALSE
fare_DEL-BOM_AI_2026-09-10_T+15_1787707096941_ennz,DEL-BOM,EaseMyTrip,AI,AI-809,2026-09-10,T+15,11273,2475,13748,2026-08-26T00:56:48.985Z,TRUE,"High outlier: ₹13748 > upper fence ₹10387 (Q3: ₹8072, IQR: ₹1543)",17:40,FALSE
fare_DEL-BOM_AI_2026-09-10_T+15_1787707096941_2vxq,DEL-BOM,EaseMyTrip,AI,AI-423,2026-09-10,T+15,11273,2475,13748,2026-08-26T00:56:48.985Z,TRUE,"High outlier: ₹13748 > upper fence ₹10387 (Q3: ₹8072, IQR: ₹1543)",09:30,FALSE
fare_DEL-BOM_AI_2026-09-10_T+15_1787707096941_76vz,DEL-BOM,EaseMyTrip,AI,AI-2909,2026-09-10,T+15,11273,2475,13748,2026-08-26T00:56:48.985Z,TRUE,"High outlier: ₹13748 > upper fence ₹10387 (Q3: ₹8072, IQR: ₹1543)",22:30,FALSE
fare_DEL-BOM_AI_2026-09-10_T+15_1787707096941_edr5,DEL-BOM,EaseMyTrip,AI,AI-817,2026-09-10,T+15,11463,2516,13979,2026-08-26T00:56:48.985Z,TRUE,"High outlier: ₹13979 > upper fence ₹10387 (Q3: ₹8072, IQR: ₹1543)",05:55,FALSE
fare_DEL-BOM_6E_2026-09-10_T+15_1787707096941_ov4p,DEL-BOM,EaseMyTrip,6E,6E-5014,2026-09-10,T+15,11321,2485,13806,2026-08-26T00:56:48.985Z,TRUE,"High outlier: ₹13806 > upper fence ₹10387 (Q3: ₹8072, IQR: ₹1543)",18:30,FALSE
fare_DEL-BOM_IX_2026-09-10_T+15_1787707096941_0x0z,DEL-BOM,EaseMyTrip,IX,IX-1108,2026-09-10,T+15,11560,2537,14097,2026-08-26T00:56:48.985Z,TRUE,"High outlier: ₹14097 > upper fence ₹10387 (Q3: ₹8072, IQR: ₹1543)",05:00,FALSE
fare_DEL-BOM_AI_2026-09-10_T+15_1787707096941_bmjo,DEL-BOM,EaseMyTrip,AI,AI-2509,2026-09-10,T+15,11694,2567,14261,2026-08-26T00:56:48.985Z,TRUE,"High outlier: ₹14261 > upper fence ₹10387 (Q3: ₹8072, IQR: ₹1543)",07:00,FALSE
fare_DEL-BOM_AI_2026-09-10_T+15_1787707096941_g6pj,DEL-BOM,EaseMyTrip,AI,AI-1743,2026-09-10,T+15,13065,2868,15933,2026-08-26T00:56:48.985Z,TRUE,"High outlier: ₹15933 > upper fence ₹10387 (Q3: ₹8072, IQR: ₹1543)",06:15,FALSE
fare_DEL-BOM_IX_2026-09-10_T+15_1787707096941_18ex,DEL-BOM,EaseMyTrip,IX,IX-1003,2026-09-10,T+15,13618,2989,16607,2026-08-26T00:56:48.985Z,TRUE,"High outlier: ₹16607 > upper fence ₹10387 (Q3: ₹8072, IQR: ₹1543)",19:10,FALSE
fare_DEL-BOM_AI_2026-09-10_T+15_1787707096941_dsau,DEL-BOM,EaseMyTrip,AI,AI-2907,2026-09-10,T+15,13927,3057,16984,2026-08-26T00:56:48.985Z,TRUE,"High outlier: ₹16984 > upper fence ₹10387 (Q3: ₹8072, IQR: ₹1543)",12:00,FALSE
fare_DEL-BOM_AI_2026-09-10_T+15_1787707096941_rjct,DEL-BOM,EaseMyTrip,AI,AI-491,2026-09-10,T+15,14497,3182,17679,2026-08-26T00:56:48.985Z,TRUE,"High outlier: ₹17679 > upper fence ₹10387 (Q3: ₹8072, IQR: ₹1543)",11:15,FALSE
fare_DEL-BOM_AI_2026-09-10_T+15_1787707096941_9ezz,DEL-BOM,EaseMyTrip,AI,AI-2465,2026-09-10,T+15,14880,3266,18146,2026-08-26T00:56:48.985Z,TRUE,"High outlier: ₹18146 > upper fence ₹10387 (Q3: ₹8072, IQR: ₹1543)",14:30,FALSE
fare_DEL-BOM_AI_2026-09-10_T+15_1787707096941_lwqd,DEL-BOM,EaseMyTrip,AI,AI-9584,2026-09-10,T+15,15190,3334,18524,2026-08-26T00:56:48.985Z,TRUE,"High outlier: ₹18524 > upper fence ₹10387 (Q3: ₹8072, IQR: ₹1543)",11:15,FALSE
fare_DEL-BOM_IX_2026-09-10_T+15_1787707096941_b60f,DEL-BOM,EaseMyTrip,IX,IX-1068,2026-09-10,T+15,16128,3540,19668,2026-08-26T00:56:48.985Z,TRUE,"High outlier: ₹19668 > upper fence ₹10387 (Q3: ₹8072, IQR: ₹1543)",11:55,FALSE
fare_DEL-BOM_AI_2026-09-10_T+15_1787707096941_85o2,DEL-BOM,EaseMyTrip,AI,AI-2803,2026-09-10,T+15,16370,3593,19963,2026-08-26T00:56:48.985Z,TRUE,"High outlier: ₹19963 > upper fence ₹10387 (Q3: ₹8072, IQR: ₹1543)",06:30,FALSE
fare_DEL-BOM_AI_2026-09-10_T+15_1787707096941_yz60,DEL-BOM,EaseMyTrip,AI,AI-1739,2026-09-10,T+15,17408,3821,21229,2026-08-26T00:56:48.985Z,TRUE,"High outlier: ₹21229 > upper fence ₹10387 (Q3: ₹8072, IQR: ₹1543)",11:30,FALSE
fare_DEL-BOM_AI_2026-09-10_T+15_1787707096941_o7ks,DEL-BOM,EaseMyTrip,AI,AI-2525,2026-09-10,T+15,19433,4266,23699,2026-08-26T00:56:48.985Z,TRUE,"High outlier: ₹23699 > upper fence ₹10387 (Q3: ₹8072, IQR: ₹1543)",06:00,FALSE
fare_DEL-BOM_AI_2026-09-10_T+15_1787707096941_ose9,DEL-BOM,EaseMyTrip,AI,AI-2627,2026-09-10,T+15,27957,6137,34094,2026-08-26T00:56:48.985Z,TRUE,"High outlier: ₹34094 > upper fence ₹10387 (Q3: ₹8072, IQR: ₹1543)",10:45,FALSE
fare_DEL-BOM_IX_2026-08-27_T+1_1787707096941_wqox,DEL-BOM,EaseMyTrip,IX,IX-1605,2026-08-27,T+1,5354,1175,6529,2026-08-26T00:56:36.576Z,FALSE,"",06:00,TRUE
fare_DEL-BOM_IX_2026-08-27_T+1_1787707096941_urxi,DEL-BOM,EaseMyTrip,IX,IX-1056,2026-08-27,T+1,5483,1204,6687,2026-08-26T00:56:36.576Z,FALSE,"",17:50,TRUE
fare_DEL-BOM_6E_2026-08-27_T+1_1787707096941_mxfa,DEL-BOM,EaseMyTrip,6E,6E-5096,2026-08-27,T+1,5282,1160,6442,2026-08-26T00:56:36.576Z,FALSE,"",17:00,TRUE
fare_DEL-BOM_6E_2026-08-27_T+1_1787707096941_ddw6,DEL-BOM,EaseMyTrip,6E,6E-6470,2026-08-27,T+1,5354,1175,6529,2026-08-26T00:56:36.576Z,FALSE,"",06:55,TRUE
fare_DEL-BOM_QP_2026-08-27_T+1_1787707096941_ioii,DEL-BOM,EaseMyTrip,QP,QP-1110,2026-08-27,T+1,5355,1175,6530,2026-08-26T00:56:36.576Z,FALSE,"",10:30,TRUE
fare_DEL-BOM_QP_2026-08-27_T+1_1787707096941_3hpo,DEL-BOM,EaseMyTrip,QP,QP-1833,2026-08-27,T+1,5355,1175,6530,2026-08-26T00:56:36.576Z,FALSE,"",06:50,TRUE
fare_DEL-BOM_QP_2026-08-27_T+1_1787707096941_nzbn,DEL-BOM,EaseMyTrip,QP,QP-1119,2026-08-27,T+1,5355,1175,6530,2026-08-26T00:56:36.576Z,FALSE,"",08:40,TRUE
fare_DEL-BOM_QP_2026-08-27_T+1_1787707096941_8ro1,DEL-BOM,EaseMyTrip,QP,QP-1128,2026-08-27,T+1,5355,1175,6530,2026-08-26T00:56:36.576Z,FALSE,"",16:00,TRUE
fare_DEL-BOM_QP_2026-08-27_T+1_1787707096941_812y,DEL-BOM,EaseMyTrip,QP,QP-1112,2026-08-27,T+1,5355,1175,6530,2026-08-26T00:56:36.576Z,FALSE,"",09:20,TRUE
fare_DEL-BOM_QP_2026-08-27_T+1_1787707096941_5w5l,DEL-BOM,EaseMyTrip,QP,QP-1836,2026-08-27,T+1,5355,1175,6530,2026-08-26T00:56:36.576Z,FALSE,"",12:05,TRUE
fare_DEL-BOM_6E_2026-08-27_T+1_1787707096941_44jv,DEL-BOM,EaseMyTrip,6E,6E-504,2026-08-27,T+1,5355,1175,6530,2026-08-26T00:56:36.576Z,FALSE,"",05:00,TRUE
fare_DEL-BOM_6E_2026-08-27_T+1_1787707096941_qefr,DEL-BOM,EaseMyTrip,6E,6E-997,2026-08-27,T+1,5355,1175,6530,2026-08-26T00:56:36.576Z,FALSE,"",05:00,TRUE
fare_DEL-BOM_6E_2026-08-27_T+1_1787707096941_50jp,DEL-BOM,EaseMyTrip,6E,6E-794,2026-08-27,T+1,5355,1175,6530,2026-08-26T00:56:36.576Z,FALSE,"",23:30,TRUE
fare_DEL-BOM_6E_2026-08-27_T+1_1787707096941_06uq,DEL-BOM,EaseMyTrip,6E,6E-514,2026-08-27,T+1,5355,1175,6530,2026-08-26T00:56:36.576Z,FALSE,"",23:30,TRUE
fare_DEL-BOM_6E_2026-08-27_T+1_1787707096941_h0fu,DEL-BOM,EaseMyTrip,6E,6E-399,2026-08-27,T+1,5355,1175,6530,2026-08-26T00:56:36.576Z,FALSE,"",16:15,TRUE
fare_DEL-BOM_6E_2026-08-27_T+1_1787707096941_088u,DEL-BOM,EaseMyTrip,6E,6E-324,2026-08-27,T+1,5355,1175,6530,2026-08-26T00:56:36.576Z,FALSE,"",16:15,TRUE
fare_DEL-BOM_6E_2026-08-27_T+1_1787707096941_h8lh,DEL-BOM,EaseMyTrip,6E,6E-223,2026-08-27,T+1,5355,1175,6530,2026-08-26T00:56:36.576Z,FALSE,"",15:30,TRUE
fare_DEL-BOM_6E_2026-08-27_T+1_1787707096941_wf94,DEL-BOM,EaseMyTrip,6E,6E-829,2026-08-27,T+1,5355,1175,6530,2026-08-26T00:56:36.576Z,FALSE,"",15:30,TRUE
fare_DEL-BOM_6E_2026-08-27_T+1_1787707096941_5vmt,DEL-BOM,EaseMyTrip,6E,6E-6022,2026-08-27,T+1,5355,1175,6530,2026-08-26T00:56:36.576Z,FALSE,"",14:00,TRUE
fare_DEL-BOM_6E_2026-08-27_T+1_1787707096941_bia7,DEL-BOM,EaseMyTrip,6E,6E-6318,2026-08-27,T+1,5355,1175,6530,2026-08-26T00:56:36.576Z,FALSE,"",14:45,TRUE
fare_DEL-BOM_6E_2026-08-27_T+1_1787707096941_iewk,DEL-BOM,EaseMyTrip,6E,6E-6218,2026-08-27,T+1,5355,1175,6530,2026-08-26T00:56:36.576Z,FALSE,"",06:05,TRUE
fare_DEL-BOM_6E_2026-08-27_T+1_1787707096941_ait7,DEL-BOM,EaseMyTrip,6E,6E-500,2026-08-27,T+1,5355,1175,6530,2026-08-26T00:56:36.576Z,FALSE,"",08:00,TRUE
fare_DEL-BOM_6E_2026-08-27_T+1_1787707096941_byol,DEL-BOM,EaseMyTrip,6E,6E-950,2026-08-27,T+1,5355,1175,6530,2026-08-26T00:56:36.576Z,FALSE,"",08:00,TRUE
fare_DEL-BOM_6E_2026-08-27_T+1_1787707096941_6vbp,DEL-BOM,EaseMyTrip,6E,6E-650,2026-08-27,T+1,5355,1175,6530,2026-08-26T00:56:36.576Z,FALSE,"",08:45,TRUE
fare_DEL-BOM_6E_2026-08-27_T+1_1787707096941_jknd,DEL-BOM,EaseMyTrip,6E,6E-203,2026-08-27,T+1,5355,1175,6530,2026-08-26T00:56:36.576Z,FALSE,"",08:45,TRUE
fare_DEL-BOM_6E_2026-08-27_T+1_1787707096941_rzht,DEL-BOM,EaseMyTrip,6E,6E-6814,2026-08-27,T+1,5355,1175,6530,2026-08-26T00:56:36.576Z,FALSE,"",07:15,TRUE
fare_DEL-BOM_6E_2026-08-27_T+1_1787707096941_oqi0,DEL-BOM,EaseMyTrip,6E,6E-6328,2026-08-27,T+1,5355,1175,6530,2026-08-26T00:56:36.576Z,FALSE,"",10:15,TRUE
fare_DEL-BOM_6E_2026-08-27_T+1_1787707096941_atgu,DEL-BOM,EaseMyTrip,6E,6E-6047,2026-08-27,T+1,5355,1175,6530,2026-08-26T00:56:36.576Z,FALSE,"",11:00,TRUE
fare_DEL-BOM_6E_2026-08-27_T+1_1787707096941_ok2p,DEL-BOM,EaseMyTrip,6E,6E-6676,2026-08-27,T+1,5355,1175,6530,2026-08-26T00:56:36.576Z,FALSE,"",12:00,TRUE
fare_DEL-BOM_6E_2026-08-27_T+1_1787707096941_24iy,DEL-BOM,EaseMyTrip,6E,6E-967,2026-08-27,T+1,5355,1175,6530,2026-08-26T00:56:36.576Z,FALSE,"",13:00,TRUE
fare_DEL-BOM_6E_2026-08-27_T+1_1787707096941_vvwd,DEL-BOM,EaseMyTrip,6E,6E-141,2026-08-27,T+1,5355,1175,6530,2026-08-26T00:56:36.576Z,FALSE,"",13:00,TRUE
fare_DEL-BOM_6E_2026-08-27_T+1_1787707096941_6phc,DEL-BOM,EaseMyTrip,6E,6E-6107,2026-08-27,T+1,5355,1175,6530,2026-08-26T00:56:36.576Z,FALSE,"",09:30,TRUE
fare_DEL-BOM_QP_2026-08-27_T+1_1787707096941_9a5u,DEL-BOM,EaseMyTrip,QP,QP-1940,2026-08-27,T+1,5427,1191,6618,2026-08-26T00:56:36.576Z,FALSE,"",14:10,TRUE
fare_DEL-BOM_QP_2026-08-27_T+1_1787707096941_gisg,DEL-BOM,EaseMyTrip,QP,QP-1942,2026-08-27,T+1,5427,1191,6618,2026-08-26T00:56:36.576Z,FALSE,"",21:05,TRUE
fare_DEL-BOM_6E_2026-08-27_T+1_1787707096941_429r,DEL-BOM,EaseMyTrip,6E,6E-5198,2026-08-27,T+1,5427,1191,6618,2026-08-26T00:56:36.576Z,FALSE,"",15:00,TRUE
fare_DEL-BOM_6E_2026-08-27_T+1_1787707096941_eiq5,DEL-BOM,EaseMyTrip,6E,6E-6114,2026-08-27,T+1,5484,1204,6688,2026-08-26T00:56:36.576Z,FALSE,"",22:45,TRUE
fare_DEL-BOM_AI_2026-08-27_T+1_1787707096941_pxd5,DEL-BOM,EaseMyTrip,AI,AI-2678,2026-08-27,T+1,5740,1260,7000,2026-08-26T00:56:36.576Z,FALSE,"",08:30,TRUE
fare_DEL-BOM_AI_2026-08-27_T+1_1787707096941_5otv,DEL-BOM,EaseMyTrip,AI,AI-2963,2026-08-27,T+1,5740,1260,7000,2026-08-26T00:56:36.576Z,FALSE,"",09:00,TRUE
fare_DEL-BOM_AI_2026-08-27_T+1_1787707096941_zxje,DEL-BOM,EaseMyTrip,AI,AI-2975,2026-08-27,T+1,5740,1260,7000,2026-08-26T00:56:36.576Z,FALSE,"",06:30,TRUE
fare_DEL-BOM_AI_2026-08-27_T+1_1787707096941_ahpy,DEL-BOM,EaseMyTrip,AI,AI-2425,2026-08-27,T+1,5740,1260,7000,2026-08-26T00:56:36.576Z,FALSE,"",10:30,TRUE
fare_DEL-BOM_AI_2026-08-27_T+1_1787707096941_8s24,DEL-BOM,EaseMyTrip,AI,AI-2941,2026-08-27,T+1,5740,1260,7000,2026-08-26T00:56:36.576Z,FALSE,"",16:30,TRUE
fare_DEL-BOM_AI_2026-08-27_T+1_1787707096941_7t1y,DEL-BOM,EaseMyTrip,AI,AI-1745,2026-08-27,T+1,5740,1260,7000,2026-08-26T00:56:36.576Z,FALSE,"",05:30,TRUE
fare_DEL-BOM_AI_2026-08-27_T+1_1787707096941_4n65,DEL-BOM,EaseMyTrip,AI,AI-2429,2026-08-27,T+1,5740,1260,7000,2026-08-26T00:56:36.576Z,FALSE,"",07:00,TRUE
fare_DEL-BOM_AI_2026-08-27_T+1_1787707096941_tffl,DEL-BOM,EaseMyTrip,AI,AI-2943,2026-08-27,T+1,5740,1260,7000,2026-08-26T00:56:36.576Z,FALSE,"",07:30,TRUE
fare_DEL-BOM_AI_2026-08-27_T+1_1787707096941_uvrw,DEL-BOM,EaseMyTrip,AI,AI-2945,2026-08-27,T+1,5740,1260,7000,2026-08-26T00:56:36.576Z,FALSE,"",11:00,TRUE
fare_DEL-BOM_AI_2026-08-27_T+1_1787707096941_7dtt,DEL-BOM,EaseMyTrip,AI,AI-1785,2026-08-27,T+1,5740,1260,7000,2026-08-26T00:56:36.576Z,FALSE,"",12:00,TRUE
fare_DEL-BOM_AI_2026-08-27_T+1_1787707096941_19bw,DEL-BOM,EaseMyTrip,AI,AI-1777,2026-08-27,T+1,5740,1260,7000,2026-08-26T00:56:36.576Z,FALSE,"",16:00,TRUE
fare_DEL-BOM_AI_2026-08-27_T+1_1787707096941_a5np,DEL-BOM,EaseMyTrip,AI,AI-441,2026-08-27,T+1,5740,1260,7000,2026-08-26T00:56:36.576Z,FALSE,"",17:00,TRUE
fare_DEL-BOM_AI_2026-08-27_T+1_1787707096941_7ri6,DEL-BOM,EaseMyTrip,AI,AI-2751,2026-08-27,T+1,5740,1260,7000,2026-08-26T00:56:36.576Z,FALSE,"",17:30,TRUE
fare_DEL-BOM_AI_2026-08-27_T+1_1787707096941_0mrg,DEL-BOM,EaseMyTrip,AI,AI-2955,2026-08-27,T+1,5740,1260,7000,2026-08-26T00:56:36.576Z,FALSE,"",18:00,TRUE
fare_DEL-BOM_AI_2026-08-27_T+1_1787707096941_eguf,DEL-BOM,EaseMyTrip,AI,AI-2999,2026-08-27,T+1,5740,1260,7000,2026-08-26T00:56:36.576Z,FALSE,"",22:00,TRUE
fare_DEL-BOM_AI_2026-08-27_T+1_1787707096941_y9rp,DEL-BOM,EaseMyTrip,AI,AI-2437,2026-08-27,T+1,5740,1260,7000,2026-08-26T00:56:36.576Z,FALSE,"",22:30,TRUE
fare_DEL-BOM_AI_2026-08-27_T+1_1787707096941_qtpq,DEL-BOM,EaseMyTrip,AI,AI-2439,2026-08-27,T+1,5740,1260,7000,2026-08-26T00:56:36.576Z,FALSE,"",23:00,TRUE
fare_DEL-BOM_AI_2026-08-27_T+1_1787707096941_y6ka,DEL-BOM,EaseMyTrip,AI,AI-2615,2026-08-27,T+1,5740,1260,7000,2026-08-26T00:56:36.576Z,FALSE,"",02:45,TRUE
fare_DEL-BOM_AI_2026-08-27_T+1_1787707096941_vx0u,DEL-BOM,EaseMyTrip,AI,AI-2927,2026-08-27,T+1,5740,1260,7000,2026-08-26T00:56:36.576Z,FALSE,"",09:30,TRUE
fare_DEL-BOM_6E_2026-08-27_T+1_1787707096941_rjkr,DEL-BOM,EaseMyTrip,6E,6E-6706,2026-08-27,T+1,5656,1242,6898,2026-08-26T00:56:36.576Z,FALSE,"",17:00,TRUE
fare_DEL-BOM_AI_2026-08-27_T+1_1787707096942_76i5,DEL-BOM,EaseMyTrip,AI,AI-2933,2026-08-27,T+1,5870,1289,7159,2026-08-26T00:56:36.576Z,FALSE,"",15:30,TRUE
fare_DEL-BOM_AI_2026-08-27_T+1_1787707096942_t6td,DEL-BOM,EaseMyTrip,AI,AI-2441,2026-08-27,T+1,5870,1289,7159,2026-08-26T00:56:36.576Z,FALSE,"",18:25,TRUE
fare_DEL-BOM_AI_2026-08-27_T+1_1787707096942_7lbp,DEL-BOM,EaseMyTrip,AI,AI-1780,2026-08-27,T+1,5870,1289,7159,2026-08-26T00:56:36.576Z,FALSE,"",14:30,TRUE
fare_DEL-BOM_QP_2026-08-27_T+1_1787707096942_w9xg,DEL-BOM,EaseMyTrip,QP,QP-1820,2026-08-27,T+1,5756,1263,7019,2026-08-26T00:56:36.576Z,FALSE,"",17:30,TRUE
fare_DEL-BOM_6E_2026-08-27_T+1_1787707096942_wlw0,DEL-BOM,EaseMyTrip,6E,6E-558,2026-08-27,T+1,5871,1289,7160,2026-08-26T00:56:36.576Z,FALSE,"",21:45,TRUE
fare_DEL-BOM_6E_2026-08-27_T+1_1787707096942_ht0z,DEL-BOM,EaseMyTrip,6E,6E-6171,2026-08-27,T+1,5963,1309,7272,2026-08-26T00:56:36.576Z,FALSE,"",05:40,FALSE
fare_DEL-BOM_QP_2026-08-27_T+1_1787707096942_02xy,DEL-BOM,EaseMyTrip,QP,QP-1826,2026-08-27,T+1,5968,1310,7278,2026-08-26T00:56:36.576Z,FALSE,"",19:55,TRUE
fare_DEL-BOM_6E_2026-08-27_T+1_1787707096942_bo9e,DEL-BOM,EaseMyTrip,6E,6E-6490,2026-08-27,T+1,6027,1323,7350,2026-08-26T00:56:36.576Z,FALSE,"",04:55,FALSE
fare_DEL-BOM_6E_2026-08-27_T+1_1787707096942_gly5,DEL-BOM,EaseMyTrip,6E,6E-6443,2026-08-27,T+1,6070,1333,7403,2026-08-26T00:56:36.576Z,FALSE,"",09:00,FALSE
fare_DEL-BOM_6E_2026-08-27_T+1_1787707096942_jnsb,DEL-BOM,EaseMyTrip,6E,6E-5298,2026-08-27,T+1,6135,1347,7482,2026-08-26T00:56:36.576Z,FALSE,"",09:00,FALSE
fare_DEL-BOM_6E_2026-08-27_T+1_1787707096942_6455,DEL-BOM,EaseMyTrip,6E,6E-5038,2026-08-27,T+1,6135,1347,7482,2026-08-26T00:56:36.576Z,FALSE,"",14:00,FALSE
fare_DEL-BOM_6E_2026-08-27_T+1_1787707096942_hdnf,DEL-BOM,EaseMyTrip,6E,6E-6050,2026-08-27,T+1,6135,1347,7482,2026-08-26T00:56:36.576Z,FALSE,"",08:15,FALSE
fare_DEL-BOM_6E_2026-08-27_T+1_1787707096942_pm3i,DEL-BOM,EaseMyTrip,6E,6E-787,2026-08-27,T+1,6243,1370,7613,2026-08-26T00:56:36.576Z,FALSE,"",02:25,FALSE
fare_DEL-BOM_6E_2026-08-27_T+1_1787707096942_o1n4,DEL-BOM,EaseMyTrip,6E,6E-581,2026-08-27,T+1,6243,1370,7613,2026-08-26T00:56:36.576Z,FALSE,"",02:25,FALSE
fare_DEL-BOM_6E_2026-08-27_T+1_1787707096942_vtd6,DEL-BOM,EaseMyTrip,6E,6E-970,2026-08-27,T+1,6243,1370,7613,2026-08-26T00:56:36.576Z,FALSE,"",08:30,FALSE
fare_DEL-BOM_6E_2026-08-27_T+1_1787707096942_yj22,DEL-BOM,EaseMyTrip,6E,6E-767,2026-08-27,T+1,6243,1370,7613,2026-08-26T00:56:36.576Z,FALSE,"",08:30,FALSE
fare_DEL-BOM_6E_2026-08-27_T+1_1787707096942_oz5q,DEL-BOM,EaseMyTrip,6E,6E-153,2026-08-27,T+1,6243,1370,7613,2026-08-26T00:56:36.576Z,FALSE,"",23:15,FALSE
fare_DEL-BOM_6E_2026-08-27_T+1_1787707096942_2cmd,DEL-BOM,EaseMyTrip,6E,6E-593,2026-08-27,T+1,6243,1370,7613,2026-08-26T00:56:36.576Z,FALSE,"",23:15,FALSE
fare_DEL-BOM_6E_2026-08-27_T+1_1787707096942_mvwe,DEL-BOM,EaseMyTrip,6E,6E-6293,2026-08-27,T+1,6243,1370,7613,2026-08-26T00:56:36.576Z,FALSE,"",09:55,FALSE
fare_DEL-BOM_AI_2026-08-27_T+1_1787707096942_irjs,DEL-BOM,EaseMyTrip,AI,AI-2433,2026-08-27,T+1,6414,1408,7822,2026-08-26T00:56:36.576Z,FALSE,"",21:30,TRUE
fare_DEL-BOM_6E_2026-08-27_T+1_1787707096942_5snk,DEL-BOM,EaseMyTrip,6E,6E-371,2026-08-27,T+1,6307,1385,7692,2026-08-26T00:56:36.576Z,FALSE,"",19:30,FALSE
fare_DEL-BOM_6E_2026-08-27_T+1_1787707096942_jz7j,DEL-BOM,EaseMyTrip,6E,6E-709,2026-08-27,T+1,6307,1385,7692,2026-08-26T00:56:36.576Z,FALSE,"",19:30,FALSE
fare_DEL-BOM_6E_2026-08-27_T+1_1787707096942_68y2,DEL-BOM,EaseMyTrip,6E,6E-665,2026-08-27,T+1,6307,1385,7692,2026-08-26T00:56:36.576Z,FALSE,"",12:15,FALSE
fare_DEL-BOM_6E_2026-08-27_T+1_1787707096942_xh4o,DEL-BOM,EaseMyTrip,6E,6E-768,2026-08-27,T+1,6307,1385,7692,2026-08-26T00:56:36.576Z,FALSE,"",12:15,FALSE
fare_DEL-BOM_6E_2026-08-27_T+1_1787707096942_2oed,DEL-BOM,EaseMyTrip,6E,6E-706,2026-08-27,T+1,6388,1402,7790,2026-08-26T00:56:36.576Z,FALSE,"",20:00,TRUE
fare_DEL-BOM_6E_2026-08-27_T+1_1787707096942_trqv,DEL-BOM,EaseMyTrip,6E,6E-351,2026-08-27,T+1,6388,1402,7790,2026-08-26T00:56:36.576Z,FALSE,"",20:00,TRUE
fare_DEL-BOM_6E_2026-08-27_T+1_1787707096942_yic1,DEL-BOM,EaseMyTrip,6E,6E-5138,2026-08-27,T+1,6553,1438,7991,2026-08-26T00:56:36.576Z,FALSE,"",19:10,FALSE
fare_DEL-BOM_6E_2026-08-27_T+1_1787707096942_ggdk,DEL-BOM,EaseMyTrip,6E,6E-2169,2026-08-27,T+1,6553,1438,7991,2026-08-26T00:56:36.576Z,FALSE,"",19:40,FALSE
fare_DEL-BOM_IX_2026-08-27_T+1_1787707096942_gvjl,DEL-BOM,EaseMyTrip,IX,IX-1395,2026-08-27,T+1,6884,1511,8395,2026-08-26T00:56:36.576Z,FALSE,"",19:15,TRUE
fare_DEL-BOM_AI_2026-08-27_T+1_1787707096942_p05a,DEL-BOM,EaseMyTrip,AI,AI-2981,2026-08-27,T+1,6836,1500,8336,2026-08-26T00:56:36.576Z,FALSE,"",21:00,TRUE
fare_DEL-BOM_6E_2026-08-27_T+1_1787707096942_mzvp,DEL-BOM,EaseMyTrip,6E,6E-778,2026-08-27,T+1,6690,1468,8158,2026-08-26T00:56:36.576Z,FALSE,"",19:00,TRUE
fare_DEL-BOM_6E_2026-08-27_T+1_1787707096942_zbs4,DEL-BOM,EaseMyTrip,6E,6E-350,2026-08-27,T+1,6690,1468,8158,2026-08-26T00:56:36.576Z,FALSE,"",19:00,TRUE
fare_DEL-BOM_6E_2026-08-27_T+1_1787707096942_688t,DEL-BOM,EaseMyTrip,6E,6E-6497,2026-08-27,T+1,6725,1476,8201,2026-08-26T00:56:36.576Z,FALSE,"",18:45,FALSE
fare_DEL-BOM_6E_2026-08-27_T+1_1787707096942_qsie,DEL-BOM,EaseMyTrip,6E,6E-7646,2026-08-27,T+1,6729,1477,8206,2026-08-26T00:56:36.576Z,FALSE,"",06:15,FALSE
fare_DEL-BOM_AI_2026-08-27_T+1_1787707096942_gijt,DEL-BOM,EaseMyTrip,AI,AI-2805,2026-08-27,T+1,7068,1552,8620,2026-08-26T00:56:36.576Z,FALSE,"",20:00,TRUE
fare_DEL-BOM_AI_2026-08-27_T+1_1787707096942_8pft,DEL-BOM,EaseMyTrip,AI,AI-2977,2026-08-27,T+1,7127,1565,8692,2026-08-26T00:56:36.576Z,FALSE,"",19:00,TRUE
fare_DEL-BOM_6E_2026-08-27_T+1_1787707096942_o9xk,DEL-BOM,EaseMyTrip,6E,6E-979,2026-08-27,T+1,7034,1544,8578,2026-08-26T00:56:36.576Z,FALSE,"",18:00,TRUE
fare_DEL-BOM_6E_2026-08-27_T+1_1787707096942_zfc8,DEL-BOM,EaseMyTrip,6E,6E-136,2026-08-27,T+1,7034,1544,8578,2026-08-26T00:56:36.576Z,FALSE,"",18:00,TRUE
fare_DEL-BOM_6E_2026-08-27_T+1_1787707096942_aum5,DEL-BOM,EaseMyTrip,6E,6E-6312,2026-08-27,T+1,7084,1555,8639,2026-08-26T00:56:36.576Z,FALSE,"",14:25,FALSE
fare_DEL-BOM_6E_2026-08-27_T+1_1787707096942_4hcb,DEL-BOM,EaseMyTrip,6E,6E-6459,2026-08-27,T+1,7084,1555,8639,2026-08-26T00:56:36.576Z,FALSE,"",05:55,FALSE
fare_DEL-BOM_6E_2026-08-27_T+1_1787707096942_kiq5,DEL-BOM,EaseMyTrip,6E,6E-6488,2026-08-27,T+1,7084,1555,8639,2026-08-26T00:56:36.576Z,FALSE,"",11:20,FALSE
fare_DEL-BOM_6E_2026-08-27_T+1_1787707096942_ha76,DEL-BOM,EaseMyTrip,6E,6E-6479,2026-08-27,T+1,7148,1569,8717,2026-08-26T00:56:36.576Z,FALSE,"",21:25,FALSE
fare_DEL-BOM_AI_2026-08-27_T+1_1787707096942_6cus,DEL-BOM,EaseMyTrip,AI,AI-2957,2026-08-27,T+1,7534,1654,9188,2026-08-26T00:56:36.576Z,FALSE,"",20:30,TRUE
fare_DEL-BOM_6E_2026-08-27_T+1_1787707096942_6142,DEL-BOM,EaseMyTrip,6E,6E-6190,2026-08-27,T+1,7440,1633,9073,2026-08-26T00:56:36.576Z,FALSE,"",07:40,FALSE
fare_DEL-BOM_IX_2026-08-27_T+1_1787707096942_ip4t,DEL-BOM,EaseMyTrip,IX,IX-1038,2026-08-27,T+1,7856,1725,9581,2026-08-26T00:56:36.576Z,FALSE,"",18:40,TRUE
fare_DEL-BOM_IX_2026-08-27_T+1_1787707096942_xnn2,DEL-BOM,EaseMyTrip,IX,IX-2820,2026-08-27,T+1,7875,1729,9604,2026-08-26T00:56:36.576Z,FALSE,"",21:00,FALSE
fare_DEL-BOM_AI_2026-08-27_T+1_1787707096942_jomd,DEL-BOM,EaseMyTrip,AI,AI-2985,2026-08-27,T+1,7862,1726,9588,2026-08-26T00:56:36.576Z,FALSE,"",19:30,TRUE
fare_DEL-BOM_6E_2026-08-27_T+1_1787707096942_w4ir,DEL-BOM,EaseMyTrip,6E,6E-543,2026-08-27,T+1,7765,1704,9469,2026-08-26T00:56:36.576Z,FALSE,"",20:20,TRUE
fare_DEL-BOM_6E_2026-08-27_T+1_1787707096942_8snx,DEL-BOM,EaseMyTrip,6E,6E-151,2026-08-27,T+1,7765,1704,9469,2026-08-26T00:56:36.576Z,FALSE,"",20:20,TRUE
fare_DEL-BOM_6E_2026-08-27_T+1_1787707096942_8k3u,DEL-BOM,EaseMyTrip,6E,6E-2496,2026-08-27,T+1,8097,1778,9875,2026-08-26T00:56:36.576Z,FALSE,"",12:40,FALSE
fare_DEL-BOM_6E_2026-08-27_T+1_1787707096942_ecoc,DEL-BOM,EaseMyTrip,6E,6E-236,2026-08-27,T+1,8584,1884,10468,2026-08-26T00:56:36.576Z,FALSE,"",20:45,TRUE
fare_DEL-BOM_6E_2026-08-27_T+1_1787707096942_ccmg,DEL-BOM,EaseMyTrip,6E,6E-213,2026-08-27,T+1,8584,1884,10468,2026-08-26T00:56:36.576Z,FALSE,"",20:45,TRUE
fare_DEL-BOM_6E_2026-08-27_T+1_1787707096942_g952,DEL-BOM,EaseMyTrip,6E,6E-2571,2026-08-27,T+1,8646,1898,10544,2026-08-26T00:56:36.576Z,FALSE,"",12:30,FALSE
fare_DEL-BOM_IX_2026-08-27_T+1_1787707096942_dolu,DEL-BOM,EaseMyTrip,IX,IX-1108,2026-08-27,T+1,9329,2048,11377,2026-08-26T00:56:36.576Z,FALSE,"",05:00,FALSE
fare_DEL-BOM_AI_2026-08-27_T+1_1787707096942_82os,DEL-BOM,EaseMyTrip,AI,AI-9920,2026-08-27,T+1,9329,2048,11377,2026-08-26T00:56:36.576Z,FALSE,"",10:30,FALSE
fare_DEL-BOM_IX_2026-08-27_T+1_1787707096942_klhq,DEL-BOM,EaseMyTrip,IX,IX-1789,2026-08-27,T+1,9429,2070,11499,2026-08-26T00:56:36.576Z,FALSE,"",10:40,FALSE
fare_DEL-BOM_6E_2026-08-27_T+1_1787707096942_9hxm,DEL-BOM,EaseMyTrip,6E,6E-6261,2026-08-27,T+1,9638,2116,11754,2026-08-26T00:56:36.576Z,FALSE,"",00:15,FALSE
fare_DEL-BOM_AI_2026-08-27_T+1_1787707096942_oq6c,DEL-BOM,EaseMyTrip,AI,AI-9540,2026-08-27,T+1,9909,2175,12084,2026-08-26T00:56:36.576Z,FALSE,"",05:00,FALSE
fare_DEL-BOM_6E_2026-08-27_T+1_1787707096942_xy7o,DEL-BOM,EaseMyTrip,6E,6E-6433,2026-08-27,T+1,9788,2149,11937,2026-08-26T00:56:36.576Z,FALSE,"",16:30,FALSE
fare_DEL-BOM_IX_2026-08-27_T+1_1787707096942_zgxk,DEL-BOM,EaseMyTrip,IX,IX-1068,2026-08-27,T+1,10871,2386,13257,2026-08-26T00:56:36.576Z,FALSE,"",12:00,FALSE
fare_DEL-BOM_6E_2026-08-27_T+1_1787707096942_owdz,DEL-BOM,EaseMyTrip,6E,6E-6983,2026-08-27,T+1,10830,2377,13207,2026-08-26T00:56:36.576Z,FALSE,"",15:35,FALSE
fare_DEL-BOM_AI_2026-08-27_T+1_1787707096942_q1xo,DEL-BOM,EaseMyTrip,AI,AI-9418,2026-08-27,T+1,11403,2503,13906,2026-08-26T00:56:36.576Z,FALSE,"",13:10,FALSE
fare_DEL-BOM_IX_2026-08-27_T+1_1787707096942_mr3a,DEL-BOM,EaseMyTrip,IX,IX-2146,2026-08-27,T+1,12131,2663,14794,2026-08-26T00:56:36.576Z,FALSE,"",06:20,FALSE
fare_DEL-BOM_6E_2026-08-27_T+1_1787707096942_94cc,DEL-BOM,EaseMyTrip,6E,6E-6829,2026-08-27,T+1,12174,2672,14846,2026-08-26T00:56:36.576Z,FALSE,"",17:20,FALSE
fare_DEL-BOM_IX_2026-08-27_T+1_1787707096942_lvmt,DEL-BOM,EaseMyTrip,IX,IX-1057,2026-08-27,T+1,12615,2769,15384,2026-08-26T00:56:36.576Z,FALSE,"",05:25,FALSE
fare_DEL-BOM_IX_2026-08-27_T+1_1787707096942_tzhm,DEL-BOM,EaseMyTrip,IX,IX-1003,2026-08-27,T+1,12671,2782,15453,2026-08-26T00:56:36.576Z,FALSE,"",19:10,FALSE
fare_DEL-BOM_6E_2026-08-27_T+1_1787707096942_c6up,DEL-BOM,EaseMyTrip,6E,6E-2249,2026-08-27,T+1,12635,2774,15409,2026-08-26T00:56:36.576Z,FALSE,"",15:00,FALSE
fare_DEL-BOM_AI_2026-08-27_T+1_1787707096942_uhm0,DEL-BOM,EaseMyTrip,AI,AI-1743,2026-08-27,T+1,13065,2868,15933,2026-08-26T00:56:36.576Z,FALSE,"",06:50,FALSE
fare_DEL-BOM_AI_2026-08-27_T+1_1787707096942_4rcw,DEL-BOM,EaseMyTrip,AI,AI-2627,2026-08-27,T+1,13166,2890,16056,2026-08-26T00:56:36.576Z,FALSE,"",10:45,FALSE
fare_DEL-BOM_6E_2026-08-27_T+1_1787707096942_7bxh,DEL-BOM,EaseMyTrip,6E,6E-5206,2026-08-27,T+1,13018,2857,15875,2026-08-26T00:56:36.576Z,FALSE,"",13:20,FALSE
fare_DEL-BOM_IX_2026-08-27_T+1_1787707096942_na1h,DEL-BOM,EaseMyTrip,IX,IX-1617,2026-08-27,T+1,13949,3062,17011,2026-08-26T00:56:36.576Z,FALSE,"",11:50,FALSE
fare_DEL-BOM_6E_2026-08-27_T+1_1787707096942_36lk,DEL-BOM,EaseMyTrip,6E,6E-5119,2026-08-27,T+1,13746,3017,16763,2026-08-26T00:56:36.576Z,FALSE,"",05:10,FALSE
fare_DEL-BOM_6E_2026-08-27_T+1_1787707096942_0pb2,DEL-BOM,EaseMyTrip,6E,6E-2076,2026-08-27,T+1,13746,3017,16763,2026-08-26T00:56:36.576Z,FALSE,"",07:30,FALSE
fare_DEL-BOM_AI_2026-08-27_T+1_1787707096942_2oxx,DEL-BOM,EaseMyTrip,AI,AI-2907,2026-08-27,T+1,13927,3057,16984,2026-08-26T00:56:36.576Z,FALSE,"",11:55,FALSE
fare_DEL-BOM_6E_2026-08-27_T+1_1787707096942_j1t7,DEL-BOM,EaseMyTrip,6E,6E-2349,2026-08-27,T+1,13794,3028,16822,2026-08-26T00:56:36.576Z,FALSE,"",10:55,FALSE
fare_DEL-BOM_AI_2026-08-27_T+1_1787707096942_lsgp,DEL-BOM,EaseMyTrip,AI,AI-9757,2026-08-27,T+1,14311,3141,17452,2026-08-26T00:56:36.576Z,FALSE,"",11:50,FALSE
fare_DEL-BOM_6E_2026-08-27_T+1_1787707096942_v5hh,DEL-BOM,EaseMyTrip,6E,6E-7642,2026-08-27,T+1,14149,3106,17255,2026-08-26T00:56:36.576Z,FALSE,"",15:45,FALSE
fare_DEL-BOM_AI_2026-08-27_T+1_1787707096942_74cn,DEL-BOM,EaseMyTrip,AI,AI-491,2026-08-27,T+1,14497,3182,17679,2026-08-26T00:56:36.576Z,FALSE,"",11:15,FALSE
fare_DEL-BOM_AI_2026-08-27_T+1_1787707096942_z1do,DEL-BOM,EaseMyTrip,AI,AI-1711,2026-08-27,T+1,14497,3182,17679,2026-08-26T00:56:36.576Z,FALSE,"",10:25,FALSE
fare_DEL-BOM_AI_2026-08-27_T+1_1787707096942_ttgw,DEL-BOM,EaseMyTrip,AI,AI-2577,2026-08-27,T+1,14577,3200,17777,2026-08-26T00:56:36.576Z,FALSE,"",02:00,FALSE
fare_DEL-BOM_6E_2026-08-27_T+1_1787707096942_pcy2,DEL-BOM,EaseMyTrip,6E,6E-6601,2026-08-27,T+1,14467,3176,17643,2026-08-26T00:56:36.576Z,FALSE,"",19:45,FALSE
fare_DEL-BOM_AI_2026-08-27_T+1_1787707096942_rxx4,DEL-BOM,EaseMyTrip,AI,AI-9584,2026-08-27,T+1,15104,3316,18420,2026-08-26T00:56:36.576Z,FALSE,"",11:20,FALSE
fare_DEL-BOM_6E_2026-08-27_T+1_1787707096942_ibh3,DEL-BOM,EaseMyTrip,6E,6E-6282,2026-08-27,T+1,15254,3349,18603,2026-08-26T00:56:36.576Z,FALSE,"",13:30,FALSE
fare_DEL-BOM_AI_2026-08-27_T+1_1787707096942_pz3n,DEL-BOM,EaseMyTrip,AI,AI-1705,2026-08-27,T+1,15909,3492,19401,2026-08-26T00:56:36.576Z,FALSE,"",06:30,FALSE
fare_DEL-BOM_AI_2026-08-27_T+1_1787707096942_e5hq,DEL-BOM,EaseMyTrip,AI,AI-1737,2026-08-27,T+1,16144,3544,19688,2026-08-26T00:56:36.576Z,FALSE,"",11:50,FALSE
fare_DEL-BOM_AI_2026-08-27_T+1_1787707096942_kr25,DEL-BOM,EaseMyTrip,AI,AI-9722,2026-08-27,T+1,16245,3566,19811,2026-08-26T00:56:36.576Z,FALSE,"",12:00,FALSE
fare_DEL-BOM_AI_2026-08-27_T+1_1787707096942_d2q2,DEL-BOM,EaseMyTrip,AI,AI-2417,2026-08-27,T+1,16618,3648,20266,2026-08-26T00:56:36.576Z,FALSE,"",13:00,FALSE
fare_DEL-BOM_AI_2026-08-27_T+1_1787707096942_7rpk,DEL-BOM,EaseMyTrip,AI,AI-423,2026-08-27,T+1,16619,3648,20267,2026-08-26T00:56:36.576Z,FALSE,"",09:50,FALSE
fare_DEL-BOM_IX_2026-08-27_T+1_1787707096942_fz7o,DEL-BOM,EaseMyTrip,IX,IX-1482,2026-08-27,T+1,17123,3759,20882,2026-08-26T00:56:36.576Z,FALSE,"",08:30,FALSE
fare_DEL-BOM_6E_2026-08-27_T+1_1787707096942_y32h,DEL-BOM,EaseMyTrip,6E,6E-2331,2026-08-27,T+1,16976,3726,20702,2026-08-26T00:56:36.576Z,FALSE,"",12:20,FALSE
fare_DEL-BOM_AI_2026-08-27_T+1_1787707096942_2sns,DEL-BOM,EaseMyTrip,AI,AI-1739,2026-08-27,T+1,17408,3821,21229,2026-08-26T00:56:36.576Z,FALSE,"",11:30,FALSE
fare_DEL-BOM_6E_2026-08-27_T+1_1787707096942_agl7,DEL-BOM,EaseMyTrip,6E,6E-773,2026-08-27,T+1,17537,3850,21387,2026-08-26T00:56:36.576Z,FALSE,"",17:55,FALSE
fare_DEL-BOM_6E_2026-08-27_T+1_1787707096942_6h64,DEL-BOM,EaseMyTrip,6E,6E-858,2026-08-27,T+1,17537,3850,21387,2026-08-26T00:56:36.576Z,FALSE,"",17:55,FALSE
fare_DEL-BOM_AI_2026-08-27_T+1_1787707096942_00ay,DEL-BOM,EaseMyTrip,AI,AI-2465,2026-08-27,T+1,17792,3905,21697,2026-08-26T00:56:36.576Z,FALSE,"",14:30,FALSE
fare_DEL-BOM_SG_2026-08-27_T+1_1787707096942_h3nb,DEL-BOM,EaseMyTrip,SG,SG-451,2026-08-27,T+1,18287,4014,22301,2026-08-26T00:56:36.576Z,FALSE,"",22:30,TRUE
fare_DEL-BOM_SG_2026-08-27_T+1_1787707096942_uls1,DEL-BOM,EaseMyTrip,SG,SG-264,2026-08-27,T+1,18287,4014,22301,2026-08-26T00:56:36.576Z,FALSE,"",22:30,TRUE
fare_DEL-BOM_6E_2026-08-27_T+1_1787707096942_iu2s,DEL-BOM,EaseMyTrip,6E,6E-2013,2026-08-27,T+1,18612,4085,22697,2026-08-26T00:56:36.576Z,FALSE,"",21:50,FALSE
fare_DEL-BOM_6E_2026-08-27_T+1_1787707096942_sun4,DEL-BOM,EaseMyTrip,6E,6E-362,2026-08-27,T+1,22818,5009,27827,2026-08-26T00:56:36.576Z,TRUE,"High outlier: ₹27827 > upper fence ₹26953 (Q3: ₹14981, IQR: ₹7981)",19:35,FALSE
fare_DEL-BOM_6E_2026-08-27_T+1_1787707096942_tuet,DEL-BOM,EaseMyTrip,6E,6E-119,2026-08-27,T+1,22818,5009,27827,2026-08-26T00:56:36.576Z,TRUE,"High outlier: ₹27827 > upper fence ₹26953 (Q3: ₹14981, IQR: ₹7981)",19:35,FALSE
fare_DEL-BOM_6E_2026-08-27_T+1_1787707096942_vkyy,DEL-BOM,EaseMyTrip,6E,6E-2381,2026-08-27,T+1,23146,5081,28227,2026-08-26T00:56:36.576Z,TRUE,"High outlier: ₹28227 > upper fence ₹26953 (Q3: ₹14981, IQR: ₹7981)",13:45,FALSE
fare_DEL-BOM_6E_2026-08-27_T+1_1787707096942_fw99,DEL-BOM,EaseMyTrip,6E,6E-5014,2026-08-27,T+1,23450,5148,28598,2026-08-26T00:56:36.576Z,TRUE,"High outlier: ₹28598 > upper fence ₹26953 (Q3: ₹14981, IQR: ₹7981)",18:30,FALSE
fare_DEL-BOM_6E_2026-08-27_T+1_1787707096942_1d44,DEL-BOM,EaseMyTrip,6E,6E-5073,2026-08-27,T+1,26024,5712,31736,2026-08-26T00:56:36.576Z,TRUE,"High outlier: ₹31736 > upper fence ₹26953 (Q3: ₹14981, IQR: ₹7981)",17:05,FALSE
fare_DEL-BOM_AI_2026-08-27_T+1_1787707096942_owep,DEL-BOM,EaseMyTrip,AI,AI-2653,2026-08-27,T+1,26736,5869,32605,2026-08-26T00:56:36.576Z,TRUE,"High outlier: ₹32605 > upper fence ₹26953 (Q3: ₹14981, IQR: ₹7981)",04:30,FALSE
fare_DEL-BOM_AI_2026-08-27_T+1_1787707096942_9fy9,DEL-BOM,EaseMyTrip,AI,AI-429,2026-08-27,T+1,28331,6219,34550,2026-08-26T00:56:36.576Z,TRUE,"High outlier: ₹34550 > upper fence ₹26953 (Q3: ₹14981, IQR: ₹7981)",10:20,FALSE
fare_DEL-BOM_SG_2026-09-25_T+30_1787707096942_wx3x,DEL-BOM,EaseMyTrip,SG,SG-827,2026-09-25,T+30,5186,1138,6324,2026-08-26T00:56:54.906Z,FALSE,"",04:00,TRUE
fare_DEL-BOM_SG_2026-09-25_T+30_1787707096942_guur,DEL-BOM,EaseMyTrip,SG,SG-802,2026-09-25,T+30,5186,1138,6324,2026-08-26T00:56:54.906Z,FALSE,"",04:00,TRUE
fare_DEL-BOM_SG_2026-09-25_T+30_1787707096942_fc8y,DEL-BOM,EaseMyTrip,SG,SG-338,2026-09-25,T+30,5186,1138,6324,2026-08-26T00:56:54.906Z,FALSE,"",09:15,TRUE
fare_DEL-BOM_SG_2026-09-25_T+30_1787707096942_le1z,DEL-BOM,EaseMyTrip,SG,SG-259,2026-09-25,T+30,5186,1138,6324,2026-08-26T00:56:54.906Z,FALSE,"",09:15,TRUE
fare_DEL-BOM_SG_2026-09-25_T+30_1787707096942_a78o,DEL-BOM,EaseMyTrip,SG,SG-965,2026-09-25,T+30,5186,1138,6324,2026-08-26T00:56:54.906Z,FALSE,"",14:30,TRUE
fare_DEL-BOM_SG_2026-09-25_T+30_1787707096942_njwy,DEL-BOM,EaseMyTrip,SG,SG-547,2026-09-25,T+30,5186,1138,6324,2026-08-26T00:56:54.906Z,FALSE,"",14:30,TRUE
fare_DEL-BOM_SG_2026-09-25_T+30_1787707096942_4y91,DEL-BOM,EaseMyTrip,SG,SG-529,2026-09-25,T+30,5186,1138,6324,2026-08-26T00:56:54.906Z,FALSE,"",18:35,TRUE
fare_DEL-BOM_SG_2026-09-25_T+30_1787707096942_579f,DEL-BOM,EaseMyTrip,SG,SG-211,2026-09-25,T+30,5186,1138,6324,2026-08-26T00:56:54.906Z,FALSE,"",18:35,TRUE
fare_DEL-BOM_SG_2026-09-25_T+30_1787707096942_8cyg,DEL-BOM,EaseMyTrip,SG,SG-272,2026-09-25,T+30,5186,1138,6324,2026-08-26T00:56:54.906Z,FALSE,"",20:10,TRUE
fare_DEL-BOM_SG_2026-09-25_T+30_1787707096942_jaf2,DEL-BOM,EaseMyTrip,SG,SG-277,2026-09-25,T+30,5186,1138,6324,2026-08-26T00:56:54.906Z,FALSE,"",20:10,TRUE
fare_DEL-BOM_SG_2026-09-25_T+30_1787707096942_33jg,DEL-BOM,EaseMyTrip,SG,SG-416,2026-09-25,T+30,5186,1138,6324,2026-08-26T00:56:54.906Z,FALSE,"",21:00,TRUE
fare_DEL-BOM_SG_2026-09-25_T+30_1787707096942_6miy,DEL-BOM,EaseMyTrip,SG,SG-853,2026-09-25,T+30,5186,1138,6324,2026-08-26T00:56:54.906Z,FALSE,"",21:00,TRUE
fare_DEL-BOM_SG_2026-09-25_T+30_1787707096942_dtcg,DEL-BOM,EaseMyTrip,SG,SG-828,2026-09-25,T+30,5186,1138,6324,2026-08-26T00:56:54.906Z,FALSE,"",22:30,TRUE
fare_DEL-BOM_SG_2026-09-25_T+30_1787707096942_mdsr,DEL-BOM,EaseMyTrip,SG,SG-916,2026-09-25,T+30,5186,1138,6324,2026-08-26T00:56:54.906Z,FALSE,"",22:30,TRUE
fare_DEL-BOM_IX_2026-09-25_T+30_1787707096942_qqbw,DEL-BOM,EaseMyTrip,IX,IX-1056,2026-09-25,T+30,5354,1175,6529,2026-08-26T00:56:54.906Z,FALSE,"",05:45,TRUE
fare_DEL-BOM_IX_2026-09-25_T+30_1787707096942_us28,DEL-BOM,EaseMyTrip,IX,IX-1235,2026-09-25,T+30,5354,1175,6529,2026-08-26T00:56:54.906Z,FALSE,"",23:25,TRUE
fare_DEL-BOM_IX_2026-09-25_T+30_1787707096942_6sur,DEL-BOM,EaseMyTrip,IX,IX-1038,2026-09-25,T+30,5354,1175,6529,2026-08-26T00:56:54.906Z,FALSE,"",17:35,TRUE
fare_DEL-BOM_IX_2026-09-25_T+30_1787707096942_yquz,DEL-BOM,EaseMyTrip,IX,IX-1080,2026-09-25,T+30,5354,1175,6529,2026-08-26T00:56:54.906Z,FALSE,"",18:40,TRUE
fare_DEL-BOM_IX_2026-09-25_T+30_1787707096942_wxe0,DEL-BOM,EaseMyTrip,IX,IX-1165,2026-09-25,T+30,5354,1175,6529,2026-08-26T00:56:54.906Z,FALSE,"",06:00,FALSE
fare_DEL-BOM_6E_2026-09-25_T+30_1787707096942_voe2,DEL-BOM,EaseMyTrip,6E,6E-5096,2026-09-25,T+30,5282,1160,6442,2026-08-26T00:56:54.906Z,FALSE,"",17:00,TRUE
fare_DEL-BOM_6E_2026-09-25_T+30_1787707096942_997g,DEL-BOM,EaseMyTrip,6E,6E-6470,2026-09-25,T+30,5354,1175,6529,2026-08-26T00:56:54.906Z,FALSE,"",06:55,TRUE
fare_DEL-BOM_QP_2026-09-25_T+30_1787707096942_iprl,DEL-BOM,EaseMyTrip,QP,QP-1833,2026-09-25,T+30,5355,1175,6530,2026-08-26T00:56:54.906Z,FALSE,"",06:50,TRUE
fare_DEL-BOM_QP_2026-09-25_T+30_1787707096943_338s,DEL-BOM,EaseMyTrip,QP,QP-1112,2026-09-25,T+30,5355,1175,6530,2026-08-26T00:56:54.906Z,FALSE,"",09:20,TRUE
fare_DEL-BOM_QP_2026-09-25_T+30_1787707096943_if0w,DEL-BOM,EaseMyTrip,QP,QP-1836,2026-09-25,T+30,5355,1175,6530,2026-08-26T00:56:54.906Z,FALSE,"",12:30,TRUE
fare_DEL-BOM_QP_2026-09-25_T+30_1787707096943_1hlg,DEL-BOM,EaseMyTrip,QP,QP-1128,2026-09-25,T+30,5355,1175,6530,2026-08-26T00:56:54.906Z,FALSE,"",16:00,TRUE
fare_DEL-BOM_QP_2026-09-25_T+30_1787707096943_msbz,DEL-BOM,EaseMyTrip,QP,QP-1820,2026-09-25,T+30,5355,1175,6530,2026-08-26T00:56:54.906Z,FALSE,"",17:30,TRUE
fare_DEL-BOM_QP_2026-09-25_T+30_1787707096943_h87g,DEL-BOM,EaseMyTrip,QP,QP-1119,2026-09-25,T+30,5355,1175,6530,2026-08-26T00:56:54.906Z,FALSE,"",08:40,TRUE
fare_DEL-BOM_QP_2026-09-25_T+30_1787707096943_hlsk,DEL-BOM,EaseMyTrip,QP,QP-1110,2026-09-25,T+30,5355,1175,6530,2026-08-26T00:56:54.906Z,FALSE,"",10:30,TRUE
fare_DEL-BOM_QP_2026-09-25_T+30_1787707096943_2f7w,DEL-BOM,EaseMyTrip,QP,QP-1826,2026-09-25,T+30,5355,1175,6530,2026-08-26T00:56:54.906Z,FALSE,"",19:55,TRUE
fare_DEL-BOM_6E_2026-09-25_T+30_1787707096943_q2zn,DEL-BOM,EaseMyTrip,6E,6E-804,2026-09-25,T+30,5355,1175,6530,2026-08-26T00:56:54.906Z,FALSE,"",15:30,TRUE
fare_DEL-BOM_6E_2026-09-25_T+30_1787707096943_tqx2,DEL-BOM,EaseMyTrip,6E,6E-422,2026-09-25,T+30,5355,1175,6530,2026-08-26T00:56:54.906Z,FALSE,"",15:30,TRUE
fare_DEL-BOM_6E_2026-09-25_T+30_1787707096943_oie7,DEL-BOM,EaseMyTrip,6E,6E-6022,2026-09-25,T+30,5355,1175,6530,2026-08-26T00:56:54.906Z,FALSE,"",14:00,TRUE
fare_DEL-BOM_6E_2026-09-25_T+30_1787707096943_6bd0,DEL-BOM,EaseMyTrip,6E,6E-6318,2026-09-25,T+30,5355,1175,6530,2026-08-26T00:56:54.906Z,FALSE,"",14:45,TRUE
fare_DEL-BOM_6E_2026-09-25_T+30_1787707096943_khw0,DEL-BOM,EaseMyTrip,6E,6E-6047,2026-09-25,T+30,5355,1175,6530,2026-08-26T00:56:54.906Z,FALSE,"",11:00,TRUE
fare_DEL-BOM_6E_2026-09-25_T+30_1787707096943_18bm,DEL-BOM,EaseMyTrip,6E,6E-6676,2026-09-25,T+30,5355,1175,6530,2026-08-26T00:56:54.906Z,FALSE,"",12:00,TRUE
fare_DEL-BOM_QP_2026-09-25_T+30_1787707096943_v01k,DEL-BOM,EaseMyTrip,QP,QP-2074,2026-09-25,T+30,5416,1189,6605,2026-08-26T00:56:54.906Z,FALSE,"",14:10,TRUE
fare_DEL-BOM_QP_2026-09-25_T+30_1787707096943_rtnd,DEL-BOM,EaseMyTrip,QP,QP-1940,2026-09-25,T+30,5427,1191,6618,2026-08-26T00:56:54.906Z,FALSE,"",14:00,TRUE
fare_DEL-BOM_6E_2026-09-25_T+30_1787707096943_ju8l,DEL-BOM,EaseMyTrip,6E,6E-5198,2026-09-25,T+30,5427,1191,6618,2026-08-26T00:56:54.906Z,FALSE,"",15:00,TRUE
fare_DEL-BOM_6E_2026-09-25_T+30_1787707096943_lne8,DEL-BOM,EaseMyTrip,6E,6E-523,2026-09-25,T+30,5484,1204,6688,2026-08-26T00:56:54.906Z,FALSE,"",05:00,TRUE
fare_DEL-BOM_6E_2026-09-25_T+30_1787707096943_xrbq,DEL-BOM,EaseMyTrip,6E,6E-101,2026-09-25,T+30,5484,1204,6688,2026-08-26T00:56:54.906Z,FALSE,"",05:00,TRUE
fare_DEL-BOM_6E_2026-09-25_T+30_1787707096943_1pn9,DEL-BOM,EaseMyTrip,6E,6E-909,2026-09-25,T+30,5484,1204,6688,2026-08-26T00:56:54.906Z,FALSE,"",23:30,TRUE
fare_DEL-BOM_6E_2026-09-25_T+30_1787707096943_jt5e,DEL-BOM,EaseMyTrip,6E,6E-949,2026-09-25,T+30,5484,1204,6688,2026-08-26T00:56:54.906Z,FALSE,"",23:30,TRUE
fare_DEL-BOM_6E_2026-09-25_T+30_1787707096943_l37r,DEL-BOM,EaseMyTrip,6E,6E-665,2026-09-25,T+30,5484,1204,6688,2026-08-26T00:56:54.906Z,FALSE,"",16:15,TRUE
fare_DEL-BOM_6E_2026-09-25_T+30_1787707096943_9ivg,DEL-BOM,EaseMyTrip,6E,6E-362,2026-09-25,T+30,5484,1204,6688,2026-08-26T00:56:54.906Z,FALSE,"",16:15,TRUE
fare_DEL-BOM_6E_2026-09-25_T+30_1787707096943_w2n5,DEL-BOM,EaseMyTrip,6E,6E-6218,2026-09-25,T+30,5484,1204,6688,2026-08-26T00:56:54.906Z,FALSE,"",06:05,TRUE
fare_DEL-BOM_6E_2026-09-25_T+30_1787707096943_qtuw,DEL-BOM,EaseMyTrip,6E,6E-885,2026-09-25,T+30,5484,1204,6688,2026-08-26T00:56:54.906Z,FALSE,"",08:45,TRUE
fare_DEL-BOM_6E_2026-09-25_T+30_1787707096943_kwf6,DEL-BOM,EaseMyTrip,6E,6E-481,2026-09-25,T+30,5484,1204,6688,2026-08-26T00:56:54.906Z,FALSE,"",08:45,TRUE
fare_DEL-BOM_6E_2026-09-25_T+30_1787707096943_9z89,DEL-BOM,EaseMyTrip,6E,6E-589,2026-09-25,T+30,5484,1204,6688,2026-08-26T00:56:54.906Z,FALSE,"",13:00,TRUE
fare_DEL-BOM_6E_2026-09-25_T+30_1787707096943_6u1r,DEL-BOM,EaseMyTrip,6E,6E-165,2026-09-25,T+30,5484,1204,6688,2026-08-26T00:56:54.906Z,FALSE,"",13:00,TRUE
fare_DEL-BOM_AI_2026-09-25_T+30_1787707096943_69pp,DEL-BOM,EaseMyTrip,AI,AI-2678,2026-09-25,T+30,5740,1260,7000,2026-08-26T00:56:54.906Z,FALSE,"",08:30,TRUE
fare_DEL-BOM_AI_2026-09-25_T+30_1787707096943_57uz,DEL-BOM,EaseMyTrip,AI,AI-2975,2026-09-25,T+30,5740,1260,7000,2026-08-26T00:56:54.906Z,FALSE,"",06:30,TRUE
fare_DEL-BOM_AI_2026-09-25_T+30_1787707096943_uewe,DEL-BOM,EaseMyTrip,AI,AI-2425,2026-09-25,T+30,5740,1260,7000,2026-08-26T00:56:54.906Z,FALSE,"",10:30,TRUE
fare_DEL-BOM_AI_2026-09-25_T+30_1787707096943_i3yf,DEL-BOM,EaseMyTrip,AI,AI-2951,2026-09-25,T+30,5740,1260,7000,2026-08-26T00:56:54.906Z,FALSE,"",13:30,TRUE
fare_DEL-BOM_AI_2026-09-25_T+30_1787707096943_v0jj,DEL-BOM,EaseMyTrip,AI,AI-2941,2026-09-25,T+30,5740,1260,7000,2026-08-26T00:56:54.906Z,FALSE,"",16:30,TRUE
fare_DEL-BOM_AI_2026-09-25_T+30_1787707096943_7uqq,DEL-BOM,EaseMyTrip,AI,AI-1745,2026-09-25,T+30,5740,1260,7000,2026-08-26T00:56:54.906Z,FALSE,"",05:00,TRUE
fare_DEL-BOM_AI_2026-09-25_T+30_1787707096943_3env,DEL-BOM,EaseMyTrip,AI,AI-2429,2026-09-25,T+30,5740,1260,7000,2026-08-26T00:56:54.906Z,FALSE,"",07:00,TRUE
fare_DEL-BOM_AI_2026-09-25_T+30_1787707096943_ao14,DEL-BOM,EaseMyTrip,AI,AI-2943,2026-09-25,T+30,5740,1260,7000,2026-08-26T00:56:54.906Z,FALSE,"",07:30,TRUE
fare_DEL-BOM_AI_2026-09-25_T+30_1787707096943_cuqv,DEL-BOM,EaseMyTrip,AI,AI-2995,2026-09-25,T+30,5740,1260,7000,2026-08-26T00:56:54.906Z,FALSE,"",10:00,TRUE
fare_DEL-BOM_AI_2026-09-25_T+30_1787707096943_6l78,DEL-BOM,EaseMyTrip,AI,AI-2945,2026-09-25,T+30,5740,1260,7000,2026-08-26T00:56:54.906Z,FALSE,"",11:00,TRUE
fare_DEL-BOM_AI_2026-09-25_T+30_1787707096943_f5kh,DEL-BOM,EaseMyTrip,AI,AI-1785,2026-09-25,T+30,5740,1260,7000,2026-08-26T00:56:54.906Z,FALSE,"",12:00,TRUE
fare_DEL-BOM_AI_2026-09-25_T+30_1787707096943_fwx8,DEL-BOM,EaseMyTrip,AI,AI-2441,2026-09-25,T+30,5740,1260,7000,2026-08-26T00:56:54.906Z,FALSE,"",14:10,TRUE
fare_DEL-BOM_AI_2026-09-25_T+30_1787707096943_i2xm,DEL-BOM,EaseMyTrip,AI,AI-2933,2026-09-25,T+30,5740,1260,7000,2026-08-26T00:56:54.906Z,FALSE,"",15:30,TRUE
fare_DEL-BOM_AI_2026-09-25_T+30_1787707096943_bp70,DEL-BOM,EaseMyTrip,AI,AI-1777,2026-09-25,T+30,5740,1260,7000,2026-08-26T00:56:54.906Z,FALSE,"",16:00,TRUE
fare_DEL-BOM_AI_2026-09-25_T+30_1787707096943_eavy,DEL-BOM,EaseMyTrip,AI,AI-441,2026-09-25,T+30,5740,1260,7000,2026-08-26T00:56:54.906Z,FALSE,"",17:00,TRUE
fare_DEL-BOM_AI_2026-09-25_T+30_1787707096943_x6el,DEL-BOM,EaseMyTrip,AI,AI-2433,2026-09-25,T+30,5740,1260,7000,2026-08-26T00:56:54.906Z,FALSE,"",21:30,TRUE
fare_DEL-BOM_6E_2026-09-25_T+30_1787707096943_14ha,DEL-BOM,EaseMyTrip,6E,6E-6114,2026-09-25,T+30,5656,1242,6898,2026-08-26T00:56:54.906Z,FALSE,"",22:45,TRUE
fare_DEL-BOM_6E_2026-09-25_T+30_1787707096943_d048,DEL-BOM,EaseMyTrip,6E,6E-878,2026-09-25,T+30,5656,1242,6898,2026-08-26T00:56:54.906Z,FALSE,"",21:45,TRUE
fare_DEL-BOM_6E_2026-09-25_T+30_1787707096943_uqd7,DEL-BOM,EaseMyTrip,6E,6E-938,2026-09-25,T+30,5656,1242,6898,2026-08-26T00:56:54.906Z,FALSE,"",21:45,TRUE
fare_DEL-BOM_6E_2026-09-25_T+30_1787707096943_r2ve,DEL-BOM,EaseMyTrip,6E,6E-6706,2026-09-25,T+30,5656,1242,6898,2026-08-26T00:56:54.906Z,FALSE,"",17:00,TRUE
fare_DEL-BOM_6E_2026-09-25_T+30_1787707096943_xqcb,DEL-BOM,EaseMyTrip,6E,6E-6814,2026-09-25,T+30,5656,1242,6898,2026-08-26T00:56:54.906Z,FALSE,"",07:15,TRUE
fare_DEL-BOM_6E_2026-09-25_T+30_1787707096943_90s6,DEL-BOM,EaseMyTrip,6E,6E-6328,2026-09-25,T+30,5656,1242,6898,2026-08-26T00:56:54.906Z,FALSE,"",10:15,TRUE
fare_DEL-BOM_6E_2026-09-25_T+30_1787707096943_713f,DEL-BOM,EaseMyTrip,6E,6E-516,2026-09-25,T+30,5698,1251,6949,2026-08-26T00:56:54.906Z,FALSE,"",20:20,TRUE
fare_DEL-BOM_6E_2026-09-25_T+30_1787707096943_27xt,DEL-BOM,EaseMyTrip,6E,6E-336,2026-09-25,T+30,5698,1251,6949,2026-08-26T00:56:54.906Z,FALSE,"",20:20,TRUE
fare_DEL-BOM_AI_2026-09-25_T+30_1787707096943_a08n,DEL-BOM,EaseMyTrip,AI,AI-2439,2026-09-25,T+30,5870,1289,7159,2026-08-26T00:56:54.906Z,FALSE,"",23:00,TRUE
fare_DEL-BOM_6E_2026-09-25_T+30_1787707096943_gy6o,DEL-BOM,EaseMyTrip,6E,6E-341,2026-09-25,T+30,5871,1289,7160,2026-08-26T00:56:54.906Z,FALSE,"",20:00,TRUE
fare_DEL-BOM_6E_2026-09-25_T+30_1787707096943_k2pu,DEL-BOM,EaseMyTrip,6E,6E-792,2026-09-25,T+30,5871,1289,7160,2026-08-26T00:56:54.906Z,FALSE,"",20:00,TRUE
fare_DEL-BOM_6E_2026-09-25_T+30_1787707096943_9hra,DEL-BOM,EaseMyTrip,6E,6E-427,2026-09-25,T+30,5871,1289,7160,2026-08-26T00:56:54.906Z,FALSE,"",19:00,TRUE
fare_DEL-BOM_6E_2026-09-25_T+30_1787707096943_6g9n,DEL-BOM,EaseMyTrip,6E,6E-603,2026-09-25,T+30,5871,1289,7160,2026-08-26T00:56:54.906Z,FALSE,"",19:00,TRUE
fare_DEL-BOM_6E_2026-09-25_T+30_1787707096943_gch2,DEL-BOM,EaseMyTrip,6E,6E-316,2026-09-25,T+30,5871,1289,7160,2026-08-26T00:56:54.906Z,FALSE,"",18:00,TRUE
fare_DEL-BOM_6E_2026-09-25_T+30_1787707096943_0uhr,DEL-BOM,EaseMyTrip,6E,6E-492,2026-09-25,T+30,5871,1289,7160,2026-08-26T00:56:54.906Z,FALSE,"",18:00,TRUE
fare_DEL-BOM_6E_2026-09-25_T+30_1787707096943_5k8k,DEL-BOM,EaseMyTrip,6E,6E-919,2026-09-25,T+30,5871,1289,7160,2026-08-26T00:56:54.906Z,FALSE,"",20:45,TRUE
fare_DEL-BOM_6E_2026-09-25_T+30_1787707096943_3tcj,DEL-BOM,EaseMyTrip,6E,6E-531,2026-09-25,T+30,5871,1289,7160,2026-08-26T00:56:54.906Z,FALSE,"",20:45,TRUE
fare_DEL-BOM_6E_2026-09-25_T+30_1787707096943_whfx,DEL-BOM,EaseMyTrip,6E,6E-6107,2026-09-25,T+30,5871,1289,7160,2026-08-26T00:56:54.906Z,FALSE,"",09:30,TRUE
fare_DEL-BOM_AI_2026-09-25_T+30_1787707096943_3wed,DEL-BOM,EaseMyTrip,AI,AI-2981,2026-09-25,T+30,6043,1326,7369,2026-08-26T00:56:54.906Z,FALSE,"",21:00,TRUE
fare_DEL-BOM_AI_2026-09-25_T+30_1787707096943_owkp,DEL-BOM,EaseMyTrip,AI,AI-2957,2026-09-25,T+30,6043,1326,7369,2026-08-26T00:56:54.906Z,FALSE,"",20:30,TRUE
fare_DEL-BOM_6E_2026-09-25_T+30_1787707096943_feyv,DEL-BOM,EaseMyTrip,6E,6E-6190,2026-09-25,T+30,5920,1299,7219,2026-08-26T00:56:54.906Z,FALSE,"",07:40,FALSE
fare_DEL-BOM_6E_2026-09-25_T+30_1787707096943_bwwz,DEL-BOM,EaseMyTrip,6E,6E-2341,2026-09-25,T+30,5920,1299,7219,2026-08-26T00:56:54.906Z,FALSE,"",14:50,FALSE
fare_DEL-BOM_6E_2026-09-25_T+30_1787707096943_ozut,DEL-BOM,EaseMyTrip,6E,6E-2331,2026-09-25,T+30,5920,1299,7219,2026-08-26T00:56:54.906Z,FALSE,"",12:20,FALSE
fare_DEL-BOM_6E_2026-09-25_T+30_1787707096943_d93z,DEL-BOM,EaseMyTrip,6E,6E-5014,2026-09-25,T+30,5963,1309,7272,2026-08-26T00:56:54.906Z,FALSE,"",18:30,FALSE
fare_DEL-BOM_6E_2026-09-25_T+30_1787707096943_35qv,DEL-BOM,EaseMyTrip,6E,6E-5073,2026-09-25,T+30,5963,1309,7272,2026-08-26T00:56:54.906Z,FALSE,"",17:05,FALSE
fare_DEL-BOM_6E_2026-09-25_T+30_1787707096943_8dwk,DEL-BOM,EaseMyTrip,6E,6E-702,2026-09-25,T+30,5963,1309,7272,2026-08-26T00:56:54.906Z,FALSE,"",19:35,FALSE
fare_DEL-BOM_6E_2026-09-25_T+30_1787707096943_1q63,DEL-BOM,EaseMyTrip,6E,6E-735,2026-09-25,T+30,5963,1309,7272,2026-08-26T00:56:54.906Z,FALSE,"",19:35,FALSE
fare_DEL-BOM_6E_2026-09-25_T+30_1787707096943_qleh,DEL-BOM,EaseMyTrip,6E,6E-5119,2026-09-25,T+30,5963,1309,7272,2026-08-26T00:56:54.906Z,FALSE,"",05:10,FALSE
fare_DEL-BOM_6E_2026-09-25_T+30_1787707096943_e81u,DEL-BOM,EaseMyTrip,6E,6E-6171,2026-09-25,T+30,5963,1309,7272,2026-08-26T00:56:54.906Z,FALSE,"",05:40,FALSE
fare_DEL-BOM_6E_2026-09-25_T+30_1787707096943_xgwm,DEL-BOM,EaseMyTrip,6E,6E-2076,2026-09-25,T+30,5963,1309,7272,2026-08-26T00:56:54.906Z,FALSE,"",07:30,FALSE
fare_DEL-BOM_6E_2026-09-25_T+30_1787707096943_4a6g,DEL-BOM,EaseMyTrip,6E,6E-6983,2026-09-25,T+30,5963,1309,7272,2026-08-26T00:56:54.906Z,FALSE,"",15:35,FALSE
fare_DEL-BOM_6E_2026-09-25_T+30_1787707096943_7tkl,DEL-BOM,EaseMyTrip,6E,6E-6261,2026-09-25,T+30,5963,1309,7272,2026-08-26T00:56:54.906Z,FALSE,"",00:15,FALSE
fare_DEL-BOM_6E_2026-09-25_T+30_1787707096943_icc7,DEL-BOM,EaseMyTrip,6E,6E-2013,2026-09-25,T+30,5963,1309,7272,2026-08-26T00:56:54.906Z,FALSE,"",21:50,FALSE
fare_DEL-BOM_6E_2026-09-25_T+30_1787707096943_rtop,DEL-BOM,EaseMyTrip,6E,6E-6490,2026-09-25,T+30,6027,1323,7350,2026-08-26T00:56:54.906Z,FALSE,"",04:55,FALSE
fare_DEL-BOM_6E_2026-09-25_T+30_1787707096943_scma,DEL-BOM,EaseMyTrip,6E,6E-2249,2026-09-25,T+30,6070,1333,7403,2026-08-26T00:56:54.906Z,FALSE,"",15:00,FALSE
fare_DEL-BOM_6E_2026-09-25_T+30_1787707096943_tddm,DEL-BOM,EaseMyTrip,6E,6E-2169,2026-09-25,T+30,6070,1333,7403,2026-08-26T00:56:54.906Z,FALSE,"",19:40,FALSE
fare_DEL-BOM_6E_2026-09-25_T+30_1787707096943_bebb,DEL-BOM,EaseMyTrip,6E,6E-6829,2026-09-25,T+30,6070,1333,7403,2026-08-26T00:56:54.906Z,FALSE,"",17:20,FALSE
fare_DEL-BOM_6E_2026-09-25_T+30_1787707096943_m4bh,DEL-BOM,EaseMyTrip,6E,6E-6443,2026-09-25,T+30,6070,1333,7403,2026-08-26T00:56:54.906Z,FALSE,"",09:00,FALSE
fare_DEL-BOM_6E_2026-09-25_T+30_1787707096943_odcq,DEL-BOM,EaseMyTrip,6E,6E-6433,2026-09-25,T+30,6070,1333,7403,2026-08-26T00:56:54.906Z,FALSE,"",16:30,FALSE
fare_DEL-BOM_6E_2026-09-25_T+30_1787707096943_r4e4,DEL-BOM,EaseMyTrip,6E,6E-5138,2026-09-25,T+30,6070,1333,7403,2026-08-26T00:56:54.906Z,FALSE,"",19:10,FALSE
fare_DEL-BOM_6E_2026-09-25_T+30_1787707096943_z6nb,DEL-BOM,EaseMyTrip,6E,6E-6459,2026-09-25,T+30,6070,1333,7403,2026-08-26T00:56:54.906Z,FALSE,"",05:55,FALSE
fare_DEL-BOM_6E_2026-09-25_T+30_1787707096943_q7wp,DEL-BOM,EaseMyTrip,6E,6E-6569,2026-09-25,T+30,6070,1333,7403,2026-08-26T00:56:54.906Z,FALSE,"",05:00,FALSE
fare_DEL-BOM_AI_2026-09-25_T+30_1787707096943_02tf,DEL-BOM,EaseMyTrip,AI,AI-2985,2026-09-25,T+30,6243,1371,7614,2026-08-26T00:56:54.906Z,FALSE,"",19:30,TRUE
fare_DEL-BOM_AI_2026-09-25_T+30_1787707096943_xpxd,DEL-BOM,EaseMyTrip,AI,AI-2927,2026-09-25,T+30,6257,1373,7630,2026-08-26T00:56:54.906Z,FALSE,"",09:30,TRUE
fare_DEL-BOM_IX_2026-09-25_T+30_1787707096943_20d7,DEL-BOM,EaseMyTrip,IX,IX-1051,2026-09-25,T+30,6339,1391,7730,2026-08-26T00:56:54.906Z,FALSE,"",19:05,FALSE
fare_DEL-BOM_6E_2026-09-25_T+30_1787707096943_onv0,DEL-BOM,EaseMyTrip,6E,6E-345,2026-09-25,T+30,6130,1345,7475,2026-08-26T00:56:54.906Z,FALSE,"",08:00,TRUE
fare_DEL-BOM_6E_2026-09-25_T+30_1787707096943_0g0f,DEL-BOM,EaseMyTrip,6E,6E-431,2026-09-25,T+30,6130,1345,7475,2026-08-26T00:56:54.906Z,FALSE,"",08:00,TRUE
fare_DEL-BOM_6E_2026-09-25_T+30_1787707096943_hm1m,DEL-BOM,EaseMyTrip,6E,6E-6479,2026-09-25,T+30,6135,1347,7482,2026-08-26T00:56:54.906Z,FALSE,"",21:25,FALSE
fare_DEL-BOM_6E_2026-09-25_T+30_1787707096943_ephc,DEL-BOM,EaseMyTrip,6E,6E-5038,2026-09-25,T+30,6135,1347,7482,2026-08-26T00:56:54.906Z,FALSE,"",14:00,FALSE
fare_DEL-BOM_6E_2026-09-25_T+30_1787707096943_0y9m,DEL-BOM,EaseMyTrip,6E,6E-6050,2026-09-25,T+30,6135,1347,7482,2026-08-26T00:56:54.906Z,FALSE,"",08:15,FALSE
fare_DEL-BOM_6E_2026-09-25_T+30_1787707096943_35ju,DEL-BOM,EaseMyTrip,6E,6E-6601,2026-09-25,T+30,6243,1370,7613,2026-08-26T00:56:54.906Z,FALSE,"",19:45,FALSE
fare_DEL-BOM_6E_2026-09-25_T+30_1787707096943_rsfw,DEL-BOM,EaseMyTrip,6E,6E-2381,2026-09-25,T+30,6243,1370,7613,2026-08-26T00:56:54.906Z,FALSE,"",13:45,FALSE
fare_DEL-BOM_6E_2026-09-25_T+30_1787707096943_rmfo,DEL-BOM,EaseMyTrip,6E,6E-6282,2026-09-25,T+30,6243,1370,7613,2026-08-26T00:56:54.906Z,FALSE,"",13:30,FALSE
fare_DEL-BOM_6E_2026-09-25_T+30_1787707096943_zb27,DEL-BOM,EaseMyTrip,6E,6E-858,2026-09-25,T+30,6243,1370,7613,2026-08-26T00:56:54.906Z,FALSE,"",08:30,FALSE
fare_DEL-BOM_6E_2026-09-25_T+30_1787707096943_osir,DEL-BOM,EaseMyTrip,6E,6E-727,2026-09-25,T+30,6243,1370,7613,2026-08-26T00:56:54.906Z,FALSE,"",08:30,FALSE
fare_DEL-BOM_6E_2026-09-25_T+30_1787707096943_4p5l,DEL-BOM,EaseMyTrip,6E,6E-828,2026-09-25,T+30,6243,1370,7613,2026-08-26T00:56:54.906Z,FALSE,"",23:15,FALSE
fare_DEL-BOM_6E_2026-09-25_T+30_1787707096943_yr35,DEL-BOM,EaseMyTrip,6E,6E-767,2026-09-25,T+30,6243,1370,7613,2026-08-26T00:56:54.906Z,FALSE,"",23:15,FALSE
fare_DEL-BOM_6E_2026-09-25_T+30_1787707096943_ojng,DEL-BOM,EaseMyTrip,6E,6E-7646,2026-09-25,T+30,6269,1376,7645,2026-08-26T00:56:54.906Z,FALSE,"",06:15,FALSE
fare_DEL-BOM_AI_2026-09-25_T+30_1787707096943_o25q,DEL-BOM,EaseMyTrip,AI,AI-2977,2026-09-25,T+30,6446,1415,7861,2026-08-26T00:56:54.906Z,FALSE,"",19:00,TRUE
fare_DEL-BOM_AI_2026-09-25_T+30_1787707096943_53hc,DEL-BOM,EaseMyTrip,AI,AI-2955,2026-09-25,T+30,6446,1415,7861,2026-08-26T00:56:54.906Z,FALSE,"",18:00,TRUE
fare_DEL-BOM_6E_2026-09-25_T+30_1787707096943_8mo9,DEL-BOM,EaseMyTrip,6E,6E-176,2026-09-25,T+30,6307,1385,7692,2026-08-26T00:56:54.906Z,FALSE,"",19:30,FALSE
fare_DEL-BOM_6E_2026-09-25_T+30_1787707096943_zxpg,DEL-BOM,EaseMyTrip,6E,6E-141,2026-09-25,T+30,6307,1385,7692,2026-08-26T00:56:54.906Z,FALSE,"",12:15,FALSE
fare_DEL-BOM_6E_2026-09-25_T+30_1787707096943_sc4h,DEL-BOM,EaseMyTrip,6E,6E-344,2026-09-25,T+30,6307,1385,7692,2026-08-26T00:56:54.906Z,FALSE,"",12:15,FALSE
fare_DEL-BOM_6E_2026-09-25_T+30_1787707096943_yoh1,DEL-BOM,EaseMyTrip,6E,6E-7642,2026-09-25,T+30,6312,1386,7698,2026-08-26T00:56:54.906Z,FALSE,"",15:45,FALSE
fare_DEL-BOM_6E_2026-09-25_T+30_1787707096943_62k0,DEL-BOM,EaseMyTrip,6E,6E-2496,2026-09-25,T+30,6501,1427,7928,2026-08-26T00:56:54.906Z,FALSE,"",12:40,FALSE
fare_DEL-BOM_6E_2026-09-25_T+30_1787707096943_eoon,DEL-BOM,EaseMyTrip,6E,6E-5206,2026-09-25,T+30,6617,1453,8070,2026-08-26T00:56:54.906Z,FALSE,"",13:20,FALSE
fare_DEL-BOM_AI_2026-09-25_T+30_1787707096943_xo51,DEL-BOM,EaseMyTrip,AI,AI-2963,2026-09-25,T+30,6836,1500,8336,2026-08-26T00:56:54.906Z,FALSE,"",09:00,TRUE
fare_DEL-BOM_6E_2026-09-25_T+30_1787707096943_546c,DEL-BOM,EaseMyTrip,6E,6E-6497,2026-09-25,T+30,6725,1476,8201,2026-08-26T00:56:54.906Z,FALSE,"",18:45,FALSE
fare_DEL-BOM_6E_2026-09-25_T+30_1787707096943_qj1y,DEL-BOM,EaseMyTrip,6E,6E-2571,2026-09-25,T+30,6831,1500,8331,2026-08-26T00:56:54.906Z,FALSE,"",12:30,FALSE
fare_DEL-BOM_6E_2026-09-25_T+30_1787707096943_x9ih,DEL-BOM,EaseMyTrip,6E,6E-440,2026-09-25,T+30,6885,1511,8396,2026-08-26T00:56:54.906Z,FALSE,"",10:00,FALSE
fare_DEL-BOM_6E_2026-09-25_T+30_1787707096943_9rgj,DEL-BOM,EaseMyTrip,6E,6E-476,2026-09-25,T+30,6885,1511,8396,2026-08-26T00:56:54.906Z,FALSE,"",10:00,FALSE
fare_DEL-BOM_6E_2026-09-25_T+30_1787707096943_clem,DEL-BOM,EaseMyTrip,6E,6E-5298,2026-09-25,T+30,7148,1569,8717,2026-08-26T00:56:54.906Z,FALSE,"",09:00,FALSE
fare_DEL-BOM_6E_2026-09-25_T+30_1787707096943_frd1,DEL-BOM,EaseMyTrip,6E,6E-2349,2026-09-25,T+30,7594,1667,9261,2026-08-26T00:56:54.906Z,FALSE,"",10:55,FALSE
fare_DEL-BOM_IX_2026-09-25_T+30_1787707096943_dluz,DEL-BOM,EaseMyTrip,IX,IX-1059,2026-09-25,T+30,8142,1787,9929,2026-08-26T00:56:54.906Z,FALSE,"",12:15,FALSE
fare_DEL-BOM_AI_2026-09-25_T+30_1787707096943_z5at,DEL-BOM,EaseMyTrip,AI,AI-1780,2026-09-25,T+30,8190,1798,9988,2026-08-26T00:56:54.906Z,FALSE,"",16:10,TRUE
fare_DEL-BOM_AI_2026-09-25_T+30_1787707096943_lm71,DEL-BOM,EaseMyTrip,AI,AI-2499,2026-09-25,T+30,8646,1898,10544,2026-08-26T00:56:54.906Z,FALSE,"",06:00,FALSE
fare_DEL-BOM_AI_2026-09-25_T+30_1787707096943_ph97,DEL-BOM,EaseMyTrip,AI,AI-1705,2026-09-25,T+30,8895,1952,10847,2026-08-26T00:56:54.906Z,TRUE,"High outlier: ₹10847 > upper fence ₹10806 (Q3: ₹8335, IQR: ₹1647)",06:30,FALSE
fare_DEL-BOM_AI_2026-09-25_T+30_1787707096943_3r4l,DEL-BOM,EaseMyTrip,AI,AI-1719,2026-09-25,T+30,9146,2008,11154,2026-08-26T00:56:54.906Z,TRUE,"High outlier: ₹11154 > upper fence ₹10806 (Q3: ₹8335, IQR: ₹1647)",11:55,FALSE
fare_DEL-BOM_IX_2026-09-25_T+30_1787707096943_h05n,DEL-BOM,EaseMyTrip,IX,IX-1392,2026-09-25,T+30,9581,2103,11684,2026-08-26T00:56:54.906Z,TRUE,"High outlier: ₹11684 > upper fence ₹10806 (Q3: ₹8335, IQR: ₹1647)",23:25,FALSE
fare_DEL-BOM_AI_2026-09-25_T+30_1787707096943_sxq7,DEL-BOM,EaseMyTrip,AI,AI-2509,2026-09-25,T+30,9615,2111,11726,2026-08-26T00:56:54.906Z,TRUE,"High outlier: ₹11726 > upper fence ₹10806 (Q3: ₹8335, IQR: ₹1647)",07:00,FALSE
fare_DEL-BOM_6E_2026-09-25_T+30_1787707096943_tcca,DEL-BOM,EaseMyTrip,6E,6E-6293,2026-09-25,T+30,9727,2135,11862,2026-08-26T00:56:54.906Z,TRUE,"High outlier: ₹11862 > upper fence ₹10806 (Q3: ₹8335, IQR: ₹1647)",09:55,FALSE
fare_DEL-BOM_AI_2026-09-25_T+30_1787707096943_kmg0,DEL-BOM,EaseMyTrip,AI,AI-9674,2026-09-25,T+30,10171,2233,12404,2026-08-26T00:56:54.906Z,TRUE,"High outlier: ₹12404 > upper fence ₹10806 (Q3: ₹8335, IQR: ₹1647)",16:40,FALSE
fare_DEL-BOM_6E_2026-09-25_T+30_1787707096943_emwo,DEL-BOM,EaseMyTrip,6E,6E-6212,2026-09-25,T+30,10304,2262,12566,2026-08-26T00:56:54.906Z,TRUE,"High outlier: ₹12566 > upper fence ₹10806 (Q3: ₹8335, IQR: ₹1647)",14:45,FALSE
fare_DEL-BOM_IX_2026-09-25_T+30_1787707096943_oryv,DEL-BOM,EaseMyTrip,IX,IX-1082,2026-09-25,T+30,10699,2348,13047,2026-08-26T00:56:54.906Z,TRUE,"High outlier: ₹13047 > upper fence ₹10806 (Q3: ₹8335, IQR: ₹1647)",21:25,FALSE
fare_DEL-BOM_AI_2026-09-25_T+30_1787707096943_ljzh,DEL-BOM,EaseMyTrip,AI,AI-2715,2026-09-25,T+30,11186,2455,13641,2026-08-26T00:56:54.906Z,TRUE,"High outlier: ₹13641 > upper fence ₹10806 (Q3: ₹8335, IQR: ₹1647)",11:40,FALSE
fare_DEL-BOM_AI_2026-09-25_T+30_1787707096943_pxbq,DEL-BOM,EaseMyTrip,AI,AI-2909,2026-09-25,T+30,11186,2455,13641,2026-08-26T00:56:54.906Z,TRUE,"High outlier: ₹13641 > upper fence ₹10806 (Q3: ₹8335, IQR: ₹1647)",22:30,FALSE
fare_DEL-BOM_AI_2026-09-25_T+30_1787707096943_45ng,DEL-BOM,EaseMyTrip,AI,AI-2959,2026-09-25,T+30,11186,2455,13641,2026-08-26T00:56:54.906Z,TRUE,"High outlier: ₹13641 > upper fence ₹10806 (Q3: ₹8335, IQR: ₹1647)",07:10,FALSE
fare_DEL-BOM_AI_2026-09-25_T+30_1787707096943_95tw,DEL-BOM,EaseMyTrip,AI,AI-2545,2026-09-25,T+30,11186,2455,13641,2026-08-26T00:56:54.906Z,TRUE,"High outlier: ₹13641 > upper fence ₹10806 (Q3: ₹8335, IQR: ₹1647)",20:30,FALSE
fare_DEL-BOM_AI_2026-09-25_T+30_1787707096943_3xor,DEL-BOM,EaseMyTrip,AI,AI-531,2026-09-25,T+30,11186,2455,13641,2026-08-26T00:56:54.906Z,TRUE,"High outlier: ₹13641 > upper fence ₹10806 (Q3: ₹8335, IQR: ₹1647)",19:20,FALSE
fare_DEL-BOM_AI_2026-09-25_T+30_1787707096943_6kde,DEL-BOM,EaseMyTrip,AI,AI-2939,2026-09-25,T+30,11273,2475,13748,2026-08-26T00:56:54.906Z,TRUE,"High outlier: ₹13748 > upper fence ₹10806 (Q3: ₹8335, IQR: ₹1647)",16:40,FALSE
fare_DEL-BOM_AI_2026-09-25_T+30_1787707096943_c1an,DEL-BOM,EaseMyTrip,AI,AI-881,2026-09-25,T+30,11273,2475,13748,2026-08-26T00:56:54.906Z,TRUE,"High outlier: ₹13748 > upper fence ₹10806 (Q3: ₹8335, IQR: ₹1647)",13:35,FALSE
fare_DEL-BOM_AI_2026-09-25_T+30_1787707096943_5nfq,DEL-BOM,EaseMyTrip,AI,AI-9584,2026-09-25,T+30,12090,2654,14744,2026-08-26T00:56:54.906Z,TRUE,"High outlier: ₹14744 > upper fence ₹10806 (Q3: ₹8335, IQR: ₹1647)",11:15,FALSE
fare_DEL-BOM_AI_2026-09-25_T+30_1787707096943_wmn5,DEL-BOM,EaseMyTrip,AI,AI-2761,2026-09-25,T+30,12103,2657,14760,2026-08-26T00:56:54.906Z,TRUE,"High outlier: ₹14760 > upper fence ₹10806 (Q3: ₹8335, IQR: ₹1647)",16:25,FALSE
fare_DEL-BOM_IX_2026-09-25_T+30_1787707096943_pwsa,DEL-BOM,EaseMyTrip,IX,IX-1108,2026-09-25,T+30,12335,2708,15043,2026-08-26T00:56:54.906Z,TRUE,"High outlier: ₹15043 > upper fence ₹10806 (Q3: ₹8335, IQR: ₹1647)",05:00,FALSE
fare_DEL-BOM_IX_2026-09-25_T+30_1787707096943_bx7n,DEL-BOM,EaseMyTrip,IX,IX-1003,2026-09-25,T+30,12671,2782,15453,2026-08-26T00:56:54.906Z,TRUE,"High outlier: ₹15453 > upper fence ₹10806 (Q3: ₹8335, IQR: ₹1647)",19:10,FALSE
fare_DEL-BOM_AI_2026-09-25_T+30_1787707096943_vmw3,DEL-BOM,EaseMyTrip,AI,AI-1743,2026-09-25,T+30,13065,2868,15933,2026-08-26T00:56:54.906Z,TRUE,"High outlier: ₹15933 > upper fence ₹10806 (Q3: ₹8335, IQR: ₹1647)",06:15,FALSE
fare_DEL-BOM_AI_2026-09-25_T+30_1787707096943_3ars,DEL-BOM,EaseMyTrip,AI,AI-2601,2026-09-25,T+30,13065,2868,15933,2026-08-26T00:56:54.906Z,TRUE,"High outlier: ₹15933 > upper fence ₹10806 (Q3: ₹8335, IQR: ₹1647)",17:00,FALSE
fare_DEL-BOM_IX_2026-09-25_T+30_1787707096943_uyl8,DEL-BOM,EaseMyTrip,IX,IX-1068,2026-09-25,T+30,13626,2991,16617,2026-08-26T00:56:54.906Z,TRUE,"High outlier: ₹16617 > upper fence ₹10806 (Q3: ₹8335, IQR: ₹1647)",11:55,FALSE
fare_DEL-BOM_AI_2026-09-25_T+30_1787707096943_1mk3,DEL-BOM,EaseMyTrip,AI,AI-2907,2026-09-25,T+30,14034,3081,17115,2026-08-26T00:56:54.906Z,TRUE,"High outlier: ₹17115 > upper fence ₹10806 (Q3: ₹8335, IQR: ₹1647)",12:00,FALSE
fare_DEL-BOM_IX_2026-09-25_T+30_1787707096943_2rpr,DEL-BOM,EaseMyTrip,IX,IX-1049,2026-09-25,T+30,14111,3098,17209,2026-08-26T00:56:54.906Z,TRUE,"High outlier: ₹17209 > upper fence ₹10806 (Q3: ₹8335, IQR: ₹1647)",18:40,FALSE
fare_DEL-BOM_AI_2026-09-25_T+30_1787707096943_ilw8,DEL-BOM,EaseMyTrip,AI,AI-1773,2026-09-25,T+30,14497,3182,17679,2026-08-26T00:56:54.906Z,TRUE,"High outlier: ₹17679 > upper fence ₹10806 (Q3: ₹8335, IQR: ₹1647)",10:30,FALSE
fare_DEL-BOM_AI_2026-09-25_T+30_1787707096943_3a7i,DEL-BOM,EaseMyTrip,AI,AI-1703,2026-09-25,T+30,14497,3182,17679,2026-08-26T00:56:54.906Z,TRUE,"High outlier: ₹17679 > upper fence ₹10806 (Q3: ₹8335, IQR: ₹1647)",05:10,FALSE
fare_DEL-BOM_IX_2026-09-25_T+30_1787707096943_xwi8,DEL-BOM,EaseMyTrip,IX,IX-1783,2026-09-25,T+30,14566,3197,17763,2026-08-26T00:56:54.906Z,TRUE,"High outlier: ₹17763 > upper fence ₹10806 (Q3: ₹8335, IQR: ₹1647)",07:20,FALSE
fare_DEL-BOM_AI_2026-09-25_T+30_1787707096943_jv47,DEL-BOM,EaseMyTrip,AI,AI-2577,2026-09-25,T+30,14577,3200,17777,2026-08-26T00:56:54.906Z,TRUE,"High outlier: ₹17777 > upper fence ₹10806 (Q3: ₹8335, IQR: ₹1647)",02:00,FALSE
fare_DEL-BOM_AI_2026-09-25_T+30_1787707096943_c32l,DEL-BOM,EaseMyTrip,AI,AI-2859,2026-09-25,T+30,14854,3261,18115,2026-08-26T00:56:54.906Z,TRUE,"High outlier: ₹18115 > upper fence ₹10806 (Q3: ₹8335, IQR: ₹1647)",10:30,FALSE
fare_DEL-BOM_AI_2026-09-25_T+30_1787707096943_9ci4,DEL-BOM,EaseMyTrip,AI,AI-2803,2026-09-25,T+30,16370,3593,19963,2026-08-26T00:56:54.906Z,TRUE,"High outlier: ₹19963 > upper fence ₹10806 (Q3: ₹8335, IQR: ₹1647)",06:30,FALSE
fare_DEL-BOM_IX_2026-09-25_T+30_1787707096943_cvyr,DEL-BOM,EaseMyTrip,IX,IX-1817,2026-09-25,T+30,17080,3749,20829,2026-08-26T00:56:54.906Z,TRUE,"High outlier: ₹20829 > upper fence ₹10806 (Q3: ₹8335, IQR: ₹1647)",19:30,FALSE
fare_DEL-BOM_AI_2026-09-25_T+30_1787707096943_8vl6,DEL-BOM,EaseMyTrip,AI,AI-1739,2026-09-25,T+30,17408,3821,21229,2026-08-26T00:56:54.906Z,TRUE,"High outlier: ₹21229 > upper fence ₹10806 (Q3: ₹8335, IQR: ₹1647)",11:30,FALSE
fare_DEL-BOM_AI_2026-09-25_T+30_1787707096943_bya5,DEL-BOM,EaseMyTrip,AI,AI-2465,2026-09-25,T+30,17792,3905,21697,2026-08-26T00:56:54.906Z,TRUE,"High outlier: ₹21697 > upper fence ₹10806 (Q3: ₹8335, IQR: ₹1647)",14:30,FALSE
fare_DEL-BOM_AI_2026-09-25_T+30_1787707096943_35om,DEL-BOM,EaseMyTrip,AI,AI-2525,2026-09-25,T+30,18475,4056,22531,2026-08-26T00:56:54.906Z,TRUE,"High outlier: ₹22531 > upper fence ₹10806 (Q3: ₹8335, IQR: ₹1647)",06:00,FALSE
fare_DEL-BOM_AI_2026-09-25_T+30_1787707096943_cuxc,DEL-BOM,EaseMyTrip,AI,AI-9757,2026-09-25,T+30,18728,4111,22839,2026-08-26T00:56:54.906Z,TRUE,"High outlier: ₹22839 > upper fence ₹10806 (Q3: ₹8335, IQR: ₹1647)",11:50,FALSE
fare_DEL-BOM_AI_2026-09-25_T+30_1787707096943_ztil,DEL-BOM,EaseMyTrip,AI,AI-2483,2026-09-25,T+30,18767,4120,22887,2026-08-26T00:56:54.906Z,TRUE,"High outlier: ₹22887 > upper fence ₹10806 (Q3: ₹8335, IQR: ₹1647)",12:20,FALSE
fare_DEL-BOM_AI_2026-09-25_T+30_1787707096943_r0vh,DEL-BOM,EaseMyTrip,AI,AI-2627,2026-09-25,T+30,23105,5072,28177,2026-08-26T00:56:54.906Z,TRUE,"High outlier: ₹28177 > upper fence ₹10806 (Q3: ₹8335, IQR: ₹1647)",10:45,FALSE
fare_DEL-BOM_6E_2026-10-10_T+45_1787707096943_yozj,DEL-BOM,EaseMyTrip,6E,6E-481,2026-10-10,T+45,4985,1094,6079,2026-08-26T00:57:01.004Z,FALSE,"",23:30,TRUE
fare_DEL-BOM_6E_2026-10-10_T+45_1787707096943_ydb1,DEL-BOM,EaseMyTrip,6E,6E-248,2026-10-10,T+45,4985,1094,6079,2026-08-26T00:57:01.004Z,FALSE,"",23:30,TRUE
fare_DEL-BOM_6E_2026-10-10_T+45_1787707096943_cpn3,DEL-BOM,EaseMyTrip,6E,6E-773,2026-10-10,T+45,4985,1094,6079,2026-08-26T00:57:01.004Z,FALSE,"",19:00,TRUE
fare_DEL-BOM_6E_2026-10-10_T+45_1787707096943_vq86,DEL-BOM,EaseMyTrip,6E,6E-127,2026-10-10,T+45,4985,1094,6079,2026-08-26T00:57:01.004Z,FALSE,"",19:00,TRUE
fare_DEL-BOM_6E_2026-10-10_T+45_1787707096943_8xw4,DEL-BOM,EaseMyTrip,6E,6E-672,2026-10-10,T+45,4985,1094,6079,2026-08-26T00:57:01.004Z,FALSE,"",18:00,TRUE
fare_DEL-BOM_6E_2026-10-10_T+45_1787707096943_dvgb,DEL-BOM,EaseMyTrip,6E,6E-846,2026-10-10,T+45,4985,1094,6079,2026-08-26T00:57:01.004Z,FALSE,"",18:00,TRUE
fare_DEL-BOM_6E_2026-10-10_T+45_1787707096943_9tq6,DEL-BOM,EaseMyTrip,6E,6E-6706,2026-10-10,T+45,4985,1094,6079,2026-08-26T00:57:01.004Z,FALSE,"",17:00,TRUE
fare_DEL-BOM_6E_2026-10-10_T+45_1787707096943_ci0r,DEL-BOM,EaseMyTrip,6E,6E-617,2026-10-10,T+45,4985,1094,6079,2026-08-26T00:57:01.004Z,FALSE,"",16:15,TRUE
fare_DEL-BOM_6E_2026-10-10_T+45_1787707096943_px1g,DEL-BOM,EaseMyTrip,6E,6E-635,2026-10-10,T+45,4985,1094,6079,2026-08-26T00:57:01.004Z,FALSE,"",16:15,TRUE
fare_DEL-BOM_6E_2026-10-10_T+45_1787707096943_q1ui,DEL-BOM,EaseMyTrip,6E,6E-323,2026-10-10,T+45,4985,1094,6079,2026-08-26T00:57:01.004Z,FALSE,"",15:30,TRUE
fare_DEL-BOM_6E_2026-10-10_T+45_1787707096943_43p5,DEL-BOM,EaseMyTrip,6E,6E-605,2026-10-10,T+45,4985,1094,6079,2026-08-26T00:57:01.004Z,FALSE,"",15:30,TRUE
fare_DEL-BOM_6E_2026-10-10_T+45_1787707096943_0f3x,DEL-BOM,EaseMyTrip,6E,6E-6328,2026-10-10,T+45,4985,1094,6079,2026-08-26T00:57:01.004Z,FALSE,"",10:15,TRUE
fare_DEL-BOM_6E_2026-10-10_T+45_1787707096943_gt82,DEL-BOM,EaseMyTrip,6E,6E-266,2026-10-10,T+45,4985,1094,6079,2026-08-26T00:57:01.004Z,FALSE,"",08:45,TRUE
fare_DEL-BOM_6E_2026-10-10_T+45_1787707096943_bcep,DEL-BOM,EaseMyTrip,6E,6E-309,2026-10-10,T+45,4985,1094,6079,2026-08-26T00:57:01.004Z,FALSE,"",08:45,TRUE
fare_DEL-BOM_6E_2026-10-10_T+45_1787707096943_t2m9,DEL-BOM,EaseMyTrip,6E,6E-918,2026-10-10,T+45,5114,1122,6236,2026-08-26T00:57:01.004Z,FALSE,"",03:00,TRUE
fare_DEL-BOM_6E_2026-10-10_T+45_1787707096943_eh4n,DEL-BOM,EaseMyTrip,6E,6E-369,2026-10-10,T+45,5114,1122,6236,2026-08-26T00:57:01.004Z,FALSE,"",03:00,TRUE
fare_DEL-BOM_6E_2026-10-10_T+45_1787707096943_doau,DEL-BOM,EaseMyTrip,6E,6E-6114,2026-10-10,T+45,5114,1122,6236,2026-08-26T00:57:01.004Z,FALSE,"",22:45,TRUE
fare_DEL-BOM_6E_2026-10-10_T+45_1787707096943_i6qe,DEL-BOM,EaseMyTrip,6E,6E-293,2026-10-10,T+45,5114,1122,6236,2026-08-26T00:57:01.004Z,FALSE,"",21:45,TRUE
fare_DEL-BOM_6E_2026-10-10_T+45_1787707096943_loo9,DEL-BOM,EaseMyTrip,6E,6E-418,2026-10-10,T+45,5114,1122,6236,2026-08-26T00:57:01.004Z,FALSE,"",21:45,TRUE
fare_DEL-BOM_6E_2026-10-10_T+45_1787707096943_g9c7,DEL-BOM,EaseMyTrip,6E,6E-349,2026-10-10,T+45,5114,1122,6236,2026-08-26T00:57:01.004Z,FALSE,"",20:45,TRUE
fare_DEL-BOM_6E_2026-10-10_T+45_1787707096943_s60o,DEL-BOM,EaseMyTrip,6E,6E-329,2026-10-10,T+45,5114,1122,6236,2026-08-26T00:57:01.004Z,FALSE,"",20:45,TRUE
fare_DEL-BOM_6E_2026-10-10_T+45_1787707096943_iv6d,DEL-BOM,EaseMyTrip,6E,6E-6022,2026-10-10,T+45,5114,1122,6236,2026-08-26T00:57:01.004Z,FALSE,"",14:00,TRUE
fare_DEL-BOM_6E_2026-10-10_T+45_1787707096943_x1lm,DEL-BOM,EaseMyTrip,6E,6E-6318,2026-10-10,T+45,5114,1122,6236,2026-08-26T00:57:01.004Z,FALSE,"",14:45,TRUE
fare_DEL-BOM_6E_2026-10-10_T+45_1787707096943_k3fe,DEL-BOM,EaseMyTrip,6E,6E-264,2026-10-10,T+45,5114,1122,6236,2026-08-26T00:57:01.004Z,FALSE,"",05:00,TRUE
fare_DEL-BOM_6E_2026-10-10_T+45_1787707096943_um1c,DEL-BOM,EaseMyTrip,6E,6E-852,2026-10-10,T+45,5114,1122,6236,2026-08-26T00:57:01.004Z,FALSE,"",05:00,TRUE
fare_DEL-BOM_6E_2026-10-10_T+45_1787707096943_6i4p,DEL-BOM,EaseMyTrip,6E,6E-6218,2026-10-10,T+45,5114,1122,6236,2026-08-26T00:57:01.004Z,FALSE,"",06:05,TRUE
fare_DEL-BOM_6E_2026-10-10_T+45_1787707096943_2j4v,DEL-BOM,EaseMyTrip,6E,6E-6814,2026-10-10,T+45,5114,1122,6236,2026-08-26T00:57:01.004Z,FALSE,"",07:15,TRUE
fare_DEL-BOM_6E_2026-10-10_T+45_1787707096943_typ7,DEL-BOM,EaseMyTrip,6E,6E-355,2026-10-10,T+45,5114,1122,6236,2026-08-26T00:57:01.004Z,FALSE,"",08:00,TRUE
fare_DEL-BOM_6E_2026-10-10_T+45_1787707096943_7xbw,DEL-BOM,EaseMyTrip,6E,6E-356,2026-10-10,T+45,5114,1122,6236,2026-08-26T00:57:01.004Z,FALSE,"",08:00,TRUE
fare_DEL-BOM_6E_2026-10-10_T+45_1787707096943_rbrv,DEL-BOM,EaseMyTrip,6E,6E-6107,2026-10-10,T+45,5114,1122,6236,2026-08-26T00:57:01.004Z,FALSE,"",09:30,TRUE
fare_DEL-BOM_6E_2026-10-10_T+45_1787707096943_1sgc,DEL-BOM,EaseMyTrip,6E,6E-6047,2026-10-10,T+45,5114,1122,6236,2026-08-26T00:57:01.004Z,FALSE,"",11:00,TRUE
fare_DEL-BOM_6E_2026-10-10_T+45_1787707096943_gtgf,DEL-BOM,EaseMyTrip,6E,6E-6676,2026-10-10,T+45,5114,1122,6236,2026-08-26T00:57:01.004Z,FALSE,"",12:00,TRUE
fare_DEL-BOM_6E_2026-10-10_T+45_1787707096943_umhk,DEL-BOM,EaseMyTrip,6E,6E-664,2026-10-10,T+45,5114,1122,6236,2026-08-26T00:57:01.004Z,FALSE,"",13:00,TRUE
fare_DEL-BOM_6E_2026-10-10_T+45_1787707096943_oa54,DEL-BOM,EaseMyTrip,6E,6E-993,2026-10-10,T+45,5114,1122,6236,2026-08-26T00:57:01.004Z,FALSE,"",13:00,TRUE
fare_DEL-BOM_IX_2026-10-10_T+45_1787707096943_m89v,DEL-BOM,EaseMyTrip,IX,IX-1463,2026-10-10,T+45,5355,1175,6530,2026-08-26T00:57:01.004Z,FALSE,"",11:15,TRUE
fare_DEL-BOM_IX_2026-10-10_T+45_1787707096943_sh1v,DEL-BOM,EaseMyTrip,IX,IX-1038,2026-10-10,T+45,5355,1175,6530,2026-08-26T00:57:01.004Z,FALSE,"",17:35,TRUE
fare_DEL-BOM_IX_2026-10-10_T+45_1787707096943_ow3i,DEL-BOM,EaseMyTrip,IX,IX-1024,2026-10-10,T+45,5355,1175,6530,2026-08-26T00:57:01.004Z,FALSE,"",18:40,TRUE
fare_DEL-BOM_IX_2026-10-10_T+45_1787707096943_s8mt,DEL-BOM,EaseMyTrip,IX,IX-1165,2026-10-10,T+45,5400,1185,6585,2026-08-26T00:57:01.004Z,FALSE,"",06:00,FALSE
fare_DEL-BOM_SG_2026-10-10_T+45_1787707096943_7kx5,DEL-BOM,EaseMyTrip,SG,SG-807,2026-10-10,T+45,5353,1175,6528,2026-08-26T00:57:01.004Z,FALSE,"",04:00,TRUE
fare_DEL-BOM_SG_2026-10-10_T+45_1787707096943_ywth,DEL-BOM,EaseMyTrip,SG,SG-674,2026-10-10,T+45,5353,1175,6528,2026-08-26T00:57:01.004Z,FALSE,"",04:00,TRUE
fare_DEL-BOM_SG_2026-10-10_T+45_1787707096943_sw7h,DEL-BOM,EaseMyTrip,SG,SG-426,2026-10-10,T+45,5353,1175,6528,2026-08-26T00:57:01.004Z,FALSE,"",09:15,TRUE
fare_DEL-BOM_SG_2026-10-10_T+45_1787707096943_62nf,DEL-BOM,EaseMyTrip,SG,SG-429,2026-10-10,T+45,5353,1175,6528,2026-08-26T00:57:01.004Z,FALSE,"",09:15,TRUE
fare_DEL-BOM_SG_2026-10-10_T+45_1787707096943_27gz,DEL-BOM,EaseMyTrip,SG,SG-196,2026-10-10,T+45,5353,1175,6528,2026-08-26T00:57:01.004Z,FALSE,"",14:45,TRUE
fare_DEL-BOM_SG_2026-10-10_T+45_1787707096943_gyd2,DEL-BOM,EaseMyTrip,SG,SG-475,2026-10-10,T+45,5353,1175,6528,2026-08-26T00:57:01.004Z,FALSE,"",14:45,TRUE
fare_DEL-BOM_SG_2026-10-10_T+45_1787707096943_v84u,DEL-BOM,EaseMyTrip,SG,SG-762,2026-10-10,T+45,5353,1175,6528,2026-08-26T00:57:01.004Z,FALSE,"",18:35,TRUE
fare_DEL-BOM_SG_2026-10-10_T+45_1787707096943_t65v,DEL-BOM,EaseMyTrip,SG,SG-665,2026-10-10,T+45,5353,1175,6528,2026-08-26T00:57:01.004Z,FALSE,"",18:35,TRUE
fare_DEL-BOM_SG_2026-10-10_T+45_1787707096943_fs8y,DEL-BOM,EaseMyTrip,SG,SG-602,2026-10-10,T+45,5353,1175,6528,2026-08-26T00:57:01.004Z,FALSE,"",20:10,TRUE
fare_DEL-BOM_SG_2026-10-10_T+45_1787707096943_bvv0,DEL-BOM,EaseMyTrip,SG,SG-799,2026-10-10,T+45,5353,1175,6528,2026-08-26T00:57:01.004Z,FALSE,"",20:10,TRUE
fare_DEL-BOM_SG_2026-10-10_T+45_1787707096943_hf9s,DEL-BOM,EaseMyTrip,SG,SG-541,2026-10-10,T+45,5353,1175,6528,2026-08-26T00:57:01.004Z,FALSE,"",22:30,TRUE
fare_DEL-BOM_SG_2026-10-10_T+45_1787707096943_sz8j,DEL-BOM,EaseMyTrip,SG,SG-205,2026-10-10,T+45,5353,1175,6528,2026-08-26T00:57:01.004Z,FALSE,"",22:30,TRUE
fare_DEL-BOM_6E_2026-10-10_T+45_1787707096943_ne1v,DEL-BOM,EaseMyTrip,6E,6E-5096,2026-10-10,T+45,5282,1160,6442,2026-08-26T00:57:01.004Z,FALSE,"",17:00,TRUE
fare_DEL-BOM_6E_2026-10-10_T+45_1787707096943_cysb,DEL-BOM,EaseMyTrip,6E,6E-987,2026-10-10,T+45,5286,1160,6446,2026-08-26T00:57:01.004Z,FALSE,"",20:00,TRUE
fare_DEL-BOM_6E_2026-10-10_T+45_1787707096943_4kim,DEL-BOM,EaseMyTrip,6E,6E-807,2026-10-10,T+45,5286,1160,6446,2026-08-26T00:57:01.004Z,FALSE,"",20:00,TRUE
fare_DEL-BOM_6E_2026-10-10_T+45_1787707096943_8msg,DEL-BOM,EaseMyTrip,6E,6E-574,2026-10-10,T+45,5354,1175,6529,2026-08-26T00:57:01.004Z,FALSE,"",20:20,TRUE
fare_DEL-BOM_6E_2026-10-10_T+45_1787707096943_33kk,DEL-BOM,EaseMyTrip,6E,6E-724,2026-10-10,T+45,5354,1175,6529,2026-08-26T00:57:01.004Z,FALSE,"",20:20,TRUE
fare_DEL-BOM_6E_2026-10-10_T+45_1787707096943_rrlg,DEL-BOM,EaseMyTrip,6E,6E-6470,2026-10-10,T+45,5354,1175,6529,2026-08-26T00:57:01.004Z,FALSE,"",06:55,TRUE
fare_DEL-BOM_QP_2026-10-10_T+45_1787707096943_oma5,DEL-BOM,EaseMyTrip,QP,QP-1833,2026-10-10,T+45,5355,1175,6530,2026-08-26T00:57:01.004Z,FALSE,"",06:50,TRUE
fare_DEL-BOM_QP_2026-10-10_T+45_1787707096943_7oek,DEL-BOM,EaseMyTrip,QP,QP-1110,2026-10-10,T+45,5355,1175,6530,2026-08-26T00:57:01.004Z,FALSE,"",10:00,TRUE
fare_DEL-BOM_QP_2026-10-10_T+45_1787707096943_nbop,DEL-BOM,EaseMyTrip,QP,QP-1128,2026-10-10,T+45,5355,1175,6530,2026-08-26T00:57:01.004Z,FALSE,"",16:00,TRUE
fare_DEL-BOM_QP_2026-10-10_T+45_1787707096943_pjx7,DEL-BOM,EaseMyTrip,QP,QP-1820,2026-10-10,T+45,5355,1175,6530,2026-08-26T00:57:01.004Z,FALSE,"",17:30,TRUE
fare_DEL-BOM_QP_2026-10-10_T+45_1787707096943_xerm,DEL-BOM,EaseMyTrip,QP,QP-1119,2026-10-10,T+45,5355,1175,6530,2026-08-26T00:57:01.004Z,FALSE,"",08:40,TRUE
fare_DEL-BOM_QP_2026-10-10_T+45_1787707096943_5jm5,DEL-BOM,EaseMyTrip,QP,QP-1826,2026-10-10,T+45,5355,1175,6530,2026-08-26T00:57:01.004Z,FALSE,"",19:55,TRUE
fare_DEL-BOM_QP_2026-10-10_T+45_1787707096943_9tmn,DEL-BOM,EaseMyTrip,QP,QP-2012,2026-10-10,T+45,5416,1189,6605,2026-08-26T00:57:01.004Z,FALSE,"",08:55,TRUE
fare_DEL-BOM_6E_2026-10-10_T+45_1787707096943_74pc,DEL-BOM,EaseMyTrip,6E,6E-5198,2026-10-10,T+45,5427,1191,6618,2026-08-26T00:57:01.004Z,FALSE,"",15:00,TRUE
fare_DEL-BOM_AI_2026-10-10_T+45_1787707096943_tgcd,DEL-BOM,EaseMyTrip,AI,AI-2678,2026-10-10,T+45,5740,1260,7000,2026-08-26T00:57:01.004Z,FALSE,"",08:30,TRUE
fare_DEL-BOM_AI_2026-10-10_T+45_1787707096943_f9xl,DEL-BOM,EaseMyTrip,AI,AI-2963,2026-10-10,T+45,5740,1260,7000,2026-08-26T00:57:01.004Z,FALSE,"",09:00,TRUE
fare_DEL-BOM_AI_2026-10-10_T+45_1787707096943_4ie1,DEL-BOM,EaseMyTrip,AI,AI-2975,2026-10-10,T+45,5740,1260,7000,2026-08-26T00:57:01.004Z,FALSE,"",06:30,TRUE
fare_DEL-BOM_AI_2026-10-10_T+45_1787707096943_buwf,DEL-BOM,EaseMyTrip,AI,AI-2425,2026-10-10,T+45,5740,1260,7000,2026-08-26T00:57:01.004Z,FALSE,"",10:30,TRUE
fare_DEL-BOM_AI_2026-10-10_T+45_1787707096943_9mff,DEL-BOM,EaseMyTrip,AI,AI-2981,2026-10-10,T+45,5740,1260,7000,2026-08-26T00:57:01.004Z,FALSE,"",21:00,TRUE
fare_DEL-BOM_AI_2026-10-10_T+45_1787707096944_n60p,DEL-BOM,EaseMyTrip,AI,AI-1745,2026-10-10,T+45,5740,1260,7000,2026-08-26T00:57:01.004Z,FALSE,"",05:00,TRUE
fare_DEL-BOM_AI_2026-10-10_T+45_1787707096944_p603,DEL-BOM,EaseMyTrip,AI,AI-2429,2026-10-10,T+45,5740,1260,7000,2026-08-26T00:57:01.004Z,FALSE,"",07:00,TRUE
fare_DEL-BOM_AI_2026-10-10_T+45_1787707096944_i7zs,DEL-BOM,EaseMyTrip,AI,AI-2995,2026-10-10,T+45,5740,1260,7000,2026-08-26T00:57:01.004Z,FALSE,"",10:00,TRUE
fare_DEL-BOM_AI_2026-10-10_T+45_1787707096944_w250,DEL-BOM,EaseMyTrip,AI,AI-2945,2026-10-10,T+45,5740,1260,7000,2026-08-26T00:57:01.004Z,FALSE,"",11:00,TRUE
fare_DEL-BOM_AI_2026-10-10_T+45_1787707096944_ylvq,DEL-BOM,EaseMyTrip,AI,AI-2441,2026-10-10,T+45,5740,1260,7000,2026-08-26T00:57:01.004Z,FALSE,"",14:10,TRUE
fare_DEL-BOM_AI_2026-10-10_T+45_1787707096944_5ykt,DEL-BOM,EaseMyTrip,AI,AI-2933,2026-10-10,T+45,5740,1260,7000,2026-08-26T00:57:01.004Z,FALSE,"",15:30,TRUE
fare_DEL-BOM_AI_2026-10-10_T+45_1787707096944_1mdk,DEL-BOM,EaseMyTrip,AI,AI-441,2026-10-10,T+45,5740,1260,7000,2026-08-26T00:57:01.004Z,FALSE,"",17:00,TRUE
fare_DEL-BOM_AI_2026-10-10_T+45_1787707096944_i3lc,DEL-BOM,EaseMyTrip,AI,AI-2927,2026-10-10,T+45,5740,1260,7000,2026-08-26T00:57:01.004Z,FALSE,"",09:30,TRUE
fare_DEL-BOM_AI_2026-10-10_T+45_1787707096944_jotv,DEL-BOM,EaseMyTrip,AI,AI-2957,2026-10-10,T+45,5740,1260,7000,2026-08-26T00:57:01.004Z,FALSE,"",20:30,TRUE
fare_DEL-BOM_AI_2026-10-10_T+45_1787707096944_1dri,DEL-BOM,EaseMyTrip,AI,AI-1780,2026-10-10,T+45,5740,1260,7000,2026-08-26T00:57:01.004Z,FALSE,"",14:30,TRUE
fare_DEL-BOM_IX_2026-10-10_T+45_1787707096944_1lbg,DEL-BOM,EaseMyTrip,IX,IX-1235,2026-10-10,T+45,5928,1301,7229,2026-08-26T00:57:01.004Z,FALSE,"",23:25,TRUE
fare_DEL-BOM_AI_2026-10-10_T+45_1787707096944_wjkt,DEL-BOM,EaseMyTrip,AI,AI-2951,2026-10-10,T+45,5870,1289,7159,2026-08-26T00:57:01.004Z,FALSE,"",13:30,TRUE
fare_DEL-BOM_AI_2026-10-10_T+45_1787707096944_ojsw,DEL-BOM,EaseMyTrip,AI,AI-2985,2026-10-10,T+45,5882,1291,7173,2026-08-26T00:57:01.004Z,FALSE,"",19:30,TRUE
fare_DEL-BOM_AI_2026-10-10_T+45_1787707096944_jazm,DEL-BOM,EaseMyTrip,AI,AI-1777,2026-10-10,T+45,5882,1291,7173,2026-08-26T00:57:01.004Z,FALSE,"",16:00,TRUE
fare_DEL-BOM_AI_2026-10-10_T+45_1787707096944_76se,DEL-BOM,EaseMyTrip,AI,AI-2943,2026-10-10,T+45,5882,1291,7173,2026-08-26T00:57:01.004Z,FALSE,"",07:30,TRUE
fare_DEL-BOM_AI_2026-10-10_T+45_1787707096944_c9d5,DEL-BOM,EaseMyTrip,AI,AI-1785,2026-10-10,T+45,5882,1291,7173,2026-08-26T00:57:01.004Z,FALSE,"",12:00,TRUE
fare_DEL-BOM_AI_2026-10-10_T+45_1787707096944_ej3a,DEL-BOM,EaseMyTrip,AI,AI-2433,2026-10-10,T+45,5882,1291,7173,2026-08-26T00:57:01.004Z,FALSE,"",21:30,TRUE
fare_DEL-BOM_AI_2026-10-10_T+45_1787707096944_64l2,DEL-BOM,EaseMyTrip,AI,AI-2439,2026-10-10,T+45,5977,1312,7289,2026-08-26T00:57:01.004Z,FALSE,"",23:00,TRUE
fare_DEL-BOM_AI_2026-10-10_T+45_1787707096944_9ph8,DEL-BOM,EaseMyTrip,AI,AI-2977,2026-10-10,T+45,6025,1322,7347,2026-08-26T00:57:01.004Z,FALSE,"",19:00,TRUE
fare_DEL-BOM_AI_2026-10-10_T+45_1787707096944_tnzt,DEL-BOM,EaseMyTrip,AI,AI-2955,2026-10-10,T+45,6025,1322,7347,2026-08-26T00:57:01.004Z,FALSE,"",18:00,TRUE
fare_DEL-BOM_6E_2026-10-10_T+45_1787707096944_x2ya,DEL-BOM,EaseMyTrip,6E,6E-150,2026-10-10,T+45,5920,1299,7219,2026-08-26T00:57:01.004Z,FALSE,"",14:50,FALSE
fare_DEL-BOM_6E_2026-10-10_T+45_1787707096944_pzy3,DEL-BOM,EaseMyTrip,6E,6E-263,2026-10-10,T+45,5920,1299,7219,2026-08-26T00:57:01.004Z,FALSE,"",14:50,FALSE
fare_DEL-BOM_6E_2026-10-10_T+45_1787707096944_cmrg,DEL-BOM,EaseMyTrip,6E,6E-5119,2026-10-10,T+45,5920,1299,7219,2026-08-26T00:57:01.004Z,FALSE,"",05:10,FALSE
fare_DEL-BOM_6E_2026-10-10_T+45_1787707096944_8z4h,DEL-BOM,EaseMyTrip,6E,6E-6190,2026-10-10,T+45,5920,1299,7219,2026-08-26T00:57:01.004Z,FALSE,"",07:40,FALSE
fare_DEL-BOM_6E_2026-10-10_T+45_1787707096944_4ohc,DEL-BOM,EaseMyTrip,6E,6E-104,2026-10-10,T+45,5920,1299,7219,2026-08-26T00:57:01.004Z,FALSE,"",10:00,FALSE
fare_DEL-BOM_6E_2026-10-10_T+45_1787707096944_yn9o,DEL-BOM,EaseMyTrip,6E,6E-767,2026-10-10,T+45,5920,1299,7219,2026-08-26T00:57:01.004Z,FALSE,"",10:00,FALSE
fare_DEL-BOM_6E_2026-10-10_T+45_1787707096944_3pif,DEL-BOM,EaseMyTrip,6E,6E-2341,2026-10-10,T+45,5920,1299,7219,2026-08-26T00:57:01.004Z,FALSE,"",14:50,FALSE
fare_DEL-BOM_6E_2026-10-10_T+45_1787707096944_noua,DEL-BOM,EaseMyTrip,6E,6E-2037,2026-10-10,T+45,5920,1299,7219,2026-08-26T00:57:01.004Z,FALSE,"",10:55,FALSE
fare_DEL-BOM_6E_2026-10-10_T+45_1787707096944_5etx,DEL-BOM,EaseMyTrip,6E,6E-2076,2026-10-10,T+45,5920,1299,7219,2026-08-26T00:57:01.004Z,FALSE,"",07:30,FALSE
fare_DEL-BOM_6E_2026-10-10_T+45_1787707096944_vnem,DEL-BOM,EaseMyTrip,6E,6E-2331,2026-10-10,T+45,5920,1299,7219,2026-08-26T00:57:01.004Z,FALSE,"",12:20,FALSE
fare_DEL-BOM_6E_2026-10-10_T+45_1787707096944_clmo,DEL-BOM,EaseMyTrip,6E,6E-6261,2026-10-10,T+45,5920,1299,7219,2026-08-26T00:57:01.004Z,FALSE,"",00:15,FALSE
fare_DEL-BOM_6E_2026-10-10_T+45_1787707096944_5fq4,DEL-BOM,EaseMyTrip,6E,6E-440,2026-10-10,T+45,5920,1299,7219,2026-08-26T00:57:01.004Z,FALSE,"",10:00,FALSE
fare_DEL-BOM_6E_2026-10-10_T+45_1787707096944_4hfc,DEL-BOM,EaseMyTrip,6E,6E-326,2026-10-10,T+45,5920,1299,7219,2026-08-26T00:57:01.004Z,FALSE,"",10:00,FALSE
fare_DEL-BOM_6E_2026-10-10_T+45_1787707096944_nwmr,DEL-BOM,EaseMyTrip,6E,6E-5014,2026-10-10,T+45,5963,1309,7272,2026-08-26T00:57:01.004Z,FALSE,"",18:30,FALSE
fare_DEL-BOM_6E_2026-10-10_T+45_1787707096944_w091,DEL-BOM,EaseMyTrip,6E,6E-6454,2026-10-10,T+45,5963,1309,7272,2026-08-26T00:57:01.004Z,FALSE,"",13:50,FALSE
fare_DEL-BOM_6E_2026-10-10_T+45_1787707096944_0kdd,DEL-BOM,EaseMyTrip,6E,6E-5073,2026-10-10,T+45,5963,1309,7272,2026-08-26T00:57:01.004Z,FALSE,"",17:05,FALSE
fare_DEL-BOM_6E_2026-10-10_T+45_1787707096944_l707,DEL-BOM,EaseMyTrip,6E,6E-6171,2026-10-10,T+45,5963,1309,7272,2026-08-26T00:57:01.004Z,FALSE,"",05:40,FALSE
fare_DEL-BOM_6E_2026-10-10_T+45_1787707096944_q4s0,DEL-BOM,EaseMyTrip,6E,6E-6983,2026-10-10,T+45,5963,1309,7272,2026-08-26T00:57:01.004Z,FALSE,"",15:35,FALSE
fare_DEL-BOM_6E_2026-10-10_T+45_1787707096944_culc,DEL-BOM,EaseMyTrip,6E,6E-560,2026-10-10,T+45,5963,1309,7272,2026-08-26T00:57:01.004Z,FALSE,"",19:30,FALSE
fare_DEL-BOM_6E_2026-10-10_T+45_1787707096944_ln3b,DEL-BOM,EaseMyTrip,6E,6E-2013,2026-10-10,T+45,5963,1309,7272,2026-08-26T00:57:01.004Z,FALSE,"",21:50,FALSE
fare_DEL-BOM_6E_2026-10-10_T+45_1787707096944_zzpa,DEL-BOM,EaseMyTrip,6E,6E-6490,2026-10-10,T+45,6027,1323,7350,2026-08-26T00:57:01.004Z,FALSE,"",04:55,FALSE
fare_DEL-BOM_6E_2026-10-10_T+45_1787707096944_swgy,DEL-BOM,EaseMyTrip,6E,6E-2249,2026-10-10,T+45,6027,1323,7350,2026-08-26T00:57:01.004Z,FALSE,"",15:00,FALSE
fare_DEL-BOM_6E_2026-10-10_T+45_1787707096944_lf0n,DEL-BOM,EaseMyTrip,6E,6E-2169,2026-10-10,T+45,6070,1333,7403,2026-08-26T00:57:01.004Z,FALSE,"",19:40,FALSE
fare_DEL-BOM_6E_2026-10-10_T+45_1787707096944_xef2,DEL-BOM,EaseMyTrip,6E,6E-6829,2026-10-10,T+45,6070,1333,7403,2026-08-26T00:57:01.004Z,FALSE,"",17:20,FALSE
fare_DEL-BOM_6E_2026-10-10_T+45_1787707096944_xyff,DEL-BOM,EaseMyTrip,6E,6E-6443,2026-10-10,T+45,6070,1333,7403,2026-08-26T00:57:01.004Z,FALSE,"",09:00,FALSE
fare_DEL-BOM_6E_2026-10-10_T+45_1787707096944_x81e,DEL-BOM,EaseMyTrip,6E,6E-6433,2026-10-10,T+45,6070,1333,7403,2026-08-26T00:57:01.004Z,FALSE,"",16:30,FALSE
fare_DEL-BOM_6E_2026-10-10_T+45_1787707096944_mtzn,DEL-BOM,EaseMyTrip,6E,6E-5138,2026-10-10,T+45,6070,1333,7403,2026-08-26T00:57:01.004Z,FALSE,"",19:10,FALSE
fare_DEL-BOM_6E_2026-10-10_T+45_1787707096944_y9k7,DEL-BOM,EaseMyTrip,6E,6E-6459,2026-10-10,T+45,6070,1333,7403,2026-08-26T00:57:01.004Z,FALSE,"",05:55,FALSE
fare_DEL-BOM_6E_2026-10-10_T+45_1787707096944_72xj,DEL-BOM,EaseMyTrip,6E,6E-115,2026-10-10,T+45,6135,1347,7482,2026-08-26T00:57:01.004Z,FALSE,"",16:30,FALSE
fare_DEL-BOM_6E_2026-10-10_T+45_1787707096944_taez,DEL-BOM,EaseMyTrip,6E,6E-952,2026-10-10,T+45,6135,1347,7482,2026-08-26T00:57:01.004Z,FALSE,"",16:30,FALSE
fare_DEL-BOM_6E_2026-10-10_T+45_1787707096944_te2r,DEL-BOM,EaseMyTrip,6E,6E-6479,2026-10-10,T+45,6135,1347,7482,2026-08-26T00:57:01.004Z,FALSE,"",21:25,FALSE
fare_DEL-BOM_6E_2026-10-10_T+45_1787707096944_0lxt,DEL-BOM,EaseMyTrip,6E,6E-2113,2026-10-10,T+45,6135,1347,7482,2026-08-26T00:57:01.004Z,FALSE,"",13:20,FALSE
fare_DEL-BOM_6E_2026-10-10_T+45_1787707096944_tx4l,DEL-BOM,EaseMyTrip,6E,6E-6050,2026-10-10,T+45,6135,1347,7482,2026-08-26T00:57:01.004Z,FALSE,"",08:15,FALSE
fare_DEL-BOM_6E_2026-10-10_T+45_1787707096944_i22p,DEL-BOM,EaseMyTrip,6E,6E-2147,2026-10-10,T+45,6135,1347,7482,2026-08-26T00:57:01.004Z,FALSE,"",11:10,FALSE
fare_DEL-BOM_6E_2026-10-10_T+45_1787707096944_3p3k,DEL-BOM,EaseMyTrip,6E,6E-6212,2026-10-10,T+45,6243,1370,7613,2026-08-26T00:57:01.004Z,FALSE,"",14:45,FALSE
fare_DEL-BOM_6E_2026-10-10_T+45_1787707096944_gxdx,DEL-BOM,EaseMyTrip,6E,6E-6601,2026-10-10,T+45,6243,1370,7613,2026-08-26T00:57:01.004Z,FALSE,"",19:45,FALSE
fare_DEL-BOM_6E_2026-10-10_T+45_1787707096944_qd54,DEL-BOM,EaseMyTrip,6E,6E-6282,2026-10-10,T+45,6243,1370,7613,2026-08-26T00:57:01.004Z,FALSE,"",13:30,FALSE
fare_DEL-BOM_6E_2026-10-10_T+45_1787707096944_7xow,DEL-BOM,EaseMyTrip,6E,6E-158,2026-10-10,T+45,6243,1370,7613,2026-08-26T00:57:01.004Z,FALSE,"",23:15,FALSE
fare_DEL-BOM_6E_2026-10-10_T+45_1787707096944_9p4o,DEL-BOM,EaseMyTrip,6E,6E-627,2026-10-10,T+45,6243,1370,7613,2026-08-26T00:57:01.004Z,FALSE,"",23:15,FALSE
fare_DEL-BOM_6E_2026-10-10_T+45_1787707096944_tcd7,DEL-BOM,EaseMyTrip,6E,6E-7646,2026-10-10,T+45,6269,1376,7645,2026-08-26T00:57:01.004Z,FALSE,"",06:15,FALSE
fare_DEL-BOM_6E_2026-10-10_T+45_1787707096944_miyp,DEL-BOM,EaseMyTrip,6E,6E-7642,2026-10-10,T+45,6312,1386,7698,2026-08-26T00:57:01.004Z,FALSE,"",15:45,FALSE
fare_DEL-BOM_6E_2026-10-10_T+45_1787707096944_pwyn,DEL-BOM,EaseMyTrip,6E,6E-5038,2026-10-10,T+45,6617,1453,8070,2026-08-26T00:57:01.004Z,FALSE,"",14:00,FALSE
fare_DEL-BOM_6E_2026-10-10_T+45_1787707096944_f81h,DEL-BOM,EaseMyTrip,6E,6E-382,2026-10-10,T+45,6725,1476,8201,2026-08-26T00:57:01.004Z,FALSE,"",17:55,FALSE
fare_DEL-BOM_6E_2026-10-10_T+45_1787707096944_yc7k,DEL-BOM,EaseMyTrip,6E,6E-261,2026-10-10,T+45,6725,1476,8201,2026-08-26T00:57:01.004Z,FALSE,"",17:55,FALSE
fare_DEL-BOM_6E_2026-10-10_T+45_1787707096944_tf2u,DEL-BOM,EaseMyTrip,6E,6E-6026,2026-10-10,T+45,6725,1476,8201,2026-08-26T00:57:01.004Z,FALSE,"",05:30,FALSE
fare_DEL-BOM_6E_2026-10-10_T+45_1787707096944_uyts,DEL-BOM,EaseMyTrip,6E,6E-377,2026-10-10,T+45,6725,1476,8201,2026-08-26T00:57:01.004Z,FALSE,"",02:25,FALSE
fare_DEL-BOM_6E_2026-10-10_T+45_1787707096944_o1rj,DEL-BOM,EaseMyTrip,6E,6E-502,2026-10-10,T+45,6725,1476,8201,2026-08-26T00:57:01.004Z,FALSE,"",02:25,FALSE
fare_DEL-BOM_6E_2026-10-10_T+45_1787707096944_p9lf,DEL-BOM,EaseMyTrip,6E,6E-2571,2026-10-10,T+45,6831,1500,8331,2026-08-26T00:57:01.004Z,FALSE,"",12:30,FALSE
fare_DEL-BOM_6E_2026-10-10_T+45_1787707096944_jb0o,DEL-BOM,EaseMyTrip,6E,6E-2381,2026-10-10,T+45,7256,1593,8849,2026-08-26T00:57:01.004Z,FALSE,"",13:45,FALSE
fare_DEL-BOM_IX_2026-10-10_T+45_1787707096944_yk93,DEL-BOM,EaseMyTrip,IX,IX-1051,2026-10-10,T+45,7532,1653,9185,2026-08-26T00:57:01.004Z,FALSE,"",19:05,FALSE
fare_DEL-BOM_IX_2026-10-10_T+45_1787707096944_ozh8,DEL-BOM,EaseMyTrip,IX,IX-1056,2026-10-10,T+45,7650,1679,9329,2026-08-26T00:57:01.004Z,FALSE,"",17:50,TRUE
fare_DEL-BOM_6E_2026-10-10_T+45_1787707096944_0cid,DEL-BOM,EaseMyTrip,6E,6E-5298,2026-10-10,T+45,8373,1838,10211,2026-08-26T00:57:01.004Z,FALSE,"",09:00,FALSE
fare_DEL-BOM_AI_2026-10-10_T+45_1787707096944_yx7t,DEL-BOM,EaseMyTrip,AI,AI-2761,2026-10-10,T+45,8673,1904,10577,2026-08-26T00:57:01.004Z,FALSE,"",16:25,FALSE
fare_DEL-BOM_AI_2026-10-10_T+45_1787707096944_jqab,DEL-BOM,EaseMyTrip,AI,AI-1705,2026-10-10,T+45,8895,1952,10847,2026-08-26T00:57:01.004Z,FALSE,"",06:30,FALSE
fare_DEL-BOM_IX_2026-10-10_T+45_1787707096944_zhje,DEL-BOM,EaseMyTrip,IX,IX-1049,2026-10-10,T+45,9008,1977,10985,2026-08-26T00:57:01.004Z,FALSE,"",18:40,FALSE
fare_DEL-BOM_AI_2026-10-10_T+45_1787707096944_u552,DEL-BOM,EaseMyTrip,AI,AI-2569,2026-10-10,T+45,9122,2002,11124,2026-08-26T00:57:01.004Z,FALSE,"",20:30,FALSE
fare_DEL-BOM_AI_2026-10-10_T+45_1787707096944_1629,DEL-BOM,EaseMyTrip,AI,AI-1710,2026-10-10,T+45,9447,2074,11521,2026-08-26T00:57:01.004Z,FALSE,"",18:35,FALSE
fare_DEL-BOM_IX_2026-10-10_T+45_1787707096944_94k9,DEL-BOM,EaseMyTrip,IX,IX-1068,2026-10-10,T+45,9828,2157,11985,2026-08-26T00:57:01.004Z,FALSE,"",11:55,FALSE
fare_DEL-BOM_6E_2026-10-10_T+45_1787707096944_2y3z,DEL-BOM,EaseMyTrip,6E,6E-346,2026-10-10,T+45,9619,2111,11730,2026-08-26T00:57:01.004Z,FALSE,"",12:10,FALSE
fare_DEL-BOM_6E_2026-10-10_T+45_1787707096944_2z5k,DEL-BOM,EaseMyTrip,6E,6E-898,2026-10-10,T+45,9619,2111,11730,2026-08-26T00:57:01.004Z,FALSE,"",12:10,FALSE
fare_DEL-BOM_AI_2026-10-10_T+45_1787707096944_ujmf,DEL-BOM,EaseMyTrip,AI,AI-2715,2026-10-10,T+45,11186,2455,13641,2026-08-26T00:57:01.004Z,FALSE,"",11:40,FALSE
fare_DEL-BOM_AI_2026-10-10_T+45_1787707096944_if5c,DEL-BOM,EaseMyTrip,AI,AI-2959,2026-10-10,T+45,11186,2455,13641,2026-08-26T00:57:01.004Z,FALSE,"",07:10,FALSE
fare_DEL-BOM_AI_2026-10-10_T+45_1787707096944_5qie,DEL-BOM,EaseMyTrip,AI,AI-423,2026-10-10,T+45,11186,2455,13641,2026-08-26T00:57:01.004Z,FALSE,"",09:50,FALSE
fare_DEL-BOM_AI_2026-10-10_T+45_1787707096944_io3o,DEL-BOM,EaseMyTrip,AI,AI-2909,2026-10-10,T+45,11186,2455,13641,2026-08-26T00:57:01.004Z,FALSE,"",22:30,FALSE
fare_DEL-BOM_AI_2026-10-10_T+45_1787707096944_qlj8,DEL-BOM,EaseMyTrip,AI,AI-809,2026-10-10,T+45,11273,2475,13748,2026-08-26T00:57:01.004Z,FALSE,"",17:40,FALSE
fare_DEL-BOM_AI_2026-10-10_T+45_1787707096944_jc5a,DEL-BOM,EaseMyTrip,AI,AI-2939,2026-10-10,T+45,11273,2475,13748,2026-08-26T00:57:01.004Z,FALSE,"",16:40,FALSE
fare_DEL-BOM_AI_2026-10-10_T+45_1787707096944_67u8,DEL-BOM,EaseMyTrip,AI,AI-881,2026-10-10,T+45,11273,2475,13748,2026-08-26T00:57:01.004Z,FALSE,"",13:35,FALSE
fare_DEL-BOM_AI_2026-10-10_T+45_1787707096944_eq67,DEL-BOM,EaseMyTrip,AI,AI-817,2026-10-10,T+45,11463,2516,13979,2026-08-26T00:57:01.004Z,FALSE,"",05:55,FALSE
fare_DEL-BOM_AI_2026-10-10_T+45_1787707096944_ia5x,DEL-BOM,EaseMyTrip,AI,AI-2499,2026-10-10,T+45,11660,2559,14219,2026-08-26T00:57:01.004Z,FALSE,"",06:00,FALSE
fare_DEL-BOM_QP_2026-10-10_T+45_1787707096944_zq3m,DEL-BOM,EaseMyTrip,QP,QP-1526,2026-10-10,T+45,11642,2555,14197,2026-08-26T00:57:01.004Z,FALSE,"",16:30,FALSE
fare_DEL-BOM_IX_2026-10-10_T+45_1787707096944_w85t,DEL-BOM,EaseMyTrip,IX,IX-1059,2026-10-10,T+45,12412,2725,15137,2026-08-26T00:57:01.004Z,TRUE,"High outlier: ₹15137 > upper fence ₹14633 (Q3: ₹9770, IQR: ₹3242)",12:15,FALSE
fare_DEL-BOM_IX_2026-10-10_T+45_1787707096944_s0wf,DEL-BOM,EaseMyTrip,IX,IX-1064,2026-10-10,T+45,12412,2725,15137,2026-08-26T00:57:01.004Z,TRUE,"High outlier: ₹15137 > upper fence ₹14633 (Q3: ₹9770, IQR: ₹3242)",19:10,FALSE
fare_DEL-BOM_IX_2026-10-10_T+45_1787707096944_r2yu,DEL-BOM,EaseMyTrip,IX,IX-1783,2026-10-10,T+45,12412,2725,15137,2026-08-26T00:57:01.004Z,TRUE,"High outlier: ₹15137 > upper fence ₹14633 (Q3: ₹9770, IQR: ₹3242)",07:20,FALSE
fare_DEL-BOM_IX_2026-10-10_T+45_1787707096944_ktvn,DEL-BOM,EaseMyTrip,IX,IX-1057,2026-10-10,T+45,12412,2725,15137,2026-08-26T00:57:01.004Z,TRUE,"High outlier: ₹15137 > upper fence ₹14633 (Q3: ₹9770, IQR: ₹3242)",06:20,FALSE
fare_DEL-BOM_AI_2026-10-10_T+45_1787707096944_auvd,DEL-BOM,EaseMyTrip,AI,AI-9757,2026-10-10,T+45,12393,2720,15113,2026-08-26T00:57:01.004Z,TRUE,"High outlier: ₹15113 > upper fence ₹14633 (Q3: ₹9770, IQR: ₹3242)",11:50,FALSE
fare_DEL-BOM_AI_2026-10-10_T+45_1787707096944_p8j3,DEL-BOM,EaseMyTrip,AI,AI-9759,2026-10-10,T+45,12393,2720,15113,2026-08-26T00:57:01.004Z,TRUE,"High outlier: ₹15113 > upper fence ₹14633 (Q3: ₹9770, IQR: ₹3242)",06:00,FALSE
fare_DEL-BOM_AI_2026-10-10_T+45_1787707096944_icfr,DEL-BOM,EaseMyTrip,AI,AI-9584,2026-10-10,T+45,12607,2767,15374,2026-08-26T00:57:01.004Z,TRUE,"High outlier: ₹15374 > upper fence ₹14633 (Q3: ₹9770, IQR: ₹3242)",11:15,FALSE
fare_DEL-BOM_IX_2026-10-10_T+45_1787707096944_2vve,DEL-BOM,EaseMyTrip,IX,IX-2749,2026-10-10,T+45,12731,2795,15526,2026-08-26T00:57:01.004Z,TRUE,"High outlier: ₹15526 > upper fence ₹14633 (Q3: ₹9770, IQR: ₹3242)",10:25,FALSE
fare_DEL-BOM_AI_2026-10-10_T+45_1787707096944_0whg,DEL-BOM,EaseMyTrip,AI,AI-1743,2026-10-10,T+45,13065,2868,15933,2026-08-26T00:57:01.004Z,TRUE,"High outlier: ₹15933 > upper fence ₹14633 (Q3: ₹9770, IQR: ₹3242)",06:15,FALSE
fare_DEL-BOM_AI_2026-10-10_T+45_1787707096944_0c2t,DEL-BOM,EaseMyTrip,AI,AI-9418,2026-10-10,T+45,13079,2871,15950,2026-08-26T00:57:01.004Z,TRUE,"High outlier: ₹15950 > upper fence ₹14633 (Q3: ₹9770, IQR: ₹3242)",13:10,FALSE
fare_DEL-BOM_IX_2026-10-10_T+45_1787707096944_u4h6,DEL-BOM,EaseMyTrip,IX,IX-1082,2026-10-10,T+45,13329,2926,16255,2026-08-26T00:57:01.004Z,TRUE,"High outlier: ₹16255 > upper fence ₹14633 (Q3: ₹9770, IQR: ₹3242)",21:25,FALSE
fare_DEL-BOM_AI_2026-10-10_T+45_1787707096944_2tfv,DEL-BOM,EaseMyTrip,AI,AI-9920,2026-10-10,T+45,14060,3086,17146,2026-08-26T00:57:01.004Z,TRUE,"High outlier: ₹17146 > upper fence ₹14633 (Q3: ₹9770, IQR: ₹3242)",10:50,FALSE
fare_DEL-BOM_IX_2026-10-10_T+45_1787707096944_ccpg,DEL-BOM,EaseMyTrip,IX,IX-1817,2026-10-10,T+45,14473,3177,17650,2026-08-26T00:57:01.004Z,TRUE,"High outlier: ₹17650 > upper fence ₹14633 (Q3: ₹9770, IQR: ₹3242)",19:30,FALSE
fare_DEL-BOM_AI_2026-10-10_T+45_1787707096944_4kwa,DEL-BOM,EaseMyTrip,AI,AI-1773,2026-10-10,T+45,14497,3182,17679,2026-08-26T00:57:01.004Z,TRUE,"High outlier: ₹17679 > upper fence ₹14633 (Q3: ₹9770, IQR: ₹3242)",10:30,FALSE
fare_DEL-BOM_AI_2026-10-10_T+45_1787707096944_8o8q,DEL-BOM,EaseMyTrip,AI,AI-2577,2026-10-10,T+45,14577,3200,17777,2026-08-26T00:57:01.004Z,TRUE,"High outlier: ₹17777 > upper fence ₹14633 (Q3: ₹9770, IQR: ₹3242)",02:00,FALSE
fare_DEL-BOM_AI_2026-10-10_T+45_1787707096944_g2w2,DEL-BOM,EaseMyTrip,AI,AI-2859,2026-10-10,T+45,14577,3200,17777,2026-08-26T00:57:01.004Z,TRUE,"High outlier: ₹17777 > upper fence ₹14633 (Q3: ₹9770, IQR: ₹3242)",10:30,FALSE
fare_DEL-BOM_AI_2026-10-10_T+45_1787707096944_s1xz,DEL-BOM,EaseMyTrip,AI,AI-2465,2026-10-10,T+45,14880,3266,18146,2026-08-26T00:57:01.004Z,TRUE,"High outlier: ₹18146 > upper fence ₹14633 (Q3: ₹9770, IQR: ₹3242)",14:30,FALSE
fare_DEL-BOM_AI_2026-10-10_T+45_1787707096944_usx7,DEL-BOM,EaseMyTrip,AI,AI-1703,2026-10-10,T+45,15809,3470,19279,2026-08-26T00:57:01.004Z,TRUE,"High outlier: ₹19279 > upper fence ₹14633 (Q3: ₹9770, IQR: ₹3242)",05:10,FALSE
fare_DEL-BOM_IX_2026-10-10_T+45_1787707096944_pobm,DEL-BOM,EaseMyTrip,IX,IX-1070,2026-10-10,T+45,16361,3592,19953,2026-08-26T00:57:01.004Z,TRUE,"High outlier: ₹19953 > upper fence ₹14633 (Q3: ₹9770, IQR: ₹3242)",21:15,FALSE
fare_DEL-BOM_AI_2026-10-10_T+45_1787707096944_3u5b,DEL-BOM,EaseMyTrip,AI,AI-2803,2026-10-10,T+45,16672,3660,20332,2026-08-26T00:57:01.004Z,TRUE,"High outlier: ₹20332 > upper fence ₹14633 (Q3: ₹9770, IQR: ₹3242)",06:30,FALSE
fare_DEL-BOM_AI_2026-10-10_T+45_1787707096944_s855,DEL-BOM,EaseMyTrip,AI,AI-2819,2026-10-10,T+45,16735,3674,20409,2026-08-26T00:57:01.004Z,TRUE,"High outlier: ₹20409 > upper fence ₹14633 (Q3: ₹9770, IQR: ₹3242)",15:00,FALSE
fare_DEL-BOM_AI_2026-10-10_T+45_1787707096944_zlbn,DEL-BOM,EaseMyTrip,AI,AI-1779,2026-10-10,T+45,17065,3746,20811,2026-08-26T00:57:01.004Z,TRUE,"High outlier: ₹20811 > upper fence ₹14633 (Q3: ₹9770, IQR: ₹3242)",13:45,FALSE
fare_DEL-BOM_AI_2026-10-10_T+45_1787707096944_ck5g,DEL-BOM,EaseMyTrip,AI,AI-1739,2026-10-10,T+45,17408,3821,21229,2026-08-26T00:57:01.004Z,TRUE,"High outlier: ₹21229 > upper fence ₹14633 (Q3: ₹9770, IQR: ₹3242)",11:30,FALSE
fare_DEL-BOM_AI_2026-10-10_T+45_1787707096944_cepy,DEL-BOM,EaseMyTrip,AI,AI-427,2026-10-10,T+45,17909,3931,21840,2026-08-26T00:57:01.004Z,TRUE,"High outlier: ₹21840 > upper fence ₹14633 (Q3: ₹9770, IQR: ₹3242)",08:30,FALSE
fare_DEL-BOM_AI_2026-10-10_T+45_1787707096944_m50y,DEL-BOM,EaseMyTrip,AI,AI-2483,2026-10-10,T+45,18662,4097,22759,2026-08-26T00:57:01.004Z,TRUE,"High outlier: ₹22759 > upper fence ₹14633 (Q3: ₹9770, IQR: ₹3242)",12:20,FALSE
fare_DEL-BOM_AI_2026-10-10_T+45_1787707096944_izfy,DEL-BOM,EaseMyTrip,AI,AI-2907,2026-10-10,T+45,19068,4186,23254,2026-08-26T00:57:01.004Z,TRUE,"High outlier: ₹23254 > upper fence ₹14633 (Q3: ₹9770, IQR: ₹3242)",12:00,FALSE
fare_DEL-BOM_AI_2026-10-10_T+45_1787707096944_83kh,DEL-BOM,EaseMyTrip,AI,AI-2509,2026-10-10,T+45,20903,4589,25492,2026-08-26T00:57:01.004Z,TRUE,"High outlier: ₹25492 > upper fence ₹14633 (Q3: ₹9770, IQR: ₹3242)",07:00,FALSE
fare_DEL-BOM_AI_2026-10-10_T+45_1787707096944_lsqo,DEL-BOM,EaseMyTrip,AI,AI-2627,2026-10-10,T+45,34897,7660,42557,2026-08-26T00:57:01.004Z,TRUE,"High outlier: ₹42557 > upper fence ₹14633 (Q3: ₹9770, IQR: ₹3242)",10:45,FALSE
fare_DEL-BOM_SG_2026-09-02_T+7_1787707096944_6ber,DEL-BOM,EaseMyTrip,SG,SG-9091,2026-09-02,T+7,5168,1134,6302,2026-08-26T00:56:42.828Z,FALSE,"",05:30,TRUE
fare_DEL-BOM_6E_2026-09-02_T+7_1787707096944_3oo8,DEL-BOM,EaseMyTrip,6E,6E-264,2026-09-02,T+7,5067,1112,6179,2026-08-26T00:56:42.828Z,FALSE,"",19:35,FALSE
fare_DEL-BOM_6E_2026-09-02_T+7_1787707096944_5yt6,DEL-BOM,EaseMyTrip,6E,6E-741,2026-09-02,T+7,5067,1112,6179,2026-08-26T00:56:42.828Z,FALSE,"",19:35,FALSE
fare_DEL-BOM_6E_2026-09-02_T+7_1787707096944_m1ri,DEL-BOM,EaseMyTrip,6E,6E-6190,2026-09-02,T+7,5067,1112,6179,2026-08-26T00:56:42.828Z,FALSE,"",07:40,FALSE
fare_DEL-BOM_SG_2026-09-02_T+7_1787707096944_v8tt,DEL-BOM,EaseMyTrip,SG,SG-508,2026-09-02,T+7,5242,1151,6393,2026-08-26T00:56:42.828Z,FALSE,"",21:00,TRUE
fare_DEL-BOM_SG_2026-09-02_T+7_1787707096944_561s,DEL-BOM,EaseMyTrip,SG,SG-672,2026-09-02,T+7,5242,1151,6393,2026-08-26T00:56:42.828Z,FALSE,"",21:00,TRUE
fare_DEL-BOM_SG_2026-09-02_T+7_1787707096944_m9rd,DEL-BOM,EaseMyTrip,SG,SG-443,2026-09-02,T+7,5242,1151,6393,2026-08-26T00:56:42.828Z,FALSE,"",22:30,TRUE
fare_DEL-BOM_SG_2026-09-02_T+7_1787707096944_pozq,DEL-BOM,EaseMyTrip,SG,SG-594,2026-09-02,T+7,5242,1151,6393,2026-08-26T00:56:42.828Z,FALSE,"",22:30,TRUE
fare_DEL-BOM_IX_2026-09-02_T+7_1787707096944_nx6x,DEL-BOM,EaseMyTrip,IX,IX-1056,2026-09-02,T+7,5354,1175,6529,2026-08-26T00:56:42.828Z,FALSE,"",05:45,TRUE
fare_DEL-BOM_IX_2026-09-02_T+7_1787707096944_dprf,DEL-BOM,EaseMyTrip,IX,IX-1235,2026-09-02,T+7,5354,1175,6529,2026-08-26T00:56:42.828Z,FALSE,"",23:25,TRUE
fare_DEL-BOM_IX_2026-09-02_T+7_1787707096944_467x,DEL-BOM,EaseMyTrip,IX,IX-1038,2026-09-02,T+7,5354,1175,6529,2026-08-26T00:56:42.828Z,FALSE,"",17:35,TRUE
fare_DEL-BOM_IX_2026-09-02_T+7_1787707096944_u53q,DEL-BOM,EaseMyTrip,IX,IX-1080,2026-09-02,T+7,5354,1175,6529,2026-08-26T00:56:42.828Z,FALSE,"",18:40,TRUE
fare_DEL-BOM_IX_2026-09-02_T+7_1787707096944_rdv6,DEL-BOM,EaseMyTrip,IX,IX-1392,2026-09-02,T+7,5354,1175,6529,2026-08-26T00:56:42.828Z,FALSE,"",23:25,FALSE
fare_DEL-BOM_6E_2026-09-02_T+7_1787707096944_xsrk,DEL-BOM,EaseMyTrip,6E,6E-2249,2026-09-02,T+7,5174,1136,6310,2026-08-26T00:56:42.828Z,FALSE,"",15:00,FALSE
fare_DEL-BOM_6E_2026-09-02_T+7_1787707096944_q5am,DEL-BOM,EaseMyTrip,6E,6E-2169,2026-09-02,T+7,5174,1136,6310,2026-08-26T00:56:42.828Z,FALSE,"",19:40,FALSE
fare_DEL-BOM_6E_2026-09-02_T+7_1787707096944_mu6u,DEL-BOM,EaseMyTrip,6E,6E-6829,2026-09-02,T+7,5174,1136,6310,2026-08-26T00:56:42.828Z,FALSE,"",17:20,FALSE
fare_DEL-BOM_6E_2026-09-02_T+7_1787707096944_xh56,DEL-BOM,EaseMyTrip,6E,6E-6443,2026-09-02,T+7,5174,1136,6310,2026-08-26T00:56:42.828Z,FALSE,"",09:00,FALSE
fare_DEL-BOM_6E_2026-09-02_T+7_1787707096944_deps,DEL-BOM,EaseMyTrip,6E,6E-6433,2026-09-02,T+7,5174,1136,6310,2026-08-26T00:56:42.828Z,FALSE,"",16:30,FALSE
fare_DEL-BOM_6E_2026-09-02_T+7_1787707096944_w4as,DEL-BOM,EaseMyTrip,6E,6E-5138,2026-09-02,T+7,5174,1136,6310,2026-08-26T00:56:42.828Z,FALSE,"",19:10,FALSE
fare_DEL-BOM_6E_2026-09-02_T+7_1787707096944_20gg,DEL-BOM,EaseMyTrip,6E,6E-6490,2026-09-02,T+7,5174,1136,6310,2026-08-26T00:56:42.828Z,FALSE,"",04:55,FALSE
fare_DEL-BOM_6E_2026-09-02_T+7_1787707096944_6dun,DEL-BOM,EaseMyTrip,6E,6E-2345,2026-09-02,T+7,5174,1136,6310,2026-08-26T00:56:42.828Z,FALSE,"",05:55,FALSE
fare_DEL-BOM_6E_2026-09-02_T+7_1787707096944_9iko,DEL-BOM,EaseMyTrip,6E,6E-5298,2026-09-02,T+7,5239,1150,6389,2026-08-26T00:56:42.828Z,FALSE,"",09:00,FALSE
fare_DEL-BOM_6E_2026-09-02_T+7_1787707096944_qqd7,DEL-BOM,EaseMyTrip,6E,6E-5038,2026-09-02,T+7,5239,1150,6389,2026-08-26T00:56:42.828Z,FALSE,"",14:00,FALSE
fare_DEL-BOM_6E_2026-09-02_T+7_1787707096944_04gf,DEL-BOM,EaseMyTrip,6E,6E-6050,2026-09-02,T+7,5239,1150,6389,2026-08-26T00:56:42.828Z,FALSE,"",08:15,FALSE
fare_DEL-BOM_6E_2026-09-02_T+7_1787707096944_iej0,DEL-BOM,EaseMyTrip,6E,6E-5096,2026-09-02,T+7,5282,1160,6442,2026-08-26T00:56:42.828Z,FALSE,"",17:00,TRUE
fare_DEL-BOM_6E_2026-09-02_T+7_1787707096944_nehy,DEL-BOM,EaseMyTrip,6E,6E-6601,2026-09-02,T+7,5346,1174,6520,2026-08-26T00:56:42.828Z,FALSE,"",19:45,FALSE
fare_DEL-BOM_6E_2026-09-02_T+7_1787707096944_1hvj,DEL-BOM,EaseMyTrip,6E,6E-6282,2026-09-02,T+7,5346,1174,6520,2026-08-26T00:56:42.828Z,FALSE,"",13:30,FALSE
fare_DEL-BOM_6E_2026-09-02_T+7_1787707096944_3wj4,DEL-BOM,EaseMyTrip,6E,6E-569,2026-09-02,T+7,5346,1174,6520,2026-08-26T00:56:42.828Z,FALSE,"",08:30,FALSE
fare_DEL-BOM_6E_2026-09-02_T+7_1787707096944_mhzc,DEL-BOM,EaseMyTrip,6E,6E-478,2026-09-02,T+7,5346,1174,6520,2026-08-26T00:56:42.828Z,FALSE,"",08:30,FALSE
fare_DEL-BOM_6E_2026-09-02_T+7_1787707096944_2sd7,DEL-BOM,EaseMyTrip,6E,6E-150,2026-09-02,T+7,5346,1174,6520,2026-08-26T00:56:42.828Z,FALSE,"",23:15,FALSE
fare_DEL-BOM_6E_2026-09-02_T+7_1787707096944_yytq,DEL-BOM,EaseMyTrip,6E,6E-735,2026-09-02,T+7,5346,1174,6520,2026-08-26T00:56:42.828Z,FALSE,"",23:15,FALSE
fare_DEL-BOM_6E_2026-09-02_T+7_1787707096944_7xez,DEL-BOM,EaseMyTrip,6E,6E-6497,2026-09-02,T+7,5346,1174,6520,2026-08-26T00:56:42.828Z,FALSE,"",18:45,FALSE
fare_DEL-BOM_6E_2026-09-02_T+7_1787707096944_ywhw,DEL-BOM,EaseMyTrip,6E,6E-6293,2026-09-02,T+7,5346,1174,6520,2026-08-26T00:56:42.828Z,FALSE,"",09:55,FALSE
fare_DEL-BOM_6E_2026-09-02_T+7_1787707096944_l83x,DEL-BOM,EaseMyTrip,6E,6E-6470,2026-09-02,T+7,5354,1175,6529,2026-08-26T00:56:42.828Z,FALSE,"",06:55,TRUE
fare_DEL-BOM_6E_2026-09-02_T+7_1787707096944_2wpn,DEL-BOM,EaseMyTrip,6E,6E-2721,2026-09-02,T+7,5354,1175,6529,2026-08-26T00:56:42.828Z,FALSE,"",09:55,TRUE
fare_DEL-BOM_QP_2026-09-02_T+7_1787707096944_1jua,DEL-BOM,EaseMyTrip,QP,QP-1833,2026-09-02,T+7,5355,1175,6530,2026-08-26T00:56:42.828Z,FALSE,"",06:50,TRUE
fare_DEL-BOM_QP_2026-09-02_T+7_1787707096944_5k6j,DEL-BOM,EaseMyTrip,QP,QP-1112,2026-09-02,T+7,5355,1175,6530,2026-08-26T00:56:42.828Z,FALSE,"",09:20,TRUE
fare_DEL-BOM_QP_2026-09-02_T+7_1787707096944_9mwu,DEL-BOM,EaseMyTrip,QP,QP-1836,2026-09-02,T+7,5355,1175,6530,2026-08-26T00:56:42.828Z,FALSE,"",12:30,TRUE
fare_DEL-BOM_QP_2026-09-02_T+7_1787707096944_tqsq,DEL-BOM,EaseMyTrip,QP,QP-1128,2026-09-02,T+7,5355,1175,6530,2026-08-26T00:56:42.828Z,FALSE,"",16:00,TRUE
fare_DEL-BOM_QP_2026-09-02_T+7_1787707096944_uo1m,DEL-BOM,EaseMyTrip,QP,QP-1820,2026-09-02,T+7,5355,1175,6530,2026-08-26T00:56:42.828Z,FALSE,"",17:30,TRUE
fare_DEL-BOM_QP_2026-09-02_T+7_1787707096944_38dk,DEL-BOM,EaseMyTrip,QP,QP-1119,2026-09-02,T+7,5355,1175,6530,2026-08-26T00:56:42.828Z,FALSE,"",08:40,TRUE
fare_DEL-BOM_QP_2026-09-02_T+7_1787707096944_1vtc,DEL-BOM,EaseMyTrip,QP,QP-1110,2026-09-02,T+7,5355,1175,6530,2026-08-26T00:56:42.828Z,FALSE,"",10:30,TRUE
fare_DEL-BOM_QP_2026-09-02_T+7_1787707096944_j7vx,DEL-BOM,EaseMyTrip,QP,QP-1826,2026-09-02,T+7,5355,1175,6530,2026-08-26T00:56:42.828Z,FALSE,"",19:55,TRUE
fare_DEL-BOM_6E_2026-09-02_T+7_1787707096944_nrsc,DEL-BOM,EaseMyTrip,6E,6E-6706,2026-09-02,T+7,5355,1175,6530,2026-08-26T00:56:42.828Z,FALSE,"",17:00,TRUE
fare_DEL-BOM_6E_2026-09-02_T+7_1787707096944_lvur,DEL-BOM,EaseMyTrip,6E,6E-149,2026-09-02,T+7,5355,1175,6530,2026-08-26T00:56:42.828Z,FALSE,"",16:15,TRUE
fare_DEL-BOM_6E_2026-09-02_T+7_1787707096944_dpnf,DEL-BOM,EaseMyTrip,6E,6E-916,2026-09-02,T+7,5355,1175,6530,2026-08-26T00:56:42.828Z,FALSE,"",16:15,TRUE
fare_DEL-BOM_6E_2026-09-02_T+7_1787707096944_gsot,DEL-BOM,EaseMyTrip,6E,6E-189,2026-09-02,T+7,5355,1175,6530,2026-08-26T00:56:42.828Z,FALSE,"",15:30,TRUE
fare_DEL-BOM_6E_2026-09-02_T+7_1787707096944_qgp8,DEL-BOM,EaseMyTrip,6E,6E-938,2026-09-02,T+7,5355,1175,6530,2026-08-26T00:56:42.828Z,FALSE,"",15:30,TRUE
fare_DEL-BOM_6E_2026-09-02_T+7_1787707096944_8598,DEL-BOM,EaseMyTrip,6E,6E-6022,2026-09-02,T+7,5355,1175,6530,2026-08-26T00:56:42.828Z,FALSE,"",14:00,TRUE
fare_DEL-BOM_6E_2026-09-02_T+7_1787707096944_u13x,DEL-BOM,EaseMyTrip,6E,6E-6318,2026-09-02,T+7,5355,1175,6530,2026-08-26T00:56:42.828Z,FALSE,"",14:45,TRUE
fare_DEL-BOM_6E_2026-09-02_T+7_1787707096944_vvnf,DEL-BOM,EaseMyTrip,6E,6E-6328,2026-09-02,T+7,5355,1175,6530,2026-08-26T00:56:42.828Z,FALSE,"",10:15,TRUE
fare_DEL-BOM_6E_2026-09-02_T+7_1787707096944_62gq,DEL-BOM,EaseMyTrip,6E,6E-6047,2026-09-02,T+7,5355,1175,6530,2026-08-26T00:56:42.828Z,FALSE,"",11:00,TRUE
fare_DEL-BOM_6E_2026-09-02_T+7_1787707096944_zi57,DEL-BOM,EaseMyTrip,6E,6E-6676,2026-09-02,T+7,5355,1175,6530,2026-08-26T00:56:42.828Z,FALSE,"",12:00,TRUE
fare_DEL-BOM_6E_2026-09-02_T+7_1787707096944_905e,DEL-BOM,EaseMyTrip,6E,6E-492,2026-09-02,T+7,5355,1175,6530,2026-08-26T00:56:42.828Z,FALSE,"",13:00,TRUE
fare_DEL-BOM_6E_2026-09-02_T+7_1787707096944_zxwg,DEL-BOM,EaseMyTrip,6E,6E-126,2026-09-02,T+7,5355,1175,6530,2026-08-26T00:56:42.828Z,FALSE,"",13:00,TRUE
fare_DEL-BOM_6E_2026-09-02_T+7_1787707096944_8t0i,DEL-BOM,EaseMyTrip,6E,6E-6107,2026-09-02,T+7,5355,1175,6530,2026-08-26T00:56:42.828Z,FALSE,"",09:30,TRUE
fare_DEL-BOM_QP_2026-09-02_T+7_1787707096944_k9hi,DEL-BOM,EaseMyTrip,QP,QP-2074,2026-09-02,T+7,5416,1189,6605,2026-08-26T00:56:42.828Z,FALSE,"",09:20,TRUE
fare_DEL-BOM_QP_2026-09-02_T+7_1787707096944_v3wu,DEL-BOM,EaseMyTrip,QP,QP-1940,2026-09-02,T+7,5427,1191,6618,2026-08-26T00:56:42.828Z,FALSE,"",14:00,TRUE
fare_DEL-BOM_6E_2026-09-02_T+7_1787707096944_ocfz,DEL-BOM,EaseMyTrip,6E,6E-5198,2026-09-02,T+7,5427,1191,6618,2026-08-26T00:56:42.828Z,FALSE,"",15:00,TRUE
fare_DEL-BOM_6E_2026-09-02_T+7_1787707096945_kiga,DEL-BOM,EaseMyTrip,6E,6E-177,2026-09-02,T+7,5484,1204,6688,2026-08-26T00:56:42.828Z,FALSE,"",05:00,TRUE
fare_DEL-BOM_6E_2026-09-02_T+7_1787707096945_3kn4,DEL-BOM,EaseMyTrip,6E,6E-775,2026-09-02,T+7,5484,1204,6688,2026-08-26T00:56:42.828Z,FALSE,"",05:00,TRUE
fare_DEL-BOM_6E_2026-09-02_T+7_1787707096945_astw,DEL-BOM,EaseMyTrip,6E,6E-240,2026-09-02,T+7,5484,1204,6688,2026-08-26T00:56:42.828Z,FALSE,"",23:30,TRUE
fare_DEL-BOM_6E_2026-09-02_T+7_1787707096945_owc1,DEL-BOM,EaseMyTrip,6E,6E-673,2026-09-02,T+7,5484,1204,6688,2026-08-26T00:56:42.828Z,FALSE,"",23:30,TRUE
fare_DEL-BOM_6E_2026-09-02_T+7_1787707096945_p8l5,DEL-BOM,EaseMyTrip,6E,6E-6114,2026-09-02,T+7,5484,1204,6688,2026-08-26T00:56:42.828Z,FALSE,"",22:45,TRUE
fare_DEL-BOM_6E_2026-09-02_T+7_1787707096945_ifor,DEL-BOM,EaseMyTrip,6E,6E-6218,2026-09-02,T+7,5484,1204,6688,2026-08-26T00:56:42.828Z,FALSE,"",06:05,TRUE
fare_DEL-BOM_6E_2026-09-02_T+7_1787707096945_jalp,DEL-BOM,EaseMyTrip,6E,6E-929,2026-09-02,T+7,5484,1204,6688,2026-08-26T00:56:42.828Z,FALSE,"",08:45,TRUE
fare_DEL-BOM_6E_2026-09-02_T+7_1787707096945_dpbk,DEL-BOM,EaseMyTrip,6E,6E-114,2026-09-02,T+7,5484,1204,6688,2026-08-26T00:56:42.828Z,FALSE,"",08:45,TRUE
fare_DEL-BOM_6E_2026-09-02_T+7_1787707096945_fx8o,DEL-BOM,EaseMyTrip,6E,6E-285,2026-09-02,T+7,5526,1213,6739,2026-08-26T00:56:42.828Z,FALSE,"",20:20,TRUE
fare_DEL-BOM_6E_2026-09-02_T+7_1787707096945_2tia,DEL-BOM,EaseMyTrip,6E,6E-395,2026-09-02,T+7,5526,1213,6739,2026-08-26T00:56:42.828Z,FALSE,"",20:20,TRUE
fare_DEL-BOM_AI_2026-09-02_T+7_1787707096945_eb6s,DEL-BOM,EaseMyTrip,AI,AI-2678,2026-09-02,T+7,5740,1260,7000,2026-08-26T00:56:42.828Z,FALSE,"",08:30,TRUE
fare_DEL-BOM_AI_2026-09-02_T+7_1787707096945_9x6u,DEL-BOM,EaseMyTrip,AI,AI-2963,2026-09-02,T+7,5740,1260,7000,2026-08-26T00:56:42.828Z,FALSE,"",09:00,TRUE
fare_DEL-BOM_AI_2026-09-02_T+7_1787707096945_go4z,DEL-BOM,EaseMyTrip,AI,AI-2975,2026-09-02,T+7,5740,1260,7000,2026-08-26T00:56:42.828Z,FALSE,"",06:30,TRUE
fare_DEL-BOM_AI_2026-09-02_T+7_1787707096945_3qrz,DEL-BOM,EaseMyTrip,AI,AI-865,2026-09-02,T+7,5740,1260,7000,2026-08-26T00:56:42.828Z,FALSE,"",09:00,TRUE
fare_DEL-BOM_AI_2026-09-02_T+7_1787707096945_n0p1,DEL-BOM,EaseMyTrip,AI,AI-2425,2026-09-02,T+7,5740,1260,7000,2026-08-26T00:56:42.828Z,FALSE,"",10:30,TRUE
fare_DEL-BOM_AI_2026-09-02_T+7_1787707096945_cazo,DEL-BOM,EaseMyTrip,AI,AI-2951,2026-09-02,T+7,5740,1260,7000,2026-08-26T00:56:42.828Z,FALSE,"",13:30,TRUE
fare_DEL-BOM_AI_2026-09-02_T+7_1787707096945_87ss,DEL-BOM,EaseMyTrip,AI,AI-2941,2026-09-02,T+7,5740,1260,7000,2026-08-26T00:56:42.828Z,FALSE,"",16:30,TRUE
fare_DEL-BOM_AI_2026-09-02_T+7_1787707096945_uddf,DEL-BOM,EaseMyTrip,AI,AI-2981,2026-09-02,T+7,5740,1260,7000,2026-08-26T00:56:42.828Z,FALSE,"",21:00,TRUE
fare_DEL-BOM_AI_2026-09-02_T+7_1787707096945_5hw8,DEL-BOM,EaseMyTrip,AI,AI-1745,2026-09-02,T+7,5740,1260,7000,2026-08-26T00:56:42.828Z,FALSE,"",05:00,TRUE
fare_DEL-BOM_AI_2026-09-02_T+7_1787707096945_9tnq,DEL-BOM,EaseMyTrip,AI,AI-2429,2026-09-02,T+7,5740,1260,7000,2026-08-26T00:56:42.828Z,FALSE,"",07:00,TRUE
fare_DEL-BOM_AI_2026-09-02_T+7_1787707096945_8jdn,DEL-BOM,EaseMyTrip,AI,AI-2943,2026-09-02,T+7,5740,1260,7000,2026-08-26T00:56:42.828Z,FALSE,"",07:30,TRUE
fare_DEL-BOM_AI_2026-09-02_T+7_1787707096945_5zg0,DEL-BOM,EaseMyTrip,AI,AI-2995,2026-09-02,T+7,5740,1260,7000,2026-08-26T00:56:42.828Z,FALSE,"",10:00,TRUE
fare_DEL-BOM_AI_2026-09-02_T+7_1787707096945_goo8,DEL-BOM,EaseMyTrip,AI,AI-2945,2026-09-02,T+7,5740,1260,7000,2026-08-26T00:56:42.828Z,FALSE,"",11:00,TRUE
fare_DEL-BOM_AI_2026-09-02_T+7_1787707096945_pqh8,DEL-BOM,EaseMyTrip,AI,AI-1785,2026-09-02,T+7,5740,1260,7000,2026-08-26T00:56:42.828Z,FALSE,"",12:00,TRUE
fare_DEL-BOM_AI_2026-09-02_T+7_1787707096945_w5zr,DEL-BOM,EaseMyTrip,AI,AI-2933,2026-09-02,T+7,5740,1260,7000,2026-08-26T00:56:42.828Z,FALSE,"",15:30,TRUE
fare_DEL-BOM_AI_2026-09-02_T+7_1787707096945_f9td,DEL-BOM,EaseMyTrip,AI,AI-1777,2026-09-02,T+7,5740,1260,7000,2026-08-26T00:56:42.828Z,FALSE,"",16:00,TRUE
fare_DEL-BOM_AI_2026-09-02_T+7_1787707096945_x7ae,DEL-BOM,EaseMyTrip,AI,AI-441,2026-09-02,T+7,5740,1260,7000,2026-08-26T00:56:42.828Z,FALSE,"",17:00,TRUE
fare_DEL-BOM_AI_2026-09-02_T+7_1787707096945_5gl7,DEL-BOM,EaseMyTrip,AI,AI-2955,2026-09-02,T+7,5740,1260,7000,2026-08-26T00:56:42.828Z,FALSE,"",18:00,TRUE
fare_DEL-BOM_AI_2026-09-02_T+7_1787707096945_c4jt,DEL-BOM,EaseMyTrip,AI,AI-2985,2026-09-02,T+7,5740,1260,7000,2026-08-26T00:56:42.828Z,FALSE,"",19:30,TRUE
fare_DEL-BOM_AI_2026-09-02_T+7_1787707096945_147i,DEL-BOM,EaseMyTrip,AI,AI-2805,2026-09-02,T+7,5740,1260,7000,2026-08-26T00:56:42.828Z,FALSE,"",20:00,TRUE
fare_DEL-BOM_AI_2026-09-02_T+7_1787707096945_s9sc,DEL-BOM,EaseMyTrip,AI,AI-2433,2026-09-02,T+7,5740,1260,7000,2026-08-26T00:56:42.828Z,FALSE,"",21:30,TRUE
fare_DEL-BOM_AI_2026-09-02_T+7_1787707096945_9yuh,DEL-BOM,EaseMyTrip,AI,AI-2439,2026-09-02,T+7,5740,1260,7000,2026-08-26T00:56:42.828Z,FALSE,"",23:00,TRUE
fare_DEL-BOM_AI_2026-09-02_T+7_1787707096945_h3v4,DEL-BOM,EaseMyTrip,AI,AI-2927,2026-09-02,T+7,5740,1260,7000,2026-08-26T00:56:42.828Z,FALSE,"",09:30,TRUE
fare_DEL-BOM_AI_2026-09-02_T+7_1787707096945_6asi,DEL-BOM,EaseMyTrip,AI,AI-2957,2026-09-02,T+7,5740,1260,7000,2026-08-26T00:56:42.828Z,FALSE,"",20:30,TRUE
fare_DEL-BOM_6E_2026-09-02_T+7_1787707096945_ep9l,DEL-BOM,EaseMyTrip,6E,6E-679,2026-09-02,T+7,5656,1242,6898,2026-08-26T00:56:42.828Z,FALSE,"",21:45,TRUE
fare_DEL-BOM_6E_2026-09-02_T+7_1787707096945_s1zj,DEL-BOM,EaseMyTrip,6E,6E-573,2026-09-02,T+7,5656,1242,6898,2026-08-26T00:56:42.828Z,FALSE,"",21:45,TRUE
fare_DEL-BOM_6E_2026-09-02_T+7_1787707096945_yiqy,DEL-BOM,EaseMyTrip,6E,6E-325,2026-09-02,T+7,5656,1242,6898,2026-08-26T00:56:42.828Z,FALSE,"",20:45,TRUE
fare_DEL-BOM_6E_2026-09-02_T+7_1787707096945_2yh3,DEL-BOM,EaseMyTrip,6E,6E-768,2026-09-02,T+7,5656,1242,6898,2026-08-26T00:56:42.828Z,FALSE,"",20:45,TRUE
fare_DEL-BOM_6E_2026-09-02_T+7_1787707096945_ftr7,DEL-BOM,EaseMyTrip,6E,6E-230,2026-09-02,T+7,5656,1242,6898,2026-08-26T00:56:42.828Z,FALSE,"",20:00,TRUE
fare_DEL-BOM_6E_2026-09-02_T+7_1787707096945_6dvo,DEL-BOM,EaseMyTrip,6E,6E-867,2026-09-02,T+7,5656,1242,6898,2026-08-26T00:56:42.828Z,FALSE,"",20:00,TRUE
fare_DEL-BOM_6E_2026-09-02_T+7_1787707096945_9i1s,DEL-BOM,EaseMyTrip,6E,6E-702,2026-09-02,T+7,5656,1242,6898,2026-08-26T00:56:42.828Z,FALSE,"",19:00,TRUE
fare_DEL-BOM_6E_2026-09-02_T+7_1787707096945_lqmh,DEL-BOM,EaseMyTrip,6E,6E-869,2026-09-02,T+7,5656,1242,6898,2026-08-26T00:56:42.828Z,FALSE,"",19:00,TRUE
fare_DEL-BOM_6E_2026-09-02_T+7_1787707096945_y64z,DEL-BOM,EaseMyTrip,6E,6E-145,2026-09-02,T+7,5656,1242,6898,2026-08-26T00:56:42.828Z,FALSE,"",18:00,TRUE
fare_DEL-BOM_6E_2026-09-02_T+7_1787707096945_rhhj,DEL-BOM,EaseMyTrip,6E,6E-756,2026-09-02,T+7,5656,1242,6898,2026-08-26T00:56:42.828Z,FALSE,"",18:00,TRUE
fare_DEL-BOM_6E_2026-09-02_T+7_1787707096945_4vty,DEL-BOM,EaseMyTrip,6E,6E-996,2026-09-02,T+7,5656,1242,6898,2026-08-26T00:56:42.828Z,FALSE,"",08:00,TRUE
fare_DEL-BOM_6E_2026-09-02_T+7_1787707096945_8y45,DEL-BOM,EaseMyTrip,6E,6E-801,2026-09-02,T+7,5656,1242,6898,2026-08-26T00:56:42.828Z,FALSE,"",08:00,TRUE
fare_DEL-BOM_6E_2026-09-02_T+7_1787707096945_iskd,DEL-BOM,EaseMyTrip,6E,6E-6814,2026-09-02,T+7,5656,1242,6898,2026-08-26T00:56:42.828Z,FALSE,"",07:15,TRUE
fare_DEL-BOM_6E_2026-09-02_T+7_1787707096945_t0we,DEL-BOM,EaseMyTrip,6E,6E-2341,2026-09-02,T+7,5853,1285,7138,2026-08-26T00:56:42.828Z,FALSE,"",14:50,FALSE
fare_DEL-BOM_6E_2026-09-02_T+7_1787707096945_mbo7,DEL-BOM,EaseMyTrip,6E,6E-2571,2026-09-02,T+7,5935,1303,7238,2026-08-26T00:56:42.828Z,FALSE,"",12:30,FALSE
fare_DEL-BOM_6E_2026-09-02_T+7_1787707096945_0k2r,DEL-BOM,EaseMyTrip,6E,6E-6479,2026-09-02,T+7,6066,1331,7397,2026-08-26T00:56:42.828Z,FALSE,"",21:25,FALSE
fare_DEL-BOM_IX_2026-09-02_T+7_1787707096945_tvmr,DEL-BOM,EaseMyTrip,IX,IX-1051,2026-09-02,T+7,6339,1391,7730,2026-08-26T00:56:42.828Z,FALSE,"",19:05,FALSE
fare_DEL-BOM_6E_2026-09-02_T+7_1787707096945_s3lq,DEL-BOM,EaseMyTrip,6E,6E-6212,2026-09-02,T+7,6173,1355,7528,2026-08-26T00:56:42.828Z,FALSE,"",14:45,FALSE
fare_DEL-BOM_6E_2026-09-02_T+7_1787707096945_akg1,DEL-BOM,EaseMyTrip,6E,6E-7646,2026-09-02,T+7,6202,1362,7564,2026-08-26T00:56:42.828Z,FALSE,"",06:15,FALSE
fare_DEL-BOM_AI_2026-09-02_T+7_1787707096945_9uc9,DEL-BOM,EaseMyTrip,AI,AI-2977,2026-09-02,T+7,6395,1404,7799,2026-08-26T00:56:42.828Z,FALSE,"",19:00,TRUE
fare_DEL-BOM_6E_2026-09-02_T+7_1787707096945_irbz,DEL-BOM,EaseMyTrip,6E,6E-384,2026-09-02,T+7,6238,1369,7607,2026-08-26T00:56:42.828Z,FALSE,"",19:30,FALSE
fare_DEL-BOM_6E_2026-09-02_T+7_1787707096945_ejvd,DEL-BOM,EaseMyTrip,6E,6E-931,2026-09-02,T+7,6238,1369,7607,2026-08-26T00:56:42.828Z,FALSE,"",19:30,FALSE
fare_DEL-BOM_6E_2026-09-02_T+7_1787707096945_b7rv,DEL-BOM,EaseMyTrip,6E,6E-5206,2026-09-02,T+7,7064,1551,8615,2026-08-26T00:56:42.828Z,FALSE,"",13:20,FALSE
fare_DEL-BOM_6E_2026-09-02_T+7_1787707096945_4662,DEL-BOM,EaseMyTrip,6E,6E-835,2026-09-02,T+7,7237,1588,8825,2026-08-26T00:56:42.828Z,FALSE,"",12:15,FALSE
fare_DEL-BOM_6E_2026-09-02_T+7_1787707096945_36rd,DEL-BOM,EaseMyTrip,6E,6E-626,2026-09-02,T+7,7237,1588,8825,2026-08-26T00:56:42.828Z,FALSE,"",12:15,FALSE
fare_DEL-BOM_6E_2026-09-02_T+7_1787707096945_r7ox,DEL-BOM,EaseMyTrip,6E,6E-6488,2026-09-02,T+7,7574,1663,9237,2026-08-26T00:56:42.828Z,FALSE,"",11:20,FALSE
fare_DEL-BOM_6E_2026-09-02_T+7_1787707096945_wv9a,DEL-BOM,EaseMyTrip,6E,6E-7642,2026-09-02,T+7,7624,1673,9297,2026-08-26T00:56:42.828Z,FALSE,"",15:45,FALSE
fare_DEL-BOM_IX_2026-09-02_T+7_1787707096945_c6eo,DEL-BOM,EaseMyTrip,IX,IX-1049,2026-09-02,T+7,8142,1787,9929,2026-08-26T00:56:42.828Z,FALSE,"",18:40,FALSE
fare_DEL-BOM_AI_2026-09-02_T+7_1787707096945_11ac,DEL-BOM,EaseMyTrip,AI,AI-2761,2026-09-02,T+7,8307,1823,10130,2026-08-26T00:56:42.828Z,FALSE,"",16:25,FALSE
fare_DEL-BOM_6E_2026-09-02_T+7_1787707096945_6kic,DEL-BOM,EaseMyTrip,6E,6E-5073,2026-09-02,T+7,8192,1798,9990,2026-08-26T00:56:42.828Z,FALSE,"",17:05,FALSE
fare_DEL-BOM_IX_2026-09-02_T+7_1787707096945_iw2s,DEL-BOM,EaseMyTrip,IX,IX-1003,2026-09-02,T+7,8963,1967,10930,2026-08-26T00:56:42.828Z,FALSE,"",19:10,FALSE
fare_DEL-BOM_AI_2026-09-02_T+7_1787707096945_n65c,DEL-BOM,EaseMyTrip,AI,AI-2509,2026-09-02,T+7,8817,1935,10752,2026-08-26T00:56:42.828Z,FALSE,"",07:00,FALSE
fare_DEL-BOM_6E_2026-09-02_T+7_1787707096945_gq9y,DEL-BOM,EaseMyTrip,6E,6E-6983,2026-09-02,T+7,8794,1930,10724,2026-08-26T00:56:42.828Z,FALSE,"",15:35,FALSE
fare_DEL-BOM_AI_2026-09-02_T+7_1787707096945_xizb,DEL-BOM,EaseMyTrip,AI,AI-2569,2026-09-02,T+7,8990,1974,10964,2026-08-26T00:56:42.828Z,FALSE,"",20:30,FALSE
fare_DEL-BOM_AI_2026-09-02_T+7_1787707096945_u8ew,DEL-BOM,EaseMyTrip,AI,AI-1719,2026-09-02,T+7,9210,2022,11232,2026-08-26T00:56:42.828Z,FALSE,"",11:55,FALSE
fare_DEL-BOM_6E_2026-09-02_T+7_1787707096945_70bq,DEL-BOM,EaseMyTrip,6E,6E-2381,2026-09-02,T+7,9073,1992,11065,2026-08-26T00:56:42.828Z,FALSE,"",13:45,FALSE
fare_DEL-BOM_6E_2026-09-02_T+7_1787707096945_2w6o,DEL-BOM,EaseMyTrip,6E,6E-2496,2026-09-02,T+7,9332,2048,11380,2026-08-26T00:56:42.828Z,FALSE,"",12:40,FALSE
fare_DEL-BOM_IX_2026-09-02_T+7_1787707096945_v407,DEL-BOM,EaseMyTrip,IX,IX-1068,2026-09-02,T+7,9828,2157,11985,2026-08-26T00:56:42.828Z,FALSE,"",11:55,FALSE
fare_DEL-BOM_AI_2026-09-02_T+7_1787707096945_7xtt,DEL-BOM,EaseMyTrip,AI,AI-9757,2026-09-02,T+7,10244,2249,12493,2026-08-26T00:56:42.828Z,TRUE,"High outlier: ₹12493 > upper fence ₹12268 (Q3: ₹8825, IQR: ₹2295)",11:50,FALSE
fare_DEL-BOM_IX_2026-09-02_T+7_1787707096945_awnk,DEL-BOM,EaseMyTrip,IX,IX-1108,2026-09-02,T+7,10319,2265,12584,2026-08-26T00:56:42.828Z,TRUE,"High outlier: ₹12584 > upper fence ₹12268 (Q3: ₹8825, IQR: ₹2295)",05:00,FALSE
fare_DEL-BOM_6E_2026-09-02_T+7_1787707096945_9ti0,DEL-BOM,EaseMyTrip,6E,6E-5119,2026-09-02,T+7,10398,2282,12680,2026-08-26T00:56:42.828Z,TRUE,"High outlier: ₹12680 > upper fence ₹12268 (Q3: ₹8825, IQR: ₹2295)",05:10,FALSE
fare_DEL-BOM_AI_2026-09-02_T+7_1787707096945_0w7u,DEL-BOM,EaseMyTrip,AI,AI-1780,2026-09-02,T+7,10912,2395,13307,2026-08-26T00:56:42.828Z,TRUE,"High outlier: ₹13307 > upper fence ₹12268 (Q3: ₹8825, IQR: ₹2295)",16:10,TRUE
fare_DEL-BOM_AI_2026-09-02_T+7_1787707096945_5e2e,DEL-BOM,EaseMyTrip,AI,AI-9722,2026-09-02,T+7,10928,2399,13327,2026-08-26T00:56:42.828Z,TRUE,"High outlier: ₹13327 > upper fence ₹12268 (Q3: ₹8825, IQR: ₹2295)",11:55,FALSE
fare_DEL-BOM_AI_2026-09-02_T+7_1787707096945_bnmb,DEL-BOM,EaseMyTrip,AI,AI-1705,2026-09-02,T+7,11131,2443,13574,2026-08-26T00:56:42.828Z,TRUE,"High outlier: ₹13574 > upper fence ₹12268 (Q3: ₹8825, IQR: ₹2295)",06:30,FALSE
fare_DEL-BOM_6E_2026-09-02_T+7_1787707096945_yvia,DEL-BOM,EaseMyTrip,6E,6E-6261,2026-09-02,T+7,11321,2485,13806,2026-08-26T00:56:42.828Z,TRUE,"High outlier: ₹13806 > upper fence ₹12268 (Q3: ₹8825, IQR: ₹2295)",00:15,FALSE
fare_DEL-BOM_AI_2026-09-02_T+7_1787707096945_epl6,DEL-BOM,EaseMyTrip,AI,AI-9674,2026-09-02,T+7,11769,2583,14352,2026-08-26T00:56:42.828Z,TRUE,"High outlier: ₹14352 > upper fence ₹12268 (Q3: ₹8825, IQR: ₹2295)",16:40,FALSE
fare_DEL-BOM_IX_2026-09-02_T+7_1787707096945_u0ad,DEL-BOM,EaseMyTrip,IX,IX-1165,2026-09-02,T+7,12421,2727,15148,2026-08-26T00:56:42.828Z,TRUE,"High outlier: ₹15148 > upper fence ₹12268 (Q3: ₹8825, IQR: ₹2295)",06:00,FALSE
fare_DEL-BOM_6E_2026-09-02_T+7_1787707096945_lqc7,DEL-BOM,EaseMyTrip,6E,6E-5014,2026-09-02,T+7,12724,2793,15517,2026-08-26T00:56:42.828Z,TRUE,"High outlier: ₹15517 > upper fence ₹12268 (Q3: ₹8825, IQR: ₹2295)",18:30,FALSE
fare_DEL-BOM_6E_2026-09-02_T+7_1787707096945_ntrp,DEL-BOM,EaseMyTrip,6E,6E-2076,2026-09-02,T+7,12828,2816,15644,2026-08-26T00:56:42.828Z,TRUE,"High outlier: ₹15644 > upper fence ₹12268 (Q3: ₹8825, IQR: ₹2295)",07:30,FALSE
fare_DEL-BOM_AI_2026-09-02_T+7_1787707096945_kaps,DEL-BOM,EaseMyTrip,AI,AI-1743,2026-09-02,T+7,13065,2868,15933,2026-08-26T00:56:42.828Z,TRUE,"High outlier: ₹15933 > upper fence ₹12268 (Q3: ₹8825, IQR: ₹2295)",06:15,FALSE
fare_DEL-BOM_AI_2026-09-02_T+7_1787707096945_3ai7,DEL-BOM,EaseMyTrip,AI,AI-2601,2026-09-02,T+7,13065,2868,15933,2026-08-26T00:56:42.828Z,TRUE,"High outlier: ₹15933 > upper fence ₹12268 (Q3: ₹8825, IQR: ₹2295)",17:00,FALSE
fare_DEL-BOM_AI_2026-09-02_T+7_1787707096945_88he,DEL-BOM,EaseMyTrip,AI,AI-9584,2026-09-02,T+7,13382,2937,16319,2026-08-26T00:56:42.828Z,TRUE,"High outlier: ₹16319 > upper fence ₹12268 (Q3: ₹8825, IQR: ₹2295)",11:15,FALSE
fare_DEL-BOM_AI_2026-09-02_T+7_1787707096945_zzex,DEL-BOM,EaseMyTrip,AI,AI-2499,2026-09-02,T+7,13554,2975,16529,2026-08-26T00:56:42.828Z,TRUE,"High outlier: ₹16529 > upper fence ₹12268 (Q3: ₹8825, IQR: ₹2295)",06:00,FALSE
fare_DEL-BOM_AI_2026-09-02_T+7_1787707096945_r6xd,DEL-BOM,EaseMyTrip,AI,AI-2907,2026-09-02,T+7,13927,3057,16984,2026-08-26T00:56:42.828Z,TRUE,"High outlier: ₹16984 > upper fence ₹12268 (Q3: ₹8825, IQR: ₹2295)",12:00,FALSE
fare_DEL-BOM_AI_2026-09-02_T+7_1787707096945_w3mn,DEL-BOM,EaseMyTrip,AI,AI-491,2026-09-02,T+7,14497,3182,17679,2026-08-26T00:56:42.828Z,TRUE,"High outlier: ₹17679 > upper fence ₹12268 (Q3: ₹8825, IQR: ₹2295)",11:15,FALSE
fare_DEL-BOM_AI_2026-09-02_T+7_1787707096945_tz72,DEL-BOM,EaseMyTrip,AI,AI-1773,2026-09-02,T+7,14497,3182,17679,2026-08-26T00:56:42.828Z,TRUE,"High outlier: ₹17679 > upper fence ₹12268 (Q3: ₹8825, IQR: ₹2295)",10:30,FALSE
fare_DEL-BOM_6E_2026-09-02_T+7_1787707096945_6k2x,DEL-BOM,EaseMyTrip,6E,6E-6171,2026-09-02,T+7,14678,3222,17900,2026-08-26T00:56:42.828Z,TRUE,"High outlier: ₹17900 > upper fence ₹12268 (Q3: ₹8825, IQR: ₹2295)",05:40,FALSE
fare_DEL-BOM_AI_2026-09-02_T+7_1787707096945_ml02,DEL-BOM,EaseMyTrip,AI,AI-2465,2026-09-02,T+7,14880,3266,18146,2026-08-26T00:56:42.828Z,TRUE,"High outlier: ₹18146 > upper fence ₹12268 (Q3: ₹8825, IQR: ₹2295)",14:30,FALSE
fare_DEL-BOM_6E_2026-09-02_T+7_1787707096945_h8e0,DEL-BOM,EaseMyTrip,6E,6E-2013,2026-09-02,T+7,15696,3445,19141,2026-08-26T00:56:42.828Z,TRUE,"High outlier: ₹19141 > upper fence ₹12268 (Q3: ₹8825, IQR: ₹2295)",21:50,FALSE
fare_DEL-BOM_AI_2026-09-02_T+7_1787707096945_dpfj,DEL-BOM,EaseMyTrip,AI,AI-1779,2026-09-02,T+7,16489,3619,20108,2026-08-26T00:56:42.828Z,TRUE,"High outlier: ₹20108 > upper fence ₹12268 (Q3: ₹8825, IQR: ₹2295)",13:45,FALSE
fare_DEL-BOM_AI_2026-09-02_T+7_1787707096945_mksr,DEL-BOM,EaseMyTrip,AI,AI-1739,2026-09-02,T+7,17408,3821,21229,2026-08-26T00:56:42.828Z,TRUE,"High outlier: ₹21229 > upper fence ₹12268 (Q3: ₹8825, IQR: ₹2295)",11:30,FALSE
fare_DEL-BOM_AI_2026-09-02_T+7_1787707096945_l3cr,DEL-BOM,EaseMyTrip,AI,AI-2525,2026-09-02,T+7,18475,4056,22531,2026-08-26T00:56:42.828Z,TRUE,"High outlier: ₹22531 > upper fence ₹12268 (Q3: ₹8825, IQR: ₹2295)",06:00,FALSE
fare_DEL-BOM_AI_2026-09-02_T+7_1787707096945_q49k,DEL-BOM,EaseMyTrip,AI,AI-809,2026-09-02,T+7,24944,5476,30420,2026-08-26T00:56:42.828Z,TRUE,"High outlier: ₹30420 > upper fence ₹12268 (Q3: ₹8825, IQR: ₹2295)",17:40,FALSE