id,route_id,source,carrier,flight_number,flight_date,booking_window,base_fare,taxes,total_fare,scraped_at,is_outlier,outlier_reason,departure_time,is_nonstop
fare_BOM-DEL_SG_2026-09-10_T+15_1787777822998_51y6,BOM-DEL,EaseMyTrip,SG,SG-557,2026-09-10,T+15,5231,1148,6379,2026-08-26T00:57:18.728Z,FALSE,"",01:50,TRUE
fare_BOM-DEL_SG_2026-09-10_T+15_1787777822998_fmjf,BOM-DEL,EaseMyTrip,SG,SG-427,2026-09-10,T+15,5231,1148,6379,2026-08-26T00:57:18.728Z,FALSE,"",01:50,TRUE
fare_BOM-DEL_SG_2026-09-10_T+15_1787777822998_omlg,BOM-DEL,EaseMyTrip,SG,SG-239,2026-09-10,T+15,5231,1148,6379,2026-08-26T00:57:18.728Z,FALSE,"",06:25,TRUE
fare_BOM-DEL_SG_2026-09-10_T+15_1787777822998_1ogs,BOM-DEL,EaseMyTrip,SG,SG-364,2026-09-10,T+15,5231,1148,6379,2026-08-26T00:57:18.728Z,FALSE,"",06:25,TRUE
fare_BOM-DEL_SG_2026-09-10_T+15_1787777822998_2h1j,BOM-DEL,EaseMyTrip,SG,SG-9401,2026-09-10,T+15,5231,1148,6379,2026-08-26T00:57:18.728Z,FALSE,"",09:50,TRUE
fare_BOM-DEL_SG_2026-09-10_T+15_1787777822998_ff6t,BOM-DEL,EaseMyTrip,SG,SG-556,2026-09-10,T+15,5231,1148,6379,2026-08-26T00:57:18.728Z,FALSE,"",17:55,TRUE
fare_BOM-DEL_SG_2026-09-10_T+15_1787777822998_ug3m,BOM-DEL,EaseMyTrip,SG,SG-862,2026-09-10,T+15,5231,1148,6379,2026-08-26T00:57:18.728Z,FALSE,"",17:55,TRUE
fare_BOM-DEL_SG_2026-09-10_T+15_1787777822998_4h6k,BOM-DEL,EaseMyTrip,SG,SG-749,2026-09-10,T+15,5231,1148,6379,2026-08-26T00:57:18.728Z,FALSE,"",23:25,TRUE
fare_BOM-DEL_SG_2026-09-10_T+15_1787777822998_0av7,BOM-DEL,EaseMyTrip,SG,SG-850,2026-09-10,T+15,5231,1148,6379,2026-08-26T00:57:18.728Z,FALSE,"",23:25,TRUE
fare_BOM-DEL_6E_2026-09-10_T+15_1787777822998_evir,BOM-DEL,EaseMyTrip,6E,6E-6599,2026-09-10,T+15,5145,1129,6274,2026-08-26T00:57:18.728Z,FALSE,"",16:50,FALSE
fare_BOM-DEL_6E_2026-09-10_T+15_1787777822998_pj2n,BOM-DEL,EaseMyTrip,6E,6E-5164,2026-09-10,T+15,5145,1129,6274,2026-08-26T00:57:18.728Z,FALSE,"",20:35,FALSE
fare_BOM-DEL_6E_2026-09-10_T+15_1787777822998_uzi4,BOM-DEL,EaseMyTrip,6E,6E-5147,2026-09-10,T+15,5145,1129,6274,2026-08-26T00:57:18.728Z,FALSE,"",18:35,FALSE
fare_BOM-DEL_6E_2026-09-10_T+15_1787777822998_azf4,BOM-DEL,EaseMyTrip,6E,6E-6058,2026-09-10,T+15,5145,1129,6274,2026-08-26T00:57:18.728Z,FALSE,"",08:05,FALSE
fare_BOM-DEL_6E_2026-09-10_T+15_1787777822998_933k,BOM-DEL,EaseMyTrip,6E,6E-5181,2026-09-10,T+15,5145,1129,6274,2026-08-26T00:57:18.728Z,FALSE,"",10:25,FALSE
fare_BOM-DEL_6E_2026-09-10_T+15_1787777822998_5gjp,BOM-DEL,EaseMyTrip,6E,6E-5131,2026-09-10,T+15,5145,1129,6274,2026-08-26T00:57:18.728Z,FALSE,"",15:50,FALSE
fare_BOM-DEL_6E_2026-09-10_T+15_1787777822998_myai,BOM-DEL,EaseMyTrip,6E,6E-6122,2026-09-10,T+15,5145,1129,6274,2026-08-26T00:57:18.728Z,FALSE,"",12:25,FALSE
fare_BOM-DEL_6E_2026-09-10_T+15_1787777822998_rcwi,BOM-DEL,EaseMyTrip,6E,6E-5345,2026-09-10,T+15,5145,1129,6274,2026-08-26T00:57:18.728Z,FALSE,"",14:25,FALSE
fare_BOM-DEL_IX_2026-09-10_T+15_1787777822998_3nh9,BOM-DEL,EaseMyTrip,IX,IX-1050,2026-09-10,T+15,5380,1181,6561,2026-08-26T00:57:18.728Z,FALSE,"",08:55,TRUE
fare_BOM-DEL_IX_2026-09-10_T+15_1787777822998_j2jr,BOM-DEL,EaseMyTrip,IX,IX-1671,2026-09-10,T+15,5380,1181,6561,2026-08-26T00:57:18.728Z,FALSE,"",16:45,TRUE
fare_BOM-DEL_IX_2026-09-10_T+15_1787777822998_4ttg,BOM-DEL,EaseMyTrip,IX,IX-1809,2026-09-10,T+15,5380,1181,6561,2026-08-26T00:57:18.728Z,FALSE,"",07:30,FALSE
fare_BOM-DEL_IX_2026-09-10_T+15_1787777822998_t675,BOM-DEL,EaseMyTrip,IX,IX-2153,2026-09-10,T+15,5381,1181,6562,2026-08-26T00:57:18.728Z,FALSE,"",20:25,TRUE
fare_BOM-DEL_IX_2026-09-10_T+15_1787777822998_n8of,BOM-DEL,EaseMyTrip,IX,IX-1364,2026-09-10,T+15,5381,1181,6562,2026-08-26T00:57:18.728Z,FALSE,"",21:55,TRUE
fare_BOM-DEL_IX_2026-09-10_T+15_1787777822998_9u56,BOM-DEL,EaseMyTrip,IX,IX-1787,2026-09-10,T+15,5595,1228,6823,2026-08-26T00:57:18.728Z,FALSE,"",13:10,FALSE
fare_BOM-DEL_6E_2026-09-10_T+15_1787777822998_m8ru,BOM-DEL,EaseMyTrip,6E,6E-5028,2026-09-10,T+15,5209,1143,6352,2026-08-26T00:57:18.728Z,FALSE,"",19:35,FALSE
fare_BOM-DEL_6E_2026-09-10_T+15_1787777822998_ynsg,BOM-DEL,EaseMyTrip,6E,6E-698,2026-09-10,T+15,5209,1143,6352,2026-08-26T00:57:18.728Z,FALSE,"",19:20,FALSE
fare_BOM-DEL_6E_2026-09-10_T+15_1787777822998_l71n,BOM-DEL,EaseMyTrip,6E,6E-873,2026-09-10,T+15,5209,1143,6352,2026-08-26T00:57:18.728Z,FALSE,"",19:20,FALSE
fare_BOM-DEL_6E_2026-09-10_T+15_1787777822998_95t7,BOM-DEL,EaseMyTrip,6E,6E-395,2026-09-10,T+15,5209,1143,6352,2026-08-26T00:57:18.728Z,FALSE,"",04:30,FALSE
fare_BOM-DEL_6E_2026-09-10_T+15_1787777822998_04xz,BOM-DEL,EaseMyTrip,6E,6E-696,2026-09-10,T+15,5209,1143,6352,2026-08-26T00:57:18.728Z,FALSE,"",04:30,FALSE
fare_BOM-DEL_6E_2026-09-10_T+15_1787777822998_tl2b,BOM-DEL,EaseMyTrip,6E,6E-352,2026-09-10,T+15,5317,1167,6484,2026-08-26T00:57:18.728Z,FALSE,"",17:45,FALSE
fare_BOM-DEL_6E_2026-09-10_T+15_1787777822998_bhjj,BOM-DEL,EaseMyTrip,6E,6E-708,2026-09-10,T+15,5317,1167,6484,2026-08-26T00:57:18.728Z,FALSE,"",17:45,FALSE
fare_BOM-DEL_6E_2026-09-10_T+15_1787777822998_pzg2,BOM-DEL,EaseMyTrip,6E,6E-5056,2026-09-10,T+15,5317,1167,6484,2026-08-26T00:57:18.728Z,FALSE,"",21:10,FALSE
fare_BOM-DEL_6E_2026-09-10_T+15_1787777822998_n4n2,BOM-DEL,EaseMyTrip,6E,6E-6543,2026-09-10,T+15,5317,1167,6484,2026-08-26T00:57:18.728Z,FALSE,"",07:50,FALSE
fare_BOM-DEL_6E_2026-09-10_T+15_1787777822998_wivr,BOM-DEL,EaseMyTrip,6E,6E-5318,2026-09-10,T+15,5317,1167,6484,2026-08-26T00:57:18.728Z,FALSE,"",10:15,FALSE
fare_BOM-DEL_6E_2026-09-10_T+15_1787777822998_7qyh,BOM-DEL,EaseMyTrip,6E,6E-6195,2026-09-10,T+15,5317,1167,6484,2026-08-26T00:57:18.728Z,FALSE,"",23:00,FALSE
fare_BOM-DEL_6E_2026-09-10_T+15_1787777822998_vwwo,BOM-DEL,EaseMyTrip,6E,6E-5326,2026-09-10,T+15,5317,1167,6484,2026-08-26T00:57:18.728Z,FALSE,"",19:40,FALSE
fare_BOM-DEL_6E_2026-09-10_T+15_1787777822998_o31h,BOM-DEL,EaseMyTrip,6E,6E-2024,2026-09-10,T+15,5317,1167,6484,2026-08-26T00:57:18.728Z,FALSE,"",09:15,FALSE
fare_BOM-DEL_6E_2026-09-10_T+15_1787777822998_dbrg,BOM-DEL,EaseMyTrip,6E,6E-2090,2026-09-10,T+15,5380,1181,6561,2026-08-26T00:57:18.728Z,FALSE,"",06:25,TRUE
fare_BOM-DEL_QP_2026-09-10_T+15_1787777822998_6ako,BOM-DEL,EaseMyTrip,QP,QP-1109,2026-09-10,T+15,5381,1181,6562,2026-08-26T00:57:18.728Z,FALSE,"",07:00,TRUE
fare_BOM-DEL_QP_2026-09-10_T+15_1787777822998_3w6z,BOM-DEL,EaseMyTrip,QP,QP-1127,2026-09-10,T+15,5381,1181,6562,2026-08-26T00:57:18.728Z,FALSE,"",13:00,TRUE
fare_BOM-DEL_QP_2026-09-10_T+15_1787777822998_9xub,BOM-DEL,EaseMyTrip,QP,QP-1819,2026-09-10,T+15,5381,1181,6562,2026-08-26T00:57:18.728Z,FALSE,"",14:30,TRUE
fare_BOM-DEL_QP_2026-09-10_T+15_1787777822998_92zl,BOM-DEL,EaseMyTrip,QP,QP-1834,2026-09-10,T+15,5381,1181,6562,2026-08-26T00:57:18.728Z,FALSE,"",10:20,TRUE
fare_BOM-DEL_QP_2026-09-10_T+15_1787777822998_p3n5,BOM-DEL,EaseMyTrip,QP,QP-1825,2026-09-10,T+15,5381,1181,6562,2026-08-26T00:57:18.728Z,FALSE,"",16:50,TRUE
fare_BOM-DEL_QP_2026-09-10_T+15_1787777822998_hkt6,BOM-DEL,EaseMyTrip,QP,QP-1111,2026-09-10,T+15,5381,1181,6562,2026-08-26T00:57:18.728Z,FALSE,"",05:10,TRUE
fare_BOM-DEL_QP_2026-09-10_T+15_1787777822998_s2pq,BOM-DEL,EaseMyTrip,QP,QP-1835,2026-09-10,T+15,5381,1181,6562,2026-08-26T00:57:18.728Z,FALSE,"",11:50,TRUE
fare_BOM-DEL_QP_2026-09-10_T+15_1787777822998_mni3,BOM-DEL,EaseMyTrip,QP,QP-1120,2026-09-10,T+15,5381,1181,6562,2026-08-26T00:57:18.728Z,FALSE,"",18:45,TRUE
fare_BOM-DEL_6E_2026-09-10_T+15_1787777822998_k681,BOM-DEL,EaseMyTrip,6E,6E-255,2026-09-10,T+15,5381,1181,6562,2026-08-26T00:57:18.728Z,FALSE,"",17:20,TRUE
fare_BOM-DEL_6E_2026-09-10_T+15_1787777822998_kr8h,BOM-DEL,EaseMyTrip,6E,6E-730,2026-09-10,T+15,5381,1181,6562,2026-08-26T00:57:18.728Z,FALSE,"",17:20,TRUE
fare_BOM-DEL_6E_2026-09-10_T+15_1787777822998_7v2n,BOM-DEL,EaseMyTrip,6E,6E-6082,2026-09-10,T+15,5381,1181,6562,2026-08-26T00:57:18.728Z,FALSE,"",16:45,TRUE
fare_BOM-DEL_6E_2026-09-10_T+15_1787777822998_sd48,BOM-DEL,EaseMyTrip,6E,6E-535,2026-09-10,T+15,5381,1181,6562,2026-08-26T00:57:18.728Z,FALSE,"",16:00,TRUE
fare_BOM-DEL_6E_2026-09-10_T+15_1787777822998_o9oh,BOM-DEL,EaseMyTrip,6E,6E-118,2026-09-10,T+15,5381,1181,6562,2026-08-26T00:57:18.728Z,FALSE,"",16:00,TRUE
fare_BOM-DEL_6E_2026-09-10_T+15_1787777822998_6pcf,BOM-DEL,EaseMyTrip,6E,6E-597,2026-09-10,T+15,5381,1181,6562,2026-08-26T00:57:18.728Z,FALSE,"",15:00,TRUE
fare_BOM-DEL_6E_2026-09-10_T+15_1787777822998_zigj,BOM-DEL,EaseMyTrip,6E,6E-251,2026-09-10,T+15,5381,1181,6562,2026-08-26T00:57:18.728Z,FALSE,"",15:00,TRUE
fare_BOM-DEL_6E_2026-09-10_T+15_1787777822998_l58a,BOM-DEL,EaseMyTrip,6E,6E-205,2026-09-10,T+15,5381,1181,6562,2026-08-26T00:57:18.728Z,FALSE,"",13:00,TRUE
fare_BOM-DEL_6E_2026-09-10_T+15_1787777822998_jhlu,BOM-DEL,EaseMyTrip,6E,6E-851,2026-09-10,T+15,5381,1181,6562,2026-08-26T00:57:18.728Z,FALSE,"",13:00,TRUE
fare_BOM-DEL_6E_2026-09-10_T+15_1787777822998_pnui,BOM-DEL,EaseMyTrip,6E,6E-6704,2026-09-10,T+15,5381,1181,6562,2026-08-26T00:57:18.728Z,FALSE,"",14:00,TRUE
fare_BOM-DEL_6E_2026-09-10_T+15_1787777822998_bi55,BOM-DEL,EaseMyTrip,6E,6E-6052,2026-09-10,T+15,5381,1181,6562,2026-08-26T00:57:18.728Z,FALSE,"",10:00,TRUE
fare_BOM-DEL_6E_2026-09-10_T+15_1787777822998_qbse,BOM-DEL,EaseMyTrip,6E,6E-992,2026-09-10,T+15,5381,1181,6562,2026-08-26T00:57:18.728Z,FALSE,"",10:35,TRUE
fare_BOM-DEL_6E_2026-09-10_T+15_1787777822998_bjvq,BOM-DEL,EaseMyTrip,6E,6E-540,2026-09-10,T+15,5381,1181,6562,2026-08-26T00:57:18.728Z,FALSE,"",10:35,TRUE
fare_BOM-DEL_6E_2026-09-10_T+15_1787777822998_h7n5,BOM-DEL,EaseMyTrip,6E,6E-6827,2026-09-10,T+15,5381,1181,6562,2026-08-26T00:57:18.728Z,FALSE,"",11:30,TRUE
fare_BOM-DEL_6E_2026-09-10_T+15_1787777822998_9rml,BOM-DEL,EaseMyTrip,6E,6E-6028,2026-09-10,T+15,5381,1181,6562,2026-08-26T00:57:18.728Z,FALSE,"",12:15,TRUE
fare_BOM-DEL_6E_2026-09-10_T+15_1787777822998_cueq,BOM-DEL,EaseMyTrip,6E,6E-6361,2026-09-10,T+15,5381,1181,6562,2026-08-26T00:57:18.728Z,FALSE,"",05:00,FALSE
fare_BOM-DEL_QP_2026-09-10_T+15_1787777822998_fsrm,BOM-DEL,EaseMyTrip,QP,QP-1939,2026-09-10,T+15,5423,1191,6614,2026-08-26T00:57:18.728Z,FALSE,"",10:10,TRUE
fare_BOM-DEL_6E_2026-09-10_T+15_1787777822998_3vyp,BOM-DEL,EaseMyTrip,6E,6E-5197,2026-09-10,T+15,5423,1191,6614,2026-08-26T00:57:18.728Z,FALSE,"",06:40,TRUE
fare_BOM-DEL_6E_2026-09-10_T+15_1787777822998_n3cv,BOM-DEL,EaseMyTrip,6E,6E-5059,2026-09-10,T+15,5425,1191,6616,2026-08-26T00:57:18.728Z,FALSE,"",05:45,FALSE
fare_BOM-DEL_6E_2026-09-10_T+15_1787777822998_u9ek,BOM-DEL,EaseMyTrip,6E,6E-805,2026-09-10,T+15,5425,1191,6616,2026-08-26T00:57:18.728Z,FALSE,"",01:30,FALSE
fare_BOM-DEL_6E_2026-09-10_T+15_1787777822998_zyzg,BOM-DEL,EaseMyTrip,6E,6E-750,2026-09-10,T+15,5425,1191,6616,2026-08-26T00:57:18.728Z,FALSE,"",01:30,FALSE
fare_BOM-DEL_6E_2026-09-10_T+15_1787777822998_66fa,BOM-DEL,EaseMyTrip,6E,6E-5107,2026-09-10,T+15,5425,1191,6616,2026-08-26T00:57:18.728Z,FALSE,"",20:00,FALSE
fare_BOM-DEL_6E_2026-09-10_T+15_1787777822998_wwc9,BOM-DEL,EaseMyTrip,6E,6E-357,2026-09-10,T+15,5510,1210,6720,2026-08-26T00:57:18.728Z,FALSE,"",05:00,TRUE
fare_BOM-DEL_6E_2026-09-10_T+15_1787777822998_c6t8,BOM-DEL,EaseMyTrip,6E,6E-466,2026-09-10,T+15,5510,1210,6720,2026-08-26T00:57:18.728Z,FALSE,"",23:45,TRUE
fare_BOM-DEL_6E_2026-09-10_T+15_1787777822998_6mzx,BOM-DEL,EaseMyTrip,6E,6E-103,2026-09-10,T+15,5510,1210,6720,2026-08-26T00:57:18.728Z,FALSE,"",23:45,TRUE
fare_BOM-DEL_6E_2026-09-10_T+15_1787777822998_4fot,BOM-DEL,EaseMyTrip,6E,6E-728,2026-09-10,T+15,5510,1210,6720,2026-08-26T00:57:18.728Z,FALSE,"",22:15,TRUE
fare_BOM-DEL_6E_2026-09-10_T+15_1787777822998_af9b,BOM-DEL,EaseMyTrip,6E,6E-120,2026-09-10,T+15,5510,1210,6720,2026-08-26T00:57:18.728Z,FALSE,"",22:15,TRUE
fare_BOM-DEL_6E_2026-09-10_T+15_1787777822998_ge67,BOM-DEL,EaseMyTrip,6E,6E-869,2026-09-10,T+15,5510,1210,6720,2026-08-26T00:57:18.728Z,FALSE,"",06:00,TRUE
fare_BOM-DEL_6E_2026-09-10_T+15_1787777822998_juhn,BOM-DEL,EaseMyTrip,6E,6E-353,2026-09-10,T+15,5510,1210,6720,2026-08-26T00:57:18.728Z,FALSE,"",06:00,TRUE
fare_BOM-DEL_6E_2026-09-10_T+15_1787777822998_j8i8,BOM-DEL,EaseMyTrip,6E,6E-402,2026-09-10,T+15,5510,1210,6720,2026-08-26T00:57:18.728Z,FALSE,"",09:00,TRUE
fare_BOM-DEL_6E_2026-09-10_T+15_1787777822998_ekql,BOM-DEL,EaseMyTrip,6E,6E-516,2026-09-10,T+15,5510,1210,6720,2026-08-26T00:57:18.728Z,FALSE,"",09:00,TRUE
fare_BOM-DEL_IX_2026-09-10_T+15_1787777822998_mx53,BOM-DEL,EaseMyTrip,IX,IX-1026,2026-09-10,T+15,5930,1302,7232,2026-08-26T00:57:18.728Z,FALSE,"",05:45,FALSE
fare_BOM-DEL_AI_2026-09-10_T+15_1787777822998_l9h6,BOM-DEL,EaseMyTrip,AI,AI-2928,2026-09-10,T+15,5766,1266,7032,2026-08-26T00:57:18.728Z,FALSE,"",06:30,TRUE
fare_BOM-DEL_AI_2026-09-10_T+15_1787777822998_vnua,BOM-DEL,EaseMyTrip,AI,AI-2677,2026-09-10,T+15,5766,1266,7032,2026-08-26T00:57:18.728Z,FALSE,"",13:00,TRUE
fare_BOM-DEL_AI_2026-09-10_T+15_1787777822998_p4vv,BOM-DEL,EaseMyTrip,AI,AI-2422,2026-09-10,T+15,5766,1266,7032,2026-08-26T00:57:18.728Z,FALSE,"",01:00,TRUE
fare_BOM-DEL_AI_2026-09-10_T+15_1787777822998_mvrt,BOM-DEL,EaseMyTrip,AI,AI-2970,2026-09-10,T+15,5766,1266,7032,2026-08-26T00:57:18.728Z,FALSE,"",08:30,TRUE
fare_BOM-DEL_AI_2026-09-10_T+15_1787777822998_dd2f,BOM-DEL,EaseMyTrip,AI,AI-2432,2026-09-10,T+15,5766,1266,7032,2026-08-26T00:57:18.728Z,FALSE,"",09:30,TRUE
fare_BOM-DEL_AI_2026-09-10_T+15_1787777822998_y1yb,BOM-DEL,EaseMyTrip,AI,AI-2430,2026-09-10,T+15,5766,1266,7032,2026-08-26T00:57:18.728Z,FALSE,"",10:00,TRUE
fare_BOM-DEL_AI_2026-09-10_T+15_1787777822998_z9dh,BOM-DEL,EaseMyTrip,AI,AI-2952,2026-09-10,T+15,5766,1266,7032,2026-08-26T00:57:18.728Z,FALSE,"",11:25,TRUE
fare_BOM-DEL_AI_2026-09-10_T+15_1787777822998_57cl,BOM-DEL,EaseMyTrip,AI,AI-2419,2026-09-10,T+15,5766,1266,7032,2026-08-26T00:57:18.728Z,FALSE,"",12:00,TRUE
fare_BOM-DEL_AI_2026-09-10_T+15_1787777822998_b6m5,BOM-DEL,EaseMyTrip,AI,AI-864,2026-09-10,T+15,5766,1266,7032,2026-08-26T00:57:18.728Z,FALSE,"",13:30,TRUE
fare_BOM-DEL_AI_2026-09-10_T+15_1787777822998_o4h0,BOM-DEL,EaseMyTrip,AI,AI-2960,2026-09-10,T+15,5766,1266,7032,2026-08-26T00:57:18.728Z,FALSE,"",14:05,TRUE
fare_BOM-DEL_AI_2026-09-10_T+15_1787777822998_2mry,BOM-DEL,EaseMyTrip,AI,AI-2944,2026-09-10,T+15,5766,1266,7032,2026-08-26T00:57:18.728Z,FALSE,"",14:35,TRUE
fare_BOM-DEL_AI_2026-09-10_T+15_1787777822998_4s7n,BOM-DEL,EaseMyTrip,AI,AI-1851,2026-09-10,T+15,5766,1266,7032,2026-08-26T00:57:18.728Z,FALSE,"",15:30,TRUE
fare_BOM-DEL_AI_2026-09-10_T+15_1787777822998_fkns,BOM-DEL,EaseMyTrip,AI,AI-2687,2026-09-10,T+15,5766,1266,7032,2026-08-26T00:57:18.728Z,FALSE,"",16:40,TRUE
fare_BOM-DEL_AI_2026-09-10_T+15_1787777822998_5rhy,BOM-DEL,EaseMyTrip,AI,AI-1882,2026-09-10,T+15,5766,1266,7032,2026-08-26T00:57:18.728Z,FALSE,"",23:55,TRUE
fare_BOM-DEL_AI_2026-09-10_T+15_1787777822998_sq9i,BOM-DEL,EaseMyTrip,AI,AI-2986,2026-09-10,T+15,5766,1266,7032,2026-08-26T00:57:18.728Z,FALSE,"",22:35,TRUE
fare_BOM-DEL_SG_2026-09-10_T+15_1787777822998_6ao3,BOM-DEL,EaseMyTrip,SG,SG-856,2026-09-10,T+15,5785,1270,7055,2026-08-26T00:57:18.728Z,FALSE,"",15:55,TRUE
fare_BOM-DEL_SG_2026-09-10_T+15_1787777822998_9f1b,BOM-DEL,EaseMyTrip,SG,SG-772,2026-09-10,T+15,5785,1270,7055,2026-08-26T00:57:18.728Z,FALSE,"",15:55,TRUE
fare_BOM-DEL_6E_2026-09-10_T+15_1787777822998_1mo1,BOM-DEL,EaseMyTrip,6E,6E-979,2026-09-10,T+15,5683,1247,6930,2026-08-26T00:57:18.728Z,FALSE,"",19:00,TRUE
fare_BOM-DEL_6E_2026-09-10_T+15_1787777822998_j0zo,BOM-DEL,EaseMyTrip,6E,6E-877,2026-09-10,T+15,5683,1247,6930,2026-08-26T00:57:18.728Z,FALSE,"",19:00,TRUE
fare_BOM-DEL_6E_2026-09-10_T+15_1787777822998_uoke,BOM-DEL,EaseMyTrip,6E,6E-6613,2026-09-10,T+15,5683,1247,6930,2026-08-26T00:57:18.728Z,FALSE,"",18:15,TRUE
fare_BOM-DEL_6E_2026-09-10_T+15_1787777822998_id1o,BOM-DEL,EaseMyTrip,6E,6E-727,2026-09-10,T+15,5683,1247,6930,2026-08-26T00:57:18.728Z,FALSE,"",07:00,TRUE
fare_BOM-DEL_6E_2026-09-10_T+15_1787777822998_7t9l,BOM-DEL,EaseMyTrip,6E,6E-572,2026-09-10,T+15,5683,1247,6930,2026-08-26T00:57:18.728Z,FALSE,"",07:00,TRUE
fare_BOM-DEL_6E_2026-09-10_T+15_1787777822998_m9qo,BOM-DEL,EaseMyTrip,6E,6E-365,2026-09-10,T+15,5683,1247,6930,2026-08-26T00:57:18.728Z,FALSE,"",08:00,TRUE
fare_BOM-DEL_6E_2026-09-10_T+15_1787777822998_0dw2,BOM-DEL,EaseMyTrip,6E,6E-962,2026-09-10,T+15,5683,1247,6930,2026-08-26T00:57:18.728Z,FALSE,"",08:00,TRUE
fare_BOM-DEL_6E_2026-09-10_T+15_1787777822998_asgo,BOM-DEL,EaseMyTrip,6E,6E-771,2026-09-10,T+15,5724,1257,6981,2026-08-26T00:57:18.728Z,FALSE,"",17:20,TRUE
fare_BOM-DEL_6E_2026-09-10_T+15_1787777822998_qh9t,BOM-DEL,EaseMyTrip,6E,6E-233,2026-09-10,T+15,5724,1257,6981,2026-08-26T00:57:18.728Z,FALSE,"",17:20,TRUE
fare_BOM-DEL_AI_2026-09-10_T+15_1787777822998_mvs4,BOM-DEL,EaseMyTrip,AI,AI-2424,2026-09-10,T+15,5897,1294,7191,2026-08-26T00:57:18.728Z,FALSE,"",07:00,TRUE
fare_BOM-DEL_AI_2026-09-10_T+15_1787777822998_mhk1,BOM-DEL,EaseMyTrip,AI,AI-2930,2026-09-10,T+15,5897,1294,7191,2026-08-26T00:57:18.728Z,FALSE,"",07:30,TRUE
fare_BOM-DEL_AI_2026-09-10_T+15_1787777822998_iiq1,BOM-DEL,EaseMyTrip,AI,AI-2408,2026-09-10,T+15,5897,1294,7191,2026-08-26T00:57:18.728Z,FALSE,"",19:30,TRUE
fare_BOM-DEL_AI_2026-09-10_T+15_1787777822998_vk81,BOM-DEL,EaseMyTrip,AI,AI-2428,2026-09-10,T+15,5897,1294,7191,2026-08-26T00:57:18.728Z,FALSE,"",08:00,TRUE
fare_BOM-DEL_AI_2026-09-10_T+15_1787777822998_nn8h,BOM-DEL,EaseMyTrip,AI,AI-2440,2026-09-10,T+15,5897,1294,7191,2026-08-26T00:57:18.728Z,FALSE,"",18:00,TRUE
fare_BOM-DEL_6E_2026-09-10_T+15_1787777822998_6oaa,BOM-DEL,EaseMyTrip,6E,6E-2237,2026-09-10,T+15,5852,1284,7136,2026-08-26T00:57:18.728Z,FALSE,"",18:40,FALSE
fare_BOM-DEL_6E_2026-09-10_T+15_1787777822998_uj7a,BOM-DEL,EaseMyTrip,6E,6E-198,2026-09-10,T+15,5852,1284,7136,2026-08-26T00:57:18.728Z,FALSE,"",04:00,FALSE
fare_BOM-DEL_6E_2026-09-10_T+15_1787777822998_70gs,BOM-DEL,EaseMyTrip,6E,6E-477,2026-09-10,T+15,5852,1284,7136,2026-08-26T00:57:18.728Z,FALSE,"",04:00,FALSE
fare_BOM-DEL_6E_2026-09-10_T+15_1787777822998_18hc,BOM-DEL,EaseMyTrip,6E,6E-5144,2026-09-10,T+15,5852,1284,7136,2026-08-26T00:57:18.728Z,FALSE,"",06:10,FALSE
fare_BOM-DEL_6E_2026-09-10_T+15_1787777822998_802y,BOM-DEL,EaseMyTrip,6E,6E-2347,2026-09-10,T+15,5852,1284,7136,2026-08-26T00:57:18.728Z,FALSE,"",08:50,FALSE
fare_BOM-DEL_6E_2026-09-10_T+15_1787777822998_ymto,BOM-DEL,EaseMyTrip,6E,6E-6049,2026-09-10,T+15,5897,1295,7192,2026-08-26T00:57:18.728Z,FALSE,"",19:45,TRUE
fare_BOM-DEL_AI_2026-09-10_T+15_1787777822998_ff3e,BOM-DEL,EaseMyTrip,AI,AI-816,2026-09-10,T+15,6069,1332,7401,2026-08-26T00:57:18.728Z,FALSE,"",21:00,TRUE
fare_BOM-DEL_AI_2026-09-10_T+15_1787777822998_c1bi,BOM-DEL,EaseMyTrip,AI,AI-1895,2026-09-10,T+15,6069,1332,7401,2026-08-26T00:57:18.728Z,FALSE,"",21:30,TRUE
fare_BOM-DEL_6E_2026-09-10_T+15_1787777822998_oc2e,BOM-DEL,EaseMyTrip,6E,6E-5135,2026-09-10,T+15,6001,1317,7318,2026-08-26T00:57:18.728Z,FALSE,"",23:20,FALSE
fare_BOM-DEL_AI_2026-09-10_T+15_1787777822998_84dr,BOM-DEL,EaseMyTrip,AI,AI-2940,2026-09-10,T+15,6220,1365,7585,2026-08-26T00:57:18.728Z,FALSE,"",20:00,TRUE
fare_BOM-DEL_AI_2026-09-10_T+15_1787777822998_30t7,BOM-DEL,EaseMyTrip,AI,AI-2988,2026-09-10,T+15,6283,1379,7662,2026-08-26T00:57:18.728Z,FALSE,"",20:30,TRUE
fare_BOM-DEL_6E_2026-09-10_T+15_1787777822998_9lz4,BOM-DEL,EaseMyTrip,6E,6E-408,2026-09-10,T+15,6156,1351,7507,2026-08-26T00:57:18.728Z,FALSE,"",21:15,TRUE
fare_BOM-DEL_6E_2026-09-10_T+15_1787777822998_qm2b,BOM-DEL,EaseMyTrip,6E,6E-611,2026-09-10,T+15,6156,1351,7507,2026-08-26T00:57:18.728Z,FALSE,"",21:15,TRUE
fare_BOM-DEL_6E_2026-09-10_T+15_1787777822998_uxkn,BOM-DEL,EaseMyTrip,6E,6E-305,2026-09-10,T+15,6156,1351,7507,2026-08-26T00:57:18.728Z,FALSE,"",20:20,TRUE
fare_BOM-DEL_6E_2026-09-10_T+15_1787777822998_9t54,BOM-DEL,EaseMyTrip,6E,6E-453,2026-09-10,T+15,6156,1351,7507,2026-08-26T00:57:18.728Z,FALSE,"",20:20,TRUE
fare_BOM-DEL_IX_2026-09-10_T+15_1787777822998_ske4,BOM-DEL,EaseMyTrip,IX,IX-1237,2026-09-10,T+15,6857,1505,8362,2026-08-26T00:57:18.728Z,FALSE,"",05:55,FALSE
fare_BOM-DEL_6E_2026-09-10_T+15_1787777822998_yr0y,BOM-DEL,EaseMyTrip,6E,6E-5101,2026-09-10,T+15,6470,1420,7890,2026-08-26T00:57:18.728Z,FALSE,"",10:20,FALSE
fare_BOM-DEL_6E_2026-09-10_T+15_1787777822998_fgkw,BOM-DEL,EaseMyTrip,6E,6E-5386,2026-09-10,T+15,6600,1449,8049,2026-08-26T00:57:18.728Z,FALSE,"",15:10,FALSE
fare_BOM-DEL_AI_2026-09-10_T+15_1787777822998_xxi8,BOM-DEL,EaseMyTrip,AI,AI-1891,2026-09-10,T+15,7560,1660,9220,2026-08-26T00:57:18.728Z,FALSE,"",08:10,TRUE
fare_BOM-DEL_6E_2026-09-10_T+15_1787777822998_vunf,BOM-DEL,EaseMyTrip,6E,6E-7017,2026-09-10,T+15,7492,1644,9136,2026-08-26T00:57:18.728Z,FALSE,"",21:30,FALSE
fare_BOM-DEL_6E_2026-09-10_T+15_1787777822998_rucs,BOM-DEL,EaseMyTrip,6E,6E-6802,2026-09-10,T+15,7510,1649,9159,2026-08-26T00:57:18.728Z,FALSE,"",16:55,FALSE
fare_BOM-DEL_6E_2026-09-10_T+15_1787777822998_kjb6,BOM-DEL,EaseMyTrip,6E,6E-5273,2026-09-10,T+15,7510,1649,9159,2026-08-26T00:57:18.728Z,FALSE,"",18:35,FALSE
fare_BOM-DEL_6E_2026-09-10_T+15_1787777822998_pgqw,BOM-DEL,EaseMyTrip,6E,6E-5178,2026-09-10,T+15,8645,1898,10543,2026-08-26T00:57:18.728Z,FALSE,"",11:45,FALSE
fare_BOM-DEL_6E_2026-09-10_T+15_1787777822998_5v5f,BOM-DEL,EaseMyTrip,6E,6E-5246,2026-09-10,T+15,9000,1976,10976,2026-08-26T00:57:18.728Z,FALSE,"",07:15,FALSE
fare_BOM-DEL_AI_2026-09-10_T+15_1787777822998_50nd,BOM-DEL,EaseMyTrip,AI,AI-9753,2026-09-10,T+15,9577,2102,11679,2026-08-26T00:57:18.728Z,TRUE,"High outlier: ₹11679 > upper fence ₹11547 (Q3: ₹8556, IQR: ₹1994)",05:45,FALSE
fare_BOM-DEL_6E_2026-09-10_T+15_1787777822998_ycx2,BOM-DEL,EaseMyTrip,6E,6E-5281,2026-09-10,T+15,9531,2092,11623,2026-08-26T00:57:18.728Z,TRUE,"High outlier: ₹11623 > upper fence ₹11547 (Q3: ₹8556, IQR: ₹1994)",08:40,FALSE
fare_BOM-DEL_AI_2026-09-10_T+15_1787777822998_99rg,BOM-DEL,EaseMyTrip,AI,AI-9891,2026-09-10,T+15,9966,2188,12154,2026-08-26T00:57:18.728Z,TRUE,"High outlier: ₹12154 > upper fence ₹11547 (Q3: ₹8556, IQR: ₹1994)",13:10,FALSE
fare_BOM-DEL_6E_2026-09-10_T+15_1787777822998_wk14,BOM-DEL,EaseMyTrip,6E,6E-5228,2026-09-10,T+15,9847,2161,12008,2026-08-26T00:57:18.728Z,TRUE,"High outlier: ₹12008 > upper fence ₹11547 (Q3: ₹8556, IQR: ₹1994)",16:45,FALSE
fare_BOM-DEL_IX_2026-09-10_T+15_1787777822998_52nq,BOM-DEL,EaseMyTrip,IX,IX-1347,2026-09-10,T+15,10304,2262,12566,2026-08-26T00:57:18.728Z,TRUE,"High outlier: ₹12566 > upper fence ₹11547 (Q3: ₹8556, IQR: ₹1994)",06:00,FALSE
fare_BOM-DEL_6E_2026-09-10_T+15_1787777822998_m1z7,BOM-DEL,EaseMyTrip,6E,6E-5154,2026-09-10,T+15,10399,2283,12682,2026-08-26T00:57:18.728Z,TRUE,"High outlier: ₹12682 > upper fence ₹11547 (Q3: ₹8556, IQR: ₹1994)",15:45,FALSE
fare_BOM-DEL_AI_2026-09-10_T+15_1787777822998_4nzy,BOM-DEL,EaseMyTrip,AI,AI-2493,2026-09-10,T+15,11126,2442,13568,2026-08-26T00:57:18.728Z,TRUE,"High outlier: ₹13568 > upper fence ₹11547 (Q3: ₹8556, IQR: ₹1994)",18:25,FALSE
fare_BOM-DEL_AI_2026-09-10_T+15_1787777822998_nbh0,BOM-DEL,EaseMyTrip,AI,AI-2919,2026-09-10,T+15,11126,2442,13568,2026-08-26T00:57:18.728Z,TRUE,"High outlier: ₹13568 > upper fence ₹11547 (Q3: ₹8556, IQR: ₹1994)",21:35,FALSE
fare_BOM-DEL_AI_2026-09-10_T+15_1787777822998_nxy8,BOM-DEL,EaseMyTrip,AI,AI-2915,2026-09-10,T+15,11126,2442,13568,2026-08-26T00:57:18.728Z,TRUE,"High outlier: ₹13568 > upper fence ₹11547 (Q3: ₹8556, IQR: ₹1994)",15:30,FALSE
fare_BOM-DEL_AI_2026-09-10_T+15_1787777822998_sao9,BOM-DEL,EaseMyTrip,AI,AI-2847,2026-09-10,T+15,11214,2461,13675,2026-08-26T00:57:18.728Z,TRUE,"High outlier: ₹13675 > upper fence ₹11547 (Q3: ₹8556, IQR: ₹1994)",10:00,FALSE
fare_BOM-DEL_AI_2026-09-10_T+15_1787777822998_ny0p,BOM-DEL,EaseMyTrip,AI,AI-2503,2026-09-10,T+15,11399,2502,13901,2026-08-26T00:57:18.728Z,TRUE,"High outlier: ₹13901 > upper fence ₹11547 (Q3: ₹8556, IQR: ₹1994)",12:55,FALSE
fare_BOM-DEL_6E_2026-09-10_T+15_1787777822998_4b4b,BOM-DEL,EaseMyTrip,6E,6E-6027,2026-09-10,T+15,11309,2483,13792,2026-08-26T00:57:18.728Z,TRUE,"High outlier: ₹13792 > upper fence ₹11547 (Q3: ₹8556, IQR: ₹1994)",17:35,FALSE
fare_BOM-DEL_IX_2026-09-10_T+15_1787777822998_xkfk,BOM-DEL,EaseMyTrip,IX,IX-1163,2026-09-10,T+15,12102,2657,14759,2026-08-26T00:57:18.728Z,TRUE,"High outlier: ₹14759 > upper fence ₹11547 (Q3: ₹8556, IQR: ₹1994)",20:45,FALSE
fare_BOM-DEL_AI_2026-09-10_T+15_1787777822998_dhj7,BOM-DEL,EaseMyTrip,AI,AI-9558,2026-09-10,T+15,12071,2650,14721,2026-08-26T00:57:18.728Z,TRUE,"High outlier: ₹14721 > upper fence ₹11547 (Q3: ₹8556, IQR: ₹1994)",07:30,FALSE
fare_BOM-DEL_6E_2026-09-10_T+15_1787777822998_3h5u,BOM-DEL,EaseMyTrip,6E,6E-396,2026-09-10,T+15,12053,2646,14699,2026-08-26T00:57:18.728Z,TRUE,"High outlier: ₹14699 > upper fence ₹11547 (Q3: ₹8556, IQR: ₹1994)",12:40,FALSE
fare_BOM-DEL_6E_2026-09-10_T+15_1787777822998_jwh3,BOM-DEL,EaseMyTrip,6E,6E-248,2026-09-10,T+15,12053,2646,14699,2026-08-26T00:57:18.728Z,TRUE,"High outlier: ₹14699 > upper fence ₹11547 (Q3: ₹8556, IQR: ₹1994)",12:40,FALSE
fare_BOM-DEL_AI_2026-09-10_T+15_1787777822998_ti0v,BOM-DEL,EaseMyTrip,AI,AI-603,2026-09-10,T+15,12591,2764,15355,2026-08-26T00:57:18.728Z,TRUE,"High outlier: ₹15355 > upper fence ₹11547 (Q3: ₹8556, IQR: ₹1994)",05:10,FALSE
fare_BOM-DEL_AI_2026-09-10_T+15_1787777822998_7vge,BOM-DEL,EaseMyTrip,AI,AI-2785,2026-09-10,T+15,12656,2778,15434,2026-08-26T00:57:18.728Z,TRUE,"High outlier: ₹15434 > upper fence ₹11547 (Q3: ₹8556, IQR: ₹1994)",06:40,FALSE
fare_BOM-DEL_6E_2026-09-10_T+15_1787777822998_vz59,BOM-DEL,EaseMyTrip,6E,6E-935,2026-09-10,T+15,12546,2754,15300,2026-08-26T00:57:18.728Z,TRUE,"High outlier: ₹15300 > upper fence ₹11547 (Q3: ₹8556, IQR: ₹1994)",11:20,FALSE
fare_BOM-DEL_6E_2026-09-10_T+15_1787777822998_ecz4,BOM-DEL,EaseMyTrip,6E,6E-675,2026-09-10,T+15,12546,2754,15300,2026-08-26T00:57:18.728Z,TRUE,"High outlier: ₹15300 > upper fence ₹11547 (Q3: ₹8556, IQR: ₹1994)",11:20,FALSE
fare_BOM-DEL_IX_2026-09-10_T+15_1787777822998_rmuw,BOM-DEL,EaseMyTrip,IX,IX-1283,2026-09-10,T+15,12891,2830,15721,2026-08-26T00:57:18.728Z,TRUE,"High outlier: ₹15721 > upper fence ₹11547 (Q3: ₹8556, IQR: ₹1994)",09:05,FALSE
fare_BOM-DEL_6E_2026-09-10_T+15_1787777822998_nzr7,BOM-DEL,EaseMyTrip,6E,6E-637,2026-09-10,T+15,12721,2793,15514,2026-08-26T00:57:18.728Z,TRUE,"High outlier: ₹15514 > upper fence ₹11547 (Q3: ₹8556, IQR: ₹1994)",14:40,FALSE
fare_BOM-DEL_6E_2026-09-10_T+15_1787777822998_2voa,BOM-DEL,EaseMyTrip,6E,6E-721,2026-09-10,T+15,12721,2793,15514,2026-08-26T00:57:18.728Z,TRUE,"High outlier: ₹15514 > upper fence ₹11547 (Q3: ₹8556, IQR: ₹1994)",14:40,FALSE
fare_BOM-DEL_AI_2026-09-10_T+15_1787777822998_v9vi,BOM-DEL,EaseMyTrip,AI,AI-2730,2026-09-10,T+15,13136,2884,16020,2026-08-26T00:57:18.728Z,TRUE,"High outlier: ₹16020 > upper fence ₹11547 (Q3: ₹8556, IQR: ₹1994)",16:00,FALSE
fare_BOM-DEL_AI_2026-09-10_T+15_1787777822998_m3be,BOM-DEL,EaseMyTrip,AI,AI-2659,2026-09-10,T+15,13311,2922,16233,2026-08-26T00:57:18.728Z,TRUE,"High outlier: ₹16233 > upper fence ₹11547 (Q3: ₹8556, IQR: ₹1994)",14:35,FALSE
fare_BOM-DEL_AI_2026-09-10_T+15_1787777822998_lamj,BOM-DEL,EaseMyTrip,AI,AI-9533,2026-09-10,T+15,13478,2958,16436,2026-08-26T00:57:18.728Z,TRUE,"High outlier: ₹16436 > upper fence ₹11547 (Q3: ₹8556, IQR: ₹1994)",16:30,FALSE
fare_BOM-DEL_AI_2026-09-10_T+15_1787777822998_egix,BOM-DEL,EaseMyTrip,AI,AI-2753,2026-09-10,T+15,13595,2984,16579,2026-08-26T00:57:18.728Z,TRUE,"High outlier: ₹16579 > upper fence ₹11547 (Q3: ₹8556, IQR: ₹1994)",13:50,FALSE
fare_BOM-DEL_AI_2026-09-10_T+15_1787777822998_g7ag,BOM-DEL,EaseMyTrip,AI,AI-2741,2026-09-10,T+15,13953,3063,17016,2026-08-26T00:57:18.728Z,TRUE,"High outlier: ₹17016 > upper fence ₹11547 (Q3: ₹8556, IQR: ₹1994)",07:40,FALSE
fare_BOM-DEL_AI_2026-09-10_T+15_1787777822998_qdtg,BOM-DEL,EaseMyTrip,AI,AI-2749,2026-09-10,T+15,14173,3111,17284,2026-08-26T00:57:18.728Z,TRUE,"High outlier: ₹17284 > upper fence ₹11547 (Q3: ₹8556, IQR: ₹1994)",17:35,FALSE
fare_BOM-DEL_AI_2026-09-10_T+15_1787777822998_elcs,BOM-DEL,EaseMyTrip,AI,AI-2728,2026-09-10,T+15,14523,3188,17711,2026-08-26T00:57:18.728Z,TRUE,"High outlier: ₹17711 > upper fence ₹11547 (Q3: ₹8556, IQR: ₹1994)",05:20,FALSE
fare_BOM-DEL_AI_2026-09-10_T+15_1787777822998_lp3a,BOM-DEL,EaseMyTrip,AI,AI-2444,2026-09-10,T+15,14603,3206,17809,2026-08-26T00:57:18.728Z,TRUE,"High outlier: ₹17809 > upper fence ₹11547 (Q3: ₹8556, IQR: ₹1994)",10:50,FALSE
fare_BOM-DEL_AI_2026-09-10_T+15_1787777822998_yx1b,BOM-DEL,EaseMyTrip,AI,AI-2531,2026-09-10,T+15,14755,3239,17994,2026-08-26T00:57:18.728Z,TRUE,"High outlier: ₹17994 > upper fence ₹11547 (Q3: ₹8556, IQR: ₹1994)",15:05,FALSE
fare_BOM-DEL_AI_2026-09-10_T+15_1787777822998_yuij,BOM-DEL,EaseMyTrip,AI,AI-2625,2026-09-10,T+15,14755,3239,17994,2026-08-26T00:57:18.728Z,TRUE,"High outlier: ₹17994 > upper fence ₹11547 (Q3: ₹8556, IQR: ₹1994)",06:00,FALSE
fare_BOM-DEL_IX_2026-09-10_T+15_1787777822998_5qze,BOM-DEL,EaseMyTrip,IX,IX-1238,2026-09-10,T+15,16754,3678,20432,2026-08-26T00:57:18.728Z,TRUE,"High outlier: ₹20432 > upper fence ₹11547 (Q3: ₹8556, IQR: ₹1994)",12:25,FALSE
fare_BOM-DEL_AI_2026-09-10_T+15_1787777822998_73ag,BOM-DEL,EaseMyTrip,AI,AI-2579,2026-09-10,T+15,23058,5062,28120,2026-08-26T00:57:18.728Z,TRUE,"High outlier: ₹28120 > upper fence ₹11547 (Q3: ₹8556, IQR: ₹1994)",10:35,FALSE
fare_BOM-DEL_AI_2026-09-10_T+15_1787777822998_g998,BOM-DEL,EaseMyTrip,AI,AI-2781,2026-09-10,T+15,24252,5324,29576,2026-08-26T00:57:18.728Z,TRUE,"High outlier: ₹29576 > upper fence ₹11547 (Q3: ₹8556, IQR: ₹1994)",10:50,FALSE
fare_BOM-DEL_6E_2026-09-25_T+30_1787777822999_q2su,BOM-DEL,EaseMyTrip,6E,6E-5095,2026-09-25,T+30,5014,1101,6115,2026-08-26T00:57:24.533Z,FALSE,"",09:20,TRUE
fare_BOM-DEL_SG_2026-09-25_T+30_1787777822999_8nis,BOM-DEL,EaseMyTrip,SG,SG-719,2026-09-25,T+30,5231,1148,6379,2026-08-26T00:57:24.533Z,FALSE,"",01:50,TRUE
fare_BOM-DEL_SG_2026-09-25_T+30_1787777822999_fp3r,BOM-DEL,EaseMyTrip,SG,SG-407,2026-09-25,T+30,5231,1148,6379,2026-08-26T00:57:24.533Z,FALSE,"",01:50,TRUE
fare_BOM-DEL_SG_2026-09-25_T+30_1787777822999_iew8,BOM-DEL,EaseMyTrip,SG,SG-219,2026-09-25,T+30,5231,1148,6379,2026-08-26T00:57:24.533Z,FALSE,"",22:30,TRUE
fare_BOM-DEL_SG_2026-09-25_T+30_1787777822999_bhif,BOM-DEL,EaseMyTrip,SG,SG-590,2026-09-25,T+30,5231,1148,6379,2026-08-26T00:57:24.533Z,FALSE,"",22:30,TRUE
fare_BOM-DEL_SG_2026-09-25_T+30_1787777822999_hhqg,BOM-DEL,EaseMyTrip,SG,SG-831,2026-09-25,T+30,5231,1148,6379,2026-08-26T00:57:24.533Z,FALSE,"",23:25,TRUE
fare_BOM-DEL_SG_2026-09-25_T+30_1787777822999_ellr,BOM-DEL,EaseMyTrip,SG,SG-257,2026-09-25,T+30,5231,1148,6379,2026-08-26T00:57:24.533Z,FALSE,"",23:25,TRUE
fare_BOM-DEL_IX_2026-09-25_T+30_1787777822999_gdus,BOM-DEL,EaseMyTrip,IX,IX-1050,2026-09-25,T+30,5380,1181,6561,2026-08-26T00:57:24.533Z,FALSE,"",08:55,TRUE
fare_BOM-DEL_IX_2026-09-25_T+30_1787777822999_li1c,BOM-DEL,EaseMyTrip,IX,IX-1787,2026-09-25,T+30,5595,1228,6823,2026-08-26T00:57:24.533Z,FALSE,"",13:10,FALSE
fare_BOM-DEL_SG_2026-09-25_T+30_1787777822999_3umi,BOM-DEL,EaseMyTrip,SG,SG-765,2026-09-25,T+30,5502,1208,6710,2026-08-26T00:57:24.533Z,FALSE,"",17:55,TRUE
fare_BOM-DEL_SG_2026-09-25_T+30_1787777822999_7z9l,BOM-DEL,EaseMyTrip,SG,SG-266,2026-09-25,T+30,5502,1208,6710,2026-08-26T00:57:24.533Z,FALSE,"",17:55,TRUE
fare_BOM-DEL_SG_2026-09-25_T+30_1787777822999_hdw5,BOM-DEL,EaseMyTrip,SG,SG-689,2026-09-25,T+30,5502,1208,6710,2026-08-26T00:57:24.533Z,FALSE,"",23:55,TRUE
fare_BOM-DEL_SG_2026-09-25_T+30_1787777822999_3adx,BOM-DEL,EaseMyTrip,SG,SG-226,2026-09-25,T+30,5502,1208,6710,2026-08-26T00:57:24.533Z,FALSE,"",23:55,TRUE
fare_BOM-DEL_QP_2026-09-25_T+30_1787777822999_iq9h,BOM-DEL,EaseMyTrip,QP,QP-1109,2026-09-25,T+30,5381,1181,6562,2026-08-26T00:57:24.533Z,FALSE,"",07:00,TRUE
fare_BOM-DEL_QP_2026-09-25_T+30_1787777822999_s8wx,BOM-DEL,EaseMyTrip,QP,QP-1127,2026-09-25,T+30,5381,1181,6562,2026-08-26T00:57:24.533Z,FALSE,"",13:00,TRUE
fare_BOM-DEL_QP_2026-09-25_T+30_1787777822999_19j2,BOM-DEL,EaseMyTrip,QP,QP-1819,2026-09-25,T+30,5381,1181,6562,2026-08-26T00:57:24.533Z,FALSE,"",14:30,TRUE
fare_BOM-DEL_QP_2026-09-25_T+30_1787777822999_yd3e,BOM-DEL,EaseMyTrip,QP,QP-1834,2026-09-25,T+30,5381,1181,6562,2026-08-26T00:57:24.533Z,FALSE,"",10:20,TRUE
fare_BOM-DEL_QP_2026-09-25_T+30_1787777822999_rtxq,BOM-DEL,EaseMyTrip,QP,QP-1825,2026-09-25,T+30,5381,1181,6562,2026-08-26T00:57:24.533Z,FALSE,"",16:50,TRUE
fare_BOM-DEL_QP_2026-09-25_T+30_1787777822999_z12m,BOM-DEL,EaseMyTrip,QP,QP-1111,2026-09-25,T+30,5381,1181,6562,2026-08-26T00:57:24.533Z,FALSE,"",05:10,TRUE
fare_BOM-DEL_QP_2026-09-25_T+30_1787777822999_4ypq,BOM-DEL,EaseMyTrip,QP,QP-1835,2026-09-25,T+30,5381,1181,6562,2026-08-26T00:57:24.533Z,FALSE,"",11:50,TRUE
fare_BOM-DEL_6E_2026-09-25_T+30_1787777822999_ll0d,BOM-DEL,EaseMyTrip,6E,6E-649,2026-09-25,T+30,5381,1181,6562,2026-08-26T00:57:24.533Z,FALSE,"",16:00,TRUE
fare_BOM-DEL_6E_2026-09-25_T+30_1787777822999_yk5d,BOM-DEL,EaseMyTrip,6E,6E-361,2026-09-25,T+30,5381,1181,6562,2026-08-26T00:57:24.533Z,FALSE,"",16:00,TRUE
fare_BOM-DEL_6E_2026-09-25_T+30_1787777822999_5vvk,BOM-DEL,EaseMyTrip,6E,6E-6704,2026-09-25,T+30,5381,1181,6562,2026-08-26T00:57:24.533Z,FALSE,"",14:00,TRUE
fare_BOM-DEL_6E_2026-09-25_T+30_1787777822999_xkn6,BOM-DEL,EaseMyTrip,6E,6E-6028,2026-09-25,T+30,5381,1181,6562,2026-08-26T00:57:24.533Z,FALSE,"",12:15,TRUE
fare_BOM-DEL_6E_2026-09-25_T+30_1787777822999_x4iw,BOM-DEL,EaseMyTrip,6E,6E-420,2026-09-25,T+30,5381,1181,6562,2026-08-26T00:57:24.533Z,FALSE,"",13:00,TRUE
fare_BOM-DEL_6E_2026-09-25_T+30_1787777822999_7b6b,BOM-DEL,EaseMyTrip,6E,6E-737,2026-09-25,T+30,5381,1181,6562,2026-08-26T00:57:24.533Z,FALSE,"",13:00,TRUE
fare_BOM-DEL_6E_2026-09-25_T+30_1787777822999_3c0c,BOM-DEL,EaseMyTrip,6E,6E-6052,2026-09-25,T+30,5381,1181,6562,2026-08-26T00:57:24.533Z,FALSE,"",10:00,TRUE
fare_BOM-DEL_6E_2026-09-25_T+30_1787777822999_yjsd,BOM-DEL,EaseMyTrip,6E,6E-417,2026-09-25,T+30,5381,1181,6562,2026-08-26T00:57:24.533Z,FALSE,"",10:35,TRUE
fare_BOM-DEL_6E_2026-09-25_T+30_1787777822999_9thc,BOM-DEL,EaseMyTrip,6E,6E-363,2026-09-25,T+30,5381,1181,6562,2026-08-26T00:57:24.533Z,FALSE,"",10:35,TRUE
fare_BOM-DEL_QP_2026-09-25_T+30_1787777822999_aaoi,BOM-DEL,EaseMyTrip,QP,QP-1939,2026-09-25,T+30,5423,1191,6614,2026-08-26T00:57:24.533Z,FALSE,"",10:10,TRUE
fare_BOM-DEL_IX_2026-09-25_T+30_1787777822999_1wap,BOM-DEL,EaseMyTrip,IX,IX-1671,2026-09-25,T+30,5682,1247,6929,2026-08-26T00:57:24.533Z,FALSE,"",16:45,TRUE
fare_BOM-DEL_6E_2026-09-25_T+30_1787777822999_d3bm,BOM-DEL,EaseMyTrip,6E,6E-874,2026-09-25,T+30,5510,1210,6720,2026-08-26T00:57:24.533Z,FALSE,"",23:45,TRUE
fare_BOM-DEL_6E_2026-09-25_T+30_1787777822999_xhlp,BOM-DEL,EaseMyTrip,6E,6E-921,2026-09-25,T+30,5510,1210,6720,2026-08-26T00:57:24.533Z,FALSE,"",23:45,TRUE
fare_BOM-DEL_6E_2026-09-25_T+30_1787777822999_p80u,BOM-DEL,EaseMyTrip,6E,6E-6082,2026-09-25,T+30,5510,1210,6720,2026-08-26T00:57:24.533Z,FALSE,"",16:45,TRUE
fare_BOM-DEL_6E_2026-09-25_T+30_1787777822999_uig2,BOM-DEL,EaseMyTrip,6E,6E-673,2026-09-25,T+30,5510,1210,6720,2026-08-26T00:57:24.533Z,FALSE,"",06:00,TRUE
fare_BOM-DEL_6E_2026-09-25_T+30_1787777822999_pzxw,BOM-DEL,EaseMyTrip,6E,6E-296,2026-09-25,T+30,5510,1210,6720,2026-08-26T00:57:24.533Z,FALSE,"",06:00,TRUE
fare_BOM-DEL_6E_2026-09-25_T+30_1787777822999_jfo0,BOM-DEL,EaseMyTrip,6E,6E-186,2026-09-25,T+30,5510,1210,6720,2026-08-26T00:57:24.533Z,FALSE,"",09:00,TRUE
fare_BOM-DEL_6E_2026-09-25_T+30_1787777822999_v0po,BOM-DEL,EaseMyTrip,6E,6E-376,2026-09-25,T+30,5510,1210,6720,2026-08-26T00:57:24.533Z,FALSE,"",09:00,TRUE
fare_BOM-DEL_IX_2026-09-25_T+30_1787777822999_s5n2,BOM-DEL,EaseMyTrip,IX,IX-1026,2026-09-25,T+30,5930,1302,7232,2026-08-26T00:57:24.533Z,FALSE,"",05:45,FALSE
fare_BOM-DEL_IX_2026-09-25_T+30_1787777822999_vfj8,BOM-DEL,EaseMyTrip,IX,IX-1364,2026-09-25,T+30,5769,1266,7035,2026-08-26T00:57:24.533Z,FALSE,"",21:55,TRUE
fare_BOM-DEL_6E_2026-09-25_T+30_1787777822999_z3yg,BOM-DEL,EaseMyTrip,6E,6E-2090,2026-09-25,T+30,5552,1219,6771,2026-08-26T00:57:24.533Z,FALSE,"",06:25,TRUE
fare_BOM-DEL_QP_2026-09-25_T+30_1787777822999_1tx5,BOM-DEL,EaseMyTrip,QP,QP-2071,2026-09-25,T+30,5560,1221,6781,2026-08-26T00:57:24.533Z,FALSE,"",06:05,TRUE
fare_BOM-DEL_QP_2026-09-25_T+30_1787777822999_qtc5,BOM-DEL,EaseMyTrip,QP,QP-1120,2026-09-25,T+30,5578,1224,6802,2026-08-26T00:57:24.533Z,FALSE,"",18:45,TRUE
fare_BOM-DEL_AI_2026-09-25_T+30_1787777822999_v59i,BOM-DEL,EaseMyTrip,AI,AI-2928,2026-09-25,T+30,5766,1266,7032,2026-08-26T00:57:24.533Z,FALSE,"",06:30,TRUE
fare_BOM-DEL_AI_2026-09-25_T+30_1787777822999_e76x,BOM-DEL,EaseMyTrip,AI,AI-2677,2026-09-25,T+30,5766,1266,7032,2026-08-26T00:57:24.533Z,FALSE,"",13:00,TRUE
fare_BOM-DEL_AI_2026-09-25_T+30_1787777822999_qsts,BOM-DEL,EaseMyTrip,AI,AI-2422,2026-09-25,T+30,5766,1266,7032,2026-08-26T00:57:24.533Z,FALSE,"",01:00,TRUE
fare_BOM-DEL_AI_2026-09-25_T+30_1787777822999_eyvs,BOM-DEL,EaseMyTrip,AI,AI-2419,2026-09-25,T+30,5766,1266,7032,2026-08-26T00:57:24.533Z,FALSE,"",12:00,TRUE
fare_BOM-DEL_AI_2026-09-25_T+30_1787777822999_lzn6,BOM-DEL,EaseMyTrip,AI,AI-1851,2026-09-25,T+30,5766,1266,7032,2026-08-26T00:57:24.533Z,FALSE,"",15:30,TRUE
fare_BOM-DEL_AI_2026-09-25_T+30_1787777822999_xpn7,BOM-DEL,EaseMyTrip,AI,AI-1882,2026-09-25,T+30,5766,1266,7032,2026-08-26T00:57:24.533Z,FALSE,"",23:55,TRUE
fare_BOM-DEL_SG_2026-09-25_T+30_1787777822999_phgt,BOM-DEL,EaseMyTrip,SG,SG-932,2026-09-25,T+30,5785,1270,7055,2026-08-26T00:57:24.533Z,FALSE,"",06:25,TRUE
fare_BOM-DEL_SG_2026-09-25_T+30_1787777822999_jen0,BOM-DEL,EaseMyTrip,SG,SG-405,2026-09-25,T+30,5785,1270,7055,2026-08-26T00:57:24.533Z,FALSE,"",06:25,TRUE
fare_BOM-DEL_SG_2026-09-25_T+30_1787777822999_lifp,BOM-DEL,EaseMyTrip,SG,SG-398,2026-09-25,T+30,5785,1270,7055,2026-08-26T00:57:24.533Z,FALSE,"",15:55,TRUE
fare_BOM-DEL_SG_2026-09-25_T+30_1787777822999_ho7c,BOM-DEL,EaseMyTrip,SG,SG-500,2026-09-25,T+30,5785,1270,7055,2026-08-26T00:57:24.533Z,FALSE,"",15:55,TRUE
fare_BOM-DEL_6E_2026-09-25_T+30_1787777822999_sjxp,BOM-DEL,EaseMyTrip,6E,6E-472,2026-09-25,T+30,5683,1247,6930,2026-08-26T00:57:24.533Z,FALSE,"",22:15,TRUE
fare_BOM-DEL_6E_2026-09-25_T+30_1787777822999_9c9t,BOM-DEL,EaseMyTrip,6E,6E-586,2026-09-25,T+30,5683,1247,6930,2026-08-26T00:57:24.533Z,FALSE,"",17:20,TRUE
fare_BOM-DEL_6E_2026-09-25_T+30_1787777822999_gebk,BOM-DEL,EaseMyTrip,6E,6E-146,2026-09-25,T+30,5683,1247,6930,2026-08-26T00:57:24.533Z,FALSE,"",17:20,TRUE
fare_BOM-DEL_6E_2026-09-25_T+30_1787777822999_frni,BOM-DEL,EaseMyTrip,6E,6E-927,2026-09-25,T+30,5683,1247,6930,2026-08-26T00:57:24.533Z,FALSE,"",15:00,TRUE
fare_BOM-DEL_6E_2026-09-25_T+30_1787777822999_iuhf,BOM-DEL,EaseMyTrip,6E,6E-662,2026-09-25,T+30,5683,1247,6930,2026-08-26T00:57:24.533Z,FALSE,"",15:00,TRUE
fare_BOM-DEL_6E_2026-09-25_T+30_1787777822999_g3s8,BOM-DEL,EaseMyTrip,6E,6E-566,2026-09-25,T+30,5683,1247,6930,2026-08-26T00:57:24.533Z,FALSE,"",07:00,TRUE
fare_BOM-DEL_6E_2026-09-25_T+30_1787777822999_01k7,BOM-DEL,EaseMyTrip,6E,6E-743,2026-09-25,T+30,5683,1247,6930,2026-08-26T00:57:24.533Z,FALSE,"",07:00,TRUE
fare_BOM-DEL_6E_2026-09-25_T+30_1787777822999_e2k0,BOM-DEL,EaseMyTrip,6E,6E-677,2026-09-25,T+30,5683,1247,6930,2026-08-26T00:57:24.533Z,FALSE,"",08:00,TRUE
fare_BOM-DEL_6E_2026-09-25_T+30_1787777822999_hk9d,BOM-DEL,EaseMyTrip,6E,6E-365,2026-09-25,T+30,5683,1247,6930,2026-08-26T00:57:24.533Z,FALSE,"",08:00,TRUE
fare_BOM-DEL_6E_2026-09-25_T+30_1787777822999_qe2d,BOM-DEL,EaseMyTrip,6E,6E-6827,2026-09-25,T+30,5683,1247,6930,2026-08-26T00:57:24.533Z,FALSE,"",11:30,TRUE
fare_BOM-DEL_6E_2026-09-25_T+30_1787777822999_iz56,BOM-DEL,EaseMyTrip,6E,6E-970,2026-09-25,T+30,5724,1257,6981,2026-08-26T00:57:24.533Z,FALSE,"",17:20,TRUE
fare_BOM-DEL_6E_2026-09-25_T+30_1787777822999_j03r,BOM-DEL,EaseMyTrip,6E,6E-745,2026-09-25,T+30,5724,1257,6981,2026-08-26T00:57:24.533Z,FALSE,"",17:20,TRUE
fare_BOM-DEL_AI_2026-09-25_T+30_1787777822999_kpou,BOM-DEL,EaseMyTrip,AI,AI-2424,2026-09-25,T+30,5897,1294,7191,2026-08-26T00:57:24.533Z,FALSE,"",07:00,TRUE
fare_BOM-DEL_AI_2026-09-25_T+30_1787777822999_x0q3,BOM-DEL,EaseMyTrip,AI,AI-2930,2026-09-25,T+30,5897,1294,7191,2026-08-26T00:57:24.533Z,FALSE,"",07:30,TRUE
fare_BOM-DEL_AI_2026-09-25_T+30_1787777822999_c1p9,BOM-DEL,EaseMyTrip,AI,AI-2428,2026-09-25,T+30,5897,1294,7191,2026-08-26T00:57:24.533Z,FALSE,"",08:00,TRUE
fare_BOM-DEL_AI_2026-09-25_T+30_1787777822999_c67n,BOM-DEL,EaseMyTrip,AI,AI-2970,2026-09-25,T+30,5897,1294,7191,2026-08-26T00:57:24.533Z,FALSE,"",08:30,TRUE
fare_BOM-DEL_AI_2026-09-25_T+30_1787777822999_wox9,BOM-DEL,EaseMyTrip,AI,AI-2952,2026-09-25,T+30,5897,1294,7191,2026-08-26T00:57:24.533Z,FALSE,"",11:25,TRUE
fare_BOM-DEL_AI_2026-09-25_T+30_1787777822999_eun4,BOM-DEL,EaseMyTrip,AI,AI-2944,2026-09-25,T+30,5897,1294,7191,2026-08-26T00:57:24.533Z,FALSE,"",14:35,TRUE
fare_BOM-DEL_AI_2026-09-25_T+30_1787777822999_2b5o,BOM-DEL,EaseMyTrip,AI,AI-2442,2026-09-25,T+30,5897,1294,7191,2026-08-26T00:57:24.533Z,FALSE,"",15:00,TRUE
fare_BOM-DEL_AI_2026-09-25_T+30_1787777822999_rs10,BOM-DEL,EaseMyTrip,AI,AI-2687,2026-09-25,T+30,5897,1294,7191,2026-08-26T00:57:24.533Z,FALSE,"",11:30,TRUE
fare_BOM-DEL_6E_2026-09-25_T+30_1787777822999_ilg3,BOM-DEL,EaseMyTrip,6E,6E-2237,2026-09-25,T+30,5739,1260,6999,2026-08-26T00:57:24.533Z,FALSE,"",18:40,FALSE
fare_BOM-DEL_6E_2026-09-25_T+30_1787777822999_hjzn,BOM-DEL,EaseMyTrip,6E,6E-5059,2026-09-25,T+30,5739,1260,6999,2026-08-26T00:57:24.533Z,FALSE,"",05:45,FALSE
fare_BOM-DEL_6E_2026-09-25_T+30_1787777822999_rm7t,BOM-DEL,EaseMyTrip,6E,6E-192,2026-09-25,T+30,5739,1260,6999,2026-08-26T00:57:24.533Z,FALSE,"",14:40,FALSE
fare_BOM-DEL_6E_2026-09-25_T+30_1787777822999_188z,BOM-DEL,EaseMyTrip,6E,6E-598,2026-09-25,T+30,5739,1260,6999,2026-08-26T00:57:24.533Z,FALSE,"",14:40,FALSE
fare_BOM-DEL_6E_2026-09-25_T+30_1787777822999_wgaq,BOM-DEL,EaseMyTrip,6E,6E-910,2026-09-25,T+30,5739,1260,6999,2026-08-26T00:57:24.533Z,FALSE,"",01:30,FALSE
fare_BOM-DEL_6E_2026-09-25_T+30_1787777822999_8zys,BOM-DEL,EaseMyTrip,6E,6E-894,2026-09-25,T+30,5739,1260,6999,2026-08-26T00:57:24.533Z,FALSE,"",01:30,FALSE
fare_BOM-DEL_6E_2026-09-25_T+30_1787777822999_gyyj,BOM-DEL,EaseMyTrip,6E,6E-919,2026-09-25,T+30,5739,1260,6999,2026-08-26T00:57:24.533Z,FALSE,"",04:00,FALSE
fare_BOM-DEL_6E_2026-09-25_T+30_1787777822999_d992,BOM-DEL,EaseMyTrip,6E,6E-962,2026-09-25,T+30,5739,1260,6999,2026-08-26T00:57:24.533Z,FALSE,"",04:00,FALSE
fare_BOM-DEL_6E_2026-09-25_T+30_1787777822999_x2lh,BOM-DEL,EaseMyTrip,6E,6E-2347,2026-09-25,T+30,5739,1260,6999,2026-08-26T00:57:24.533Z,FALSE,"",08:50,FALSE
fare_BOM-DEL_6E_2026-09-25_T+30_1787777822999_4lqe,BOM-DEL,EaseMyTrip,6E,6E-5107,2026-09-25,T+30,5739,1260,6999,2026-08-26T00:57:24.533Z,FALSE,"",20:00,FALSE
fare_BOM-DEL_6E_2026-09-25_T+30_1787777822999_ky07,BOM-DEL,EaseMyTrip,6E,6E-5201,2026-09-25,T+30,5739,1260,6999,2026-08-26T00:57:24.533Z,FALSE,"",14:55,FALSE
fare_BOM-DEL_6E_2026-09-25_T+30_1787777822999_oncb,BOM-DEL,EaseMyTrip,6E,6E-6599,2026-09-25,T+30,5847,1283,7130,2026-08-26T00:57:24.533Z,FALSE,"",16:50,FALSE
fare_BOM-DEL_6E_2026-09-25_T+30_1787777822999_mnei,BOM-DEL,EaseMyTrip,6E,6E-5147,2026-09-25,T+30,5847,1283,7130,2026-08-26T00:57:24.533Z,FALSE,"",18:35,FALSE
fare_BOM-DEL_6E_2026-09-25_T+30_1787777822999_yyrr,BOM-DEL,EaseMyTrip,6E,6E-5164,2026-09-25,T+30,5847,1283,7130,2026-08-26T00:57:24.533Z,FALSE,"",20:20,FALSE
fare_BOM-DEL_6E_2026-09-25_T+30_1787777822999_98ab,BOM-DEL,EaseMyTrip,6E,6E-5131,2026-09-25,T+30,5847,1283,7130,2026-08-26T00:57:24.533Z,FALSE,"",15:50,FALSE
fare_BOM-DEL_6E_2026-09-25_T+30_1787777822999_lclu,BOM-DEL,EaseMyTrip,6E,6E-6802,2026-09-25,T+30,5847,1283,7130,2026-08-26T00:57:24.533Z,FALSE,"",16:55,FALSE
fare_BOM-DEL_6E_2026-09-25_T+30_1787777822999_t2sy,BOM-DEL,EaseMyTrip,6E,6E-5273,2026-09-25,T+30,5847,1283,7130,2026-08-26T00:57:24.533Z,FALSE,"",18:35,FALSE
fare_BOM-DEL_6E_2026-09-25_T+30_1787777822999_6brg,BOM-DEL,EaseMyTrip,6E,6E-6122,2026-09-25,T+30,5847,1283,7130,2026-08-26T00:57:24.533Z,FALSE,"",12:25,FALSE
fare_BOM-DEL_6E_2026-09-25_T+30_1787777822999_nmjb,BOM-DEL,EaseMyTrip,6E,6E-5345,2026-09-25,T+30,5847,1283,7130,2026-08-26T00:57:24.533Z,FALSE,"",14:25,FALSE
fare_BOM-DEL_6E_2026-09-25_T+30_1787777822999_ypzq,BOM-DEL,EaseMyTrip,6E,6E-5135,2026-09-25,T+30,5888,1293,7181,2026-08-26T00:57:24.533Z,FALSE,"",23:20,FALSE
fare_BOM-DEL_6E_2026-09-25_T+30_1787777822999_gza5,BOM-DEL,EaseMyTrip,6E,6E-6049,2026-09-25,T+30,5897,1295,7192,2026-08-26T00:57:24.533Z,FALSE,"",19:45,TRUE
fare_BOM-DEL_6E_2026-09-25_T+30_1787777822999_e355,BOM-DEL,EaseMyTrip,6E,6E-107,2026-09-25,T+30,5897,1295,7192,2026-08-26T00:57:24.533Z,FALSE,"",19:00,TRUE
fare_BOM-DEL_6E_2026-09-25_T+30_1787777822999_d46s,BOM-DEL,EaseMyTrip,6E,6E-204,2026-09-25,T+30,5897,1295,7192,2026-08-26T00:57:24.533Z,FALSE,"",19:00,TRUE
fare_BOM-DEL_6E_2026-09-25_T+30_1787777822999_nyux,BOM-DEL,EaseMyTrip,6E,6E-6613,2026-09-25,T+30,5897,1295,7192,2026-08-26T00:57:24.533Z,FALSE,"",18:15,TRUE
fare_BOM-DEL_AI_2026-09-25_T+30_1787777822999_upyt,BOM-DEL,EaseMyTrip,AI,AI-1895,2026-09-25,T+30,6069,1332,7401,2026-08-26T00:57:24.533Z,FALSE,"",21:30,TRUE
fare_BOM-DEL_AI_2026-09-25_T+30_1787777822999_6thj,BOM-DEL,EaseMyTrip,AI,AI-2452,2026-09-25,T+30,6069,1332,7401,2026-08-26T00:57:24.533Z,FALSE,"",03:05,TRUE
fare_BOM-DEL_AI_2026-09-25_T+30_1787777822999_4hc1,BOM-DEL,EaseMyTrip,AI,AI-2430,2026-09-25,T+30,6069,1332,7401,2026-08-26T00:57:24.533Z,FALSE,"",10:00,TRUE
fare_BOM-DEL_6E_2026-09-25_T+30_1787777822999_8myf,BOM-DEL,EaseMyTrip,6E,6E-7017,2026-09-25,T+30,5907,1297,7204,2026-08-26T00:57:24.533Z,FALSE,"",21:30,FALSE
fare_BOM-DEL_6E_2026-09-25_T+30_1787777822999_z1fb,BOM-DEL,EaseMyTrip,6E,6E-2138,2026-09-25,T+30,5907,1297,7204,2026-08-26T00:57:24.533Z,FALSE,"",16:20,FALSE
fare_BOM-DEL_6E_2026-09-25_T+30_1787777822999_vfeu,BOM-DEL,EaseMyTrip,6E,6E-5238,2026-09-25,T+30,5907,1297,7204,2026-08-26T00:57:24.533Z,FALSE,"",18:25,FALSE
fare_BOM-DEL_6E_2026-09-25_T+30_1787777822999_1q37,BOM-DEL,EaseMyTrip,6E,6E-5028,2026-09-25,T+30,5911,1298,7209,2026-08-26T00:57:24.533Z,FALSE,"",19:35,FALSE
fare_BOM-DEL_6E_2026-09-25_T+30_1787777822999_uvhf,BOM-DEL,EaseMyTrip,6E,6E-852,2026-09-25,T+30,5911,1298,7209,2026-08-26T00:57:24.533Z,FALSE,"",19:20,FALSE
fare_BOM-DEL_6E_2026-09-25_T+30_1787777822999_lvi2,BOM-DEL,EaseMyTrip,6E,6E-128,2026-09-25,T+30,5911,1298,7209,2026-08-26T00:57:24.533Z,FALSE,"",19:20,FALSE
fare_BOM-DEL_6E_2026-09-25_T+30_1787777822999_85kz,BOM-DEL,EaseMyTrip,6E,6E-863,2026-09-25,T+30,5911,1298,7209,2026-08-26T00:57:24.533Z,FALSE,"",04:30,FALSE
fare_BOM-DEL_6E_2026-09-25_T+30_1787777822999_spcn,BOM-DEL,EaseMyTrip,6E,6E-606,2026-09-25,T+30,5911,1298,7209,2026-08-26T00:57:24.533Z,FALSE,"",04:30,FALSE
fare_BOM-DEL_6E_2026-09-25_T+30_1787777822999_8la7,BOM-DEL,EaseMyTrip,6E,6E-5197,2026-09-25,T+30,5940,1304,7244,2026-08-26T00:57:24.533Z,FALSE,"",06:40,TRUE
fare_BOM-DEL_6E_2026-09-25_T+30_1787777822999_4nbl,BOM-DEL,EaseMyTrip,6E,6E-6543,2026-09-25,T+30,5965,1309,7274,2026-08-26T00:57:24.533Z,FALSE,"",07:50,FALSE
fare_BOM-DEL_6E_2026-09-25_T+30_1787777822999_8vi1,BOM-DEL,EaseMyTrip,6E,6E-5386,2026-09-25,T+30,6019,1321,7340,2026-08-26T00:57:24.533Z,FALSE,"",15:10,FALSE
fare_BOM-DEL_6E_2026-09-25_T+30_1787777822999_hdhm,BOM-DEL,EaseMyTrip,6E,6E-5318,2026-09-25,T+30,6019,1321,7340,2026-08-26T00:57:24.533Z,FALSE,"",10:15,FALSE
fare_BOM-DEL_6E_2026-09-25_T+30_1787777822999_akw1,BOM-DEL,EaseMyTrip,6E,6E-6195,2026-09-25,T+30,6019,1321,7340,2026-08-26T00:57:24.533Z,FALSE,"",23:00,FALSE
fare_BOM-DEL_6E_2026-09-25_T+30_1787777822999_86pr,BOM-DEL,EaseMyTrip,6E,6E-5326,2026-09-25,T+30,6019,1321,7340,2026-08-26T00:57:24.533Z,FALSE,"",19:40,FALSE
fare_BOM-DEL_AI_2026-09-25_T+30_1787777822999_t1mo,BOM-DEL,EaseMyTrip,AI,AI-816,2026-09-25,T+30,6220,1365,7585,2026-08-26T00:57:24.533Z,FALSE,"",21:00,TRUE
fare_BOM-DEL_AI_2026-09-25_T+30_1787777822999_338b,BOM-DEL,EaseMyTrip,AI,AI-2988,2026-09-25,T+30,6220,1365,7585,2026-08-26T00:57:24.533Z,FALSE,"",20:30,TRUE
fare_BOM-DEL_AI_2026-09-25_T+30_1787777822999_nlqx,BOM-DEL,EaseMyTrip,AI,AI-2408,2026-09-25,T+30,6270,1376,7646,2026-08-26T00:57:24.533Z,FALSE,"",19:30,TRUE
fare_BOM-DEL_AI_2026-09-25_T+30_1787777822999_24lq,BOM-DEL,EaseMyTrip,AI,AI-2426,2026-09-25,T+30,6270,1376,7646,2026-08-26T00:57:24.533Z,FALSE,"",19:00,TRUE
fare_BOM-DEL_AI_2026-09-25_T+30_1787777822999_hjpl,BOM-DEL,EaseMyTrip,AI,AI-2432,2026-09-25,T+30,6283,1379,7662,2026-08-26T00:57:24.533Z,FALSE,"",09:30,TRUE
fare_BOM-DEL_AI_2026-09-25_T+30_1787777822999_5h2q,BOM-DEL,EaseMyTrip,AI,AI-2960,2026-09-25,T+30,6283,1379,7662,2026-08-26T00:57:24.533Z,FALSE,"",14:05,TRUE
fare_BOM-DEL_AI_2026-09-25_T+30_1787777822999_ehs9,BOM-DEL,EaseMyTrip,AI,AI-2986,2026-09-25,T+30,6283,1379,7662,2026-08-26T00:57:24.533Z,FALSE,"",22:35,TRUE
fare_BOM-DEL_6E_2026-09-25_T+30_1787777822999_ltcl,BOM-DEL,EaseMyTrip,6E,6E-505,2026-09-25,T+30,6156,1351,7507,2026-08-26T00:57:24.533Z,FALSE,"",05:00,TRUE
fare_BOM-DEL_6E_2026-09-25_T+30_1787777822999_nftm,BOM-DEL,EaseMyTrip,6E,6E-600,2026-09-25,T+30,6156,1351,7507,2026-08-26T00:57:24.533Z,FALSE,"",05:00,TRUE
fare_BOM-DEL_6E_2026-09-25_T+30_1787777822999_cs28,BOM-DEL,EaseMyTrip,6E,6E-255,2026-09-25,T+30,6156,1351,7507,2026-08-26T00:57:24.533Z,FALSE,"",21:15,TRUE
fare_BOM-DEL_6E_2026-09-25_T+30_1787777822999_st3y,BOM-DEL,EaseMyTrip,6E,6E-455,2026-09-25,T+30,6156,1351,7507,2026-08-26T00:57:24.533Z,FALSE,"",21:15,TRUE
fare_BOM-DEL_6E_2026-09-25_T+30_1787777822999_aol8,BOM-DEL,EaseMyTrip,6E,6E-364,2026-09-25,T+30,6156,1351,7507,2026-08-26T00:57:24.533Z,FALSE,"",20:20,TRUE
fare_BOM-DEL_6E_2026-09-25_T+30_1787777822999_6lc7,BOM-DEL,EaseMyTrip,6E,6E-385,2026-09-25,T+30,6156,1351,7507,2026-08-26T00:57:24.533Z,FALSE,"",20:20,TRUE
fare_BOM-DEL_AI_2026-09-25_T+30_1787777822999_b173,BOM-DEL,EaseMyTrip,AI,AI-2940,2026-09-25,T+30,6440,1414,7854,2026-08-26T00:57:24.533Z,FALSE,"",20:00,TRUE
fare_BOM-DEL_6E_2026-09-25_T+30_1787777822999_wyjq,BOM-DEL,EaseMyTrip,6E,6E-6058,2026-09-25,T+30,6305,1384,7689,2026-08-26T00:57:24.533Z,FALSE,"",08:05,FALSE
fare_BOM-DEL_AI_2026-09-25_T+30_1787777822999_guj5,BOM-DEL,EaseMyTrip,AI,AI-2440,2026-09-25,T+30,6493,1425,7918,2026-08-26T00:57:24.533Z,FALSE,"",18:00,TRUE
fare_BOM-DEL_IX_2026-09-25_T+30_1787777822999_nllg,BOM-DEL,EaseMyTrip,IX,IX-1237,2026-09-25,T+30,6857,1505,8362,2026-08-26T00:57:24.533Z,FALSE,"",05:55,FALSE
fare_BOM-DEL_IX_2026-09-25_T+30_1787777822999_ouke,BOM-DEL,EaseMyTrip,IX,IX-2153,2026-09-25,T+30,6646,1459,8105,2026-08-26T00:57:24.533Z,FALSE,"",20:25,TRUE
fare_BOM-DEL_6E_2026-09-25_T+30_1787777822999_inrb,BOM-DEL,EaseMyTrip,6E,6E-5181,2026-09-25,T+30,6808,1494,8302,2026-08-26T00:57:24.533Z,FALSE,"",10:25,FALSE
fare_BOM-DEL_6E_2026-09-25_T+30_1787777822999_8jhr,BOM-DEL,EaseMyTrip,6E,6E-2703,2026-09-25,T+30,6862,1506,8368,2026-08-26T00:57:24.533Z,FALSE,"",10:20,FALSE
fare_BOM-DEL_6E_2026-09-25_T+30_1787777822999_k2ti,BOM-DEL,EaseMyTrip,6E,6E-2024,2026-09-25,T+30,6980,1532,8512,2026-08-26T00:57:24.533Z,FALSE,"",09:15,FALSE
fare_BOM-DEL_6E_2026-09-25_T+30_1787777822999_3imi,BOM-DEL,EaseMyTrip,6E,6E-5144,2026-09-25,T+30,6990,1534,8524,2026-08-26T00:57:24.533Z,FALSE,"",06:10,FALSE
fare_BOM-DEL_IX_2026-09-25_T+30_1787777822999_min5,BOM-DEL,EaseMyTrip,IX,IX-1163,2026-09-25,T+30,7512,1649,9161,2026-08-26T00:57:24.533Z,FALSE,"",20:45,FALSE
fare_BOM-DEL_AI_2026-09-25_T+30_1787777822999_21wd,BOM-DEL,EaseMyTrip,AI,AI-1891,2026-09-25,T+30,7314,1606,8920,2026-08-26T00:57:24.533Z,FALSE,"",08:10,TRUE
fare_BOM-DEL_IX_2026-09-25_T+30_1787777822999_9fpd,BOM-DEL,EaseMyTrip,IX,IX-1023,2026-09-25,T+30,7466,1639,9105,2026-08-26T00:57:24.533Z,FALSE,"",11:25,FALSE
fare_BOM-DEL_IX_2026-09-25_T+30_1787777822999_yjh7,BOM-DEL,EaseMyTrip,IX,IX-1809,2026-09-25,T+30,7466,1639,9105,2026-08-26T00:57:24.533Z,FALSE,"",07:30,FALSE
fare_BOM-DEL_6E_2026-09-25_T+30_1787777822999_5jxr,BOM-DEL,EaseMyTrip,6E,6E-5178,2026-09-25,T+30,9238,2028,11266,2026-08-26T00:57:24.533Z,TRUE,"High outlier: ₹11266 > upper fence ₹10915 (Q3: ₹8524, IQR: ₹1594)",11:45,FALSE
fare_BOM-DEL_AI_2026-09-25_T+30_1787777822999_dek1,BOM-DEL,EaseMyTrip,AI,AI-9753,2026-09-25,T+30,9577,2102,11679,2026-08-26T00:57:24.533Z,TRUE,"High outlier: ₹11679 > upper fence ₹10915 (Q3: ₹8524, IQR: ₹1594)",05:45,FALSE
fare_BOM-DEL_6E_2026-09-25_T+30_1787777822999_l7vn,BOM-DEL,EaseMyTrip,6E,6E-5056,2026-09-25,T+30,9715,2133,11848,2026-08-26T00:57:24.533Z,TRUE,"High outlier: ₹11848 > upper fence ₹10915 (Q3: ₹8524, IQR: ₹1594)",21:10,FALSE
fare_BOM-DEL_6E_2026-09-25_T+30_1787777822999_uwxs,BOM-DEL,EaseMyTrip,6E,6E-486,2026-09-25,T+30,9804,2152,11956,2026-08-26T00:57:24.533Z,TRUE,"High outlier: ₹11956 > upper fence ₹10915 (Q3: ₹8524, IQR: ₹1594)",12:40,FALSE
fare_BOM-DEL_6E_2026-09-25_T+30_1787777822999_1ldj,BOM-DEL,EaseMyTrip,6E,6E-802,2026-09-25,T+30,9804,2152,11956,2026-08-26T00:57:24.533Z,TRUE,"High outlier: ₹11956 > upper fence ₹10915 (Q3: ₹8524, IQR: ₹1594)",12:40,FALSE
fare_BOM-DEL_AI_2026-09-25_T+30_1787777822999_r4yc,BOM-DEL,EaseMyTrip,AI,AI-2491,2026-09-25,T+30,10251,2250,12501,2026-08-26T00:57:24.533Z,TRUE,"High outlier: ₹12501 > upper fence ₹10915 (Q3: ₹8524, IQR: ₹1594)",11:15,FALSE
fare_BOM-DEL_IX_2026-09-25_T+30_1787777822999_bunx,BOM-DEL,EaseMyTrip,IX,IX-1347,2026-09-25,T+30,10350,2272,12622,2026-08-26T00:57:24.533Z,TRUE,"High outlier: ₹12622 > upper fence ₹10915 (Q3: ₹8524, IQR: ₹1594)",06:00,FALSE
fare_BOM-DEL_6E_2026-09-25_T+30_1787777822999_94o5,BOM-DEL,EaseMyTrip,6E,6E-5154,2026-09-25,T+30,10181,2235,12416,2026-08-26T00:57:24.533Z,TRUE,"High outlier: ₹12416 > upper fence ₹10915 (Q3: ₹8524, IQR: ₹1594)",15:45,FALSE
fare_BOM-DEL_IX_2026-09-25_T+30_1787777822999_wr9p,BOM-DEL,EaseMyTrip,IX,IX-1626,2026-09-25,T+30,10514,2308,12822,2026-08-26T00:57:24.533Z,TRUE,"High outlier: ₹12822 > upper fence ₹10915 (Q3: ₹8524, IQR: ₹1594)",12:00,FALSE
fare_BOM-DEL_6E_2026-09-25_T+30_1787777822999_kagy,BOM-DEL,EaseMyTrip,6E,6E-5246,2026-09-25,T+30,10869,2386,13255,2026-08-26T00:57:24.533Z,TRUE,"High outlier: ₹13255 > upper fence ₹10915 (Q3: ₹8524, IQR: ₹1594)",07:15,FALSE
fare_BOM-DEL_AI_2026-09-25_T+30_1787777822999_2nvm,BOM-DEL,EaseMyTrip,AI,AI-2847,2026-09-25,T+30,11214,2461,13675,2026-08-26T00:57:24.533Z,TRUE,"High outlier: ₹13675 > upper fence ₹10915 (Q3: ₹8524, IQR: ₹1594)",10:00,FALSE
fare_BOM-DEL_AI_2026-09-25_T+30_1787777822999_39dx,BOM-DEL,EaseMyTrip,AI,AI-2493,2026-09-25,T+30,11214,2461,13675,2026-08-26T00:57:24.533Z,TRUE,"High outlier: ₹13675 > upper fence ₹10915 (Q3: ₹8524, IQR: ₹1594)",18:25,FALSE
fare_BOM-DEL_AI_2026-09-25_T+30_1787777822999_05u5,BOM-DEL,EaseMyTrip,AI,AI-2915,2026-09-25,T+30,11236,2466,13702,2026-08-26T00:57:24.533Z,TRUE,"High outlier: ₹13702 > upper fence ₹10915 (Q3: ₹8524, IQR: ₹1594)",15:30,FALSE
fare_BOM-DEL_AI_2026-09-25_T+30_1787777822999_ydap,BOM-DEL,EaseMyTrip,AI,AI-2919,2026-09-25,T+30,11236,2466,13702,2026-08-26T00:57:24.533Z,TRUE,"High outlier: ₹13702 > upper fence ₹10915 (Q3: ₹8524, IQR: ₹1594)",21:35,FALSE
fare_BOM-DEL_AI_2026-09-25_T+30_1787777822999_tulv,BOM-DEL,EaseMyTrip,AI,AI-493,2026-09-25,T+30,11399,2502,13901,2026-08-26T00:57:24.533Z,TRUE,"High outlier: ₹13901 > upper fence ₹10915 (Q3: ₹8524, IQR: ₹1594)",06:40,FALSE
fare_BOM-DEL_AI_2026-09-25_T+30_1787777822999_1iw8,BOM-DEL,EaseMyTrip,AI,AI-2503,2026-09-25,T+30,11399,2502,13901,2026-08-26T00:57:24.533Z,TRUE,"High outlier: ₹13901 > upper fence ₹10915 (Q3: ₹8524, IQR: ₹1594)",12:55,FALSE
fare_BOM-DEL_6E_2026-09-25_T+30_1787777822999_vw9w,BOM-DEL,EaseMyTrip,6E,6E-6027,2026-09-25,T+30,12046,2644,14690,2026-08-26T00:57:24.533Z,TRUE,"High outlier: ₹14690 > upper fence ₹10915 (Q3: ₹8524, IQR: ₹1594)",17:35,FALSE
fare_BOM-DEL_AI_2026-09-25_T+30_1787777822999_g8qo,BOM-DEL,EaseMyTrip,AI,AI-2931,2026-09-25,T+30,12254,2690,14944,2026-08-26T00:57:24.533Z,TRUE,"High outlier: ₹14944 > upper fence ₹10915 (Q3: ₹8524, IQR: ₹1594)",04:30,FALSE
fare_BOM-DEL_IX_2026-09-25_T+30_1787777822999_jalr,BOM-DEL,EaseMyTrip,IX,IX-1164,2026-09-25,T+30,12630,2773,15403,2026-08-26T00:57:24.533Z,TRUE,"High outlier: ₹15403 > upper fence ₹10915 (Q3: ₹8524, IQR: ₹1594)",17:35,FALSE
fare_BOM-DEL_AI_2026-09-25_T+30_1787777822999_wvxi,BOM-DEL,EaseMyTrip,AI,AI-2785,2026-09-25,T+30,12656,2778,15434,2026-08-26T00:57:24.533Z,TRUE,"High outlier: ₹15434 > upper fence ₹10915 (Q3: ₹8524, IQR: ₹1594)",06:40,FALSE
fare_BOM-DEL_6E_2026-09-25_T+30_1787777822999_zks9,BOM-DEL,EaseMyTrip,6E,6E-6361,2026-09-25,T+30,12850,2821,15671,2026-08-26T00:57:24.533Z,TRUE,"High outlier: ₹15671 > upper fence ₹10915 (Q3: ₹8524, IQR: ₹1594)",05:00,FALSE
fare_BOM-DEL_AI_2026-09-25_T+30_1787777822999_efx6,BOM-DEL,EaseMyTrip,AI,AI-2659,2026-09-25,T+30,13091,2874,15965,2026-08-26T00:57:24.533Z,TRUE,"High outlier: ₹15965 > upper fence ₹10915 (Q3: ₹8524, IQR: ₹1594)",14:35,FALSE
fare_BOM-DEL_IX_2026-09-25_T+30_1787777822999_4nzc,BOM-DEL,EaseMyTrip,IX,IX-1640,2026-09-25,T+30,13168,2891,16059,2026-08-26T00:57:24.533Z,TRUE,"High outlier: ₹16059 > upper fence ₹10915 (Q3: ₹8524, IQR: ₹1594)",21:10,FALSE
fare_BOM-DEL_AI_2026-09-25_T+30_1787777822999_dsut,BOM-DEL,EaseMyTrip,AI,AI-2753,2026-09-25,T+30,13595,2984,16579,2026-08-26T00:57:24.533Z,TRUE,"High outlier: ₹16579 > upper fence ₹10915 (Q3: ₹8524, IQR: ₹1594)",13:50,FALSE
fare_BOM-DEL_AI_2026-09-25_T+30_1787777822999_4wmt,BOM-DEL,EaseMyTrip,AI,AI-9558,2026-09-25,T+30,13722,3012,16734,2026-08-26T00:57:24.533Z,TRUE,"High outlier: ₹16734 > upper fence ₹10915 (Q3: ₹8524, IQR: ₹1594)",07:30,FALSE
fare_BOM-DEL_AI_2026-09-25_T+30_1787777822999_68qm,BOM-DEL,EaseMyTrip,AI,AI-9891,2026-09-25,T+30,13751,3018,16769,2026-08-26T00:57:24.533Z,TRUE,"High outlier: ₹16769 > upper fence ₹10915 (Q3: ₹8524, IQR: ₹1594)",13:10,FALSE
fare_BOM-DEL_AI_2026-09-25_T+30_1787777822999_pdz2,BOM-DEL,EaseMyTrip,AI,AI-2749,2026-09-25,T+30,14173,3111,17284,2026-08-26T00:57:24.533Z,TRUE,"High outlier: ₹17284 > upper fence ₹10915 (Q3: ₹8524, IQR: ₹1594)",17:35,FALSE
fare_BOM-DEL_AI_2026-09-25_T+30_1787777822999_c8vu,BOM-DEL,EaseMyTrip,AI,AI-2741,2026-09-25,T+30,14403,3162,17565,2026-08-26T00:57:24.533Z,TRUE,"High outlier: ₹17565 > upper fence ₹10915 (Q3: ₹8524, IQR: ₹1594)",07:40,FALSE
fare_BOM-DEL_6E_2026-09-25_T+30_1787777822999_4mxl,BOM-DEL,EaseMyTrip,6E,6E-5281,2026-09-25,T+30,14342,3148,17490,2026-08-26T00:57:24.533Z,TRUE,"High outlier: ₹17490 > upper fence ₹10915 (Q3: ₹8524, IQR: ₹1594)",08:40,FALSE
fare_BOM-DEL_AI_2026-09-25_T+30_1787777822999_2n1a,BOM-DEL,EaseMyTrip,AI,AI-2728,2026-09-25,T+30,14523,3188,17711,2026-08-26T00:57:24.533Z,TRUE,"High outlier: ₹17711 > upper fence ₹10915 (Q3: ₹8524, IQR: ₹1594)",05:20,FALSE
fare_BOM-DEL_AI_2026-09-25_T+30_1787777822999_t8bi,BOM-DEL,EaseMyTrip,AI,AI-2875,2026-09-25,T+30,14603,3206,17809,2026-08-26T00:57:24.533Z,TRUE,"High outlier: ₹17809 > upper fence ₹10915 (Q3: ₹8524, IQR: ₹1594)",19:35,FALSE
fare_BOM-DEL_AI_2026-09-25_T+30_1787777822999_9roy,BOM-DEL,EaseMyTrip,AI,AI-2625,2026-09-25,T+30,14755,3239,17994,2026-08-26T00:57:24.533Z,TRUE,"High outlier: ₹17994 > upper fence ₹10915 (Q3: ₹8524, IQR: ₹1594)",06:00,FALSE
fare_BOM-DEL_AI_2026-09-25_T+30_1787777822999_dhw6,BOM-DEL,EaseMyTrip,AI,AI-2444,2026-09-25,T+30,14881,3266,18147,2026-08-26T00:57:24.533Z,TRUE,"High outlier: ₹18147 > upper fence ₹10915 (Q3: ₹8524, IQR: ₹1594)",10:50,FALSE
fare_BOM-DEL_AI_2026-09-25_T+30_1787777822999_q8op,BOM-DEL,EaseMyTrip,AI,AI-2869,2026-09-25,T+30,14881,3266,18147,2026-08-26T00:57:24.533Z,TRUE,"High outlier: ₹18147 > upper fence ₹10915 (Q3: ₹8524, IQR: ₹1594)",21:25,FALSE
fare_BOM-DEL_AI_2026-09-25_T+30_1787777822999_pmtf,BOM-DEL,EaseMyTrip,AI,AI-2997,2026-09-25,T+30,14958,3283,18241,2026-08-26T00:57:24.533Z,TRUE,"High outlier: ₹18241 > upper fence ₹10915 (Q3: ₹8524, IQR: ₹1594)",10:10,FALSE
fare_BOM-DEL_AI_2026-09-25_T+30_1787777822999_m35p,BOM-DEL,EaseMyTrip,AI,AI-2531,2026-09-25,T+30,15132,3322,18454,2026-08-26T00:57:24.533Z,TRUE,"High outlier: ₹18454 > upper fence ₹10915 (Q3: ₹8524, IQR: ₹1594)",15:05,FALSE
fare_BOM-DEL_IX_2026-09-25_T+30_1787777822999_1jl1,BOM-DEL,EaseMyTrip,IX,IX-1283,2026-09-25,T+30,15646,3435,19081,2026-08-26T00:57:24.533Z,TRUE,"High outlier: ₹19081 > upper fence ₹10915 (Q3: ₹8524, IQR: ₹1594)",09:05,FALSE
fare_BOM-DEL_AI_2026-09-25_T+30_1787777822999_6fyz,BOM-DEL,EaseMyTrip,AI,AI-2853,2026-09-25,T+30,16972,3725,20697,2026-08-26T00:57:24.533Z,TRUE,"High outlier: ₹20697 > upper fence ₹10915 (Q3: ₹8524, IQR: ₹1594)",15:25,FALSE
fare_BOM-DEL_AI_2026-09-25_T+30_1787777822999_3ffc,BOM-DEL,EaseMyTrip,AI,AI-2781,2026-09-25,T+30,20541,4509,25050,2026-08-26T00:57:24.533Z,TRUE,"High outlier: ₹25050 > upper fence ₹10915 (Q3: ₹8524, IQR: ₹1594)",10:50,FALSE
fare_BOM-DEL_IX_2026-09-25_T+30_1787777822999_ghv3,BOM-DEL,EaseMyTrip,IX,IX-1238,2026-09-25,T+30,25907,5687,31594,2026-08-26T00:57:24.533Z,TRUE,"High outlier: ₹31594 > upper fence ₹10915 (Q3: ₹8524, IQR: ₹1594)",12:25,FALSE
fare_BOM-DEL_AI_2026-09-25_T+30_1787777822999_g8oa,BOM-DEL,EaseMyTrip,AI,AI-2579,2026-09-25,T+30,31627,6943,38570,2026-08-26T00:57:24.533Z,TRUE,"High outlier: ₹38570 > upper fence ₹10915 (Q3: ₹8524, IQR: ₹1594)",10:35,FALSE
fare_BOM-DEL_6E_2026-09-02_T+7_1787777823000_vebq,BOM-DEL,EaseMyTrip,6E,6E-5095,2026-09-02,T+7,5014,1101,6115,2026-08-26T00:57:12.806Z,FALSE,"",09:20,TRUE
fare_BOM-DEL_SG_2026-09-02_T+7_1787777823000_6hmd,BOM-DEL,EaseMyTrip,SG,SG-296,2026-09-02,T+7,5188,1139,6327,2026-08-26T00:57:12.806Z,FALSE,"",01:50,TRUE
fare_BOM-DEL_SG_2026-09-02_T+7_1787777823000_az72,BOM-DEL,EaseMyTrip,SG,SG-901,2026-09-02,T+7,5188,1139,6327,2026-08-26T00:57:12.806Z,FALSE,"",01:50,TRUE
fare_BOM-DEL_SG_2026-09-02_T+7_1787777823000_e6kq,BOM-DEL,EaseMyTrip,SG,SG-350,2026-09-02,T+7,5188,1139,6327,2026-08-26T00:57:12.806Z,FALSE,"",23:55,TRUE
fare_BOM-DEL_SG_2026-09-02_T+7_1787777823000_7lfz,BOM-DEL,EaseMyTrip,SG,SG-981,2026-09-02,T+7,5188,1139,6327,2026-08-26T00:57:12.806Z,FALSE,"",23:55,TRUE
fare_BOM-DEL_6E_2026-09-02_T+7_1787777823000_i6pc,BOM-DEL,EaseMyTrip,6E,6E-6027,2026-09-02,T+7,5145,1129,6274,2026-08-26T00:57:12.806Z,FALSE,"",17:35,FALSE
fare_BOM-DEL_6E_2026-09-02_T+7_1787777823000_yiae,BOM-DEL,EaseMyTrip,6E,6E-5147,2026-09-02,T+7,5145,1129,6274,2026-08-26T00:57:12.806Z,FALSE,"",18:35,FALSE
fare_BOM-DEL_6E_2026-09-02_T+7_1787777823000_0mij,BOM-DEL,EaseMyTrip,6E,6E-5164,2026-09-02,T+7,5145,1129,6274,2026-08-26T00:57:12.806Z,FALSE,"",20:20,FALSE
fare_BOM-DEL_6E_2026-09-02_T+7_1787777823000_mej0,BOM-DEL,EaseMyTrip,6E,6E-6058,2026-09-02,T+7,5145,1129,6274,2026-08-26T00:57:12.806Z,FALSE,"",08:05,FALSE
fare_BOM-DEL_6E_2026-09-02_T+7_1787777823000_3k9s,BOM-DEL,EaseMyTrip,6E,6E-5154,2026-09-02,T+7,5145,1129,6274,2026-08-26T00:57:12.806Z,FALSE,"",15:45,FALSE
fare_BOM-DEL_6E_2026-09-02_T+7_1787777823000_84jr,BOM-DEL,EaseMyTrip,6E,6E-5131,2026-09-02,T+7,5145,1129,6274,2026-08-26T00:57:12.806Z,FALSE,"",15:50,FALSE
fare_BOM-DEL_6E_2026-09-02_T+7_1787777823000_aaz6,BOM-DEL,EaseMyTrip,6E,6E-6122,2026-09-02,T+7,5145,1129,6274,2026-08-26T00:57:12.806Z,FALSE,"",12:25,FALSE
fare_BOM-DEL_6E_2026-09-02_T+7_1787777823000_mdfl,BOM-DEL,EaseMyTrip,6E,6E-5345,2026-09-02,T+7,5145,1129,6274,2026-08-26T00:57:12.806Z,FALSE,"",14:25,FALSE
fare_BOM-DEL_IX_2026-09-02_T+7_1787777823000_1yu1,BOM-DEL,EaseMyTrip,IX,IX-1050,2026-09-02,T+7,5380,1181,6561,2026-08-26T00:57:12.806Z,FALSE,"",08:55,TRUE
fare_BOM-DEL_IX_2026-09-02_T+7_1787777823000_kq8g,BOM-DEL,EaseMyTrip,IX,IX-1364,2026-09-02,T+7,5380,1181,6561,2026-08-26T00:57:12.806Z,FALSE,"",21:55,TRUE
fare_BOM-DEL_IX_2026-09-02_T+7_1787777823000_nmxg,BOM-DEL,EaseMyTrip,IX,IX-2153,2026-09-02,T+7,5381,1181,6562,2026-08-26T00:57:12.806Z,FALSE,"",20:25,TRUE
fare_BOM-DEL_IX_2026-09-02_T+7_1787777823000_clmj,BOM-DEL,EaseMyTrip,IX,IX-1163,2026-09-02,T+7,5595,1228,6823,2026-08-26T00:57:12.806Z,FALSE,"",20:45,FALSE
fare_BOM-DEL_IX_2026-09-02_T+7_1787777823000_9243,BOM-DEL,EaseMyTrip,IX,IX-1787,2026-09-02,T+7,5595,1228,6823,2026-08-26T00:57:12.806Z,FALSE,"",13:10,FALSE
fare_BOM-DEL_6E_2026-09-02_T+7_1787777823000_ylvh,BOM-DEL,EaseMyTrip,6E,6E-5028,2026-09-02,T+7,5209,1143,6352,2026-08-26T00:57:12.806Z,FALSE,"",19:35,FALSE
fare_BOM-DEL_6E_2026-09-02_T+7_1787777823000_0dv3,BOM-DEL,EaseMyTrip,6E,6E-405,2026-09-02,T+7,5209,1143,6352,2026-08-26T00:57:12.806Z,FALSE,"",19:20,FALSE
fare_BOM-DEL_6E_2026-09-02_T+7_1787777823000_ivf8,BOM-DEL,EaseMyTrip,6E,6E-617,2026-09-02,T+7,5209,1143,6352,2026-08-26T00:57:12.806Z,FALSE,"",19:20,FALSE
fare_BOM-DEL_6E_2026-09-02_T+7_1787777823000_cqd7,BOM-DEL,EaseMyTrip,6E,6E-544,2026-09-02,T+7,5209,1143,6352,2026-08-26T00:57:12.806Z,FALSE,"",04:45,FALSE
fare_BOM-DEL_6E_2026-09-02_T+7_1787777823000_yyuu,BOM-DEL,EaseMyTrip,6E,6E-444,2026-09-02,T+7,5209,1143,6352,2026-08-26T00:57:12.806Z,FALSE,"",04:45,FALSE
fare_BOM-DEL_6E_2026-09-02_T+7_1787777823000_6nun,BOM-DEL,EaseMyTrip,6E,6E-2138,2026-09-02,T+7,5238,1150,6388,2026-08-26T00:57:12.806Z,FALSE,"",16:20,FALSE
fare_BOM-DEL_6E_2026-09-02_T+7_1787777823000_ty0g,BOM-DEL,EaseMyTrip,6E,6E-5238,2026-09-02,T+7,5238,1150,6388,2026-08-26T00:57:12.806Z,FALSE,"",18:25,FALSE
fare_BOM-DEL_6E_2026-09-02_T+7_1787777823000_579q,BOM-DEL,EaseMyTrip,6E,6E-6543,2026-09-02,T+7,5263,1155,6418,2026-08-26T00:57:12.806Z,FALSE,"",07:50,FALSE
fare_BOM-DEL_6E_2026-09-02_T+7_1787777823000_gg6o,BOM-DEL,EaseMyTrip,6E,6E-640,2026-09-02,T+7,5317,1167,6484,2026-08-26T00:57:12.806Z,FALSE,"",17:45,FALSE
fare_BOM-DEL_6E_2026-09-02_T+7_1787777823000_mecn,BOM-DEL,EaseMyTrip,6E,6E-943,2026-09-02,T+7,5317,1167,6484,2026-08-26T00:57:12.806Z,FALSE,"",17:45,FALSE
fare_BOM-DEL_6E_2026-09-02_T+7_1787777823000_25zu,BOM-DEL,EaseMyTrip,6E,6E-5056,2026-09-02,T+7,5317,1167,6484,2026-08-26T00:57:12.806Z,FALSE,"",21:10,FALSE
fare_BOM-DEL_6E_2026-09-02_T+7_1787777823000_ofl4,BOM-DEL,EaseMyTrip,6E,6E-5386,2026-09-02,T+7,5317,1167,6484,2026-08-26T00:57:12.806Z,FALSE,"",15:10,FALSE
fare_BOM-DEL_6E_2026-09-02_T+7_1787777823000_l8pd,BOM-DEL,EaseMyTrip,6E,6E-5318,2026-09-02,T+7,5317,1167,6484,2026-08-26T00:57:12.806Z,FALSE,"",10:15,FALSE
fare_BOM-DEL_6E_2026-09-02_T+7_1787777823000_ezea,BOM-DEL,EaseMyTrip,6E,6E-5326,2026-09-02,T+7,5317,1167,6484,2026-08-26T00:57:12.806Z,FALSE,"",19:40,FALSE
fare_BOM-DEL_6E_2026-09-02_T+7_1787777823000_14ye,BOM-DEL,EaseMyTrip,6E,6E-364,2026-09-02,T+7,5380,1181,6561,2026-08-26T00:57:12.806Z,FALSE,"",17:20,TRUE
fare_BOM-DEL_6E_2026-09-02_T+7_1787777823000_jkyz,BOM-DEL,EaseMyTrip,6E,6E-109,2026-09-02,T+7,5380,1181,6561,2026-08-26T00:57:12.806Z,FALSE,"",17:20,TRUE
fare_BOM-DEL_6E_2026-09-02_T+7_1787777823000_594h,BOM-DEL,EaseMyTrip,6E,6E-2243,2026-09-02,T+7,5380,1181,6561,2026-08-26T00:57:12.806Z,FALSE,"",14:15,TRUE
fare_BOM-DEL_6E_2026-09-02_T+7_1787777823000_bvhj,BOM-DEL,EaseMyTrip,6E,6E-2090,2026-09-02,T+7,5380,1181,6561,2026-08-26T00:57:12.806Z,FALSE,"",06:25,TRUE
fare_BOM-DEL_QP_2026-09-02_T+7_1787777823000_37v7,BOM-DEL,EaseMyTrip,QP,QP-1109,2026-09-02,T+7,5381,1181,6562,2026-08-26T00:57:12.806Z,FALSE,"",07:00,TRUE
fare_BOM-DEL_QP_2026-09-02_T+7_1787777823000_u7zj,BOM-DEL,EaseMyTrip,QP,QP-1127,2026-09-02,T+7,5381,1181,6562,2026-08-26T00:57:12.806Z,FALSE,"",13:00,TRUE
fare_BOM-DEL_QP_2026-09-02_T+7_1787777823000_3zw6,BOM-DEL,EaseMyTrip,QP,QP-1819,2026-09-02,T+7,5381,1181,6562,2026-08-26T00:57:12.806Z,FALSE,"",14:30,TRUE
fare_BOM-DEL_QP_2026-09-02_T+7_1787777823000_ejm4,BOM-DEL,EaseMyTrip,QP,QP-1834,2026-09-02,T+7,5381,1181,6562,2026-08-26T00:57:12.806Z,FALSE,"",10:20,TRUE
fare_BOM-DEL_QP_2026-09-02_T+7_1787777823000_o0c7,BOM-DEL,EaseMyTrip,QP,QP-1825,2026-09-02,T+7,5381,1181,6562,2026-08-26T00:57:12.806Z,FALSE,"",16:50,TRUE
fare_BOM-DEL_QP_2026-09-02_T+7_1787777823000_9i49,BOM-DEL,EaseMyTrip,QP,QP-1111,2026-09-02,T+7,5381,1181,6562,2026-08-26T00:57:12.806Z,FALSE,"",05:10,TRUE
fare_BOM-DEL_QP_2026-09-02_T+7_1787777823000_0hfq,BOM-DEL,EaseMyTrip,QP,QP-1835,2026-09-02,T+7,5381,1181,6562,2026-08-26T00:57:12.806Z,FALSE,"",11:50,TRUE
fare_BOM-DEL_6E_2026-09-02_T+7_1787777823000_y483,BOM-DEL,EaseMyTrip,6E,6E-140,2026-09-02,T+7,5381,1181,6562,2026-08-26T00:57:12.806Z,FALSE,"",17:20,TRUE
fare_BOM-DEL_6E_2026-09-02_T+7_1787777823000_46xe,BOM-DEL,EaseMyTrip,6E,6E-873,2026-09-02,T+7,5381,1181,6562,2026-08-26T00:57:12.806Z,FALSE,"",17:20,TRUE
fare_BOM-DEL_6E_2026-09-02_T+7_1787777823000_2908,BOM-DEL,EaseMyTrip,6E,6E-6082,2026-09-02,T+7,5381,1181,6562,2026-08-26T00:57:12.806Z,FALSE,"",16:45,TRUE
fare_BOM-DEL_6E_2026-09-02_T+7_1787777823000_qyrm,BOM-DEL,EaseMyTrip,6E,6E-321,2026-09-02,T+7,5381,1181,6562,2026-08-26T00:57:12.806Z,FALSE,"",16:00,TRUE
fare_BOM-DEL_6E_2026-09-02_T+7_1787777823000_etzi,BOM-DEL,EaseMyTrip,6E,6E-952,2026-09-02,T+7,5381,1181,6562,2026-08-26T00:57:12.806Z,FALSE,"",16:00,TRUE
fare_BOM-DEL_6E_2026-09-02_T+7_1787777823000_z98r,BOM-DEL,EaseMyTrip,6E,6E-253,2026-09-02,T+7,5381,1181,6562,2026-08-26T00:57:12.806Z,FALSE,"",15:00,TRUE
fare_BOM-DEL_6E_2026-09-02_T+7_1787777823000_mej1,BOM-DEL,EaseMyTrip,6E,6E-758,2026-09-02,T+7,5381,1181,6562,2026-08-26T00:57:12.806Z,FALSE,"",15:00,TRUE
fare_BOM-DEL_6E_2026-09-02_T+7_1787777823000_32m1,BOM-DEL,EaseMyTrip,6E,6E-6704,2026-09-02,T+7,5381,1181,6562,2026-08-26T00:57:12.806Z,FALSE,"",14:00,TRUE
fare_BOM-DEL_6E_2026-09-02_T+7_1787777823000_3kcc,BOM-DEL,EaseMyTrip,6E,6E-6052,2026-09-02,T+7,5381,1181,6562,2026-08-26T00:57:12.806Z,FALSE,"",10:00,TRUE
fare_BOM-DEL_6E_2026-09-02_T+7_1787777823000_i7ce,BOM-DEL,EaseMyTrip,6E,6E-669,2026-09-02,T+7,5381,1181,6562,2026-08-26T00:57:12.806Z,FALSE,"",10:35,TRUE
fare_BOM-DEL_6E_2026-09-02_T+7_1787777823000_gav7,BOM-DEL,EaseMyTrip,6E,6E-257,2026-09-02,T+7,5381,1181,6562,2026-08-26T00:57:12.806Z,FALSE,"",10:35,TRUE
fare_BOM-DEL_6E_2026-09-02_T+7_1787777823000_uvvm,BOM-DEL,EaseMyTrip,6E,6E-6827,2026-09-02,T+7,5381,1181,6562,2026-08-26T00:57:12.806Z,FALSE,"",11:30,TRUE
fare_BOM-DEL_6E_2026-09-02_T+7_1787777823000_2tpn,BOM-DEL,EaseMyTrip,6E,6E-6028,2026-09-02,T+7,5381,1181,6562,2026-08-26T00:57:12.806Z,FALSE,"",12:15,TRUE
fare_BOM-DEL_QP_2026-09-02_T+7_1787777823000_t4uw,BOM-DEL,EaseMyTrip,QP,QP-1939,2026-09-02,T+7,5423,1191,6614,2026-08-26T00:57:12.806Z,FALSE,"",10:10,TRUE
fare_BOM-DEL_6E_2026-09-02_T+7_1787777823000_l6dm,BOM-DEL,EaseMyTrip,6E,6E-2237,2026-09-02,T+7,5425,1191,6616,2026-08-26T00:57:12.806Z,FALSE,"",18:40,FALSE
fare_BOM-DEL_6E_2026-09-02_T+7_1787777823000_kfh6,BOM-DEL,EaseMyTrip,6E,6E-629,2026-09-02,T+7,5510,1210,6720,2026-08-26T00:57:12.806Z,FALSE,"",05:00,TRUE
fare_BOM-DEL_6E_2026-09-02_T+7_1787777823000_e61t,BOM-DEL,EaseMyTrip,6E,6E-691,2026-09-02,T+7,5510,1210,6720,2026-08-26T00:57:12.806Z,FALSE,"",05:00,TRUE
fare_BOM-DEL_6E_2026-09-02_T+7_1787777823000_h2n3,BOM-DEL,EaseMyTrip,6E,6E-360,2026-09-02,T+7,5510,1210,6720,2026-08-26T00:57:12.806Z,FALSE,"",23:45,TRUE
fare_BOM-DEL_6E_2026-09-02_T+7_1787777823000_s9rg,BOM-DEL,EaseMyTrip,6E,6E-459,2026-09-02,T+7,5510,1210,6720,2026-08-26T00:57:12.806Z,FALSE,"",23:45,TRUE
fare_BOM-DEL_6E_2026-09-02_T+7_1787777823000_4m4x,BOM-DEL,EaseMyTrip,6E,6E-915,2026-09-02,T+7,5510,1210,6720,2026-08-26T00:57:12.806Z,FALSE,"",13:00,TRUE
fare_BOM-DEL_6E_2026-09-02_T+7_1787777823000_4gz9,BOM-DEL,EaseMyTrip,6E,6E-468,2026-09-02,T+7,5510,1210,6720,2026-08-26T00:57:12.806Z,FALSE,"",13:00,TRUE
fare_BOM-DEL_6E_2026-09-02_T+7_1787777823000_j804,BOM-DEL,EaseMyTrip,6E,6E-634,2026-09-02,T+7,5510,1210,6720,2026-08-26T00:57:12.806Z,FALSE,"",06:00,TRUE
fare_BOM-DEL_6E_2026-09-02_T+7_1787777823000_dip2,BOM-DEL,EaseMyTrip,6E,6E-909,2026-09-02,T+7,5510,1210,6720,2026-08-26T00:57:12.806Z,FALSE,"",06:00,TRUE
fare_BOM-DEL_6E_2026-09-02_T+7_1787777823000_nqex,BOM-DEL,EaseMyTrip,6E,6E-729,2026-09-02,T+7,5510,1210,6720,2026-08-26T00:57:12.806Z,FALSE,"",09:00,TRUE
fare_BOM-DEL_6E_2026-09-02_T+7_1787777823000_e7ii,BOM-DEL,EaseMyTrip,6E,6E-962,2026-09-02,T+7,5510,1210,6720,2026-08-26T00:57:12.806Z,FALSE,"",09:00,TRUE
fare_BOM-DEL_6E_2026-09-02_T+7_1787777823000_nqkr,BOM-DEL,EaseMyTrip,6E,6E-6599,2026-09-02,T+7,5533,1214,6747,2026-08-26T00:57:12.806Z,FALSE,"",16:50,FALSE
fare_BOM-DEL_IX_2026-09-02_T+7_1787777823000_u5si,BOM-DEL,EaseMyTrip,IX,IX-1026,2026-09-02,T+7,5930,1302,7232,2026-08-26T00:57:12.806Z,FALSE,"",05:45,FALSE
fare_BOM-DEL_QP_2026-09-02_T+7_1787777823000_etxk,BOM-DEL,EaseMyTrip,QP,QP-2071,2026-09-02,T+7,5560,1221,6781,2026-08-26T00:57:12.806Z,FALSE,"",05:45,TRUE
fare_BOM-DEL_AI_2026-09-02_T+7_1787777823000_18i4,BOM-DEL,EaseMyTrip,AI,AI-2677,2026-09-02,T+7,5766,1266,7032,2026-08-26T00:57:12.806Z,FALSE,"",13:00,TRUE
fare_BOM-DEL_AI_2026-09-02_T+7_1787777823000_3y66,BOM-DEL,EaseMyTrip,AI,AI-2422,2026-09-02,T+7,5766,1266,7032,2026-08-26T00:57:12.806Z,FALSE,"",01:00,TRUE
fare_BOM-DEL_AI_2026-09-02_T+7_1787777823000_z13r,BOM-DEL,EaseMyTrip,AI,AI-2432,2026-09-02,T+7,5766,1266,7032,2026-08-26T00:57:12.806Z,FALSE,"",09:30,TRUE
fare_BOM-DEL_AI_2026-09-02_T+7_1787777823000_j1b1,BOM-DEL,EaseMyTrip,AI,AI-2430,2026-09-02,T+7,5766,1266,7032,2026-08-26T00:57:12.806Z,FALSE,"",10:00,TRUE
fare_BOM-DEL_AI_2026-09-02_T+7_1787777823000_3mer,BOM-DEL,EaseMyTrip,AI,AI-2952,2026-09-02,T+7,5766,1266,7032,2026-08-26T00:57:12.806Z,FALSE,"",11:25,TRUE
fare_BOM-DEL_AI_2026-09-02_T+7_1787777823000_7qhu,BOM-DEL,EaseMyTrip,AI,AI-2419,2026-09-02,T+7,5766,1266,7032,2026-08-26T00:57:12.806Z,FALSE,"",12:00,TRUE
fare_BOM-DEL_AI_2026-09-02_T+7_1787777823000_m7rg,BOM-DEL,EaseMyTrip,AI,AI-2944,2026-09-02,T+7,5766,1266,7032,2026-08-26T00:57:12.806Z,FALSE,"",14:35,TRUE
fare_BOM-DEL_AI_2026-09-02_T+7_1787777823000_j9pp,BOM-DEL,EaseMyTrip,AI,AI-2442,2026-09-02,T+7,5766,1266,7032,2026-08-26T00:57:12.806Z,FALSE,"",15:00,TRUE
fare_BOM-DEL_AI_2026-09-02_T+7_1787777823000_nk2t,BOM-DEL,EaseMyTrip,AI,AI-1851,2026-09-02,T+7,5766,1266,7032,2026-08-26T00:57:12.806Z,FALSE,"",15:30,TRUE
fare_BOM-DEL_AI_2026-09-02_T+7_1787777823000_ihq0,BOM-DEL,EaseMyTrip,AI,AI-1882,2026-09-02,T+7,5766,1266,7032,2026-08-26T00:57:12.806Z,FALSE,"",23:55,TRUE
fare_BOM-DEL_IX_2026-09-02_T+7_1787777823000_ivxw,BOM-DEL,EaseMyTrip,IX,IX-1671,2026-09-02,T+7,5897,1294,7191,2026-08-26T00:57:12.806Z,FALSE,"",16:45,TRUE
fare_BOM-DEL_QP_2026-09-02_T+7_1787777823000_jswp,BOM-DEL,EaseMyTrip,QP,QP-1120,2026-09-02,T+7,5679,1246,6925,2026-08-26T00:57:12.806Z,FALSE,"",18:45,TRUE
fare_BOM-DEL_6E_2026-09-02_T+7_1787777823000_59h9,BOM-DEL,EaseMyTrip,6E,6E-399,2026-09-02,T+7,5683,1247,6930,2026-08-26T00:57:12.806Z,FALSE,"",22:15,TRUE
fare_BOM-DEL_6E_2026-09-02_T+7_1787777823000_mjvd,BOM-DEL,EaseMyTrip,6E,6E-583,2026-09-02,T+7,5683,1247,6930,2026-08-26T00:57:12.806Z,FALSE,"",22:15,TRUE
fare_BOM-DEL_6E_2026-09-02_T+7_1787777823000_tpo3,BOM-DEL,EaseMyTrip,6E,6E-334,2026-09-02,T+7,5683,1247,6930,2026-08-26T00:57:12.806Z,FALSE,"",21:15,TRUE
fare_BOM-DEL_6E_2026-09-02_T+7_1787777823000_i4xm,BOM-DEL,EaseMyTrip,6E,6E-523,2026-09-02,T+7,5683,1247,6930,2026-08-26T00:57:12.806Z,FALSE,"",21:15,TRUE
fare_BOM-DEL_6E_2026-09-02_T+7_1787777823000_lcxn,BOM-DEL,EaseMyTrip,6E,6E-245,2026-09-02,T+7,5683,1247,6930,2026-08-26T00:57:12.806Z,FALSE,"",20:20,TRUE
fare_BOM-DEL_6E_2026-09-02_T+7_1787777823000_ciii,BOM-DEL,EaseMyTrip,6E,6E-508,2026-09-02,T+7,5683,1247,6930,2026-08-26T00:57:12.806Z,FALSE,"",20:20,TRUE
fare_BOM-DEL_6E_2026-09-02_T+7_1787777823000_bqaf,BOM-DEL,EaseMyTrip,6E,6E-529,2026-09-02,T+7,5683,1247,6930,2026-08-26T00:57:12.806Z,FALSE,"",19:00,TRUE
fare_BOM-DEL_6E_2026-09-02_T+7_1787777823000_bccd,BOM-DEL,EaseMyTrip,6E,6E-430,2026-09-02,T+7,5683,1247,6930,2026-08-26T00:57:12.806Z,FALSE,"",19:00,TRUE
fare_BOM-DEL_6E_2026-09-02_T+7_1787777823000_shbe,BOM-DEL,EaseMyTrip,6E,6E-6049,2026-09-02,T+7,5683,1247,6930,2026-08-26T00:57:12.806Z,FALSE,"",19:45,TRUE
fare_BOM-DEL_6E_2026-09-02_T+7_1787777823000_uoyq,BOM-DEL,EaseMyTrip,6E,6E-145,2026-09-02,T+7,5683,1247,6930,2026-08-26T00:57:12.806Z,FALSE,"",07:00,TRUE
fare_BOM-DEL_6E_2026-09-02_T+7_1787777823000_30f9,BOM-DEL,EaseMyTrip,6E,6E-611,2026-09-02,T+7,5683,1247,6930,2026-08-26T00:57:12.806Z,FALSE,"",07:00,TRUE
fare_BOM-DEL_6E_2026-09-02_T+7_1787777823000_9vao,BOM-DEL,EaseMyTrip,6E,6E-736,2026-09-02,T+7,5683,1247,6930,2026-08-26T00:57:12.806Z,FALSE,"",08:00,TRUE
fare_BOM-DEL_6E_2026-09-02_T+7_1787777823000_xu0w,BOM-DEL,EaseMyTrip,6E,6E-137,2026-09-02,T+7,5683,1247,6930,2026-08-26T00:57:12.806Z,FALSE,"",08:00,TRUE
fare_BOM-DEL_6E_2026-09-02_T+7_1787777823000_4p1j,BOM-DEL,EaseMyTrip,6E,6E-5197,2026-09-02,T+7,5725,1257,6982,2026-08-26T00:57:12.806Z,FALSE,"",06:40,TRUE
fare_BOM-DEL_AI_2026-09-02_T+7_1787777823000_hiy3,BOM-DEL,EaseMyTrip,AI,AI-2930,2026-09-02,T+7,5897,1294,7191,2026-08-26T00:57:12.806Z,FALSE,"",07:30,TRUE
fare_BOM-DEL_AI_2026-09-02_T+7_1787777823000_p2sy,BOM-DEL,EaseMyTrip,AI,AI-2408,2026-09-02,T+7,5897,1294,7191,2026-08-26T00:57:12.806Z,FALSE,"",19:30,TRUE
fare_BOM-DEL_AI_2026-09-02_T+7_1787777823000_wvt4,BOM-DEL,EaseMyTrip,AI,AI-816,2026-09-02,T+7,5897,1294,7191,2026-08-26T00:57:12.806Z,FALSE,"",21:00,TRUE
fare_BOM-DEL_AI_2026-09-02_T+7_1787777823000_cysp,BOM-DEL,EaseMyTrip,AI,AI-1895,2026-09-02,T+7,5897,1294,7191,2026-08-26T00:57:12.806Z,FALSE,"",21:30,TRUE
fare_BOM-DEL_AI_2026-09-02_T+7_1787777823000_v01f,BOM-DEL,EaseMyTrip,AI,AI-2428,2026-09-02,T+7,5897,1294,7191,2026-08-26T00:57:12.806Z,FALSE,"",08:00,TRUE
fare_BOM-DEL_AI_2026-09-02_T+7_1787777823000_axi9,BOM-DEL,EaseMyTrip,AI,AI-2970,2026-09-02,T+7,5897,1294,7191,2026-08-26T00:57:12.806Z,FALSE,"",08:30,TRUE
fare_BOM-DEL_AI_2026-09-02_T+7_1787777823000_r9lj,BOM-DEL,EaseMyTrip,AI,AI-2687,2026-09-02,T+7,5897,1294,7191,2026-08-26T00:57:12.806Z,FALSE,"",16:40,TRUE
fare_BOM-DEL_AI_2026-09-02_T+7_1787777823000_mbps,BOM-DEL,EaseMyTrip,AI,AI-2940,2026-09-02,T+7,5897,1294,7191,2026-08-26T00:57:12.806Z,FALSE,"",20:00,TRUE
fare_BOM-DEL_AI_2026-09-02_T+7_1787777823000_cyxp,BOM-DEL,EaseMyTrip,AI,AI-2986,2026-09-02,T+7,5897,1294,7191,2026-08-26T00:57:12.806Z,FALSE,"",22:35,TRUE
fare_BOM-DEL_AI_2026-09-02_T+7_1787777823000_rtb8,BOM-DEL,EaseMyTrip,AI,AI-2988,2026-09-02,T+7,6069,1332,7401,2026-08-26T00:57:12.806Z,FALSE,"",20:30,TRUE
fare_BOM-DEL_6E_2026-09-02_T+7_1787777823000_jqp2,BOM-DEL,EaseMyTrip,6E,6E-5181,2026-09-02,T+7,5959,1308,7267,2026-08-26T00:57:12.806Z,FALSE,"",10:25,FALSE
fare_BOM-DEL_6E_2026-09-02_T+7_1787777823000_rtc9,BOM-DEL,EaseMyTrip,6E,6E-5135,2026-09-02,T+7,6001,1317,7318,2026-08-26T00:57:12.806Z,FALSE,"",23:20,FALSE
fare_BOM-DEL_6E_2026-09-02_T+7_1787777823000_hwae,BOM-DEL,EaseMyTrip,6E,6E-5178,2026-09-02,T+7,6131,1346,7477,2026-08-26T00:57:12.806Z,FALSE,"",11:45,FALSE
fare_BOM-DEL_6E_2026-09-02_T+7_1787777823000_0k49,BOM-DEL,EaseMyTrip,6E,6E-6195,2026-09-02,T+7,6131,1346,7477,2026-08-26T00:57:12.806Z,FALSE,"",23:00,FALSE
fare_BOM-DEL_6E_2026-09-02_T+7_1787777823000_quv4,BOM-DEL,EaseMyTrip,6E,6E-6613,2026-09-02,T+7,6156,1351,7507,2026-08-26T00:57:12.806Z,FALSE,"",18:15,TRUE
fare_BOM-DEL_AI_2026-09-02_T+7_1787777823000_8xeu,BOM-DEL,EaseMyTrip,AI,AI-2928,2026-09-02,T+7,6440,1414,7854,2026-08-26T00:57:12.806Z,FALSE,"",06:30,TRUE
fare_BOM-DEL_6E_2026-09-02_T+7_1787777823000_0f3m,BOM-DEL,EaseMyTrip,6E,6E-5107,2026-09-02,T+7,6321,1387,7708,2026-08-26T00:57:12.806Z,FALSE,"",20:00,FALSE
fare_BOM-DEL_AI_2026-09-02_T+7_1787777823000_8l3j,BOM-DEL,EaseMyTrip,AI,AI-2424,2026-09-02,T+7,6493,1425,7918,2026-08-26T00:57:12.806Z,FALSE,"",07:00,TRUE
fare_BOM-DEL_IX_2026-09-02_T+7_1787777823000_uv3p,BOM-DEL,EaseMyTrip,IX,IX-1237,2026-09-02,T+7,6857,1505,8362,2026-08-26T00:57:12.806Z,FALSE,"",05:55,FALSE
fare_BOM-DEL_6E_2026-09-02_T+7_1787777823000_2o12,BOM-DEL,EaseMyTrip,6E,6E-7017,2026-09-02,T+7,6461,1418,7879,2026-08-26T00:57:12.806Z,FALSE,"",21:30,FALSE
fare_BOM-DEL_6E_2026-09-02_T+7_1787777823000_az31,BOM-DEL,EaseMyTrip,6E,6E-995,2026-09-02,T+7,6836,1501,8337,2026-08-26T00:57:12.806Z,FALSE,"",14:40,FALSE
fare_BOM-DEL_6E_2026-09-02_T+7_1787777823000_64ga,BOM-DEL,EaseMyTrip,6E,6E-727,2026-09-02,T+7,6836,1501,8337,2026-08-26T00:57:12.806Z,FALSE,"",14:40,FALSE
fare_BOM-DEL_6E_2026-09-02_T+7_1787777823000_8rh5,BOM-DEL,EaseMyTrip,6E,6E-5201,2026-09-02,T+7,7068,1552,8620,2026-08-26T00:57:12.806Z,FALSE,"",14:55,FALSE
fare_BOM-DEL_IX_2026-09-02_T+7_1787777823000_w7ds,BOM-DEL,EaseMyTrip,IX,IX-1809,2026-09-02,T+7,7466,1639,9105,2026-08-26T00:57:12.806Z,FALSE,"",07:30,FALSE
fare_BOM-DEL_6E_2026-09-02_T+7_1787777823000_ofqz,BOM-DEL,EaseMyTrip,6E,6E-6802,2026-09-02,T+7,7510,1649,9159,2026-08-26T00:57:12.806Z,FALSE,"",16:55,FALSE
fare_BOM-DEL_6E_2026-09-02_T+7_1787777823000_uyds,BOM-DEL,EaseMyTrip,6E,6E-5273,2026-09-02,T+7,7510,1649,9159,2026-08-26T00:57:12.806Z,FALSE,"",18:35,FALSE
fare_BOM-DEL_6E_2026-09-02_T+7_1787777823000_xry0,BOM-DEL,EaseMyTrip,6E,6E-5281,2026-09-02,T+7,7552,1658,9210,2026-08-26T00:57:12.806Z,FALSE,"",08:40,FALSE
fare_BOM-DEL_IX_2026-09-02_T+7_1787777823000_4yhv,BOM-DEL,EaseMyTrip,IX,IX-1283,2026-09-02,T+7,8168,1793,9961,2026-08-26T00:57:12.806Z,FALSE,"",09:05,FALSE
fare_BOM-DEL_AI_2026-09-02_T+7_1787777823000_9evl,BOM-DEL,EaseMyTrip,AI,AI-1891,2026-09-02,T+7,7888,1732,9620,2026-08-26T00:57:12.806Z,FALSE,"",08:10,TRUE
fare_BOM-DEL_6E_2026-09-02_T+7_1787777823000_occe,BOM-DEL,EaseMyTrip,6E,6E-6361,2026-09-02,T+7,7747,1701,9448,2026-08-26T00:57:12.806Z,FALSE,"",05:00,FALSE
fare_BOM-DEL_AI_2026-09-02_T+7_1787777823000_mm5v,BOM-DEL,EaseMyTrip,AI,AI-2440,2026-09-02,T+7,8163,1792,9955,2026-08-26T00:57:12.806Z,FALSE,"",18:00,TRUE
fare_BOM-DEL_6E_2026-09-02_T+7_1787777823000_ms2l,BOM-DEL,EaseMyTrip,6E,6E-522,2026-09-02,T+7,8026,1762,9788,2026-08-26T00:57:12.806Z,FALSE,"",01:30,FALSE
fare_BOM-DEL_6E_2026-09-02_T+7_1787777823000_l47z,BOM-DEL,EaseMyTrip,6E,6E-967,2026-09-02,T+7,8026,1762,9788,2026-08-26T00:57:12.806Z,FALSE,"",01:30,FALSE
fare_BOM-DEL_6E_2026-09-02_T+7_1787777823000_net6,BOM-DEL,EaseMyTrip,6E,6E-981,2026-09-02,T+7,8026,1762,9788,2026-08-26T00:57:12.806Z,FALSE,"",04:00,FALSE
fare_BOM-DEL_6E_2026-09-02_T+7_1787777823000_d7em,BOM-DEL,EaseMyTrip,6E,6E-120,2026-09-02,T+7,8026,1762,9788,2026-08-26T00:57:12.806Z,FALSE,"",04:00,FALSE
fare_BOM-DEL_6E_2026-09-02_T+7_1787777823000_u82g,BOM-DEL,EaseMyTrip,6E,6E-5144,2026-09-02,T+7,8026,1762,9788,2026-08-26T00:57:12.806Z,FALSE,"",06:10,FALSE
fare_BOM-DEL_6E_2026-09-02_T+7_1787777823000_7oq1,BOM-DEL,EaseMyTrip,6E,6E-5059,2026-09-02,T+7,8711,1912,10623,2026-08-26T00:57:12.806Z,FALSE,"",05:45,FALSE
fare_BOM-DEL_AI_2026-09-02_T+7_1787777823000_1x6x,BOM-DEL,EaseMyTrip,AI,AI-9753,2026-09-02,T+7,9577,2102,11679,2026-08-26T00:57:12.806Z,FALSE,"",05:45,FALSE
fare_BOM-DEL_6E_2026-09-02_T+7_1787777823000_b0js,BOM-DEL,EaseMyTrip,6E,6E-2024,2026-09-02,T+7,9744,2139,11883,2026-08-26T00:57:12.806Z,FALSE,"",09:15,FALSE
fare_BOM-DEL_IX_2026-09-02_T+7_1787777823000_zkjk,BOM-DEL,EaseMyTrip,IX,IX-1626,2026-09-02,T+7,10139,2226,12365,2026-08-26T00:57:12.806Z,FALSE,"",12:00,FALSE
fare_BOM-DEL_IX_2026-09-02_T+7_1787777823000_m870,BOM-DEL,EaseMyTrip,IX,IX-1347,2026-09-02,T+7,10139,2226,12365,2026-08-26T00:57:12.806Z,FALSE,"",06:00,FALSE
fare_BOM-DEL_AI_2026-09-02_T+7_1787777823000_e3o6,BOM-DEL,EaseMyTrip,AI,AI-2493,2026-09-02,T+7,11126,2442,13568,2026-08-26T00:57:12.806Z,TRUE,"High outlier: ₹13568 > upper fence ₹13087 (Q3: ₹9172, IQR: ₹2610)",18:25,FALSE
fare_BOM-DEL_AI_2026-09-02_T+7_1787777823000_03o8,BOM-DEL,EaseMyTrip,AI,AI-2915,2026-09-02,T+7,11126,2442,13568,2026-08-26T00:57:12.806Z,TRUE,"High outlier: ₹13568 > upper fence ₹13087 (Q3: ₹9172, IQR: ₹2610)",15:30,FALSE
fare_BOM-DEL_AI_2026-09-02_T+7_1787777823000_ixvm,BOM-DEL,EaseMyTrip,AI,AI-2503,2026-09-02,T+7,11126,2442,13568,2026-08-26T00:57:12.806Z,TRUE,"High outlier: ₹13568 > upper fence ₹13087 (Q3: ₹9172, IQR: ₹2610)",13:50,FALSE
fare_BOM-DEL_AI_2026-09-02_T+7_1787777823000_befs,BOM-DEL,EaseMyTrip,AI,AI-493,2026-09-02,T+7,11214,2461,13675,2026-08-26T00:57:12.806Z,TRUE,"High outlier: ₹13675 > upper fence ₹13087 (Q3: ₹9172, IQR: ₹2610)",06:40,FALSE
fare_BOM-DEL_6E_2026-09-02_T+7_1787777823000_pbz5,BOM-DEL,EaseMyTrip,6E,6E-5246,2026-09-02,T+7,11056,2427,13483,2026-08-26T00:57:12.806Z,TRUE,"High outlier: ₹13483 > upper fence ₹13087 (Q3: ₹9172, IQR: ₹2610)",07:15,FALSE
fare_BOM-DEL_AI_2026-09-02_T+7_1787777823000_wbr1,BOM-DEL,EaseMyTrip,AI,AI-2847,2026-09-02,T+7,11236,2466,13702,2026-08-26T00:57:12.806Z,TRUE,"High outlier: ₹13702 > upper fence ₹13087 (Q3: ₹9172, IQR: ₹2610)",09:25,FALSE
fare_BOM-DEL_IX_2026-09-02_T+7_1787777823000_ejtg,BOM-DEL,EaseMyTrip,IX,IX-1640,2026-09-02,T+7,11784,2587,14371,2026-08-26T00:57:12.806Z,TRUE,"High outlier: ₹14371 > upper fence ₹13087 (Q3: ₹9172, IQR: ₹2610)",21:10,FALSE
fare_BOM-DEL_AI_2026-09-02_T+7_1787777823000_rtp4,BOM-DEL,EaseMyTrip,AI,AI-9558,2026-09-02,T+7,12382,2718,15100,2026-08-26T00:57:12.806Z,TRUE,"High outlier: ₹15100 > upper fence ₹13087 (Q3: ₹9172, IQR: ₹2610)",07:30,FALSE
fare_BOM-DEL_AI_2026-09-02_T+7_1787777823000_o11i,BOM-DEL,EaseMyTrip,AI,AI-2781,2026-09-02,T+7,12440,2731,15171,2026-08-26T00:57:12.806Z,TRUE,"High outlier: ₹15171 > upper fence ₹13087 (Q3: ₹9172, IQR: ₹2610)",10:50,FALSE
fare_BOM-DEL_AI_2026-09-02_T+7_1787777823000_s96q,BOM-DEL,EaseMyTrip,AI,AI-2491,2026-09-02,T+7,12856,2822,15678,2026-08-26T00:57:12.806Z,TRUE,"High outlier: ₹15678 > upper fence ₹13087 (Q3: ₹9172, IQR: ₹2610)",11:15,FALSE
fare_BOM-DEL_AI_2026-09-02_T+7_1787777823000_itiu,BOM-DEL,EaseMyTrip,AI,AI-2659,2026-09-02,T+7,13091,2874,15965,2026-08-26T00:57:12.806Z,TRUE,"High outlier: ₹15965 > upper fence ₹13087 (Q3: ₹9172, IQR: ₹2610)",14:35,FALSE
fare_BOM-DEL_AI_2026-09-02_T+7_1787777823001_f95g,BOM-DEL,EaseMyTrip,AI,AI-2753,2026-09-02,T+7,13595,2984,16579,2026-08-26T00:57:12.806Z,TRUE,"High outlier: ₹16579 > upper fence ₹13087 (Q3: ₹9172, IQR: ₹2610)",13:50,FALSE
fare_BOM-DEL_AI_2026-09-02_T+7_1787777823001_4y38,BOM-DEL,EaseMyTrip,AI,AI-2741,2026-09-02,T+7,13953,3063,17016,2026-08-26T00:57:12.806Z,TRUE,"High outlier: ₹17016 > upper fence ₹13087 (Q3: ₹9172, IQR: ₹2610)",07:40,FALSE
fare_BOM-DEL_AI_2026-09-02_T+7_1787777823001_mem8,BOM-DEL,EaseMyTrip,AI,AI-2749,2026-09-02,T+7,14173,3111,17284,2026-08-26T00:57:12.806Z,TRUE,"High outlier: ₹17284 > upper fence ₹13087 (Q3: ₹9172, IQR: ₹2610)",17:35,FALSE
fare_BOM-DEL_6E_2026-09-02_T+7_1787777823001_5sjm,BOM-DEL,EaseMyTrip,6E,6E-161,2026-09-02,T+7,14266,3131,17397,2026-08-26T00:57:12.806Z,TRUE,"High outlier: ₹17397 > upper fence ₹13087 (Q3: ₹9172, IQR: ₹2610)",12:40,FALSE
fare_BOM-DEL_6E_2026-09-02_T+7_1787777823001_bx8f,BOM-DEL,EaseMyTrip,6E,6E-340,2026-09-02,T+7,14266,3131,17397,2026-08-26T00:57:12.806Z,TRUE,"High outlier: ₹17397 > upper fence ₹13087 (Q3: ₹9172, IQR: ₹2610)",12:40,FALSE
fare_BOM-DEL_AI_2026-09-02_T+7_1787777823001_ye55,BOM-DEL,EaseMyTrip,AI,AI-2997,2026-09-02,T+7,14523,3188,17711,2026-08-26T00:57:12.806Z,TRUE,"High outlier: ₹17711 > upper fence ₹13087 (Q3: ₹9172, IQR: ₹2610)",10:10,FALSE
fare_BOM-DEL_AI_2026-09-02_T+7_1787777823001_e8dz,BOM-DEL,EaseMyTrip,AI,AI-2444,2026-09-02,T+7,14603,3206,17809,2026-08-26T00:57:12.806Z,TRUE,"High outlier: ₹17809 > upper fence ₹13087 (Q3: ₹9172, IQR: ₹2610)",10:50,FALSE
fare_BOM-DEL_AI_2026-09-02_T+7_1787777823001_xdnj,BOM-DEL,EaseMyTrip,AI,AI-2531,2026-09-02,T+7,14755,3239,17994,2026-08-26T00:57:12.806Z,TRUE,"High outlier: ₹17994 > upper fence ₹13087 (Q3: ₹9172, IQR: ₹2610)",15:05,FALSE
fare_BOM-DEL_AI_2026-09-02_T+7_1787777823001_oggh,BOM-DEL,EaseMyTrip,AI,AI-2625,2026-09-02,T+7,14755,3239,17994,2026-08-26T00:57:12.806Z,TRUE,"High outlier: ₹17994 > upper fence ₹13087 (Q3: ₹9172, IQR: ₹2610)",06:00,FALSE
fare_BOM-DEL_AI_2026-09-02_T+7_1787777823001_pvqb,BOM-DEL,EaseMyTrip,AI,AI-9533,2026-09-02,T+7,15692,3444,19136,2026-08-26T00:57:12.806Z,TRUE,"High outlier: ₹19136 > upper fence ₹13087 (Q3: ₹9172, IQR: ₹2610)",16:30,FALSE
fare_BOM-DEL_AI_2026-09-02_T+7_1787777823001_321n,BOM-DEL,EaseMyTrip,AI,AI-2579,2026-09-02,T+7,16841,3697,20538,2026-08-26T00:57:12.806Z,TRUE,"High outlier: ₹20538 > upper fence ₹13087 (Q3: ₹9172, IQR: ₹2610)",10:35,FALSE
fare_BOM-DEL_AI_2026-09-02_T+7_1787777823001_jo3j,BOM-DEL,EaseMyTrip,AI,AI-1726,2026-09-02,T+7,19073,4187,23260,2026-08-26T00:57:12.806Z,TRUE,"High outlier: ₹23260 > upper fence ₹13087 (Q3: ₹9172, IQR: ₹2610)",19:25,FALSE
fare_BOM-DEL_IX_2026-09-02_T+7_1787777823001_adwp,BOM-DEL,EaseMyTrip,IX,IX-1238,2026-09-02,T+7,21081,4628,25709,2026-08-26T00:57:12.806Z,TRUE,"High outlier: ₹25709 > upper fence ₹13087 (Q3: ₹9172, IQR: ₹2610)",12:25,FALSE
fare_BOM-DEL_AI_2026-09-02_T+7_1787777823001_27iv,BOM-DEL,EaseMyTrip,AI,AI-2663,2026-09-02,T+7,26033,5715,31748,2026-08-26T00:57:12.806Z,TRUE,"High outlier: ₹31748 > upper fence ₹13087 (Q3: ₹9172, IQR: ₹2610)",10:25,FALSE
fare_BOM-DEL_AI_2026-09-02_T+7_1787777823001_c69j,BOM-DEL,EaseMyTrip,AI,AI-2785,2026-09-02,T+7,26437,5803,32240,2026-08-26T00:57:12.806Z,TRUE,"High outlier: ₹32240 > upper fence ₹13087 (Q3: ₹9172, IQR: ₹2610)",06:40,FALSE
fare_DEL-BOM_SG_2026-09-10_T+15_1787777823002_io7q,DEL-BOM,EaseMyTrip,SG,SG-934,2026-09-10,T+15,5186,1138,6324,2026-08-26T00:56:48.985Z,FALSE,"",04:00,TRUE
fare_DEL-BOM_SG_2026-09-10_T+15_1787777823002_wcaw,DEL-BOM,EaseMyTrip,SG,SG-179,2026-09-10,T+15,5186,1138,6324,2026-08-26T00:56:48.985Z,FALSE,"",04:00,TRUE
fare_DEL-BOM_SG_2026-09-10_T+15_1787777823002_cp7a,DEL-BOM,EaseMyTrip,SG,SG-794,2026-09-10,T+15,5186,1138,6324,2026-08-26T00:56:48.985Z,FALSE,"",14:30,TRUE
fare_DEL-BOM_SG_2026-09-10_T+15_1787777823002_q9b2,DEL-BOM,EaseMyTrip,SG,SG-334,2026-09-10,T+15,5186,1138,6324,2026-08-26T00:56:48.985Z,FALSE,"",14:30,TRUE
fare_DEL-BOM_SG_2026-09-10_T+15_1787777823002_ad18,DEL-BOM,EaseMyTrip,SG,SG-887,2026-09-10,T+15,5186,1138,6324,2026-08-26T00:56:48.985Z,FALSE,"",18:35,TRUE
fare_DEL-BOM_SG_2026-09-10_T+15_1787777823002_5ywc,DEL-BOM,EaseMyTrip,SG,SG-112,2026-09-10,T+15,5186,1138,6324,2026-08-26T00:56:48.985Z,FALSE,"",18:35,TRUE
fare_DEL-BOM_SG_2026-09-10_T+15_1787777823002_udc3,DEL-BOM,EaseMyTrip,SG,SG-399,2026-09-10,T+15,5186,1138,6324,2026-08-26T00:56:48.985Z,FALSE,"",20:10,TRUE
fare_DEL-BOM_SG_2026-09-10_T+15_1787777823002_odxf,DEL-BOM,EaseMyTrip,SG,SG-691,2026-09-10,T+15,5186,1138,6324,2026-08-26T00:56:48.985Z,FALSE,"",20:10,TRUE
fare_DEL-BOM_SG_2026-09-10_T+15_1787777823002_ilva,DEL-BOM,EaseMyTrip,SG,SG-368,2026-09-10,T+15,5186,1138,6324,2026-08-26T00:56:48.985Z,FALSE,"",22:30,TRUE
fare_DEL-BOM_SG_2026-09-10_T+15_1787777823002_xlfd,DEL-BOM,EaseMyTrip,SG,SG-804,2026-09-10,T+15,5186,1138,6324,2026-08-26T00:56:48.985Z,FALSE,"",22:30,TRUE
fare_DEL-BOM_6E_2026-09-10_T+15_1787777823002_jlja,DEL-BOM,EaseMyTrip,6E,6E-667,2026-09-10,T+15,5067,1112,6179,2026-08-26T00:56:48.985Z,FALSE,"",19:35,FALSE
fare_DEL-BOM_6E_2026-09-10_T+15_1787777823002_hsip,DEL-BOM,EaseMyTrip,6E,6E-775,2026-09-10,T+15,5067,1112,6179,2026-08-26T00:56:48.985Z,FALSE,"",19:35,FALSE
fare_DEL-BOM_6E_2026-09-10_T+15_1787777823002_glax,DEL-BOM,EaseMyTrip,6E,6E-2076,2026-09-10,T+15,5067,1112,6179,2026-08-26T00:56:48.985Z,FALSE,"",07:30,FALSE
fare_DEL-BOM_6E_2026-09-10_T+15_1787777823002_76p8,DEL-BOM,EaseMyTrip,6E,6E-6983,2026-09-10,T+15,5067,1112,6179,2026-08-26T00:56:48.985Z,FALSE,"",15:35,FALSE
fare_DEL-BOM_6E_2026-09-10_T+15_1787777823002_t347,DEL-BOM,EaseMyTrip,6E,6E-5073,2026-09-10,T+15,5067,1112,6179,2026-08-26T00:56:48.985Z,FALSE,"",17:05,FALSE
fare_DEL-BOM_6E_2026-09-10_T+15_1787777823002_jmsp,DEL-BOM,EaseMyTrip,6E,6E-6261,2026-09-10,T+15,5067,1112,6179,2026-08-26T00:56:48.985Z,FALSE,"",00:15,FALSE
fare_DEL-BOM_6E_2026-09-10_T+15_1787777823002_1nly,DEL-BOM,EaseMyTrip,6E,6E-5119,2026-09-10,T+15,5067,1112,6179,2026-08-26T00:56:48.985Z,FALSE,"",05:10,FALSE
fare_DEL-BOM_6E_2026-09-10_T+15_1787777823002_t3iq,DEL-BOM,EaseMyTrip,6E,6E-2013,2026-09-10,T+15,5067,1112,6179,2026-08-26T00:56:48.985Z,FALSE,"",21:50,FALSE
fare_DEL-BOM_6E_2026-09-10_T+15_1787777823002_i02u,DEL-BOM,EaseMyTrip,6E,6E-6190,2026-09-10,T+15,5067,1112,6179,2026-08-26T00:56:48.985Z,FALSE,"",07:40,FALSE
fare_DEL-BOM_6E_2026-09-10_T+15_1787777823002_5hsl,DEL-BOM,EaseMyTrip,6E,6E-2331,2026-09-10,T+15,5067,1112,6179,2026-08-26T00:56:48.985Z,FALSE,"",12:20,FALSE
fare_DEL-BOM_IX_2026-09-10_T+15_1787777823002_r4vz,DEL-BOM,EaseMyTrip,IX,IX-1235,2026-09-10,T+15,5354,1175,6529,2026-08-26T00:56:48.985Z,FALSE,"",23:25,TRUE
fare_DEL-BOM_IX_2026-09-10_T+15_1787777823002_tqv6,DEL-BOM,EaseMyTrip,IX,IX-1080,2026-09-10,T+15,5354,1175,6529,2026-08-26T00:56:48.985Z,FALSE,"",18:40,TRUE
fare_DEL-BOM_IX_2026-09-10_T+15_1787777823002_c4cf,DEL-BOM,EaseMyTrip,IX,IX-1165,2026-09-10,T+15,5354,1175,6529,2026-08-26T00:56:48.985Z,FALSE,"",06:00,FALSE
fare_DEL-BOM_6E_2026-09-10_T+15_1787777823002_w9tv,DEL-BOM,EaseMyTrip,6E,6E-2249,2026-09-10,T+15,5174,1136,6310,2026-08-26T00:56:48.985Z,FALSE,"",15:00,FALSE
fare_DEL-BOM_6E_2026-09-10_T+15_1787777823002_xfhh,DEL-BOM,EaseMyTrip,6E,6E-2169,2026-09-10,T+15,5174,1136,6310,2026-08-26T00:56:48.985Z,FALSE,"",19:40,FALSE
fare_DEL-BOM_6E_2026-09-10_T+15_1787777823002_ekk3,DEL-BOM,EaseMyTrip,6E,6E-6829,2026-09-10,T+15,5174,1136,6310,2026-08-26T00:56:48.985Z,FALSE,"",17:20,FALSE
fare_DEL-BOM_6E_2026-09-10_T+15_1787777823002_3631,DEL-BOM,EaseMyTrip,6E,6E-6443,2026-09-10,T+15,5174,1136,6310,2026-08-26T00:56:48.985Z,FALSE,"",09:00,FALSE
fare_DEL-BOM_6E_2026-09-10_T+15_1787777823002_twtf,DEL-BOM,EaseMyTrip,6E,6E-6433,2026-09-10,T+15,5174,1136,6310,2026-08-26T00:56:48.985Z,FALSE,"",16:30,FALSE
fare_DEL-BOM_6E_2026-09-10_T+15_1787777823002_2y6v,DEL-BOM,EaseMyTrip,6E,6E-5138,2026-09-10,T+15,5174,1136,6310,2026-08-26T00:56:48.985Z,FALSE,"",19:10,FALSE
fare_DEL-BOM_6E_2026-09-10_T+15_1787777823002_w1ou,DEL-BOM,EaseMyTrip,6E,6E-6490,2026-09-10,T+15,5174,1136,6310,2026-08-26T00:56:48.985Z,FALSE,"",04:55,FALSE
fare_DEL-BOM_6E_2026-09-10_T+15_1787777823002_oylt,DEL-BOM,EaseMyTrip,6E,6E-6459,2026-09-10,T+15,5174,1136,6310,2026-08-26T00:56:48.985Z,FALSE,"",05:55,FALSE
fare_DEL-BOM_6E_2026-09-10_T+15_1787777823002_gja6,DEL-BOM,EaseMyTrip,6E,6E-745,2026-09-10,T+15,5239,1150,6389,2026-08-26T00:56:48.985Z,FALSE,"",16:30,FALSE
fare_DEL-BOM_6E_2026-09-10_T+15_1787777823002_9xbs,DEL-BOM,EaseMyTrip,6E,6E-977,2026-09-10,T+15,5239,1150,6389,2026-08-26T00:56:48.985Z,FALSE,"",16:30,FALSE
fare_DEL-BOM_6E_2026-09-10_T+15_1787777823002_bs5x,DEL-BOM,EaseMyTrip,6E,6E-6479,2026-09-10,T+15,5239,1150,6389,2026-08-26T00:56:48.985Z,FALSE,"",21:25,FALSE
fare_DEL-BOM_6E_2026-09-10_T+15_1787777823002_aih4,DEL-BOM,EaseMyTrip,6E,6E-5298,2026-09-10,T+15,5239,1150,6389,2026-08-26T00:56:48.985Z,FALSE,"",09:00,FALSE
fare_DEL-BOM_6E_2026-09-10_T+15_1787777823002_qx6v,DEL-BOM,EaseMyTrip,6E,6E-5038,2026-09-10,T+15,5239,1150,6389,2026-08-26T00:56:48.985Z,FALSE,"",14:00,FALSE
fare_DEL-BOM_6E_2026-09-10_T+15_1787777823002_5et3,DEL-BOM,EaseMyTrip,6E,6E-6050,2026-09-10,T+15,5239,1150,6389,2026-08-26T00:56:48.985Z,FALSE,"",08:15,FALSE
fare_DEL-BOM_IX_2026-09-10_T+15_1787777823002_0vtn,DEL-BOM,EaseMyTrip,IX,IX-1056,2026-09-10,T+15,5483,1204,6687,2026-08-26T00:56:48.985Z,FALSE,"",05:45,TRUE
fare_DEL-BOM_6E_2026-09-10_T+15_1787777823002_7vx6,DEL-BOM,EaseMyTrip,6E,6E-6601,2026-09-10,T+15,5346,1174,6520,2026-08-26T00:56:48.985Z,FALSE,"",19:45,FALSE
fare_DEL-BOM_6E_2026-09-10_T+15_1787777823002_esky,DEL-BOM,EaseMyTrip,6E,6E-6282,2026-09-10,T+15,5346,1174,6520,2026-08-26T00:56:48.985Z,FALSE,"",13:30,FALSE
fare_DEL-BOM_6E_2026-09-10_T+15_1787777823002_wgbw,DEL-BOM,EaseMyTrip,6E,6E-933,2026-09-10,T+15,5346,1174,6520,2026-08-26T00:56:48.985Z,FALSE,"",02:25,FALSE
fare_DEL-BOM_6E_2026-09-10_T+15_1787777823002_dfea,DEL-BOM,EaseMyTrip,6E,6E-422,2026-09-10,T+15,5346,1174,6520,2026-08-26T00:56:48.985Z,FALSE,"",02:25,FALSE
fare_DEL-BOM_6E_2026-09-10_T+15_1787777823002_685o,DEL-BOM,EaseMyTrip,6E,6E-637,2026-09-10,T+15,5346,1174,6520,2026-08-26T00:56:48.985Z,FALSE,"",23:15,FALSE
fare_DEL-BOM_6E_2026-09-10_T+15_1787777823002_qqam,DEL-BOM,EaseMyTrip,6E,6E-309,2026-09-10,T+15,5346,1174,6520,2026-08-26T00:56:48.985Z,FALSE,"",23:15,FALSE
fare_DEL-BOM_6E_2026-09-10_T+15_1787777823002_wgvp,DEL-BOM,EaseMyTrip,6E,6E-6293,2026-09-10,T+15,5346,1174,6520,2026-08-26T00:56:48.985Z,FALSE,"",09:55,FALSE
fare_DEL-BOM_6E_2026-09-10_T+15_1787777823002_e9fi,DEL-BOM,EaseMyTrip,6E,6E-6470,2026-09-10,T+15,5354,1175,6529,2026-08-26T00:56:48.985Z,FALSE,"",06:55,TRUE
fare_DEL-BOM_QP_2026-09-10_T+15_1787777823002_pokz,DEL-BOM,EaseMyTrip,QP,QP-1833,2026-09-10,T+15,5355,1175,6530,2026-08-26T00:56:48.985Z,FALSE,"",06:50,TRUE
fare_DEL-BOM_QP_2026-09-10_T+15_1787777823002_9j0w,DEL-BOM,EaseMyTrip,QP,QP-1112,2026-09-10,T+15,5355,1175,6530,2026-08-26T00:56:48.985Z,FALSE,"",09:20,TRUE
fare_DEL-BOM_QP_2026-09-10_T+15_1787777823002_rxfq,DEL-BOM,EaseMyTrip,QP,QP-1836,2026-09-10,T+15,5355,1175,6530,2026-08-26T00:56:48.985Z,FALSE,"",12:30,TRUE
fare_DEL-BOM_QP_2026-09-10_T+15_1787777823002_ad7k,DEL-BOM,EaseMyTrip,QP,QP-1128,2026-09-10,T+15,5355,1175,6530,2026-08-26T00:56:48.985Z,FALSE,"",16:00,TRUE
fare_DEL-BOM_QP_2026-09-10_T+15_1787777823002_mqb3,DEL-BOM,EaseMyTrip,QP,QP-1820,2026-09-10,T+15,5355,1175,6530,2026-08-26T00:56:48.985Z,FALSE,"",17:30,TRUE
fare_DEL-BOM_QP_2026-09-10_T+15_1787777823002_u8wk,DEL-BOM,EaseMyTrip,QP,QP-1119,2026-09-10,T+15,5355,1175,6530,2026-08-26T00:56:48.985Z,FALSE,"",08:40,TRUE
fare_DEL-BOM_QP_2026-09-10_T+15_1787777823002_t1nk,DEL-BOM,EaseMyTrip,QP,QP-1110,2026-09-10,T+15,5355,1175,6530,2026-08-26T00:56:48.985Z,FALSE,"",10:30,TRUE
fare_DEL-BOM_QP_2026-09-10_T+15_1787777823002_rkqf,DEL-BOM,EaseMyTrip,QP,QP-1826,2026-09-10,T+15,5355,1175,6530,2026-08-26T00:56:48.985Z,FALSE,"",19:55,TRUE
fare_DEL-BOM_6E_2026-09-10_T+15_1787777823002_jc1m,DEL-BOM,EaseMyTrip,6E,6E-6706,2026-09-10,T+15,5355,1175,6530,2026-08-26T00:56:48.985Z,FALSE,"",17:00,TRUE
fare_DEL-BOM_6E_2026-09-10_T+15_1787777823002_lxls,DEL-BOM,EaseMyTrip,6E,6E-355,2026-09-10,T+15,5355,1175,6530,2026-08-26T00:56:48.985Z,FALSE,"",16:15,TRUE
fare_DEL-BOM_6E_2026-09-10_T+15_1787777823002_3980,DEL-BOM,EaseMyTrip,6E,6E-889,2026-09-10,T+15,5355,1175,6530,2026-08-26T00:56:48.985Z,FALSE,"",16:15,TRUE
fare_DEL-BOM_6E_2026-09-10_T+15_1787777823002_bj2r,DEL-BOM,EaseMyTrip,6E,6E-219,2026-09-10,T+15,5355,1175,6530,2026-08-26T00:56:48.985Z,FALSE,"",15:30,TRUE
fare_DEL-BOM_6E_2026-09-10_T+15_1787777823002_9ubl,DEL-BOM,EaseMyTrip,6E,6E-766,2026-09-10,T+15,5355,1175,6530,2026-08-26T00:56:48.985Z,FALSE,"",15:30,TRUE
fare_DEL-BOM_6E_2026-09-10_T+15_1787777823002_d7x4,DEL-BOM,EaseMyTrip,6E,6E-6022,2026-09-10,T+15,5355,1175,6530,2026-08-26T00:56:48.985Z,FALSE,"",14:00,TRUE
fare_DEL-BOM_6E_2026-09-10_T+15_1787777823002_i8fq,DEL-BOM,EaseMyTrip,6E,6E-6318,2026-09-10,T+15,5355,1175,6530,2026-08-26T00:56:48.985Z,FALSE,"",14:45,TRUE
fare_DEL-BOM_6E_2026-09-10_T+15_1787777823002_tbsw,DEL-BOM,EaseMyTrip,6E,6E-6328,2026-09-10,T+15,5355,1175,6530,2026-08-26T00:56:48.985Z,FALSE,"",10:15,TRUE
fare_DEL-BOM_6E_2026-09-10_T+15_1787777823002_rxvq,DEL-BOM,EaseMyTrip,6E,6E-6047,2026-09-10,T+15,5355,1175,6530,2026-08-26T00:56:48.985Z,FALSE,"",11:00,TRUE
fare_DEL-BOM_6E_2026-09-10_T+15_1787777823002_78ml,DEL-BOM,EaseMyTrip,6E,6E-6676,2026-09-10,T+15,5355,1175,6530,2026-08-26T00:56:48.985Z,FALSE,"",12:00,TRUE
fare_DEL-BOM_6E_2026-09-10_T+15_1787777823002_lc3b,DEL-BOM,EaseMyTrip,6E,6E-231,2026-09-10,T+15,5355,1175,6530,2026-08-26T00:56:48.985Z,FALSE,"",13:00,TRUE
fare_DEL-BOM_6E_2026-09-10_T+15_1787777823002_4uga,DEL-BOM,EaseMyTrip,6E,6E-230,2026-09-10,T+15,5355,1175,6530,2026-08-26T00:56:48.985Z,FALSE,"",13:00,TRUE
fare_DEL-BOM_6E_2026-09-10_T+15_1787777823002_vzcn,DEL-BOM,EaseMyTrip,6E,6E-6107,2026-09-10,T+15,5355,1175,6530,2026-08-26T00:56:48.985Z,FALSE,"",09:30,TRUE
fare_DEL-BOM_QP_2026-09-10_T+15_1787777823002_9i8f,DEL-BOM,EaseMyTrip,QP,QP-1940,2026-09-10,T+15,5427,1191,6618,2026-08-26T00:56:48.985Z,FALSE,"",14:00,TRUE
fare_DEL-BOM_6E_2026-09-10_T+15_1787777823002_o0m8,DEL-BOM,EaseMyTrip,6E,6E-5198,2026-09-10,T+15,5427,1191,6618,2026-08-26T00:56:48.985Z,FALSE,"",15:00,TRUE
fare_DEL-BOM_IX_2026-09-10_T+15_1787777823002_n0rc,DEL-BOM,EaseMyTrip,IX,IX-1038,2026-09-10,T+15,5690,1249,6939,2026-08-26T00:56:48.985Z,FALSE,"",17:35,TRUE
fare_DEL-BOM_6E_2026-09-10_T+15_1787777823002_wll9,DEL-BOM,EaseMyTrip,6E,6E-358,2026-09-10,T+15,5484,1204,6688,2026-08-26T00:56:48.985Z,FALSE,"",05:00,TRUE
fare_DEL-BOM_6E_2026-09-10_T+15_1787777823002_vsba,DEL-BOM,EaseMyTrip,6E,6E-425,2026-09-10,T+15,5484,1204,6688,2026-08-26T00:56:48.985Z,FALSE,"",05:00,TRUE
fare_DEL-BOM_6E_2026-09-10_T+15_1787777823002_ol8d,DEL-BOM,EaseMyTrip,6E,6E-468,2026-09-10,T+15,5484,1204,6688,2026-08-26T00:56:48.985Z,FALSE,"",23:30,TRUE
fare_DEL-BOM_6E_2026-09-10_T+15_1787777823002_uzu4,DEL-BOM,EaseMyTrip,6E,6E-187,2026-09-10,T+15,5484,1204,6688,2026-08-26T00:56:48.985Z,FALSE,"",23:30,TRUE
fare_DEL-BOM_6E_2026-09-10_T+15_1787777823002_b08n,DEL-BOM,EaseMyTrip,6E,6E-6114,2026-09-10,T+15,5484,1204,6688,2026-08-26T00:56:48.985Z,FALSE,"",22:45,TRUE
fare_DEL-BOM_6E_2026-09-10_T+15_1787777823002_gsy7,DEL-BOM,EaseMyTrip,6E,6E-6218,2026-09-10,T+15,5484,1204,6688,2026-08-26T00:56:48.985Z,FALSE,"",06:05,TRUE
fare_DEL-BOM_6E_2026-09-10_T+15_1787777823002_s3td,DEL-BOM,EaseMyTrip,6E,6E-475,2026-09-10,T+15,5484,1204,6688,2026-08-26T00:56:48.985Z,FALSE,"",08:45,TRUE
fare_DEL-BOM_6E_2026-09-10_T+15_1787777823002_qx5o,DEL-BOM,EaseMyTrip,6E,6E-770,2026-09-10,T+15,5484,1204,6688,2026-08-26T00:56:48.985Z,FALSE,"",08:45,TRUE
fare_DEL-BOM_6E_2026-09-10_T+15_1787777823002_e7bx,DEL-BOM,EaseMyTrip,6E,6E-993,2026-09-10,T+15,5526,1213,6739,2026-08-26T00:56:48.985Z,FALSE,"",20:20,TRUE
fare_DEL-BOM_6E_2026-09-10_T+15_1787777823002_nkul,DEL-BOM,EaseMyTrip,6E,6E-506,2026-09-10,T+15,5526,1213,6739,2026-08-26T00:56:48.985Z,FALSE,"",20:20,TRUE
fare_DEL-BOM_AI_2026-09-10_T+15_1787777823002_q9vs,DEL-BOM,EaseMyTrip,AI,AI-2678,2026-09-10,T+15,5740,1260,7000,2026-08-26T00:56:48.985Z,FALSE,"",08:30,TRUE
fare_DEL-BOM_AI_2026-09-10_T+15_1787777823002_tka6,DEL-BOM,EaseMyTrip,AI,AI-2963,2026-09-10,T+15,5740,1260,7000,2026-08-26T00:56:48.985Z,FALSE,"",09:00,TRUE
fare_DEL-BOM_AI_2026-09-10_T+15_1787777823002_c7ut,DEL-BOM,EaseMyTrip,AI,AI-2975,2026-09-10,T+15,5740,1260,7000,2026-08-26T00:56:48.985Z,FALSE,"",06:30,TRUE
fare_DEL-BOM_AI_2026-09-10_T+15_1787777823002_pd55,DEL-BOM,EaseMyTrip,AI,AI-2425,2026-09-10,T+15,5740,1260,7000,2026-08-26T00:56:48.985Z,FALSE,"",10:30,TRUE
fare_DEL-BOM_AI_2026-09-10_T+15_1787777823002_yyi4,DEL-BOM,EaseMyTrip,AI,AI-2941,2026-09-10,T+15,5740,1260,7000,2026-08-26T00:56:48.985Z,FALSE,"",16:30,TRUE
fare_DEL-BOM_AI_2026-09-10_T+15_1787777823002_1igo,DEL-BOM,EaseMyTrip,AI,AI-887,2026-09-10,T+15,5740,1260,7000,2026-08-26T00:56:48.985Z,FALSE,"",21:00,TRUE
fare_DEL-BOM_AI_2026-09-10_T+15_1787777823002_dml7,DEL-BOM,EaseMyTrip,AI,AI-2981,2026-09-10,T+15,5740,1260,7000,2026-08-26T00:56:48.985Z,FALSE,"",21:00,TRUE
fare_DEL-BOM_AI_2026-09-10_T+15_1787777823002_5kx0,DEL-BOM,EaseMyTrip,AI,AI-1745,2026-09-10,T+15,5740,1260,7000,2026-08-26T00:56:48.985Z,FALSE,"",05:00,TRUE
fare_DEL-BOM_AI_2026-09-10_T+15_1787777823002_sa28,DEL-BOM,EaseMyTrip,AI,AI-2429,2026-09-10,T+15,5740,1260,7000,2026-08-26T00:56:48.985Z,FALSE,"",07:00,TRUE
fare_DEL-BOM_AI_2026-09-10_T+15_1787777823002_subs,DEL-BOM,EaseMyTrip,AI,AI-2943,2026-09-10,T+15,5740,1260,7000,2026-08-26T00:56:48.985Z,FALSE,"",07:30,TRUE
fare_DEL-BOM_AI_2026-09-10_T+15_1787777823002_zser,DEL-BOM,EaseMyTrip,AI,AI-2995,2026-09-10,T+15,5740,1260,7000,2026-08-26T00:56:48.985Z,FALSE,"",10:00,TRUE
fare_DEL-BOM_AI_2026-09-10_T+15_1787777823002_tl2x,DEL-BOM,EaseMyTrip,AI,AI-2945,2026-09-10,T+15,5740,1260,7000,2026-08-26T00:56:48.985Z,FALSE,"",11:00,TRUE
fare_DEL-BOM_AI_2026-09-10_T+15_1787777823002_20f9,DEL-BOM,EaseMyTrip,AI,AI-1785,2026-09-10,T+15,5740,1260,7000,2026-08-26T00:56:48.985Z,FALSE,"",12:00,TRUE
fare_DEL-BOM_AI_2026-09-10_T+15_1787777823002_0xbu,DEL-BOM,EaseMyTrip,AI,AI-2933,2026-09-10,T+15,5740,1260,7000,2026-08-26T00:56:48.985Z,FALSE,"",15:30,TRUE
fare_DEL-BOM_AI_2026-09-10_T+15_1787777823002_5r43,DEL-BOM,EaseMyTrip,AI,AI-1777,2026-09-10,T+15,5740,1260,7000,2026-08-26T00:56:48.985Z,FALSE,"",16:00,TRUE
fare_DEL-BOM_AI_2026-09-10_T+15_1787777823002_mkex,DEL-BOM,EaseMyTrip,AI,AI-441,2026-09-10,T+15,5740,1260,7000,2026-08-26T00:56:48.985Z,FALSE,"",17:00,TRUE
fare_DEL-BOM_AI_2026-09-10_T+15_1787777823002_77pk,DEL-BOM,EaseMyTrip,AI,AI-2955,2026-09-10,T+15,5740,1260,7000,2026-08-26T00:56:48.985Z,FALSE,"",18:00,TRUE
fare_DEL-BOM_AI_2026-09-10_T+15_1787777823002_wb66,DEL-BOM,EaseMyTrip,AI,AI-2977,2026-09-10,T+15,5740,1260,7000,2026-08-26T00:56:48.985Z,FALSE,"",19:00,TRUE
fare_DEL-BOM_AI_2026-09-10_T+15_1787777823002_c422,DEL-BOM,EaseMyTrip,AI,AI-2985,2026-09-10,T+15,5740,1260,7000,2026-08-26T00:56:48.985Z,FALSE,"",19:30,TRUE
fare_DEL-BOM_AI_2026-09-10_T+15_1787777823002_r06z,DEL-BOM,EaseMyTrip,AI,AI-2805,2026-09-10,T+15,5740,1260,7000,2026-08-26T00:56:48.985Z,FALSE,"",20:00,TRUE
fare_DEL-BOM_AI_2026-09-10_T+15_1787777823002_xus8,DEL-BOM,EaseMyTrip,AI,AI-2433,2026-09-10,T+15,5740,1260,7000,2026-08-26T00:56:48.985Z,FALSE,"",21:30,TRUE
fare_DEL-BOM_AI_2026-09-10_T+15_1787777823002_lpdb,DEL-BOM,EaseMyTrip,AI,AI-2439,2026-09-10,T+15,5740,1260,7000,2026-08-26T00:56:48.985Z,FALSE,"",23:00,TRUE
fare_DEL-BOM_AI_2026-09-10_T+15_1787777823002_92aa,DEL-BOM,EaseMyTrip,AI,AI-2927,2026-09-10,T+15,5740,1260,7000,2026-08-26T00:56:48.985Z,FALSE,"",09:30,TRUE
fare_DEL-BOM_AI_2026-09-10_T+15_1787777823002_ojq8,DEL-BOM,EaseMyTrip,AI,AI-2957,2026-09-10,T+15,5740,1260,7000,2026-08-26T00:56:48.985Z,FALSE,"",20:30,TRUE
fare_DEL-BOM_6E_2026-09-10_T+15_1787777823002_3f3c,DEL-BOM,EaseMyTrip,6E,6E-5206,2026-09-10,T+15,5633,1236,6869,2026-08-26T00:56:48.985Z,FALSE,"",13:20,FALSE
fare_DEL-BOM_SG_2026-09-10_T+15_1787777823002_6h3a,DEL-BOM,EaseMyTrip,SG,SG-520,2026-09-10,T+15,5810,1275,7085,2026-08-26T00:56:48.985Z,FALSE,"",09:15,TRUE
fare_DEL-BOM_SG_2026-09-10_T+15_1787777823002_88t3,DEL-BOM,EaseMyTrip,SG,SG-415,2026-09-10,T+15,5810,1275,7085,2026-08-26T00:56:48.985Z,FALSE,"",09:15,TRUE
fare_DEL-BOM_6E_2026-09-10_T+15_1787777823002_nf3v,DEL-BOM,EaseMyTrip,6E,6E-327,2026-09-10,T+15,5656,1242,6898,2026-08-26T00:56:48.985Z,FALSE,"",21:45,TRUE
fare_DEL-BOM_6E_2026-09-10_T+15_1787777823002_r70p,DEL-BOM,EaseMyTrip,6E,6E-172,2026-09-10,T+15,5656,1242,6898,2026-08-26T00:56:48.985Z,FALSE,"",21:45,TRUE
fare_DEL-BOM_6E_2026-09-10_T+15_1787777823002_fbtk,DEL-BOM,EaseMyTrip,6E,6E-156,2026-09-10,T+15,5656,1242,6898,2026-08-26T00:56:48.985Z,FALSE,"",20:00,TRUE
fare_DEL-BOM_6E_2026-09-10_T+15_1787777823002_amnw,DEL-BOM,EaseMyTrip,6E,6E-344,2026-09-10,T+15,5656,1242,6898,2026-08-26T00:56:48.985Z,FALSE,"",20:00,TRUE
fare_DEL-BOM_6E_2026-09-10_T+15_1787777823002_ssoe,DEL-BOM,EaseMyTrip,6E,6E-912,2026-09-10,T+15,5656,1242,6898,2026-08-26T00:56:48.985Z,FALSE,"",19:00,TRUE
fare_DEL-BOM_6E_2026-09-10_T+15_1787777823002_zqtv,DEL-BOM,EaseMyTrip,6E,6E-641,2026-09-10,T+15,5656,1242,6898,2026-08-26T00:56:48.985Z,FALSE,"",19:00,TRUE
fare_DEL-BOM_6E_2026-09-10_T+15_1787777823002_xng0,DEL-BOM,EaseMyTrip,6E,6E-377,2026-09-10,T+15,5656,1242,6898,2026-08-26T00:56:48.985Z,FALSE,"",18:00,TRUE
fare_DEL-BOM_6E_2026-09-10_T+15_1787777823002_g60n,DEL-BOM,EaseMyTrip,6E,6E-297,2026-09-10,T+15,5656,1242,6898,2026-08-26T00:56:48.985Z,FALSE,"",18:00,TRUE
fare_DEL-BOM_6E_2026-09-10_T+15_1787777823002_d0hx,DEL-BOM,EaseMyTrip,6E,6E-473,2026-09-10,T+15,5656,1242,6898,2026-08-26T00:56:48.985Z,FALSE,"",20:45,TRUE
fare_DEL-BOM_6E_2026-09-10_T+15_1787777823002_4d2l,DEL-BOM,EaseMyTrip,6E,6E-6814,2026-09-10,T+15,5656,1242,6898,2026-08-26T00:56:48.985Z,FALSE,"",07:15,TRUE
fare_DEL-BOM_6E_2026-09-10_T+15_1787777823002_qc6t,DEL-BOM,EaseMyTrip,6E,6E-296,2026-09-10,T+15,5871,1289,7160,2026-08-26T00:56:48.985Z,FALSE,"",08:00,TRUE
fare_DEL-BOM_6E_2026-09-10_T+15_1787777823002_5vd6,DEL-BOM,EaseMyTrip,6E,6E-396,2026-09-10,T+15,5871,1289,7160,2026-08-26T00:56:48.985Z,FALSE,"",08:00,TRUE
fare_DEL-BOM_AI_2026-09-10_T+15_1787777823002_qpls,DEL-BOM,EaseMyTrip,AI,AI-2951,2026-09-10,T+15,6043,1326,7369,2026-08-26T00:56:48.985Z,FALSE,"",13:30,TRUE
fare_DEL-BOM_6E_2026-09-10_T+15_1787777823002_rp8o,DEL-BOM,EaseMyTrip,6E,6E-6171,2026-09-10,T+15,5893,1294,7187,2026-08-26T00:56:48.985Z,FALSE,"",05:40,FALSE
fare_DEL-BOM_IX_2026-09-10_T+15_1787777823002_5orn,DEL-BOM,EaseMyTrip,IX,IX-1051,2026-09-10,T+15,6339,1391,7730,2026-08-26T00:56:48.985Z,FALSE,"",19:05,FALSE
fare_DEL-BOM_6E_2026-09-10_T+15_1787777823002_1w1b,DEL-BOM,EaseMyTrip,6E,6E-7646,2026-09-10,T+15,6202,1362,7564,2026-08-26T00:56:48.985Z,FALSE,"",06:15,FALSE
fare_DEL-BOM_6E_2026-09-10_T+15_1787777823002_j4a0,DEL-BOM,EaseMyTrip,6E,6E-2341,2026-09-10,T+15,6619,1453,8072,2026-08-26T00:56:48.985Z,FALSE,"",14:50,FALSE
fare_DEL-BOM_6E_2026-09-10_T+15_1787777823002_i734,DEL-BOM,EaseMyTrip,6E,6E-803,2026-09-10,T+15,6713,1474,8187,2026-08-26T00:56:48.985Z,FALSE,"",19:30,FALSE
fare_DEL-BOM_6E_2026-09-10_T+15_1787777823002_aq8g,DEL-BOM,EaseMyTrip,6E,6E-206,2026-09-10,T+15,6713,1474,8187,2026-08-26T00:56:48.985Z,FALSE,"",19:30,FALSE
fare_DEL-BOM_6E_2026-09-10_T+15_1787777823002_2q94,DEL-BOM,EaseMyTrip,6E,6E-6497,2026-09-10,T+15,7172,1574,8746,2026-08-26T00:56:48.985Z,FALSE,"",18:45,FALSE
fare_DEL-BOM_6E_2026-09-10_T+15_1787777823002_t38r,DEL-BOM,EaseMyTrip,6E,6E-2349,2026-09-10,T+15,7526,1652,9178,2026-08-26T00:56:48.985Z,FALSE,"",10:55,FALSE
fare_DEL-BOM_6E_2026-09-10_T+15_1787777823002_q2kr,DEL-BOM,EaseMyTrip,6E,6E-7642,2026-09-10,T+15,7624,1673,9297,2026-08-26T00:56:48.985Z,FALSE,"",15:45,FALSE
fare_DEL-BOM_6E_2026-09-10_T+15_1787777823002_kd1i,DEL-BOM,EaseMyTrip,6E,6E-252,2026-09-10,T+15,7811,1715,9526,2026-08-26T00:56:48.985Z,FALSE,"",12:15,FALSE
fare_DEL-BOM_6E_2026-09-10_T+15_1787777823002_ghk9,DEL-BOM,EaseMyTrip,6E,6E-339,2026-09-10,T+15,7811,1715,9526,2026-08-26T00:56:48.985Z,FALSE,"",12:15,FALSE
fare_DEL-BOM_AI_2026-09-10_T+15_1787777823002_ptfq,DEL-BOM,EaseMyTrip,AI,AI-1780,2026-09-10,T+15,8518,1870,10388,2026-08-26T00:56:48.985Z,TRUE,"High outlier: ₹10388 > upper fence ₹10387 (Q3: ₹8072, IQR: ₹1543)",16:10,TRUE
fare_DEL-BOM_6E_2026-09-10_T+15_1787777823002_gwal,DEL-BOM,EaseMyTrip,6E,6E-2381,2026-09-10,T+15,8379,1839,10218,2026-08-26T00:56:48.985Z,FALSE,"",13:45,FALSE
fare_DEL-BOM_AI_2026-09-10_T+15_1787777823002_ldme,DEL-BOM,EaseMyTrip,AI,AI-1705,2026-09-10,T+15,8895,1952,10847,2026-08-26T00:56:48.985Z,TRUE,"High outlier: ₹10847 > upper fence ₹10387 (Q3: ₹8072, IQR: ₹1543)",06:30,FALSE
fare_DEL-BOM_6E_2026-09-10_T+15_1787777823002_c5wv,DEL-BOM,EaseMyTrip,6E,6E-952,2026-09-10,T+15,8877,1948,10825,2026-08-26T00:56:48.985Z,TRUE,"High outlier: ₹10825 > upper fence ₹10387 (Q3: ₹8072, IQR: ₹1543)",08:30,FALSE
fare_DEL-BOM_6E_2026-09-10_T+15_1787777823002_hoh0,DEL-BOM,EaseMyTrip,6E,6E-935,2026-09-10,T+15,8877,1948,10825,2026-08-26T00:56:48.985Z,TRUE,"High outlier: ₹10825 > upper fence ₹10387 (Q3: ₹8072, IQR: ₹1543)",08:30,FALSE
fare_DEL-BOM_AI_2026-09-10_T+15_1787777823002_stmg,DEL-BOM,EaseMyTrip,AI,AI-2761,2026-09-10,T+15,9043,1985,11028,2026-08-26T00:56:48.985Z,TRUE,"High outlier: ₹11028 > upper fence ₹10387 (Q3: ₹8072, IQR: ₹1543)",16:25,FALSE
fare_DEL-BOM_AI_2026-09-10_T+15_1787777823002_2ljg,DEL-BOM,EaseMyTrip,AI,AI-2569,2026-09-10,T+15,9335,2049,11384,2026-08-26T00:56:48.985Z,TRUE,"High outlier: ₹11384 > upper fence ₹10387 (Q3: ₹8072, IQR: ₹1543)",20:30,FALSE
fare_DEL-BOM_6E_2026-09-10_T+15_1787777823002_l4wz,DEL-BOM,EaseMyTrip,6E,6E-2496,2026-09-10,T+15,9332,2048,11380,2026-08-26T00:56:48.985Z,TRUE,"High outlier: ₹11380 > upper fence ₹10387 (Q3: ₹8072, IQR: ₹1543)",12:40,FALSE
fare_DEL-BOM_IX_2026-09-10_T+15_1787777823002_zft5,DEL-BOM,EaseMyTrip,IX,IX-1049,2026-09-10,T+15,9783,2147,11930,2026-08-26T00:56:48.985Z,TRUE,"High outlier: ₹11930 > upper fence ₹10387 (Q3: ₹8072, IQR: ₹1543)",18:40,FALSE
fare_DEL-BOM_AI_2026-09-10_T+15_1787777823002_t5t6,DEL-BOM,EaseMyTrip,AI,AI-1717,2026-09-10,T+15,9810,2154,11964,2026-08-26T00:56:48.985Z,TRUE,"High outlier: ₹11964 > upper fence ₹10387 (Q3: ₹8072, IQR: ₹1543)",14:20,FALSE
fare_DEL-BOM_AI_2026-09-10_T+15_1787777823002_tisr,DEL-BOM,EaseMyTrip,AI,AI-9757,2026-09-10,T+15,10111,2220,12331,2026-08-26T00:56:48.985Z,TRUE,"High outlier: ₹12331 > upper fence ₹10387 (Q3: ₹8072, IQR: ₹1543)",11:50,FALSE
fare_DEL-BOM_AI_2026-09-10_T+15_1787777823002_zjic,DEL-BOM,EaseMyTrip,AI,AI-9759,2026-09-10,T+15,10111,2220,12331,2026-08-26T00:56:48.985Z,TRUE,"High outlier: ₹12331 > upper fence ₹10387 (Q3: ₹8072, IQR: ₹1543)",06:00,FALSE
fare_DEL-BOM_AI_2026-09-10_T+15_1787777823002_pip6,DEL-BOM,EaseMyTrip,AI,AI-1710,2026-09-10,T+15,10585,2324,12909,2026-08-26T00:56:48.985Z,TRUE,"High outlier: ₹12909 > upper fence ₹10387 (Q3: ₹8072, IQR: ₹1543)",18:35,FALSE
fare_DEL-BOM_AI_2026-09-10_T+15_1787777823002_ml79,DEL-BOM,EaseMyTrip,AI,AI-2715,2026-09-10,T+15,11186,2455,13641,2026-08-26T00:56:48.985Z,TRUE,"High outlier: ₹13641 > upper fence ₹10387 (Q3: ₹8072, IQR: ₹1543)",11:40,FALSE
fare_DEL-BOM_AI_2026-09-10_T+15_1787777823002_dmqw,DEL-BOM,EaseMyTrip,AI,AI-2545,2026-09-10,T+15,11186,2455,13641,2026-08-26T00:56:48.985Z,TRUE,"High outlier: ₹13641 > upper fence ₹10387 (Q3: ₹8072, IQR: ₹1543)",20:30,FALSE
fare_DEL-BOM_AI_2026-09-10_T+15_1787777823002_lomu,DEL-BOM,EaseMyTrip,AI,AI-531,2026-09-10,T+15,11186,2455,13641,2026-08-26T00:56:48.985Z,TRUE,"High outlier: ₹13641 > upper fence ₹10387 (Q3: ₹8072, IQR: ₹1543)",19:20,FALSE
fare_DEL-BOM_AI_2026-09-10_T+15_1787777823002_wscw,DEL-BOM,EaseMyTrip,AI,AI-809,2026-09-10,T+15,11273,2475,13748,2026-08-26T00:56:48.985Z,TRUE,"High outlier: ₹13748 > upper fence ₹10387 (Q3: ₹8072, IQR: ₹1543)",17:40,FALSE
fare_DEL-BOM_AI_2026-09-10_T+15_1787777823003_2nju,DEL-BOM,EaseMyTrip,AI,AI-423,2026-09-10,T+15,11273,2475,13748,2026-08-26T00:56:48.985Z,TRUE,"High outlier: ₹13748 > upper fence ₹10387 (Q3: ₹8072, IQR: ₹1543)",09:30,FALSE
fare_DEL-BOM_AI_2026-09-10_T+15_1787777823003_z99s,DEL-BOM,EaseMyTrip,AI,AI-2909,2026-09-10,T+15,11273,2475,13748,2026-08-26T00:56:48.985Z,TRUE,"High outlier: ₹13748 > upper fence ₹10387 (Q3: ₹8072, IQR: ₹1543)",22:30,FALSE
fare_DEL-BOM_AI_2026-09-10_T+15_1787777823003_0787,DEL-BOM,EaseMyTrip,AI,AI-817,2026-09-10,T+15,11463,2516,13979,2026-08-26T00:56:48.985Z,TRUE,"High outlier: ₹13979 > upper fence ₹10387 (Q3: ₹8072, IQR: ₹1543)",05:55,FALSE
fare_DEL-BOM_6E_2026-09-10_T+15_1787777823003_4n7m,DEL-BOM,EaseMyTrip,6E,6E-5014,2026-09-10,T+15,11321,2485,13806,2026-08-26T00:56:48.985Z,TRUE,"High outlier: ₹13806 > upper fence ₹10387 (Q3: ₹8072, IQR: ₹1543)",18:30,FALSE
fare_DEL-BOM_IX_2026-09-10_T+15_1787777823003_m7zp,DEL-BOM,EaseMyTrip,IX,IX-1108,2026-09-10,T+15,11560,2537,14097,2026-08-26T00:56:48.985Z,TRUE,"High outlier: ₹14097 > upper fence ₹10387 (Q3: ₹8072, IQR: ₹1543)",05:00,FALSE
fare_DEL-BOM_AI_2026-09-10_T+15_1787777823003_pmo3,DEL-BOM,EaseMyTrip,AI,AI-2509,2026-09-10,T+15,11694,2567,14261,2026-08-26T00:56:48.985Z,TRUE,"High outlier: ₹14261 > upper fence ₹10387 (Q3: ₹8072, IQR: ₹1543)",07:00,FALSE
fare_DEL-BOM_AI_2026-09-10_T+15_1787777823003_e1wq,DEL-BOM,EaseMyTrip,AI,AI-1743,2026-09-10,T+15,13065,2868,15933,2026-08-26T00:56:48.985Z,TRUE,"High outlier: ₹15933 > upper fence ₹10387 (Q3: ₹8072, IQR: ₹1543)",06:15,FALSE
fare_DEL-BOM_IX_2026-09-10_T+15_1787777823003_kysf,DEL-BOM,EaseMyTrip,IX,IX-1003,2026-09-10,T+15,13618,2989,16607,2026-08-26T00:56:48.985Z,TRUE,"High outlier: ₹16607 > upper fence ₹10387 (Q3: ₹8072, IQR: ₹1543)",19:10,FALSE
fare_DEL-BOM_AI_2026-09-10_T+15_1787777823003_3ack,DEL-BOM,EaseMyTrip,AI,AI-2907,2026-09-10,T+15,13927,3057,16984,2026-08-26T00:56:48.985Z,TRUE,"High outlier: ₹16984 > upper fence ₹10387 (Q3: ₹8072, IQR: ₹1543)",12:00,FALSE
fare_DEL-BOM_AI_2026-09-10_T+15_1787777823003_ya6d,DEL-BOM,EaseMyTrip,AI,AI-491,2026-09-10,T+15,14497,3182,17679,2026-08-26T00:56:48.985Z,TRUE,"High outlier: ₹17679 > upper fence ₹10387 (Q3: ₹8072, IQR: ₹1543)",11:15,FALSE
fare_DEL-BOM_AI_2026-09-10_T+15_1787777823003_1a68,DEL-BOM,EaseMyTrip,AI,AI-2465,2026-09-10,T+15,14880,3266,18146,2026-08-26T00:56:48.985Z,TRUE,"High outlier: ₹18146 > upper fence ₹10387 (Q3: ₹8072, IQR: ₹1543)",14:30,FALSE
fare_DEL-BOM_AI_2026-09-10_T+15_1787777823003_mfyx,DEL-BOM,EaseMyTrip,AI,AI-9584,2026-09-10,T+15,15190,3334,18524,2026-08-26T00:56:48.985Z,TRUE,"High outlier: ₹18524 > upper fence ₹10387 (Q3: ₹8072, IQR: ₹1543)",11:15,FALSE
fare_DEL-BOM_IX_2026-09-10_T+15_1787777823003_yzc6,DEL-BOM,EaseMyTrip,IX,IX-1068,2026-09-10,T+15,16128,3540,19668,2026-08-26T00:56:48.985Z,TRUE,"High outlier: ₹19668 > upper fence ₹10387 (Q3: ₹8072, IQR: ₹1543)",11:55,FALSE
fare_DEL-BOM_AI_2026-09-10_T+15_1787777823003_vias,DEL-BOM,EaseMyTrip,AI,AI-2803,2026-09-10,T+15,16370,3593,19963,2026-08-26T00:56:48.985Z,TRUE,"High outlier: ₹19963 > upper fence ₹10387 (Q3: ₹8072, IQR: ₹1543)",06:30,FALSE
fare_DEL-BOM_AI_2026-09-10_T+15_1787777823003_4d8p,DEL-BOM,EaseMyTrip,AI,AI-1739,2026-09-10,T+15,17408,3821,21229,2026-08-26T00:56:48.985Z,TRUE,"High outlier: ₹21229 > upper fence ₹10387 (Q3: ₹8072, IQR: ₹1543)",11:30,FALSE
fare_DEL-BOM_AI_2026-09-10_T+15_1787777823003_khcq,DEL-BOM,EaseMyTrip,AI,AI-2525,2026-09-10,T+15,19433,4266,23699,2026-08-26T00:56:48.985Z,TRUE,"High outlier: ₹23699 > upper fence ₹10387 (Q3: ₹8072, IQR: ₹1543)",06:00,FALSE
fare_DEL-BOM_AI_2026-09-10_T+15_1787777823003_7sur,DEL-BOM,EaseMyTrip,AI,AI-2627,2026-09-10,T+15,27957,6137,34094,2026-08-26T00:56:48.985Z,TRUE,"High outlier: ₹34094 > upper fence ₹10387 (Q3: ₹8072, IQR: ₹1543)",10:45,FALSE
fare_DEL-BOM_IX_2026-08-27_T+1_1787777823003_lhnp,DEL-BOM,EaseMyTrip,IX,IX-1605,2026-08-27,T+1,5354,1175,6529,2026-08-26T00:56:36.576Z,FALSE,"",06:00,TRUE
fare_DEL-BOM_IX_2026-08-27_T+1_1787777823003_9g21,DEL-BOM,EaseMyTrip,IX,IX-1056,2026-08-27,T+1,5483,1204,6687,2026-08-26T00:56:36.576Z,FALSE,"",17:50,TRUE
fare_DEL-BOM_6E_2026-08-27_T+1_1787777823003_21nj,DEL-BOM,EaseMyTrip,6E,6E-5096,2026-08-27,T+1,5282,1160,6442,2026-08-26T00:56:36.576Z,FALSE,"",17:00,TRUE
fare_DEL-BOM_6E_2026-08-27_T+1_1787777823003_qri2,DEL-BOM,EaseMyTrip,6E,6E-6470,2026-08-27,T+1,5354,1175,6529,2026-08-26T00:56:36.576Z,FALSE,"",06:55,TRUE
fare_DEL-BOM_QP_2026-08-27_T+1_1787777823003_7kof,DEL-BOM,EaseMyTrip,QP,QP-1110,2026-08-27,T+1,5355,1175,6530,2026-08-26T00:56:36.576Z,FALSE,"",10:30,TRUE
fare_DEL-BOM_QP_2026-08-27_T+1_1787777823003_f0v6,DEL-BOM,EaseMyTrip,QP,QP-1833,2026-08-27,T+1,5355,1175,6530,2026-08-26T00:56:36.576Z,FALSE,"",06:50,TRUE
fare_DEL-BOM_QP_2026-08-27_T+1_1787777823003_lklz,DEL-BOM,EaseMyTrip,QP,QP-1119,2026-08-27,T+1,5355,1175,6530,2026-08-26T00:56:36.576Z,FALSE,"",08:40,TRUE
fare_DEL-BOM_QP_2026-08-27_T+1_1787777823003_l70j,DEL-BOM,EaseMyTrip,QP,QP-1128,2026-08-27,T+1,5355,1175,6530,2026-08-26T00:56:36.576Z,FALSE,"",16:00,TRUE
fare_DEL-BOM_QP_2026-08-27_T+1_1787777823003_qu1l,DEL-BOM,EaseMyTrip,QP,QP-1112,2026-08-27,T+1,5355,1175,6530,2026-08-26T00:56:36.576Z,FALSE,"",09:20,TRUE
fare_DEL-BOM_QP_2026-08-27_T+1_1787777823003_yeq3,DEL-BOM,EaseMyTrip,QP,QP-1836,2026-08-27,T+1,5355,1175,6530,2026-08-26T00:56:36.576Z,FALSE,"",12:05,TRUE
fare_DEL-BOM_6E_2026-08-27_T+1_1787777823003_ynzu,DEL-BOM,EaseMyTrip,6E,6E-504,2026-08-27,T+1,5355,1175,6530,2026-08-26T00:56:36.576Z,FALSE,"",05:00,TRUE
fare_DEL-BOM_6E_2026-08-27_T+1_1787777823003_qr5f,DEL-BOM,EaseMyTrip,6E,6E-997,2026-08-27,T+1,5355,1175,6530,2026-08-26T00:56:36.576Z,FALSE,"",05:00,TRUE
fare_DEL-BOM_6E_2026-08-27_T+1_1787777823003_btxk,DEL-BOM,EaseMyTrip,6E,6E-794,2026-08-27,T+1,5355,1175,6530,2026-08-26T00:56:36.576Z,FALSE,"",23:30,TRUE
fare_DEL-BOM_6E_2026-08-27_T+1_1787777823003_4h2d,DEL-BOM,EaseMyTrip,6E,6E-514,2026-08-27,T+1,5355,1175,6530,2026-08-26T00:56:36.576Z,FALSE,"",23:30,TRUE
fare_DEL-BOM_6E_2026-08-27_T+1_1787777823003_ee8a,DEL-BOM,EaseMyTrip,6E,6E-399,2026-08-27,T+1,5355,1175,6530,2026-08-26T00:56:36.576Z,FALSE,"",16:15,TRUE
fare_DEL-BOM_6E_2026-08-27_T+1_1787777823003_i38f,DEL-BOM,EaseMyTrip,6E,6E-324,2026-08-27,T+1,5355,1175,6530,2026-08-26T00:56:36.576Z,FALSE,"",16:15,TRUE
fare_DEL-BOM_6E_2026-08-27_T+1_1787777823003_tar7,DEL-BOM,EaseMyTrip,6E,6E-223,2026-08-27,T+1,5355,1175,6530,2026-08-26T00:56:36.576Z,FALSE,"",15:30,TRUE
fare_DEL-BOM_6E_2026-08-27_T+1_1787777823003_s6ud,DEL-BOM,EaseMyTrip,6E,6E-829,2026-08-27,T+1,5355,1175,6530,2026-08-26T00:56:36.576Z,FALSE,"",15:30,TRUE
fare_DEL-BOM_6E_2026-08-27_T+1_1787777823003_io6u,DEL-BOM,EaseMyTrip,6E,6E-6022,2026-08-27,T+1,5355,1175,6530,2026-08-26T00:56:36.576Z,FALSE,"",14:00,TRUE
fare_DEL-BOM_6E_2026-08-27_T+1_1787777823003_523z,DEL-BOM,EaseMyTrip,6E,6E-6318,2026-08-27,T+1,5355,1175,6530,2026-08-26T00:56:36.576Z,FALSE,"",14:45,TRUE
fare_DEL-BOM_6E_2026-08-27_T+1_1787777823003_g6ed,DEL-BOM,EaseMyTrip,6E,6E-6218,2026-08-27,T+1,5355,1175,6530,2026-08-26T00:56:36.576Z,FALSE,"",06:05,TRUE
fare_DEL-BOM_6E_2026-08-27_T+1_1787777823003_qs9i,DEL-BOM,EaseMyTrip,6E,6E-500,2026-08-27,T+1,5355,1175,6530,2026-08-26T00:56:36.576Z,FALSE,"",08:00,TRUE
fare_DEL-BOM_6E_2026-08-27_T+1_1787777823003_lj53,DEL-BOM,EaseMyTrip,6E,6E-950,2026-08-27,T+1,5355,1175,6530,2026-08-26T00:56:36.576Z,FALSE,"",08:00,TRUE
fare_DEL-BOM_6E_2026-08-27_T+1_1787777823003_q4ve,DEL-BOM,EaseMyTrip,6E,6E-650,2026-08-27,T+1,5355,1175,6530,2026-08-26T00:56:36.576Z,FALSE,"",08:45,TRUE
fare_DEL-BOM_6E_2026-08-27_T+1_1787777823003_u7b7,DEL-BOM,EaseMyTrip,6E,6E-203,2026-08-27,T+1,5355,1175,6530,2026-08-26T00:56:36.576Z,FALSE,"",08:45,TRUE
fare_DEL-BOM_6E_2026-08-27_T+1_1787777823003_pa0n,DEL-BOM,EaseMyTrip,6E,6E-6814,2026-08-27,T+1,5355,1175,6530,2026-08-26T00:56:36.576Z,FALSE,"",07:15,TRUE
fare_DEL-BOM_6E_2026-08-27_T+1_1787777823003_0d4z,DEL-BOM,EaseMyTrip,6E,6E-6328,2026-08-27,T+1,5355,1175,6530,2026-08-26T00:56:36.576Z,FALSE,"",10:15,TRUE
fare_DEL-BOM_6E_2026-08-27_T+1_1787777823003_g8z6,DEL-BOM,EaseMyTrip,6E,6E-6047,2026-08-27,T+1,5355,1175,6530,2026-08-26T00:56:36.576Z,FALSE,"",11:00,TRUE
fare_DEL-BOM_6E_2026-08-27_T+1_1787777823003_1e01,DEL-BOM,EaseMyTrip,6E,6E-6676,2026-08-27,T+1,5355,1175,6530,2026-08-26T00:56:36.576Z,FALSE,"",12:00,TRUE
fare_DEL-BOM_6E_2026-08-27_T+1_1787777823003_dm9a,DEL-BOM,EaseMyTrip,6E,6E-967,2026-08-27,T+1,5355,1175,6530,2026-08-26T00:56:36.576Z,FALSE,"",13:00,TRUE
fare_DEL-BOM_6E_2026-08-27_T+1_1787777823003_avdj,DEL-BOM,EaseMyTrip,6E,6E-141,2026-08-27,T+1,5355,1175,6530,2026-08-26T00:56:36.576Z,FALSE,"",13:00,TRUE
fare_DEL-BOM_6E_2026-08-27_T+1_1787777823003_vx7y,DEL-BOM,EaseMyTrip,6E,6E-6107,2026-08-27,T+1,5355,1175,6530,2026-08-26T00:56:36.576Z,FALSE,"",09:30,TRUE
fare_DEL-BOM_QP_2026-08-27_T+1_1787777823003_3zgr,DEL-BOM,EaseMyTrip,QP,QP-1940,2026-08-27,T+1,5427,1191,6618,2026-08-26T00:56:36.576Z,FALSE,"",14:10,TRUE
fare_DEL-BOM_QP_2026-08-27_T+1_1787777823003_7dbr,DEL-BOM,EaseMyTrip,QP,QP-1942,2026-08-27,T+1,5427,1191,6618,2026-08-26T00:56:36.576Z,FALSE,"",21:05,TRUE
fare_DEL-BOM_6E_2026-08-27_T+1_1787777823003_abi8,DEL-BOM,EaseMyTrip,6E,6E-5198,2026-08-27,T+1,5427,1191,6618,2026-08-26T00:56:36.576Z,FALSE,"",15:00,TRUE
fare_DEL-BOM_6E_2026-08-27_T+1_1787777823003_xs8o,DEL-BOM,EaseMyTrip,6E,6E-6114,2026-08-27,T+1,5484,1204,6688,2026-08-26T00:56:36.576Z,FALSE,"",22:45,TRUE
fare_DEL-BOM_AI_2026-08-27_T+1_1787777823003_6mh4,DEL-BOM,EaseMyTrip,AI,AI-2678,2026-08-27,T+1,5740,1260,7000,2026-08-26T00:56:36.576Z,FALSE,"",08:30,TRUE
fare_DEL-BOM_AI_2026-08-27_T+1_1787777823003_ke0q,DEL-BOM,EaseMyTrip,AI,AI-2963,2026-08-27,T+1,5740,1260,7000,2026-08-26T00:56:36.576Z,FALSE,"",09:00,TRUE
fare_DEL-BOM_AI_2026-08-27_T+1_1787777823003_be8s,DEL-BOM,EaseMyTrip,AI,AI-2975,2026-08-27,T+1,5740,1260,7000,2026-08-26T00:56:36.576Z,FALSE,"",06:30,TRUE
fare_DEL-BOM_AI_2026-08-27_T+1_1787777823003_9o6q,DEL-BOM,EaseMyTrip,AI,AI-2425,2026-08-27,T+1,5740,1260,7000,2026-08-26T00:56:36.576Z,FALSE,"",10:30,TRUE
fare_DEL-BOM_AI_2026-08-27_T+1_1787777823003_dl72,DEL-BOM,EaseMyTrip,AI,AI-2941,2026-08-27,T+1,5740,1260,7000,2026-08-26T00:56:36.576Z,FALSE,"",16:30,TRUE
fare_DEL-BOM_AI_2026-08-27_T+1_1787777823003_oj66,DEL-BOM,EaseMyTrip,AI,AI-1745,2026-08-27,T+1,5740,1260,7000,2026-08-26T00:56:36.576Z,FALSE,"",05:30,TRUE
fare_DEL-BOM_AI_2026-08-27_T+1_1787777823003_4eqg,DEL-BOM,EaseMyTrip,AI,AI-2429,2026-08-27,T+1,5740,1260,7000,2026-08-26T00:56:36.576Z,FALSE,"",07:00,TRUE
fare_DEL-BOM_AI_2026-08-27_T+1_1787777823003_dsij,DEL-BOM,EaseMyTrip,AI,AI-2943,2026-08-27,T+1,5740,1260,7000,2026-08-26T00:56:36.576Z,FALSE,"",07:30,TRUE
fare_DEL-BOM_AI_2026-08-27_T+1_1787777823003_lf46,DEL-BOM,EaseMyTrip,AI,AI-2945,2026-08-27,T+1,5740,1260,7000,2026-08-26T00:56:36.576Z,FALSE,"",11:00,TRUE
fare_DEL-BOM_AI_2026-08-27_T+1_1787777823003_j8i7,DEL-BOM,EaseMyTrip,AI,AI-1785,2026-08-27,T+1,5740,1260,7000,2026-08-26T00:56:36.576Z,FALSE,"",12:00,TRUE
fare_DEL-BOM_AI_2026-08-27_T+1_1787777823003_cxpu,DEL-BOM,EaseMyTrip,AI,AI-1777,2026-08-27,T+1,5740,1260,7000,2026-08-26T00:56:36.576Z,FALSE,"",16:00,TRUE
fare_DEL-BOM_AI_2026-08-27_T+1_1787777823003_wusq,DEL-BOM,EaseMyTrip,AI,AI-441,2026-08-27,T+1,5740,1260,7000,2026-08-26T00:56:36.576Z,FALSE,"",17:00,TRUE
fare_DEL-BOM_AI_2026-08-27_T+1_1787777823003_nnts,DEL-BOM,EaseMyTrip,AI,AI-2751,2026-08-27,T+1,5740,1260,7000,2026-08-26T00:56:36.576Z,FALSE,"",17:30,TRUE
fare_DEL-BOM_AI_2026-08-27_T+1_1787777823003_iyby,DEL-BOM,EaseMyTrip,AI,AI-2955,2026-08-27,T+1,5740,1260,7000,2026-08-26T00:56:36.576Z,FALSE,"",18:00,TRUE
fare_DEL-BOM_AI_2026-08-27_T+1_1787777823003_efin,DEL-BOM,EaseMyTrip,AI,AI-2999,2026-08-27,T+1,5740,1260,7000,2026-08-26T00:56:36.576Z,FALSE,"",22:00,TRUE
fare_DEL-BOM_AI_2026-08-27_T+1_1787777823003_575c,DEL-BOM,EaseMyTrip,AI,AI-2437,2026-08-27,T+1,5740,1260,7000,2026-08-26T00:56:36.576Z,FALSE,"",22:30,TRUE
fare_DEL-BOM_AI_2026-08-27_T+1_1787777823003_q0oe,DEL-BOM,EaseMyTrip,AI,AI-2439,2026-08-27,T+1,5740,1260,7000,2026-08-26T00:56:36.576Z,FALSE,"",23:00,TRUE
fare_DEL-BOM_AI_2026-08-27_T+1_1787777823003_4lv7,DEL-BOM,EaseMyTrip,AI,AI-2615,2026-08-27,T+1,5740,1260,7000,2026-08-26T00:56:36.576Z,FALSE,"",02:45,TRUE
fare_DEL-BOM_AI_2026-08-27_T+1_1787777823003_tc9u,DEL-BOM,EaseMyTrip,AI,AI-2927,2026-08-27,T+1,5740,1260,7000,2026-08-26T00:56:36.576Z,FALSE,"",09:30,TRUE
fare_DEL-BOM_6E_2026-08-27_T+1_1787777823003_bkoy,DEL-BOM,EaseMyTrip,6E,6E-6706,2026-08-27,T+1,5656,1242,6898,2026-08-26T00:56:36.576Z,FALSE,"",17:00,TRUE
fare_DEL-BOM_AI_2026-08-27_T+1_1787777823003_e106,DEL-BOM,EaseMyTrip,AI,AI-2933,2026-08-27,T+1,5870,1289,7159,2026-08-26T00:56:36.576Z,FALSE,"",15:30,TRUE
fare_DEL-BOM_AI_2026-08-27_T+1_1787777823003_dxc4,DEL-BOM,EaseMyTrip,AI,AI-2441,2026-08-27,T+1,5870,1289,7159,2026-08-26T00:56:36.576Z,FALSE,"",18:25,TRUE
fare_DEL-BOM_AI_2026-08-27_T+1_1787777823003_qp94,DEL-BOM,EaseMyTrip,AI,AI-1780,2026-08-27,T+1,5870,1289,7159,2026-08-26T00:56:36.576Z,FALSE,"",14:30,TRUE
fare_DEL-BOM_QP_2026-08-27_T+1_1787777823003_88a5,DEL-BOM,EaseMyTrip,QP,QP-1820,2026-08-27,T+1,5756,1263,7019,2026-08-26T00:56:36.576Z,FALSE,"",17:30,TRUE
fare_DEL-BOM_6E_2026-08-27_T+1_1787777823003_x9ur,DEL-BOM,EaseMyTrip,6E,6E-558,2026-08-27,T+1,5871,1289,7160,2026-08-26T00:56:36.576Z,FALSE,"",21:45,TRUE
fare_DEL-BOM_6E_2026-08-27_T+1_1787777823003_nfab,DEL-BOM,EaseMyTrip,6E,6E-6171,2026-08-27,T+1,5963,1309,7272,2026-08-26T00:56:36.576Z,FALSE,"",05:40,FALSE
fare_DEL-BOM_QP_2026-08-27_T+1_1787777823003_i0sc,DEL-BOM,EaseMyTrip,QP,QP-1826,2026-08-27,T+1,5968,1310,7278,2026-08-26T00:56:36.576Z,FALSE,"",19:55,TRUE
fare_DEL-BOM_6E_2026-08-27_T+1_1787777823003_5za5,DEL-BOM,EaseMyTrip,6E,6E-6490,2026-08-27,T+1,6027,1323,7350,2026-08-26T00:56:36.576Z,FALSE,"",04:55,FALSE
fare_DEL-BOM_6E_2026-08-27_T+1_1787777823003_yjiw,DEL-BOM,EaseMyTrip,6E,6E-6443,2026-08-27,T+1,6070,1333,7403,2026-08-26T00:56:36.576Z,FALSE,"",09:00,FALSE
fare_DEL-BOM_6E_2026-08-27_T+1_1787777823003_42xv,DEL-BOM,EaseMyTrip,6E,6E-5298,2026-08-27,T+1,6135,1347,7482,2026-08-26T00:56:36.576Z,FALSE,"",09:00,FALSE
fare_DEL-BOM_6E_2026-08-27_T+1_1787777823003_s9kk,DEL-BOM,EaseMyTrip,6E,6E-5038,2026-08-27,T+1,6135,1347,7482,2026-08-26T00:56:36.576Z,FALSE,"",14:00,FALSE
fare_DEL-BOM_6E_2026-08-27_T+1_1787777823003_smzq,DEL-BOM,EaseMyTrip,6E,6E-6050,2026-08-27,T+1,6135,1347,7482,2026-08-26T00:56:36.576Z,FALSE,"",08:15,FALSE
fare_DEL-BOM_6E_2026-08-27_T+1_1787777823003_zpu4,DEL-BOM,EaseMyTrip,6E,6E-787,2026-08-27,T+1,6243,1370,7613,2026-08-26T00:56:36.576Z,FALSE,"",02:25,FALSE
fare_DEL-BOM_6E_2026-08-27_T+1_1787777823003_re8f,DEL-BOM,EaseMyTrip,6E,6E-581,2026-08-27,T+1,6243,1370,7613,2026-08-26T00:56:36.576Z,FALSE,"",02:25,FALSE
fare_DEL-BOM_6E_2026-08-27_T+1_1787777823003_ny1o,DEL-BOM,EaseMyTrip,6E,6E-970,2026-08-27,T+1,6243,1370,7613,2026-08-26T00:56:36.576Z,FALSE,"",08:30,FALSE
fare_DEL-BOM_6E_2026-08-27_T+1_1787777823003_oyld,DEL-BOM,EaseMyTrip,6E,6E-767,2026-08-27,T+1,6243,1370,7613,2026-08-26T00:56:36.576Z,FALSE,"",08:30,FALSE
fare_DEL-BOM_6E_2026-08-27_T+1_1787777823003_s3z2,DEL-BOM,EaseMyTrip,6E,6E-153,2026-08-27,T+1,6243,1370,7613,2026-08-26T00:56:36.576Z,FALSE,"",23:15,FALSE
fare_DEL-BOM_6E_2026-08-27_T+1_1787777823003_xrzs,DEL-BOM,EaseMyTrip,6E,6E-593,2026-08-27,T+1,6243,1370,7613,2026-08-26T00:56:36.576Z,FALSE,"",23:15,FALSE
fare_DEL-BOM_6E_2026-08-27_T+1_1787777823003_x998,DEL-BOM,EaseMyTrip,6E,6E-6293,2026-08-27,T+1,6243,1370,7613,2026-08-26T00:56:36.576Z,FALSE,"",09:55,FALSE
fare_DEL-BOM_AI_2026-08-27_T+1_1787777823003_5zsn,DEL-BOM,EaseMyTrip,AI,AI-2433,2026-08-27,T+1,6414,1408,7822,2026-08-26T00:56:36.576Z,FALSE,"",21:30,TRUE
fare_DEL-BOM_6E_2026-08-27_T+1_1787777823003_c1z4,DEL-BOM,EaseMyTrip,6E,6E-371,2026-08-27,T+1,6307,1385,7692,2026-08-26T00:56:36.576Z,FALSE,"",19:30,FALSE
fare_DEL-BOM_6E_2026-08-27_T+1_1787777823003_bxlc,DEL-BOM,EaseMyTrip,6E,6E-709,2026-08-27,T+1,6307,1385,7692,2026-08-26T00:56:36.576Z,FALSE,"",19:30,FALSE
fare_DEL-BOM_6E_2026-08-27_T+1_1787777823003_0f8w,DEL-BOM,EaseMyTrip,6E,6E-665,2026-08-27,T+1,6307,1385,7692,2026-08-26T00:56:36.576Z,FALSE,"",12:15,FALSE
fare_DEL-BOM_6E_2026-08-27_T+1_1787777823003_r3d1,DEL-BOM,EaseMyTrip,6E,6E-768,2026-08-27,T+1,6307,1385,7692,2026-08-26T00:56:36.576Z,FALSE,"",12:15,FALSE
fare_DEL-BOM_6E_2026-08-27_T+1_1787777823003_p5o8,DEL-BOM,EaseMyTrip,6E,6E-706,2026-08-27,T+1,6388,1402,7790,2026-08-26T00:56:36.576Z,FALSE,"",20:00,TRUE
fare_DEL-BOM_6E_2026-08-27_T+1_1787777823003_or1w,DEL-BOM,EaseMyTrip,6E,6E-351,2026-08-27,T+1,6388,1402,7790,2026-08-26T00:56:36.576Z,FALSE,"",20:00,TRUE
fare_DEL-BOM_6E_2026-08-27_T+1_1787777823003_w2tm,DEL-BOM,EaseMyTrip,6E,6E-5138,2026-08-27,T+1,6553,1438,7991,2026-08-26T00:56:36.576Z,FALSE,"",19:10,FALSE
fare_DEL-BOM_6E_2026-08-27_T+1_1787777823003_3gtk,DEL-BOM,EaseMyTrip,6E,6E-2169,2026-08-27,T+1,6553,1438,7991,2026-08-26T00:56:36.576Z,FALSE,"",19:40,FALSE
fare_DEL-BOM_IX_2026-08-27_T+1_1787777823003_0amr,DEL-BOM,EaseMyTrip,IX,IX-1395,2026-08-27,T+1,6884,1511,8395,2026-08-26T00:56:36.576Z,FALSE,"",19:15,TRUE
fare_DEL-BOM_AI_2026-08-27_T+1_1787777823003_xy5e,DEL-BOM,EaseMyTrip,AI,AI-2981,2026-08-27,T+1,6836,1500,8336,2026-08-26T00:56:36.576Z,FALSE,"",21:00,TRUE
fare_DEL-BOM_6E_2026-08-27_T+1_1787777823003_tncy,DEL-BOM,EaseMyTrip,6E,6E-778,2026-08-27,T+1,6690,1468,8158,2026-08-26T00:56:36.576Z,FALSE,"",19:00,TRUE
fare_DEL-BOM_6E_2026-08-27_T+1_1787777823003_2rue,DEL-BOM,EaseMyTrip,6E,6E-350,2026-08-27,T+1,6690,1468,8158,2026-08-26T00:56:36.576Z,FALSE,"",19:00,TRUE
fare_DEL-BOM_6E_2026-08-27_T+1_1787777823003_dart,DEL-BOM,EaseMyTrip,6E,6E-6497,2026-08-27,T+1,6725,1476,8201,2026-08-26T00:56:36.576Z,FALSE,"",18:45,FALSE
fare_DEL-BOM_6E_2026-08-27_T+1_1787777823003_79g0,DEL-BOM,EaseMyTrip,6E,6E-7646,2026-08-27,T+1,6729,1477,8206,2026-08-26T00:56:36.576Z,FALSE,"",06:15,FALSE
fare_DEL-BOM_AI_2026-08-27_T+1_1787777823003_v3dp,DEL-BOM,EaseMyTrip,AI,AI-2805,2026-08-27,T+1,7068,1552,8620,2026-08-26T00:56:36.576Z,FALSE,"",20:00,TRUE
fare_DEL-BOM_AI_2026-08-27_T+1_1787777823003_chuq,DEL-BOM,EaseMyTrip,AI,AI-2977,2026-08-27,T+1,7127,1565,8692,2026-08-26T00:56:36.576Z,FALSE,"",19:00,TRUE
fare_DEL-BOM_6E_2026-08-27_T+1_1787777823003_w659,DEL-BOM,EaseMyTrip,6E,6E-979,2026-08-27,T+1,7034,1544,8578,2026-08-26T00:56:36.576Z,FALSE,"",18:00,TRUE
fare_DEL-BOM_6E_2026-08-27_T+1_1787777823003_jk75,DEL-BOM,EaseMyTrip,6E,6E-136,2026-08-27,T+1,7034,1544,8578,2026-08-26T00:56:36.576Z,FALSE,"",18:00,TRUE
fare_DEL-BOM_6E_2026-08-27_T+1_1787777823003_dwu7,DEL-BOM,EaseMyTrip,6E,6E-6312,2026-08-27,T+1,7084,1555,8639,2026-08-26T00:56:36.576Z,FALSE,"",14:25,FALSE
fare_DEL-BOM_6E_2026-08-27_T+1_1787777823003_kbyp,DEL-BOM,EaseMyTrip,6E,6E-6459,2026-08-27,T+1,7084,1555,8639,2026-08-26T00:56:36.576Z,FALSE,"",05:55,FALSE
fare_DEL-BOM_6E_2026-08-27_T+1_1787777823003_h2it,DEL-BOM,EaseMyTrip,6E,6E-6488,2026-08-27,T+1,7084,1555,8639,2026-08-26T00:56:36.576Z,FALSE,"",11:20,FALSE
fare_DEL-BOM_6E_2026-08-27_T+1_1787777823003_t3i8,DEL-BOM,EaseMyTrip,6E,6E-6479,2026-08-27,T+1,7148,1569,8717,2026-08-26T00:56:36.576Z,FALSE,"",21:25,FALSE
fare_DEL-BOM_AI_2026-08-27_T+1_1787777823003_mjj7,DEL-BOM,EaseMyTrip,AI,AI-2957,2026-08-27,T+1,7534,1654,9188,2026-08-26T00:56:36.576Z,FALSE,"",20:30,TRUE
fare_DEL-BOM_6E_2026-08-27_T+1_1787777823003_q69s,DEL-BOM,EaseMyTrip,6E,6E-6190,2026-08-27,T+1,7440,1633,9073,2026-08-26T00:56:36.576Z,FALSE,"",07:40,FALSE
fare_DEL-BOM_IX_2026-08-27_T+1_1787777823003_8wex,DEL-BOM,EaseMyTrip,IX,IX-1038,2026-08-27,T+1,7856,1725,9581,2026-08-26T00:56:36.576Z,FALSE,"",18:40,TRUE
fare_DEL-BOM_IX_2026-08-27_T+1_1787777823003_xwxp,DEL-BOM,EaseMyTrip,IX,IX-2820,2026-08-27,T+1,7875,1729,9604,2026-08-26T00:56:36.576Z,FALSE,"",21:00,FALSE
fare_DEL-BOM_AI_2026-08-27_T+1_1787777823003_zgfh,DEL-BOM,EaseMyTrip,AI,AI-2985,2026-08-27,T+1,7862,1726,9588,2026-08-26T00:56:36.576Z,FALSE,"",19:30,TRUE
fare_DEL-BOM_6E_2026-08-27_T+1_1787777823003_o9ov,DEL-BOM,EaseMyTrip,6E,6E-543,2026-08-27,T+1,7765,1704,9469,2026-08-26T00:56:36.576Z,FALSE,"",20:20,TRUE
fare_DEL-BOM_6E_2026-08-27_T+1_1787777823003_yw5w,DEL-BOM,EaseMyTrip,6E,6E-151,2026-08-27,T+1,7765,1704,9469,2026-08-26T00:56:36.576Z,FALSE,"",20:20,TRUE
fare_DEL-BOM_6E_2026-08-27_T+1_1787777823003_kfcp,DEL-BOM,EaseMyTrip,6E,6E-2496,2026-08-27,T+1,8097,1778,9875,2026-08-26T00:56:36.576Z,FALSE,"",12:40,FALSE
fare_DEL-BOM_6E_2026-08-27_T+1_1787777823003_m315,DEL-BOM,EaseMyTrip,6E,6E-236,2026-08-27,T+1,8584,1884,10468,2026-08-26T00:56:36.576Z,FALSE,"",20:45,TRUE
fare_DEL-BOM_6E_2026-08-27_T+1_1787777823003_mq1x,DEL-BOM,EaseMyTrip,6E,6E-213,2026-08-27,T+1,8584,1884,10468,2026-08-26T00:56:36.576Z,FALSE,"",20:45,TRUE
fare_DEL-BOM_6E_2026-08-27_T+1_1787777823003_hfhm,DEL-BOM,EaseMyTrip,6E,6E-2571,2026-08-27,T+1,8646,1898,10544,2026-08-26T00:56:36.576Z,FALSE,"",12:30,FALSE
fare_DEL-BOM_IX_2026-08-27_T+1_1787777823003_tsnr,DEL-BOM,EaseMyTrip,IX,IX-1108,2026-08-27,T+1,9329,2048,11377,2026-08-26T00:56:36.576Z,FALSE,"",05:00,FALSE
fare_DEL-BOM_AI_2026-08-27_T+1_1787777823003_gyye,DEL-BOM,EaseMyTrip,AI,AI-9920,2026-08-27,T+1,9329,2048,11377,2026-08-26T00:56:36.576Z,FALSE,"",10:30,FALSE
fare_DEL-BOM_IX_2026-08-27_T+1_1787777823003_p7tq,DEL-BOM,EaseMyTrip,IX,IX-1789,2026-08-27,T+1,9429,2070,11499,2026-08-26T00:56:36.576Z,FALSE,"",10:40,FALSE
fare_DEL-BOM_6E_2026-08-27_T+1_1787777823003_jvxl,DEL-BOM,EaseMyTrip,6E,6E-6261,2026-08-27,T+1,9638,2116,11754,2026-08-26T00:56:36.576Z,FALSE,"",00:15,FALSE
fare_DEL-BOM_AI_2026-08-27_T+1_1787777823003_25et,DEL-BOM,EaseMyTrip,AI,AI-9540,2026-08-27,T+1,9909,2175,12084,2026-08-26T00:56:36.576Z,FALSE,"",05:00,FALSE
fare_DEL-BOM_6E_2026-08-27_T+1_1787777823003_nkso,DEL-BOM,EaseMyTrip,6E,6E-6433,2026-08-27,T+1,9788,2149,11937,2026-08-26T00:56:36.576Z,FALSE,"",16:30,FALSE
fare_DEL-BOM_IX_2026-08-27_T+1_1787777823003_ivry,DEL-BOM,EaseMyTrip,IX,IX-1068,2026-08-27,T+1,10871,2386,13257,2026-08-26T00:56:36.576Z,FALSE,"",12:00,FALSE
fare_DEL-BOM_6E_2026-08-27_T+1_1787777823003_pkdo,DEL-BOM,EaseMyTrip,6E,6E-6983,2026-08-27,T+1,10830,2377,13207,2026-08-26T00:56:36.576Z,FALSE,"",15:35,FALSE
fare_DEL-BOM_AI_2026-08-27_T+1_1787777823003_exvj,DEL-BOM,EaseMyTrip,AI,AI-9418,2026-08-27,T+1,11403,2503,13906,2026-08-26T00:56:36.576Z,FALSE,"",13:10,FALSE
fare_DEL-BOM_IX_2026-08-27_T+1_1787777823003_wjta,DEL-BOM,EaseMyTrip,IX,IX-2146,2026-08-27,T+1,12131,2663,14794,2026-08-26T00:56:36.576Z,FALSE,"",06:20,FALSE
fare_DEL-BOM_6E_2026-08-27_T+1_1787777823003_3whg,DEL-BOM,EaseMyTrip,6E,6E-6829,2026-08-27,T+1,12174,2672,14846,2026-08-26T00:56:36.576Z,FALSE,"",17:20,FALSE
fare_DEL-BOM_IX_2026-08-27_T+1_1787777823004_k9kx,DEL-BOM,EaseMyTrip,IX,IX-1057,2026-08-27,T+1,12615,2769,15384,2026-08-26T00:56:36.576Z,FALSE,"",05:25,FALSE
fare_DEL-BOM_IX_2026-08-27_T+1_1787777823004_c6cn,DEL-BOM,EaseMyTrip,IX,IX-1003,2026-08-27,T+1,12671,2782,15453,2026-08-26T00:56:36.576Z,FALSE,"",19:10,FALSE
fare_DEL-BOM_6E_2026-08-27_T+1_1787777823004_wzxz,DEL-BOM,EaseMyTrip,6E,6E-2249,2026-08-27,T+1,12635,2774,15409,2026-08-26T00:56:36.576Z,FALSE,"",15:00,FALSE
fare_DEL-BOM_AI_2026-08-27_T+1_1787777823004_84y3,DEL-BOM,EaseMyTrip,AI,AI-1743,2026-08-27,T+1,13065,2868,15933,2026-08-26T00:56:36.576Z,FALSE,"",06:50,FALSE
fare_DEL-BOM_AI_2026-08-27_T+1_1787777823004_ncf2,DEL-BOM,EaseMyTrip,AI,AI-2627,2026-08-27,T+1,13166,2890,16056,2026-08-26T00:56:36.576Z,FALSE,"",10:45,FALSE
fare_DEL-BOM_6E_2026-08-27_T+1_1787777823004_a7al,DEL-BOM,EaseMyTrip,6E,6E-5206,2026-08-27,T+1,13018,2857,15875,2026-08-26T00:56:36.576Z,FALSE,"",13:20,FALSE
fare_DEL-BOM_IX_2026-08-27_T+1_1787777823004_m5ed,DEL-BOM,EaseMyTrip,IX,IX-1617,2026-08-27,T+1,13949,3062,17011,2026-08-26T00:56:36.576Z,FALSE,"",11:50,FALSE
fare_DEL-BOM_6E_2026-08-27_T+1_1787777823004_kget,DEL-BOM,EaseMyTrip,6E,6E-5119,2026-08-27,T+1,13746,3017,16763,2026-08-26T00:56:36.576Z,FALSE,"",05:10,FALSE
fare_DEL-BOM_6E_2026-08-27_T+1_1787777823004_ynjb,DEL-BOM,EaseMyTrip,6E,6E-2076,2026-08-27,T+1,13746,3017,16763,2026-08-26T00:56:36.576Z,FALSE,"",07:30,FALSE
fare_DEL-BOM_AI_2026-08-27_T+1_1787777823004_sg13,DEL-BOM,EaseMyTrip,AI,AI-2907,2026-08-27,T+1,13927,3057,16984,2026-08-26T00:56:36.576Z,FALSE,"",11:55,FALSE
fare_DEL-BOM_6E_2026-08-27_T+1_1787777823004_j9t6,DEL-BOM,EaseMyTrip,6E,6E-2349,2026-08-27,T+1,13794,3028,16822,2026-08-26T00:56:36.576Z,FALSE,"",10:55,FALSE
fare_DEL-BOM_AI_2026-08-27_T+1_1787777823004_vv6m,DEL-BOM,EaseMyTrip,AI,AI-9757,2026-08-27,T+1,14311,3141,17452,2026-08-26T00:56:36.576Z,FALSE,"",11:50,FALSE
fare_DEL-BOM_6E_2026-08-27_T+1_1787777823004_crwg,DEL-BOM,EaseMyTrip,6E,6E-7642,2026-08-27,T+1,14149,3106,17255,2026-08-26T00:56:36.576Z,FALSE,"",15:45,FALSE
fare_DEL-BOM_AI_2026-08-27_T+1_1787777823004_twuu,DEL-BOM,EaseMyTrip,AI,AI-491,2026-08-27,T+1,14497,3182,17679,2026-08-26T00:56:36.576Z,FALSE,"",11:15,FALSE
fare_DEL-BOM_AI_2026-08-27_T+1_1787777823004_eii3,DEL-BOM,EaseMyTrip,AI,AI-1711,2026-08-27,T+1,14497,3182,17679,2026-08-26T00:56:36.576Z,FALSE,"",10:25,FALSE
fare_DEL-BOM_AI_2026-08-27_T+1_1787777823004_fm7r,DEL-BOM,EaseMyTrip,AI,AI-2577,2026-08-27,T+1,14577,3200,17777,2026-08-26T00:56:36.576Z,FALSE,"",02:00,FALSE
fare_DEL-BOM_6E_2026-08-27_T+1_1787777823004_dvss,DEL-BOM,EaseMyTrip,6E,6E-6601,2026-08-27,T+1,14467,3176,17643,2026-08-26T00:56:36.576Z,FALSE,"",19:45,FALSE
fare_DEL-BOM_AI_2026-08-27_T+1_1787777823004_swnj,DEL-BOM,EaseMyTrip,AI,AI-9584,2026-08-27,T+1,15104,3316,18420,2026-08-26T00:56:36.576Z,FALSE,"",11:20,FALSE
fare_DEL-BOM_6E_2026-08-27_T+1_1787777823004_yk5j,DEL-BOM,EaseMyTrip,6E,6E-6282,2026-08-27,T+1,15254,3349,18603,2026-08-26T00:56:36.576Z,FALSE,"",13:30,FALSE
fare_DEL-BOM_AI_2026-08-27_T+1_1787777823004_amxy,DEL-BOM,EaseMyTrip,AI,AI-1705,2026-08-27,T+1,15909,3492,19401,2026-08-26T00:56:36.576Z,FALSE,"",06:30,FALSE
fare_DEL-BOM_AI_2026-08-27_T+1_1787777823004_p6cv,DEL-BOM,EaseMyTrip,AI,AI-1737,2026-08-27,T+1,16144,3544,19688,2026-08-26T00:56:36.576Z,FALSE,"",11:50,FALSE
fare_DEL-BOM_AI_2026-08-27_T+1_1787777823004_szjl,DEL-BOM,EaseMyTrip,AI,AI-9722,2026-08-27,T+1,16245,3566,19811,2026-08-26T00:56:36.576Z,FALSE,"",12:00,FALSE
fare_DEL-BOM_AI_2026-08-27_T+1_1787777823004_o75v,DEL-BOM,EaseMyTrip,AI,AI-2417,2026-08-27,T+1,16618,3648,20266,2026-08-26T00:56:36.576Z,FALSE,"",13:00,FALSE
fare_DEL-BOM_AI_2026-08-27_T+1_1787777823004_daty,DEL-BOM,EaseMyTrip,AI,AI-423,2026-08-27,T+1,16619,3648,20267,2026-08-26T00:56:36.576Z,FALSE,"",09:50,FALSE
fare_DEL-BOM_IX_2026-08-27_T+1_1787777823004_6r51,DEL-BOM,EaseMyTrip,IX,IX-1482,2026-08-27,T+1,17123,3759,20882,2026-08-26T00:56:36.576Z,FALSE,"",08:30,FALSE
fare_DEL-BOM_6E_2026-08-27_T+1_1787777823004_y0vh,DEL-BOM,EaseMyTrip,6E,6E-2331,2026-08-27,T+1,16976,3726,20702,2026-08-26T00:56:36.576Z,FALSE,"",12:20,FALSE
fare_DEL-BOM_AI_2026-08-27_T+1_1787777823004_hls9,DEL-BOM,EaseMyTrip,AI,AI-1739,2026-08-27,T+1,17408,3821,21229,2026-08-26T00:56:36.576Z,FALSE,"",11:30,FALSE
fare_DEL-BOM_6E_2026-08-27_T+1_1787777823004_dz03,DEL-BOM,EaseMyTrip,6E,6E-773,2026-08-27,T+1,17537,3850,21387,2026-08-26T00:56:36.576Z,FALSE,"",17:55,FALSE
fare_DEL-BOM_6E_2026-08-27_T+1_1787777823004_4a0y,DEL-BOM,EaseMyTrip,6E,6E-858,2026-08-27,T+1,17537,3850,21387,2026-08-26T00:56:36.576Z,FALSE,"",17:55,FALSE
fare_DEL-BOM_AI_2026-08-27_T+1_1787777823004_8j5g,DEL-BOM,EaseMyTrip,AI,AI-2465,2026-08-27,T+1,17792,3905,21697,2026-08-26T00:56:36.576Z,FALSE,"",14:30,FALSE
fare_DEL-BOM_SG_2026-08-27_T+1_1787777823004_n4mu,DEL-BOM,EaseMyTrip,SG,SG-451,2026-08-27,T+1,18287,4014,22301,2026-08-26T00:56:36.576Z,FALSE,"",22:30,TRUE
fare_DEL-BOM_SG_2026-08-27_T+1_1787777823004_8pqy,DEL-BOM,EaseMyTrip,SG,SG-264,2026-08-27,T+1,18287,4014,22301,2026-08-26T00:56:36.576Z,FALSE,"",22:30,TRUE
fare_DEL-BOM_6E_2026-08-27_T+1_1787777823004_9owf,DEL-BOM,EaseMyTrip,6E,6E-2013,2026-08-27,T+1,18612,4085,22697,2026-08-26T00:56:36.576Z,FALSE,"",21:50,FALSE
fare_DEL-BOM_6E_2026-08-27_T+1_1787777823004_e585,DEL-BOM,EaseMyTrip,6E,6E-362,2026-08-27,T+1,22818,5009,27827,2026-08-26T00:56:36.576Z,TRUE,"High outlier: ₹27827 > upper fence ₹26953 (Q3: ₹14981, IQR: ₹7981)",19:35,FALSE
fare_DEL-BOM_6E_2026-08-27_T+1_1787777823004_zgs1,DEL-BOM,EaseMyTrip,6E,6E-119,2026-08-27,T+1,22818,5009,27827,2026-08-26T00:56:36.576Z,TRUE,"High outlier: ₹27827 > upper fence ₹26953 (Q3: ₹14981, IQR: ₹7981)",19:35,FALSE
fare_DEL-BOM_6E_2026-08-27_T+1_1787777823004_fu06,DEL-BOM,EaseMyTrip,6E,6E-2381,2026-08-27,T+1,23146,5081,28227,2026-08-26T00:56:36.576Z,TRUE,"High outlier: ₹28227 > upper fence ₹26953 (Q3: ₹14981, IQR: ₹7981)",13:45,FALSE
fare_DEL-BOM_6E_2026-08-27_T+1_1787777823004_fhcu,DEL-BOM,EaseMyTrip,6E,6E-5014,2026-08-27,T+1,23450,5148,28598,2026-08-26T00:56:36.576Z,TRUE,"High outlier: ₹28598 > upper fence ₹26953 (Q3: ₹14981, IQR: ₹7981)",18:30,FALSE
fare_DEL-BOM_6E_2026-08-27_T+1_1787777823004_709m,DEL-BOM,EaseMyTrip,6E,6E-5073,2026-08-27,T+1,26024,5712,31736,2026-08-26T00:56:36.576Z,TRUE,"High outlier: ₹31736 > upper fence ₹26953 (Q3: ₹14981, IQR: ₹7981)",17:05,FALSE
fare_DEL-BOM_AI_2026-08-27_T+1_1787777823004_lrjf,DEL-BOM,EaseMyTrip,AI,AI-2653,2026-08-27,T+1,26736,5869,32605,2026-08-26T00:56:36.576Z,TRUE,"High outlier: ₹32605 > upper fence ₹26953 (Q3: ₹14981, IQR: ₹7981)",04:30,FALSE
fare_DEL-BOM_AI_2026-08-27_T+1_1787777823004_qcxv,DEL-BOM,EaseMyTrip,AI,AI-429,2026-08-27,T+1,28331,6219,34550,2026-08-26T00:56:36.576Z,TRUE,"High outlier: ₹34550 > upper fence ₹26953 (Q3: ₹14981, IQR: ₹7981)",10:20,FALSE
fare_DEL-BOM_SG_2026-09-25_T+30_1787777823004_s9qd,DEL-BOM,EaseMyTrip,SG,SG-827,2026-09-25,T+30,5186,1138,6324,2026-08-26T00:56:54.906Z,FALSE,"",04:00,TRUE
fare_DEL-BOM_SG_2026-09-25_T+30_1787777823004_ex4o,DEL-BOM,EaseMyTrip,SG,SG-802,2026-09-25,T+30,5186,1138,6324,2026-08-26T00:56:54.906Z,FALSE,"",04:00,TRUE
fare_DEL-BOM_SG_2026-09-25_T+30_1787777823004_b60i,DEL-BOM,EaseMyTrip,SG,SG-338,2026-09-25,T+30,5186,1138,6324,2026-08-26T00:56:54.906Z,FALSE,"",09:15,TRUE
fare_DEL-BOM_SG_2026-09-25_T+30_1787777823004_arjb,DEL-BOM,EaseMyTrip,SG,SG-259,2026-09-25,T+30,5186,1138,6324,2026-08-26T00:56:54.906Z,FALSE,"",09:15,TRUE
fare_DEL-BOM_SG_2026-09-25_T+30_1787777823004_8w0x,DEL-BOM,EaseMyTrip,SG,SG-965,2026-09-25,T+30,5186,1138,6324,2026-08-26T00:56:54.906Z,FALSE,"",14:30,TRUE
fare_DEL-BOM_SG_2026-09-25_T+30_1787777823004_z7s3,DEL-BOM,EaseMyTrip,SG,SG-547,2026-09-25,T+30,5186,1138,6324,2026-08-26T00:56:54.906Z,FALSE,"",14:30,TRUE
fare_DEL-BOM_SG_2026-09-25_T+30_1787777823004_qvx6,DEL-BOM,EaseMyTrip,SG,SG-529,2026-09-25,T+30,5186,1138,6324,2026-08-26T00:56:54.906Z,FALSE,"",18:35,TRUE
fare_DEL-BOM_SG_2026-09-25_T+30_1787777823004_jtyf,DEL-BOM,EaseMyTrip,SG,SG-211,2026-09-25,T+30,5186,1138,6324,2026-08-26T00:56:54.906Z,FALSE,"",18:35,TRUE
fare_DEL-BOM_SG_2026-09-25_T+30_1787777823004_yjwx,DEL-BOM,EaseMyTrip,SG,SG-272,2026-09-25,T+30,5186,1138,6324,2026-08-26T00:56:54.906Z,FALSE,"",20:10,TRUE
fare_DEL-BOM_SG_2026-09-25_T+30_1787777823004_mrlr,DEL-BOM,EaseMyTrip,SG,SG-277,2026-09-25,T+30,5186,1138,6324,2026-08-26T00:56:54.906Z,FALSE,"",20:10,TRUE
fare_DEL-BOM_SG_2026-09-25_T+30_1787777823004_d0v0,DEL-BOM,EaseMyTrip,SG,SG-416,2026-09-25,T+30,5186,1138,6324,2026-08-26T00:56:54.906Z,FALSE,"",21:00,TRUE
fare_DEL-BOM_SG_2026-09-25_T+30_1787777823004_vkx3,DEL-BOM,EaseMyTrip,SG,SG-853,2026-09-25,T+30,5186,1138,6324,2026-08-26T00:56:54.906Z,FALSE,"",21:00,TRUE
fare_DEL-BOM_SG_2026-09-25_T+30_1787777823004_m4ao,DEL-BOM,EaseMyTrip,SG,SG-828,2026-09-25,T+30,5186,1138,6324,2026-08-26T00:56:54.906Z,FALSE,"",22:30,TRUE
fare_DEL-BOM_SG_2026-09-25_T+30_1787777823004_86sx,DEL-BOM,EaseMyTrip,SG,SG-916,2026-09-25,T+30,5186,1138,6324,2026-08-26T00:56:54.906Z,FALSE,"",22:30,TRUE
fare_DEL-BOM_IX_2026-09-25_T+30_1787777823004_y7j6,DEL-BOM,EaseMyTrip,IX,IX-1056,2026-09-25,T+30,5354,1175,6529,2026-08-26T00:56:54.906Z,FALSE,"",05:45,TRUE
fare_DEL-BOM_IX_2026-09-25_T+30_1787777823004_1ptw,DEL-BOM,EaseMyTrip,IX,IX-1235,2026-09-25,T+30,5354,1175,6529,2026-08-26T00:56:54.906Z,FALSE,"",23:25,TRUE
fare_DEL-BOM_IX_2026-09-25_T+30_1787777823005_x10q,DEL-BOM,EaseMyTrip,IX,IX-1038,2026-09-25,T+30,5354,1175,6529,2026-08-26T00:56:54.906Z,FALSE,"",17:35,TRUE
fare_DEL-BOM_IX_2026-09-25_T+30_1787777823005_j8bn,DEL-BOM,EaseMyTrip,IX,IX-1080,2026-09-25,T+30,5354,1175,6529,2026-08-26T00:56:54.906Z,FALSE,"",18:40,TRUE
fare_DEL-BOM_IX_2026-09-25_T+30_1787777823005_dil2,DEL-BOM,EaseMyTrip,IX,IX-1165,2026-09-25,T+30,5354,1175,6529,2026-08-26T00:56:54.906Z,FALSE,"",06:00,FALSE
fare_DEL-BOM_6E_2026-09-25_T+30_1787777823005_gw7k,DEL-BOM,EaseMyTrip,6E,6E-5096,2026-09-25,T+30,5282,1160,6442,2026-08-26T00:56:54.906Z,FALSE,"",17:00,TRUE
fare_DEL-BOM_6E_2026-09-25_T+30_1787777823005_y1ov,DEL-BOM,EaseMyTrip,6E,6E-6470,2026-09-25,T+30,5354,1175,6529,2026-08-26T00:56:54.906Z,FALSE,"",06:55,TRUE
fare_DEL-BOM_QP_2026-09-25_T+30_1787777823005_frug,DEL-BOM,EaseMyTrip,QP,QP-1833,2026-09-25,T+30,5355,1175,6530,2026-08-26T00:56:54.906Z,FALSE,"",06:50,TRUE
fare_DEL-BOM_QP_2026-09-25_T+30_1787777823005_rbi7,DEL-BOM,EaseMyTrip,QP,QP-1112,2026-09-25,T+30,5355,1175,6530,2026-08-26T00:56:54.906Z,FALSE,"",09:20,TRUE
fare_DEL-BOM_QP_2026-09-25_T+30_1787777823005_4t13,DEL-BOM,EaseMyTrip,QP,QP-1836,2026-09-25,T+30,5355,1175,6530,2026-08-26T00:56:54.906Z,FALSE,"",12:30,TRUE
fare_DEL-BOM_QP_2026-09-25_T+30_1787777823005_cgem,DEL-BOM,EaseMyTrip,QP,QP-1128,2026-09-25,T+30,5355,1175,6530,2026-08-26T00:56:54.906Z,FALSE,"",16:00,TRUE
fare_DEL-BOM_QP_2026-09-25_T+30_1787777823005_3fht,DEL-BOM,EaseMyTrip,QP,QP-1820,2026-09-25,T+30,5355,1175,6530,2026-08-26T00:56:54.906Z,FALSE,"",17:30,TRUE
fare_DEL-BOM_QP_2026-09-25_T+30_1787777823005_u6cq,DEL-BOM,EaseMyTrip,QP,QP-1119,2026-09-25,T+30,5355,1175,6530,2026-08-26T00:56:54.906Z,FALSE,"",08:40,TRUE
fare_DEL-BOM_QP_2026-09-25_T+30_1787777823005_lluo,DEL-BOM,EaseMyTrip,QP,QP-1110,2026-09-25,T+30,5355,1175,6530,2026-08-26T00:56:54.906Z,FALSE,"",10:30,TRUE
fare_DEL-BOM_QP_2026-09-25_T+30_1787777823005_7dqy,DEL-BOM,EaseMyTrip,QP,QP-1826,2026-09-25,T+30,5355,1175,6530,2026-08-26T00:56:54.906Z,FALSE,"",19:55,TRUE
fare_DEL-BOM_6E_2026-09-25_T+30_1787777823005_1apg,DEL-BOM,EaseMyTrip,6E,6E-804,2026-09-25,T+30,5355,1175,6530,2026-08-26T00:56:54.906Z,FALSE,"",15:30,TRUE
fare_DEL-BOM_6E_2026-09-25_T+30_1787777823005_uv4a,DEL-BOM,EaseMyTrip,6E,6E-422,2026-09-25,T+30,5355,1175,6530,2026-08-26T00:56:54.906Z,FALSE,"",15:30,TRUE
fare_DEL-BOM_6E_2026-09-25_T+30_1787777823005_7dhp,DEL-BOM,EaseMyTrip,6E,6E-6022,2026-09-25,T+30,5355,1175,6530,2026-08-26T00:56:54.906Z,FALSE,"",14:00,TRUE
fare_DEL-BOM_6E_2026-09-25_T+30_1787777823005_8wzx,DEL-BOM,EaseMyTrip,6E,6E-6318,2026-09-25,T+30,5355,1175,6530,2026-08-26T00:56:54.906Z,FALSE,"",14:45,TRUE
fare_DEL-BOM_6E_2026-09-25_T+30_1787777823005_v6bo,DEL-BOM,EaseMyTrip,6E,6E-6047,2026-09-25,T+30,5355,1175,6530,2026-08-26T00:56:54.906Z,FALSE,"",11:00,TRUE
fare_DEL-BOM_6E_2026-09-25_T+30_1787777823005_ncdj,DEL-BOM,EaseMyTrip,6E,6E-6676,2026-09-25,T+30,5355,1175,6530,2026-08-26T00:56:54.906Z,FALSE,"",12:00,TRUE
fare_DEL-BOM_QP_2026-09-25_T+30_1787777823005_bwy5,DEL-BOM,EaseMyTrip,QP,QP-2074,2026-09-25,T+30,5416,1189,6605,2026-08-26T00:56:54.906Z,FALSE,"",14:10,TRUE
fare_DEL-BOM_QP_2026-09-25_T+30_1787777823005_jt9w,DEL-BOM,EaseMyTrip,QP,QP-1940,2026-09-25,T+30,5427,1191,6618,2026-08-26T00:56:54.906Z,FALSE,"",14:00,TRUE
fare_DEL-BOM_6E_2026-09-25_T+30_1787777823005_wf6p,DEL-BOM,EaseMyTrip,6E,6E-5198,2026-09-25,T+30,5427,1191,6618,2026-08-26T00:56:54.906Z,FALSE,"",15:00,TRUE
fare_DEL-BOM_6E_2026-09-25_T+30_1787777823005_p1mw,DEL-BOM,EaseMyTrip,6E,6E-523,2026-09-25,T+30,5484,1204,6688,2026-08-26T00:56:54.906Z,FALSE,"",05:00,TRUE
fare_DEL-BOM_6E_2026-09-25_T+30_1787777823005_jere,DEL-BOM,EaseMyTrip,6E,6E-101,2026-09-25,T+30,5484,1204,6688,2026-08-26T00:56:54.906Z,FALSE,"",05:00,TRUE
fare_DEL-BOM_6E_2026-09-25_T+30_1787777823005_a35i,DEL-BOM,EaseMyTrip,6E,6E-909,2026-09-25,T+30,5484,1204,6688,2026-08-26T00:56:54.906Z,FALSE,"",23:30,TRUE
fare_DEL-BOM_6E_2026-09-25_T+30_1787777823005_r5d2,DEL-BOM,EaseMyTrip,6E,6E-949,2026-09-25,T+30,5484,1204,6688,2026-08-26T00:56:54.906Z,FALSE,"",23:30,TRUE
fare_DEL-BOM_6E_2026-09-25_T+30_1787777823005_pq9q,DEL-BOM,EaseMyTrip,6E,6E-665,2026-09-25,T+30,5484,1204,6688,2026-08-26T00:56:54.906Z,FALSE,"",16:15,TRUE
fare_DEL-BOM_6E_2026-09-25_T+30_1787777823005_wgqf,DEL-BOM,EaseMyTrip,6E,6E-362,2026-09-25,T+30,5484,1204,6688,2026-08-26T00:56:54.906Z,FALSE,"",16:15,TRUE
fare_DEL-BOM_6E_2026-09-25_T+30_1787777823005_c2hx,DEL-BOM,EaseMyTrip,6E,6E-6218,2026-09-25,T+30,5484,1204,6688,2026-08-26T00:56:54.906Z,FALSE,"",06:05,TRUE
fare_DEL-BOM_6E_2026-09-25_T+30_1787777823005_29nw,DEL-BOM,EaseMyTrip,6E,6E-885,2026-09-25,T+30,5484,1204,6688,2026-08-26T00:56:54.906Z,FALSE,"",08:45,TRUE
fare_DEL-BOM_6E_2026-09-25_T+30_1787777823005_gtlx,DEL-BOM,EaseMyTrip,6E,6E-481,2026-09-25,T+30,5484,1204,6688,2026-08-26T00:56:54.906Z,FALSE,"",08:45,TRUE
fare_DEL-BOM_6E_2026-09-25_T+30_1787777823005_4ea6,DEL-BOM,EaseMyTrip,6E,6E-589,2026-09-25,T+30,5484,1204,6688,2026-08-26T00:56:54.906Z,FALSE,"",13:00,TRUE
fare_DEL-BOM_6E_2026-09-25_T+30_1787777823005_4xlo,DEL-BOM,EaseMyTrip,6E,6E-165,2026-09-25,T+30,5484,1204,6688,2026-08-26T00:56:54.906Z,FALSE,"",13:00,TRUE
fare_DEL-BOM_AI_2026-09-25_T+30_1787777823005_xl72,DEL-BOM,EaseMyTrip,AI,AI-2678,2026-09-25,T+30,5740,1260,7000,2026-08-26T00:56:54.906Z,FALSE,"",08:30,TRUE
fare_DEL-BOM_AI_2026-09-25_T+30_1787777823005_0k4r,DEL-BOM,EaseMyTrip,AI,AI-2975,2026-09-25,T+30,5740,1260,7000,2026-08-26T00:56:54.906Z,FALSE,"",06:30,TRUE
fare_DEL-BOM_AI_2026-09-25_T+30_1787777823005_j7j2,DEL-BOM,EaseMyTrip,AI,AI-2425,2026-09-25,T+30,5740,1260,7000,2026-08-26T00:56:54.906Z,FALSE,"",10:30,TRUE
fare_DEL-BOM_AI_2026-09-25_T+30_1787777823005_2myj,DEL-BOM,EaseMyTrip,AI,AI-2951,2026-09-25,T+30,5740,1260,7000,2026-08-26T00:56:54.906Z,FALSE,"",13:30,TRUE
fare_DEL-BOM_AI_2026-09-25_T+30_1787777823005_sirx,DEL-BOM,EaseMyTrip,AI,AI-2941,2026-09-25,T+30,5740,1260,7000,2026-08-26T00:56:54.906Z,FALSE,"",16:30,TRUE
fare_DEL-BOM_AI_2026-09-25_T+30_1787777823005_epgp,DEL-BOM,EaseMyTrip,AI,AI-1745,2026-09-25,T+30,5740,1260,7000,2026-08-26T00:56:54.906Z,FALSE,"",05:00,TRUE
fare_DEL-BOM_AI_2026-09-25_T+30_1787777823005_vyr3,DEL-BOM,EaseMyTrip,AI,AI-2429,2026-09-25,T+30,5740,1260,7000,2026-08-26T00:56:54.906Z,FALSE,"",07:00,TRUE
fare_DEL-BOM_AI_2026-09-25_T+30_1787777823005_e2zp,DEL-BOM,EaseMyTrip,AI,AI-2943,2026-09-25,T+30,5740,1260,7000,2026-08-26T00:56:54.906Z,FALSE,"",07:30,TRUE
fare_DEL-BOM_AI_2026-09-25_T+30_1787777823005_n3he,DEL-BOM,EaseMyTrip,AI,AI-2995,2026-09-25,T+30,5740,1260,7000,2026-08-26T00:56:54.906Z,FALSE,"",10:00,TRUE
fare_DEL-BOM_AI_2026-09-25_T+30_1787777823005_rr8n,DEL-BOM,EaseMyTrip,AI,AI-2945,2026-09-25,T+30,5740,1260,7000,2026-08-26T00:56:54.906Z,FALSE,"",11:00,TRUE
fare_DEL-BOM_AI_2026-09-25_T+30_1787777823005_c0hr,DEL-BOM,EaseMyTrip,AI,AI-1785,2026-09-25,T+30,5740,1260,7000,2026-08-26T00:56:54.906Z,FALSE,"",12:00,TRUE
fare_DEL-BOM_AI_2026-09-25_T+30_1787777823005_ibmr,DEL-BOM,EaseMyTrip,AI,AI-2441,2026-09-25,T+30,5740,1260,7000,2026-08-26T00:56:54.906Z,FALSE,"",14:10,TRUE
fare_DEL-BOM_AI_2026-09-25_T+30_1787777823005_btw4,DEL-BOM,EaseMyTrip,AI,AI-2933,2026-09-25,T+30,5740,1260,7000,2026-08-26T00:56:54.906Z,FALSE,"",15:30,TRUE
fare_DEL-BOM_AI_2026-09-25_T+30_1787777823005_lqnc,DEL-BOM,EaseMyTrip,AI,AI-1777,2026-09-25,T+30,5740,1260,7000,2026-08-26T00:56:54.906Z,FALSE,"",16:00,TRUE
fare_DEL-BOM_AI_2026-09-25_T+30_1787777823005_1bpj,DEL-BOM,EaseMyTrip,AI,AI-441,2026-09-25,T+30,5740,1260,7000,2026-08-26T00:56:54.906Z,FALSE,"",17:00,TRUE
fare_DEL-BOM_AI_2026-09-25_T+30_1787777823005_bjyg,DEL-BOM,EaseMyTrip,AI,AI-2433,2026-09-25,T+30,5740,1260,7000,2026-08-26T00:56:54.906Z,FALSE,"",21:30,TRUE
fare_DEL-BOM_6E_2026-09-25_T+30_1787777823005_nemn,DEL-BOM,EaseMyTrip,6E,6E-6114,2026-09-25,T+30,5656,1242,6898,2026-08-26T00:56:54.906Z,FALSE,"",22:45,TRUE
fare_DEL-BOM_6E_2026-09-25_T+30_1787777823005_165y,DEL-BOM,EaseMyTrip,6E,6E-878,2026-09-25,T+30,5656,1242,6898,2026-08-26T00:56:54.906Z,FALSE,"",21:45,TRUE
fare_DEL-BOM_6E_2026-09-25_T+30_1787777823005_thn6,DEL-BOM,EaseMyTrip,6E,6E-938,2026-09-25,T+30,5656,1242,6898,2026-08-26T00:56:54.906Z,FALSE,"",21:45,TRUE
fare_DEL-BOM_6E_2026-09-25_T+30_1787777823005_7xz8,DEL-BOM,EaseMyTrip,6E,6E-6706,2026-09-25,T+30,5656,1242,6898,2026-08-26T00:56:54.906Z,FALSE,"",17:00,TRUE
fare_DEL-BOM_6E_2026-09-25_T+30_1787777823005_d831,DEL-BOM,EaseMyTrip,6E,6E-6814,2026-09-25,T+30,5656,1242,6898,2026-08-26T00:56:54.906Z,FALSE,"",07:15,TRUE
fare_DEL-BOM_6E_2026-09-25_T+30_1787777823005_3e0v,DEL-BOM,EaseMyTrip,6E,6E-6328,2026-09-25,T+30,5656,1242,6898,2026-08-26T00:56:54.906Z,FALSE,"",10:15,TRUE
fare_DEL-BOM_6E_2026-09-25_T+30_1787777823005_mm8s,DEL-BOM,EaseMyTrip,6E,6E-516,2026-09-25,T+30,5698,1251,6949,2026-08-26T00:56:54.906Z,FALSE,"",20:20,TRUE
fare_DEL-BOM_6E_2026-09-25_T+30_1787777823005_vog0,DEL-BOM,EaseMyTrip,6E,6E-336,2026-09-25,T+30,5698,1251,6949,2026-08-26T00:56:54.906Z,FALSE,"",20:20,TRUE
fare_DEL-BOM_AI_2026-09-25_T+30_1787777823005_h9sf,DEL-BOM,EaseMyTrip,AI,AI-2439,2026-09-25,T+30,5870,1289,7159,2026-08-26T00:56:54.906Z,FALSE,"",23:00,TRUE
fare_DEL-BOM_6E_2026-09-25_T+30_1787777823005_cojt,DEL-BOM,EaseMyTrip,6E,6E-341,2026-09-25,T+30,5871,1289,7160,2026-08-26T00:56:54.906Z,FALSE,"",20:00,TRUE
fare_DEL-BOM_6E_2026-09-25_T+30_1787777823005_n7de,DEL-BOM,EaseMyTrip,6E,6E-792,2026-09-25,T+30,5871,1289,7160,2026-08-26T00:56:54.906Z,FALSE,"",20:00,TRUE
fare_DEL-BOM_6E_2026-09-25_T+30_1787777823005_jhhg,DEL-BOM,EaseMyTrip,6E,6E-427,2026-09-25,T+30,5871,1289,7160,2026-08-26T00:56:54.906Z,FALSE,"",19:00,TRUE
fare_DEL-BOM_6E_2026-09-25_T+30_1787777823005_sjlq,DEL-BOM,EaseMyTrip,6E,6E-603,2026-09-25,T+30,5871,1289,7160,2026-08-26T00:56:54.906Z,FALSE,"",19:00,TRUE
fare_DEL-BOM_6E_2026-09-25_T+30_1787777823005_arhd,DEL-BOM,EaseMyTrip,6E,6E-316,2026-09-25,T+30,5871,1289,7160,2026-08-26T00:56:54.906Z,FALSE,"",18:00,TRUE
fare_DEL-BOM_6E_2026-09-25_T+30_1787777823005_p5uw,DEL-BOM,EaseMyTrip,6E,6E-492,2026-09-25,T+30,5871,1289,7160,2026-08-26T00:56:54.906Z,FALSE,"",18:00,TRUE
fare_DEL-BOM_6E_2026-09-25_T+30_1787777823005_urj6,DEL-BOM,EaseMyTrip,6E,6E-919,2026-09-25,T+30,5871,1289,7160,2026-08-26T00:56:54.906Z,FALSE,"",20:45,TRUE
fare_DEL-BOM_6E_2026-09-25_T+30_1787777823005_0cjm,DEL-BOM,EaseMyTrip,6E,6E-531,2026-09-25,T+30,5871,1289,7160,2026-08-26T00:56:54.906Z,FALSE,"",20:45,TRUE
fare_DEL-BOM_6E_2026-09-25_T+30_1787777823005_86s3,DEL-BOM,EaseMyTrip,6E,6E-6107,2026-09-25,T+30,5871,1289,7160,2026-08-26T00:56:54.906Z,FALSE,"",09:30,TRUE
fare_DEL-BOM_AI_2026-09-25_T+30_1787777823005_ic49,DEL-BOM,EaseMyTrip,AI,AI-2981,2026-09-25,T+30,6043,1326,7369,2026-08-26T00:56:54.906Z,FALSE,"",21:00,TRUE
fare_DEL-BOM_AI_2026-09-25_T+30_1787777823005_wzcs,DEL-BOM,EaseMyTrip,AI,AI-2957,2026-09-25,T+30,6043,1326,7369,2026-08-26T00:56:54.906Z,FALSE,"",20:30,TRUE
fare_DEL-BOM_6E_2026-09-25_T+30_1787777823005_2atq,DEL-BOM,EaseMyTrip,6E,6E-6190,2026-09-25,T+30,5920,1299,7219,2026-08-26T00:56:54.906Z,FALSE,"",07:40,FALSE
fare_DEL-BOM_6E_2026-09-25_T+30_1787777823005_8p2g,DEL-BOM,EaseMyTrip,6E,6E-2341,2026-09-25,T+30,5920,1299,7219,2026-08-26T00:56:54.906Z,FALSE,"",14:50,FALSE
fare_DEL-BOM_6E_2026-09-25_T+30_1787777823005_vjck,DEL-BOM,EaseMyTrip,6E,6E-2331,2026-09-25,T+30,5920,1299,7219,2026-08-26T00:56:54.906Z,FALSE,"",12:20,FALSE
fare_DEL-BOM_6E_2026-09-25_T+30_1787777823005_6iv2,DEL-BOM,EaseMyTrip,6E,6E-5014,2026-09-25,T+30,5963,1309,7272,2026-08-26T00:56:54.906Z,FALSE,"",18:30,FALSE
fare_DEL-BOM_6E_2026-09-25_T+30_1787777823005_dygw,DEL-BOM,EaseMyTrip,6E,6E-5073,2026-09-25,T+30,5963,1309,7272,2026-08-26T00:56:54.906Z,FALSE,"",17:05,FALSE
fare_DEL-BOM_6E_2026-09-25_T+30_1787777823005_rkrm,DEL-BOM,EaseMyTrip,6E,6E-702,2026-09-25,T+30,5963,1309,7272,2026-08-26T00:56:54.906Z,FALSE,"",19:35,FALSE
fare_DEL-BOM_6E_2026-09-25_T+30_1787777823005_1ycs,DEL-BOM,EaseMyTrip,6E,6E-735,2026-09-25,T+30,5963,1309,7272,2026-08-26T00:56:54.906Z,FALSE,"",19:35,FALSE
fare_DEL-BOM_6E_2026-09-25_T+30_1787777823005_fovs,DEL-BOM,EaseMyTrip,6E,6E-5119,2026-09-25,T+30,5963,1309,7272,2026-08-26T00:56:54.906Z,FALSE,"",05:10,FALSE
fare_DEL-BOM_6E_2026-09-25_T+30_1787777823005_zkto,DEL-BOM,EaseMyTrip,6E,6E-6171,2026-09-25,T+30,5963,1309,7272,2026-08-26T00:56:54.906Z,FALSE,"",05:40,FALSE
fare_DEL-BOM_6E_2026-09-25_T+30_1787777823005_2b2z,DEL-BOM,EaseMyTrip,6E,6E-2076,2026-09-25,T+30,5963,1309,7272,2026-08-26T00:56:54.906Z,FALSE,"",07:30,FALSE
fare_DEL-BOM_6E_2026-09-25_T+30_1787777823005_78ou,DEL-BOM,EaseMyTrip,6E,6E-6983,2026-09-25,T+30,5963,1309,7272,2026-08-26T00:56:54.906Z,FALSE,"",15:35,FALSE
fare_DEL-BOM_6E_2026-09-25_T+30_1787777823005_h1k0,DEL-BOM,EaseMyTrip,6E,6E-6261,2026-09-25,T+30,5963,1309,7272,2026-08-26T00:56:54.906Z,FALSE,"",00:15,FALSE
fare_DEL-BOM_6E_2026-09-25_T+30_1787777823005_8keq,DEL-BOM,EaseMyTrip,6E,6E-2013,2026-09-25,T+30,5963,1309,7272,2026-08-26T00:56:54.906Z,FALSE,"",21:50,FALSE
fare_DEL-BOM_6E_2026-09-25_T+30_1787777823005_7t9s,DEL-BOM,EaseMyTrip,6E,6E-6490,2026-09-25,T+30,6027,1323,7350,2026-08-26T00:56:54.906Z,FALSE,"",04:55,FALSE
fare_DEL-BOM_6E_2026-09-25_T+30_1787777823005_6qil,DEL-BOM,EaseMyTrip,6E,6E-2249,2026-09-25,T+30,6070,1333,7403,2026-08-26T00:56:54.906Z,FALSE,"",15:00,FALSE
fare_DEL-BOM_6E_2026-09-25_T+30_1787777823005_ta58,DEL-BOM,EaseMyTrip,6E,6E-2169,2026-09-25,T+30,6070,1333,7403,2026-08-26T00:56:54.906Z,FALSE,"",19:40,FALSE
fare_DEL-BOM_6E_2026-09-25_T+30_1787777823005_rkds,DEL-BOM,EaseMyTrip,6E,6E-6829,2026-09-25,T+30,6070,1333,7403,2026-08-26T00:56:54.906Z,FALSE,"",17:20,FALSE
fare_DEL-BOM_6E_2026-09-25_T+30_1787777823005_3ro5,DEL-BOM,EaseMyTrip,6E,6E-6443,2026-09-25,T+30,6070,1333,7403,2026-08-26T00:56:54.906Z,FALSE,"",09:00,FALSE
fare_DEL-BOM_6E_2026-09-25_T+30_1787777823005_ls0h,DEL-BOM,EaseMyTrip,6E,6E-6433,2026-09-25,T+30,6070,1333,7403,2026-08-26T00:56:54.906Z,FALSE,"",16:30,FALSE
fare_DEL-BOM_6E_2026-09-25_T+30_1787777823005_p6wc,DEL-BOM,EaseMyTrip,6E,6E-5138,2026-09-25,T+30,6070,1333,7403,2026-08-26T00:56:54.906Z,FALSE,"",19:10,FALSE
fare_DEL-BOM_6E_2026-09-25_T+30_1787777823005_hnls,DEL-BOM,EaseMyTrip,6E,6E-6459,2026-09-25,T+30,6070,1333,7403,2026-08-26T00:56:54.906Z,FALSE,"",05:55,FALSE
fare_DEL-BOM_6E_2026-09-25_T+30_1787777823005_qrp6,DEL-BOM,EaseMyTrip,6E,6E-6569,2026-09-25,T+30,6070,1333,7403,2026-08-26T00:56:54.906Z,FALSE,"",05:00,FALSE
fare_DEL-BOM_AI_2026-09-25_T+30_1787777823005_hkx2,DEL-BOM,EaseMyTrip,AI,AI-2985,2026-09-25,T+30,6243,1371,7614,2026-08-26T00:56:54.906Z,FALSE,"",19:30,TRUE
fare_DEL-BOM_AI_2026-09-25_T+30_1787777823005_vdld,DEL-BOM,EaseMyTrip,AI,AI-2927,2026-09-25,T+30,6257,1373,7630,2026-08-26T00:56:54.906Z,FALSE,"",09:30,TRUE
fare_DEL-BOM_IX_2026-09-25_T+30_1787777823005_ev8d,DEL-BOM,EaseMyTrip,IX,IX-1051,2026-09-25,T+30,6339,1391,7730,2026-08-26T00:56:54.906Z,FALSE,"",19:05,FALSE
fare_DEL-BOM_6E_2026-09-25_T+30_1787777823005_g8u1,DEL-BOM,EaseMyTrip,6E,6E-345,2026-09-25,T+30,6130,1345,7475,2026-08-26T00:56:54.906Z,FALSE,"",08:00,TRUE
fare_DEL-BOM_6E_2026-09-25_T+30_1787777823005_kywl,DEL-BOM,EaseMyTrip,6E,6E-431,2026-09-25,T+30,6130,1345,7475,2026-08-26T00:56:54.906Z,FALSE,"",08:00,TRUE
fare_DEL-BOM_6E_2026-09-25_T+30_1787777823005_vbmv,DEL-BOM,EaseMyTrip,6E,6E-6479,2026-09-25,T+30,6135,1347,7482,2026-08-26T00:56:54.906Z,FALSE,"",21:25,FALSE
fare_DEL-BOM_6E_2026-09-25_T+30_1787777823005_pto4,DEL-BOM,EaseMyTrip,6E,6E-5038,2026-09-25,T+30,6135,1347,7482,2026-08-26T00:56:54.906Z,FALSE,"",14:00,FALSE
fare_DEL-BOM_6E_2026-09-25_T+30_1787777823005_3f8x,DEL-BOM,EaseMyTrip,6E,6E-6050,2026-09-25,T+30,6135,1347,7482,2026-08-26T00:56:54.906Z,FALSE,"",08:15,FALSE
fare_DEL-BOM_6E_2026-09-25_T+30_1787777823005_fjcz,DEL-BOM,EaseMyTrip,6E,6E-6601,2026-09-25,T+30,6243,1370,7613,2026-08-26T00:56:54.906Z,FALSE,"",19:45,FALSE
fare_DEL-BOM_6E_2026-09-25_T+30_1787777823005_kmim,DEL-BOM,EaseMyTrip,6E,6E-2381,2026-09-25,T+30,6243,1370,7613,2026-08-26T00:56:54.906Z,FALSE,"",13:45,FALSE
fare_DEL-BOM_6E_2026-09-25_T+30_1787777823005_1ree,DEL-BOM,EaseMyTrip,6E,6E-6282,2026-09-25,T+30,6243,1370,7613,2026-08-26T00:56:54.906Z,FALSE,"",13:30,FALSE
fare_DEL-BOM_6E_2026-09-25_T+30_1787777823005_5o79,DEL-BOM,EaseMyTrip,6E,6E-858,2026-09-25,T+30,6243,1370,7613,2026-08-26T00:56:54.906Z,FALSE,"",08:30,FALSE
fare_DEL-BOM_6E_2026-09-25_T+30_1787777823005_sar5,DEL-BOM,EaseMyTrip,6E,6E-727,2026-09-25,T+30,6243,1370,7613,2026-08-26T00:56:54.906Z,FALSE,"",08:30,FALSE
fare_DEL-BOM_6E_2026-09-25_T+30_1787777823005_tix0,DEL-BOM,EaseMyTrip,6E,6E-828,2026-09-25,T+30,6243,1370,7613,2026-08-26T00:56:54.906Z,FALSE,"",23:15,FALSE
fare_DEL-BOM_6E_2026-09-25_T+30_1787777823005_g6sk,DEL-BOM,EaseMyTrip,6E,6E-767,2026-09-25,T+30,6243,1370,7613,2026-08-26T00:56:54.906Z,FALSE,"",23:15,FALSE
fare_DEL-BOM_6E_2026-09-25_T+30_1787777823005_1ydz,DEL-BOM,EaseMyTrip,6E,6E-7646,2026-09-25,T+30,6269,1376,7645,2026-08-26T00:56:54.906Z,FALSE,"",06:15,FALSE
fare_DEL-BOM_AI_2026-09-25_T+30_1787777823005_a7i7,DEL-BOM,EaseMyTrip,AI,AI-2977,2026-09-25,T+30,6446,1415,7861,2026-08-26T00:56:54.906Z,FALSE,"",19:00,TRUE
fare_DEL-BOM_AI_2026-09-25_T+30_1787777823005_udnb,DEL-BOM,EaseMyTrip,AI,AI-2955,2026-09-25,T+30,6446,1415,7861,2026-08-26T00:56:54.906Z,FALSE,"",18:00,TRUE
fare_DEL-BOM_6E_2026-09-25_T+30_1787777823005_vkne,DEL-BOM,EaseMyTrip,6E,6E-176,2026-09-25,T+30,6307,1385,7692,2026-08-26T00:56:54.906Z,FALSE,"",19:30,FALSE
fare_DEL-BOM_6E_2026-09-25_T+30_1787777823005_n51j,DEL-BOM,EaseMyTrip,6E,6E-141,2026-09-25,T+30,6307,1385,7692,2026-08-26T00:56:54.906Z,FALSE,"",12:15,FALSE
fare_DEL-BOM_6E_2026-09-25_T+30_1787777823005_zcle,DEL-BOM,EaseMyTrip,6E,6E-344,2026-09-25,T+30,6307,1385,7692,2026-08-26T00:56:54.906Z,FALSE,"",12:15,FALSE
fare_DEL-BOM_6E_2026-09-25_T+30_1787777823005_nif6,DEL-BOM,EaseMyTrip,6E,6E-7642,2026-09-25,T+30,6312,1386,7698,2026-08-26T00:56:54.906Z,FALSE,"",15:45,FALSE
fare_DEL-BOM_6E_2026-09-25_T+30_1787777823005_5je4,DEL-BOM,EaseMyTrip,6E,6E-2496,2026-09-25,T+30,6501,1427,7928,2026-08-26T00:56:54.906Z,FALSE,"",12:40,FALSE
fare_DEL-BOM_6E_2026-09-25_T+30_1787777823005_xped,DEL-BOM,EaseMyTrip,6E,6E-5206,2026-09-25,T+30,6617,1453,8070,2026-08-26T00:56:54.906Z,FALSE,"",13:20,FALSE
fare_DEL-BOM_AI_2026-09-25_T+30_1787777823005_4bxy,DEL-BOM,EaseMyTrip,AI,AI-2963,2026-09-25,T+30,6836,1500,8336,2026-08-26T00:56:54.906Z,FALSE,"",09:00,TRUE
fare_DEL-BOM_6E_2026-09-25_T+30_1787777823005_3c6f,DEL-BOM,EaseMyTrip,6E,6E-6497,2026-09-25,T+30,6725,1476,8201,2026-08-26T00:56:54.906Z,FALSE,"",18:45,FALSE
fare_DEL-BOM_6E_2026-09-25_T+30_1787777823005_65lb,DEL-BOM,EaseMyTrip,6E,6E-2571,2026-09-25,T+30,6831,1500,8331,2026-08-26T00:56:54.906Z,FALSE,"",12:30,FALSE
fare_DEL-BOM_6E_2026-09-25_T+30_1787777823005_4va3,DEL-BOM,EaseMyTrip,6E,6E-440,2026-09-25,T+30,6885,1511,8396,2026-08-26T00:56:54.906Z,FALSE,"",10:00,FALSE
fare_DEL-BOM_6E_2026-09-25_T+30_1787777823005_7ibc,DEL-BOM,EaseMyTrip,6E,6E-476,2026-09-25,T+30,6885,1511,8396,2026-08-26T00:56:54.906Z,FALSE,"",10:00,FALSE
fare_DEL-BOM_6E_2026-09-25_T+30_1787777823005_cx77,DEL-BOM,EaseMyTrip,6E,6E-5298,2026-09-25,T+30,7148,1569,8717,2026-08-26T00:56:54.906Z,FALSE,"",09:00,FALSE
fare_DEL-BOM_6E_2026-09-25_T+30_1787777823005_kxqt,DEL-BOM,EaseMyTrip,6E,6E-2349,2026-09-25,T+30,7594,1667,9261,2026-08-26T00:56:54.906Z,FALSE,"",10:55,FALSE
fare_DEL-BOM_IX_2026-09-25_T+30_1787777823005_465f,DEL-BOM,EaseMyTrip,IX,IX-1059,2026-09-25,T+30,8142,1787,9929,2026-08-26T00:56:54.906Z,FALSE,"",12:15,FALSE
fare_DEL-BOM_AI_2026-09-25_T+30_1787777823005_l4w9,DEL-BOM,EaseMyTrip,AI,AI-1780,2026-09-25,T+30,8190,1798,9988,2026-08-26T00:56:54.906Z,FALSE,"",16:10,TRUE
fare_DEL-BOM_AI_2026-09-25_T+30_1787777823005_74t4,DEL-BOM,EaseMyTrip,AI,AI-2499,2026-09-25,T+30,8646,1898,10544,2026-08-26T00:56:54.906Z,FALSE,"",06:00,FALSE
fare_DEL-BOM_AI_2026-09-25_T+30_1787777823005_h0xc,DEL-BOM,EaseMyTrip,AI,AI-1705,2026-09-25,T+30,8895,1952,10847,2026-08-26T00:56:54.906Z,TRUE,"High outlier: ₹10847 > upper fence ₹10806 (Q3: ₹8335, IQR: ₹1647)",06:30,FALSE
fare_DEL-BOM_AI_2026-09-25_T+30_1787777823005_euwv,DEL-BOM,EaseMyTrip,AI,AI-1719,2026-09-25,T+30,9146,2008,11154,2026-08-26T00:56:54.906Z,TRUE,"High outlier: ₹11154 > upper fence ₹10806 (Q3: ₹8335, IQR: ₹1647)",11:55,FALSE
fare_DEL-BOM_IX_2026-09-25_T+30_1787777823005_ersp,DEL-BOM,EaseMyTrip,IX,IX-1392,2026-09-25,T+30,9581,2103,11684,2026-08-26T00:56:54.906Z,TRUE,"High outlier: ₹11684 > upper fence ₹10806 (Q3: ₹8335, IQR: ₹1647)",23:25,FALSE
fare_DEL-BOM_AI_2026-09-25_T+30_1787777823005_9crx,DEL-BOM,EaseMyTrip,AI,AI-2509,2026-09-25,T+30,9615,2111,11726,2026-08-26T00:56:54.906Z,TRUE,"High outlier: ₹11726 > upper fence ₹10806 (Q3: ₹8335, IQR: ₹1647)",07:00,FALSE
fare_DEL-BOM_6E_2026-09-25_T+30_1787777823005_5qlb,DEL-BOM,EaseMyTrip,6E,6E-6293,2026-09-25,T+30,9727,2135,11862,2026-08-26T00:56:54.906Z,TRUE,"High outlier: ₹11862 > upper fence ₹10806 (Q3: ₹8335, IQR: ₹1647)",09:55,FALSE
fare_DEL-BOM_AI_2026-09-25_T+30_1787777823005_s6w9,DEL-BOM,EaseMyTrip,AI,AI-9674,2026-09-25,T+30,10171,2233,12404,2026-08-26T00:56:54.906Z,TRUE,"High outlier: ₹12404 > upper fence ₹10806 (Q3: ₹8335, IQR: ₹1647)",16:40,FALSE
fare_DEL-BOM_6E_2026-09-25_T+30_1787777823005_dq7m,DEL-BOM,EaseMyTrip,6E,6E-6212,2026-09-25,T+30,10304,2262,12566,2026-08-26T00:56:54.906Z,TRUE,"High outlier: ₹12566 > upper fence ₹10806 (Q3: ₹8335, IQR: ₹1647)",14:45,FALSE
fare_DEL-BOM_IX_2026-09-25_T+30_1787777823005_d1gd,DEL-BOM,EaseMyTrip,IX,IX-1082,2026-09-25,T+30,10699,2348,13047,2026-08-26T00:56:54.906Z,TRUE,"High outlier: ₹13047 > upper fence ₹10806 (Q3: ₹8335, IQR: ₹1647)",21:25,FALSE
fare_DEL-BOM_AI_2026-09-25_T+30_1787777823005_r8mz,DEL-BOM,EaseMyTrip,AI,AI-2715,2026-09-25,T+30,11186,2455,13641,2026-08-26T00:56:54.906Z,TRUE,"High outlier: ₹13641 > upper fence ₹10806 (Q3: ₹8335, IQR: ₹1647)",11:40,FALSE
fare_DEL-BOM_AI_2026-09-25_T+30_1787777823005_21dh,DEL-BOM,EaseMyTrip,AI,AI-2909,2026-09-25,T+30,11186,2455,13641,2026-08-26T00:56:54.906Z,TRUE,"High outlier: ₹13641 > upper fence ₹10806 (Q3: ₹8335, IQR: ₹1647)",22:30,FALSE
fare_DEL-BOM_AI_2026-09-25_T+30_1787777823005_wp6z,DEL-BOM,EaseMyTrip,AI,AI-2959,2026-09-25,T+30,11186,2455,13641,2026-08-26T00:56:54.906Z,TRUE,"High outlier: ₹13641 > upper fence ₹10806 (Q3: ₹8335, IQR: ₹1647)",07:10,FALSE
fare_DEL-BOM_AI_2026-09-25_T+30_1787777823005_wu59,DEL-BOM,EaseMyTrip,AI,AI-2545,2026-09-25,T+30,11186,2455,13641,2026-08-26T00:56:54.906Z,TRUE,"High outlier: ₹13641 > upper fence ₹10806 (Q3: ₹8335, IQR: ₹1647)",20:30,FALSE
fare_DEL-BOM_AI_2026-09-25_T+30_1787777823005_6d94,DEL-BOM,EaseMyTrip,AI,AI-531,2026-09-25,T+30,11186,2455,13641,2026-08-26T00:56:54.906Z,TRUE,"High outlier: ₹13641 > upper fence ₹10806 (Q3: ₹8335, IQR: ₹1647)",19:20,FALSE
fare_DEL-BOM_AI_2026-09-25_T+30_1787777823005_jal3,DEL-BOM,EaseMyTrip,AI,AI-2939,2026-09-25,T+30,11273,2475,13748,2026-08-26T00:56:54.906Z,TRUE,"High outlier: ₹13748 > upper fence ₹10806 (Q3: ₹8335, IQR: ₹1647)",16:40,FALSE
fare_DEL-BOM_AI_2026-09-25_T+30_1787777823005_6zn5,DEL-BOM,EaseMyTrip,AI,AI-881,2026-09-25,T+30,11273,2475,13748,2026-08-26T00:56:54.906Z,TRUE,"High outlier: ₹13748 > upper fence ₹10806 (Q3: ₹8335, IQR: ₹1647)",13:35,FALSE
fare_DEL-BOM_AI_2026-09-25_T+30_1787777823005_9m3b,DEL-BOM,EaseMyTrip,AI,AI-9584,2026-09-25,T+30,12090,2654,14744,2026-08-26T00:56:54.906Z,TRUE,"High outlier: ₹14744 > upper fence ₹10806 (Q3: ₹8335, IQR: ₹1647)",11:15,FALSE
fare_DEL-BOM_AI_2026-09-25_T+30_1787777823005_2nlh,DEL-BOM,EaseMyTrip,AI,AI-2761,2026-09-25,T+30,12103,2657,14760,2026-08-26T00:56:54.906Z,TRUE,"High outlier: ₹14760 > upper fence ₹10806 (Q3: ₹8335, IQR: ₹1647)",16:25,FALSE
fare_DEL-BOM_IX_2026-09-25_T+30_1787777823005_14px,DEL-BOM,EaseMyTrip,IX,IX-1108,2026-09-25,T+30,12335,2708,15043,2026-08-26T00:56:54.906Z,TRUE,"High outlier: ₹15043 > upper fence ₹10806 (Q3: ₹8335, IQR: ₹1647)",05:00,FALSE
fare_DEL-BOM_IX_2026-09-25_T+30_1787777823005_p63s,DEL-BOM,EaseMyTrip,IX,IX-1003,2026-09-25,T+30,12671,2782,15453,2026-08-26T00:56:54.906Z,TRUE,"High outlier: ₹15453 > upper fence ₹10806 (Q3: ₹8335, IQR: ₹1647)",19:10,FALSE
fare_DEL-BOM_AI_2026-09-25_T+30_1787777823005_4fxl,DEL-BOM,EaseMyTrip,AI,AI-1743,2026-09-25,T+30,13065,2868,15933,2026-08-26T00:56:54.906Z,TRUE,"High outlier: ₹15933 > upper fence ₹10806 (Q3: ₹8335, IQR: ₹1647)",06:15,FALSE
fare_DEL-BOM_AI_2026-09-25_T+30_1787777823005_mm7z,DEL-BOM,EaseMyTrip,AI,AI-2601,2026-09-25,T+30,13065,2868,15933,2026-08-26T00:56:54.906Z,TRUE,"High outlier: ₹15933 > upper fence ₹10806 (Q3: ₹8335, IQR: ₹1647)",17:00,FALSE
fare_DEL-BOM_IX_2026-09-25_T+30_1787777823005_tgim,DEL-BOM,EaseMyTrip,IX,IX-1068,2026-09-25,T+30,13626,2991,16617,2026-08-26T00:56:54.906Z,TRUE,"High outlier: ₹16617 > upper fence ₹10806 (Q3: ₹8335, IQR: ₹1647)",11:55,FALSE
fare_DEL-BOM_AI_2026-09-25_T+30_1787777823005_ejuq,DEL-BOM,EaseMyTrip,AI,AI-2907,2026-09-25,T+30,14034,3081,17115,2026-08-26T00:56:54.906Z,TRUE,"High outlier: ₹17115 > upper fence ₹10806 (Q3: ₹8335, IQR: ₹1647)",12:00,FALSE
fare_DEL-BOM_IX_2026-09-25_T+30_1787777823005_f9yd,DEL-BOM,EaseMyTrip,IX,IX-1049,2026-09-25,T+30,14111,3098,17209,2026-08-26T00:56:54.906Z,TRUE,"High outlier: ₹17209 > upper fence ₹10806 (Q3: ₹8335, IQR: ₹1647)",18:40,FALSE
fare_DEL-BOM_AI_2026-09-25_T+30_1787777823005_lqhn,DEL-BOM,EaseMyTrip,AI,AI-1773,2026-09-25,T+30,14497,3182,17679,2026-08-26T00:56:54.906Z,TRUE,"High outlier: ₹17679 > upper fence ₹10806 (Q3: ₹8335, IQR: ₹1647)",10:30,FALSE
fare_DEL-BOM_AI_2026-09-25_T+30_1787777823005_phsh,DEL-BOM,EaseMyTrip,AI,AI-1703,2026-09-25,T+30,14497,3182,17679,2026-08-26T00:56:54.906Z,TRUE,"High outlier: ₹17679 > upper fence ₹10806 (Q3: ₹8335, IQR: ₹1647)",05:10,FALSE
fare_DEL-BOM_IX_2026-09-25_T+30_1787777823005_stws,DEL-BOM,EaseMyTrip,IX,IX-1783,2026-09-25,T+30,14566,3197,17763,2026-08-26T00:56:54.906Z,TRUE,"High outlier: ₹17763 > upper fence ₹10806 (Q3: ₹8335, IQR: ₹1647)",07:20,FALSE
fare_DEL-BOM_AI_2026-09-25_T+30_1787777823005_4oim,DEL-BOM,EaseMyTrip,AI,AI-2577,2026-09-25,T+30,14577,3200,17777,2026-08-26T00:56:54.906Z,TRUE,"High outlier: ₹17777 > upper fence ₹10806 (Q3: ₹8335, IQR: ₹1647)",02:00,FALSE
fare_DEL-BOM_AI_2026-09-25_T+30_1787777823005_uhc9,DEL-BOM,EaseMyTrip,AI,AI-2859,2026-09-25,T+30,14854,3261,18115,2026-08-26T00:56:54.906Z,TRUE,"High outlier: ₹18115 > upper fence ₹10806 (Q3: ₹8335, IQR: ₹1647)",10:30,FALSE
fare_DEL-BOM_AI_2026-09-25_T+30_1787777823005_gzry,DEL-BOM,EaseMyTrip,AI,AI-2803,2026-09-25,T+30,16370,3593,19963,2026-08-26T00:56:54.906Z,TRUE,"High outlier: ₹19963 > upper fence ₹10806 (Q3: ₹8335, IQR: ₹1647)",06:30,FALSE
fare_DEL-BOM_IX_2026-09-25_T+30_1787777823005_ju1o,DEL-BOM,EaseMyTrip,IX,IX-1817,2026-09-25,T+30,17080,3749,20829,2026-08-26T00:56:54.906Z,TRUE,"High outlier: ₹20829 > upper fence ₹10806 (Q3: ₹8335, IQR: ₹1647)",19:30,FALSE
fare_DEL-BOM_AI_2026-09-25_T+30_1787777823005_1f68,DEL-BOM,EaseMyTrip,AI,AI-1739,2026-09-25,T+30,17408,3821,21229,2026-08-26T00:56:54.906Z,TRUE,"High outlier: ₹21229 > upper fence ₹10806 (Q3: ₹8335, IQR: ₹1647)",11:30,FALSE
fare_DEL-BOM_AI_2026-09-25_T+30_1787777823005_wzf8,DEL-BOM,EaseMyTrip,AI,AI-2465,2026-09-25,T+30,17792,3905,21697,2026-08-26T00:56:54.906Z,TRUE,"High outlier: ₹21697 > upper fence ₹10806 (Q3: ₹8335, IQR: ₹1647)",14:30,FALSE
fare_DEL-BOM_AI_2026-09-25_T+30_1787777823005_arux,DEL-BOM,EaseMyTrip,AI,AI-2525,2026-09-25,T+30,18475,4056,22531,2026-08-26T00:56:54.906Z,TRUE,"High outlier: ₹22531 > upper fence ₹10806 (Q3: ₹8335, IQR: ₹1647)",06:00,FALSE
fare_DEL-BOM_AI_2026-09-25_T+30_1787777823005_ccej,DEL-BOM,EaseMyTrip,AI,AI-9757,2026-09-25,T+30,18728,4111,22839,2026-08-26T00:56:54.906Z,TRUE,"High outlier: ₹22839 > upper fence ₹10806 (Q3: ₹8335, IQR: ₹1647)",11:50,FALSE
fare_DEL-BOM_AI_2026-09-25_T+30_1787777823005_zenj,DEL-BOM,EaseMyTrip,AI,AI-2483,2026-09-25,T+30,18767,4120,22887,2026-08-26T00:56:54.906Z,TRUE,"High outlier: ₹22887 > upper fence ₹10806 (Q3: ₹8335, IQR: ₹1647)",12:20,FALSE
fare_DEL-BOM_AI_2026-09-25_T+30_1787777823005_ha1g,DEL-BOM,EaseMyTrip,AI,AI-2627,2026-09-25,T+30,23105,5072,28177,2026-08-26T00:56:54.906Z,TRUE,"High outlier: ₹28177 > upper fence ₹10806 (Q3: ₹8335, IQR: ₹1647)",10:45,FALSE
fare_DEL-BOM_6E_2026-10-10_T+45_1787777823006_sm68,DEL-BOM,EaseMyTrip,6E,6E-481,2026-10-10,T+45,4985,1094,6079,2026-08-26T00:57:01.004Z,FALSE,"",23:30,TRUE
fare_DEL-BOM_6E_2026-10-10_T+45_1787777823006_b56t,DEL-BOM,EaseMyTrip,6E,6E-248,2026-10-10,T+45,4985,1094,6079,2026-08-26T00:57:01.004Z,FALSE,"",23:30,TRUE
fare_DEL-BOM_6E_2026-10-10_T+45_1787777823006_6gfq,DEL-BOM,EaseMyTrip,6E,6E-773,2026-10-10,T+45,4985,1094,6079,2026-08-26T00:57:01.004Z,FALSE,"",19:00,TRUE
fare_DEL-BOM_6E_2026-10-10_T+45_1787777823006_0wa1,DEL-BOM,EaseMyTrip,6E,6E-127,2026-10-10,T+45,4985,1094,6079,2026-08-26T00:57:01.004Z,FALSE,"",19:00,TRUE
fare_DEL-BOM_6E_2026-10-10_T+45_1787777823006_1suf,DEL-BOM,EaseMyTrip,6E,6E-672,2026-10-10,T+45,4985,1094,6079,2026-08-26T00:57:01.004Z,FALSE,"",18:00,TRUE
fare_DEL-BOM_6E_2026-10-10_T+45_1787777823006_1ylo,DEL-BOM,EaseMyTrip,6E,6E-846,2026-10-10,T+45,4985,1094,6079,2026-08-26T00:57:01.004Z,FALSE,"",18:00,TRUE
fare_DEL-BOM_6E_2026-10-10_T+45_1787777823006_bl9u,DEL-BOM,EaseMyTrip,6E,6E-6706,2026-10-10,T+45,4985,1094,6079,2026-08-26T00:57:01.004Z,FALSE,"",17:00,TRUE
fare_DEL-BOM_6E_2026-10-10_T+45_1787777823006_5b9x,DEL-BOM,EaseMyTrip,6E,6E-617,2026-10-10,T+45,4985,1094,6079,2026-08-26T00:57:01.004Z,FALSE,"",16:15,TRUE
fare_DEL-BOM_6E_2026-10-10_T+45_1787777823006_zckg,DEL-BOM,EaseMyTrip,6E,6E-635,2026-10-10,T+45,4985,1094,6079,2026-08-26T00:57:01.004Z,FALSE,"",16:15,TRUE
fare_DEL-BOM_6E_2026-10-10_T+45_1787777823006_giiy,DEL-BOM,EaseMyTrip,6E,6E-323,2026-10-10,T+45,4985,1094,6079,2026-08-26T00:57:01.004Z,FALSE,"",15:30,TRUE
fare_DEL-BOM_6E_2026-10-10_T+45_1787777823006_6ihi,DEL-BOM,EaseMyTrip,6E,6E-605,2026-10-10,T+45,4985,1094,6079,2026-08-26T00:57:01.004Z,FALSE,"",15:30,TRUE
fare_DEL-BOM_6E_2026-10-10_T+45_1787777823006_8cel,DEL-BOM,EaseMyTrip,6E,6E-6328,2026-10-10,T+45,4985,1094,6079,2026-08-26T00:57:01.004Z,FALSE,"",10:15,TRUE
fare_DEL-BOM_6E_2026-10-10_T+45_1787777823006_8r1k,DEL-BOM,EaseMyTrip,6E,6E-266,2026-10-10,T+45,4985,1094,6079,2026-08-26T00:57:01.004Z,FALSE,"",08:45,TRUE
fare_DEL-BOM_6E_2026-10-10_T+45_1787777823006_h465,DEL-BOM,EaseMyTrip,6E,6E-309,2026-10-10,T+45,4985,1094,6079,2026-08-26T00:57:01.004Z,FALSE,"",08:45,TRUE
fare_DEL-BOM_6E_2026-10-10_T+45_1787777823006_bv4s,DEL-BOM,EaseMyTrip,6E,6E-918,2026-10-10,T+45,5114,1122,6236,2026-08-26T00:57:01.004Z,FALSE,"",03:00,TRUE
fare_DEL-BOM_6E_2026-10-10_T+45_1787777823006_5n6q,DEL-BOM,EaseMyTrip,6E,6E-369,2026-10-10,T+45,5114,1122,6236,2026-08-26T00:57:01.004Z,FALSE,"",03:00,TRUE
fare_DEL-BOM_6E_2026-10-10_T+45_1787777823006_zw80,DEL-BOM,EaseMyTrip,6E,6E-6114,2026-10-10,T+45,5114,1122,6236,2026-08-26T00:57:01.004Z,FALSE,"",22:45,TRUE
fare_DEL-BOM_6E_2026-10-10_T+45_1787777823006_8r4p,DEL-BOM,EaseMyTrip,6E,6E-293,2026-10-10,T+45,5114,1122,6236,2026-08-26T00:57:01.004Z,FALSE,"",21:45,TRUE
fare_DEL-BOM_6E_2026-10-10_T+45_1787777823006_n1qr,DEL-BOM,EaseMyTrip,6E,6E-418,2026-10-10,T+45,5114,1122,6236,2026-08-26T00:57:01.004Z,FALSE,"",21:45,TRUE
fare_DEL-BOM_6E_2026-10-10_T+45_1787777823006_7v9m,DEL-BOM,EaseMyTrip,6E,6E-349,2026-10-10,T+45,5114,1122,6236,2026-08-26T00:57:01.004Z,FALSE,"",20:45,TRUE
fare_DEL-BOM_6E_2026-10-10_T+45_1787777823006_mjld,DEL-BOM,EaseMyTrip,6E,6E-329,2026-10-10,T+45,5114,1122,6236,2026-08-26T00:57:01.004Z,FALSE,"",20:45,TRUE
fare_DEL-BOM_6E_2026-10-10_T+45_1787777823006_2lqy,DEL-BOM,EaseMyTrip,6E,6E-6022,2026-10-10,T+45,5114,1122,6236,2026-08-26T00:57:01.004Z,FALSE,"",14:00,TRUE
fare_DEL-BOM_6E_2026-10-10_T+45_1787777823006_17ft,DEL-BOM,EaseMyTrip,6E,6E-6318,2026-10-10,T+45,5114,1122,6236,2026-08-26T00:57:01.004Z,FALSE,"",14:45,TRUE
fare_DEL-BOM_6E_2026-10-10_T+45_1787777823006_im5d,DEL-BOM,EaseMyTrip,6E,6E-264,2026-10-10,T+45,5114,1122,6236,2026-08-26T00:57:01.004Z,FALSE,"",05:00,TRUE
fare_DEL-BOM_6E_2026-10-10_T+45_1787777823006_jp7y,DEL-BOM,EaseMyTrip,6E,6E-852,2026-10-10,T+45,5114,1122,6236,2026-08-26T00:57:01.004Z,FALSE,"",05:00,TRUE
fare_DEL-BOM_6E_2026-10-10_T+45_1787777823006_98fb,DEL-BOM,EaseMyTrip,6E,6E-6218,2026-10-10,T+45,5114,1122,6236,2026-08-26T00:57:01.004Z,FALSE,"",06:05,TRUE
fare_DEL-BOM_6E_2026-10-10_T+45_1787777823006_uf96,DEL-BOM,EaseMyTrip,6E,6E-6814,2026-10-10,T+45,5114,1122,6236,2026-08-26T00:57:01.004Z,FALSE,"",07:15,TRUE
fare_DEL-BOM_6E_2026-10-10_T+45_1787777823006_9zkm,DEL-BOM,EaseMyTrip,6E,6E-355,2026-10-10,T+45,5114,1122,6236,2026-08-26T00:57:01.004Z,FALSE,"",08:00,TRUE
fare_DEL-BOM_6E_2026-10-10_T+45_1787777823006_rpn7,DEL-BOM,EaseMyTrip,6E,6E-356,2026-10-10,T+45,5114,1122,6236,2026-08-26T00:57:01.004Z,FALSE,"",08:00,TRUE
fare_DEL-BOM_6E_2026-10-10_T+45_1787777823006_sriv,DEL-BOM,EaseMyTrip,6E,6E-6107,2026-10-10,T+45,5114,1122,6236,2026-08-26T00:57:01.004Z,FALSE,"",09:30,TRUE
fare_DEL-BOM_6E_2026-10-10_T+45_1787777823006_097v,DEL-BOM,EaseMyTrip,6E,6E-6047,2026-10-10,T+45,5114,1122,6236,2026-08-26T00:57:01.004Z,FALSE,"",11:00,TRUE
fare_DEL-BOM_6E_2026-10-10_T+45_1787777823006_4bgf,DEL-BOM,EaseMyTrip,6E,6E-6676,2026-10-10,T+45,5114,1122,6236,2026-08-26T00:57:01.004Z,FALSE,"",12:00,TRUE
fare_DEL-BOM_6E_2026-10-10_T+45_1787777823006_ckkc,DEL-BOM,EaseMyTrip,6E,6E-664,2026-10-10,T+45,5114,1122,6236,2026-08-26T00:57:01.004Z,FALSE,"",13:00,TRUE
fare_DEL-BOM_6E_2026-10-10_T+45_1787777823006_j4p6,DEL-BOM,EaseMyTrip,6E,6E-993,2026-10-10,T+45,5114,1122,6236,2026-08-26T00:57:01.004Z,FALSE,"",13:00,TRUE
fare_DEL-BOM_IX_2026-10-10_T+45_1787777823006_gyby,DEL-BOM,EaseMyTrip,IX,IX-1463,2026-10-10,T+45,5355,1175,6530,2026-08-26T00:57:01.004Z,FALSE,"",11:15,TRUE
fare_DEL-BOM_IX_2026-10-10_T+45_1787777823006_lduc,DEL-BOM,EaseMyTrip,IX,IX-1038,2026-10-10,T+45,5355,1175,6530,2026-08-26T00:57:01.004Z,FALSE,"",17:35,TRUE
fare_DEL-BOM_IX_2026-10-10_T+45_1787777823006_zz7w,DEL-BOM,EaseMyTrip,IX,IX-1024,2026-10-10,T+45,5355,1175,6530,2026-08-26T00:57:01.004Z,FALSE,"",18:40,TRUE
fare_DEL-BOM_IX_2026-10-10_T+45_1787777823006_ss9x,DEL-BOM,EaseMyTrip,IX,IX-1165,2026-10-10,T+45,5400,1185,6585,2026-08-26T00:57:01.004Z,FALSE,"",06:00,FALSE
fare_DEL-BOM_SG_2026-10-10_T+45_1787777823006_ptky,DEL-BOM,EaseMyTrip,SG,SG-807,2026-10-10,T+45,5353,1175,6528,2026-08-26T00:57:01.004Z,FALSE,"",04:00,TRUE
fare_DEL-BOM_SG_2026-10-10_T+45_1787777823006_ba8l,DEL-BOM,EaseMyTrip,SG,SG-674,2026-10-10,T+45,5353,1175,6528,2026-08-26T00:57:01.004Z,FALSE,"",04:00,TRUE
fare_DEL-BOM_SG_2026-10-10_T+45_1787777823006_vb21,DEL-BOM,EaseMyTrip,SG,SG-426,2026-10-10,T+45,5353,1175,6528,2026-08-26T00:57:01.004Z,FALSE,"",09:15,TRUE
fare_DEL-BOM_SG_2026-10-10_T+45_1787777823006_kjxx,DEL-BOM,EaseMyTrip,SG,SG-429,2026-10-10,T+45,5353,1175,6528,2026-08-26T00:57:01.004Z,FALSE,"",09:15,TRUE
fare_DEL-BOM_SG_2026-10-10_T+45_1787777823006_5w7t,DEL-BOM,EaseMyTrip,SG,SG-196,2026-10-10,T+45,5353,1175,6528,2026-08-26T00:57:01.004Z,FALSE,"",14:45,TRUE
fare_DEL-BOM_SG_2026-10-10_T+45_1787777823006_ea00,DEL-BOM,EaseMyTrip,SG,SG-475,2026-10-10,T+45,5353,1175,6528,2026-08-26T00:57:01.004Z,FALSE,"",14:45,TRUE
fare_DEL-BOM_SG_2026-10-10_T+45_1787777823006_ggjt,DEL-BOM,EaseMyTrip,SG,SG-762,2026-10-10,T+45,5353,1175,6528,2026-08-26T00:57:01.004Z,FALSE,"",18:35,TRUE
fare_DEL-BOM_SG_2026-10-10_T+45_1787777823006_0o37,DEL-BOM,EaseMyTrip,SG,SG-665,2026-10-10,T+45,5353,1175,6528,2026-08-26T00:57:01.004Z,FALSE,"",18:35,TRUE
fare_DEL-BOM_SG_2026-10-10_T+45_1787777823006_o0wr,DEL-BOM,EaseMyTrip,SG,SG-602,2026-10-10,T+45,5353,1175,6528,2026-08-26T00:57:01.004Z,FALSE,"",20:10,TRUE
fare_DEL-BOM_SG_2026-10-10_T+45_1787777823006_ddu6,DEL-BOM,EaseMyTrip,SG,SG-799,2026-10-10,T+45,5353,1175,6528,2026-08-26T00:57:01.004Z,FALSE,"",20:10,TRUE
fare_DEL-BOM_SG_2026-10-10_T+45_1787777823006_q8os,DEL-BOM,EaseMyTrip,SG,SG-541,2026-10-10,T+45,5353,1175,6528,2026-08-26T00:57:01.004Z,FALSE,"",22:30,TRUE
fare_DEL-BOM_SG_2026-10-10_T+45_1787777823006_55y0,DEL-BOM,EaseMyTrip,SG,SG-205,2026-10-10,T+45,5353,1175,6528,2026-08-26T00:57:01.004Z,FALSE,"",22:30,TRUE
fare_DEL-BOM_6E_2026-10-10_T+45_1787777823006_eq83,DEL-BOM,EaseMyTrip,6E,6E-5096,2026-10-10,T+45,5282,1160,6442,2026-08-26T00:57:01.004Z,FALSE,"",17:00,TRUE
fare_DEL-BOM_6E_2026-10-10_T+45_1787777823006_uky1,DEL-BOM,EaseMyTrip,6E,6E-987,2026-10-10,T+45,5286,1160,6446,2026-08-26T00:57:01.004Z,FALSE,"",20:00,TRUE
fare_DEL-BOM_6E_2026-10-10_T+45_1787777823006_c9l1,DEL-BOM,EaseMyTrip,6E,6E-807,2026-10-10,T+45,5286,1160,6446,2026-08-26T00:57:01.004Z,FALSE,"",20:00,TRUE
fare_DEL-BOM_6E_2026-10-10_T+45_1787777823006_k72z,DEL-BOM,EaseMyTrip,6E,6E-574,2026-10-10,T+45,5354,1175,6529,2026-08-26T00:57:01.004Z,FALSE,"",20:20,TRUE
fare_DEL-BOM_6E_2026-10-10_T+45_1787777823006_7058,DEL-BOM,EaseMyTrip,6E,6E-724,2026-10-10,T+45,5354,1175,6529,2026-08-26T00:57:01.004Z,FALSE,"",20:20,TRUE
fare_DEL-BOM_6E_2026-10-10_T+45_1787777823006_4m6g,DEL-BOM,EaseMyTrip,6E,6E-6470,2026-10-10,T+45,5354,1175,6529,2026-08-26T00:57:01.004Z,FALSE,"",06:55,TRUE
fare_DEL-BOM_QP_2026-10-10_T+45_1787777823006_8btm,DEL-BOM,EaseMyTrip,QP,QP-1833,2026-10-10,T+45,5355,1175,6530,2026-08-26T00:57:01.004Z,FALSE,"",06:50,TRUE
fare_DEL-BOM_QP_2026-10-10_T+45_1787777823006_dz4i,DEL-BOM,EaseMyTrip,QP,QP-1110,2026-10-10,T+45,5355,1175,6530,2026-08-26T00:57:01.004Z,FALSE,"",10:00,TRUE
fare_DEL-BOM_QP_2026-10-10_T+45_1787777823006_8i0f,DEL-BOM,EaseMyTrip,QP,QP-1128,2026-10-10,T+45,5355,1175,6530,2026-08-26T00:57:01.004Z,FALSE,"",16:00,TRUE
fare_DEL-BOM_QP_2026-10-10_T+45_1787777823006_ptih,DEL-BOM,EaseMyTrip,QP,QP-1820,2026-10-10,T+45,5355,1175,6530,2026-08-26T00:57:01.004Z,FALSE,"",17:30,TRUE
fare_DEL-BOM_QP_2026-10-10_T+45_1787777823006_vub0,DEL-BOM,EaseMyTrip,QP,QP-1119,2026-10-10,T+45,5355,1175,6530,2026-08-26T00:57:01.004Z,FALSE,"",08:40,TRUE
fare_DEL-BOM_QP_2026-10-10_T+45_1787777823006_vt2v,DEL-BOM,EaseMyTrip,QP,QP-1826,2026-10-10,T+45,5355,1175,6530,2026-08-26T00:57:01.004Z,FALSE,"",19:55,TRUE
fare_DEL-BOM_QP_2026-10-10_T+45_1787777823006_gpxy,DEL-BOM,EaseMyTrip,QP,QP-2012,2026-10-10,T+45,5416,1189,6605,2026-08-26T00:57:01.004Z,FALSE,"",08:55,TRUE
fare_DEL-BOM_6E_2026-10-10_T+45_1787777823006_obn9,DEL-BOM,EaseMyTrip,6E,6E-5198,2026-10-10,T+45,5427,1191,6618,2026-08-26T00:57:01.004Z,FALSE,"",15:00,TRUE
fare_DEL-BOM_AI_2026-10-10_T+45_1787777823006_l2pa,DEL-BOM,EaseMyTrip,AI,AI-2678,2026-10-10,T+45,5740,1260,7000,2026-08-26T00:57:01.004Z,FALSE,"",08:30,TRUE
fare_DEL-BOM_AI_2026-10-10_T+45_1787777823006_1cy4,DEL-BOM,EaseMyTrip,AI,AI-2963,2026-10-10,T+45,5740,1260,7000,2026-08-26T00:57:01.004Z,FALSE,"",09:00,TRUE
fare_DEL-BOM_AI_2026-10-10_T+45_1787777823006_9kmy,DEL-BOM,EaseMyTrip,AI,AI-2975,2026-10-10,T+45,5740,1260,7000,2026-08-26T00:57:01.004Z,FALSE,"",06:30,TRUE
fare_DEL-BOM_AI_2026-10-10_T+45_1787777823006_mvbx,DEL-BOM,EaseMyTrip,AI,AI-2425,2026-10-10,T+45,5740,1260,7000,2026-08-26T00:57:01.004Z,FALSE,"",10:30,TRUE
fare_DEL-BOM_AI_2026-10-10_T+45_1787777823006_evsk,DEL-BOM,EaseMyTrip,AI,AI-2981,2026-10-10,T+45,5740,1260,7000,2026-08-26T00:57:01.004Z,FALSE,"",21:00,TRUE
fare_DEL-BOM_AI_2026-10-10_T+45_1787777823006_3ytc,DEL-BOM,EaseMyTrip,AI,AI-1745,2026-10-10,T+45,5740,1260,7000,2026-08-26T00:57:01.004Z,FALSE,"",05:00,TRUE
fare_DEL-BOM_AI_2026-10-10_T+45_1787777823006_29kc,DEL-BOM,EaseMyTrip,AI,AI-2429,2026-10-10,T+45,5740,1260,7000,2026-08-26T00:57:01.004Z,FALSE,"",07:00,TRUE
fare_DEL-BOM_AI_2026-10-10_T+45_1787777823006_5a8h,DEL-BOM,EaseMyTrip,AI,AI-2995,2026-10-10,T+45,5740,1260,7000,2026-08-26T00:57:01.004Z,FALSE,"",10:00,TRUE
fare_DEL-BOM_AI_2026-10-10_T+45_1787777823006_t2rw,DEL-BOM,EaseMyTrip,AI,AI-2945,2026-10-10,T+45,5740,1260,7000,2026-08-26T00:57:01.004Z,FALSE,"",11:00,TRUE
fare_DEL-BOM_AI_2026-10-10_T+45_1787777823006_5pev,DEL-BOM,EaseMyTrip,AI,AI-2441,2026-10-10,T+45,5740,1260,7000,2026-08-26T00:57:01.004Z,FALSE,"",14:10,TRUE
fare_DEL-BOM_AI_2026-10-10_T+45_1787777823006_8dv4,DEL-BOM,EaseMyTrip,AI,AI-2933,2026-10-10,T+45,5740,1260,7000,2026-08-26T00:57:01.004Z,FALSE,"",15:30,TRUE
fare_DEL-BOM_AI_2026-10-10_T+45_1787777823006_0nwu,DEL-BOM,EaseMyTrip,AI,AI-441,2026-10-10,T+45,5740,1260,7000,2026-08-26T00:57:01.004Z,FALSE,"",17:00,TRUE
fare_DEL-BOM_AI_2026-10-10_T+45_1787777823006_icxo,DEL-BOM,EaseMyTrip,AI,AI-2927,2026-10-10,T+45,5740,1260,7000,2026-08-26T00:57:01.004Z,FALSE,"",09:30,TRUE
fare_DEL-BOM_AI_2026-10-10_T+45_1787777823006_mr4q,DEL-BOM,EaseMyTrip,AI,AI-2957,2026-10-10,T+45,5740,1260,7000,2026-08-26T00:57:01.004Z,FALSE,"",20:30,TRUE
fare_DEL-BOM_AI_2026-10-10_T+45_1787777823006_z5fh,DEL-BOM,EaseMyTrip,AI,AI-1780,2026-10-10,T+45,5740,1260,7000,2026-08-26T00:57:01.004Z,FALSE,"",14:30,TRUE
fare_DEL-BOM_IX_2026-10-10_T+45_1787777823006_ke66,DEL-BOM,EaseMyTrip,IX,IX-1235,2026-10-10,T+45,5928,1301,7229,2026-08-26T00:57:01.004Z,FALSE,"",23:25,TRUE
fare_DEL-BOM_AI_2026-10-10_T+45_1787777823006_wmph,DEL-BOM,EaseMyTrip,AI,AI-2951,2026-10-10,T+45,5870,1289,7159,2026-08-26T00:57:01.004Z,FALSE,"",13:30,TRUE
fare_DEL-BOM_AI_2026-10-10_T+45_1787777823006_htfq,DEL-BOM,EaseMyTrip,AI,AI-2985,2026-10-10,T+45,5882,1291,7173,2026-08-26T00:57:01.004Z,FALSE,"",19:30,TRUE
fare_DEL-BOM_AI_2026-10-10_T+45_1787777823006_37go,DEL-BOM,EaseMyTrip,AI,AI-1777,2026-10-10,T+45,5882,1291,7173,2026-08-26T00:57:01.004Z,FALSE,"",16:00,TRUE
fare_DEL-BOM_AI_2026-10-10_T+45_1787777823006_rk3a,DEL-BOM,EaseMyTrip,AI,AI-2943,2026-10-10,T+45,5882,1291,7173,2026-08-26T00:57:01.004Z,FALSE,"",07:30,TRUE
fare_DEL-BOM_AI_2026-10-10_T+45_1787777823006_p00h,DEL-BOM,EaseMyTrip,AI,AI-1785,2026-10-10,T+45,5882,1291,7173,2026-08-26T00:57:01.004Z,FALSE,"",12:00,TRUE
fare_DEL-BOM_AI_2026-10-10_T+45_1787777823006_o4sa,DEL-BOM,EaseMyTrip,AI,AI-2433,2026-10-10,T+45,5882,1291,7173,2026-08-26T00:57:01.004Z,FALSE,"",21:30,TRUE
fare_DEL-BOM_AI_2026-10-10_T+45_1787777823006_y77l,DEL-BOM,EaseMyTrip,AI,AI-2439,2026-10-10,T+45,5977,1312,7289,2026-08-26T00:57:01.004Z,FALSE,"",23:00,TRUE
fare_DEL-BOM_AI_2026-10-10_T+45_1787777823006_rd7z,DEL-BOM,EaseMyTrip,AI,AI-2977,2026-10-10,T+45,6025,1322,7347,2026-08-26T00:57:01.004Z,FALSE,"",19:00,TRUE
fare_DEL-BOM_AI_2026-10-10_T+45_1787777823006_zkzg,DEL-BOM,EaseMyTrip,AI,AI-2955,2026-10-10,T+45,6025,1322,7347,2026-08-26T00:57:01.004Z,FALSE,"",18:00,TRUE
fare_DEL-BOM_6E_2026-10-10_T+45_1787777823006_xyu8,DEL-BOM,EaseMyTrip,6E,6E-150,2026-10-10,T+45,5920,1299,7219,2026-08-26T00:57:01.004Z,FALSE,"",14:50,FALSE
fare_DEL-BOM_6E_2026-10-10_T+45_1787777823006_y66x,DEL-BOM,EaseMyTrip,6E,6E-263,2026-10-10,T+45,5920,1299,7219,2026-08-26T00:57:01.004Z,FALSE,"",14:50,FALSE
fare_DEL-BOM_6E_2026-10-10_T+45_1787777823006_uz8t,DEL-BOM,EaseMyTrip,6E,6E-5119,2026-10-10,T+45,5920,1299,7219,2026-08-26T00:57:01.004Z,FALSE,"",05:10,FALSE
fare_DEL-BOM_6E_2026-10-10_T+45_1787777823006_16q9,DEL-BOM,EaseMyTrip,6E,6E-6190,2026-10-10,T+45,5920,1299,7219,2026-08-26T00:57:01.004Z,FALSE,"",07:40,FALSE
fare_DEL-BOM_6E_2026-10-10_T+45_1787777823006_h6ei,DEL-BOM,EaseMyTrip,6E,6E-104,2026-10-10,T+45,5920,1299,7219,2026-08-26T00:57:01.004Z,FALSE,"",10:00,FALSE
fare_DEL-BOM_6E_2026-10-10_T+45_1787777823006_7chq,DEL-BOM,EaseMyTrip,6E,6E-767,2026-10-10,T+45,5920,1299,7219,2026-08-26T00:57:01.004Z,FALSE,"",10:00,FALSE
fare_DEL-BOM_6E_2026-10-10_T+45_1787777823006_6i4q,DEL-BOM,EaseMyTrip,6E,6E-2341,2026-10-10,T+45,5920,1299,7219,2026-08-26T00:57:01.004Z,FALSE,"",14:50,FALSE
fare_DEL-BOM_6E_2026-10-10_T+45_1787777823006_g3lq,DEL-BOM,EaseMyTrip,6E,6E-2037,2026-10-10,T+45,5920,1299,7219,2026-08-26T00:57:01.004Z,FALSE,"",10:55,FALSE
fare_DEL-BOM_6E_2026-10-10_T+45_1787777823006_9hy0,DEL-BOM,EaseMyTrip,6E,6E-2076,2026-10-10,T+45,5920,1299,7219,2026-08-26T00:57:01.004Z,FALSE,"",07:30,FALSE
fare_DEL-BOM_6E_2026-10-10_T+45_1787777823006_abqa,DEL-BOM,EaseMyTrip,6E,6E-2331,2026-10-10,T+45,5920,1299,7219,2026-08-26T00:57:01.004Z,FALSE,"",12:20,FALSE
fare_DEL-BOM_6E_2026-10-10_T+45_1787777823006_jqqa,DEL-BOM,EaseMyTrip,6E,6E-6261,2026-10-10,T+45,5920,1299,7219,2026-08-26T00:57:01.004Z,FALSE,"",00:15,FALSE
fare_DEL-BOM_6E_2026-10-10_T+45_1787777823006_44s7,DEL-BOM,EaseMyTrip,6E,6E-440,2026-10-10,T+45,5920,1299,7219,2026-08-26T00:57:01.004Z,FALSE,"",10:00,FALSE
fare_DEL-BOM_6E_2026-10-10_T+45_1787777823006_ky8e,DEL-BOM,EaseMyTrip,6E,6E-326,2026-10-10,T+45,5920,1299,7219,2026-08-26T00:57:01.004Z,FALSE,"",10:00,FALSE
fare_DEL-BOM_6E_2026-10-10_T+45_1787777823006_64co,DEL-BOM,EaseMyTrip,6E,6E-5014,2026-10-10,T+45,5963,1309,7272,2026-08-26T00:57:01.004Z,FALSE,"",18:30,FALSE
fare_DEL-BOM_6E_2026-10-10_T+45_1787777823006_xs8r,DEL-BOM,EaseMyTrip,6E,6E-6454,2026-10-10,T+45,5963,1309,7272,2026-08-26T00:57:01.004Z,FALSE,"",13:50,FALSE
fare_DEL-BOM_6E_2026-10-10_T+45_1787777823006_hnmh,DEL-BOM,EaseMyTrip,6E,6E-5073,2026-10-10,T+45,5963,1309,7272,2026-08-26T00:57:01.004Z,FALSE,"",17:05,FALSE
fare_DEL-BOM_6E_2026-10-10_T+45_1787777823006_r2pr,DEL-BOM,EaseMyTrip,6E,6E-6171,2026-10-10,T+45,5963,1309,7272,2026-08-26T00:57:01.004Z,FALSE,"",05:40,FALSE
fare_DEL-BOM_6E_2026-10-10_T+45_1787777823006_gd8t,DEL-BOM,EaseMyTrip,6E,6E-6983,2026-10-10,T+45,5963,1309,7272,2026-08-26T00:57:01.004Z,FALSE,"",15:35,FALSE
fare_DEL-BOM_6E_2026-10-10_T+45_1787777823006_n67k,DEL-BOM,EaseMyTrip,6E,6E-560,2026-10-10,T+45,5963,1309,7272,2026-08-26T00:57:01.004Z,FALSE,"",19:30,FALSE
fare_DEL-BOM_6E_2026-10-10_T+45_1787777823006_1ean,DEL-BOM,EaseMyTrip,6E,6E-2013,2026-10-10,T+45,5963,1309,7272,2026-08-26T00:57:01.004Z,FALSE,"",21:50,FALSE
fare_DEL-BOM_6E_2026-10-10_T+45_1787777823006_pgti,DEL-BOM,EaseMyTrip,6E,6E-6490,2026-10-10,T+45,6027,1323,7350,2026-08-26T00:57:01.004Z,FALSE,"",04:55,FALSE
fare_DEL-BOM_6E_2026-10-10_T+45_1787777823006_23sg,DEL-BOM,EaseMyTrip,6E,6E-2249,2026-10-10,T+45,6027,1323,7350,2026-08-26T00:57:01.004Z,FALSE,"",15:00,FALSE
fare_DEL-BOM_6E_2026-10-10_T+45_1787777823006_nptf,DEL-BOM,EaseMyTrip,6E,6E-2169,2026-10-10,T+45,6070,1333,7403,2026-08-26T00:57:01.004Z,FALSE,"",19:40,FALSE
fare_DEL-BOM_6E_2026-10-10_T+45_1787777823006_diid,DEL-BOM,EaseMyTrip,6E,6E-6829,2026-10-10,T+45,6070,1333,7403,2026-08-26T00:57:01.004Z,FALSE,"",17:20,FALSE
fare_DEL-BOM_6E_2026-10-10_T+45_1787777823006_cofg,DEL-BOM,EaseMyTrip,6E,6E-6443,2026-10-10,T+45,6070,1333,7403,2026-08-26T00:57:01.004Z,FALSE,"",09:00,FALSE
fare_DEL-BOM_6E_2026-10-10_T+45_1787777823006_m80k,DEL-BOM,EaseMyTrip,6E,6E-6433,2026-10-10,T+45,6070,1333,7403,2026-08-26T00:57:01.004Z,FALSE,"",16:30,FALSE
fare_DEL-BOM_6E_2026-10-10_T+45_1787777823006_2cgy,DEL-BOM,EaseMyTrip,6E,6E-5138,2026-10-10,T+45,6070,1333,7403,2026-08-26T00:57:01.004Z,FALSE,"",19:10,FALSE
fare_DEL-BOM_6E_2026-10-10_T+45_1787777823006_m4dg,DEL-BOM,EaseMyTrip,6E,6E-6459,2026-10-10,T+45,6070,1333,7403,2026-08-26T00:57:01.004Z,FALSE,"",05:55,FALSE
fare_DEL-BOM_6E_2026-10-10_T+45_1787777823006_8j43,DEL-BOM,EaseMyTrip,6E,6E-115,2026-10-10,T+45,6135,1347,7482,2026-08-26T00:57:01.004Z,FALSE,"",16:30,FALSE
fare_DEL-BOM_6E_2026-10-10_T+45_1787777823006_73qk,DEL-BOM,EaseMyTrip,6E,6E-952,2026-10-10,T+45,6135,1347,7482,2026-08-26T00:57:01.004Z,FALSE,"",16:30,FALSE
fare_DEL-BOM_6E_2026-10-10_T+45_1787777823006_7mgr,DEL-BOM,EaseMyTrip,6E,6E-6479,2026-10-10,T+45,6135,1347,7482,2026-08-26T00:57:01.004Z,FALSE,"",21:25,FALSE
fare_DEL-BOM_6E_2026-10-10_T+45_1787777823006_q19q,DEL-BOM,EaseMyTrip,6E,6E-2113,2026-10-10,T+45,6135,1347,7482,2026-08-26T00:57:01.004Z,FALSE,"",13:20,FALSE
fare_DEL-BOM_6E_2026-10-10_T+45_1787777823006_i5by,DEL-BOM,EaseMyTrip,6E,6E-6050,2026-10-10,T+45,6135,1347,7482,2026-08-26T00:57:01.004Z,FALSE,"",08:15,FALSE
fare_DEL-BOM_6E_2026-10-10_T+45_1787777823006_bcf8,DEL-BOM,EaseMyTrip,6E,6E-2147,2026-10-10,T+45,6135,1347,7482,2026-08-26T00:57:01.004Z,FALSE,"",11:10,FALSE
fare_DEL-BOM_6E_2026-10-10_T+45_1787777823006_e9cc,DEL-BOM,EaseMyTrip,6E,6E-6212,2026-10-10,T+45,6243,1370,7613,2026-08-26T00:57:01.004Z,FALSE,"",14:45,FALSE
fare_DEL-BOM_6E_2026-10-10_T+45_1787777823006_opk9,DEL-BOM,EaseMyTrip,6E,6E-6601,2026-10-10,T+45,6243,1370,7613,2026-08-26T00:57:01.004Z,FALSE,"",19:45,FALSE
fare_DEL-BOM_6E_2026-10-10_T+45_1787777823006_ctew,DEL-BOM,EaseMyTrip,6E,6E-6282,2026-10-10,T+45,6243,1370,7613,2026-08-26T00:57:01.004Z,FALSE,"",13:30,FALSE
fare_DEL-BOM_6E_2026-10-10_T+45_1787777823006_rnsm,DEL-BOM,EaseMyTrip,6E,6E-158,2026-10-10,T+45,6243,1370,7613,2026-08-26T00:57:01.004Z,FALSE,"",23:15,FALSE
fare_DEL-BOM_6E_2026-10-10_T+45_1787777823006_uojg,DEL-BOM,EaseMyTrip,6E,6E-627,2026-10-10,T+45,6243,1370,7613,2026-08-26T00:57:01.004Z,FALSE,"",23:15,FALSE
fare_DEL-BOM_6E_2026-10-10_T+45_1787777823006_bz7i,DEL-BOM,EaseMyTrip,6E,6E-7646,2026-10-10,T+45,6269,1376,7645,2026-08-26T00:57:01.004Z,FALSE,"",06:15,FALSE
fare_DEL-BOM_6E_2026-10-10_T+45_1787777823006_5fuo,DEL-BOM,EaseMyTrip,6E,6E-7642,2026-10-10,T+45,6312,1386,7698,2026-08-26T00:57:01.004Z,FALSE,"",15:45,FALSE
fare_DEL-BOM_6E_2026-10-10_T+45_1787777823006_b3ge,DEL-BOM,EaseMyTrip,6E,6E-5038,2026-10-10,T+45,6617,1453,8070,2026-08-26T00:57:01.004Z,FALSE,"",14:00,FALSE
fare_DEL-BOM_6E_2026-10-10_T+45_1787777823006_7nja,DEL-BOM,EaseMyTrip,6E,6E-382,2026-10-10,T+45,6725,1476,8201,2026-08-26T00:57:01.004Z,FALSE,"",17:55,FALSE
fare_DEL-BOM_6E_2026-10-10_T+45_1787777823006_39u2,DEL-BOM,EaseMyTrip,6E,6E-261,2026-10-10,T+45,6725,1476,8201,2026-08-26T00:57:01.004Z,FALSE,"",17:55,FALSE
fare_DEL-BOM_6E_2026-10-10_T+45_1787777823006_j4db,DEL-BOM,EaseMyTrip,6E,6E-6026,2026-10-10,T+45,6725,1476,8201,2026-08-26T00:57:01.004Z,FALSE,"",05:30,FALSE
fare_DEL-BOM_6E_2026-10-10_T+45_1787777823006_64qh,DEL-BOM,EaseMyTrip,6E,6E-377,2026-10-10,T+45,6725,1476,8201,2026-08-26T00:57:01.004Z,FALSE,"",02:25,FALSE
fare_DEL-BOM_6E_2026-10-10_T+45_1787777823006_nxcz,DEL-BOM,EaseMyTrip,6E,6E-502,2026-10-10,T+45,6725,1476,8201,2026-08-26T00:57:01.004Z,FALSE,"",02:25,FALSE
fare_DEL-BOM_6E_2026-10-10_T+45_1787777823006_r4h0,DEL-BOM,EaseMyTrip,6E,6E-2571,2026-10-10,T+45,6831,1500,8331,2026-08-26T00:57:01.004Z,FALSE,"",12:30,FALSE
fare_DEL-BOM_6E_2026-10-10_T+45_1787777823006_1v5p,DEL-BOM,EaseMyTrip,6E,6E-2381,2026-10-10,T+45,7256,1593,8849,2026-08-26T00:57:01.004Z,FALSE,"",13:45,FALSE
fare_DEL-BOM_IX_2026-10-10_T+45_1787777823006_cdmc,DEL-BOM,EaseMyTrip,IX,IX-1051,2026-10-10,T+45,7532,1653,9185,2026-08-26T00:57:01.004Z,FALSE,"",19:05,FALSE
fare_DEL-BOM_IX_2026-10-10_T+45_1787777823006_jcyw,DEL-BOM,EaseMyTrip,IX,IX-1056,2026-10-10,T+45,7650,1679,9329,2026-08-26T00:57:01.004Z,FALSE,"",17:50,TRUE
fare_DEL-BOM_6E_2026-10-10_T+45_1787777823006_0s3j,DEL-BOM,EaseMyTrip,6E,6E-5298,2026-10-10,T+45,8373,1838,10211,2026-08-26T00:57:01.004Z,FALSE,"",09:00,FALSE
fare_DEL-BOM_AI_2026-10-10_T+45_1787777823006_13ny,DEL-BOM,EaseMyTrip,AI,AI-2761,2026-10-10,T+45,8673,1904,10577,2026-08-26T00:57:01.004Z,FALSE,"",16:25,FALSE
fare_DEL-BOM_AI_2026-10-10_T+45_1787777823006_rj1f,DEL-BOM,EaseMyTrip,AI,AI-1705,2026-10-10,T+45,8895,1952,10847,2026-08-26T00:57:01.004Z,FALSE,"",06:30,FALSE
fare_DEL-BOM_IX_2026-10-10_T+45_1787777823006_h8l4,DEL-BOM,EaseMyTrip,IX,IX-1049,2026-10-10,T+45,9008,1977,10985,2026-08-26T00:57:01.004Z,FALSE,"",18:40,FALSE
fare_DEL-BOM_AI_2026-10-10_T+45_1787777823006_0lmj,DEL-BOM,EaseMyTrip,AI,AI-2569,2026-10-10,T+45,9122,2002,11124,2026-08-26T00:57:01.004Z,FALSE,"",20:30,FALSE
fare_DEL-BOM_AI_2026-10-10_T+45_1787777823006_88ir,DEL-BOM,EaseMyTrip,AI,AI-1710,2026-10-10,T+45,9447,2074,11521,2026-08-26T00:57:01.004Z,FALSE,"",18:35,FALSE
fare_DEL-BOM_IX_2026-10-10_T+45_1787777823006_irnv,DEL-BOM,EaseMyTrip,IX,IX-1068,2026-10-10,T+45,9828,2157,11985,2026-08-26T00:57:01.004Z,FALSE,"",11:55,FALSE
fare_DEL-BOM_6E_2026-10-10_T+45_1787777823006_ovrx,DEL-BOM,EaseMyTrip,6E,6E-346,2026-10-10,T+45,9619,2111,11730,2026-08-26T00:57:01.004Z,FALSE,"",12:10,FALSE
fare_DEL-BOM_6E_2026-10-10_T+45_1787777823006_3pix,DEL-BOM,EaseMyTrip,6E,6E-898,2026-10-10,T+45,9619,2111,11730,2026-08-26T00:57:01.004Z,FALSE,"",12:10,FALSE
fare_DEL-BOM_AI_2026-10-10_T+45_1787777823006_6tkl,DEL-BOM,EaseMyTrip,AI,AI-2715,2026-10-10,T+45,11186,2455,13641,2026-08-26T00:57:01.004Z,FALSE,"",11:40,FALSE
fare_DEL-BOM_AI_2026-10-10_T+45_1787777823006_giop,DEL-BOM,EaseMyTrip,AI,AI-2959,2026-10-10,T+45,11186,2455,13641,2026-08-26T00:57:01.004Z,FALSE,"",07:10,FALSE
fare_DEL-BOM_AI_2026-10-10_T+45_1787777823006_polg,DEL-BOM,EaseMyTrip,AI,AI-423,2026-10-10,T+45,11186,2455,13641,2026-08-26T00:57:01.004Z,FALSE,"",09:50,FALSE
fare_DEL-BOM_AI_2026-10-10_T+45_1787777823006_2yp1,DEL-BOM,EaseMyTrip,AI,AI-2909,2026-10-10,T+45,11186,2455,13641,2026-08-26T00:57:01.004Z,FALSE,"",22:30,FALSE
fare_DEL-BOM_AI_2026-10-10_T+45_1787777823006_30zd,DEL-BOM,EaseMyTrip,AI,AI-809,2026-10-10,T+45,11273,2475,13748,2026-08-26T00:57:01.004Z,FALSE,"",17:40,FALSE
fare_DEL-BOM_AI_2026-10-10_T+45_1787777823006_6e0g,DEL-BOM,EaseMyTrip,AI,AI-2939,2026-10-10,T+45,11273,2475,13748,2026-08-26T00:57:01.004Z,FALSE,"",16:40,FALSE
fare_DEL-BOM_AI_2026-10-10_T+45_1787777823006_piaf,DEL-BOM,EaseMyTrip,AI,AI-881,2026-10-10,T+45,11273,2475,13748,2026-08-26T00:57:01.004Z,FALSE,"",13:35,FALSE
fare_DEL-BOM_AI_2026-10-10_T+45_1787777823006_des5,DEL-BOM,EaseMyTrip,AI,AI-817,2026-10-10,T+45,11463,2516,13979,2026-08-26T00:57:01.004Z,FALSE,"",05:55,FALSE
fare_DEL-BOM_AI_2026-10-10_T+45_1787777823006_pv7a,DEL-BOM,EaseMyTrip,AI,AI-2499,2026-10-10,T+45,11660,2559,14219,2026-08-26T00:57:01.004Z,FALSE,"",06:00,FALSE
fare_DEL-BOM_QP_2026-10-10_T+45_1787777823006_7uew,DEL-BOM,EaseMyTrip,QP,QP-1526,2026-10-10,T+45,11642,2555,14197,2026-08-26T00:57:01.004Z,FALSE,"",16:30,FALSE
fare_DEL-BOM_IX_2026-10-10_T+45_1787777823006_4yww,DEL-BOM,EaseMyTrip,IX,IX-1059,2026-10-10,T+45,12412,2725,15137,2026-08-26T00:57:01.004Z,TRUE,"High outlier: ₹15137 > upper fence ₹14633 (Q3: ₹9770, IQR: ₹3242)",12:15,FALSE
fare_DEL-BOM_IX_2026-10-10_T+45_1787777823006_zco9,DEL-BOM,EaseMyTrip,IX,IX-1064,2026-10-10,T+45,12412,2725,15137,2026-08-26T00:57:01.004Z,TRUE,"High outlier: ₹15137 > upper fence ₹14633 (Q3: ₹9770, IQR: ₹3242)",19:10,FALSE
fare_DEL-BOM_IX_2026-10-10_T+45_1787777823006_kyvp,DEL-BOM,EaseMyTrip,IX,IX-1783,2026-10-10,T+45,12412,2725,15137,2026-08-26T00:57:01.004Z,TRUE,"High outlier: ₹15137 > upper fence ₹14633 (Q3: ₹9770, IQR: ₹3242)",07:20,FALSE
fare_DEL-BOM_IX_2026-10-10_T+45_1787777823006_x82p,DEL-BOM,EaseMyTrip,IX,IX-1057,2026-10-10,T+45,12412,2725,15137,2026-08-26T00:57:01.004Z,TRUE,"High outlier: ₹15137 > upper fence ₹14633 (Q3: ₹9770, IQR: ₹3242)",06:20,FALSE
fare_DEL-BOM_AI_2026-10-10_T+45_1787777823006_cgk1,DEL-BOM,EaseMyTrip,AI,AI-9757,2026-10-10,T+45,12393,2720,15113,2026-08-26T00:57:01.004Z,TRUE,"High outlier: ₹15113 > upper fence ₹14633 (Q3: ₹9770, IQR: ₹3242)",11:50,FALSE
fare_DEL-BOM_AI_2026-10-10_T+45_1787777823006_zjy4,DEL-BOM,EaseMyTrip,AI,AI-9759,2026-10-10,T+45,12393,2720,15113,2026-08-26T00:57:01.004Z,TRUE,"High outlier: ₹15113 > upper fence ₹14633 (Q3: ₹9770, IQR: ₹3242)",06:00,FALSE
fare_DEL-BOM_AI_2026-10-10_T+45_1787777823006_m39f,DEL-BOM,EaseMyTrip,AI,AI-9584,2026-10-10,T+45,12607,2767,15374,2026-08-26T00:57:01.004Z,TRUE,"High outlier: ₹15374 > upper fence ₹14633 (Q3: ₹9770, IQR: ₹3242)",11:15,FALSE
fare_DEL-BOM_IX_2026-10-10_T+45_1787777823006_pw06,DEL-BOM,EaseMyTrip,IX,IX-2749,2026-10-10,T+45,12731,2795,15526,2026-08-26T00:57:01.004Z,TRUE,"High outlier: ₹15526 > upper fence ₹14633 (Q3: ₹9770, IQR: ₹3242)",10:25,FALSE
fare_DEL-BOM_AI_2026-10-10_T+45_1787777823006_m4jl,DEL-BOM,EaseMyTrip,AI,AI-1743,2026-10-10,T+45,13065,2868,15933,2026-08-26T00:57:01.004Z,TRUE,"High outlier: ₹15933 > upper fence ₹14633 (Q3: ₹9770, IQR: ₹3242)",06:15,FALSE
fare_DEL-BOM_AI_2026-10-10_T+45_1787777823006_8qdy,DEL-BOM,EaseMyTrip,AI,AI-9418,2026-10-10,T+45,13079,2871,15950,2026-08-26T00:57:01.004Z,TRUE,"High outlier: ₹15950 > upper fence ₹14633 (Q3: ₹9770, IQR: ₹3242)",13:10,FALSE
fare_DEL-BOM_IX_2026-10-10_T+45_1787777823006_ouye,DEL-BOM,EaseMyTrip,IX,IX-1082,2026-10-10,T+45,13329,2926,16255,2026-08-26T00:57:01.004Z,TRUE,"High outlier: ₹16255 > upper fence ₹14633 (Q3: ₹9770, IQR: ₹3242)",21:25,FALSE
fare_DEL-BOM_AI_2026-10-10_T+45_1787777823006_t3tn,DEL-BOM,EaseMyTrip,AI,AI-9920,2026-10-10,T+45,14060,3086,17146,2026-08-26T00:57:01.004Z,TRUE,"High outlier: ₹17146 > upper fence ₹14633 (Q3: ₹9770, IQR: ₹3242)",10:50,FALSE
fare_DEL-BOM_IX_2026-10-10_T+45_1787777823006_xv9n,DEL-BOM,EaseMyTrip,IX,IX-1817,2026-10-10,T+45,14473,3177,17650,2026-08-26T00:57:01.004Z,TRUE,"High outlier: ₹17650 > upper fence ₹14633 (Q3: ₹9770, IQR: ₹3242)",19:30,FALSE
fare_DEL-BOM_AI_2026-10-10_T+45_1787777823006_xkqt,DEL-BOM,EaseMyTrip,AI,AI-1773,2026-10-10,T+45,14497,3182,17679,2026-08-26T00:57:01.004Z,TRUE,"High outlier: ₹17679 > upper fence ₹14633 (Q3: ₹9770, IQR: ₹3242)",10:30,FALSE
fare_DEL-BOM_AI_2026-10-10_T+45_1787777823006_msze,DEL-BOM,EaseMyTrip,AI,AI-2577,2026-10-10,T+45,14577,3200,17777,2026-08-26T00:57:01.004Z,TRUE,"High outlier: ₹17777 > upper fence ₹14633 (Q3: ₹9770, IQR: ₹3242)",02:00,FALSE
fare_DEL-BOM_AI_2026-10-10_T+45_1787777823006_jqrk,DEL-BOM,EaseMyTrip,AI,AI-2859,2026-10-10,T+45,14577,3200,17777,2026-08-26T00:57:01.004Z,TRUE,"High outlier: ₹17777 > upper fence ₹14633 (Q3: ₹9770, IQR: ₹3242)",10:30,FALSE
fare_DEL-BOM_AI_2026-10-10_T+45_1787777823006_vkl9,DEL-BOM,EaseMyTrip,AI,AI-2465,2026-10-10,T+45,14880,3266,18146,2026-08-26T00:57:01.004Z,TRUE,"High outlier: ₹18146 > upper fence ₹14633 (Q3: ₹9770, IQR: ₹3242)",14:30,FALSE
fare_DEL-BOM_AI_2026-10-10_T+45_1787777823006_jmhj,DEL-BOM,EaseMyTrip,AI,AI-1703,2026-10-10,T+45,15809,3470,19279,2026-08-26T00:57:01.004Z,TRUE,"High outlier: ₹19279 > upper fence ₹14633 (Q3: ₹9770, IQR: ₹3242)",05:10,FALSE
fare_DEL-BOM_IX_2026-10-10_T+45_1787777823006_qksx,DEL-BOM,EaseMyTrip,IX,IX-1070,2026-10-10,T+45,16361,3592,19953,2026-08-26T00:57:01.004Z,TRUE,"High outlier: ₹19953 > upper fence ₹14633 (Q3: ₹9770, IQR: ₹3242)",21:15,FALSE
fare_DEL-BOM_AI_2026-10-10_T+45_1787777823006_5h82,DEL-BOM,EaseMyTrip,AI,AI-2803,2026-10-10,T+45,16672,3660,20332,2026-08-26T00:57:01.004Z,TRUE,"High outlier: ₹20332 > upper fence ₹14633 (Q3: ₹9770, IQR: ₹3242)",06:30,FALSE
fare_DEL-BOM_AI_2026-10-10_T+45_1787777823006_vzqq,DEL-BOM,EaseMyTrip,AI,AI-2819,2026-10-10,T+45,16735,3674,20409,2026-08-26T00:57:01.004Z,TRUE,"High outlier: ₹20409 > upper fence ₹14633 (Q3: ₹9770, IQR: ₹3242)",15:00,FALSE
fare_DEL-BOM_AI_2026-10-10_T+45_1787777823006_om2b,DEL-BOM,EaseMyTrip,AI,AI-1779,2026-10-10,T+45,17065,3746,20811,2026-08-26T00:57:01.004Z,TRUE,"High outlier: ₹20811 > upper fence ₹14633 (Q3: ₹9770, IQR: ₹3242)",13:45,FALSE
fare_DEL-BOM_AI_2026-10-10_T+45_1787777823006_r3en,DEL-BOM,EaseMyTrip,AI,AI-1739,2026-10-10,T+45,17408,3821,21229,2026-08-26T00:57:01.004Z,TRUE,"High outlier: ₹21229 > upper fence ₹14633 (Q3: ₹9770, IQR: ₹3242)",11:30,FALSE
fare_DEL-BOM_AI_2026-10-10_T+45_1787777823006_614a,DEL-BOM,EaseMyTrip,AI,AI-427,2026-10-10,T+45,17909,3931,21840,2026-08-26T00:57:01.004Z,TRUE,"High outlier: ₹21840 > upper fence ₹14633 (Q3: ₹9770, IQR: ₹3242)",08:30,FALSE
fare_DEL-BOM_AI_2026-10-10_T+45_1787777823006_dhzf,DEL-BOM,EaseMyTrip,AI,AI-2483,2026-10-10,T+45,18662,4097,22759,2026-08-26T00:57:01.004Z,TRUE,"High outlier: ₹22759 > upper fence ₹14633 (Q3: ₹9770, IQR: ₹3242)",12:20,FALSE
fare_DEL-BOM_AI_2026-10-10_T+45_1787777823006_lfa3,DEL-BOM,EaseMyTrip,AI,AI-2907,2026-10-10,T+45,19068,4186,23254,2026-08-26T00:57:01.004Z,TRUE,"High outlier: ₹23254 > upper fence ₹14633 (Q3: ₹9770, IQR: ₹3242)",12:00,FALSE
fare_DEL-BOM_AI_2026-10-10_T+45_1787777823006_0qry,DEL-BOM,EaseMyTrip,AI,AI-2509,2026-10-10,T+45,20903,4589,25492,2026-08-26T00:57:01.004Z,TRUE,"High outlier: ₹25492 > upper fence ₹14633 (Q3: ₹9770, IQR: ₹3242)",07:00,FALSE
fare_DEL-BOM_AI_2026-10-10_T+45_1787777823006_dydh,DEL-BOM,EaseMyTrip,AI,AI-2627,2026-10-10,T+45,34897,7660,42557,2026-08-26T00:57:01.004Z,TRUE,"High outlier: ₹42557 > upper fence ₹14633 (Q3: ₹9770, IQR: ₹3242)",10:45,FALSE
fare_DEL-BOM_SG_2026-09-02_T+7_1787777823007_00m7,DEL-BOM,EaseMyTrip,SG,SG-9091,2026-09-02,T+7,5168,1134,6302,2026-08-26T00:56:42.828Z,FALSE,"",05:30,TRUE
fare_DEL-BOM_6E_2026-09-02_T+7_1787777823007_pqrh,DEL-BOM,EaseMyTrip,6E,6E-264,2026-09-02,T+7,5067,1112,6179,2026-08-26T00:56:42.828Z,FALSE,"",19:35,FALSE
fare_DEL-BOM_6E_2026-09-02_T+7_1787777823007_wmtd,DEL-BOM,EaseMyTrip,6E,6E-741,2026-09-02,T+7,5067,1112,6179,2026-08-26T00:56:42.828Z,FALSE,"",19:35,FALSE
fare_DEL-BOM_6E_2026-09-02_T+7_1787777823007_5c7f,DEL-BOM,EaseMyTrip,6E,6E-6190,2026-09-02,T+7,5067,1112,6179,2026-08-26T00:56:42.828Z,FALSE,"",07:40,FALSE
fare_DEL-BOM_SG_2026-09-02_T+7_1787777823007_ghwp,DEL-BOM,EaseMyTrip,SG,SG-508,2026-09-02,T+7,5242,1151,6393,2026-08-26T00:56:42.828Z,FALSE,"",21:00,TRUE
fare_DEL-BOM_SG_2026-09-02_T+7_1787777823007_t4p8,DEL-BOM,EaseMyTrip,SG,SG-672,2026-09-02,T+7,5242,1151,6393,2026-08-26T00:56:42.828Z,FALSE,"",21:00,TRUE
fare_DEL-BOM_SG_2026-09-02_T+7_1787777823007_lhxw,DEL-BOM,EaseMyTrip,SG,SG-443,2026-09-02,T+7,5242,1151,6393,2026-08-26T00:56:42.828Z,FALSE,"",22:30,TRUE
fare_DEL-BOM_SG_2026-09-02_T+7_1787777823007_0ua3,DEL-BOM,EaseMyTrip,SG,SG-594,2026-09-02,T+7,5242,1151,6393,2026-08-26T00:56:42.828Z,FALSE,"",22:30,TRUE
fare_DEL-BOM_IX_2026-09-02_T+7_1787777823007_a8mw,DEL-BOM,EaseMyTrip,IX,IX-1056,2026-09-02,T+7,5354,1175,6529,2026-08-26T00:56:42.828Z,FALSE,"",05:45,TRUE
fare_DEL-BOM_IX_2026-09-02_T+7_1787777823007_snfr,DEL-BOM,EaseMyTrip,IX,IX-1235,2026-09-02,T+7,5354,1175,6529,2026-08-26T00:56:42.828Z,FALSE,"",23:25,TRUE
fare_DEL-BOM_IX_2026-09-02_T+7_1787777823007_lhv9,DEL-BOM,EaseMyTrip,IX,IX-1038,2026-09-02,T+7,5354,1175,6529,2026-08-26T00:56:42.828Z,FALSE,"",17:35,TRUE
fare_DEL-BOM_IX_2026-09-02_T+7_1787777823007_ru01,DEL-BOM,EaseMyTrip,IX,IX-1080,2026-09-02,T+7,5354,1175,6529,2026-08-26T00:56:42.828Z,FALSE,"",18:40,TRUE
fare_DEL-BOM_IX_2026-09-02_T+7_1787777823007_629p,DEL-BOM,EaseMyTrip,IX,IX-1392,2026-09-02,T+7,5354,1175,6529,2026-08-26T00:56:42.828Z,FALSE,"",23:25,FALSE
fare_DEL-BOM_6E_2026-09-02_T+7_1787777823007_zznv,DEL-BOM,EaseMyTrip,6E,6E-2249,2026-09-02,T+7,5174,1136,6310,2026-08-26T00:56:42.828Z,FALSE,"",15:00,FALSE
fare_DEL-BOM_6E_2026-09-02_T+7_1787777823007_4z5n,DEL-BOM,EaseMyTrip,6E,6E-2169,2026-09-02,T+7,5174,1136,6310,2026-08-26T00:56:42.828Z,FALSE,"",19:40,FALSE
fare_DEL-BOM_6E_2026-09-02_T+7_1787777823007_aray,DEL-BOM,EaseMyTrip,6E,6E-6829,2026-09-02,T+7,5174,1136,6310,2026-08-26T00:56:42.828Z,FALSE,"",17:20,FALSE
fare_DEL-BOM_6E_2026-09-02_T+7_1787777823007_qu7t,DEL-BOM,EaseMyTrip,6E,6E-6443,2026-09-02,T+7,5174,1136,6310,2026-08-26T00:56:42.828Z,FALSE,"",09:00,FALSE
fare_DEL-BOM_6E_2026-09-02_T+7_1787777823007_cqm1,DEL-BOM,EaseMyTrip,6E,6E-6433,2026-09-02,T+7,5174,1136,6310,2026-08-26T00:56:42.828Z,FALSE,"",16:30,FALSE
fare_DEL-BOM_6E_2026-09-02_T+7_1787777823007_pg7y,DEL-BOM,EaseMyTrip,6E,6E-5138,2026-09-02,T+7,5174,1136,6310,2026-08-26T00:56:42.828Z,FALSE,"",19:10,FALSE
fare_DEL-BOM_6E_2026-09-02_T+7_1787777823007_2h97,DEL-BOM,EaseMyTrip,6E,6E-6490,2026-09-02,T+7,5174,1136,6310,2026-08-26T00:56:42.828Z,FALSE,"",04:55,FALSE
fare_DEL-BOM_6E_2026-09-02_T+7_1787777823007_kjkh,DEL-BOM,EaseMyTrip,6E,6E-2345,2026-09-02,T+7,5174,1136,6310,2026-08-26T00:56:42.828Z,FALSE,"",05:55,FALSE
fare_DEL-BOM_6E_2026-09-02_T+7_1787777823007_yppz,DEL-BOM,EaseMyTrip,6E,6E-5298,2026-09-02,T+7,5239,1150,6389,2026-08-26T00:56:42.828Z,FALSE,"",09:00,FALSE
fare_DEL-BOM_6E_2026-09-02_T+7_1787777823007_ehl1,DEL-BOM,EaseMyTrip,6E,6E-5038,2026-09-02,T+7,5239,1150,6389,2026-08-26T00:56:42.828Z,FALSE,"",14:00,FALSE
fare_DEL-BOM_6E_2026-09-02_T+7_1787777823007_8imn,DEL-BOM,EaseMyTrip,6E,6E-6050,2026-09-02,T+7,5239,1150,6389,2026-08-26T00:56:42.828Z,FALSE,"",08:15,FALSE
fare_DEL-BOM_6E_2026-09-02_T+7_1787777823007_ktpz,DEL-BOM,EaseMyTrip,6E,6E-5096,2026-09-02,T+7,5282,1160,6442,2026-08-26T00:56:42.828Z,FALSE,"",17:00,TRUE
fare_DEL-BOM_6E_2026-09-02_T+7_1787777823007_8kcv,DEL-BOM,EaseMyTrip,6E,6E-6601,2026-09-02,T+7,5346,1174,6520,2026-08-26T00:56:42.828Z,FALSE,"",19:45,FALSE
fare_DEL-BOM_6E_2026-09-02_T+7_1787777823007_yktd,DEL-BOM,EaseMyTrip,6E,6E-6282,2026-09-02,T+7,5346,1174,6520,2026-08-26T00:56:42.828Z,FALSE,"",13:30,FALSE
fare_DEL-BOM_6E_2026-09-02_T+7_1787777823007_kg5s,DEL-BOM,EaseMyTrip,6E,6E-569,2026-09-02,T+7,5346,1174,6520,2026-08-26T00:56:42.828Z,FALSE,"",08:30,FALSE
fare_DEL-BOM_6E_2026-09-02_T+7_1787777823007_l3k3,DEL-BOM,EaseMyTrip,6E,6E-478,2026-09-02,T+7,5346,1174,6520,2026-08-26T00:56:42.828Z,FALSE,"",08:30,FALSE
fare_DEL-BOM_6E_2026-09-02_T+7_1787777823007_v7im,DEL-BOM,EaseMyTrip,6E,6E-150,2026-09-02,T+7,5346,1174,6520,2026-08-26T00:56:42.828Z,FALSE,"",23:15,FALSE
fare_DEL-BOM_6E_2026-09-02_T+7_1787777823007_6cg4,DEL-BOM,EaseMyTrip,6E,6E-735,2026-09-02,T+7,5346,1174,6520,2026-08-26T00:56:42.828Z,FALSE,"",23:15,FALSE
fare_DEL-BOM_6E_2026-09-02_T+7_1787777823007_m6fg,DEL-BOM,EaseMyTrip,6E,6E-6497,2026-09-02,T+7,5346,1174,6520,2026-08-26T00:56:42.828Z,FALSE,"",18:45,FALSE
fare_DEL-BOM_6E_2026-09-02_T+7_1787777823007_aoxb,DEL-BOM,EaseMyTrip,6E,6E-6293,2026-09-02,T+7,5346,1174,6520,2026-08-26T00:56:42.828Z,FALSE,"",09:55,FALSE
fare_DEL-BOM_6E_2026-09-02_T+7_1787777823007_ydd2,DEL-BOM,EaseMyTrip,6E,6E-6470,2026-09-02,T+7,5354,1175,6529,2026-08-26T00:56:42.828Z,FALSE,"",06:55,TRUE
fare_DEL-BOM_6E_2026-09-02_T+7_1787777823007_ha10,DEL-BOM,EaseMyTrip,6E,6E-2721,2026-09-02,T+7,5354,1175,6529,2026-08-26T00:56:42.828Z,FALSE,"",09:55,TRUE
fare_DEL-BOM_QP_2026-09-02_T+7_1787777823007_8prp,DEL-BOM,EaseMyTrip,QP,QP-1833,2026-09-02,T+7,5355,1175,6530,2026-08-26T00:56:42.828Z,FALSE,"",06:50,TRUE
fare_DEL-BOM_QP_2026-09-02_T+7_1787777823007_x8m4,DEL-BOM,EaseMyTrip,QP,QP-1112,2026-09-02,T+7,5355,1175,6530,2026-08-26T00:56:42.828Z,FALSE,"",09:20,TRUE
fare_DEL-BOM_QP_2026-09-02_T+7_1787777823007_pty9,DEL-BOM,EaseMyTrip,QP,QP-1836,2026-09-02,T+7,5355,1175,6530,2026-08-26T00:56:42.828Z,FALSE,"",12:30,TRUE
fare_DEL-BOM_QP_2026-09-02_T+7_1787777823007_djj7,DEL-BOM,EaseMyTrip,QP,QP-1128,2026-09-02,T+7,5355,1175,6530,2026-08-26T00:56:42.828Z,FALSE,"",16:00,TRUE
fare_DEL-BOM_QP_2026-09-02_T+7_1787777823007_ikc4,DEL-BOM,EaseMyTrip,QP,QP-1820,2026-09-02,T+7,5355,1175,6530,2026-08-26T00:56:42.828Z,FALSE,"",17:30,TRUE
fare_DEL-BOM_QP_2026-09-02_T+7_1787777823007_cugu,DEL-BOM,EaseMyTrip,QP,QP-1119,2026-09-02,T+7,5355,1175,6530,2026-08-26T00:56:42.828Z,FALSE,"",08:40,TRUE
fare_DEL-BOM_QP_2026-09-02_T+7_1787777823007_dq55,DEL-BOM,EaseMyTrip,QP,QP-1110,2026-09-02,T+7,5355,1175,6530,2026-08-26T00:56:42.828Z,FALSE,"",10:30,TRUE
fare_DEL-BOM_QP_2026-09-02_T+7_1787777823007_jmwy,DEL-BOM,EaseMyTrip,QP,QP-1826,2026-09-02,T+7,5355,1175,6530,2026-08-26T00:56:42.828Z,FALSE,"",19:55,TRUE
fare_DEL-BOM_6E_2026-09-02_T+7_1787777823007_z6bz,DEL-BOM,EaseMyTrip,6E,6E-6706,2026-09-02,T+7,5355,1175,6530,2026-08-26T00:56:42.828Z,FALSE,"",17:00,TRUE
fare_DEL-BOM_6E_2026-09-02_T+7_1787777823007_via0,DEL-BOM,EaseMyTrip,6E,6E-149,2026-09-02,T+7,5355,1175,6530,2026-08-26T00:56:42.828Z,FALSE,"",16:15,TRUE
fare_DEL-BOM_6E_2026-09-02_T+7_1787777823007_o2jw,DEL-BOM,EaseMyTrip,6E,6E-916,2026-09-02,T+7,5355,1175,6530,2026-08-26T00:56:42.828Z,FALSE,"",16:15,TRUE
fare_DEL-BOM_6E_2026-09-02_T+7_1787777823007_e0aw,DEL-BOM,EaseMyTrip,6E,6E-189,2026-09-02,T+7,5355,1175,6530,2026-08-26T00:56:42.828Z,FALSE,"",15:30,TRUE
fare_DEL-BOM_6E_2026-09-02_T+7_1787777823007_jpkd,DEL-BOM,EaseMyTrip,6E,6E-938,2026-09-02,T+7,5355,1175,6530,2026-08-26T00:56:42.828Z,FALSE,"",15:30,TRUE
fare_DEL-BOM_6E_2026-09-02_T+7_1787777823007_3fpo,DEL-BOM,EaseMyTrip,6E,6E-6022,2026-09-02,T+7,5355,1175,6530,2026-08-26T00:56:42.828Z,FALSE,"",14:00,TRUE
fare_DEL-BOM_6E_2026-09-02_T+7_1787777823007_y34h,DEL-BOM,EaseMyTrip,6E,6E-6318,2026-09-02,T+7,5355,1175,6530,2026-08-26T00:56:42.828Z,FALSE,"",14:45,TRUE
fare_DEL-BOM_6E_2026-09-02_T+7_1787777823007_e10k,DEL-BOM,EaseMyTrip,6E,6E-6328,2026-09-02,T+7,5355,1175,6530,2026-08-26T00:56:42.828Z,FALSE,"",10:15,TRUE
fare_DEL-BOM_6E_2026-09-02_T+7_1787777823007_5zrl,DEL-BOM,EaseMyTrip,6E,6E-6047,2026-09-02,T+7,5355,1175,6530,2026-08-26T00:56:42.828Z,FALSE,"",11:00,TRUE
fare_DEL-BOM_6E_2026-09-02_T+7_1787777823007_sjzg,DEL-BOM,EaseMyTrip,6E,6E-6676,2026-09-02,T+7,5355,1175,6530,2026-08-26T00:56:42.828Z,FALSE,"",12:00,TRUE
fare_DEL-BOM_6E_2026-09-02_T+7_1787777823007_qtrg,DEL-BOM,EaseMyTrip,6E,6E-492,2026-09-02,T+7,5355,1175,6530,2026-08-26T00:56:42.828Z,FALSE,"",13:00,TRUE
fare_DEL-BOM_6E_2026-09-02_T+7_1787777823007_m9vt,DEL-BOM,EaseMyTrip,6E,6E-126,2026-09-02,T+7,5355,1175,6530,2026-08-26T00:56:42.828Z,FALSE,"",13:00,TRUE
fare_DEL-BOM_6E_2026-09-02_T+7_1787777823007_zhcs,DEL-BOM,EaseMyTrip,6E,6E-6107,2026-09-02,T+7,5355,1175,6530,2026-08-26T00:56:42.828Z,FALSE,"",09:30,TRUE
fare_DEL-BOM_QP_2026-09-02_T+7_1787777823007_yne7,DEL-BOM,EaseMyTrip,QP,QP-2074,2026-09-02,T+7,5416,1189,6605,2026-08-26T00:56:42.828Z,FALSE,"",09:20,TRUE
fare_DEL-BOM_QP_2026-09-02_T+7_1787777823007_u428,DEL-BOM,EaseMyTrip,QP,QP-1940,2026-09-02,T+7,5427,1191,6618,2026-08-26T00:56:42.828Z,FALSE,"",14:00,TRUE
fare_DEL-BOM_6E_2026-09-02_T+7_1787777823007_0ur0,DEL-BOM,EaseMyTrip,6E,6E-5198,2026-09-02,T+7,5427,1191,6618,2026-08-26T00:56:42.828Z,FALSE,"",15:00,TRUE
fare_DEL-BOM_6E_2026-09-02_T+7_1787777823007_k6u2,DEL-BOM,EaseMyTrip,6E,6E-177,2026-09-02,T+7,5484,1204,6688,2026-08-26T00:56:42.828Z,FALSE,"",05:00,TRUE
fare_DEL-BOM_6E_2026-09-02_T+7_1787777823007_1itu,DEL-BOM,EaseMyTrip,6E,6E-775,2026-09-02,T+7,5484,1204,6688,2026-08-26T00:56:42.828Z,FALSE,"",05:00,TRUE
fare_DEL-BOM_6E_2026-09-02_T+7_1787777823007_qxwd,DEL-BOM,EaseMyTrip,6E,6E-240,2026-09-02,T+7,5484,1204,6688,2026-08-26T00:56:42.828Z,FALSE,"",23:30,TRUE
fare_DEL-BOM_6E_2026-09-02_T+7_1787777823007_qsjo,DEL-BOM,EaseMyTrip,6E,6E-673,2026-09-02,T+7,5484,1204,6688,2026-08-26T00:56:42.828Z,FALSE,"",23:30,TRUE
fare_DEL-BOM_6E_2026-09-02_T+7_1787777823007_4djb,DEL-BOM,EaseMyTrip,6E,6E-6114,2026-09-02,T+7,5484,1204,6688,2026-08-26T00:56:42.828Z,FALSE,"",22:45,TRUE
fare_DEL-BOM_6E_2026-09-02_T+7_1787777823007_lo65,DEL-BOM,EaseMyTrip,6E,6E-6218,2026-09-02,T+7,5484,1204,6688,2026-08-26T00:56:42.828Z,FALSE,"",06:05,TRUE
fare_DEL-BOM_6E_2026-09-02_T+7_1787777823007_no36,DEL-BOM,EaseMyTrip,6E,6E-929,2026-09-02,T+7,5484,1204,6688,2026-08-26T00:56:42.828Z,FALSE,"",08:45,TRUE
fare_DEL-BOM_6E_2026-09-02_T+7_1787777823007_f3og,DEL-BOM,EaseMyTrip,6E,6E-114,2026-09-02,T+7,5484,1204,6688,2026-08-26T00:56:42.828Z,FALSE,"",08:45,TRUE
fare_DEL-BOM_6E_2026-09-02_T+7_1787777823007_e996,DEL-BOM,EaseMyTrip,6E,6E-285,2026-09-02,T+7,5526,1213,6739,2026-08-26T00:56:42.828Z,FALSE,"",20:20,TRUE
fare_DEL-BOM_6E_2026-09-02_T+7_1787777823007_ej6e,DEL-BOM,EaseMyTrip,6E,6E-395,2026-09-02,T+7,5526,1213,6739,2026-08-26T00:56:42.828Z,FALSE,"",20:20,TRUE
fare_DEL-BOM_AI_2026-09-02_T+7_1787777823007_8urm,DEL-BOM,EaseMyTrip,AI,AI-2678,2026-09-02,T+7,5740,1260,7000,2026-08-26T00:56:42.828Z,FALSE,"",08:30,TRUE
fare_DEL-BOM_AI_2026-09-02_T+7_1787777823007_ek6q,DEL-BOM,EaseMyTrip,AI,AI-2963,2026-09-02,T+7,5740,1260,7000,2026-08-26T00:56:42.828Z,FALSE,"",09:00,TRUE
fare_DEL-BOM_AI_2026-09-02_T+7_1787777823007_e9br,DEL-BOM,EaseMyTrip,AI,AI-2975,2026-09-02,T+7,5740,1260,7000,2026-08-26T00:56:42.828Z,FALSE,"",06:30,TRUE
fare_DEL-BOM_AI_2026-09-02_T+7_1787777823007_bd0l,DEL-BOM,EaseMyTrip,AI,AI-865,2026-09-02,T+7,5740,1260,7000,2026-08-26T00:56:42.828Z,FALSE,"",09:00,TRUE
fare_DEL-BOM_AI_2026-09-02_T+7_1787777823007_3b9b,DEL-BOM,EaseMyTrip,AI,AI-2425,2026-09-02,T+7,5740,1260,7000,2026-08-26T00:56:42.828Z,FALSE,"",10:30,TRUE
fare_DEL-BOM_AI_2026-09-02_T+7_1787777823007_enrs,DEL-BOM,EaseMyTrip,AI,AI-2951,2026-09-02,T+7,5740,1260,7000,2026-08-26T00:56:42.828Z,FALSE,"",13:30,TRUE
fare_DEL-BOM_AI_2026-09-02_T+7_1787777823007_f8ys,DEL-BOM,EaseMyTrip,AI,AI-2941,2026-09-02,T+7,5740,1260,7000,2026-08-26T00:56:42.828Z,FALSE,"",16:30,TRUE
fare_DEL-BOM_AI_2026-09-02_T+7_1787777823007_3fep,DEL-BOM,EaseMyTrip,AI,AI-2981,2026-09-02,T+7,5740,1260,7000,2026-08-26T00:56:42.828Z,FALSE,"",21:00,TRUE
fare_DEL-BOM_AI_2026-09-02_T+7_1787777823007_iivn,DEL-BOM,EaseMyTrip,AI,AI-1745,2026-09-02,T+7,5740,1260,7000,2026-08-26T00:56:42.828Z,FALSE,"",05:00,TRUE
fare_DEL-BOM_AI_2026-09-02_T+7_1787777823007_c75x,DEL-BOM,EaseMyTrip,AI,AI-2429,2026-09-02,T+7,5740,1260,7000,2026-08-26T00:56:42.828Z,FALSE,"",07:00,TRUE
fare_DEL-BOM_AI_2026-09-02_T+7_1787777823007_t3fl,DEL-BOM,EaseMyTrip,AI,AI-2943,2026-09-02,T+7,5740,1260,7000,2026-08-26T00:56:42.828Z,FALSE,"",07:30,TRUE
fare_DEL-BOM_AI_2026-09-02_T+7_1787777823007_edt2,DEL-BOM,EaseMyTrip,AI,AI-2995,2026-09-02,T+7,5740,1260,7000,2026-08-26T00:56:42.828Z,FALSE,"",10:00,TRUE
fare_DEL-BOM_AI_2026-09-02_T+7_1787777823007_h2j0,DEL-BOM,EaseMyTrip,AI,AI-2945,2026-09-02,T+7,5740,1260,7000,2026-08-26T00:56:42.828Z,FALSE,"",11:00,TRUE
fare_DEL-BOM_AI_2026-09-02_T+7_1787777823007_dlt2,DEL-BOM,EaseMyTrip,AI,AI-1785,2026-09-02,T+7,5740,1260,7000,2026-08-26T00:56:42.828Z,FALSE,"",12:00,TRUE
fare_DEL-BOM_AI_2026-09-02_T+7_1787777823007_ovsd,DEL-BOM,EaseMyTrip,AI,AI-2933,2026-09-02,T+7,5740,1260,7000,2026-08-26T00:56:42.828Z,FALSE,"",15:30,TRUE
fare_DEL-BOM_AI_2026-09-02_T+7_1787777823007_5s5i,DEL-BOM,EaseMyTrip,AI,AI-1777,2026-09-02,T+7,5740,1260,7000,2026-08-26T00:56:42.828Z,FALSE,"",16:00,TRUE
fare_DEL-BOM_AI_2026-09-02_T+7_1787777823007_d1kl,DEL-BOM,EaseMyTrip,AI,AI-441,2026-09-02,T+7,5740,1260,7000,2026-08-26T00:56:42.828Z,FALSE,"",17:00,TRUE
fare_DEL-BOM_AI_2026-09-02_T+7_1787777823007_qh21,DEL-BOM,EaseMyTrip,AI,AI-2955,2026-09-02,T+7,5740,1260,7000,2026-08-26T00:56:42.828Z,FALSE,"",18:00,TRUE
fare_DEL-BOM_AI_2026-09-02_T+7_1787777823007_upyp,DEL-BOM,EaseMyTrip,AI,AI-2985,2026-09-02,T+7,5740,1260,7000,2026-08-26T00:56:42.828Z,FALSE,"",19:30,TRUE
fare_DEL-BOM_AI_2026-09-02_T+7_1787777823007_gomy,DEL-BOM,EaseMyTrip,AI,AI-2805,2026-09-02,T+7,5740,1260,7000,2026-08-26T00:56:42.828Z,FALSE,"",20:00,TRUE
fare_DEL-BOM_AI_2026-09-02_T+7_1787777823007_jq26,DEL-BOM,EaseMyTrip,AI,AI-2433,2026-09-02,T+7,5740,1260,7000,2026-08-26T00:56:42.828Z,FALSE,"",21:30,TRUE
fare_DEL-BOM_AI_2026-09-02_T+7_1787777823007_mfd8,DEL-BOM,EaseMyTrip,AI,AI-2439,2026-09-02,T+7,5740,1260,7000,2026-08-26T00:56:42.828Z,FALSE,"",23:00,TRUE
fare_DEL-BOM_AI_2026-09-02_T+7_1787777823007_1plm,DEL-BOM,EaseMyTrip,AI,AI-2927,2026-09-02,T+7,5740,1260,7000,2026-08-26T00:56:42.828Z,FALSE,"",09:30,TRUE
fare_DEL-BOM_AI_2026-09-02_T+7_1787777823007_hun4,DEL-BOM,EaseMyTrip,AI,AI-2957,2026-09-02,T+7,5740,1260,7000,2026-08-26T00:56:42.828Z,FALSE,"",20:30,TRUE
fare_DEL-BOM_6E_2026-09-02_T+7_1787777823007_q14o,DEL-BOM,EaseMyTrip,6E,6E-679,2026-09-02,T+7,5656,1242,6898,2026-08-26T00:56:42.828Z,FALSE,"",21:45,TRUE
fare_DEL-BOM_6E_2026-09-02_T+7_1787777823007_epe2,DEL-BOM,EaseMyTrip,6E,6E-573,2026-09-02,T+7,5656,1242,6898,2026-08-26T00:56:42.828Z,FALSE,"",21:45,TRUE
fare_DEL-BOM_6E_2026-09-02_T+7_1787777823007_r66c,DEL-BOM,EaseMyTrip,6E,6E-325,2026-09-02,T+7,5656,1242,6898,2026-08-26T00:56:42.828Z,FALSE,"",20:45,TRUE
fare_DEL-BOM_6E_2026-09-02_T+7_1787777823007_yxxi,DEL-BOM,EaseMyTrip,6E,6E-768,2026-09-02,T+7,5656,1242,6898,2026-08-26T00:56:42.828Z,FALSE,"",20:45,TRUE
fare_DEL-BOM_6E_2026-09-02_T+7_1787777823007_d6s9,DEL-BOM,EaseMyTrip,6E,6E-230,2026-09-02,T+7,5656,1242,6898,2026-08-26T00:56:42.828Z,FALSE,"",20:00,TRUE
fare_DEL-BOM_6E_2026-09-02_T+7_1787777823007_cc06,DEL-BOM,EaseMyTrip,6E,6E-867,2026-09-02,T+7,5656,1242,6898,2026-08-26T00:56:42.828Z,FALSE,"",20:00,TRUE
fare_DEL-BOM_6E_2026-09-02_T+7_1787777823007_j8c4,DEL-BOM,EaseMyTrip,6E,6E-702,2026-09-02,T+7,5656,1242,6898,2026-08-26T00:56:42.828Z,FALSE,"",19:00,TRUE
fare_DEL-BOM_6E_2026-09-02_T+7_1787777823007_upgp,DEL-BOM,EaseMyTrip,6E,6E-869,2026-09-02,T+7,5656,1242,6898,2026-08-26T00:56:42.828Z,FALSE,"",19:00,TRUE
fare_DEL-BOM_6E_2026-09-02_T+7_1787777823007_f4v9,DEL-BOM,EaseMyTrip,6E,6E-145,2026-09-02,T+7,5656,1242,6898,2026-08-26T00:56:42.828Z,FALSE,"",18:00,TRUE
fare_DEL-BOM_6E_2026-09-02_T+7_1787777823007_qjqr,DEL-BOM,EaseMyTrip,6E,6E-756,2026-09-02,T+7,5656,1242,6898,2026-08-26T00:56:42.828Z,FALSE,"",18:00,TRUE
fare_DEL-BOM_6E_2026-09-02_T+7_1787777823007_d8ks,DEL-BOM,EaseMyTrip,6E,6E-996,2026-09-02,T+7,5656,1242,6898,2026-08-26T00:56:42.828Z,FALSE,"",08:00,TRUE
fare_DEL-BOM_6E_2026-09-02_T+7_1787777823007_uwve,DEL-BOM,EaseMyTrip,6E,6E-801,2026-09-02,T+7,5656,1242,6898,2026-08-26T00:56:42.828Z,FALSE,"",08:00,TRUE
fare_DEL-BOM_6E_2026-09-02_T+7_1787777823007_sw3p,DEL-BOM,EaseMyTrip,6E,6E-6814,2026-09-02,T+7,5656,1242,6898,2026-08-26T00:56:42.828Z,FALSE,"",07:15,TRUE
fare_DEL-BOM_6E_2026-09-02_T+7_1787777823007_ocdg,DEL-BOM,EaseMyTrip,6E,6E-2341,2026-09-02,T+7,5853,1285,7138,2026-08-26T00:56:42.828Z,FALSE,"",14:50,FALSE
fare_DEL-BOM_6E_2026-09-02_T+7_1787777823007_clrj,DEL-BOM,EaseMyTrip,6E,6E-2571,2026-09-02,T+7,5935,1303,7238,2026-08-26T00:56:42.828Z,FALSE,"",12:30,FALSE
fare_DEL-BOM_6E_2026-09-02_T+7_1787777823007_jq86,DEL-BOM,EaseMyTrip,6E,6E-6479,2026-09-02,T+7,6066,1331,7397,2026-08-26T00:56:42.828Z,FALSE,"",21:25,FALSE
fare_DEL-BOM_IX_2026-09-02_T+7_1787777823007_azfk,DEL-BOM,EaseMyTrip,IX,IX-1051,2026-09-02,T+7,6339,1391,7730,2026-08-26T00:56:42.828Z,FALSE,"",19:05,FALSE
fare_DEL-BOM_6E_2026-09-02_T+7_1787777823007_e1g4,DEL-BOM,EaseMyTrip,6E,6E-6212,2026-09-02,T+7,6173,1355,7528,2026-08-26T00:56:42.828Z,FALSE,"",14:45,FALSE
fare_DEL-BOM_6E_2026-09-02_T+7_1787777823007_84od,DEL-BOM,EaseMyTrip,6E,6E-7646,2026-09-02,T+7,6202,1362,7564,2026-08-26T00:56:42.828Z,FALSE,"",06:15,FALSE
fare_DEL-BOM_AI_2026-09-02_T+7_1787777823007_t5ad,DEL-BOM,EaseMyTrip,AI,AI-2977,2026-09-02,T+7,6395,1404,7799,2026-08-26T00:56:42.828Z,FALSE,"",19:00,TRUE
fare_DEL-BOM_6E_2026-09-02_T+7_1787777823007_med0,DEL-BOM,EaseMyTrip,6E,6E-384,2026-09-02,T+7,6238,1369,7607,2026-08-26T00:56:42.828Z,FALSE,"",19:30,FALSE
fare_DEL-BOM_6E_2026-09-02_T+7_1787777823007_6tbq,DEL-BOM,EaseMyTrip,6E,6E-931,2026-09-02,T+7,6238,1369,7607,2026-08-26T00:56:42.828Z,FALSE,"",19:30,FALSE
fare_DEL-BOM_6E_2026-09-02_T+7_1787777823007_bs3s,DEL-BOM,EaseMyTrip,6E,6E-5206,2026-09-02,T+7,7064,1551,8615,2026-08-26T00:56:42.828Z,FALSE,"",13:20,FALSE
fare_DEL-BOM_6E_2026-09-02_T+7_1787777823007_4rlp,DEL-BOM,EaseMyTrip,6E,6E-835,2026-09-02,T+7,7237,1588,8825,2026-08-26T00:56:42.828Z,FALSE,"",12:15,FALSE
fare_DEL-BOM_6E_2026-09-02_T+7_1787777823007_ixk5,DEL-BOM,EaseMyTrip,6E,6E-626,2026-09-02,T+7,7237,1588,8825,2026-08-26T00:56:42.828Z,FALSE,"",12:15,FALSE
fare_DEL-BOM_6E_2026-09-02_T+7_1787777823007_teep,DEL-BOM,EaseMyTrip,6E,6E-6488,2026-09-02,T+7,7574,1663,9237,2026-08-26T00:56:42.828Z,FALSE,"",11:20,FALSE
fare_DEL-BOM_6E_2026-09-02_T+7_1787777823007_iy2h,DEL-BOM,EaseMyTrip,6E,6E-7642,2026-09-02,T+7,7624,1673,9297,2026-08-26T00:56:42.828Z,FALSE,"",15:45,FALSE
fare_DEL-BOM_IX_2026-09-02_T+7_1787777823007_005f,DEL-BOM,EaseMyTrip,IX,IX-1049,2026-09-02,T+7,8142,1787,9929,2026-08-26T00:56:42.828Z,FALSE,"",18:40,FALSE
fare_DEL-BOM_AI_2026-09-02_T+7_1787777823007_eajp,DEL-BOM,EaseMyTrip,AI,AI-2761,2026-09-02,T+7,8307,1823,10130,2026-08-26T00:56:42.828Z,FALSE,"",16:25,FALSE
fare_DEL-BOM_6E_2026-09-02_T+7_1787777823007_w0e2,DEL-BOM,EaseMyTrip,6E,6E-5073,2026-09-02,T+7,8192,1798,9990,2026-08-26T00:56:42.828Z,FALSE,"",17:05,FALSE
fare_DEL-BOM_IX_2026-09-02_T+7_1787777823007_4wjk,DEL-BOM,EaseMyTrip,IX,IX-1003,2026-09-02,T+7,8963,1967,10930,2026-08-26T00:56:42.828Z,FALSE,"",19:10,FALSE
fare_DEL-BOM_AI_2026-09-02_T+7_1787777823007_kzyx,DEL-BOM,EaseMyTrip,AI,AI-2509,2026-09-02,T+7,8817,1935,10752,2026-08-26T00:56:42.828Z,FALSE,"",07:00,FALSE
fare_DEL-BOM_6E_2026-09-02_T+7_1787777823007_x48b,DEL-BOM,EaseMyTrip,6E,6E-6983,2026-09-02,T+7,8794,1930,10724,2026-08-26T00:56:42.828Z,FALSE,"",15:35,FALSE
fare_DEL-BOM_AI_2026-09-02_T+7_1787777823007_2d4q,DEL-BOM,EaseMyTrip,AI,AI-2569,2026-09-02,T+7,8990,1974,10964,2026-08-26T00:56:42.828Z,FALSE,"",20:30,FALSE
fare_DEL-BOM_AI_2026-09-02_T+7_1787777823007_dcio,DEL-BOM,EaseMyTrip,AI,AI-1719,2026-09-02,T+7,9210,2022,11232,2026-08-26T00:56:42.828Z,FALSE,"",11:55,FALSE
fare_DEL-BOM_6E_2026-09-02_T+7_1787777823007_cml2,DEL-BOM,EaseMyTrip,6E,6E-2381,2026-09-02,T+7,9073,1992,11065,2026-08-26T00:56:42.828Z,FALSE,"",13:45,FALSE
fare_DEL-BOM_6E_2026-09-02_T+7_1787777823007_gkd9,DEL-BOM,EaseMyTrip,6E,6E-2496,2026-09-02,T+7,9332,2048,11380,2026-08-26T00:56:42.828Z,FALSE,"",12:40,FALSE
fare_DEL-BOM_IX_2026-09-02_T+7_1787777823007_61gn,DEL-BOM,EaseMyTrip,IX,IX-1068,2026-09-02,T+7,9828,2157,11985,2026-08-26T00:56:42.828Z,FALSE,"",11:55,FALSE
fare_DEL-BOM_AI_2026-09-02_T+7_1787777823007_beaw,DEL-BOM,EaseMyTrip,AI,AI-9757,2026-09-02,T+7,10244,2249,12493,2026-08-26T00:56:42.828Z,FALSE,"",11:50,FALSE
fare_DEL-BOM_IX_2026-09-02_T+7_1787777823007_kf1m,DEL-BOM,EaseMyTrip,IX,IX-1108,2026-09-02,T+7,10319,2265,12584,2026-08-26T00:56:42.828Z,FALSE,"",05:00,FALSE
fare_DEL-BOM_6E_2026-09-02_T+7_1787777823007_leyt,DEL-BOM,EaseMyTrip,6E,6E-5119,2026-09-02,T+7,10398,2282,12680,2026-08-26T00:56:42.828Z,FALSE,"",05:10,FALSE
fare_DEL-BOM_AI_2026-09-02_T+7_1787777823007_0llb,DEL-BOM,EaseMyTrip,AI,AI-1780,2026-09-02,T+7,10912,2395,13307,2026-08-26T00:56:42.828Z,FALSE,"",16:10,TRUE
fare_DEL-BOM_AI_2026-09-02_T+7_1787777823007_raz7,DEL-BOM,EaseMyTrip,AI,AI-9722,2026-09-02,T+7,10928,2399,13327,2026-08-26T00:56:42.828Z,FALSE,"",11:55,FALSE
fare_DEL-BOM_AI_2026-09-02_T+7_1787777823007_swlp,DEL-BOM,EaseMyTrip,AI,AI-1705,2026-09-02,T+7,11131,2443,13574,2026-08-26T00:56:42.828Z,FALSE,"",06:30,FALSE
fare_DEL-BOM_6E_2026-09-02_T+7_1787777823007_axx3,DEL-BOM,EaseMyTrip,6E,6E-6261,2026-09-02,T+7,11321,2485,13806,2026-08-26T00:56:42.828Z,FALSE,"",00:15,FALSE
fare_DEL-BOM_AI_2026-09-02_T+7_1787777823007_f6ry,DEL-BOM,EaseMyTrip,AI,AI-9674,2026-09-02,T+7,11769,2583,14352,2026-08-26T00:56:42.828Z,FALSE,"",16:40,FALSE
fare_DEL-BOM_IX_2026-09-02_T+7_1787777823007_gcs0,DEL-BOM,EaseMyTrip,IX,IX-1165,2026-09-02,T+7,12421,2727,15148,2026-08-26T00:56:42.828Z,TRUE,"High outlier: ₹15148 > upper fence ₹14633 (Q3: ₹9771, IQR: ₹3241)",06:00,FALSE
fare_DEL-BOM_6E_2026-09-02_T+7_1787777823007_erve,DEL-BOM,EaseMyTrip,6E,6E-5014,2026-09-02,T+7,12724,2793,15517,2026-08-26T00:56:42.828Z,TRUE,"High outlier: ₹15517 > upper fence ₹14633 (Q3: ₹9771, IQR: ₹3241)",18:30,FALSE
fare_DEL-BOM_6E_2026-09-02_T+7_1787777823007_nz7v,DEL-BOM,EaseMyTrip,6E,6E-2076,2026-09-02,T+7,12828,2816,15644,2026-08-26T00:56:42.828Z,TRUE,"High outlier: ₹15644 > upper fence ₹14633 (Q3: ₹9771, IQR: ₹3241)",07:30,FALSE
fare_DEL-BOM_AI_2026-09-02_T+7_1787777823007_fshw,DEL-BOM,EaseMyTrip,AI,AI-1743,2026-09-02,T+7,13065,2868,15933,2026-08-26T00:56:42.828Z,TRUE,"High outlier: ₹15933 > upper fence ₹14633 (Q3: ₹9771, IQR: ₹3241)",06:15,FALSE
fare_DEL-BOM_AI_2026-09-02_T+7_1787777823007_sgid,DEL-BOM,EaseMyTrip,AI,AI-2601,2026-09-02,T+7,13065,2868,15933,2026-08-26T00:56:42.828Z,TRUE,"High outlier: ₹15933 > upper fence ₹14633 (Q3: ₹9771, IQR: ₹3241)",17:00,FALSE
fare_DEL-BOM_AI_2026-09-02_T+7_1787777823007_8m73,DEL-BOM,EaseMyTrip,AI,AI-9584,2026-09-02,T+7,13382,2937,16319,2026-08-26T00:56:42.828Z,TRUE,"High outlier: ₹16319 > upper fence ₹14633 (Q3: ₹9771, IQR: ₹3241)",11:15,FALSE
fare_DEL-BOM_AI_2026-09-02_T+7_1787777823007_nx8g,DEL-BOM,EaseMyTrip,AI,AI-2499,2026-09-02,T+7,13554,2975,16529,2026-08-26T00:56:42.828Z,TRUE,"High outlier: ₹16529 > upper fence ₹14633 (Q3: ₹9771, IQR: ₹3241)",06:00,FALSE
fare_DEL-BOM_AI_2026-09-02_T+7_1787777823007_fs0t,DEL-BOM,EaseMyTrip,AI,AI-2907,2026-09-02,T+7,13927,3057,16984,2026-08-26T00:56:42.828Z,TRUE,"High outlier: ₹16984 > upper fence ₹14633 (Q3: ₹9771, IQR: ₹3241)",12:00,FALSE
fare_DEL-BOM_AI_2026-09-02_T+7_1787777823007_vy4s,DEL-BOM,EaseMyTrip,AI,AI-491,2026-09-02,T+7,14497,3182,17679,2026-08-26T00:56:42.828Z,TRUE,"High outlier: ₹17679 > upper fence ₹14633 (Q3: ₹9771, IQR: ₹3241)",11:15,FALSE
fare_DEL-BOM_AI_2026-09-02_T+7_1787777823007_ibi8,DEL-BOM,EaseMyTrip,AI,AI-1773,2026-09-02,T+7,14497,3182,17679,2026-08-26T00:56:42.828Z,TRUE,"High outlier: ₹17679 > upper fence ₹14633 (Q3: ₹9771, IQR: ₹3241)",10:30,FALSE
fare_DEL-BOM_6E_2026-09-02_T+7_1787777823007_w7uk,DEL-BOM,EaseMyTrip,6E,6E-6171,2026-09-02,T+7,14678,3222,17900,2026-08-26T00:56:42.828Z,TRUE,"High outlier: ₹17900 > upper fence ₹14633 (Q3: ₹9771, IQR: ₹3241)",05:40,FALSE
fare_DEL-BOM_AI_2026-09-02_T+7_1787777823007_7tid,DEL-BOM,EaseMyTrip,AI,AI-2465,2026-09-02,T+7,14880,3266,18146,2026-08-26T00:56:42.828Z,TRUE,"High outlier: ₹18146 > upper fence ₹14633 (Q3: ₹9771, IQR: ₹3241)",14:30,FALSE
fare_DEL-BOM_6E_2026-09-02_T+7_1787777823007_uyil,DEL-BOM,EaseMyTrip,6E,6E-2013,2026-09-02,T+7,15696,3445,19141,2026-08-26T00:56:42.828Z,TRUE,"High outlier: ₹19141 > upper fence ₹14633 (Q3: ₹9771, IQR: ₹3241)",21:50,FALSE
fare_DEL-BOM_AI_2026-09-02_T+7_1787777823007_31pb,DEL-BOM,EaseMyTrip,AI,AI-1779,2026-09-02,T+7,16489,3619,20108,2026-08-26T00:56:42.828Z,TRUE,"High outlier: ₹20108 > upper fence ₹14633 (Q3: ₹9771, IQR: ₹3241)",13:45,FALSE
fare_DEL-BOM_AI_2026-09-02_T+7_1787777823007_asuc,DEL-BOM,EaseMyTrip,AI,AI-1739,2026-09-02,T+7,17408,3821,21229,2026-08-26T00:56:42.828Z,TRUE,"High outlier: ₹21229 > upper fence ₹14633 (Q3: ₹9771, IQR: ₹3241)",11:30,FALSE
fare_DEL-BOM_AI_2026-09-02_T+7_1787777823007_vsyz,DEL-BOM,EaseMyTrip,AI,AI-2525,2026-09-02,T+7,18475,4056,22531,2026-08-26T00:56:42.828Z,TRUE,"High outlier: ₹22531 > upper fence ₹14633 (Q3: ₹9771, IQR: ₹3241)",06:00,FALSE
fare_DEL-BOM_AI_2026-09-02_T+7_1787777823007_aq8e,DEL-BOM,EaseMyTrip,AI,AI-809,2026-09-02,T+7,24944,5476,30420,2026-08-26T00:56:42.828Z,TRUE,"High outlier: ₹30420 > upper fence ₹14633 (Q3: ₹9771, IQR: ₹3241)",17:40,FALSE
fare_DEL-BOM_SG_2026-09-02_T+7_1787777823008_emp2,DEL-BOM,EaseMyTrip,SG,SG-613,2026-09-02,T+7,5255,1153,6408,2026-08-26T20:35:34.029Z,FALSE,"",21:00,TRUE
fare_DEL-BOM_SG_2026-09-02_T+7_1787777823008_xqk0,DEL-BOM,EaseMyTrip,SG,SG-428,2026-09-02,T+7,5255,1153,6408,2026-08-26T20:35:34.029Z,FALSE,"",21:00,TRUE
fare_DEL-BOM_SG_2026-09-02_T+7_1787777823008_8wv9,DEL-BOM,EaseMyTrip,SG,SG-936,2026-09-02,T+7,5255,1153,6408,2026-08-26T20:35:34.029Z,FALSE,"",22:30,TRUE
fare_DEL-BOM_SG_2026-09-02_T+7_1787777823008_0i8l,DEL-BOM,EaseMyTrip,SG,SG-513,2026-09-02,T+7,5255,1153,6408,2026-08-26T20:35:34.029Z,FALSE,"",22:30,TRUE
fare_DEL-BOM_IX_2026-09-02_T+7_1787777823008_ty64,DEL-BOM,EaseMyTrip,IX,IX-1081,2026-09-02,T+7,5729,1258,6987,2026-08-26T20:35:34.029Z,FALSE,"",15:25,FALSE
fare_DEL-BOM_IX_2026-09-02_T+7_1787777823008_qhw9,DEL-BOM,EaseMyTrip,IX,IX-1001,2026-09-02,T+7,5729,1258,6987,2026-08-26T20:35:34.029Z,FALSE,"",09:00,FALSE
fare_DEL-BOM_6E_2026-09-02_T+7_1787777823008_zktl,DEL-BOM,EaseMyTrip,6E,6E-2021,2026-09-02,T+7,5174,1136,6310,2026-08-26T20:35:34.029Z,FALSE,"",12:10,FALSE
fare_DEL-BOM_6E_2026-09-02_T+7_1787777823008_nc96,DEL-BOM,EaseMyTrip,6E,6E-2151,2026-09-02,T+7,5239,1150,6389,2026-08-26T20:35:34.029Z,FALSE,"",19:45,FALSE
fare_DEL-BOM_6E_2026-09-02_T+7_1787777823008_5a2h,DEL-BOM,EaseMyTrip,6E,6E-886,2026-09-02,T+7,5346,1174,6520,2026-08-26T20:35:34.029Z,FALSE,"",23:15,FALSE
fare_DEL-BOM_6E_2026-09-02_T+7_1787777823008_yhd6,DEL-BOM,EaseMyTrip,6E,6E-340,2026-09-02,T+7,5346,1174,6520,2026-08-26T20:35:34.029Z,FALSE,"",23:15,FALSE
fare_DEL-BOM_6E_2026-09-02_T+7_1787777823008_xbfu,DEL-BOM,EaseMyTrip,6E,6E-227,2026-09-02,T+7,5355,1175,6530,2026-08-26T20:35:34.029Z,FALSE,"",05:00,TRUE
fare_DEL-BOM_6E_2026-09-02_T+7_1787777823008_j935,DEL-BOM,EaseMyTrip,6E,6E-179,2026-09-02,T+7,5355,1175,6530,2026-08-26T20:35:34.029Z,FALSE,"",05:00,TRUE
fare_DEL-BOM_6E_2026-09-02_T+7_1787777823008_oeqq,DEL-BOM,EaseMyTrip,6E,6E-343,2026-09-02,T+7,5355,1175,6530,2026-08-26T20:35:34.029Z,FALSE,"",23:30,TRUE
fare_DEL-BOM_6E_2026-09-02_T+7_1787777823008_cgj3,DEL-BOM,EaseMyTrip,6E,6E-623,2026-09-02,T+7,5355,1175,6530,2026-08-26T20:35:34.029Z,FALSE,"",23:30,TRUE
fare_DEL-BOM_6E_2026-09-02_T+7_1787777823008_nsem,DEL-BOM,EaseMyTrip,6E,6E-140,2026-09-02,T+7,5355,1175,6530,2026-08-26T20:35:34.029Z,FALSE,"",20:00,TRUE
fare_DEL-BOM_6E_2026-09-02_T+7_1787777823008_sw3p,DEL-BOM,EaseMyTrip,6E,6E-303,2026-09-02,T+7,5355,1175,6530,2026-08-26T20:35:34.029Z,FALSE,"",18:00,TRUE
fare_DEL-BOM_6E_2026-09-02_T+7_1787777823008_2rod,DEL-BOM,EaseMyTrip,6E,6E-788,2026-09-02,T+7,5355,1175,6530,2026-08-26T20:35:34.029Z,FALSE,"",18:00,TRUE
fare_DEL-BOM_6E_2026-09-02_T+7_1787777823008_4nbe,DEL-BOM,EaseMyTrip,6E,6E-903,2026-09-02,T+7,5355,1175,6530,2026-08-26T20:35:34.029Z,FALSE,"",16:15,TRUE
fare_DEL-BOM_6E_2026-09-02_T+7_1787777823008_ob1p,DEL-BOM,EaseMyTrip,6E,6E-570,2026-09-02,T+7,5355,1175,6530,2026-08-26T20:35:34.029Z,FALSE,"",16:15,TRUE
fare_DEL-BOM_6E_2026-09-02_T+7_1787777823008_w0nk,DEL-BOM,EaseMyTrip,6E,6E-789,2026-09-02,T+7,5355,1175,6530,2026-08-26T20:35:34.029Z,FALSE,"",15:30,TRUE
fare_DEL-BOM_6E_2026-09-02_T+7_1787777823008_unav,DEL-BOM,EaseMyTrip,6E,6E-396,2026-09-02,T+7,5355,1175,6530,2026-08-26T20:35:34.029Z,FALSE,"",15:30,TRUE
fare_DEL-BOM_6E_2026-09-02_T+7_1787777823008_qio2,DEL-BOM,EaseMyTrip,6E,6E-604,2026-09-02,T+7,5355,1175,6530,2026-08-26T20:35:34.029Z,FALSE,"",08:45,TRUE
fare_DEL-BOM_6E_2026-09-02_T+7_1787777823008_u5hu,DEL-BOM,EaseMyTrip,6E,6E-932,2026-09-02,T+7,5355,1175,6530,2026-08-26T20:35:34.029Z,FALSE,"",08:45,TRUE
fare_DEL-BOM_6E_2026-09-02_T+7_1787777823008_23hh,DEL-BOM,EaseMyTrip,6E,6E-180,2026-09-02,T+7,5355,1175,6530,2026-08-26T20:35:34.029Z,FALSE,"",13:00,TRUE
fare_DEL-BOM_6E_2026-09-02_T+7_1787777823008_6195,DEL-BOM,EaseMyTrip,6E,6E-158,2026-09-02,T+7,5355,1175,6530,2026-08-26T20:35:34.029Z,FALSE,"",13:00,TRUE
fare_DEL-BOM_6E_2026-09-02_T+7_1787777823008_h6ny,DEL-BOM,EaseMyTrip,6E,6E-2298,2026-09-02,T+7,5460,1199,6659,2026-08-26T20:35:34.029Z,FALSE,"",09:45,FALSE
fare_DEL-BOM_6E_2026-09-02_T+7_1787777823008_u5db,DEL-BOM,EaseMyTrip,6E,6E-659,2026-09-02,T+7,5484,1204,6688,2026-08-26T20:35:34.029Z,FALSE,"",21:45,TRUE
fare_DEL-BOM_6E_2026-09-02_T+7_1787777823008_j39x,DEL-BOM,EaseMyTrip,6E,6E-125,2026-09-02,T+7,5484,1204,6688,2026-08-26T20:35:34.029Z,FALSE,"",21:45,TRUE
fare_DEL-BOM_6E_2026-09-02_T+7_1787777823008_yinl,DEL-BOM,EaseMyTrip,6E,6E-171,2026-09-02,T+7,5484,1204,6688,2026-08-26T20:35:34.029Z,FALSE,"",20:45,TRUE
fare_DEL-BOM_6E_2026-09-02_T+7_1787777823008_muel,DEL-BOM,EaseMyTrip,6E,6E-591,2026-09-02,T+7,5484,1204,6688,2026-08-26T20:35:34.029Z,FALSE,"",20:45,TRUE
fare_DEL-BOM_6E_2026-09-02_T+7_1787777823008_63kt,DEL-BOM,EaseMyTrip,6E,6E-473,2026-09-02,T+7,5484,1204,6688,2026-08-26T20:35:34.029Z,FALSE,"",08:00,TRUE
fare_DEL-BOM_6E_2026-09-02_T+7_1787777823008_m61y,DEL-BOM,EaseMyTrip,6E,6E-863,2026-09-02,T+7,5484,1204,6688,2026-08-26T20:35:34.029Z,FALSE,"",08:00,TRUE
fare_DEL-BOM_6E_2026-09-02_T+7_1787777823008_0ob6,DEL-BOM,EaseMyTrip,6E,6E-734,2026-09-02,T+7,5526,1213,6739,2026-08-26T20:35:34.029Z,FALSE,"",20:20,TRUE
fare_DEL-BOM_6E_2026-09-02_T+7_1787777823008_whko,DEL-BOM,EaseMyTrip,6E,6E-357,2026-09-02,T+7,5526,1213,6739,2026-08-26T20:35:34.029Z,FALSE,"",20:20,TRUE
fare_DEL-BOM_IX_2026-09-02_T+7_1787777823008_4g2a,DEL-BOM,EaseMyTrip,IX,IX-1273,2026-09-02,T+7,6166,1354,7520,2026-08-26T20:35:34.029Z,FALSE,"",12:20,FALSE
fare_DEL-BOM_6E_2026-09-02_T+7_1787777823008_fxg8,DEL-BOM,EaseMyTrip,6E,6E-387,2026-09-02,T+7,5656,1242,6898,2026-08-26T20:35:34.029Z,FALSE,"",19:00,TRUE
fare_DEL-BOM_6E_2026-09-02_T+7_1787777823008_4hky,DEL-BOM,EaseMyTrip,6E,6E-633,2026-09-02,T+7,5656,1242,6898,2026-08-26T20:35:34.029Z,FALSE,"",19:00,TRUE
fare_DEL-BOM_IX_2026-09-02_T+7_1787777823008_y5jb,DEL-BOM,EaseMyTrip,IX,IX-1067,2026-09-02,T+7,6658,1462,8120,2026-08-26T20:35:34.029Z,FALSE,"",06:10,FALSE
fare_DEL-BOM_6E_2026-09-02_T+7_1787777823008_uce0,DEL-BOM,EaseMyTrip,6E,6E-791,2026-09-02,T+7,7467,1639,9106,2026-08-26T20:35:34.029Z,FALSE,"",19:35,FALSE
fare_DEL-BOM_6E_2026-09-02_T+7_1787777823008_662p,DEL-BOM,EaseMyTrip,6E,6E-204,2026-09-02,T+7,7467,1639,9106,2026-08-26T20:35:34.029Z,FALSE,"",19:35,FALSE
fare_DEL-BOM_6E_2026-09-02_T+7_1787777823008_2tkg,DEL-BOM,EaseMyTrip,6E,6E-5033,2026-09-02,T+7,8845,1941,10786,2026-08-26T20:35:34.029Z,FALSE,"",15:50,FALSE
fare_DEL-BOM_6E_2026-09-02_T+7_1787777823008_i4gh,DEL-BOM,EaseMyTrip,6E,6E-351,2026-09-02,T+7,9816,2155,11971,2026-08-26T20:35:34.029Z,FALSE,"",08:30,FALSE
fare_DEL-BOM_6E_2026-09-02_T+7_1787777823008_283j,DEL-BOM,EaseMyTrip,6E,6E-594,2026-09-02,T+7,9902,2174,12076,2026-08-26T20:35:34.029Z,FALSE,"",12:15,FALSE
fare_DEL-BOM_6E_2026-09-02_T+7_1787777823008_upj7,DEL-BOM,EaseMyTrip,6E,6E-491,2026-09-02,T+7,9902,2174,12076,2026-08-26T20:35:34.029Z,FALSE,"",12:15,FALSE
fare_DEL-BOM_QP_2026-09-02_T+7_1787777823008_2g03,DEL-BOM,EaseMyTrip,QP,QP-1813,2026-09-02,T+7,11433,2510,13943,2026-08-26T20:35:34.029Z,FALSE,"",08:20,FALSE
fare_DEL-BOM_QP_2026-09-02_T+7_1787777823008_e0v9,DEL-BOM,EaseMyTrip,QP,QP-1817,2026-09-02,T+7,11906,2613,14519,2026-08-26T20:35:34.029Z,FALSE,"",10:30,FALSE
fare_DEL-BOM_6E_2026-09-02_T+7_1787777823008_7stx,DEL-BOM,EaseMyTrip,6E,6E-582,2026-09-02,T+7,12041,2643,14684,2026-08-26T20:35:34.029Z,TRUE,"High outlier: ₹14684 > upper fence ₹14633 (Q3: ₹9771, IQR: ₹3241)",19:30,FALSE
fare_DEL-BOM_AI_2026-09-02_T+7_1787777823008_w5nr,DEL-BOM,EaseMyTrip,AI,AI-2532,2026-09-02,T+7,13065,2868,15933,2026-08-26T20:35:34.029Z,TRUE,"High outlier: ₹15933 > upper fence ₹14633 (Q3: ₹9771, IQR: ₹3241)",11:20,FALSE
fare_DEL-BOM_QP_2026-09-02_T+7_1787777823008_iumu,DEL-BOM,EaseMyTrip,QP,QP-1822,2026-09-02,T+7,13308,2921,16229,2026-08-26T20:35:34.029Z,TRUE,"High outlier: ₹16229 > upper fence ₹14633 (Q3: ₹9771, IQR: ₹3241)",16:40,FALSE
fare_DEL-BOM_AI_2026-09-02_T+7_1787777823008_z59g,DEL-BOM,EaseMyTrip,AI,AI-437,2026-09-02,T+7,13927,3057,16984,2026-08-26T20:35:34.029Z,TRUE,"High outlier: ₹16984 > upper fence ₹14633 (Q3: ₹9771, IQR: ₹3241)",09:20,FALSE
fare_DEL-BOM_AI_2026-09-02_T+7_1787777823008_hnpo,DEL-BOM,EaseMyTrip,AI,AI-1757,2026-09-02,T+7,13927,3057,16984,2026-08-26T20:35:34.029Z,TRUE,"High outlier: ₹16984 > upper fence ₹14633 (Q3: ₹9771, IQR: ₹3241)",15:40,FALSE
fare_DEL-BOM_AI_2026-09-02_T+7_1787777823008_ssxb,DEL-BOM,EaseMyTrip,AI,AI-2577,2026-09-02,T+7,14577,3200,17777,2026-08-26T20:35:34.029Z,TRUE,"High outlier: ₹17777 > upper fence ₹14633 (Q3: ₹9771, IQR: ₹3241)",02:00,FALSE
fare_DEL-BOM_AI_2026-09-02_T+7_1787777823008_ledq,DEL-BOM,EaseMyTrip,AI,AI-2859,2026-09-02,T+7,14577,3200,17777,2026-08-26T20:35:34.029Z,TRUE,"High outlier: ₹17777 > upper fence ₹14633 (Q3: ₹9771, IQR: ₹3241)",10:30,FALSE
fare_DEL-BOM_IX_2026-09-02_T+7_1787777823008_c38u,DEL-BOM,EaseMyTrip,IX,IX-1815,2026-09-02,T+7,16620,3648,20268,2026-08-26T20:35:34.029Z,TRUE,"High outlier: ₹20268 > upper fence ₹14633 (Q3: ₹9771, IQR: ₹3241)",19:05,FALSE
fare_DEL-BOM_AI_2026-09-02_T+7_1787777823008_py16,DEL-BOM,EaseMyTrip,AI,AI-2803,2026-09-02,T+7,16370,3593,19963,2026-08-26T20:35:34.029Z,TRUE,"High outlier: ₹19963 > upper fence ₹14633 (Q3: ₹9771, IQR: ₹3241)",06:30,FALSE
fare_DEL-BOM_AI_2026-09-02_T+7_1787777823008_n5cu,DEL-BOM,EaseMyTrip,AI,AI-2627,2026-09-02,T+7,23105,5072,28177,2026-08-26T20:35:34.029Z,TRUE,"High outlier: ₹28177 > upper fence ₹14633 (Q3: ₹9771, IQR: ₹3241)",10:45,FALSE
fare_DEL-BOM_IX_2026-09-02_T+7_1787777823008_72k2,DEL-BOM,EaseMyTrip,IX,IX-1812,2026-09-02,T+7,28402,6235,34637,2026-08-26T20:35:34.029Z,TRUE,"High outlier: ₹34637 > upper fence ₹14633 (Q3: ₹9771, IQR: ₹3241)",11:15,FALSE
fare_DEL-BOM_IX_2026-09-02_T+7_1787777823008_xcsy,DEL-BOM,EaseMyTrip,IX,IX-1811,2026-09-02,T+7,33782,7416,41198,2026-08-26T20:35:34.029Z,TRUE,"High outlier: ₹41198 > upper fence ₹14633 (Q3: ₹9771, IQR: ₹3241)",06:50,FALSE