id,route_id,source,carrier,flight_number,flight_date,booking_window,base_fare,taxes,total_fare,scraped_at,is_outlier,outlier_reason,departure_time,is_nonstop
fare_DEL-BOM_IX_2026-09-15_T+15_1788218444126_ta3g,DEL-BOM,EaseMyTrip,IX,IX-1165,2026-09-15,T+15,5354,1175,6529,2026-08-31T02:56:47.263Z,FALSE,"",05:45,FALSE
fare_DEL-BOM_IX_2026-09-15_T+15_1788218444126_3c2h,DEL-BOM,EaseMyTrip,IX,IX-1235,2026-09-15,T+15,5354,1175,6529,2026-08-31T02:56:47.263Z,FALSE,"",23:25,TRUE
fare_DEL-BOM_IX_2026-09-15_T+15_1788218444126_c51u,DEL-BOM,EaseMyTrip,IX,IX-1056,2026-09-15,T+15,5354,1175,6529,2026-08-31T02:56:47.263Z,FALSE,"",05:35,TRUE
fare_DEL-BOM_IX_2026-09-15_T+15_1788218444126_aq1b,DEL-BOM,EaseMyTrip,IX,IX-1038,2026-09-15,T+15,5354,1175,6529,2026-08-31T02:56:47.263Z,FALSE,"",17:35,TRUE
fare_DEL-BOM_IX_2026-09-15_T+15_1788218444126_himp,DEL-BOM,EaseMyTrip,IX,IX-1080,2026-09-15,T+15,5354,1175,6529,2026-08-31T02:56:47.263Z,FALSE,"",18:40,TRUE
fare_DEL-BOM_6E_2026-09-15_T+15_1788218444126_ey34,DEL-BOM,EaseMyTrip,6E,6E-186,2026-09-15,T+15,5354,1175,6529,2026-08-31T02:56:47.263Z,FALSE,"",20:20,TRUE
fare_DEL-BOM_6E_2026-09-15_T+15_1788218444126_klwv,DEL-BOM,EaseMyTrip,6E,6E-889,2026-09-15,T+15,5354,1175,6529,2026-08-31T02:56:47.263Z,FALSE,"",20:20,TRUE
fare_DEL-BOM_6E_2026-09-15_T+15_1788218444126_itxw,DEL-BOM,EaseMyTrip,6E,6E-6470,2026-09-15,T+15,5354,1175,6529,2026-08-31T02:56:47.263Z,FALSE,"",06:55,TRUE
fare_DEL-BOM_QP_2026-09-15_T+15_1788218444126_ipc9,DEL-BOM,EaseMyTrip,QP,QP-1119,2026-09-15,T+15,5355,1175,6530,2026-08-31T02:56:47.263Z,FALSE,"",08:40,TRUE
fare_DEL-BOM_QP_2026-09-15_T+15_1788218444126_dsmy,DEL-BOM,EaseMyTrip,QP,QP-1110,2026-09-15,T+15,5355,1175,6530,2026-08-31T02:56:47.263Z,FALSE,"",10:30,TRUE
fare_DEL-BOM_QP_2026-09-15_T+15_1788218444126_fd06,DEL-BOM,EaseMyTrip,QP,QP-1807,2026-09-15,T+15,5355,1175,6530,2026-08-31T02:56:47.263Z,FALSE,"",13:40,TRUE
fare_DEL-BOM_QP_2026-09-15_T+15_1788218444126_7ca1,DEL-BOM,EaseMyTrip,QP,QP-1820,2026-09-15,T+15,5355,1175,6530,2026-08-31T02:56:47.263Z,FALSE,"",17:30,TRUE
fare_DEL-BOM_QP_2026-09-15_T+15_1788218444126_bn81,DEL-BOM,EaseMyTrip,QP,QP-1833,2026-09-15,T+15,5355,1175,6530,2026-08-31T02:56:47.263Z,FALSE,"",06:50,TRUE
fare_DEL-BOM_QP_2026-09-15_T+15_1788218444126_9xym,DEL-BOM,EaseMyTrip,QP,QP-1112,2026-09-15,T+15,5355,1175,6530,2026-08-31T02:56:47.263Z,FALSE,"",09:20,TRUE
fare_DEL-BOM_QP_2026-09-15_T+15_1788218444126_y6go,DEL-BOM,EaseMyTrip,QP,QP-1128,2026-09-15,T+15,5355,1175,6530,2026-08-31T02:56:47.263Z,FALSE,"",16:00,TRUE
fare_DEL-BOM_QP_2026-09-15_T+15_1788218444126_esiv,DEL-BOM,EaseMyTrip,QP,QP-1836,2026-09-15,T+15,5355,1175,6530,2026-08-31T02:56:47.263Z,FALSE,"",12:30,TRUE
fare_DEL-BOM_QP_2026-09-15_T+15_1788218444126_cyiy,DEL-BOM,EaseMyTrip,QP,QP-1826,2026-09-15,T+15,5355,1175,6530,2026-08-31T02:56:47.263Z,FALSE,"",19:55,TRUE
fare_DEL-BOM_6E_2026-09-15_T+15_1788218444126_i3bn,DEL-BOM,EaseMyTrip,6E,6E-742,2026-09-15,T+15,5355,1175,6530,2026-08-31T02:56:47.263Z,FALSE,"",23:30,TRUE
fare_DEL-BOM_6E_2026-09-15_T+15_1788218444126_x0wh,DEL-BOM,EaseMyTrip,6E,6E-862,2026-09-15,T+15,5355,1175,6530,2026-08-31T02:56:47.263Z,FALSE,"",23:30,TRUE
fare_DEL-BOM_6E_2026-09-15_T+15_1788218444126_ps44,DEL-BOM,EaseMyTrip,6E,6E-6706,2026-09-15,T+15,5355,1175,6530,2026-08-31T02:56:47.263Z,FALSE,"",17:00,TRUE
fare_DEL-BOM_6E_2026-09-15_T+15_1788218444126_wtj9,DEL-BOM,EaseMyTrip,6E,6E-295,2026-09-15,T+15,5355,1175,6530,2026-08-31T02:56:47.263Z,FALSE,"",16:15,TRUE
fare_DEL-BOM_6E_2026-09-15_T+15_1788218444126_ef90,DEL-BOM,EaseMyTrip,6E,6E-720,2026-09-15,T+15,5355,1175,6530,2026-08-31T02:56:47.263Z,FALSE,"",16:15,TRUE
fare_DEL-BOM_6E_2026-09-15_T+15_1788218444126_w1nd,DEL-BOM,EaseMyTrip,6E,6E-458,2026-09-15,T+15,5355,1175,6530,2026-08-31T02:56:47.263Z,FALSE,"",15:30,TRUE
fare_DEL-BOM_6E_2026-09-15_T+15_1788218444126_vy2d,DEL-BOM,EaseMyTrip,6E,6E-971,2026-09-15,T+15,5355,1175,6530,2026-08-31T02:56:47.263Z,FALSE,"",15:30,TRUE
fare_DEL-BOM_6E_2026-09-15_T+15_1788218444126_4r6c,DEL-BOM,EaseMyTrip,6E,6E-6318,2026-09-15,T+15,5355,1175,6530,2026-08-31T02:56:47.263Z,FALSE,"",14:45,TRUE
fare_DEL-BOM_6E_2026-09-15_T+15_1788218444126_56ns,DEL-BOM,EaseMyTrip,6E,6E-476,2026-09-15,T+15,5355,1175,6530,2026-08-31T02:56:47.263Z,FALSE,"",13:00,TRUE
fare_DEL-BOM_6E_2026-09-15_T+15_1788218444126_xq1b,DEL-BOM,EaseMyTrip,6E,6E-176,2026-09-15,T+15,5355,1175,6530,2026-08-31T02:56:47.263Z,FALSE,"",13:00,TRUE
fare_DEL-BOM_6E_2026-09-15_T+15_1788218444126_req2,DEL-BOM,EaseMyTrip,6E,6E-6022,2026-09-15,T+15,5355,1175,6530,2026-08-31T02:56:47.263Z,FALSE,"",14:00,TRUE
fare_DEL-BOM_6E_2026-09-15_T+15_1788218444126_oozn,DEL-BOM,EaseMyTrip,6E,6E-6107,2026-09-15,T+15,5355,1175,6530,2026-08-31T02:56:47.263Z,FALSE,"",09:30,TRUE
fare_DEL-BOM_6E_2026-09-15_T+15_1788218444126_tq73,DEL-BOM,EaseMyTrip,6E,6E-6328,2026-09-15,T+15,5355,1175,6530,2026-08-31T02:56:47.263Z,FALSE,"",10:15,TRUE
fare_DEL-BOM_6E_2026-09-15_T+15_1788218444126_fezd,DEL-BOM,EaseMyTrip,6E,6E-6047,2026-09-15,T+15,5355,1175,6530,2026-08-31T02:56:47.263Z,FALSE,"",11:00,TRUE
fare_DEL-BOM_6E_2026-09-15_T+15_1788218444126_azsm,DEL-BOM,EaseMyTrip,6E,6E-6676,2026-09-15,T+15,5355,1175,6530,2026-08-31T02:56:47.263Z,FALSE,"",12:00,TRUE
fare_DEL-BOM_QP_2026-09-15_T+15_1788218444126_p47r,DEL-BOM,EaseMyTrip,QP,QP-1940,2026-09-15,T+15,5427,1191,6618,2026-08-31T02:56:47.263Z,FALSE,"",14:00,TRUE
fare_DEL-BOM_6E_2026-09-15_T+15_1788218444126_x1n6,DEL-BOM,EaseMyTrip,6E,6E-5198,2026-09-15,T+15,5427,1191,6618,2026-08-31T02:56:47.263Z,FALSE,"",15:00,TRUE
fare_DEL-BOM_6E_2026-09-15_T+15_1788218444126_zaq8,DEL-BOM,EaseMyTrip,6E,6E-837,2026-09-15,T+15,5484,1204,6688,2026-08-31T02:56:47.263Z,FALSE,"",05:00,TRUE
fare_DEL-BOM_6E_2026-09-15_T+15_1788218444126_4b7t,DEL-BOM,EaseMyTrip,6E,6E-996,2026-09-15,T+15,5484,1204,6688,2026-08-31T02:56:47.263Z,FALSE,"",05:00,TRUE
fare_DEL-BOM_6E_2026-09-15_T+15_1788218444126_63ja,DEL-BOM,EaseMyTrip,6E,6E-6114,2026-09-15,T+15,5484,1204,6688,2026-08-31T02:56:47.263Z,FALSE,"",22:45,TRUE
fare_DEL-BOM_6E_2026-09-15_T+15_1788218444126_cplu,DEL-BOM,EaseMyTrip,6E,6E-6218,2026-09-15,T+15,5484,1204,6688,2026-08-31T02:56:47.263Z,FALSE,"",06:05,TRUE
fare_DEL-BOM_6E_2026-09-15_T+15_1788218444126_3o6f,DEL-BOM,EaseMyTrip,6E,6E-814,2026-09-15,T+15,5484,1204,6688,2026-08-31T02:56:47.263Z,FALSE,"",08:45,TRUE
fare_DEL-BOM_6E_2026-09-15_T+15_1788218444126_bf4r,DEL-BOM,EaseMyTrip,6E,6E-571,2026-09-15,T+15,5484,1204,6688,2026-08-31T02:56:47.263Z,FALSE,"",08:45,TRUE
fare_DEL-BOM_AI_2026-09-15_T+15_1788218444126_xxcr,DEL-BOM,EaseMyTrip,AI,AI-2963,2026-09-15,T+15,5740,1260,7000,2026-08-31T02:56:47.263Z,FALSE,"",09:00,TRUE
fare_DEL-BOM_AI_2026-09-15_T+15_1788218444126_v8a4,DEL-BOM,EaseMyTrip,AI,AI-2425,2026-09-15,T+15,5740,1260,7000,2026-08-31T02:56:47.263Z,FALSE,"",10:30,TRUE
fare_DEL-BOM_AI_2026-09-15_T+15_1788218444126_dm0b,DEL-BOM,EaseMyTrip,AI,AI-2951,2026-09-15,T+15,5740,1260,7000,2026-08-31T02:56:47.263Z,FALSE,"",13:30,TRUE
fare_DEL-BOM_AI_2026-09-15_T+15_1788218444126_3pcc,DEL-BOM,EaseMyTrip,AI,AI-2941,2026-09-15,T+15,5740,1260,7000,2026-08-31T02:56:47.263Z,FALSE,"",16:30,TRUE
fare_DEL-BOM_AI_2026-09-15_T+15_1788218444126_jup9,DEL-BOM,EaseMyTrip,AI,AI-2981,2026-09-15,T+15,5740,1260,7000,2026-08-31T02:56:47.263Z,FALSE,"",21:00,TRUE
fare_DEL-BOM_AI_2026-09-15_T+15_1788218444126_h328,DEL-BOM,EaseMyTrip,AI,AI-2995,2026-09-15,T+15,5740,1260,7000,2026-08-31T02:56:47.263Z,FALSE,"",10:00,TRUE
fare_DEL-BOM_AI_2026-09-15_T+15_1788218444126_exv3,DEL-BOM,EaseMyTrip,AI,AI-2945,2026-09-15,T+15,5740,1260,7000,2026-08-31T02:56:47.263Z,FALSE,"",11:00,TRUE
fare_DEL-BOM_AI_2026-09-15_T+15_1788218444126_zdbg,DEL-BOM,EaseMyTrip,AI,AI-1785,2026-09-15,T+15,5740,1260,7000,2026-08-31T02:56:47.263Z,FALSE,"",12:00,TRUE
fare_DEL-BOM_AI_2026-09-15_T+15_1788218444126_to8j,DEL-BOM,EaseMyTrip,AI,AI-2933,2026-09-15,T+15,5740,1260,7000,2026-08-31T02:56:47.263Z,FALSE,"",15:30,TRUE
fare_DEL-BOM_AI_2026-09-15_T+15_1788218444126_j5rx,DEL-BOM,EaseMyTrip,AI,AI-1777,2026-09-15,T+15,5740,1260,7000,2026-08-31T02:56:47.263Z,FALSE,"",16:00,TRUE
fare_DEL-BOM_AI_2026-09-15_T+15_1788218444126_ib3x,DEL-BOM,EaseMyTrip,AI,AI-441,2026-09-15,T+15,5740,1260,7000,2026-08-31T02:56:47.263Z,FALSE,"",17:00,TRUE
fare_DEL-BOM_AI_2026-09-15_T+15_1788218444126_5nrx,DEL-BOM,EaseMyTrip,AI,AI-2439,2026-09-15,T+15,5740,1260,7000,2026-08-31T02:56:47.263Z,FALSE,"",23:00,TRUE
fare_DEL-BOM_AI_2026-09-15_T+15_1788218444126_hz05,DEL-BOM,EaseMyTrip,AI,AI-2927,2026-09-15,T+15,5740,1260,7000,2026-08-31T02:56:47.263Z,FALSE,"",09:30,TRUE
fare_DEL-BOM_6E_2026-09-15_T+15_1788218444126_rtla,DEL-BOM,EaseMyTrip,6E,6E-555,2026-09-15,T+15,5656,1242,6898,2026-08-31T02:56:47.263Z,FALSE,"",20:00,TRUE
fare_DEL-BOM_6E_2026-09-15_T+15_1788218444126_jw04,DEL-BOM,EaseMyTrip,6E,6E-468,2026-09-15,T+15,5656,1242,6898,2026-08-31T02:56:47.263Z,FALSE,"",20:00,TRUE
fare_DEL-BOM_6E_2026-09-15_T+15_1788218444126_8dem,DEL-BOM,EaseMyTrip,6E,6E-240,2026-09-15,T+15,5656,1242,6898,2026-08-31T02:56:47.263Z,FALSE,"",19:00,TRUE
fare_DEL-BOM_6E_2026-09-15_T+15_1788218444126_k6r9,DEL-BOM,EaseMyTrip,6E,6E-501,2026-09-15,T+15,5656,1242,6898,2026-08-31T02:56:47.263Z,FALSE,"",19:00,TRUE
fare_DEL-BOM_6E_2026-09-15_T+15_1788218444126_j88j,DEL-BOM,EaseMyTrip,6E,6E-104,2026-09-15,T+15,5656,1242,6898,2026-08-31T02:56:47.263Z,FALSE,"",18:00,TRUE
fare_DEL-BOM_6E_2026-09-15_T+15_1788218444126_ni9d,DEL-BOM,EaseMyTrip,6E,6E-749,2026-09-15,T+15,5656,1242,6898,2026-08-31T02:56:47.263Z,FALSE,"",18:00,TRUE
fare_DEL-BOM_6E_2026-09-15_T+15_1788218444126_1xdr,DEL-BOM,EaseMyTrip,6E,6E-400,2026-09-15,T+15,5656,1242,6898,2026-08-31T02:56:47.263Z,FALSE,"",21:45,TRUE
fare_DEL-BOM_6E_2026-09-15_T+15_1788218444126_1cm8,DEL-BOM,EaseMyTrip,6E,6E-851,2026-09-15,T+15,5656,1242,6898,2026-08-31T02:56:47.263Z,FALSE,"",21:45,TRUE
fare_DEL-BOM_6E_2026-09-15_T+15_1788218444126_cjn1,DEL-BOM,EaseMyTrip,6E,6E-6814,2026-09-15,T+15,5656,1242,6898,2026-08-31T02:56:47.263Z,FALSE,"",07:15,TRUE
fare_DEL-BOM_6E_2026-09-15_T+15_1788218444126_c82t,DEL-BOM,EaseMyTrip,6E,6E-572,2026-09-15,T+15,5656,1242,6898,2026-08-31T02:56:47.263Z,FALSE,"",08:00,TRUE
fare_DEL-BOM_6E_2026-09-15_T+15_1788218444126_egb0,DEL-BOM,EaseMyTrip,6E,6E-706,2026-09-15,T+15,5656,1242,6898,2026-08-31T02:56:47.263Z,FALSE,"",08:00,TRUE
fare_DEL-BOM_AI_2026-09-15_T+15_1788218444126_hhx4,DEL-BOM,EaseMyTrip,AI,AI-2678,2026-09-15,T+15,5870,1289,7159,2026-08-31T02:56:47.263Z,FALSE,"",08:30,TRUE
fare_DEL-BOM_AI_2026-09-15_T+15_1788218444126_jv7f,DEL-BOM,EaseMyTrip,AI,AI-1745,2026-09-15,T+15,5870,1289,7159,2026-08-31T02:56:47.263Z,FALSE,"",05:00,TRUE
fare_DEL-BOM_AI_2026-09-15_T+15_1788218444126_um9c,DEL-BOM,EaseMyTrip,AI,AI-2975,2026-09-15,T+15,5870,1289,7159,2026-08-31T02:56:47.263Z,FALSE,"",06:30,TRUE
fare_DEL-BOM_IX_2026-09-15_T+15_1788218444126_axix,DEL-BOM,EaseMyTrip,IX,IX-1108,2026-09-15,T+15,6339,1391,7730,2026-08-31T02:56:47.263Z,FALSE,"",05:00,FALSE
fare_DEL-BOM_IX_2026-09-15_T+15_1788218444126_omif,DEL-BOM,EaseMyTrip,IX,IX-1051,2026-09-15,T+15,6339,1391,7730,2026-08-31T02:56:47.263Z,FALSE,"",19:05,FALSE
fare_DEL-BOM_AI_2026-09-15_T+15_1788218444126_ztcu,DEL-BOM,EaseMyTrip,AI,AI-2429,2026-09-15,T+15,6043,1326,7369,2026-08-31T02:56:47.263Z,FALSE,"",07:00,TRUE
fare_DEL-BOM_AI_2026-09-15_T+15_1788218444126_698v,DEL-BOM,EaseMyTrip,AI,AI-2943,2026-09-15,T+15,6043,1326,7369,2026-08-31T02:56:47.263Z,FALSE,"",07:30,TRUE
fare_DEL-BOM_AI_2026-09-15_T+15_1788218444126_s6n3,DEL-BOM,EaseMyTrip,AI,AI-2433,2026-09-15,T+15,6043,1326,7369,2026-08-31T02:56:47.263Z,FALSE,"",21:30,TRUE
fare_DEL-BOM_AI_2026-09-15_T+15_1788218444126_6ere,DEL-BOM,EaseMyTrip,AI,AI-2957,2026-09-15,T+15,6043,1326,7369,2026-08-31T02:56:47.263Z,FALSE,"",20:30,TRUE
fare_DEL-BOM_6E_2026-09-15_T+15_1788218444126_1wq3,DEL-BOM,EaseMyTrip,6E,6E-6190,2026-09-15,T+15,5920,1299,7219,2026-08-31T02:56:47.263Z,FALSE,"",07:40,FALSE
fare_DEL-BOM_6E_2026-09-15_T+15_1788218444126_292v,DEL-BOM,EaseMyTrip,6E,6E-5014,2026-09-15,T+15,5963,1309,7272,2026-08-31T02:56:47.263Z,FALSE,"",18:30,FALSE
fare_DEL-BOM_6E_2026-09-15_T+15_1788218444126_uorl,DEL-BOM,EaseMyTrip,6E,6E-5073,2026-09-15,T+15,5963,1309,7272,2026-08-31T02:56:47.263Z,FALSE,"",17:05,FALSE
fare_DEL-BOM_6E_2026-09-15_T+15_1788218444126_a32l,DEL-BOM,EaseMyTrip,6E,6E-2076,2026-09-15,T+15,5963,1309,7272,2026-08-31T02:56:47.263Z,FALSE,"",07:30,FALSE
fare_DEL-BOM_6E_2026-09-15_T+15_1788218444126_azpx,DEL-BOM,EaseMyTrip,6E,6E-5119,2026-09-15,T+15,5963,1309,7272,2026-08-31T02:56:47.263Z,FALSE,"",05:10,FALSE
fare_DEL-BOM_6E_2026-09-15_T+15_1788218444126_9kwn,DEL-BOM,EaseMyTrip,6E,6E-6983,2026-09-15,T+15,5963,1309,7272,2026-08-31T02:56:47.263Z,FALSE,"",15:35,FALSE
fare_DEL-BOM_6E_2026-09-15_T+15_1788218444126_9j78,DEL-BOM,EaseMyTrip,6E,6E-6261,2026-09-15,T+15,5963,1309,7272,2026-08-31T02:56:47.263Z,FALSE,"",00:15,FALSE
fare_DEL-BOM_6E_2026-09-15_T+15_1788218444126_6kq9,DEL-BOM,EaseMyTrip,6E,6E-2013,2026-09-15,T+15,5963,1309,7272,2026-08-31T02:56:47.263Z,FALSE,"",21:50,FALSE
fare_DEL-BOM_6E_2026-09-15_T+15_1788218444126_5ojl,DEL-BOM,EaseMyTrip,6E,6E-2331,2026-09-15,T+15,5963,1309,7272,2026-08-31T02:56:47.263Z,FALSE,"",12:20,FALSE
fare_DEL-BOM_6E_2026-09-15_T+15_1788218444126_dud0,DEL-BOM,EaseMyTrip,6E,6E-6490,2026-09-15,T+15,6027,1323,7350,2026-08-31T02:56:47.263Z,FALSE,"",04:55,FALSE
fare_DEL-BOM_AI_2026-09-15_T+15_1788218444126_634u,DEL-BOM,EaseMyTrip,AI,AI-2985,2026-09-15,T+15,6193,1360,7553,2026-08-31T02:56:47.263Z,FALSE,"",19:30,TRUE
fare_DEL-BOM_6E_2026-09-15_T+15_1788218444126_ourc,DEL-BOM,EaseMyTrip,6E,6E-2249,2026-09-15,T+15,6070,1333,7403,2026-08-31T02:56:47.263Z,FALSE,"",15:00,FALSE
fare_DEL-BOM_6E_2026-09-15_T+15_1788218444126_9x1a,DEL-BOM,EaseMyTrip,6E,6E-2169,2026-09-15,T+15,6070,1333,7403,2026-08-31T02:56:47.263Z,FALSE,"",19:40,FALSE
fare_DEL-BOM_6E_2026-09-15_T+15_1788218444126_mwsm,DEL-BOM,EaseMyTrip,6E,6E-6829,2026-09-15,T+15,6070,1333,7403,2026-08-31T02:56:47.263Z,FALSE,"",17:20,FALSE
fare_DEL-BOM_6E_2026-09-15_T+15_1788218444126_0t23,DEL-BOM,EaseMyTrip,6E,6E-6443,2026-09-15,T+15,6070,1333,7403,2026-08-31T02:56:47.263Z,FALSE,"",09:00,FALSE
fare_DEL-BOM_6E_2026-09-15_T+15_1788218444126_1898,DEL-BOM,EaseMyTrip,6E,6E-6433,2026-09-15,T+15,6070,1333,7403,2026-08-31T02:56:47.263Z,FALSE,"",16:30,FALSE
fare_DEL-BOM_6E_2026-09-15_T+15_1788218444126_x8zx,DEL-BOM,EaseMyTrip,6E,6E-5138,2026-09-15,T+15,6070,1333,7403,2026-08-31T02:56:47.263Z,FALSE,"",19:10,FALSE
fare_DEL-BOM_6E_2026-09-15_T+15_1788218444126_9q4u,DEL-BOM,EaseMyTrip,6E,6E-6459,2026-09-15,T+15,6070,1333,7403,2026-08-31T02:56:47.263Z,FALSE,"",05:55,FALSE
fare_DEL-BOM_6E_2026-09-15_T+15_1788218444126_4jrc,DEL-BOM,EaseMyTrip,6E,6E-960,2026-09-15,T+15,6135,1347,7482,2026-08-31T02:56:47.263Z,FALSE,"",16:30,FALSE
fare_DEL-BOM_6E_2026-09-15_T+15_1788218444126_bl4f,DEL-BOM,EaseMyTrip,6E,6E-865,2026-09-15,T+15,6135,1347,7482,2026-08-31T02:56:47.263Z,FALSE,"",16:30,FALSE
fare_DEL-BOM_6E_2026-09-15_T+15_1788218444126_k0pe,DEL-BOM,EaseMyTrip,6E,6E-6479,2026-09-15,T+15,6135,1347,7482,2026-08-31T02:56:47.263Z,FALSE,"",21:25,FALSE
fare_DEL-BOM_6E_2026-09-15_T+15_1788218444126_rvny,DEL-BOM,EaseMyTrip,6E,6E-5298,2026-09-15,T+15,6135,1347,7482,2026-08-31T02:56:47.263Z,FALSE,"",09:00,FALSE
fare_DEL-BOM_6E_2026-09-15_T+15_1788218444126_5qef,DEL-BOM,EaseMyTrip,6E,6E-5038,2026-09-15,T+15,6135,1347,7482,2026-08-31T02:56:47.263Z,FALSE,"",14:00,FALSE
fare_DEL-BOM_6E_2026-09-15_T+15_1788218444126_dpj2,DEL-BOM,EaseMyTrip,6E,6E-6050,2026-09-15,T+15,6135,1347,7482,2026-08-31T02:56:47.263Z,FALSE,"",08:15,FALSE
fare_DEL-BOM_6E_2026-09-15_T+15_1788218444126_mtpi,DEL-BOM,EaseMyTrip,6E,6E-5206,2026-09-15,T+15,6135,1347,7482,2026-08-31T02:56:47.263Z,FALSE,"",13:20,FALSE
fare_DEL-BOM_AI_2026-09-15_T+15_1788218444126_cs0h,DEL-BOM,EaseMyTrip,AI,AI-2977,2026-09-15,T+15,6395,1404,7799,2026-08-31T02:56:47.263Z,FALSE,"",19:00,TRUE
fare_DEL-BOM_AI_2026-09-15_T+15_1788218444126_pupz,DEL-BOM,EaseMyTrip,AI,AI-2955,2026-09-15,T+15,6395,1404,7799,2026-08-31T02:56:47.263Z,FALSE,"",18:00,TRUE
fare_DEL-BOM_6E_2026-09-15_T+15_1788218444126_l3q3,DEL-BOM,EaseMyTrip,6E,6E-6601,2026-09-15,T+15,6243,1370,7613,2026-08-31T02:56:47.263Z,FALSE,"",19:45,FALSE
fare_DEL-BOM_6E_2026-09-15_T+15_1788218444126_6wcj,DEL-BOM,EaseMyTrip,6E,6E-2381,2026-09-15,T+15,6243,1370,7613,2026-08-31T02:56:47.263Z,FALSE,"",13:45,FALSE
fare_DEL-BOM_6E_2026-09-15_T+15_1788218444126_jsjj,DEL-BOM,EaseMyTrip,6E,6E-6282,2026-09-15,T+15,6243,1370,7613,2026-08-31T02:56:47.263Z,FALSE,"",13:30,FALSE
fare_DEL-BOM_6E_2026-09-15_T+15_1788218444126_o0y2,DEL-BOM,EaseMyTrip,6E,6E-700,2026-09-15,T+15,6243,1370,7613,2026-08-31T02:56:47.263Z,FALSE,"",02:25,FALSE
fare_DEL-BOM_6E_2026-09-15_T+15_1788218444126_ii3j,DEL-BOM,EaseMyTrip,6E,6E-502,2026-09-15,T+15,6243,1370,7613,2026-08-31T02:56:47.263Z,FALSE,"",02:25,FALSE
fare_DEL-BOM_6E_2026-09-15_T+15_1788218444126_063m,DEL-BOM,EaseMyTrip,6E,6E-842,2026-09-15,T+15,6243,1370,7613,2026-08-31T02:56:47.263Z,FALSE,"",08:30,FALSE
fare_DEL-BOM_6E_2026-09-15_T+15_1788218444126_amys,DEL-BOM,EaseMyTrip,6E,6E-641,2026-09-15,T+15,6243,1370,7613,2026-08-31T02:56:47.263Z,FALSE,"",08:30,FALSE
fare_DEL-BOM_6E_2026-09-15_T+15_1788218444126_mpla,DEL-BOM,EaseMyTrip,6E,6E-771,2026-09-15,T+15,6243,1370,7613,2026-08-31T02:56:47.263Z,FALSE,"",23:15,FALSE
fare_DEL-BOM_6E_2026-09-15_T+15_1788218444126_61l8,DEL-BOM,EaseMyTrip,6E,6E-424,2026-09-15,T+15,6243,1370,7613,2026-08-31T02:56:47.263Z,FALSE,"",23:15,FALSE
fare_DEL-BOM_6E_2026-09-15_T+15_1788218444126_bvx9,DEL-BOM,EaseMyTrip,6E,6E-6497,2026-09-15,T+15,6243,1370,7613,2026-08-31T02:56:47.263Z,FALSE,"",18:40,FALSE
fare_DEL-BOM_6E_2026-09-15_T+15_1788218444126_p11p,DEL-BOM,EaseMyTrip,6E,6E-6293,2026-09-15,T+15,6243,1370,7613,2026-08-31T02:56:47.263Z,FALSE,"",09:55,FALSE
fare_DEL-BOM_IX_2026-09-15_T+15_1788218444126_soiq,DEL-BOM,EaseMyTrip,IX,IX-1049,2026-09-15,T+15,6831,1499,8330,2026-08-31T02:56:47.263Z,FALSE,"",18:40,FALSE
fare_DEL-BOM_6E_2026-09-15_T+15_1788218444126_5ibv,DEL-BOM,EaseMyTrip,6E,6E-419,2026-09-15,T+15,6307,1385,7692,2026-08-31T02:56:47.263Z,FALSE,"",19:30,FALSE
fare_DEL-BOM_6E_2026-09-15_T+15_1788218444126_2md1,DEL-BOM,EaseMyTrip,6E,6E-160,2026-09-15,T+15,6307,1385,7692,2026-08-31T02:56:47.263Z,FALSE,"",19:30,FALSE
fare_DEL-BOM_6E_2026-09-15_T+15_1788218444126_35ph,DEL-BOM,EaseMyTrip,6E,6E-480,2026-09-15,T+15,6307,1385,7692,2026-08-31T02:56:47.263Z,FALSE,"",12:15,FALSE
fare_DEL-BOM_6E_2026-09-15_T+15_1788218444126_aw6i,DEL-BOM,EaseMyTrip,6E,6E-456,2026-09-15,T+15,6307,1385,7692,2026-08-31T02:56:47.263Z,FALSE,"",12:15,FALSE
fare_DEL-BOM_SG_2026-09-15_T+15_1788218444126_gkh3,DEL-BOM,EaseMyTrip,SG,SG-731,2026-09-15,T+15,7164,1572,8736,2026-08-31T02:56:47.263Z,FALSE,"",19:55,TRUE
fare_DEL-BOM_SG_2026-09-15_T+15_1788218444126_cu1y,DEL-BOM,EaseMyTrip,SG,SG-450,2026-09-15,T+15,7164,1572,8736,2026-08-31T02:56:47.263Z,FALSE,"",19:55,TRUE
fare_DEL-BOM_6E_2026-09-15_T+15_1788218444126_nn47,DEL-BOM,EaseMyTrip,6E,6E-2341,2026-09-15,T+15,6380,1400,7780,2026-08-31T02:56:47.263Z,FALSE,"",14:50,FALSE
fare_DEL-BOM_6E_2026-09-15_T+15_1788218444126_pbs1,DEL-BOM,EaseMyTrip,6E,6E-204,2026-09-15,T+15,6380,1400,7780,2026-08-31T02:56:47.263Z,FALSE,"",10:00,FALSE
fare_DEL-BOM_6E_2026-09-15_T+15_1788218444126_wtm1,DEL-BOM,EaseMyTrip,6E,6E-758,2026-09-15,T+15,6380,1400,7780,2026-08-31T02:56:47.263Z,FALSE,"",10:00,FALSE
fare_DEL-BOM_6E_2026-09-15_T+15_1788218444126_kc3s,DEL-BOM,EaseMyTrip,6E,6E-5137,2026-09-15,T+15,6380,1400,7780,2026-08-31T02:56:47.263Z,FALSE,"",10:50,FALSE
fare_DEL-BOM_6E_2026-09-15_T+15_1788218444126_54fw,DEL-BOM,EaseMyTrip,6E,6E-6171,2026-09-15,T+15,6445,1415,7860,2026-08-31T02:56:47.263Z,FALSE,"",05:40,FALSE
fare_DEL-BOM_6E_2026-09-15_T+15_1788218444126_s198,DEL-BOM,EaseMyTrip,6E,6E-6010,2026-09-15,T+15,6501,1427,7928,2026-08-31T02:56:47.263Z,FALSE,"",11:20,FALSE
fare_DEL-BOM_AI_2026-09-15_T+15_1788218444126_rlaj,DEL-BOM,EaseMyTrip,AI,AI-1780,2026-09-15,T+15,6836,1500,8336,2026-08-31T02:56:47.263Z,FALSE,"",16:10,TRUE
fare_DEL-BOM_6E_2026-09-15_T+15_1788218444126_lf76,DEL-BOM,EaseMyTrip,6E,6E-7646,2026-09-15,T+15,6729,1477,8206,2026-08-31T02:56:47.263Z,FALSE,"",06:15,FALSE
fare_DEL-BOM_6E_2026-09-15_T+15_1788218444126_59r4,DEL-BOM,EaseMyTrip,6E,6E-7642,2026-09-15,T+15,6795,1491,8286,2026-08-31T02:56:47.263Z,FALSE,"",15:45,FALSE
fare_DEL-BOM_6E_2026-09-15_T+15_1788218444126_ims5,DEL-BOM,EaseMyTrip,6E,6E-721,2026-09-15,T+15,6825,1498,8323,2026-08-31T02:56:47.263Z,FALSE,"",19:35,FALSE
fare_DEL-BOM_6E_2026-09-15_T+15_1788218444126_8g8q,DEL-BOM,EaseMyTrip,6E,6E-575,2026-09-15,T+15,6825,1498,8323,2026-08-31T02:56:47.263Z,FALSE,"",19:35,FALSE
fare_DEL-BOM_SG_2026-09-15_T+15_1788218444126_druo,DEL-BOM,EaseMyTrip,SG,SG-566,2026-09-15,T+15,8184,1796,9980,2026-08-31T02:56:47.263Z,TRUE,"High outlier: ₹9980 > upper fence ₹9386 (Q3: ₹7799, IQR: ₹1058)",22:30,TRUE
fare_DEL-BOM_6E_2026-09-15_T+15_1788218444126_f9yr,DEL-BOM,EaseMyTrip,6E,6E-2349,2026-09-15,T+15,7682,1686,9368,2026-08-31T02:56:47.263Z,FALSE,"",10:55,FALSE
fare_DEL-BOM_AI_2026-09-15_T+15_1788218444126_mix1,DEL-BOM,EaseMyTrip,AI,AI-2509,2026-09-15,T+15,8225,1805,10030,2026-08-31T02:56:47.263Z,TRUE,"High outlier: ₹10030 > upper fence ₹9386 (Q3: ₹7799, IQR: ₹1058)",06:55,FALSE
fare_DEL-BOM_AI_2026-09-15_T+15_1788218444127_ky3s,DEL-BOM,EaseMyTrip,AI,AI-1705,2026-09-15,T+15,8895,1952,10847,2026-08-31T02:56:47.263Z,TRUE,"High outlier: ₹10847 > upper fence ₹9386 (Q3: ₹7799, IQR: ₹1058)",06:30,FALSE
fare_DEL-BOM_AI_2026-09-15_T+15_1788218444127_aj6s,DEL-BOM,EaseMyTrip,AI,AI-2499,2026-09-15,T+15,9122,2002,11124,2026-08-31T02:56:47.263Z,TRUE,"High outlier: ₹11124 > upper fence ₹9386 (Q3: ₹7799, IQR: ₹1058)",05:55,FALSE
fare_DEL-BOM_AI_2026-09-15_T+15_1788218444127_xuid,DEL-BOM,EaseMyTrip,AI,AI-9757,2026-09-15,T+15,9684,2126,11810,2026-08-31T02:56:47.263Z,TRUE,"High outlier: ₹11810 > upper fence ₹9386 (Q3: ₹7799, IQR: ₹1058)",11:50,FALSE
fare_DEL-BOM_QP_2026-09-15_T+15_1788218444127_6s0h,DEL-BOM,EaseMyTrip,QP,QP-1815,2026-09-15,T+15,10321,2265,12586,2026-08-31T02:56:47.263Z,TRUE,"High outlier: ₹12586 > upper fence ₹9386 (Q3: ₹7799, IQR: ₹1058)",14:55,FALSE
fare_DEL-BOM_IX_2026-09-15_T+15_1788218444127_oxcz,DEL-BOM,EaseMyTrip,IX,IX-1003,2026-09-15,T+15,11012,2417,13429,2026-08-31T02:56:47.263Z,TRUE,"High outlier: ₹13429 > upper fence ₹9386 (Q3: ₹7799, IQR: ₹1058)",19:10,FALSE
fare_DEL-BOM_QP_2026-09-15_T+15_1788218444127_1kqm,DEL-BOM,EaseMyTrip,QP,QP-1812,2026-09-15,T+15,10783,2367,13150,2026-08-31T02:56:47.263Z,TRUE,"High outlier: ₹13150 > upper fence ₹9386 (Q3: ₹7799, IQR: ₹1058)",22:55,FALSE
fare_DEL-BOM_AI_2026-09-15_T+15_1788218444127_xwij,DEL-BOM,EaseMyTrip,AI,AI-2715,2026-09-15,T+15,11186,2455,13641,2026-08-31T02:56:47.263Z,TRUE,"High outlier: ₹13641 > upper fence ₹9386 (Q3: ₹7799, IQR: ₹1058)",11:40,FALSE
fare_DEL-BOM_AI_2026-09-15_T+15_1788218444127_ocg2,DEL-BOM,EaseMyTrip,AI,AI-809,2026-09-15,T+15,11273,2475,13748,2026-08-31T02:56:47.263Z,TRUE,"High outlier: ₹13748 > upper fence ₹9386 (Q3: ₹7799, IQR: ₹1058)",17:40,FALSE
fare_DEL-BOM_AI_2026-09-15_T+15_1788218444127_sjlw,DEL-BOM,EaseMyTrip,AI,AI-2939,2026-09-15,T+15,11273,2475,13748,2026-08-31T02:56:47.263Z,TRUE,"High outlier: ₹13748 > upper fence ₹9386 (Q3: ₹7799, IQR: ₹1058)",16:40,FALSE
fare_DEL-BOM_IX_2026-09-15_T+15_1788218444127_m22s,DEL-BOM,EaseMyTrip,IX,IX-1082,2026-09-15,T+15,12412,2725,15137,2026-08-31T02:56:47.263Z,TRUE,"High outlier: ₹15137 > upper fence ₹9386 (Q3: ₹7799, IQR: ₹1058)",21:25,FALSE
fare_DEL-BOM_AI_2026-09-15_T+15_1788218444127_sy3j,DEL-BOM,EaseMyTrip,AI,AI-2761,2026-09-15,T+15,12103,2657,14760,2026-08-31T02:56:47.263Z,TRUE,"High outlier: ₹14760 > upper fence ₹9386 (Q3: ₹7799, IQR: ₹1058)",16:25,FALSE
fare_DEL-BOM_IX_2026-09-15_T+15_1788218444127_neuq,DEL-BOM,EaseMyTrip,IX,IX-1817,2026-09-15,T+15,12612,2768,15380,2026-08-31T02:56:47.263Z,TRUE,"High outlier: ₹15380 > upper fence ₹9386 (Q3: ₹7799, IQR: ₹1058)",19:30,FALSE
fare_DEL-BOM_IX_2026-09-15_T+15_1788218444127_jlxf,DEL-BOM,EaseMyTrip,IX,IX-1068,2026-09-15,T+15,12680,2783,15463,2026-08-31T02:56:47.263Z,TRUE,"High outlier: ₹15463 > upper fence ₹9386 (Q3: ₹7799, IQR: ₹1058)",11:55,FALSE
fare_DEL-BOM_QP_2026-09-15_T+15_1788218444127_6cdx,DEL-BOM,EaseMyTrip,QP,QP-1817,2026-09-15,T+15,12795,2809,15604,2026-08-31T02:56:47.263Z,TRUE,"High outlier: ₹15604 > upper fence ₹9386 (Q3: ₹7799, IQR: ₹1058)",10:30,FALSE
fare_DEL-BOM_AI_2026-09-15_T+15_1788218444127_x0au,DEL-BOM,EaseMyTrip,AI,AI-1743,2026-09-15,T+15,13065,2868,15933,2026-08-31T02:56:47.263Z,TRUE,"High outlier: ₹15933 > upper fence ₹9386 (Q3: ₹7799, IQR: ₹1058)",06:20,FALSE
fare_DEL-BOM_AI_2026-09-15_T+15_1788218444127_s01e,DEL-BOM,EaseMyTrip,AI,AI-9920,2026-09-15,T+15,13220,2902,16122,2026-08-31T02:56:47.263Z,TRUE,"High outlier: ₹16122 > upper fence ₹9386 (Q3: ₹7799, IQR: ₹1058)",10:50,FALSE
fare_DEL-BOM_AI_2026-09-15_T+15_1788218444127_3kn5,DEL-BOM,EaseMyTrip,AI,AI-2907,2026-09-15,T+15,13927,3057,16984,2026-08-31T02:56:47.263Z,TRUE,"High outlier: ₹16984 > upper fence ₹9386 (Q3: ₹7799, IQR: ₹1058)",11:55,FALSE
fare_DEL-BOM_AI_2026-09-15_T+15_1788218444127_zort,DEL-BOM,EaseMyTrip,AI,AI-1773,2026-09-15,T+15,14497,3182,17679,2026-08-31T02:56:47.263Z,TRUE,"High outlier: ₹17679 > upper fence ₹9386 (Q3: ₹7799, IQR: ₹1058)",10:30,FALSE
fare_DEL-BOM_AI_2026-09-15_T+15_1788218444127_pddp,DEL-BOM,EaseMyTrip,AI,AI-9584,2026-09-15,T+15,14501,3183,17684,2026-08-31T02:56:47.263Z,TRUE,"High outlier: ₹17684 > upper fence ₹9386 (Q3: ₹7799, IQR: ₹1058)",11:15,FALSE
fare_DEL-BOM_AI_2026-09-15_T+15_1788218444127_a9z5,DEL-BOM,EaseMyTrip,AI,AI-2577,2026-09-15,T+15,14577,3200,17777,2026-08-31T02:56:47.263Z,TRUE,"High outlier: ₹17777 > upper fence ₹9386 (Q3: ₹7799, IQR: ₹1058)",02:00,FALSE
fare_DEL-BOM_AI_2026-09-15_T+15_1788218444127_y1at,DEL-BOM,EaseMyTrip,AI,AI-2859,2026-09-15,T+15,14577,3200,17777,2026-08-31T02:56:47.263Z,TRUE,"High outlier: ₹17777 > upper fence ₹9386 (Q3: ₹7799, IQR: ₹1058)",10:30,FALSE
fare_DEL-BOM_AI_2026-09-15_T+15_1788218444127_pior,DEL-BOM,EaseMyTrip,AI,AI-2465,2026-09-15,T+15,14880,3266,18146,2026-08-31T02:56:47.263Z,TRUE,"High outlier: ₹18146 > upper fence ₹9386 (Q3: ₹7799, IQR: ₹1058)",14:30,FALSE
fare_DEL-BOM_AI_2026-09-15_T+15_1788218444127_sbl0,DEL-BOM,EaseMyTrip,AI,AI-427,2026-09-15,T+15,16370,3593,19963,2026-08-31T02:56:47.263Z,TRUE,"High outlier: ₹19963 > upper fence ₹9386 (Q3: ₹7799, IQR: ₹1058)",08:30,FALSE
fare_DEL-BOM_AI_2026-09-15_T+15_1788218444127_lxkg,DEL-BOM,EaseMyTrip,AI,AI-1779,2026-09-15,T+15,16661,3657,20318,2026-08-31T02:56:47.263Z,TRUE,"High outlier: ₹20318 > upper fence ₹9386 (Q3: ₹7799, IQR: ₹1058)",13:50,FALSE
fare_DEL-BOM_AI_2026-09-15_T+15_1788218444127_etj9,DEL-BOM,EaseMyTrip,AI,AI-1739,2026-09-15,T+15,17347,3808,21155,2026-08-31T02:56:47.263Z,TRUE,"High outlier: ₹21155 > upper fence ₹9386 (Q3: ₹7799, IQR: ₹1058)",11:30,FALSE
fare_DEL-BOM_AI_2026-09-15_T+15_1788218444127_uhhu,DEL-BOM,EaseMyTrip,AI,AI-2627,2026-09-15,T+15,19944,4378,24322,2026-08-31T02:56:47.263Z,TRUE,"High outlier: ₹24322 > upper fence ₹9386 (Q3: ₹7799, IQR: ₹1058)",10:45,FALSE
fare_DEL-BOM_IX_2026-09-01_T+1_1788218444127_330i,DEL-BOM,EaseMyTrip,IX,IX-1235,2026-09-01,T+1,5354,1175,6529,2026-08-31T02:56:35.224Z,FALSE,"",23:25,TRUE
fare_DEL-BOM_6E_2026-09-01_T+1_1788218444127_s9aw,DEL-BOM,EaseMyTrip,6E,6E-6433,2026-09-01,T+1,5174,1136,6310,2026-08-31T02:56:35.224Z,FALSE,"",16:30,FALSE
fare_DEL-BOM_6E_2026-09-01_T+1_1788218444127_du4o,DEL-BOM,EaseMyTrip,6E,6E-6479,2026-09-01,T+1,5239,1150,6389,2026-08-31T02:56:35.224Z,FALSE,"",21:25,FALSE
fare_DEL-BOM_6E_2026-09-01_T+1_1788218444127_swwt,DEL-BOM,EaseMyTrip,6E,6E-5298,2026-09-01,T+1,5239,1150,6389,2026-08-31T02:56:35.224Z,FALSE,"",09:00,FALSE
fare_DEL-BOM_6E_2026-09-01_T+1_1788218444127_8t5f,DEL-BOM,EaseMyTrip,6E,6E-5206,2026-09-01,T+1,5239,1150,6389,2026-08-31T02:56:35.224Z,FALSE,"",13:20,FALSE
fare_DEL-BOM_6E_2026-09-01_T+1_1788218444127_bykp,DEL-BOM,EaseMyTrip,6E,6E-6050,2026-09-01,T+1,5239,1150,6389,2026-08-31T02:56:35.224Z,FALSE,"",08:15,FALSE
fare_DEL-BOM_SG_2026-09-01_T+1_1788218444127_zky9,DEL-BOM,EaseMyTrip,SG,SG-968,2026-09-01,T+1,5525,1213,6738,2026-08-31T02:56:35.224Z,FALSE,"",22:30,TRUE
fare_DEL-BOM_SG_2026-09-01_T+1_1788218444127_fo4z,DEL-BOM,EaseMyTrip,SG,SG-772,2026-09-01,T+1,5525,1213,6738,2026-08-31T02:56:35.224Z,FALSE,"",22:30,TRUE
fare_DEL-BOM_6E_2026-09-01_T+1_1788218444127_ekaq,DEL-BOM,EaseMyTrip,6E,6E-6601,2026-09-01,T+1,5346,1174,6520,2026-08-31T02:56:35.224Z,FALSE,"",19:45,FALSE
fare_DEL-BOM_6E_2026-09-01_T+1_1788218444127_8jqf,DEL-BOM,EaseMyTrip,6E,6E-6282,2026-09-01,T+1,5346,1174,6520,2026-08-31T02:56:35.224Z,FALSE,"",13:30,FALSE
fare_DEL-BOM_6E_2026-09-01_T+1_1788218444127_rhza,DEL-BOM,EaseMyTrip,6E,6E-535,2026-09-01,T+1,5346,1174,6520,2026-08-31T02:56:35.224Z,FALSE,"",23:15,FALSE
fare_DEL-BOM_6E_2026-09-01_T+1_1788218444127_aqv8,DEL-BOM,EaseMyTrip,6E,6E-387,2026-09-01,T+1,5346,1174,6520,2026-08-31T02:56:35.224Z,FALSE,"",23:15,FALSE
fare_DEL-BOM_6E_2026-09-01_T+1_1788218444127_4gkn,DEL-BOM,EaseMyTrip,6E,6E-6497,2026-09-01,T+1,5346,1174,6520,2026-08-31T02:56:35.224Z,FALSE,"",18:40,FALSE
fare_DEL-BOM_QP_2026-09-01_T+1_1788218444127_z46m,DEL-BOM,EaseMyTrip,QP,QP-1110,2026-09-01,T+1,5355,1175,6530,2026-08-31T02:56:35.224Z,FALSE,"",10:30,TRUE
fare_DEL-BOM_QP_2026-09-01_T+1_1788218444127_6gcb,DEL-BOM,EaseMyTrip,QP,QP-1807,2026-09-01,T+1,5355,1175,6530,2026-08-31T02:56:35.224Z,FALSE,"",13:40,TRUE
fare_DEL-BOM_QP_2026-09-01_T+1_1788218444127_4ig0,DEL-BOM,EaseMyTrip,QP,QP-1820,2026-09-01,T+1,5355,1175,6530,2026-08-31T02:56:35.224Z,FALSE,"",17:30,TRUE
fare_DEL-BOM_QP_2026-09-01_T+1_1788218444127_plhd,DEL-BOM,EaseMyTrip,QP,QP-1112,2026-09-01,T+1,5355,1175,6530,2026-08-31T02:56:35.224Z,FALSE,"",09:20,TRUE
fare_DEL-BOM_QP_2026-09-01_T+1_1788218444127_zbsy,DEL-BOM,EaseMyTrip,QP,QP-1128,2026-09-01,T+1,5355,1175,6530,2026-08-31T02:56:35.224Z,FALSE,"",16:00,TRUE
fare_DEL-BOM_QP_2026-09-01_T+1_1788218444127_xxgc,DEL-BOM,EaseMyTrip,QP,QP-1836,2026-09-01,T+1,5355,1175,6530,2026-08-31T02:56:35.224Z,FALSE,"",12:30,TRUE
fare_DEL-BOM_6E_2026-09-01_T+1_1788218444127_oh3e,DEL-BOM,EaseMyTrip,6E,6E-119,2026-09-01,T+1,5355,1175,6530,2026-08-31T02:56:35.224Z,FALSE,"",23:30,TRUE
fare_DEL-BOM_6E_2026-09-01_T+1_1788218444127_zmyt,DEL-BOM,EaseMyTrip,6E,6E-750,2026-09-01,T+1,5355,1175,6530,2026-08-31T02:56:35.224Z,FALSE,"",23:30,TRUE
fare_DEL-BOM_6E_2026-09-01_T+1_1788218444127_8d4p,DEL-BOM,EaseMyTrip,6E,6E-6114,2026-09-01,T+1,5355,1175,6530,2026-08-31T02:56:35.224Z,FALSE,"",22:45,TRUE
fare_DEL-BOM_6E_2026-09-01_T+1_1788218444127_6ei2,DEL-BOM,EaseMyTrip,6E,6E-700,2026-09-01,T+1,5355,1175,6530,2026-08-31T02:56:35.224Z,FALSE,"",16:15,TRUE
fare_DEL-BOM_6E_2026-09-01_T+1_1788218444127_l71q,DEL-BOM,EaseMyTrip,6E,6E-661,2026-09-01,T+1,5355,1175,6530,2026-08-31T02:56:35.224Z,FALSE,"",16:15,TRUE
fare_DEL-BOM_6E_2026-09-01_T+1_1788218444127_d15e,DEL-BOM,EaseMyTrip,6E,6E-630,2026-09-01,T+1,5355,1175,6530,2026-08-31T02:56:35.224Z,FALSE,"",15:30,TRUE
fare_DEL-BOM_6E_2026-09-01_T+1_1788218444127_oxje,DEL-BOM,EaseMyTrip,6E,6E-530,2026-09-01,T+1,5355,1175,6530,2026-08-31T02:56:35.224Z,FALSE,"",15:30,TRUE
fare_DEL-BOM_6E_2026-09-01_T+1_1788218444127_p5nz,DEL-BOM,EaseMyTrip,6E,6E-6318,2026-09-01,T+1,5355,1175,6530,2026-08-31T02:56:35.224Z,FALSE,"",14:45,TRUE
fare_DEL-BOM_6E_2026-09-01_T+1_1788218444127_20um,DEL-BOM,EaseMyTrip,6E,6E-817,2026-09-01,T+1,5355,1175,6530,2026-08-31T02:56:35.224Z,FALSE,"",21:45,TRUE
fare_DEL-BOM_6E_2026-09-01_T+1_1788218444127_wc0o,DEL-BOM,EaseMyTrip,6E,6E-808,2026-09-01,T+1,5355,1175,6530,2026-08-31T02:56:35.224Z,FALSE,"",21:45,TRUE
fare_DEL-BOM_6E_2026-09-01_T+1_1788218444127_0wrz,DEL-BOM,EaseMyTrip,6E,6E-749,2026-09-01,T+1,5355,1175,6530,2026-08-31T02:56:35.224Z,FALSE,"",13:00,TRUE
fare_DEL-BOM_6E_2026-09-01_T+1_1788218444127_hl00,DEL-BOM,EaseMyTrip,6E,6E-911,2026-09-01,T+1,5355,1175,6530,2026-08-31T02:56:35.224Z,FALSE,"",13:00,TRUE
fare_DEL-BOM_6E_2026-09-01_T+1_1788218444127_gt1w,DEL-BOM,EaseMyTrip,6E,6E-6022,2026-09-01,T+1,5355,1175,6530,2026-08-31T02:56:35.224Z,FALSE,"",14:00,TRUE
fare_DEL-BOM_6E_2026-09-01_T+1_1788218444127_bd9c,DEL-BOM,EaseMyTrip,6E,6E-6328,2026-09-01,T+1,5355,1175,6530,2026-08-31T02:56:35.224Z,FALSE,"",10:15,TRUE
fare_DEL-BOM_6E_2026-09-01_T+1_1788218444127_0xzj,DEL-BOM,EaseMyTrip,6E,6E-6047,2026-09-01,T+1,5355,1175,6530,2026-08-31T02:56:35.224Z,FALSE,"",11:00,TRUE
fare_DEL-BOM_6E_2026-09-01_T+1_1788218444127_6ypt,DEL-BOM,EaseMyTrip,6E,6E-6676,2026-09-01,T+1,5355,1175,6530,2026-08-31T02:56:35.224Z,FALSE,"",12:00,TRUE
fare_DEL-BOM_QP_2026-09-01_T+1_1788218444127_vnrf,DEL-BOM,EaseMyTrip,QP,QP-1940,2026-09-01,T+1,5427,1191,6618,2026-08-31T02:56:35.224Z,FALSE,"",14:00,TRUE
fare_DEL-BOM_6E_2026-09-01_T+1_1788218444127_byy0,DEL-BOM,EaseMyTrip,6E,6E-5198,2026-09-01,T+1,5427,1191,6618,2026-08-31T02:56:35.224Z,FALSE,"",15:00,TRUE
fare_DEL-BOM_QP_2026-09-01_T+1_1788218444127_ckb9,DEL-BOM,EaseMyTrip,QP,QP-1826,2026-09-01,T+1,5452,1197,6649,2026-08-31T02:56:35.224Z,FALSE,"",19:55,TRUE
fare_DEL-BOM_6E_2026-09-01_T+1_1788218444127_y549,DEL-BOM,EaseMyTrip,6E,6E-5014,2026-09-01,T+1,5460,1199,6659,2026-08-31T02:56:35.224Z,FALSE,"",18:30,FALSE
fare_DEL-BOM_6E_2026-09-01_T+1_1788218444127_aeol,DEL-BOM,EaseMyTrip,6E,6E-6706,2026-09-01,T+1,5484,1204,6688,2026-08-31T02:56:35.224Z,FALSE,"",17:00,TRUE
fare_DEL-BOM_6E_2026-09-01_T+1_1788218444127_j8j2,DEL-BOM,EaseMyTrip,6E,6E-6107,2026-09-01,T+1,5484,1204,6688,2026-08-31T02:56:35.224Z,FALSE,"",09:30,TRUE
fare_DEL-BOM_6E_2026-09-01_T+1_1788218444127_g8p1,DEL-BOM,EaseMyTrip,6E,6E-6490,2026-09-01,T+1,5550,1218,6768,2026-08-31T02:56:35.224Z,FALSE,"",04:55,FALSE
fare_DEL-BOM_6E_2026-09-01_T+1_1788218444127_2rvw,DEL-BOM,EaseMyTrip,6E,6E-2169,2026-09-01,T+1,5569,1222,6791,2026-08-31T02:56:35.224Z,FALSE,"",19:40,FALSE
fare_DEL-BOM_AI_2026-09-01_T+1_1788218444127_5062,DEL-BOM,EaseMyTrip,AI,AI-2951,2026-09-01,T+1,5740,1260,7000,2026-08-31T02:56:35.224Z,FALSE,"",13:30,TRUE
fare_DEL-BOM_AI_2026-09-01_T+1_1788218444127_wsdj,DEL-BOM,EaseMyTrip,AI,AI-2941,2026-09-01,T+1,5740,1260,7000,2026-08-31T02:56:35.224Z,FALSE,"",16:30,TRUE
fare_DEL-BOM_AI_2026-09-01_T+1_1788218444127_s6nn,DEL-BOM,EaseMyTrip,AI,AI-2943,2026-09-01,T+1,5740,1260,7000,2026-08-31T02:56:35.224Z,FALSE,"",07:30,TRUE
fare_DEL-BOM_AI_2026-09-01_T+1_1788218444127_kir6,DEL-BOM,EaseMyTrip,AI,AI-2995,2026-09-01,T+1,5740,1260,7000,2026-08-31T02:56:35.224Z,FALSE,"",10:00,TRUE
fare_DEL-BOM_AI_2026-09-01_T+1_1788218444127_zrfo,DEL-BOM,EaseMyTrip,AI,AI-2945,2026-09-01,T+1,5740,1260,7000,2026-08-31T02:56:35.224Z,FALSE,"",11:00,TRUE
fare_DEL-BOM_AI_2026-09-01_T+1_1788218444127_495x,DEL-BOM,EaseMyTrip,AI,AI-1785,2026-09-01,T+1,5740,1260,7000,2026-08-31T02:56:35.224Z,FALSE,"",12:00,TRUE
fare_DEL-BOM_AI_2026-09-01_T+1_1788218444127_rxte,DEL-BOM,EaseMyTrip,AI,AI-2933,2026-09-01,T+1,5740,1260,7000,2026-08-31T02:56:35.224Z,FALSE,"",15:30,TRUE
fare_DEL-BOM_AI_2026-09-01_T+1_1788218444127_rr0s,DEL-BOM,EaseMyTrip,AI,AI-1777,2026-09-01,T+1,5740,1260,7000,2026-08-31T02:56:35.224Z,FALSE,"",16:00,TRUE
fare_DEL-BOM_AI_2026-09-01_T+1_1788218444127_i035,DEL-BOM,EaseMyTrip,AI,AI-441,2026-09-01,T+1,5740,1260,7000,2026-08-31T02:56:35.224Z,FALSE,"",17:00,TRUE
fare_DEL-BOM_AI_2026-09-01_T+1_1788218444127_suw9,DEL-BOM,EaseMyTrip,AI,AI-2985,2026-09-01,T+1,5740,1260,7000,2026-08-31T02:56:35.224Z,FALSE,"",19:30,TRUE
fare_DEL-BOM_AI_2026-09-01_T+1_1788218444127_x5rl,DEL-BOM,EaseMyTrip,AI,AI-2439,2026-09-01,T+1,5740,1260,7000,2026-08-31T02:56:35.224Z,FALSE,"",23:00,TRUE
fare_DEL-BOM_AI_2026-09-01_T+1_1788218444127_jjhh,DEL-BOM,EaseMyTrip,AI,AI-2927,2026-09-01,T+1,5740,1260,7000,2026-08-31T02:56:35.224Z,FALSE,"",09:30,TRUE
fare_DEL-BOM_6E_2026-09-01_T+1_1788218444127_wovv,DEL-BOM,EaseMyTrip,6E,6E-6010,2026-09-01,T+1,5605,1230,6835,2026-08-31T02:56:35.224Z,FALSE,"",11:20,FALSE
fare_DEL-BOM_QP_2026-09-01_T+1_1788218444127_hvix,DEL-BOM,EaseMyTrip,QP,QP-1833,2026-09-01,T+1,5652,1241,6893,2026-08-31T02:56:35.224Z,FALSE,"",06:50,TRUE
fare_DEL-BOM_6E_2026-09-01_T+1_1788218444127_12u1,DEL-BOM,EaseMyTrip,6E,6E-401,2026-09-01,T+1,5656,1242,6898,2026-08-31T02:56:35.224Z,FALSE,"",19:00,TRUE
fare_DEL-BOM_6E_2026-09-01_T+1_1788218444127_n7lf,DEL-BOM,EaseMyTrip,6E,6E-360,2026-09-01,T+1,5656,1242,6898,2026-08-31T02:56:35.224Z,FALSE,"",19:00,TRUE
fare_DEL-BOM_6E_2026-09-01_T+1_1788218444127_v5gp,DEL-BOM,EaseMyTrip,6E,6E-282,2026-09-01,T+1,5656,1242,6898,2026-08-31T02:56:35.224Z,FALSE,"",18:00,TRUE
fare_DEL-BOM_6E_2026-09-01_T+1_1788218444127_9wp3,DEL-BOM,EaseMyTrip,6E,6E-140,2026-09-01,T+1,5656,1242,6898,2026-08-31T02:56:35.224Z,FALSE,"",18:00,TRUE
fare_DEL-BOM_6E_2026-09-01_T+1_1788218444127_tc75,DEL-BOM,EaseMyTrip,6E,6E-6218,2026-09-01,T+1,5656,1242,6898,2026-08-31T02:56:35.224Z,FALSE,"",06:05,TRUE
fare_DEL-BOM_6E_2026-09-01_T+1_1788218444127_b5em,DEL-BOM,EaseMyTrip,6E,6E-380,2026-09-01,T+1,5656,1242,6898,2026-08-31T02:56:35.224Z,FALSE,"",08:00,TRUE
fare_DEL-BOM_6E_2026-09-01_T+1_1788218444127_mac2,DEL-BOM,EaseMyTrip,6E,6E-513,2026-09-01,T+1,5656,1242,6898,2026-08-31T02:56:35.224Z,FALSE,"",08:00,TRUE
fare_DEL-BOM_6E_2026-09-01_T+1_1788218444127_cpz7,DEL-BOM,EaseMyTrip,6E,6E-984,2026-09-01,T+1,5656,1242,6898,2026-08-31T02:56:35.224Z,FALSE,"",08:45,TRUE
fare_DEL-BOM_6E_2026-09-01_T+1_1788218444127_pmjb,DEL-BOM,EaseMyTrip,6E,6E-691,2026-09-01,T+1,5656,1242,6898,2026-08-31T02:56:35.224Z,FALSE,"",08:45,TRUE
fare_DEL-BOM_AI_2026-09-01_T+1_1788218444127_bc86,DEL-BOM,EaseMyTrip,AI,AI-2981,2026-09-01,T+1,5870,1289,7159,2026-08-31T02:56:35.224Z,FALSE,"",21:00,TRUE
fare_DEL-BOM_AI_2026-09-01_T+1_1788218444127_90dw,DEL-BOM,EaseMyTrip,AI,AI-2433,2026-09-01,T+1,5870,1289,7159,2026-08-31T02:56:35.224Z,FALSE,"",21:30,TRUE
fare_DEL-BOM_AI_2026-09-01_T+1_1788218444127_enm8,DEL-BOM,EaseMyTrip,AI,AI-1780,2026-09-01,T+1,5870,1289,7159,2026-08-31T02:56:35.224Z,FALSE,"",16:10,TRUE
fare_DEL-BOM_6E_2026-09-01_T+1_1788218444127_ku7h,DEL-BOM,EaseMyTrip,6E,6E-243,2026-09-01,T+1,5805,1274,7079,2026-08-31T02:56:35.224Z,FALSE,"",19:30,FALSE
fare_DEL-BOM_6E_2026-09-01_T+1_1788218444127_j8hz,DEL-BOM,EaseMyTrip,6E,6E-260,2026-09-01,T+1,5805,1274,7079,2026-08-31T02:56:35.224Z,FALSE,"",19:30,FALSE
fare_DEL-BOM_AI_2026-09-01_T+1_1788218444127_0yjg,DEL-BOM,EaseMyTrip,AI,AI-1745,2026-09-01,T+1,6043,1326,7369,2026-08-31T02:56:35.224Z,FALSE,"",05:00,TRUE
fare_DEL-BOM_AI_2026-09-01_T+1_1788218444127_cxhb,DEL-BOM,EaseMyTrip,AI,AI-2510,2026-09-01,T+1,6043,1326,7369,2026-08-31T02:56:35.224Z,FALSE,"",02:45,TRUE
fare_DEL-BOM_6E_2026-09-01_T+1_1788218444127_2403,DEL-BOM,EaseMyTrip,6E,6E-5038,2026-09-01,T+1,6066,1331,7397,2026-08-31T02:56:35.224Z,FALSE,"",14:00,FALSE
fare_DEL-BOM_AI_2026-09-01_T+1_1788218444127_39xs,DEL-BOM,EaseMyTrip,AI,AI-2963,2026-09-01,T+1,6257,1373,7630,2026-08-31T02:56:35.224Z,FALSE,"",09:00,TRUE
fare_DEL-BOM_AI_2026-09-01_T+1_1788218444127_27n4,DEL-BOM,EaseMyTrip,AI,AI-2429,2026-09-01,T+1,6257,1373,7630,2026-08-31T02:56:35.224Z,FALSE,"",07:00,TRUE
fare_DEL-BOM_6E_2026-09-01_T+1_1788218444127_08kk,DEL-BOM,EaseMyTrip,6E,6E-6470,2026-09-01,T+1,6172,1355,7527,2026-08-31T02:56:35.224Z,FALSE,"",06:55,TRUE
fare_DEL-BOM_AI_2026-09-01_T+1_1788218444127_jx79,DEL-BOM,EaseMyTrip,AI,AI-2977,2026-09-01,T+1,6395,1404,7799,2026-08-31T02:56:35.224Z,FALSE,"",19:00,TRUE
fare_DEL-BOM_AI_2026-09-01_T+1_1788218444127_70sm,DEL-BOM,EaseMyTrip,AI,AI-2678,2026-09-01,T+1,6414,1408,7822,2026-08-31T02:56:35.224Z,FALSE,"",08:30,TRUE
fare_DEL-BOM_6E_2026-09-01_T+1_1788218444127_kpaq,DEL-BOM,EaseMyTrip,6E,6E-813,2026-09-01,T+1,6388,1402,7790,2026-08-31T02:56:35.224Z,FALSE,"",05:00,TRUE
fare_DEL-BOM_6E_2026-09-01_T+1_1788218444127_83wx,DEL-BOM,EaseMyTrip,6E,6E-6814,2026-09-01,T+1,6388,1402,7790,2026-08-31T02:56:35.224Z,FALSE,"",07:15,TRUE
fare_DEL-BOM_AI_2026-09-01_T+1_1788218444127_8cuf,DEL-BOM,EaseMyTrip,AI,AI-2955,2026-09-01,T+1,6624,1454,8078,2026-08-31T02:56:35.224Z,FALSE,"",18:00,TRUE
fare_DEL-BOM_6E_2026-09-01_T+1_1788218444127_bylq,DEL-BOM,EaseMyTrip,6E,6E-578,2026-09-01,T+1,6473,1421,7894,2026-08-31T02:56:35.224Z,FALSE,"",20:20,TRUE
fare_DEL-BOM_6E_2026-09-01_T+1_1788218444127_htgr,DEL-BOM,EaseMyTrip,6E,6E-585,2026-09-01,T+1,6473,1421,7894,2026-08-31T02:56:35.224Z,FALSE,"",20:20,TRUE
fare_DEL-BOM_6E_2026-09-01_T+1_1788218444127_r9r3,DEL-BOM,EaseMyTrip,6E,6E-6443,2026-09-01,T+1,6476,1422,7898,2026-08-31T02:56:35.224Z,FALSE,"",09:00,FALSE
fare_DEL-BOM_IX_2026-09-01_T+1_1788218444127_i422,DEL-BOM,EaseMyTrip,IX,IX-1038,2026-09-01,T+1,6846,1503,8349,2026-08-31T02:56:35.224Z,FALSE,"",17:35,TRUE
fare_DEL-BOM_QP_2026-09-01_T+1_1788218444127_is3l,DEL-BOM,EaseMyTrip,QP,QP-1119,2026-09-01,T+1,6536,1435,7971,2026-08-31T02:56:35.224Z,FALSE,"",08:40,TRUE
fare_DEL-BOM_6E_2026-09-01_T+1_1788218444127_hy5l,DEL-BOM,EaseMyTrip,6E,6E-886,2026-09-01,T+1,6541,1436,7977,2026-08-31T02:56:35.224Z,FALSE,"",16:30,FALSE
fare_DEL-BOM_6E_2026-09-01_T+1_1788218444127_amt3,DEL-BOM,EaseMyTrip,6E,6E-656,2026-09-01,T+1,6541,1436,7977,2026-08-31T02:56:35.224Z,FALSE,"",16:30,FALSE
fare_DEL-BOM_AI_2026-09-01_T+1_1788218444127_3xyg,DEL-BOM,EaseMyTrip,AI,AI-2957,2026-09-01,T+1,6836,1500,8336,2026-08-31T02:56:35.224Z,FALSE,"",20:30,TRUE
fare_DEL-BOM_6E_2026-09-01_T+1_1788218444127_u5k2,DEL-BOM,EaseMyTrip,6E,6E-444,2026-09-01,T+1,6690,1468,8158,2026-08-31T02:56:35.224Z,FALSE,"",20:00,TRUE
fare_DEL-BOM_6E_2026-09-01_T+1_1788218444127_7l6e,DEL-BOM,EaseMyTrip,6E,6E-531,2026-09-01,T+1,6690,1468,8158,2026-08-31T02:56:35.224Z,FALSE,"",20:00,TRUE
fare_DEL-BOM_IX_2026-09-01_T+1_1788218444127_pyzk,DEL-BOM,EaseMyTrip,IX,IX-5970,2026-09-01,T+1,7032,1543,8575,2026-08-31T02:56:35.224Z,FALSE,"",00:30,TRUE
fare_DEL-BOM_6E_2026-09-01_T+1_1788218444127_l3w2,DEL-BOM,EaseMyTrip,6E,6E-6190,2026-09-01,T+1,6805,1494,8299,2026-08-31T02:56:35.224Z,FALSE,"",07:40,FALSE
fare_DEL-BOM_6E_2026-09-01_T+1_1788218444127_weft,DEL-BOM,EaseMyTrip,6E,6E-6171,2026-09-01,T+1,6892,1513,8405,2026-08-31T02:56:35.224Z,FALSE,"",05:40,FALSE
fare_DEL-BOM_6E_2026-09-01_T+1_1788218444127_iynd,DEL-BOM,EaseMyTrip,6E,6E-104,2026-09-01,T+1,7237,1588,8825,2026-08-31T02:56:35.224Z,FALSE,"",12:15,FALSE
fare_DEL-BOM_6E_2026-09-01_T+1_1788218444127_whrb,DEL-BOM,EaseMyTrip,6E,6E-641,2026-09-01,T+1,7237,1588,8825,2026-08-31T02:56:35.224Z,FALSE,"",12:15,FALSE
fare_DEL-BOM_IX_2026-09-01_T+1_1788218444127_4chw,DEL-BOM,EaseMyTrip,IX,IX-1108,2026-09-01,T+1,8002,1757,9759,2026-08-31T02:56:35.224Z,FALSE,"",05:00,FALSE
fare_DEL-BOM_IX_2026-09-01_T+1_1788218444127_jc50,DEL-BOM,EaseMyTrip,IX,IX-1003,2026-09-01,T+1,8002,1757,9759,2026-08-31T02:56:35.224Z,FALSE,"",19:10,FALSE
fare_DEL-BOM_IX_2026-09-01_T+1_1788218444127_428w,DEL-BOM,EaseMyTrip,IX,IX-1051,2026-09-01,T+1,8002,1757,9759,2026-08-31T02:56:35.224Z,FALSE,"",19:05,FALSE
fare_DEL-BOM_6E_2026-09-01_T+1_1788218444127_nqp4,DEL-BOM,EaseMyTrip,6E,6E-6983,2026-09-01,T+1,8099,1778,9877,2026-08-31T02:56:35.224Z,FALSE,"",15:35,FALSE
fare_DEL-BOM_IX_2026-09-01_T+1_1788218444127_keot,DEL-BOM,EaseMyTrip,IX,IX-1165,2026-09-01,T+1,8845,1941,10786,2026-08-31T02:56:35.224Z,FALSE,"",05:45,FALSE
fare_DEL-BOM_IX_2026-09-01_T+1_1788218444127_uow9,DEL-BOM,EaseMyTrip,IX,IX-1049,2026-09-01,T+1,9168,2012,11180,2026-08-31T02:56:35.224Z,FALSE,"",18:40,FALSE
fare_DEL-BOM_6E_2026-09-01_T+1_1788218444127_bghi,DEL-BOM,EaseMyTrip,6E,6E-6293,2026-09-01,T+1,9173,2014,11187,2026-08-31T02:56:35.224Z,FALSE,"",09:55,FALSE
fare_DEL-BOM_AI_2026-09-01_T+1_1788218444127_uugl,DEL-BOM,EaseMyTrip,AI,AI-2569,2026-09-01,T+1,9466,2078,11544,2026-08-31T02:56:35.224Z,FALSE,"",20:25,FALSE
fare_DEL-BOM_AI_2026-09-01_T+1_1788218444127_5xxu,DEL-BOM,EaseMyTrip,AI,AI-1710,2026-09-01,T+1,9466,2078,11544,2026-08-31T02:56:35.224Z,FALSE,"",18:35,FALSE
fare_DEL-BOM_AI_2026-09-01_T+1_1788218444127_dwzv,DEL-BOM,EaseMyTrip,AI,AI-1717,2026-09-01,T+1,9466,2078,11544,2026-08-31T02:56:35.224Z,FALSE,"",14:20,FALSE
fare_DEL-BOM_AI_2026-09-01_T+1_1788218444127_kgts,DEL-BOM,EaseMyTrip,AI,AI-9759,2026-09-01,T+1,9551,2097,11648,2026-08-31T02:56:35.224Z,FALSE,"",05:45,FALSE
fare_DEL-BOM_AI_2026-09-01_T+1_1788218444127_c8vl,DEL-BOM,EaseMyTrip,AI,AI-9757,2026-09-01,T+1,9684,2126,11810,2026-08-31T02:56:35.224Z,FALSE,"",11:50,FALSE
fare_DEL-BOM_IX_2026-09-01_T+1_1788218444127_wfjl,DEL-BOM,EaseMyTrip,IX,IX-1068,2026-09-01,T+1,10015,2199,12214,2026-08-31T02:56:35.224Z,FALSE,"",11:55,FALSE
fare_DEL-BOM_QP_2026-09-01_T+1_1788218444127_b4lb,DEL-BOM,EaseMyTrip,QP,QP-1815,2026-09-01,T+1,9671,2123,11794,2026-08-31T02:56:35.224Z,FALSE,"",14:55,FALSE
fare_DEL-BOM_6E_2026-09-01_T+1_1788218444127_frwy,DEL-BOM,EaseMyTrip,6E,6E-7646,2026-09-01,T+1,9693,2128,11821,2026-08-31T02:56:35.224Z,FALSE,"",06:15,FALSE
fare_DEL-BOM_QP_2026-09-01_T+1_1788218444127_s9pk,DEL-BOM,EaseMyTrip,QP,QP-1817,2026-09-01,T+1,9774,2145,11919,2026-08-31T02:56:35.224Z,FALSE,"",10:30,FALSE
fare_DEL-BOM_6E_2026-09-01_T+1_1788218444127_1o1t,DEL-BOM,EaseMyTrip,6E,6E-2381,2026-09-01,T+1,9838,2160,11998,2026-08-31T02:56:35.224Z,FALSE,"",13:45,FALSE
fare_DEL-BOM_AI_2026-09-01_T+1_1788218444127_so18,DEL-BOM,EaseMyTrip,AI,AI-2499,2026-09-01,T+1,10069,2210,12279,2026-08-31T02:56:35.224Z,FALSE,"",06:00,FALSE
fare_DEL-BOM_6E_2026-09-01_T+1_1788218444127_gih1,DEL-BOM,EaseMyTrip,6E,6E-6829,2026-09-01,T+1,10197,2238,12435,2026-08-31T02:56:35.224Z,FALSE,"",17:20,FALSE
fare_DEL-BOM_6E_2026-09-01_T+1_1788218444127_b5rw,DEL-BOM,EaseMyTrip,6E,6E-474,2026-09-01,T+1,10700,2349,13049,2026-08-31T02:56:35.224Z,FALSE,"",02:25,FALSE
fare_DEL-BOM_6E_2026-09-01_T+1_1788218444127_pgmm,DEL-BOM,EaseMyTrip,6E,6E-931,2026-09-01,T+1,10700,2349,13049,2026-08-31T02:56:35.224Z,FALSE,"",02:25,FALSE
fare_DEL-BOM_AI_2026-09-01_T+1_1788218444127_j25p,DEL-BOM,EaseMyTrip,AI,AI-2975,2026-09-01,T+1,10912,2395,13307,2026-08-31T02:56:35.224Z,FALSE,"",06:30,TRUE
fare_DEL-BOM_AI_2026-09-01_T+1_1788218444127_motz,DEL-BOM,EaseMyTrip,AI,AI-9722,2026-09-01,T+1,10965,2407,13372,2026-08-31T02:56:35.224Z,FALSE,"",11:55,FALSE
fare_DEL-BOM_6E_2026-09-01_T+1_1788218444127_a5jf,DEL-BOM,EaseMyTrip,6E,6E-2349,2026-09-01,T+1,11615,2550,14165,2026-08-31T02:56:35.224Z,FALSE,"",10:55,FALSE
fare_DEL-BOM_6E_2026-09-01_T+1_1788218444127_kc6k,DEL-BOM,EaseMyTrip,6E,6E-6261,2026-09-01,T+1,11618,2550,14168,2026-08-31T02:56:35.224Z,FALSE,"",00:15,FALSE
fare_DEL-BOM_AI_2026-09-01_T+1_1788218444127_vjao,DEL-BOM,EaseMyTrip,AI,AI-1719,2026-09-01,T+1,12103,2657,14760,2026-08-31T02:56:35.224Z,FALSE,"",11:55,FALSE
fare_DEL-BOM_AI_2026-09-01_T+1_1788218444127_41tn,DEL-BOM,EaseMyTrip,AI,AI-2545,2026-09-01,T+1,12336,2708,15044,2026-08-31T02:56:35.224Z,FALSE,"",20:30,FALSE
fare_DEL-BOM_AI_2026-09-01_T+1_1788218444127_iid8,DEL-BOM,EaseMyTrip,AI,AI-1705,2026-09-01,T+1,12483,2740,15223,2026-08-31T02:56:35.224Z,FALSE,"",06:30,FALSE
fare_DEL-BOM_6E_2026-09-01_T+1_1788218444127_u16o,DEL-BOM,EaseMyTrip,6E,6E-7642,2026-09-01,T+1,12685,2785,15470,2026-08-31T02:56:35.224Z,FALSE,"",15:45,FALSE
fare_DEL-BOM_AI_2026-09-01_T+1_1788218444127_jd9n,DEL-BOM,EaseMyTrip,AI,AI-1743,2026-09-01,T+1,13065,2868,15933,2026-08-31T02:56:35.224Z,FALSE,"",06:20,FALSE
fare_DEL-BOM_AI_2026-09-01_T+1_1788218444127_a78d,DEL-BOM,EaseMyTrip,AI,AI-2627,2026-09-01,T+1,13166,2890,16056,2026-08-31T02:56:35.224Z,FALSE,"",10:45,FALSE
fare_DEL-BOM_IX_2026-09-01_T+1_1788218444127_wfqv,DEL-BOM,EaseMyTrip,IX,IX-1070,2026-09-01,T+1,13774,3024,16798,2026-08-31T02:56:35.224Z,FALSE,"",18:20,FALSE
fare_DEL-BOM_AI_2026-09-01_T+1_1788218444127_9vpu,DEL-BOM,EaseMyTrip,AI,AI-2907,2026-09-01,T+1,13927,3057,16984,2026-08-31T02:56:35.224Z,FALSE,"",12:00,FALSE
fare_DEL-BOM_6E_2026-09-01_T+1_1788218444127_fu5a,DEL-BOM,EaseMyTrip,6E,6E-5138,2026-09-01,T+1,13853,3041,16894,2026-08-31T02:56:35.224Z,FALSE,"",19:10,FALSE
fare_DEL-BOM_QP_2026-09-01_T+1_1788218444127_p0e8,DEL-BOM,EaseMyTrip,QP,QP-1812,2026-09-01,T+1,13982,3069,17051,2026-08-31T02:56:35.224Z,FALSE,"",22:55,FALSE
fare_DEL-BOM_6E_2026-09-01_T+1_1788218444127_bjwp,DEL-BOM,EaseMyTrip,6E,6E-333,2026-09-01,T+1,14208,3119,17327,2026-08-31T02:56:35.224Z,FALSE,"",19:35,FALSE
fare_DEL-BOM_6E_2026-09-01_T+1_1788218444127_2h5i,DEL-BOM,EaseMyTrip,6E,6E-224,2026-09-01,T+1,14208,3119,17327,2026-08-31T02:56:35.224Z,FALSE,"",19:35,FALSE
fare_DEL-BOM_AI_2026-09-01_T+1_1788218444127_llz8,DEL-BOM,EaseMyTrip,AI,AI-491,2026-09-01,T+1,14497,3182,17679,2026-08-31T02:56:35.224Z,FALSE,"",11:15,FALSE
fare_DEL-BOM_AI_2026-09-01_T+1_1788218444127_gsmh,DEL-BOM,EaseMyTrip,AI,AI-1773,2026-09-01,T+1,14497,3182,17679,2026-08-31T02:56:35.224Z,FALSE,"",10:30,FALSE
fare_DEL-BOM_AI_2026-09-01_T+1_1788218444127_p27c,DEL-BOM,EaseMyTrip,AI,AI-2577,2026-09-01,T+1,14577,3200,17777,2026-08-31T02:56:35.224Z,FALSE,"",02:00,FALSE
fare_DEL-BOM_AI_2026-09-01_T+1_1788218444127_g476,DEL-BOM,EaseMyTrip,AI,AI-2859,2026-09-01,T+1,14577,3200,17777,2026-08-31T02:56:35.224Z,FALSE,"",10:30,FALSE
fare_DEL-BOM_6E_2026-09-01_T+1_1788218444127_14ap,DEL-BOM,EaseMyTrip,6E,6E-2013,2026-09-01,T+1,14678,3222,17900,2026-08-31T02:56:35.224Z,FALSE,"",21:50,FALSE
fare_DEL-BOM_AI_2026-09-01_T+1_1788218444127_nthv,DEL-BOM,EaseMyTrip,AI,AI-2465,2026-09-01,T+1,14880,3266,18146,2026-08-31T02:56:35.224Z,FALSE,"",14:30,FALSE
fare_DEL-BOM_6E_2026-09-01_T+1_1788218444127_y0e4,DEL-BOM,EaseMyTrip,6E,6E-2249,2026-09-01,T+1,14785,3246,18031,2026-08-31T02:56:35.224Z,FALSE,"",15:00,FALSE
fare_DEL-BOM_AI_2026-09-01_T+1_1788218444127_xclg,DEL-BOM,EaseMyTrip,AI,AI-2509,2026-09-01,T+1,15198,3336,18534,2026-08-31T02:56:35.224Z,FALSE,"",06:55,FALSE
fare_DEL-BOM_6E_2026-09-01_T+1_1788218444128_xapv,DEL-BOM,EaseMyTrip,6E,6E-2331,2026-09-01,T+1,15956,3503,19459,2026-08-31T02:56:35.224Z,FALSE,"",12:20,FALSE
fare_DEL-BOM_6E_2026-09-01_T+1_1788218444128_jw6p,DEL-BOM,EaseMyTrip,6E,6E-5073,2026-09-01,T+1,16025,3518,19543,2026-08-31T02:56:35.224Z,FALSE,"",17:05,FALSE
fare_DEL-BOM_6E_2026-09-01_T+1_1788218444128_mp9q,DEL-BOM,EaseMyTrip,6E,6E-2341,2026-09-01,T+1,16316,3582,19898,2026-08-31T02:56:35.224Z,FALSE,"",14:50,FALSE
fare_DEL-BOM_AI_2026-09-01_T+1_1788218444128_hhi0,DEL-BOM,EaseMyTrip,AI,AI-2715,2026-09-01,T+1,16619,3648,20267,2026-08-31T02:56:35.224Z,FALSE,"",11:40,FALSE
fare_DEL-BOM_AI_2026-09-01_T+1_1788218444128_eyrv,DEL-BOM,EaseMyTrip,AI,AI-1779,2026-09-01,T+1,16661,3657,20318,2026-08-31T02:56:35.224Z,FALSE,"",13:50,FALSE
fare_DEL-BOM_AI_2026-09-01_T+1_1788218444128_d4h9,DEL-BOM,EaseMyTrip,AI,AI-809,2026-09-01,T+1,16758,3679,20437,2026-08-31T02:56:35.224Z,FALSE,"",17:40,FALSE
fare_DEL-BOM_6E_2026-09-01_T+1_1788218444128_9s6u,DEL-BOM,EaseMyTrip,6E,6E-5137,2026-09-01,T+1,16712,3668,20380,2026-08-31T02:56:35.224Z,FALSE,"",10:50,FALSE
fare_DEL-BOM_6E_2026-09-01_T+1_1788218444128_3smm,DEL-BOM,EaseMyTrip,6E,6E-126,2026-09-01,T+1,17624,3869,21493,2026-08-31T02:56:35.224Z,FALSE,"",10:00,FALSE
fare_DEL-BOM_6E_2026-09-01_T+1_1788218444128_robr,DEL-BOM,EaseMyTrip,6E,6E-5119,2026-09-01,T+1,17988,3949,21937,2026-08-31T02:56:35.224Z,FALSE,"",05:10,FALSE
fare_DEL-BOM_6E_2026-09-01_T+1_1788218444128_006v,DEL-BOM,EaseMyTrip,6E,6E-220,2026-09-01,T+1,18262,4009,22271,2026-08-31T02:56:35.224Z,FALSE,"",08:30,FALSE
fare_DEL-BOM_6E_2026-09-01_T+1_1788218444128_e1lb,DEL-BOM,EaseMyTrip,6E,6E-627,2026-09-01,T+1,18262,4009,22271,2026-08-31T02:56:35.224Z,FALSE,"",08:30,FALSE
fare_DEL-BOM_AI_2026-09-01_T+1_1788218444128_w50w,DEL-BOM,EaseMyTrip,AI,AI-2761,2026-09-01,T+1,20515,4503,25018,2026-08-31T02:56:35.224Z,TRUE,"High outlier: ₹25018 > upper fence ₹23243 (Q3: ₹13340, IQR: ₹6602)",16:25,FALSE
fare_DEL-BOM_6E_2026-09-01_T+1_1788218444128_olnb,DEL-BOM,EaseMyTrip,6E,6E-2076,2026-09-01,T+1,22035,4837,26872,2026-08-31T02:56:35.224Z,TRUE,"High outlier: ₹26872 > upper fence ₹23243 (Q3: ₹13340, IQR: ₹6602)",07:30,FALSE
fare_DEL-BOM_AI_2026-09-01_T+1_1788218444128_23r0,DEL-BOM,EaseMyTrip,AI,AI-9920,2026-09-01,T+1,22730,4990,27720,2026-08-31T02:56:35.224Z,TRUE,"High outlier: ₹27720 > upper fence ₹23243 (Q3: ₹13340, IQR: ₹6602)",10:50,FALSE
fare_DEL-BOM_AI_2026-09-01_T+1_1788218444128_4l0n,DEL-BOM,EaseMyTrip,AI,AI-9584,2026-09-01,T+1,26172,5745,31917,2026-08-31T02:56:35.224Z,TRUE,"High outlier: ₹31917 > upper fence ₹23243 (Q3: ₹13340, IQR: ₹6602)",11:15,FALSE
fare_DEL-BOM_AI_2026-09-01_T+1_1788218444128_bjlw,DEL-BOM,EaseMyTrip,AI,AI-1739,2026-09-01,T+1,30488,6693,37181,2026-08-31T02:56:35.224Z,TRUE,"High outlier: ₹37181 > upper fence ₹23243 (Q3: ₹13340, IQR: ₹6602)",11:30,FALSE
fare_DEL-BOM_AI_2026-09-01_T+1_1788218444128_urab,DEL-BOM,EaseMyTrip,AI,AI-427,2026-09-01,T+1,35845,7869,43714,2026-08-31T02:56:35.224Z,TRUE,"High outlier: ₹43714 > upper fence ₹23243 (Q3: ₹13340, IQR: ₹6602)",08:30,FALSE
fare_DEL-BOM_IX_2026-09-30_T+30_1788218444129_aurc,DEL-BOM,EaseMyTrip,IX,IX-1165,2026-09-30,T+30,5354,1175,6529,2026-08-31T02:56:52.819Z,FALSE,"",05:45,FALSE
fare_DEL-BOM_IX_2026-09-30_T+30_1788218444129_m2p5,DEL-BOM,EaseMyTrip,IX,IX-1392,2026-09-30,T+30,5354,1175,6529,2026-08-31T02:56:52.819Z,FALSE,"",23:25,FALSE
fare_DEL-BOM_IX_2026-09-30_T+30_1788218444129_l3r5,DEL-BOM,EaseMyTrip,IX,IX-1235,2026-09-30,T+30,5354,1175,6529,2026-08-31T02:56:52.819Z,FALSE,"",23:25,TRUE
fare_DEL-BOM_IX_2026-09-30_T+30_1788218444129_krcx,DEL-BOM,EaseMyTrip,IX,IX-1056,2026-09-30,T+30,5354,1175,6529,2026-08-31T02:56:52.819Z,FALSE,"",05:35,TRUE
fare_DEL-BOM_IX_2026-09-30_T+30_1788218444129_rz14,DEL-BOM,EaseMyTrip,IX,IX-1038,2026-09-30,T+30,5354,1175,6529,2026-08-31T02:56:52.819Z,FALSE,"",17:35,TRUE
fare_DEL-BOM_IX_2026-09-30_T+30_1788218444129_9baa,DEL-BOM,EaseMyTrip,IX,IX-1080,2026-09-30,T+30,5354,1175,6529,2026-08-31T02:56:52.819Z,FALSE,"",18:40,TRUE
fare_DEL-BOM_6E_2026-09-30_T+30_1788218444129_pjo4,DEL-BOM,EaseMyTrip,6E,6E-5096,2026-09-30,T+30,5282,1160,6442,2026-08-31T02:56:52.819Z,FALSE,"",17:00,TRUE
fare_DEL-BOM_QP_2026-09-30_T+30_1788218444129_nxuo,DEL-BOM,EaseMyTrip,QP,QP-2074,2026-09-30,T+30,5330,1170,6500,2026-08-31T02:56:52.819Z,FALSE,"",09:20,TRUE
fare_DEL-BOM_6E_2026-09-30_T+30_1788218444129_hhxc,DEL-BOM,EaseMyTrip,6E,6E-2721,2026-09-30,T+30,5354,1175,6529,2026-08-31T02:56:52.819Z,FALSE,"",09:55,TRUE
fare_DEL-BOM_QP_2026-09-30_T+30_1788218444129_hbzk,DEL-BOM,EaseMyTrip,QP,QP-1119,2026-09-30,T+30,5355,1175,6530,2026-08-31T02:56:52.819Z,FALSE,"",08:40,TRUE
fare_DEL-BOM_QP_2026-09-30_T+30_1788218444129_kjj0,DEL-BOM,EaseMyTrip,QP,QP-1110,2026-09-30,T+30,5355,1175,6530,2026-08-31T02:56:52.819Z,FALSE,"",10:30,TRUE
fare_DEL-BOM_QP_2026-09-30_T+30_1788218444129_p0il,DEL-BOM,EaseMyTrip,QP,QP-1820,2026-09-30,T+30,5355,1175,6530,2026-08-31T02:56:52.819Z,FALSE,"",17:30,TRUE
fare_DEL-BOM_QP_2026-09-30_T+30_1788218444129_h2ze,DEL-BOM,EaseMyTrip,QP,QP-1833,2026-09-30,T+30,5355,1175,6530,2026-08-31T02:56:52.819Z,FALSE,"",06:50,TRUE
fare_DEL-BOM_QP_2026-09-30_T+30_1788218444129_y9w9,DEL-BOM,EaseMyTrip,QP,QP-1112,2026-09-30,T+30,5355,1175,6530,2026-08-31T02:56:52.819Z,FALSE,"",09:20,TRUE
fare_DEL-BOM_QP_2026-09-30_T+30_1788218444129_d1wo,DEL-BOM,EaseMyTrip,QP,QP-1836,2026-09-30,T+30,5355,1175,6530,2026-08-31T02:56:52.819Z,FALSE,"",12:30,TRUE
fare_DEL-BOM_QP_2026-09-30_T+30_1788218444129_jq3n,DEL-BOM,EaseMyTrip,QP,QP-1826,2026-09-30,T+30,5355,1175,6530,2026-08-31T02:56:52.819Z,FALSE,"",19:55,TRUE
fare_DEL-BOM_6E_2026-09-30_T+30_1788218444129_uxsk,DEL-BOM,EaseMyTrip,6E,6E-6706,2026-09-30,T+30,5355,1175,6530,2026-08-31T02:56:52.819Z,FALSE,"",17:00,TRUE
fare_DEL-BOM_6E_2026-09-30_T+30_1788218444129_ks2t,DEL-BOM,EaseMyTrip,6E,6E-686,2026-09-30,T+30,5355,1175,6530,2026-08-31T02:56:52.819Z,FALSE,"",16:15,TRUE
fare_DEL-BOM_6E_2026-09-30_T+30_1788218444129_cog9,DEL-BOM,EaseMyTrip,6E,6E-877,2026-09-30,T+30,5355,1175,6530,2026-08-31T02:56:52.819Z,FALSE,"",16:15,TRUE
fare_DEL-BOM_6E_2026-09-30_T+30_1788218444129_3ier,DEL-BOM,EaseMyTrip,6E,6E-593,2026-09-30,T+30,5355,1175,6530,2026-08-31T02:56:52.819Z,FALSE,"",15:30,TRUE
fare_DEL-BOM_6E_2026-09-30_T+30_1788218444129_h415,DEL-BOM,EaseMyTrip,6E,6E-419,2026-09-30,T+30,5355,1175,6530,2026-08-31T02:56:52.819Z,FALSE,"",15:30,TRUE
fare_DEL-BOM_6E_2026-09-30_T+30_1788218444129_qxh7,DEL-BOM,EaseMyTrip,6E,6E-6318,2026-09-30,T+30,5355,1175,6530,2026-08-31T02:56:52.819Z,FALSE,"",14:45,TRUE
fare_DEL-BOM_6E_2026-09-30_T+30_1788218444129_yg03,DEL-BOM,EaseMyTrip,6E,6E-113,2026-09-30,T+30,5355,1175,6530,2026-08-31T02:56:52.819Z,FALSE,"",13:00,TRUE
fare_DEL-BOM_6E_2026-09-30_T+30_1788218444129_fuz8,DEL-BOM,EaseMyTrip,6E,6E-664,2026-09-30,T+30,5355,1175,6530,2026-08-31T02:56:52.819Z,FALSE,"",13:00,TRUE
fare_DEL-BOM_6E_2026-09-30_T+30_1788218444129_5igl,DEL-BOM,EaseMyTrip,6E,6E-6022,2026-09-30,T+30,5355,1175,6530,2026-08-31T02:56:52.819Z,FALSE,"",14:00,TRUE
fare_DEL-BOM_6E_2026-09-30_T+30_1788218444129_wnsg,DEL-BOM,EaseMyTrip,6E,6E-6328,2026-09-30,T+30,5355,1175,6530,2026-08-31T02:56:52.819Z,FALSE,"",10:15,TRUE
fare_DEL-BOM_6E_2026-09-30_T+30_1788218444129_qss0,DEL-BOM,EaseMyTrip,6E,6E-6047,2026-09-30,T+30,5355,1175,6530,2026-08-31T02:56:52.819Z,FALSE,"",11:00,TRUE
fare_DEL-BOM_6E_2026-09-30_T+30_1788218444129_aoup,DEL-BOM,EaseMyTrip,6E,6E-6676,2026-09-30,T+30,5355,1175,6530,2026-08-31T02:56:52.819Z,FALSE,"",12:00,TRUE
fare_DEL-BOM_6E_2026-09-30_T+30_1788218444129_kjox,DEL-BOM,EaseMyTrip,6E,6E-6107,2026-09-30,T+30,5355,1175,6530,2026-08-31T02:56:52.819Z,FALSE,"",09:30,TRUE
fare_DEL-BOM_QP_2026-09-30_T+30_1788218444129_nt9e,DEL-BOM,EaseMyTrip,QP,QP-1940,2026-09-30,T+30,5427,1191,6618,2026-08-31T02:56:52.819Z,FALSE,"",14:00,TRUE
fare_DEL-BOM_6E_2026-09-30_T+30_1788218444129_jhp3,DEL-BOM,EaseMyTrip,6E,6E-860,2026-09-30,T+30,5484,1204,6688,2026-08-31T02:56:52.819Z,FALSE,"",05:00,TRUE
fare_DEL-BOM_6E_2026-09-30_T+30_1788218444129_o2r0,DEL-BOM,EaseMyTrip,6E,6E-222,2026-09-30,T+30,5484,1204,6688,2026-08-31T02:56:52.819Z,FALSE,"",05:00,TRUE
fare_DEL-BOM_6E_2026-09-30_T+30_1788218444129_eas0,DEL-BOM,EaseMyTrip,6E,6E-6114,2026-09-30,T+30,5484,1204,6688,2026-08-31T02:56:52.819Z,FALSE,"",22:45,TRUE
fare_DEL-BOM_6E_2026-09-30_T+30_1788218444129_1t34,DEL-BOM,EaseMyTrip,6E,6E-6218,2026-09-30,T+30,5484,1204,6688,2026-08-31T02:56:52.819Z,FALSE,"",06:05,TRUE
fare_DEL-BOM_6E_2026-09-30_T+30_1788218444129_75ja,DEL-BOM,EaseMyTrip,6E,6E-687,2026-09-30,T+30,5484,1204,6688,2026-08-31T02:56:52.819Z,FALSE,"",08:45,TRUE
fare_DEL-BOM_6E_2026-09-30_T+30_1788218444129_sgf0,DEL-BOM,EaseMyTrip,6E,6E-596,2026-09-30,T+30,5484,1204,6688,2026-08-31T02:56:52.819Z,FALSE,"",08:45,TRUE
fare_DEL-BOM_6E_2026-09-30_T+30_1788218444129_chp6,DEL-BOM,EaseMyTrip,6E,6E-6470,2026-09-30,T+30,5526,1213,6739,2026-08-31T02:56:52.819Z,FALSE,"",06:55,TRUE
fare_DEL-BOM_6E_2026-09-30_T+30_1788218444129_cx51,DEL-BOM,EaseMyTrip,6E,6E-5198,2026-09-30,T+30,5556,1220,6776,2026-08-31T02:56:52.819Z,FALSE,"",15:00,TRUE
fare_DEL-BOM_AI_2026-09-30_T+30_1788218444129_yfmi,DEL-BOM,EaseMyTrip,AI,AI-2963,2026-09-30,T+30,5740,1260,7000,2026-08-31T02:56:52.819Z,FALSE,"",09:00,TRUE
fare_DEL-BOM_AI_2026-09-30_T+30_1788218444129_im2k,DEL-BOM,EaseMyTrip,AI,AI-2425,2026-09-30,T+30,5740,1260,7000,2026-08-31T02:56:52.819Z,FALSE,"",10:30,TRUE
fare_DEL-BOM_AI_2026-09-30_T+30_1788218444129_jnyj,DEL-BOM,EaseMyTrip,AI,AI-2941,2026-09-30,T+30,5740,1260,7000,2026-08-31T02:56:52.819Z,FALSE,"",16:30,TRUE
fare_DEL-BOM_AI_2026-09-30_T+30_1788218444129_y9op,DEL-BOM,EaseMyTrip,AI,AI-2995,2026-09-30,T+30,5740,1260,7000,2026-08-31T02:56:52.819Z,FALSE,"",10:00,TRUE
fare_DEL-BOM_AI_2026-09-30_T+30_1788218444129_e2s0,DEL-BOM,EaseMyTrip,AI,AI-1785,2026-09-30,T+30,5740,1260,7000,2026-08-31T02:56:52.819Z,FALSE,"",12:00,TRUE
fare_DEL-BOM_AI_2026-09-30_T+30_1788218444129_4d01,DEL-BOM,EaseMyTrip,AI,AI-1777,2026-09-30,T+30,5740,1260,7000,2026-08-31T02:56:52.819Z,FALSE,"",16:00,TRUE
fare_DEL-BOM_AI_2026-09-30_T+30_1788218444129_df0z,DEL-BOM,EaseMyTrip,AI,AI-441,2026-09-30,T+30,5740,1260,7000,2026-08-31T02:56:52.819Z,FALSE,"",17:00,TRUE
fare_DEL-BOM_AI_2026-09-30_T+30_1788218444129_bm4c,DEL-BOM,EaseMyTrip,AI,AI-2927,2026-09-30,T+30,5740,1260,7000,2026-08-31T02:56:52.819Z,FALSE,"",09:30,TRUE
fare_DEL-BOM_SG_2026-09-30_T+30_1788218444129_v1hh,DEL-BOM,EaseMyTrip,SG,SG-9091,2026-09-30,T+30,6378,1400,7778,2026-08-31T02:56:52.819Z,FALSE,"",05:30,TRUE
fare_DEL-BOM_6E_2026-09-30_T+30_1788218444129_to8p,DEL-BOM,EaseMyTrip,6E,6E-183,2026-09-30,T+30,5656,1242,6898,2026-08-31T02:56:52.819Z,FALSE,"",21:45,TRUE
fare_DEL-BOM_6E_2026-09-30_T+30_1788218444129_p7lh,DEL-BOM,EaseMyTrip,6E,6E-650,2026-09-30,T+30,5656,1242,6898,2026-08-31T02:56:52.819Z,FALSE,"",21:45,TRUE
fare_DEL-BOM_6E_2026-09-30_T+30_1788218444129_nskx,DEL-BOM,EaseMyTrip,6E,6E-643,2026-09-30,T+30,5656,1242,6898,2026-08-31T02:56:52.819Z,FALSE,"",20:00,TRUE
fare_DEL-BOM_6E_2026-09-30_T+30_1788218444129_8h5d,DEL-BOM,EaseMyTrip,6E,6E-990,2026-09-30,T+30,5656,1242,6898,2026-08-31T02:56:52.819Z,FALSE,"",20:00,TRUE
fare_DEL-BOM_6E_2026-09-30_T+30_1788218444129_u8jm,DEL-BOM,EaseMyTrip,6E,6E-185,2026-09-30,T+30,5656,1242,6898,2026-08-31T02:56:52.819Z,FALSE,"",19:00,TRUE
fare_DEL-BOM_6E_2026-09-30_T+30_1788218444129_4fer,DEL-BOM,EaseMyTrip,6E,6E-618,2026-09-30,T+30,5656,1242,6898,2026-08-31T02:56:52.819Z,FALSE,"",19:00,TRUE
fare_DEL-BOM_6E_2026-09-30_T+30_1788218444129_lkcl,DEL-BOM,EaseMyTrip,6E,6E-878,2026-09-30,T+30,5656,1242,6898,2026-08-31T02:56:52.819Z,FALSE,"",18:00,TRUE
fare_DEL-BOM_6E_2026-09-30_T+30_1788218444129_26qv,DEL-BOM,EaseMyTrip,6E,6E-287,2026-09-30,T+30,5656,1242,6898,2026-08-31T02:56:52.819Z,FALSE,"",18:00,TRUE
fare_DEL-BOM_6E_2026-09-30_T+30_1788218444129_cey4,DEL-BOM,EaseMyTrip,6E,6E-866,2026-09-30,T+30,5656,1242,6898,2026-08-31T02:56:52.819Z,FALSE,"",20:45,TRUE
fare_DEL-BOM_6E_2026-09-30_T+30_1788218444129_z19y,DEL-BOM,EaseMyTrip,6E,6E-277,2026-09-30,T+30,5656,1242,6898,2026-08-31T02:56:52.819Z,FALSE,"",20:45,TRUE
fare_DEL-BOM_6E_2026-09-30_T+30_1788218444129_r1xy,DEL-BOM,EaseMyTrip,6E,6E-851,2026-09-30,T+30,5656,1242,6898,2026-08-31T02:56:52.819Z,FALSE,"",08:00,TRUE
fare_DEL-BOM_6E_2026-09-30_T+30_1788218444129_z3x9,DEL-BOM,EaseMyTrip,6E,6E-413,2026-09-30,T+30,5656,1242,6898,2026-08-31T02:56:52.819Z,FALSE,"",08:00,TRUE
fare_DEL-BOM_6E_2026-09-30_T+30_1788218444129_4prr,DEL-BOM,EaseMyTrip,6E,6E-6814,2026-09-30,T+30,5656,1242,6898,2026-08-31T02:56:52.819Z,FALSE,"",07:15,TRUE
fare_DEL-BOM_AI_2026-09-30_T+30_1788218444129_dxwd,DEL-BOM,EaseMyTrip,AI,AI-2678,2026-09-30,T+30,5870,1289,7159,2026-08-31T02:56:52.819Z,FALSE,"",08:30,TRUE
fare_DEL-BOM_AI_2026-09-30_T+30_1788218444129_qkwh,DEL-BOM,EaseMyTrip,AI,AI-1745,2026-09-30,T+30,5870,1289,7159,2026-08-31T02:56:52.819Z,FALSE,"",05:00,TRUE
fare_DEL-BOM_AI_2026-09-30_T+30_1788218444129_zduf,DEL-BOM,EaseMyTrip,AI,AI-2975,2026-09-30,T+30,5870,1289,7159,2026-08-31T02:56:52.819Z,FALSE,"",06:30,TRUE
fare_DEL-BOM_AI_2026-09-30_T+30_1788218444129_i7ai,DEL-BOM,EaseMyTrip,AI,AI-2933,2026-09-30,T+30,5870,1289,7159,2026-08-31T02:56:52.819Z,FALSE,"",15:30,TRUE
fare_DEL-BOM_AI_2026-09-30_T+30_1788218444129_1g0b,DEL-BOM,EaseMyTrip,AI,AI-2439,2026-09-30,T+30,5870,1289,7159,2026-08-31T02:56:52.819Z,FALSE,"",23:00,TRUE
fare_DEL-BOM_6E_2026-09-30_T+30_1788218444129_hana,DEL-BOM,EaseMyTrip,6E,6E-6261,2026-09-30,T+30,5710,1254,6964,2026-08-31T02:56:52.819Z,FALSE,"",00:15,FALSE
fare_DEL-BOM_6E_2026-09-30_T+30_1788218444129_16sa,DEL-BOM,EaseMyTrip,6E,6E-328,2026-09-30,T+30,5871,1289,7160,2026-08-31T02:56:52.819Z,FALSE,"",23:30,TRUE
fare_DEL-BOM_6E_2026-09-30_T+30_1788218444129_8kij,DEL-BOM,EaseMyTrip,6E,6E-476,2026-09-30,T+30,5871,1289,7160,2026-08-31T02:56:52.819Z,FALSE,"",23:30,TRUE
fare_DEL-BOM_AI_2026-09-30_T+30_1788218444129_1szn,DEL-BOM,EaseMyTrip,AI,AI-2981,2026-09-30,T+30,6043,1326,7369,2026-08-31T02:56:52.819Z,FALSE,"",21:00,TRUE
fare_DEL-BOM_AI_2026-09-30_T+30_1788218444129_0vuz,DEL-BOM,EaseMyTrip,AI,AI-2943,2026-09-30,T+30,6043,1326,7369,2026-08-31T02:56:52.819Z,FALSE,"",07:30,TRUE
fare_DEL-BOM_AI_2026-09-30_T+30_1788218444129_t3cm,DEL-BOM,EaseMyTrip,AI,AI-2985,2026-09-30,T+30,6043,1326,7369,2026-08-31T02:56:52.819Z,FALSE,"",19:30,TRUE
fare_DEL-BOM_AI_2026-09-30_T+30_1788218444129_okbq,DEL-BOM,EaseMyTrip,AI,AI-2433,2026-09-30,T+30,6043,1326,7369,2026-08-31T02:56:52.819Z,FALSE,"",21:30,TRUE
fare_DEL-BOM_AI_2026-09-30_T+30_1788218444129_nx2n,DEL-BOM,EaseMyTrip,AI,AI-2957,2026-09-30,T+30,6043,1326,7369,2026-08-31T02:56:52.819Z,FALSE,"",20:30,TRUE
fare_DEL-BOM_6E_2026-09-30_T+30_1788218444129_0b6q,DEL-BOM,EaseMyTrip,6E,6E-6190,2026-09-30,T+30,5920,1299,7219,2026-08-31T02:56:52.819Z,FALSE,"",07:40,FALSE
fare_DEL-BOM_6E_2026-09-30_T+30_1788218444129_zf7f,DEL-BOM,EaseMyTrip,6E,6E-5014,2026-09-30,T+30,5963,1309,7272,2026-08-31T02:56:52.819Z,FALSE,"",18:30,FALSE
fare_DEL-BOM_6E_2026-09-30_T+30_1788218444129_zruv,DEL-BOM,EaseMyTrip,6E,6E-2037,2026-09-30,T+30,5963,1309,7272,2026-08-31T02:56:52.819Z,FALSE,"",11:10,FALSE
fare_DEL-BOM_6E_2026-09-30_T+30_1788218444129_504n,DEL-BOM,EaseMyTrip,6E,6E-5073,2026-09-30,T+30,5963,1309,7272,2026-08-31T02:56:52.819Z,FALSE,"",17:05,FALSE
fare_DEL-BOM_6E_2026-09-30_T+30_1788218444129_swr2,DEL-BOM,EaseMyTrip,6E,6E-947,2026-09-30,T+30,5963,1309,7272,2026-08-31T02:56:52.819Z,FALSE,"",19:35,FALSE
fare_DEL-BOM_6E_2026-09-30_T+30_1788218444129_piia,DEL-BOM,EaseMyTrip,6E,6E-2076,2026-09-30,T+30,5963,1309,7272,2026-08-31T02:56:52.819Z,FALSE,"",07:30,FALSE
fare_DEL-BOM_6E_2026-09-30_T+30_1788218444129_yenu,DEL-BOM,EaseMyTrip,6E,6E-5119,2026-09-30,T+30,5963,1309,7272,2026-08-31T02:56:52.819Z,FALSE,"",05:10,FALSE
fare_DEL-BOM_6E_2026-09-30_T+30_1788218444129_6rmw,DEL-BOM,EaseMyTrip,6E,6E-6171,2026-09-30,T+30,5963,1309,7272,2026-08-31T02:56:52.819Z,FALSE,"",05:40,FALSE
fare_DEL-BOM_6E_2026-09-30_T+30_1788218444129_i7c7,DEL-BOM,EaseMyTrip,6E,6E-6983,2026-09-30,T+30,5963,1309,7272,2026-08-31T02:56:52.819Z,FALSE,"",15:35,FALSE
fare_DEL-BOM_6E_2026-09-30_T+30_1788218444129_ksn5,DEL-BOM,EaseMyTrip,6E,6E-2013,2026-09-30,T+30,5963,1309,7272,2026-08-31T02:56:52.819Z,FALSE,"",21:50,FALSE
fare_DEL-BOM_6E_2026-09-30_T+30_1788218444129_0uii,DEL-BOM,EaseMyTrip,6E,6E-2341,2026-09-30,T+30,5963,1309,7272,2026-08-31T02:56:52.819Z,FALSE,"",14:50,FALSE
fare_DEL-BOM_6E_2026-09-30_T+30_1788218444129_lr26,DEL-BOM,EaseMyTrip,6E,6E-6490,2026-09-30,T+30,6027,1323,7350,2026-08-31T02:56:52.819Z,FALSE,"",04:55,FALSE
fare_DEL-BOM_6E_2026-09-30_T+30_1788218444129_mzcf,DEL-BOM,EaseMyTrip,6E,6E-2249,2026-09-30,T+30,6070,1333,7403,2026-08-31T02:56:52.819Z,FALSE,"",15:00,FALSE
fare_DEL-BOM_6E_2026-09-30_T+30_1788218444129_0j86,DEL-BOM,EaseMyTrip,6E,6E-2169,2026-09-30,T+30,6070,1333,7403,2026-08-31T02:56:52.819Z,FALSE,"",19:40,FALSE
fare_DEL-BOM_6E_2026-09-30_T+30_1788218444129_yits,DEL-BOM,EaseMyTrip,6E,6E-6829,2026-09-30,T+30,6070,1333,7403,2026-08-31T02:56:52.819Z,FALSE,"",17:20,FALSE
fare_DEL-BOM_6E_2026-09-30_T+30_1788218444129_0zrs,DEL-BOM,EaseMyTrip,6E,6E-6443,2026-09-30,T+30,6070,1333,7403,2026-08-31T02:56:52.819Z,FALSE,"",09:00,FALSE
fare_DEL-BOM_6E_2026-09-30_T+30_1788218444129_9lan,DEL-BOM,EaseMyTrip,6E,6E-6433,2026-09-30,T+30,6070,1333,7403,2026-08-31T02:56:52.819Z,FALSE,"",16:30,FALSE
fare_DEL-BOM_6E_2026-09-30_T+30_1788218444129_drt8,DEL-BOM,EaseMyTrip,6E,6E-5138,2026-09-30,T+30,6070,1333,7403,2026-08-31T02:56:52.819Z,FALSE,"",19:10,FALSE
fare_DEL-BOM_6E_2026-09-30_T+30_1788218444129_4i49,DEL-BOM,EaseMyTrip,6E,6E-2345,2026-09-30,T+30,6070,1333,7403,2026-08-31T02:56:52.819Z,FALSE,"",05:55,FALSE
fare_DEL-BOM_6E_2026-09-30_T+30_1788218444129_tsmo,DEL-BOM,EaseMyTrip,6E,6E-6488,2026-09-30,T+30,6070,1333,7403,2026-08-31T02:56:52.819Z,FALSE,"",11:20,FALSE
fare_DEL-BOM_AI_2026-09-30_T+30_1788218444129_s7xs,DEL-BOM,EaseMyTrip,AI,AI-2805,2026-09-30,T+30,6243,1371,7614,2026-08-31T02:56:52.819Z,FALSE,"",20:00,TRUE
fare_DEL-BOM_AI_2026-09-30_T+30_1788218444129_qcan,DEL-BOM,EaseMyTrip,AI,AI-2429,2026-09-30,T+30,6257,1373,7630,2026-08-31T02:56:52.819Z,FALSE,"",07:00,TRUE
fare_DEL-BOM_6E_2026-09-30_T+30_1788218444129_iywx,DEL-BOM,EaseMyTrip,6E,6E-6479,2026-09-30,T+30,6135,1347,7482,2026-08-31T02:56:52.819Z,FALSE,"",21:25,FALSE
fare_DEL-BOM_6E_2026-09-30_T+30_1788218444129_7kfo,DEL-BOM,EaseMyTrip,6E,6E-5206,2026-09-30,T+30,6135,1347,7482,2026-08-31T02:56:52.819Z,FALSE,"",13:20,FALSE
fare_DEL-BOM_6E_2026-09-30_T+30_1788218444129_dxg8,DEL-BOM,EaseMyTrip,6E,6E-6050,2026-09-30,T+30,6135,1347,7482,2026-08-31T02:56:52.819Z,FALSE,"",08:15,FALSE
fare_DEL-BOM_AI_2026-09-30_T+30_1788218444129_ekon,DEL-BOM,EaseMyTrip,AI,AI-2977,2026-09-30,T+30,6395,1404,7799,2026-08-31T02:56:52.819Z,FALSE,"",19:00,TRUE
fare_DEL-BOM_AI_2026-09-30_T+30_1788218444129_iwpi,DEL-BOM,EaseMyTrip,AI,AI-2955,2026-09-30,T+30,6395,1404,7799,2026-08-31T02:56:52.819Z,FALSE,"",18:00,TRUE
fare_DEL-BOM_6E_2026-09-30_T+30_1788218444129_hi7p,DEL-BOM,EaseMyTrip,6E,6E-6601,2026-09-30,T+30,6243,1370,7613,2026-08-31T02:56:52.819Z,FALSE,"",19:45,FALSE
fare_DEL-BOM_6E_2026-09-30_T+30_1788218444129_bu8r,DEL-BOM,EaseMyTrip,6E,6E-6282,2026-09-30,T+30,6243,1370,7613,2026-08-31T02:56:52.819Z,FALSE,"",13:30,FALSE
fare_DEL-BOM_6E_2026-09-30_T+30_1788218444129_736p,DEL-BOM,EaseMyTrip,6E,6E-759,2026-09-30,T+30,6243,1370,7613,2026-08-31T02:56:52.819Z,FALSE,"",23:15,FALSE
fare_DEL-BOM_6E_2026-09-30_T+30_1788218444129_5gfv,DEL-BOM,EaseMyTrip,6E,6E-813,2026-09-30,T+30,6243,1370,7613,2026-08-31T02:56:52.819Z,FALSE,"",23:15,FALSE
fare_DEL-BOM_6E_2026-09-30_T+30_1788218444129_iqtf,DEL-BOM,EaseMyTrip,6E,6E-7646,2026-09-30,T+30,6269,1376,7645,2026-08-31T02:56:52.819Z,FALSE,"",06:15,FALSE
fare_DEL-BOM_IX_2026-09-30_T+30_1788218444129_arp7,DEL-BOM,EaseMyTrip,IX,IX-1051,2026-09-30,T+30,6831,1499,8330,2026-08-31T02:56:52.819Z,FALSE,"",19:05,FALSE
fare_DEL-BOM_6E_2026-09-30_T+30_1788218444129_kspz,DEL-BOM,EaseMyTrip,6E,6E-148,2026-09-30,T+30,6307,1385,7692,2026-08-31T02:56:52.819Z,FALSE,"",12:15,FALSE
fare_DEL-BOM_6E_2026-09-30_T+30_1788218444129_yoln,DEL-BOM,EaseMyTrip,6E,6E-770,2026-09-30,T+30,6307,1385,7692,2026-08-31T02:56:52.819Z,FALSE,"",12:15,FALSE
fare_DEL-BOM_6E_2026-09-30_T+30_1788218444129_lv7p,DEL-BOM,EaseMyTrip,6E,6E-7642,2026-09-30,T+30,6312,1386,7698,2026-08-31T02:56:52.819Z,FALSE,"",15:45,FALSE
fare_DEL-BOM_AI_2026-09-30_T+30_1788218444129_k3ln,DEL-BOM,EaseMyTrip,AI,AI-2951,2026-09-30,T+30,6836,1500,8336,2026-08-31T02:56:52.819Z,FALSE,"",13:30,TRUE
fare_DEL-BOM_6E_2026-09-30_T+30_1788218444129_4s4n,DEL-BOM,EaseMyTrip,6E,6E-6497,2026-09-30,T+30,6725,1476,8201,2026-08-31T02:56:52.819Z,FALSE,"",18:40,FALSE
fare_DEL-BOM_6E_2026-09-30_T+30_1788218444129_tg39,DEL-BOM,EaseMyTrip,6E,6E-2381,2026-09-30,T+30,7256,1593,8849,2026-08-31T02:56:52.819Z,FALSE,"",13:45,FALSE
fare_DEL-BOM_IX_2026-09-30_T+30_1788218444129_bn2d,DEL-BOM,EaseMyTrip,IX,IX-1003,2026-09-30,T+30,8142,1787,9929,2026-08-31T02:56:52.819Z,FALSE,"",19:10,FALSE
fare_DEL-BOM_6E_2026-09-30_T+30_1788218444129_ml2f,DEL-BOM,EaseMyTrip,6E,6E-5298,2026-09-30,T+30,7731,1697,9428,2026-08-31T02:56:52.819Z,FALSE,"",09:00,FALSE
fare_DEL-BOM_IX_2026-09-30_T+30_1788218444129_t88u,DEL-BOM,EaseMyTrip,IX,IX-1059,2026-09-30,T+30,8963,1967,10930,2026-08-31T02:56:52.819Z,FALSE,"",12:15,FALSE
fare_DEL-BOM_IX_2026-09-30_T+30_1788218444129_nxgj,DEL-BOM,EaseMyTrip,IX,IX-1783,2026-09-30,T+30,8963,1967,10930,2026-08-31T02:56:52.819Z,FALSE,"",07:20,FALSE
fare_DEL-BOM_AI_2026-09-30_T+30_1788218444129_lstw,DEL-BOM,EaseMyTrip,AI,AI-1780,2026-09-30,T+30,8518,1870,10388,2026-08-31T02:56:52.819Z,FALSE,"",16:10,TRUE
fare_DEL-BOM_6E_2026-09-30_T+30_1788218444129_upku,DEL-BOM,EaseMyTrip,6E,6E-5038,2026-09-30,T+30,8373,1838,10211,2026-08-31T02:56:52.819Z,FALSE,"",14:00,FALSE
fare_DEL-BOM_AI_2026-09-30_T+30_1788218444129_v9bd,DEL-BOM,EaseMyTrip,AI,AI-2569,2026-09-30,T+30,8777,1927,10704,2026-08-31T02:56:52.819Z,FALSE,"",20:25,FALSE
fare_DEL-BOM_AI_2026-09-30_T+30_1788218444129_4505,DEL-BOM,EaseMyTrip,AI,AI-1710,2026-09-30,T+30,8777,1927,10704,2026-08-31T02:56:52.819Z,FALSE,"",18:35,FALSE
fare_DEL-BOM_AI_2026-09-30_T+30_1788218444129_5nix,DEL-BOM,EaseMyTrip,AI,AI-1705,2026-09-30,T+30,8895,1952,10847,2026-08-31T02:56:52.819Z,FALSE,"",06:30,FALSE
fare_DEL-BOM_6E_2026-09-30_T+30_1788218444129_1v0h,DEL-BOM,EaseMyTrip,6E,6E-506,2026-09-30,T+30,9250,2030,11280,2026-08-31T02:56:52.819Z,FALSE,"",19:30,FALSE
fare_DEL-BOM_6E_2026-09-30_T+30_1788218444129_kh61,DEL-BOM,EaseMyTrip,6E,6E-730,2026-09-30,T+30,9250,2030,11280,2026-08-31T02:56:52.819Z,FALSE,"",19:30,FALSE
fare_DEL-BOM_AI_2026-09-30_T+30_1788218444129_rn6g,DEL-BOM,EaseMyTrip,AI,AI-1717,2026-09-30,T+30,9447,2074,11521,2026-08-31T02:56:52.819Z,FALSE,"",14:20,FALSE
fare_DEL-BOM_6E_2026-09-30_T+30_1788218444129_62j2,DEL-BOM,EaseMyTrip,6E,6E-6212,2026-09-30,T+30,9384,2060,11444,2026-08-31T02:56:52.819Z,FALSE,"",14:45,FALSE
fare_DEL-BOM_AI_2026-09-30_T+30_1788218444129_j3mj,DEL-BOM,EaseMyTrip,AI,AI-9759,2026-09-30,T+30,9551,2097,11648,2026-08-31T02:56:52.819Z,FALSE,"",05:45,FALSE
fare_DEL-BOM_AI_2026-09-30_T+30_1788218444129_bbqp,DEL-BOM,EaseMyTrip,AI,AI-2761,2026-09-30,T+30,10020,2199,12219,2026-08-31T02:56:52.819Z,FALSE,"",16:25,FALSE
fare_DEL-BOM_6E_2026-09-30_T+30_1788218444129_0ybz,DEL-BOM,EaseMyTrip,6E,6E-2571,2026-09-30,T+30,9896,2172,12068,2026-08-31T02:56:52.819Z,FALSE,"",12:30,FALSE
fare_DEL-BOM_6E_2026-09-30_T+30_1788218444129_vapu,DEL-BOM,EaseMyTrip,6E,6E-289,2026-09-30,T+30,10010,2197,12207,2026-08-31T02:56:52.819Z,FALSE,"",08:30,FALSE
fare_DEL-BOM_6E_2026-09-30_T+30_1788218444129_oa8e,DEL-BOM,EaseMyTrip,6E,6E-849,2026-09-30,T+30,10010,2197,12207,2026-08-31T02:56:52.819Z,FALSE,"",08:30,FALSE
fare_DEL-BOM_6E_2026-09-30_T+30_1788218444129_50zx,DEL-BOM,EaseMyTrip,6E,6E-6293,2026-09-30,T+30,10010,2197,12207,2026-08-31T02:56:52.819Z,FALSE,"",09:55,FALSE
fare_DEL-BOM_AI_2026-09-30_T+30_1788218444129_aeb0,DEL-BOM,EaseMyTrip,AI,AI-9447,2026-09-30,T+30,10456,2295,12751,2026-08-31T02:56:52.819Z,FALSE,"",23:25,FALSE
fare_DEL-BOM_SG_2026-09-30_T+30_1788218444129_x8i5,DEL-BOM,EaseMyTrip,SG,SG-114,2026-09-30,T+30,12051,2645,14696,2026-08-31T02:56:52.819Z,FALSE,"",21:00,TRUE
fare_DEL-BOM_SG_2026-09-30_T+30_1788218444129_rwa8,DEL-BOM,EaseMyTrip,SG,SG-968,2026-09-30,T+30,12051,2645,14696,2026-08-31T02:56:52.819Z,FALSE,"",21:00,TRUE
fare_DEL-BOM_SG_2026-09-30_T+30_1788218444129_q47k,DEL-BOM,EaseMyTrip,SG,SG-600,2026-09-30,T+30,12051,2645,14696,2026-08-31T02:56:52.819Z,FALSE,"",22:30,TRUE
fare_DEL-BOM_SG_2026-09-30_T+30_1788218444129_fgpn,DEL-BOM,EaseMyTrip,SG,SG-273,2026-09-30,T+30,12051,2645,14696,2026-08-31T02:56:52.819Z,FALSE,"",22:30,TRUE
fare_DEL-BOM_IX_2026-09-30_T+30_1788218444129_xdzi,DEL-BOM,EaseMyTrip,IX,IX-5975,2026-09-30,T+30,10838,2379,13217,2026-08-31T02:56:52.819Z,FALSE,"",21:00,FALSE
fare_DEL-BOM_IX_2026-09-30_T+30_1788218444129_knnx,DEL-BOM,EaseMyTrip,IX,IX-1070,2026-09-30,T+30,10838,2379,13217,2026-08-31T02:56:52.819Z,FALSE,"",18:20,FALSE
fare_DEL-BOM_AI_2026-09-30_T+30_1788218444129_3pzk,DEL-BOM,EaseMyTrip,AI,AI-1719,2026-09-30,T+30,10758,2362,13120,2026-08-31T02:56:52.819Z,FALSE,"",11:55,FALSE
fare_DEL-BOM_AI_2026-09-30_T+30_1788218444129_aphs,DEL-BOM,EaseMyTrip,AI,AI-2545,2026-09-30,T+30,11186,2455,13641,2026-08-31T02:56:52.819Z,FALSE,"",20:30,FALSE
fare_DEL-BOM_AI_2026-09-30_T+30_1788218444129_7g5n,DEL-BOM,EaseMyTrip,AI,AI-809,2026-09-30,T+30,11273,2475,13748,2026-08-31T02:56:52.819Z,FALSE,"",17:40,FALSE
fare_DEL-BOM_AI_2026-09-30_T+30_1788218444129_kbe0,DEL-BOM,EaseMyTrip,AI,AI-2909,2026-09-30,T+30,11273,2475,13748,2026-08-31T02:56:52.819Z,FALSE,"",22:30,FALSE
fare_DEL-BOM_AI_2026-09-30_T+30_1788218444129_8tor,DEL-BOM,EaseMyTrip,AI,AI-531,2026-09-30,T+30,11273,2475,13748,2026-08-31T02:56:52.819Z,FALSE,"",19:20,FALSE
fare_DEL-BOM_AI_2026-09-30_T+30_1788218444129_z10i,DEL-BOM,EaseMyTrip,AI,AI-2509,2026-09-30,T+30,11556,2537,14093,2026-08-31T02:56:52.819Z,FALSE,"",06:55,FALSE
fare_DEL-BOM_IX_2026-09-30_T+30_1788218444129_uon1,DEL-BOM,EaseMyTrip,IX,IX-1049,2026-09-30,T+30,12242,2687,14929,2026-08-31T02:56:52.819Z,FALSE,"",18:40,FALSE
fare_DEL-BOM_AI_2026-09-30_T+30_1788218444129_orpn,DEL-BOM,EaseMyTrip,AI,AI-9584,2026-09-30,T+30,12090,2654,14744,2026-08-31T02:56:52.819Z,FALSE,"",11:15,FALSE
fare_DEL-BOM_QP_2026-09-30_T+30_1788218444129_0x9n,DEL-BOM,EaseMyTrip,QP,QP-1803,2026-09-30,T+30,12444,2731,15175,2026-08-31T02:56:52.819Z,FALSE,"",17:05,FALSE
fare_DEL-BOM_AI_2026-09-30_T+30_1788218444129_k24q,DEL-BOM,EaseMyTrip,AI,AI-2499,2026-09-30,T+30,12830,2816,15646,2026-08-31T02:56:52.819Z,FALSE,"",05:55,FALSE
fare_DEL-BOM_AI_2026-09-30_T+30_1788218444129_0bdp,DEL-BOM,EaseMyTrip,AI,AI-1743,2026-09-30,T+30,13065,2868,15933,2026-08-31T02:56:52.819Z,FALSE,"",06:20,FALSE
fare_DEL-BOM_AI_2026-09-30_T+30_1788218444129_2o9t,DEL-BOM,EaseMyTrip,AI,AI-2601,2026-09-30,T+30,13065,2868,15933,2026-08-31T02:56:52.819Z,FALSE,"",17:00,FALSE
fare_DEL-BOM_AI_2026-09-30_T+30_1788218444129_azbq,DEL-BOM,EaseMyTrip,AI,AI-9674,2026-09-30,T+30,13407,2943,16350,2026-08-31T02:56:52.819Z,FALSE,"",16:40,FALSE
fare_DEL-BOM_AI_2026-09-30_T+30_1788218444129_wusz,DEL-BOM,EaseMyTrip,AI,AI-2907,2026-09-30,T+30,13927,3057,16984,2026-08-31T02:56:52.819Z,FALSE,"",12:00,FALSE
fare_DEL-BOM_AI_2026-09-30_T+30_1788218444129_hnz5,DEL-BOM,EaseMyTrip,AI,AI-1773,2026-09-30,T+30,14497,3182,17679,2026-08-31T02:56:52.819Z,FALSE,"",10:30,FALSE
fare_DEL-BOM_AI_2026-09-30_T+30_1788218444129_znwq,DEL-BOM,EaseMyTrip,AI,AI-2577,2026-09-30,T+30,14577,3200,17777,2026-08-31T02:56:52.819Z,FALSE,"",02:00,FALSE
fare_DEL-BOM_IX_2026-09-30_T+30_1788218444129_k1w0,DEL-BOM,EaseMyTrip,IX,IX-1108,2026-09-30,T+30,16298,3578,19876,2026-08-31T02:56:52.819Z,TRUE,"High outlier: ₹19876 > upper fence ₹18616 (Q3: ₹11585, IQR: ₹4687)",05:00,FALSE
fare_DEL-BOM_IX_2026-09-30_T+30_1788218444129_d2s5,DEL-BOM,EaseMyTrip,IX,IX-1082,2026-09-30,T+30,16634,3651,20285,2026-08-31T02:56:52.819Z,TRUE,"High outlier: ₹20285 > upper fence ₹18616 (Q3: ₹11585, IQR: ₹4687)",21:25,FALSE
fare_DEL-BOM_AI_2026-09-30_T+30_1788218444129_hxay,DEL-BOM,EaseMyTrip,AI,AI-427,2026-09-30,T+30,16370,3593,19963,2026-08-31T02:56:52.819Z,TRUE,"High outlier: ₹19963 > upper fence ₹18616 (Q3: ₹11585, IQR: ₹4687)",08:30,FALSE
fare_DEL-BOM_IX_2026-09-30_T+30_1788218444129_o0my,DEL-BOM,EaseMyTrip,IX,IX-1068,2026-09-30,T+30,17680,3881,21561,2026-08-31T02:56:52.819Z,TRUE,"High outlier: ₹21561 > upper fence ₹18616 (Q3: ₹11585, IQR: ₹4687)",11:55,FALSE
fare_DEL-BOM_IX_2026-09-30_T+30_1788218444129_auuv,DEL-BOM,EaseMyTrip,IX,IX-1817,2026-09-30,T+30,18273,4011,22284,2026-08-31T02:56:52.819Z,TRUE,"High outlier: ₹22284 > upper fence ₹18616 (Q3: ₹11585, IQR: ₹4687)",19:30,FALSE
fare_DEL-BOM_QP_2026-09-30_T+30_1788218444129_a7or,DEL-BOM,EaseMyTrip,QP,QP-1817,2026-09-30,T+30,17960,3943,21903,2026-08-31T02:56:52.819Z,TRUE,"High outlier: ₹21903 > upper fence ₹18616 (Q3: ₹11585, IQR: ₹4687)",10:30,FALSE
fare_DEL-BOM_6E_2026-09-30_T+30_1788218444129_h2zg,DEL-BOM,EaseMyTrip,6E,6E-2496,2026-09-30,T+30,18283,4013,22296,2026-08-31T02:56:52.819Z,TRUE,"High outlier: ₹22296 > upper fence ₹18616 (Q3: ₹11585, IQR: ₹4687)",12:40,FALSE
fare_DEL-BOM_QP_2026-09-30_T+30_1788218444129_5crc,DEL-BOM,EaseMyTrip,QP,QP-1813,2026-09-30,T+30,18875,4143,23018,2026-08-31T02:56:52.819Z,TRUE,"High outlier: ₹23018 > upper fence ₹18616 (Q3: ₹11585, IQR: ₹4687)",08:20,FALSE
fare_DEL-BOM_AI_2026-09-30_T+30_1788218444129_e4kb,DEL-BOM,EaseMyTrip,AI,AI-2465,2026-09-30,T+30,20634,4530,25164,2026-08-31T02:56:52.819Z,TRUE,"High outlier: ₹25164 > upper fence ₹18616 (Q3: ₹11585, IQR: ₹4687)",14:30,FALSE
fare_DEL-BOM_AI_2026-09-30_T+30_1788218444129_73qb,DEL-BOM,EaseMyTrip,AI,AI-1779,2026-09-30,T+30,21138,4640,25778,2026-08-31T02:56:52.819Z,TRUE,"High outlier: ₹25778 > upper fence ₹18616 (Q3: ₹11585, IQR: ₹4687)",13:50,FALSE
fare_DEL-BOM_AI_2026-09-30_T+30_1788218444129_up9x,DEL-BOM,EaseMyTrip,AI,AI-2525,2026-09-30,T+30,21537,4728,26265,2026-08-31T02:56:52.819Z,TRUE,"High outlier: ₹26265 > upper fence ₹18616 (Q3: ₹11585, IQR: ₹4687)",06:00,FALSE
fare_DEL-BOM_AI_2026-09-30_T+30_1788218444129_m10r,DEL-BOM,EaseMyTrip,AI,AI-1739,2026-09-30,T+30,21636,4749,26385,2026-08-31T02:56:52.819Z,TRUE,"High outlier: ₹26385 > upper fence ₹18616 (Q3: ₹11585, IQR: ₹4687)",11:30,FALSE
fare_DEL-BOM_AI_2026-09-30_T+30_1788218444129_s66m,DEL-BOM,EaseMyTrip,AI,AI-2627,2026-09-30,T+30,27957,6137,34094,2026-08-31T02:56:52.819Z,TRUE,"High outlier: ₹34094 > upper fence ₹18616 (Q3: ₹11585, IQR: ₹4687)",10:45,FALSE
fare_DEL-BOM_6E_2026-10-15_T+45_1788218444130_x8l4,DEL-BOM,EaseMyTrip,6E,6E-5119,2026-10-15,T+45,5067,1112,6179,2026-08-31T02:56:58.352Z,FALSE,"",05:10,FALSE
fare_DEL-BOM_6E_2026-10-15_T+45_1788218444130_ix0l,DEL-BOM,EaseMyTrip,6E,6E-6454,2026-10-15,T+45,5067,1112,6179,2026-08-31T02:56:58.352Z,FALSE,"",13:50,FALSE
fare_DEL-BOM_6E_2026-10-15_T+45_1788218444130_rpt6,DEL-BOM,EaseMyTrip,6E,6E-6171,2026-10-15,T+45,5067,1112,6179,2026-08-31T02:56:58.352Z,FALSE,"",05:40,FALSE
fare_DEL-BOM_6E_2026-10-15_T+45_1788218444130_8itk,DEL-BOM,EaseMyTrip,6E,6E-6190,2026-10-15,T+45,5067,1112,6179,2026-08-31T02:56:58.352Z,FALSE,"",07:40,FALSE
fare_DEL-BOM_6E_2026-10-15_T+45_1788218444130_tw4w,DEL-BOM,EaseMyTrip,6E,6E-6983,2026-10-15,T+45,5067,1112,6179,2026-08-31T02:56:58.352Z,FALSE,"",15:35,FALSE
fare_DEL-BOM_6E_2026-10-15_T+45_1788218444130_nz4c,DEL-BOM,EaseMyTrip,6E,6E-2013,2026-10-15,T+45,5067,1112,6179,2026-08-31T02:56:58.352Z,FALSE,"",21:50,FALSE
fare_DEL-BOM_6E_2026-10-15_T+45_1788218444130_y4s7,DEL-BOM,EaseMyTrip,6E,6E-2341,2026-10-15,T+45,5067,1112,6179,2026-08-31T02:56:58.352Z,FALSE,"",14:50,FALSE
fare_DEL-BOM_6E_2026-10-15_T+45_1788218444130_y5uc,DEL-BOM,EaseMyTrip,6E,6E-2331,2026-10-15,T+45,5067,1112,6179,2026-08-31T02:56:58.352Z,FALSE,"",12:20,FALSE
fare_DEL-BOM_6E_2026-10-15_T+45_1788218444130_xkvg,DEL-BOM,EaseMyTrip,6E,6E-6261,2026-10-15,T+45,5067,1112,6179,2026-08-31T02:56:58.352Z,FALSE,"",00:15,FALSE
fare_DEL-BOM_6E_2026-10-15_T+45_1788218444130_rnon,DEL-BOM,EaseMyTrip,6E,6E-199,2026-10-15,T+45,5067,1112,6179,2026-08-31T02:56:58.352Z,FALSE,"",10:00,FALSE
fare_DEL-BOM_6E_2026-10-15_T+45_1788218444130_o7pz,DEL-BOM,EaseMyTrip,6E,6E-586,2026-10-15,T+45,5067,1112,6179,2026-08-31T02:56:58.352Z,FALSE,"",10:00,FALSE
fare_DEL-BOM_IX_2026-10-15_T+45_1788218444130_6tn0,DEL-BOM,EaseMyTrip,IX,IX-1038,2026-10-15,T+45,5354,1175,6529,2026-08-31T02:56:58.352Z,FALSE,"",17:35,TRUE
fare_DEL-BOM_6E_2026-10-15_T+45_1788218444130_xkr0,DEL-BOM,EaseMyTrip,6E,6E-2249,2026-10-15,T+45,5174,1136,6310,2026-08-31T02:56:58.352Z,FALSE,"",15:00,FALSE
fare_DEL-BOM_6E_2026-10-15_T+45_1788218444130_xr8z,DEL-BOM,EaseMyTrip,6E,6E-6490,2026-10-15,T+45,5174,1136,6310,2026-08-31T02:56:58.352Z,FALSE,"",04:55,FALSE
fare_DEL-BOM_6E_2026-10-15_T+45_1788218444130_87x7,DEL-BOM,EaseMyTrip,6E,6E-882,2026-10-15,T+45,5239,1150,6389,2026-08-31T02:56:58.352Z,FALSE,"",16:30,FALSE
fare_DEL-BOM_6E_2026-10-15_T+45_1788218444130_dw6d,DEL-BOM,EaseMyTrip,6E,6E-885,2026-10-15,T+45,5239,1150,6389,2026-08-31T02:56:58.352Z,FALSE,"",16:30,FALSE
fare_DEL-BOM_6E_2026-10-15_T+45_1788218444130_wbvi,DEL-BOM,EaseMyTrip,6E,6E-6479,2026-10-15,T+45,5239,1150,6389,2026-08-31T02:56:58.352Z,FALSE,"",21:25,FALSE
fare_DEL-BOM_6E_2026-10-15_T+45_1788218444130_8hxi,DEL-BOM,EaseMyTrip,6E,6E-2113,2026-10-15,T+45,5239,1150,6389,2026-08-31T02:56:58.352Z,FALSE,"",13:20,FALSE
fare_DEL-BOM_6E_2026-10-15_T+45_1788218444130_0yhj,DEL-BOM,EaseMyTrip,6E,6E-5096,2026-10-15,T+45,5282,1160,6442,2026-08-31T02:56:58.352Z,FALSE,"",17:00,TRUE
fare_DEL-BOM_QP_2026-10-15_T+45_1788218444130_irg6,DEL-BOM,EaseMyTrip,QP,QP-2012,2026-10-15,T+45,5330,1170,6500,2026-08-31T02:56:58.352Z,FALSE,"",08:55,TRUE
fare_DEL-BOM_6E_2026-10-15_T+45_1788218444130_dli9,DEL-BOM,EaseMyTrip,6E,6E-6470,2026-10-15,T+45,5354,1175,6529,2026-08-31T02:56:58.352Z,FALSE,"",06:50,TRUE
fare_DEL-BOM_6E_2026-10-15_T+45_1788218444130_0yv0,DEL-BOM,EaseMyTrip,6E,6E-739,2026-10-15,T+45,5354,1175,6529,2026-08-31T02:56:58.352Z,FALSE,"",20:20,TRUE
fare_DEL-BOM_6E_2026-10-15_T+45_1788218444130_qluf,DEL-BOM,EaseMyTrip,6E,6E-646,2026-10-15,T+45,5354,1175,6529,2026-08-31T02:56:58.352Z,FALSE,"",20:20,TRUE
fare_DEL-BOM_QP_2026-10-15_T+45_1788218444130_p3uf,DEL-BOM,EaseMyTrip,QP,QP-1833,2026-10-15,T+45,5355,1175,6530,2026-08-31T02:56:58.352Z,FALSE,"",06:50,TRUE
fare_DEL-BOM_QP_2026-10-15_T+45_1788218444130_03f2,DEL-BOM,EaseMyTrip,QP,QP-1110,2026-10-15,T+45,5355,1175,6530,2026-08-31T02:56:58.352Z,FALSE,"",10:00,TRUE
fare_DEL-BOM_QP_2026-10-15_T+45_1788218444130_w58k,DEL-BOM,EaseMyTrip,QP,QP-1128,2026-10-15,T+45,5355,1175,6530,2026-08-31T02:56:58.352Z,FALSE,"",16:00,TRUE
fare_DEL-BOM_QP_2026-10-15_T+45_1788218444130_abx7,DEL-BOM,EaseMyTrip,QP,QP-1820,2026-10-15,T+45,5355,1175,6530,2026-08-31T02:56:58.352Z,FALSE,"",17:30,TRUE
fare_DEL-BOM_QP_2026-10-15_T+45_1788218444130_w2yk,DEL-BOM,EaseMyTrip,QP,QP-1119,2026-10-15,T+45,5355,1175,6530,2026-08-31T02:56:58.352Z,FALSE,"",08:40,TRUE
fare_DEL-BOM_6E_2026-10-15_T+45_1788218444130_t6kt,DEL-BOM,EaseMyTrip,6E,6E-756,2026-10-15,T+45,5355,1175,6530,2026-08-31T02:56:58.352Z,FALSE,"",23:30,TRUE
fare_DEL-BOM_6E_2026-10-15_T+45_1788218444130_rahr,DEL-BOM,EaseMyTrip,6E,6E-917,2026-10-15,T+45,5355,1175,6530,2026-08-31T02:56:58.352Z,FALSE,"",23:30,TRUE
fare_DEL-BOM_6E_2026-10-15_T+45_1788218444130_swsb,DEL-BOM,EaseMyTrip,6E,6E-6706,2026-10-15,T+45,5355,1175,6530,2026-08-31T02:56:58.352Z,FALSE,"",17:00,TRUE
fare_DEL-BOM_6E_2026-10-15_T+45_1788218444130_hook,DEL-BOM,EaseMyTrip,6E,6E-176,2026-10-15,T+45,5355,1175,6530,2026-08-31T02:56:58.352Z,FALSE,"",16:15,TRUE
fare_DEL-BOM_6E_2026-10-15_T+45_1788218444130_vnfz,DEL-BOM,EaseMyTrip,6E,6E-380,2026-10-15,T+45,5355,1175,6530,2026-08-31T02:56:58.352Z,FALSE,"",16:15,TRUE
fare_DEL-BOM_6E_2026-10-15_T+45_1788218444130_xn0c,DEL-BOM,EaseMyTrip,6E,6E-286,2026-10-15,T+45,5355,1175,6530,2026-08-31T02:56:58.352Z,FALSE,"",15:30,TRUE
fare_DEL-BOM_6E_2026-10-15_T+45_1788218444130_hs8w,DEL-BOM,EaseMyTrip,6E,6E-548,2026-10-15,T+45,5355,1175,6530,2026-08-31T02:56:58.352Z,FALSE,"",15:30,TRUE
fare_DEL-BOM_6E_2026-10-15_T+45_1788218444130_8ucf,DEL-BOM,EaseMyTrip,6E,6E-6328,2026-10-15,T+45,5355,1175,6530,2026-08-31T02:56:58.352Z,FALSE,"",10:15,TRUE
fare_DEL-BOM_6E_2026-10-15_T+45_1788218444130_doq8,DEL-BOM,EaseMyTrip,6E,6E-260,2026-10-15,T+45,5355,1175,6530,2026-08-31T02:56:58.352Z,FALSE,"",08:45,TRUE
fare_DEL-BOM_6E_2026-10-15_T+45_1788218444130_fw7l,DEL-BOM,EaseMyTrip,6E,6E-579,2026-10-15,T+45,5355,1175,6530,2026-08-31T02:56:58.352Z,FALSE,"",08:45,TRUE
fare_DEL-BOM_IX_2026-10-15_T+45_1788218444130_yim5,DEL-BOM,EaseMyTrip,IX,IX-1056,2026-10-15,T+45,5656,1242,6898,2026-08-31T02:56:58.352Z,FALSE,"",17:50,TRUE
fare_DEL-BOM_IX_2026-10-15_T+45_1788218444130_ac1h,DEL-BOM,EaseMyTrip,IX,IX-1235,2026-10-15,T+45,5656,1242,6898,2026-08-31T02:56:58.352Z,FALSE,"",23:25,TRUE
fare_DEL-BOM_6E_2026-10-15_T+45_1788218444130_ms65,DEL-BOM,EaseMyTrip,6E,6E-7646,2026-10-15,T+45,5416,1189,6605,2026-08-31T02:56:58.352Z,FALSE,"",06:15,FALSE
fare_DEL-BOM_6E_2026-10-15_T+45_1788218444130_ey75,DEL-BOM,EaseMyTrip,6E,6E-5198,2026-10-15,T+45,5427,1191,6618,2026-08-31T02:56:58.352Z,FALSE,"",15:00,TRUE
fare_DEL-BOM_6E_2026-10-15_T+45_1788218444130_63c4,DEL-BOM,EaseMyTrip,6E,6E-5014,2026-10-15,T+45,5460,1199,6659,2026-08-31T02:56:58.352Z,FALSE,"",18:30,FALSE
fare_DEL-BOM_6E_2026-10-15_T+45_1788218444130_1j9j,DEL-BOM,EaseMyTrip,6E,6E-5073,2026-10-15,T+45,5460,1199,6659,2026-08-31T02:56:58.352Z,FALSE,"",17:05,FALSE
fare_DEL-BOM_6E_2026-10-15_T+45_1788218444130_4zkx,DEL-BOM,EaseMyTrip,6E,6E-2076,2026-10-15,T+45,5460,1199,6659,2026-08-31T02:56:58.352Z,FALSE,"",07:30,FALSE
fare_DEL-BOM_6E_2026-10-15_T+45_1788218444130_vizp,DEL-BOM,EaseMyTrip,6E,6E-698,2026-10-15,T+45,5460,1199,6659,2026-08-31T02:56:58.352Z,FALSE,"",19:30,FALSE
fare_DEL-BOM_6E_2026-10-15_T+45_1788218444130_x0so,DEL-BOM,EaseMyTrip,6E,6E-989,2026-10-15,T+45,5460,1199,6659,2026-08-31T02:56:58.352Z,FALSE,"",19:30,FALSE
fare_DEL-BOM_6E_2026-10-15_T+45_1788218444130_het4,DEL-BOM,EaseMyTrip,6E,6E-7653,2026-10-15,T+45,5524,1212,6736,2026-08-31T02:56:58.352Z,FALSE,"",17:20,FALSE
fare_DEL-BOM_6E_2026-10-15_T+45_1788218444130_vyf2,DEL-BOM,EaseMyTrip,6E,6E-2169,2026-10-15,T+45,5569,1222,6791,2026-08-31T02:56:58.352Z,FALSE,"",19:40,FALSE
fare_DEL-BOM_6E_2026-10-15_T+45_1788218444130_8y6y,DEL-BOM,EaseMyTrip,6E,6E-6829,2026-10-15,T+45,5569,1222,6791,2026-08-31T02:56:58.352Z,FALSE,"",17:20,FALSE
fare_DEL-BOM_6E_2026-10-15_T+45_1788218444130_pb6m,DEL-BOM,EaseMyTrip,6E,6E-6443,2026-10-15,T+45,5569,1222,6791,2026-08-31T02:56:58.352Z,FALSE,"",09:00,FALSE
fare_DEL-BOM_6E_2026-10-15_T+45_1788218444130_vb3e,DEL-BOM,EaseMyTrip,6E,6E-6433,2026-10-15,T+45,5569,1222,6791,2026-08-31T02:56:58.352Z,FALSE,"",16:30,FALSE
fare_DEL-BOM_6E_2026-10-15_T+45_1788218444130_6s6j,DEL-BOM,EaseMyTrip,6E,6E-5138,2026-10-15,T+45,5569,1222,6791,2026-08-31T02:56:58.352Z,FALSE,"",19:10,FALSE
fare_DEL-BOM_6E_2026-10-15_T+45_1788218444130_0lr4,DEL-BOM,EaseMyTrip,6E,6E-6459,2026-10-15,T+45,5569,1222,6791,2026-08-31T02:56:58.352Z,FALSE,"",05:55,FALSE
fare_DEL-BOM_AI_2026-10-15_T+45_1788218444130_mhoe,DEL-BOM,EaseMyTrip,AI,AI-2963,2026-10-15,T+45,5740,1260,7000,2026-08-31T02:56:58.352Z,FALSE,"",09:00,TRUE
fare_DEL-BOM_AI_2026-10-15_T+45_1788218444130_jrhk,DEL-BOM,EaseMyTrip,AI,AI-2425,2026-10-15,T+45,5740,1260,7000,2026-08-31T02:56:58.352Z,FALSE,"",10:30,TRUE
fare_DEL-BOM_AI_2026-10-15_T+45_1788218444130_rhnt,DEL-BOM,EaseMyTrip,AI,AI-2995,2026-10-15,T+45,5740,1260,7000,2026-08-31T02:56:58.352Z,FALSE,"",10:00,TRUE
fare_DEL-BOM_AI_2026-10-15_T+45_1788218444130_ojll,DEL-BOM,EaseMyTrip,AI,AI-2933,2026-10-15,T+45,5740,1260,7000,2026-08-31T02:56:58.352Z,FALSE,"",15:30,TRUE
fare_DEL-BOM_AI_2026-10-15_T+45_1788218444130_hxq7,DEL-BOM,EaseMyTrip,AI,AI-441,2026-10-15,T+45,5740,1260,7000,2026-08-31T02:56:58.352Z,FALSE,"",17:00,TRUE
fare_DEL-BOM_6E_2026-10-15_T+45_1788218444130_q9z1,DEL-BOM,EaseMyTrip,6E,6E-925,2026-10-15,T+45,5656,1242,6898,2026-08-31T02:56:58.352Z,FALSE,"",03:00,TRUE
fare_DEL-BOM_6E_2026-10-15_T+45_1788218444130_v4lu,DEL-BOM,EaseMyTrip,6E,6E-521,2026-10-15,T+45,5656,1242,6898,2026-08-31T02:56:58.352Z,FALSE,"",03:00,TRUE
fare_DEL-BOM_6E_2026-10-15_T+45_1788218444130_vzzj,DEL-BOM,EaseMyTrip,6E,6E-6114,2026-10-15,T+45,5656,1242,6898,2026-08-31T02:56:58.352Z,FALSE,"",22:45,TRUE
fare_DEL-BOM_6E_2026-10-15_T+45_1788218444130_mbx7,DEL-BOM,EaseMyTrip,6E,6E-414,2026-10-15,T+45,5656,1242,6898,2026-08-31T02:56:58.352Z,FALSE,"",21:45,TRUE
fare_DEL-BOM_6E_2026-10-15_T+45_1788218444130_blgc,DEL-BOM,EaseMyTrip,6E,6E-962,2026-10-15,T+45,5656,1242,6898,2026-08-31T02:56:58.352Z,FALSE,"",21:45,TRUE
fare_DEL-BOM_6E_2026-10-15_T+45_1788218444130_s7rc,DEL-BOM,EaseMyTrip,6E,6E-350,2026-10-15,T+45,5656,1242,6898,2026-08-31T02:56:58.352Z,FALSE,"",20:45,TRUE
fare_DEL-BOM_6E_2026-10-15_T+45_1788218444130_gx46,DEL-BOM,EaseMyTrip,6E,6E-728,2026-10-15,T+45,5656,1242,6898,2026-08-31T02:56:58.352Z,FALSE,"",20:45,TRUE
fare_DEL-BOM_6E_2026-10-15_T+45_1788218444130_iy4n,DEL-BOM,EaseMyTrip,6E,6E-223,2026-10-15,T+45,5656,1242,6898,2026-08-31T02:56:58.352Z,FALSE,"",20:00,TRUE
fare_DEL-BOM_6E_2026-10-15_T+45_1788218444130_us0m,DEL-BOM,EaseMyTrip,6E,6E-775,2026-10-15,T+45,5656,1242,6898,2026-08-31T02:56:58.352Z,FALSE,"",20:00,TRUE
fare_DEL-BOM_6E_2026-10-15_T+45_1788218444130_s8kt,DEL-BOM,EaseMyTrip,6E,6E-389,2026-10-15,T+45,5656,1242,6898,2026-08-31T02:56:58.352Z,FALSE,"",19:00,TRUE
fare_DEL-BOM_6E_2026-10-15_T+45_1788218444130_4132,DEL-BOM,EaseMyTrip,6E,6E-107,2026-10-15,T+45,5656,1242,6898,2026-08-31T02:56:58.352Z,FALSE,"",19:00,TRUE
fare_DEL-BOM_6E_2026-10-15_T+45_1788218444130_40w4,DEL-BOM,EaseMyTrip,6E,6E-473,2026-10-15,T+45,5656,1242,6898,2026-08-31T02:56:58.352Z,FALSE,"",18:00,TRUE
fare_DEL-BOM_6E_2026-10-15_T+45_1788218444130_n154,DEL-BOM,EaseMyTrip,6E,6E-112,2026-10-15,T+45,5656,1242,6898,2026-08-31T02:56:58.352Z,FALSE,"",18:00,TRUE
fare_DEL-BOM_6E_2026-10-15_T+45_1788218444130_mc4k,DEL-BOM,EaseMyTrip,6E,6E-6022,2026-10-15,T+45,5656,1242,6898,2026-08-31T02:56:58.352Z,FALSE,"",14:00,TRUE
fare_DEL-BOM_6E_2026-10-15_T+45_1788218444130_spxe,DEL-BOM,EaseMyTrip,6E,6E-6318,2026-10-15,T+45,5656,1242,6898,2026-08-31T02:56:58.352Z,FALSE,"",14:45,TRUE
fare_DEL-BOM_6E_2026-10-15_T+45_1788218444130_hgsf,DEL-BOM,EaseMyTrip,6E,6E-627,2026-10-15,T+45,5656,1242,6898,2026-08-31T02:56:58.352Z,FALSE,"",05:00,TRUE
fare_DEL-BOM_6E_2026-10-15_T+45_1788218444130_dh5f,DEL-BOM,EaseMyTrip,6E,6E-543,2026-10-15,T+45,5656,1242,6898,2026-08-31T02:56:58.352Z,FALSE,"",05:00,TRUE
fare_DEL-BOM_6E_2026-10-15_T+45_1788218444130_4gj1,DEL-BOM,EaseMyTrip,6E,6E-6218,2026-10-15,T+45,5656,1242,6898,2026-08-31T02:56:58.352Z,FALSE,"",06:05,TRUE
fare_DEL-BOM_6E_2026-10-15_T+45_1788218444130_fdh3,DEL-BOM,EaseMyTrip,6E,6E-6814,2026-10-15,T+45,5656,1242,6898,2026-08-31T02:56:58.352Z,FALSE,"",07:15,TRUE
fare_DEL-BOM_6E_2026-10-15_T+45_1788218444130_xx9a,DEL-BOM,EaseMyTrip,6E,6E-464,2026-10-15,T+45,5656,1242,6898,2026-08-31T02:56:58.352Z,FALSE,"",08:00,TRUE
fare_DEL-BOM_6E_2026-10-15_T+45_1788218444130_fcce,DEL-BOM,EaseMyTrip,6E,6E-663,2026-10-15,T+45,5656,1242,6898,2026-08-31T02:56:58.352Z,FALSE,"",08:00,TRUE
fare_DEL-BOM_6E_2026-10-15_T+45_1788218444130_0yyn,DEL-BOM,EaseMyTrip,6E,6E-6107,2026-10-15,T+45,5656,1242,6898,2026-08-31T02:56:58.352Z,FALSE,"",09:30,TRUE
fare_DEL-BOM_6E_2026-10-15_T+45_1788218444130_6vcq,DEL-BOM,EaseMyTrip,6E,6E-6047,2026-10-15,T+45,5656,1242,6898,2026-08-31T02:56:58.352Z,FALSE,"",11:00,TRUE
fare_DEL-BOM_6E_2026-10-15_T+45_1788218444130_cp4y,DEL-BOM,EaseMyTrip,6E,6E-6676,2026-10-15,T+45,5656,1242,6898,2026-08-31T02:56:58.352Z,FALSE,"",12:00,TRUE
fare_DEL-BOM_6E_2026-10-15_T+45_1788218444130_30z3,DEL-BOM,EaseMyTrip,6E,6E-607,2026-10-15,T+45,5656,1242,6898,2026-08-31T02:56:58.352Z,FALSE,"",13:00,TRUE
fare_DEL-BOM_6E_2026-10-15_T+45_1788218444130_wimd,DEL-BOM,EaseMyTrip,6E,6E-485,2026-10-15,T+45,5656,1242,6898,2026-08-31T02:56:58.352Z,FALSE,"",13:00,TRUE
fare_DEL-BOM_IX_2026-10-15_T+45_1788218444130_k66q,DEL-BOM,EaseMyTrip,IX,IX-1463,2026-10-15,T+45,5939,1304,7243,2026-08-31T02:56:58.352Z,FALSE,"",11:15,TRUE
fare_DEL-BOM_IX_2026-10-15_T+45_1788218444130_q8hr,DEL-BOM,EaseMyTrip,IX,IX-1024,2026-10-15,T+45,5939,1304,7243,2026-08-31T02:56:58.352Z,FALSE,"",18:40,TRUE
fare_DEL-BOM_AI_2026-10-15_T+45_1788218444130_erf0,DEL-BOM,EaseMyTrip,AI,AI-2678,2026-10-15,T+45,5835,1281,7116,2026-08-31T02:56:58.352Z,FALSE,"",08:30,TRUE
fare_DEL-BOM_AI_2026-10-15_T+45_1788218444130_os3o,DEL-BOM,EaseMyTrip,AI,AI-1777,2026-10-15,T+45,5882,1291,7173,2026-08-31T02:56:58.352Z,FALSE,"",16:00,TRUE
fare_DEL-BOM_QP_2026-10-15_T+45_1788218444130_fq56,DEL-BOM,EaseMyTrip,QP,QP-1826,2026-10-15,T+45,5756,1263,7019,2026-08-31T02:56:58.352Z,FALSE,"",19:55,TRUE
fare_DEL-BOM_6E_2026-10-15_T+45_1788218444130_kz6p,DEL-BOM,EaseMyTrip,6E,6E-7642,2026-10-15,T+45,5810,1275,7085,2026-08-31T02:56:58.352Z,FALSE,"",15:45,FALSE
fare_DEL-BOM_AI_2026-10-15_T+45_1788218444130_ubhm,DEL-BOM,EaseMyTrip,AI,AI-2439,2026-10-15,T+45,5977,1312,7289,2026-08-31T02:56:58.352Z,FALSE,"",23:00,TRUE
fare_DEL-BOM_AI_2026-10-15_T+45_1788218444130_zmp0,DEL-BOM,EaseMyTrip,AI,AI-2975,2026-10-15,T+45,6043,1326,7369,2026-08-31T02:56:58.352Z,FALSE,"",06:30,TRUE
fare_DEL-BOM_AI_2026-10-15_T+45_1788218444130_4jxd,DEL-BOM,EaseMyTrip,AI,AI-2951,2026-10-15,T+45,6043,1326,7369,2026-08-31T02:56:58.352Z,FALSE,"",13:30,TRUE
fare_DEL-BOM_AI_2026-10-15_T+45_1788218444130_7k5a,DEL-BOM,EaseMyTrip,AI,AI-2981,2026-10-15,T+45,6043,1326,7369,2026-08-31T02:56:58.352Z,FALSE,"",21:00,TRUE
fare_DEL-BOM_AI_2026-10-15_T+45_1788218444130_lqr7,DEL-BOM,EaseMyTrip,AI,AI-1745,2026-10-15,T+45,6043,1326,7369,2026-08-31T02:56:58.352Z,FALSE,"",05:00,TRUE
fare_DEL-BOM_AI_2026-10-15_T+45_1788218444130_rs8y,DEL-BOM,EaseMyTrip,AI,AI-2945,2026-10-15,T+45,6043,1326,7369,2026-08-31T02:56:58.352Z,FALSE,"",11:00,TRUE
fare_DEL-BOM_AI_2026-10-15_T+45_1788218444130_b17j,DEL-BOM,EaseMyTrip,AI,AI-1785,2026-10-15,T+45,6043,1326,7369,2026-08-31T02:56:58.352Z,FALSE,"",12:00,TRUE
fare_DEL-BOM_AI_2026-10-15_T+45_1788218444130_vzce,DEL-BOM,EaseMyTrip,AI,AI-2441,2026-10-15,T+45,6043,1326,7369,2026-08-31T02:56:58.352Z,FALSE,"",14:10,TRUE
fare_DEL-BOM_AI_2026-10-15_T+45_1788218444130_8jhb,DEL-BOM,EaseMyTrip,AI,AI-2999,2026-10-15,T+45,6043,1326,7369,2026-08-31T02:56:58.352Z,FALSE,"",22:00,TRUE
fare_DEL-BOM_AI_2026-10-15_T+45_1788218444130_tobf,DEL-BOM,EaseMyTrip,AI,AI-2927,2026-10-15,T+45,6043,1326,7369,2026-08-31T02:56:58.352Z,FALSE,"",09:30,TRUE
fare_DEL-BOM_AI_2026-10-15_T+45_1788218444130_rg4e,DEL-BOM,EaseMyTrip,AI,AI-1780,2026-10-15,T+45,6043,1326,7369,2026-08-31T02:56:58.352Z,FALSE,"",14:30,TRUE
fare_DEL-BOM_AI_2026-10-15_T+45_1788218444130_nqxc,DEL-BOM,EaseMyTrip,AI,AI-2957,2026-10-15,T+45,6143,1348,7491,2026-08-31T02:56:58.352Z,FALSE,"",20:30,TRUE
fare_DEL-BOM_AI_2026-10-15_T+45_1788218444130_5yoo,DEL-BOM,EaseMyTrip,AI,AI-2433,2026-10-15,T+45,6193,1360,7553,2026-08-31T02:56:58.352Z,FALSE,"",21:30,TRUE
fare_DEL-BOM_AI_2026-10-15_T+45_1788218444130_ip3h,DEL-BOM,EaseMyTrip,AI,AI-2943,2026-10-15,T+45,6193,1360,7553,2026-08-31T02:56:58.352Z,FALSE,"",07:30,TRUE
fare_DEL-BOM_AI_2026-10-15_T+45_1788218444130_3gio,DEL-BOM,EaseMyTrip,AI,AI-2985,2026-10-15,T+45,6193,1360,7553,2026-08-31T02:56:58.352Z,FALSE,"",19:30,TRUE
fare_DEL-BOM_6E_2026-10-15_T+45_1788218444130_scm2,DEL-BOM,EaseMyTrip,6E,6E-5038,2026-10-15,T+45,6066,1331,7397,2026-08-31T02:56:58.352Z,FALSE,"",14:00,FALSE
fare_DEL-BOM_6E_2026-10-15_T+45_1788218444130_uq0c,DEL-BOM,EaseMyTrip,6E,6E-6050,2026-10-15,T+45,6066,1331,7397,2026-08-31T02:56:58.352Z,FALSE,"",08:15,FALSE
fare_DEL-BOM_AI_2026-10-15_T+45_1788218444130_olld,DEL-BOM,EaseMyTrip,AI,AI-2805,2026-10-15,T+45,6294,1382,7676,2026-08-31T02:56:58.352Z,FALSE,"",20:00,TRUE
fare_DEL-BOM_AI_2026-10-15_T+45_1788218444130_vbdl,DEL-BOM,EaseMyTrip,AI,AI-2429,2026-10-15,T+45,6294,1382,7676,2026-08-31T02:56:58.352Z,FALSE,"",07:00,TRUE
fare_DEL-BOM_6E_2026-10-15_T+45_1788218444130_1sit,DEL-BOM,EaseMyTrip,6E,6E-6601,2026-10-15,T+45,6173,1355,7528,2026-08-31T02:56:58.352Z,FALSE,"",19:45,FALSE
fare_DEL-BOM_6E_2026-10-15_T+45_1788218444130_rm2v,DEL-BOM,EaseMyTrip,6E,6E-661,2026-10-15,T+45,6173,1355,7528,2026-08-31T02:56:58.352Z,FALSE,"",02:25,FALSE
fare_DEL-BOM_6E_2026-10-15_T+45_1788218444130_dqbx,DEL-BOM,EaseMyTrip,6E,6E-376,2026-10-15,T+45,6173,1355,7528,2026-08-31T02:56:58.352Z,FALSE,"",02:25,FALSE
fare_DEL-BOM_6E_2026-10-15_T+45_1788218444130_5vao,DEL-BOM,EaseMyTrip,6E,6E-2381,2026-10-15,T+45,6173,1355,7528,2026-08-31T02:56:58.352Z,FALSE,"",13:45,FALSE
fare_DEL-BOM_6E_2026-10-15_T+45_1788218444130_q1na,DEL-BOM,EaseMyTrip,6E,6E-450,2026-10-15,T+45,6173,1355,7528,2026-08-31T02:56:58.352Z,FALSE,"",23:15,FALSE
fare_DEL-BOM_6E_2026-10-15_T+45_1788218444130_uvhj,DEL-BOM,EaseMyTrip,6E,6E-875,2026-10-15,T+45,6173,1355,7528,2026-08-31T02:56:58.352Z,FALSE,"",23:15,FALSE
fare_DEL-BOM_AI_2026-10-15_T+45_1788218444130_tpyr,DEL-BOM,EaseMyTrip,AI,AI-2977,2026-10-15,T+45,6345,1393,7738,2026-08-31T02:56:58.352Z,FALSE,"",19:00,TRUE
fare_DEL-BOM_AI_2026-10-15_T+45_1788218444130_tq1i,DEL-BOM,EaseMyTrip,AI,AI-2955,2026-10-15,T+45,6446,1415,7861,2026-08-31T02:56:58.352Z,FALSE,"",18:00,TRUE
fare_DEL-BOM_6E_2026-10-15_T+45_1788218444130_xhja,DEL-BOM,EaseMyTrip,6E,6E-6212,2026-10-15,T+45,6649,1459,8108,2026-08-31T02:56:58.352Z,FALSE,"",14:45,FALSE
fare_DEL-BOM_6E_2026-10-15_T+45_1788218444130_72oc,DEL-BOM,EaseMyTrip,6E,6E-6026,2026-10-15,T+45,6649,1459,8108,2026-08-31T02:56:58.352Z,FALSE,"",05:30,FALSE
fare_DEL-BOM_6E_2026-10-15_T+45_1788218444130_8h64,DEL-BOM,EaseMyTrip,6E,6E-6282,2026-10-15,T+45,6649,1459,8108,2026-08-31T02:56:58.352Z,FALSE,"",13:30,FALSE
fare_DEL-BOM_SG_2026-10-15_T+45_1788218444130_9p79,DEL-BOM,EaseMyTrip,SG,SG-498,2026-10-15,T+45,6856,1505,8361,2026-08-31T02:56:58.352Z,FALSE,"",20:10,TRUE
fare_DEL-BOM_SG_2026-10-15_T+45_1788218444130_xza8,DEL-BOM,EaseMyTrip,SG,SG-945,2026-10-15,T+45,6856,1505,8361,2026-08-31T02:56:58.352Z,FALSE,"",20:10,TRUE
fare_DEL-BOM_SG_2026-10-15_T+45_1788218444130_5c9z,DEL-BOM,EaseMyTrip,SG,SG-936,2026-10-15,T+45,6856,1505,8361,2026-08-31T02:56:58.352Z,FALSE,"",22:30,TRUE
fare_DEL-BOM_SG_2026-10-15_T+45_1788218444130_stx4,DEL-BOM,EaseMyTrip,SG,SG-198,2026-10-15,T+45,6856,1505,8361,2026-08-31T02:56:58.352Z,FALSE,"",22:30,TRUE
fare_DEL-BOM_6E_2026-10-15_T+45_1788218444130_5p8n,DEL-BOM,EaseMyTrip,6E,6E-2571,2026-10-15,T+45,7238,1589,8827,2026-08-31T02:56:58.352Z,FALSE,"",12:30,FALSE
fare_DEL-BOM_6E_2026-10-15_T+45_1788218444130_yuj1,DEL-BOM,EaseMyTrip,6E,6E-2349,2026-10-15,T+45,7526,1652,9178,2026-08-31T02:56:58.352Z,FALSE,"",10:55,FALSE
fare_DEL-BOM_IX_2026-10-15_T+45_1788218444130_0l2h,DEL-BOM,EaseMyTrip,IX,IX-1165,2026-10-15,T+45,7897,1734,9631,2026-08-31T02:56:58.352Z,FALSE,"",06:00,FALSE
fare_DEL-BOM_6E_2026-10-15_T+45_1788218444130_0tjw,DEL-BOM,EaseMyTrip,6E,6E-5298,2026-10-15,T+45,7639,1677,9316,2026-08-31T02:56:58.352Z,FALSE,"",09:00,FALSE
fare_DEL-BOM_6E_2026-10-15_T+45_1788218444130_p518,DEL-BOM,EaseMyTrip,6E,6E-827,2026-10-15,T+45,7842,1721,9563,2026-08-31T02:56:58.352Z,FALSE,"",12:10,FALSE
fare_DEL-BOM_6E_2026-10-15_T+45_1788218444130_o3jd,DEL-BOM,EaseMyTrip,6E,6E-310,2026-10-15,T+45,7842,1721,9563,2026-08-31T02:56:58.352Z,FALSE,"",12:10,FALSE
fare_DEL-BOM_6E_2026-10-15_T+45_1788218444130_cgob,DEL-BOM,EaseMyTrip,6E,6E-556,2026-10-15,T+45,7870,1728,9598,2026-08-31T02:56:58.352Z,FALSE,"",19:30,FALSE
fare_DEL-BOM_6E_2026-10-15_T+45_1788218444130_n99x,DEL-BOM,EaseMyTrip,6E,6E-338,2026-10-15,T+45,7870,1728,9598,2026-08-31T02:56:58.352Z,FALSE,"",19:30,FALSE
fare_DEL-BOM_AI_2026-10-15_T+45_1788218444130_6d4r,DEL-BOM,EaseMyTrip,AI,AI-2499,2026-10-15,T+45,8777,1927,10704,2026-08-31T02:56:58.352Z,FALSE,"",06:00,FALSE
fare_DEL-BOM_AI_2026-10-15_T+45_1788218444130_54r9,DEL-BOM,EaseMyTrip,AI,AI-2569,2026-10-15,T+45,8777,1927,10704,2026-08-31T02:56:58.352Z,FALSE,"",20:30,FALSE
fare_DEL-BOM_AI_2026-10-15_T+45_1788218444130_uuhx,DEL-BOM,EaseMyTrip,AI,AI-1710,2026-10-15,T+45,8777,1927,10704,2026-08-31T02:56:58.352Z,FALSE,"",18:35,FALSE
fare_DEL-BOM_AI_2026-10-15_T+45_1788218444130_iifq,DEL-BOM,EaseMyTrip,AI,AI-1717,2026-10-15,T+45,8777,1927,10704,2026-08-31T02:56:58.352Z,FALSE,"",14:20,FALSE
fare_DEL-BOM_AI_2026-10-15_T+45_1788218444130_zdiu,DEL-BOM,EaseMyTrip,AI,AI-1719,2026-10-15,T+45,9905,2174,12079,2026-08-31T02:56:58.352Z,FALSE,"",11:55,FALSE
fare_DEL-BOM_AI_2026-10-15_T+45_1788218444131_r8sr,DEL-BOM,EaseMyTrip,AI,AI-1705,2026-10-15,T+45,10490,2303,12793,2026-08-31T02:56:58.352Z,FALSE,"",06:30,FALSE
fare_DEL-BOM_6E_2026-10-15_T+45_1788218444131_ft9s,DEL-BOM,EaseMyTrip,6E,6E-674,2026-10-15,T+45,10677,2344,13021,2026-08-31T02:56:58.352Z,FALSE,"",17:55,FALSE
fare_DEL-BOM_6E_2026-10-15_T+45_1788218444131_1n8j,DEL-BOM,EaseMyTrip,6E,6E-173,2026-10-15,T+45,10677,2344,13021,2026-08-31T02:56:58.352Z,FALSE,"",17:55,FALSE
fare_DEL-BOM_AI_2026-10-15_T+45_1788218444131_app2,DEL-BOM,EaseMyTrip,AI,AI-2715,2026-10-15,T+45,11186,2455,13641,2026-08-31T02:56:58.352Z,FALSE,"",11:40,FALSE
fare_DEL-BOM_AI_2026-10-15_T+45_1788218444131_go7k,DEL-BOM,EaseMyTrip,AI,AI-2959,2026-10-15,T+45,11186,2455,13641,2026-08-31T02:56:58.352Z,FALSE,"",07:10,FALSE
fare_DEL-BOM_AI_2026-10-15_T+45_1788218444131_ol0n,DEL-BOM,EaseMyTrip,AI,AI-423,2026-10-15,T+45,11186,2455,13641,2026-08-31T02:56:58.352Z,FALSE,"",09:50,FALSE
fare_DEL-BOM_IX_2026-10-15_T+45_1788218444131_4jy7,DEL-BOM,EaseMyTrip,IX,IX-1082,2026-10-15,T+45,11502,2525,14027,2026-08-31T02:56:58.352Z,FALSE,"",21:25,FALSE
fare_DEL-BOM_IX_2026-10-15_T+45_1788218444131_51l1,DEL-BOM,EaseMyTrip,IX,IX-1817,2026-10-15,T+45,11502,2525,14027,2026-08-31T02:56:58.352Z,FALSE,"",19:30,FALSE
fare_DEL-BOM_IX_2026-10-15_T+45_1788218444131_n31h,DEL-BOM,EaseMyTrip,IX,IX-1049,2026-10-15,T+45,11502,2525,14027,2026-08-31T02:56:58.352Z,FALSE,"",18:40,FALSE
fare_DEL-BOM_AI_2026-10-15_T+45_1788218444131_d1sd,DEL-BOM,EaseMyTrip,AI,AI-809,2026-10-15,T+45,11273,2475,13748,2026-08-31T02:56:58.352Z,FALSE,"",17:40,FALSE
fare_DEL-BOM_AI_2026-10-15_T+45_1788218444131_8q1t,DEL-BOM,EaseMyTrip,AI,AI-2939,2026-10-15,T+45,11273,2475,13748,2026-08-31T02:56:58.352Z,FALSE,"",16:40,FALSE
fare_DEL-BOM_AI_2026-10-15_T+45_1788218444131_6xdk,DEL-BOM,EaseMyTrip,AI,AI-881,2026-10-15,T+45,11273,2475,13748,2026-08-31T02:56:58.352Z,FALSE,"",13:35,FALSE
fare_DEL-BOM_AI_2026-10-15_T+45_1788218444131_40fp,DEL-BOM,EaseMyTrip,AI,AI-817,2026-10-15,T+45,11463,2516,13979,2026-08-31T02:56:58.352Z,FALSE,"",05:55,FALSE
fare_DEL-BOM_IX_2026-10-15_T+45_1788218444131_f2qn,DEL-BOM,EaseMyTrip,IX,IX-1068,2026-10-15,T+45,12101,2656,14757,2026-08-31T02:56:58.352Z,FALSE,"",11:55,FALSE
fare_DEL-BOM_QP_2026-10-15_T+45_1788218444131_ptvq,DEL-BOM,EaseMyTrip,QP,QP-1817,2026-10-15,T+45,11898,2612,14510,2026-08-31T02:56:58.352Z,FALSE,"",10:30,FALSE
fare_DEL-BOM_AI_2026-10-15_T+45_1788218444131_5xds,DEL-BOM,EaseMyTrip,AI,AI-2761,2026-10-15,T+45,12103,2657,14760,2026-08-31T02:56:58.352Z,FALSE,"",16:25,FALSE
fare_DEL-BOM_IX_2026-10-15_T+45_1788218444131_2erq,DEL-BOM,EaseMyTrip,IX,IX-1057,2026-10-15,T+45,12615,2769,15384,2026-08-31T02:56:58.352Z,FALSE,"",06:20,FALSE
fare_DEL-BOM_IX_2026-10-15_T+45_1788218444131_jukd,DEL-BOM,EaseMyTrip,IX,IX-1108,2026-10-15,T+45,12754,2800,15554,2026-08-31T02:56:58.352Z,FALSE,"",05:00,FALSE
fare_DEL-BOM_IX_2026-10-15_T+45_1788218444131_c3gy,DEL-BOM,EaseMyTrip,IX,IX-5975,2026-10-15,T+45,12778,2805,15583,2026-08-31T02:56:58.352Z,FALSE,"",21:00,FALSE
fare_DEL-BOM_AI_2026-10-15_T+45_1788218444131_mtl5,DEL-BOM,EaseMyTrip,AI,AI-9418,2026-10-15,T+45,12594,2765,15359,2026-08-31T02:56:58.352Z,FALSE,"",13:10,FALSE
fare_DEL-BOM_AI_2026-10-15_T+45_1788218444131_olh0,DEL-BOM,EaseMyTrip,AI,AI-9584,2026-10-15,T+45,13037,2862,15899,2026-08-31T02:56:58.352Z,FALSE,"",11:15,FALSE
fare_DEL-BOM_AI_2026-10-15_T+45_1788218444131_0e71,DEL-BOM,EaseMyTrip,AI,AI-1743,2026-10-15,T+45,13065,2868,15933,2026-08-31T02:56:58.352Z,FALSE,"",06:15,FALSE
fare_DEL-BOM_QP_2026-10-15_T+45_1788218444131_80v3,DEL-BOM,EaseMyTrip,QP,QP-1815,2026-10-15,T+45,12989,2851,15840,2026-08-31T02:56:58.352Z,FALSE,"",14:55,FALSE
fare_DEL-BOM_IX_2026-10-15_T+45_1788218444131_2w5f,DEL-BOM,EaseMyTrip,IX,IX-1783,2026-10-15,T+45,13476,2958,16434,2026-08-31T02:56:58.352Z,FALSE,"",07:20,FALSE
fare_DEL-BOM_IX_2026-10-15_T+45_1788218444131_srmf,DEL-BOM,EaseMyTrip,IX,IX-2749,2026-10-15,T+45,13594,2984,16578,2026-08-31T02:56:58.352Z,FALSE,"",10:25,FALSE
fare_DEL-BOM_AI_2026-10-15_T+45_1788218444131_3126,DEL-BOM,EaseMyTrip,AI,AI-9920,2026-10-15,T+45,13368,2935,16303,2026-08-31T02:56:58.352Z,FALSE,"",10:50,FALSE
fare_DEL-BOM_QP_2026-10-15_T+45_1788218444131_3vjw,DEL-BOM,EaseMyTrip,QP,QP-1822,2026-10-15,T+45,13411,2944,16355,2026-08-31T02:56:58.352Z,FALSE,"",16:40,FALSE
fare_DEL-BOM_AI_2026-10-15_T+45_1788218444131_ktjg,DEL-BOM,EaseMyTrip,AI,AI-2907,2026-10-15,T+45,13927,3057,16984,2026-08-31T02:56:58.352Z,TRUE,"High outlier: ₹16984 > upper fence ₹16635 (Q3: ₹10704, IQR: ₹3954)",12:00,FALSE
fare_DEL-BOM_AI_2026-10-15_T+45_1788218444131_4pam,DEL-BOM,EaseMyTrip,AI,AI-9757,2026-10-15,T+45,13942,3060,17002,2026-08-31T02:56:58.352Z,TRUE,"High outlier: ₹17002 > upper fence ₹16635 (Q3: ₹10704, IQR: ₹3954)",11:50,FALSE
fare_DEL-BOM_IX_2026-10-15_T+45_1788218444131_7m0t,DEL-BOM,EaseMyTrip,IX,IX-1070,2026-10-15,T+45,14718,3231,17949,2026-08-31T02:56:58.352Z,TRUE,"High outlier: ₹17949 > upper fence ₹16635 (Q3: ₹10704, IQR: ₹3954)",21:15,FALSE
fare_DEL-BOM_IX_2026-10-15_T+45_1788218444131_i0rm,DEL-BOM,EaseMyTrip,IX,IX-1059,2026-10-15,T+45,14767,3241,18008,2026-08-31T02:56:58.352Z,TRUE,"High outlier: ₹18008 > upper fence ₹16635 (Q3: ₹10704, IQR: ₹3954)",12:15,FALSE
fare_DEL-BOM_AI_2026-10-15_T+45_1788218444131_j2hm,DEL-BOM,EaseMyTrip,AI,AI-1773,2026-10-15,T+45,14497,3182,17679,2026-08-31T02:56:58.352Z,TRUE,"High outlier: ₹17679 > upper fence ₹16635 (Q3: ₹10704, IQR: ₹3954)",10:30,FALSE
fare_DEL-BOM_AI_2026-10-15_T+45_1788218444131_k2z0,DEL-BOM,EaseMyTrip,AI,AI-2577,2026-10-15,T+45,14577,3200,17777,2026-08-31T02:56:58.352Z,TRUE,"High outlier: ₹17777 > upper fence ₹16635 (Q3: ₹10704, IQR: ₹3954)",02:00,FALSE
fare_DEL-BOM_AI_2026-10-15_T+45_1788218444131_739y,DEL-BOM,EaseMyTrip,AI,AI-2859,2026-10-15,T+45,14577,3200,17777,2026-08-31T02:56:58.352Z,TRUE,"High outlier: ₹17777 > upper fence ₹16635 (Q3: ₹10704, IQR: ₹3954)",10:30,FALSE
fare_DEL-BOM_IX_2026-10-15_T+45_1788218444131_dsso,DEL-BOM,EaseMyTrip,IX,IX-1051,2026-10-15,T+45,15139,3323,18462,2026-08-31T02:56:58.352Z,TRUE,"High outlier: ₹18462 > upper fence ₹16635 (Q3: ₹10704, IQR: ₹3954)",19:05,FALSE
fare_DEL-BOM_AI_2026-10-15_T+45_1788218444131_tchl,DEL-BOM,EaseMyTrip,AI,AI-2465,2026-10-15,T+45,14880,3266,18146,2026-08-31T02:56:58.352Z,TRUE,"High outlier: ₹18146 > upper fence ₹16635 (Q3: ₹10704, IQR: ₹3954)",14:30,FALSE
fare_DEL-BOM_IX_2026-10-15_T+45_1788218444131_rzme,DEL-BOM,EaseMyTrip,IX,IX-1064,2026-10-15,T+45,15684,3443,19127,2026-08-31T02:56:58.352Z,TRUE,"High outlier: ₹19127 > upper fence ₹16635 (Q3: ₹10704, IQR: ₹3954)",19:10,FALSE
fare_DEL-BOM_AI_2026-10-15_T+45_1788218444131_gzi7,DEL-BOM,EaseMyTrip,AI,AI-427,2026-10-15,T+45,16845,3698,20543,2026-08-31T02:56:58.352Z,TRUE,"High outlier: ₹20543 > upper fence ₹16635 (Q3: ₹10704, IQR: ₹3954)",08:30,FALSE
fare_DEL-BOM_AI_2026-10-15_T+45_1788218444131_61fi,DEL-BOM,EaseMyTrip,AI,AI-2653,2026-10-15,T+45,17098,3753,20851,2026-08-31T02:56:58.352Z,TRUE,"High outlier: ₹20851 > upper fence ₹16635 (Q3: ₹10704, IQR: ₹3954)",04:30,FALSE
fare_DEL-BOM_AI_2026-10-15_T+45_1788218444131_r4p2,DEL-BOM,EaseMyTrip,AI,AI-2525,2026-10-15,T+45,18475,4056,22531,2026-08-31T02:56:58.352Z,TRUE,"High outlier: ₹22531 > upper fence ₹16635 (Q3: ₹10704, IQR: ₹3954)",06:00,FALSE
fare_DEL-BOM_AI_2026-10-15_T+45_1788218444131_glie,DEL-BOM,EaseMyTrip,AI,AI-2627,2026-10-15,T+45,19944,4378,24322,2026-08-31T02:56:58.352Z,TRUE,"High outlier: ₹24322 > upper fence ₹16635 (Q3: ₹10704, IQR: ₹3954)",10:45,FALSE
fare_DEL-BOM_AI_2026-10-15_T+45_1788218444131_88p8,DEL-BOM,EaseMyTrip,AI,AI-2509,2026-10-15,T+45,20701,4544,25245,2026-08-31T02:56:58.352Z,TRUE,"High outlier: ₹25245 > upper fence ₹16635 (Q3: ₹10704, IQR: ₹3954)",07:00,FALSE
fare_DEL-BOM_AI_2026-10-15_T+45_1788218444131_numi,DEL-BOM,EaseMyTrip,AI,AI-2513,2026-10-15,T+45,24666,5415,30081,2026-08-31T02:56:58.352Z,TRUE,"High outlier: ₹30081 > upper fence ₹16635 (Q3: ₹10704, IQR: ₹3954)",12:10,FALSE
fare_DEL-BOM_AI_2026-10-15_T+45_1788218444131_1ybq,DEL-BOM,EaseMyTrip,AI,AI-1739,2026-10-15,T+45,25397,5575,30972,2026-08-31T02:56:58.352Z,TRUE,"High outlier: ₹30972 > upper fence ₹16635 (Q3: ₹10704, IQR: ₹3954)",11:30,FALSE
fare_DEL-BOM_IX_2026-09-07_T+7_1788218444132_vz9b,DEL-BOM,EaseMyTrip,IX,IX-1392,2026-09-07,T+7,5354,1175,6529,2026-08-31T02:56:41.703Z,FALSE,"",23:25,FALSE
fare_DEL-BOM_6E_2026-09-07_T+7_1788218444132_uyiv,DEL-BOM,EaseMyTrip,6E,6E-5014,2026-09-07,T+7,5067,1112,6179,2026-08-31T02:56:41.703Z,FALSE,"",18:30,FALSE
fare_DEL-BOM_6E_2026-09-07_T+7_1788218444132_d5df,DEL-BOM,EaseMyTrip,6E,6E-559,2026-09-07,T+7,5067,1112,6179,2026-08-31T02:56:41.703Z,FALSE,"",19:35,FALSE
fare_DEL-BOM_6E_2026-09-07_T+7_1788218444132_ekpk,DEL-BOM,EaseMyTrip,6E,6E-395,2026-09-07,T+7,5067,1112,6179,2026-08-31T02:56:41.703Z,FALSE,"",19:35,FALSE
fare_DEL-BOM_6E_2026-09-07_T+7_1788218444132_6lne,DEL-BOM,EaseMyTrip,6E,6E-6261,2026-09-07,T+7,5067,1112,6179,2026-08-31T02:56:41.703Z,FALSE,"",00:15,FALSE
fare_DEL-BOM_6E_2026-09-07_T+7_1788218444132_9mpk,DEL-BOM,EaseMyTrip,6E,6E-2013,2026-09-07,T+7,5067,1112,6179,2026-08-31T02:56:41.703Z,FALSE,"",21:50,FALSE
fare_DEL-BOM_6E_2026-09-07_T+7_1788218444132_nedd,DEL-BOM,EaseMyTrip,6E,6E-6190,2026-09-07,T+7,5067,1112,6179,2026-08-31T02:56:41.703Z,FALSE,"",07:40,FALSE
fare_DEL-BOM_IX_2026-09-07_T+7_1788218444132_cb2n,DEL-BOM,EaseMyTrip,IX,IX-1235,2026-09-07,T+7,5354,1175,6529,2026-08-31T02:56:41.703Z,FALSE,"",23:25,TRUE
fare_DEL-BOM_IX_2026-09-07_T+7_1788218444132_wgcs,DEL-BOM,EaseMyTrip,IX,IX-1056,2026-09-07,T+7,5354,1175,6529,2026-08-31T02:56:41.703Z,FALSE,"",05:35,TRUE
fare_DEL-BOM_IX_2026-09-07_T+7_1788218444132_5y7m,DEL-BOM,EaseMyTrip,IX,IX-1038,2026-09-07,T+7,5354,1175,6529,2026-08-31T02:56:41.703Z,FALSE,"",17:35,TRUE
fare_DEL-BOM_6E_2026-09-07_T+7_1788218444132_uvzi,DEL-BOM,EaseMyTrip,6E,6E-2249,2026-09-07,T+7,5174,1136,6310,2026-08-31T02:56:41.703Z,FALSE,"",15:00,FALSE
fare_DEL-BOM_6E_2026-09-07_T+7_1788218444132_5whp,DEL-BOM,EaseMyTrip,6E,6E-2169,2026-09-07,T+7,5174,1136,6310,2026-08-31T02:56:41.703Z,FALSE,"",19:40,FALSE
fare_DEL-BOM_6E_2026-09-07_T+7_1788218444132_eqdx,DEL-BOM,EaseMyTrip,6E,6E-6829,2026-09-07,T+7,5174,1136,6310,2026-08-31T02:56:41.703Z,FALSE,"",17:20,FALSE
fare_DEL-BOM_6E_2026-09-07_T+7_1788218444132_x0pr,DEL-BOM,EaseMyTrip,6E,6E-6443,2026-09-07,T+7,5174,1136,6310,2026-08-31T02:56:41.703Z,FALSE,"",09:00,FALSE
fare_DEL-BOM_6E_2026-09-07_T+7_1788218444132_kp1g,DEL-BOM,EaseMyTrip,6E,6E-6433,2026-09-07,T+7,5174,1136,6310,2026-08-31T02:56:41.703Z,FALSE,"",16:30,FALSE
fare_DEL-BOM_6E_2026-09-07_T+7_1788218444132_qwn5,DEL-BOM,EaseMyTrip,6E,6E-5138,2026-09-07,T+7,5174,1136,6310,2026-08-31T02:56:41.703Z,FALSE,"",19:10,FALSE
fare_DEL-BOM_6E_2026-09-07_T+7_1788218444132_juhc,DEL-BOM,EaseMyTrip,6E,6E-6490,2026-09-07,T+7,5174,1136,6310,2026-08-31T02:56:41.703Z,FALSE,"",04:55,FALSE
fare_DEL-BOM_6E_2026-09-07_T+7_1788218444132_ni2e,DEL-BOM,EaseMyTrip,6E,6E-6459,2026-09-07,T+7,5174,1136,6310,2026-08-31T02:56:41.703Z,FALSE,"",05:55,FALSE
fare_DEL-BOM_6E_2026-09-07_T+7_1788218444132_xoeg,DEL-BOM,EaseMyTrip,6E,6E-6479,2026-09-07,T+7,5239,1150,6389,2026-08-31T02:56:41.703Z,FALSE,"",21:25,FALSE
fare_DEL-BOM_6E_2026-09-07_T+7_1788218444132_40pr,DEL-BOM,EaseMyTrip,6E,6E-5298,2026-09-07,T+7,5239,1150,6389,2026-08-31T02:56:41.703Z,FALSE,"",09:00,FALSE
fare_DEL-BOM_6E_2026-09-07_T+7_1788218444132_4lyj,DEL-BOM,EaseMyTrip,6E,6E-5038,2026-09-07,T+7,5239,1150,6389,2026-08-31T02:56:41.703Z,FALSE,"",14:00,FALSE
fare_DEL-BOM_6E_2026-09-07_T+7_1788218444132_vhm9,DEL-BOM,EaseMyTrip,6E,6E-5206,2026-09-07,T+7,5239,1150,6389,2026-08-31T02:56:41.703Z,FALSE,"",13:20,FALSE
fare_DEL-BOM_6E_2026-09-07_T+7_1788218444132_57mj,DEL-BOM,EaseMyTrip,6E,6E-6050,2026-09-07,T+7,5239,1150,6389,2026-08-31T02:56:41.703Z,FALSE,"",08:15,FALSE
fare_DEL-BOM_6E_2026-09-07_T+7_1788218444132_z9qx,DEL-BOM,EaseMyTrip,6E,6E-5096,2026-09-07,T+7,5282,1160,6442,2026-08-31T02:56:41.703Z,FALSE,"",17:00,TRUE
fare_DEL-BOM_QP_2026-09-07_T+7_1788218444132_fo3s,DEL-BOM,EaseMyTrip,QP,QP-2074,2026-09-07,T+7,5330,1170,6500,2026-08-31T02:56:41.703Z,FALSE,"",14:10,TRUE
fare_DEL-BOM_6E_2026-09-07_T+7_1788218444132_ehwm,DEL-BOM,EaseMyTrip,6E,6E-6212,2026-09-07,T+7,5346,1174,6520,2026-08-31T02:56:41.703Z,FALSE,"",14:45,FALSE
fare_DEL-BOM_6E_2026-09-07_T+7_1788218444132_ri86,DEL-BOM,EaseMyTrip,6E,6E-6282,2026-09-07,T+7,5346,1174,6520,2026-08-31T02:56:41.703Z,FALSE,"",13:30,FALSE
fare_DEL-BOM_6E_2026-09-07_T+7_1788218444132_l39q,DEL-BOM,EaseMyTrip,6E,6E-258,2026-09-07,T+7,5346,1174,6520,2026-08-31T02:56:41.703Z,FALSE,"",23:15,FALSE
fare_DEL-BOM_6E_2026-09-07_T+7_1788218444132_mn1g,DEL-BOM,EaseMyTrip,6E,6E-934,2026-09-07,T+7,5346,1174,6520,2026-08-31T02:56:41.703Z,FALSE,"",23:15,FALSE
fare_DEL-BOM_6E_2026-09-07_T+7_1788218444132_qb34,DEL-BOM,EaseMyTrip,6E,6E-6497,2026-09-07,T+7,5346,1174,6520,2026-08-31T02:56:41.703Z,FALSE,"",18:40,FALSE
fare_DEL-BOM_QP_2026-09-07_T+7_1788218444132_4hh1,DEL-BOM,EaseMyTrip,QP,QP-1119,2026-09-07,T+7,5355,1175,6530,2026-08-31T02:56:41.703Z,FALSE,"",08:40,TRUE
fare_DEL-BOM_QP_2026-09-07_T+7_1788218444132_ziqg,DEL-BOM,EaseMyTrip,QP,QP-1110,2026-09-07,T+7,5355,1175,6530,2026-08-31T02:56:41.703Z,FALSE,"",10:30,TRUE
fare_DEL-BOM_QP_2026-09-07_T+7_1788218444132_m6sq,DEL-BOM,EaseMyTrip,QP,QP-1820,2026-09-07,T+7,5355,1175,6530,2026-08-31T02:56:41.703Z,FALSE,"",17:30,TRUE
fare_DEL-BOM_QP_2026-09-07_T+7_1788218444132_hfrf,DEL-BOM,EaseMyTrip,QP,QP-1833,2026-09-07,T+7,5355,1175,6530,2026-08-31T02:56:41.703Z,FALSE,"",06:50,TRUE
fare_DEL-BOM_QP_2026-09-07_T+7_1788218444132_hjf1,DEL-BOM,EaseMyTrip,QP,QP-1112,2026-09-07,T+7,5355,1175,6530,2026-08-31T02:56:41.703Z,FALSE,"",09:20,TRUE
fare_DEL-BOM_QP_2026-09-07_T+7_1788218444132_s8ug,DEL-BOM,EaseMyTrip,QP,QP-1128,2026-09-07,T+7,5355,1175,6530,2026-08-31T02:56:41.703Z,FALSE,"",16:00,TRUE
fare_DEL-BOM_QP_2026-09-07_T+7_1788218444132_e0ij,DEL-BOM,EaseMyTrip,QP,QP-1836,2026-09-07,T+7,5355,1175,6530,2026-08-31T02:56:41.703Z,FALSE,"",12:30,TRUE
fare_DEL-BOM_QP_2026-09-07_T+7_1788218444132_9h9v,DEL-BOM,EaseMyTrip,QP,QP-1826,2026-09-07,T+7,5355,1175,6530,2026-08-31T02:56:41.703Z,FALSE,"",19:55,TRUE
fare_DEL-BOM_6E_2026-09-07_T+7_1788218444132_5210,DEL-BOM,EaseMyTrip,6E,6E-739,2026-09-07,T+7,5355,1175,6530,2026-08-31T02:56:41.703Z,FALSE,"",23:30,TRUE
fare_DEL-BOM_6E_2026-09-07_T+7_1788218444132_js7l,DEL-BOM,EaseMyTrip,6E,6E-272,2026-09-07,T+7,5355,1175,6530,2026-08-31T02:56:41.703Z,FALSE,"",23:30,TRUE
fare_DEL-BOM_6E_2026-09-07_T+7_1788218444132_fk9z,DEL-BOM,EaseMyTrip,6E,6E-653,2026-09-07,T+7,5355,1175,6530,2026-08-31T02:56:41.703Z,FALSE,"",19:00,TRUE
fare_DEL-BOM_6E_2026-09-07_T+7_1788218444132_vg7w,DEL-BOM,EaseMyTrip,6E,6E-409,2026-09-07,T+7,5355,1175,6530,2026-08-31T02:56:41.703Z,FALSE,"",19:00,TRUE
fare_DEL-BOM_6E_2026-09-07_T+7_1788218444132_h2y3,DEL-BOM,EaseMyTrip,6E,6E-298,2026-09-07,T+7,5355,1175,6530,2026-08-31T02:56:41.703Z,FALSE,"",18:00,TRUE
fare_DEL-BOM_6E_2026-09-07_T+7_1788218444132_9cyn,DEL-BOM,EaseMyTrip,6E,6E-282,2026-09-07,T+7,5355,1175,6530,2026-08-31T02:56:41.703Z,FALSE,"",18:00,TRUE
fare_DEL-BOM_6E_2026-09-07_T+7_1788218444132_uj0h,DEL-BOM,EaseMyTrip,6E,6E-6706,2026-09-07,T+7,5355,1175,6530,2026-08-31T02:56:41.703Z,FALSE,"",17:00,TRUE
fare_DEL-BOM_6E_2026-09-07_T+7_1788218444132_7lyb,DEL-BOM,EaseMyTrip,6E,6E-443,2026-09-07,T+7,5355,1175,6530,2026-08-31T02:56:41.703Z,FALSE,"",16:15,TRUE
fare_DEL-BOM_6E_2026-09-07_T+7_1788218444132_lem3,DEL-BOM,EaseMyTrip,6E,6E-130,2026-09-07,T+7,5355,1175,6530,2026-08-31T02:56:41.703Z,FALSE,"",16:15,TRUE
fare_DEL-BOM_6E_2026-09-07_T+7_1788218444132_rogf,DEL-BOM,EaseMyTrip,6E,6E-762,2026-09-07,T+7,5355,1175,6530,2026-08-31T02:56:41.703Z,FALSE,"",15:30,TRUE
fare_DEL-BOM_6E_2026-09-07_T+7_1788218444132_iguw,DEL-BOM,EaseMyTrip,6E,6E-806,2026-09-07,T+7,5355,1175,6530,2026-08-31T02:56:41.703Z,FALSE,"",15:30,TRUE
fare_DEL-BOM_6E_2026-09-07_T+7_1788218444132_ig3u,DEL-BOM,EaseMyTrip,6E,6E-6022,2026-09-07,T+7,5355,1175,6530,2026-08-31T02:56:41.703Z,FALSE,"",14:00,TRUE
fare_DEL-BOM_6E_2026-09-07_T+7_1788218444132_r4fl,DEL-BOM,EaseMyTrip,6E,6E-6318,2026-09-07,T+7,5355,1175,6530,2026-08-31T02:56:41.703Z,FALSE,"",14:45,TRUE
fare_DEL-BOM_6E_2026-09-07_T+7_1788218444132_aitj,DEL-BOM,EaseMyTrip,6E,6E-6047,2026-09-07,T+7,5355,1175,6530,2026-08-31T02:56:41.703Z,FALSE,"",11:00,TRUE
fare_DEL-BOM_6E_2026-09-07_T+7_1788218444132_u60b,DEL-BOM,EaseMyTrip,6E,6E-6676,2026-09-07,T+7,5355,1175,6530,2026-08-31T02:56:41.703Z,FALSE,"",12:00,TRUE
fare_DEL-BOM_6E_2026-09-07_T+7_1788218444132_erz5,DEL-BOM,EaseMyTrip,6E,6E-796,2026-09-07,T+7,5355,1175,6530,2026-08-31T02:56:41.703Z,FALSE,"",13:00,TRUE
fare_DEL-BOM_6E_2026-09-07_T+7_1788218444132_8dix,DEL-BOM,EaseMyTrip,6E,6E-353,2026-09-07,T+7,5355,1175,6530,2026-08-31T02:56:41.703Z,FALSE,"",13:00,TRUE
fare_DEL-BOM_6E_2026-09-07_T+7_1788218444132_rcm7,DEL-BOM,EaseMyTrip,6E,6E-725,2026-09-07,T+7,5411,1188,6599,2026-08-31T02:56:41.703Z,FALSE,"",19:30,FALSE
fare_DEL-BOM_6E_2026-09-07_T+7_1788218444132_iof7,DEL-BOM,EaseMyTrip,6E,6E-876,2026-09-07,T+7,5411,1188,6599,2026-08-31T02:56:41.703Z,FALSE,"",19:30,FALSE
fare_DEL-BOM_6E_2026-09-07_T+7_1788218444132_tohp,DEL-BOM,EaseMyTrip,6E,6E-384,2026-09-07,T+7,5411,1188,6599,2026-08-31T02:56:41.703Z,FALSE,"",12:15,FALSE
fare_DEL-BOM_6E_2026-09-07_T+7_1788218444132_u20s,DEL-BOM,EaseMyTrip,6E,6E-445,2026-09-07,T+7,5411,1188,6599,2026-08-31T02:56:41.703Z,FALSE,"",12:15,FALSE
fare_DEL-BOM_QP_2026-09-07_T+7_1788218444132_r8rw,DEL-BOM,EaseMyTrip,QP,QP-1940,2026-09-07,T+7,5427,1191,6618,2026-08-31T02:56:41.703Z,FALSE,"",14:00,TRUE
fare_DEL-BOM_6E_2026-09-07_T+7_1788218444132_on68,DEL-BOM,EaseMyTrip,6E,6E-5198,2026-09-07,T+7,5427,1191,6618,2026-08-31T02:56:41.703Z,FALSE,"",15:00,TRUE
fare_DEL-BOM_6E_2026-09-07_T+7_1788218444132_f3ka,DEL-BOM,EaseMyTrip,6E,6E-2076,2026-09-07,T+7,5460,1199,6659,2026-08-31T02:56:41.703Z,FALSE,"",07:30,FALSE
fare_DEL-BOM_6E_2026-09-07_T+7_1788218444132_gm9g,DEL-BOM,EaseMyTrip,6E,6E-6114,2026-09-07,T+7,5484,1204,6688,2026-08-31T02:56:41.703Z,FALSE,"",22:45,TRUE
fare_DEL-BOM_6E_2026-09-07_T+7_1788218444132_ilbc,DEL-BOM,EaseMyTrip,6E,6E-6328,2026-09-07,T+7,5484,1204,6688,2026-08-31T02:56:41.703Z,FALSE,"",10:15,TRUE
fare_DEL-BOM_6E_2026-09-07_T+7_1788218444132_8s7p,DEL-BOM,EaseMyTrip,6E,6E-522,2026-09-07,T+7,5526,1213,6739,2026-08-31T02:56:41.703Z,FALSE,"",20:20,TRUE
fare_DEL-BOM_6E_2026-09-07_T+7_1788218444132_98zp,DEL-BOM,EaseMyTrip,6E,6E-6470,2026-09-07,T+7,5526,1213,6739,2026-08-31T02:56:41.703Z,FALSE,"",06:55,TRUE
fare_DEL-BOM_AI_2026-09-07_T+7_1788218444132_bkdd,DEL-BOM,EaseMyTrip,AI,AI-2425,2026-09-07,T+7,5740,1260,7000,2026-08-31T02:56:41.703Z,FALSE,"",10:30,TRUE
fare_DEL-BOM_AI_2026-09-07_T+7_1788218444132_lkmo,DEL-BOM,EaseMyTrip,AI,AI-2941,2026-09-07,T+7,5740,1260,7000,2026-08-31T02:56:41.703Z,FALSE,"",16:30,TRUE
fare_DEL-BOM_AI_2026-09-07_T+7_1788218444132_sd13,DEL-BOM,EaseMyTrip,AI,AI-2945,2026-09-07,T+7,5740,1260,7000,2026-08-31T02:56:41.703Z,FALSE,"",11:00,TRUE
fare_DEL-BOM_AI_2026-09-07_T+7_1788218444132_q3lq,DEL-BOM,EaseMyTrip,AI,AI-2933,2026-09-07,T+7,5740,1260,7000,2026-08-31T02:56:41.703Z,FALSE,"",15:30,TRUE
fare_DEL-BOM_AI_2026-09-07_T+7_1788218444132_hx8r,DEL-BOM,EaseMyTrip,AI,AI-1777,2026-09-07,T+7,5740,1260,7000,2026-08-31T02:56:41.703Z,FALSE,"",16:00,TRUE
fare_DEL-BOM_AI_2026-09-07_T+7_1788218444132_9nzh,DEL-BOM,EaseMyTrip,AI,AI-441,2026-09-07,T+7,5740,1260,7000,2026-08-31T02:56:41.703Z,FALSE,"",17:00,TRUE
fare_DEL-BOM_AI_2026-09-07_T+7_1788218444132_5wyg,DEL-BOM,EaseMyTrip,AI,AI-2955,2026-09-07,T+7,5740,1260,7000,2026-08-31T02:56:41.703Z,FALSE,"",18:00,TRUE
fare_DEL-BOM_AI_2026-09-07_T+7_1788218444132_ygro,DEL-BOM,EaseMyTrip,AI,AI-2977,2026-09-07,T+7,5740,1260,7000,2026-08-31T02:56:41.703Z,FALSE,"",19:00,TRUE
fare_DEL-BOM_AI_2026-09-07_T+7_1788218444132_exxa,DEL-BOM,EaseMyTrip,AI,AI-2985,2026-09-07,T+7,5740,1260,7000,2026-08-31T02:56:41.703Z,FALSE,"",19:30,TRUE
fare_DEL-BOM_AI_2026-09-07_T+7_1788218444132_tz2g,DEL-BOM,EaseMyTrip,AI,AI-2439,2026-09-07,T+7,5740,1260,7000,2026-08-31T02:56:41.703Z,FALSE,"",23:00,TRUE
fare_DEL-BOM_6E_2026-09-07_T+7_1788218444132_dzwx,DEL-BOM,EaseMyTrip,6E,6E-346,2026-09-07,T+7,5656,1242,6898,2026-08-31T02:56:41.703Z,FALSE,"",05:00,TRUE
fare_DEL-BOM_6E_2026-09-07_T+7_1788218444132_9b9y,DEL-BOM,EaseMyTrip,6E,6E-692,2026-09-07,T+7,5656,1242,6898,2026-08-31T02:56:41.703Z,FALSE,"",05:00,TRUE
fare_DEL-BOM_6E_2026-09-07_T+7_1788218444132_m9oe,DEL-BOM,EaseMyTrip,6E,6E-186,2026-09-07,T+7,5656,1242,6898,2026-08-31T02:56:41.703Z,FALSE,"",21:45,TRUE
fare_DEL-BOM_6E_2026-09-07_T+7_1788218444132_tcy1,DEL-BOM,EaseMyTrip,6E,6E-305,2026-09-07,T+7,5656,1242,6898,2026-08-31T02:56:41.703Z,FALSE,"",21:45,TRUE
fare_DEL-BOM_6E_2026-09-07_T+7_1788218444132_2517,DEL-BOM,EaseMyTrip,6E,6E-619,2026-09-07,T+7,5656,1242,6898,2026-08-31T02:56:41.703Z,FALSE,"",20:00,TRUE
fare_DEL-BOM_6E_2026-09-07_T+7_1788218444132_w86i,DEL-BOM,EaseMyTrip,6E,6E-485,2026-09-07,T+7,5656,1242,6898,2026-08-31T02:56:41.703Z,FALSE,"",20:00,TRUE
fare_DEL-BOM_6E_2026-09-07_T+7_1788218444132_kmye,DEL-BOM,EaseMyTrip,6E,6E-925,2026-09-07,T+7,5656,1242,6898,2026-08-31T02:56:41.703Z,FALSE,"",20:45,TRUE
fare_DEL-BOM_6E_2026-09-07_T+7_1788218444132_bfzy,DEL-BOM,EaseMyTrip,6E,6E-271,2026-09-07,T+7,5656,1242,6898,2026-08-31T02:56:41.703Z,FALSE,"",20:45,TRUE
fare_DEL-BOM_6E_2026-09-07_T+7_1788218444132_p26z,DEL-BOM,EaseMyTrip,6E,6E-6218,2026-09-07,T+7,5656,1242,6898,2026-08-31T02:56:41.703Z,FALSE,"",06:05,TRUE
fare_DEL-BOM_6E_2026-09-07_T+7_1788218444132_eome,DEL-BOM,EaseMyTrip,6E,6E-794,2026-09-07,T+7,5656,1242,6898,2026-08-31T02:56:41.703Z,FALSE,"",08:45,TRUE
fare_DEL-BOM_6E_2026-09-07_T+7_1788218444132_63zz,DEL-BOM,EaseMyTrip,6E,6E-375,2026-09-07,T+7,5656,1242,6898,2026-08-31T02:56:41.703Z,FALSE,"",08:45,TRUE
fare_DEL-BOM_6E_2026-09-07_T+7_1788218444132_v4wm,DEL-BOM,EaseMyTrip,6E,6E-6107,2026-09-07,T+7,5656,1242,6898,2026-08-31T02:56:41.703Z,FALSE,"",09:30,TRUE
fare_DEL-BOM_AI_2026-09-07_T+7_1788218444132_s94z,DEL-BOM,EaseMyTrip,AI,AI-2951,2026-09-07,T+7,5870,1289,7159,2026-08-31T02:56:41.703Z,FALSE,"",13:30,TRUE
fare_DEL-BOM_AI_2026-09-07_T+7_1788218444132_5vvl,DEL-BOM,EaseMyTrip,AI,AI-2995,2026-09-07,T+7,5870,1289,7159,2026-08-31T02:56:41.703Z,FALSE,"",10:00,TRUE
fare_DEL-BOM_6E_2026-09-07_T+7_1788218444132_aa6t,DEL-BOM,EaseMyTrip,6E,6E-2341,2026-09-07,T+7,5853,1285,7138,2026-08-31T02:56:41.703Z,FALSE,"",14:50,FALSE
fare_DEL-BOM_AI_2026-09-07_T+7_1788218444132_9i5n,DEL-BOM,EaseMyTrip,AI,AI-1745,2026-09-07,T+7,6043,1326,7369,2026-08-31T02:56:41.703Z,FALSE,"",05:00,TRUE
fare_DEL-BOM_AI_2026-09-07_T+7_1788218444132_dxox,DEL-BOM,EaseMyTrip,AI,AI-2981,2026-09-07,T+7,6043,1326,7369,2026-08-31T02:56:41.703Z,FALSE,"",21:00,TRUE
fare_DEL-BOM_AI_2026-09-07_T+7_1788218444132_ud42,DEL-BOM,EaseMyTrip,AI,AI-2805,2026-09-07,T+7,6043,1326,7369,2026-08-31T02:56:41.703Z,FALSE,"",20:00,TRUE
fare_DEL-BOM_AI_2026-09-07_T+7_1788218444132_t765,DEL-BOM,EaseMyTrip,AI,AI-2433,2026-09-07,T+7,6043,1326,7369,2026-08-31T02:56:41.703Z,FALSE,"",21:30,TRUE
fare_DEL-BOM_AI_2026-09-07_T+7_1788218444132_jyrj,DEL-BOM,EaseMyTrip,AI,AI-2927,2026-09-07,T+7,6043,1326,7369,2026-08-31T02:56:41.703Z,FALSE,"",09:30,TRUE
fare_DEL-BOM_AI_2026-09-07_T+7_1788218444132_9fhn,DEL-BOM,EaseMyTrip,AI,AI-2957,2026-09-07,T+7,6043,1326,7369,2026-08-31T02:56:41.703Z,FALSE,"",20:30,TRUE
fare_DEL-BOM_6E_2026-09-07_T+7_1788218444132_nul6,DEL-BOM,EaseMyTrip,6E,6E-2571,2026-09-07,T+7,5935,1303,7238,2026-08-31T02:56:41.703Z,FALSE,"",12:30,FALSE
fare_DEL-BOM_6E_2026-09-07_T+7_1788218444132_5nwb,DEL-BOM,EaseMyTrip,6E,6E-6569,2026-09-07,T+7,6001,1317,7318,2026-08-31T02:56:41.703Z,FALSE,"",05:00,FALSE
fare_DEL-BOM_6E_2026-09-07_T+7_1788218444132_u6c7,DEL-BOM,EaseMyTrip,6E,6E-596,2026-09-07,T+7,6130,1345,7475,2026-08-31T02:56:41.703Z,FALSE,"",08:00,TRUE
fare_DEL-BOM_6E_2026-09-07_T+7_1788218444132_okkj,DEL-BOM,EaseMyTrip,6E,6E-749,2026-09-07,T+7,6130,1345,7475,2026-08-31T02:56:41.703Z,FALSE,"",08:00,TRUE
fare_DEL-BOM_6E_2026-09-07_T+7_1788218444132_xelg,DEL-BOM,EaseMyTrip,6E,6E-6814,2026-09-07,T+7,6130,1345,7475,2026-08-31T02:56:41.703Z,FALSE,"",07:15,TRUE
fare_DEL-BOM_6E_2026-09-07_T+7_1788218444132_uyya,DEL-BOM,EaseMyTrip,6E,6E-7646,2026-09-07,T+7,6202,1362,7564,2026-08-31T02:56:41.703Z,FALSE,"",06:15,FALSE
fare_DEL-BOM_AI_2026-09-07_T+7_1788218444132_a6ro,DEL-BOM,EaseMyTrip,AI,AI-2963,2026-09-07,T+7,6467,1419,7886,2026-08-31T02:56:41.703Z,FALSE,"",09:00,TRUE
fare_DEL-BOM_AI_2026-09-07_T+7_1788218444132_c9mg,DEL-BOM,EaseMyTrip,AI,AI-2975,2026-09-07,T+7,6836,1500,8336,2026-08-31T02:56:41.703Z,FALSE,"",06:30,TRUE
fare_DEL-BOM_AI_2026-09-07_T+7_1788218444132_osq9,DEL-BOM,EaseMyTrip,AI,AI-2943,2026-09-07,T+7,7010,1539,8549,2026-08-31T02:56:41.703Z,FALSE,"",07:30,TRUE
fare_DEL-BOM_6E_2026-09-07_T+7_1788218444132_jk6s,DEL-BOM,EaseMyTrip,6E,6E-2383,2026-09-07,T+7,6892,1513,8405,2026-08-31T02:56:41.703Z,FALSE,"",05:40,FALSE
fare_DEL-BOM_AI_2026-09-07_T+7_1788218444132_7t1i,DEL-BOM,EaseMyTrip,AI,AI-2678,2026-09-07,T+7,7068,1552,8620,2026-08-31T02:56:41.703Z,FALSE,"",08:30,TRUE
fare_DEL-BOM_IX_2026-09-07_T+7_1788218444132_aj48,DEL-BOM,EaseMyTrip,IX,IX-1108,2026-09-07,T+7,7486,1643,9129,2026-08-31T02:56:41.703Z,FALSE,"",05:00,FALSE
fare_DEL-BOM_SG_2026-09-07_T+7_1788218444132_0ybg,DEL-BOM,EaseMyTrip,SG,SG-860,2026-09-07,T+7,7164,1572,8736,2026-08-31T02:56:41.703Z,FALSE,"",19:55,TRUE
fare_DEL-BOM_SG_2026-09-07_T+7_1788218444132_45kt,DEL-BOM,EaseMyTrip,SG,SG-291,2026-09-07,T+7,7164,1572,8736,2026-08-31T02:56:41.703Z,FALSE,"",19:55,TRUE
fare_DEL-BOM_SG_2026-09-07_T+7_1788218444132_syqw,DEL-BOM,EaseMyTrip,SG,SG-990,2026-09-07,T+7,7256,1593,8849,2026-08-31T02:56:41.703Z,FALSE,"",22:30,TRUE
fare_DEL-BOM_SG_2026-09-07_T+7_1788218444132_rdsc,DEL-BOM,EaseMyTrip,SG,SG-896,2026-09-07,T+7,7256,1593,8849,2026-08-31T02:56:41.703Z,FALSE,"",22:30,TRUE
fare_DEL-BOM_6E_2026-09-07_T+7_1788218444132_w391,DEL-BOM,EaseMyTrip,6E,6E-5073,2026-09-07,T+7,7527,1652,9179,2026-08-31T02:56:41.703Z,FALSE,"",17:05,FALSE
fare_DEL-BOM_6E_2026-09-07_T+7_1788218444132_865p,DEL-BOM,EaseMyTrip,6E,6E-2381,2026-09-07,T+7,7747,1700,9447,2026-08-31T02:56:41.703Z,FALSE,"",13:45,FALSE
fare_DEL-BOM_6E_2026-09-07_T+7_1788218444132_qfmt,DEL-BOM,EaseMyTrip,6E,6E-7642,2026-09-07,T+7,7816,1716,9532,2026-08-31T02:56:41.703Z,FALSE,"",15:45,FALSE
fare_DEL-BOM_AI_2026-09-07_T+7_1788218444132_oben,DEL-BOM,EaseMyTrip,AI,AI-2429,2026-09-07,T+7,8008,1758,9766,2026-08-31T02:56:41.703Z,FALSE,"",07:00,TRUE
fare_DEL-BOM_IX_2026-09-07_T+7_1788218444132_5t6q,DEL-BOM,EaseMyTrip,IX,IX-1165,2026-09-07,T+7,8243,1809,10052,2026-08-31T02:56:41.703Z,FALSE,"",05:45,FALSE
fare_DEL-BOM_6E_2026-09-07_T+7_1788218444132_h3g4,DEL-BOM,EaseMyTrip,6E,6E-2331,2026-09-07,T+7,8048,1767,9815,2026-08-31T02:56:41.703Z,FALSE,"",12:20,FALSE
fare_DEL-BOM_6E_2026-09-07_T+7_1788218444132_0adm,DEL-BOM,EaseMyTrip,6E,6E-680,2026-09-07,T+7,8048,1767,9815,2026-08-31T02:56:41.703Z,FALSE,"",10:00,FALSE
fare_DEL-BOM_6E_2026-09-07_T+7_1788218444132_8r19,DEL-BOM,EaseMyTrip,6E,6E-501,2026-09-07,T+7,8048,1767,9815,2026-08-31T02:56:41.703Z,FALSE,"",10:00,FALSE
fare_DEL-BOM_AI_2026-09-07_T+7_1788218444132_0ic7,DEL-BOM,EaseMyTrip,AI,AI-1780,2026-09-07,T+7,8518,1870,10388,2026-08-31T02:56:41.703Z,FALSE,"",16:10,TRUE
fare_DEL-BOM_AI_2026-09-07_T+7_1788218444132_opbg,DEL-BOM,EaseMyTrip,AI,AI-2509,2026-09-07,T+7,8817,1935,10752,2026-08-31T02:56:41.703Z,FALSE,"",06:55,FALSE
fare_DEL-BOM_AI_2026-09-07_T+7_1788218444132_lnr8,DEL-BOM,EaseMyTrip,AI,AI-1705,2026-09-07,T+7,8895,1952,10847,2026-08-31T02:56:41.703Z,FALSE,"",06:30,FALSE
fare_DEL-BOM_IX_2026-09-07_T+7_1788218444132_mlst,DEL-BOM,EaseMyTrip,IX,IX-1049,2026-09-07,T+7,9069,1991,11060,2026-08-31T02:56:41.703Z,FALSE,"",18:40,FALSE
fare_DEL-BOM_6E_2026-09-07_T+7_1788218444132_44mb,DEL-BOM,EaseMyTrip,6E,6E-5119,2026-09-07,T+7,8867,1946,10813,2026-08-31T02:56:41.703Z,FALSE,"",05:10,FALSE
fare_DEL-BOM_AI_2026-09-07_T+7_1788218444132_kjy8,DEL-BOM,EaseMyTrip,AI,AI-2499,2026-09-07,T+7,9122,2002,11124,2026-08-31T02:56:41.703Z,FALSE,"",05:55,FALSE
fare_DEL-BOM_6E_2026-09-07_T+7_1788218444132_oau1,DEL-BOM,EaseMyTrip,6E,6E-6601,2026-09-07,T+7,9173,2014,11187,2026-08-31T02:56:41.703Z,FALSE,"",19:45,FALSE
fare_DEL-BOM_AI_2026-09-07_T+7_1788218444132_1dbq,DEL-BOM,EaseMyTrip,AI,AI-9757,2026-09-07,T+7,9551,2097,11648,2026-08-31T02:56:41.703Z,FALSE,"",11:50,FALSE
fare_DEL-BOM_AI_2026-09-07_T+7_1788218444132_wimd,DEL-BOM,EaseMyTrip,AI,AI-9759,2026-09-07,T+7,9551,2097,11648,2026-08-31T02:56:41.703Z,FALSE,"",05:45,FALSE
fare_DEL-BOM_6E_2026-09-07_T+7_1788218444132_ta0y,DEL-BOM,EaseMyTrip,6E,6E-6983,2026-09-07,T+7,9558,2098,11656,2026-08-31T02:56:41.703Z,FALSE,"",15:35,FALSE
fare_DEL-BOM_QP_2026-09-07_T+7_1788218444132_i9ep,DEL-BOM,EaseMyTrip,QP,QP-1812,2026-09-07,T+7,9947,2184,12131,2026-08-31T02:56:41.703Z,FALSE,"",22:55,FALSE
fare_DEL-BOM_AI_2026-09-07_T+7_1788218444132_x0am,DEL-BOM,EaseMyTrip,AI,AI-9674,2026-09-07,T+7,10452,2294,12746,2026-08-31T02:56:41.703Z,FALSE,"",16:40,FALSE
fare_DEL-BOM_6E_2026-09-07_T+7_1788218444132_0iwt,DEL-BOM,EaseMyTrip,6E,6E-6293,2026-09-07,T+7,10357,2274,12631,2026-08-31T02:56:41.703Z,FALSE,"",09:55,FALSE
fare_DEL-BOM_IX_2026-09-07_T+7_1788218444132_3e9k,DEL-BOM,EaseMyTrip,IX,IX-1051,2026-09-07,T+7,11184,2455,13639,2026-08-31T02:56:41.703Z,FALSE,"",19:05,FALSE
fare_DEL-BOM_IX_2026-09-07_T+7_1788218444132_tfz4,DEL-BOM,EaseMyTrip,IX,IX-1068,2026-09-07,T+7,11281,2476,13757,2026-08-31T02:56:41.703Z,FALSE,"",11:55,FALSE
fare_DEL-BOM_AI_2026-09-07_T+7_1788218444132_cl1a,DEL-BOM,EaseMyTrip,AI,AI-2715,2026-09-07,T+7,11186,2455,13641,2026-08-31T02:56:41.703Z,FALSE,"",11:40,FALSE
fare_DEL-BOM_AI_2026-09-07_T+7_1788218444132_7onr,DEL-BOM,EaseMyTrip,AI,AI-809,2026-09-07,T+7,11273,2475,13748,2026-08-31T02:56:41.703Z,FALSE,"",17:40,FALSE
fare_DEL-BOM_6E_2026-09-07_T+7_1788218444132_9h56,DEL-BOM,EaseMyTrip,6E,6E-943,2026-09-07,T+7,11339,2489,13828,2026-08-31T02:56:41.703Z,FALSE,"",02:25,FALSE
fare_DEL-BOM_6E_2026-09-07_T+7_1788218444132_ttej,DEL-BOM,EaseMyTrip,6E,6E-511,2026-09-07,T+7,11339,2489,13828,2026-08-31T02:56:41.703Z,FALSE,"",02:25,FALSE
fare_DEL-BOM_6E_2026-09-07_T+7_1788218444132_9i68,DEL-BOM,EaseMyTrip,6E,6E-566,2026-09-07,T+7,11605,2548,14153,2026-08-31T02:56:41.703Z,FALSE,"",08:30,FALSE
fare_DEL-BOM_6E_2026-09-07_T+7_1788218444132_cjxr,DEL-BOM,EaseMyTrip,6E,6E-411,2026-09-07,T+7,11605,2548,14153,2026-08-31T02:56:41.703Z,FALSE,"",08:30,FALSE
fare_DEL-BOM_AI_2026-09-07_T+7_1788218444132_zdm2,DEL-BOM,EaseMyTrip,AI,AI-2761,2026-09-07,T+7,12103,2657,14760,2026-08-31T02:56:41.703Z,TRUE,"High outlier: ₹14760 > upper fence ₹14743 (Q3: ₹9815, IQR: ₹3285)",16:25,FALSE
fare_DEL-BOM_IX_2026-09-07_T+7_1788218444132_nawi,DEL-BOM,EaseMyTrip,IX,IX-1003,2026-09-07,T+7,12929,2838,15767,2026-08-31T02:56:41.703Z,TRUE,"High outlier: ₹15767 > upper fence ₹14743 (Q3: ₹9815, IQR: ₹3285)",19:10,FALSE
fare_DEL-BOM_AI_2026-09-07_T+7_1788218444132_ae7m,DEL-BOM,EaseMyTrip,AI,AI-1743,2026-09-07,T+7,13065,2868,15933,2026-08-31T02:56:41.703Z,TRUE,"High outlier: ₹15933 > upper fence ₹14743 (Q3: ₹9815, IQR: ₹3285)",06:20,FALSE
fare_DEL-BOM_AI_2026-09-07_T+7_1788218444132_zbko,DEL-BOM,EaseMyTrip,AI,AI-2601,2026-09-07,T+7,13065,2868,15933,2026-08-31T02:56:41.703Z,TRUE,"High outlier: ₹15933 > upper fence ₹14743 (Q3: ₹9815, IQR: ₹3285)",17:00,FALSE
fare_DEL-BOM_QP_2026-09-07_T+7_1788218444132_rmr9,DEL-BOM,EaseMyTrip,QP,QP-1822,2026-09-07,T+7,12935,2839,15774,2026-08-31T02:56:41.703Z,TRUE,"High outlier: ₹15774 > upper fence ₹14743 (Q3: ₹9815, IQR: ₹3285)",16:40,FALSE
fare_DEL-BOM_AI_2026-09-07_T+7_1788218444132_bto1,DEL-BOM,EaseMyTrip,AI,AI-9584,2026-09-07,T+7,13382,2937,16319,2026-08-31T02:56:41.703Z,TRUE,"High outlier: ₹16319 > upper fence ₹14743 (Q3: ₹9815, IQR: ₹3285)",11:15,FALSE
fare_DEL-BOM_AI_2026-09-07_T+7_1788218444132_xk9k,DEL-BOM,EaseMyTrip,AI,AI-2907,2026-09-07,T+7,14197,3117,17314,2026-08-31T02:56:41.703Z,TRUE,"High outlier: ₹17314 > upper fence ₹14743 (Q3: ₹9815, IQR: ₹3285)",11:55,FALSE
fare_DEL-BOM_AI_2026-09-07_T+7_1788218444132_5043,DEL-BOM,EaseMyTrip,AI,AI-491,2026-09-07,T+7,14497,3182,17679,2026-08-31T02:56:41.703Z,TRUE,"High outlier: ₹17679 > upper fence ₹14743 (Q3: ₹9815, IQR: ₹3285)",11:15,FALSE
fare_DEL-BOM_AI_2026-09-07_T+7_1788218444132_fhnh,DEL-BOM,EaseMyTrip,AI,AI-1773,2026-09-07,T+7,14497,3182,17679,2026-08-31T02:56:41.703Z,TRUE,"High outlier: ₹17679 > upper fence ₹14743 (Q3: ₹9815, IQR: ₹3285)",10:30,FALSE
fare_DEL-BOM_AI_2026-09-07_T+7_1788218444132_xbqw,DEL-BOM,EaseMyTrip,AI,AI-2577,2026-09-07,T+7,14577,3200,17777,2026-08-31T02:56:41.703Z,TRUE,"High outlier: ₹17777 > upper fence ₹14743 (Q3: ₹9815, IQR: ₹3285)",02:00,FALSE
fare_DEL-BOM_AI_2026-09-07_T+7_1788218444132_nfm3,DEL-BOM,EaseMyTrip,AI,AI-2465,2026-09-07,T+7,14880,3266,18146,2026-08-31T02:56:41.703Z,TRUE,"High outlier: ₹18146 > upper fence ₹14743 (Q3: ₹9815, IQR: ₹3285)",14:30,FALSE
fare_DEL-BOM_AI_2026-09-07_T+7_1788218444132_302z,DEL-BOM,EaseMyTrip,AI,AI-1779,2026-09-07,T+7,17073,3748,20821,2026-08-31T02:56:41.703Z,TRUE,"High outlier: ₹20821 > upper fence ₹14743 (Q3: ₹9815, IQR: ₹3285)",13:50,FALSE
fare_DEL-BOM_AI_2026-09-07_T+7_1788218444132_jio7,DEL-BOM,EaseMyTrip,AI,AI-1739,2026-09-07,T+7,17347,3808,21155,2026-08-31T02:56:41.703Z,TRUE,"High outlier: ₹21155 > upper fence ₹14743 (Q3: ₹9815, IQR: ₹3285)",11:30,FALSE
fare_DEL-BOM_AI_2026-09-07_T+7_1788218444132_eksi,DEL-BOM,EaseMyTrip,AI,AI-2627,2026-09-07,T+7,35828,7865,43693,2026-08-31T02:56:41.703Z,TRUE,"High outlier: ₹43693 > upper fence ₹14743 (Q3: ₹9815, IQR: ₹3285)",10:45,FALSE
fare_DEL-BOM_AI_2026-09-07_T+7_1788218444132_67hu,DEL-BOM,EaseMyTrip,AI,AI-427,2026-09-07,T+7,35845,7869,43714,2026-08-31T02:56:41.703Z,TRUE,"High outlier: ₹43714 > upper fence ₹14743 (Q3: ₹9815, IQR: ₹3285)",08:30,FALSE
fare_DEL-BOM_SG_2026-09-07_T+7_1788218444134_fgiy,DEL-BOM,EaseMyTrip,SG,SG-507,2026-09-07,T+7,5287,1160,6447,2026-08-31T22:59:08.810Z,FALSE,"",22:30,TRUE
fare_DEL-BOM_SG_2026-09-07_T+7_1788218444134_55yn,DEL-BOM,EaseMyTrip,SG,SG-909,2026-09-07,T+7,5287,1160,6447,2026-08-31T22:59:08.810Z,FALSE,"",22:30,TRUE
fare_DEL-BOM_6E_2026-09-07_T+7_1788218444134_8sbx,DEL-BOM,EaseMyTrip,6E,6E-774,2026-09-07,T+7,5067,1112,6179,2026-08-31T22:59:08.810Z,FALSE,"",19:35,FALSE
fare_DEL-BOM_6E_2026-09-07_T+7_1788218444134_l8dw,DEL-BOM,EaseMyTrip,6E,6E-534,2026-09-07,T+7,5067,1112,6179,2026-08-31T22:59:08.810Z,FALSE,"",19:35,FALSE
fare_DEL-BOM_SG_2026-09-07_T+7_1788218444134_gshg,DEL-BOM,EaseMyTrip,SG,SG-265,2026-09-07,T+7,5438,1194,6632,2026-08-31T22:59:08.810Z,FALSE,"",19:55,TRUE
fare_DEL-BOM_SG_2026-09-07_T+7_1788218444134_ryb6,DEL-BOM,EaseMyTrip,SG,SG-758,2026-09-07,T+7,5438,1194,6632,2026-08-31T22:59:08.810Z,FALSE,"",19:55,TRUE
fare_DEL-BOM_6E_2026-09-07_T+7_1788218444134_nwfk,DEL-BOM,EaseMyTrip,6E,6E-508,2026-09-07,T+7,5346,1174,6520,2026-08-31T22:59:08.810Z,FALSE,"",23:15,FALSE
fare_DEL-BOM_6E_2026-09-07_T+7_1788218444134_vwot,DEL-BOM,EaseMyTrip,6E,6E-854,2026-09-07,T+7,5346,1174,6520,2026-08-31T22:59:08.810Z,FALSE,"",23:15,FALSE
fare_DEL-BOM_6E_2026-09-07_T+7_1788218444134_nodq,DEL-BOM,EaseMyTrip,6E,6E-219,2026-09-07,T+7,5354,1175,6529,2026-08-31T22:59:08.810Z,FALSE,"",20:20,TRUE
fare_DEL-BOM_6E_2026-09-07_T+7_1788218444134_dtwf,DEL-BOM,EaseMyTrip,6E,6E-580,2026-09-07,T+7,5354,1175,6529,2026-08-31T22:59:08.810Z,FALSE,"",20:20,TRUE
fare_DEL-BOM_6E_2026-09-07_T+7_1788218444134_h3v5,DEL-BOM,EaseMyTrip,6E,6E-132,2026-09-07,T+7,5355,1175,6530,2026-08-31T22:59:08.810Z,FALSE,"",23:30,TRUE
fare_DEL-BOM_6E_2026-09-07_T+7_1788218444134_xjmb,DEL-BOM,EaseMyTrip,6E,6E-246,2026-09-07,T+7,5355,1175,6530,2026-08-31T22:59:08.810Z,FALSE,"",23:30,TRUE
fare_DEL-BOM_6E_2026-09-07_T+7_1788218444134_sc4x,DEL-BOM,EaseMyTrip,6E,6E-773,2026-09-07,T+7,5355,1175,6530,2026-08-31T22:59:08.810Z,FALSE,"",19:00,TRUE
fare_DEL-BOM_6E_2026-09-07_T+7_1788218444134_dxpk,DEL-BOM,EaseMyTrip,6E,6E-569,2026-09-07,T+7,5355,1175,6530,2026-08-31T22:59:08.810Z,FALSE,"",19:00,TRUE
fare_DEL-BOM_6E_2026-09-07_T+7_1788218444134_2idk,DEL-BOM,EaseMyTrip,6E,6E-816,2026-09-07,T+7,5355,1175,6530,2026-08-31T22:59:08.810Z,FALSE,"",18:00,TRUE
fare_DEL-BOM_6E_2026-09-07_T+7_1788218444134_jmtq,DEL-BOM,EaseMyTrip,6E,6E-780,2026-09-07,T+7,5355,1175,6530,2026-08-31T22:59:08.810Z,FALSE,"",18:00,TRUE
fare_DEL-BOM_6E_2026-09-07_T+7_1788218444134_syru,DEL-BOM,EaseMyTrip,6E,6E-301,2026-09-07,T+7,5355,1175,6530,2026-08-31T22:59:08.810Z,FALSE,"",16:15,TRUE
fare_DEL-BOM_6E_2026-09-07_T+7_1788218444134_jqrf,DEL-BOM,EaseMyTrip,6E,6E-245,2026-09-07,T+7,5355,1175,6530,2026-08-31T22:59:08.810Z,FALSE,"",16:15,TRUE
fare_DEL-BOM_6E_2026-09-07_T+7_1788218444134_7wxh,DEL-BOM,EaseMyTrip,6E,6E-820,2026-09-07,T+7,5355,1175,6530,2026-08-31T22:59:08.810Z,FALSE,"",15:30,TRUE
fare_DEL-BOM_6E_2026-09-07_T+7_1788218444134_xjdl,DEL-BOM,EaseMyTrip,6E,6E-415,2026-09-07,T+7,5355,1175,6530,2026-08-31T22:59:08.810Z,FALSE,"",15:30,TRUE
fare_DEL-BOM_6E_2026-09-07_T+7_1788218444134_orkw,DEL-BOM,EaseMyTrip,6E,6E-898,2026-09-07,T+7,5355,1175,6530,2026-08-31T22:59:08.810Z,FALSE,"",13:00,TRUE
fare_DEL-BOM_6E_2026-09-07_T+7_1788218444134_n92m,DEL-BOM,EaseMyTrip,6E,6E-737,2026-09-07,T+7,5355,1175,6530,2026-08-31T22:59:08.810Z,FALSE,"",13:00,TRUE
fare_DEL-BOM_6E_2026-09-07_T+7_1788218444134_u1ck,DEL-BOM,EaseMyTrip,6E,6E-189,2026-09-07,T+7,5411,1188,6599,2026-08-31T22:59:08.810Z,FALSE,"",19:30,FALSE
fare_DEL-BOM_6E_2026-09-07_T+7_1788218444134_n58b,DEL-BOM,EaseMyTrip,6E,6E-903,2026-09-07,T+7,5411,1188,6599,2026-08-31T22:59:08.810Z,FALSE,"",12:15,FALSE
fare_DEL-BOM_6E_2026-09-07_T+7_1788218444134_4tcy,DEL-BOM,EaseMyTrip,6E,6E-745,2026-09-07,T+7,5411,1188,6599,2026-08-31T22:59:08.810Z,FALSE,"",12:15,FALSE
fare_DEL-BOM_6E_2026-09-07_T+7_1788218444134_k59o,DEL-BOM,EaseMyTrip,6E,6E-782,2026-09-07,T+7,5656,1242,6898,2026-08-31T22:59:08.810Z,FALSE,"",05:00,TRUE
fare_DEL-BOM_6E_2026-09-07_T+7_1788218444134_9moi,DEL-BOM,EaseMyTrip,6E,6E-942,2026-09-07,T+7,5656,1242,6898,2026-08-31T22:59:08.810Z,FALSE,"",05:00,TRUE
fare_DEL-BOM_6E_2026-09-07_T+7_1788218444134_p7xr,DEL-BOM,EaseMyTrip,6E,6E-555,2026-09-07,T+7,5656,1242,6898,2026-08-31T22:59:08.810Z,FALSE,"",21:45,TRUE
fare_DEL-BOM_6E_2026-09-07_T+7_1788218444134_v0sr,DEL-BOM,EaseMyTrip,6E,6E-456,2026-09-07,T+7,5656,1242,6898,2026-08-31T22:59:08.810Z,FALSE,"",21:45,TRUE
fare_DEL-BOM_6E_2026-09-07_T+7_1788218444134_v0cc,DEL-BOM,EaseMyTrip,6E,6E-978,2026-09-07,T+7,5656,1242,6898,2026-08-31T22:59:08.810Z,FALSE,"",20:00,TRUE
fare_DEL-BOM_6E_2026-09-07_T+7_1788218444134_mw98,DEL-BOM,EaseMyTrip,6E,6E-937,2026-09-07,T+7,5656,1242,6898,2026-08-31T22:59:08.810Z,FALSE,"",20:00,TRUE
fare_DEL-BOM_6E_2026-09-07_T+7_1788218444134_m300,DEL-BOM,EaseMyTrip,6E,6E-861,2026-09-07,T+7,5656,1242,6898,2026-08-31T22:59:08.810Z,FALSE,"",20:45,TRUE
fare_DEL-BOM_6E_2026-09-07_T+7_1788218444134_5m75,DEL-BOM,EaseMyTrip,6E,6E-285,2026-09-07,T+7,5656,1242,6898,2026-08-31T22:59:08.810Z,FALSE,"",20:45,TRUE
fare_DEL-BOM_6E_2026-09-07_T+7_1788218444134_8bri,DEL-BOM,EaseMyTrip,6E,6E-173,2026-09-07,T+7,5656,1242,6898,2026-08-31T22:59:08.810Z,FALSE,"",08:45,TRUE
fare_DEL-BOM_6E_2026-09-07_T+7_1788218444134_dzjz,DEL-BOM,EaseMyTrip,6E,6E-499,2026-09-07,T+7,5656,1242,6898,2026-08-31T22:59:08.810Z,FALSE,"",08:45,TRUE
fare_DEL-BOM_6E_2026-09-07_T+7_1788218444134_u5su,DEL-BOM,EaseMyTrip,6E,6E-769,2026-09-07,T+7,5853,1285,7138,2026-08-31T22:59:08.810Z,FALSE,"",10:00,FALSE
fare_DEL-BOM_6E_2026-09-07_T+7_1788218444134_u4dz,DEL-BOM,EaseMyTrip,6E,6E-788,2026-09-07,T+7,5853,1285,7138,2026-08-31T22:59:08.810Z,FALSE,"",10:00,FALSE
fare_DEL-BOM_6E_2026-09-07_T+7_1788218444134_ymdy,DEL-BOM,EaseMyTrip,6E,6E-359,2026-09-07,T+7,6388,1402,7790,2026-08-31T22:59:08.810Z,FALSE,"",08:00,TRUE
fare_DEL-BOM_6E_2026-09-07_T+7_1788218444134_ux4c,DEL-BOM,EaseMyTrip,6E,6E-256,2026-09-07,T+7,6388,1402,7790,2026-08-31T22:59:08.810Z,FALSE,"",08:00,TRUE
fare_DEL-BOM_AI_2026-09-07_T+7_1788218444134_kui8,DEL-BOM,EaseMyTrip,AI,AI-2569,2026-09-07,T+7,8735,1917,10652,2026-08-31T22:59:08.810Z,FALSE,"",20:25,FALSE
fare_DEL-BOM_AI_2026-09-07_T+7_1788218444134_dycr,DEL-BOM,EaseMyTrip,AI,AI-1710,2026-09-07,T+7,8735,1917,10652,2026-08-31T22:59:08.810Z,FALSE,"",18:35,FALSE
fare_DEL-BOM_AI_2026-09-07_T+7_1788218444134_koac,DEL-BOM,EaseMyTrip,AI,AI-1717,2026-09-07,T+7,9405,2064,11469,2026-08-31T22:59:08.810Z,FALSE,"",14:20,FALSE
fare_DEL-BOM_AI_2026-09-07_T+7_1788218444134_92rb,DEL-BOM,EaseMyTrip,AI,AI-9447,2026-09-07,T+7,9509,2087,11596,2026-08-31T22:59:08.810Z,FALSE,"",23:25,FALSE
fare_DEL-BOM_AI_2026-09-07_T+7_1788218444134_5t0m,DEL-BOM,EaseMyTrip,AI,AI-2909,2026-09-07,T+7,11186,2455,13641,2026-08-31T22:59:08.810Z,FALSE,"",22:30,FALSE
fare_DEL-BOM_AI_2026-09-07_T+7_1788218444134_8av1,DEL-BOM,EaseMyTrip,AI,AI-2545,2026-09-07,T+7,11186,2455,13641,2026-08-31T22:59:08.810Z,FALSE,"",20:30,FALSE
fare_DEL-BOM_AI_2026-09-07_T+7_1788218444134_euru,DEL-BOM,EaseMyTrip,AI,AI-531,2026-09-07,T+7,11186,2455,13641,2026-08-31T22:59:08.810Z,FALSE,"",19:20,FALSE
fare_DEL-BOM_AI_2026-09-07_T+7_1788218444134_dmj3,DEL-BOM,EaseMyTrip,AI,AI-2939,2026-09-07,T+7,11186,2455,13641,2026-08-31T22:59:08.810Z,FALSE,"",16:40,FALSE
fare_DEL-BOM_6E_2026-09-07_T+7_1788218444134_nbx3,DEL-BOM,EaseMyTrip,6E,6E-646,2026-09-07,T+7,11733,2576,14309,2026-08-31T22:59:08.810Z,FALSE,"",02:25,FALSE
fare_DEL-BOM_6E_2026-09-07_T+7_1788218444134_47sm,DEL-BOM,EaseMyTrip,6E,6E-101,2026-09-07,T+7,11733,2576,14309,2026-08-31T22:59:08.810Z,FALSE,"",02:25,FALSE
fare_DEL-BOM_AI_2026-09-07_T+7_1788218444134_wpc4,DEL-BOM,EaseMyTrip,AI,AI-1757,2026-09-07,T+7,13927,3057,16984,2026-08-31T22:59:08.810Z,TRUE,"High outlier: ₹16984 > upper fence ₹14743 (Q3: ₹9815, IQR: ₹3285)",15:40,FALSE
fare_DEL-BOM_6E_2026-09-07_T+7_1788218444134_ae87,DEL-BOM,EaseMyTrip,6E,6E-896,2026-09-07,T+7,17281,3793,21074,2026-08-31T22:59:08.810Z,TRUE,"High outlier: ₹21074 > upper fence ₹14743 (Q3: ₹9815, IQR: ₹3285)",08:30,FALSE
fare_DEL-BOM_6E_2026-09-07_T+7_1788218444134_a0k4,DEL-BOM,EaseMyTrip,6E,6E-459,2026-09-07,T+7,17281,3793,21074,2026-08-31T22:59:08.810Z,TRUE,"High outlier: ₹21074 > upper fence ₹14743 (Q3: ₹9815, IQR: ₹3285)",08:30,FALSE