id,route_id,source,carrier,flight_number,flight_date,booking_window,base_fare,taxes,total_fare,scraped_at,is_outlier,outlier_reason,departure_time,is_nonstop
fare_DEL-BOM_IX_2026-09-15_T+15_1788146301089_ai6o,DEL-BOM,EaseMyTrip,IX,IX-1165,2026-09-15,T+15,5354,1175,6529,2026-08-31T02:56:47.263Z,FALSE,"",05:45,FALSE
fare_DEL-BOM_IX_2026-09-15_T+15_1788146301089_vn32,DEL-BOM,EaseMyTrip,IX,IX-1235,2026-09-15,T+15,5354,1175,6529,2026-08-31T02:56:47.263Z,FALSE,"",23:25,TRUE
fare_DEL-BOM_IX_2026-09-15_T+15_1788146301089_1ovm,DEL-BOM,EaseMyTrip,IX,IX-1056,2026-09-15,T+15,5354,1175,6529,2026-08-31T02:56:47.263Z,FALSE,"",05:35,TRUE
fare_DEL-BOM_IX_2026-09-15_T+15_1788146301089_4owx,DEL-BOM,EaseMyTrip,IX,IX-1038,2026-09-15,T+15,5354,1175,6529,2026-08-31T02:56:47.263Z,FALSE,"",17:35,TRUE
fare_DEL-BOM_IX_2026-09-15_T+15_1788146301089_s7z2,DEL-BOM,EaseMyTrip,IX,IX-1080,2026-09-15,T+15,5354,1175,6529,2026-08-31T02:56:47.263Z,FALSE,"",18:40,TRUE
fare_DEL-BOM_6E_2026-09-15_T+15_1788146301089_nfg8,DEL-BOM,EaseMyTrip,6E,6E-186,2026-09-15,T+15,5354,1175,6529,2026-08-31T02:56:47.263Z,FALSE,"",20:20,TRUE
fare_DEL-BOM_6E_2026-09-15_T+15_1788146301089_bii8,DEL-BOM,EaseMyTrip,6E,6E-889,2026-09-15,T+15,5354,1175,6529,2026-08-31T02:56:47.263Z,FALSE,"",20:20,TRUE
fare_DEL-BOM_6E_2026-09-15_T+15_1788146301089_7ull,DEL-BOM,EaseMyTrip,6E,6E-6470,2026-09-15,T+15,5354,1175,6529,2026-08-31T02:56:47.263Z,FALSE,"",06:55,TRUE
fare_DEL-BOM_QP_2026-09-15_T+15_1788146301089_5hx6,DEL-BOM,EaseMyTrip,QP,QP-1119,2026-09-15,T+15,5355,1175,6530,2026-08-31T02:56:47.263Z,FALSE,"",08:40,TRUE
fare_DEL-BOM_QP_2026-09-15_T+15_1788146301089_suw2,DEL-BOM,EaseMyTrip,QP,QP-1110,2026-09-15,T+15,5355,1175,6530,2026-08-31T02:56:47.263Z,FALSE,"",10:30,TRUE
fare_DEL-BOM_QP_2026-09-15_T+15_1788146301089_7ir1,DEL-BOM,EaseMyTrip,QP,QP-1807,2026-09-15,T+15,5355,1175,6530,2026-08-31T02:56:47.263Z,FALSE,"",13:40,TRUE
fare_DEL-BOM_QP_2026-09-15_T+15_1788146301089_wrik,DEL-BOM,EaseMyTrip,QP,QP-1820,2026-09-15,T+15,5355,1175,6530,2026-08-31T02:56:47.263Z,FALSE,"",17:30,TRUE
fare_DEL-BOM_QP_2026-09-15_T+15_1788146301089_pdba,DEL-BOM,EaseMyTrip,QP,QP-1833,2026-09-15,T+15,5355,1175,6530,2026-08-31T02:56:47.263Z,FALSE,"",06:50,TRUE
fare_DEL-BOM_QP_2026-09-15_T+15_1788146301089_v0w7,DEL-BOM,EaseMyTrip,QP,QP-1112,2026-09-15,T+15,5355,1175,6530,2026-08-31T02:56:47.263Z,FALSE,"",09:20,TRUE
fare_DEL-BOM_QP_2026-09-15_T+15_1788146301089_lwq9,DEL-BOM,EaseMyTrip,QP,QP-1128,2026-09-15,T+15,5355,1175,6530,2026-08-31T02:56:47.263Z,FALSE,"",16:00,TRUE
fare_DEL-BOM_QP_2026-09-15_T+15_1788146301089_vlai,DEL-BOM,EaseMyTrip,QP,QP-1836,2026-09-15,T+15,5355,1175,6530,2026-08-31T02:56:47.263Z,FALSE,"",12:30,TRUE
fare_DEL-BOM_QP_2026-09-15_T+15_1788146301089_9czq,DEL-BOM,EaseMyTrip,QP,QP-1826,2026-09-15,T+15,5355,1175,6530,2026-08-31T02:56:47.263Z,FALSE,"",19:55,TRUE
fare_DEL-BOM_6E_2026-09-15_T+15_1788146301089_h7mo,DEL-BOM,EaseMyTrip,6E,6E-742,2026-09-15,T+15,5355,1175,6530,2026-08-31T02:56:47.263Z,FALSE,"",23:30,TRUE
fare_DEL-BOM_6E_2026-09-15_T+15_1788146301089_fhld,DEL-BOM,EaseMyTrip,6E,6E-862,2026-09-15,T+15,5355,1175,6530,2026-08-31T02:56:47.263Z,FALSE,"",23:30,TRUE
fare_DEL-BOM_6E_2026-09-15_T+15_1788146301089_52dd,DEL-BOM,EaseMyTrip,6E,6E-6706,2026-09-15,T+15,5355,1175,6530,2026-08-31T02:56:47.263Z,FALSE,"",17:00,TRUE
fare_DEL-BOM_6E_2026-09-15_T+15_1788146301089_uhw4,DEL-BOM,EaseMyTrip,6E,6E-295,2026-09-15,T+15,5355,1175,6530,2026-08-31T02:56:47.263Z,FALSE,"",16:15,TRUE
fare_DEL-BOM_6E_2026-09-15_T+15_1788146301089_cb5t,DEL-BOM,EaseMyTrip,6E,6E-720,2026-09-15,T+15,5355,1175,6530,2026-08-31T02:56:47.263Z,FALSE,"",16:15,TRUE
fare_DEL-BOM_6E_2026-09-15_T+15_1788146301089_nggt,DEL-BOM,EaseMyTrip,6E,6E-458,2026-09-15,T+15,5355,1175,6530,2026-08-31T02:56:47.263Z,FALSE,"",15:30,TRUE
fare_DEL-BOM_6E_2026-09-15_T+15_1788146301089_u9ur,DEL-BOM,EaseMyTrip,6E,6E-971,2026-09-15,T+15,5355,1175,6530,2026-08-31T02:56:47.263Z,FALSE,"",15:30,TRUE
fare_DEL-BOM_6E_2026-09-15_T+15_1788146301089_sbz3,DEL-BOM,EaseMyTrip,6E,6E-6318,2026-09-15,T+15,5355,1175,6530,2026-08-31T02:56:47.263Z,FALSE,"",14:45,TRUE
fare_DEL-BOM_6E_2026-09-15_T+15_1788146301089_gls5,DEL-BOM,EaseMyTrip,6E,6E-476,2026-09-15,T+15,5355,1175,6530,2026-08-31T02:56:47.263Z,FALSE,"",13:00,TRUE
fare_DEL-BOM_6E_2026-09-15_T+15_1788146301089_2t2l,DEL-BOM,EaseMyTrip,6E,6E-176,2026-09-15,T+15,5355,1175,6530,2026-08-31T02:56:47.263Z,FALSE,"",13:00,TRUE
fare_DEL-BOM_6E_2026-09-15_T+15_1788146301089_dbhq,DEL-BOM,EaseMyTrip,6E,6E-6022,2026-09-15,T+15,5355,1175,6530,2026-08-31T02:56:47.263Z,FALSE,"",14:00,TRUE
fare_DEL-BOM_6E_2026-09-15_T+15_1788146301089_pwi4,DEL-BOM,EaseMyTrip,6E,6E-6107,2026-09-15,T+15,5355,1175,6530,2026-08-31T02:56:47.263Z,FALSE,"",09:30,TRUE
fare_DEL-BOM_6E_2026-09-15_T+15_1788146301089_c6qj,DEL-BOM,EaseMyTrip,6E,6E-6328,2026-09-15,T+15,5355,1175,6530,2026-08-31T02:56:47.263Z,FALSE,"",10:15,TRUE
fare_DEL-BOM_6E_2026-09-15_T+15_1788146301089_5ej8,DEL-BOM,EaseMyTrip,6E,6E-6047,2026-09-15,T+15,5355,1175,6530,2026-08-31T02:56:47.263Z,FALSE,"",11:00,TRUE
fare_DEL-BOM_6E_2026-09-15_T+15_1788146301089_j3q8,DEL-BOM,EaseMyTrip,6E,6E-6676,2026-09-15,T+15,5355,1175,6530,2026-08-31T02:56:47.263Z,FALSE,"",12:00,TRUE
fare_DEL-BOM_QP_2026-09-15_T+15_1788146301089_h01y,DEL-BOM,EaseMyTrip,QP,QP-1940,2026-09-15,T+15,5427,1191,6618,2026-08-31T02:56:47.263Z,FALSE,"",14:00,TRUE
fare_DEL-BOM_6E_2026-09-15_T+15_1788146301089_gc3k,DEL-BOM,EaseMyTrip,6E,6E-5198,2026-09-15,T+15,5427,1191,6618,2026-08-31T02:56:47.263Z,FALSE,"",15:00,TRUE
fare_DEL-BOM_6E_2026-09-15_T+15_1788146301089_2x86,DEL-BOM,EaseMyTrip,6E,6E-837,2026-09-15,T+15,5484,1204,6688,2026-08-31T02:56:47.263Z,FALSE,"",05:00,TRUE
fare_DEL-BOM_6E_2026-09-15_T+15_1788146301089_gsen,DEL-BOM,EaseMyTrip,6E,6E-996,2026-09-15,T+15,5484,1204,6688,2026-08-31T02:56:47.263Z,FALSE,"",05:00,TRUE
fare_DEL-BOM_6E_2026-09-15_T+15_1788146301089_gpoh,DEL-BOM,EaseMyTrip,6E,6E-6114,2026-09-15,T+15,5484,1204,6688,2026-08-31T02:56:47.263Z,FALSE,"",22:45,TRUE
fare_DEL-BOM_6E_2026-09-15_T+15_1788146301089_5yoj,DEL-BOM,EaseMyTrip,6E,6E-6218,2026-09-15,T+15,5484,1204,6688,2026-08-31T02:56:47.263Z,FALSE,"",06:05,TRUE
fare_DEL-BOM_6E_2026-09-15_T+15_1788146301089_waaj,DEL-BOM,EaseMyTrip,6E,6E-814,2026-09-15,T+15,5484,1204,6688,2026-08-31T02:56:47.263Z,FALSE,"",08:45,TRUE
fare_DEL-BOM_6E_2026-09-15_T+15_1788146301089_5o7o,DEL-BOM,EaseMyTrip,6E,6E-571,2026-09-15,T+15,5484,1204,6688,2026-08-31T02:56:47.263Z,FALSE,"",08:45,TRUE
fare_DEL-BOM_AI_2026-09-15_T+15_1788146301089_unqi,DEL-BOM,EaseMyTrip,AI,AI-2963,2026-09-15,T+15,5740,1260,7000,2026-08-31T02:56:47.263Z,FALSE,"",09:00,TRUE
fare_DEL-BOM_AI_2026-09-15_T+15_1788146301089_ug9f,DEL-BOM,EaseMyTrip,AI,AI-2425,2026-09-15,T+15,5740,1260,7000,2026-08-31T02:56:47.263Z,FALSE,"",10:30,TRUE
fare_DEL-BOM_AI_2026-09-15_T+15_1788146301089_zwvj,DEL-BOM,EaseMyTrip,AI,AI-2951,2026-09-15,T+15,5740,1260,7000,2026-08-31T02:56:47.263Z,FALSE,"",13:30,TRUE
fare_DEL-BOM_AI_2026-09-15_T+15_1788146301089_ju3n,DEL-BOM,EaseMyTrip,AI,AI-2941,2026-09-15,T+15,5740,1260,7000,2026-08-31T02:56:47.263Z,FALSE,"",16:30,TRUE
fare_DEL-BOM_AI_2026-09-15_T+15_1788146301089_ac5s,DEL-BOM,EaseMyTrip,AI,AI-2981,2026-09-15,T+15,5740,1260,7000,2026-08-31T02:56:47.263Z,FALSE,"",21:00,TRUE
fare_DEL-BOM_AI_2026-09-15_T+15_1788146301089_8kcr,DEL-BOM,EaseMyTrip,AI,AI-2995,2026-09-15,T+15,5740,1260,7000,2026-08-31T02:56:47.263Z,FALSE,"",10:00,TRUE
fare_DEL-BOM_AI_2026-09-15_T+15_1788146301089_wep5,DEL-BOM,EaseMyTrip,AI,AI-2945,2026-09-15,T+15,5740,1260,7000,2026-08-31T02:56:47.263Z,FALSE,"",11:00,TRUE
fare_DEL-BOM_AI_2026-09-15_T+15_1788146301089_8q2z,DEL-BOM,EaseMyTrip,AI,AI-1785,2026-09-15,T+15,5740,1260,7000,2026-08-31T02:56:47.263Z,FALSE,"",12:00,TRUE
fare_DEL-BOM_AI_2026-09-15_T+15_1788146301089_4plb,DEL-BOM,EaseMyTrip,AI,AI-2933,2026-09-15,T+15,5740,1260,7000,2026-08-31T02:56:47.263Z,FALSE,"",15:30,TRUE
fare_DEL-BOM_AI_2026-09-15_T+15_1788146301089_o04r,DEL-BOM,EaseMyTrip,AI,AI-1777,2026-09-15,T+15,5740,1260,7000,2026-08-31T02:56:47.263Z,FALSE,"",16:00,TRUE
fare_DEL-BOM_AI_2026-09-15_T+15_1788146301089_blyq,DEL-BOM,EaseMyTrip,AI,AI-441,2026-09-15,T+15,5740,1260,7000,2026-08-31T02:56:47.263Z,FALSE,"",17:00,TRUE
fare_DEL-BOM_AI_2026-09-15_T+15_1788146301089_88fs,DEL-BOM,EaseMyTrip,AI,AI-2439,2026-09-15,T+15,5740,1260,7000,2026-08-31T02:56:47.263Z,FALSE,"",23:00,TRUE
fare_DEL-BOM_AI_2026-09-15_T+15_1788146301089_kzh8,DEL-BOM,EaseMyTrip,AI,AI-2927,2026-09-15,T+15,5740,1260,7000,2026-08-31T02:56:47.263Z,FALSE,"",09:30,TRUE
fare_DEL-BOM_6E_2026-09-15_T+15_1788146301089_w1vm,DEL-BOM,EaseMyTrip,6E,6E-555,2026-09-15,T+15,5656,1242,6898,2026-08-31T02:56:47.263Z,FALSE,"",20:00,TRUE
fare_DEL-BOM_6E_2026-09-15_T+15_1788146301089_raxn,DEL-BOM,EaseMyTrip,6E,6E-468,2026-09-15,T+15,5656,1242,6898,2026-08-31T02:56:47.263Z,FALSE,"",20:00,TRUE
fare_DEL-BOM_6E_2026-09-15_T+15_1788146301089_1r3o,DEL-BOM,EaseMyTrip,6E,6E-240,2026-09-15,T+15,5656,1242,6898,2026-08-31T02:56:47.263Z,FALSE,"",19:00,TRUE
fare_DEL-BOM_6E_2026-09-15_T+15_1788146301089_8u85,DEL-BOM,EaseMyTrip,6E,6E-501,2026-09-15,T+15,5656,1242,6898,2026-08-31T02:56:47.263Z,FALSE,"",19:00,TRUE
fare_DEL-BOM_6E_2026-09-15_T+15_1788146301089_wqem,DEL-BOM,EaseMyTrip,6E,6E-104,2026-09-15,T+15,5656,1242,6898,2026-08-31T02:56:47.263Z,FALSE,"",18:00,TRUE
fare_DEL-BOM_6E_2026-09-15_T+15_1788146301089_s4fv,DEL-BOM,EaseMyTrip,6E,6E-749,2026-09-15,T+15,5656,1242,6898,2026-08-31T02:56:47.263Z,FALSE,"",18:00,TRUE
fare_DEL-BOM_6E_2026-09-15_T+15_1788146301089_xicu,DEL-BOM,EaseMyTrip,6E,6E-400,2026-09-15,T+15,5656,1242,6898,2026-08-31T02:56:47.263Z,FALSE,"",21:45,TRUE
fare_DEL-BOM_6E_2026-09-15_T+15_1788146301089_5axn,DEL-BOM,EaseMyTrip,6E,6E-851,2026-09-15,T+15,5656,1242,6898,2026-08-31T02:56:47.263Z,FALSE,"",21:45,TRUE
fare_DEL-BOM_6E_2026-09-15_T+15_1788146301089_j0tx,DEL-BOM,EaseMyTrip,6E,6E-6814,2026-09-15,T+15,5656,1242,6898,2026-08-31T02:56:47.263Z,FALSE,"",07:15,TRUE
fare_DEL-BOM_6E_2026-09-15_T+15_1788146301089_s0t6,DEL-BOM,EaseMyTrip,6E,6E-572,2026-09-15,T+15,5656,1242,6898,2026-08-31T02:56:47.263Z,FALSE,"",08:00,TRUE
fare_DEL-BOM_6E_2026-09-15_T+15_1788146301089_y9e7,DEL-BOM,EaseMyTrip,6E,6E-706,2026-09-15,T+15,5656,1242,6898,2026-08-31T02:56:47.263Z,FALSE,"",08:00,TRUE
fare_DEL-BOM_AI_2026-09-15_T+15_1788146301089_na42,DEL-BOM,EaseMyTrip,AI,AI-2678,2026-09-15,T+15,5870,1289,7159,2026-08-31T02:56:47.263Z,FALSE,"",08:30,TRUE
fare_DEL-BOM_AI_2026-09-15_T+15_1788146301089_nnby,DEL-BOM,EaseMyTrip,AI,AI-1745,2026-09-15,T+15,5870,1289,7159,2026-08-31T02:56:47.263Z,FALSE,"",05:00,TRUE
fare_DEL-BOM_AI_2026-09-15_T+15_1788146301089_v7ft,DEL-BOM,EaseMyTrip,AI,AI-2975,2026-09-15,T+15,5870,1289,7159,2026-08-31T02:56:47.263Z,FALSE,"",06:30,TRUE
fare_DEL-BOM_IX_2026-09-15_T+15_1788146301089_b5xd,DEL-BOM,EaseMyTrip,IX,IX-1108,2026-09-15,T+15,6339,1391,7730,2026-08-31T02:56:47.263Z,FALSE,"",05:00,FALSE
fare_DEL-BOM_IX_2026-09-15_T+15_1788146301089_ls1c,DEL-BOM,EaseMyTrip,IX,IX-1051,2026-09-15,T+15,6339,1391,7730,2026-08-31T02:56:47.263Z,FALSE,"",19:05,FALSE
fare_DEL-BOM_AI_2026-09-15_T+15_1788146301089_lxf5,DEL-BOM,EaseMyTrip,AI,AI-2429,2026-09-15,T+15,6043,1326,7369,2026-08-31T02:56:47.263Z,FALSE,"",07:00,TRUE
fare_DEL-BOM_AI_2026-09-15_T+15_1788146301089_ygpd,DEL-BOM,EaseMyTrip,AI,AI-2943,2026-09-15,T+15,6043,1326,7369,2026-08-31T02:56:47.263Z,FALSE,"",07:30,TRUE
fare_DEL-BOM_AI_2026-09-15_T+15_1788146301089_mzeq,DEL-BOM,EaseMyTrip,AI,AI-2433,2026-09-15,T+15,6043,1326,7369,2026-08-31T02:56:47.263Z,FALSE,"",21:30,TRUE
fare_DEL-BOM_AI_2026-09-15_T+15_1788146301089_2hgz,DEL-BOM,EaseMyTrip,AI,AI-2957,2026-09-15,T+15,6043,1326,7369,2026-08-31T02:56:47.263Z,FALSE,"",20:30,TRUE
fare_DEL-BOM_6E_2026-09-15_T+15_1788146301089_fbyq,DEL-BOM,EaseMyTrip,6E,6E-6190,2026-09-15,T+15,5920,1299,7219,2026-08-31T02:56:47.263Z,FALSE,"",07:40,FALSE
fare_DEL-BOM_6E_2026-09-15_T+15_1788146301089_erqs,DEL-BOM,EaseMyTrip,6E,6E-5014,2026-09-15,T+15,5963,1309,7272,2026-08-31T02:56:47.263Z,FALSE,"",18:30,FALSE
fare_DEL-BOM_6E_2026-09-15_T+15_1788146301089_2t4z,DEL-BOM,EaseMyTrip,6E,6E-5073,2026-09-15,T+15,5963,1309,7272,2026-08-31T02:56:47.263Z,FALSE,"",17:05,FALSE
fare_DEL-BOM_6E_2026-09-15_T+15_1788146301089_uo6u,DEL-BOM,EaseMyTrip,6E,6E-2076,2026-09-15,T+15,5963,1309,7272,2026-08-31T02:56:47.263Z,FALSE,"",07:30,FALSE
fare_DEL-BOM_6E_2026-09-15_T+15_1788146301089_mijb,DEL-BOM,EaseMyTrip,6E,6E-5119,2026-09-15,T+15,5963,1309,7272,2026-08-31T02:56:47.263Z,FALSE,"",05:10,FALSE
fare_DEL-BOM_6E_2026-09-15_T+15_1788146301089_xjsh,DEL-BOM,EaseMyTrip,6E,6E-6983,2026-09-15,T+15,5963,1309,7272,2026-08-31T02:56:47.263Z,FALSE,"",15:35,FALSE
fare_DEL-BOM_6E_2026-09-15_T+15_1788146301089_ctj7,DEL-BOM,EaseMyTrip,6E,6E-6261,2026-09-15,T+15,5963,1309,7272,2026-08-31T02:56:47.263Z,FALSE,"",00:15,FALSE
fare_DEL-BOM_6E_2026-09-15_T+15_1788146301089_0ol7,DEL-BOM,EaseMyTrip,6E,6E-2013,2026-09-15,T+15,5963,1309,7272,2026-08-31T02:56:47.263Z,FALSE,"",21:50,FALSE
fare_DEL-BOM_6E_2026-09-15_T+15_1788146301089_o5oh,DEL-BOM,EaseMyTrip,6E,6E-2331,2026-09-15,T+15,5963,1309,7272,2026-08-31T02:56:47.263Z,FALSE,"",12:20,FALSE
fare_DEL-BOM_6E_2026-09-15_T+15_1788146301089_vjsa,DEL-BOM,EaseMyTrip,6E,6E-6490,2026-09-15,T+15,6027,1323,7350,2026-08-31T02:56:47.263Z,FALSE,"",04:55,FALSE
fare_DEL-BOM_AI_2026-09-15_T+15_1788146301089_pyxz,DEL-BOM,EaseMyTrip,AI,AI-2985,2026-09-15,T+15,6193,1360,7553,2026-08-31T02:56:47.263Z,FALSE,"",19:30,TRUE
fare_DEL-BOM_6E_2026-09-15_T+15_1788146301089_vq9x,DEL-BOM,EaseMyTrip,6E,6E-2249,2026-09-15,T+15,6070,1333,7403,2026-08-31T02:56:47.263Z,FALSE,"",15:00,FALSE
fare_DEL-BOM_6E_2026-09-15_T+15_1788146301089_17vc,DEL-BOM,EaseMyTrip,6E,6E-2169,2026-09-15,T+15,6070,1333,7403,2026-08-31T02:56:47.263Z,FALSE,"",19:40,FALSE
fare_DEL-BOM_6E_2026-09-15_T+15_1788146301089_mpus,DEL-BOM,EaseMyTrip,6E,6E-6829,2026-09-15,T+15,6070,1333,7403,2026-08-31T02:56:47.263Z,FALSE,"",17:20,FALSE
fare_DEL-BOM_6E_2026-09-15_T+15_1788146301089_jl4l,DEL-BOM,EaseMyTrip,6E,6E-6443,2026-09-15,T+15,6070,1333,7403,2026-08-31T02:56:47.263Z,FALSE,"",09:00,FALSE
fare_DEL-BOM_6E_2026-09-15_T+15_1788146301089_9rrg,DEL-BOM,EaseMyTrip,6E,6E-6433,2026-09-15,T+15,6070,1333,7403,2026-08-31T02:56:47.263Z,FALSE,"",16:30,FALSE
fare_DEL-BOM_6E_2026-09-15_T+15_1788146301089_v44z,DEL-BOM,EaseMyTrip,6E,6E-5138,2026-09-15,T+15,6070,1333,7403,2026-08-31T02:56:47.263Z,FALSE,"",19:10,FALSE
fare_DEL-BOM_6E_2026-09-15_T+15_1788146301089_sic9,DEL-BOM,EaseMyTrip,6E,6E-6459,2026-09-15,T+15,6070,1333,7403,2026-08-31T02:56:47.263Z,FALSE,"",05:55,FALSE
fare_DEL-BOM_6E_2026-09-15_T+15_1788146301089_4ksn,DEL-BOM,EaseMyTrip,6E,6E-960,2026-09-15,T+15,6135,1347,7482,2026-08-31T02:56:47.263Z,FALSE,"",16:30,FALSE
fare_DEL-BOM_6E_2026-09-15_T+15_1788146301089_nzgs,DEL-BOM,EaseMyTrip,6E,6E-865,2026-09-15,T+15,6135,1347,7482,2026-08-31T02:56:47.263Z,FALSE,"",16:30,FALSE
fare_DEL-BOM_6E_2026-09-15_T+15_1788146301089_fdl4,DEL-BOM,EaseMyTrip,6E,6E-6479,2026-09-15,T+15,6135,1347,7482,2026-08-31T02:56:47.263Z,FALSE,"",21:25,FALSE
fare_DEL-BOM_6E_2026-09-15_T+15_1788146301089_sww1,DEL-BOM,EaseMyTrip,6E,6E-5298,2026-09-15,T+15,6135,1347,7482,2026-08-31T02:56:47.263Z,FALSE,"",09:00,FALSE
fare_DEL-BOM_6E_2026-09-15_T+15_1788146301089_3jkx,DEL-BOM,EaseMyTrip,6E,6E-5038,2026-09-15,T+15,6135,1347,7482,2026-08-31T02:56:47.263Z,FALSE,"",14:00,FALSE
fare_DEL-BOM_6E_2026-09-15_T+15_1788146301089_grlb,DEL-BOM,EaseMyTrip,6E,6E-6050,2026-09-15,T+15,6135,1347,7482,2026-08-31T02:56:47.263Z,FALSE,"",08:15,FALSE
fare_DEL-BOM_6E_2026-09-15_T+15_1788146301089_vax1,DEL-BOM,EaseMyTrip,6E,6E-5206,2026-09-15,T+15,6135,1347,7482,2026-08-31T02:56:47.263Z,FALSE,"",13:20,FALSE
fare_DEL-BOM_AI_2026-09-15_T+15_1788146301089_ae1u,DEL-BOM,EaseMyTrip,AI,AI-2977,2026-09-15,T+15,6395,1404,7799,2026-08-31T02:56:47.263Z,FALSE,"",19:00,TRUE
fare_DEL-BOM_AI_2026-09-15_T+15_1788146301089_6cs9,DEL-BOM,EaseMyTrip,AI,AI-2955,2026-09-15,T+15,6395,1404,7799,2026-08-31T02:56:47.263Z,FALSE,"",18:00,TRUE
fare_DEL-BOM_6E_2026-09-15_T+15_1788146301089_j69b,DEL-BOM,EaseMyTrip,6E,6E-6601,2026-09-15,T+15,6243,1370,7613,2026-08-31T02:56:47.263Z,FALSE,"",19:45,FALSE
fare_DEL-BOM_6E_2026-09-15_T+15_1788146301089_gv0p,DEL-BOM,EaseMyTrip,6E,6E-2381,2026-09-15,T+15,6243,1370,7613,2026-08-31T02:56:47.263Z,FALSE,"",13:45,FALSE
fare_DEL-BOM_6E_2026-09-15_T+15_1788146301089_xlsq,DEL-BOM,EaseMyTrip,6E,6E-6282,2026-09-15,T+15,6243,1370,7613,2026-08-31T02:56:47.263Z,FALSE,"",13:30,FALSE
fare_DEL-BOM_6E_2026-09-15_T+15_1788146301089_mz50,DEL-BOM,EaseMyTrip,6E,6E-700,2026-09-15,T+15,6243,1370,7613,2026-08-31T02:56:47.263Z,FALSE,"",02:25,FALSE
fare_DEL-BOM_6E_2026-09-15_T+15_1788146301089_6ehx,DEL-BOM,EaseMyTrip,6E,6E-502,2026-09-15,T+15,6243,1370,7613,2026-08-31T02:56:47.263Z,FALSE,"",02:25,FALSE
fare_DEL-BOM_6E_2026-09-15_T+15_1788146301089_btco,DEL-BOM,EaseMyTrip,6E,6E-842,2026-09-15,T+15,6243,1370,7613,2026-08-31T02:56:47.263Z,FALSE,"",08:30,FALSE
fare_DEL-BOM_6E_2026-09-15_T+15_1788146301089_24y3,DEL-BOM,EaseMyTrip,6E,6E-641,2026-09-15,T+15,6243,1370,7613,2026-08-31T02:56:47.263Z,FALSE,"",08:30,FALSE
fare_DEL-BOM_6E_2026-09-15_T+15_1788146301089_vfij,DEL-BOM,EaseMyTrip,6E,6E-771,2026-09-15,T+15,6243,1370,7613,2026-08-31T02:56:47.263Z,FALSE,"",23:15,FALSE
fare_DEL-BOM_6E_2026-09-15_T+15_1788146301089_6f2e,DEL-BOM,EaseMyTrip,6E,6E-424,2026-09-15,T+15,6243,1370,7613,2026-08-31T02:56:47.263Z,FALSE,"",23:15,FALSE
fare_DEL-BOM_6E_2026-09-15_T+15_1788146301089_f2rg,DEL-BOM,EaseMyTrip,6E,6E-6497,2026-09-15,T+15,6243,1370,7613,2026-08-31T02:56:47.263Z,FALSE,"",18:40,FALSE
fare_DEL-BOM_6E_2026-09-15_T+15_1788146301089_i1kg,DEL-BOM,EaseMyTrip,6E,6E-6293,2026-09-15,T+15,6243,1370,7613,2026-08-31T02:56:47.263Z,FALSE,"",09:55,FALSE
fare_DEL-BOM_IX_2026-09-15_T+15_1788146301089_z9yo,DEL-BOM,EaseMyTrip,IX,IX-1049,2026-09-15,T+15,6831,1499,8330,2026-08-31T02:56:47.263Z,FALSE,"",18:40,FALSE
fare_DEL-BOM_6E_2026-09-15_T+15_1788146301089_lrp8,DEL-BOM,EaseMyTrip,6E,6E-419,2026-09-15,T+15,6307,1385,7692,2026-08-31T02:56:47.263Z,FALSE,"",19:30,FALSE
fare_DEL-BOM_6E_2026-09-15_T+15_1788146301089_2k3f,DEL-BOM,EaseMyTrip,6E,6E-160,2026-09-15,T+15,6307,1385,7692,2026-08-31T02:56:47.263Z,FALSE,"",19:30,FALSE
fare_DEL-BOM_6E_2026-09-15_T+15_1788146301089_t6px,DEL-BOM,EaseMyTrip,6E,6E-480,2026-09-15,T+15,6307,1385,7692,2026-08-31T02:56:47.263Z,FALSE,"",12:15,FALSE
fare_DEL-BOM_6E_2026-09-15_T+15_1788146301089_t6z5,DEL-BOM,EaseMyTrip,6E,6E-456,2026-09-15,T+15,6307,1385,7692,2026-08-31T02:56:47.263Z,FALSE,"",12:15,FALSE
fare_DEL-BOM_SG_2026-09-15_T+15_1788146301089_xz89,DEL-BOM,EaseMyTrip,SG,SG-731,2026-09-15,T+15,7164,1572,8736,2026-08-31T02:56:47.263Z,FALSE,"",19:55,TRUE
fare_DEL-BOM_SG_2026-09-15_T+15_1788146301089_x4t1,DEL-BOM,EaseMyTrip,SG,SG-450,2026-09-15,T+15,7164,1572,8736,2026-08-31T02:56:47.263Z,FALSE,"",19:55,TRUE
fare_DEL-BOM_6E_2026-09-15_T+15_1788146301089_u0pl,DEL-BOM,EaseMyTrip,6E,6E-2341,2026-09-15,T+15,6380,1400,7780,2026-08-31T02:56:47.263Z,FALSE,"",14:50,FALSE
fare_DEL-BOM_6E_2026-09-15_T+15_1788146301089_0bki,DEL-BOM,EaseMyTrip,6E,6E-204,2026-09-15,T+15,6380,1400,7780,2026-08-31T02:56:47.263Z,FALSE,"",10:00,FALSE
fare_DEL-BOM_6E_2026-09-15_T+15_1788146301089_gyz4,DEL-BOM,EaseMyTrip,6E,6E-758,2026-09-15,T+15,6380,1400,7780,2026-08-31T02:56:47.263Z,FALSE,"",10:00,FALSE
fare_DEL-BOM_6E_2026-09-15_T+15_1788146301089_vgdz,DEL-BOM,EaseMyTrip,6E,6E-5137,2026-09-15,T+15,6380,1400,7780,2026-08-31T02:56:47.263Z,FALSE,"",10:50,FALSE
fare_DEL-BOM_6E_2026-09-15_T+15_1788146301089_tszp,DEL-BOM,EaseMyTrip,6E,6E-6171,2026-09-15,T+15,6445,1415,7860,2026-08-31T02:56:47.263Z,FALSE,"",05:40,FALSE
fare_DEL-BOM_6E_2026-09-15_T+15_1788146301089_o2yq,DEL-BOM,EaseMyTrip,6E,6E-6010,2026-09-15,T+15,6501,1427,7928,2026-08-31T02:56:47.263Z,FALSE,"",11:20,FALSE
fare_DEL-BOM_AI_2026-09-15_T+15_1788146301089_aurn,DEL-BOM,EaseMyTrip,AI,AI-1780,2026-09-15,T+15,6836,1500,8336,2026-08-31T02:56:47.263Z,FALSE,"",16:10,TRUE
fare_DEL-BOM_6E_2026-09-15_T+15_1788146301089_4n93,DEL-BOM,EaseMyTrip,6E,6E-7646,2026-09-15,T+15,6729,1477,8206,2026-08-31T02:56:47.263Z,FALSE,"",06:15,FALSE
fare_DEL-BOM_6E_2026-09-15_T+15_1788146301089_n80h,DEL-BOM,EaseMyTrip,6E,6E-7642,2026-09-15,T+15,6795,1491,8286,2026-08-31T02:56:47.263Z,FALSE,"",15:45,FALSE
fare_DEL-BOM_6E_2026-09-15_T+15_1788146301089_rw1r,DEL-BOM,EaseMyTrip,6E,6E-721,2026-09-15,T+15,6825,1498,8323,2026-08-31T02:56:47.263Z,FALSE,"",19:35,FALSE
fare_DEL-BOM_6E_2026-09-15_T+15_1788146301089_l7ue,DEL-BOM,EaseMyTrip,6E,6E-575,2026-09-15,T+15,6825,1498,8323,2026-08-31T02:56:47.263Z,FALSE,"",19:35,FALSE
fare_DEL-BOM_SG_2026-09-15_T+15_1788146301089_kzms,DEL-BOM,EaseMyTrip,SG,SG-566,2026-09-15,T+15,8184,1796,9980,2026-08-31T02:56:47.263Z,TRUE,"High outlier: ₹9980 > upper fence ₹9386 (Q3: ₹7799, IQR: ₹1058)",22:30,TRUE
fare_DEL-BOM_6E_2026-09-15_T+15_1788146301089_psyd,DEL-BOM,EaseMyTrip,6E,6E-2349,2026-09-15,T+15,7682,1686,9368,2026-08-31T02:56:47.263Z,FALSE,"",10:55,FALSE
fare_DEL-BOM_AI_2026-09-15_T+15_1788146301089_do7t,DEL-BOM,EaseMyTrip,AI,AI-2509,2026-09-15,T+15,8225,1805,10030,2026-08-31T02:56:47.263Z,TRUE,"High outlier: ₹10030 > upper fence ₹9386 (Q3: ₹7799, IQR: ₹1058)",06:55,FALSE
fare_DEL-BOM_AI_2026-09-15_T+15_1788146301089_0fl5,DEL-BOM,EaseMyTrip,AI,AI-1705,2026-09-15,T+15,8895,1952,10847,2026-08-31T02:56:47.263Z,TRUE,"High outlier: ₹10847 > upper fence ₹9386 (Q3: ₹7799, IQR: ₹1058)",06:30,FALSE
fare_DEL-BOM_AI_2026-09-15_T+15_1788146301089_9c67,DEL-BOM,EaseMyTrip,AI,AI-2499,2026-09-15,T+15,9122,2002,11124,2026-08-31T02:56:47.263Z,TRUE,"High outlier: ₹11124 > upper fence ₹9386 (Q3: ₹7799, IQR: ₹1058)",05:55,FALSE
fare_DEL-BOM_AI_2026-09-15_T+15_1788146301089_kpgr,DEL-BOM,EaseMyTrip,AI,AI-9757,2026-09-15,T+15,9684,2126,11810,2026-08-31T02:56:47.263Z,TRUE,"High outlier: ₹11810 > upper fence ₹9386 (Q3: ₹7799, IQR: ₹1058)",11:50,FALSE
fare_DEL-BOM_QP_2026-09-15_T+15_1788146301089_o40a,DEL-BOM,EaseMyTrip,QP,QP-1815,2026-09-15,T+15,10321,2265,12586,2026-08-31T02:56:47.263Z,TRUE,"High outlier: ₹12586 > upper fence ₹9386 (Q3: ₹7799, IQR: ₹1058)",14:55,FALSE
fare_DEL-BOM_IX_2026-09-15_T+15_1788146301089_j8dt,DEL-BOM,EaseMyTrip,IX,IX-1003,2026-09-15,T+15,11012,2417,13429,2026-08-31T02:56:47.263Z,TRUE,"High outlier: ₹13429 > upper fence ₹9386 (Q3: ₹7799, IQR: ₹1058)",19:10,FALSE
fare_DEL-BOM_QP_2026-09-15_T+15_1788146301089_shs9,DEL-BOM,EaseMyTrip,QP,QP-1812,2026-09-15,T+15,10783,2367,13150,2026-08-31T02:56:47.263Z,TRUE,"High outlier: ₹13150 > upper fence ₹9386 (Q3: ₹7799, IQR: ₹1058)",22:55,FALSE
fare_DEL-BOM_AI_2026-09-15_T+15_1788146301089_f4ki,DEL-BOM,EaseMyTrip,AI,AI-2715,2026-09-15,T+15,11186,2455,13641,2026-08-31T02:56:47.263Z,TRUE,"High outlier: ₹13641 > upper fence ₹9386 (Q3: ₹7799, IQR: ₹1058)",11:40,FALSE
fare_DEL-BOM_AI_2026-09-15_T+15_1788146301089_xejo,DEL-BOM,EaseMyTrip,AI,AI-809,2026-09-15,T+15,11273,2475,13748,2026-08-31T02:56:47.263Z,TRUE,"High outlier: ₹13748 > upper fence ₹9386 (Q3: ₹7799, IQR: ₹1058)",17:40,FALSE
fare_DEL-BOM_AI_2026-09-15_T+15_1788146301089_1ywl,DEL-BOM,EaseMyTrip,AI,AI-2939,2026-09-15,T+15,11273,2475,13748,2026-08-31T02:56:47.263Z,TRUE,"High outlier: ₹13748 > upper fence ₹9386 (Q3: ₹7799, IQR: ₹1058)",16:40,FALSE
fare_DEL-BOM_IX_2026-09-15_T+15_1788146301089_i6iv,DEL-BOM,EaseMyTrip,IX,IX-1082,2026-09-15,T+15,12412,2725,15137,2026-08-31T02:56:47.263Z,TRUE,"High outlier: ₹15137 > upper fence ₹9386 (Q3: ₹7799, IQR: ₹1058)",21:25,FALSE
fare_DEL-BOM_AI_2026-09-15_T+15_1788146301089_1rpz,DEL-BOM,EaseMyTrip,AI,AI-2761,2026-09-15,T+15,12103,2657,14760,2026-08-31T02:56:47.263Z,TRUE,"High outlier: ₹14760 > upper fence ₹9386 (Q3: ₹7799, IQR: ₹1058)",16:25,FALSE
fare_DEL-BOM_IX_2026-09-15_T+15_1788146301089_ibzs,DEL-BOM,EaseMyTrip,IX,IX-1817,2026-09-15,T+15,12612,2768,15380,2026-08-31T02:56:47.263Z,TRUE,"High outlier: ₹15380 > upper fence ₹9386 (Q3: ₹7799, IQR: ₹1058)",19:30,FALSE
fare_DEL-BOM_IX_2026-09-15_T+15_1788146301089_jn5o,DEL-BOM,EaseMyTrip,IX,IX-1068,2026-09-15,T+15,12680,2783,15463,2026-08-31T02:56:47.263Z,TRUE,"High outlier: ₹15463 > upper fence ₹9386 (Q3: ₹7799, IQR: ₹1058)",11:55,FALSE
fare_DEL-BOM_QP_2026-09-15_T+15_1788146301089_5lb9,DEL-BOM,EaseMyTrip,QP,QP-1817,2026-09-15,T+15,12795,2809,15604,2026-08-31T02:56:47.263Z,TRUE,"High outlier: ₹15604 > upper fence ₹9386 (Q3: ₹7799, IQR: ₹1058)",10:30,FALSE
fare_DEL-BOM_AI_2026-09-15_T+15_1788146301089_gtje,DEL-BOM,EaseMyTrip,AI,AI-1743,2026-09-15,T+15,13065,2868,15933,2026-08-31T02:56:47.263Z,TRUE,"High outlier: ₹15933 > upper fence ₹9386 (Q3: ₹7799, IQR: ₹1058)",06:20,FALSE
fare_DEL-BOM_AI_2026-09-15_T+15_1788146301089_f18w,DEL-BOM,EaseMyTrip,AI,AI-9920,2026-09-15,T+15,13220,2902,16122,2026-08-31T02:56:47.263Z,TRUE,"High outlier: ₹16122 > upper fence ₹9386 (Q3: ₹7799, IQR: ₹1058)",10:50,FALSE
fare_DEL-BOM_AI_2026-09-15_T+15_1788146301089_zpr8,DEL-BOM,EaseMyTrip,AI,AI-2907,2026-09-15,T+15,13927,3057,16984,2026-08-31T02:56:47.263Z,TRUE,"High outlier: ₹16984 > upper fence ₹9386 (Q3: ₹7799, IQR: ₹1058)",11:55,FALSE
fare_DEL-BOM_AI_2026-09-15_T+15_1788146301089_6ln7,DEL-BOM,EaseMyTrip,AI,AI-1773,2026-09-15,T+15,14497,3182,17679,2026-08-31T02:56:47.263Z,TRUE,"High outlier: ₹17679 > upper fence ₹9386 (Q3: ₹7799, IQR: ₹1058)",10:30,FALSE
fare_DEL-BOM_AI_2026-09-15_T+15_1788146301089_1n3q,DEL-BOM,EaseMyTrip,AI,AI-9584,2026-09-15,T+15,14501,3183,17684,2026-08-31T02:56:47.263Z,TRUE,"High outlier: ₹17684 > upper fence ₹9386 (Q3: ₹7799, IQR: ₹1058)",11:15,FALSE
fare_DEL-BOM_AI_2026-09-15_T+15_1788146301089_uyhz,DEL-BOM,EaseMyTrip,AI,AI-2577,2026-09-15,T+15,14577,3200,17777,2026-08-31T02:56:47.263Z,TRUE,"High outlier: ₹17777 > upper fence ₹9386 (Q3: ₹7799, IQR: ₹1058)",02:00,FALSE
fare_DEL-BOM_AI_2026-09-15_T+15_1788146301089_04p5,DEL-BOM,EaseMyTrip,AI,AI-2859,2026-09-15,T+15,14577,3200,17777,2026-08-31T02:56:47.263Z,TRUE,"High outlier: ₹17777 > upper fence ₹9386 (Q3: ₹7799, IQR: ₹1058)",10:30,FALSE
fare_DEL-BOM_AI_2026-09-15_T+15_1788146301089_5x7t,DEL-BOM,EaseMyTrip,AI,AI-2465,2026-09-15,T+15,14880,3266,18146,2026-08-31T02:56:47.263Z,TRUE,"High outlier: ₹18146 > upper fence ₹9386 (Q3: ₹7799, IQR: ₹1058)",14:30,FALSE
fare_DEL-BOM_AI_2026-09-15_T+15_1788146301089_bc9w,DEL-BOM,EaseMyTrip,AI,AI-427,2026-09-15,T+15,16370,3593,19963,2026-08-31T02:56:47.263Z,TRUE,"High outlier: ₹19963 > upper fence ₹9386 (Q3: ₹7799, IQR: ₹1058)",08:30,FALSE
fare_DEL-BOM_AI_2026-09-15_T+15_1788146301089_tzu9,DEL-BOM,EaseMyTrip,AI,AI-1779,2026-09-15,T+15,16661,3657,20318,2026-08-31T02:56:47.263Z,TRUE,"High outlier: ₹20318 > upper fence ₹9386 (Q3: ₹7799, IQR: ₹1058)",13:50,FALSE
fare_DEL-BOM_AI_2026-09-15_T+15_1788146301089_nqx1,DEL-BOM,EaseMyTrip,AI,AI-1739,2026-09-15,T+15,17347,3808,21155,2026-08-31T02:56:47.263Z,TRUE,"High outlier: ₹21155 > upper fence ₹9386 (Q3: ₹7799, IQR: ₹1058)",11:30,FALSE
fare_DEL-BOM_AI_2026-09-15_T+15_1788146301089_vh2x,DEL-BOM,EaseMyTrip,AI,AI-2627,2026-09-15,T+15,19944,4378,24322,2026-08-31T02:56:47.263Z,TRUE,"High outlier: ₹24322 > upper fence ₹9386 (Q3: ₹7799, IQR: ₹1058)",10:45,FALSE
fare_DEL-BOM_IX_2026-09-01_T+1_1788146301090_7sul,DEL-BOM,EaseMyTrip,IX,IX-1235,2026-09-01,T+1,5354,1175,6529,2026-08-31T02:56:35.224Z,FALSE,"",23:25,TRUE
fare_DEL-BOM_6E_2026-09-01_T+1_1788146301090_5j66,DEL-BOM,EaseMyTrip,6E,6E-6433,2026-09-01,T+1,5174,1136,6310,2026-08-31T02:56:35.224Z,FALSE,"",16:30,FALSE
fare_DEL-BOM_6E_2026-09-01_T+1_1788146301090_r2gp,DEL-BOM,EaseMyTrip,6E,6E-6479,2026-09-01,T+1,5239,1150,6389,2026-08-31T02:56:35.224Z,FALSE,"",21:25,FALSE
fare_DEL-BOM_6E_2026-09-01_T+1_1788146301090_e4xg,DEL-BOM,EaseMyTrip,6E,6E-5298,2026-09-01,T+1,5239,1150,6389,2026-08-31T02:56:35.224Z,FALSE,"",09:00,FALSE
fare_DEL-BOM_6E_2026-09-01_T+1_1788146301090_tbio,DEL-BOM,EaseMyTrip,6E,6E-5206,2026-09-01,T+1,5239,1150,6389,2026-08-31T02:56:35.224Z,FALSE,"",13:20,FALSE
fare_DEL-BOM_6E_2026-09-01_T+1_1788146301090_y6ig,DEL-BOM,EaseMyTrip,6E,6E-6050,2026-09-01,T+1,5239,1150,6389,2026-08-31T02:56:35.224Z,FALSE,"",08:15,FALSE
fare_DEL-BOM_SG_2026-09-01_T+1_1788146301090_gokt,DEL-BOM,EaseMyTrip,SG,SG-968,2026-09-01,T+1,5525,1213,6738,2026-08-31T02:56:35.224Z,FALSE,"",22:30,TRUE
fare_DEL-BOM_SG_2026-09-01_T+1_1788146301090_4fm3,DEL-BOM,EaseMyTrip,SG,SG-772,2026-09-01,T+1,5525,1213,6738,2026-08-31T02:56:35.224Z,FALSE,"",22:30,TRUE
fare_DEL-BOM_6E_2026-09-01_T+1_1788146301090_j634,DEL-BOM,EaseMyTrip,6E,6E-6601,2026-09-01,T+1,5346,1174,6520,2026-08-31T02:56:35.224Z,FALSE,"",19:45,FALSE
fare_DEL-BOM_6E_2026-09-01_T+1_1788146301090_k7u7,DEL-BOM,EaseMyTrip,6E,6E-6282,2026-09-01,T+1,5346,1174,6520,2026-08-31T02:56:35.224Z,FALSE,"",13:30,FALSE
fare_DEL-BOM_6E_2026-09-01_T+1_1788146301090_hq58,DEL-BOM,EaseMyTrip,6E,6E-535,2026-09-01,T+1,5346,1174,6520,2026-08-31T02:56:35.224Z,FALSE,"",23:15,FALSE
fare_DEL-BOM_6E_2026-09-01_T+1_1788146301090_3d5b,DEL-BOM,EaseMyTrip,6E,6E-387,2026-09-01,T+1,5346,1174,6520,2026-08-31T02:56:35.224Z,FALSE,"",23:15,FALSE
fare_DEL-BOM_6E_2026-09-01_T+1_1788146301090_iyat,DEL-BOM,EaseMyTrip,6E,6E-6497,2026-09-01,T+1,5346,1174,6520,2026-08-31T02:56:35.224Z,FALSE,"",18:40,FALSE
fare_DEL-BOM_QP_2026-09-01_T+1_1788146301090_e177,DEL-BOM,EaseMyTrip,QP,QP-1110,2026-09-01,T+1,5355,1175,6530,2026-08-31T02:56:35.224Z,FALSE,"",10:30,TRUE
fare_DEL-BOM_QP_2026-09-01_T+1_1788146301090_8l5t,DEL-BOM,EaseMyTrip,QP,QP-1807,2026-09-01,T+1,5355,1175,6530,2026-08-31T02:56:35.224Z,FALSE,"",13:40,TRUE
fare_DEL-BOM_QP_2026-09-01_T+1_1788146301090_d3h7,DEL-BOM,EaseMyTrip,QP,QP-1820,2026-09-01,T+1,5355,1175,6530,2026-08-31T02:56:35.224Z,FALSE,"",17:30,TRUE
fare_DEL-BOM_QP_2026-09-01_T+1_1788146301090_qqb2,DEL-BOM,EaseMyTrip,QP,QP-1112,2026-09-01,T+1,5355,1175,6530,2026-08-31T02:56:35.224Z,FALSE,"",09:20,TRUE
fare_DEL-BOM_QP_2026-09-01_T+1_1788146301090_p8bu,DEL-BOM,EaseMyTrip,QP,QP-1128,2026-09-01,T+1,5355,1175,6530,2026-08-31T02:56:35.224Z,FALSE,"",16:00,TRUE
fare_DEL-BOM_QP_2026-09-01_T+1_1788146301090_yaap,DEL-BOM,EaseMyTrip,QP,QP-1836,2026-09-01,T+1,5355,1175,6530,2026-08-31T02:56:35.224Z,FALSE,"",12:30,TRUE
fare_DEL-BOM_6E_2026-09-01_T+1_1788146301090_5wbb,DEL-BOM,EaseMyTrip,6E,6E-119,2026-09-01,T+1,5355,1175,6530,2026-08-31T02:56:35.224Z,FALSE,"",23:30,TRUE
fare_DEL-BOM_6E_2026-09-01_T+1_1788146301090_ump1,DEL-BOM,EaseMyTrip,6E,6E-750,2026-09-01,T+1,5355,1175,6530,2026-08-31T02:56:35.224Z,FALSE,"",23:30,TRUE
fare_DEL-BOM_6E_2026-09-01_T+1_1788146301090_6c3k,DEL-BOM,EaseMyTrip,6E,6E-6114,2026-09-01,T+1,5355,1175,6530,2026-08-31T02:56:35.224Z,FALSE,"",22:45,TRUE
fare_DEL-BOM_6E_2026-09-01_T+1_1788146301090_7h14,DEL-BOM,EaseMyTrip,6E,6E-700,2026-09-01,T+1,5355,1175,6530,2026-08-31T02:56:35.224Z,FALSE,"",16:15,TRUE
fare_DEL-BOM_6E_2026-09-01_T+1_1788146301090_qq3b,DEL-BOM,EaseMyTrip,6E,6E-661,2026-09-01,T+1,5355,1175,6530,2026-08-31T02:56:35.224Z,FALSE,"",16:15,TRUE
fare_DEL-BOM_6E_2026-09-01_T+1_1788146301090_ssh2,DEL-BOM,EaseMyTrip,6E,6E-630,2026-09-01,T+1,5355,1175,6530,2026-08-31T02:56:35.224Z,FALSE,"",15:30,TRUE
fare_DEL-BOM_6E_2026-09-01_T+1_1788146301090_4rpu,DEL-BOM,EaseMyTrip,6E,6E-530,2026-09-01,T+1,5355,1175,6530,2026-08-31T02:56:35.224Z,FALSE,"",15:30,TRUE
fare_DEL-BOM_6E_2026-09-01_T+1_1788146301090_wfpy,DEL-BOM,EaseMyTrip,6E,6E-6318,2026-09-01,T+1,5355,1175,6530,2026-08-31T02:56:35.224Z,FALSE,"",14:45,TRUE
fare_DEL-BOM_6E_2026-09-01_T+1_1788146301090_lfqq,DEL-BOM,EaseMyTrip,6E,6E-817,2026-09-01,T+1,5355,1175,6530,2026-08-31T02:56:35.224Z,FALSE,"",21:45,TRUE
fare_DEL-BOM_6E_2026-09-01_T+1_1788146301090_7kwj,DEL-BOM,EaseMyTrip,6E,6E-808,2026-09-01,T+1,5355,1175,6530,2026-08-31T02:56:35.224Z,FALSE,"",21:45,TRUE
fare_DEL-BOM_6E_2026-09-01_T+1_1788146301090_u7uc,DEL-BOM,EaseMyTrip,6E,6E-749,2026-09-01,T+1,5355,1175,6530,2026-08-31T02:56:35.224Z,FALSE,"",13:00,TRUE
fare_DEL-BOM_6E_2026-09-01_T+1_1788146301090_xxmr,DEL-BOM,EaseMyTrip,6E,6E-911,2026-09-01,T+1,5355,1175,6530,2026-08-31T02:56:35.224Z,FALSE,"",13:00,TRUE
fare_DEL-BOM_6E_2026-09-01_T+1_1788146301090_son5,DEL-BOM,EaseMyTrip,6E,6E-6022,2026-09-01,T+1,5355,1175,6530,2026-08-31T02:56:35.224Z,FALSE,"",14:00,TRUE
fare_DEL-BOM_6E_2026-09-01_T+1_1788146301090_sprh,DEL-BOM,EaseMyTrip,6E,6E-6328,2026-09-01,T+1,5355,1175,6530,2026-08-31T02:56:35.224Z,FALSE,"",10:15,TRUE
fare_DEL-BOM_6E_2026-09-01_T+1_1788146301090_6z4w,DEL-BOM,EaseMyTrip,6E,6E-6047,2026-09-01,T+1,5355,1175,6530,2026-08-31T02:56:35.224Z,FALSE,"",11:00,TRUE
fare_DEL-BOM_6E_2026-09-01_T+1_1788146301090_1mdl,DEL-BOM,EaseMyTrip,6E,6E-6676,2026-09-01,T+1,5355,1175,6530,2026-08-31T02:56:35.224Z,FALSE,"",12:00,TRUE
fare_DEL-BOM_QP_2026-09-01_T+1_1788146301090_k6mb,DEL-BOM,EaseMyTrip,QP,QP-1940,2026-09-01,T+1,5427,1191,6618,2026-08-31T02:56:35.224Z,FALSE,"",14:00,TRUE
fare_DEL-BOM_6E_2026-09-01_T+1_1788146301090_6p7n,DEL-BOM,EaseMyTrip,6E,6E-5198,2026-09-01,T+1,5427,1191,6618,2026-08-31T02:56:35.224Z,FALSE,"",15:00,TRUE
fare_DEL-BOM_QP_2026-09-01_T+1_1788146301090_myob,DEL-BOM,EaseMyTrip,QP,QP-1826,2026-09-01,T+1,5452,1197,6649,2026-08-31T02:56:35.224Z,FALSE,"",19:55,TRUE
fare_DEL-BOM_6E_2026-09-01_T+1_1788146301090_6jts,DEL-BOM,EaseMyTrip,6E,6E-5014,2026-09-01,T+1,5460,1199,6659,2026-08-31T02:56:35.224Z,FALSE,"",18:30,FALSE
fare_DEL-BOM_6E_2026-09-01_T+1_1788146301090_vmvr,DEL-BOM,EaseMyTrip,6E,6E-6706,2026-09-01,T+1,5484,1204,6688,2026-08-31T02:56:35.224Z,FALSE,"",17:00,TRUE
fare_DEL-BOM_6E_2026-09-01_T+1_1788146301090_ggm1,DEL-BOM,EaseMyTrip,6E,6E-6107,2026-09-01,T+1,5484,1204,6688,2026-08-31T02:56:35.224Z,FALSE,"",09:30,TRUE
fare_DEL-BOM_6E_2026-09-01_T+1_1788146301090_8mn3,DEL-BOM,EaseMyTrip,6E,6E-6490,2026-09-01,T+1,5550,1218,6768,2026-08-31T02:56:35.224Z,FALSE,"",04:55,FALSE
fare_DEL-BOM_6E_2026-09-01_T+1_1788146301090_oe47,DEL-BOM,EaseMyTrip,6E,6E-2169,2026-09-01,T+1,5569,1222,6791,2026-08-31T02:56:35.224Z,FALSE,"",19:40,FALSE
fare_DEL-BOM_AI_2026-09-01_T+1_1788146301090_omqy,DEL-BOM,EaseMyTrip,AI,AI-2951,2026-09-01,T+1,5740,1260,7000,2026-08-31T02:56:35.224Z,FALSE,"",13:30,TRUE
fare_DEL-BOM_AI_2026-09-01_T+1_1788146301090_hcil,DEL-BOM,EaseMyTrip,AI,AI-2941,2026-09-01,T+1,5740,1260,7000,2026-08-31T02:56:35.224Z,FALSE,"",16:30,TRUE
fare_DEL-BOM_AI_2026-09-01_T+1_1788146301090_cf12,DEL-BOM,EaseMyTrip,AI,AI-2943,2026-09-01,T+1,5740,1260,7000,2026-08-31T02:56:35.224Z,FALSE,"",07:30,TRUE
fare_DEL-BOM_AI_2026-09-01_T+1_1788146301090_boeg,DEL-BOM,EaseMyTrip,AI,AI-2995,2026-09-01,T+1,5740,1260,7000,2026-08-31T02:56:35.224Z,FALSE,"",10:00,TRUE
fare_DEL-BOM_AI_2026-09-01_T+1_1788146301090_9fn8,DEL-BOM,EaseMyTrip,AI,AI-2945,2026-09-01,T+1,5740,1260,7000,2026-08-31T02:56:35.224Z,FALSE,"",11:00,TRUE
fare_DEL-BOM_AI_2026-09-01_T+1_1788146301090_0avz,DEL-BOM,EaseMyTrip,AI,AI-1785,2026-09-01,T+1,5740,1260,7000,2026-08-31T02:56:35.224Z,FALSE,"",12:00,TRUE
fare_DEL-BOM_AI_2026-09-01_T+1_1788146301090_lz8i,DEL-BOM,EaseMyTrip,AI,AI-2933,2026-09-01,T+1,5740,1260,7000,2026-08-31T02:56:35.224Z,FALSE,"",15:30,TRUE
fare_DEL-BOM_AI_2026-09-01_T+1_1788146301090_cvvz,DEL-BOM,EaseMyTrip,AI,AI-1777,2026-09-01,T+1,5740,1260,7000,2026-08-31T02:56:35.224Z,FALSE,"",16:00,TRUE
fare_DEL-BOM_AI_2026-09-01_T+1_1788146301090_94pd,DEL-BOM,EaseMyTrip,AI,AI-441,2026-09-01,T+1,5740,1260,7000,2026-08-31T02:56:35.224Z,FALSE,"",17:00,TRUE
fare_DEL-BOM_AI_2026-09-01_T+1_1788146301090_o727,DEL-BOM,EaseMyTrip,AI,AI-2985,2026-09-01,T+1,5740,1260,7000,2026-08-31T02:56:35.224Z,FALSE,"",19:30,TRUE
fare_DEL-BOM_AI_2026-09-01_T+1_1788146301090_cpzj,DEL-BOM,EaseMyTrip,AI,AI-2439,2026-09-01,T+1,5740,1260,7000,2026-08-31T02:56:35.224Z,FALSE,"",23:00,TRUE
fare_DEL-BOM_AI_2026-09-01_T+1_1788146301090_dzlz,DEL-BOM,EaseMyTrip,AI,AI-2927,2026-09-01,T+1,5740,1260,7000,2026-08-31T02:56:35.224Z,FALSE,"",09:30,TRUE
fare_DEL-BOM_6E_2026-09-01_T+1_1788146301090_dfdb,DEL-BOM,EaseMyTrip,6E,6E-6010,2026-09-01,T+1,5605,1230,6835,2026-08-31T02:56:35.224Z,FALSE,"",11:20,FALSE
fare_DEL-BOM_QP_2026-09-01_T+1_1788146301090_5njr,DEL-BOM,EaseMyTrip,QP,QP-1833,2026-09-01,T+1,5652,1241,6893,2026-08-31T02:56:35.224Z,FALSE,"",06:50,TRUE
fare_DEL-BOM_6E_2026-09-01_T+1_1788146301090_2j97,DEL-BOM,EaseMyTrip,6E,6E-401,2026-09-01,T+1,5656,1242,6898,2026-08-31T02:56:35.224Z,FALSE,"",19:00,TRUE
fare_DEL-BOM_6E_2026-09-01_T+1_1788146301090_zgrv,DEL-BOM,EaseMyTrip,6E,6E-360,2026-09-01,T+1,5656,1242,6898,2026-08-31T02:56:35.224Z,FALSE,"",19:00,TRUE
fare_DEL-BOM_6E_2026-09-01_T+1_1788146301090_e3f3,DEL-BOM,EaseMyTrip,6E,6E-282,2026-09-01,T+1,5656,1242,6898,2026-08-31T02:56:35.224Z,FALSE,"",18:00,TRUE
fare_DEL-BOM_6E_2026-09-01_T+1_1788146301090_65ud,DEL-BOM,EaseMyTrip,6E,6E-140,2026-09-01,T+1,5656,1242,6898,2026-08-31T02:56:35.224Z,FALSE,"",18:00,TRUE
fare_DEL-BOM_6E_2026-09-01_T+1_1788146301090_q1m0,DEL-BOM,EaseMyTrip,6E,6E-6218,2026-09-01,T+1,5656,1242,6898,2026-08-31T02:56:35.224Z,FALSE,"",06:05,TRUE
fare_DEL-BOM_6E_2026-09-01_T+1_1788146301090_zvi4,DEL-BOM,EaseMyTrip,6E,6E-380,2026-09-01,T+1,5656,1242,6898,2026-08-31T02:56:35.224Z,FALSE,"",08:00,TRUE
fare_DEL-BOM_6E_2026-09-01_T+1_1788146301090_xts0,DEL-BOM,EaseMyTrip,6E,6E-513,2026-09-01,T+1,5656,1242,6898,2026-08-31T02:56:35.224Z,FALSE,"",08:00,TRUE
fare_DEL-BOM_6E_2026-09-01_T+1_1788146301090_votu,DEL-BOM,EaseMyTrip,6E,6E-984,2026-09-01,T+1,5656,1242,6898,2026-08-31T02:56:35.224Z,FALSE,"",08:45,TRUE
fare_DEL-BOM_6E_2026-09-01_T+1_1788146301090_r34f,DEL-BOM,EaseMyTrip,6E,6E-691,2026-09-01,T+1,5656,1242,6898,2026-08-31T02:56:35.224Z,FALSE,"",08:45,TRUE
fare_DEL-BOM_AI_2026-09-01_T+1_1788146301090_ddpj,DEL-BOM,EaseMyTrip,AI,AI-2981,2026-09-01,T+1,5870,1289,7159,2026-08-31T02:56:35.224Z,FALSE,"",21:00,TRUE
fare_DEL-BOM_AI_2026-09-01_T+1_1788146301090_fje1,DEL-BOM,EaseMyTrip,AI,AI-2433,2026-09-01,T+1,5870,1289,7159,2026-08-31T02:56:35.224Z,FALSE,"",21:30,TRUE
fare_DEL-BOM_AI_2026-09-01_T+1_1788146301090_9a6z,DEL-BOM,EaseMyTrip,AI,AI-1780,2026-09-01,T+1,5870,1289,7159,2026-08-31T02:56:35.224Z,FALSE,"",16:10,TRUE
fare_DEL-BOM_6E_2026-09-01_T+1_1788146301090_vd5t,DEL-BOM,EaseMyTrip,6E,6E-243,2026-09-01,T+1,5805,1274,7079,2026-08-31T02:56:35.224Z,FALSE,"",19:30,FALSE
fare_DEL-BOM_6E_2026-09-01_T+1_1788146301090_v8o3,DEL-BOM,EaseMyTrip,6E,6E-260,2026-09-01,T+1,5805,1274,7079,2026-08-31T02:56:35.224Z,FALSE,"",19:30,FALSE
fare_DEL-BOM_AI_2026-09-01_T+1_1788146301090_kxxq,DEL-BOM,EaseMyTrip,AI,AI-1745,2026-09-01,T+1,6043,1326,7369,2026-08-31T02:56:35.224Z,FALSE,"",05:00,TRUE
fare_DEL-BOM_AI_2026-09-01_T+1_1788146301090_8fke,DEL-BOM,EaseMyTrip,AI,AI-2510,2026-09-01,T+1,6043,1326,7369,2026-08-31T02:56:35.224Z,FALSE,"",02:45,TRUE
fare_DEL-BOM_6E_2026-09-01_T+1_1788146301090_ae8p,DEL-BOM,EaseMyTrip,6E,6E-5038,2026-09-01,T+1,6066,1331,7397,2026-08-31T02:56:35.224Z,FALSE,"",14:00,FALSE
fare_DEL-BOM_AI_2026-09-01_T+1_1788146301090_bpav,DEL-BOM,EaseMyTrip,AI,AI-2963,2026-09-01,T+1,6257,1373,7630,2026-08-31T02:56:35.224Z,FALSE,"",09:00,TRUE
fare_DEL-BOM_AI_2026-09-01_T+1_1788146301090_t4zo,DEL-BOM,EaseMyTrip,AI,AI-2429,2026-09-01,T+1,6257,1373,7630,2026-08-31T02:56:35.224Z,FALSE,"",07:00,TRUE
fare_DEL-BOM_6E_2026-09-01_T+1_1788146301090_7bys,DEL-BOM,EaseMyTrip,6E,6E-6470,2026-09-01,T+1,6172,1355,7527,2026-08-31T02:56:35.224Z,FALSE,"",06:55,TRUE
fare_DEL-BOM_AI_2026-09-01_T+1_1788146301090_197o,DEL-BOM,EaseMyTrip,AI,AI-2977,2026-09-01,T+1,6395,1404,7799,2026-08-31T02:56:35.224Z,FALSE,"",19:00,TRUE
fare_DEL-BOM_AI_2026-09-01_T+1_1788146301090_xvpw,DEL-BOM,EaseMyTrip,AI,AI-2678,2026-09-01,T+1,6414,1408,7822,2026-08-31T02:56:35.224Z,FALSE,"",08:30,TRUE
fare_DEL-BOM_6E_2026-09-01_T+1_1788146301090_ryrk,DEL-BOM,EaseMyTrip,6E,6E-813,2026-09-01,T+1,6388,1402,7790,2026-08-31T02:56:35.224Z,FALSE,"",05:00,TRUE
fare_DEL-BOM_6E_2026-09-01_T+1_1788146301090_qxli,DEL-BOM,EaseMyTrip,6E,6E-6814,2026-09-01,T+1,6388,1402,7790,2026-08-31T02:56:35.224Z,FALSE,"",07:15,TRUE
fare_DEL-BOM_AI_2026-09-01_T+1_1788146301090_yqjj,DEL-BOM,EaseMyTrip,AI,AI-2955,2026-09-01,T+1,6624,1454,8078,2026-08-31T02:56:35.224Z,FALSE,"",18:00,TRUE
fare_DEL-BOM_6E_2026-09-01_T+1_1788146301090_z4ew,DEL-BOM,EaseMyTrip,6E,6E-578,2026-09-01,T+1,6473,1421,7894,2026-08-31T02:56:35.224Z,FALSE,"",20:20,TRUE
fare_DEL-BOM_6E_2026-09-01_T+1_1788146301090_l3ng,DEL-BOM,EaseMyTrip,6E,6E-585,2026-09-01,T+1,6473,1421,7894,2026-08-31T02:56:35.224Z,FALSE,"",20:20,TRUE
fare_DEL-BOM_6E_2026-09-01_T+1_1788146301090_d0k7,DEL-BOM,EaseMyTrip,6E,6E-6443,2026-09-01,T+1,6476,1422,7898,2026-08-31T02:56:35.224Z,FALSE,"",09:00,FALSE
fare_DEL-BOM_IX_2026-09-01_T+1_1788146301090_n05a,DEL-BOM,EaseMyTrip,IX,IX-1038,2026-09-01,T+1,6846,1503,8349,2026-08-31T02:56:35.224Z,FALSE,"",17:35,TRUE
fare_DEL-BOM_QP_2026-09-01_T+1_1788146301090_lrnq,DEL-BOM,EaseMyTrip,QP,QP-1119,2026-09-01,T+1,6536,1435,7971,2026-08-31T02:56:35.224Z,FALSE,"",08:40,TRUE
fare_DEL-BOM_6E_2026-09-01_T+1_1788146301090_xoj3,DEL-BOM,EaseMyTrip,6E,6E-886,2026-09-01,T+1,6541,1436,7977,2026-08-31T02:56:35.224Z,FALSE,"",16:30,FALSE
fare_DEL-BOM_6E_2026-09-01_T+1_1788146301090_40h3,DEL-BOM,EaseMyTrip,6E,6E-656,2026-09-01,T+1,6541,1436,7977,2026-08-31T02:56:35.224Z,FALSE,"",16:30,FALSE
fare_DEL-BOM_AI_2026-09-01_T+1_1788146301090_2g7o,DEL-BOM,EaseMyTrip,AI,AI-2957,2026-09-01,T+1,6836,1500,8336,2026-08-31T02:56:35.224Z,FALSE,"",20:30,TRUE
fare_DEL-BOM_6E_2026-09-01_T+1_1788146301090_rjk2,DEL-BOM,EaseMyTrip,6E,6E-444,2026-09-01,T+1,6690,1468,8158,2026-08-31T02:56:35.224Z,FALSE,"",20:00,TRUE
fare_DEL-BOM_6E_2026-09-01_T+1_1788146301090_scnp,DEL-BOM,EaseMyTrip,6E,6E-531,2026-09-01,T+1,6690,1468,8158,2026-08-31T02:56:35.224Z,FALSE,"",20:00,TRUE
fare_DEL-BOM_IX_2026-09-01_T+1_1788146301090_kwdy,DEL-BOM,EaseMyTrip,IX,IX-5970,2026-09-01,T+1,7032,1543,8575,2026-08-31T02:56:35.224Z,FALSE,"",00:30,TRUE
fare_DEL-BOM_6E_2026-09-01_T+1_1788146301090_rf7q,DEL-BOM,EaseMyTrip,6E,6E-6190,2026-09-01,T+1,6805,1494,8299,2026-08-31T02:56:35.224Z,FALSE,"",07:40,FALSE
fare_DEL-BOM_6E_2026-09-01_T+1_1788146301090_vb2u,DEL-BOM,EaseMyTrip,6E,6E-6171,2026-09-01,T+1,6892,1513,8405,2026-08-31T02:56:35.224Z,FALSE,"",05:40,FALSE
fare_DEL-BOM_6E_2026-09-01_T+1_1788146301090_q1dj,DEL-BOM,EaseMyTrip,6E,6E-104,2026-09-01,T+1,7237,1588,8825,2026-08-31T02:56:35.224Z,FALSE,"",12:15,FALSE
fare_DEL-BOM_6E_2026-09-01_T+1_1788146301090_el4d,DEL-BOM,EaseMyTrip,6E,6E-641,2026-09-01,T+1,7237,1588,8825,2026-08-31T02:56:35.224Z,FALSE,"",12:15,FALSE
fare_DEL-BOM_IX_2026-09-01_T+1_1788146301090_uriq,DEL-BOM,EaseMyTrip,IX,IX-1108,2026-09-01,T+1,8002,1757,9759,2026-08-31T02:56:35.224Z,FALSE,"",05:00,FALSE
fare_DEL-BOM_IX_2026-09-01_T+1_1788146301090_l8o6,DEL-BOM,EaseMyTrip,IX,IX-1003,2026-09-01,T+1,8002,1757,9759,2026-08-31T02:56:35.224Z,FALSE,"",19:10,FALSE
fare_DEL-BOM_IX_2026-09-01_T+1_1788146301090_z3kb,DEL-BOM,EaseMyTrip,IX,IX-1051,2026-09-01,T+1,8002,1757,9759,2026-08-31T02:56:35.224Z,FALSE,"",19:05,FALSE
fare_DEL-BOM_6E_2026-09-01_T+1_1788146301090_vsbn,DEL-BOM,EaseMyTrip,6E,6E-6983,2026-09-01,T+1,8099,1778,9877,2026-08-31T02:56:35.224Z,FALSE,"",15:35,FALSE
fare_DEL-BOM_IX_2026-09-01_T+1_1788146301090_fz1a,DEL-BOM,EaseMyTrip,IX,IX-1165,2026-09-01,T+1,8845,1941,10786,2026-08-31T02:56:35.224Z,FALSE,"",05:45,FALSE
fare_DEL-BOM_IX_2026-09-01_T+1_1788146301090_3466,DEL-BOM,EaseMyTrip,IX,IX-1049,2026-09-01,T+1,9168,2012,11180,2026-08-31T02:56:35.224Z,FALSE,"",18:40,FALSE
fare_DEL-BOM_6E_2026-09-01_T+1_1788146301090_k4mk,DEL-BOM,EaseMyTrip,6E,6E-6293,2026-09-01,T+1,9173,2014,11187,2026-08-31T02:56:35.224Z,FALSE,"",09:55,FALSE
fare_DEL-BOM_AI_2026-09-01_T+1_1788146301090_pe2k,DEL-BOM,EaseMyTrip,AI,AI-2569,2026-09-01,T+1,9466,2078,11544,2026-08-31T02:56:35.224Z,FALSE,"",20:25,FALSE
fare_DEL-BOM_AI_2026-09-01_T+1_1788146301090_w1dw,DEL-BOM,EaseMyTrip,AI,AI-1710,2026-09-01,T+1,9466,2078,11544,2026-08-31T02:56:35.224Z,FALSE,"",18:35,FALSE
fare_DEL-BOM_AI_2026-09-01_T+1_1788146301090_24it,DEL-BOM,EaseMyTrip,AI,AI-1717,2026-09-01,T+1,9466,2078,11544,2026-08-31T02:56:35.224Z,FALSE,"",14:20,FALSE
fare_DEL-BOM_AI_2026-09-01_T+1_1788146301090_7o91,DEL-BOM,EaseMyTrip,AI,AI-9759,2026-09-01,T+1,9551,2097,11648,2026-08-31T02:56:35.224Z,FALSE,"",05:45,FALSE
fare_DEL-BOM_AI_2026-09-01_T+1_1788146301090_8fv0,DEL-BOM,EaseMyTrip,AI,AI-9757,2026-09-01,T+1,9684,2126,11810,2026-08-31T02:56:35.224Z,FALSE,"",11:50,FALSE
fare_DEL-BOM_IX_2026-09-01_T+1_1788146301090_vr26,DEL-BOM,EaseMyTrip,IX,IX-1068,2026-09-01,T+1,10015,2199,12214,2026-08-31T02:56:35.224Z,FALSE,"",11:55,FALSE
fare_DEL-BOM_QP_2026-09-01_T+1_1788146301090_h5wz,DEL-BOM,EaseMyTrip,QP,QP-1815,2026-09-01,T+1,9671,2123,11794,2026-08-31T02:56:35.224Z,FALSE,"",14:55,FALSE
fare_DEL-BOM_6E_2026-09-01_T+1_1788146301090_n969,DEL-BOM,EaseMyTrip,6E,6E-7646,2026-09-01,T+1,9693,2128,11821,2026-08-31T02:56:35.224Z,FALSE,"",06:15,FALSE
fare_DEL-BOM_QP_2026-09-01_T+1_1788146301090_if0t,DEL-BOM,EaseMyTrip,QP,QP-1817,2026-09-01,T+1,9774,2145,11919,2026-08-31T02:56:35.224Z,FALSE,"",10:30,FALSE
fare_DEL-BOM_6E_2026-09-01_T+1_1788146301090_fq7x,DEL-BOM,EaseMyTrip,6E,6E-2381,2026-09-01,T+1,9838,2160,11998,2026-08-31T02:56:35.224Z,FALSE,"",13:45,FALSE
fare_DEL-BOM_AI_2026-09-01_T+1_1788146301090_7zp1,DEL-BOM,EaseMyTrip,AI,AI-2499,2026-09-01,T+1,10069,2210,12279,2026-08-31T02:56:35.224Z,FALSE,"",06:00,FALSE
fare_DEL-BOM_6E_2026-09-01_T+1_1788146301090_o7if,DEL-BOM,EaseMyTrip,6E,6E-6829,2026-09-01,T+1,10197,2238,12435,2026-08-31T02:56:35.224Z,FALSE,"",17:20,FALSE
fare_DEL-BOM_6E_2026-09-01_T+1_1788146301090_2qig,DEL-BOM,EaseMyTrip,6E,6E-474,2026-09-01,T+1,10700,2349,13049,2026-08-31T02:56:35.224Z,FALSE,"",02:25,FALSE
fare_DEL-BOM_6E_2026-09-01_T+1_1788146301090_fsel,DEL-BOM,EaseMyTrip,6E,6E-931,2026-09-01,T+1,10700,2349,13049,2026-08-31T02:56:35.224Z,FALSE,"",02:25,FALSE
fare_DEL-BOM_AI_2026-09-01_T+1_1788146301090_jx7r,DEL-BOM,EaseMyTrip,AI,AI-2975,2026-09-01,T+1,10912,2395,13307,2026-08-31T02:56:35.224Z,FALSE,"",06:30,TRUE
fare_DEL-BOM_AI_2026-09-01_T+1_1788146301090_a1qz,DEL-BOM,EaseMyTrip,AI,AI-9722,2026-09-01,T+1,10965,2407,13372,2026-08-31T02:56:35.224Z,FALSE,"",11:55,FALSE
fare_DEL-BOM_6E_2026-09-01_T+1_1788146301090_knig,DEL-BOM,EaseMyTrip,6E,6E-2349,2026-09-01,T+1,11615,2550,14165,2026-08-31T02:56:35.224Z,FALSE,"",10:55,FALSE
fare_DEL-BOM_6E_2026-09-01_T+1_1788146301090_0hjh,DEL-BOM,EaseMyTrip,6E,6E-6261,2026-09-01,T+1,11618,2550,14168,2026-08-31T02:56:35.224Z,FALSE,"",00:15,FALSE
fare_DEL-BOM_AI_2026-09-01_T+1_1788146301090_f170,DEL-BOM,EaseMyTrip,AI,AI-1719,2026-09-01,T+1,12103,2657,14760,2026-08-31T02:56:35.224Z,FALSE,"",11:55,FALSE
fare_DEL-BOM_AI_2026-09-01_T+1_1788146301090_huf2,DEL-BOM,EaseMyTrip,AI,AI-2545,2026-09-01,T+1,12336,2708,15044,2026-08-31T02:56:35.224Z,FALSE,"",20:30,FALSE
fare_DEL-BOM_AI_2026-09-01_T+1_1788146301090_sesl,DEL-BOM,EaseMyTrip,AI,AI-1705,2026-09-01,T+1,12483,2740,15223,2026-08-31T02:56:35.224Z,FALSE,"",06:30,FALSE
fare_DEL-BOM_6E_2026-09-01_T+1_1788146301090_weik,DEL-BOM,EaseMyTrip,6E,6E-7642,2026-09-01,T+1,12685,2785,15470,2026-08-31T02:56:35.224Z,FALSE,"",15:45,FALSE
fare_DEL-BOM_AI_2026-09-01_T+1_1788146301090_fwqs,DEL-BOM,EaseMyTrip,AI,AI-1743,2026-09-01,T+1,13065,2868,15933,2026-08-31T02:56:35.224Z,FALSE,"",06:20,FALSE
fare_DEL-BOM_AI_2026-09-01_T+1_1788146301090_z907,DEL-BOM,EaseMyTrip,AI,AI-2627,2026-09-01,T+1,13166,2890,16056,2026-08-31T02:56:35.224Z,FALSE,"",10:45,FALSE
fare_DEL-BOM_IX_2026-09-01_T+1_1788146301090_m8p1,DEL-BOM,EaseMyTrip,IX,IX-1070,2026-09-01,T+1,13774,3024,16798,2026-08-31T02:56:35.224Z,FALSE,"",18:20,FALSE
fare_DEL-BOM_AI_2026-09-01_T+1_1788146301090_qiur,DEL-BOM,EaseMyTrip,AI,AI-2907,2026-09-01,T+1,13927,3057,16984,2026-08-31T02:56:35.224Z,FALSE,"",12:00,FALSE
fare_DEL-BOM_6E_2026-09-01_T+1_1788146301090_scum,DEL-BOM,EaseMyTrip,6E,6E-5138,2026-09-01,T+1,13853,3041,16894,2026-08-31T02:56:35.224Z,FALSE,"",19:10,FALSE
fare_DEL-BOM_QP_2026-09-01_T+1_1788146301090_2iyz,DEL-BOM,EaseMyTrip,QP,QP-1812,2026-09-01,T+1,13982,3069,17051,2026-08-31T02:56:35.224Z,FALSE,"",22:55,FALSE
fare_DEL-BOM_6E_2026-09-01_T+1_1788146301090_nxd0,DEL-BOM,EaseMyTrip,6E,6E-333,2026-09-01,T+1,14208,3119,17327,2026-08-31T02:56:35.224Z,FALSE,"",19:35,FALSE
fare_DEL-BOM_6E_2026-09-01_T+1_1788146301090_qor2,DEL-BOM,EaseMyTrip,6E,6E-224,2026-09-01,T+1,14208,3119,17327,2026-08-31T02:56:35.224Z,FALSE,"",19:35,FALSE
fare_DEL-BOM_AI_2026-09-01_T+1_1788146301090_vbq7,DEL-BOM,EaseMyTrip,AI,AI-491,2026-09-01,T+1,14497,3182,17679,2026-08-31T02:56:35.224Z,FALSE,"",11:15,FALSE
fare_DEL-BOM_AI_2026-09-01_T+1_1788146301090_rkyj,DEL-BOM,EaseMyTrip,AI,AI-1773,2026-09-01,T+1,14497,3182,17679,2026-08-31T02:56:35.224Z,FALSE,"",10:30,FALSE
fare_DEL-BOM_AI_2026-09-01_T+1_1788146301090_o3wg,DEL-BOM,EaseMyTrip,AI,AI-2577,2026-09-01,T+1,14577,3200,17777,2026-08-31T02:56:35.224Z,FALSE,"",02:00,FALSE
fare_DEL-BOM_AI_2026-09-01_T+1_1788146301090_m5w3,DEL-BOM,EaseMyTrip,AI,AI-2859,2026-09-01,T+1,14577,3200,17777,2026-08-31T02:56:35.224Z,FALSE,"",10:30,FALSE
fare_DEL-BOM_6E_2026-09-01_T+1_1788146301090_eyt7,DEL-BOM,EaseMyTrip,6E,6E-2013,2026-09-01,T+1,14678,3222,17900,2026-08-31T02:56:35.224Z,FALSE,"",21:50,FALSE
fare_DEL-BOM_AI_2026-09-01_T+1_1788146301090_xj9f,DEL-BOM,EaseMyTrip,AI,AI-2465,2026-09-01,T+1,14880,3266,18146,2026-08-31T02:56:35.224Z,FALSE,"",14:30,FALSE
fare_DEL-BOM_6E_2026-09-01_T+1_1788146301090_qnsn,DEL-BOM,EaseMyTrip,6E,6E-2249,2026-09-01,T+1,14785,3246,18031,2026-08-31T02:56:35.224Z,FALSE,"",15:00,FALSE
fare_DEL-BOM_AI_2026-09-01_T+1_1788146301090_7uik,DEL-BOM,EaseMyTrip,AI,AI-2509,2026-09-01,T+1,15198,3336,18534,2026-08-31T02:56:35.224Z,FALSE,"",06:55,FALSE
fare_DEL-BOM_6E_2026-09-01_T+1_1788146301090_nlwl,DEL-BOM,EaseMyTrip,6E,6E-2331,2026-09-01,T+1,15956,3503,19459,2026-08-31T02:56:35.224Z,FALSE,"",12:20,FALSE
fare_DEL-BOM_6E_2026-09-01_T+1_1788146301090_8u5d,DEL-BOM,EaseMyTrip,6E,6E-5073,2026-09-01,T+1,16025,3518,19543,2026-08-31T02:56:35.224Z,FALSE,"",17:05,FALSE
fare_DEL-BOM_6E_2026-09-01_T+1_1788146301090_pip9,DEL-BOM,EaseMyTrip,6E,6E-2341,2026-09-01,T+1,16316,3582,19898,2026-08-31T02:56:35.224Z,FALSE,"",14:50,FALSE
fare_DEL-BOM_AI_2026-09-01_T+1_1788146301090_7slz,DEL-BOM,EaseMyTrip,AI,AI-2715,2026-09-01,T+1,16619,3648,20267,2026-08-31T02:56:35.224Z,FALSE,"",11:40,FALSE
fare_DEL-BOM_AI_2026-09-01_T+1_1788146301090_d8rd,DEL-BOM,EaseMyTrip,AI,AI-1779,2026-09-01,T+1,16661,3657,20318,2026-08-31T02:56:35.224Z,FALSE,"",13:50,FALSE
fare_DEL-BOM_AI_2026-09-01_T+1_1788146301090_xal9,DEL-BOM,EaseMyTrip,AI,AI-809,2026-09-01,T+1,16758,3679,20437,2026-08-31T02:56:35.224Z,FALSE,"",17:40,FALSE
fare_DEL-BOM_6E_2026-09-01_T+1_1788146301090_f3sl,DEL-BOM,EaseMyTrip,6E,6E-5137,2026-09-01,T+1,16712,3668,20380,2026-08-31T02:56:35.224Z,FALSE,"",10:50,FALSE
fare_DEL-BOM_6E_2026-09-01_T+1_1788146301090_zafq,DEL-BOM,EaseMyTrip,6E,6E-126,2026-09-01,T+1,17624,3869,21493,2026-08-31T02:56:35.224Z,FALSE,"",10:00,FALSE
fare_DEL-BOM_6E_2026-09-01_T+1_1788146301090_lc02,DEL-BOM,EaseMyTrip,6E,6E-5119,2026-09-01,T+1,17988,3949,21937,2026-08-31T02:56:35.224Z,FALSE,"",05:10,FALSE
fare_DEL-BOM_6E_2026-09-01_T+1_1788146301090_kmrm,DEL-BOM,EaseMyTrip,6E,6E-220,2026-09-01,T+1,18262,4009,22271,2026-08-31T02:56:35.224Z,FALSE,"",08:30,FALSE
fare_DEL-BOM_6E_2026-09-01_T+1_1788146301090_sor3,DEL-BOM,EaseMyTrip,6E,6E-627,2026-09-01,T+1,18262,4009,22271,2026-08-31T02:56:35.224Z,FALSE,"",08:30,FALSE
fare_DEL-BOM_AI_2026-09-01_T+1_1788146301090_qwwo,DEL-BOM,EaseMyTrip,AI,AI-2761,2026-09-01,T+1,20515,4503,25018,2026-08-31T02:56:35.224Z,TRUE,"High outlier: ₹25018 > upper fence ₹23243 (Q3: ₹13340, IQR: ₹6602)",16:25,FALSE
fare_DEL-BOM_6E_2026-09-01_T+1_1788146301090_8tnm,DEL-BOM,EaseMyTrip,6E,6E-2076,2026-09-01,T+1,22035,4837,26872,2026-08-31T02:56:35.224Z,TRUE,"High outlier: ₹26872 > upper fence ₹23243 (Q3: ₹13340, IQR: ₹6602)",07:30,FALSE
fare_DEL-BOM_AI_2026-09-01_T+1_1788146301090_lqns,DEL-BOM,EaseMyTrip,AI,AI-9920,2026-09-01,T+1,22730,4990,27720,2026-08-31T02:56:35.224Z,TRUE,"High outlier: ₹27720 > upper fence ₹23243 (Q3: ₹13340, IQR: ₹6602)",10:50,FALSE
fare_DEL-BOM_AI_2026-09-01_T+1_1788146301090_ksqb,DEL-BOM,EaseMyTrip,AI,AI-9584,2026-09-01,T+1,26172,5745,31917,2026-08-31T02:56:35.224Z,TRUE,"High outlier: ₹31917 > upper fence ₹23243 (Q3: ₹13340, IQR: ₹6602)",11:15,FALSE
fare_DEL-BOM_AI_2026-09-01_T+1_1788146301090_nspd,DEL-BOM,EaseMyTrip,AI,AI-1739,2026-09-01,T+1,30488,6693,37181,2026-08-31T02:56:35.224Z,TRUE,"High outlier: ₹37181 > upper fence ₹23243 (Q3: ₹13340, IQR: ₹6602)",11:30,FALSE
fare_DEL-BOM_AI_2026-09-01_T+1_1788146301090_lhpr,DEL-BOM,EaseMyTrip,AI,AI-427,2026-09-01,T+1,35845,7869,43714,2026-08-31T02:56:35.224Z,TRUE,"High outlier: ₹43714 > upper fence ₹23243 (Q3: ₹13340, IQR: ₹6602)",08:30,FALSE
fare_DEL-BOM_IX_2026-09-30_T+30_1788146301090_dosd,DEL-BOM,EaseMyTrip,IX,IX-1165,2026-09-30,T+30,5354,1175,6529,2026-08-31T02:56:52.819Z,FALSE,"",05:45,FALSE
fare_DEL-BOM_IX_2026-09-30_T+30_1788146301090_v9pu,DEL-BOM,EaseMyTrip,IX,IX-1392,2026-09-30,T+30,5354,1175,6529,2026-08-31T02:56:52.819Z,FALSE,"",23:25,FALSE
fare_DEL-BOM_IX_2026-09-30_T+30_1788146301090_d2z5,DEL-BOM,EaseMyTrip,IX,IX-1235,2026-09-30,T+30,5354,1175,6529,2026-08-31T02:56:52.819Z,FALSE,"",23:25,TRUE
fare_DEL-BOM_IX_2026-09-30_T+30_1788146301090_mgt8,DEL-BOM,EaseMyTrip,IX,IX-1056,2026-09-30,T+30,5354,1175,6529,2026-08-31T02:56:52.819Z,FALSE,"",05:35,TRUE
fare_DEL-BOM_IX_2026-09-30_T+30_1788146301090_orlu,DEL-BOM,EaseMyTrip,IX,IX-1038,2026-09-30,T+30,5354,1175,6529,2026-08-31T02:56:52.819Z,FALSE,"",17:35,TRUE
fare_DEL-BOM_IX_2026-09-30_T+30_1788146301090_xfo4,DEL-BOM,EaseMyTrip,IX,IX-1080,2026-09-30,T+30,5354,1175,6529,2026-08-31T02:56:52.819Z,FALSE,"",18:40,TRUE
fare_DEL-BOM_6E_2026-09-30_T+30_1788146301090_rfdl,DEL-BOM,EaseMyTrip,6E,6E-5096,2026-09-30,T+30,5282,1160,6442,2026-08-31T02:56:52.819Z,FALSE,"",17:00,TRUE
fare_DEL-BOM_QP_2026-09-30_T+30_1788146301090_pw93,DEL-BOM,EaseMyTrip,QP,QP-2074,2026-09-30,T+30,5330,1170,6500,2026-08-31T02:56:52.819Z,FALSE,"",09:20,TRUE
fare_DEL-BOM_6E_2026-09-30_T+30_1788146301090_6sp4,DEL-BOM,EaseMyTrip,6E,6E-2721,2026-09-30,T+30,5354,1175,6529,2026-08-31T02:56:52.819Z,FALSE,"",09:55,TRUE
fare_DEL-BOM_QP_2026-09-30_T+30_1788146301090_hfs6,DEL-BOM,EaseMyTrip,QP,QP-1119,2026-09-30,T+30,5355,1175,6530,2026-08-31T02:56:52.819Z,FALSE,"",08:40,TRUE
fare_DEL-BOM_QP_2026-09-30_T+30_1788146301090_rxdz,DEL-BOM,EaseMyTrip,QP,QP-1110,2026-09-30,T+30,5355,1175,6530,2026-08-31T02:56:52.819Z,FALSE,"",10:30,TRUE
fare_DEL-BOM_QP_2026-09-30_T+30_1788146301090_h8ec,DEL-BOM,EaseMyTrip,QP,QP-1820,2026-09-30,T+30,5355,1175,6530,2026-08-31T02:56:52.819Z,FALSE,"",17:30,TRUE
fare_DEL-BOM_QP_2026-09-30_T+30_1788146301090_8odq,DEL-BOM,EaseMyTrip,QP,QP-1833,2026-09-30,T+30,5355,1175,6530,2026-08-31T02:56:52.819Z,FALSE,"",06:50,TRUE
fare_DEL-BOM_QP_2026-09-30_T+30_1788146301090_98ss,DEL-BOM,EaseMyTrip,QP,QP-1112,2026-09-30,T+30,5355,1175,6530,2026-08-31T02:56:52.819Z,FALSE,"",09:20,TRUE
fare_DEL-BOM_QP_2026-09-30_T+30_1788146301090_jqb3,DEL-BOM,EaseMyTrip,QP,QP-1836,2026-09-30,T+30,5355,1175,6530,2026-08-31T02:56:52.819Z,FALSE,"",12:30,TRUE
fare_DEL-BOM_QP_2026-09-30_T+30_1788146301090_zenb,DEL-BOM,EaseMyTrip,QP,QP-1826,2026-09-30,T+30,5355,1175,6530,2026-08-31T02:56:52.819Z,FALSE,"",19:55,TRUE
fare_DEL-BOM_6E_2026-09-30_T+30_1788146301090_q0h9,DEL-BOM,EaseMyTrip,6E,6E-6706,2026-09-30,T+30,5355,1175,6530,2026-08-31T02:56:52.819Z,FALSE,"",17:00,TRUE
fare_DEL-BOM_6E_2026-09-30_T+30_1788146301090_5fty,DEL-BOM,EaseMyTrip,6E,6E-686,2026-09-30,T+30,5355,1175,6530,2026-08-31T02:56:52.819Z,FALSE,"",16:15,TRUE
fare_DEL-BOM_6E_2026-09-30_T+30_1788146301090_9bqt,DEL-BOM,EaseMyTrip,6E,6E-877,2026-09-30,T+30,5355,1175,6530,2026-08-31T02:56:52.819Z,FALSE,"",16:15,TRUE
fare_DEL-BOM_6E_2026-09-30_T+30_1788146301090_k1rj,DEL-BOM,EaseMyTrip,6E,6E-593,2026-09-30,T+30,5355,1175,6530,2026-08-31T02:56:52.819Z,FALSE,"",15:30,TRUE
fare_DEL-BOM_6E_2026-09-30_T+30_1788146301090_oxbd,DEL-BOM,EaseMyTrip,6E,6E-419,2026-09-30,T+30,5355,1175,6530,2026-08-31T02:56:52.819Z,FALSE,"",15:30,TRUE
fare_DEL-BOM_6E_2026-09-30_T+30_1788146301090_jria,DEL-BOM,EaseMyTrip,6E,6E-6318,2026-09-30,T+30,5355,1175,6530,2026-08-31T02:56:52.819Z,FALSE,"",14:45,TRUE
fare_DEL-BOM_6E_2026-09-30_T+30_1788146301090_4jrh,DEL-BOM,EaseMyTrip,6E,6E-113,2026-09-30,T+30,5355,1175,6530,2026-08-31T02:56:52.819Z,FALSE,"",13:00,TRUE
fare_DEL-BOM_6E_2026-09-30_T+30_1788146301090_tt4o,DEL-BOM,EaseMyTrip,6E,6E-664,2026-09-30,T+30,5355,1175,6530,2026-08-31T02:56:52.819Z,FALSE,"",13:00,TRUE
fare_DEL-BOM_6E_2026-09-30_T+30_1788146301090_rasq,DEL-BOM,EaseMyTrip,6E,6E-6022,2026-09-30,T+30,5355,1175,6530,2026-08-31T02:56:52.819Z,FALSE,"",14:00,TRUE
fare_DEL-BOM_6E_2026-09-30_T+30_1788146301090_atke,DEL-BOM,EaseMyTrip,6E,6E-6328,2026-09-30,T+30,5355,1175,6530,2026-08-31T02:56:52.819Z,FALSE,"",10:15,TRUE
fare_DEL-BOM_6E_2026-09-30_T+30_1788146301090_ppfa,DEL-BOM,EaseMyTrip,6E,6E-6047,2026-09-30,T+30,5355,1175,6530,2026-08-31T02:56:52.819Z,FALSE,"",11:00,TRUE
fare_DEL-BOM_6E_2026-09-30_T+30_1788146301090_jfyr,DEL-BOM,EaseMyTrip,6E,6E-6676,2026-09-30,T+30,5355,1175,6530,2026-08-31T02:56:52.819Z,FALSE,"",12:00,TRUE
fare_DEL-BOM_6E_2026-09-30_T+30_1788146301090_n5zw,DEL-BOM,EaseMyTrip,6E,6E-6107,2026-09-30,T+30,5355,1175,6530,2026-08-31T02:56:52.819Z,FALSE,"",09:30,TRUE
fare_DEL-BOM_QP_2026-09-30_T+30_1788146301090_be8o,DEL-BOM,EaseMyTrip,QP,QP-1940,2026-09-30,T+30,5427,1191,6618,2026-08-31T02:56:52.819Z,FALSE,"",14:00,TRUE
fare_DEL-BOM_6E_2026-09-30_T+30_1788146301090_s8p2,DEL-BOM,EaseMyTrip,6E,6E-860,2026-09-30,T+30,5484,1204,6688,2026-08-31T02:56:52.819Z,FALSE,"",05:00,TRUE
fare_DEL-BOM_6E_2026-09-30_T+30_1788146301090_dvyx,DEL-BOM,EaseMyTrip,6E,6E-222,2026-09-30,T+30,5484,1204,6688,2026-08-31T02:56:52.819Z,FALSE,"",05:00,TRUE
fare_DEL-BOM_6E_2026-09-30_T+30_1788146301090_hh99,DEL-BOM,EaseMyTrip,6E,6E-6114,2026-09-30,T+30,5484,1204,6688,2026-08-31T02:56:52.819Z,FALSE,"",22:45,TRUE
fare_DEL-BOM_6E_2026-09-30_T+30_1788146301090_kxi6,DEL-BOM,EaseMyTrip,6E,6E-6218,2026-09-30,T+30,5484,1204,6688,2026-08-31T02:56:52.819Z,FALSE,"",06:05,TRUE
fare_DEL-BOM_6E_2026-09-30_T+30_1788146301090_tbay,DEL-BOM,EaseMyTrip,6E,6E-687,2026-09-30,T+30,5484,1204,6688,2026-08-31T02:56:52.819Z,FALSE,"",08:45,TRUE
fare_DEL-BOM_6E_2026-09-30_T+30_1788146301090_uyec,DEL-BOM,EaseMyTrip,6E,6E-596,2026-09-30,T+30,5484,1204,6688,2026-08-31T02:56:52.819Z,FALSE,"",08:45,TRUE
fare_DEL-BOM_6E_2026-09-30_T+30_1788146301090_wiad,DEL-BOM,EaseMyTrip,6E,6E-6470,2026-09-30,T+30,5526,1213,6739,2026-08-31T02:56:52.819Z,FALSE,"",06:55,TRUE
fare_DEL-BOM_6E_2026-09-30_T+30_1788146301090_r8jo,DEL-BOM,EaseMyTrip,6E,6E-5198,2026-09-30,T+30,5556,1220,6776,2026-08-31T02:56:52.819Z,FALSE,"",15:00,TRUE
fare_DEL-BOM_AI_2026-09-30_T+30_1788146301090_cye9,DEL-BOM,EaseMyTrip,AI,AI-2963,2026-09-30,T+30,5740,1260,7000,2026-08-31T02:56:52.819Z,FALSE,"",09:00,TRUE
fare_DEL-BOM_AI_2026-09-30_T+30_1788146301090_gzee,DEL-BOM,EaseMyTrip,AI,AI-2425,2026-09-30,T+30,5740,1260,7000,2026-08-31T02:56:52.819Z,FALSE,"",10:30,TRUE
fare_DEL-BOM_AI_2026-09-30_T+30_1788146301090_4yr5,DEL-BOM,EaseMyTrip,AI,AI-2941,2026-09-30,T+30,5740,1260,7000,2026-08-31T02:56:52.819Z,FALSE,"",16:30,TRUE
fare_DEL-BOM_AI_2026-09-30_T+30_1788146301090_2oi2,DEL-BOM,EaseMyTrip,AI,AI-2995,2026-09-30,T+30,5740,1260,7000,2026-08-31T02:56:52.819Z,FALSE,"",10:00,TRUE
fare_DEL-BOM_AI_2026-09-30_T+30_1788146301090_j13d,DEL-BOM,EaseMyTrip,AI,AI-1785,2026-09-30,T+30,5740,1260,7000,2026-08-31T02:56:52.819Z,FALSE,"",12:00,TRUE
fare_DEL-BOM_AI_2026-09-30_T+30_1788146301090_lgtg,DEL-BOM,EaseMyTrip,AI,AI-1777,2026-09-30,T+30,5740,1260,7000,2026-08-31T02:56:52.819Z,FALSE,"",16:00,TRUE
fare_DEL-BOM_AI_2026-09-30_T+30_1788146301090_gf1d,DEL-BOM,EaseMyTrip,AI,AI-441,2026-09-30,T+30,5740,1260,7000,2026-08-31T02:56:52.819Z,FALSE,"",17:00,TRUE
fare_DEL-BOM_AI_2026-09-30_T+30_1788146301090_qrzl,DEL-BOM,EaseMyTrip,AI,AI-2927,2026-09-30,T+30,5740,1260,7000,2026-08-31T02:56:52.819Z,FALSE,"",09:30,TRUE
fare_DEL-BOM_SG_2026-09-30_T+30_1788146301090_yqnl,DEL-BOM,EaseMyTrip,SG,SG-9091,2026-09-30,T+30,6378,1400,7778,2026-08-31T02:56:52.819Z,FALSE,"",05:30,TRUE
fare_DEL-BOM_6E_2026-09-30_T+30_1788146301090_h2ja,DEL-BOM,EaseMyTrip,6E,6E-183,2026-09-30,T+30,5656,1242,6898,2026-08-31T02:56:52.819Z,FALSE,"",21:45,TRUE
fare_DEL-BOM_6E_2026-09-30_T+30_1788146301090_nvo1,DEL-BOM,EaseMyTrip,6E,6E-650,2026-09-30,T+30,5656,1242,6898,2026-08-31T02:56:52.819Z,FALSE,"",21:45,TRUE
fare_DEL-BOM_6E_2026-09-30_T+30_1788146301090_xq1s,DEL-BOM,EaseMyTrip,6E,6E-643,2026-09-30,T+30,5656,1242,6898,2026-08-31T02:56:52.819Z,FALSE,"",20:00,TRUE
fare_DEL-BOM_6E_2026-09-30_T+30_1788146301090_lbsh,DEL-BOM,EaseMyTrip,6E,6E-990,2026-09-30,T+30,5656,1242,6898,2026-08-31T02:56:52.819Z,FALSE,"",20:00,TRUE
fare_DEL-BOM_6E_2026-09-30_T+30_1788146301090_wozy,DEL-BOM,EaseMyTrip,6E,6E-185,2026-09-30,T+30,5656,1242,6898,2026-08-31T02:56:52.819Z,FALSE,"",19:00,TRUE
fare_DEL-BOM_6E_2026-09-30_T+30_1788146301090_h7bu,DEL-BOM,EaseMyTrip,6E,6E-618,2026-09-30,T+30,5656,1242,6898,2026-08-31T02:56:52.819Z,FALSE,"",19:00,TRUE
fare_DEL-BOM_6E_2026-09-30_T+30_1788146301090_fepc,DEL-BOM,EaseMyTrip,6E,6E-878,2026-09-30,T+30,5656,1242,6898,2026-08-31T02:56:52.819Z,FALSE,"",18:00,TRUE
fare_DEL-BOM_6E_2026-09-30_T+30_1788146301090_op3d,DEL-BOM,EaseMyTrip,6E,6E-287,2026-09-30,T+30,5656,1242,6898,2026-08-31T02:56:52.819Z,FALSE,"",18:00,TRUE
fare_DEL-BOM_6E_2026-09-30_T+30_1788146301090_ofbh,DEL-BOM,EaseMyTrip,6E,6E-866,2026-09-30,T+30,5656,1242,6898,2026-08-31T02:56:52.819Z,FALSE,"",20:45,TRUE
fare_DEL-BOM_6E_2026-09-30_T+30_1788146301090_4crk,DEL-BOM,EaseMyTrip,6E,6E-277,2026-09-30,T+30,5656,1242,6898,2026-08-31T02:56:52.819Z,FALSE,"",20:45,TRUE
fare_DEL-BOM_6E_2026-09-30_T+30_1788146301090_bcnm,DEL-BOM,EaseMyTrip,6E,6E-851,2026-09-30,T+30,5656,1242,6898,2026-08-31T02:56:52.819Z,FALSE,"",08:00,TRUE
fare_DEL-BOM_6E_2026-09-30_T+30_1788146301090_yv69,DEL-BOM,EaseMyTrip,6E,6E-413,2026-09-30,T+30,5656,1242,6898,2026-08-31T02:56:52.819Z,FALSE,"",08:00,TRUE
fare_DEL-BOM_6E_2026-09-30_T+30_1788146301090_njne,DEL-BOM,EaseMyTrip,6E,6E-6814,2026-09-30,T+30,5656,1242,6898,2026-08-31T02:56:52.819Z,FALSE,"",07:15,TRUE
fare_DEL-BOM_AI_2026-09-30_T+30_1788146301090_7tu0,DEL-BOM,EaseMyTrip,AI,AI-2678,2026-09-30,T+30,5870,1289,7159,2026-08-31T02:56:52.819Z,FALSE,"",08:30,TRUE
fare_DEL-BOM_AI_2026-09-30_T+30_1788146301090_qati,DEL-BOM,EaseMyTrip,AI,AI-1745,2026-09-30,T+30,5870,1289,7159,2026-08-31T02:56:52.819Z,FALSE,"",05:00,TRUE
fare_DEL-BOM_AI_2026-09-30_T+30_1788146301090_9tap,DEL-BOM,EaseMyTrip,AI,AI-2975,2026-09-30,T+30,5870,1289,7159,2026-08-31T02:56:52.819Z,FALSE,"",06:30,TRUE
fare_DEL-BOM_AI_2026-09-30_T+30_1788146301090_evko,DEL-BOM,EaseMyTrip,AI,AI-2933,2026-09-30,T+30,5870,1289,7159,2026-08-31T02:56:52.819Z,FALSE,"",15:30,TRUE
fare_DEL-BOM_AI_2026-09-30_T+30_1788146301090_jtz0,DEL-BOM,EaseMyTrip,AI,AI-2439,2026-09-30,T+30,5870,1289,7159,2026-08-31T02:56:52.819Z,FALSE,"",23:00,TRUE
fare_DEL-BOM_6E_2026-09-30_T+30_1788146301090_jibm,DEL-BOM,EaseMyTrip,6E,6E-6261,2026-09-30,T+30,5710,1254,6964,2026-08-31T02:56:52.819Z,FALSE,"",00:15,FALSE
fare_DEL-BOM_6E_2026-09-30_T+30_1788146301090_kt4g,DEL-BOM,EaseMyTrip,6E,6E-328,2026-09-30,T+30,5871,1289,7160,2026-08-31T02:56:52.819Z,FALSE,"",23:30,TRUE
fare_DEL-BOM_6E_2026-09-30_T+30_1788146301090_7jm8,DEL-BOM,EaseMyTrip,6E,6E-476,2026-09-30,T+30,5871,1289,7160,2026-08-31T02:56:52.819Z,FALSE,"",23:30,TRUE
fare_DEL-BOM_AI_2026-09-30_T+30_1788146301090_zqh2,DEL-BOM,EaseMyTrip,AI,AI-2981,2026-09-30,T+30,6043,1326,7369,2026-08-31T02:56:52.819Z,FALSE,"",21:00,TRUE
fare_DEL-BOM_AI_2026-09-30_T+30_1788146301090_i1f1,DEL-BOM,EaseMyTrip,AI,AI-2943,2026-09-30,T+30,6043,1326,7369,2026-08-31T02:56:52.819Z,FALSE,"",07:30,TRUE
fare_DEL-BOM_AI_2026-09-30_T+30_1788146301090_xik7,DEL-BOM,EaseMyTrip,AI,AI-2985,2026-09-30,T+30,6043,1326,7369,2026-08-31T02:56:52.819Z,FALSE,"",19:30,TRUE
fare_DEL-BOM_AI_2026-09-30_T+30_1788146301090_a0pr,DEL-BOM,EaseMyTrip,AI,AI-2433,2026-09-30,T+30,6043,1326,7369,2026-08-31T02:56:52.819Z,FALSE,"",21:30,TRUE
fare_DEL-BOM_AI_2026-09-30_T+30_1788146301090_o8xr,DEL-BOM,EaseMyTrip,AI,AI-2957,2026-09-30,T+30,6043,1326,7369,2026-08-31T02:56:52.819Z,FALSE,"",20:30,TRUE
fare_DEL-BOM_6E_2026-09-30_T+30_1788146301090_trwi,DEL-BOM,EaseMyTrip,6E,6E-6190,2026-09-30,T+30,5920,1299,7219,2026-08-31T02:56:52.819Z,FALSE,"",07:40,FALSE
fare_DEL-BOM_6E_2026-09-30_T+30_1788146301090_7s4a,DEL-BOM,EaseMyTrip,6E,6E-5014,2026-09-30,T+30,5963,1309,7272,2026-08-31T02:56:52.819Z,FALSE,"",18:30,FALSE
fare_DEL-BOM_6E_2026-09-30_T+30_1788146301090_o802,DEL-BOM,EaseMyTrip,6E,6E-2037,2026-09-30,T+30,5963,1309,7272,2026-08-31T02:56:52.819Z,FALSE,"",11:10,FALSE
fare_DEL-BOM_6E_2026-09-30_T+30_1788146301090_ywhm,DEL-BOM,EaseMyTrip,6E,6E-5073,2026-09-30,T+30,5963,1309,7272,2026-08-31T02:56:52.819Z,FALSE,"",17:05,FALSE
fare_DEL-BOM_6E_2026-09-30_T+30_1788146301090_q96q,DEL-BOM,EaseMyTrip,6E,6E-947,2026-09-30,T+30,5963,1309,7272,2026-08-31T02:56:52.819Z,FALSE,"",19:35,FALSE
fare_DEL-BOM_6E_2026-09-30_T+30_1788146301090_ao88,DEL-BOM,EaseMyTrip,6E,6E-2076,2026-09-30,T+30,5963,1309,7272,2026-08-31T02:56:52.819Z,FALSE,"",07:30,FALSE
fare_DEL-BOM_6E_2026-09-30_T+30_1788146301090_7mqg,DEL-BOM,EaseMyTrip,6E,6E-5119,2026-09-30,T+30,5963,1309,7272,2026-08-31T02:56:52.819Z,FALSE,"",05:10,FALSE
fare_DEL-BOM_6E_2026-09-30_T+30_1788146301090_geup,DEL-BOM,EaseMyTrip,6E,6E-6171,2026-09-30,T+30,5963,1309,7272,2026-08-31T02:56:52.819Z,FALSE,"",05:40,FALSE
fare_DEL-BOM_6E_2026-09-30_T+30_1788146301090_hxwx,DEL-BOM,EaseMyTrip,6E,6E-6983,2026-09-30,T+30,5963,1309,7272,2026-08-31T02:56:52.819Z,FALSE,"",15:35,FALSE
fare_DEL-BOM_6E_2026-09-30_T+30_1788146301090_rey9,DEL-BOM,EaseMyTrip,6E,6E-2013,2026-09-30,T+30,5963,1309,7272,2026-08-31T02:56:52.819Z,FALSE,"",21:50,FALSE
fare_DEL-BOM_6E_2026-09-30_T+30_1788146301090_2lsb,DEL-BOM,EaseMyTrip,6E,6E-2341,2026-09-30,T+30,5963,1309,7272,2026-08-31T02:56:52.819Z,FALSE,"",14:50,FALSE
fare_DEL-BOM_6E_2026-09-30_T+30_1788146301090_fdph,DEL-BOM,EaseMyTrip,6E,6E-6490,2026-09-30,T+30,6027,1323,7350,2026-08-31T02:56:52.819Z,FALSE,"",04:55,FALSE
fare_DEL-BOM_6E_2026-09-30_T+30_1788146301090_belq,DEL-BOM,EaseMyTrip,6E,6E-2249,2026-09-30,T+30,6070,1333,7403,2026-08-31T02:56:52.819Z,FALSE,"",15:00,FALSE
fare_DEL-BOM_6E_2026-09-30_T+30_1788146301090_5kks,DEL-BOM,EaseMyTrip,6E,6E-2169,2026-09-30,T+30,6070,1333,7403,2026-08-31T02:56:52.819Z,FALSE,"",19:40,FALSE
fare_DEL-BOM_6E_2026-09-30_T+30_1788146301090_slsr,DEL-BOM,EaseMyTrip,6E,6E-6829,2026-09-30,T+30,6070,1333,7403,2026-08-31T02:56:52.819Z,FALSE,"",17:20,FALSE
fare_DEL-BOM_6E_2026-09-30_T+30_1788146301090_2id2,DEL-BOM,EaseMyTrip,6E,6E-6443,2026-09-30,T+30,6070,1333,7403,2026-08-31T02:56:52.819Z,FALSE,"",09:00,FALSE
fare_DEL-BOM_6E_2026-09-30_T+30_1788146301090_ajgg,DEL-BOM,EaseMyTrip,6E,6E-6433,2026-09-30,T+30,6070,1333,7403,2026-08-31T02:56:52.819Z,FALSE,"",16:30,FALSE
fare_DEL-BOM_6E_2026-09-30_T+30_1788146301090_l36q,DEL-BOM,EaseMyTrip,6E,6E-5138,2026-09-30,T+30,6070,1333,7403,2026-08-31T02:56:52.819Z,FALSE,"",19:10,FALSE
fare_DEL-BOM_6E_2026-09-30_T+30_1788146301090_7xhs,DEL-BOM,EaseMyTrip,6E,6E-2345,2026-09-30,T+30,6070,1333,7403,2026-08-31T02:56:52.819Z,FALSE,"",05:55,FALSE
fare_DEL-BOM_6E_2026-09-30_T+30_1788146301090_r9lc,DEL-BOM,EaseMyTrip,6E,6E-6488,2026-09-30,T+30,6070,1333,7403,2026-08-31T02:56:52.819Z,FALSE,"",11:20,FALSE
fare_DEL-BOM_AI_2026-09-30_T+30_1788146301090_csrz,DEL-BOM,EaseMyTrip,AI,AI-2805,2026-09-30,T+30,6243,1371,7614,2026-08-31T02:56:52.819Z,FALSE,"",20:00,TRUE
fare_DEL-BOM_AI_2026-09-30_T+30_1788146301090_jr07,DEL-BOM,EaseMyTrip,AI,AI-2429,2026-09-30,T+30,6257,1373,7630,2026-08-31T02:56:52.819Z,FALSE,"",07:00,TRUE
fare_DEL-BOM_6E_2026-09-30_T+30_1788146301090_b88x,DEL-BOM,EaseMyTrip,6E,6E-6479,2026-09-30,T+30,6135,1347,7482,2026-08-31T02:56:52.819Z,FALSE,"",21:25,FALSE
fare_DEL-BOM_6E_2026-09-30_T+30_1788146301090_x4cf,DEL-BOM,EaseMyTrip,6E,6E-5206,2026-09-30,T+30,6135,1347,7482,2026-08-31T02:56:52.819Z,FALSE,"",13:20,FALSE
fare_DEL-BOM_6E_2026-09-30_T+30_1788146301090_w2vw,DEL-BOM,EaseMyTrip,6E,6E-6050,2026-09-30,T+30,6135,1347,7482,2026-08-31T02:56:52.819Z,FALSE,"",08:15,FALSE
fare_DEL-BOM_AI_2026-09-30_T+30_1788146301090_d6f0,DEL-BOM,EaseMyTrip,AI,AI-2977,2026-09-30,T+30,6395,1404,7799,2026-08-31T02:56:52.819Z,FALSE,"",19:00,TRUE
fare_DEL-BOM_AI_2026-09-30_T+30_1788146301090_ipb3,DEL-BOM,EaseMyTrip,AI,AI-2955,2026-09-30,T+30,6395,1404,7799,2026-08-31T02:56:52.819Z,FALSE,"",18:00,TRUE
fare_DEL-BOM_6E_2026-09-30_T+30_1788146301090_k3wa,DEL-BOM,EaseMyTrip,6E,6E-6601,2026-09-30,T+30,6243,1370,7613,2026-08-31T02:56:52.819Z,FALSE,"",19:45,FALSE
fare_DEL-BOM_6E_2026-09-30_T+30_1788146301090_p9xh,DEL-BOM,EaseMyTrip,6E,6E-6282,2026-09-30,T+30,6243,1370,7613,2026-08-31T02:56:52.819Z,FALSE,"",13:30,FALSE
fare_DEL-BOM_6E_2026-09-30_T+30_1788146301090_z3js,DEL-BOM,EaseMyTrip,6E,6E-759,2026-09-30,T+30,6243,1370,7613,2026-08-31T02:56:52.819Z,FALSE,"",23:15,FALSE
fare_DEL-BOM_6E_2026-09-30_T+30_1788146301090_e4ze,DEL-BOM,EaseMyTrip,6E,6E-813,2026-09-30,T+30,6243,1370,7613,2026-08-31T02:56:52.819Z,FALSE,"",23:15,FALSE
fare_DEL-BOM_6E_2026-09-30_T+30_1788146301090_g8zz,DEL-BOM,EaseMyTrip,6E,6E-7646,2026-09-30,T+30,6269,1376,7645,2026-08-31T02:56:52.819Z,FALSE,"",06:15,FALSE
fare_DEL-BOM_IX_2026-09-30_T+30_1788146301090_35j1,DEL-BOM,EaseMyTrip,IX,IX-1051,2026-09-30,T+30,6831,1499,8330,2026-08-31T02:56:52.819Z,FALSE,"",19:05,FALSE
fare_DEL-BOM_6E_2026-09-30_T+30_1788146301090_ccmm,DEL-BOM,EaseMyTrip,6E,6E-148,2026-09-30,T+30,6307,1385,7692,2026-08-31T02:56:52.819Z,FALSE,"",12:15,FALSE
fare_DEL-BOM_6E_2026-09-30_T+30_1788146301090_bjit,DEL-BOM,EaseMyTrip,6E,6E-770,2026-09-30,T+30,6307,1385,7692,2026-08-31T02:56:52.819Z,FALSE,"",12:15,FALSE
fare_DEL-BOM_6E_2026-09-30_T+30_1788146301090_tz06,DEL-BOM,EaseMyTrip,6E,6E-7642,2026-09-30,T+30,6312,1386,7698,2026-08-31T02:56:52.819Z,FALSE,"",15:45,FALSE
fare_DEL-BOM_AI_2026-09-30_T+30_1788146301090_0cnc,DEL-BOM,EaseMyTrip,AI,AI-2951,2026-09-30,T+30,6836,1500,8336,2026-08-31T02:56:52.819Z,FALSE,"",13:30,TRUE
fare_DEL-BOM_6E_2026-09-30_T+30_1788146301090_tzgr,DEL-BOM,EaseMyTrip,6E,6E-6497,2026-09-30,T+30,6725,1476,8201,2026-08-31T02:56:52.819Z,FALSE,"",18:40,FALSE
fare_DEL-BOM_6E_2026-09-30_T+30_1788146301090_x4q8,DEL-BOM,EaseMyTrip,6E,6E-2381,2026-09-30,T+30,7256,1593,8849,2026-08-31T02:56:52.819Z,FALSE,"",13:45,FALSE
fare_DEL-BOM_IX_2026-09-30_T+30_1788146301090_t1fm,DEL-BOM,EaseMyTrip,IX,IX-1003,2026-09-30,T+30,8142,1787,9929,2026-08-31T02:56:52.819Z,FALSE,"",19:10,FALSE
fare_DEL-BOM_6E_2026-09-30_T+30_1788146301090_nlzl,DEL-BOM,EaseMyTrip,6E,6E-5298,2026-09-30,T+30,7731,1697,9428,2026-08-31T02:56:52.819Z,FALSE,"",09:00,FALSE
fare_DEL-BOM_IX_2026-09-30_T+30_1788146301090_p3bn,DEL-BOM,EaseMyTrip,IX,IX-1059,2026-09-30,T+30,8963,1967,10930,2026-08-31T02:56:52.819Z,FALSE,"",12:15,FALSE
fare_DEL-BOM_IX_2026-09-30_T+30_1788146301090_opkt,DEL-BOM,EaseMyTrip,IX,IX-1783,2026-09-30,T+30,8963,1967,10930,2026-08-31T02:56:52.819Z,FALSE,"",07:20,FALSE
fare_DEL-BOM_AI_2026-09-30_T+30_1788146301090_ziho,DEL-BOM,EaseMyTrip,AI,AI-1780,2026-09-30,T+30,8518,1870,10388,2026-08-31T02:56:52.819Z,FALSE,"",16:10,TRUE
fare_DEL-BOM_6E_2026-09-30_T+30_1788146301090_19cv,DEL-BOM,EaseMyTrip,6E,6E-5038,2026-09-30,T+30,8373,1838,10211,2026-08-31T02:56:52.819Z,FALSE,"",14:00,FALSE
fare_DEL-BOM_AI_2026-09-30_T+30_1788146301090_8lf9,DEL-BOM,EaseMyTrip,AI,AI-2569,2026-09-30,T+30,8777,1927,10704,2026-08-31T02:56:52.819Z,FALSE,"",20:25,FALSE
fare_DEL-BOM_AI_2026-09-30_T+30_1788146301090_g9lf,DEL-BOM,EaseMyTrip,AI,AI-1710,2026-09-30,T+30,8777,1927,10704,2026-08-31T02:56:52.819Z,FALSE,"",18:35,FALSE
fare_DEL-BOM_AI_2026-09-30_T+30_1788146301090_u58m,DEL-BOM,EaseMyTrip,AI,AI-1705,2026-09-30,T+30,8895,1952,10847,2026-08-31T02:56:52.819Z,FALSE,"",06:30,FALSE
fare_DEL-BOM_6E_2026-09-30_T+30_1788146301090_cu8m,DEL-BOM,EaseMyTrip,6E,6E-506,2026-09-30,T+30,9250,2030,11280,2026-08-31T02:56:52.819Z,FALSE,"",19:30,FALSE
fare_DEL-BOM_6E_2026-09-30_T+30_1788146301090_jhb2,DEL-BOM,EaseMyTrip,6E,6E-730,2026-09-30,T+30,9250,2030,11280,2026-08-31T02:56:52.819Z,FALSE,"",19:30,FALSE
fare_DEL-BOM_AI_2026-09-30_T+30_1788146301090_drd8,DEL-BOM,EaseMyTrip,AI,AI-1717,2026-09-30,T+30,9447,2074,11521,2026-08-31T02:56:52.819Z,FALSE,"",14:20,FALSE
fare_DEL-BOM_6E_2026-09-30_T+30_1788146301090_1wee,DEL-BOM,EaseMyTrip,6E,6E-6212,2026-09-30,T+30,9384,2060,11444,2026-08-31T02:56:52.819Z,FALSE,"",14:45,FALSE
fare_DEL-BOM_AI_2026-09-30_T+30_1788146301090_o0hv,DEL-BOM,EaseMyTrip,AI,AI-9759,2026-09-30,T+30,9551,2097,11648,2026-08-31T02:56:52.819Z,FALSE,"",05:45,FALSE
fare_DEL-BOM_AI_2026-09-30_T+30_1788146301090_u8fk,DEL-BOM,EaseMyTrip,AI,AI-2761,2026-09-30,T+30,10020,2199,12219,2026-08-31T02:56:52.819Z,FALSE,"",16:25,FALSE
fare_DEL-BOM_6E_2026-09-30_T+30_1788146301090_799v,DEL-BOM,EaseMyTrip,6E,6E-2571,2026-09-30,T+30,9896,2172,12068,2026-08-31T02:56:52.819Z,FALSE,"",12:30,FALSE
fare_DEL-BOM_6E_2026-09-30_T+30_1788146301090_0j58,DEL-BOM,EaseMyTrip,6E,6E-289,2026-09-30,T+30,10010,2197,12207,2026-08-31T02:56:52.819Z,FALSE,"",08:30,FALSE
fare_DEL-BOM_6E_2026-09-30_T+30_1788146301090_r6uq,DEL-BOM,EaseMyTrip,6E,6E-849,2026-09-30,T+30,10010,2197,12207,2026-08-31T02:56:52.819Z,FALSE,"",08:30,FALSE
fare_DEL-BOM_6E_2026-09-30_T+30_1788146301090_9wyk,DEL-BOM,EaseMyTrip,6E,6E-6293,2026-09-30,T+30,10010,2197,12207,2026-08-31T02:56:52.819Z,FALSE,"",09:55,FALSE
fare_DEL-BOM_AI_2026-09-30_T+30_1788146301090_74ze,DEL-BOM,EaseMyTrip,AI,AI-9447,2026-09-30,T+30,10456,2295,12751,2026-08-31T02:56:52.819Z,FALSE,"",23:25,FALSE
fare_DEL-BOM_SG_2026-09-30_T+30_1788146301090_yoo9,DEL-BOM,EaseMyTrip,SG,SG-114,2026-09-30,T+30,12051,2645,14696,2026-08-31T02:56:52.819Z,FALSE,"",21:00,TRUE
fare_DEL-BOM_SG_2026-09-30_T+30_1788146301090_wd4p,DEL-BOM,EaseMyTrip,SG,SG-968,2026-09-30,T+30,12051,2645,14696,2026-08-31T02:56:52.819Z,FALSE,"",21:00,TRUE
fare_DEL-BOM_SG_2026-09-30_T+30_1788146301090_lbuy,DEL-BOM,EaseMyTrip,SG,SG-600,2026-09-30,T+30,12051,2645,14696,2026-08-31T02:56:52.819Z,FALSE,"",22:30,TRUE
fare_DEL-BOM_SG_2026-09-30_T+30_1788146301090_8l16,DEL-BOM,EaseMyTrip,SG,SG-273,2026-09-30,T+30,12051,2645,14696,2026-08-31T02:56:52.819Z,FALSE,"",22:30,TRUE
fare_DEL-BOM_IX_2026-09-30_T+30_1788146301090_ogqu,DEL-BOM,EaseMyTrip,IX,IX-5975,2026-09-30,T+30,10838,2379,13217,2026-08-31T02:56:52.819Z,FALSE,"",21:00,FALSE
fare_DEL-BOM_IX_2026-09-30_T+30_1788146301090_3gej,DEL-BOM,EaseMyTrip,IX,IX-1070,2026-09-30,T+30,10838,2379,13217,2026-08-31T02:56:52.819Z,FALSE,"",18:20,FALSE
fare_DEL-BOM_AI_2026-09-30_T+30_1788146301090_kucf,DEL-BOM,EaseMyTrip,AI,AI-1719,2026-09-30,T+30,10758,2362,13120,2026-08-31T02:56:52.819Z,FALSE,"",11:55,FALSE
fare_DEL-BOM_AI_2026-09-30_T+30_1788146301090_y7l9,DEL-BOM,EaseMyTrip,AI,AI-2545,2026-09-30,T+30,11186,2455,13641,2026-08-31T02:56:52.819Z,FALSE,"",20:30,FALSE
fare_DEL-BOM_AI_2026-09-30_T+30_1788146301090_764w,DEL-BOM,EaseMyTrip,AI,AI-809,2026-09-30,T+30,11273,2475,13748,2026-08-31T02:56:52.819Z,FALSE,"",17:40,FALSE
fare_DEL-BOM_AI_2026-09-30_T+30_1788146301090_aflh,DEL-BOM,EaseMyTrip,AI,AI-2909,2026-09-30,T+30,11273,2475,13748,2026-08-31T02:56:52.819Z,FALSE,"",22:30,FALSE
fare_DEL-BOM_AI_2026-09-30_T+30_1788146301090_2g8j,DEL-BOM,EaseMyTrip,AI,AI-531,2026-09-30,T+30,11273,2475,13748,2026-08-31T02:56:52.819Z,FALSE,"",19:20,FALSE
fare_DEL-BOM_AI_2026-09-30_T+30_1788146301090_mr1l,DEL-BOM,EaseMyTrip,AI,AI-2509,2026-09-30,T+30,11556,2537,14093,2026-08-31T02:56:52.819Z,FALSE,"",06:55,FALSE
fare_DEL-BOM_IX_2026-09-30_T+30_1788146301090_24ra,DEL-BOM,EaseMyTrip,IX,IX-1049,2026-09-30,T+30,12242,2687,14929,2026-08-31T02:56:52.819Z,FALSE,"",18:40,FALSE
fare_DEL-BOM_AI_2026-09-30_T+30_1788146301090_a6dt,DEL-BOM,EaseMyTrip,AI,AI-9584,2026-09-30,T+30,12090,2654,14744,2026-08-31T02:56:52.819Z,FALSE,"",11:15,FALSE
fare_DEL-BOM_QP_2026-09-30_T+30_1788146301090_g486,DEL-BOM,EaseMyTrip,QP,QP-1803,2026-09-30,T+30,12444,2731,15175,2026-08-31T02:56:52.819Z,FALSE,"",17:05,FALSE
fare_DEL-BOM_AI_2026-09-30_T+30_1788146301090_wtes,DEL-BOM,EaseMyTrip,AI,AI-2499,2026-09-30,T+30,12830,2816,15646,2026-08-31T02:56:52.819Z,FALSE,"",05:55,FALSE
fare_DEL-BOM_AI_2026-09-30_T+30_1788146301090_lang,DEL-BOM,EaseMyTrip,AI,AI-1743,2026-09-30,T+30,13065,2868,15933,2026-08-31T02:56:52.819Z,FALSE,"",06:20,FALSE
fare_DEL-BOM_AI_2026-09-30_T+30_1788146301090_qz31,DEL-BOM,EaseMyTrip,AI,AI-2601,2026-09-30,T+30,13065,2868,15933,2026-08-31T02:56:52.819Z,FALSE,"",17:00,FALSE
fare_DEL-BOM_AI_2026-09-30_T+30_1788146301090_b2h3,DEL-BOM,EaseMyTrip,AI,AI-9674,2026-09-30,T+30,13407,2943,16350,2026-08-31T02:56:52.819Z,FALSE,"",16:40,FALSE
fare_DEL-BOM_AI_2026-09-30_T+30_1788146301090_bgmw,DEL-BOM,EaseMyTrip,AI,AI-2907,2026-09-30,T+30,13927,3057,16984,2026-08-31T02:56:52.819Z,FALSE,"",12:00,FALSE
fare_DEL-BOM_AI_2026-09-30_T+30_1788146301090_2sbz,DEL-BOM,EaseMyTrip,AI,AI-1773,2026-09-30,T+30,14497,3182,17679,2026-08-31T02:56:52.819Z,FALSE,"",10:30,FALSE
fare_DEL-BOM_AI_2026-09-30_T+30_1788146301090_z4ju,DEL-BOM,EaseMyTrip,AI,AI-2577,2026-09-30,T+30,14577,3200,17777,2026-08-31T02:56:52.819Z,FALSE,"",02:00,FALSE
fare_DEL-BOM_IX_2026-09-30_T+30_1788146301090_wb2h,DEL-BOM,EaseMyTrip,IX,IX-1108,2026-09-30,T+30,16298,3578,19876,2026-08-31T02:56:52.819Z,TRUE,"High outlier: ₹19876 > upper fence ₹18616 (Q3: ₹11585, IQR: ₹4687)",05:00,FALSE
fare_DEL-BOM_IX_2026-09-30_T+30_1788146301090_s9dn,DEL-BOM,EaseMyTrip,IX,IX-1082,2026-09-30,T+30,16634,3651,20285,2026-08-31T02:56:52.819Z,TRUE,"High outlier: ₹20285 > upper fence ₹18616 (Q3: ₹11585, IQR: ₹4687)",21:25,FALSE
fare_DEL-BOM_AI_2026-09-30_T+30_1788146301090_k8xe,DEL-BOM,EaseMyTrip,AI,AI-427,2026-09-30,T+30,16370,3593,19963,2026-08-31T02:56:52.819Z,TRUE,"High outlier: ₹19963 > upper fence ₹18616 (Q3: ₹11585, IQR: ₹4687)",08:30,FALSE
fare_DEL-BOM_IX_2026-09-30_T+30_1788146301090_gbwl,DEL-BOM,EaseMyTrip,IX,IX-1068,2026-09-30,T+30,17680,3881,21561,2026-08-31T02:56:52.819Z,TRUE,"High outlier: ₹21561 > upper fence ₹18616 (Q3: ₹11585, IQR: ₹4687)",11:55,FALSE
fare_DEL-BOM_IX_2026-09-30_T+30_1788146301090_vo97,DEL-BOM,EaseMyTrip,IX,IX-1817,2026-09-30,T+30,18273,4011,22284,2026-08-31T02:56:52.819Z,TRUE,"High outlier: ₹22284 > upper fence ₹18616 (Q3: ₹11585, IQR: ₹4687)",19:30,FALSE
fare_DEL-BOM_QP_2026-09-30_T+30_1788146301090_6i2a,DEL-BOM,EaseMyTrip,QP,QP-1817,2026-09-30,T+30,17960,3943,21903,2026-08-31T02:56:52.819Z,TRUE,"High outlier: ₹21903 > upper fence ₹18616 (Q3: ₹11585, IQR: ₹4687)",10:30,FALSE
fare_DEL-BOM_6E_2026-09-30_T+30_1788146301090_42w2,DEL-BOM,EaseMyTrip,6E,6E-2496,2026-09-30,T+30,18283,4013,22296,2026-08-31T02:56:52.819Z,TRUE,"High outlier: ₹22296 > upper fence ₹18616 (Q3: ₹11585, IQR: ₹4687)",12:40,FALSE
fare_DEL-BOM_QP_2026-09-30_T+30_1788146301090_8cba,DEL-BOM,EaseMyTrip,QP,QP-1813,2026-09-30,T+30,18875,4143,23018,2026-08-31T02:56:52.819Z,TRUE,"High outlier: ₹23018 > upper fence ₹18616 (Q3: ₹11585, IQR: ₹4687)",08:20,FALSE
fare_DEL-BOM_AI_2026-09-30_T+30_1788146301090_atso,DEL-BOM,EaseMyTrip,AI,AI-2465,2026-09-30,T+30,20634,4530,25164,2026-08-31T02:56:52.819Z,TRUE,"High outlier: ₹25164 > upper fence ₹18616 (Q3: ₹11585, IQR: ₹4687)",14:30,FALSE
fare_DEL-BOM_AI_2026-09-30_T+30_1788146301090_7g8q,DEL-BOM,EaseMyTrip,AI,AI-1779,2026-09-30,T+30,21138,4640,25778,2026-08-31T02:56:52.819Z,TRUE,"High outlier: ₹25778 > upper fence ₹18616 (Q3: ₹11585, IQR: ₹4687)",13:50,FALSE
fare_DEL-BOM_AI_2026-09-30_T+30_1788146301090_ohsb,DEL-BOM,EaseMyTrip,AI,AI-2525,2026-09-30,T+30,21537,4728,26265,2026-08-31T02:56:52.819Z,TRUE,"High outlier: ₹26265 > upper fence ₹18616 (Q3: ₹11585, IQR: ₹4687)",06:00,FALSE
fare_DEL-BOM_AI_2026-09-30_T+30_1788146301090_643g,DEL-BOM,EaseMyTrip,AI,AI-1739,2026-09-30,T+30,21636,4749,26385,2026-08-31T02:56:52.819Z,TRUE,"High outlier: ₹26385 > upper fence ₹18616 (Q3: ₹11585, IQR: ₹4687)",11:30,FALSE
fare_DEL-BOM_AI_2026-09-30_T+30_1788146301090_r0xh,DEL-BOM,EaseMyTrip,AI,AI-2627,2026-09-30,T+30,27957,6137,34094,2026-08-31T02:56:52.819Z,TRUE,"High outlier: ₹34094 > upper fence ₹18616 (Q3: ₹11585, IQR: ₹4687)",10:45,FALSE
fare_DEL-BOM_6E_2026-10-15_T+45_1788146301091_bmp5,DEL-BOM,EaseMyTrip,6E,6E-5119,2026-10-15,T+45,5067,1112,6179,2026-08-31T02:56:58.352Z,FALSE,"",05:10,FALSE
fare_DEL-BOM_6E_2026-10-15_T+45_1788146301091_o5xy,DEL-BOM,EaseMyTrip,6E,6E-6454,2026-10-15,T+45,5067,1112,6179,2026-08-31T02:56:58.352Z,FALSE,"",13:50,FALSE
fare_DEL-BOM_6E_2026-10-15_T+45_1788146301091_fotb,DEL-BOM,EaseMyTrip,6E,6E-6171,2026-10-15,T+45,5067,1112,6179,2026-08-31T02:56:58.352Z,FALSE,"",05:40,FALSE
fare_DEL-BOM_6E_2026-10-15_T+45_1788146301091_bpym,DEL-BOM,EaseMyTrip,6E,6E-6190,2026-10-15,T+45,5067,1112,6179,2026-08-31T02:56:58.352Z,FALSE,"",07:40,FALSE
fare_DEL-BOM_6E_2026-10-15_T+45_1788146301091_fzjv,DEL-BOM,EaseMyTrip,6E,6E-6983,2026-10-15,T+45,5067,1112,6179,2026-08-31T02:56:58.352Z,FALSE,"",15:35,FALSE
fare_DEL-BOM_6E_2026-10-15_T+45_1788146301091_fhvy,DEL-BOM,EaseMyTrip,6E,6E-2013,2026-10-15,T+45,5067,1112,6179,2026-08-31T02:56:58.352Z,FALSE,"",21:50,FALSE
fare_DEL-BOM_6E_2026-10-15_T+45_1788146301091_x946,DEL-BOM,EaseMyTrip,6E,6E-2341,2026-10-15,T+45,5067,1112,6179,2026-08-31T02:56:58.352Z,FALSE,"",14:50,FALSE
fare_DEL-BOM_6E_2026-10-15_T+45_1788146301091_arw3,DEL-BOM,EaseMyTrip,6E,6E-2331,2026-10-15,T+45,5067,1112,6179,2026-08-31T02:56:58.352Z,FALSE,"",12:20,FALSE
fare_DEL-BOM_6E_2026-10-15_T+45_1788146301091_t9rk,DEL-BOM,EaseMyTrip,6E,6E-6261,2026-10-15,T+45,5067,1112,6179,2026-08-31T02:56:58.352Z,FALSE,"",00:15,FALSE
fare_DEL-BOM_6E_2026-10-15_T+45_1788146301091_19ck,DEL-BOM,EaseMyTrip,6E,6E-199,2026-10-15,T+45,5067,1112,6179,2026-08-31T02:56:58.352Z,FALSE,"",10:00,FALSE
fare_DEL-BOM_6E_2026-10-15_T+45_1788146301091_yee1,DEL-BOM,EaseMyTrip,6E,6E-586,2026-10-15,T+45,5067,1112,6179,2026-08-31T02:56:58.352Z,FALSE,"",10:00,FALSE
fare_DEL-BOM_IX_2026-10-15_T+45_1788146301091_1lrs,DEL-BOM,EaseMyTrip,IX,IX-1038,2026-10-15,T+45,5354,1175,6529,2026-08-31T02:56:58.352Z,FALSE,"",17:35,TRUE
fare_DEL-BOM_6E_2026-10-15_T+45_1788146301091_4olm,DEL-BOM,EaseMyTrip,6E,6E-2249,2026-10-15,T+45,5174,1136,6310,2026-08-31T02:56:58.352Z,FALSE,"",15:00,FALSE
fare_DEL-BOM_6E_2026-10-15_T+45_1788146301091_sg6u,DEL-BOM,EaseMyTrip,6E,6E-6490,2026-10-15,T+45,5174,1136,6310,2026-08-31T02:56:58.352Z,FALSE,"",04:55,FALSE
fare_DEL-BOM_6E_2026-10-15_T+45_1788146301091_hdbq,DEL-BOM,EaseMyTrip,6E,6E-882,2026-10-15,T+45,5239,1150,6389,2026-08-31T02:56:58.352Z,FALSE,"",16:30,FALSE
fare_DEL-BOM_6E_2026-10-15_T+45_1788146301091_l7bi,DEL-BOM,EaseMyTrip,6E,6E-885,2026-10-15,T+45,5239,1150,6389,2026-08-31T02:56:58.352Z,FALSE,"",16:30,FALSE
fare_DEL-BOM_6E_2026-10-15_T+45_1788146301091_jo7n,DEL-BOM,EaseMyTrip,6E,6E-6479,2026-10-15,T+45,5239,1150,6389,2026-08-31T02:56:58.352Z,FALSE,"",21:25,FALSE
fare_DEL-BOM_6E_2026-10-15_T+45_1788146301091_j9r4,DEL-BOM,EaseMyTrip,6E,6E-2113,2026-10-15,T+45,5239,1150,6389,2026-08-31T02:56:58.352Z,FALSE,"",13:20,FALSE
fare_DEL-BOM_6E_2026-10-15_T+45_1788146301091_tc37,DEL-BOM,EaseMyTrip,6E,6E-5096,2026-10-15,T+45,5282,1160,6442,2026-08-31T02:56:58.352Z,FALSE,"",17:00,TRUE
fare_DEL-BOM_QP_2026-10-15_T+45_1788146301091_d39a,DEL-BOM,EaseMyTrip,QP,QP-2012,2026-10-15,T+45,5330,1170,6500,2026-08-31T02:56:58.352Z,FALSE,"",08:55,TRUE
fare_DEL-BOM_6E_2026-10-15_T+45_1788146301091_k0b5,DEL-BOM,EaseMyTrip,6E,6E-6470,2026-10-15,T+45,5354,1175,6529,2026-08-31T02:56:58.352Z,FALSE,"",06:50,TRUE
fare_DEL-BOM_6E_2026-10-15_T+45_1788146301091_iacl,DEL-BOM,EaseMyTrip,6E,6E-739,2026-10-15,T+45,5354,1175,6529,2026-08-31T02:56:58.352Z,FALSE,"",20:20,TRUE
fare_DEL-BOM_6E_2026-10-15_T+45_1788146301091_go54,DEL-BOM,EaseMyTrip,6E,6E-646,2026-10-15,T+45,5354,1175,6529,2026-08-31T02:56:58.352Z,FALSE,"",20:20,TRUE
fare_DEL-BOM_QP_2026-10-15_T+45_1788146301091_gdq5,DEL-BOM,EaseMyTrip,QP,QP-1833,2026-10-15,T+45,5355,1175,6530,2026-08-31T02:56:58.352Z,FALSE,"",06:50,TRUE
fare_DEL-BOM_QP_2026-10-15_T+45_1788146301091_yja3,DEL-BOM,EaseMyTrip,QP,QP-1110,2026-10-15,T+45,5355,1175,6530,2026-08-31T02:56:58.352Z,FALSE,"",10:00,TRUE
fare_DEL-BOM_QP_2026-10-15_T+45_1788146301091_24ts,DEL-BOM,EaseMyTrip,QP,QP-1128,2026-10-15,T+45,5355,1175,6530,2026-08-31T02:56:58.352Z,FALSE,"",16:00,TRUE
fare_DEL-BOM_QP_2026-10-15_T+45_1788146301091_2zur,DEL-BOM,EaseMyTrip,QP,QP-1820,2026-10-15,T+45,5355,1175,6530,2026-08-31T02:56:58.352Z,FALSE,"",17:30,TRUE
fare_DEL-BOM_QP_2026-10-15_T+45_1788146301091_9dg7,DEL-BOM,EaseMyTrip,QP,QP-1119,2026-10-15,T+45,5355,1175,6530,2026-08-31T02:56:58.352Z,FALSE,"",08:40,TRUE
fare_DEL-BOM_6E_2026-10-15_T+45_1788146301091_hbcm,DEL-BOM,EaseMyTrip,6E,6E-756,2026-10-15,T+45,5355,1175,6530,2026-08-31T02:56:58.352Z,FALSE,"",23:30,TRUE
fare_DEL-BOM_6E_2026-10-15_T+45_1788146301091_d565,DEL-BOM,EaseMyTrip,6E,6E-917,2026-10-15,T+45,5355,1175,6530,2026-08-31T02:56:58.352Z,FALSE,"",23:30,TRUE
fare_DEL-BOM_6E_2026-10-15_T+45_1788146301091_auzc,DEL-BOM,EaseMyTrip,6E,6E-6706,2026-10-15,T+45,5355,1175,6530,2026-08-31T02:56:58.352Z,FALSE,"",17:00,TRUE
fare_DEL-BOM_6E_2026-10-15_T+45_1788146301091_nc3k,DEL-BOM,EaseMyTrip,6E,6E-176,2026-10-15,T+45,5355,1175,6530,2026-08-31T02:56:58.352Z,FALSE,"",16:15,TRUE
fare_DEL-BOM_6E_2026-10-15_T+45_1788146301091_zv51,DEL-BOM,EaseMyTrip,6E,6E-380,2026-10-15,T+45,5355,1175,6530,2026-08-31T02:56:58.352Z,FALSE,"",16:15,TRUE
fare_DEL-BOM_6E_2026-10-15_T+45_1788146301091_c3bn,DEL-BOM,EaseMyTrip,6E,6E-286,2026-10-15,T+45,5355,1175,6530,2026-08-31T02:56:58.352Z,FALSE,"",15:30,TRUE
fare_DEL-BOM_6E_2026-10-15_T+45_1788146301091_1jh2,DEL-BOM,EaseMyTrip,6E,6E-548,2026-10-15,T+45,5355,1175,6530,2026-08-31T02:56:58.352Z,FALSE,"",15:30,TRUE
fare_DEL-BOM_6E_2026-10-15_T+45_1788146301091_covi,DEL-BOM,EaseMyTrip,6E,6E-6328,2026-10-15,T+45,5355,1175,6530,2026-08-31T02:56:58.352Z,FALSE,"",10:15,TRUE
fare_DEL-BOM_6E_2026-10-15_T+45_1788146301091_d0xl,DEL-BOM,EaseMyTrip,6E,6E-260,2026-10-15,T+45,5355,1175,6530,2026-08-31T02:56:58.352Z,FALSE,"",08:45,TRUE
fare_DEL-BOM_6E_2026-10-15_T+45_1788146301091_b2c3,DEL-BOM,EaseMyTrip,6E,6E-579,2026-10-15,T+45,5355,1175,6530,2026-08-31T02:56:58.352Z,FALSE,"",08:45,TRUE
fare_DEL-BOM_IX_2026-10-15_T+45_1788146301091_2d03,DEL-BOM,EaseMyTrip,IX,IX-1056,2026-10-15,T+45,5656,1242,6898,2026-08-31T02:56:58.352Z,FALSE,"",17:50,TRUE
fare_DEL-BOM_IX_2026-10-15_T+45_1788146301091_11bg,DEL-BOM,EaseMyTrip,IX,IX-1235,2026-10-15,T+45,5656,1242,6898,2026-08-31T02:56:58.352Z,FALSE,"",23:25,TRUE
fare_DEL-BOM_6E_2026-10-15_T+45_1788146301091_jwdb,DEL-BOM,EaseMyTrip,6E,6E-7646,2026-10-15,T+45,5416,1189,6605,2026-08-31T02:56:58.352Z,FALSE,"",06:15,FALSE
fare_DEL-BOM_6E_2026-10-15_T+45_1788146301091_fr7u,DEL-BOM,EaseMyTrip,6E,6E-5198,2026-10-15,T+45,5427,1191,6618,2026-08-31T02:56:58.352Z,FALSE,"",15:00,TRUE
fare_DEL-BOM_6E_2026-10-15_T+45_1788146301091_to9i,DEL-BOM,EaseMyTrip,6E,6E-5014,2026-10-15,T+45,5460,1199,6659,2026-08-31T02:56:58.352Z,FALSE,"",18:30,FALSE
fare_DEL-BOM_6E_2026-10-15_T+45_1788146301091_4nlb,DEL-BOM,EaseMyTrip,6E,6E-5073,2026-10-15,T+45,5460,1199,6659,2026-08-31T02:56:58.352Z,FALSE,"",17:05,FALSE
fare_DEL-BOM_6E_2026-10-15_T+45_1788146301091_5n7h,DEL-BOM,EaseMyTrip,6E,6E-2076,2026-10-15,T+45,5460,1199,6659,2026-08-31T02:56:58.352Z,FALSE,"",07:30,FALSE
fare_DEL-BOM_6E_2026-10-15_T+45_1788146301091_910y,DEL-BOM,EaseMyTrip,6E,6E-698,2026-10-15,T+45,5460,1199,6659,2026-08-31T02:56:58.352Z,FALSE,"",19:30,FALSE
fare_DEL-BOM_6E_2026-10-15_T+45_1788146301091_c8fn,DEL-BOM,EaseMyTrip,6E,6E-989,2026-10-15,T+45,5460,1199,6659,2026-08-31T02:56:58.352Z,FALSE,"",19:30,FALSE
fare_DEL-BOM_6E_2026-10-15_T+45_1788146301091_wgo8,DEL-BOM,EaseMyTrip,6E,6E-7653,2026-10-15,T+45,5524,1212,6736,2026-08-31T02:56:58.352Z,FALSE,"",17:20,FALSE
fare_DEL-BOM_6E_2026-10-15_T+45_1788146301091_otcz,DEL-BOM,EaseMyTrip,6E,6E-2169,2026-10-15,T+45,5569,1222,6791,2026-08-31T02:56:58.352Z,FALSE,"",19:40,FALSE
fare_DEL-BOM_6E_2026-10-15_T+45_1788146301091_megt,DEL-BOM,EaseMyTrip,6E,6E-6829,2026-10-15,T+45,5569,1222,6791,2026-08-31T02:56:58.352Z,FALSE,"",17:20,FALSE
fare_DEL-BOM_6E_2026-10-15_T+45_1788146301091_zd27,DEL-BOM,EaseMyTrip,6E,6E-6443,2026-10-15,T+45,5569,1222,6791,2026-08-31T02:56:58.352Z,FALSE,"",09:00,FALSE
fare_DEL-BOM_6E_2026-10-15_T+45_1788146301091_4q1i,DEL-BOM,EaseMyTrip,6E,6E-6433,2026-10-15,T+45,5569,1222,6791,2026-08-31T02:56:58.352Z,FALSE,"",16:30,FALSE
fare_DEL-BOM_6E_2026-10-15_T+45_1788146301091_i4wj,DEL-BOM,EaseMyTrip,6E,6E-5138,2026-10-15,T+45,5569,1222,6791,2026-08-31T02:56:58.352Z,FALSE,"",19:10,FALSE
fare_DEL-BOM_6E_2026-10-15_T+45_1788146301091_f073,DEL-BOM,EaseMyTrip,6E,6E-6459,2026-10-15,T+45,5569,1222,6791,2026-08-31T02:56:58.352Z,FALSE,"",05:55,FALSE
fare_DEL-BOM_AI_2026-10-15_T+45_1788146301091_qmy2,DEL-BOM,EaseMyTrip,AI,AI-2963,2026-10-15,T+45,5740,1260,7000,2026-08-31T02:56:58.352Z,FALSE,"",09:00,TRUE
fare_DEL-BOM_AI_2026-10-15_T+45_1788146301091_3c12,DEL-BOM,EaseMyTrip,AI,AI-2425,2026-10-15,T+45,5740,1260,7000,2026-08-31T02:56:58.352Z,FALSE,"",10:30,TRUE
fare_DEL-BOM_AI_2026-10-15_T+45_1788146301091_nk3s,DEL-BOM,EaseMyTrip,AI,AI-2995,2026-10-15,T+45,5740,1260,7000,2026-08-31T02:56:58.352Z,FALSE,"",10:00,TRUE
fare_DEL-BOM_AI_2026-10-15_T+45_1788146301091_dmmf,DEL-BOM,EaseMyTrip,AI,AI-2933,2026-10-15,T+45,5740,1260,7000,2026-08-31T02:56:58.352Z,FALSE,"",15:30,TRUE
fare_DEL-BOM_AI_2026-10-15_T+45_1788146301091_p0xa,DEL-BOM,EaseMyTrip,AI,AI-441,2026-10-15,T+45,5740,1260,7000,2026-08-31T02:56:58.352Z,FALSE,"",17:00,TRUE
fare_DEL-BOM_6E_2026-10-15_T+45_1788146301091_uq95,DEL-BOM,EaseMyTrip,6E,6E-925,2026-10-15,T+45,5656,1242,6898,2026-08-31T02:56:58.352Z,FALSE,"",03:00,TRUE
fare_DEL-BOM_6E_2026-10-15_T+45_1788146301091_6a12,DEL-BOM,EaseMyTrip,6E,6E-521,2026-10-15,T+45,5656,1242,6898,2026-08-31T02:56:58.352Z,FALSE,"",03:00,TRUE
fare_DEL-BOM_6E_2026-10-15_T+45_1788146301091_6da0,DEL-BOM,EaseMyTrip,6E,6E-6114,2026-10-15,T+45,5656,1242,6898,2026-08-31T02:56:58.352Z,FALSE,"",22:45,TRUE
fare_DEL-BOM_6E_2026-10-15_T+45_1788146301091_0128,DEL-BOM,EaseMyTrip,6E,6E-414,2026-10-15,T+45,5656,1242,6898,2026-08-31T02:56:58.352Z,FALSE,"",21:45,TRUE
fare_DEL-BOM_6E_2026-10-15_T+45_1788146301091_lrgw,DEL-BOM,EaseMyTrip,6E,6E-962,2026-10-15,T+45,5656,1242,6898,2026-08-31T02:56:58.352Z,FALSE,"",21:45,TRUE
fare_DEL-BOM_6E_2026-10-15_T+45_1788146301091_1m1z,DEL-BOM,EaseMyTrip,6E,6E-350,2026-10-15,T+45,5656,1242,6898,2026-08-31T02:56:58.352Z,FALSE,"",20:45,TRUE
fare_DEL-BOM_6E_2026-10-15_T+45_1788146301091_s8g4,DEL-BOM,EaseMyTrip,6E,6E-728,2026-10-15,T+45,5656,1242,6898,2026-08-31T02:56:58.352Z,FALSE,"",20:45,TRUE
fare_DEL-BOM_6E_2026-10-15_T+45_1788146301091_gqc1,DEL-BOM,EaseMyTrip,6E,6E-223,2026-10-15,T+45,5656,1242,6898,2026-08-31T02:56:58.352Z,FALSE,"",20:00,TRUE
fare_DEL-BOM_6E_2026-10-15_T+45_1788146301091_xy0r,DEL-BOM,EaseMyTrip,6E,6E-775,2026-10-15,T+45,5656,1242,6898,2026-08-31T02:56:58.352Z,FALSE,"",20:00,TRUE
fare_DEL-BOM_6E_2026-10-15_T+45_1788146301091_w7aj,DEL-BOM,EaseMyTrip,6E,6E-389,2026-10-15,T+45,5656,1242,6898,2026-08-31T02:56:58.352Z,FALSE,"",19:00,TRUE
fare_DEL-BOM_6E_2026-10-15_T+45_1788146301091_fz8o,DEL-BOM,EaseMyTrip,6E,6E-107,2026-10-15,T+45,5656,1242,6898,2026-08-31T02:56:58.352Z,FALSE,"",19:00,TRUE
fare_DEL-BOM_6E_2026-10-15_T+45_1788146301091_wjl4,DEL-BOM,EaseMyTrip,6E,6E-473,2026-10-15,T+45,5656,1242,6898,2026-08-31T02:56:58.352Z,FALSE,"",18:00,TRUE
fare_DEL-BOM_6E_2026-10-15_T+45_1788146301091_cve8,DEL-BOM,EaseMyTrip,6E,6E-112,2026-10-15,T+45,5656,1242,6898,2026-08-31T02:56:58.352Z,FALSE,"",18:00,TRUE
fare_DEL-BOM_6E_2026-10-15_T+45_1788146301091_oq2n,DEL-BOM,EaseMyTrip,6E,6E-6022,2026-10-15,T+45,5656,1242,6898,2026-08-31T02:56:58.352Z,FALSE,"",14:00,TRUE
fare_DEL-BOM_6E_2026-10-15_T+45_1788146301091_jgvh,DEL-BOM,EaseMyTrip,6E,6E-6318,2026-10-15,T+45,5656,1242,6898,2026-08-31T02:56:58.352Z,FALSE,"",14:45,TRUE
fare_DEL-BOM_6E_2026-10-15_T+45_1788146301091_xodr,DEL-BOM,EaseMyTrip,6E,6E-627,2026-10-15,T+45,5656,1242,6898,2026-08-31T02:56:58.352Z,FALSE,"",05:00,TRUE
fare_DEL-BOM_6E_2026-10-15_T+45_1788146301091_hpae,DEL-BOM,EaseMyTrip,6E,6E-543,2026-10-15,T+45,5656,1242,6898,2026-08-31T02:56:58.352Z,FALSE,"",05:00,TRUE
fare_DEL-BOM_6E_2026-10-15_T+45_1788146301091_uh9z,DEL-BOM,EaseMyTrip,6E,6E-6218,2026-10-15,T+45,5656,1242,6898,2026-08-31T02:56:58.352Z,FALSE,"",06:05,TRUE
fare_DEL-BOM_6E_2026-10-15_T+45_1788146301091_y9pn,DEL-BOM,EaseMyTrip,6E,6E-6814,2026-10-15,T+45,5656,1242,6898,2026-08-31T02:56:58.352Z,FALSE,"",07:15,TRUE
fare_DEL-BOM_6E_2026-10-15_T+45_1788146301091_matz,DEL-BOM,EaseMyTrip,6E,6E-464,2026-10-15,T+45,5656,1242,6898,2026-08-31T02:56:58.352Z,FALSE,"",08:00,TRUE
fare_DEL-BOM_6E_2026-10-15_T+45_1788146301091_7xqz,DEL-BOM,EaseMyTrip,6E,6E-663,2026-10-15,T+45,5656,1242,6898,2026-08-31T02:56:58.352Z,FALSE,"",08:00,TRUE
fare_DEL-BOM_6E_2026-10-15_T+45_1788146301091_93ms,DEL-BOM,EaseMyTrip,6E,6E-6107,2026-10-15,T+45,5656,1242,6898,2026-08-31T02:56:58.352Z,FALSE,"",09:30,TRUE
fare_DEL-BOM_6E_2026-10-15_T+45_1788146301091_u115,DEL-BOM,EaseMyTrip,6E,6E-6047,2026-10-15,T+45,5656,1242,6898,2026-08-31T02:56:58.352Z,FALSE,"",11:00,TRUE
fare_DEL-BOM_6E_2026-10-15_T+45_1788146301091_91qe,DEL-BOM,EaseMyTrip,6E,6E-6676,2026-10-15,T+45,5656,1242,6898,2026-08-31T02:56:58.352Z,FALSE,"",12:00,TRUE
fare_DEL-BOM_6E_2026-10-15_T+45_1788146301091_87ki,DEL-BOM,EaseMyTrip,6E,6E-607,2026-10-15,T+45,5656,1242,6898,2026-08-31T02:56:58.352Z,FALSE,"",13:00,TRUE
fare_DEL-BOM_6E_2026-10-15_T+45_1788146301091_xcsp,DEL-BOM,EaseMyTrip,6E,6E-485,2026-10-15,T+45,5656,1242,6898,2026-08-31T02:56:58.352Z,FALSE,"",13:00,TRUE
fare_DEL-BOM_IX_2026-10-15_T+45_1788146301091_as0x,DEL-BOM,EaseMyTrip,IX,IX-1463,2026-10-15,T+45,5939,1304,7243,2026-08-31T02:56:58.352Z,FALSE,"",11:15,TRUE
fare_DEL-BOM_IX_2026-10-15_T+45_1788146301091_qwlk,DEL-BOM,EaseMyTrip,IX,IX-1024,2026-10-15,T+45,5939,1304,7243,2026-08-31T02:56:58.352Z,FALSE,"",18:40,TRUE
fare_DEL-BOM_AI_2026-10-15_T+45_1788146301091_a3l1,DEL-BOM,EaseMyTrip,AI,AI-2678,2026-10-15,T+45,5835,1281,7116,2026-08-31T02:56:58.352Z,FALSE,"",08:30,TRUE
fare_DEL-BOM_AI_2026-10-15_T+45_1788146301091_qg5l,DEL-BOM,EaseMyTrip,AI,AI-1777,2026-10-15,T+45,5882,1291,7173,2026-08-31T02:56:58.352Z,FALSE,"",16:00,TRUE
fare_DEL-BOM_QP_2026-10-15_T+45_1788146301091_1kgd,DEL-BOM,EaseMyTrip,QP,QP-1826,2026-10-15,T+45,5756,1263,7019,2026-08-31T02:56:58.352Z,FALSE,"",19:55,TRUE
fare_DEL-BOM_6E_2026-10-15_T+45_1788146301091_oenw,DEL-BOM,EaseMyTrip,6E,6E-7642,2026-10-15,T+45,5810,1275,7085,2026-08-31T02:56:58.352Z,FALSE,"",15:45,FALSE
fare_DEL-BOM_AI_2026-10-15_T+45_1788146301091_6fdl,DEL-BOM,EaseMyTrip,AI,AI-2439,2026-10-15,T+45,5977,1312,7289,2026-08-31T02:56:58.352Z,FALSE,"",23:00,TRUE
fare_DEL-BOM_AI_2026-10-15_T+45_1788146301091_5y7e,DEL-BOM,EaseMyTrip,AI,AI-2975,2026-10-15,T+45,6043,1326,7369,2026-08-31T02:56:58.352Z,FALSE,"",06:30,TRUE
fare_DEL-BOM_AI_2026-10-15_T+45_1788146301091_3z5k,DEL-BOM,EaseMyTrip,AI,AI-2951,2026-10-15,T+45,6043,1326,7369,2026-08-31T02:56:58.352Z,FALSE,"",13:30,TRUE
fare_DEL-BOM_AI_2026-10-15_T+45_1788146301091_2noe,DEL-BOM,EaseMyTrip,AI,AI-2981,2026-10-15,T+45,6043,1326,7369,2026-08-31T02:56:58.352Z,FALSE,"",21:00,TRUE
fare_DEL-BOM_AI_2026-10-15_T+45_1788146301091_y4jp,DEL-BOM,EaseMyTrip,AI,AI-1745,2026-10-15,T+45,6043,1326,7369,2026-08-31T02:56:58.352Z,FALSE,"",05:00,TRUE
fare_DEL-BOM_AI_2026-10-15_T+45_1788146301091_0i8g,DEL-BOM,EaseMyTrip,AI,AI-2945,2026-10-15,T+45,6043,1326,7369,2026-08-31T02:56:58.352Z,FALSE,"",11:00,TRUE
fare_DEL-BOM_AI_2026-10-15_T+45_1788146301091_yeji,DEL-BOM,EaseMyTrip,AI,AI-1785,2026-10-15,T+45,6043,1326,7369,2026-08-31T02:56:58.352Z,FALSE,"",12:00,TRUE
fare_DEL-BOM_AI_2026-10-15_T+45_1788146301091_boe3,DEL-BOM,EaseMyTrip,AI,AI-2441,2026-10-15,T+45,6043,1326,7369,2026-08-31T02:56:58.352Z,FALSE,"",14:10,TRUE
fare_DEL-BOM_AI_2026-10-15_T+45_1788146301091_6qsw,DEL-BOM,EaseMyTrip,AI,AI-2999,2026-10-15,T+45,6043,1326,7369,2026-08-31T02:56:58.352Z,FALSE,"",22:00,TRUE
fare_DEL-BOM_AI_2026-10-15_T+45_1788146301091_i3rc,DEL-BOM,EaseMyTrip,AI,AI-2927,2026-10-15,T+45,6043,1326,7369,2026-08-31T02:56:58.352Z,FALSE,"",09:30,TRUE
fare_DEL-BOM_AI_2026-10-15_T+45_1788146301091_1mfb,DEL-BOM,EaseMyTrip,AI,AI-1780,2026-10-15,T+45,6043,1326,7369,2026-08-31T02:56:58.352Z,FALSE,"",14:30,TRUE
fare_DEL-BOM_AI_2026-10-15_T+45_1788146301091_qh3m,DEL-BOM,EaseMyTrip,AI,AI-2957,2026-10-15,T+45,6143,1348,7491,2026-08-31T02:56:58.352Z,FALSE,"",20:30,TRUE
fare_DEL-BOM_AI_2026-10-15_T+45_1788146301091_o45o,DEL-BOM,EaseMyTrip,AI,AI-2433,2026-10-15,T+45,6193,1360,7553,2026-08-31T02:56:58.352Z,FALSE,"",21:30,TRUE
fare_DEL-BOM_AI_2026-10-15_T+45_1788146301091_s5eg,DEL-BOM,EaseMyTrip,AI,AI-2943,2026-10-15,T+45,6193,1360,7553,2026-08-31T02:56:58.352Z,FALSE,"",07:30,TRUE
fare_DEL-BOM_AI_2026-10-15_T+45_1788146301091_h6gx,DEL-BOM,EaseMyTrip,AI,AI-2985,2026-10-15,T+45,6193,1360,7553,2026-08-31T02:56:58.352Z,FALSE,"",19:30,TRUE
fare_DEL-BOM_6E_2026-10-15_T+45_1788146301091_jye6,DEL-BOM,EaseMyTrip,6E,6E-5038,2026-10-15,T+45,6066,1331,7397,2026-08-31T02:56:58.352Z,FALSE,"",14:00,FALSE
fare_DEL-BOM_6E_2026-10-15_T+45_1788146301091_zl86,DEL-BOM,EaseMyTrip,6E,6E-6050,2026-10-15,T+45,6066,1331,7397,2026-08-31T02:56:58.352Z,FALSE,"",08:15,FALSE
fare_DEL-BOM_AI_2026-10-15_T+45_1788146301091_5fjg,DEL-BOM,EaseMyTrip,AI,AI-2805,2026-10-15,T+45,6294,1382,7676,2026-08-31T02:56:58.352Z,FALSE,"",20:00,TRUE
fare_DEL-BOM_AI_2026-10-15_T+45_1788146301091_gx0r,DEL-BOM,EaseMyTrip,AI,AI-2429,2026-10-15,T+45,6294,1382,7676,2026-08-31T02:56:58.352Z,FALSE,"",07:00,TRUE
fare_DEL-BOM_6E_2026-10-15_T+45_1788146301091_aj3v,DEL-BOM,EaseMyTrip,6E,6E-6601,2026-10-15,T+45,6173,1355,7528,2026-08-31T02:56:58.352Z,FALSE,"",19:45,FALSE
fare_DEL-BOM_6E_2026-10-15_T+45_1788146301091_2m0x,DEL-BOM,EaseMyTrip,6E,6E-661,2026-10-15,T+45,6173,1355,7528,2026-08-31T02:56:58.352Z,FALSE,"",02:25,FALSE
fare_DEL-BOM_6E_2026-10-15_T+45_1788146301091_cjm8,DEL-BOM,EaseMyTrip,6E,6E-376,2026-10-15,T+45,6173,1355,7528,2026-08-31T02:56:58.352Z,FALSE,"",02:25,FALSE
fare_DEL-BOM_6E_2026-10-15_T+45_1788146301091_zeub,DEL-BOM,EaseMyTrip,6E,6E-2381,2026-10-15,T+45,6173,1355,7528,2026-08-31T02:56:58.352Z,FALSE,"",13:45,FALSE
fare_DEL-BOM_6E_2026-10-15_T+45_1788146301091_u2t5,DEL-BOM,EaseMyTrip,6E,6E-450,2026-10-15,T+45,6173,1355,7528,2026-08-31T02:56:58.352Z,FALSE,"",23:15,FALSE
fare_DEL-BOM_6E_2026-10-15_T+45_1788146301091_d0hk,DEL-BOM,EaseMyTrip,6E,6E-875,2026-10-15,T+45,6173,1355,7528,2026-08-31T02:56:58.352Z,FALSE,"",23:15,FALSE
fare_DEL-BOM_AI_2026-10-15_T+45_1788146301091_y7vb,DEL-BOM,EaseMyTrip,AI,AI-2977,2026-10-15,T+45,6345,1393,7738,2026-08-31T02:56:58.352Z,FALSE,"",19:00,TRUE
fare_DEL-BOM_AI_2026-10-15_T+45_1788146301091_82nk,DEL-BOM,EaseMyTrip,AI,AI-2955,2026-10-15,T+45,6446,1415,7861,2026-08-31T02:56:58.352Z,FALSE,"",18:00,TRUE
fare_DEL-BOM_6E_2026-10-15_T+45_1788146301091_umy7,DEL-BOM,EaseMyTrip,6E,6E-6212,2026-10-15,T+45,6649,1459,8108,2026-08-31T02:56:58.352Z,FALSE,"",14:45,FALSE
fare_DEL-BOM_6E_2026-10-15_T+45_1788146301091_k6fv,DEL-BOM,EaseMyTrip,6E,6E-6026,2026-10-15,T+45,6649,1459,8108,2026-08-31T02:56:58.352Z,FALSE,"",05:30,FALSE
fare_DEL-BOM_6E_2026-10-15_T+45_1788146301091_yaq7,DEL-BOM,EaseMyTrip,6E,6E-6282,2026-10-15,T+45,6649,1459,8108,2026-08-31T02:56:58.352Z,FALSE,"",13:30,FALSE
fare_DEL-BOM_SG_2026-10-15_T+45_1788146301091_etm7,DEL-BOM,EaseMyTrip,SG,SG-498,2026-10-15,T+45,6856,1505,8361,2026-08-31T02:56:58.352Z,FALSE,"",20:10,TRUE
fare_DEL-BOM_SG_2026-10-15_T+45_1788146301091_e3ym,DEL-BOM,EaseMyTrip,SG,SG-945,2026-10-15,T+45,6856,1505,8361,2026-08-31T02:56:58.352Z,FALSE,"",20:10,TRUE
fare_DEL-BOM_SG_2026-10-15_T+45_1788146301091_p4c1,DEL-BOM,EaseMyTrip,SG,SG-936,2026-10-15,T+45,6856,1505,8361,2026-08-31T02:56:58.352Z,FALSE,"",22:30,TRUE
fare_DEL-BOM_SG_2026-10-15_T+45_1788146301091_olmn,DEL-BOM,EaseMyTrip,SG,SG-198,2026-10-15,T+45,6856,1505,8361,2026-08-31T02:56:58.352Z,FALSE,"",22:30,TRUE
fare_DEL-BOM_6E_2026-10-15_T+45_1788146301091_pysz,DEL-BOM,EaseMyTrip,6E,6E-2571,2026-10-15,T+45,7238,1589,8827,2026-08-31T02:56:58.352Z,FALSE,"",12:30,FALSE
fare_DEL-BOM_6E_2026-10-15_T+45_1788146301091_swj3,DEL-BOM,EaseMyTrip,6E,6E-2349,2026-10-15,T+45,7526,1652,9178,2026-08-31T02:56:58.352Z,FALSE,"",10:55,FALSE
fare_DEL-BOM_IX_2026-10-15_T+45_1788146301091_y4b4,DEL-BOM,EaseMyTrip,IX,IX-1165,2026-10-15,T+45,7897,1734,9631,2026-08-31T02:56:58.352Z,FALSE,"",06:00,FALSE
fare_DEL-BOM_6E_2026-10-15_T+45_1788146301091_ee0w,DEL-BOM,EaseMyTrip,6E,6E-5298,2026-10-15,T+45,7639,1677,9316,2026-08-31T02:56:58.352Z,FALSE,"",09:00,FALSE
fare_DEL-BOM_6E_2026-10-15_T+45_1788146301091_wgaf,DEL-BOM,EaseMyTrip,6E,6E-827,2026-10-15,T+45,7842,1721,9563,2026-08-31T02:56:58.352Z,FALSE,"",12:10,FALSE
fare_DEL-BOM_6E_2026-10-15_T+45_1788146301091_t1ky,DEL-BOM,EaseMyTrip,6E,6E-310,2026-10-15,T+45,7842,1721,9563,2026-08-31T02:56:58.352Z,FALSE,"",12:10,FALSE
fare_DEL-BOM_6E_2026-10-15_T+45_1788146301091_expd,DEL-BOM,EaseMyTrip,6E,6E-556,2026-10-15,T+45,7870,1728,9598,2026-08-31T02:56:58.352Z,FALSE,"",19:30,FALSE
fare_DEL-BOM_6E_2026-10-15_T+45_1788146301091_4087,DEL-BOM,EaseMyTrip,6E,6E-338,2026-10-15,T+45,7870,1728,9598,2026-08-31T02:56:58.352Z,FALSE,"",19:30,FALSE
fare_DEL-BOM_AI_2026-10-15_T+45_1788146301091_8qgc,DEL-BOM,EaseMyTrip,AI,AI-2499,2026-10-15,T+45,8777,1927,10704,2026-08-31T02:56:58.352Z,FALSE,"",06:00,FALSE
fare_DEL-BOM_AI_2026-10-15_T+45_1788146301091_k10j,DEL-BOM,EaseMyTrip,AI,AI-2569,2026-10-15,T+45,8777,1927,10704,2026-08-31T02:56:58.352Z,FALSE,"",20:30,FALSE
fare_DEL-BOM_AI_2026-10-15_T+45_1788146301091_j6ud,DEL-BOM,EaseMyTrip,AI,AI-1710,2026-10-15,T+45,8777,1927,10704,2026-08-31T02:56:58.352Z,FALSE,"",18:35,FALSE
fare_DEL-BOM_AI_2026-10-15_T+45_1788146301091_kcip,DEL-BOM,EaseMyTrip,AI,AI-1717,2026-10-15,T+45,8777,1927,10704,2026-08-31T02:56:58.352Z,FALSE,"",14:20,FALSE
fare_DEL-BOM_AI_2026-10-15_T+45_1788146301091_yg4l,DEL-BOM,EaseMyTrip,AI,AI-1719,2026-10-15,T+45,9905,2174,12079,2026-08-31T02:56:58.352Z,FALSE,"",11:55,FALSE
fare_DEL-BOM_AI_2026-10-15_T+45_1788146301091_s7jx,DEL-BOM,EaseMyTrip,AI,AI-1705,2026-10-15,T+45,10490,2303,12793,2026-08-31T02:56:58.352Z,FALSE,"",06:30,FALSE
fare_DEL-BOM_6E_2026-10-15_T+45_1788146301091_2b2w,DEL-BOM,EaseMyTrip,6E,6E-674,2026-10-15,T+45,10677,2344,13021,2026-08-31T02:56:58.352Z,FALSE,"",17:55,FALSE
fare_DEL-BOM_6E_2026-10-15_T+45_1788146301091_y9bh,DEL-BOM,EaseMyTrip,6E,6E-173,2026-10-15,T+45,10677,2344,13021,2026-08-31T02:56:58.352Z,FALSE,"",17:55,FALSE
fare_DEL-BOM_AI_2026-10-15_T+45_1788146301091_w4hq,DEL-BOM,EaseMyTrip,AI,AI-2715,2026-10-15,T+45,11186,2455,13641,2026-08-31T02:56:58.352Z,FALSE,"",11:40,FALSE
fare_DEL-BOM_AI_2026-10-15_T+45_1788146301091_z80h,DEL-BOM,EaseMyTrip,AI,AI-2959,2026-10-15,T+45,11186,2455,13641,2026-08-31T02:56:58.352Z,FALSE,"",07:10,FALSE
fare_DEL-BOM_AI_2026-10-15_T+45_1788146301091_76mt,DEL-BOM,EaseMyTrip,AI,AI-423,2026-10-15,T+45,11186,2455,13641,2026-08-31T02:56:58.352Z,FALSE,"",09:50,FALSE
fare_DEL-BOM_IX_2026-10-15_T+45_1788146301091_of8q,DEL-BOM,EaseMyTrip,IX,IX-1082,2026-10-15,T+45,11502,2525,14027,2026-08-31T02:56:58.352Z,FALSE,"",21:25,FALSE
fare_DEL-BOM_IX_2026-10-15_T+45_1788146301091_jzka,DEL-BOM,EaseMyTrip,IX,IX-1817,2026-10-15,T+45,11502,2525,14027,2026-08-31T02:56:58.352Z,FALSE,"",19:30,FALSE
fare_DEL-BOM_IX_2026-10-15_T+45_1788146301091_xkt2,DEL-BOM,EaseMyTrip,IX,IX-1049,2026-10-15,T+45,11502,2525,14027,2026-08-31T02:56:58.352Z,FALSE,"",18:40,FALSE
fare_DEL-BOM_AI_2026-10-15_T+45_1788146301091_uvc9,DEL-BOM,EaseMyTrip,AI,AI-809,2026-10-15,T+45,11273,2475,13748,2026-08-31T02:56:58.352Z,FALSE,"",17:40,FALSE
fare_DEL-BOM_AI_2026-10-15_T+45_1788146301091_emr5,DEL-BOM,EaseMyTrip,AI,AI-2939,2026-10-15,T+45,11273,2475,13748,2026-08-31T02:56:58.352Z,FALSE,"",16:40,FALSE
fare_DEL-BOM_AI_2026-10-15_T+45_1788146301091_ihsr,DEL-BOM,EaseMyTrip,AI,AI-881,2026-10-15,T+45,11273,2475,13748,2026-08-31T02:56:58.352Z,FALSE,"",13:35,FALSE
fare_DEL-BOM_AI_2026-10-15_T+45_1788146301091_hxp8,DEL-BOM,EaseMyTrip,AI,AI-817,2026-10-15,T+45,11463,2516,13979,2026-08-31T02:56:58.352Z,FALSE,"",05:55,FALSE
fare_DEL-BOM_IX_2026-10-15_T+45_1788146301091_86wb,DEL-BOM,EaseMyTrip,IX,IX-1068,2026-10-15,T+45,12101,2656,14757,2026-08-31T02:56:58.352Z,FALSE,"",11:55,FALSE
fare_DEL-BOM_QP_2026-10-15_T+45_1788146301091_yn5s,DEL-BOM,EaseMyTrip,QP,QP-1817,2026-10-15,T+45,11898,2612,14510,2026-08-31T02:56:58.352Z,FALSE,"",10:30,FALSE
fare_DEL-BOM_AI_2026-10-15_T+45_1788146301091_y1oe,DEL-BOM,EaseMyTrip,AI,AI-2761,2026-10-15,T+45,12103,2657,14760,2026-08-31T02:56:58.352Z,FALSE,"",16:25,FALSE
fare_DEL-BOM_IX_2026-10-15_T+45_1788146301091_0oqn,DEL-BOM,EaseMyTrip,IX,IX-1057,2026-10-15,T+45,12615,2769,15384,2026-08-31T02:56:58.352Z,FALSE,"",06:20,FALSE
fare_DEL-BOM_IX_2026-10-15_T+45_1788146301091_80a0,DEL-BOM,EaseMyTrip,IX,IX-1108,2026-10-15,T+45,12754,2800,15554,2026-08-31T02:56:58.352Z,FALSE,"",05:00,FALSE
fare_DEL-BOM_IX_2026-10-15_T+45_1788146301091_pz73,DEL-BOM,EaseMyTrip,IX,IX-5975,2026-10-15,T+45,12778,2805,15583,2026-08-31T02:56:58.352Z,FALSE,"",21:00,FALSE
fare_DEL-BOM_AI_2026-10-15_T+45_1788146301091_5k82,DEL-BOM,EaseMyTrip,AI,AI-9418,2026-10-15,T+45,12594,2765,15359,2026-08-31T02:56:58.352Z,FALSE,"",13:10,FALSE
fare_DEL-BOM_AI_2026-10-15_T+45_1788146301091_sv2q,DEL-BOM,EaseMyTrip,AI,AI-9584,2026-10-15,T+45,13037,2862,15899,2026-08-31T02:56:58.352Z,FALSE,"",11:15,FALSE
fare_DEL-BOM_AI_2026-10-15_T+45_1788146301091_gmyw,DEL-BOM,EaseMyTrip,AI,AI-1743,2026-10-15,T+45,13065,2868,15933,2026-08-31T02:56:58.352Z,FALSE,"",06:15,FALSE
fare_DEL-BOM_QP_2026-10-15_T+45_1788146301091_mui5,DEL-BOM,EaseMyTrip,QP,QP-1815,2026-10-15,T+45,12989,2851,15840,2026-08-31T02:56:58.352Z,FALSE,"",14:55,FALSE
fare_DEL-BOM_IX_2026-10-15_T+45_1788146301091_0q8u,DEL-BOM,EaseMyTrip,IX,IX-1783,2026-10-15,T+45,13476,2958,16434,2026-08-31T02:56:58.352Z,FALSE,"",07:20,FALSE
fare_DEL-BOM_IX_2026-10-15_T+45_1788146301091_d0cq,DEL-BOM,EaseMyTrip,IX,IX-2749,2026-10-15,T+45,13594,2984,16578,2026-08-31T02:56:58.352Z,FALSE,"",10:25,FALSE
fare_DEL-BOM_AI_2026-10-15_T+45_1788146301091_rz6e,DEL-BOM,EaseMyTrip,AI,AI-9920,2026-10-15,T+45,13368,2935,16303,2026-08-31T02:56:58.352Z,FALSE,"",10:50,FALSE
fare_DEL-BOM_QP_2026-10-15_T+45_1788146301091_s7n3,DEL-BOM,EaseMyTrip,QP,QP-1822,2026-10-15,T+45,13411,2944,16355,2026-08-31T02:56:58.352Z,FALSE,"",16:40,FALSE
fare_DEL-BOM_AI_2026-10-15_T+45_1788146301091_7po3,DEL-BOM,EaseMyTrip,AI,AI-2907,2026-10-15,T+45,13927,3057,16984,2026-08-31T02:56:58.352Z,TRUE,"High outlier: ₹16984 > upper fence ₹16635 (Q3: ₹10704, IQR: ₹3954)",12:00,FALSE
fare_DEL-BOM_AI_2026-10-15_T+45_1788146301091_zir7,DEL-BOM,EaseMyTrip,AI,AI-9757,2026-10-15,T+45,13942,3060,17002,2026-08-31T02:56:58.352Z,TRUE,"High outlier: ₹17002 > upper fence ₹16635 (Q3: ₹10704, IQR: ₹3954)",11:50,FALSE
fare_DEL-BOM_IX_2026-10-15_T+45_1788146301091_j0cs,DEL-BOM,EaseMyTrip,IX,IX-1070,2026-10-15,T+45,14718,3231,17949,2026-08-31T02:56:58.352Z,TRUE,"High outlier: ₹17949 > upper fence ₹16635 (Q3: ₹10704, IQR: ₹3954)",21:15,FALSE
fare_DEL-BOM_IX_2026-10-15_T+45_1788146301091_n2qr,DEL-BOM,EaseMyTrip,IX,IX-1059,2026-10-15,T+45,14767,3241,18008,2026-08-31T02:56:58.352Z,TRUE,"High outlier: ₹18008 > upper fence ₹16635 (Q3: ₹10704, IQR: ₹3954)",12:15,FALSE
fare_DEL-BOM_AI_2026-10-15_T+45_1788146301091_u37t,DEL-BOM,EaseMyTrip,AI,AI-1773,2026-10-15,T+45,14497,3182,17679,2026-08-31T02:56:58.352Z,TRUE,"High outlier: ₹17679 > upper fence ₹16635 (Q3: ₹10704, IQR: ₹3954)",10:30,FALSE
fare_DEL-BOM_AI_2026-10-15_T+45_1788146301091_tyux,DEL-BOM,EaseMyTrip,AI,AI-2577,2026-10-15,T+45,14577,3200,17777,2026-08-31T02:56:58.352Z,TRUE,"High outlier: ₹17777 > upper fence ₹16635 (Q3: ₹10704, IQR: ₹3954)",02:00,FALSE
fare_DEL-BOM_AI_2026-10-15_T+45_1788146301091_gsbz,DEL-BOM,EaseMyTrip,AI,AI-2859,2026-10-15,T+45,14577,3200,17777,2026-08-31T02:56:58.352Z,TRUE,"High outlier: ₹17777 > upper fence ₹16635 (Q3: ₹10704, IQR: ₹3954)",10:30,FALSE
fare_DEL-BOM_IX_2026-10-15_T+45_1788146301091_ny0b,DEL-BOM,EaseMyTrip,IX,IX-1051,2026-10-15,T+45,15139,3323,18462,2026-08-31T02:56:58.352Z,TRUE,"High outlier: ₹18462 > upper fence ₹16635 (Q3: ₹10704, IQR: ₹3954)",19:05,FALSE
fare_DEL-BOM_AI_2026-10-15_T+45_1788146301091_drmf,DEL-BOM,EaseMyTrip,AI,AI-2465,2026-10-15,T+45,14880,3266,18146,2026-08-31T02:56:58.352Z,TRUE,"High outlier: ₹18146 > upper fence ₹16635 (Q3: ₹10704, IQR: ₹3954)",14:30,FALSE
fare_DEL-BOM_IX_2026-10-15_T+45_1788146301091_roko,DEL-BOM,EaseMyTrip,IX,IX-1064,2026-10-15,T+45,15684,3443,19127,2026-08-31T02:56:58.352Z,TRUE,"High outlier: ₹19127 > upper fence ₹16635 (Q3: ₹10704, IQR: ₹3954)",19:10,FALSE
fare_DEL-BOM_AI_2026-10-15_T+45_1788146301091_4zb9,DEL-BOM,EaseMyTrip,AI,AI-427,2026-10-15,T+45,16845,3698,20543,2026-08-31T02:56:58.352Z,TRUE,"High outlier: ₹20543 > upper fence ₹16635 (Q3: ₹10704, IQR: ₹3954)",08:30,FALSE
fare_DEL-BOM_AI_2026-10-15_T+45_1788146301091_qbwh,DEL-BOM,EaseMyTrip,AI,AI-2653,2026-10-15,T+45,17098,3753,20851,2026-08-31T02:56:58.352Z,TRUE,"High outlier: ₹20851 > upper fence ₹16635 (Q3: ₹10704, IQR: ₹3954)",04:30,FALSE
fare_DEL-BOM_AI_2026-10-15_T+45_1788146301091_32ka,DEL-BOM,EaseMyTrip,AI,AI-2525,2026-10-15,T+45,18475,4056,22531,2026-08-31T02:56:58.352Z,TRUE,"High outlier: ₹22531 > upper fence ₹16635 (Q3: ₹10704, IQR: ₹3954)",06:00,FALSE
fare_DEL-BOM_AI_2026-10-15_T+45_1788146301091_pei8,DEL-BOM,EaseMyTrip,AI,AI-2627,2026-10-15,T+45,19944,4378,24322,2026-08-31T02:56:58.352Z,TRUE,"High outlier: ₹24322 > upper fence ₹16635 (Q3: ₹10704, IQR: ₹3954)",10:45,FALSE
fare_DEL-BOM_AI_2026-10-15_T+45_1788146301091_lfm6,DEL-BOM,EaseMyTrip,AI,AI-2509,2026-10-15,T+45,20701,4544,25245,2026-08-31T02:56:58.352Z,TRUE,"High outlier: ₹25245 > upper fence ₹16635 (Q3: ₹10704, IQR: ₹3954)",07:00,FALSE
fare_DEL-BOM_AI_2026-10-15_T+45_1788146301091_gjzw,DEL-BOM,EaseMyTrip,AI,AI-2513,2026-10-15,T+45,24666,5415,30081,2026-08-31T02:56:58.352Z,TRUE,"High outlier: ₹30081 > upper fence ₹16635 (Q3: ₹10704, IQR: ₹3954)",12:10,FALSE
fare_DEL-BOM_AI_2026-10-15_T+45_1788146301091_73dm,DEL-BOM,EaseMyTrip,AI,AI-1739,2026-10-15,T+45,25397,5575,30972,2026-08-31T02:56:58.352Z,TRUE,"High outlier: ₹30972 > upper fence ₹16635 (Q3: ₹10704, IQR: ₹3954)",11:30,FALSE
fare_DEL-BOM_IX_2026-09-07_T+7_1788146301092_h623,DEL-BOM,EaseMyTrip,IX,IX-1392,2026-09-07,T+7,5354,1175,6529,2026-08-31T02:56:41.703Z,FALSE,"",23:25,FALSE
fare_DEL-BOM_6E_2026-09-07_T+7_1788146301092_3axh,DEL-BOM,EaseMyTrip,6E,6E-5014,2026-09-07,T+7,5067,1112,6179,2026-08-31T02:56:41.703Z,FALSE,"",18:30,FALSE
fare_DEL-BOM_6E_2026-09-07_T+7_1788146301092_g3js,DEL-BOM,EaseMyTrip,6E,6E-559,2026-09-07,T+7,5067,1112,6179,2026-08-31T02:56:41.703Z,FALSE,"",19:35,FALSE
fare_DEL-BOM_6E_2026-09-07_T+7_1788146301092_mhmy,DEL-BOM,EaseMyTrip,6E,6E-395,2026-09-07,T+7,5067,1112,6179,2026-08-31T02:56:41.703Z,FALSE,"",19:35,FALSE
fare_DEL-BOM_6E_2026-09-07_T+7_1788146301092_1io0,DEL-BOM,EaseMyTrip,6E,6E-6261,2026-09-07,T+7,5067,1112,6179,2026-08-31T02:56:41.703Z,FALSE,"",00:15,FALSE
fare_DEL-BOM_6E_2026-09-07_T+7_1788146301092_aqpn,DEL-BOM,EaseMyTrip,6E,6E-2013,2026-09-07,T+7,5067,1112,6179,2026-08-31T02:56:41.703Z,FALSE,"",21:50,FALSE
fare_DEL-BOM_6E_2026-09-07_T+7_1788146301092_bafc,DEL-BOM,EaseMyTrip,6E,6E-6190,2026-09-07,T+7,5067,1112,6179,2026-08-31T02:56:41.703Z,FALSE,"",07:40,FALSE
fare_DEL-BOM_IX_2026-09-07_T+7_1788146301092_1k4h,DEL-BOM,EaseMyTrip,IX,IX-1235,2026-09-07,T+7,5354,1175,6529,2026-08-31T02:56:41.703Z,FALSE,"",23:25,TRUE
fare_DEL-BOM_IX_2026-09-07_T+7_1788146301092_py0q,DEL-BOM,EaseMyTrip,IX,IX-1056,2026-09-07,T+7,5354,1175,6529,2026-08-31T02:56:41.703Z,FALSE,"",05:35,TRUE
fare_DEL-BOM_IX_2026-09-07_T+7_1788146301092_trfg,DEL-BOM,EaseMyTrip,IX,IX-1038,2026-09-07,T+7,5354,1175,6529,2026-08-31T02:56:41.703Z,FALSE,"",17:35,TRUE
fare_DEL-BOM_6E_2026-09-07_T+7_1788146301092_n658,DEL-BOM,EaseMyTrip,6E,6E-2249,2026-09-07,T+7,5174,1136,6310,2026-08-31T02:56:41.703Z,FALSE,"",15:00,FALSE
fare_DEL-BOM_6E_2026-09-07_T+7_1788146301092_mi1d,DEL-BOM,EaseMyTrip,6E,6E-2169,2026-09-07,T+7,5174,1136,6310,2026-08-31T02:56:41.703Z,FALSE,"",19:40,FALSE
fare_DEL-BOM_6E_2026-09-07_T+7_1788146301092_ndag,DEL-BOM,EaseMyTrip,6E,6E-6829,2026-09-07,T+7,5174,1136,6310,2026-08-31T02:56:41.703Z,FALSE,"",17:20,FALSE
fare_DEL-BOM_6E_2026-09-07_T+7_1788146301092_zm3z,DEL-BOM,EaseMyTrip,6E,6E-6443,2026-09-07,T+7,5174,1136,6310,2026-08-31T02:56:41.703Z,FALSE,"",09:00,FALSE
fare_DEL-BOM_6E_2026-09-07_T+7_1788146301092_afcw,DEL-BOM,EaseMyTrip,6E,6E-6433,2026-09-07,T+7,5174,1136,6310,2026-08-31T02:56:41.703Z,FALSE,"",16:30,FALSE
fare_DEL-BOM_6E_2026-09-07_T+7_1788146301092_st6q,DEL-BOM,EaseMyTrip,6E,6E-5138,2026-09-07,T+7,5174,1136,6310,2026-08-31T02:56:41.703Z,FALSE,"",19:10,FALSE
fare_DEL-BOM_6E_2026-09-07_T+7_1788146301092_v303,DEL-BOM,EaseMyTrip,6E,6E-6490,2026-09-07,T+7,5174,1136,6310,2026-08-31T02:56:41.703Z,FALSE,"",04:55,FALSE
fare_DEL-BOM_6E_2026-09-07_T+7_1788146301092_8jgg,DEL-BOM,EaseMyTrip,6E,6E-6459,2026-09-07,T+7,5174,1136,6310,2026-08-31T02:56:41.703Z,FALSE,"",05:55,FALSE
fare_DEL-BOM_6E_2026-09-07_T+7_1788146301092_j078,DEL-BOM,EaseMyTrip,6E,6E-6479,2026-09-07,T+7,5239,1150,6389,2026-08-31T02:56:41.703Z,FALSE,"",21:25,FALSE
fare_DEL-BOM_6E_2026-09-07_T+7_1788146301092_8yea,DEL-BOM,EaseMyTrip,6E,6E-5298,2026-09-07,T+7,5239,1150,6389,2026-08-31T02:56:41.703Z,FALSE,"",09:00,FALSE
fare_DEL-BOM_6E_2026-09-07_T+7_1788146301092_n24w,DEL-BOM,EaseMyTrip,6E,6E-5038,2026-09-07,T+7,5239,1150,6389,2026-08-31T02:56:41.703Z,FALSE,"",14:00,FALSE
fare_DEL-BOM_6E_2026-09-07_T+7_1788146301092_m3zv,DEL-BOM,EaseMyTrip,6E,6E-5206,2026-09-07,T+7,5239,1150,6389,2026-08-31T02:56:41.703Z,FALSE,"",13:20,FALSE
fare_DEL-BOM_6E_2026-09-07_T+7_1788146301092_1tc4,DEL-BOM,EaseMyTrip,6E,6E-6050,2026-09-07,T+7,5239,1150,6389,2026-08-31T02:56:41.703Z,FALSE,"",08:15,FALSE
fare_DEL-BOM_6E_2026-09-07_T+7_1788146301092_y37b,DEL-BOM,EaseMyTrip,6E,6E-5096,2026-09-07,T+7,5282,1160,6442,2026-08-31T02:56:41.703Z,FALSE,"",17:00,TRUE
fare_DEL-BOM_QP_2026-09-07_T+7_1788146301092_8hwc,DEL-BOM,EaseMyTrip,QP,QP-2074,2026-09-07,T+7,5330,1170,6500,2026-08-31T02:56:41.703Z,FALSE,"",14:10,TRUE
fare_DEL-BOM_6E_2026-09-07_T+7_1788146301092_tyeu,DEL-BOM,EaseMyTrip,6E,6E-6212,2026-09-07,T+7,5346,1174,6520,2026-08-31T02:56:41.703Z,FALSE,"",14:45,FALSE
fare_DEL-BOM_6E_2026-09-07_T+7_1788146301092_859r,DEL-BOM,EaseMyTrip,6E,6E-6282,2026-09-07,T+7,5346,1174,6520,2026-08-31T02:56:41.703Z,FALSE,"",13:30,FALSE
fare_DEL-BOM_6E_2026-09-07_T+7_1788146301092_z7b4,DEL-BOM,EaseMyTrip,6E,6E-258,2026-09-07,T+7,5346,1174,6520,2026-08-31T02:56:41.703Z,FALSE,"",23:15,FALSE
fare_DEL-BOM_6E_2026-09-07_T+7_1788146301092_g4mn,DEL-BOM,EaseMyTrip,6E,6E-934,2026-09-07,T+7,5346,1174,6520,2026-08-31T02:56:41.703Z,FALSE,"",23:15,FALSE
fare_DEL-BOM_6E_2026-09-07_T+7_1788146301092_tnik,DEL-BOM,EaseMyTrip,6E,6E-6497,2026-09-07,T+7,5346,1174,6520,2026-08-31T02:56:41.703Z,FALSE,"",18:40,FALSE
fare_DEL-BOM_QP_2026-09-07_T+7_1788146301092_uix7,DEL-BOM,EaseMyTrip,QP,QP-1119,2026-09-07,T+7,5355,1175,6530,2026-08-31T02:56:41.703Z,FALSE,"",08:40,TRUE
fare_DEL-BOM_QP_2026-09-07_T+7_1788146301092_cmym,DEL-BOM,EaseMyTrip,QP,QP-1110,2026-09-07,T+7,5355,1175,6530,2026-08-31T02:56:41.703Z,FALSE,"",10:30,TRUE
fare_DEL-BOM_QP_2026-09-07_T+7_1788146301092_7i9z,DEL-BOM,EaseMyTrip,QP,QP-1820,2026-09-07,T+7,5355,1175,6530,2026-08-31T02:56:41.703Z,FALSE,"",17:30,TRUE
fare_DEL-BOM_QP_2026-09-07_T+7_1788146301092_qkh4,DEL-BOM,EaseMyTrip,QP,QP-1833,2026-09-07,T+7,5355,1175,6530,2026-08-31T02:56:41.703Z,FALSE,"",06:50,TRUE
fare_DEL-BOM_QP_2026-09-07_T+7_1788146301092_rthm,DEL-BOM,EaseMyTrip,QP,QP-1112,2026-09-07,T+7,5355,1175,6530,2026-08-31T02:56:41.703Z,FALSE,"",09:20,TRUE
fare_DEL-BOM_QP_2026-09-07_T+7_1788146301092_qiq8,DEL-BOM,EaseMyTrip,QP,QP-1128,2026-09-07,T+7,5355,1175,6530,2026-08-31T02:56:41.703Z,FALSE,"",16:00,TRUE
fare_DEL-BOM_QP_2026-09-07_T+7_1788146301092_2bfd,DEL-BOM,EaseMyTrip,QP,QP-1836,2026-09-07,T+7,5355,1175,6530,2026-08-31T02:56:41.703Z,FALSE,"",12:30,TRUE
fare_DEL-BOM_QP_2026-09-07_T+7_1788146301092_vn22,DEL-BOM,EaseMyTrip,QP,QP-1826,2026-09-07,T+7,5355,1175,6530,2026-08-31T02:56:41.703Z,FALSE,"",19:55,TRUE
fare_DEL-BOM_6E_2026-09-07_T+7_1788146301092_5xey,DEL-BOM,EaseMyTrip,6E,6E-739,2026-09-07,T+7,5355,1175,6530,2026-08-31T02:56:41.703Z,FALSE,"",23:30,TRUE
fare_DEL-BOM_6E_2026-09-07_T+7_1788146301092_vkx9,DEL-BOM,EaseMyTrip,6E,6E-272,2026-09-07,T+7,5355,1175,6530,2026-08-31T02:56:41.703Z,FALSE,"",23:30,TRUE
fare_DEL-BOM_6E_2026-09-07_T+7_1788146301092_r8u4,DEL-BOM,EaseMyTrip,6E,6E-653,2026-09-07,T+7,5355,1175,6530,2026-08-31T02:56:41.703Z,FALSE,"",19:00,TRUE
fare_DEL-BOM_6E_2026-09-07_T+7_1788146301092_9fx7,DEL-BOM,EaseMyTrip,6E,6E-409,2026-09-07,T+7,5355,1175,6530,2026-08-31T02:56:41.703Z,FALSE,"",19:00,TRUE
fare_DEL-BOM_6E_2026-09-07_T+7_1788146301092_iluw,DEL-BOM,EaseMyTrip,6E,6E-298,2026-09-07,T+7,5355,1175,6530,2026-08-31T02:56:41.703Z,FALSE,"",18:00,TRUE
fare_DEL-BOM_6E_2026-09-07_T+7_1788146301092_sefw,DEL-BOM,EaseMyTrip,6E,6E-282,2026-09-07,T+7,5355,1175,6530,2026-08-31T02:56:41.703Z,FALSE,"",18:00,TRUE
fare_DEL-BOM_6E_2026-09-07_T+7_1788146301092_p7v6,DEL-BOM,EaseMyTrip,6E,6E-6706,2026-09-07,T+7,5355,1175,6530,2026-08-31T02:56:41.703Z,FALSE,"",17:00,TRUE
fare_DEL-BOM_6E_2026-09-07_T+7_1788146301092_az0r,DEL-BOM,EaseMyTrip,6E,6E-443,2026-09-07,T+7,5355,1175,6530,2026-08-31T02:56:41.703Z,FALSE,"",16:15,TRUE
fare_DEL-BOM_6E_2026-09-07_T+7_1788146301092_o8n8,DEL-BOM,EaseMyTrip,6E,6E-130,2026-09-07,T+7,5355,1175,6530,2026-08-31T02:56:41.703Z,FALSE,"",16:15,TRUE
fare_DEL-BOM_6E_2026-09-07_T+7_1788146301092_9r7r,DEL-BOM,EaseMyTrip,6E,6E-762,2026-09-07,T+7,5355,1175,6530,2026-08-31T02:56:41.703Z,FALSE,"",15:30,TRUE
fare_DEL-BOM_6E_2026-09-07_T+7_1788146301092_9j2x,DEL-BOM,EaseMyTrip,6E,6E-806,2026-09-07,T+7,5355,1175,6530,2026-08-31T02:56:41.703Z,FALSE,"",15:30,TRUE
fare_DEL-BOM_6E_2026-09-07_T+7_1788146301092_e9mf,DEL-BOM,EaseMyTrip,6E,6E-6022,2026-09-07,T+7,5355,1175,6530,2026-08-31T02:56:41.703Z,FALSE,"",14:00,TRUE
fare_DEL-BOM_6E_2026-09-07_T+7_1788146301092_tjvk,DEL-BOM,EaseMyTrip,6E,6E-6318,2026-09-07,T+7,5355,1175,6530,2026-08-31T02:56:41.703Z,FALSE,"",14:45,TRUE
fare_DEL-BOM_6E_2026-09-07_T+7_1788146301092_hfkq,DEL-BOM,EaseMyTrip,6E,6E-6047,2026-09-07,T+7,5355,1175,6530,2026-08-31T02:56:41.703Z,FALSE,"",11:00,TRUE
fare_DEL-BOM_6E_2026-09-07_T+7_1788146301092_xfms,DEL-BOM,EaseMyTrip,6E,6E-6676,2026-09-07,T+7,5355,1175,6530,2026-08-31T02:56:41.703Z,FALSE,"",12:00,TRUE
fare_DEL-BOM_6E_2026-09-07_T+7_1788146301092_vrx7,DEL-BOM,EaseMyTrip,6E,6E-796,2026-09-07,T+7,5355,1175,6530,2026-08-31T02:56:41.703Z,FALSE,"",13:00,TRUE
fare_DEL-BOM_6E_2026-09-07_T+7_1788146301092_pxjd,DEL-BOM,EaseMyTrip,6E,6E-353,2026-09-07,T+7,5355,1175,6530,2026-08-31T02:56:41.703Z,FALSE,"",13:00,TRUE
fare_DEL-BOM_6E_2026-09-07_T+7_1788146301092_ctx6,DEL-BOM,EaseMyTrip,6E,6E-725,2026-09-07,T+7,5411,1188,6599,2026-08-31T02:56:41.703Z,FALSE,"",19:30,FALSE
fare_DEL-BOM_6E_2026-09-07_T+7_1788146301092_b416,DEL-BOM,EaseMyTrip,6E,6E-876,2026-09-07,T+7,5411,1188,6599,2026-08-31T02:56:41.703Z,FALSE,"",19:30,FALSE
fare_DEL-BOM_6E_2026-09-07_T+7_1788146301092_fdjo,DEL-BOM,EaseMyTrip,6E,6E-384,2026-09-07,T+7,5411,1188,6599,2026-08-31T02:56:41.703Z,FALSE,"",12:15,FALSE
fare_DEL-BOM_6E_2026-09-07_T+7_1788146301092_t3h6,DEL-BOM,EaseMyTrip,6E,6E-445,2026-09-07,T+7,5411,1188,6599,2026-08-31T02:56:41.703Z,FALSE,"",12:15,FALSE
fare_DEL-BOM_QP_2026-09-07_T+7_1788146301092_z8uo,DEL-BOM,EaseMyTrip,QP,QP-1940,2026-09-07,T+7,5427,1191,6618,2026-08-31T02:56:41.703Z,FALSE,"",14:00,TRUE
fare_DEL-BOM_6E_2026-09-07_T+7_1788146301092_exso,DEL-BOM,EaseMyTrip,6E,6E-5198,2026-09-07,T+7,5427,1191,6618,2026-08-31T02:56:41.703Z,FALSE,"",15:00,TRUE
fare_DEL-BOM_6E_2026-09-07_T+7_1788146301092_x7pz,DEL-BOM,EaseMyTrip,6E,6E-2076,2026-09-07,T+7,5460,1199,6659,2026-08-31T02:56:41.703Z,FALSE,"",07:30,FALSE
fare_DEL-BOM_6E_2026-09-07_T+7_1788146301092_9xzf,DEL-BOM,EaseMyTrip,6E,6E-6114,2026-09-07,T+7,5484,1204,6688,2026-08-31T02:56:41.703Z,FALSE,"",22:45,TRUE
fare_DEL-BOM_6E_2026-09-07_T+7_1788146301092_esnr,DEL-BOM,EaseMyTrip,6E,6E-6328,2026-09-07,T+7,5484,1204,6688,2026-08-31T02:56:41.703Z,FALSE,"",10:15,TRUE
fare_DEL-BOM_6E_2026-09-07_T+7_1788146301092_85o2,DEL-BOM,EaseMyTrip,6E,6E-522,2026-09-07,T+7,5526,1213,6739,2026-08-31T02:56:41.703Z,FALSE,"",20:20,TRUE
fare_DEL-BOM_6E_2026-09-07_T+7_1788146301092_52gt,DEL-BOM,EaseMyTrip,6E,6E-6470,2026-09-07,T+7,5526,1213,6739,2026-08-31T02:56:41.703Z,FALSE,"",06:55,TRUE
fare_DEL-BOM_AI_2026-09-07_T+7_1788146301092_4e3n,DEL-BOM,EaseMyTrip,AI,AI-2425,2026-09-07,T+7,5740,1260,7000,2026-08-31T02:56:41.703Z,FALSE,"",10:30,TRUE
fare_DEL-BOM_AI_2026-09-07_T+7_1788146301092_h7b8,DEL-BOM,EaseMyTrip,AI,AI-2941,2026-09-07,T+7,5740,1260,7000,2026-08-31T02:56:41.703Z,FALSE,"",16:30,TRUE
fare_DEL-BOM_AI_2026-09-07_T+7_1788146301092_0z3a,DEL-BOM,EaseMyTrip,AI,AI-2945,2026-09-07,T+7,5740,1260,7000,2026-08-31T02:56:41.703Z,FALSE,"",11:00,TRUE
fare_DEL-BOM_AI_2026-09-07_T+7_1788146301092_khwy,DEL-BOM,EaseMyTrip,AI,AI-2933,2026-09-07,T+7,5740,1260,7000,2026-08-31T02:56:41.703Z,FALSE,"",15:30,TRUE
fare_DEL-BOM_AI_2026-09-07_T+7_1788146301092_52ad,DEL-BOM,EaseMyTrip,AI,AI-1777,2026-09-07,T+7,5740,1260,7000,2026-08-31T02:56:41.703Z,FALSE,"",16:00,TRUE
fare_DEL-BOM_AI_2026-09-07_T+7_1788146301092_4bgj,DEL-BOM,EaseMyTrip,AI,AI-441,2026-09-07,T+7,5740,1260,7000,2026-08-31T02:56:41.703Z,FALSE,"",17:00,TRUE
fare_DEL-BOM_AI_2026-09-07_T+7_1788146301092_req9,DEL-BOM,EaseMyTrip,AI,AI-2955,2026-09-07,T+7,5740,1260,7000,2026-08-31T02:56:41.703Z,FALSE,"",18:00,TRUE
fare_DEL-BOM_AI_2026-09-07_T+7_1788146301092_htvr,DEL-BOM,EaseMyTrip,AI,AI-2977,2026-09-07,T+7,5740,1260,7000,2026-08-31T02:56:41.703Z,FALSE,"",19:00,TRUE
fare_DEL-BOM_AI_2026-09-07_T+7_1788146301092_e8st,DEL-BOM,EaseMyTrip,AI,AI-2985,2026-09-07,T+7,5740,1260,7000,2026-08-31T02:56:41.703Z,FALSE,"",19:30,TRUE
fare_DEL-BOM_AI_2026-09-07_T+7_1788146301092_wyiw,DEL-BOM,EaseMyTrip,AI,AI-2439,2026-09-07,T+7,5740,1260,7000,2026-08-31T02:56:41.703Z,FALSE,"",23:00,TRUE
fare_DEL-BOM_6E_2026-09-07_T+7_1788146301092_09h2,DEL-BOM,EaseMyTrip,6E,6E-346,2026-09-07,T+7,5656,1242,6898,2026-08-31T02:56:41.703Z,FALSE,"",05:00,TRUE
fare_DEL-BOM_6E_2026-09-07_T+7_1788146301092_s83n,DEL-BOM,EaseMyTrip,6E,6E-692,2026-09-07,T+7,5656,1242,6898,2026-08-31T02:56:41.703Z,FALSE,"",05:00,TRUE
fare_DEL-BOM_6E_2026-09-07_T+7_1788146301092_k0cm,DEL-BOM,EaseMyTrip,6E,6E-186,2026-09-07,T+7,5656,1242,6898,2026-08-31T02:56:41.703Z,FALSE,"",21:45,TRUE
fare_DEL-BOM_6E_2026-09-07_T+7_1788146301092_uidn,DEL-BOM,EaseMyTrip,6E,6E-305,2026-09-07,T+7,5656,1242,6898,2026-08-31T02:56:41.703Z,FALSE,"",21:45,TRUE
fare_DEL-BOM_6E_2026-09-07_T+7_1788146301092_eq5c,DEL-BOM,EaseMyTrip,6E,6E-619,2026-09-07,T+7,5656,1242,6898,2026-08-31T02:56:41.703Z,FALSE,"",20:00,TRUE
fare_DEL-BOM_6E_2026-09-07_T+7_1788146301092_qkxg,DEL-BOM,EaseMyTrip,6E,6E-485,2026-09-07,T+7,5656,1242,6898,2026-08-31T02:56:41.703Z,FALSE,"",20:00,TRUE
fare_DEL-BOM_6E_2026-09-07_T+7_1788146301092_zdcl,DEL-BOM,EaseMyTrip,6E,6E-925,2026-09-07,T+7,5656,1242,6898,2026-08-31T02:56:41.703Z,FALSE,"",20:45,TRUE
fare_DEL-BOM_6E_2026-09-07_T+7_1788146301092_uza8,DEL-BOM,EaseMyTrip,6E,6E-271,2026-09-07,T+7,5656,1242,6898,2026-08-31T02:56:41.703Z,FALSE,"",20:45,TRUE
fare_DEL-BOM_6E_2026-09-07_T+7_1788146301092_9mmc,DEL-BOM,EaseMyTrip,6E,6E-6218,2026-09-07,T+7,5656,1242,6898,2026-08-31T02:56:41.703Z,FALSE,"",06:05,TRUE
fare_DEL-BOM_6E_2026-09-07_T+7_1788146301092_is9o,DEL-BOM,EaseMyTrip,6E,6E-794,2026-09-07,T+7,5656,1242,6898,2026-08-31T02:56:41.703Z,FALSE,"",08:45,TRUE
fare_DEL-BOM_6E_2026-09-07_T+7_1788146301092_7ce7,DEL-BOM,EaseMyTrip,6E,6E-375,2026-09-07,T+7,5656,1242,6898,2026-08-31T02:56:41.703Z,FALSE,"",08:45,TRUE
fare_DEL-BOM_6E_2026-09-07_T+7_1788146301092_qpyg,DEL-BOM,EaseMyTrip,6E,6E-6107,2026-09-07,T+7,5656,1242,6898,2026-08-31T02:56:41.703Z,FALSE,"",09:30,TRUE
fare_DEL-BOM_AI_2026-09-07_T+7_1788146301092_wfe4,DEL-BOM,EaseMyTrip,AI,AI-2951,2026-09-07,T+7,5870,1289,7159,2026-08-31T02:56:41.703Z,FALSE,"",13:30,TRUE
fare_DEL-BOM_AI_2026-09-07_T+7_1788146301092_g241,DEL-BOM,EaseMyTrip,AI,AI-2995,2026-09-07,T+7,5870,1289,7159,2026-08-31T02:56:41.703Z,FALSE,"",10:00,TRUE
fare_DEL-BOM_6E_2026-09-07_T+7_1788146301092_vztw,DEL-BOM,EaseMyTrip,6E,6E-2341,2026-09-07,T+7,5853,1285,7138,2026-08-31T02:56:41.703Z,FALSE,"",14:50,FALSE
fare_DEL-BOM_AI_2026-09-07_T+7_1788146301092_cjah,DEL-BOM,EaseMyTrip,AI,AI-1745,2026-09-07,T+7,6043,1326,7369,2026-08-31T02:56:41.703Z,FALSE,"",05:00,TRUE
fare_DEL-BOM_AI_2026-09-07_T+7_1788146301092_2lxm,DEL-BOM,EaseMyTrip,AI,AI-2981,2026-09-07,T+7,6043,1326,7369,2026-08-31T02:56:41.703Z,FALSE,"",21:00,TRUE
fare_DEL-BOM_AI_2026-09-07_T+7_1788146301092_q2rj,DEL-BOM,EaseMyTrip,AI,AI-2805,2026-09-07,T+7,6043,1326,7369,2026-08-31T02:56:41.703Z,FALSE,"",20:00,TRUE
fare_DEL-BOM_AI_2026-09-07_T+7_1788146301092_5ld3,DEL-BOM,EaseMyTrip,AI,AI-2433,2026-09-07,T+7,6043,1326,7369,2026-08-31T02:56:41.703Z,FALSE,"",21:30,TRUE
fare_DEL-BOM_AI_2026-09-07_T+7_1788146301092_5mfi,DEL-BOM,EaseMyTrip,AI,AI-2927,2026-09-07,T+7,6043,1326,7369,2026-08-31T02:56:41.703Z,FALSE,"",09:30,TRUE
fare_DEL-BOM_AI_2026-09-07_T+7_1788146301092_x9pz,DEL-BOM,EaseMyTrip,AI,AI-2957,2026-09-07,T+7,6043,1326,7369,2026-08-31T02:56:41.703Z,FALSE,"",20:30,TRUE
fare_DEL-BOM_6E_2026-09-07_T+7_1788146301092_9mt6,DEL-BOM,EaseMyTrip,6E,6E-2571,2026-09-07,T+7,5935,1303,7238,2026-08-31T02:56:41.703Z,FALSE,"",12:30,FALSE
fare_DEL-BOM_6E_2026-09-07_T+7_1788146301092_4jkn,DEL-BOM,EaseMyTrip,6E,6E-6569,2026-09-07,T+7,6001,1317,7318,2026-08-31T02:56:41.703Z,FALSE,"",05:00,FALSE
fare_DEL-BOM_6E_2026-09-07_T+7_1788146301092_r3z8,DEL-BOM,EaseMyTrip,6E,6E-596,2026-09-07,T+7,6130,1345,7475,2026-08-31T02:56:41.703Z,FALSE,"",08:00,TRUE
fare_DEL-BOM_6E_2026-09-07_T+7_1788146301092_ntth,DEL-BOM,EaseMyTrip,6E,6E-749,2026-09-07,T+7,6130,1345,7475,2026-08-31T02:56:41.703Z,FALSE,"",08:00,TRUE
fare_DEL-BOM_6E_2026-09-07_T+7_1788146301092_78iy,DEL-BOM,EaseMyTrip,6E,6E-6814,2026-09-07,T+7,6130,1345,7475,2026-08-31T02:56:41.703Z,FALSE,"",07:15,TRUE
fare_DEL-BOM_6E_2026-09-07_T+7_1788146301092_xwus,DEL-BOM,EaseMyTrip,6E,6E-7646,2026-09-07,T+7,6202,1362,7564,2026-08-31T02:56:41.703Z,FALSE,"",06:15,FALSE
fare_DEL-BOM_AI_2026-09-07_T+7_1788146301092_zdkg,DEL-BOM,EaseMyTrip,AI,AI-2963,2026-09-07,T+7,6467,1419,7886,2026-08-31T02:56:41.703Z,FALSE,"",09:00,TRUE
fare_DEL-BOM_AI_2026-09-07_T+7_1788146301092_uxbl,DEL-BOM,EaseMyTrip,AI,AI-2975,2026-09-07,T+7,6836,1500,8336,2026-08-31T02:56:41.703Z,FALSE,"",06:30,TRUE
fare_DEL-BOM_AI_2026-09-07_T+7_1788146301092_ky8u,DEL-BOM,EaseMyTrip,AI,AI-2943,2026-09-07,T+7,7010,1539,8549,2026-08-31T02:56:41.703Z,FALSE,"",07:30,TRUE
fare_DEL-BOM_6E_2026-09-07_T+7_1788146301092_5vcd,DEL-BOM,EaseMyTrip,6E,6E-2383,2026-09-07,T+7,6892,1513,8405,2026-08-31T02:56:41.703Z,FALSE,"",05:40,FALSE
fare_DEL-BOM_AI_2026-09-07_T+7_1788146301092_ojd2,DEL-BOM,EaseMyTrip,AI,AI-2678,2026-09-07,T+7,7068,1552,8620,2026-08-31T02:56:41.703Z,FALSE,"",08:30,TRUE
fare_DEL-BOM_IX_2026-09-07_T+7_1788146301092_777k,DEL-BOM,EaseMyTrip,IX,IX-1108,2026-09-07,T+7,7486,1643,9129,2026-08-31T02:56:41.703Z,FALSE,"",05:00,FALSE
fare_DEL-BOM_SG_2026-09-07_T+7_1788146301092_t276,DEL-BOM,EaseMyTrip,SG,SG-860,2026-09-07,T+7,7164,1572,8736,2026-08-31T02:56:41.703Z,FALSE,"",19:55,TRUE
fare_DEL-BOM_SG_2026-09-07_T+7_1788146301092_j6j7,DEL-BOM,EaseMyTrip,SG,SG-291,2026-09-07,T+7,7164,1572,8736,2026-08-31T02:56:41.703Z,FALSE,"",19:55,TRUE
fare_DEL-BOM_SG_2026-09-07_T+7_1788146301092_rd5v,DEL-BOM,EaseMyTrip,SG,SG-990,2026-09-07,T+7,7256,1593,8849,2026-08-31T02:56:41.703Z,FALSE,"",22:30,TRUE
fare_DEL-BOM_SG_2026-09-07_T+7_1788146301092_ycm3,DEL-BOM,EaseMyTrip,SG,SG-896,2026-09-07,T+7,7256,1593,8849,2026-08-31T02:56:41.703Z,FALSE,"",22:30,TRUE
fare_DEL-BOM_6E_2026-09-07_T+7_1788146301092_z5xb,DEL-BOM,EaseMyTrip,6E,6E-5073,2026-09-07,T+7,7527,1652,9179,2026-08-31T02:56:41.703Z,FALSE,"",17:05,FALSE
fare_DEL-BOM_6E_2026-09-07_T+7_1788146301092_d3gp,DEL-BOM,EaseMyTrip,6E,6E-2381,2026-09-07,T+7,7747,1700,9447,2026-08-31T02:56:41.703Z,FALSE,"",13:45,FALSE
fare_DEL-BOM_6E_2026-09-07_T+7_1788146301092_fye3,DEL-BOM,EaseMyTrip,6E,6E-7642,2026-09-07,T+7,7816,1716,9532,2026-08-31T02:56:41.703Z,FALSE,"",15:45,FALSE
fare_DEL-BOM_AI_2026-09-07_T+7_1788146301092_bmj4,DEL-BOM,EaseMyTrip,AI,AI-2429,2026-09-07,T+7,8008,1758,9766,2026-08-31T02:56:41.703Z,FALSE,"",07:00,TRUE
fare_DEL-BOM_IX_2026-09-07_T+7_1788146301092_g64f,DEL-BOM,EaseMyTrip,IX,IX-1165,2026-09-07,T+7,8243,1809,10052,2026-08-31T02:56:41.703Z,FALSE,"",05:45,FALSE
fare_DEL-BOM_6E_2026-09-07_T+7_1788146301092_xpj9,DEL-BOM,EaseMyTrip,6E,6E-2331,2026-09-07,T+7,8048,1767,9815,2026-08-31T02:56:41.703Z,FALSE,"",12:20,FALSE
fare_DEL-BOM_6E_2026-09-07_T+7_1788146301092_bkdp,DEL-BOM,EaseMyTrip,6E,6E-680,2026-09-07,T+7,8048,1767,9815,2026-08-31T02:56:41.703Z,FALSE,"",10:00,FALSE
fare_DEL-BOM_6E_2026-09-07_T+7_1788146301092_riii,DEL-BOM,EaseMyTrip,6E,6E-501,2026-09-07,T+7,8048,1767,9815,2026-08-31T02:56:41.703Z,FALSE,"",10:00,FALSE
fare_DEL-BOM_AI_2026-09-07_T+7_1788146301092_rdqz,DEL-BOM,EaseMyTrip,AI,AI-1780,2026-09-07,T+7,8518,1870,10388,2026-08-31T02:56:41.703Z,FALSE,"",16:10,TRUE
fare_DEL-BOM_AI_2026-09-07_T+7_1788146301092_0si9,DEL-BOM,EaseMyTrip,AI,AI-2509,2026-09-07,T+7,8817,1935,10752,2026-08-31T02:56:41.703Z,FALSE,"",06:55,FALSE
fare_DEL-BOM_AI_2026-09-07_T+7_1788146301092_hszv,DEL-BOM,EaseMyTrip,AI,AI-1705,2026-09-07,T+7,8895,1952,10847,2026-08-31T02:56:41.703Z,FALSE,"",06:30,FALSE
fare_DEL-BOM_IX_2026-09-07_T+7_1788146301092_sova,DEL-BOM,EaseMyTrip,IX,IX-1049,2026-09-07,T+7,9069,1991,11060,2026-08-31T02:56:41.703Z,FALSE,"",18:40,FALSE
fare_DEL-BOM_6E_2026-09-07_T+7_1788146301092_krf5,DEL-BOM,EaseMyTrip,6E,6E-5119,2026-09-07,T+7,8867,1946,10813,2026-08-31T02:56:41.703Z,FALSE,"",05:10,FALSE
fare_DEL-BOM_AI_2026-09-07_T+7_1788146301092_bpva,DEL-BOM,EaseMyTrip,AI,AI-2499,2026-09-07,T+7,9122,2002,11124,2026-08-31T02:56:41.703Z,FALSE,"",05:55,FALSE
fare_DEL-BOM_6E_2026-09-07_T+7_1788146301092_x8r7,DEL-BOM,EaseMyTrip,6E,6E-6601,2026-09-07,T+7,9173,2014,11187,2026-08-31T02:56:41.703Z,FALSE,"",19:45,FALSE
fare_DEL-BOM_AI_2026-09-07_T+7_1788146301092_r50k,DEL-BOM,EaseMyTrip,AI,AI-9757,2026-09-07,T+7,9551,2097,11648,2026-08-31T02:56:41.703Z,FALSE,"",11:50,FALSE
fare_DEL-BOM_AI_2026-09-07_T+7_1788146301092_47yu,DEL-BOM,EaseMyTrip,AI,AI-9759,2026-09-07,T+7,9551,2097,11648,2026-08-31T02:56:41.703Z,FALSE,"",05:45,FALSE
fare_DEL-BOM_6E_2026-09-07_T+7_1788146301092_uyi3,DEL-BOM,EaseMyTrip,6E,6E-6983,2026-09-07,T+7,9558,2098,11656,2026-08-31T02:56:41.703Z,FALSE,"",15:35,FALSE
fare_DEL-BOM_QP_2026-09-07_T+7_1788146301092_f90e,DEL-BOM,EaseMyTrip,QP,QP-1812,2026-09-07,T+7,9947,2184,12131,2026-08-31T02:56:41.703Z,FALSE,"",22:55,FALSE
fare_DEL-BOM_AI_2026-09-07_T+7_1788146301092_yp1b,DEL-BOM,EaseMyTrip,AI,AI-9674,2026-09-07,T+7,10452,2294,12746,2026-08-31T02:56:41.703Z,FALSE,"",16:40,FALSE
fare_DEL-BOM_6E_2026-09-07_T+7_1788146301092_sxk8,DEL-BOM,EaseMyTrip,6E,6E-6293,2026-09-07,T+7,10357,2274,12631,2026-08-31T02:56:41.703Z,FALSE,"",09:55,FALSE
fare_DEL-BOM_IX_2026-09-07_T+7_1788146301092_4kfi,DEL-BOM,EaseMyTrip,IX,IX-1051,2026-09-07,T+7,11184,2455,13639,2026-08-31T02:56:41.703Z,FALSE,"",19:05,FALSE
fare_DEL-BOM_IX_2026-09-07_T+7_1788146301092_l6qd,DEL-BOM,EaseMyTrip,IX,IX-1068,2026-09-07,T+7,11281,2476,13757,2026-08-31T02:56:41.703Z,FALSE,"",11:55,FALSE
fare_DEL-BOM_AI_2026-09-07_T+7_1788146301092_8jc6,DEL-BOM,EaseMyTrip,AI,AI-2715,2026-09-07,T+7,11186,2455,13641,2026-08-31T02:56:41.703Z,FALSE,"",11:40,FALSE
fare_DEL-BOM_AI_2026-09-07_T+7_1788146301092_q310,DEL-BOM,EaseMyTrip,AI,AI-809,2026-09-07,T+7,11273,2475,13748,2026-08-31T02:56:41.703Z,FALSE,"",17:40,FALSE
fare_DEL-BOM_6E_2026-09-07_T+7_1788146301092_xgfm,DEL-BOM,EaseMyTrip,6E,6E-943,2026-09-07,T+7,11339,2489,13828,2026-08-31T02:56:41.703Z,FALSE,"",02:25,FALSE
fare_DEL-BOM_6E_2026-09-07_T+7_1788146301092_5qkm,DEL-BOM,EaseMyTrip,6E,6E-511,2026-09-07,T+7,11339,2489,13828,2026-08-31T02:56:41.703Z,FALSE,"",02:25,FALSE
fare_DEL-BOM_6E_2026-09-07_T+7_1788146301092_63re,DEL-BOM,EaseMyTrip,6E,6E-566,2026-09-07,T+7,11605,2548,14153,2026-08-31T02:56:41.703Z,FALSE,"",08:30,FALSE
fare_DEL-BOM_6E_2026-09-07_T+7_1788146301092_7zn3,DEL-BOM,EaseMyTrip,6E,6E-411,2026-09-07,T+7,11605,2548,14153,2026-08-31T02:56:41.703Z,FALSE,"",08:30,FALSE
fare_DEL-BOM_AI_2026-09-07_T+7_1788146301092_dqlf,DEL-BOM,EaseMyTrip,AI,AI-2761,2026-09-07,T+7,12103,2657,14760,2026-08-31T02:56:41.703Z,TRUE,"High outlier: ₹14760 > upper fence ₹14743 (Q3: ₹9815, IQR: ₹3285)",16:25,FALSE
fare_DEL-BOM_IX_2026-09-07_T+7_1788146301092_pkn9,DEL-BOM,EaseMyTrip,IX,IX-1003,2026-09-07,T+7,12929,2838,15767,2026-08-31T02:56:41.703Z,TRUE,"High outlier: ₹15767 > upper fence ₹14743 (Q3: ₹9815, IQR: ₹3285)",19:10,FALSE
fare_DEL-BOM_AI_2026-09-07_T+7_1788146301092_5oib,DEL-BOM,EaseMyTrip,AI,AI-1743,2026-09-07,T+7,13065,2868,15933,2026-08-31T02:56:41.703Z,TRUE,"High outlier: ₹15933 > upper fence ₹14743 (Q3: ₹9815, IQR: ₹3285)",06:20,FALSE
fare_DEL-BOM_AI_2026-09-07_T+7_1788146301092_c9qi,DEL-BOM,EaseMyTrip,AI,AI-2601,2026-09-07,T+7,13065,2868,15933,2026-08-31T02:56:41.703Z,TRUE,"High outlier: ₹15933 > upper fence ₹14743 (Q3: ₹9815, IQR: ₹3285)",17:00,FALSE
fare_DEL-BOM_QP_2026-09-07_T+7_1788146301092_0ani,DEL-BOM,EaseMyTrip,QP,QP-1822,2026-09-07,T+7,12935,2839,15774,2026-08-31T02:56:41.703Z,TRUE,"High outlier: ₹15774 > upper fence ₹14743 (Q3: ₹9815, IQR: ₹3285)",16:40,FALSE
fare_DEL-BOM_AI_2026-09-07_T+7_1788146301092_njcq,DEL-BOM,EaseMyTrip,AI,AI-9584,2026-09-07,T+7,13382,2937,16319,2026-08-31T02:56:41.703Z,TRUE,"High outlier: ₹16319 > upper fence ₹14743 (Q3: ₹9815, IQR: ₹3285)",11:15,FALSE
fare_DEL-BOM_AI_2026-09-07_T+7_1788146301092_rwdx,DEL-BOM,EaseMyTrip,AI,AI-2907,2026-09-07,T+7,14197,3117,17314,2026-08-31T02:56:41.703Z,TRUE,"High outlier: ₹17314 > upper fence ₹14743 (Q3: ₹9815, IQR: ₹3285)",11:55,FALSE
fare_DEL-BOM_AI_2026-09-07_T+7_1788146301092_804n,DEL-BOM,EaseMyTrip,AI,AI-491,2026-09-07,T+7,14497,3182,17679,2026-08-31T02:56:41.703Z,TRUE,"High outlier: ₹17679 > upper fence ₹14743 (Q3: ₹9815, IQR: ₹3285)",11:15,FALSE
fare_DEL-BOM_AI_2026-09-07_T+7_1788146301092_j8b0,DEL-BOM,EaseMyTrip,AI,AI-1773,2026-09-07,T+7,14497,3182,17679,2026-08-31T02:56:41.703Z,TRUE,"High outlier: ₹17679 > upper fence ₹14743 (Q3: ₹9815, IQR: ₹3285)",10:30,FALSE
fare_DEL-BOM_AI_2026-09-07_T+7_1788146301092_74vm,DEL-BOM,EaseMyTrip,AI,AI-2577,2026-09-07,T+7,14577,3200,17777,2026-08-31T02:56:41.703Z,TRUE,"High outlier: ₹17777 > upper fence ₹14743 (Q3: ₹9815, IQR: ₹3285)",02:00,FALSE
fare_DEL-BOM_AI_2026-09-07_T+7_1788146301092_na4z,DEL-BOM,EaseMyTrip,AI,AI-2465,2026-09-07,T+7,14880,3266,18146,2026-08-31T02:56:41.703Z,TRUE,"High outlier: ₹18146 > upper fence ₹14743 (Q3: ₹9815, IQR: ₹3285)",14:30,FALSE
fare_DEL-BOM_AI_2026-09-07_T+7_1788146301092_adaw,DEL-BOM,EaseMyTrip,AI,AI-1779,2026-09-07,T+7,17073,3748,20821,2026-08-31T02:56:41.703Z,TRUE,"High outlier: ₹20821 > upper fence ₹14743 (Q3: ₹9815, IQR: ₹3285)",13:50,FALSE
fare_DEL-BOM_AI_2026-09-07_T+7_1788146301092_t6v7,DEL-BOM,EaseMyTrip,AI,AI-1739,2026-09-07,T+7,17347,3808,21155,2026-08-31T02:56:41.703Z,TRUE,"High outlier: ₹21155 > upper fence ₹14743 (Q3: ₹9815, IQR: ₹3285)",11:30,FALSE
fare_DEL-BOM_AI_2026-09-07_T+7_1788146301092_xmll,DEL-BOM,EaseMyTrip,AI,AI-2627,2026-09-07,T+7,35828,7865,43693,2026-08-31T02:56:41.703Z,TRUE,"High outlier: ₹43693 > upper fence ₹14743 (Q3: ₹9815, IQR: ₹3285)",10:45,FALSE
fare_DEL-BOM_AI_2026-09-07_T+7_1788146301092_siyu,DEL-BOM,EaseMyTrip,AI,AI-427,2026-09-07,T+7,35845,7869,43714,2026-08-31T02:56:41.703Z,TRUE,"High outlier: ₹43714 > upper fence ₹14743 (Q3: ₹9815, IQR: ₹3285)",08:30,FALSE