id,route_id,source,carrier,flight_number,flight_date,booking_window,base_fare,taxes,total_fare,scraped_at,is_outlier,outlier_reason,departure_time,is_nonstop
fare_BOM-DEL_6E_2026-09-12_T+15_1787884760880_c1xj,BOM-DEL,EaseMyTrip,6E,6E-5095,2026-09-12,T+15,5014,1101,6115,2026-08-28T02:17:54.441Z,FALSE,"",09:20,TRUE
fare_BOM-DEL_IX_2026-09-12_T+15_1787884760880_o4kx,BOM-DEL,EaseMyTrip,IX,IX-2153,2026-09-12,T+15,5439,1194,6633,2026-08-28T02:17:54.441Z,FALSE,"",20:25,TRUE
fare_BOM-DEL_SG_2026-09-12_T+15_1787884760880_2iuc,BOM-DEL,EaseMyTrip,SG,SG-179,2026-09-12,T+15,5502,1208,6710,2026-08-28T02:17:54.441Z,FALSE,"",01:50,TRUE
fare_BOM-DEL_SG_2026-09-12_T+15_1787884760880_w10e,BOM-DEL,EaseMyTrip,SG,SG-318,2026-09-12,T+15,5502,1208,6710,2026-08-28T02:17:54.441Z,FALSE,"",01:50,TRUE
fare_BOM-DEL_IX_2026-09-12_T+15_1787884760880_4irl,BOM-DEL,EaseMyTrip,IX,IX-1050,2026-09-12,T+15,5626,1235,6861,2026-08-28T02:17:54.441Z,FALSE,"",08:55,TRUE
fare_BOM-DEL_QP_2026-09-12_T+15_1787884760880_owne,BOM-DEL,EaseMyTrip,QP,QP-1111,2026-09-12,T+15,5381,1181,6562,2026-08-28T02:17:54.441Z,FALSE,"",05:25,TRUE
fare_BOM-DEL_QP_2026-09-12_T+15_1787884760880_zpgc,BOM-DEL,EaseMyTrip,QP,QP-1127,2026-09-12,T+15,5381,1181,6562,2026-08-28T02:17:54.441Z,FALSE,"",13:00,TRUE
fare_BOM-DEL_QP_2026-09-12_T+15_1787884760880_h9bc,BOM-DEL,EaseMyTrip,QP,QP-1819,2026-09-12,T+15,5381,1181,6562,2026-08-28T02:17:54.441Z,FALSE,"",14:30,TRUE
fare_BOM-DEL_QP_2026-09-12_T+15_1787884760880_koqh,BOM-DEL,EaseMyTrip,QP,QP-1825,2026-09-12,T+15,5381,1181,6562,2026-08-28T02:17:54.441Z,FALSE,"",16:50,TRUE
fare_BOM-DEL_QP_2026-09-12_T+15_1787884760880_f7fx,BOM-DEL,EaseMyTrip,QP,QP-1835,2026-09-12,T+15,5381,1181,6562,2026-08-28T02:17:54.441Z,FALSE,"",11:50,TRUE
fare_BOM-DEL_QP_2026-09-12_T+15_1787884760880_zbi4,BOM-DEL,EaseMyTrip,QP,QP-1120,2026-09-12,T+15,5381,1181,6562,2026-08-28T02:17:54.441Z,FALSE,"",18:45,TRUE
fare_BOM-DEL_6E_2026-09-12_T+15_1787884760880_4boy,BOM-DEL,EaseMyTrip,6E,6E-483,2026-09-12,T+15,5381,1181,6562,2026-08-28T02:17:54.441Z,FALSE,"",17:20,TRUE
fare_BOM-DEL_6E_2026-09-12_T+15_1787884760880_asju,BOM-DEL,EaseMyTrip,6E,6E-302,2026-09-12,T+15,5381,1181,6562,2026-08-28T02:17:54.441Z,FALSE,"",17:20,TRUE
fare_BOM-DEL_6E_2026-09-12_T+15_1787884760880_6b97,BOM-DEL,EaseMyTrip,6E,6E-6082,2026-09-12,T+15,5381,1181,6562,2026-08-28T02:17:54.441Z,FALSE,"",16:45,TRUE
fare_BOM-DEL_6E_2026-09-12_T+15_1787884760880_eadw,BOM-DEL,EaseMyTrip,6E,6E-850,2026-09-12,T+15,5381,1181,6562,2026-08-28T02:17:54.441Z,FALSE,"",16:00,TRUE
fare_BOM-DEL_6E_2026-09-12_T+15_1787884760880_ga6l,BOM-DEL,EaseMyTrip,6E,6E-908,2026-09-12,T+15,5381,1181,6562,2026-08-28T02:17:54.441Z,FALSE,"",16:00,TRUE
fare_BOM-DEL_6E_2026-09-12_T+15_1787884760880_oytc,BOM-DEL,EaseMyTrip,6E,6E-667,2026-09-12,T+15,5381,1181,6562,2026-08-28T02:17:54.441Z,FALSE,"",15:00,TRUE
fare_BOM-DEL_6E_2026-09-12_T+15_1787884760880_ap80,BOM-DEL,EaseMyTrip,6E,6E-272,2026-09-12,T+15,5381,1181,6562,2026-08-28T02:17:54.441Z,FALSE,"",15:00,TRUE
fare_BOM-DEL_6E_2026-09-12_T+15_1787884760880_i2gv,BOM-DEL,EaseMyTrip,6E,6E-6704,2026-09-12,T+15,5381,1181,6562,2026-08-28T02:17:54.441Z,FALSE,"",14:00,TRUE
fare_BOM-DEL_6E_2026-09-12_T+15_1787884760880_7kwo,BOM-DEL,EaseMyTrip,6E,6E-432,2026-09-12,T+15,5381,1181,6562,2026-08-28T02:17:54.441Z,FALSE,"",10:35,TRUE
fare_BOM-DEL_6E_2026-09-12_T+15_1787884760880_v20a,BOM-DEL,EaseMyTrip,6E,6E-135,2026-09-12,T+15,5381,1181,6562,2026-08-28T02:17:54.441Z,FALSE,"",10:35,TRUE
fare_BOM-DEL_QP_2026-09-12_T+15_1787884760880_1euq,BOM-DEL,EaseMyTrip,QP,QP-1939,2026-09-12,T+15,5423,1191,6614,2026-08-28T02:17:54.441Z,FALSE,"",10:10,TRUE
fare_BOM-DEL_QP_2026-09-12_T+15_1787884760880_bygw,BOM-DEL,EaseMyTrip,QP,QP-1109,2026-09-12,T+15,5478,1203,6681,2026-08-28T02:17:54.441Z,FALSE,"",07:00,TRUE
fare_BOM-DEL_6E_2026-09-12_T+15_1787884760880_i07o,BOM-DEL,EaseMyTrip,6E,6E-207,2026-09-12,T+15,5510,1210,6720,2026-08-28T02:17:54.441Z,FALSE,"",05:00,TRUE
fare_BOM-DEL_6E_2026-09-12_T+15_1787884760880_kwn5,BOM-DEL,EaseMyTrip,6E,6E-892,2026-09-12,T+15,5510,1210,6720,2026-08-28T02:17:54.441Z,FALSE,"",05:00,TRUE
fare_BOM-DEL_6E_2026-09-12_T+15_1787884760880_5zla,BOM-DEL,EaseMyTrip,6E,6E-250,2026-09-12,T+15,5510,1210,6720,2026-08-28T02:17:54.441Z,FALSE,"",23:45,TRUE
fare_BOM-DEL_6E_2026-09-12_T+15_1787884760880_quun,BOM-DEL,EaseMyTrip,6E,6E-474,2026-09-12,T+15,5510,1210,6720,2026-08-28T02:17:54.441Z,FALSE,"",23:45,TRUE
fare_BOM-DEL_6E_2026-09-12_T+15_1787884760880_qepr,BOM-DEL,EaseMyTrip,6E,6E-786,2026-09-12,T+15,5510,1210,6720,2026-08-28T02:17:54.441Z,FALSE,"",21:15,TRUE
fare_BOM-DEL_6E_2026-09-12_T+15_1787884760880_9i23,BOM-DEL,EaseMyTrip,6E,6E-300,2026-09-12,T+15,5510,1210,6720,2026-08-28T02:17:54.441Z,FALSE,"",21:15,TRUE
fare_BOM-DEL_6E_2026-09-12_T+15_1787884760880_luc3,BOM-DEL,EaseMyTrip,6E,6E-362,2026-09-12,T+15,5510,1210,6720,2026-08-28T02:17:54.441Z,FALSE,"",19:00,TRUE
fare_BOM-DEL_6E_2026-09-12_T+15_1787884760880_it73,BOM-DEL,EaseMyTrip,6E,6E-499,2026-09-12,T+15,5510,1210,6720,2026-08-28T02:17:54.441Z,FALSE,"",19:00,TRUE
fare_BOM-DEL_6E_2026-09-12_T+15_1787884760880_1z2l,BOM-DEL,EaseMyTrip,6E,6E-6613,2026-09-12,T+15,5510,1210,6720,2026-08-28T02:17:54.441Z,FALSE,"",18:15,TRUE
fare_BOM-DEL_6E_2026-09-12_T+15_1787884760880_08yp,BOM-DEL,EaseMyTrip,6E,6E-654,2026-09-12,T+15,5510,1210,6720,2026-08-28T02:17:54.441Z,FALSE,"",20:20,TRUE
fare_BOM-DEL_6E_2026-09-12_T+15_1787884760880_bw3f,BOM-DEL,EaseMyTrip,6E,6E-294,2026-09-12,T+15,5510,1210,6720,2026-08-28T02:17:54.441Z,FALSE,"",20:20,TRUE
fare_BOM-DEL_6E_2026-09-12_T+15_1787884760880_z9pm,BOM-DEL,EaseMyTrip,6E,6E-6028,2026-09-12,T+15,5510,1210,6720,2026-08-28T02:17:54.441Z,FALSE,"",12:15,TRUE
fare_BOM-DEL_6E_2026-09-12_T+15_1787884760880_gz3p,BOM-DEL,EaseMyTrip,6E,6E-810,2026-09-12,T+15,5510,1210,6720,2026-08-28T02:17:54.441Z,FALSE,"",13:00,TRUE
fare_BOM-DEL_6E_2026-09-12_T+15_1787884760880_dz4m,BOM-DEL,EaseMyTrip,6E,6E-433,2026-09-12,T+15,5510,1210,6720,2026-08-28T02:17:54.441Z,FALSE,"",13:00,TRUE
fare_BOM-DEL_6E_2026-09-12_T+15_1787884760880_3w47,BOM-DEL,EaseMyTrip,6E,6E-394,2026-09-12,T+15,5510,1210,6720,2026-08-28T02:17:54.441Z,FALSE,"",06:00,TRUE
fare_BOM-DEL_6E_2026-09-12_T+15_1787884760880_a3co,BOM-DEL,EaseMyTrip,6E,6E-511,2026-09-12,T+15,5510,1210,6720,2026-08-28T02:17:54.441Z,FALSE,"",06:00,TRUE
fare_BOM-DEL_6E_2026-09-12_T+15_1787884760880_zjxc,BOM-DEL,EaseMyTrip,6E,6E-658,2026-09-12,T+15,5510,1210,6720,2026-08-28T02:17:54.441Z,FALSE,"",07:00,TRUE
fare_BOM-DEL_6E_2026-09-12_T+15_1787884760880_9z7z,BOM-DEL,EaseMyTrip,6E,6E-270,2026-09-12,T+15,5510,1210,6720,2026-08-28T02:17:54.441Z,FALSE,"",07:00,TRUE
fare_BOM-DEL_6E_2026-09-12_T+15_1787884760880_62yx,BOM-DEL,EaseMyTrip,6E,6E-299,2026-09-12,T+15,5510,1210,6720,2026-08-28T02:17:54.441Z,FALSE,"",08:00,TRUE
fare_BOM-DEL_6E_2026-09-12_T+15_1787884760880_jbwt,BOM-DEL,EaseMyTrip,6E,6E-217,2026-09-12,T+15,5510,1210,6720,2026-08-28T02:17:54.441Z,FALSE,"",08:00,TRUE
fare_BOM-DEL_6E_2026-09-12_T+15_1787884760880_8zrp,BOM-DEL,EaseMyTrip,6E,6E-6827,2026-09-12,T+15,5510,1210,6720,2026-08-28T02:17:54.441Z,FALSE,"",11:30,TRUE
fare_BOM-DEL_AI_2026-09-12_T+15_1787884760880_oy4d,BOM-DEL,EaseMyTrip,AI,AI-2960,2026-09-12,T+15,5766,1266,7032,2026-08-28T02:17:54.441Z,FALSE,"",14:05,TRUE
fare_BOM-DEL_AI_2026-09-12_T+15_1787884760880_66hs,BOM-DEL,EaseMyTrip,AI,AI-2944,2026-09-12,T+15,5766,1266,7032,2026-08-28T02:17:54.441Z,FALSE,"",14:35,TRUE
fare_BOM-DEL_AI_2026-09-12_T+15_1787884760880_ikyh,BOM-DEL,EaseMyTrip,AI,AI-2442,2026-09-12,T+15,5766,1266,7032,2026-08-28T02:17:54.441Z,FALSE,"",15:00,TRUE
fare_BOM-DEL_AI_2026-09-12_T+15_1787884760880_e7cq,BOM-DEL,EaseMyTrip,AI,AI-1851,2026-09-12,T+15,5766,1266,7032,2026-08-28T02:17:54.441Z,FALSE,"",15:30,TRUE
fare_BOM-DEL_AI_2026-09-12_T+15_1787884760880_u3vb,BOM-DEL,EaseMyTrip,AI,AI-2687,2026-09-12,T+15,5766,1266,7032,2026-08-28T02:17:54.441Z,FALSE,"",16:30,TRUE
fare_BOM-DEL_6E_2026-09-12_T+15_1787884760880_3ox4,BOM-DEL,EaseMyTrip,6E,6E-6052,2026-09-12,T+15,5683,1247,6930,2026-08-28T02:17:54.441Z,FALSE,"",10:00,TRUE
fare_BOM-DEL_6E_2026-09-12_T+15_1787884760880_i0wq,BOM-DEL,EaseMyTrip,6E,6E-823,2026-09-12,T+15,5683,1247,6930,2026-08-28T02:17:54.441Z,FALSE,"",09:00,TRUE
fare_BOM-DEL_6E_2026-09-12_T+15_1787884760880_dp2u,BOM-DEL,EaseMyTrip,6E,6E-398,2026-09-12,T+15,5683,1247,6930,2026-08-28T02:17:54.441Z,FALSE,"",09:00,TRUE
fare_BOM-DEL_6E_2026-09-12_T+15_1787884760880_z89z,BOM-DEL,EaseMyTrip,6E,6E-2090,2026-09-12,T+15,5724,1257,6981,2026-08-28T02:17:54.441Z,FALSE,"",06:25,TRUE
fare_BOM-DEL_AI_2026-09-12_T+15_1787884760880_wbgm,BOM-DEL,EaseMyTrip,AI,AI-2928,2026-09-12,T+15,5897,1294,7191,2026-08-28T02:17:54.441Z,FALSE,"",06:30,TRUE
fare_BOM-DEL_AI_2026-09-12_T+15_1787884760880_d23w,BOM-DEL,EaseMyTrip,AI,AI-2424,2026-09-12,T+15,5897,1294,7191,2026-08-28T02:17:54.441Z,FALSE,"",07:00,TRUE
fare_BOM-DEL_AI_2026-09-12_T+15_1787884760880_pket,BOM-DEL,EaseMyTrip,AI,AI-2408,2026-09-12,T+15,5897,1294,7191,2026-08-28T02:17:54.441Z,FALSE,"",19:30,TRUE
fare_BOM-DEL_AI_2026-09-12_T+15_1787884760880_fxlm,BOM-DEL,EaseMyTrip,AI,AI-816,2026-09-12,T+15,5897,1294,7191,2026-08-28T02:17:54.441Z,FALSE,"",21:00,TRUE
fare_BOM-DEL_AI_2026-09-12_T+15_1787884760880_9mi1,BOM-DEL,EaseMyTrip,AI,AI-1895,2026-09-12,T+15,5897,1294,7191,2026-08-28T02:17:54.441Z,FALSE,"",21:30,TRUE
fare_BOM-DEL_AI_2026-09-12_T+15_1787884760880_ujaq,BOM-DEL,EaseMyTrip,AI,AI-2422,2026-09-12,T+15,5897,1294,7191,2026-08-28T02:17:54.441Z,FALSE,"",01:00,TRUE
fare_BOM-DEL_AI_2026-09-12_T+15_1787884760880_hmh4,BOM-DEL,EaseMyTrip,AI,AI-2940,2026-09-12,T+15,5897,1294,7191,2026-08-28T02:17:54.441Z,FALSE,"",20:00,TRUE
fare_BOM-DEL_AI_2026-09-12_T+15_1787884760880_ct3j,BOM-DEL,EaseMyTrip,AI,AI-2988,2026-09-12,T+15,5897,1294,7191,2026-08-28T02:17:54.441Z,FALSE,"",20:30,TRUE
fare_BOM-DEL_AI_2026-09-12_T+15_1787884760880_pqv7,BOM-DEL,EaseMyTrip,AI,AI-1882,2026-09-12,T+15,5897,1294,7191,2026-08-28T02:17:54.441Z,FALSE,"",23:55,TRUE
fare_BOM-DEL_6E_2026-09-12_T+15_1787884760880_5stk,BOM-DEL,EaseMyTrip,6E,6E-2237,2026-09-12,T+15,5739,1260,6999,2026-08-28T02:17:54.441Z,FALSE,"",18:40,FALSE
fare_BOM-DEL_6E_2026-09-12_T+15_1787884760880_fd03,BOM-DEL,EaseMyTrip,6E,6E-5059,2026-09-12,T+15,5739,1260,6999,2026-08-28T02:17:54.441Z,FALSE,"",05:45,FALSE
fare_BOM-DEL_6E_2026-09-12_T+15_1787884760880_yxnr,BOM-DEL,EaseMyTrip,6E,6E-490,2026-09-12,T+15,5739,1260,6999,2026-08-28T02:17:54.441Z,FALSE,"",01:30,FALSE
fare_BOM-DEL_6E_2026-09-12_T+15_1787884760880_cz2g,BOM-DEL,EaseMyTrip,6E,6E-614,2026-09-12,T+15,5739,1260,6999,2026-08-28T02:17:54.441Z,FALSE,"",01:30,FALSE
fare_BOM-DEL_6E_2026-09-12_T+15_1787884760880_smuu,BOM-DEL,EaseMyTrip,6E,6E-699,2026-09-12,T+15,5739,1260,6999,2026-08-28T02:17:54.441Z,FALSE,"",04:00,FALSE
fare_BOM-DEL_6E_2026-09-12_T+15_1787884760880_q7sn,BOM-DEL,EaseMyTrip,6E,6E-202,2026-09-12,T+15,5739,1260,6999,2026-08-28T02:17:54.441Z,FALSE,"",04:00,FALSE
fare_BOM-DEL_6E_2026-09-12_T+15_1787884760880_fvsf,BOM-DEL,EaseMyTrip,6E,6E-5144,2026-09-12,T+15,5739,1260,6999,2026-08-28T02:17:54.441Z,FALSE,"",06:10,FALSE
fare_BOM-DEL_6E_2026-09-12_T+15_1787884760880_656p,BOM-DEL,EaseMyTrip,6E,6E-5281,2026-09-12,T+15,5739,1260,6999,2026-08-28T02:17:54.441Z,FALSE,"",08:40,FALSE
fare_BOM-DEL_6E_2026-09-12_T+15_1787884760880_km2m,BOM-DEL,EaseMyTrip,6E,6E-5107,2026-09-12,T+15,5739,1260,6999,2026-08-28T02:17:54.441Z,FALSE,"",20:00,FALSE
fare_BOM-DEL_6E_2026-09-12_T+15_1787884760880_eqa8,BOM-DEL,EaseMyTrip,6E,6E-5201,2026-09-12,T+15,5739,1260,6999,2026-08-28T02:17:54.441Z,FALSE,"",14:55,FALSE
fare_BOM-DEL_QP_2026-09-12_T+15_1787884760880_1sig,BOM-DEL,EaseMyTrip,QP,QP-1834,2026-09-12,T+15,5782,1269,7051,2026-08-28T02:17:54.441Z,FALSE,"",10:20,TRUE
fare_BOM-DEL_6E_2026-09-12_T+15_1787884760880_nr5l,BOM-DEL,EaseMyTrip,6E,6E-6027,2026-09-12,T+15,5847,1283,7130,2026-08-28T02:17:54.441Z,FALSE,"",17:35,FALSE
fare_BOM-DEL_6E_2026-09-12_T+15_1787884760880_jbps,BOM-DEL,EaseMyTrip,6E,6E-6599,2026-09-12,T+15,5847,1283,7130,2026-08-28T02:17:54.441Z,FALSE,"",16:50,FALSE
fare_BOM-DEL_6E_2026-09-12_T+15_1787884760880_p91o,BOM-DEL,EaseMyTrip,6E,6E-5147,2026-09-12,T+15,5847,1283,7130,2026-08-28T02:17:54.441Z,FALSE,"",18:35,FALSE
fare_BOM-DEL_6E_2026-09-12_T+15_1787884760880_o0zy,BOM-DEL,EaseMyTrip,6E,6E-5164,2026-09-12,T+15,5847,1283,7130,2026-08-28T02:17:54.441Z,FALSE,"",20:20,FALSE
fare_BOM-DEL_6E_2026-09-12_T+15_1787884760880_4xqo,BOM-DEL,EaseMyTrip,6E,6E-6058,2026-09-12,T+15,5847,1283,7130,2026-08-28T02:17:54.441Z,FALSE,"",08:05,FALSE
fare_BOM-DEL_6E_2026-09-12_T+15_1787884760880_i92a,BOM-DEL,EaseMyTrip,6E,6E-5154,2026-09-12,T+15,5847,1283,7130,2026-08-28T02:17:54.441Z,FALSE,"",15:45,FALSE
fare_BOM-DEL_6E_2026-09-12_T+15_1787884760880_tsrw,BOM-DEL,EaseMyTrip,6E,6E-6802,2026-09-12,T+15,5847,1283,7130,2026-08-28T02:17:54.441Z,FALSE,"",16:55,FALSE
fare_BOM-DEL_6E_2026-09-12_T+15_1787884760880_sv33,BOM-DEL,EaseMyTrip,6E,6E-5273,2026-09-12,T+15,5847,1283,7130,2026-08-28T02:17:54.441Z,FALSE,"",18:35,FALSE
fare_BOM-DEL_6E_2026-09-12_T+15_1787884760880_e5v0,BOM-DEL,EaseMyTrip,6E,6E-6122,2026-09-12,T+15,5847,1283,7130,2026-08-28T02:17:54.441Z,FALSE,"",12:25,FALSE
fare_BOM-DEL_6E_2026-09-12_T+15_1787884760880_hvt3,BOM-DEL,EaseMyTrip,6E,6E-5345,2026-09-12,T+15,5847,1283,7130,2026-08-28T02:17:54.441Z,FALSE,"",14:25,FALSE
fare_BOM-DEL_6E_2026-09-12_T+15_1787884760880_prul,BOM-DEL,EaseMyTrip,6E,6E-149,2026-09-12,T+15,5897,1295,7192,2026-08-28T02:17:54.441Z,FALSE,"",22:15,TRUE
fare_BOM-DEL_6E_2026-09-12_T+15_1787884760880_kuls,BOM-DEL,EaseMyTrip,6E,6E-943,2026-09-12,T+15,5897,1295,7192,2026-08-28T02:17:54.441Z,FALSE,"",22:15,TRUE
fare_BOM-DEL_6E_2026-09-12_T+15_1787884760880_w913,BOM-DEL,EaseMyTrip,6E,6E-6553,2026-09-12,T+15,5899,1295,7194,2026-08-28T02:17:54.441Z,FALSE,"",16:05,FALSE
fare_BOM-DEL_AI_2026-09-12_T+15_1787884760880_ry5x,BOM-DEL,EaseMyTrip,AI,AI-2930,2026-09-12,T+15,6069,1332,7401,2026-08-28T02:17:54.441Z,FALSE,"",07:30,TRUE
fare_BOM-DEL_AI_2026-09-12_T+15_1787884760880_auyg,BOM-DEL,EaseMyTrip,AI,AI-2428,2026-09-12,T+15,6069,1332,7401,2026-08-28T02:17:54.441Z,FALSE,"",08:00,TRUE
fare_BOM-DEL_AI_2026-09-12_T+15_1787884760880_1mh9,BOM-DEL,EaseMyTrip,AI,AI-2970,2026-09-12,T+15,6069,1332,7401,2026-08-28T02:17:54.441Z,FALSE,"",08:30,TRUE
fare_BOM-DEL_AI_2026-09-12_T+15_1787884760880_2ad2,BOM-DEL,EaseMyTrip,AI,AI-2432,2026-09-12,T+15,6069,1332,7401,2026-08-28T02:17:54.441Z,FALSE,"",09:30,TRUE
fare_BOM-DEL_AI_2026-09-12_T+15_1787884760880_ou60,BOM-DEL,EaseMyTrip,AI,AI-2430,2026-09-12,T+15,6069,1332,7401,2026-08-28T02:17:54.441Z,FALSE,"",10:00,TRUE
fare_BOM-DEL_AI_2026-09-12_T+15_1787884760880_w97h,BOM-DEL,EaseMyTrip,AI,AI-2952,2026-09-12,T+15,6069,1332,7401,2026-08-28T02:17:54.441Z,FALSE,"",11:25,TRUE
fare_BOM-DEL_AI_2026-09-12_T+15_1787884760880_dkss,BOM-DEL,EaseMyTrip,AI,AI-2419,2026-09-12,T+15,6069,1332,7401,2026-08-28T02:17:54.441Z,FALSE,"",12:00,TRUE
fare_BOM-DEL_AI_2026-09-12_T+15_1787884760880_bkp6,BOM-DEL,EaseMyTrip,AI,AI-2440,2026-09-12,T+15,6069,1332,7401,2026-08-28T02:17:54.441Z,FALSE,"",18:00,TRUE
fare_BOM-DEL_6E_2026-09-12_T+15_1787884760880_jlx7,BOM-DEL,EaseMyTrip,6E,6E-2138,2026-09-12,T+15,5907,1297,7204,2026-08-28T02:17:54.441Z,FALSE,"",16:20,FALSE
fare_BOM-DEL_6E_2026-09-12_T+15_1787884760880_i4dc,BOM-DEL,EaseMyTrip,6E,6E-5028,2026-09-12,T+15,5911,1298,7209,2026-08-28T02:17:54.441Z,FALSE,"",19:35,FALSE
fare_BOM-DEL_6E_2026-09-12_T+15_1787884760880_9gmr,BOM-DEL,EaseMyTrip,6E,6E-6937,2026-09-12,T+15,5911,1298,7209,2026-08-28T02:17:54.441Z,FALSE,"",11:30,FALSE
fare_BOM-DEL_6E_2026-09-12_T+15_1787884760880_whj6,BOM-DEL,EaseMyTrip,6E,6E-647,2026-09-12,T+15,5911,1298,7209,2026-08-28T02:17:54.441Z,FALSE,"",19:20,FALSE
fare_BOM-DEL_6E_2026-09-12_T+15_1787884760880_i1y0,BOM-DEL,EaseMyTrip,6E,6E-143,2026-09-12,T+15,5911,1298,7209,2026-08-28T02:17:54.441Z,FALSE,"",19:20,FALSE
fare_BOM-DEL_6E_2026-09-12_T+15_1787884760880_13xn,BOM-DEL,EaseMyTrip,6E,6E-656,2026-09-12,T+15,5911,1298,7209,2026-08-28T02:17:54.441Z,FALSE,"",04:30,FALSE
fare_BOM-DEL_6E_2026-09-12_T+15_1787884760880_guce,BOM-DEL,EaseMyTrip,6E,6E-240,2026-09-12,T+15,5911,1298,7209,2026-08-28T02:17:54.441Z,FALSE,"",04:30,FALSE
fare_BOM-DEL_6E_2026-09-12_T+15_1787884760880_phpu,BOM-DEL,EaseMyTrip,6E,6E-450,2026-09-12,T+15,5940,1304,7244,2026-08-28T02:17:54.441Z,FALSE,"",17:20,TRUE
fare_BOM-DEL_6E_2026-09-12_T+15_1787884760880_vu7c,BOM-DEL,EaseMyTrip,6E,6E-996,2026-09-12,T+15,5940,1304,7244,2026-08-28T02:17:54.441Z,FALSE,"",17:20,TRUE
fare_BOM-DEL_6E_2026-09-12_T+15_1787884760880_4ib6,BOM-DEL,EaseMyTrip,6E,6E-867,2026-09-12,T+15,6019,1321,7340,2026-08-28T02:17:54.441Z,FALSE,"",17:45,FALSE
fare_BOM-DEL_6E_2026-09-12_T+15_1787884760880_hnrk,BOM-DEL,EaseMyTrip,6E,6E-295,2026-09-12,T+15,6019,1321,7340,2026-08-28T02:17:54.441Z,FALSE,"",17:45,FALSE
fare_BOM-DEL_6E_2026-09-12_T+15_1787884760880_xq1n,BOM-DEL,EaseMyTrip,6E,6E-5056,2026-09-12,T+15,6019,1321,7340,2026-08-28T02:17:54.441Z,FALSE,"",21:10,FALSE
fare_BOM-DEL_6E_2026-09-12_T+15_1787884760880_qr8q,BOM-DEL,EaseMyTrip,6E,6E-6195,2026-09-12,T+15,6019,1321,7340,2026-08-28T02:17:54.441Z,FALSE,"",23:00,FALSE
fare_BOM-DEL_6E_2026-09-12_T+15_1787884760880_uug0,BOM-DEL,EaseMyTrip,6E,6E-5326,2026-09-12,T+15,6019,1321,7340,2026-08-28T02:17:54.441Z,FALSE,"",19:40,FALSE
fare_BOM-DEL_6E_2026-09-12_T+15_1787884760880_6usa,BOM-DEL,EaseMyTrip,6E,6E-2024,2026-09-12,T+15,6019,1321,7340,2026-08-28T02:17:54.441Z,FALSE,"",09:15,FALSE
fare_BOM-DEL_IX_2026-09-12_T+15_1787884760880_xmgd,BOM-DEL,EaseMyTrip,IX,IX-1026,2026-09-12,T+15,6857,1505,8362,2026-08-28T02:17:54.441Z,FALSE,"",05:45,FALSE
fare_BOM-DEL_AI_2026-09-12_T+15_1787884760880_d6te,BOM-DEL,EaseMyTrip,AI,AI-2677,2026-09-12,T+15,6283,1379,7662,2026-08-28T02:17:54.441Z,FALSE,"",13:00,TRUE
fare_BOM-DEL_6E_2026-09-12_T+15_1787884760880_yu6r,BOM-DEL,EaseMyTrip,6E,6E-7017,2026-09-12,T+15,6343,1392,7735,2026-08-28T02:17:54.441Z,FALSE,"",21:30,FALSE
fare_BOM-DEL_6E_2026-09-12_T+15_1787884760880_w2r8,BOM-DEL,EaseMyTrip,6E,6E-5135,2026-09-12,T+15,6347,1393,7740,2026-08-28T02:17:54.441Z,FALSE,"",23:20,FALSE
fare_BOM-DEL_6E_2026-09-12_T+15_1787884760880_dtf5,BOM-DEL,EaseMyTrip,6E,6E-5197,2026-09-12,T+15,6500,1427,7927,2026-08-28T02:17:54.441Z,FALSE,"",06:40,TRUE
fare_BOM-DEL_IX_2026-09-12_T+15_1787884760880_cisu,BOM-DEL,EaseMyTrip,IX,IX-1671,2026-09-12,T+15,6905,1516,8421,2026-08-28T02:17:54.441Z,FALSE,"",16:45,TRUE
fare_BOM-DEL_6E_2026-09-12_T+15_1787884760880_2zrg,BOM-DEL,EaseMyTrip,6E,6E-341,2026-09-12,T+15,6700,1471,8171,2026-08-28T02:17:54.441Z,FALSE,"",14:40,FALSE
fare_BOM-DEL_6E_2026-09-12_T+15_1787884760880_nyvn,BOM-DEL,EaseMyTrip,6E,6E-732,2026-09-12,T+15,6700,1471,8171,2026-08-28T02:17:54.441Z,FALSE,"",14:40,FALSE
fare_BOM-DEL_6E_2026-09-12_T+15_1787884760880_xrmg,BOM-DEL,EaseMyTrip,6E,6E-5101,2026-09-12,T+15,7292,1601,8893,2026-08-28T02:17:54.441Z,FALSE,"",10:20,FALSE
fare_BOM-DEL_6E_2026-09-12_T+15_1787884760880_gqef,BOM-DEL,EaseMyTrip,6E,6E-6543,2026-09-12,T+15,7479,1642,9121,2026-08-28T02:17:54.441Z,FALSE,"",07:50,FALSE
fare_BOM-DEL_AI_2026-09-12_T+15_1787884760880_vuwd,BOM-DEL,EaseMyTrip,AI,AI-2986,2026-09-12,T+15,7648,1679,9327,2026-08-28T02:17:54.441Z,FALSE,"",22:35,TRUE
fare_BOM-DEL_6E_2026-09-12_T+15_1787884760880_j6d9,BOM-DEL,EaseMyTrip,6E,6E-373,2026-09-12,T+15,7792,1710,9502,2026-08-28T02:17:54.441Z,FALSE,"",12:40,FALSE
fare_BOM-DEL_6E_2026-09-12_T+15_1787884760880_r7m0,BOM-DEL,EaseMyTrip,6E,6E-346,2026-09-12,T+15,7792,1710,9502,2026-08-28T02:17:54.441Z,FALSE,"",12:40,FALSE
fare_BOM-DEL_6E_2026-09-12_T+15_1787884760880_3wc2,BOM-DEL,EaseMyTrip,6E,6E-2347,2026-09-12,T+15,7861,1726,9587,2026-08-28T02:17:54.441Z,FALSE,"",08:50,FALSE
fare_BOM-DEL_AI_2026-09-12_T+15_1787884760880_ref5,BOM-DEL,EaseMyTrip,AI,AI-1891,2026-09-12,T+15,8544,1876,10420,2026-08-28T02:17:54.441Z,FALSE,"",08:10,TRUE
fare_BOM-DEL_IX_2026-09-12_T+15_1787884760880_7r1y,BOM-DEL,EaseMyTrip,IX,IX-1787,2026-09-12,T+15,8808,1934,10742,2026-08-28T02:17:54.441Z,FALSE,"",13:10,FALSE
fare_BOM-DEL_6E_2026-09-12_T+15_1787884760880_7ny7,BOM-DEL,EaseMyTrip,6E,6E-5131,2026-09-12,T+15,8801,1932,10733,2026-08-28T02:17:54.441Z,FALSE,"",15:50,FALSE
fare_BOM-DEL_AI_2026-09-12_T+15_1787884760880_4q93,BOM-DEL,EaseMyTrip,AI,AI-9753,2026-09-12,T+15,9835,2159,11994,2026-08-28T02:17:54.441Z,FALSE,"",05:45,FALSE
fare_BOM-DEL_AI_2026-09-12_T+15_1787884760880_5jbl,BOM-DEL,EaseMyTrip,AI,AI-9716,2026-09-12,T+15,10145,2227,12372,2026-08-28T02:17:54.441Z,FALSE,"",06:05,FALSE
fare_BOM-DEL_IX_2026-09-12_T+15_1787884760880_r8k4,BOM-DEL,EaseMyTrip,IX,IX-1809,2026-09-12,T+15,10675,2343,13018,2026-08-28T02:17:54.441Z,FALSE,"",07:30,FALSE
fare_BOM-DEL_AI_2026-09-12_T+15_1787884760880_qtm3,BOM-DEL,EaseMyTrip,AI,AI-9558,2026-09-12,T+15,10606,2328,12934,2026-08-28T02:17:54.441Z,FALSE,"",07:30,FALSE
fare_BOM-DEL_AI_2026-09-12_T+15_1787884760880_sn18,BOM-DEL,EaseMyTrip,AI,AI-9891,2026-09-12,T+15,10795,2370,13165,2026-08-28T02:17:54.441Z,FALSE,"",13:10,FALSE
fare_BOM-DEL_6E_2026-09-12_T+15_1787884760880_xrh6,BOM-DEL,EaseMyTrip,6E,6E-5318,2026-09-12,T+15,10635,2335,12970,2026-08-28T02:17:54.441Z,FALSE,"",10:15,FALSE
fare_BOM-DEL_6E_2026-09-12_T+15_1787884760880_2kox,BOM-DEL,EaseMyTrip,6E,6E-5178,2026-09-12,T+15,10635,2335,12970,2026-08-28T02:17:54.441Z,FALSE,"",11:40,FALSE
fare_BOM-DEL_AI_2026-09-12_T+15_1787884760880_d9j5,BOM-DEL,EaseMyTrip,AI,AI-2493,2026-09-12,T+15,11126,2442,13568,2026-08-28T02:17:54.441Z,FALSE,"",18:25,FALSE
fare_BOM-DEL_AI_2026-09-12_T+15_1787884760880_7g44,BOM-DEL,EaseMyTrip,AI,AI-2915,2026-09-12,T+15,11126,2442,13568,2026-08-28T02:17:54.441Z,FALSE,"",15:30,FALSE
fare_BOM-DEL_AI_2026-09-12_T+15_1787884760880_l1on,BOM-DEL,EaseMyTrip,AI,AI-2919,2026-09-12,T+15,11126,2442,13568,2026-08-28T02:17:54.441Z,FALSE,"",21:35,FALSE
fare_BOM-DEL_AI_2026-09-12_T+15_1787884760880_1mdw,BOM-DEL,EaseMyTrip,AI,AI-2503,2026-09-12,T+15,11214,2461,13675,2026-08-28T02:17:54.441Z,FALSE,"",12:55,FALSE
fare_BOM-DEL_AI_2026-09-12_T+15_1787884760880_ls2q,BOM-DEL,EaseMyTrip,AI,AI-2847,2026-09-12,T+15,11214,2461,13675,2026-08-28T02:17:54.441Z,FALSE,"",09:55,FALSE
fare_BOM-DEL_IX_2026-09-12_T+15_1787884760880_wno2,BOM-DEL,EaseMyTrip,IX,IX-1176,2026-09-12,T+15,12096,2655,14751,2026-08-28T02:17:54.441Z,TRUE,"High outlier: ₹14751 > upper fence ₹14408 (Q3: ₹9795, IQR: ₹3075)",11:20,FALSE
fare_BOM-DEL_AI_2026-09-12_T+15_1787884760880_aazb,BOM-DEL,EaseMyTrip,AI,AI-493,2026-09-12,T+15,11399,2502,13901,2026-08-28T02:17:54.441Z,FALSE,"",06:40,FALSE
fare_BOM-DEL_6E_2026-09-12_T+15_1787884760880_m13a,BOM-DEL,EaseMyTrip,6E,6E-5181,2026-09-12,T+15,11368,2495,13863,2026-08-28T02:17:54.441Z,FALSE,"",10:25,FALSE
fare_BOM-DEL_6E_2026-09-12_T+15_1787884760880_5oug,BOM-DEL,EaseMyTrip,6E,6E-5246,2026-09-12,T+15,11531,2531,14062,2026-08-28T02:17:54.441Z,FALSE,"",07:15,FALSE
fare_BOM-DEL_IX_2026-09-12_T+15_1787884760880_8maq,BOM-DEL,EaseMyTrip,IX,IX-1347,2026-09-12,T+15,11953,2624,14577,2026-08-28T02:17:54.441Z,TRUE,"High outlier: ₹14577 > upper fence ₹14408 (Q3: ₹9795, IQR: ₹3075)",06:00,FALSE
fare_BOM-DEL_AI_2026-09-12_T+15_1787884760880_0g76,BOM-DEL,EaseMyTrip,AI,AI-2931,2026-09-12,T+15,11737,2577,14314,2026-08-28T02:17:54.441Z,FALSE,"",04:30,FALSE
fare_BOM-DEL_AI_2026-09-12_T+15_1787884760880_mrog,BOM-DEL,EaseMyTrip,AI,AI-2785,2026-09-12,T+15,12656,2778,15434,2026-08-28T02:17:54.441Z,TRUE,"High outlier: ₹15434 > upper fence ₹14408 (Q3: ₹9795, IQR: ₹3075)",06:40,FALSE
fare_BOM-DEL_AI_2026-09-12_T+15_1787884760880_0c9i,BOM-DEL,EaseMyTrip,AI,AI-2659,2026-09-12,T+15,13311,2922,16233,2026-08-28T02:17:54.441Z,TRUE,"High outlier: ₹16233 > upper fence ₹14408 (Q3: ₹9795, IQR: ₹3075)",14:35,FALSE
fare_BOM-DEL_QP_2026-09-12_T+15_1787884760880_ktp9,BOM-DEL,EaseMyTrip,QP,QP-1516,2026-09-12,T+15,13606,2987,16593,2026-08-28T02:17:54.441Z,TRUE,"High outlier: ₹16593 > upper fence ₹14408 (Q3: ₹9795, IQR: ₹3075)",00:40,FALSE
fare_BOM-DEL_AI_2026-09-12_T+15_1787884760880_73tn,BOM-DEL,EaseMyTrip,AI,AI-2741,2026-09-12,T+15,14403,3162,17565,2026-08-28T02:17:54.441Z,TRUE,"High outlier: ₹17565 > upper fence ₹14408 (Q3: ₹9795, IQR: ₹3075)",07:40,FALSE
fare_BOM-DEL_AI_2026-09-12_T+15_1787884760880_hzrf,BOM-DEL,EaseMyTrip,AI,AI-2728,2026-09-12,T+15,14523,3188,17711,2026-08-28T02:17:54.441Z,TRUE,"High outlier: ₹17711 > upper fence ₹14408 (Q3: ₹9795, IQR: ₹3075)",05:20,FALSE
fare_BOM-DEL_AI_2026-09-12_T+15_1787884760881_9147,BOM-DEL,EaseMyTrip,AI,AI-2531,2026-09-12,T+15,14755,3239,17994,2026-08-28T02:17:54.441Z,TRUE,"High outlier: ₹17994 > upper fence ₹14408 (Q3: ₹9795, IQR: ₹3075)",15:05,FALSE
fare_BOM-DEL_AI_2026-09-12_T+15_1787884760881_2n5r,BOM-DEL,EaseMyTrip,AI,AI-2444,2026-09-12,T+15,14881,3266,18147,2026-08-28T02:17:54.441Z,TRUE,"High outlier: ₹18147 > upper fence ₹14408 (Q3: ₹9795, IQR: ₹3075)",10:50,FALSE
fare_BOM-DEL_IX_2026-09-12_T+15_1787884760881_0f7l,BOM-DEL,EaseMyTrip,IX,IX-1810,2026-09-12,T+15,16706,3667,20373,2026-08-28T02:17:54.441Z,TRUE,"High outlier: ₹20373 > upper fence ₹14408 (Q3: ₹9795, IQR: ₹3075)",13:40,FALSE
fare_BOM-DEL_IX_2026-09-12_T+15_1787884760881_jhpg,BOM-DEL,EaseMyTrip,IX,IX-1237,2026-09-12,T+15,16880,3705,20585,2026-08-28T02:17:54.441Z,TRUE,"High outlier: ₹20585 > upper fence ₹14408 (Q3: ₹9795, IQR: ₹3075)",05:55,FALSE
fare_BOM-DEL_AI_2026-09-12_T+15_1787884760881_tnjd,BOM-DEL,EaseMyTrip,AI,AI-2812,2026-09-12,T+15,16671,3660,20331,2026-08-28T02:17:54.441Z,TRUE,"High outlier: ₹20331 > upper fence ₹14408 (Q3: ₹9795, IQR: ₹3075)",02:05,FALSE
fare_BOM-DEL_IX_2026-09-12_T+15_1787884760881_kvif,BOM-DEL,EaseMyTrip,IX,IX-1238,2026-09-12,T+15,18069,3966,22035,2026-08-28T02:17:54.441Z,TRUE,"High outlier: ₹22035 > upper fence ₹14408 (Q3: ₹9795, IQR: ₹3075)",12:25,FALSE
fare_BOM-DEL_IX_2026-09-12_T+15_1787884760881_0jug,BOM-DEL,EaseMyTrip,IX,IX-1283,2026-09-12,T+15,19423,4263,23686,2026-08-28T02:17:54.441Z,TRUE,"High outlier: ₹23686 > upper fence ₹14408 (Q3: ₹9795, IQR: ₹3075)",09:05,FALSE
fare_BOM-DEL_IX_2026-09-12_T+15_1787884760881_hcxb,BOM-DEL,EaseMyTrip,IX,IX-1797,2026-09-12,T+15,19614,4306,23920,2026-08-28T02:17:54.441Z,TRUE,"High outlier: ₹23920 > upper fence ₹14408 (Q3: ₹9795, IQR: ₹3075)",05:05,FALSE
fare_BOM-DEL_AI_2026-09-12_T+15_1787884760881_7uva,BOM-DEL,EaseMyTrip,AI,AI-2997,2026-09-12,T+15,19445,4268,23713,2026-08-28T02:17:54.441Z,TRUE,"High outlier: ₹23713 > upper fence ₹14408 (Q3: ₹9795, IQR: ₹3075)",10:10,FALSE
fare_BOM-DEL_6E_2026-09-12_T+15_1787884760881_2h59,BOM-DEL,EaseMyTrip,6E,6E-6361,2026-09-12,T+15,20551,4511,25062,2026-08-28T02:17:54.441Z,TRUE,"High outlier: ₹25062 > upper fence ₹14408 (Q3: ₹9795, IQR: ₹3075)",05:00,FALSE
fare_BOM-DEL_AI_2026-09-12_T+15_1787884760881_bxu2,BOM-DEL,EaseMyTrip,AI,AI-2625,2026-09-12,T+15,20724,4549,25273,2026-08-28T02:17:54.441Z,TRUE,"High outlier: ₹25273 > upper fence ₹14408 (Q3: ₹9795, IQR: ₹3075)",06:00,FALSE
fare_BOM-DEL_IX_2026-09-12_T+15_1787884760881_b4rt,BOM-DEL,EaseMyTrip,IX,IX-1163,2026-09-12,T+15,21424,4703,26127,2026-08-28T02:17:54.441Z,TRUE,"High outlier: ₹26127 > upper fence ₹14408 (Q3: ₹9795, IQR: ₹3075)",20:45,FALSE
fare_BOM-DEL_AI_2026-09-12_T+15_1787884760881_y0i3,BOM-DEL,EaseMyTrip,AI,AI-2749,2026-09-12,T+15,27412,6017,33429,2026-08-28T02:17:54.441Z,TRUE,"High outlier: ₹33429 > upper fence ₹14408 (Q3: ₹9795, IQR: ₹3075)",17:35,FALSE
fare_BOM-DEL_AI_2026-09-12_T+15_1787884760881_u4iz,BOM-DEL,EaseMyTrip,AI,AI-2781,2026-09-12,T+15,28357,6225,34582,2026-08-28T02:17:54.441Z,TRUE,"High outlier: ₹34582 > upper fence ₹14408 (Q3: ₹9795, IQR: ₹3075)",10:45,FALSE
fare_BOM-DEL_AI_2026-09-12_T+15_1787884760881_nff2,BOM-DEL,EaseMyTrip,AI,AI-2420,2026-09-12,T+15,36254,7958,44212,2026-08-28T02:17:54.441Z,TRUE,"High outlier: ₹44212 > upper fence ₹14408 (Q3: ₹9795, IQR: ₹3075)",11:20,FALSE
fare_BOM-DEL_IX_2026-08-29_T+1_1787884760881_ewl3,BOM-DEL,EaseMyTrip,IX,IX-1389,2026-08-29,T+1,5051,1109,6160,2026-08-28T02:17:42.225Z,FALSE,"",22:20,TRUE
fare_BOM-DEL_IX_2026-08-29_T+1_1787884760881_f5mb,BOM-DEL,EaseMyTrip,IX,IX-2153,2026-08-29,T+1,5051,1109,6160,2026-08-28T02:17:42.225Z,FALSE,"",21:15,TRUE
fare_BOM-DEL_SG_2026-08-29_T+1_1787884760881_z9h0,BOM-DEL,EaseMyTrip,SG,SG-411,2026-08-29,T+1,5242,1151,6393,2026-08-28T02:17:42.225Z,FALSE,"",01:50,TRUE
fare_BOM-DEL_SG_2026-08-29_T+1_1787884760881_5ztv,BOM-DEL,EaseMyTrip,SG,SG-879,2026-08-29,T+1,5242,1151,6393,2026-08-28T02:17:42.225Z,FALSE,"",01:50,TRUE
fare_BOM-DEL_6E_2026-08-29_T+1_1787884760881_2ejd,BOM-DEL,EaseMyTrip,6E,6E-5095,2026-08-29,T+1,5014,1101,6115,2026-08-28T02:17:42.225Z,FALSE,"",09:20,TRUE
fare_BOM-DEL_SG_2026-08-29_T+1_1787884760881_89mc,BOM-DEL,EaseMyTrip,SG,SG-529,2026-08-29,T+1,5307,1165,6472,2026-08-28T02:17:42.225Z,FALSE,"",17:55,TRUE
fare_BOM-DEL_SG_2026-08-29_T+1_1787884760881_mq88,BOM-DEL,EaseMyTrip,SG,SG-355,2026-08-29,T+1,5307,1165,6472,2026-08-28T02:17:42.225Z,FALSE,"",17:55,TRUE
fare_BOM-DEL_IX_2026-08-29_T+1_1787884760881_mgzo,BOM-DEL,EaseMyTrip,IX,IX-2952,2026-08-29,T+1,5380,1181,6561,2026-08-28T02:17:42.225Z,FALSE,"",09:05,TRUE
fare_BOM-DEL_IX_2026-08-29_T+1_1787884760881_mr19,BOM-DEL,EaseMyTrip,IX,IX-1050,2026-08-29,T+1,5380,1181,6561,2026-08-28T02:17:42.225Z,FALSE,"",14:45,TRUE
fare_BOM-DEL_6E_2026-08-29_T+1_1787884760881_rqj5,BOM-DEL,EaseMyTrip,6E,6E-535,2026-08-29,T+1,5380,1181,6561,2026-08-28T02:17:42.225Z,FALSE,"",17:20,TRUE
fare_BOM-DEL_6E_2026-08-29_T+1_1787884760881_umfy,BOM-DEL,EaseMyTrip,6E,6E-568,2026-08-29,T+1,5380,1181,6561,2026-08-28T02:17:42.225Z,FALSE,"",17:20,TRUE
fare_BOM-DEL_6E_2026-08-29_T+1_1787884760881_284u,BOM-DEL,EaseMyTrip,6E,6E-2090,2026-08-29,T+1,5380,1181,6561,2026-08-28T02:17:42.225Z,FALSE,"",06:25,TRUE
fare_BOM-DEL_QP_2026-08-29_T+1_1787884760881_in9j,BOM-DEL,EaseMyTrip,QP,QP-1109,2026-08-29,T+1,5381,1181,6562,2026-08-28T02:17:42.225Z,FALSE,"",07:00,TRUE
fare_BOM-DEL_QP_2026-08-29_T+1_1787884760881_043n,BOM-DEL,EaseMyTrip,QP,QP-1834,2026-08-29,T+1,5381,1181,6562,2026-08-28T02:17:42.225Z,FALSE,"",10:00,TRUE
fare_BOM-DEL_QP_2026-08-29_T+1_1787884760881_t2k1,BOM-DEL,EaseMyTrip,QP,QP-1819,2026-08-29,T+1,5381,1181,6562,2026-08-28T02:17:42.225Z,FALSE,"",14:30,TRUE
fare_BOM-DEL_QP_2026-08-29_T+1_1787884760881_0myg,BOM-DEL,EaseMyTrip,QP,QP-1825,2026-08-29,T+1,5381,1181,6562,2026-08-28T02:17:42.225Z,FALSE,"",16:50,TRUE
fare_BOM-DEL_QP_2026-08-29_T+1_1787884760881_037d,BOM-DEL,EaseMyTrip,QP,QP-1111,2026-08-29,T+1,5381,1181,6562,2026-08-28T02:17:42.225Z,FALSE,"",05:25,TRUE
fare_BOM-DEL_QP_2026-08-29_T+1_1787884760881_505c,BOM-DEL,EaseMyTrip,QP,QP-1127,2026-08-29,T+1,5381,1181,6562,2026-08-28T02:17:42.225Z,FALSE,"",12:55,TRUE
fare_BOM-DEL_QP_2026-08-29_T+1_1787884760881_1qj9,BOM-DEL,EaseMyTrip,QP,QP-1835,2026-08-29,T+1,5381,1181,6562,2026-08-28T02:17:42.225Z,FALSE,"",11:50,TRUE
fare_BOM-DEL_QP_2026-08-29_T+1_1787884760881_v1oq,BOM-DEL,EaseMyTrip,QP,QP-1120,2026-08-29,T+1,5381,1181,6562,2026-08-28T02:17:42.225Z,FALSE,"",18:45,TRUE
fare_BOM-DEL_6E_2026-08-29_T+1_1787884760881_bhlh,BOM-DEL,EaseMyTrip,6E,6E-178,2026-08-29,T+1,5381,1181,6562,2026-08-28T02:17:42.225Z,FALSE,"",05:00,TRUE
fare_BOM-DEL_6E_2026-08-29_T+1_1787884760881_5ds0,BOM-DEL,EaseMyTrip,6E,6E-839,2026-08-29,T+1,5381,1181,6562,2026-08-28T02:17:42.225Z,FALSE,"",05:00,TRUE
fare_BOM-DEL_6E_2026-08-29_T+1_1787884760881_21z3,BOM-DEL,EaseMyTrip,6E,6E-780,2026-08-29,T+1,5381,1181,6562,2026-08-28T02:17:42.225Z,FALSE,"",23:45,TRUE
fare_BOM-DEL_6E_2026-08-29_T+1_1787884760881_eg9x,BOM-DEL,EaseMyTrip,6E,6E-437,2026-08-29,T+1,5381,1181,6562,2026-08-28T02:17:42.225Z,FALSE,"",23:45,TRUE
fare_BOM-DEL_6E_2026-08-29_T+1_1787884760881_ts7i,BOM-DEL,EaseMyTrip,6E,6E-888,2026-08-29,T+1,5381,1181,6562,2026-08-28T02:17:42.225Z,FALSE,"",22:15,TRUE
fare_BOM-DEL_6E_2026-08-29_T+1_1787884760881_7feh,BOM-DEL,EaseMyTrip,6E,6E-901,2026-08-29,T+1,5381,1181,6562,2026-08-28T02:17:42.225Z,FALSE,"",22:15,TRUE
fare_BOM-DEL_6E_2026-08-29_T+1_1787884760881_t1nq,BOM-DEL,EaseMyTrip,6E,6E-871,2026-08-29,T+1,5381,1181,6562,2026-08-28T02:17:42.225Z,FALSE,"",21:15,TRUE
fare_BOM-DEL_6E_2026-08-29_T+1_1787884760881_bybi,BOM-DEL,EaseMyTrip,6E,6E-101,2026-08-29,T+1,5381,1181,6562,2026-08-28T02:17:42.225Z,FALSE,"",21:15,TRUE
fare_BOM-DEL_6E_2026-08-29_T+1_1787884760881_fowa,BOM-DEL,EaseMyTrip,6E,6E-927,2026-08-29,T+1,5381,1181,6562,2026-08-28T02:17:42.225Z,FALSE,"",19:00,TRUE
fare_BOM-DEL_6E_2026-08-29_T+1_1787884760881_bydq,BOM-DEL,EaseMyTrip,6E,6E-772,2026-08-29,T+1,5381,1181,6562,2026-08-28T02:17:42.225Z,FALSE,"",19:00,TRUE
fare_BOM-DEL_6E_2026-08-29_T+1_1787884760881_rgiu,BOM-DEL,EaseMyTrip,6E,6E-6613,2026-08-29,T+1,5381,1181,6562,2026-08-28T02:17:42.225Z,FALSE,"",18:15,TRUE
fare_BOM-DEL_6E_2026-08-29_T+1_1787884760881_adgj,BOM-DEL,EaseMyTrip,6E,6E-847,2026-08-29,T+1,5381,1181,6562,2026-08-28T02:17:42.225Z,FALSE,"",17:20,TRUE
fare_BOM-DEL_6E_2026-08-29_T+1_1787884760881_w6sm,BOM-DEL,EaseMyTrip,6E,6E-799,2026-08-29,T+1,5381,1181,6562,2026-08-28T02:17:42.225Z,FALSE,"",17:20,TRUE
fare_BOM-DEL_6E_2026-08-29_T+1_1787884760881_u6jz,BOM-DEL,EaseMyTrip,6E,6E-6082,2026-08-29,T+1,5381,1181,6562,2026-08-28T02:17:42.225Z,FALSE,"",16:45,TRUE
fare_BOM-DEL_6E_2026-08-29_T+1_1787884760881_r6y7,BOM-DEL,EaseMyTrip,6E,6E-589,2026-08-29,T+1,5381,1181,6562,2026-08-28T02:17:42.225Z,FALSE,"",16:00,TRUE
fare_BOM-DEL_6E_2026-08-29_T+1_1787884760881_f11z,BOM-DEL,EaseMyTrip,6E,6E-987,2026-08-29,T+1,5381,1181,6562,2026-08-28T02:17:42.225Z,FALSE,"",16:00,TRUE
fare_BOM-DEL_6E_2026-08-29_T+1_1787884760881_oqas,BOM-DEL,EaseMyTrip,6E,6E-135,2026-08-29,T+1,5381,1181,6562,2026-08-28T02:17:42.225Z,FALSE,"",15:00,TRUE
fare_BOM-DEL_6E_2026-08-29_T+1_1787884760881_ffhk,BOM-DEL,EaseMyTrip,6E,6E-882,2026-08-29,T+1,5381,1181,6562,2026-08-28T02:17:42.225Z,FALSE,"",15:00,TRUE
fare_BOM-DEL_6E_2026-08-29_T+1_1787884760881_w0jz,BOM-DEL,EaseMyTrip,6E,6E-6704,2026-08-29,T+1,5381,1181,6562,2026-08-28T02:17:42.225Z,FALSE,"",14:00,TRUE
fare_BOM-DEL_6E_2026-08-29_T+1_1787884760881_6lc4,BOM-DEL,EaseMyTrip,6E,6E-441,2026-08-29,T+1,5381,1181,6562,2026-08-28T02:17:42.225Z,FALSE,"",20:20,TRUE
fare_BOM-DEL_6E_2026-08-29_T+1_1787884760881_e2a9,BOM-DEL,EaseMyTrip,6E,6E-342,2026-08-29,T+1,5381,1181,6562,2026-08-28T02:17:42.225Z,FALSE,"",20:20,TRUE
fare_BOM-DEL_6E_2026-08-29_T+1_1787884760881_90bb,BOM-DEL,EaseMyTrip,6E,6E-6028,2026-08-29,T+1,5381,1181,6562,2026-08-28T02:17:42.225Z,FALSE,"",12:15,TRUE
fare_BOM-DEL_6E_2026-08-29_T+1_1787884760881_g1e1,BOM-DEL,EaseMyTrip,6E,6E-784,2026-08-29,T+1,5381,1181,6562,2026-08-28T02:17:42.225Z,FALSE,"",13:00,TRUE
fare_BOM-DEL_6E_2026-08-29_T+1_1787884760881_sz8n,BOM-DEL,EaseMyTrip,6E,6E-300,2026-08-29,T+1,5381,1181,6562,2026-08-28T02:17:42.225Z,FALSE,"",13:00,TRUE
fare_BOM-DEL_6E_2026-08-29_T+1_1787884760881_7zrt,BOM-DEL,EaseMyTrip,6E,6E-565,2026-08-29,T+1,5381,1181,6562,2026-08-28T02:17:42.225Z,FALSE,"",06:00,TRUE
fare_BOM-DEL_6E_2026-08-29_T+1_1787884760881_9r1y,BOM-DEL,EaseMyTrip,6E,6E-276,2026-08-29,T+1,5381,1181,6562,2026-08-28T02:17:42.225Z,FALSE,"",07:00,TRUE
fare_BOM-DEL_6E_2026-08-29_T+1_1787884760881_hqjr,BOM-DEL,EaseMyTrip,6E,6E-272,2026-08-29,T+1,5381,1181,6562,2026-08-28T02:17:42.225Z,FALSE,"",07:00,TRUE
fare_BOM-DEL_6E_2026-08-29_T+1_1787884760881_1fka,BOM-DEL,EaseMyTrip,6E,6E-964,2026-08-29,T+1,5381,1181,6562,2026-08-28T02:17:42.225Z,FALSE,"",08:00,TRUE
fare_BOM-DEL_6E_2026-08-29_T+1_1787884760881_eeow,BOM-DEL,EaseMyTrip,6E,6E-251,2026-08-29,T+1,5381,1181,6562,2026-08-28T02:17:42.225Z,FALSE,"",08:00,TRUE
fare_BOM-DEL_6E_2026-08-29_T+1_1787884760881_pnl2,BOM-DEL,EaseMyTrip,6E,6E-6052,2026-08-29,T+1,5381,1181,6562,2026-08-28T02:17:42.225Z,FALSE,"",10:00,TRUE
fare_BOM-DEL_6E_2026-08-29_T+1_1787884760881_pqyt,BOM-DEL,EaseMyTrip,6E,6E-476,2026-08-29,T+1,5381,1181,6562,2026-08-28T02:17:42.225Z,FALSE,"",10:35,TRUE
fare_BOM-DEL_6E_2026-08-29_T+1_1787884760881_va3g,BOM-DEL,EaseMyTrip,6E,6E-774,2026-08-29,T+1,5381,1181,6562,2026-08-28T02:17:42.225Z,FALSE,"",10:35,TRUE
fare_BOM-DEL_6E_2026-08-29_T+1_1787884760881_fz7r,BOM-DEL,EaseMyTrip,6E,6E-6827,2026-08-29,T+1,5381,1181,6562,2026-08-28T02:17:42.225Z,FALSE,"",11:30,TRUE
fare_BOM-DEL_6E_2026-08-29_T+1_1787884760881_sixc,BOM-DEL,EaseMyTrip,6E,6E-493,2026-08-29,T+1,5381,1181,6562,2026-08-28T02:17:42.225Z,FALSE,"",09:00,TRUE
fare_BOM-DEL_6E_2026-08-29_T+1_1787884760881_upyf,BOM-DEL,EaseMyTrip,6E,6E-957,2026-08-29,T+1,5381,1181,6562,2026-08-28T02:17:42.225Z,FALSE,"",09:00,TRUE
fare_BOM-DEL_QP_2026-08-29_T+1_1787884760881_nz23,BOM-DEL,EaseMyTrip,QP,QP-1941,2026-08-29,T+1,5423,1191,6614,2026-08-28T02:17:42.225Z,FALSE,"",18:05,TRUE
fare_BOM-DEL_QP_2026-08-29_T+1_1787884760881_zr79,BOM-DEL,EaseMyTrip,QP,QP-1939,2026-08-29,T+1,5423,1191,6614,2026-08-28T02:17:42.225Z,FALSE,"",10:10,TRUE
fare_BOM-DEL_6E_2026-08-29_T+1_1787884760881_sqqp,BOM-DEL,EaseMyTrip,6E,6E-5197,2026-08-29,T+1,5423,1191,6614,2026-08-28T02:17:42.225Z,FALSE,"",06:40,TRUE
fare_BOM-DEL_AI_2026-08-29_T+1_1787884760881_t02l,BOM-DEL,EaseMyTrip,AI,AI-2928,2026-08-29,T+1,5766,1266,7032,2026-08-28T02:17:42.225Z,FALSE,"",06:30,TRUE
fare_BOM-DEL_AI_2026-08-29_T+1_1787884760881_2nu3,BOM-DEL,EaseMyTrip,AI,AI-2424,2026-08-29,T+1,5766,1266,7032,2026-08-28T02:17:42.225Z,FALSE,"",07:00,TRUE
fare_BOM-DEL_AI_2026-08-29_T+1_1787884760881_ndza,BOM-DEL,EaseMyTrip,AI,AI-2677,2026-08-29,T+1,5766,1266,7032,2026-08-28T02:17:42.225Z,FALSE,"",13:00,TRUE
fare_BOM-DEL_AI_2026-08-29_T+1_1787884760881_ebpu,BOM-DEL,EaseMyTrip,AI,AI-2408,2026-08-29,T+1,5766,1266,7032,2026-08-28T02:17:42.225Z,FALSE,"",19:30,TRUE
fare_BOM-DEL_AI_2026-08-29_T+1_1787884760881_1cxy,BOM-DEL,EaseMyTrip,AI,AI-816,2026-08-29,T+1,5766,1266,7032,2026-08-28T02:17:42.225Z,FALSE,"",21:00,TRUE
fare_BOM-DEL_AI_2026-08-29_T+1_1787884760881_5de4,BOM-DEL,EaseMyTrip,AI,AI-2748,2026-08-29,T+1,5766,1266,7032,2026-08-28T02:17:42.225Z,FALSE,"",21:30,TRUE
fare_BOM-DEL_AI_2026-08-29_T+1_1787884760881_tfho,BOM-DEL,EaseMyTrip,AI,AI-2452,2026-08-29,T+1,5766,1266,7032,2026-08-28T02:17:42.225Z,FALSE,"",03:05,TRUE
fare_BOM-DEL_AI_2026-08-29_T+1_1787884760881_9mjx,BOM-DEL,EaseMyTrip,AI,AI-2428,2026-08-29,T+1,5766,1266,7032,2026-08-28T02:17:42.225Z,FALSE,"",08:00,TRUE
fare_BOM-DEL_AI_2026-08-29_T+1_1787884760881_i6is,BOM-DEL,EaseMyTrip,AI,AI-2970,2026-08-29,T+1,5766,1266,7032,2026-08-28T02:17:42.225Z,FALSE,"",08:30,TRUE
fare_BOM-DEL_AI_2026-08-29_T+1_1787884760881_m33s,BOM-DEL,EaseMyTrip,AI,AI-1890,2026-08-29,T+1,5766,1266,7032,2026-08-28T02:17:42.225Z,FALSE,"",09:00,TRUE
fare_BOM-DEL_AI_2026-08-29_T+1_1787884760881_v9sd,BOM-DEL,EaseMyTrip,AI,AI-2419,2026-08-29,T+1,5766,1266,7032,2026-08-28T02:17:42.225Z,FALSE,"",12:00,TRUE
fare_BOM-DEL_AI_2026-08-29_T+1_1787884760881_01xr,BOM-DEL,EaseMyTrip,AI,AI-2442,2026-08-29,T+1,5766,1266,7032,2026-08-28T02:17:42.225Z,FALSE,"",15:00,TRUE
fare_BOM-DEL_AI_2026-08-29_T+1_1787884760881_8a8q,BOM-DEL,EaseMyTrip,AI,AI-2910,2026-08-29,T+1,5766,1266,7032,2026-08-28T02:17:42.225Z,FALSE,"",17:30,TRUE
fare_BOM-DEL_AI_2026-08-29_T+1_1787884760881_8vh2,BOM-DEL,EaseMyTrip,AI,AI-2440,2026-08-29,T+1,5766,1266,7032,2026-08-28T02:17:42.225Z,FALSE,"",18:00,TRUE
fare_BOM-DEL_AI_2026-08-29_T+1_1787884760881_ro1p,BOM-DEL,EaseMyTrip,AI,AI-2996,2026-08-29,T+1,5766,1266,7032,2026-08-28T02:17:42.225Z,FALSE,"",18:30,TRUE
fare_BOM-DEL_AI_2026-08-29_T+1_1787884760881_e54g,BOM-DEL,EaseMyTrip,AI,AI-2426,2026-08-29,T+1,5766,1266,7032,2026-08-28T02:17:42.225Z,FALSE,"",19:00,TRUE
fare_BOM-DEL_AI_2026-08-29_T+1_1787884760881_9du2,BOM-DEL,EaseMyTrip,AI,AI-2940,2026-08-29,T+1,5766,1266,7032,2026-08-28T02:17:42.225Z,FALSE,"",20:00,TRUE
fare_BOM-DEL_AI_2026-08-29_T+1_1787884760881_velf,BOM-DEL,EaseMyTrip,AI,AI-2988,2026-08-29,T+1,5766,1266,7032,2026-08-28T02:17:42.225Z,FALSE,"",20:30,TRUE
fare_BOM-DEL_AI_2026-08-29_T+1_1787884760881_7idi,BOM-DEL,EaseMyTrip,AI,AI-2422,2026-08-29,T+1,5766,1266,7032,2026-08-28T02:17:42.225Z,FALSE,"",22:00,TRUE
fare_BOM-DEL_AI_2026-08-29_T+1_1787884760881_pblz,BOM-DEL,EaseMyTrip,AI,AI-2614,2026-08-29,T+1,5766,1266,7032,2026-08-28T02:17:42.225Z,FALSE,"",23:30,TRUE
fare_BOM-DEL_AI_2026-08-29_T+1_1787884760881_3ouf,BOM-DEL,EaseMyTrip,AI,AI-1882,2026-08-29,T+1,5766,1266,7032,2026-08-28T02:17:42.225Z,FALSE,"",23:55,TRUE
fare_BOM-DEL_AI_2026-08-29_T+1_1787884760881_favt,BOM-DEL,EaseMyTrip,AI,AI-2952,2026-08-29,T+1,5766,1266,7032,2026-08-28T02:17:42.225Z,FALSE,"",11:25,TRUE
fare_BOM-DEL_AI_2026-08-29_T+1_1787884760881_35ct,BOM-DEL,EaseMyTrip,AI,AI-2986,2026-08-29,T+1,5766,1266,7032,2026-08-28T02:17:42.225Z,FALSE,"",22:50,TRUE
fare_BOM-DEL_AI_2026-08-29_T+1_1787884760881_dxhl,BOM-DEL,EaseMyTrip,AI,AI-1851,2026-08-29,T+1,5766,1266,7032,2026-08-28T02:17:42.225Z,FALSE,"",15:30,TRUE
fare_BOM-DEL_AI_2026-08-29_T+1_1787884760881_o4wa,BOM-DEL,EaseMyTrip,AI,AI-2687,2026-08-29,T+1,5766,1266,7032,2026-08-28T02:17:42.225Z,FALSE,"",16:30,TRUE
fare_BOM-DEL_6E_2026-08-29_T+1_1787884760881_lmx7,BOM-DEL,EaseMyTrip,6E,6E-2237,2026-08-29,T+1,5739,1260,6999,2026-08-28T02:17:42.225Z,FALSE,"",18:40,FALSE
fare_BOM-DEL_6E_2026-08-29_T+1_1787884760881_ytdd,BOM-DEL,EaseMyTrip,6E,6E-5059,2026-08-29,T+1,5739,1260,6999,2026-08-28T02:17:42.225Z,FALSE,"",05:45,FALSE
fare_BOM-DEL_6E_2026-08-29_T+1_1787884760881_ws8y,BOM-DEL,EaseMyTrip,6E,6E-252,2026-08-29,T+1,5739,1260,6999,2026-08-28T02:17:42.225Z,FALSE,"",01:30,FALSE
fare_BOM-DEL_6E_2026-08-29_T+1_1787884760881_4vde,BOM-DEL,EaseMyTrip,6E,6E-125,2026-08-29,T+1,5739,1260,6999,2026-08-28T02:17:42.225Z,FALSE,"",01:30,FALSE
fare_BOM-DEL_6E_2026-08-29_T+1_1787884760881_3lwa,BOM-DEL,EaseMyTrip,6E,6E-647,2026-08-29,T+1,5739,1260,6999,2026-08-28T02:17:42.225Z,FALSE,"",04:00,FALSE
fare_BOM-DEL_6E_2026-08-29_T+1_1787884760881_cbib,BOM-DEL,EaseMyTrip,6E,6E-215,2026-08-29,T+1,5739,1260,6999,2026-08-28T02:17:42.225Z,FALSE,"",04:00,FALSE
fare_BOM-DEL_6E_2026-08-29_T+1_1787884760881_fqe3,BOM-DEL,EaseMyTrip,6E,6E-5144,2026-08-29,T+1,5739,1260,6999,2026-08-28T02:17:42.225Z,FALSE,"",05:55,FALSE
fare_BOM-DEL_6E_2026-08-29_T+1_1787884760881_h1o4,BOM-DEL,EaseMyTrip,6E,6E-2347,2026-08-29,T+1,5739,1260,6999,2026-08-28T02:17:42.225Z,FALSE,"",08:50,FALSE
fare_BOM-DEL_6E_2026-08-29_T+1_1787884760881_qbg7,BOM-DEL,EaseMyTrip,6E,6E-896,2026-08-29,T+1,5739,1260,6999,2026-08-28T02:17:42.225Z,FALSE,"",14:40,FALSE
fare_BOM-DEL_6E_2026-08-29_T+1_1787884760881_7za4,BOM-DEL,EaseMyTrip,6E,6E-619,2026-08-29,T+1,5739,1260,6999,2026-08-28T02:17:42.225Z,FALSE,"",14:40,FALSE
fare_BOM-DEL_6E_2026-08-29_T+1_1787884760881_fd3p,BOM-DEL,EaseMyTrip,6E,6E-5107,2026-08-29,T+1,5739,1260,6999,2026-08-28T02:17:42.225Z,FALSE,"",20:00,FALSE
fare_BOM-DEL_6E_2026-08-29_T+1_1787884760881_q77p,BOM-DEL,EaseMyTrip,6E,6E-5201,2026-08-29,T+1,5739,1260,6999,2026-08-28T02:17:42.225Z,FALSE,"",14:55,FALSE
fare_BOM-DEL_6E_2026-08-29_T+1_1787884760881_htwf,BOM-DEL,EaseMyTrip,6E,6E-6027,2026-08-29,T+1,5847,1283,7130,2026-08-28T02:17:42.225Z,FALSE,"",17:35,FALSE
fare_BOM-DEL_6E_2026-08-29_T+1_1787884760881_wvon,BOM-DEL,EaseMyTrip,6E,6E-6599,2026-08-29,T+1,5847,1283,7130,2026-08-28T02:17:42.225Z,FALSE,"",16:50,FALSE
fare_BOM-DEL_6E_2026-08-29_T+1_1787884760881_qfik,BOM-DEL,EaseMyTrip,6E,6E-5147,2026-08-29,T+1,5847,1283,7130,2026-08-28T02:17:42.225Z,FALSE,"",18:35,FALSE
fare_BOM-DEL_6E_2026-08-29_T+1_1787884760881_atmt,BOM-DEL,EaseMyTrip,6E,6E-5164,2026-08-29,T+1,5847,1283,7130,2026-08-28T02:17:42.225Z,FALSE,"",20:35,FALSE
fare_BOM-DEL_6E_2026-08-29_T+1_1787884760881_zemg,BOM-DEL,EaseMyTrip,6E,6E-6122,2026-08-29,T+1,5847,1283,7130,2026-08-28T02:17:42.225Z,FALSE,"",15:45,FALSE
fare_BOM-DEL_6E_2026-08-29_T+1_1787884760881_x9e8,BOM-DEL,EaseMyTrip,6E,6E-6058,2026-08-29,T+1,5847,1283,7130,2026-08-28T02:17:42.225Z,FALSE,"",08:05,FALSE
fare_BOM-DEL_6E_2026-08-29_T+1_1787884760881_obqx,BOM-DEL,EaseMyTrip,6E,6E-5154,2026-08-29,T+1,5847,1283,7130,2026-08-28T02:17:42.225Z,FALSE,"",15:45,FALSE
fare_BOM-DEL_6E_2026-08-29_T+1_1787884760881_8yid,BOM-DEL,EaseMyTrip,6E,6E-5131,2026-08-29,T+1,5847,1283,7130,2026-08-28T02:17:42.225Z,FALSE,"",15:50,FALSE
fare_BOM-DEL_6E_2026-08-29_T+1_1787884760881_0x0p,BOM-DEL,EaseMyTrip,6E,6E-6802,2026-08-29,T+1,5847,1283,7130,2026-08-28T02:17:42.225Z,FALSE,"",16:55,FALSE
fare_BOM-DEL_6E_2026-08-29_T+1_1787884760881_wqis,BOM-DEL,EaseMyTrip,6E,6E-5273,2026-08-29,T+1,5847,1283,7130,2026-08-28T02:17:42.225Z,FALSE,"",18:35,FALSE
fare_BOM-DEL_6E_2026-08-29_T+1_1787884760881_46uh,BOM-DEL,EaseMyTrip,6E,6E-5345,2026-08-29,T+1,5847,1283,7130,2026-08-28T02:17:42.225Z,FALSE,"",14:25,FALSE
fare_BOM-DEL_6E_2026-08-29_T+1_1787884760881_g3q7,BOM-DEL,EaseMyTrip,6E,6E-6553,2026-08-29,T+1,5907,1297,7204,2026-08-28T02:17:42.225Z,FALSE,"",16:05,FALSE
fare_BOM-DEL_6E_2026-08-29_T+1_1787884760881_7ngh,BOM-DEL,EaseMyTrip,6E,6E-2138,2026-08-29,T+1,5907,1297,7204,2026-08-28T02:17:42.225Z,FALSE,"",16:20,FALSE
fare_BOM-DEL_6E_2026-08-29_T+1_1787884760881_0549,BOM-DEL,EaseMyTrip,6E,6E-5028,2026-08-29,T+1,5911,1298,7209,2026-08-28T02:17:42.225Z,FALSE,"",19:35,FALSE
fare_BOM-DEL_6E_2026-08-29_T+1_1787884760881_r9xx,BOM-DEL,EaseMyTrip,6E,6E-6937,2026-08-29,T+1,5911,1298,7209,2026-08-28T02:17:42.225Z,FALSE,"",11:30,FALSE
fare_BOM-DEL_6E_2026-08-29_T+1_1787884760881_317t,BOM-DEL,EaseMyTrip,6E,6E-466,2026-08-29,T+1,5911,1298,7209,2026-08-28T02:17:42.225Z,FALSE,"",19:20,FALSE
fare_BOM-DEL_6E_2026-08-29_T+1_1787884760881_t94z,BOM-DEL,EaseMyTrip,6E,6E-305,2026-08-29,T+1,5911,1298,7209,2026-08-28T02:17:42.225Z,FALSE,"",19:20,FALSE
fare_BOM-DEL_6E_2026-08-29_T+1_1787884760881_aaoh,BOM-DEL,EaseMyTrip,6E,6E-986,2026-08-29,T+1,5911,1298,7209,2026-08-28T02:17:42.225Z,FALSE,"",04:45,FALSE
fare_BOM-DEL_6E_2026-08-29_T+1_1787884760881_db8o,BOM-DEL,EaseMyTrip,6E,6E-585,2026-08-29,T+1,5911,1298,7209,2026-08-28T02:17:42.225Z,FALSE,"",04:45,FALSE
fare_BOM-DEL_6E_2026-08-29_T+1_1787884760881_a0n8,BOM-DEL,EaseMyTrip,6E,6E-6543,2026-08-29,T+1,5965,1309,7274,2026-08-28T02:17:42.225Z,FALSE,"",07:50,FALSE
fare_BOM-DEL_6E_2026-08-29_T+1_1787884760881_6016,BOM-DEL,EaseMyTrip,6E,6E-691,2026-08-29,T+1,6019,1321,7340,2026-08-28T02:17:42.225Z,FALSE,"",17:45,FALSE
fare_BOM-DEL_6E_2026-08-29_T+1_1787884760881_2qo3,BOM-DEL,EaseMyTrip,6E,6E-208,2026-08-29,T+1,6019,1321,7340,2026-08-28T02:17:42.225Z,FALSE,"",17:45,FALSE
fare_BOM-DEL_6E_2026-08-29_T+1_1787884760881_jfc6,BOM-DEL,EaseMyTrip,6E,6E-5056,2026-08-29,T+1,6019,1321,7340,2026-08-28T02:17:42.225Z,FALSE,"",21:10,FALSE
fare_BOM-DEL_6E_2026-08-29_T+1_1787884760881_wfvu,BOM-DEL,EaseMyTrip,6E,6E-6195,2026-08-29,T+1,6019,1321,7340,2026-08-28T02:17:42.225Z,FALSE,"",23:00,FALSE
fare_BOM-DEL_6E_2026-08-29_T+1_1787884760881_dm54,BOM-DEL,EaseMyTrip,6E,6E-5326,2026-08-29,T+1,6019,1321,7340,2026-08-28T02:17:42.225Z,FALSE,"",19:40,FALSE
fare_BOM-DEL_6E_2026-08-29_T+1_1787884760881_gjyx,BOM-DEL,EaseMyTrip,6E,6E-6361,2026-08-29,T+1,6084,1335,7419,2026-08-28T02:17:42.225Z,FALSE,"",05:00,FALSE
fare_BOM-DEL_AI_2026-08-29_T+1_1787884760881_cqmi,BOM-DEL,EaseMyTrip,AI,AI-2591,2026-08-29,T+1,6283,1379,7662,2026-08-28T02:17:42.225Z,FALSE,"",07:25,TRUE
fare_BOM-DEL_6E_2026-08-29_T+1_1787884760881_4imb,BOM-DEL,EaseMyTrip,6E,6E-177,2026-08-29,T+1,6277,1378,7655,2026-08-28T02:17:42.225Z,FALSE,"",12:40,FALSE
fare_BOM-DEL_6E_2026-08-29_T+1_1787884760881_bv96,BOM-DEL,EaseMyTrip,6E,6E-879,2026-08-29,T+1,6277,1378,7655,2026-08-28T02:17:42.225Z,FALSE,"",12:40,FALSE
fare_BOM-DEL_6E_2026-08-29_T+1_1787884760881_ic0c,BOM-DEL,EaseMyTrip,6E,6E-7017,2026-08-29,T+1,6343,1392,7735,2026-08-28T02:17:42.225Z,FALSE,"",21:30,FALSE
fare_BOM-DEL_6E_2026-08-29_T+1_1787884760881_241c,BOM-DEL,EaseMyTrip,6E,6E-5281,2026-08-29,T+1,6700,1471,8171,2026-08-28T02:17:42.225Z,FALSE,"",08:40,FALSE
fare_BOM-DEL_IX_2026-08-29_T+1_1787884760881_97xx,BOM-DEL,EaseMyTrip,IX,IX-1809,2026-08-29,T+1,7711,1693,9404,2026-08-28T02:17:42.225Z,FALSE,"",08:30,FALSE
fare_BOM-DEL_6E_2026-08-29_T+1_1787884760881_eaef,BOM-DEL,EaseMyTrip,6E,6E-5135,2026-08-29,T+1,7403,1625,9028,2026-08-28T02:17:42.225Z,FALSE,"",23:20,FALSE
fare_BOM-DEL_IX_2026-08-29_T+1_1787884760881_3mq4,BOM-DEL,EaseMyTrip,IX,IX-1237,2026-08-29,T+1,8029,1762,9791,2026-08-28T02:17:42.225Z,FALSE,"",05:55,FALSE
fare_BOM-DEL_AI_2026-08-29_T+1_1787884760881_vf7i,BOM-DEL,EaseMyTrip,AI,AI-603,2026-08-29,T+1,8341,1831,10172,2026-08-28T02:17:42.225Z,TRUE,"High outlier: ₹10172 > upper fence ₹10040 (Q3: ₹7953, IQR: ₹1391)",04:55,FALSE
fare_BOM-DEL_IX_2026-08-29_T+1_1787884760881_0oz2,BOM-DEL,EaseMyTrip,IX,IX-1640,2026-08-29,T+1,8704,1911,10615,2026-08-28T02:17:42.225Z,TRUE,"High outlier: ₹10615 > upper fence ₹10040 (Q3: ₹7953, IQR: ₹1391)",20:55,FALSE
fare_BOM-DEL_IX_2026-08-29_T+1_1787884760881_opba,BOM-DEL,EaseMyTrip,IX,IX-1238,2026-08-29,T+1,9378,2058,11436,2026-08-28T02:17:42.225Z,TRUE,"High outlier: ₹11436 > upper fence ₹10040 (Q3: ₹7953, IQR: ₹1391)",12:25,FALSE
fare_BOM-DEL_IX_2026-08-29_T+1_1787884760881_9jhe,BOM-DEL,EaseMyTrip,IX,IX-1176,2026-08-29,T+1,9360,2055,11415,2026-08-28T02:17:42.225Z,TRUE,"High outlier: ₹11415 > upper fence ₹10040 (Q3: ₹7953, IQR: ₹1391)",11:25,FALSE
fare_BOM-DEL_AI_2026-08-29_T+1_1787884760881_rm6n,BOM-DEL,EaseMyTrip,AI,AI-2491,2026-08-29,T+1,9605,2109,11714,2026-08-28T02:17:42.225Z,TRUE,"High outlier: ₹11714 > upper fence ₹10040 (Q3: ₹7953, IQR: ₹1391)",11:15,FALSE
fare_BOM-DEL_AI_2026-08-29_T+1_1787884760881_mbud,BOM-DEL,EaseMyTrip,AI,AI-9753,2026-08-29,T+1,9835,2159,11994,2026-08-28T02:17:42.225Z,TRUE,"High outlier: ₹11994 > upper fence ₹10040 (Q3: ₹7953, IQR: ₹1391)",17:05,FALSE
fare_BOM-DEL_AI_2026-08-29_T+1_1787884760881_8g7o,BOM-DEL,EaseMyTrip,AI,AI-9558,2026-08-29,T+1,10008,2197,12205,2026-08-28T02:17:42.225Z,TRUE,"High outlier: ₹12205 > upper fence ₹10040 (Q3: ₹7953, IQR: ₹1391)",08:30,FALSE
fare_BOM-DEL_IX_2026-08-29_T+1_1787884760881_6acf,BOM-DEL,EaseMyTrip,IX,IX-2367,2026-08-29,T+1,10486,2302,12788,2026-08-28T02:17:42.225Z,TRUE,"High outlier: ₹12788 > upper fence ₹10040 (Q3: ₹7953, IQR: ₹1391)",07:20,FALSE
fare_BOM-DEL_AI_2026-08-29_T+1_1787884760881_l28q,BOM-DEL,EaseMyTrip,AI,AI-9533,2026-08-29,T+1,11149,2447,13596,2026-08-28T02:17:42.225Z,TRUE,"High outlier: ₹13596 > upper fence ₹10040 (Q3: ₹7953, IQR: ₹1391)",16:30,FALSE
fare_BOM-DEL_IX_2026-08-29_T+1_1787884760881_2qkw,BOM-DEL,EaseMyTrip,IX,IX-1798,2026-08-29,T+1,11405,2504,13909,2026-08-28T02:17:42.225Z,TRUE,"High outlier: ₹13909 > upper fence ₹10040 (Q3: ₹7953, IQR: ₹1391)",11:20,FALSE
fare_BOM-DEL_AI_2026-08-29_T+1_1787884760881_qe4o,BOM-DEL,EaseMyTrip,AI,AI-2847,2026-08-29,T+1,11214,2461,13675,2026-08-28T02:17:42.225Z,TRUE,"High outlier: ₹13675 > upper fence ₹10040 (Q3: ₹7953, IQR: ₹1391)",10:20,FALSE
fare_BOM-DEL_6E_2026-08-29_T+1_1787884760881_5qwv,BOM-DEL,EaseMyTrip,6E,6E-5181,2026-08-29,T+1,11368,2495,13863,2026-08-28T02:17:42.225Z,TRUE,"High outlier: ₹13863 > upper fence ₹10040 (Q3: ₹7953, IQR: ₹1391)",10:25,FALSE
fare_BOM-DEL_AI_2026-08-29_T+1_1787884760881_bzrn,BOM-DEL,EaseMyTrip,AI,AI-2493,2026-08-29,T+1,12276,2695,14971,2026-08-28T02:17:42.225Z,TRUE,"High outlier: ₹14971 > upper fence ₹10040 (Q3: ₹7953, IQR: ₹1391)",18:05,FALSE
fare_BOM-DEL_6E_2026-08-29_T+1_1787884760881_elmp,BOM-DEL,EaseMyTrip,6E,6E-5178,2026-08-29,T+1,12129,2662,14791,2026-08-28T02:17:42.225Z,TRUE,"High outlier: ₹14791 > upper fence ₹10040 (Q3: ₹7953, IQR: ₹1391)",11:40,FALSE
fare_BOM-DEL_QP_2026-08-29_T+1_1787884760881_iybu,BOM-DEL,EaseMyTrip,QP,QP-1516,2026-08-29,T+1,12336,2708,15044,2026-08-28T02:17:42.225Z,TRUE,"High outlier: ₹15044 > upper fence ₹10040 (Q3: ₹7953, IQR: ₹1391)",00:40,FALSE
fare_BOM-DEL_6E_2026-08-29_T+1_1787884760881_f22u,BOM-DEL,EaseMyTrip,6E,6E-5318,2026-08-29,T+1,12392,2720,15112,2026-08-28T02:17:42.225Z,TRUE,"High outlier: ₹15112 > upper fence ₹10040 (Q3: ₹7953, IQR: ₹1391)",10:15,FALSE
fare_BOM-DEL_IX_2026-08-29_T+1_1787884760881_qgb3,BOM-DEL,EaseMyTrip,IX,IX-1283,2026-08-29,T+1,13063,2868,15931,2026-08-28T02:17:42.225Z,TRUE,"High outlier: ₹15931 > upper fence ₹10040 (Q3: ₹7953, IQR: ₹1391)",06:05,FALSE
fare_BOM-DEL_IX_2026-08-29_T+1_1787884760881_y27d,BOM-DEL,EaseMyTrip,IX,IX-1797,2026-08-29,T+1,12785,2806,15591,2026-08-28T02:17:42.225Z,TRUE,"High outlier: ₹15591 > upper fence ₹10040 (Q3: ₹7953, IQR: ₹1391)",05:05,FALSE
fare_BOM-DEL_AI_2026-08-29_T+1_1787884760881_jfib,BOM-DEL,EaseMyTrip,AI,AI-2785,2026-08-29,T+1,12983,2850,15833,2026-08-28T02:17:42.225Z,TRUE,"High outlier: ₹15833 > upper fence ₹10040 (Q3: ₹7953, IQR: ₹1391)",06:40,FALSE
fare_BOM-DEL_AI_2026-08-29_T+1_1787884760881_jy12,BOM-DEL,EaseMyTrip,AI,AI-2841,2026-08-29,T+1,13192,2896,16088,2026-08-28T02:17:42.225Z,TRUE,"High outlier: ₹16088 > upper fence ₹10040 (Q3: ₹7953, IQR: ₹1391)",11:20,FALSE
fare_BOM-DEL_AI_2026-08-29_T+1_1787884760881_wx5r,BOM-DEL,EaseMyTrip,AI,AI-2659,2026-08-29,T+1,13311,2922,16233,2026-08-28T02:17:42.225Z,TRUE,"High outlier: ₹16233 > upper fence ₹10040 (Q3: ₹7953, IQR: ₹1391)",14:35,FALSE
fare_BOM-DEL_AI_2026-08-29_T+1_1787884760881_yt67,BOM-DEL,EaseMyTrip,AI,AI-471,2026-08-29,T+1,13311,2922,16233,2026-08-28T02:17:42.225Z,TRUE,"High outlier: ₹16233 > upper fence ₹10040 (Q3: ₹7953, IQR: ₹1391)",06:05,FALSE
fare_BOM-DEL_AI_2026-08-29_T+1_1787884760881_7y87,BOM-DEL,EaseMyTrip,AI,AI-9518,2026-08-29,T+1,13411,2944,16355,2026-08-28T02:17:42.225Z,TRUE,"High outlier: ₹16355 > upper fence ₹10040 (Q3: ₹7953, IQR: ₹1391)",16:15,FALSE
fare_BOM-DEL_AI_2026-08-29_T+1_1787884760881_jcr9,BOM-DEL,EaseMyTrip,AI,AI-2749,2026-08-29,T+1,14173,3111,17284,2026-08-28T02:17:42.225Z,TRUE,"High outlier: ₹17284 > upper fence ₹10040 (Q3: ₹7953, IQR: ₹1391)",17:35,FALSE
fare_BOM-DEL_AI_2026-08-29_T+1_1787884760881_2psu,BOM-DEL,EaseMyTrip,AI,AI-2741,2026-08-29,T+1,14403,3162,17565,2026-08-28T02:17:42.225Z,TRUE,"High outlier: ₹17565 > upper fence ₹10040 (Q3: ₹7953, IQR: ₹1391)",07:40,FALSE
fare_BOM-DEL_6E_2026-08-29_T+1_1787884760881_fk34,BOM-DEL,EaseMyTrip,6E,6E-5246,2026-08-29,T+1,14524,3188,17712,2026-08-28T02:17:42.225Z,TRUE,"High outlier: ₹17712 > upper fence ₹10040 (Q3: ₹7953, IQR: ₹1391)",07:15,FALSE
fare_BOM-DEL_AI_2026-08-29_T+1_1787884760881_7afu,BOM-DEL,EaseMyTrip,AI,AI-2531,2026-08-29,T+1,14755,3239,17994,2026-08-28T02:17:42.225Z,TRUE,"High outlier: ₹17994 > upper fence ₹10040 (Q3: ₹7953, IQR: ₹1391)",15:05,FALSE
fare_BOM-DEL_AI_2026-08-29_T+1_1787884760881_avzr,BOM-DEL,EaseMyTrip,AI,AI-2997,2026-08-29,T+1,14784,3245,18029,2026-08-28T02:17:42.225Z,TRUE,"High outlier: ₹18029 > upper fence ₹10040 (Q3: ₹7953, IQR: ₹1391)",10:10,FALSE
fare_BOM-DEL_AI_2026-08-29_T+1_1787884760881_g9gz,BOM-DEL,EaseMyTrip,AI,AI-2625,2026-08-29,T+1,14981,3289,18270,2026-08-28T02:17:42.225Z,TRUE,"High outlier: ₹18270 > upper fence ₹10040 (Q3: ₹7953, IQR: ₹1391)",06:00,FALSE
fare_BOM-DEL_IX_2026-08-29_T+1_1787884760881_t9uv,BOM-DEL,EaseMyTrip,IX,IX-1870,2026-08-29,T+1,15874,3485,19359,2026-08-28T02:17:42.225Z,TRUE,"High outlier: ₹19359 > upper fence ₹10040 (Q3: ₹7953, IQR: ₹1391)",15:30,FALSE
fare_BOM-DEL_AI_2026-08-29_T+1_1787884760881_baqu,BOM-DEL,EaseMyTrip,AI,AI-2789,2026-08-29,T+1,15974,3506,19480,2026-08-28T02:17:42.225Z,TRUE,"High outlier: ₹19480 > upper fence ₹10040 (Q3: ₹7953, IQR: ₹1391)",10:55,FALSE
fare_BOM-DEL_AI_2026-08-29_T+1_1787884760881_vu4g,BOM-DEL,EaseMyTrip,AI,AI-2632,2026-08-29,T+1,16500,3622,20122,2026-08-28T02:17:42.225Z,TRUE,"High outlier: ₹20122 > upper fence ₹10040 (Q3: ₹7953, IQR: ₹1391)",12:00,FALSE
fare_BOM-DEL_6E_2026-08-29_T+1_1787884760881_46yc,BOM-DEL,EaseMyTrip,6E,6E-2024,2026-08-29,T+1,16454,3612,20066,2026-08-28T02:17:42.225Z,TRUE,"High outlier: ₹20066 > upper fence ₹10040 (Q3: ₹7953, IQR: ₹1391)",09:15,FALSE
fare_BOM-DEL_AI_2026-08-29_T+1_1787884760881_uct2,BOM-DEL,EaseMyTrip,AI,AI-2593,2026-08-29,T+1,16773,3682,20455,2026-08-28T02:17:42.225Z,TRUE,"High outlier: ₹20455 > upper fence ₹10040 (Q3: ₹7953, IQR: ₹1391)",12:30,FALSE
fare_BOM-DEL_AI_2026-08-29_T+1_1787884760881_3n60,BOM-DEL,EaseMyTrip,AI,AI-2579,2026-08-29,T+1,17018,3736,20754,2026-08-28T02:17:42.225Z,TRUE,"High outlier: ₹20754 > upper fence ₹10040 (Q3: ₹7953, IQR: ₹1391)",10:35,FALSE
fare_BOM-DEL_AI_2026-08-29_T+1_1787884760881_vjzt,BOM-DEL,EaseMyTrip,AI,AI-2771,2026-08-29,T+1,17851,3919,21770,2026-08-28T02:17:42.225Z,TRUE,"High outlier: ₹21770 > upper fence ₹10040 (Q3: ₹7953, IQR: ₹1391)",06:55,FALSE
fare_BOM-DEL_AI_2026-08-29_T+1_1787884760881_8s0i,BOM-DEL,EaseMyTrip,AI,AI-2718,2026-08-29,T+1,18311,4020,22331,2026-08-28T02:17:42.225Z,TRUE,"High outlier: ₹22331 > upper fence ₹10040 (Q3: ₹7953, IQR: ₹1391)",05:55,FALSE
fare_BOM-DEL_IX_2026-08-29_T+1_1787884760881_ai6w,BOM-DEL,EaseMyTrip,IX,IX-1801,2026-08-29,T+1,18857,4139,22996,2026-08-28T02:17:42.225Z,TRUE,"High outlier: ₹22996 > upper fence ₹10040 (Q3: ₹7953, IQR: ₹1391)",21:10,FALSE
fare_BOM-DEL_IX_2026-09-27_T+30_1787884760882_84xw,BOM-DEL,EaseMyTrip,IX,IX-2153,2026-09-27,T+30,4922,1081,6003,2026-08-28T02:18:00.937Z,FALSE,"",20:25,TRUE
fare_BOM-DEL_IX_2026-09-27_T+30_1787884760882_bfyw,BOM-DEL,EaseMyTrip,IX,IX-1787,2026-09-27,T+30,5595,1228,6823,2026-08-28T02:18:00.937Z,FALSE,"",13:10,FALSE
fare_BOM-DEL_SG_2026-09-27_T+30_1787884760882_xmge,BOM-DEL,EaseMyTrip,SG,SG-545,2026-09-27,T+30,5231,1148,6379,2026-08-28T02:18:00.937Z,FALSE,"",01:50,TRUE
fare_BOM-DEL_SG_2026-09-27_T+30_1787884760882_vh30,BOM-DEL,EaseMyTrip,SG,SG-591,2026-09-27,T+30,5231,1148,6379,2026-08-28T02:18:00.937Z,FALSE,"",01:50,TRUE
fare_BOM-DEL_IX_2026-09-27_T+30_1787884760882_41wf,BOM-DEL,EaseMyTrip,IX,IX-1050,2026-09-27,T+30,5380,1181,6561,2026-08-28T02:18:00.937Z,FALSE,"",08:55,TRUE
fare_BOM-DEL_SG_2026-09-27_T+30_1787884760882_p9h0,BOM-DEL,EaseMyTrip,SG,SG-676,2026-09-27,T+30,5502,1208,6710,2026-08-28T02:18:00.937Z,FALSE,"",23:25,TRUE
fare_BOM-DEL_SG_2026-09-27_T+30_1787884760882_p0dn,BOM-DEL,EaseMyTrip,SG,SG-588,2026-09-27,T+30,5502,1208,6710,2026-08-28T02:18:00.937Z,FALSE,"",23:25,TRUE
fare_BOM-DEL_IX_2026-09-27_T+30_1787884760882_6mc5,BOM-DEL,EaseMyTrip,IX,IX-1671,2026-09-27,T+30,5545,1217,6762,2026-08-28T02:18:00.937Z,FALSE,"",16:45,TRUE
fare_BOM-DEL_QP_2026-09-27_T+30_1787884760882_u8cp,BOM-DEL,EaseMyTrip,QP,QP-1111,2026-09-27,T+30,5381,1181,6562,2026-08-28T02:18:00.937Z,FALSE,"",05:25,TRUE
fare_BOM-DEL_QP_2026-09-27_T+30_1787884760882_3z7o,BOM-DEL,EaseMyTrip,QP,QP-1109,2026-09-27,T+30,5381,1181,6562,2026-08-28T02:18:00.937Z,FALSE,"",07:00,TRUE
fare_BOM-DEL_QP_2026-09-27_T+30_1787884760882_esbz,BOM-DEL,EaseMyTrip,QP,QP-1127,2026-09-27,T+30,5381,1181,6562,2026-08-28T02:18:00.937Z,FALSE,"",13:00,TRUE
fare_BOM-DEL_QP_2026-09-27_T+30_1787884760882_m49w,BOM-DEL,EaseMyTrip,QP,QP-1819,2026-09-27,T+30,5381,1181,6562,2026-08-28T02:18:00.937Z,FALSE,"",14:30,TRUE
fare_BOM-DEL_QP_2026-09-27_T+30_1787884760882_r353,BOM-DEL,EaseMyTrip,QP,QP-1834,2026-09-27,T+30,5381,1181,6562,2026-08-28T02:18:00.937Z,FALSE,"",10:20,TRUE
fare_BOM-DEL_QP_2026-09-27_T+30_1787884760882_gx3b,BOM-DEL,EaseMyTrip,QP,QP-1825,2026-09-27,T+30,5381,1181,6562,2026-08-28T02:18:00.937Z,FALSE,"",16:50,TRUE
fare_BOM-DEL_QP_2026-09-27_T+30_1787884760882_gjcx,BOM-DEL,EaseMyTrip,QP,QP-1835,2026-09-27,T+30,5381,1181,6562,2026-08-28T02:18:00.937Z,FALSE,"",11:50,TRUE
fare_BOM-DEL_6E_2026-09-27_T+30_1787884760882_np3r,BOM-DEL,EaseMyTrip,6E,6E-6704,2026-09-27,T+30,5381,1181,6562,2026-08-28T02:18:00.937Z,FALSE,"",14:00,TRUE
fare_BOM-DEL_6E_2026-09-27_T+30_1787884760882_dhlo,BOM-DEL,EaseMyTrip,6E,6E-950,2026-09-27,T+30,5381,1181,6562,2026-08-28T02:18:00.937Z,FALSE,"",09:00,TRUE
fare_BOM-DEL_6E_2026-09-27_T+30_1787884760882_nh0x,BOM-DEL,EaseMyTrip,6E,6E-789,2026-09-27,T+30,5381,1181,6562,2026-08-28T02:18:00.937Z,FALSE,"",09:00,TRUE
fare_BOM-DEL_6E_2026-09-27_T+30_1787884760882_s5ik,BOM-DEL,EaseMyTrip,6E,6E-927,2026-09-27,T+30,5381,1181,6562,2026-08-28T02:18:00.937Z,FALSE,"",10:35,TRUE
fare_BOM-DEL_6E_2026-09-27_T+30_1787884760882_k223,BOM-DEL,EaseMyTrip,6E,6E-478,2026-09-27,T+30,5381,1181,6562,2026-08-28T02:18:00.937Z,FALSE,"",10:35,TRUE
fare_BOM-DEL_6E_2026-09-27_T+30_1787884760882_m8n9,BOM-DEL,EaseMyTrip,6E,6E-6028,2026-09-27,T+30,5381,1181,6562,2026-08-28T02:18:00.937Z,FALSE,"",12:15,TRUE
fare_BOM-DEL_6E_2026-09-27_T+30_1787884760882_tsjh,BOM-DEL,EaseMyTrip,6E,6E-136,2026-09-27,T+30,5381,1181,6562,2026-08-28T02:18:00.937Z,FALSE,"",13:00,TRUE
fare_BOM-DEL_6E_2026-09-27_T+30_1787884760882_981o,BOM-DEL,EaseMyTrip,6E,6E-179,2026-09-27,T+30,5381,1181,6562,2026-08-28T02:18:00.937Z,FALSE,"",13:00,TRUE
fare_BOM-DEL_QP_2026-09-27_T+30_1787884760882_5o2g,BOM-DEL,EaseMyTrip,QP,QP-1939,2026-09-27,T+30,5423,1191,6614,2026-08-28T02:18:00.937Z,FALSE,"",10:10,TRUE
fare_BOM-DEL_6E_2026-09-27_T+30_1787884760882_y34v,BOM-DEL,EaseMyTrip,6E,6E-5197,2026-09-27,T+30,5423,1191,6614,2026-08-28T02:18:00.937Z,FALSE,"",06:40,TRUE
fare_BOM-DEL_6E_2026-09-27_T+30_1787884760882_1r5b,BOM-DEL,EaseMyTrip,6E,6E-843,2026-09-27,T+30,5510,1210,6720,2026-08-28T02:18:00.937Z,FALSE,"",23:45,TRUE
fare_BOM-DEL_6E_2026-09-27_T+30_1787884760882_z1dx,BOM-DEL,EaseMyTrip,6E,6E-934,2026-09-27,T+30,5510,1210,6720,2026-08-28T02:18:00.937Z,FALSE,"",23:45,TRUE
fare_BOM-DEL_6E_2026-09-27_T+30_1787884760882_sx87,BOM-DEL,EaseMyTrip,6E,6E-444,2026-09-27,T+30,5510,1210,6720,2026-08-28T02:18:00.937Z,FALSE,"",22:15,TRUE
fare_BOM-DEL_6E_2026-09-27_T+30_1787884760882_hs8z,BOM-DEL,EaseMyTrip,6E,6E-663,2026-09-27,T+30,5510,1210,6720,2026-08-28T02:18:00.937Z,FALSE,"",22:15,TRUE
fare_BOM-DEL_6E_2026-09-27_T+30_1787884760882_0pl7,BOM-DEL,EaseMyTrip,6E,6E-754,2026-09-27,T+30,5510,1210,6720,2026-08-28T02:18:00.937Z,FALSE,"",17:20,TRUE
fare_BOM-DEL_6E_2026-09-27_T+30_1787884760882_9dv3,BOM-DEL,EaseMyTrip,6E,6E-380,2026-09-27,T+30,5510,1210,6720,2026-08-28T02:18:00.937Z,FALSE,"",17:20,TRUE
fare_BOM-DEL_6E_2026-09-27_T+30_1787884760882_t6bu,BOM-DEL,EaseMyTrip,6E,6E-6082,2026-09-27,T+30,5510,1210,6720,2026-08-28T02:18:00.937Z,FALSE,"",16:45,TRUE
fare_BOM-DEL_6E_2026-09-27_T+30_1787884760882_pfdu,BOM-DEL,EaseMyTrip,6E,6E-873,2026-09-27,T+30,5510,1210,6720,2026-08-28T02:18:00.937Z,FALSE,"",16:00,TRUE
fare_BOM-DEL_6E_2026-09-27_T+30_1787884760882_3cwv,BOM-DEL,EaseMyTrip,6E,6E-318,2026-09-27,T+30,5510,1210,6720,2026-08-28T02:18:00.937Z,FALSE,"",16:00,TRUE
fare_BOM-DEL_6E_2026-09-27_T+30_1787884760882_mm0k,BOM-DEL,EaseMyTrip,6E,6E-586,2026-09-27,T+30,5510,1210,6720,2026-08-28T02:18:00.937Z,FALSE,"",15:00,TRUE
fare_BOM-DEL_6E_2026-09-27_T+30_1787884760882_6h8a,BOM-DEL,EaseMyTrip,6E,6E-756,2026-09-27,T+30,5510,1210,6720,2026-08-28T02:18:00.937Z,FALSE,"",15:00,TRUE
fare_BOM-DEL_6E_2026-09-27_T+30_1787884760882_75u1,BOM-DEL,EaseMyTrip,6E,6E-792,2026-09-27,T+30,5510,1210,6720,2026-08-28T02:18:00.937Z,FALSE,"",08:00,TRUE
fare_BOM-DEL_6E_2026-09-27_T+30_1787884760882_75gr,BOM-DEL,EaseMyTrip,6E,6E-628,2026-09-27,T+30,5510,1210,6720,2026-08-28T02:18:00.937Z,FALSE,"",08:00,TRUE
fare_BOM-DEL_6E_2026-09-27_T+30_1787884760882_m1vu,BOM-DEL,EaseMyTrip,6E,6E-6052,2026-09-27,T+30,5510,1210,6720,2026-08-28T02:18:00.937Z,FALSE,"",10:00,TRUE
fare_BOM-DEL_6E_2026-09-27_T+30_1787884760882_9qnd,BOM-DEL,EaseMyTrip,6E,6E-2090,2026-09-27,T+30,5552,1219,6771,2026-08-28T02:18:00.937Z,FALSE,"",06:25,TRUE
fare_BOM-DEL_QP_2026-09-27_T+30_1787884760882_g77f,BOM-DEL,EaseMyTrip,QP,QP-1120,2026-09-27,T+30,5578,1224,6802,2026-08-28T02:18:00.937Z,FALSE,"",18:45,TRUE
fare_BOM-DEL_AI_2026-09-27_T+30_1787884760882_r0sn,BOM-DEL,EaseMyTrip,AI,AI-2424,2026-09-27,T+30,5766,1266,7032,2026-08-28T02:18:00.937Z,FALSE,"",07:00,TRUE
fare_BOM-DEL_AI_2026-09-27_T+30_1787884760882_ruks,BOM-DEL,EaseMyTrip,AI,AI-2930,2026-09-27,T+30,5766,1266,7032,2026-08-28T02:18:00.937Z,FALSE,"",07:30,TRUE
fare_BOM-DEL_AI_2026-09-27_T+30_1787884760882_uq46,BOM-DEL,EaseMyTrip,AI,AI-2422,2026-09-27,T+30,5766,1266,7032,2026-08-28T02:18:00.937Z,FALSE,"",01:00,TRUE
fare_BOM-DEL_AI_2026-09-27_T+30_1787884760882_js84,BOM-DEL,EaseMyTrip,AI,AI-2428,2026-09-27,T+30,5766,1266,7032,2026-08-28T02:18:00.937Z,FALSE,"",08:00,TRUE
fare_BOM-DEL_AI_2026-09-27_T+30_1787884760882_mm8b,BOM-DEL,EaseMyTrip,AI,AI-2970,2026-09-27,T+30,5766,1266,7032,2026-08-28T02:18:00.937Z,FALSE,"",08:30,TRUE
fare_BOM-DEL_AI_2026-09-27_T+30_1787884760882_ymjh,BOM-DEL,EaseMyTrip,AI,AI-2432,2026-09-27,T+30,5766,1266,7032,2026-08-28T02:18:00.937Z,FALSE,"",09:30,TRUE
fare_BOM-DEL_6E_2026-09-27_T+30_1787884760882_6yc5,BOM-DEL,EaseMyTrip,6E,6E-6049,2026-09-27,T+30,5683,1247,6930,2026-08-28T02:18:00.937Z,FALSE,"",19:45,TRUE
fare_BOM-DEL_6E_2026-09-27_T+30_1787884760882_fimo,BOM-DEL,EaseMyTrip,6E,6E-230,2026-09-27,T+30,5683,1247,6930,2026-08-28T02:18:00.937Z,FALSE,"",19:00,TRUE
fare_BOM-DEL_6E_2026-09-27_T+30_1787884760882_i5y2,BOM-DEL,EaseMyTrip,6E,6E-106,2026-09-27,T+30,5683,1247,6930,2026-08-28T02:18:00.937Z,FALSE,"",19:00,TRUE
fare_BOM-DEL_6E_2026-09-27_T+30_1787884760882_xxb5,BOM-DEL,EaseMyTrip,6E,6E-6613,2026-09-27,T+30,5683,1247,6930,2026-08-28T02:18:00.937Z,FALSE,"",18:15,TRUE
fare_BOM-DEL_IX_2026-09-27_T+30_1787884760882_nbxd,BOM-DEL,EaseMyTrip,IX,IX-1364,2026-09-27,T+30,5956,1307,7263,2026-08-28T02:18:00.937Z,FALSE,"",21:55,TRUE
fare_BOM-DEL_AI_2026-09-27_T+30_1787884760882_savl,BOM-DEL,EaseMyTrip,AI,AI-816,2026-09-27,T+30,5897,1294,7191,2026-08-28T02:18:00.937Z,FALSE,"",21:00,TRUE
fare_BOM-DEL_AI_2026-09-27_T+30_1787884760882_okbz,BOM-DEL,EaseMyTrip,AI,AI-1895,2026-09-27,T+30,5897,1294,7191,2026-08-28T02:18:00.937Z,FALSE,"",21:30,TRUE
fare_BOM-DEL_AI_2026-09-27_T+30_1787884760882_x1ta,BOM-DEL,EaseMyTrip,AI,AI-2430,2026-09-27,T+30,5897,1294,7191,2026-08-28T02:18:00.937Z,FALSE,"",10:00,TRUE
fare_BOM-DEL_AI_2026-09-27_T+30_1787884760882_e860,BOM-DEL,EaseMyTrip,AI,AI-2944,2026-09-27,T+30,5897,1294,7191,2026-08-28T02:18:00.937Z,FALSE,"",14:35,TRUE
fare_BOM-DEL_AI_2026-09-27_T+30_1787884760882_nf4h,BOM-DEL,EaseMyTrip,AI,AI-2986,2026-09-27,T+30,5897,1294,7191,2026-08-28T02:18:00.937Z,FALSE,"",22:35,TRUE
fare_BOM-DEL_AI_2026-09-27_T+30_1787884760882_py80,BOM-DEL,EaseMyTrip,AI,AI-1882,2026-09-27,T+30,5897,1294,7191,2026-08-28T02:18:00.937Z,FALSE,"",23:55,TRUE
fare_BOM-DEL_6E_2026-09-27_T+30_1787884760882_yslq,BOM-DEL,EaseMyTrip,6E,6E-2237,2026-09-27,T+30,5739,1260,6999,2026-08-28T02:18:00.937Z,FALSE,"",18:40,FALSE
fare_BOM-DEL_6E_2026-09-27_T+30_1787884760882_8axf,BOM-DEL,EaseMyTrip,6E,6E-5059,2026-09-27,T+30,5739,1260,6999,2026-08-28T02:18:00.937Z,FALSE,"",05:45,FALSE
fare_BOM-DEL_6E_2026-09-27_T+30_1787884760882_qqoq,BOM-DEL,EaseMyTrip,6E,6E-2347,2026-09-27,T+30,5739,1260,6999,2026-08-28T02:18:00.937Z,FALSE,"",08:50,FALSE
fare_BOM-DEL_6E_2026-09-27_T+30_1787884760882_a2rq,BOM-DEL,EaseMyTrip,6E,6E-648,2026-09-27,T+30,5739,1260,6999,2026-08-28T02:18:00.937Z,FALSE,"",01:30,FALSE
fare_BOM-DEL_6E_2026-09-27_T+30_1787884760882_gskk,BOM-DEL,EaseMyTrip,6E,6E-495,2026-09-27,T+30,5739,1260,6999,2026-08-28T02:18:00.937Z,FALSE,"",01:30,FALSE
fare_BOM-DEL_6E_2026-09-27_T+30_1787884760882_d9ll,BOM-DEL,EaseMyTrip,6E,6E-5144,2026-09-27,T+30,5739,1260,6999,2026-08-28T02:18:00.937Z,FALSE,"",06:10,FALSE
fare_BOM-DEL_6E_2026-09-27_T+30_1787884760882_12vp,BOM-DEL,EaseMyTrip,6E,6E-392,2026-09-27,T+30,5739,1260,6999,2026-08-28T02:18:00.937Z,FALSE,"",14:40,FALSE
fare_BOM-DEL_6E_2026-09-27_T+30_1787884760882_id7x,BOM-DEL,EaseMyTrip,6E,6E-483,2026-09-27,T+30,5739,1260,6999,2026-08-28T02:18:00.937Z,FALSE,"",14:40,FALSE
fare_BOM-DEL_6E_2026-09-27_T+30_1787884760882_tt3w,BOM-DEL,EaseMyTrip,6E,6E-5107,2026-09-27,T+30,5739,1260,6999,2026-08-28T02:18:00.937Z,FALSE,"",20:00,FALSE
fare_BOM-DEL_6E_2026-09-27_T+30_1787884760882_hgj3,BOM-DEL,EaseMyTrip,6E,6E-5201,2026-09-27,T+30,5739,1260,6999,2026-08-28T02:18:00.937Z,FALSE,"",14:55,FALSE
fare_BOM-DEL_6E_2026-09-27_T+30_1787884760882_9ukk,BOM-DEL,EaseMyTrip,6E,6E-5164,2026-09-27,T+30,5847,1283,7130,2026-08-28T02:18:00.937Z,FALSE,"",20:20,FALSE
fare_BOM-DEL_6E_2026-09-27_T+30_1787884760882_pol8,BOM-DEL,EaseMyTrip,6E,6E-5147,2026-09-27,T+30,5847,1283,7130,2026-08-28T02:18:00.937Z,FALSE,"",18:35,FALSE
fare_BOM-DEL_6E_2026-09-27_T+30_1787884760882_jn2r,BOM-DEL,EaseMyTrip,6E,6E-6058,2026-09-27,T+30,5847,1283,7130,2026-08-28T02:18:00.937Z,FALSE,"",08:05,FALSE
fare_BOM-DEL_6E_2026-09-27_T+30_1787884760882_c28f,BOM-DEL,EaseMyTrip,6E,6E-5181,2026-09-27,T+30,5847,1283,7130,2026-08-28T02:18:00.937Z,FALSE,"",10:25,FALSE
fare_BOM-DEL_6E_2026-09-27_T+30_1787884760882_88y4,BOM-DEL,EaseMyTrip,6E,6E-5131,2026-09-27,T+30,5847,1283,7130,2026-08-28T02:18:00.937Z,FALSE,"",15:50,FALSE
fare_BOM-DEL_6E_2026-09-27_T+30_1787884760882_4g5l,BOM-DEL,EaseMyTrip,6E,6E-6802,2026-09-27,T+30,5847,1283,7130,2026-08-28T02:18:00.937Z,FALSE,"",16:55,FALSE
fare_BOM-DEL_6E_2026-09-27_T+30_1787884760882_di2i,BOM-DEL,EaseMyTrip,6E,6E-5273,2026-09-27,T+30,5847,1283,7130,2026-08-28T02:18:00.937Z,FALSE,"",18:35,FALSE
fare_BOM-DEL_6E_2026-09-27_T+30_1787884760882_8cut,BOM-DEL,EaseMyTrip,6E,6E-6122,2026-09-27,T+30,5847,1283,7130,2026-08-28T02:18:00.937Z,FALSE,"",12:25,FALSE
fare_BOM-DEL_6E_2026-09-27_T+30_1787884760882_d3za,BOM-DEL,EaseMyTrip,6E,6E-5345,2026-09-27,T+30,5847,1283,7130,2026-08-28T02:18:00.937Z,FALSE,"",14:25,FALSE
fare_BOM-DEL_6E_2026-09-27_T+30_1787884760882_jrce,BOM-DEL,EaseMyTrip,6E,6E-5281,2026-09-27,T+30,5888,1293,7181,2026-08-28T02:18:00.937Z,FALSE,"",08:40,FALSE
fare_BOM-DEL_6E_2026-09-27_T+30_1787884760882_pulo,BOM-DEL,EaseMyTrip,6E,6E-5135,2026-09-27,T+30,5888,1293,7181,2026-08-28T02:18:00.937Z,FALSE,"",23:20,FALSE
fare_BOM-DEL_6E_2026-09-27_T+30_1787884760882_exz3,BOM-DEL,EaseMyTrip,6E,6E-803,2026-09-27,T+30,5897,1295,7192,2026-08-28T02:18:00.937Z,FALSE,"",06:00,TRUE
fare_BOM-DEL_6E_2026-09-27_T+30_1787884760882_casd,BOM-DEL,EaseMyTrip,6E,6E-904,2026-09-27,T+30,5897,1295,7192,2026-08-28T02:18:00.937Z,FALSE,"",06:00,TRUE
fare_BOM-DEL_6E_2026-09-27_T+30_1787884760882_o9y1,BOM-DEL,EaseMyTrip,6E,6E-297,2026-09-27,T+30,5897,1295,7192,2026-08-28T02:18:00.937Z,FALSE,"",20:20,TRUE
fare_BOM-DEL_6E_2026-09-27_T+30_1787884760882_sugs,BOM-DEL,EaseMyTrip,6E,6E-267,2026-09-27,T+30,5897,1295,7192,2026-08-28T02:18:00.937Z,FALSE,"",20:20,TRUE
fare_BOM-DEL_6E_2026-09-27_T+30_1787884760882_5gaz,BOM-DEL,EaseMyTrip,6E,6E-196,2026-09-27,T+30,5897,1295,7192,2026-08-28T02:18:00.937Z,FALSE,"",21:15,TRUE
fare_BOM-DEL_6E_2026-09-27_T+30_1787884760882_0a9e,BOM-DEL,EaseMyTrip,6E,6E-605,2026-09-27,T+30,5897,1295,7192,2026-08-28T02:18:00.937Z,FALSE,"",21:15,TRUE
fare_BOM-DEL_6E_2026-09-27_T+30_1787884760882_wfym,BOM-DEL,EaseMyTrip,6E,6E-6827,2026-09-27,T+30,5897,1295,7192,2026-08-28T02:18:00.937Z,FALSE,"",11:30,TRUE
fare_BOM-DEL_AI_2026-09-27_T+30_1787884760882_x57d,BOM-DEL,EaseMyTrip,AI,AI-2928,2026-09-27,T+30,6069,1332,7401,2026-08-28T02:18:00.937Z,FALSE,"",06:30,TRUE
fare_BOM-DEL_AI_2026-09-27_T+30_1787884760882_0c56,BOM-DEL,EaseMyTrip,AI,AI-2408,2026-09-27,T+30,6069,1332,7401,2026-08-28T02:18:00.937Z,FALSE,"",19:30,TRUE
fare_BOM-DEL_AI_2026-09-27_T+30_1787884760882_th0m,BOM-DEL,EaseMyTrip,AI,AI-2952,2026-09-27,T+30,6069,1332,7401,2026-08-28T02:18:00.937Z,FALSE,"",11:25,TRUE
fare_BOM-DEL_AI_2026-09-27_T+30_1787884760882_2sqo,BOM-DEL,EaseMyTrip,AI,AI-2442,2026-09-27,T+30,6069,1332,7401,2026-08-28T02:18:00.937Z,FALSE,"",15:00,TRUE
fare_BOM-DEL_AI_2026-09-27_T+30_1787884760882_4x88,BOM-DEL,EaseMyTrip,AI,AI-2940,2026-09-27,T+30,6069,1332,7401,2026-08-28T02:18:00.937Z,FALSE,"",20:00,TRUE
fare_BOM-DEL_AI_2026-09-27_T+30_1787884760882_t3h2,BOM-DEL,EaseMyTrip,AI,AI-2988,2026-09-27,T+30,6069,1332,7401,2026-08-28T02:18:00.937Z,FALSE,"",20:30,TRUE
fare_BOM-DEL_6E_2026-09-27_T+30_1787884760882_5n1q,BOM-DEL,EaseMyTrip,6E,6E-7017,2026-09-27,T+30,5907,1297,7204,2026-08-28T02:18:00.937Z,FALSE,"",21:30,FALSE
fare_BOM-DEL_6E_2026-09-27_T+30_1787884760882_qeqn,BOM-DEL,EaseMyTrip,6E,6E-5238,2026-09-27,T+30,5907,1297,7204,2026-08-28T02:18:00.937Z,FALSE,"",18:25,FALSE
fare_BOM-DEL_6E_2026-09-27_T+30_1787884760882_5hoe,BOM-DEL,EaseMyTrip,6E,6E-2138,2026-09-27,T+30,5907,1297,7204,2026-08-28T02:18:00.937Z,FALSE,"",16:20,FALSE
fare_BOM-DEL_6E_2026-09-27_T+30_1787884760882_v0zb,BOM-DEL,EaseMyTrip,6E,6E-5028,2026-09-27,T+30,5911,1298,7209,2026-08-28T02:18:00.937Z,FALSE,"",19:35,FALSE
fare_BOM-DEL_6E_2026-09-27_T+30_1787884760882_ew1p,BOM-DEL,EaseMyTrip,6E,6E-5056,2026-09-27,T+30,6019,1321,7340,2026-08-28T02:18:00.937Z,FALSE,"",21:10,FALSE
fare_BOM-DEL_6E_2026-09-27_T+30_1787884760882_f9v9,BOM-DEL,EaseMyTrip,6E,6E-5386,2026-09-27,T+30,6019,1321,7340,2026-08-28T02:18:00.937Z,FALSE,"",15:10,FALSE
fare_BOM-DEL_6E_2026-09-27_T+30_1787884760882_d08i,BOM-DEL,EaseMyTrip,6E,6E-6195,2026-09-27,T+30,6019,1321,7340,2026-08-28T02:18:00.937Z,FALSE,"",23:00,FALSE
fare_BOM-DEL_AI_2026-09-27_T+30_1787884760882_jb99,BOM-DEL,EaseMyTrip,AI,AI-2440,2026-09-27,T+30,6270,1376,7646,2026-08-28T02:18:00.937Z,FALSE,"",18:00,TRUE
fare_BOM-DEL_AI_2026-09-27_T+30_1787884760882_xvv8,BOM-DEL,EaseMyTrip,AI,AI-2419,2026-09-27,T+30,6283,1379,7662,2026-08-28T02:18:00.937Z,FALSE,"",12:00,TRUE
fare_BOM-DEL_AI_2026-09-27_T+30_1787884760882_dl2w,BOM-DEL,EaseMyTrip,AI,AI-1851,2026-09-27,T+30,6283,1379,7662,2026-08-28T02:18:00.937Z,FALSE,"",15:30,TRUE
fare_BOM-DEL_6E_2026-09-27_T+30_1787884760882_tzib,BOM-DEL,EaseMyTrip,6E,6E-912,2026-09-27,T+30,6198,1361,7559,2026-08-28T02:18:00.937Z,FALSE,"",17:20,TRUE
fare_BOM-DEL_6E_2026-09-27_T+30_1787884760882_u7qm,BOM-DEL,EaseMyTrip,6E,6E-407,2026-09-27,T+30,6198,1361,7559,2026-08-28T02:18:00.937Z,FALSE,"",17:20,TRUE
fare_BOM-DEL_6E_2026-09-27_T+30_1787884760882_5kxo,BOM-DEL,EaseMyTrip,6E,6E-6599,2026-09-27,T+30,6305,1384,7689,2026-08-28T02:18:00.937Z,FALSE,"",16:50,FALSE
fare_BOM-DEL_6E_2026-09-27_T+30_1787884760882_qopx,BOM-DEL,EaseMyTrip,6E,6E-5246,2026-09-27,T+30,6477,1422,7899,2026-08-28T02:18:00.937Z,FALSE,"",07:15,FALSE
fare_BOM-DEL_6E_2026-09-27_T+30_1787884760882_0ueu,BOM-DEL,EaseMyTrip,6E,6E-5326,2026-09-27,T+30,6477,1422,7899,2026-08-28T02:18:00.937Z,FALSE,"",19:40,FALSE
fare_BOM-DEL_IX_2026-09-27_T+30_1787884760882_qekp,BOM-DEL,EaseMyTrip,IX,IX-1237,2026-09-27,T+30,7512,1649,9161,2026-08-28T02:18:00.937Z,FALSE,"",05:55,FALSE
fare_BOM-DEL_6E_2026-09-27_T+30_1787884760882_y5zk,BOM-DEL,EaseMyTrip,6E,6E-2703,2026-09-27,T+30,6862,1506,8368,2026-08-28T02:18:00.937Z,FALSE,"",10:20,FALSE
fare_BOM-DEL_6E_2026-09-27_T+30_1787884760882_3003,BOM-DEL,EaseMyTrip,6E,6E-957,2026-09-27,T+30,7426,1630,9056,2026-08-28T02:18:00.937Z,FALSE,"",19:20,FALSE
fare_BOM-DEL_6E_2026-09-27_T+30_1787884760882_8qow,BOM-DEL,EaseMyTrip,6E,6E-838,2026-09-27,T+30,7426,1630,9056,2026-08-28T02:18:00.937Z,FALSE,"",19:20,FALSE
fare_BOM-DEL_6E_2026-09-27_T+30_1787884760882_zfqv,BOM-DEL,EaseMyTrip,6E,6E-755,2026-09-27,T+30,7426,1630,9056,2026-08-28T02:18:00.937Z,FALSE,"",04:30,FALSE
fare_BOM-DEL_6E_2026-09-27_T+30_1787884760882_we43,BOM-DEL,EaseMyTrip,6E,6E-189,2026-09-27,T+30,7426,1630,9056,2026-08-28T02:18:00.937Z,FALSE,"",04:30,FALSE
fare_BOM-DEL_AI_2026-09-27_T+30_1787884760882_hkfa,BOM-DEL,EaseMyTrip,AI,AI-2677,2026-09-27,T+30,7648,1679,9327,2026-08-28T02:18:00.937Z,FALSE,"",13:00,TRUE
fare_BOM-DEL_AI_2026-09-27_T+30_1787884760882_wnw0,BOM-DEL,EaseMyTrip,AI,AI-1891,2026-09-27,T+30,8002,1757,9759,2026-08-28T02:18:00.937Z,FALSE,"",08:10,TRUE
fare_BOM-DEL_AI_2026-09-27_T+30_1787884760882_rh4g,BOM-DEL,EaseMyTrip,AI,AI-2687,2026-09-27,T+30,8034,1764,9798,2026-08-28T02:18:00.937Z,FALSE,"",16:35,TRUE
fare_BOM-DEL_AI_2026-09-27_T+30_1787884760882_3cbr,BOM-DEL,EaseMyTrip,AI,AI-9716,2026-09-27,T+30,8142,1787,9929,2026-08-28T02:18:00.937Z,FALSE,"",06:05,FALSE
fare_BOM-DEL_IX_2026-09-27_T+30_1787884760882_kf5f,BOM-DEL,EaseMyTrip,IX,IX-1809,2026-09-27,T+30,8322,1827,10149,2026-08-28T02:18:00.937Z,FALSE,"",07:30,FALSE
fare_BOM-DEL_AI_2026-09-27_T+30_1787884760882_i6yl,BOM-DEL,EaseMyTrip,AI,AI-9718,2026-09-27,T+30,8341,1831,10172,2026-08-28T02:18:00.937Z,FALSE,"",20:05,FALSE
fare_BOM-DEL_IX_2026-09-27_T+30_1787884760882_5nfz,BOM-DEL,EaseMyTrip,IX,IX-1163,2026-09-27,T+30,8989,1973,10962,2026-08-28T02:18:00.937Z,FALSE,"",20:45,FALSE
fare_BOM-DEL_6E_2026-09-27_T+30_1787884760882_7vyc,BOM-DEL,EaseMyTrip,6E,6E-6027,2026-09-27,T+30,8638,1896,10534,2026-08-28T02:18:00.937Z,FALSE,"",17:35,FALSE
fare_BOM-DEL_6E_2026-09-27_T+30_1787884760882_bg24,BOM-DEL,EaseMyTrip,6E,6E-5154,2026-09-27,T+30,8638,1896,10534,2026-08-28T02:18:00.937Z,FALSE,"",15:45,FALSE
fare_BOM-DEL_IX_2026-09-27_T+30_1787884760882_si2z,BOM-DEL,EaseMyTrip,IX,IX-1023,2026-09-27,T+30,9041,1984,11025,2026-08-28T02:18:00.937Z,FALSE,"",11:25,FALSE
fare_BOM-DEL_6E_2026-09-27_T+30_1787884760882_cezb,BOM-DEL,EaseMyTrip,6E,6E-5178,2026-09-27,T+30,9630,2114,11744,2026-08-28T02:18:00.937Z,FALSE,"",11:45,FALSE
fare_BOM-DEL_AI_2026-09-27_T+30_1787884760882_c5mh,BOM-DEL,EaseMyTrip,AI,AI-9891,2026-09-27,T+30,9966,2188,12154,2026-08-28T02:18:00.937Z,FALSE,"",13:10,FALSE
fare_BOM-DEL_IX_2026-09-27_T+30_1787884760882_4q78,BOM-DEL,EaseMyTrip,IX,IX-1026,2026-09-27,T+30,10276,2256,12532,2026-08-28T02:18:00.937Z,FALSE,"",05:45,FALSE
fare_BOM-DEL_IX_2026-09-27_T+30_1787884760882_4ndy,BOM-DEL,EaseMyTrip,IX,IX-1626,2026-09-27,T+30,10426,2289,12715,2026-08-28T02:18:00.937Z,FALSE,"",12:00,FALSE
fare_BOM-DEL_IX_2026-09-27_T+30_1787884760882_0e6f,BOM-DEL,EaseMyTrip,IX,IX-1347,2026-09-27,T+30,10550,2316,12866,2026-08-28T02:18:00.937Z,FALSE,"",06:00,FALSE
fare_BOM-DEL_6E_2026-09-27_T+30_1787884760882_vl0s,BOM-DEL,EaseMyTrip,6E,6E-5318,2026-09-27,T+30,10425,2288,12713,2026-08-28T02:18:00.937Z,FALSE,"",10:15,FALSE
fare_BOM-DEL_QP_2026-09-27_T+30_1787884760882_1a8i,BOM-DEL,EaseMyTrip,QP,QP-1516,2026-09-27,T+30,10493,2303,12796,2026-08-28T02:18:00.937Z,FALSE,"",00:40,FALSE
fare_BOM-DEL_AI_2026-09-27_T+30_1787884760882_gcfv,BOM-DEL,EaseMyTrip,AI,AI-2915,2026-09-27,T+30,11126,2442,13568,2026-08-28T02:18:00.937Z,FALSE,"",15:30,FALSE
fare_BOM-DEL_AI_2026-09-27_T+30_1787884760882_yewm,BOM-DEL,EaseMyTrip,AI,AI-2847,2026-09-27,T+30,11214,2461,13675,2026-08-28T02:18:00.937Z,FALSE,"",09:55,FALSE
fare_BOM-DEL_AI_2026-09-27_T+30_1787884760882_6k48,BOM-DEL,EaseMyTrip,AI,AI-2493,2026-09-27,T+30,11214,2461,13675,2026-08-28T02:18:00.937Z,FALSE,"",18:25,FALSE
fare_BOM-DEL_AI_2026-09-27_T+30_1787884760882_a2a4,BOM-DEL,EaseMyTrip,AI,AI-2503,2026-09-27,T+30,11236,2466,13702,2026-08-28T02:18:00.937Z,FALSE,"",12:55,FALSE
fare_BOM-DEL_IX_2026-09-27_T+30_1787884760882_oou7,BOM-DEL,EaseMyTrip,IX,IX-1640,2026-09-27,T+30,11598,2546,14144,2026-08-28T02:18:00.937Z,FALSE,"",21:10,FALSE
fare_BOM-DEL_AI_2026-09-27_T+30_1787884760882_22wp,BOM-DEL,EaseMyTrip,AI,AI-493,2026-09-27,T+30,11399,2502,13901,2026-08-28T02:18:00.937Z,FALSE,"",06:40,FALSE
fare_BOM-DEL_6E_2026-09-27_T+30_1787884760882_1hx7,BOM-DEL,EaseMyTrip,6E,6E-2024,2026-09-27,T+30,11242,2468,13710,2026-08-28T02:18:00.937Z,FALSE,"",09:15,FALSE
fare_BOM-DEL_AI_2026-09-27_T+30_1787884760882_y2u3,BOM-DEL,EaseMyTrip,AI,AI-2491,2026-09-27,T+30,11542,2534,14076,2026-08-28T02:18:00.937Z,FALSE,"",11:15,FALSE
fare_BOM-DEL_AI_2026-09-27_T+30_1787884760882_lym4,BOM-DEL,EaseMyTrip,AI,AI-2931,2026-09-27,T+30,11737,2577,14314,2026-08-28T02:18:00.937Z,FALSE,"",04:30,FALSE
fare_BOM-DEL_AI_2026-09-27_T+30_1787884760882_tenc,BOM-DEL,EaseMyTrip,AI,AI-621,2026-09-27,T+30,12440,2731,15171,2026-08-28T02:18:00.937Z,FALSE,"",16:55,FALSE
fare_BOM-DEL_AI_2026-09-27_T+30_1787884760882_rdkm,BOM-DEL,EaseMyTrip,AI,AI-2785,2026-09-27,T+30,12656,2778,15434,2026-08-28T02:18:00.937Z,FALSE,"",06:40,FALSE
fare_BOM-DEL_6E_2026-09-27_T+30_1787884760882_q834,BOM-DEL,EaseMyTrip,6E,6E-6543,2026-09-27,T+30,12598,2766,15364,2026-08-28T02:18:00.937Z,FALSE,"",07:50,FALSE
fare_BOM-DEL_IX_2026-09-27_T+30_1787884760882_55yk,BOM-DEL,EaseMyTrip,IX,IX-1797,2026-09-27,T+30,13745,3017,16762,2026-08-28T02:18:00.937Z,FALSE,"",05:05,FALSE
fare_BOM-DEL_AI_2026-09-27_T+30_1787884760882_g516,BOM-DEL,EaseMyTrip,AI,AI-2659,2026-09-27,T+30,13091,2874,15965,2026-08-28T02:18:00.937Z,FALSE,"",14:35,FALSE
fare_BOM-DEL_IX_2026-09-27_T+30_1787884760882_jb4n,BOM-DEL,EaseMyTrip,IX,IX-1164,2026-09-27,T+30,13580,2981,16561,2026-08-28T02:18:00.937Z,FALSE,"",17:35,FALSE
fare_BOM-DEL_AI_2026-09-27_T+30_1787884760882_n7c2,BOM-DEL,EaseMyTrip,AI,AI-2753,2026-09-27,T+30,13595,2984,16579,2026-08-28T02:18:00.937Z,FALSE,"",13:50,FALSE
fare_BOM-DEL_6E_2026-09-27_T+30_1787884760882_fcm4,BOM-DEL,EaseMyTrip,6E,6E-395,2026-09-27,T+30,13551,2974,16525,2026-08-28T02:18:00.937Z,FALSE,"",12:40,FALSE
fare_BOM-DEL_6E_2026-09-27_T+30_1787884760882_l217,BOM-DEL,EaseMyTrip,6E,6E-169,2026-09-27,T+30,13551,2974,16525,2026-08-28T02:18:00.937Z,FALSE,"",12:40,FALSE
fare_BOM-DEL_IX_2026-09-27_T+30_1787884760882_dlzs,BOM-DEL,EaseMyTrip,IX,IX-1283,2026-09-27,T+30,14184,3113,17297,2026-08-28T02:18:00.937Z,FALSE,"",09:05,FALSE
fare_BOM-DEL_IX_2026-09-27_T+30_1787884760882_nbcy,BOM-DEL,EaseMyTrip,IX,IX-5985,2026-09-27,T+30,14238,3126,17364,2026-08-28T02:18:00.937Z,FALSE,"",15:35,FALSE
fare_BOM-DEL_AI_2026-09-27_T+30_1787884760882_ff3s,BOM-DEL,EaseMyTrip,AI,AI-2741,2026-09-27,T+30,13953,3063,17016,2026-08-28T02:18:00.937Z,FALSE,"",07:40,FALSE
fare_BOM-DEL_AI_2026-09-27_T+30_1787884760882_7e1z,BOM-DEL,EaseMyTrip,AI,AI-2749,2026-09-27,T+30,14173,3111,17284,2026-08-28T02:18:00.937Z,FALSE,"",17:35,FALSE
fare_BOM-DEL_IX_2026-09-27_T+30_1787884760882_9ady,BOM-DEL,EaseMyTrip,IX,IX-1810,2026-09-27,T+30,14654,3217,17871,2026-08-28T02:18:00.937Z,FALSE,"",13:40,FALSE
fare_BOM-DEL_AI_2026-09-27_T+30_1787884760882_g5sl,BOM-DEL,EaseMyTrip,AI,AI-2997,2026-09-27,T+30,14523,3188,17711,2026-08-28T02:18:00.937Z,FALSE,"",10:10,FALSE
fare_BOM-DEL_AI_2026-09-27_T+30_1787884760882_xtvw,BOM-DEL,EaseMyTrip,AI,AI-2728,2026-09-27,T+30,14523,3188,17711,2026-08-28T02:18:00.937Z,FALSE,"",05:20,FALSE
fare_BOM-DEL_AI_2026-09-27_T+30_1787884760882_xlza,BOM-DEL,EaseMyTrip,AI,AI-9558,2026-09-27,T+30,14578,3200,17778,2026-08-28T02:18:00.937Z,FALSE,"",07:30,FALSE
fare_BOM-DEL_6E_2026-09-27_T+30_1787884760882_f4lp,BOM-DEL,EaseMyTrip,6E,6E-6361,2026-09-27,T+30,14584,3201,17785,2026-08-28T02:18:00.937Z,FALSE,"",05:00,FALSE
fare_BOM-DEL_AI_2026-09-27_T+30_1787884760882_vjs3,BOM-DEL,EaseMyTrip,AI,AI-2444,2026-09-27,T+30,14830,3255,18085,2026-08-28T02:18:00.937Z,FALSE,"",10:50,FALSE
fare_BOM-DEL_AI_2026-09-27_T+30_1787884760882_d10q,BOM-DEL,EaseMyTrip,AI,AI-2531,2026-09-27,T+30,15132,3322,18454,2026-08-28T02:18:00.937Z,FALSE,"",15:05,FALSE
fare_BOM-DEL_AI_2026-09-27_T+30_1787884760882_lbau,BOM-DEL,EaseMyTrip,AI,AI-2853,2026-09-27,T+30,16500,3622,20122,2026-08-28T02:18:00.937Z,FALSE,"",15:25,FALSE
fare_BOM-DEL_IX_2026-09-27_T+30_1787884760882_k56t,BOM-DEL,EaseMyTrip,IX,IX-1176,2026-09-27,T+30,17283,3794,21077,2026-08-28T02:18:00.937Z,TRUE,"High outlier: ₹21077 > upper fence ₹20463 (Q3: ₹12343, IQR: ₹5413)",11:20,FALSE
fare_BOM-DEL_IX_2026-09-27_T+30_1787884760882_f4ie,BOM-DEL,EaseMyTrip,IX,IX-1238,2026-09-27,T+30,17992,3950,21942,2026-08-28T02:18:00.937Z,TRUE,"High outlier: ₹21942 > upper fence ₹20463 (Q3: ₹12343, IQR: ₹5413)",12:25,FALSE
fare_BOM-DEL_AI_2026-09-27_T+30_1787884760882_90y1,BOM-DEL,EaseMyTrip,AI,AI-2781,2026-09-27,T+30,20541,4509,25050,2026-08-28T02:18:00.937Z,TRUE,"High outlier: ₹25050 > upper fence ₹20463 (Q3: ₹12343, IQR: ₹5413)",10:45,FALSE
fare_BOM-DEL_AI_2026-09-27_T+30_1787884760882_50o9,BOM-DEL,EaseMyTrip,AI,AI-2625,2026-09-27,T+30,20724,4549,25273,2026-08-28T02:18:00.937Z,TRUE,"High outlier: ₹25273 > upper fence ₹20463 (Q3: ₹12343, IQR: ₹5413)",06:00,FALSE
fare_BOM-DEL_AI_2026-09-27_T+30_1787884760882_s0fj,BOM-DEL,EaseMyTrip,AI,AI-2579,2026-09-27,T+30,21480,4715,26195,2026-08-28T02:18:00.937Z,TRUE,"High outlier: ₹26195 > upper fence ₹20463 (Q3: ₹12343, IQR: ₹5413)",10:35,FALSE
fare_BOM-DEL_AI_2026-09-27_T+30_1787884760882_bzjs,BOM-DEL,EaseMyTrip,AI,AI-9533,2026-09-27,T+30,21915,4810,26725,2026-08-28T02:18:00.937Z,TRUE,"High outlier: ₹26725 > upper fence ₹20463 (Q3: ₹12343, IQR: ₹5413)",16:30,FALSE
fare_BOM-DEL_AI_2026-09-27_T+30_1787884760882_83fy,BOM-DEL,EaseMyTrip,AI,AI-2420,2026-09-27,T+30,27983,6143,34126,2026-08-28T02:18:00.937Z,TRUE,"High outlier: ₹34126 > upper fence ₹20463 (Q3: ₹12343, IQR: ₹5413)",11:20,FALSE
fare_BOM-DEL_IX_2026-09-04_T+7_1787884760883_63mx,BOM-DEL,EaseMyTrip,IX,IX-1787,2026-09-04,T+7,5595,1228,6823,2026-08-28T02:17:48.347Z,FALSE,"",13:10,FALSE
fare_BOM-DEL_SG_2026-09-04_T+7_1787884760883_5czp,BOM-DEL,EaseMyTrip,SG,SG-127,2026-09-04,T+7,5220,1146,6366,2026-08-28T02:17:48.347Z,FALSE,"",01:50,TRUE
fare_BOM-DEL_SG_2026-09-04_T+7_1787884760883_1jcl,BOM-DEL,EaseMyTrip,SG,SG-431,2026-09-04,T+7,5220,1146,6366,2026-08-28T02:17:48.347Z,FALSE,"",01:50,TRUE
fare_BOM-DEL_6E_2026-09-04_T+7_1787884760883_iwwx,BOM-DEL,EaseMyTrip,6E,6E-5095,2026-09-04,T+7,5014,1101,6115,2026-08-28T02:17:48.347Z,FALSE,"",09:20,TRUE
fare_BOM-DEL_6E_2026-09-04_T+7_1787884760883_rce5,BOM-DEL,EaseMyTrip,6E,6E-5059,2026-09-04,T+7,5036,1106,6142,2026-08-28T02:17:48.347Z,FALSE,"",05:45,FALSE
fare_BOM-DEL_6E_2026-09-04_T+7_1787884760883_38b9,BOM-DEL,EaseMyTrip,6E,6E-620,2026-09-04,T+7,5036,1106,6142,2026-08-28T02:17:48.347Z,FALSE,"",01:30,FALSE
fare_BOM-DEL_6E_2026-09-04_T+7_1787884760883_jmaw,BOM-DEL,EaseMyTrip,6E,6E-259,2026-09-04,T+7,5036,1106,6142,2026-08-28T02:17:48.347Z,FALSE,"",01:30,FALSE
fare_BOM-DEL_6E_2026-09-04_T+7_1787884760883_9s5j,BOM-DEL,EaseMyTrip,6E,6E-5144,2026-09-04,T+7,5036,1106,6142,2026-08-28T02:17:48.347Z,FALSE,"",06:10,FALSE
fare_BOM-DEL_6E_2026-09-04_T+7_1787884760883_prb6,BOM-DEL,EaseMyTrip,6E,6E-5107,2026-09-04,T+7,5036,1106,6142,2026-08-28T02:17:48.347Z,FALSE,"",20:00,FALSE
fare_BOM-DEL_IX_2026-09-04_T+7_1787884760883_0ksg,BOM-DEL,EaseMyTrip,IX,IX-1050,2026-09-04,T+7,5380,1181,6561,2026-08-28T02:17:48.347Z,FALSE,"",08:55,TRUE
fare_BOM-DEL_6E_2026-09-04_T+7_1787884760883_8v4t,BOM-DEL,EaseMyTrip,6E,6E-6599,2026-09-04,T+7,5145,1129,6274,2026-08-28T02:17:48.347Z,FALSE,"",16:50,FALSE
fare_BOM-DEL_6E_2026-09-04_T+7_1787884760883_6054,BOM-DEL,EaseMyTrip,6E,6E-5147,2026-09-04,T+7,5145,1129,6274,2026-08-28T02:17:48.347Z,FALSE,"",18:35,FALSE
fare_BOM-DEL_6E_2026-09-04_T+7_1787884760883_bnv5,BOM-DEL,EaseMyTrip,6E,6E-5164,2026-09-04,T+7,5145,1129,6274,2026-08-28T02:17:48.347Z,FALSE,"",20:20,FALSE
fare_BOM-DEL_6E_2026-09-04_T+7_1787884760883_9e52,BOM-DEL,EaseMyTrip,6E,6E-6058,2026-09-04,T+7,5145,1129,6274,2026-08-28T02:17:48.347Z,FALSE,"",08:05,FALSE
fare_BOM-DEL_6E_2026-09-04_T+7_1787884760883_v4ut,BOM-DEL,EaseMyTrip,6E,6E-5131,2026-09-04,T+7,5145,1129,6274,2026-08-28T02:17:48.347Z,FALSE,"",15:50,FALSE
fare_BOM-DEL_6E_2026-09-04_T+7_1787884760883_mbqn,BOM-DEL,EaseMyTrip,6E,6E-6122,2026-09-04,T+7,5145,1129,6274,2026-08-28T02:17:48.347Z,FALSE,"",12:25,FALSE
fare_BOM-DEL_6E_2026-09-04_T+7_1787884760883_9t5l,BOM-DEL,EaseMyTrip,6E,6E-5345,2026-09-04,T+7,5145,1129,6274,2026-08-28T02:17:48.347Z,FALSE,"",14:25,FALSE
fare_BOM-DEL_IX_2026-09-04_T+7_1787884760883_y42n,BOM-DEL,EaseMyTrip,IX,IX-2153,2026-09-04,T+7,5439,1194,6633,2026-08-28T02:17:48.347Z,FALSE,"",20:25,TRUE
fare_BOM-DEL_6E_2026-09-04_T+7_1787884760883_btfn,BOM-DEL,EaseMyTrip,6E,6E-5028,2026-09-04,T+7,5209,1143,6352,2026-08-28T02:17:48.347Z,FALSE,"",19:35,FALSE
fare_BOM-DEL_6E_2026-09-04_T+7_1787884760883_rmvz,BOM-DEL,EaseMyTrip,6E,6E-206,2026-09-04,T+7,5209,1143,6352,2026-08-28T02:17:48.347Z,FALSE,"",19:20,FALSE
fare_BOM-DEL_6E_2026-09-04_T+7_1787884760883_x86c,BOM-DEL,EaseMyTrip,6E,6E-795,2026-09-04,T+7,5209,1143,6352,2026-08-28T02:17:48.347Z,FALSE,"",19:20,FALSE
fare_BOM-DEL_6E_2026-09-04_T+7_1787884760883_haxy,BOM-DEL,EaseMyTrip,6E,6E-180,2026-09-04,T+7,5209,1143,6352,2026-08-28T02:17:48.347Z,FALSE,"",04:45,FALSE
fare_BOM-DEL_6E_2026-09-04_T+7_1787884760883_lomf,BOM-DEL,EaseMyTrip,6E,6E-483,2026-09-04,T+7,5209,1143,6352,2026-08-28T02:17:48.347Z,FALSE,"",04:45,FALSE
fare_BOM-DEL_IX_2026-09-04_T+7_1787884760883_xl9t,BOM-DEL,EaseMyTrip,IX,IX-1026,2026-09-04,T+7,5930,1302,7232,2026-08-28T02:17:48.347Z,FALSE,"",05:45,FALSE
fare_BOM-DEL_SG_2026-09-04_T+7_1787884760883_9tyg,BOM-DEL,EaseMyTrip,SG,SG-335,2026-09-04,T+7,5528,1213,6741,2026-08-28T02:17:48.347Z,FALSE,"",17:55,TRUE
fare_BOM-DEL_SG_2026-09-04_T+7_1787884760883_aykt,BOM-DEL,EaseMyTrip,SG,SG-818,2026-09-04,T+7,5528,1213,6741,2026-08-28T02:17:48.347Z,FALSE,"",17:55,TRUE
fare_BOM-DEL_SG_2026-09-04_T+7_1787884760883_h4rk,BOM-DEL,EaseMyTrip,SG,SG-430,2026-09-04,T+7,5528,1213,6741,2026-08-28T02:17:48.347Z,FALSE,"",23:55,TRUE
fare_BOM-DEL_SG_2026-09-04_T+7_1787884760883_t0m5,BOM-DEL,EaseMyTrip,SG,SG-889,2026-09-04,T+7,5528,1213,6741,2026-08-28T02:17:48.347Z,FALSE,"",23:55,TRUE
fare_BOM-DEL_6E_2026-09-04_T+7_1787884760883_p42z,BOM-DEL,EaseMyTrip,6E,6E-6543,2026-09-04,T+7,5263,1155,6418,2026-08-28T02:17:48.347Z,FALSE,"",07:50,FALSE
fare_BOM-DEL_IX_2026-09-04_T+7_1787884760883_zxnu,BOM-DEL,EaseMyTrip,IX,IX-1671,2026-09-04,T+7,5545,1217,6762,2026-08-28T02:17:48.347Z,FALSE,"",16:45,TRUE
fare_BOM-DEL_6E_2026-09-04_T+7_1787884760883_dse8,BOM-DEL,EaseMyTrip,6E,6E-828,2026-09-04,T+7,5317,1167,6484,2026-08-28T02:17:48.347Z,FALSE,"",17:45,FALSE
fare_BOM-DEL_6E_2026-09-04_T+7_1787884760883_i2qf,BOM-DEL,EaseMyTrip,6E,6E-655,2026-09-04,T+7,5317,1167,6484,2026-08-28T02:17:48.347Z,FALSE,"",17:45,FALSE
fare_BOM-DEL_6E_2026-09-04_T+7_1787884760883_408i,BOM-DEL,EaseMyTrip,6E,6E-5056,2026-09-04,T+7,5317,1167,6484,2026-08-28T02:17:48.347Z,FALSE,"",21:10,FALSE
fare_BOM-DEL_6E_2026-09-04_T+7_1787884760883_tfgu,BOM-DEL,EaseMyTrip,6E,6E-6195,2026-09-04,T+7,5317,1167,6484,2026-08-28T02:17:48.347Z,FALSE,"",23:00,FALSE
fare_BOM-DEL_QP_2026-09-04_T+7_1787884760883_qs5z,BOM-DEL,EaseMyTrip,QP,QP-2071,2026-09-04,T+7,5330,1170,6500,2026-08-28T02:17:48.347Z,FALSE,"",06:05,TRUE
fare_BOM-DEL_6E_2026-09-04_T+7_1787884760883_wlts,BOM-DEL,EaseMyTrip,6E,6E-2090,2026-09-04,T+7,5380,1181,6561,2026-08-28T02:17:48.347Z,FALSE,"",06:25,TRUE
fare_BOM-DEL_QP_2026-09-04_T+7_1787884760883_43yb,BOM-DEL,EaseMyTrip,QP,QP-1111,2026-09-04,T+7,5381,1181,6562,2026-08-28T02:17:48.347Z,FALSE,"",05:25,TRUE
fare_BOM-DEL_QP_2026-09-04_T+7_1787884760883_tjsf,BOM-DEL,EaseMyTrip,QP,QP-1109,2026-09-04,T+7,5381,1181,6562,2026-08-28T02:17:48.347Z,FALSE,"",07:00,TRUE
fare_BOM-DEL_QP_2026-09-04_T+7_1787884760883_w6m4,BOM-DEL,EaseMyTrip,QP,QP-1127,2026-09-04,T+7,5381,1181,6562,2026-08-28T02:17:48.347Z,FALSE,"",13:00,TRUE
fare_BOM-DEL_QP_2026-09-04_T+7_1787884760883_6zur,BOM-DEL,EaseMyTrip,QP,QP-1819,2026-09-04,T+7,5381,1181,6562,2026-08-28T02:17:48.347Z,FALSE,"",14:30,TRUE
fare_BOM-DEL_QP_2026-09-04_T+7_1787884760883_jjyp,BOM-DEL,EaseMyTrip,QP,QP-1834,2026-09-04,T+7,5381,1181,6562,2026-08-28T02:17:48.347Z,FALSE,"",10:20,TRUE
fare_BOM-DEL_QP_2026-09-04_T+7_1787884760883_qg9m,BOM-DEL,EaseMyTrip,QP,QP-1825,2026-09-04,T+7,5381,1181,6562,2026-08-28T02:17:48.347Z,FALSE,"",16:50,TRUE
fare_BOM-DEL_QP_2026-09-04_T+7_1787884760883_hf9z,BOM-DEL,EaseMyTrip,QP,QP-1835,2026-09-04,T+7,5381,1181,6562,2026-08-28T02:17:48.347Z,FALSE,"",11:50,TRUE
fare_BOM-DEL_QP_2026-09-04_T+7_1787884760883_js2n,BOM-DEL,EaseMyTrip,QP,QP-1120,2026-09-04,T+7,5381,1181,6562,2026-08-28T02:17:48.347Z,FALSE,"",18:45,TRUE
fare_BOM-DEL_6E_2026-09-04_T+7_1787884760883_8o2b,BOM-DEL,EaseMyTrip,6E,6E-330,2026-09-04,T+7,5381,1181,6562,2026-08-28T02:17:48.347Z,FALSE,"",16:00,TRUE
fare_BOM-DEL_6E_2026-09-04_T+7_1787884760883_tnso,BOM-DEL,EaseMyTrip,6E,6E-359,2026-09-04,T+7,5381,1181,6562,2026-08-28T02:17:48.347Z,FALSE,"",16:00,TRUE
fare_BOM-DEL_6E_2026-09-04_T+7_1787884760883_i5yq,BOM-DEL,EaseMyTrip,6E,6E-126,2026-09-04,T+7,5381,1181,6562,2026-08-28T02:17:48.347Z,FALSE,"",15:00,TRUE
fare_BOM-DEL_6E_2026-09-04_T+7_1787884760883_i1uj,BOM-DEL,EaseMyTrip,6E,6E-676,2026-09-04,T+7,5381,1181,6562,2026-08-28T02:17:48.347Z,FALSE,"",15:00,TRUE
fare_BOM-DEL_6E_2026-09-04_T+7_1787884760883_b424,BOM-DEL,EaseMyTrip,6E,6E-6704,2026-09-04,T+7,5381,1181,6562,2026-08-28T02:17:48.347Z,FALSE,"",14:00,TRUE
fare_BOM-DEL_6E_2026-09-04_T+7_1787884760883_qpkw,BOM-DEL,EaseMyTrip,6E,6E-6028,2026-09-04,T+7,5381,1181,6562,2026-08-28T02:17:48.347Z,FALSE,"",12:15,TRUE
fare_BOM-DEL_6E_2026-09-04_T+7_1787884760883_vbvb,BOM-DEL,EaseMyTrip,6E,6E-134,2026-09-04,T+7,5381,1181,6562,2026-08-28T02:17:48.347Z,FALSE,"",13:00,TRUE
fare_BOM-DEL_6E_2026-09-04_T+7_1787884760883_3cvg,BOM-DEL,EaseMyTrip,6E,6E-636,2026-09-04,T+7,5381,1181,6562,2026-08-28T02:17:48.347Z,FALSE,"",13:00,TRUE
fare_BOM-DEL_6E_2026-09-04_T+7_1787884760883_0a0q,BOM-DEL,EaseMyTrip,6E,6E-6052,2026-09-04,T+7,5381,1181,6562,2026-08-28T02:17:48.347Z,FALSE,"",10:00,TRUE
fare_BOM-DEL_6E_2026-09-04_T+7_1787884760883_j6j4,BOM-DEL,EaseMyTrip,6E,6E-212,2026-09-04,T+7,5381,1181,6562,2026-08-28T02:17:48.347Z,FALSE,"",10:35,TRUE
fare_BOM-DEL_6E_2026-09-04_T+7_1787884760883_waph,BOM-DEL,EaseMyTrip,6E,6E-573,2026-09-04,T+7,5381,1181,6562,2026-08-28T02:17:48.347Z,FALSE,"",10:35,TRUE
fare_BOM-DEL_6E_2026-09-04_T+7_1787884760883_tw5n,BOM-DEL,EaseMyTrip,6E,6E-6827,2026-09-04,T+7,5381,1181,6562,2026-08-28T02:17:48.347Z,FALSE,"",11:30,TRUE
fare_BOM-DEL_6E_2026-09-04_T+7_1787884760883_1crz,BOM-DEL,EaseMyTrip,6E,6E-6361,2026-09-04,T+7,5381,1181,6562,2026-08-28T02:17:48.347Z,FALSE,"",05:00,FALSE
fare_BOM-DEL_QP_2026-09-04_T+7_1787884760883_aadp,BOM-DEL,EaseMyTrip,QP,QP-1939,2026-09-04,T+7,5423,1191,6614,2026-08-28T02:17:48.347Z,FALSE,"",10:10,TRUE
fare_BOM-DEL_6E_2026-09-04_T+7_1787884760883_1r4v,BOM-DEL,EaseMyTrip,6E,6E-558,2026-09-04,T+7,5425,1191,6616,2026-08-28T02:17:48.347Z,FALSE,"",14:40,FALSE
fare_BOM-DEL_6E_2026-09-04_T+7_1787884760883_mhpr,BOM-DEL,EaseMyTrip,6E,6E-880,2026-09-04,T+7,5425,1191,6616,2026-08-28T02:17:48.347Z,FALSE,"",14:40,FALSE
fare_BOM-DEL_6E_2026-09-04_T+7_1787884760883_dxkl,BOM-DEL,EaseMyTrip,6E,6E-836,2026-09-04,T+7,5425,1191,6616,2026-08-28T02:17:48.347Z,FALSE,"",04:00,FALSE
fare_BOM-DEL_6E_2026-09-04_T+7_1787884760883_zkk7,BOM-DEL,EaseMyTrip,6E,6E-820,2026-09-04,T+7,5425,1191,6616,2026-08-28T02:17:48.347Z,FALSE,"",04:00,FALSE
fare_BOM-DEL_IX_2026-09-04_T+7_1787884760883_mh9s,BOM-DEL,EaseMyTrip,IX,IX-1176,2026-09-04,T+7,6193,1359,7552,2026-08-28T02:17:48.347Z,FALSE,"",11:20,FALSE
fare_BOM-DEL_6E_2026-09-04_T+7_1787884760883_1fj4,BOM-DEL,EaseMyTrip,6E,6E-586,2026-09-04,T+7,5510,1210,6720,2026-08-28T02:17:48.347Z,FALSE,"",05:00,TRUE
fare_BOM-DEL_6E_2026-09-04_T+7_1787884760883_qjfb,BOM-DEL,EaseMyTrip,6E,6E-235,2026-09-04,T+7,5510,1210,6720,2026-08-28T02:17:48.347Z,FALSE,"",05:00,TRUE
fare_BOM-DEL_6E_2026-09-04_T+7_1787884760883_hlsb,BOM-DEL,EaseMyTrip,6E,6E-6082,2026-09-04,T+7,5510,1210,6720,2026-08-28T02:17:48.347Z,FALSE,"",16:45,TRUE
fare_BOM-DEL_6E_2026-09-04_T+7_1787884760883_gwnt,BOM-DEL,EaseMyTrip,6E,6E-580,2026-09-04,T+7,5510,1210,6720,2026-08-28T02:17:48.347Z,FALSE,"",06:00,TRUE
fare_BOM-DEL_6E_2026-09-04_T+7_1787884760883_o8fj,BOM-DEL,EaseMyTrip,6E,6E-298,2026-09-04,T+7,5510,1210,6720,2026-08-28T02:17:48.347Z,FALSE,"",06:00,TRUE
fare_BOM-DEL_6E_2026-09-04_T+7_1787884760883_jlu2,BOM-DEL,EaseMyTrip,6E,6E-305,2026-09-04,T+7,5510,1210,6720,2026-08-28T02:17:48.347Z,FALSE,"",09:00,TRUE
fare_BOM-DEL_6E_2026-09-04_T+7_1787884760883_g04u,BOM-DEL,EaseMyTrip,6E,6E-130,2026-09-04,T+7,5510,1210,6720,2026-08-28T02:17:48.347Z,FALSE,"",09:00,TRUE
fare_BOM-DEL_6E_2026-09-04_T+7_1787884760883_bcyy,BOM-DEL,EaseMyTrip,6E,6E-6802,2026-09-04,T+7,5533,1214,6747,2026-08-28T02:17:48.347Z,FALSE,"",16:55,FALSE
fare_BOM-DEL_6E_2026-09-04_T+7_1787884760883_zy7h,BOM-DEL,EaseMyTrip,6E,6E-5197,2026-09-04,T+7,5553,1219,6772,2026-08-28T02:17:48.347Z,FALSE,"",06:40,TRUE
fare_BOM-DEL_AI_2026-09-04_T+7_1787884760883_3uxb,BOM-DEL,EaseMyTrip,AI,AI-2677,2026-09-04,T+7,5766,1266,7032,2026-08-28T02:17:48.347Z,FALSE,"",13:00,TRUE
fare_BOM-DEL_AI_2026-09-04_T+7_1787884760883_dmyp,BOM-DEL,EaseMyTrip,AI,AI-2422,2026-09-04,T+7,5766,1266,7032,2026-08-28T02:17:48.347Z,FALSE,"",01:00,TRUE
fare_BOM-DEL_AI_2026-09-04_T+7_1787884760883_7adw,BOM-DEL,EaseMyTrip,AI,AI-2419,2026-09-04,T+7,5766,1266,7032,2026-08-28T02:17:48.347Z,FALSE,"",12:00,TRUE
fare_BOM-DEL_AI_2026-09-04_T+7_1787884760883_7a1m,BOM-DEL,EaseMyTrip,AI,AI-2960,2026-09-04,T+7,5766,1266,7032,2026-08-28T02:17:48.347Z,FALSE,"",14:05,TRUE
fare_BOM-DEL_AI_2026-09-04_T+7_1787884760883_711r,BOM-DEL,EaseMyTrip,AI,AI-2944,2026-09-04,T+7,5766,1266,7032,2026-08-28T02:17:48.347Z,FALSE,"",14:35,TRUE
fare_BOM-DEL_AI_2026-09-04_T+7_1787884760883_wic6,BOM-DEL,EaseMyTrip,AI,AI-2442,2026-09-04,T+7,5766,1266,7032,2026-08-28T02:17:48.347Z,FALSE,"",15:00,TRUE
fare_BOM-DEL_6E_2026-09-04_T+7_1787884760883_h719,BOM-DEL,EaseMyTrip,6E,6E-281,2026-09-04,T+7,5683,1247,6930,2026-08-28T02:17:48.347Z,FALSE,"",23:45,TRUE
fare_BOM-DEL_6E_2026-09-04_T+7_1787884760883_l0ep,BOM-DEL,EaseMyTrip,6E,6E-172,2026-09-04,T+7,5683,1247,6930,2026-08-28T02:17:48.347Z,FALSE,"",23:45,TRUE
fare_BOM-DEL_6E_2026-09-04_T+7_1787884760883_g3p0,BOM-DEL,EaseMyTrip,6E,6E-450,2026-09-04,T+7,5683,1247,6930,2026-08-28T02:17:48.347Z,FALSE,"",22:15,TRUE
fare_BOM-DEL_6E_2026-09-04_T+7_1787884760883_dads,BOM-DEL,EaseMyTrip,6E,6E-508,2026-09-04,T+7,5683,1247,6930,2026-08-28T02:17:48.347Z,FALSE,"",22:15,TRUE
fare_BOM-DEL_6E_2026-09-04_T+7_1787884760883_1yil,BOM-DEL,EaseMyTrip,6E,6E-918,2026-09-04,T+7,5683,1247,6930,2026-08-28T02:17:48.347Z,FALSE,"",17:20,TRUE
fare_BOM-DEL_6E_2026-09-04_T+7_1787884760883_q8vm,BOM-DEL,EaseMyTrip,6E,6E-677,2026-09-04,T+7,5683,1247,6930,2026-08-28T02:17:48.347Z,FALSE,"",17:20,TRUE
fare_BOM-DEL_6E_2026-09-04_T+7_1787884760883_av5x,BOM-DEL,EaseMyTrip,6E,6E-871,2026-09-04,T+7,5683,1247,6930,2026-08-28T02:17:48.347Z,FALSE,"",07:00,TRUE
fare_BOM-DEL_6E_2026-09-04_T+7_1787884760883_ro4i,BOM-DEL,EaseMyTrip,6E,6E-627,2026-09-04,T+7,5683,1247,6930,2026-08-28T02:17:48.347Z,FALSE,"",07:00,TRUE
fare_BOM-DEL_6E_2026-09-04_T+7_1787884760883_ntgy,BOM-DEL,EaseMyTrip,6E,6E-850,2026-09-04,T+7,5683,1247,6930,2026-08-28T02:17:48.347Z,FALSE,"",08:00,TRUE
fare_BOM-DEL_6E_2026-09-04_T+7_1787884760883_s6sg,BOM-DEL,EaseMyTrip,6E,6E-822,2026-09-04,T+7,5683,1247,6930,2026-08-28T02:17:48.347Z,FALSE,"",08:00,TRUE
fare_BOM-DEL_6E_2026-09-04_T+7_1787884760883_jzuc,BOM-DEL,EaseMyTrip,6E,6E-5386,2026-09-04,T+7,5705,1252,6957,2026-08-28T02:17:48.347Z,FALSE,"",15:10,FALSE
fare_BOM-DEL_6E_2026-09-04_T+7_1787884760883_h828,BOM-DEL,EaseMyTrip,6E,6E-167,2026-09-04,T+7,5724,1257,6981,2026-08-28T02:17:48.347Z,FALSE,"",17:20,TRUE
fare_BOM-DEL_6E_2026-09-04_T+7_1787884760883_kvdm,BOM-DEL,EaseMyTrip,6E,6E-784,2026-09-04,T+7,5724,1257,6981,2026-08-28T02:17:48.347Z,FALSE,"",17:20,TRUE
fare_BOM-DEL_AI_2026-09-04_T+7_1787884760883_sz67,BOM-DEL,EaseMyTrip,AI,AI-2928,2026-09-04,T+7,5897,1294,7191,2026-08-28T02:17:48.347Z,FALSE,"",06:30,TRUE
fare_BOM-DEL_AI_2026-09-04_T+7_1787884760883_7wsg,BOM-DEL,EaseMyTrip,AI,AI-2452,2026-09-04,T+7,5897,1294,7191,2026-08-28T02:17:48.347Z,FALSE,"",03:05,TRUE
fare_BOM-DEL_AI_2026-09-04_T+7_1787884760883_9ll3,BOM-DEL,EaseMyTrip,AI,AI-2970,2026-09-04,T+7,5897,1294,7191,2026-08-28T02:17:48.347Z,FALSE,"",08:30,TRUE
fare_BOM-DEL_AI_2026-09-04_T+7_1787884760883_rv47,BOM-DEL,EaseMyTrip,AI,AI-2432,2026-09-04,T+7,5897,1294,7191,2026-08-28T02:17:48.347Z,FALSE,"",09:30,TRUE
fare_BOM-DEL_AI_2026-09-04_T+7_1787884760883_dlmb,BOM-DEL,EaseMyTrip,AI,AI-1882,2026-09-04,T+7,5897,1294,7191,2026-08-28T02:17:48.347Z,FALSE,"",23:55,TRUE
fare_BOM-DEL_6E_2026-09-04_T+7_1787884760883_m8ae,BOM-DEL,EaseMyTrip,6E,6E-730,2026-09-04,T+7,5897,1295,7192,2026-08-28T02:17:48.347Z,FALSE,"",21:15,TRUE
fare_BOM-DEL_6E_2026-09-04_T+7_1787884760883_eaf9,BOM-DEL,EaseMyTrip,6E,6E-539,2026-09-04,T+7,5897,1295,7192,2026-08-28T02:17:48.347Z,FALSE,"",21:15,TRUE
fare_BOM-DEL_6E_2026-09-04_T+7_1787884760883_ol4a,BOM-DEL,EaseMyTrip,6E,6E-6049,2026-09-04,T+7,5897,1295,7192,2026-08-28T02:17:48.347Z,FALSE,"",19:45,TRUE
fare_BOM-DEL_6E_2026-09-04_T+7_1787884760883_jenu,BOM-DEL,EaseMyTrip,6E,6E-116,2026-09-04,T+7,5897,1295,7192,2026-08-28T02:17:48.347Z,FALSE,"",19:00,TRUE
fare_BOM-DEL_6E_2026-09-04_T+7_1787884760883_aw67,BOM-DEL,EaseMyTrip,6E,6E-242,2026-09-04,T+7,5897,1295,7192,2026-08-28T02:17:48.347Z,FALSE,"",19:00,TRUE
fare_BOM-DEL_6E_2026-09-04_T+7_1787884760883_t5q6,BOM-DEL,EaseMyTrip,6E,6E-6613,2026-09-04,T+7,5897,1295,7192,2026-08-28T02:17:48.347Z,FALSE,"",18:15,TRUE
fare_BOM-DEL_6E_2026-09-04_T+7_1787884760883_bht3,BOM-DEL,EaseMyTrip,6E,6E-341,2026-09-04,T+7,5897,1295,7192,2026-08-28T02:17:48.347Z,FALSE,"",20:20,TRUE
fare_BOM-DEL_6E_2026-09-04_T+7_1787884760883_5tkn,BOM-DEL,EaseMyTrip,6E,6E-208,2026-09-04,T+7,5897,1295,7192,2026-08-28T02:17:48.347Z,FALSE,"",20:20,TRUE
fare_BOM-DEL_AI_2026-09-04_T+7_1787884760883_jdm0,BOM-DEL,EaseMyTrip,AI,AI-2424,2026-09-04,T+7,6069,1332,7401,2026-08-28T02:17:48.347Z,FALSE,"",07:00,TRUE
fare_BOM-DEL_AI_2026-09-04_T+7_1787884760883_6wjh,BOM-DEL,EaseMyTrip,AI,AI-2930,2026-09-04,T+7,6069,1332,7401,2026-08-28T02:17:48.347Z,FALSE,"",07:30,TRUE
fare_BOM-DEL_AI_2026-09-04_T+7_1787884760883_t6ig,BOM-DEL,EaseMyTrip,AI,AI-2428,2026-09-04,T+7,6069,1332,7401,2026-08-28T02:17:48.347Z,FALSE,"",08:00,TRUE
fare_BOM-DEL_AI_2026-09-04_T+7_1787884760883_yiqt,BOM-DEL,EaseMyTrip,AI,AI-2430,2026-09-04,T+7,6069,1332,7401,2026-08-28T02:17:48.347Z,FALSE,"",10:00,TRUE
fare_BOM-DEL_AI_2026-09-04_T+7_1787884760883_tjc1,BOM-DEL,EaseMyTrip,AI,AI-2952,2026-09-04,T+7,6069,1332,7401,2026-08-28T02:17:48.347Z,FALSE,"",11:25,TRUE
fare_BOM-DEL_6E_2026-09-04_T+7_1787884760883_2aqd,BOM-DEL,EaseMyTrip,6E,6E-5181,2026-09-04,T+7,5959,1308,7267,2026-08-28T02:17:48.347Z,FALSE,"",10:25,FALSE
fare_BOM-DEL_6E_2026-09-04_T+7_1787884760883_952w,BOM-DEL,EaseMyTrip,6E,6E-7017,2026-09-04,T+7,6014,1320,7334,2026-08-28T02:17:48.347Z,FALSE,"",21:30,FALSE
fare_BOM-DEL_6E_2026-09-04_T+7_1787884760883_skgj,BOM-DEL,EaseMyTrip,6E,6E-5238,2026-09-04,T+7,6014,1320,7334,2026-08-28T02:17:48.347Z,FALSE,"",18:25,FALSE
fare_BOM-DEL_IX_2026-09-04_T+7_1787884760883_xp12,BOM-DEL,EaseMyTrip,IX,IX-1237,2026-09-04,T+7,6857,1505,8362,2026-08-28T02:17:48.347Z,FALSE,"",05:55,FALSE
fare_BOM-DEL_AI_2026-09-04_T+7_1787884760883_q115,BOM-DEL,EaseMyTrip,AI,AI-2988,2026-09-04,T+7,6220,1365,7585,2026-08-28T02:17:48.347Z,FALSE,"",20:30,TRUE
fare_BOM-DEL_AI_2026-09-04_T+7_1787884760883_fe1s,BOM-DEL,EaseMyTrip,AI,AI-2687,2026-09-04,T+7,6220,1365,7585,2026-08-28T02:17:48.347Z,FALSE,"",11:25,TRUE
fare_BOM-DEL_AI_2026-09-04_T+7_1787884760883_3nsu,BOM-DEL,EaseMyTrip,AI,AI-1851,2026-09-04,T+7,6283,1379,7662,2026-08-28T02:17:48.347Z,FALSE,"",15:30,TRUE
fare_BOM-DEL_AI_2026-09-04_T+7_1787884760883_38e4,BOM-DEL,EaseMyTrip,AI,AI-816,2026-09-04,T+7,6440,1414,7854,2026-08-28T02:17:48.347Z,FALSE,"",21:00,TRUE
fare_BOM-DEL_AI_2026-09-04_T+7_1787884760883_ziqx,BOM-DEL,EaseMyTrip,AI,AI-2940,2026-09-04,T+7,6440,1414,7854,2026-08-28T02:17:48.347Z,FALSE,"",20:00,TRUE
fare_BOM-DEL_6E_2026-09-04_T+7_1787884760883_uvxa,BOM-DEL,EaseMyTrip,6E,6E-2237,2026-09-04,T+7,6321,1387,7708,2026-08-28T02:17:48.347Z,FALSE,"",18:40,FALSE
fare_BOM-DEL_AI_2026-09-04_T+7_1787884760883_k06y,BOM-DEL,EaseMyTrip,AI,AI-2408,2026-09-04,T+7,6493,1425,7918,2026-08-28T02:17:48.347Z,FALSE,"",19:30,TRUE
fare_BOM-DEL_6E_2026-09-04_T+7_1787884760883_qbxt,BOM-DEL,EaseMyTrip,6E,6E-295,2026-09-04,T+7,6389,1403,7792,2026-08-28T02:17:48.347Z,FALSE,"",12:40,FALSE
fare_BOM-DEL_6E_2026-09-04_T+7_1787884760883_3wzu,BOM-DEL,EaseMyTrip,6E,6E-139,2026-09-04,T+7,6389,1403,7792,2026-08-28T02:17:48.347Z,FALSE,"",12:40,FALSE
fare_BOM-DEL_6E_2026-09-04_T+7_1787884760883_8vu6,BOM-DEL,EaseMyTrip,6E,6E-5273,2026-09-04,T+7,6428,1411,7839,2026-08-28T02:17:48.347Z,FALSE,"",18:35,FALSE
fare_BOM-DEL_6E_2026-09-04_T+7_1787884760883_u9dy,BOM-DEL,EaseMyTrip,6E,6E-2347,2026-09-04,T+7,7048,1547,8595,2026-08-28T02:17:48.347Z,FALSE,"",08:50,FALSE
fare_BOM-DEL_IX_2026-09-04_T+7_1787884760883_p15q,BOM-DEL,EaseMyTrip,IX,IX-1809,2026-09-04,T+7,7466,1639,9105,2026-08-28T02:17:48.347Z,FALSE,"",07:30,FALSE
fare_BOM-DEL_6E_2026-09-04_T+7_1787884760883_dir0,BOM-DEL,EaseMyTrip,6E,6E-5201,2026-09-04,T+7,7339,1611,8950,2026-08-28T02:17:48.347Z,FALSE,"",14:55,FALSE
fare_BOM-DEL_AI_2026-09-04_T+7_1787884760883_uxof,BOM-DEL,EaseMyTrip,AI,AI-1895,2026-09-04,T+7,7648,1679,9327,2026-08-28T02:17:48.347Z,FALSE,"",21:30,TRUE
fare_BOM-DEL_AI_2026-09-04_T+7_1787884760883_ns29,BOM-DEL,EaseMyTrip,AI,AI-1891,2026-09-04,T+7,7648,1679,9327,2026-08-28T02:17:48.347Z,FALSE,"",08:10,TRUE
fare_BOM-DEL_AI_2026-09-04_T+7_1787884760883_z1b2,BOM-DEL,EaseMyTrip,AI,AI-2986,2026-09-04,T+7,7830,1719,9549,2026-08-28T02:17:48.347Z,FALSE,"",22:35,TRUE
fare_BOM-DEL_6E_2026-09-04_T+7_1787884760883_0n93,BOM-DEL,EaseMyTrip,6E,6E-5135,2026-09-04,T+7,8051,1767,9818,2026-08-28T02:17:48.347Z,FALSE,"",23:20,FALSE
fare_BOM-DEL_6E_2026-09-04_T+7_1787884760883_gcua,BOM-DEL,EaseMyTrip,6E,6E-6027,2026-09-04,T+7,8134,1785,9919,2026-08-28T02:17:48.347Z,FALSE,"",17:35,FALSE
fare_BOM-DEL_6E_2026-09-04_T+7_1787884760883_mquj,BOM-DEL,EaseMyTrip,6E,6E-5154,2026-09-04,T+7,8134,1785,9919,2026-08-28T02:17:48.347Z,FALSE,"",15:45,FALSE
fare_BOM-DEL_IX_2026-09-04_T+7_1787884760883_y3qh,BOM-DEL,EaseMyTrip,IX,IX-1163,2026-09-04,T+7,8592,1886,10478,2026-08-28T02:17:48.347Z,FALSE,"",20:45,FALSE
fare_BOM-DEL_6E_2026-09-04_T+7_1787884760883_9joo,BOM-DEL,EaseMyTrip,6E,6E-5326,2026-09-04,T+7,8306,1823,10129,2026-08-28T02:17:48.347Z,FALSE,"",19:40,FALSE
fare_BOM-DEL_6E_2026-09-04_T+7_1787884760883_9mi7,BOM-DEL,EaseMyTrip,6E,6E-2024,2026-09-04,T+7,8306,1823,10129,2026-08-28T02:17:48.347Z,FALSE,"",09:15,FALSE
fare_BOM-DEL_AI_2026-09-04_T+7_1787884760883_bcsn,BOM-DEL,EaseMyTrip,AI,AI-2440,2026-09-04,T+7,8504,1867,10371,2026-08-28T02:17:48.347Z,FALSE,"",18:00,TRUE
fare_BOM-DEL_AI_2026-09-04_T+7_1787884760883_tqns,BOM-DEL,EaseMyTrip,AI,AI-9558,2026-09-04,T+7,8535,1874,10409,2026-08-28T02:17:48.347Z,FALSE,"",07:30,FALSE
fare_BOM-DEL_6E_2026-09-04_T+7_1787884760883_s5hj,BOM-DEL,EaseMyTrip,6E,6E-2138,2026-09-04,T+7,8737,1918,10655,2026-08-28T02:17:48.347Z,FALSE,"",16:20,FALSE
fare_BOM-DEL_6E_2026-09-04_T+7_1787884760883_dxoi,BOM-DEL,EaseMyTrip,6E,6E-5281,2026-09-04,T+7,8860,1945,10805,2026-08-28T02:17:48.347Z,FALSE,"",08:40,FALSE
fare_BOM-DEL_6E_2026-09-04_T+7_1787884760883_amrc,BOM-DEL,EaseMyTrip,6E,6E-5246,2026-09-04,T+7,9009,1977,10986,2026-08-28T02:17:48.347Z,FALSE,"",07:15,FALSE
fare_BOM-DEL_AI_2026-09-04_T+7_1787884760883_jw78,BOM-DEL,EaseMyTrip,AI,AI-2491,2026-09-04,T+7,9347,2052,11399,2026-08-28T02:17:48.347Z,FALSE,"",11:15,FALSE
fare_BOM-DEL_AI_2026-09-04_T+7_1787884760883_faiq,BOM-DEL,EaseMyTrip,AI,AI-9753,2026-09-04,T+7,9577,2102,11679,2026-08-28T02:17:48.347Z,FALSE,"",05:45,FALSE
fare_BOM-DEL_IX_2026-09-04_T+7_1787884760883_9ls1,BOM-DEL,EaseMyTrip,IX,IX-1347,2026-09-04,T+7,10221,2244,12465,2026-08-28T02:17:48.347Z,FALSE,"",06:00,FALSE
fare_BOM-DEL_6E_2026-09-04_T+7_1787884760883_hgdg,BOM-DEL,EaseMyTrip,6E,6E-5318,2026-09-04,T+7,9847,2161,12008,2026-08-28T02:17:48.347Z,FALSE,"",10:15,FALSE
fare_BOM-DEL_QP_2026-09-04_T+7_1787884760883_74ay,BOM-DEL,EaseMyTrip,QP,QP-1516,2026-09-04,T+7,10493,2303,12796,2026-08-28T02:17:48.347Z,FALSE,"",00:40,FALSE
fare_BOM-DEL_QP_2026-09-04_T+7_1787884760883_3b5c,BOM-DEL,EaseMyTrip,QP,QP-1384,2026-09-04,T+7,10493,2303,12796,2026-08-28T02:17:48.347Z,FALSE,"",23:10,FALSE
fare_BOM-DEL_IX_2026-09-04_T+7_1787884760883_etdv,BOM-DEL,EaseMyTrip,IX,IX-1640,2026-09-04,T+7,10964,2407,13371,2026-08-28T02:17:48.347Z,FALSE,"",21:10,FALSE
fare_BOM-DEL_6E_2026-09-04_T+7_1787884760883_gb1p,BOM-DEL,EaseMyTrip,6E,6E-5178,2026-09-04,T+7,10593,2325,12918,2026-08-28T02:17:48.347Z,FALSE,"",11:45,FALSE
fare_BOM-DEL_AI_2026-09-04_T+7_1787884760883_tko4,BOM-DEL,EaseMyTrip,AI,AI-2919,2026-09-04,T+7,11126,2442,13568,2026-08-28T02:17:48.347Z,TRUE,"High outlier: ₹13568 > upper fence ₹13475 (Q3: ₹9327, IQR: ₹2765)",21:35,FALSE
fare_BOM-DEL_AI_2026-09-04_T+7_1787884760883_62ce,BOM-DEL,EaseMyTrip,AI,AI-2847,2026-09-04,T+7,11214,2461,13675,2026-08-28T02:17:48.347Z,TRUE,"High outlier: ₹13675 > upper fence ₹13475 (Q3: ₹9327, IQR: ₹2765)",09:55,FALSE
fare_BOM-DEL_AI_2026-09-04_T+7_1787884760883_x9no,BOM-DEL,EaseMyTrip,AI,AI-2493,2026-09-04,T+7,11214,2461,13675,2026-08-28T02:17:48.347Z,TRUE,"High outlier: ₹13675 > upper fence ₹13475 (Q3: ₹9327, IQR: ₹2765)",18:25,FALSE
fare_BOM-DEL_AI_2026-09-04_T+7_1787884760883_4c37,BOM-DEL,EaseMyTrip,AI,AI-2915,2026-09-04,T+7,11236,2466,13702,2026-08-28T02:17:48.347Z,TRUE,"High outlier: ₹13702 > upper fence ₹13475 (Q3: ₹9327, IQR: ₹2765)",15:30,FALSE
fare_BOM-DEL_AI_2026-09-04_T+7_1787884760883_kqh6,BOM-DEL,EaseMyTrip,AI,AI-493,2026-09-04,T+7,11399,2502,13901,2026-08-28T02:17:48.347Z,TRUE,"High outlier: ₹13901 > upper fence ₹13475 (Q3: ₹9327, IQR: ₹2765)",06:40,FALSE
fare_BOM-DEL_AI_2026-09-04_T+7_1787884760883_4q43,BOM-DEL,EaseMyTrip,AI,AI-2503,2026-09-04,T+7,11399,2502,13901,2026-08-28T02:17:48.347Z,TRUE,"High outlier: ₹13901 > upper fence ₹13475 (Q3: ₹9327, IQR: ₹2765)",12:55,FALSE
fare_BOM-DEL_IX_2026-09-04_T+7_1787884760883_e0q7,BOM-DEL,EaseMyTrip,IX,IX-1626,2026-09-04,T+7,12557,2757,15314,2026-08-28T02:17:48.347Z,TRUE,"High outlier: ₹15314 > upper fence ₹13475 (Q3: ₹9327, IQR: ₹2765)",12:00,FALSE
fare_BOM-DEL_AI_2026-09-04_T+7_1787884760883_7tdb,BOM-DEL,EaseMyTrip,AI,AI-603,2026-09-04,T+7,12591,2764,15355,2026-08-28T02:17:48.347Z,TRUE,"High outlier: ₹15355 > upper fence ₹13475 (Q3: ₹9327, IQR: ₹2765)",05:10,FALSE
fare_BOM-DEL_AI_2026-09-04_T+7_1787884760883_dosl,BOM-DEL,EaseMyTrip,AI,AI-2785,2026-09-04,T+7,12656,2778,15434,2026-08-28T02:17:48.347Z,TRUE,"High outlier: ₹15434 > upper fence ₹13475 (Q3: ₹9327, IQR: ₹2765)",06:40,FALSE
fare_BOM-DEL_IX_2026-09-04_T+7_1787884760883_n2le,BOM-DEL,EaseMyTrip,IX,IX-1283,2026-09-04,T+7,13323,2924,16247,2026-08-28T02:17:48.347Z,TRUE,"High outlier: ₹16247 > upper fence ₹13475 (Q3: ₹9327, IQR: ₹2765)",09:05,FALSE
fare_BOM-DEL_AI_2026-09-04_T+7_1787884760883_32sv,BOM-DEL,EaseMyTrip,AI,AI-2659,2026-09-04,T+7,13091,2874,15965,2026-08-28T02:17:48.347Z,TRUE,"High outlier: ₹15965 > upper fence ₹13475 (Q3: ₹9327, IQR: ₹2765)",14:35,FALSE
fare_BOM-DEL_AI_2026-09-04_T+7_1787884760883_6oyr,BOM-DEL,EaseMyTrip,AI,AI-2753,2026-09-04,T+7,13595,2984,16579,2026-08-28T02:17:48.347Z,TRUE,"High outlier: ₹16579 > upper fence ₹13475 (Q3: ₹9327, IQR: ₹2765)",13:50,FALSE
fare_BOM-DEL_AI_2026-09-04_T+7_1787884760883_0tcj,BOM-DEL,EaseMyTrip,AI,AI-2749,2026-09-04,T+7,14173,3111,17284,2026-08-28T02:17:48.347Z,TRUE,"High outlier: ₹17284 > upper fence ₹13475 (Q3: ₹9327, IQR: ₹2765)",17:35,FALSE
fare_BOM-DEL_AI_2026-09-04_T+7_1787884760883_p8ld,BOM-DEL,EaseMyTrip,AI,AI-2741,2026-09-04,T+7,14403,3162,17565,2026-08-28T02:17:48.347Z,TRUE,"High outlier: ₹17565 > upper fence ₹13475 (Q3: ₹9327, IQR: ₹2765)",07:40,FALSE
fare_BOM-DEL_AI_2026-09-04_T+7_1787884760883_n7kq,BOM-DEL,EaseMyTrip,AI,AI-2728,2026-09-04,T+7,14523,3188,17711,2026-08-28T02:17:48.347Z,TRUE,"High outlier: ₹17711 > upper fence ₹13475 (Q3: ₹9327, IQR: ₹2765)",05:20,FALSE
fare_BOM-DEL_AI_2026-09-04_T+7_1787884760883_r6bd,BOM-DEL,EaseMyTrip,AI,AI-2625,2026-09-04,T+7,14755,3239,17994,2026-08-28T02:17:48.347Z,TRUE,"High outlier: ₹17994 > upper fence ₹13475 (Q3: ₹9327, IQR: ₹2765)",06:00,FALSE
fare_BOM-DEL_AI_2026-09-04_T+7_1787884760883_xfrr,BOM-DEL,EaseMyTrip,AI,AI-2444,2026-09-04,T+7,14881,3266,18147,2026-08-28T02:17:48.347Z,TRUE,"High outlier: ₹18147 > upper fence ₹13475 (Q3: ₹9327, IQR: ₹2765)",10:50,FALSE
fare_BOM-DEL_AI_2026-09-04_T+7_1787884760883_n2fa,BOM-DEL,EaseMyTrip,AI,AI-2531,2026-09-04,T+7,15132,3322,18454,2026-08-28T02:17:48.347Z,TRUE,"High outlier: ₹18454 > upper fence ₹13475 (Q3: ₹9327, IQR: ₹2765)",15:05,FALSE
fare_BOM-DEL_AI_2026-09-04_T+7_1787884760883_mf4e,BOM-DEL,EaseMyTrip,AI,AI-9891,2026-09-04,T+7,16188,3553,19741,2026-08-28T02:17:48.347Z,TRUE,"High outlier: ₹19741 > upper fence ₹13475 (Q3: ₹9327, IQR: ₹2765)",13:10,FALSE
fare_BOM-DEL_IX_2026-09-04_T+7_1787884760883_0dcc,BOM-DEL,EaseMyTrip,IX,IX-1810,2026-09-04,T+7,17267,3790,21057,2026-08-28T02:17:48.347Z,TRUE,"High outlier: ₹21057 > upper fence ₹13475 (Q3: ₹9327, IQR: ₹2765)",13:40,FALSE
fare_BOM-DEL_IX_2026-09-04_T+7_1787884760883_g39a,BOM-DEL,EaseMyTrip,IX,IX-1797,2026-09-04,T+7,17434,3827,21261,2026-08-28T02:17:48.347Z,TRUE,"High outlier: ₹21261 > upper fence ₹13475 (Q3: ₹9327, IQR: ₹2765)",05:05,FALSE
fare_BOM-DEL_IX_2026-09-04_T+7_1787884760883_64qw,BOM-DEL,EaseMyTrip,IX,IX-1238,2026-09-04,T+7,21778,4781,26559,2026-08-28T02:17:48.347Z,TRUE,"High outlier: ₹26559 > upper fence ₹13475 (Q3: ₹9327, IQR: ₹2765)",12:25,FALSE
fare_DEL-BOM_SG_2026-09-12_T+15_1787884760884_o7ha,DEL-BOM,EaseMyTrip,SG,SG-163,2026-09-12,T+15,5255,1153,6408,2026-08-28T02:17:23.029Z,FALSE,"",22:30,TRUE
fare_DEL-BOM_SG_2026-09-12_T+15_1787884760884_a41g,DEL-BOM,EaseMyTrip,SG,SG-865,2026-09-12,T+15,5255,1153,6408,2026-08-28T02:17:23.029Z,FALSE,"",22:30,TRUE
fare_DEL-BOM_IX_2026-09-12_T+15_1787884760884_753q,DEL-BOM,EaseMyTrip,IX,IX-1235,2026-09-12,T+15,5354,1175,6529,2026-08-28T02:17:23.029Z,FALSE,"",23:25,TRUE
fare_DEL-BOM_IX_2026-09-12_T+15_1787884760884_0071,DEL-BOM,EaseMyTrip,IX,IX-1056,2026-09-12,T+15,5354,1175,6529,2026-08-28T02:17:23.029Z,FALSE,"",05:35,TRUE
fare_DEL-BOM_6E_2026-09-12_T+15_1787884760884_upot,DEL-BOM,EaseMyTrip,6E,6E-5096,2026-09-12,T+15,5282,1160,6442,2026-08-28T02:17:23.029Z,FALSE,"",17:00,TRUE
fare_DEL-BOM_6E_2026-09-12_T+15_1787884760884_jbw8,DEL-BOM,EaseMyTrip,6E,6E-453,2026-09-12,T+15,5354,1175,6529,2026-08-28T02:17:23.029Z,FALSE,"",20:20,TRUE
fare_DEL-BOM_6E_2026-09-12_T+15_1787884760884_inc4,DEL-BOM,EaseMyTrip,6E,6E-817,2026-09-12,T+15,5354,1175,6529,2026-08-28T02:17:23.029Z,FALSE,"",20:20,TRUE
fare_DEL-BOM_QP_2026-09-12_T+15_1787884760884_nzty,DEL-BOM,EaseMyTrip,QP,QP-6520,2026-09-12,T+15,5355,1175,6530,2026-08-28T02:17:23.029Z,FALSE,"",02:00,TRUE
fare_DEL-BOM_QP_2026-09-12_T+15_1787884760884_nyai,DEL-BOM,EaseMyTrip,QP,QP-1833,2026-09-12,T+15,5355,1175,6530,2026-08-28T02:17:23.029Z,FALSE,"",06:50,TRUE
fare_DEL-BOM_QP_2026-09-12_T+15_1787884760884_ol3m,DEL-BOM,EaseMyTrip,QP,QP-1112,2026-09-12,T+15,5355,1175,6530,2026-08-28T02:17:23.029Z,FALSE,"",09:20,TRUE
fare_DEL-BOM_QP_2026-09-12_T+15_1787884760884_b2cr,DEL-BOM,EaseMyTrip,QP,QP-1836,2026-09-12,T+15,5355,1175,6530,2026-08-28T02:17:23.029Z,FALSE,"",12:30,TRUE
fare_DEL-BOM_QP_2026-09-12_T+15_1787884760884_r4eg,DEL-BOM,EaseMyTrip,QP,QP-1128,2026-09-12,T+15,5355,1175,6530,2026-08-28T02:17:23.029Z,FALSE,"",16:00,TRUE
fare_DEL-BOM_QP_2026-09-12_T+15_1787884760884_z7bb,DEL-BOM,EaseMyTrip,QP,QP-1820,2026-09-12,T+15,5355,1175,6530,2026-08-28T02:17:23.029Z,FALSE,"",17:30,TRUE
fare_DEL-BOM_QP_2026-09-12_T+15_1787884760884_7abb,DEL-BOM,EaseMyTrip,QP,QP-1119,2026-09-12,T+15,5355,1175,6530,2026-08-28T02:17:23.029Z,FALSE,"",08:40,TRUE
fare_DEL-BOM_QP_2026-09-12_T+15_1787884760884_ie5h,DEL-BOM,EaseMyTrip,QP,QP-1826,2026-09-12,T+15,5355,1175,6530,2026-08-28T02:17:23.029Z,FALSE,"",19:55,TRUE
fare_DEL-BOM_6E_2026-09-12_T+15_1787884760884_bs9r,DEL-BOM,EaseMyTrip,6E,6E-973,2026-09-12,T+15,5355,1175,6530,2026-08-28T02:17:23.029Z,FALSE,"",23:30,TRUE
fare_DEL-BOM_6E_2026-09-12_T+15_1787884760884_drh9,DEL-BOM,EaseMyTrip,6E,6E-407,2026-09-12,T+15,5355,1175,6530,2026-08-28T02:17:23.029Z,FALSE,"",23:30,TRUE
fare_DEL-BOM_6E_2026-09-12_T+15_1787884760884_nqtk,DEL-BOM,EaseMyTrip,6E,6E-6706,2026-09-12,T+15,5355,1175,6530,2026-08-28T02:17:23.029Z,FALSE,"",17:00,TRUE
fare_DEL-BOM_6E_2026-09-12_T+15_1787884760884_fm3k,DEL-BOM,EaseMyTrip,6E,6E-936,2026-09-12,T+15,5355,1175,6530,2026-08-28T02:17:23.029Z,FALSE,"",16:15,TRUE
fare_DEL-BOM_6E_2026-09-12_T+15_1787884760884_xbv3,DEL-BOM,EaseMyTrip,6E,6E-410,2026-09-12,T+15,5355,1175,6530,2026-08-28T02:17:23.029Z,FALSE,"",16:15,TRUE
fare_DEL-BOM_6E_2026-09-12_T+15_1787884760884_ygdc,DEL-BOM,EaseMyTrip,6E,6E-762,2026-09-12,T+15,5355,1175,6530,2026-08-28T02:17:23.029Z,FALSE,"",15:30,TRUE
fare_DEL-BOM_6E_2026-09-12_T+15_1787884760884_qppc,DEL-BOM,EaseMyTrip,6E,6E-953,2026-09-12,T+15,5355,1175,6530,2026-08-28T02:17:23.029Z,FALSE,"",15:30,TRUE
fare_DEL-BOM_6E_2026-09-12_T+15_1787884760884_0e6w,DEL-BOM,EaseMyTrip,6E,6E-6022,2026-09-12,T+15,5355,1175,6530,2026-08-28T02:17:23.029Z,FALSE,"",14:00,TRUE
fare_DEL-BOM_6E_2026-09-12_T+15_1787884760884_qipb,DEL-BOM,EaseMyTrip,6E,6E-6318,2026-09-12,T+15,5355,1175,6530,2026-08-28T02:17:23.029Z,FALSE,"",14:45,TRUE
fare_DEL-BOM_6E_2026-09-12_T+15_1787884760884_8nzh,DEL-BOM,EaseMyTrip,6E,6E-6676,2026-09-12,T+15,5355,1175,6530,2026-08-28T02:17:23.029Z,FALSE,"",12:00,TRUE
fare_DEL-BOM_6E_2026-09-12_T+15_1787884760884_ot3v,DEL-BOM,EaseMyTrip,6E,6E-792,2026-09-12,T+15,5355,1175,6530,2026-08-28T02:17:23.029Z,FALSE,"",13:00,TRUE
fare_DEL-BOM_6E_2026-09-12_T+15_1787884760884_gudi,DEL-BOM,EaseMyTrip,6E,6E-641,2026-09-12,T+15,5355,1175,6530,2026-08-28T02:17:23.029Z,FALSE,"",13:00,TRUE
fare_DEL-BOM_QP_2026-09-12_T+15_1787884760884_7dzk,DEL-BOM,EaseMyTrip,QP,QP-1940,2026-09-12,T+15,5427,1191,6618,2026-08-28T02:17:23.029Z,FALSE,"",14:00,TRUE
fare_DEL-BOM_6E_2026-09-12_T+15_1787884760884_yl8e,DEL-BOM,EaseMyTrip,6E,6E-5198,2026-09-12,T+15,5427,1191,6618,2026-08-28T02:17:23.029Z,FALSE,"",15:00,TRUE
fare_DEL-BOM_IX_2026-09-12_T+15_1787884760884_v9a7,DEL-BOM,EaseMyTrip,IX,IX-1038,2026-09-12,T+15,5698,1251,6949,2026-08-28T02:17:23.029Z,FALSE,"",17:35,TRUE
fare_DEL-BOM_6E_2026-09-12_T+15_1787884760884_u85e,DEL-BOM,EaseMyTrip,6E,6E-6114,2026-09-12,T+15,5484,1204,6688,2026-08-28T02:17:23.029Z,FALSE,"",22:45,TRUE
fare_DEL-BOM_6E_2026-09-12_T+15_1787884760884_l875,DEL-BOM,EaseMyTrip,6E,6E-819,2026-09-12,T+15,5484,1204,6688,2026-08-28T02:17:23.029Z,FALSE,"",21:45,TRUE
fare_DEL-BOM_6E_2026-09-12_T+15_1787884760884_f7vy,DEL-BOM,EaseMyTrip,6E,6E-213,2026-09-12,T+15,5484,1204,6688,2026-08-28T02:17:23.029Z,FALSE,"",21:45,TRUE
fare_DEL-BOM_6E_2026-09-12_T+15_1787884760884_vnri,DEL-BOM,EaseMyTrip,6E,6E-937,2026-09-12,T+15,5484,1204,6688,2026-08-28T02:17:23.029Z,FALSE,"",20:00,TRUE
fare_DEL-BOM_6E_2026-09-12_T+15_1787884760884_fpln,DEL-BOM,EaseMyTrip,6E,6E-298,2026-09-12,T+15,5484,1204,6688,2026-08-28T02:17:23.029Z,FALSE,"",20:00,TRUE
fare_DEL-BOM_6E_2026-09-12_T+15_1787884760884_fryg,DEL-BOM,EaseMyTrip,6E,6E-772,2026-09-12,T+15,5484,1204,6688,2026-08-28T02:17:23.029Z,FALSE,"",19:00,TRUE
fare_DEL-BOM_6E_2026-09-12_T+15_1787884760884_f38f,DEL-BOM,EaseMyTrip,6E,6E-178,2026-09-12,T+15,5484,1204,6688,2026-08-28T02:17:23.029Z,FALSE,"",19:00,TRUE
fare_DEL-BOM_6E_2026-09-12_T+15_1787884760884_vpor,DEL-BOM,EaseMyTrip,6E,6E-933,2026-09-12,T+15,5484,1204,6688,2026-08-28T02:17:23.029Z,FALSE,"",18:00,TRUE
fare_DEL-BOM_6E_2026-09-12_T+15_1787884760884_hjir,DEL-BOM,EaseMyTrip,6E,6E-446,2026-09-12,T+15,5484,1204,6688,2026-08-28T02:17:23.029Z,FALSE,"",18:00,TRUE
fare_DEL-BOM_6E_2026-09-12_T+15_1787884760884_ugrk,DEL-BOM,EaseMyTrip,6E,6E-6218,2026-09-12,T+15,5484,1204,6688,2026-08-28T02:17:23.029Z,FALSE,"",06:05,TRUE
fare_DEL-BOM_6E_2026-09-12_T+15_1787884760884_m4kw,DEL-BOM,EaseMyTrip,6E,6E-665,2026-09-12,T+15,5484,1204,6688,2026-08-28T02:17:23.029Z,FALSE,"",08:00,TRUE
fare_DEL-BOM_6E_2026-09-12_T+15_1787884760884_ze3h,DEL-BOM,EaseMyTrip,6E,6E-886,2026-09-12,T+15,5484,1204,6688,2026-08-28T02:17:23.029Z,FALSE,"",08:00,TRUE
fare_DEL-BOM_6E_2026-09-12_T+15_1787884760884_9nyh,DEL-BOM,EaseMyTrip,6E,6E-679,2026-09-12,T+15,5484,1204,6688,2026-08-28T02:17:23.029Z,FALSE,"",08:45,TRUE
fare_DEL-BOM_6E_2026-09-12_T+15_1787884760884_3im7,DEL-BOM,EaseMyTrip,6E,6E-383,2026-09-12,T+15,5484,1204,6688,2026-08-28T02:17:23.029Z,FALSE,"",08:45,TRUE
fare_DEL-BOM_6E_2026-09-12_T+15_1787884760884_0z5o,DEL-BOM,EaseMyTrip,6E,6E-6047,2026-09-12,T+15,5484,1204,6688,2026-08-28T02:17:23.029Z,FALSE,"",11:00,TRUE
fare_DEL-BOM_6E_2026-09-12_T+15_1787884760884_uvzg,DEL-BOM,EaseMyTrip,6E,6E-6107,2026-09-12,T+15,5484,1204,6688,2026-08-28T02:17:23.029Z,FALSE,"",09:30,TRUE
fare_DEL-BOM_AI_2026-09-12_T+15_1787884760884_i8t8,DEL-BOM,EaseMyTrip,AI,AI-2941,2026-09-12,T+15,5740,1260,7000,2026-08-28T02:17:23.029Z,FALSE,"",16:30,TRUE
fare_DEL-BOM_AI_2026-09-12_T+15_1787884760884_037q,DEL-BOM,EaseMyTrip,AI,AI-2981,2026-09-12,T+15,5740,1260,7000,2026-08-28T02:17:23.029Z,FALSE,"",21:00,TRUE
fare_DEL-BOM_AI_2026-09-12_T+15_1787884760884_0mji,DEL-BOM,EaseMyTrip,AI,AI-1785,2026-09-12,T+15,5740,1260,7000,2026-08-28T02:17:23.029Z,FALSE,"",12:00,TRUE
fare_DEL-BOM_AI_2026-09-12_T+15_1787884760884_c3ol,DEL-BOM,EaseMyTrip,AI,AI-2933,2026-09-12,T+15,5740,1260,7000,2026-08-28T02:17:23.029Z,FALSE,"",15:30,TRUE
fare_DEL-BOM_AI_2026-09-12_T+15_1787884760884_kjqq,DEL-BOM,EaseMyTrip,AI,AI-1777,2026-09-12,T+15,5740,1260,7000,2026-08-28T02:17:23.029Z,FALSE,"",16:00,TRUE
fare_DEL-BOM_AI_2026-09-12_T+15_1787884760884_xd55,DEL-BOM,EaseMyTrip,AI,AI-2439,2026-09-12,T+15,5740,1260,7000,2026-08-28T02:17:23.029Z,FALSE,"",23:00,TRUE
fare_DEL-BOM_QP_2026-09-12_T+15_1787884760884_206l,DEL-BOM,EaseMyTrip,QP,QP-1110,2026-09-12,T+15,5652,1241,6893,2026-08-28T02:17:23.029Z,FALSE,"",10:30,TRUE
fare_DEL-BOM_6E_2026-09-12_T+15_1787884760884_zahp,DEL-BOM,EaseMyTrip,6E,6E-6328,2026-09-12,T+15,5656,1242,6898,2026-08-28T02:17:23.029Z,FALSE,"",10:15,TRUE
fare_DEL-BOM_AI_2026-09-12_T+15_1787884760884_kucd,DEL-BOM,EaseMyTrip,AI,AI-2678,2026-09-12,T+15,5870,1289,7159,2026-08-28T02:17:23.029Z,FALSE,"",08:30,TRUE
fare_DEL-BOM_AI_2026-09-12_T+15_1787884760884_9yty,DEL-BOM,EaseMyTrip,AI,AI-2975,2026-09-12,T+15,5870,1289,7159,2026-08-28T02:17:23.029Z,FALSE,"",06:30,TRUE
fare_DEL-BOM_AI_2026-09-12_T+15_1787884760884_svq8,DEL-BOM,EaseMyTrip,AI,AI-2943,2026-09-12,T+15,5870,1289,7159,2026-08-28T02:17:23.029Z,FALSE,"",07:30,TRUE
fare_DEL-BOM_AI_2026-09-12_T+15_1787884760884_nop5,DEL-BOM,EaseMyTrip,AI,AI-441,2026-09-12,T+15,5870,1289,7159,2026-08-28T02:17:23.029Z,FALSE,"",17:00,TRUE
fare_DEL-BOM_AI_2026-09-12_T+15_1787884760885_zqnx,DEL-BOM,EaseMyTrip,AI,AI-2955,2026-09-12,T+15,5870,1289,7159,2026-08-28T02:17:23.029Z,FALSE,"",18:00,TRUE
fare_DEL-BOM_AI_2026-09-12_T+15_1787884760885_dndq,DEL-BOM,EaseMyTrip,AI,AI-2977,2026-09-12,T+15,5870,1289,7159,2026-08-28T02:17:23.029Z,FALSE,"",19:00,TRUE
fare_DEL-BOM_AI_2026-09-12_T+15_1787884760885_486c,DEL-BOM,EaseMyTrip,AI,AI-2985,2026-09-12,T+15,5870,1289,7159,2026-08-28T02:17:23.029Z,FALSE,"",19:30,TRUE
fare_DEL-BOM_AI_2026-09-12_T+15_1787884760885_62tg,DEL-BOM,EaseMyTrip,AI,AI-2433,2026-09-12,T+15,5870,1289,7159,2026-08-28T02:17:23.029Z,FALSE,"",21:30,TRUE
fare_DEL-BOM_AI_2026-09-12_T+15_1787884760885_jw04,DEL-BOM,EaseMyTrip,AI,AI-2957,2026-09-12,T+15,5870,1289,7159,2026-08-28T02:17:23.029Z,FALSE,"",20:30,TRUE
fare_DEL-BOM_6E_2026-09-12_T+15_1787884760885_c9oq,DEL-BOM,EaseMyTrip,6E,6E-5119,2026-09-12,T+15,5810,1275,7085,2026-08-28T02:17:23.029Z,FALSE,"",05:10,FALSE
fare_DEL-BOM_6E_2026-09-12_T+15_1787884760885_4x4w,DEL-BOM,EaseMyTrip,6E,6E-188,2026-09-12,T+15,5871,1289,7160,2026-08-28T02:17:23.029Z,FALSE,"",05:00,TRUE
fare_DEL-BOM_AI_2026-09-12_T+15_1787884760885_mgns,DEL-BOM,EaseMyTrip,AI,AI-865,2026-09-12,T+15,6043,1326,7369,2026-08-28T02:17:23.029Z,FALSE,"",08:55,TRUE
fare_DEL-BOM_AI_2026-09-12_T+15_1787884760885_tl0f,DEL-BOM,EaseMyTrip,AI,AI-2963,2026-09-12,T+15,6043,1326,7369,2026-08-28T02:17:23.029Z,FALSE,"",09:00,TRUE
fare_DEL-BOM_AI_2026-09-12_T+15_1787884760885_hae8,DEL-BOM,EaseMyTrip,AI,AI-2425,2026-09-12,T+15,6043,1326,7369,2026-08-28T02:17:23.029Z,FALSE,"",10:30,TRUE
fare_DEL-BOM_AI_2026-09-12_T+15_1787884760885_s4ek,DEL-BOM,EaseMyTrip,AI,AI-2995,2026-09-12,T+15,6043,1326,7369,2026-08-28T02:17:23.029Z,FALSE,"",10:00,TRUE
fare_DEL-BOM_AI_2026-09-12_T+15_1787884760885_3mvr,DEL-BOM,EaseMyTrip,AI,AI-2945,2026-09-12,T+15,6043,1326,7369,2026-08-28T02:17:23.029Z,FALSE,"",11:00,TRUE
fare_DEL-BOM_AI_2026-09-12_T+15_1787884760885_hf8x,DEL-BOM,EaseMyTrip,AI,AI-2927,2026-09-12,T+15,6043,1326,7369,2026-08-28T02:17:23.029Z,FALSE,"",09:30,TRUE
fare_DEL-BOM_6E_2026-09-12_T+15_1787884760885_39et,DEL-BOM,EaseMyTrip,6E,6E-6470,2026-09-12,T+15,5914,1298,7212,2026-08-28T02:17:23.029Z,FALSE,"",06:55,TRUE
fare_DEL-BOM_6E_2026-09-12_T+15_1787884760885_ilq3,DEL-BOM,EaseMyTrip,6E,6E-143,2026-09-12,T+15,5920,1299,7219,2026-08-28T02:17:23.029Z,FALSE,"",10:00,FALSE
fare_DEL-BOM_6E_2026-09-12_T+15_1787884760885_9lzs,DEL-BOM,EaseMyTrip,6E,6E-955,2026-09-12,T+15,5920,1299,7219,2026-08-28T02:17:23.029Z,FALSE,"",10:00,FALSE
fare_DEL-BOM_6E_2026-09-12_T+15_1787884760885_xcpq,DEL-BOM,EaseMyTrip,6E,6E-2076,2026-09-12,T+15,5920,1299,7219,2026-08-28T02:17:23.029Z,FALSE,"",07:30,FALSE
fare_DEL-BOM_6E_2026-09-12_T+15_1787884760885_72bi,DEL-BOM,EaseMyTrip,6E,6E-5014,2026-09-12,T+15,5963,1309,7272,2026-08-28T02:17:23.029Z,FALSE,"",18:30,FALSE
fare_DEL-BOM_6E_2026-09-12_T+15_1787884760885_a9xh,DEL-BOM,EaseMyTrip,6E,6E-5073,2026-09-12,T+15,5963,1309,7272,2026-08-28T02:17:23.029Z,FALSE,"",17:05,FALSE
fare_DEL-BOM_6E_2026-09-12_T+15_1787884760885_9f8f,DEL-BOM,EaseMyTrip,6E,6E-530,2026-09-12,T+15,5963,1309,7272,2026-08-28T02:17:23.029Z,FALSE,"",19:35,FALSE
fare_DEL-BOM_6E_2026-09-12_T+15_1787884760885_6dhq,DEL-BOM,EaseMyTrip,6E,6E-898,2026-09-12,T+15,5963,1309,7272,2026-08-28T02:17:23.029Z,FALSE,"",19:35,FALSE
fare_DEL-BOM_6E_2026-09-12_T+15_1787884760885_bs8y,DEL-BOM,EaseMyTrip,6E,6E-6171,2026-09-12,T+15,5963,1309,7272,2026-08-28T02:17:23.029Z,FALSE,"",05:40,FALSE
fare_DEL-BOM_6E_2026-09-12_T+15_1787884760885_z0d7,DEL-BOM,EaseMyTrip,6E,6E-6983,2026-09-12,T+15,5963,1309,7272,2026-08-28T02:17:23.029Z,FALSE,"",15:35,FALSE
fare_DEL-BOM_6E_2026-09-12_T+15_1787884760885_5ukx,DEL-BOM,EaseMyTrip,6E,6E-6261,2026-09-12,T+15,5963,1309,7272,2026-08-28T02:17:23.029Z,FALSE,"",00:15,FALSE
fare_DEL-BOM_6E_2026-09-12_T+15_1787884760885_0qdw,DEL-BOM,EaseMyTrip,6E,6E-2013,2026-09-12,T+15,5963,1309,7272,2026-08-28T02:17:23.029Z,FALSE,"",21:50,FALSE
fare_DEL-BOM_6E_2026-09-12_T+15_1787884760885_qbek,DEL-BOM,EaseMyTrip,6E,6E-6490,2026-09-12,T+15,6027,1323,7350,2026-08-28T02:17:23.029Z,FALSE,"",04:55,FALSE
fare_DEL-BOM_AI_2026-09-12_T+15_1787884760885_r3tx,DEL-BOM,EaseMyTrip,AI,AI-2951,2026-09-12,T+15,6193,1360,7553,2026-08-28T02:17:23.029Z,FALSE,"",13:30,TRUE
fare_DEL-BOM_6E_2026-09-12_T+15_1787884760885_cv80,DEL-BOM,EaseMyTrip,6E,6E-2249,2026-09-12,T+15,6070,1333,7403,2026-08-28T02:17:23.029Z,FALSE,"",15:00,FALSE
fare_DEL-BOM_6E_2026-09-12_T+15_1787884760885_5ero,DEL-BOM,EaseMyTrip,6E,6E-2169,2026-09-12,T+15,6070,1333,7403,2026-08-28T02:17:23.029Z,FALSE,"",19:40,FALSE
fare_DEL-BOM_6E_2026-09-12_T+15_1787884760885_y5kt,DEL-BOM,EaseMyTrip,6E,6E-6829,2026-09-12,T+15,6070,1333,7403,2026-08-28T02:17:23.029Z,FALSE,"",17:20,FALSE
fare_DEL-BOM_6E_2026-09-12_T+15_1787884760885_27ts,DEL-BOM,EaseMyTrip,6E,6E-6443,2026-09-12,T+15,6070,1333,7403,2026-08-28T02:17:23.029Z,FALSE,"",09:00,FALSE
fare_DEL-BOM_6E_2026-09-12_T+15_1787884760885_nafy,DEL-BOM,EaseMyTrip,6E,6E-6433,2026-09-12,T+15,6070,1333,7403,2026-08-28T02:17:23.029Z,FALSE,"",16:30,FALSE
fare_DEL-BOM_6E_2026-09-12_T+15_1787884760885_tjyx,DEL-BOM,EaseMyTrip,6E,6E-6459,2026-09-12,T+15,6070,1333,7403,2026-08-28T02:17:23.029Z,FALSE,"",05:55,FALSE
fare_DEL-BOM_AI_2026-09-12_T+15_1787884760885_8801,DEL-BOM,EaseMyTrip,AI,AI-1745,2026-09-12,T+15,6257,1373,7630,2026-08-28T02:17:23.029Z,FALSE,"",05:00,TRUE
fare_DEL-BOM_AI_2026-09-12_T+15_1787884760885_pkck,DEL-BOM,EaseMyTrip,AI,AI-2429,2026-09-12,T+15,6257,1373,7630,2026-08-28T02:17:23.029Z,FALSE,"",07:00,TRUE
fare_DEL-BOM_6E_2026-09-12_T+15_1787884760885_59zr,DEL-BOM,EaseMyTrip,6E,6E-6814,2026-09-12,T+15,6130,1345,7475,2026-08-28T02:17:23.029Z,FALSE,"",07:15,TRUE
fare_DEL-BOM_6E_2026-09-12_T+15_1787884760885_rlzn,DEL-BOM,EaseMyTrip,6E,6E-6479,2026-09-12,T+15,6135,1347,7482,2026-08-28T02:17:23.029Z,FALSE,"",21:25,FALSE
fare_DEL-BOM_6E_2026-09-12_T+15_1787884760885_151h,DEL-BOM,EaseMyTrip,6E,6E-5298,2026-09-12,T+15,6135,1347,7482,2026-08-28T02:17:23.029Z,FALSE,"",09:00,FALSE
fare_DEL-BOM_6E_2026-09-12_T+15_1787884760885_sawt,DEL-BOM,EaseMyTrip,6E,6E-5038,2026-09-12,T+15,6135,1347,7482,2026-08-28T02:17:23.029Z,FALSE,"",14:00,FALSE
fare_DEL-BOM_6E_2026-09-12_T+15_1787884760885_e4vr,DEL-BOM,EaseMyTrip,6E,6E-6050,2026-09-12,T+15,6135,1347,7482,2026-08-28T02:17:23.029Z,FALSE,"",08:15,FALSE
fare_DEL-BOM_6E_2026-09-12_T+15_1787884760885_iqop,DEL-BOM,EaseMyTrip,6E,6E-2147,2026-09-12,T+15,6135,1347,7482,2026-08-28T02:17:23.029Z,FALSE,"",11:10,FALSE
fare_DEL-BOM_6E_2026-09-12_T+15_1787884760885_epcf,DEL-BOM,EaseMyTrip,6E,6E-5206,2026-09-12,T+15,6135,1347,7482,2026-08-28T02:17:23.029Z,FALSE,"",13:20,FALSE
fare_DEL-BOM_6E_2026-09-12_T+15_1787884760885_1i1v,DEL-BOM,EaseMyTrip,6E,6E-6601,2026-09-12,T+15,6243,1370,7613,2026-08-28T02:17:23.029Z,FALSE,"",19:45,FALSE
fare_DEL-BOM_6E_2026-09-12_T+15_1787884760885_30in,DEL-BOM,EaseMyTrip,6E,6E-6282,2026-09-12,T+15,6243,1370,7613,2026-08-28T02:17:23.029Z,FALSE,"",13:30,FALSE
fare_DEL-BOM_6E_2026-09-12_T+15_1787884760885_ql83,DEL-BOM,EaseMyTrip,6E,6E-204,2026-09-12,T+15,6243,1370,7613,2026-08-28T02:17:23.029Z,FALSE,"",02:25,FALSE
fare_DEL-BOM_6E_2026-09-12_T+15_1787884760885_t3zn,DEL-BOM,EaseMyTrip,6E,6E-990,2026-09-12,T+15,6243,1370,7613,2026-08-28T02:17:23.029Z,FALSE,"",02:25,FALSE
fare_DEL-BOM_6E_2026-09-12_T+15_1787884760885_da9o,DEL-BOM,EaseMyTrip,6E,6E-852,2026-09-12,T+15,6243,1370,7613,2026-08-28T02:17:23.029Z,FALSE,"",23:15,FALSE
fare_DEL-BOM_6E_2026-09-12_T+15_1787884760885_eqg5,DEL-BOM,EaseMyTrip,6E,6E-839,2026-09-12,T+15,6243,1370,7613,2026-08-28T02:17:23.029Z,FALSE,"",23:15,FALSE
fare_DEL-BOM_6E_2026-09-12_T+15_1787884760885_o4cn,DEL-BOM,EaseMyTrip,6E,6E-6293,2026-09-12,T+15,6243,1370,7613,2026-08-28T02:17:23.029Z,FALSE,"",09:55,FALSE
fare_DEL-BOM_IX_2026-09-12_T+15_1787884760885_qp3r,DEL-BOM,EaseMyTrip,IX,IX-1165,2026-09-12,T+15,6831,1499,8330,2026-08-28T02:17:23.029Z,FALSE,"",05:45,FALSE
fare_DEL-BOM_6E_2026-09-12_T+15_1787884760885_ygvc,DEL-BOM,EaseMyTrip,6E,6E-431,2026-09-12,T+15,6307,1385,7692,2026-08-28T02:17:23.029Z,FALSE,"",19:30,FALSE
fare_DEL-BOM_6E_2026-09-12_T+15_1787884760885_y73d,DEL-BOM,EaseMyTrip,6E,6E-704,2026-09-12,T+15,6307,1385,7692,2026-08-28T02:17:23.029Z,FALSE,"",19:30,FALSE
fare_DEL-BOM_6E_2026-09-12_T+15_1787884760885_03dk,DEL-BOM,EaseMyTrip,6E,6E-6190,2026-09-12,T+15,6380,1400,7780,2026-08-28T02:17:23.029Z,FALSE,"",07:40,FALSE
fare_DEL-BOM_6E_2026-09-12_T+15_1787884760885_kycz,DEL-BOM,EaseMyTrip,6E,6E-2341,2026-09-12,T+15,6380,1400,7780,2026-08-28T02:17:23.029Z,FALSE,"",14:50,FALSE
fare_DEL-BOM_6E_2026-09-12_T+15_1787884760885_snu7,DEL-BOM,EaseMyTrip,6E,6E-2331,2026-09-12,T+15,6380,1400,7780,2026-08-28T02:17:23.029Z,FALSE,"",12:20,FALSE
fare_DEL-BOM_6E_2026-09-12_T+15_1787884760885_3zkg,DEL-BOM,EaseMyTrip,6E,6E-818,2026-09-12,T+15,6380,1400,7780,2026-08-28T02:17:23.029Z,FALSE,"",10:00,FALSE
fare_DEL-BOM_6E_2026-09-12_T+15_1787884760885_lme1,DEL-BOM,EaseMyTrip,6E,6E-697,2026-09-12,T+15,6380,1400,7780,2026-08-28T02:17:23.029Z,FALSE,"",10:00,FALSE
fare_DEL-BOM_6E_2026-09-12_T+15_1787884760885_52vn,DEL-BOM,EaseMyTrip,6E,6E-5138,2026-09-12,T+15,6553,1438,7991,2026-08-28T02:17:23.029Z,FALSE,"",19:10,FALSE
fare_DEL-BOM_6E_2026-09-12_T+15_1787884760885_nq99,DEL-BOM,EaseMyTrip,6E,6E-7646,2026-09-12,T+15,6729,1477,8206,2026-08-28T02:17:23.029Z,FALSE,"",06:15,FALSE
fare_DEL-BOM_6E_2026-09-12_T+15_1787884760885_fgb1,DEL-BOM,EaseMyTrip,6E,6E-2571,2026-09-12,T+15,6831,1500,8331,2026-08-28T02:17:23.029Z,FALSE,"",12:30,FALSE
fare_DEL-BOM_IX_2026-09-12_T+15_1787884760885_ajjq,DEL-BOM,EaseMyTrip,IX,IX-1049,2026-09-12,T+15,7486,1643,9129,2026-08-28T02:17:23.029Z,FALSE,"",18:40,FALSE
fare_DEL-BOM_6E_2026-09-12_T+15_1787884760885_l6am,DEL-BOM,EaseMyTrip,6E,6E-6497,2026-09-12,T+15,7256,1593,8849,2026-08-28T02:17:23.029Z,FALSE,"",18:40,FALSE
fare_DEL-BOM_6E_2026-09-12_T+15_1787884760885_k3e5,DEL-BOM,EaseMyTrip,6E,6E-729,2026-09-12,T+15,7731,1697,9428,2026-08-28T02:17:23.029Z,FALSE,"",16:30,FALSE
fare_DEL-BOM_6E_2026-09-12_T+15_1787884760885_ggdq,DEL-BOM,EaseMyTrip,6E,6E-872,2026-09-12,T+15,7731,1697,9428,2026-08-28T02:17:23.029Z,FALSE,"",16:30,FALSE
fare_DEL-BOM_6E_2026-09-12_T+15_1787884760885_9pgs,DEL-BOM,EaseMyTrip,6E,6E-2037,2026-09-12,T+15,7835,1720,9555,2026-08-28T02:17:23.029Z,FALSE,"",10:55,FALSE
fare_DEL-BOM_6E_2026-09-12_T+15_1787884760885_p370,DEL-BOM,EaseMyTrip,6E,6E-2381,2026-09-12,T+15,7839,1721,9560,2026-08-28T02:17:23.029Z,FALSE,"",13:45,FALSE
fare_DEL-BOM_6E_2026-09-12_T+15_1787884760885_rkqk,DEL-BOM,EaseMyTrip,6E,6E-7642,2026-09-12,T+15,8550,1877,10427,2026-08-28T02:17:23.029Z,FALSE,"",15:45,FALSE
fare_DEL-BOM_AI_2026-09-12_T+15_1787884760885_t6wn,DEL-BOM,EaseMyTrip,AI,AI-1705,2026-09-12,T+15,8895,1952,10847,2026-08-28T02:17:23.029Z,FALSE,"",06:30,FALSE
fare_DEL-BOM_AI_2026-09-12_T+15_1787884760885_7ox0,DEL-BOM,EaseMyTrip,AI,AI-2509,2026-09-12,T+15,9569,2100,11669,2026-08-28T02:17:23.029Z,FALSE,"",06:55,FALSE
fare_DEL-BOM_6E_2026-09-12_T+15_1787884760885_e6hl,DEL-BOM,EaseMyTrip,6E,6E-824,2026-09-12,T+15,10025,2200,12225,2026-08-28T02:17:23.029Z,FALSE,"",12:15,FALSE
fare_DEL-BOM_6E_2026-09-12_T+15_1787884760885_9g4y,DEL-BOM,EaseMyTrip,6E,6E-145,2026-09-12,T+15,10025,2200,12225,2026-08-28T02:17:23.029Z,FALSE,"",12:15,FALSE
fare_DEL-BOM_6E_2026-09-12_T+15_1787884760885_88gn,DEL-BOM,EaseMyTrip,6E,6E-149,2026-09-12,T+15,10179,2235,12414,2026-08-28T02:17:23.029Z,FALSE,"",08:30,FALSE
fare_DEL-BOM_6E_2026-09-12_T+15_1787884760885_uul0,DEL-BOM,EaseMyTrip,6E,6E-795,2026-09-12,T+15,10179,2235,12414,2026-08-28T02:17:23.029Z,FALSE,"",08:30,FALSE
fare_DEL-BOM_AI_2026-09-12_T+15_1787884760885_9am8,DEL-BOM,EaseMyTrip,AI,AI-9757,2026-09-12,T+15,10456,2295,12751,2026-08-28T02:17:23.029Z,FALSE,"",11:50,FALSE
fare_DEL-BOM_AI_2026-09-12_T+15_1787884760885_fagl,DEL-BOM,EaseMyTrip,AI,AI-9759,2026-09-12,T+15,10456,2295,12751,2026-08-28T02:17:23.029Z,FALSE,"",05:45,FALSE
fare_DEL-BOM_AI_2026-09-12_T+15_1787884760885_7pl8,DEL-BOM,EaseMyTrip,AI,AI-1780,2026-09-12,T+15,10912,2395,13307,2026-08-28T02:17:23.029Z,FALSE,"",16:10,TRUE
fare_DEL-BOM_QP_2026-09-12_T+15_1787884760885_gudx,DEL-BOM,EaseMyTrip,QP,QP-1812,2026-09-12,T+15,10783,2367,13150,2026-08-28T02:17:23.029Z,FALSE,"",22:55,FALSE
fare_DEL-BOM_IX_2026-09-12_T+15_1787884760885_4zqd,DEL-BOM,EaseMyTrip,IX,IX-1051,2026-09-12,T+15,11348,2491,13839,2026-08-28T02:17:23.029Z,FALSE,"",19:05,FALSE
fare_DEL-BOM_AI_2026-09-12_T+15_1787884760885_hymk,DEL-BOM,EaseMyTrip,AI,AI-2715,2026-09-12,T+15,11186,2455,13641,2026-08-28T02:17:23.029Z,FALSE,"",11:40,FALSE
fare_DEL-BOM_AI_2026-09-12_T+15_1787884760885_lqst,DEL-BOM,EaseMyTrip,AI,AI-2909,2026-09-12,T+15,11186,2455,13641,2026-08-28T02:17:23.029Z,FALSE,"",22:30,FALSE
fare_DEL-BOM_AI_2026-09-12_T+15_1787884760885_jo54,DEL-BOM,EaseMyTrip,AI,AI-2545,2026-09-12,T+15,11186,2455,13641,2026-08-28T02:17:23.029Z,FALSE,"",20:30,FALSE
fare_DEL-BOM_AI_2026-09-12_T+15_1787884760885_n5v4,DEL-BOM,EaseMyTrip,AI,AI-531,2026-09-12,T+15,11186,2455,13641,2026-08-28T02:17:23.029Z,FALSE,"",19:20,FALSE
fare_DEL-BOM_AI_2026-09-12_T+15_1787884760885_j095,DEL-BOM,EaseMyTrip,AI,AI-809,2026-09-12,T+15,11186,2455,13641,2026-08-28T02:17:23.029Z,FALSE,"",17:40,FALSE
fare_DEL-BOM_AI_2026-09-12_T+15_1787884760885_t46i,DEL-BOM,EaseMyTrip,AI,AI-2939,2026-09-12,T+15,11186,2455,13641,2026-08-28T02:17:23.029Z,FALSE,"",16:40,FALSE
fare_DEL-BOM_IX_2026-09-12_T+15_1787884760885_1bp1,DEL-BOM,EaseMyTrip,IX,IX-1273,2026-09-12,T+15,11473,2518,13991,2026-08-28T02:17:23.029Z,FALSE,"",12:20,FALSE
fare_DEL-BOM_IX_2026-09-12_T+15_1787884760885_rr33,DEL-BOM,EaseMyTrip,IX,IX-1068,2026-09-12,T+15,12242,2687,14929,2026-08-28T02:17:23.029Z,FALSE,"",11:55,FALSE
fare_DEL-BOM_IX_2026-09-12_T+15_1787884760885_8jwu,DEL-BOM,EaseMyTrip,IX,IX-1003,2026-09-12,T+15,12242,2687,14929,2026-08-28T02:17:23.029Z,FALSE,"",19:10,FALSE
fare_DEL-BOM_AI_2026-09-12_T+15_1787884760885_qduk,DEL-BOM,EaseMyTrip,AI,AI-9584,2026-09-12,T+15,12348,2711,15059,2026-08-28T02:17:23.029Z,FALSE,"",11:15,FALSE
fare_DEL-BOM_IX_2026-09-12_T+15_1787884760885_kdsd,DEL-BOM,EaseMyTrip,IX,IX-1067,2026-09-12,T+15,12850,2821,15671,2026-08-28T02:17:23.029Z,FALSE,"",06:10,FALSE
fare_DEL-BOM_AI_2026-09-12_T+15_1787884760885_svx6,DEL-BOM,EaseMyTrip,AI,AI-2499,2026-09-12,T+15,12607,2767,15374,2026-08-28T02:17:23.029Z,FALSE,"",05:55,FALSE
fare_DEL-BOM_QP_2026-09-12_T+15_1787884760885_dflb,DEL-BOM,EaseMyTrip,QP,QP-1815,2026-09-12,T+15,12591,2764,15355,2026-08-28T02:17:23.029Z,FALSE,"",14:55,FALSE
fare_DEL-BOM_IX_2026-09-12_T+15_1787884760885_l1cv,DEL-BOM,EaseMyTrip,IX,IX-1001,2026-09-12,T+15,13195,2896,16091,2026-08-28T02:17:23.029Z,FALSE,"",09:00,FALSE
fare_DEL-BOM_AI_2026-09-12_T+15_1787884760885_m8ez,DEL-BOM,EaseMyTrip,AI,AI-2569,2026-09-12,T+15,13035,2861,15896,2026-08-28T02:17:23.029Z,FALSE,"",20:25,FALSE
fare_DEL-BOM_AI_2026-09-12_T+15_1787884760885_fq4c,DEL-BOM,EaseMyTrip,AI,AI-1710,2026-09-12,T+15,13035,2861,15896,2026-08-28T02:17:23.029Z,FALSE,"",18:35,FALSE
fare_DEL-BOM_AI_2026-09-12_T+15_1787884760885_3ivt,DEL-BOM,EaseMyTrip,AI,AI-1743,2026-09-12,T+15,13065,2868,15933,2026-08-28T02:17:23.029Z,FALSE,"",06:20,FALSE
fare_DEL-BOM_AI_2026-09-12_T+15_1787884760885_jcvr,DEL-BOM,EaseMyTrip,AI,AI-2907,2026-09-12,T+15,14034,3081,17115,2026-08-28T02:17:23.029Z,FALSE,"",11:55,FALSE
fare_DEL-BOM_AI_2026-09-12_T+15_1787884760885_dwwk,DEL-BOM,EaseMyTrip,AI,AI-9920,2026-09-12,T+15,14081,3091,17172,2026-08-28T02:17:23.029Z,FALSE,"",10:50,FALSE
fare_DEL-BOM_AI_2026-09-12_T+15_1787884760885_u5hd,DEL-BOM,EaseMyTrip,AI,AI-1757,2026-09-12,T+15,14377,3156,17533,2026-08-28T02:17:23.029Z,FALSE,"",15:40,FALSE
fare_DEL-BOM_AI_2026-09-12_T+15_1787884760885_fjbc,DEL-BOM,EaseMyTrip,AI,AI-2577,2026-09-12,T+15,14577,3200,17777,2026-08-28T02:17:23.029Z,FALSE,"",02:00,FALSE
fare_DEL-BOM_AI_2026-09-12_T+15_1787884760885_x884,DEL-BOM,EaseMyTrip,AI,AI-2465,2026-09-12,T+15,14880,3266,18146,2026-08-28T02:17:23.029Z,FALSE,"",14:30,FALSE
fare_DEL-BOM_IX_2026-09-12_T+15_1787884760885_l1wc,DEL-BOM,EaseMyTrip,IX,IX-1812,2026-09-12,T+15,15743,3456,19199,2026-08-28T02:17:23.029Z,TRUE,"High outlier: ₹19199 > upper fence ₹19141 (Q3: ₹11669, IQR: ₹4981)",11:15,FALSE
fare_DEL-BOM_AI_2026-09-12_T+15_1787884760885_0jy5,DEL-BOM,EaseMyTrip,AI,AI-2653,2026-09-12,T+15,16370,3593,19963,2026-08-28T02:17:23.029Z,TRUE,"High outlier: ₹19963 > upper fence ₹19141 (Q3: ₹11669, IQR: ₹4981)",04:30,FALSE
fare_DEL-BOM_AI_2026-09-12_T+15_1787884760885_d3tb,DEL-BOM,EaseMyTrip,AI,AI-1739,2026-09-12,T+15,17263,3790,21053,2026-08-28T02:17:23.029Z,TRUE,"High outlier: ₹21053 > upper fence ₹19141 (Q3: ₹11669, IQR: ₹4981)",11:30,FALSE
fare_DEL-BOM_AI_2026-09-12_T+15_1787884760885_4glx,DEL-BOM,EaseMyTrip,AI,AI-1773,2026-09-12,T+15,17378,3815,21193,2026-08-28T02:17:23.029Z,TRUE,"High outlier: ₹21193 > upper fence ₹19141 (Q3: ₹11669, IQR: ₹4981)",10:30,FALSE
fare_DEL-BOM_IX_2026-09-12_T+15_1787884760885_c0mj,DEL-BOM,EaseMyTrip,IX,IX-1815,2026-09-12,T+15,18125,3979,22104,2026-08-28T02:17:23.029Z,TRUE,"High outlier: ₹22104 > upper fence ₹19141 (Q3: ₹11669, IQR: ₹4981)",19:05,FALSE
fare_DEL-BOM_AI_2026-09-12_T+15_1787884760885_pyco,DEL-BOM,EaseMyTrip,AI,AI-1779,2026-09-12,T+15,18899,4149,23048,2026-08-28T02:17:23.029Z,TRUE,"High outlier: ₹23048 > upper fence ₹19141 (Q3: ₹11669, IQR: ₹4981)",13:50,FALSE
fare_DEL-BOM_QP_2026-09-12_T+15_1787884760885_e2lm,DEL-BOM,EaseMyTrip,QP,QP-1817,2026-09-12,T+15,19168,4207,23375,2026-08-28T02:17:23.029Z,TRUE,"High outlier: ₹23375 > upper fence ₹19141 (Q3: ₹11669, IQR: ₹4981)",10:30,FALSE
fare_DEL-BOM_AI_2026-09-12_T+15_1787884760885_a0i7,DEL-BOM,EaseMyTrip,AI,AI-427,2026-09-12,T+15,19810,4348,24158,2026-08-28T02:17:23.029Z,TRUE,"High outlier: ₹24158 > upper fence ₹19141 (Q3: ₹11669, IQR: ₹4981)",08:30,FALSE
fare_DEL-BOM_AI_2026-09-12_T+15_1787884760885_k1pa,DEL-BOM,EaseMyTrip,AI,AI-2761,2026-09-12,T+15,20515,4503,25018,2026-08-28T02:17:23.029Z,TRUE,"High outlier: ₹25018 > upper fence ₹19141 (Q3: ₹11669, IQR: ₹4981)",16:25,FALSE
fare_DEL-BOM_AI_2026-09-12_T+15_1787884760885_vj2p,DEL-BOM,EaseMyTrip,AI,AI-2483,2026-09-12,T+15,21755,4775,26530,2026-08-28T02:17:23.029Z,TRUE,"High outlier: ₹26530 > upper fence ₹19141 (Q3: ₹11669, IQR: ₹4981)",12:20,FALSE
fare_DEL-BOM_AI_2026-09-12_T+15_1787884760885_8f4o,DEL-BOM,EaseMyTrip,AI,AI-2627,2026-09-12,T+15,34897,7660,42557,2026-08-28T02:17:23.029Z,TRUE,"High outlier: ₹42557 > upper fence ₹19141 (Q3: ₹11669, IQR: ₹4981)",10:45,FALSE
fare_DEL-BOM_IX_2026-08-29_T+1_1787884760886_wn6k,DEL-BOM,EaseMyTrip,IX,IX-1605,2026-08-29,T+1,5354,1175,6529,2026-08-28T02:17:08.432Z,FALSE,"",06:00,TRUE
fare_DEL-BOM_IX_2026-08-29_T+1_1787884760886_lw2x,DEL-BOM,EaseMyTrip,IX,IX-1056,2026-08-29,T+1,5354,1175,6529,2026-08-28T02:17:08.432Z,FALSE,"",17:50,TRUE
fare_DEL-BOM_IX_2026-08-29_T+1_1787884760886_ft90,DEL-BOM,EaseMyTrip,IX,IX-1395,2026-08-29,T+1,5354,1175,6529,2026-08-28T02:17:08.432Z,FALSE,"",19:20,TRUE
fare_DEL-BOM_SG_2026-08-29_T+1_1787884760886_dt3s,DEL-BOM,EaseMyTrip,SG,SG-697,2026-08-29,T+1,5525,1213,6738,2026-08-28T02:17:08.432Z,FALSE,"",14:30,TRUE
fare_DEL-BOM_SG_2026-08-29_T+1_1787884760886_3d9j,DEL-BOM,EaseMyTrip,SG,SG-619,2026-08-29,T+1,5525,1213,6738,2026-08-28T02:17:08.432Z,FALSE,"",14:30,TRUE
fare_DEL-BOM_SG_2026-08-29_T+1_1787884760886_ge35,DEL-BOM,EaseMyTrip,SG,SG-153,2026-08-29,T+1,5525,1213,6738,2026-08-28T02:17:08.432Z,FALSE,"",22:30,TRUE
fare_DEL-BOM_SG_2026-08-29_T+1_1787884760886_kj39,DEL-BOM,EaseMyTrip,SG,SG-115,2026-08-29,T+1,5525,1213,6738,2026-08-28T02:17:08.432Z,FALSE,"",22:30,TRUE
fare_DEL-BOM_6E_2026-08-29_T+1_1787884760886_yodm,DEL-BOM,EaseMyTrip,6E,6E-5096,2026-08-29,T+1,5282,1160,6442,2026-08-28T02:17:08.432Z,FALSE,"",17:00,TRUE
fare_DEL-BOM_6E_2026-08-29_T+1_1787884760886_ems8,DEL-BOM,EaseMyTrip,6E,6E-166,2026-08-29,T+1,5354,1175,6529,2026-08-28T02:17:08.432Z,FALSE,"",20:20,TRUE
fare_DEL-BOM_6E_2026-08-29_T+1_1787884760886_7erc,DEL-BOM,EaseMyTrip,6E,6E-479,2026-08-29,T+1,5354,1175,6529,2026-08-28T02:17:08.432Z,FALSE,"",20:20,TRUE
fare_DEL-BOM_6E_2026-08-29_T+1_1787884760886_xyfh,DEL-BOM,EaseMyTrip,6E,6E-6470,2026-08-29,T+1,5354,1175,6529,2026-08-28T02:17:08.432Z,FALSE,"",06:55,TRUE
fare_DEL-BOM_QP_2026-08-29_T+1_1787884760886_64ki,DEL-BOM,EaseMyTrip,QP,QP-1110,2026-08-29,T+1,5355,1175,6530,2026-08-28T02:17:08.432Z,FALSE,"",10:30,TRUE
fare_DEL-BOM_QP_2026-08-29_T+1_1787884760886_9vle,DEL-BOM,EaseMyTrip,QP,QP-1820,2026-08-29,T+1,5355,1175,6530,2026-08-28T02:17:08.432Z,FALSE,"",17:30,TRUE
fare_DEL-BOM_QP_2026-08-29_T+1_1787884760886_mudw,DEL-BOM,EaseMyTrip,QP,QP-1833,2026-08-29,T+1,5355,1175,6530,2026-08-28T02:17:08.432Z,FALSE,"",06:50,TRUE
fare_DEL-BOM_QP_2026-08-29_T+1_1787884760886_jrr1,DEL-BOM,EaseMyTrip,QP,QP-1119,2026-08-29,T+1,5355,1175,6530,2026-08-28T02:17:08.432Z,FALSE,"",08:40,TRUE
fare_DEL-BOM_QP_2026-08-29_T+1_1787884760886_2qck,DEL-BOM,EaseMyTrip,QP,QP-1128,2026-08-29,T+1,5355,1175,6530,2026-08-28T02:17:08.432Z,FALSE,"",16:00,TRUE
fare_DEL-BOM_QP_2026-08-29_T+1_1787884760886_oi6e,DEL-BOM,EaseMyTrip,QP,QP-1112,2026-08-29,T+1,5355,1175,6530,2026-08-28T02:17:08.432Z,FALSE,"",09:20,TRUE
fare_DEL-BOM_QP_2026-08-29_T+1_1787884760886_3rwg,DEL-BOM,EaseMyTrip,QP,QP-1836,2026-08-29,T+1,5355,1175,6530,2026-08-28T02:17:08.432Z,FALSE,"",12:05,TRUE
fare_DEL-BOM_QP_2026-08-29_T+1_1787884760886_vnff,DEL-BOM,EaseMyTrip,QP,QP-1826,2026-08-29,T+1,5355,1175,6530,2026-08-28T02:17:08.432Z,FALSE,"",19:55,TRUE
fare_DEL-BOM_6E_2026-08-29_T+1_1787884760886_dmh1,DEL-BOM,EaseMyTrip,6E,6E-712,2026-08-29,T+1,5355,1175,6530,2026-08-28T02:17:08.432Z,FALSE,"",05:00,TRUE
fare_DEL-BOM_6E_2026-08-29_T+1_1787884760886_papy,DEL-BOM,EaseMyTrip,6E,6E-176,2026-08-29,T+1,5355,1175,6530,2026-08-28T02:17:08.432Z,FALSE,"",05:00,TRUE
fare_DEL-BOM_6E_2026-08-29_T+1_1787884760886_bnac,DEL-BOM,EaseMyTrip,6E,6E-645,2026-08-29,T+1,5355,1175,6530,2026-08-28T02:17:08.432Z,FALSE,"",23:30,TRUE
fare_DEL-BOM_6E_2026-08-29_T+1_1787884760886_qz1n,DEL-BOM,EaseMyTrip,6E,6E-980,2026-08-29,T+1,5355,1175,6530,2026-08-28T02:17:08.432Z,FALSE,"",23:30,TRUE
fare_DEL-BOM_6E_2026-08-29_T+1_1787884760886_tt5b,DEL-BOM,EaseMyTrip,6E,6E-6114,2026-08-29,T+1,5355,1175,6530,2026-08-28T02:17:08.432Z,FALSE,"",22:45,TRUE
fare_DEL-BOM_6E_2026-08-29_T+1_1787884760886_6trj,DEL-BOM,EaseMyTrip,6E,6E-434,2026-08-29,T+1,5355,1175,6530,2026-08-28T02:17:08.432Z,FALSE,"",21:45,TRUE
fare_DEL-BOM_6E_2026-08-29_T+1_1787884760886_vdhj,DEL-BOM,EaseMyTrip,6E,6E-909,2026-08-29,T+1,5355,1175,6530,2026-08-28T02:17:08.432Z,FALSE,"",21:45,TRUE
fare_DEL-BOM_6E_2026-08-29_T+1_1787884760886_ly7w,DEL-BOM,EaseMyTrip,6E,6E-716,2026-08-29,T+1,5355,1175,6530,2026-08-28T02:17:08.432Z,FALSE,"",20:00,TRUE
fare_DEL-BOM_6E_2026-08-29_T+1_1787884760886_vw0m,DEL-BOM,EaseMyTrip,6E,6E-112,2026-08-29,T+1,5355,1175,6530,2026-08-28T02:17:08.432Z,FALSE,"",20:00,TRUE
fare_DEL-BOM_6E_2026-08-29_T+1_1787884760886_qc99,DEL-BOM,EaseMyTrip,6E,6E-922,2026-08-29,T+1,5355,1175,6530,2026-08-28T02:17:08.432Z,FALSE,"",19:00,TRUE
fare_DEL-BOM_6E_2026-08-29_T+1_1787884760886_0v9e,DEL-BOM,EaseMyTrip,6E,6E-496,2026-08-29,T+1,5355,1175,6530,2026-08-28T02:17:08.432Z,FALSE,"",19:00,TRUE
fare_DEL-BOM_6E_2026-08-29_T+1_1787884760886_5iex,DEL-BOM,EaseMyTrip,6E,6E-449,2026-08-29,T+1,5355,1175,6530,2026-08-28T02:17:08.432Z,FALSE,"",18:00,TRUE
fare_DEL-BOM_6E_2026-08-29_T+1_1787884760886_qha7,DEL-BOM,EaseMyTrip,6E,6E-672,2026-08-29,T+1,5355,1175,6530,2026-08-28T02:17:08.432Z,FALSE,"",18:00,TRUE
fare_DEL-BOM_6E_2026-08-29_T+1_1787884760886_xeqv,DEL-BOM,EaseMyTrip,6E,6E-6706,2026-08-29,T+1,5355,1175,6530,2026-08-28T02:17:08.432Z,FALSE,"",17:00,TRUE
fare_DEL-BOM_6E_2026-08-29_T+1_1787884760886_wxwm,DEL-BOM,EaseMyTrip,6E,6E-799,2026-08-29,T+1,5355,1175,6530,2026-08-28T02:17:08.432Z,FALSE,"",16:15,TRUE
fare_DEL-BOM_6E_2026-08-29_T+1_1787884760886_j31a,DEL-BOM,EaseMyTrip,6E,6E-458,2026-08-29,T+1,5355,1175,6530,2026-08-28T02:17:08.432Z,FALSE,"",16:15,TRUE
fare_DEL-BOM_6E_2026-08-29_T+1_1787884760886_gb6f,DEL-BOM,EaseMyTrip,6E,6E-106,2026-08-29,T+1,5355,1175,6530,2026-08-28T02:17:08.432Z,FALSE,"",15:30,TRUE
fare_DEL-BOM_6E_2026-08-29_T+1_1787884760886_sbbt,DEL-BOM,EaseMyTrip,6E,6E-528,2026-08-29,T+1,5355,1175,6530,2026-08-28T02:17:08.432Z,FALSE,"",15:30,TRUE
fare_DEL-BOM_6E_2026-08-29_T+1_1787884760886_8ia7,DEL-BOM,EaseMyTrip,6E,6E-6022,2026-08-29,T+1,5355,1175,6530,2026-08-28T02:17:08.432Z,FALSE,"",14:00,TRUE
fare_DEL-BOM_6E_2026-08-29_T+1_1787884760886_zzdb,DEL-BOM,EaseMyTrip,6E,6E-6318,2026-08-29,T+1,5355,1175,6530,2026-08-28T02:17:08.432Z,FALSE,"",14:45,TRUE
fare_DEL-BOM_6E_2026-08-29_T+1_1787884760886_eayk,DEL-BOM,EaseMyTrip,6E,6E-6218,2026-08-29,T+1,5355,1175,6530,2026-08-28T02:17:08.432Z,FALSE,"",06:05,TRUE
fare_DEL-BOM_6E_2026-08-29_T+1_1787884760886_609v,DEL-BOM,EaseMyTrip,6E,6E-715,2026-08-29,T+1,5355,1175,6530,2026-08-28T02:17:08.432Z,FALSE,"",08:00,TRUE
fare_DEL-BOM_6E_2026-08-29_T+1_1787884760886_j3ka,DEL-BOM,EaseMyTrip,6E,6E-288,2026-08-29,T+1,5355,1175,6530,2026-08-28T02:17:08.432Z,FALSE,"",08:00,TRUE
fare_DEL-BOM_6E_2026-08-29_T+1_1787884760886_p7bi,DEL-BOM,EaseMyTrip,6E,6E-609,2026-08-29,T+1,5355,1175,6530,2026-08-28T02:17:08.432Z,FALSE,"",08:45,TRUE
fare_DEL-BOM_6E_2026-08-29_T+1_1787884760886_2h2p,DEL-BOM,EaseMyTrip,6E,6E-148,2026-08-29,T+1,5355,1175,6530,2026-08-28T02:17:08.432Z,FALSE,"",08:45,TRUE
fare_DEL-BOM_6E_2026-08-29_T+1_1787884760886_xkk5,DEL-BOM,EaseMyTrip,6E,6E-6814,2026-08-29,T+1,5355,1175,6530,2026-08-28T02:17:08.432Z,FALSE,"",07:15,TRUE
fare_DEL-BOM_6E_2026-08-29_T+1_1787884760886_cjct,DEL-BOM,EaseMyTrip,6E,6E-6328,2026-08-29,T+1,5355,1175,6530,2026-08-28T02:17:08.432Z,FALSE,"",10:15,TRUE
fare_DEL-BOM_6E_2026-08-29_T+1_1787884760886_brlc,DEL-BOM,EaseMyTrip,6E,6E-6047,2026-08-29,T+1,5355,1175,6530,2026-08-28T02:17:08.432Z,FALSE,"",11:00,TRUE
fare_DEL-BOM_6E_2026-08-29_T+1_1787884760886_tp41,DEL-BOM,EaseMyTrip,6E,6E-6676,2026-08-29,T+1,5355,1175,6530,2026-08-28T02:17:08.432Z,FALSE,"",12:00,TRUE
fare_DEL-BOM_6E_2026-08-29_T+1_1787884760886_rd1r,DEL-BOM,EaseMyTrip,6E,6E-347,2026-08-29,T+1,5355,1175,6530,2026-08-28T02:17:08.432Z,FALSE,"",13:00,TRUE
fare_DEL-BOM_6E_2026-08-29_T+1_1787884760886_rsk9,DEL-BOM,EaseMyTrip,6E,6E-996,2026-08-29,T+1,5355,1175,6530,2026-08-28T02:17:08.432Z,FALSE,"",13:00,TRUE
fare_DEL-BOM_6E_2026-08-29_T+1_1787884760886_qj78,DEL-BOM,EaseMyTrip,6E,6E-6107,2026-08-29,T+1,5355,1175,6530,2026-08-28T02:17:08.432Z,FALSE,"",09:30,TRUE
fare_DEL-BOM_QP_2026-08-29_T+1_1787884760886_lblh,DEL-BOM,EaseMyTrip,QP,QP-1940,2026-08-29,T+1,5427,1191,6618,2026-08-28T02:17:08.432Z,FALSE,"",14:10,TRUE
fare_DEL-BOM_QP_2026-08-29_T+1_1787884760886_2fq8,DEL-BOM,EaseMyTrip,QP,QP-1942,2026-08-29,T+1,5427,1191,6618,2026-08-28T02:17:08.432Z,FALSE,"",21:05,TRUE
fare_DEL-BOM_6E_2026-08-29_T+1_1787884760886_y67l,DEL-BOM,EaseMyTrip,6E,6E-5198,2026-08-29,T+1,5427,1191,6618,2026-08-28T02:17:08.432Z,FALSE,"",15:00,TRUE
fare_DEL-BOM_IX_2026-08-29_T+1_1787884760886_ro7e,DEL-BOM,EaseMyTrip,IX,IX-1038,2026-08-29,T+1,5698,1251,6949,2026-08-28T02:17:08.432Z,FALSE,"",18:40,TRUE
fare_DEL-BOM_AI_2026-08-29_T+1_1787884760886_vdau,DEL-BOM,EaseMyTrip,AI,AI-2963,2026-08-29,T+1,5740,1260,7000,2026-08-28T02:17:08.432Z,FALSE,"",09:00,TRUE
fare_DEL-BOM_AI_2026-08-29_T+1_1787884760886_4o1h,DEL-BOM,EaseMyTrip,AI,AI-2975,2026-08-29,T+1,5740,1260,7000,2026-08-28T02:17:08.432Z,FALSE,"",06:30,TRUE
fare_DEL-BOM_AI_2026-08-29_T+1_1787884760886_sq60,DEL-BOM,EaseMyTrip,AI,AI-2425,2026-08-29,T+1,5740,1260,7000,2026-08-28T02:17:08.432Z,FALSE,"",10:30,TRUE
fare_DEL-BOM_AI_2026-08-29_T+1_1787884760886_kuav,DEL-BOM,EaseMyTrip,AI,AI-2941,2026-08-29,T+1,5740,1260,7000,2026-08-28T02:17:08.432Z,FALSE,"",16:30,TRUE
fare_DEL-BOM_AI_2026-08-29_T+1_1787884760886_o8mc,DEL-BOM,EaseMyTrip,AI,AI-2981,2026-08-29,T+1,5740,1260,7000,2026-08-28T02:17:08.432Z,FALSE,"",21:00,TRUE
fare_DEL-BOM_AI_2026-08-29_T+1_1787884760886_cx8s,DEL-BOM,EaseMyTrip,AI,AI-1745,2026-08-29,T+1,5740,1260,7000,2026-08-28T02:17:08.432Z,FALSE,"",05:30,TRUE
fare_DEL-BOM_AI_2026-08-29_T+1_1787884760886_303s,DEL-BOM,EaseMyTrip,AI,AI-2429,2026-08-29,T+1,5740,1260,7000,2026-08-28T02:17:08.432Z,FALSE,"",07:00,TRUE
fare_DEL-BOM_AI_2026-08-29_T+1_1787884760886_nubn,DEL-BOM,EaseMyTrip,AI,AI-2943,2026-08-29,T+1,5740,1260,7000,2026-08-28T02:17:08.432Z,FALSE,"",07:30,TRUE
fare_DEL-BOM_AI_2026-08-29_T+1_1787884760886_3g3l,DEL-BOM,EaseMyTrip,AI,AI-1777,2026-08-29,T+1,5740,1260,7000,2026-08-28T02:17:08.432Z,FALSE,"",16:00,TRUE
fare_DEL-BOM_AI_2026-08-29_T+1_1787884760886_6x28,DEL-BOM,EaseMyTrip,AI,AI-441,2026-08-29,T+1,5740,1260,7000,2026-08-28T02:17:08.432Z,FALSE,"",17:00,TRUE
fare_DEL-BOM_AI_2026-08-29_T+1_1787884760886_h4aa,DEL-BOM,EaseMyTrip,AI,AI-2751,2026-08-29,T+1,5740,1260,7000,2026-08-28T02:17:08.432Z,FALSE,"",17:30,TRUE
fare_DEL-BOM_AI_2026-08-29_T+1_1787884760886_9yfi,DEL-BOM,EaseMyTrip,AI,AI-2955,2026-08-29,T+1,5740,1260,7000,2026-08-28T02:17:08.432Z,FALSE,"",18:00,TRUE
fare_DEL-BOM_AI_2026-08-29_T+1_1787884760886_ayeg,DEL-BOM,EaseMyTrip,AI,AI-2977,2026-08-29,T+1,5740,1260,7000,2026-08-28T02:17:08.432Z,FALSE,"",19:00,TRUE
fare_DEL-BOM_AI_2026-08-29_T+1_1787884760886_uamj,DEL-BOM,EaseMyTrip,AI,AI-2985,2026-08-29,T+1,5740,1260,7000,2026-08-28T02:17:08.432Z,FALSE,"",19:30,TRUE
fare_DEL-BOM_AI_2026-08-29_T+1_1787884760886_rcrn,DEL-BOM,EaseMyTrip,AI,AI-2433,2026-08-29,T+1,5740,1260,7000,2026-08-28T02:17:08.432Z,FALSE,"",21:30,TRUE
fare_DEL-BOM_AI_2026-08-29_T+1_1787884760886_6uph,DEL-BOM,EaseMyTrip,AI,AI-2999,2026-08-29,T+1,5740,1260,7000,2026-08-28T02:17:08.432Z,FALSE,"",22:00,TRUE
fare_DEL-BOM_AI_2026-08-29_T+1_1787884760886_002j,DEL-BOM,EaseMyTrip,AI,AI-2437,2026-08-29,T+1,5740,1260,7000,2026-08-28T02:17:08.432Z,FALSE,"",22:30,TRUE
fare_DEL-BOM_AI_2026-08-29_T+1_1787884760886_xh4n,DEL-BOM,EaseMyTrip,AI,AI-2439,2026-08-29,T+1,5740,1260,7000,2026-08-28T02:17:08.432Z,FALSE,"",23:00,TRUE
fare_DEL-BOM_AI_2026-08-29_T+1_1787884760886_u38o,DEL-BOM,EaseMyTrip,AI,AI-2615,2026-08-29,T+1,5740,1260,7000,2026-08-28T02:17:08.432Z,FALSE,"",02:45,TRUE
fare_DEL-BOM_AI_2026-08-29_T+1_1787884760886_anf9,DEL-BOM,EaseMyTrip,AI,AI-2927,2026-08-29,T+1,5740,1260,7000,2026-08-28T02:17:08.432Z,FALSE,"",09:30,TRUE
fare_DEL-BOM_AI_2026-08-29_T+1_1787884760886_8g1i,DEL-BOM,EaseMyTrip,AI,AI-2441,2026-08-29,T+1,5740,1260,7000,2026-08-28T02:17:08.432Z,FALSE,"",18:25,TRUE
fare_DEL-BOM_AI_2026-08-29_T+1_1787884760886_7rzp,DEL-BOM,EaseMyTrip,AI,AI-2957,2026-08-29,T+1,5740,1260,7000,2026-08-28T02:17:08.432Z,FALSE,"",20:30,TRUE
fare_DEL-BOM_AI_2026-08-29_T+1_1787884760886_u5k8,DEL-BOM,EaseMyTrip,AI,AI-1785,2026-08-29,T+1,5870,1289,7159,2026-08-28T02:17:08.432Z,FALSE,"",12:00,TRUE
fare_DEL-BOM_AI_2026-08-29_T+1_1787884760886_f7cr,DEL-BOM,EaseMyTrip,AI,AI-2933,2026-08-29,T+1,5870,1289,7159,2026-08-28T02:17:08.432Z,FALSE,"",15:30,TRUE
fare_DEL-BOM_AI_2026-08-29_T+1_1787884760886_6756,DEL-BOM,EaseMyTrip,AI,AI-1780,2026-08-29,T+1,6043,1326,7369,2026-08-28T02:17:08.432Z,FALSE,"",14:30,TRUE
fare_DEL-BOM_6E_2026-08-29_T+1_1787884760886_q53e,DEL-BOM,EaseMyTrip,6E,6E-6190,2026-08-29,T+1,5920,1299,7219,2026-08-28T02:17:08.432Z,FALSE,"",07:40,FALSE
fare_DEL-BOM_6E_2026-08-29_T+1_1787884760886_wvqg,DEL-BOM,EaseMyTrip,6E,6E-5014,2026-08-29,T+1,5963,1309,7272,2026-08-28T02:17:08.432Z,FALSE,"",18:30,FALSE
fare_DEL-BOM_6E_2026-08-29_T+1_1787884760886_gi5n,DEL-BOM,EaseMyTrip,6E,6E-5119,2026-08-29,T+1,5963,1309,7272,2026-08-28T02:17:08.432Z,FALSE,"",05:10,FALSE
fare_DEL-BOM_6E_2026-08-29_T+1_1787884760886_iii4,DEL-BOM,EaseMyTrip,6E,6E-6171,2026-08-29,T+1,5963,1309,7272,2026-08-28T02:17:08.432Z,FALSE,"",05:40,FALSE
fare_DEL-BOM_6E_2026-08-29_T+1_1787884760886_fxzr,DEL-BOM,EaseMyTrip,6E,6E-5073,2026-08-29,T+1,5963,1309,7272,2026-08-28T02:17:08.432Z,FALSE,"",17:05,FALSE
fare_DEL-BOM_6E_2026-08-29_T+1_1787884760886_ltn6,DEL-BOM,EaseMyTrip,6E,6E-6983,2026-08-29,T+1,5963,1309,7272,2026-08-28T02:17:08.432Z,FALSE,"",15:35,FALSE
fare_DEL-BOM_6E_2026-08-29_T+1_1787884760886_8n0h,DEL-BOM,EaseMyTrip,6E,6E-6261,2026-08-29,T+1,5963,1309,7272,2026-08-28T02:17:08.432Z,FALSE,"",00:15,FALSE
fare_DEL-BOM_6E_2026-08-29_T+1_1787884760886_670l,DEL-BOM,EaseMyTrip,6E,6E-2013,2026-08-29,T+1,5963,1309,7272,2026-08-28T02:17:08.432Z,FALSE,"",21:50,FALSE
fare_DEL-BOM_6E_2026-08-29_T+1_1787884760886_lb5h,DEL-BOM,EaseMyTrip,6E,6E-2331,2026-08-29,T+1,5963,1309,7272,2026-08-28T02:17:08.432Z,FALSE,"",12:20,FALSE
fare_DEL-BOM_6E_2026-08-29_T+1_1787884760886_ziz1,DEL-BOM,EaseMyTrip,6E,6E-6490,2026-08-29,T+1,6027,1323,7350,2026-08-28T02:17:08.432Z,FALSE,"",04:55,FALSE
fare_DEL-BOM_6E_2026-08-29_T+1_1787884760886_l6r7,DEL-BOM,EaseMyTrip,6E,6E-5138,2026-08-29,T+1,6070,1333,7403,2026-08-28T02:17:08.432Z,FALSE,"",19:10,FALSE
fare_DEL-BOM_6E_2026-08-29_T+1_1787884760886_cnr4,DEL-BOM,EaseMyTrip,6E,6E-2169,2026-08-29,T+1,6070,1333,7403,2026-08-28T02:17:08.432Z,FALSE,"",19:40,FALSE
fare_DEL-BOM_6E_2026-08-29_T+1_1787884760886_norj,DEL-BOM,EaseMyTrip,6E,6E-6829,2026-08-29,T+1,6070,1333,7403,2026-08-28T02:17:08.432Z,FALSE,"",17:20,FALSE
fare_DEL-BOM_6E_2026-08-29_T+1_1787884760886_p9l7,DEL-BOM,EaseMyTrip,6E,6E-6443,2026-08-29,T+1,6070,1333,7403,2026-08-28T02:17:08.432Z,FALSE,"",09:00,FALSE
fare_DEL-BOM_6E_2026-08-29_T+1_1787884760886_mdgu,DEL-BOM,EaseMyTrip,6E,6E-6312,2026-08-29,T+1,6070,1333,7403,2026-08-28T02:17:08.432Z,FALSE,"",14:25,FALSE
fare_DEL-BOM_6E_2026-08-29_T+1_1787884760886_wysz,DEL-BOM,EaseMyTrip,6E,6E-6459,2026-08-29,T+1,6070,1333,7403,2026-08-28T02:17:08.432Z,FALSE,"",05:55,FALSE
fare_DEL-BOM_6E_2026-08-29_T+1_1787884760886_960j,DEL-BOM,EaseMyTrip,6E,6E-6479,2026-08-29,T+1,6135,1347,7482,2026-08-28T02:17:08.432Z,FALSE,"",21:25,FALSE
fare_DEL-BOM_6E_2026-08-29_T+1_1787884760886_lpun,DEL-BOM,EaseMyTrip,6E,6E-5298,2026-08-29,T+1,6135,1347,7482,2026-08-28T02:17:08.432Z,FALSE,"",09:00,FALSE
fare_DEL-BOM_6E_2026-08-29_T+1_1787884760886_8j86,DEL-BOM,EaseMyTrip,6E,6E-5038,2026-08-29,T+1,6135,1347,7482,2026-08-28T02:17:08.432Z,FALSE,"",14:00,FALSE
fare_DEL-BOM_6E_2026-08-29_T+1_1787884760886_h4rf,DEL-BOM,EaseMyTrip,6E,6E-6050,2026-08-29,T+1,6135,1347,7482,2026-08-28T02:17:08.432Z,FALSE,"",08:15,FALSE
fare_DEL-BOM_6E_2026-08-29_T+1_1787884760886_6hdw,DEL-BOM,EaseMyTrip,6E,6E-2147,2026-08-29,T+1,6135,1347,7482,2026-08-28T02:17:08.432Z,FALSE,"",11:10,FALSE
fare_DEL-BOM_6E_2026-08-29_T+1_1787884760886_ilb8,DEL-BOM,EaseMyTrip,6E,6E-5206,2026-08-29,T+1,6135,1347,7482,2026-08-28T02:17:08.432Z,FALSE,"",13:20,FALSE
fare_DEL-BOM_6E_2026-08-29_T+1_1787884760886_5lqm,DEL-BOM,EaseMyTrip,6E,6E-6601,2026-08-29,T+1,6243,1370,7613,2026-08-28T02:17:08.432Z,FALSE,"",19:45,FALSE
fare_DEL-BOM_6E_2026-08-29_T+1_1787884760886_7z1x,DEL-BOM,EaseMyTrip,6E,6E-6282,2026-08-29,T+1,6243,1370,7613,2026-08-28T02:17:08.432Z,FALSE,"",13:30,FALSE
fare_DEL-BOM_6E_2026-08-29_T+1_1787884760886_71tj,DEL-BOM,EaseMyTrip,6E,6E-924,2026-08-29,T+1,6243,1370,7613,2026-08-28T02:17:08.432Z,FALSE,"",02:25,FALSE
fare_DEL-BOM_6E_2026-08-29_T+1_1787884760886_s91g,DEL-BOM,EaseMyTrip,6E,6E-365,2026-08-29,T+1,6243,1370,7613,2026-08-28T02:17:08.432Z,FALSE,"",02:25,FALSE
fare_DEL-BOM_6E_2026-08-29_T+1_1787884760886_p4mo,DEL-BOM,EaseMyTrip,6E,6E-944,2026-08-29,T+1,6243,1370,7613,2026-08-28T02:17:08.432Z,FALSE,"",23:15,FALSE
fare_DEL-BOM_6E_2026-08-29_T+1_1787884760886_hprj,DEL-BOM,EaseMyTrip,6E,6E-576,2026-08-29,T+1,6243,1370,7613,2026-08-28T02:17:08.432Z,FALSE,"",23:15,FALSE
fare_DEL-BOM_6E_2026-08-29_T+1_1787884760886_zwnt,DEL-BOM,EaseMyTrip,6E,6E-6497,2026-08-29,T+1,6243,1370,7613,2026-08-28T02:17:08.432Z,FALSE,"",18:45,FALSE
fare_DEL-BOM_6E_2026-08-29_T+1_1787884760886_ir4f,DEL-BOM,EaseMyTrip,6E,6E-6293,2026-08-29,T+1,6243,1370,7613,2026-08-28T02:17:08.432Z,FALSE,"",09:55,FALSE
fare_DEL-BOM_6E_2026-08-29_T+1_1787884760886_clet,DEL-BOM,EaseMyTrip,6E,6E-561,2026-08-29,T+1,6307,1385,7692,2026-08-28T02:17:08.432Z,FALSE,"",12:15,FALSE
fare_DEL-BOM_6E_2026-08-29_T+1_1787884760886_5t2o,DEL-BOM,EaseMyTrip,6E,6E-812,2026-08-29,T+1,6307,1385,7692,2026-08-28T02:17:08.432Z,FALSE,"",12:15,FALSE
fare_DEL-BOM_6E_2026-08-29_T+1_1787884760886_x8mn,DEL-BOM,EaseMyTrip,6E,6E-2341,2026-08-29,T+1,6380,1400,7780,2026-08-28T02:17:08.432Z,FALSE,"",14:50,FALSE
fare_DEL-BOM_6E_2026-08-29_T+1_1787884760886_228q,DEL-BOM,EaseMyTrip,6E,6E-2571,2026-08-29,T+1,6831,1500,8331,2026-08-28T02:17:08.432Z,FALSE,"",12:30,FALSE
fare_DEL-BOM_6E_2026-08-29_T+1_1787884760886_wuu1,DEL-BOM,EaseMyTrip,6E,6E-2249,2026-08-29,T+1,7084,1555,8639,2026-08-28T02:17:08.432Z,FALSE,"",15:00,FALSE
fare_DEL-BOM_6E_2026-08-29_T+1_1787884760886_qiji,DEL-BOM,EaseMyTrip,6E,6E-275,2026-08-29,T+1,7399,1624,9023,2026-08-28T02:17:08.432Z,FALSE,"",10:00,FALSE
fare_DEL-BOM_6E_2026-08-29_T+1_1787884760886_mgoq,DEL-BOM,EaseMyTrip,6E,6E-273,2026-08-29,T+1,7399,1624,9023,2026-08-28T02:17:08.432Z,FALSE,"",10:00,FALSE
fare_DEL-BOM_6E_2026-08-29_T+1_1787884760886_gv28,DEL-BOM,EaseMyTrip,6E,6E-2076,2026-08-29,T+1,7719,1694,9413,2026-08-28T02:17:08.432Z,FALSE,"",07:30,FALSE
fare_DEL-BOM_6E_2026-08-29_T+1_1787884760886_o0tl,DEL-BOM,EaseMyTrip,6E,6E-7646,2026-08-29,T+1,8400,1844,10244,2026-08-28T02:17:08.432Z,FALSE,"",06:15,FALSE
fare_DEL-BOM_6E_2026-08-29_T+1_1787884760886_y653,DEL-BOM,EaseMyTrip,6E,6E-292,2026-08-29,T+1,8834,1939,10773,2026-08-28T02:17:08.432Z,FALSE,"",10:00,FALSE
fare_DEL-BOM_6E_2026-08-29_T+1_1787884760886_q2is,DEL-BOM,EaseMyTrip,6E,6E-890,2026-08-29,T+1,8834,1939,10773,2026-08-28T02:17:08.432Z,FALSE,"",10:00,FALSE
fare_DEL-BOM_AI_2026-08-29_T+1_1787884760886_e2bn,DEL-BOM,EaseMyTrip,AI,AI-1712,2026-08-29,T+1,9228,2026,11254,2026-08-28T02:17:08.432Z,FALSE,"",13:15,FALSE
fare_DEL-BOM_IX_2026-08-29_T+1_1787884760886_2s8c,DEL-BOM,EaseMyTrip,IX,IX-1081,2026-08-29,T+1,9323,2047,11370,2026-08-28T02:17:08.432Z,FALSE,"",14:55,FALSE
fare_DEL-BOM_IX_2026-08-29_T+1_1787884760886_bonq,DEL-BOM,EaseMyTrip,IX,IX-1001,2026-08-29,T+1,9323,2047,11370,2026-08-28T02:17:08.432Z,FALSE,"",09:00,FALSE
fare_DEL-BOM_IX_2026-08-29_T+1_1787884760886_4rgz,DEL-BOM,EaseMyTrip,IX,IX-1067,2026-08-29,T+1,9323,2047,11370,2026-08-28T02:17:08.432Z,FALSE,"",06:10,FALSE
fare_DEL-BOM_IX_2026-08-29_T+1_1787884760886_71o8,DEL-BOM,EaseMyTrip,IX,IX-2457,2026-08-29,T+1,9578,2102,11680,2026-08-28T02:17:08.432Z,FALSE,"",11:30,FALSE
fare_DEL-BOM_IX_2026-08-29_T+1_1787884760886_w7aj,DEL-BOM,EaseMyTrip,IX,IX-2820,2026-08-29,T+1,9479,2081,11560,2026-08-28T02:17:08.432Z,FALSE,"",21:00,FALSE
fare_DEL-BOM_IX_2026-08-29_T+1_1787884760886_qn5p,DEL-BOM,EaseMyTrip,IX,IX-1789,2026-08-29,T+1,9792,2150,11942,2026-08-28T02:17:08.432Z,FALSE,"",10:40,FALSE
fare_DEL-BOM_6E_2026-08-29_T+1_1787884760886_wgr7,DEL-BOM,EaseMyTrip,6E,6E-154,2026-08-29,T+1,9432,2070,11502,2026-08-28T02:17:08.432Z,FALSE,"",19:35,FALSE
fare_DEL-BOM_6E_2026-08-29_T+1_1787884760886_2a4f,DEL-BOM,EaseMyTrip,6E,6E-441,2026-08-29,T+1,9432,2070,11502,2026-08-28T02:17:08.432Z,FALSE,"",19:35,FALSE
fare_DEL-BOM_6E_2026-08-29_T+1_1787884760886_3jwx,DEL-BOM,EaseMyTrip,6E,6E-6433,2026-08-29,T+1,9551,2097,11648,2026-08-28T02:17:08.432Z,FALSE,"",16:30,FALSE
fare_DEL-BOM_IX_2026-08-29_T+1_1787884760886_ypal,DEL-BOM,EaseMyTrip,IX,IX-1068,2026-08-29,T+1,10171,2233,12404,2026-08-28T02:17:08.432Z,FALSE,"",11:55,FALSE
fare_DEL-BOM_6E_2026-08-29_T+1_1787884760886_v35f,DEL-BOM,EaseMyTrip,6E,6E-621,2026-08-29,T+1,10046,2205,12251,2026-08-28T02:17:08.432Z,FALSE,"",19:30,FALSE
fare_DEL-BOM_6E_2026-08-29_T+1_1787884760886_cv0g,DEL-BOM,EaseMyTrip,6E,6E-261,2026-08-29,T+1,10179,2235,12414,2026-08-28T02:17:08.432Z,FALSE,"",08:30,FALSE
fare_DEL-BOM_6E_2026-08-29_T+1_1787884760886_mg0s,DEL-BOM,EaseMyTrip,6E,6E-324,2026-08-29,T+1,10179,2235,12414,2026-08-28T02:17:08.432Z,FALSE,"",08:30,FALSE
fare_DEL-BOM_AI_2026-08-29_T+1_1787884760886_ehe4,DEL-BOM,EaseMyTrip,AI,AI-9418,2026-08-29,T+1,10676,2343,13019,2026-08-28T02:17:08.432Z,FALSE,"",13:10,FALSE
fare_DEL-BOM_QP_2026-08-29_T+1_1787884760886_otab,DEL-BOM,EaseMyTrip,QP,QP-1815,2026-08-29,T+1,10567,2320,12887,2026-08-28T02:17:08.432Z,FALSE,"",14:55,FALSE
fare_DEL-BOM_AI_2026-08-29_T+1_1787884760886_mxrq,DEL-BOM,EaseMyTrip,AI,AI-1705,2026-08-29,T+1,10738,2357,13095,2026-08-28T02:17:08.432Z,FALSE,"",06:30,FALSE
fare_DEL-BOM_IX_2026-08-29_T+1_1787884760886_uiuf,DEL-BOM,EaseMyTrip,IX,IX-2146,2026-08-29,T+1,11268,2473,13741,2026-08-28T02:17:08.432Z,FALSE,"",06:20,FALSE
fare_DEL-BOM_6E_2026-08-29_T+1_1787884760886_dopc,DEL-BOM,EaseMyTrip,6E,6E-7642,2026-08-29,T+1,11773,2584,14357,2026-08-28T02:17:08.432Z,FALSE,"",15:45,FALSE
fare_DEL-BOM_AI_2026-08-29_T+1_1787884760886_bwbd,DEL-BOM,EaseMyTrip,AI,AI-531,2026-08-29,T+1,12336,2708,15044,2026-08-28T02:17:08.432Z,FALSE,"",19:20,FALSE
fare_DEL-BOM_AI_2026-08-29_T+1_1787884760886_dyx1,DEL-BOM,EaseMyTrip,AI,AI-2715,2026-08-29,T+1,12336,2708,15044,2026-08-28T02:17:08.432Z,FALSE,"",11:40,FALSE
fare_DEL-BOM_AI_2026-08-29_T+1_1787884760886_n2oo,DEL-BOM,EaseMyTrip,AI,AI-9920,2026-08-29,T+1,12531,2751,15282,2026-08-28T02:17:08.432Z,FALSE,"",10:30,FALSE
fare_DEL-BOM_AI_2026-08-29_T+1_1787884760886_2afq,DEL-BOM,EaseMyTrip,AI,AI-817,2026-08-29,T+1,12641,2775,15416,2026-08-28T02:17:08.432Z,FALSE,"",05:55,FALSE
fare_DEL-BOM_AI_2026-08-29_T+1_1787884760886_f4an,DEL-BOM,EaseMyTrip,AI,AI-1743,2026-08-29,T+1,13065,2868,15933,2026-08-28T02:17:08.432Z,FALSE,"",06:50,FALSE
fare_DEL-BOM_QP_2026-08-29_T+1_1787884760886_afdc,DEL-BOM,EaseMyTrip,QP,QP-1817,2026-08-29,T+1,12938,2840,15778,2026-08-28T02:17:08.432Z,FALSE,"",10:30,FALSE
fare_DEL-BOM_AI_2026-08-29_T+1_1787884760886_nlm4,DEL-BOM,EaseMyTrip,AI,AI-2537,2026-08-29,T+1,13350,2931,16281,2026-08-28T02:17:08.432Z,FALSE,"",17:30,FALSE
fare_DEL-BOM_IX_2026-08-29_T+1_1787884760886_25oy,DEL-BOM,EaseMyTrip,IX,IX-1057,2026-08-29,T+1,14049,3084,17133,2026-08-28T02:17:08.432Z,FALSE,"",05:25,FALSE
fare_DEL-BOM_AI_2026-08-29_T+1_1787884760886_4rst,DEL-BOM,EaseMyTrip,AI,AI-881,2026-08-29,T+1,13910,3053,16963,2026-08-28T02:17:08.432Z,FALSE,"",13:35,FALSE
fare_DEL-BOM_AI_2026-08-29_T+1_1787884760886_kgcl,DEL-BOM,EaseMyTrip,AI,AI-2907,2026-08-29,T+1,14034,3081,17115,2026-08-28T02:17:08.432Z,FALSE,"",11:55,FALSE
fare_DEL-BOM_AI_2026-08-29_T+1_1787884760886_66gf,DEL-BOM,EaseMyTrip,AI,AI-1725,2026-08-29,T+1,14147,3105,17252,2026-08-28T02:17:08.432Z,FALSE,"",05:40,FALSE
fare_DEL-BOM_AI_2026-08-29_T+1_1787884760886_489n,DEL-BOM,EaseMyTrip,AI,AI-2735,2026-08-29,T+1,14197,3117,17314,2026-08-28T02:17:08.432Z,FALSE,"",15:40,FALSE
fare_DEL-BOM_AI_2026-08-29_T+1_1787884760886_jych,DEL-BOM,EaseMyTrip,AI,AI-491,2026-08-29,T+1,14497,3182,17679,2026-08-28T02:17:08.432Z,FALSE,"",11:15,FALSE
fare_DEL-BOM_AI_2026-08-29_T+1_1787884760886_bxm4,DEL-BOM,EaseMyTrip,AI,AI-1711,2026-08-29,T+1,14497,3182,17679,2026-08-28T02:17:08.432Z,FALSE,"",10:25,FALSE
fare_DEL-BOM_AI_2026-08-29_T+1_1787884760886_ocql,DEL-BOM,EaseMyTrip,AI,AI-2577,2026-08-29,T+1,14577,3200,17777,2026-08-28T02:17:08.432Z,FALSE,"",02:00,FALSE
fare_DEL-BOM_QP_2026-08-29_T+1_1787884760886_74mj,DEL-BOM,EaseMyTrip,QP,QP-1812,2026-08-29,T+1,14417,3165,17582,2026-08-28T02:17:08.432Z,FALSE,"",22:55,FALSE
fare_DEL-BOM_AI_2026-08-29_T+1_1787884760886_k0wb,DEL-BOM,EaseMyTrip,AI,AI-9584,2026-08-29,T+1,14673,3221,17894,2026-08-28T02:17:08.432Z,FALSE,"",11:20,FALSE
fare_DEL-BOM_AI_2026-08-29_T+1_1787884760886_jn9d,DEL-BOM,EaseMyTrip,AI,AI-2465,2026-08-29,T+1,14880,3266,18146,2026-08-28T02:17:08.432Z,FALSE,"",14:30,FALSE
fare_DEL-BOM_IX_2026-08-29_T+1_1787884760886_gqgz,DEL-BOM,EaseMyTrip,IX,IX-5316,2026-08-29,T+1,15302,3359,18661,2026-08-28T02:17:08.432Z,FALSE,"",15:30,FALSE
fare_DEL-BOM_IX_2026-08-29_T+1_1787884760886_0ko3,DEL-BOM,EaseMyTrip,IX,IX-1815,2026-08-29,T+1,15501,3403,18904,2026-08-28T02:17:08.432Z,FALSE,"",19:05,FALSE
fare_DEL-BOM_AI_2026-08-29_T+1_1787884760886_1xpy,DEL-BOM,EaseMyTrip,AI,AI-1779,2026-08-29,T+1,15541,3412,18953,2026-08-28T02:17:08.432Z,FALSE,"",13:55,FALSE
fare_DEL-BOM_AI_2026-08-29_T+1_1787884760886_5bbs,DEL-BOM,EaseMyTrip,AI,AI-1737,2026-08-29,T+1,15754,3458,19212,2026-08-28T02:17:08.432Z,FALSE,"",11:50,FALSE
fare_DEL-BOM_IX_2026-08-29_T+1_1787884760886_g3qm,DEL-BOM,EaseMyTrip,IX,IX-1003,2026-08-29,T+1,16288,3575,19863,2026-08-28T02:17:08.432Z,TRUE,"High outlier: ₹19863 > upper fence ₹19215 (Q3: ₹11604, IQR: ₹5074)",19:10,FALSE
fare_DEL-BOM_AI_2026-08-29_T+1_1787884760886_m1lx,DEL-BOM,EaseMyTrip,AI,AI-2653,2026-08-29,T+1,16618,3648,20266,2026-08-28T02:17:08.432Z,TRUE,"High outlier: ₹20266 > upper fence ₹19215 (Q3: ₹11604, IQR: ₹5074)",04:30,FALSE
fare_DEL-BOM_AI_2026-08-29_T+1_1787884760886_mqnr,DEL-BOM,EaseMyTrip,AI,AI-2417,2026-08-29,T+1,16796,3687,20483,2026-08-28T02:17:08.432Z,TRUE,"High outlier: ₹20483 > upper fence ₹19215 (Q3: ₹11604, IQR: ₹5074)",13:00,FALSE
fare_DEL-BOM_AI_2026-08-29_T+1_1787884760886_u3rg,DEL-BOM,EaseMyTrip,AI,AI-429,2026-08-29,T+1,17145,3763,20908,2026-08-28T02:17:08.432Z,TRUE,"High outlier: ₹20908 > upper fence ₹19215 (Q3: ₹11604, IQR: ₹5074)",10:20,FALSE
fare_DEL-BOM_AI_2026-08-29_T+1_1787884760886_aidx,DEL-BOM,EaseMyTrip,AI,AI-1739,2026-08-29,T+1,17263,3790,21053,2026-08-28T02:17:08.432Z,TRUE,"High outlier: ₹21053 > upper fence ₹19215 (Q3: ₹11604, IQR: ₹5074)",11:30,FALSE
fare_DEL-BOM_IX_2026-08-29_T+1_1787884760886_0rit,DEL-BOM,EaseMyTrip,IX,IX-1482,2026-08-29,T+1,17835,3915,21750,2026-08-28T02:17:08.432Z,TRUE,"High outlier: ₹21750 > upper fence ₹19215 (Q3: ₹11604, IQR: ₹5074)",08:30,FALSE
fare_DEL-BOM_6E_2026-08-29_T+1_1787884760886_4tr9,DEL-BOM,EaseMyTrip,6E,6E-2381,2026-08-29,T+1,17638,3872,21510,2026-08-28T02:17:08.432Z,TRUE,"High outlier: ₹21510 > upper fence ₹19215 (Q3: ₹11604, IQR: ₹5074)",13:45,FALSE
fare_DEL-BOM_IX_2026-08-29_T+1_1787884760886_13u6,DEL-BOM,EaseMyTrip,IX,IX-1812,2026-08-29,T+1,20867,4581,25448,2026-08-28T02:17:08.432Z,TRUE,"High outlier: ₹25448 > upper fence ₹19215 (Q3: ₹11604, IQR: ₹5074)",07:10,FALSE
fare_DEL-BOM_AI_2026-08-29_T+1_1787884760886_adks,DEL-BOM,EaseMyTrip,AI,AI-2496,2026-08-29,T+1,21537,4728,26265,2026-08-28T02:17:08.432Z,TRUE,"High outlier: ₹26265 > upper fence ₹19215 (Q3: ₹11604, IQR: ₹5074)",03:00,FALSE
fare_DEL-BOM_IX_2026-09-27_T+30_1787884760887_gb58,DEL-BOM,EaseMyTrip,IX,IX-1165,2026-09-27,T+30,5568,1222,6790,2026-08-28T02:17:29.389Z,FALSE,"",05:45,FALSE
fare_DEL-BOM_IX_2026-09-27_T+30_1787884760887_upo8,DEL-BOM,EaseMyTrip,IX,IX-1392,2026-09-27,T+30,5568,1222,6790,2026-08-28T02:17:29.389Z,FALSE,"",23:25,FALSE
fare_DEL-BOM_IX_2026-09-27_T+30_1787884760887_a6vn,DEL-BOM,EaseMyTrip,IX,IX-1235,2026-09-27,T+30,5354,1175,6529,2026-08-28T02:17:29.389Z,FALSE,"",23:25,TRUE
fare_DEL-BOM_IX_2026-09-27_T+30_1787884760887_85w0,DEL-BOM,EaseMyTrip,IX,IX-1056,2026-09-27,T+30,5354,1175,6529,2026-08-28T02:17:29.389Z,FALSE,"",05:35,TRUE
fare_DEL-BOM_IX_2026-09-27_T+30_1787884760887_4wxt,DEL-BOM,EaseMyTrip,IX,IX-1038,2026-09-27,T+30,5354,1175,6529,2026-08-28T02:17:29.389Z,FALSE,"",17:35,TRUE
fare_DEL-BOM_SG_2026-09-27_T+30_1787884760887_96r1,DEL-BOM,EaseMyTrip,SG,SG-156,2026-09-27,T+30,5525,1213,6738,2026-08-28T02:17:29.389Z,FALSE,"",22:30,TRUE
fare_DEL-BOM_SG_2026-09-27_T+30_1787884760887_6sbg,DEL-BOM,EaseMyTrip,SG,SG-574,2026-09-27,T+30,5525,1213,6738,2026-08-28T02:17:29.389Z,FALSE,"",22:30,TRUE
fare_DEL-BOM_6E_2026-09-27_T+30_1787884760887_zbs6,DEL-BOM,EaseMyTrip,6E,6E-6470,2026-09-27,T+30,5354,1175,6529,2026-08-28T02:17:29.389Z,FALSE,"",06:55,TRUE
fare_DEL-BOM_QP_2026-09-27_T+30_1787884760887_gauq,DEL-BOM,EaseMyTrip,QP,QP-1833,2026-09-27,T+30,5355,1175,6530,2026-08-28T02:17:29.389Z,FALSE,"",06:50,TRUE
fare_DEL-BOM_QP_2026-09-27_T+30_1787884760887_jwzk,DEL-BOM,EaseMyTrip,QP,QP-1112,2026-09-27,T+30,5355,1175,6530,2026-08-28T02:17:29.389Z,FALSE,"",09:20,TRUE
fare_DEL-BOM_QP_2026-09-27_T+30_1787884760887_2sx0,DEL-BOM,EaseMyTrip,QP,QP-1836,2026-09-27,T+30,5355,1175,6530,2026-08-28T02:17:29.389Z,FALSE,"",12:30,TRUE
fare_DEL-BOM_QP_2026-09-27_T+30_1787884760887_stlv,DEL-BOM,EaseMyTrip,QP,QP-1128,2026-09-27,T+30,5355,1175,6530,2026-08-28T02:17:29.389Z,FALSE,"",16:00,TRUE
fare_DEL-BOM_QP_2026-09-27_T+30_1787884760887_vumb,DEL-BOM,EaseMyTrip,QP,QP-1820,2026-09-27,T+30,5355,1175,6530,2026-08-28T02:17:29.389Z,FALSE,"",17:30,TRUE
fare_DEL-BOM_QP_2026-09-27_T+30_1787884760887_jhbt,DEL-BOM,EaseMyTrip,QP,QP-1119,2026-09-27,T+30,5355,1175,6530,2026-08-28T02:17:29.389Z,FALSE,"",08:40,TRUE
fare_DEL-BOM_QP_2026-09-27_T+30_1787884760887_q7px,DEL-BOM,EaseMyTrip,QP,QP-1110,2026-09-27,T+30,5355,1175,6530,2026-08-28T02:17:29.389Z,FALSE,"",10:30,TRUE
fare_DEL-BOM_6E_2026-09-27_T+30_1787884760887_xvj2,DEL-BOM,EaseMyTrip,6E,6E-6218,2026-09-27,T+30,5355,1175,6530,2026-08-28T02:17:29.389Z,FALSE,"",06:05,TRUE
fare_DEL-BOM_6E_2026-09-27_T+30_1787884760887_unbs,DEL-BOM,EaseMyTrip,6E,6E-961,2026-09-27,T+30,5355,1175,6530,2026-08-28T02:17:29.389Z,FALSE,"",23:30,TRUE
fare_DEL-BOM_6E_2026-09-27_T+30_1787884760887_9ewx,DEL-BOM,EaseMyTrip,6E,6E-764,2026-09-27,T+30,5355,1175,6530,2026-08-28T02:17:29.389Z,FALSE,"",23:30,TRUE
fare_DEL-BOM_6E_2026-09-27_T+30_1787884760887_000s,DEL-BOM,EaseMyTrip,6E,6E-648,2026-09-27,T+30,5355,1175,6530,2026-08-28T02:17:29.389Z,FALSE,"",08:45,TRUE
fare_DEL-BOM_6E_2026-09-27_T+30_1787884760887_srj8,DEL-BOM,EaseMyTrip,6E,6E-380,2026-09-27,T+30,5355,1175,6530,2026-08-28T02:17:29.389Z,FALSE,"",08:45,TRUE
fare_DEL-BOM_6E_2026-09-27_T+30_1787884760887_y7rg,DEL-BOM,EaseMyTrip,6E,6E-6107,2026-09-27,T+30,5355,1175,6530,2026-08-28T02:17:29.389Z,FALSE,"",09:30,TRUE
fare_DEL-BOM_6E_2026-09-27_T+30_1787884760887_djkg,DEL-BOM,EaseMyTrip,6E,6E-352,2026-09-27,T+30,5355,1175,6530,2026-08-28T02:17:29.389Z,FALSE,"",08:00,TRUE
fare_DEL-BOM_6E_2026-09-27_T+30_1787884760887_ym62,DEL-BOM,EaseMyTrip,6E,6E-132,2026-09-27,T+30,5355,1175,6530,2026-08-28T02:17:29.389Z,FALSE,"",08:00,TRUE
fare_DEL-BOM_6E_2026-09-27_T+30_1787884760887_685n,DEL-BOM,EaseMyTrip,6E,6E-6047,2026-09-27,T+30,5355,1175,6530,2026-08-28T02:17:29.389Z,FALSE,"",11:00,TRUE
fare_DEL-BOM_6E_2026-09-27_T+30_1787884760887_muzv,DEL-BOM,EaseMyTrip,6E,6E-6328,2026-09-27,T+30,5355,1175,6530,2026-08-28T02:17:29.389Z,FALSE,"",10:15,TRUE
fare_DEL-BOM_QP_2026-09-27_T+30_1787884760887_auge,DEL-BOM,EaseMyTrip,QP,QP-1940,2026-09-27,T+30,5427,1191,6618,2026-08-28T02:17:29.389Z,FALSE,"",14:00,TRUE
fare_DEL-BOM_IX_2026-09-27_T+30_1787884760887_cj8b,DEL-BOM,EaseMyTrip,IX,IX-1080,2026-09-27,T+30,5698,1251,6949,2026-08-28T02:17:29.389Z,FALSE,"",18:40,TRUE
fare_DEL-BOM_6E_2026-09-27_T+30_1787884760887_1ck8,DEL-BOM,EaseMyTrip,6E,6E-6114,2026-09-27,T+30,5484,1204,6688,2026-08-28T02:17:29.389Z,FALSE,"",22:45,TRUE
fare_DEL-BOM_6E_2026-09-27_T+30_1787884760887_5k6c,DEL-BOM,EaseMyTrip,6E,6E-628,2026-09-27,T+30,5484,1204,6688,2026-08-28T02:17:29.389Z,FALSE,"",16:15,TRUE
fare_DEL-BOM_6E_2026-09-27_T+30_1787884760887_qdsi,DEL-BOM,EaseMyTrip,6E,6E-278,2026-09-27,T+30,5484,1204,6688,2026-08-28T02:17:29.389Z,FALSE,"",16:15,TRUE
fare_DEL-BOM_6E_2026-09-27_T+30_1787884760887_nxtr,DEL-BOM,EaseMyTrip,6E,6E-249,2026-09-27,T+30,5484,1204,6688,2026-08-28T02:17:29.389Z,FALSE,"",15:30,TRUE
fare_DEL-BOM_6E_2026-09-27_T+30_1787884760887_pj4c,DEL-BOM,EaseMyTrip,6E,6E-170,2026-09-27,T+30,5484,1204,6688,2026-08-28T02:17:29.389Z,FALSE,"",15:30,TRUE
fare_DEL-BOM_6E_2026-09-27_T+30_1787884760887_w6fo,DEL-BOM,EaseMyTrip,6E,6E-6676,2026-09-27,T+30,5484,1204,6688,2026-08-28T02:17:29.389Z,FALSE,"",12:00,TRUE
fare_DEL-BOM_6E_2026-09-27_T+30_1787884760887_ed9o,DEL-BOM,EaseMyTrip,6E,6E-744,2026-09-27,T+30,5484,1204,6688,2026-08-28T02:17:29.389Z,FALSE,"",13:00,TRUE
fare_DEL-BOM_6E_2026-09-27_T+30_1787884760887_pnj0,DEL-BOM,EaseMyTrip,6E,6E-454,2026-09-27,T+30,5484,1204,6688,2026-08-28T02:17:29.389Z,FALSE,"",13:00,TRUE
fare_DEL-BOM_SG_2026-09-27_T+30_1787884760887_kj82,DEL-BOM,EaseMyTrip,SG,SG-140,2026-09-27,T+30,5720,1256,6976,2026-08-28T02:17:29.389Z,FALSE,"",20:10,TRUE
fare_DEL-BOM_SG_2026-09-27_T+30_1787884760887_y5nq,DEL-BOM,EaseMyTrip,SG,SG-681,2026-09-27,T+30,5720,1256,6976,2026-08-28T02:17:29.389Z,FALSE,"",20:10,TRUE
fare_DEL-BOM_AI_2026-09-27_T+30_1787884760887_nzvg,DEL-BOM,EaseMyTrip,AI,AI-2678,2026-09-27,T+30,5740,1260,7000,2026-08-28T02:17:29.389Z,FALSE,"",08:30,TRUE
fare_DEL-BOM_AI_2026-09-27_T+30_1787884760887_cnr4,DEL-BOM,EaseMyTrip,AI,AI-2963,2026-09-27,T+30,5740,1260,7000,2026-08-28T02:17:29.389Z,FALSE,"",09:00,TRUE
fare_DEL-BOM_AI_2026-09-27_T+30_1787884760887_c70y,DEL-BOM,EaseMyTrip,AI,AI-1745,2026-09-27,T+30,5740,1260,7000,2026-08-28T02:17:29.389Z,FALSE,"",05:00,TRUE
fare_DEL-BOM_AI_2026-09-27_T+30_1787884760887_5uv9,DEL-BOM,EaseMyTrip,AI,AI-2975,2026-09-27,T+30,5740,1260,7000,2026-08-28T02:17:29.389Z,FALSE,"",06:30,TRUE
fare_DEL-BOM_AI_2026-09-27_T+30_1787884760887_iuu9,DEL-BOM,EaseMyTrip,AI,AI-2425,2026-09-27,T+30,5740,1260,7000,2026-08-28T02:17:29.389Z,FALSE,"",10:30,TRUE
fare_DEL-BOM_AI_2026-09-27_T+30_1787884760887_ca9t,DEL-BOM,EaseMyTrip,AI,AI-2429,2026-09-27,T+30,5740,1260,7000,2026-08-28T02:17:29.389Z,FALSE,"",07:00,TRUE
fare_DEL-BOM_AI_2026-09-27_T+30_1787884760887_co5u,DEL-BOM,EaseMyTrip,AI,AI-2943,2026-09-27,T+30,5740,1260,7000,2026-08-28T02:17:29.389Z,FALSE,"",07:30,TRUE
fare_DEL-BOM_AI_2026-09-27_T+30_1787884760887_cyzh,DEL-BOM,EaseMyTrip,AI,AI-2995,2026-09-27,T+30,5740,1260,7000,2026-08-28T02:17:29.389Z,FALSE,"",10:00,TRUE
fare_DEL-BOM_AI_2026-09-27_T+30_1787884760887_aqt3,DEL-BOM,EaseMyTrip,AI,AI-2945,2026-09-27,T+30,5740,1260,7000,2026-08-28T02:17:29.389Z,FALSE,"",11:00,TRUE
fare_DEL-BOM_AI_2026-09-27_T+30_1787884760887_y9eq,DEL-BOM,EaseMyTrip,AI,AI-2439,2026-09-27,T+30,5740,1260,7000,2026-08-28T02:17:29.389Z,FALSE,"",23:00,TRUE
fare_DEL-BOM_AI_2026-09-27_T+30_1787884760887_r2cj,DEL-BOM,EaseMyTrip,AI,AI-2927,2026-09-27,T+30,5740,1260,7000,2026-08-28T02:17:29.389Z,FALSE,"",09:30,TRUE
fare_DEL-BOM_6E_2026-09-27_T+30_1787884760887_iq6b,DEL-BOM,EaseMyTrip,6E,6E-246,2026-09-27,T+30,5656,1242,6898,2026-08-28T02:17:29.389Z,FALSE,"",20:45,TRUE
fare_DEL-BOM_6E_2026-09-27_T+30_1787884760887_yub0,DEL-BOM,EaseMyTrip,6E,6E-238,2026-09-27,T+30,5656,1242,6898,2026-08-28T02:17:29.389Z,FALSE,"",20:45,TRUE
fare_DEL-BOM_6E_2026-09-27_T+30_1787884760887_01c2,DEL-BOM,EaseMyTrip,6E,6E-224,2026-09-27,T+30,5656,1242,6898,2026-08-28T02:17:29.389Z,FALSE,"",19:00,TRUE
fare_DEL-BOM_6E_2026-09-27_T+30_1787884760887_0ea6,DEL-BOM,EaseMyTrip,6E,6E-777,2026-09-27,T+30,5656,1242,6898,2026-08-28T02:17:29.389Z,FALSE,"",19:00,TRUE
fare_DEL-BOM_6E_2026-09-27_T+30_1787884760887_dqky,DEL-BOM,EaseMyTrip,6E,6E-282,2026-09-27,T+30,5656,1242,6898,2026-08-28T02:17:29.389Z,FALSE,"",18:00,TRUE
fare_DEL-BOM_6E_2026-09-27_T+30_1787884760887_6fh5,DEL-BOM,EaseMyTrip,6E,6E-6706,2026-09-27,T+30,5656,1242,6898,2026-08-28T02:17:29.389Z,FALSE,"",17:00,TRUE
fare_DEL-BOM_6E_2026-09-27_T+30_1787884760887_si17,DEL-BOM,EaseMyTrip,6E,6E-377,2026-09-27,T+30,5656,1242,6898,2026-08-28T02:17:29.389Z,FALSE,"",21:45,TRUE
fare_DEL-BOM_6E_2026-09-27_T+30_1787884760887_7zns,DEL-BOM,EaseMyTrip,6E,6E-309,2026-09-27,T+30,5656,1242,6898,2026-08-28T02:17:29.389Z,FALSE,"",21:45,TRUE
fare_DEL-BOM_6E_2026-09-27_T+30_1787884760887_9cl8,DEL-BOM,EaseMyTrip,6E,6E-6318,2026-09-27,T+30,5656,1242,6898,2026-08-28T02:17:29.389Z,FALSE,"",14:45,TRUE
fare_DEL-BOM_6E_2026-09-27_T+30_1787884760887_o9vu,DEL-BOM,EaseMyTrip,6E,6E-6022,2026-09-27,T+30,5656,1242,6898,2026-08-28T02:17:29.389Z,FALSE,"",14:00,TRUE
fare_DEL-BOM_6E_2026-09-27_T+30_1787884760887_q1p8,DEL-BOM,EaseMyTrip,6E,6E-237,2026-09-27,T+30,5698,1251,6949,2026-08-28T02:17:29.389Z,FALSE,"",20:20,TRUE
fare_DEL-BOM_6E_2026-09-27_T+30_1787884760887_mrn1,DEL-BOM,EaseMyTrip,6E,6E-694,2026-09-27,T+30,5698,1251,6949,2026-08-28T02:17:29.389Z,FALSE,"",20:20,TRUE
fare_DEL-BOM_AI_2026-09-27_T+30_1787884760887_fmzm,DEL-BOM,EaseMyTrip,AI,AI-1785,2026-09-27,T+30,5870,1289,7159,2026-08-28T02:17:29.389Z,FALSE,"",12:00,TRUE
fare_DEL-BOM_AI_2026-09-27_T+30_1787884760887_g5dt,DEL-BOM,EaseMyTrip,AI,AI-2933,2026-09-27,T+30,5870,1289,7159,2026-08-28T02:17:29.389Z,FALSE,"",15:30,TRUE
fare_DEL-BOM_AI_2026-09-27_T+30_1787884760887_94za,DEL-BOM,EaseMyTrip,AI,AI-1777,2026-09-27,T+30,5870,1289,7159,2026-08-28T02:17:29.389Z,FALSE,"",16:00,TRUE
fare_DEL-BOM_QP_2026-09-27_T+30_1787884760887_3w4o,DEL-BOM,EaseMyTrip,QP,QP-1826,2026-09-27,T+30,5756,1263,7019,2026-08-28T02:17:29.389Z,FALSE,"",19:55,TRUE
fare_DEL-BOM_6E_2026-09-27_T+30_1787884760887_lcnd,DEL-BOM,EaseMyTrip,6E,6E-275,2026-09-27,T+30,5871,1289,7160,2026-08-28T02:17:29.389Z,FALSE,"",20:00,TRUE
fare_DEL-BOM_6E_2026-09-27_T+30_1787884760887_lprk,DEL-BOM,EaseMyTrip,6E,6E-665,2026-09-27,T+30,5871,1289,7160,2026-08-28T02:17:29.389Z,FALSE,"",20:00,TRUE
fare_DEL-BOM_AI_2026-09-27_T+30_1787884760887_g64o,DEL-BOM,EaseMyTrip,AI,AI-2951,2026-09-27,T+30,6043,1326,7369,2026-08-28T02:17:29.389Z,FALSE,"",13:30,TRUE
fare_DEL-BOM_AI_2026-09-27_T+30_1787884760887_uani,DEL-BOM,EaseMyTrip,AI,AI-2941,2026-09-27,T+30,6043,1326,7369,2026-08-28T02:17:29.389Z,FALSE,"",16:30,TRUE
fare_DEL-BOM_AI_2026-09-27_T+30_1787884760887_iaf8,DEL-BOM,EaseMyTrip,AI,AI-441,2026-09-27,T+30,6043,1326,7369,2026-08-28T02:17:29.389Z,FALSE,"",17:00,TRUE
fare_DEL-BOM_AI_2026-09-27_T+30_1787884760887_pj8q,DEL-BOM,EaseMyTrip,AI,AI-2985,2026-09-27,T+30,6043,1326,7369,2026-08-28T02:17:29.389Z,FALSE,"",19:30,TRUE
fare_DEL-BOM_AI_2026-09-27_T+30_1787884760887_feqf,DEL-BOM,EaseMyTrip,AI,AI-2805,2026-09-27,T+30,6043,1326,7369,2026-08-28T02:17:29.389Z,FALSE,"",20:00,TRUE
fare_DEL-BOM_AI_2026-09-27_T+30_1787884760887_s9yz,DEL-BOM,EaseMyTrip,AI,AI-2433,2026-09-27,T+30,6043,1326,7369,2026-08-28T02:17:29.389Z,FALSE,"",21:30,TRUE
fare_DEL-BOM_AI_2026-09-27_T+30_1787884760887_ty39,DEL-BOM,EaseMyTrip,AI,AI-2957,2026-09-27,T+30,6043,1326,7369,2026-08-28T02:17:29.389Z,FALSE,"",20:30,TRUE
fare_DEL-BOM_6E_2026-09-27_T+30_1787884760887_h3ge,DEL-BOM,EaseMyTrip,6E,6E-6190,2026-09-27,T+30,5920,1299,7219,2026-08-28T02:17:29.389Z,FALSE,"",07:40,FALSE
fare_DEL-BOM_6E_2026-09-27_T+30_1787884760887_0lrx,DEL-BOM,EaseMyTrip,6E,6E-2331,2026-09-27,T+30,5920,1299,7219,2026-08-28T02:17:29.389Z,FALSE,"",12:20,FALSE
fare_DEL-BOM_6E_2026-09-27_T+30_1787884760887_t257,DEL-BOM,EaseMyTrip,6E,6E-5014,2026-09-27,T+30,5963,1309,7272,2026-08-28T02:17:29.389Z,FALSE,"",18:30,FALSE
fare_DEL-BOM_6E_2026-09-27_T+30_1787884760887_10ij,DEL-BOM,EaseMyTrip,6E,6E-5073,2026-09-27,T+30,5963,1309,7272,2026-08-28T02:17:29.389Z,FALSE,"",17:05,FALSE
fare_DEL-BOM_6E_2026-09-27_T+30_1787884760887_zi50,DEL-BOM,EaseMyTrip,6E,6E-267,2026-09-27,T+30,5963,1309,7272,2026-08-28T02:17:29.389Z,FALSE,"",19:35,FALSE
fare_DEL-BOM_6E_2026-09-27_T+30_1787884760887_a679,DEL-BOM,EaseMyTrip,6E,6E-5119,2026-09-27,T+30,5963,1309,7272,2026-08-28T02:17:29.389Z,FALSE,"",05:10,FALSE
fare_DEL-BOM_6E_2026-09-27_T+30_1787884760887_u9rd,DEL-BOM,EaseMyTrip,6E,6E-2076,2026-09-27,T+30,5963,1309,7272,2026-08-28T02:17:29.389Z,FALSE,"",07:30,FALSE
fare_DEL-BOM_6E_2026-09-27_T+30_1787884760887_hopm,DEL-BOM,EaseMyTrip,6E,6E-6983,2026-09-27,T+30,5963,1309,7272,2026-08-28T02:17:29.389Z,FALSE,"",15:35,FALSE
fare_DEL-BOM_6E_2026-09-27_T+30_1787884760887_o1vx,DEL-BOM,EaseMyTrip,6E,6E-6261,2026-09-27,T+30,5963,1309,7272,2026-08-28T02:17:29.389Z,FALSE,"",00:15,FALSE
fare_DEL-BOM_6E_2026-09-27_T+30_1787884760887_nja7,DEL-BOM,EaseMyTrip,6E,6E-2013,2026-09-27,T+30,5963,1309,7272,2026-08-28T02:17:29.389Z,FALSE,"",21:50,FALSE
fare_DEL-BOM_6E_2026-09-27_T+30_1787884760887_pz63,DEL-BOM,EaseMyTrip,6E,6E-6490,2026-09-27,T+30,6027,1323,7350,2026-08-28T02:17:29.389Z,FALSE,"",04:55,FALSE
fare_DEL-BOM_AI_2026-09-27_T+30_1787884760887_5wfm,DEL-BOM,EaseMyTrip,AI,AI-2981,2026-09-27,T+30,6193,1360,7553,2026-08-28T02:17:29.389Z,FALSE,"",21:00,TRUE
fare_DEL-BOM_6E_2026-09-27_T+30_1787884760887_otbj,DEL-BOM,EaseMyTrip,6E,6E-2249,2026-09-27,T+30,6070,1333,7403,2026-08-28T02:17:29.389Z,FALSE,"",15:00,FALSE
fare_DEL-BOM_6E_2026-09-27_T+30_1787884760887_1tbd,DEL-BOM,EaseMyTrip,6E,6E-851,2026-09-27,T+30,6070,1333,7403,2026-08-28T02:17:29.389Z,FALSE,"",19:40,FALSE
fare_DEL-BOM_6E_2026-09-27_T+30_1787884760887_todc,DEL-BOM,EaseMyTrip,6E,6E-649,2026-09-27,T+30,6070,1333,7403,2026-08-28T02:17:29.389Z,FALSE,"",19:40,FALSE
fare_DEL-BOM_6E_2026-09-27_T+30_1787884760887_2fgx,DEL-BOM,EaseMyTrip,6E,6E-6443,2026-09-27,T+30,6070,1333,7403,2026-08-28T02:17:29.389Z,FALSE,"",09:00,FALSE
fare_DEL-BOM_6E_2026-09-27_T+30_1787884760887_1088,DEL-BOM,EaseMyTrip,6E,6E-5138,2026-09-27,T+30,6070,1333,7403,2026-08-28T02:17:29.389Z,FALSE,"",19:10,FALSE
fare_DEL-BOM_6E_2026-09-27_T+30_1787884760887_ocuj,DEL-BOM,EaseMyTrip,6E,6E-6459,2026-09-27,T+30,6070,1333,7403,2026-08-28T02:17:29.389Z,FALSE,"",05:55,FALSE
fare_DEL-BOM_6E_2026-09-27_T+30_1787884760887_63o1,DEL-BOM,EaseMyTrip,6E,6E-6569,2026-09-27,T+30,6070,1333,7403,2026-08-28T02:17:29.389Z,FALSE,"",05:00,FALSE
fare_DEL-BOM_6E_2026-09-27_T+30_1787884760887_m01g,DEL-BOM,EaseMyTrip,6E,6E-6479,2026-09-27,T+30,6135,1347,7482,2026-08-28T02:17:29.389Z,FALSE,"",21:25,FALSE
fare_DEL-BOM_6E_2026-09-27_T+30_1787884760887_lizq,DEL-BOM,EaseMyTrip,6E,6E-5206,2026-09-27,T+30,6135,1347,7482,2026-08-28T02:17:29.389Z,FALSE,"",13:20,FALSE
fare_DEL-BOM_6E_2026-09-27_T+30_1787884760887_42i6,DEL-BOM,EaseMyTrip,6E,6E-5198,2026-09-27,T+30,6202,1361,7563,2026-08-28T02:17:29.389Z,FALSE,"",15:00,TRUE
fare_DEL-BOM_AI_2026-09-27_T+30_1787884760887_nvf2,DEL-BOM,EaseMyTrip,AI,AI-2977,2026-09-27,T+30,6395,1404,7799,2026-08-28T02:17:29.389Z,FALSE,"",19:00,TRUE
fare_DEL-BOM_AI_2026-09-27_T+30_1787884760887_l6jv,DEL-BOM,EaseMyTrip,AI,AI-2955,2026-09-27,T+30,6395,1404,7799,2026-08-28T02:17:29.389Z,FALSE,"",18:00,TRUE
fare_DEL-BOM_6E_2026-09-27_T+30_1787884760887_a1tx,DEL-BOM,EaseMyTrip,6E,6E-6212,2026-09-27,T+30,6243,1370,7613,2026-08-28T02:17:29.389Z,FALSE,"",14:45,FALSE
fare_DEL-BOM_6E_2026-09-27_T+30_1787884760887_c751,DEL-BOM,EaseMyTrip,6E,6E-6601,2026-09-27,T+30,6243,1370,7613,2026-08-28T02:17:29.389Z,FALSE,"",19:45,FALSE
fare_DEL-BOM_6E_2026-09-27_T+30_1787884760887_o5e5,DEL-BOM,EaseMyTrip,6E,6E-2381,2026-09-27,T+30,6243,1370,7613,2026-08-28T02:17:29.389Z,FALSE,"",13:45,FALSE
fare_DEL-BOM_6E_2026-09-27_T+30_1787884760887_elw3,DEL-BOM,EaseMyTrip,6E,6E-274,2026-09-27,T+30,6243,1370,7613,2026-08-28T02:17:29.389Z,FALSE,"",08:30,FALSE
fare_DEL-BOM_6E_2026-09-27_T+30_1787884760887_6bgn,DEL-BOM,EaseMyTrip,6E,6E-827,2026-09-27,T+30,6243,1370,7613,2026-08-28T02:17:29.389Z,FALSE,"",08:30,FALSE
fare_DEL-BOM_6E_2026-09-27_T+30_1787884760887_2iik,DEL-BOM,EaseMyTrip,6E,6E-6282,2026-09-27,T+30,6243,1370,7613,2026-08-28T02:17:29.389Z,FALSE,"",13:30,FALSE
fare_DEL-BOM_6E_2026-09-27_T+30_1787884760887_cwx3,DEL-BOM,EaseMyTrip,6E,6E-695,2026-09-27,T+30,6243,1370,7613,2026-08-28T02:17:29.389Z,FALSE,"",23:15,FALSE
fare_DEL-BOM_6E_2026-09-27_T+30_1787884760887_xbxp,DEL-BOM,EaseMyTrip,6E,6E-904,2026-09-27,T+30,6243,1370,7613,2026-08-28T02:17:29.389Z,FALSE,"",23:15,FALSE
fare_DEL-BOM_6E_2026-09-27_T+30_1787884760887_c4qp,DEL-BOM,EaseMyTrip,6E,6E-6293,2026-09-27,T+30,6243,1370,7613,2026-08-28T02:17:29.389Z,FALSE,"",09:55,FALSE
fare_DEL-BOM_6E_2026-09-27_T+30_1787884760887_mzg1,DEL-BOM,EaseMyTrip,6E,6E-7646,2026-09-27,T+30,6269,1376,7645,2026-08-28T02:17:29.389Z,FALSE,"",06:15,FALSE
fare_DEL-BOM_6E_2026-09-27_T+30_1787884760887_5rml,DEL-BOM,EaseMyTrip,6E,6E-953,2026-09-27,T+30,6307,1385,7692,2026-08-28T02:17:29.389Z,FALSE,"",19:25,FALSE
fare_DEL-BOM_6E_2026-09-27_T+30_1787884760887_sx5v,DEL-BOM,EaseMyTrip,6E,6E-521,2026-09-27,T+30,6307,1385,7692,2026-08-28T02:17:29.389Z,FALSE,"",19:25,FALSE
fare_DEL-BOM_6E_2026-09-27_T+30_1787884760887_hws6,DEL-BOM,EaseMyTrip,6E,6E-6171,2026-09-27,T+30,6445,1415,7860,2026-08-28T02:17:29.389Z,FALSE,"",05:40,FALSE
fare_DEL-BOM_6E_2026-09-27_T+30_1787884760887_ifti,DEL-BOM,EaseMyTrip,6E,6E-6433,2026-09-27,T+30,7084,1555,8639,2026-08-28T02:17:29.389Z,FALSE,"",16:30,FALSE
fare_DEL-BOM_6E_2026-09-27_T+30_1787884760887_9t59,DEL-BOM,EaseMyTrip,6E,6E-6497,2026-09-27,T+30,7256,1593,8849,2026-08-28T02:17:29.389Z,FALSE,"",18:40,FALSE
fare_DEL-BOM_6E_2026-09-27_T+30_1787884760887_26n4,DEL-BOM,EaseMyTrip,6E,6E-2341,2026-09-27,T+30,7440,1633,9073,2026-08-28T02:17:29.389Z,FALSE,"",14:50,FALSE
fare_DEL-BOM_6E_2026-09-27_T+30_1787884760887_elju,DEL-BOM,EaseMyTrip,6E,6E-2349,2026-09-27,T+30,7594,1667,9261,2026-08-28T02:17:29.389Z,FALSE,"",10:55,FALSE
fare_DEL-BOM_6E_2026-09-27_T+30_1787884760887_r53y,DEL-BOM,EaseMyTrip,6E,6E-7642,2026-09-27,T+30,7908,1736,9644,2026-08-28T02:17:29.389Z,FALSE,"",15:45,FALSE
fare_DEL-BOM_6E_2026-09-27_T+30_1787884760887_wpck,DEL-BOM,EaseMyTrip,6E,6E-645,2026-09-27,T+30,8373,1838,10211,2026-08-28T02:17:29.389Z,FALSE,"",16:30,FALSE
fare_DEL-BOM_6E_2026-09-27_T+30_1787884760887_y6ha,DEL-BOM,EaseMyTrip,6E,6E-570,2026-09-27,T+30,8373,1838,10211,2026-08-28T02:17:29.389Z,FALSE,"",16:30,FALSE
fare_DEL-BOM_AI_2026-09-27_T+30_1787884760887_0gzy,DEL-BOM,EaseMyTrip,AI,AI-1710,2026-09-27,T+30,8646,1898,10544,2026-08-28T02:17:29.389Z,FALSE,"",18:35,FALSE
fare_DEL-BOM_AI_2026-09-27_T+30_1787884760887_zvkj,DEL-BOM,EaseMyTrip,AI,AI-1705,2026-09-27,T+30,8895,1952,10847,2026-08-28T02:17:29.389Z,FALSE,"",06:30,FALSE
fare_DEL-BOM_AI_2026-09-27_T+30_1787884760887_admb,DEL-BOM,EaseMyTrip,AI,AI-1719,2026-09-27,T+30,9146,2008,11154,2026-08-28T02:17:29.389Z,FALSE,"",11:55,FALSE
fare_DEL-BOM_AI_2026-09-27_T+30_1787884760887_6w6j,DEL-BOM,EaseMyTrip,AI,AI-2499,2026-09-27,T+30,9447,2074,11521,2026-08-28T02:17:29.389Z,FALSE,"",05:55,FALSE
fare_DEL-BOM_AI_2026-09-27_T+30_1787884760887_avp3,DEL-BOM,EaseMyTrip,AI,AI-9757,2026-09-27,T+30,9551,2097,11648,2026-08-28T02:17:29.389Z,FALSE,"",11:50,FALSE
fare_DEL-BOM_AI_2026-09-27_T+30_1787884760887_bm6d,DEL-BOM,EaseMyTrip,AI,AI-9759,2026-09-27,T+30,9551,2097,11648,2026-08-28T02:17:29.389Z,FALSE,"",05:45,FALSE
fare_DEL-BOM_6E_2026-09-27_T+30_1787884760887_hrhd,DEL-BOM,EaseMyTrip,6E,6E-6829,2026-09-27,T+30,9788,2149,11937,2026-08-28T02:17:29.389Z,FALSE,"",17:20,FALSE
fare_DEL-BOM_QP_2026-09-27_T+30_1787884760887_27vf,DEL-BOM,EaseMyTrip,QP,QP-1812,2026-09-27,T+30,10072,2211,12283,2026-08-28T02:17:29.389Z,FALSE,"",22:55,FALSE
fare_DEL-BOM_IX_2026-09-27_T+30_1787884760887_wnuf,DEL-BOM,EaseMyTrip,IX,IX-1815,2026-09-27,T+30,11012,2417,13429,2026-08-28T02:17:29.389Z,FALSE,"",19:05,FALSE
fare_DEL-BOM_AI_2026-09-27_T+30_1787884760887_amup,DEL-BOM,EaseMyTrip,AI,AI-1780,2026-09-27,T+30,10912,2395,13307,2026-08-28T02:17:29.389Z,FALSE,"",16:10,TRUE
fare_DEL-BOM_IX_2026-09-27_T+30_1787884760887_fyce,DEL-BOM,EaseMyTrip,IX,IX-1051,2026-09-27,T+30,11348,2491,13839,2026-08-28T02:17:29.389Z,FALSE,"",19:05,FALSE
fare_DEL-BOM_AI_2026-09-27_T+30_1787884760887_zzkz,DEL-BOM,EaseMyTrip,AI,AI-2715,2026-09-27,T+30,11186,2455,13641,2026-08-28T02:17:29.389Z,FALSE,"",11:40,FALSE
fare_DEL-BOM_AI_2026-09-27_T+30_1787884760887_nune,DEL-BOM,EaseMyTrip,AI,AI-2959,2026-09-27,T+30,11186,2455,13641,2026-08-28T02:17:29.389Z,FALSE,"",07:10,FALSE
fare_DEL-BOM_AI_2026-09-27_T+30_1787884760887_ge19,DEL-BOM,EaseMyTrip,AI,AI-2939,2026-09-27,T+30,11273,2475,13748,2026-08-28T02:17:29.389Z,FALSE,"",16:40,FALSE
fare_DEL-BOM_AI_2026-09-27_T+30_1787884760887_7n8z,DEL-BOM,EaseMyTrip,AI,AI-881,2026-09-27,T+30,11273,2475,13748,2026-08-28T02:17:29.389Z,FALSE,"",13:35,FALSE
fare_DEL-BOM_AI_2026-09-27_T+30_1787884760887_qf7j,DEL-BOM,EaseMyTrip,AI,AI-809,2026-09-27,T+30,11463,2516,13979,2026-08-28T02:17:29.389Z,FALSE,"",17:40,FALSE
fare_DEL-BOM_AI_2026-09-27_T+30_1787884760887_wpyz,DEL-BOM,EaseMyTrip,AI,AI-531,2026-09-27,T+30,11463,2516,13979,2026-08-28T02:17:29.389Z,FALSE,"",19:20,FALSE
fare_DEL-BOM_IX_2026-09-27_T+30_1787884760887_qhl6,DEL-BOM,EaseMyTrip,IX,IX-1070,2026-09-27,T+30,12242,2687,14929,2026-08-28T02:17:29.389Z,FALSE,"",18:20,FALSE
fare_DEL-BOM_AI_2026-09-27_T+30_1787884760887_qp75,DEL-BOM,EaseMyTrip,AI,AI-2509,2026-09-27,T+30,12321,2705,15026,2026-08-28T02:17:29.389Z,FALSE,"",06:55,FALSE
fare_DEL-BOM_AI_2026-09-27_T+30_1787884760887_z6ai,DEL-BOM,EaseMyTrip,AI,AI-9584,2026-09-27,T+30,12521,2748,15269,2026-08-28T02:17:29.389Z,FALSE,"",11:15,FALSE
fare_DEL-BOM_6E_2026-09-27_T+30_1787884760887_puxq,DEL-BOM,EaseMyTrip,6E,6E-5038,2026-09-27,T+30,12657,2778,15435,2026-08-28T02:17:29.389Z,FALSE,"",14:00,FALSE
fare_DEL-BOM_AI_2026-09-27_T+30_1787884760887_kiyo,DEL-BOM,EaseMyTrip,AI,AI-1743,2026-09-27,T+30,13285,2916,16201,2026-08-28T02:17:29.389Z,FALSE,"",06:20,FALSE
fare_DEL-BOM_AI_2026-09-27_T+30_1787884760887_okl2,DEL-BOM,EaseMyTrip,AI,AI-2601,2026-09-27,T+30,13285,2916,16201,2026-08-28T02:17:29.389Z,FALSE,"",17:00,FALSE
fare_DEL-BOM_IX_2026-09-27_T+30_1787884760887_vh0p,DEL-BOM,EaseMyTrip,IX,IX-1003,2026-09-27,T+30,13618,2989,16607,2026-08-28T02:17:29.389Z,FALSE,"",19:10,FALSE
fare_DEL-BOM_IX_2026-09-27_T+30_1787884760887_yut1,DEL-BOM,EaseMyTrip,IX,IX-1082,2026-09-27,T+30,14790,3247,18037,2026-08-28T02:17:29.389Z,FALSE,"",21:25,FALSE
fare_DEL-BOM_IX_2026-09-27_T+30_1787884760887_vgpr,DEL-BOM,EaseMyTrip,IX,IX-1817,2026-09-27,T+30,14790,3247,18037,2026-08-28T02:17:29.389Z,FALSE,"",19:30,FALSE
fare_DEL-BOM_AI_2026-09-27_T+30_1787884760887_uusl,DEL-BOM,EaseMyTrip,AI,AI-2577,2026-09-27,T+30,14577,3200,17777,2026-08-28T02:17:29.389Z,FALSE,"",02:00,FALSE
fare_DEL-BOM_IX_2026-09-27_T+30_1787884760887_zrnv,DEL-BOM,EaseMyTrip,IX,IX-1049,2026-09-27,T+30,14990,3290,18280,2026-08-28T02:17:29.389Z,FALSE,"",18:40,FALSE
fare_DEL-BOM_AI_2026-09-27_T+30_1787884760887_ywvo,DEL-BOM,EaseMyTrip,AI,AI-2859,2026-09-27,T+30,14854,3261,18115,2026-08-28T02:17:29.389Z,FALSE,"",10:30,FALSE
fare_DEL-BOM_IX_2026-09-27_T+30_1787884760887_un92,DEL-BOM,EaseMyTrip,IX,IX-1783,2026-09-27,T+30,16288,3575,19863,2026-08-28T02:17:29.389Z,FALSE,"",07:20,FALSE
fare_DEL-BOM_AI_2026-09-27_T+30_1787884760887_3tdh,DEL-BOM,EaseMyTrip,AI,AI-2803,2026-09-27,T+30,16494,3621,20115,2026-08-28T02:17:29.389Z,FALSE,"",06:30,FALSE
fare_DEL-BOM_QP_2026-09-27_T+30_1787884760887_61h7,DEL-BOM,EaseMyTrip,QP,QP-1815,2026-09-27,T+30,16497,3621,20118,2026-08-28T02:17:29.389Z,FALSE,"",14:55,FALSE
fare_DEL-BOM_AI_2026-09-27_T+30_1787884760887_9aun,DEL-BOM,EaseMyTrip,AI,AI-2653,2026-09-27,T+30,16796,3687,20483,2026-08-28T02:17:29.389Z,FALSE,"",04:30,FALSE
fare_DEL-BOM_IX_2026-09-27_T+30_1787884760887_hm8g,DEL-BOM,EaseMyTrip,IX,IX-1059,2026-09-27,T+30,17493,3840,21333,2026-08-28T02:17:29.389Z,FALSE,"",12:15,FALSE
fare_DEL-BOM_IX_2026-09-27_T+30_1787884760887_amhu,DEL-BOM,EaseMyTrip,IX,IX-1108,2026-09-27,T+30,17408,3821,21229,2026-08-28T02:17:29.389Z,FALSE,"",05:00,FALSE
fare_DEL-BOM_IX_2026-09-27_T+30_1787884760887_knly,DEL-BOM,EaseMyTrip,IX,IX-1812,2026-09-27,T+30,17943,3939,21882,2026-08-28T02:17:29.389Z,FALSE,"",11:15,FALSE
fare_DEL-BOM_IX_2026-09-27_T+30_1787884760887_aalv,DEL-BOM,EaseMyTrip,IX,IX-1811,2026-09-27,T+30,18277,4012,22289,2026-08-28T02:17:29.389Z,FALSE,"",06:50,FALSE
fare_DEL-BOM_6E_2026-09-27_T+30_1787884760887_mjxs,DEL-BOM,EaseMyTrip,6E,6E-174,2026-09-27,T+30,18856,4139,22995,2026-08-28T02:17:29.389Z,FALSE,"",12:15,FALSE
fare_DEL-BOM_6E_2026-09-27_T+30_1787884760887_rn7e,DEL-BOM,EaseMyTrip,6E,6E-925,2026-09-27,T+30,18856,4139,22995,2026-08-28T02:17:29.389Z,FALSE,"",12:15,FALSE
fare_DEL-BOM_QP_2026-09-27_T+30_1787884760887_9mqt,DEL-BOM,EaseMyTrip,QP,QP-1817,2026-09-27,T+30,18931,4155,23086,2026-08-28T02:17:29.389Z,FALSE,"",10:30,FALSE
fare_DEL-BOM_AI_2026-09-27_T+30_1787884760887_urya,DEL-BOM,EaseMyTrip,AI,AI-2907,2026-09-27,T+30,19268,4229,23497,2026-08-28T02:17:29.389Z,FALSE,"",11:55,FALSE
fare_DEL-BOM_AI_2026-09-27_T+30_1787884760887_rjh8,DEL-BOM,EaseMyTrip,AI,AI-1773,2026-09-27,T+30,19641,4312,23953,2026-08-28T02:17:29.389Z,FALSE,"",10:30,FALSE
fare_DEL-BOM_AI_2026-09-27_T+30_1787884760887_e6z6,DEL-BOM,EaseMyTrip,AI,AI-2465,2026-09-27,T+30,20897,4587,25484,2026-08-28T02:17:29.389Z,TRUE,"High outlier: ₹25484 > upper fence ₹24023 (Q3: ₹13748, IQR: ₹6850)",14:30,FALSE
fare_DEL-BOM_AI_2026-09-27_T+30_1787884760887_r36o,DEL-BOM,EaseMyTrip,AI,AI-2483,2026-09-27,T+30,22081,4847,26928,2026-08-28T02:17:29.389Z,TRUE,"High outlier: ₹26928 > upper fence ₹24023 (Q3: ₹13748, IQR: ₹6850)",12:20,FALSE
fare_DEL-BOM_IX_2026-09-27_T+30_1787884760887_uzi0,DEL-BOM,EaseMyTrip,IX,IX-1001,2026-09-27,T+30,22566,4954,27520,2026-08-28T02:17:29.389Z,TRUE,"High outlier: ₹27520 > upper fence ₹24023 (Q3: ₹13748, IQR: ₹6850)",09:00,FALSE
fare_DEL-BOM_IX_2026-09-27_T+30_1787884760887_m254,DEL-BOM,EaseMyTrip,IX,IX-1068,2026-09-27,T+30,23221,5097,28318,2026-08-28T02:17:29.389Z,TRUE,"High outlier: ₹28318 > upper fence ₹24023 (Q3: ₹13748, IQR: ₹6850)",11:55,FALSE
fare_DEL-BOM_AI_2026-09-27_T+30_1787884760887_ysuj,DEL-BOM,EaseMyTrip,AI,AI-427,2026-09-27,T+30,22930,5034,27964,2026-08-28T02:17:29.389Z,TRUE,"High outlier: ₹27964 > upper fence ₹24023 (Q3: ₹13748, IQR: ₹6850)",08:30,FALSE
fare_DEL-BOM_IX_2026-09-27_T+30_1787884760887_ffco,DEL-BOM,EaseMyTrip,IX,IX-1081,2026-09-27,T+30,23656,5193,28849,2026-08-28T02:17:29.389Z,TRUE,"High outlier: ₹28849 > upper fence ₹24023 (Q3: ₹13748, IQR: ₹6850)",15:25,FALSE
fare_DEL-BOM_AI_2026-09-27_T+30_1787884760887_gzg7,DEL-BOM,EaseMyTrip,AI,AI-1779,2026-09-27,T+30,23463,5150,28613,2026-08-28T02:17:29.389Z,TRUE,"High outlier: ₹28613 > upper fence ₹24023 (Q3: ₹13748, IQR: ₹6850)",13:50,FALSE
fare_DEL-BOM_IX_2026-09-27_T+30_1787884760887_big7,DEL-BOM,EaseMyTrip,IX,IX-1273,2026-09-27,T+30,24904,5467,30371,2026-08-28T02:17:29.389Z,TRUE,"High outlier: ₹30371 > upper fence ₹24023 (Q3: ₹13748, IQR: ₹6850)",12:20,FALSE
fare_DEL-BOM_AI_2026-09-27_T+30_1787884760887_5zgl,DEL-BOM,EaseMyTrip,AI,AI-2761,2026-09-27,T+30,24406,5358,29764,2026-08-28T02:17:29.389Z,TRUE,"High outlier: ₹29764 > upper fence ₹24023 (Q3: ₹13748, IQR: ₹6850)",16:25,FALSE
fare_DEL-BOM_6E_2026-09-27_T+30_1787884760887_y58n,DEL-BOM,EaseMyTrip,6E,6E-2496,2026-09-27,T+30,26867,5898,32765,2026-08-28T02:17:29.389Z,TRUE,"High outlier: ₹32765 > upper fence ₹24023 (Q3: ₹13748, IQR: ₹6850)",12:40,FALSE
fare_DEL-BOM_IX_2026-09-27_T+30_1787884760887_9aes,DEL-BOM,EaseMyTrip,IX,IX-1067,2026-09-27,T+30,30070,6601,36671,2026-08-28T02:17:29.389Z,TRUE,"High outlier: ₹36671 > upper fence ₹24023 (Q3: ₹13748, IQR: ₹6850)",06:10,FALSE
fare_DEL-BOM_AI_2026-09-27_T+30_1787884760887_k5h2,DEL-BOM,EaseMyTrip,AI,AI-1739,2026-09-27,T+30,29675,6514,36189,2026-08-28T02:17:29.389Z,TRUE,"High outlier: ₹36189 > upper fence ₹24023 (Q3: ₹13748, IQR: ₹6850)",11:30,FALSE
fare_DEL-BOM_6E_2026-09-27_T+30_1787884760887_tbmb,DEL-BOM,EaseMyTrip,6E,6E-5298,2026-09-27,T+30,29859,6554,36413,2026-08-28T02:17:29.389Z,TRUE,"High outlier: ₹36413 > upper fence ₹24023 (Q3: ₹13748, IQR: ₹6850)",09:00,FALSE
fare_DEL-BOM_AI_2026-09-27_T+30_1787884760887_ks9n,DEL-BOM,EaseMyTrip,AI,AI-2627,2026-09-27,T+30,34897,7660,42557,2026-08-28T02:17:29.389Z,TRUE,"High outlier: ₹42557 > upper fence ₹24023 (Q3: ₹13748, IQR: ₹6850)",10:45,FALSE
fare_DEL-BOM_IX_2026-10-12_T+45_1787884760887_vm1r,DEL-BOM,EaseMyTrip,IX,IX-1056,2026-10-12,T+45,5354,1175,6529,2026-08-28T02:17:35.575Z,FALSE,"",17:50,TRUE
fare_DEL-BOM_IX_2026-10-12_T+45_1787884760887_4h7e,DEL-BOM,EaseMyTrip,IX,IX-1235,2026-10-12,T+45,5354,1175,6529,2026-08-28T02:17:35.575Z,FALSE,"",23:25,TRUE
fare_DEL-BOM_IX_2026-10-12_T+45_1787884760887_4zjd,DEL-BOM,EaseMyTrip,IX,IX-1463,2026-10-12,T+45,5354,1175,6529,2026-08-28T02:17:35.575Z,FALSE,"",11:15,TRUE
fare_DEL-BOM_IX_2026-10-12_T+45_1787884760887_2u9x,DEL-BOM,EaseMyTrip,IX,IX-1038,2026-10-12,T+45,5354,1175,6529,2026-08-28T02:17:35.575Z,FALSE,"",17:35,TRUE
fare_DEL-BOM_IX_2026-10-12_T+45_1787884760887_dcv2,DEL-BOM,EaseMyTrip,IX,IX-1024,2026-10-12,T+45,5354,1175,6529,2026-08-28T02:17:35.575Z,FALSE,"",18:40,TRUE
fare_DEL-BOM_SG_2026-10-12_T+45_1787884760887_hikr,DEL-BOM,EaseMyTrip,SG,SG-646,2026-10-12,T+45,5353,1175,6528,2026-08-28T02:17:35.575Z,FALSE,"",19:55,TRUE
fare_DEL-BOM_SG_2026-10-12_T+45_1787884760887_6qm5,DEL-BOM,EaseMyTrip,SG,SG-598,2026-10-12,T+45,5353,1175,6528,2026-08-28T02:17:35.575Z,FALSE,"",19:55,TRUE
fare_DEL-BOM_SG_2026-10-12_T+45_1787884760887_gc2o,DEL-BOM,EaseMyTrip,SG,SG-567,2026-10-12,T+45,5353,1175,6528,2026-08-28T02:17:35.575Z,FALSE,"",22:30,TRUE
fare_DEL-BOM_SG_2026-10-12_T+45_1787884760887_17f0,DEL-BOM,EaseMyTrip,SG,SG-159,2026-10-12,T+45,5353,1175,6528,2026-08-28T02:17:35.575Z,FALSE,"",22:30,TRUE
fare_DEL-BOM_IX_2026-10-12_T+45_1787884760887_117x,DEL-BOM,EaseMyTrip,IX,IX-1165,2026-10-12,T+45,5400,1185,6585,2026-08-28T02:17:35.575Z,FALSE,"",06:00,FALSE
fare_DEL-BOM_IX_2026-10-12_T+45_1787884760887_hywv,DEL-BOM,EaseMyTrip,IX,IX-1392,2026-10-12,T+45,5400,1185,6585,2026-08-28T02:17:35.575Z,FALSE,"",23:25,FALSE
fare_DEL-BOM_6E_2026-10-12_T+45_1787884760887_08yd,DEL-BOM,EaseMyTrip,6E,6E-5096,2026-10-12,T+45,5282,1160,6442,2026-08-28T02:17:35.575Z,FALSE,"",17:00,TRUE
fare_DEL-BOM_QP_2026-10-12_T+45_1787884760887_36uy,DEL-BOM,EaseMyTrip,QP,QP-2012,2026-10-12,T+45,5330,1170,6500,2026-08-28T02:17:35.575Z,FALSE,"",08:55,TRUE
fare_DEL-BOM_6E_2026-10-12_T+45_1787884760887_wb6n,DEL-BOM,EaseMyTrip,6E,6E-6470,2026-10-12,T+45,5354,1175,6529,2026-08-28T02:17:35.575Z,FALSE,"",06:50,TRUE
fare_DEL-BOM_QP_2026-10-12_T+45_1787884760887_jm18,DEL-BOM,EaseMyTrip,QP,QP-1110,2026-10-12,T+45,5355,1175,6530,2026-08-28T02:17:35.575Z,FALSE,"",10:00,TRUE
fare_DEL-BOM_QP_2026-10-12_T+45_1787884760887_kzpd,DEL-BOM,EaseMyTrip,QP,QP-1128,2026-10-12,T+45,5355,1175,6530,2026-08-28T02:17:35.575Z,FALSE,"",16:00,TRUE
fare_DEL-BOM_QP_2026-10-12_T+45_1787884760887_qpv8,DEL-BOM,EaseMyTrip,QP,QP-1820,2026-10-12,T+45,5355,1175,6530,2026-08-28T02:17:35.575Z,FALSE,"",17:30,TRUE
fare_DEL-BOM_QP_2026-10-12_T+45_1787884760887_831a,DEL-BOM,EaseMyTrip,QP,QP-1119,2026-10-12,T+45,5355,1175,6530,2026-08-28T02:17:35.575Z,FALSE,"",08:40,TRUE
fare_DEL-BOM_QP_2026-10-12_T+45_1787884760887_6ed8,DEL-BOM,EaseMyTrip,QP,QP-1826,2026-10-12,T+45,5355,1175,6530,2026-08-28T02:17:35.575Z,FALSE,"",19:55,TRUE
fare_DEL-BOM_6E_2026-10-12_T+45_1787884760887_vyjo,DEL-BOM,EaseMyTrip,6E,6E-760,2026-10-12,T+45,5355,1175,6530,2026-08-28T02:17:35.575Z,FALSE,"",23:30,TRUE
fare_DEL-BOM_6E_2026-10-12_T+45_1787884760887_ads3,DEL-BOM,EaseMyTrip,6E,6E-889,2026-10-12,T+45,5355,1175,6530,2026-08-28T02:17:35.575Z,FALSE,"",23:30,TRUE
fare_DEL-BOM_6E_2026-10-12_T+45_1787884760887_tg7z,DEL-BOM,EaseMyTrip,6E,6E-572,2026-10-12,T+45,5355,1175,6530,2026-08-28T02:17:35.575Z,FALSE,"",19:00,TRUE
fare_DEL-BOM_6E_2026-10-12_T+45_1787884760887_kc4n,DEL-BOM,EaseMyTrip,6E,6E-977,2026-10-12,T+45,5355,1175,6530,2026-08-28T02:17:35.575Z,FALSE,"",19:00,TRUE
fare_DEL-BOM_6E_2026-10-12_T+45_1787884760887_2c4g,DEL-BOM,EaseMyTrip,6E,6E-6706,2026-10-12,T+45,5355,1175,6530,2026-08-28T02:17:35.575Z,FALSE,"",17:00,TRUE
fare_DEL-BOM_6E_2026-10-12_T+45_1787884760887_fyz8,DEL-BOM,EaseMyTrip,6E,6E-589,2026-10-12,T+45,5355,1175,6530,2026-08-28T02:17:35.575Z,FALSE,"",16:15,TRUE
fare_DEL-BOM_6E_2026-10-12_T+45_1787884760887_ur34,DEL-BOM,EaseMyTrip,6E,6E-457,2026-10-12,T+45,5355,1175,6530,2026-08-28T02:17:35.575Z,FALSE,"",16:15,TRUE
fare_DEL-BOM_6E_2026-10-12_T+45_1787884760887_5qdt,DEL-BOM,EaseMyTrip,6E,6E-853,2026-10-12,T+45,5355,1175,6530,2026-08-28T02:17:35.575Z,FALSE,"",15:30,TRUE
fare_DEL-BOM_6E_2026-10-12_T+45_1787884760887_pb8q,DEL-BOM,EaseMyTrip,6E,6E-684,2026-10-12,T+45,5355,1175,6530,2026-08-28T02:17:35.575Z,FALSE,"",15:30,TRUE
fare_DEL-BOM_6E_2026-10-12_T+45_1787884760887_1pp1,DEL-BOM,EaseMyTrip,6E,6E-6328,2026-10-12,T+45,5355,1175,6530,2026-08-28T02:17:35.575Z,FALSE,"",10:15,TRUE
fare_DEL-BOM_6E_2026-10-12_T+45_1787884760887_jhy1,DEL-BOM,EaseMyTrip,6E,6E-133,2026-10-12,T+45,5355,1175,6530,2026-08-28T02:17:35.575Z,FALSE,"",08:45,TRUE
fare_DEL-BOM_6E_2026-10-12_T+45_1787884760887_v3jk,DEL-BOM,EaseMyTrip,6E,6E-429,2026-10-12,T+45,5355,1175,6530,2026-08-28T02:17:35.575Z,FALSE,"",08:45,TRUE
fare_DEL-BOM_6E_2026-10-12_T+45_1787884760887_egy5,DEL-BOM,EaseMyTrip,6E,6E-5198,2026-10-12,T+45,5427,1191,6618,2026-08-28T02:17:35.575Z,FALSE,"",15:00,TRUE
fare_DEL-BOM_6E_2026-10-12_T+45_1787884760887_aqya,DEL-BOM,EaseMyTrip,6E,6E-860,2026-10-12,T+45,5484,1204,6688,2026-08-28T02:17:35.575Z,FALSE,"",18:00,TRUE
fare_DEL-BOM_6E_2026-10-12_T+45_1787884760887_xsi1,DEL-BOM,EaseMyTrip,6E,6E-732,2026-10-12,T+45,5484,1204,6688,2026-08-28T02:17:35.575Z,FALSE,"",18:00,TRUE
fare_DEL-BOM_AI_2026-10-12_T+45_1787884760887_th0t,DEL-BOM,EaseMyTrip,AI,AI-2678,2026-10-12,T+45,5740,1260,7000,2026-08-28T02:17:35.575Z,FALSE,"",08:30,TRUE
fare_DEL-BOM_AI_2026-10-12_T+45_1787884760887_x8uq,DEL-BOM,EaseMyTrip,AI,AI-2963,2026-10-12,T+45,5740,1260,7000,2026-08-28T02:17:35.575Z,FALSE,"",09:00,TRUE
fare_DEL-BOM_AI_2026-10-12_T+45_1787884760887_0ij1,DEL-BOM,EaseMyTrip,AI,AI-2425,2026-10-12,T+45,5740,1260,7000,2026-08-28T02:17:35.575Z,FALSE,"",10:30,TRUE
fare_DEL-BOM_AI_2026-10-12_T+45_1787884760887_zwrv,DEL-BOM,EaseMyTrip,AI,AI-2995,2026-10-12,T+45,5740,1260,7000,2026-08-28T02:17:35.575Z,FALSE,"",10:00,TRUE
fare_DEL-BOM_AI_2026-10-12_T+45_1787884760887_8yuu,DEL-BOM,EaseMyTrip,AI,AI-2933,2026-10-12,T+45,5740,1260,7000,2026-08-28T02:17:35.575Z,FALSE,"",15:30,TRUE
fare_DEL-BOM_AI_2026-10-12_T+45_1787884760887_knzl,DEL-BOM,EaseMyTrip,AI,AI-441,2026-10-12,T+45,5740,1260,7000,2026-08-28T02:17:35.575Z,FALSE,"",17:00,TRUE
fare_DEL-BOM_QP_2026-10-12_T+45_1787884760887_ldp4,DEL-BOM,EaseMyTrip,QP,QP-1833,2026-10-12,T+45,5652,1241,6893,2026-08-28T02:17:35.575Z,FALSE,"",06:50,TRUE
fare_DEL-BOM_6E_2026-10-12_T+45_1787884760887_3r26,DEL-BOM,EaseMyTrip,6E,6E-619,2026-10-12,T+45,5656,1242,6898,2026-08-28T02:17:35.575Z,FALSE,"",03:00,TRUE
fare_DEL-BOM_6E_2026-10-12_T+45_1787884760887_x7q3,DEL-BOM,EaseMyTrip,6E,6E-428,2026-10-12,T+45,5656,1242,6898,2026-08-28T02:17:35.575Z,FALSE,"",03:00,TRUE
fare_DEL-BOM_6E_2026-10-12_T+45_1787884760887_jpim,DEL-BOM,EaseMyTrip,6E,6E-6114,2026-10-12,T+45,5656,1242,6898,2026-08-28T02:17:35.575Z,FALSE,"",22:45,TRUE
fare_DEL-BOM_6E_2026-10-12_T+45_1787884760887_i6gl,DEL-BOM,EaseMyTrip,6E,6E-337,2026-10-12,T+45,5656,1242,6898,2026-08-28T02:17:35.575Z,FALSE,"",21:45,TRUE
fare_DEL-BOM_6E_2026-10-12_T+45_1787884760887_fwn6,DEL-BOM,EaseMyTrip,6E,6E-963,2026-10-12,T+45,5656,1242,6898,2026-08-28T02:17:35.575Z,FALSE,"",21:45,TRUE
fare_DEL-BOM_6E_2026-10-12_T+45_1787884760887_qfbl,DEL-BOM,EaseMyTrip,6E,6E-556,2026-10-12,T+45,5656,1242,6898,2026-08-28T02:17:35.575Z,FALSE,"",20:45,TRUE
fare_DEL-BOM_6E_2026-10-12_T+45_1787884760887_2a8y,DEL-BOM,EaseMyTrip,6E,6E-316,2026-10-12,T+45,5656,1242,6898,2026-08-28T02:17:35.575Z,FALSE,"",20:45,TRUE
fare_DEL-BOM_6E_2026-10-12_T+45_1787884760887_6rrd,DEL-BOM,EaseMyTrip,6E,6E-633,2026-10-12,T+45,5656,1242,6898,2026-08-28T02:17:35.575Z,FALSE,"",20:00,TRUE
fare_DEL-BOM_6E_2026-10-12_T+45_1787884760887_2hok,DEL-BOM,EaseMyTrip,6E,6E-938,2026-10-12,T+45,5656,1242,6898,2026-08-28T02:17:35.575Z,FALSE,"",20:00,TRUE
fare_DEL-BOM_6E_2026-10-12_T+45_1787884760887_jjhs,DEL-BOM,EaseMyTrip,6E,6E-6022,2026-10-12,T+45,5656,1242,6898,2026-08-28T02:17:35.575Z,FALSE,"",14:00,TRUE
fare_DEL-BOM_6E_2026-10-12_T+45_1787884760887_r83x,DEL-BOM,EaseMyTrip,6E,6E-6318,2026-10-12,T+45,5656,1242,6898,2026-08-28T02:17:35.575Z,FALSE,"",14:45,TRUE
fare_DEL-BOM_6E_2026-10-12_T+45_1787884760887_q68d,DEL-BOM,EaseMyTrip,6E,6E-594,2026-10-12,T+45,5656,1242,6898,2026-08-28T02:17:35.575Z,FALSE,"",05:00,TRUE
fare_DEL-BOM_6E_2026-10-12_T+45_1787884760887_u2b8,DEL-BOM,EaseMyTrip,6E,6E-739,2026-10-12,T+45,5656,1242,6898,2026-08-28T02:17:35.575Z,FALSE,"",05:00,TRUE
fare_DEL-BOM_6E_2026-10-12_T+45_1787884760887_mlys,DEL-BOM,EaseMyTrip,6E,6E-6218,2026-10-12,T+45,5656,1242,6898,2026-08-28T02:17:35.575Z,FALSE,"",06:05,TRUE
fare_DEL-BOM_6E_2026-10-12_T+45_1787884760887_pfqf,DEL-BOM,EaseMyTrip,6E,6E-6107,2026-10-12,T+45,5656,1242,6898,2026-08-28T02:17:35.575Z,FALSE,"",09:30,TRUE
fare_DEL-BOM_6E_2026-10-12_T+45_1787884760887_rcgp,DEL-BOM,EaseMyTrip,6E,6E-6047,2026-10-12,T+45,5656,1242,6898,2026-08-28T02:17:35.575Z,FALSE,"",11:00,TRUE
fare_DEL-BOM_6E_2026-10-12_T+45_1787884760887_fj9c,DEL-BOM,EaseMyTrip,6E,6E-6676,2026-10-12,T+45,5656,1242,6898,2026-08-28T02:17:35.575Z,FALSE,"",12:00,TRUE
fare_DEL-BOM_6E_2026-10-12_T+45_1787884760887_mjxb,DEL-BOM,EaseMyTrip,6E,6E-423,2026-10-12,T+45,5656,1242,6898,2026-08-28T02:17:35.575Z,FALSE,"",13:00,TRUE
fare_DEL-BOM_6E_2026-10-12_T+45_1787884760887_n2pa,DEL-BOM,EaseMyTrip,6E,6E-321,2026-10-12,T+45,5656,1242,6898,2026-08-28T02:17:35.575Z,FALSE,"",13:00,TRUE
fare_DEL-BOM_AI_2026-10-12_T+45_1787884760887_lxf5,DEL-BOM,EaseMyTrip,AI,AI-2985,2026-10-12,T+45,5882,1291,7173,2026-08-28T02:17:35.575Z,FALSE,"",19:30,TRUE
fare_DEL-BOM_AI_2026-10-12_T+45_1787884760887_5ovt,DEL-BOM,EaseMyTrip,AI,AI-1777,2026-10-12,T+45,5882,1291,7173,2026-08-28T02:17:35.575Z,FALSE,"",16:00,TRUE
fare_DEL-BOM_AI_2026-10-12_T+45_1787884760887_da80,DEL-BOM,EaseMyTrip,AI,AI-2439,2026-10-12,T+45,5977,1312,7289,2026-08-28T02:17:35.575Z,FALSE,"",23:00,TRUE
fare_DEL-BOM_6E_2026-10-12_T+45_1787884760887_b8mp,DEL-BOM,EaseMyTrip,6E,6E-6814,2026-10-12,T+45,5871,1289,7160,2026-08-28T02:17:35.575Z,FALSE,"",07:15,TRUE
fare_DEL-BOM_6E_2026-10-12_T+45_1787884760887_13o3,DEL-BOM,EaseMyTrip,6E,6E-395,2026-10-12,T+45,5871,1289,7160,2026-08-28T02:17:35.575Z,FALSE,"",08:00,TRUE
fare_DEL-BOM_AI_2026-10-12_T+45_1787884760887_5t40,DEL-BOM,EaseMyTrip,AI,AI-2975,2026-10-12,T+45,6043,1326,7369,2026-08-28T02:17:35.575Z,FALSE,"",06:30,TRUE
fare_DEL-BOM_AI_2026-10-12_T+45_1787884760887_x0l7,DEL-BOM,EaseMyTrip,AI,AI-2951,2026-10-12,T+45,6043,1326,7369,2026-08-28T02:17:35.575Z,FALSE,"",13:30,TRUE
fare_DEL-BOM_AI_2026-10-12_T+45_1787884760887_dsl8,DEL-BOM,EaseMyTrip,AI,AI-2981,2026-10-12,T+45,6043,1326,7369,2026-08-28T02:17:35.575Z,FALSE,"",21:00,TRUE
fare_DEL-BOM_AI_2026-10-12_T+45_1787884760887_5tu5,DEL-BOM,EaseMyTrip,AI,AI-1745,2026-10-12,T+45,6043,1326,7369,2026-08-28T02:17:35.575Z,FALSE,"",05:00,TRUE
fare_DEL-BOM_AI_2026-10-12_T+45_1787884760887_ep88,DEL-BOM,EaseMyTrip,AI,AI-2945,2026-10-12,T+45,6043,1326,7369,2026-08-28T02:17:35.575Z,FALSE,"",11:00,TRUE
fare_DEL-BOM_AI_2026-10-12_T+45_1787884760887_rtne,DEL-BOM,EaseMyTrip,AI,AI-2441,2026-10-12,T+45,6043,1326,7369,2026-08-28T02:17:35.575Z,FALSE,"",14:10,TRUE
fare_DEL-BOM_AI_2026-10-12_T+45_1787884760887_bf07,DEL-BOM,EaseMyTrip,AI,AI-2805,2026-10-12,T+45,6043,1326,7369,2026-08-28T02:17:35.575Z,FALSE,"",20:00,TRUE
fare_DEL-BOM_AI_2026-10-12_T+45_1787884760887_jsfk,DEL-BOM,EaseMyTrip,AI,AI-2999,2026-10-12,T+45,6043,1326,7369,2026-08-28T02:17:35.575Z,FALSE,"",22:00,TRUE
fare_DEL-BOM_AI_2026-10-12_T+45_1787884760887_2qrl,DEL-BOM,EaseMyTrip,AI,AI-2927,2026-10-12,T+45,6043,1326,7369,2026-08-28T02:17:35.575Z,FALSE,"",09:30,TRUE
fare_DEL-BOM_AI_2026-10-12_T+45_1787884760887_lu8j,DEL-BOM,EaseMyTrip,AI,AI-2957,2026-10-12,T+45,6043,1326,7369,2026-08-28T02:17:35.575Z,FALSE,"",20:30,TRUE
fare_DEL-BOM_AI_2026-10-12_T+45_1787884760887_oizw,DEL-BOM,EaseMyTrip,AI,AI-1780,2026-10-12,T+45,6043,1326,7369,2026-08-28T02:17:35.575Z,FALSE,"",14:30,TRUE
fare_DEL-BOM_6E_2026-10-12_T+45_1787884760887_ryme,DEL-BOM,EaseMyTrip,6E,6E-5119,2026-10-12,T+45,5920,1299,7219,2026-08-28T02:17:35.575Z,FALSE,"",05:10,FALSE
fare_DEL-BOM_6E_2026-10-12_T+45_1787884760887_mrud,DEL-BOM,EaseMyTrip,6E,6E-6190,2026-10-12,T+45,5920,1299,7219,2026-08-28T02:17:35.575Z,FALSE,"",07:40,FALSE
fare_DEL-BOM_6E_2026-10-12_T+45_1787884760888_w99s,DEL-BOM,EaseMyTrip,6E,6E-2341,2026-10-12,T+45,5920,1299,7219,2026-08-28T02:17:35.575Z,FALSE,"",14:50,FALSE
fare_DEL-BOM_6E_2026-10-12_T+45_1787884760888_5cqv,DEL-BOM,EaseMyTrip,6E,6E-2331,2026-10-12,T+45,5920,1299,7219,2026-08-28T02:17:35.575Z,FALSE,"",12:20,FALSE
fare_DEL-BOM_6E_2026-10-12_T+45_1787884760888_wbww,DEL-BOM,EaseMyTrip,6E,6E-6261,2026-10-12,T+45,5920,1299,7219,2026-08-28T02:17:35.575Z,FALSE,"",00:15,FALSE
fare_DEL-BOM_6E_2026-10-12_T+45_1787884760888_kn7x,DEL-BOM,EaseMyTrip,6E,6E-586,2026-10-12,T+45,5920,1299,7219,2026-08-28T02:17:35.575Z,FALSE,"",10:00,FALSE
fare_DEL-BOM_6E_2026-10-12_T+45_1787884760888_kudz,DEL-BOM,EaseMyTrip,6E,6E-380,2026-10-12,T+45,5920,1299,7219,2026-08-28T02:17:35.575Z,FALSE,"",10:00,FALSE
fare_DEL-BOM_AI_2026-10-12_T+45_1787884760888_jjqh,DEL-BOM,EaseMyTrip,AI,AI-2977,2026-10-12,T+45,6119,1343,7462,2026-08-28T02:17:35.575Z,FALSE,"",19:00,TRUE
fare_DEL-BOM_6E_2026-10-12_T+45_1787884760888_whpg,DEL-BOM,EaseMyTrip,6E,6E-5014,2026-10-12,T+45,5963,1309,7272,2026-08-28T02:17:35.575Z,FALSE,"",18:30,FALSE
fare_DEL-BOM_6E_2026-10-12_T+45_1787884760888_8qox,DEL-BOM,EaseMyTrip,6E,6E-5073,2026-10-12,T+45,5963,1309,7272,2026-08-28T02:17:35.575Z,FALSE,"",17:05,FALSE
fare_DEL-BOM_6E_2026-10-12_T+45_1787884760888_ifa1,DEL-BOM,EaseMyTrip,6E,6E-6171,2026-10-12,T+45,5963,1309,7272,2026-08-28T02:17:35.575Z,FALSE,"",05:40,FALSE
fare_DEL-BOM_6E_2026-10-12_T+45_1787884760888_mc0y,DEL-BOM,EaseMyTrip,6E,6E-2076,2026-10-12,T+45,5963,1309,7272,2026-08-28T02:17:35.575Z,FALSE,"",07:30,FALSE
fare_DEL-BOM_6E_2026-10-12_T+45_1787884760888_wb4k,DEL-BOM,EaseMyTrip,6E,6E-6983,2026-10-12,T+45,5963,1309,7272,2026-08-28T02:17:35.575Z,FALSE,"",15:35,FALSE
fare_DEL-BOM_6E_2026-10-12_T+45_1787884760888_2cm1,DEL-BOM,EaseMyTrip,6E,6E-927,2026-10-12,T+45,5963,1309,7272,2026-08-28T02:17:35.575Z,FALSE,"",19:30,FALSE
fare_DEL-BOM_6E_2026-10-12_T+45_1787884760888_c7yq,DEL-BOM,EaseMyTrip,6E,6E-909,2026-10-12,T+45,5963,1309,7272,2026-08-28T02:17:35.575Z,FALSE,"",19:30,FALSE
fare_DEL-BOM_6E_2026-10-12_T+45_1787884760888_xtev,DEL-BOM,EaseMyTrip,6E,6E-2013,2026-10-12,T+45,5963,1309,7272,2026-08-28T02:17:35.575Z,FALSE,"",21:50,FALSE
fare_DEL-BOM_AI_2026-10-12_T+45_1787884760888_6s9p,DEL-BOM,EaseMyTrip,AI,AI-2955,2026-10-12,T+45,6163,1353,7516,2026-08-28T02:17:35.575Z,FALSE,"",18:00,TRUE
fare_DEL-BOM_6E_2026-10-12_T+45_1787884760888_83st,DEL-BOM,EaseMyTrip,6E,6E-6490,2026-10-12,T+45,6027,1323,7350,2026-08-28T02:17:35.575Z,FALSE,"",04:55,FALSE
fare_DEL-BOM_6E_2026-10-12_T+45_1787884760888_6nnk,DEL-BOM,EaseMyTrip,6E,6E-2249,2026-10-12,T+45,6027,1323,7350,2026-08-28T02:17:35.575Z,FALSE,"",15:00,FALSE
fare_DEL-BOM_AI_2026-10-12_T+45_1787884760888_dixn,DEL-BOM,EaseMyTrip,AI,AI-2943,2026-10-12,T+45,6193,1360,7553,2026-08-28T02:17:35.575Z,FALSE,"",07:30,TRUE
fare_DEL-BOM_AI_2026-10-12_T+45_1787884760888_0er1,DEL-BOM,EaseMyTrip,AI,AI-2429,2026-10-12,T+45,6193,1360,7553,2026-08-28T02:17:35.575Z,FALSE,"",07:00,TRUE
fare_DEL-BOM_6E_2026-10-12_T+45_1787884760888_3rw2,DEL-BOM,EaseMyTrip,6E,6E-2169,2026-10-12,T+45,6070,1333,7403,2026-08-28T02:17:35.575Z,FALSE,"",19:40,FALSE
fare_DEL-BOM_6E_2026-10-12_T+45_1787884760888_bfdg,DEL-BOM,EaseMyTrip,6E,6E-6829,2026-10-12,T+45,6070,1333,7403,2026-08-28T02:17:35.575Z,FALSE,"",17:20,FALSE
fare_DEL-BOM_6E_2026-10-12_T+45_1787884760888_dc8a,DEL-BOM,EaseMyTrip,6E,6E-6443,2026-10-12,T+45,6070,1333,7403,2026-08-28T02:17:35.575Z,FALSE,"",09:00,FALSE
fare_DEL-BOM_6E_2026-10-12_T+45_1787884760888_xopr,DEL-BOM,EaseMyTrip,6E,6E-6433,2026-10-12,T+45,6070,1333,7403,2026-08-28T02:17:35.575Z,FALSE,"",16:30,FALSE
fare_DEL-BOM_6E_2026-10-12_T+45_1787884760888_454c,DEL-BOM,EaseMyTrip,6E,6E-5138,2026-10-12,T+45,6070,1333,7403,2026-08-28T02:17:35.575Z,FALSE,"",19:10,FALSE
fare_DEL-BOM_6E_2026-10-12_T+45_1787884760888_h0pf,DEL-BOM,EaseMyTrip,6E,6E-6459,2026-10-12,T+45,6070,1333,7403,2026-08-28T02:17:35.575Z,FALSE,"",05:55,FALSE
fare_DEL-BOM_6E_2026-10-12_T+45_1787884760888_0rh4,DEL-BOM,EaseMyTrip,6E,6E-6479,2026-10-12,T+45,6135,1347,7482,2026-08-28T02:17:35.575Z,FALSE,"",21:25,FALSE
fare_DEL-BOM_6E_2026-10-12_T+45_1787884760888_b17j,DEL-BOM,EaseMyTrip,6E,6E-5298,2026-10-12,T+45,6135,1347,7482,2026-08-28T02:17:35.575Z,FALSE,"",09:00,FALSE
fare_DEL-BOM_6E_2026-10-12_T+45_1787884760888_qww6,DEL-BOM,EaseMyTrip,6E,6E-5038,2026-10-12,T+45,6135,1347,7482,2026-08-28T02:17:35.575Z,FALSE,"",14:00,FALSE
fare_DEL-BOM_6E_2026-10-12_T+45_1787884760888_1q2m,DEL-BOM,EaseMyTrip,6E,6E-2113,2026-10-12,T+45,6135,1347,7482,2026-08-28T02:17:35.575Z,FALSE,"",13:20,FALSE
fare_DEL-BOM_6E_2026-10-12_T+45_1787884760888_vop1,DEL-BOM,EaseMyTrip,6E,6E-6050,2026-10-12,T+45,6135,1347,7482,2026-08-28T02:17:35.575Z,FALSE,"",08:15,FALSE
fare_DEL-BOM_6E_2026-10-12_T+45_1787884760888_2ni6,DEL-BOM,EaseMyTrip,6E,6E-6212,2026-10-12,T+45,6243,1370,7613,2026-08-28T02:17:35.575Z,FALSE,"",14:45,FALSE
fare_DEL-BOM_6E_2026-10-12_T+45_1787884760888_u5yj,DEL-BOM,EaseMyTrip,6E,6E-888,2026-10-12,T+45,6243,1370,7613,2026-08-28T02:17:35.575Z,FALSE,"",17:55,FALSE
fare_DEL-BOM_6E_2026-10-12_T+45_1787884760888_6yop,DEL-BOM,EaseMyTrip,6E,6E-539,2026-10-12,T+45,6243,1370,7613,2026-08-28T02:17:35.575Z,FALSE,"",17:55,FALSE
fare_DEL-BOM_6E_2026-10-12_T+45_1787884760888_etmm,DEL-BOM,EaseMyTrip,6E,6E-6601,2026-10-12,T+45,6243,1370,7613,2026-08-28T02:17:35.575Z,FALSE,"",19:45,FALSE
fare_DEL-BOM_6E_2026-10-12_T+45_1787884760888_g868,DEL-BOM,EaseMyTrip,6E,6E-2381,2026-10-12,T+45,6243,1370,7613,2026-08-28T02:17:35.575Z,FALSE,"",13:45,FALSE
fare_DEL-BOM_6E_2026-10-12_T+45_1787884760888_eklw,DEL-BOM,EaseMyTrip,6E,6E-6026,2026-10-12,T+45,6243,1370,7613,2026-08-28T02:17:35.575Z,FALSE,"",05:30,FALSE
fare_DEL-BOM_6E_2026-10-12_T+45_1787884760888_wb56,DEL-BOM,EaseMyTrip,6E,6E-359,2026-10-12,T+45,6243,1370,7613,2026-08-28T02:17:35.575Z,FALSE,"",02:25,FALSE
fare_DEL-BOM_6E_2026-10-12_T+45_1787884760888_3wf3,DEL-BOM,EaseMyTrip,6E,6E-372,2026-10-12,T+45,6243,1370,7613,2026-08-28T02:17:35.575Z,FALSE,"",02:25,FALSE
fare_DEL-BOM_6E_2026-10-12_T+45_1787884760888_5p32,DEL-BOM,EaseMyTrip,6E,6E-990,2026-10-12,T+45,6243,1370,7613,2026-08-28T02:17:35.575Z,FALSE,"",08:30,FALSE
fare_DEL-BOM_6E_2026-10-12_T+45_1787884760888_cq41,DEL-BOM,EaseMyTrip,6E,6E-416,2026-10-12,T+45,6243,1370,7613,2026-08-28T02:17:35.575Z,FALSE,"",08:30,FALSE
fare_DEL-BOM_6E_2026-10-12_T+45_1787884760888_zt0g,DEL-BOM,EaseMyTrip,6E,6E-6282,2026-10-12,T+45,6243,1370,7613,2026-08-28T02:17:35.575Z,FALSE,"",13:30,FALSE
fare_DEL-BOM_6E_2026-10-12_T+45_1787884760888_tggk,DEL-BOM,EaseMyTrip,6E,6E-7646,2026-10-12,T+45,6269,1376,7645,2026-08-28T02:17:35.575Z,FALSE,"",06:15,FALSE
fare_DEL-BOM_6E_2026-10-12_T+45_1787884760888_6afh,DEL-BOM,EaseMyTrip,6E,6E-7642,2026-10-12,T+45,6312,1386,7698,2026-08-28T02:17:35.575Z,FALSE,"",15:45,FALSE
fare_DEL-BOM_6E_2026-10-12_T+45_1787884760888_rdey,DEL-BOM,EaseMyTrip,6E,6E-7653,2026-10-12,T+45,6376,1400,7776,2026-08-28T02:17:35.575Z,FALSE,"",17:20,FALSE
fare_DEL-BOM_6E_2026-10-12_T+45_1787884760888_o0vj,DEL-BOM,EaseMyTrip,6E,6E-132,2026-10-12,T+45,6617,1453,8070,2026-08-28T02:17:35.575Z,FALSE,"",16:30,FALSE
fare_DEL-BOM_6E_2026-10-12_T+45_1787884760888_jr37,DEL-BOM,EaseMyTrip,6E,6E-964,2026-10-12,T+45,6617,1453,8070,2026-08-28T02:17:35.575Z,FALSE,"",16:30,FALSE
fare_DEL-BOM_IX_2026-10-12_T+45_1787884760888_xqn7,DEL-BOM,EaseMyTrip,IX,IX-1049,2026-10-12,T+45,6876,1509,8385,2026-08-28T02:17:35.575Z,FALSE,"",18:40,FALSE
fare_DEL-BOM_IX_2026-10-12_T+45_1787884760888_3rf8,DEL-BOM,EaseMyTrip,IX,IX-1068,2026-10-12,T+45,6876,1509,8385,2026-08-28T02:17:35.575Z,FALSE,"",11:55,FALSE
fare_DEL-BOM_IX_2026-10-12_T+45_1787884760888_cr2g,DEL-BOM,EaseMyTrip,IX,IX-1082,2026-10-12,T+45,6876,1509,8385,2026-08-28T02:17:35.575Z,FALSE,"",21:25,FALSE
fare_DEL-BOM_IX_2026-10-12_T+45_1787884760888_8yxu,DEL-BOM,EaseMyTrip,IX,IX-1817,2026-10-12,T+45,6876,1509,8385,2026-08-28T02:17:35.575Z,FALSE,"",19:30,FALSE
fare_DEL-BOM_6E_2026-10-12_T+45_1787884760888_nvm6,DEL-BOM,EaseMyTrip,6E,6E-2571,2026-10-12,T+45,6831,1500,8331,2026-08-28T02:17:35.575Z,FALSE,"",12:30,FALSE
fare_DEL-BOM_6E_2026-10-12_T+45_1787884760888_rwee,DEL-BOM,EaseMyTrip,6E,6E-803,2026-10-12,T+45,7248,1591,8839,2026-08-28T02:17:35.575Z,FALSE,"",20:20,TRUE
fare_DEL-BOM_6E_2026-10-12_T+45_1787884760888_tur8,DEL-BOM,EaseMyTrip,6E,6E-547,2026-10-12,T+45,7248,1591,8839,2026-08-28T02:17:35.575Z,FALSE,"",20:20,TRUE
fare_DEL-BOM_6E_2026-10-12_T+45_1787884760888_wiky,DEL-BOM,EaseMyTrip,6E,6E-340,2026-10-12,T+45,7256,1593,8849,2026-08-28T02:17:35.575Z,FALSE,"",23:15,FALSE
fare_DEL-BOM_6E_2026-10-12_T+45_1787884760888_2nmz,DEL-BOM,EaseMyTrip,6E,6E-867,2026-10-12,T+45,7256,1593,8849,2026-08-28T02:17:35.575Z,FALSE,"",23:15,FALSE
fare_DEL-BOM_IX_2026-10-12_T+45_1787884760888_sf7v,DEL-BOM,EaseMyTrip,IX,IX-1051,2026-10-12,T+45,7532,1653,9185,2026-08-28T02:17:35.575Z,FALSE,"",19:05,FALSE
fare_DEL-BOM_6E_2026-10-12_T+45_1787884760888_q1zy,DEL-BOM,EaseMyTrip,6E,6E-2349,2026-10-12,T+45,7594,1667,9261,2026-08-28T02:17:35.575Z,FALSE,"",10:55,FALSE
fare_DEL-BOM_IX_2026-10-12_T+45_1787884760888_04z1,DEL-BOM,EaseMyTrip,IX,IX-1059,2026-10-12,T+45,8188,1797,9985,2026-08-28T02:17:35.575Z,FALSE,"",12:15,FALSE
fare_DEL-BOM_IX_2026-10-12_T+45_1787884760888_ix1r,DEL-BOM,EaseMyTrip,IX,IX-1064,2026-10-12,T+45,8188,1797,9985,2026-08-28T02:17:35.575Z,FALSE,"",19:10,FALSE
fare_DEL-BOM_IX_2026-10-12_T+45_1787884760888_bbyr,DEL-BOM,EaseMyTrip,IX,IX-1057,2026-10-12,T+45,8188,1797,9985,2026-08-28T02:17:35.575Z,FALSE,"",06:20,FALSE
fare_DEL-BOM_AI_2026-10-12_T+45_1787884760888_njwh,DEL-BOM,EaseMyTrip,AI,AI-2499,2026-10-12,T+45,8646,1898,10544,2026-08-28T02:17:35.575Z,FALSE,"",06:00,FALSE
fare_DEL-BOM_AI_2026-10-12_T+45_1787884760888_1e4h,DEL-BOM,EaseMyTrip,AI,AI-2569,2026-10-12,T+45,8646,1898,10544,2026-08-28T02:17:35.575Z,FALSE,"",20:30,FALSE
fare_DEL-BOM_AI_2026-10-12_T+45_1787884760888_ab6g,DEL-BOM,EaseMyTrip,AI,AI-1710,2026-10-12,T+45,8646,1898,10544,2026-08-28T02:17:35.575Z,FALSE,"",18:35,FALSE
fare_DEL-BOM_AI_2026-10-12_T+45_1787884760888_7o4g,DEL-BOM,EaseMyTrip,AI,AI-1717,2026-10-12,T+45,8646,1898,10544,2026-08-28T02:17:35.575Z,FALSE,"",14:20,FALSE
fare_DEL-BOM_AI_2026-10-12_T+45_1787884760888_2uw7,DEL-BOM,EaseMyTrip,AI,AI-2761,2026-10-12,T+45,9001,1976,10977,2026-08-28T02:17:35.575Z,FALSE,"",16:25,FALSE
fare_DEL-BOM_6E_2026-10-12_T+45_1787884760888_8o07,DEL-BOM,EaseMyTrip,6E,6E-599,2026-10-12,T+45,8886,1951,10837,2026-08-28T02:17:35.575Z,FALSE,"",19:30,FALSE
fare_DEL-BOM_6E_2026-10-12_T+45_1787884760888_8ag7,DEL-BOM,EaseMyTrip,6E,6E-190,2026-10-12,T+45,8886,1951,10837,2026-08-28T02:17:35.575Z,FALSE,"",19:30,FALSE
fare_DEL-BOM_IX_2026-10-12_T+45_1787884760888_g3k2,DEL-BOM,EaseMyTrip,IX,IX-1108,2026-10-12,T+45,9828,2157,11985,2026-08-28T02:17:35.575Z,FALSE,"",05:00,FALSE
fare_DEL-BOM_AI_2026-10-12_T+45_1787884760888_c0wu,DEL-BOM,EaseMyTrip,AI,AI-1719,2026-10-12,T+45,9905,2174,12079,2026-08-28T02:17:35.575Z,FALSE,"",11:55,FALSE
fare_DEL-BOM_6E_2026-10-12_T+45_1787884760888_dgef,DEL-BOM,EaseMyTrip,6E,6E-769,2026-10-12,T+45,9840,2160,12000,2026-08-28T02:17:35.575Z,FALSE,"",12:10,FALSE
fare_DEL-BOM_6E_2026-10-12_T+45_1787884760888_hdtb,DEL-BOM,EaseMyTrip,6E,6E-643,2026-10-12,T+45,9840,2160,12000,2026-08-28T02:17:35.575Z,FALSE,"",12:10,FALSE
fare_DEL-BOM_AI_2026-10-12_T+45_1787884760888_sr2l,DEL-BOM,EaseMyTrip,AI,AI-1705,2026-10-12,T+45,10030,2202,12232,2026-08-28T02:17:35.575Z,FALSE,"",06:30,FALSE
fare_DEL-BOM_AI_2026-10-12_T+45_1787884760888_0g8w,DEL-BOM,EaseMyTrip,AI,AI-2715,2026-10-12,T+45,11186,2455,13641,2026-08-28T02:17:35.575Z,FALSE,"",11:40,FALSE
fare_DEL-BOM_AI_2026-10-12_T+45_1787884760888_b7xk,DEL-BOM,EaseMyTrip,AI,AI-809,2026-10-12,T+45,11273,2475,13748,2026-08-28T02:17:35.575Z,FALSE,"",17:40,FALSE
fare_DEL-BOM_AI_2026-10-12_T+45_1787884760888_6h7o,DEL-BOM,EaseMyTrip,AI,AI-2939,2026-10-12,T+45,11273,2475,13748,2026-08-28T02:17:35.575Z,FALSE,"",16:40,FALSE
fare_DEL-BOM_AI_2026-10-12_T+45_1787884760888_qrwz,DEL-BOM,EaseMyTrip,AI,AI-881,2026-10-12,T+45,11273,2475,13748,2026-08-28T02:17:35.575Z,FALSE,"",13:35,FALSE
fare_DEL-BOM_AI_2026-10-12_T+45_1787884760888_8b5r,DEL-BOM,EaseMyTrip,AI,AI-9757,2026-10-12,T+45,11574,2541,14115,2026-08-28T02:17:35.575Z,FALSE,"",11:50,FALSE
fare_DEL-BOM_AI_2026-10-12_T+45_1787884760888_uv9h,DEL-BOM,EaseMyTrip,AI,AI-9759,2026-10-12,T+45,11574,2541,14115,2026-08-28T02:17:35.575Z,FALSE,"",06:00,FALSE
fare_DEL-BOM_QP_2026-10-12_T+45_1787884760888_jlm1,DEL-BOM,EaseMyTrip,QP,QP-1815,2026-10-12,T+45,11484,2521,14005,2026-08-28T02:17:35.575Z,FALSE,"",14:55,FALSE
fare_DEL-BOM_IX_2026-10-12_T+45_1787884760888_v7i8,DEL-BOM,EaseMyTrip,IX,IX-1783,2026-10-12,T+45,12671,2782,15453,2026-08-28T02:17:35.575Z,FALSE,"",07:20,FALSE
fare_DEL-BOM_AI_2026-10-12_T+45_1787884760888_568q,DEL-BOM,EaseMyTrip,AI,AI-9418,2026-10-12,T+45,12398,2722,15120,2026-08-28T02:17:35.575Z,FALSE,"",13:10,FALSE
fare_DEL-BOM_QP_2026-10-12_T+45_1787884760888_uwbu,DEL-BOM,EaseMyTrip,QP,QP-1574,2026-10-12,T+45,12316,2704,15020,2026-08-28T02:17:35.575Z,FALSE,"",14:10,FALSE
fare_DEL-BOM_AI_2026-10-12_T+45_1787884760888_cypp,DEL-BOM,EaseMyTrip,AI,AI-9674,2026-10-12,T+45,12594,2765,15359,2026-08-28T02:17:35.575Z,FALSE,"",16:40,FALSE
fare_DEL-BOM_AI_2026-10-12_T+45_1787884760888_t744,DEL-BOM,EaseMyTrip,AI,AI-9584,2026-10-12,T+45,12607,2767,15374,2026-08-28T02:17:35.575Z,FALSE,"",11:15,FALSE
fare_DEL-BOM_IX_2026-10-12_T+45_1787884760888_4pph,DEL-BOM,EaseMyTrip,IX,IX-5975,2026-10-12,T+45,13184,2894,16078,2026-08-28T02:17:35.575Z,TRUE,"High outlier: ₹16078 > upper fence ₹16013 (Q3: ₹10544, IQR: ₹3646)",21:00,FALSE
fare_DEL-BOM_AI_2026-10-12_T+45_1787884760888_9ys3,DEL-BOM,EaseMyTrip,AI,AI-1743,2026-10-12,T+45,13065,2868,15933,2026-08-28T02:17:35.575Z,FALSE,"",06:15,FALSE
fare_DEL-BOM_AI_2026-10-12_T+45_1787884760888_6rfj,DEL-BOM,EaseMyTrip,AI,AI-2601,2026-10-12,T+45,13065,2868,15933,2026-08-28T02:17:35.575Z,FALSE,"",17:00,FALSE
fare_DEL-BOM_IX_2026-10-12_T+45_1787884760888_nmwi,DEL-BOM,EaseMyTrip,IX,IX-2749,2026-10-12,T+45,13594,2984,16578,2026-08-28T02:17:35.575Z,TRUE,"High outlier: ₹16578 > upper fence ₹16013 (Q3: ₹10544, IQR: ₹3646)",10:25,FALSE
fare_DEL-BOM_IX_2026-10-12_T+45_1787884760888_qd3f,DEL-BOM,EaseMyTrip,IX,IX-1070,2026-10-12,T+45,13594,2984,16578,2026-08-28T02:17:35.575Z,TRUE,"High outlier: ₹16578 > upper fence ₹16013 (Q3: ₹10544, IQR: ₹3646)",21:15,FALSE
fare_DEL-BOM_IX_2026-10-12_T+45_1787884760888_07bn,DEL-BOM,EaseMyTrip,IX,IX-1811,2026-10-12,T+45,13686,3004,16690,2026-08-28T02:17:35.575Z,TRUE,"High outlier: ₹16690 > upper fence ₹16013 (Q3: ₹10544, IQR: ₹3646)",06:50,FALSE
fare_DEL-BOM_QP_2026-10-12_T+45_1787884760888_9oxi,DEL-BOM,EaseMyTrip,QP,QP-1822,2026-10-12,T+45,13411,2944,16355,2026-08-28T02:17:35.575Z,TRUE,"High outlier: ₹16355 > upper fence ₹16013 (Q3: ₹10544, IQR: ₹3646)",16:40,FALSE
fare_DEL-BOM_AI_2026-10-12_T+45_1787884760888_p4bf,DEL-BOM,EaseMyTrip,AI,AI-2907,2026-10-12,T+45,14197,3117,17314,2026-08-28T02:17:35.575Z,TRUE,"High outlier: ₹17314 > upper fence ₹16013 (Q3: ₹10544, IQR: ₹3646)",12:00,FALSE
fare_DEL-BOM_IX_2026-10-12_T+45_1787884760888_pelk,DEL-BOM,EaseMyTrip,IX,IX-1815,2026-10-12,T+45,14754,3239,17993,2026-08-28T02:17:35.575Z,TRUE,"High outlier: ₹17993 > upper fence ₹16013 (Q3: ₹10544, IQR: ₹3646)",19:05,FALSE
fare_DEL-BOM_AI_2026-10-12_T+45_1787884760888_pmb9,DEL-BOM,EaseMyTrip,AI,AI-1773,2026-10-12,T+45,14497,3182,17679,2026-08-28T02:17:35.575Z,TRUE,"High outlier: ₹17679 > upper fence ₹16013 (Q3: ₹10544, IQR: ₹3646)",10:30,FALSE
fare_DEL-BOM_AI_2026-10-12_T+45_1787884760888_7bzo,DEL-BOM,EaseMyTrip,AI,AI-2577,2026-10-12,T+45,14577,3200,17777,2026-08-28T02:17:35.575Z,TRUE,"High outlier: ₹17777 > upper fence ₹16013 (Q3: ₹10544, IQR: ₹3646)",02:00,FALSE
fare_DEL-BOM_AI_2026-10-12_T+45_1787884760888_8abd,DEL-BOM,EaseMyTrip,AI,AI-2859,2026-10-12,T+45,14803,3250,18053,2026-08-28T02:17:35.575Z,TRUE,"High outlier: ₹18053 > upper fence ₹16013 (Q3: ₹10544, IQR: ₹3646)",10:30,FALSE
fare_DEL-BOM_AI_2026-10-12_T+45_1787884760888_rl68,DEL-BOM,EaseMyTrip,AI,AI-2465,2026-10-12,T+45,14880,3266,18146,2026-08-28T02:17:35.575Z,TRUE,"High outlier: ₹18146 > upper fence ₹16013 (Q3: ₹10544, IQR: ₹3646)",14:30,FALSE
fare_DEL-BOM_IX_2026-10-12_T+45_1787884760888_ry0v,DEL-BOM,EaseMyTrip,IX,IX-1081,2026-10-12,T+45,16163,3548,19711,2026-08-28T02:17:35.575Z,TRUE,"High outlier: ₹19711 > upper fence ₹16013 (Q3: ₹10544, IQR: ₹3646)",15:25,FALSE
fare_DEL-BOM_IX_2026-10-12_T+45_1787884760888_83u6,DEL-BOM,EaseMyTrip,IX,IX-1067,2026-10-12,T+45,16163,3548,19711,2026-08-28T02:17:35.575Z,TRUE,"High outlier: ₹19711 > upper fence ₹16013 (Q3: ₹10544, IQR: ₹3646)",06:10,FALSE
fare_DEL-BOM_IX_2026-10-12_T+45_1787884760888_2wic,DEL-BOM,EaseMyTrip,IX,IX-1076,2026-10-12,T+45,16286,3575,19861,2026-08-28T02:17:35.575Z,TRUE,"High outlier: ₹19861 > upper fence ₹16013 (Q3: ₹10544, IQR: ₹3646)",09:00,FALSE
fare_DEL-BOM_IX_2026-10-12_T+45_1787884760888_aur6,DEL-BOM,EaseMyTrip,IX,IX-1273,2026-10-12,T+45,16765,3680,20445,2026-08-28T02:17:35.575Z,TRUE,"High outlier: ₹20445 > upper fence ₹16013 (Q3: ₹10544, IQR: ₹3646)",12:05,FALSE
fare_DEL-BOM_AI_2026-10-12_T+45_1787884760888_158e,DEL-BOM,EaseMyTrip,AI,AI-427,2026-10-12,T+45,17023,3737,20760,2026-08-28T02:17:35.575Z,TRUE,"High outlier: ₹20760 > upper fence ₹16013 (Q3: ₹10544, IQR: ₹3646)",08:30,FALSE
fare_DEL-BOM_AI_2026-10-12_T+45_1787884760888_31sf,DEL-BOM,EaseMyTrip,AI,AI-1739,2026-10-12,T+45,17347,3808,21155,2026-08-28T02:17:35.575Z,TRUE,"High outlier: ₹21155 > upper fence ₹16013 (Q3: ₹10544, IQR: ₹3646)",11:30,FALSE
fare_DEL-BOM_AI_2026-10-12_T+45_1787884760888_5ycn,DEL-BOM,EaseMyTrip,AI,AI-1779,2026-10-12,T+45,17658,3876,21534,2026-08-28T02:17:35.575Z,TRUE,"High outlier: ₹21534 > upper fence ₹16013 (Q3: ₹10544, IQR: ₹3646)",13:45,FALSE
fare_DEL-BOM_AI_2026-10-12_T+45_1787884760888_lq7x,DEL-BOM,EaseMyTrip,AI,AI-2509,2026-10-12,T+45,18446,4049,22495,2026-08-28T02:17:35.575Z,TRUE,"High outlier: ₹22495 > upper fence ₹16013 (Q3: ₹10544, IQR: ₹3646)",07:00,FALSE
fare_DEL-BOM_AI_2026-10-12_T+45_1787884760888_364h,DEL-BOM,EaseMyTrip,AI,AI-2525,2026-10-12,T+45,18475,4056,22531,2026-08-28T02:17:35.575Z,TRUE,"High outlier: ₹22531 > upper fence ₹16013 (Q3: ₹10544, IQR: ₹3646)",06:00,FALSE
fare_DEL-BOM_AI_2026-10-12_T+45_1787884760888_l5hn,DEL-BOM,EaseMyTrip,AI,AI-2483,2026-10-12,T+45,18662,4097,22759,2026-08-28T02:17:35.575Z,TRUE,"High outlier: ₹22759 > upper fence ₹16013 (Q3: ₹10544, IQR: ₹3646)",12:20,FALSE
fare_DEL-BOM_AI_2026-10-12_T+45_1787884760888_q6c0,DEL-BOM,EaseMyTrip,AI,AI-2627,2026-10-12,T+45,19944,4378,24322,2026-08-28T02:17:35.575Z,TRUE,"High outlier: ₹24322 > upper fence ₹16013 (Q3: ₹10544, IQR: ₹3646)",10:45,FALSE
fare_DEL-BOM_AI_2026-10-12_T+45_1787884760888_0f0d,DEL-BOM,EaseMyTrip,AI,AI-2653,2026-10-12,T+45,20113,4415,24528,2026-08-28T02:17:35.575Z,TRUE,"High outlier: ₹24528 > upper fence ₹16013 (Q3: ₹10544, IQR: ₹3646)",04:30,FALSE
fare_DEL-BOM_IX_2026-10-12_T+45_1787884760888_fq9h,DEL-BOM,EaseMyTrip,IX,IX-1812,2026-10-12,T+45,27117,5953,33070,2026-08-28T02:17:35.575Z,TRUE,"High outlier: ₹33070 > upper fence ₹16013 (Q3: ₹10544, IQR: ₹3646)",11:15,FALSE
fare_DEL-BOM_SG_2026-09-04_T+7_1787884760889_qccc,DEL-BOM,EaseMyTrip,SG,SG-667,2026-09-04,T+7,5255,1153,6408,2026-08-28T02:17:15.725Z,FALSE,"",14:30,TRUE
fare_DEL-BOM_SG_2026-09-04_T+7_1787884760889_aa3j,DEL-BOM,EaseMyTrip,SG,SG-552,2026-09-04,T+7,5255,1153,6408,2026-08-28T02:17:15.725Z,FALSE,"",14:30,TRUE
fare_DEL-BOM_SG_2026-09-04_T+7_1787884760889_rte2,DEL-BOM,EaseMyTrip,SG,SG-640,2026-09-04,T+7,5255,1153,6408,2026-08-28T02:17:15.725Z,FALSE,"",21:00,TRUE
fare_DEL-BOM_SG_2026-09-04_T+7_1787884760889_f991,DEL-BOM,EaseMyTrip,SG,SG-111,2026-09-04,T+7,5255,1153,6408,2026-08-28T02:17:15.725Z,FALSE,"",21:00,TRUE
fare_DEL-BOM_SG_2026-09-04_T+7_1787884760889_x3oz,DEL-BOM,EaseMyTrip,SG,SG-921,2026-09-04,T+7,5255,1153,6408,2026-08-28T02:17:15.725Z,FALSE,"",22:30,TRUE
fare_DEL-BOM_SG_2026-09-04_T+7_1787884760889_9sab,DEL-BOM,EaseMyTrip,SG,SG-336,2026-09-04,T+7,5255,1153,6408,2026-08-28T02:17:15.725Z,FALSE,"",22:30,TRUE
fare_DEL-BOM_IX_2026-09-04_T+7_1787884760889_rf76,DEL-BOM,EaseMyTrip,IX,IX-1392,2026-09-04,T+7,5354,1175,6529,2026-08-28T02:17:15.725Z,FALSE,"",23:25,FALSE
fare_DEL-BOM_6E_2026-09-04_T+7_1787884760889_n0ox,DEL-BOM,EaseMyTrip,6E,6E-5014,2026-09-04,T+7,5067,1112,6179,2026-08-28T02:17:15.725Z,FALSE,"",18:30,FALSE
fare_DEL-BOM_6E_2026-09-04_T+7_1787884760889_88t8,DEL-BOM,EaseMyTrip,6E,6E-240,2026-09-04,T+7,5067,1112,6179,2026-08-28T02:17:15.725Z,FALSE,"",19:35,FALSE
fare_DEL-BOM_6E_2026-09-04_T+7_1787884760889_m3ti,DEL-BOM,EaseMyTrip,6E,6E-669,2026-09-04,T+7,5067,1112,6179,2026-08-28T02:17:15.725Z,FALSE,"",19:35,FALSE
fare_DEL-BOM_6E_2026-09-04_T+7_1787884760889_t9ks,DEL-BOM,EaseMyTrip,6E,6E-2076,2026-09-04,T+7,5067,1112,6179,2026-08-28T02:17:15.725Z,FALSE,"",07:30,FALSE
fare_DEL-BOM_6E_2026-09-04_T+7_1787884760889_alyn,DEL-BOM,EaseMyTrip,6E,6E-5073,2026-09-04,T+7,5067,1112,6179,2026-08-28T02:17:15.725Z,FALSE,"",17:05,FALSE
fare_DEL-BOM_6E_2026-09-04_T+7_1787884760889_6cme,DEL-BOM,EaseMyTrip,6E,6E-5119,2026-09-04,T+7,5067,1112,6179,2026-08-28T02:17:15.725Z,FALSE,"",05:10,FALSE
fare_DEL-BOM_6E_2026-09-04_T+7_1787884760889_kten,DEL-BOM,EaseMyTrip,6E,6E-6190,2026-09-04,T+7,5067,1112,6179,2026-08-28T02:17:15.725Z,FALSE,"",07:40,FALSE
fare_DEL-BOM_6E_2026-09-04_T+7_1787884760889_mbbi,DEL-BOM,EaseMyTrip,6E,6E-2331,2026-09-04,T+7,5067,1112,6179,2026-08-28T02:17:15.725Z,FALSE,"",12:20,FALSE
fare_DEL-BOM_IX_2026-09-04_T+7_1787884760889_0kef,DEL-BOM,EaseMyTrip,IX,IX-1235,2026-09-04,T+7,5354,1175,6529,2026-08-28T02:17:15.725Z,FALSE,"",23:25,TRUE
fare_DEL-BOM_IX_2026-09-04_T+7_1787884760889_bbtg,DEL-BOM,EaseMyTrip,IX,IX-1056,2026-09-04,T+7,5354,1175,6529,2026-08-28T02:17:15.725Z,FALSE,"",05:35,TRUE
fare_DEL-BOM_6E_2026-09-04_T+7_1787884760889_ka2s,DEL-BOM,EaseMyTrip,6E,6E-2169,2026-09-04,T+7,5174,1136,6310,2026-08-28T02:17:15.725Z,FALSE,"",19:40,FALSE
fare_DEL-BOM_6E_2026-09-04_T+7_1787884760889_idsw,DEL-BOM,EaseMyTrip,6E,6E-6829,2026-09-04,T+7,5174,1136,6310,2026-08-28T02:17:15.725Z,FALSE,"",17:20,FALSE
fare_DEL-BOM_6E_2026-09-04_T+7_1787884760889_6itv,DEL-BOM,EaseMyTrip,6E,6E-6443,2026-09-04,T+7,5174,1136,6310,2026-08-28T02:17:15.725Z,FALSE,"",09:00,FALSE
fare_DEL-BOM_6E_2026-09-04_T+7_1787884760889_7y57,DEL-BOM,EaseMyTrip,6E,6E-5138,2026-09-04,T+7,5174,1136,6310,2026-08-28T02:17:15.725Z,FALSE,"",19:10,FALSE
fare_DEL-BOM_6E_2026-09-04_T+7_1787884760889_xz33,DEL-BOM,EaseMyTrip,6E,6E-6459,2026-09-04,T+7,5174,1136,6310,2026-08-28T02:17:15.725Z,FALSE,"",05:55,FALSE
fare_DEL-BOM_6E_2026-09-04_T+7_1787884760889_n6so,DEL-BOM,EaseMyTrip,6E,6E-6490,2026-09-04,T+7,5174,1136,6310,2026-08-28T02:17:15.725Z,FALSE,"",04:55,FALSE
fare_DEL-BOM_6E_2026-09-04_T+7_1787884760889_sev9,DEL-BOM,EaseMyTrip,6E,6E-6479,2026-09-04,T+7,5239,1150,6389,2026-08-28T02:17:15.725Z,FALSE,"",21:25,FALSE
fare_DEL-BOM_6E_2026-09-04_T+7_1787884760889_hpzr,DEL-BOM,EaseMyTrip,6E,6E-5298,2026-09-04,T+7,5239,1150,6389,2026-08-28T02:17:15.725Z,FALSE,"",09:00,FALSE
fare_DEL-BOM_6E_2026-09-04_T+7_1787884760889_zoob,DEL-BOM,EaseMyTrip,6E,6E-5038,2026-09-04,T+7,5239,1150,6389,2026-08-28T02:17:15.725Z,FALSE,"",14:00,FALSE
fare_DEL-BOM_6E_2026-09-04_T+7_1787884760889_636u,DEL-BOM,EaseMyTrip,6E,6E-5096,2026-09-04,T+7,5282,1160,6442,2026-08-28T02:17:15.725Z,FALSE,"",17:00,TRUE
fare_DEL-BOM_QP_2026-09-04_T+7_1787884760889_uol3,DEL-BOM,EaseMyTrip,QP,QP-2074,2026-09-04,T+7,5330,1170,6500,2026-08-28T02:17:15.725Z,FALSE,"",14:10,TRUE
fare_DEL-BOM_6E_2026-09-04_T+7_1787884760889_ii34,DEL-BOM,EaseMyTrip,6E,6E-6601,2026-09-04,T+7,5346,1174,6520,2026-08-28T02:17:15.725Z,FALSE,"",19:45,FALSE
fare_DEL-BOM_6E_2026-09-04_T+7_1787884760889_pi86,DEL-BOM,EaseMyTrip,6E,6E-6282,2026-09-04,T+7,5346,1174,6520,2026-08-28T02:17:15.725Z,FALSE,"",13:30,FALSE
fare_DEL-BOM_6E_2026-09-04_T+7_1787884760889_pogg,DEL-BOM,EaseMyTrip,6E,6E-134,2026-09-04,T+7,5346,1174,6520,2026-08-28T02:17:15.725Z,FALSE,"",08:30,FALSE
fare_DEL-BOM_6E_2026-09-04_T+7_1787884760889_0h3z,DEL-BOM,EaseMyTrip,6E,6E-709,2026-09-04,T+7,5346,1174,6520,2026-08-28T02:17:15.725Z,FALSE,"",08:30,FALSE
fare_DEL-BOM_6E_2026-09-04_T+7_1787884760889_60ng,DEL-BOM,EaseMyTrip,6E,6E-676,2026-09-04,T+7,5346,1174,6520,2026-08-28T02:17:15.725Z,FALSE,"",23:15,FALSE
fare_DEL-BOM_6E_2026-09-04_T+7_1787884760889_nmyw,DEL-BOM,EaseMyTrip,6E,6E-596,2026-09-04,T+7,5346,1174,6520,2026-08-28T02:17:15.725Z,FALSE,"",23:15,FALSE
fare_DEL-BOM_6E_2026-09-04_T+7_1787884760889_3lff,DEL-BOM,EaseMyTrip,6E,6E-6497,2026-09-04,T+7,5346,1174,6520,2026-08-28T02:17:15.725Z,FALSE,"",18:40,FALSE
fare_DEL-BOM_6E_2026-09-04_T+7_1787884760889_b9xd,DEL-BOM,EaseMyTrip,6E,6E-6293,2026-09-04,T+7,5346,1174,6520,2026-08-28T02:17:15.725Z,FALSE,"",09:55,FALSE
fare_DEL-BOM_6E_2026-09-04_T+7_1787884760889_ur42,DEL-BOM,EaseMyTrip,6E,6E-6470,2026-09-04,T+7,5354,1175,6529,2026-08-28T02:17:15.725Z,FALSE,"",06:55,TRUE
fare_DEL-BOM_QP_2026-09-04_T+7_1787884760889_5epz,DEL-BOM,EaseMyTrip,QP,QP-1833,2026-09-04,T+7,5355,1175,6530,2026-08-28T02:17:15.725Z,FALSE,"",06:50,TRUE
fare_DEL-BOM_QP_2026-09-04_T+7_1787884760889_6c85,DEL-BOM,EaseMyTrip,QP,QP-1112,2026-09-04,T+7,5355,1175,6530,2026-08-28T02:17:15.725Z,FALSE,"",09:20,TRUE
fare_DEL-BOM_QP_2026-09-04_T+7_1787884760889_sys0,DEL-BOM,EaseMyTrip,QP,QP-1836,2026-09-04,T+7,5355,1175,6530,2026-08-28T02:17:15.725Z,FALSE,"",12:30,TRUE
fare_DEL-BOM_QP_2026-09-04_T+7_1787884760889_2v1y,DEL-BOM,EaseMyTrip,QP,QP-1128,2026-09-04,T+7,5355,1175,6530,2026-08-28T02:17:15.725Z,FALSE,"",16:00,TRUE
fare_DEL-BOM_QP_2026-09-04_T+7_1787884760889_yrbk,DEL-BOM,EaseMyTrip,QP,QP-1820,2026-09-04,T+7,5355,1175,6530,2026-08-28T02:17:15.725Z,FALSE,"",17:30,TRUE
fare_DEL-BOM_QP_2026-09-04_T+7_1787884760889_npd2,DEL-BOM,EaseMyTrip,QP,QP-1119,2026-09-04,T+7,5355,1175,6530,2026-08-28T02:17:15.725Z,FALSE,"",08:40,TRUE
fare_DEL-BOM_QP_2026-09-04_T+7_1787884760889_unio,DEL-BOM,EaseMyTrip,QP,QP-1110,2026-09-04,T+7,5355,1175,6530,2026-08-28T02:17:15.725Z,FALSE,"",10:30,TRUE
fare_DEL-BOM_QP_2026-09-04_T+7_1787884760889_eguu,DEL-BOM,EaseMyTrip,QP,QP-1826,2026-09-04,T+7,5355,1175,6530,2026-08-28T02:17:15.725Z,FALSE,"",19:55,TRUE
fare_DEL-BOM_6E_2026-09-04_T+7_1787884760889_sqs0,DEL-BOM,EaseMyTrip,6E,6E-871,2026-09-04,T+7,5355,1175,6530,2026-08-28T02:17:15.725Z,FALSE,"",23:30,TRUE
fare_DEL-BOM_6E_2026-09-04_T+7_1787884760889_5i4s,DEL-BOM,EaseMyTrip,6E,6E-265,2026-09-04,T+7,5355,1175,6530,2026-08-28T02:17:15.725Z,FALSE,"",23:30,TRUE
fare_DEL-BOM_6E_2026-09-04_T+7_1787884760889_r6sp,DEL-BOM,EaseMyTrip,6E,6E-782,2026-09-04,T+7,5355,1175,6530,2026-08-28T02:17:15.725Z,FALSE,"",15:30,TRUE
fare_DEL-BOM_6E_2026-09-04_T+7_1787884760889_3hy8,DEL-BOM,EaseMyTrip,6E,6E-355,2026-09-04,T+7,5355,1175,6530,2026-08-28T02:17:15.725Z,FALSE,"",15:30,TRUE
fare_DEL-BOM_6E_2026-09-04_T+7_1787884760889_vfim,DEL-BOM,EaseMyTrip,6E,6E-6022,2026-09-04,T+7,5355,1175,6530,2026-08-28T02:17:15.725Z,FALSE,"",14:00,TRUE
fare_DEL-BOM_6E_2026-09-04_T+7_1787884760889_1vj9,DEL-BOM,EaseMyTrip,6E,6E-6318,2026-09-04,T+7,5355,1175,6530,2026-08-28T02:17:15.725Z,FALSE,"",14:45,TRUE
fare_DEL-BOM_6E_2026-09-04_T+7_1787884760889_9uwz,DEL-BOM,EaseMyTrip,6E,6E-6328,2026-09-04,T+7,5355,1175,6530,2026-08-28T02:17:15.725Z,FALSE,"",10:15,TRUE
fare_DEL-BOM_6E_2026-09-04_T+7_1787884760889_spvh,DEL-BOM,EaseMyTrip,6E,6E-6047,2026-09-04,T+7,5355,1175,6530,2026-08-28T02:17:15.725Z,FALSE,"",11:00,TRUE
fare_DEL-BOM_6E_2026-09-04_T+7_1787884760889_kdsx,DEL-BOM,EaseMyTrip,6E,6E-6676,2026-09-04,T+7,5355,1175,6530,2026-08-28T02:17:15.725Z,FALSE,"",12:00,TRUE
fare_DEL-BOM_6E_2026-09-04_T+7_1787884760889_3zg9,DEL-BOM,EaseMyTrip,6E,6E-537,2026-09-04,T+7,5355,1175,6530,2026-08-28T02:17:15.725Z,FALSE,"",13:00,TRUE
fare_DEL-BOM_6E_2026-09-04_T+7_1787884760889_igw3,DEL-BOM,EaseMyTrip,6E,6E-860,2026-09-04,T+7,5355,1175,6530,2026-08-28T02:17:15.725Z,FALSE,"",13:00,TRUE
fare_DEL-BOM_6E_2026-09-04_T+7_1787884760889_sbsk,DEL-BOM,EaseMyTrip,6E,6E-6107,2026-09-04,T+7,5355,1175,6530,2026-08-28T02:17:15.725Z,FALSE,"",09:30,TRUE
fare_DEL-BOM_6E_2026-09-04_T+7_1787884760889_j39e,DEL-BOM,EaseMyTrip,6E,6E-958,2026-09-04,T+7,5411,1188,6599,2026-08-28T02:17:15.725Z,FALSE,"",12:15,FALSE
fare_DEL-BOM_6E_2026-09-04_T+7_1787884760889_kd45,DEL-BOM,EaseMyTrip,6E,6E-410,2026-09-04,T+7,5411,1188,6599,2026-08-28T02:17:15.725Z,FALSE,"",12:15,FALSE
fare_DEL-BOM_QP_2026-09-04_T+7_1787884760889_w3l1,DEL-BOM,EaseMyTrip,QP,QP-1940,2026-09-04,T+7,5427,1191,6618,2026-08-28T02:17:15.725Z,FALSE,"",14:00,TRUE
fare_DEL-BOM_6E_2026-09-04_T+7_1787884760889_nz2b,DEL-BOM,EaseMyTrip,6E,6E-5198,2026-09-04,T+7,5427,1191,6618,2026-08-28T02:17:15.725Z,FALSE,"",15:00,TRUE
fare_DEL-BOM_IX_2026-09-04_T+7_1787884760889_8uh6,DEL-BOM,EaseMyTrip,IX,IX-1038,2026-09-04,T+7,5698,1251,6949,2026-08-28T02:17:15.725Z,FALSE,"",17:35,TRUE
fare_DEL-BOM_6E_2026-09-04_T+7_1787884760889_vvvr,DEL-BOM,EaseMyTrip,6E,6E-6983,2026-09-04,T+7,5460,1199,6659,2026-08-28T02:17:15.725Z,FALSE,"",15:35,FALSE
fare_DEL-BOM_6E_2026-09-04_T+7_1787884760889_p8i4,DEL-BOM,EaseMyTrip,6E,6E-6261,2026-09-04,T+7,5460,1199,6659,2026-08-28T02:17:15.725Z,FALSE,"",00:15,FALSE
fare_DEL-BOM_6E_2026-09-04_T+7_1787884760889_cr9m,DEL-BOM,EaseMyTrip,6E,6E-818,2026-09-04,T+7,5484,1204,6688,2026-08-28T02:17:15.725Z,FALSE,"",05:00,TRUE
fare_DEL-BOM_6E_2026-09-04_T+7_1787884760889_5zlx,DEL-BOM,EaseMyTrip,6E,6E-987,2026-09-04,T+7,5484,1204,6688,2026-08-28T02:17:15.725Z,FALSE,"",05:00,TRUE
fare_DEL-BOM_6E_2026-09-04_T+7_1787884760889_vw57,DEL-BOM,EaseMyTrip,6E,6E-750,2026-09-04,T+7,5484,1204,6688,2026-08-28T02:17:15.725Z,FALSE,"",16:15,TRUE
fare_DEL-BOM_6E_2026-09-04_T+7_1787884760889_fnel,DEL-BOM,EaseMyTrip,6E,6E-472,2026-09-04,T+7,5484,1204,6688,2026-08-28T02:17:15.725Z,FALSE,"",16:15,TRUE
fare_DEL-BOM_6E_2026-09-04_T+7_1787884760889_mqvb,DEL-BOM,EaseMyTrip,6E,6E-6218,2026-09-04,T+7,5484,1204,6688,2026-08-28T02:17:15.725Z,FALSE,"",06:05,TRUE
fare_DEL-BOM_6E_2026-09-04_T+7_1787884760889_enhh,DEL-BOM,EaseMyTrip,6E,6E-809,2026-09-04,T+7,5484,1204,6688,2026-08-28T02:17:15.725Z,FALSE,"",08:45,TRUE
fare_DEL-BOM_6E_2026-09-04_T+7_1787884760889_ec3p,DEL-BOM,EaseMyTrip,6E,6E-255,2026-09-04,T+7,5484,1204,6688,2026-08-28T02:17:15.725Z,FALSE,"",08:45,TRUE
fare_DEL-BOM_AI_2026-09-04_T+7_1787884760889_3qpn,DEL-BOM,EaseMyTrip,AI,AI-2425,2026-09-04,T+7,5740,1260,7000,2026-08-28T02:17:15.725Z,FALSE,"",10:30,TRUE
fare_DEL-BOM_AI_2026-09-04_T+7_1787884760889_gfu9,DEL-BOM,EaseMyTrip,AI,AI-2441,2026-09-04,T+7,5740,1260,7000,2026-08-28T02:17:15.725Z,FALSE,"",14:10,TRUE
fare_DEL-BOM_AI_2026-09-04_T+7_1787884760889_gbix,DEL-BOM,EaseMyTrip,AI,AI-2995,2026-09-04,T+7,5740,1260,7000,2026-08-28T02:17:15.725Z,FALSE,"",10:00,TRUE
fare_DEL-BOM_AI_2026-09-04_T+7_1787884760889_yjgl,DEL-BOM,EaseMyTrip,AI,AI-2945,2026-09-04,T+7,5740,1260,7000,2026-08-28T02:17:15.725Z,FALSE,"",11:00,TRUE
fare_DEL-BOM_AI_2026-09-04_T+7_1787884760889_kbyg,DEL-BOM,EaseMyTrip,AI,AI-1785,2026-09-04,T+7,5740,1260,7000,2026-08-28T02:17:15.725Z,FALSE,"",12:00,TRUE
fare_DEL-BOM_IX_2026-09-04_T+7_1787884760889_5fzs,DEL-BOM,EaseMyTrip,IX,IX-1001,2026-09-04,T+7,6166,1354,7520,2026-08-28T02:17:15.725Z,FALSE,"",09:00,FALSE
fare_DEL-BOM_IX_2026-09-04_T+7_1787884760889_vo7a,DEL-BOM,EaseMyTrip,IX,IX-1067,2026-09-04,T+7,6166,1354,7520,2026-08-28T02:17:15.725Z,FALSE,"",06:10,FALSE
fare_DEL-BOM_6E_2026-09-04_T+7_1787884760889_tr77,DEL-BOM,EaseMyTrip,6E,6E-5206,2026-09-04,T+7,5633,1236,6869,2026-08-28T02:17:15.725Z,FALSE,"",13:20,FALSE
fare_DEL-BOM_6E_2026-09-04_T+7_1787884760889_sktq,DEL-BOM,EaseMyTrip,6E,6E-6114,2026-09-04,T+7,5656,1242,6898,2026-08-28T02:17:15.725Z,FALSE,"",22:45,TRUE
fare_DEL-BOM_6E_2026-09-04_T+7_1787884760889_z41c,DEL-BOM,EaseMyTrip,6E,6E-373,2026-09-04,T+7,5656,1242,6898,2026-08-28T02:17:15.725Z,FALSE,"",21:45,TRUE
fare_DEL-BOM_6E_2026-09-04_T+7_1787884760889_lo5q,DEL-BOM,EaseMyTrip,6E,6E-703,2026-09-04,T+7,5656,1242,6898,2026-08-28T02:17:15.725Z,FALSE,"",21:45,TRUE
fare_DEL-BOM_6E_2026-09-04_T+7_1787884760889_34cj,DEL-BOM,EaseMyTrip,6E,6E-6706,2026-09-04,T+7,5656,1242,6898,2026-08-28T02:17:15.725Z,FALSE,"",17:00,TRUE
fare_DEL-BOM_6E_2026-09-04_T+7_1787884760889_z6jv,DEL-BOM,EaseMyTrip,6E,6E-429,2026-09-04,T+7,5656,1242,6898,2026-08-28T02:17:15.725Z,FALSE,"",08:00,TRUE
fare_DEL-BOM_6E_2026-09-04_T+7_1787884760889_br5m,DEL-BOM,EaseMyTrip,6E,6E-602,2026-09-04,T+7,5656,1242,6898,2026-08-28T02:17:15.725Z,FALSE,"",08:00,TRUE
fare_DEL-BOM_6E_2026-09-04_T+7_1787884760889_pfr9,DEL-BOM,EaseMyTrip,6E,6E-6814,2026-09-04,T+7,5656,1242,6898,2026-08-28T02:17:15.725Z,FALSE,"",07:15,TRUE
fare_DEL-BOM_6E_2026-09-04_T+7_1787884760889_nhx6,DEL-BOM,EaseMyTrip,6E,6E-993,2026-09-04,T+7,5698,1251,6949,2026-08-28T02:17:15.725Z,FALSE,"",20:20,TRUE
fare_DEL-BOM_6E_2026-09-04_T+7_1787884760889_jqz7,DEL-BOM,EaseMyTrip,6E,6E-610,2026-09-04,T+7,5698,1251,6949,2026-08-28T02:17:15.725Z,FALSE,"",20:20,TRUE
fare_DEL-BOM_AI_2026-09-04_T+7_1787884760889_3i7c,DEL-BOM,EaseMyTrip,AI,AI-2963,2026-09-04,T+7,5870,1289,7159,2026-08-28T02:17:15.725Z,FALSE,"",09:00,TRUE
fare_DEL-BOM_AI_2026-09-04_T+7_1787884760889_9a4h,DEL-BOM,EaseMyTrip,AI,AI-1745,2026-09-04,T+7,5870,1289,7159,2026-08-28T02:17:15.725Z,FALSE,"",05:00,TRUE
fare_DEL-BOM_AI_2026-09-04_T+7_1787884760889_n5tt,DEL-BOM,EaseMyTrip,AI,AI-2975,2026-09-04,T+7,5870,1289,7159,2026-08-28T02:17:15.725Z,FALSE,"",06:30,TRUE
fare_DEL-BOM_AI_2026-09-04_T+7_1787884760889_vojs,DEL-BOM,EaseMyTrip,AI,AI-2951,2026-09-04,T+7,5870,1289,7159,2026-08-28T02:17:15.725Z,FALSE,"",13:30,TRUE
fare_DEL-BOM_AI_2026-09-04_T+7_1787884760889_loze,DEL-BOM,EaseMyTrip,AI,AI-2941,2026-09-04,T+7,5870,1289,7159,2026-08-28T02:17:15.725Z,FALSE,"",16:30,TRUE
fare_DEL-BOM_AI_2026-09-04_T+7_1787884760889_22t8,DEL-BOM,EaseMyTrip,AI,AI-2933,2026-09-04,T+7,5870,1289,7159,2026-08-28T02:17:15.725Z,FALSE,"",15:30,TRUE
fare_DEL-BOM_AI_2026-09-04_T+7_1787884760889_k5l3,DEL-BOM,EaseMyTrip,AI,AI-1777,2026-09-04,T+7,5870,1289,7159,2026-08-28T02:17:15.725Z,FALSE,"",16:00,TRUE
fare_DEL-BOM_AI_2026-09-04_T+7_1787884760889_aib0,DEL-BOM,EaseMyTrip,AI,AI-2439,2026-09-04,T+7,5870,1289,7159,2026-08-28T02:17:15.725Z,FALSE,"",23:00,TRUE
fare_DEL-BOM_6E_2026-09-04_T+7_1787884760889_6xhd,DEL-BOM,EaseMyTrip,6E,6E-906,2026-09-04,T+7,5853,1285,7138,2026-08-28T02:17:15.725Z,FALSE,"",10:00,FALSE
fare_DEL-BOM_6E_2026-09-04_T+7_1787884760889_5bi6,DEL-BOM,EaseMyTrip,6E,6E-587,2026-09-04,T+7,5871,1289,7160,2026-08-28T02:17:15.725Z,FALSE,"",20:00,TRUE
fare_DEL-BOM_6E_2026-09-04_T+7_1787884760889_e0uh,DEL-BOM,EaseMyTrip,6E,6E-233,2026-09-04,T+7,5871,1289,7160,2026-08-28T02:17:15.725Z,FALSE,"",20:00,TRUE
fare_DEL-BOM_6E_2026-09-04_T+7_1787884760889_ggk3,DEL-BOM,EaseMyTrip,6E,6E-827,2026-09-04,T+7,5871,1289,7160,2026-08-28T02:17:15.725Z,FALSE,"",19:00,TRUE
fare_DEL-BOM_6E_2026-09-04_T+7_1787884760889_ab6j,DEL-BOM,EaseMyTrip,6E,6E-501,2026-09-04,T+7,5871,1289,7160,2026-08-28T02:17:15.725Z,FALSE,"",19:00,TRUE
fare_DEL-BOM_6E_2026-09-04_T+7_1787884760889_11db,DEL-BOM,EaseMyTrip,6E,6E-732,2026-09-04,T+7,5871,1289,7160,2026-08-28T02:17:15.725Z,FALSE,"",18:00,TRUE
fare_DEL-BOM_6E_2026-09-04_T+7_1787884760889_umdk,DEL-BOM,EaseMyTrip,6E,6E-991,2026-09-04,T+7,5871,1289,7160,2026-08-28T02:17:15.725Z,FALSE,"",18:00,TRUE
fare_DEL-BOM_6E_2026-09-04_T+7_1787884760889_anko,DEL-BOM,EaseMyTrip,6E,6E-407,2026-09-04,T+7,5871,1289,7160,2026-08-28T02:17:15.725Z,FALSE,"",20:45,TRUE
fare_DEL-BOM_6E_2026-09-04_T+7_1787884760889_ncu6,DEL-BOM,EaseMyTrip,6E,6E-824,2026-09-04,T+7,5871,1289,7160,2026-08-28T02:17:15.725Z,FALSE,"",20:45,TRUE
fare_DEL-BOM_AI_2026-09-04_T+7_1787884760889_jgxq,DEL-BOM,EaseMyTrip,AI,AI-2429,2026-09-04,T+7,6043,1326,7369,2026-08-28T02:17:15.725Z,FALSE,"",07:00,TRUE
fare_DEL-BOM_AI_2026-09-04_T+7_1787884760889_r5fq,DEL-BOM,EaseMyTrip,AI,AI-2943,2026-09-04,T+7,6043,1326,7369,2026-08-28T02:17:15.725Z,FALSE,"",07:30,TRUE
fare_DEL-BOM_AI_2026-09-04_T+7_1787884760889_xg0g,DEL-BOM,EaseMyTrip,AI,AI-441,2026-09-04,T+7,6043,1326,7369,2026-08-28T02:17:15.725Z,FALSE,"",17:00,TRUE
fare_DEL-BOM_AI_2026-09-04_T+7_1787884760889_l87q,DEL-BOM,EaseMyTrip,AI,AI-2433,2026-09-04,T+7,6043,1326,7369,2026-08-28T02:17:15.725Z,FALSE,"",21:30,TRUE
fare_DEL-BOM_AI_2026-09-04_T+7_1787884760889_bgcm,DEL-BOM,EaseMyTrip,AI,AI-2927,2026-09-04,T+7,6043,1326,7369,2026-08-28T02:17:15.725Z,FALSE,"",09:30,TRUE
fare_DEL-BOM_6E_2026-09-04_T+7_1787884760889_6kxa,DEL-BOM,EaseMyTrip,6E,6E-2571,2026-09-04,T+7,5935,1303,7238,2026-08-28T02:17:15.725Z,FALSE,"",12:30,FALSE
fare_DEL-BOM_6E_2026-09-04_T+7_1787884760889_wbek,DEL-BOM,EaseMyTrip,6E,6E-6050,2026-09-04,T+7,6066,1331,7397,2026-08-28T02:17:15.725Z,FALSE,"",08:15,FALSE
fare_DEL-BOM_AI_2026-09-04_T+7_1787884760889_l67h,DEL-BOM,EaseMyTrip,AI,AI-2678,2026-09-04,T+7,6257,1373,7630,2026-08-28T02:17:15.725Z,FALSE,"",08:30,TRUE
fare_DEL-BOM_AI_2026-09-04_T+7_1787884760889_s3yg,DEL-BOM,EaseMyTrip,AI,AI-2981,2026-09-04,T+7,6257,1373,7630,2026-08-28T02:17:15.725Z,FALSE,"",21:00,TRUE
fare_DEL-BOM_AI_2026-09-04_T+7_1787884760889_hk1h,DEL-BOM,EaseMyTrip,AI,AI-2957,2026-09-04,T+7,6257,1373,7630,2026-08-28T02:17:15.725Z,FALSE,"",20:30,TRUE
fare_DEL-BOM_6E_2026-09-04_T+7_1787884760889_pe03,DEL-BOM,EaseMyTrip,6E,6E-6212,2026-09-04,T+7,6173,1355,7528,2026-08-28T02:17:15.725Z,FALSE,"",14:45,FALSE
fare_DEL-BOM_6E_2026-09-04_T+7_1787884760889_hvw0,DEL-BOM,EaseMyTrip,6E,6E-7646,2026-09-04,T+7,6202,1362,7564,2026-08-28T02:17:15.725Z,FALSE,"",06:15,FALSE
fare_DEL-BOM_AI_2026-09-04_T+7_1787884760889_qzhx,DEL-BOM,EaseMyTrip,AI,AI-2985,2026-09-04,T+7,6467,1419,7886,2026-08-28T02:17:15.725Z,FALSE,"",19:30,TRUE
fare_DEL-BOM_6E_2026-09-04_T+7_1787884760889_sk5y,DEL-BOM,EaseMyTrip,6E,6E-6433,2026-09-04,T+7,6476,1422,7898,2026-08-28T02:17:15.725Z,FALSE,"",16:30,FALSE
fare_DEL-BOM_6E_2026-09-04_T+7_1787884760889_04p6,DEL-BOM,EaseMyTrip,6E,6E-6569,2026-09-04,T+7,6476,1422,7898,2026-08-28T02:17:15.725Z,FALSE,"",05:00,FALSE
fare_DEL-BOM_AI_2026-09-04_T+7_1787884760889_oli0,DEL-BOM,EaseMyTrip,AI,AI-2955,2026-09-04,T+7,6676,1466,8142,2026-08-28T02:17:15.725Z,FALSE,"",18:00,TRUE
fare_DEL-BOM_AI_2026-09-04_T+7_1787884760889_dmeo,DEL-BOM,EaseMyTrip,AI,AI-2977,2026-09-04,T+7,7302,1603,8905,2026-08-28T02:17:15.725Z,FALSE,"",19:00,TRUE
fare_DEL-BOM_6E_2026-09-04_T+7_1787884760889_qe6e,DEL-BOM,EaseMyTrip,6E,6E-2381,2026-09-04,T+7,7172,1574,8746,2026-08-28T02:17:15.725Z,FALSE,"",13:45,FALSE
fare_DEL-BOM_6E_2026-09-04_T+7_1787884760889_g58l,DEL-BOM,EaseMyTrip,6E,6E-514,2026-09-04,T+7,7237,1588,8825,2026-08-28T02:17:15.725Z,FALSE,"",19:30,FALSE
fare_DEL-BOM_6E_2026-09-04_T+7_1787884760889_96bx,DEL-BOM,EaseMyTrip,6E,6E-600,2026-09-04,T+7,7237,1588,8825,2026-08-28T02:17:15.725Z,FALSE,"",19:30,FALSE
fare_DEL-BOM_6E_2026-09-04_T+7_1787884760889_hty8,DEL-BOM,EaseMyTrip,6E,6E-2496,2026-09-04,T+7,7430,1631,9061,2026-08-28T02:17:15.725Z,FALSE,"",12:40,FALSE
fare_DEL-BOM_6E_2026-09-04_T+7_1787884760889_bx06,DEL-BOM,EaseMyTrip,6E,6E-6171,2026-09-04,T+7,7467,1639,9106,2026-08-28T02:17:15.725Z,FALSE,"",05:40,FALSE
fare_DEL-BOM_6E_2026-09-04_T+7_1787884760889_t3h5,DEL-BOM,EaseMyTrip,6E,6E-2349,2026-09-04,T+7,7526,1652,9178,2026-08-28T02:17:15.725Z,FALSE,"",10:55,FALSE
fare_DEL-BOM_IX_2026-09-04_T+7_1787884760889_uu2m,DEL-BOM,EaseMyTrip,IX,IX-1003,2026-09-04,T+7,8142,1787,9929,2026-08-28T02:17:15.725Z,FALSE,"",19:10,FALSE
fare_DEL-BOM_6E_2026-09-04_T+7_1787884760889_wqv6,DEL-BOM,EaseMyTrip,6E,6E-7642,2026-09-04,T+7,7788,1709,9497,2026-08-28T02:17:15.725Z,FALSE,"",15:45,FALSE
fare_DEL-BOM_AI_2026-09-04_T+7_1787884760889_njre,DEL-BOM,EaseMyTrip,AI,AI-2509,2026-09-04,T+7,8143,1788,9931,2026-08-28T02:17:15.725Z,FALSE,"",06:55,FALSE
fare_DEL-BOM_6E_2026-09-04_T+7_1787884760889_cq3b,DEL-BOM,EaseMyTrip,6E,6E-2341,2026-09-04,T+7,8094,1777,9871,2026-08-28T02:17:15.725Z,FALSE,"",14:50,FALSE
fare_DEL-BOM_AI_2026-09-04_T+7_1787884760889_6jhl,DEL-BOM,EaseMyTrip,AI,AI-1780,2026-09-04,T+7,8518,1870,10388,2026-08-28T02:17:15.725Z,FALSE,"",16:10,TRUE
fare_DEL-BOM_AI_2026-09-04_T+7_1787884760889_neyg,DEL-BOM,EaseMyTrip,AI,AI-2569,2026-09-04,T+7,8646,1898,10544,2026-08-28T02:17:15.725Z,FALSE,"",20:25,FALSE
fare_DEL-BOM_AI_2026-09-04_T+7_1787884760889_znmg,DEL-BOM,EaseMyTrip,AI,AI-1710,2026-09-04,T+7,8646,1898,10544,2026-08-28T02:17:15.725Z,FALSE,"",18:35,FALSE
fare_DEL-BOM_AI_2026-09-04_T+7_1787884760889_x6pw,DEL-BOM,EaseMyTrip,AI,AI-1717,2026-09-04,T+7,8777,1927,10704,2026-08-28T02:17:15.725Z,FALSE,"",14:20,FALSE
fare_DEL-BOM_6E_2026-09-04_T+7_1787884760889_fdet,DEL-BOM,EaseMyTrip,6E,6E-2249,2026-09-04,T+7,8690,1908,10598,2026-08-28T02:17:15.725Z,FALSE,"",15:00,FALSE
fare_DEL-BOM_IX_2026-09-04_T+7_1787884760889_irjd,DEL-BOM,EaseMyTrip,IX,IX-1165,2026-09-04,T+7,9104,1998,11102,2026-08-28T02:17:15.725Z,FALSE,"",05:45,FALSE
fare_DEL-BOM_6E_2026-09-04_T+7_1787884760889_v943,DEL-BOM,EaseMyTrip,6E,6E-2013,2026-09-04,T+7,8794,1930,10724,2026-08-28T02:17:15.725Z,FALSE,"",21:50,FALSE
fare_DEL-BOM_AI_2026-09-04_T+7_1787884760889_zsa0,DEL-BOM,EaseMyTrip,AI,AI-2761,2026-09-04,T+7,9043,1985,11028,2026-08-28T02:17:15.725Z,FALSE,"",16:25,FALSE
fare_DEL-BOM_IX_2026-09-04_T+7_1787884760889_5e5n,DEL-BOM,EaseMyTrip,IX,IX-1049,2026-09-04,T+7,9783,2147,11930,2026-08-28T02:17:15.725Z,FALSE,"",18:40,FALSE
fare_DEL-BOM_IX_2026-09-04_T+7_1787884760889_9bcy,DEL-BOM,EaseMyTrip,IX,IX-1273,2026-09-04,T+7,9578,2102,11680,2026-08-28T02:17:15.725Z,FALSE,"",12:20,FALSE
fare_DEL-BOM_AI_2026-09-04_T+7_1787884760889_vjia,DEL-BOM,EaseMyTrip,AI,AI-9757,2026-09-04,T+7,9551,2097,11648,2026-08-28T02:17:15.725Z,FALSE,"",11:50,FALSE
fare_DEL-BOM_AI_2026-09-04_T+7_1787884760889_l34p,DEL-BOM,EaseMyTrip,AI,AI-9447,2026-09-04,T+7,9551,2097,11648,2026-08-28T02:17:15.725Z,FALSE,"",23:25,FALSE
fare_DEL-BOM_AI_2026-09-04_T+7_1787884760889_9tp9,DEL-BOM,EaseMyTrip,AI,AI-1705,2026-09-04,T+7,9721,2134,11855,2026-08-28T02:17:15.725Z,FALSE,"",06:30,FALSE
fare_DEL-BOM_AI_2026-09-04_T+7_1787884760889_e8wn,DEL-BOM,EaseMyTrip,AI,AI-9674,2026-09-04,T+7,10452,2294,12746,2026-08-28T02:17:15.725Z,FALSE,"",16:40,FALSE
fare_DEL-BOM_AI_2026-09-04_T+7_1787884760889_ses9,DEL-BOM,EaseMyTrip,AI,AI-2715,2026-09-04,T+7,11186,2455,13641,2026-08-28T02:17:15.725Z,TRUE,"High outlier: ₹13641 > upper fence ₹13105 (Q3: ₹9160, IQR: ₹2630)",11:40,FALSE
fare_DEL-BOM_AI_2026-09-04_T+7_1787884760889_59bg,DEL-BOM,EaseMyTrip,AI,AI-2909,2026-09-04,T+7,11186,2455,13641,2026-08-28T02:17:15.725Z,TRUE,"High outlier: ₹13641 > upper fence ₹13105 (Q3: ₹9160, IQR: ₹2630)",22:30,FALSE
fare_DEL-BOM_AI_2026-09-04_T+7_1787884760889_i4es,DEL-BOM,EaseMyTrip,AI,AI-2545,2026-09-04,T+7,11186,2455,13641,2026-08-28T02:17:15.725Z,TRUE,"High outlier: ₹13641 > upper fence ₹13105 (Q3: ₹9160, IQR: ₹2630)",20:30,FALSE
fare_DEL-BOM_AI_2026-09-04_T+7_1787884760889_q1kr,DEL-BOM,EaseMyTrip,AI,AI-809,2026-09-04,T+7,11463,2516,13979,2026-08-28T02:17:15.725Z,TRUE,"High outlier: ₹13979 > upper fence ₹13105 (Q3: ₹9160, IQR: ₹2630)",17:40,FALSE
fare_DEL-BOM_IX_2026-09-04_T+7_1787884760889_0zsu,DEL-BOM,EaseMyTrip,IX,IX-1051,2026-09-04,T+7,11799,2590,14389,2026-08-28T02:17:15.725Z,TRUE,"High outlier: ₹14389 > upper fence ₹13105 (Q3: ₹9160, IQR: ₹2630)",19:05,FALSE
fare_DEL-BOM_QP_2026-09-04_T+7_1787884760889_l6vc,DEL-BOM,EaseMyTrip,QP,QP-1812,2026-09-04,T+7,11481,2520,14001,2026-08-28T02:17:15.725Z,TRUE,"High outlier: ₹14001 > upper fence ₹13105 (Q3: ₹9160, IQR: ₹2630)",22:55,FALSE
fare_DEL-BOM_IX_2026-09-04_T+7_1787884760889_daj4,DEL-BOM,EaseMyTrip,IX,IX-1068,2026-09-04,T+7,12335,2708,15043,2026-08-28T02:17:15.725Z,TRUE,"High outlier: ₹15043 > upper fence ₹13105 (Q3: ₹9160, IQR: ₹2630)",11:55,FALSE
fare_DEL-BOM_AI_2026-09-04_T+7_1787884760889_38vp,DEL-BOM,EaseMyTrip,AI,AI-9584,2026-09-04,T+7,12348,2711,15059,2026-08-28T02:17:15.725Z,TRUE,"High outlier: ₹15059 > upper fence ₹13105 (Q3: ₹9160, IQR: ₹2630)",11:15,FALSE
fare_DEL-BOM_QP_2026-09-04_T+7_1787884760889_jajc,DEL-BOM,EaseMyTrip,QP,QP-1815,2026-09-04,T+7,12662,2779,15441,2026-08-28T02:17:15.725Z,TRUE,"High outlier: ₹15441 > upper fence ₹13105 (Q3: ₹9160, IQR: ₹2630)",14:55,FALSE
fare_DEL-BOM_AI_2026-09-04_T+7_1787884760889_x5h1,DEL-BOM,EaseMyTrip,AI,AI-1743,2026-09-04,T+7,13065,2868,15933,2026-08-28T02:17:15.725Z,TRUE,"High outlier: ₹15933 > upper fence ₹13105 (Q3: ₹9160, IQR: ₹2630)",06:20,FALSE
fare_DEL-BOM_AI_2026-09-04_T+7_1787884760889_vkdd,DEL-BOM,EaseMyTrip,AI,AI-2601,2026-09-04,T+7,13065,2868,15933,2026-08-28T02:17:15.725Z,TRUE,"High outlier: ₹15933 > upper fence ₹13105 (Q3: ₹9160, IQR: ₹2630)",17:00,FALSE
fare_DEL-BOM_AI_2026-09-04_T+7_1787884760889_dovf,DEL-BOM,EaseMyTrip,AI,AI-2907,2026-09-04,T+7,14034,3081,17115,2026-08-28T02:17:15.725Z,TRUE,"High outlier: ₹17115 > upper fence ₹13105 (Q3: ₹9160, IQR: ₹2630)",12:00,FALSE
fare_DEL-BOM_AI_2026-09-04_T+7_1787884760889_n86y,DEL-BOM,EaseMyTrip,AI,AI-491,2026-09-04,T+7,14497,3182,17679,2026-08-28T02:17:15.725Z,TRUE,"High outlier: ₹17679 > upper fence ₹13105 (Q3: ₹9160, IQR: ₹2630)",11:15,FALSE
fare_DEL-BOM_AI_2026-09-04_T+7_1787884760889_dzro,DEL-BOM,EaseMyTrip,AI,AI-1773,2026-09-04,T+7,14497,3182,17679,2026-08-28T02:17:15.725Z,TRUE,"High outlier: ₹17679 > upper fence ₹13105 (Q3: ₹9160, IQR: ₹2630)",10:30,FALSE
fare_DEL-BOM_AI_2026-09-04_T+7_1787884760889_syez,DEL-BOM,EaseMyTrip,AI,AI-2465,2026-09-04,T+7,14880,3266,18146,2026-08-28T02:17:15.725Z,TRUE,"High outlier: ₹18146 > upper fence ₹13105 (Q3: ₹9160, IQR: ₹2630)",14:30,FALSE
fare_DEL-BOM_IX_2026-09-04_T+7_1787884760889_70mz,DEL-BOM,EaseMyTrip,IX,IX-1108,2026-09-04,T+7,16128,3540,19668,2026-08-28T02:17:15.725Z,TRUE,"High outlier: ₹19668 > upper fence ₹13105 (Q3: ₹9160, IQR: ₹2630)",05:00,FALSE
fare_DEL-BOM_AI_2026-09-04_T+7_1787884760889_dbjo,DEL-BOM,EaseMyTrip,AI,AI-427,2026-09-04,T+7,16370,3593,19963,2026-08-28T02:17:15.725Z,TRUE,"High outlier: ₹19963 > upper fence ₹13105 (Q3: ₹9160, IQR: ₹2630)",08:30,FALSE
fare_DEL-BOM_QP_2026-09-04_T+7_1787884760889_q12r,DEL-BOM,EaseMyTrip,QP,QP-1817,2026-09-04,T+7,16312,3581,19893,2026-08-28T02:17:15.725Z,TRUE,"High outlier: ₹19893 > upper fence ₹13105 (Q3: ₹9160, IQR: ₹2630)",10:30,FALSE
fare_DEL-BOM_AI_2026-09-04_T+7_1787884760889_rzp3,DEL-BOM,EaseMyTrip,AI,AI-1739,2026-09-04,T+7,17263,3790,21053,2026-08-28T02:17:15.725Z,TRUE,"High outlier: ₹21053 > upper fence ₹13105 (Q3: ₹9160, IQR: ₹2630)",11:30,FALSE
fare_DEL-BOM_IX_2026-09-04_T+7_1787884760889_adgq,DEL-BOM,EaseMyTrip,IX,IX-1811,2026-09-04,T+7,20552,4512,25064,2026-08-28T02:17:15.725Z,TRUE,"High outlier: ₹25064 > upper fence ₹13105 (Q3: ₹9160, IQR: ₹2630)",06:50,FALSE
fare_DEL-BOM_IX_2026-09-04_T+7_1787884760889_5k5g,DEL-BOM,EaseMyTrip,IX,IX-1812,2026-09-04,T+7,21143,4641,25784,2026-08-28T02:17:15.725Z,TRUE,"High outlier: ₹25784 > upper fence ₹13105 (Q3: ₹9160, IQR: ₹2630)",11:15,FALSE
fare_DEL-BOM_AI_2026-09-04_T+7_1787884760889_d30k,DEL-BOM,EaseMyTrip,AI,AI-1779,2026-09-04,T+7,21138,4640,25778,2026-08-28T02:17:15.725Z,TRUE,"High outlier: ₹25778 > upper fence ₹13105 (Q3: ₹9160, IQR: ₹2630)",13:50,FALSE
fare_DEL-BOM_AI_2026-09-04_T+7_1787884760889_bkix,DEL-BOM,EaseMyTrip,AI,AI-2525,2026-09-04,T+7,21537,4728,26265,2026-08-28T02:17:15.725Z,TRUE,"High outlier: ₹26265 > upper fence ₹13105 (Q3: ₹9160, IQR: ₹2630)",06:00,FALSE
fare_DEL-BOM_AI_2026-09-04_T+7_1787884760889_bfuf,DEL-BOM,EaseMyTrip,AI,AI-2627,2026-09-04,T+7,34897,7660,42557,2026-08-28T02:17:15.725Z,TRUE,"High outlier: ₹42557 > upper fence ₹13105 (Q3: ₹9160, IQR: ₹2630)",10:45,FALSE